Etef_Et_s9393-0.17-1.mrna1	1264	1435	DNA_methylase	PF00145.23	7.2e-18
Etef_Et_s9393-0.17-1.mrna1	1689	1860	DNA_methylase	PF00145.23	7.8e-18
Etef_Et_s9393-0.17-1.mrna1	1965	2392	DNA_methylase	PF00145.23	3.3e-48
Awhi_Unigene19954_Abeoforma_whisleri|m.13623	47	424	DNA_methylase	PF00145.23	1.1e-79
Jbah_JAKBA_06622.mRNA.1	70	401	DNA_methylase	PF00145.23	5.8e-79
Bnat_JGI_V11_42181	52	362	DNA_methylase	PF00145.23	6.6e-78
Pgem_Unigene15471_Pirum_gemmata|m.9846	1	309	DNA_methylase	PF00145.23	5.6e-77
Rglo_ORY23316.1	134	498	DNA_methylase	PF00145.23	3.7e-73
Cfra_CFRG5085T1	255	571	DNA_methylase	PF00145.23	2.9e-72
Mpus_XP_003061940.1	1	334	DNA_methylase	PF00145.23	6.5e-72
Sarc_XP_014148938.1	235	594	DNA_methylase	PF00145.23	1.4e-71
Symmic_OLQ08649.1	299	621	DNA_methylase	PF00145.23	2.6e-69
Toce_EJK71655.1	230	563	DNA_methylase	PF00145.23	4e-69
Bmin_symbB.v1.2.026475.t1|scaffold2649.1|size74057|7	917	1232	DNA_methylase	PF00145.23	1.3e-68
Symmic_OLQ09777.1	236	554	DNA_methylase	PF00145.23	1.1e-67
Bmin_symbB.v1.2.024985.t1|scaffold2394.1|size82379|1	64	361	DNA_methylase	PF00145.23	2.6e-66
Phatri_XP_002181544.1	142	447	DNA_methylase	PF00145.23	1.4e-63
Toce_EJK67164.1	276	501	DNA_methylase	PF00145.23	2e-51
Toce_EJK67164.1	511	584	DNA_methylase	PF00145.23	2.5e-11
Symmic_OLP86093.1	574	909	DNA_methylase	PF00145.23	3.2e-63
Bnat_JGI_V11_143942	25	194	DNA_methylase	PF00145.23	6.8e-51
Bnat_JGI_V11_143942	196	249	DNA_methylase	PF00145.23	5.3e-09
Rglo_ORY29878.1	66	213	DNA_methylase	PF00145.23	2.1e-44
Rglo_ORY29878.1	300	392	DNA_methylase	PF00145.23	6.1e-13
Toce_EJK71202.1	152	477	DNA_methylase	PF00145.23	5.4e-59
Smar_SMAR010552-PA	895	1183	DNA_methylase	PF00145.23	4.3e-39
Smar_SMAR010552-PA	1262	1350	DNA_methylase	PF00145.23	7.6e-16
Clux_KIK58230.1	556	1008	DNA_methylase	PF00145.23	4.1e-57
Ngru_XP_002682263.1	888	929	DNA_methylase	PF00145.23	7.3e-06
Ngru_XP_002682263.1	1022	1353	DNA_methylase	PF00145.23	6.7e-47
Dpte_XP_027200167.1	628	1058	DNA_methylase	PF00145.23	1.2e-56
Dsqu_XP_007361443.1	705	1176	DNA_methylase	PF00145.23	1.5e-55
Nvit_XP_008217946.1	926	1378	DNA_methylase	PF00145.23	1.5e-55
Cotglo_XP_044595118.1	796	1236	DNA_methylase	PF00145.23	1e-55
Elat_EMR62434.1	22	382	DNA_methylase	PF00145.23	1.5e-55
Pgig_KIP08767.1	843	1327	DNA_methylase	PF00145.23	1.2e-54
Isca_XP_040069937.1	923	1364	DNA_methylase	PF00145.23	3.1e-55
Pigchi_Pchi_g967	4	300	DNA_methylase	PF00145.23	4.2e-54
Hvul_XP_065647414.1	869	1319	DNA_methylase	PF00145.23	1.6e-54
Ehux_XP_005779685.1	1	163	DNA_methylase	PF00145.23	7e-56
Gmar_KAF0455115.1	19	324	DNA_methylase	PF00145.23	1.9e-54
Fcyl_OEU18502.1	127	462	DNA_methylase	PF00145.23	3.4e-55
Copflo_XP_014214363.1	880	1330	DNA_methylase	PF00145.23	1.3e-54
Copflo_XP_014214364.1	880	1330	DNA_methylase	PF00145.23	1.3e-54
Clux_KIK61812.1	548	1008	DNA_methylase	PF00145.23	1.4e-54
Rvin_OAX44589.1	788	1237	DNA_methylase	PF00145.23	1.7e-54
Tcoc_OSD08481.1	589	1063	DNA_methylase	PF00145.23	1.4e-53
Sste_KIJ27818.1	295	767	DNA_methylase	PF00145.23	1.4e-54
Aque_XP_011402705.2	989	1440	DNA_methylase	PF00145.23	9.3e-54
Aque_XP_019849850.1	988	1439	DNA_methylase	PF00145.23	9.3e-54
Bimp_XP_003493144.1	895	1347	DNA_methylase	PF00145.23	7.8e-53
Bimp_XP_012246571.1	895	1347	DNA_methylase	PF00145.23	7.8e-53
Bimp_XP_012246572.1	895	1347	DNA_methylase	PF00145.23	7.8e-53
Bimp_XP_012246573.1	895	1347	DNA_methylase	PF00145.23	7.8e-53
Ptep_XP_042895521.1	932	1385	DNA_methylase	PF00145.23	8.5e-53
Apimel_NP_001164522.1	896	1347	DNA_methylase	PF00145.23	5.6e-53
Apla_XP_022094612.1	1098	1551	DNA_methylase	PF00145.23	4e-54
Ador_XP_006612375.1	898	1349	DNA_methylase	PF00145.23	6.5e-53
Alyr_XP_002868317.1	1066	1115	DNA_methylase	PF00145.23	7.2e-08
Alyr_XP_002868317.1	1150	1493	DNA_methylase	PF00145.23	3.1e-44
Nlep_KZT27307.1	751	1219	DNA_methylase	PF00145.23	1.3e-53
Sste_KIJ35708.1	738	1210	DNA_methylase	PF00145.23	5.9e-54
Aflo_XP_031771714.1	898	1349	DNA_methylase	PF00145.23	1.3e-52
Nvec_XP_048587104.1	1094	1547	DNA_methylase	PF00145.23	1e-52
Sdum_XP_035218717.1	955	1407	DNA_methylase	PF00145.23	8.5e-54
Alyr_XP_020872430.1	1014	1062	DNA_methylase	PF00145.23	6e-08
Alyr_XP_020872430.1	1113	1443	DNA_methylase	PF00145.23	1e-43
Ppol_XP_037079527.1	82	534	DNA_methylase	PF00145.23	2.4e-53
Nvit_NP_001164521.1	881	1332	DNA_methylase	PF00145.23	1.1e-53
Nvit_XP_008212391.1	881	1332	DNA_methylase	PF00145.23	1.1e-53
Lram_CDS10745.1	443	887	DNA_methylase	PF00145.23	6.3e-53
Sgla_L893_g18878.t1	65	296	DNA_methylase	PF00145.23	4.3e-54
Csat_XP_010445976.1	101	150	DNA_methylase	PF00145.23	1.7e-07
Csat_XP_010445976.1	183	528	DNA_methylase	PF00145.23	2.3e-44
Parc_TFK94818.1	727	1210	DNA_methylase	PF00145.23	5.4e-52
Bimp_XP_012246575.1	806	1258	DNA_methylase	PF00145.23	6.8e-53
Pgem_Unigene20859_Pirum_gemmata|m.13607	1	197	DNA_methylase	PF00145.23	4e-54
Jarg_KDQ61172.1	768	1237	DNA_methylase	PF00145.23	1.8e-53
Dnov_XP_015436503.1	911	1363	DNA_methylase	PF00145.23	1.4e-53
Ofus_CAH1785658.1	1082	1534	DNA_methylase	PF00145.23	9e-52
Atha_NP_192638.1	1072	1121	DNA_methylase	PF00145.23	3e-07
Atha_NP_192638.1	1156	1499	DNA_methylase	PF00145.23	6.8e-44
Bmor_NP_001036980.1	947	1400	DNA_methylase	PF00145.23	2.3e-52
Bmor_XP_037868181.1	940	1393	DNA_methylase	PF00145.23	2.3e-52
Pfun_PRP80891.1	164	216	DNA_methylase	PF00145.23	3.2e-09
Pfun_PRP80891.1	452	706	DNA_methylase	PF00145.23	1.1e-41
Pmul_VEU34785.1	230	591	DNA_methylase	PF00145.23	9e-52
Ahal_CAL9225262.1	1069	1118	DNA_methylase	PF00145.23	4.2e-07
Ahal_CAL9225262.1	1154	1496	DNA_methylase	PF00145.23	4.2e-44
Mrot_XP_012137658.1	892	1344	DNA_methylase	PF00145.23	2.3e-52
Bmor_XP_012550860.1	935	1388	DNA_methylase	PF00145.23	2.3e-52
Apimel_XP_026298868.1	611	1062	DNA_methylase	PF00145.23	3.4e-53
Apimel_XP_006569703.2	635	1086	DNA_methylase	PF00145.23	3.6e-53
Lbru_RDX56375.1	727	1210	DNA_methylase	PF00145.23	1.5e-51
Ador_XP_006612376.1	636	1087	DNA_methylase	PF00145.23	4.1e-53
Phum_XP_002431878.1	873	1325	DNA_methylase	PF00145.23	1.6e-53
Atha_NP_001331134.1	1006	1055	DNA_methylase	PF00145.23	4.4e-07
Atha_NP_001331134.1	1087	1433	DNA_methylase	PF00145.23	3e-44
Cvir_XP_022322197.1	1038	1490	DNA_methylase	PF00145.23	8.2e-52
Atha_NP_199727.1	1094	1143	DNA_methylase	PF00145.23	4.7e-07
Atha_NP_199727.1	1175	1521	DNA_methylase	PF00145.23	3.4e-44
Hrob_XP_009029810.1	941	1399	DNA_methylase	PF00145.23	2.2e-52
Bgla_XP_055897416.1	1097	1550	DNA_methylase	PF00145.23	1.2e-51
Bgla_XP_055897415.1	1109	1562	DNA_methylase	PF00145.23	1.2e-51
Pcar_XP_007395604.1	732	1212	DNA_methylase	PF00145.23	3.6e-51
Csat_XP_010472460.1	1058	1107	DNA_methylase	PF00145.23	2.9e-07
Csat_XP_010472460.1	1141	1486	DNA_methylase	PF00145.23	1e-43
Atha_NP_001319931.1	1079	1128	DNA_methylase	PF00145.23	4.2e-07
Atha_NP_001319931.1	1163	1506	DNA_methylase	PF00145.23	8.6e-44
Atha_NP_193150.1	1079	1128	DNA_methylase	PF00145.23	4.2e-07
Atha_NP_193150.1	1163	1506	DNA_methylase	PF00145.23	8.6e-44
Slut_KIK44570.1	767	1242	DNA_methylase	PF00145.23	1.1e-52
Ptep_XP_071039220.1	857	1310	DNA_methylase	PF00145.23	7.6e-53
Aalp_KFK37543.1	1098	1147	DNA_methylase	PF00145.23	1.4e-07
Aalp_KFK37543.1	1182	1525	DNA_methylase	PF00145.23	3e-43
Dple_XP_061383762.1	967	1420	DNA_methylase	PF00145.23	1.2e-51
Bman_XP_028028062.1	947	1400	DNA_methylase	PF00145.23	4.1e-52
Patmin_XP_038063478.1	1103	1556	DNA_methylase	PF00145.23	1.7e-52
Hirr_XP_009542885.1	819	1261	DNA_methylase	PF00145.23	3.6e-47
Lsal_XP_040567550.1	768	1217	DNA_methylase	PF00145.23	1e-52
Ctel_ELT93682.1	802	1255	DNA_methylase	PF00145.23	9.4e-53
Esal_XP_006395090.1	1083	1128	DNA_methylase	PF00145.23	9.2e-07
Esal_XP_006395090.1	1166	1510	DNA_methylase	PF00145.23	4.9e-44
Tver_XP_008036653.1	594	1074	DNA_methylase	PF00145.23	2.3e-51
Hsul_TFK54606.1	732	1202	DNA_methylase	PF00145.23	2.3e-52
Ctob_KOO21508.1	44	233	DNA_methylase	PF00145.23	4e-53
Twil_T_wilhelma_c32606_g1_i1|m.49007	912	1365	DNA_methylase	PF00145.23	1.2e-52
Csat_XP_010429429.1	1064	1113	DNA_methylase	PF00145.23	6.9e-07
Csat_XP_010429429.1	1147	1492	DNA_methylase	PF00145.23	1e-43
Csat_XP_019085278.1	1064	1113	DNA_methylase	PF00145.23	6.9e-07
Csat_XP_019085278.1	1147	1492	DNA_methylase	PF00145.23	1e-43
Ppol_XP_037079530.1	598	1050	DNA_methylase	PF00145.23	2.3e-52
Astrub_XP_033643514.1	1100	1553	DNA_methylase	PF00145.23	2.6e-52
Sinv_XP_025996918.1	859	1312	DNA_methylase	PF00145.23	7.9e-53
Hpin_KIJ69113.1	805	1283	DNA_methylase	PF00145.23	5.8e-51
Hame_XP_042220441.1	797	1248	DNA_methylase	PF00145.23	1.6e-51
Atha_NP_193097.1	970	1018	DNA_methylase	PF00145.23	5.7e-08
Atha_NP_193097.1	1064	1396	DNA_methylase	PF00145.23	1.5e-42
Emex_XP_017756525.1	899	1351	DNA_methylase	PF00145.23	3.8e-53
Chem_XP_066933839.1	917	1368	DNA_methylase	PF00145.23	4.3e-53
Ppol_XP_037079526.1	942	1394	DNA_methylase	PF00145.23	3.3e-52
Csat_XP_010417708.1	1099	1144	DNA_methylase	PF00145.23	1.2e-06
Csat_XP_010417708.1	1184	1526	DNA_methylase	PF00145.23	6.4e-44
Tpre_XP_014233345.1	874	1326	DNA_methylase	PF00145.23	1.8e-52
Csat_XP_010429957.1	1098	1523	DNA_methylase	PF00145.23	7.4e-51
Aamp_XP_043229878.1	925	1378	DNA_methylase	PF00145.23	2.5e-52
Aamp_XP_043229879.1	925	1378	DNA_methylase	PF00145.23	2.5e-52
Aamp_XP_043229880.1	925	1378	DNA_methylase	PF00145.23	2.5e-52
Ecur_TVU51623.1	772	821	DNA_methylase	PF00145.23	5.4e-06
Ecur_TVU51623.1	862	1199	DNA_methylase	PF00145.23	8.8e-42
Bter_XP_048260468.1	895	1347	DNA_methylase	PF00145.23	1.9e-51
Bter_XP_048260469.1	895	1347	DNA_methylase	PF00145.23	1.9e-51
Bter_XP_048260470.1	895	1347	DNA_methylase	PF00145.23	1.9e-51
Bter_XP_048260472.1	895	1347	DNA_methylase	PF00145.23	1.9e-51
Bter_XP_048260473.1	895	1347	DNA_methylase	PF00145.23	1.9e-51
Pcla_XP_069181970.1	1092	1544	DNA_methylase	PF00145.23	2.8e-52
Pcla_XP_069181971.1	1091	1543	DNA_methylase	PF00145.23	2.8e-52
Emue_Em0016g1020a	656	1109	DNA_methylase	PF00145.23	1.2e-51
Liccor_CDH52856.1	439	879	DNA_methylase	PF00145.23	4.4e-51
Hame_XP_042220440.1	1067	1518	DNA_methylase	PF00145.23	2.3e-51
Dappul_XP_046639978.1	927	1379	DNA_methylase	PF00145.23	1e-52
Pcla_XP_045621604.2	1092	1544	DNA_methylase	PF00145.23	2.9e-52
Pcla_XP_045621605.2	1091	1543	DNA_methylase	PF00145.23	2.9e-52
Ador_XP_006613898.1	972	1423	DNA_methylase	PF00145.23	9.3e-51
Csat_XP_010440260.1	1092	1141	DNA_methylase	PF00145.23	5.8e-07
Csat_XP_010440260.1	1173	1519	DNA_methylase	PF00145.23	2.4e-43
Dpul_XP_046440144.1	927	1379	DNA_methylase	PF00145.23	1.4e-52
Cscu_XP_023241204.1	1065	1517	DNA_methylase	PF00145.23	1.6e-50
Sinv_XP_025996917.1	925	1378	DNA_methylase	PF00145.23	8.6e-53
Phum_XP_002432160.1	699	1147	DNA_methylase	PF00145.23	5.8e-52
Sinv_XP_025996916.1	925	1378	DNA_methylase	PF00145.23	8.7e-53
Phachr_AGR57_816T0-p1	215	694	DNA_methylase	PF00145.23	1.3e-50
Csat_XP_010442374.1	1098	1147	DNA_methylase	PF00145.23	5.8e-07
Csat_XP_010442374.1	1180	1525	DNA_methylase	PF00145.23	2.9e-43
Etef_Et_s11014-0.17-1.mrna1	1301	1642	DNA_methylase	PF00145.23	3.7e-40
Shar_XP_031803351.1	879	1331	DNA_methylase	PF00145.23	1.1e-51
Bole_XP_013604728.1	1087	1136	DNA_methylase	PF00145.23	7e-07
Bole_XP_013604728.1	1168	1514	DNA_methylase	PF00145.23	2.5e-43
Apsy_KZP21168.1	795	1270	DNA_methylase	PF00145.23	7.3e-52
Bnap_XP_013711672.1	1087	1136	DNA_methylase	PF00145.23	7.2e-07
Bnap_XP_013711672.1	1168	1514	DNA_methylase	PF00145.23	2.5e-43
Csat_XP_010435242.1	1036	1462	DNA_methylase	PF00145.23	1.7e-50
Smar_SMAR010448-PA	579	1030	DNA_methylase	PF00145.23	2.2e-51
Amil_XP_029197815.2	1107	1560	DNA_methylase	PF00145.23	4.9e-51
Mesc_XP_021633196.1	1128	1173	DNA_methylase	PF00145.23	2.6e-05
Mesc_XP_021633196.1	1215	1555	DNA_methylase	PF00145.23	1.1e-44
Lpol_XP_022248469.1	1017	1469	DNA_methylase	PF00145.23	2.8e-51
Smar_SMAR010448-PB	729	1180	DNA_methylase	PF00145.23	3e-51
Alyr_XP_002863965.1	1092	1141	DNA_methylase	PF00145.23	1e-06
Alyr_XP_002863965.1	1176	1519	DNA_methylase	PF00145.23	2.3e-43
Csat_XP_010482195.1	1099	1148	DNA_methylase	PF00145.23	5.8e-07
Csat_XP_010482195.1	1181	1526	DNA_methylase	PF00145.23	4.1e-43
Csat_XP_010450186.1	1036	1080	DNA_methylase	PF00145.23	8.6e-08
Csat_XP_010450186.1	1116	1463	DNA_methylase	PF00145.23	3e-42
Fcan_XP_021946325.1	4	366	DNA_methylase	PF00145.23	2.2e-52
Oabi_XP_023289399.1	994	1446	DNA_methylase	PF00145.23	7.7e-52
Oabi_XP_023289400.1	994	1446	DNA_methylase	PF00145.23	7.7e-52
Pcar_XP_007395598.1	861	1081	DNA_methylase	PF00145.23	9.2e-37
Pcar_XP_007395598.1	1249	1349	DNA_methylase	PF00145.23	7.8e-13
Egla_KZV85537.1	543	973	DNA_methylase	PF00145.23	7.5e-52
Scri_XP_027612807.1	781	1002	DNA_methylase	PF00145.23	7.4e-35
Scri_XP_027612807.1	1179	1256	DNA_methylase	PF00145.23	3.8e-14
Plat_XP_014876230.1	1025	1479	DNA_methylase	PF00145.23	1.7e-51
Pmex_XP_014838890.1	1025	1479	DNA_methylase	PF00145.23	1.7e-51
Plat_XP_014876222.1	1030	1484	DNA_methylase	PF00145.23	1.7e-51
Pmex_XP_014838889.1	1030	1484	DNA_methylase	PF00145.23	1.7e-51
Poptri_XP_024446256.1	1117	1159	DNA_methylase	PF00145.23	5.3e-05
Poptri_XP_024446256.1	1203	1544	DNA_methylase	PF00145.23	1.1e-44
Poptri_XP_024446254.1	1139	1181	DNA_methylase	PF00145.23	5.4e-05
Poptri_XP_024446254.1	1225	1566	DNA_methylase	PF00145.23	1.2e-44
Poptri_XP_024446257.1	1116	1158	DNA_methylase	PF00145.23	5.3e-05
Poptri_XP_024446257.1	1202	1543	DNA_methylase	PF00145.23	1.1e-44
Poptri_XP_024446255.1	1138	1180	DNA_methylase	PF00145.23	5.4e-05
Poptri_XP_024446255.1	1224	1565	DNA_methylase	PF00145.23	1.2e-44
Rsan_XP_037513868.1	898	1350	DNA_methylase	PF00145.23	1.1e-51
Mgig_XP_034303442.2	1037	1489	DNA_methylase	PF00145.23	8.6e-52
Clum_XP_034395266.1	1022	1476	DNA_methylase	PF00145.23	2.5e-51
Blan_XP_066287027.1	1048	1501	DNA_methylase	PF00145.23	2.3e-51
Cvar_XP_015227581.1	1023	1477	DNA_methylase	PF00145.23	1.1e-51
Ahal_CAL9242785.1	1098	1147	DNA_methylase	PF00145.23	1e-06
Ahal_CAL9242785.1	1183	1525	DNA_methylase	PF00145.23	4.6e-43
Oeur_XP_022863316.1	1124	1169	DNA_methylase	PF00145.23	6.5e-06
Oeur_XP_022863316.1	1210	1551	DNA_methylase	PF00145.23	1.1e-43
Mrot_XP_003706944.2	1339	1790	DNA_methylase	PF00145.23	1.2e-50
Mrot_XP_012148756.1	1339	1790	DNA_methylase	PF00145.23	1.2e-50
Mrot_XP_012148757.1	1339	1790	DNA_methylase	PF00145.23	1.2e-50
Emex_XP_017766223.1	973	1425	DNA_methylase	PF00145.23	3.2e-50
Bnap_XP_013666855.2	1089	1138	DNA_methylase	PF00145.23	7e-07
Bnap_XP_013666855.2	1170	1516	DNA_methylase	PF00145.23	6.4e-43
Bnap_XP_048597460.1	1089	1138	DNA_methylase	PF00145.23	7e-07
Bnap_XP_048597460.1	1170	1516	DNA_methylase	PF00145.23	6.4e-43
Pfor_XP_007560440.1	1025	1479	DNA_methylase	PF00145.23	1.7e-51
Bter_XP_048260474.1	806	1258	DNA_methylase	PF00145.23	1.6e-51
Poptri_XP_024448091.1	1117	1159	DNA_methylase	PF00145.23	5.3e-05
Poptri_XP_024448091.1	1207	1544	DNA_methylase	PF00145.23	1.5e-44
Pfor_XP_016531021.1	1030	1484	DNA_methylase	PF00145.23	1.7e-51
Poptri_XP_024448092.1	1116	1158	DNA_methylase	PF00145.23	5.3e-05
Poptri_XP_024448092.1	1206	1543	DNA_methylase	PF00145.23	1.5e-44
Brap_XP_009117317.1	1089	1138	DNA_methylase	PF00145.23	7e-07
Brap_XP_009117317.1	1170	1516	DNA_methylase	PF00145.23	6.4e-43
Poptri_XP_024448089.1	1139	1181	DNA_methylase	PF00145.23	5.4e-05
Poptri_XP_024448089.1	1229	1566	DNA_methylase	PF00145.23	1.5e-44
Poptri_XP_024448090.1	1138	1180	DNA_methylase	PF00145.23	5.4e-05
Poptri_XP_024448090.1	1228	1565	DNA_methylase	PF00145.23	1.5e-44
Edia_XP_020905332.2	1067	1519	DNA_methylase	PF00145.23	4.1e-50
Gsub_EMD38163.1	581	1061	DNA_methylase	PF00145.23	4.4e-50
Ofav_XP_020612302.1	1120	1572	DNA_methylase	PF00145.23	4.8e-51
Anochr_ACHR001462-PA	12	339	DNA_methylase	PF00145.23	4.4e-52
Pcau_XP_014661569.1	1069	1522	DNA_methylase	PF00145.23	3.5e-51
Enau_XP_029363546.1	1025	1479	DNA_methylase	PF00145.23	2.2e-51
Fhet_XP_012734042.2	1026	1480	DNA_methylase	PF00145.23	1.4e-51
Spis_XP_022779249.1	1125	1578	DNA_methylase	PF00145.23	8.7e-51
Sorb_XP_029997241.1	1022	1476	DNA_methylase	PF00145.23	2.6e-51
Bole_XP_013594964.1	682	727	DNA_methylase	PF00145.23	2e-06
Bole_XP_013594964.1	769	1112	DNA_methylase	PF00145.23	4.6e-43
Sorb_XP_029997239.1	1027	1481	DNA_methylase	PF00145.23	2.6e-51
Sorb_XP_029997238.1	1027	1481	DNA_methylase	PF00145.23	2.6e-51
Pgig_KIP09557.1	584	798	DNA_methylase	PF00145.23	2.7e-36
Pgig_KIP09557.1	976	1071	DNA_methylase	PF00145.23	1.6e-12
Amac_KNE66647.1	524	1053	DNA_methylase	PF00145.23	4.3e-48
Sorb_XP_029997240.1	1025	1479	DNA_methylase	PF00145.23	2.6e-51
Gaff_XP_043955524.1	1025	1479	DNA_methylase	PF00145.23	3.1e-51
Dsil_XP_037560332.1	895	1347	DNA_methylase	PF00145.23	7.2e-51
Enau_XP_029363547.1	1028	1482	DNA_methylase	PF00145.23	2.2e-51
Marm_XP_026180086.1	1028	1481	DNA_methylase	PF00145.23	1.4e-51
Dsil_XP_037560347.1	896	1348	DNA_methylase	PF00145.23	6.1e-51
Ates_XP_026214203.1	1030	1484	DNA_methylase	PF00145.23	2.4e-51
Serdum_XP_022595164.1	1030	1484	DNA_methylase	PF00145.23	3.3e-51
Xmac_XP_005812842.1	1025	1479	DNA_methylase	PF00145.23	4.3e-51
Bjun_cds.BjuB01g33550S	1415	1464	DNA_methylase	PF00145.23	3.1e-07
Bjun_cds.BjuB01g33550S	1498	1842	DNA_methylase	PF00145.23	7.4e-42
Xmac_XP_023205183.1	1030	1484	DNA_methylase	PF00145.23	4.3e-51
Slal_XP_023269586.1	1030	1484	DNA_methylase	PF00145.23	3.3e-51
Galmar_KDR81704.1	828	1310	DNA_methylase	PF00145.23	9.4e-51
Xcou_XP_027897879.1	1025	1479	DNA_methylase	PF00145.23	4.3e-51
Mcal_MALCA_02522.mRNA.1	35	318	DNA_methylase	PF00145.23	1.9e-50
Tricas_XP_008193458.1	757	1200	DNA_methylase	PF00145.23	2e-51
Xcou_XP_027897878.1	1030	1484	DNA_methylase	PF00145.23	4.3e-51
Phachr_AGR57_826T0-p1	646	1134	DNA_methylase	PF00145.23	4.2e-50
Dgig_XP_028404797.1	923	1376	DNA_methylase	PF00145.23	3.8e-51
Pchi_XP_047477272.1	1068	1520	DNA_methylase	PF00145.23	6.8e-50
Dsil_XP_037560333.1	894	1346	DNA_methylase	PF00145.23	8.4e-51
Spar_KLO19271.1	645	1126	DNA_methylase	PF00145.23	4.7e-51
Sfor_XP_018610332.1	1030	1483	DNA_methylase	PF00145.23	2.2e-51
Lcal_XP_018560585.1	1028	1482	DNA_methylase	PF00145.23	3.3e-51
Sfor_XP_018610331.1	1032	1485	DNA_methylase	PF00145.23	2.2e-51
Oeur_XP_022868692.1	1112	1157	DNA_methylase	PF00145.23	6.4e-06
Oeur_XP_022868692.1	1198	1539	DNA_methylase	PF00145.23	1.6e-43
Sfor_XP_018610330.1	1035	1488	DNA_methylase	PF00145.23	2.2e-51
Sfor_XP_018610329.1	1037	1490	DNA_methylase	PF00145.23	2.2e-51
Bjun_cds.BjuB02g59510S	643	688	DNA_methylase	PF00145.23	1.4e-06
Bjun_cds.BjuB02g59510S	725	1070	DNA_methylase	PF00145.23	9.4e-43
Pret_XP_008414239.1	1025	1479	DNA_methylase	PF00145.23	6.1e-51
Hlab_XP_017789935.1	892	1332	DNA_methylase	PF00145.23	5.3e-51
Pret_XP_008414238.1	1030	1484	DNA_methylase	PF00145.23	6.1e-51
Dmag_XP_032788078.2	919	1371	DNA_methylase	PF00145.23	1.7e-51
Dmag_XP_045030824.1	919	1371	DNA_methylase	PF00145.23	1.7e-51
Dmag_XP_045030825.1	919	1371	DNA_methylase	PF00145.23	1.7e-51
Gand_KAE9409786.1	578	1037	DNA_methylase	PF00145.23	3e-51
Rhimic_XP_037279276.1	821	1274	DNA_methylase	PF00145.23	6.4e-51
Dsil_XP_049516525.1	810	1262	DNA_methylase	PF00145.23	1.5e-50
Dlab_XP_051243456.1	1027	1481	DNA_methylase	PF00145.23	5e-51
Dlab_XP_051243455.1	1029	1483	DNA_methylase	PF00145.23	5e-51
Mpha_XP_036146120.1	924	1376	DNA_methylase	PF00145.23	8.4e-52
Mpha_XP_036146121.1	924	1376	DNA_methylase	PF00145.23	8.4e-52
Mpha_XP_036146122.1	924	1376	DNA_methylase	PF00145.23	8.4e-52
Dlab_XP_051243454.1	1032	1486	DNA_methylase	PF00145.23	5e-51
Annjap_XP_033101092.1	871	1325	DNA_methylase	PF00145.23	2.6e-51
Skow_XP_006821782.1	476	929	DNA_methylase	PF00145.23	5.7e-51
Mmer_XP_053380129.1	926	1362	DNA_methylase	PF00145.23	1.6e-50
Iper_KAG0418727.1	868	1320	DNA_methylase	PF00145.23	1.4e-50
Hlab_XP_017792154.1	979	1430	DNA_methylase	PF00145.23	2.6e-50
Aque_XP_019859084.1	809	1267	DNA_methylase	PF00145.23	6.1e-51
Cflo_XP_025263173.1	925	1377	DNA_methylase	PF00145.23	1e-51
Dgig_XP_028404799.1	884	1337	DNA_methylase	PF00145.23	3.6e-51
Cflo_XP_025263172.1	957	1409	DNA_methylase	PF00145.23	1.1e-51
Spur_XP_030853615.1	1138	1590	DNA_methylase	PF00145.23	1.5e-51
Dgyr_CAD5114719.1	749	1202	DNA_methylase	PF00145.23	2.8e-50
Isca_XP_029831274.2	903	1355	DNA_methylase	PF00145.23	1.5e-50
Omel_XP_024128158.1	1014	1468	DNA_methylase	PF00145.23	3.8e-51
Omel_XP_036069106.1	1014	1468	DNA_methylase	PF00145.23	3.8e-51
Hmia_HMIM014985-PA	733	1180	DNA_methylase	PF00145.23	2.2e-51
Ojav_RVE69707.1	1037	1491	DNA_methylase	PF00145.23	3.9e-51
Bspl_XP_029014236.1	1027	1481	DNA_methylase	PF00145.23	2.6e-50
Bspl_XP_029014235.1	1032	1486	DNA_methylase	PF00145.23	2.6e-50
Olat_XP_023813245.1	1013	1467	DNA_methylase	PF00145.23	5.4e-51
Olat_XP_023813244.1	1018	1472	DNA_methylase	PF00145.23	5.4e-51
Hann_XP_021994421.1	1226	1572	DNA_methylase	PF00145.23	1.7e-44
Pjap_XP_042878578.1	1071	1523	DNA_methylase	PF00145.23	6.8e-50
Lcro_XP_019108403.1	1029	1482	DNA_methylase	PF00145.23	8.2e-51
Onil_XP_003442135.2	1027	1480	DNA_methylase	PF00145.23	1e-50
Oaur_XP_039466514.1	1026	1479	DNA_methylase	PF00145.23	1e-50
Pvam_XP_039729184.1	1016	1469	DNA_methylase	PF00145.23	6.6e-50
Pvam_XP_039729183.1	1137	1590	DNA_methylase	PF00145.23	7.7e-50
Onil_XP_025762112.1	1032	1485	DNA_methylase	PF00145.23	1e-50
Lvar_XP_041481528.1	1130	1582	DNA_methylase	PF00145.23	1.1e-50
Dnox_XP_015378402.1	85	541	DNA_methylase	PF00145.23	8.6e-51
Gaeg_XP_041379106.1	480	931	DNA_methylase	PF00145.23	4.6e-50
Lhum_XP_067208134.1	931	1382	DNA_methylase	PF00145.23	1.8e-51
Pvan_XP_027222128.2	1067	1519	DNA_methylase	PF00145.23	1.4e-49
Scil_XP_065183686.1	1058	1509	DNA_methylase	PF00145.23	5.9e-51
Rchi_XP_024179687.1	1128	1555	DNA_methylase	PF00145.23	1.4e-49
Pran_XP_028267901.1	1025	1479	DNA_methylase	PF00145.23	6.7e-51
Nfur_XP_015803995.3	1026	1480	DNA_methylase	PF00145.23	5.6e-51
Rmel_TDL25000.1	743	1212	DNA_methylase	PF00145.23	1.3e-50
Nfur_XP_015803994.3	1031	1485	DNA_methylase	PF00145.23	5.6e-51
Lhum_XP_012216593.2	923	1374	DNA_methylase	PF00145.23	1.8e-51
Takrub_XP_011602391.2	1015	1469	DNA_methylase	PF00145.23	1.5e-50
Takrub_XP_029692457.1	1020	1474	DNA_methylase	PF00145.23	1.6e-50
Aplcal_XP_005095277.1	1075	1528	DNA_methylase	PF00145.23	2.1e-51
Dnov_XP_015431301.1	971	1422	DNA_methylase	PF00145.23	5.7e-51
Pmon_XP_037783824.1	1068	1520	DNA_methylase	PF00145.23	1.2e-49
Krymar_NP_001316298.1	1030	1484	DNA_methylase	PF00145.23	5.8e-51
Aplcal_XP_012936221.1	1162	1615	DNA_methylase	PF00145.23	2.3e-51
Cucmel_XP_008464733.1	1192	1536	DNA_methylase	PF00145.23	1.1e-43
Cucmel_XP_008464734.1	1192	1536	DNA_methylase	PF00145.23	1.1e-43
Aplcal_XP_005095276.1	1174	1627	DNA_methylase	PF00145.23	2.3e-51
Myrmur_XP_029913736.1	1028	1482	DNA_methylase	PF00145.23	1e-50
Krymar_XP_037834421.1	973	1427	DNA_methylase	PF00145.23	5.4e-51
Hann_XP_022035642.1	1221	1567	DNA_methylase	PF00145.23	8.2e-44
Saur_XP_030263031.1	1030	1484	DNA_methylase	PF00145.23	1.2e-50
Saur_XP_030263030.1	1035	1489	DNA_methylase	PF00145.23	1.2e-50
Gtra_XP_007863211.1	590	1062	DNA_methylase	PF00145.23	2.6e-50
Dnox_XP_015379339.1	777	1232	DNA_methylase	PF00145.23	5.7e-51
Astcal_XP_026020385.1	1024	1477	DNA_methylase	PF00145.23	2.4e-50
Nbri_XP_006798181.1	1025	1478	DNA_methylase	PF00145.23	2.5e-50
Hapbur_XP_005939959.1	1024	1477	DNA_methylase	PF00145.23	2.5e-50
Nbri_XP_035766822.1	1030	1483	DNA_methylase	PF00145.23	2.5e-50
Soch_TCD67280.1	795	1268	DNA_methylase	PF00145.23	8.6e-50
Brap_XP_033129765.1	604	649	DNA_methylase	PF00145.23	3.3e-06
Brap_XP_033129765.1	691	1034	DNA_methylase	PF00145.23	1.7e-42
Agal_PBK92930.1	906	1375	DNA_methylase	PF00145.23	7.7e-50
Bnap_XP_048591182.1	576	621	DNA_methylase	PF00145.23	3.2e-06
Bnap_XP_048591182.1	663	1006	DNA_methylase	PF00145.23	1.6e-42
Mzeb_XP_004552191.1	1024	1477	DNA_methylase	PF00145.23	2.5e-50
Hapbur_XP_014194754.1	1029	1482	DNA_methylase	PF00145.23	2.6e-50
Ehux_XP_005757587.1	92	221	DNA_methylase	PF00145.23	4.1e-44
Bjun_cds.BjuA06g09480S	588	633	DNA_methylase	PF00145.23	3.3e-06
Bjun_cds.BjuA06g09480S	675	1018	DNA_methylase	PF00145.23	1.6e-42
Mzeb_XP_012774886.1	1029	1482	DNA_methylase	PF00145.23	2.6e-50
Pcan_XP_025111692.1	1021	1473	DNA_methylase	PF00145.23	1.8e-50
Aequ_EGACTEQ4350053456-PB	998	1451	DNA_methylase	PF00145.23	2.9e-50
Pgra_TFL00972.1	1232	1698	DNA_methylase	PF00145.23	5.1e-50
Gacu_XP_040046351.1	1025	1478	DNA_methylase	PF00145.23	3.1e-50
Cgob_XP_029294172.1	1025	1479	DNA_methylase	PF00145.23	1.6e-49
Gacu_XP_040046349.1	1030	1483	DNA_methylase	PF00145.23	3.1e-50
Poptri_XP_052307868.1	1222	1562	DNA_methylase	PF00145.23	1.8e-43
Gacu_XP_040046352.1	1024	1477	DNA_methylase	PF00145.23	3.1e-50
Eele_XP_026888441.2	1028	1481	DNA_methylase	PF00145.23	8.3e-51
Gacu_XP_040046350.1	1029	1482	DNA_methylase	PF00145.23	3.1e-50
Eele_XP_035381174.1	1033	1486	DNA_methylase	PF00145.23	8.4e-51
Locu_XP_015204753.1	1035	1487	DNA_methylase	PF00145.23	8.2e-51
Gaeg_XP_041369097.1	826	1279	DNA_methylase	PF00145.23	1.2e-50
Dclu_XP_028842802.1	1026	1479	DNA_methylase	PF00145.23	1.4e-50
Csem_XP_016896251.1	1024	1478	DNA_methylase	PF00145.23	4.4e-50
Pnye_XP_005749991.1	1023	1476	DNA_methylase	PF00145.23	2.5e-50
Rmai_XP_026812554.1	763	1219	DNA_methylase	PF00145.23	3.5e-50
Pnye_XP_005749990.1	1028	1481	DNA_methylase	PF00145.23	2.6e-50
Locu_XP_015204752.1	1040	1492	DNA_methylase	PF00145.23	8.2e-51
Bter_XP_048265024.1	970	1421	DNA_methylase	PF00145.23	6.1e-50
Bter_XP_048265026.1	970	1421	DNA_methylase	PF00145.23	6.1e-50
Bter_XP_048265027.1	970	1421	DNA_methylase	PF00145.23	6.1e-50
Esal_XP_024006839.1	1100	1144	DNA_methylase	PF00145.23	1.1e-06
Esal_XP_024006839.1	1184	1524	DNA_methylase	PF00145.23	4.3e-42
Pinv_KIJ10522.1	796	1271	DNA_methylase	PF00145.23	3e-49
Dclu_XP_028842801.1	1031	1484	DNA_methylase	PF00145.23	1.4e-50
Fhep_KIY50822.1	606	1059	DNA_methylase	PF00145.23	9.9e-51
Lber_XP_020496563.2	1026	1479	DNA_methylase	PF00145.23	2.8e-50
Lber_XP_065820962.1	1031	1484	DNA_methylase	PF00145.23	2.8e-50
Rmai_XP_026809531.1	773	1229	DNA_methylase	PF00145.23	4.4e-50
Bimp_XP_003489082.1	969	1420	DNA_methylase	PF00145.23	4.4e-50
Ebur_ENSEBUP00000027356.1	591	781	DNA_methylase	PF00145.23	2.6e-34
Ebur_ENSEBUP00000027356.1	972	1040	DNA_methylase	PF00145.23	2.2e-14
Aepi_AEPI008557-PA	9	335	DNA_methylase	PF00145.23	5.5e-51
Turt_XP_025017182.1	318	770	DNA_methylase	PF00145.23	1.3e-49
Myes_XP_021355294.1	1082	1534	DNA_methylase	PF00145.23	5e-51
Lcha_XP_064416810.1	1036	1487	DNA_methylase	PF00145.23	6e-50
Anogla_XP_018563489.2	732	1180	DNA_methylase	PF00145.23	4.3e-50
Lana_XP_013400727.1	921	1374	DNA_methylase	PF00145.23	2.5e-50
Chan_KAF4014607.1	1098	1550	DNA_methylase	PF00145.23	4.8e-49
Ampcit_ENSACIP00000010966.1	998	1451	DNA_methylase	PF00145.23	2.2e-50
Asat_cds.AVESA.00001b.r3.2Dg0003058.4	466	511	DNA_methylase	PF00145.23	7.1e-06
Asat_cds.AVESA.00001b.r3.2Dg0003058.4	548	893	DNA_methylase	PF00145.23	2.1e-42
Ecur_TVT97951.1	761	810	DNA_methylase	PF00145.23	4.1e-06
Ecur_TVT97951.1	851	1188	DNA_methylase	PF00145.23	6.9e-42
Ascl_RJE26105.1	329	503	DNA_methylase	PF00145.23	1.3e-36
Ascl_RJE26105.1	561	625	DNA_methylase	PF00145.23	7.2e-12
Ampcit_ENSACIP00000010933.1	1029	1482	DNA_methylase	PF00145.23	2.3e-50
Ipotri_XP_031109141.1	1121	1165	DNA_methylase	PF00145.23	1.6e-05
Ipotri_XP_031109141.1	1206	1548	DNA_methylase	PF00145.23	5.9e-43
Gwil_XP_028311125.1	1020	1474	DNA_methylase	PF00145.23	4.6e-50
Gwil_XP_028311124.1	1025	1479	DNA_methylase	PF00145.23	4.7e-50
Vurs_XP_027713516.1	815	1267	DNA_methylase	PF00145.23	1.2e-49
Monalb_XP_020466055.1	1029	1483	DNA_methylase	PF00145.23	4.1e-50
Horvul_XP_044965936.1	1094	1143	DNA_methylase	PF00145.23	1.1e-05
Horvul_XP_044965936.1	1176	1521	DNA_methylase	PF00145.23	1e-42
Sdum_XP_035210068.1	18	364	DNA_methylase	PF00145.23	7.4e-51
Sdum_XP_035210069.1	18	364	DNA_methylase	PF00145.23	7.4e-51
Apol_XP_022070342.1	1026	1480	DNA_methylase	PF00145.23	3.1e-50
Corcap_OMO90364.1	1012	1439	DNA_methylase	PF00145.23	4e-48
Eaff_XP_023347305.1	771	1225	DNA_methylase	PF00145.23	4.4e-50
Sluc_XP_031168185.1	1024	1478	DNA_methylase	PF00145.23	6.9e-50
Apol_XP_022070341.1	1031	1485	DNA_methylase	PF00145.23	3.1e-50
Sluc_XP_035852412.1	1029	1483	DNA_methylase	PF00145.23	7e-50
Ampcit_ENSACIP00000010949.1	1027	1480	DNA_methylase	PF00145.23	2.3e-50
Onttau_XP_022900238.2	835	1283	DNA_methylase	PF00145.23	2.6e-50
Ailmel_XP_019657492.1	1138	1591	DNA_methylase	PF00145.23	9.5e-50
Calmil_XP_042200635.1	1056	1508	DNA_methylase	PF00145.23	4.4e-50
Calmil_XP_042200634.1	1056	1508	DNA_methylase	PF00145.23	4.4e-50
Cofcan_CDO97647.1	1018	1062	DNA_methylase	PF00145.23	1.3e-06
Cofcan_CDO97647.1	1104	1485	DNA_methylase	PF00145.23	1.1e-40
Pdam_XP_027052738.1	1123	1575	DNA_methylase	PF00145.23	1.9e-50
Aequ_EGACTEQ4350053456-PA	1102	1555	DNA_methylase	PF00145.23	3.3e-50
Bnap_XP_013743643.2	1080	1507	DNA_methylase	PF00145.23	9.5e-49
Lgig_XP_009045725.1	720	1173	DNA_methylase	PF00145.23	1.6e-50
Vvin_XP_019079260.1	885	1226	DNA_methylase	PF00145.23	8.8e-44
Vvin_XP_019079261.1	885	1226	DNA_methylase	PF00145.23	8.8e-44
Vvin_XP_019079267.1	885	1226	DNA_methylase	PF00145.23	8.8e-44
Vvin_XP_019079268.1	885	1226	DNA_methylase	PF00145.23	8.8e-44
Vvin_XP_059596980.1	885	1226	DNA_methylase	PF00145.23	8.8e-44
Vvin_XP_059596981.1	885	1226	DNA_methylase	PF00145.23	8.8e-44
Vvin_XP_059596982.1	885	1226	DNA_methylase	PF00145.23	8.8e-44
Aper_ENSAPEP00000014934.1	1027	1481	DNA_methylase	PF00145.23	3.7e-50
Aper_ENSAPEP00000014908.1	1032	1486	DNA_methylase	PF00145.23	3.7e-50
Mesc_XP_021633202.1	1134	1179	DNA_methylase	PF00145.23	4.9e-05
Mesc_XP_021633202.1	1221	1561	DNA_methylase	PF00145.23	5.9e-43
Aoce_XP_023135385.2	1027	1481	DNA_methylase	PF00145.23	3.7e-50
Fcat_XP_044901286.1	1148	1601	DNA_methylase	PF00145.23	7.9e-50
Ailmel_XP_019657493.1	1025	1478	DNA_methylase	PF00145.23	8.3e-50
Ssur_XP_029772133.1	1136	1589	DNA_methylase	PF00145.23	2e-50
Aoce_XP_035808444.2	1032	1486	DNA_methylase	PF00145.23	3.7e-50
Ptig_XP_042834063.1	1016	1469	DNA_methylase	PF00145.23	6.7e-50
Sdum_XP_035210067.1	49	395	DNA_methylase	PF00145.23	1e-50
Pnat_XP_017557016.2	1030	1483	DNA_methylase	PF00145.23	5.8e-50
Apol_XP_022070339.1	1033	1487	DNA_methylase	PF00145.23	3.1e-50
Ssca_UXI17111.1	647	1079	DNA_methylase	PF00145.23	3.1e-50
Fcat_XP_023100927.1	1129	1582	DNA_methylase	PF00145.23	7.7e-50
Lcan_XP_030155764.1	1129	1582	DNA_methylase	PF00145.23	7.7e-50
Pleo_XP_042784309.1	1129	1582	DNA_methylase	PF00145.23	7.7e-50
Ppar_XP_019283324.1	1129	1582	DNA_methylase	PF00145.23	7.7e-50
Pnat_XP_017557015.2	1035	1488	DNA_methylase	PF00145.23	5.8e-50
Smim_KFM58262.1	19	364	DNA_methylase	PF00145.23	1e-50
Apol_XP_022070338.1	1038	1492	DNA_methylase	PF00145.23	3.2e-50
Asat_cds.AVESA.00001b.r3.2Cg0000906.7	329	378	DNA_methylase	PF00145.23	5e-06
Asat_cds.AVESA.00001b.r3.2Cg0000906.7	411	756	DNA_methylase	PF00145.23	3e-42
Bdis_XP_014752922.1	1055	1104	DNA_methylase	PF00145.23	1.1e-05
Bdis_XP_014752922.1	1137	1482	DNA_methylase	PF00145.23	1.9e-42
Ctel_ELU12454.1	559	744	DNA_methylase	PF00145.23	5.5e-35
Ctel_ELU12454.1	930	998	DNA_methylase	PF00145.23	2.2e-13
Citlan_Cla97C11G206740.1	1192	1536	DNA_methylase	PF00145.23	4.2e-43
Seccer_SECCE2Rv1G0093370.1	1093	1142	DNA_methylase	PF00145.23	1.1e-05
Seccer_SECCE2Rv1G0093370.1	1174	1520	DNA_methylase	PF00145.23	1.9e-42
Cmic_TEB36415.1	854	1073	DNA_methylase	PF00145.23	7.8e-38
Cmic_TEB36415.1	1282	1369	DNA_methylase	PF00145.23	8.4e-10
Hhuc_ENSHHUP00000073714.1	1017	1463	DNA_methylase	PF00145.23	2.2e-50
Stepar_XP_008281315.1	1026	1480	DNA_methylase	PF00145.23	3.7e-50
Bdis_XP_010228267.1	1100	1527	DNA_methylase	PF00145.23	2.4e-48
Bjun_cds.BjuA04g14740S	1080	1507	DNA_methylase	PF00145.23	2e-48
Sfas_XP_029945336.1	1017	1470	DNA_methylase	PF00145.23	3.2e-50
Bdis_XP_024312672.1	1105	1532	DNA_methylase	PF00145.23	2.4e-48
Aalp_KFK31662.1	1092	1137	DNA_methylase	PF00145.23	2.9e-07
Aalp_KFK31662.1	1176	1519	DNA_methylase	PF00145.23	1e-40
Ptig_XP_042834060.1	1129	1582	DNA_methylase	PF00145.23	7.7e-50
Fcat_XP_019672871.1	1016	1469	DNA_methylase	PF00145.23	6.7e-50
Lcan_XP_030155766.1	1016	1469	DNA_methylase	PF00145.23	6.7e-50
Pleo_XP_042784312.1	1016	1469	DNA_methylase	PF00145.23	6.7e-50
Ppar_XP_019283326.1	1016	1469	DNA_methylase	PF00145.23	6.7e-50
Ailmel_XP_011225961.3	1146	1599	DNA_methylase	PF00145.23	9.6e-50
Sfas_XP_029945335.1	1022	1475	DNA_methylase	PF00145.23	3.2e-50
Fcat_XP_023100924.1	1137	1590	DNA_methylase	PF00145.23	7.8e-50
Lcan_XP_030155763.1	1137	1590	DNA_methylase	PF00145.23	7.8e-50
Pleo_XP_042784308.1	1137	1590	DNA_methylase	PF00145.23	7.8e-50
Ppar_XP_019283323.1	1137	1590	DNA_methylase	PF00145.23	7.8e-50
Ecur_TVU41900.1	1164	1213	DNA_methylase	PF00145.23	9.5e-06
Ecur_TVU41900.1	1254	1591	DNA_methylase	PF00145.23	2.8e-42
Sfas_XP_029945334.1	1022	1475	DNA_methylase	PF00145.23	3.2e-50
Mmur_XP_012646130.1	1021	1473	DNA_methylase	PF00145.23	6.1e-49
Mmol_ENSMMOP00000015794.1	950	1367	DNA_methylase	PF00145.23	2.3e-50
Ecab_XP_070129218.1	1090	1543	DNA_methylase	PF00145.23	9.7e-50
Mmol_ENSMMOP00000015787.1	971	1388	DNA_methylase	PF00145.23	2.4e-50
Dleu_XP_030620310.1	1180	1632	DNA_methylase	PF00145.23	1.5e-49
Uame_XP_045630244.1	1145	1598	DNA_methylase	PF00145.23	9.6e-50
Chequi_XP_021723421.1	1100	1145	DNA_methylase	PF00145.23	5.3e-05
Chequi_XP_021723421.1	1179	1527	DNA_methylase	PF00145.23	5.4e-43
Aper_ENSAPEP00000014958.1	989	1443	DNA_methylase	PF00145.23	3.5e-50
Pleo_XP_042784311.1	1116	1569	DNA_methylase	PF00145.23	7.6e-50
Clup_XP_038423277.1	1112	1565	DNA_methylase	PF00145.23	7.5e-50
Clup_XP_038423276.1	1129	1582	DNA_methylase	PF00145.23	7.7e-50
Jreg_XP_018821418.1	1229	1567	DNA_methylase	PF00145.23	3.3e-44
Mcin_XP_045447796.1	965	1418	DNA_methylase	PF00145.23	4e-49
Fcat_XP_006928449.1	1125	1578	DNA_methylase	PF00145.23	7.7e-50
Pleo_XP_042784310.1	1125	1578	DNA_methylase	PF00145.23	7.7e-50
Ppar_XP_019283325.1	1125	1578	DNA_methylase	PF00145.23	7.7e-50
Lcan_XP_030155765.1	1125	1578	DNA_methylase	PF00145.23	7.7e-50
Pleo_XP_042784307.1	1240	1693	DNA_methylase	PF00145.23	8.7e-50
Cx_XP_006426373.2	1122	1535	DNA_methylase	PF00145.23	2.9e-50
Uame_XP_045630246.1	1137	1590	DNA_methylase	PF00145.23	9.5e-50
Lsat_XP_023730663.1	1212	1557	DNA_methylase	PF00145.23	1.9e-43
Cucsat_XP_011654447.1	1192	1536	DNA_methylase	PF00145.23	6.8e-43
Brap_XP_018513688.2	1081	1508	DNA_methylase	PF00145.23	1.7e-48
Amac_KNE61408.1	845	1376	DNA_methylase	PF00145.23	3.8e-47
Mmur_XP_012646127.1	1142	1594	DNA_methylase	PF00145.23	7.1e-49
Vvul_XP_025841441.1	1129	1582	DNA_methylase	PF00145.23	7.7e-50
Ptig_XP_042834062.1	1116	1569	DNA_methylase	PF00145.23	7.6e-50
Cjac_XP_035111633.2	109	562	DNA_methylase	PF00145.23	3.1e-50
Bind_XP_070648896.1	921	1373	DNA_methylase	PF00145.23	3.3e-49
Ptig_XP_042834061.1	1125	1578	DNA_methylase	PF00145.23	7.7e-50
Ecab_XP_070129219.1	1070	1523	DNA_methylase	PF00145.23	9.4e-50
Ecab_XP_023501218.2	1157	1610	DNA_methylase	PF00145.23	1e-49
Ssur_XP_029772134.1	1102	1555	DNA_methylase	PF00145.23	2e-50
Mmur_XP_012646128.1	1137	1589	DNA_methylase	PF00145.23	7.1e-49
Vurs_XP_027713553.1	1038	1490	DNA_methylase	PF00145.23	1.1e-49
Ptig_XP_042834058.1	1240	1693	DNA_methylase	PF00145.23	8.7e-50
Sscr_XP_020937701.1	1015	1468	DNA_methylase	PF00145.23	1.1e-49
Sscr_XP_020937712.1	1015	1468	DNA_methylase	PF00145.23	1.1e-49
Clup_XP_038423275.1	1137	1590	DNA_methylase	PF00145.23	7.8e-50
Caraur_XP_026101557.1	1025	1478	DNA_methylase	PF00145.23	5.2e-50
Cucsat_XP_011654446.1	1244	1588	DNA_methylase	PF00145.23	7.2e-43
Lsat_XP_023730665.1	1193	1538	DNA_methylase	PF00145.23	1.9e-43
Lsat_XP_052621229.1	1193	1538	DNA_methylase	PF00145.23	1.9e-43
Caraur_XP_026116734.1	1025	1478	DNA_methylase	PF00145.23	5.2e-50
Ailmel_XP_011225962.3	1139	1592	DNA_methylase	PF00145.23	9.5e-50
Cwag_ENSCWAP00000005962.1	1169	1622	DNA_methylase	PF00145.23	9.9e-50
Caraur_XP_026101556.1	1030	1483	DNA_methylase	PF00145.23	5.3e-50
Caraur_XP_026116733.1	1030	1483	DNA_methylase	PF00145.23	5.3e-50
Acun_XP_026722871.1	1025	1477	DNA_methylase	PF00145.23	3.1e-50
Cthe_KAB5596106.1	721	864	DNA_methylase	PF00145.23	1.8e-22
Cthe_KAB5596106.1	903	1199	DNA_methylase	PF00145.23	5.6e-25
Apimel_XP_006562865.1	974	1425	DNA_methylase	PF00145.23	1.4e-50
Phymac_XP_023989858.2	1180	1632	DNA_methylase	PF00145.23	1.5e-49
Chequi_XP_021731440.1	1099	1144	DNA_methylase	PF00145.23	5.3e-05
Chequi_XP_021731440.1	1178	1526	DNA_methylase	PF00145.23	4.6e-43
Tpra_XP_045807951.1	1060	1487	DNA_methylase	PF00145.23	1.2e-48
Clup_XP_038423278.1	907	1360	DNA_methylase	PF00145.23	5.8e-50
Cjac_XP_035139475.1	1019	1472	DNA_methylase	PF00145.23	7.6e-49
Cjac_XP_035139476.1	1019	1472	DNA_methylase	PF00145.23	7.6e-49
Okis_XP_031690039.1	1044	1497	DNA_methylase	PF00145.23	1e-49
Okis_XP_031690038.1	1045	1498	DNA_methylase	PF00145.23	1e-49
Gmor_XP_030233021.1	1047	1501	DNA_methylase	PF00145.23	2.4e-49
Vrad_XP_014502496.1	1085	1512	DNA_methylase	PF00145.23	5.2e-49
Vrad_XP_022640135.1	1085	1512	DNA_methylase	PF00145.23	5.2e-49
Gmor_XP_030233030.1	1047	1501	DNA_methylase	PF00145.23	2.4e-49
Bnap_XP_013688667.2	1080	1507	DNA_methylase	PF00145.23	1.9e-48
Vrad_XP_022640133.1	1124	1551	DNA_methylase	PF00145.23	5.4e-49
Ssur_XP_029772135.1	1128	1581	DNA_methylase	PF00145.23	2e-50
Ecal_XP_051776618.1	1020	1472	DNA_methylase	PF00145.23	9.1e-50
Mmur_XP_012646129.1	1134	1586	DNA_methylase	PF00145.23	7.1e-49
Sscr_XP_020937723.1	905	1358	DNA_methylase	PF00145.23	9.9e-50
Asol_PBK78539.1	906	1375	DNA_methylase	PF00145.23	1.6e-49
Rglo_ORY23451.1	57	161	DNA_methylase	PF00145.23	2.9e-24
Rglo_ORY23451.1	163	369	DNA_methylase	PF00145.23	3.9e-24
Omyk_XP_021413586.1	1043	1496	DNA_methylase	PF00145.23	1e-49
Obra_XP_006657508.1	1096	1145	DNA_methylase	PF00145.23	1.7e-05
Obra_XP_006657508.1	1177	1523	DNA_methylase	PF00145.23	1.9e-42
Obra_XP_006657509.1	1096	1145	DNA_methylase	PF00145.23	1.7e-05
Obra_XP_006657509.1	1177	1523	DNA_methylase	PF00145.23	1.9e-42
Obra_XP_040381984.1	1096	1145	DNA_methylase	PF00145.23	1.7e-05
Obra_XP_040381984.1	1177	1523	DNA_methylase	PF00145.23	1.9e-42
Omyk_XP_021413584.1	1048	1501	DNA_methylase	PF00145.23	1e-49
Hcom_XP_019731289.1	1007	1461	DNA_methylase	PF00145.23	5.6e-50
Hcom_XP_019731287.1	1012	1466	DNA_methylase	PF00145.23	5.6e-50
Cann_XP_016551502.1	1198	1543	DNA_methylase	PF00145.23	1.3e-42
Bmus_XP_036701906.1	1145	1597	DNA_methylase	PF00145.23	1.4e-49
Hruf_XP_048244999.1	1120	1574	DNA_methylase	PF00145.23	3.7e-50
Omyk_XP_021413585.1	1047	1500	DNA_methylase	PF00145.23	1e-49
Cypcar_XP_042575659.1	1027	1480	DNA_methylase	PF00145.23	5.5e-50
Ssur_XP_029772136.1	1015	1468	DNA_methylase	PF00145.23	1.8e-50
Psim_ENSPSMP00000029456.1	1130	1582	DNA_methylase	PF00145.23	3.7e-49
Uthi_ENSUTTP00000007983.1	1185	1638	DNA_methylase	PF00145.23	1e-49
Lsp.SymCcos_KXN86923.1	579	1068	DNA_methylase	PF00145.23	2.5e-49
Omer_OMERI07G03630.4	602	651	DNA_methylase	PF00145.23	1.3e-05
Omer_OMERI07G03630.4	690	1029	DNA_methylase	PF00145.23	3.4e-42
Dleu_XP_022412889.1	1139	1591	DNA_methylase	PF00145.23	1.4e-49
Vvul_XP_025841440.1	1171	1624	DNA_methylase	PF00145.23	8.1e-50
Pcin_XP_020850571.1	1038	1490	DNA_methylase	PF00145.23	1.3e-49
Ptig_XP_042834059.1	1137	1590	DNA_methylase	PF00145.23	7.8e-50
Bole_XP_013631628.1	1082	1508	DNA_methylase	PF00145.23	2.5e-48
Lcha_XP_064416811.1	763	1214	DNA_methylase	PF00145.23	4e-50
Mmol_ENSMMOP00000015784.1	960	1414	DNA_methylase	PF00145.23	7.4e-50
Mmol_ENSMMOP00000015779.1	984	1438	DNA_methylase	PF00145.23	7.6e-50
Psam_PSAMB.scaffold1111size35782.g11016.t1	310	782	DNA_methylase	PF00145.23	8e-50
Mput_XP_044940196.1	1020	1473	DNA_methylase	PF00145.23	1.3e-49
Pnox_PAV23860.1	617	822	DNA_methylase	PF00145.23	5.6e-32
Pnox_PAV23860.1	1009	1091	DNA_methylase	PF00145.23	1.7e-15
Dleu_XP_022412887.1	1180	1632	DNA_methylase	PF00145.23	1.5e-49
Lafr_XP_064136695.1	1018	1471	DNA_methylase	PF00145.23	5.9e-49
Mput_XP_044940182.1	1141	1594	DNA_methylase	PF00145.23	1.5e-49
Mmol_ENSMMOP00000015786.1	941	1395	DNA_methylase	PF00145.23	7.2e-50
Amex_XP_049332012.1	1026	1479	DNA_methylase	PF00145.23	8.3e-50
Uthi_ENSUTTP00000008083.1	1130	1583	DNA_methylase	PF00145.23	9.4e-50
Aost_SJL00771.1	995	1464	DNA_methylase	PF00145.23	1.9e-49
Mput_XP_044940191.1	1133	1586	DNA_methylase	PF00145.23	1.5e-49
Stru_XP_029617724.1	989	1442	DNA_methylase	PF00145.23	9.7e-50
Grai_XP_012459412.1	1227	1570	DNA_methylase	PF00145.23	8.4e-44
Chir_XP_017906507.1	1150	1602	DNA_methylase	PF00145.23	3.1e-49
Ttur_VAH45911.1	1086	1135	DNA_methylase	PF00145.23	1.1e-05
Ttur_VAH45911.1	1168	1513	DNA_methylase	PF00145.23	3.9e-42
Lper_XP_051206879.1	1091	1140	DNA_methylase	PF00145.23	1.1e-05
Lper_XP_051206879.1	1173	1518	DNA_methylase	PF00145.23	5.8e-42
Sara_XP_054983671.1	1122	1574	DNA_methylase	PF00145.23	7.9e-50
Salsal_XP_045576435.1	1043	1496	DNA_methylase	PF00145.23	1e-49
Esal_XP_024014263.1	1054	1103	DNA_methylase	PF00145.23	5.8e-06
Esal_XP_024014263.1	1136	1481	DNA_methylase	PF00145.23	8.9e-42
Taes_XP_044323709.1	1094	1143	DNA_methylase	PF00145.23	1.1e-05
Taes_XP_044323709.1	1176	1521	DNA_methylase	PF00145.23	3.9e-42
Tdic_XP_037484934.1	1094	1143	DNA_methylase	PF00145.23	1.1e-05
Tdic_XP_037484934.1	1176	1521	DNA_methylase	PF00145.23	3.9e-42
Tspe_TraesTSP2B01G289300.1	1094	1143	DNA_methylase	PF00145.23	1.1e-05
Tspe_TraesTSP2B01G289300.1	1176	1521	DNA_methylase	PF00145.23	3.9e-42
Ttur_VAH45910.1	1094	1143	DNA_methylase	PF00145.23	1.1e-05
Ttur_VAH45910.1	1176	1521	DNA_methylase	PF00145.23	3.9e-42
Cave_XP_059454776.1	1220	1562	DNA_methylase	PF00145.23	1.8e-43
Uame_XP_045630245.1	1138	1591	DNA_methylase	PF00145.23	9.5e-50
Umar_XP_040485304.1	1138	1591	DNA_methylase	PF00145.23	9.5e-50
Fexc_FRAEX38873_v2_000059180.1.cds	1132	1468	DNA_methylase	PF00145.23	5.3e-43
Mmon_XP_029073098.1	1011	1463	DNA_methylase	PF00145.23	1.2e-49
Ecur_TVU41864.1	1164	1213	DNA_methylase	PF00145.23	9.5e-06
Ecur_TVU41864.1	1254	1591	DNA_methylase	PF00145.23	6e-42
Taes_XP_044323708.1	1099	1148	DNA_methylase	PF00145.23	1.1e-05
Taes_XP_044323708.1	1181	1526	DNA_methylase	PF00145.23	3.9e-42
Tdic_XP_037484933.1	1099	1148	DNA_methylase	PF00145.23	1.1e-05
Tdic_XP_037484933.1	1181	1526	DNA_methylase	PF00145.23	3.9e-42
Mmol_ENSMMOP00000015782.1	976	1430	DNA_methylase	PF00145.23	7.6e-50
Mmon_XP_029073101.1	866	1318	DNA_methylase	PF00145.23	9.7e-50
Dleu_XP_022412891.1	1011	1463	DNA_methylase	PF00145.23	1.2e-49
Mmon_XP_029073100.1	1010	1462	DNA_methylase	PF00145.23	1.2e-49
Atau_XP_020169450.1	1094	1143	DNA_methylase	PF00145.23	1.1e-05
Atau_XP_020169450.1	1176	1521	DNA_methylase	PF00145.23	3.9e-42
Taes_XP_044332009.1	1094	1143	DNA_methylase	PF00145.23	1.1e-05
Taes_XP_044332009.1	1176	1521	DNA_methylase	PF00145.23	3.9e-42
Tspe_TraesTSP2D01G269500.1	1094	1143	DNA_methylase	PF00145.23	1.1e-05
Tspe_TraesTSP2D01G269500.1	1176	1521	DNA_methylase	PF00145.23	3.9e-42
Chir_XP_017906511.1	878	1330	DNA_methylase	PF00145.23	2.1e-49
Cyncar_XP_024967250.1	1218	1557	DNA_methylase	PF00145.23	5e-43
Shar_XP_031803355.1	1034	1486	DNA_methylase	PF00145.23	1e-49
Psim_ENSPSMP00000029461.1	1119	1571	DNA_methylase	PF00145.23	3.7e-49
Zcal_XP_027441531.2	1017	1470	DNA_methylase	PF00145.23	6.7e-50
Stru_XP_029617719.1	1042	1495	DNA_methylase	PF00145.23	1e-49
Stru_XP_029617712.1	1047	1500	DNA_methylase	PF00145.23	1e-49
Hhuc_ENSHHUP00000073641.1	1037	1490	DNA_methylase	PF00145.23	1e-49
Tcac_XP_017969401.1	1207	1551	DNA_methylase	PF00145.23	1.3e-43
Sara_XP_054983668.1	1141	1593	DNA_methylase	PF00145.23	8.1e-50
Sara_XP_054983669.1	1140	1592	DNA_methylase	PF00145.23	8.1e-50
Dord_XP_012889490.1	1013	1466	DNA_methylase	PF00145.23	9.9e-50
Salsal_XP_014059407.2	769	1222	DNA_methylase	PF00145.23	7e-50
Stru_XP_029583731.1	987	1440	DNA_methylase	PF00145.23	9.7e-50
Gmax_XP_014630288.1	1115	1159	DNA_methylase	PF00145.23	4.4e-05
Gmax_XP_014630288.1	1201	1542	DNA_methylase	PF00145.23	3.2e-42
Sara_XP_054983672.1	1020	1472	DNA_methylase	PF00145.23	7e-50
Phymac_XP_023989856.2	1180	1632	DNA_methylase	PF00145.23	1.5e-49
Anomel_AMEC021348-PA	10	338	DNA_methylase	PF00145.23	2.9e-50
Salsal_XP_014059408.2	774	1227	DNA_methylase	PF00145.23	7e-50
Phymac_XP_023989857.2	1179	1631	DNA_methylase	PF00145.23	1.5e-49
Xtro_XP_002934384.1	1017	1470	DNA_methylase	PF00145.23	1.6e-49
Pman_XP_042136422.1	1110	1562	DNA_methylase	PF00145.23	1.4e-49
Dord_XP_012889489.1	1131	1584	DNA_methylase	PF00145.23	1.1e-49
Vang_XP_017439709.1	1124	1551	DNA_methylase	PF00145.23	6.3e-49
Stru_XP_029583730.1	1040	1493	DNA_methylase	PF00145.23	1e-49
Sara_XP_054983670.1	1134	1586	DNA_methylase	PF00145.23	8e-50
Psam_PSAMB.scaffold6147size10067.g28025.t1	203	675	DNA_methylase	PF00145.23	1.1e-49
Okis_XP_020342297.2	1038	1491	DNA_methylase	PF00145.23	1e-49
Fexc_FRAEX38873_v2_000165270.1.cds	1166	1507	DNA_methylase	PF00145.23	4.1e-43
Stru_XP_029583729.1	1045	1498	DNA_methylase	PF00145.23	1e-49
Phosin_XP_032482847.1	1011	1463	DNA_methylase	PF00145.23	1.2e-49
Vvin_XP_002267200.1	1200	1539	DNA_methylase	PF00145.23	4e-43
Cimi_XP_017355484.1	1019	1472	DNA_methylase	PF00145.23	7.6e-49
Okis_XP_031683341.1	1043	1496	DNA_methylase	PF00145.23	1e-49
Sesind_XP_011092241.1	1193	1538	DNA_methylase	PF00145.23	2.8e-43
Hhuc_ENSHHUP00000073698.1	1019	1472	DNA_methylase	PF00145.23	9.9e-50
Drer_NP_571264.2	1024	1476	DNA_methylase	PF00145.23	9.4e-50
Sfla_XP_025417391.1	739	1195	DNA_methylase	PF00145.23	8.8e-50
Otsh_XP_024246058.2	1044	1497	DNA_methylase	PF00145.23	1e-49
Salsal_XP_014048852.2	1025	1478	DNA_methylase	PF00145.23	1e-49
Sfla_XP_025419403.1	735	1190	DNA_methylase	PF00145.23	2.2e-49
Vung_XP_027923946.1	1078	1505	DNA_methylase	PF00145.23	9.1e-49
Vung_XP_027923947.1	1078	1505	DNA_methylase	PF00145.23	9.1e-49
Gsin_PIL24323.1	613	1045	DNA_methylase	PF00145.23	9.4e-50
Srhi_XP_016371589.1	919	1372	DNA_methylase	PF00145.23	1.2e-49
Asat_cds.AVESA.00001b.r3.2Dg0003058.2	1091	1136	DNA_methylase	PF00145.23	1.3e-05
Asat_cds.AVESA.00001b.r3.2Dg0003058.2	1173	1518	DNA_methylase	PF00145.23	5.9e-42
Asat_cds.AVESA.00001b.r3.2Dg0003058.3	1091	1136	DNA_methylase	PF00145.23	1.3e-05
Asat_cds.AVESA.00001b.r3.2Dg0003058.3	1173	1518	DNA_methylase	PF00145.23	5.9e-42
Pisver_XP_031257002.1	1208	1545	DNA_methylase	PF00145.23	2.7e-43
Salsal_XP_014048854.2	1039	1492	DNA_methylase	PF00145.23	1e-49
Otsh_XP_024246057.2	1049	1502	DNA_methylase	PF00145.23	1e-49
Drer_XP_017208641.1	1029	1481	DNA_methylase	PF00145.23	9.4e-50
Salsal_XP_045571075.1	1030	1483	DNA_methylase	PF00145.23	1e-49
Salsal_XP_014048851.2	1030	1483	DNA_methylase	PF00145.23	1e-49
Vang_XP_017439710.1	1085	1512	DNA_methylase	PF00145.23	6e-49
Vang_XP_052722768.1	1085	1512	DNA_methylase	PF00145.23	6e-49
Dleu_XP_022412888.1	1179	1631	DNA_methylase	PF00145.23	1.5e-49
Ttru_XP_033710269.1	1139	1591	DNA_methylase	PF00145.23	2.1e-49
Salsal_XP_014048853.2	1044	1497	DNA_methylase	PF00145.23	1e-49
Aros_XP_012254092.2	758	1210	DNA_methylase	PF00145.23	2.1e-49
Vung_XP_027923945.1	1110	1537	DNA_methylase	PF00145.23	9.4e-49
Asat_cds.AVESA.00001b.r3.2Cg0000906.2	989	1038	DNA_methylase	PF00145.23	1e-05
Asat_cds.AVESA.00001b.r3.2Cg0000906.2	1071	1416	DNA_methylase	PF00145.23	9.8e-42
Hhuc_ENSHHUP00000073765.1	998	1451	DNA_methylase	PF00145.23	9.7e-50
Aten_XP_031560018.1	1102	1555	DNA_methylase	PF00145.23	3.5e-50
Pbar_XP_011631933.1	960	1412	DNA_methylase	PF00145.23	3e-50
Pbar_XP_011631935.1	960	1412	DNA_methylase	PF00145.23	3e-50
Asat_cds.AVESA.00001b.r3.2Cg0000906.1	995	1044	DNA_methylase	PF00145.23	1e-05
Asat_cds.AVESA.00001b.r3.2Cg0000906.1	1077	1422	DNA_methylase	PF00145.23	9.9e-42
Agrpla_XP_018323495.1	811	1261	DNA_methylase	PF00145.23	8.9e-50
Phymac_XP_007104366.1	1139	1591	DNA_methylase	PF00145.23	1.4e-49
Hhuc_ENSHHUP00000073691.1	1023	1476	DNA_methylase	PF00145.23	1e-49
Phavul_XP_068503003.1	1171	1214	DNA_methylase	PF00145.23	1e-05
Phavul_XP_068503003.1	1255	1598	DNA_methylase	PF00145.23	8.6e-42
Tgut_XP_041567592.1	454	906	DNA_methylase	PF00145.23	6e-50
Hhuc_ENSHHUP00000073706.1	1014	1467	DNA_methylase	PF00145.23	9.9e-50
Ttur_VAH30021.1	1086	1135	DNA_methylase	PF00145.23	1.1e-05
Ttur_VAH30021.1	1168	1513	DNA_methylase	PF00145.23	5.3e-42
Digexi_KAF8732107.1	1078	1127	DNA_methylase	PF00145.23	1.2e-05
Digexi_KAF8732107.1	1161	1505	DNA_methylase	PF00145.23	5.1e-42
Omyk_XP_021480911.2	1037	1490	DNA_methylase	PF00145.23	1e-49
Oari_XP_042105344.1	1150	1602	DNA_methylase	PF00145.23	4.5e-49
Ecru_scaffold66.274.cds	1314	1363	DNA_methylase	PF00145.23	1.4e-05
Ecru_scaffold66.274.cds	1397	1741	DNA_methylase	PF00145.23	8.2e-42
Pman_XP_006987092.2	1128	1580	DNA_methylase	PF00145.23	1.4e-49
Omyk_XP_021480910.2	1042	1495	DNA_methylase	PF00145.23	1e-49
Otsh_XP_042183417.1	1036	1489	DNA_methylase	PF00145.23	1e-49
Vpac_XP_031545452.1	1172	1625	DNA_methylase	PF00145.23	2.2e-49
Vpac_XP_015096513.1	1019	1472	DNA_methylase	PF00145.23	1.8e-49
Vpac_XP_031545451.1	1173	1626	DNA_methylase	PF00145.23	2.2e-49
Asat_cds.AVESA.00001b.r3.2Ag0000563.1	1091	1136	DNA_methylase	PF00145.23	1.3e-05
Asat_cds.AVESA.00001b.r3.2Ag0000563.1	1173	1518	DNA_methylase	PF00145.23	6.9e-42
Otsh_XP_042183416.1	1041	1494	DNA_methylase	PF00145.23	1e-49
Anan_XP_012291679.3	1019	1472	DNA_methylase	PF00145.23	7.6e-49
Ngal_XP_008848288.3	1182	1635	DNA_methylase	PF00145.23	4.5e-49
Aros_XP_012254091.2	977	1429	DNA_methylase	PF00145.23	2.9e-49
Ttru_XP_033710267.1	1147	1599	DNA_methylase	PF00145.23	2.1e-49
Sans_XP_016321178.1	959	1412	DNA_methylase	PF00145.23	1.4e-49
Sscr_NP_001027526.1	1136	1587	DNA_methylase	PF00145.23	1.8e-49
Digexi_KAF8772326.1	1078	1127	DNA_methylase	PF00145.23	1.2e-05
Digexi_KAF8772326.1	1161	1505	DNA_methylase	PF00145.23	5e-42
Qsub_XP_023871673.2	1227	1568	DNA_methylase	PF00145.23	1.1e-42
Aowe_ENSAOWP00000024793.1	916	1368	DNA_methylase	PF00145.23	1.1e-49
Aowe_ENSAOWP00000024796.1	916	1368	DNA_methylase	PF00145.23	1.1e-49
Mluc_XP_006104124.2	1086	1538	DNA_methylase	PF00145.23	3.3e-49
Ttru_XP_033710272.1	1147	1599	DNA_methylase	PF00145.23	2.2e-49
Arow_XP_025944533.1	917	1369	DNA_methylase	PF00145.23	1.1e-49
Asat_cds.AVESA.00001b.r3.2Cg0000906.3	1091	1140	DNA_methylase	PF00145.23	1.1e-05
Asat_cds.AVESA.00001b.r3.2Cg0000906.3	1173	1518	DNA_methylase	PF00145.23	1.1e-41
Asat_cds.AVESA.00001b.r3.2Cg0000906.4	1091	1140	DNA_methylase	PF00145.23	1.1e-05
Asat_cds.AVESA.00001b.r3.2Cg0000906.4	1173	1518	DNA_methylase	PF00145.23	1.1e-41
Stub_XP_006339355.1	1211	1550	DNA_methylase	PF00145.23	2.2e-42
Phavul_XP_068503004.1	1082	1125	DNA_methylase	PF00145.23	9.6e-06
Phavul_XP_068503004.1	1166	1509	DNA_methylase	PF00145.23	7.8e-42
Phavul_XP_068503005.1	1082	1125	DNA_methylase	PF00145.23	9.6e-06
Phavul_XP_068503005.1	1166	1509	DNA_methylase	PF00145.23	7.8e-42
Oari_XP_042105345.2	1143	1595	DNA_methylase	PF00145.23	4.5e-49
Scan_XP_050840743.1	612	1064	DNA_methylase	PF00145.23	7.4e-50
Cdro_XP_031293168.2	1139	1592	DNA_methylase	PF00145.23	2.1e-49
Cdro_XP_031293170.1	1019	1472	DNA_methylase	PF00145.23	1.8e-49
Blat_XP_018800566.1	3	336	DNA_methylase	PF00145.23	4.9e-50
Taes_XP_044460252.1	1186	1235	DNA_methylase	PF00145.23	1.2e-05
Taes_XP_044460252.1	1268	1613	DNA_methylase	PF00145.23	5.9e-42
Sans_XP_016321177.1	1028	1481	DNA_methylase	PF00145.23	1.6e-49
Ttur_VAH30022.1	1188	1237	DNA_methylase	PF00145.23	1.2e-05
Ttur_VAH30022.1	1270	1615	DNA_methylase	PF00145.23	6e-42
Gros_RIB22693.1	41	498	DNA_methylase	PF00145.23	6.4e-49
Mluc_XP_014301927.1	1085	1537	DNA_methylase	PF00145.23	3.3e-49
Tura_XP_048555278.1	1172	1221	DNA_methylase	PF00145.23	1.2e-05
Tura_XP_048555278.1	1254	1599	DNA_methylase	PF00145.23	5.9e-42
Tspe_TraesTSP2A01G258100.1	1188	1237	DNA_methylase	PF00145.23	1.2e-05
Tspe_TraesTSP2A01G258100.1	1270	1615	DNA_methylase	PF00145.23	6e-42
Ecab_XP_070129220.1	1017	1470	DNA_methylase	PF00145.23	8.8e-50
Ecab_XP_070129221.1	1017	1470	DNA_methylase	PF00145.23	8.8e-50
Ecab_XP_070129222.1	1017	1470	DNA_methylase	PF00145.23	8.8e-50
Mput_XP_044940185.1	1138	1591	DNA_methylase	PF00145.23	1.5e-49
Arow_XP_025944531.1	1025	1477	DNA_methylase	PF00145.23	1.3e-49
Mmon_XP_029073097.1	1146	1598	DNA_methylase	PF00145.23	1.4e-49
Arow_XP_025944532.1	1024	1476	DNA_methylase	PF00145.23	1.3e-49
Phosin_XP_032482844.1	1180	1632	DNA_methylase	PF00145.23	1.5e-49
Dronov_XP_064355336.1	1030	1482	DNA_methylase	PF00145.23	1.3e-49
Dcar_XP_017257920.1	1192	1536	DNA_methylase	PF00145.23	3.5e-43
Mluc_XP_014301926.1	1085	1537	DNA_methylase	PF00145.23	3.3e-49
Cdro_XP_010976650.3	1140	1593	DNA_methylase	PF00145.23	2.1e-49
Tdic_XP_037480561.1	1249	1298	DNA_methylase	PF00145.23	1.3e-05
Tdic_XP_037480561.1	1331	1676	DNA_methylase	PF00145.23	6.3e-42
Mluc_XP_023601127.1	1084	1536	DNA_methylase	PF00145.23	3.3e-49
Ecab_XP_023501219.2	1124	1577	DNA_methylase	PF00145.23	1e-49
Cdro_XP_031293171.2	1140	1593	DNA_methylase	PF00145.23	2.1e-49
Ahaa_ENSAHAP00000011629.1	935	1387	DNA_methylase	PF00145.23	1.2e-49
Scam_XP_068778870.1	1025	1477	DNA_methylase	PF00145.23	1.3e-49
Scam_XP_068778872.1	1024	1476	DNA_methylase	PF00145.23	1.3e-49
Scam_XP_068778868.1	1029	1481	DNA_methylase	PF00145.23	1.3e-49
Vpac_XP_031545453.1	1132	1585	DNA_methylase	PF00145.23	2.1e-49
Dronov_XP_064355334.1	1072	1524	DNA_methylase	PF00145.23	1.4e-49
Dronov_XP_064355335.1	1071	1523	DNA_methylase	PF00145.23	1.4e-49
Ecab_XP_070129216.1	1104	1557	DNA_methylase	PF00145.23	9.8e-50
Ttru_XP_033710270.1	1011	1463	DNA_methylase	PF00145.23	1.8e-49
Ttru_XP_033710271.1	1011	1463	DNA_methylase	PF00145.23	1.8e-49
Scam_XP_068778869.1	1026	1478	DNA_methylase	PF00145.23	1.3e-49
Cpug_XP_014816615.1	1031	1483	DNA_methylase	PF00145.23	1.4e-49
Scam_XP_068778866.1	1031	1483	DNA_methylase	PF00145.23	1.3e-49
Scam_XP_068778871.1	1025	1477	DNA_methylase	PF00145.23	1.3e-49
Scam_XP_068778867.1	1030	1482	DNA_methylase	PF00145.23	1.3e-49
Vvin_XP_002267284.3	1117	1544	DNA_methylase	PF00145.23	1.2e-47
Mluc_XP_006104126.2	1051	1503	DNA_methylase	PF00145.23	3.1e-49
Scam_XP_068778864.1	1044	1496	DNA_methylase	PF00145.23	1.4e-49
Bmus_XP_036701907.1	1138	1590	DNA_methylase	PF00145.23	1.4e-49
Eeur_XP_060037689.1	206	658	DNA_methylase	PF00145.23	2.3e-49
Scam_XP_068778861.1	1073	1525	DNA_methylase	PF00145.23	1.4e-49
Scam_XP_068778865.1	1043	1495	DNA_methylase	PF00145.23	1.4e-49
Scam_XP_068778863.1	1072	1524	DNA_methylase	PF00145.23	1.4e-49
Cdro_XP_031293169.1	1132	1585	DNA_methylase	PF00145.23	2.1e-49
Dcar_XP_063936532.1	1193	1537	DNA_methylase	PF00145.23	3.5e-43
Nvis_XP_044110181.1	1130	1583	DNA_methylase	PF00145.23	1.5e-49
Mluc_XP_006104125.2	1052	1504	DNA_methylase	PF00145.23	3.1e-49
Smax_XP_035470487.2	1029	1483	DNA_methylase	PF00145.23	2.4e-49
Svir_XP_034579539.1	1098	1147	DNA_methylase	PF00145.23	1.6e-05
Svir_XP_034579539.1	1183	1525	DNA_methylase	PF00145.23	7.7e-42
Svir_XP_034579540.1	1098	1147	DNA_methylase	PF00145.23	1.6e-05
Svir_XP_034579540.1	1183	1525	DNA_methylase	PF00145.23	7.7e-42
Pcin_XP_020850745.1	823	1275	DNA_methylase	PF00145.23	6.6e-49
Bind_XP_070648893.1	1143	1595	DNA_methylase	PF00145.23	4.3e-49
Btau_XP_015327481.1	1143	1595	DNA_methylase	PF00145.23	4.3e-49
Bind_XP_070648894.1	1130	1582	DNA_methylase	PF00145.23	4.3e-49
Hhuc_ENSHHUP00000073745.1	961	1412	DNA_methylase	PF00145.23	1.8e-49
Sita_XP_004955676.1	1098	1147	DNA_methylase	PF00145.23	1.6e-05
Sita_XP_004955676.1	1183	1525	DNA_methylase	PF00145.23	7.7e-42
Osun_ENSOSUP00000017035.1	918	1370	DNA_methylase	PF00145.23	1.2e-49
Lang_XP_019413465.1	1128	1171	DNA_methylase	PF00145.23	3.3e-05
Lang_XP_019413465.1	1211	1555	DNA_methylase	PF00145.23	5.2e-42
Anapla_XP_038027849.1	917	1369	DNA_methylase	PF00145.23	1.7e-49
Anapla_XP_038027850.1	917	1369	DNA_methylase	PF00145.23	1.7e-49
Anapla_XP_038027851.1	917	1369	DNA_methylase	PF00145.23	1.7e-49
Anapla_XP_038027852.1	917	1369	DNA_methylase	PF00145.23	1.7e-49
Anapla_XP_038027853.1	917	1369	DNA_methylase	PF00145.23	1.7e-49
Anapla_XP_038027854.1	917	1369	DNA_methylase	PF00145.23	1.7e-49
Anapla_XP_038027855.1	917	1369	DNA_methylase	PF00145.23	1.7e-49
Aqua_AQUA008608-PA	10	337	DNA_methylase	PF00145.23	6.3e-50
Bmus_XP_036701909.1	1146	1598	DNA_methylase	PF00145.23	1.4e-49
Cpyg_ENSCPGP00000022623.1	866	1318	DNA_methylase	PF00145.23	1.1e-49
Ttru_XP_033710268.1	1146	1598	DNA_methylase	PF00145.23	2.1e-49
Mluc_XP_023601129.1	1052	1504	DNA_methylase	PF00145.23	3.1e-49
Sans_XP_016318594.1	1024	1476	DNA_methylase	PF00145.23	1.7e-49
Ecab_XP_023501217.2	1191	1644	DNA_methylase	PF00145.23	1.1e-49
Ncol_XP_031500599.1	1078	1124	DNA_methylase	PF00145.23	3.5e-05
Ncol_XP_031500599.1	1161	1504	DNA_methylase	PF00145.23	3.9e-42
Sans_XP_016318593.1	1025	1477	DNA_methylase	PF00145.23	1.7e-49
Mluc_XP_023601130.1	1051	1503	DNA_methylase	PF00145.23	3.1e-49
Btry_XP_039961783.1	3	336	DNA_methylase	PF00145.23	7.3e-50
Cpyg_ENSCPGP00000022764.1	879	1331	DNA_methylase	PF00145.23	1.1e-49
Acyg_XP_066842519.1	917	1369	DNA_methylase	PF00145.23	1.7e-49
Acyg_XP_066842520.1	917	1369	DNA_methylase	PF00145.23	1.7e-49
Singra_XP_016131385.1	1028	1481	DNA_methylase	PF00145.23	2.1e-49
Ansbra_ENSABRP00000001040.1	916	1368	DNA_methylase	PF00145.23	1.7e-49
Bmus_XP_036701905.1	1146	1598	DNA_methylase	PF00145.23	1.4e-49
Omer_OMERI07G03630.2	1044	1471	DNA_methylase	PF00145.23	6e-48
Ahaa_ENSAHAP00000011590.1	1254	1706	DNA_methylase	PF00145.23	1.8e-49
Eluc_XP_010898382.2	1037	1489	DNA_methylase	PF00145.23	3e-49
Cpyg_ENSCPGP00000022751.1	876	1328	DNA_methylase	PF00145.23	1.1e-49
Cpyg_ENSCPGP00000022756.1	897	1349	DNA_methylase	PF00145.23	1.1e-49
Kfed_Kaladp0021s0071.2.v1.1	1181	1523	DNA_methylase	PF00145.23	2.6e-42
Kfed_Kaladp0021s0071.3.v1.1	1181	1523	DNA_methylase	PF00145.23	2.6e-42
Ncol_XP_031500600.1	1038	1084	DNA_methylase	PF00145.23	3.4e-05
Ncol_XP_031500600.1	1121	1464	DNA_methylase	PF00145.23	3.7e-42
Cruf_ENSCRFP00000011473.1	695	1147	DNA_methylase	PF00145.23	1.2e-49
Cruf_ENSCRFP00000011468.1	697	1149	DNA_methylase	PF00145.23	1.2e-49
Nleu_XP_030676760.1	948	1401	DNA_methylase	PF00145.23	8.2e-49
Anapla_XP_038027847.1	1015	1467	DNA_methylase	PF00145.23	2e-49
Ahaa_ENSAHAP00000011577.1	1254	1706	DNA_methylase	PF00145.23	1.8e-49
Phosin_XP_032482845.1	1179	1631	DNA_methylase	PF00145.23	1.5e-49
Mpah_XP_021061870.1	1194	1646	DNA_methylase	PF00145.23	2.6e-49
Ecru_scaffold65.446.cds	1364	1710	DNA_methylase	PF00145.23	1.1e-42
Omer_OMERI07G03630.1	1090	1517	DNA_methylase	PF00145.23	6.4e-48
Mpah_XP_021061869.1	1195	1647	DNA_methylase	PF00145.23	2.6e-49
Hsal_XP_011151720.1	937	1389	DNA_methylase	PF00145.23	4.8e-49
Anapla_XP_038027844.1	1030	1482	DNA_methylase	PF00145.23	2e-49
Cypcar_XP_042574958.1	1027	1478	DNA_methylase	PF00145.23	1.9e-49
Anapla_XP_038027846.1	1029	1481	DNA_methylase	PF00145.23	2e-49
Kfed_Kaladp0021s0071.1.v1.1	1206	1548	DNA_methylase	PF00145.23	2.6e-42
Nvis_XP_044110179.1	1017	1470	DNA_methylase	PF00145.23	1.3e-49
Anapla_XP_038027848.1	1042	1494	DNA_methylase	PF00145.23	2e-49
Achi_PSS02925.1	1205	1550	DNA_methylase	PF00145.23	1.2e-43
Lang_XP_019413466.1	1087	1130	DNA_methylase	PF00145.23	3.2e-05
Lang_XP_019413466.1	1170	1514	DNA_methylase	PF00145.23	4.9e-42
Cann_XP_016568173.1	1202	1541	DNA_methylase	PF00145.23	1e-42
Acyg_XP_066842518.1	1015	1467	DNA_methylase	PF00145.23	2e-49
Anis_ENSANIP00000009596.1	1018	1470	DNA_methylase	PF00145.23	2e-49
Acyg_XP_066842517.1	1028	1480	DNA_methylase	PF00145.23	2e-49
Cmos_ENSCMMP00000018931.1	1029	1481	DNA_methylase	PF00145.23	2e-49
Rglo_ORY29865.1	128	192	DNA_methylase	PF00145.23	2.5e-09
Rglo_ORY29865.1	191	444	DNA_methylase	PF00145.23	7.7e-39
Easi_XP_044608198.1	1138	1591	DNA_methylase	PF00145.23	1e-49
Acyg_XP_066842516.1	1030	1482	DNA_methylase	PF00145.23	2e-49
Achr_XP_029886952.1	1045	1497	DNA_methylase	PF00145.23	2e-49
Acyg_XP_066842514.1	1043	1495	DNA_methylase	PF00145.23	2e-49
Bind_XP_070648889.1	1150	1602	DNA_methylase	PF00145.23	4.3e-49
Btau_XP_015327477.1	1150	1602	DNA_methylase	PF00145.23	4.3e-49
Acyg_XP_066842515.1	1042	1494	DNA_methylase	PF00145.23	2e-49
Phosin_XP_032482846.1	1139	1591	DNA_methylase	PF00145.23	1.4e-49
Campar_XP_030826662.1	1034	1486	DNA_methylase	PF00145.23	1.5e-49
Opun_OPUNC07G05170.1	1082	1131	DNA_methylase	PF00145.23	3.2e-05
Opun_OPUNC07G05170.1	1164	1509	DNA_methylase	PF00145.23	4.8e-42
Caraur_XP_026056843.1	1027	1478	DNA_methylase	PF00145.23	2.3e-49
Char_XP_031431521.1	1033	1486	DNA_methylase	PF00145.23	4.3e-49
Char_XP_031431512.1	1037	1490	DNA_methylase	PF00145.23	4.3e-49
Jjac_XP_044998526.1	1102	1554	DNA_methylase	PF00145.23	1.9e-48
Hgla_XP_012921392.1	1137	1591	DNA_methylase	PF00145.23	2e-48
Jjac_XP_044998525.1	1102	1554	DNA_methylase	PF00145.23	1.9e-48
Cruf_ENSCRFP00000011261.1	830	1282	DNA_methylase	PF00145.23	1.5e-49
Cruf_ENSCRFP00000011231.1	823	1275	DNA_methylase	PF00145.23	1.5e-49
Cmos_ENSCMMP00000019050.1	1029	1481	DNA_methylase	PF00145.23	2.1e-49
Hgla_XP_004865538.1	1141	1595	DNA_methylase	PF00145.23	2e-48
Panhal_XP_025800708.1	1098	1147	DNA_methylase	PF00145.23	1.4e-05
Panhal_XP_025800708.1	1181	1525	DNA_methylase	PF00145.23	1.2e-41
Panhal_XP_025800710.1	1098	1147	DNA_methylase	PF00145.23	1.4e-05
Panhal_XP_025800710.1	1181	1525	DNA_methylase	PF00145.23	1.2e-41
Panhal_XP_025800711.1	1098	1147	DNA_methylase	PF00145.23	1.4e-05
Panhal_XP_025800711.1	1181	1525	DNA_methylase	PF00145.23	1.2e-41
Rchi_XP_024158121.1	1126	1553	DNA_methylase	PF00145.23	8.2e-48
Zcal_XP_027441530.2	1130	1583	DNA_methylase	PF00145.23	7.7e-50
Zcal_XP_027441529.2	1138	1591	DNA_methylase	PF00145.23	7.8e-50
Jjac_XP_044998523.1	1102	1554	DNA_methylase	PF00145.23	1.9e-48
Btau_XP_010805078.1	1150	1602	DNA_methylase	PF00145.23	4.2e-49
Jjac_XP_044998522.1	1102	1554	DNA_methylase	PF00145.23	1.9e-48
Cruf_ENSCRFP00000011484.1	820	1272	DNA_methylase	PF00145.23	1.5e-49
Atha_NP_001190725.1	1189	1532	DNA_methylase	PF00145.23	9.1e-44
Bind_XP_070648891.1	1150	1602	DNA_methylase	PF00145.23	4.2e-49
Btau_XP_005208769.2	1150	1602	DNA_methylase	PF00145.23	4.2e-49
Cruf_ENSCRFP00000011257.1	835	1287	DNA_methylase	PF00145.23	1.5e-49
Azon_ENSAZOP00000005900.1	1155	1607	DNA_methylase	PF00145.23	2.3e-49
Azon_ENSAZOP00000005975.1	1155	1607	DNA_methylase	PF00145.23	2.3e-49
Azon_ENSAZOP00000006072.1	1155	1607	DNA_methylase	PF00145.23	2.3e-49
Azon_ENSAZOP00000006245.1	1155	1607	DNA_methylase	PF00145.23	2.3e-49
Azon_ENSAZOP00000006364.1	1155	1607	DNA_methylase	PF00145.23	2.3e-49
Srhi_XP_016425842.1	1027	1479	DNA_methylase	PF00145.23	2.2e-49
Pmag_XP_033826503.1	1025	1479	DNA_methylase	PF00145.23	3.7e-49
Anis_ENSANIP00000009705.1	1053	1505	DNA_methylase	PF00145.23	2.1e-49
Dvir_XP_050518910.1	791	1233	DNA_methylase	PF00145.23	1e-48
Cser_KAG6926000.1	430	882	DNA_methylase	PF00145.23	1.8e-49
Cruf_ENSCRFP00000011495.1	852	1304	DNA_methylase	PF00145.23	1.5e-49
Hgla_XP_012921391.1	1139	1593	DNA_methylase	PF00145.23	2e-48
Moch_XP_013201743.1	1132	1585	DNA_methylase	PF00145.23	2.9e-49
Cpic_XP_065431703.1	1040	1492	DNA_methylase	PF00145.23	4.2e-49
Cpic_XP_065431702.1	1043	1495	DNA_methylase	PF00145.23	4.2e-49
Cpic_XP_065431701.1	1045	1497	DNA_methylase	PF00145.23	4.2e-49
Linelo_KAK5810161.1	489	942	DNA_methylase	PF00145.23	2.5e-48
Nleu_XP_030676759.1	1019	1472	DNA_methylase	PF00145.23	9.1e-49
Olon_KN539640.1_FGP002	1112	1549	DNA_methylase	PF00145.23	7.3e-48
Ipun_XP_017310385.1	1032	1485	DNA_methylase	PF00145.23	5.3e-49
Cust_XP_032939600.1	1032	1484	DNA_methylase	PF00145.23	1.8e-49
Oglu_OGLUM07G04850.1	1099	1536	DNA_methylase	PF00145.23	7.2e-48
Gmax_XP_014632022.1	1119	1163	DNA_methylase	PF00145.23	4.4e-05
Gmax_XP_014632022.1	1205	1546	DNA_methylase	PF00145.23	7.1e-42
Afar_AFAF001602-PA	11	338	DNA_methylase	PF00145.23	1e-49
Shab_XP_030331068.1	1029	1481	DNA_methylase	PF00145.23	2e-49
Acol_XP_040230297.2	10	337	DNA_methylase	PF00145.23	1e-49
Shab_XP_030331066.1	1042	1494	DNA_methylase	PF00145.23	2e-49
Shab_XP_030331067.1	1041	1493	DNA_methylase	PF00145.23	2e-49
Psim_ENSPSMP00000029441.1	1139	1591	DNA_methylase	PF00145.23	3.6e-49
Apis_XP_008181290.1	137	588	DNA_methylase	PF00145.23	8.8e-49
Anoara_XP_040161952.1	147	474	DNA_methylase	PF00145.23	1.1e-49
Ocun_XP_069915253.1	1014	1467	DNA_methylase	PF00145.23	9.2e-49
Ocun_XP_069915255.1	1014	1467	DNA_methylase	PF00145.23	9.2e-49
Opri_XP_058513592.1	1105	1558	DNA_methylase	PF00145.23	6.7e-49
Chir_XP_017906509.1	1029	1481	DNA_methylase	PF00145.23	2.6e-49
Chir_XP_017906510.1	1029	1481	DNA_methylase	PF00145.23	2.6e-49
Osat_XP_066168056.1	1051	1478	DNA_methylase	PF00145.23	8.4e-48
Cpic_XP_065431704.1	919	1371	DNA_methylase	PF00145.23	3.6e-49
Kfed_Kaladp0053s0062.1.v1.1	1177	1519	DNA_methylase	PF00145.23	3.6e-42
Clan_XP_005405640.1	1019	1473	DNA_methylase	PF00145.23	5.9e-49
Clan_XP_013360771.1	1019	1473	DNA_methylase	PF00145.23	5.9e-49
Clan_XP_005405639.1	1140	1594	DNA_methylase	PF00145.23	6.8e-49
Ocun_XP_069915252.1	1134	1587	DNA_methylase	PF00145.23	1.1e-48
Tcar_ENSTMTP00000004785.1	1040	1492	DNA_methylase	PF00145.23	4.2e-49
Nvis_XP_044110180.1	1138	1591	DNA_methylase	PF00145.23	1.5e-49
Sollyc_NP_001234748.3	1212	1549	DNA_methylase	PF00145.23	2.1e-42
Cmon_XP_031950332.1	1023	1475	DNA_methylase	PF00145.23	2.3e-49
Clan_XP_013360770.1	1132	1586	DNA_methylase	PF00145.23	6.8e-49
Agam_XP_312975.6	146	473	DNA_methylase	PF00145.23	1.3e-49
Fcar_GMN30390.1	1214	1551	DNA_methylase	PF00145.23	1.1e-43
Cmon_XP_031950330.1	1038	1490	DNA_methylase	PF00145.23	2.3e-49
Cmon_XP_031950331.1	1037	1489	DNA_methylase	PF00145.23	2.3e-49
Osat_NP_001409175.1	1094	1521	DNA_methylase	PF00145.23	8.8e-48
Osat_XP_025882910.1	1094	1521	DNA_methylase	PF00145.23	8.8e-48
Macu_XP_065032939.1	1187	1529	DNA_methylase	PF00145.23	4.3e-43
Oruf_ORUFI07G05120.1	1082	1509	DNA_methylase	PF00145.23	9.8e-48
Oniv_ONIVA07G04070.1	1126	1563	DNA_methylase	PF00145.23	9.2e-48
Coka_Cok_S_s182_13501.t1	133	494	DNA_methylase	PF00145.23	1.5e-49
Macu_XP_064961964.1	1187	1529	DNA_methylase	PF00145.23	4.3e-43
Macu_XP_018679788.2	1187	1529	DNA_methylase	PF00145.23	4.3e-43
Osat_XP_066168055.1	1123	1550	DNA_methylase	PF00145.23	9.1e-48
Bmus_XP_036701908.1	1011	1463	DNA_methylase	PF00145.23	1.2e-49
Pcoq_XP_012496719.1	1139	1591	DNA_methylase	PF00145.23	3.6e-49
Amer_XP_041784061.1	146	473	DNA_methylase	PF00145.23	1.5e-49
Sscr_XP_020937699.1	1127	1580	DNA_methylase	PF00145.23	1.3e-49
Sscr_XP_020937695.1	1128	1581	DNA_methylase	PF00145.23	1.3e-49
Mcar_XP_021027815.1	1144	1596	DNA_methylase	PF00145.23	1.2e-48
Sscr_XP_020937691.1	1128	1581	DNA_methylase	PF00145.23	1.3e-49
Rhimic_XP_037285685.1	920	1359	DNA_methylase	PF00145.23	1.3e-48
Mcar_XP_021027816.1	1143	1595	DNA_methylase	PF00145.23	1.2e-48
Sscr_XP_020937688.1	1168	1621	DNA_methylase	PF00145.23	1.3e-49
Nleu_XP_030676761.1	871	1324	DNA_methylase	PF00145.23	7.4e-49
Sscr_XP_005654886.1	1168	1621	DNA_methylase	PF00145.23	1.4e-49
Sscr_XP_005654885.1	1169	1622	DNA_methylase	PF00145.23	1.4e-49
Aoff_XP_020269746.1	1122	1167	DNA_methylase	PF00145.23	1.5e-05
Aoff_XP_020269746.1	1204	1549	DNA_methylase	PF00145.23	1.3e-40
Jjac_XP_044998524.1	1100	1552	DNA_methylase	PF00145.23	1.9e-48
Mmon_XP_029073096.1	1147	1599	DNA_methylase	PF00145.23	1.4e-49
Mmon_XP_029073102.1	1147	1599	DNA_methylase	PF00145.23	1.4e-49
Cabi_XP_032649054.1	974	1426	DNA_methylase	PF00145.23	6e-49
Gevg_XP_030401686.1	974	1426	DNA_methylase	PF00145.23	6e-49
Ldec_XP_023026505.1	797	977	DNA_methylase	PF00145.23	1.3e-33
Ldec_XP_023026505.1	1176	1243	DNA_methylase	PF00145.23	2e-13
Ggal_XP_046760704.1	1067	1518	DNA_methylase	PF00145.23	3.9e-49
Ggal_XP_046760705.1	1050	1501	DNA_methylase	PF00145.23	3.8e-49
Gevg_XP_030401685.1	1029	1481	DNA_methylase	PF00145.23	6.4e-49
Ggal_XP_046760702.1	1085	1536	DNA_methylase	PF00145.23	4e-49
Ggal_XP_046760701.1	1086	1537	DNA_methylase	PF00145.23	4e-49
Odeg_XP_023572897.1	1139	1593	DNA_methylase	PF00145.23	2.7e-48
Gaga_ENSGAGP00000012312.1	914	1366	DNA_methylase	PF00145.23	5.5e-49
Gevg_XP_030401687.1	914	1366	DNA_methylase	PF00145.23	5.5e-49
Gevg_XP_030401688.1	914	1366	DNA_methylase	PF00145.23	5.5e-49
Gevg_XP_030401689.1	914	1366	DNA_methylase	PF00145.23	5.5e-49
Ggal_XP_046760706.1	1042	1493	DNA_methylase	PF00145.23	3.8e-49
Ggal_XP_046760707.1	1041	1492	DNA_methylase	PF00145.23	3.8e-49
Cabi_XP_032649053.1	1029	1481	DNA_methylase	PF00145.23	6.5e-49
Cabi_XP_032649055.1	914	1366	DNA_methylase	PF00145.23	5.5e-49
Ggal_NP_996835.1	1055	1506	DNA_methylase	PF00145.23	3.9e-49
Ggal_XP_046760703.1	1078	1529	DNA_methylase	PF00145.23	4e-49
Gevg_XP_030401684.1	1048	1500	DNA_methylase	PF00145.23	6.6e-49
Cabi_XP_032649052.1	1048	1500	DNA_methylase	PF00145.23	6.6e-49
Bind_XP_070648895.1	1029	1481	DNA_methylase	PF00145.23	3.8e-49
Mmus_XP_011240695.1	1032	1484	DNA_methylase	PF00145.23	1.9e-48
Zmay_NP_001105186.1	1014	1063	DNA_methylase	PF00145.23	1.2e-05
Zmay_NP_001105186.1	1097	1441	DNA_methylase	PF00145.23	5.8e-41
Mmus_NP_001186361.1	1024	1476	DNA_methylase	PF00145.23	1.9e-48
Mmus_NP_001186362.1	1025	1477	DNA_methylase	PF00145.23	1.9e-48
Odeg_XP_023572896.1	1018	1472	DNA_methylase	PF00145.23	2.3e-48
Odeg_XP_023572898.1	1018	1472	DNA_methylase	PF00145.23	2.3e-48
Achi_PSS29109.1	548	892	DNA_methylase	PF00145.23	4.5e-43
Natt_XP_019262284.1	1208	1548	DNA_methylase	PF00145.23	4e-42
Mmus_NP_001391614.2	1149	1601	DNA_methylase	PF00145.23	2.2e-48
Mmus_NP_001300940.1	1150	1602	DNA_methylase	PF00145.23	2.2e-48
Gevg_XP_030401690.1	763	1215	DNA_methylase	PF00145.23	4.3e-49
Gdil_PPR01483.1	797	1273	DNA_methylase	PF00145.23	5.6e-48
Anan_XP_064217348.1	1011	1464	DNA_methylase	PF00145.23	2.7e-48
Cabi_XP_032649056.1	763	1215	DNA_methylase	PF00145.23	4.4e-49
Sbic_XP_021308678.1	1100	1149	DNA_methylase	PF00145.23	1.4e-05
Sbic_XP_021308678.1	1184	1527	DNA_methylase	PF00145.23	3.5e-41
Mspr_MGP_SPRETEiJ_P0090468	1143	1595	DNA_methylase	PF00145.23	2.1e-48
Mspi_ENSMSIP00000020610.1	1143	1595	DNA_methylase	PF00145.23	2.1e-48
Mmus_NP_001186360.2	1143	1595	DNA_methylase	PF00145.23	2.1e-48
Mmus_NP_034196.5	1142	1594	DNA_methylase	PF00145.23	2.1e-48
Lang_XP_019449457.1	1123	1166	DNA_methylase	PF00145.23	5.4e-05
Lang_XP_019449457.1	1206	1550	DNA_methylase	PF00145.23	4.2e-42
Lang_XP_019449458.1	1123	1166	DNA_methylase	PF00145.23	5.4e-05
Lang_XP_019449458.1	1206	1550	DNA_methylase	PF00145.23	4.2e-42
Lame_KIK08259.1	791	1001	DNA_methylase	PF00145.23	6.1e-34
Lame_KIK08259.1	1196	1264	DNA_methylase	PF00145.23	1e-12
Qlob_XP_030938087.1	1227	1568	DNA_methylase	PF00145.23	6.6e-43
Pcas_ENSPCEP00000018867.1	917	1369	DNA_methylase	PF00145.23	5.8e-49
Rsan_XP_049270175.1	950	1389	DNA_methylase	PF00145.23	1.3e-48
Rbie_XP_017735519.1	1212	1665	DNA_methylase	PF00145.23	2e-48
Osin_XP_029649765.1	1111	1563	DNA_methylase	PF00145.23	2.3e-49
Dcar_XP_017230577.1	1170	1517	DNA_methylase	PF00145.23	3.1e-42
Dcar_XP_017230579.1	1170	1517	DNA_methylase	PF00145.23	3.1e-42
Dcar_XP_017230580.1	1170	1517	DNA_methylase	PF00145.23	3.1e-42
Dcar_XP_017230581.1	1170	1517	DNA_methylase	PF00145.23	3.1e-42
Dcar_XP_017230582.1	1170	1517	DNA_methylase	PF00145.23	3.1e-42
Onttau_XP_022916822.2	1	319	DNA_methylase	PF00145.23	2.8e-49
Hgla_XP_021100735.1	801	1255	DNA_methylase	PF00145.23	1.2e-48
Stub_XP_006359979.1	1199	1539	DNA_methylase	PF00145.23	3.8e-42
Vkom_XP_044299447.1	1045	1497	DNA_methylase	PF00145.23	1.5e-48
Fcyl_OEU13796.1	468	806	DNA_methylase	PF00145.23	2.4e-49
Hgla_XP_021100734.1	916	1370	DNA_methylase	PF00145.23	1.5e-48
Csav_ENSCSAVP00000010171.1	761	1215	DNA_methylase	PF00145.23	7.2e-49
Pvit_XP_020667747.1	1033	1485	DNA_methylase	PF00145.23	1e-48
Psat_XP_050916331.1	1117	1544	DNA_methylase	PF00145.23	3.6e-47
Pvit_XP_020667746.1	1044	1496	DNA_methylase	PF00145.23	1e-48
Pvit_XP_020667745.1	1047	1499	DNA_methylase	PF00145.23	1e-48
Bvul_XP_010688470.2	1168	1217	DNA_methylase	PF00145.23	3.5e-05
Bvul_XP_010688470.2	1247	1595	DNA_methylase	PF00145.23	5.8e-42
Ccaj_XP_020239572.2	1253	1297	DNA_methylase	PF00145.23	2.2e-05
Ccaj_XP_020239572.2	1339	1680	DNA_methylase	PF00145.23	2e-40
Zmay_XP_008652110.1	1097	1146	DNA_methylase	PF00145.23	1.2e-05
Zmay_XP_008652110.1	1180	1524	DNA_methylase	PF00145.23	7.4e-41
Zmay_XP_008652111.1	1097	1146	DNA_methylase	PF00145.23	1.2e-05
Zmay_XP_008652111.1	1180	1524	DNA_methylase	PF00145.23	7.4e-41
Zmay_XP_008652112.1	1097	1146	DNA_methylase	PF00145.23	1.2e-05
Zmay_XP_008652112.1	1180	1524	DNA_methylase	PF00145.23	7.4e-41
Zmay_XP_020396507.1	1097	1146	DNA_methylase	PF00145.23	1.2e-05
Zmay_XP_020396507.1	1180	1524	DNA_methylase	PF00145.23	7.4e-41
Zmay_XP_020396508.1	1097	1146	DNA_methylase	PF00145.23	1.2e-05
Zmay_XP_020396508.1	1180	1524	DNA_methylase	PF00145.23	7.4e-41
Zmay_XP_020396509.1	1097	1146	DNA_methylase	PF00145.23	1.2e-05
Zmay_XP_020396509.1	1180	1524	DNA_methylase	PF00145.23	7.4e-41
Zmay_XP_035816743.1	1097	1146	DNA_methylase	PF00145.23	1.2e-05
Zmay_XP_035816743.1	1180	1524	DNA_methylase	PF00145.23	7.4e-41
Zmay_XP_008652109.1	1103	1152	DNA_methylase	PF00145.23	1.2e-05
Zmay_XP_008652109.1	1186	1530	DNA_methylase	PF00145.23	7.4e-41
Zmay_XP_020396506.1	1103	1152	DNA_methylase	PF00145.23	1.2e-05
Zmay_XP_020396506.1	1186	1530	DNA_methylase	PF00145.23	7.4e-41
Zmay_XP_035816721.1	1103	1152	DNA_methylase	PF00145.23	1.2e-05
Zmay_XP_035816721.1	1186	1530	DNA_methylase	PF00145.23	7.4e-41
Zmay_XP_035816722.1	1103	1152	DNA_methylase	PF00145.23	1.2e-05
Zmay_XP_035816722.1	1186	1530	DNA_methylase	PF00145.23	7.4e-41
Zmay_XP_035816723.1	1103	1152	DNA_methylase	PF00145.23	1.2e-05
Zmay_XP_035816723.1	1186	1530	DNA_methylase	PF00145.23	7.4e-41
Zmay_XP_035816724.1	1103	1152	DNA_methylase	PF00145.23	1.2e-05
Zmay_XP_035816724.1	1186	1530	DNA_methylase	PF00145.23	7.4e-41
Zmay_XP_035816725.1	1103	1152	DNA_methylase	PF00145.23	1.2e-05
Zmay_XP_035816725.1	1186	1530	DNA_methylase	PF00145.23	7.4e-41
Zmay_XP_035816726.1	1103	1152	DNA_methylase	PF00145.23	1.2e-05
Zmay_XP_035816726.1	1186	1530	DNA_methylase	PF00145.23	7.4e-41
Zmay_XP_035816727.1	1103	1152	DNA_methylase	PF00145.23	1.2e-05
Zmay_XP_035816727.1	1186	1530	DNA_methylase	PF00145.23	7.4e-41
Zmay_XP_035816728.1	1103	1152	DNA_methylase	PF00145.23	1.2e-05
Zmay_XP_035816728.1	1186	1530	DNA_methylase	PF00145.23	7.4e-41
Zmay_XP_035816729.1	1103	1152	DNA_methylase	PF00145.23	1.2e-05
Zmay_XP_035816729.1	1186	1530	DNA_methylase	PF00145.23	7.4e-41
Zmay_XP_035816730.1	1103	1152	DNA_methylase	PF00145.23	1.2e-05
Zmay_XP_035816730.1	1186	1530	DNA_methylase	PF00145.23	7.4e-41
Zmay_XP_035816731.1	1103	1152	DNA_methylase	PF00145.23	1.2e-05
Zmay_XP_035816731.1	1186	1530	DNA_methylase	PF00145.23	7.4e-41
Zmay_XP_035816732.1	1103	1152	DNA_methylase	PF00145.23	1.2e-05
Zmay_XP_035816732.1	1186	1530	DNA_methylase	PF00145.23	7.4e-41
Zmay_XP_035816733.1	1103	1152	DNA_methylase	PF00145.23	1.2e-05
Zmay_XP_035816733.1	1186	1530	DNA_methylase	PF00145.23	7.4e-41
Zmay_XP_035816734.1	1103	1152	DNA_methylase	PF00145.23	1.2e-05
Zmay_XP_035816734.1	1186	1530	DNA_methylase	PF00145.23	7.4e-41
Zmay_XP_035816735.1	1103	1152	DNA_methylase	PF00145.23	1.2e-05
Zmay_XP_035816735.1	1186	1530	DNA_methylase	PF00145.23	7.4e-41
Zmay_XP_035816736.1	1103	1152	DNA_methylase	PF00145.23	1.2e-05
Zmay_XP_035816736.1	1186	1530	DNA_methylase	PF00145.23	7.4e-41
Zmay_XP_035816737.1	1103	1152	DNA_methylase	PF00145.23	1.2e-05
Zmay_XP_035816737.1	1186	1530	DNA_methylase	PF00145.23	7.4e-41
Zmay_XP_035816738.1	1103	1152	DNA_methylase	PF00145.23	1.2e-05
Zmay_XP_035816738.1	1186	1530	DNA_methylase	PF00145.23	7.4e-41
Zmay_XP_035816739.1	1103	1152	DNA_methylase	PF00145.23	1.2e-05
Zmay_XP_035816739.1	1186	1530	DNA_methylase	PF00145.23	7.4e-41
Zmay_XP_035816740.1	1103	1152	DNA_methylase	PF00145.23	1.2e-05
Zmay_XP_035816740.1	1186	1530	DNA_methylase	PF00145.23	7.4e-41
Zmay_XP_035816741.1	1103	1152	DNA_methylase	PF00145.23	1.2e-05
Zmay_XP_035816741.1	1186	1530	DNA_methylase	PF00145.23	7.4e-41
Zmay_XP_035816742.1	1103	1152	DNA_methylase	PF00145.23	1.2e-05
Zmay_XP_035816742.1	1186	1530	DNA_methylase	PF00145.23	7.4e-41
Zmay_XP_008652107.1	1112	1161	DNA_methylase	PF00145.23	1.2e-05
Zmay_XP_008652107.1	1195	1539	DNA_methylase	PF00145.23	7.5e-41
Zmay_XP_008652108.1	1109	1158	DNA_methylase	PF00145.23	1.2e-05
Zmay_XP_008652108.1	1192	1536	DNA_methylase	PF00145.23	7.6e-41
Zmay_XP_020396503.1	1109	1158	DNA_methylase	PF00145.23	1.2e-05
Zmay_XP_020396503.1	1192	1536	DNA_methylase	PF00145.23	7.6e-41
Zmay_XP_020396505.1	1108	1157	DNA_methylase	PF00145.23	1.2e-05
Zmay_XP_020396505.1	1191	1535	DNA_methylase	PF00145.23	7.4e-41
Zmay_XP_023156424.1	1108	1157	DNA_methylase	PF00145.23	1.2e-05
Zmay_XP_023156424.1	1191	1535	DNA_methylase	PF00145.23	7.4e-41
Zmay_XP_035816719.1	1108	1157	DNA_methylase	PF00145.23	1.2e-05
Zmay_XP_035816719.1	1191	1535	DNA_methylase	PF00145.23	7.4e-41
Zmay_XP_035816720.1	1108	1157	DNA_methylase	PF00145.23	1.2e-05
Zmay_XP_035816720.1	1191	1535	DNA_methylase	PF00145.23	7.4e-41
Ppat_XP_024387799.1	1142	1187	DNA_methylase	PF00145.23	2e-05
Ppat_XP_024387799.1	1225	1565	DNA_methylase	PF00145.23	3.6e-41
Zmay_XP_008652103.1	1115	1164	DNA_methylase	PF00145.23	1.2e-05
Zmay_XP_008652103.1	1198	1542	DNA_methylase	PF00145.23	7.5e-41
Zmay_XP_023156423.1	1115	1164	DNA_methylase	PF00145.23	1.2e-05
Zmay_XP_023156423.1	1198	1542	DNA_methylase	PF00145.23	7.5e-41
Zmay_XP_035816714.1	1115	1164	DNA_methylase	PF00145.23	1.2e-05
Zmay_XP_035816714.1	1198	1542	DNA_methylase	PF00145.23	7.5e-41
Zmay_XP_035816715.1	1115	1164	DNA_methylase	PF00145.23	1.2e-05
Zmay_XP_035816715.1	1198	1542	DNA_methylase	PF00145.23	7.5e-41
Zmay_XP_035816716.1	1115	1164	DNA_methylase	PF00145.23	1.2e-05
Zmay_XP_035816716.1	1198	1542	DNA_methylase	PF00145.23	7.5e-41
Zmay_XP_035816717.1	1115	1164	DNA_methylase	PF00145.23	1.2e-05
Zmay_XP_035816717.1	1198	1542	DNA_methylase	PF00145.23	7.5e-41
Zmay_XP_035816718.1	1115	1164	DNA_methylase	PF00145.23	1.2e-05
Zmay_XP_035816718.1	1198	1542	DNA_methylase	PF00145.23	7.5e-41
Pmar_XP_032814838.1	1111	1563	DNA_methylase	PF00145.23	1.4e-48
Pmar_XP_032814839.1	1106	1558	DNA_methylase	PF00145.23	1.4e-48
Zmay_XP_008652102.1	1127	1176	DNA_methylase	PF00145.23	1.3e-05
Zmay_XP_008652102.1	1210	1554	DNA_methylase	PF00145.23	7.6e-41
Zmay_XP_023156422.1	1127	1176	DNA_methylase	PF00145.23	1.3e-05
Zmay_XP_023156422.1	1210	1554	DNA_methylase	PF00145.23	7.6e-41
Zmay_XP_008652100.1	1130	1179	DNA_methylase	PF00145.23	1.3e-05
Zmay_XP_008652100.1	1213	1557	DNA_methylase	PF00145.23	7.6e-41
Zmay_XP_023156421.1	1130	1179	DNA_methylase	PF00145.23	1.3e-05
Zmay_XP_023156421.1	1213	1557	DNA_methylase	PF00145.23	7.6e-41
Mund_XP_033927877.1	976	1428	DNA_methylase	PF00145.23	6.9e-49
Rnor_NP_445806.3	1144	1596	DNA_methylase	PF00145.23	1.9e-48
Pmar_XP_032814837.1	1148	1600	DNA_methylase	PF00145.23	1.5e-48
Mund_XP_033927876.1	1009	1461	DNA_methylase	PF00145.23	7.2e-49
Pmar_XP_032814836.1	1149	1601	DNA_methylase	PF00145.23	1.5e-48
Pmar_XP_032814835.1	1152	1604	DNA_methylase	PF00145.23	1.5e-48
Chir_XP_017906508.1	1137	1589	DNA_methylase	PF00145.23	3e-49
Pmar_XP_032814834.1	1153	1605	DNA_methylase	PF00145.23	1.5e-48
Mund_XP_033927875.1	1022	1474	DNA_methylase	PF00145.23	7.3e-49
Zmay_XP_035816713.1	1164	1213	DNA_methylase	PF00145.23	1.3e-05
Zmay_XP_035816713.1	1247	1591	DNA_methylase	PF00145.23	7.9e-41
Bdor_XP_011205155.2	3	336	DNA_methylase	PF00145.23	3.8e-49
Anocar_XP_008117963.2	1048	1500	DNA_methylase	PF00145.23	1.5e-48
Pcri_KII89181.1	763	981	DNA_methylase	PF00145.23	1.4e-34
Pcri_KII89181.1	1159	1232	DNA_methylase	PF00145.23	1.4e-11
Sdau_ENSSDAP00000026152.1	1035	1488	DNA_methylase	PF00145.23	1e-48
Cotglo_XP_044589722.1	1	345	DNA_methylase	PF00145.23	4.1e-49
Cotglo_XP_044589723.1	1	345	DNA_methylase	PF00145.23	4.1e-49
Llei_ENSLLEP00000006771.1	1012	1464	DNA_methylase	PF00145.23	9.2e-49
Zmay_XP_008651845.2	1097	1146	DNA_methylase	PF00145.23	1.2e-05
Zmay_XP_008651845.2	1180	1524	DNA_methylase	PF00145.23	9.4e-41
Zmay_XP_008651844.2	1103	1152	DNA_methylase	PF00145.23	1.2e-05
Zmay_XP_008651844.2	1186	1530	DNA_methylase	PF00145.23	9.4e-41
Zmay_XP_008651843.2	1111	1160	DNA_methylase	PF00145.23	1.2e-05
Zmay_XP_008651843.2	1194	1538	DNA_methylase	PF00145.23	9.5e-41
Zmay_XP_008651842.2	1115	1164	DNA_methylase	PF00145.23	1.2e-05
Zmay_XP_008651842.2	1198	1542	DNA_methylase	PF00145.23	9.6e-41
Ogar_XP_012665666.1	803	1256	DNA_methylase	PF00145.23	1.1e-48
Rnor_XP_063122293.1	1197	1649	DNA_methylase	PF00145.23	2.2e-48
Aros_XP_012261891.2	1	350	DNA_methylase	PF00145.23	4.4e-49
Csyr_XP_008051820.2	866	1319	DNA_methylase	PF00145.23	1.4e-48
Mmul_XP_028695111.1	804	1260	DNA_methylase	PF00145.23	1.6e-48
Zmay_XP_008651840.2	1129	1178	DNA_methylase	PF00145.23	1.3e-05
Zmay_XP_008651840.2	1212	1556	DNA_methylase	PF00145.23	9.7e-41
Omer_OMERI07G03630.3	1090	1549	DNA_methylase	PF00145.23	5.9e-47
Leeper_LPERR07G04640.1	1097	1146	DNA_methylase	PF00145.23	2.8e-05
Leeper_LPERR07G04640.1	1178	1555	DNA_methylase	PF00145.23	4.3e-41
Pver_KFH66073.1	1090	1629	DNA_methylase	PF00145.23	2.7e-46
Btau_XP_024849600.1	1137	1589	DNA_methylase	PF00145.23	4.1e-49
Csav_ENSCSAVP00000010172.1	807	1260	DNA_methylase	PF00145.23	1.3e-48
Bind_XP_019819689.2	1137	1589	DNA_methylase	PF00145.23	4.1e-49
Bmut_XP_005910911.2	1137	1589	DNA_methylase	PF00145.23	4.1e-49
Btau_NP_872592.2	1137	1589	DNA_methylase	PF00145.23	4.1e-49
Bgru_ENSBGRP00000003888.1	1136	1589	DNA_methylase	PF00145.23	4.2e-49
Aech_XP_011056477.1	943	1396	DNA_methylase	PF00145.23	4.2e-49
Bind_XP_070648890.1	1137	1589	DNA_methylase	PF00145.23	4.3e-49
Btau_XP_015327478.1	1137	1589	DNA_methylase	PF00145.23	4.3e-49
Esp.FLASF59071_RUS20662.1	947	1410	DNA_methylase	PF00145.23	1e-47
Cpor_XP_063084697.1	1015	1469	DNA_methylase	PF00145.23	2.9e-48
Cpor_XP_063084698.1	1015	1469	DNA_methylase	PF00145.23	2.9e-48
Cpor_XP_063084699.1	1015	1469	DNA_methylase	PF00145.23	2.9e-48
Oari_XP_060271319.1	1130	1582	DNA_methylase	PF00145.23	4.4e-49
Cpor_XP_003460912.3	1136	1590	DNA_methylase	PF00145.23	3.3e-48
Cruf_ENSCRFP00000011290.1	835	1271	DNA_methylase	PF00145.23	2.9e-48
Cpor_XP_063084700.1	990	1444	DNA_methylase	PF00145.23	2.8e-48
Anogla_XP_018573692.1	800	1247	DNA_methylase	PF00145.23	1.3e-48
Pcya_PPQ93248.1	828	1051	DNA_methylase	PF00145.23	3.4e-34
Pcya_PPQ93248.1	1237	1310	DNA_methylase	PF00145.23	8.5e-12
Oari_NP_001009473.1	1137	1589	DNA_methylase	PF00145.23	4.8e-49
Gmar_KAF0446047.1	732	1189	DNA_methylase	PF00145.23	6.3e-48
Ogla_XP_052161810.1	1094	1521	DNA_methylase	PF00145.23	4.3e-47
Ogla_XP_052161811.1	1094	1521	DNA_methylase	PF00145.23	4.3e-47
Ogla_XP_052161812.1	1094	1521	DNA_methylase	PF00145.23	4.3e-47
Ogla_XP_052161813.1	1094	1521	DNA_methylase	PF00145.23	4.3e-47
Portri_XP_045136815.1	1145	1598	DNA_methylase	PF00145.23	2.3e-48
Pcap_ENSPCAP00000010493.1	1148	1601	DNA_methylase	PF00145.23	1.1e-48
Hazt_XP_018018718.1	1268	1718	DNA_methylase	PF00145.23	4.3e-48
Acep_XP_012060955.1	947	1400	DNA_methylase	PF00145.23	5.2e-49
Nscu_XP_026531936.1	1047	1498	DNA_methylase	PF00145.23	2.6e-48
Shir_XP_007301310.1	752	1197	DNA_methylase	PF00145.23	2.3e-48
Aaeg_XP_001657555.2	15	342	DNA_methylase	PF00145.23	5.9e-49
Smoe_XP_024535317.1	1036	1085	DNA_methylase	PF00145.23	3.7e-06
Smoe_XP_024535317.1	1119	1463	DNA_methylase	PF00145.23	3.8e-40
Smoe_XP_002963688.1	1036	1085	DNA_methylase	PF00145.23	3.7e-06
Smoe_XP_002963688.1	1119	1463	DNA_methylase	PF00145.23	3.8e-40
Sver_KIM32197.1	733	1203	DNA_methylase	PF00145.23	4.8e-47
Maph_ETS60438.1	311	748	DNA_methylase	PF00145.23	4.5e-48
Mpol_BFI39077.1	1286	1333	DNA_methylase	PF00145.23	8.9e-07
Mpol_BFI39077.1	1366	1713	DNA_methylase	PF00145.23	2e-39
Ccit_KAF8037849.1	1141	1568	DNA_methylase	PF00145.23	1.4e-47
Ccit_KAF8037850.1	1141	1568	DNA_methylase	PF00145.23	1.4e-47
Clec_XP_014253428.1	1146	1598	DNA_methylase	PF00145.23	1.5e-47
Podmur_XP_028568383.1	1009	1461	DNA_methylase	PF00145.23	2e-48
Scivul_ENSSVLP00005025163.1	1134	1587	DNA_methylase	PF00145.23	6.1e-49
Mtru_XP_039683076.1	1117	1544	DNA_methylase	PF00145.23	2.8e-47
Podmur_XP_028568382.1	1048	1500	DNA_methylase	PF00145.23	2.1e-48
Llat_ENSLLTP00000000076.1	925	1376	DNA_methylase	PF00145.23	2.7e-48
Lafr_XP_003413146.1	1135	1588	DNA_methylase	PF00145.23	6.8e-49
Lafr_XP_010591664.1	1135	1587	DNA_methylase	PF00145.23	6.8e-49
Oana_XP_028908810.1	1025	1476	DNA_methylase	PF00145.23	4.4e-48
Oana_XP_028908809.1	1040	1491	DNA_methylase	PF00145.23	4.5e-48
Ptex_XP_026567084.1	1047	1498	DNA_methylase	PF00145.23	3.8e-48
Ledo_XP_046091973.1	684	1097	DNA_methylase	PF00145.23	4.8e-48
Gfro_OBZ65761.1	1436	1910	DNA_methylase	PF00145.23	9.2e-47
Pigchi_Pchi_g14363	1183	1378	DNA_methylase	PF00145.23	3.5e-32
Pigchi_Pchi_g14363	1550	1639	DNA_methylase	PF00145.23	3.4e-14
Dvir_XP_050512373.1	798	1243	DNA_methylase	PF00145.23	2.2e-47
Apho_RDK37416.1	307	474	DNA_methylase	PF00145.23	5.8e-36
Apho_RDK37416.1	528	594	DNA_methylase	PF00145.23	1.7e-10
Aoff_XP_020272922.1	1094	1140	DNA_methylase	PF00145.23	2e-05
Aoff_XP_020272922.1	1184	1521	DNA_methylase	PF00145.23	3.4e-40
Aoff_XP_020272920.1	1104	1150	DNA_methylase	PF00145.23	2e-05
Aoff_XP_020272920.1	1194	1531	DNA_methylase	PF00145.23	3.3e-40
Aoff_XP_020272921.1	1104	1150	DNA_methylase	PF00145.23	2e-05
Aoff_XP_020272921.1	1194	1531	DNA_methylase	PF00145.23	3.3e-40
Fmed_XP_007267672.1	611	1085	DNA_methylase	PF00145.23	1.2e-47
Tpra_XP_045815102.1	1080	1507	DNA_methylase	PF00145.23	7.9e-47
Ecur_TVU44569.1	1175	1519	DNA_methylase	PF00145.23	3.7e-42
Anan_XP_021532336.2	1140	1593	DNA_methylase	PF00145.23	8.8e-49
Cjac_XP_035139474.1	1140	1593	DNA_methylase	PF00145.23	8.8e-49
Atri_XP_006847211.2	1157	1206	DNA_methylase	PF00145.23	3.3e-05
Atri_XP_006847211.2	1243	1584	DNA_methylase	PF00145.23	3.4e-42
Ficalb_XP_016161013.1	900	1354	DNA_methylase	PF00145.23	2.5e-48
Cimi_XP_017355483.1	1202	1655	DNA_methylase	PF00145.23	9.4e-49
Sbol_XP_003938993.2	1208	1661	DNA_methylase	PF00145.23	9.5e-49
Tpra_XP_045819448.1	1118	1167	DNA_methylase	PF00145.23	3.6e-05
Tpra_XP_045819448.1	1208	1545	DNA_methylase	PF00145.23	6e-41
Mror_KAI3619145.1	898	1381	DNA_methylase	PF00145.23	1.2e-47
Tpra_XP_045819447.1	1119	1168	DNA_methylase	PF00145.23	3.6e-05
Tpra_XP_045819447.1	1209	1546	DNA_methylase	PF00145.23	6e-41
Ctor_KIY73204.1	685	1156	DNA_methylase	PF00145.23	8.9e-48
Hmar_RDB21087.1	884	1374	DNA_methylase	PF00145.23	6.3e-48
Csab_XP_007993399.2	1203	1656	DNA_methylase	PF00145.23	1.1e-48
Nleu_XP_030676758.1	1208	1661	DNA_methylase	PF00145.23	1.1e-48
Mtru_XP_024631802.2	1066	1493	DNA_methylase	PF00145.23	7.4e-47
Rirr_XP_025173488.2	882	1336	DNA_methylase	PF00145.23	2.2e-47
Psom_XP_026446820.1	1120	1164	DNA_methylase	PF00145.23	2.3e-05
Psom_XP_026446820.1	1202	1547	DNA_methylase	PF00145.23	1.2e-40
Mmar_XP_048651186.1	1193	1646	DNA_methylase	PF00145.23	1.3e-48
Schcom_XP_003034892.1	927	1394	DNA_methylase	PF00145.23	1.7e-47
Mmar_XP_015344472.1	1186	1638	DNA_methylase	PF00145.23	1.3e-48
Oana_XP_028908812.1	804	1255	DNA_methylase	PF00145.23	3.2e-48
Llei_ENSLLEP00000006783.1	1020	1468	DNA_methylase	PF00145.23	3.3e-48
Mung_XP_021508130.1	1132	1585	DNA_methylase	PF00145.23	1.3e-48
Csab_XP_037848332.1	1106	1562	DNA_methylase	PF00145.23	1.4e-48
Adar_XP_049548017.1	63	392	DNA_methylase	PF00145.23	1.6e-48
Rsp.MUCL43196_RGB35515.1	718	1172	DNA_methylase	PF00145.23	1.9e-47
Hrub_XP_046578001.1	1019	1473	DNA_methylase	PF00145.23	1.1e-47
Csab_XP_037848329.1	1140	1596	DNA_methylase	PF00145.23	1.4e-48
Itri_XP_040146931.1	1098	1551	DNA_methylase	PF00145.23	1.1e-47
Hrub_XP_046578000.1	1022	1476	DNA_methylase	PF00145.23	1.1e-47
Csab_XP_037848330.1	1180	1636	DNA_methylase	PF00145.23	1.5e-48
Dgig_XP_028404801.1	845	1298	DNA_methylase	PF00145.23	1.5e-47
Vrad_XP_022635252.1	1144	1188	DNA_methylase	PF00145.23	4.2e-05
Vrad_XP_022635252.1	1229	1571	DNA_methylase	PF00145.23	2.1e-40
Dgig_XP_028404800.1	860	1313	DNA_methylase	PF00145.23	1.5e-47
Mmul_XP_028695108.1	1019	1472	DNA_methylase	PF00145.23	1.6e-48
Ptro_XP_063656615.1	1019	1472	DNA_methylase	PF00145.23	1.6e-48
Oana_XP_028908811.1	997	1448	DNA_methylase	PF00145.23	4.3e-48
Lcom_lcpid204304|	1	133	DNA_methylase	PF00145.23	1.8e-48
Adir_ADIR002928-PA	10	339	DNA_methylase	PF00145.23	1.9e-48
Cang_XP_011810261.1	1035	1488	DNA_methylase	PF00145.23	1.7e-48
Hsap_NP_001305660.1	1035	1488	DNA_methylase	PF00145.23	1.7e-48
Ptro_XP_063656610.1	1035	1488	DNA_methylase	PF00145.23	1.7e-48
Ptro_XP_063656611.1	1035	1488	DNA_methylase	PF00145.23	1.7e-48
Anoalb_XP_035775402.1	13	342	DNA_methylase	PF00145.23	1.9e-48
Anov_XP_024684526.1	324	498	DNA_methylase	PF00145.23	2.8e-35
Anov_XP_024684526.1	546	615	DNA_methylase	PF00145.23	5.3e-11
Cint_XP_018671874.1	846	1299	DNA_methylase	PF00145.23	7.5e-48
Mleu_XP_011850383.1	1112	1565	DNA_methylase	PF00145.23	1.8e-48
Pcol_XP_031466505.1	995	1179	DNA_methylase	PF00145.23	1.1e-32
Pcol_XP_031466505.1	1417	1490	DNA_methylase	PF00145.23	2.5e-13
Hsap_NP_001370.1	1140	1593	DNA_methylase	PF00145.23	1.9e-48
Mfas_XP_005587986.2	1140	1593	DNA_methylase	PF00145.23	1.9e-48
Mnem_XP_011732033.2	1140	1593	DNA_methylase	PF00145.23	1.9e-48
Ptro_XP_001163764.2	1140	1593	DNA_methylase	PF00145.23	1.9e-48
Ptro_XP_063656605.1	1142	1595	DNA_methylase	PF00145.23	1.9e-48
Cang_XP_011810260.1	1144	1597	DNA_methylase	PF00145.23	1.9e-48
Ggor_XP_030860018.2	1156	1609	DNA_methylase	PF00145.23	1.9e-48
Hsap_NP_001124295.1	1156	1609	DNA_methylase	PF00145.23	1.9e-48
Ptro_XP_512361.5	1156	1609	DNA_methylase	PF00145.23	1.9e-48
Tgel_XP_025225006.1	1156	1609	DNA_methylase	PF00145.23	1.9e-48
Etel_XP_045146255.1	1117	1569	DNA_methylase	PF00145.23	5.3e-47
Ggor_XP_055227581.1	1158	1611	DNA_methylase	PF00145.23	1.9e-48
Ptro_XP_054530029.1	1158	1611	DNA_methylase	PF00145.23	1.9e-48
Mfas_XP_065390516.1	1180	1633	DNA_methylase	PF00145.23	2e-48
Mnem_XP_011731830.3	1180	1633	DNA_methylase	PF00145.23	2e-48
Etel_XP_045146256.1	1045	1497	DNA_methylase	PF00145.23	4.8e-47
Ggor_XP_030860016.2	1202	1655	DNA_methylase	PF00145.23	2e-48
Caty_XP_011949150.1	1203	1656	DNA_methylase	PF00145.23	2e-48
Mmul_XP_014978322.2	1203	1656	DNA_methylase	PF00145.23	2e-48
Panu_XP_031515799.1	1203	1656	DNA_methylase	PF00145.23	2e-48
Rrox_XP_010372086.2	1203	1656	DNA_methylase	PF00145.23	2e-48
Tgel_XP_025225004.1	1203	1656	DNA_methylase	PF00145.23	2e-48
Ggor_XP_055227582.2	1204	1657	DNA_methylase	PF00145.23	2e-48
Piltep_XP_023050012.1	1204	1657	DNA_methylase	PF00145.23	2e-48
Ppan_XP_034800004.3	1218	1671	DNA_methylase	PF00145.23	2e-48
Ppan_XP_054959416.2	1220	1673	DNA_methylase	PF00145.23	2e-48
Afum_XP_747703.1	325	502	DNA_methylase	PF00145.23	3.7e-35
Afum_XP_747703.1	547	616	DNA_methylase	PF00145.23	5e-11
Pabe_XP_024093741.3	1240	1693	DNA_methylase	PF00145.23	2.1e-48
Ppan_XP_034800007.3	1240	1693	DNA_methylase	PF00145.23	2.1e-48
Pabe_XP_054395609.2	1242	1695	DNA_methylase	PF00145.23	2.1e-48
Pabe_XP_054395608.2	1242	1695	DNA_methylase	PF00145.23	2.1e-48
Etel_XP_045146253.1	1162	1614	DNA_methylase	PF00145.23	5.6e-47
Lbic_XP_001875435.1	900	1290	DNA_methylase	PF00145.23	7.5e-42
Etel_XP_045146251.1	1164	1616	DNA_methylase	PF00145.23	5.6e-47
Dcar_XP_017243367.1	1424	1761	DNA_methylase	PF00145.23	2e-44
Caty_XP_011949152.1	1019	1475	DNA_methylase	PF00145.23	2.2e-48
Mmul_XP_014978323.2	1019	1475	DNA_methylase	PF00145.23	2.2e-48
Mmul_XP_014978325.2	1019	1475	DNA_methylase	PF00145.23	2.2e-48
Mmul_XP_028695110.1	1019	1475	DNA_methylase	PF00145.23	2.2e-48
Mnem_XP_011732095.1	1019	1475	DNA_methylase	PF00145.23	2.2e-48
Panu_XP_031515800.1	1019	1475	DNA_methylase	PF00145.23	2.2e-48
Ptro_XP_063656614.1	1019	1475	DNA_methylase	PF00145.23	2.2e-48
Rrox_XP_030791785.1	1019	1475	DNA_methylase	PF00145.23	2.2e-48
Ptro_XP_063656612.1	1021	1477	DNA_methylase	PF00145.23	2.2e-48
Ptro_XP_063656613.1	1021	1477	DNA_methylase	PF00145.23	2.2e-48
Ptro_XP_063656608.1	1035	1491	DNA_methylase	PF00145.23	2.3e-48
Ptro_XP_063656609.1	1035	1491	DNA_methylase	PF00145.23	2.3e-48
Ptro_XP_063656606.1	1037	1493	DNA_methylase	PF00145.23	2.3e-48
Ptro_XP_063656607.1	1037	1493	DNA_methylase	PF00145.23	2.3e-48
Dcay_XP_039140954.1	1183	1520	DNA_methylase	PF00145.23	7.2e-41
Dcay_XP_039140953.1	1184	1521	DNA_methylase	PF00145.23	7.2e-41
Etel_XP_045146252.1	1163	1615	DNA_methylase	PF00145.23	5.6e-47
Dcay_XP_039140950.1	1190	1527	DNA_methylase	PF00145.23	7.3e-41
Dcay_XP_039140952.1	1190	1527	DNA_methylase	PF00145.23	7.3e-41
Dcay_XP_039140949.1	1192	1529	DNA_methylase	PF00145.23	7.3e-41
Caty_XP_011949151.1	1106	1562	DNA_methylase	PF00145.23	2.5e-48
Mmul_XP_014978324.2	1106	1562	DNA_methylase	PF00145.23	2.5e-48
Piltep_XP_023050014.1	1106	1562	DNA_methylase	PF00145.23	2.5e-48
Rrox_XP_030791784.1	1106	1562	DNA_methylase	PF00145.23	2.5e-48
Mmol_ENSMMOP00000007373.1	5	367	DNA_methylase	PF00145.23	3.8e-48
Caty_XP_011949149.1	1140	1596	DNA_methylase	PF00145.23	2.6e-48
Mfas_XP_015295861.1	1140	1596	DNA_methylase	PF00145.23	2.6e-48
Mmul_XP_014978321.2	1140	1596	DNA_methylase	PF00145.23	2.6e-48
Mnem_XP_011731953.1	1140	1596	DNA_methylase	PF00145.23	2.6e-48
Panu_XP_031515797.1	1140	1596	DNA_methylase	PF00145.23	2.6e-48
Piltep_XP_023050013.1	1140	1596	DNA_methylase	PF00145.23	2.6e-48
Ptro_XP_009432943.1	1140	1596	DNA_methylase	PF00145.23	2.6e-48
Rrox_XP_010372085.1	1140	1596	DNA_methylase	PF00145.23	2.6e-48
Hsap_NP_001305659.1	1140	1596	DNA_methylase	PF00145.23	2.6e-48
Ptro_XP_009432942.1	1142	1598	DNA_methylase	PF00145.23	2.6e-48
Post_XP_036636079.1	871	1345	DNA_methylase	PF00145.23	1.4e-47
Ggor_XP_030860017.2	1156	1612	DNA_methylase	PF00145.23	2.6e-48
Ptro_XP_016790457.2	1156	1612	DNA_methylase	PF00145.23	2.6e-48
Ggor_XP_055227579.1	1158	1614	DNA_methylase	PF00145.23	2.6e-48
Ptro_XP_009432941.1	1158	1614	DNA_methylase	PF00145.23	2.6e-48
Ggor_XP_030860019.3	1202	1658	DNA_methylase	PF00145.23	2.7e-48
Mfas_XP_065390515.1	1180	1636	DNA_methylase	PF00145.23	2.7e-48
Mnem_XP_011731788.3	1180	1636	DNA_methylase	PF00145.23	2.7e-48
Tpra_XP_045814038.1	1120	1547	DNA_methylase	PF00145.23	6.6e-46
Tgel_XP_025225005.1	1196	1652	DNA_methylase	PF00145.23	2.7e-48
Ppan_XP_034800006.3	1202	1658	DNA_methylase	PF00145.23	2.7e-48
Ggor_XP_063557061.1	1204	1660	DNA_methylase	PF00145.23	2.7e-48
Mant_XP_014654300.1	311	748	DNA_methylase	PF00145.23	3.4e-47
Acas_XP_004334466.1	1	159	DNA_methylase	PF00145.23	1.6e-33
Acas_XP_004334466.1	391	468	DNA_methylase	PF00145.23	1.6e-11
Ppan_XP_054959415.2	1218	1674	DNA_methylase	PF00145.23	2.8e-48
Ppan_XP_034800003.3	1220	1676	DNA_methylase	PF00145.23	2.8e-48
Pigchi_Pchi_g4177	129	215	DNA_methylase	PF00145.23	1.3e-10
Pigchi_Pchi_g4177	224	406	DNA_methylase	PF00145.23	2e-35
Pabe_XP_024093743.3	1240	1696	DNA_methylase	PF00145.23	2.9e-48
Ppan_XP_063455933.1	1202	1658	DNA_methylase	PF00145.23	2.9e-48
Pabe_XP_024093742.3	1242	1698	DNA_methylase	PF00145.23	2.9e-48
Ppan_XP_063455932.1	1204	1660	DNA_methylase	PF00145.23	2.9e-48
Pabe_XP_054395607.2	1242	1698	DNA_methylase	PF00145.23	2.9e-48
Mfas_XP_045236094.2	1246	1702	DNA_methylase	PF00145.23	2.9e-48
Mmul_XP_028695109.1	1246	1702	DNA_methylase	PF00145.23	2.9e-48
Mnem_XP_011731894.2	1246	1702	DNA_methylase	PF00145.23	2.9e-48
Ppan_XP_063455931.1	1218	1674	DNA_methylase	PF00145.23	2.9e-48
Ppan_XP_063455930.1	1220	1676	DNA_methylase	PF00145.23	2.9e-48
Cgri_XP_027267275.1	814	1267	DNA_methylase	PF00145.23	1.6e-47
Svir_XP_034577501.1	1176	1520	DNA_methylase	PF00145.23	1.8e-41
Sita_XP_022678532.1	1120	1464	DNA_methylase	PF00145.23	1.7e-41
Pigvie_Pvie_g9790	1117	1573	DNA_methylase	PF00145.23	2.5e-47
Obim_XP_014781622.1	1109	1561	DNA_methylase	PF00145.23	4e-48
Parcla_CAB3980171.1	6	459	DNA_methylase	PF00145.23	4e-46
Aawa_GCB27901.1	307	475	DNA_methylase	PF00145.23	2e-35
Aawa_GCB27901.1	527	594	DNA_methylase	PF00145.23	1.5e-10
Aing_XP_025379717.1	277	679	DNA_methylase	PF00145.23	6.1e-48
Oriv_OCH93875.1	754	1234	DNA_methylase	PF00145.23	1.4e-46
Ttur_VAI38148.1	1093	1137	DNA_methylase	PF00145.23	4.4e-05
Ttur_VAI38148.1	1177	1520	DNA_methylase	PF00145.23	3.3e-40
Olon_KN540971.1_FGP005	1189	1533	DNA_methylase	PF00145.23	1.7e-41
Taes_XP_044392316.1	1096	1140	DNA_methylase	PF00145.23	4.4e-05
Taes_XP_044392316.1	1180	1523	DNA_methylase	PF00145.23	3.3e-40
Leeper_LPERR03G31700.1	1195	1539	DNA_methylase	PF00145.23	2.7e-41
Eucgra_XP_039157936.1	1106	1533	DNA_methylase	PF00145.23	1.1e-46
Asat_cds.AVESA.00001b.r3.7Dg0002666.1	582	928	DNA_methylase	PF00145.23	5.4e-42
Lper_XP_051177718.1	847	891	DNA_methylase	PF00145.23	4.5e-05
Lper_XP_051177718.1	930	1274	DNA_methylase	PF00145.23	3.1e-40
Seccer_SECCE5Rv1G0359780.1	578	920	DNA_methylase	PF00145.23	3.3e-41
Obir_XP_011350635.1	928	1380	DNA_methylase	PF00145.23	4e-48
Dtin_RWS05273.1	702	1154	DNA_methylase	PF00145.23	2e-47
Obir_XP_011350631.1	934	1386	DNA_methylase	PF00145.23	4e-48
Acas_XP_004337548.1	1073	1527	DNA_methylase	PF00145.23	2.2e-47
Utri_SPO30379.1	321	516	DNA_methylase	PF00145.23	8.7e-30
Utri_SPO30379.1	664	766	DNA_methylase	PF00145.23	4.8e-16
Dnov_XP_015436482.1	2	349	DNA_methylase	PF00145.23	5.4e-48
Etel_XP_045146254.1	1136	1588	DNA_methylase	PF00145.23	5.4e-47
Dvir_XP_050503209.1	1	326	DNA_methylase	PF00145.23	4.9e-48
Cint_XP_002128135.1	5	335	DNA_methylase	PF00145.23	5e-48
Dcay_XP_039145045.1	1180	1518	DNA_methylase	PF00145.23	5.2e-42
Awel_XP_026630475.1	307	474	DNA_methylase	PF00145.23	4e-35
Awel_XP_026630475.1	527	594	DNA_methylase	PF00145.23	1.3e-10
Dcay_XP_039145037.1	1188	1526	DNA_methylase	PF00145.23	5.2e-42
Dcay_XP_039145038.1	1188	1526	DNA_methylase	PF00145.23	5.2e-42
Dcay_XP_039145039.1	1188	1526	DNA_methylase	PF00145.23	5.2e-42
Dcay_XP_039145040.1	1188	1526	DNA_methylase	PF00145.23	5.2e-42
Dcay_XP_039145041.1	1188	1526	DNA_methylase	PF00145.23	5.2e-42
Dcay_XP_039145042.1	1188	1526	DNA_methylase	PF00145.23	5.2e-42
Dcay_XP_039145043.1	1188	1526	DNA_methylase	PF00145.23	5.2e-42
Dcay_XP_039145044.1	1188	1526	DNA_methylase	PF00145.23	5.2e-42
Oglu_OGLUM03G37220.1	1009	1353	DNA_methylase	PF00145.23	1.2e-41
Acom_XP_020091882.1	1183	1528	DNA_methylase	PF00145.23	2.3e-41
Acom_XP_020091883.1	1183	1528	DNA_methylase	PF00145.23	2.3e-41
Acom_XP_020091884.1	1183	1528	DNA_methylase	PF00145.23	2.3e-41
Acom_XP_020091881.1	1197	1542	DNA_methylase	PF00145.23	2.4e-41
Acom_XP_020091880.1	1199	1544	DNA_methylase	PF00145.23	2.4e-41
Acom_XP_020091879.1	1206	1551	DNA_methylase	PF00145.23	2.4e-41
Aspnig_XP_001396716.1	307	474	DNA_methylase	PF00145.23	4e-35
Aspnig_XP_001396716.1	527	594	DNA_methylase	PF00145.23	1.5e-10
Ltig_XP_067541009.1	666	707	DNA_methylase	PF00145.23	1.6e-05
Ltig_XP_067541009.1	759	1160	DNA_methylase	PF00145.23	7.8e-40
Dfra_TFY70272.1	881	1349	DNA_methylase	PF00145.23	1.8e-45
Aatr_ENSAATROPP003012	12	337	DNA_methylase	PF00145.23	7.6e-48
Btab_XP_018911751.1	896	1346	DNA_methylase	PF00145.23	6.1e-47
Smer_ENSSMRP00000021541.1	1045	1497	DNA_methylase	PF00145.23	5.5e-47
Maur_XP_040585686.1	1021	1474	DNA_methylase	PF00145.23	1.6e-47
Maur_XP_040585687.1	1021	1474	DNA_methylase	PF00145.23	1.6e-47
Tdic_XP_037438570.1	1128	1172	DNA_methylase	PF00145.23	4.5e-05
Tdic_XP_037438570.1	1212	1555	DNA_methylase	PF00145.23	4.3e-40
Ccap_XP_004520147.1	3	337	DNA_methylase	PF00145.23	9.2e-48
Opun_OPUNC03G34140.1	1026	1370	DNA_methylase	PF00145.23	1.9e-41
Opun_OPUNC03G34560.1	1026	1370	DNA_methylase	PF00145.23	1.9e-41
Vmal_ROW10614.1	363	673	DNA_methylase	PF00145.23	3.9e-47
Cvis_KZP00453.1	565	1023	DNA_methylase	PF00145.23	1.4e-46
Ccin_XP_001833175.2	744	962	DNA_methylase	PF00145.23	5.6e-37
Ccin_XP_001833175.2	1153	1234	DNA_methylase	PF00145.23	2.8e-08
Tvap_Tv_05929-RA:cds	863	1312	DNA_methylase	PF00145.23	4.1e-47
Atur_RHZ73341.1	321	519	DNA_methylase	PF00145.23	1.4e-34
Atur_RHZ73341.1	543	612	DNA_methylase	PF00145.23	4.6e-11
Asat_cds.AVESA.00001b.r3.7Dg0002666.2	1233	1579	DNA_methylase	PF00145.23	1.5e-41
Ipotri_XP_031126825.1	489	902	DNA_methylase	PF00145.23	2.4e-46
Obar_OBART03G37470.1	1047	1391	DNA_methylase	PF00145.23	1.5e-41
Pman_XP_042136225.1	1007	1460	DNA_methylase	PF00145.23	5.7e-47
Rfer_XP_032990462.1	1137	1590	DNA_methylase	PF00145.23	1.2e-46
Aimm_RPA75302.1	227	524	DNA_methylase	PF00145.23	2.5e-45
Kfed_Kaladp0008s0010.1.v1.1	560	608	DNA_methylase	PF00145.23	2.1e-06
Kfed_Kaladp0008s0010.1.v1.1	646	987	DNA_methylase	PF00145.23	2.9e-38
Aano_XP_009034802.1	186	494	DNA_methylase	PF00145.23	1.8e-47
Psom_XP_026434148.1	1202	1547	DNA_methylase	PF00145.23	2e-40
Znev_XP_021941799.1	731	1183	DNA_methylase	PF00145.23	8.8e-47
Sbic_XP_002466290.2	1172	1518	DNA_methylase	PF00145.23	3.3e-41
Tigcal_XP_059092751.1	852	1304	DNA_methylase	PF00145.23	3.7e-46
Bbis_XP_010826686.1	1137	1589	DNA_methylase	PF00145.23	1.2e-47
Ogla_XP_052148425.1	1176	1520	DNA_methylase	PF00145.23	1.7e-41
Ogla_XP_052148426.1	1176	1520	DNA_methylase	PF00145.23	1.7e-41
Aluc_XP_041546019.1	285	452	DNA_methylase	PF00145.23	9.1e-35
Aluc_XP_041546019.1	506	572	DNA_methylase	PF00145.23	1.6e-10
Crei_XP_042924060.1	1093	1136	DNA_methylase	PF00145.23	2.7e-05
Crei_XP_042924060.1	1153	1312	DNA_methylase	PF00145.23	8.3e-26
Crei_XP_042924060.1	1543	1621	DNA_methylase	PF00145.23	6.9e-12
Cgua_XP_025370681.1	353	553	DNA_methylase	PF00145.23	5.6e-33
Cgua_XP_025370681.1	734	814	DNA_methylase	PF00145.23	2.7e-12
Oruf_ORUFI03G39070.1	1176	1520	DNA_methylase	PF00145.23	1.7e-41
Oruf_ORUFI03G39070.2	1176	1520	DNA_methylase	PF00145.23	1.7e-41
Oruf_ORUFI03G39070.3	1176	1520	DNA_methylase	PF00145.23	1.7e-41
Omer_OMERI03G34690.1	1175	1519	DNA_methylase	PF00145.23	3.3e-41
Oniv_ONIVA03G38820.2	1156	1500	DNA_methylase	PF00145.23	1.7e-41
Oniv_ONIVA03G38820.3	1156	1500	DNA_methylase	PF00145.23	1.7e-41
Maur_XP_021087780.1	1139	1592	DNA_methylase	PF00145.23	1.9e-47
Maur_XP_012974862.1	1133	1586	DNA_methylase	PF00145.23	1.9e-47
Oniv_ONIVA03G38820.1	1156	1500	DNA_methylase	PF00145.23	1.7e-41
Osat_NP_001405715.1	1176	1520	DNA_methylase	PF00145.23	1.7e-41
Osat_XP_015628333.1	1176	1520	DNA_methylase	PF00145.23	1.7e-41
Pavi_XP_021804573.1	1211	1548	DNA_methylase	PF00145.23	1.5e-40
Ptep_XP_071038171.1	24	370	DNA_methylase	PF00145.23	2.3e-47
Abra_XP_067476330.1	307	472	DNA_methylase	PF00145.23	4.1e-35
Abra_XP_067476330.1	532	594	DNA_methylase	PF00145.23	4.3e-10
Alen_XP_033419349.1	324	499	DNA_methylase	PF00145.23	2.9e-34
Alen_XP_033419349.1	546	615	DNA_methylase	PF00145.23	5.1e-11
Tspe_TraesTSP7B01G483900.1	1174	1519	DNA_methylase	PF00145.23	6.2e-40
Anoste_XP_035891526.1	10	337	DNA_methylase	PF00145.23	2.3e-47
Onttau_XP_071052312.1	1	316	DNA_methylase	PF00145.23	2.4e-47
Bpan_XP_007677954.1	339	511	DNA_methylase	PF00145.23	2.7e-36
Bpan_XP_007677954.1	571	628	DNA_methylase	PF00145.23	9.9e-09
Symmic_OLP97908.1	22	199	DNA_methylase	PF00145.23	1.9e-43
Lper_XP_051203177.1	1176	1522	DNA_methylase	PF00145.23	3.3e-41
Bmin_symbB.v1.2.027226.t1|scaffold2778.1|size70658|4	21	323	DNA_methylase	PF00145.23	3.8e-47
Acos_XP_025545468.1	307	474	DNA_methylase	PF00145.23	2.7e-34
Acos_XP_025545468.1	528	594	DNA_methylase	PF00145.23	7.9e-11
Taes_XP_044433937.1	1174	1519	DNA_methylase	PF00145.23	7e-40
Taes_XP_044433938.1	1174	1519	DNA_methylase	PF00145.23	7e-40
Cgri_XP_027267274.1	1018	1471	DNA_methylase	PF00145.23	2.2e-47
Ttur_VAI93546.1	1183	1528	DNA_methylase	PF00145.23	7.1e-40
Cgri_XP_035299384.1	1127	1580	DNA_methylase	PF00145.23	2.5e-47
Cgri_XP_027267272.1	1136	1589	DNA_methylase	PF00145.23	2.6e-47
Ncol_XP_031473599.1	1114	1159	DNA_methylase	PF00145.23	1.5e-05
Ncol_XP_031473599.1	1198	1541	DNA_methylase	PF00145.23	3.5e-39
Aste_XP_024704681.1	260	422	DNA_methylase	PF00145.23	4.2e-35
Aste_XP_024704681.1	481	546	DNA_methylase	PF00145.23	9e-10
Horvul_XP_044960537.1	1173	1519	DNA_methylase	PF00145.23	8.7e-41
Macu_XP_065046460.1	1190	1533	DNA_methylase	PF00145.23	1.7e-40
Macu_XP_009408799.3	1190	1533	DNA_methylase	PF00145.23	1.7e-40
Macu_XP_064971760.1	1089	1432	DNA_methylase	PF00145.23	1.5e-40
Afis_XP_001257580.1	325	500	DNA_methylase	PF00145.23	5.4e-34
Afis_XP_001257580.1	547	616	DNA_methylase	PF00145.23	5.1e-11
Tdic_XP_037468783.1	1174	1519	DNA_methylase	PF00145.23	1.1e-39
Tdic_XP_037468784.1	1174	1519	DNA_methylase	PF00145.23	1.1e-39
Psp.VKMF103_KFY70186.1	718	1167	DNA_methylase	PF00145.23	4.5e-46
Asat_cds.AVESA.00001b.r3.4Dg0002145.1	1175	1518	DNA_methylase	PF00145.23	4.5e-40
Aneo_XP_025483819.1	307	474	DNA_methylase	PF00145.23	2.3e-34
Aneo_XP_025483819.1	528	594	DNA_methylase	PF00145.23	1.7e-10
Asat_cds.AVESA.00001b.r3.4Ag0001791.1	1175	1518	DNA_methylase	PF00145.23	4.5e-40
Asat_cds.AVESA.00001b.r3.4Ag0001791.2	1175	1518	DNA_methylase	PF00145.23	4.5e-40
Aibe_XP_025577010.1	276	449	DNA_methylase	PF00145.23	5.3e-34
Aibe_XP_025577010.1	497	564	DNA_methylase	PF00145.23	8e-11
Anomin_AMIN003826-PA	11	339	DNA_methylase	PF00145.23	4.6e-47
Bspl_XP_029003145.1	8	381	DNA_methylase	PF00145.23	5.1e-47
Obir_XP_011343588.2	5	352	DNA_methylase	PF00145.23	5.4e-47
Aave_KAE8151262.1	212	383	DNA_methylase	PF00145.23	3.9e-32
Aave_KAE8151262.1	432	493	DNA_methylase	PF00145.23	8.5e-13
Pcro_KIM79719.1	818	1290	DNA_methylase	PF00145.23	1.1e-45
Atub_XP_035353065.1	307	474	DNA_methylase	PF00145.23	3.2e-34
Atub_XP_035353065.1	527	594	DNA_methylase	PF00145.23	1.4e-10
Obra_XP_006650735.1	1175	1519	DNA_methylase	PF00145.23	2.9e-41
Panhal_XP_025796200.1	1114	1458	DNA_methylase	PF00145.23	3.4e-41
Seccer_SECCEUnv1G0539260.1	1100	1445	DNA_methylase	PF00145.23	1.3e-40
Pdul_XP_034225892.1	1210	1549	DNA_methylase	PF00145.23	4.7e-40
Pruper_XP_007203206.2	1210	1549	DNA_methylase	PF00145.23	4.7e-40
Sver_KIM26988.1	776	985	DNA_methylase	PF00145.23	1.2e-32
Sver_KIM26988.1	1181	1244	DNA_methylase	PF00145.23	2.1e-11
Coka_Cok_S_s182_13496.t1	122	492	DNA_methylase	PF00145.23	1.3e-39
Symmic_OLQ03027.1	2138	2455	DNA_methylase	PF00145.23	1.3e-46
Psp.VKMF4513_KFY29605.1	939	1389	DNA_methylase	PF00145.23	2.2e-45
Taes_XP_044439242.1	1174	1519	DNA_methylase	PF00145.23	3.2e-39
Taes_XP_044439243.1	1174	1519	DNA_methylase	PF00145.23	3.2e-39
Tspe_TraesTSP7D01G571800.1	1174	1519	DNA_methylase	PF00145.23	3.2e-39
Hrob_XP_009028549.1	3	341	DNA_methylase	PF00145.23	9.8e-47
Ahom_XP_025547517.1	291	462	DNA_methylase	PF00145.23	2.4e-33
Ahom_XP_025547517.1	513	577	DNA_methylase	PF00145.23	3.9e-11
Avag_UJR30777.1	4	349	DNA_methylase	PF00145.23	9.8e-47
Tsp.J132_KNZ78480.1	756	971	DNA_methylase	PF00145.23	1.7e-33
Tsp.J132_KNZ78480.1	1161	1233	DNA_methylase	PF00145.23	2.3e-10
Aalb_XP_019543074.3	16	342	DNA_methylase	PF00145.23	9.9e-47
Xmac_XP_005813133.1	5	380	DNA_methylase	PF00145.23	1.1e-46
Cx_XP_024040595.1	1295	1641	DNA_methylase	PF00145.23	4e-39
Abis_XP_006458036.1	865	1071	DNA_methylase	PF00145.23	2.4e-31
Abis_XP_006458036.1	1279	1355	DNA_methylase	PF00145.23	1.4e-12
Cbom_CEH15499.1	291	482	DNA_methylase	PF00145.23	4.2e-32
Cbom_CEH15499.1	673	752	DNA_methylase	PF00145.23	2.6e-12
Pmul_VEU36535.1	492	805	DNA_methylase	PF00145.23	6.7e-45
Ehux_XP_005791252.1	2	134	DNA_methylase	PF00145.23	1.3e-46
Gfor_XP_030921417.1	1019	1196	DNA_methylase	PF00145.23	2.2e-30
Gfor_XP_030921417.1	1559	1633	DNA_methylase	PF00145.23	8.2e-14
Auda_XP_043145901.1	324	489	DNA_methylase	PF00145.23	1.2e-33
Auda_XP_043145901.1	549	614	DNA_methylase	PF00145.23	1.2e-10
Athe_XP_026611882.1	325	493	DNA_methylase	PF00145.23	2.5e-34
Athe_XP_026611882.1	548	616	DNA_methylase	PF00145.23	4.9e-10
Hcyl_KIM49346.1	754	1221	DNA_methylase	PF00145.23	9e-46
Pcer_TFK76261.1	723	1195	DNA_methylase	PF00145.23	2e-45
Psp.VKMF4246_KFY11371.1	939	1388	DNA_methylase	PF00145.23	5.5e-45
Tura_XP_048527977.1	804	1146	DNA_methylase	PF00145.23	2.5e-39
Tura_XP_048527984.1	804	1146	DNA_methylase	PF00145.23	2.5e-39
Cpul_RKU40539.1	479	644	DNA_methylase	PF00145.23	3.9e-30
Cpul_RKU40539.1	696	765	DNA_methylase	PF00145.23	8.8e-14
Psp.VKMF4281_KFY26691.1	992	1441	DNA_methylase	PF00145.23	2.9e-45
Nirr_OLL24074.1	441	758	DNA_methylase	PF00145.23	5.9e-46
Abru_XP_025438703.1	301	476	DNA_methylase	PF00145.23	1.6e-33
Abru_XP_025438703.1	523	588	DNA_methylase	PF00145.23	9.3e-11
Xcou_XP_027881948.1	5	379	DNA_methylase	PF00145.23	2.6e-46
Mesc_XP_043808463.1	361	722	DNA_methylase	PF00145.23	7.1e-40
Mesc_XP_043808464.1	361	722	DNA_methylase	PF00145.23	7.1e-40
Asccar_PYI10729.1	286	486	DNA_methylase	PF00145.23	3.2e-33
Asccar_PYI10729.1	500	576	DNA_methylase	PF00145.23	4.9e-11
Cput_XP_007764560.1	675	820	DNA_methylase	PF00145.23	2.9e-22
Cput_XP_007764560.1	857	1156	DNA_methylase	PF00145.23	2.5e-20
Asat_cds.AVESA.00001b.r3.7Cg0000500.1	1175	1521	DNA_methylase	PF00145.23	3.4e-39
Afij_XP_040806097.1	301	477	DNA_methylase	PF00145.23	1.5e-33
Afij_XP_040806097.1	524	588	DNA_methylase	PF00145.23	1.2e-10
Tdic_XP_037433155.1	800	1137	DNA_methylase	PF00145.23	3e-39
Avad_XP_025560008.1	307	473	DNA_methylase	PF00145.23	1.4e-33
Avad_XP_025560008.1	528	594	DNA_methylase	PF00145.23	1.8e-10
Atau_XP_045085203.1	1155	1498	DNA_methylase	PF00145.23	1.2e-39
Mcin_XP_045451082.1	4	329	DNA_methylase	PF00145.23	2.9e-46
Gloaus_GAUT008339-PA	14	351	DNA_methylase	PF00145.23	3.4e-46
Afun_XP_049276787.1	10	336	DNA_methylase	PF00145.23	3.3e-46
Vdes_XP_022655925.1	5	341	DNA_methylase	PF00145.23	3.7e-46
Mesc_XP_021599130.1	433	794	DNA_methylase	PF00145.23	9.1e-40
Ttur_VAI81335.1	1173	1518	DNA_methylase	PF00145.23	7.5e-40
Tcal_KIO27926.1	791	1206	DNA_methylase	PF00145.23	1.1e-45
Tspe_TraesTSP7A01G575600.1	1173	1518	DNA_methylase	PF00145.23	7.6e-40
Bgal_THV52637.1	626	1080	DNA_methylase	PF00145.23	3.6e-45
Taes_XP_044425266.1	1173	1518	DNA_methylase	PF00145.23	7.8e-40
Atan_XP_033422692.1	305	506	DNA_methylase	PF00145.23	9.8e-33
Atan_XP_033422692.1	525	593	DNA_methylase	PF00145.23	2.4e-11
Ajap_XP_025522279.1	301	500	DNA_methylase	PF00145.23	2.1e-33
Ajap_XP_025522279.1	524	587	DNA_methylase	PF00145.23	1.1e-10
Oabi_XP_012271848.1	1	348	DNA_methylase	PF00145.23	4.9e-46
Taes_XP_044425264.1	1202	1547	DNA_methylase	PF00145.23	8.2e-40
Taes_XP_044425265.1	1202	1547	DNA_methylase	PF00145.23	8.2e-40
Apip_XP_025521259.1	307	474	DNA_methylase	PF00145.23	2.4e-33
Apip_XP_025521259.1	528	594	DNA_methylase	PF00145.23	1.9e-10
Tura_XP_048544542.1	1202	1547	DNA_methylase	PF00145.23	8e-40
Tura_XP_048544543.1	1202	1547	DNA_methylase	PF00145.23	8e-40
Tura_XP_048544544.1	1202	1547	DNA_methylase	PF00145.23	8e-40
Eucgra_XP_010054090.2	825	1184	DNA_methylase	PF00145.23	1.6e-39
Mlei_ML002229a-PA	248	677	DNA_methylase	PF00145.23	4.9e-45
Aspacu_XP_020053851.1	247	422	DNA_methylase	PF00145.23	2.6e-33
Aspacu_XP_020053851.1	474	533	DNA_methylase	PF00145.23	2e-10
Psp.VKMF4518_KFY81710.1	718	1167	DNA_methylase	PF00145.23	1e-44
Psp.233421I1_OBT63456.1	720	1169	DNA_methylase	PF00145.23	5.4e-45
Upar_XP_026255624.1	1063	1514	DNA_methylase	PF00145.23	6.7e-46
Mesc_XP_021599129.1	544	905	DNA_methylase	PF00145.23	1.2e-39
Aacu_XP_025500483.1	302	478	DNA_methylase	PF00145.23	2.1e-33
Aacu_XP_025500483.1	526	589	DNA_methylase	PF00145.23	1.9e-10
Tryequ_XP_067080809.1	226	562	DNA_methylase	PF00145.23	1.6e-43
Eucgra_XP_039158020.1	1142	1569	DNA_methylase	PF00145.23	1.4e-44
Mesc_XP_021599128.1	575	936	DNA_methylase	PF00145.23	1.3e-39
Sfor_XP_029110998.1	5	377	DNA_methylase	PF00145.23	6.5e-46
Tpre_XP_014233523.1	1	347	DNA_methylase	PF00145.23	7.2e-46
Sind_CAG7853652.1	673	1121	DNA_methylase	PF00145.23	3.9e-45
Psp.24MN13_OBT55542.1	718	1167	DNA_methylase	PF00145.23	7.3e-45
Hcom_XP_019731648.1	5	382	DNA_methylase	PF00145.23	7.4e-46
Aram_KKK16350.1	286	466	DNA_methylase	PF00145.23	4.8e-33
Aram_KKK16350.1	496	575	DNA_methylase	PF00145.23	9e-11
Rsec_CZT46056.1	774	1225	DNA_methylase	PF00145.23	1.9e-45
Glopld_GPAI047253-PA	50	387	DNA_methylase	PF00145.23	9.6e-46
Psp.VKMF4515_KFY62000.1	718	1167	DNA_methylase	PF00145.23	1.5e-44
Psp.VKMF4517_KFY92903.1	718	1167	DNA_methylase	PF00145.23	1.6e-44
Mrot_XP_003708333.1	1	349	DNA_methylase	PF00145.23	9.3e-46
Pzon_XP_022578369.1	284	451	DNA_methylase	PF00145.23	9.1e-33
Pzon_XP_022578369.1	512	577	DNA_methylase	PF00145.23	8.6e-11
Atai_PLN83571.1	303	470	DNA_methylase	PF00145.23	5.3e-34
Atai_PLN83571.1	526	592	DNA_methylase	PF00145.23	1.8e-09
Dgig_XP_028393905.1	6	439	DNA_methylase	PF00145.23	2.6e-45
Sfor_XP_018582023.2	5	379	DNA_methylase	PF00145.23	9.2e-46
Crei_XP_042920564.1	1727	1773	DNA_methylase	PF00145.23	5.1e-07
Crei_XP_042920564.1	1821	2168	DNA_methylase	PF00145.23	1.2e-35
Acan_XP_024675102.1	309	476	DNA_methylase	PF00145.23	1.2e-33
Acan_XP_024675102.1	526	598	DNA_methylase	PF00145.23	5.2e-10
Acar_OOF91210.1	280	447	DNA_methylase	PF00145.23	1.2e-33
Acar_OOF91210.1	499	566	DNA_methylase	PF00145.23	7.6e-10
Skow_XP_006813977.1	4	412	DNA_methylase	PF00145.23	1.9e-45
Dgig_XP_028393906.1	6	438	DNA_methylase	PF00145.23	2.8e-45
Acal_CEL01739.1	316	484	DNA_methylase	PF00145.23	5.8e-33
Acal_CEL01739.1	531	605	DNA_methylase	PF00145.23	1.7e-10
Anid_XP_664242.1	310	511	DNA_methylase	PF00145.23	3.1e-31
Anid_XP_664242.1	535	600	DNA_methylase	PF00145.23	3.1e-12
Dsec_XP_002042024.2	3	340	DNA_methylase	PF00145.23	1.3e-45
Bant_IU25_07637-mRNA-1	81	406	DNA_methylase	PF00145.23	1.5e-45
Pran_XP_028289355.1	5	378	DNA_methylase	PF00145.23	1.5e-45
Aind_PYI29025.1	301	467	DNA_methylase	PF00145.23	6.2e-33
Aind_PYI29025.1	524	587	DNA_methylase	PF00145.23	1.7e-10
Asprub_XP_040640435.1	273	454	DNA_methylase	PF00145.23	6.2e-34
Asprub_XP_040640435.1	499	563	DNA_methylase	PF00145.23	2.4e-09
Aoch_XP_040750213.1	286	466	DNA_methylase	PF00145.23	3.9e-33
Aoch_XP_040750213.1	496	575	DNA_methylase	PF00145.23	2.4e-10
Pdes_XP_024327078.1	724	1173	DNA_methylase	PF00145.23	1.6e-44
Rcul_nRc.2.0.1.t46145-RA	1	394	DNA_methylase	PF00145.23	2.1e-43
Lana_XP_013412655.1	4	448	DNA_methylase	PF00145.23	5.8e-45
Psp.VKMF3557_KFX91510.1	695	1144	DNA_methylase	PF00145.23	6.5e-44
Smar_SMAR015548-PA	841	1280	DNA_methylase	PF00145.23	5.1e-45
Ates_XP_026217076.1	5	377	DNA_methylase	PF00145.23	2.1e-45
Lhum_XP_012230196.2	1	348	DNA_methylase	PF00145.23	2.3e-45
Tigcal_XP_059080850.1	807	1253	DNA_methylase	PF00145.23	6.8e-45
Gros_RIB21647.1	4	290	DNA_methylase	PF00145.23	1.7e-43
Lsat_XP_023729315.1	676	1030	DNA_methylase	PF00145.23	9.2e-39
Bcal_TEY71700.1	33	472	DNA_methylase	PF00145.23	1.3e-44
Psp.VKMF4519_KFZ05087.1	718	1167	DNA_methylase	PF00145.23	2.6e-44
Cx_XP_024038695.1	1730	1774	DNA_methylase	PF00145.23	4.9e-07
Cx_XP_024038695.1	1812	2147	DNA_methylase	PF00145.23	3.3e-36
Psp.VKMF3808_KFX99338.1	672	1121	DNA_methylase	PF00145.23	6.1e-44
Hlab_XP_017796767.1	1	345	DNA_methylase	PF00145.23	2.8e-45
Lsat_XP_023729312.1	676	1038	DNA_methylase	PF00145.23	1.1e-38
Lsat_XP_023729314.1	676	1038	DNA_methylase	PF00145.23	1.1e-38
Nvit_XP_001602026.3	1	350	DNA_methylase	PF00145.23	3e-45
Psever_XP_018125176.1	717	1166	DNA_methylase	PF00145.23	3.3e-44
Aeuc_XP_025390531.1	307	474	DNA_methylase	PF00145.23	8.1e-33
Aeuc_XP_025390531.1	530	594	DNA_methylase	PF00145.23	3.8e-10
Ipotri_XP_031127201.1	1959	2299	DNA_methylase	PF00145.23	2.1e-39
Ipotri_XP_031127200.1	1965	2305	DNA_methylase	PF00145.23	2.2e-39
Ahet_XP_025396402.1	306	475	DNA_methylase	PF00145.23	9.4e-33
Ahet_XP_025396402.1	528	593	DNA_methylase	PF00145.23	3.1e-10
Tbru_XP_843730.1	226	562	DNA_methylase	PF00145.23	8e-43
Psp.VKMF4520_KFZ12973.1	718	1167	DNA_methylase	PF00145.23	8.3e-44
Psp.WSF3629_OBT46766.1	717	1166	DNA_methylase	PF00145.23	2.7e-44
Rhygra_XMA17033.1	218	669	DNA_methylase	PF00145.23	9.9e-45
Dsim_XP_002079192.1	3	340	DNA_methylase	PF00145.23	3.3e-45
Ater_XP_001209776.1	294	460	DNA_methylase	PF00145.23	4.1e-33
Ater_XP_001209776.1	523	581	DNA_methylase	PF00145.23	9.5e-10
Mbel_CAJ0937416.1	7	323	DNA_methylase	PF00145.23	3.3e-45
Tbri_KRY61269.1	11	319	DNA_methylase	PF00145.23	1e-44
Sind_CAG7851115.1	827	1278	DNA_methylase	PF00145.23	2.9e-44
Tsp.T9_KRX57619.1	11	319	DNA_methylase	PF00145.23	1.1e-44
Tsp.T8_KRZ94514.1	11	319	DNA_methylase	PF00145.23	1.1e-44
Csp.2T21_KAB5562796.1	305	606	DNA_methylase	PF00145.23	1.3e-43
Auva_XP_025492435.1	301	498	DNA_methylase	PF00145.23	4.7e-33
Auva_XP_025492435.1	524	587	DNA_methylase	PF00145.23	6e-10
Bdis_XP_003559306.3	1096	1523	DNA_methylase	PF00145.23	8.6e-43
Bcin_XP_024552518.1	635	1077	DNA_methylase	PF00145.23	2.3e-44
Bvul_XP_048500701.1	384	743	DNA_methylase	PF00145.23	8.1e-40
Utri_SPO31650.1	321	511	DNA_methylase	PF00145.23	2.4e-27
Utri_SPO31650.1	669	766	DNA_methylase	PF00145.23	1.7e-15
Takrub_XP_029687750.1	1	338	DNA_methylase	PF00145.23	6e-45
Psp.03VT05_OBT86497.1	709	1158	DNA_methylase	PF00145.23	6.8e-44
Pmag_XP_055085942.1	5	374	DNA_methylase	PF00145.23	5.5e-45
Bvul_XP_010677407.1	385	744	DNA_methylase	PF00145.23	8.1e-40
Pret_XP_008436477.1	5	380	DNA_methylase	PF00145.23	4.9e-45
Lber_XP_020494265.2	4	393	DNA_methylase	PF00145.23	6.9e-45
Glomor_GMOY008571-PA	35	372	DNA_methylase	PF00145.23	5.5e-45
Alep_KAB8075415.1	318	485	DNA_methylase	PF00145.23	3.8e-33
Alep_KAB8075415.1	538	601	DNA_methylase	PF00145.23	7.9e-09
Psp.VKMF4516_KFY58809.1	695	1144	DNA_methylase	PF00145.23	1.6e-43
Xmac_XP_023182522.1	5	406	DNA_methylase	PF00145.23	6.1e-45
Gsub_EMD32847.1	755	1229	DNA_methylase	PF00145.23	3.6e-43
Takrub_XP_029687715.1	1	338	DNA_methylase	PF00145.23	7.5e-45
Avio_PYI22667.1	265	464	DNA_methylase	PF00145.23	1.9e-33
Avio_PYI22667.1	492	551	DNA_methylase	PF00145.23	2.6e-09
Tsp.T6_KRX85026.1	11	319	DNA_methylase	PF00145.23	1.6e-44
Pglu_XP_025349989.1	224	419	DNA_methylase	PF00145.23	2.4e-29
Pglu_XP_025349989.1	614	702	DNA_methylase	PF00145.23	3.1e-13
Emex_XP_017759349.1	2	348	DNA_methylase	PF00145.23	7e-45
Ccaj_XP_020227439.1	689	1055	DNA_methylase	PF00145.23	1.5e-38
Ngyp_XP_003176173.1	277	444	DNA_methylase	PF00145.23	3.4e-34
Ngyp_XP_003176173.1	506	562	DNA_methylase	PF00145.23	1.7e-08
Psp.VKMF4514_KFY47097.1	941	1390	DNA_methylase	PF00145.23	2e-43
Agif_XP_044015984.1	3	337	DNA_methylase	PF00145.23	7.5e-45
Tmur_KRX45438.1	11	319	DNA_methylase	PF00145.23	1.6e-44
Mmer_XP_045175556.2	9	477	DNA_methylase	PF00145.23	2.3e-43
Calmil_XP_007896370.1	18	407	DNA_methylase	PF00145.23	1e-44
Ccaj_XP_020227440.1	689	1054	DNA_methylase	PF00145.23	1.8e-38
Ascnig_XP_025465509.1	261	430	DNA_methylase	PF00145.23	5e-32
Ascnig_XP_025465509.1	472	549	DNA_methylase	PF00145.23	1.4e-10
Clae_TFK42486.1	766	992	DNA_methylase	PF00145.23	2e-29
Clae_TFK42486.1	1171	1244	DNA_methylase	PF00145.23	5.9e-12
Takrub_XP_029687749.1	1	361	DNA_methylase	PF00145.23	1.1e-44
Rsan_XP_037499885.1	34	374	DNA_methylase	PF00145.23	1.9e-44
Bvul_XP_010677406.2	673	1032	DNA_methylase	PF00145.23	1.7e-39
Nfur_XP_015810322.1	5	374	DNA_methylase	PF00145.23	1.1e-44
Pmag_XP_055085943.1	5	369	DNA_methylase	PF00145.23	1.2e-44
Bpae_TGO26774.1	636	1099	DNA_methylase	PF00145.23	3.5e-44
Esid_KIV76983.1	209	415	DNA_methylase	PF00145.23	2.3e-33
Esid_KIV76983.1	442	509	DNA_methylase	PF00145.23	3.5e-09
Cscu_XP_023227423.1	25	357	DNA_methylase	PF00145.23	1e-44
Smax_XP_035474773.2	5	379	DNA_methylase	PF00145.23	1.2e-44
Prub_KIK81589.1	788	1278	DNA_methylase	PF00145.23	3.3e-43
Vvin_XP_010662139.1	498	856	DNA_methylase	PF00145.23	1.2e-39
Tricas_XP_008196999.1	1	326	DNA_methylase	PF00145.23	1.1e-44
Apimel_XP_006563008.1	2	349	DNA_methylase	PF00145.23	1.3e-44
Apimel_XP_016771572.1	2	349	DNA_methylase	PF00145.23	1.3e-44
Mpur_BDD61719.1	321	492	DNA_methylase	PF00145.23	1.5e-32
Mpur_BDD61719.1	546	612	DNA_methylase	PF00145.23	8.2e-10
Ccor_KZT51803.1	773	1227	DNA_methylase	PF00145.23	2.5e-43
Tnat_KRZ55795.1	188	496	DNA_methylase	PF00145.23	3e-44
Slac_XP_007322072.1	759	1200	DNA_methylase	PF00145.23	8.8e-44
Asac_XP_025434122.1	276	437	DNA_methylase	PF00145.23	2.2e-32
Asac_XP_025434122.1	501	562	DNA_methylase	PF00145.23	5.3e-10
Aspgla_XP_022398530.1	280	447	DNA_methylase	PF00145.23	1.5e-33
Aspgla_XP_022398530.1	510	570	DNA_methylase	PF00145.23	1.1e-08
Uhor_XP_041412223.1	321	758	DNA_methylase	PF00145.23	6e-44
Conlus_PSR81423.1	10	173	DNA_methylase	PF00145.23	3e-31
Conlus_PSR81423.1	241	311	DNA_methylase	PF00145.23	3.6e-11
Ecru_scaffold3.814.cds	713	1046	DNA_methylase	PF00145.23	2.2e-37
Saur_XP_030253334.1	5	376	DNA_methylase	PF00145.23	1.8e-44
Ssci_CDW97974.1	315	724	DNA_methylase	PF00145.23	2.2e-44
Damp_KKY38719.1	341	524	DNA_methylase	PF00145.23	2.4e-35
Damp_KKY38719.1	582	633	DNA_methylase	PF00145.23	1e-06
Pfor_XP_007542274.1	5	380	DNA_methylase	PF00145.23	1.6e-44
Achi_PSR91704.1	536	886	DNA_methylase	PF00145.23	2.3e-39
Bter_XP_048267875.1	1	343	DNA_methylase	PF00145.23	1.8e-44
Pmex_XP_014824919.1	5	380	DNA_methylase	PF00145.23	1.7e-44
Tripse_KAL1231237.1	8	316	DNA_methylase	PF00145.23	4.2e-44
Eluc_XP_010897330.2	4	386	DNA_methylase	PF00145.23	2.9e-44
Tisl_CRG86309.1	291	461	DNA_methylase	PF00145.23	7.1e-30
Tisl_CRG86309.1	515	576	DNA_methylase	PF00145.23	2.8e-12
Aost_SJL03117.1	1088	1407	DNA_methylase	PF00145.23	2.6e-44
Xcou_XP_027881947.1	5	405	DNA_methylase	PF00145.23	2.1e-44
Psp.05NY08_OBT74737.1	716	1165	DNA_methylase	PF00145.23	2.7e-43
Tdic_XP_037463171.1	1173	1518	DNA_methylase	PF00145.23	2.4e-39
Ubro_SAM86116.1	321	758	DNA_methylase	PF00145.23	9.6e-44
Takrub_XP_029687748.1	1	392	DNA_methylase	PF00145.23	4.9e-44
Csp.2T21_KAB5560278.1	343	649	DNA_methylase	PF00145.23	7.7e-44
Plat_XP_014881085.1	5	380	DNA_methylase	PF00145.23	2.3e-44
Takrub_XP_029687713.1	1	392	DNA_methylase	PF00145.23	4.7e-44
Llei_ENSLLEP00000008410.1	5	389	DNA_methylase	PF00145.23	2.4e-44
Ocin_ODM99460.1	13	377	DNA_methylase	PF00145.23	2.5e-44
Tdic_XP_037463170.1	1202	1547	DNA_methylase	PF00145.23	2.5e-39
Kbra_XP_016292284.2	316	757	DNA_methylase	PF00145.23	1.7e-43
Marm_XP_026148207.1	5	384	DNA_methylase	PF00145.23	2.8e-44
Drovir_XP_015028981.1	3	341	DNA_methylase	PF00145.23	2.9e-44
Cmar_TFK30026.1	818	1298	DNA_methylase	PF00145.23	3.4e-43
Ccit_KAF8033525.1	823	1182	DNA_methylase	PF00145.23	6.2e-38
Aten_XP_031572379.1	14	444	DNA_methylase	PF00145.23	1e-43
Dere_XP_001969765.2	3	340	DNA_methylase	PF00145.23	3.7e-44
Gaff_XP_043961182.1	5	379	DNA_methylase	PF00145.23	2.8e-44
Fcar_GMN40806.1	704	1071	DNA_methylase	PF00145.23	6.5e-40
Scan_XP_050827230.1	5	358	DNA_methylase	PF00145.23	2.8e-44
Acri_ODM20302.1	294	458	DNA_methylase	PF00145.23	2.7e-33
Acri_ODM20302.1	521	584	DNA_methylase	PF00145.23	9.1e-09
Bnar_TGO61880.1	33	495	DNA_methylase	PF00145.23	5.1e-42
Jjac_XP_004662411.1	5	387	DNA_methylase	PF00145.23	2.9e-44
Ahaa_ENSAHAP00000016477.1	5	354	DNA_methylase	PF00145.23	3.3e-44
Char_XP_012695107.2	5	384	DNA_methylase	PF00145.23	3.4e-44
Acam_XP_024695357.1	307	474	DNA_methylase	PF00145.23	4.2e-32
Acam_XP_024695357.1	526	596	DNA_methylase	PF00145.23	5.7e-10
Twil_T_wilhelma_c32606_g1_i2|m.49009	918	1354	DNA_methylase	PF00145.23	1.2e-43
Awen_XP_040692051.1	296	471	DNA_methylase	PF00145.23	1.1e-32
Awen_XP_040692051.1	525	587	DNA_methylase	PF00145.23	4.6e-09
Aimm_RPA84768.1	785	1263	DNA_methylase	PF00145.23	4.5e-43
Cgob_XP_029313642.1	5	374	DNA_methylase	PF00145.23	5.2e-44
Isca_XP_029848442.2	20	354	DNA_methylase	PF00145.23	6.9e-44
Vpal_PWN47588.1	554	747	DNA_methylase	PF00145.23	7.1e-30
Vpal_PWN47588.1	858	1013	DNA_methylase	PF00145.23	9e-12
Dmel_NP_001036355.1	3	340	DNA_methylase	PF00145.23	6.3e-44
Dmel_NP_477475.2	3	340	DNA_methylase	PF00145.23	6.3e-44
Dgyr_CAD5117757.1	3	358	DNA_methylase	PF00145.23	6.3e-44
Tton_EGD93318.1	279	453	DNA_methylase	PF00145.23	1.6e-33
Tton_EGD93318.1	509	563	DNA_methylase	PF00145.23	3.3e-08
Aflo_XP_031772806.1	2	349	DNA_methylase	PF00145.23	5.9e-44
Caeaur_CAD6197874.1	8	325	DNA_methylase	PF00145.23	6.1e-44
Dpri_XP_040631922.1	840	1294	DNA_methylase	PF00145.23	2.6e-42
Spur_XP_030849341.1	18	436	DNA_methylase	PF00145.23	2e-43
Srei_SJX66290.1	316	757	DNA_methylase	PF00145.23	2.5e-43
Ocun_XP_002717405.4	5	388	DNA_methylase	PF00145.23	6.4e-44
Ocun_XP_051676576.2	5	388	DNA_methylase	PF00145.23	6.4e-44
Dyak_XP_002088445.2	3	340	DNA_methylase	PF00145.23	7.1e-44
Enau_XP_029384932.1	5	377	DNA_methylase	PF00145.23	6.8e-44
Tpap_KRZ79569.1	11	319	DNA_methylase	PF00145.23	1.7e-43
Tzim_KRZ08905.1	11	319	DNA_methylase	PF00145.23	1.7e-43
Acul_ACUA025018-PA	10	338	DNA_methylase	PF00145.23	6.4e-44
Tnel_KRX26373.1	8	316	DNA_methylase	PF00145.23	3.3e-43
Ador_XP_006610990.1	2	349	DNA_methylase	PF00145.23	7.1e-44
Rsol_XP_043178422.1	746	1232	DNA_methylase	PF00145.23	2.4e-40
Clum_XP_034416335.1	5	364	DNA_methylase	PF00145.23	7.8e-44
Gfus_XP_037879882.1	4	340	DNA_methylase	PF00145.23	7.2e-44
Adig_XP_015768114.1	956	1391	DNA_methylase	PF00145.23	1.8e-42
Pbar_XP_011640402.1	1	346	DNA_methylase	PF00145.23	8e-44
Clum_XP_034416334.1	5	372	DNA_methylase	PF00145.23	8.7e-44
Glopps_GPPI011588-PA	27	363	DNA_methylase	PF00145.23	8.2e-44
Cper_Nk52_evm1s411	7	358	DNA_methylase	PF00145.23	8e-44
Enau_XP_029384934.1	5	381	DNA_methylase	PF00145.23	9.2e-44
Sbic_XP_021302533.1	1023	1386	DNA_methylase	PF00145.23	6.8e-38
Sbic_XP_021302534.1	1023	1385	DNA_methylase	PF00145.23	6.7e-38
Hsal_XP_011135230.1	1	349	DNA_methylase	PF00145.23	1.1e-43
Hsal_XP_011135231.1	1	349	DNA_methylase	PF00145.23	1.1e-43
Poxa_XP_049966574.1	416	626	DNA_methylase	PF00145.23	1.6e-29
Poxa_XP_049966574.1	642	704	DNA_methylase	PF00145.23	6e-12
Ampcit_ENSACIP00000029410.1	5	377	DNA_methylase	PF00145.23	9.7e-44
Tatr_XP_020123364.1	297	476	DNA_methylase	PF00145.23	7.3e-31
Tatr_XP_020123364.1	525	584	DNA_methylase	PF00145.23	1.4e-10
Sjap_XP_002172563.1	9	323	DNA_methylase	PF00145.23	1.2e-43
Amil_XP_044174776.1	8	424	DNA_methylase	PF00145.23	5.7e-43
Dmoj_XP_002001842.2	3	341	DNA_methylase	PF00145.23	1.2e-43
Clec_XP_014248873.1	1	330	DNA_methylase	PF00145.23	1e-43
Lgig_XP_009052047.1	8	380	DNA_methylase	PF00145.23	1.2e-43
Cust_XP_032924858.1	5	395	DNA_methylase	PF00145.23	1.2e-43
Ndit_KPM45057.1	265	441	DNA_methylase	PF00145.23	8.9e-31
Ndit_KPM45057.1	501	556	DNA_methylase	PF00145.23	1.4e-10
Bhya_TGO37633.1	579	1026	DNA_methylase	PF00145.23	4.4e-43
Twas_XP_025596424.1	302	388	DNA_methylase	PF00145.23	3.4e-09
Twas_XP_025596424.1	418	517	DNA_methylase	PF00145.23	2.8e-16
Twas_XP_025596424.1	701	805	DNA_methylase	PF00145.23	1.9e-13
Pigchi_Pchi_g3787	188	257	DNA_methylase	PF00145.23	8.4e-09
Pigchi_Pchi_g3787	267	448	DNA_methylase	PF00145.23	1.2e-32
Enau_XP_029384933.1	5	383	DNA_methylase	PF00145.23	1.5e-43
Csem_XP_016887265.1	4	384	DNA_methylase	PF00145.23	1.8e-43
Csem_XP_024910410.1	4	384	DNA_methylase	PF00145.23	1.8e-43
Aflo_XP_003694392.2	2	349	DNA_methylase	PF00145.23	1.5e-43
Cypcar_XP_042570526.1	8	378	DNA_methylase	PF00145.23	1.4e-43
Apol_XP_022060521.2	4	381	DNA_methylase	PF00145.23	1.5e-43
Asp.HF37_RMJ21985.1	334	532	DNA_methylase	PF00145.23	2.2e-33
Asp.HF37_RMJ21985.1	564	625	DNA_methylase	PF00145.23	6.3e-08
Dcon_XP_040659259.1	282	451	DNA_methylase	PF00145.23	3.8e-30
Dcon_XP_040659259.1	512	572	DNA_methylase	PF00145.23	3.5e-11
Acit_THH29585.1	743	1220	DNA_methylase	PF00145.23	3.2e-41
Tint_EZF32949.1	279	453	DNA_methylase	PF00145.23	4.4e-33
Tint_EZF32949.1	509	563	DNA_methylase	PF00145.23	3.3e-08
Tmen_GBF62846.1	279	453	DNA_methylase	PF00145.23	4.4e-33
Tmen_GBF62846.1	509	563	DNA_methylase	PF00145.23	3.3e-08
Tequ_EGE07431.1	279	453	DNA_methylase	PF00145.23	4.4e-33
Tequ_EGE07431.1	509	563	DNA_methylase	PF00145.23	3.3e-08
Osun_ENSOSUP00000019679.1	5	396	DNA_methylase	PF00145.23	2.2e-43
Pisver_XP_031267644.1	507	871	DNA_methylase	PF00145.23	1e-36
Chequi_XP_021762079.1	447	804	DNA_methylase	PF00145.23	7.6e-38
Csav_ENSCSAVP00000000589.1	13	338	DNA_methylase	PF00145.23	2e-43
Smer_ENSSMRP00000018014.1	5	392	DNA_methylase	PF00145.23	1.9e-43
Caraur_XP_026057291.1	8	379	DNA_methylase	PF00145.23	1.9e-43
Aber_KAE8383199.1	317	486	DNA_methylase	PF00145.23	6.9e-30
Aber_KAE8383199.1	537	601	DNA_methylase	PF00145.23	2.6e-11
Amex_XP_022529350.1	5	380	DNA_methylase	PF00145.23	2e-43
Ccar_XP_008728018.1	305	485	DNA_methylase	PF00145.23	1.8e-30
Ccar_XP_008728018.1	518	601	DNA_methylase	PF00145.23	6.1e-11
Csp.DSE1049_PVH75477.1	820	1274	DNA_methylase	PF00145.23	5.9e-43
Hcen_PSR77616.1	336	442	DNA_methylase	PF00145.23	2.3e-10
Hcen_PSR77616.1	445	775	DNA_methylase	PF00145.23	2.8e-29
Bimp_XP_003485152.1	1	343	DNA_methylase	PF00145.23	2.3e-43
Pdul_XP_034215555.1	715	1079	DNA_methylase	PF00145.23	1e-37
Vcar_XP_002949905.1	1758	1803	DNA_methylase	PF00145.23	6.4e-07
Vcar_XP_002949905.1	1852	1958	DNA_methylase	PF00145.23	1.2e-21
Vcar_XP_002949905.1	2171	2236	DNA_methylase	PF00145.23	1.8e-11
Pruper_XP_020419843.1	610	973	DNA_methylase	PF00145.23	9.4e-38
Rpro_RPRC014336-PB	1	330	DNA_methylase	PF00145.23	2.3e-43
Pman_XP_006985993.1	5	387	DNA_methylase	PF00145.23	3.2e-43
Hmel_HMEL011319-PA	30	354	DNA_methylase	PF00145.23	2.9e-43
Annjap_XP_033126287.1	5	447	DNA_methylase	PF00145.23	1.6e-41
Stru_XP_029554617.1	5	383	DNA_methylase	PF00145.23	2.7e-43
Ehux_XP_005771418.1	160	332	DNA_methylase	PF00145.23	8.7e-35
Ehux_XP_005771418.1	415	457	DNA_methylase	PF00145.23	8.6e-06
Pruper_XP_020419840.1	685	1048	DNA_methylase	PF00145.23	1.1e-37
Pruper_XP_020419841.1	685	1048	DNA_methylase	PF00145.23	1.1e-37
Acom_XP_020113007.1	713	1070	DNA_methylase	PF00145.23	2.5e-37
Dana_XP_001965107.1	3	329	DNA_methylase	PF00145.23	3.5e-43
Poptri_XP_024453767.2	820	1178	DNA_methylase	PF00145.23	6.5e-37
Dple_XP_032520690.2	4	329	DNA_methylase	PF00145.23	3.1e-43
Acom_XP_020113006.1	758	1115	DNA_methylase	PF00145.23	2.7e-37
Panhal_XP_025806233.1	885	1248	DNA_methylase	PF00145.23	3.9e-38
Lang_XP_019421561.1	654	1012	DNA_methylase	PF00145.23	1.9e-38
Lang_XP_019421560.1	654	1012	DNA_methylase	PF00145.23	2e-38
Aoce_XP_023155762.2	5	381	DNA_methylase	PF00145.23	3.8e-43
Tnig_CAF91437.1	1	402	DNA_methylase	PF00145.23	1.7e-42
Ipun_XP_017334611.1	5	380	DNA_methylase	PF00145.23	3.7e-43
Poptri_XP_024453765.2	864	1222	DNA_methylase	PF00145.23	6.9e-37
Cfum_XP_018701407.1	292	468	DNA_methylase	PF00145.23	3.8e-30
Cfum_XP_018701407.1	511	580	DNA_methylase	PF00145.23	9e-11
Chequi_XP_021765549.1	750	1113	DNA_methylase	PF00145.23	4.6e-39
Pavi_XP_021834170.1	718	1094	DNA_methylase	PF00145.23	1.7e-37
Mmul_XP_028681858.1	5	380	DNA_methylase	PF00145.23	3.9e-43
Hhuc_ENSHHUP00000032422.1	5	369	DNA_methylase	PF00145.23	4e-43
Lpol_XP_013779188.1	3	368	DNA_methylase	PF00145.23	1.7e-42
Lpol_XP_022246966.1	3	355	DNA_methylase	PF00145.23	2e-42
Caraur_XP_026057259.1	8	379	DNA_methylase	PF00145.23	4.1e-43
Poptri_XP_024453766.2	853	1211	DNA_methylase	PF00145.23	7.5e-37
Clig_OIW31176.1	319	514	DNA_methylase	PF00145.23	1.5e-29
Clig_OIW31176.1	543	603	DNA_methylase	PF00145.23	2.6e-11
Cser_KAG6934307.1	15	405	DNA_methylase	PF00145.23	5.2e-43
Gpro_KXS18025.1	1105	1594	DNA_methylase	PF00145.23	5.8e-42
Mpha_XP_012535762.1	1	348	DNA_methylase	PF00145.23	5e-43
Sbor_ESZ90943.1	579	1032	DNA_methylase	PF00145.23	3.2e-42
Mnem_XP_011750387.2	5	380	DNA_methylase	PF00145.23	4.3e-43
Post_XP_036635116.1	689	1065	DNA_methylase	PF00145.23	3e-37
Gacu_XP_040022573.1	5	380	DNA_methylase	PF00145.23	5.2e-43
Jhye_ENSJHYP00000014230.1	5	394	DNA_methylase	PF00145.23	5.5e-43
Pavi_XP_021834169.1	857	1220	DNA_methylase	PF00145.23	1.4e-37
Caraur_XP_026060938.1	8	378	DNA_methylase	PF00145.23	4.9e-43
Azon_ENSAZOP00000008065.1	5	400	DNA_methylase	PF00145.23	1.4e-42
Dsil_XP_037575131.1	26	366	DNA_methylase	PF00145.23	9.2e-43
Chequi_XP_021725769.1	448	802	DNA_methylase	PF00145.23	7.2e-37
Otsh_XP_024230449.1	5	383	DNA_methylase	PF00145.23	5e-43
Bbot_KDQ13404.1	992	1328	DNA_methylase	PF00145.23	6.4e-43
Fmon_XP_022509309.1	259	433	DNA_methylase	PF00145.23	1.1e-29
Fmon_XP_022509309.1	469	549	DNA_methylase	PF00145.23	4e-11
Vrad_XP_022638588.1	642	1006	DNA_methylase	PF00145.23	4.9e-38
Anapla_XP_027306490.2	5	400	DNA_methylase	PF00145.23	1.6e-42
Phavul_XP_068465823.1	650	1009	DNA_methylase	PF00145.23	1.5e-37
Pavi_XP_021834168.1	857	1233	DNA_methylase	PF00145.23	2e-37
Sfas_XP_029943438.1	5	373	DNA_methylase	PF00145.23	6.4e-43
Moch_XP_005354689.1	5	387	DNA_methylase	PF00145.23	5.9e-43
Isca_XP_040066751.3	722	918	DNA_methylase	PF00145.23	1.1e-27
Isca_XP_040066751.3	1088	1172	DNA_methylase	PF00145.23	4.8e-13
Mgig_XP_011450725.3	1	449	DNA_methylase	PF00145.23	9.9e-42
Vrad_XP_022638587.1	659	1023	DNA_methylase	PF00145.23	4.9e-38
Mfas_XP_005564783.3	5	380	DNA_methylase	PF00145.23	5.7e-43
Rrox_XP_030796872.1	5	380	DNA_methylase	PF00145.23	5.8e-43
Okis_XP_020364706.1	5	383	DNA_methylase	PF00145.23	6e-43
Pmaj_XP_015474560.1	5	395	DNA_methylase	PF00145.23	7.3e-43
Obim_XP_052825652.1	9	408	DNA_methylase	PF00145.23	7.1e-43
Neomel_ENSNMLP00000033061.1	5	378	DNA_methylase	PF00145.23	6.3e-43
Mmul_XP_028681857.1	5	387	DNA_methylase	PF00145.23	6.2e-43
Agrpla_XP_018335245.1	1	326	DNA_methylase	PF00145.23	6.5e-43
Agrpla_XP_018335246.1	1	326	DNA_methylase	PF00145.23	6.5e-43
Scan_XP_009084165.1	5	395	DNA_methylase	PF00145.23	8.8e-43
Corcap_OMO79806.1	421	779	DNA_methylase	PF00145.23	7.8e-38
Vrad_XP_022638589.1	487	851	DNA_methylase	PF00145.23	3.4e-38
Egla_KZV97849.1	651	864	DNA_methylase	PF00145.23	8e-26
Egla_KZV97849.1	1033	1117	DNA_methylase	PF00145.23	1.4e-14
Ccae_XP_023776028.1	5	396	DNA_methylase	PF00145.23	1.1e-42
Fped_XP_013279900.1	259	432	DNA_methylase	PF00145.23	1.5e-29
Fped_XP_013279900.1	469	549	DNA_methylase	PF00145.23	4.1e-11
Csab_XP_008000578.2	5	380	DNA_methylase	PF00145.23	6.9e-43
Mnem_XP_011750386.2	5	387	DNA_methylase	PF00145.23	6.9e-43
Ptex_XP_026571939.1	6	392	DNA_methylase	PF00145.23	8.4e-43
Acla_XP_001270179.1	311	477	DNA_methylase	PF00145.23	2.3e-31
Acla_XP_001270179.1	536	601	DNA_methylase	PF00145.23	3e-09
Dper_XP_002020883.1	3	341	DNA_methylase	PF00145.23	7.1e-43
Citlan_Cla97C10G185760.1	832	1189	DNA_methylase	PF00145.23	7e-37
Salsal_XP_014012889.1	5	383	DNA_methylase	PF00145.23	7.5e-43
Dpse_XP_033235972.1	3	341	DNA_methylase	PF00145.23	7.4e-43
Aplcal_XP_035827282.1	14	195	DNA_methylase	PF00145.23	6.5e-33
Aplcal_XP_035827282.1	463	534	DNA_methylase	PF00145.23	8.8e-08
Gacu_XP_040025649.1	54	429	DNA_methylase	PF00145.23	1e-42
Lcal_XP_018518178.1	5	380	DNA_methylase	PF00145.23	8.6e-43
Lcal_XP_018554331.1	5	380	DNA_methylase	PF00145.23	8.6e-43
Srhi_XP_016398812.1	8	378	DNA_methylase	PF00145.23	8.1e-43
Pcol_XP_031470192.1	22	410	DNA_methylase	PF00145.23	9.3e-43
Omyk_XP_021476233.1	5	383	DNA_methylase	PF00145.23	8.8e-43
Anan_XP_012311379.1	5	380	DNA_methylase	PF00145.23	8.7e-43
Gaga_ENSGAGP00000014739.1	5	395	DNA_methylase	PF00145.23	1.3e-42
Gevg_XP_030406306.1	5	395	DNA_methylase	PF00145.23	1.3e-42
Chequi_XP_021762072.1	447	805	DNA_methylase	PF00145.23	3.7e-37
Mfas_XP_005564782.3	5	387	DNA_methylase	PF00145.23	9.1e-43
Aall_XP_031904518.1	317	485	DNA_methylase	PF00145.23	4.2e-30
Aall_XP_031904518.1	540	601	DNA_methylase	PF00145.23	2.6e-10
Rrox_XP_010353058.1	5	387	DNA_methylase	PF00145.23	9.3e-43
Psat_XP_050872204.1	556	921	DNA_methylase	PF00145.23	4e-37
Panu_XP_009198076.2	5	380	DNA_methylase	PF00145.23	9.4e-43
Chem_XP_066913521.1	9	337	DNA_methylase	PF00145.23	9.2e-43
Aspfla_XP_041147651.1	317	483	DNA_methylase	PF00145.23	4.8e-29
Aspfla_XP_041147651.1	538	601	DNA_methylase	PF00145.23	1.6e-11
Cqui_XP_001867327.2	16	344	DNA_methylase	PF00145.23	9.5e-43
Pgem_Unigene15470_Pirum_gemmata|m.9845	1	112	DNA_methylase	PF00145.23	9e-43
Nscu_XP_026541993.1	6	392	DNA_methylase	PF00145.23	1.1e-42
Ddis_XP_636955.1	5	359	DNA_methylase	PF00145.23	1e-42
Hhuc_ENSHHUP00000032413.1	5	383	DNA_methylase	PF00145.23	1e-42
Cucmel_XP_008448610.2	851	1208	DNA_methylase	PF00145.23	2.9e-37
Scivul_ENSSVLP00005024336.1	5	387	DNA_methylase	PF00145.23	1.2e-42
Cflo_XP_011265390.1	1	348	DNA_methylase	PF00145.23	1.1e-42
Csav_ENSCSAVP00000000592.1	5	329	DNA_methylase	PF00145.23	1.1e-42
Csab_XP_008000577.2	5	387	DNA_methylase	PF00145.23	1.1e-42
Mspr_MGP_SPRETEiJ_P0051678	5	387	DNA_methylase	PF00145.23	1.1e-42
Dlab_XP_051266219.1	5	381	DNA_methylase	PF00145.23	1.5e-42
Drer_NP_001018153.1	8	376	DNA_methylase	PF00145.23	1.1e-42
Mmur_XP_012609220.1	5	379	DNA_methylase	PF00145.23	1.1e-42
Cucsat_XP_011650322.1	618	974	DNA_methylase	PF00145.23	7.6e-38
Ttur_VAI06904.1	271	638	DNA_methylase	PF00145.23	1.2e-36
Bvul_XP_048496750.1	373	730	DNA_methylase	PF00145.23	1.5e-36
Pdam_XP_027057288.1	7	413	DNA_methylase	PF00145.23	1.5e-42
Cang_XP_011819280.1	5	387	DNA_methylase	PF00145.23	1.2e-42
Vung_XP_027919309.1	470	833	DNA_methylase	PF00145.23	3.6e-37
Mspi_ENSMSIP00000028030.1	5	387	DNA_methylase	PF00145.23	1.2e-42
Cave_XP_059441432.1	457	816	DNA_methylase	PF00145.23	1.3e-36
Cyncar_XP_024995332.1	471	839	DNA_methylase	PF00145.23	2.4e-37
Digexi_KAF8710077.1	1170	1537	DNA_methylase	PF00145.23	1.4e-41
Aper_ENSAPEP00000015730.1	5	381	DNA_methylase	PF00145.23	1.3e-42
Lstr_XP_021407362.1	5	394	DNA_methylase	PF00145.23	1.6e-42
Cpyg_ENSCPGP00000020425.1	5	395	DNA_methylase	PF00145.23	1.8e-42
Horvul_XP_044981972.1	970	1337	DNA_methylase	PF00145.23	3.4e-36
Aequ_EGACTEQ4350033849-PA	54	488	DNA_methylase	PF00145.23	3.3e-42
Apar_KAB8209689.1	318	485	DNA_methylase	PF00145.23	1.9e-29
Apar_KAB8209689.1	539	602	DNA_methylase	PF00145.23	6.3e-11
Hmin_KJZ75777.1	304	505	DNA_methylase	PF00145.23	3.7e-30
Hmin_KJZ75777.1	533	594	DNA_methylase	PF00145.23	1.8e-10
Kfed_Kaladp0058s0378.1.v1.1	402	760	DNA_methylase	PF00145.23	9.1e-38
Piltep_XP_023078985.1	5	380	DNA_methylase	PF00145.23	1.3e-42
Bvul_XP_010671153.2	446	803	DNA_methylase	PF00145.23	2.1e-36
Ceur_XP_008717051.1	360	568	DNA_methylase	PF00145.23	4.6e-29
Ceur_XP_008717051.1	591	659	DNA_methylase	PF00145.23	4.3e-11
Mmur_XP_012609217.1	5	386	DNA_methylase	PF00145.23	1.3e-42
Pnat_XP_017555844.1	5	380	DNA_methylase	PF00145.23	1.4e-42
Corcap_OMO87831.1	729	1092	DNA_methylase	PF00145.23	8.5e-35
Ggor_XP_030871483.1	5	380	DNA_methylase	PF00145.23	1.4e-42
Mdom_XP_005186174.2	4	333	DNA_methylase	PF00145.23	1.7e-42
Lcor_XP_017672753.1	5	396	DNA_methylase	PF00145.23	1.7e-42
Fdam_XP_010605411.1	5	389	DNA_methylase	PF00145.23	1.4e-42
Znev_XP_021935723.1	1	361	DNA_methylase	PF00145.23	1.5e-42
Stepar_XP_008290158.1	5	380	DNA_methylase	PF00145.23	1.8e-42
Tgut_XP_012426942.4	5	394	DNA_methylase	PF00145.23	1.8e-42
Ocasau_RDA90664.1	279	448	DNA_methylase	PF00145.23	1.9e-28
Ocasau_RDA90664.1	507	566	DNA_methylase	PF00145.23	6.9e-12
Ocun_XP_069911555.1	5	427	DNA_methylase	PF00145.23	3.5e-42
Ocun_XP_069911556.1	5	427	DNA_methylase	PF00145.23	3.5e-42
Ecur_TVU07148.1	754	1114	DNA_methylase	PF00145.23	3.2e-37
Arow_XP_025942926.1	5	395	DNA_methylase	PF00145.23	2.3e-42
Vung_XP_027919308.1	637	1000	DNA_methylase	PF00145.23	5.3e-37
Nvec_XP_048577925.1	7	445	DNA_methylase	PF00145.23	5.1e-42
Sita_XP_004960650.1	892	1254	DNA_methylase	PF00145.23	7.8e-38
Panu_XP_003919381.2	5	387	DNA_methylase	PF00145.23	1.5e-42
Vrad_XP_014509465.1	659	1022	DNA_methylase	PF00145.23	1.2e-37
Concor_KXN73869.1	50	421	DNA_methylase	PF00145.23	1.8e-42
Lvar_XP_041466784.1	18	445	DNA_methylase	PF00145.23	7e-42
Sita_XP_004960649.1	892	1255	DNA_methylase	PF00145.23	8.2e-38
Hbic_XP_024742361.1	767	1223	DNA_methylase	PF00145.23	9e-42
Psim_ENSPSMP00000035817.1	5	386	DNA_methylase	PF00145.23	1.6e-42
Amul_XP_026605171.1	283	450	DNA_methylase	PF00145.23	1.7e-28
Amul_XP_026605171.1	470	572	DNA_methylase	PF00145.23	5e-12
Mleu_XP_011823488.1	5	387	DNA_methylase	PF00145.23	1.6e-42
Corcap_OMO73118.1	418	777	DNA_methylase	PF00145.23	1.3e-37
Cruf_ENSCRFP00000007103.1	5	397	DNA_methylase	PF00145.23	2.1e-42
Dhel_POS74573.1	344	530	DNA_methylase	PF00145.23	4.9e-35
Dhel_POS74573.1	575	636	DNA_methylase	PF00145.23	3.3e-05
Anan_XP_012311378.1	5	387	DNA_methylase	PF00145.23	1.7e-42
Scha_KFA77349.1	303	475	DNA_methylase	PF00145.23	9.9e-30
Scha_KFA77349.1	508	594	DNA_methylase	PF00145.23	1.1e-10
Qlob_XP_030947462.1	576	935	DNA_methylase	PF00145.23	5.2e-36
Cucsat_XP_011650321.1	843	1200	DNA_methylase	PF00145.23	1e-37
Hrub_XP_046558603.1	8	403	DNA_methylase	PF00145.23	2.3e-42
Mmus_NP_034197.3	5	387	DNA_methylase	PF00145.23	1.9e-42
Ahaa_ENSAHAP00000016457.1	5	395	DNA_methylase	PF00145.23	3e-42
Ecur_TVU16919.1	761	1126	DNA_methylase	PF00145.23	4.3e-37
Aver_XP_040670543.1	281	450	DNA_methylase	PF00145.23	1.2e-31
Aver_XP_040670543.1	504	564	DNA_methylase	PF00145.23	1.2e-08
Gaff_XP_043961181.1	5	405	DNA_methylase	PF00145.23	2.1e-42
Scit_KIM70040.1	619	1073	DNA_methylase	PF00145.23	2.8e-41
Acep_XP_012057662.1	1	348	DNA_methylase	PF00145.23	2e-42
Trub_XP_047603700.1	275	443	DNA_methylase	PF00145.23	6.2e-32
Trub_XP_047603700.1	504	559	DNA_methylase	PF00145.23	3e-08
Vvul_XP_025871763.1	5	387	DNA_methylase	PF00145.23	2.1e-42
Clup_XP_038385922.1	5	387	DNA_methylase	PF00145.23	2.2e-42
Piltep_XP_023078984.1	5	387	DNA_methylase	PF00145.23	2e-42
Aowe_ENSAOWP00000005114.1	5	395	DNA_methylase	PF00145.23	3.3e-42
Concor_KXN74494.1	693	911	DNA_methylase	PF00145.23	4.5e-28
Concor_KXN74494.1	1082	1146	DNA_methylase	PF00145.23	2.1e-11
Acun_XP_026699256.1	5	396	DNA_methylase	PF00145.23	2.9e-42
Macu_XP_009392766.2	708	1067	DNA_methylase	PF00145.23	3.3e-37
Ggor_XP_018891141.1	5	387	DNA_methylase	PF00145.23	2.2e-42
Ogar_XP_003786926.2	5	387	DNA_methylase	PF00145.23	2.1e-42
Rchi_XP_040367697.1	730	1095	DNA_methylase	PF00145.23	5.9e-36
Csav_ENSCSAVP00000000590.1	10	311	DNA_methylase	PF00145.23	1.1e-41
Macu_XP_064998170.1	708	1067	DNA_methylase	PF00145.23	3.3e-37
Svir_XP_034585860.1	894	1254	DNA_methylase	PF00145.23	1.1e-37
Tsou_EZF68704.1	275	444	DNA_methylase	PF00145.23	6.7e-32
Tsou_EZF68704.1	504	559	DNA_methylase	PF00145.23	2.8e-08
Tvio_OAL75548.1	275	444	DNA_methylase	PF00145.23	6.7e-32
Tvio_OAL75548.1	504	559	DNA_methylase	PF00145.23	2.8e-08
Qsub_XP_065634629.1	570	929	DNA_methylase	PF00145.23	8.4e-36
Ggal_NP_001020002.2	5	394	DNA_methylase	PF00145.23	3.1e-42
Dpur_XP_003289182.1	19	373	DNA_methylase	PF00145.23	2.3e-42
Svir_XP_034585858.1	894	1255	DNA_methylase	PF00145.23	1.2e-37
Pvar_XP_028483713.1	354	522	DNA_methylase	PF00145.23	2.3e-30
Pvar_XP_028483713.1	576	645	DNA_methylase	PF00145.23	8.4e-10
Tgel_XP_025252572.1	5	380	DNA_methylase	PF00145.23	2.3e-42
Ansbra_ENSABRP00000020136.1	5	399	DNA_methylase	PF00145.23	5.2e-42
Caty_XP_011911371.1	5	387	DNA_methylase	PF00145.23	2.4e-42
Cpug_XP_014801987.1	5	395	DNA_methylase	PF00145.23	3.2e-42
Vang_XP_017440717.1	642	1005	DNA_methylase	PF00145.23	2.7e-37
Scam_XP_068790756.1	5	394	DNA_methylase	PF00145.23	4.4e-42
Ttur_VAI06916.1	383	751	DNA_methylase	PF00145.23	2.2e-36
Aarx_XP_033385594.1	232	412	DNA_methylase	PF00145.23	6.3e-30
Aarx_XP_033385594.1	470	528	DNA_methylase	PF00145.23	5.7e-10
Cban_XP_016624056.1	290	495	DNA_methylase	PF00145.23	3.8e-28
Cban_XP_016624056.1	518	583	DNA_methylase	PF00145.23	4.9e-12
Cave_XP_059441430.1	673	1032	DNA_methylase	PF00145.23	2e-36
Catt_XP_018001523.1	370	579	DNA_methylase	PF00145.23	9.7e-30
Catt_XP_018001523.1	606	671	DNA_methylase	PF00145.23	2.9e-10
Chrpic_ENSCPIP00010017842.1	5	393	DNA_methylase	PF00145.23	3.3e-42
Btul_TGO10352.1	601	1063	DNA_methylase	PF00145.23	2.4e-42
Asyd_XP_040699644.1	282	444	DNA_methylase	PF00145.23	4.2e-31
Asyd_XP_040699644.1	513	577	DNA_methylase	PF00145.23	5.1e-09
Cjac_XP_002750112.1	5	387	DNA_methylase	PF00145.23	3.1e-42
Mung_XP_060228951.1	5	386	DNA_methylase	PF00145.23	3.3e-42
Campar_XP_030799644.1	5	394	DNA_methylase	PF00145.23	3.4e-42
Portri_XP_045113173.1	3	372	DNA_methylase	PF00145.23	5.2e-42
Dord_XP_012870069.1	5	387	DNA_methylase	PF00145.23	3e-42
Cpsa_XP_007743749.1	290	496	DNA_methylase	PF00145.23	5e-28
Cpsa_XP_007743749.1	515	583	DNA_methylase	PF00145.23	3.1e-12
Cave_XP_059441429.1	701	1060	DNA_methylase	PF00145.23	2.2e-36
Bgla_NP_001298237.1	3	387	DNA_methylase	PF00145.23	3.2e-42
Asat_cds.AVESA.00001b.r3.5Ag0000442.8	372	741	DNA_methylase	PF00145.23	6.1e-36
Macu_XP_064957219.1	708	1066	DNA_methylase	PF00145.23	4.9e-37
Asat_cds.AVESA.00001b.r3.4Cg0003342.10	372	741	DNA_methylase	PF00145.23	6.1e-36
Ecru_scaffold106.320.cds	884	1248	DNA_methylase	PF00145.23	3.9e-38
Dsp.KUC8613_KAA1471594.1	708	1180	DNA_methylase	PF00145.23	2.6e-40
Shar_XP_031795772.1	5	391	DNA_methylase	PF00145.23	5.4e-42
Sans_XP_016301464.1	8	378	DNA_methylase	PF00145.23	3.3e-42
Pchr_XP_056573367.1	322	521	DNA_methylase	PF00145.23	1.8e-28
Pchr_XP_056573367.1	550	612	DNA_methylase	PF00145.23	1.6e-11
Penrub_XP_002563814.1	322	521	DNA_methylase	PF00145.23	1.8e-28
Penrub_XP_002563814.1	550	612	DNA_methylase	PF00145.23	1.6e-11
Phymac_XP_007118559.2	5	392	DNA_methylase	PF00145.23	3.3e-42
Dronov_XP_025954451.2	14	404	DNA_methylase	PF00145.23	6.9e-42
Macu_XP_065000871.1	626	985	DNA_methylase	PF00145.23	2.7e-37
Bnov_KAF1977708.1	238	527	DNA_methylase	PF00145.23	2.6e-39
Sinv_XP_011158525.1	1	348	DNA_methylase	PF00145.23	3.9e-42
Sinv_XP_011158526.1	1	348	DNA_methylase	PF00145.23	3.9e-42
Sinv_XP_039301865.1	1	348	DNA_methylase	PF00145.23	3.9e-42
Macu_XP_064998182.1	626	985	DNA_methylase	PF00145.23	2.7e-37
Acyg_XP_047917777.1	5	399	DNA_methylase	PF00145.23	9.2e-42
Portri_XP_045113172.1	22	391	DNA_methylase	PF00145.23	6.2e-42
Proq_XP_038926943.1	332	540	DNA_methylase	PF00145.23	7e-29
Proq_XP_038926943.1	560	622	DNA_methylase	PF00145.23	3.9e-11
Tgel_XP_025252571.1	5	387	DNA_methylase	PF00145.23	3.6e-42
Asat_cds.AVESA.00001b.r3.5Dg0000045.16	356	725	DNA_methylase	PF00145.23	6.8e-36
Cleu_ROW13831.1	346	535	DNA_methylase	PF00145.23	5.9e-32
Cleu_ROW13831.1	578	638	DNA_methylase	PF00145.23	5.9e-08
Toph_KND87275.1	306	476	DNA_methylase	PF00145.23	2.5e-29
Toph_KND87275.1	538	597	DNA_methylase	PF00145.23	1.1e-10
Shab_XP_030339134.1	5	395	DNA_methylase	PF00145.23	5.5e-42
Tpra_XP_045786167.1	553	916	DNA_methylase	PF00145.23	1.5e-37
Ofus_CAH1787568.1	9	437	DNA_methylase	PF00145.23	1e-41
Psin_XP_006119554.2	18	408	DNA_methylase	PF00145.23	4.6e-42
Ppan_XP_008954820.1	5	380	DNA_methylase	PF00145.23	4.1e-42
Asat_cds.AVESA.00001b.r3.5Dg0000045.3	372	741	DNA_methylase	PF00145.23	7.3e-36
Pcro_KIM88819.1	748	1200	DNA_methylase	PF00145.23	3.1e-41
Tpra_XP_045786166.1	573	936	DNA_methylase	PF00145.23	1.6e-37
Clan_XP_005387020.1	5	387	DNA_methylase	PF00145.23	4.7e-42
Mbol_KXJ87395.1	32	200	DNA_methylase	PF00145.23	4.4e-30
Mbol_KXJ87395.1	248	320	DNA_methylase	PF00145.23	8.5e-10
Amacol_ENSACOP00000024579.1	5	395	DNA_methylase	PF00145.23	5.6e-42
Anis_ENSANIP00000024583.1	5	395	DNA_methylase	PF00145.23	9e-42
Bman_XP_028029127.1	8	330	DNA_methylase	PF00145.23	4.6e-42
Pcop_XP_056536315.1	318	490	DNA_methylase	PF00145.23	8.8e-29
Pcop_XP_056536315.1	546	608	DNA_methylase	PF00145.23	4.4e-11
Lper_XP_051181908.1	1006	1375	DNA_methylase	PF00145.23	4.1e-36
Lper_XP_051181909.1	1006	1375	DNA_methylase	PF00145.23	4.1e-36
Lper_XP_051181910.1	1006	1375	DNA_methylase	PF00145.23	4.1e-36
Tdic_XP_037419474.1	421	785	DNA_methylase	PF00145.23	3.5e-36
Etef_Et_s8126-0.7-1.mrna1	314	622	DNA_methylase	PF00145.23	2.3e-36
Ccor_KZT51804.1	563	1000	DNA_methylase	PF00145.23	9.2e-41
Macu_XP_064957221.1	626	984	DNA_methylase	PF00145.23	4.2e-37
Cx_XP_024039459.1	573	932	DNA_methylase	PF00145.23	5.7e-37
Csav_ENSCSAVP00000000593.1	5	372	DNA_methylase	PF00145.23	5.9e-42
Nleu_XP_030675101.1	5	380	DNA_methylase	PF00145.23	5.2e-42
Upar_XP_026263928.1	5	387	DNA_methylase	PF00145.23	5.4e-42
Cmon_XP_031969319.1	5	395	DNA_methylase	PF00145.23	6.6e-42
Ldec_XP_023020127.1	1	327	DNA_methylase	PF00145.23	4.9e-42
Rchi_XP_040367699.1	366	731	DNA_methylase	PF00145.23	2.5e-36
Rchi_XP_040367700.1	366	731	DNA_methylase	PF00145.23	2.5e-36
Portri_XP_045113170.1	68	437	DNA_methylase	PF00145.23	9.3e-42
Fcyl_OEU08290.1	438	754	DNA_methylase	PF00145.23	2.3e-41
Lper_XP_051181903.1	1086	1455	DNA_methylase	PF00145.23	4.5e-36
Lper_XP_051181904.1	1086	1455	DNA_methylase	PF00145.23	4.5e-36
Lper_XP_051181902.1	1086	1455	DNA_methylase	PF00145.23	4.5e-36
Lper_XP_051181901.1	1086	1455	DNA_methylase	PF00145.23	4.5e-36
Lper_XP_051181905.1	1086	1455	DNA_methylase	PF00145.23	4.5e-36
Ttur_VAH89527.1	271	581	DNA_methylase	PF00145.23	9e-36
Elat_EMR70006.1	32	206	DNA_methylase	PF00145.23	1.5e-29
Elat_EMR70006.1	226	322	DNA_methylase	PF00145.23	1.4e-10
Lper_XP_051181900.1	1115	1484	DNA_methylase	PF00145.23	4.7e-36
Kfed_Kaladp0036s0296.1.v1.1	463	821	DNA_methylase	PF00145.23	9.9e-36
Ppan_XP_003831225.1	5	387	DNA_methylase	PF00145.23	6.5e-42
Mmar_XP_015338892.1	5	387	DNA_methylase	PF00145.23	6.6e-42
Gfus_XP_037879964.1	4	323	DNA_methylase	PF00145.23	9.3e-42
Acit_THH22378.1	675	1142	DNA_methylase	PF00145.23	1.6e-40
Lper_XP_051181899.1	1137	1506	DNA_methylase	PF00145.23	4.8e-36
Kfed_Kaladp0036s0296.2.v1.1	463	821	DNA_methylase	PF00145.23	1e-35
Fnub_XP_022497136.1	259	433	DNA_methylase	PF00145.23	8.7e-29
Fnub_XP_022497136.1	483	549	DNA_methylase	PF00145.23	6.3e-11
Reme_XP_013331176.1	368	567	DNA_methylase	PF00145.23	3.8e-30
Reme_XP_013331176.1	598	658	DNA_methylase	PF00145.23	1.7e-09
Hgla_XP_021096161.1	5	380	DNA_methylase	PF00145.23	6.4e-42
Lper_XP_051181894.1	1166	1535	DNA_methylase	PF00145.23	4.9e-36
Lper_XP_051181895.1	1166	1535	DNA_methylase	PF00145.23	4.9e-36
Lper_XP_051181896.1	1166	1535	DNA_methylase	PF00145.23	4.9e-36
Lper_XP_051181897.1	1166	1535	DNA_methylase	PF00145.23	4.9e-36
Lper_XP_051181898.1	1166	1535	DNA_methylase	PF00145.23	4.9e-36
Lper_XP_051181892.1	1166	1535	DNA_methylase	PF00145.23	4.9e-36
Lper_XP_051181893.1	1166	1535	DNA_methylase	PF00145.23	4.9e-36
Nper_XP_025895187.1	5	395	DNA_methylase	PF00145.23	1e-41
Mcon_RPB14779.1	315	497	DNA_methylase	PF00145.23	2.8e-27
Mcon_RPB14779.1	549	607	DNA_methylase	PF00145.23	2.5e-12
Ncal_ORY17548.1	6	367	DNA_methylase	PF00145.23	7.2e-42
Aech_XP_011068917.1	1	348	DNA_methylase	PF00145.23	7.1e-42
Ipun_XP_017334549.1	5	386	DNA_methylase	PF00145.23	6.9e-42
Lper_XP_051181891.1	1195	1564	DNA_methylase	PF00145.23	5.1e-36
Tdal_XP_037936807.1	7	345	DNA_methylase	PF00145.23	7.4e-42
Caeg_CAA7265858.1	745	1206	DNA_methylase	PF00145.23	8.1e-41
Hsap_NP_001338148.1	5	380	DNA_methylase	PF00145.23	7.3e-42
Csav_ENSCSAVP00000000591.1	5	368	DNA_methylase	PF00145.23	1.1e-41
Csim_KXH31686.1	315	517	DNA_methylase	PF00145.23	1.9e-31
Csim_KXH31686.1	552	610	DNA_methylase	PF00145.23	5.5e-08
Atra_KAE8312993.1	317	485	DNA_methylase	PF00145.23	1.8e-28
Atra_KAE8312993.1	538	601	DNA_methylase	PF00145.23	3.3e-11
Triver_XP_003018954.1	277	445	DNA_methylase	PF00145.23	2.2e-31
Triver_XP_003018954.1	507	561	DNA_methylase	PF00145.23	3.2e-08
Xtro_NP_001004959.2	6	390	DNA_methylase	PF00145.23	8.7e-42
Mror_KAI3621825.1	731	1214	DNA_methylase	PF00145.23	1.3e-39
Coka_Cok_S_s368_17321.t1	332	711	DNA_methylase	PF00145.23	2.6e-40
Csal_KXH57109.1	315	518	DNA_methylase	PF00145.23	3.2e-32
Csal_KXH57109.1	545	610	DNA_methylase	PF00145.23	2e-07
Lper_XP_051181890.1	1246	1615	DNA_methylase	PF00145.23	5.4e-36
Nleu_XP_003257732.1	5	387	DNA_methylase	PF00145.23	8.1e-42
Hgla_XP_004860027.1	5	387	DNA_methylase	PF00145.23	8e-42
Dgri_XP_001989173.2	3	337	DNA_methylase	PF00145.23	7.6e-42
Psp.Hart1_CCW70926.1	288	330	DNA_methylase	PF00145.23	2e-06
Psp.Hart1_CCW70926.1	369	451	DNA_methylase	PF00145.23	1.7e-22
Psp.Hart1_CCW70926.1	501	722	DNA_methylase	PF00145.23	7.3e-06
Sluc_XP_031156002.1	9	381	DNA_methylase	PF00145.23	9.9e-42
Slut_KIK35276.1	645	1039	DNA_methylase	PF00145.23	6e-36
Cpyg_ENSCPGP00000022732.1	917	1353	DNA_methylase	PF00145.23	1.4e-41
Gmax_XP_014624381.1	601	961	DNA_methylase	PF00145.23	1.1e-37
Cchr_ROV94163.1	349	526	DNA_methylase	PF00145.23	1.3e-30
Cchr_ROV94163.1	601	657	DNA_methylase	PF00145.23	6.8e-09
Pita_KGO69595.1	322	522	DNA_methylase	PF00145.23	1.7e-28
Pita_KGO69595.1	548	612	DNA_methylase	PF00145.23	4.6e-11
Arob_ORX78431.1	7	380	DNA_methylase	PF00145.23	9.8e-42
Cvis_KZP00452.1	765	1219	DNA_methylase	PF00145.23	2.6e-40
Gmax_XP_014624380.1	677	1037	DNA_methylase	PF00145.23	1.3e-37
Ofav_XP_020621439.1	7	384	DNA_methylase	PF00145.23	3.3e-41
Scivul_ENSSVLP00005025881.1	5	357	DNA_methylase	PF00145.23	9.7e-42
Droimm_KAH8263639.1	3	340	DNA_methylase	PF00145.23	9.9e-42
Patmin_XP_038052659.1	9	219	DNA_methylase	PF00145.23	2e-32
Patmin_XP_038052659.1	481	558	DNA_methylase	PF00145.23	3.6e-07
Athi_PFH48401.1	738	1202	DNA_methylase	PF00145.23	3.3e-40
Cimm_XP_016247685.1	274	444	DNA_methylase	PF00145.23	5.5e-28
Cimm_XP_016247685.1	483	565	DNA_methylase	PF00145.23	1.9e-11
Ncra_XP_011392925.1	286	456	DNA_methylase	PF00145.23	1.3e-32
Ncra_XP_011392925.1	513	572	DNA_methylase	PF00145.23	1.2e-06
Aapi_KZZ90299.1	371	540	DNA_methylase	PF00145.23	1e-27
Aapi_KZZ90299.1	595	661	DNA_methylase	PF00145.23	1e-11
Serdum_XP_022620799.1	5	375	DNA_methylase	PF00145.23	1.1e-41
Tnig_CAG12188.1	783	944	DNA_methylase	PF00145.23	1.9e-25
Tnig_CAG12188.1	1126	1201	DNA_methylase	PF00145.23	6.7e-14
Hsap_NP_004403.1	5	387	DNA_methylase	PF00145.23	1.2e-41
Singra_XP_016143177.1	1050	1481	DNA_methylase	PF00145.23	2.9e-41
Seccer_SECCEUnv1G0527090.1	415	783	DNA_methylase	PF00145.23	1.2e-35
Tvap_Tv_15380-RA:cds	1	340	DNA_methylase	PF00145.23	1.1e-41
Dcay_XP_039134810.1	577	938	DNA_methylase	PF00145.23	1.5e-36
Lsp.SymCcos_KXN85700.1	854	1317	DNA_methylase	PF00145.23	1.9e-39
Pant_XP_058319148.1	319	524	DNA_methylase	PF00145.23	1.2e-28
Pant_XP_058319148.1	549	608	DNA_methylase	PF00145.23	8.5e-11
Socc_ENSSOCP00000020158.1	1041	1472	DNA_methylase	PF00145.23	2e-41
Cgri_XP_027261044.1	5	386	DNA_methylase	PF00145.23	1.4e-41
Gmax_XP_006599215.1	677	1036	DNA_methylase	PF00145.23	1.6e-37
Achr_XP_029863382.1	5	395	DNA_methylase	PF00145.23	1.9e-41
Pexp_XP_016602747.1	322	491	DNA_methylase	PF00145.23	1.1e-28
Pexp_XP_016602747.1	533	596	DNA_methylase	PF00145.23	7e-11
Cimi_XP_017385265.1	5	387	DNA_methylase	PF00145.23	1.2e-41
Cimi_XP_037594930.1	5	387	DNA_methylase	PF00145.23	1.2e-41
Cimi_XP_037594931.1	5	387	DNA_methylase	PF00145.23	1.2e-41
Mcar_XP_021011821.1	5	387	DNA_methylase	PF00145.23	2.1e-41
Dpul_XP_046459863.1	6	335	DNA_methylase	PF00145.23	1.2e-41
Rchi_XP_040367698.1	573	938	DNA_methylase	PF00145.23	4.3e-36
Pdig_EKV12184.1	322	491	DNA_methylase	PF00145.23	1e-28
Pdig_EKV12184.1	549	612	DNA_methylase	PF00145.23	8.6e-11
Csat_XP_010421399.1	16	375	DNA_methylase	PF00145.23	1.3e-41
Serdum_XP_022620798.1	5	387	DNA_methylase	PF00145.23	1.7e-41
Dcay_XP_039142082.1	518	881	DNA_methylase	PF00145.23	1.3e-36
Anocar_XP_003222002.2	5	390	DNA_methylase	PF00145.23	1.5e-41
Spom_NP_595687.1	8	322	DNA_methylase	PF00145.23	1.3e-41
Soch_TCD63769.1	821	1288	DNA_methylase	PF00145.23	1.5e-39
Dcay_XP_039134809.1	612	973	DNA_methylase	PF00145.23	1.4e-36
Ngal_XP_008832115.1	5	389	DNA_methylase	PF00145.23	1.6e-41
Asat_cds.AVESA.00001b.r3.7Dg0003645.1	215	581	DNA_methylase	PF00145.23	3.8e-36
Asat_cds.AVESA.00001b.r3.7Dg0003645.3	215	581	DNA_methylase	PF00145.23	3.8e-36
Fsol_XP_065478340.1	276	445	DNA_methylase	PF00145.23	1.7e-28
Fsol_XP_065478340.1	506	564	DNA_methylase	PF00145.23	1e-10
Oruf_ORUFI05G08370.1	1011	1376	DNA_methylase	PF00145.23	2.8e-36
Oniv_ONIVA10G00550.1	1016	1381	DNA_methylase	PF00145.23	2.8e-36
Ofav_XP_020621438.1	7	408	DNA_methylase	PF00145.23	2.2e-40
Gacu_XP_040022574.1	5	365	DNA_methylase	PF00145.23	2.4e-41
Gtra_XP_007860485.1	560	1018	DNA_methylase	PF00145.23	9.9e-40
Psom_XP_026441067.1	517	866	DNA_methylase	PF00145.23	1.6e-35
Psom_XP_026441066.1	518	867	DNA_methylase	PF00145.23	1.6e-35
Sbol_XP_003930688.1	5	387	DNA_methylase	PF00145.23	1.6e-41
Ptro_XP_016818212.2	5	380	DNA_methylase	PF00145.23	1.6e-41
Cmos_ENSCMMP00000024363.1	5	400	DNA_methylase	PF00145.23	3.8e-41
Cfio_XP_053047814.1	315	610	DNA_methylase	PF00145.23	8.6e-38
Schcom_XP_003036306.2	282	490	DNA_methylase	PF00145.23	1.1e-27
Schcom_XP_003036306.2	673	743	DNA_methylase	PF00145.23	2e-10
Pcoq_XP_012516376.1	5	385	DNA_methylase	PF00145.23	2e-41
Obar_OBART05G07800.2	1011	1376	DNA_methylase	PF00145.23	2.8e-36
Scal_XP_013105269.2	4	335	DNA_methylase	PF00145.23	1.6e-41
Psom_XP_026440352.1	523	888	DNA_methylase	PF00145.23	1.2e-35
Pnor_KOS48594.1	318	523	DNA_methylase	PF00145.23	2.7e-28
Pnor_KOS48594.1	547	608	DNA_methylase	PF00145.23	5.6e-11
Taes_XP_044370280.1	955	1323	DNA_methylase	PF00145.23	7.1e-36
Ttur_VAI06914.1	955	1323	DNA_methylase	PF00145.23	7.1e-36
Opri_XP_004578941.3	5	389	DNA_methylase	PF00145.23	1.9e-41
Mpah_XP_021050250.1	5	387	DNA_methylase	PF00145.23	2.1e-41
Tcac_XP_017973374.1	828	1188	DNA_methylase	PF00145.23	1.2e-35
Bmor_NP_001036934.1	8	330	DNA_methylase	PF00145.23	2e-41
Pkin_XP_023646340.1	52	422	DNA_methylase	PF00145.23	3.2e-41
Dcar_XP_017223055.1	614	975	DNA_methylase	PF00145.23	1.2e-36
Mluc_XP_023601128.1	1086	1519	DNA_methylase	PF00145.23	1.4e-40
Ntet_XP_009855360.1	283	454	DNA_methylase	PF00145.23	1.4e-32
Ntet_XP_009855360.1	513	567	DNA_methylase	PF00145.23	1.5e-06
Gacu_XP_040025650.1	54	414	DNA_methylase	PF00145.23	3.7e-41
Tdic_XP_037425324.1	982	1350	DNA_methylase	PF00145.23	7.4e-36
Taes_XP_044370279.1	982	1350	DNA_methylase	PF00145.23	7.4e-36
Tspe_TraesTSP4B01G216900.1	982	1350	DNA_methylase	PF00145.23	7.4e-36
Ttur_VAI06912.1	982	1350	DNA_methylase	PF00145.23	7.4e-36
Ebil_XP_033534318.1	319	510	DNA_methylase	PF00145.23	6.5e-30
Ebil_XP_033534318.1	556	610	DNA_methylase	PF00145.23	2.9e-09
Rchi_XP_024173771.1	733	1098	DNA_methylase	PF00145.23	6e-36
Xfla_TRX98563.1	314	607	DNA_methylase	PF00145.23	2.7e-38
Rfer_XP_032956553.1	5	389	DNA_methylase	PF00145.23	2e-41
Serdum_XP_022620797.1	5	388	DNA_methylase	PF00145.23	2.9e-41
Damp_KKY30826.1	1	176	DNA_methylase	PF00145.23	2.2e-41
Asat_cds.AVESA.00001b.r3.5Ag0000442.6	1034	1404	DNA_methylase	PF00145.23	1.8e-35
Naci_XP_033586074.1	2	166	DNA_methylase	PF00145.23	5.6e-27
Naci_XP_033586074.1	220	281	DNA_methylase	PF00145.23	2.9e-12
Pfla_OQE16268.1	322	491	DNA_methylase	PF00145.23	1.4e-27
Pfla_OQE16268.1	549	612	DNA_methylase	PF00145.23	1.2e-11
Psub_XP_057009097.1	431	631	DNA_methylase	PF00145.23	2.1e-28
Psub_XP_057009097.1	657	720	DNA_methylase	PF00145.23	9.6e-11
Asat_cds.AVESA.00001b.r3.5Ag0000442.14	977	1346	DNA_methylase	PF00145.23	2.1e-35
Mmar_XP_048665002.1	5	409	DNA_methylase	PF00145.23	4.1e-41
Ptro_XP_016818211.2	5	387	DNA_methylase	PF00145.23	2.5e-41
Achi_PSS21115.1	439	798	DNA_methylase	PF00145.23	1.6e-37
Mund_XP_005153012.1	5	395	DNA_methylase	PF00145.23	3.7e-41
Crei_XP_042923278.1	595	648	DNA_methylase	PF00145.23	6.9e-07
Crei_XP_042923278.1	702	760	DNA_methylase	PF00145.23	7.8e-08
Crei_XP_042923278.1	857	902	DNA_methylase	PF00145.23	1.4e-08
Crei_XP_042923278.1	1102	1194	DNA_methylase	PF00145.23	2.4e-11
Asat_cds.AVESA.00001b.r3.5Ag0000442.2	1019	1388	DNA_methylase	PF00145.23	2.2e-35
Asat_cds.AVESA.00001b.r3.4Cg0003342.3	1054	1423	DNA_methylase	PF00145.23	2.3e-35
Pfre_KAJ5521151.1	322	521	DNA_methylase	PF00145.23	3.6e-28
Pfre_KAJ5521151.1	550	612	DNA_methylase	PF00145.23	5.7e-11
Tsti_XP_002479658.1	298	509	DNA_methylase	PF00145.23	3.3e-29
Tsti_XP_002479658.1	522	584	DNA_methylase	PF00145.23	8.1e-10
Asat_cds.AVESA.00001b.r3.4Cg0003342.9	1060	1429	DNA_methylase	PF00145.23	2.3e-35
Asat_cds.AVESA.00001b.r3.4Cg0003342.2	1062	1431	DNA_methylase	PF00145.23	2.3e-35
Lsat_XP_023743664.1	646	1000	DNA_methylase	PF00145.23	3.8e-36
Asuu_AgR037_g090_t02	13	351	DNA_methylase	PF00145.23	2.8e-41
Asuu_AgR037_g090_t03	13	351	DNA_methylase	PF00145.23	2.8e-41
Asuu_AgR037_g090_t04	13	351	DNA_methylase	PF00145.23	2.8e-41
Asuu_AgR037_g090_t08	13	351	DNA_methylase	PF00145.23	2.8e-41
Asuu_AgR037_g090_t11	13	351	DNA_methylase	PF00145.23	2.8e-41
Bpor_XP_038765377.1	302	711	DNA_methylase	PF00145.23	5.2e-40
Asat_cds.AVESA.00001b.r3.5Ag0000442.4	1059	1428	DNA_methylase	PF00145.23	2.3e-35
Corb_TDZ21265.1	316	487	DNA_methylase	PF00145.23	2.9e-30
Corb_TDZ21265.1	543	611	DNA_methylase	PF00145.23	5.9e-09
Pjap_XP_042876427.1	8	382	DNA_methylase	PF00145.23	6e-41
Psol_XP_040815132.2	322	490	DNA_methylase	PF00145.23	4.9e-28
Psol_XP_040815132.2	550	612	DNA_methylase	PF00145.23	5.4e-11
Slal_XP_023281860.1	5	379	DNA_methylase	PF00145.23	3.6e-41
Oaur_XP_031607082.1	5	377	DNA_methylase	PF00145.23	3.4e-41
Onil_XP_003455789.1	5	377	DNA_methylase	PF00145.23	3.4e-41
Lsal_XP_040574729.1	5	330	DNA_methylase	PF00145.23	3e-41
Atau_XP_020194436.1	983	1349	DNA_methylase	PF00145.23	1.7e-35
Taes_XP_044375631.1	983	1349	DNA_methylase	PF00145.23	1.7e-35
Mpol_BFI39410.1	538	892	DNA_methylase	PF00145.23	5e-37
Pnal_CAG8907865.1	333	532	DNA_methylase	PF00145.23	5.8e-28
Pnal_CAG8907865.1	561	623	DNA_methylase	PF00145.23	4.4e-11
Nmel_XP_021243134.1	9	398	DNA_methylase	PF00145.23	6.3e-41
Hruf_XP_048241648.1	8	403	DNA_methylase	PF00145.23	5.4e-41
Asat_cds.AVESA.00001b.r3.5Dg0000045.6	1059	1428	DNA_methylase	PF00145.23	2.7e-35
Cmar_TFK17694.1	746	968	DNA_methylase	PF00145.23	3.2e-26
Cmar_TFK17694.1	1111	1216	DNA_methylase	PF00145.23	8.6e-12
Omel_XP_024117516.1	5	376	DNA_methylase	PF00145.23	4.1e-41
Tura_XP_048571530.1	984	1352	DNA_methylase	PF00145.23	2.4e-35
Csat_XP_010454880.1	16	375	DNA_methylase	PF00145.23	3.7e-41
Slal_XP_023281852.1	5	424	DNA_methylase	PF00145.23	4.1e-40
Aell_PYH87560.1	316	483	DNA_methylase	PF00145.23	3.5e-30
Aell_PYH87560.1	538	603	DNA_methylase	PF00145.23	8.3e-09
Lcha_XP_005999072.1	5	397	DNA_methylase	PF00145.23	4.3e-41
Tura_XP_048571529.1	984	1352	DNA_methylase	PF00145.23	2.4e-35
Csyr_XP_008054525.1	5	387	DNA_methylase	PF00145.23	3.7e-41
Pabe_XP_024109907.2	5	387	DNA_methylase	PF00145.23	3.8e-41
Dclu_XP_028815199.1	9	381	DNA_methylase	PF00145.23	4.1e-41
Psom_XP_026424220.1	526	875	DNA_methylase	PF00145.23	2.3e-36
Psom_XP_026424219.1	527	876	DNA_methylase	PF00145.23	2.3e-36
Psp.EM1_CCW63385.1	303	347	DNA_methylase	PF00145.23	9.7e-06
Psp.EM1_CCW63385.1	383	464	DNA_methylase	PF00145.23	3.1e-21
Psp.EM1_CCW63385.1	516	740	DNA_methylase	PF00145.23	8.7e-07
Pame_KIW70858	465	643	DNA_methylase	PF00145.23	1.6e-27
Pame_KIW70858	696	759	DNA_methylase	PF00145.23	1.7e-11
Asat_cds.AVESA.00001b.r3.3Cg0000112.4	217	579	DNA_methylase	PF00145.23	8e-36
Blan_XP_066266451.1	12	385	DNA_methylase	PF00145.23	4.6e-41
Penpol_OQD62097.1	322	491	DNA_methylase	PF00145.23	6.4e-28
Penpol_OQD62097.1	550	612	DNA_methylase	PF00145.23	5.4e-11
Gocc_XP_028968943.1	5	347	DNA_methylase	PF00145.23	5.2e-41
Clim_Clim_evm46s215	15	398	DNA_methylase	PF00145.23	5.3e-41
Maur_XP_040611398.1	5	386	DNA_methylase	PF00145.23	6e-41
Maur_XP_040611399.1	5	386	DNA_methylase	PF00145.23	6e-41
Pory_XP_003720946.1	460	626	DNA_methylase	PF00145.23	1.6e-31
Pory_XP_003720946.1	689	744	DNA_methylase	PF00145.23	2.5e-07
Ahal_CAL9231558.1	16	377	DNA_methylase	PF00145.23	4.3e-41
Ccan_XP_020041208.1	110	493	DNA_methylase	PF00145.23	4.5e-41
Lflu_KAF2689615.1	303	600	DNA_methylase	PF00145.23	7e-38
Cshi_TQN65710.1	316	487	DNA_methylase	PF00145.23	5.4e-30
Cshi_TQN65710.1	513	611	DNA_methylase	PF00145.23	4.2e-09
Ttur_VAH89537.1	951	1319	DNA_methylase	PF00145.23	3.2e-35
Opun_OPUNC05G07180.1	921	1282	DNA_methylase	PF00145.23	1.6e-35
Pvul_XP_057114960.1	329	498	DNA_methylase	PF00145.23	2.2e-28
Pvul_XP_057114960.1	556	617	DNA_methylase	PF00145.23	1.8e-10
Osin_XP_029639092.2	8	408	DNA_methylase	PF00145.23	4.9e-41
Tdic_XP_037420458.1	978	1346	DNA_methylase	PF00145.23	3.3e-35
Ttur_VAH89535.1	978	1346	DNA_methylase	PF00145.23	3.3e-35
Uame_XP_045643607.1	5	389	DNA_methylase	PF00145.23	5.2e-41
Pgri_XP_040648977.1	326	525	DNA_methylase	PF00145.23	9.9e-28
Pgri_XP_040648977.1	554	616	DNA_methylase	PF00145.23	4.4e-11
Tdic_XP_037420459.1	978	1346	DNA_methylase	PF00145.23	3.3e-35
Sluc_XP_031156004.1	9	176	DNA_methylase	PF00145.23	3.1e-29
Sluc_XP_031156004.1	204	253	DNA_methylase	PF00145.23	9.6e-10
Csid_TEA20388.1	316	487	DNA_methylase	PF00145.23	4.7e-30
Csid_TEA20388.1	543	611	DNA_methylase	PF00145.23	5.9e-09
Ctri_TDZ60654.1	316	487	DNA_methylase	PF00145.23	4.7e-30
Ctri_TDZ60654.1	543	611	DNA_methylase	PF00145.23	5.9e-09
Fman_XP_041680684.1	269	439	DNA_methylase	PF00145.23	5.6e-27
Fman_XP_041680684.1	505	559	DNA_methylase	PF00145.23	1.1e-11
Csp.DSE1049_PVH80036.1	256	456	DNA_methylase	PF00145.23	9.8e-29
Csp.DSE1049_PVH80036.1	477	544	DNA_methylase	PF00145.23	4.2e-10
Astcal_XP_026036505.1	5	377	DNA_methylase	PF00145.23	5.6e-41
Mzeb_XP_004573741.1	5	377	DNA_methylase	PF00145.23	5.6e-41
Nbri_XP_006800926.1	5	377	DNA_methylase	PF00145.23	5.6e-41
Tspe_TraesTSP4A01G106600.1	957	1325	DNA_methylase	PF00145.23	3.3e-35
Bgla_XP_055898923.1	3	422	DNA_methylase	PF00145.23	2.4e-40
Bgla_XP_055898924.1	3	422	DNA_methylase	PF00145.23	2.4e-40
Bgla_XP_055898925.1	3	422	DNA_methylase	PF00145.23	2.4e-40
Asat_cds.AVESA.00001b.r3.7Dg0003645.2	454	819	DNA_methylase	PF00145.23	9.6e-36
Cyncar_XP_024958734.1	737	1095	DNA_methylase	PF00145.23	7.1e-34
Umar_XP_008690260.1	5	387	DNA_methylase	PF00145.23	5.9e-41
Ptin_KAI6154057.1	730	1183	DNA_methylase	PF00145.23	3.4e-40
Taes_XP_044363071.1	984	1352	DNA_methylase	PF00145.23	3.4e-35
Liccor_CDH55556.1	5	364	DNA_methylase	PF00145.23	5.8e-41
Ctof_GKT62481.1	317	487	DNA_methylase	PF00145.23	2e-30
Ctof_GKT62481.1	544	612	DNA_methylase	PF00145.23	2.2e-08
Vurs_XP_027703700.1	5	389	DNA_methylase	PF00145.23	6.6e-41
Olon_KN539365.1_FGP010	742	1101	DNA_methylase	PF00145.23	1.4e-35
Cpor_XP_003462813.3	5	387	DNA_methylase	PF00145.23	5.3e-41
Taes_XP_044363072.1	984	1352	DNA_methylase	PF00145.23	3.4e-35
Cspi_TDZ34105.1	316	487	DNA_methylase	PF00145.23	5.9e-30
Cspi_TDZ34105.1	543	611	DNA_methylase	PF00145.23	5.9e-09
Dpon_XP_019762019.2	1	330	DNA_methylase	PF00145.23	6.4e-41
Dpon_XP_019762020.2	1	330	DNA_methylase	PF00145.23	6.4e-41
Dpon_XP_048519720.1	1	330	DNA_methylase	PF00145.23	6.4e-41
Ffuj_XP_023432292.1	269	440	DNA_methylase	PF00145.23	5.9e-27
Ffuj_XP_023432292.1	505	559	DNA_methylase	PF00145.23	1.3e-11
Hapbur_XP_005941339.1	5	377	DNA_methylase	PF00145.23	6.6e-41
Pnye_XP_005747520.1	5	377	DNA_methylase	PF00145.23	6.6e-41
Alyr_XP_020876194.1	16	377	DNA_methylase	PF00145.23	6e-41
Ttru_XP_019789066.1	5	392	DNA_methylase	PF00145.23	6.3e-41
Nnaj_KAG8129956.1	1044	1473	DNA_methylase	PF00145.23	1.9e-40
Pisver_XP_031261106.1	1083	1127	DNA_methylase	PF00145.23	5.9e-06
Pisver_XP_031261106.1	1166	1517	DNA_methylase	PF00145.23	4.1e-32
Globre_GBRI003588-PA	4	339	DNA_methylase	PF00145.23	6.9e-41
Fpro_XP_031082931.1	269	439	DNA_methylase	PF00145.23	7.8e-27
Fpro_XP_031082931.1	505	559	DNA_methylase	PF00145.23	1.1e-11
Aoff_XP_020246348.1	481	829	DNA_methylase	PF00145.23	3e-36
Rmic_XP_023470013.1	5	351	DNA_methylase	PF00145.23	6.8e-41
Omer_OMERI05G06840.3	933	1284	DNA_methylase	PF00145.23	1.4e-35
Oglu_OGLUM05G08120.3	935	1286	DNA_methylase	PF00145.23	1.4e-35
Bell_KAF7923982.1	632	1094	DNA_methylase	PF00145.23	1.3e-40
Ftin_ENSFTIP00000009073.1	5	396	DNA_methylase	PF00145.23	1e-40
Ncol_XP_031493458.1	466	828	DNA_methylase	PF00145.23	6.6e-35
Olat_XP_004086901.1	5	377	DNA_methylase	PF00145.23	8.4e-41
Vech_XP_031869808.1	724	1187	DNA_methylase	PF00145.23	2.3e-39
Ncol_XP_031493455.1	470	832	DNA_methylase	PF00145.23	6.7e-35
Ncol_XP_031493456.1	470	832	DNA_methylase	PF00145.23	6.7e-35
Ncol_XP_031493457.1	470	832	DNA_methylase	PF00145.23	6.7e-35
Asat_cds.AVESA.00001b.r3.3Ag0000165.2	497	860	DNA_methylase	PF00145.23	1.6e-35
Vkom_XP_044280645.1	5	393	DNA_methylase	PF00145.23	8.5e-41
Cx_XP_024038718.1	358	712	DNA_methylase	PF00145.23	9.2e-34
Asat_cds.AVESA.00001b.r3.3Ag0000165.1	513	876	DNA_methylase	PF00145.23	1.6e-35
Vbra_CEM15752.1	2270	2620	DNA_methylase	PF00145.23	1.8e-40
Tigcal_XP_059085007.1	1	331	DNA_methylase	PF00145.23	8.1e-41
Osat_XP_015639449.1	929	1288	DNA_methylase	PF00145.23	1.7e-35
Omer_OMERI05G06840.1	891	1250	DNA_methylase	PF00145.23	1.7e-35
Mput_XP_004757629.1	5	387	DNA_methylase	PF00145.23	9.2e-41
Omer_OMERI05G06840.2	933	1292	DNA_methylase	PF00145.23	1.8e-35
Omer_OMERI05G06840.4	925	1284	DNA_methylase	PF00145.23	1.8e-35
Fkur_RMJ14437.1	252	422	DNA_methylase	PF00145.23	5.1e-29
Fkur_RMJ14437.1	489	542	DNA_methylase	PF00145.23	1.9e-09
Ogla_XP_052154528.1	929	1288	DNA_methylase	PF00145.23	1.7e-35
Fflo_RSL57954.1	253	423	DNA_methylase	PF00145.23	5.1e-29
Fflo_RSL57954.1	490	543	DNA_methylase	PF00145.23	1.9e-09
Tter_XP_003651414.1	339	507	DNA_methylase	PF00145.23	3.3e-31
Tter_XP_003651414.1	566	629	DNA_methylase	PF00145.23	2.9e-07
Cypcar_XP_042607800.1	8	379	DNA_methylase	PF00145.23	9.1e-41
Tcac_XP_007014768.2	526	885	DNA_methylase	PF00145.23	2.2e-36
Ecru_scaffold40.721.cds	967	1331	DNA_methylase	PF00145.23	7.6e-37
Feuw_RTE75664.1	252	422	DNA_methylase	PF00145.23	5.1e-29
Feuw_RTE75664.1	489	542	DNA_methylase	PF00145.23	1.9e-09
Puni_PgR089_g019_t03	13	350	DNA_methylase	PF00145.23	9.9e-41
Myrmur_XP_029935725.1	5	381	DNA_methylase	PF00145.23	9.6e-41
Tcac_XP_007014766.2	525	884	DNA_methylase	PF00145.23	2.2e-36
Locu_XP_006634398.2	4	376	DNA_methylase	PF00145.23	9.5e-41
Lcup_XP_023294698.2	3	339	DNA_methylase	PF00145.23	9.8e-41
Tcac_XP_017982027.1	525	884	DNA_methylase	PF00145.23	2.2e-36
Pfic_XP_007835201.1	342	563	DNA_methylase	PF00145.23	8.5e-31
Pfic_XP_007835201.1	574	632	DNA_methylase	PF00145.23	5.8e-08
Pocc_PCG95640.1	308	519	DNA_methylase	PF00145.23	2.4e-29
Pocc_PCG95640.1	535	594	DNA_methylase	PF00145.23	4.2e-09
Tcur_XP_030996213.1	303	473	DNA_methylase	PF00145.23	6.5e-31
Tcur_XP_030996213.1	530	584	DNA_methylase	PF00145.23	1.7e-07
Aory_XP_023092023.1	317	483	DNA_methylase	PF00145.23	4.3e-29
Aory_XP_023092023.1	524	573	DNA_methylase	PF00145.23	1.7e-09
Penbra_CEJ59566.1	423	635	DNA_methylase	PF00145.23	2.7e-27
Penbra_CEJ59566.1	648	711	DNA_methylase	PF00145.23	2.5e-11
Aalp_KFK27810.1	12	372	DNA_methylase	PF00145.23	1.3e-40
Gmar_KAF0372990.1	686	1053	DNA_methylase	PF00145.23	1.7e-40
Vvin_XP_010665035.1	1045	1403	DNA_methylase	PF00145.23	1.4e-35
Gmax_XP_006572936.1	477	836	DNA_methylase	PF00145.23	3.8e-35
Vvin_XP_010665031.1	1047	1405	DNA_methylase	PF00145.23	1.4e-35
Amac_KNE72247.1	64	408	DNA_methylase	PF00145.23	2.9e-40
Oriv_OCH84951.1	687	1144	DNA_methylase	PF00145.23	2e-39
Obar_OBART05G07800.1	988	1347	DNA_methylase	PF00145.23	1.9e-35
Lsey_KPI83711.1	381	462	DNA_methylase	PF00145.23	2.1e-20
Lsey_KPI83711.1	495	750	DNA_methylase	PF00145.23	1e-09
Pcas_ENSPCEP00000004602.1	5	395	DNA_methylase	PF00145.23	1.3e-40
Pans_XP_001907409.1	329	502	DNA_methylase	PF00145.23	6.3e-31
Pans_XP_001907409.1	560	623	DNA_methylase	PF00145.23	1.4e-07
Tcyp_PWY97859.1	404	848	DNA_methylase	PF00145.23	4.5e-40
Frad_XP_012183886.1	768	1193	DNA_methylase	PF00145.23	4e-40
Xhyp_TGJ86565.1	334	505	DNA_methylase	PF00145.23	1.8e-28
Xhyp_TGJ86565.1	529	628	DNA_methylase	PF00145.23	4.6e-10
Nvis_XP_044082408.1	5	387	DNA_methylase	PF00145.23	1.2e-40
Frad_XP_012179297.1	276	652	DNA_methylase	PF00145.23	8.2e-40
Obar_OBART05G07800.3	1009	1368	DNA_methylase	PF00145.23	1.9e-35
Rsto_RCI06520.1	5	350	DNA_methylase	PF00145.23	1.1e-40
Oglu_OGLUM05G08120.2	935	1286	DNA_methylase	PF00145.23	1.7e-35
Dfra_TFY55316.1	788	1256	DNA_methylase	PF00145.23	7.8e-39
Dleu_XP_022436305.1	5	392	DNA_methylase	PF00145.23	1.2e-40
Cpor_XP_013000004.1	5	337	DNA_methylase	PF00145.23	1.2e-40
Grai_XP_012475600.1	790	1147	DNA_methylase	PF00145.23	1.9e-35
Ssur_XP_029810697.1	5	387	DNA_methylase	PF00145.23	1.2e-40
Xgra_RWA06447.1	297	592	DNA_methylase	PF00145.23	2.6e-38
Jarg_KDQ62886.1	733	1190	DNA_methylase	PF00145.23	3.7e-39
Cucsat_XP_004149031.1	458	819	DNA_methylase	PF00145.23	3.3e-36
Pcau_XP_014675615.1	30	200	DNA_methylase	PF00145.23	3.4e-34
Mmos_ENSMMSP00000003758.1	1130	1565	DNA_methylase	PF00145.23	9.9e-41
Plut_XP_002793652.1	331	634	DNA_methylase	PF00145.23	1.8e-40
Mmos_ENSMMSP00000003711.1	1170	1605	DNA_methylase	PF00145.23	1e-40
Grai_XP_012475596.1	819	1176	DNA_methylase	PF00145.23	2e-35
Psom_XP_026398909.1	414	779	DNA_methylase	PF00145.23	1.1e-34
Ecab_XP_023487836.1	5	387	DNA_methylase	PF00145.23	1.6e-40
Ldel_RWS26391.1	19	385	DNA_methylase	PF00145.23	1.4e-40
Cyncar_XP_024986061.1	438	793	DNA_methylase	PF00145.23	1.4e-35
Cinc_KZL86356.1	317	487	DNA_methylase	PF00145.23	1e-30
Cinc_KZL86356.1	544	612	DNA_methylase	PF00145.23	1e-07
Etef_Et_s458-2.34-1.mrna1	1172	1477	DNA_methylase	PF00145.23	8.7e-26
Etef_Et_s458-2.34-1.mrna1	1499	1535	DNA_methylase	PF00145.23	4.1e-06
Asat_cds.AVESA.00001b.r3.3Cg0000112.2	493	855	DNA_methylase	PF00145.23	2e-35
Tcap_PNY22688.1	304	473	DNA_methylase	PF00145.23	2.1e-28
Tcap_PNY22688.1	534	595	DNA_methylase	PF00145.23	5.7e-10
Ecal_XP_028659196.2	40	416	DNA_methylase	PF00145.23	1.7e-40
Dwil_XP_002069228.3	4	337	DNA_methylase	PF00145.23	1.6e-40
Csat_XP_010470978.1	448	802	DNA_methylase	PF00145.23	4.4e-36
Cepi_XP_007735510.1	339	512	DNA_methylase	PF00145.23	1.2e-26
Cepi_XP_007735510.1	573	628	DNA_methylase	PF00145.23	1.4e-11
Eaff_XP_023331779.1	787	1063	DNA_methylase	PF00145.23	2.5e-33
Toce_EJK43980.1	345	396	DNA_methylase	PF00145.23	2.4e-07
Toce_EJK43980.1	401	496	DNA_methylase	PF00145.23	4.2e-14
Toce_EJK43980.1	559	614	DNA_methylase	PF00145.23	1.4e-14
Vpac_XP_006216829.1	5	382	DNA_methylase	PF00145.23	1.6e-40
Psom_XP_026406403.1	460	825	DNA_methylase	PF00145.23	2.7e-34
Cven_RPB01767.1	532	713	DNA_methylase	PF00145.23	4.9e-27
Cven_RPB01767.1	761	825	DNA_methylase	PF00145.23	5.3e-11
Asat_cds.AVESA.00001b.r3.3Cg0000112.1	522	884	DNA_methylase	PF00145.23	2.2e-35
Ipotri_XP_031097953.1	711	1071	DNA_methylase	PF00145.23	5.8e-35
Dbis_THV06517.1	764	1229	DNA_methylase	PF00145.23	2.5e-39
Tasa_XP_014177352.1	245	559	DNA_methylase	PF00145.23	2.6e-39
Lang_XP_019448358.1	472	834	DNA_methylase	PF00145.23	1.8e-35
Csat_XP_010470977.1	448	803	DNA_methylase	PF00145.23	5.7e-36
Schl_KFA64034.1	303	473	DNA_methylase	PF00145.23	3.4e-28
Schl_KFA64034.1	508	594	DNA_methylase	PF00145.23	3.9e-10
Pvan_XP_027221979.2	6	379	DNA_methylase	PF00145.23	2.4e-40
Pvan_XP_027221980.2	6	379	DNA_methylase	PF00145.23	2.4e-40
Asat_cds.AVESA.00001b.r3.3Cg0000112.3	492	838	DNA_methylase	PF00145.23	2.5e-35
Asp.MG1_RII08853.1	274	580	DNA_methylase	PF00145.23	8e-37
Sbru_KAA8904955.1	256	422	DNA_methylase	PF00145.23	1.2e-25
Sbru_KAA8904955.1	480	554	DNA_methylase	PF00145.23	1.6e-12
Lper_XP_051204086.1	188	548	DNA_methylase	PF00145.23	4.1e-34
Lsul_XP_040767334.1	745	864	DNA_methylase	PF00145.23	2e-13
Lsul_XP_040767334.1	891	1217	DNA_methylase	PF00145.23	3.3e-23
Apsnom_XP_031943178.1	314	481	DNA_methylase	PF00145.23	7e-28
Apsnom_XP_031943178.1	532	599	DNA_methylase	PF00145.23	2.6e-10
Flon_RGP62671.1	196	367	DNA_methylase	PF00145.23	1.6e-28
Flon_RGP62671.1	431	485	DNA_methylase	PF00145.23	1.2e-09
Bjun_cds.BjuA06g11300S	12	362	DNA_methylase	PF00145.23	2.5e-40
Ctel_ELU13416.1	6	354	DNA_methylase	PF00145.23	3e-40
Ooli_XP_011123763.1	439	609	DNA_methylase	PF00145.23	4.1e-28
Ooli_XP_011123763.1	678	739	DNA_methylase	PF00145.23	8.7e-10
Atha_NP_177135.1	447	806	DNA_methylase	PF00145.23	4.8e-36
Egra_OXV07834.1	346	508	DNA_methylase	PF00145.23	3.5e-28
Egra_OXV07834.1	576	637	DNA_methylase	PF00145.23	6.3e-10
Rbie_XP_017724680.1	5	387	DNA_methylase	PF00145.23	2e-40
Csat_XP_010415637.1	452	806	DNA_methylase	PF00145.23	1.2e-35
Lpus_KAA6411663.1	710	1096	DNA_methylase	PF00145.23	2.7e-40
Pcan_XP_025087828.1	24	472	DNA_methylase	PF00145.23	1.6e-39
Chig_XP_018157144.1	180	351	DNA_methylase	PF00145.23	2e-29
Chig_XP_018157144.1	378	475	DNA_methylase	PF00145.23	6.6e-09
Ecru_scaffold84.350.cds	943	1307	DNA_methylase	PF00145.23	1.5e-36
Pbra_XP_010760344.1	328	624	DNA_methylase	PF00145.23	7.9e-39
Cput_XP_007763763.1	607	1068	DNA_methylase	PF00145.23	5.6e-39
Ccas_PSN63588.1	184	360	DNA_methylase	PF00145.23	3.3e-27
Ccas_PSN63588.1	417	475	DNA_methylase	PF00145.23	9.1e-11
Cx_XP_024047453.1	340	699	DNA_methylase	PF00145.23	6.7e-35
Hsul_TFK56344.1	741	974	DNA_methylase	PF00145.23	2.5e-26
Hsul_TFK56344.1	1128	1213	DNA_methylase	PF00145.23	1e-10
Xmul_KAF2966916.1	160	359	DNA_methylase	PF00145.23	9.3e-28
Xmul_KAF2966916.1	393	454	DNA_methylase	PF00145.23	1.8e-10
Csat_XP_010415636.1	452	807	DNA_methylase	PF00145.23	1.5e-35
Cucmel_XP_008451103.2	466	827	DNA_methylase	PF00145.23	7.7e-36
Cyeg_XP_007755145.1	302	479	DNA_methylase	PF00145.23	3.9e-27
Cyeg_XP_007755145.1	541	596	DNA_methylase	PF00145.23	6.5e-11
Tmar_XP_054115494.1	299	474	DNA_methylase	PF00145.23	1.1e-28
Tmar_XP_054115494.1	522	585	DNA_methylase	PF00145.23	1.5e-09
Dsqu_XP_007362279.1	777	993	DNA_methylase	PF00145.23	5.2e-26
Dsqu_XP_007362279.1	1159	1229	DNA_methylase	PF00145.23	3.5e-11
Vrad_XP_014489573.1	2	308	DNA_methylase	PF00145.23	2.4e-39
Csub_KAK1964212.1	317	488	DNA_methylase	PF00145.23	9.9e-30
Csub_KAK1964212.1	546	612	DNA_methylase	PF00145.23	2e-08
Rnor_NP_001026813.1	5	387	DNA_methylase	PF00145.23	2.8e-40
Odeg_XP_004645246.1	5	386	DNA_methylase	PF00145.23	2.6e-40
Phosin_XP_032479574.1	5	387	DNA_methylase	PF00145.23	2.7e-40
Seccer_SECCE7Rv1G0478500.1	982	1350	DNA_methylase	PF00145.23	1.8e-34
Ttur_VAI06913.1	982	1343	DNA_methylase	PF00145.23	1.1e-34
Atha_NP_568474.1	16	377	DNA_methylase	PF00145.23	2.9e-40
Slal_XP_023281849.1	5	429	DNA_methylase	PF00145.23	3.3e-39
Pmic_KAI6031298.1	729	1183	DNA_methylase	PF00145.23	1.4e-39
Amac_KNE72464.1	64	408	DNA_methylase	PF00145.23	2e-39
Famb_RSL92220.1	252	422	DNA_methylase	PF00145.23	1.7e-28
Famb_RSL92220.1	489	542	DNA_methylase	PF00145.23	1.9e-09
Mibe_RYP03624.1	289	461	DNA_methylase	PF00145.23	7.9e-29
Mibe_RYP03624.1	497	580	DNA_methylase	PF00145.23	1.8e-09
Dcar_XP_017237036.2	460	820	DNA_methylase	PF00145.23	3e-34
Bmus_XP_036699885.1	5	387	DNA_methylase	PF00145.23	3.2e-40
Dappul_XP_046647100.1	1	330	DNA_methylase	PF00145.23	3e-40
Hann_XP_035838392.1	1083	1443	DNA_methylase	PF00145.23	8.8e-35
Cvel_Cvel_3825.t1-p1	74	222	DNA_methylase	PF00145.23	3.1e-21
Cvel_Cvel_3825.t1-p1	455	548	DNA_methylase	PF00145.23	3.1e-12
Pchi_XP_047478766.1	6	379	DNA_methylase	PF00145.23	4.8e-40
Pchi_XP_047478767.1	6	379	DNA_methylase	PF00145.23	4.8e-40
Dpte_XP_027204588.1	6	362	DNA_methylase	PF00145.23	3.2e-40
Phir_KAI8913753.1	1724	2189	DNA_methylase	PF00145.23	1.7e-39
Srac_ORY91430.1	5	354	DNA_methylase	PF00145.23	3.1e-40
Post_XP_036634163.1	748	1205	DNA_methylase	PF00145.23	1.6e-38
Pleo_XP_042800940.1	5	387	DNA_methylase	PF00145.23	3.7e-40
Ppar_XP_019316205.1	5	387	DNA_methylase	PF00145.23	3.7e-40
Ptig_XP_042847086.1	5	387	DNA_methylase	PF00145.23	3.7e-40
Tlac_KYQ89885.1	8	328	DNA_methylase	PF00145.23	3.5e-40
Easi_XP_014701526.3	5	387	DNA_methylase	PF00145.23	4.1e-40
Alig_KAF2005251.1	320	491	DNA_methylase	PF00145.23	4.1e-26
Alig_KAF2005251.1	550	613	DNA_methylase	PF00145.23	9.8e-12
Acas_XP_004337360.1	4	252	DNA_methylase	PF00145.23	1.3e-39
Smed_h1SMcT0000144.3	1	355	DNA_methylase	PF00145.23	3.7e-40
Zcal_XP_027451019.1	5	387	DNA_methylase	PF00145.23	3.8e-40
Fcat_XP_003988179.2	5	387	DNA_methylase	PF00145.23	3.9e-40
Fere_XP_018694677.1	282	458	DNA_methylase	PF00145.23	4.3e-27
Fere_XP_018694677.1	512	575	DNA_methylase	PF00145.23	5.8e-11
Msp.GIB2_RYP21915.1	754	1137	DNA_methylase	PF00145.23	4.7e-40
Tcin_CDO71215.1	743	967	DNA_methylase	PF00145.23	2.3e-24
Tcin_CDO71215.1	1092	1210	DNA_methylase	PF00145.23	2.8e-12
Uthi_ENSUTTP00000025784.1	5	387	DNA_methylase	PF00145.23	4.2e-40
Cx_XP_006445885.1	474	833	DNA_methylase	PF00145.23	1e-34
Hsp.CO275_OTA96168.1	340	546	DNA_methylase	PF00145.23	4.5e-29
Hsp.CO275_OTA96168.1	568	635	DNA_methylase	PF00145.23	5.7e-09
Cchl_OLN96539.1	317	488	DNA_methylase	PF00145.23	5.8e-29
Cchl_OLN96539.1	537	612	DNA_methylase	PF00145.23	4.6e-09
Ttur_VAI06903.1	271	646	DNA_methylase	PF00145.23	4.1e-34
Crei_XP_042923274.1	708	761	DNA_methylase	PF00145.23	6.2e-07
Crei_XP_042923274.1	815	873	DNA_methylase	PF00145.23	4e-08
Crei_XP_042923274.1	964	1009	DNA_methylase	PF00145.23	3e-08
Crei_XP_042923274.1	1247	1301	DNA_methylase	PF00145.23	4.2e-10
Tpra_XP_045821453.1	488	846	DNA_methylase	PF00145.23	1.9e-33
Sesind_XP_011092593.1	958	1320	DNA_methylase	PF00145.23	1.6e-35
Cofcan_CDP11756.1	396	756	DNA_methylase	PF00145.23	1.2e-34
Gmor_XP_030205042.1	6	398	DNA_methylase	PF00145.23	9e-40
Tspe_TraesTSP4D01G217000.1	983	1342	DNA_methylase	PF00145.23	2.4e-34
Tpar_POR34179.1	305	475	DNA_methylase	PF00145.23	7.7e-28
Tpar_POR34179.1	535	596	DNA_methylase	PF00145.23	4.4e-10
Gwil_XP_028290244.1	5	372	DNA_methylase	PF00145.23	5.4e-40
Chrpic_ENSCPIP00010007700.1	796	956	DNA_methylase	PF00145.23	2.6e-24
Chrpic_ENSCPIP00010007700.1	1132	1205	DNA_methylase	PF00145.23	1.8e-13
Krymar_XP_017269525.1	9	380	DNA_methylase	PF00145.23	6e-40
Krymar_XP_017269526.1	9	380	DNA_methylase	PF00145.23	6e-40
Phys_PGH12784.1	321	535	DNA_methylase	PF00145.23	1.2e-30
Phys_PGH12784.1	547	609	DNA_methylase	PF00145.23	3.4e-07
Acun_XP_026699254.1	5	403	DNA_methylase	PF00145.23	6.7e-40
Msp.mg162_RYP49909.1	289	498	DNA_methylase	PF00145.23	5.9e-29
Msp.mg162_RYP49909.1	485	579	DNA_methylase	PF00145.23	1.9e-09
Asat_cds.AVESA.00001b.r3.5Cg0000398.5	492	875	DNA_methylase	PF00145.23	7.3e-35
Bnap_XP_013643748.1	11	362	DNA_methylase	PF00145.23	6.3e-40
Brap_XP_009151075.1	11	362	DNA_methylase	PF00145.23	6.3e-40
Moncan_RYO94176.1	289	494	DNA_methylase	PF00145.23	7.9e-29
Moncan_RYO94176.1	489	579	DNA_methylase	PF00145.23	2.3e-09
Msp.MC138B_RYP31128.1	289	494	DNA_methylase	PF00145.23	7.9e-29
Msp.MC138B_RYP31128.1	489	579	DNA_methylase	PF00145.23	2.3e-09
Cglo_XP_001222613.1	339	507	DNA_methylase	PF00145.23	4.5e-31
Cglo_XP_001222613.1	564	626	DNA_methylase	PF00145.23	1e-06
Asat_cds.AVESA.00001b.r3.5Cg0000398.9	492	854	DNA_methylase	PF00145.23	6.8e-35
Vpal_PWN47965.1	792	844	DNA_methylase	PF00145.23	2.5e-05
Vpal_PWN47965.1	909	1275	DNA_methylase	PF00145.23	9.8e-32
Cnym_KXH46116.1	315	517	DNA_methylase	PF00145.23	3.8e-30
Cnym_KXH46116.1	552	610	DNA_methylase	PF00145.23	1.3e-07
Chrpic_ENSCPIP00010007698.1	882	1042	DNA_methylase	PF00145.23	2.9e-24
Chrpic_ENSCPIP00010007698.1	1247	1320	DNA_methylase	PF00145.23	1.9e-13
Chrpic_ENSCPIP00010007701.1	913	1073	DNA_methylase	PF00145.23	2.8e-24
Chrpic_ENSCPIP00010007701.1	1262	1335	DNA_methylase	PF00145.23	1.7e-13
Vvin_XP_010665041.1	964	1322	DNA_methylase	PF00145.23	1.3e-35
Eele_XP_026871099.2	5	378	DNA_methylase	PF00145.23	6.9e-40
Fver_XP_018745179.1	236	406	DNA_methylase	PF00145.23	1.2e-26
Fver_XP_018745179.1	474	526	DNA_methylase	PF00145.23	4.2e-11
Eeur_XP_007526258.1	5	387	DNA_methylase	PF00145.23	5.8e-40
Asat_cds.AVESA.00001b.r3.7Ag0001862.1	490	873	DNA_methylase	PF00145.23	9.7e-35
Asat_cds.AVESA.00001b.r3.7Ag0001862.3	490	873	DNA_methylase	PF00145.23	9.7e-35
Lcan_XP_030176325.1	5	387	DNA_methylase	PF00145.23	5.9e-40
Malb_XP_040679825.1	297	467	DNA_methylase	PF00145.23	7.2e-29
Malb_XP_040679825.1	535	587	DNA_methylase	PF00145.23	9.1e-09
Cpic_XP_005282500.2	5	396	DNA_methylase	PF00145.23	7.1e-40
Asat_cds.AVESA.00001b.r3.7Ag0001862.4	481	843	DNA_methylase	PF00145.23	1e-34
Vang_XP_017437725.1	507	869	DNA_methylase	PF00145.23	5.2e-35
Dasnov_XP_004483786.2	10	389	DNA_methylase	PF00145.23	6e-40
Asat_cds.AVESA.00001b.r3.7Ag0001862.2	490	852	DNA_methylase	PF00145.23	1e-34
Asat_cds.AVESA.00001b.r3.7Dg0000847.1	490	852	DNA_methylase	PF00145.23	1e-34
Abom_XP_022393930.1	317	489	DNA_methylase	PF00145.23	6.9e-27
Abom_XP_022393930.1	541	602	DNA_methylase	PF00145.23	7e-11
Bden_XP_006676472.1	5	341	DNA_methylase	PF00145.23	5.9e-40
Obra_XP_006655109.2	909	1271	DNA_methylase	PF00145.23	5.2e-35
Btab_XP_018910806.1	1	340	DNA_methylase	PF00145.23	5.6e-40
Digexi_KAF8689277.1	508	868	DNA_methylase	PF00145.23	8.4e-35
Pabe_XP_054395605.2	1240	1673	DNA_methylase	PF00145.23	5e-40
Pabe_XP_054395606.2	1242	1675	DNA_methylase	PF00145.23	5e-40
Pabe_XP_054395604.2	1242	1675	DNA_methylase	PF00145.23	5e-40
Cyncar_XP_024994042.1	472	832	DNA_methylase	PF00145.23	9.5e-35
Macr_XP_065972274.1	684	1078	DNA_methylase	PF00145.23	7.4e-40
Pvit_XP_020662315.1	7	390	DNA_methylase	PF00145.23	7.9e-40
Ctan_TKW57409.1	316	487	DNA_methylase	PF00145.23	3.7e-29
Ctan_TKW57409.1	514	611	DNA_methylase	PF00145.23	9.4e-09
Hpla_VDO51847.1	5	326	DNA_methylase	PF00145.23	6.8e-40
Rves_OJA18063.1	358	738	DNA_methylase	PF00145.23	4.2e-34
Citlan_Cla97C03G064170.1	464	825	DNA_methylase	PF00145.23	2e-35
Tmel_XP_002842459.1	524	706	DNA_methylase	PF00145.23	3.4e-27
Tmel_XP_002842459.1	753	817	DNA_methylase	PF00145.23	1.9e-10
Colglo_XP_045256529.1	307	482	DNA_methylase	PF00145.23	2.3e-29
Colglo_XP_045256529.1	534	603	DNA_methylase	PF00145.23	1.8e-08
Aalp_KFK28574.1	649	1004	DNA_methylase	PF00145.23	2.8e-35
Bden_XP_006680628.1	6	342	DNA_methylase	PF00145.23	1e-39
Cann_XP_016550613.2	781	1142	DNA_methylase	PF00145.23	1.9e-34
Ppol_XP_037070187.1	1	169	DNA_methylase	PF00145.23	1.9e-27
Ppol_XP_037070187.1	321	371	DNA_methylase	PF00145.23	3.5e-10
Grai_XP_012467042.1	507	867	DNA_methylase	PF00145.23	1.6e-34
Ttur_VAH89536.1	978	1339	DNA_methylase	PF00145.23	8.4e-34
Grai_XP_012467048.1	506	866	DNA_methylase	PF00145.23	1.6e-34
Bdis_XP_010236739.1	483	851	DNA_methylase	PF00145.23	5.5e-35
Mmos_ENSMMSP00000006401.1	5	387	DNA_methylase	PF00145.23	9.8e-40
Fhet_XP_035980700.1	5	378	DNA_methylase	PF00145.23	9.9e-40
Foxy_XP_031037341.2	269	468	DNA_methylase	PF00145.23	8.2e-27
Foxy_XP_031037341.2	507	559	DNA_methylase	PF00145.23	1.1e-10
Bjun_cds.BjuB02g66570S	12	371	DNA_methylase	PF00145.23	1.6e-39
Gcer_RIA82308.1	712	1097	DNA_methylase	PF00145.23	1.6e-39
Pvam_XP_039733417.1	5	387	DNA_methylase	PF00145.23	9.8e-40
Pvam_XP_039733418.1	5	387	DNA_methylase	PF00145.23	9.8e-40
Pvam_XP_039733419.1	5	387	DNA_methylase	PF00145.23	9.8e-40
Panu_XP_031515798.1	1140	1577	DNA_methylase	PF00145.23	7.3e-40
Gsin_PIL29860.1	790	1244	DNA_methylase	PF00145.23	5.1e-38
Pabe_XP_054395602.2	1240	1676	DNA_methylase	PF00145.23	7.3e-40
Pabe_XP_054395603.2	1242	1678	DNA_methylase	PF00145.23	7.3e-40
Pabe_XP_054395601.2	1242	1678	DNA_methylase	PF00145.23	7.3e-40
Fcar_GMN41835.1	461	826	DNA_methylase	PF00145.23	1.9e-35
Ttur_VAI62778.1	220	545	DNA_methylase	PF00145.23	5.6e-35
Eweb_KOS18095.1	283	450	DNA_methylase	PF00145.23	8.1e-28
Eweb_KOS18095.1	516	571	DNA_methylase	PF00145.23	1.2e-09
Tcal_KIO24073.1	26	407	DNA_methylase	PF00145.23	3e-39
Cgra_XP_008090605.1	319	489	DNA_methylase	PF00145.23	2.5e-29
Cgra_XP_008090605.1	546	614	DNA_methylase	PF00145.23	2.5e-08
Leeper_LPERR05G06410.3	914	1277	DNA_methylase	PF00145.23	1.4e-34
Leeper_LPERR05G06410.4	914	1277	DNA_methylase	PF00145.23	1.4e-34
Scry_XP_013023584.1	16	332	DNA_methylase	PF00145.23	1.1e-39
Sollyc_XP_010324482.1	677	1039	DNA_methylase	PF00145.23	2.9e-34
Qlob_XP_030955942.1	533	894	DNA_methylase	PF00145.23	9.2e-35
Pcri_KII93270.1	723	1190	DNA_methylase	PF00145.23	5.9e-38
Obra_XP_040384096.1	481	844	DNA_methylase	PF00145.23	5.2e-35
Aamp_XP_043229881.1	925	1183	DNA_methylase	PF00145.23	3.9e-35
Ssur_XP_029810696.1	5	394	DNA_methylase	PF00145.23	1.1e-39
Hsub_KJA28588.1	741	1207	DNA_methylase	PF00145.23	2.2e-37
Natt_XP_019263576.1	548	911	DNA_methylase	PF00145.23	3.3e-34
Hcap_XP_045289804.1	324	616	DNA_methylase	PF00145.23	1.1e-37
Tnub_KAF2769467.1	327	517	DNA_methylase	PF00145.23	2.3e-28
Tnub_KAF2769467.1	551	610	DNA_methylase	PF00145.23	3.3e-09
Toce_EJK75436.1	352	402	DNA_methylase	PF00145.23	2.1e-08
Toce_EJK75436.1	428	628	DNA_methylase	PF00145.23	3.3e-27
Trug_XP_035343338.1	306	505	DNA_methylase	PF00145.23	2e-26
Trug_XP_035343338.1	531	591	DNA_methylase	PF00145.23	5.2e-11
Psat_XP_050906378.1	444	798	DNA_methylase	PF00145.23	2.8e-34
Vrad_XP_014517348.1	503	865	DNA_methylase	PF00145.23	1.2e-34
Achi_PSS01312.1	660	1021	DNA_methylase	PF00145.23	7.6e-35
Dipcor_CAL3966626.1	500	669	DNA_methylase	PF00145.23	2e-28
Dipcor_CAL3966626.1	717	788	DNA_methylase	PF00145.23	6.2e-09
Csp.CBS134920_RMD42913.1	310	513	DNA_methylase	PF00145.23	8.5e-30
Csp.CBS134920_RMD42913.1	544	604	DNA_methylase	PF00145.23	1.1e-07
Dsp.EC12_OTB10614.1	210	414	DNA_methylase	PF00145.23	8.9e-29
Dsp.EC12_OTB10614.1	440	499	DNA_methylase	PF00145.23	1.3e-08
Mtru_XP_013446277.2	393	753	DNA_methylase	PF00145.23	4.1e-35
Cwag_ENSCWAP00000020221.1	5	387	DNA_methylase	PF00145.23	1.6e-39
Asat_cds.AVESA.00001b.r3.1Cg0000453.3	463	826	DNA_methylase	PF00145.23	2e-34
Stub_XP_006361281.1	688	1050	DNA_methylase	PF00145.23	2.1e-34
Fodo_XP_031071359.1	254	453	DNA_methylase	PF00145.23	8.2e-27
Fodo_XP_031071359.1	492	544	DNA_methylase	PF00145.23	1.4e-10
Triatr_XP_013941845.2	594	997	DNA_methylase	PF00145.23	2.2e-39
Fmul_XP_016630896.1	278	452	DNA_methylase	PF00145.23	3.5e-27
Fmul_XP_016630896.1	507	571	DNA_methylase	PF00145.23	4.3e-10
Lper_XP_051207939.1	490	858	DNA_methylase	PF00145.23	6.3e-35
Uree_XP_002544055.1	274	474	DNA_methylase	PF00145.23	6.7e-29
Uree_XP_002544055.1	501	561	DNA_methylase	PF00145.23	1.6e-08
Asat_cds.AVESA.00001b.r3.1Cg0000453.2	494	857	DNA_methylase	PF00145.23	2.2e-34
Bsor_XP_007694468.1	314	489	DNA_methylase	PF00145.23	2.2e-24
Bsor_XP_007694468.1	551	608	DNA_methylase	PF00145.23	2.7e-12
Tmag_PWW78466.1	505	685	DNA_methylase	PF00145.23	9.2e-27
Tmag_PWW78466.1	734	798	DNA_methylase	PF00145.23	1.8e-10
Mlar_XP_007409499.1	361	844	DNA_methylase	PF00145.23	7e-38
Afla_XP_067493188.1	430	600	DNA_methylase	PF00145.23	1.8e-27
Afla_XP_067493188.1	668	730	DNA_methylase	PF00145.23	1.3e-09
Lsat_XP_023756779.1	486	842	DNA_methylase	PF00145.23	4.1e-33
Alyr_XP_020891441.1	404	754	DNA_methylase	PF00145.23	1.7e-34
Tthe_XP_006691763.1	322	490	DNA_methylase	PF00145.23	5.5e-32
Tthe_XP_006691763.1	525	610	DNA_methylase	PF00145.23	2.7e-05
Ttur_VAH89526.1	271	646	DNA_methylase	PF00145.23	1.8e-33
Csat_XP_010429915.1	410	759	DNA_methylase	PF00145.23	3e-35
Csat_XP_010429914.1	411	760	DNA_methylase	PF00145.23	3e-35
Cpul_RKU41120.1	748	1138	DNA_methylase	PF00145.23	6.3e-39
Aamp_XP_043202673.1	4	174	DNA_methylase	PF00145.23	1.1e-28
Aamp_XP_043202673.1	331	381	DNA_methylase	PF00145.23	1.2e-08
Asat_cds.AVESA.00001b.r3.1Cg0000453.1	545	908	DNA_methylase	PF00145.23	2.5e-34
Nlep_KZT22684.1	742	976	DNA_methylase	PF00145.23	5.9e-26
Nlep_KZT22684.1	1096	1209	DNA_methylase	PF00145.23	8.2e-11
Rall_EPZ34169.1	1	331	DNA_methylase	PF00145.23	1.7e-39
Ahal_CAL9241306.1	399	749	DNA_methylase	PF00145.23	1.7e-34
Bdis_XP_010234610.1	480	848	DNA_methylase	PF00145.23	1.1e-34
Qsub_XP_023919638.2	439	801	DNA_methylase	PF00145.23	4.5e-35
Ahal_CAL9240062.1	447	805	DNA_methylase	PF00145.23	5.9e-36
Bade_OZJ05601.1	21	401	DNA_methylase	PF00145.23	3.2e-39
Lper_XP_051203926.1	501	862	DNA_methylase	PF00145.23	4e-34
Alyr_XP_002888734.1	447	805	DNA_methylase	PF00145.23	6.1e-36
Digexi_KAF8728267.1	515	875	DNA_methylase	PF00145.23	3.6e-34
Atam_KAE8164206.1	317	483	DNA_methylase	PF00145.23	1.7e-26
Atam_KAE8164206.1	536	602	DNA_methylase	PF00145.23	1.3e-10
Lasthe_XP_035366179.1	309	512	DNA_methylase	PF00145.23	6.9e-24
Lasthe_XP_035366179.1	539	600	DNA_methylase	PF00145.23	3.1e-13
Pgib_PARADVISI000003057.mRNA1	6	310	DNA_methylase	PF00145.23	8.8e-38
Rvin_OAX39538.1	822	1201	DNA_methylase	PF00145.23	4.6e-34
Psam_PSAMB.scaffold4749size13652.g25101.t1	11	345	DNA_methylase	PF00145.23	2.1e-39
Aqui_KAF1916765.1	319	493	DNA_methylase	PF00145.23	4.2e-25
Aqui_KAF1916765.1	558	616	DNA_methylase	PF00145.23	4.3e-12
Pfin_ORX55862.1	6	379	DNA_methylase	PF00145.23	2.3e-39
Apstam_XP_031918273.1	317	484	DNA_methylase	PF00145.23	1.4e-26
Apstam_XP_031918273.1	537	602	DNA_methylase	PF00145.23	1.5e-10
Bnat_JGI_V11_142358	4	282	DNA_methylase	PF00145.23	5.4e-39
Dros_KAK2629227.1	505	679	DNA_methylase	PF00145.23	1.8e-28
Dros_KAK2629227.1	726	793	DNA_methylase	PF00145.23	1.5e-08
Casi_KAL3304002.1	308	509	DNA_methylase	PF00145.23	2.9e-29
Casi_KAL3304002.1	536	603	DNA_methylase	PF00145.23	6.2e-08
Amac_KNE73308.1	333	698	DNA_methylase	PF00145.23	8.8e-39
Corc_XP_022480581.1	315	483	DNA_methylase	PF00145.23	1.4e-28
Corc_XP_022480581.1	542	610	DNA_methylase	PF00145.23	1.5e-08
Pfic_XP_007837295.1	328	495	DNA_methylase	PF00145.23	3.2e-28
Pfic_XP_007837295.1	551	610	DNA_methylase	PF00145.23	1.2e-08
Bmut_XP_005891978.2	5	387	DNA_methylase	PF00145.23	3e-39
Acae_XP_031932204.1	317	485	DNA_methylase	PF00145.23	1.5e-26
Acae_XP_031932204.1	537	602	DNA_methylase	PF00145.23	1.6e-10
Bsil_KLJ12191.1	328	622	DNA_methylase	PF00145.23	6.2e-37
Tcac_XP_007041239.2	445	805	DNA_methylase	PF00145.23	1.9e-34
Bnap_XP_022550318.1	757	1114	DNA_methylase	PF00145.23	4.6e-35
Lnuc_KAF2116861.1	331	626	DNA_methylase	PF00145.23	2.9e-36
Esal_XP_006394801.1	11	371	DNA_methylase	PF00145.23	5.9e-39
Bnap_XP_013719504.1	779	1136	DNA_methylase	PF00145.23	4.8e-35
Apscae_KAE8418288.1	317	485	DNA_methylase	PF00145.23	1.5e-26
Apscae_KAE8418288.1	537	602	DNA_methylase	PF00145.23	1.6e-10
Hcon_XGW27899.1	5	325	DNA_methylase	PF00145.23	3.1e-39
Hcon_XGW27900.1	5	325	DNA_methylase	PF00145.23	3.1e-39
Bole_XP_013597195.1	766	1123	DNA_methylase	PF00145.23	4.7e-35
Bole_XP_013597188.1	788	1145	DNA_methylase	PF00145.23	4.9e-35
Ltra_XP_021879412.1	7	459	DNA_methylase	PF00145.23	1.2e-38
Galmar_KDR85517.1	751	1210	DNA_methylase	PF00145.23	1.8e-37
Mesc_XP_021606189.1	479	839	DNA_methylase	PF00145.23	9.8e-35
Symmic_OLQ03849.1	77	433	DNA_methylase	PF00145.23	2.1e-35
Pcya_PPQ86962.1	745	1211	DNA_methylase	PF00145.23	4.4e-37
Sscr_XP_020919634.1	5	387	DNA_methylase	PF00145.23	3.4e-39
Sscr_XP_020919635.1	5	387	DNA_methylase	PF00145.23	3.4e-39
Dcar_XP_017255328.1	457	817	DNA_methylase	PF00145.23	3.4e-33
Tgam_XP_018657421.1	753	1157	DNA_methylase	PF00145.23	3.9e-39
Lpyr_XP_015658016.1	409	491	DNA_methylase	PF00145.23	1.8e-21
Lpyr_XP_015658016.1	531	790	DNA_methylase	PF00145.23	1.6e-07
Lpyr_XP_015658017.1	409	491	DNA_methylase	PF00145.23	1.8e-21
Lpyr_XP_015658017.1	531	790	DNA_methylase	PF00145.23	1.6e-07
Shae_XP_035585294.1	1	362	DNA_methylase	PF00145.23	4.5e-39
Ares_XP_024719317.1	376	660	DNA_methylase	PF00145.23	9.2e-35
Atha_NP_001329724.1	854	1213	DNA_methylase	PF00145.23	3.4e-34
Sarc_XP_014156346.1	5	184	DNA_methylase	PF00145.23	3.4e-27
Sarc_XP_014156346.1	392	531	DNA_methylase	PF00145.23	7.7e-10
Amin_KAB8270246.1	318	468	DNA_methylase	PF00145.23	7.3e-26
Amin_KAB8270246.1	524	587	DNA_methylase	PF00145.23	5.7e-11
Bbis_XP_010858278.1	5	387	DNA_methylase	PF00145.23	3.8e-39
Jreg_XP_035542186.1	825	1184	DNA_methylase	PF00145.23	3e-34
Jreg_XP_035542187.1	807	1166	DNA_methylase	PF00145.23	2.9e-34
Hann_XP_022025662.1	479	835	DNA_methylase	PF00145.23	5e-35
Xhev_XP_018186361.1	328	529	DNA_methylase	PF00145.23	3.1e-29
Xhev_XP_018186361.1	546	616	DNA_methylase	PF00145.23	5.5e-08
Jreg_XP_018806586.1	825	1184	DNA_methylase	PF00145.23	3e-34
Dcar_XP_063936552.1	457	814	DNA_methylase	PF00145.23	8.1e-33
Bmes_THH09435.1	740	950	DNA_methylase	PF00145.23	2.4e-37
Ttur_VAI62777.1	228	588	DNA_methylase	PF00145.23	6.5e-34
Ttur_VAI51230.1	228	588	DNA_methylase	PF00145.23	9.4e-34
Atha_NP_193637.2	902	1261	DNA_methylase	PF00145.23	3.7e-34
Anig_TGZ82342.1	219	418	DNA_methylase	PF00145.23	7.1e-26
Anig_TGZ82342.1	442	509	DNA_methylase	PF00145.23	3.3e-11
Rmel_TDL19401.1	876	1335	DNA_methylase	PF00145.23	7e-38
Smac_XP_003347178.1	308	476	DNA_methylase	PF00145.23	8.7e-30
Smac_XP_003347178.1	548	603	DNA_methylase	PF00145.23	3.9e-07
Hann_XP_022011919.1	465	823	DNA_methylase	PF00145.23	1.1e-33
Ogla_XP_052134106.1	499	860	DNA_methylase	PF00145.23	1.7e-34
Sscr_NP_001156357.1	5	387	DNA_methylase	PF00145.23	4.3e-39
Epas_OJD17258.1	325	621	DNA_methylase	PF00145.23	4e-38
Osat_NP_001409893.1	499	860	DNA_methylase	PF00145.23	1.7e-34
Aalp_KFK30827.1	515	876	DNA_methylase	PF00145.23	4.5e-35
Ailmel_XP_002918675.1	5	387	DNA_methylase	PF00145.23	4.3e-39
Parc_TFK82635.1	748	1208	DNA_methylase	PF00145.23	6.1e-37
Apis_XP_001949338.2	1	322	DNA_methylase	PF00145.23	4e-39
Tcoc_OSC99059.1	766	1229	DNA_methylase	PF00145.23	3.7e-37
Aamp_XP_043192205.1	4	173	DNA_methylase	PF00145.23	1.1e-28
Aamp_XP_043192205.1	332	381	DNA_methylase	PF00145.23	2.7e-08
Prijap_TRINITY_c13966_g1_i2_loc1.t1	25	248	DNA_methylase	PF00145.23	2.4e-26
Prijap_TRINITY_c13966_g1_i2_loc1.t1	269	322	DNA_methylase	PF00145.23	1.1e-10
Vang_XP_017426476.1	432	795	DNA_methylase	PF00145.23	3.4e-34
Bnap_XP_048638567.1	726	1085	DNA_methylase	PF00145.23	7.9e-35
Brap_XP_033128973.1	737	1096	DNA_methylase	PF00145.23	8.1e-35
Oaus_PHH66340.1	275	445	DNA_methylase	PF00145.23	1.3e-27
Oaus_PHH66340.1	516	568	DNA_methylase	PF00145.23	3.1e-09
Msp.5C6A_RYP75607.1	755	1141	DNA_methylase	PF00145.23	5.3e-39
Bnap_XP_048638565.1	748	1107	DNA_methylase	PF00145.23	8.2e-35
Bnap_XP_013703673.1	11	374	DNA_methylase	PF00145.23	1.1e-38
Bole_XP_013595389.1	11	374	DNA_methylase	PF00145.23	1.1e-38
Bjun_cds.BjuA01g34790S	748	1107	DNA_methylase	PF00145.23	8.2e-35
Brap_XP_009132479.1	726	1085	DNA_methylase	PF00145.23	7.9e-35
Rmai_XP_026804700.1	1	322	DNA_methylase	PF00145.23	4.4e-39
Brap_XP_009132470.1	748	1107	DNA_methylase	PF00145.23	8.2e-35
Psp.VKMF103_KFY71903.1	1581	1791	DNA_methylase	PF00145.23	5.6e-27
Psp.VKMF103_KFY71903.1	1820	1877	DNA_methylase	PF00145.23	8.6e-08
Dronov_XP_064362052.1	14	423	DNA_methylase	PF00145.23	1e-38
Jreg_XP_018834603.1	439	798	DNA_methylase	PF00145.23	1.2e-34
Phavul_XP_068503536.1	473	832	DNA_methylase	PF00145.23	1.6e-33
Bole_XP_013629092.1	418	777	DNA_methylase	PF00145.23	6.9e-36
Shir_XP_007300459.1	666	1132	DNA_methylase	PF00145.23	6e-37
Ocaleo_RDA87395.1	261	430	DNA_methylase	PF00145.23	1.9e-25
Ocaleo_RDA87395.1	492	550	DNA_methylase	PF00145.23	2.3e-11
Emue_Em0014g133a	15	447	DNA_methylase	PF00145.23	8.1e-39
Dhel_POS75462.1	288	472	DNA_methylase	PF00145.23	3e-27
Dhel_POS75462.1	518	584	DNA_methylase	PF00145.23	2e-09
Alum_ALUE_0000670401-mRNA-1	35	383	DNA_methylase	PF00145.23	5e-39
Bnap_XP_048606609.1	418	774	DNA_methylase	PF00145.23	7.4e-36
Sesind_XP_011084452.1	13	376	DNA_methylase	PF00145.23	6.6e-39
Rirr_XP_025181924.2	1503	1888	DNA_methylase	PF00145.23	1.3e-38
Bdis_XP_014752605.1	696	1064	DNA_methylase	PF00145.23	2.9e-34
Bind_XP_019828670.2	5	387	DNA_methylase	PF00145.23	6.7e-39
Btau_NP_861528.1	5	387	DNA_methylase	PF00145.23	6.7e-39
Hirr_XP_009540602.1	727	1189	DNA_methylase	PF00145.23	1.8e-37
Eder_XP_009159701.1	294	469	DNA_methylase	PF00145.23	1e-25
Eder_XP_009159701.1	535	592	DNA_methylase	PF00145.23	4.9e-11
Monalb_XP_020470944.1	5	391	DNA_methylase	PF00145.23	5.6e-39
Bgil_XP_002624554.1	325	618	DNA_methylase	PF00145.23	7.3e-37
Ccuc_KAI8334923.1	5	361	DNA_methylase	PF00145.23	5.4e-39
Bpar_PGH07423.1	326	495	DNA_methylase	PF00145.23	1.1e-28
Bpar_PGH07423.1	550	613	DNA_methylase	PF00145.23	3.9e-08
Tspe_TraesTSP7B01G510100.1	347	707	DNA_methylase	PF00145.23	1.1e-34
Aque_XP_003389338.2	18	349	DNA_methylase	PF00145.23	6.5e-39
Hill_XP_037919968.1	5	335	DNA_methylase	PF00145.23	6.4e-39
Caepar_CSP21.g414.t1	6	320	DNA_methylase	PF00145.23	6.1e-39
Msp.CRB83_RYP80391.1	323	520	DNA_methylase	PF00145.23	8.5e-32
Smar_SMAR004394-PA	18	314	DNA_methylase	PF00145.23	6e-39
Xfla_TRX89009.1	333	507	DNA_methylase	PF00145.23	3.6e-27
Xfla_TRX89009.1	533	629	DNA_methylase	PF00145.23	1.6e-09
Csp.CBS135597_RMZ81380.1	310	485	DNA_methylase	PF00145.23	5.9e-29
Csp.CBS135597_RMZ81380.1	547	604	DNA_methylase	PF00145.23	1.1e-07
Seccer_SECCEUnv1G0561540.1	393	754	DNA_methylase	PF00145.23	2.1e-33
Tasp_XP_024764192.2	757	1159	DNA_methylase	PF00145.23	2e-38
Twil_T_wilhelma_c27632_g1_i1|m.21464	21	503	DNA_methylase	PF00145.23	4.5e-38
Cvir_XP_022328497.1	1	435	DNA_methylase	PF00145.23	9.8e-38
Tdic_XP_037467539.1	403	763	DNA_methylase	PF00145.23	1.6e-34
Mtru_XP_013453033.1	438	796	DNA_methylase	PF00145.23	3.4e-34
Ppap_XP_055710554.1	7	331	DNA_methylase	PF00145.23	7.1e-39
Cpos_XP_065981545.1	272	479	DNA_methylase	PF00145.23	2.3e-29
Cpos_XP_065981545.1	500	559	DNA_methylase	PF00145.23	2.7e-07
Bder_XP_045278134.1	325	618	DNA_methylase	PF00145.23	2.6e-36
Leeper_LPERR10G00200.1	492	820	DNA_methylase	PF00145.23	1.1e-33
Oniv_ONIVA10G00600.1	477	809	DNA_methylase	PF00145.23	3.7e-34
Rchi_XP_024193538.1	447	804	DNA_methylase	PF00145.23	5.3e-33
Oruf_ORUFI10G00230.1	477	809	DNA_methylase	PF00145.23	3.7e-34
Tura_XP_048550741.1	358	718	DNA_methylase	PF00145.23	1.5e-33
Bjun_cds.BjuB06g45490S	415	776	DNA_methylase	PF00145.23	2.8e-35
Esal_XP_006414021.2	853	1217	DNA_methylase	PF00145.23	1.6e-34
Taes_XP_044432529.1	403	763	DNA_methylase	PF00145.23	1.3e-34
Obar_OBART10G00250.1	494	826	DNA_methylase	PF00145.23	3.8e-34
Tbor_PUU76361.1	527	707	DNA_methylase	PF00145.23	1.9e-26
Tbor_PUU76361.1	756	820	DNA_methylase	PF00145.23	4.5e-10
Esp.FLASF59071_RUS16445.1	890	1294	DNA_methylase	PF00145.23	6.3e-38
Odis_KAF2830238.1	238	406	DNA_methylase	PF00145.23	2.7e-30
Odis_KAF2830238.1	472	521	DNA_methylase	PF00145.23	2.4e-06
Flan_KPA41183.1	2	169	DNA_methylase	PF00145.23	3e-27
Flan_KPA41183.1	234	289	DNA_methylase	PF00145.23	2.4e-09
Oglu_OGLUM10G00270.1	499	831	DNA_methylase	PF00145.23	3.9e-34
Tvir_XP_013957404.1	614	1017	DNA_methylase	PF00145.23	2.8e-38
Ccaj_XP_020221194.1	422	788	DNA_methylase	PF00145.23	1.8e-33
Rchi_XP_024193537.1	468	825	DNA_methylase	PF00145.23	5.7e-33
Mtru_XP_003612312.1	439	797	DNA_methylase	PF00145.23	1.7e-34
Lbru_RDX51125.1	747	1207	DNA_methylase	PF00145.23	8e-37
Rchi_XP_024193536.1	473	830	DNA_methylase	PF00145.23	5.8e-33
Ttur_VAI51228.1	495	854	DNA_methylase	PF00145.23	8.3e-34
Digexi_KAF8684305.1	340	701	DNA_methylase	PF00145.23	1.6e-33
Moncan_RYO82312.1	323	525	DNA_methylase	PF00145.23	3.7e-32
Msp.MC138B_RYP34143.1	323	525	DNA_methylase	PF00145.23	3.7e-32
Tpra_XP_045811269.1	422	780	DNA_methylase	PF00145.23	7.5e-34
Hann_XP_022025590.1	434	788	DNA_methylase	PF00145.23	6.3e-34
Malb_XP_040678402.1	684	1081	DNA_methylase	PF00145.23	2.3e-38
Tura_XP_048551276.1	263	624	DNA_methylase	PF00145.23	3.8e-33
Ttur_VAI62775.1	492	852	DNA_methylase	PF00145.23	8.7e-34
Llon_XP_055682731.1	8	329	DNA_methylase	PF00145.23	1.9e-38
Thecal_VDN05779.1	12	340	DNA_methylase	PF00145.23	8.8e-39
Cdro_XP_010990333.2	5	387	DNA_methylase	PF00145.23	9.7e-39
Ttur_VAI51227.1	495	855	DNA_methylase	PF00145.23	1.2e-33
Sara_XP_055003453.1	5	381	DNA_methylase	PF00145.23	2.8e-38
Vung_XP_027923196.1	491	850	DNA_methylase	PF00145.23	3.3e-34
Seccer_SECCE6Rv1G0420780.1	498	858	DNA_methylase	PF00145.23	1.9e-33
Atri_XP_020526064.1	484	844	DNA_methylase	PF00145.23	9.7e-33
Ppla_XP_024342119.1	737	1196	DNA_methylase	PF00145.23	1.4e-37
Apsy_KZP28885.1	445	906	DNA_methylase	PF00145.23	3.6e-37
Bory_XP_007691292.1	316	490	DNA_methylase	PF00145.23	4.1e-25
Bory_XP_007691292.1	553	610	DNA_methylase	PF00145.23	2.9e-11
Atau_XP_020182946.1	490	850	DNA_methylase	PF00145.23	1.5e-33
Tspe_TraesTSP6D01G391500.1	490	850	DNA_methylase	PF00145.23	1.5e-33
Eaff_XP_023334445.1	10	421	DNA_methylase	PF00145.23	2.5e-38
Lper_XP_051205329.1	513	873	DNA_methylase	PF00145.23	5e-34
Taes_XP_044404970.1	495	855	DNA_methylase	PF00145.23	2.3e-33
Tspe_TraesTSP6A01G369400.1	495	855	DNA_methylase	PF00145.23	2.3e-33
Ttur_VAI51226.1	495	855	DNA_methylase	PF00145.23	2.3e-33
Taes_XP_044415256.1	492	852	DNA_methylase	PF00145.23	1.5e-33
Tspe_TraesTSP6B01G456000.1	492	852	DNA_methylase	PF00145.23	1.5e-33
Ttur_VAI62774.1	492	852	DNA_methylase	PF00145.23	1.5e-33
Tdic_XP_037453802.1	492	852	DNA_methylase	PF00145.23	1.5e-33
Enig_OSS50256.1	273	478	DNA_methylase	PF00145.23	6.1e-32
Tdic_XP_037448914.1	495	855	DNA_methylase	PF00145.23	2.3e-33
Soct_XP_013019511.1	8	323	DNA_methylase	PF00145.23	1.4e-38
Nirr_OLL21656.1	735	1184	DNA_methylase	PF00145.23	8.4e-38
Sita_XP_004983483.1	508	868	DNA_methylase	PF00145.23	4.2e-33
Svir_XP_034574435.1	508	868	DNA_methylase	PF00145.23	4.2e-33
Lmaj_XP_001683875.1	430	784	DNA_methylase	PF00145.23	5.7e-29
Name_XP_013303592.2	4	322	DNA_methylase	PF00145.23	1.3e-37
Dmag_XP_032782390.2	7	337	DNA_methylase	PF00145.23	1.2e-38
Pari_XP_022486715.1	321	487	DNA_methylase	PF00145.23	3.8e-25
Pari_XP_022486715.1	545	611	DNA_methylase	PF00145.23	3.1e-11
Ttur_VAI93984.1	305	665	DNA_methylase	PF00145.23	2.3e-34
Cocimm_XP_001239116.2	272	475	DNA_methylase	PF00145.23	3.1e-29
Cocimm_XP_001239116.2	500	559	DNA_methylase	PF00145.23	3.9e-07
Mtru_XP_013447447.1	430	788	DNA_methylase	PF00145.23	3.2e-34
Sara_XP_004605533.2	5	388	DNA_methylase	PF00145.23	4.5e-38
Cyncar_XP_024988363.1	473	833	DNA_methylase	PF00145.23	1.5e-33
Eaff_XP_023334444.1	10	423	DNA_methylase	PF00145.23	2.8e-38
Worn_XP_033655154.1	280	450	DNA_methylase	PF00145.23	1e-27
Worn_XP_033655154.1	528	573	DNA_methylase	PF00145.23	1.6e-08
Lper_XP_051205384.1	536	896	DNA_methylase	PF00145.23	1.9e-33
Cucmel_XP_008445162.1	14	377	DNA_methylase	PF00145.23	1.7e-38
Dexi_XP_033449659.1	306	480	DNA_methylase	PF00145.23	4.8e-26
Dexi_XP_033449659.1	545	602	DNA_methylase	PF00145.23	3e-10
Samp_TRM58605.1	921	967	DNA_methylase	PF00145.23	2.8e-05
Samp_TRM58605.1	1014	1136	DNA_methylase	PF00145.23	3.3e-20
Samp_TRM58605.1	1309	1382	DNA_methylase	PF00145.23	1.5e-08
Atau_XP_045085441.1	299	660	DNA_methylase	PF00145.23	9.9e-33
Ptri_XP_053018878.1	663	885	DNA_methylase	PF00145.23	5.1e-27
Ptri_XP_053018878.1	1114	1199	DNA_methylase	PF00145.23	1.1e-08
Hvar_PMD35650.1	129	582	DNA_methylase	PF00145.23	5.2e-38
Atau_XP_020187764.1	303	664	DNA_methylase	PF00145.23	1e-32
Atau_XP_020187765.1	303	664	DNA_methylase	PF00145.23	1e-32
Atau_XP_045085440.1	303	664	DNA_methylase	PF00145.23	1e-32
Atri_XP_020526065.1	440	800	DNA_methylase	PF00145.23	8.6e-33
Phyp_XP_033595755.1	266	436	DNA_methylase	PF00145.23	3.9e-27
Phyp_XP_033595755.1	499	551	DNA_methylase	PF00145.23	4.4e-09
Psom_XP_026458044.1	514	873	DNA_methylase	PF00145.23	8.9e-33
Asuu_AgR037_g090_t06	13	361	DNA_methylase	PF00145.23	1.7e-38
Ncal_ORY69234.1	7	380	DNA_methylase	PF00145.23	1.6e-38
Brap_XP_009150572.1	418	779	DNA_methylase	PF00145.23	1.1e-35
Bnap_XP_048590849.1	418	779	DNA_methylase	PF00145.23	1.1e-35
Taes_XP_044415255.1	492	875	DNA_methylase	PF00145.23	3.6e-33
Tdic_XP_037453801.1	492	875	DNA_methylase	PF00145.23	3.6e-33
Cx_XP_006431407.1	460	819	DNA_methylase	PF00145.23	2.9e-33
Cx_XP_024040899.1	460	819	DNA_methylase	PF00145.23	2.9e-33
Taes_XP_044404969.1	495	878	DNA_methylase	PF00145.23	8.7e-33
Tdic_XP_037448913.1	495	878	DNA_methylase	PF00145.23	8.7e-33
Psom_XP_026427958.1	505	863	DNA_methylase	PF00145.23	1.2e-31
Atau_XP_040251185.1	204	565	DNA_methylase	PF00145.23	9.5e-34
Lsat_XP_023739680.1	466	827	DNA_methylase	PF00145.23	9.2e-33
Ecru_scaffold32.236.cds	507	867	DNA_methylase	PF00145.23	1.8e-33
Ecru_scaffold103.180.cds	511	871	DNA_methylase	PF00145.23	1.8e-33
Rsec_CZT40862.1	566	774	DNA_methylase	PF00145.23	4.6e-28
Rsec_CZT40862.1	792	853	DNA_methylase	PF00145.23	4.9e-08
Opun_OPUNC10G00280.1	490	822	DNA_methylase	PF00145.23	8.5e-34
Psp.WSF3629_OBT42388.1	853	1045	DNA_methylase	PF00145.23	1.7e-27
Psp.WSF3629_OBT42388.1	1092	1149	DNA_methylase	PF00145.23	1.1e-08
Llei_ENSLLEP00000008578.1	13	379	DNA_methylase	PF00145.23	2e-38
Mesc_XP_021622302.1	448	809	DNA_methylase	PF00145.23	8.5e-34
Smoe_XP_024537466.1	9	337	DNA_methylase	PF00145.23	2.2e-38
Csat_XP_010449422.1	852	1208	DNA_methylase	PF00145.23	7.3e-34
Asuu_AgR037_g090_t01	34	382	DNA_methylase	PF00145.23	2.1e-38
Tmur_KRX45439.1	51	293	DNA_methylase	PF00145.23	2.2e-31
Dsep_EME48324.1	388	557	DNA_methylase	PF00145.23	4.2e-26
Dsep_EME48324.1	624	685	DNA_methylase	PF00145.23	1.4e-08
Tpat_KRY14941.1	11	292	DNA_methylase	PF00145.23	6.4e-38
Fexc_FRAEX38873_v2_000145950.1.cds	616	973	DNA_methylase	PF00145.23	2.2e-33
Sollyc_NP_001353596.1	550	899	DNA_methylase	PF00145.23	5.5e-34
Ecur_TVT97326.1	530	892	DNA_methylase	PF00145.23	3.1e-33
Scom_XP_019027376.1	328	501	DNA_methylase	PF00145.23	9.5e-27
Scom_XP_019027376.1	577	628	DNA_methylase	PF00145.23	2.8e-09
Psp.05NY08_OBT79943.1	842	1043	DNA_methylase	PF00145.23	3.7e-28
Psp.05NY08_OBT79943.1	1079	1137	DNA_methylase	PF00145.23	5.7e-08
Ecur_TVU13632.1	419	779	DNA_methylase	PF00145.23	1.9e-33
Abis_XP_006453977.1	848	1309	DNA_methylase	PF00145.23	2.1e-37
Amel_XP_040876697.1	1	169	DNA_methylase	PF00145.23	2.5e-25
Amel_XP_040876697.1	236	296	DNA_methylase	PF00145.23	7e-11
Sfla_XP_025409411.1	1	325	DNA_methylase	PF00145.23	2.3e-38
Ttur_VAI52681.1	303	664	DNA_methylase	PF00145.23	1.1e-32
Psp.CONT_KZV73358.1	917	1394	DNA_methylase	PF00145.23	1.1e-37
Nbra_WKY07126.1	4	326	DNA_methylase	PF00145.23	2.6e-38
Atau_XP_020187763.1	397	758	DNA_methylase	PF00145.23	1.3e-32
Tspe_TraesTSP6D01G019500.1	397	758	DNA_methylase	PF00145.23	1.3e-32
Psom_XP_026424110.1	471	838	DNA_methylase	PF00145.23	2.7e-33
Vrad_XP_014521433.1	429	792	DNA_methylase	PF00145.23	1.7e-33
Vrad_XP_014521432.1	431	794	DNA_methylase	PF00145.23	1.7e-33
Mpol_BFI38048.1	585	947	DNA_methylase	PF00145.23	6.7e-34
Ecur_TVU31458.1	513	873	DNA_methylase	PF00145.23	2.7e-33
Atau_XP_020187762.1	407	768	DNA_methylase	PF00145.23	1.5e-32
Taes_XP_044417665.1	407	768	DNA_methylase	PF00145.23	1.5e-32
Csp.2T21_KAB5542364.1	735	1119	DNA_methylase	PF00145.23	3.3e-38
Cson_CSON012561-1	5	350	DNA_methylase	PF00145.23	2.5e-38
Taes_XP_044410417.1	303	664	DNA_methylase	PF00145.23	1.2e-32
Tdic_XP_037453043.1	303	664	DNA_methylase	PF00145.23	1.2e-32
Hann_XP_035842691.1	309	669	DNA_methylase	PF00145.23	1.6e-32
Aoff_XP_020251487.1	473	832	DNA_methylase	PF00145.23	2.7e-34
Rchi_XP_024182523.1	522	880	DNA_methylase	PF00145.23	8.1e-33
Mibe_RYP07509.1	323	521	DNA_methylase	PF00145.23	3.1e-31
Wcoc_PCH37981.1	765	1230	DNA_methylase	PF00145.23	4.9e-37
Marm_XP_026148199.1	41	398	DNA_methylase	PF00145.23	3.3e-38
Ragr_CZS95533.1	566	774	DNA_methylase	PF00145.23	3.3e-28
Ragr_CZS95533.1	770	853	DNA_methylase	PF00145.23	2.7e-08
Rhygra_XMA15611.1	885	1093	DNA_methylase	PF00145.23	4.7e-28
Rhygra_XMA15611.1	1111	1172	DNA_methylase	PF00145.23	7.2e-08
Concor_KXN70935.1	5	334	DNA_methylase	PF00145.23	2.7e-38
Linf_XP_001466154.1	430	785	DNA_methylase	PF00145.23	6.6e-29
Tpra_XP_045826417.1	387	734	DNA_methylase	PF00145.23	3.3e-34
Bjun_cds.BjuB05g48170S	811	1172	DNA_methylase	PF00145.23	4.1e-34
Tpra_XP_045826416.1	391	738	DNA_methylase	PF00145.23	3.3e-34
Aoff_XP_020251485.1	497	856	DNA_methylase	PF00145.23	2.8e-34
Aoff_XP_020251486.1	497	856	DNA_methylase	PF00145.23	2.8e-34
Psam_PSAMB.scaffold2443size23201.g17794.t1	12	346	DNA_methylase	PF00145.23	3e-38
Mibe_RYO75349.1	478	864	DNA_methylase	PF00145.23	3.3e-38
Mpol_BFI38049.1	541	903	DNA_methylase	PF00145.23	6e-34
Pisver_XP_031259787.1	419	775	DNA_methylase	PF00145.23	2.6e-34
Marm_XP_026148200.1	41	398	DNA_methylase	PF00145.23	3.6e-38
Omer_OMERI10G00140.1	497	884	DNA_methylase	PF00145.23	2.3e-33
Psp.CONT_KZV74544.1	797	1011	DNA_methylase	PF00145.23	1.9e-23
Psp.CONT_KZV74544.1	1166	1283	DNA_methylase	PF00145.23	1.1e-11
Poptri_XP_024458813.1	17	380	DNA_methylase	PF00145.23	3.6e-38
Fspo_RGP63473.1	223	392	DNA_methylase	PF00145.23	6e-27
Fspo_RGP63473.1	457	512	DNA_methylase	PF00145.23	4.5e-09
Msp.CRB83_RYP52472.1	753	1138	DNA_methylase	PF00145.23	3.9e-38
Panhal_XP_025793455.1	506	866	DNA_methylase	PF00145.23	3.9e-33
Taes_XP_044421591.1	490	850	DNA_methylase	PF00145.23	4e-33
Mcir_EPB81130.1	5	357	DNA_methylase	PF00145.23	3.1e-38
Ldon_XP_003861453.1	430	785	DNA_methylase	PF00145.23	5.5e-29
Sesind_XP_011075808.1	513	869	DNA_methylase	PF00145.23	1.1e-31
Chequi_XP_021728853.1	479	841	DNA_methylase	PF00145.23	6.6e-34
Sesind_XP_011075807.1	517	873	DNA_methylase	PF00145.23	1.2e-31
Copflo_XP_014215932.1	8	328	DNA_methylase	PF00145.23	3.7e-38
Bmay_ENI11120.1	315	486	DNA_methylase	PF00145.23	2.7e-23
Bmay_ENI11120.1	550	609	DNA_methylase	PF00145.23	2.7e-12
Msp.CRB92_RYP91202.1	324	521	DNA_methylase	PF00145.23	7.4e-31
Msp.CRB92_RYP91202.1	558	615	DNA_methylase	PF00145.23	4.2e-05
Phavul_XP_068468660.1	432	795	DNA_methylase	PF00145.23	1.5e-33
Dnox_XP_015367367.1	1	322	DNA_methylase	PF00145.23	3.6e-38
Horvul_XP_044950641.1	494	854	DNA_methylase	PF00145.23	5.6e-33
Cofcan_CDP04792.1	16	376	DNA_methylase	PF00145.23	4.2e-38
Tpra_XP_045822706.1	468	825	DNA_methylase	PF00145.23	2.1e-32
Tpra_XP_045822708.1	467	824	DNA_methylase	PF00145.23	2.1e-32
Apsy_KZP28873.1	751	1210	DNA_methylase	PF00145.23	4.9e-37
Ttur_VAI52679.1	397	758	DNA_methylase	PF00145.23	1.5e-32
Lper_XP_051199097.1	514	866	DNA_methylase	PF00145.23	1.6e-33
Atha_NP_565245.1	407	759	DNA_methylase	PF00145.23	1.2e-33
Msp.MG133_RYP31238.1	324	520	DNA_methylase	PF00145.23	1.6e-31
Tpra_XP_045822704.1	483	840	DNA_methylase	PF00145.23	2.2e-32
Mamb_GAN07225.1	5	357	DNA_methylase	PF00145.23	3.7e-38
Aoff_XP_020242352.1	6	359	DNA_methylase	PF00145.23	3.8e-38
Tpra_XP_045822705.1	482	839	DNA_methylase	PF00145.23	2.2e-32
Chequi_XP_021758150.1	17	389	DNA_methylase	PF00145.23	5.5e-38
Cfru_XP_031877683.1	307	478	DNA_methylase	PF00145.23	1.3e-27
Cfru_XP_031877683.1	534	602	DNA_methylase	PF00145.23	2.2e-08
Cfra_CFRG3860T1	10	468	DNA_methylase	PF00145.23	3.3e-36
Ttur_VAI06905.1	147	515	DNA_methylase	PF00145.23	8.2e-37
Mcya_ENSMCSP00000000315.1	7	374	DNA_methylase	PF00145.23	5.3e-38
Pinv_KIJ22224.1	615	1069	DNA_methylase	PF00145.23	5.1e-37
Tcan_KHN80743.1	13	350	DNA_methylase	PF00145.23	4.3e-38
Rves_OJA16031.1	784	1005	DNA_methylase	PF00145.23	1.7e-37
Zmay_NP_001358713.1	501	866	DNA_methylase	PF00145.23	3e-33
Taes_XP_044410416.1	397	758	DNA_methylase	PF00145.23	1.7e-32
Tdic_XP_037453042.1	397	758	DNA_methylase	PF00145.23	1.7e-32
Tspe_TraesTSP6B01G020300.1	397	758	DNA_methylase	PF00145.23	1.7e-32
Exen_XP_013312276.1	335	544	DNA_methylase	PF00145.23	2.4e-27
Exen_XP_013312276.1	560	627	DNA_methylase	PF00145.23	2.6e-08
Csat_XP_019086889.1	853	1208	DNA_methylase	PF00145.23	1.6e-33
Pmax_PRIMPAX000001774.t1	24	322	DNA_methylase	PF00145.23	7e-36
Csat_XP_019086890.1	837	1192	DNA_methylase	PF00145.23	1.6e-33
Pnox_PAV22648.1	502	968	DNA_methylase	PF00145.23	3e-36
Chequi_XP_021771965.1	481	843	DNA_methylase	PF00145.23	9.5e-34
Hgri_PGH11794.1	309	515	DNA_methylase	PF00145.23	3.3e-27
Hgri_PGH11794.1	532	599	DNA_methylase	PF00145.23	5.9e-09
Hcyl_KIM47705.1	737	1202	DNA_methylase	PF00145.23	7.7e-37
Csat_XP_019087809.1	646	1002	DNA_methylase	PF00145.23	1.4e-33
Citlan_Cla97C08G156450.1	14	375	DNA_methylase	PF00145.23	5e-38
Hann_XP_022020864.1	472	832	DNA_methylase	PF00145.23	2.6e-32
Osat_NP_001404354.1	645	1009	DNA_methylase	PF00145.23	2.3e-31
Aalp_KFK28331.1	386	742	DNA_methylase	PF00145.23	5.8e-33
Ecru_scaffold85.268.cds	513	873	DNA_methylase	PF00145.23	2.5e-33
Cave_XP_059429868.1	384	744	DNA_methylase	PF00145.23	2.7e-33
Linelo_KAK5810219.1	8	428	DNA_methylase	PF00145.23	7.1e-37
Msp.MG133_RYP32636.1	737	1123	DNA_methylase	PF00145.23	6.3e-38
Ahal_CAL9226017.1	860	1219	DNA_methylase	PF00145.23	2.4e-33
Taes_XP_044407221.1	303	664	DNA_methylase	PF00145.23	2.5e-32
Ttur_VAI41355.1	303	664	DNA_methylase	PF00145.23	2.5e-32
Marm_XP_026148197.1	41	400	DNA_methylase	PF00145.23	6.4e-38
Bcal_TEY41024.1	773	1167	DNA_methylase	PF00145.23	1.5e-37
Marm_XP_026148195.1	41	408	DNA_methylase	PF00145.23	7.4e-38
Lpan_XP_010699692.1	328	370	DNA_methylase	PF00145.23	2.1e-05
Lpan_XP_010699692.1	440	834	DNA_methylase	PF00145.23	3.9e-29
Leeper_LPERR01G01500.4	366	696	DNA_methylase	PF00145.23	3.6e-33
Amus_KIL71418.1	726	1192	DNA_methylase	PF00145.23	1.7e-36
Dcar_XP_017232136.1	22	383	DNA_methylase	PF00145.23	1.2e-37
Marm_XP_026148198.1	41	400	DNA_methylase	PF00145.23	7e-38
Bbub_ENSBOBP00000017986.1	29	400	DNA_methylase	PF00145.23	8.7e-38
Poptri_XP_052312720.1	586	938	DNA_methylase	PF00145.23	3.4e-32
Cave_XP_059429867.1	424	783	DNA_methylase	PF00145.23	3e-33
Lper_XP_051202668.1	531	891	DNA_methylase	PF00145.23	4.2e-32
Psom_XP_026417465.1	527	888	DNA_methylase	PF00145.23	1.2e-31
Sbic_XP_002454088.2	510	870	DNA_methylase	PF00145.23	8.9e-33
Smoe_XP_024534053.1	5	333	DNA_methylase	PF00145.23	7e-38
Gcer_RIA95943.1	3	322	DNA_methylase	PF00145.23	7.5e-38
Caqu_ORY12316.1	278	576	DNA_methylase	PF00145.23	6.5e-35
Ttur_VAI06906.1	22	389	DNA_methylase	PF00145.23	2.4e-37
Oana_XP_028933376.1	5	393	DNA_methylase	PF00145.23	2.5e-37
Ttur_VAI41354.1	360	721	DNA_methylase	PF00145.23	3e-32
Poptri_XP_002299134.3	586	938	DNA_methylase	PF00145.23	3.4e-32
Rsp.MUCL43196_RGB28937.1	1017	1382	DNA_methylase	PF00145.23	1.6e-37
Grai_XP_012477100.1	20	390	DNA_methylase	PF00145.23	8.3e-38
Cann_XP_016550959.2	533	884	DNA_methylase	PF00145.23	3.1e-33
Coka_Cok_S_s004_2370.t1	1050	1182	DNA_methylase	PF00145.23	5.5e-26
Coka_Cok_S_s004_2370.t1	1199	1252	DNA_methylase	PF00145.23	1.3e-09
Tsp.J132_KNZ81672.1	723	1176	DNA_methylase	PF00145.23	5.7e-37
Csat_XP_019087808.1	840	1196	DNA_methylase	PF00145.23	1.9e-33
Pexs_PREXSPEC000015378.mRNA1	13	311	DNA_methylase	PF00145.23	1.7e-35
Gros_RIB22533.1	687	1049	DNA_methylase	PF00145.23	1.5e-37
Taes_XP_044407220.1	389	750	DNA_methylase	PF00145.23	3.4e-32
Tdic_XP_037449643.1	389	750	DNA_methylase	PF00145.23	3.4e-32
Tspe_TraesTSP6A01G016700.1	389	750	DNA_methylase	PF00145.23	3.4e-32
Bjun_cds.BjuA06g15210S	418	779	DNA_methylase	PF00145.23	6.1e-35
Ttur_VAI41353.1	393	754	DNA_methylase	PF00145.23	3.4e-32
Ttur_VAI41352.1	394	755	DNA_methylase	PF00145.23	3.4e-32
Lafr_XP_064140961.1	5	387	DNA_methylase	PF00145.23	1.3e-37
Scom_XP_019022371.1	545	946	DNA_methylase	PF00145.23	1.3e-37
Taes_XP_044443773.1	397	739	DNA_methylase	PF00145.23	2.9e-33
Xfla_TRX90624.1	716	1107	DNA_methylase	PF00145.23	1.4e-37
Odeg_XP_012372570.1	5	331	DNA_methylase	PF00145.23	1e-37
Ffla_XP_045983218.1	251	420	DNA_methylase	PF00145.23	6.5e-26
Ffla_XP_045983218.1	478	539	DNA_methylase	PF00145.23	1.6e-09
Leeper_LPERR01G01500.1	366	728	DNA_methylase	PF00145.23	1.2e-32
Sbic_XP_002448525.1	505	865	DNA_methylase	PF00145.23	7.5e-33
Ttur_VAI41351.1	416	777	DNA_methylase	PF00145.23	3.7e-32
Zcel_XP_033661003.1	399	567	DNA_methylase	PF00145.23	2.8e-25
Zcel_XP_033661003.1	623	686	DNA_methylase	PF00145.23	2.3e-09
Atau_XP_020182945.1	490	876	DNA_methylase	PF00145.23	2.1e-32
Vung_XP_027912252.1	433	797	DNA_methylase	PF00145.23	1.8e-33
Zmay_NP_001105167.2	501	867	DNA_methylase	PF00145.23	3.3e-32
Msp.mg162_RYP50980.1	324	522	DNA_methylase	PF00145.23	3.3e-31
Marm_XP_026148196.1	41	408	DNA_methylase	PF00145.23	1.3e-37
Pmay_GMR48004.1	8	235	DNA_methylase	PF00145.23	4.1e-26
Pmay_GMR48004.1	259	321	DNA_methylase	PF00145.23	8.9e-10
Alyr_XP_020890063.1	216	578	DNA_methylase	PF00145.23	9.4e-34
Pgra_TFL03722.1	871	1283	DNA_methylase	PF00145.23	2.9e-33
Marm_XP_026148194.1	41	410	DNA_methylase	PF00145.23	1.4e-37
Etef_Et_s2176-1.38-1.mrna1	313	677	DNA_methylase	PF00145.23	8.4e-33
Bvul_XP_010670683.2	17	385	DNA_methylase	PF00145.23	2.8e-37
Alyr_XP_002870005.1	864	1219	DNA_methylase	PF00145.23	5.9e-33
Tver_XP_008032746.1	746	1220	DNA_methylase	PF00145.23	2.6e-35
Ipotri_XP_031113184.1	458	807	DNA_methylase	PF00145.23	1.3e-33
Agal_PBL00394.1	759	1213	DNA_methylase	PF00145.23	2.6e-36
Caeg_CAA7271617.1	816	1043	DNA_methylase	PF00145.23	5.1e-37
Salk_XP_028465333.1	315	495	DNA_methylase	PF00145.23	4.3e-29
Salk_XP_028465333.1	546	609	DNA_methylase	PF00145.23	1.7e-06
Tgui_OPB36747.1	460	864	DNA_methylase	PF00145.23	4.6e-37
Cbra_GBG82760.1	631	984	DNA_methylase	PF00145.23	6.5e-34
Ttur_VAH89529.1	147	515	DNA_methylase	PF00145.23	3.7e-36
Ttur_VAH89528.1	146	514	DNA_methylase	PF00145.23	3.6e-36
Dste_EWC47759.1	341	552	DNA_methylase	PF00145.23	3.4e-24
Dste_EWC47759.1	583	646	DNA_methylase	PF00145.23	2.8e-11
Ophpol_RCI13794.1	272	442	DNA_methylase	PF00145.23	5.1e-26
Ophpol_RCI13794.1	504	561	DNA_methylase	PF00145.23	2.4e-09
Aapi_KZZ96327.1	652	1036	DNA_methylase	PF00145.23	1.7e-37
Bvul_XP_010670682.2	17	390	DNA_methylase	PF00145.23	4.1e-37
Marm_XP_026148206.1	41	398	DNA_methylase	PF00145.23	1.7e-37
Edia_XP_020916776.1	13	413	DNA_methylase	PF00145.23	8.8e-36
Marm_XP_026148205.1	41	398	DNA_methylase	PF00145.23	1.7e-37
Marm_XP_026148203.1	41	398	DNA_methylase	PF00145.23	1.7e-37
Marm_XP_026148204.1	41	398	DNA_methylase	PF00145.23	1.7e-37
Tspe_TraesTSP7D01G593600.1	214	574	DNA_methylase	PF00145.23	6.6e-33
Fend_KAK0308500.1	327	496	DNA_methylase	PF00145.23	2.3e-26
Fend_KAK0308500.1	558	620	DNA_methylase	PF00145.23	6.3e-09
Mtru_XP_013453176.1	538	893	DNA_methylase	PF00145.23	3.9e-31
Pcla_XP_045582946.2	8	381	DNA_methylase	PF00145.23	3.6e-37
Pcla_XP_045582947.2	8	381	DNA_methylase	PF00145.23	3.6e-37
Rnec_GAP92566.2	339	635	DNA_methylase	PF00145.23	1.1e-34
Pcla_XP_069173611.1	12	385	DNA_methylase	PF00145.23	3.7e-37
Hsp.CI4A_OTB00489.1	339	543	DNA_methylase	PF00145.23	7e-26
Hsp.CI4A_OTB00489.1	565	632	DNA_methylase	PF00145.23	2.3e-09
Pmus_KXT11818.1	383	550	DNA_methylase	PF00145.23	1.4e-26
Pmus_KXT11818.1	611	674	DNA_methylase	PF00145.23	1.3e-08
Ledo_XP_046092293.1	772	989	DNA_methylase	PF00145.23	7e-24
Ledo_XP_046092293.1	1172	1244	DNA_methylase	PF00145.23	4.4e-10
Lper_XP_051199120.1	226	587	DNA_methylase	PF00145.23	8.9e-33
Prub_KIL00792.1	615	1069	DNA_methylase	PF00145.23	2.2e-36
Ccaj_XP_020216503.1	423	787	DNA_methylase	PF00145.23	5.4e-33
Ccaj_XP_020216502.1	425	789	DNA_methylase	PF00145.23	5.4e-33
Cucsat_XP_004138735.1	14	377	DNA_methylase	PF00145.23	2.1e-37
Pocchl_XP_018145434.1	288	491	DNA_methylase	PF00145.23	1.3e-28
Pocchl_XP_018145434.1	527	579	DNA_methylase	PF00145.23	1.5e-06
Taes_XP_044443772.1	542	884	DNA_methylase	PF00145.23	3.9e-33
Rchi_XP_024196205.1	299	656	DNA_methylase	PF00145.23	9.9e-33
Scan_XP_050827229.1	9	377	DNA_methylase	PF00145.23	2.6e-37
Cofcan_CDP13153.1	494	852	DNA_methylase	PF00145.23	7.4e-33
Etur_XP_008021238.1	288	461	DNA_methylase	PF00145.23	1.6e-24
Etur_XP_008021238.1	524	582	DNA_methylase	PF00145.23	1.3e-10
Msp.mg162_RYP27026.1	523	909	DNA_methylase	PF00145.23	2.3e-37
Fexc_FRAEX38873_v2_000186680.1.cds	449	809	DNA_methylase	PF00145.23	8.7e-32
Achi_PSR86881.1	406	525	DNA_methylase	PF00145.23	1.1e-18
Achi_PSR86881.1	823	891	DNA_methylase	PF00145.23	6e-13
Capcor_XP_007722666.1	301	473	DNA_methylase	PF00145.23	2.8e-25
Capcor_XP_007722666.1	537	592	DNA_methylase	PF00145.23	8.6e-10
Ecur_TVU17257.1	575	963	DNA_methylase	PF00145.23	4.7e-33
Ecre_PGH34147.1	336	504	DNA_methylase	PF00145.23	1.5e-27
Ecre_PGH34147.1	554	626	DNA_methylase	PF00145.23	1.3e-07
Dcay_XP_039145231.1	212	572	DNA_methylase	PF00145.23	9e-33
Ecur_TVU17305.1	575	963	DNA_methylase	PF00145.23	4.7e-33
Apla_XP_022105920.1	12	187	DNA_methylase	PF00145.23	2.9e-27
Apla_XP_022105920.1	470	543	DNA_methylase	PF00145.23	4.9e-08
Msp.CRB92_RYP71823.1	754	1139	DNA_methylase	PF00145.23	2.6e-37
Asol_PBK76616.1	760	1215	DNA_methylase	PF00145.23	4e-36
Mtru_XP_039689897.1	446	803	DNA_methylase	PF00145.23	2.6e-33
Thar_XP_024775302.1	663	1067	DNA_methylase	PF00145.23	3.6e-37
Corcap_OMO86031.1	99	440	DNA_methylase	PF00145.23	4.1e-37
Epus_XP_007801062.1	687	1039	DNA_methylase	PF00145.23	7.4e-37
Tspe_TraesTSP4A01G072500.1	529	891	DNA_methylase	PF00145.23	3.6e-33
Ttur_VAH88512.1	529	891	DNA_methylase	PF00145.23	3.6e-33
Bvul_XP_010673524.3	473	830	DNA_methylase	PF00145.23	2.8e-34
Ahal_CAL9237888.1	416	780	DNA_methylase	PF00145.23	1.4e-33
Tura_XP_048573625.1	535	897	DNA_methylase	PF00145.23	3.6e-33
Cvir_XP_022325710.1	1	435	DNA_methylase	PF00145.23	3.2e-36
Macu_XP_064961278.1	405	765	DNA_methylase	PF00145.23	1.4e-32
Tdic_XP_037418868.1	535	897	DNA_methylase	PF00145.23	3.6e-33
Ttur_VAH88511.1	535	897	DNA_methylase	PF00145.23	3.6e-33
Fexc_FRAEX38873_v2_000186680.2.cds	474	834	DNA_methylase	PF00145.23	9.5e-32
Schcom_XP_050202507.1	794	1166	DNA_methylase	PF00145.23	1.8e-34
Gevg_XP_030406304.1	51	419	DNA_methylase	PF00145.23	3.4e-37
Obra_XP_015688304.1	8	364	DNA_methylase	PF00145.23	2.5e-37
Lame_KIK02107.1	761	1234	DNA_methylase	PF00145.23	2.3e-35
Cput_XP_007775686.1	639	769	DNA_methylase	PF00145.23	2.8e-11
Cput_XP_007775686.1	851	1133	DNA_methylase	PF00145.23	5.1e-21
Tpra_XP_045826415.1	391	766	DNA_methylase	PF00145.23	4.1e-33
Macu_XP_064953283.1	487	837	DNA_methylase	PF00145.23	1.2e-32
Fcul_QPC58506.1	264	434	DNA_methylase	PF00145.23	1.1e-26
Fcul_QPC58506.1	500	553	DNA_methylase	PF00145.23	2.4e-08
Pcol_XP_031470193.1	12	378	DNA_methylase	PF00145.23	2.8e-37
Bnap_XP_048613945.1	393	752	DNA_methylase	PF00145.23	3.2e-34
Chequi_XP_021737999.1	17	389	DNA_methylase	PF00145.23	4e-37
Asub_XP_013345157.1	351	552	DNA_methylase	PF00145.23	2.9e-24
Asub_XP_013345157.1	588	646	DNA_methylase	PF00145.23	7.7e-11
Oari_XP_004014295.2	5	382	DNA_methylase	PF00145.23	3.3e-37
Mmer_XP_045175557.2	2	443	DNA_methylase	PF00145.23	8.1e-36
Mmer_XP_053384427.1	2	443	DNA_methylase	PF00145.23	8.1e-36
Bole_XP_013583495.1	393	752	DNA_methylase	PF00145.23	3.3e-34
Moncan_RYO73898.1	754	1139	DNA_methylase	PF00145.23	3.8e-37
Msp.MC138B_RYP16000.1	754	1139	DNA_methylase	PF00145.23	3.8e-37
Ares_XP_024722171.1	162	382	DNA_methylase	PF00145.23	2.9e-26
Ares_XP_024722171.1	399	459	DNA_methylase	PF00145.23	1.7e-08
Vbra_CEM37813.1	9	387	DNA_methylase	PF00145.23	3.7e-37
Cfio_XP_065612370.1	15	399	DNA_methylase	PF00145.23	4e-37
Vvin_XP_002275932.1	431	791	DNA_methylase	PF00145.23	7.7e-32
Taes_XP_044360249.1	529	891	DNA_methylase	PF00145.23	3.6e-33
Macu_XP_064953282.1	487	847	DNA_methylase	PF00145.23	1.8e-32
Omai_KIN01554.1	212	418	DNA_methylase	PF00145.23	1.1e-25
Omai_KIN01554.1	451	508	DNA_methylase	PF00145.23	2.4e-09
Mcan_XP_002847592.1	295	448	DNA_methylase	PF00145.23	3e-25
Mcan_XP_002847592.1	511	566	DNA_methylase	PF00145.23	1e-08
Macu_XP_064995094.1	487	847	DNA_methylase	PF00145.23	2e-32
Gmax_XP_006573534.1	426	791	DNA_methylase	PF00145.23	1.5e-32
Gaff_XP_043961183.1	5	390	DNA_methylase	PF00145.23	3.6e-37
Eoli_XP_016258566.1	272	457	DNA_methylase	PF00145.23	4.4e-25
Eoli_XP_016258566.1	504	569	DNA_methylase	PF00145.23	6.8e-10
Macu_XP_009390332.2	487	847	DNA_methylase	PF00145.23	1.8e-32
Bmus_XP_036699884.1	5	396	DNA_methylase	PF00145.23	3.6e-37
Exen_XP_013322147.1	634	998	DNA_methylase	PF00145.23	5e-37
Tree_XP_006964860.1	633	1027	DNA_methylase	PF00145.23	1.7e-36
Psever_XP_018127629.1	875	1084	DNA_methylase	PF00145.23	5.2e-27
Psever_XP_018127629.1	1113	1170	DNA_methylase	PF00145.23	8.1e-08
Rchi_XP_024196204.1	430	787	DNA_methylase	PF00145.23	1.5e-32
Ssur_XP_029810694.1	19	398	DNA_methylase	PF00145.23	3.6e-37
Ssur_XP_029810695.1	19	398	DNA_methylase	PF00145.23	3.6e-37
Chir_XP_005688036.2	5	382	DNA_methylase	PF00145.23	4.5e-37
Egla_KZV94075.1	677	1128	DNA_methylase	PF00145.23	2.2e-36
Obra_XP_015688302.1	54	410	DNA_methylase	PF00145.23	3.8e-37
Obra_XP_015688303.1	54	410	DNA_methylase	PF00145.23	3.8e-37
Mtru_XP_039682860.1	441	799	DNA_methylase	PF00145.23	3.1e-32
Neomel_ENSNMLP00000033065.1	3	337	DNA_methylase	PF00145.23	3.5e-37
Leeper_LPERR01G19250.1	8	363	DNA_methylase	PF00145.23	3.7e-37
Acom_XP_020103892.1	498	859	DNA_methylase	PF00145.23	1.5e-32
Xhev_XP_018187408.1	652	1070	DNA_methylase	PF00145.23	9.2e-37
Psp.SRC1lsM3a_OAK98334.1	291	466	DNA_methylase	PF00145.23	1.7e-23
Psp.SRC1lsM3a_OAK98334.1	518	588	DNA_methylase	PF00145.23	2e-11
Lcor_XP_017672752.1	45	414	DNA_methylase	PF00145.23	4.9e-37
Pcin_XP_020822523.1	8	372	DNA_methylase	PF00145.23	4.1e-37
Fgra_XP_011320094.1	255	426	DNA_methylase	PF00145.23	1.7e-26
Fgra_XP_011320094.1	491	544	DNA_methylase	PF00145.23	2.1e-08
Psp.03VT05_OBT85819.1	854	1045	DNA_methylase	PF00145.23	5.9e-27
Psp.03VT05_OBT85819.1	1092	1149	DNA_methylase	PF00145.23	6.1e-08
Scit_KIM55034.1	783	896	DNA_methylase	PF00145.23	8.6e-12
Scit_KIM55034.1	909	1225	DNA_methylase	PF00145.23	1.1e-21
Psp.VKMF4519_KFZ16511.1	822	1026	DNA_methylase	PF00145.23	4.7e-27
Psp.VKMF4519_KFZ16511.1	1060	1117	DNA_methylase	PF00145.23	7.8e-08
Psip_KAF2712181.1	317	505	DNA_methylase	PF00145.23	1.4e-28
Psip_KAF2712181.1	564	623	DNA_methylase	PF00145.23	3e-06
Oaus_PHH62052.1	641	1043	DNA_methylase	PF00145.23	1e-36
Fpse_XP_009262959.1	251	421	DNA_methylase	PF00145.23	1.8e-26
Fpse_XP_009262959.1	487	540	DNA_methylase	PF00145.23	2.1e-08
Esal_XP_006417360.1	396	749	DNA_methylase	PF00145.23	8.6e-33
Lper_XP_051182284.1	567	926	DNA_methylase	PF00145.23	3.8e-33
Pflo_XP_007881989.1	251	414	DNA_methylase	PF00145.23	3.4e-23
Pflo_XP_007881989.1	614	717	DNA_methylase	PF00145.23	1.1e-11
Tspe_TraesTSP4B01G249900.1	532	894	DNA_methylase	PF00145.23	1.6e-32
Mgui_KID89442.1	294	497	DNA_methylase	PF00145.23	3.8e-27
Mgui_KID89442.1	533	585	DNA_methylase	PF00145.23	1.2e-07
Olon_KN538739.1_FGP042	553	917	DNA_methylase	PF00145.23	3.9e-32
Fpoa_XP_044708021.1	253	421	DNA_methylase	PF00145.23	5.3e-26
Fpoa_XP_044708021.1	487	542	DNA_methylase	PF00145.23	1.1e-08
Hetame_CAH8578607.1	1	363	DNA_methylase	PF00145.23	1.4e-36
Tdic_XP_037427376.1	512	874	DNA_methylase	PF00145.23	1.7e-32
Mvit_XP_029817737.1	43	413	DNA_methylase	PF00145.23	6.9e-37
Lbic_XP_001873517.1	749	1240	DNA_methylase	PF00145.23	1.3e-34
Pvar_XP_028482373.1	632	1014	DNA_methylase	PF00145.23	1.1e-36
Omer_OMERI03G08550.1	573	937	DNA_methylase	PF00145.23	1.9e-31
Lsul_XP_040767259.1	683	907	DNA_methylase	PF00145.23	3.4e-24
Lsul_XP_040767259.1	1076	1147	DNA_methylase	PF00145.23	2e-09
Vvin_XP_002282454.2	15	381	DNA_methylase	PF00145.23	5.6e-37
Aost_SJL06388.1	760	1215	DNA_methylase	PF00145.23	1.2e-35
Mcal_MALCA_03995.mRNA.1	5	199	DNA_methylase	PF00145.23	2.7e-26
Mcal_MALCA_03995.mRNA.1	387	443	DNA_methylase	PF00145.23	1.9e-08
Dcay_XP_039122758.1	6	397	DNA_methylase	PF00145.23	1e-36
Fmed_XP_007267671.1	609	1074	DNA_methylase	PF00145.23	1e-35
Myes_XP_021368212.1	5	181	DNA_methylase	PF00145.23	1e-27
Myes_XP_021368212.1	431	519	DNA_methylase	PF00145.23	4.7e-07
Mhyb_KID69998.1	294	497	DNA_methylase	PF00145.23	4.8e-27
Mhyb_KID69998.1	526	585	DNA_methylase	PF00145.23	1.2e-07
Bjap_ENSBJAP00000004137.1	19	391	DNA_methylase	PF00145.23	1.2e-36
Ocaleo_RDA84984.1	671	850	DNA_methylase	PF00145.23	4.1e-29
Ocaleo_RDA84984.1	999	1096	DNA_methylase	PF00145.23	1.5e-05
Scam_XP_009671998.1	51	418	DNA_methylase	PF00145.23	1.1e-36
Mmaj_KIE00166.1	294	496	DNA_methylase	PF00145.23	3.9e-26
Mmaj_KIE00166.1	533	585	DNA_methylase	PF00145.23	1.7e-08
Thethe_XP_003660147.1	293	460	DNA_methylase	PF00145.23	2e-27
Thethe_XP_003660147.1	515	586	DNA_methylase	PF00145.23	2.8e-07
Svir_XP_034573381.1	582	943	DNA_methylase	PF00145.23	2.5e-32
Anam_XP_013427032.1	313	493	DNA_methylase	PF00145.23	2.8e-24
Anam_XP_013427032.1	542	607	DNA_methylase	PF00145.23	1.6e-10
Pver_KFH67520.1	8	414	DNA_methylase	PF00145.23	1.1e-36
Lang_XP_019421901.1	443	803	DNA_methylase	PF00145.23	2.6e-32
Dsp.KUC8613_KAA1469421.1	875	1312	DNA_methylase	PF00145.23	4.6e-35
Lang_XP_019421903.1	443	803	DNA_methylase	PF00145.23	2.6e-32
Gfor_XP_005418707.2	12	379	DNA_methylase	PF00145.23	8.2e-37
Lang_XP_019421900.1	455	815	DNA_methylase	PF00145.23	2.7e-32
Pucgra_XP_003322205.2	526	1067	DNA_methylase	PF00145.23	9.8e-35
Macr_XP_007807262.2	297	499	DNA_methylase	PF00145.23	3.4e-27
Macr_XP_007807262.2	536	589	DNA_methylase	PF00145.23	2.1e-07
Hvul_XP_065652480.1	6	379	DNA_methylase	PF00145.23	1.4e-36
Smer_ENSSMRP00000018012.1	92	461	DNA_methylase	PF00145.23	7.4e-37
Msp.5C6A_RYP75994.1	345	536	DNA_methylase	PF00145.23	9e-30
Aque_XP_019856377.1	30	282	DNA_methylase	PF00145.23	7.5e-37
Chequi_XP_021714306.1	411	769	DNA_methylase	PF00145.23	8e-32
Mrob_XP_007820025.1	294	497	DNA_methylase	PF00145.23	5.1e-27
Mrob_XP_007820025.1	533	585	DNA_methylase	PF00145.23	1.6e-07
Chig_XP_018164533.1	622	1004	DNA_methylase	PF00145.23	1e-36
Fexc_FRAEX38873_v2_000145880.1.cds	337	683	DNA_methylase	PF00145.23	3.2e-31
Hbic_XP_024742129.1	636	801	DNA_methylase	PF00145.23	1e-24
Hbic_XP_024742129.1	877	934	DNA_methylase	PF00145.23	9e-10
Bcin_XP_024553164.1	773	1168	DNA_methylase	PF00145.23	2.7e-36
Lper_XP_051208598.1	509	870	DNA_methylase	PF00145.23	2.9e-32
Tcar_ENSTMTP00000001583.1	12	380	DNA_methylase	PF00145.23	1.1e-36
Anan_XP_064224467.1	32	392	DNA_methylase	PF00145.23	8.3e-37
Chequi_XP_021752610.1	411	769	DNA_methylase	PF00145.23	5.3e-32
Chequi_XP_021752611.1	411	769	DNA_methylase	PF00145.23	5.3e-32
Hsub_KJA27122.1	931	1302	DNA_methylase	PF00145.23	5e-29
Vvin_XP_010651344.1	568	929	DNA_methylase	PF00145.23	4.4e-33
Phymac_XP_023972193.2	17	381	DNA_methylase	PF00145.23	9e-37
Pman_XP_042134018.1	4	372	DNA_methylase	PF00145.23	1.1e-36
Gros_RIB06217.1	70	164	DNA_methylase	PF00145.23	2.4e-18
Gros_RIB06217.1	175	299	DNA_methylase	PF00145.23	7.4e-13
Bcon_TGO61308.1	103	497	DNA_methylase	PF00145.23	2.2e-36
Kfed_Kaladp0058s0062.1.v1.1	16	359	DNA_methylase	PF00145.23	1.1e-36
Kfed_Kaladp0058s0062.2.v1.1	16	359	DNA_methylase	PF00145.23	1.1e-36
Scam_XP_068790758.1	4	370	DNA_methylase	PF00145.23	1.8e-36
Scam_XP_068790759.1	4	370	DNA_methylase	PF00145.23	1.8e-36
Scam_XP_068790760.1	4	370	DNA_methylase	PF00145.23	1.8e-36
Atau_XP_020150214.1	527	889	DNA_methylase	PF00145.23	1.7e-32
Taes_XP_044375982.1	527	889	DNA_methylase	PF00145.23	1.7e-32
Tspe_TraesTSP4D01G249300.1	527	889	DNA_methylase	PF00145.23	1.7e-32
Grai_XP_012467830.1	454	813	DNA_methylase	PF00145.23	6.7e-33
Tripar_OTA03316.1	755	1149	DNA_methylase	PF00145.23	3.2e-36
Atri_XP_020528963.1	740	1106	DNA_methylase	PF00145.23	3.4e-30
Bdis_XP_010230204.1	551	911	DNA_methylase	PF00145.23	2.7e-32
Tpse_XP_002295472.1	411	725	DNA_methylase	PF00145.23	8.3e-37
Sscl_XP_001591350.1	654	1047	DNA_methylase	PF00145.23	2e-36
Apru_XP_033392269.1	197	398	DNA_methylase	PF00145.23	1.1e-23
Apru_XP_033392269.1	424	488	DNA_methylase	PF00145.23	5.9e-11
Stub_XP_006354167.1	466	816	DNA_methylase	PF00145.23	1.1e-32
Dcor_XP_020131496.1	294	462	DNA_methylase	PF00145.23	3.3e-22
Dcor_XP_020131496.1	522	583	DNA_methylase	PF00145.23	3.1e-12
Bmin_symbB.v1.2.015309.t1|scaffold1138.1|size205980|8	721	1019	DNA_methylase	PF00145.23	4.8e-36
Ecru_scaffold11.441.cds	85	425	DNA_methylase	PF00145.23	1.2e-36
Rhimic_XP_037274394.1	10	330	DNA_methylase	PF00145.23	4.9e-36
Oniv_ONIVA03G09890.1	645	1009	DNA_methylase	PF00145.23	5.3e-31
Pyrtri_XP_001935966.1	313	518	DNA_methylase	PF00145.23	4.3e-25
Pyrtri_XP_001935966.1	551	609	DNA_methylase	PF00145.23	2.2e-09
Dronov_XP_025954455.2	70	438	DNA_methylase	PF00145.23	2.6e-36
Fven_XP_065464596.1	242	411	DNA_methylase	PF00145.23	4e-26
Fven_XP_065464596.1	478	531	DNA_methylase	PF00145.23	3.4e-08
Llei_ENSLLEP00000008488.1	5	82	DNA_methylase	PF00145.23	3e-13
Llei_ENSLLEP00000008488.1	87	365	DNA_methylase	PF00145.23	2.6e-21
Ecur_TVU47822.1	565	926	DNA_methylase	PF00145.23	2.6e-33
Oniv_ONIVA03G09890.2	645	1009	DNA_methylase	PF00145.23	5.5e-31
Hsp.EC38_OTA52921.1	768	1159	DNA_methylase	PF00145.23	2.9e-36
Bmin_symbB.v1.2.026655.t1|scaffold2685.1|size73058|2	791	1057	DNA_methylase	PF00145.23	3.6e-36
Atri_XP_020528964.1	739	1102	DNA_methylase	PF00145.23	4.6e-30
Llei_ENSLLEP00000008538.1	5	144	DNA_methylase	PF00145.23	1e-23
Llei_ENSLLEP00000008538.1	181	361	DNA_methylase	PF00145.23	9.7e-11
Bzei_XP_007710028.1	314	485	DNA_methylase	PF00145.23	5.5e-23
Bzei_XP_007710028.1	551	608	DNA_methylase	PF00145.23	2.7e-11
Gmax_XP_006590741.1	425	789	DNA_methylase	PF00145.23	1.3e-32
Pcor_PLW15788.1	627	1152	DNA_methylase	PF00145.23	4.8e-35
Lcan_XP_030176327.1	2	380	DNA_methylase	PF00145.23	1.5e-36
Pcor_PLW31317.1	627	1152	DNA_methylase	PF00145.23	4.8e-35
Gcla_XP_014170272.1	654	838	DNA_methylase	PF00145.23	7.7e-28
Gcla_XP_014170272.1	975	1057	DNA_methylase	PF00145.23	1.7e-06
Atri_XP_020528962.1	762	1125	DNA_methylase	PF00145.23	4.7e-30
Sita_XP_004958992.2	24	326	DNA_methylase	PF00145.23	1.9e-36
Brap_XP_033128952.1	392	751	DNA_methylase	PF00145.23	1.8e-33
Fexc_FRAEX38873_v2_000145880.2.cds	453	799	DNA_methylase	PF00145.23	4.8e-31
Csp.CBS132003_RMZ86258.1	349	538	DNA_methylase	PF00145.23	1.6e-27
Csp.CBS132003_RMZ86258.1	588	641	DNA_methylase	PF00145.23	7.7e-07
Hsp.CO275_OTA95243.1	768	1159	DNA_methylase	PF00145.23	3.4e-36
Pret_XP_008436478.1	5	101	DNA_methylase	PF00145.23	1e-16
Pret_XP_008436478.1	111	358	DNA_methylase	PF00145.23	1.1e-17
Atri_XP_006854149.3	785	1148	DNA_methylase	PF00145.23	4.9e-30
Mlus_KAL0140006.1	5	357	DNA_methylase	PF00145.23	1.4e-36
Ccin_XP_001829400.2	758	1205	DNA_methylase	PF00145.23	1.2e-34
Bnap_XP_048638120.1	392	751	DNA_methylase	PF00145.23	1.9e-33
Hchr_KFH43323.1	353	520	DNA_methylase	PF00145.23	1.7e-27
Hchr_KFH43323.1	591	643	DNA_methylase	PF00145.23	1.1e-06
Gthe_XP_005834789.1	11	377	DNA_methylase	PF00145.23	1.8e-36
Aarb_XP_028508962.1	314	486	DNA_methylase	PF00145.23	8.5e-24
Aarb_XP_028508962.1	550	607	DNA_methylase	PF00145.23	2e-10
Oeur_XP_022890680.1	462	822	DNA_methylase	PF00145.23	4.5e-32
Phir_KAI8904908.1	412	527	DNA_methylase	PF00145.23	1.6e-28
Phir_KAI8904908.1	622	691	DNA_methylase	PF00145.23	1.4e-05
Csp.CBS134916_RMZ92590.1	397	567	DNA_methylase	PF00145.23	4.7e-27
Csp.CBS134916_RMZ92590.1	629	690	DNA_methylase	PF00145.23	3.8e-07
Bhya_TGO39172.1	774	1168	DNA_methylase	PF00145.23	3.8e-36
Astrub_XP_033640971.1	11	441	DNA_methylase	PF00145.23	9.4e-35
Hame_XP_042205886.1	9	381	DNA_methylase	PF00145.23	2.3e-36
Hame_XP_042205887.1	9	381	DNA_methylase	PF00145.23	2.3e-36
Hame_XP_042205888.1	9	381	DNA_methylase	PF00145.23	2.3e-36
Hame_XP_042205889.1	9	381	DNA_methylase	PF00145.23	2.3e-36
Hame_XP_042205890.1	9	381	DNA_methylase	PF00145.23	2.3e-36
Psom_XP_026441863.1	15	379	DNA_methylase	PF00145.23	2.9e-36
Hame_XP_042205885.1	11	383	DNA_methylase	PF00145.23	2.4e-36
Lpus_KAA6413816.1	689	893	DNA_methylase	PF00145.23	3.6e-28
Lpus_KAA6413816.1	924	972	DNA_methylase	PF00145.23	5e-06
Portri_XP_045113171.1	68	205	DNA_methylase	PF00145.23	2.5e-22
Portri_XP_045113171.1	257	401	DNA_methylase	PF00145.23	6.1e-12
Uvir_XP_042998574.1	669	1061	DNA_methylase	PF00145.23	3.1e-36
Natt_XP_019255418.1	12	368	DNA_methylase	PF00145.23	2e-36
Seccer_SECCE7Rv1G0474140.1	545	907	DNA_methylase	PF00145.23	2.4e-32
Pisver_XP_031264333.1	449	807	DNA_methylase	PF00145.23	1.2e-31
Natt_XP_019257575.1	518	868	DNA_methylase	PF00145.23	3.1e-33
Pdes_XP_024328520.1	817	1027	DNA_methylase	PF00145.23	2.3e-26
Pdes_XP_024328520.1	1053	1111	DNA_methylase	PF00145.23	6.6e-08
Hame_XP_042205884.1	20	392	DNA_methylase	PF00145.23	2.6e-36
Amac_KNE66646.1	524	928	DNA_methylase	PF00145.23	1.3e-34
Pent_GMS95699.1	49	274	DNA_methylase	PF00145.23	5.6e-25
Pent_GMS95699.1	293	346	DNA_methylase	PF00145.23	3e-09
Ccit_KAF8040001.1	479	839	DNA_methylase	PF00145.23	2.4e-32
Pisver_XP_031264334.1	448	806	DNA_methylase	PF00145.23	1.2e-31
Cjav_TQV93241.1	309	455	DNA_methylase	PF00145.23	3.4e-20
Cjav_TQV93241.1	503	574	DNA_methylase	PF00145.23	9.4e-12
Mesc_XP_021622301.1	448	815	DNA_methylase	PF00145.23	9.2e-32
Panhal_XP_025818549.1	8	349	DNA_methylase	PF00145.23	2.2e-36
Phys_PGH26565.1	641	1020	DNA_methylase	PF00145.23	3.1e-36
Dtin_RWS16358.1	4	332	DNA_methylase	PF00145.23	2.4e-36
Pman_XP_042134017.1	31	390	DNA_methylase	PF00145.23	3.2e-36
Dque_KZT70140.1	759	1220	DNA_methylase	PF00145.23	1.2e-34
Fcof_XP_031011816.1	234	404	DNA_methylase	PF00145.23	9.4e-25
Fcof_XP_031011816.1	470	522	DNA_methylase	PF00145.23	3.3e-09
Mbru_XP_014541725.1	294	497	DNA_methylase	PF00145.23	1.3e-26
Mbru_XP_014541725.1	533	585	DNA_methylase	PF00145.23	1.9e-07
Msp.DMIDodQoI_KAE8453267.1	770	1202	DNA_methylase	PF00145.23	7.6e-36
Neomel_ENSNMLP00000033064.1	5	145	DNA_methylase	PF00145.23	1.8e-24
Neomel_ENSNMLP00000033064.1	211	352	DNA_methylase	PF00145.23	1.1e-09
Lbru_RDX46698.1	670	887	DNA_methylase	PF00145.23	4.4e-25
Lbru_RDX46698.1	1081	1136	DNA_methylase	PF00145.23	6.3e-08
Odeg_XP_023557933.1	5	180	DNA_methylase	PF00145.23	1.4e-27
Odeg_XP_023557933.1	201	254	DNA_methylase	PF00145.23	5.7e-07
Smoe_XP_024535128.1	637	990	DNA_methylase	PF00145.23	1.9e-32
Oglu_OGLUM03G09260.1	574	938	DNA_methylase	PF00145.23	6.5e-31
Rsp.NJR2017aBBW_PQE29609.1	631	1068	DNA_methylase	PF00145.23	3.1e-35
Fexc_FRAEX38873_v2_000312250.2.cds	448	808	DNA_methylase	PF00145.23	2.9e-31
Ggal_XP_040536829.1	5	376	DNA_methylase	PF00145.23	3.8e-36
Asat_cds.AVESA.00001b.r3.3Ag0001570.1	8	368	DNA_methylase	PF00145.23	2.9e-36
Asat_cds.AVESA.00001b.r3.3Ag0001570.2	8	368	DNA_methylase	PF00145.23	2.9e-36
Smer_ENSSMRP00000018016.1	5	364	DNA_methylase	PF00145.23	1.1e-34
Lper_XP_051197690.1	573	933	DNA_methylase	PF00145.23	1.5e-32
Fexc_FRAEX38873_v2_000312250.1.cds	463	822	DNA_methylase	PF00145.23	3.2e-31
Sesind_XP_011089105.1	464	824	DNA_methylase	PF00145.23	2.5e-31
Msp.GIB2_RYP21527.1	358	552	DNA_methylase	PF00145.23	2.3e-29
Mril_OAA50557.1	615	1012	DNA_methylase	PF00145.23	8.8e-36
Cgou_RLW11189.1	5	377	DNA_methylase	PF00145.23	4.1e-36
Jreg_XP_018834793.1	14	385	DNA_methylase	PF00145.23	3.6e-36
Jreg_XP_018834794.1	14	385	DNA_methylase	PF00145.23	3.6e-36
Arep_ORZ20365.1	5	306	DNA_methylase	PF00145.23	4.2e-35
Mrob_XP_007820646.1	683	1083	DNA_methylase	PF00145.23	5.3e-36
Asat_cds.AVESA.00001b.r3.3Dg0001130.3	8	368	DNA_methylase	PF00145.23	3.5e-36
Csub_KAK1971774.1	1159	1543	DNA_methylase	PF00145.23	4.7e-36
Smus_XP_016764653.1	310	489	DNA_methylase	PF00145.23	2.6e-25
Smus_XP_016764653.1	528	614	DNA_methylase	PF00145.23	7.7e-09
Csp.2T21_KAB5526360.1	728	1112	DNA_methylase	PF00145.23	4.1e-36
Mril_OAA42752.1	292	463	DNA_methylase	PF00145.23	1.7e-26
Mril_OAA42752.1	523	582	DNA_methylase	PF00145.23	1.7e-07
Ipotri_XP_031090547.1	506	855	DNA_methylase	PF00145.23	2.7e-31
Etef_Et_s3126-0.33-1.mrna1	493	857	DNA_methylase	PF00145.23	1.7e-31
Psom_XP_026460232.1	15	387	DNA_methylase	PF00145.23	5.6e-36
Sdau_ENSSDAP00000003300.1	26	386	DNA_methylase	PF00145.23	3.8e-36
Cleu_ROW16573.1	309	500	DNA_methylase	PF00145.23	1.3e-27
Cleu_ROW16573.1	541	592	DNA_methylase	PF00145.23	3.6e-06
Pavi_XP_021821423.1	475	833	DNA_methylase	PF00145.23	2.9e-31
Ogla_XP_052150452.1	645	1009	DNA_methylase	PF00145.23	5.5e-30
Dlab_XP_051266220.1	25	379	DNA_methylase	PF00145.23	6.3e-36
Pavi_XP_021821424.1	472	830	DNA_methylase	PF00145.23	2.9e-31
Them_CEJ94948.1	129	322	DNA_methylase	PF00145.23	5.7e-28
Them_CEJ94948.1	466	531	DNA_methylase	PF00145.23	6.7e-06
Pdul_XP_034218449.1	475	833	DNA_methylase	PF00145.23	2.8e-31
Oeur_XP_022890682.1	462	821	DNA_methylase	PF00145.23	1.3e-31
Cave_XP_059459766.1	14	385	DNA_methylase	PF00145.23	4.6e-36
Ctan_TKW60183.1	713	1105	DNA_methylase	PF00145.23	8.2e-36
Sfas_XP_029943439.1	5	338	DNA_methylase	PF00145.23	4.7e-36
Pter_EFQ88154.1	314	517	DNA_methylase	PF00145.23	6.8e-25
Pter_EFQ88154.1	552	609	DNA_methylase	PF00145.23	8.1e-09
Pruper_XP_020421159.1	482	840	DNA_methylase	PF00145.23	2.8e-31
Halb_XP_020438757.1	38	384	DNA_methylase	PF00145.23	4.7e-36
Pfis_GMT24327.1	11	224	DNA_methylase	PF00145.23	1.5e-24
Pfis_GMT24327.1	253	307	DNA_methylase	PF00145.23	1.7e-09
Sollyc_XP_069151771.1	388	738	DNA_methylase	PF00145.23	6.7e-32
Tben_XP_003014317.1	278	446	DNA_methylase	PF00145.23	3.3e-31
Razy_RCH89999.1	5	346	DNA_methylase	PF00145.23	5.4e-36
Tlon_PTB77391.1	755	1152	DNA_methylase	PF00145.23	2.2e-35
Arab_XP_038797916.1	334	548	DNA_methylase	PF00145.23	4.1e-29
Arab_XP_038797916.1	546	620	DNA_methylase	PF00145.23	5.1e-05
Scil_XP_065192111.1	12	179	DNA_methylase	PF00145.23	1.4e-25
Scil_XP_065192111.1	412	468	DNA_methylase	PF00145.23	3e-08
Pory_XP_003718076.1	737	781	DNA_methylase	PF00145.23	4.5e-05
Pory_XP_003718076.1	830	1141	DNA_methylase	PF00145.23	1.2e-28
Pdul_XP_034222356.1	475	833	DNA_methylase	PF00145.23	2.8e-31
Ppat_XP_024390498.1	12	440	DNA_methylase	PF00145.23	2.4e-35
Schl_KFA67018.1	511	907	DNA_methylase	PF00145.23	5.4e-35
Mgui_KID91751.1	683	1082	DNA_methylase	PF00145.23	1.2e-35
Fodo_XP_031063068.1	801	1200	DNA_methylase	PF00145.23	4.8e-35
Epus_XP_007806169.1	487	698	DNA_methylase	PF00145.23	2.1e-25
Epus_XP_007806169.1	722	781	DNA_methylase	PF00145.23	3.2e-08
Foxy_XP_031035357.2	803	1202	DNA_methylase	PF00145.23	6e-35
Fnyg_PNP73488.1	802	1201	DNA_methylase	PF00145.23	4.6e-35
Phavul_XP_068497219.1	12	375	DNA_methylase	PF00145.23	6e-36
Cann_XP_047251624.1	11	369	DNA_methylase	PF00145.23	7.2e-36
Mesc_XP_021597764.1	14	363	DNA_methylase	PF00145.23	6.6e-36
Phub_XP_012187764.1	116	305	DNA_methylase	PF00145.23	1.2e-27
Phub_XP_012187764.1	477	541	DNA_methylase	PF00145.23	5.8e-06
Sollyc_XP_004228597.2	468	818	DNA_methylase	PF00145.23	8.4e-32
Avit_KAL3985272.1	1	334	DNA_methylase	PF00145.23	6.4e-36
Dcor_XP_020133385.1	734	1118	DNA_methylase	PF00145.23	9.2e-36
Sita_XP_012701257.1	8	349	DNA_methylase	PF00145.23	6.4e-36
Slyc_RAR08341.1	317	488	DNA_methylase	PF00145.23	4.7e-23
Slyc_RAR08341.1	556	612	DNA_methylase	PF00145.23	1.3e-10
Slac_XP_007313106.1	735	1192	DNA_methylase	PF00145.23	7.8e-35
Pmaj_XP_015474561.1	5	368	DNA_methylase	PF00145.23	8.4e-36
Mpha_XP_036146123.1	924	1184	DNA_methylase	PF00145.23	5.5e-36
Ceur_XP_008711321.1	737	1102	DNA_methylase	PF00145.23	1.5e-35
Digexi_KAF8691206.1	8	349	DNA_methylase	PF00145.23	6.5e-36
Mmaj_KID99653.1	683	1082	DNA_methylase	PF00145.23	1.7e-35
Svir_XP_034598421.1	8	349	DNA_methylase	PF00145.23	6.7e-36
Rnec_GAP87161.1	317	612	DNA_methylase	PF00145.23	9.6e-33
Ctof_GKT55587.1	758	1142	DNA_methylase	PF00145.23	6.8e-35
Sollyc_XP_019069180.1	499	849	DNA_methylase	PF00145.23	9.1e-32
Psom_XP_026440613.1	415	781	DNA_methylase	PF00145.23	6.5e-31
Sfas_XP_029943437.1	5	345	DNA_methylase	PF00145.23	8.1e-36
Bden_XP_006675639.1	8	347	DNA_methylase	PF00145.23	7.7e-36
Ipotri_XP_031091607.1	17	379	DNA_methylase	PF00145.23	8.9e-36
Gloz_XP_008085870.1	369	576	DNA_methylase	PF00145.23	1.4e-22
Gloz_XP_008085870.1	603	673	DNA_methylase	PF00145.23	7e-11
Casi_KAL3296455.1	718	1102	DNA_methylase	PF00145.23	1.2e-35
Ggra_EJT75442	693	1072	DNA_methylase	PF00145.23	3.7e-35
Aowe_ENSAOWP00000005124.1	5	370	DNA_methylase	PF00145.23	1.5e-35
Lang_XP_019422756.1	458	818	DNA_methylase	PF00145.23	2.2e-31
Ncol_XP_031480392.1	15	405	DNA_methylase	PF00145.23	9.6e-36
Ncol_XP_031480552.1	15	352	DNA_methylase	PF00145.23	1e-35
Sollyc_NP_001353690.1	11	371	DNA_methylase	PF00145.23	1.1e-35
Cpos_XP_065979619.1	533	916	DNA_methylase	PF00145.23	1.3e-35
Qsub_XP_023891955.2	17	380	DNA_methylase	PF00145.23	9.8e-36
Pcer_TFK68239.1	767	1233	DNA_methylase	PF00145.23	5.7e-34
Sgla_L893_g5790.t1	23	340	DNA_methylase	PF00145.23	1e-35
Plae_KAI0986263.1	9	369	DNA_methylase	PF00145.23	1.3e-35
Lmac_KAF2655768.1	332	524	DNA_methylase	PF00145.23	4.9e-24
Lmac_KAF2655768.1	587	647	DNA_methylase	PF00145.23	1.7e-09
Colglo_XP_045265289.1	551	935	DNA_methylase	PF00145.23	1.6e-35
Bpor_XP_038775729.1	773	1166	DNA_methylase	PF00145.23	2.9e-35
Cann_XP_016576845.1	579	928	DNA_methylase	PF00145.23	6e-32
Mani_KAF5138267.1	294	497	DNA_methylase	PF00145.23	7.9e-27
Mani_KAF5138267.1	533	585	DNA_methylase	PF00145.23	1.4e-06
Xhyp_TGJ81862.1	715	1098	DNA_methylase	PF00145.23	2.6e-35
Altten_RYO55158.1	314	490	DNA_methylase	PF00145.23	4.6e-23
Altten_RYO55158.1	555	607	DNA_methylase	PF00145.23	3.1e-10
Aalt_XP_018390561.1	314	490	DNA_methylase	PF00145.23	4.6e-23
Aalt_XP_018390561.1	555	607	DNA_methylase	PF00145.23	3.1e-10
Kimp_XP_021869425.1	313	725	DNA_methylase	PF00145.23	8.9e-35
Smer_ENSSMRP00000018015.1	5	82	DNA_methylase	PF00145.23	1.2e-12
Smer_ENSSMRP00000018015.1	89	368	DNA_methylase	PF00145.23	6.9e-21
Lang_XP_019424700.1	10	362	DNA_methylase	PF00145.23	1.3e-35
Lang_XP_019424701.1	10	362	DNA_methylase	PF00145.23	1.3e-35
Lang_XP_019422760.1	458	800	DNA_methylase	PF00145.23	3.8e-31
Natt_XP_019224120.1	472	822	DNA_methylase	PF00145.23	3.3e-32
Cpyg_ENSCPGP00000020427.1	5	368	DNA_methylase	PF00145.23	1.9e-35
Dcar_XP_063946640.1	1424	1481	DNA_methylase	PF00145.23	9.9e-08
Dcar_XP_063946640.1	1484	1735	DNA_methylase	PF00145.23	4.5e-21
Espi_XP_016240846.1	238	417	DNA_methylase	PF00145.23	9e-24
Espi_XP_016240846.1	470	535	DNA_methylase	PF00145.23	1.2e-09
Shab_XP_030339147.1	5	370	DNA_methylase	PF00145.23	1.9e-35
Mtru_XP_003593226.1	7	372	DNA_methylase	PF00145.23	1.5e-35
Mspi_ENSMSIP00000028056.1	5	142	DNA_methylase	PF00145.23	1.6e-23
Mspi_ENSMSIP00000028056.1	272	359	DNA_methylase	PF00145.23	6e-10
Sbic_XP_021311214.1	8	347	DNA_methylase	PF00145.23	1.4e-35
Tbor_PUU81552.1	539	924	DNA_methylase	PF00145.23	5.4e-35
Nfur_XP_015810323.1	5	106	DNA_methylase	PF00145.23	1.2e-18
Nfur_XP_015810323.1	111	352	DNA_methylase	PF00145.23	1e-14
Sbor_ESZ94088.1	720	1110	DNA_methylase	PF00145.23	2.6e-35
Vlon_CRK16672.1	320	485	DNA_methylase	PF00145.23	2.2e-26
Vlon_CRK16672.1	549	612	DNA_methylase	PF00145.23	7.1e-07
Smoe_XP_024520319.1	652	1007	DNA_methylase	PF00145.23	1.1e-31
Hmar_RDB29208.1	758	1221	DNA_methylase	PF00145.23	1.5e-34
Sspo_Sspon.03G0029610-1B-mRNA-1:cds	488	918	DNA_methylase	PF00145.23	2e-33
Bgal_THV49825.1	741	1135	DNA_methylase	PF00145.23	3.6e-35
Phisub_CZR65981.1	522	734	DNA_methylase	PF00145.23	1.2e-25
Phisub_CZR65981.1	760	815	DNA_methylase	PF00145.23	1.6e-07
Qlob_XP_030951476.1	17	386	DNA_methylase	PF00145.23	1.6e-35
Mlib_KZZ92413.1	781	1167	DNA_methylase	PF00145.23	7.4e-35
Cmil_XP_006669042.1	692	1100	DNA_methylase	PF00145.23	2.4e-35
Uree_XP_002584776.1	585	969	DNA_methylase	PF00145.23	2.1e-35
Samp_TRM61633.1	787	1155	DNA_methylase	PF00145.23	1.1e-31
Gaeg_XP_041367479.1	4	229	DNA_methylase	PF00145.23	1.4e-27
Gaeg_XP_041367479.1	473	549	DNA_methylase	PF00145.23	1e-05
Ggor_XP_055208209.1	5	364	DNA_methylase	PF00145.23	1.8e-35
Macpha_EKG13760.1	318	487	DNA_methylase	PF00145.23	2.4e-22
Macpha_EKG13760.1	556	607	DNA_methylase	PF00145.23	6.3e-11
Lstr_XP_021407361.1	5	368	DNA_methylase	PF00145.23	2.1e-35
Rchi_XP_024166143.1	10	376	DNA_methylase	PF00145.23	1.6e-35
Bbro_OAA40157.1	284	439	DNA_methylase	PF00145.23	7.9e-22
Bbro_OAA40157.1	482	559	DNA_methylase	PF00145.23	3.3e-11
Esal_XP_024008467.1	404	759	DNA_methylase	PF00145.23	3.4e-31
Fpro_XP_031081957.1	798	984	DNA_methylase	PF00145.23	1.1e-28
Bmal_XP_042937341.1	20	351	DNA_methylase	PF00145.23	1.7e-35
Bbas_XP_008598218.1	684	1080	DNA_methylase	PF00145.23	5.2e-35
Razy_RCH88143.1	5	346	DNA_methylase	PF00145.23	2.1e-35
Hetame_CAH8578624.1	1	360	DNA_methylase	PF00145.23	4.9e-35
Eucgra_XP_039163053.1	533	893	DNA_methylase	PF00145.23	9.5e-32
Tcit_XP_024745229.1	682	1076	DNA_methylase	PF00145.23	4.3e-35
Ttur_VAI62776.1	304	687	DNA_methylase	PF00145.23	2.1e-33
Bell_KAF7916714.1	774	1168	DNA_methylase	PF00145.23	5.6e-35
Ftin_ENSFTIP00000009100.1	8	378	DNA_methylase	PF00145.23	2.8e-35
Lper_XP_051224890.1	24	384	DNA_methylase	PF00145.23	2.2e-35
Apul_XP_029761712.1	345	523	DNA_methylase	PF00145.23	5.9e-26
Apul_XP_029761712.1	585	639	DNA_methylase	PF00145.23	3.1e-07
Fver_XP_018759005.1	803	1002	DNA_methylase	PF00145.23	2.7e-28
Cofcan_CDP11566.1	1154	1470	DNA_methylase	PF00145.23	9.2e-29
Ccan_XP_020041212.1	22	382	DNA_methylase	PF00145.23	2.2e-35
Stub_XP_006364271.1	11	371	DNA_methylase	PF00145.23	2.6e-35
Osat_XP_015621754.1	8	365	DNA_methylase	PF00145.23	2.4e-35
Fver_XP_018759004.1	803	1002	DNA_methylase	PF00145.23	2.8e-28
Csp.DSE1049_PVH87906.1	650	1045	DNA_methylase	PF00145.23	5.8e-35
Phisub_CZR57572.1	784	1183	DNA_methylase	PF00145.23	5.5e-35
Fexc_FRAEX38873_v2_000198990.1.cds	1123	1168	DNA_methylase	PF00145.23	7.6e-06
Fexc_FRAEX38873_v2_000198990.1.cds	1209	1293	DNA_methylase	PF00145.23	2.3e-12
Fexc_FRAEX38873_v2_000198990.1.cds	1453	1524	DNA_methylase	PF00145.23	2.2e-14
Mhyb_KID63143.1	683	1083	DNA_methylase	PF00145.23	3.6e-35
Symmic_OLP74997.1	222	499	DNA_methylase	PF00145.23	9.2e-33
Pdul_XP_034198376.1	14	380	DNA_methylase	PF00145.23	2.4e-35
Pspo_XP_018037463.1	308	480	DNA_methylase	PF00145.23	1.1e-24
Pspo_XP_018037463.1	545	596	DNA_methylase	PF00145.23	2.4e-08
Bpah_KAK6107811.1	20	351	DNA_methylase	PF00145.23	2.3e-35
Bpae_TGO20845.1	772	1166	DNA_methylase	PF00145.23	5.5e-35
Tpra_XP_045817729.1	7	370	DNA_methylase	PF00145.23	2.3e-35
Tpra_XP_045818343.1	7	370	DNA_methylase	PF00145.23	2.3e-35
Pcau_XP_014675617.1	30	167	DNA_methylase	PF00145.23	1.3e-28
Llei_ENSLLEP00000008445.1	5	106	DNA_methylase	PF00145.23	5.5e-17
Llei_ENSLLEP00000008445.1	110	367	DNA_methylase	PF00145.23	2.7e-16
Bnar_TGO52052.1	775	1168	DNA_methylase	PF00145.23	4.7e-35
Ttur_VAI51229.1	304	687	DNA_methylase	PF00145.23	4.9e-33
Cven_RPA95074.1	540	925	DNA_methylase	PF00145.23	7.3e-35
Scha_KFA79069.1	690	1086	DNA_methylase	PF00145.23	2.7e-34
Cocimm_XP_001247991.2	610	993	DNA_methylase	PF00145.23	3.2e-35
Pgig_KIP04341.1	765	1144	DNA_methylase	PF00145.23	2.8e-31
Priarc_PARCANUS000018273.t1	11	323	DNA_methylase	PF00145.23	2.6e-33
Pavi_XP_021828694.1	14	380	DNA_methylase	PF00145.23	2.7e-35
Amac_KNE62328.1	55	222	DNA_methylase	PF00145.23	3e-26
Amac_KNE62328.1	410	458	DNA_methylase	PF00145.23	6.4e-07
Btul_TGO11691.1	773	1167	DNA_methylase	PF00145.23	5.4e-35
Psat_XP_050880895.1	7	368	DNA_methylase	PF00145.23	3.5e-35
Symmic_OLP73226.1	74	386	DNA_methylase	PF00145.23	4.7e-35
Cgra_XP_008095792.1	617	1001	DNA_methylase	PF00145.23	4e-35
Ffuj_XP_023433955.1	779	963	DNA_methylase	PF00145.23	1.9e-28
Bdis_XP_010232015.1	8	368	DNA_methylase	PF00145.23	2.6e-35
Ophpol_RCI12896.1	656	833	DNA_methylase	PF00145.23	2.7e-27
Ophpol_RCI12896.1	995	1070	DNA_methylase	PF00145.23	1e-05
Scan_XP_030089927.1	5	367	DNA_methylase	PF00145.23	3.8e-35
Gand_KAE9411388.1	1303	1531	DNA_methylase	PF00145.23	2.1e-22
Gand_KAE9411388.1	1697	1778	DNA_methylase	PF00145.23	4.5e-09
Pocchl_XP_018143272.1	543	941	DNA_methylase	PF00145.23	1.4e-34
Mnem_XP_070926528.1	5	359	DNA_methylase	PF00145.23	3.1e-35
Ncol_XP_031480628.1	15	338	DNA_methylase	PF00145.23	4.2e-35
Lang_XP_019422758.1	438	803	DNA_methylase	PF00145.23	1.4e-30
Smoe_XP_024520318.1	636	1010	DNA_methylase	PF00145.23	5.8e-31
Smoe_XP_024520317.1	637	1011	DNA_methylase	PF00145.23	5.8e-31
Mpoa_KLU83146.1	329	471	DNA_methylase	PF00145.23	7e-24
Mpoa_KLU83146.1	493	544	DNA_methylase	PF00145.23	4.4e-09
Ssur_XP_029810698.1	16	375	DNA_methylase	PF00145.23	3.4e-35
Vung_XP_027931008.1	13	377	DNA_methylase	PF00145.23	3.4e-35
Pruper_XP_007223053.1	14	380	DNA_methylase	PF00145.23	3.6e-35
Zlat_ENSZLMP00000002847.1	2	358	DNA_methylase	PF00145.23	3.9e-35
Smoe_XP_024520316.1	652	1026	DNA_methylase	PF00145.23	6e-31
Obar_OBART03G09160.2	595	939	DNA_methylase	PF00145.23	1.3e-29
Obar_OBART03G09160.1	595	939	DNA_methylase	PF00145.23	1.3e-29
Cinc_KZL72064.1	816	1200	DNA_methylase	PF00145.23	1.4e-34
Rsp.NJR2017aBBW_PQE23455.1	437	602	DNA_methylase	PF00145.23	3.3e-26
Rsp.NJR2017aBBW_PQE23455.1	656	734	DNA_methylase	PF00145.23	1.3e-06
Vina_RDI78551.1	325	486	DNA_methylase	PF00145.23	6.5e-19
Vina_RDI78551.1	542	607	DNA_methylase	PF00145.23	4.5e-14
Lang_XP_019422759.1	435	800	DNA_methylase	PF00145.23	1.7e-30
Achi_PSS11134.1	14	377	DNA_methylase	PF00145.23	3.6e-35
Obar_OBART03G09160.3	595	939	DNA_methylase	PF00145.23	1.4e-29
Alyr_XP_020876195.1	14	352	DNA_methylase	PF00145.23	3.6e-35
Ecre_PGH30445.1	660	1038	DNA_methylase	PF00145.23	5.4e-35
Pcau_XP_014675616.1	30	193	DNA_methylase	PF00145.23	1.1e-28
Mung_XP_060228949.1	5	348	DNA_methylase	PF00145.23	3.9e-35
Gevg_XP_030406305.1	51	411	DNA_methylase	PF00145.23	6.3e-35
Cruf_ENSCRFP00000007093.1	5	369	DNA_methylase	PF00145.23	4.9e-35
Lang_XP_019422755.1	458	823	DNA_methylase	PF00145.23	1.8e-30
Vvir_KAF2237737.1	368	539	DNA_methylase	PF00145.23	2.7e-25
Vvir_KAF2237737.1	603	658	DNA_methylase	PF00145.23	1.3e-07
Osat_XP_015621764.1	8	360	DNA_methylase	PF00145.23	6.2e-35
Bvul_XP_048496749.1	446	781	DNA_methylase	PF00145.23	7.8e-29
Mcal_MALCA_00255.mRNA.1	1	41	DNA_methylase	PF00145.23	1.2e-05
Mcal_MALCA_00255.mRNA.1	71	279	DNA_methylase	PF00145.23	5.5e-27
Emul_CDS35898.1	1	353	DNA_methylase	PF00145.23	9.3e-35
Ndit_KPM34012.1	757	941	DNA_methylase	PF00145.23	2.5e-27
Ndit_KPM34012.1	1082	1155	DNA_methylase	PF00145.23	1.7e-05
Xgra_RWA06521.1	330	483	DNA_methylase	PF00145.23	3.3e-24
Xgra_RWA06521.1	531	609	DNA_methylase	PF00145.23	1.6e-08
Rrox_XP_010353059.1	5	359	DNA_methylase	PF00145.23	2.7e-33
Ogla_XP_052142475.1	8	365	DNA_methylase	PF00145.23	5.3e-35
Oeur_XP_022886913.1	568	930	DNA_methylase	PF00145.23	1.2e-33
Sros_XP_004993491.1	19	189	DNA_methylase	PF00145.23	8.4e-27
Sros_XP_004993491.1	419	503	DNA_methylase	PF00145.23	4.5e-06
Bjun_cds.BjuA06g34980S	392	779	DNA_methylase	PF00145.23	8.7e-32
Ecab_XP_070111037.1	56	415	DNA_methylase	PF00145.23	6.6e-35
Tcac_XP_017983314.1	14	382	DNA_methylase	PF00145.23	6.2e-35
Bcal_TEY84248.1	559	772	DNA_methylase	PF00145.23	1.2e-24
Bcal_TEY84248.1	797	853	DNA_methylase	PF00145.23	1.2e-07
Epas_OJD19732.1	660	1039	DNA_methylase	PF00145.23	7.4e-35
Xgra_RWA04955.1	1321	1700	DNA_methylase	PF00145.23	1.1e-34
Ahed_KAF1989109.1	279	582	DNA_methylase	PF00145.23	4.9e-32
Seccer_SECCE3Rv1G0180200.1	8	368	DNA_methylase	PF00145.23	6.5e-35
Hfer_GBG27196.1	18	396	DNA_methylase	PF00145.23	4.4e-35
Tmel_XP_002837027.1	534	919	DNA_methylase	PF00145.23	1.7e-34
Rall_EPZ35218.1	3	335	DNA_methylase	PF00145.23	6.9e-35
Zrhi_KAF2195686.1	239	415	DNA_methylase	PF00145.23	6.7e-28
Ccyl_RDW68006.1	760	1149	DNA_methylase	PF00145.23	1e-34
Espi_XP_016235284.1	593	950	DNA_methylase	PF00145.23	7.3e-35
Valf_XP_003007578.1	320	485	DNA_methylase	PF00145.23	2.1e-26
Valf_XP_003007578.1	557	612	DNA_methylase	PF00145.23	5.2e-06
Mnem_XP_011750388.2	5	82	DNA_methylase	PF00145.23	4.4e-12
Mnem_XP_011750388.2	87	363	DNA_methylase	PF00145.23	8.7e-21
Calmil_XP_007896371.1	25	356	DNA_methylase	PF00145.23	8.3e-35
Rros_XP_047784110.1	779	1230	DNA_methylase	PF00145.23	3.4e-33
Phir_KAI8903433.1	436	584	DNA_methylase	PF00145.23	2.8e-27
Phir_KAI8903433.1	634	714	DNA_methylase	PF00145.23	2.1e-05
Phir_KAI8912386.1	436	584	DNA_methylase	PF00145.23	2.8e-27
Phir_KAI8912386.1	634	714	DNA_methylase	PF00145.23	2.1e-05
Cmic_TEB38562.1	759	1189	DNA_methylase	PF00145.23	4.1e-34
Mror_KAI3612094.1	755	1249	DNA_methylase	PF00145.23	4.2e-32
Tgel_XP_025252573.1	5	360	DNA_methylase	PF00145.23	7.2e-35
Fcyl_OEU15938.1	387	574	DNA_methylase	PF00145.23	4.7e-34
Ttur_VAH77485.1	8	345	DNA_methylase	PF00145.23	7e-35
Mfru_KAA8566113.1	1222	1616	DNA_methylase	PF00145.23	2.4e-34
Spar_KLO20160.1	587	983	DNA_methylase	PF00145.23	2.7e-30
Pkin_XP_023688446.1	584	769	DNA_methylase	PF00145.23	1.1e-34
Oruf_ORUFI01G25280.1	8	336	DNA_methylase	PF00145.23	9.6e-35
Ccuc_KAI8371947.1	6	310	DNA_methylase	PF00145.23	4.1e-34
Psin_XP_025038614.1	18	381	DNA_methylase	PF00145.23	8.1e-35
Ccae_XP_023776029.1	5	82	DNA_methylase	PF00145.23	5.1e-12
Ccae_XP_023776029.1	87	372	DNA_methylase	PF00145.23	1.5e-20
Oniv_ONIVA01G25610.1	8	336	DNA_methylase	PF00145.23	1e-34
Oglu_OGLUM01G26250.1	8	336	DNA_methylase	PF00145.23	1e-34
Calmil_XP_042188131.1	5	335	DNA_methylase	PF00145.23	9.9e-35
Ogar_XP_023367199.1	5	359	DNA_methylase	PF00145.23	7.7e-35
Vdah_XP_009656107.1	320	486	DNA_methylase	PF00145.23	1.9e-26
Vdah_XP_009656107.1	550	612	DNA_methylase	PF00145.23	4e-06
Naci_XP_033593629.1	727	1125	DNA_methylase	PF00145.23	1.6e-34
Smed_h1SMcT0000144.4	1	345	DNA_methylase	PF00145.23	9.1e-35
Tspe_TraesTSP5A01G466300.1	755	840	DNA_methylase	PF00145.23	8.8e-12
Tspe_TraesTSP5A01G466300.1	1060	1122	DNA_methylase	PF00145.23	6.7e-14
Ltig_XP_067539900.1	765	1238	DNA_methylase	PF00145.23	2e-33
Mund_XP_030908400.1	5	370	DNA_methylase	PF00145.23	1.2e-34
Fman_XP_041689532.1	799	1198	DNA_methylase	PF00145.23	9.9e-34
Vbra_CEM37192.1	15	187	DNA_methylase	PF00145.23	4.3e-25
Vbra_CEM37192.1	341	393	DNA_methylase	PF00145.23	1.4e-07
Ecur_TVU00580.1	470	830	DNA_methylase	PF00145.23	4.3e-33
Vrad_XP_014517685.1	13	379	DNA_methylase	PF00145.23	9.8e-35
Lang_XP_019422761.1	458	576	DNA_methylase	PF00145.23	3.7e-16
Lang_XP_019422761.1	632	697	DNA_methylase	PF00145.23	4.6e-12
Hmin_KJZ71974.1	740	1155	DNA_methylase	PF00145.23	6e-34
Dcar_XP_017236074.1	420	778	DNA_methylase	PF00145.23	1e-29
Mung_XP_060228948.1	5	360	DNA_methylase	PF00145.23	1e-34
Fcul_QPC62428.1	810	996	DNA_methylase	PF00145.23	1.8e-28
Ccaj_XP_020220873.1	13	374	DNA_methylase	PF00145.23	1.1e-34
Vang_XP_017434331.1	13	379	DNA_methylase	PF00145.23	1e-34
Anis_ENSANIP00000024589.1	5	370	DNA_methylase	PF00145.23	2.1e-34
Bcin_XP_024550989.1	735	947	DNA_methylase	PF00145.23	2.4e-24
Bcin_XP_024550989.1	973	1029	DNA_methylase	PF00145.23	1.1e-07
Nenc_ORY24064.1	245	662	DNA_methylase	PF00145.23	1.7e-34
Wban_VDM08607.1	20	350	DNA_methylase	PF00145.23	1.5e-34
Flon_RGP68164.1	767	950	DNA_methylase	PF00145.23	2.9e-28
Onil_XP_005460509.1	17	367	DNA_methylase	PF00145.23	1.2e-34
Zcal_XP_027451015.1	53	413	DNA_methylase	PF00145.23	1.2e-34
Zcal_XP_027451016.1	53	413	DNA_methylase	PF00145.23	1.2e-34
Zcal_XP_027451017.1	53	413	DNA_methylase	PF00145.23	1.2e-34
Otip_Oti_10893_t	491	796	DNA_methylase	PF00145.23	8.5e-35
Fexc_FRAEX38873_v2_000193740.1.cds	459	818	DNA_methylase	PF00145.23	2.1e-30
Clig_OIW26488.1	733	1117	DNA_methylase	PF00145.23	2.9e-34
Zmay_NP_001105173.1	8	346	DNA_methylase	PF00145.23	1.1e-34
Zmay_XP_008655422.1	8	346	DNA_methylase	PF00145.23	1.1e-34
Esp.FLASF59071_RUS16657.1	5	389	DNA_methylase	PF00145.23	1.1e-34
Ppan_XP_024786228.1	5	362	DNA_methylase	PF00145.23	1.2e-34
Fexc_FRAEX38873_v2_000193740.4.cds	468	827	DNA_methylase	PF00145.23	2.1e-30
Cspi_TDZ29949.1	747	1132	DNA_methylase	PF00145.23	1.5e-34
Cyncar_XP_024985392.1	13	362	DNA_methylase	PF00145.23	1.1e-34
Csid_TEA11878.1	753	1138	DNA_methylase	PF00145.23	1.5e-34
Fexc_FRAEX38873_v2_000193740.3.cds	472	831	DNA_methylase	PF00145.23	2.1e-30
Fexc_FRAEX38873_v2_000193740.2.cds	473	832	DNA_methylase	PF00145.23	2.1e-30
Ovol_OVOC5916	22	354	DNA_methylase	PF00145.23	1.2e-34
Qsub_XP_065628190.1	445	807	DNA_methylase	PF00145.23	1.9e-30
Arow_XP_025942927.1	5	82	DNA_methylase	PF00145.23	5.8e-12
Arow_XP_025942927.1	87	371	DNA_methylase	PF00145.23	2.1e-20
Cruf_ENSCRFP00000007118.1	5	82	DNA_methylase	PF00145.23	7.6e-12
Cruf_ENSCRFP00000007118.1	87	373	DNA_methylase	PF00145.23	1.3e-20
Pigvie_Pvie_g13880	12	403	DNA_methylase	PF00145.23	9e-34
Pame_KIW68854	616	974	DNA_methylase	PF00145.23	2.4e-34
Hsap_XP_024303623.1	5	355	DNA_methylase	PF00145.23	1.4e-34
Pame_KIW68853	616	974	DNA_methylase	PF00145.23	2.4e-34
Cmos_ENSCMMP00000024378.1	5	377	DNA_methylase	PF00145.23	3e-34
Lpal_OCK85435.1	221	393	DNA_methylase	PF00145.23	9.9e-24
Lpal_OCK85435.1	455	516	DNA_methylase	PF00145.23	1.1e-08
Ctri_TDZ37985.1	753	1138	DNA_methylase	PF00145.23	1.9e-34
Qlob_XP_030923969.1	433	794	DNA_methylase	PF00145.23	2.1e-30
Mmar_XP_048665007.1	5	361	DNA_methylase	PF00145.23	1.6e-34
Qlob_XP_030923968.1	436	797	DNA_methylase	PF00145.23	2.1e-30
Dasnov_XP_071069648.1	16	373	DNA_methylase	PF00145.23	1.6e-34
Fdam_XP_033615249.1	5	358	DNA_methylase	PF00145.23	1.4e-34
Grai_XP_052491035.1	656	1040	DNA_methylase	PF00145.23	4.3e-31
Spur_XP_030849339.1	18	300	DNA_methylase	PF00145.23	1.5e-34
Spur_XP_030849340.1	18	300	DNA_methylase	PF00145.23	1.5e-34
Fgra_XP_011325638.1	810	996	DNA_methylase	PF00145.23	3.3e-28
Cjac_XP_008998238.1	5	359	DNA_methylase	PF00145.23	1.6e-34
Taes_XP_044349057.1	8	366	DNA_methylase	PF00145.23	1.9e-34
Tdic_XP_037413172.1	8	366	DNA_methylase	PF00145.23	1.9e-34
Tdic_XP_037413174.1	8	366	DNA_methylase	PF00145.23	1.9e-34
Tspe_TraesTSP3B01G275600.1	8	366	DNA_methylase	PF00145.23	1.9e-34
Ttur_VAH77484.1	8	366	DNA_methylase	PF00145.23	1.9e-34
Cbet_XP_023459274.1	430	600	DNA_methylase	PF00145.23	2.5e-23
Cbet_XP_023459274.1	642	729	DNA_methylase	PF00145.23	4e-09
Slal_XP_023281851.1	29	426	DNA_methylase	PF00145.23	2e-33
Mbru_XP_014544877.1	683	1083	DNA_methylase	PF00145.23	4.6e-34
Rnor_XP_063132319.1	43	417	DNA_methylase	PF00145.23	2.2e-34
Emue_Em0020g6a	707	904	DNA_methylase	PF00145.23	3.1e-34
Pfin_ORX47916.1	38	386	DNA_methylase	PF00145.23	1.9e-32
Cyncar_XP_024985390.1	14	364	DNA_methylase	PF00145.23	2e-34
Hsap_NP_001338149.1	5	362	DNA_methylase	PF00145.23	2.2e-34
Fsol_XP_065476617.1	843	1024	DNA_methylase	PF00145.23	8.1e-27
Fsol_XP_065476617.1	1172	1242	DNA_methylase	PF00145.23	2.7e-05
Amac_KNE72830.1	14	155	DNA_methylase	PF00145.23	7.3e-25
Amac_KNE72830.1	318	366	DNA_methylase	PF00145.23	2e-07
Tmag_PWW80586.1	529	914	DNA_methylase	PF00145.23	1.1e-33
Macu_XP_064935478.1	20	385	DNA_methylase	PF00145.23	2.3e-34
Lrhi_KAF2454674.1	366	564	DNA_methylase	PF00145.23	3e-24
Lrhi_KAF2454674.1	592	643	DNA_methylase	PF00145.23	6.1e-08
Ttru_XP_033708377.1	5	370	DNA_methylase	PF00145.23	2.4e-34
Mleu_XP_011823490.1	5	82	DNA_methylase	PF00145.23	1.1e-11
Mleu_XP_011823490.1	87	363	DNA_methylase	PF00145.23	1.4e-20
Ccra_RDW92290.1	580	776	DNA_methylase	PF00145.23	2.5e-26
Cx_XP_006450491.1	14	381	DNA_methylase	PF00145.23	4.2e-34
Gcer_RIA79020.1	38	64	DNA_methylase	PF00145.23	1.9e-07
Gcer_RIA79020.1	65	114	DNA_methylase	PF00145.23	7.9e-06
Gcer_RIA79020.1	133	206	DNA_methylase	PF00145.23	1.2e-18
Ggal_XP_040536851.1	5	82	DNA_methylase	PF00145.23	4.2e-12
Ggal_XP_040536851.1	87	370	DNA_methylase	PF00145.23	5.2e-20
Ooch_VDK80718.1	22	354	DNA_methylase	PF00145.23	2.4e-34
Atri_XP_020521338.1	40	432	DNA_methylase	PF00145.23	3.3e-34
Pvam_XP_039733420.1	13	372	DNA_methylase	PF00145.23	2.8e-34
Digexi_KAF8783790.1	8	349	DNA_methylase	PF00145.23	2.3e-34
Obar_OBART01G22480.2	8	336	DNA_methylase	PF00145.23	3.3e-34
Cgri_XP_035298705.1	5	359	DNA_methylase	PF00145.23	2.8e-34
Ehux_XP_005786351.1	130	292	DNA_methylase	PF00145.23	2.3e-25
Ehux_XP_005786351.1	375	417	DNA_methylase	PF00145.23	7.6e-06
Ssch_XP_016582677.1	784	1186	DNA_methylase	PF00145.23	4.4e-34
Atri_XP_020521337.1	40	434	DNA_methylase	PF00145.23	4e-34
Mmyc_KXX75034.1	470	648	DNA_methylase	PF00145.23	1.5e-25
Mmyc_KXX75034.1	785	861	DNA_methylase	PF00145.23	1.6e-06
Panu_XP_009198077.1	5	82	DNA_methylase	PF00145.23	1.1e-11
Panu_XP_009198077.1	87	363	DNA_methylase	PF00145.23	1.7e-20
Macu_XP_064977386.1	20	385	DNA_methylase	PF00145.23	3.1e-34
Scam_XP_068790761.1	5	82	DNA_methylase	PF00145.23	5.7e-12
Scam_XP_068790761.1	87	370	DNA_methylase	PF00145.23	5.6e-20
Czea_KAF2209246.1	469	638	DNA_methylase	PF00145.23	9.6e-23
Czea_KAF2209246.1	700	768	DNA_methylase	PF00145.23	3.4e-09
Mfas_XP_005564785.3	5	82	DNA_methylase	PF00145.23	9.3e-12
Mfas_XP_005564785.3	87	363	DNA_methylase	PF00145.23	2.1e-20
Ggra_EJT70672	338	504	DNA_methylase	PF00145.23	2.3e-30
Mpul_KAF2798930.1	276	448	DNA_methylase	PF00145.23	1.3e-23
Mpul_KAF2798930.1	500	571	DNA_methylase	PF00145.23	2.1e-08
Slig_RFU31925.1	335	507	DNA_methylase	PF00145.23	7.9e-23
Slig_RFU31925.1	568	626	DNA_methylase	PF00145.23	4.6e-09
Hvar_PMD42592.1	770	1165	DNA_methylase	PF00145.23	7.4e-34
Anam_XP_013426085.1	629	1020	DNA_methylase	PF00145.23	4.1e-34
Cber_PPJ55777.1	408	707	DNA_methylase	PF00145.23	9.3e-32
Taru_RFU77371.1	311	463	DNA_methylase	PF00145.23	2.5e-17
Taru_RFU77371.1	522	582	DNA_methylase	PF00145.23	1.9e-13
Mmyc_KXX76365.1	520	698	DNA_methylase	PF00145.23	1.7e-25
Mmyc_KXX76365.1	835	911	DNA_methylase	PF00145.23	1.8e-06
Oglu_OGLUM01G26250.2	8	361	DNA_methylase	PF00145.23	1.1e-33
Cban_XP_016616157.1	604	965	DNA_methylase	PF00145.23	4.4e-34
Ocaruf_PHH72024.1	49	216	DNA_methylase	PF00145.23	4.7e-21
Ocaruf_PHH72024.1	253	339	DNA_methylase	PF00145.23	5.3e-11
Czei_PKS03521.1	470	769	DNA_methylase	PF00145.23	1.8e-32
Rcul_nRc.2.0.1.t30531-RA	7	273	DNA_methylase	PF00145.23	3.2e-34
Csab_XP_037839300.1	5	82	DNA_methylase	PF00145.23	5.6e-12
Csab_XP_037839300.1	87	363	DNA_methylase	PF00145.23	4.3e-20
Cucsat_XP_031737320.1	14	362	DNA_methylase	PF00145.23	6.5e-34
Fpse_XP_009252737.1	815	1002	DNA_methylase	PF00145.23	8.8e-28
Macu_XP_009413617.1	20	384	DNA_methylase	PF00145.23	4.3e-34
Lcom_lcpid27447|	1115	1302	DNA_methylase	PF00145.23	5.7e-34
Lsat_XP_023735282.1	13	343	DNA_methylase	PF00145.23	3.5e-34
Psp.DS3sAY3a_OAL49806.1	256	450	DNA_methylase	PF00145.23	2.2e-24
Psp.DS3sAY3a_OAL49806.1	486	545	DNA_methylase	PF00145.23	1.3e-07
Kfed_Kaladp0021s0071.4.v1.1	1181	1488	DNA_methylase	PF00145.23	1.4e-26
Csal_KXH59493.1	769	1153	DNA_methylase	PF00145.23	5.7e-34
Cmar_TFK17693.1	769	1232	DNA_methylase	PF00145.23	8.7e-33
Tura_XP_048563502.1	8	366	DNA_methylase	PF00145.23	3.8e-34
Hazt_XP_018026277.1	18	215	DNA_methylase	PF00145.23	1.6e-20
Hazt_XP_018026277.1	505	579	DNA_methylase	PF00145.23	1.5e-10
Hazt_XP_018026278.1	18	215	DNA_methylase	PF00145.23	1.6e-20
Hazt_XP_018026278.1	505	579	DNA_methylase	PF00145.23	1.5e-10
Ocasau_RDA91825.1	638	816	DNA_methylase	PF00145.23	4e-28
Aper_ENSAPEP00000015737.1	5	106	DNA_methylase	PF00145.23	1e-16
Aper_ENSAPEP00000015737.1	110	359	DNA_methylase	PF00145.23	2.8e-15
Hmel_HMEL012070-PA	909	1092	DNA_methylase	PF00145.23	1.6e-33
Eaus_PSK46406.1	629	1016	DNA_methylase	PF00145.23	1.1e-33
Nnaj_KAG8138937.1	44	373	DNA_methylase	PF00145.23	4.4e-32
Bell_KAF7925852.1	729	946	DNA_methylase	PF00145.23	2.9e-24
Bell_KAF7925852.1	973	1029	DNA_methylase	PF00145.23	2.6e-07
Bder_XP_045273515.1	659	1036	DNA_methylase	PF00145.23	5.7e-34
Bgil_XP_002629116.1	659	1036	DNA_methylase	PF00145.23	5.7e-34
Ssue_KZT40126.1	686	1136	DNA_methylase	PF00145.23	6.8e-33
Cely_KAF1943159.1	321	502	DNA_methylase	PF00145.23	1.1e-26
Cely_KAF1943159.1	555	620	DNA_methylase	PF00145.23	3.5e-05
Msp.DMIDodQoI_KAE8446270.1	484	687	DNA_methylase	PF00145.23	1.6e-23
Msp.DMIDodQoI_KAE8446270.1	720	775	DNA_methylase	PF00145.23	1.2e-07
Ptro_XP_024202004.2	5	362	DNA_methylase	PF00145.23	4.9e-34
Cgri_XP_035298703.1	5	358	DNA_methylase	PF00145.23	5.3e-34
Fcar_GMN45177.1	17	372	DNA_methylase	PF00145.23	8.6e-34
Fflo_RSL60522.1	825	1008	DNA_methylase	PF00145.23	1.2e-26
Fflo_RSL60522.1	1155	1223	DNA_methylase	PF00145.23	4.1e-05
Stesca_L892_g24110.t1	50	376	DNA_methylase	PF00145.23	8.7e-34
Dasnov_XP_004483781.2	10	87	DNA_methylase	PF00145.23	6e-10
Dasnov_XP_004483781.2	159	458	DNA_methylase	PF00145.23	6.9e-22
Achr_XP_029863381.1	5	368	DNA_methylase	PF00145.23	7.4e-34
Phachr_AGR57_11869T0-p1	829	1307	DNA_methylase	PF00145.23	3.6e-31
Esil_CBJ25639.1	56	384	DNA_methylase	PF00145.23	1.1e-33
Pbra_XP_010760198.1	637	1017	DNA_methylase	PF00145.23	6.5e-34
Corc_XP_022481547.1	757	1141	DNA_methylase	PF00145.23	8.7e-34
Tspi_XP_003380089.1	8	280	DNA_methylase	PF00145.23	1.6e-33
Smur_PNS21662.1	638	1030	DNA_methylase	PF00145.23	2.4e-33
Piltep_XP_023078986.1	5	82	DNA_methylase	PF00145.23	1.3e-11
Piltep_XP_023078986.1	87	363	DNA_methylase	PF00145.23	2.9e-20
Apul_XP_029755780.1	634	1022	DNA_methylase	PF00145.23	8.4e-34
Apru_XP_033403213.1	670	1059	DNA_methylase	PF00145.23	1.8e-33
Bpar_PGH04398.1	619	996	DNA_methylase	PF00145.23	7.8e-34
Corcap_OMO79502.1	397	759	DNA_methylase	PF00145.23	2.5e-33
Hann_XP_022001019.1	9	351	DNA_methylase	PF00145.23	5.6e-34
Catt_XP_018003103.1	730	1090	DNA_methylase	PF00145.23	7.3e-34
Csyr_XP_021567185.1	5	361	DNA_methylase	PF00145.23	6.3e-34
Famb_RSM06104.1	825	1007	DNA_methylase	PF00145.23	1.6e-26
Famb_RSM06104.1	1156	1223	DNA_methylase	PF00145.23	4.2e-05
Obar_OBART01G22480.1	8	175	DNA_methylase	PF00145.23	3.2e-24
Obar_OBART01G22480.1	241	300	DNA_methylase	PF00145.23	1.5e-07
Rsp.NJR-2017aWRK4_PQE29418.1	437	602	DNA_methylase	PF00145.23	1.7e-25
Rsp.NJR-2017aWRK4_PQE29418.1	657	734	DNA_methylase	PF00145.23	4.1e-06
Feuw_RTE71628.1	825	1007	DNA_methylase	PF00145.23	1.6e-26
Feuw_RTE71628.1	1161	1223	DNA_methylase	PF00145.23	4.6e-05
Fkur_RMJ07368.1	825	1007	DNA_methylase	PF00145.23	1.6e-26
Fkur_RMJ07368.1	1161	1223	DNA_methylase	PF00145.23	4.6e-05
Bhya_TGO42369.1	731	943	DNA_methylase	PF00145.23	8.1e-24
Bhya_TGO42369.1	923	1027	DNA_methylase	PF00145.23	2.8e-08
Tbou_RPB21508.1	550	935	DNA_methylase	PF00145.23	2e-33
Ehux_XP_005774311.1	591	959	DNA_methylase	PF00145.23	4.7e-31
Asat_cds.AVESA.00001b.r3.2Cg0000906.6	1091	1140	DNA_methylase	PF00145.23	1.1e-05
Asat_cds.AVESA.00001b.r3.2Cg0000906.6	1173	1482	DNA_methylase	PF00145.23	1.7e-25
Mspi_ENSMSIP00000028038.1	5	82	DNA_methylase	PF00145.23	1.3e-11
Mspi_ENSMSIP00000028038.1	87	363	DNA_methylase	PF00145.23	3.3e-20
Socc_ENSSOCP00000020178.1	247	437	DNA_methylase	PF00145.23	7.8e-34
Umar_XP_008690261.1	5	359	DNA_methylase	PF00145.23	2.9e-32
Kfed_Kaladp0053s0062.2.v1.1	1177	1484	DNA_methylase	PF00145.23	2.2e-26
Ppol_XP_037079528.1	472	678	DNA_methylase	PF00145.23	7.8e-34
Cmon_XP_031969327.1	5	82	DNA_methylase	PF00145.23	7.1e-12
Cmon_XP_031969327.1	87	371	DNA_methylase	PF00145.23	7.8e-20
Amel_XP_040884964.1	628	1019	DNA_methylase	PF00145.23	8.5e-34
Gthe_XP_005833374.1	1	345	DNA_methylase	PF00145.23	8.3e-34
Hhuc_ENSHHUP00000070445.1	1035	1220	DNA_methylase	PF00145.23	1.4e-33
Msp.DMIDodQoI_KAE8448292.1	788	1185	DNA_methylase	PF00145.23	1.4e-33
Trimur_TMUE_3000012672	9	338	DNA_methylase	PF00145.23	2.5e-33
Psom_XP_026427963.1	154	511	DNA_methylase	PF00145.23	5.4e-33
Fmed_XP_007271194.1	388	850	DNA_methylase	PF00145.23	8.6e-33
Mpol_BFI33070.1	7	452	DNA_methylase	PF00145.23	3.9e-32
Btul_TGO12742.1	731	915	DNA_methylase	PF00145.23	1.2e-23
Btul_TGO12742.1	923	1027	DNA_methylase	PF00145.23	3.1e-08
Ccra_RDW73760.1	760	1149	DNA_methylase	PF00145.23	1.5e-33
Rsp.CCFEE5018_OQO18757	128	303	DNA_methylase	PF00145.23	1.4e-25
Rsp.CCFEE5018_OQO18757	339	414	DNA_methylase	PF00145.23	2.7e-06
Lper_XP_051198653.1	632	990	DNA_methylase	PF00145.23	5.1e-31
Hhuc_ENSHHUP00000070466.1	905	1090	DNA_methylase	PF00145.23	1.2e-33
Lper_XP_051198652.1	636	994	DNA_methylase	PF00145.23	5.1e-31
Lper_XP_051198651.1	637	995	DNA_methylase	PF00145.23	5.1e-31
Hhuc_ENSHHUP00000070458.1	956	1141	DNA_methylase	PF00145.23	1.3e-33
Tadh_XP_002107898.1	9	138	DNA_methylase	PF00145.23	4.8e-23
Tadh_XP_002107898.1	202	250	DNA_methylase	PF00145.23	1.4e-08
Vech_XP_031865773.1	760	1152	DNA_methylase	PF00145.23	2.1e-33
Sniv_KZS93055.1	717	1167	DNA_methylase	PF00145.23	8e-33
Lram_CDS07506.1	7	306	DNA_methylase	PF00145.23	2.9e-33
Vvin_XP_059594765.1	1098	1489	DNA_methylase	PF00145.23	1.9e-31
Cbet_XP_023454422.1	751	1134	DNA_methylase	PF00145.23	2e-33
Lper_XP_051198654.1	624	980	DNA_methylase	PF00145.23	5.5e-31
Alec_OAA77318.1	427	829	DNA_methylase	PF00145.23	3.2e-33
Vvul_XP_025871772.1	5	145	DNA_methylase	PF00145.23	3.2e-22
Vvul_XP_025871772.1	268	359	DNA_methylase	PF00145.23	1.8e-09
Sfim_KAF2749013.1	185	377	DNA_methylase	PF00145.23	5.1e-21
Sfim_KAF2749013.1	434	490	DNA_methylase	PF00145.23	1.9e-10
Llat_ENSLLTP00000008387.1	2	352	DNA_methylase	PF00145.23	9.9e-34
Etef_Et_s4406-2.17-1.mrna1	404	768	DNA_methylase	PF00145.23	5.4e-32
Hhuc_ENSHHUP00000070475.1	958	1143	DNA_methylase	PF00145.23	1.3e-33
Rsp.CCFEE5018_OQO25944	686	1078	DNA_methylase	PF00145.23	1.5e-33
Rsp.CCFEE5018_OQO18243	144	310	DNA_methylase	PF00145.23	1e-25
Rsp.CCFEE5018_OQO18243	355	430	DNA_methylase	PF00145.23	6.8e-06
Hsap_XP_005252431.1	5	358	DNA_methylase	PF00145.23	1e-33
Rsp.NJR2017aBVV2_PQE09925.1	480	646	DNA_methylase	PF00145.23	1.7e-25
Rsp.NJR2017aBVV2_PQE09925.1	716	777	DNA_methylase	PF00145.23	8.5e-06
Bmin_symbB.v1.2.002794.t1|scaffold150.1|size295742|13	117	334	DNA_methylase	PF00145.23	3.1e-33
Ocaruf_PHH75580.1	650	1042	DNA_methylase	PF00145.23	1.5e-33
Hhuc_ENSHHUP00000070462.1	960	1145	DNA_methylase	PF00145.23	1.5e-33
Bvul_XP_010666617.2	443	801	DNA_methylase	PF00145.23	8e-29
Bvul_XP_048502274.1	443	801	DNA_methylase	PF00145.23	8e-29
Cimi_XP_037594932.1	5	358	DNA_methylase	PF00145.23	1.1e-33
Leeper_LPERR01G01500.6	340	670	DNA_methylase	PF00145.23	3.3e-33
Cfas_XP_004356023.1	1	340	DNA_methylase	PF00145.23	5.6e-33
Psom_XP_026445318.1	223	541	DNA_methylase	PF00145.23	3.7e-28
Cpic_XP_023962012.2	5	145	DNA_methylase	PF00145.23	7.8e-24
Cpic_XP_023962012.2	287	368	DNA_methylase	PF00145.23	9.9e-08
Slal_XP_023281859.1	29	386	DNA_methylase	PF00145.23	1.4e-33
Hsp.CI4A_OTA99149.1	773	1162	DNA_methylase	PF00145.23	3.8e-33
Slal_XP_023281856.1	29	402	DNA_methylase	PF00145.23	2.4e-33
Cjac_XP_035162757.1	5	82	DNA_methylase	PF00145.23	1.1e-11
Cjac_XP_035162757.1	89	363	DNA_methylase	PF00145.23	8.1e-20
Singra_XP_016146882.1	8	344	DNA_methylase	PF00145.23	1.2e-33
Slal_XP_023281858.1	29	394	DNA_methylase	PF00145.23	1.9e-33
Smar_SMAR007615-PA	770	945	DNA_methylase	PF00145.23	1e-33
Fpoa_XP_044706583.1	808	995	DNA_methylase	PF00145.23	7e-27
Etef_Et_s5665-0.27-1.mrna1	95	454	DNA_methylase	PF00145.23	6e-33
Ccan_XP_020041209.1	110	476	DNA_methylase	PF00145.23	4.6e-32
Slal_XP_023281848.1	29	431	DNA_methylase	PF00145.23	1.6e-32
Slal_XP_023281857.1	29	399	DNA_methylase	PF00145.23	2.3e-33
Dgri_XP_032591819.1	11	322	DNA_methylase	PF00145.23	1.3e-33
Bpan_XP_007677017.1	729	1117	DNA_methylase	PF00145.23	3.4e-33
Capcor_XP_007722271.1	545	906	DNA_methylase	PF00145.23	2.4e-33
Dmoj_XP_032584319.1	6	310	DNA_methylase	PF00145.23	1.6e-33
Dmoj_XP_032584320.1	6	310	DNA_methylase	PF00145.23	1.6e-33
Dhel_POS70962.1	662	1079	DNA_methylase	PF00145.23	2.7e-33
Leeper_LPERR01G01500.7	340	629	DNA_methylase	PF00145.23	3.9e-33
Pdes_XP_024321957.1	728	1121	DNA_methylase	PF00145.23	5.8e-33
Acom_XP_020106028.1	6	394	DNA_methylase	PF00145.23	1.5e-33
Acom_XP_020106029.1	6	394	DNA_methylase	PF00145.23	1.5e-33
Cant_OQN99209.1	668	1062	DNA_methylase	PF00145.23	2.3e-33
Cpsa_XP_007742322.1	604	961	DNA_methylase	PF00145.23	2.3e-33
Name_XP_064052620.1	5	308	DNA_methylase	PF00145.23	1.6e-32
Taes_XP_044357026.1	8	363	DNA_methylase	PF00145.23	1.8e-33
Tspe_TraesTSP3D01G243700.1	8	363	DNA_methylase	PF00145.23	1.8e-33
Lnuc_KAF2106317.1	527	918	DNA_methylase	PF00145.23	3.5e-33
Leeper_LPERR01G01500.3	340	702	DNA_methylase	PF00145.23	1.1e-32
Hchr_KFH48237.1	761	1152	DNA_methylase	PF00145.23	4.1e-33
Psp.VKMF4513_KFY33456.1	728	1121	DNA_methylase	PF00145.23	3e-33
Plil_XP_018181388.2	701	881	DNA_methylase	PF00145.23	3.7e-27
Slal_XP_023281854.1	29	410	DNA_methylase	PF00145.23	5e-33
Bper_OJD23608.1	659	1036	DNA_methylase	PF00145.23	2.9e-33
Maur_XP_040611397.1	5	358	DNA_methylase	PF00145.23	2.7e-33
Csim_KXH50054.1	803	1187	DNA_methylase	PF00145.23	3.6e-33
Pfij_XP_007920475.1	420	633	DNA_methylase	PF00145.23	7.9e-22
Pfij_XP_007920475.1	644	718	DNA_methylase	PF00145.23	1.6e-09
Oruf_ORUFI03G09320.2	605	969	DNA_methylase	PF00145.23	5.3e-31
Tper_XP_033692184.1	316	610	DNA_methylase	PF00145.23	7.1e-31
Sbra_XP_040617028.1	784	1187	DNA_methylase	PF00145.23	3.2e-33
Pvit_XP_020662317.1	15	376	DNA_methylase	PF00145.23	2.6e-33
Pvit_XP_020662318.1	15	376	DNA_methylase	PF00145.23	2.6e-33
Pvit_XP_020662319.1	15	376	DNA_methylase	PF00145.23	2.6e-33
Rirr_XP_066005817.1	7	343	DNA_methylase	PF00145.23	2e-33
Ptro_XP_054516769.1	5	358	DNA_methylase	PF00145.23	2.2e-33
Cber_PPJ59471.1	763	1146	DNA_methylase	PF00145.23	4e-33
Acor_KAE8349107.1	317	478	DNA_methylase	PF00145.23	2.6e-33
Horvul_XP_044976333.1	8	368	DNA_methylase	PF00145.23	2.5e-33
Horvul_XP_044976334.1	8	368	DNA_methylase	PF00145.23	2.5e-33
Hcen_PSR75044.1	794	1018	DNA_methylase	PF00145.23	8.3e-22
Hcen_PSR75044.1	1207	1269	DNA_methylase	PF00145.23	3.2e-08
Ngyp_XP_003176378.1	634	1012	DNA_methylase	PF00145.23	3.3e-33
Slal_XP_023281855.1	29	407	DNA_methylase	PF00145.23	6.1e-33
Cmin_TKA62211.1	369	538	DNA_methylase	PF00145.23	2.1e-23
Cmin_TKA62211.1	599	653	DNA_methylase	PF00145.23	4.5e-07
Rvar_GAU96322.1	9	364	DNA_methylase	PF00145.23	3.2e-33
Slal_XP_023281853.1	29	418	DNA_methylase	PF00145.23	1.1e-32
Rsp.CCFEE5018_OQO24092	207	373	DNA_methylase	PF00145.23	2.4e-25
Rsp.CCFEE5018_OQO24092	418	493	DNA_methylase	PF00145.23	1.3e-05
Pisver_XP_031257702.1	15	381	DNA_methylase	PF00145.23	2.5e-33
Pisver_XP_031257724.1	15	381	DNA_methylase	PF00145.23	2.5e-33
Ftin_ENSFTIP00000013689.1	994	1182	DNA_methylase	PF00145.23	4.9e-33
Macu_XP_064957220.1	708	1046	DNA_methylase	PF00145.23	4.3e-28
Mmil_XP_025358591.1	85	505	DNA_methylase	PF00145.23	6.4e-33
Macu_XP_065000870.1	708	1046	DNA_methylase	PF00145.23	4.3e-28
Plut_XP_015699690.1	712	1092	DNA_methylase	PF00145.23	3.9e-33
Cant_OQO11660.1	1	396	DNA_methylase	PF00145.23	4.3e-33
Leeper_LPERR01G01500.2	340	691	DNA_methylase	PF00145.23	1.3e-32
Oruf_ORUFI03G09320.3	605	937	DNA_methylase	PF00145.23	7.9e-31
Msco_XP_018075915.1	565	757	DNA_methylase	PF00145.23	3.9e-22
Msco_XP_018075915.1	784	842	DNA_methylase	PF00145.23	1.2e-08
Macu_XP_064998176.1	708	1046	DNA_methylase	PF00145.23	4.3e-28
Tter_XP_003654318.1	1441	1625	DNA_methylase	PF00145.23	1.3e-25
Tter_XP_003654318.1	1762	1826	DNA_methylase	PF00145.23	2.3e-05
Pvit_XP_020662316.1	16	377	DNA_methylase	PF00145.23	4e-33
Fspo_RGP66669.1	808	995	DNA_methylase	PF00145.23	1.2e-27
Gaeg_XP_041378964.1	19	316	DNA_methylase	PF00145.23	4.4e-33
Tsou_EZF68969.1	627	1004	DNA_methylase	PF00145.23	4.3e-33
Trub_XP_003239082.1	627	1004	DNA_methylase	PF00145.23	4.3e-33
Ftin_ENSFTIP00000013639.1	1003	1191	DNA_methylase	PF00145.23	4.8e-33
Cmin_TKA56514.1	112	273	DNA_methylase	PF00145.23	1.5e-23
Cmin_TKA56514.1	341	398	DNA_methylase	PF00145.23	1.9e-07
Mlei_ML074813a-PA	10	381	DNA_methylase	PF00145.23	2.2e-32
Agla_SAM07633.1	7	193	DNA_methylase	PF00145.23	1.4e-31
Dyak_XP_015053658.1	2	309	DNA_methylase	PF00145.23	3.6e-33
Aamp_XP_043192204.1	51	201	DNA_methylase	PF00145.23	9.5e-23
Aamp_XP_043192204.1	360	409	DNA_methylase	PF00145.23	3e-08
Bnar_TGO57530.1	731	941	DNA_methylase	PF00145.23	4.1e-23
Bnar_TGO57530.1	925	1027	DNA_methylase	PF00145.23	4.3e-08
Dleu_XP_022436308.1	5	364	DNA_methylase	PF00145.23	3.6e-31
Macpha_EKG21159.1	517	906	DNA_methylase	PF00145.23	6.6e-33
Hmel_HMEL011928-PA	2965	3148	DNA_methylase	PF00145.23	3e-33
Fven_XP_025593764.1	808	1002	DNA_methylase	PF00145.23	3.7e-27
Flan_KPA41702.1	808	995	DNA_methylase	PF00145.23	1.7e-27
Scar_TMS37772.1	11	339	DNA_methylase	PF00145.23	7e-33
Ppat_XP_024379092.1	550	912	DNA_methylase	PF00145.23	2.1e-29
Ftin_ENSFTIP00000013777.1	1042	1229	DNA_methylase	PF00145.23	5.3e-33
Amac_KNE58861.1	19	418	DNA_methylase	PF00145.23	4.8e-32
Gmax_NP_001242866.2	13	377	DNA_methylase	PF00145.23	4.7e-33
Msco_XP_018077914.1	425	595	DNA_methylase	PF00145.23	4.1e-23
Msco_XP_018077914.1	664	720	DNA_methylase	PF00145.23	1.5e-07
Tvio_OAL75322.1	627	1004	DNA_methylase	PF00145.23	6.3e-33
Oruf_ORUFI03G09320.1	627	991	DNA_methylase	PF00145.23	5.4e-31
Adig_XP_015757557.1	8	250	DNA_methylase	PF00145.23	4.6e-33
Ecab_XP_023487834.2	5	362	DNA_methylase	PF00145.23	6.3e-33
Psp.VKMF4246_KFY16412.1	728	1122	DNA_methylase	PF00145.23	8.7e-33
Cmil_XP_006668823.1	745	869	DNA_methylase	PF00145.23	6.2e-19
Cmil_XP_006668823.1	900	986	DNA_methylase	PF00145.23	4.5e-11
Hves_ORX44412.1	4	334	DNA_methylase	PF00145.23	4.9e-33
Bbub_ENSBOBP00000009192.1	1009	1422	DNA_methylase	PF00145.23	3.3e-31
Ttur_VAI38152.1	967	1011	DNA_methylase	PF00145.23	3.9e-05
Ttur_VAI38152.1	1051	1358	DNA_methylase	PF00145.23	5e-25
Dser_XP_066630998.1	313	483	DNA_methylase	PF00145.23	5.2e-21
Dser_XP_066630998.1	517	600	DNA_methylase	PF00145.23	6e-10
Triver_XP_003019852.1	633	1010	DNA_methylase	PF00145.23	8.5e-33
Psp.03VT05_OBT82053.1	736	1129	DNA_methylase	PF00145.23	1.8e-32
Psp.WSF3629_OBT49166.1	736	1129	DNA_methylase	PF00145.23	1.6e-32
Dbis_THU75354.1	22	168	DNA_methylase	PF00145.23	3.4e-21
Dbis_THU75354.1	200	257	DNA_methylase	PF00145.23	1.4e-08
Bsil_KLJ10252.1	659	1036	DNA_methylase	PF00145.23	1e-32
Ccyl_RDW79907.1	570	757	DNA_methylase	PF00145.23	5.3e-25
Shae_XP_051066516.1	28	361	DNA_methylase	PF00145.23	1.1e-32
Bmus_XP_036699886.1	5	144	DNA_methylase	PF00145.23	5.4e-22
Bmus_XP_036699886.1	270	359	DNA_methylase	PF00145.23	8.2e-09
Elat_EMR67180.1	157	515	DNA_methylase	PF00145.23	1e-32
Tben_XP_003010784.1	633	1010	DNA_methylase	PF00145.23	1.1e-32
Capo_XP_007781757.1	338	514	DNA_methylase	PF00145.23	8.8e-20
Capo_XP_007781757.1	570	636	DNA_methylase	PF00145.23	1.2e-10
Mlus_KAL0141147.1	8	316	DNA_methylase	PF00145.23	2.7e-32
Ttur_VAI38150.1	1083	1127	DNA_methylase	PF00145.23	4.2e-05
Ttur_VAI38150.1	1167	1474	DNA_methylase	PF00145.23	6.1e-25
Eder_XP_009159181.1	629	985	DNA_methylase	PF00145.23	9.7e-33
Bgal_THV50848.1	703	914	DNA_methylase	PF00145.23	1.2e-22
Bgal_THV50848.1	894	999	DNA_methylase	PF00145.23	1.8e-08
Ppou_THH10396.1	477	910	DNA_methylase	PF00145.23	2.1e-31
Czea_KAF2213643.1	358	741	DNA_methylase	PF00145.23	2.9e-32
Fcat_XP_044916886.1	5	361	DNA_methylase	PF00145.23	9.6e-33
Dsp.EC12_OTB12236.1	761	946	DNA_methylase	PF00145.23	2.7e-28
Bpae_TGO24420.1	730	946	DNA_methylase	PF00145.23	5.3e-23
Bpae_TGO24420.1	973	1030	DNA_methylase	PF00145.23	1.3e-07
Ogar_XP_023367198.1	5	106	DNA_methylase	PF00145.23	1.5e-16
Ogar_XP_023367198.1	111	365	DNA_methylase	PF00145.23	4e-14
Mbol_KXJ90760.1	1322	1711	DNA_methylase	PF00145.23	6.8e-32
Tpub_OJT10005.1	757	1201	DNA_methylase	PF00145.23	2e-30
Ptra_KAF2850974.1	323	497	DNA_methylase	PF00145.23	5.3e-20
Ptra_KAF2850974.1	563	621	DNA_methylase	PF00145.23	1.8e-10
Tmen_GBF66729.1	637	1015	DNA_methylase	PF00145.23	1.8e-32
Ggor_XP_055208212.1	5	106	DNA_methylase	PF00145.23	4.7e-16
Ggor_XP_055208212.1	111	358	DNA_methylase	PF00145.23	1.6e-14
Mmul_XP_028681862.1	6	330	DNA_methylase	PF00145.23	1.1e-32
Tton_EGE00804.1	534	912	DNA_methylase	PF00145.23	2e-32
Lmyt_KAF2499331.1	360	557	DNA_methylase	PF00145.23	7.6e-25
Lmyt_KAF2499331.1	582	653	DNA_methylase	PF00145.23	1.6e-05
Mcon_RPB06793.1	575	965	DNA_methylase	PF00145.23	3.4e-32
Ccyl_RDW75244.1	821	1271	DNA_methylase	PF00145.23	4.2e-32
Fcat_XP_023112170.2	5	359	DNA_methylase	PF00145.23	1.3e-32
Gloz_XP_008085210.1	740	1132	DNA_methylase	PF00145.23	3.4e-32
Eaus_PSK34320.1	288	586	DNA_methylase	PF00145.23	2.9e-29
Psim_ENSPSMP00000035818.1	5	106	DNA_methylase	PF00145.23	4.4e-16
Psim_ENSPSMP00000035818.1	111	364	DNA_methylase	PF00145.23	2.1e-14
Vpac_XP_031540961.1	5	82	DNA_methylase	PF00145.23	5.6e-11
Vpac_XP_031540961.1	87	358	DNA_methylase	PF00145.23	1.5e-19
Pgem_Unigene10418_Pirum_gemmata|m.6873	20	207	DNA_methylase	PF00145.23	1.3e-32
Amac_KNE71656.1	19	407	DNA_methylase	PF00145.23	5.3e-32
Spun_ENSSPUP00000007934.1	2	337	DNA_methylase	PF00145.23	1.4e-32
Oruf_ORUFI03G09320.4	563	895	DNA_methylase	PF00145.23	7.6e-31
Pleo_XP_042800943.1	5	361	DNA_methylase	PF00145.23	1.5e-32
Ptig_XP_042847088.1	5	361	DNA_methylase	PF00145.23	1.5e-32
Tpun_KKA31218.1	326	498	DNA_methylase	PF00145.23	6.4e-25
Tpun_KKA31218.1	548	623	DNA_methylase	PF00145.23	1.9e-05
Tint_EZF30101.1	638	1016	DNA_methylase	PF00145.23	2.5e-32
Tequ_EGE09525.1	638	1016	DNA_methylase	PF00145.23	2.5e-32
Bmut_XP_070238001.1	5	363	DNA_methylase	PF00145.23	1.6e-32
Ppar_XP_019316204.1	5	360	DNA_methylase	PF00145.23	1.6e-32
Ptig_XP_042847102.1	5	360	DNA_methylase	PF00145.23	1.6e-32
Rrox_XP_030796874.1	6	330	DNA_methylase	PF00145.23	1.4e-32
Osp.lucimarinus_ABP00617.1	4	190	DNA_methylase	PF00145.23	3.9e-31
Ehis_XP_655267.2	7	315	DNA_methylase	PF00145.23	3e-32
Taes_XP_044340514.1	8	362	DNA_methylase	PF00145.23	1.7e-32
Tdic_XP_037405868.1	8	362	DNA_methylase	PF00145.23	1.7e-32
Mnem_XP_070926529.1	10	336	DNA_methylase	PF00145.23	1.6e-32
Ggor_XP_055208211.1	5	106	DNA_methylase	PF00145.23	5e-16
Ggor_XP_055208211.1	111	365	DNA_methylase	PF00145.23	2.5e-14
Anig_TGZ80255.1	514	898	DNA_methylase	PF00145.23	3.9e-32
Eamp_KAF2227833.1	526	919	DNA_methylase	PF00145.23	3.2e-32
Easi_XP_070357413.1	5	359	DNA_methylase	PF00145.23	2.2e-32
Aequ_EGACTEQ4350023030-PA	14	183	DNA_methylase	PF00145.23	1.6e-32
Taru_RFU77778.1	572	770	DNA_methylase	PF00145.23	3.1e-32
Nscu_XP_026541995.1	6	219	DNA_methylase	PF00145.23	1.6e-32
Nscu_XP_026541994.1	6	219	DNA_methylase	PF00145.23	1.6e-32
Fpin_EPS98538	764	986	DNA_methylase	PF00145.23	6.1e-21
Fpin_EPS98538	1118	1218	DNA_methylase	PF00145.23	1.9e-08
Lafr_XP_064140962.1	20	380	DNA_methylase	PF00145.23	2.9e-32
Tbis_KAF2399772.1	248	399	DNA_methylase	PF00145.23	7.9e-24
Tbis_KAF2399772.1	455	502	DNA_methylase	PF00145.23	2.1e-06
Fcat_XP_006933342.2	5	360	DNA_methylase	PF00145.23	2e-32
Phymac_XP_028351598.1	5	106	DNA_methylase	PF00145.23	2.2e-14
Phymac_XP_028351598.1	111	370	DNA_methylase	PF00145.23	6.1e-16
Psever_XP_059319427.1	728	1121	DNA_methylase	PF00145.23	4.7e-32
Mmic_KAF2670745.1	621	1007	DNA_methylase	PF00145.23	6.8e-32
Opic_EPE03333.1	838	1255	DNA_methylase	PF00145.23	1.7e-31
Cnym_KXH64228.1	768	1152	DNA_methylase	PF00145.23	2.9e-32
Dcon_XP_040660145.1	761	939	DNA_methylase	PF00145.23	8.5e-26
Etef_Et_s11318-0.8-1.mrna1	52	383	DNA_methylase	PF00145.23	2.6e-32
Spur_XP_030850857.1	9	371	DNA_methylase	PF00145.23	6.7e-32
Czei_PKS03969.1	750	1133	DNA_methylase	PF00145.23	8.9e-32
Cabe_RXW20084.1	764	1115	DNA_methylase	PF00145.23	4.5e-23
Takrub_XP_029687716.1	1	180	DNA_methylase	PF00145.23	1.9e-32
Ouni_PFH55578.1	689	868	DNA_methylase	PF00145.23	2.5e-26
Hbic_XP_024744063.1	763	1159	DNA_methylase	PF00145.23	4.1e-32
Panu_XP_021789492.2	6	330	DNA_methylase	PF00145.23	2.3e-32
Takrub_XP_029687751.1	1	180	DNA_methylase	PF00145.23	2.1e-32
Ipun_XP_017334689.1	9	326	DNA_methylase	PF00145.23	2.4e-32
Lhum_XP_012230197.2	1	235	DNA_methylase	PF00145.23	2.2e-32
Takrub_XP_029687717.1	1	180	DNA_methylase	PF00145.23	2.3e-32
Takrub_XP_029687752.1	1	180	DNA_methylase	PF00145.23	2.3e-32
Symmic_OLP32781.1	26	214	DNA_methylase	PF00145.23	2.5e-32
Liccor_CDH53973.1	36	335	DNA_methylase	PF00145.23	8.3e-32
Mnem_XP_011750390.2	6	330	DNA_methylase	PF00145.23	2.5e-32
Mcir_EPB86564.1	8	315	DNA_methylase	PF00145.23	1.1e-31
Tpar_POR38877.1	755	933	DNA_methylase	PF00145.23	1.7e-27
Lstr_XP_021405288.1	988	1079	DNA_methylase	PF00145.23	1.9e-13
Lstr_XP_021405288.1	1144	1435	DNA_methylase	PF00145.23	2.1e-16
Cchr_ROV95601.1	698	1104	DNA_methylase	PF00145.23	4.2e-32
Symmic_OLP94540.1	1649	2004	DNA_methylase	PF00145.23	2.2e-32
Oari_XP_042086524.1	13	367	DNA_methylase	PF00145.23	3.7e-32
Lcan_XP_030176335.1	5	360	DNA_methylase	PF00145.23	3.2e-32
Ipun_XP_017334765.1	5	321	DNA_methylase	PF00145.23	2.8e-32
Lrhi_KAF2457639.1	700	1085	DNA_methylase	PF00145.23	3.9e-31
Bind_XP_070656979.1	5	363	DNA_methylase	PF00145.23	3.6e-32
Bind_XP_070656980.1	5	145	DNA_methylase	PF00145.23	1.2e-21
Bind_XP_070656980.1	282	359	DNA_methylase	PF00145.23	1.7e-08
Mfru_KAA8569559.1	726	903	DNA_methylase	PF00145.23	2.5e-22
Mfru_KAA8569559.1	965	1021	DNA_methylase	PF00145.23	1.3e-07
Csab_XP_008000585.2	6	330	DNA_methylase	PF00145.23	3.3e-32
Asub_XP_013347853.1	619	1009	DNA_methylase	PF00145.23	5.7e-32
Psp.05NY08_OBT72706.1	736	1129	DNA_methylase	PF00145.23	3.1e-31
Hsal_XP_011135232.1	1	181	DNA_methylase	PF00145.23	3e-32
Fcat_XP_044916887.1	5	358	DNA_methylase	PF00145.23	3.6e-32
Tgel_XP_025252574.1	5	106	DNA_methylase	PF00145.23	1.9e-15
Tgel_XP_025252574.1	111	365	DNA_methylase	PF00145.23	1.3e-14
Sspo_Sspon.01G0048600-3D-mRNA-1:cds	1098	1408	DNA_methylase	PF00145.23	8.8e-26
Eeur_XP_060048216.1	5	82	DNA_methylase	PF00145.23	3.2e-10
Eeur_XP_060048216.1	87	363	DNA_methylase	PF00145.23	8e-20
Cypcar_XP_042607799.1	5	318	DNA_methylase	PF00145.23	4e-32
Ocun_XP_008266521.3	1	317	DNA_methylase	PF00145.23	3.8e-32
Ocun_XP_008266522.3	1	317	DNA_methylase	PF00145.23	3.8e-32
Ocun_XP_008266523.3	1	317	DNA_methylase	PF00145.23	3.8e-32
Ocun_XP_017203237.3	1	317	DNA_methylase	PF00145.23	3.8e-32
Ptex_XP_026571941.1	6	211	DNA_methylase	PF00145.23	3.8e-32
Ptex_XP_026571940.1	6	211	DNA_methylase	PF00145.23	3.9e-32
Bjap_ENSBJAP00000025055.1	869	1029	DNA_methylase	PF00145.23	2.9e-24
Bjap_ENSBJAP00000025055.1	1247	1304	DNA_methylase	PF00145.23	1.7e-05
Caraur_XP_026057292.1	5	317	DNA_methylase	PF00145.23	4.1e-32
Veff_QDS72512.1	639	1028	DNA_methylase	PF00145.23	5.3e-32
Hduj_OQV21373.1	11	356	DNA_methylase	PF00145.23	7e-32
Hexe_OQV21373.1	11	356	DNA_methylase	PF00145.23	7e-32
Arob_ORX82761.1	48	396	DNA_methylase	PF00145.23	3.6e-32
Ailmel_XP_011222478.1	5	145	DNA_methylase	PF00145.23	9e-21
Ailmel_XP_011222478.1	273	359	DNA_methylase	PF00145.23	3.3e-09
Cgeo_XP_067498730.1	361	531	DNA_methylase	PF00145.23	8e-20
Cgeo_XP_067498730.1	599	654	DNA_methylase	PF00145.23	8e-10
Edis_XP_001741349.1	7	315	DNA_methylase	PF00145.23	7.8e-32
Psp.VKMF4519_KFZ11357.1	736	1129	DNA_methylase	PF00145.23	1.4e-31
Vina_RDI81294.1	751	1140	DNA_methylase	PF00145.23	7e-32
Cant_OQO06953.1	319	486	DNA_methylase	PF00145.23	3.9e-24
Cant_OQO06953.1	533	606	DNA_methylase	PF00145.23	1.2e-05
Vech_XP_031869186.1	567	754	DNA_methylase	PF00145.23	1e-21
Vech_XP_031869186.1	805	861	DNA_methylase	PF00145.23	4.7e-08
Clux_KIK70457.1	758	1205	DNA_methylase	PF00145.23	6.7e-29
Sver_KIM34257.1	5	331	DNA_methylase	PF00145.23	7.3e-32
Phum_XP_002432555.1	1	154	DNA_methylase	PF00145.23	1.2e-22
Phum_XP_002432555.1	218	263	DNA_methylase	PF00145.23	3.8e-07
Vina_RDI81311.1	679	1024	DNA_methylase	PF00145.23	1.2e-31
Msco_XP_018069143.1	764	1161	DNA_methylase	PF00145.23	1.1e-31
Anogla_XP_018570084.1	1	168	DNA_methylase	PF00145.23	5.7e-32
Bjap_ENSBJAP00000025051.1	1046	1206	DNA_methylase	PF00145.23	3.5e-24
Bjap_ENSBJAP00000025051.1	1424	1481	DNA_methylase	PF00145.23	2e-05
Ldel_RWS25244.1	664	840	DNA_methylase	PF00145.23	4.9e-32
Aimm_RPA84378.1	761	950	DNA_methylase	PF00145.23	2.1e-24
Aimm_RPA84378.1	1079	1158	DNA_methylase	PF00145.23	5e-05
Tcur_XP_030999899.1	706	1105	DNA_methylase	PF00145.23	1e-31
Hsp.EC38_OTA56606.1	250	358	DNA_methylase	PF00145.23	4.7e-17
Hsp.EC38_OTA56606.1	414	481	DNA_methylase	PF00145.23	4.3e-09
Ooli_XP_011122563.1	337	512	DNA_methylase	PF00145.23	3.9e-19
Ooli_XP_011122563.1	579	644	DNA_methylase	PF00145.23	2.7e-10
Hcap_XP_045289590.1	661	1039	DNA_methylase	PF00145.23	1.3e-31
Sscl_XP_001593627.1	725	1038	DNA_methylase	PF00145.23	1.6e-29
Vgal_XP_016212776.1	327	497	DNA_methylase	PF00145.23	7.2e-24
Vgal_XP_016212776.1	565	618	DNA_methylase	PF00145.23	1.1e-05
Pmin_XP_007913283.1	377	781	DNA_methylase	PF00145.23	1.1e-31
Gste_OCL15395.1	361	529	DNA_methylase	PF00145.23	3e-21
Gste_OCL15395.1	599	654	DNA_methylase	PF00145.23	2.8e-08
Lhya_XP_031003462.1	781	1173	DNA_methylase	PF00145.23	9.9e-31
Smon_L898_g17191.t1	12	341	DNA_methylase	PF00145.23	1e-31
Pfij_XP_007928308.1	525	913	DNA_methylase	PF00145.23	5.8e-31
Psp.24MN13_OBT53394.1	727	1120	DNA_methylase	PF00145.23	2e-31
Tcit_XP_024753682.1	348	492	DNA_methylase	PF00145.23	3.5e-17
Tcit_XP_024753682.1	528	582	DNA_methylase	PF00145.23	7e-10
Dsep_EME42042.1	679	1060	DNA_methylase	PF00145.23	1.1e-31
Hvar_PMD35445.1	633	801	DNA_methylase	PF00145.23	1.5e-21
Hvar_PMD35445.1	870	927	DNA_methylase	PF00145.23	1.2e-07
Rsp.NJR2017aBVV2_PQE24606.1	702	1096	DNA_methylase	PF00145.23	1.4e-31
Caraur_XP_026057260.1	5	317	DNA_methylase	PF00145.23	8.8e-32
Sbol_XP_010339493.1	5	106	DNA_methylase	PF00145.23	6.8e-16
Sbol_XP_010339493.1	112	365	DNA_methylase	PF00145.23	1e-13
Achr_XP_029863380.1	5	375	DNA_methylase	PF00145.23	1.5e-31
Vnas_TLD20182.1	336	499	DNA_methylase	PF00145.23	1.7e-16
Vnas_TLD20182.1	539	620	DNA_methylase	PF00145.23	3.6e-13
Jreg_XP_018806589.1	825	1160	DNA_methylase	PF00145.23	9.6e-27
Sfim_KAF2747133.1	488	872	DNA_methylase	PF00145.23	1.5e-31
Pmaj_XP_033367700.1	5	226	DNA_methylase	PF00145.23	1.4e-31
Ctor_KIY72480.1	850	1237	DNA_methylase	PF00145.23	7.3e-27
Asat_cds.AVESA.00001b.r3.2Dg0003058.5	670	715	DNA_methylase	PF00145.23	8.1e-06
Asat_cds.AVESA.00001b.r3.2Dg0003058.5	752	876	DNA_methylase	PF00145.23	1.4e-23
Maur_XP_040611401.1	5	106	DNA_methylase	PF00145.23	1e-15
Maur_XP_040611401.1	112	364	DNA_methylase	PF00145.23	1.3e-13
Veff_QDS77954.1	330	497	DNA_methylase	PF00145.23	3.9e-17
Veff_QDS77954.1	552	616	DNA_methylase	PF00145.23	2.2e-12
Cant_OQO02339.1	319	489	DNA_methylase	PF00145.23	9.8e-25
Symmic_OLP89468.1	39	210	DNA_methylase	PF00145.23	2.7e-23
Symmic_OLP89468.1	437	488	DNA_methylase	PF00145.23	3.7e-06
Gaff_XP_043961185.1	12	327	DNA_methylase	PF00145.23	1.3e-31
Ffla_XP_045981390.1	804	988	DNA_methylase	PF00145.23	5.8e-26
Pmaj_XP_033367692.1	5	226	DNA_methylase	PF00145.23	1.6e-31
Ttur_VAH45913.1	1009	1058	DNA_methylase	PF00145.23	9.8e-06
Ttur_VAH45913.1	1091	1216	DNA_methylase	PF00145.23	2.2e-23
Mlax_KAB8295214.1	721	930	DNA_methylase	PF00145.23	6.1e-22
Mlax_KAB8295214.1	960	1016	DNA_methylase	PF00145.23	2.5e-07
Cmin_TKA61222.1	767	1155	DNA_methylase	PF00145.23	2e-31
Ttur_VAH45909.1	1094	1143	DNA_methylase	PF00145.23	1e-05
Ttur_VAH45909.1	1176	1301	DNA_methylase	PF00145.23	2.4e-23
Hwer_RMX87620.1	308	485	DNA_methylase	PF00145.23	3.5e-21
Hwer_RMX87620.1	542	607	DNA_methylase	PF00145.23	3.7e-08
Upar_XP_026263929.1	12	336	DNA_methylase	PF00145.23	1.7e-31
Eucgra_XP_039165411.1	8	398	DNA_methylase	PF00145.23	1.6e-30
Ccit_KAF8009314.1	9	376	DNA_methylase	PF00145.23	1.6e-30
Ttur_VAH30023.1	1009	1058	DNA_methylase	PF00145.23	9.8e-06
Ttur_VAH30023.1	1091	1215	DNA_methylase	PF00145.23	2.5e-23
Mpus_XP_003056440.1	1	172	DNA_methylase	PF00145.23	3e-31
Shir_XP_007308633.1	957	1287	DNA_methylase	PF00145.23	1.1e-30
Rirr_XP_025179291.1	12	344	DNA_methylase	PF00145.23	5.6e-31
Rsp.NJR-2017aWRK4_PQE07972.1	764	1158	DNA_methylase	PF00145.23	4.1e-31
Pvex_XP_040711705.1	840	1256	DNA_methylase	PF00145.23	8.9e-31
Vdah_XP_009648010.1	788	1169	DNA_methylase	PF00145.23	1.4e-30
Sfel_L889_g10168.t2	18	345	DNA_methylase	PF00145.23	4.4e-30
Vlon_CRK41513.1	788	1169	DNA_methylase	PF00145.23	1.9e-30
Csyr_XP_021567184.1	5	105	DNA_methylase	PF00145.23	1.1e-15
Csyr_XP_021567184.1	111	365	DNA_methylase	PF00145.23	1.3e-13
Bgal_THV50192.1	482	670	DNA_methylase	PF00145.23	2.1e-23
Bgal_THV50192.1	718	768	DNA_methylase	PF00145.23	1.2e-05
Bell_KAF7941246.1	526	727	DNA_methylase	PF00145.23	7.9e-23
Bell_KAF7941246.1	762	812	DNA_methylase	PF00145.23	2.6e-06
Mmer_XP_045175558.2	1	402	DNA_methylase	PF00145.23	7.1e-30
Otau_XP_003084365.1	5	177	DNA_methylase	PF00145.23	4e-31
Omel_XP_024117517.1	2	339	DNA_methylase	PF00145.23	2.7e-31
Omel_XP_024117518.1	2	339	DNA_methylase	PF00145.23	2.7e-31
Omel_XP_036073375.1	2	339	DNA_methylase	PF00145.23	2.7e-31
Digexi_KAF8718335.1	336	684	DNA_methylase	PF00145.23	1.4e-30
Sdig_sdigi.contig384.g7927.t1	1	335	DNA_methylase	PF00145.23	3.9e-31
Scivul_ENSSVLP00005025902.1	5	103	DNA_methylase	PF00145.23	1.2e-14
Scivul_ENSSVLP00005025902.1	108	335	DNA_methylase	PF00145.23	1.6e-14
Pfic_XP_007839307.1	735	1132	DNA_methylase	PF00145.23	5.6e-31
Bnar_TGO57273.1	482	683	DNA_methylase	PF00145.23	2.2e-23
Bnar_TGO57273.1	718	768	DNA_methylase	PF00145.23	1.1e-05
Bcon_TGO51275.1	483	660	DNA_methylase	PF00145.23	1.4e-23
Bcon_TGO51275.1	719	769	DNA_methylase	PF00145.23	2e-05
Rpro_RPRC014336-PA	1	219	DNA_methylase	PF00145.23	2.7e-31
Smim_KFM81899.1	645	813	DNA_methylase	PF00145.23	7.3e-31
Lsue_TVY81929.1	450	616	DNA_methylase	PF00145.23	2.9e-21
Lsue_TVY81929.1	688	740	DNA_methylase	PF00145.23	9.6e-08
Pfor_XP_016521623.1	5	237	DNA_methylase	PF00145.23	3e-31
Omai_KIN00915.1	620	1014	DNA_methylase	PF00145.23	5.6e-31
Peum_KXS93617.1	418	584	DNA_methylase	PF00145.23	5.3e-19
Peum_KXS93617.1	649	717	DNA_methylase	PF00145.23	6e-10
Tvir_XP_013956885.1	9	128	DNA_methylase	PF00145.23	3.5e-19
Tvir_XP_013956885.1	185	242	DNA_methylase	PF00145.23	7.4e-10
Ldec_XP_023027975.1	40	429	DNA_methylase	PF00145.23	1.4e-30
Thar_XP_024780074.1	351	471	DNA_methylase	PF00145.23	7.5e-17
Thar_XP_024780074.1	524	579	DNA_methylase	PF00145.23	6.9e-09
Ccan_XP_020021369.1	28	363	DNA_methylase	PF00145.23	6.5e-31
Cepi_XP_007730250.1	559	915	DNA_methylase	PF00145.23	9.8e-31
Damp_KKY30018.1	251	392	DNA_methylase	PF00145.23	1.8e-18
Damp_KKY30018.1	424	481	DNA_methylase	PF00145.23	2.3e-08
Spod_RSH94741.1	488	896	DNA_methylase	PF00145.23	1.3e-30
Rdel_XP_067523083.1	2	274	DNA_methylase	PF00145.23	3.3e-31
Tpun_KKA30995.1	889	1281	DNA_methylase	PF00145.23	2.2e-30
Pmex_XP_014824920.1	5	237	DNA_methylase	PF00145.23	3.5e-31
Btul_TGO19601.1	465	662	DNA_methylase	PF00145.23	2.9e-23
Btul_TGO19601.1	701	751	DNA_methylase	PF00145.23	1.5e-05
Clae_TFK42046.1	755	1191	DNA_methylase	PF00145.23	2.2e-29
Hmia_HMIM019649-PA	52	336	DNA_methylase	PF00145.23	1.3e-30
Ehux_XP_005776051.1	9	177	DNA_methylase	PF00145.23	1.8e-21
Ehux_XP_005776051.1	260	320	DNA_methylase	PF00145.23	1.6e-07
Psor_KNZ53401.1	736	1229	DNA_methylase	PF00145.23	1.5e-29
Omai_KIM96467.1	4	169	DNA_methylase	PF00145.23	1.5e-21
Omai_KIM96467.1	232	285	DNA_methylase	PF00145.23	1.8e-07
Hgri_PGH15116.1	665	1042	DNA_methylase	PF00145.23	6.2e-31
Smur_PNS14135.1	302	504	DNA_methylase	PF00145.23	1.5e-22
Smur_PNS14135.1	535	597	DNA_methylase	PF00145.23	4.3e-06
Smac_XP_003351382.1	859	1247	DNA_methylase	PF00145.23	1e-30
Cpor_XP_063093947.1	6	355	DNA_methylase	PF00145.23	4.3e-31
Plat_XP_014881087.1	5	236	DNA_methylase	PF00145.23	4.5e-31
Ihof_Ihof_evm17s50	11	244	DNA_methylase	PF00145.23	4.2e-31
Plat_XP_014881086.1	5	237	DNA_methylase	PF00145.23	4.8e-31
Jjac_XP_044991260.1	1	316	DNA_methylase	PF00145.23	5e-31
Mlax_KAB8300036.1	483	684	DNA_methylase	PF00145.23	2e-22
Mlax_KAB8300036.1	722	769	DNA_methylase	PF00145.23	9.2e-06
Xcou_XP_027881950.1	5	175	DNA_methylase	PF00145.23	5.1e-31
Thethe_XP_003665237.1	1539	1717	DNA_methylase	PF00145.23	4.1e-24
Acey_EYC40295.1	2	251	DNA_methylase	PF00145.23	6.7e-31
Sros_XP_004987485.1	8	205	DNA_methylase	PF00145.23	3.9e-21
Sros_XP_004987485.1	428	501	DNA_methylase	PF00145.23	1.1e-07
Cmon_XP_031969373.1	5	210	DNA_methylase	PF00145.23	5.6e-31
Rmac_XP_013267843.1	691	1050	DNA_methylase	PF00145.23	1e-30
Locc_TVY49256.1	781	1173	DNA_methylase	PF00145.23	3.9e-30
Bbot_KDQ19575.1	774	999	DNA_methylase	PF00145.23	2.2e-30
Mmic_KAF2671800.1	424	594	DNA_methylase	PF00145.23	4.7e-18
Mmic_KAF2671800.1	656	716	DNA_methylase	PF00145.23	1.4e-10
Clan_XP_005387021.1	5	224	DNA_methylase	PF00145.23	6.4e-31
Sypmur_SMUV_0000234501-mRNA-1	7	340	DNA_methylase	PF00145.23	7.6e-31
Lram_CDS09729.1	2	290	DNA_methylase	PF00145.23	6e-31
Fnyg_PNP82545.1	16	122	DNA_methylase	PF00145.23	2.8e-17
Fnyg_PNP82545.1	191	243	DNA_methylase	PF00145.23	3.2e-11
Psp.VKMF4281_KFY23261.1	734	1127	DNA_methylase	PF00145.23	1.8e-30
Ttur_VAI38151.1	1083	1127	DNA_methylase	PF00145.23	4.1e-05
Ttur_VAI38151.1	1167	1286	DNA_methylase	PF00145.23	5.6e-23
Tpre_XP_014236147.1	1363	1797	DNA_methylase	PF00145.23	6e-31
Osat_XP_015621742.1	32	375	DNA_methylase	PF00145.23	9.2e-31
Ttur_VAH89531.1	68	167	DNA_methylase	PF00145.23	1.6e-14
Ttur_VAH89531.1	365	412	DNA_methylase	PF00145.23	5.5e-14
Gcer_RIA92280.1	562	784	DNA_methylase	PF00145.23	5.1e-30
Cdro_XP_031300486.1	5	82	DNA_methylase	PF00145.23	1.1e-09
Cdro_XP_031300486.1	87	363	DNA_methylase	PF00145.23	5.1e-19
Dleu_XP_022436307.1	5	106	DNA_methylase	PF00145.23	1.9e-14
Dleu_XP_022436307.1	111	370	DNA_methylase	PF00145.23	3.2e-14
Clup_XP_038385923.1	1	316	DNA_methylase	PF00145.23	8.8e-31
Clup_XP_038385924.1	1	316	DNA_methylase	PF00145.23	8.8e-31
Clup_XP_038385925.1	1	316	DNA_methylase	PF00145.23	8.8e-31
Clup_XP_038385926.1	1	316	DNA_methylase	PF00145.23	8.8e-31
Marm_XP_026148211.1	1	313	DNA_methylase	PF00145.23	9.3e-31
Zbre_KJX92855.1	774	1157	DNA_methylase	PF00145.23	2e-30
Ocun_XP_069911557.1	1	356	DNA_methylase	PF00145.23	2.1e-30
Ocun_XP_069911558.1	1	356	DNA_methylase	PF00145.23	2.1e-30
Ocun_XP_069911559.1	1	356	DNA_methylase	PF00145.23	2.1e-30
Ocun_XP_069911560.1	1	356	DNA_methylase	PF00145.23	2.1e-30
Ocun_XP_069911561.1	1	356	DNA_methylase	PF00145.23	2.1e-30
Ocun_XP_069911562.1	1	356	DNA_methylase	PF00145.23	2.1e-30
Ocun_XP_069911563.1	1	356	DNA_methylase	PF00145.23	2.1e-30
Ocun_XP_069911564.1	1	356	DNA_methylase	PF00145.23	2.1e-30
Achi_PSR90243.1	432	784	DNA_methylase	PF00145.23	4.4e-27
Acey_EYC40296.1	2	250	DNA_methylase	PF00145.23	1.1e-30
Vlon_CRK41491.1	788	1169	DNA_methylase	PF00145.23	7.8e-30
Bbot_KDQ16327.1	12	365	DNA_methylase	PF00145.23	8e-30
Phachr_AGR57_14992T0-p1	15	375	DNA_methylase	PF00145.23	1.5e-30
Psp.233421I1_OBT63385.1	726	1119	DNA_methylase	PF00145.23	3.4e-30
Fcof_XP_031012436.1	803	988	DNA_methylase	PF00145.23	4.4e-26
Pcin_XP_020822525.1	1	320	DNA_methylase	PF00145.23	1.1e-30
Pcin_XP_020822527.1	1	320	DNA_methylase	PF00145.23	1.1e-30
Ecab_XP_023487839.1	5	106	DNA_methylase	PF00145.23	3.5e-14
Ecab_XP_023487839.1	111	365	DNA_methylase	PF00145.23	2.7e-14
Aoff_XP_020242054.1	2	320	DNA_methylase	PF00145.23	1.7e-30
Bhya_TGO39610.1	482	661	DNA_methylase	PF00145.23	2.5e-23
Bhya_TGO39610.1	718	768	DNA_methylase	PF00145.23	4.3e-05
Hgla_XP_004860030.1	5	214	DNA_methylase	PF00145.23	1.1e-30
Sbor_ESZ98456.1	737	941	DNA_methylase	PF00145.23	1.9e-21
Sbor_ESZ98456.1	976	1032	DNA_methylase	PF00145.23	4.6e-07
Cleu_ROW09918.1	694	1102	DNA_methylase	PF00145.23	1.9e-30
Mcan_XP_002847803.1	640	1018	DNA_methylase	PF00145.23	2e-30
Bpae_TGO24861.1	483	684	DNA_methylase	PF00145.23	6.5e-23
Bpae_TGO24861.1	720	769	DNA_methylase	PF00145.23	2.4e-05
Otau_XP_003080002.2	20	353	DNA_methylase	PF00145.23	1.2e-30
Bden_XP_006679580.1	6	346	DNA_methylase	PF00145.23	9.8e-30
Ppat_XP_024370051.1	54	176	DNA_methylase	PF00145.23	1.7e-27
Amex_XP_049336901.1	5	242	DNA_methylase	PF00145.23	1.4e-30
Tsp.J132_KNZ78224.1	4	350	DNA_methylase	PF00145.23	1.6e-30
Ehux_XP_005772836.1	9	177	DNA_methylase	PF00145.23	1.9e-21
Ehux_XP_005772836.1	262	314	DNA_methylase	PF00145.23	5.7e-07
Iper_KAG0431942.1	323	513	DNA_methylase	PF00145.23	1.9e-30
Osat_XP_015621745.1	32	370	DNA_methylase	PF00145.23	2.4e-30
Pfru_QIX00387.1	409	605	DNA_methylase	PF00145.23	1.7e-21
Pfru_QIX00387.1	641	687	DNA_methylase	PF00145.23	9.1e-07
Ppat_XP_024370049.1	103	225	DNA_methylase	PF00145.23	1.9e-27
Ppat_XP_024370050.1	103	225	DNA_methylase	PF00145.23	1.9e-27
Dros_KAK2626591.1	653	825	DNA_methylase	PF00145.23	1e-18
Dros_KAK2626591.1	891	949	DNA_methylase	PF00145.23	4.1e-09
Hcyl_KIM44473.1	4	333	DNA_methylase	PF00145.23	3.3e-30
Pleo_XP_042800941.1	5	105	DNA_methylase	PF00145.23	3e-13
Pleo_XP_042800941.1	111	365	DNA_methylase	PF00145.23	4.5e-15
Ptig_XP_042847087.1	5	105	DNA_methylase	PF00145.23	3e-13
Ptig_XP_042847087.1	111	365	DNA_methylase	PF00145.23	4.5e-15
Obim_XP_052825653.1	2	330	DNA_methylase	PF00145.23	1.9e-30
Mlib_KZZ90463.1	287	457	DNA_methylase	PF00145.23	4.3e-22
Mlib_KZZ90463.1	524	578	DNA_methylase	PF00145.23	4e-06
Dipcor_CAL3964171.1	643	819	DNA_methylase	PF00145.23	3.8e-19
Dipcor_CAL3964171.1	883	939	DNA_methylase	PF00145.23	8.3e-09
Ogla_XP_052142460.1	32	375	DNA_methylase	PF00145.23	2.1e-30
Pgra_TFK99623.1	9	356	DNA_methylase	PF00145.23	1.9e-30
Phatri_XP_002185148.1	8	375	DNA_methylase	PF00145.23	1.8e-30
Fcat_XP_023112169.2	5	105	DNA_methylase	PF00145.23	3e-13
Fcat_XP_023112169.2	111	365	DNA_methylase	PF00145.23	4.7e-15
Eoli_XP_016257623.1	594	950	DNA_methylase	PF00145.23	2.5e-30
Psp.VKMF3557_KFX87078.1	731	1124	DNA_methylase	PF00145.23	3.5e-30
Lwil_TVY92077.1	797	1189	DNA_methylase	PF00145.23	2.6e-29
Rsec_CZT47766.1	581	754	DNA_methylase	PF00145.23	4.5e-20
Rsec_CZT47766.1	821	878	DNA_methylase	PF00145.23	9.4e-08
Srac_ORY96934.1	8	307	DNA_methylase	PF00145.23	9.4e-30
Apsy_KZP30387.1	7	346	DNA_methylase	PF00145.23	2.2e-30
Rpro_RPRC004350-PA	812	984	DNA_methylase	PF00145.23	4e-30
Bpor_XP_038771377.1	483	768	DNA_methylase	PF00145.23	5.6e-27
Stha_TKA22124.1	296	514	DNA_methylase	PF00145.23	1.5e-17
Stha_TKA22124.1	536	603	DNA_methylase	PF00145.23	2.1e-10
Bmin_symbB.v1.2.037064.t1|scaffold5367.1|size29637|2	1458	1699	DNA_methylase	PF00145.23	1.9e-30
Cbra_GBG68632.1	186	351	DNA_methylase	PF00145.23	4.5e-22
Cbra_GBG68632.1	677	724	DNA_methylase	PF00145.23	9.7e-06
Arep_ORZ04251.1	2	269	DNA_methylase	PF00145.23	2.5e-30
Rhygra_XMA09056.1	581	754	DNA_methylase	PF00145.23	4.8e-20
Rhygra_XMA09056.1	821	878	DNA_methylase	PF00145.23	8.5e-08
Mung_XP_060228954.1	5	229	DNA_methylase	PF00145.23	2.4e-30
Tlon_PTB80018.1	349	469	DNA_methylase	PF00145.23	1.6e-16
Tlon_PTB80018.1	529	583	DNA_methylase	PF00145.23	2.7e-09
Ppat_XP_024390496.1	48	463	DNA_methylase	PF00145.23	2e-29
Ficalb_XP_016151864.1	1	324	DNA_methylase	PF00145.23	3.3e-30
Ficalb_XP_016151865.1	1	324	DNA_methylase	PF00145.23	3.3e-30
Dgig_XP_028393908.1	2	364	DNA_methylase	PF00145.23	8.3e-30
Dgau_KAF1834571.1	283	450	DNA_methylase	PF00145.23	1.9e-23
Opun_OPUNC01G22680.1	8	314	DNA_methylase	PF00145.23	3.1e-30
Phymac_XP_023972195.1	1	321	DNA_methylase	PF00145.23	2.9e-30
Phymac_XP_023972198.1	1	321	DNA_methylase	PF00145.23	2.9e-30
Phymac_XP_023972199.1	1	321	DNA_methylase	PF00145.23	2.9e-30
Phymac_XP_028351599.1	1	321	DNA_methylase	PF00145.23	2.9e-30
Phymac_XP_028351600.1	1	321	DNA_methylase	PF00145.23	2.9e-30
Phymac_XP_028351601.1	1	321	DNA_methylase	PF00145.23	2.9e-30
Caqu_ORY07279.1	626	995	DNA_methylase	PF00145.23	4.5e-30
Dlab_XP_051266222.1	5	179	DNA_methylase	PF00145.23	2.8e-30
Dlab_XP_051266223.1	5	179	DNA_methylase	PF00145.23	2.8e-30
Dlab_XP_051266224.1	5	179	DNA_methylase	PF00145.23	2.8e-30
Nins_OAA64705.1	836	1242	DNA_methylase	PF00145.23	2.5e-29
Ppat_XP_024390495.1	51	466	DNA_methylase	PF00145.23	2.1e-29
Ncra_XP_959891.1	841	1229	DNA_methylase	PF00145.23	2.3e-29
Psp.VKMF3808_KFY02929.1	84	477	DNA_methylase	PF00145.23	7.9e-30
Ogla_XP_052142468.1	32	370	DNA_methylase	PF00145.23	4.9e-30
Ecur_TVU13618.1	498	835	DNA_methylase	PF00145.23	5.7e-25
Tbou_RPB27479.1	488	631	DNA_methylase	PF00145.23	4.7e-17
Tbou_RPB27479.1	698	757	DNA_methylase	PF00145.23	8.8e-11
Vkom_XP_044280646.1	5	246	DNA_methylase	PF00145.23	3.5e-30
Cabi_XP_032644153.1	1	324	DNA_methylase	PF00145.23	5.9e-30
Cabi_XP_032644154.1	1	324	DNA_methylase	PF00145.23	5.9e-30
Sscl_XP_001598291.1	479	679	DNA_methylase	PF00145.23	5.2e-23
Gevg_XP_030406307.1	1	324	DNA_methylase	PF00145.23	5.6e-30
Gevg_XP_030406308.1	1	324	DNA_methylase	PF00145.23	5.6e-30
Ates_XP_026217077.1	1	306	DNA_methylase	PF00145.23	4e-30
Osp.lucimarinus_ABO96223.1	5	173	DNA_methylase	PF00145.23	2.6e-29
Psp.VKMF4515_KFY59820.1	790	1183	DNA_methylase	PF00145.23	1.9e-29
Smus_XP_016761029.1	617	1002	DNA_methylase	PF00145.23	1.2e-29
Psp.CONT_KZV63274.1	820	1222	DNA_methylase	PF00145.23	1.2e-26
Ccan_XP_020041210.1	110	341	DNA_methylase	PF00145.23	4.3e-30
Bmin_symbB.v1.2.011495.t1|scaffold772.1|size165093|2	14	369	DNA_methylase	PF00145.23	1.5e-29
Cyeg_XP_007756706.1	485	845	DNA_methylase	PF00145.23	9.4e-30
Tgam_XP_024404643.1	14	152	DNA_methylase	PF00145.23	4e-19
Tgam_XP_024404643.1	188	243	DNA_methylase	PF00145.23	1.1e-08
Copflo_XP_023248087.1	866	1307	DNA_methylase	PF00145.23	7.5e-29
Dlab_XP_051266221.1	5	175	DNA_methylase	PF00145.23	4.5e-30
Mluc_XP_023613853.1	1	318	DNA_methylase	PF00145.23	4.9e-30
Galmar_KDR80763.1	5	369	DNA_methylase	PF00145.23	5e-30
Msp.DMIDodQoI_KAE8442371.1	653	871	DNA_methylase	PF00145.23	2.4e-20
Msp.DMIDodQoI_KAE8442371.1	898	955	DNA_methylase	PF00145.23	2.4e-07
Fdam_XP_010605413.1	1	318	DNA_methylase	PF00145.23	4.7e-30
Fdam_XP_010605414.1	1	318	DNA_methylase	PF00145.23	4.7e-30
Ntet_XP_009853512.1	839	1227	DNA_methylase	PF00145.23	5.6e-29
Mfas_XP_045255572.2	1	316	DNA_methylase	PF00145.23	5e-30
Mfas_XP_065376454.1	1	316	DNA_methylase	PF00145.23	5e-30
Mmur_XP_012609222.1	1	315	DNA_methylase	PF00145.23	5.1e-30
Mmur_XP_012609223.1	1	315	DNA_methylase	PF00145.23	5.1e-30
Mmur_XP_012609224.1	1	315	DNA_methylase	PF00145.23	5.1e-30
Mmur_XP_012609225.1	1	315	DNA_methylase	PF00145.23	5.1e-30
Mmur_XP_012609226.1	1	315	DNA_methylase	PF00145.23	5.1e-30
Hves_ORX59426.1	5	297	DNA_methylase	PF00145.23	1.9e-29
Zmay_XP_020397916.1	8	328	DNA_methylase	PF00145.23	5.4e-30
Zmay_XP_035817464.1	8	328	DNA_methylase	PF00145.23	5.4e-30
Ecru_scaffold208.160.cds	456	783	DNA_methylase	PF00145.23	6.4e-30
Scan_XP_050827231.1	1	324	DNA_methylase	PF00145.23	7.8e-30
Jlib_JAKLI_12165.mRNA.1	29	325	DNA_methylase	PF00145.23	5.9e-30
Ragr_CZT12029.1	581	878	DNA_methylase	PF00145.23	4.6e-27
Zcel_XP_033674712.1	668	1051	DNA_methylase	PF00145.23	1.3e-29
Shar_XP_031795773.1	1	320	DNA_methylase	PF00145.23	1e-29
Lafr_XP_064140964.1	5	82	DNA_methylase	PF00145.23	1.1e-09
Lafr_XP_064140964.1	87	363	DNA_methylase	PF00145.23	5.5e-18
Ncol_XP_031480474.1	8	376	DNA_methylase	PF00145.23	6.1e-30
Anan_XP_064224468.1	1	316	DNA_methylase	PF00145.23	6e-30
Anan_XP_064224469.1	1	316	DNA_methylase	PF00145.23	6e-30
Salk_XP_028463596.1	735	1117	DNA_methylase	PF00145.23	1.4e-29
Mpus_XP_003062002.1	14	329	DNA_methylase	PF00145.23	1.3e-29
Pmaj_XP_015474564.1	1	324	DNA_methylase	PF00145.23	8e-30
Pmaj_XP_015474565.1	1	324	DNA_methylase	PF00145.23	8e-30
Pmaj_XP_033367693.1	1	324	DNA_methylase	PF00145.23	8e-30
Pmaj_XP_033367695.1	1	324	DNA_methylase	PF00145.23	8e-30
Symmic_OLP84204.1	141	437	DNA_methylase	PF00145.23	2.5e-29
Send_TPX47608.1	205	504	DNA_methylase	PF00145.23	1.1e-29
Olon_KN539153.1_FGP012	8	340	DNA_methylase	PF00145.23	7.4e-30
Psp.VKMF4514_KFY48213.1	756	1149	DNA_methylase	PF00145.23	1.2e-29
Ssca_UXI18738.1	2	291	DNA_methylase	PF00145.23	7.6e-30
Ccae_XP_023776030.1	1	325	DNA_methylase	PF00145.23	1.2e-29
Ccae_XP_023776031.1	1	325	DNA_methylase	PF00145.23	1.2e-29
Ccae_XP_023776033.1	1	325	DNA_methylase	PF00145.23	1.2e-29
Tgut_XP_030120460.3	1	323	DNA_methylase	PF00145.23	9.6e-30
Tgut_XP_030120461.3	1	323	DNA_methylase	PF00145.23	9.6e-30
Panu_XP_009198082.2	1	316	DNA_methylase	PF00145.23	7.3e-30
Smoe_XP_024537467.1	9	213	DNA_methylase	PF00145.23	7.3e-30
Gcer_RIA93885.1	12	325	DNA_methylase	PF00145.23	3.4e-29
Ecur_TVU05020.1	528	613	DNA_methylase	PF00145.23	3.4e-10
Ecur_TVU05020.1	904	968	DNA_methylase	PF00145.23	7.7e-13
Gaff_XP_043961184.1	12	353	DNA_methylase	PF00145.23	9.7e-30
Mpol_BFI23888.1	63	188	DNA_methylase	PF00145.23	8.4e-29
Pran_XP_028289356.1	1	307	DNA_methylase	PF00145.23	8.1e-30
Vnas_TLD39766.1	756	1141	DNA_methylase	PF00145.23	1.1e-29
Mnem_XP_011750393.2	1	316	DNA_methylase	PF00145.23	7.9e-30
Gros_RIB20089.1	11	350	DNA_methylase	PF00145.23	7.9e-29
Mmus_NP_001403924.1	1	316	DNA_methylase	PF00145.23	8.8e-30
Mmus_NP_001403925.1	1	316	DNA_methylase	PF00145.23	8.8e-30
Sste_KIJ33035.1	3	386	DNA_methylase	PF00145.23	2e-29
Locu_XP_015209964.2	4	243	DNA_methylase	PF00145.23	8.7e-30
Vmal_ROW07307.1	699	1106	DNA_methylase	PF00145.23	2e-29
Mpoa_KLU84697.1	671	1024	DNA_methylase	PF00145.23	2.8e-29
Psp.VKMF4518_KFY99940.1	727	1120	DNA_methylase	PF00145.23	2.2e-29
Phyp_XP_033602558.1	604	992	DNA_methylase	PF00145.23	3.2e-29
Pabe_XP_063583566.1	1	309	DNA_methylase	PF00145.23	9.3e-30
Pvex_XP_040712806.1	350	500	DNA_methylase	PF00145.23	8.5e-21
Pvex_XP_040712806.1	546	595	DNA_methylase	PF00145.23	2.2e-06
Lpol_XP_022246967.1	5	312	DNA_methylase	PF00145.23	4.4e-29
Piltep_XP_023078989.1	1	316	DNA_methylase	PF00145.23	9.8e-30
Piltep_XP_023078990.1	1	316	DNA_methylase	PF00145.23	9.8e-30
Ouni_PFH62761.1	14	121	DNA_methylase	PF00145.23	5.2e-17
Ouni_PFH62761.1	184	243	DNA_methylase	PF00145.23	1.4e-10
Dord_XP_012870071.1	5	243	DNA_methylase	PF00145.23	9.7e-30
Zalb_XP_026651439.1	1	323	DNA_methylase	PF00145.23	1.2e-29
Zalb_XP_026651442.1	1	323	DNA_methylase	PF00145.23	1.2e-29
Zalb_XP_026651446.1	1	323	DNA_methylase	PF00145.23	1.2e-29
Bcal_TEY54136.1	483	683	DNA_methylase	PF00145.23	4.3e-22
Bcal_TEY54136.1	719	768	DNA_methylase	PF00145.23	2.7e-05
Ares_XP_024717554.1	771	1162	DNA_methylase	PF00145.23	1.7e-29
Opun_OPUNC01G22680.2	8	325	DNA_methylase	PF00145.23	1.3e-29
Csab_XP_008000587.2	1	316	DNA_methylase	PF00145.23	1.1e-29
Xmac_XP_023182523.1	1	335	DNA_methylase	PF00145.23	1.2e-29
Xmac_XP_023182524.1	1	335	DNA_methylase	PF00145.23	1.2e-29
Anapla_XP_027306492.2	1	329	DNA_methylase	PF00145.23	3.4e-29
Anapla_XP_027306493.2	1	329	DNA_methylase	PF00145.23	3.4e-29
Cpor_XP_013000007.1	5	229	DNA_methylase	PF00145.23	1.1e-29
Ssp.palustris_TPX66707.1	17	318	DNA_methylase	PF00145.23	1.3e-29
Aara_KAE8347923.1	318	479	DNA_methylase	PF00145.23	1.4e-29
Nlep_KZT24696.1	8	373	DNA_methylase	PF00145.23	1.8e-29
Pmar_XP_032836257.1	63	227	DNA_methylase	PF00145.23	2.6e-21
Pmar_XP_032836257.1	410	461	DNA_methylase	PF00145.23	4e-06
Symmic_OLP76010.1	383	506	DNA_methylase	PF00145.23	2.1e-18
Symmic_OLP76010.1	541	717	DNA_methylase	PF00145.23	1.1e-08
Mani_KAF5137249.1	683	1003	DNA_methylase	PF00145.23	2.2e-29
Bcin_XP_024547733.1	484	685	DNA_methylase	PF00145.23	1.4e-21
Bcin_XP_024547733.1	720	770	DNA_methylase	PF00145.23	1.1e-05
Psp.VKMF4520_KFZ22837.1	727	1120	DNA_methylase	PF00145.23	2.7e-29
Pabe_XP_024109909.2	1	316	DNA_methylase	PF00145.23	1.5e-29
Pabe_XP_054377981.1	1	316	DNA_methylase	PF00145.23	1.5e-29
Gsul_XP_005704799.1	232	352	DNA_methylase	PF00145.23	5.1e-29
Lcor_XP_017672750.1	1	325	DNA_methylase	PF00145.23	1.9e-29
Rfer_XP_032956554.1	1	318	DNA_methylase	PF00145.23	1.5e-29
Dgig_XP_028404823.1	4	354	DNA_methylase	PF00145.23	9.5e-29
Cjac_XP_017829573.1	1	316	DNA_methylase	PF00145.23	1.6e-29
Ccar_XP_008726749.1	616	974	DNA_methylase	PF00145.23	2.7e-29
Triatr_XP_013941075.2	14	130	DNA_methylase	PF00145.23	1.2e-17
Triatr_XP_013941075.2	187	243	DNA_methylase	PF00145.23	1.1e-09
Abis_XP_006454830.1	4	367	DNA_methylase	PF00145.23	2.3e-29
Acom_XP_020106030.1	6	372	DNA_methylase	PF00145.23	2e-29
Oglu_OGLUM05G08120.1	968	1240	DNA_methylase	PF00145.23	7.1e-20
Nleu_XP_030675102.1	1	316	DNA_methylase	PF00145.23	1.9e-29
Nleu_XP_030675103.1	1	316	DNA_methylase	PF00145.23	1.9e-29
Nleu_XP_030675104.1	1	316	DNA_methylase	PF00145.23	1.9e-29
Nleu_XP_030675105.1	1	316	DNA_methylase	PF00145.23	1.9e-29
Nleu_XP_030675106.1	1	316	DNA_methylase	PF00145.23	1.9e-29
Pver_KFH63714.1	6	322	DNA_methylase	PF00145.23	5e-28
Osp.lucimarinus_ABO96829.1	30	362	DNA_methylase	PF00145.23	2.1e-29
Acom_XP_020106031.1	6	371	DNA_methylase	PF00145.23	2.2e-29
Ksha_XP_065822929.1	498	902	DNA_methylase	PF00145.23	4e-29
Cgri_XP_035298708.1	5	194	DNA_methylase	PF00145.23	2e-29
Campar_XP_030799645.1	2	323	DNA_methylase	PF00145.23	2.4e-29
Ctor_KIY65370.1	4	291	DNA_methylase	PF00145.23	1.6e-25
Nvit_XP_001607336.1	1224	1673	DNA_methylase	PF00145.23	1.7e-29
Nvit_XP_008202943.1	1224	1673	DNA_methylase	PF00145.23	1.7e-29
Ecur_TVU34588.1	8	342	DNA_methylase	PF00145.23	9e-29
Tnig_CAF96171.1	528	611	DNA_methylase	PF00145.23	2.1e-09
Tnig_CAF96171.1	1873	1984	DNA_methylase	PF00145.23	1.8e-11
Mamb_GAN06239.1	8	185	DNA_methylase	PF00145.23	2.2e-27
Linelo_KAK5823211.1	5	325	DNA_methylase	PF00145.23	3e-28
Gaeg_XP_041367480.1	4	229	DNA_methylase	PF00145.23	1.2e-27
Zrhi_KAF2190493.1	248	425	DNA_methylase	PF00145.23	6.5e-20
Zrhi_KAF2190493.1	487	543	DNA_methylase	PF00145.23	3.8e-07
Corb_TDZ21777.1	3	363	DNA_methylase	PF00145.23	3.3e-29
Jfla_RUP47763.1	208	380	DNA_methylase	PF00145.23	8.8e-18
Jfla_RUP47763.1	522	616	DNA_methylase	PF00145.23	2.3e-09
Cropor_XP_019388047.1	1	325	DNA_methylase	PF00145.23	2.8e-29
Ecab_XP_070111043.1	1	316	DNA_methylase	PF00145.23	3.1e-29
Ecab_XP_070111044.1	1	316	DNA_methylase	PF00145.23	3.1e-29
Ecab_XP_070111045.1	1	316	DNA_methylase	PF00145.23	3.1e-29
Ecab_XP_070111046.1	1	316	DNA_methylase	PF00145.23	3.1e-29
Ecab_XP_070111048.1	1	316	DNA_methylase	PF00145.23	3.1e-29
Ecab_XP_070111049.1	1	316	DNA_methylase	PF00145.23	3.1e-29
Pmus_KXT11406.1	754	1140	DNA_methylase	PF00145.23	1.4e-28
Dronov_XP_025954456.2	1	324	DNA_methylase	PF00145.23	5.7e-29
Mvit_XP_029817744.1	1	324	DNA_methylase	PF00145.23	3.4e-29
Ssur_XP_029810700.1	1	316	DNA_methylase	PF00145.23	2.7e-29
Ssur_XP_029810701.1	1	316	DNA_methylase	PF00145.23	2.7e-29
Ssur_XP_029810702.1	1	316	DNA_methylase	PF00145.23	2.7e-29
Esid_KIV82936.1	772	1135	DNA_methylase	PF00145.23	3.9e-29
Rglo_ORY38800.1	20	427	DNA_methylase	PF00145.23	5.4e-29
Vurs_XP_027703701.1	1	318	DNA_methylase	PF00145.23	3.4e-29
Pspo_XP_018033932.1	220	390	DNA_methylase	PF00145.23	2.5e-22
Clae_TFK38617.1	4	375	DNA_methylase	PF00145.23	3.4e-29
Tgui_OPB38686.1	10	152	DNA_methylase	PF00145.23	5.4e-18
Tgui_OPB38686.1	188	242	DNA_methylase	PF00145.23	4.2e-09
Nvis_XP_044082409.1	1	316	DNA_methylase	PF00145.23	3.1e-29
Nvis_XP_044082410.1	1	316	DNA_methylase	PF00145.23	3.1e-29
Nvis_XP_044082411.1	1	316	DNA_methylase	PF00145.23	3.1e-29
Ppan_XP_008954824.1	1	316	DNA_methylase	PF00145.23	3.1e-29
Uame_XP_045643635.1	5	192	DNA_methylase	PF00145.23	2.9e-29
Dasnov_XP_071069647.1	16	350	DNA_methylase	PF00145.23	1.2e-27
Clum_XP_034416336.1	1	301	DNA_methylase	PF00145.23	3.5e-29
Mgal_XP_010711007.2	1	322	DNA_methylase	PF00145.23	3.8e-29
Ppat_XP_024392742.1	97	219	DNA_methylase	PF00145.23	2.9e-27
Ppat_XP_024392743.1	97	219	DNA_methylase	PF00145.23	2.9e-27
Uame_XP_045643643.1	1	318	DNA_methylase	PF00145.23	3.6e-29
Dasnov_XP_071071610.1	1	313	DNA_methylase	PF00145.23	3.5e-29
Dasnov_XP_071071611.1	1	313	DNA_methylase	PF00145.23	3.5e-29
Zbre_KJY02274.1	356	527	DNA_methylase	PF00145.23	1.1e-25
Opun_OPUNC03G08800.3	507	834	DNA_methylase	PF00145.23	2.4e-25
Mput_XP_044925058.1	1	316	DNA_methylase	PF00145.23	3.7e-29
Cimi_XP_017385269.1	1	316	DNA_methylase	PF00145.23	3.8e-29
Umar_XP_008690262.1	1	316	DNA_methylase	PF00145.23	4.1e-29
Spis_XP_022790094.1	2	337	DNA_methylase	PF00145.23	5.8e-29
Opun_OPUNC03G08800.2	540	867	DNA_methylase	PF00145.23	2.6e-25
Pans_XP_001904728.1	808	1201	DNA_methylase	PF00145.23	8.3e-29
Xcou_XP_027881949.1	1	334	DNA_methylase	PF00145.23	4.1e-29
Opun_OPUNC03G08800.1	546	873	DNA_methylase	PF00145.23	2.6e-25
Cmon_XP_031969337.1	1	324	DNA_methylase	PF00145.23	4.9e-29
Cmon_XP_031969348.1	1	324	DNA_methylase	PF00145.23	4.9e-29
Cmon_XP_031969355.1	1	324	DNA_methylase	PF00145.23	4.9e-29
Cmon_XP_031969364.1	1	324	DNA_methylase	PF00145.23	4.9e-29
Bmin_symbB.v1.2.007181.t2|scaffold436.1|size343649|13	1734	1919	DNA_methylase	PF00145.23	9.3e-29
Samp_TRM62971.1	4	375	DNA_methylase	PF00145.23	2.2e-28
Rsp.MUCL43196_RGB29403.1	12	312	DNA_methylase	PF00145.23	1.6e-28
Mnem_XP_024650638.2	5	82	DNA_methylase	PF00145.23	4.7e-12
Mnem_XP_024650638.2	87	334	DNA_methylase	PF00145.23	5.7e-15
Csp.DSE1049_PVH89016.1	637	826	DNA_methylase	PF00145.23	1.6e-18
Csp.DSE1049_PVH89016.1	880	936	DNA_methylase	PF00145.23	4.4e-08
Mmar_XP_048665003.1	1	338	DNA_methylase	PF00145.23	7.5e-29
Mmar_XP_048665004.1	1	338	DNA_methylase	PF00145.23	7.5e-29
Mmar_XP_048665005.1	1	338	DNA_methylase	PF00145.23	7.5e-29
Mmar_XP_048665006.1	1	338	DNA_methylase	PF00145.23	7.5e-29
Ehux_XP_005756179.1	204	343	DNA_methylase	PF00145.23	3.5e-22
Dsym_XP_033525580.1	305	586	DNA_methylase	PF00145.23	2.7e-26
Maur_XP_040611402.1	5	180	DNA_methylase	PF00145.23	4.3e-29
Acyg_XP_047917778.1	1	328	DNA_methylase	PF00145.23	1.3e-28
Acyg_XP_047917779.1	1	328	DNA_methylase	PF00145.23	1.3e-28
Acyg_XP_066847763.1	1	328	DNA_methylase	PF00145.23	1.3e-28
Acyg_XP_066847764.1	1	328	DNA_methylase	PF00145.23	1.3e-28
Fcat_XP_044916885.1	2	353	DNA_methylase	PF00145.23	5.1e-29
Tdic_XP_037471410.1	100	144	DNA_methylase	PF00145.23	3e-05
Tdic_XP_037471410.1	187	290	DNA_methylase	PF00145.23	1.3e-21
Acun_XP_026699263.1	5	208	DNA_methylase	PF00145.23	4.7e-29
Easi_XP_014701534.3	2	316	DNA_methylase	PF00145.23	6.1e-29
Easi_XP_044617794.2	2	316	DNA_methylase	PF00145.23	6.1e-29
Easi_XP_044617795.2	2	316	DNA_methylase	PF00145.23	6.1e-29
Easi_XP_044617797.2	2	316	DNA_methylase	PF00145.23	6.1e-29
Easi_XP_044617798.2	2	316	DNA_methylase	PF00145.23	6.1e-29
Easi_XP_044617799.2	2	316	DNA_methylase	PF00145.23	6.1e-29
Bcir_KAF1963369.1	663	1037	DNA_methylase	PF00145.23	2.4e-28
Otau_XP_003080237.1	38	376	DNA_methylase	PF00145.23	7.7e-29
Acun_XP_026699262.1	5	208	DNA_methylase	PF00145.23	4.8e-29
Mdes_Mdes008974-RA:cds	8	227	DNA_methylase	PF00145.23	4.7e-29
Sbru_KAA8894276.1	615	1005	DNA_methylase	PF00145.23	5.7e-28
Mpah_XP_029392441.1	1	316	DNA_methylase	PF00145.23	5.8e-29
Aspnov_KAB8220403.1	318	479	DNA_methylase	PF00145.23	6.1e-29
Aser_KAE8323945.1	318	479	DNA_methylase	PF00145.23	6.1e-29
Hsap_NP_001307936.1	1	316	DNA_methylase	PF00145.23	5.6e-29
Conlus_PSR81473.1	692	870	DNA_methylase	PF00145.23	6.9e-25
Ttru_XP_019789071.1	1	321	DNA_methylase	PF00145.23	5.7e-29
Mmul_XP_028681861.1	5	82	DNA_methylase	PF00145.23	9.8e-12
Mmul_XP_028681861.1	87	334	DNA_methylase	PF00145.23	3.7e-15
Mvit_XP_029817738.1	43	100	DNA_methylase	PF00145.23	1.2e-06
Mvit_XP_029817738.1	105	389	DNA_methylase	PF00145.23	5.1e-20
Smoe_XP_024534054.1	5	210	DNA_methylase	PF00145.23	5.6e-29
Pleo_XP_042800952.1	1	316	DNA_methylase	PF00145.23	6.8e-29
Pleo_XP_042800954.1	1	316	DNA_methylase	PF00145.23	6.8e-29
Ptig_XP_042847099.1	1	316	DNA_methylase	PF00145.23	6.8e-29
Ptig_XP_042847100.1	1	316	DNA_methylase	PF00145.23	6.8e-29
Mror_KAI3601302.1	1	350	DNA_methylase	PF00145.23	6.9e-29
Dclu_XP_028815208.1	3	311	DNA_methylase	PF00145.23	7.2e-29
Dclu_XP_028815217.1	3	311	DNA_methylase	PF00145.23	7.2e-29
Dclu_XP_028815225.1	3	311	DNA_methylase	PF00145.23	7.2e-29
Mnem_XP_011750389.2	5	82	DNA_methylase	PF00145.23	4.8e-12
Mnem_XP_011750389.2	87	341	DNA_methylase	PF00145.23	8.9e-15
Lari_TVY18383.1	763	1155	DNA_methylase	PF00145.23	4e-28
Csat_XP_010493804.1	16	183	DNA_methylase	PF00145.23	6.3e-29
Fpin_EPS98063	4	377	DNA_methylase	PF00145.23	7.6e-29
Scam_XP_068790757.1	51	106	DNA_methylase	PF00145.23	1.3e-06
Scam_XP_068790757.1	111	394	DNA_methylase	PF00145.23	7.1e-20
Ragr_CZS96724.1	953	1246	DNA_methylase	PF00145.23	3.8e-22
Dimm_MCP9262536.1	4	309	DNA_methylase	PF00145.23	8.7e-29
Mpol_BFI35418.1	67	190	DNA_methylase	PF00145.23	6e-28
Bbro_KZZ98754.1	671	856	DNA_methylase	PF00145.23	1e-28
Mmon_XP_029095344.1	1	321	DNA_methylase	PF00145.23	8.3e-29
Mfas_XP_045255570.2	5	82	DNA_methylase	PF00145.23	9.8e-12
Mfas_XP_045255570.2	87	334	DNA_methylase	PF00145.23	5.5e-15
Mbre_XP_001742234.1	1	353	DNA_methylase	PF00145.23	1.1e-27
Marm_XP_026148202.1	1	325	DNA_methylase	PF00145.23	1.1e-28
Mmul_XP_028681860.1	5	82	DNA_methylase	PF00145.23	1e-11
Mmul_XP_028681860.1	87	341	DNA_methylase	PF00145.23	5.9e-15
Panu_XP_021789491.1	5	82	DNA_methylase	PF00145.23	1.1e-11
Panu_XP_021789491.1	87	334	DNA_methylase	PF00145.23	5.3e-15
Scam_XP_068790762.1	4	58	DNA_methylase	PF00145.23	2.6e-06
Scam_XP_068790762.1	63	346	DNA_methylase	PF00145.23	4.5e-20
Csab_XP_037839302.1	5	82	DNA_methylase	PF00145.23	5.6e-12
Csab_XP_037839302.1	87	334	DNA_methylase	PF00145.23	1.2e-14
Atau_XP_040259886.1	10	373	DNA_methylase	PF00145.23	1.2e-28
Gacu_XP_040022576.1	1	309	DNA_methylase	PF00145.23	1.2e-28
Gacu_XP_040022577.1	1	309	DNA_methylase	PF00145.23	1.2e-28
Mmic_KAF2669234.1	253	427	DNA_methylase	PF00145.23	4e-17
Mmic_KAF2669234.1	488	534	DNA_methylase	PF00145.23	2.6e-09
Marm_XP_026148209.1	1	313	DNA_methylase	PF00145.23	1.2e-28
Marm_XP_026148210.1	1	313	DNA_methylase	PF00145.23	1.2e-28
Hpin_KIJ61346.1	652	1005	DNA_methylase	PF00145.23	1.7e-28
Pyrtri_XP_065966028.1	656	1039	DNA_methylase	PF00145.23	3.2e-28
Symmic_OLP74139.1	39	297	DNA_methylase	PF00145.23	9.7e-28
Capo_XP_007783267.1	732	1091	DNA_methylase	PF00145.23	4.8e-28
Mleu_XP_011823491.1	5	82	DNA_methylase	PF00145.23	1.2e-11
Mleu_XP_011823491.1	87	341	DNA_methylase	PF00145.23	6.7e-15
Lana_XP_013412300.1	327	549	DNA_methylase	PF00145.23	1e-28
Zcal_XP_027451028.1	1	316	DNA_methylase	PF00145.23	1.3e-28
Zcal_XP_027451029.1	1	316	DNA_methylase	PF00145.23	1.3e-28
Zcal_XP_027451030.1	1	316	DNA_methylase	PF00145.23	1.3e-28
Ngal_XP_029419818.1	1	318	DNA_methylase	PF00145.23	1.5e-28
Ngal_XP_029419819.1	1	318	DNA_methylase	PF00145.23	1.5e-28
Enau_XP_029384935.1	1	306	DNA_methylase	PF00145.23	1.3e-28
Lcha_XP_014345723.1	5	212	DNA_methylase	PF00145.23	1.2e-28
Egla_KZW02143.1	3	348	DNA_methylase	PF00145.23	1.6e-28
Gmax_XP_025982019.1	731	1003	DNA_methylase	PF00145.23	3.5e-19
Mfas_XP_015311096.3	5	82	DNA_methylase	PF00145.23	1e-11
Mfas_XP_015311096.3	87	341	DNA_methylase	PF00145.23	8.6e-15
Pcya_PPQ78690.1	4	369	DNA_methylase	PF00145.23	1.5e-28
Xtro_XP_017950105.1	1	318	DNA_methylase	PF00145.23	1.6e-28
Dasnov_XP_058153893.1	10	242	DNA_methylase	PF00145.23	1.3e-28
Scit_KIM52363.1	1	354	DNA_methylase	PF00145.23	3.4e-28
Vpac_XP_031540965.1	1	311	DNA_methylase	PF00145.23	1.4e-28
Csp.RAO2017_PHH85182.1	587	765	DNA_methylase	PF00145.23	1.7e-28
Panu_XP_009198080.1	5	82	DNA_methylase	PF00145.23	1.2e-11
Panu_XP_009198080.1	87	341	DNA_methylase	PF00145.23	8.3e-15
Ggor_XP_030871485.1	5	82	DNA_methylase	PF00145.23	9.5e-12
Ggor_XP_030871485.1	87	334	DNA_methylase	PF00145.23	1.1e-14
Bmin_symbB.v1.2.010936.t1|scaffold719.1|size169331|1	56	370	DNA_methylase	PF00145.23	6.3e-28
Csab_XP_037839301.1	5	82	DNA_methylase	PF00145.23	5.8e-12
Csab_XP_037839301.1	87	341	DNA_methylase	PF00145.23	1.8e-14
Gmax_XP_025982020.1	731	1002	DNA_methylase	PF00145.23	4.7e-19
Mpul_KAF2787362.1	628	1007	DNA_methylase	PF00145.23	4.4e-28
Lvar_XP_041466785.1	1	361	DNA_methylase	PF00145.23	8.4e-28
Tgel_XP_025252576.1	5	82	DNA_methylase	PF00145.23	2.1e-11
Tgel_XP_025252576.1	87	334	DNA_methylase	PF00145.23	5.3e-15
Gacu_XP_040025651.1	1	309	DNA_methylase	PF00145.23	2.2e-28
Bjun_cds.BjuB06g45460S	2	321	DNA_methylase	PF00145.23	8.6e-28
Phir_KAI8917113.1	5	341	DNA_methylase	PF00145.23	1.9e-28
Dsp.KUC8613_KAA1475439.1	23	196	DNA_methylase	PF00145.23	5.5e-20
Dsp.KUC8613_KAA1475439.1	322	386	DNA_methylase	PF00145.23	2.5e-06
Sman_XP_018651953.1	1	172	DNA_methylase	PF00145.23	2e-28
Hsul_TFK47928.1	8	369	DNA_methylase	PF00145.23	3.5e-28
Cpor_XP_063093948.1	1	316	DNA_methylase	PF00145.23	2e-28
Cjav_TQV92200.1	4	380	DNA_methylase	PF00145.23	6.2e-28
Lcha_XP_064410815.1	1	326	DNA_methylase	PF00145.23	2.7e-28
Ggor_XP_018891143.1	5	82	DNA_methylase	PF00145.23	9.7e-12
Ggor_XP_018891143.1	87	341	DNA_methylase	PF00145.23	1.6e-14
Rcol_XP_023627287.1	747	1122	DNA_methylase	PF00145.23	7.1e-28
Gmar_KAF0543320.1	29	365	DNA_methylase	PF00145.23	3.3e-27
Rglo_ORY48534.1	4	416	DNA_methylase	PF00145.23	1.7e-27
Puni_PgR089_g019_t04	13	179	DNA_methylase	PF00145.23	2.2e-28
Pter_EFQ89880.1	655	1039	DNA_methylase	PF00145.23	2e-27
Lafr_XP_064140966.1	5	196	DNA_methylase	PF00145.23	2.8e-28
Xmul_KAF2967826.1	697	981	DNA_methylase	PF00145.23	6.2e-23
Tgel_XP_025252575.1	5	82	DNA_methylase	PF00145.23	2.1e-11
Tgel_XP_025252575.1	87	341	DNA_methylase	PF00145.23	8.3e-15
Sara_XP_055003455.1	5	195	DNA_methylase	PF00145.23	2.8e-28
Lsub_TVY40973.1	781	1173	DNA_methylase	PF00145.23	3.4e-27
Digexi_KAF8667003.1	882	1155	DNA_methylase	PF00145.23	6.1e-27
Rnor_XP_063132321.1	1	316	DNA_methylase	PF00145.23	3.3e-28
Agrpla_XP_018335248.1	1	164	DNA_methylase	PF00145.23	2.8e-28
Ggal_XP_040536840.1	5	82	DNA_methylase	PF00145.23	4.6e-12
Ggal_XP_040536840.1	87	352	DNA_methylase	PF00145.23	6.1e-14
Agrpla_XP_018335247.1	1	164	DNA_methylase	PF00145.23	2.7e-28
Odeg_XP_023561203.1	1	315	DNA_methylase	PF00145.23	3.2e-28
Ccas_PSN64442.1	625	997	DNA_methylase	PF00145.23	5.5e-28
Tsui_KHJ45151.1	206	522	DNA_methylase	PF00145.23	1.3e-27
Afla_XP_067495895.1	323	498	DNA_methylase	PF00145.23	1e-19
Afla_XP_067495895.1	564	618	DNA_methylase	PF00145.23	7.6e-06
Cimi_XP_037594933.1	5	82	DNA_methylase	PF00145.23	1.8e-11
Cimi_XP_037594933.1	87	341	DNA_methylase	PF00145.23	1.3e-14
Slig_RFU30843.1	650	1047	DNA_methylase	PF00145.23	1e-27
Tper_XP_033679655.1	625	994	DNA_methylase	PF00145.23	7.2e-28
Rmel_TDL15844.1	4	372	DNA_methylase	PF00145.23	3.7e-28
Hmar_RDB29387.1	6	370	DNA_methylase	PF00145.23	3.5e-28
Pnod_XP_001793628.1	531	913	DNA_methylase	PF00145.23	2.6e-27
Cpic_XP_005282501.2	1	325	DNA_methylase	PF00145.23	5.4e-28
Cpic_XP_042712636.2	1	325	DNA_methylase	PF00145.23	5.4e-28
Nmel_XP_021243139.1	1	323	DNA_methylase	PF00145.23	8e-28
Cmic_TEB26306.1	8	334	DNA_methylase	PF00145.23	4.3e-28
Odeg_XP_023557932.1	5	106	DNA_methylase	PF00145.23	2.9e-14
Odeg_XP_023557932.1	111	309	DNA_methylase	PF00145.23	1.2e-11
Hsap_NP_001338150.1	5	82	DNA_methylase	PF00145.23	1.1e-11
Hsap_NP_001338150.1	87	334	DNA_methylase	PF00145.23	2.6e-14
Ptro_XP_024202003.1	5	82	DNA_methylase	PF00145.23	1.1e-11
Ptro_XP_024202003.1	87	334	DNA_methylase	PF00145.23	2.6e-14
Hame_XP_042220442.1	1067	1238	DNA_methylase	PF00145.23	4.5e-28
Jros_XP_025364311.1	4	103	DNA_methylase	PF00145.23	9.1e-14
Jros_XP_025364311.1	307	386	DNA_methylase	PF00145.23	3.8e-12
Bmin_symbB.v1.2.036219.t1|scaffold5062.1|size31314|1	53	243	DNA_methylase	PF00145.23	6.8e-28
Leeper_LPERR05G06410.1	950	1225	DNA_methylase	PF00145.23	9.9e-18
Leeper_LPERR05G06410.2	950	1225	DNA_methylase	PF00145.23	9.9e-18
Pmul_VEU44292.1	277	474	DNA_methylase	PF00145.23	6.2e-24
Cdro_XP_064335483.1	1	316	DNA_methylase	PF00145.23	5.1e-28
Cdro_XP_064335484.1	1	316	DNA_methylase	PF00145.23	5.1e-28
Bind_XP_070656986.1	1	316	DNA_methylase	PF00145.23	6.2e-28
Btau_XP_024856105.1	1	316	DNA_methylase	PF00145.23	6.2e-28
Lcer_TVY57932.1	776	1168	DNA_methylase	PF00145.23	2.4e-27
Anocar_XP_062840454.1	1	319	DNA_methylase	PF00145.23	6.8e-28
Anocar_XP_062840455.1	1	319	DNA_methylase	PF00145.23	6.8e-28
Mytres_XP_033574794.1	616	1012	DNA_methylase	PF00145.23	2e-27
Stepar_XP_008290159.1	1	309	DNA_methylase	PF00145.23	7.7e-28
Mebu_KAF2636408.1	320	485	DNA_methylase	PF00145.23	1.6e-21
Rvar_GAU96323.1	9	334	DNA_methylase	PF00145.23	8.8e-28
Ptro_XP_016818213.1	5	82	DNA_methylase	PF00145.23	1.2e-11
Ptro_XP_016818213.1	87	341	DNA_methylase	PF00145.23	4.1e-14
Ahed_KAF1984263.1	247	420	DNA_methylase	PF00145.23	1.3e-20
Bnat_JGI_V11_38669	2	163	DNA_methylase	PF00145.23	6.7e-28
Pyrter_CAA9957223.1	655	1039	DNA_methylase	PF00145.23	5.6e-27
Pfun_PRP76651.1	77	316	DNA_methylase	PF00145.23	5e-21
Asat_cds.AVESA.00001b.r3.7Ag0001862.5	3	325	DNA_methylase	PF00145.23	2e-27
Dgau_KAF1828878.1	649	1031	DNA_methylase	PF00145.23	2.3e-27
Ailmel_XP_011222480.1	2	313	DNA_methylase	PF00145.23	9.7e-28
Ailmel_XP_034499444.1	2	313	DNA_methylase	PF00145.23	9.7e-28
Ailmel_XP_034499445.1	2	313	DNA_methylase	PF00145.23	9.7e-28
Ailmel_XP_034499446.1	2	313	DNA_methylase	PF00145.23	9.7e-28
Ailmel_XP_034499447.1	2	313	DNA_methylase	PF00145.23	9.7e-28
Ailmel_XP_034499448.1	2	313	DNA_methylase	PF00145.23	9.7e-28
Ttur_VAH89530.1	121	468	DNA_methylase	PF00145.23	4.1e-27
Cvel_Cvel_21320.t1-p1	18	206	DNA_methylase	PF00145.23	7.1e-18
Cvel_Cvel_21320.t1-p1	481	531	DNA_methylase	PF00145.23	1e-06
Lafr_XP_064140963.1	5	106	DNA_methylase	PF00145.23	1.8e-13
Lafr_XP_064140963.1	111	365	DNA_methylase	PF00145.23	5.6e-12
Caeg_CAA7269223.1	4	362	DNA_methylase	PF00145.23	1.8e-27
Psip_KAF2711635.1	565	941	DNA_methylase	PF00145.23	1.6e-26
Gste_OCL15421.1	664	1047	DNA_methylase	PF00145.23	2.9e-27
Pcer_TFK76626.1	4	363	DNA_methylase	PF00145.23	1.4e-27
Bper_OJD20168.1	325	485	DNA_methylase	PF00145.23	1.1e-27
Ebur_ENSEBUP00000003812.1	27	214	DNA_methylase	PF00145.23	1.2e-27
Oana_XP_039769774.1	88	413	DNA_methylase	PF00145.23	4.2e-27
Cvel_Cvel_13728.t1-p1	164	284	DNA_methylase	PF00145.23	2.3e-14
Cvel_Cvel_13728.t1-p1	516	615	DNA_methylase	PF00145.23	3.4e-05
Hfer_GBG32126.1	38	486	DNA_methylase	PF00145.23	5.3e-27
Hpin_KIJ59807.1	13	375	DNA_methylase	PF00145.23	1.6e-27
Rsp.JG1b_KWU41484.1	1183	1620	DNA_methylase	PF00145.23	4.8e-27
Oana_XP_028933375.1	88	417	DNA_methylase	PF00145.23	5.1e-27
Cmar_TFK22040.1	1	380	DNA_methylase	PF00145.23	2.1e-27
Rsp.CCFEE5018_OQO25959	666	867	DNA_methylase	PF00145.23	2.1e-27
Amus_KIL71104.1	1	363	DNA_methylase	PF00145.23	1.5e-27
Pinv_KIJ21337.1	20	381	DNA_methylase	PF00145.23	2.3e-27
Pvam_XP_039733421.1	1	316	DNA_methylase	PF00145.23	1.9e-27
Pvam_XP_039733422.1	1	316	DNA_methylase	PF00145.23	1.9e-27
Pvam_XP_039733423.1	1	316	DNA_methylase	PF00145.23	1.9e-27
Pvam_XP_039733424.1	1	316	DNA_methylase	PF00145.23	1.9e-27
Pvam_XP_039733425.1	1	316	DNA_methylase	PF00145.23	1.9e-27
Arab_XP_059491424.1	628	1008	DNA_methylase	PF00145.23	3.9e-27
Bmin_symbB.v1.2.039659.t1|scaffold6666.1|size16358|3	120	383	DNA_methylase	PF00145.23	3.8e-27
Ailmel_XP_019654601.1	5	202	DNA_methylase	PF00145.23	1.7e-27
Symmic_OLQ02668.1	8	202	DNA_methylase	PF00145.23	2.3e-27
Ecab_XP_070111036.1	56	390	DNA_methylase	PF00145.23	2.5e-27
Apla_XP_022105923.1	12	187	DNA_methylase	PF00145.23	1.7e-27
Hwer_RMX87481.1	364	530	DNA_methylase	PF00145.23	1.9e-19
Hwer_RMX87481.1	615	688	DNA_methylase	PF00145.23	9.9e-06
Apla_XP_022105922.1	12	187	DNA_methylase	PF00145.23	1.7e-27
Sspo_Sspon.01G0048600-1B-mRNA-1:cds	33	292	DNA_methylase	PF00145.23	2.4e-27
Cglo_XP_001227555.1	1663	2078	DNA_methylase	PF00145.23	1.9e-26
Bvul_XP_048494097.1	17	186	DNA_methylase	PF00145.23	1.9e-27
Digexi_KAF8725513.1	875	987	DNA_methylase	PF00145.23	8.3e-16
Digexi_KAF8725513.1	1118	1161	DNA_methylase	PF00145.23	5.6e-08
Rglo_ORY39384.1	31	187	DNA_methylase	PF00145.23	8e-21
Znev_XP_021935724.1	1	293	DNA_methylase	PF00145.23	2.2e-27
Locu_XP_015209962.2	2	305	DNA_methylase	PF00145.23	2.1e-27
Locu_XP_015209963.2	2	305	DNA_methylase	PF00145.23	2.1e-27
Locu_XP_069047192.1	2	305	DNA_methylase	PF00145.23	2.1e-27
Apor_XP_028473055.1	658	919	DNA_methylase	PF00145.23	4.5e-27
Hwer_RMX77661.1	744	1122	DNA_methylase	PF00145.23	3.6e-27
Mvib_Mvib_g9667	17	233	DNA_methylase	PF00145.23	3e-27
Dque_KZT68455.1	4	375	DNA_methylase	PF00145.23	2.9e-27
Bmay_ENI00095.1	617	992	DNA_methylase	PF00145.23	9.5e-27
Vnas_TLD23570.1	401	574	DNA_methylase	PF00145.23	2.9e-19
Vnas_TLD23570.1	653	702	DNA_methylase	PF00145.23	1.2e-05
Alig_KAF2000553.1	692	1069	DNA_methylase	PF00145.23	2.8e-26
Apla_XP_022105921.1	4	127	DNA_methylase	PF00145.23	4.5e-17
Apla_XP_022105921.1	410	483	DNA_methylase	PF00145.23	4e-08
Eamp_KAF2223514.1	270	472	DNA_methylase	PF00145.23	1.6e-20
Cx_XP_024038711.1	277	320	DNA_methylase	PF00145.23	2e-05
Cx_XP_024038711.1	360	494	DNA_methylase	PF00145.23	2.2e-19
Lame_KIK02341.1	4	353	DNA_methylase	PF00145.23	5.1e-27
Ahed_KAF1981204.1	736	1115	DNA_methylase	PF00145.23	2.9e-26
Smoe_XP_024525983.1	64	183	DNA_methylase	PF00145.23	4e-26
Mint_SCV73851.1	1250	1455	DNA_methylase	PF00145.23	4e-16
Mint_SCV73851.1	1668	1742	DNA_methylase	PF00145.23	1.5e-08
Lafr_XP_064140965.1	1	316	DNA_methylase	PF00145.23	6.2e-27
Gfro_OBZ68208.1	617	948	DNA_methylase	PF00145.23	6.7e-22
Smoe_XP_024532430.1	64	183	DNA_methylase	PF00145.23	4e-26
Etef_Et_s1516-0.3-1.mrna1	90	391	DNA_methylase	PF00145.23	5.4e-27
Zrhi_KAF2195457.1	665	1044	DNA_methylase	PF00145.23	5.5e-26
Sara_XP_055003456.1	1	317	DNA_methylase	PF00145.23	1.5e-26
Apis_XP_016664764.1	1	75	DNA_methylase	PF00145.23	7.6e-16
Apis_XP_016664764.1	80	153	DNA_methylase	PF00145.23	2.5e-09
Cput_XP_007763117.1	1	390	DNA_methylase	PF00145.23	6.2e-27
Mcal_MALCA_07679.mRNA.1	9	194	DNA_methylase	PF00145.23	2e-17
Mcal_MALCA_07679.mRNA.1	608	692	DNA_methylase	PF00145.23	2.4e-07
Phymac_XP_028351597.2	17	95	DNA_methylase	PF00145.23	6.4e-09
Phymac_XP_028351597.2	100	359	DNA_methylase	PF00145.23	5.7e-16
Poptri_XP_052309465.1	17	362	DNA_methylase	PF00145.23	1.1e-26
Cgri_XP_035298704.1	5	136	DNA_methylase	PF00145.23	1.2e-22
Athi_PFH50717.1	12	374	DNA_methylase	PF00145.23	6.7e-27
Bmin_symbB.v1.2.015224.t1|scaffold1115.1|size137032|9	19	205	DNA_methylase	PF00145.23	7.2e-27
Vvin_XP_059589816.1	498	676	DNA_methylase	PF00145.23	6.1e-22
Vvin_XP_059589817.1	498	676	DNA_methylase	PF00145.23	6.1e-22
Tasp_XP_024764714.2	3	123	DNA_methylase	PF00145.23	5.2e-16
Tasp_XP_024764714.2	187	243	DNA_methylase	PF00145.23	9.2e-09
Pcin_XP_020822524.1	8	87	DNA_methylase	PF00145.23	4e-09
Pcin_XP_020822524.1	90	350	DNA_methylase	PF00145.23	1.1e-15
Lsp.SymCcos_KXN84817.1	4	166	DNA_methylase	PF00145.23	6e-19
Lsp.SymCcos_KXN84817.1	278	345	DNA_methylase	PF00145.23	7e-06
Ecab_XP_023487841.1	5	82	DNA_methylase	PF00145.23	2.8e-10
Ecab_XP_023487841.1	87	341	DNA_methylase	PF00145.23	1.8e-14
Dasnov_XP_004483783.2	10	87	DNA_methylase	PF00145.23	5.4e-10
Dasnov_XP_004483783.2	159	432	DNA_methylase	PF00145.23	1.1e-14
Cole_XP_018281994.1	77	371	DNA_methylase	PF00145.23	2.9e-26
Tpse_XP_002287631.1	218	308	DNA_methylase	PF00145.23	3.8e-24
Sorb_XP_029979528.1	1	298	DNA_methylase	PF00145.23	7.3e-27
Cfru_XP_066008599.1	671	1038	DNA_methylase	PF00145.23	2.2e-26
Bmes_THH07097.1	70	328	DNA_methylase	PF00145.23	1e-24
Jarg_KDQ54985.1	1	367	DNA_methylase	PF00145.23	2.5e-26
Phir_KAI8922337.1	17	358	DNA_methylase	PF00145.23	9.6e-27
Slac_XP_007323674.1	4	363	DNA_methylase	PF00145.23	1.1e-26
Atri_XP_020521339.1	2	362	DNA_methylase	PF00145.23	1.1e-26
Fhep_KIY52972.1	8	356	DNA_methylase	PF00145.23	8.1e-27
Shir_XP_007298544.1	7	448	DNA_methylase	PF00145.23	3.2e-26
Sspo_Sspon.01G0015710-1A-mRNA-1:cds	399	731	DNA_methylase	PF00145.23	1.1e-25
Ffla_XP_045990756.1	16	123	DNA_methylase	PF00145.23	1.2e-14
Ffla_XP_045990756.1	190	242	DNA_methylase	PF00145.23	4.8e-10
Msp.CRB92_RYP93332.1	289	423	DNA_methylase	PF00145.23	1.1e-17
Msp.CRB92_RYP93332.1	424	471	DNA_methylase	PF00145.23	3.6e-07
Sspo_Sspon.01G0015710-2B-mRNA-1:cds	399	731	DNA_methylase	PF00145.23	1.1e-25
Spar_KLO06314.1	4	376	DNA_methylase	PF00145.23	1.1e-26
Mlax_KAB8293434.1	700	878	DNA_methylase	PF00145.23	1.4e-26
Agal_PBL01320.1	6	319	DNA_methylase	PF00145.23	1.2e-25
Msap_SDA06214.1	1247	1737	DNA_methylase	PF00145.23	8.9e-25
Cpro_RKP02087.1	29	383	DNA_methylase	PF00145.23	1.8e-26
Eaqu_XP_013263861.1	227	396	DNA_methylase	PF00145.23	1.4e-26
Ngru_XP_002681354.1	10	424	DNA_methylase	PF00145.23	2.1e-25
Msp.MG133_RYP35943.1	249	383	DNA_methylase	PF00145.23	2e-17
Msp.MG133_RYP35943.1	380	431	DNA_methylase	PF00145.23	1.7e-07
Msp.GIB2_RYO97300.1	289	421	DNA_methylase	PF00145.23	1.7e-17
Msp.GIB2_RYO97300.1	422	469	DNA_methylase	PF00145.23	3.7e-07
Mvio_MVLG_04160T0	1247	1739	DNA_methylase	PF00145.23	8.5e-25
Phisub_CZR52270.1	710	977	DNA_methylase	PF00145.23	1.5e-19
Pory_XP_003713296.1	102	444	DNA_methylase	PF00145.23	1.1e-25
Psp.233421I1_OBT68470.1	833	987	DNA_methylase	PF00145.23	7.6e-17
Psp.233421I1_OBT68470.1	1006	1062	DNA_methylase	PF00145.23	3.1e-07
Nirr_OLL21878.1	634	1041	DNA_methylase	PF00145.23	8.4e-26
Rnor_XP_063132320.1	43	389	DNA_methylase	PF00145.23	2.4e-26
Conlus_PSS03229.1	220	344	DNA_methylase	PF00145.23	6.5e-14
Conlus_PSS03229.1	413	476	DNA_methylase	PF00145.23	1e-09
Spar_KLO11258.1	1261	1597	DNA_methylase	PF00145.23	1.4e-25
Psp.SRC1lsM3a_OAK94723.1	665	1044	DNA_methylase	PF00145.23	3.9e-26
Oari_XP_012043829.2	1	311	DNA_methylase	PF00145.23	3e-26
Bmin_symbB.v1.2.015284.t2|scaffold1136.1|size135929|12	982	1270	DNA_methylase	PF00145.23	1.3e-24
Cucmel_XP_008445163.1	35	330	DNA_methylase	PF00145.23	3.3e-26
Soch_TCD61788.1	7	371	DNA_methylase	PF00145.23	3.1e-26
Hsap_XP_047280650.1	5	82	DNA_methylase	PF00145.23	1e-11
Hsap_XP_047280650.1	87	338	DNA_methylase	PF00145.23	1.9e-12
Rsto_RCI06493.1	5	186	DNA_methylase	PF00145.23	2.1e-26
Lmac_KAF2655998.1	691	1065	DNA_methylase	PF00145.23	4.4e-26
Mung_XP_060228950.1	5	82	DNA_methylase	PF00145.23	5.1e-11
Mung_XP_060228950.1	87	336	DNA_methylase	PF00145.23	4.1e-13
Msp.CRB83_RYP72935.1	264	398	DNA_methylase	PF00145.23	3.9e-17
Msp.CRB83_RYP72935.1	399	446	DNA_methylase	PF00145.23	3.3e-07
Mesc_XP_043815913.1	448	751	DNA_methylase	PF00145.23	4.6e-21
Concor_KXN65305.1	18	314	DNA_methylase	PF00145.23	2.7e-24
Chir_XP_017912642.1	1	311	DNA_methylase	PF00145.23	4.1e-26
Chir_XP_017912643.1	1	311	DNA_methylase	PF00145.23	4.1e-26
Dronov_XP_064362053.1	70	247	DNA_methylase	PF00145.23	8.4e-26
Agla_SAM06310.1	5	255	DNA_methylase	PF00145.23	1.7e-24
Achr_XP_029863379.1	1	331	DNA_methylase	PF00145.23	6.5e-26
Pmic_KAI6011690.1	3	351	DNA_methylase	PF00145.23	6.2e-26
Cely_KAF1942462.1	654	1036	DNA_methylase	PF00145.23	2.3e-25
Smur_PNS14139.1	284	584	DNA_methylase	PF00145.23	6.4e-24
Scri_XP_027609597.1	4	369	DNA_methylase	PF00145.23	8.4e-26
Olat_XP_023806184.1	2	306	DNA_methylase	PF00145.23	4.9e-26
Chequi_XP_021738000.1	17	191	DNA_methylase	PF00145.23	4.3e-26
Pmac_PVI00119.1	640	1019	DNA_methylase	PF00145.23	8e-25
Ppou_THH12028.1	670	865	DNA_methylase	PF00145.23	1.4e-23
Pgig_KIP04052.1	8	335	DNA_methylase	PF00145.23	1.4e-25
Gros_RIB25640.1	2	284	DNA_methylase	PF00145.23	6.2e-26
Tdic_XP_037458716.1	421	593	DNA_methylase	PF00145.23	3.7e-20
Bmus_XP_036699887.1	1	325	DNA_methylase	PF00145.23	6.3e-26
Bmus_XP_036699888.1	1	325	DNA_methylase	PF00145.23	6.3e-26
Bmus_XP_036699889.1	1	325	DNA_methylase	PF00145.23	6.3e-26
Bmus_XP_036699890.1	1	325	DNA_methylase	PF00145.23	6.3e-26
Rvin_OAX42581.1	4	351	DNA_methylase	PF00145.23	1.2e-25
Asat_cds.AVESA.00001b.r3.3Ag0001570.3	5	316	DNA_methylase	PF00145.23	6.3e-26
Sdau_ENSSDAP00000003303.1	26	105	DNA_methylase	PF00145.23	1e-09
Sdau_ENSSDAP00000003303.1	110	364	DNA_methylase	PF00145.23	4.1e-14
Asat_cds.AVESA.00001b.r3.3Dg0001130.1	5	316	DNA_methylase	PF00145.23	6.9e-26
Veff_QDS77999.1	503	722	DNA_methylase	PF00145.23	1.2e-19
Lbic_XP_001873676.1	4	327	DNA_methylase	PF00145.23	6.7e-26
Obar_OBART07G05330.1	1106	1214	DNA_methylase	PF00145.23	5.4e-07
Obar_OBART07G05330.1	1354	1437	DNA_methylase	PF00145.23	6e-16
Rros_XP_047778993.1	5	376	DNA_methylase	PF00145.23	2.4e-25
Taes_XP_044425637.1	373	542	DNA_methylase	PF00145.23	5.3e-20
Lcor_XP_017672754.1	75	249	DNA_methylase	PF00145.23	7.9e-26
Slig_RFU29375.1	458	578	DNA_methylase	PF00145.23	1e-11
Slig_RFU29375.1	670	724	DNA_methylase	PF00145.23	5.6e-10
Plae_KAI0979295.1	20	191	DNA_methylase	PF00145.23	7e-26
Mzeb_XP_004573742.1	1	306	DNA_methylase	PF00145.23	8.8e-26
Oriv_OCH88975.1	20	376	DNA_methylase	PF00145.23	9.1e-26
Psp.VKMF4517_KFY92750.1	217	397	DNA_methylase	PF00145.23	8.9e-26
Psom_XP_026441864.1	15	188	DNA_methylase	PF00145.23	8.3e-26
Dpri_XP_040631921.1	235	439	DNA_methylase	PF00145.23	3.8e-25
Jreg_XP_018834795.1	14	198	DNA_methylase	PF00145.23	8.3e-26
Vmal_ROW10471.1	303	489	DNA_methylase	PF00145.23	3.2e-19
Krymar_XP_017269527.1	1	305	DNA_methylase	PF00145.23	1.3e-25
Odis_KAF2819574.1	544	927	DNA_methylase	PF00145.23	1.5e-25
Msp.5C6A_RYP78688.1	289	423	DNA_methylase	PF00145.23	1.3e-16
Msp.5C6A_RYP78688.1	424	471	DNA_methylase	PF00145.23	3.6e-07
Mebu_KAF2640227.1	664	1034	DNA_methylase	PF00145.23	5.4e-25
Ncol_XP_031480866.1	15	195	DNA_methylase	PF00145.23	8.9e-26
Sfel_L889_g10168.t1	18	322	DNA_methylase	PF00145.23	2.5e-23
Ncol_XP_031480786.1	15	195	DNA_methylase	PF00145.23	9.3e-26
Ggor_XP_063565987.1	5	106	DNA_methylase	PF00145.23	4.5e-16
Ggor_XP_063565987.1	111	342	DNA_methylase	PF00145.23	2.1e-07
Alec_OAA75240.1	332	416	DNA_methylase	PF00145.23	1.7e-11
Alec_OAA75240.1	466	535	DNA_methylase	PF00145.23	3.2e-11
Hame_XP_042205891.1	7	322	DNA_methylase	PF00145.23	2e-25
Ccit_KAF8033526.1	823	947	DNA_methylase	PF00145.23	2.8e-19
Echgra_XP_024349290.1	1	167	DNA_methylase	PF00145.23	1.6e-25
Phisub_CZR51525.1	679	914	DNA_methylase	PF00145.23	1.1e-22
Ptin_KAI6153162.1	3	351	DNA_methylase	PF00145.23	2e-25
Etel_XP_004716061.1	1	311	DNA_methylase	PF00145.23	1.8e-25
Gdil_PPQ68404.1	1	352	DNA_methylase	PF00145.23	1.9e-25
Panhal_XP_025806236.1	885	1100	DNA_methylase	PF00145.23	1.9e-20
Schcom_XP_050197080.1	5	384	DNA_methylase	PF00145.23	1.4e-24
Qsub_XP_023889465.2	570	693	DNA_methylase	PF00145.23	5.4e-19
Ppla_XP_024342267.1	802	858	DNA_methylase	PF00145.23	3.7e-08
Ppla_XP_024342267.1	1051	1122	DNA_methylase	PF00145.23	3.1e-14
Coka_Cok_S_s642_19141.t1	768	953	DNA_methylase	PF00145.23	2.6e-16
Coka_Cok_S_s642_19141.t1	1279	1345	DNA_methylase	PF00145.23	1.6e-06
Panhal_XP_025806234.1	885	1100	DNA_methylase	PF00145.23	2e-20
Cvel_Cvel_1975.t1-p1	41	256	DNA_methylase	PF00145.23	4.8e-23
Cyncar_XP_024985391.1	7	325	DNA_methylase	PF00145.23	2.5e-25
Veff_QDS70383.1	482	652	DNA_methylase	PF00145.23	1e-18
Dsil_XP_037583072.1	1256	1688	DNA_methylase	PF00145.23	1.3e-24
Vina_RDI79844.1	323	490	DNA_methylase	PF00145.23	5.6e-23
Bmin_symbB.v1.2.009498.t1|scaffold590.1|size183855|10	497	823	DNA_methylase	PF00145.23	4.4e-25
Asat_cds.AVESA.00001b.r3.5Ag0000442.15	356	488	DNA_methylase	PF00145.23	1.8e-19
Kfed_Kaladp0095s0329.1.v1.1	432	753	DNA_methylase	PF00145.23	3e-22
Poptri_XP_024453769.2	864	1022	DNA_methylase	PF00145.23	4.8e-19
Jfla_RUP44715.1	12	317	DNA_methylase	PF00145.23	4e-25
Mpus_XP_003058131.1	63	236	DNA_methylase	PF00145.23	1.5e-17
Mpus_XP_003058131.1	356	410	DNA_methylase	PF00145.23	1.6e-05
Hvar_PMD28839.1	284	362	DNA_methylase	PF00145.23	1.2e-09
Hvar_PMD28839.1	413	485	DNA_methylase	PF00145.23	8.4e-11
Zcal_XP_027451018.1	53	127	DNA_methylase	PF00145.23	4.8e-08
Zcal_XP_027451018.1	137	391	DNA_methylase	PF00145.23	5.9e-15
Natt_XP_019255426.1	12	189	DNA_methylase	PF00145.23	3.2e-25
Mvit_XP_029815482.1	223	382	DNA_methylase	PF00145.23	4.6e-25
Natt_XP_019255425.1	12	189	DNA_methylase	PF00145.23	3.2e-25
Smic_XP_031026249.1	146	416	DNA_methylase	PF00145.23	2.2e-22
Pcar_XP_007390923.1	912	1294	DNA_methylase	PF00145.23	3.1e-21
Aost_SJL05409.1	4	318	DNA_methylase	PF00145.23	1.1e-24
Ppla_XP_024344875.1	3	380	DNA_methylase	PF00145.23	1.2e-24
Poptri_XP_024453768.2	864	1022	DNA_methylase	PF00145.23	5.6e-19
Natt_XP_019255424.1	12	189	DNA_methylase	PF00145.23	3.9e-25
Ecab_XP_070111038.1	56	134	DNA_methylase	PF00145.23	1.3e-08
Ecab_XP_070111038.1	139	393	DNA_methylase	PF00145.23	3.3e-14
Fexc_FRAEX38873_v2_000140140.1.cds	5	321	DNA_methylase	PF00145.23	6.3e-25
Sara_XP_055003454.1	5	82	DNA_methylase	PF00145.23	1.7e-10
Sara_XP_055003454.1	87	342	DNA_methylase	PF00145.23	5.7e-12
Rtai_POY72664.1	1301	1661	DNA_methylase	PF00145.23	6.8e-24
Cave_XP_059441431.1	701	825	DNA_methylase	PF00145.23	2.3e-19
Natt_XP_019255423.1	12	189	DNA_methylase	PF00145.23	4e-25
Ltra_XP_021884999.1	5	351	DNA_methylase	PF00145.23	1.6e-22
Agal_PBK83158.1	1314	1534	DNA_methylase	PF00145.23	3.8e-20
Lcan_XP_030176333.1	28	221	DNA_methylase	PF00145.23	4.6e-25
Natt_XP_019255422.1	12	189	DNA_methylase	PF00145.23	4.1e-25
Natt_XP_019255419.1	12	189	DNA_methylase	PF00145.23	3.8e-25
Natt_XP_019255420.1	12	189	DNA_methylase	PF00145.23	3.8e-25
Natt_XP_019255421.1	12	189	DNA_methylase	PF00145.23	4.3e-25
Bsor_XP_007697858.1	617	992	DNA_methylase	PF00145.23	1.8e-24
Sbor_ESZ93456.1	606	749	DNA_methylase	PF00145.23	7.3e-17
Sbor_ESZ93456.1	820	869	DNA_methylase	PF00145.23	7.9e-06
Marm_XP_026148201.1	41	202	DNA_methylase	PF00145.23	5.4e-25
Rves_OJA16775.1	4	351	DNA_methylase	PF00145.23	1e-24
Asat_cds.AVESA.00001b.r3.4Cg0003342.1	715	847	DNA_methylase	PF00145.23	3.6e-19
Rsp.MUCL43196_RGB25253.1	3	213	DNA_methylase	PF00145.23	5.3e-25
Sste_KIJ26128.1	90	410	DNA_methylase	PF00145.23	3.1e-24
Ecru_scaffold26.647.cds	192	381	DNA_methylase	PF00145.23	6.4e-25
Kman_XP_019001759.1	474	893	DNA_methylase	PF00145.23	8.8e-24
Bpor_XP_038772005.1	716	836	DNA_methylase	PF00145.23	1e-12
Bpor_XP_038772005.1	880	983	DNA_methylase	PF00145.23	4.8e-08
Slal_XP_023281861.1	1	358	DNA_methylase	PF00145.23	8.5e-24
Adig_XP_015765022.1	8	154	DNA_methylase	PF00145.23	6.9e-25
Esp.FLASF59071_RUS20000.1	10	306	DNA_methylase	PF00145.23	1.5e-24
Parc_TFK91533.1	4	369	DNA_methylase	PF00145.23	5e-24
Asp.MG1_RII18055.1	622	1006	DNA_methylase	PF00145.23	2.5e-24
Halp_TFY82303.1	1079	1413	DNA_methylase	PF00145.23	1.2e-24
Lcor_XP_017695361.1	821	941	DNA_methylase	PF00145.23	2.3e-22
Mesc_XP_021597765.1	18	302	DNA_methylase	PF00145.23	1e-24
Gand_KAE9408642.1	5	331	DNA_methylase	PF00145.23	1.3e-21
Ssue_KZT42761.1	3	344	DNA_methylase	PF00145.23	1.1e-24
Tcac_XP_017973375.1	828	983	DNA_methylase	PF00145.23	4.2e-19
Tcac_XP_017973376.1	828	983	DNA_methylase	PF00145.23	4.2e-19
Ccit_KAF8009311.1	9	175	DNA_methylase	PF00145.23	1e-24
Hsub_KJA23546.1	4	381	DNA_methylase	PF00145.23	1.8e-24
Etur_XP_008027524.1	620	1004	DNA_methylase	PF00145.23	4.8e-24
Macu_XP_064935479.1	10	326	DNA_methylase	PF00145.23	1.3e-24
Macu_XP_064935480.1	10	326	DNA_methylase	PF00145.23	1.3e-24
Qsub_XP_065628217.1	91	405	DNA_methylase	PF00145.23	1.7e-23
Altten_RYO53663.1	622	992	DNA_methylase	PF00145.23	3.8e-24
Asat_cds.AVESA.00001b.r3.7Dg0003645.4	443	568	DNA_methylase	PF00145.23	1.3e-19
Lcom_lcpid148672|	2	160	DNA_methylase	PF00145.23	1.3e-24
Rhimic_XP_037272953.1	957	1138	DNA_methylase	PF00145.23	4.2e-09
Rhimic_XP_037272953.1	1315	1389	DNA_methylase	PF00145.23	1.8e-12
Macu_XP_064977387.1	10	326	DNA_methylase	PF00145.23	1.7e-24
Macu_XP_064977388.1	10	326	DNA_methylase	PF00145.23	1.7e-24
Bmin_symbB.v1.2.019581.t2|scaffold1585.1|size110488|2	19	205	DNA_methylase	PF00145.23	6.2e-23
Hsap_XP_047280649.1	5	106	DNA_methylase	PF00145.23	9.2e-16
Hsap_XP_047280649.1	111	340	DNA_methylase	PF00145.23	1.3e-06
Lper_XP_051181906.1	1246	1374	DNA_methylase	PF00145.23	6.5e-19
Asat_cds.AVESA.00001b.r3.4Cg0003342.4	1054	1186	DNA_methylase	PF00145.23	5.8e-19
Asat_cds.AVESA.00001b.r3.4Cg0003342.8	1057	1189	DNA_methylase	PF00145.23	5.8e-19
Lper_XP_051181907.1	1246	1374	DNA_methylase	PF00145.23	6.8e-19
Lcom_lcpid148671|	2	160	DNA_methylase	PF00145.23	1.4e-24
Mgal_XP_019466653.1	1027	1187	DNA_methylase	PF00145.23	2.9e-24
Asat_cds.AVESA.00001b.r3.5Ag0000442.16	356	475	DNA_methylase	PF00145.23	1.3e-18
Gmar_KAF0543321.1	29	241	DNA_methylase	PF00145.23	1.5e-24
Mnem_XP_070926530.1	30	306	DNA_methylase	PF00145.23	4.6e-21
Asat_cds.AVESA.00001b.r3.5Dg0000045.5	1068	1199	DNA_methylase	PF00145.23	6.5e-19
Asat_cds.AVESA.00001b.r3.5Ag0000442.13	1051	1183	DNA_methylase	PF00145.23	5.9e-19
Asat_cds.AVESA.00001b.r3.4Cg0003342.5	1054	1186	DNA_methylase	PF00145.23	6e-19
Asat_cds.AVESA.00001b.r3.5Ag0000442.10	1053	1185	DNA_methylase	PF00145.23	6.4e-19
Hham_KEP67685.1	273	398	DNA_methylase	PF00145.23	2.5e-15
Asat_cds.AVESA.00001b.r3.4Cg0003342.6	1056	1188	DNA_methylase	PF00145.23	6.1e-19
Prub_KIK91541.1	22	377	DNA_methylase	PF00145.23	2.4e-24
Aalt_XP_018378734.1	638	1022	DNA_methylase	PF00145.23	1.5e-23
Rtor_XP_016276850.1	1205	1585	DNA_methylase	PF00145.23	5.8e-24
Cust_XP_032924866.1	20	330	DNA_methylase	PF00145.23	2e-24
Iper_KAG0422342.1	1010	1444	DNA_methylase	PF00145.23	4.4e-23
Acit_THH26585.1	5	368	DNA_methylase	PF00145.23	4.6e-24
Emue_Em0007g978a	1	48	DNA_methylase	PF00145.23	1.6e-06
Emue_Em0007g978a	216	305	DNA_methylase	PF00145.23	7.8e-16
Tcan_KHN80752.1	13	181	DNA_methylase	PF00145.23	2e-24
Dord_XP_012870070.1	20	322	DNA_methylase	PF00145.23	2.1e-24
Sniv_KZS90345.1	3	346	DNA_methylase	PF00145.23	2.9e-24
Ttur_VAI06910.1	982	1107	DNA_methylase	PF00145.23	4.8e-19
Ttur_VAI06911.1	982	1107	DNA_methylase	PF00145.23	4.8e-19
Astrub_XP_033640763.1	1064	1196	DNA_methylase	PF00145.23	4.7e-18
Rsan_XP_037529727.1	981	1162	DNA_methylase	PF00145.23	3.3e-10
Rsan_XP_037529727.1	1347	1413	DNA_methylase	PF00145.23	8.9e-12
Asat_cds.AVESA.00001b.r3.3Cg0000112.5	217	327	DNA_methylase	PF00145.23	6.8e-19
Asat_cds.AVESA.00001b.r3.5Dg0000045.11	1053	1180	DNA_methylase	PF00145.23	1.1e-18
Vang_XP_052728000.1	642	818	DNA_methylase	PF00145.23	1.7e-19
Asat_cds.AVESA.00001b.r3.4Cg0003342.7	1060	1186	DNA_methylase	PF00145.23	1.3e-18
Nvec_XP_048585587.1	497	636	DNA_methylase	PF00145.23	2.8e-19
Asat_cds.AVESA.00001b.r3.5Ag0000442.1	1067	1194	DNA_methylase	PF00145.23	1.1e-18
Psip_KAF2711651.1	107	471	DNA_methylase	PF00145.23	1.4e-23
Asat_cds.AVESA.00001b.r3.5Dg0000045.7	1059	1186	DNA_methylase	PF00145.23	1.1e-18
Asat_cds.AVESA.00001b.r3.5Ag0000442.5	1059	1186	DNA_methylase	PF00145.23	1.1e-18
Tver_XP_008033359.1	4	366	DNA_methylase	PF00145.23	5e-24
Cmin_TKA71985.1	586	767	DNA_methylase	PF00145.23	4.3e-24
Aarb_XP_028501112.1	659	1043	DNA_methylase	PF00145.23	1.5e-23
Ttur_VAH61660.1	8	206	DNA_methylase	PF00145.23	3.2e-24
Sollyc_XP_025888103.1	11	190	DNA_methylase	PF00145.23	3.6e-24
Asat_cds.AVESA.00001b.r3.5Dg0000045.17	606	724	DNA_methylase	PF00145.23	2.6e-18
Grai_XP_012475602.1	819	939	DNA_methylase	PF00145.23	3.9e-19
Fsim_TKA73545.1	289	432	DNA_methylase	PF00145.23	2.9e-15
Fsim_TKA73545.1	507	566	DNA_methylase	PF00145.23	1.4e-06
Ttur_VAH89534.1	978	1103	DNA_methylase	PF00145.23	9.1e-19
Taes_XP_044340513.1	8	206	DNA_methylase	PF00145.23	3.9e-24
Tdic_XP_037405865.1	8	206	DNA_methylase	PF00145.23	3.9e-24
Tdic_XP_037405866.1	8	206	DNA_methylase	PF00145.23	3.9e-24
Tdic_XP_037405867.1	8	206	DNA_methylase	PF00145.23	3.9e-24
Tspe_TraesTSP3A01G242600.1	8	206	DNA_methylase	PF00145.23	3.9e-24
Ttur_VAH61659.1	8	206	DNA_methylase	PF00145.23	3.9e-24
Ssp.palustris_TPX56697.1	67	186	DNA_methylase	PF00145.23	4.4e-24
Myes_XP_021368213.1	1	110	DNA_methylase	PF00145.23	1.1e-14
Myes_XP_021368213.1	352	448	DNA_methylase	PF00145.23	3.4e-07
Maur_XP_040611400.1	5	106	DNA_methylase	PF00145.23	1.1e-15
Maur_XP_040611400.1	112	336	DNA_methylase	PF00145.23	6e-06
Asuu_AgR037_g090_t05	13	154	DNA_methylase	PF00145.23	5.5e-24
Asuu_AgR037_g090_t07	13	154	DNA_methylase	PF00145.23	5.5e-24
Asuu_AgR037_g090_t09	13	154	DNA_methylase	PF00145.23	5.5e-24
Asuu_AgR037_g090_t10	13	154	DNA_methylase	PF00145.23	5.5e-24
Cave_XP_059459767.1	27	328	DNA_methylase	PF00145.23	6.9e-24
Kdej_XP_065824733.1	416	838	DNA_methylase	PF00145.23	6.1e-23
Hsap_XP_047280651.1	5	106	DNA_methylase	PF00145.23	8.5e-16
Hsap_XP_047280651.1	111	336	DNA_methylase	PF00145.23	5.9e-06
Pspo_XP_018033921.1	537	921	DNA_methylase	PF00145.23	3.8e-23
Taes_XP_044363073.1	984	1108	DNA_methylase	PF00145.23	1e-18
Bmin_symbB.v1.2.007645.t1|scaffold473.1|size199764|3	1	101	DNA_methylase	PF00145.23	8.1e-24
Tura_XP_048571531.1	984	1108	DNA_methylase	PF00145.23	1e-18
Hirr_XP_009541681.1	6	325	DNA_methylase	PF00145.23	9.9e-23
Stub_XP_006364272.1	11	187	DNA_methylase	PF00145.23	7.3e-24
Tpra_XP_045811270.1	422	601	DNA_methylase	PF00145.23	5.7e-19
Lbru_RDX51464.1	4	369	DNA_methylase	PF00145.23	4.5e-23
Gpro_KXS18465.1	7	171	DNA_methylase	PF00145.23	1.2e-22
Gdil_PPQ64318.1	751	980	DNA_methylase	PF00145.23	1.4e-22
Ttur_VAI06907.1	2	61	DNA_methylase	PF00145.23	4.8e-07
Ttur_VAI06907.1	257	306	DNA_methylase	PF00145.23	1.6e-14
Tcoc_OSD05632.1	4	368	DNA_methylase	PF00145.23	9.9e-23
Tgut_XP_030120462.3	21	329	DNA_methylase	PF00145.23	1.5e-23
Isca_XP_040065935.1	1009	1444	DNA_methylase	PF00145.23	2.2e-22
Leeper_LPERR01G01500.5	366	488	DNA_methylase	PF00145.23	9.5e-17
Lsat_XP_023735283.1	13	181	DNA_methylase	PF00145.23	1e-23
Mpol_BFI39411.1	538	665	DNA_methylase	PF00145.23	1.3e-19
Mmul_XP_028681859.1	42	344	DNA_methylase	PF00145.23	1.3e-23
Pmac_PVI06787.1	305	481	DNA_methylase	PF00145.23	1.8e-18
Worn_XP_033649695.1	646	1026	DNA_methylase	PF00145.23	1.9e-23
Asat_cds.AVESA.00001b.r3.5Dg0000045.2	1073	1191	DNA_methylase	PF00145.23	5.4e-18
Xmul_KAF2971678.1	331	484	DNA_methylase	PF00145.23	3.9e-23
Dcay_XP_039134811.1	612	735	DNA_methylase	PF00145.23	6.7e-19
Mfas_XP_005564789.3	26	328	DNA_methylase	PF00145.23	1.6e-23
Mfas_XP_065376453.1	26	328	DNA_methylase	PF00145.23	1.6e-23
Cabi_XP_032644156.1	1	300	DNA_methylase	PF00145.23	2.4e-23
Mytres_XP_033577522.1	328	494	DNA_methylase	PF00145.23	3.4e-23
Jreg_XP_018806588.1	825	949	DNA_methylase	PF00145.23	7.5e-19
Rrox_XP_030796873.1	42	344	DNA_methylase	PF00145.23	1.7e-23
Lang_XP_019421904.1	455	582	DNA_methylase	PF00145.23	1.1e-17
Bmin_symbB.v1.2.007022.t1|scaffold427.1|size208084|4	15	115	DNA_methylase	PF00145.23	7e-21
Jreg_XP_018806587.1	825	949	DNA_methylase	PF00145.23	7.9e-19
Pcar_XP_007389852.1	14	357	DNA_methylase	PF00145.23	3.1e-23
Mfas_XP_045255569.2	42	344	DNA_methylase	PF00145.23	1.9e-23
Sollyc_XP_069143812.1	677	807	DNA_methylase	PF00145.23	9.1e-19
Asol_PBK62957.1	1302	1521	DNA_methylase	PF00145.23	3.5e-19
Rdio_TNY24481.1	1211	1647	DNA_methylase	PF00145.23	1.3e-22
Bmes_THH17188.1	25	198	DNA_methylase	PF00145.23	4.8e-21
Symmic_OLQ03391.1	260	378	DNA_methylase	PF00145.23	5.1e-11
Symmic_OLQ03391.1	417	643	DNA_methylase	PF00145.23	5.1e-10
Dsym_XP_033528780.1	649	1030	DNA_methylase	PF00145.23	3.8e-23
Bzei_XP_007716456.1	617	996	DNA_methylase	PF00145.23	7.1e-23
Dbis_THU75359.1	34	174	DNA_methylase	PF00145.23	2.9e-23
Panu_XP_017810471.2	11	312	DNA_methylase	PF00145.23	2.5e-23
Mnem_XP_011750391.2	26	328	DNA_methylase	PF00145.23	2.5e-23
Mnem_XP_011750392.2	26	328	DNA_methylase	PF00145.23	2.5e-23
Dasnov_XP_071071608.1	83	382	DNA_methylase	PF00145.23	3.9e-22
Dasnov_XP_071071609.1	83	382	DNA_methylase	PF00145.23	3.9e-22
Dsqu_XP_007371548.1	6	356	DNA_methylase	PF00145.23	3.5e-23
Panu_XP_009198078.2	42	344	DNA_methylase	PF00145.23	2.7e-23
Panu_XP_017810470.2	42	344	DNA_methylase	PF00145.23	2.7e-23
Panu_XP_031508331.1	42	344	DNA_methylase	PF00145.23	2.7e-23
Acey_EYC40293.1	11	225	DNA_methylase	PF00145.23	3.4e-23
Caty_XP_011911372.1	42	344	DNA_methylase	PF00145.23	2.7e-23
Caty_XP_011911373.1	42	344	DNA_methylase	PF00145.23	2.7e-23
Kpin_XP_070058673.1	424	844	DNA_methylase	PF00145.23	1.3e-22
Ttur_VAH89533.1	978	1095	DNA_methylase	PF00145.23	3.4e-18
Tgon_XP_002366399.2	264	397	DNA_methylase	PF00145.23	7.7e-15
Osp.lucimarinus_ABO96938.1	42	395	DNA_methylase	PF00145.23	6e-23
Ttur_VAH89532.1	978	1095	DNA_methylase	PF00145.23	3.4e-18
Pcro_KIM81686.1	10	336	DNA_methylase	PF00145.23	2.5e-22
Valf_XP_003005645.1	850	1131	DNA_methylase	PF00145.23	1.4e-16
Acey_EYC40294.1	2	216	DNA_methylase	PF00145.23	3.9e-23
Mjap_MIJAPON000009134.t1	6	171	DNA_methylase	PF00145.23	3e-23
Arow_XP_025942929.1	21	330	DNA_methylase	PF00145.23	5.9e-23
Reme_XP_013328975.1	190	578	DNA_methylase	PF00145.23	2.8e-23
Piltep_XP_023078987.1	42	344	DNA_methylase	PF00145.23	3.6e-23
Symmic_OLQ07580.1	61	177	DNA_methylase	PF00145.23	1.6e-10
Symmic_OLQ07580.1	342	568	DNA_methylase	PF00145.23	6.8e-10
Ccan_XP_020041213.1	20	323	DNA_methylase	PF00145.23	4.2e-23
Ccan_XP_020041214.1	20	323	DNA_methylase	PF00145.23	4.2e-23
Csab_XP_008000580.2	42	344	DNA_methylase	PF00145.23	3.9e-23
Csab_XP_008000581.2	42	344	DNA_methylase	PF00145.23	3.9e-23
Ggor_XP_055208215.1	18	320	DNA_methylase	PF00145.23	4e-23
Mpul_KAF2800584.1	101	470	DNA_methylase	PF00145.23	1.1e-22
Phir_KAI8920233.1	660	886	DNA_methylase	PF00145.23	2.6e-20
Tsp.T8_KRZ94515.1	4	205	DNA_methylase	PF00145.23	1.2e-22
Tsp.T8_KRZ94516.1	4	205	DNA_methylase	PF00145.23	1.2e-22
Ggal_XP_046777925.1	1	305	DNA_methylase	PF00145.23	5.4e-23
Ggal_XP_046777926.1	1	305	DNA_methylase	PF00145.23	5.4e-23
Lcor_XP_017672755.1	20	331	DNA_methylase	PF00145.23	5.3e-23
Lcor_XP_017672756.1	20	331	DNA_methylase	PF00145.23	5.3e-23
Lcor_XP_017672757.1	20	331	DNA_methylase	PF00145.23	5.3e-23
Lcor_XP_017672758.1	20	331	DNA_methylase	PF00145.23	5.3e-23
Symmic_OLP96046.1	881	1195	DNA_methylase	PF00145.23	5.6e-23
Psp.CONT_KZV64324.1	3	377	DNA_methylase	PF00145.23	9.2e-23
Ledo_XP_046092542.1	10	339	DNA_methylase	PF00145.23	4e-19
Naci_XP_033593941.1	360	733	DNA_methylase	PF00145.23	7.9e-23
Vmal_ROV98063.1	310	364	DNA_methylase	PF00145.23	1.3e-05
Vmal_ROV98063.1	474	536	DNA_methylase	PF00145.23	9.6e-08
Shab_XP_030339154.1	21	330	DNA_methylase	PF00145.23	7.4e-23
Parc_TFK77871.1	5	370	DNA_methylase	PF00145.23	1.3e-21
Halp_TFY73492.1	39	84	DNA_methylase	PF00145.23	1.1e-07
Halp_TFY73492.1	98	333	DNA_methylase	PF00145.23	3.7e-13
Cmin_TKA68075.1	500	659	DNA_methylase	PF00145.23	1.9e-22
Fcat_XP_044916888.1	9	307	DNA_methylase	PF00145.23	5.7e-23
Parcla_CAB4000176.1	711	864	DNA_methylase	PF00145.23	8.3e-23
Etur_XP_008027407.1	133	498	DNA_methylase	PF00145.23	1.2e-22
Bmin_symbB.v1.2.010841.t2|scaffold717.1|size169572|3	364	516	DNA_methylase	PF00145.23	7e-23
Fcyl_OEU18371.1	17	165	DNA_methylase	PF00145.23	2.3e-16
Lcom_lcpid149235|	1	157	DNA_methylase	PF00145.23	5.5e-23
Lcom_lcpid149337|	1	157	DNA_methylase	PF00145.23	5.5e-23
Dsep_EME41991.1	385	755	DNA_methylase	PF00145.23	1.1e-22
Cjac_XP_054114457.1	26	328	DNA_methylase	PF00145.23	6.3e-23
Pabe_XP_054377978.1	59	361	DNA_methylase	PF00145.23	6.5e-23
Ppan_XP_054948421.1	18	313	DNA_methylase	PF00145.23	6.3e-23
Msil_SGY18960.1	1247	1733	DNA_methylase	PF00145.23	3e-21
Tsp.T6_KRX85027.1	4	205	DNA_methylase	PF00145.23	1.8e-22
Samp_TRM57176.1	4	179	DNA_methylase	PF00145.23	7e-23
Dbis_THU88196.1	29	407	DNA_methylase	PF00145.23	1.2e-22
Tsp.T6_KRX85025.1	4	205	DNA_methylase	PF00145.23	1.8e-22
Rgra_XP_018272345.1	1131	1328	DNA_methylase	PF00145.23	2e-13
Rgra_XP_018272345.1	1500	1563	DNA_methylase	PF00145.23	4.1e-07
Lcom_lcpid149248|	1	157	DNA_methylase	PF00145.23	6.3e-23
Lcom_lcpid149256|	1	157	DNA_methylase	PF00145.23	6.3e-23
Acom_XP_020106033.1	19	338	DNA_methylase	PF00145.23	7.8e-23
Mvit_XP_029817739.1	20	330	DNA_methylase	PF00145.23	9.5e-23
Mvit_XP_029817740.1	20	330	DNA_methylase	PF00145.23	9.5e-23
Mvit_XP_029817741.1	20	330	DNA_methylase	PF00145.23	9.5e-23
Mvit_XP_029817742.1	20	330	DNA_methylase	PF00145.23	9.5e-23
Mvit_XP_029817743.1	20	330	DNA_methylase	PF00145.23	9.5e-23
Clux_KIK66108.1	11	181	DNA_methylase	PF00145.23	1.7e-19
Mesc_XP_043815914.1	448	638	DNA_methylase	PF00145.23	3.3e-18
Mpur_BDD63035.1	131	520	DNA_methylase	PF00145.23	6.1e-23
Ojav_RVE59158.1	11	134	DNA_methylase	PF00145.23	7.1e-23
Taes_XP_044428729.1	575	756	DNA_methylase	PF00145.23	1e-17
Cpug_XP_014801994.1	21	330	DNA_methylase	PF00145.23	1.2e-22
Cpug_XP_014802002.1	21	330	DNA_methylase	PF00145.23	1.2e-22
Cpug_XP_014802010.1	21	330	DNA_methylase	PF00145.23	1.2e-22
Cpug_XP_014802019.1	21	330	DNA_methylase	PF00145.23	1.2e-22
Cpug_XP_014802026.1	21	330	DNA_methylase	PF00145.23	1.2e-22
Spur_XP_030840514.1	1023	1157	DNA_methylase	PF00145.23	6.9e-18
Acun_XP_026699260.1	21	331	DNA_methylase	PF00145.23	1.4e-22
Clum_XP_034416337.1	13	299	DNA_methylase	PF00145.23	1e-22
Ppan_XP_008954822.1	18	320	DNA_methylase	PF00145.23	1e-22
Poptri_XP_052309466.1	17	63	DNA_methylase	PF00145.23	2.6e-05
Poptri_XP_052309466.1	68	309	DNA_methylase	PF00145.23	1.9e-15
Spur_XP_030840512.1	1059	1193	DNA_methylase	PF00145.23	7.1e-18
Mgal_XP_031409762.1	21	328	DNA_methylase	PF00145.23	1.2e-22
Kbes_XP_019050445.1	475	892	DNA_methylase	PF00145.23	1.4e-21
Astrub_XP_033640764.1	1030	1163	DNA_methylase	PF00145.23	1.9e-16
Fcat_XP_023112168.2	5	105	DNA_methylase	PF00145.23	3e-13
Fcat_XP_023112168.2	111	338	DNA_methylase	PF00145.23	2.5e-07
Dasnov_XP_004483787.2	10	87	DNA_methylase	PF00145.23	4.7e-10
Dasnov_XP_004483787.2	159	310	DNA_methylase	PF00145.23	1.7e-10
Astrub_XP_033640762.1	1064	1197	DNA_methylase	PF00145.23	2e-16
Bmin_symbB.v1.2.007645.t2|scaffold473.1|size199764|3	1	89	DNA_methylase	PF00145.23	1.2e-22
Bory_XP_007683681.1	620	996	DNA_methylase	PF00145.23	3.5e-22
Mung_XP_060228952.1	1	289	DNA_methylase	PF00145.23	1.4e-22
Mung_XP_060228953.1	1	289	DNA_methylase	PF00145.23	1.4e-22
Ttur_VAI52680.1	303	415	DNA_methylase	PF00145.23	4.5e-17
Cimi_XP_037594935.1	26	328	DNA_methylase	PF00145.23	1.4e-22
Nmel_XP_021243135.1	16	329	DNA_methylase	PF00145.23	2.9e-22
Nmel_XP_021243136.1	16	329	DNA_methylase	PF00145.23	2.9e-22
Nmel_XP_021243138.1	16	329	DNA_methylase	PF00145.23	2.9e-22
Ttru_XP_019789068.1	20	327	DNA_methylase	PF00145.23	1.5e-22
Ttru_XP_019789070.1	20	327	DNA_methylase	PF00145.23	1.5e-22
Ttru_XP_033708378.1	20	327	DNA_methylase	PF00145.23	1.5e-22
Hham_KEP65055.1	461	596	DNA_methylase	PF00145.23	1e-14
Lpal_OCK78480.1	673	1051	DNA_methylase	PF00145.23	2.2e-21
Pleo_XP_042800944.1	20	322	DNA_methylase	PF00145.23	1.7e-22
Pleo_XP_042800945.1	20	322	DNA_methylase	PF00145.23	1.7e-22
Pleo_XP_042800946.1	20	322	DNA_methylase	PF00145.23	1.7e-22
Pleo_XP_042800947.1	20	322	DNA_methylase	PF00145.23	1.7e-22
Pleo_XP_042800948.1	20	322	DNA_methylase	PF00145.23	1.7e-22
Pleo_XP_042800949.1	20	322	DNA_methylase	PF00145.23	1.7e-22
Pleo_XP_042800950.1	20	322	DNA_methylase	PF00145.23	1.7e-22
Pleo_XP_042800951.1	20	322	DNA_methylase	PF00145.23	1.7e-22
Ptig_XP_042847089.1	20	322	DNA_methylase	PF00145.23	1.7e-22
Ptig_XP_042847090.1	20	322	DNA_methylase	PF00145.23	1.7e-22
Ptig_XP_042847091.1	20	322	DNA_methylase	PF00145.23	1.7e-22
Ptig_XP_042847093.1	20	322	DNA_methylase	PF00145.23	1.7e-22
Ptig_XP_042847094.1	20	322	DNA_methylase	PF00145.23	1.7e-22
Ptig_XP_042847095.1	20	322	DNA_methylase	PF00145.23	1.7e-22
Ptig_XP_042847096.1	20	322	DNA_methylase	PF00145.23	1.7e-22
Ptig_XP_042847097.1	20	322	DNA_methylase	PF00145.23	1.7e-22
Ptig_XP_042847098.1	20	322	DNA_methylase	PF00145.23	1.7e-22
Apla_XP_022092551.1	1414	1547	DNA_methylase	PF00145.23	1.9e-18
Apla_XP_022092552.1	1414	1547	DNA_methylase	PF00145.23	1.9e-18
Apla_XP_022092553.1	1414	1547	DNA_methylase	PF00145.23	1.9e-18
Slut_KIK37427.1	4	191	DNA_methylase	PF00145.23	1.4e-22
Bmin_symbB.v1.2.017078.t1|scaffold1321.1|size125397|1	832	1145	DNA_methylase	PF00145.23	6.8e-21
Gtra_XP_007860231.1	5	335	DNA_methylase	PF00145.23	1.5e-21
Bmin_symbB.v1.2.003309.t1|scaffold182.1|size414077|22	1303	1422	DNA_methylase	PF00145.23	1e-10
Bmin_symbB.v1.2.003309.t1|scaffold182.1|size414077|22	1461	1594	DNA_methylase	PF00145.23	9.8e-06
Sans_XP_016327419.1	12	219	DNA_methylase	PF00145.23	1.8e-22
Apla_XP_022092555.1	1382	1515	DNA_methylase	PF00145.23	1.8e-18
Sorb_XP_029979542.1	5	124	DNA_methylase	PF00145.23	1.9e-22
Nper_XP_025895188.1	21	330	DNA_methylase	PF00145.23	3.6e-22
Dleu_XP_022436309.1	20	327	DNA_methylase	PF00145.23	2.4e-22
Dleu_XP_022436310.1	20	327	DNA_methylase	PF00145.23	2.4e-22
Dleu_XP_022436311.1	20	327	DNA_methylase	PF00145.23	2.4e-22
Dleu_XP_022436313.1	20	327	DNA_methylase	PF00145.23	2.4e-22
Dleu_XP_022436314.1	20	327	DNA_methylase	PF00145.23	2.4e-22
Lcan_XP_030176329.1	20	322	DNA_methylase	PF00145.23	2.7e-22
Lcan_XP_030176330.1	20	322	DNA_methylase	PF00145.23	2.7e-22
Lcan_XP_030176331.1	20	322	DNA_methylase	PF00145.23	2.7e-22
Lcan_XP_030176332.1	20	322	DNA_methylase	PF00145.23	2.7e-22
Pdam_XP_027053693.1	434	567	DNA_methylase	PF00145.23	4.8e-19
Omai_KIN06480.1	92	250	DNA_methylase	PF00145.23	4.2e-22
Dasnov_XP_012377148.2	20	319	DNA_methylase	PF00145.23	2.9e-22
Bmin_symbB.v1.2.036965.t1|scaffold5342.1|size29346|2	261	410	DNA_methylase	PF00145.23	4.4e-22
Bmin_symbB.v1.2.008949.t1|scaffold554.1|size187895|3	1170	1512	DNA_methylase	PF00145.23	3.2e-21
Zcal_XP_027451020.1	20	322	DNA_methylase	PF00145.23	3.1e-22
Zcal_XP_027451021.1	20	322	DNA_methylase	PF00145.23	3.1e-22
Zcal_XP_027451022.1	20	322	DNA_methylase	PF00145.23	3.1e-22
Zcal_XP_027451024.1	20	322	DNA_methylase	PF00145.23	3.1e-22
Zcal_XP_027451025.1	20	322	DNA_methylase	PF00145.23	3.1e-22
Zcal_XP_027451026.1	20	322	DNA_methylase	PF00145.23	3.1e-22
Zcal_XP_027451027.1	20	322	DNA_methylase	PF00145.23	3.1e-22
Gros_RIB25652.1	3	165	DNA_methylase	PF00145.23	2.7e-22
Lsul_XP_040766672.1	5	330	DNA_methylase	PF00145.23	3.7e-22
Khev_OCF31663.1	484	572	DNA_methylase	PF00145.23	1.3e-05
Khev_OCF31663.1	619	873	DNA_methylase	PF00145.23	2.4e-13
Ptro_XP_016818214.2	18	320	DNA_methylase	PF00145.23	3.9e-22
Gaeg_XP_041350770.1	370	500	DNA_methylase	PF00145.23	2.2e-19
Amil_XP_029213858.1	435	566	DNA_methylase	PF00145.23	6.7e-19
Adig_XP_015756999.1	435	566	DNA_methylase	PF00145.23	6.7e-19
Olon_KN539184.1_FGP006	493	605	DNA_methylase	PF00145.23	1.6e-17
Fmed_XP_007266076.1	4	339	DNA_methylase	PF00145.23	8.8e-22
Eaqu_XP_013265572.1	650	1014	DNA_methylase	PF00145.23	7.2e-22
Symmic_OLP94068.1	1063	1185	DNA_methylase	PF00145.23	7.8e-22
Tdic_XP_037462656.1	351	535	DNA_methylase	PF00145.23	1.4e-17
Vpac_XP_031540962.1	21	317	DNA_methylase	PF00145.23	4.5e-22
Vpac_XP_031540963.1	21	317	DNA_methylase	PF00145.23	4.5e-22
Vpac_XP_031540964.1	21	317	DNA_methylase	PF00145.23	4.5e-22
Aqui_KAF1916338.1	671	1050	DNA_methylase	PF00145.23	1.6e-21
Hlab_XP_017797084.1	1	130	DNA_methylase	PF00145.23	1.3e-18
Mmus_NP_001403926.1	1	297	DNA_methylase	PF00145.23	4.9e-22
Mmus_NP_001403927.1	1	297	DNA_methylase	PF00145.23	4.9e-22
Bmin_symbB.v1.2.035246.t2|scaffold4701.1|size36161|2	566	727	DNA_methylase	PF00145.23	1.7e-20
Cgri_XP_035298706.1	1	287	DNA_methylase	PF00145.23	6.9e-22
Cgri_XP_035298707.1	1	287	DNA_methylase	PF00145.23	6.9e-22
Dsp.KUC8613_KAA1474362.1	1116	1441	DNA_methylase	PF00145.23	2.5e-21
Jfla_RUP44925.1	5	166	DNA_methylase	PF00145.23	5.8e-22
Bmut_XP_070238002.1	20	322	DNA_methylase	PF00145.23	7.2e-22
Bmut_XP_070238003.1	20	322	DNA_methylase	PF00145.23	7.2e-22
Cucsat_XP_011649804.2	35	315	DNA_methylase	PF00145.23	1.3e-21
Hsap_NP_001338151.1	1	284	DNA_methylase	PF00145.23	6.8e-22
Hsap_NP_001338152.1	1	284	DNA_methylase	PF00145.23	6.8e-22
Aost_SJL04902.1	1397	1613	DNA_methylase	PF00145.23	9.8e-18
Psp.DS3sAY3a_OAL44974.1	645	1027	DNA_methylase	PF00145.23	4.1e-21
Aoff_XP_020242350.1	19	291	DNA_methylase	PF00145.23	7.1e-22
Aoff_XP_020242351.1	19	291	DNA_methylase	PF00145.23	7.1e-22
Ltig_XP_067529348.1	4	372	DNA_methylase	PF00145.23	4.6e-21
Pmul_VEU35163.1	251	559	DNA_methylase	PF00145.23	1.3e-13
Bbis_XP_010858279.1	20	322	DNA_methylase	PF00145.23	9.1e-22
Bbis_XP_010858280.1	20	322	DNA_methylase	PF00145.23	9.1e-22
Bbis_XP_010858282.1	20	322	DNA_methylase	PF00145.23	9.1e-22
Bbis_XP_010858283.1	20	322	DNA_methylase	PF00145.23	9.1e-22
Bbis_XP_010858284.1	20	322	DNA_methylase	PF00145.23	9.1e-22
Psom_XP_026430412.1	169	320	DNA_methylase	PF00145.23	6.7e-18
Psom_XP_026430413.1	169	320	DNA_methylase	PF00145.23	6.7e-18
Bnov_KAF1973283.1	654	1040	DNA_methylase	PF00145.23	1.2e-20
Hrob_XP_009023046.1	409	572	DNA_methylase	PF00145.23	1.1e-19
Bbas_XP_008595681.1	339	423	DNA_methylase	PF00145.23	1.6e-07
Bbas_XP_008595681.1	490	559	DNA_methylase	PF00145.23	9.4e-11
Bmes_THH17181.1	745	994	DNA_methylase	PF00145.23	4e-20
Shae_XP_051066515.1	4	277	DNA_methylase	PF00145.23	1.3e-21
Tura_XP_048540263.1	436	618	DNA_methylase	PF00145.23	2.2e-17
Apla_XP_022092554.1	1414	1546	DNA_methylase	PF00145.23	1.1e-17
Bvul_XP_048500700.1	838	922	DNA_methylase	PF00145.23	1.7e-17
Anam_XP_013426074.1	39	415	DNA_methylase	PF00145.23	2.7e-21
Ecab_XP_070111040.1	1	290	DNA_methylase	PF00145.23	1.4e-21
Ecab_XP_070111041.1	1	290	DNA_methylase	PF00145.23	1.4e-21
Ecab_XP_070111042.1	1	290	DNA_methylase	PF00145.23	1.4e-21
Psom_XP_026430411.1	216	367	DNA_methylase	PF00145.23	8.7e-18
Psom_XP_026430410.1	216	367	DNA_methylase	PF00145.23	8.7e-18
Bmin_symbB.v1.2.035246.t1|scaffold4701.1|size36161|2	277	436	DNA_methylase	PF00145.23	7.8e-21
Arab_XP_038802737.1	448	801	DNA_methylase	PF00145.23	1.9e-21
Dexi_XP_033452013.1	601	954	DNA_methylase	PF00145.23	2.1e-21
Cmer_XP_005538347.1	388	515	DNA_methylase	PF00145.23	6e-20
Lcor_XP_017672751.1	16	301	DNA_methylase	PF00145.23	1.2e-20
Mfas_XP_065376455.1	16	292	DNA_methylase	PF00145.23	9.2e-21
Damp_KKY33519.1	287	445	DNA_methylase	PF00145.23	2.5e-13
Damp_KKY33519.1	500	562	DNA_methylase	PF00145.23	2.2e-05
Qlob_XP_030923971.1	436	618	DNA_methylase	PF00145.23	1.7e-17
Bind_XP_019828671.2	20	322	DNA_methylase	PF00145.23	1.6e-21
Bind_XP_070656982.1	20	322	DNA_methylase	PF00145.23	1.6e-21
Bind_XP_070656983.1	20	322	DNA_methylase	PF00145.23	1.6e-21
Bind_XP_070656984.1	20	322	DNA_methylase	PF00145.23	1.6e-21
Bind_XP_070656985.1	20	322	DNA_methylase	PF00145.23	1.6e-21
Btau_XP_015329465.1	20	322	DNA_methylase	PF00145.23	1.6e-21
Btau_XP_024856100.1	20	322	DNA_methylase	PF00145.23	1.6e-21
Btau_XP_024856101.1	20	322	DNA_methylase	PF00145.23	1.6e-21
Btau_XP_024856102.1	20	322	DNA_methylase	PF00145.23	1.6e-21
Btau_XP_024856103.1	20	322	DNA_methylase	PF00145.23	1.6e-21
Btau_XP_059748394.1	20	322	DNA_methylase	PF00145.23	1.6e-21
Btau_XP_059748395.1	20	322	DNA_methylase	PF00145.23	1.6e-21
Anccan_RCN25437.1	11	225	DNA_methylase	PF00145.23	2.7e-21
Cgeo_XP_067505993.1	688	1076	DNA_methylase	PF00145.23	2.6e-21
Qlob_XP_030923970.1	436	618	DNA_methylase	PF00145.23	1.8e-17
Anccan_RCN27288.1	11	227	DNA_methylase	PF00145.23	4.2e-21
Agrpla_XP_018319995.1	331	457	DNA_methylase	PF00145.23	5.9e-19
Ggor_XP_055208214.1	5	82	DNA_methylase	PF00145.23	8.8e-12
Ggor_XP_055208214.1	87	318	DNA_methylase	PF00145.23	1.4e-07
Aequ_EGACTEQ4350041396-PA	460	598	DNA_methylase	PF00145.23	3.1e-17
Halp_TFY80765.1	931	975	DNA_methylase	PF00145.23	5e-07
Halp_TFY80765.1	991	1225	DNA_methylase	PF00145.23	4.1e-12
Vbra_CEM10068.1	2435	2669	DNA_methylase	PF00145.23	5.5e-15
Bind_XP_070656981.1	51	353	DNA_methylase	PF00145.23	2.5e-21
Btau_XP_024856098.1	51	353	DNA_methylase	PF00145.23	2.5e-21
Chem_XP_066921722.1	801	938	DNA_methylase	PF00145.23	3.2e-16
Chem_XP_066921721.1	801	938	DNA_methylase	PF00145.23	3.2e-16
Ppar_XP_053751967.1	1	288	DNA_methylase	PF00145.23	2.2e-21
Apul_XP_029766020.1	402	822	DNA_methylase	PF00145.23	1.7e-21
Bmin_symbB.v1.2.018534.t1|scaffold1481.1|size116218|13	682	939	DNA_methylase	PF00145.23	3.4e-21
Sspo_Sspon.03G0032600-1B-mRNA-1:cds	8	210	DNA_methylase	PF00145.23	2.1e-21
Bbot_KDQ17706.1	3	373	DNA_methylase	PF00145.23	6.7e-21
Pcap_ENSPCAP00000012931.1	133	387	DNA_methylase	PF00145.23	9.8e-14
Itri_XP_005325880.1	20	304	DNA_methylase	PF00145.23	2.6e-21
Cabi_XP_032644155.1	24	307	DNA_methylase	PF00145.23	4e-21
Mmon_XP_029095347.1	1	293	DNA_methylase	PF00145.23	4.7e-19
Aten_XP_031572916.1	461	599	DNA_methylase	PF00145.23	3.1e-17
Lmyt_KAF2495582.1	613	1003	DNA_methylase	PF00145.23	7.9e-21
Ccas_PSN64695.1	114	474	DNA_methylase	PF00145.23	4.1e-21
Dlab_XP_051266225.1	16	311	DNA_methylase	PF00145.23	4e-21
Ecru_scaffold176.71.cds	965	1197	DNA_methylase	PF00145.23	9.7e-10
Ctel_ELU12047.1	12	152	DNA_methylase	PF00145.23	3.9e-17
Lcan_XP_030176328.1	1	288	DNA_methylase	PF00145.23	3.6e-21
Enig_OSS49116.1	663	1022	DNA_methylase	PF00145.23	1.2e-20
Pvan_XP_069997064.1	50	344	DNA_methylase	PF00145.23	4.9e-21
Mnem_XP_024650639.2	27	304	DNA_methylase	PF00145.23	3.4e-21
Sbol_XP_039334716.1	1	288	DNA_methylase	PF00145.23	3.4e-21
Fcat_XP_044916893.1	1	289	DNA_methylase	PF00145.23	3.9e-21
Aarx_XP_033380623.1	622	997	DNA_methylase	PF00145.23	2.7e-20
Esp.FLASF59071_RUS16658.1	5	175	DNA_methylase	PF00145.23	3.6e-21
Bcon_TGO52223.1	730	845	DNA_methylase	PF00145.23	4e-11
Bcon_TGO52223.1	970	1027	DNA_methylase	PF00145.23	1.5e-07
Spis_XP_022794499.1	428	561	DNA_methylase	PF00145.23	5.6e-18
Bnov_KAF1977758.1	584	940	DNA_methylase	PF00145.23	1.3e-20
Caraur_XP_026057261.1	48	314	DNA_methylase	PF00145.23	5.7e-21
Lmac_KAF2649386.1	578	926	DNA_methylase	PF00145.23	9.9e-21
Aque_XP_003386062.1	636	768	DNA_methylase	PF00145.23	3.1e-17
Aque_XP_019851113.1	635	767	DNA_methylase	PF00145.23	3.1e-17
Bmin_symbB.v1.2.041248.t1|scaffold7973.1|size8385|1	140	491	DNA_methylase	PF00145.23	8.2e-20
Lflu_KAF2688013.1	89	455	DNA_methylase	PF00145.23	8.7e-20
Pvar_XP_028484469.1	94	488	DNA_methylase	PF00145.23	1.2e-20
Alyr_XP_002862484.1	4	161	DNA_methylase	PF00145.23	2.1e-20
Sfas_XP_029943440.1	1	274	DNA_methylase	PF00145.23	7.9e-21
Grai_XP_052490490.1	454	641	DNA_methylase	PF00145.23	5.1e-17
Hsap_XP_047280652.1	5	82	DNA_methylase	PF00145.23	1e-11
Hsap_XP_047280652.1	87	309	DNA_methylase	PF00145.23	5.2e-07
Ares_XP_024724976.1	220	459	DNA_methylase	PF00145.23	1.9e-20
Panu_XP_009198081.1	43	320	DNA_methylase	PF00145.23	8.4e-21
Spur_XP_030850864.1	2	315	DNA_methylase	PF00145.23	2.6e-20
Nins_OAA67010.1	35	237	DNA_methylase	PF00145.23	3.6e-20
Sesind_XP_020551404.1	59	340	DNA_methylase	PF00145.23	1.2e-20
Grai_XP_012467831.1	454	641	DNA_methylase	PF00145.23	5.5e-17
Fsim_TKA83281.1	639	813	DNA_methylase	PF00145.23	1.1e-20
Ofav_XP_020616882.1	434	567	DNA_methylase	PF00145.23	1e-17
Mfas_XP_045255571.2	43	320	DNA_methylase	PF00145.23	1e-20
Eele_XP_026862820.2	1213	1348	DNA_methylase	PF00145.23	1.1e-16
Eele_XP_035378502.1	1221	1356	DNA_methylase	PF00145.23	1.1e-16
Hsap_XP_016871290.1	5	82	DNA_methylase	PF00145.23	1.1e-11
Hsap_XP_016871290.1	87	316	DNA_methylase	PF00145.23	8.1e-07
Lvar_XP_041474403.1	1243	1375	DNA_methylase	PF00145.23	2.3e-17
Lvar_XP_041474404.1	1243	1375	DNA_methylase	PF00145.23	2.3e-17
Ahet_XP_025395346.1	141	390	DNA_methylase	PF00145.23	1.7e-20
Mluc_XP_023613854.1	40	296	DNA_methylase	PF00145.23	6.9e-16
Psem_RMZ69593.1	432	797	DNA_methylase	PF00145.23	3.2e-20
Punstr_XP_007383582.1	73	181	DNA_methylase	PF00145.23	5.1e-19
Pcau_XP_014670898.1	2350	2458	DNA_methylase	PF00145.23	2.4e-15
Pcau_XP_014670897.1	2355	2463	DNA_methylase	PF00145.23	2.4e-15
Piltep_XP_023078988.1	43	320	DNA_methylase	PF00145.23	1.5e-20
Pcau_XP_014670896.1	2383	2491	DNA_methylase	PF00145.23	2.4e-15
Cvar_XP_015249063.1	1191	1324	DNA_methylase	PF00145.23	1.9e-16
Ehux_XP_005763175.1	335	458	DNA_methylase	PF00145.23	2.4e-18
Mgal_XP_019471949.1	4	286	DNA_methylase	PF00145.23	1.9e-20
Hhuc_ENSHHUP00000031930.1	325	456	DNA_methylase	PF00145.23	5.7e-16
Symmic_OLP88066.1	836	1052	DNA_methylase	PF00145.23	3e-20
Mgal_XP_031409763.1	21	304	DNA_methylase	PF00145.23	2.1e-20
Mfru_KAA8572698.1	365	440	DNA_methylase	PF00145.23	5.4e-07
Mfru_KAA8572698.1	553	598	DNA_methylase	PF00145.23	2.5e-05
Fsim_TKA69866.1	377	568	DNA_methylase	PF00145.23	4.8e-14
Bsil_KLJ05552.1	143	531	DNA_methylase	PF00145.23	5.5e-20
Parcla_CAB3981846.1	200	336	DNA_methylase	PF00145.23	1.4e-16
Parcla_CAB3981845.1	203	339	DNA_methylase	PF00145.23	1.4e-16
Hhuc_ENSHHUP00000031916.1	361	492	DNA_methylase	PF00145.23	6.2e-16
Acun_XP_026699257.1	21	338	DNA_methylase	PF00145.23	3.1e-20
Acun_XP_026699258.1	21	338	DNA_methylase	PF00145.23	3.1e-20
Acun_XP_026699259.1	21	338	DNA_methylase	PF00145.23	3.1e-20
Gult_PYU1_T014901	2	111	DNA_methylase	PF00145.23	1.7e-20
Eeur_XP_060048217.1	21	298	DNA_methylase	PF00145.23	2.3e-20
Asp.richmondensis_KXL42164.1	365	730	DNA_methylase	PF00145.23	5e-20
Hvul_XP_065654122.1	665	824	DNA_methylase	PF00145.23	9.4e-17
Aluc_XP_041546367.1	157	336	DNA_methylase	PF00145.23	2.2e-20
Copflo_XP_023247412.1	16	215	DNA_methylase	PF00145.23	4.7e-20
Cant_OQO11329.1	408	779	DNA_methylase	PF00145.23	9.2e-20
Aric_KYG43240.1	223	588	DNA_methylase	PF00145.23	4.5e-20
Atub_XP_035352725.1	157	349	DNA_methylase	PF00145.23	6.1e-20
Psem_RMZ71044.1	381	491	DNA_methylase	PF00145.23	4.3e-08
Psem_RMZ71044.1	523	576	DNA_methylase	PF00145.23	1.2e-08
Tnub_KAF2772471.1	390	758	DNA_methylase	PF00145.23	5.7e-20
Fhet_XP_035998250.1	1136	1269	DNA_methylase	PF00145.23	1.1e-16
Omel_XP_024126544.1	1119	1252	DNA_methylase	PF00145.23	3.3e-15
Rsp.CCFEE5018_OQO22736	408	779	DNA_methylase	PF00145.23	1.1e-19
Cant_OQN99758.1	410	779	DNA_methylase	PF00145.23	7e-20
Dlab_XP_051281519.1	1433	1567	DNA_methylase	PF00145.23	7.7e-15
Dlab_XP_051281520.1	1433	1567	DNA_methylase	PF00145.23	7.7e-15
Dlab_XP_051281521.1	1433	1567	DNA_methylase	PF00145.23	7.7e-15
Acom_XP_020113008.1	923	1005	DNA_methylase	PF00145.23	2.3e-14
Dlab_XP_051281518.1	1449	1583	DNA_methylase	PF00145.23	7.8e-15
Avad_XP_025565040.1	157	494	DNA_methylase	PF00145.23	1e-19
Bmin_symbB.v1.2.008188.t2|scaffold450.1|size202773|7	88	390	DNA_methylase	PF00145.23	1.3e-19
Ates_XP_026222633.1	1289	1422	DNA_methylase	PF00145.23	4.8e-15
Ates_XP_026222632.1	1292	1425	DNA_methylase	PF00145.23	4.8e-15
Bmin_symbB.v1.2.008188.t1|scaffold450.1|size202773|7	88	390	DNA_methylase	PF00145.23	1.4e-19
Mfru_KAA8569171.1	126	509	DNA_methylase	PF00145.23	6.7e-20
Csem_XP_016891188.2	1123	1257	DNA_methylase	PF00145.23	5.1e-15
Dipcor_CAL3967483.1	316	701	DNA_methylase	PF00145.23	9.6e-20
Csem_XP_024915454.1	1140	1274	DNA_methylase	PF00145.23	5.2e-15
Dclu_XP_028848573.1	1116	1249	DNA_methylase	PF00145.23	4.2e-16
Srhi_XP_016431059.1	234	364	DNA_methylase	PF00145.23	7.1e-16
Acas_XP_004332852.1	305	352	DNA_methylase	PF00145.23	4.4e-10
Hsap_XP_047280653.1	5	82	DNA_methylase	PF00145.23	9.7e-12
Hsap_XP_047280653.1	87	312	DNA_methylase	PF00145.23	3.9e-06
Gacu_XP_040049551.1	1256	1389	DNA_methylase	PF00145.23	1e-14
Acos_XP_025535963.1	157	349	DNA_methylase	PF00145.23	1.2e-19
Gacu_XP_040049549.1	1257	1390	DNA_methylase	PF00145.23	1e-14
Gacu_XP_040049550.1	1257	1390	DNA_methylase	PF00145.23	1e-14
Etef_Et_s9589-0.18-1.mrna1	819	878	DNA_methylase	PF00145.23	1.1e-14
Oari_XP_012043830.2	20	317	DNA_methylase	PF00145.23	7.8e-20
Oari_XP_012043834.2	20	317	DNA_methylase	PF00145.23	7.8e-20
Oari_XP_042086525.1	20	317	DNA_methylase	PF00145.23	7.8e-20
Ptra_KAF2848215.1	647	1018	DNA_methylase	PF00145.23	1.4e-19
Patmin_XP_038064504.1	1404	1535	DNA_methylase	PF00145.23	3.4e-18
Asccar_PYI05069.1	129	495	DNA_methylase	PF00145.23	8.6e-20
Dgau_KAF1836344.1	212	574	DNA_methylase	PF00145.23	1.3e-19
Czei_PKR99373.1	363	732	DNA_methylase	PF00145.23	1.6e-19
Acan_XP_024673489.1	171	528	DNA_methylase	PF00145.23	1.2e-19
Bper_OJD23924.1	165	531	DNA_methylase	PF00145.23	9e-20
Symmic_OLP88150.1	84	225	DNA_methylase	PF00145.23	1.8e-19
Pbra_XP_010759181.1	170	386	DNA_methylase	PF00145.23	1.6e-19
Asat_cds.AVESA.00001b.r3.3Dg0001130.2	56	234	DNA_methylase	PF00145.23	7e-20
Ojav_RVE71163.1	1136	1269	DNA_methylase	PF00145.23	3.9e-15
Dfra_TFY66812.1	1444	1776	DNA_methylase	PF00145.23	3.3e-19
Dfra_TFY55131.1	1108	1436	DNA_methylase	PF00145.23	4.4e-19
Alig_KAF2007825.1	200	556	DNA_methylase	PF00145.23	1.9e-19
Pvan_XP_069980195.1	600	761	DNA_methylase	PF00145.23	1.9e-16
Plut_XP_015701007.1	169	393	DNA_methylase	PF00145.23	1.7e-19
Vina_RDI81435.1	166	544	DNA_methylase	PF00145.23	7.1e-20
Blan_XP_066272763.1	418	551	DNA_methylase	PF00145.23	8.5e-18
Lasthe_XP_035364413.1	274	633	DNA_methylase	PF00145.23	1.3e-19
Crei_XP_042917909.1	91	267	DNA_methylase	PF00145.23	4.1e-15
Pspo_XP_018037404.1	579	946	DNA_methylase	PF00145.23	3.7e-19
Pviv_XP_001613609.1	304	631	DNA_methylase	PF00145.23	1.6e-11
Nfur_XP_054601581.1	1150	1283	DNA_methylase	PF00145.23	3.4e-16
Hhuc_ENSHHUP00000031908.1	1052	1183	DNA_methylase	PF00145.23	1.7e-15
Eluc_XP_010874024.2	1186	1321	DNA_methylase	PF00145.23	1.8e-16
Aneo_XP_025477964.1	157	349	DNA_methylase	PF00145.23	3.6e-19
Acri_ODM20657.1	141	320	DNA_methylase	PF00145.23	2.3e-19
Lcre_ORY77245.1	998	1193	DNA_methylase	PF00145.23	1.8e-19
Apip_XP_025516913.1	450	642	DNA_methylase	PF00145.23	2.8e-19
Psp.24MN13_OBT52547.1	842	973	DNA_methylase	PF00145.23	2.6e-09
Psp.24MN13_OBT52547.1	1056	1113	DNA_methylase	PF00145.23	7.4e-08
Altten_RYO53477.1	286	596	DNA_methylase	PF00145.23	3e-19
Sbor_ESZ96005.1	146	535	DNA_methylase	PF00145.23	3.4e-19
Ncol_XP_031480704.1	17	329	DNA_methylase	PF00145.23	1.5e-19
Aspgla_XP_022401806.1	145	335	DNA_methylase	PF00145.23	2.3e-19
Olat_XP_023812788.1	1137	1270	DNA_methylase	PF00145.23	4.3e-15
Olat_XP_023812789.1	1137	1270	DNA_methylase	PF00145.23	4.3e-15
Olat_XP_023812790.1	1136	1269	DNA_methylase	PF00145.23	4.3e-15
Bder_XP_045274959.1	158	531	DNA_methylase	PF00145.23	3.1e-19
Ttur_VAI23401.1	711	796	DNA_methylase	PF00145.23	7e-13
Nvit_XP_008204446.1	830	964	DNA_methylase	PF00145.23	1.6e-18
Neomel_ENSNMLP00000008094.1	222	354	DNA_methylase	PF00145.23	5.2e-15
Ecab_XP_070111050.1	40	295	DNA_methylase	PF00145.23	1.3e-14
Ecab_XP_070111051.1	40	295	DNA_methylase	PF00145.23	1.3e-14
Ecab_XP_070111052.1	40	295	DNA_methylase	PF00145.23	1.3e-14
Neomel_ENSNMLP00000008098.1	226	358	DNA_methylase	PF00145.23	5.2e-15
Pnod_XP_001793776.1	286	640	DNA_methylase	PF00145.23	3.1e-19
Sdum_XP_035213542.1	336	468	DNA_methylase	PF00145.23	5.6e-16
Ptep_XP_071041379.1	320	482	DNA_methylase	PF00145.23	8.1e-17
Bgil_XP_031578985.1	158	531	DNA_methylase	PF00145.23	3.1e-19
Opun_OPUNC03G08800.4	546	650	DNA_methylase	PF00145.23	6.2e-16
Opun_OPUNC03G08800.5	546	650	DNA_methylase	PF00145.23	6.2e-16
Stepar_XP_008285851.1	528	661	DNA_methylase	PF00145.23	1e-14
Tspe_TraesTSP5A01G588600.1	320	436	DNA_methylase	PF00145.23	9.2e-13
Lcro_XP_027144294.1	1305	1439	DNA_methylase	PF00145.23	6.9e-15
Gmor_XP_030218347.1	1134	1267	DNA_methylase	PF00145.23	3.4e-16
Neomel_ENSNMLP00000008076.1	268	400	DNA_methylase	PF00145.23	6e-15
Czea_KAF2213398.1	58	429	DNA_methylase	PF00145.23	3.2e-19
Asyd_XP_040702575.1	168	389	DNA_methylase	PF00145.23	4e-19
Lper_XP_051205385.1	705	786	DNA_methylase	PF00145.23	2.4e-14
Cdro_XP_064335485.1	22	298	DNA_methylase	PF00145.23	2.2e-19
Ecre_PGH36533.1	158	530	DNA_methylase	PF00145.23	4.2e-19
Asat_cds.AVESA.00001b.r3.7Dg0000046.1	585	712	DNA_methylase	PF00145.23	5.2e-16
Pret_XP_008402537.1	1112	1245	DNA_methylase	PF00145.23	1.1e-15
Pret_XP_017165612.1	1112	1245	DNA_methylase	PF00145.23	1.1e-15
Pret_XP_017165613.1	1112	1245	DNA_methylase	PF00145.23	1.1e-15
Pret_XP_017165617.1	1112	1245	DNA_methylase	PF00145.23	1.1e-15
Tvap_Tv_08057-RA:cds	362	522	DNA_methylase	PF00145.23	3.6e-15
Gaff_XP_043971311.1	1115	1248	DNA_methylase	PF00145.23	1.7e-15
Gaff_XP_043971394.1	1115	1248	DNA_methylase	PF00145.23	1.7e-15
Pmex_XP_014832269.1	1113	1246	DNA_methylase	PF00145.23	1.4e-15
Pmex_XP_014832270.1	1113	1246	DNA_methylase	PF00145.23	1.4e-15
Pmex_XP_014832271.1	1113	1246	DNA_methylase	PF00145.23	1.4e-15
Slal_XP_023248722.1	1328	1462	DNA_methylase	PF00145.23	2.8e-15
Enau_XP_029361483.1	1301	1434	DNA_methylase	PF00145.23	1.6e-15
Spur_XP_030840513.1	1059	1193	DNA_methylase	PF00145.23	7e-18
Atai_PLN84907.1	153	326	DNA_methylase	PF00145.23	3.7e-19
Lnuc_KAF2108709.1	119	284	DNA_methylase	PF00145.23	1e-18
Pfor_XP_007566872.1	1113	1246	DNA_methylase	PF00145.23	1.4e-15
Pfor_XP_007566873.1	1113	1246	DNA_methylase	PF00145.23	1.4e-15
Pfor_XP_016534501.1	1113	1246	DNA_methylase	PF00145.23	1.4e-15
Ppar_XP_019316206.1	40	295	DNA_methylase	PF00145.23	2.3e-15
Pvex_XP_040713730.1	4	79	DNA_methylase	PF00145.23	2e-09
Pvex_XP_040713730.1	146	210	DNA_methylase	PF00145.23	1.1e-07
Xcou_XP_027867476.1	1116	1249	DNA_methylase	PF00145.23	1.7e-15
Pzon_XP_022585086.1	146	508	DNA_methylase	PF00145.23	3.9e-19
Ttur_VAI11643.1	267	382	DNA_methylase	PF00145.23	1.6e-12
Ttur_VAI11644.1	267	382	DNA_methylase	PF00145.23	1.6e-12
Abra_XP_067474575.1	140	362	DNA_methylase	PF00145.23	4.3e-19
Takrub_XP_011619493.2	1135	1269	DNA_methylase	PF00145.23	1.9e-15
Lcal_XP_050926949.1	1360	1493	DNA_methylase	PF00145.23	7.2e-16
Takrub_XP_029690198.1	1144	1278	DNA_methylase	PF00145.23	1.9e-15
Takrub_XP_029690199.1	1144	1278	DNA_methylase	PF00145.23	1.9e-15
Takrub_XP_029690200.1	1144	1278	DNA_methylase	PF00145.23	1.9e-15
Takrub_XP_029690201.1	1144	1278	DNA_methylase	PF00145.23	1.9e-15
Plat_XP_014907164.1	1113	1246	DNA_methylase	PF00145.23	1.4e-15
Plat_XP_014907165.1	1113	1246	DNA_methylase	PF00145.23	1.4e-15
Plat_XP_014907166.1	1113	1246	DNA_methylase	PF00145.23	1.4e-15
Bpar_PGH01037.1	165	530	DNA_methylase	PF00145.23	4.3e-19
Krymar_XP_017295445.1	1132	1265	DNA_methylase	PF00145.23	1.3e-15
Aspnig_XP_059606436.1	139	497	DNA_methylase	PF00145.23	5.3e-19
Afis_XP_001260410.1	81	473	DNA_methylase	PF00145.23	1.9e-18
Dgig_XP_028409439.1	529	665	DNA_methylase	PF00145.23	2e-14
Aawa_GCB28220.1	139	497	DNA_methylase	PF00145.23	5.3e-19
Awel_XP_026628492.1	139	497	DNA_methylase	PF00145.23	5.3e-19
Saur_XP_030277587.1	1308	1441	DNA_methylase	PF00145.23	4.8e-14
Ttur_VAI26026.1	320	436	DNA_methylase	PF00145.23	1.5e-12
Cshi_TQN72683.1	327	466	DNA_methylase	PF00145.23	4e-19
Smax_XP_047187235.1	1339	1472	DNA_methylase	PF00145.23	1.6e-14
Ates_XP_026222634.1	1221	1354	DNA_methylase	PF00145.23	4.6e-15
Them_CEJ91253.1	2	39	DNA_methylase	PF00145.23	5.8e-07
Them_CEJ91253.1	89	155	DNA_methylase	PF00145.23	2.7e-10
Cgob_XP_029291487.1	1325	1458	DNA_methylase	PF00145.23	4.4e-15
Smax_XP_035501886.1	1375	1508	DNA_methylase	PF00145.23	1.6e-14
Cgob_XP_029291485.1	1327	1460	DNA_methylase	PF00145.23	4.4e-15
Cgob_XP_029291486.1	1327	1460	DNA_methylase	PF00145.23	4.4e-15
Aper_ENSAPEP00000030564.1	270	403	DNA_methylase	PF00145.23	4e-15
Tspe_TraesTSP4B01G417900.1	320	436	DNA_methylase	PF00145.23	1.8e-12
Lgig_XP_009055960.1	8	144	DNA_methylase	PF00145.23	1.5e-15
Aarx_XP_033380365.1	198	372	DNA_methylase	PF00145.23	1.1e-18
Alen_XP_033414164.1	82	474	DNA_methylase	PF00145.23	7.8e-19
Cbet_XP_023454239.2	372	741	DNA_methylase	PF00145.23	1.2e-18
Ttur_VAI26024.1	340	456	DNA_methylase	PF00145.23	1.7e-12
Lcan_XP_030176326.1	40	295	DNA_methylase	PF00145.23	3.6e-15
Atan_XP_033429809.1	132	297	DNA_methylase	PF00145.23	6.5e-19
Twil_T_wilhelma_c28851_g1_i2|m.26848	584	717	DNA_methylase	PF00145.23	1.6e-15
Ater_XP_001218488.1	135	319	DNA_methylase	PF00145.23	7e-19
Ttur_VAI11645.1	321	436	DNA_methylase	PF00145.23	2e-12
Hrub_XP_046552801.1	382	518	DNA_methylase	PF00145.23	2e-17
Lber_XP_065817216.1	1062	1196	DNA_methylase	PF00145.23	7e-16
Xmac_XP_023188206.1	1106	1239	DNA_methylase	PF00145.23	3.3e-15
Serdum_XP_022618797.1	1301	1435	DNA_methylase	PF00145.23	6e-15
Mmon_XP_029095346.1	40	299	DNA_methylase	PF00145.23	1.4e-14
Salsal_XP_013990687.2	1232	1362	DNA_methylase	PF00145.23	8e-15
Neomel_ENSNMLP00000008092.1	249	378	DNA_methylase	PF00145.23	1.3e-14
Nvit_XP_001599223.2	824	958	DNA_methylase	PF00145.23	1.5e-18
Fsim_TKA68392.1	360	731	DNA_methylase	PF00145.23	6.8e-19
Ttur_VAI26025.1	372	488	DNA_methylase	PF00145.23	1.9e-12
Ever_VDD91198.1	7	59	DNA_methylase	PF00145.23	1.2e-05
Ever_VDD91198.1	96	332	DNA_methylase	PF00145.23	2.8e-11
Tdic_XP_037437457.1	479	595	DNA_methylase	PF00145.23	1.5e-12
Pfra_XP_012334178.1	286	625	DNA_methylase	PF00145.23	4.3e-11
Stru_XP_029579283.1	1179	1309	DNA_methylase	PF00145.23	9.5e-15
Bmin_symbB.v1.2.005210.t1|scaffold266.1|size251003|7	189	540	DNA_methylase	PF00145.23	5.9e-18
Stru_XP_029579282.1	1191	1321	DNA_methylase	PF00145.23	9.6e-15
Tzim_KRZ05829.1	312	444	DNA_methylase	PF00145.23	7.8e-17
Ccra_RDW85585.1	830	1129	DNA_methylase	PF00145.23	1.1e-18
Lrhi_KAF2455324.1	343	668	DNA_methylase	PF00145.23	3.6e-18
Marm_XP_026187407.1	1323	1456	DNA_methylase	PF00145.23	2.9e-14
Tequ_EGE03430.1	154	406	DNA_methylase	PF00145.23	8.3e-19
Etef_Et_s3441-0.22-1.mrna1	423	539	DNA_methylase	PF00145.23	9e-18
Tton_EGD95335.1	154	406	DNA_methylase	PF00145.23	8.5e-19
Tzim_KRZ05830.1	287	419	DNA_methylase	PF00145.23	7.3e-17
Aarb_XP_028509926.1	565	873	DNA_methylase	PF00145.23	1.4e-18
Acal_CEL01085.1	111	340	DNA_methylase	PF00145.23	9.2e-19
Macpha_EKG17640.1	243	620	DNA_methylase	PF00145.23	1.1e-18
Pfru_QIW94895.1	82	446	DNA_methylase	PF00145.23	1.6e-18
Asub_XP_013348283.1	36	418	DNA_methylase	PF00145.23	3.3e-18
Pcoa_XP_019912635.1	267	593	DNA_methylase	PF00145.23	7e-11
Tzim_KRZ05826.1	361	493	DNA_methylase	PF00145.23	8.9e-17
Amel_XP_040885052.1	60	454	DNA_methylase	PF00145.23	1.9e-18
Mlei_ML35881a-PA	550	687	DNA_methylase	PF00145.23	2.4e-17
Tpap_KRZ78515.1	361	493	DNA_methylase	PF00145.23	9.1e-17
Tsp.T9_KRX65417.1	382	514	DNA_methylase	PF00145.23	1.1e-16
Hcom_XP_019746219.1	409	543	DNA_methylase	PF00145.23	1.1e-14
Apla_XP_022106474.1	12	165	DNA_methylase	PF00145.23	7.5e-19
Tzim_KRZ05828.1	385	517	DNA_methylase	PF00145.23	9.5e-17
Asprub_XP_040635349.1	142	320	DNA_methylase	PF00145.23	1.2e-18
Tnel_KRX20124.1	404	536	DNA_methylase	PF00145.23	1.1e-16
Triver_XP_003024387.1	80	455	DNA_methylase	PF00145.23	1.2e-18
Etef_Et_s2804-1.28-1.mrna1	523	640	DNA_methylase	PF00145.23	3.9e-10
Sspo_Sspon.01G0015710-3D-mRNA-1:cds	399	705	DNA_methylase	PF00145.23	9.8e-18
Tpap_KRZ78513.1	385	517	DNA_methylase	PF00145.23	9.6e-17
Ttur_VAI26022.1	476	592	DNA_methylase	PF00145.23	1.9e-12
Taes_XP_044372042.1	474	590	DNA_methylase	PF00145.23	2.6e-12
Bole_XP_013588676.1	370	459	DNA_methylase	PF00145.23	3.9e-05
Bole_XP_013588676.1	474	593	DNA_methylase	PF00145.23	3.4e-11
Taes_XP_044384345.1	479	595	DNA_methylase	PF00145.23	2.6e-12
Ttur_VAI26021.1	479	595	DNA_methylase	PF00145.23	2.6e-12
Bole_XP_013588674.1	376	465	DNA_methylase	PF00145.23	4e-05
Bole_XP_013588674.1	480	599	DNA_methylase	PF00145.23	3.5e-11
Bole_XP_013588675.1	376	465	DNA_methylase	PF00145.23	4e-05
Bole_XP_013588675.1	480	599	DNA_methylase	PF00145.23	3.5e-11
Tnel_KRX20120.1	326	458	DNA_methylase	PF00145.23	7.5e-17
Ttur_VAI26023.1	480	596	DNA_methylase	PF00145.23	2.6e-12
Taes_XP_044372041.1	479	595	DNA_methylase	PF00145.23	2.6e-12
Tnel_KRX20125.1	406	538	DNA_methylase	PF00145.23	1.1e-16
Taes_XP_044372799.1	667	752	DNA_methylase	PF00145.23	2.6e-14
Taes_XP_044384344.1	486	602	DNA_methylase	PF00145.23	2.6e-12
Ttur_VAI26020.1	486	602	DNA_methylase	PF00145.23	2.6e-12
Tpat_KRY17459.1	408	540	DNA_methylase	PF00145.23	1.1e-16
Tsp.T9_KRX65418.1	434	566	DNA_methylase	PF00145.23	1.2e-16
Tsp.T9_KRX65419.1	406	538	DNA_methylase	PF00145.23	1.1e-16
Tripse_KAL1236293.1	448	580	DNA_methylase	PF00145.23	1.1e-16
Tura_XP_048527295.1	479	595	DNA_methylase	PF00145.23	2.9e-12
Auda_XP_043142338.1	80	473	DNA_methylase	PF00145.23	2.3e-18
Stha_TKA23611.1	329	710	DNA_methylase	PF00145.23	3.4e-18
Ebur_ENSEBUP00000017091.1	406	539	DNA_methylase	PF00145.23	9.2e-15
Ncal_ORY47969.1	2	112	DNA_methylase	PF00145.23	4.5e-16
Apho_RDK45450.1	106	463	DNA_methylase	PF00145.23	1.9e-18
Tnel_KRX20122.1	460	592	DNA_methylase	PF00145.23	1.3e-16
Cscu_XP_023235669.1	359	487	DNA_methylase	PF00145.23	2.4e-14
Omel_XP_036067962.1	1119	1249	DNA_methylase	PF00145.23	1.2e-13
Aeuc_XP_025389117.1	450	641	DNA_methylase	PF00145.23	2e-18
Bpan_XP_007676731.1	353	721	DNA_methylase	PF00145.23	2.7e-18
Sorb_XP_029993924.1	1189	1323	DNA_methylase	PF00145.23	1.1e-14
Bcir_KAF1963578.1	350	711	DNA_methylase	PF00145.23	2.1e-18
Cypcar_XP_042606756.1	1191	1323	DNA_methylase	PF00145.23	6e-16
Ttur_VAI11642.1	477	592	DNA_methylase	PF00145.23	2.6e-12
Ttur_VAI11647.1	480	595	DNA_methylase	PF00145.23	3.4e-12
Ttur_VAI11646.1	481	596	DNA_methylase	PF00145.23	3.4e-12
Tnel_KRX20127.1	370	502	DNA_methylase	PF00145.23	8.5e-17
Tnel_KRX20123.1	450	582	DNA_methylase	PF00145.23	1.2e-16
Atri_XP_020527265.1	351	617	DNA_methylase	PF00145.23	2.4e-17
Char_XP_031421941.1	1171	1304	DNA_methylase	PF00145.23	4.4e-15
Char_XP_031421942.1	1171	1304	DNA_methylase	PF00145.23	4.4e-15
Asp.MG1_RII19043.1	520	868	DNA_methylase	PF00145.23	2.6e-18
Apol_XP_051805640.1	1263	1396	DNA_methylase	PF00145.23	1.3e-14
Bnap_XP_022544854.2	474	593	DNA_methylase	PF00145.23	3.4e-11
Bnap_XP_022544855.2	474	593	DNA_methylase	PF00145.23	3.4e-11
Ttur_VAI11649.1	487	602	DNA_methylase	PF00145.23	3.5e-12
Tint_EZF34520.1	154	406	DNA_methylase	PF00145.23	1.8e-18
Cber_PPJ57925.1	382	754	DNA_methylase	PF00145.23	6.3e-18
Ttur_VAI11648.1	495	610	DNA_methylase	PF00145.23	3.6e-12
Brap_XP_033130225.1	473	592	DNA_methylase	PF00145.23	3.4e-11
Brap_XP_033130223.1	474	593	DNA_methylase	PF00145.23	3.4e-11
Brap_XP_033130224.1	474	593	DNA_methylase	PF00145.23	3.4e-11
Bnap_XP_013652327.2	473	592	DNA_methylase	PF00145.23	3.4e-11
Aoce_XP_035804161.2	1263	1396	DNA_methylase	PF00145.23	1.2e-14
Monalb_XP_020464858.1	1201	1333	DNA_methylase	PF00145.23	2.4e-14
Tspe_TraesTSP4D01G405500.1	477	592	DNA_methylase	PF00145.23	3e-12
Pchi_XP_047470487.1	502	633	DNA_methylase	PF00145.23	1e-15
Odeg_XP_023561204.1	40	294	DNA_methylase	PF00145.23	6.1e-14
Taes_XP_044377327.1	479	594	DNA_methylase	PF00145.23	3e-12
Sita_XP_014661327.1	727	801	DNA_methylase	PF00145.23	1.8e-14
Smus_XP_016760746.1	75	440	DNA_methylase	PF00145.23	2.5e-18
Aibe_XP_025570662.1	129	293	DNA_methylase	PF00145.23	2e-18
Anov_XP_024687326.1	47	440	DNA_methylase	PF00145.23	7e-18
Rsp.CCFEE5018_OQO30305	410	779	DNA_methylase	PF00145.23	3.3e-18
Vvir_KAF2237298.1	593	737	DNA_methylase	PF00145.23	4.6e-14
Tmen_GBF59657.1	455	707	DNA_methylase	PF00145.23	2.1e-18
Cchl_OLN94180.1	360	644	DNA_methylase	PF00145.23	2.1e-18
Neomel_ENSNMLP00000008064.1	862	994	DNA_methylase	PF00145.23	1.7e-14
Bjun_cds.BjuB03g20070S	409	526	DNA_methylase	PF00145.23	9.9e-12
Acam_XP_024688484.1	176	343	DNA_methylase	PF00145.23	2.4e-18
Bgal_THV52125.1	143	532	DNA_methylase	PF00145.23	1.6e-17
Cely_KAF1942479.1	535	895	DNA_methylase	PF00145.23	3.5e-18
Bnap_XP_022560405.2	474	593	DNA_methylase	PF00145.23	6.4e-11
Neomel_ENSNMLP00000008059.1	961	1093	DNA_methylase	PF00145.23	1.9e-14
Eoli_XP_016265249.1	219	612	DNA_methylase	PF00145.23	3.7e-18
Tnat_KRZ61054.1	406	538	DNA_methylase	PF00145.23	2.1e-16
Mebu_KAF2640429.1	309	487	DNA_methylase	PF00145.23	6.2e-18
Tben_XP_003016753.1	154	406	DNA_methylase	PF00145.23	2.7e-18
Rmai_XP_026819840.1	33	196	DNA_methylase	PF00145.23	5.2e-15
Nfur_XP_054601582.1	1150	1282	DNA_methylase	PF00145.23	5.9e-15
Atau_XP_040243671.1	479	594	DNA_methylase	PF00145.23	4.4e-12
Singra_XP_016151353.1	1040	1170	DNA_methylase	PF00145.23	2.9e-15
Bmin_symbB.v1.2.017539.t1|scaffold1371.1|size209032|11	905	1077	DNA_methylase	PF00145.23	9.1e-15
Sfla_XP_025414511.1	61	223	DNA_methylase	PF00145.23	1.1e-16
Jfla_RUP44606.1	956	1046	DNA_methylase	PF00145.23	2.4e-12
Awen_XP_040684744.1	132	339	DNA_methylase	PF00145.23	1.7e-18
Bmin_symbB.v1.2.001366.t1|scaffold71.1|size352893|9	449	705	DNA_methylase	PF00145.23	2.4e-17
Bnap_XP_013701081.2	480	599	DNA_methylase	PF00145.23	6.5e-11
Bnap_XP_013701082.2	480	599	DNA_methylase	PF00145.23	6.5e-11
Bnap_XP_022560403.2	480	599	DNA_methylase	PF00145.23	6.5e-11
Aell_PYH96052.1	141	310	DNA_methylase	PF00145.23	3.5e-18
Pyrter_CAA9960009.1	298	382	DNA_methylase	PF00145.23	7.7e-08
Pyrter_CAA9960009.1	425	482	DNA_methylase	PF00145.23	3.5e-08
Dcor_XP_020133252.1	223	605	DNA_methylase	PF00145.23	5.3e-18
Btab_XP_018899093.1	366	527	DNA_methylase	PF00145.23	5.6e-16
Rgra_XP_018273228.1	26	181	DNA_methylase	PF00145.23	4.3e-18
Bjun_cds.BjuA07g30560S	483	602	DNA_methylase	PF00145.23	6.2e-11
Bnap_XP_022560404.2	479	598	DNA_methylase	PF00145.23	6.5e-11
Btab_XP_018899094.1	326	487	DNA_methylase	PF00145.23	4.6e-16
Phavul_XP_068466258.1	407	522	DNA_methylase	PF00145.23	5.9e-14
Otsh_XP_024240456.1	1188	1319	DNA_methylase	PF00145.23	2.9e-14
Btab_XP_018899088.1	391	552	DNA_methylase	PF00145.23	6.5e-16
Btab_XP_018899089.1	391	552	DNA_methylase	PF00145.23	6.5e-16
Btab_XP_018899090.1	391	552	DNA_methylase	PF00145.23	6.5e-16
Btab_XP_018899091.1	391	552	DNA_methylase	PF00145.23	6.5e-16
Btab_XP_018899092.1	391	552	DNA_methylase	PF00145.23	6.5e-16
Cypcar_XP_042568848.1	1157	1287	DNA_methylase	PF00145.23	1.5e-14
Cypcar_XP_042568849.1	1157	1287	DNA_methylase	PF00145.23	1.5e-14
Cypcar_XP_042568850.1	1157	1287	DNA_methylase	PF00145.23	1.5e-14
Cypcar_XP_042568851.1	1157	1287	DNA_methylase	PF00145.23	1.5e-14
Agif_XP_044014997.1	477	637	DNA_methylase	PF00145.23	1.4e-16
Psp.DS3sAY3a_OAL52044.1	339	692	DNA_methylase	PF00145.23	5e-18
Tper_XP_033679588.1	352	719	DNA_methylase	PF00145.23	5.6e-18
Acor_KAE8350255.1	134	495	DNA_methylase	PF00145.23	5.7e-18
Cmin_TKA61307.1	230	386	DNA_methylase	PF00145.23	4.6e-18
Cave_XP_059459768.1	21	307	DNA_methylase	PF00145.23	3.4e-18
Cave_XP_059459769.1	21	307	DNA_methylase	PF00145.23	3.4e-18
Pjap_XP_042872483.1	551	720	DNA_methylase	PF00145.23	3.9e-16
Csp.CBS135597_RMZ83177.1	158	399	DNA_methylase	PF00145.23	5.4e-18
Gste_OCL14046.1	118	359	DNA_methylase	PF00145.23	7e-18
Cypcar_XP_042568847.1	1225	1355	DNA_methylase	PF00145.23	1.6e-14
Cypcar_XP_042568846.1	1227	1357	DNA_methylase	PF00145.23	1.6e-14
Srhi_XP_016367330.1	1166	1296	DNA_methylase	PF00145.23	3.3e-15
Aoch_XP_040749922.1	141	306	DNA_methylase	PF00145.23	4.7e-18
Mlax_KAB8294860.1	127	510	DNA_methylase	PF00145.23	5.2e-18
Singra_XP_016151354.1	1040	1168	DNA_methylase	PF00145.23	5.5e-15
Srhi_XP_016367327.1	1166	1296	DNA_methylase	PF00145.23	3.3e-15
Srhi_XP_016367328.1	1166	1296	DNA_methylase	PF00145.23	3.3e-15
Srhi_XP_016367329.1	1166	1296	DNA_methylase	PF00145.23	3.3e-15
Cint_XP_002126359.3	430	564	DNA_methylase	PF00145.23	3e-15
Neomel_ENSNMLP00000008036.1	1358	1490	DNA_methylase	PF00145.23	2.7e-14
Symmic_OLP75809.1	86	244	DNA_methylase	PF00145.23	3.4e-18
Aram_KKK13442.1	140	302	DNA_methylase	PF00145.23	5.3e-18
Csp.CBS134920_RMD44038.1	161	399	DNA_methylase	PF00145.23	6.3e-18
Atri_XP_020528965.1	915	973	DNA_methylase	PF00145.23	8.7e-12
Aste_XP_024704263.1	162	381	DNA_methylase	PF00145.23	9.5e-18
Srhi_XP_016418098.1	1184	1314	DNA_methylase	PF00145.23	1e-14
Srhi_XP_016418099.1	1184	1314	DNA_methylase	PF00145.23	1e-14
Srhi_XP_016418100.1	1184	1314	DNA_methylase	PF00145.23	1e-14
Neomel_ENSNMLP00000008045.1	1376	1508	DNA_methylase	PF00145.23	2.7e-14
Hbic_XP_024734012.1	219	600	DNA_methylase	PF00145.23	8e-18
Csab_XP_037839305.1	30	284	DNA_methylase	PF00145.23	9.7e-15
Drer_NP_571461.1	1164	1296	DNA_methylase	PF00145.23	1.6e-16
Symmic_OLP86811.1	86	244	DNA_methylase	PF00145.23	3.9e-18
Afum_XP_755246.1	81	474	DNA_methylase	PF00145.23	8.3e-18
Zrhi_KAF2195509.1	148	339	DNA_methylase	PF00145.23	1.2e-17
Atur_RHZ71269.1	81	472	DNA_methylase	PF00145.23	8e-18
Pdec_OQD77941.1	122	482	DNA_methylase	PF00145.23	8.2e-18
Cint_XP_026693797.1	432	566	DNA_methylase	PF00145.23	3.1e-15
Cely_KAF1941508.1	355	710	DNA_methylase	PF00145.23	6.7e-18
Singra_XP_016098795.1	1185	1315	DNA_methylase	PF00145.23	1.1e-14
Pstr_XP_047813549.1	255	618	DNA_methylase	PF00145.23	9.1e-18
Singra_XP_016098796.1	1167	1297	DNA_methylase	PF00145.23	1.1e-14
Tpre_XP_023319439.1	971	1123	DNA_methylase	PF00145.23	3.6e-18
Tpre_XP_023319438.1	982	1134	DNA_methylase	PF00145.23	3.7e-18
Psat_XP_050880903.1	18	297	DNA_methylase	PF00145.23	6.5e-18
Mmol_ENSMMOP00000013851.1	234	363	DNA_methylase	PF00145.23	2.7e-14
Vung_XP_027915302.1	377	492	DNA_methylase	PF00145.23	1.1e-13
Mtru_XP_024631629.1	18	301	DNA_methylase	PF00145.23	5.6e-18
Qlob_XP_030951477.1	23	305	DNA_methylase	PF00145.23	5.5e-18
Pran_XP_028265177.1	1249	1382	DNA_methylase	PF00145.23	2.1e-14
Ccin_XP_001828513.2	16	327	DNA_methylase	PF00145.23	5.7e-18
Penbra_CEJ61132.1	125	350	DNA_methylase	PF00145.23	6.2e-18
Caraur_XP_026116176.1	1172	1301	DNA_methylase	PF00145.23	1.1e-14
Caraur_XP_026116177.1	1172	1301	DNA_methylase	PF00145.23	1.1e-14
Caraur_XP_026116178.1	1172	1301	DNA_methylase	PF00145.23	1.1e-14
Caraur_XP_026116179.1	1172	1301	DNA_methylase	PF00145.23	1.1e-14
Caraur_XP_026116180.1	1172	1301	DNA_methylase	PF00145.23	1.1e-14
Sans_XP_016300555.1	1183	1313	DNA_methylase	PF00145.23	2.2e-14
Sans_XP_016300556.1	1183	1313	DNA_methylase	PF00145.23	2.2e-14
Athe_XP_026616455.1	81	379	DNA_methylase	PF00145.23	9.1e-17
Caraur_XP_026116175.1	1179	1308	DNA_methylase	PF00145.23	1.1e-14
Pnat_XP_017566389.1	1211	1344	DNA_methylase	PF00145.23	5e-15
Pnat_XP_017566390.1	1211	1344	DNA_methylase	PF00145.23	5e-15
Pnat_XP_017566392.1	1211	1344	DNA_methylase	PF00145.23	5e-15
Tpra_XP_045817730.1	18	299	DNA_methylase	PF00145.23	5.6e-18
Tpra_XP_045818344.1	18	299	DNA_methylase	PF00145.23	5.6e-18
Caraur_XP_026116174.1	1187	1316	DNA_methylase	PF00145.23	1.2e-14
Rtai_POY76103.1	99	328	DNA_methylase	PF00145.23	1.3e-17
Psp.SRC1lsM3a_OAL01383.1	272	635	DNA_methylase	PF00145.23	9e-18
Aver_XP_040667140.1	104	326	DNA_methylase	PF00145.23	1e-17
Kimp_XP_021868986.1	270	635	DNA_methylase	PF00145.23	1.5e-17
Psp.VKMF3557_KFX98930.1	722	876	DNA_methylase	PF00145.23	1.1e-17
Myrmur_XP_029911996.1	1324	1458	DNA_methylase	PF00145.23	2.3e-15
Psom_XP_026430414.1	134	285	DNA_methylase	PF00145.23	6.8e-18
Psom_XP_026430415.1	134	285	DNA_methylase	PF00145.23	6.8e-18
Tmes_XP_007006292.1	292	656	DNA_methylase	PF00145.23	2.3e-17
Amex_XP_022533074.2	1059	1191	DNA_methylase	PF00145.23	1e-14
Amex_XP_022533075.2	1059	1191	DNA_methylase	PF00145.23	1e-14
Amex_XP_022533076.2	1059	1191	DNA_methylase	PF00145.23	1e-14
Amex_XP_049318904.1	1059	1191	DNA_methylase	PF00145.23	1e-14
Amex_XP_049318905.1	1059	1191	DNA_methylase	PF00145.23	1e-14
Cocimm_XP_001247253.2	143	535	DNA_methylase	PF00145.23	1.3e-17
Zcel_XP_033674736.1	290	680	DNA_methylase	PF00145.23	1.2e-17
Ngyp_XP_003174496.1	158	371	DNA_methylase	PF00145.23	1.1e-17
Hgri_PGH19001.1	147	525	DNA_methylase	PF00145.23	1.1e-17
Ebil_XP_033537933.1	208	583	DNA_methylase	PF00145.23	1.4e-17
Zbre_KJX97379.1	349	711	DNA_methylase	PF00145.23	1.3e-17
Odis_KAF2819824.1	569	935	DNA_methylase	PF00145.23	1.6e-17
Psac_PJF16828.1	2	128	DNA_methylase	PF00145.23	1.6e-12
Pinu_XP_008818085.1	305	649	DNA_methylase	PF00145.23	3.2e-10
Aqui_KAF1916136.1	499	863	DNA_methylase	PF00145.23	1.6e-17
Saur_XP_030277584.1	1308	1442	DNA_methylase	PF00145.23	1.4e-12
Saur_XP_030277585.1	1308	1442	DNA_methylase	PF00145.23	1.4e-12
Aimm_RPA73956.1	326	477	DNA_methylase	PF00145.23	6.2e-17
Tpre_XP_023319440.1	982	1120	DNA_methylase	PF00145.23	8e-18
Ampcit_ENSACIP00000011497.1	307	415	DNA_methylase	PF00145.23	4.1e-13
Mmer_XP_053376999.1	9	138	DNA_methylase	PF00145.23	1.8e-13
Dmag_XP_032784727.2	199	533	DNA_methylase	PF00145.23	1.3e-17
Phavul_XP_068497220.1	19	299	DNA_methylase	PF00145.23	1.1e-17
Uree_XP_002541453.1	155	535	DNA_methylase	PF00145.23	1.4e-17
Tdic_XP_037416906.1	529	645	DNA_methylase	PF00145.23	5.6e-12
Gsin_PIL29903.1	4	176	DNA_methylase	PF00145.23	1e-17
Nbri_XP_006807491.2	645	754	DNA_methylase	PF00145.23	1.4e-13
Symmic_OLP98324.1	86	243	DNA_methylase	PF00145.23	1.4e-17
Kbes_XP_019048826.1	471	837	DNA_methylase	PF00145.23	1.1e-16
Afij_XP_040805823.1	99	455	DNA_methylase	PF00145.23	2.1e-17
Ttur_VAH68583.1	328	442	DNA_methylase	PF00145.23	2.3e-11
Lang_XP_019424702.1	19	289	DNA_methylase	PF00145.23	1.3e-17
Acla_XP_001267835.1	142	363	DNA_methylase	PF00145.23	2.3e-17
Omyk_XP_021422185.2	1171	1302	DNA_methylase	PF00145.23	1.3e-13
Omyk_XP_036803184.1	1171	1302	DNA_methylase	PF00145.23	1.3e-13
Psip_KAF2711037.1	290	657	DNA_methylase	PF00145.23	1.7e-16
Cscu_XP_023228282.1	707	868	DNA_methylase	PF00145.23	7.2e-15
Bmin_symbB.v1.2.031993.t1|scaffold3777.1|size50482|4	739	905	DNA_methylase	PF00145.23	2.2e-17
Ador_XP_006618259.1	572	731	DNA_methylase	PF00145.23	1e-14
Kman_XP_065373212.1	472	839	DNA_methylase	PF00145.23	3.4e-17
Spod_RSH81512.1	373	747	DNA_methylase	PF00145.23	5.2e-17
Singra_XP_016093647.1	8	109	DNA_methylase	PF00145.23	1.9e-17
Ascnig_XP_025469942.1	125	287	DNA_methylase	PF00145.23	2.5e-17
Xtro_XP_031749651.1	82	208	DNA_methylase	PF00145.23	9.6e-14
Oeur_XP_022867297.1	59	180	DNA_methylase	PF00145.23	1.7e-17
Fcyl_OEU21471.1	80	410	DNA_methylase	PF00145.23	1e-16
Pcor_PLW11146.1	258	622	DNA_methylase	PF00145.23	2.8e-17
Apimel_NP_001177350.1	471	604	DNA_methylase	PF00145.23	5.5e-14
Tbis_KAF2402471.1	41	415	DNA_methylase	PF00145.23	3e-17
Csav_ENSCSAVP00000005338.1	11	145	DNA_methylase	PF00145.23	2.8e-17
Bmin_symbB.v1.2.030306.t1|scaffold3401.1|size90485|6	107	358	DNA_methylase	PF00145.23	2e-17
Pyrtri_XP_001932477.2	560	910	DNA_methylase	PF00145.23	5.9e-17
Vang_XP_052725982.1	424	539	DNA_methylase	PF00145.23	2.2e-13
Epas_OJD11036.1	211	498	DNA_methylase	PF00145.23	3.1e-17
Aspacu_XP_020059881.1	93	261	DNA_methylase	PF00145.23	3.1e-17
Egla_KZV96801.1	135	493	DNA_methylase	PF00145.23	5.5e-16
Ajap_XP_025532595.1	93	258	DNA_methylase	PF00145.23	2.7e-17
Apis_XP_016662566.1	61	255	DNA_methylase	PF00145.23	3.8e-16
Ecur_TVU41910.1	41	109	DNA_methylase	PF00145.23	1.8e-17
Mmus_NP_001403928.1	1	122	DNA_methylase	PF00145.23	2e-17
Pkin_XP_023694981.1	414	546	DNA_methylase	PF00145.23	1.2e-13
Pkin_XP_023694982.1	414	546	DNA_methylase	PF00145.23	1.2e-13
Pkin_XP_023694983.1	414	546	DNA_methylase	PF00145.23	1.2e-13
Pkin_XP_023694984.1	414	546	DNA_methylase	PF00145.23	1.2e-13
Taes_XP_044354656.1	332	448	DNA_methylase	PF00145.23	6.5e-12
Rhygra_XMA12932.1	396	590	DNA_methylase	PF00145.23	1.8e-17
Tspi_XP_003375702.1	326	458	DNA_methylase	PF00145.23	8.4e-17
Aacu_XP_025504420.1	129	489	DNA_methylase	PF00145.23	3.4e-17
Msco_XP_018064140.1	70	428	DNA_methylase	PF00145.23	4.5e-17
Rsec_CZT44976.1	415	609	DNA_methylase	PF00145.23	1.8e-17
Ragr_CZS90285.1	415	609	DNA_methylase	PF00145.23	1.8e-17
Mint_SCV72512.1	215	385	DNA_methylase	PF00145.23	4.8e-17
Dlab_XP_051245342.1	709	841	DNA_methylase	PF00145.23	1.7e-12
Dlab_XP_051245351.1	709	841	DNA_methylase	PF00145.23	1.7e-12
Ksha_XP_031863534.1	434	801	DNA_methylase	PF00145.23	1.5e-16
Tzim_KRZ05827.1	275	407	DNA_methylase	PF00145.23	5.2e-17
Acar_OOF92487.1	116	270	DNA_methylase	PF00145.23	3.8e-17
Cpos_XP_003066111.2	93	455	DNA_methylase	PF00145.23	4.8e-17
Bspl_XP_029012266.1	1298	1431	DNA_methylase	PF00145.23	1.5e-13
Bspl_XP_029012268.1	1298	1431	DNA_methylase	PF00145.23	1.5e-13
Dlab_XP_051245362.1	709	841	DNA_methylase	PF00145.23	1.7e-12
Tura_XP_048567115.1	569	685	DNA_methylase	PF00145.23	6.2e-12
Tspe_TraesTSP4B01G419900.1	334	450	DNA_methylase	PF00145.23	1.1e-10
Cint_XP_026694622.1	375	506	DNA_methylase	PF00145.23	4.9e-14
Kfed_Kaladp0050s0137.1.v1.1	455	571	DNA_methylase	PF00145.23	7.4e-12
Lsp.SymCcos_KXN85521.1	98	464	DNA_methylase	PF00145.23	5.6e-17
Avio_PYI16831.1	98	256	DNA_methylase	PF00145.23	3.5e-17
Cneo_XP_024513770.1	351	716	DNA_methylase	PF00145.23	6.8e-17
Taes_XP_044372044.1	479	595	DNA_methylase	PF00145.23	1.6e-10
Taes_XP_044372045.1	480	596	DNA_methylase	PF00145.23	1.6e-10
Caraur_XP_026055318.1	1188	1320	DNA_methylase	PF00145.23	6.6e-16
Fcyl_OEU20607.1	66	434	DNA_methylase	PF00145.23	1e-16
Osin_XP_036361613.1	330	463	DNA_methylase	PF00145.23	1.4e-14
Tsti_XP_002340926.1	180	535	DNA_methylase	PF00145.23	7.1e-17
Tspe_TraesTSP3B01G544100.1	484	600	DNA_methylase	PF00145.23	5e-12
Pcri_KII87340.1	178	544	DNA_methylase	PF00145.23	5.4e-17
Mzeb_XP_024662320.1	1269	1378	DNA_methylase	PF00145.23	2.9e-13
Mzeb_XP_024662321.1	1269	1378	DNA_methylase	PF00145.23	2.9e-13
Mzeb_XP_024662322.1	1269	1378	DNA_methylase	PF00145.23	2.9e-13
Mzeb_XP_024662323.1	1269	1378	DNA_methylase	PF00145.23	2.9e-13
Mzeb_XP_024662324.1	1269	1378	DNA_methylase	PF00145.23	2.9e-13
Mzeb_XP_024662325.1	1269	1378	DNA_methylase	PF00145.23	2.9e-13
Ampcit_ENSACIP00000022748.1	703	835	DNA_methylase	PF00145.23	1.5e-12
Tsp.T8_KRZ89374.1	281	413	DNA_methylase	PF00145.23	8.8e-17
Vrad_XP_014492142.1	446	561	DNA_methylase	PF00145.23	2.8e-13
Taes_XP_044346399.1	441	557	DNA_methylase	PF00145.23	4.4e-12
Mzeb_XP_004567638.2	1298	1407	DNA_methylase	PF00145.23	3e-13
Tbri_KRY54414.1	306	438	DNA_methylase	PF00145.23	9.1e-17
Atau_XP_040253403.1	337	453	DNA_methylase	PF00145.23	1.6e-10
Lbic_XP_001874556.1	91	456	DNA_methylase	PF00145.23	1.2e-15
Aflo_XP_012341137.2	265	403	DNA_methylase	PF00145.23	5.3e-14
Pkin_XP_023694980.1	669	801	DNA_methylase	PF00145.23	2e-13
Etef_Et_s3284-0.32-1.mrna1	2	128	DNA_methylase	PF00145.23	9.1e-16
Pkin_XP_023694978.1	670	802	DNA_methylase	PF00145.23	2e-13
Pkin_XP_023694979.1	670	802	DNA_methylase	PF00145.23	2e-13
Tbri_KRY54413.1	396	528	DNA_methylase	PF00145.23	1.3e-16
Sans_XP_016337388.1	78	210	DNA_methylase	PF00145.23	1.4e-12
Monalb_XP_020463588.1	488	620	DNA_methylase	PF00145.23	4e-12
Ttur_VAI11672.1	361	477	DNA_methylase	PF00145.23	1.2e-10
Ttur_VAI11687.1	403	519	DNA_methylase	PF00145.23	1.3e-10
Cmin_TKA78605.1	8	164	DNA_methylase	PF00145.23	5.8e-17
Singra_XP_016151313.1	932	1062	DNA_methylase	PF00145.23	2.6e-15
Otau_XP_022838889.1	200	555	DNA_methylase	PF00145.23	9.5e-17
Tbri_KRY54416.1	386	518	DNA_methylase	PF00145.23	1.3e-16
Cvir_XP_022319474.1	574	704	DNA_methylase	PF00145.23	3.3e-12
Cyeg_XP_007754713.1	443	654	DNA_methylase	PF00145.23	2.5e-15
Aser_KAE8329255.1	133	499	DNA_methylase	PF00145.23	6.1e-17
Oana_XP_039769776.1	88	198	DNA_methylase	PF00145.23	4e-17
Ampcit_ENSACIP00000022787.1	650	782	DNA_methylase	PF00145.23	1.3e-12
Obim_XP_052827281.1	466	599	DNA_methylase	PF00145.23	2e-14
Smar_SMAR006764-PA	614	787	DNA_methylase	PF00145.23	1e-16
Symmic_OLP94490.1	125	433	DNA_methylase	PF00145.23	5.2e-17
Ttur_VAI11673.1	412	528	DNA_methylase	PF00145.23	1.3e-10
Mcan_XP_002846951.1	153	354	DNA_methylase	PF00145.23	5.5e-17
Vnas_TLD35264.1	315	491	DNA_methylase	PF00145.23	2.2e-16
Punstr_XP_007382775.1	28	386	DNA_methylase	PF00145.23	1.1e-16
Sluc_XP_031165803.1	713	845	DNA_methylase	PF00145.23	5.5e-12
Sluc_XP_031165808.1	713	845	DNA_methylase	PF00145.23	5.5e-12
Ptra_KAF2853893.1	340	704	DNA_methylase	PF00145.23	1.1e-16
Osin_XP_036361611.1	466	599	DNA_methylase	PF00145.23	2e-14
Tmur_KRX47890.1	281	412	DNA_methylase	PF00145.23	1.1e-16
Horvul_XP_044953234.1	329	445	DNA_methylase	PF00145.23	1.6e-10
Osin_XP_029641100.1	467	600	DNA_methylase	PF00145.23	2e-14
Osin_XP_036361607.1	467	600	DNA_methylase	PF00145.23	2e-14
Osin_XP_036361608.1	467	600	DNA_methylase	PF00145.23	2e-14
Osin_XP_036361609.1	467	600	DNA_methylase	PF00145.23	2e-14
Osin_XP_036361610.1	467	600	DNA_methylase	PF00145.23	2e-14
Okis_XP_020315088.1	1189	1320	DNA_methylase	PF00145.23	4.5e-13
Okis_XP_031659942.1	1189	1320	DNA_methylase	PF00145.23	4.5e-13
Oana_XP_039769775.1	88	198	DNA_methylase	PF00145.23	4.5e-17
Mvio_MVLG_01130T0	218	394	DNA_methylase	PF00145.23	1.2e-16
Mlar_XP_007415362.1	261	623	DNA_methylase	PF00145.23	3.8e-17
Abru_XP_025438206.1	132	489	DNA_methylase	PF00145.23	6.3e-17
Dlab_XP_051245389.1	470	602	DNA_methylase	PF00145.23	1.1e-12
Tmur_KRX47889.1	306	437	DNA_methylase	PF00145.23	1.2e-16
Tsp.T8_KRZ89375.1	361	493	DNA_methylase	PF00145.23	1.1e-16
Pmar_XP_032835833.1	615	748	DNA_methylase	PF00145.23	1.1e-12
Tnel_KRX20119.1	404	536	DNA_methylase	PF00145.23	8.6e-17
Pyrter_CAA9957087.1	257	483	DNA_methylase	PF00145.23	1.1e-16
Pmar_XP_032835798.1	621	754	DNA_methylase	PF00145.23	1.1e-12
Ttur_VAI11685.1	441	557	DNA_methylase	PF00145.23	1.4e-10
Tmur_KRX47891.1	308	439	DNA_methylase	PF00145.23	8.1e-17
Mfru_KAA8565493.1	600	718	DNA_methylase	PF00145.23	5.1e-12
Tdic_XP_037427070.1	446	562	DNA_methylase	PF00145.23	1.5e-10
Ttur_VAI11684.1	446	562	DNA_methylase	PF00145.23	1.5e-10
Psor_KNZ63975.1	258	621	DNA_methylase	PF00145.23	1e-16
Atau_XP_040253402.1	121	237	DNA_methylase	PF00145.23	3.4e-10
Pstr_XP_047803106.1	229	593	DNA_methylase	PF00145.23	8.1e-17
Pucgra_XP_003335291.2	252	615	DNA_methylase	PF00145.23	1.2e-16
Symmic_OLP99149.1	104	404	DNA_methylase	PF00145.23	7.3e-17
Pcor_PLW39290.1	257	620	DNA_methylase	PF00145.23	8.7e-17
Ccar_XP_008731529.1	1121	1332	DNA_methylase	PF00145.23	4.1e-15
Pmag_XP_055078746.1	1286	1419	DNA_methylase	PF00145.23	3.1e-13
Tpat_KRY17461.1	364	496	DNA_methylase	PF00145.23	1.9e-16
Symmic_OLQ09131.1	25	112	DNA_methylase	PF00145.23	1.2e-16
Dpul_XP_046452934.1	198	535	DNA_methylase	PF00145.23	6.2e-17
Enig_OSS46112.1	201	343	DNA_methylase	PF00145.23	7.4e-17
Ttur_VAH77483.1	8	125	DNA_methylase	PF00145.23	4.8e-17
Bmin_symbB.v1.2.001277.t1|scaffold64.1|size360880|9	599	782	DNA_methylase	PF00145.23	7.3e-17
Pter_EFQ87831.1	257	607	DNA_methylase	PF00145.23	1.4e-16
Clum_XP_034393751.1	1248	1381	DNA_methylase	PF00145.23	6.3e-13
Aind_PYI36953.1	131	286	DNA_methylase	PF00145.23	7.6e-17
Podmur_XP_028591460.1	517	650	DNA_methylase	PF00145.23	4.2e-13
Mgig_XP_034313469.2	465	594	DNA_methylase	PF00145.23	4.5e-12
Ampcit_ENSACIP00000022755.1	654	786	DNA_methylase	PF00145.23	1.4e-12
Symmic_OLQ02260.1	86	243	DNA_methylase	PF00145.23	1.1e-16
Ttur_VAI11683.1	480	596	DNA_methylase	PF00145.23	1.6e-10
Aber_KAE8383418.1	137	497	DNA_methylase	PF00145.23	9.8e-17
Cbac_XP_066609320.1	390	755	DNA_methylase	PF00145.23	2.4e-16
Msil_SGY68874.1	218	394	DNA_methylase	PF00145.23	1.2e-16
Mpus_XP_003055914.1	480	796	DNA_methylase	PF00145.23	3.6e-16
Tdic_XP_037427067.1	479	595	DNA_methylase	PF00145.23	1.6e-10
Ttur_VAI11674.1	480	596	DNA_methylase	PF00145.23	1.6e-10
Bmin_symbB.v1.2.025625.t1|scaffold2500.1|size77671|1	6	130	DNA_methylase	PF00145.23	2.5e-16
Bhya_TGO40636.1	155	544	DNA_methylase	PF00145.23	1.9e-16
Sluc_XP_031165804.1	713	845	DNA_methylase	PF00145.23	5.3e-12
Csav_ENSCSAVP00000020042.1	341	474	DNA_methylase	PF00145.23	3.3e-14
Tpat_KRY17460.1	388	520	DNA_methylase	PF00145.23	9e-17
Eaff_XP_023319807.1	248	576	DNA_methylase	PF00145.23	2.2e-16
Csp.RAO2017_PHH88829.1	282	419	DNA_methylase	PF00145.23	8.4e-17
Tnel_KRX20121.1	425	557	DNA_methylase	PF00145.23	9.2e-17
Tnel_KRX20126.1	425	557	DNA_methylase	PF00145.23	9.2e-17
Psp.VKMF4518_KFY89358.1	489	676	DNA_methylase	PF00145.23	1.6e-16
Pnye_XP_005752217.1	1279	1388	DNA_methylase	PF00145.23	5e-13
Hapbur_XP_005952975.2	1291	1400	DNA_methylase	PF00145.23	5e-13
Mpus_XP_003063363.1	24	394	DNA_methylase	PF00145.23	1.5e-16
Msap_SDA05757.1	219	389	DNA_methylase	PF00145.23	1.6e-16
Ipun_XP_017324035.1	1194	1327	DNA_methylase	PF00145.23	7.5e-13
Sspo_Sspon.01G0000660-2B-mRNA-1:cds	331	447	DNA_methylase	PF00145.23	8.7e-12
Jfla_RUP44924.1	5	124	DNA_methylase	PF00145.23	7.1e-17
Calmil_XP_007883119.1	523	655	DNA_methylase	PF00145.23	1.4e-13
Calmil_XP_042197631.1	523	655	DNA_methylase	PF00145.23	1.4e-13
Ztri_XP_003851658.1	73	433	DNA_methylase	PF00145.23	9.3e-17
Hruf_XP_048240340.1	1567	1704	DNA_methylase	PF00145.23	5.4e-17
Tspe_TraesTSP4D01G406900.1	476	592	DNA_methylase	PF00145.23	2.5e-10
Ipun_XP_017324034.1	1217	1350	DNA_methylase	PF00145.23	7.6e-13
Symmic_OLQ06834.1	524	840	DNA_methylase	PF00145.23	9.3e-17
Ipun_XP_017324033.1	1238	1371	DNA_methylase	PF00145.23	7.8e-13
Taes_XP_044377338.1	479	595	DNA_methylase	PF00145.23	2.5e-10
Tpap_KRZ78514.1	392	524	DNA_methylase	PF00145.23	1.8e-16
Taes_XP_044377337.1	480	596	DNA_methylase	PF00145.23	2.5e-10
Lame_KIK08843.1	91	456	DNA_methylase	PF00145.23	1.2e-15
Tpub_OJT04929.1	2	162	DNA_methylase	PF00145.23	6.3e-17
Gmax_XP_006574624.1	406	521	DNA_methylase	PF00145.23	1.1e-12
Gmax_XP_025980431.1	406	521	DNA_methylase	PF00145.23	1.1e-12
Monalb_XP_020463585.1	702	834	DNA_methylase	PF00145.23	5.7e-12
Ipun_XP_017324025.1	1242	1375	DNA_methylase	PF00145.23	7.8e-13
Ipun_XP_017324026.1	1242	1375	DNA_methylase	PF00145.23	7.8e-13
Ipun_XP_017324028.1	1242	1375	DNA_methylase	PF00145.23	7.8e-13
Ipun_XP_017324030.1	1242	1375	DNA_methylase	PF00145.23	7.8e-13
Ipun_XP_017324031.1	1242	1375	DNA_methylase	PF00145.23	7.8e-13
Ipun_XP_017324032.1	1242	1375	DNA_methylase	PF00145.23	7.8e-13
Ipun_XP_047011562.1	1242	1375	DNA_methylase	PF00145.23	7.8e-13
Pkin_XP_023652410.1	1182	1315	DNA_methylase	PF00145.23	9.1e-13
Pkin_XP_023652411.1	1182	1315	DNA_methylase	PF00145.23	9.1e-13
Pkin_XP_023652412.1	1182	1315	DNA_methylase	PF00145.23	9.1e-13
Pkin_XP_023652413.1	1182	1315	DNA_methylase	PF00145.23	9.1e-13
Pkin_XP_023652415.1	1182	1315	DNA_methylase	PF00145.23	9.1e-13
Krymar_XP_017265141.1	1176	1308	DNA_methylase	PF00145.23	1.6e-12
Krymar_XP_017265140.1	1181	1313	DNA_methylase	PF00145.23	1.6e-12
Gwil_XP_028293409.1	669	801	DNA_methylase	PF00145.23	1.9e-12
Ipun_XP_017324022.1	1261	1394	DNA_methylase	PF00145.23	7.9e-13
Ipun_XP_053536293.1	1261	1394	DNA_methylase	PF00145.23	7.9e-13
Gmax_XP_003519822.1	412	527	DNA_methylase	PF00145.23	1.1e-12
Mbel_CAJ0937324.1	7	93	DNA_methylase	PF00145.23	6.8e-17
Taes_XP_044377336.1	498	614	DNA_methylase	PF00145.23	2.6e-10
Tspe_TraesTSP4D01G406800.1	498	614	DNA_methylase	PF00145.23	2.6e-10
Pgem_Unigene15470_Pirum_gemmata|m.9844	2	157	DNA_methylase	PF00145.23	8.9e-17
Tspe_TraesTSP3A01G490500.1	520	634	DNA_methylase	PF00145.23	1.3e-11
Alep_KAB8079080.1	137	300	DNA_methylase	PF00145.23	1.5e-16
Bmin_symbB.v1.2.013788.t1|scaffold975.1|size153061|3	151	451	DNA_methylase	PF00145.23	8.6e-16
Krymar_XP_017265139.1	1221	1353	DNA_methylase	PF00145.23	1.6e-12
Cchr_ROW01153.1	314	360	DNA_methylase	PF00145.23	1.6e-05
Cchr_ROW01153.1	449	526	DNA_methylase	PF00145.23	3.8e-08
Taes_XP_044336223.1	544	658	DNA_methylase	PF00145.23	1.4e-11
Tcin_CDO74796.1	4	171	DNA_methylase	PF00145.23	8.6e-17
Locu_XP_069035502.1	1246	1373	DNA_methylase	PF00145.23	2.2e-13
Monalb_XP_020463586.1	702	834	DNA_methylase	PF00145.23	5.5e-12
Shar_XP_031809956.1	550	683	DNA_methylase	PF00145.23	3.7e-13
Pcin_XP_020846481.1	508	641	DNA_methylase	PF00145.23	5.7e-13
Psin_XP_025037800.1	954	1099	DNA_methylase	PF00145.23	1.7e-16
Socc_ENSSOCP00000003157.1	5	82	DNA_methylase	PF00145.23	2.2e-12
Gwil_XP_028293408.1	669	801	DNA_methylase	PF00145.23	1.9e-12
Bspl_XP_028995168.1	485	617	DNA_methylase	PF00145.23	6.6e-12
Shar_XP_031809957.1	531	664	DNA_methylase	PF00145.23	3.6e-13
Sorb_XP_029981863.1	502	634	DNA_methylase	PF00145.23	1e-12
Ccaj_XP_020216765.1	446	561	DNA_methylase	PF00145.23	3.7e-13
Ctet_XP_066612223.1	390	755	DNA_methylase	PF00145.23	4.4e-16
Stesca_L892_g2577.t1	1584	1682	DNA_methylase	PF00145.23	1.3e-16
Auva_XP_025495511.1	96	253	DNA_methylase	PF00145.23	1.2e-16
Mgig_XP_011435620.3	549	678	DNA_methylase	PF00145.23	5.3e-12
Sorb_XP_029981864.1	486	618	DNA_methylase	PF00145.23	9.5e-13
Psp.03VT05_OBT84724.1	486	664	DNA_methylase	PF00145.23	2.3e-16
Psp.VKMF3808_KFX93048.1	498	671	DNA_methylase	PF00145.23	2.5e-16
Sspo_Sspon.01G0000660-1P-mRNA-1:cds	403	519	DNA_methylase	PF00145.23	1e-11
Sspo_Sspon.01G0000660-3C-mRNA-1:cds	403	519	DNA_methylase	PF00145.23	1e-11
Dappul_XP_046639513.1	232	569	DNA_methylase	PF00145.23	1.3e-16
Psever_XP_018130022.1	486	667	DNA_methylase	PF00145.23	2.4e-16
Cdeu_XP_062883139.1	390	755	DNA_methylase	PF00145.23	2.9e-16
Onttau_XP_022904316.1	301	432	DNA_methylase	PF00145.23	4.4e-14
Onttau_XP_071055398.1	301	432	DNA_methylase	PF00145.23	4.4e-14
Psp.VKMF3557_KFX92595.1	482	655	DNA_methylase	PF00145.23	2.5e-16
Symmic_OLP81929.1	210	511	DNA_methylase	PF00145.23	1.8e-16
Mgig_XP_011435619.3	582	711	DNA_methylase	PF00145.23	5.6e-12
Psp.VKMF4520_KFZ16754.1	489	672	DNA_methylase	PF00145.23	2.9e-16
Sluc_XP_031139749.1	1298	1432	DNA_methylase	PF00145.23	2.1e-12
Sluc_XP_031139750.1	1298	1432	DNA_methylase	PF00145.23	2.1e-12
Asol_PBK61928.1	29	150	DNA_methylase	PF00145.23	1e-16
Parcla_CAB4028403.1	1	110	DNA_methylase	PF00145.23	9.9e-17
Bspl_XP_055361955.1	466	598	DNA_methylase	PF00145.23	6.4e-12
Psp.VKMF4514_KFY42226.1	498	671	DNA_methylase	PF00145.23	2.5e-16
Psp.VKMF4516_KFY59125.1	498	671	DNA_methylase	PF00145.23	2.5e-16
Ipun_XP_017332334.1	448	580	DNA_methylase	PF00145.23	5.9e-13
Ipun_XP_017332335.1	448	580	DNA_methylase	PF00145.23	5.9e-13
Ipun_XP_017332336.1	448	580	DNA_methylase	PF00145.23	5.9e-13
Bnar_TGO58281.1	136	525	DNA_methylase	PF00145.23	2.9e-16
Pdes_XP_024320712.1	484	672	DNA_methylase	PF00145.23	3e-16
Fhet_XP_036003102.1	519	650	DNA_methylase	PF00145.23	7.7e-12
Worn_XP_033649104.1	86	438	DNA_methylase	PF00145.23	8.4e-16
Ipun_XP_017332333.1	470	602	DNA_methylase	PF00145.23	6.2e-13
Kpin_XP_070058329.1	485	851	DNA_methylase	PF00145.23	7.4e-16
Bmin_symbB.v1.2.027404.t1|scaffold2808.1|size69842|6	227	527	DNA_methylase	PF00145.23	1.6e-16
Aalp_KFK37620.1	557	672	DNA_methylase	PF00145.23	1.6e-10
Lpus_KAA6413066.1	440	705	DNA_methylase	PF00145.23	3e-16
Monalb_XP_020463587.1	653	785	DNA_methylase	PF00145.23	5.3e-12
Fhet_XP_036003099.1	565	696	DNA_methylase	PF00145.23	8.3e-12
Fhet_XP_036003100.1	565	696	DNA_methylase	PF00145.23	8.3e-12
Gdil_PPR04514.1	210	594	DNA_methylase	PF00145.23	2.9e-16
Gacu_XP_040026165.1	1	165	DNA_methylase	PF00145.23	1.2e-16
Tsp.T6_KRX73839.1	326	435	DNA_methylase	PF00145.23	3.8e-16
Ecal_XP_051788411.1	1207	1339	DNA_methylase	PF00145.23	1.2e-12
Ampcit_ENSACIP00000022811.1	487	619	DNA_methylase	PF00145.23	9.8e-13
Dlab_XP_051245371.1	662	794	DNA_methylase	PF00145.23	1.6e-12
Psp.VKMF103_KFY79559.1	491	677	DNA_methylase	PF00145.23	3e-16
Smoe_XP_002965696.2	64	147	DNA_methylase	PF00145.23	1.5e-15
Pcas_ENSPCEP00000023016.1	122	254	DNA_methylase	PF00145.23	1.3e-12
Aros_XP_048511543.1	800	961	DNA_methylase	PF00145.23	1.4e-15
Drer_XP_009294991.1	490	623	DNA_methylase	PF00145.23	1.7e-13
Rtor_XP_016273154.1	99	321	DNA_methylase	PF00145.23	2.8e-16
Trug_XP_035345079.1	165	531	DNA_methylase	PF00145.23	2.4e-16
Esal_XP_024006212.1	429	545	DNA_methylase	PF00145.23	2.2e-10
Psp.05NY08_OBT71568.1	486	664	DNA_methylase	PF00145.23	3.3e-16
Psp.24MN13_OBT52108.1	486	667	DNA_methylase	PF00145.23	3.3e-16
Cgob_XP_029316284.1	707	839	DNA_methylase	PF00145.23	1.2e-11
Psp.WSF3629_OBT46521.1	486	660	DNA_methylase	PF00145.23	3.2e-16
Tsp.T6_KRX73840.1	416	525	DNA_methylase	PF00145.23	5.5e-16
Cofcan_CDP13181.1	512	626	DNA_methylase	PF00145.23	4.2e-12
Btul_TGO07496.1	190	579	DNA_methylase	PF00145.23	3.5e-16
Psp.VKMF4515_KFY62460.1	487	664	DNA_methylase	PF00145.23	3.1e-16
Psp.VKMF4517_KFY91779.1	487	664	DNA_methylase	PF00145.23	3.1e-16
Lang_XP_019438828.1	491	605	DNA_methylase	PF00145.23	2.1e-11
Pmus_KXT14985.1	328	693	DNA_methylase	PF00145.23	2.4e-16
Astcal_XP_026010642.1	1285	1394	DNA_methylase	PF00145.23	1.1e-12
Dlab_XP_051245381.1	662	794	DNA_methylase	PF00145.23	1.6e-12
Horvul_XP_044974148.1	529	643	DNA_methylase	PF00145.23	1.7e-11
Fhet_XP_021176694.2	672	804	DNA_methylase	PF00145.23	5.2e-12
Tsp.T6_KRX73841.1	388	497	DNA_methylase	PF00145.23	5.2e-16
Caraur_XP_026100230.1	1174	1303	DNA_methylase	PF00145.23	1.1e-14
Caraur_XP_026100231.1	1174	1303	DNA_methylase	PF00145.23	1.1e-14
Caraur_XP_026100232.1	1174	1303	DNA_methylase	PF00145.23	1.1e-14
Lcom_lcpid155589|	95	188	DNA_methylase	PF00145.23	1.2e-16
Pvex_XP_040719051.1	345	637	DNA_methylase	PF00145.23	2.9e-10
Psp.233421I1_OBT65143.1	488	662	DNA_methylase	PF00145.23	3.7e-16
Caraur_XP_026100229.1	1181	1310	DNA_methylase	PF00145.23	1.1e-14
Psim_ENSPSMP00000035824.1	5	82	DNA_methylase	PF00145.23	2.4e-12
Drer_NP_001020621.1	538	671	DNA_methylase	PF00145.23	1.8e-13
Psp.VKMF4519_KFZ11164.1	486	669	DNA_methylase	PF00145.23	3.6e-16
Psp.VKMF4281_KFY28397.1	502	687	DNA_methylase	PF00145.23	4e-16
Smoe_XP_002971634.2	64	147	DNA_methylase	PF00145.23	1.6e-15
Sfor_XP_029107943.1	1183	1315	DNA_methylase	PF00145.23	1.5e-13
Nenc_ORY22614.1	383	747	DNA_methylase	PF00145.23	6.6e-16
Oaur_XP_039460851.1	1310	1419	DNA_methylase	PF00145.23	6.1e-13
Oaur_XP_039460852.1	1310	1419	DNA_methylase	PF00145.23	6.1e-13
Oaur_XP_039460853.1	1310	1419	DNA_methylase	PF00145.23	6.1e-13
Oaur_XP_039460850.1	1314	1423	DNA_methylase	PF00145.23	6.1e-13
Gwil_XP_028293407.1	718	850	DNA_methylase	PF00145.23	2e-12
Sfor_XP_018587622.1	416	548	DNA_methylase	PF00145.23	7.9e-13
Cann_XP_016558738.2	481	596	DNA_methylase	PF00145.23	4.5e-12
Cann_XP_047262249.1	481	596	DNA_methylase	PF00145.23	4.5e-12
Fend_KAK0307508.1	378	745	DNA_methylase	PF00145.23	2.9e-16
Fhet_XP_012727021.2	468	600	DNA_methylase	PF00145.23	3.5e-12
Fhet_XP_012727016.2	709	841	DNA_methylase	PF00145.23	5.5e-12
Fhet_XP_036006574.1	709	841	DNA_methylase	PF00145.23	5.5e-12
Mgal_XP_019471946.1	21	305	DNA_methylase	PF00145.23	2.2e-16
Khev_OCF36333.1	466	831	DNA_methylase	PF00145.23	4.1e-16
Oaur_XP_039460849.1	1339	1448	DNA_methylase	PF00145.23	6.2e-13
Atau_XP_020158819.2	268	384	DNA_methylase	PF00145.23	4.9e-12
Aros_XP_048511544.1	798	959	DNA_methylase	PF00145.23	1.4e-15
Etel_XP_004704949.1	50	179	DNA_methylase	PF00145.23	1.9e-16
Gwil_XP_028293406.1	718	850	DNA_methylase	PF00145.23	2.1e-12
Aros_XP_048511541.1	801	962	DNA_methylase	PF00145.23	1.4e-15
Aros_XP_048511542.1	801	962	DNA_methylase	PF00145.23	1.4e-15
Hwer_RMX86598.1	456	824	DNA_methylase	PF00145.23	3.9e-16
Ipun_XP_017332332.1	646	778	DNA_methylase	PF00145.23	8.7e-13
Clum_XP_034419259.1	471	603	DNA_methylase	PF00145.23	9.5e-12
Frad_XP_012177614.1	18	312	DNA_methylase	PF00145.23	1.8e-16
Rglo_ORY50063.1	2	202	DNA_methylase	PF00145.23	6.5e-16
Mmic_KAF2671028.1	165	530	DNA_methylase	PF00145.23	4.6e-16
Sfor_XP_018599189.1	435	567	DNA_methylase	PF00145.23	1.8e-12
Apru_XP_033392100.1	292	653	DNA_methylase	PF00145.23	3.5e-16
Cabe_RXW21658.1	157	524	DNA_methylase	PF00145.23	4.4e-15
Dsp.KUC8613_KAA1474379.1	1107	1458	DNA_methylase	PF00145.23	5.3e-16
Csp.CBS132003_RMZ80863.1	162	401	DNA_methylase	PF00145.23	3.5e-16
Dclu_XP_028848726.1	1254	1387	DNA_methylase	PF00145.23	4.4e-13
Dclu_XP_028848727.1	1254	1387	DNA_methylase	PF00145.23	4.4e-13
Psub_XP_057010087.1	135	505	DNA_methylase	PF00145.23	4.7e-16
Caraur_XP_026055319.1	1024	1152	DNA_methylase	PF00145.23	1.4e-13
Dcar_XP_017233586.2	483	598	DNA_methylase	PF00145.23	7.2e-12
Dcar_XP_017245474.2	230	346	DNA_methylase	PF00145.23	2.6e-10
Sorb_XP_029981861.1	725	857	DNA_methylase	PF00145.23	1.4e-12
Asol_PBK77534.1	5	260	DNA_methylase	PF00145.23	6.2e-16
Rdio_TNY20661.1	99	266	DNA_methylase	PF00145.23	4.9e-16
Fhet_XP_036003106.1	434	565	DNA_methylase	PF00145.23	6.5e-12
Bole_XP_013588677.1	231	347	DNA_methylase	PF00145.23	1.3e-10
Csem_XP_008310559.1	737	869	DNA_methylase	PF00145.23	1.1e-11
Csem_XP_016891468.1	688	820	DNA_methylase	PF00145.23	1.1e-11
Otau_XP_003079195.2	4	117	DNA_methylase	PF00145.23	2e-15
Osp.lucimarinus_ABO95686.1	79	459	DNA_methylase	PF00145.23	6.1e-16
Caraur_XP_026116096.1	529	662	DNA_methylase	PF00145.23	2.9e-13
Clum_XP_034419258.1	680	812	DNA_methylase	PF00145.23	1.4e-11
Vlon_CRK26873.1	1388	1670	DNA_methylase	PF00145.23	1.6e-05
Stru_XP_029585397.1	679	811	DNA_methylase	PF00145.23	8.9e-12
Bspl_XP_028995167.1	670	802	DNA_methylase	PF00145.23	9.1e-12
Hcom_XP_019746008.1	461	593	DNA_methylase	PF00145.23	2.9e-12
Cann_XP_047262248.1	546	661	DNA_methylase	PF00145.23	5.3e-12
Sorb_XP_029981859.1	761	893	DNA_methylase	PF00145.23	1.5e-12
Sorb_XP_029981860.1	761	893	DNA_methylase	PF00145.23	1.5e-12
Ipun_XP_017332330.1	696	828	DNA_methylase	PF00145.23	9.4e-13
Onil_XP_025757572.1	1284	1393	DNA_methylase	PF00145.23	6e-13
Onil_XP_025757573.1	1284	1393	DNA_methylase	PF00145.23	6e-13
Onil_XP_025757574.1	1284	1393	DNA_methylase	PF00145.23	6e-13
Cann_XP_047262247.1	548	663	DNA_methylase	PF00145.23	5.4e-12
Vhum_TXT04994.1	75	442	DNA_methylase	PF00145.23	4.8e-16
Kdej_XP_065824266.1	522	888	DNA_methylase	PF00145.23	1.9e-16
Singra_XP_016086203.1	1184	1317	DNA_methylase	PF00145.23	7.1e-13
Dnov_XP_015434965.1	1027	1163	DNA_methylase	PF00145.23	8.7e-14
Fhet_XP_036003105.1	472	603	DNA_methylase	PF00145.23	7e-12
Smer_ENSSMRP00000025263.1	508	641	DNA_methylase	PF00145.23	2e-13
Stru_XP_029585396.1	679	811	DNA_methylase	PF00145.23	9e-12
Singra_XP_016086208.1	1161	1294	DNA_methylase	PF00145.23	6.9e-13
Smer_ENSSMRP00000025262.1	511	644	DNA_methylase	PF00145.23	2e-13
Sorb_XP_029981862.1	712	844	DNA_methylase	PF00145.23	1.4e-12
Onil_XP_019205110.1	1313	1422	DNA_methylase	PF00145.23	6.1e-13
Lcre_ORY90827.1	206	442	DNA_methylase	PF00145.23	5.8e-16
Sans_XP_016329512.1	1161	1294	DNA_methylase	PF00145.23	7e-13
Sorb_XP_029994833.1	564	696	DNA_methylase	PF00145.23	5.5e-13
Clum_XP_034419257.1	716	848	DNA_methylase	PF00145.23	1.5e-11
Bspl_XP_055361954.1	684	816	DNA_methylase	PF00145.23	9.3e-12
Pfal_XP_001349170.1	254	381	DNA_methylase	PF00145.23	1.1e-05
Singra_XP_016140327.1	491	623	DNA_methylase	PF00145.23	1.1e-12
Singra_XP_016086184.1	1228	1361	DNA_methylase	PF00145.23	7.4e-13
Fhet_XP_036003101.1	565	696	DNA_methylase	PF00145.23	8.1e-12
Tcal_KIO29314.1	153	304	DNA_methylase	PF00145.23	2.1e-16
Singra_XP_016086194.1	1205	1338	DNA_methylase	PF00145.23	7.3e-13
Singra_XP_016140320.1	496	628	DNA_methylase	PF00145.23	1.2e-12
Fhet_XP_012727020.2	660	792	DNA_methylase	PF00145.23	5.1e-12
Aros_XP_025602102.2	796	957	DNA_methylase	PF00145.23	1.4e-15
Pnat_XP_017549961.1	452	584	DNA_methylase	PF00145.23	2e-12
Pnat_XP_017549962.1	452	584	DNA_methylase	PF00145.23	2e-12
Pnat_XP_017549963.1	452	584	DNA_methylase	PF00145.23	2e-12
Pnat_XP_017549964.1	452	584	DNA_methylase	PF00145.23	2e-12
Sans_XP_016329496.1	1205	1338	DNA_methylase	PF00145.23	7.3e-13
Sans_XP_016329504.1	1205	1338	DNA_methylase	PF00145.23	7.3e-13
Corcap_OMO89498.1	14	138	DNA_methylase	PF00145.23	8.3e-16
Smer_ENSSMRP00000025264.1	544	677	DNA_methylase	PF00145.23	2.2e-13
Apol_XP_022066179.1	490	622	DNA_methylase	PF00145.23	7.5e-12
Srhi_XP_016384953.1	575	707	DNA_methylase	PF00145.23	3.8e-12
Symmic_OLP75161.1	50	137	DNA_methylase	PF00145.23	6.5e-16
Aper_ENSAPEP00000031119.1	364	498	DNA_methylase	PF00145.23	2.8e-13
Hwer_RMX84279.1	343	711	DNA_methylase	PF00145.23	5.3e-16
Ctor_KIY70594.1	129	493	DNA_methylase	PF00145.23	1.8e-15
Singra_XP_016086663.1	1227	1360	DNA_methylase	PF00145.23	1.1e-12
Cypcar_XP_042618122.1	1223	1356	DNA_methylase	PF00145.23	8.7e-13
Cypcar_XP_042618123.1	1223	1356	DNA_methylase	PF00145.23	8.7e-13
Bspl_XP_028995166.1	719	851	DNA_methylase	PF00145.23	9.8e-12
Csp.CBS134916_RMZ91298.1	164	401	DNA_methylase	PF00145.23	5e-16
Sfor_XP_018587613.1	606	738	DNA_methylase	PF00145.23	1.2e-12
Fhet_XP_021176695.2	455	587	DNA_methylase	PF00145.23	3.4e-12
Csem_XP_008310568.1	737	869	DNA_methylase	PF00145.23	1.1e-11
Ahom_XP_025554409.1	129	359	DNA_methylase	PF00145.23	5.1e-16
Cypcar_XP_042618124.1	1200	1333	DNA_methylase	PF00145.23	8.6e-13
Csem_XP_024910384.1	688	820	DNA_methylase	PF00145.23	1e-11
Lcro_XP_027130785.1	686	818	DNA_methylase	PF00145.23	7.3e-12
Singra_XP_016148337.1	700	832	DNA_methylase	PF00145.23	8.4e-13
Sluc_XP_031165805.1	666	798	DNA_methylase	PF00145.23	5.1e-12
Ttur_VAH84555.1	328	444	DNA_methylase	PF00145.23	3e-12
Singra_XP_016148334.1	705	837	DNA_methylase	PF00145.23	8.5e-13
Singra_XP_016148333.1	706	838	DNA_methylase	PF00145.23	8.5e-13
Mspi_ENSMSIP00000021878.1	563	696	DNA_methylase	PF00145.23	2.2e-12
Mspi_ENSMSIP00000021918.1	563	696	DNA_methylase	PF00145.23	2.2e-12
Rsp.JG1b_KWU44735.1	106	350	DNA_methylase	PF00145.23	1.2e-15
Abom_XP_022391876.1	138	498	DNA_methylase	PF00145.23	5.1e-16
Pkin_XP_023682302.1	606	738	DNA_methylase	PF00145.23	3.5e-12
Pmar_XP_032817292.1	837	970	DNA_methylase	PF00145.23	2.9e-12
Cann_XP_016558728.2	588	703	DNA_methylase	PF00145.23	5.8e-12
Cann_XP_047262245.1	588	703	DNA_methylase	PF00145.23	5.8e-12
Cann_XP_047262246.1	588	703	DNA_methylase	PF00145.23	5.8e-12
Pmar_XP_032817291.1	838	971	DNA_methylase	PF00145.23	3e-12
Pkno_XP_002257791.1	285	609	DNA_methylase	PF00145.23	9.9e-09
Hame_XP_042206776.1	217	346	DNA_methylase	PF00145.23	1.1e-15
Seccer_SECCE5Rv1G0375460.1	450	566	DNA_methylase	PF00145.23	1.8e-09
Srhi_XP_016384949.1	623	755	DNA_methylase	PF00145.23	4.1e-12
Srhi_XP_016384950.1	623	755	DNA_methylase	PF00145.23	4.1e-12
Srhi_XP_016384951.1	617	749	DNA_methylase	PF00145.23	4.1e-12
Pkin_XP_023682301.1	616	748	DNA_methylase	PF00145.23	3.5e-12
Mspi_ENSMSIP00000021950.1	580	713	DNA_methylase	PF00145.23	2.2e-12
Pmag_XP_055087165.1	518	650	DNA_methylase	PF00145.23	3.6e-12
Bmin_symbB.v1.2.012243.t1|scaffold837.1|size158912|13	4	222	DNA_methylase	PF00145.23	4.5e-16
Cypcar_XP_042602955.1	433	565	DNA_methylase	PF00145.23	5.3e-12
Pmar_XP_032817290.1	861	994	DNA_methylase	PF00145.23	3e-12
Twil_T_wilhelma_c28851_g1_i1|m.26847	272	407	DNA_methylase	PF00145.23	3.9e-16
Srhi_XP_016367312.1	458	591	DNA_methylase	PF00145.23	4.5e-13
Singra_XP_016151358.1	455	588	DNA_methylase	PF00145.23	4.4e-13
Sfas_XP_029972002.1	675	807	DNA_methylase	PF00145.23	1.5e-12
Odeg_XP_012368681.1	411	544	DNA_methylase	PF00145.23	1.9e-12
Stru_XP_029585394.1	728	860	DNA_methylase	PF00145.23	9.6e-12
Lcro_XP_027130784.1	722	854	DNA_methylase	PF00145.23	7.7e-12
Srhi_XP_016415193.1	1184	1317	DNA_methylase	PF00145.23	1.1e-12
Sfor_XP_029106328.1	639	771	DNA_methylase	PF00145.23	2.6e-12
Sfor_XP_029106332.1	639	771	DNA_methylase	PF00145.23	2.6e-12
Apol_XP_022066176.2	724	856	DNA_methylase	PF00145.23	1.1e-11
Apol_XP_051803163.1	724	856	DNA_methylase	PF00145.23	1.1e-11
Pfor_XP_007567156.1	355	487	DNA_methylase	PF00145.23	3.3e-12
Plat_XP_014910721.1	355	487	DNA_methylase	PF00145.23	3.3e-12
Pmex_XP_014824454.1	355	487	DNA_methylase	PF00145.23	3.3e-12
Stru_XP_029585395.1	728	860	DNA_methylase	PF00145.23	9.5e-12
Maur_XP_040602459.1	585	718	DNA_methylase	PF00145.23	1.3e-12
Takrub_XP_011601090.2	1159	1292	DNA_methylase	PF00145.23	1.3e-13
Takrub_XP_029689363.1	1159	1292	DNA_methylase	PF00145.23	1.3e-13
Sfor_XP_018587595.1	673	805	DNA_methylase	PF00145.23	1.3e-12
Sfor_XP_018587604.1	672	804	DNA_methylase	PF00145.23	1.3e-12
Sfas_XP_029972003.1	675	807	DNA_methylase	PF00145.23	1.4e-12
Pcin_XP_020846478.1	551	684	DNA_methylase	PF00145.23	6.2e-13
Pcin_XP_020846479.1	551	684	DNA_methylase	PF00145.23	6.2e-13
Seccer_SECCE5Rv1G0375420.1	479	595	DNA_methylase	PF00145.23	2.3e-09
Pcas_ENSPCEP00000023036.1	270	402	DNA_methylase	PF00145.23	2.4e-12
Srhi_XP_016415194.1	1161	1294	DNA_methylase	PF00145.23	1.1e-12
Pnat_XP_037393972.1	421	553	DNA_methylase	PF00145.23	2.5e-12
Nfur_XP_054602069.2	1172	1306	DNA_methylase	PF00145.23	1.5e-13
Nfur_XP_070401124.1	1172	1306	DNA_methylase	PF00145.23	1.5e-13
Gacu_XP_040056167.1	471	603	DNA_methylase	PF00145.23	8.8e-12
Shir_XP_007308634.1	6	217	DNA_methylase	PF00145.23	5.1e-16
Taes_XP_044443677.1	148	293	DNA_methylase	PF00145.23	5.2e-16
Xtro_XP_031757771.1	406	538	DNA_methylase	PF00145.23	3.6e-12
Sfor_XP_029106335.1	669	801	DNA_methylase	PF00145.23	2.7e-12
Pman_XP_042126154.1	323	456	DNA_methylase	PF00145.23	1.4e-12
Nfur_XP_054597729.1	485	616	DNA_methylase	PF00145.23	5.5e-12
Nfur_XP_070403173.1	485	616	DNA_methylase	PF00145.23	5.5e-12
Psp.VKMF4246_KFY08315.1	512	699	DNA_methylase	PF00145.23	9.4e-16
Pkin_XP_023682299.1	665	797	DNA_methylase	PF00145.23	3.9e-12
Lcal_XP_018559203.1	724	856	DNA_methylase	PF00145.23	6.2e-12
Lcal_XP_018559204.1	724	856	DNA_methylase	PF00145.23	6.2e-12
Pkin_XP_023682297.1	666	798	DNA_methylase	PF00145.23	3.9e-12
Pkin_XP_023682298.1	666	798	DNA_methylase	PF00145.23	3.9e-12
Sans_XP_016320631.1	481	614	DNA_methylase	PF00145.23	4.8e-13
Krymar_XP_017277037.1	461	593	DNA_methylase	PF00145.23	3.4e-12
Krymar_XP_017277038.1	461	593	DNA_methylase	PF00145.23	3.4e-12
Krymar_XP_017277039.1	461	593	DNA_methylase	PF00145.23	3.4e-12
Krymar_XP_037833744.1	461	593	DNA_methylase	PF00145.23	3.4e-12
Aper_ENSAPEP00000030321.1	348	480	DNA_methylase	PF00145.23	5e-13
Krymar_XP_017277036.1	658	790	DNA_methylase	PF00145.23	5e-12
Pmag_XP_033825881.1	992	1124	DNA_methylase	PF00145.23	5.5e-13
Takrub_XP_029689364.1	1158	1291	DNA_methylase	PF00145.23	1.3e-13
Drer_NP_001018150.1	451	583	DNA_methylase	PF00145.23	1.1e-12
Drer_XP_009291475.1	451	583	DNA_methylase	PF00145.23	1.1e-12
Drer_XP_068070511.1	451	583	DNA_methylase	PF00145.23	1.1e-12
Sfor_XP_029106326.1	688	820	DNA_methylase	PF00145.23	2.8e-12
Singra_XP_016151357.1	503	636	DNA_methylase	PF00145.23	4.9e-13
Cann_XP_047262244.1	627	742	DNA_methylase	PF00145.23	6.3e-12
Hcom_XP_019746007.1	646	778	DNA_methylase	PF00145.23	4.1e-12
Hame_XP_042206775.1	348	477	DNA_methylase	PF00145.23	1.3e-15
Zlat_ENSZLMP00000016745.1	315	447	DNA_methylase	PF00145.23	2.8e-12
Mror_KAI3609573.1	460	675	DNA_methylase	PF00145.23	6.5e-14
Mror_KAI3619584.1	108	480	DNA_methylase	PF00145.23	2e-15
Sfor_XP_029106322.1	701	833	DNA_methylase	PF00145.23	2.9e-12
Sfor_XP_029106325.1	701	833	DNA_methylase	PF00145.23	2.9e-12
Gaff_XP_043998502.1	461	593	DNA_methylase	PF00145.23	4.1e-12
Gaff_XP_043998503.1	461	593	DNA_methylase	PF00145.23	4.1e-12
Gaff_XP_043998504.1	461	593	DNA_methylase	PF00145.23	4.1e-12
Lstr_XP_021407364.1	21	303	DNA_methylase	PF00145.23	5.9e-16
Lstr_XP_021407365.1	21	303	DNA_methylase	PF00145.23	5.9e-16
Srhi_XP_016410115.1	496	628	DNA_methylase	PF00145.23	1.1e-12
Gaff_XP_043998501.1	477	609	DNA_methylase	PF00145.23	4.2e-12
Bmin_symbB.v1.2.030523.t1|scaffold3438.1|size56642|3	203	375	DNA_methylase	PF00145.23	6.3e-16
Nfur_XP_054597728.1	512	643	DNA_methylase	PF00145.23	5.8e-12
Sfas_XP_029971999.1	724	856	DNA_methylase	PF00145.23	1.5e-12
Ampcit_ENSACIP00000011587.1	497	630	DNA_methylase	PF00145.23	4e-13
Xtro_XP_004919672.1	438	570	DNA_methylase	PF00145.23	3.9e-12
Caraur_XP_026055320.1	529	662	DNA_methylase	PF00145.23	5.2e-13
Caraur_XP_026055321.1	529	662	DNA_methylase	PF00145.23	5.2e-13
Aoce_XP_023127428.2	482	614	DNA_methylase	PF00145.23	6.5e-12
Amex_XP_022528620.2	467	599	DNA_methylase	PF00145.23	1.9e-12
Amex_XP_022528621.2	467	599	DNA_methylase	PF00145.23	1.9e-12
Drer_NP_001018144.1	575	708	DNA_methylase	PF00145.23	7.2e-12
Atra_KAE8316979.1	137	497	DNA_methylase	PF00145.23	7.7e-16
Psp.VKMF4513_KFY45225.1	524	698	DNA_methylase	PF00145.23	9.9e-16
Pcas_ENSPCEP00000022987.1	310	442	DNA_methylase	PF00145.23	2.8e-12
Sans_XP_016320630.1	529	662	DNA_methylase	PF00145.23	5.2e-13
Neomel_ENSNMLP00000038837.1	375	507	DNA_methylase	PF00145.23	2.2e-12
Cryflo_TYJ54912.1	447	808	DNA_methylase	PF00145.23	8.6e-16
Symmic_OLQ14746.1	370	458	DNA_methylase	PF00145.23	6.3e-16
Singra_XP_016138394.1	575	707	DNA_methylase	PF00145.23	6.4e-12
Drer_XP_068071542.1	637	770	DNA_methylase	PF00145.23	8e-12
Sfas_XP_029971997.1	724	856	DNA_methylase	PF00145.23	1.6e-12
Srhi_XP_016424259.1	693	825	DNA_methylase	PF00145.23	1.5e-12
Xcou_XP_027856938.1	457	589	DNA_methylase	PF00145.23	4.1e-12
Ecal_XP_051780536.1	631	763	DNA_methylase	PF00145.23	7.6e-12
Locu_XP_015204107.1	620	752	DNA_methylase	PF00145.23	5.4e-12
Pmar_XP_032835806.1	621	753	DNA_methylase	PF00145.23	1.1e-11
Aara_KAE8337486.1	137	497	DNA_methylase	PF00145.23	7.5e-16
Lcal_XP_018559205.1	724	856	DNA_methylase	PF00145.23	5.9e-12
Bpor_XP_038772278.1	152	541	DNA_methylase	PF00145.23	2.2e-15
Cgri_XP_035302414.1	588	721	DNA_methylase	PF00145.23	1.3e-12
Cgri_XP_035302420.1	568	701	DNA_methylase	PF00145.23	1.3e-12
Saur_XP_030279458.1	1128	1261	DNA_methylase	PF00145.23	2.3e-13
Cann_XP_047262243.1	658	773	DNA_methylase	PF00145.23	6.7e-12
Ecal_XP_051780537.1	624	756	DNA_methylase	PF00145.23	7.3e-12
Krymar_XP_017277034.1	707	839	DNA_methylase	PF00145.23	5.4e-12
Krymar_XP_017277035.1	707	839	DNA_methylase	PF00145.23	5.4e-12
Sluc_XP_031165807.1	666	798	DNA_methylase	PF00145.23	5e-12
Onil_XP_025757575.1	543	676	DNA_methylase	PF00145.23	4.3e-13
Sara_XP_054995388.1	520	652	DNA_methylase	PF00145.23	9.3e-13
Slal_XP_023286524.1	720	852	DNA_methylase	PF00145.23	1.2e-11
Slal_XP_023286525.1	720	852	DNA_methylase	PF00145.23	1.2e-11
Amex_XP_022528619.2	491	623	DNA_methylase	PF00145.23	2e-12
Cann_XP_047262242.1	660	775	DNA_methylase	PF00145.23	6.7e-12
Oaur_XP_031605702.1	543	676	DNA_methylase	PF00145.23	4.3e-13
Hhuc_ENSHHUP00000070181.1	274	407	DNA_methylase	PF00145.23	8.2e-13
Alyr_XP_002871663.2	504	621	DNA_methylase	PF00145.23	8.4e-11
Alyr_XP_020876570.1	504	621	DNA_methylase	PF00145.23	8.4e-11
Emue_Em0020g5a	35	98	DNA_methylase	PF00145.23	3.9e-16
Panu_XP_021789493.1	16	270	DNA_methylase	PF00145.23	3.7e-15
Apimel_XP_026302148.1	863	996	DNA_methylase	PF00145.23	1e-13
Hcom_XP_019746004.1	695	827	DNA_methylase	PF00145.23	4.5e-12
Hcom_XP_019746005.1	695	827	DNA_methylase	PF00145.23	4.5e-12
Pnat_XP_017549960.1	659	791	DNA_methylase	PF00145.23	2.9e-12
Ocun_XP_069908032.1	492	624	DNA_methylase	PF00145.23	2.4e-12
Apsnom_XP_031944913.1	138	498	DNA_methylase	PF00145.23	1e-15
Pnat_XP_017542274.1	572	704	DNA_methylase	PF00145.23	3.3e-12
Ecur_TVU09191.1	462	579	DNA_methylase	PF00145.23	3.3e-11
Ampcit_ENSACIP00000030825.1	350	482	DNA_methylase	PF00145.23	2.5e-12
Ecal_XP_028652781.1	670	802	DNA_methylase	PF00145.23	8e-12
Cpyg_ENSCPGP00000020434.1	77	359	DNA_methylase	PF00145.23	7.7e-16
Mfas_XP_045255574.2	16	270	DNA_methylase	PF00145.23	3.8e-15
Ttur_VAH68579.1	411	527	DNA_methylase	PF00145.23	1.3e-10
Neomel_ENSNMLP00000038647.1	512	644	DNA_methylase	PF00145.23	3e-12
Cypcar_XP_042606757.1	1029	1157	DNA_methylase	PF00145.23	4.6e-13
Neomel_ENSNMLP00000038999.1	409	541	DNA_methylase	PF00145.23	2.4e-12
Cypcar_XP_042568852.1	529	662	DNA_methylase	PF00145.23	6.3e-13
Cypcar_XP_042568853.1	529	662	DNA_methylase	PF00145.23	6.3e-13
Singra_XP_016138393.1	613	745	DNA_methylase	PF00145.23	6.8e-12
Nfur_XP_015825047.1	449	580	DNA_methylase	PF00145.23	5e-12
Nfur_XP_054597730.1	449	580	DNA_methylase	PF00145.23	5e-12
Enau_XP_029361872.1	547	679	DNA_methylase	PF00145.23	5.4e-13
Locu_XP_015204084.1	655	787	DNA_methylase	PF00145.23	5.7e-12
Lcro_XP_019133424.2	722	854	DNA_methylase	PF00145.23	7.4e-12
Ttur_VAI11632.1	228	344	DNA_methylase	PF00145.23	4.9e-10
Locu_XP_015204058.1	670	802	DNA_methylase	PF00145.23	5.9e-12
Saur_XP_030279457.1	1178	1311	DNA_methylase	PF00145.23	2.4e-13
Cypcar_XP_042602954.1	575	707	DNA_methylase	PF00145.23	7e-12
Apol_XP_051803174.1	474	606	DNA_methylase	PF00145.23	7.2e-12
Pnat_XP_037393971.1	579	711	DNA_methylase	PF00145.23	3.4e-12
Singra_XP_016138391.1	623	755	DNA_methylase	PF00145.23	6.9e-12
Neomel_ENSNMLP00000038966.1	416	548	DNA_methylase	PF00145.23	2.5e-12
Hcom_XP_019746006.1	695	827	DNA_methylase	PF00145.23	4.4e-12
Ecal_XP_051780532.1	681	813	DNA_methylase	PF00145.23	8.2e-12
Parcla_CAB4016476.1	178	278	DNA_methylase	PF00145.23	7.3e-16
Singra_XP_016138392.1	617	749	DNA_methylase	PF00145.23	6.9e-12
Locu_XP_015204065.1	669	801	DNA_methylase	PF00145.23	5.8e-12
Mgal_XP_019471948.1	21	301	DNA_methylase	PF00145.23	7.4e-16
Pnat_XP_037393969.1	609	741	DNA_methylase	PF00145.23	3.5e-12
Tisl_CRG84606.1	166	530	DNA_methylase	PF00145.23	8.8e-16
Mcar_XP_021040181.1	583	716	DNA_methylase	PF00145.23	1.8e-12
Pnat_XP_037393970.1	598	730	DNA_methylase	PF00145.23	3.5e-12
Nfur_XP_015825046.3	651	782	DNA_methylase	PF00145.23	7.4e-12
Eele_XP_035388682.1	469	601	DNA_methylase	PF00145.23	2.7e-12
Slal_XP_023286526.1	720	852	DNA_methylase	PF00145.23	1.2e-11
Pnat_XP_017549959.1	672	804	DNA_methylase	PF00145.23	3e-12
Gfor_XP_030921485.1	245	377	DNA_methylase	PF00145.23	2.1e-12
Locu_XP_015204072.1	670	802	DNA_methylase	PF00145.23	5.7e-12
Apol_XP_051805509.1	603	737	DNA_methylase	PF00145.23	4.6e-13
Ecal_XP_051780534.1	681	813	DNA_methylase	PF00145.23	7.8e-12
Pnat_XP_037393967.1	629	761	DNA_methylase	PF00145.23	3.7e-12
Srhi_XP_016367332.1	1039	1168	DNA_methylase	PF00145.23	7e-13
Astcal_XP_026010736.1	523	656	DNA_methylase	PF00145.23	5.4e-13
Mmol_ENSMMOP00000020146.1	402	534	DNA_methylase	PF00145.23	3.6e-12
Hhuc_ENSHHUP00000070186.1	317	450	DNA_methylase	PF00145.23	9.4e-13
Drer_XP_005167053.1	1155	1288	DNA_methylase	PF00145.23	9.3e-13
Drer_XP_068078969.1	1155	1288	DNA_methylase	PF00145.23	9.3e-13
Ecal_XP_051780533.1	680	812	DNA_methylase	PF00145.23	8.2e-12
Emue_Em0748g6a	165	254	DNA_methylase	PF00145.23	5.4e-16
Rnor_NP_001383278.1	561	694	DNA_methylase	PF00145.23	1.6e-12
Aper_ENSAPEP00000013564.1	715	847	DNA_methylase	PF00145.23	9.8e-12
Locu_XP_015204079.1	669	801	DNA_methylase	PF00145.23	5.7e-12
Ecur_TVU00851.1	462	579	DNA_methylase	PF00145.23	3.9e-11
Lstr_XP_031360321.1	373	505	DNA_methylase	PF00145.23	3.3e-12
Nbri_XP_006798865.1	705	837	DNA_methylase	PF00145.23	1.7e-11
Astcal_XP_026010734.1	541	674	DNA_methylase	PF00145.23	5.6e-13
Aoce_XP_023131399.1	604	738	DNA_methylase	PF00145.23	4.6e-13
Apstam_XP_031914283.1	136	498	DNA_methylase	PF00145.23	1e-15
Pcas_ENSPCEP00000022988.1	366	498	DNA_methylase	PF00145.23	3.2e-12
Mmus_NP_001003961.2	581	714	DNA_methylase	PF00145.23	2.2e-12
Mmus_NP_001258673.1	581	714	DNA_methylase	PF00145.23	2.2e-12
Nbri_XP_035766997.1	704	836	DNA_methylase	PF00145.23	1.7e-11
Pcas_ENSPCEP00000022968.1	367	499	DNA_methylase	PF00145.23	3.3e-12
Pnye_XP_005752190.1	541	674	DNA_methylase	PF00145.23	5.6e-13
Krymar_XP_037833007.1	525	658	DNA_methylase	PF00145.23	5e-13
Mmus_NP_001116469.1	582	715	DNA_methylase	PF00145.23	2.2e-12
Mmus_XP_006498747.1	582	715	DNA_methylase	PF00145.23	2.2e-12
Mzeb_XP_012779137.2	541	674	DNA_methylase	PF00145.23	5.6e-13
Marm_XP_026188200.1	528	660	DNA_methylase	PF00145.23	7.4e-13
Cpor_XP_063104584.1	518	650	DNA_methylase	PF00145.23	1.4e-12
Cpic_XP_005304927.2	529	662	DNA_methylase	PF00145.23	2e-12
Cpic_XP_042698517.1	529	662	DNA_methylase	PF00145.23	2e-12
Cpic_XP_042698518.1	529	662	DNA_methylase	PF00145.23	2e-12
Cpic_XP_042698519.1	529	662	DNA_methylase	PF00145.23	2e-12
Pnat_XP_037393963.1	648	780	DNA_methylase	PF00145.23	3.8e-12
Pnat_XP_037393964.1	648	780	DNA_methylase	PF00145.23	3.8e-12
Pnat_XP_037393965.1	648	780	DNA_methylase	PF00145.23	3.8e-12
Hapbur_XP_005933259.1	548	681	DNA_methylase	PF00145.23	5.6e-13
Lcal_XP_018559206.1	675	807	DNA_methylase	PF00145.23	5.7e-12
Ocun_XP_069908028.1	536	668	DNA_methylase	PF00145.23	2.6e-12
Ecal_XP_051780535.1	680	812	DNA_methylase	PF00145.23	7.8e-12
Cpor_XP_063104583.1	538	670	DNA_methylase	PF00145.23	1.5e-12
Ocun_XP_069908030.1	516	648	DNA_methylase	PF00145.23	2.5e-12
Cpic_XP_065422418.1	534	667	DNA_methylase	PF00145.23	2.1e-12
Drer_XP_005160915.1	733	866	DNA_methylase	PF00145.23	9.2e-12
Pnat_XP_017549956.1	708	840	DNA_methylase	PF00145.23	3.1e-12
Mmus_XP_006498746.1	593	726	DNA_methylase	PF00145.23	2.3e-12
Ates_XP_026223715.1	546	678	DNA_methylase	PF00145.23	6.1e-13
Apimel_XP_026302146.1	900	1033	DNA_methylase	PF00145.23	1.1e-13
Mmus_XP_006498745.1	594	727	DNA_methylase	PF00145.23	2.3e-12
Gmax_XP_006603768.1	417	531	DNA_methylase	PF00145.23	7.8e-12
Marm_XP_026188199.1	545	677	DNA_methylase	PF00145.23	7.6e-13
Mrot_XP_003701544.2	917	1049	DNA_methylase	PF00145.23	7.5e-13
Drer_NP_001018312.2	1178	1311	DNA_methylase	PF00145.23	9.4e-13
Marm_XP_026188198.1	547	679	DNA_methylase	PF00145.23	7.6e-13
Drer_XP_009291474.1	649	781	DNA_methylase	PF00145.23	1.6e-12
Apimel_XP_026302147.1	885	1018	DNA_methylase	PF00145.23	1e-13
Aoce_XP_023127407.2	716	848	DNA_methylase	PF00145.23	9.8e-12
Aoce_XP_023127415.2	716	848	DNA_methylase	PF00145.23	9.8e-12
Tdic_XP_037409413.1	525	641	DNA_methylase	PF00145.23	1.1e-09
Aoce_XP_035804829.2	466	598	DNA_methylase	PF00145.23	6.3e-12
Fhet_XP_036003103.1	565	696	DNA_methylase	PF00145.23	7.4e-12
Salsal_XP_045574042.1	672	804	DNA_methylase	PF00145.23	8.8e-12
Zlat_ENSZLMP00000016771.1	367	499	DNA_methylase	PF00145.23	3.3e-12
Singra_XP_016104089.1	529	662	DNA_methylase	PF00145.23	8.1e-13
Singra_XP_016104090.1	529	662	DNA_methylase	PF00145.23	8.1e-13
Tura_XP_048566743.1	721	837	DNA_methylase	PF00145.23	6.5e-10
Tura_XP_048566745.1	721	837	DNA_methylase	PF00145.23	6.5e-10
Msp.mg162_RYP43240.1	178	257	DNA_methylase	PF00145.23	2.6e-06
Msp.mg162_RYP43240.1	309	606	DNA_methylase	PF00145.23	5.6e-07
Clan_XP_005384920.1	531	663	DNA_methylase	PF00145.23	1.5e-12
Gacu_XP_040056165.1	673	805	DNA_methylase	PF00145.23	1.3e-11
Salsal_XP_014053076.1	672	804	DNA_methylase	PF00145.23	8.9e-12
Drer_XP_005167049.1	1222	1355	DNA_methylase	PF00145.23	9.8e-13
Drer_XP_005167050.1	1222	1355	DNA_methylase	PF00145.23	9.8e-13
Drer_XP_068078968.1	1222	1355	DNA_methylase	PF00145.23	9.8e-13
Mmus_NP_001003960.2	561	694	DNA_methylase	PF00145.23	2.1e-12
Mmus_NP_001258674.1	561	694	DNA_methylase	PF00145.23	2.1e-12
Cypcar_XP_042602952.1	646	778	DNA_methylase	PF00145.23	7.8e-12
Mmus_NP_001403948.1	562	695	DNA_methylase	PF00145.23	2.1e-12
Mmus_NP_001403949.1	562	695	DNA_methylase	PF00145.23	2.1e-12
Apol_XP_051806136.1	541	673	DNA_methylase	PF00145.23	6.5e-13
Vina_RDI81422.1	321	486	DNA_methylase	PF00145.23	1.9e-15
Mspi_ENSMSIP00000021985.1	580	713	DNA_methylase	PF00145.23	2.2e-12
Cypcar_XP_042585608.1	1160	1293	DNA_methylase	PF00145.23	8.2e-13
Shab_XP_030347064.1	410	542	DNA_methylase	PF00145.23	3.6e-12
Cpyg_ENSCPGP00000023688.1	410	542	DNA_methylase	PF00145.23	3.6e-12
Ptex_XP_026564300.1	411	543	DNA_methylase	PF00145.23	3.6e-12
Stepar_XP_008285676.1	497	629	DNA_methylase	PF00145.23	8.2e-12
Caraur_XP_026141674.1	643	775	DNA_methylase	PF00145.23	1.7e-12
Osat_NP_001410840.1	474	591	DNA_methylase	PF00145.23	2.7e-11
Cpor_XP_063104582.1	560	692	DNA_methylase	PF00145.23	1.5e-12
Obar_OBART03G00820.1	475	592	DNA_methylase	PF00145.23	2.7e-11
Hapbur_XP_042080997.1	576	709	DNA_methylase	PF00145.23	5.8e-13
Cypcar_XP_042585607.1	1183	1316	DNA_methylase	PF00145.23	8.4e-13
Hapbur_XP_042080996.1	577	710	DNA_methylase	PF00145.23	5.9e-13
Obar_OBART03G00820.2	476	593	DNA_methylase	PF00145.23	2.7e-11
Mmus_XP_006498749.1	573	706	DNA_methylase	PF00145.23	2.2e-12
Clan_XP_013369605.1	560	692	DNA_methylase	PF00145.23	1.5e-12
Clan_XP_013369606.1	560	692	DNA_methylase	PF00145.23	1.5e-12
Clan_XP_013369607.1	560	692	DNA_methylase	PF00145.23	1.5e-12
Mmus_XP_006498748.1	574	707	DNA_methylase	PF00145.23	2.2e-12
Zlat_ENSZLMP00000016755.1	386	518	DNA_methylase	PF00145.23	3.4e-12
Cpor_XP_063104581.1	580	712	DNA_methylase	PF00145.23	1.6e-12
Ocun_XP_008254343.1	581	713	DNA_methylase	PF00145.23	2.8e-12
Ocun_XP_051701052.1	581	713	DNA_methylase	PF00145.23	2.8e-12
Smax_XP_035466283.2	697	829	DNA_methylase	PF00145.23	1.4e-11
Ocun_XP_069908027.1	561	693	DNA_methylase	PF00145.23	2.7e-12
Cypcar_XP_042598581.1	646	778	DNA_methylase	PF00145.23	1.7e-12
Cpyg_ENSCPGP00000023910.1	387	519	DNA_methylase	PF00145.23	3.4e-12
Cvar_XP_015249064.1	583	715	DNA_methylase	PF00145.23	1.1e-12
Smax_XP_035466281.2	746	878	DNA_methylase	PF00145.23	1.5e-11
Sorb_XP_029984554.1	564	696	DNA_methylase	PF00145.23	1.3e-12
Hhuc_ENSHHUP00000070184.1	359	492	DNA_methylase	PF00145.23	1.1e-12
Drer_XP_005167051.1	1199	1332	DNA_methylase	PF00145.23	9.6e-13
Azon_ENSAZOP00000017430.1	412	544	DNA_methylase	PF00145.23	3.6e-12
Xtro_XP_004919668.1	674	806	DNA_methylase	PF00145.23	6e-12
Xtro_XP_004919669.1	674	806	DNA_methylase	PF00145.23	6e-12
Clan_XP_005384919.1	572	704	DNA_methylase	PF00145.23	1.6e-12
Xtro_XP_004919671.1	660	792	DNA_methylase	PF00145.23	5.9e-12
Gacu_XP_040056164.1	707	839	DNA_methylase	PF00145.23	1.4e-11
Okis_XP_031684459.1	428	560	DNA_methylase	PF00145.23	5.5e-12
Apol_XP_022055532.1	471	603	DNA_methylase	PF00145.23	4.8e-12
Clan_XP_005384918.1	592	724	DNA_methylase	PF00145.23	1.6e-12
Lcal_XP_050933906.1	675	807	DNA_methylase	PF00145.23	5.5e-12
Nbri_XP_006798866.1	705	837	DNA_methylase	PF00145.23	1.6e-11
Lber_XP_029131690.2	719	851	DNA_methylase	PF00145.23	1.8e-11
Pmar_XP_032835811.1	621	751	DNA_methylase	PF00145.23	1.8e-11
Amex_XP_022528618.2	673	805	DNA_methylase	PF00145.23	2.7e-12
Moch_XP_005363289.1	561	694	DNA_methylase	PF00145.23	2e-12
Xtro_XP_002942400.2	630	762	DNA_methylase	PF00145.23	5.6e-12
Apol_XP_051806134.1	541	673	DNA_methylase	PF00145.23	6.8e-13
Apol_XP_051806135.1	541	673	DNA_methylase	PF00145.23	6.8e-13
Myrmur_XP_029912096.1	546	678	DNA_methylase	PF00145.23	8.8e-13
Nbri_XP_035766998.1	704	836	DNA_methylase	PF00145.23	1.6e-11
Gaff_XP_043998499.1	664	796	DNA_methylase	PF00145.23	5.9e-12
Gaff_XP_043998500.1	664	796	DNA_methylase	PF00145.23	5.9e-12
Oaur_XP_031584547.2	433	565	DNA_methylase	PF00145.23	3.5e-12
Ates_XP_026195162.1	714	846	DNA_methylase	PF00145.23	1.4e-11
Ates_XP_026195163.1	714	846	DNA_methylase	PF00145.23	1.4e-11
Nfur_XP_015825044.3	700	831	DNA_methylase	PF00145.23	8e-12
Nfur_XP_070403172.1	700	831	DNA_methylase	PF00145.23	8e-12
Marm_XP_026188197.1	588	720	DNA_methylase	PF00145.23	8.2e-13
Gand_KAE9396876.1	100	462	DNA_methylase	PF00145.23	1.4e-14
Neomel_ENSNMLP00000038789.1	518	650	DNA_methylase	PF00145.23	3.1e-12
Pran_XP_028265710.1	547	679	DNA_methylase	PF00145.23	7.6e-13
Sans_XP_016300552.1	528	661	DNA_methylase	PF00145.23	8.1e-13
Sans_XP_016300553.1	528	661	DNA_methylase	PF00145.23	8.1e-13
Acae_XP_031928459.1	138	498	DNA_methylase	PF00145.23	1.2e-15
Clae_TFK39834.1	170	534	DNA_methylase	PF00145.23	9.4e-14
Gmax_XP_006603767.1	456	570	DNA_methylase	PF00145.23	8.7e-12
Nnaj_KAG8122951.1	441	573	DNA_methylase	PF00145.23	3.9e-12
Cypcar_XP_042585603.1	1227	1360	DNA_methylase	PF00145.23	8.8e-13
Cypcar_XP_042585604.1	1227	1360	DNA_methylase	PF00145.23	8.8e-13
Cypcar_XP_042585605.1	1227	1360	DNA_methylase	PF00145.23	8.8e-13
Cypcar_XP_042585606.1	1204	1337	DNA_methylase	PF00145.23	8.7e-13
Drer_NP_001315096.1	698	830	DNA_methylase	PF00145.23	1.7e-12
Drer_XP_068070509.1	698	830	DNA_methylase	PF00145.23	1.7e-12
Onil_XP_019201370.1	433	565	DNA_methylase	PF00145.23	3.5e-12
Cmic_TEB33010.1	177	394	DNA_methylase	PF00145.23	2.9e-15
Aoce_XP_054869084.1	542	674	DNA_methylase	PF00145.23	7.8e-13
Gaff_XP_043998497.1	676	808	DNA_methylase	PF00145.23	6e-12
Gaff_XP_043998498.1	676	808	DNA_methylase	PF00145.23	6e-12
Veff_QDS78140.1	330	489	DNA_methylase	PF00145.23	1.6e-15
Xcou_XP_027856937.1	660	792	DNA_methylase	PF00145.23	6e-12
Mesc_XP_021599348.1	514	628	DNA_methylase	PF00145.23	6.5e-12
Mesc_XP_043808512.1	514	628	DNA_methylase	PF00145.23	6.5e-12
Mung_XP_060239024.1	520	653	DNA_methylase	PF00145.23	1.8e-12
Mung_XP_060239023.1	540	673	DNA_methylase	PF00145.23	1.9e-12
Stub_XP_015158970.1	349	463	DNA_methylase	PF00145.23	3.3e-11
Xmac_XP_023208928.1	662	794	DNA_methylase	PF00145.23	7.4e-12
Astcal_XP_025998700.1	433	565	DNA_methylase	PF00145.23	3.6e-12
Mzeb_XP_004550665.1	433	565	DNA_methylase	PF00145.23	3.6e-12
Apscae_KAE8420503.1	138	498	DNA_methylase	PF00145.23	1.3e-15
Okis_XP_031684458.1	670	802	DNA_methylase	PF00145.23	8.7e-12
Amex_XP_022528617.2	685	817	DNA_methylase	PF00145.23	2.8e-12
Okis_XP_031684457.1	670	802	DNA_methylase	PF00145.23	8.9e-12
Pglu_XP_025344952.1	375	566	DNA_methylase	PF00145.23	6.1e-15
Cypcar_XP_042606760.1	548	681	DNA_methylase	PF00145.23	1e-12
Pret_XP_008397338.1	682	814	DNA_methylase	PF00145.23	6.1e-12
Mrot_XP_012136419.1	966	1096	DNA_methylase	PF00145.23	9.4e-13
Mrot_XP_012136420.1	966	1096	DNA_methylase	PF00145.23	9.4e-13
Mrot_XP_012136421.1	966	1096	DNA_methylase	PF00145.23	9.4e-13
Mrot_XP_012136423.1	966	1096	DNA_methylase	PF00145.23	9.4e-13
Mrot_XP_012136424.1	966	1096	DNA_methylase	PF00145.23	9.4e-13
Asp.HF37_RMJ27945.1	125	304	DNA_methylase	PF00145.23	1.5e-15
Omyk_XP_036803183.1	498	631	DNA_methylase	PF00145.23	1.1e-12
Mung_XP_060239031.1	562	695	DNA_methylase	PF00145.23	2e-12
Omyk_XP_036803182.1	499	632	DNA_methylase	PF00145.23	1.1e-12
Mung_XP_060239028.1	582	715	DNA_methylase	PF00145.23	2.1e-12
Caraur_XP_026141671.1	692	824	DNA_methylase	PF00145.23	1.9e-12
Cypcar_XP_042598579.1	695	827	DNA_methylase	PF00145.23	1.9e-12
Omyk_XP_036803180.1	512	645	DNA_methylase	PF00145.23	1.2e-12
Omyk_XP_036803181.1	512	645	DNA_methylase	PF00145.23	1.2e-12
Ahal_CAL9230377.1	503	619	DNA_methylase	PF00145.23	1.4e-10
Pret_XP_008397340.1	670	802	DNA_methylase	PF00145.23	6e-12
Fpin_EPT02999	138	502	DNA_methylase	PF00145.23	2.3e-15
Ipun_XP_017342918.1	523	655	DNA_methylase	PF00145.23	1.3e-12
Hhuc_ENSHHUP00000070183.1	403	536	DNA_methylase	PF00145.23	1.2e-12
Aper_ENSAPEP00000013611.1	411	543	DNA_methylase	PF00145.23	5.1e-12
Campar_XP_030801108.1	473	605	DNA_methylase	PF00145.23	4.2e-12
Azon_ENSAZOP00000017949.1	440	572	DNA_methylase	PF00145.23	3.9e-12
Dcar_XP_017245917.1	457	571	DNA_methylase	PF00145.23	2.6e-11
Omyk_XP_036810472.1	670	802	DNA_methylase	PF00145.23	8.9e-12
Caraur_XP_026141669.1	697	829	DNA_methylase	PF00145.23	1.9e-12
Cypcar_XP_042598577.1	700	832	DNA_methylase	PF00145.23	1.9e-12
Podmur_XP_028581154.1	410	542	DNA_methylase	PF00145.23	3.9e-12
Krymar_XP_037837529.1	519	651	DNA_methylase	PF00145.23	5.8e-12
Omyk_XP_036810473.1	670	802	DNA_methylase	PF00145.23	8.7e-12
Scam_XP_068792714.1	488	620	DNA_methylase	PF00145.23	4.3e-12
Gaff_XP_043998496.1	709	841	DNA_methylase	PF00145.23	6.3e-12
Pran_XP_028265707.1	590	722	DNA_methylase	PF00145.23	8.2e-13
Aoce_XP_054869083.1	542	674	DNA_methylase	PF00145.23	8.2e-13
Oaur_XP_031584539.1	471	603	DNA_methylase	PF00145.23	3.7e-12
Cropor_XP_019395040.1	496	629	DNA_methylase	PF00145.23	1.6e-12
Srhi_XP_016418103.1	530	662	DNA_methylase	PF00145.23	9.9e-13
Serdum_XP_022621795.1	415	547	DNA_methylase	PF00145.23	4.2e-12
Gaff_XP_043998494.1	713	845	DNA_methylase	PF00145.23	6.3e-12
Gaff_XP_043998495.1	713	845	DNA_methylase	PF00145.23	6.3e-12
Eele_XP_035388681.1	625	757	DNA_methylase	PF00145.23	3.7e-12
Ipun_XP_017342916.1	531	663	DNA_methylase	PF00145.23	1.4e-12
Ipun_XP_017342917.1	531	663	DNA_methylase	PF00145.23	1.4e-12
Lcro_XP_027130787.1	673	805	DNA_methylase	PF00145.23	7.2e-12
Takrub_XP_011612255.2	653	785	DNA_methylase	PF00145.23	1.1e-11
Ptro_XP_063646122.1	579	711	DNA_methylase	PF00145.23	1.7e-11
Amex_XP_022528615.2	721	853	DNA_methylase	PF00145.23	2.9e-12
Onil_XP_019201369.1	471	603	DNA_methylase	PF00145.23	3.8e-12
Amex_XP_022528614.2	722	854	DNA_methylase	PF00145.23	2.9e-12
Lber_XP_020482921.2	719	851	DNA_methylase	PF00145.23	1.7e-11
Xcou_XP_027856934.1	709	841	DNA_methylase	PF00145.23	6.5e-12
Xcou_XP_027856935.1	709	841	DNA_methylase	PF00145.23	6.5e-12
Xcou_XP_027856936.1	709	841	DNA_methylase	PF00145.23	6.5e-12
Ates_XP_026195165.1	714	846	DNA_methylase	PF00145.23	1.4e-11
Phys_PGH06832.1	177	347	DNA_methylase	PF00145.23	1.3e-15
Anis_ENSANIP00000024039.1	487	619	DNA_methylase	PF00145.23	4.3e-12
Salsal_XP_014066899.1	503	635	DNA_methylase	PF00145.23	4.5e-12
Takrub_XP_029685279.1	653	785	DNA_methylase	PF00145.23	1e-11
Natt_XP_019267236.1	482	596	DNA_methylase	PF00145.23	4e-10
Natt_XP_019267244.1	482	596	DNA_methylase	PF00145.23	4e-10
Pnye_XP_013767370.1	471	603	DNA_methylase	PF00145.23	4e-12
Apol_XP_022055528.1	564	696	DNA_methylase	PF00145.23	5.8e-12
Apol_XP_022055529.1	564	696	DNA_methylase	PF00145.23	5.8e-12
Aspfla_XP_041150457.1	159	520	DNA_methylase	PF00145.23	1.5e-15
Astcal_XP_025998699.1	471	603	DNA_methylase	PF00145.23	4e-12
Mzeb_XP_004550664.1	471	603	DNA_methylase	PF00145.23	4e-12
Oniv_ONIVA11G21270.1	500	617	DNA_methylase	PF00145.23	2.9e-11
Pcas_ENSPCEP00000022952.1	474	606	DNA_methylase	PF00145.23	4.2e-12
Pret_XP_008397335.1	719	851	DNA_methylase	PF00145.23	6.6e-12
Pret_XP_008397336.1	719	851	DNA_methylase	PF00145.23	6.6e-12
Pret_XP_008397337.1	719	851	DNA_methylase	PF00145.23	6.6e-12
Omyk_XP_036803179.1	542	675	DNA_methylase	PF00145.23	1.2e-12
Bspl_XP_055362468.1	433	565	DNA_methylase	PF00145.23	4.8e-12
Eele_XP_026862784.2	532	664	DNA_methylase	PF00145.23	1.1e-12
Mpah_XP_029391613.1	483	616	DNA_methylase	PF00145.23	1.2e-12
Omer_OMERI03G00690.1	504	621	DNA_methylase	PF00145.23	2.9e-11
Xmac_XP_005799348.1	711	843	DNA_methylase	PF00145.23	7.9e-12
Xmac_XP_023208927.1	711	843	DNA_methylase	PF00145.23	7.9e-12
Ogla_XP_052145826.1	546	663	DNA_methylase	PF00145.23	3.2e-11
Hhuc_ENSHHUP00000058651.1	336	468	DNA_methylase	PF00145.23	4.3e-12
Enau_XP_029349007.1	735	867	DNA_methylase	PF00145.23	6.2e-12
Enau_XP_029349008.1	735	867	DNA_methylase	PF00145.23	6.2e-12
Omyk_XP_021422181.2	550	683	DNA_methylase	PF00145.23	1.3e-12
Krymar_XP_017267429.1	565	697	DNA_methylase	PF00145.23	6.4e-12
Krymar_XP_024860780.1	565	697	DNA_methylase	PF00145.23	6.4e-12
Neomel_ENSNMLP00000007947.1	264	397	DNA_methylase	PF00145.23	1.3e-12
Otsh_XP_024240453.1	551	684	DNA_methylase	PF00145.23	1.3e-12
Zlat_ENSZLMP00000016738.1	520	652	DNA_methylase	PF00145.23	4.6e-12
Oaur_XP_039455222.1	518	650	DNA_methylase	PF00145.23	4.1e-12
Omyk_XP_036803172.1	553	686	DNA_methylase	PF00145.23	1.3e-12
Omyk_XP_036803173.1	553	686	DNA_methylase	PF00145.23	1.3e-12
Omyk_XP_036803174.1	553	686	DNA_methylase	PF00145.23	1.3e-12
Omyk_XP_036803175.1	553	686	DNA_methylase	PF00145.23	1.3e-12
Omyk_XP_036803176.1	553	686	DNA_methylase	PF00145.23	1.3e-12
Omyk_XP_036803177.1	553	686	DNA_methylase	PF00145.23	1.3e-12
Stepar_XP_008277301.1	730	863	DNA_methylase	PF00145.23	1.5e-12
Astcal_XP_025998698.1	504	636	DNA_methylase	PF00145.23	4.2e-12
Oniv_ONIVA11G21270.6	551	668	DNA_methylase	PF00145.23	3.3e-11
Pcas_ENSPCEP00000022964.1	484	616	DNA_methylase	PF00145.23	4.3e-12
Oruf_ORUFI03G00630.1	552	669	DNA_methylase	PF00145.23	3.3e-11
Ttur_VAI06908.1	221	272	DNA_methylase	PF00145.23	1.7e-15
Otsh_XP_042159872.1	554	687	DNA_methylase	PF00145.23	1.3e-12
Otsh_XP_042159873.1	554	687	DNA_methylase	PF00145.23	1.3e-12
Otsh_XP_042159874.1	554	687	DNA_methylase	PF00145.23	1.3e-12
Serdum_XP_022605884.1	722	854	DNA_methylase	PF00145.23	2e-11
Takrub_XP_011612237.2	702	834	DNA_methylase	PF00145.23	1.1e-11
Apar_KAB8204542.1	137	498	DNA_methylase	PF00145.23	1.6e-15
Omyk_XP_036803165.1	556	689	DNA_methylase	PF00145.23	1.3e-12
Omyk_XP_036803166.1	556	689	DNA_methylase	PF00145.23	1.3e-12
Omyk_XP_036803168.1	556	689	DNA_methylase	PF00145.23	1.3e-12
Omyk_XP_036803169.1	556	689	DNA_methylase	PF00145.23	1.3e-12
Omyk_XP_036803170.1	556	689	DNA_methylase	PF00145.23	1.3e-12
Neomel_ENSNMLP00000007945.1	269	402	DNA_methylase	PF00145.23	1.3e-12
Salsal_XP_013990689.1	552	685	DNA_methylase	PF00145.23	1.3e-12
Salsal_XP_013990690.1	552	685	DNA_methylase	PF00145.23	1.3e-12
Oglu_OGLUM03G00860.1	554	671	DNA_methylase	PF00145.23	3.3e-11
Okis_XP_031659925.1	557	690	DNA_methylase	PF00145.23	1.3e-12
Okis_XP_031659926.1	557	690	DNA_methylase	PF00145.23	1.3e-12
Omyk_XP_036803171.1	555	688	DNA_methylase	PF00145.23	1.3e-12
Omer_OMERI03G00690.2	555	672	DNA_methylase	PF00145.23	3.3e-11
Otsh_XP_042159868.1	557	690	DNA_methylase	PF00145.23	1.3e-12
Otsh_XP_042159870.1	557	690	DNA_methylase	PF00145.23	1.3e-12
Stru_XP_029568777.1	501	633	DNA_methylase	PF00145.23	4.4e-12
Salsal_XP_013990691.1	551	684	DNA_methylase	PF00145.23	1.3e-12
Hann_XP_022023194.1	479	592	DNA_methylase	PF00145.23	9.6e-12
Hann_XP_022023195.1	479	592	DNA_methylase	PF00145.23	9.6e-12
Hann_XP_022023197.1	479	592	DNA_methylase	PF00145.23	9.6e-12
Hann_XP_035842957.1	479	592	DNA_methylase	PF00145.23	9.6e-12
Okis_XP_031659927.1	556	689	DNA_methylase	PF00145.23	1.3e-12
Otsh_XP_042159871.1	556	689	DNA_methylase	PF00145.23	1.3e-12
Azon_ENSAZOP00000018232.1	480	612	DNA_methylase	PF00145.23	4.2e-12
Tspe_TraesTSP3A01G072100.1	623	739	DNA_methylase	PF00145.23	1.3e-09
Dlab_XP_051281429.1	1114	1247	DNA_methylase	PF00145.23	6.6e-13
Csab_XP_037839306.1	16	270	DNA_methylase	PF00145.23	8e-15
Bjap_ENSBJAP00000012481.1	497	629	DNA_methylase	PF00145.23	4.4e-12
Omyk_XP_036818503.1	500	632	DNA_methylase	PF00145.23	4.4e-12
Onil_XP_019201368.1	518	650	DNA_methylase	PF00145.23	4.3e-12
Bgru_ENSBGRP00000007591.1	542	674	DNA_methylase	PF00145.23	2.5e-12
Taes_XP_044336621.1	625	741	DNA_methylase	PF00145.23	1.3e-09
Okis_XP_031643700.1	499	631	DNA_methylase	PF00145.23	4.4e-12
Gacu_XP_040056166.1	657	789	DNA_methylase	PF00145.23	1.3e-11
Takrub_XP_011612249.2	672	804	DNA_methylase	PF00145.23	1.1e-11
Ficalb_XP_016160978.1	530	662	DNA_methylase	PF00145.23	4.7e-12
Lang_XP_019422938.1	467	582	DNA_methylase	PF00145.23	6.3e-12
Cole_XP_018279306.1	365	727	DNA_methylase	PF00145.23	2.6e-15
Oeur_XP_022873698.1	281	396	DNA_methylase	PF00145.23	6.8e-10
Aspnov_KAB8219958.1	137	497	DNA_methylase	PF00145.23	1.8e-15
Arow_XP_025914442.1	527	659	DNA_methylase	PF00145.23	4.6e-12
Pnye_XP_013767369.1	518	650	DNA_methylase	PF00145.23	4.3e-12
Dlab_XP_051281430.1	1110	1243	DNA_methylase	PF00145.23	6.6e-13
Astcal_XP_025998696.1	518	650	DNA_methylase	PF00145.23	4.3e-12
Mzeb_XP_004550663.1	518	650	DNA_methylase	PF00145.23	4.3e-12
Pran_XP_028250448.1	503	635	DNA_methylase	PF00145.23	6.9e-12
Lber_XP_065820298.1	470	602	DNA_methylase	PF00145.23	5e-12
Cropor_XP_019395037.1	562	695	DNA_methylase	PF00145.23	1.8e-12
Dlab_XP_051281428.1	1128	1261	DNA_methylase	PF00145.23	6.7e-13
Astcal_XP_026007201.1	652	784	DNA_methylase	PF00145.23	1.6e-11
Lber_XP_065820297.1	471	603	DNA_methylase	PF00145.23	5e-12
Lbru_RDX39457.1	7	124	DNA_methylase	PF00145.23	6.1e-12
Dsym_XP_033529278.1	431	656	DNA_methylase	PF00145.23	1.8e-15
Amex_XP_007250066.2	532	665	DNA_methylase	PF00145.23	1.4e-12
Amex_XP_015461457.2	532	665	DNA_methylase	PF00145.23	1.4e-12
Mzeb_XP_012778848.2	482	614	DNA_methylase	PF00145.23	1.1e-11
Pnye_XP_013767162.1	652	784	DNA_methylase	PF00145.23	1.6e-11
Smax_XP_035466284.2	697	829	DNA_methylase	PF00145.23	1.4e-11
Pnat_XP_017566393.1	529	661	DNA_methylase	PF00145.23	1.3e-12
Eele_XP_035388680.1	674	806	DNA_methylase	PF00145.23	4e-12
Lber_XP_029131697.2	670	802	DNA_methylase	PF00145.23	1.7e-11
Zlat_ENSZLMP00000016709.1	520	652	DNA_methylase	PF00145.23	4.6e-12
Eele_XP_035388679.1	675	807	DNA_methylase	PF00145.23	4e-12
Ampcit_ENSACIP00000030822.1	564	696	DNA_methylase	PF00145.23	4.1e-12
Char_XP_031421945.1	583	715	DNA_methylase	PF00145.23	9.9e-13
Smax_XP_035466282.2	746	878	DNA_methylase	PF00145.23	1.5e-11
Eluc_XP_010874026.1	552	685	DNA_methylase	PF00145.23	1.3e-12
Eluc_XP_010874027.1	552	685	DNA_methylase	PF00145.23	1.3e-12
Eluc_XP_019907679.1	552	685	DNA_methylase	PF00145.23	1.3e-12
Eluc_XP_019907680.1	552	685	DNA_methylase	PF00145.23	1.3e-12
Eluc_XP_034152023.1	552	685	DNA_methylase	PF00145.23	1.3e-12
Omyk_XP_036818502.1	717	849	DNA_methylase	PF00145.23	6.5e-12
Hhuc_ENSHHUP00000058629.1	467	599	DNA_methylase	PF00145.23	6e-12
Cvar_XP_015239772.1	1167	1300	DNA_methylase	PF00145.23	5.6e-13
Cvar_XP_015239773.1	1167	1300	DNA_methylase	PF00145.23	5.6e-13
Krymar_XP_017267433.1	433	565	DNA_methylase	PF00145.23	4.9e-12
Tspe_TraesTSP4B01G417200.1	73	189	DNA_methylase	PF00145.23	6.2e-10
Okis_XP_031643701.1	499	631	DNA_methylase	PF00145.23	4.3e-12
Gevg_XP_030389286.1	491	624	DNA_methylase	PF00145.23	1.8e-12
Dlab_XP_051281427.1	1151	1284	DNA_methylase	PF00145.23	6.9e-13
Monalb_XP_020473479.1	1224	1358	DNA_methylase	PF00145.23	4.6e-13
Monalb_XP_020464864.1	528	660	DNA_methylase	PF00145.23	1.2e-12
Fhet_XP_035998243.1	534	666	DNA_methylase	PF00145.23	2.7e-12
Cofcan_CDP04096.1	473	589	DNA_methylase	PF00145.23	4.1e-11
Sans_XP_016337386.1	574	706	DNA_methylase	PF00145.23	6.4e-12
Bspl_XP_055362467.1	471	603	DNA_methylase	PF00145.23	5.2e-12
Bgru_ENSBGRP00000007328.1	578	710	DNA_methylase	PF00145.23	2.7e-12
Dlab_XP_051281426.1	1164	1297	DNA_methylase	PF00145.23	6.9e-13
Onil_XP_025754954.1	545	677	DNA_methylase	PF00145.23	4.5e-12
Vurs_XP_027723690.1	552	685	DNA_methylase	PF00145.23	6.2e-13
Bind_XP_070657597.1	516	648	DNA_methylase	PF00145.23	2.4e-12
Shab_XP_030347062.1	599	731	DNA_methylase	PF00145.23	5.3e-12
Ggal_XP_040553159.1	539	671	DNA_methylase	PF00145.23	4.7e-12
Takrub_XP_011612225.2	702	834	DNA_methylase	PF00145.23	1.2e-11
Takrub_XP_029685251.1	702	834	DNA_methylase	PF00145.23	1.2e-11
Otsh_XP_024292709.1	668	800	DNA_methylase	PF00145.23	8.8e-12
Pnye_XP_013767160.1	701	833	DNA_methylase	PF00145.23	1.7e-11
Omyk_XP_036840447.1	491	623	DNA_methylase	PF00145.23	1.3e-11
Pnye_XP_005737299.1	564	696	DNA_methylase	PF00145.23	4.5e-12
Cmos_ENSCMMP00000008058.1	599	731	DNA_methylase	PF00145.23	5.3e-12
Mmos_ENSMMSP00000019673.1	578	710	DNA_methylase	PF00145.23	2.7e-12
Slal_XP_023270992.1	476	608	DNA_methylase	PF00145.23	4.8e-12
Astcal_XP_025998693.1	564	696	DNA_methylase	PF00145.23	4.5e-12
Hapbur_XP_005948035.2	564	696	DNA_methylase	PF00145.23	4.5e-12
Mzeb_XP_004550661.1	564	696	DNA_methylase	PF00145.23	4.5e-12
Stepar_XP_008277239.1	471	603	DNA_methylase	PF00145.23	4.8e-12
Phosin_XP_032460445.1	578	710	DNA_methylase	PF00145.23	2.7e-12
Bind_XP_070657596.1	522	654	DNA_methylase	PF00145.23	2.4e-12
Oaur_XP_031584525.1	564	696	DNA_methylase	PF00145.23	4.5e-12
Onil_XP_005475141.1	564	696	DNA_methylase	PF00145.23	4.5e-12
Salsal_XP_014053057.1	721	853	DNA_methylase	PF00145.23	9.5e-12
Dlab_XP_051281425.1	1178	1311	DNA_methylase	PF00145.23	7e-13
Aoce_XP_023155431.1	471	603	DNA_methylase	PF00145.23	4.8e-12
Pnye_XP_013767161.1	700	832	DNA_methylase	PF00145.23	1.7e-11
Apol_XP_051816866.1	471	603	DNA_methylase	PF00145.23	4.8e-12
Monalb_XP_020464863.1	547	679	DNA_methylase	PF00145.23	1.3e-12
Otsh_XP_024292710.1	668	800	DNA_methylase	PF00145.23	8.7e-12
Fhet_XP_012705539.1	560	692	DNA_methylase	PF00145.23	2.9e-12
Llat_ENSLLTP00000009517.1	556	688	DNA_methylase	PF00145.23	4.8e-12
Dlab_XP_051281424.1	1187	1320	DNA_methylase	PF00145.23	7.1e-13
Serdum_XP_022605885.1	722	854	DNA_methylase	PF00145.23	2e-11
Dlab_XP_051280258.1	548	680	DNA_methylase	PF00145.23	2.7e-12
Neomel_ENSNMLP00000007832.1	292	424	DNA_methylase	PF00145.23	1.4e-12
Aowe_ENSAOWP00000010802.1	554	686	DNA_methylase	PF00145.23	4.9e-12
Eele_XP_035388683.1	706	838	DNA_methylase	PF00145.23	4.1e-12
Tspe_TraesTSP3A01G490300.1	411	527	DNA_methylase	PF00145.23	4.5e-10
Stub_XP_015158969.1	434	548	DNA_methylase	PF00145.23	4.3e-11
Takrub_XP_029690229.1	547	679	DNA_methylase	PF00145.23	1.1e-12
Phosin_XP_032460444.1	584	716	DNA_methylase	PF00145.23	2.7e-12
Mmon_XP_029076430.1	545	677	DNA_methylase	PF00145.23	2.5e-12
Monalb_XP_020459583.1	471	603	DNA_methylase	PF00145.23	5.1e-12
Stub_XP_015158968.1	435	549	DNA_methylase	PF00145.23	4.3e-11
Pnye_XP_013767366.1	564	696	DNA_methylase	PF00145.23	4.6e-12
Scam_XP_068792712.1	613	745	DNA_methylase	PF00145.23	5.4e-12
Chrpic_ENSCPIP00010007154.1	599	731	DNA_methylase	PF00145.23	5.3e-12
Pcol_XP_031451862.1	599	731	DNA_methylase	PF00145.23	5.3e-12
Sscr_NP_001335829.1	578	710	DNA_methylase	PF00145.23	2.7e-12
Astcal_XP_025998692.1	564	696	DNA_methylase	PF00145.23	4.6e-12
Hapbur_XP_014184925.1	564	696	DNA_methylase	PF00145.23	4.6e-12
Takrub_XP_029690228.1	552	684	DNA_methylase	PF00145.23	1.2e-12
Zlat_ENSZLMP00000016732.1	549	681	DNA_methylase	PF00145.23	4.8e-12
Ggal_NP_001020003.2	599	731	DNA_methylase	PF00145.23	5.3e-12
Pavcri_ENSPSTP00000026477.1	599	731	DNA_methylase	PF00145.23	5.3e-12
Nmel_XP_021246675.1	599	731	DNA_methylase	PF00145.23	5.3e-12
Okis_XP_031649884.1	487	620	DNA_methylase	PF00145.23	1.4e-12
Takrub_XP_011619399.2	548	680	DNA_methylase	PF00145.23	1.1e-12
Onil_XP_019201363.1	564	696	DNA_methylase	PF00145.23	4.6e-12
Onil_XP_025754953.1	564	696	DNA_methylase	PF00145.23	4.6e-12
Dlab_XP_051281423.1	1197	1330	DNA_methylase	PF00145.23	7.1e-13
Lcro_XP_027144100.1	1004	1137	DNA_methylase	PF00145.23	7.5e-13
Salsal_XP_014053067.1	721	853	DNA_methylase	PF00145.23	9.4e-12
Dlab_XP_051281421.1	1201	1334	DNA_methylase	PF00145.23	7.2e-13
Dlab_XP_051281422.1	1201	1334	DNA_methylase	PF00145.23	7.2e-13
Lcha_XP_064411613.1	450	582	DNA_methylase	PF00145.23	6.2e-12
Hhuc_ENSHHUP00000070177.1	492	625	DNA_methylase	PF00145.23	1.4e-12
Pnat_XP_037391512.1	1241	1374	DNA_methylase	PF00145.23	6e-13
Achr_XP_040984702.1	613	745	DNA_methylase	PF00145.23	5.4e-12
Sscr_XP_020932907.1	581	713	DNA_methylase	PF00145.23	2.7e-12
Okis_XP_031649883.1	490	623	DNA_methylase	PF00145.23	1.4e-12
Pran_XP_028250450.1	483	615	DNA_methylase	PF00145.23	6.6e-12
Cruf_ENSCRFP00000020975.1	600	732	DNA_methylase	PF00145.23	5.3e-12
Shab_XP_030347060.1	621	753	DNA_methylase	PF00145.23	5.5e-12
Pnye_XP_013767364.1	564	696	DNA_methylase	PF00145.23	4.7e-12
Pnye_XP_013767365.1	564	696	DNA_methylase	PF00145.23	4.7e-12
Corcap_OMO78269.1	310	425	DNA_methylase	PF00145.23	9e-11
Astcal_XP_025998690.1	564	696	DNA_methylase	PF00145.23	4.7e-12
Astcal_XP_025998691.1	564	696	DNA_methylase	PF00145.23	4.7e-12
Hapbur_XP_014184924.1	564	696	DNA_methylase	PF00145.23	4.7e-12
Mzeb_XP_004550660.1	564	696	DNA_methylase	PF00145.23	4.7e-12
Hhuc_ENSHHUP00000058661.1	389	521	DNA_methylase	PF00145.23	4.9e-12
Sscr_XP_020932906.1	584	716	DNA_methylase	PF00145.23	2.8e-12
Cwag_ENSCWAP00000011072.1	578	710	DNA_methylase	PF00145.23	2.7e-12
Gevg_XP_030389283.1	536	669	DNA_methylase	PF00145.23	2e-12
Gevg_XP_030389284.1	536	669	DNA_methylase	PF00145.23	2e-12
Krymar_XP_017267432.1	471	603	DNA_methylase	PF00145.23	5.3e-12
Ftin_ENSFTIP00000012021.1	621	753	DNA_methylase	PF00145.23	5.5e-12
Gmor_XP_030211762.1	459	591	DNA_methylase	PF00145.23	2.8e-11
Marm_XP_026174883.1	471	603	DNA_methylase	PF00145.23	5.2e-12
Lcha_XP_064411612.1	450	582	DNA_methylase	PF00145.23	6.6e-12
Cmos_ENSCMMP00000007834.1	621	753	DNA_methylase	PF00145.23	5.5e-12
Fhet_XP_012705538.1	565	697	DNA_methylase	PF00145.23	2.9e-12
Ttru_XP_019806382.1	558	690	DNA_methylase	PF00145.23	2.6e-12
Fend_KAK0308441.1	365	564	DNA_methylase	PF00145.23	2.1e-09
Achr_XP_040984701.1	621	753	DNA_methylase	PF00145.23	5.5e-12
Sscr_XP_013840728.1	587	719	DNA_methylase	PF00145.23	2.8e-12
Pnat_XP_037391511.1	1241	1374	DNA_methylase	PF00145.23	6e-13
Pmul_VEU36398.1	182	523	DNA_methylase	PF00145.23	8.7e-15
Dleu_XP_022448395.1	558	690	DNA_methylase	PF00145.23	2.6e-12
Mmon_XP_029076434.1	558	690	DNA_methylase	PF00145.23	2.6e-12
Phymac_XP_054946630.1	557	689	DNA_methylase	PF00145.23	2.6e-12
Bspl_XP_055362466.1	528	660	DNA_methylase	PF00145.23	5.9e-12
Chir_XP_017913200.1	558	690	DNA_methylase	PF00145.23	2.6e-12
Okis_XP_031643695.1	747	879	DNA_methylase	PF00145.23	6.7e-12
Oari_XP_060253686.1	558	690	DNA_methylase	PF00145.23	2.6e-12
Chrpic_ENSCPIP00010007150.1	613	745	DNA_methylase	PF00145.23	5.4e-12
Cmos_ENSCMMP00000007994.1	623	755	DNA_methylase	PF00145.23	5.5e-12
Ttru_XP_033696804.1	561	693	DNA_methylase	PF00145.23	2.6e-12
Neomel_ENSNMLP00000038305.1	352	484	DNA_methylase	PF00145.23	4.9e-12
Atau_XP_045087887.1	10	88	DNA_methylase	PF00145.23	1e-15
Bgru_ENSBGRP00000007366.1	558	690	DNA_methylase	PF00145.23	2.6e-12
Bind_XP_019827809.2	558	690	DNA_methylase	PF00145.23	2.6e-12
Bmut_XP_070237681.1	558	690	DNA_methylase	PF00145.23	2.6e-12
Btau_XP_024856108.1	558	690	DNA_methylase	PF00145.23	2.6e-12
Sans_XP_016337385.1	612	744	DNA_methylase	PF00145.23	6.8e-12
Bbis_XP_010840009.1	558	690	DNA_methylase	PF00145.23	2.6e-12
Omyk_XP_036840445.1	513	645	DNA_methylase	PF00145.23	1.3e-11
Lber_XP_065820295.1	523	655	DNA_methylase	PF00145.23	5.6e-12
Ttru_XP_033696803.1	564	696	DNA_methylase	PF00145.23	2.6e-12
Qsub_XP_065619293.1	144	258	DNA_methylase	PF00145.23	1.3e-10
Stepar_XP_008277238.1	518	650	DNA_methylase	PF00145.23	5.3e-12
Mmon_XP_029076429.1	564	696	DNA_methylase	PF00145.23	2.6e-12
Bind_XP_019827808.2	561	693	DNA_methylase	PF00145.23	2.6e-12
Bmut_XP_070237680.1	561	693	DNA_methylase	PF00145.23	2.6e-12
Btau_XP_024856107.1	561	693	DNA_methylase	PF00145.23	2.6e-12
Neomel_ENSNMLP00000038181.1	371	503	DNA_methylase	PF00145.23	5.1e-12
Monalb_XP_020459582.1	518	650	DNA_methylase	PF00145.23	5.6e-12
Ates_XP_026196706.1	472	604	DNA_methylase	PF00145.23	5.2e-12
Tvio_OAL72189.1	155	475	DNA_methylase	PF00145.23	2.2e-15
Scam_XP_068792713.1	590	722	DNA_methylase	PF00145.23	5.2e-12
Bbis_XP_010840008.1	561	693	DNA_methylase	PF00145.23	2.6e-12
Btau_NP_861529.2	566	698	DNA_methylase	PF00145.23	2.6e-12
Oari_XP_042085959.1	564	696	DNA_methylase	PF00145.23	2.6e-12
Aoce_XP_023155430.1	496	628	DNA_methylase	PF00145.23	5e-12
Okis_XP_031692566.1	513	645	DNA_methylase	PF00145.23	1.3e-11
Vpac_XP_031543785.1	520	652	DNA_methylase	PF00145.23	2.4e-12
Cdro_XP_031289847.1	520	652	DNA_methylase	PF00145.23	2.4e-12
Astcal_XP_026007195.1	702	834	DNA_methylase	PF00145.23	1.7e-11
Aoce_XP_023155429.1	518	650	DNA_methylase	PF00145.23	5.3e-12
Aper_ENSAPEP00000007608.1	518	650	DNA_methylase	PF00145.23	5.3e-12
Sscr_XP_020932911.1	558	690	DNA_methylase	PF00145.23	2.6e-12
Bind_XP_019827807.2	564	696	DNA_methylase	PF00145.23	2.6e-12
Bmut_XP_070237679.1	564	696	DNA_methylase	PF00145.23	2.6e-12
Btau_XP_024856106.1	564	696	DNA_methylase	PF00145.23	2.6e-12
Bbis_XP_010840007.1	564	696	DNA_methylase	PF00145.23	2.6e-12
Dlab_XP_051280256.1	548	680	DNA_methylase	PF00145.23	2.7e-12
Enau_XP_029361745.1	1150	1283	DNA_methylase	PF00145.23	8.3e-13
Sans_XP_016337382.1	622	754	DNA_methylase	PF00145.23	6.9e-12
Oari_XP_042085958.1	570	702	DNA_methylase	PF00145.23	2.6e-12
Cpyg_ENSCPGP00000023862.1	573	705	DNA_methylase	PF00145.23	5e-12
Ates_XP_026195167.1	665	797	DNA_methylase	PF00145.23	1.3e-11
Bgru_ENSBGRP00000007652.1	570	702	DNA_methylase	PF00145.23	2.6e-12
Astcal_XP_026007196.1	701	833	DNA_methylase	PF00145.23	1.7e-11
Dnox_XP_015368668.1	31	194	DNA_methylase	PF00145.23	1.2e-13
Gevg_XP_030389282.1	555	688	DNA_methylase	PF00145.23	2e-12
Qlob_XP_030956584.1	440	554	DNA_methylase	PF00145.23	1.6e-10
Sscr_XP_020932910.1	564	696	DNA_methylase	PF00145.23	2.7e-12
Pnye_XP_005736594.1	701	833	DNA_methylase	PF00145.23	1.6e-11
Sans_XP_016337383.1	616	748	DNA_methylase	PF00145.23	6.9e-12
Lber_XP_065820285.1	569	701	DNA_methylase	PF00145.23	5.9e-12
Ttur_VAI11631.1	253	369	DNA_methylase	PF00145.23	1.1e-09
Phosin_XP_032460447.1	564	696	DNA_methylase	PF00145.23	2.6e-12
Okis_XP_031643696.1	747	879	DNA_methylase	PF00145.23	6.6e-12
Mmon_XP_029076428.1	587	719	DNA_methylase	PF00145.23	2.7e-12
Scam_XP_068792709.1	643	775	DNA_methylase	PF00145.23	5.7e-12
Hcom_XP_019746485.1	561	693	DNA_methylase	PF00145.23	5.6e-12
Mund_XP_033916373.1	655	787	DNA_methylase	PF00145.23	5.8e-12
Sscr_XP_020932908.1	567	699	DNA_methylase	PF00145.23	2.7e-12
Gmor_XP_030201733.1	600	732	DNA_methylase	PF00145.23	4.4e-12
Amin_KAB8272565.1	136	497	DNA_methylase	PF00145.23	2.2e-15
Shab_XP_030347058.1	655	787	DNA_methylase	PF00145.23	5.8e-12
Mgal_XP_031408124.1	639	771	DNA_methylase	PF00145.23	5.6e-12
Etef_Et_s17886-0.4-1.mrna1	430	547	DNA_methylase	PF00145.23	5.8e-11
Opun_OPUNC03G00780.1	478	595	DNA_methylase	PF00145.23	3.6e-11
Cwag_ENSCWAP00000010929.1	570	702	DNA_methylase	PF00145.23	2.7e-12
Symmic_OLP88607.1	764	898	DNA_methylase	PF00145.23	1.7e-15
Pvit_XP_020663947.1	609	741	DNA_methylase	PF00145.23	5.3e-12
Mmos_ENSMMSP00000019430.1	570	702	DNA_methylase	PF00145.23	2.6e-12
Hapbur_XP_014190238.1	655	787	DNA_methylase	PF00145.23	1.6e-11
Mmon_XP_029076427.1	590	722	DNA_methylase	PF00145.23	2.7e-12
Ftin_ENSFTIP00000011974.1	656	788	DNA_methylase	PF00145.23	5.8e-12
Eluc_XP_019909533.2	746	878	DNA_methylase	PF00145.23	5.1e-12
Hhuc_ENSHHUP00000058636.1	415	547	DNA_methylase	PF00145.23	5.3e-12
Sind_CAG7850002.1	245	614	DNA_methylase	PF00145.23	3.1e-15
Mmon_XP_029076426.1	593	725	DNA_methylase	PF00145.23	2.7e-12
Phosin_XP_032460446.1	571	703	DNA_methylase	PF00145.23	2.6e-12
Bspl_XP_029012271.1	527	659	DNA_methylase	PF00145.23	1.3e-12
Achr_XP_029892835.1	656	788	DNA_methylase	PF00145.23	5.8e-12
Achr_XP_040984699.1	656	788	DNA_methylase	PF00145.23	5.8e-12
Scam_XP_068792708.1	656	788	DNA_methylase	PF00145.23	5.8e-12
Salsal_XP_045579613.1	762	894	DNA_methylase	PF00145.23	6.9e-12
Cmos_ENSCMMP00000007811.1	656	788	DNA_methylase	PF00145.23	5.8e-12
Hapbur_XP_042078302.1	654	786	DNA_methylase	PF00145.23	1.6e-11
Acyg_XP_066851336.1	656	788	DNA_methylase	PF00145.23	5.8e-12
Ansbra_ENSABRP00000013043.1	656	788	DNA_methylase	PF00145.23	5.8e-12
Pcya_PPQ67849.1	149	513	DNA_methylase	PF00145.23	8.1e-15
Myrmur_XP_029902950.1	400	532	DNA_methylase	PF00145.23	6.4e-12
Lber_XP_065820299.1	471	603	DNA_methylase	PF00145.23	4.8e-12
Tnig_CAG13174.1	552	684	DNA_methylase	PF00145.23	3.7e-11
Caraur_XP_026104912.1	1186	1319	DNA_methylase	PF00145.23	4.3e-12
Caraur_XP_026104913.1	1186	1319	DNA_methylase	PF00145.23	4.3e-12
Caraur_XP_026104914.1	1186	1319	DNA_methylase	PF00145.23	4.3e-12
Eluc_XP_019909534.2	746	878	DNA_methylase	PF00145.23	5.1e-12
Mpus_XP_003056132.1	480	796	DNA_methylase	PF00145.23	6.1e-15
Lcro_XP_019133426.2	673	805	DNA_methylase	PF00145.23	6.9e-12
Cpyg_ENSCPGP00000023868.1	635	767	DNA_methylase	PF00145.23	5.6e-12
Okis_XP_020361688.1	546	679	DNA_methylase	PF00145.23	1.6e-12
Otsh_XP_042155261.1	546	679	DNA_methylase	PF00145.23	1.6e-12
Cpyg_ENSCPGP00000023851.1	596	728	DNA_methylase	PF00145.23	5.2e-12
Pcol_XP_031451861.1	656	788	DNA_methylase	PF00145.23	5.8e-12
Ggal_XP_025004556.1	656	788	DNA_methylase	PF00145.23	5.8e-12
Ggal_XP_046794911.1	656	788	DNA_methylase	PF00145.23	5.8e-12
Dcar_XP_017245473.2	377	493	DNA_methylase	PF00145.23	5e-10
Gevg_XP_030410911.1	634	766	DNA_methylase	PF00145.23	5.6e-12
Nmel_XP_021246674.1	656	788	DNA_methylase	PF00145.23	5.8e-12
Dcar_XP_063948223.1	377	493	DNA_methylase	PF00145.23	5e-10
Okis_XP_031649879.1	549	682	DNA_methylase	PF00145.23	1.6e-12
Okis_XP_031649880.1	549	682	DNA_methylase	PF00145.23	1.6e-12
Okis_XP_031649881.1	549	682	DNA_methylase	PF00145.23	1.6e-12
Okis_XP_031649882.1	549	682	DNA_methylase	PF00145.23	1.6e-12
Otsh_XP_042155257.1	549	682	DNA_methylase	PF00145.23	1.6e-12
Otsh_XP_042155258.1	549	682	DNA_methylase	PF00145.23	1.6e-12
Otsh_XP_042155259.1	549	682	DNA_methylase	PF00145.23	1.6e-12
Otsh_XP_042155260.1	549	682	DNA_methylase	PF00145.23	1.6e-12
Shab_XP_030347056.1	669	801	DNA_methylase	PF00145.23	5.9e-12
Shab_XP_030347057.1	669	801	DNA_methylase	PF00145.23	5.9e-12
Marm_XP_026174881.1	509	641	DNA_methylase	PF00145.23	5.6e-12
Dronov_XP_064364249.1	657	789	DNA_methylase	PF00145.23	5.8e-12
Dcar_XP_017245472.2	377	493	DNA_methylase	PF00145.23	5e-10
Bspl_XP_028996257.1	564	696	DNA_methylase	PF00145.23	6.3e-12
Bspl_XP_055362465.1	564	696	DNA_methylase	PF00145.23	6.3e-12
Stru_XP_029575958.1	546	679	DNA_methylase	PF00145.23	1.6e-12
Stru_XP_029575959.1	546	679	DNA_methylase	PF00145.23	1.6e-12
Scam_XP_068792711.1	620	752	DNA_methylase	PF00145.23	5.4e-12
Ates_XP_026196704.1	526	658	DNA_methylase	PF00145.23	5.8e-12
Dcar_XP_063948222.1	279	395	DNA_methylase	PF00145.23	3.4e-10
Cpic_XP_065443422.1	634	766	DNA_methylase	PF00145.23	5.6e-12
Vpac_XP_015093371.2	562	694	DNA_methylase	PF00145.23	2.6e-12
Cdro_XP_031289846.1	562	694	DNA_methylase	PF00145.23	2.6e-12
Slal_XP_023270989.1	565	697	DNA_methylase	PF00145.23	5.7e-12
Enau_XP_029361744.1	1197	1330	DNA_methylase	PF00145.23	8.7e-13
Mund_XP_033916374.1	632	764	DNA_methylase	PF00145.23	5.6e-12
Pret_XP_008402548.1	249	382	DNA_methylase	PF00145.23	3.4e-12
Qlob_XP_030956586.1	407	521	DNA_methylase	PF00145.23	1.5e-10
Salsal_XP_014001767.1	546	679	DNA_methylase	PF00145.23	1.6e-12
Shab_XP_032775918.1	632	764	DNA_methylase	PF00145.23	5.6e-12
Nmel_XP_021246673.1	658	790	DNA_methylase	PF00145.23	5.8e-12
Ggal_XP_025004555.1	658	790	DNA_methylase	PF00145.23	5.8e-12
Slal_XP_023270985.1	569	701	DNA_methylase	PF00145.23	5.7e-12
Slal_XP_023270986.1	569	701	DNA_methylase	PF00145.23	5.7e-12
Slal_XP_023270987.1	569	701	DNA_methylase	PF00145.23	5.7e-12
Slal_XP_023270988.1	569	701	DNA_methylase	PF00145.23	5.7e-12
Gevg_XP_030410910.1	657	789	DNA_methylase	PF00145.23	5.8e-12
Eele_XP_026868636.2	1235	1368	DNA_methylase	PF00145.23	5.1e-13
Pmaj_XP_015471322.1	651	783	DNA_methylase	PF00145.23	5.7e-12
Stub_XP_015158965.1	483	597	DNA_methylase	PF00145.23	5e-11
Stub_XP_015158966.1	483	597	DNA_methylase	PF00145.23	5e-11
Salsal_XP_045551950.1	549	682	DNA_methylase	PF00145.23	1.6e-12
Salsal_XP_045551951.1	549	682	DNA_methylase	PF00145.23	1.6e-12
Lcor_XP_017694028.1	650	782	DNA_methylase	PF00145.23	5.7e-12
Lcor_XP_017694029.1	650	782	DNA_methylase	PF00145.23	5.7e-12
Tgut_XP_041570839.1	652	784	DNA_methylase	PF00145.23	5.7e-12
Achr_XP_040984700.1	633	765	DNA_methylase	PF00145.23	5.6e-12
Amacol_ENSACOP00000005424.1	616	748	DNA_methylase	PF00145.23	5.4e-12
Omyk_XP_036843915.1	568	701	DNA_methylase	PF00145.23	1.6e-12
Dronov_XP_064364250.1	634	766	DNA_methylase	PF00145.23	5.6e-12
Tgut_XP_041570838.1	653	785	DNA_methylase	PF00145.23	5.7e-12
Cmon_XP_031959833.1	652	784	DNA_methylase	PF00145.23	5.7e-12
Scam_XP_068792710.1	633	765	DNA_methylase	PF00145.23	5.6e-12
Caraur_XP_026104915.1	1163	1296	DNA_methylase	PF00145.23	4.2e-12
Cmon_XP_031959832.1	653	785	DNA_methylase	PF00145.23	5.7e-12
Cruf_ENSCRFP00000020972.1	653	785	DNA_methylase	PF00145.23	5.7e-12
Shar_XP_031807300.1	581	713	DNA_methylase	PF00145.23	5.1e-12
Cust_XP_032911063.1	653	785	DNA_methylase	PF00145.23	5.7e-12
Bspl_XP_028996252.1	581	713	DNA_methylase	PF00145.23	6.5e-12
Omyk_XP_036843916.1	549	682	DNA_methylase	PF00145.23	1.6e-12
Omyk_XP_036843917.1	549	682	DNA_methylase	PF00145.23	1.6e-12
Omyk_XP_036843919.1	549	682	DNA_methylase	PF00145.23	1.6e-12
Omyk_XP_036843920.1	549	682	DNA_methylase	PF00145.23	1.6e-12
Nscu_XP_026527347.1	629	761	DNA_methylase	PF00145.23	5.5e-12
Cpic_XP_065443420.1	657	789	DNA_methylase	PF00145.23	5.8e-12
Omyk_XP_036840444.1	548	680	DNA_methylase	PF00145.23	1.4e-11
Otsh_XP_042181176.1	751	883	DNA_methylase	PF00145.23	6.8e-12
Omyk_XP_036840443.1	549	681	DNA_methylase	PF00145.23	1.4e-11
Cpic_XP_065443418.1	669	801	DNA_methylase	PF00145.23	5.9e-12
Omyk_XP_036843914.1	571	704	DNA_methylase	PF00145.23	1.7e-12
Lber_XP_065820281.1	569	701	DNA_methylase	PF00145.23	6.1e-12
Lber_XP_065820282.1	569	701	DNA_methylase	PF00145.23	6.1e-12
Lber_XP_065820283.1	569	701	DNA_methylase	PF00145.23	6.1e-12
Cpic_XP_065443421.1	645	777	DNA_methylase	PF00145.23	5.7e-12
Pvit_XP_020663946.1	613	745	DNA_methylase	PF00145.23	5.4e-12
Lcro_XP_019109809.1	1127	1260	DNA_methylase	PF00145.23	8.5e-13
Stepar_XP_008277235.1	564	696	DNA_methylase	PF00145.23	5.8e-12
Pran_XP_028253847.1	471	603	DNA_methylase	PF00145.23	5e-12
Pfic_XP_007833371.1	281	569	DNA_methylase	PF00145.23	4.4e-13
Cpic_XP_065443416.1	669	801	DNA_methylase	PF00145.23	5.9e-12
Okis_XP_031692565.1	549	681	DNA_methylase	PF00145.23	1.4e-11
Saur_XP_030299892.1	486	618	DNA_methylase	PF00145.23	7.4e-12
Omyk_XP_036818498.1	766	898	DNA_methylase	PF00145.23	6.9e-12
Bspl_XP_029012270.1	551	683	DNA_methylase	PF00145.23	1.4e-12
Marm_XP_026174880.1	523	655	DNA_methylase	PF00145.23	5.7e-12
Spun_ENSSPUP00000020446.1	553	685	DNA_methylase	PF00145.23	4.8e-12
Cmon_XP_031959835.1	629	761	DNA_methylase	PF00145.23	5.5e-12
Gevg_XP_030410909.1	668	800	DNA_methylase	PF00145.23	5.9e-12
Monalb_XP_020459578.1	564	696	DNA_methylase	PF00145.23	6.1e-12
Monalb_XP_020459579.1	564	696	DNA_methylase	PF00145.23	6.1e-12
Cmon_XP_031959834.1	630	762	DNA_methylase	PF00145.23	5.5e-12
Astcal_XP_026007197.1	702	834	DNA_methylase	PF00145.23	1.6e-11
Aoce_XP_023155427.1	564	696	DNA_methylase	PF00145.23	5.8e-12
Aper_ENSAPEP00000007592.1	564	696	DNA_methylase	PF00145.23	5.8e-12
Apol_XP_022055530.1	564	696	DNA_methylase	PF00145.23	5.8e-12
Neomel_ENSNMLP00000007670.1	344	476	DNA_methylase	PF00145.23	1.7e-12
Smer_ENSSMRP00000016749.1	631	763	DNA_methylase	PF00145.23	5.5e-12
Astcal_XP_026007202.1	652	784	DNA_methylase	PF00145.23	1.5e-11
Gevg_XP_030410908.1	668	800	DNA_methylase	PF00145.23	5.9e-12
Cpic_XP_065443419.1	668	800	DNA_methylase	PF00145.23	5.9e-12
Anapla_XP_038032290.1	656	788	DNA_methylase	PF00145.23	5.8e-12
Shar_XP_031807299.1	635	767	DNA_methylase	PF00145.23	5.6e-12
Nscu_XP_026527346.1	639	771	DNA_methylase	PF00145.23	5.6e-12
Azon_ENSAZOP00000017726.1	629	761	DNA_methylase	PF00145.23	5.5e-12
Shab_XP_030347059.1	646	778	DNA_methylase	PF00145.23	5.7e-12
Nscu_XP_026527344.1	640	772	DNA_methylase	PF00145.23	5.6e-12
Nscu_XP_026527345.1	640	772	DNA_methylase	PF00145.23	5.6e-12
Astcal_XP_026007198.1	701	833	DNA_methylase	PF00145.23	1.6e-11
Stub_XP_006363553.1	482	596	DNA_methylase	PF00145.23	4.9e-11
Mzeb_XP_004540288.2	702	834	DNA_methylase	PF00145.23	1.6e-11
Cpic_XP_065443417.1	667	799	DNA_methylase	PF00145.23	5.9e-12
Marm_XP_026174877.1	564	696	DNA_methylase	PF00145.23	6.3e-12
Enau_XP_029351756.1	487	619	DNA_methylase	PF00145.23	4.9e-12
Saur_XP_030299891.1	673	805	DNA_methylase	PF00145.23	1e-11
Pcin_XP_020839605.1	636	768	DNA_methylase	PF00145.23	5.6e-12
Nbri_XP_006798867.1	656	788	DNA_methylase	PF00145.23	1.6e-11
Gwil_XP_028308898.1	524	656	DNA_methylase	PF00145.23	2.5e-12
Enau_XP_029349009.1	735	867	DNA_methylase	PF00145.23	5.9e-12
Enau_XP_029351755.1	520	652	DNA_methylase	PF00145.23	5.3e-12
Pran_XP_028253846.1	515	647	DNA_methylase	PF00145.23	5.5e-12
Mmol_ENSMMOP00000014635.1	406	538	DNA_methylase	PF00145.23	6.2e-12
Oana_XP_028927598.1	631	763	DNA_methylase	PF00145.23	5.5e-12
Saur_XP_030299893.1	470	602	DNA_methylase	PF00145.23	7.2e-12
Taes_XP_044336222.1	465	581	DNA_methylase	PF00145.23	5.3e-10
Azon_ENSAZOP00000017582.1	640	772	DNA_methylase	PF00145.23	5.6e-12
Otsh_XP_042181177.1	751	883	DNA_methylase	PF00145.23	6.7e-12
Anocar_XP_062825021.1	642	774	DNA_methylase	PF00145.23	5.6e-12
Aros_XP_048511546.1	582	743	DNA_methylase	PF00145.23	3.4e-15
Pavcri_ENSPSTP00000026476.1	654	786	DNA_methylase	PF00145.23	5.7e-12
Nbri_XP_035766999.1	655	787	DNA_methylase	PF00145.23	1.6e-11
Enau_XP_029349010.1	686	818	DNA_methylase	PF00145.23	5.8e-12
Pkin_XP_023652418.1	523	655	DNA_methylase	PF00145.23	3.2e-12
Eluc_XP_019911733.1	440	572	DNA_methylase	PF00145.23	9.6e-12
Omyk_XP_036818499.1	766	898	DNA_methylase	PF00145.23	6.9e-12
Cabi_XP_032618296.1	472	605	DNA_methylase	PF00145.23	3.1e-12
Lcal_XP_050927724.1	564	696	DNA_methylase	PF00145.23	6.3e-12
Pchl_KKY25557.1	171	340	DNA_methylase	PF00145.23	9.6e-15
Lcha_XP_064411611.1	549	681	DNA_methylase	PF00145.23	8e-12
Saur_XP_030261442.1	475	607	DNA_methylase	PF00145.23	4.8e-12
Neomel_ENSNMLP00000007672.1	357	489	DNA_methylase	PF00145.23	1.7e-12
Lcro_XP_019109746.1	1177	1310	DNA_methylase	PF00145.23	8.9e-13
Anocar_XP_062825004.1	653	785	DNA_methylase	PF00145.23	5.7e-12
Ates_XP_026196699.1	565	697	DNA_methylase	PF00145.23	6.3e-12
Ates_XP_026196700.1	565	697	DNA_methylase	PF00145.23	6.3e-12
Ates_XP_026196701.1	565	697	DNA_methylase	PF00145.23	6.3e-12
Pvit_XP_020663944.1	648	780	DNA_methylase	PF00145.23	5.7e-12
Enau_XP_029351754.1	534	666	DNA_methylase	PF00145.23	5.4e-12
Qlob_XP_030956585.1	436	550	DNA_methylase	PF00145.23	1.6e-10
Enau_XP_029351750.1	565	697	DNA_methylase	PF00145.23	5.5e-12
Vvin_XP_010660894.1	478	592	DNA_methylase	PF00145.23	7.2e-12
Oana_XP_028927597.1	671	803	DNA_methylase	PF00145.23	5.9e-12
Pvit_XP_020663942.1	658	790	DNA_methylase	PF00145.23	5.8e-12
Pvit_XP_020663943.1	658	790	DNA_methylase	PF00145.23	5.8e-12
Eluc_XP_010881477.1	460	592	DNA_methylase	PF00145.23	1e-11
Vkom_XP_044277046.1	640	772	DNA_methylase	PF00145.23	5.6e-12
Odeg_XP_023570628.1	561	693	DNA_methylase	PF00145.23	3.8e-12
Neomel_ENSNMLP00000038126.1	427	559	DNA_methylase	PF00145.23	6e-12
Oana_XP_028927596.1	671	803	DNA_methylase	PF00145.23	5.9e-12
Stru_XP_029568776.1	760	892	DNA_methylase	PF00145.23	6.9e-12
Lcha_XP_064411610.1	561	693	DNA_methylase	PF00145.23	8.2e-12
Pkin_XP_023654637.1	494	626	DNA_methylase	PF00145.23	2.1e-12
Okis_XP_020343224.1	719	851	DNA_methylase	PF00145.23	9.5e-12
Shar_XP_031807298.1	635	767	DNA_methylase	PF00145.23	5.6e-12
Cser_KAG6938466.1	557	690	DNA_methylase	PF00145.23	2.2e-12
Mmol_ENSMMOP00000013859.1	525	657	DNA_methylase	PF00145.23	1.8e-12
Odeg_XP_004630863.1	581	713	DNA_methylase	PF00145.23	4e-12
Pran_XP_028253843.1	564	696	DNA_methylase	PF00145.23	5.7e-12
Stru_XP_029579279.1	551	684	DNA_methylase	PF00145.23	2.2e-12
Stru_XP_029579280.1	551	684	DNA_methylase	PF00145.23	2.2e-12
Ggal_XP_040553157.1	713	845	DNA_methylase	PF00145.23	6.3e-12
Enau_XP_029351746.1	580	712	DNA_methylase	PF00145.23	5.6e-12
Omyk_XP_036810466.1	719	851	DNA_methylase	PF00145.23	9.5e-12
Omyk_XP_036810467.1	719	851	DNA_methylase	PF00145.23	9.5e-12
Apor_XP_028475111.1	360	724	DNA_methylase	PF00145.23	3.9e-15
Pran_XP_028253841.1	564	696	DNA_methylase	PF00145.23	5.9e-12
Mspi_ENSMSIP00000022060.1	583	716	DNA_methylase	PF00145.23	2.2e-12
Pkin_XP_023652417.1	545	677	DNA_methylase	PF00145.23	3.3e-12
Pcin_XP_020839604.1	636	768	DNA_methylase	PF00145.23	5.6e-12
Pkin_XP_023652416.1	546	678	DNA_methylase	PF00145.23	3.4e-12
Lpal_OCK79400.1	289	484	DNA_methylase	PF00145.23	5.2e-15
Stru_XP_029579281.1	550	683	DNA_methylase	PF00145.23	2.2e-12
Marm_XP_026174876.1	568	700	DNA_methylase	PF00145.23	6.3e-12
Marm_XP_026174875.1	569	701	DNA_methylase	PF00145.23	6.3e-12
Lcha_XP_064411609.1	575	707	DNA_methylase	PF00145.23	8.4e-12
Anocar_XP_062825015.1	642	774	DNA_methylase	PF00145.23	5.9e-12
Ggal_XP_040553158.1	690	822	DNA_methylase	PF00145.23	6.1e-12
Gwil_XP_028308897.1	550	682	DNA_methylase	PF00145.23	2.6e-12
Sluc_XP_031146232.2	1132	1266	DNA_methylase	PF00145.23	8.1e-13
Okis_XP_020343225.1	719	851	DNA_methylase	PF00145.23	9.4e-12
Lber_XP_020482938.2	670	802	DNA_methylase	PF00145.23	1.6e-11
Saur_XP_030261441.1	529	661	DNA_methylase	PF00145.23	5.4e-12
Omyk_XP_036810468.1	719	851	DNA_methylase	PF00145.23	9.4e-12
Sspo_Sspon.07G0031950-1C-mRNA-1	2	103	DNA_methylase	PF00145.23	1.9e-15
Gacu_XP_040025226.1	1	103	DNA_methylase	PF00145.23	1.5e-15
Slal_XP_023271401.1	1153	1286	DNA_methylase	PF00145.23	9e-13
Anocar_XP_062825001.1	653	785	DNA_methylase	PF00145.23	6e-12
Lcha_XP_064411608.1	631	763	DNA_methylase	PF00145.23	8.7e-12
Slal_XP_023271400.1	1158	1291	DNA_methylase	PF00145.23	9e-13
Vurs_XP_027706170.1	649	781	DNA_methylase	PF00145.23	5.7e-12
Salsal_XP_045579610.1	797	929	DNA_methylase	PF00145.23	7.2e-12
Salsal_XP_014066904.2	811	943	DNA_methylase	PF00145.23	7.3e-12
Salsal_XP_045579608.1	811	943	DNA_methylase	PF00145.23	7.3e-12
Astcal_XP_026007193.1	702	834	DNA_methylase	PF00145.23	1.7e-11
Lber_XP_065820287.1	564	696	DNA_methylase	PF00145.23	5.8e-12
Eluc_XP_010881476.1	474	606	DNA_methylase	PF00145.23	1e-11
Astcal_XP_026007200.1	653	785	DNA_methylase	PF00145.23	1.5e-11
Enau_XP_029351747.1	565	697	DNA_methylase	PF00145.23	5.7e-12
Pran_XP_028253837.1	564	696	DNA_methylase	PF00145.23	6e-12
Pran_XP_028253838.1	564	696	DNA_methylase	PF00145.23	6e-12
Pran_XP_028253840.1	564	696	DNA_methylase	PF00145.23	6e-12
Serdum_XP_022618860.1	545	677	DNA_methylase	PF00145.23	2.3e-12
Marm_XP_026157917.1	752	884	DNA_methylase	PF00145.23	8.7e-12
Cgob_XP_029282589.1	183	316	DNA_methylase	PF00145.23	2e-12
Marm_XP_026157907.1	753	885	DNA_methylase	PF00145.23	8.7e-12
Pran_XP_028253842.1	564	696	DNA_methylase	PF00145.23	5.9e-12
Astcal_XP_026007194.1	701	833	DNA_methylase	PF00145.23	1.7e-11
Neomel_ENSNMLP00000007829.1	386	518	DNA_methylase	PF00145.23	1.9e-12
Nmel_XP_021246671.1	744	876	DNA_methylase	PF00145.23	6.6e-12
Slal_XP_023286527.1	671	803	DNA_methylase	PF00145.23	1.2e-11
Mibe_RYO98967.1	171	254	DNA_methylase	PF00145.23	7.4e-06
Mibe_RYO98967.1	309	607	DNA_methylase	PF00145.23	4.7e-07
Pran_XP_028250445.1	716	848	DNA_methylase	PF00145.23	1e-11
Pran_XP_028250446.1	716	848	DNA_methylase	PF00145.23	1e-11
Pran_XP_028250447.1	667	799	DNA_methylase	PF00145.23	9.3e-12
Sluc_XP_031146231.2	1178	1312	DNA_methylase	PF00145.23	8.5e-13
Sluc_XP_031146229.2	1178	1312	DNA_methylase	PF00145.23	8.5e-13
Symmic_OLP98675.1	194	346	DNA_methylase	PF00145.23	1.8e-15
Enau_XP_029351744.1	580	712	DNA_methylase	PF00145.23	5.9e-12
Enau_XP_029351745.1	580	712	DNA_methylase	PF00145.23	5.9e-12
Ipotri_XP_031096166.1	462	576	DNA_methylase	PF00145.23	3.6e-10
Ipotri_XP_031096167.1	462	576	DNA_methylase	PF00145.23	3.6e-10
Ahed_KAF1985777.1	95	460	DNA_methylase	PF00145.23	8.2e-15
Nmel_XP_021246672.1	721	853	DNA_methylase	PF00145.23	6.4e-12
Ates_XP_026195168.1	665	797	DNA_methylase	PF00145.23	1.3e-11
Srhi_XP_016382262.1	605	738	DNA_methylase	PF00145.23	2.1e-11
Podmur_XP_028581151.1	697	829	DNA_methylase	PF00145.23	6.1e-12
Psin_XP_014424525.1	478	611	DNA_methylase	PF00145.23	2e-12
Salsal_XP_045579609.1	811	943	DNA_methylase	PF00145.23	7.3e-12
Serdum_XP_022618829.1	1205	1338	DNA_methylase	PF00145.23	9.4e-13
Slal_XP_023271399.1	1203	1336	DNA_methylase	PF00145.23	9.4e-13
Salsal_XP_045551432.1	513	645	DNA_methylase	PF00145.23	1.3e-11
Slal_XP_023271398.1	1208	1341	DNA_methylase	PF00145.23	9.4e-13
Srhi_XP_016382261.1	615	748	DNA_methylase	PF00145.23	2.1e-11
Cocimm_XP_001239719.2	204	346	DNA_methylase	PF00145.23	2e-15
Vkom_XP_044311286.1	507	640	DNA_methylase	PF00145.23	3.3e-12
Scivul_ENSSVLP00005002856.1	577	709	DNA_methylase	PF00145.23	6.3e-12
Saur_XP_030261436.1	564	696	DNA_methylase	PF00145.23	5.7e-12
Cabi_XP_032618293.1	536	669	DNA_methylase	PF00145.23	3.5e-12
Cabi_XP_032618294.1	536	669	DNA_methylase	PF00145.23	3.5e-12
Dexi_XP_033452003.1	492	860	DNA_methylase	PF00145.23	9.6e-15
Hapbur_XP_042078303.1	654	786	DNA_methylase	PF00145.23	1.5e-11
Saur_XP_030299890.1	688	820	DNA_methylase	PF00145.23	1.1e-11
Saur_XP_030261433.1	568	700	DNA_methylase	PF00145.23	5.8e-12
Saur_XP_030261434.1	568	700	DNA_methylase	PF00145.23	5.8e-12
Podmur_XP_028581153.1	644	776	DNA_methylase	PF00145.23	6e-12
Podmur_XP_028581152.1	645	777	DNA_methylase	PF00145.23	6e-12
Ooli_XP_011123840.1	287	645	DNA_methylase	PF00145.23	3.4e-15
Dasnov_XP_071067734.1	516	648	DNA_methylase	PF00145.23	1.1e-11
Lber_XP_065820286.1	564	696	DNA_methylase	PF00145.23	6e-12
Lpol_XP_022254418.1	806	939	DNA_methylase	PF00145.23	7.1e-13
Bmin_symbB.v1.2.004659.t1|scaffold268.1|size246746|10	89	197	DNA_methylase	PF00145.23	2.1e-15
Neomel_ENSNMLP00000038089.1	483	615	DNA_methylase	PF00145.23	6.7e-12
Hapbur_XP_014190237.1	703	835	DNA_methylase	PF00145.23	1.7e-11
Eluc_XP_010881475.1	512	644	DNA_methylase	PF00145.23	1.1e-11
Eluc_XP_010881473.1	513	645	DNA_methylase	PF00145.23	1.1e-11
Omyk_XP_036840449.1	474	606	DNA_methylase	PF00145.23	1.2e-11
Salsal_XP_045551435.1	474	606	DNA_methylase	PF00145.23	1.2e-11
Lcom_lcpid28784|	794	925	DNA_methylase	PF00145.23	4.2e-13
Salsal_XP_045551431.1	533	665	DNA_methylase	PF00145.23	1.4e-11
Pleo_XP_042800955.1	46	300	DNA_methylase	PF00145.23	2.5e-15
Ptig_XP_042847101.1	46	300	DNA_methylase	PF00145.23	2.5e-15
Hapbur_XP_014190236.1	704	836	DNA_methylase	PF00145.23	1.7e-11
Nbri_XP_035767000.1	655	787	DNA_methylase	PF00145.23	1.5e-11
Eluc_XP_028981565.2	697	829	DNA_methylase	PF00145.23	4.6e-12
Gmor_XP_030211758.1	679	811	DNA_methylase	PF00145.23	4.2e-11
Gmor_XP_030211760.1	679	811	DNA_methylase	PF00145.23	4.2e-11
Gmor_XP_030211761.1	679	811	DNA_methylase	PF00145.23	4.2e-11
Eluc_XP_019909537.2	697	829	DNA_methylase	PF00145.23	4.7e-12
Bmus_XP_036728814.1	411	543	DNA_methylase	PF00145.23	1.2e-11
Bmus_XP_036728815.1	411	543	DNA_methylase	PF00145.23	1.2e-11
Stru_XP_029568774.1	809	941	DNA_methylase	PF00145.23	7.3e-12
Lber_XP_065820284.1	569	701	DNA_methylase	PF00145.23	6e-12
Sluc_XP_035851679.1	401	533	DNA_methylase	PF00145.23	5e-12
Lcha_XP_064411607.1	631	763	DNA_methylase	PF00145.23	9.2e-12
Neomel_ENSNMLP00000038066.1	488	620	DNA_methylase	PF00145.23	6.8e-12
Esp.FLASF59071_RUS20001.1	106	193	DNA_methylase	PF00145.23	1.6e-07
Plat_XP_014896470.1	1183	1315	DNA_methylase	PF00145.23	2.9e-12
Plat_XP_014896480.1	1183	1315	DNA_methylase	PF00145.23	2.9e-12
Plat_XP_014896488.1	1183	1315	DNA_methylase	PF00145.23	2.9e-12
Xcou_XP_027867410.1	1183	1315	DNA_methylase	PF00145.23	3.7e-12
Xcou_XP_027867411.1	1183	1315	DNA_methylase	PF00145.23	3.7e-12
Xcou_XP_027867412.1	1183	1315	DNA_methylase	PF00145.23	3.7e-12
Xcou_XP_027867413.1	1183	1315	DNA_methylase	PF00145.23	3.7e-12
Otsh_XP_024292704.1	717	849	DNA_methylase	PF00145.23	9.5e-12
Otsh_XP_042185782.1	717	849	DNA_methylase	PF00145.23	9.5e-12
Lafr_XP_010590270.1	411	543	DNA_methylase	PF00145.23	1.2e-11
Neomel_ENSNMLP00000038098.1	495	627	DNA_methylase	PF00145.23	6.9e-12
Krymar_XP_017267430.1	565	698	DNA_methylase	PF00145.23	5.8e-12
Takrub_XP_029705088.1	434	566	DNA_methylase	PF00145.23	3.7e-12
Caraur_XP_026103786.1	418	550	DNA_methylase	PF00145.23	2.6e-11
Pfor_XP_007553725.1	1183	1315	DNA_methylase	PF00145.23	2.9e-12
Pfor_XP_016527680.1	1183	1315	DNA_methylase	PF00145.23	2.9e-12
Pfor_XP_016527681.1	1183	1315	DNA_methylase	PF00145.23	2.9e-12
Stru_XP_029598857.1	541	673	DNA_methylase	PF00145.23	1.4e-11
Salsal_XP_045551430.1	541	673	DNA_methylase	PF00145.23	1.4e-11
Mpah_XP_021057229.1	411	543	DNA_methylase	PF00145.23	1.2e-11
Enau_XP_029349011.1	686	818	DNA_methylase	PF00145.23	5.5e-12
Salsal_XP_045551434.1	494	626	DNA_methylase	PF00145.23	1.3e-11
Mmon_XP_029088082.1	411	543	DNA_methylase	PF00145.23	1.2e-11
Phosin_XP_032508222.1	411	543	DNA_methylase	PF00145.23	1.2e-11
Phosin_XP_032508223.1	411	543	DNA_methylase	PF00145.23	1.2e-11
Fdam_XP_010603159.1	411	543	DNA_methylase	PF00145.23	1.2e-11
Fdam_XP_010603160.1	411	543	DNA_methylase	PF00145.23	1.2e-11
Fdam_XP_010603161.1	411	543	DNA_methylase	PF00145.23	1.2e-11
Hgla_XP_004839174.1	411	543	DNA_methylase	PF00145.23	1.2e-11
Hgla_XP_021109228.1	411	543	DNA_methylase	PF00145.23	1.2e-11
Hgla_XP_021109229.1	411	543	DNA_methylase	PF00145.23	1.2e-11
Hgla_XP_021109230.1	411	543	DNA_methylase	PF00145.23	1.2e-11
Sscr_XP_020941193.1	411	543	DNA_methylase	PF00145.23	1.2e-11
Cdro_XP_010991259.1	411	543	DNA_methylase	PF00145.23	1.2e-11
Vpac_XP_031540699.1	411	543	DNA_methylase	PF00145.23	1.2e-11
Uame_XP_045665241.1	411	543	DNA_methylase	PF00145.23	1.2e-11
Umar_XP_040478899.1	411	543	DNA_methylase	PF00145.23	1.2e-11
Clup_XP_038416884.1	411	543	DNA_methylase	PF00145.23	1.2e-11
Jjac_XP_045005721.1	411	543	DNA_methylase	PF00145.23	1.2e-11
Lcan_XP_030167374.1	411	543	DNA_methylase	PF00145.23	1.2e-11
Mput_XP_012908432.1	411	543	DNA_methylase	PF00145.23	1.2e-11
Nvis_XP_044117897.1	411	543	DNA_methylase	PF00145.23	1.2e-11
Pvam_XP_039743597.1	411	543	DNA_methylase	PF00145.23	1.2e-11
Pvam_XP_039743598.1	411	543	DNA_methylase	PF00145.23	1.2e-11
Ssur_XP_029794043.1	411	543	DNA_methylase	PF00145.23	1.2e-11
Myrmur_XP_029902949.1	562	694	DNA_methylase	PF00145.23	9e-12
Rfer_XP_032981223.1	411	543	DNA_methylase	PF00145.23	1.2e-11
Opri_XP_004582699.1	411	543	DNA_methylase	PF00145.23	1.2e-11
Ttru_XP_033694818.1	411	543	DNA_methylase	PF00145.23	1.2e-11
Ecab_XP_070091880.1	411	543	DNA_methylase	PF00145.23	1.2e-11
Ecab_XP_070091881.1	411	543	DNA_methylase	PF00145.23	1.2e-11
Clan_XP_005400462.1	411	543	DNA_methylase	PF00145.23	1.2e-11
Clan_XP_005400463.1	411	543	DNA_methylase	PF00145.23	1.2e-11
Clan_XP_005400464.1	411	543	DNA_methylase	PF00145.23	1.2e-11
Clan_XP_005400466.1	411	543	DNA_methylase	PF00145.23	1.2e-11
Rnor_NP_001003957.1	411	543	DNA_methylase	PF00145.23	1.2e-11
Rnor_XP_038968596.1	411	543	DNA_methylase	PF00145.23	1.2e-11
Eeur_XP_060042667.1	411	543	DNA_methylase	PF00145.23	1.2e-11
Mmus_NP_714965.1	411	543	DNA_methylase	PF00145.23	1.2e-11
Pmex_XP_014840580.1	1183	1315	DNA_methylase	PF00145.23	2.9e-12
Pmex_XP_014840589.1	1183	1315	DNA_methylase	PF00145.23	2.9e-12
Pmex_XP_014840597.1	1183	1315	DNA_methylase	PF00145.23	2.9e-12
Lcha_XP_064420690.1	546	679	DNA_methylase	PF00145.23	2e-12
Oari_XP_042101819.1	411	543	DNA_methylase	PF00145.23	1.2e-11
Oari_XP_060267931.1	411	543	DNA_methylase	PF00145.23	1.2e-11
Ngal_XP_017657635.1	411	543	DNA_methylase	PF00145.23	1.2e-11
Omel_XP_024147678.1	435	567	DNA_methylase	PF00145.23	1.1e-11
Scivul_ENSSVLP00005027136.1	411	543	DNA_methylase	PF00145.23	1.2e-11
Pcoq_XP_012508000.1	411	543	DNA_methylase	PF00145.23	1.2e-11
Itri_XP_040127345.1	411	543	DNA_methylase	PF00145.23	1.2e-11
Itri_XP_040127346.1	411	543	DNA_methylase	PF00145.23	1.2e-11
Itri_XP_040127347.1	411	543	DNA_methylase	PF00145.23	1.2e-11
Mmar_XP_015335398.1	411	543	DNA_methylase	PF00145.23	1.2e-11
Mmar_XP_048660677.1	411	543	DNA_methylase	PF00145.23	1.2e-11
Upar_XP_026271090.1	411	543	DNA_methylase	PF00145.23	1.2e-11
Upar_XP_026271177.1	411	543	DNA_methylase	PF00145.23	1.2e-11
Psim_ENSPSMP00000007010.1	500	632	DNA_methylase	PF00145.23	5.4e-12
Apol_XP_022066178.2	675	807	DNA_methylase	PF00145.23	1e-11
Pcar_XP_007400909.1	174	544	DNA_methylase	PF00145.23	3.3e-13
Caty_XP_011899735.1	411	543	DNA_methylase	PF00145.23	1.2e-11
Csab_XP_037862581.1	411	543	DNA_methylase	PF00145.23	1.2e-11
Mfas_XP_045225615.1	411	543	DNA_methylase	PF00145.23	1.2e-11
Mfas_XP_045225616.1	411	543	DNA_methylase	PF00145.23	1.2e-11
Mfas_XP_065383374.1	411	543	DNA_methylase	PF00145.23	1.2e-11
Mfas_XP_065383375.1	411	543	DNA_methylase	PF00145.23	1.2e-11
Mfas_XP_065383376.1	411	543	DNA_methylase	PF00145.23	1.2e-11
Mfas_XP_065383377.1	411	543	DNA_methylase	PF00145.23	1.2e-11
Mfas_XP_065383378.1	411	543	DNA_methylase	PF00145.23	1.2e-11
Mfas_XP_065383379.1	411	543	DNA_methylase	PF00145.23	1.2e-11
Mfas_XP_065383380.1	411	543	DNA_methylase	PF00145.23	1.2e-11
Mfas_XP_065383381.1	411	543	DNA_methylase	PF00145.23	1.2e-11
Mnem_XP_070932408.1	411	543	DNA_methylase	PF00145.23	1.2e-11
Mnem_XP_070932409.1	411	543	DNA_methylase	PF00145.23	1.2e-11
Piltep_XP_031790009.1	411	543	DNA_methylase	PF00145.23	1.2e-11
Rrox_XP_030776739.1	411	543	DNA_methylase	PF00145.23	1.2e-11
Rrox_XP_030776740.1	411	543	DNA_methylase	PF00145.23	1.2e-11
Ocun_XP_051696826.1	411	543	DNA_methylase	PF00145.23	1.2e-11
Ocun_XP_069925837.1	411	543	DNA_methylase	PF00145.23	1.2e-11
Ocun_XP_069925838.1	411	543	DNA_methylase	PF00145.23	1.2e-11
Ocun_XP_069925839.1	411	543	DNA_methylase	PF00145.23	1.2e-11
Ocun_XP_069925841.1	411	543	DNA_methylase	PF00145.23	1.2e-11
Cimi_XP_017382593.1	411	543	DNA_methylase	PF00145.23	1.2e-11
Cimi_XP_037593790.1	411	543	DNA_methylase	PF00145.23	1.2e-11
Sbol_XP_039333332.1	411	543	DNA_methylase	PF00145.23	1.2e-11
Cjac_XP_008979287.2	411	543	DNA_methylase	PF00145.23	1.2e-11
Cjac_XP_035128890.2	411	543	DNA_methylase	PF00145.23	1.2e-11
Cjac_XP_035128891.2	411	543	DNA_methylase	PF00145.23	1.2e-11
Anan_XP_064219976.1	411	543	DNA_methylase	PF00145.23	1.2e-11
Anan_XP_064219977.1	411	543	DNA_methylase	PF00145.23	1.2e-11
Anan_XP_064219978.1	411	543	DNA_methylase	PF00145.23	1.2e-11
Anan_XP_064219979.1	411	543	DNA_methylase	PF00145.23	1.2e-11
Otsh_XP_024292705.1	717	849	DNA_methylase	PF00145.23	9.4e-12
Saur_XP_030299888.1	722	854	DNA_methylase	PF00145.23	1.1e-11
Stru_XP_029568775.1	809	941	DNA_methylase	PF00145.23	7.3e-12
Oaur_XP_039459694.1	655	787	DNA_methylase	PF00145.23	1.1e-11
Pmar_XP_032835822.1	621	750	DNA_methylase	PF00145.23	5.4e-11
Lcro_XP_027144572.1	546	678	DNA_methylase	PF00145.23	2.6e-12
Dasnov_XP_004464123.2	558	690	DNA_methylase	PF00145.23	1.2e-11
Marm_XP_026157927.1	704	836	DNA_methylase	PF00145.23	8.2e-12
Pmag_XP_033846340.1	471	603	DNA_methylase	PF00145.23	9.6e-12
Rfer_XP_032981222.1	422	554	DNA_methylase	PF00145.23	1.2e-11
Salsal_XP_045551433.1	502	634	DNA_methylase	PF00145.23	1.3e-11
Hsap_NP_001362748.1	411	543	DNA_methylase	PF00145.23	1.2e-11
Hsap_XP_011530969.1	411	543	DNA_methylase	PF00145.23	1.2e-11
Hsap_XP_016859016.1	411	543	DNA_methylase	PF00145.23	1.2e-11
Hsap_XP_047299552.1	411	543	DNA_methylase	PF00145.23	1.2e-11
Hsap_XP_047299553.1	411	543	DNA_methylase	PF00145.23	1.2e-11
Hsap_XP_047299554.1	411	543	DNA_methylase	PF00145.23	1.2e-11
Nleu_XP_030655284.1	411	543	DNA_methylase	PF00145.23	1.2e-11
Ppan_XP_054964133.1	411	543	DNA_methylase	PF00145.23	1.2e-11
Ptro_XP_063646123.1	411	543	DNA_methylase	PF00145.23	1.2e-11
Ptro_XP_063646124.1	411	543	DNA_methylase	PF00145.23	1.2e-11
Scivul_ENSSVLP00005002829.1	569	701	DNA_methylase	PF00145.23	6.2e-12
Eeur_XP_060042666.1	424	556	DNA_methylase	PF00145.23	1.2e-11
Fdam_XP_010626737.1	541	673	DNA_methylase	PF00145.23	5.9e-12
Anan_XP_012308727.2	424	556	DNA_methylase	PF00145.23	1.2e-11
Sans_XP_016330953.1	693	825	DNA_methylase	PF00145.23	5.1e-12
Caraur_XP_026103569.1	446	578	DNA_methylase	PF00145.23	2.7e-11
Qlob_XP_030956581.1	498	612	DNA_methylase	PF00145.23	1.9e-10
Podmur_XP_028581149.1	697	829	DNA_methylase	PF00145.23	6.4e-12
Mmur_XP_012643587.1	428	560	DNA_methylase	PF00145.23	1.2e-11
Odeg_XP_023566882.1	447	579	DNA_methylase	PF00145.23	1.3e-11
Fexc_FRAEX38873_v2_000119060.1.cds	322	437	DNA_methylase	PF00145.23	1.3e-09
Omel_XP_024147675.1	518	650	DNA_methylase	PF00145.23	1.3e-11
Okis_XP_031692567.1	510	642	DNA_methylase	PF00145.23	1.3e-11
Sscr_NP_001090906.1	411	543	DNA_methylase	PF00145.23	1.2e-11
Dasnov_XP_058142879.1	570	702	DNA_methylase	PF00145.23	1.2e-11
Omyk_XP_036840446.1	510	642	DNA_methylase	PF00145.23	1.3e-11
Nvis_XP_044119181.1	536	668	DNA_methylase	PF00145.23	5.2e-12
Dleu_XP_022430011.1	445	577	DNA_methylase	PF00145.23	1.3e-11
Kfed_Kaladp0037s0156.1.v1.1	480	597	DNA_methylase	PF00145.23	2.3e-11
Kfed_Kaladp0037s0156.2.v1.1	480	597	DNA_methylase	PF00145.23	2.3e-11
Sans_XP_016330950.1	698	830	DNA_methylase	PF00145.23	5.2e-12
Dlab_XP_051266008.1	471	603	DNA_methylase	PF00145.23	4.8e-12
Hapbur_XP_005926024.1	704	836	DNA_methylase	PF00145.23	1.6e-11
Slal_XP_023248791.1	545	677	DNA_methylase	PF00145.23	3e-12
Hapbur_XP_042078300.1	675	807	DNA_methylase	PF00145.23	1.6e-11
Drer_XP_005162085.1	538	668	DNA_methylase	PF00145.23	3e-12
Mzeb_XP_004540289.2	653	785	DNA_methylase	PF00145.23	1.5e-11
Sesind_XP_011097426.1	469	583	DNA_methylase	PF00145.23	2.1e-11
Pkin_XP_023682300.1	666	798	DNA_methylase	PF00145.23	3.6e-12
Umar_XP_040478898.1	437	569	DNA_methylase	PF00145.23	1.3e-11
Phymac_XP_028353015.1	445	577	DNA_methylase	PF00145.23	1.3e-11
Ecab_XP_070091876.1	437	569	DNA_methylase	PF00145.23	1.3e-11
Ecab_XP_070091877.1	437	569	DNA_methylase	PF00145.23	1.3e-11
Ecab_XP_070091878.1	437	569	DNA_methylase	PF00145.23	1.3e-11
Ecab_XP_070091879.1	437	569	DNA_methylase	PF00145.23	1.3e-11
Hgla_XP_021102538.1	555	687	DNA_methylase	PF00145.23	6e-12
Ansbra_ENSABRP00000013050.1	845	977	DNA_methylase	PF00145.23	7.5e-12
Mmon_XP_029088083.1	445	577	DNA_methylase	PF00145.23	1.3e-11
Anocar_NP_001280056.1	574	707	DNA_methylase	PF00145.23	3e-12
Anocar_XP_062833662.1	574	707	DNA_methylase	PF00145.23	3e-12
Okis_XP_031643699.1	698	830	DNA_methylase	PF00145.23	6.3e-12
Btau_XP_059747024.1	437	569	DNA_methylase	PF00145.23	1.3e-11
Oari_XP_042101816.1	437	569	DNA_methylase	PF00145.23	1.3e-11
Cypcar_XP_042634222.1	651	783	DNA_methylase	PF00145.23	4e-11
Ttru_XP_033694819.1	445	577	DNA_methylase	PF00145.23	1.3e-11
Easi_XP_070368559.1	437	569	DNA_methylase	PF00145.23	1.3e-11
Ogar_XP_012659219.1	435	567	DNA_methylase	PF00145.23	1.2e-11
Hapbur_XP_042078299.1	703	835	DNA_methylase	PF00145.23	1.6e-11
Lcal_XP_018516998.1	528	660	DNA_methylase	PF00145.23	2.7e-12
Lcal_XP_050927424.1	528	660	DNA_methylase	PF00145.23	2.7e-12
Lafr_XP_023406272.1	450	582	DNA_methylase	PF00145.23	1.3e-11
Itri_XP_040127348.1	437	569	DNA_methylase	PF00145.23	1.3e-11
Omel_XP_036066391.1	528	660	DNA_methylase	PF00145.23	1.3e-11
Bgru_ENSBGRP00000024870.1	444	576	DNA_methylase	PF00145.23	1.3e-11
Btau_XP_024854136.1	445	577	DNA_methylase	PF00145.23	1.3e-11
Gmax_XP_003524549.1	466	580	DNA_methylase	PF00145.23	3.3e-11
Dclu_XP_028848600.1	531	663	DNA_methylase	PF00145.23	2.7e-12
Dclu_XP_028848601.1	531	663	DNA_methylase	PF00145.23	2.7e-12
Dclu_XP_028848602.1	531	663	DNA_methylase	PF00145.23	2.7e-12
Itri_XP_040131140.1	549	682	DNA_methylase	PF00145.23	4.5e-12
Ngal_XP_008833051.1	581	714	DNA_methylase	PF00145.23	6.6e-12
Psim_ENSPSMP00000007003.1	575	707	DNA_methylase	PF00145.23	6.3e-12
Asat_cds.AVESA.00001b.r3.5Cg0002267.9	279	395	DNA_methylase	PF00145.23	2.5e-09
Lcro_XP_027144571.1	546	678	DNA_methylase	PF00145.23	2.7e-12
Mput_XP_044940006.1	548	680	DNA_methylase	PF00145.23	5.3e-12
Qlob_XP_030956582.1	494	608	DNA_methylase	PF00145.23	1.9e-10
Qlob_XP_030956583.1	477	591	DNA_methylase	PF00145.23	1.8e-10
Psim_ENSPSMP00000007284.1	443	575	DNA_methylase	PF00145.23	1.3e-11
Tatr_XP_020115826.1	187	360	DNA_methylase	PF00145.23	2e-15
Pmag_XP_055088366.1	498	630	DNA_methylase	PF00145.23	1e-11
Rnor_XP_038968595.1	450	582	DNA_methylase	PF00145.23	1.3e-11
Dlab_XP_051266007.1	487	619	DNA_methylase	PF00145.23	4.9e-12
Clan_XP_013378075.1	450	582	DNA_methylase	PF00145.23	1.3e-11
Clan_XP_013378077.1	450	582	DNA_methylase	PF00145.23	1.3e-11
Clan_XP_013378078.1	450	582	DNA_methylase	PF00145.23	1.3e-11
Ccan_XP_020018233.1	450	582	DNA_methylase	PF00145.23	1.3e-11
Fdam_XP_010626735.1	552	684	DNA_methylase	PF00145.23	6e-12
Scivul_ENSSVLP00005027175.1	445	577	DNA_methylase	PF00145.23	1.3e-11
Takrub_XP_011610600.1	470	602	DNA_methylase	PF00145.23	4e-12
Itri_XP_040127344.1	445	577	DNA_methylase	PF00145.23	1.3e-11
Mmar_XP_048660676.1	445	577	DNA_methylase	PF00145.23	1.3e-11
Hbic_XP_024736346.1	85	206	DNA_methylase	PF00145.23	3.6e-13
Cgri_XP_035304096.1	450	582	DNA_methylase	PF00145.23	1.3e-11
Pmex_XP_014832273.1	360	493	DNA_methylase	PF00145.23	4.7e-12
Omel_XP_024147677.1	471	603	DNA_methylase	PF00145.23	1.1e-11
Ocun_XP_051696837.1	445	577	DNA_methylase	PF00145.23	1.3e-11
Piltep_XP_023085692.1	445	577	DNA_methylase	PF00145.23	1.3e-11
Agal_PBK99742.1	85	449	DNA_methylase	PF00145.23	9.6e-15
Cang_XP_011805909.1	445	577	DNA_methylase	PF00145.23	1.3e-11
Csab_XP_007969457.1	445	577	DNA_methylase	PF00145.23	1.3e-11
Mfas_XP_005576457.1	445	577	DNA_methylase	PF00145.23	1.3e-11
Mleu_XP_011828085.1	445	577	DNA_methylase	PF00145.23	1.3e-11
Mmul_XP_014967326.1	445	577	DNA_methylase	PF00145.23	1.3e-11
Mnem_XP_011736401.1	445	577	DNA_methylase	PF00145.23	1.3e-11
Panu_XP_003908407.1	445	577	DNA_methylase	PF00145.23	1.3e-11
Rbie_XP_017732339.1	445	577	DNA_methylase	PF00145.23	1.3e-11
Rrox_XP_030776738.1	445	577	DNA_methylase	PF00145.23	1.3e-11
Tgel_XP_025210353.1	445	577	DNA_methylase	PF00145.23	1.3e-11
Pcoq_XP_012521197.1	577	709	DNA_methylase	PF00145.23	6.3e-12
Sfas_XP_029965946.1	482	614	DNA_methylase	PF00145.23	5e-12
Lcal_XP_018516996.1	545	677	DNA_methylase	PF00145.23	2.7e-12
Lcal_XP_050927423.1	545	677	DNA_methylase	PF00145.23	2.7e-12
Mmar_XP_048667072.1	558	690	DNA_methylase	PF00145.23	8.3e-12
Hapbur_XP_042070394.1	564	696	DNA_methylase	PF00145.23	4.6e-12
Gmor_XP_030211763.1	728	860	DNA_methylase	PF00145.23	4.5e-11
Cust_XP_032911062.1	850	982	DNA_methylase	PF00145.23	7.5e-12
Cust_XP_032911061.1	851	983	DNA_methylase	PF00145.23	7.5e-12
Dlab_XP_051266009.1	518	650	DNA_methylase	PF00145.23	5.2e-12
Oaur_XP_039455221.1	564	696	DNA_methylase	PF00145.23	4.6e-12
Onil_XP_005475142.1	564	696	DNA_methylase	PF00145.23	4.6e-12
Xmac_XP_023196738.1	1183	1315	DNA_methylase	PF00145.23	3.7e-12
Xmac_XP_023196741.1	1183	1315	DNA_methylase	PF00145.23	3.7e-12
Xmac_XP_023196748.1	1183	1315	DNA_methylase	PF00145.23	3.7e-12
Ailmel_XP_034496582.1	534	666	DNA_methylase	PF00145.23	5.2e-12
Marm_XP_026157936.1	703	835	DNA_methylase	PF00145.23	8.1e-12
Hsub_KJA28041.1	145	512	DNA_methylase	PF00145.23	7.4e-15
Ogar_XP_023367618.1	452	584	DNA_methylase	PF00145.23	1.3e-11
Hgla_XP_021102535.1	579	711	DNA_methylase	PF00145.23	6.3e-12
Hgla_XP_021102536.1	579	711	DNA_methylase	PF00145.23	6.3e-12
Hgla_XP_021102537.1	579	711	DNA_methylase	PF00145.23	6.3e-12
Itri_XP_040131139.1	587	720	DNA_methylase	PF00145.23	4.9e-12
Onil_XP_019201364.1	564	696	DNA_methylase	PF00145.23	4.2e-12
Vvul_XP_025865673.1	516	648	DNA_methylase	PF00145.23	5e-12
Lafr_XP_010589907.1	557	689	DNA_methylase	PF00145.23	5.3e-12
Ggor_XP_030863782.1	445	577	DNA_methylase	PF00145.23	1.3e-11
Hsap_NP_715640.2	445	577	DNA_methylase	PF00145.23	1.3e-11
Pabe_XP_024098141.1	445	577	DNA_methylase	PF00145.23	1.3e-11
Ppan_XP_003827091.1	445	577	DNA_methylase	PF00145.23	1.3e-11
Ptro_XP_001148731.1	445	577	DNA_methylase	PF00145.23	1.3e-11
Pnye_XP_013767367.1	564	696	DNA_methylase	PF00145.23	4.3e-12
Chequi_XP_021766180.1	482	599	DNA_methylase	PF00145.23	2.5e-12
Sfas_XP_029965945.1	518	650	DNA_methylase	PF00145.23	5.4e-12
Astcal_XP_025998694.1	564	696	DNA_methylase	PF00145.23	4.3e-12
Hapbur_XP_042070393.1	564	696	DNA_methylase	PF00145.23	4.3e-12
Nvis_XP_044119182.1	516	648	DNA_methylase	PF00145.23	5e-12
Itri_XP_040127343.1	458	590	DNA_methylase	PF00145.23	1.3e-11
Ppar_XP_019314348.1	548	680	DNA_methylase	PF00145.23	5.3e-12
Ogar_XP_003788139.1	557	689	DNA_methylase	PF00145.23	6.1e-12
Acyg_XP_047909379.2	886	1018	DNA_methylase	PF00145.23	7.9e-12
Camy_XP_018991649.1	447	808	DNA_methylase	PF00145.23	5.5e-15
Uthi_ENSUTTP00000015893.1	578	710	DNA_methylase	PF00145.23	5.6e-12
Olat_XP_011490296.1	434	566	DNA_methylase	PF00145.23	1e-11
Sbol_XP_010344091.1	458	590	DNA_methylase	PF00145.23	1.3e-11
Zcal_XP_027479974.1	578	710	DNA_methylase	PF00145.23	5.6e-12
Cjac_XP_008979286.2	458	590	DNA_methylase	PF00145.23	1.3e-11
Fhet_XP_036003104.1	565	696	DNA_methylase	PF00145.23	7e-12
Anan_XP_012308726.2	458	590	DNA_methylase	PF00145.23	1.3e-11
Nvis_XP_044119178.1	578	710	DNA_methylase	PF00145.23	5.6e-12
Nvis_XP_044119180.1	578	710	DNA_methylase	PF00145.23	5.6e-12
Nvis_XP_044119183.1	578	710	DNA_methylase	PF00145.23	5.6e-12
Mfas_XP_005576455.1	458	590	DNA_methylase	PF00145.23	1.3e-11
Mmul_XP_014967325.1	458	590	DNA_methylase	PF00145.23	1.3e-11
Mnem_XP_011736400.1	458	590	DNA_methylase	PF00145.23	1.3e-11
Piltep_XP_023085691.1	458	590	DNA_methylase	PF00145.23	1.3e-11
Csab_XP_007969456.1	458	590	DNA_methylase	PF00145.23	1.3e-11
Panu_XP_009182067.1	458	590	DNA_methylase	PF00145.23	1.3e-11
Rbie_XP_017732338.1	458	590	DNA_methylase	PF00145.23	1.3e-11
Rrox_XP_030776737.1	458	590	DNA_methylase	PF00145.23	1.3e-11
Hgla_XP_021102534.1	591	723	DNA_methylase	PF00145.23	6.4e-12
Mpah_XP_029396676.1	474	606	DNA_methylase	PF00145.23	1.4e-11
Csyr_XP_008069134.1	593	725	DNA_methylase	PF00145.23	6.5e-12
Rfer_XP_032981221.1	462	594	DNA_methylase	PF00145.23	1.3e-11
Sfor_XP_018612111.1	536	668	DNA_methylase	PF00145.23	3.5e-12
Mput_XP_044940004.1	578	710	DNA_methylase	PF00145.23	5.6e-12
Mput_XP_044940005.1	578	710	DNA_methylase	PF00145.23	5.6e-12
Mput_XP_044940009.1	578	710	DNA_methylase	PF00145.23	5.6e-12
Mmon_XP_029088077.1	474	606	DNA_methylase	PF00145.23	1.4e-11
Mmon_XP_029088078.1	474	606	DNA_methylase	PF00145.23	1.4e-11
Mmon_XP_029088081.1	474	606	DNA_methylase	PF00145.23	1.4e-11
Phosin_XP_032508220.1	474	606	DNA_methylase	PF00145.23	1.4e-11
Vpac_XP_015097532.1	474	606	DNA_methylase	PF00145.23	1.4e-11
Pmag_XP_055088364.1	542	674	DNA_methylase	PF00145.23	1.1e-11
Ngal_XP_029420236.1	561	694	DNA_methylase	PF00145.23	6.4e-12
Btau_XP_059747027.1	411	543	DNA_methylase	PF00145.23	1.3e-11
Aper_ENSAPEP00000013584.1	666	798	DNA_methylase	PF00145.23	9.1e-12
Lcro_XP_027139779.1	565	697	DNA_methylase	PF00145.23	5.3e-12
Hgla_XP_021102533.1	597	729	DNA_methylase	PF00145.23	6.5e-12
Omel_XP_024147670.1	563	695	DNA_methylase	PF00145.23	1.4e-11
Sluc_XP_031178208.1	470	602	DNA_methylase	PF00145.23	6e-12
Neomel_ENSNMLP00000007628.1	515	647	DNA_methylase	PF00145.23	2.5e-12
Csyr_XP_008069135.1	567	699	DNA_methylase	PF00145.23	6.2e-12
Ogar_XP_012659218.1	465	597	DNA_methylase	PF00145.23	1.3e-11
Dste_EWC46566.1	331	512	DNA_methylase	PF00145.23	4.3e-15
Umar_XP_040478900.1	474	606	DNA_methylase	PF00145.23	1.4e-11
Omel_XP_024147669.1	564	696	DNA_methylase	PF00145.23	1.4e-11
Fdam_XP_010626733.1	582	714	DNA_methylase	PF00145.23	6.3e-12
Ccan_XP_020041803.1	554	686	DNA_methylase	PF00145.23	6.2e-12
Rnor_XP_063118331.1	474	606	DNA_methylase	PF00145.23	1.4e-11
Pleo_XP_042787200.1	528	660	DNA_methylase	PF00145.23	5.1e-12
Ptig_XP_042836572.1	528	660	DNA_methylase	PF00145.23	5.1e-12
Takrub_XP_011610599.1	517	649	DNA_methylase	PF00145.23	4.4e-12
Opri_XP_058524170.1	474	606	DNA_methylase	PF00145.23	1.4e-11
Opri_XP_058524171.1	474	606	DNA_methylase	PF00145.23	1.4e-11
Opri_XP_058524172.1	474	606	DNA_methylase	PF00145.23	1.4e-11
Lcro_XP_027139781.1	487	619	DNA_methylase	PF00145.23	4.7e-12
Cjac_XP_008979288.2	474	606	DNA_methylase	PF00145.23	1.4e-11
Cjac_XP_035128889.2	474	606	DNA_methylase	PF00145.23	1.4e-11
Mmur_XP_012610401.1	555	687	DNA_methylase	PF00145.23	6e-12
Fdam_XP_010626732.1	586	718	DNA_methylase	PF00145.23	6.4e-12
Mmol_ENSMMOP00000011852.1	1187	1320	DNA_methylase	PF00145.23	1.8e-12
Ggor_XP_055233560.1	458	590	DNA_methylase	PF00145.23	1.3e-11
Hsap_XP_011530968.1	458	590	DNA_methylase	PF00145.23	1.3e-11
Pabe_XP_024098140.1	458	590	DNA_methylase	PF00145.23	1.3e-11
Ppan_XP_008950659.1	458	590	DNA_methylase	PF00145.23	1.3e-11
Ptro_XP_009440426.1	458	590	DNA_methylase	PF00145.23	1.3e-11
Fdam_XP_010626734.1	574	706	DNA_methylase	PF00145.23	6.2e-12
Mput_XP_044940003.1	590	722	DNA_methylase	PF00145.23	5.7e-12
Acyg_XP_047909380.2	863	995	DNA_methylase	PF00145.23	7.6e-12
Psim_ENSPSMP00000006990.1	567	699	DNA_methylase	PF00145.23	6.2e-12
Fdam_XP_010626731.1	592	724	DNA_methylase	PF00145.23	6.4e-12
Mnem_XP_070932407.1	474	606	DNA_methylase	PF00145.23	1.4e-11
Panu_XP_031510865.1	474	606	DNA_methylase	PF00145.23	1.4e-11
Piltep_XP_023085693.1	474	606	DNA_methylase	PF00145.23	1.4e-11
Rbie_XP_017732340.1	474	606	DNA_methylase	PF00145.23	1.4e-11
Ocun_XP_051696848.1	474	606	DNA_methylase	PF00145.23	1.4e-11
Ocun_XP_069925840.1	474	606	DNA_methylase	PF00145.23	1.4e-11
Pcoq_XP_012521198.1	569	701	DNA_methylase	PF00145.23	6.2e-12
Fdam_XP_010626729.1	594	726	DNA_methylase	PF00145.23	6.5e-12
Olon_KN539184.1_FGP002	22	88	DNA_methylase	PF00145.23	2.8e-15
Ipun_XP_017310738.2	635	767	DNA_methylase	PF00145.23	1.9e-11
Hgla_XP_021102541.1	571	703	DNA_methylase	PF00145.23	6.2e-12
Cwin_XP_019033333.1	449	808	DNA_methylase	PF00145.23	5.6e-15
Lafr_XP_064151191.1	481	613	DNA_methylase	PF00145.23	1.4e-11
Sscr_XP_020941192.1	477	609	DNA_methylase	PF00145.23	1.4e-11
Jjac_XP_045013300.1	473	605	DNA_methylase	PF00145.23	1.1e-11
Phatri_XP_002179364.1	407	583	DNA_methylase	PF00145.23	1e-14
Takrub_XP_029705087.1	527	659	DNA_methylase	PF00145.23	4.5e-12
Fdam_XP_010626730.1	594	726	DNA_methylase	PF00145.23	6.5e-12
Lcan_XP_032448474.1	578	710	DNA_methylase	PF00145.23	5.6e-12
Lafr_XP_023405914.1	585	717	DNA_methylase	PF00145.23	5.6e-12
Hgla_XP_004868010.1	577	709	DNA_methylase	PF00145.23	6.3e-12
Saur_XP_030261437.1	564	696	DNA_methylase	PF00145.23	5.8e-12
Fcat_XP_019682215.1	578	710	DNA_methylase	PF00145.23	5.6e-12
Fcat_XP_023107101.1	578	710	DNA_methylase	PF00145.23	5.6e-12
Fcat_XP_044909681.1	578	710	DNA_methylase	PF00145.23	5.6e-12
Ppar_XP_019314342.1	578	710	DNA_methylase	PF00145.23	5.6e-12
Ppar_XP_019314343.1	578	710	DNA_methylase	PF00145.23	5.6e-12
Ppar_XP_019314344.1	578	710	DNA_methylase	PF00145.23	5.6e-12
Ppar_XP_053746324.1	578	710	DNA_methylase	PF00145.23	5.6e-12
Ppar_XP_053746325.1	578	710	DNA_methylase	PF00145.23	5.6e-12
Ppar_XP_053746326.1	578	710	DNA_methylase	PF00145.23	5.6e-12
Clup_XP_038427905.1	534	666	DNA_methylase	PF00145.23	5.2e-12
Cann_XP_016580037.1	482	596	DNA_methylase	PF00145.23	3e-11
Saur_XP_030261435.1	568	700	DNA_methylase	PF00145.23	5.8e-12
Fcat_XP_044909682.1	572	704	DNA_methylase	PF00145.23	5.5e-12
Stub_XP_006346949.1	478	593	DNA_methylase	PF00145.23	2.2e-11
Itri_XP_040127342.1	479	611	DNA_methylase	PF00145.23	1.4e-11
Msp.MG133_RYP38730.1	183	256	DNA_methylase	PF00145.23	7.2e-06
Msp.MG133_RYP38730.1	309	608	DNA_methylase	PF00145.23	8.6e-07
Piltep_XP_023085689.1	477	609	DNA_methylase	PF00145.23	1.4e-11
Vvul_XP_025865672.1	558	690	DNA_methylase	PF00145.23	5.4e-12
Hsap_XP_047280654.1	26	303	DNA_methylase	PF00145.23	3.4e-15
Bmin_symbB.v1.2.001781.t2|scaffold95.1|size600632|29	1853	1967	DNA_methylase	PF00145.23	9.2e-15
Pabe_XP_054404259.1	474	606	DNA_methylase	PF00145.23	1.4e-11
Msp.CRB83_RYP79246.1	183	255	DNA_methylase	PF00145.23	1e-05
Msp.CRB83_RYP79246.1	309	606	DNA_methylase	PF00145.23	7e-07
Myrmur_XP_029900994.1	745	877	DNA_methylase	PF00145.23	1.1e-11
Bmin_symbB.v1.2.001781.t1|scaffold95.1|size600632|29	1860	1974	DNA_methylase	PF00145.23	9.2e-15
Pmag_XP_033846337.1	564	696	DNA_methylase	PF00145.23	1.1e-11
Hsap_XP_047299550.1	474	606	DNA_methylase	PF00145.23	1.4e-11
Ptro_XP_054533706.1	474	606	DNA_methylase	PF00145.23	1.4e-11
Clan_XP_005400460.1	491	623	DNA_methylase	PF00145.23	1.4e-11
Dlab_XP_051266006.1	539	671	DNA_methylase	PF00145.23	5.5e-12
Omel_XP_024126314.1	526	658	DNA_methylase	PF00145.23	2.4e-12
Gmor_XP_030216651.1	531	663	DNA_methylase	PF00145.23	4.5e-12
Gmor_XP_030216652.1	531	663	DNA_methylase	PF00145.23	4.5e-12
Mmur_XP_020144235.1	481	613	DNA_methylase	PF00145.23	1.4e-11
Sbol_XP_039333334.1	482	614	DNA_methylase	PF00145.23	1.4e-11
Serdum_XP_022605886.1	673	805	DNA_methylase	PF00145.23	1.8e-11
Cjac_XP_017819986.3	482	614	DNA_methylase	PF00145.23	1.4e-11
Cimi_XP_017382610.1	482	614	DNA_methylase	PF00145.23	1.4e-11
Anan_XP_012308725.2	482	614	DNA_methylase	PF00145.23	1.4e-11
Clup_XP_038427904.1	558	690	DNA_methylase	PF00145.23	5.4e-12
Lcro_XP_027139777.1	570	702	DNA_methylase	PF00145.23	5.3e-12
Lcan_XP_032448472.1	558	690	DNA_methylase	PF00145.23	5.4e-12
Bbot_KDQ17696.1	122	292	DNA_methylase	PF00145.23	5.4e-14
Fhet_XP_012727017.2	709	838	DNA_methylase	PF00145.23	8.9e-11
Rbie_XP_017732337.1	482	614	DNA_methylase	PF00145.23	1.4e-11
Rrox_XP_030776736.1	482	614	DNA_methylase	PF00145.23	1.4e-11
Pleo_XP_042787195.1	558	690	DNA_methylase	PF00145.23	5.4e-12
Pleo_XP_042787196.1	558	690	DNA_methylase	PF00145.23	5.4e-12
Pleo_XP_042787197.1	558	690	DNA_methylase	PF00145.23	5.4e-12
Pleo_XP_042787198.1	558	690	DNA_methylase	PF00145.23	5.4e-12
Ptig_XP_042836567.1	558	690	DNA_methylase	PF00145.23	5.4e-12
Ptig_XP_042836569.1	558	690	DNA_methylase	PF00145.23	5.4e-12
Ptig_XP_042836570.1	558	690	DNA_methylase	PF00145.23	5.4e-12
Ptig_XP_042836577.1	558	690	DNA_methylase	PF00145.23	5.4e-12
Caty_XP_011899734.1	482	614	DNA_methylase	PF00145.23	1.4e-11
Csab_XP_007969455.1	482	614	DNA_methylase	PF00145.23	1.4e-11
Mfas_XP_005576453.1	482	614	DNA_methylase	PF00145.23	1.4e-11
Mmul_XP_028687756.1	482	614	DNA_methylase	PF00145.23	1.4e-11
Mnem_XP_011736399.1	482	614	DNA_methylase	PF00145.23	1.4e-11
Panu_XP_009182066.1	482	614	DNA_methylase	PF00145.23	1.4e-11
Piltep_XP_023085687.1	482	614	DNA_methylase	PF00145.23	1.4e-11
Tgel_XP_025210352.1	482	614	DNA_methylase	PF00145.23	1.4e-11
Ailmel_XP_034496580.1	558	690	DNA_methylase	PF00145.23	5.4e-12
Ailmel_XP_034496581.1	558	690	DNA_methylase	PF00145.23	5.4e-12
Bcin_XP_024550790.1	118	506	DNA_methylase	PF00145.23	8.8e-15
Fcat_XP_019682213.1	590	722	DNA_methylase	PF00145.23	5.7e-12
Ppar_XP_019314341.1	590	722	DNA_methylase	PF00145.23	5.7e-12
Aave_KAE8151156.1	143	308	DNA_methylase	PF00145.23	4.6e-15
Ipun_XP_017310709.2	654	786	DNA_methylase	PF00145.23	1.9e-11
Mmur_XP_012610402.1	630	762	DNA_methylase	PF00145.23	6.9e-12
Pvam_XP_039720005.1	517	649	DNA_methylase	PF00145.23	5.6e-12
Pvam_XP_039720006.1	517	649	DNA_methylase	PF00145.23	5.6e-12
Nvis_XP_044119184.1	558	690	DNA_methylase	PF00145.23	5.4e-12
Itri_XP_021578928.2	567	700	DNA_methylase	PF00145.23	4.7e-12
Hcom_XP_019747155.1	530	663	DNA_methylase	PF00145.23	3.3e-12
Dlab_XP_051266003.1	564	696	DNA_methylase	PF00145.23	5.7e-12
Mput_XP_044940010.1	558	690	DNA_methylase	PF00145.23	5.4e-12
Ggor_XP_030863783.2	477	609	DNA_methylase	PF00145.23	1.4e-11
Pabe_XP_054404260.2	477	609	DNA_methylase	PF00145.23	1.4e-11
Ppan_XP_034808639.2	477	609	DNA_methylase	PF00145.23	1.4e-11
Ptro_XP_054533708.1	477	609	DNA_methylase	PF00145.23	1.4e-11
Pcol_XP_031451859.1	925	1057	DNA_methylase	PF00145.23	8.2e-12
Sans_XP_016320533.1	1143	1271	DNA_methylase	PF00145.23	3.6e-12
Ssur_XP_029774747.1	558	690	DNA_methylase	PF00145.23	5.4e-12
Csem_XP_016891737.1	545	678	DNA_methylase	PF00145.23	2.9e-12
Smax_XP_035472843.1	565	697	DNA_methylase	PF00145.23	6.3e-12
Zcal_XP_027479975.1	558	690	DNA_methylase	PF00145.23	5.4e-12
Caraur_XP_026100215.1	503	636	DNA_methylase	PF00145.23	4.2e-12
Bvul_XP_057248503.1	447	564	DNA_methylase	PF00145.23	2.7e-12
Pvam_XP_039720003.1	535	667	DNA_methylase	PF00145.23	5.8e-12
Pabe_XP_054404258.1	486	618	DNA_methylase	PF00145.23	1.4e-11
Sfor_XP_018594553.2	533	666	DNA_methylase	PF00145.23	1.1e-11
Sfor_XP_029107574.1	533	666	DNA_methylase	PF00145.23	1.1e-11
Sfor_XP_029107575.1	533	666	DNA_methylase	PF00145.23	1.1e-11
Sfor_XP_029107576.1	533	666	DNA_methylase	PF00145.23	1.1e-11
Acom_XP_020093428.1	471	585	DNA_methylase	PF00145.23	3.1e-10
Ocun_XP_051696818.1	498	630	DNA_methylase	PF00145.23	1.4e-11
Ggor_XP_030863784.1	482	614	DNA_methylase	PF00145.23	1.4e-11
Hsap_NP_001307822.1	482	614	DNA_methylase	PF00145.23	1.4e-11
Pabe_XP_024098138.1	482	614	DNA_methylase	PF00145.23	1.4e-11
Ppan_XP_008950658.1	482	614	DNA_methylase	PF00145.23	1.4e-11
Ptro_XP_009440424.1	482	614	DNA_methylase	PF00145.23	1.4e-11
Fcat_XP_006929912.2	570	702	DNA_methylase	PF00145.23	5.5e-12
Pleo_XP_042787194.1	570	702	DNA_methylase	PF00145.23	5.5e-12
Ppar_XP_019314346.1	570	702	DNA_methylase	PF00145.23	5.5e-12
Ptig_XP_042836566.1	570	702	DNA_methylase	PF00145.23	5.5e-12
Olat_XP_020570187.1	471	603	DNA_methylase	PF00145.23	1.1e-11
Ailmel_XP_019654206.1	570	702	DNA_methylase	PF00145.23	5.5e-12
Pcol_XP_031451860.1	902	1034	DNA_methylase	PF00145.23	8e-12
Uthi_ENSUTTP00000015861.1	570	702	DNA_methylase	PF00145.23	5.5e-12
Smax_XP_035500986.1	1174	1306	DNA_methylase	PF00145.23	1.2e-12
Olat_XP_020570186.1	518	650	DNA_methylase	PF00145.23	1.3e-11
Sluc_XP_031178207.1	508	640	DNA_methylase	PF00145.23	6.4e-12
Sluc_XP_035851678.1	508	640	DNA_methylase	PF00145.23	6.4e-12
Lcro_XP_027139771.1	586	718	DNA_methylase	PF00145.23	5.5e-12
Oaur_XP_039459693.1	704	836	DNA_methylase	PF00145.23	1.2e-11
Mput_XP_004746698.1	570	702	DNA_methylase	PF00145.23	5.5e-12
Sspo_Sspon.03G0016990-3C-mRNA-1:cds	479	596	DNA_methylase	PF00145.23	3.1e-10
Ipun_XP_017310682.2	669	801	DNA_methylase	PF00145.23	2e-11
Aoce_XP_023127420.2	667	799	DNA_methylase	PF00145.23	9.1e-12
Stepar_XP_008285675.1	731	863	DNA_methylase	PF00145.23	1.2e-11
Otsh_XP_042181178.1	702	834	DNA_methylase	PF00145.23	6.3e-12
Slal_XP_023270990.1	569	701	DNA_methylase	PF00145.23	5.6e-12
Vvul_XP_025865678.1	578	710	DNA_methylase	PF00145.23	5.6e-12
Dlab_XP_051265999.1	580	712	DNA_methylase	PF00145.23	5.9e-12
Hcom_XP_019747153.1	535	668	DNA_methylase	PF00145.23	3.4e-12
Pmag_XP_055088363.1	591	723	DNA_methylase	PF00145.23	1.2e-11
Clup_XP_038427899.1	576	708	DNA_methylase	PF00145.23	5.6e-12
Clup_XP_038427900.1	576	708	DNA_methylase	PF00145.23	5.6e-12
Clup_XP_038427901.1	576	708	DNA_methylase	PF00145.23	5.6e-12
Clup_XP_038427902.1	576	708	DNA_methylase	PF00145.23	5.6e-12
Pman_XP_042123209.1	411	543	DNA_methylase	PF00145.23	1.2e-11
Dbis_THV02481.1	121	484	DNA_methylase	PF00145.23	8e-15
Llei_ENSLLEP00000015645.1	557	689	DNA_methylase	PF00145.23	1.7e-11
Sfas_XP_029965943.1	575	707	DNA_methylase	PF00145.23	6e-12
Msco_XP_018066189.1	387	713	DNA_methylase	PF00145.23	5.1e-15
Takrub_XP_011610596.1	563	695	DNA_methylase	PF00145.23	4.8e-12
Takrub_XP_011610597.1	563	695	DNA_methylase	PF00145.23	4.8e-12
Anis_ENSANIP00000024027.1	695	827	DNA_methylase	PF00145.23	6.1e-12
Lcan_XP_030176334.1	46	300	DNA_methylase	PF00145.23	3.9e-15
Lcro_XP_027139780.1	540	672	DNA_methylase	PF00145.23	5.2e-12
Dlab_XP_051266001.1	569	701	DNA_methylase	PF00145.23	5.8e-12
Vbra_CEM05273.1	1006	1141	DNA_methylase	PF00145.23	7.7e-15
Upar_XP_026257862.1	570	703	DNA_methylase	PF00145.23	4.7e-12
Symmic_OLQ01436.1	89	249	DNA_methylase	PF00145.23	3.9e-15
Sluc_XP_031178206.1	522	654	DNA_methylase	PF00145.23	6.6e-12
Omel_XP_024147672.1	564	696	DNA_methylase	PF00145.23	1.3e-11
Stepar_XP_008277236.1	564	697	DNA_methylase	PF00145.23	5.3e-12
Oaur_XP_039459695.1	655	787	DNA_methylase	PF00145.23	1e-11
Rfer_XP_032950179.1	558	690	DNA_methylase	PF00145.23	6.1e-12
Btau_XP_059747025.1	474	606	DNA_methylase	PF00145.23	1.5e-11
Btau_XP_059747026.1	474	606	DNA_methylase	PF00145.23	1.5e-11
Lber_XP_020491467.2	1189	1322	DNA_methylase	PF00145.23	1.5e-12
Bspl_XP_055362464.1	581	713	DNA_methylase	PF00145.23	6.4e-12
Lpol_XP_022246329.1	691	824	DNA_methylase	PF00145.23	5e-14
Aoce_XP_035799523.1	564	697	DNA_methylase	PF00145.23	5.3e-12
Pvam_XP_039719999.1	559	691	DNA_methylase	PF00145.23	6.1e-12
Pvam_XP_039720000.1	559	691	DNA_methylase	PF00145.23	6.1e-12
Pvam_XP_039720001.1	559	691	DNA_methylase	PF00145.23	6.1e-12
Pvam_XP_039720002.1	559	691	DNA_methylase	PF00145.23	6.1e-12
Fcat_XP_044909680.1	594	726	DNA_methylase	PF00145.23	5.8e-12
Caty_XP_011899733.1	522	654	DNA_methylase	PF00145.23	1.5e-11
Mmur_XP_012610399.1	600	732	DNA_methylase	PF00145.23	6.5e-12
Dlab_XP_051265998.1	581	713	DNA_methylase	PF00145.23	5.9e-12
Calmil_XP_007883124.1	523	655	DNA_methylase	PF00145.23	1.3e-13
Caraur_XP_026103568.1	570	702	DNA_methylase	PF00145.23	3.5e-11
Cpor_XP_063087454.1	411	543	DNA_methylase	PF00145.23	1.5e-11
Cpor_XP_063087455.1	411	543	DNA_methylase	PF00145.23	1.5e-11
Cpor_XP_063087457.1	411	543	DNA_methylase	PF00145.23	1.5e-11
Opri_XP_058535601.1	527	659	DNA_methylase	PF00145.23	4.8e-12
Oaur_XP_031582948.1	704	836	DNA_methylase	PF00145.23	1.1e-11
Onil_XP_005477315.1	704	836	DNA_methylase	PF00145.23	1.1e-11
Uame_XP_045662875.1	599	731	DNA_methylase	PF00145.23	5.8e-12
Umar_XP_040494097.1	599	731	DNA_methylase	PF00145.23	5.8e-12
Dlab_XP_051265996.1	585	717	DNA_methylase	PF00145.23	5.9e-12
Dlab_XP_051265997.1	585	717	DNA_methylase	PF00145.23	5.9e-12
Neomel_ENSNMLP00000038022.1	648	780	DNA_methylase	PF00145.23	9e-12
Llei_ENSLLEP00000015434.1	584	716	DNA_methylase	PF00145.23	1.7e-11
Lcro_XP_027139773.1	581	713	DNA_methylase	PF00145.23	5.6e-12
Lafr_XP_064151190.1	571	703	DNA_methylase	PF00145.23	1.6e-11
Sluc_XP_031178205.1	563	695	DNA_methylase	PF00145.23	7.2e-12
Asat_cds.AVESA.00001b.r3.5Cg0002267.10	318	434	DNA_methylase	PF00145.23	2.9e-09
Asat_cds.AVESA.00001b.r3.5Cg0002267.11	318	434	DNA_methylase	PF00145.23	2.9e-09
Asat_cds.AVESA.00001b.r3.5Cg0002267.2	318	434	DNA_methylase	PF00145.23	2.9e-09
Asat_cds.AVESA.00001b.r3.5Cg0002267.4	318	434	DNA_methylase	PF00145.23	2.9e-09
Asat_cds.AVESA.00001b.r3.5Cg0002267.6	318	434	DNA_methylase	PF00145.23	2.9e-09
Llat_ENSLLTP00000002464.1	485	618	DNA_methylase	PF00145.23	5.6e-12
Mfas_XP_005576458.4	535	667	DNA_methylase	PF00145.23	1.5e-11
Mmul_XP_014967327.2	535	667	DNA_methylase	PF00145.23	1.5e-11
Mmul_XP_028687755.1	535	667	DNA_methylase	PF00145.23	1.5e-11
Zcal_XP_035584669.1	437	569	DNA_methylase	PF00145.23	1.5e-11
Lcro_XP_027139774.1	570	702	DNA_methylase	PF00145.23	5.5e-12
Csab_XP_037862579.1	535	667	DNA_methylase	PF00145.23	1.5e-11
Csab_XP_037862580.1	535	667	DNA_methylase	PF00145.23	1.5e-11
Opri_XP_058535600.1	560	692	DNA_methylase	PF00145.23	5.1e-12
Cimi_XP_017382581.1	578	710	DNA_methylase	PF00145.23	1.6e-11
Ates_XP_026196702.1	565	697	DNA_methylase	PF00145.23	6.4e-12
Pnat_XP_037393966.1	648	780	DNA_methylase	PF00145.23	3.8e-12
Lafr_XP_023406269.1	557	689	DNA_methylase	PF00145.23	1.6e-11
Sscr_XP_020941191.1	557	689	DNA_methylase	PF00145.23	1.6e-11
Zcal_XP_035584667.1	450	582	DNA_methylase	PF00145.23	1.6e-11
Mpah_XP_029396675.1	556	688	DNA_methylase	PF00145.23	1.6e-11
Enau_XP_029351751.1	580	712	DNA_methylase	PF00145.23	5.5e-12
Ggor_XP_018876858.2	535	667	DNA_methylase	PF00145.23	1.5e-11
Hsap_XP_047299548.1	535	667	DNA_methylase	PF00145.23	1.5e-11
Mung_XP_060221212.1	556	688	DNA_methylase	PF00145.23	1.6e-11
Mung_XP_060221214.1	556	688	DNA_methylase	PF00145.23	1.6e-11
Olat_XP_011490292.1	564	696	DNA_methylase	PF00145.23	1.4e-11
Rchi_XP_040370785.1	454	568	DNA_methylase	PF00145.23	2.6e-09
Lcro_XP_027139772.1	582	714	DNA_methylase	PF00145.23	5.6e-12
Mmon_XP_029088075.1	557	689	DNA_methylase	PF00145.23	1.6e-11
Mmon_XP_029088076.1	557	689	DNA_methylase	PF00145.23	1.6e-11
Cvar_XP_015227247.1	522	654	DNA_methylase	PF00145.23	1.2e-11
Pcin_XP_020846480.1	551	683	DNA_methylase	PF00145.23	6.6e-12
Ttru_XP_033694817.1	557	689	DNA_methylase	PF00145.23	1.6e-11
Jjac_XP_045013299.1	519	651	DNA_methylase	PF00145.23	1.3e-11
Abis_XP_006461865.1	270	608	DNA_methylase	PF00145.23	1.4e-13
Chir_XP_017911041.1	557	689	DNA_methylase	PF00145.23	1.6e-11
Chir_XP_017911042.1	557	689	DNA_methylase	PF00145.23	1.6e-11
Oari_XP_012021416.1	557	689	DNA_methylase	PF00145.23	1.6e-11
Oari_XP_042101817.1	557	689	DNA_methylase	PF00145.23	1.6e-11
Oari_XP_042101818.1	557	689	DNA_methylase	PF00145.23	1.6e-11
Gwil_XP_028309096.1	1121	1253	DNA_methylase	PF00145.23	1.8e-12
Seccer_SECCE6Rv1G0382790.1.CDS.1	224	338	DNA_methylase	PF00145.23	4e-10
Ebur_ENSEBUP00000009648.1	160	293	DNA_methylase	PF00145.23	4.2e-15
Lcro_XP_027139767.1	586	718	DNA_methylase	PF00145.23	5.6e-12
Lcro_XP_027139768.1	586	718	DNA_methylase	PF00145.23	5.6e-12
Lcro_XP_027139769.1	586	718	DNA_methylase	PF00145.23	5.6e-12
Lcro_XP_027139770.1	586	718	DNA_methylase	PF00145.23	5.6e-12
Opri_XP_004585778.2	572	704	DNA_methylase	PF00145.23	5.2e-12
Sluc_XP_031139820.1	547	679	DNA_methylase	PF00145.23	3.5e-12
Achr_XP_040984696.1	1024	1156	DNA_methylase	PF00145.23	9.1e-12
Mmur_XP_012610396.1	642	774	DNA_methylase	PF00145.23	7e-12
Mmur_XP_012610397.1	642	774	DNA_methylase	PF00145.23	7e-12
Mmur_XP_012610398.1	642	774	DNA_methylase	PF00145.23	7e-12
Easi_XP_070368558.1	557	689	DNA_methylase	PF00145.23	1.6e-11
Ecab_XP_023475163.1	557	689	DNA_methylase	PF00145.23	1.6e-11
Ecab_XP_070091874.1	557	689	DNA_methylase	PF00145.23	1.6e-11
Ecab_XP_070091875.1	557	689	DNA_methylase	PF00145.23	1.6e-11
Neomel_ENSNMLP00000038053.1	694	826	DNA_methylase	PF00145.23	9.7e-12
Ojav_RVE71164.1	600	732	DNA_methylase	PF00145.23	2.7e-12
Sluc_XP_031178203.1	568	700	DNA_methylase	PF00145.23	7.2e-12
Sluc_XP_031178204.1	568	700	DNA_methylase	PF00145.23	7.2e-12
Olon_KN539358.1_FGP005	451	566	DNA_methylase	PF00145.23	8.8e-11
Mmur_XP_012610395.1	646	778	DNA_methylase	PF00145.23	7e-12
Eluc_XP_019907661.2	1196	1329	DNA_methylase	PF00145.23	3.4e-12
Bspl_XP_029012756.1	1160	1292	DNA_methylase	PF00145.23	2.3e-12
Drer_XP_009294992.1	538	671	DNA_methylase	PF00145.23	1.6e-13
Ipun_XP_017332331.1	696	825	DNA_methylase	PF00145.23	1.5e-11
Pcer_TFK64107.1	128	494	DNA_methylase	PF00145.23	1.1e-14
Marm_XP_026174878.1	569	701	DNA_methylase	PF00145.23	6.4e-12
Eluc_XP_019907659.2	1220	1353	DNA_methylase	PF00145.23	3.5e-12
Cpor_XP_063087452.1	450	582	DNA_methylase	PF00145.23	1.6e-11
Cpor_XP_063087453.1	450	582	DNA_methylase	PF00145.23	1.6e-11
Oabi_XP_012282161.1	505	636	DNA_methylase	PF00145.23	9.4e-13
Mnem_XP_070932405.1	557	689	DNA_methylase	PF00145.23	1.6e-11
Mnem_XP_070932406.1	557	689	DNA_methylase	PF00145.23	1.6e-11
Mfas_XP_065383373.1	557	689	DNA_methylase	PF00145.23	1.6e-11
Mmul_XP_028687754.1	557	689	DNA_methylase	PF00145.23	1.6e-11
Panu_XP_031510861.1	557	689	DNA_methylase	PF00145.23	1.6e-11
Panu_XP_031510862.1	557	689	DNA_methylase	PF00145.23	1.6e-11
Panu_XP_031510863.1	557	689	DNA_methylase	PF00145.23	1.6e-11
Piltep_XP_023085686.1	557	689	DNA_methylase	PF00145.23	1.6e-11
Pfor_XP_016520691.1	433	565	DNA_methylase	PF00145.23	8.6e-12
Bvul_XP_010670174.1	486	603	DNA_methylase	PF00145.23	3e-12
Bvul_XP_010670176.1	486	603	DNA_methylase	PF00145.23	3e-12
Bmut_XP_070235331.1	411	543	DNA_methylase	PF00145.23	1.4e-11
Lafr_XP_023406268.1	576	708	DNA_methylase	PF00145.23	1.6e-11
Cgob_XP_029292128.1	544	676	DNA_methylase	PF00145.23	4.5e-12
Achr_XP_040984698.1	1001	1133	DNA_methylase	PF00145.23	8.9e-12
Xmac_XP_023203766.1	433	565	DNA_methylase	PF00145.23	9.3e-12
Xcou_XP_027895776.1	433	565	DNA_methylase	PF00145.23	9.3e-12
Rrox_XP_030776734.1	566	698	DNA_methylase	PF00145.23	1.6e-11
Neomel_ENSNMLP00000038065.1	679	811	DNA_methylase	PF00145.23	9.5e-12
Dleu_XP_022430010.1	576	708	DNA_methylase	PF00145.23	1.6e-11
Mmon_XP_029088074.1	576	708	DNA_methylase	PF00145.23	1.6e-11
Phosin_XP_032508219.1	576	708	DNA_methylase	PF00145.23	1.6e-11
Nbri_XP_035764422.1	511	643	DNA_methylase	PF00145.23	3.8e-12
Tdic_XP_037410188.1	465	581	DNA_methylase	PF00145.23	3.2e-10
Eluc_XP_019907660.2	1216	1349	DNA_methylase	PF00145.23	3.5e-12
Ipotri_XP_031124926.1	463	578	DNA_methylase	PF00145.23	8.8e-11
Lcal_XP_050927329.1	1147	1280	DNA_methylase	PF00145.23	1.7e-12
Dleu_XP_022430009.1	577	709	DNA_methylase	PF00145.23	1.6e-11
Clum_XP_034392690.1	577	709	DNA_methylase	PF00145.23	5.8e-12
Jjac_XP_045013297.1	562	694	DNA_methylase	PF00145.23	1.4e-11
Jjac_XP_045013298.1	562	694	DNA_methylase	PF00145.23	1.4e-11
Oari_XP_012021398.1	576	708	DNA_methylase	PF00145.23	1.6e-11
Olat_XP_004086449.2	618	750	DNA_methylase	PF00145.23	2.8e-12
Phymac_XP_023974734.2	578	710	DNA_methylase	PF00145.23	1.6e-11
Clum_XP_034392694.1	504	636	DNA_methylase	PF00145.23	5e-12
Clum_XP_034392695.1	504	636	DNA_methylase	PF00145.23	5e-12
Olat_XP_011471327.1	619	751	DNA_methylase	PF00145.23	2.8e-12
Acey_EYC40292.1	10	185	DNA_methylase	PF00145.23	4.9e-15
Olat_XP_020557282.1	623	755	DNA_methylase	PF00145.23	2.8e-12
Cvar_XP_015227245.1	564	696	DNA_methylase	PF00145.23	1.3e-11
Eluc_XP_019907658.2	1240	1373	DNA_methylase	PF00145.23	3.5e-12
Olat_XP_020557281.1	624	756	DNA_methylase	PF00145.23	2.8e-12
Jjac_XP_045013301.1	582	714	DNA_methylase	PF00145.23	1.4e-11
Bter_NP_001340321.1	926	1054	DNA_methylase	PF00145.23	4.5e-13
Enau_XP_029351748.1	580	712	DNA_methylase	PF00145.23	5.6e-12
Pnye_XP_005731656.1	1137	1270	DNA_methylase	PF00145.23	2.2e-12
Krymar_XP_017267431.1	565	697	DNA_methylase	PF00145.23	6e-12
Bmin_symbB.v1.2.006825.t1|scaffold379.1|size332124|7	1679	2010	DNA_methylase	PF00145.23	2.2e-14
Ipotri_XP_031124921.1	468	583	DNA_methylase	PF00145.23	8.9e-11
Ipotri_XP_031124922.1	468	583	DNA_methylase	PF00145.23	8.9e-11
Ipotri_XP_031124923.1	468	583	DNA_methylase	PF00145.23	8.9e-11
Ipotri_XP_031124925.1	468	583	DNA_methylase	PF00145.23	8.9e-11
Lber_XP_065820293.1	569	701	DNA_methylase	PF00145.23	5.4e-12
Eluc_XP_019907656.2	1270	1403	DNA_methylase	PF00145.23	3.6e-12
Xmac_XP_023203763.1	504	636	DNA_methylase	PF00145.23	1.1e-11
Mmur_XP_012643585.1	585	717	DNA_methylase	PF00145.23	1.7e-11
Cmos_ENSCMMP00000007929.1	1081	1213	DNA_methylase	PF00145.23	9.7e-12
Cvar_XP_015227244.1	564	696	DNA_methylase	PF00145.23	1.4e-11
Sollyc_XP_025886315.1	483	597	DNA_methylase	PF00145.23	2e-10
Sollyc_XP_025886316.1	483	597	DNA_methylase	PF00145.23	2e-10
Gaff_XP_043962171.1	433	565	DNA_methylase	PF00145.23	8.4e-12
Cgob_XP_029292126.1	547	679	DNA_methylase	PF00145.23	4.6e-12
Dord_XP_012869124.1	630	762	DNA_methylase	PF00145.23	1.8e-11
Eeur_XP_060042665.1	602	734	DNA_methylase	PF00145.23	1.7e-11
Mzeb_XP_004546470.2	1137	1270	DNA_methylase	PF00145.23	2.2e-12
Etef_Et_s2689-0.18-1.mrna1	420	531	DNA_methylase	PF00145.23	3.4e-09
Marm_XP_026187809.1	1129	1262	DNA_methylase	PF00145.23	1.3e-12
Amex_XP_022526789.2	1170	1303	DNA_methylase	PF00145.23	6.2e-13
Gwil_XP_028309093.1	1171	1303	DNA_methylase	PF00145.23	1.9e-12
Gwil_XP_028309094.1	1171	1303	DNA_methylase	PF00145.23	1.9e-12
Gwil_XP_028309095.1	1171	1303	DNA_methylase	PF00145.23	1.9e-12
Csyr_XP_008058478.1	597	729	DNA_methylase	PF00145.23	1.7e-11
Mmos_ENSMMSP00000005284.1	596	728	DNA_methylase	PF00145.23	1.7e-11
Aalt_XP_018381926.1	172	492	DNA_methylase	PF00145.23	8.3e-15
Cgob_XP_029292127.1	544	676	DNA_methylase	PF00145.23	4.5e-12
Ttru_XP_033694816.1	597	729	DNA_methylase	PF00145.23	1.7e-11
Mpol_BFI23254.1	581	697	DNA_methylase	PF00145.23	6.2e-12
Mpol_BFI23255.1	582	698	DNA_methylase	PF00145.23	6.3e-12
Caraur_XP_026103566.1	641	773	DNA_methylase	PF00145.23	4e-11
Neomel_ENSNMLP00000038063.1	728	860	DNA_methylase	PF00145.23	1e-11
Eluc_XP_019907654.2	1290	1423	DNA_methylase	PF00145.23	3.7e-12
Eluc_XP_019907655.2	1290	1423	DNA_methylase	PF00145.23	3.7e-12
Cjac_XP_054101107.1	596	728	DNA_methylase	PF00145.23	1.7e-11
Psim_ENSPSMP00000007282.1	599	731	DNA_methylase	PF00145.23	1.7e-11
Omel_XP_024126313.2	644	776	DNA_methylase	PF00145.23	3e-12
Nbri_XP_006794169.1	1187	1320	DNA_methylase	PF00145.23	2.3e-12
Ecal_XP_051789259.1	530	663	DNA_methylase	PF00145.23	5.2e-12
Ccit_KAF8010966.1	471	585	DNA_methylase	PF00145.23	2.8e-11
Mspi_ENSMSIP00000035013.1	630	762	DNA_methylase	PF00145.23	1.8e-11
Lcal_XP_018542884.1	1197	1330	DNA_methylase	PF00145.23	1.8e-12
Eluc_XP_019907657.2	1266	1399	DNA_methylase	PF00145.23	3.6e-12
Ogar_XP_012659220.1	630	762	DNA_methylase	PF00145.23	1.8e-11
Ogar_XP_023367617.1	630	762	DNA_methylase	PF00145.23	1.8e-11
Sollyc_NP_001233903.2	478	593	DNA_methylase	PF00145.23	3.7e-11
Amex_XP_015456424.3	1193	1326	DNA_methylase	PF00145.23	6.3e-13
Bcir_KAF1963027.1	234	396	DNA_methylase	PF00145.23	4.8e-12
Pret_XP_008395515.1	564	696	DNA_methylase	PF00145.23	1e-11
Gaff_XP_043962168.1	504	636	DNA_methylase	PF00145.23	9.7e-12
Xcou_XP_027866829.1	546	678	DNA_methylase	PF00145.23	5.6e-12
Xmac_XP_023196802.1	545	677	DNA_methylase	PF00145.23	5.6e-12
Wcoc_PCH37901.1	12	75	DNA_methylase	PF00145.23	3.9e-15
Clum_XP_034392692.1	558	690	DNA_methylase	PF00145.23	5.6e-12
Singra_XP_016140322.1	496	625	DNA_methylase	PF00145.23	1.9e-11
Moch_XP_005360918.1	630	762	DNA_methylase	PF00145.23	1.8e-11
Moch_XP_026641766.1	630	762	DNA_methylase	PF00145.23	1.8e-11
Moch_XP_026641767.1	630	762	DNA_methylase	PF00145.23	1.8e-11
Moch_XP_026641768.1	630	762	DNA_methylase	PF00145.23	1.8e-11
Moch_XP_026641769.1	630	762	DNA_methylase	PF00145.23	1.8e-11
Moch_XP_026641770.1	630	762	DNA_methylase	PF00145.23	1.8e-11
Gaff_XP_043962167.1	564	696	DNA_methylase	PF00145.23	1e-11
Hsap_XP_011530964.1	585	717	DNA_methylase	PF00145.23	1.7e-11
Bind_XP_070655123.1	557	689	DNA_methylase	PF00145.23	1.7e-11
Bind_XP_070655124.1	557	689	DNA_methylase	PF00145.23	1.7e-11
Btau_XP_059747021.1	557	689	DNA_methylase	PF00145.23	1.7e-11
Btau_XP_059747022.1	557	689	DNA_methylase	PF00145.23	1.7e-11
Btau_XP_059747023.1	557	689	DNA_methylase	PF00145.23	1.7e-11
Mpah_XP_021057228.1	630	762	DNA_methylase	PF00145.23	1.8e-11
Mpah_XP_029396674.1	630	762	DNA_methylase	PF00145.23	1.8e-11
Xcou_XP_027866830.1	529	661	DNA_methylase	PF00145.23	5.5e-12
Mung_XP_021503954.1	630	762	DNA_methylase	PF00145.23	1.8e-11
Mung_XP_021503955.1	630	762	DNA_methylase	PF00145.23	1.8e-11
Mung_XP_021503956.1	630	762	DNA_methylase	PF00145.23	1.8e-11
Mung_XP_060221207.1	630	762	DNA_methylase	PF00145.23	1.8e-11
Mung_XP_060221209.1	630	762	DNA_methylase	PF00145.23	1.8e-11
Mung_XP_060221210.1	630	762	DNA_methylase	PF00145.23	1.8e-11
Xmac_XP_023203765.1	471	603	DNA_methylase	PF00145.23	1e-11
Xcou_XP_027895774.1	504	636	DNA_methylase	PF00145.23	1.1e-11
Xmac_XP_023196809.1	528	660	DNA_methylase	PF00145.23	5.5e-12
Mcar_XP_029340205.1	630	762	DNA_methylase	PF00145.23	1.8e-11
Mcar_XP_029340206.1	630	762	DNA_methylase	PF00145.23	1.8e-11
Mcar_XP_029340207.1	630	762	DNA_methylase	PF00145.23	1.8e-11
Mcar_XP_029340208.1	630	762	DNA_methylase	PF00145.23	1.8e-11
Xcou_XP_027895775.1	471	603	DNA_methylase	PF00145.23	1e-11
Bspl_XP_029012751.1	1201	1333	DNA_methylase	PF00145.23	2.3e-12
Cgri_XP_027280349.1	630	762	DNA_methylase	PF00145.23	1.8e-11
Cgri_XP_027280350.1	630	762	DNA_methylase	PF00145.23	1.8e-11
Cgri_XP_035304094.1	630	762	DNA_methylase	PF00145.23	1.8e-11
Rnor_NP_001003958.1	630	762	DNA_methylase	PF00145.23	1.8e-11
Rnor_XP_017449756.1	630	762	DNA_methylase	PF00145.23	1.8e-11
Rnor_XP_017449757.1	630	762	DNA_methylase	PF00145.23	1.8e-11
Rnor_XP_038968589.1	630	762	DNA_methylase	PF00145.23	1.8e-11
Rnor_XP_038968590.1	630	762	DNA_methylase	PF00145.23	1.8e-11
Rnor_XP_038968591.1	630	762	DNA_methylase	PF00145.23	1.8e-11
Rnor_XP_038968592.1	630	762	DNA_methylase	PF00145.23	1.8e-11
Rfer_XP_032981215.1	631	763	DNA_methylase	PF00145.23	1.8e-11
Rfer_XP_032981216.1	631	763	DNA_methylase	PF00145.23	1.8e-11
Rfer_XP_032981218.1	631	763	DNA_methylase	PF00145.23	1.8e-11
Rfer_XP_032981219.1	631	763	DNA_methylase	PF00145.23	1.8e-11
Rfer_XP_032981220.1	631	763	DNA_methylase	PF00145.23	1.8e-11
Eeur_XP_060042664.1	632	764	DNA_methylase	PF00145.23	1.8e-11
Gaff_XP_043985780.1	1200	1331	DNA_methylase	PF00145.23	5.5e-12
Mmus_NP_001258682.1	630	762	DNA_methylase	PF00145.23	1.8e-11
Mmus_NP_001408786.1	630	762	DNA_methylase	PF00145.23	1.8e-11
Mmus_NP_031898.1	630	762	DNA_methylase	PF00145.23	1.8e-11
Mmus_XP_006515019.1	630	762	DNA_methylase	PF00145.23	1.8e-11
Mmus_XP_030102398.1	630	762	DNA_methylase	PF00145.23	1.8e-11
Mmus_XP_030102399.1	630	762	DNA_methylase	PF00145.23	1.8e-11
Mmus_XP_030102400.1	630	762	DNA_methylase	PF00145.23	1.8e-11
Pnye_XP_005731655.1	1187	1320	DNA_methylase	PF00145.23	2.3e-12
Hgla_XP_021109227.1	616	748	DNA_methylase	PF00145.23	1.8e-11
Amex_XP_015456423.3	1212	1345	DNA_methylase	PF00145.23	6.4e-13
Hapbur_XP_042080238.1	1187	1320	DNA_methylase	PF00145.23	2.3e-12
Bmus_XP_036728812.1	632	764	DNA_methylase	PF00145.23	1.8e-11
Bmus_XP_036728813.1	632	764	DNA_methylase	PF00145.23	1.8e-11
Symmic_OLP81749.1	71	170	DNA_methylase	PF00145.23	5.6e-15
Cgob_XP_029281819.1	503	635	DNA_methylase	PF00145.23	9.6e-12
Uame_XP_045665238.1	631	763	DNA_methylase	PF00145.23	1.8e-11
Uame_XP_045665239.1	631	763	DNA_methylase	PF00145.23	1.8e-11
Uame_XP_045665240.1	631	763	DNA_methylase	PF00145.23	1.8e-11
Umar_XP_040478894.1	631	763	DNA_methylase	PF00145.23	1.8e-11
Umar_XP_040478895.1	631	763	DNA_methylase	PF00145.23	1.8e-11
Umar_XP_040478896.1	631	763	DNA_methylase	PF00145.23	1.8e-11
Umar_XP_040478897.1	631	763	DNA_methylase	PF00145.23	1.8e-11
Fdam_XP_010603154.1	631	763	DNA_methylase	PF00145.23	1.8e-11
Fdam_XP_010603155.1	631	763	DNA_methylase	PF00145.23	1.8e-11
Fdam_XP_010603156.1	631	763	DNA_methylase	PF00145.23	1.8e-11
Fdam_XP_010603158.1	631	763	DNA_methylase	PF00145.23	1.8e-11
Marm_XP_026187807.1	1179	1312	DNA_methylase	PF00145.23	1.3e-12
Clan_XP_005400458.1	631	763	DNA_methylase	PF00145.23	1.8e-11
Clum_XP_034392693.1	549	681	DNA_methylase	PF00145.23	5.5e-12
Hapbur_XP_042080237.1	1187	1320	DNA_methylase	PF00145.23	2.3e-12
Monalb_XP_020459580.1	564	696	DNA_methylase	PF00145.23	5.8e-12
Bspl_XP_029012750.1	1210	1342	DNA_methylase	PF00145.23	2.4e-12
Chir_XP_005686998.1	631	763	DNA_methylase	PF00145.23	1.8e-11
Chir_XP_017911036.1	631	763	DNA_methylase	PF00145.23	1.8e-11
Chir_XP_017911037.1	631	763	DNA_methylase	PF00145.23	1.8e-11
Chir_XP_017911038.1	631	763	DNA_methylase	PF00145.23	1.8e-11
Chir_XP_017911040.1	631	763	DNA_methylase	PF00145.23	1.8e-11
Oari_XP_014949738.2	631	763	DNA_methylase	PF00145.23	1.8e-11
Oari_XP_027822365.1	631	763	DNA_methylase	PF00145.23	1.8e-11
Oari_XP_027822366.1	631	763	DNA_methylase	PF00145.23	1.8e-11
Oari_XP_027822367.1	631	763	DNA_methylase	PF00145.23	1.8e-11
Oari_XP_042101814.1	631	763	DNA_methylase	PF00145.23	1.8e-11
Oari_XP_042101815.1	631	763	DNA_methylase	PF00145.23	1.8e-11
Bmut_XP_070235330.1	631	763	DNA_methylase	PF00145.23	1.8e-11
Btau_NP_001193431.2	631	763	DNA_methylase	PF00145.23	1.8e-11
Btau_XP_024854131.1	631	763	DNA_methylase	PF00145.23	1.8e-11
Chan_KAF4016549.1	633	765	DNA_methylase	PF00145.23	1.8e-11
Gaff_XP_043962166.1	564	696	DNA_methylase	PF00145.23	1e-11
Mmos_ENSMMSP00000005280.1	634	766	DNA_methylase	PF00145.23	1.8e-11
Ngal_XP_008846775.1	630	762	DNA_methylase	PF00145.23	1.8e-11
Hgla_XP_004839169.1	631	763	DNA_methylase	PF00145.23	1.8e-11
Hgla_XP_004839170.1	631	763	DNA_methylase	PF00145.23	1.8e-11
Hgla_XP_004839171.1	631	763	DNA_methylase	PF00145.23	1.8e-11
Hgla_XP_004839172.1	631	763	DNA_methylase	PF00145.23	1.8e-11
Hgla_XP_021109226.1	631	763	DNA_methylase	PF00145.23	1.8e-11
Sscr_XP_020941183.1	631	763	DNA_methylase	PF00145.23	1.8e-11
Sscr_XP_020941184.1	631	763	DNA_methylase	PF00145.23	1.8e-11
Sscr_XP_020941185.1	631	763	DNA_methylase	PF00145.23	1.8e-11
Sscr_XP_020941186.1	631	763	DNA_methylase	PF00145.23	1.8e-11
Sscr_XP_020941187.1	631	763	DNA_methylase	PF00145.23	1.8e-11
Sscr_XP_020941188.1	631	763	DNA_methylase	PF00145.23	1.8e-11
Sscr_XP_020941189.1	631	763	DNA_methylase	PF00145.23	1.8e-11
Sscr_XP_020941190.1	631	763	DNA_methylase	PF00145.23	1.8e-11
Sspo_Sspon.03G0016990-2B-mRNA-1:cds	486	603	DNA_methylase	PF00145.23	3.2e-10
Vvul_XP_025839681.1	631	763	DNA_methylase	PF00145.23	1.8e-11
Vvul_XP_025839682.1	631	763	DNA_methylase	PF00145.23	1.8e-11
Vvul_XP_025839683.1	631	763	DNA_methylase	PF00145.23	1.8e-11
Clup_XP_038416881.1	631	763	DNA_methylase	PF00145.23	1.8e-11
Clup_XP_038416882.1	631	763	DNA_methylase	PF00145.23	1.8e-11
Clup_XP_038416883.1	631	763	DNA_methylase	PF00145.23	1.8e-11
Uthi_ENSUTTP00000001378.1	634	766	DNA_methylase	PF00145.23	1.8e-11
Lber_XP_065820289.1	569	701	DNA_methylase	PF00145.23	5.6e-12
Onil_XP_025762110.1	102	176	DNA_methylase	PF00145.23	3.7e-15
Btau_XP_059747019.1	631	763	DNA_methylase	PF00145.23	1.8e-11
Lpol_XP_022246326.1	746	879	DNA_methylase	PF00145.23	5.4e-14
Cpor_XP_063087451.1	629	761	DNA_methylase	PF00145.23	1.8e-11
Cwag_ENSCWAP00000007589.1	634	766	DNA_methylase	PF00145.23	1.8e-11
Bmin_symbB.v1.2.008015.t1|scaffold498.1|size458234|7	226	394	DNA_methylase	PF00145.23	1.6e-14
Nvis_XP_044117894.1	631	763	DNA_methylase	PF00145.23	1.8e-11
Nvis_XP_044117896.1	631	763	DNA_methylase	PF00145.23	1.8e-11
Mput_XP_004745995.1	631	763	DNA_methylase	PF00145.23	1.8e-11
Mput_XP_004745996.1	631	763	DNA_methylase	PF00145.23	1.8e-11
Mput_XP_044935236.1	631	763	DNA_methylase	PF00145.23	1.8e-11
Ssur_XP_029794037.1	631	763	DNA_methylase	PF00145.23	1.8e-11
Ssur_XP_029794038.1	631	763	DNA_methylase	PF00145.23	1.8e-11
Ssur_XP_029794039.1	631	763	DNA_methylase	PF00145.23	1.8e-11
Ssur_XP_029794040.1	631	763	DNA_methylase	PF00145.23	1.8e-11
Ssur_XP_029794041.1	631	763	DNA_methylase	PF00145.23	1.8e-11
Ssur_XP_029794042.1	631	763	DNA_methylase	PF00145.23	1.8e-11
Mzeb_XP_004546469.2	1187	1320	DNA_methylase	PF00145.23	2.3e-12
Ccan_XP_020018226.1	631	763	DNA_methylase	PF00145.23	1.8e-11
Ccan_XP_020018227.1	631	763	DNA_methylase	PF00145.23	1.8e-11
Ccan_XP_020018228.1	631	763	DNA_methylase	PF00145.23	1.8e-11
Ccan_XP_020018229.1	631	763	DNA_methylase	PF00145.23	1.8e-11
Ccan_XP_020018230.1	631	763	DNA_methylase	PF00145.23	1.8e-11
Ccan_XP_020018231.1	631	763	DNA_methylase	PF00145.23	1.8e-11
Ccan_XP_020018232.1	631	763	DNA_methylase	PF00145.23	1.8e-11
Plat_XP_014884256.1	564	696	DNA_methylase	PF00145.23	1.1e-11
Dleu_XP_022430005.1	632	764	DNA_methylase	PF00145.23	1.8e-11
Dleu_XP_022430006.1	632	764	DNA_methylase	PF00145.23	1.8e-11
Dleu_XP_022430007.1	632	764	DNA_methylase	PF00145.23	1.8e-11
Dleu_XP_022430008.1	632	764	DNA_methylase	PF00145.23	1.8e-11
Mmon_XP_029088070.1	632	764	DNA_methylase	PF00145.23	1.8e-11
Mmon_XP_029088071.1	632	764	DNA_methylase	PF00145.23	1.8e-11
Mmon_XP_029088072.1	632	764	DNA_methylase	PF00145.23	1.8e-11
Mmon_XP_029088073.1	632	764	DNA_methylase	PF00145.23	1.8e-11
Mluc_XP_014313833.1	631	763	DNA_methylase	PF00145.23	1.8e-11
Pvam_XP_039743595.1	631	763	DNA_methylase	PF00145.23	1.8e-11
Fhet_XP_035986152.1	5	82	DNA_methylase	PF00145.23	3.9e-15
Pcoq_XP_012507999.1	631	763	DNA_methylase	PF00145.23	1.8e-11
Phymac_XP_028353014.1	632	764	DNA_methylase	PF00145.23	1.8e-11
Fcat_XP_023107798.1	631	763	DNA_methylase	PF00145.23	1.8e-11
Lcan_XP_030167371.1	631	763	DNA_methylase	PF00145.23	1.8e-11
Lcan_XP_030167372.1	631	763	DNA_methylase	PF00145.23	1.8e-11
Pleo_XP_042789448.1	631	763	DNA_methylase	PF00145.23	1.8e-11
Ppar_XP_053747059.1	631	763	DNA_methylase	PF00145.23	1.8e-11
Ptig_XP_042838293.1	631	763	DNA_methylase	PF00145.23	1.8e-11
Amex_XP_015456422.3	1235	1368	DNA_methylase	PF00145.23	6.5e-13
Ttru_XP_033694813.1	632	764	DNA_methylase	PF00145.23	1.8e-11
Ttru_XP_033694814.1	632	764	DNA_methylase	PF00145.23	1.8e-11
Ttru_XP_033694815.1	632	764	DNA_methylase	PF00145.23	1.8e-11
Lafr_XP_023406265.1	631	763	DNA_methylase	PF00145.23	1.8e-11
Lafr_XP_023406266.1	631	763	DNA_methylase	PF00145.23	1.8e-11
Lafr_XP_023406267.1	631	763	DNA_methylase	PF00145.23	1.8e-11
Lafr_XP_064151189.1	631	763	DNA_methylase	PF00145.23	1.8e-11
Vpac_XP_006197229.1	634	766	DNA_methylase	PF00145.23	1.8e-11
Vpac_XP_031540697.1	634	766	DNA_methylase	PF00145.23	1.8e-11
Vpac_XP_031540698.1	634	766	DNA_methylase	PF00145.23	1.8e-11
Jjac_XP_045005718.1	632	764	DNA_methylase	PF00145.23	1.8e-11
Jjac_XP_045005719.1	632	764	DNA_methylase	PF00145.23	1.8e-11
Phosin_XP_032508217.1	632	764	DNA_methylase	PF00145.23	1.8e-11
Phosin_XP_032508218.1	632	764	DNA_methylase	PF00145.23	1.8e-11
Xcou_XP_027866826.1	546	678	DNA_methylase	PF00145.23	5.7e-12
Sbol_XP_003935313.1	631	763	DNA_methylase	PF00145.23	1.8e-11
Sbol_XP_010344088.1	631	763	DNA_methylase	PF00145.23	1.8e-11
Sbol_XP_010344089.1	631	763	DNA_methylase	PF00145.23	1.8e-11
Sbol_XP_010344090.1	631	763	DNA_methylase	PF00145.23	1.8e-11
Sbol_XP_039333316.1	631	763	DNA_methylase	PF00145.23	1.8e-11
Cimi_XP_017382562.1	631	763	DNA_methylase	PF00145.23	1.8e-11
Cimi_XP_017382565.1	631	763	DNA_methylase	PF00145.23	1.8e-11
Cimi_XP_017382571.1	631	763	DNA_methylase	PF00145.23	1.8e-11
Xmac_XP_023196793.1	545	677	DNA_methylase	PF00145.23	5.7e-12
Pmex_XP_014857725.1	564	696	DNA_methylase	PF00145.23	1.1e-11
Bgru_ENSBGRP00000024627.1	630	762	DNA_methylase	PF00145.23	1.8e-11
Xcou_XP_027866828.1	545	677	DNA_methylase	PF00145.23	5.7e-12
Pfor_XP_007574248.1	564	696	DNA_methylase	PF00145.23	1.1e-11
Bind_XP_070655122.1	576	708	DNA_methylase	PF00145.23	1.8e-11
Btau_XP_059747020.1	576	708	DNA_methylase	PF00145.23	1.8e-11
Cdro_XP_064350763.1	634	766	DNA_methylase	PF00145.23	1.8e-11
Mmur_XP_012643580.1	631	763	DNA_methylase	PF00145.23	1.8e-11
Mmur_XP_012643582.1	631	763	DNA_methylase	PF00145.23	1.8e-11
Mmur_XP_012643583.1	631	763	DNA_methylase	PF00145.23	1.8e-11
Mmur_XP_012643584.1	631	763	DNA_methylase	PF00145.23	1.8e-11
Gaff_XP_043962169.1	471	603	DNA_methylase	PF00145.23	9.1e-12
Gaff_XP_043962170.1	471	603	DNA_methylase	PF00145.23	9.1e-12
Sdau_ENSSDAP00000026418.1	630	762	DNA_methylase	PF00145.23	1.8e-11
Scivul_ENSSVLP00005027103.1	634	766	DNA_methylase	PF00145.23	1.8e-11
Psim_ENSPSMP00000007281.1	634	766	DNA_methylase	PF00145.23	1.8e-11
Opri_XP_058524169.1	630	762	DNA_methylase	PF00145.23	1.8e-11
Itri_XP_040127341.1	631	763	DNA_methylase	PF00145.23	1.8e-11
Horvul_XP_044974147.1	340	454	DNA_methylase	PF00145.23	9e-10
Easi_XP_044628005.1	631	763	DNA_methylase	PF00145.23	1.8e-11
Easi_XP_070368557.1	631	763	DNA_methylase	PF00145.23	1.8e-11
Ecab_XP_005600227.1	631	763	DNA_methylase	PF00145.23	1.8e-11
Ecab_XP_023475159.1	631	763	DNA_methylase	PF00145.23	1.8e-11
Ecab_XP_023475160.1	631	763	DNA_methylase	PF00145.23	1.8e-11
Cjac_XP_003734830.2	631	763	DNA_methylase	PF00145.23	1.8e-11
Cjac_XP_035128887.2	631	763	DNA_methylase	PF00145.23	1.8e-11
Cjac_XP_035128888.2	631	763	DNA_methylase	PF00145.23	1.8e-11
Dasnov_XP_058143708.1	631	763	DNA_methylase	PF00145.23	1.8e-11
Dasnov_XP_058143709.1	631	763	DNA_methylase	PF00145.23	1.8e-11
Sara_XP_054979534.1	631	763	DNA_methylase	PF00145.23	1.8e-11
Anan_XP_012308722.2	630	762	DNA_methylase	PF00145.23	1.8e-11
Anan_XP_012308723.2	630	762	DNA_methylase	PF00145.23	1.8e-11
Anan_XP_064219975.1	630	762	DNA_methylase	PF00145.23	1.8e-11
Plat_XP_014907155.1	547	680	DNA_methylase	PF00145.23	7.1e-12
Tspe_TraesTSP3B01G543900.1	412	527	DNA_methylase	PF00145.23	4.6e-10
Pfor_XP_016534499.1	547	680	DNA_methylase	PF00145.23	7.1e-12
Aall_XP_031898676.1	138	392	DNA_methylase	PF00145.23	7e-15
Dclu_XP_028809502.1	424	556	DNA_methylase	PF00145.23	1.6e-11
Plat_XP_014884255.1	564	696	DNA_methylase	PF00145.23	1.1e-11
Etel_XP_004696126.1	633	765	DNA_methylase	PF00145.23	1.8e-11
Marm_XP_026187808.1	1179	1312	DNA_methylase	PF00145.23	1.3e-12
Pfor_XP_016534500.1	546	679	DNA_methylase	PF00145.23	7.1e-12
Cang_XP_011805899.1	631	763	DNA_methylase	PF00145.23	1.8e-11
Cvar_XP_015227249.1	433	565	DNA_methylase	PF00145.23	1e-11
Caty_XP_011899729.1	631	763	DNA_methylase	PF00145.23	1.8e-11
Caty_XP_011899730.1	631	763	DNA_methylase	PF00145.23	1.8e-11
Caty_XP_011899731.1	631	763	DNA_methylase	PF00145.23	1.8e-11
Caty_XP_011899732.1	631	763	DNA_methylase	PF00145.23	1.8e-11
Mleu_XP_011828084.1	631	763	DNA_methylase	PF00145.23	1.8e-11
Mnem_XP_011736394.1	631	763	DNA_methylase	PF00145.23	1.8e-11
Mnem_XP_011736395.1	631	763	DNA_methylase	PF00145.23	1.8e-11
Mnem_XP_011736396.1	631	763	DNA_methylase	PF00145.23	1.8e-11
Mfas_XP_005576448.1	631	763	DNA_methylase	PF00145.23	1.8e-11
Mfas_XP_005576449.1	631	763	DNA_methylase	PF00145.23	1.8e-11
Mfas_XP_045225614.1	631	763	DNA_methylase	PF00145.23	1.8e-11
Mmul_XP_014967323.1	631	763	DNA_methylase	PF00145.23	1.8e-11
Mmul_XP_014967324.1	631	763	DNA_methylase	PF00145.23	1.8e-11
Mmul_XP_028687753.1	631	763	DNA_methylase	PF00145.23	1.8e-11
Panu_XP_031510857.1	631	763	DNA_methylase	PF00145.23	1.8e-11
Panu_XP_031510858.1	631	763	DNA_methylase	PF00145.23	1.8e-11
Panu_XP_031510859.1	631	763	DNA_methylase	PF00145.23	1.8e-11
Panu_XP_031510860.1	631	763	DNA_methylase	PF00145.23	1.8e-11
Tgel_XP_025210349.1	631	763	DNA_methylase	PF00145.23	1.8e-11
Tgel_XP_025210350.1	631	763	DNA_methylase	PF00145.23	1.8e-11
Piltep_XP_023085681.1	631	763	DNA_methylase	PF00145.23	1.8e-11
Piltep_XP_023085682.1	631	763	DNA_methylase	PF00145.23	1.8e-11
Piltep_XP_023085684.1	631	763	DNA_methylase	PF00145.23	1.8e-11
Pmex_XP_014857724.1	564	696	DNA_methylase	PF00145.23	1.1e-11
Rbie_XP_017732335.1	631	763	DNA_methylase	PF00145.23	1.8e-11
Rbie_XP_017732336.1	631	763	DNA_methylase	PF00145.23	1.8e-11
Rrox_XP_010381315.1	631	763	DNA_methylase	PF00145.23	1.8e-11
Rrox_XP_030776733.1	631	763	DNA_methylase	PF00145.23	1.8e-11
Pfor_XP_007574171.1	564	696	DNA_methylase	PF00145.23	1.1e-11
Lber_XP_065817132.1	551	683	DNA_methylase	PF00145.23	5.4e-12
Xmac_XP_023203762.1	564	696	DNA_methylase	PF00145.23	1.1e-11
Symmic_OLP20773.1	163	275	DNA_methylase	PF00145.23	5.1e-15
Xmac_XP_023203758.1	564	696	DNA_methylase	PF00145.23	1.2e-11
Xmac_XP_023203759.1	564	696	DNA_methylase	PF00145.23	1.2e-11
Csab_XP_007969450.1	631	763	DNA_methylase	PF00145.23	1.8e-11
Csab_XP_007969451.1	631	763	DNA_methylase	PF00145.23	1.8e-11
Csab_XP_007969452.1	631	763	DNA_methylase	PF00145.23	1.8e-11
Csab_XP_037862578.1	631	763	DNA_methylase	PF00145.23	1.8e-11
Lber_XP_065820291.1	569	701	DNA_methylase	PF00145.23	5.5e-12
Oana_XP_028905227.1	506	639	DNA_methylase	PF00145.23	1.4e-11
Ocun_XP_051696793.1	631	763	DNA_methylase	PF00145.23	1.8e-11
Ocun_XP_051696799.1	631	763	DNA_methylase	PF00145.23	1.8e-11
Ocun_XP_051696807.1	631	763	DNA_methylase	PF00145.23	1.8e-11
Ocun_XP_069925836.1	631	763	DNA_methylase	PF00145.23	1.8e-11
Hapbur_XP_014184927.1	564	696	DNA_methylase	PF00145.23	4.3e-12
Mzeb_XP_012774455.1	564	696	DNA_methylase	PF00145.23	4.3e-12
Oaur_XP_031584531.1	564	696	DNA_methylase	PF00145.23	4.3e-12
Onil_XP_005475143.1	564	696	DNA_methylase	PF00145.23	4.3e-12
Xmac_XP_023203760.1	564	696	DNA_methylase	PF00145.23	1.2e-11
Hapbur_XP_042070395.1	564	696	DNA_methylase	PF00145.23	4.3e-12
Fhet_XP_035996945.1	1179	1312	DNA_methylase	PF00145.23	2.4e-12
Fhet_XP_035996949.1	1179	1312	DNA_methylase	PF00145.23	2.4e-12
Eeur_XP_060042662.1	651	783	DNA_methylase	PF00145.23	1.9e-11
Ggor_XP_063558551.1	522	654	DNA_methylase	PF00145.23	2e-11
Eeur_XP_060044342.1	504	637	DNA_methylase	PF00145.23	5.8e-12
Eeur_XP_060044349.1	504	637	DNA_methylase	PF00145.23	5.8e-12
Onil_XP_019201365.1	564	696	DNA_methylase	PF00145.23	4.3e-12
Nleu_XP_030655280.1	631	763	DNA_methylase	PF00145.23	1.8e-11
Nleu_XP_030655281.1	631	763	DNA_methylase	PF00145.23	1.8e-11
Nleu_XP_030655282.1	631	763	DNA_methylase	PF00145.23	1.8e-11
Nleu_XP_030655283.1	631	763	DNA_methylase	PF00145.23	1.8e-11
Pabe_XP_024098136.1	631	763	DNA_methylase	PF00145.23	1.8e-11
Pabe_XP_024098137.1	631	763	DNA_methylase	PF00145.23	1.8e-11
Neomel_ENSNMLP00000005036.1	464	596	DNA_methylase	PF00145.23	5.1e-12
Bspl_XP_029012755.1	1210	1342	DNA_methylase	PF00145.23	2.3e-12
Aper_ENSAPEP00000030529.1	753	886	DNA_methylase	PF00145.23	5.8e-15
Dclu_XP_028809503.1	436	568	DNA_methylase	PF00145.23	1.6e-11
Phymac_XP_028353012.1	653	785	DNA_methylase	PF00145.23	1.9e-11
Phymac_XP_028353013.1	653	785	DNA_methylase	PF00145.23	1.9e-11
Xmac_XP_023203761.1	564	696	DNA_methylase	PF00145.23	1.1e-11
Bmus_XP_036683225.1	522	654	DNA_methylase	PF00145.23	2.4e-12
Ggor_XP_030863780.1	631	763	DNA_methylase	PF00145.23	1.8e-11
Ggor_XP_030863781.1	631	763	DNA_methylase	PF00145.23	1.8e-11
Ggor_XP_055233556.1	631	763	DNA_methylase	PF00145.23	1.8e-11
Ggor_XP_055233557.1	631	763	DNA_methylase	PF00145.23	1.8e-11
Eeur_XP_060042661.1	655	787	DNA_methylase	PF00145.23	1.9e-11
Ppan_XP_034808633.1	631	763	DNA_methylase	PF00145.23	1.8e-11
Ppan_XP_034808634.1	631	763	DNA_methylase	PF00145.23	1.8e-11
Ppan_XP_034808635.1	631	763	DNA_methylase	PF00145.23	1.8e-11
Ppan_XP_034808636.1	631	763	DNA_methylase	PF00145.23	1.8e-11
Ppan_XP_054964132.1	631	763	DNA_methylase	PF00145.23	1.8e-11
Ptro_XP_016803650.1	631	763	DNA_methylase	PF00145.23	1.8e-11
Ptro_XP_016803651.1	631	763	DNA_methylase	PF00145.23	1.8e-11
Eluc_XP_019909535.2	746	878	DNA_methylase	PF00145.23	5e-12
Hsap_NP_072046.2	634	766	DNA_methylase	PF00145.23	1.8e-11
Hsap_NP_783328.1	634	766	DNA_methylase	PF00145.23	1.8e-11
Hsap_XP_005264232.1	634	766	DNA_methylase	PF00145.23	1.8e-11
Hsap_XP_016859015.1	634	766	DNA_methylase	PF00145.23	1.8e-11
Bmus_XP_036683229.1	578	710	DNA_methylase	PF00145.23	2.7e-12
Ebur_ENSEBUP00000009666.1	208	341	DNA_methylase	PF00145.23	5.6e-15
Pnye_XP_013767368.1	564	696	DNA_methylase	PF00145.23	4.6e-12
Astcal_XP_025998695.1	564	696	DNA_methylase	PF00145.23	4.6e-12
Hapbur_XP_014184926.1	564	696	DNA_methylase	PF00145.23	4.6e-12
Mzeb_XP_004550662.1	564	696	DNA_methylase	PF00145.23	4.6e-12
Lang_XP_019442546.1	466	580	DNA_methylase	PF00145.23	7.4e-11
Bgru_ENSBGRP00000024370.1	631	763	DNA_methylase	PF00145.23	1.9e-11
Bind_XP_070655121.1	631	763	DNA_methylase	PF00145.23	1.9e-11
Btau_XP_059747018.1	631	763	DNA_methylase	PF00145.23	1.9e-11
Aper_ENSAPEP00000030518.1	772	905	DNA_methylase	PF00145.23	6e-15
Singra_XP_016148335.1	706	835	DNA_methylase	PF00145.23	1.4e-11
Omyk_XP_021472162.2	1272	1405	DNA_methylase	PF00145.23	1.8e-11
Gaff_XP_043962162.1	564	696	DNA_methylase	PF00145.23	1.1e-11
Gaff_XP_043962164.1	564	696	DNA_methylase	PF00145.23	1.1e-11
Omyk_XP_036844424.1	1255	1388	DNA_methylase	PF00145.23	1.8e-11
Nfur_XP_015803095.1	436	568	DNA_methylase	PF00145.23	1.2e-11
Ailmel_XP_034513194.1	663	795	DNA_methylase	PF00145.23	1.9e-11
Locu_XP_015204091.1	670	802	DNA_methylase	PF00145.23	5.9e-12
Xcou_XP_027895773.1	564	696	DNA_methylase	PF00145.23	1.1e-11
Enau_XP_029361873.1	547	678	DNA_methylase	PF00145.23	5.4e-12
Xcou_XP_027895768.1	564	696	DNA_methylase	PF00145.23	1.2e-11
Xcou_XP_027895769.1	564	696	DNA_methylase	PF00145.23	1.2e-11
Gaff_XP_043962165.1	564	696	DNA_methylase	PF00145.23	1.1e-11
Omyk_XP_036844423.1	1275	1408	DNA_methylase	PF00145.23	1.8e-11
Sspo_Sspon.03G0016990-1A-mRNA-1:cds	485	602	DNA_methylase	PF00145.23	3.7e-10
Plat_XP_014907156.1	529	661	DNA_methylase	PF00145.23	7.1e-12
Cvar_XP_015247664.1	454	586	DNA_methylase	PF00145.23	2.1e-11
Xcou_XP_027895771.1	564	696	DNA_methylase	PF00145.23	1.2e-11
Eeur_XP_060044364.1	563	696	DNA_methylase	PF00145.23	6.5e-12
Pfor_XP_007566878.1	529	661	DNA_methylase	PF00145.23	7.1e-12
Omyk_XP_021472161.2	1272	1405	DNA_methylase	PF00145.23	1.9e-11
Bgru_ENSBGRP00000024255.1	631	763	DNA_methylase	PF00145.23	1.9e-11
Bind_XP_070655118.1	631	763	DNA_methylase	PF00145.23	1.9e-11
Bind_XP_070655119.1	631	763	DNA_methylase	PF00145.23	1.9e-11
Bind_XP_070655120.1	631	763	DNA_methylase	PF00145.23	1.9e-11
Bmut_XP_070235328.1	631	763	DNA_methylase	PF00145.23	1.9e-11
Btau_XP_059747014.1	631	763	DNA_methylase	PF00145.23	1.9e-11
Btau_XP_059747015.1	631	763	DNA_methylase	PF00145.23	1.9e-11
Btau_XP_059747016.1	631	763	DNA_methylase	PF00145.23	1.9e-11
Btau_XP_059747017.1	631	763	DNA_methylase	PF00145.23	1.9e-11
Rrox_XP_030776730.1	661	793	DNA_methylase	PF00145.23	1.9e-11
Rrox_XP_030776731.1	661	793	DNA_methylase	PF00145.23	1.9e-11
Rrox_XP_030776732.1	661	793	DNA_methylase	PF00145.23	1.9e-11
Smax_XP_035500828.1	528	660	DNA_methylase	PF00145.23	6.2e-12
Smax_XP_035500829.1	528	660	DNA_methylase	PF00145.23	6.2e-12
Pcro_KIM90499.1	28	171	DNA_methylase	PF00145.23	2.6e-14
Eluc_XP_019909536.2	746	878	DNA_methylase	PF00145.23	5e-12
Lber_XP_065820288.1	569	701	DNA_methylase	PF00145.23	5.9e-12
Omyk_XP_036844420.1	1275	1408	DNA_methylase	PF00145.23	1.9e-11
Omyk_XP_036844422.1	1275	1408	DNA_methylase	PF00145.23	1.9e-11
Xcou_XP_027895772.1	564	696	DNA_methylase	PF00145.23	1.1e-11
Hsap_NP_001411281.1	533	665	DNA_methylase	PF00145.23	2e-11
Pabe_XP_063576672.1	533	665	DNA_methylase	PF00145.23	2e-11
Cpor_XP_063087450.1	557	689	DNA_methylase	PF00145.23	1.9e-11
Caty_XP_011907912.1	533	665	DNA_methylase	PF00145.23	2e-11
Maur_XP_040586962.1	698	830	DNA_methylase	PF00145.23	2e-11
Aing_XP_025378916.1	307	467	DNA_methylase	PF00145.23	1.1e-14
Char_XP_031422303.1	1261	1394	DNA_methylase	PF00145.23	2e-11
Neomel_ENSNMLP00000005134.1	489	621	DNA_methylase	PF00145.23	5.4e-12
Dclu_XP_028809501.1	461	593	DNA_methylase	PF00145.23	1.7e-11
Singra_XP_016087158.1	552	684	DNA_methylase	PF00145.23	6.5e-11
Bbis_XP_010838990.1	688	820	DNA_methylase	PF00145.23	2e-11
Ggor_XP_063558550.1	533	665	DNA_methylase	PF00145.23	2e-11
Locu_XP_015204100.1	670	802	DNA_methylase	PF00145.23	5.8e-12
Lber_XP_065820300.1	471	603	DNA_methylase	PF00145.23	4.5e-12
Bmus_XP_036683224.1	558	690	DNA_methylase	PF00145.23	2.6e-12
Sans_XP_016353375.1	567	699	DNA_methylase	PF00145.23	3.4e-11
Sans_XP_016353376.1	567	699	DNA_methylase	PF00145.23	3.4e-11
Gacu_XP_040017469.1	518	650	DNA_methylase	PF00145.23	1.6e-11
Plat_XP_014907157.1	546	678	DNA_methylase	PF00145.23	7.3e-12
Cvar_XP_015227248.1	471	603	DNA_methylase	PF00145.23	1.1e-11
Bmus_XP_036683223.1	561	693	DNA_methylase	PF00145.23	2.6e-12
Plat_XP_014907152.1	547	679	DNA_methylase	PF00145.23	7.3e-12
Zcal_XP_035584666.1	631	763	DNA_methylase	PF00145.23	1.9e-11
Plat_XP_014907154.1	546	678	DNA_methylase	PF00145.23	7.3e-12
Ledo_XP_046078926.1	123	481	DNA_methylase	PF00145.23	7.7e-14
Pfor_XP_007566874.1	546	678	DNA_methylase	PF00145.23	7.3e-12
Pfor_XP_016534497.1	547	679	DNA_methylase	PF00145.23	7.3e-12
Bmus_XP_036683221.1	564	696	DNA_methylase	PF00145.23	2.6e-12
Smax_XP_035500826.1	545	677	DNA_methylase	PF00145.23	6.4e-12
Pfor_XP_016534498.1	546	678	DNA_methylase	PF00145.23	7.3e-12
Amex_XP_022538867.1	415	547	DNA_methylase	PF00145.23	3.8e-11
Rves_OJA16030.1	5	70	DNA_methylase	PF00145.23	4.8e-15
Saur_XP_030261438.1	568	700	DNA_methylase	PF00145.23	5.4e-12
Pabe_XP_054398100.1	545	677	DNA_methylase	PF00145.23	2e-11
Upar_XP_026271030.1	694	826	DNA_methylase	PF00145.23	2e-11
Itri_XP_040127340.1	694	826	DNA_methylase	PF00145.23	2e-11
Phavul_XP_068501611.1	400	514	DNA_methylase	PF00145.23	1.2e-10
Obra_XP_015690693.1	482	600	DNA_methylase	PF00145.23	2.5e-10
Gacu_XP_040017471.1	433	565	DNA_methylase	PF00145.23	1.4e-11
Gmax_XP_006597031.1	42	300	DNA_methylase	PF00145.23	6.3e-15
Lsat_XP_042754779.1	417	532	DNA_methylase	PF00145.23	9.8e-11
Lsat_XP_042754780.1	417	532	DNA_methylase	PF00145.23	9.8e-11
Bmin_symbB.v1.2.008957.t1|scaffold508.1|size221222|6	1491	1599	DNA_methylase	PF00145.23	4.6e-15
Anan_XP_012310619.1	575	707	DNA_methylase	PF00145.23	2.2e-11
Astcal_XP_026010735.1	541	673	DNA_methylase	PF00145.23	5.7e-12
Dclu_XP_028809500.1	497	629	DNA_methylase	PF00145.23	1.8e-11
Sollyc_XP_004237065.1	482	596	DNA_methylase	PF00145.23	2e-10
Sollyc_XP_069152986.1	482	596	DNA_methylase	PF00145.23	2e-10
Mleu_XP_011835158.1	575	707	DNA_methylase	PF00145.23	2.2e-11
Oniv_ONIVA11G21270.2	500	615	DNA_methylase	PF00145.23	1.3e-10
Shar_XP_031809958.1	550	683	DNA_methylase	PF00145.23	3.5e-13
Pnye_XP_005752191.1	541	673	DNA_methylase	PF00145.23	5.7e-12
Mzeb_XP_012779138.2	541	673	DNA_methylase	PF00145.23	5.7e-12
Slal_XP_023270991.1	569	701	DNA_methylase	PF00145.23	5.6e-12
Ates_XP_026223065.1	1224	1356	DNA_methylase	PF00145.23	1e-12
Chequi_XP_021727470.1	507	622	DNA_methylase	PF00145.23	3.6e-10
Msp.MC138B_RYP19610.1	181	254	DNA_methylase	PF00145.23	7.4e-06
Msp.MC138B_RYP19610.1	308	605	DNA_methylase	PF00145.23	2.3e-06
Moncan_RYO89011.1	181	254	DNA_methylase	PF00145.23	7.4e-06
Moncan_RYO89011.1	308	605	DNA_methylase	PF00145.23	2.3e-06
Mpol_BFI23252.1	654	770	DNA_methylase	PF00145.23	7.2e-12
Mpol_BFI23253.1	655	771	DNA_methylase	PF00145.23	7.2e-12
Lcro_XP_027139776.1	586	718	DNA_methylase	PF00145.23	5.1e-12
Hsap_NP_008823.1	575	707	DNA_methylase	PF00145.23	2.2e-11
Ppan_XP_008965733.1	575	707	DNA_methylase	PF00145.23	2.2e-11
Ptro_XP_514580.4	575	707	DNA_methylase	PF00145.23	2.2e-11
Pabe_XP_024094893.2	575	707	DNA_methylase	PF00145.23	2.2e-11
Pabe_XP_024094894.2	575	707	DNA_methylase	PF00145.23	2.2e-11
Clux_KIK50592.1	122	484	DNA_methylase	PF00145.23	4.8e-15
Cang_XP_011815127.1	575	707	DNA_methylase	PF00145.23	2.2e-11
Caty_XP_011907908.1	575	707	DNA_methylase	PF00145.23	2.2e-11
Tgel_XP_025254729.1	575	707	DNA_methylase	PF00145.23	2.2e-11
Mfas_XP_045218680.2	575	707	DNA_methylase	PF00145.23	2.2e-11
Mfas_XP_065379058.1	575	707	DNA_methylase	PF00145.23	2.2e-11
Ggor_XP_004062033.1	575	707	DNA_methylase	PF00145.23	2.2e-11
Stepar_XP_008277237.1	564	696	DNA_methylase	PF00145.23	5.5e-12
Sans_XP_016353374.1	605	737	DNA_methylase	PF00145.23	3.6e-11
Calmil_XP_042189154.1	747	879	DNA_methylase	PF00145.23	2.3e-12
Bspl_XP_028996256.1	581	713	DNA_methylase	PF00145.23	6.1e-12
Bmut_XP_070235329.1	631	763	DNA_methylase	PF00145.23	1.9e-11
Ates_XP_026223716.1	546	677	DNA_methylase	PF00145.23	6.1e-12
Ppar_XP_019316207.1	20	295	DNA_methylase	PF00145.23	7.6e-15
Ppar_XP_019316208.1	20	295	DNA_methylase	PF00145.23	7.6e-15
Ppar_XP_019316209.1	20	295	DNA_methylase	PF00145.23	7.6e-15
Ppar_XP_019316210.1	20	295	DNA_methylase	PF00145.23	7.6e-15
Ppar_XP_019316211.1	20	295	DNA_methylase	PF00145.23	7.6e-15
Ppar_XP_019316213.1	20	295	DNA_methylase	PF00145.23	7.6e-15
Ppar_XP_053751968.1	20	295	DNA_methylase	PF00145.23	7.6e-15
Ecab_XP_070104141.1	520	652	DNA_methylase	PF00145.23	1.2e-11
Zcal_XP_035584662.1	631	763	DNA_methylase	PF00145.23	2.1e-11
Zcal_XP_035584663.1	631	763	DNA_methylase	PF00145.23	2.1e-11
Zcal_XP_035584664.1	631	763	DNA_methylase	PF00145.23	2.1e-11
Zcal_XP_035584665.1	631	763	DNA_methylase	PF00145.23	2.1e-11
Aoce_XP_023155428.1	564	696	DNA_methylase	PF00145.23	5.5e-12
Apol_XP_022055531.1	564	696	DNA_methylase	PF00145.23	5.5e-12
Cpor_XP_013011239.2	629	761	DNA_methylase	PF00145.23	2.1e-11
Cpor_XP_063087448.1	629	761	DNA_methylase	PF00145.23	2.1e-11
Cpor_XP_063087449.1	629	761	DNA_methylase	PF00145.23	2.1e-11
Ggor_XP_063558553.1	502	634	DNA_methylase	PF00145.23	1.9e-11
Saur_XP_030279755.1	543	675	DNA_methylase	PF00145.23	6.7e-12
Ccae_XP_023773466.1	36	132	DNA_methylase	PF00145.23	5.7e-15
Hsap_XP_047295902.1	587	719	DNA_methylase	PF00145.23	2.2e-11
Ppan_XP_008965732.1	587	719	DNA_methylase	PF00145.23	2.2e-11
Ptro_XP_016793181.1	587	719	DNA_methylase	PF00145.23	2.2e-11
Pabe_XP_054398097.1	587	719	DNA_methylase	PF00145.23	2.2e-11
Xtro_XP_004919670.1	674	803	DNA_methylase	PF00145.23	5.5e-11
Sans_XP_016353371.1	615	747	DNA_methylase	PF00145.23	3.7e-11
Pman_XP_015855450.2	630	762	DNA_methylase	PF00145.23	1.8e-11
Sfas_XP_029973906.1	1184	1316	DNA_methylase	PF00145.23	2.4e-12
Dque_KZT67381.1	142	501	DNA_methylase	PF00145.23	1.9e-14
Tspe_TraesTSP6A01G096000.1	91	205	DNA_methylase	PF00145.23	7.4e-10
Ttur_VAI43923.1	91	205	DNA_methylase	PF00145.23	7.4e-10
Enau_XP_029351753.1	565	697	DNA_methylase	PF00145.23	5.3e-12
Cvar_XP_015247662.1	717	849	DNA_methylase	PF00145.23	3.4e-11
Gacu_XP_040017462.1	564	696	DNA_methylase	PF00145.23	1.8e-11
Gacu_XP_040017463.1	564	696	DNA_methylase	PF00145.23	1.8e-11
Gacu_XP_040017464.1	564	696	DNA_methylase	PF00145.23	1.8e-11
Gacu_XP_040017465.1	564	696	DNA_methylase	PF00145.23	1.8e-11
Sans_XP_016353370.1	618	750	DNA_methylase	PF00145.23	3.7e-11
Gacu_XP_040049552.1	550	682	DNA_methylase	PF00145.23	5.9e-12
Sans_XP_016353373.1	612	744	DNA_methylase	PF00145.23	3.7e-11
Nfur_XP_015803094.1	471	603	DNA_methylase	PF00145.23	1.4e-11
Cvar_XP_015247663.1	706	838	DNA_methylase	PF00145.23	3.3e-11
Tgon_XP_018637517.1	445	560	DNA_methylase	PF00145.23	3.9e-14
Phavul_XP_068501610.1	422	536	DNA_methylase	PF00145.23	1.3e-10
Itri_XP_040127339.1	746	878	DNA_methylase	PF00145.23	2.1e-11
Clum_XP_034383297.1	402	534	DNA_methylase	PF00145.23	1.4e-11
Clum_XP_034383298.1	402	534	DNA_methylase	PF00145.23	1.4e-11
Cvar_XP_015247660.1	766	898	DNA_methylase	PF00145.23	3.5e-11
Pmag_XP_055078964.1	539	671	DNA_methylase	PF00145.23	7.5e-12
Gmor_XP_030201738.1	600	732	DNA_methylase	PF00145.23	4.4e-12
Pran_XP_028253845.1	564	696	DNA_methylase	PF00145.23	5.4e-12
Dlab_XP_051266000.1	585	717	DNA_methylase	PF00145.23	5.5e-12
Enau_XP_029351752.1	580	712	DNA_methylase	PF00145.23	5.5e-12
Chequi_XP_021770938.1	448	565	DNA_methylase	PF00145.23	9e-12
Gacu_XP_040017470.1	471	603	DNA_methylase	PF00145.23	1.5e-11
Easi_XP_070341841.1	516	648	DNA_methylase	PF00145.23	1.3e-11
Ates_XP_026195164.1	714	843	DNA_methylase	PF00145.23	1.3e-10
Gmor_XP_030201742.1	467	601	DNA_methylase	PF00145.23	2.7e-11
Tgel_XP_025252577.1	52	306	DNA_methylase	PF00145.23	7.6e-15
Ates_XP_026196703.1	565	697	DNA_methylase	PF00145.23	5.9e-12
Hapbur_XP_042080998.1	577	709	DNA_methylase	PF00145.23	5.9e-12
Fhet_XP_012705540.1	565	697	DNA_methylase	PF00145.23	2.8e-12
Easi_XP_070341840.1	520	652	DNA_methylase	PF00145.23	1.3e-11
Nleu_XP_030682108.1	513	645	DNA_methylase	PF00145.23	1.9e-11
Hsap_NP_001411283.1	513	645	DNA_methylase	PF00145.23	1.9e-11
Pabe_XP_063576674.1	513	645	DNA_methylase	PF00145.23	1.9e-11
Nfur_XP_015803093.1	565	697	DNA_methylase	PF00145.23	1.6e-11
Ggor_XP_063558552.1	513	645	DNA_methylase	PF00145.23	1.9e-11
Cvar_XP_015247661.1	725	857	DNA_methylase	PF00145.23	3.4e-11
Smax_XP_035500824.1	609	741	DNA_methylase	PF00145.23	7.2e-12
Bmut_XP_070235326.1	631	763	DNA_methylase	PF00145.23	2e-11
Mnem_XP_011764672.2	513	645	DNA_methylase	PF00145.23	1.9e-11
Ecab_XP_023482093.1	562	694	DNA_methylase	PF00145.23	1.3e-11
Pran_XP_028253844.1	564	696	DNA_methylase	PF00145.23	5.7e-12
Mmul_XP_028684149.1	513	645	DNA_methylase	PF00145.23	1.9e-11
Znev_XP_021915977.1	352	461	DNA_methylase	PF00145.23	2.1e-13
Znev_XP_021915978.1	352	461	DNA_methylase	PF00145.23	2.1e-13
Znev_XP_021915979.1	352	461	DNA_methylase	PF00145.23	2.1e-13
Ssp.palustris_TPX64723.1	231	589	DNA_methylase	PF00145.23	2.2e-14
Marm_XP_026174879.1	569	701	DNA_methylase	PF00145.23	6e-12
Hsap_XP_047295906.1	525	657	DNA_methylase	PF00145.23	2e-11
Pabe_XP_063576673.1	525	657	DNA_methylase	PF00145.23	2e-11
Bmut_XP_070235323.1	631	763	DNA_methylase	PF00145.23	2.1e-11
Bmut_XP_070235324.1	631	763	DNA_methylase	PF00145.23	2.1e-11
Bmut_XP_070235325.1	631	763	DNA_methylase	PF00145.23	2.1e-11
Okis_XP_031643697.1	747	879	DNA_methylase	PF00145.23	6.6e-12
Monalb_XP_020459581.1	564	696	DNA_methylase	PF00145.23	6.2e-12
Enau_XP_029351749.1	580	712	DNA_methylase	PF00145.23	5.7e-12
Cjac_XP_035154002.1	525	657	DNA_methylase	PF00145.23	2e-11
Dclu_XP_028821458.1	572	704	DNA_methylase	PF00145.23	2.2e-11
Clum_XP_034383296.1	428	560	DNA_methylase	PF00145.23	1.5e-11
Dclu_XP_028821457.1	573	705	DNA_methylase	PF00145.23	2.2e-11
Calmil_XP_042189155.1	739	871	DNA_methylase	PF00145.23	2.3e-12
Csab_XP_037839304.1	44	298	DNA_methylase	PF00145.23	7.4e-15
Okis_XP_031643698.1	747	879	DNA_methylase	PF00145.23	6.6e-12
Csab_XP_037838813.1	575	707	DNA_methylase	PF00145.23	3.3e-11
Msp.5C6A_RYP62682.1	181	254	DNA_methylase	PF00145.23	1.1e-05
Msp.5C6A_RYP62682.1	309	606	DNA_methylase	PF00145.23	1.7e-06
Lber_XP_065820294.1	569	701	DNA_methylase	PF00145.23	5.5e-12
Nfur_XP_015825045.3	700	830	DNA_methylase	PF00145.23	8e-11
Saur_XP_030279754.1	543	675	DNA_methylase	PF00145.23	7.2e-12
Pmar_XP_032810496.1	627	760	DNA_methylase	PF00145.23	9.1e-12
Onil_XP_025757518.1	1137	1270	DNA_methylase	PF00145.23	4.1e-12
Oaur_XP_039460141.1	1137	1270	DNA_methylase	PF00145.23	4.1e-12
Cypcar_XP_042630213.1	650	782	DNA_methylase	PF00145.23	1.8e-11
Easi_XP_044604165.1	558	690	DNA_methylase	PF00145.23	1.4e-11
Hsap_NP_787044.1	555	687	DNA_methylase	PF00145.23	2.1e-11
Ppan_XP_063457154.1	555	687	DNA_methylase	PF00145.23	2.1e-11
Ptro_XP_003316964.2	555	687	DNA_methylase	PF00145.23	2.1e-11
Pabe_XP_054398099.1	555	687	DNA_methylase	PF00145.23	2.1e-11
Gfro_OBZ73756.1	122	483	DNA_methylase	PF00145.23	3.9e-13
Rrox_XP_030771565.1	555	687	DNA_methylase	PF00145.23	2.1e-11
Ggor_XP_063558549.1	555	687	DNA_methylase	PF00145.23	2.1e-11
Asat_cds.AVESA.00001b.r3.5Cg0002269.4	318	434	DNA_methylase	PF00145.23	5.2e-09
Asat_cds.AVESA.00001b.r3.5Cg0002269.8	318	434	DNA_methylase	PF00145.23	5.2e-09
Panu_XP_003904917.2	555	687	DNA_methylase	PF00145.23	2.1e-11
Piltep_XP_023076355.2	555	687	DNA_methylase	PF00145.23	2.1e-11
Caty_XP_011907909.1	555	687	DNA_methylase	PF00145.23	2.1e-11
Tgel_XP_025254728.1	555	687	DNA_methylase	PF00145.23	2.1e-11
Cimi_XP_037589248.1	555	687	DNA_methylase	PF00145.23	2.1e-11
Mfas_XP_045218681.2	555	687	DNA_methylase	PF00145.23	2.1e-11
Panu_XP_021776832.2	542	674	DNA_methylase	PF00145.23	2e-11
Easi_XP_044604164.1	562	694	DNA_methylase	PF00145.23	1.4e-11
Cjac_XP_035154001.1	555	687	DNA_methylase	PF00145.23	2.1e-11
Mleu_XP_011835159.1	567	699	DNA_methylase	PF00145.23	2.1e-11
Gmor_XP_030201741.1	504	638	DNA_methylase	PF00145.23	2.9e-11
Mnem_XP_011764669.2	555	687	DNA_methylase	PF00145.23	2.1e-11
Phyp_XP_033602441.1	272	635	DNA_methylase	PF00145.23	4e-14
Sbic_XP_021306951.1	482	598	DNA_methylase	PF00145.23	1.4e-11
Sbol_XP_039335180.1	555	687	DNA_methylase	PF00145.23	2.1e-11
Dclu_XP_028821455.1	589	721	DNA_methylase	PF00145.23	2.2e-11
Mmar_XP_015337188.1	578	710	DNA_methylase	PF00145.23	8.6e-12
Asat_cds.AVESA.00001b.r3.5Cg0002267.13	435	551	DNA_methylase	PF00145.23	4.4e-09
Mmul_XP_015004695.2	555	687	DNA_methylase	PF00145.23	2.1e-11
Sbic_XP_002468660.2	485	601	DNA_methylase	PF00145.23	1.4e-11
Smed_h1SMcT0000144.1	6	230	DNA_methylase	PF00145.23	8.8e-15
Hsap_NP_787046.1	567	699	DNA_methylase	PF00145.23	2.1e-11
Ppan_XP_063457153.1	567	699	DNA_methylase	PF00145.23	2.1e-11
Ptro_XP_016793182.1	567	699	DNA_methylase	PF00145.23	2.1e-11
Pabe_XP_054398098.1	567	699	DNA_methylase	PF00145.23	2.1e-11
Cang_XP_011815137.1	567	699	DNA_methylase	PF00145.23	2.1e-11
Rros_XP_047775513.1	129	489	DNA_methylase	PF00145.23	2e-14
Tcal_KIO24968.1	4	170	DNA_methylase	PF00145.23	8.1e-14
Tgel_XP_025254727.1	567	699	DNA_methylase	PF00145.23	2.1e-11
Cimi_XP_037589238.1	567	699	DNA_methylase	PF00145.23	2.1e-11
Cvar_XP_015247659.1	766	898	DNA_methylase	PF00145.23	3.6e-11
Fdam_XP_010626736.1	594	727	DNA_methylase	PF00145.23	5.3e-12
Dclu_XP_028821454.1	597	729	DNA_methylase	PF00145.23	2.3e-11
Lber_XP_065820290.1	569	701	DNA_methylase	PF00145.23	5.8e-12
Ecur_TVU48648.1	470	586	DNA_methylase	PF00145.23	1.1e-09
Dclu_XP_028821452.1	598	730	DNA_methylase	PF00145.23	2.3e-11
Cjac_XP_035154000.1	567	699	DNA_methylase	PF00145.23	2.1e-11
Okis_XP_020343226.1	719	851	DNA_methylase	PF00145.23	9.3e-12
Msp.CRB92_RYP67767.1	185	254	DNA_methylase	PF00145.23	1.3e-05
Msp.CRB92_RYP67767.1	312	609	DNA_methylase	PF00145.23	1.6e-06
Mluc_XP_023610136.1	562	694	DNA_methylase	PF00145.23	2e-11
Omyk_XP_036810469.1	719	851	DNA_methylase	PF00145.23	9.3e-12
Bmin_symbB.v1.2.002434.t1|scaffold129.1|size311234|23	58	404	DNA_methylase	PF00145.23	1.1e-13
Tcac_XP_017975648.1	513	627	DNA_methylase	PF00145.23	4.1e-11
Bmin_symbB.v1.2.015215.t1|scaffold1104.1|size137596|11	21	159	DNA_methylase	PF00145.23	7.7e-13
Gcer_RIA92281.1	2	54	DNA_methylase	PF00145.23	7.6e-15
Onil_XP_005448535.1	1187	1320	DNA_methylase	PF00145.23	4.3e-12
Onil_XP_025757516.1	1187	1320	DNA_methylase	PF00145.23	4.3e-12
Onil_XP_025757517.1	1187	1320	DNA_methylase	PF00145.23	4.3e-12
Oaur_XP_031591745.1	1187	1320	DNA_methylase	PF00145.23	4.3e-12
Oaur_XP_039460139.1	1187	1320	DNA_methylase	PF00145.23	4.3e-12
Oaur_XP_039460140.1	1187	1320	DNA_methylase	PF00145.23	4.3e-12
Asat_cds.AVESA.00001b.r3.3Ag0000081.2	481	600	DNA_methylase	PF00145.23	2e-10
Mluc_XP_023610137.1	558	690	DNA_methylase	PF00145.23	1.9e-11
Lsat_XP_023733158.1	482	597	DNA_methylase	PF00145.23	1.2e-10
Myrmur_XP_029910646.1	1224	1357	DNA_methylase	PF00145.23	1.9e-12
Ates_XP_026195166.1	714	843	DNA_methylase	PF00145.23	1.2e-10
Okis_XP_020343227.1	719	851	DNA_methylase	PF00145.23	9.2e-12
Csat_XP_010420108.1	504	619	DNA_methylase	PF00145.23	3.6e-09
Panu_XP_017800372.2	584	716	DNA_methylase	PF00145.23	2.2e-11
Omyk_XP_036810470.1	719	851	DNA_methylase	PF00145.23	9.2e-12
Drer_NP_001018315.1	1014	1138	DNA_methylase	PF00145.23	4.8e-12
Gacu_XP_040049888.1	1173	1306	DNA_methylase	PF00145.23	4.2e-12
Gacu_XP_040049889.1	1173	1306	DNA_methylase	PF00145.23	4.2e-12
Gacu_XP_040049890.1	1173	1306	DNA_methylase	PF00145.23	4.2e-12
Nfur_XP_015803092.1	570	702	DNA_methylase	PF00145.23	1.7e-11
Omyk_XP_036818500.1	766	898	DNA_methylase	PF00145.23	6.8e-12
Fcat_XP_011281922.2	20	295	DNA_methylase	PF00145.23	9.6e-15
Fcat_XP_011281923.2	20	295	DNA_methylase	PF00145.23	9.6e-15
Fcat_XP_019689557.2	20	295	DNA_methylase	PF00145.23	9.6e-15
Fcat_XP_044916889.1	20	295	DNA_methylase	PF00145.23	9.6e-15
Fcat_XP_044916890.1	20	295	DNA_methylase	PF00145.23	9.6e-15
Fcat_XP_044916891.1	20	295	DNA_methylase	PF00145.23	9.6e-15
Fcat_XP_044916892.1	20	295	DNA_methylase	PF00145.23	9.6e-15
Clum_XP_034383292.1	471	603	DNA_methylase	PF00145.23	1.6e-11
Phavul_XP_068501608.1	464	578	DNA_methylase	PF00145.23	1.4e-10
Phavul_XP_068501609.1	464	578	DNA_methylase	PF00145.23	1.4e-10
Omyk_XP_036818501.1	766	898	DNA_methylase	PF00145.23	6.8e-12
Mluc_XP_023610138.1	537	669	DNA_methylase	PF00145.23	1.9e-11
Pran_XP_028265708.1	590	721	DNA_methylase	PF00145.23	8.3e-12
Pret_XP_008412623.2	1181	1313	DNA_methylase	PF00145.23	1.2e-11
Saur_XP_030261440.1	564	696	DNA_methylase	PF00145.23	5.7e-12
Chequi_XP_021770937.1	490	607	DNA_methylase	PF00145.23	1e-11
Horvul_XP_044954878.1	160	274	DNA_methylase	PF00145.23	5.2e-10
Gsin_PIL24715.1	187	544	DNA_methylase	PF00145.23	3.5e-14
Saur_XP_030261439.1	568	700	DNA_methylase	PF00145.23	5.7e-12
Pame_KIW70371	1106	1303	DNA_methylase	PF00145.23	2.8e-12
Ccin_XP_001831325.2	99	338	DNA_methylase	PF00145.23	7.2e-15
Toce_EJK67022.1	109	491	DNA_methylase	PF00145.23	8.4e-14
Takrub_XP_011610598.1	563	695	DNA_methylase	PF00145.23	4.8e-12
Etel_XP_004697976.1	574	706	DNA_methylase	PF00145.23	1.8e-11
Vung_XP_027924486.1	464	578	DNA_methylase	PF00145.23	1.3e-10
Vung_XP_027924487.1	464	578	DNA_methylase	PF00145.23	1.3e-10
Ttur_VAI10452.1	457	571	DNA_methylase	PF00145.23	2.8e-08
Clum_XP_034392936.1	1197	1331	DNA_methylase	PF00145.23	4e-12
Amex_XP_049322941.1	571	703	DNA_methylase	PF00145.23	5.2e-11
Gmor_XP_030201740.1	556	690	DNA_methylase	PF00145.23	3.2e-11
Rchi_XP_040370899.1	424	538	DNA_methylase	PF00145.23	5.9e-10
Asat_cds.AVESA.00001b.r3.3Ag0000081.1	533	652	DNA_methylase	PF00145.23	2.3e-10
Scom_XP_019023018.1	233	403	DNA_methylase	PF00145.23	1.8e-14
Gmor_XP_030201739.1	560	694	DNA_methylase	PF00145.23	3.2e-11
Cypcar_XP_042630211.1	699	831	DNA_methylase	PF00145.23	1.9e-11
Asat_cds.AVESA.00001b.r3.3Ag0000081.3	545	664	DNA_methylase	PF00145.23	2.4e-10
Smax_XP_035472846.1	565	697	DNA_methylase	PF00145.23	6.1e-12
Drer_XP_021325425.1	1013	1137	DNA_methylase	PF00145.23	4.8e-12
Drer_XP_068072782.1	1013	1137	DNA_methylase	PF00145.23	4.8e-12
Cypcar_XP_042630209.1	704	836	DNA_methylase	PF00145.23	1.9e-11
Krymar_XP_037833008.1	525	655	DNA_methylase	PF00145.23	8.2e-12
Hhuc_ENSHHUP00000027233.1	7	61	DNA_methylase	PF00145.23	9.4e-15
Hhuc_ENSHHUP00000027838.1	7	61	DNA_methylase	PF00145.23	9.4e-15
Asat_cds.AVESA.00001b.r3.5Cg0002267.1	470	586	DNA_methylase	PF00145.23	4.8e-09
Asat_cds.AVESA.00001b.r3.5Cg0002267.3	470	586	DNA_methylase	PF00145.23	4.8e-09
Asat_cds.AVESA.00001b.r3.3Ag0000081.4	540	659	DNA_methylase	PF00145.23	2.4e-10
Lcro_XP_027139778.1	586	718	DNA_methylase	PF00145.23	5.4e-12
Amex_XP_049322940.1	596	728	DNA_methylase	PF00145.23	5.4e-11
Mpus_XP_003056518.1	13	98	DNA_methylase	PF00145.23	2.1e-14
Pret_XP_008395519.1	433	565	DNA_methylase	PF00145.23	8.4e-12
Tspe_TraesTSP4B01G356700.1	477	591	DNA_methylase	PF00145.23	2.9e-08
Pnat_XP_017549958.1	708	837	DNA_methylase	PF00145.23	5e-11
Itri_XP_040145011.1	575	707	DNA_methylase	PF00145.23	9.8e-12
Corcap_OMO59188.1	502	618	DNA_methylase	PF00145.23	1.4e-10
Sfas_XP_029965944.1	575	707	DNA_methylase	PF00145.23	5.8e-12
Lsig_VDM92787.1	18	253	DNA_methylase	PF00145.23	1.1e-14
Taes_XP_044371622.1	479	593	DNA_methylase	PF00145.23	2.9e-08
Ttur_VAI10451.1	479	593	DNA_methylase	PF00145.23	2.9e-08
Tpra_XP_045797714.1	37	164	DNA_methylase	PF00145.23	9.4e-15
Ltig_XP_067533848.1	142	500	DNA_methylase	PF00145.23	4.9e-14
Asol_PBK69223.1	117	481	DNA_methylase	PF00145.23	3.8e-14
Gmor_XP_030201734.1	596	730	DNA_methylase	PF00145.23	3.4e-11
Dlab_XP_051266004.1	569	701	DNA_methylase	PF00145.23	5.7e-12
Smoe_XP_024531159.1	241	358	DNA_methylase	PF00145.23	2e-13
Csab_XP_008018848.1	555	687	DNA_methylase	PF00145.23	3.1e-11
Gmor_XP_030201731.1	600	734	DNA_methylase	PF00145.23	3.4e-11
Gmor_XP_030201732.1	600	734	DNA_methylase	PF00145.23	3.4e-11
Bcon_TGO46644.1	604	755	DNA_methylase	PF00145.23	2.8e-13
Salsal_XP_045579611.1	811	943	DNA_methylase	PF00145.23	7.2e-12
Otsh_XP_024292707.1	717	849	DNA_methylase	PF00145.23	9.3e-12
Lcro_XP_027139775.1	586	718	DNA_methylase	PF00145.23	5.5e-12
Cmar_TFK29687.1	154	514	DNA_methylase	PF00145.23	4.7e-14
Hann_XP_021975586.1	460	576	DNA_methylase	PF00145.23	1.2e-09
Asat_cds.AVESA.00001b.r3.5Ag0002652.1	280	396	DNA_methylase	PF00145.23	4.4e-09
Dlab_XP_051266002.1	585	717	DNA_methylase	PF00145.23	5.9e-12
Salsal_XP_045579612.1	811	943	DNA_methylase	PF00145.23	7.2e-12
Plat_XP_014884259.1	433	565	DNA_methylase	PF00145.23	9.3e-12
Pfor_XP_016520648.1	433	565	DNA_methylase	PF00145.23	9.3e-12
Pmex_XP_014857728.1	433	565	DNA_methylase	PF00145.23	9.3e-12
Pmag_XP_033844506.2	741	870	DNA_methylase	PF00145.23	8.5e-11
Hvar_PMD44374.1	309	645	DNA_methylase	PF00145.23	8.6e-15
Otsh_XP_024292708.1	717	849	DNA_methylase	PF00145.23	9.2e-12
Amex_XP_049322933.1	627	759	DNA_methylase	PF00145.23	5.7e-11
Char_XP_031436935.1	422	554	DNA_methylase	PF00145.23	6.8e-11
Plat_XP_014884257.1	504	636	DNA_methylase	PF00145.23	1.1e-11
Pfor_XP_007574326.1	504	636	DNA_methylase	PF00145.23	1.1e-11
Pmex_XP_014857726.1	504	636	DNA_methylase	PF00145.23	1.1e-11
Locu_XP_015220488.1	541	673	DNA_methylase	PF00145.23	1.4e-11
Sgra_XP_029739446.1	131	216	DNA_methylase	PF00145.23	1.6e-14
Pret_XP_008395518.1	471	603	DNA_methylase	PF00145.23	9.1e-12
Csat_XP_010453588.1	504	619	DNA_methylase	PF00145.23	2.8e-09
Sita_XP_004986027.1	479	596	DNA_methylase	PF00145.23	1e-09
Svir_XP_034572985.1	479	596	DNA_methylase	PF00145.23	1e-09
Clum_XP_034383289.1	564	696	DNA_methylase	PF00145.23	1.9e-11
Locu_XP_015220487.1	551	683	DNA_methylase	PF00145.23	1.4e-11
Locu_XP_015220486.1	553	685	DNA_methylase	PF00145.23	1.4e-11
Fcar_GMN42532.1	561	675	DNA_methylase	PF00145.23	1.8e-10
Amex_XP_049322925.1	646	778	DNA_methylase	PF00145.23	5.9e-11
Cput_XP_007771057.1	122	480	DNA_methylase	PF00145.23	9.8e-14
Crei_XP_042926574.1	910	1020	DNA_methylase	PF00145.23	9.2e-09
Ppat_XP_024396931.1	713	829	DNA_methylase	PF00145.23	8.1e-13
Ppat_XP_024396932.1	713	829	DNA_methylase	PF00145.23	8.1e-13
Pret_XP_008395513.1	564	696	DNA_methylase	PF00145.23	1.1e-11
Pret_XP_008395514.1	564	696	DNA_methylase	PF00145.23	1.1e-11
Crei_XP_042926573.1	909	1019	DNA_methylase	PF00145.23	9.2e-09
Olat_XP_011475804.1	1163	1295	DNA_methylase	PF00145.23	2.2e-11
Olat_XP_011475805.1	1163	1295	DNA_methylase	PF00145.23	2.2e-11
Lper_XP_051210974.1	536	651	DNA_methylase	PF00145.23	3.8e-08
Rchi_XP_024183048.1	473	587	DNA_methylase	PF00145.23	6.8e-10
Ggor_XP_055208216.1	52	306	DNA_methylase	PF00145.23	1.4e-14
Osin_XP_036361612.1	467	600	DNA_methylase	PF00145.23	1.7e-14
Plat_XP_014884258.1	471	603	DNA_methylase	PF00145.23	1e-11
Pmag_XP_033846338.1	564	696	DNA_methylase	PF00145.23	1.1e-11
Pfor_XP_007574406.1	471	603	DNA_methylase	PF00145.23	1e-11
Pmex_XP_014857727.1	471	603	DNA_methylase	PF00145.23	1e-11
Ccaj_XP_020234702.1	465	579	DNA_methylase	PF00145.23	1.6e-10
Ccaj_XP_020234703.1	465	579	DNA_methylase	PF00145.23	1.6e-10
Drer_XP_068070510.1	698	827	DNA_methylase	PF00145.23	2.8e-11
Eucgra_XP_010033293.2	474	588	DNA_methylase	PF00145.23	8e-11
Eucgra_XP_039159880.1	474	588	DNA_methylase	PF00145.23	8e-11
Eucgra_XP_039159881.1	474	588	DNA_methylase	PF00145.23	8e-11
Vang_XP_017439831.1	464	578	DNA_methylase	PF00145.23	1.8e-10
Vang_XP_017439832.1	464	578	DNA_methylase	PF00145.23	1.8e-10
Csp.DSE1049_PVH80633.1	378	558	DNA_methylase	PF00145.23	9.9e-15
Ecru_scaffold171.251.cds	482	598	DNA_methylase	PF00145.23	3.7e-10
Aflo_XP_003693470.3	207	289	DNA_methylase	PF00145.23	1.2e-14
Galmar_KDR80696.1	146	509	DNA_methylase	PF00145.23	2.3e-14
Smoe_XP_024539212.1	441	558	DNA_methylase	PF00145.23	2.1e-13
Csem_XP_016889230.1	405	537	DNA_methylase	PF00145.23	7.3e-12
Eamp_KAF2218436.1	332	703	DNA_methylase	PF00145.23	1.4e-13
Pdul_XP_034210304.1	460	574	DNA_methylase	PF00145.23	3.2e-09
Pruper_XP_020414709.1	460	574	DNA_methylase	PF00145.23	3.2e-09
Plat_XP_014884252.1	564	696	DNA_methylase	PF00145.23	1.2e-11
Plat_XP_014884253.1	564	696	DNA_methylase	PF00145.23	1.2e-11
Uhor_XP_041410986.1	418	650	DNA_methylase	PF00145.23	9e-13
Dfra_TFY66733.1	142	476	DNA_methylase	PF00145.23	1.6e-13
Pmex_XP_014857721.1	564	696	DNA_methylase	PF00145.23	1.2e-11
Pmex_XP_014857722.1	564	696	DNA_methylase	PF00145.23	1.2e-11
Plat_XP_014884254.1	564	696	DNA_methylase	PF00145.23	1.2e-11
Pfor_XP_007573949.1	564	696	DNA_methylase	PF00145.23	1.2e-11
Pfor_XP_007574023.1	564	696	DNA_methylase	PF00145.23	1.2e-11
Lber_XP_029131695.2	719	848	DNA_methylase	PF00145.23	3e-10
Locu_XP_069035587.1	594	726	DNA_methylase	PF00145.23	1.5e-11
Pmex_XP_014857723.1	564	696	DNA_methylase	PF00145.23	1.2e-11
Pfor_XP_007574091.1	564	696	DNA_methylase	PF00145.23	1.2e-11
Smoe_XP_002978405.2	453	570	DNA_methylase	PF00145.23	2.2e-13
Asat_cds.AVESA.00001b.r3.5Cg0002267.7	533	649	DNA_methylase	PF00145.23	5.7e-09
Asat_cds.AVESA.00001b.r3.5Cg0002267.8	533	649	DNA_methylase	PF00145.23	5.7e-09
Drer_XP_068072770.1	1221	1330	DNA_methylase	PF00145.23	3.9e-13
Asat_cds.AVESA.00001b.r3.5Ag0002652.2	306	422	DNA_methylase	PF00145.23	4.9e-09
Asat_cds.AVESA.00001b.r3.5Ag0002652.3	306	422	DNA_methylase	PF00145.23	4.9e-09
Isca_XP_040064067.1	58	186	DNA_methylase	PF00145.23	3.6e-12
Gmor_XP_030216653.1	531	663	DNA_methylase	PF00145.23	4.4e-12
Caraur_XP_026141670.1	697	826	DNA_methylase	PF00145.23	3.1e-11
Cypcar_XP_042598578.1	700	829	DNA_methylase	PF00145.23	3.1e-11
Bmin_symbB.v1.2.001531.t1|scaffold72.1|size350636|2	774	935	DNA_methylase	PF00145.23	1.2e-14
Mpus_XP_003058680.1	31	86	DNA_methylase	PF00145.23	1.1e-14
Pavi_XP_021817090.1	460	574	DNA_methylase	PF00145.23	3.2e-09
Omel_XP_024147674.1	564	696	DNA_methylase	PF00145.23	1.3e-11
Pgri_XP_040652018.1	103	485	DNA_methylase	PF00145.23	3.9e-14
Aoff_XP_020260564.1	490	607	DNA_methylase	PF00145.23	3.3e-10
Aoff_XP_020260565.1	490	607	DNA_methylase	PF00145.23	3.3e-10
Amex_XP_022528616.2	722	851	DNA_methylase	PF00145.23	4.8e-11
Char_XP_031435608.1	767	899	DNA_methylase	PF00145.23	6.3e-11
Char_XP_031435609.1	766	898	DNA_methylase	PF00145.23	6.3e-11
Char_XP_031436934.1	568	700	DNA_methylase	PF00145.23	9.1e-11
Taes_XP_044346397.1	621	736	DNA_methylase	PF00145.23	1.1e-09
Char_XP_012677852.2	767	899	DNA_methylase	PF00145.23	6.2e-11
Hcom_XP_019720742.1	638	770	DNA_methylase	PF00145.23	1.5e-12
Char_XP_031435611.1	766	898	DNA_methylase	PF00145.23	6.2e-11
Gaff_XP_043971184.1	549	681	DNA_methylase	PF00145.23	2e-11
Dleu_XP_022436315.1	46	305	DNA_methylase	PF00145.23	1.7e-14
Pcla_XP_045581597.2	239	399	DNA_methylase	PF00145.23	7.6e-14
Fexc_FRAEX38873_v2_000210200.1.cds	472	586	DNA_methylase	PF00145.23	1.4e-10
Fexc_FRAEX38873_v2_000210200.3.cds	472	586	DNA_methylase	PF00145.23	1.4e-10
Ecru_scaffold46.26.cds	453	566	DNA_methylase	PF00145.23	8.3e-10
Ecru_scaffold428.7.cds	423	536	DNA_methylase	PF00145.23	7.2e-10
Char_XP_031436933.1	593	725	DNA_methylase	PF00145.23	9.5e-11
Takrub_XP_011612242.2	702	831	DNA_methylase	PF00145.23	1.8e-10
Vrad_XP_022638459.1	118	191	DNA_methylase	PF00145.23	1.3e-14
Oglu_OGLUM11G00490.1	163	275	DNA_methylase	PF00145.23	2.3e-09
Fexc_FRAEX38873_v2_000210200.2.cds	477	591	DNA_methylase	PF00145.23	1.4e-10
Caraur_XP_026108165.1	1158	1291	DNA_methylase	PF00145.23	2.3e-11
Gaff_XP_043971019.1	549	681	DNA_methylase	PF00145.23	2e-11
Gaff_XP_043971099.1	548	680	DNA_methylase	PF00145.23	2e-11
Qsub_XP_065619304.1	478	592	DNA_methylase	PF00145.23	6.4e-10
Qsub_XP_065619305.1	478	592	DNA_methylase	PF00145.23	6.4e-10
Olat_XP_023808488.1	564	696	DNA_methylase	PF00145.23	1.3e-11
Cyncar_XP_024974277.1	473	587	DNA_methylase	PF00145.23	1.7e-10
Cyncar_XP_024974278.1	473	587	DNA_methylase	PF00145.23	1.7e-10
Cyncar_XP_024974279.1	473	587	DNA_methylase	PF00145.23	1.7e-10
Lang_XP_019428749.1	460	574	DNA_methylase	PF00145.23	6e-11
Elat_EMR66744.1	243	313	DNA_methylase	PF00145.23	3.1e-05
Elat_EMR66744.1	369	585	DNA_methylase	PF00145.23	2.2e-06
Clum_XP_034383294.1	471	603	DNA_methylase	PF00145.23	1.4e-11
Lang_XP_019428746.1	462	576	DNA_methylase	PF00145.23	6.1e-11
Lang_XP_019428748.1	462	576	DNA_methylase	PF00145.23	6.1e-11
Gacu_XP_040017466.1	564	696	DNA_methylase	PF00145.23	1.7e-11
Pisver_XP_031264169.1	423	537	DNA_methylase	PF00145.23	6.6e-10
Ahaa_ENSAHAP00000023510.1	427	560	DNA_methylase	PF00145.23	5.6e-13
Caraur_XP_026126088.1	1158	1291	DNA_methylase	PF00145.23	2.3e-11
Csem_XP_016889229.1	473	605	DNA_methylase	PF00145.23	8.5e-12
Maur_XP_040602455.1	585	718	DNA_methylase	PF00145.23	1.2e-12
Ldel_RWS19290.1	190	279	DNA_methylase	PF00145.23	1.4e-14
Ccit_KAF8009313.1	25	286	DNA_methylase	PF00145.23	1.7e-13
Caraur_XP_026126087.1	1181	1314	DNA_methylase	PF00145.23	2.3e-11
Caraur_XP_026108164.1	1181	1314	DNA_methylase	PF00145.23	2.3e-11
Bpae_TGO21941.1	141	530	DNA_methylase	PF00145.23	3.7e-14
Bter_XP_020722249.2	867	995	DNA_methylase	PF00145.23	4.1e-13
Bter_XP_048265477.1	867	995	DNA_methylase	PF00145.23	4.1e-13
Asat_cds.AVESA.00001b.r3.5Cg0002269.9	435	551	DNA_methylase	PF00145.23	7.8e-09
Kfed_Kaladp0059s0046.1.v1.1	477	591	DNA_methylase	PF00145.23	1.2e-10
Char_XP_031436930.1	622	754	DNA_methylase	PF00145.23	1e-10
Okis_XP_020362308.1	1275	1408	DNA_methylase	PF00145.23	1.8e-11
Lber_XP_020482933.2	719	848	DNA_methylase	PF00145.23	2.8e-10
Hcom_XP_019720741.1	758	890	DNA_methylase	PF00145.23	1.8e-12
Cgri_XP_035302419.1	485	618	DNA_methylase	PF00145.23	9.5e-13
Char_XP_031436928.1	630	762	DNA_methylase	PF00145.23	1e-10
Zmay_NP_001131171.1	486	603	DNA_methylase	PF00145.23	1.2e-09
Aost_SJL04064.1	117	481	DNA_methylase	PF00145.23	6.8e-14
Takrub_XP_011612231.2	702	831	DNA_methylase	PF00145.23	1.9e-10
Ccra_RDW92414.1	289	639	DNA_methylase	PF00145.23	3.3e-14
Char_XP_031436932.1	609	741	DNA_methylase	PF00145.23	9.8e-11
Serdum_XP_022618862.1	545	676	DNA_methylase	PF00145.23	2.3e-11
Singra_XP_016148336.1	652	784	DNA_methylase	PF00145.23	8e-13
Singra_XP_016140324.1	452	584	DNA_methylase	PF00145.23	1.1e-12
Singra_XP_016140325.1	452	584	DNA_methylase	PF00145.23	1.1e-12
Singra_XP_016140326.1	452	584	DNA_methylase	PF00145.23	1.1e-12
Csem_XP_016889228.1	498	630	DNA_methylase	PF00145.23	9e-12
Rpro_RPRC000633-PA	158	284	DNA_methylase	PF00145.23	2.4e-14
Ador_XP_031367584.1	823	982	DNA_methylase	PF00145.23	1.5e-14
Ador_XP_031367585.1	823	982	DNA_methylase	PF00145.23	1.5e-14
Ador_XP_031367586.1	823	982	DNA_methylase	PF00145.23	1.5e-14
Tnig_CAF96170.1	40	125	DNA_methylase	PF00145.23	8.2e-11
Csem_XP_016889227.1	507	639	DNA_methylase	PF00145.23	9.2e-12
Cvis_KZO91677.1	138	505	DNA_methylase	PF00145.23	3.7e-14
Sorb_XP_029995866.1	1183	1316	DNA_methylase	PF00145.23	2.9e-12
Caraur_XP_026108161.1	1225	1358	DNA_methylase	PF00145.23	2.4e-11
Caraur_XP_026108162.1	1225	1358	DNA_methylase	PF00145.23	2.4e-11
Hcom_XP_019720740.1	791	923	DNA_methylase	PF00145.23	1.9e-12
Mpah_XP_021048457.1	476	609	DNA_methylase	PF00145.23	3.2e-11
Caraur_XP_026108163.1	1202	1335	DNA_methylase	PF00145.23	2.4e-11
Csem_XP_016889226.1	515	647	DNA_methylase	PF00145.23	9.4e-12
Asat_cds.AVESA.00001b.r3.5Cg0002269.1	459	575	DNA_methylase	PF00145.23	8.4e-09
Asat_cds.AVESA.00001b.r3.5Cg0002269.2	459	575	DNA_methylase	PF00145.23	8.4e-09
Ggal_XP_040536861.1	21	287	DNA_methylase	PF00145.23	3e-14
Ggal_XP_040536869.1	21	287	DNA_methylase	PF00145.23	3e-14
Ggal_XP_040536877.1	21	287	DNA_methylase	PF00145.23	3e-14
Oglu_OGLUM11G00490.3	217	329	DNA_methylase	PF00145.23	3.1e-09
Achr_XP_040984697.1	1024	1156	DNA_methylase	PF00145.23	9e-12
Taes_XP_044411648.1	448	562	DNA_methylase	PF00145.23	1.2e-09
Singra_XP_016140323.1	478	610	DNA_methylase	PF00145.23	1.2e-12
Caraur_XP_026126086.1	1202	1335	DNA_methylase	PF00145.23	2.4e-11
Caraur_XP_026126084.1	1225	1358	DNA_methylase	PF00145.23	2.4e-11
Caraur_XP_026126085.1	1225	1358	DNA_methylase	PF00145.23	2.4e-11
Stru_XP_029574865.1	1272	1405	DNA_methylase	PF00145.23	2.1e-11
Stru_XP_029574864.1	1286	1419	DNA_methylase	PF00145.23	2.2e-11
Maur_XP_040602458.1	523	656	DNA_methylase	PF00145.23	1e-12
Sfas_XP_029972001.1	675	812	DNA_methylase	PF00145.23	8.6e-11
Zmay_XP_008677397.1	510	627	DNA_methylase	PF00145.23	1.3e-09
Csem_XP_008311559.1	564	696	DNA_methylase	PF00145.23	1e-11
Csem_XP_016889223.1	566	698	DNA_methylase	PF00145.23	1e-11
Singra_XP_016140319.1	491	623	DNA_methylase	PF00145.23	1.2e-12
Cgri_XP_035302418.1	526	659	DNA_methylase	PF00145.23	1e-12
Natt_XP_019257876.1	483	597	DNA_methylase	PF00145.23	2.1e-10
Natt_XP_019257923.1	483	597	DNA_methylase	PF00145.23	2.1e-10
Mzeb_XP_024655506.1	104	211	DNA_methylase	PF00145.23	4.4e-10
Tspe_TraesTSP3B01G543600.1	253	369	DNA_methylase	PF00145.23	1.3e-09
Tspe_TraesTSP3B01G543800.1	253	369	DNA_methylase	PF00145.23	1.3e-09
Scil_XP_065191717.1	872	1002	DNA_methylase	PF00145.23	2.8e-12
Singra_XP_016140317.1	496	628	DNA_methylase	PF00145.23	1.2e-12
Cchr_ROV89882.1	334	626	DNA_methylase	PF00145.23	6.2e-12
Pran_XP_028264942.1	1173	1306	DNA_methylase	PF00145.23	3.2e-12
Ampcit_ENSACIP00000014954.1	1147	1280	DNA_methylase	PF00145.23	8.6e-12
Exen_XP_013315923.1	1142	1359	DNA_methylase	PF00145.23	2.6e-13
Bmin_symbB.v1.2.002526.t1|scaffold134.1|size305535|10	122	463	DNA_methylase	PF00145.23	1.1e-13
Clum_XP_034383290.1	564	696	DNA_methylase	PF00145.23	1.7e-11
Saur_XP_030299889.1	722	853	DNA_methylase	PF00145.23	1.1e-10
Fdam_XP_033615481.1	107	172	DNA_methylase	PF00145.23	2.1e-14
Asat_cds.AVESA.00001b.r3.5Dg0002172.1	319	435	DNA_methylase	PF00145.23	6.6e-09
Lcro_XP_027144353.1	73	188	DNA_methylase	PF00145.23	2.5e-11
Eele_XP_035385293.1	653	790	DNA_methylase	PF00145.23	1.3e-10
Phisub_CZR59860.1	180	513	DNA_methylase	PF00145.23	6.4e-14
Ampcit_ENSACIP00000014938.1	1164	1297	DNA_methylase	PF00145.23	8.7e-12
Bcal_TEY70231.1	131	507	DNA_methylase	PF00145.23	8.2e-14
Singra_XP_016148331.1	701	833	DNA_methylase	PF00145.23	8.6e-13
Mluc_XP_023610133.1	578	710	DNA_methylase	PF00145.23	2e-11
Mluc_XP_023610134.1	578	710	DNA_methylase	PF00145.23	2e-11
Lsul_XP_040768478.1	127	488	DNA_methylase	PF00145.23	7.5e-14
Cann_XP_016543977.2	485	601	DNA_methylase	PF00145.23	5.5e-10
Cann_XP_016543978.1	485	601	DNA_methylase	PF00145.23	5.5e-10
Bter_XP_020722235.2	904	1032	DNA_methylase	PF00145.23	4.4e-13
Singra_XP_016148329.1	705	837	DNA_methylase	PF00145.23	8.7e-13
Singra_XP_016148327.1	706	838	DNA_methylase	PF00145.23	8.7e-13
Singra_XP_016148328.1	706	838	DNA_methylase	PF00145.23	8.7e-13
Maur_XP_040602456.1	565	698	DNA_methylase	PF00145.23	1.1e-12
Tame_XP_040736371.1	174	342	DNA_methylase	PF00145.23	2.1e-13
Panhal_XP_025793281.1	479	594	DNA_methylase	PF00145.23	1.6e-09
Srhi_XP_016410116.1	452	584	DNA_methylase	PF00145.23	1e-12
Srhi_XP_016410117.1	452	584	DNA_methylase	PF00145.23	1e-12
Srhi_XP_016410118.1	452	584	DNA_methylase	PF00145.23	1e-12
Srhi_XP_016410119.1	452	584	DNA_methylase	PF00145.23	1e-12
Srhi_XP_016410120.1	452	584	DNA_methylase	PF00145.23	1e-12
Srhi_XP_016410121.1	452	584	DNA_methylase	PF00145.23	1e-12
Srhi_XP_016410123.1	452	584	DNA_methylase	PF00145.23	1e-12
Tdic_XP_037455919.1	448	562	DNA_methylase	PF00145.23	1.2e-09
Pcro_KIM90376.1	139	497	DNA_methylase	PF00145.23	1.2e-13
Slal_XP_023248792.1	545	676	DNA_methylase	PF00145.23	3.1e-11
Pcin_XP_020846482.1	551	684	DNA_methylase	PF00145.23	5.8e-13
Gacu_XP_040017468.1	564	696	DNA_methylase	PF00145.23	1.7e-11
Cgri_XP_035302416.1	588	721	DNA_methylase	PF00145.23	1.2e-12
Csem_XP_016889222.1	573	705	DNA_methylase	PF00145.23	1e-11
Asat_cds.AVESA.00001b.r3.5Ag0002653.3	280	396	DNA_methylase	PF00145.23	4.4e-09
Asat_cds.AVESA.00001b.r3.5Ag0002653.5	280	396	DNA_methylase	PF00145.23	4.4e-09
Cgri_XP_035302417.1	568	701	DNA_methylase	PF00145.23	1.1e-12
Tcoc_OSD04790.1	133	495	DNA_methylase	PF00145.23	1.3e-13
Ttur_VAH72246.1	499	616	DNA_methylase	PF00145.23	3.4e-10
Csem_XP_016889218.1	575	707	DNA_methylase	PF00145.23	1.1e-11
Csem_XP_016889219.1	575	707	DNA_methylase	PF00145.23	1.1e-11
Csem_XP_016889220.1	575	707	DNA_methylase	PF00145.23	1.1e-11
Csem_XP_016889221.1	575	707	DNA_methylase	PF00145.23	1.1e-11
Csem_XP_024912727.1	575	707	DNA_methylase	PF00145.23	1.1e-11
Ador_XP_031367583.1	922	1055	DNA_methylase	PF00145.23	1.9e-14
Asat_cds.AVESA.00001b.r3.5Cg0002269.7	494	610	DNA_methylase	PF00145.23	9.2e-09
Sfas_XP_029971998.1	724	861	DNA_methylase	PF00145.23	8.8e-11
Lcal_XP_018516997.1	545	676	DNA_methylase	PF00145.23	2.8e-11
Ttur_VAI41356.1	186	260	DNA_methylase	PF00145.23	2.3e-14
Tura_XP_048536661.1	446	566	DNA_methylase	PF00145.23	7.8e-09
Otsh_XP_024240058.1	1199	1331	DNA_methylase	PF00145.23	2.4e-11
Csat_XP_010492275.1	504	619	DNA_methylase	PF00145.23	4.9e-09
Seccer_SECCE3Rv1G0154600.1	475	592	DNA_methylase	PF00145.23	5.1e-10
Clum_XP_034383295.1	471	603	DNA_methylase	PF00145.23	1.6e-11
Sfas_XP_029971996.1	724	861	DNA_methylase	PF00145.23	9.2e-11
Calmil_XP_042189156.1	677	809	DNA_methylase	PF00145.23	2.1e-12
Nfur_XP_054604079.1	570	702	DNA_methylase	PF00145.23	1.6e-11
Otsh_XP_024240056.1	1219	1351	DNA_methylase	PF00145.23	2.4e-11
Gmor_XP_030220916.1	1201	1334	DNA_methylase	PF00145.23	1.1e-11
Gmor_XP_030220917.1	1201	1334	DNA_methylase	PF00145.23	1.1e-11
Srhi_XP_016410122.1	491	623	DNA_methylase	PF00145.23	1.1e-12
Atha_NP_197042.2	499	616	DNA_methylase	PF00145.23	4.4e-10
Srhi_XP_016410113.1	495	627	DNA_methylase	PF00145.23	1.1e-12
Tpra_XP_045812514.1	465	579	DNA_methylase	PF00145.23	5.1e-11
Gmor_XP_030220915.1	1242	1375	DNA_methylase	PF00145.23	1.1e-11
Zmay_XP_035818323.1	431	547	DNA_methylase	PF00145.23	2.6e-09
Otsh_XP_024240055.1	1249	1381	DNA_methylase	PF00145.23	2.5e-11
Stub_XP_006364774.1	485	602	DNA_methylase	PF00145.23	3.1e-10
Stub_XP_015159578.1	485	602	DNA_methylase	PF00145.23	3.1e-10
Arow_XP_025940520.1	576	709	DNA_methylase	PF00145.23	7.8e-13
Sollyc_NP_001353597.1	485	602	DNA_methylase	PF00145.23	3.6e-10
Ngal_XP_029420240.1	431	563	DNA_methylase	PF00145.23	6.7e-11
Asat_cds.AVESA.00001b.r3.5Cg0002269.6	525	641	DNA_methylase	PF00145.23	1e-08
Salsal_XP_014002152.1	1233	1366	DNA_methylase	PF00145.23	2.1e-11
Gmor_XP_030220914.1	1261	1394	DNA_methylase	PF00145.23	1.1e-11
Bmin_symbB.v1.2.004696.t1|scaffold269.1|size246462|6	462	567	DNA_methylase	PF00145.23	7.4e-14
Otsh_XP_024240054.1	1269	1401	DNA_methylase	PF00145.23	2.5e-11
Vrad_XP_014513357.1	464	578	DNA_methylase	PF00145.23	3.8e-10
Vrad_XP_014513364.1	464	578	DNA_methylase	PF00145.23	3.8e-10
Vrad_XP_022637107.1	464	578	DNA_methylase	PF00145.23	3.8e-10
Asat_cds.AVESA.00001b.r3.5Dg0002172.5	355	471	DNA_methylase	PF00145.23	7.6e-09
Mcar_XP_029329854.1	582	715	DNA_methylase	PF00145.23	1.6e-12
Mcar_XP_029329856.1	582	715	DNA_methylase	PF00145.23	1.6e-12
Mcar_XP_029329851.1	583	716	DNA_methylase	PF00145.23	1.6e-12
Mcar_XP_029329852.1	583	716	DNA_methylase	PF00145.23	1.6e-12
Mcar_XP_029329853.1	583	716	DNA_methylase	PF00145.23	1.6e-12
Gwil_XP_028309333.1	1080	1206	DNA_methylase	PF00145.23	1.2e-11
Oeur_XP_022876056.1	98	166	DNA_methylase	PF00145.23	2.4e-14
Poptri_XP_024447044.1	393	507	DNA_methylase	PF00145.23	7.8e-11
Poptri_XP_024447051.1	393	507	DNA_methylase	PF00145.23	7.8e-11
Alyr_XP_020879023.1	506	620	DNA_methylase	PF00145.23	1.8e-09
Asat_cds.AVESA.00001b.r3.5Cg0002269.5	533	649	DNA_methylase	PF00145.23	1e-08
Gwil_XP_028295279.1	434	566	DNA_methylase	PF00145.23	3.4e-11
Gmor_XP_030220913.1	1283	1416	DNA_methylase	PF00145.23	1.1e-11
Ppan_XP_034785941.1	52	306	DNA_methylase	PF00145.23	3.6e-14
Gmor_XP_030220912.1	1292	1425	DNA_methylase	PF00145.23	1.1e-11
Gwil_XP_028295278.1	436	568	DNA_methylase	PF00145.23	3.5e-11
Mcar_XP_021035277.1	481	609	DNA_methylase	PF00145.23	2.3e-10
Hsap_NP_001307935.1	52	306	DNA_methylase	PF00145.23	3.6e-14
Ahal_CAL9230284.1	506	620	DNA_methylase	PF00145.23	1.8e-09
Hcom_XP_019747154.1	535	667	DNA_methylase	PF00145.23	3.3e-11
Sollyc_XP_069145778.1	502	619	DNA_methylase	PF00145.23	3.8e-10
Hmar_RDB23604.1	130	501	DNA_methylase	PF00145.23	2.5e-14
Asat_cds.AVESA.00001b.r3.3Ag0000077.1	266	383	DNA_methylase	PF00145.23	7.6e-09
Salsal_XP_014002150.1	1285	1418	DNA_methylase	PF00145.23	2.2e-11
Gmor_XP_030220911.1	1311	1444	DNA_methylase	PF00145.23	1.2e-11
Mmus_NP_001003963.2	581	714	DNA_methylase	PF00145.23	2e-12
Mmus_NP_001258675.1	581	714	DNA_methylase	PF00145.23	2e-12
Salsal_XP_014002151.1	1271	1404	DNA_methylase	PF00145.23	2.1e-11
Atri_XP_020520708.1	448	564	DNA_methylase	PF00145.23	8.1e-11
Mmus_NP_001403950.1	582	715	DNA_methylase	PF00145.23	2e-12
Gmor_XP_030201735.1	600	734	DNA_methylase	PF00145.23	3.3e-11
Asat_cds.AVESA.00001b.r3.5Cg0002269.3	547	663	DNA_methylase	PF00145.23	1e-08
Seccer_SECCE5Rv1G0375790.1.CDS.1	49	166	DNA_methylase	PF00145.23	6.6e-11
Mcar_XP_029329858.1	562	695	DNA_methylase	PF00145.23	1.6e-12
Mcar_XP_029329859.1	562	695	DNA_methylase	PF00145.23	1.6e-12
Char_XP_031421946.1	541	673	DNA_methylase	PF00145.23	9.4e-13
Char_XP_031421947.1	541	673	DNA_methylase	PF00145.23	9.4e-13
Mcar_XP_029329857.1	563	696	DNA_methylase	PF00145.23	1.6e-12
Hirr_XP_009548962.1	146	504	DNA_methylase	PF00145.23	7.5e-14
Pcla_XP_045581588.2	397	557	DNA_methylase	PF00145.23	9.1e-14
Pcla_XP_045581589.2	397	557	DNA_methylase	PF00145.23	9.1e-14
Pcla_XP_045581590.2	397	557	DNA_methylase	PF00145.23	9.1e-14
Pcla_XP_045581591.2	397	557	DNA_methylase	PF00145.23	9.1e-14
Pcla_XP_045581593.2	397	557	DNA_methylase	PF00145.23	9.1e-14
Pcla_XP_045581594.2	397	557	DNA_methylase	PF00145.23	9.1e-14
Pcla_XP_045581595.2	397	557	DNA_methylase	PF00145.23	9.1e-14
Pcla_XP_045581596.2	397	557	DNA_methylase	PF00145.23	9.1e-14
Pcla_XP_069156754.1	397	557	DNA_methylase	PF00145.23	9.1e-14
Pcla_XP_069156755.1	397	557	DNA_methylase	PF00145.23	9.1e-14
Dronov_XP_064377793.1	544	677	DNA_methylase	PF00145.23	7.8e-13
Dronov_XP_064377794.1	544	677	DNA_methylase	PF00145.23	7.8e-13
Ascl_RJE27551.1	121	484	DNA_methylase	PF00145.23	1.2e-13
Sbru_KAA8914243.1	283	625	DNA_methylase	PF00145.23	8.1e-14
Cpic_XP_065422419.1	534	667	DNA_methylase	PF00145.23	1.8e-12
Fhep_KIY53107.1	10	66	DNA_methylase	PF00145.23	2.7e-14
Mmus_XP_006498751.1	593	726	DNA_methylase	PF00145.23	2e-12
Mmus_XP_006498750.1	594	727	DNA_methylase	PF00145.23	2e-12
Cbra_GBG84768.1	607	730	DNA_methylase	PF00145.23	1.4e-09
Symmic_OLQ11559.1	117	502	DNA_methylase	PF00145.23	5e-14
Caraur_XP_026141672.1	643	775	DNA_methylase	PF00145.23	1.8e-12
Pisver_XP_031277074.1	359	473	DNA_methylase	PF00145.23	5.3e-10
Asat_cds.AVESA.00001b.r3.5Ag0002653.2	319	435	DNA_methylase	PF00145.23	5.2e-09
Asat_cds.AVESA.00001b.r3.5Ag0002653.6	319	435	DNA_methylase	PF00145.23	5.2e-09
Cypcar_XP_042598580.1	646	778	DNA_methylase	PF00145.23	1.8e-12
Tpra_XP_045812510.1	514	628	DNA_methylase	PF00145.23	5.8e-11
Tpra_XP_045812511.1	514	628	DNA_methylase	PF00145.23	5.8e-11
Tpra_XP_045812512.1	514	628	DNA_methylase	PF00145.23	5.8e-11
Tpra_XP_045812513.1	514	628	DNA_methylase	PF00145.23	5.8e-11
Okis_XP_031659975.1	1199	1331	DNA_methylase	PF00145.23	3.3e-11
Dsqu_XP_007370022.1	139	501	DNA_methylase	PF00145.23	8.2e-14
Mmus_NP_001258676.1	561	694	DNA_methylase	PF00145.23	1.9e-12
Mmus_NP_001403953.1	561	694	DNA_methylase	PF00145.23	1.9e-12
Mmus_NP_034198.3	561	694	DNA_methylase	PF00145.23	1.9e-12
Gwil_XP_028295277.1	474	606	DNA_methylase	PF00145.23	3.8e-11
Clum_XP_034383291.1	564	696	DNA_methylase	PF00145.23	1.9e-11
Mmus_NP_001403951.1	562	695	DNA_methylase	PF00145.23	1.9e-12
Mmus_NP_001403952.1	562	695	DNA_methylase	PF00145.23	1.9e-12
Psom_XP_026450284.1	476	593	DNA_methylase	PF00145.23	3.9e-13
Psom_XP_026450285.1	476	593	DNA_methylase	PF00145.23	3.9e-13
Portri_XP_045108039.1	417	552	DNA_methylase	PF00145.23	3.6e-12
Char_XP_031421944.1	583	715	DNA_methylase	PF00145.23	1e-12
Gwil_XP_028295276.1	513	645	DNA_methylase	PF00145.23	4.1e-11
Msp.GIB2_RYP14332.1	182	254	DNA_methylase	PF00145.23	1.1e-05
Msp.GIB2_RYP14332.1	308	605	DNA_methylase	PF00145.23	7.4e-06
Zmay_NP_001104977.2	480	596	DNA_methylase	PF00145.23	3e-09
Pnox_PAV21736.1	3	159	DNA_methylase	PF00145.23	1.3e-12
Mmus_XP_030103075.1	574	707	DNA_methylase	PF00145.23	2e-12
Pigchi_Pchi_g14187	363	502	DNA_methylase	PF00145.23	6.8e-13
Mspi_ENSMSIP00000022139.1	463	591	DNA_methylase	PF00145.23	3e-10
Mung_XP_060239027.1	540	673	DNA_methylase	PF00145.23	1.7e-12
Mung_XP_060239030.1	520	653	DNA_methylase	PF00145.23	1.6e-12
Okis_XP_031659974.1	1249	1381	DNA_methylase	PF00145.23	3.4e-11
Sans_XP_016330951.1	698	827	DNA_methylase	PF00145.23	8.4e-11
Bmin_symbB.v1.2.040933.t1|scaffold7665.1|size9999|1	125	185	DNA_methylase	PF00145.23	3.8e-14
Taes_XP_044446945.1	270	386	DNA_methylase	PF00145.23	2.2e-09
Lang_XP_019442545.1	495	609	DNA_methylase	PF00145.23	2.5e-11
Alyr_XP_020879024.1	505	619	DNA_methylase	PF00145.23	1.7e-09
Hhuc_ENSHHUP00000050726.1	1097	1229	DNA_methylase	PF00145.23	3.8e-11
Ccor_KZT54292.1	146	508	DNA_methylase	PF00145.23	6.3e-14
Dord_XP_012866198.1	571	703	DNA_methylase	PF00145.23	6.5e-11
Stru_XP_029578771.1	1199	1331	DNA_methylase	PF00145.23	3.7e-11
Mung_XP_060239025.1	582	715	DNA_methylase	PF00145.23	1.8e-12
Ipun_XP_017342919.1	531	663	DNA_methylase	PF00145.23	1.2e-12
Mung_XP_060239026.1	562	695	DNA_methylase	PF00145.23	1.8e-12
Psol_XP_040817437.2	102	484	DNA_methylase	PF00145.23	2.1e-13
Clum_XP_034392691.1	577	708	DNA_methylase	PF00145.23	5.8e-11
Asac_XP_025429128.1	100	252	DNA_methylase	PF00145.23	5.6e-14
Esal_XP_024012268.1	477	591	DNA_methylase	PF00145.23	8.3e-09
Stru_XP_029578770.1	1219	1351	DNA_methylase	PF00145.23	3.7e-11
Dronov_XP_025962849.2	617	750	DNA_methylase	PF00145.23	9e-13
Tsp.J132_KNZ75129.1	126	490	DNA_methylase	PF00145.23	3.5e-14
Bmin_symbB.v1.2.020815.t1|scaffold1761.1|size106227|4	1676	2010	DNA_methylase	PF00145.23	1.2e-12
Bmin_symbB.v1.2.006825.t2|scaffold379.1|size332124|7	1679	2010	DNA_methylase	PF00145.23	3.3e-14
Mmus_NP_001411976.1	462	590	DNA_methylase	PF00145.23	2.9e-10
Vech_XP_031870208.1	520	635	DNA_methylase	PF00145.23	9.4e-14
Aano_XP_009041774.1	272	384	DNA_methylase	PF00145.23	5.1e-14
Atri_XP_020520707.1	491	607	DNA_methylase	PF00145.23	9.1e-11
Stru_XP_029578769.1	1249	1381	DNA_methylase	PF00145.23	3.8e-11
Gwil_XP_028295274.1	567	699	DNA_methylase	PF00145.23	4.5e-11
Caraur_XP_026141668.1	692	824	DNA_methylase	PF00145.23	1.9e-12
Cypcar_XP_042598576.1	695	827	DNA_methylase	PF00145.23	1.9e-12
Tspe_TraesTSP3D01G492300.1	329	445	DNA_methylase	PF00145.23	1.8e-09
Neomel_ENSNMLP00000007822.1	348	480	DNA_methylase	PF00145.23	1.4e-12
Caraur_XP_026141666.1	697	829	DNA_methylase	PF00145.23	1.9e-12
Cypcar_XP_042598573.1	700	832	DNA_methylase	PF00145.23	1.9e-12
Cypcar_XP_042598574.1	700	832	DNA_methylase	PF00145.23	1.9e-12
Poptri_XP_024447043.1	458	572	DNA_methylase	PF00145.23	9.5e-11
Symmic_OLP75024.1	486	596	DNA_methylase	PF00145.23	6.7e-14
Stru_XP_029578767.1	1269	1401	DNA_methylase	PF00145.23	3.9e-11
Stru_XP_029578768.1	1269	1401	DNA_methylase	PF00145.23	3.9e-11
Psom_XP_026408920.1	464	581	DNA_methylase	PF00145.23	1.5e-10
Psom_XP_026408921.1	464	581	DNA_methylase	PF00145.23	1.5e-10
Psom_XP_026408922.1	464	581	DNA_methylase	PF00145.23	1.5e-10
Ttur_VAH68577.1	366	482	DNA_methylase	PF00145.23	1.7e-09
Tspe_TraesTSP3B01G543700.1	329	445	DNA_methylase	PF00145.23	1.9e-09
Dronov_XP_025962851.2	641	774	DNA_methylase	PF00145.23	9.4e-13
Ubro_SAM83884.1	402	634	DNA_methylase	PF00145.23	6e-13
Otsh_XP_042177231.1	52	137	DNA_methylase	PF00145.23	9.9e-10
Amus_KIL69305.1	135	493	DNA_methylase	PF00145.23	3.5e-14
Tspe_TraesTSP3A01G490200.1	366	482	DNA_methylase	PF00145.23	1.7e-09
Salsal_XP_013991714.2	1199	1331	DNA_methylase	PF00145.23	4.2e-11
Tthe_XP_006695012.1	292	596	DNA_methylase	PF00145.23	4e-11
Jarg_KDQ61535.1	75	438	DNA_methylase	PF00145.23	1.9e-13
Eluc_XP_019907681.1	552	684	DNA_methylase	PF00145.23	1.1e-12
Lmyt_KAF2495114.1	367	530	DNA_methylase	PF00145.23	7.8e-14
Ttur_VAH95094.1	68	185	DNA_methylase	PF00145.23	3.8e-11
Portri_XP_045109145.1	390	520	DNA_methylase	PF00145.23	3.9e-12
Dclu_XP_028821456.1	598	730	DNA_methylase	PF00145.23	2.3e-11
Hcap_XP_045291906.1	215	435	DNA_methylase	PF00145.23	2.1e-13
Cx_XP_024045983.1	446	560	DNA_methylase	PF00145.23	3.7e-10
Dord_XP_012866199.1	551	683	DNA_methylase	PF00145.23	6.3e-11
Seccer_SECCE3Rv1G0211950.1	387	503	DNA_methylase	PF00145.23	2.1e-09
Atri_XP_020520706.1	508	624	DNA_methylase	PF00145.23	9.5e-11
Mesc_XP_021595853.1	450	564	DNA_methylase	PF00145.23	3.6e-10
Mesc_XP_021595854.1	450	564	DNA_methylase	PF00145.23	3.6e-10
Mesc_XP_043807201.1	450	564	DNA_methylase	PF00145.23	3.6e-10
Mesc_XP_043807202.1	450	564	DNA_methylase	PF00145.23	3.6e-10
Mesc_XP_043807203.1	450	564	DNA_methylase	PF00145.23	3.6e-10
Mesc_XP_043807204.1	450	564	DNA_methylase	PF00145.23	3.6e-10
Mesc_XP_043807205.1	450	564	DNA_methylase	PF00145.23	3.6e-10
Mesc_XP_043807206.1	450	564	DNA_methylase	PF00145.23	3.6e-10
Mcon_RPB07964.1	152	313	DNA_methylase	PF00145.23	9e-14
Cpor_XP_063104590.1	518	650	DNA_methylase	PF00145.23	1.3e-12
Salsal_XP_013991717.2	1249	1381	DNA_methylase	PF00145.23	4.4e-11
Salsal_XP_045549180.1	1253	1385	DNA_methylase	PF00145.23	4.4e-11
Atri_XP_011622015.1	512	628	DNA_methylase	PF00145.23	9.6e-11
Cpor_XP_063104589.1	538	670	DNA_methylase	PF00145.23	1.3e-12
Esal_XP_006399976.2	482	596	DNA_methylase	PF00145.23	8.4e-09
Gwil_XP_028309332.1	1080	1206	DNA_methylase	PF00145.23	1.2e-11
Macu_XP_064956763.1	458	572	DNA_methylase	PF00145.23	5.2e-10
Dcay_XP_039142282.1	474	588	DNA_methylase	PF00145.23	3.7e-09
Cx_XP_024045980.1	458	572	DNA_methylase	PF00145.23	3.8e-10
Cx_XP_024045981.1	458	572	DNA_methylase	PF00145.23	3.8e-10
Cx_XP_024045982.1	458	572	DNA_methylase	PF00145.23	3.8e-10
Dcay_XP_039142281.1	475	589	DNA_methylase	PF00145.23	3.7e-09
Dcay_XP_039142280.1	476	590	DNA_methylase	PF00145.23	3.7e-09
Sbol_XP_039334717.1	53	306	DNA_methylase	PF00145.23	5.6e-14
Asat_cds.AVESA.00001b.r3.3Ag0000077.3	323	440	DNA_methylase	PF00145.23	9.9e-09
Omyk_XP_036801712.1	1197	1329	DNA_methylase	PF00145.23	4.7e-11
Gmor_XP_030201736.1	600	734	DNA_methylase	PF00145.23	3.5e-11
Mspi_ENSMSIP00000022090.1	582	715	DNA_methylase	PF00145.23	2e-12
Macu_XP_018679086.2	459	573	DNA_methylase	PF00145.23	5.2e-10
Omyk_XP_036801711.1	1217	1349	DNA_methylase	PF00145.23	4.8e-11
Hann_XP_021983420.1	475	589	DNA_methylase	PF00145.23	1.9e-09
Cpor_XP_063104586.1	560	692	DNA_methylase	PF00145.23	1.4e-12
Eder_XP_009158603.1	282	664	DNA_methylase	PF00145.23	1e-12
Cpor_XP_063104585.1	580	712	DNA_methylase	PF00145.23	1.5e-12
Omyk_XP_036801710.1	1247	1379	DNA_methylase	PF00145.23	4.9e-11
Oeur_XP_022873443.1	472	586	DNA_methylase	PF00145.23	7.4e-10
Oeur_XP_022873444.1	472	586	DNA_methylase	PF00145.23	7.4e-10
Oeur_XP_022873445.1	472	586	DNA_methylase	PF00145.23	7.4e-10
Pdul_XP_034197926.1	275	389	DNA_methylase	PF00145.23	7.1e-09
Ecru_scaffold34.63.cds	481	597	DNA_methylase	PF00145.23	6.3e-10
Cabe_RXW18572.1	1040	1187	DNA_methylase	PF00145.23	6.1e-12
Sita_XP_022678718.1	467	583	DNA_methylase	PF00145.23	1.5e-09
Svir_XP_034573737.1	467	583	DNA_methylase	PF00145.23	1.5e-09
Phymac_XP_028355503.1	454	586	DNA_methylase	PF00145.23	1.8e-12
Anid_XP_663680.1	350	510	DNA_methylase	PF00145.23	9.6e-14
Oeur_XP_022873441.1	476	590	DNA_methylase	PF00145.23	7.5e-10
Oeur_XP_022873442.1	476	590	DNA_methylase	PF00145.23	7.5e-10
Cbom_CEH17129.1	377	553	DNA_methylase	PF00145.23	1.1e-13
Clan_XP_005384921.1	572	704	DNA_methylase	PF00145.23	1.4e-12
Oeur_XP_022873440.1	479	593	DNA_methylase	PF00145.23	7.5e-10
Omyk_XP_036801713.1	1267	1399	DNA_methylase	PF00145.23	5e-11
Poptri_XP_024447037.1	510	624	DNA_methylase	PF00145.23	1.1e-10
Poptri_XP_024447041.1	510	624	DNA_methylase	PF00145.23	1.1e-10
Poptri_XP_052301709.1	510	624	DNA_methylase	PF00145.23	1.1e-10
Poptri_XP_052301710.1	510	624	DNA_methylase	PF00145.23	1.1e-10
Poptri_XP_052301711.1	510	624	DNA_methylase	PF00145.23	1.1e-10
Poptri_XP_052301713.1	510	624	DNA_methylase	PF00145.23	1.1e-10
Poptri_XP_052301715.1	510	624	DNA_methylase	PF00145.23	1.1e-10
Oeur_XP_022873436.1	483	597	DNA_methylase	PF00145.23	7.6e-10
Oeur_XP_022873437.1	483	597	DNA_methylase	PF00145.23	7.6e-10
Oeur_XP_022873438.1	483	597	DNA_methylase	PF00145.23	7.6e-10
Hcyl_KIM44691.1	141	506	DNA_methylase	PF00145.23	4.7e-14
Csem_XP_016889224.1	575	707	DNA_methylase	PF00145.23	1e-11
Rpro_RPRC006778-PA	178	269	DNA_methylase	PF00145.23	4e-13
Ebur_ENSEBUP00000009504.1	298	406	DNA_methylase	PF00145.23	4e-10
Hcen_PSR74329.1	203	564	DNA_methylase	PF00145.23	4.6e-13
Afla_XP_067488107.1	271	631	DNA_methylase	PF00145.23	1.7e-13
Pflo_XP_007881730.1	381	555	DNA_methylase	PF00145.23	1.1e-13
Rmac_XP_013270954.1	1210	1271	DNA_methylase	PF00145.23	2.9e-12
Toph_KND89375.1	738	840	DNA_methylase	PF00145.23	7.7e-10
Ttur_VAI50207.1	447	561	DNA_methylase	PF00145.23	4.2e-08
Bgru_ENSBGRP00000007552.1	480	612	DNA_methylase	PF00145.23	2e-12
Hann_XP_021983417.1	498	612	DNA_methylase	PF00145.23	2e-09
Hann_XP_021983418.1	498	612	DNA_methylase	PF00145.23	2e-09
Cwag_ENSCWAP00000011149.1	480	612	DNA_methylase	PF00145.23	2e-12
Mmos_ENSMMSP00000019738.1	480	612	DNA_methylase	PF00145.23	2e-12
Damp_KKY38208.1	370	677	DNA_methylase	PF00145.23	4.6e-11
Pisver_XP_031249872.1	452	566	DNA_methylase	PF00145.23	3.3e-10
Espi_XP_016235974.1	220	606	DNA_methylase	PF00145.23	1.8e-13
Cx_XP_024045976.1	503	617	DNA_methylase	PF00145.23	4.3e-10
Cx_XP_024045977.1	503	617	DNA_methylase	PF00145.23	4.3e-10
Cx_XP_024045978.1	503	617	DNA_methylase	PF00145.23	4.3e-10
Cx_XP_024045979.1	503	617	DNA_methylase	PF00145.23	4.3e-10
Ttur_VAH84516.1	329	445	DNA_methylase	PF00145.23	1.9e-09
Pisver_XP_031249871.1	461	575	DNA_methylase	PF00145.23	3.4e-10
Nper_XP_025907121.1	861	952	DNA_methylase	PF00145.23	1e-13
Rcol_XP_023620990.1	417	632	DNA_methylase	PF00145.23	1.1e-13
Dcar_XP_017243237.1	462	576	DNA_methylase	PF00145.23	1.4e-10
Smax_XP_035500825.1	609	740	DNA_methylase	PF00145.23	7.3e-11
Cgua_XP_025372391.1	330	506	DNA_methylase	PF00145.23	1.3e-13
Sbic_XP_002455421.1	485	602	DNA_methylase	PF00145.23	1.9e-09
Amex_XP_049322927.1	646	778	DNA_methylase	PF00145.23	5.9e-11
Achi_PSS30375.1	434	548	DNA_methylase	PF00145.23	1e-10
Cropor_XP_019395038.1	562	695	DNA_methylase	PF00145.23	1.6e-12
Bgru_ENSBGRP00000007451.1	578	710	DNA_methylase	PF00145.23	2.4e-12
Ecru_scaffold42.530.cds	455	571	DNA_methylase	PF00145.23	5.9e-10
Sscr_XP_020932912.1	587	719	DNA_methylase	PF00145.23	2.5e-12
Mesc_XP_021595850.1	515	629	DNA_methylase	PF00145.23	4.3e-10
Mesc_XP_021595851.1	515	629	DNA_methylase	PF00145.23	4.3e-10
Mesc_XP_043807200.1	515	629	DNA_methylase	PF00145.23	4.3e-10
Phosin_XP_032460448.1	584	716	DNA_methylase	PF00145.23	2.5e-12
Cven_RPA99640.1	340	523	DNA_methylase	PF00145.23	1.1e-13
Bind_XP_070657598.1	516	648	DNA_methylase	PF00145.23	2.1e-12
Gevg_XP_030389285.1	555	688	DNA_methylase	PF00145.23	1.8e-12
Macu_XP_064994163.1	458	572	DNA_methylase	PF00145.23	1.2e-09
Cjac_XP_009002570.2	129	275	DNA_methylase	PF00145.23	5.9e-14
Tdic_XP_037448552.1	480	594	DNA_methylase	PF00145.23	4.4e-08
Cwag_ENSCWAP00000011110.1	516	648	DNA_methylase	PF00145.23	2.2e-12
Mmos_ENSMMSP00000019719.1	516	648	DNA_methylase	PF00145.23	2.1e-12
Asat_cds.AVESA.00001b.r3.5Dg0002173.2	436	552	DNA_methylase	PF00145.23	7.9e-09
Tdic_XP_037448551.1	483	597	DNA_methylase	PF00145.23	4.5e-08
Symmic_OLP97296.1	541	671	DNA_methylase	PF00145.23	8.5e-11
Oari_XP_042085963.1	528	660	DNA_methylase	PF00145.23	2.2e-12
Taes_XP_044404615.1	480	594	DNA_methylase	PF00145.23	4.6e-08
Ttur_VAI50206.1	480	594	DNA_methylase	PF00145.23	4.6e-08
Utri_SPO28811.1	366	598	DNA_methylase	PF00145.23	1.8e-13
Mmon_XP_029076433.1	545	677	DNA_methylase	PF00145.23	2.3e-12
Taes_XP_044404618.1	483	597	DNA_methylase	PF00145.23	4.7e-08
Ttur_VAI50205.1	483	597	DNA_methylase	PF00145.23	4.7e-08
Mund_XP_033923007.1	576	709	DNA_methylase	PF00145.23	1.5e-13
Ecru_scaffold229.104.cds	579	695	DNA_methylase	PF00145.23	1.4e-09
Taes_XP_044414420.1	483	597	DNA_methylase	PF00145.23	4.7e-08
Seccer_SECCE6Rv1G0413520.1	480	594	DNA_methylase	PF00145.23	4.6e-08
Cyncar_XP_024978733.1	429	545	DNA_methylase	PF00145.23	1.3e-09
Ttru_XP_033696807.1	558	690	DNA_methylase	PF00145.23	2.3e-12
Tspe_TraesTSP6A01G321700.1	481	595	DNA_methylase	PF00145.23	4.6e-08
Aano_XP_009041652.1	1	112	DNA_methylase	PF00145.23	1e-13
Bmin_symbB.v1.2.041406.t1|scaffold8158.1|size7486|1	82	429	DNA_methylase	PF00145.23	2.7e-13
Oari_XP_060253689.1	558	690	DNA_methylase	PF00145.23	2.3e-12
Bind_XP_019827811.2	558	690	DNA_methylase	PF00145.23	2.3e-12
Bmut_XP_070237683.1	558	690	DNA_methylase	PF00145.23	2.3e-12
Btau_XP_024856111.1	558	690	DNA_methylase	PF00145.23	2.3e-12
Oana_XP_028905229.1	506	636	DNA_methylase	PF00145.23	2.4e-10
Bbis_XP_010840011.1	558	690	DNA_methylase	PF00145.23	2.3e-12
Oari_XP_060253688.1	561	693	DNA_methylase	PF00145.23	2.3e-12
Ttru_XP_033696806.1	564	696	DNA_methylase	PF00145.23	2.3e-12
Phosin_XP_032460449.1	564	696	DNA_methylase	PF00145.23	2.3e-12
Vpac_XP_031543787.1	520	652	DNA_methylase	PF00145.23	2.1e-12
Cdro_XP_031289849.1	520	652	DNA_methylase	PF00145.23	2.1e-12
Oari_XP_060253687.1	564	696	DNA_methylase	PF00145.23	2.3e-12
Csem_XP_016889225.1	575	707	DNA_methylase	PF00145.23	1e-11
Sscr_XP_020932915.1	558	690	DNA_methylase	PF00145.23	2.4e-12
Bind_XP_019827810.2	564	696	DNA_methylase	PF00145.23	2.3e-12
Bmut_XP_070237682.1	564	696	DNA_methylase	PF00145.23	2.3e-12
Btau_XP_024856110.1	564	696	DNA_methylase	PF00145.23	2.3e-12
Bbis_XP_010840010.1	564	696	DNA_methylase	PF00145.23	2.3e-12
Cwag_ENSCWAP00000011097.1	558	690	DNA_methylase	PF00145.23	2.4e-12
Mmos_ENSMMSP00000019679.1	558	690	DNA_methylase	PF00145.23	2.3e-12
Oari_XP_042085961.1	570	702	DNA_methylase	PF00145.23	2.4e-12
Tcur_XP_030993911.1	249	537	DNA_methylase	PF00145.23	3.3e-10
Ocun_XP_069908033.1	536	668	DNA_methylase	PF00145.23	2.3e-12
Atau_XP_040258056.1	492	608	DNA_methylase	PF00145.23	7.4e-10
Ocun_XP_069908034.1	516	648	DNA_methylase	PF00145.23	2.2e-12
Oari_XP_042085960.1	576	708	DNA_methylase	PF00145.23	2.4e-12
Mmon_XP_029076432.1	587	719	DNA_methylase	PF00145.23	2.5e-12
Sscr_XP_020932914.1	567	699	DNA_methylase	PF00145.23	2.5e-12
Taes_XP_044336221.1	457	573	DNA_methylase	PF00145.23	2.3e-09
Omel_XP_024148803.1	1140	1272	DNA_methylase	PF00145.23	7.1e-11
Mmon_XP_029076431.1	593	725	DNA_methylase	PF00145.23	2.5e-12
Athi_PFH51813.1	133	492	DNA_methylase	PF00145.23	7e-14
Xgra_RWA09829.1	245	531	DNA_methylase	PF00145.23	9.5e-10
Vcar_XP_002953471.1	12	118	DNA_methylase	PF00145.23	2.4e-10
Pisver_XP_031249866.1	510	624	DNA_methylase	PF00145.23	3.9e-10
Pisver_XP_031249867.1	510	624	DNA_methylase	PF00145.23	3.9e-10
Pisver_XP_031249868.1	510	624	DNA_methylase	PF00145.23	3.9e-10
Pisver_XP_031249869.1	510	624	DNA_methylase	PF00145.23	3.9e-10
Asat_cds.AVESA.00001b.r3.5Dg0002172.4	547	663	DNA_methylase	PF00145.23	1.3e-08
Lsul_XP_040760585.1	129	490	DNA_methylase	PF00145.23	1.7e-13
Vpac_XP_031543786.1	562	694	DNA_methylase	PF00145.23	2.3e-12
Cdro_XP_031289848.1	562	694	DNA_methylase	PF00145.23	2.3e-12
Asat_cds.AVESA.00001b.r3.5Dg0002173.1	471	587	DNA_methylase	PF00145.23	8.7e-09
Rsan_XP_049275428.1	164	324	DNA_methylase	PF00145.23	6.7e-11
Grai_XP_012460245.1	525	639	DNA_methylase	PF00145.23	7.6e-11
Oeur_XP_022884019.1	407	521	DNA_methylase	PF00145.23	1.2e-09
Grai_XP_012460244.1	526	640	DNA_methylase	PF00145.23	7.6e-11
Ocun_XP_069908029.1	581	713	DNA_methylase	PF00145.23	2.6e-12
Dsp.EC12_OTB12327.1	282	564	DNA_methylase	PF00145.23	3.3e-10
Ocun_XP_069908031.1	561	693	DNA_methylase	PF00145.23	2.5e-12
Asat_cds.AVESA.00001b.r3.5Dg0002172.3	558	674	DNA_methylase	PF00145.23	1.4e-08
Rchi_XP_040371141.1	413	527	DNA_methylase	PF00145.23	1.1e-08
Pvul_XP_057110983.1	104	486	DNA_methylase	PF00145.23	2.9e-13
Asat_cds.AVESA.00001b.r3.5Dg0002172.2	560	676	DNA_methylase	PF00145.23	1.4e-08
Jros_XP_025359235.1	413	617	DNA_methylase	PF00145.23	2e-13
Tura_XP_048567114.1	478	594	DNA_methylase	PF00145.23	2.4e-09
Spar_KLO11500.1	138	306	DNA_methylase	PF00145.23	8e-14
Lbru_RDX49190.1	145	503	DNA_methylase	PF00145.23	2.1e-13
Cyncar_XP_024978730.1	475	591	DNA_methylase	PF00145.23	1.4e-09
Cyncar_XP_024978731.1	475	591	DNA_methylase	PF00145.23	1.4e-09
Ssci_CDW99045.1	88	317	DNA_methylase	PF00145.23	1.9e-13
Odeg_XP_012372943.2	365	497	DNA_methylase	PF00145.23	2.3e-12
Twas_XP_025601176.1	340	505	DNA_methylase	PF00145.23	1.6e-13
Asat_cds.AVESA.00001b.r3.3Ag0000077.4	421	538	DNA_methylase	PF00145.23	1.4e-08
Srei_SJX64365.1	387	619	DNA_methylase	PF00145.23	2.2e-13
Symmic_OLQ00853.1	745	853	DNA_methylase	PF00145.23	1.6e-13
Dcar_XP_063941541.1	259	351	DNA_methylase	PF00145.23	1.8e-13
Tura_XP_048538133.1	552	666	DNA_methylase	PF00145.23	5.5e-08
Symmic_OLP80065.1	241	542	DNA_methylase	PF00145.23	2.2e-13
Xhev_XP_018185614.1	71	442	DNA_methylase	PF00145.23	1.8e-13
Rchi_XP_040371140.1	432	546	DNA_methylase	PF00145.23	1.2e-08
Bmin_symbB.v1.2.013452.t1|scaffold955.1|size149113|5	1483	1845	DNA_methylase	PF00145.23	5.2e-13
Wcoc_PCH36338.1	137	497	DNA_methylase	PF00145.23	8.5e-14
Poxa_XP_049967338.1	473	842	DNA_methylase	PF00145.23	2.6e-13
Apsy_KZP19393.1	220	579	DNA_methylase	PF00145.23	3.3e-13
Cabi_XP_032618295.1	536	669	DNA_methylase	PF00145.23	3.1e-12
Grai_XP_012460242.1	564	678	DNA_methylase	PF00145.23	8.3e-11
Grai_XP_012460241.1	565	679	DNA_methylase	PF00145.23	8.3e-11
Pisver_XP_031249873.1	559	673	DNA_methylase	PF00145.23	4.4e-10
Bmin_symbB.v1.2.037955.t1|scaffold5756.1|size23942|1	1338	1673	DNA_methylase	PF00145.23	4.8e-13
Symmic_OLQ15236.1	341	408	DNA_methylase	PF00145.23	2.2e-13
Char_XP_031436931.1	630	762	DNA_methylase	PF00145.23	1e-10
Dclu_XP_028848576.1	1145	1229	DNA_methylase	PF00145.23	2.7e-08
Asat_cds.AVESA.00001b.r3.5Ag0002653.4	501	617	DNA_methylase	PF00145.23	9.4e-09
Pexp_XP_016595177.1	102	485	DNA_methylase	PF00145.23	4e-13
Dpri_XP_040623546.1	143	502	DNA_methylase	PF00145.23	2.3e-13
Gacu_XP_040049891.1	1173	1303	DNA_methylase	PF00145.23	5.6e-11
Taes_XP_044346393.1	458	574	DNA_methylase	PF00145.23	2.9e-09
Taes_XP_044346394.1	458	574	DNA_methylase	PF00145.23	2.9e-09
Taes_XP_044346395.1	458	574	DNA_methylase	PF00145.23	2.9e-09
Taes_XP_044346396.1	458	574	DNA_methylase	PF00145.23	2.9e-09
Ttur_VAI61657.1	447	561	DNA_methylase	PF00145.23	4.2e-08
Sinv_XP_011172937.1	1319	1451	DNA_methylase	PF00145.23	9e-14
Ttur_VAI61656.1	447	561	DNA_methylase	PF00145.23	4.2e-08
Sans_XP_016330949.1	693	825	DNA_methylase	PF00145.23	5.2e-12
Tdic_XP_037455827.1	483	597	DNA_methylase	PF00145.23	4.7e-08
Jreg_XP_018823107.1	465	579	DNA_methylase	PF00145.23	7.9e-10
Sans_XP_016330946.1	698	830	DNA_methylase	PF00145.23	5.3e-12
Sans_XP_016330947.1	698	830	DNA_methylase	PF00145.23	5.3e-12
Odeg_XP_004630867.1	518	650	DNA_methylase	PF00145.23	3.2e-12
Podmur_XP_028568384.1	1048	1169	DNA_methylase	PF00145.23	1.1e-13
Atau_XP_020163078.1	471	587	DNA_methylase	PF00145.23	2.9e-09
Osun_ENSOSUP00000004616.1	303	388	DNA_methylase	PF00145.23	9.3e-10
Ccyl_RDW80034.1	289	638	DNA_methylase	PF00145.23	3.7e-13
Dasnov_XP_071067737.1	516	648	DNA_methylase	PF00145.23	9.7e-12
Bgra_CAD6500585.1	442	556	DNA_methylase	PF00145.23	5.5e-08
Bgra_CAD6500585.1	600	857	DNA_methylase	PF00145.23	1.4e-06
Symmic_OLQ13200.1	89	251	DNA_methylase	PF00145.23	1.4e-13
Sgra_XP_029741033.1	382	603	DNA_methylase	PF00145.23	2.4e-13
Csem_XP_024914943.1	1163	1290	DNA_methylase	PF00145.23	2.1e-10
Mtru_XP_003618189.1	464	578	DNA_methylase	PF00145.23	3.2e-10
Mtru_XP_024641895.1	464	578	DNA_methylase	PF00145.23	3.2e-10
Mtru_XP_024641896.1	464	578	DNA_methylase	PF00145.23	3.2e-10
Nscu_XP_026544910.1	397	530	DNA_methylase	PF00145.23	3.9e-12
Bdis_XP_010237197.1	466	580	DNA_methylase	PF00145.23	1.6e-08
Pruper_XP_007201047.2	461	575	DNA_methylase	PF00145.23	1.1e-08
Dasnov_XP_071067736.1	528	660	DNA_methylase	PF00145.23	9.9e-12
Mtru_XP_003611920.2	466	580	DNA_methylase	PF00145.23	4.6e-10
Rchi_XP_024179538.1	459	573	DNA_methylase	PF00145.23	1.3e-08
Hsul_TFK48552.1	200	560	DNA_methylase	PF00145.23	4.8e-13
Odeg_XP_004630866.1	561	693	DNA_methylase	PF00145.23	3.5e-12
Symmic_OLP76047.1	101	376	DNA_methylase	PF00145.23	1.1e-12
Gsin_PIL24681.1	136	498	DNA_methylase	PF00145.23	4.6e-13
Odeg_XP_004630865.1	581	713	DNA_methylase	PF00145.23	3.7e-12
Tpub_OJT13590.1	138	495	DNA_methylase	PF00145.23	3.3e-13
Asat_cds.AVESA.00001b.r3.5Dg0002173.3	545	661	DNA_methylase	PF00145.23	1e-08
Asat_cds.AVESA.00001b.r3.5Dg0002173.4	545	661	DNA_methylase	PF00145.23	1e-08
Pigvie_Pvie_g13345	154	287	DNA_methylase	PF00145.23	6.2e-08
Asat_cds.AVESA.00001b.r3.3Ag0000077.2	468	585	DNA_methylase	PF00145.23	1.6e-08
Asat_cds.AVESA.00001b.r3.5Ag0002653.1	543	659	DNA_methylase	PF00145.23	1e-08
Ttur_VAI61654.1	480	594	DNA_methylase	PF00145.23	4.6e-08
Qlob_XP_030953911.1	462	576	DNA_methylase	PF00145.23	7.1e-10
Bmin_symbB.v1.2.029012.t1|scaffold3131.1|size62877|1	1041	1149	DNA_methylase	PF00145.23	1.9e-12
Qsub_XP_023884319.2	462	576	DNA_methylase	PF00145.23	7.1e-10
Oeur_XP_022884016.1	473	587	DNA_methylase	PF00145.23	1.4e-09
Oeur_XP_022884017.1	473	587	DNA_methylase	PF00145.23	1.4e-09
Oeur_XP_022884018.1	473	587	DNA_methylase	PF00145.23	1.4e-09
Ttur_VAI61653.1	483	597	DNA_methylase	PF00145.23	4.7e-08
Pkin_XP_023677574.1	618	687	DNA_methylase	PF00145.23	1.9e-13
Ttur_VAI61655.1	484	598	DNA_methylase	PF00145.23	4.7e-08
Rsol_XP_043176304.1	56	215	DNA_methylase	PF00145.23	6.2e-13
Gfro_OBZ79206.1	6	82	DNA_methylase	PF00145.23	7.2e-06
Tdic_XP_037427700.1	478	595	DNA_methylase	PF00145.23	1.2e-10
Tdic_XP_037427699.1	478	595	DNA_methylase	PF00145.23	1.2e-10
Rchi_XP_024179537.1	479	593	DNA_methylase	PF00145.23	1.4e-08
Dasnov_XP_071067735.1	570	702	DNA_methylase	PF00145.23	1.1e-11
Oeur_XP_022884013.1	478	592	DNA_methylase	PF00145.23	1.4e-09
Oeur_XP_022884014.1	478	592	DNA_methylase	PF00145.23	1.4e-09
Oeur_XP_022884015.1	478	592	DNA_methylase	PF00145.23	1.4e-09
Vpal_PWN54267.1	320	506	DNA_methylase	PF00145.23	2.7e-13
Taes_XP_044354655.1	507	623	DNA_methylase	PF00145.23	3.1e-09
Ccan_XP_020041804.1	512	644	DNA_methylase	PF00145.23	5.1e-12
Ecru_scaffold15.767.cds	485	601	DNA_methylase	PF00145.23	3.7e-10
Parcla_CAB4000177.1	659	749	DNA_methylase	PF00145.23	2.7e-13
Tspe_TraesTSP6B01G399700.1	481	595	DNA_methylase	PF00145.23	4.6e-08
Dsp.KUC8613_KAA1470240.1	145	359	DNA_methylase	PF00145.23	2.1e-12
Uthi_ENSUTTP00000016031.1	480	612	DNA_methylase	PF00145.23	4.1e-12
Pocc_PCG93883.1	591	743	DNA_methylase	PF00145.23	8.3e-13
Dhel_POS79580.1	389	684	DNA_methylase	PF00145.23	2.6e-10
Pnal_CAG8888997.1	102	484	DNA_methylase	PF00145.23	5.1e-13
Lpol_XP_022246328.1	746	874	DNA_methylase	PF00145.23	1.5e-12
Ecru_scaffold413.40.cds	481	597	DNA_methylase	PF00145.23	1.1e-09
Cypcar_XP_042630210.1	704	833	DNA_methylase	PF00145.23	3.1e-10
Ecru_scaffold9.279.cds	440	556	DNA_methylase	PF00145.23	2.1e-09
Bmin_symbB.v1.2.008431.t1|scaffold522.1|size192531|4	1523	1631	DNA_methylase	PF00145.23	2.9e-13
Grai_XP_012483817.1	513	627	DNA_methylase	PF00145.23	3.3e-10
Grai_XP_012483818.1	513	627	DNA_methylase	PF00145.23	3.3e-10
Grai_XP_052476764.1	513	627	DNA_methylase	PF00145.23	3.3e-10
Gtra_XP_007865021.1	203	563	DNA_methylase	PF00145.23	3.7e-13
Natt_XP_019261377.1	129	197	DNA_methylase	PF00145.23	3.8e-13
Penpol_OQD64595.1	102	485	DNA_methylase	PF00145.23	6.4e-13
Ngal_XP_029420237.1	561	694	DNA_methylase	PF00145.23	5.7e-12
Ecru_scaffold97.446.cds	526	642	DNA_methylase	PF00145.23	2.1e-09
Utri_SPO27981.1	374	605	DNA_methylase	PF00145.23	3.6e-13
Scivul_ENSSVLP00005002885.1	481	613	DNA_methylase	PF00145.23	4.6e-12
Pcoq_XP_012521202.1	479	611	DNA_methylase	PF00145.23	4.6e-12
Pfla_OQE14767.1	102	485	DNA_methylase	PF00145.23	5.3e-13
Lper_XP_051209020.1	473	589	DNA_methylase	PF00145.23	1.4e-09
Parc_TFK91453.1	145	503	DNA_methylase	PF00145.23	3.5e-13
Ncol_XP_031477417.1	496	610	DNA_methylase	PF00145.23	2.2e-11
Ncol_XP_031477418.1	496	610	DNA_methylase	PF00145.23	2.2e-11
Lper_XP_051209019.1	476	592	DNA_methylase	PF00145.23	1.4e-09
Aflo_XP_031770974.1	11	128	DNA_methylase	PF00145.23	1.9e-13
Psim_ENSPSMP00000007015.1	479	611	DNA_methylase	PF00145.23	4.6e-12
Tver_XP_008038755.1	138	495	DNA_methylase	PF00145.23	4e-13
Twil_T_wilhelma_c32606_g1_i3|m.49011	735	825	DNA_methylase	PF00145.23	2.7e-13
Kbra_XP_016294071.1	368	600	DNA_methylase	PF00145.23	2.9e-13
Vvul_XP_025865676.1	516	648	DNA_methylase	PF00145.23	4.5e-12
Opri_XP_058535603.1	527	659	DNA_methylase	PF00145.23	4.3e-12
Lcan_XP_030165667.1	516	648	DNA_methylase	PF00145.23	4.5e-12
Clup_XP_038427909.1	516	648	DNA_methylase	PF00145.23	4.5e-12
Uthi_ENSUTTP00000015996.1	516	648	DNA_methylase	PF00145.23	4.5e-12
Phachr_AGR57_3841T0-p1	169	539	DNA_methylase	PF00145.23	1.4e-13
Mung_XP_060239231.1	529	657	DNA_methylase	PF00145.23	9.1e-11
Emex_XP_017755096.1	882	1015	DNA_methylase	PF00145.23	1.7e-11
Itri_XP_040131141.1	587	720	DNA_methylase	PF00145.23	4.4e-12
Zcal_XP_027479977.1	516	648	DNA_methylase	PF00145.23	4.5e-12
Ppla_XP_024341226.1	150	511	DNA_methylase	PF00145.23	8.9e-13
Smim_KFM81898.1	89	168	DNA_methylase	PF00145.23	1.4e-13
Bmin_symbB.v1.2.002978.t1|scaffold165.1|size289678|11	379	510	DNA_methylase	PF00145.23	2.6e-13
Itri_XP_005320659.2	529	662	DNA_methylase	PF00145.23	3.9e-12
Macu_XP_065030514.1	310	426	DNA_methylase	PF00145.23	3.1e-09
Ojav_RVE70839.1	1110	1241	DNA_methylase	PF00145.23	6.1e-11
Tter_XP_003650845.1	323	620	DNA_methylase	PF00145.23	1e-11
Lper_XP_051188118.1	467	583	DNA_methylase	PF00145.23	1.1e-08
Pleo_XP_042787203.1	528	660	DNA_methylase	PF00145.23	4.6e-12
Ppar_XP_019314352.1	528	660	DNA_methylase	PF00145.23	4.6e-12
Ptig_XP_042836575.1	528	660	DNA_methylase	PF00145.23	4.6e-12
Mput_XP_044940007.1	590	722	DNA_methylase	PF00145.23	5.3e-12
Mput_XP_044940011.1	528	660	DNA_methylase	PF00145.23	4.6e-12
Cpug_XP_014809993.1	573	706	DNA_methylase	PF00145.23	8.1e-12
Cflo_XP_011269620.1	1231	1391	DNA_methylase	PF00145.23	1.4e-13
Halp_TFY81373.1	134	497	DNA_methylase	PF00145.23	5.6e-12
Opri_XP_058535602.1	572	704	DNA_methylase	PF00145.23	4.8e-12
Rmel_TDL26665.1	121	482	DNA_methylase	PF00145.23	7.9e-13
Vvul_XP_025865675.1	558	690	DNA_methylase	PF00145.23	4.9e-12
Itri_XP_005320658.2	567	700	DNA_methylase	PF00145.23	4.3e-12
Scivul_ENSSVLP00005002877.1	516	648	DNA_methylase	PF00145.23	5e-12
Pcoq_XP_012521200.1	515	647	DNA_methylase	PF00145.23	5e-12
Clup_XP_038427907.1	558	690	DNA_methylase	PF00145.23	4.9e-12
Eaus_PSK56890.1	334	702	DNA_methylase	PF00145.23	3.6e-13
Lcan_XP_030165665.1	558	690	DNA_methylase	PF00145.23	4.9e-12
Ppar_XP_019314349.1	590	722	DNA_methylase	PF00145.23	5.3e-12
Psim_ENSPSMP00000007013.1	515	647	DNA_methylase	PF00145.23	5e-12
Schcom_XP_050201230.1	223	583	DNA_methylase	PF00145.23	9.9e-13
Cflo_XP_011269612.1	1291	1451	DNA_methylase	PF00145.23	1.5e-13
Pvam_XP_039720008.1	517	649	DNA_methylase	PF00145.23	5e-12
Fcat_XP_044909687.1	552	684	DNA_methylase	PF00145.23	4.8e-12
Symmic_OLP88054.1	94	232	DNA_methylase	PF00145.23	3.2e-13
Zcal_XP_027479976.1	558	690	DNA_methylase	PF00145.23	4.9e-12
Fdam_XP_010626743.1	532	664	DNA_methylase	PF00145.23	5.2e-12
Uame_XP_045662855.1	557	689	DNA_methylase	PF00145.23	4.9e-12
Pleo_XP_042787201.1	570	702	DNA_methylase	PF00145.23	5.1e-12
Ppar_XP_019314350.1	570	702	DNA_methylase	PF00145.23	5.1e-12
Ptig_XP_042836573.1	570	702	DNA_methylase	PF00145.23	5.1e-12
Ailmel_XP_034496583.1	570	702	DNA_methylase	PF00145.23	5.1e-12
Smax_XP_035472848.1	472	613	DNA_methylase	PF00145.23	4.3e-10
Lafr_XP_064132039.1	585	717	DNA_methylase	PF00145.23	5.2e-12
Mput_XP_044940008.1	570	702	DNA_methylase	PF00145.23	5.1e-12
Hgla_XP_004868015.1	535	667	DNA_methylase	PF00145.23	5.2e-12
Dleu_XP_022412890.1	1180	1271	DNA_methylase	PF00145.23	1.6e-13
Clup_XP_038427906.1	576	708	DNA_methylase	PF00145.23	5.1e-12
Fcat_XP_044909683.1	614	746	DNA_methylase	PF00145.23	5.5e-12
Pita_KGO69882.1	102	263	DNA_methylase	PF00145.23	5.2e-13
Gwil_XP_028295275.1	567	699	DNA_methylase	PF00145.23	4.4e-11
Bmin_symbB.v1.2.035575.t1|scaffold4820.1|size34343|1	108	251	DNA_methylase	PF00145.23	3.2e-13
Scivul_ENSSVLP00005002866.1	557	689	DNA_methylase	PF00145.23	5.5e-12
Rfer_XP_032950180.1	558	690	DNA_methylase	PF00145.23	5.5e-12
Caraur_XP_026055322.1	549	658	DNA_methylase	PF00145.23	2.6e-10
Psim_ENSPSMP00000007012.1	555	687	DNA_methylase	PF00145.23	5.4e-12
Smax_XP_035472847.1	519	660	DNA_methylase	PF00145.23	4.7e-10
Pcoq_XP_012521199.1	557	689	DNA_methylase	PF00145.23	5.5e-12
Pvam_XP_039720007.1	559	691	DNA_methylase	PF00145.23	5.5e-12
Mmar_XP_048667071.1	515	647	DNA_methylase	PF00145.23	6.9e-12
Fcat_XP_044909684.1	594	726	DNA_methylase	PF00145.23	5.3e-12
Hgla_XP_021102539.1	597	729	DNA_methylase	PF00145.23	6e-12
Bmin_symbB.v1.2.001687.t1|scaffold93.1|size335462|2	7	256	DNA_methylase	PF00145.23	4.3e-12
Uame_XP_045662845.1	599	731	DNA_methylase	PF00145.23	5.3e-12
Umar_XP_008701435.1	599	731	DNA_methylase	PF00145.23	5.3e-12
Uthi_ENSUTTP00000015909.1	599	731	DNA_methylase	PF00145.23	5.3e-12
Fdam_XP_010626740.1	574	706	DNA_methylase	PF00145.23	5.7e-12
Cypcar_XP_042630212.1	650	782	DNA_methylase	PF00145.23	1.8e-11
Maur_XP_040602460.1	517	645	DNA_methylase	PF00145.23	1.4e-11
Theequ_XP_004832050.1	249	466	DNA_methylase	PF00145.23	7.4e-08
Fdam_XP_010626739.1	594	726	DNA_methylase	PF00145.23	5.9e-12
Pnor_KOS41539.1	102	484	DNA_methylase	PF00145.23	4.6e-13
Chequi_XP_021741614.1	715	830	DNA_methylase	PF00145.23	2.5e-09
Umar_XP_040494099.1	611	743	DNA_methylase	PF00145.23	5.5e-12
Hgla_XP_004868014.1	577	709	DNA_methylase	PF00145.23	5.8e-12
Tcin_CDO78139.1	133	494	DNA_methylase	PF00145.23	6.2e-13
Atau_XP_040242419.1	466	583	DNA_methylase	PF00145.23	2.8e-10
Cnym_KXH49333.1	510	796	DNA_methylase	PF00145.23	4.2e-10
Taes_XP_044372306.1	478	595	DNA_methylase	PF00145.23	1.2e-10
Ttur_VAI01642.1	478	595	DNA_methylase	PF00145.23	1.2e-10
Taes_XP_044372307.1	478	595	DNA_methylase	PF00145.23	1.2e-10
Tame_XP_040729606.1	382	444	DNA_methylase	PF00145.23	1.2e-10
Mmar_XP_048667068.1	558	690	DNA_methylase	PF00145.23	7.5e-12
Gdil_PPQ70742.1	23	83	DNA_methylase	PF00145.23	2.1e-13
Prel_XP_028535617.1	294	629	DNA_methylase	PF00145.23	6.9e-07
Panhal_XP_025798416.1	392	509	DNA_methylase	PF00145.23	2e-09
Tspe_TraesTSP4D01G049000.1	474	591	DNA_methylase	PF00145.23	2.9e-10
Ecur_TVT99634.1	460	571	DNA_methylase	PF00145.23	1.3e-07
Tspe_TraesTSP4B01G049200.1	475	592	DNA_methylase	PF00145.23	1.2e-10
Pfre_KAJ5509727.1	102	484	DNA_methylase	PF00145.23	9e-13
Smax_XP_035472838.1	565	706	DNA_methylase	PF00145.23	5.1e-10
Smax_XP_035472841.1	565	706	DNA_methylase	PF00145.23	5.1e-10
Smax_XP_035472842.1	565	706	DNA_methylase	PF00145.23	5.1e-10
Lsat_XP_023735169.1	474	588	DNA_methylase	PF00145.23	7.3e-09
Gdil_PPQ69827.1	144	351	DNA_methylase	PF00145.23	9.4e-13
Osun_ENSOSUP00000004600.1	482	567	DNA_methylase	PF00145.23	1.5e-09
Bcon_TGO44746.1	36	151	DNA_methylase	PF00145.23	2.1e-13
Cjap_CJA36569	11	69	DNA_methylase	PF00145.23	2.3e-13
Atha_NP_196966.2	503	617	DNA_methylase	PF00145.23	1.4e-09
Srhi_XP_016397602.1	980	1090	DNA_methylase	PF00145.23	1.4e-09
Dcay_XP_039116887.1	478	592	DNA_methylase	PF00145.23	3.3e-09
Tspe_TraesTSP6D01G340100.1	478	592	DNA_methylase	PF00145.23	9.8e-08
Eucgra_XP_039158895.1	350	465	DNA_methylase	PF00145.23	1e-09
Psp.CONT_KZV65170.1	218	574	DNA_methylase	PF00145.23	4.7e-13
Ecur_TVU02932.1	452	563	DNA_methylase	PF00145.23	1.3e-07
Bmus_XP_036683228.1	516	648	DNA_methylase	PF00145.23	2.2e-12
Nlep_KZT21583.1	193	556	DNA_methylase	PF00145.23	6e-13
Atau_XP_020199880.1	480	594	DNA_methylase	PF00145.23	9.9e-08
Taes_XP_044421178.1	480	594	DNA_methylase	PF00145.23	9.9e-08
Hhuc_ENSHHUP00000014338.1	324	457	DNA_methylase	PF00145.23	5.1e-10
Cypcar_XP_042630207.1	700	832	DNA_methylase	PF00145.23	2e-11
Cypcar_XP_042630208.1	699	831	DNA_methylase	PF00145.23	2e-11
Atau_XP_020199879.1	483	597	DNA_methylase	PF00145.23	1e-07
Taes_XP_044421177.1	483	597	DNA_methylase	PF00145.23	1e-07
Pbar_XP_011630481.1	1157	1289	DNA_methylase	PF00145.23	2.2e-13
Sniv_KZS94718.1	117	296	DNA_methylase	PF00145.23	2.9e-12
Cypcar_XP_042630204.1	704	836	DNA_methylase	PF00145.23	2e-11
Cypcar_XP_042630205.1	704	836	DNA_methylase	PF00145.23	2e-11
Samp_TRM57945.1	29	387	DNA_methylase	PF00145.23	6.5e-13
Cpug_XP_014817052.1	670	754	DNA_methylase	PF00145.23	1.3e-09
Bmus_XP_036683227.1	558	690	DNA_methylase	PF00145.23	2.3e-12
Oniv_ONIVA12G00690.1	589	707	DNA_methylase	PF00145.23	5.1e-11
Bcon_TGO54326.1	136	525	DNA_methylase	PF00145.23	6.9e-13
Bmus_XP_036683226.1	564	696	DNA_methylase	PF00145.23	2.4e-12
Bmin_symbB.v1.2.039896.t1|scaffold6856.1|size15028|1	108	452	DNA_methylase	PF00145.23	9.1e-13
Bmin_symbB.v1.2.023918.t1|scaffold2226.1|size85309|2	96	437	DNA_methylase	PF00145.23	1.1e-12
Ecab_XP_070104144.1	458	590	DNA_methylase	PF00145.23	9e-12
Frad_XP_012181822.1	125	489	DNA_methylase	PF00145.23	4.2e-13
Fcat_XP_044901296.1	1218	1309	DNA_methylase	PF00145.23	2.6e-13
Phub_XP_012191816.1	380	608	DNA_methylase	PF00145.23	6.5e-13
Lpol_XP_013775600.1	286	417	DNA_methylase	PF00145.23	1.3e-12
Singra_XP_016140318.1	496	625	DNA_methylase	PF00145.23	2e-11
Hsal_XP_011138454.1	1247	1379	DNA_methylase	PF00145.23	2.7e-13
Hsal_XP_025153316.1	1247	1379	DNA_methylase	PF00145.23	2.7e-13
Ipun_XP_017310720.2	588	720	DNA_methylase	PF00145.23	1.8e-11
Gste_OCL12388.1	598	775	DNA_methylase	PF00145.23	1.1e-12
Cfru_XP_031882474.2	628	713	DNA_methylase	PF00145.23	6.9e-10
Symmic_OLP98065.1	506	608	DNA_methylase	PF00145.23	8.2e-13
Taes_XP_044377564.1	478	595	DNA_methylase	PF00145.23	3.5e-10
Hsal_XP_025153315.1	1299	1431	DNA_methylase	PF00145.23	2.9e-13
Osun_ENSOSUP00000004505.1	545	630	DNA_methylase	PF00145.23	1.7e-09
Osun_ENSOSUP00000004558.1	547	632	DNA_methylase	PF00145.23	1.7e-09
Amul_XP_026607543.1	1207	1374	DNA_methylase	PF00145.23	5.6e-13
Mpus_XP_003064391.1	12	183	DNA_methylase	PF00145.23	5.4e-13
Panhal_XP_025798415.1	464	581	DNA_methylase	PF00145.23	2.5e-09
Singra_XP_016148330.1	706	835	DNA_methylase	PF00145.23	1.4e-11
Aamp_XP_043239321.1	580	689	DNA_methylase	PF00145.23	4e-12
Aamp_XP_043239322.1	580	689	DNA_methylase	PF00145.23	4e-12
Aamp_XP_043239323.1	580	689	DNA_methylase	PF00145.23	4e-12
Fdam_XP_019064640.1	1135	1226	DNA_methylase	PF00145.23	3e-13
Leeper_LPERR03G00840.1	480	599	DNA_methylase	PF00145.23	8.9e-10
Ppol_XP_037076273.1	380	540	DNA_methylase	PF00145.23	6.2e-13
Acun_XP_026718165.1	118	251	DNA_methylase	PF00145.23	7e-12
Aamp_XP_043239324.1	597	706	DNA_methylase	PF00145.23	4.1e-12
Ecab_XP_023482101.1	516	648	DNA_methylase	PF00145.23	1e-11
Mmar_XP_048667069.1	535	667	DNA_methylase	PF00145.23	7.2e-12
Hhuc_ENSHHUP00000014295.1	410	543	DNA_methylase	PF00145.23	6.4e-10
Mmar_XP_015337184.1	578	710	DNA_methylase	PF00145.23	7.9e-12
Ecab_XP_070104143.1	520	652	DNA_methylase	PF00145.23	1e-11
Phir_KAI8904617.1	164	529	DNA_methylase	PF00145.23	1.8e-12
Shab_XP_030358898.1	574	707	DNA_methylase	PF00145.23	6.2e-13
Ipun_XP_017310700.2	650	782	DNA_methylase	PF00145.23	2e-11
Ttur_VAI33163.1	288	404	DNA_methylase	PF00145.23	1.4e-08
Ipun_XP_017310691.2	654	786	DNA_methylase	PF00145.23	2e-11
Ttur_VAI18419.1	461	577	DNA_methylase	PF00145.23	8.6e-09
Seccer_SECCE5Rv1G0331430.1	478	595	DNA_methylase	PF00145.23	1.1e-08
Ttur_VAI18421.1	462	578	DNA_methylase	PF00145.23	8.6e-09
Ipun_XP_017310673.2	669	801	DNA_methylase	PF00145.23	2.1e-11
Hsap_NP_001411287.1	533	665	DNA_methylase	PF00145.23	1.8e-11
Pabe_XP_063576677.1	533	665	DNA_methylase	PF00145.23	1.8e-11
Aric_KYG47751.1	5	74	DNA_methylase	PF00145.23	1e-06
Asp.richmondensis_KXL49194.1	5	74	DNA_methylase	PF00145.23	1e-06
Easi_XP_044604168.1	516	648	DNA_methylase	PF00145.23	1.1e-11
Ggor_XP_063558555.1	533	665	DNA_methylase	PF00145.23	1.8e-11
Eeur_XP_060048138.1	548	681	DNA_methylase	PF00145.23	5.8e-12
Srhi_XP_016410114.1	496	625	DNA_methylase	PF00145.23	1.9e-11
Tasa_XP_014177226.1	345	508	DNA_methylase	PF00145.23	1.2e-12
Post_XP_036632223.1	132	328	DNA_methylase	PF00145.23	1.4e-12
Easi_XP_070341842.1	520	652	DNA_methylase	PF00145.23	1.1e-11
Tmag_PWW75900.1	338	568	DNA_methylase	PF00145.23	6.8e-13
Ecab_XP_023482099.1	558	690	DNA_methylase	PF00145.23	1.1e-11
Ecab_XP_023482098.1	562	694	DNA_methylase	PF00145.23	1.1e-11
Hsap_XP_047295912.1	545	677	DNA_methylase	PF00145.23	1.8e-11
Pabe_XP_063576676.1	545	677	DNA_methylase	PF00145.23	1.8e-11
Tdic_XP_037434726.1	478	594	DNA_methylase	PF00145.23	9e-09
Ttur_VAI18420.1	477	593	DNA_methylase	PF00145.23	9e-09
Taes_XP_044381642.1	478	594	DNA_methylase	PF00145.23	9e-09
Tura_XP_048530527.1	478	594	DNA_methylase	PF00145.23	9e-09
Tura_XP_048530529.1	478	594	DNA_methylase	PF00145.23	9e-09
Shir_XP_007304058.1	98	332	DNA_methylase	PF00145.23	1.4e-12
Mluc_XP_023610140.1	516	648	DNA_methylase	PF00145.23	1.6e-11
Msp.DMIDodQoI_KAE8448093.1	193	398	DNA_methylase	PF00145.23	7.9e-13
Smax_XP_035472844.1	565	706	DNA_methylase	PF00145.23	5e-10
Easi_XP_044604167.1	558	690	DNA_methylase	PF00145.23	1.2e-11
Hsap_NP_001411284.1	575	707	DNA_methylase	PF00145.23	2e-11
Ppan_XP_063457155.1	575	707	DNA_methylase	PF00145.23	2e-11
Ptro_XP_063659361.1	575	707	DNA_methylase	PF00145.23	2e-11
Pabe_XP_063576675.1	575	707	DNA_methylase	PF00145.23	2e-11
Mfas_XP_045218682.2	575	707	DNA_methylase	PF00145.23	2e-11
Mant_XP_014653461.1	341	525	DNA_methylase	PF00145.23	9.1e-13
Ggor_XP_018872990.1	575	707	DNA_methylase	PF00145.23	2e-11
Easi_XP_014700557.1	562	694	DNA_methylase	PF00145.23	1.3e-11
Tdic_XP_037434725.1	496	612	DNA_methylase	PF00145.23	9.4e-09
Taes_XP_044381641.1	496	612	DNA_methylase	PF00145.23	9.4e-09
Tura_XP_048530526.1	496	612	DNA_methylase	PF00145.23	9.4e-09
Tura_XP_048530528.1	496	612	DNA_methylase	PF00145.23	9.4e-09
Aano_XP_009032991.1	333	692	DNA_methylase	PF00145.23	7.4e-13
Tspe_TraesTSP5A01G253700.1	496	612	DNA_methylase	PF00145.23	9.4e-09
Bimp_XP_024223839.1	890	1020	DNA_methylase	PF00145.23	4.1e-13
Bimp_XP_033176978.1	890	1020	DNA_methylase	PF00145.23	4.1e-13
Ppan_XP_008965735.1	587	719	DNA_methylase	PF00145.23	2e-11
Ptro_XP_016793184.1	587	719	DNA_methylase	PF00145.23	2e-11
Pabe_XP_054398102.1	587	719	DNA_methylase	PF00145.23	2e-11
Bmin_symbB.v1.2.000759.t1|scaffold25.1|size427608|4	287	406	DNA_methylase	PF00145.23	8.7e-13
Dcar_XP_017234024.1	426	541	DNA_methylase	PF00145.23	4.7e-10
Macu_XP_064979260.1	219	334	DNA_methylase	PF00145.23	1.5e-09
Macu_XP_064979261.1	219	334	DNA_methylase	PF00145.23	1.5e-09
Macu_XP_064979262.1	219	334	DNA_methylase	PF00145.23	1.5e-09
Macu_XP_064979263.1	219	334	DNA_methylase	PF00145.23	1.5e-09
Mluc_XP_023610139.1	558	690	DNA_methylase	PF00145.23	1.8e-11
Hlab_XP_017796432.1	774	904	DNA_methylase	PF00145.23	3.5e-12
Bmin_symbB.v1.2.006338.t2|scaffold378.1|size217351|16	743	892	DNA_methylase	PF00145.23	1.6e-10
Bimp_XP_012241862.1	920	1050	DNA_methylase	PF00145.23	4.3e-13
Bmin_symbB.v1.2.006338.t1|scaffold378.1|size217351|16	743	892	DNA_methylase	PF00145.23	1.6e-10
Bimp_XP_024223838.1	927	1057	DNA_methylase	PF00145.23	4.3e-13
Bimp_XP_033176977.1	927	1057	DNA_methylase	PF00145.23	4.3e-13
Symmic_OLP97267.1	26	156	DNA_methylase	PF00145.23	3e-11
Mspr_MGP_SPRETEiJ_P0051680	5	82	DNA_methylase	PF00145.23	4.6e-13
Dpul_XP_046452935.1	198	363	DNA_methylase	PF00145.23	8.9e-13
Etel_XP_004697979.1	512	644	DNA_methylase	PF00145.23	1.4e-11
Dcar_XP_017234023.1	432	547	DNA_methylase	PF00145.23	4.8e-10
Bimp_XP_024223836.1	949	1079	DNA_methylase	PF00145.23	4.4e-13
Hsap_NP_001193985.1	479	611	DNA_methylase	PF00145.23	1.6e-11
Cang_XP_011815162.1	479	611	DNA_methylase	PF00145.23	1.6e-11
Mleu_XP_011835162.1	479	611	DNA_methylase	PF00145.23	1.6e-11
Tgel_XP_025254732.1	479	611	DNA_methylase	PF00145.23	1.6e-11
Caty_XP_011907910.1	604	736	DNA_methylase	PF00145.23	2.1e-11
Mmur_XP_012643586.1	631	763	DNA_methylase	PF00145.23	1.7e-11
Egra_OXV11904.1	656	788	DNA_methylase	PF00145.23	9.5e-13
Csab_XP_037838815.1	575	707	DNA_methylase	PF00145.23	3e-11
Aalp_KFK25705.1	474	588	DNA_methylase	PF00145.23	3.5e-09
Mytres_XP_033574997.1	340	509	DNA_methylase	PF00145.23	9.4e-13
Bmin_symbB.v1.2.035095.t1|scaffold4655.1|size36848|4	1256	1420	DNA_methylase	PF00145.23	2.1e-10
Msp.CRB83_RYP55480.1	6	259	DNA_methylase	PF00145.23	7.3e-13
Bjun_cds.BjuB02g39260S	485	599	DNA_methylase	PF00145.23	2.9e-09
Cimi_XP_017369934.2	513	645	DNA_methylase	PF00145.23	1.7e-11
Mmul_XP_015004697.1	513	645	DNA_methylase	PF00145.23	1.7e-11
Hsap_NP_001193984.1	513	645	DNA_methylase	PF00145.23	1.7e-11
Pabe_XP_054398106.1	513	645	DNA_methylase	PF00145.23	1.7e-11
Cang_XP_011815156.1	513	645	DNA_methylase	PF00145.23	1.7e-11
Rrox_XP_030771564.1	513	645	DNA_methylase	PF00145.23	1.7e-11
Caty_XP_011907916.1	513	645	DNA_methylase	PF00145.23	1.7e-11
Mleu_XP_011835161.1	513	645	DNA_methylase	PF00145.23	1.7e-11
Tgel_XP_025254731.1	513	645	DNA_methylase	PF00145.23	1.7e-11
Panu_XP_003904920.2	513	645	DNA_methylase	PF00145.23	1.7e-11
Ggor_XP_063558556.1	513	645	DNA_methylase	PF00145.23	1.7e-11
Mnem_XP_011764678.2	513	645	DNA_methylase	PF00145.23	1.7e-11
Xmul_KAF2973485.1	115	530	DNA_methylase	PF00145.23	4.3e-10
Bmin_symbB.v1.2.030323.t1|scaffold3405.1|size57502|1	142	419	DNA_methylase	PF00145.23	8e-13
Exen_XP_013310288.1	311	693	DNA_methylase	PF00145.23	1.6e-12
Achi_PSS35230.1	466	580	DNA_methylase	PF00145.23	1.1e-08
Hsap_NP_001411289.1	525	657	DNA_methylase	PF00145.23	1.8e-11
Pabe_XP_054398105.1	525	657	DNA_methylase	PF00145.23	1.8e-11
Lcha_XP_064416812.1	1036	1127	DNA_methylase	PF00145.23	5.4e-13
Cjac_XP_035154005.1	525	657	DNA_methylase	PF00145.23	1.8e-11
Caraur_XP_026141667.1	697	826	DNA_methylase	PF00145.23	3.1e-11
Cypcar_XP_042598575.1	700	829	DNA_methylase	PF00145.23	3.2e-11
Pcap_ENSPCAP00000000802.1	577	709	DNA_methylase	PF00145.23	3.4e-12
Mleu_XP_011835160.1	555	687	DNA_methylase	PF00145.23	1.9e-11
Acyg_XP_066834449.1	568	701	DNA_methylase	PF00145.23	1.6e-11
Moch_XP_013207688.1	472	599	DNA_methylase	PF00145.23	1.7e-09
Hsap_NP_787045.1	555	687	DNA_methylase	PF00145.23	1.9e-11
Ppan_XP_063457157.1	555	687	DNA_methylase	PF00145.23	1.9e-11
Ptro_XP_003316965.2	555	687	DNA_methylase	PF00145.23	1.9e-11
Pabe_XP_054398104.1	555	687	DNA_methylase	PF00145.23	1.9e-11
Cang_XP_011815147.1	555	687	DNA_methylase	PF00145.23	1.9e-11
Rrox_XP_030771563.1	555	687	DNA_methylase	PF00145.23	1.9e-11
Ggor_XP_063558554.1	555	687	DNA_methylase	PF00145.23	1.9e-11
Panu_XP_003904919.2	555	687	DNA_methylase	PF00145.23	1.9e-11
Piltep_XP_023076353.2	555	687	DNA_methylase	PF00145.23	1.9e-11
Caty_XP_011907915.1	555	687	DNA_methylase	PF00145.23	1.9e-11
Tgel_XP_025254730.1	555	687	DNA_methylase	PF00145.23	1.9e-11
Cimi_XP_017369904.2	555	687	DNA_methylase	PF00145.23	1.9e-11
Mfas_XP_045218683.2	555	687	DNA_methylase	PF00145.23	1.9e-11
Mmul_XP_015004696.1	555	687	DNA_methylase	PF00145.23	1.9e-11
Feuw_RTE67859.1	59	108	DNA_methylase	PF00145.23	7.4e-13
Panu_XP_017800374.2	542	674	DNA_methylase	PF00145.23	1.8e-11
Sbic_XP_002468285.1	453	569	DNA_methylase	PF00145.23	8.2e-10
Hann_XP_035838532.1	8	94	DNA_methylase	PF00145.23	7e-13
Mnem_XP_011764674.2	555	687	DNA_methylase	PF00145.23	1.9e-11
Sbol_XP_039335181.1	555	687	DNA_methylase	PF00145.23	1.9e-11
Hsap_NP_001411288.1	567	699	DNA_methylase	PF00145.23	2e-11
Ppan_XP_063457156.1	567	699	DNA_methylase	PF00145.23	2e-11
Ptro_XP_016793185.1	567	699	DNA_methylase	PF00145.23	2e-11
Pabe_XP_054398103.1	567	699	DNA_methylase	PF00145.23	2e-11
Bmin_symbB.v1.2.039122.t1|scaffold6360.1|size18781|1	91	299	DNA_methylase	PF00145.23	1.4e-12
Pcam_CRL23385.1	103	485	DNA_methylase	PF00145.23	3.1e-12
Atau_XP_020193562.1	478	594	DNA_methylase	PF00145.23	1.5e-08
Atau_XP_045084884.1	478	594	DNA_methylase	PF00145.23	1.5e-08
Taes_XP_044397714.1	478	594	DNA_methylase	PF00145.23	1.5e-08
Dmag_XP_032784728.2	199	361	DNA_methylase	PF00145.23	1.1e-12
Pfun_PRP86950.1	35	420	DNA_methylase	PF00145.23	6e-13
Cjac_XP_035154003.1	567	699	DNA_methylase	PF00145.23	2e-11
Pfun_PRP86990.1	80	465	DNA_methylase	PF00145.23	6.2e-13
Capcor_XP_007719435.1	257	641	DNA_methylase	PF00145.23	2.9e-12
Smax_XP_035472845.1	565	706	DNA_methylase	PF00145.23	5e-10
Panu_XP_017800373.2	584	716	DNA_methylase	PF00145.23	2e-11
Taes_XP_044397715.1	496	612	DNA_methylase	PF00145.23	1.5e-08
Tspe_TraesTSP5D01G267900.1	496	612	DNA_methylase	PF00145.23	1.5e-08
Psat_XP_050905482.1	466	580	DNA_methylase	PF00145.23	4.9e-10
Psat_XP_050905491.1	466	580	DNA_methylase	PF00145.23	4.9e-10
Psat_XP_050905500.1	466	580	DNA_methylase	PF00145.23	4.9e-10
Psat_XP_050905505.1	466	580	DNA_methylase	PF00145.23	4.9e-10
Psat_XP_050905514.1	466	580	DNA_methylase	PF00145.23	4.9e-10
Psat_XP_050905521.1	466	580	DNA_methylase	PF00145.23	4.9e-10
Psat_XP_050905528.1	466	580	DNA_methylase	PF00145.23	4.9e-10
Psat_XP_050905536.1	466	580	DNA_methylase	PF00145.23	4.9e-10
Cucsat_XP_031739478.1	401	515	DNA_methylase	PF00145.23	1.4e-08
Symmic_OLQ15324.1	1407	1504	DNA_methylase	PF00145.23	3e-12
Hazt_XP_047740817.1	12	101	DNA_methylase	PF00145.23	2.2e-10
Pgon_XP_028541746.1	294	630	DNA_methylase	PF00145.23	2e-06
Ppol_XP_037076275.1	396	556	DNA_methylase	PF00145.23	1.4e-12
Ttur_VAI11686.1	390	480	DNA_methylase	PF00145.23	3e-06
Csim_KXH27231.1	510	796	DNA_methylase	PF00145.23	1.8e-09
Horvul_XP_044949145.1	478	595	DNA_methylase	PF00145.23	1.6e-08
Pdig_EKV11406.1	103	484	DNA_methylase	PF00145.23	5.8e-12
Tmel_XP_002837747.1	209	417	DNA_methylase	PF00145.23	1.4e-12
Ecru_scaffold52.322.cds	479	595	DNA_methylase	PF00145.23	1.6e-09
Symmic_OLP92236.1	1268	1376	DNA_methylase	PF00145.23	7.6e-13
Salsal_XP_045549057.1	552	684	DNA_methylase	PF00145.23	1.2e-12
Pavi_XP_021817370.1	461	575	DNA_methylase	PF00145.23	1.4e-08
Csab_XP_008018877.1	555	687	DNA_methylase	PF00145.23	2.8e-11
Ssue_KZT41751.1	117	296	DNA_methylase	PF00145.23	3.5e-12
Mtru_XP_003598397.2	466	580	DNA_methylase	PF00145.23	4.8e-09
Cyncar_XP_024989797.1	512	627	DNA_methylase	PF00145.23	2.5e-09
Cpor_XP_063104587.1	580	712	DNA_methylase	PF00145.23	1.4e-12
Cpor_XP_063104588.1	580	712	DNA_methylase	PF00145.23	1.4e-12
Psat_XP_050905543.1	440	554	DNA_methylase	PF00145.23	4.5e-10
Scri_XP_027620507.1	130	488	DNA_methylase	PF00145.23	8.5e-13
Tnig_CAG12940.1	544	629	DNA_methylase	PF00145.23	2.1e-09
Gevg_XP_030389288.1	555	688	DNA_methylase	PF00145.23	1.7e-12
Bmin_symbB.v1.2.040907.t1|scaffold7640.1|size10103|1	108	222	DNA_methylase	PF00145.23	2.1e-12
Tcyp_PWZ01188.1	76	261	DNA_methylase	PF00145.23	1.7e-12
Ipun_XP_053542347.1	382	461	DNA_methylase	PF00145.23	4.3e-09
Cucsat_XP_004141100.1	462	576	DNA_methylase	PF00145.23	1.6e-08
Gevg_XP_030389287.1	555	688	DNA_methylase	PF00145.23	1.8e-12
Clux_KIK55374.1	807	896	DNA_methylase	PF00145.23	1.8e-12
Cucsat_XP_031739477.1	466	580	DNA_methylase	PF00145.23	1.6e-08
Tspe_TraesTSP5B01G260200.1	470	586	DNA_methylase	PF00145.23	2.6e-08
Taes_XP_044389105.1	472	588	DNA_methylase	PF00145.23	2.6e-08
Ttur_VAI33158.1	472	588	DNA_methylase	PF00145.23	2.6e-08
Bmin_symbB.v1.2.033371.t1|scaffold4139.1|size44681|2	525	833	DNA_methylase	PF00145.23	1.5e-11
Cepi_XP_007730616.1	236	603	DNA_methylase	PF00145.23	2.2e-12
Ttur_VAI33161.1	483	599	DNA_methylase	PF00145.23	2.6e-08
Csat_XP_010420193.1	497	614	DNA_methylase	PF00145.23	8.7e-10
Oeur_XP_022863815.1	2	114	DNA_methylase	PF00145.23	1.2e-12
Taes_XP_044389104.1	499	615	DNA_methylase	PF00145.23	2.8e-08
Ttur_VAI33159.1	499	615	DNA_methylase	PF00145.23	2.8e-08
Bgru_ENSBGRP00000007712.1	578	710	DNA_methylase	PF00145.23	2.3e-12
Cucmel_XP_050940339.1	401	515	DNA_methylase	PF00145.23	2.4e-08
Symmic_OLP73828.1	265	571	DNA_methylase	PF00145.23	3.2e-12
Ttur_VAI33160.1	510	626	DNA_methylase	PF00145.23	2.8e-08
Sscl_XP_001595952.1	266	391	DNA_methylase	PF00145.23	1.8e-11
Tdic_XP_037441882.1	472	588	DNA_methylase	PF00145.23	3e-08
Lsat_XP_052622724.1	473	587	DNA_methylase	PF00145.23	1.4e-08
Pcam_CRL21710.1	333	411	DNA_methylase	PF00145.23	1.7e-12
Casi_KAL3302770.1	632	717	DNA_methylase	PF00145.23	2.6e-09
Emue_Em0006g900a	7	84	DNA_methylase	PF00145.23	3.2e-08
Aapi_KZZ97139.1	864	969	DNA_methylase	PF00145.23	2.5e-12
Gevg_XP_030410913.1	668	809	DNA_methylase	PF00145.23	2.4e-12
Tdic_XP_037441881.1	483	599	DNA_methylase	PF00145.23	3.1e-08
Csat_XP_010420192.1	534	651	DNA_methylase	PF00145.23	9.6e-10
Csat_XP_019084458.1	534	651	DNA_methylase	PF00145.23	9.6e-10
Hann_XP_035843778.1	2	107	DNA_methylase	PF00145.23	1.4e-12
Symmic_OLP83275.1	159	236	DNA_methylase	PF00145.23	2.6e-12
Ttru_XP_033696808.1	564	696	DNA_methylase	PF00145.23	2.2e-12
Pvit_XP_020663499.1	508	641	DNA_methylase	PF00145.23	1.3e-12
Hann_XP_035843777.1	2	107	DNA_methylase	PF00145.23	1.5e-12
Fmed_XP_007262527.1	133	313	DNA_methylase	PF00145.23	4.3e-12
Csat_XP_010492372.1	494	610	DNA_methylase	PF00145.23	1.1e-09
Bmut_XP_070237684.1	564	696	DNA_methylase	PF00145.23	2.2e-12
Btau_XP_059748397.1	564	696	DNA_methylase	PF00145.23	2.2e-12
Cabi_XP_032618298.1	536	669	DNA_methylase	PF00145.23	2.8e-12
Cave_XP_059449743.1	460	574	DNA_methylase	PF00145.23	3.4e-09
Cave_XP_059449744.1	460	574	DNA_methylase	PF00145.23	3.4e-09
Cave_XP_059449745.1	460	574	DNA_methylase	PF00145.23	3.4e-09
Cave_XP_059449746.1	460	574	DNA_methylase	PF00145.23	3.4e-09
Bbis_XP_010840012.1	564	696	DNA_methylase	PF00145.23	2.2e-12
Cgri_XP_035302921.1	483	611	DNA_methylase	PF00145.23	1.9e-10
Oari_XP_042085962.1	576	708	DNA_methylase	PF00145.23	2.2e-12
Csat_XP_010492371.1	499	615	DNA_methylase	PF00145.23	1.2e-09
Macu_XP_064979259.1	351	466	DNA_methylase	PF00145.23	2.8e-09
Hsp.CO275_OTA95045.1	135	433	DNA_methylase	PF00145.23	6.4e-09
Psp.CONT_KZV65166.1	160	313	DNA_methylase	PF00145.23	3.4e-12
Sans_XP_016330948.1	698	827	DNA_methylase	PF00145.23	8.6e-11
Bmin_symbB.v1.2.018957.t1|scaffold1484.1|size180055|9	158	319	DNA_methylase	PF00145.23	2.5e-12
Psom_XP_026402758.1	4	91	DNA_methylase	PF00145.23	1.6e-12
Symmic_OLQ05679.1	1122	1423	DNA_methylase	PF00145.23	1.5e-12
Cabi_XP_032618297.1	536	669	DNA_methylase	PF00145.23	3.1e-12
Achi_PSR87569.1	460	574	DNA_methylase	PF00145.23	7.6e-10
Jreg_XP_018828653.1	406	520	DNA_methylase	PF00145.23	1.3e-09
Bmin_symbB.v1.2.013330.t1|scaffold941.1|size221885|5	399	477	DNA_methylase	PF00145.23	7.5e-12
Tbou_RPB25674.1	346	500	DNA_methylase	PF00145.23	3.5e-12
Bmin_symbB.v1.2.012489.t1|scaffold863.1|size157006|4	110	451	DNA_methylase	PF00145.23	1.3e-10
Csat_XP_019090547.1	491	606	DNA_methylase	PF00145.23	1.4e-09
Ttru_XP_033696805.1	564	696	DNA_methylase	PF00145.23	2.6e-12
Sscr_XP_020932913.1	561	693	DNA_methylase	PF00145.23	2.6e-12
Cgou_RLV85258.1	669	796	DNA_methylase	PF00145.23	4.9e-10
Cgou_RLV85264.1	669	796	DNA_methylase	PF00145.23	4.9e-10
Rhimic_XP_037270264.1	318	448	DNA_methylase	PF00145.23	1.2e-09
Maph_ETS64608.1	348	521	DNA_methylase	PF00145.23	3.5e-12
Cucmel_XP_008443541.2	462	576	DNA_methylase	PF00145.23	2.9e-08
Csat_XP_010492370.1	537	653	DNA_methylase	PF00145.23	1.3e-09
Macu_XP_009385287.2	472	588	DNA_methylase	PF00145.23	4e-09
Macu_XP_064989815.1	472	588	DNA_methylase	PF00145.23	4e-09
Pcop_XP_056534592.1	108	487	DNA_methylase	PF00145.23	6.5e-12
Dord_XP_012866203.1	477	609	DNA_methylase	PF00145.23	4.7e-11
Plat_XP_014907593.1	667	799	DNA_methylase	PF00145.23	5.1e-12
Crei_XP_042926549.1	643	757	DNA_methylase	PF00145.23	4.4e-07
Lper_XP_051195042.1	594	710	DNA_methylase	PF00145.23	1.1e-07
Lper_XP_051195043.1	594	710	DNA_methylase	PF00145.23	1.1e-07
Nper_XP_025896513.1	410	542	DNA_methylase	PF00145.23	3.1e-12
Dord_XP_012866200.1	571	703	DNA_methylase	PF00145.23	5.8e-11
Jreg_XP_018828652.1	422	536	DNA_methylase	PF00145.23	1.4e-09
Hhuc_ENSHHUP00000014280.1	1130	1263	DNA_methylase	PF00145.23	1.8e-09
Fexc_FRAEX38873_v2_000017210.1.cds	384	457	DNA_methylase	PF00145.23	9.5e-09
Tmar_XP_054116650.1	177	330	DNA_methylase	PF00145.23	1.8e-12
Cser_KAG6922758.1	495	627	DNA_methylase	PF00145.23	3.3e-12
Pcam_CRL21709.1	49	113	DNA_methylase	PF00145.23	1.9e-12
Plat_XP_014907592.1	680	812	DNA_methylase	PF00145.23	5.2e-12
Pfor_XP_016534618.1	669	801	DNA_methylase	PF00145.23	5.1e-12
Pnox_PAV19733.1	151	511	DNA_methylase	PF00145.23	1e-11
Pfor_XP_016534617.1	681	813	DNA_methylase	PF00145.23	5.2e-12
Dord_XP_012866202.1	511	643	DNA_methylase	PF00145.23	5.1e-11
Edia_XP_020894753.1	17	95	DNA_methylase	PF00145.23	2.6e-07
Csat_XP_010453672.1	529	644	DNA_methylase	PF00145.23	1.5e-09
Hhuc_ENSHHUP00000014267.1	1159	1292	DNA_methylase	PF00145.23	1.8e-09
Nbri_XP_006809738.1	7	73	DNA_methylase	PF00145.23	1.5e-08
Reme_XP_013327694.1	531	583	DNA_methylase	PF00145.23	3.1e-12
Plat_XP_014907588.1	716	848	DNA_methylase	PF00145.23	5.5e-12
Plat_XP_014907589.1	716	848	DNA_methylase	PF00145.23	5.5e-12
Plat_XP_014907591.1	716	848	DNA_methylase	PF00145.23	5.5e-12
Bmin_symbB.v1.2.005850.t1|scaffold335.1|size242651|1	56	364	DNA_methylase	PF00145.23	3.2e-11
Bnap_XP_013714561.2	475	589	DNA_methylase	PF00145.23	1e-08
Anis_ENSANIP00000012681.1	603	714	DNA_methylase	PF00145.23	9e-11
Fhep_KIY49972.1	98	470	DNA_methylase	PF00145.23	5.4e-12
Brap_XP_033137807.1	473	587	DNA_methylase	PF00145.23	1.3e-08
Nnaj_KAG8131512.1	473	607	DNA_methylase	PF00145.23	3.7e-12
Brap_XP_009121653.1	475	589	DNA_methylase	PF00145.23	1.3e-08
Brap_XP_033137806.1	475	589	DNA_methylase	PF00145.23	1.3e-08
Calmil_XP_042189157.1	747	879	DNA_methylase	PF00145.23	2.1e-12
Dord_XP_012866201.1	551	683	DNA_methylase	PF00145.23	5.5e-11
Hhuc_ENSHHUP00000014194.1	1203	1336	DNA_methylase	PF00145.23	1.9e-09
Locu_XP_069034794.1	620	752	DNA_methylase	PF00145.23	5.1e-12
Symmic_OLQ11921.1	96	239	DNA_methylase	PF00145.23	4e-12
Pfor_XP_007567132.1	718	850	DNA_methylase	PF00145.23	5.5e-12
Pfor_XP_016534615.1	718	850	DNA_methylase	PF00145.23	5.5e-12
Pfor_XP_016534616.1	718	850	DNA_methylase	PF00145.23	5.5e-12
Pmex_XP_014858909.1	667	799	DNA_methylase	PF00145.23	5.1e-12
Ppou_THH03097.1	134	497	DNA_methylase	PF00145.23	1.8e-11
Hhuc_ENSHHUP00000014151.1	1223	1356	DNA_methylase	PF00145.23	1.9e-09
Fcar_GMN41591.1	150	264	DNA_methylase	PF00145.23	2e-10
Oriv_OCH91470.1	119	484	DNA_methylase	PF00145.23	5.8e-12
Char_XP_031435610.1	767	896	DNA_methylase	PF00145.23	1.2e-08
Pmex_XP_014858908.1	679	811	DNA_methylase	PF00145.23	5.2e-12
Gsub_EMD39297.1	130	487	DNA_methylase	PF00145.23	7.9e-12
Bole_XP_013611698.1	459	573	DNA_methylase	PF00145.23	9.5e-09
Bole_XP_013611699.1	459	573	DNA_methylase	PF00145.23	9.5e-09
Jreg_XP_018828650.1	471	585	DNA_methylase	PF00145.23	1.6e-09
Jreg_XP_018828651.1	471	585	DNA_methylase	PF00145.23	1.6e-09
Citlan_Cla97C10G196810.1	507	621	DNA_methylase	PF00145.23	3.2e-08
Puni_PgR089_g019_t01	2	191	DNA_methylase	PF00145.23	3.2e-12
Tcar_ENSTMTP00000014944.1	625	757	DNA_methylase	PF00145.23	4.6e-12
Achr_XP_029863383.1	21	310	DNA_methylase	PF00145.23	6.2e-12
Achr_XP_029863384.1	21	310	DNA_methylase	PF00145.23	6.2e-12
Achr_XP_029863385.1	21	310	DNA_methylase	PF00145.23	6.2e-12
Achr_XP_040978008.1	21	310	DNA_methylase	PF00145.23	6.2e-12
Achr_XP_040978009.1	21	310	DNA_methylase	PF00145.23	6.2e-12
Tcar_ENSTMTP00000014968.1	645	777	DNA_methylase	PF00145.23	4.7e-12
Bole_XP_013611694.1	475	589	DNA_methylase	PF00145.23	1e-08
Bole_XP_013611695.1	475	589	DNA_methylase	PF00145.23	1e-08
Bole_XP_013611696.1	475	589	DNA_methylase	PF00145.23	1e-08
Bole_XP_013611697.1	475	589	DNA_methylase	PF00145.23	1e-08
Tcar_ENSTMTP00000014919.1	634	766	DNA_methylase	PF00145.23	4.7e-12
Pmex_XP_014858905.1	716	848	DNA_methylase	PF00145.23	5.5e-12
Pmex_XP_014858906.1	716	848	DNA_methylase	PF00145.23	5.5e-12
Pmex_XP_014858907.1	716	848	DNA_methylase	PF00145.23	5.5e-12
Csub_KAK1962278.1	27	384	DNA_methylase	PF00145.23	3.2e-11
Dsil_XP_049519757.1	210	370	DNA_methylase	PF00145.23	2.7e-09
Ppar_XP_019314351.1	590	722	DNA_methylase	PF00145.23	4.9e-12
Ctob_KOO31593.1	476	652	DNA_methylase	PF00145.23	7.5e-12
Sver_KIM21844.1	249	407	DNA_methylase	PF00145.23	2.7e-12
Bnap_XP_048598271.1	473	587	DNA_methylase	PF00145.23	1.3e-08
Vvul_XP_025865677.1	558	690	DNA_methylase	PF00145.23	4.5e-12
Cabi_XP_032618236.1	668	800	DNA_methylase	PF00145.23	5.4e-12
Lcan_XP_032448473.1	558	690	DNA_methylase	PF00145.23	4.5e-12
Fhep_KIY53108.1	661	763	DNA_methylase	PF00145.23	1.3e-11
Anis_ENSANIP00000012724.1	572	683	DNA_methylase	PF00145.23	8.5e-11
Achr_XP_029864537.1	572	683	DNA_methylase	PF00145.23	8.5e-11
Bnap_XP_013667686.1	475	589	DNA_methylase	PF00145.23	1.3e-08
Fcat_XP_044909686.1	614	746	DNA_methylase	PF00145.23	5.1e-12
Uthi_ENSUTTP00000016058.1	558	690	DNA_methylase	PF00145.23	4.5e-12
Bmin_symbB.v1.2.022727.t1|scaffold2034.1|size91818|9	485	603	DNA_methylase	PF00145.23	7.1e-12
Lafr_XP_064132040.1	585	717	DNA_methylase	PF00145.23	4.8e-12
Fcat_XP_044909685.1	614	746	DNA_methylase	PF00145.23	5.2e-12
Cleu_ROW17670.1	344	638	DNA_methylase	PF00145.23	3.6e-09
Pleo_XP_042787205.1	570	702	DNA_methylase	PF00145.23	4.7e-12
Ptig_XP_042836576.1	570	702	DNA_methylase	PF00145.23	4.7e-12
Ailmel_XP_034496584.1	570	702	DNA_methylase	PF00145.23	4.7e-12
Lber_XP_065820296.1	569	701	DNA_methylase	PF00145.23	5.5e-12
Pleo_XP_042787202.1	570	702	DNA_methylase	PF00145.23	4.7e-12
Ptig_XP_042836574.1	570	702	DNA_methylase	PF00145.23	4.7e-12
Pvit_XP_020663948.1	658	790	DNA_methylase	PF00145.23	4.9e-12
Tpse_XP_002289663.1	231	522	DNA_methylase	PF00145.23	5.2e-07
Clup_XP_038427908.1	576	708	DNA_methylase	PF00145.23	4.7e-12
Hgla_XP_021102540.1	597	729	DNA_methylase	PF00145.23	5.6e-12
Amacol_ENSACOP00000005403.1	616	748	DNA_methylase	PF00145.23	5.9e-12
Phatri_XP_002180434.1	243	380	DNA_methylase	PF00145.23	4.3e-10
Eeur_XP_060044359.1	504	637	DNA_methylase	PF00145.23	4.8e-12
Ppar_XP_019314347.1	590	722	DNA_methylase	PF00145.23	5.6e-12
Osun_ENSOSUP00000000780.1	572	705	DNA_methylase	PF00145.23	3.2e-11
Vmal_ROW12752.1	350	644	DNA_methylase	PF00145.23	4e-09
Srhi_XP_016373596.1	49	128	DNA_methylase	PF00145.23	1.1e-09
Pvam_XP_039720009.1	559	691	DNA_methylase	PF00145.23	5.1e-12
Bvul_XP_057251822.1	472	587	DNA_methylase	PF00145.23	4.3e-10
Uthi_ENSUTTP00000016141.1	599	731	DNA_methylase	PF00145.23	5.1e-12
Fdam_XP_010626742.1	594	726	DNA_methylase	PF00145.23	5.5e-12
Bmin_symbB.v1.2.010163.t1|scaffold659.1|size175721|4	180	332	DNA_methylase	PF00145.23	1.4e-10
Cfio_XP_053047665.2	488	774	DNA_methylase	PF00145.23	4.8e-09
Bjun_cds.BjuA10g20930S	552	666	DNA_methylase	PF00145.23	1.6e-08
Symmic_OLP73996.1	50	227	DNA_methylase	PF00145.23	6.7e-12
Symmic_OLP89727.1	1069	1174	DNA_methylase	PF00145.23	5.1e-12
Hann_XP_035843775.1	2	107	DNA_methylase	PF00145.23	4.2e-12
Lafr_XP_064132041.1	585	717	DNA_methylase	PF00145.23	5.5e-12
Etef_Et_s4893-0.43-1.mrna1	457	542	DNA_methylase	PF00145.23	3.3e-06
Ctob_KOO21614.1	132	189	DNA_methylase	PF00145.23	1.8e-08
Pleo_XP_042787199.1	570	702	DNA_methylase	PF00145.23	5.4e-12
Ptig_XP_042836571.1	570	702	DNA_methylase	PF00145.23	5.4e-12
Bmin_symbB.v1.2.019581.t1|scaffold1585.1|size110488|2	19	181	DNA_methylase	PF00145.23	1.3e-09
Hpin_KIJ65553.1	155	329	DNA_methylase	PF00145.23	3.5e-12
Cypcar_XP_042630206.1	704	833	DNA_methylase	PF00145.23	3.2e-10
Clup_XP_038427903.1	576	708	DNA_methylase	PF00145.23	5.6e-12
Ogar_XP_023368007.1	557	689	DNA_methylase	PF00145.23	5.8e-12
Pame_KIW73810	317	693	DNA_methylase	PF00145.23	2e-11
Slut_KIK48321.1	143	303	DNA_methylase	PF00145.23	1.1e-10
Cypcar_XP_042602953.1	646	778	DNA_methylase	PF00145.23	7.8e-12
Pret_XP_008395517.1	564	696	DNA_methylase	PF00145.23	9.9e-12
Itri_XP_040131142.1	587	720	DNA_methylase	PF00145.23	4.1e-12
Symmic_OLP87531.1	221	316	DNA_methylase	PF00145.23	7.4e-12
Hsap_XP_047299555.1	411	544	DNA_methylase	PF00145.23	7.2e-12
Ttur_VAI26008.1	326	441	DNA_methylase	PF00145.23	2.9e-06
Hsp.EC38_OTA70599.1	257	555	DNA_methylase	PF00145.23	1.3e-08
Pman_XP_042141421.1	411	543	DNA_methylase	PF00145.23	8.4e-12
Ceur_XP_008718017.1	302	674	DNA_methylase	PF00145.23	5.9e-11
Symmic_OLP92396.1	524	673	DNA_methylase	PF00145.23	4.7e-12
Ttur_VAI26009.1	331	446	DNA_methylase	PF00145.23	3e-06
Clup_XP_038444887.1	410	537	DNA_methylase	PF00145.23	5.1e-09
Proq_XP_038925955.1	109	485	DNA_methylase	PF00145.23	1.4e-11
Symmic_OLP93133.1	210	314	DNA_methylase	PF00145.23	2.5e-11
Lsul_XP_040769099.1	131	493	DNA_methylase	PF00145.23	1.1e-11
Symmic_OLP83058.1	1399	1503	DNA_methylase	PF00145.23	7.7e-12
Csem_XP_016891466.1	737	869	DNA_methylase	PF00145.23	1.1e-11
Bmes_THH14984.1	151	508	DNA_methylase	PF00145.23	5.2e-12
Symmic_OLP96159.1	7	82	DNA_methylase	PF00145.23	2.1e-11
Prub_KIK98238.1	147	314	DNA_methylase	PF00145.23	4e-11
Ncol_XP_031500395.1	575	689	DNA_methylase	PF00145.23	6.8e-10
Ncol_XP_031500396.1	575	689	DNA_methylase	PF00145.23	6.8e-10
Aind_PYI31575.1	176	258	DNA_methylase	PF00145.23	8.7e-12
Scit_KIM65986.1	138	307	DNA_methylase	PF00145.23	1.4e-11
Psp.VKMF4520_KFZ04545.1	320	437	DNA_methylase	PF00145.23	7.8e-12
Ncol_XP_031500393.1	583	697	DNA_methylase	PF00145.23	6.9e-10
Oeur_XP_022866302.1	622	653	DNA_methylase	PF00145.23	1.4e-06
Conlus_PSR94383.1	324	621	DNA_methylase	PF00145.23	1e-09
Toce_EJK73783.1	40	99	DNA_methylase	PF00145.23	6.3e-12
Auva_XP_025496661.1	76	158	DNA_methylase	PF00145.23	6.5e-12
Pmaj_XP_033371123.1	30	160	DNA_methylase	PF00145.23	7.5e-09
Bjun_cds.BjuB05g42570S	459	573	DNA_methylase	PF00145.23	2e-09
Ppat_XP_024396341.1	906	1022	DNA_methylase	PF00145.23	9.2e-11
Symmic_OLP82987.1	1089	1193	DNA_methylase	PF00145.23	9.5e-12
Bmin_symbB.v1.2.036767.t2|scaffold5268.1|size29156|1	222	287	DNA_methylase	PF00145.23	7.5e-12
Obir_XP_011348142.2	1366	1504	DNA_methylase	PF00145.23	6.2e-12
Colglo_XP_045268570.1	658	731	DNA_methylase	PF00145.23	4.3e-09
Puni_PgR089_g019_t02	2	169	DNA_methylase	PF00145.23	2.3e-11
Csp.2T21_KAB5577566.1	252	551	DNA_methylase	PF00145.23	4.9e-08
Rves_OJA16624.1	153	336	DNA_methylase	PF00145.23	9.4e-11
Ftin_ENSFTIP00000001635.1	573	706	DNA_methylase	PF00145.23	1.3e-11
Dfra_TFY50951.1	5	130	DNA_methylase	PF00145.23	1.6e-11
Panu_XP_031510864.1	631	764	DNA_methylase	PF00145.23	1.2e-11
Bmin_symbB.v1.2.026518.t1|scaffold2657.1|size73794|2	1457	1565	DNA_methylase	PF00145.23	5.2e-11
Bmin_symbB.v1.2.036767.t1|scaffold5268.1|size29156|1	247	312	DNA_methylase	PF00145.23	8.8e-12
Mmar_XP_048667070.1	578	710	DNA_methylase	PF00145.23	7.3e-12
Sapi_XP_016644954.1	513	802	DNA_methylase	PF00145.23	1e-08
Hsap_XP_011530966.1	634	767	DNA_methylase	PF00145.23	1.3e-11
Mpol_BFI28146.1	627	744	DNA_methylase	PF00145.23	5.4e-10
Cshi_TQN70131.1	668	951	DNA_methylase	PF00145.23	2.9e-07
Rvin_OAX36134.1	93	290	DNA_methylase	PF00145.23	6.6e-11
Rnor_XP_038968594.1	630	762	DNA_methylase	PF00145.23	1.7e-11
Smim_KFM59276.1	10	91	DNA_methylase	PF00145.23	9e-12
Symmic_OLP76976.1	50	227	DNA_methylase	PF00145.23	2.1e-11
Psim_ENSPSMP00000007283.1	634	766	DNA_methylase	PF00145.23	1.5e-11
Rbie_XP_017739618.1	575	707	DNA_methylase	PF00145.23	2.1e-11
Caty_XP_011907914.1	604	736	DNA_methylase	PF00145.23	1.9e-11
Eoli_XP_016261010.1	1220	1273	DNA_methylase	PF00145.23	2.3e-10
Mpol_BFI28147.1	634	751	DNA_methylase	PF00145.23	5.4e-10
Pcha_XP_745826.2	291	601	DNA_methylase	PF00145.23	1.5e-08
Sste_KIJ55585.1	132	294	DNA_methylase	PF00145.23	8.5e-12
Fmul_XP_016636436.1	1122	1307	DNA_methylase	PF00145.23	2.2e-10
Hsap_NP_001411285.1	533	665	DNA_methylase	PF00145.23	1.9e-11
Ggor_XP_063558559.1	533	665	DNA_methylase	PF00145.23	1.9e-11
Lafr_XP_023406270.1	631	763	DNA_methylase	PF00145.23	1.5e-11
Punstr_XP_007378144.1	6	337	DNA_methylase	PF00145.23	1.7e-10
Caty_XP_011907913.1	604	736	DNA_methylase	PF00145.23	2.1e-11
Ptro_XP_063659358.1	575	707	DNA_methylase	PF00145.23	2.1e-11
Hsap_NP_001411280.1	575	707	DNA_methylase	PF00145.23	2.1e-11
Ggor_XP_055233558.1	631	763	DNA_methylase	PF00145.23	1.5e-11
Pmic_KAI6023876.1	145	312	DNA_methylase	PF00145.23	1.1e-10
Ggor_XP_063558557.1	575	707	DNA_methylase	PF00145.23	2.1e-11
Hsap_XP_047299549.1	634	766	DNA_methylase	PF00145.23	1.6e-11
Bmin_symbB.v1.2.024490.t1|scaffold2325.1|size82289|2	384	603	DNA_methylase	PF00145.23	2e-11
Ptro_XP_016793183.1	587	719	DNA_methylase	PF00145.23	2.1e-11
Scam_XP_068768600.1	521	654	DNA_methylase	PF00145.23	4e-10
Csab_XP_037838816.1	575	707	DNA_methylase	PF00145.23	2.8e-11
Vvir_KAF2230066.1	316	502	DNA_methylase	PF00145.23	6.9e-08
Pgra_TFL05356.1	151	514	DNA_methylase	PF00145.23	2e-10
Mmul_XP_028684150.1	555	687	DNA_methylase	PF00145.23	1.7e-11
Soch_TCD71750.1	225	439	DNA_methylase	PF00145.23	4.2e-11
Scam_XP_068768598.1	540	673	DNA_methylase	PF00145.23	4.2e-10
Scam_XP_068768597.1	545	678	DNA_methylase	PF00145.23	4.2e-10
Mnem_XP_070935611.1	555	687	DNA_methylase	PF00145.23	1.7e-11
Post_XP_036635157.1	7	53	DNA_methylase	PF00145.23	1.8e-06
Fere_XP_018691602.1	289	665	DNA_methylase	PF00145.23	2.3e-11
Scam_XP_068768596.1	553	686	DNA_methylase	PF00145.23	4.3e-10
Cjac_XP_017827335.2	567	699	DNA_methylase	PF00145.23	1.8e-11
Panu_XP_009214595.2	584	716	DNA_methylase	PF00145.23	1.9e-11
Pans_XP_001903950.1	256	556	DNA_methylase	PF00145.23	5.6e-11
Cjac_XP_035154004.1	567	699	DNA_methylase	PF00145.23	1.9e-11
Hsap_NP_001411286.1	513	645	DNA_methylase	PF00145.23	1.8e-11
Ggor_XP_063558560.1	513	645	DNA_methylase	PF00145.23	1.8e-11
Mnem_XP_070935613.1	513	645	DNA_methylase	PF00145.23	1.8e-11
Scam_XP_068768593.1	577	710	DNA_methylase	PF00145.23	4.5e-10
Scam_XP_068768594.1	577	710	DNA_methylase	PF00145.23	4.5e-10
Scam_XP_068768599.1	577	710	DNA_methylase	PF00145.23	4.5e-10
Hsap_XP_047295911.1	525	657	DNA_methylase	PF00145.23	1.9e-11
Rbie_XP_017739617.1	513	645	DNA_methylase	PF00145.23	1.9e-11
Ptro_XP_054530869.1	555	687	DNA_methylase	PF00145.23	2e-11
Hsap_NP_001411282.1	555	687	DNA_methylase	PF00145.23	2e-11
Ggor_XP_063558558.1	555	687	DNA_methylase	PF00145.23	2e-11
Csab_XP_037838814.1	575	707	DNA_methylase	PF00145.23	3.2e-11
Ptro_XP_063659359.1	567	699	DNA_methylase	PF00145.23	2.1e-11
Hsap_XP_047295905.1	567	699	DNA_methylase	PF00145.23	2.1e-11
Bnap_XP_022554732.1	471	585	DNA_methylase	PF00145.23	2.3e-09
Mnem_XP_070935612.1	555	687	DNA_methylase	PF00145.23	2e-11
Rbie_XP_017739616.1	555	687	DNA_methylase	PF00145.23	2.1e-11
Tnig_CAG03909.1	314	396	DNA_methylase	PF00145.23	1.2e-06
Seccer_SECCE4Rv1G0219470.1	468	585	DNA_methylase	PF00145.23	4.5e-10
Bnap_XP_048604373.1	479	593	DNA_methylase	PF00145.23	2.4e-09
Macu_XP_064937189.1	404	519	DNA_methylase	PF00145.23	4.1e-09
Cpsa_XP_007742794.1	229	604	DNA_methylase	PF00145.23	2.7e-11
Ttur_VAI54408.1	189	306	DNA_methylase	PF00145.23	4.5e-05
Bmin_symbB.v1.2.019682.t1|scaffold1621.1|size109116|1	534	694	DNA_methylase	PF00145.23	2.2e-11
Symmic_OLP81661.1	167	269	DNA_methylase	PF00145.23	2.7e-11
Pvam_XP_039743596.1	576	720	DNA_methylase	PF00145.23	8.6e-08
Symmic_OLP89203.1	10	142	DNA_methylase	PF00145.23	3.5e-11
Sscl_XP_001595951.1	9	109	DNA_methylase	PF00145.23	2.2e-11
Mspr_MGP_SPRETEiJ_P0057492	418	504	DNA_methylase	PF00145.23	1.6e-09
Lflu_KAF2688069.1	661	798	DNA_methylase	PF00145.23	4.6e-11
Aory_XP_023093640.1	1	307	DNA_methylase	PF00145.23	3.1e-11
Afij_XP_040799483.1	430	497	DNA_methylase	PF00145.23	3.1e-11
Pvam_XP_039743590.1	631	775	DNA_methylase	PF00145.23	9.4e-08
Pvam_XP_039743592.1	631	775	DNA_methylase	PF00145.23	9.4e-08
Pvam_XP_039743593.1	631	775	DNA_methylase	PF00145.23	9.4e-08
Pvam_XP_039743594.1	631	775	DNA_methylase	PF00145.23	9.4e-08
Bmin_symbB.v1.2.033834.t1|scaffold4259.1|size42282|1	60	216	DNA_methylase	PF00145.23	3.7e-11
Bmin_symbB.v1.2.004950.t1|scaffold272.1|size248367|5	1062	1255	DNA_methylase	PF00145.23	3.7e-11
Bole_XP_013616623.1	471	585	DNA_methylase	PF00145.23	3.8e-09
Macu_XP_018686517.2	453	568	DNA_methylase	PF00145.23	4.8e-09
Isca_XP_040064066.1	58	140	DNA_methylase	PF00145.23	1.1e-08
Isca_XP_042144858.1	58	140	DNA_methylase	PF00145.23	1.1e-08
Bmin_symbB.v1.2.027737.t1|scaffold2870.1|size68455|2	88	242	DNA_methylase	PF00145.23	5.2e-11
Toce_EJK66069.1	440	537	DNA_methylase	PF00145.23	2.5e-06
Jhye_ENSJHYP00000011756.1	310	376	DNA_methylase	PF00145.23	2.3e-07
Xhyp_TGJ88702.1	251	557	DNA_methylase	PF00145.23	3.9e-06
Bmin_symbB.v1.2.004508.t1|scaffold252.1|size382360|2	99	206	DNA_methylase	PF00145.23	3.7e-11
Bmin_symbB.v1.2.024064.t1|scaffold2252.1|size84356|5	101	388	DNA_methylase	PF00145.23	5.7e-10
Cgra_XP_008092260.1	484	765	DNA_methylase	PF00145.23	2.7e-05
Symmic_OLP95288.1	226	320	DNA_methylase	PF00145.23	1.3e-10
Ptin_KAI6149517.1	137	296	DNA_methylase	PF00145.23	2e-10
Salsal_XP_045549179.1	1253	1385	DNA_methylase	PF00145.23	4.2e-11
Symmic_OLQ08339.1	217	464	DNA_methylase	PF00145.23	4.2e-11
Bmin_symbB.v1.2.039214.t1|scaffold6413.1|size18291|1	998	1071	DNA_methylase	PF00145.23	4.8e-11
Hhuc_ENSHHUP00000028031.1	418	487	DNA_methylase	PF00145.23	1.6e-07
Bell_KAF7929707.1	142	532	DNA_methylase	PF00145.23	1.5e-10
Opun_OPUNC03G08800.7	154	221	DNA_methylase	PF00145.23	4e-11
Opun_OPUNC03G08800.6	154	221	DNA_methylase	PF00145.23	4.2e-11
Stub_XP_015158967.1	483	569	DNA_methylase	PF00145.23	1.3e-06
Bmin_symbB.v1.2.035400.t1|scaffold4758.1|size35297|1	159	282	DNA_methylase	PF00145.23	3.5e-11
Jhye_ENSJHYP00000011749.1	365	431	DNA_methylase	PF00145.23	2.7e-07
Chig_XP_018156254.1	668	951	DNA_methylase	PF00145.23	2.7e-07
Bmin_symbB.v1.2.039703.t1|scaffold6734.1|size19123|2	624	732	DNA_methylase	PF00145.23	5.1e-11
Aper_ENSAPEP00000013531.1	742	824	DNA_methylase	PF00145.23	5.3e-05
Kfed_Kaladp0053s0211.1.v1.1	408	524	DNA_methylase	PF00145.23	4.4e-08
Symmic_OLP95356.1	411	604	DNA_methylase	PF00145.23	5.8e-11
Rchi_XP_040374269.1	263	377	DNA_methylase	PF00145.23	4e-06
Falb_XP_009497613.1	75	195	DNA_methylase	PF00145.23	3.9e-07
Cbra_GBG84764.1	861	985	DNA_methylase	PF00145.23	1.5e-08
Hhuc_ENSHHUP00000027933.1	425	492	DNA_methylase	PF00145.23	2.7e-07
Cimm_XP_016245013.1	290	668	DNA_methylase	PF00145.23	1.5e-10
Bjun_cds.BjuA02g38050S	471	585	DNA_methylase	PF00145.23	7.5e-09
Atri_XP_020527395.1	96	183	DNA_methylase	PF00145.23	4.7e-11
Smed_h1SMcT0000144.2	80	178	DNA_methylase	PF00145.23	4.7e-11
Lana_XP_023930877.1	173	256	DNA_methylase	PF00145.23	8.1e-11
Csp.2T21_KAB5515260.1	251	551	DNA_methylase	PF00145.23	1.1e-07
Cimm_XP_016255128.1	1111	1327	DNA_methylase	PF00145.23	2.6e-10
Cban_XP_016622894.1	228	604	DNA_methylase	PF00145.23	2.6e-10
Bmin_symbB.v1.2.031652.t1|scaffold3695.1|size51858|3	163	325	DNA_methylase	PF00145.23	7.3e-11
Clup_XP_038385876.1	410	536	DNA_methylase	PF00145.23	1.8e-08
Ajap_XP_025522713.1	133	199	DNA_methylase	PF00145.23	8.8e-11
Aano_XP_009042884.1	149	299	DNA_methylase	PF00145.23	7.5e-11
Brap_XP_009125988.1	471	585	DNA_methylase	PF00145.23	9.2e-09
Bmin_symbB.v1.2.039284.t1|scaffold6461.1|size17913|1	343	512	DNA_methylase	PF00145.23	1.2e-10
Bmin_symbB.v1.2.039099.t1|scaffold6349.1|size21529|1	478	593	DNA_methylase	PF00145.23	9.7e-11
Symmic_OLQ01333.1	221	296	DNA_methylase	PF00145.23	1.4e-10
Brap_XP_033140944.1	479	593	DNA_methylase	PF00145.23	9.4e-09
Ccit_KAF8009310.1	19	266	DNA_methylase	PF00145.23	7.8e-10
Csal_KXH65267.1	540	825	DNA_methylase	PF00145.23	6.6e-08
Csid_TEA13779.1	616	689	DNA_methylase	PF00145.23	2.1e-06
Dser_XP_066628718.1	207	326	DNA_methylase	PF00145.23	7.7e-09
Psp.VKMF4518_KFY83095.1	301	396	DNA_methylase	PF00145.23	9.4e-11
Pinv_KIJ20960.1	56	219	DNA_methylase	PF00145.23	7.1e-11
Ctri_TDZ54794.1	622	695	DNA_methylase	PF00145.23	4.5e-06
Corc_XP_022469150.1	463	750	DNA_methylase	PF00145.23	1.5e-06
Pmin_XP_007911765.1	211	486	DNA_methylase	PF00145.23	5.7e-08
Acyg_XP_047909381.1	599	681	DNA_methylase	PF00145.23	3.3e-05
Hhuc_ENSHHUP00000028046.1	402	467	DNA_methylase	PF00145.23	5.4e-07
Corb_TDZ26902.1	616	689	DNA_methylase	PF00145.23	2.1e-06
Acyg_XP_066851337.1	621	703	DNA_methylase	PF00145.23	3.4e-05
Acyg_XP_047909376.1	623	705	DNA_methylase	PF00145.23	3.4e-05
Ctof_GKT60646.1	631	912	DNA_methylase	PF00145.23	4.2e-05
Tspe_TraesTSP4A01G279000.1	303	420	DNA_methylase	PF00145.23	2.4e-10
Ttur_VAI01643.1	407	524	DNA_methylase	PF00145.23	1.4e-10
Bmin_symbB.v1.2.022461.t1|scaffold1970.1|size94257|3	321	666	DNA_methylase	PF00145.23	1.5e-09
Esid_KIV80239.1	392	676	DNA_methylase	PF00145.23	1.8e-08
Atam_KAE8158514.1	1	307	DNA_methylase	PF00145.23	1.7e-10
Taes_XP_044354653.1	393	479	DNA_methylase	PF00145.23	4.9e-06
Csem_XP_024918457.1	156	281	DNA_methylase	PF00145.23	2.9e-08
Hhuc_ENSHHUP00000027950.1	424	489	DNA_methylase	PF00145.23	6.2e-07
Symmic_OLQ11863.1	227	343	DNA_methylase	PF00145.23	1.5e-10
Oniv_ONIVA11G00240.1	276	393	DNA_methylase	PF00145.23	1.9e-10
Symmic_OLP75263.1	215	314	DNA_methylase	PF00145.23	1.7e-10
Thethe_XP_003664463.1	217	512	DNA_methylase	PF00145.23	7.5e-08
Acyg_XP_066851333.1	656	738	DNA_methylase	PF00145.23	3.5e-05
Acyg_XP_066851334.1	656	738	DNA_methylase	PF00145.23	3.5e-05
Acyg_XP_066851335.1	656	738	DNA_methylase	PF00145.23	3.5e-05
Epus_XP_007805724.1	370	582	DNA_methylase	PF00145.23	4.9e-10
Mvit_XP_029816020.1	35	120	DNA_methylase	PF00145.23	1.2e-10
Cpos_XP_065981705.1	2	113	DNA_methylase	PF00145.23	1.2e-10
Ccit_KAF8009316.1	70	317	DNA_methylase	PF00145.23	1.4e-09
Fere_XP_018689642.1	1086	1296	DNA_methylase	PF00145.23	4.3e-10
Aano_XP_009041752.1	215	323	DNA_methylase	PF00145.23	1.7e-10
Bmin_symbB.v1.2.018716.t1|scaffold1475.1|size116674|6	2844	3140	DNA_methylase	PF00145.23	3.2e-10
Rcol_XP_023622334.1	428	502	DNA_methylase	PF00145.23	3.4e-05
Lper_XP_051198073.1	382	496	DNA_methylase	PF00145.23	3.3e-06
Lper_XP_051198074.1	382	496	DNA_methylase	PF00145.23	3.3e-06
Symmic_OLQ12843.1	1047	1161	DNA_methylase	PF00145.23	3.4e-10
Symmic_OLP83565.1	838	1115	DNA_methylase	PF00145.23	1.8e-10
Atau_XP_040258768.1	453	539	DNA_methylase	PF00145.23	5.9e-06
Pigchi_Pchi_g11200	137	206	DNA_methylase	PF00145.23	1.2e-10
Bmin_symbB.v1.2.038410.t1|scaffold5968.1|size22057|1	713	820	DNA_methylase	PF00145.23	1e-09
Symmic_OLP99930.1	172	503	DNA_methylase	PF00145.23	2.6e-10
Ctob_KOO21538.1	336	551	DNA_methylase	PF00145.23	1.7e-10
Fmon_XP_022508425.1	1142	1324	DNA_methylase	PF00145.23	1.9e-09
Avio_PYI15933.1	321	380	DNA_methylase	PF00145.23	2.5e-10
Catt_XP_018000175.1	320	487	DNA_methylase	PF00145.23	2.3e-10
Oglu_OGLUM11G00490.2	47	159	DNA_methylase	PF00145.23	7.7e-10
Cpul_RKU49701.1	321	631	DNA_methylase	PF00145.23	2.6e-08
Bmin_symbB.v1.2.022667.t1|scaffold2021.1|size93746|9	501	565	DNA_methylase	PF00145.23	5.3e-10
Bmin_symbB.v1.2.005950.t2|scaffold351.1|size221948|1	432	726	DNA_methylase	PF00145.23	3.5e-10
Symmic_OLQ09521.1	160	274	DNA_methylase	PF00145.23	3.8e-10
Bmin_symbB.v1.2.007874.t1|scaffold482.1|size381469|2	2576	2682	DNA_methylase	PF00145.23	3.9e-10
Bmin_symbB.v1.2.015423.t1|scaffold1151.1|size135147|2	344	454	DNA_methylase	PF00145.23	1.5e-10
Gand_KAE9399103.1	60	122	DNA_methylase	PF00145.23	1.7e-10
Bmin_symbB.v1.2.005950.t1|scaffold351.1|size221948|1	474	768	DNA_methylase	PF00145.23	3.9e-10
Pmul_VEU41203.1	446	558	DNA_methylase	PF00145.23	1.3e-05
Aoff_XP_020255657.1	479	593	DNA_methylase	PF00145.23	1.8e-05
Aoff_XP_020255658.1	479	593	DNA_methylase	PF00145.23	1.8e-05
Aoff_XP_020255655.1	489	603	DNA_methylase	PF00145.23	1.8e-05
Aoff_XP_020255656.1	489	603	DNA_methylase	PF00145.23	1.8e-05
Bmin_symbB.v1.2.012032.t2|scaffold756.1|size166813|2	553	747	DNA_methylase	PF00145.23	1.8e-10
Sdau_ENSSDAP00000003313.1	26	81	DNA_methylase	PF00145.23	3.9e-06
Ofav_XP_020614133.1	29	78	DNA_methylase	PF00145.23	1.8e-10
Hmic_HmN_000063350	119	173	DNA_methylase	PF00145.23	2e-10
Oniv_ONIVA11G00240.2	209	324	DNA_methylase	PF00145.23	3e-10
Bmin_symbB.v1.2.001639.t1|scaffold90.1|size339071|8	1054	1188	DNA_methylase	PF00145.23	3.9e-10
Cpug_XP_014810014.1	589	697	DNA_methylase	PF00145.23	1.3e-08
Psp.VKMF4514_KFY43051.1	43	105	DNA_methylase	PF00145.23	2e-10
Psp.VKMF4516_KFY60175.1	43	105	DNA_methylase	PF00145.23	2e-10
Bmin_symbB.v1.2.004342.t1|scaffold243.1|size254222|5	420	720	DNA_methylase	PF00145.23	4.1e-10
Cpug_XP_014810003.1	597	705	DNA_methylase	PF00145.23	1.3e-08
Bmin_symbB.v1.2.037558.t1|scaffold5580.1|size55073|4	89	253	DNA_methylase	PF00145.23	3.8e-10
Cpug_XP_014809983.1	610	718	DNA_methylase	PF00145.23	1.3e-08
Pnye_XP_005755917.1	15	123	DNA_methylase	PF00145.23	3e-10
Bmin_symbB.v1.2.030940.t1|scaffold3540.1|size54394|3	910	1015	DNA_methylase	PF00145.23	5.7e-10
Otsh_XP_024231764.1	1273	1407	DNA_methylase	PF00145.23	8.1e-09
Seccer_SECCE6Rv1G0447430.1	318	433	DNA_methylase	PF00145.23	5.7e-08
Acyg_XP_047909375.2	886	968	DNA_methylase	PF00145.23	4.6e-05
Cpug_XP_014809964.1	629	737	DNA_methylase	PF00145.23	1.4e-08
Cpug_XP_014809972.1	629	737	DNA_methylase	PF00145.23	1.4e-08
Bmin_symbB.v1.2.012032.t1|scaffold756.1|size166813|2	553	746	DNA_methylase	PF00145.23	2.3e-10
Otsh_XP_024231761.1	1287	1421	DNA_methylase	PF00145.23	8.2e-09
Bmin_symbB.v1.2.040621.t1|scaffold7370.1|size11650|1	137	290	DNA_methylase	PF00145.23	1.3e-09
Symmic_OLP77633.1	194	464	DNA_methylase	PF00145.23	4e-10
Acyg_XP_047909377.2	863	945	DNA_methylase	PF00145.23	4.5e-05
Jfla_RUP50361.1	8	85	DNA_methylase	PF00145.23	7.5e-08
Bmin_symbB.v1.2.038411.t1|scaffold5968.1|size22057|2	713	820	DNA_methylase	PF00145.23	1.4e-09
Bmin_symbB.v1.2.023007.t1|scaffold2078.1|size90238|6	113	223	DNA_methylase	PF00145.23	7.7e-10
Pber_XP_034419840.1	337	517	DNA_methylase	PF00145.23	1.6e-08
Ptri_XP_053016230.1	60	364	DNA_methylase	PF00145.23	5.5e-10
Symmic_OLQ07356.1	226	325	DNA_methylase	PF00145.23	9.1e-10
Symmic_OLP79614.1	218	317	DNA_methylase	PF00145.23	4.9e-10
Macu_XP_064956766.1	326	413	DNA_methylase	PF00145.23	5.3e-06
Ccar_XP_008721838.1	295	670	DNA_methylase	PF00145.23	6.4e-10
Cepi_XP_007732447.1	246	289	DNA_methylase	PF00145.23	1.7e-09
Macu_XP_018679088.2	326	413	DNA_methylase	PF00145.23	5.3e-06
Macu_XP_018679089.2	326	413	DNA_methylase	PF00145.23	5.3e-06
Aano_XP_009034392.1	834	942	DNA_methylase	PF00145.23	5.8e-10
Gacu_XP_040025262.1	22	72	DNA_methylase	PF00145.23	3.2e-10
Fsim_TKA80489.1	12	290	DNA_methylase	PF00145.23	7.9e-10
Samp_TRM56981.1	153	246	DNA_methylase	PF00145.23	3.8e-10
Symmic_OLQ15035.1	3255	3357	DNA_methylase	PF00145.23	6.9e-10
Uame_XP_045662865.1	655	764	DNA_methylase	PF00145.23	1.1e-08
Cjac_XP_035121035.2	427	560	DNA_methylase	PF00145.23	1.5e-09
Eucgra_XP_039159882.1	456	563	DNA_methylase	PF00145.23	2.3e-07
Uame_XP_045662837.1	654	763	DNA_methylase	PF00145.23	1.1e-08
Fmul_XP_016634519.1	261	636	DNA_methylase	PF00145.23	1.2e-09
Bmin_symbB.v1.2.008255.t1|scaffold517.1|size193155|2	351	692	DNA_methylase	PF00145.23	1.5e-09
Bmin_symbB.v1.2.020325.t2|scaffold1704.1|size105413|1	1162	1327	DNA_methylase	PF00145.23	8.8e-10
Pant_XP_058316114.1	118	498	DNA_methylase	PF00145.23	2e-09
Rcul_nRc.2.0.1.t26558-RA	403	488	DNA_methylase	PF00145.23	2.7e-09
Cyeg_XP_007752434.1	295	671	DNA_methylase	PF00145.23	8.2e-10
Cspi_TDZ13233.1	617	690	DNA_methylase	PF00145.23	1.3e-05
Mund_XP_033923008.1	596	706	DNA_methylase	PF00145.23	1.2e-09
Uame_XP_045662818.1	696	805	DNA_methylase	PF00145.23	1.2e-08
Damp_KKY30924.1	3	263	DNA_methylase	PF00145.23	1.4e-09
Macu_XP_064994169.1	326	413	DNA_methylase	PF00145.23	1.2e-05
Mund_XP_033923006.1	604	714	DNA_methylase	PF00145.23	1.2e-09
Symmic_OLP96147.1	1020	1092	DNA_methylase	PF00145.23	9.2e-10
Achr_XP_040978010.1	21	285	DNA_methylase	PF00145.23	9.9e-10
Mund_XP_033923005.1	626	736	DNA_methylase	PF00145.23	1.3e-09
Aequ_EGACTEQ4350036846-PA	54	243	DNA_methylase	PF00145.23	5.9e-10
Mund_XP_033923004.1	628	738	DNA_methylase	PF00145.23	1.3e-09
Macu_XP_064956765.1	458	545	DNA_methylase	PF00145.23	6.2e-06
Symmic_OLP98400.1	1411	1737	DNA_methylase	PF00145.23	1.6e-09
Ecru_scaffold176.172.cds	629	678	DNA_methylase	PF00145.23	6.3e-06
Macu_XP_009393227.2	459	546	DNA_methylase	PF00145.23	6.3e-06
Macu_XP_064956764.1	402	489	DNA_methylase	PF00145.23	6.8e-06
Csat_XP_019085831.1	28	75	DNA_methylase	PF00145.23	5.7e-10
Macu_XP_064996980.1	403	490	DNA_methylase	PF00145.23	6.8e-06
Pmaj_XP_015503419.1	543	676	DNA_methylase	PF00145.23	1.6e-08
Tdic_XP_037433154.1	520	569	DNA_methylase	PF00145.23	1.4e-09
Rnec_GAP89489.2	245	539	DNA_methylase	PF00145.23	4.1e-06
Bmin_symbB.v1.2.020837.t1|scaffold1775.1|size101854|6	197	343	DNA_methylase	PF00145.23	1.4e-09
Mmer_XP_053402643.1	950	1030	DNA_methylase	PF00145.23	2e-09
Etef_Et_s977-0.39-1.mrna1	232	333	DNA_methylase	PF00145.23	4.8e-05
Bmin_symbB.v1.2.018702.t1|scaffold1503.1|size115030|3	533	625	DNA_methylase	PF00145.23	1.4e-09
Macu_XP_064956762.1	458	545	DNA_methylase	PF00145.23	7.5e-06
Macu_XP_009393226.2	459	546	DNA_methylase	PF00145.23	7.5e-06
Macu_XP_064994166.1	458	545	DNA_methylase	PF00145.23	1.4e-05
Aoff_XP_020258733.1	115	179	DNA_methylase	PF00145.23	6.7e-10
Macu_XP_064956761.1	458	545	DNA_methylase	PF00145.23	7.8e-06
Acas_XP_004347760.1	558	632	DNA_methylase	PF00145.23	6.7e-10
Symmic_OLQ03026.1	504	633	DNA_methylase	PF00145.23	1.3e-08
Awen_XP_040686558.1	1037	1203	DNA_methylase	PF00145.23	5.2e-08
Macu_XP_009393225.2	459	546	DNA_methylase	PF00145.23	7.8e-06
Trub_XP_003236242.2	3	288	DNA_methylase	PF00145.23	1.5e-09
Bmin_symbB.v1.2.011462.t1|scaffold713.1|size170176|11	1034	1142	DNA_methylase	PF00145.23	1.9e-09
Tsou_EZF72216.1	3	288	DNA_methylase	PF00145.23	1.5e-09
Psom_XP_026447086.1	484	574	DNA_methylase	PF00145.23	1.3e-08
Fped_XP_013285177.1	1137	1319	DNA_methylase	PF00145.23	4.9e-09
Cmin_TKA54917.1	6	233	DNA_methylase	PF00145.23	1.1e-09
Symmic_OLP85527.1	215	350	DNA_methylase	PF00145.23	1.3e-09
Phir_KAI8922506.1	89	132	DNA_methylase	PF00145.23	1.2e-09
Psom_XP_026447088.1	432	522	DNA_methylase	PF00145.23	1.5e-08
Bmin_symbB.v1.2.022712.t1|scaffold2026.1|size92022|1	104	264	DNA_methylase	PF00145.23	1.3e-09
Psom_XP_026447084.1	484	574	DNA_methylase	PF00145.23	1.3e-08
Bmin_symbB.v1.2.012762.t1|scaffold889.1|size154925|9	169	435	DNA_methylase	PF00145.23	7.4e-08
Cfru_XP_031878290.1	93	158	DNA_methylase	PF00145.23	9.4e-10
Xmul_KAF2971675.1	16	77	DNA_methylase	PF00145.23	1.6e-09
Lcom_lcpid121848|	147	207	DNA_methylase	PF00145.23	9e-10
Psom_XP_026447087.1	484	573	DNA_methylase	PF00145.23	1.6e-08
Macu_XP_064994159.1	458	545	DNA_methylase	PF00145.23	1.7e-05
Cpyg_ENSCPGP00000026675.1	571	655	DNA_methylase	PF00145.23	1.1e-06
Pman_XP_042133022.1	303	384	DNA_methylase	PF00145.23	1.1e-07
Psom_XP_026447085.1	484	574	DNA_methylase	PF00145.23	1.6e-08
Symmic_OLP92872.1	266	510	DNA_methylase	PF00145.23	4.6e-09
Macu_XP_064994154.1	458	545	DNA_methylase	PF00145.23	1.8e-05
Shab_XP_030358899.1	597	707	DNA_methylase	PF00145.23	5e-09
Xfla_TRX95245.1	329	631	DNA_methylase	PF00145.23	4.4e-05
Psom_XP_026447083.1	484	574	DNA_methylase	PF00145.23	1.7e-08
Symmic_OLQ00787.1	364	576	DNA_methylase	PF00145.23	2.8e-06
Kbra_XP_059321222.1	148	213	DNA_methylase	PF00145.23	1.1e-09
Shab_XP_030358897.1	629	739	DNA_methylase	PF00145.23	5.3e-09
Bmin_symbB.v1.2.012745.t1|scaffold886.1|size155167|1	284	381	DNA_methylase	PF00145.23	1.1e-09
Gaga_ENSGAGP00000031326.1	557	654	DNA_methylase	PF00145.23	6.4e-07
Gacu_XP_040025225.1	212	263	DNA_methylase	PF00145.23	1.2e-09
Jreg_XP_035549406.1	465	552	DNA_methylase	PF00145.23	8.3e-06
Smoe_XP_002962252.2	225	340	DNA_methylase	PF00145.23	5.5e-09
Bmin_symbB.v1.2.004851.t1|scaffold280.1|size241228|1	53	159	DNA_methylase	PF00145.23	3e-09
Anig_TGZ83578.1	262	440	DNA_methylase	PF00145.23	4.1e-09
Casi_KAL3292404.1	1173	1228	DNA_methylase	PF00145.23	3.9e-09
Ahaa_ENSAHAP00000023507.1	570	652	DNA_methylase	PF00145.23	7.5e-07
Symmic_OLP87640.1	216	315	DNA_methylase	PF00145.23	4.3e-09
Symmic_OLQ04922.1	60	173	DNA_methylase	PF00145.23	2.3e-09
Aowe_ENSAOWP00000005510.1	576	658	DNA_methylase	PF00145.23	7.6e-07
Tpse_XP_002288184.1	494	598	DNA_methylase	PF00145.23	7.6e-06
Punstr_XP_007385329.1	2	55	DNA_methylase	PF00145.23	1.8e-09
Bjun_cds.BjuA02g38040S	279	393	DNA_methylase	PF00145.23	2.2e-08
Mmic_KAF2665609.1	352	550	DNA_methylase	PF00145.23	4.7e-09
Bmin_symbB.v1.2.019438.t1|scaffold1590.1|size110306|4	1724	1835	DNA_methylase	PF00145.23	3.7e-09
Symmic_OLP97325.1	646	883	DNA_methylase	PF00145.23	8.4e-09
Symmic_OLP80696.1	616	870	DNA_methylase	PF00145.23	3.6e-09
Ppac_KAF8376475.1	8	106	DNA_methylase	PF00145.23	2.2e-09
Ehux_XP_005762822.1	220	336	DNA_methylase	PF00145.23	3.1e-09
Sdau_ENSSDAP00000019125.1	218	300	DNA_methylase	PF00145.23	3.4e-09
Bmin_symbB.v1.2.008629.t1|scaffold516.1|size216213|15	306	453	DNA_methylase	PF00145.23	2.1e-09
Lsp.SymCcos_KXN87439.1	148	493	DNA_methylase	PF00145.23	9e-06
Symmic_OLQ12664.1	49	156	DNA_methylase	PF00145.23	4.5e-09
Slig_RFU25287.1	22	161	DNA_methylase	PF00145.23	9.8e-09
Bmin_symbB.v1.2.003537.t1|scaffold196.1|size274459|9	79	417	DNA_methylase	PF00145.23	3.3e-08
Asat_cds.AVESA.00001b.r3.5Cg0003362.1	471	586	DNA_methylase	PF00145.23	2.2e-07
Bper_OJD11630.1	12	72	DNA_methylase	PF00145.23	2.6e-09
Fnub_XP_022504786.1	1118	1301	DNA_methylase	PF00145.23	8.6e-09
Cvel_Cvel_19644.t1-p1	1350	1488	DNA_methylase	PF00145.23	3.1e-07
Lflu_KAF2688070.1	2	220	DNA_methylase	PF00145.23	3.1e-08
Pcas_ENSPCEP00000015993.1	487	569	DNA_methylase	PF00145.23	1.5e-06
Taes_XP_044354654.1	347	433	DNA_methylase	PF00145.23	4.8e-05
Bmin_symbB.v1.2.019140.t1|scaffold1553.1|size112120|2	571	718	DNA_methylase	PF00145.23	6.6e-08
Pmal_XP_028860231.1	326	645	DNA_methylase	PF00145.23	8.9e-06
Bmin_symbB.v1.2.021064.t1|scaffold1802.1|size105105|2	385	544	DNA_methylase	PF00145.23	5.1e-09
Bmin_symbB.v1.2.006226.t1|scaffold340.1|size245066|12	175	338	DNA_methylase	PF00145.23	4.4e-09
Mmyc_KXX80855.1	310	606	DNA_methylase	PF00145.23	1.2e-07
Pvin_XP_008626324.1	286	596	DNA_methylase	PF00145.23	2e-08
Bmin_symbB.v1.2.003531.t1|scaffold196.1|size274459|3	106	274	DNA_methylase	PF00145.23	6e-09
Psp.VKMF4516_KFY51694.1	22	262	DNA_methylase	PF00145.23	8.6e-09
Rnor_XP_063132322.1	136	204	DNA_methylase	PF00145.23	3.5e-09
Penrub_XP_061067702.1	102	218	DNA_methylase	PF00145.23	9.6e-06
Bmin_symbB.v1.2.015915.t1|scaffold1171.1|size134081|10	280	393	DNA_methylase	PF00145.23	5.4e-09
Omer_OMERI11G00990.4	823	930	DNA_methylase	PF00145.23	3e-05
Omer_OMERI11G00990.5	823	930	DNA_methylase	PF00145.23	3e-05
Omer_OMERI11G00990.2	866	973	DNA_methylase	PF00145.23	3.2e-05
Symmic_OLP74921.1	152	317	DNA_methylase	PF00145.23	7.1e-09
Psim_ENSPSMP00000035820.1	5	52	DNA_methylase	PF00145.23	1.7e-05
Bmin_symbB.v1.2.005438.t1|scaffold318.1|size313828|1	98	191	DNA_methylase	PF00145.23	7.5e-09
Bmin_symbB.v1.2.017117.t1|scaffold1276.1|size127259|8	122	271	DNA_methylase	PF00145.23	5.8e-09
Brap_XP_009125989.1	279	393	DNA_methylase	PF00145.23	6.1e-08
Brap_XP_009125990.1	279	393	DNA_methylase	PF00145.23	6.1e-08
Omer_OMERI11G00990.1	866	973	DNA_methylase	PF00145.23	3.3e-05
Achr_XP_029864536.1	627	715	DNA_methylase	PF00145.23	1.6e-07
Symmic_OLQ13749.1	227	335	DNA_methylase	PF00145.23	9.8e-09
Asat_cds.AVESA.00001b.r3.7Ag0000491.1	458	572	DNA_methylase	PF00145.23	1.7e-07
Bmin_symbB.v1.2.002757.t1|scaffold141.1|size300911|8	3020	3326	DNA_methylase	PF00145.23	1.3e-08
Bmin_symbB.v1.2.009728.t1|scaffold625.1|size179458|5	1073	1180	DNA_methylase	PF00145.23	1.2e-08
Fped_XP_013282647.1	290	536	DNA_methylase	PF00145.23	5.1e-08
Symmic_OLP73366.1	33	270	DNA_methylase	PF00145.23	1.1e-08
Gfor_XP_030913885.1	505	637	DNA_methylase	PF00145.23	3e-08
Bmin_symbB.v1.2.009952.t1|scaffold559.1|size321893|7	1448	1555	DNA_methylase	PF00145.23	1.2e-08
Pyoe_XP_729952.2	395	709	DNA_methylase	PF00145.23	7.2e-08
Pigchi_Pchi_g13539	52	146	DNA_methylase	PF00145.23	1.1e-08
Campar_XP_030818884.1	542	674	DNA_methylase	PF00145.23	3.3e-08
Bmin_symbB.v1.2.003781.t1|scaffold214.1|size264264|3	3475	3609	DNA_methylase	PF00145.23	3e-07
Pari_XP_022488257.1	124	497	DNA_methylase	PF00145.23	2.4e-08
Socc_ENSSOCP00000013437.1	572	653	DNA_methylase	PF00145.23	4.2e-06
Taes_XP_044392315.1	59	138	DNA_methylase	PF00145.23	6.9e-09
Uame_XP_045662827.1	696	805	DNA_methylase	PF00145.23	1.1e-08
Ttur_VAI33162.1	302	418	DNA_methylase	PF00145.23	1.4e-08
Salk_XP_028469018.1	208	279	DNA_methylase	PF00145.23	4.7e-06
Bmin_symbB.v1.2.035717.t1|scaffold4877.1|size33519|3	1517	1591	DNA_methylase	PF00145.23	7.6e-09
Jhye_ENSJHYP00000019190.1	429	561	DNA_methylase	PF00145.23	4.3e-08
Ttur_VAH45912.1	1009	1058	DNA_methylase	PF00145.23	7.9e-06
Ttur_VAH30024.1	1009	1058	DNA_methylase	PF00145.23	7.9e-06
Acyg_XP_066834451.1	532	614	DNA_methylase	PF00145.23	4.6e-06
Bmin_symbB.v1.2.034110.t1|scaffold4347.1|size46752|2	508	767	DNA_methylase	PF00145.23	1.8e-08
Symmic_OLP94803.1	1069	1176	DNA_methylase	PF00145.23	1.4e-08
Acyg_XP_066834450.1	536	618	DNA_methylase	PF00145.23	4.6e-06
Cmos_ENSCMMP00000019711.1	534	616	DNA_methylase	PF00145.23	4.6e-06
Cmos_ENSCMMP00000019631.1	535	617	DNA_methylase	PF00145.23	4.6e-06
Chan_KAF4023223.1	8	55	DNA_methylase	PF00145.23	1.1e-08
Mmer_XP_053398019.1	684	788	DNA_methylase	PF00145.23	4.9e-08
Symmic_OLP79982.1	635	762	DNA_methylase	PF00145.23	1.5e-08
Mmer_XP_053398020.1	677	781	DNA_methylase	PF00145.23	4.8e-08
Acyg_XP_066834448.1	568	650	DNA_methylase	PF00145.23	4.8e-06
Mlax_KAB8293779.1	544	642	DNA_methylase	PF00145.23	7.7e-08
Ehux_XP_005778740.1	211	322	DNA_methylase	PF00145.23	2e-08
Symmic_OLP81735.1	312	379	DNA_methylase	PF00145.23	4.2e-07
Symmic_OLQ11816.1	191	310	DNA_methylase	PF00145.23	2.6e-08
Slal_XP_023254223.1	7	74	DNA_methylase	PF00145.23	1.6e-08
Symmic_OLP73964.1	11	229	DNA_methylase	PF00145.23	1.1e-07
Bmin_symbB.v1.2.008840.t1|scaffold553.1|size187910|1	49	179	DNA_methylase	PF00145.23	2.1e-08
Anapla_XP_038022328.1	567	649	DNA_methylase	PF00145.23	4.9e-06
Fnub_XP_022494149.1	290	664	DNA_methylase	PF00145.23	4.3e-08
Tnig_CAF88359.1	142	224	DNA_methylase	PF00145.23	1.8e-08
Sans_XP_016334570.1	7	73	DNA_methylase	PF00145.23	1.9e-08
Zalb_XP_014125483.1	504	636	DNA_methylase	PF00145.23	7.8e-08
Cust_XP_032930720.1	601	697	DNA_methylase	PF00145.23	5.1e-07
Amacol_ENSACOP00000010292.1	573	655	DNA_methylase	PF00145.23	4e-07
Bmin_symbB.v1.2.018376.t1|scaffold1462.1|size117239|9	257	387	DNA_methylase	PF00145.23	2.4e-08
Ascl_RJE22052.1	235	330	DNA_methylase	PF00145.23	3.2e-07
Bmin_symbB.v1.2.026238.t1|scaffold2606.1|size138328|2	3	99	DNA_methylase	PF00145.23	1.9e-07
Bnap_XP_048602363.1	48	162	DNA_methylase	PF00145.23	2.2e-08
Caqu_ORY13595.1	466	601	DNA_methylase	PF00145.23	3.8e-06
Bmin_symbB.v1.2.037346.t1|scaffold5453.1|size26969|2	875	981	DNA_methylase	PF00145.23	1.8e-08
Tbri_KRY54415.1	367	469	DNA_methylase	PF00145.23	1.1e-07
Msco_XP_018075476.1	249	533	DNA_methylase	PF00145.23	6.1e-08
Symmic_OLQ11846.1	59	158	DNA_methylase	PF00145.23	3.3e-08
Smoe_XP_024525780.1	383	498	DNA_methylase	PF00145.23	3.5e-08
Bmin_symbB.v1.2.031851.t1|scaffold3743.1|size51091|3	157	385	DNA_methylase	PF00145.23	9.9e-08
Ficalb_XP_016158842.1	577	673	DNA_methylase	PF00145.23	7.2e-07
Symmic_OLQ07583.1	346	447	DNA_methylase	PF00145.23	1.1e-07
Symmic_OLP73930.1	93	223	DNA_methylase	PF00145.23	3.2e-08
Ficalb_XP_016158840.1	605	701	DNA_methylase	PF00145.23	7.6e-07
Ctan_TKW50394.1	664	948	DNA_methylase	PF00145.23	5.5e-06
Ppol_XP_037083740.1	164	244	DNA_methylase	PF00145.23	3.7e-08
Ttur_VAH45908.1	1094	1143	DNA_methylase	PF00145.23	8.7e-06
Symmic_OLQ01830.1	1	98	DNA_methylase	PF00145.23	3.5e-08
Ccae_XP_023795536.1	620	705	DNA_methylase	PF00145.23	1e-06
Ojav_RVE59159.1	114	205	DNA_methylase	PF00145.23	2.8e-08
Rcul_nRc.2.0.1.t46146-RA	528	573	DNA_methylase	PF00145.23	2.8e-08
Spun_ENSSPUP00000024706.1	452	534	DNA_methylase	PF00145.23	1.7e-05
Fmon_XP_022507198.1	448	694	DNA_methylase	PF00145.23	5.7e-08
Pmaj_XP_015503416.1	622	707	DNA_methylase	PF00145.23	1e-06
Mbel_CAJ0937644.1	3	96	DNA_methylase	PF00145.23	3.3e-08
Tbis_KAF2402569.1	601	660	DNA_methylase	PF00145.23	1.5e-05
Lpro_PKS09456.1	55	130	DNA_methylase	PF00145.23	3.8e-08
Symmic_OLP84123.1	198	310	DNA_methylase	PF00145.23	8.2e-08
Bmin_symbB.v1.2.008755.t1|scaffold544.1|size189386|12	3672	3774	DNA_methylase	PF00145.23	9.5e-08
Ldel_RWS30993.1	477	604	DNA_methylase	PF00145.23	2.4e-07
Asccar_PYI07966.1	9	59	DNA_methylase	PF00145.23	4.8e-08
Bmin_symbB.v1.2.031558.t1|scaffold3547.1|size54304|1	1215	1344	DNA_methylase	PF00145.23	8.4e-08
Symmic_OLP77870.1	342	443	DNA_methylase	PF00145.23	6.9e-08
Coka_Cok_S_s234_15007.t1	84	135	DNA_methylase	PF00145.23	4.4e-08
Symmic_OLP90782.1	362	464	DNA_methylase	PF00145.23	1.1e-07
Sspo_Sspon.03G0032600-2C-mRNA-1	83	149	DNA_methylase	PF00145.23	4.5e-08
Bmin_symbB.v1.2.009482.t1|scaffold602.1|size182573|6	984	1112	DNA_methylase	PF00145.23	1.2e-07
Symmic_OLQ11173.1	245	358	DNA_methylase	PF00145.23	6.2e-07
Pmin_XP_007916180.1	18	74	DNA_methylase	PF00145.23	1.4e-06
Bbub_ENSBOBP00000021096.1	526	607	DNA_methylase	PF00145.23	3.9e-06
Pnod_XP_001797905.1	322	402	DNA_methylase	PF00145.23	7.3e-08
Bmin_symbB.v1.2.006607.t1|scaffold390.1|size254036|3	2100	2227	DNA_methylase	PF00145.23	1.4e-05
Symmic_OLP99479.1	1351	1478	DNA_methylase	PF00145.23	8.5e-08
Bmin_symbB.v1.2.026883.t1|scaffold2719.1|size72315|2	369	485	DNA_methylase	PF00145.23	8.6e-08
Cmon_XP_031983163.1	590	675	DNA_methylase	PF00145.23	8.9e-07
Pavcri_ENSPSTP00000019781.1	21	77	DNA_methylase	PF00145.23	6.5e-08
Cmon_XP_031983162.1	618	703	DNA_methylase	PF00145.23	9.4e-07
Symmic_OLQ00945.1	62	189	DNA_methylase	PF00145.23	1.1e-07
Aste_XP_024707256.1	1201	1251	DNA_methylase	PF00145.23	9.6e-07
Tgut_XP_030144618.3	617	701	DNA_methylase	PF00145.23	9.8e-07
Symmic_OLP98353.1	516	622	DNA_methylase	PF00145.23	9.6e-08
Bnap_XP_013726098.1	279	392	DNA_methylase	PF00145.23	9.9e-07
Bnap_XP_013726099.1	279	392	DNA_methylase	PF00145.23	9.9e-07
Sdau_ENSSDAP00000000409.1	600	674	DNA_methylase	PF00145.23	7e-06
Bmin_symbB.v1.2.008717.t1|scaffold545.1|size189104|2	968	1150	DNA_methylase	PF00145.23	2.3e-07
Ggal_XP_040506643.1	526	608	DNA_methylase	PF00145.23	3.6e-06
Bmin_symbB.v1.2.039928.t1|scaffold6879.1|size14865|1	605	949	DNA_methylase	PF00145.23	3.3e-07
Bmin_symbB.v1.2.020818.t1|scaffold1761.1|size106227|7	988	1096	DNA_methylase	PF00145.23	1.5e-07
Ggal_NP_001383773.1	545	627	DNA_methylase	PF00145.23	3.7e-06
Ggal_XP_046758837.1	545	627	DNA_methylase	PF00145.23	3.7e-06
Tbor_PUU84240.1	335	450	DNA_methylase	PF00145.23	2.2e-07
Fere_XP_018688243.1	1253	1305	DNA_methylase	PF00145.23	1.4e-06
Bmin_symbB.v1.2.006607.t2|scaffold390.1|size254036|3	2100	2227	DNA_methylase	PF00145.23	1.4e-05
Lcro_XP_027132458.1	38	251	DNA_methylase	PF00145.23	1.6e-07
Pavcri_ENSPSTP00000002657.1	569	651	DNA_methylase	PF00145.23	3.9e-06
Pcol_XP_031444382.1	569	651	DNA_methylase	PF00145.23	3.9e-06
Ggal_NP_001383771.1	569	651	DNA_methylase	PF00145.23	3.9e-06
Ggal_NP_001383772.1	569	651	DNA_methylase	PF00145.23	3.9e-06
Ggal_XP_046758836.1	569	651	DNA_methylase	PF00145.23	3.9e-06
Ggal_NP_001383769.1	545	627	DNA_methylase	PF00145.23	4e-06
Ggal_XP_046758835.1	545	627	DNA_methylase	PF00145.23	4e-06
Vvin_XP_019075700.1	441	558	DNA_methylase	PF00145.23	3.6e-07
Vvin_XP_059592721.1	441	558	DNA_methylase	PF00145.23	3.6e-07
Ggal_XP_040506640.1	550	632	DNA_methylase	PF00145.23	4e-06
Bmin_symbB.v1.2.026746.t1|scaffold2697.1|size72826|5	1824	1955	DNA_methylase	PF00145.23	2e-07
Symmic_OLP86253.1	1180	1291	DNA_methylase	PF00145.23	5.1e-07
Pcol_XP_031444377.1	569	651	DNA_methylase	PF00145.23	4.1e-06
Ggal_NP_001019999.2	569	651	DNA_methylase	PF00145.23	4.1e-06
Ggal_NP_001383770.1	569	651	DNA_methylase	PF00145.23	4.1e-06
Ggal_XP_046758834.1	569	651	DNA_methylase	PF00145.23	4.1e-06
Ebur_ENSEBUP00000015231.1	4	293	DNA_methylase	PF00145.23	1.5e-06
Symmic_OLQ11287.1	1622	1752	DNA_methylase	PF00145.23	1.2e-07
Nmel_XP_021272550.1	595	677	DNA_methylase	PF00145.23	4e-06
Nmel_XP_021272549.1	569	651	DNA_methylase	PF00145.23	4.1e-06
Cmos_ENSCMMP00000019665.1	531	613	DNA_methylase	PF00145.23	4.8e-06
Mgal_XP_010720914.1	569	651	DNA_methylase	PF00145.23	4.1e-06
Nmel_XP_021272548.1	595	677	DNA_methylase	PF00145.23	4.3e-06
Ccit_KAF8009312.1	25	85	DNA_methylase	PF00145.23	1.8e-07
Chrpic_ENSCPIP00010014403.1	664	746	DNA_methylase	PF00145.23	4.5e-06
Ansbra_ENSABRP00000024895.1	568	650	DNA_methylase	PF00145.23	4.5e-06
Lcor_XP_017678219.1	624	709	DNA_methylase	PF00145.23	4.1e-07
Bmin_symbB.v1.2.020455.t3|scaffold1724.1|size105863|1	228	330	DNA_methylase	PF00145.23	4e-07
Psat_XP_050892706.1	2	59	DNA_methylase	PF00145.23	1.9e-07
Clux_KIK55375.1	67	106	DNA_methylase	PF00145.23	2e-07
Vvin_XP_019075699.1	550	667	DNA_methylase	PF00145.23	4.8e-07
Psom_XP_026417605.1	395	481	DNA_methylase	PF00145.23	1.8e-06
Vvin_XP_010649652.1	586	703	DNA_methylase	PF00145.23	5.1e-07
Bmin_symbB.v1.2.004015.t1|scaffold227.1|size261201|1	1275	1401	DNA_methylase	PF00145.23	3.5e-07
Bmin_symbB.v1.2.020455.t2|scaffold1724.1|size105863|1	532	634	DNA_methylase	PF00145.23	4.5e-07
Exen_XP_013310188.1	1303	1356	DNA_methylase	PF00145.23	2.7e-06
Csem_XP_008336627.2	33	89	DNA_methylase	PF00145.23	1.9e-07
Gfor_XP_030913884.1	557	640	DNA_methylase	PF00145.23	1.1e-06
Ansbra_ENSABRP00000024899.1	675	757	DNA_methylase	PF00145.23	5.3e-06
Campar_XP_030818886.1	585	668	DNA_methylase	PF00145.23	1.2e-06
Campar_XP_030818885.1	590	673	DNA_methylase	PF00145.23	1.2e-06
Cpyg_ENSCPGP00000023839.1	457	522	DNA_methylase	PF00145.23	3.9e-07
Campar_XP_030818883.1	594	677	DNA_methylase	PF00145.23	1.2e-06
Mpus_XP_003061866.1	245	310	DNA_methylase	PF00145.23	7.9e-06
Hbic_XP_024736672.1	165	227	DNA_methylase	PF00145.23	1.1e-06
Campar_XP_030818880.1	622	705	DNA_methylase	PF00145.23	1.3e-06
Campar_XP_030818881.1	622	705	DNA_methylase	PF00145.23	1.3e-06
Campar_XP_030818882.1	622	705	DNA_methylase	PF00145.23	1.3e-06
Bmin_symbB.v1.2.026986.t1|scaffold2739.1|size71924|1	488	611	DNA_methylase	PF00145.23	5.5e-07
Bmin_symbB.v1.2.003254.t1|scaffold157.1|size293134|1	171	433	DNA_methylase	PF00145.23	6.1e-07
Bmin_symbB.v1.2.034240.t1|scaffold4387.1|size40302|4	4	106	DNA_methylase	PF00145.23	4.1e-07
Cgou_RLV98858.1	642	727	DNA_methylase	PF00145.23	1.4e-06
Turt_NP_001310072.1	518	599	DNA_methylase	PF00145.23	2.9e-07
Bmin_symbB.v1.2.004729.t1|scaffold219.1|size262806|9	871	1150	DNA_methylase	PF00145.23	1.3e-06
Turt_XP_015788935.1	556	637	DNA_methylase	PF00145.23	3.1e-07
Bjap_ENSBJAP00000003315.1	572	653	DNA_methylase	PF00145.23	4.6e-06
Turt_XP_015788934.1	558	639	DNA_methylase	PF00145.23	3.1e-07
Turt_XP_015788933.1	564	645	DNA_methylase	PF00145.23	3.1e-07
Pgig_KIP07147.1	252	530	DNA_methylase	PF00145.23	7.8e-06
Pgab_XP_018642609.1	292	422	DNA_methylase	PF00145.23	1.9e-06
Lsul_XP_040761583.1	198	507	DNA_methylase	PF00145.23	9.9e-07
Scan_XP_030088835.2	621	704	DNA_methylase	PF00145.23	1.3e-06
Jhye_ENSJHYP00000019179.1	621	704	DNA_methylase	PF00145.23	2e-06
Jhye_ENSJHYP00000019185.1	621	704	DNA_methylase	PF00145.23	2e-06
Zalb_XP_026651787.1	585	667	DNA_methylase	PF00145.23	2.1e-06
Bmin_symbB.v1.2.014929.t1|scaffold1103.1|size137753|5	3105	3313	DNA_methylase	PF00145.23	1.7e-05
Fmul_XP_016631931.1	1307	1360	DNA_methylase	PF00145.23	8.8e-06
Bmin_symbB.v1.2.006736.t1|scaffold403.1|size211681|1	278	404	DNA_methylase	PF00145.23	5.5e-06
Pvex_XP_040713729.1	352	399	DNA_methylase	PF00145.23	8e-07
Ncol_XP_031487099.1	22	70	DNA_methylase	PF00145.23	5.2e-07
Ncol_XP_031487100.1	22	70	DNA_methylase	PF00145.23	5.2e-07
Ncol_XP_031487101.1	22	70	DNA_methylase	PF00145.23	5.2e-07
Ncol_XP_031487102.1	22	70	DNA_methylase	PF00145.23	5.2e-07
Ncol_XP_031487104.1	22	68	DNA_methylase	PF00145.23	6.7e-07
Ncol_XP_031487105.1	22	68	DNA_methylase	PF00145.23	6.7e-07
Obar_OBART12G00390.2	483	569	DNA_methylase	PF00145.23	1.4e-06
Obar_OBART12G00390.1	313	399	DNA_methylase	PF00145.23	8.7e-07
Symmic_OLP80834.1	85	142	DNA_methylase	PF00145.23	6.1e-07
Symmic_OLP77779.1	59	187	DNA_methylase	PF00145.23	8.5e-07
Symmic_OLP91984.1	5	249	DNA_methylase	PF00145.23	1.6e-06
Vrad_XP_014509281.1	603	718	DNA_methylase	PF00145.23	2.6e-06
Vrad_XP_014509280.1	606	721	DNA_methylase	PF00145.23	2.6e-06
Vrad_XP_022639741.1	606	721	DNA_methylase	PF00145.23	2.6e-06
Symmic_OLP92816.1	459	513	DNA_methylase	PF00145.23	6.5e-07
Campar_XP_030818887.1	622	705	DNA_methylase	PF00145.23	1.2e-06
Bmin_symbB.v1.2.004626.t1|scaffold262.1|size347640|1	544	628	DNA_methylase	PF00145.23	6.9e-07
Vbra_CEM01987.1	669	776	DNA_methylase	PF00145.23	1.3e-06
Obar_OBART11G00590.2	537	623	DNA_methylase	PF00145.23	2.6e-06
Ldec_XP_023023569.1	791	842	DNA_methylase	PF00145.23	2e-06
Symmic_OLQ01115.1	798	1115	DNA_methylase	PF00145.23	3.4e-06
Acom_XP_020108442.1	564	681	DNA_methylase	PF00145.23	1.7e-06
Acom_XP_020108443.1	564	681	DNA_methylase	PF00145.23	1.7e-06
Acom_XP_020108440.1	569	686	DNA_methylase	PF00145.23	1.7e-06
Acom_XP_020108441.1	569	686	DNA_methylase	PF00145.23	1.7e-06
Mlax_KAB8293436.1	40	104	DNA_methylase	PF00145.23	2.3e-05
Obar_OBART11G00590.1	590	676	DNA_methylase	PF00145.23	2.8e-06
Symmic_OLP77315.1	56	141	DNA_methylase	PF00145.23	1.2e-06
Acam_XP_024689925.1	175	254	DNA_methylase	PF00145.23	1.6e-06
Bmin_symbB.v1.2.031685.t1|scaffold3685.1|size104757|10	1683	1789	DNA_methylase	PF00145.23	1.8e-06
Bnov_KAF1979916.1	225	342	DNA_methylase	PF00145.23	1.2e-06
Cann_XP_016573574.2	211	331	DNA_methylase	PF00145.23	2.2e-06
Cann_XP_047268661.1	211	331	DNA_methylase	PF00145.23	2.2e-06
Eaqu_XP_013262247.1	179	591	DNA_methylase	PF00145.23	5e-06
Gmax_XP_006583976.1	438	552	DNA_methylase	PF00145.23	4.6e-06
Gmax_XP_040873345.1	438	552	DNA_methylase	PF00145.23	4.6e-06
Cann_XP_047262103.1	25	107	DNA_methylase	PF00145.23	1.4e-06
Cann_XP_047262104.1	25	107	DNA_methylase	PF00145.23	1.4e-06
Gmax_XP_003550572.1	607	719	DNA_methylase	PF00145.23	7.1e-06
Bmin_symbB.v1.2.006774.t1|scaffold396.1|size242164|1	156	352	DNA_methylase	PF00145.23	4.8e-06
Natt_XP_019253938.1	144	258	DNA_methylase	PF00145.23	2.4e-06
Symmic_OLQ04841.1	558	688	DNA_methylase	PF00145.23	3.1e-06
Ccit_KAF8017765.1	601	717	DNA_methylase	PF00145.23	4e-06
Ccit_KAF8017766.1	601	717	DNA_methylase	PF00145.23	4e-06
Ccit_KAF8017767.1	601	717	DNA_methylase	PF00145.23	4e-06
Symmic_OLP95349.1	1383	1513	DNA_methylase	PF00145.23	3.4e-06
Bbot_KDQ16326.1	811	849	DNA_methylase	PF00145.23	2.6e-06
Symmic_OLP89998.1	146	193	DNA_methylase	PF00145.23	4.4e-06
Symmic_OLQ00131.1	1303	1434	DNA_methylase	PF00145.23	3.3e-06
Gmax_XP_006583974.1	572	686	DNA_methylase	PF00145.23	6.4e-06
Gmax_XP_025985122.1	572	686	DNA_methylase	PF00145.23	6.4e-06
Panu_XP_031512514.1	584	666	DNA_methylase	PF00145.23	3.3e-06
Phavul_XP_068463587.1	604	719	DNA_methylase	PF00145.23	7.1e-06
Phavul_XP_068463588.1	604	719	DNA_methylase	PF00145.23	7.1e-06
Phavul_XP_068463589.1	604	719	DNA_methylase	PF00145.23	7.1e-06
Phavul_XP_068463590.1	604	719	DNA_methylase	PF00145.23	7.1e-06
Phavul_XP_068463591.1	604	719	DNA_methylase	PF00145.23	7.1e-06
Phavul_XP_068463592.1	604	719	DNA_methylase	PF00145.23	7.1e-06
Symmic_OLP93918.1	540	644	DNA_methylase	PF00145.23	7.6e-06
Msp.DMIDodQoI_KAE8446023.1	22	112	DNA_methylase	PF00145.23	4.1e-06
Bmin_symbB.v1.2.001887.t1|scaffold101.1|size361152|1	2371	2476	DNA_methylase	PF00145.23	2.6e-06
Symmic_OLP86262.1	78	208	DNA_methylase	PF00145.23	7.3e-06
Scivul_ENSSVLP00005018972.1	499	609	DNA_methylase	PF00145.23	4.6e-06
Bgru_ENSBGRP00000030011.1	24	79	DNA_methylase	PF00145.23	2.7e-06
Natt_XP_019245261.1	581	697	DNA_methylase	PF00145.23	4.2e-06
Cput_XP_007763121.1	1	70	DNA_methylase	PF00145.23	3.6e-06
Agif_XP_044015400.1	54	128	DNA_methylase	PF00145.23	4.7e-06
Otau_XP_022838937.1	5	40	DNA_methylase	PF00145.23	2.7e-06
Symmic_OLQ04640.1	340	470	DNA_methylase	PF00145.23	4.1e-06
Bmin_symbB.v1.2.020103.t1|scaffold1638.1|size107986|8	162	274	DNA_methylase	PF00145.23	8.6e-06
Bmin_symbB.v1.2.001887.t2|scaffold101.1|size361152|1	2840	2945	DNA_methylase	PF00145.23	3.1e-06
Symmic_OLQ11556.1	1511	1579	DNA_methylase	PF00145.23	7.7e-06
Pdul_XP_034199659.1	451	566	DNA_methylase	PF00145.23	1.3e-05
Pruper_XP_007221658.2	593	710	DNA_methylase	PF00145.23	1.2e-05
Pruper_XP_020410203.1	593	710	DNA_methylase	PF00145.23	1.2e-05
Symmic_OLP80750.1	706	831	DNA_methylase	PF00145.23	6.6e-06
Pruper_XP_020410202.1	625	742	DNA_methylase	PF00145.23	1.2e-05
Vang_XP_017442741.1	606	721	DNA_methylase	PF00145.23	1.3e-05
Dcay_XP_039129171.1	586	700	DNA_methylase	PF00145.23	1.6e-05
Bmin_symbB.v1.2.035761.t1|scaffold4890.1|size33415|2	90	237	DNA_methylase	PF00145.23	1.2e-05
Symmic_OLP96764.1	848	978	DNA_methylase	PF00145.23	9.4e-06
Cban_XP_016613425.1	724	783	DNA_methylase	PF00145.23	1.2e-05
Symmic_OLQ07508.1	327	428	DNA_methylase	PF00145.23	2.7e-05
Symmic_OLP95272.1	1	103	DNA_methylase	PF00145.23	1.6e-05
Symmic_OLP75255.1	88	224	DNA_methylase	PF00145.23	9.8e-06
Bmin_symbB.v1.2.025198.t1|scaffold2434.1|size79130|1	172	237	DNA_methylase	PF00145.23	1.2e-05
Mgig_XP_065933681.1	2	64	DNA_methylase	PF00145.23	7e-06
Bmin_symbB.v1.2.034750.t1|scaffold4541.1|size75942|4	164	269	DNA_methylase	PF00145.23	1e-05
Mmaj_KID95309.1	1120	1321	DNA_methylase	PF00145.23	9.2e-06
Pdul_XP_034199657.1	593	708	DNA_methylase	PF00145.23	1.8e-05
Pdul_XP_034199658.1	593	708	DNA_methylase	PF00145.23	1.8e-05
Ater_XP_001217603.1	65	137	DNA_methylase	PF00145.23	7.9e-06
Socc_ENSSOCP00000003166.1	5	50	DNA_methylase	PF00145.23	6.9e-06
Sspo_Sspon.01G0035980-2D-mRNA-1:cds	293	398	DNA_methylase	PF00145.23	1.1e-05
Jreg_XP_018833890.1	596	712	DNA_methylase	PF00145.23	1.3e-05
Jreg_XP_018833889.1	596	712	DNA_methylase	PF00145.23	1.3e-05
Jreg_XP_018833888.1	596	712	DNA_methylase	PF00145.23	1.3e-05
Bmin_symbB.v1.2.020288.t1|scaffold1678.1|size106249|4	1050	1156	DNA_methylase	PF00145.23	1.8e-05
Eaqu_XP_013263860.1	1	40	DNA_methylase	PF00145.23	8.6e-06
Bmin_symbB.v1.2.000313.t1|scaffold6.1|size569917|16	1500	1630	DNA_methylase	PF00145.23	7.8e-06
Psim_ENSPSMP00000005900.1	32	91	DNA_methylase	PF00145.23	8.7e-06
Cann_XP_016570207.1	76	108	DNA_methylase	PF00145.23	9.1e-06
Symmic_OLQ06433.1	173	237	DNA_methylase	PF00145.23	1e-05
Asol_PBK61929.1	922	962	DNA_methylase	PF00145.23	2.1e-05
Cann_XP_047266755.1	67	99	DNA_methylase	PF00145.23	1e-05
Gmax_XP_006585443.1	30	111	DNA_methylase	PF00145.23	1.2e-05
Cann_XP_047266756.1	76	108	DNA_methylase	PF00145.23	1e-05
Gmax_XP_006585442.1	30	111	DNA_methylase	PF00145.23	1.3e-05
Symmic_OLQ08491.1	549	646	DNA_methylase	PF00145.23	1.8e-05
Cann_XP_016570206.1	76	108	DNA_methylase	PF00145.23	1.3e-05
Cann_XP_047266754.1	76	108	DNA_methylase	PF00145.23	1.3e-05
Symmic_OLP78278.1	104	162	DNA_methylase	PF00145.23	3.8e-05
Cabi_XP_032649858.1	5	51	DNA_methylase	PF00145.23	2.1e-05
Sollyc_NP_001353599.1	575	692	DNA_methylase	PF00145.23	2.2e-05
Sollyc_XP_010321415.1	575	692	DNA_methylase	PF00145.23	2.2e-05
Esp.FLASF59071_RUS14495.1	142	219	DNA_methylase	PF00145.23	1.8e-05
Cave_XP_059448501.1	564	678	DNA_methylase	PF00145.23	2.8e-05
Omer_OMERI11G00990.3	816	923	DNA_methylase	PF00145.23	3e-05
Smar_SMAR015107-PA	28	56	DNA_methylase	PF00145.23	1.8e-05
Cave_XP_059448493.1	572	686	DNA_methylase	PF00145.23	2.9e-05
Cave_XP_059448487.1	579	693	DNA_methylase	PF00145.23	2.9e-05
Cave_XP_059448481.1	587	701	DNA_methylase	PF00145.23	3e-05
Symmic_OLP67497.1	35	105	DNA_methylase	PF00145.23	4.3e-05
Cave_XP_059448460.1	587	701	DNA_methylase	PF00145.23	3e-05
Cave_XP_059448468.1	587	701	DNA_methylase	PF00145.23	3e-05
Cave_XP_059448474.1	587	701	DNA_methylase	PF00145.23	3e-05
Symmic_OLP77802.1	1111	1241	DNA_methylase	PF00145.23	2.8e-05
Bmin_symbB.v1.2.038718.t1|scaffold6139.1|size20637|2	287	393	DNA_methylase	PF00145.23	2.5e-05
Nbra_WKY07127.1	4	62	DNA_methylase	PF00145.23	2.1e-05
Symmic_OLQ06576.1	426	556	DNA_methylase	PF00145.23	3e-05
Bmin_symbB.v1.2.032813.t1|scaffold3991.1|size46774|1	1337	1443	DNA_methylase	PF00145.23	4.9e-05
Bmin_symbB.v1.2.036087.t1|scaffold5017.1|size46094|2	2060	2172	DNA_methylase	PF00145.23	5.2e-05
Aano_XP_009042577.1	90	234	DNA_methylase	PF00145.23	3.6e-05
Tdic_XP_037473487.1	97	227	DNA_methylase	PF00145.23	5.2e-05
Symmic_OLQ02849.1	1561	1666	DNA_methylase	PF00145.23	2.9e-05
Csat_XP_019097139.1	378	493	DNA_methylase	PF00145.23	4.3e-05
Bmin_symbB.v1.2.041198.t1|scaffold7916.1|size8715|1	932	1006	DNA_methylase	PF00145.23	3e-05
Csat_XP_019097138.1	406	521	DNA_methylase	PF00145.23	4.7e-05
Stub_XP_006355720.1	575	692	DNA_methylase	PF00145.23	5e-05
Stub_XP_015167971.1	575	692	DNA_methylase	PF00145.23	5e-05
Symmic_OLP76187.1	1270	1362	DNA_methylase	PF00145.23	4.9e-05
