Aber_KAE8378379.1	7	165	Hat1_N	PF10394.15	3.2e-56
Caeg_CAA7265343.1	4	188	Hat1_N	PF10394.15	6.1e-56
Rves_OJA07596.1	6	178	Hat1_N	PF10394.15	7.1e-56
Tcin_CDO68895.1	10	191	Hat1_N	PF10394.15	4.1e-56
Acor_KAE8350102.1	7	165	Hat1_N	PF10394.15	9.9e-56
Pvar_XP_028487791.1	6	164	Hat1_N	PF10394.15	1.2e-55
Alep_KAB8074456.1	7	165	Hat1_N	PF10394.15	1.2e-55
Tcoc_OSD02019.1	10	191	Hat1_N	PF10394.15	5.2e-56
Gand_KAE9398318.1	4	184	Hat1_N	PF10394.15	1.2e-55
Tequ_EGE09003.1	7	166	Hat1_N	PF10394.15	1.5e-55
Aoch_XP_040750850.1	7	164	Hat1_N	PF10394.15	1.3e-55
Tton_EGD99975.1	7	166	Hat1_N	PF10394.15	1.5e-55
Alen_XP_033416314.1	7	165	Hat1_N	PF10394.15	1.9e-55
Awen_XP_040686012.1	7	165	Hat1_N	PF10394.15	2.6e-55
Gdil_PPR06189.1	4	187	Hat1_N	PF10394.15	2.2e-55
Aall_XP_031902229.1	7	165	Hat1_N	PF10394.15	3e-55
Anov_XP_024687599.1	7	165	Hat1_N	PF10394.15	3.6e-55
Aram_KKK17376.1	7	164	Hat1_N	PF10394.15	4.6e-55
Amul_XP_026607387.1	7	164	Hat1_N	PF10394.15	6e-55
Acos_XP_025543932.1	6	164	Hat1_N	PF10394.15	6.4e-55
Apsnom_XP_031941875.1	7	165	Hat1_N	PF10394.15	7.7e-55
Aver_XP_040667276.1	7	164	Hat1_N	PF10394.15	7.9e-55
Abis_XP_006458564.1	4	184	Hat1_N	PF10394.15	8e-55
Anid_XP_663818.1	7	164	Hat1_N	PF10394.15	7.4e-55
Tmen_GBF64863.1	7	166	Hat1_N	PF10394.15	8.3e-55
Agal_PBK90231.1	4	178	Hat1_N	PF10394.15	8e-55
Apar_KAB8209986.1	7	165	Hat1_N	PF10394.15	1e-54
Atra_KAE8307870.1	7	165	Hat1_N	PF10394.15	1e-54
Aory_XP_001821896.1	7	165	Hat1_N	PF10394.15	9.8e-55
Aser_KAE8328110.1	7	165	Hat1_N	PF10394.15	9.3e-55
Amin_KAB8272779.1	7	165	Hat1_N	PF10394.15	1e-54
Aara_KAE8336438.1	7	165	Hat1_N	PF10394.15	1e-54
Gtra_XP_007863104.1	4	186	Hat1_N	PF10394.15	1e-54
Aspfla_XP_041145084.1	7	165	Hat1_N	PF10394.15	9.8e-55
Samp_TRM59888.1	4	184	Hat1_N	PF10394.15	9.5e-55
Clig_OIW33504.1	8	166	Hat1_N	PF10394.15	1.2e-54
Mcan_XP_002846405.1	7	166	Hat1_N	PF10394.15	5.8e-55
Psp.CONT_KZV70737.1	4	186	Hat1_N	PF10394.15	4.5e-54
Aost_SJK98860.1	4	178	Hat1_N	PF10394.15	1.2e-54
Mpur_BDD59239.1	57	215	Hat1_N	PF10394.15	1.5e-54
Abom_XP_022389209.1	7	165	Hat1_N	PF10394.15	1.5e-54
Asol_PBK68685.1	4	178	Hat1_N	PF10394.15	1.4e-54
Aspnov_KAB8218230.1	7	165	Hat1_N	PF10394.15	1.7e-54
Trub_XP_003236665.1	7	166	Hat1_N	PF10394.15	1.6e-54
Tsou_EZF71770.1	7	166	Hat1_N	PF10394.15	1.6e-54
Slut_KIK37284.1	6	178	Hat1_N	PF10394.15	1.8e-54
Cabe_RXW24202.1	4	185	Hat1_N	PF10394.15	1.6e-54
Slac_XP_007321565.1	4	186	Hat1_N	PF10394.15	1.6e-54
Clae_TFK34824.1	4	181	Hat1_N	PF10394.15	1.6e-54
Acae_XP_031923895.1	7	165	Hat1_N	PF10394.15	2.3e-54
Apscae_KAE8417238.1	7	165	Hat1_N	PF10394.15	2.3e-54
Phys_PGH15739.1	7	166	Hat1_N	PF10394.15	2.1e-54
Pcro_KIM87474.1	4	183	Hat1_N	PF10394.15	2.1e-54
Atam_KAE8161210.1	7	165	Hat1_N	PF10394.15	2.5e-54
Afum_XP_755535.1	69	227	Hat1_N	PF10394.15	2.1e-54
Aste_XP_024703176.1	7	165	Hat1_N	PF10394.15	2.3e-54
Acal_CEL00738.1	7	164	Hat1_N	PF10394.15	4e-54
Afis_XP_001260662.1	7	165	Hat1_N	PF10394.15	2.5e-54
Cmar_TFK27427.1	4	183	Hat1_N	PF10394.15	2.7e-54
Csp.2T21_KAB5570012.1	8	166	Hat1_N	PF10394.15	3e-54
Lame_KIK03808.1	4	188	Hat1_N	PF10394.15	2.9e-54
Apstam_XP_031908084.1	7	165	Hat1_N	PF10394.15	3.8e-54
Aspnig_XP_059606846.1	6	164	Hat1_N	PF10394.15	3.7e-54
Aawa_GCB18659.1	6	164	Hat1_N	PF10394.15	3.6e-54
Awel_XP_026624763.1	6	164	Hat1_N	PF10394.15	3.6e-54
Apho_RDK41828.1	6	164	Hat1_N	PF10394.15	3.9e-54
Rvin_OAX41608.1	6	180	Hat1_N	PF10394.15	4.1e-54
Cglo_XP_001221822.1	7	164	Hat1_N	PF10394.15	3.9e-54
Mmyc_KXX82543.1	7	164	Hat1_N	PF10394.15	4.4e-54
Pdes_XP_024322428.1	8	165	Hat1_N	PF10394.15	6e-54
Dsqu_XP_007364732.1	8	189	Hat1_N	PF10394.15	5.4e-54
Lhya_XP_031009501.1	21	175	Hat1_N	PF10394.15	4.9e-54
Post_XP_036636971.1	4	189	Hat1_N	PF10394.15	8.5e-54
Asyd_XP_040702723.1	7	164	Hat1_N	PF10394.15	6.2e-54
Atan_XP_033430085.1	7	165	Hat1_N	PF10394.15	8.1e-54
Cpul_RKU44160.1	7	166	Hat1_N	PF10394.15	5.9e-54
Tter_XP_003655782.1	7	164	Hat1_N	PF10394.15	9.2e-54
Avad_XP_025568468.1	6	164	Hat1_N	PF10394.15	7.5e-54
Atub_XP_035357011.1	6	164	Hat1_N	PF10394.15	7.5e-54
Acar_OOF99607.1	6	164	Hat1_N	PF10394.15	6.7e-54
Atur_RHZ71929.1	9	166	Hat1_N	PF10394.15	8.9e-54
Aave_KAE8148443.1	7	165	Hat1_N	PF10394.15	1.2e-53
Aell_PYH91350.1	6	164	Hat1_N	PF10394.15	1.1e-53
Aibe_XP_025571523.1	6	164	Hat1_N	PF10394.15	9.1e-54
Pfic_XP_007839418.1	7	163	Hat1_N	PF10394.15	9.9e-54
Aeuc_XP_025387517.1	6	164	Hat1_N	PF10394.15	9.6e-54
Vlon_CRK30558.1	7	163	Hat1_N	PF10394.15	1.1e-53
Apip_XP_025517797.1	6	164	Hat1_N	PF10394.15	9.6e-54
Abra_XP_067483603.1	6	164	Hat1_N	PF10394.15	1.1e-53
Ctet_XP_066615991.1	8	195	Hat1_N	PF10394.15	7.9e-54
Lsp.SymCcos_KXN82637.1	4	185	Hat1_N	PF10394.15	1.3e-53
Lana_XP_013395370.1	15	175	Hat1_N	PF10394.15	6.5e-53
Acla_XP_001275485.1	7	165	Hat1_N	PF10394.15	3.1e-53
Reme_XP_013323454.1	6	164	Hat1_N	PF10394.15	1.2e-53
Ascnig_XP_025468283.1	6	164	Hat1_N	PF10394.15	1.1e-53
Hmar_RDB23989.1	4	187	Hat1_N	PF10394.15	1.1e-53
Thethe_XP_003662801.1	7	164	Hat1_N	PF10394.15	1.3e-53
Tpub_OJT07275.1	10	191	Hat1_N	PF10394.15	1.5e-53
Vlon_CRK30546.1	7	163	Hat1_N	PF10394.15	1.5e-53
Hgri_PGH09031.1	7	165	Hat1_N	PF10394.15	1.6e-53
Csp.2T21_KAB5558720.1	8	166	Hat1_N	PF10394.15	1.4e-53
Schcom_XP_050202668.1	4	187	Hat1_N	PF10394.15	1.6e-53
Vdah_XP_009657026.1	7	163	Hat1_N	PF10394.15	1.8e-53
Clux_KIK54554.1	4	186	Hat1_N	PF10394.15	1.1e-53
Pmic_KAI6036969.1	6	180	Hat1_N	PF10394.15	1.9e-53
Ptin_KAI6138969.1	6	178	Hat1_N	PF10394.15	2.2e-53
Ptin_KAI6151096.1	6	178	Hat1_N	PF10394.15	2.2e-53
Ngyp_XP_003174945.1	7	166	Hat1_N	PF10394.15	2.2e-53
Ltig_XP_067534105.1	7	188	Hat1_N	PF10394.15	3.4e-53
Tsti_XP_002485477.1	7	165	Hat1_N	PF10394.15	2.5e-53
Penbra_CEJ53794.1	7	165	Hat1_N	PF10394.15	2.4e-53
Scit_KIM55171.1	6	179	Hat1_N	PF10394.15	3.1e-53
Abru_XP_025438446.1	7	166	Hat1_N	PF10394.15	2.8e-53
Psp.VKMF4520_KFZ12627.1	8	165	Hat1_N	PF10394.15	2.6e-53
Pocc_PCG94549.1	7	165	Hat1_N	PF10394.15	2.9e-53
Epas_OJD17165.1	23	180	Hat1_N	PF10394.15	2.3e-53
Opic_EPE08837.1	8	165	Hat1_N	PF10394.15	4.6e-53
Ahom_XP_025556870.1	7	166	Hat1_N	PF10394.15	3e-53
Psp.VKMF3808_KFX90268.1	8	165	Hat1_N	PF10394.15	3e-53
Ecre_PGH29657.1	7	165	Hat1_N	PF10394.15	2.6e-53
Cdeu_XP_062881442.1	8	193	Hat1_N	PF10394.15	2.7e-53
Rmic_XP_023462458.1	20	183	Hat1_N	PF10394.15	1.8e-53
Asp.HF37_RMJ24806.1	7	164	Hat1_N	PF10394.15	3.3e-53
Aacu_XP_025498843.1	7	166	Hat1_N	PF10394.15	3.5e-53
Tthe_XP_006697257.1	6	163	Hat1_N	PF10394.15	3.8e-53
Tame_XP_040731274.1	7	165	Hat1_N	PF10394.15	3.2e-53
Afij_XP_040794841.1	7	166	Hat1_N	PF10394.15	3.4e-53
Hsul_TFK46408.1	4	186	Hat1_N	PF10394.15	3.5e-53
Tmar_XP_054122582.1	7	165	Hat1_N	PF10394.15	3.6e-53
Hcyl_KIM49513.1	4	187	Hat1_N	PF10394.15	4.5e-53
Psp.VKMF3557_KFY01237.1	8	165	Hat1_N	PF10394.15	4e-53
Pmin_XP_007912198.1	8	164	Hat1_N	PF10394.15	4.1e-53
Tisl_CRG88973.1	7	165	Hat1_N	PF10394.15	3.6e-53
Cole_XP_018278429.1	6	189	Hat1_N	PF10394.15	3.6e-53
Cbac_XP_066605094.1	8	195	Hat1_N	PF10394.15	4e-53
Psp.VKMF4514_KFY38124.1	8	165	Hat1_N	PF10394.15	4.4e-53
Psp.VKMF4516_KFY64048.1	8	165	Hat1_N	PF10394.15	4.4e-53
Razy_RCH85580.1	20	183	Hat1_N	PF10394.15	2.5e-53
Psp.VKMF4515_KFY50256.1	8	165	Hat1_N	PF10394.15	4.9e-53
Psp.VKMF4517_KFY79241.1	8	165	Hat1_N	PF10394.15	4.9e-53
Psp.24MN13_OBT50701.1	8	165	Hat1_N	PF10394.15	4.3e-53
Ajap_XP_025525289.1	7	166	Hat1_N	PF10394.15	6e-53
Avio_PYI16514.1	7	166	Hat1_N	PF10394.15	6e-53
Ares_XP_024718661.1	8	165	Hat1_N	PF10394.15	4.4e-53
Aneo_XP_025481617.1	6	164	Hat1_N	PF10394.15	6e-53
Locc_TVY32988.1	14	167	Hat1_N	PF10394.15	4.7e-53
Cocimm_XP_001245962.1	7	166	Hat1_N	PF10394.15	1.1e-52
Psever_XP_018129787.1	8	165	Hat1_N	PF10394.15	5.5e-53
Gloz_XP_008081476.1	8	161	Hat1_N	PF10394.15	5.8e-53
Lbru_RDX52760.1	7	188	Hat1_N	PF10394.15	6.9e-53
Psp.VKMF4518_KFY87767.1	8	165	Hat1_N	PF10394.15	6.1e-53
Pdec_OQD75532.1	7	165	Hat1_N	PF10394.15	6.3e-53
Psp.03VT05_OBT86133.1	8	165	Hat1_N	PF10394.15	7.1e-53
Tcur_XP_031000090.1	8	164	Hat1_N	PF10394.15	8.6e-53
Pexp_XP_016599362.1	7	165	Hat1_N	PF10394.15	8.1e-53
Ascl_RJE22242.1	7	164	Hat1_N	PF10394.15	8.1e-53
Pdig_EKV04556.1	7	165	Hat1_N	PF10394.15	8.2e-53
Asac_XP_025430231.1	7	166	Hat1_N	PF10394.15	8.8e-53
Proq_XP_038924341.1	7	165	Hat1_N	PF10394.15	8.2e-53
Psp.05NY08_OBT76720.1	8	165	Hat1_N	PF10394.15	8.7e-53
Fpin_EPS98600	8	185	Hat1_N	PF10394.15	8.8e-53
Pgra_TFL07750.1	5	175	Hat1_N	PF10394.15	2.2e-52
Tatr_XP_020122310.1	7	165	Hat1_N	PF10394.15	9e-53
Auva_XP_025493202.1	7	166	Hat1_N	PF10394.15	1.3e-52
Aluc_XP_041540098.1	6	164	Hat1_N	PF10394.15	1.2e-52
Asccar_PYI08273.1	6	164	Hat1_N	PF10394.15	1.1e-52
Psp.233421I1_OBT68213.1	8	165	Hat1_N	PF10394.15	9.8e-53
Hbic_XP_024740765.1	8	165	Hat1_N	PF10394.15	9.5e-53
Trug_XP_035346049.1	475	633	Hat1_N	PF10394.15	1.4e-52
Galmar_KDR81878.1	4	188	Hat1_N	PF10394.15	1.1e-52
Acri_ODM16155.1	7	165	Hat1_N	PF10394.15	1.6e-52
Auda_XP_043142593.1	7	165	Hat1_N	PF10394.15	1.5e-52
Parc_TFK87923.1	7	188	Hat1_N	PF10394.15	1.3e-52
Athe_XP_026612957.1	8	165	Hat1_N	PF10394.15	2.3e-52
Prub_KIK99725.1	7	174	Hat1_N	PF10394.15	1.2e-52
Pbra_XP_010762436.1	9	166	Hat1_N	PF10394.15	1e-52
Cneo_XP_566862.1	8	195	Hat1_N	PF10394.15	1.2e-52
Xgra_RWA09688.1	5	161	Hat1_N	PF10394.15	1.2e-52
Mmer_XP_045209831.2	16	176	Hat1_N	PF10394.15	9.2e-53
Asprub_XP_040641356.1	7	165	Hat1_N	PF10394.15	1.8e-52
Sste_KIJ44181.1	11	194	Hat1_N	PF10394.15	2.4e-52
Bper_OJD21086.1	7	165	Hat1_N	PF10394.15	1.5e-52
Cpos_XP_003067613.2	7	166	Hat1_N	PF10394.15	2.6e-52
Cdep_XP_066066511.1	8	190	Hat1_N	PF10394.15	1.6e-52
Ahet_XP_025396229.1	6	164	Hat1_N	PF10394.15	2.2e-52
Pcer_TFK72215.1	4	188	Hat1_N	PF10394.15	2.2e-52
Rmel_TDL27661.1	4	189	Hat1_N	PF10394.15	2.2e-52
Nlep_KZT24108.1	4	186	Hat1_N	PF10394.15	2.1e-52
Poxa_XP_049968488.1	7	165	Hat1_N	PF10394.15	2.1e-52
Aind_PYI26139.1	7	166	Hat1_N	PF10394.15	2.7e-52
Psp.VKMF103_KFY76713.1	8	165	Hat1_N	PF10394.15	2.1e-52
Dbis_THV07996.1	4	184	Hat1_N	PF10394.15	2.4e-52
Psp.VKMF4246_KFY15478.1	8	165	Hat1_N	PF10394.15	2.6e-52
Psp.VKMF4519_KFZ06870.1	8	165	Hat1_N	PF10394.15	2.5e-52
Lbic_XP_001878181.1	4	190	Hat1_N	PF10394.15	2.7e-52
Aspgla_XP_022397154.1	7	165	Hat1_N	PF10394.15	3.4e-52
Hvar_PMD41013.1	8	165	Hat1_N	PF10394.15	2.7e-52
Atai_PLN84846.1	7	165	Hat1_N	PF10394.15	5.2e-52
Lsub_TVY39332.1	47	200	Hat1_N	PF10394.15	2.8e-52
Egra_OXV08908.1	7	165	Hat1_N	PF10394.15	5.5e-52
Egla_KZV91056.1	3	178	Hat1_N	PF10394.15	3.9e-52
Pnox_PAV23381.1	4	187	Hat1_N	PF10394.15	4e-52
Xhyp_TGJ85618.1	5	161	Hat1_N	PF10394.15	3.1e-52
Pgri_XP_040649076.1	7	165	Hat1_N	PF10394.15	3.9e-52
Penpol_OQD62066.1	7	165	Hat1_N	PF10394.15	4.6e-52
Ctor_KIY73276.1	4	153	Hat1_N	PF10394.15	3.4e-52
Apsy_KZP32560.1	4	183	Hat1_N	PF10394.15	3.8e-52
Psp.VKMF4513_KFY40750.1	8	165	Hat1_N	PF10394.15	4.4e-52
Valf_XP_003000897.1	9	164	Hat1_N	PF10394.15	4.7e-52
Athi_PFH52471.1	4	186	Hat1_N	PF10394.15	4.5e-52
Cmic_TEB36251.1	4	185	Hat1_N	PF10394.15	4.8e-52
Nins_OAA65738.1	8	166	Hat1_N	PF10394.15	5.1e-52
Acan_XP_024673543.1	7	165	Hat1_N	PF10394.15	6.5e-52
Psp.WSF3629_OBT46899.1	8	165	Hat1_N	PF10394.15	5.6e-52
Bder_XP_045274769.1	7	165	Hat1_N	PF10394.15	4.1e-52
Penrub_XP_002563909.1	7	165	Hat1_N	PF10394.15	5e-52
Pchr_XP_056573463.1	7	165	Hat1_N	PF10394.15	5e-52
Lwil_TVY86153.1	9	161	Hat1_N	PF10394.15	4.3e-52
Plut_XP_002797567.2	17	174	Hat1_N	PF10394.15	5e-52
Lcer_TVY54058.1	2	154	Hat1_N	PF10394.15	4.7e-52
Bgil_XP_002624170.1	7	165	Hat1_N	PF10394.15	4.6e-52
Psub_XP_057015238.1	554	712	Hat1_N	PF10394.15	5.3e-52
Rsp.NJR-2017aWRK4_PQE10890.1	8	164	Hat1_N	PF10394.15	6.4e-52
Rsp.NJR2017aBBW_PQE19091.1	8	164	Hat1_N	PF10394.15	6.5e-52
Spar_KLO19663.1	4	185	Hat1_N	PF10394.15	6.6e-52
Lpus_KAA6411456.1	7	165	Hat1_N	PF10394.15	5.1e-52
Punstr_XP_007385122.1	4	171	Hat1_N	PF10394.15	8.2e-52
Ledo_XP_046080708.1	4	183	Hat1_N	PF10394.15	7.2e-52
Lsue_TVY68765.1	12	166	Hat1_N	PF10394.15	5.2e-52
Psp.VKMF4281_KFY23399.1	8	165	Hat1_N	PF10394.15	6.6e-52
Sver_KIM30946.1	4	188	Hat1_N	PF10394.15	7e-52
Hpin_KIJ63313.1	6	180	Hat1_N	PF10394.15	7.3e-52
Vech_XP_031870036.1	10	163	Hat1_N	PF10394.15	6.2e-52
Ccin_XP_001833653.2	4	185	Hat1_N	PF10394.15	8.3e-52
Kman_XP_019004711.1	8	197	Hat1_N	PF10394.15	1e-51
Acam_XP_024689987.1	7	165	Hat1_N	PF10394.15	1.2e-51
Gcla_XP_014172309.1	4	161	Hat1_N	PF10394.15	9.4e-52
Pzon_XP_022581611.1	7	166	Hat1_N	PF10394.15	1.2e-51
Bbot_KDQ18533.1	4	183	Hat1_N	PF10394.15	1.3e-51
Pnal_CAG8908108.1	7	165	Hat1_N	PF10394.15	1.2e-51
Gsub_EMD34394.1	8	195	Hat1_N	PF10394.15	1.5e-51
Hsub_KJA15956.1	4	188	Hat1_N	PF10394.15	1.5e-51
Ccuc_KAI8378285.1	20	187	Hat1_N	PF10394.15	1.5e-51
Dsp.KUC8613_KAA1477089.1	4	186	Hat1_N	PF10394.15	1.5e-51
Kimp_XP_021870375.1	8	199	Hat1_N	PF10394.15	1.2e-51
Pchl_KKY23812.1	5	162	Hat1_N	PF10394.15	1.9e-51
Ccor_KZT59749.1	3	173	Hat1_N	PF10394.15	1.7e-51
Tver_XP_008037005.1	10	194	Hat1_N	PF10394.15	2.1e-51
Shar_XP_031816324.1	57	219	Hat1_N	PF10394.15	2.2e-51
Vurs_XP_027722013.1	57	219	Hat1_N	PF10394.15	2.4e-51
Ater_XP_001208503.1	7	186	Hat1_N	PF10394.15	1.4e-50
Msp.MG133_RYP31827.1	5	163	Hat1_N	PF10394.15	2.4e-51
Cvis_KZO95145.1	3	173	Hat1_N	PF10394.15	2.3e-51
Pcin_XP_020846623.1	57	219	Hat1_N	PF10394.15	2.9e-51
Xmul_KAF2965823.1	5	161	Hat1_N	PF10394.15	2.3e-51
Pfre_KAJ5500990.1	7	165	Hat1_N	PF10394.15	3.1e-51
Rsol_XP_043187809.1	4	185	Hat1_N	PF10394.15	3.9e-51
Mpoa_KLU89002.1	8	165	Hat1_N	PF10394.15	2.3e-51
Mfru_KAA8572101.1	8	164	Hat1_N	PF10394.15	3.3e-51
Camy_XP_018992190.1	8	198	Hat1_N	PF10394.15	3e-51
Pcam_CRL21582.1	7	165	Hat1_N	PF10394.15	3.5e-51
Cgat_XP_003191603.1	8	195	Hat1_N	PF10394.15	2.7e-51
Cryflo_TYJ59129.1	8	198	Hat1_N	PF10394.15	3.3e-51
Taru_RFU79971.1	10	168	Hat1_N	PF10394.15	3.4e-51
Hirr_XP_009541860.1	4	183	Hat1_N	PF10394.15	4.2e-51
Tbou_RPB22285.1	8	165	Hat1_N	PF10394.15	2.1e-51
Thar_XP_024779188.1	10	168	Hat1_N	PF10394.15	3.6e-51
Fcof_XP_031014427.1	7	165	Hat1_N	PF10394.15	3.5e-51
Mibe_RYO84298.1	5	163	Hat1_N	PF10394.15	4.6e-51
Pcop_XP_056536201.1	6	164	Hat1_N	PF10394.15	4.2e-51
Dque_KZT70215.1	9	186	Hat1_N	PF10394.15	1.7e-50
Fspo_RGP76529.1	7	165	Hat1_N	PF10394.15	3.9e-51
Ncra_XP_957363.1	7	163	Hat1_N	PF10394.15	4.3e-51
Phachr_AGR57_1288T0-p1	4	174	Hat1_N	PF10394.15	4.8e-50
Msp.5C6A_RYP67489.1	5	163	Hat1_N	PF10394.15	4.9e-51
Bpar_PGG99646.1	24	181	Hat1_N	PF10394.15	4.1e-51
Flan_KPA45397.1	7	165	Hat1_N	PF10394.15	4.2e-51
Msp.mg162_RYP45895.1	5	163	Hat1_N	PF10394.15	4.8e-51
Hrub_XP_046546607.1	30	196	Hat1_N	PF10394.15	2.3e-49
Pcri_KII89281.1	4	158	Hat1_N	PF10394.15	5.7e-51
Psol_XP_040810718.2	7	165	Hat1_N	PF10394.15	6.7e-51
Kbes_XP_019050217.1	8	198	Hat1_N	PF10394.15	5.3e-51
Pcya_PPQ67652.1	4	194	Hat1_N	PF10394.15	6.3e-51
Aspacu_XP_020057222.1	25	183	Hat1_N	PF10394.15	7.1e-51
Dpul_XP_046454280.1	14	175	Hat1_N	PF10394.15	3.7e-51
Vhum_TXT10955.1	8	195	Hat1_N	PF10394.15	6e-51
Bgal_THV46342.1	8	164	Hat1_N	PF10394.15	6.4e-51
Tvio_OAL72545.1	7	162	Hat1_N	PF10394.15	8.2e-51
Msp.CRB83_RYP85293.1	5	163	Hat1_N	PF10394.15	8.5e-51
Bhya_TGO34757.1	8	164	Hat1_N	PF10394.15	9.2e-51
Pvul_XP_057115071.1	7	165	Hat1_N	PF10394.15	7.9e-51
Mcin_XP_045454646.1	9	170	Hat1_N	PF10394.15	8.4e-51
Pcau_XP_014663140.1	20	180	Hat1_N	PF10394.15	6.3e-51
Rsp.NJR2017aBVV2_PQE23548.1	25	180	Hat1_N	PF10394.15	8.7e-51
Bell_KAF7918323.1	8	164	Hat1_N	PF10394.15	7.9e-51
Colglo_XP_045269863.1	7	163	Hat1_N	PF10394.15	1.3e-50
Pnor_KOS40158.1	7	165	Hat1_N	PF10394.15	9.4e-51
Naci_XP_033588218.1	17	170	Hat1_N	PF10394.15	9.7e-51
Btul_TGO18005.1	8	164	Hat1_N	PF10394.15	9.2e-51
Khev_OCF34684.1	8	204	Hat1_N	PF10394.15	1e-50
Ntet_XP_009850628.1	7	163	Hat1_N	PF10394.15	1e-50
Lari_TVY13144.1	9	161	Hat1_N	PF10394.15	9.3e-51
Mlib_OAA32903.1	10	169	Hat1_N	PF10394.15	1.1e-50
Kdej_XP_065824678.1	8	202	Hat1_N	PF10394.15	1.2e-50
Csim_KXH30767.1	7	163	Hat1_N	PF10394.15	2.2e-50
Bcon_TGO48332.1	8	164	Hat1_N	PF10394.15	1.4e-50
Pgig_KIP10311.1	4	168	Hat1_N	PF10394.15	1.7e-50
Rros_XP_047784020.1	9	186	Hat1_N	PF10394.15	1.5e-50
Ggra_EJT74339	8	165	Hat1_N	PF10394.15	1.5e-50
Bpae_TGO22313.1	8	164	Hat1_N	PF10394.15	1.4e-50
Cfru_XP_031876939.1	7	163	Hat1_N	PF10394.15	2.3e-50
Jarg_KDQ59621.1	6	189	Hat1_N	PF10394.15	1.7e-50
Ppla_XP_024341659.1	13	199	Hat1_N	PF10394.15	2.3e-50
Casi_KAL3306164.1	7	163	Hat1_N	PF10394.15	2.3e-50
Ceur_XP_008718153.1	7	163	Hat1_N	PF10394.15	1.6e-50
Agif_XP_044016471.1	12	173	Hat1_N	PF10394.15	2.7e-50
Tvir_XP_013950874.1	10	168	Hat1_N	PF10394.15	1.8e-50
Bcin_XP_001558778.1	8	164	Hat1_N	PF10394.15	1.8e-50
Cnym_KXH46246.1	7	163	Hat1_N	PF10394.15	2.8e-50
Bcal_TEY69485.1	8	164	Hat1_N	PF10394.15	1.8e-50
Nenc_ORY25850.1	8	212	Hat1_N	PF10394.15	1.8e-50
Vpal_PWN51996.1	5	183	Hat1_N	PF10394.15	2e-50
Stha_TKA25078.1	36	188	Hat1_N	PF10394.15	1.8e-50
Pita_KGO73872.1	7	165	Hat1_N	PF10394.15	2.2e-50
Tadh_XP_002110037.1	10	167	Hat1_N	PF10394.15	1.2e-50
Kpin_XP_019012225.1	8	199	Hat1_N	PF10394.15	2.6e-50
Ndit_KPM42745.1	10	168	Hat1_N	PF10394.15	2.1e-50
Tmes_XP_007006001.1	4	194	Hat1_N	PF10394.15	2e-50
Ffla_XP_045984400.1	7	165	Hat1_N	PF10394.15	2.2e-50
Dappul_XP_046657193.1	430	591	Hat1_N	PF10394.15	1.5e-50
Pant_XP_058324457.1	7	165	Hat1_N	PF10394.15	2.5e-50
Bpor_XP_038768340.1	8	164	Hat1_N	PF10394.15	2.7e-50
Flon_RGP72219.1	7	165	Hat1_N	PF10394.15	2.3e-50
Dipcor_CAL3970605.1	8	165	Hat1_N	PF10394.15	2.7e-50
Mlax_KAB8301573.1	8	164	Hat1_N	PF10394.15	3.3e-50
Oriv_OCH85215.1	8	195	Hat1_N	PF10394.15	4.6e-50
Pcas_ENSPCEP00000021246.1	14	176	Hat1_N	PF10394.15	3.5e-50
Gros_RIB02914.1	15	174	Hat1_N	PF10394.15	2.1e-50
Shir_XP_007300617.1	4	190	Hat1_N	PF10394.15	3.7e-50
Bbas_XP_008597606.1	10	168	Hat1_N	PF10394.15	3.5e-50
Msp.MC138B_RYP24418.1	25	182	Hat1_N	PF10394.15	3.8e-50
Moncan_RYO80545.1	25	182	Hat1_N	PF10394.15	3.8e-50
Omai_KIN07456.1	8	165	Hat1_N	PF10394.15	3.7e-50
Pcas_ENSPCEP00000021241.1	14	176	Hat1_N	PF10394.15	4.3e-50
Cfum_XP_018706049.1	10	168	Hat1_N	PF10394.15	3.6e-50
Xfla_TRX92418.1	5	161	Hat1_N	PF10394.15	4.3e-50
Lcha_XP_006003027.1	8	170	Hat1_N	PF10394.15	4e-50
Lcha_XP_006003026.1	14	176	Hat1_N	PF10394.15	4.1e-50
Scri_XP_027613635.1	8	190	Hat1_N	PF10394.15	6.8e-50
Msco_XP_018061574.1	8	165	Hat1_N	PF10394.15	4.9e-50
Tcar_ENSTMTP00000021083.1	15	176	Hat1_N	PF10394.15	6.7e-50
Dpri_XP_040632675.1	3	173	Hat1_N	PF10394.15	5.3e-50
Lcha_XP_006003025.1	24	186	Hat1_N	PF10394.15	4.3e-50
Bbro_OAA48155.1	10	168	Hat1_N	PF10394.15	4.9e-50
Cwin_XP_019031953.1	8	198	Hat1_N	PF10394.15	5.9e-50
Hruf_XP_046355559.1	29	196	Hat1_N	PF10394.15	6.3e-49
Feuw_RTE74556.1	10	168	Hat1_N	PF10394.15	5.9e-50
Famb_RSM09268.1	10	168	Hat1_N	PF10394.15	5.9e-50
Hcen_PSR71190.1	7	193	Hat1_N	PF10394.15	7.5e-50
Pflo_XP_007877711.1	5	187	Hat1_N	PF10394.15	5.9e-50
Pari_XP_022489278.1	7	165	Hat1_N	PF10394.15	6.2e-50
Tcar_ENSTMTP00000021063.1	15	176	Hat1_N	PF10394.15	8.2e-50
Cchl_OLN93954.1	7	163	Hat1_N	PF10394.15	1e-49
Gaeg_XP_041372189.1	12	177	Hat1_N	PF10394.15	1.3e-48
Gaeg_XP_041372188.1	15	180	Hat1_N	PF10394.15	1.3e-48
Xtro_XP_012825525.1	8	170	Hat1_N	PF10394.15	1.1e-49
Schl_KFA68822.1	13	169	Hat1_N	PF10394.15	8.3e-50
Csub_KAK1970357.1	7	163	Hat1_N	PF10394.15	1.1e-49
Xtro_NP_001120116.1	32	194	Hat1_N	PF10394.15	1.2e-49
Xtro_XP_012825524.1	32	194	Hat1_N	PF10394.15	1.2e-49
Blan_XP_066300447.1	11	172	Hat1_N	PF10394.15	9.6e-50
Cgra_XP_008092625.1	7	163	Hat1_N	PF10394.15	1.2e-49
Hmel_HMEL009487-PA	9	171	Hat1_N	PF10394.15	1.7e-49
Gsin_PIL30585.1	6	187	Hat1_N	PF10394.15	1.1e-49
Fhep_KIY48309.1	4	184	Hat1_N	PF10394.15	1e-49
Salk_XP_028466586.1	7	163	Hat1_N	PF10394.15	9.2e-50
Oana_XP_028928407.1	25	187	Hat1_N	PF10394.15	1.1e-49
Monalb_XP_020452205.1	8	169	Hat1_N	PF10394.15	1.1e-49
Monalb_XP_020452206.1	8	169	Hat1_N	PF10394.15	1.1e-49
Monalb_XP_020452207.1	8	169	Hat1_N	PF10394.15	1.1e-49
Oana_XP_028928405.1	8	170	Hat1_N	PF10394.15	1.3e-49
Cpic_XP_042716673.1	9	170	Hat1_N	PF10394.15	1.4e-49
Oana_XP_028928406.1	25	187	Hat1_N	PF10394.15	1.2e-49
Oana_XP_039769102.1	25	187	Hat1_N	PF10394.15	1.2e-49
Cser_KAG6940098.1	15	176	Hat1_N	PF10394.15	1.4e-49
Cpic_XP_005290516.1	15	176	Hat1_N	PF10394.15	1.4e-49
Lpol_XP_013794079.1	14	175	Hat1_N	PF10394.15	6.9e-50
Gevg_XP_030436959.1	15	176	Hat1_N	PF10394.15	1.4e-49
Dple_XP_032522269.1	9	171	Hat1_N	PF10394.15	1.7e-49
Dple_XP_032522270.1	9	171	Hat1_N	PF10394.15	1.7e-49
Fsol_XP_065479216.1	10	168	Hat1_N	PF10394.15	1.2e-49
Oana_XP_028928404.1	25	187	Hat1_N	PF10394.15	1.5e-49
Cgou_RLW04943.1	14	176	Hat1_N	PF10394.15	1.4e-49
Elat_EMR61426.1	5	163	Hat1_N	PF10394.15	1.3e-49
Onil_XP_005452989.1	8	169	Hat1_N	PF10394.15	1.6e-49
Onil_XP_005452990.1	8	169	Hat1_N	PF10394.15	1.6e-49
Pkin_XP_023683835.1	14	176	Hat1_N	PF10394.15	1.9e-49
Mvio_MVLG_01718T0	5	210	Hat1_N	PF10394.15	1.5e-49
Scha_KFA78007.1	10	168	Hat1_N	PF10394.15	1.3e-49
Fkur_RMJ10527.1	10	168	Hat1_N	PF10394.15	1.3e-49
Nbri_XP_006788541.1	8	169	Hat1_N	PF10394.15	1.6e-49
Oaur_XP_031599147.1	14	175	Hat1_N	PF10394.15	1.7e-49
Onil_XP_003447363.1	14	175	Hat1_N	PF10394.15	1.7e-49
Epus_XP_007787560.1	5	163	Hat1_N	PF10394.15	1.2e-49
Fflo_RSL79932.1	10	168	Hat1_N	PF10394.15	1.3e-49
Msap_SDA07005.1	5	210	Hat1_N	PF10394.15	1.3e-49
Pory_XP_003717199.1	7	164	Hat1_N	PF10394.15	1.3e-49
Nbri_XP_006788540.1	14	175	Hat1_N	PF10394.15	1.7e-49
Tlon_PTB81161.1	10	168	Hat1_N	PF10394.15	1.3e-49
Cspi_TDZ27234.1	7	163	Hat1_N	PF10394.15	2.5e-49
Msil_SGY73036.1	5	210	Hat1_N	PF10394.15	1.5e-49
Mcir_EPB87456.1	20	192	Hat1_N	PF10394.15	1.7e-49
Gcer_RIA88041.1	16	178	Hat1_N	PF10394.15	8.3e-50
Omel_XP_024142793.1	14	175	Hat1_N	PF10394.15	1.1e-49
Tgui_OPB39365.1	10	168	Hat1_N	PF10394.15	1.4e-49
Fgra_XP_011326992.1	7	165	Hat1_N	PF10394.15	1.4e-49
Lcal_XP_018540311.1	14	175	Hat1_N	PF10394.15	1.2e-49
Rirr_XP_025174388.1	16	178	Hat1_N	PF10394.15	9.2e-50
Astcal_XP_026001081.1	14	175	Hat1_N	PF10394.15	2e-49
Mzeb_XP_004557783.1	14	175	Hat1_N	PF10394.15	2e-49
Pnye_XP_005723532.1	14	175	Hat1_N	PF10394.15	2e-49
Cpic_XP_065416853.1	9	170	Hat1_N	PF10394.15	1.8e-49
Calmil_XP_042200221.1	15	176	Hat1_N	PF10394.15	1.6e-49
Msp.GIB2_RYP14393.1	5	163	Hat1_N	PF10394.15	1.5e-49
Calmil_XP_042200220.1	18	179	Hat1_N	PF10394.15	1.6e-49
Cpic_XP_065416852.1	15	176	Hat1_N	PF10394.15	1.8e-49
Hapbur_XP_005921570.1	14	175	Hat1_N	PF10394.15	2.1e-49
Olat_XP_004081803.1	14	175	Hat1_N	PF10394.15	1.1e-49
Csal_KXH61693.1	7	163	Hat1_N	PF10394.15	2e-49
Lcro_XP_019110779.1	8	169	Hat1_N	PF10394.15	1.5e-49
Ccra_RDW65386.1	9	165	Hat1_N	PF10394.15	1.7e-49
Monalb_XP_020452208.1	14	175	Hat1_N	PF10394.15	1.5e-49
Cotglo_XP_044575910.1	13	175	Hat1_N	PF10394.15	1e-49
Cotglo_XP_044575911.1	13	175	Hat1_N	PF10394.15	1e-49
Lcro_XP_019110778.1	14	175	Hat1_N	PF10394.15	1.6e-49
Sscl_XP_001588996.1	8	164	Hat1_N	PF10394.15	2.5e-49
Fcul_QPC64792.1	7	165	Hat1_N	PF10394.15	1.8e-49
Enau_XP_029386597.1	14	175	Hat1_N	PF10394.15	1.1e-49
Rsec_CZT49448.1	8	165	Hat1_N	PF10394.15	1.8e-49
Msp.CRB92_RYP60105.1	5	163	Hat1_N	PF10394.15	2.1e-49
Amacol_ENSACOP00000014129.1	14	176	Hat1_N	PF10394.15	2.5e-49
Cpur_CCE31061.1	10	167	Hat1_N	PF10394.15	2.3e-49
Calb_XP_713589.1	19	170	Hat1_N	PF10394.15	2.5e-49
Gaga_ENSGAGP00000033246.1	149	310	Hat1_N	PF10394.15	2.6e-49
Amacol_ENSACOP00000014119.1	30	192	Hat1_N	PF10394.15	2.7e-49
Bnar_TGO60636.1	4	160	Hat1_N	PF10394.15	3.5e-49
Aoce_XP_023146513.1	13	174	Hat1_N	PF10394.15	2.7e-49
Fpse_XP_009251576.1	7	165	Hat1_N	PF10394.15	2.4e-49
Aoce_XP_023146512.1	14	175	Hat1_N	PF10394.15	2.7e-49
Aper_ENSAPEP00000030398.1	14	175	Hat1_N	PF10394.15	2.7e-49
Spapas_XP_007372465.1	15	165	Hat1_N	PF10394.15	1.5e-49
Cpug_XP_014810199.1	8	170	Hat1_N	PF10394.15	2.9e-49
Cpug_XP_014810200.1	8	170	Hat1_N	PF10394.15	2.9e-49
Cpug_XP_014810197.1	14	176	Hat1_N	PF10394.15	3e-49
Cpyg_ENSCPGP00000025865.1	14	176	Hat1_N	PF10394.15	3e-49
Mgal_XP_010712048.2	14	176	Hat1_N	PF10394.15	2.8e-49
Ssp.JA1_RLV94303.1	17	167	Hat1_N	PF10394.15	1.5e-49
Cmos_ENSCMMP00000010732.1	14	176	Hat1_N	PF10394.15	3e-49
Stepar_XP_008276931.1	13	174	Hat1_N	PF10394.15	3.2e-49
Cfio_XP_065613330.1	7	167	Hat1_N	PF10394.15	3.7e-49
Stepar_XP_008276930.1	14	175	Hat1_N	PF10394.15	3.2e-49
Aper_ENSAPEP00000030389.1	18	179	Hat1_N	PF10394.15	2.8e-49
Tasp_XP_024766157.2	10	168	Hat1_N	PF10394.15	3.4e-49
Locu_XP_006636572.3	28	190	Hat1_N	PF10394.15	3.9e-49
Char_XP_031415291.1	8	170	Hat1_N	PF10394.15	3.1e-49
Myrmur_XP_029937436.1	14	175	Hat1_N	PF10394.15	1.7e-49
Podmur_XP_028605550.1	14	176	Hat1_N	PF10394.15	3e-49
Char_XP_012691872.1	14	176	Hat1_N	PF10394.15	3.2e-49
Fven_XP_025581751.1	7	165	Hat1_N	PF10394.15	2.6e-49
Nmel_XP_021255726.1	8	170	Hat1_N	PF10394.15	3.6e-49
Mvit_XP_017931311.1	8	170	Hat1_N	PF10394.15	3.4e-49
Malb_XP_040680604.1	10	169	Hat1_N	PF10394.15	2.9e-49
Pcol_XP_031455333.1	8	170	Hat1_N	PF10394.15	3.6e-49
Ggal_NP_001383416.1	8	170	Hat1_N	PF10394.15	3.6e-49
Ggal_NP_001383418.1	8	170	Hat1_N	PF10394.15	3.6e-49
Ggal_NP_001383419.1	8	170	Hat1_N	PF10394.15	3.6e-49
Nmel_XP_021255725.1	14	176	Hat1_N	PF10394.15	3.7e-49
Tsp.J132_KNZ80207.1	4	180	Hat1_N	PF10394.15	3.9e-49
Ggal_NP_001383417.1	8	170	Hat1_N	PF10394.15	3.6e-49
Ftin_ENSFTIP00000006251.1	14	176	Hat1_N	PF10394.15	3.7e-49
Mvit_XP_017931310.1	14	176	Hat1_N	PF10394.15	3.6e-49
Chrpic_ENSCPIP00010011985.1	14	176	Hat1_N	PF10394.15	3.7e-49
Pcol_XP_031455332.1	14	176	Hat1_N	PF10394.15	3.7e-49
Ggal_NP_989538.2	14	176	Hat1_N	PF10394.15	3.7e-49
Ggal_NP_001383415.1	14	176	Hat1_N	PF10394.15	3.7e-49
Acyg_XP_047917525.1	14	176	Hat1_N	PF10394.15	3.7e-49
Ansbra_ENSABRP00000027880.1	14	176	Hat1_N	PF10394.15	3.7e-49
Ftin_ENSFTIP00000006277.1	14	176	Hat1_N	PF10394.15	3e-49
Anapla_XP_027317658.1	14	176	Hat1_N	PF10394.15	3.7e-49
Nmel_XP_021255724.1	25	187	Hat1_N	PF10394.15	4e-49
Ccae_XP_023786762.1	8	169	Hat1_N	PF10394.15	3.7e-49
Ccae_XP_023786763.1	8	169	Hat1_N	PF10394.15	3.7e-49
Azon_ENSAZOP00000003366.1	16	178	Hat1_N	PF10394.15	3.8e-49
Azon_ENSAZOP00000003375.1	16	178	Hat1_N	PF10394.15	3.8e-49
Slig_RFU29980.1	8	165	Hat1_N	PF10394.15	3.9e-49
Ates_XP_026232795.1	15	175	Hat1_N	PF10394.15	2e-49
Lcor_XP_017691417.1	14	176	Hat1_N	PF10394.15	3.8e-49
Ctof_GKT53473.1	7	163	Hat1_N	PF10394.15	4.6e-49
Ptan_ODV96990.1	19	169	Hat1_N	PF10394.15	3.4e-49
Pmag_XP_033843160.1	14	175	Hat1_N	PF10394.15	2.2e-49
Csp.DSE1049_PVH75000.1	8	165	Hat1_N	PF10394.15	4.1e-49
Csid_TEA19286.1	7	163	Hat1_N	PF10394.15	6.9e-49
Sorb_XP_029981522.1	14	175	Hat1_N	PF10394.15	2.2e-49
Ctri_TDZ74390.1	7	163	Hat1_N	PF10394.15	6.9e-49
Tgut_XP_030133314.3	14	176	Hat1_N	PF10394.15	4e-49
Pmaj_XP_015490660.1	14	175	Hat1_N	PF10394.15	4.2e-49
Rhygra_XMA07968.1	8	165	Hat1_N	PF10394.15	3.6e-49
Mcya_ENSMCSP00000022985.1	14	176	Hat1_N	PF10394.15	4.6e-49
Lstr_XP_021408093.1	14	176	Hat1_N	PF10394.15	4.6e-49
Cabi_XP_032626932.1	15	176	Hat1_N	PF10394.15	5.1e-49
Cust_XP_032920680.1	14	176	Hat1_N	PF10394.15	4.6e-49
Scam_XP_068804707.1	14	176	Hat1_N	PF10394.15	4.5e-49
Cropor_XP_019409231.1	14	176	Hat1_N	PF10394.15	5.4e-49
Pmaj_XP_015490658.1	14	175	Hat1_N	PF10394.15	4.7e-49
Pmaj_XP_015490659.1	14	175	Hat1_N	PF10394.15	4.7e-49
Tgut_XP_002195803.3	14	176	Hat1_N	PF10394.15	5.1e-49
Corb_TDZ23838.1	7	163	Hat1_N	PF10394.15	8.6e-49
Pmaj_XP_033371881.1	14	175	Hat1_N	PF10394.15	5.2e-49
Cvir_XP_022343880.1	13	173	Hat1_N	PF10394.15	3.3e-49
Pmaj_XP_015490657.1	14	175	Hat1_N	PF10394.15	5.7e-49
Cinc_KZL83838.1	7	163	Hat1_N	PF10394.15	7.9e-49
Scam_XP_068804705.1	14	176	Hat1_N	PF10394.15	6.2e-49
Cmil_XP_006666742.1	10	168	Hat1_N	PF10394.15	4.7e-49
Scam_XP_068804706.1	51	213	Hat1_N	PF10394.15	5.7e-49
Cthe_KAB5594101.1	4	183	Hat1_N	PF10394.15	7.9e-49
Caraur_XP_026074428.1	15	176	Hat1_N	PF10394.15	6.4e-49
Cgob_XP_029315111.1	14	175	Hat1_N	PF10394.15	7.8e-49
Corc_XP_022477287.1	7	163	Hat1_N	PF10394.15	6.7e-49
Nper_XP_025899413.1	15	176	Hat1_N	PF10394.15	7.6e-49
Achr_XP_029872883.1	14	176	Hat1_N	PF10394.15	6.9e-49
Ficalb_XP_005049397.1	14	176	Hat1_N	PF10394.15	6.8e-49
Ficalb_XP_016155438.1	14	176	Hat1_N	PF10394.15	6.8e-49
Smer_ENSSMRP00000017655.1	14	176	Hat1_N	PF10394.15	7.5e-49
Anis_ENSANIP00000007320.1	14	176	Hat1_N	PF10394.15	6.9e-49
Scam_XP_068804704.1	51	213	Hat1_N	PF10394.15	7.5e-49
Mror_KAI3607468.1	4	207	Hat1_N	PF10394.15	1.6e-48
Ccyl_RDW59669.1	9	165	Hat1_N	PF10394.15	5.5e-49
Ficalb_XP_005049396.1	19	181	Hat1_N	PF10394.15	6.9e-49
Neomel_ENSNMLP00000031282.1	14	175	Hat1_N	PF10394.15	8e-49
Pfor_XP_016524130.1	18	179	Hat1_N	PF10394.15	5.4e-49
Pmex_XP_014868816.1	18	179	Hat1_N	PF10394.15	5.4e-49
Ggal_XP_046799327.1	145	307	Hat1_N	PF10394.15	6.7e-49
Neomel_ENSNMLP00000031283.1	18	179	Hat1_N	PF10394.15	8.2e-49
Mund_XP_005152662.1	14	176	Hat1_N	PF10394.15	7.8e-49
Mint_SCV69124.1	5	213	Hat1_N	PF10394.15	9.3e-49
Caraur_XP_026074427.1	15	176	Hat1_N	PF10394.15	8.7e-49
Cmon_XP_031970418.1	14	176	Hat1_N	PF10394.15	7.5e-49
Cgeo_XP_067508608.1	8	169	Hat1_N	PF10394.15	8.4e-49
Pfor_XP_007546531.2	35	196	Hat1_N	PF10394.15	5.9e-49
Pmex_XP_014868815.1	35	196	Hat1_N	PF10394.15	5.9e-49
Ojav_RVE57998.1	14	175	Hat1_N	PF10394.15	4.6e-49
Bjap_ENSBJAP00000010254.1	8	170	Hat1_N	PF10394.15	8.4e-49
Fodo_XP_031066177.1	7	165	Hat1_N	PF10394.15	6.5e-49
Foxy_XP_031046985.2	7	165	Hat1_N	PF10394.15	6.5e-49
Achr_XP_029872882.1	14	176	Hat1_N	PF10394.15	8.7e-49
Cdub_XP_002417112.1	19	170	Hat1_N	PF10394.15	8.5e-49
Anis_ENSANIP00000007275.1	14	176	Hat1_N	PF10394.15	8.7e-49
Pnat_XP_017547876.1	8	170	Hat1_N	PF10394.15	4.6e-49
Pnat_XP_037395459.1	8	170	Hat1_N	PF10394.15	4.6e-49
Mlus_KAL0140069.1	20	192	Hat1_N	PF10394.15	9.1e-49
Tint_EZF28500.1	2	148	Hat1_N	PF10394.15	9.1e-49
Plat_XP_014914164.1	18	179	Hat1_N	PF10394.15	6.5e-49
Pnat_XP_017547875.1	14	176	Hat1_N	PF10394.15	4.7e-49
Dronov_XP_025949054.1	14	176	Hat1_N	PF10394.15	1.1e-48
Plat_XP_014914163.1	35	196	Hat1_N	PF10394.15	7.1e-49
Apor_XP_028477855.1	9	191	Hat1_N	PF10394.15	7.7e-49
Slal_XP_023280352.1	8	169	Hat1_N	PF10394.15	5.5e-49
Ecal_XP_028662132.2	14	176	Hat1_N	PF10394.15	1.2e-48
Ragr_CZT06507.1	8	165	Hat1_N	PF10394.15	9.1e-49
Serdum_XP_022596721.1	14	175	Hat1_N	PF10394.15	5.7e-49
Slal_XP_023280351.1	14	175	Hat1_N	PF10394.15	5.7e-49
Ssch_XP_016589789.1	8	164	Hat1_N	PF10394.15	1.6e-48
Arow_XP_025917172.1	8	170	Hat1_N	PF10394.15	1.2e-48
Cput_XP_007764958.1	5	166	Hat1_N	PF10394.15	1.1e-48
Ahaa_ENSAHAP00000009150.1	14	176	Hat1_N	PF10394.15	1.2e-48
Aowe_ENSAOWP00000000278.1	14	176	Hat1_N	PF10394.15	1.2e-48
Arow_XP_025917170.1	14	176	Hat1_N	PF10394.15	1.2e-48
Xcou_XP_027880075.1	18	179	Hat1_N	PF10394.15	5.7e-49
Xmac_XP_023191985.1	18	179	Hat1_N	PF10394.15	5.7e-49
Shab_XP_030343403.1	8	170	Hat1_N	PF10394.15	1.2e-48
Shab_XP_030343404.1	8	170	Hat1_N	PF10394.15	1.2e-48
Smac_XP_003349189.1	7	163	Hat1_N	PF10394.15	9.8e-49
Pmar_XP_032821288.1	77	238	Hat1_N	PF10394.15	1.3e-48
Cmon_XP_031970419.1	14	176	Hat1_N	PF10394.15	6e-49
Dlab_XP_051260362.1	14	175	Hat1_N	PF10394.15	1.3e-48
Shab_XP_030343402.1	14	176	Hat1_N	PF10394.15	1.2e-48
Apol_XP_022068909.2	11	171	Hat1_N	PF10394.15	1.2e-48
Mgig_XP_065941045.1	12	173	Hat1_N	PF10394.15	6.2e-49
Zalb_XP_014120500.2	50	212	Hat1_N	PF10394.15	1.2e-48
Lber_XP_020507159.1	14	175	Hat1_N	PF10394.15	1.3e-48
Shab_XP_030343401.1	26	188	Hat1_N	PF10394.15	1.3e-48
Hchr_KFH48837.1	10	175	Hat1_N	PF10394.15	1.1e-48
Fman_XP_041679352.1	7	165	Hat1_N	PF10394.15	9.8e-49
Arow_XP_025917171.1	66	228	Hat1_N	PF10394.15	1.2e-48
Eluc_XP_010889264.1	20	182	Hat1_N	PF10394.15	6.5e-49
Gaff_XP_043987422.1	40	201	Hat1_N	PF10394.15	7.8e-49
Amus_KIL68545.1	4	188	Hat1_N	PF10394.15	1.1e-48
Msp.DMIDodQoI_KAE8442894.1	8	165	Hat1_N	PF10394.15	1.5e-48
Fpoa_XP_044702730.1	7	165	Hat1_N	PF10394.15	1.1e-48
Fnyg_PNP78409.1	7	165	Hat1_N	PF10394.15	1.1e-48
Rnec_GAP86511.1	5	161	Hat1_N	PF10394.15	1.2e-48
Triatr_XP_013939575.2	10	168	Hat1_N	PF10394.15	1.2e-48
Tripar_OTA01219.1	10	168	Hat1_N	PF10394.15	1.2e-48
Hrob_XP_009009913.1	16	181	Hat1_N	PF10394.15	1.2e-48
Pmar_XP_032821291.1	9	170	Hat1_N	PF10394.15	9.6e-49
Pvit_XP_020662351.1	14	176	Hat1_N	PF10394.15	1.7e-48
Arow_XP_025917169.1	66	228	Hat1_N	PF10394.15	1.6e-48
Pmar_XP_032821289.1	77	238	Hat1_N	PF10394.15	1.3e-48
Cjav_TQV99463.1	10	168	Hat1_N	PF10394.15	1.2e-48
Fver_XP_018750361.1	7	165	Hat1_N	PF10394.15	1.3e-48
Alec_OAA77730.1	10	168	Hat1_N	PF10394.15	1.3e-48
Campar_XP_030808397.1	14	176	Hat1_N	PF10394.15	1.7e-48
Gacu_XP_040057903.1	14	175	Hat1_N	PF10394.15	1.3e-48
Pocchl_XP_018146755.1	10	169	Hat1_N	PF10394.15	1.5e-48
Cruf_ENSCRFP00000013153.1	8	170	Hat1_N	PF10394.15	1.8e-48
Fhet_XP_012712245.2	14	175	Hat1_N	PF10394.15	1.2e-48
Campar_XP_030808396.1	32	194	Hat1_N	PF10394.15	1.8e-48
Bman_XP_028031018.1	9	170	Hat1_N	PF10394.15	4.7e-48
Bmor_XP_004931327.2	9	170	Hat1_N	PF10394.15	4.7e-48
Psin_XP_006139034.1	14	176	Hat1_N	PF10394.15	2.4e-48
Sans_XP_016300935.1	14	176	Hat1_N	PF10394.15	1.9e-48
Tcit_XP_024747648.1	10	168	Hat1_N	PF10394.15	1.7e-48
Shab_XP_030343407.1	26	188	Hat1_N	PF10394.15	1e-48
Them_CEJ89464.1	10	168	Hat1_N	PF10394.15	2.1e-48
Ssue_KZT44249.1	10	193	Hat1_N	PF10394.15	1.1e-48
Scan_XP_009086239.1	14	176	Hat1_N	PF10394.15	2.2e-48
Jhye_ENSJHYP00000018589.1	50	212	Hat1_N	PF10394.15	2.2e-48
Sfor_XP_018584596.1	14	176	Hat1_N	PF10394.15	1.8e-48
Pmar_XP_032821290.1	77	238	Hat1_N	PF10394.15	1.3e-48
Mgui_KID90912.1	10	169	Hat1_N	PF10394.15	2e-48
Catt_XP_017999270.1	8	162	Hat1_N	PF10394.15	2.6e-48
Caraur_XP_026128470.1	14	176	Hat1_N	PF10394.15	3e-48
Spod_RSH94521.1	8	203	Hat1_N	PF10394.15	2.1e-48
Mpah_XP_029391601.1	22	184	Hat1_N	PF10394.15	2.8e-48
Triver_XP_003025185.1	2	148	Hat1_N	PF10394.15	2.7e-48
Mspi_ENSMSIP00000009315.1	22	184	Hat1_N	PF10394.15	2.3e-48
Mspr_MGP_SPRETEiJ_P0054319	22	184	Hat1_N	PF10394.15	2.3e-48
Ffuj_XP_023428810.1	7	165	Hat1_N	PF10394.15	2.1e-48
Fpro_XP_031080675.1	7	165	Hat1_N	PF10394.15	2.1e-48
Gfor_XP_030912917.1	25	187	Hat1_N	PF10394.15	2.8e-48
Mmaj_KIE02870.1	10	169	Hat1_N	PF10394.15	2.4e-48
Mhyb_KID68347.1	10	169	Hat1_N	PF10394.15	2.4e-48
Mrob_XP_007822160.1	10	169	Hat1_N	PF10394.15	2.4e-48
Gfor_XP_030912911.1	32	194	Hat1_N	PF10394.15	2.9e-48
Ofus_CAH1773588.1	13	174	Hat1_N	PF10394.15	2.6e-48
Mspr_MGP_SPRETEiJ_P0054318	22	184	Hat1_N	PF10394.15	2.4e-48
Ofus_CAH1773589.1	12	173	Hat1_N	PF10394.15	2.5e-48
Aamp_XP_043243220.1	17	180	Hat1_N	PF10394.15	5.5e-48
Aamp_XP_043243221.1	17	180	Hat1_N	PF10394.15	5.5e-48
Mlar_XP_007403789.1	11	204	Hat1_N	PF10394.15	2.9e-48
Xhev_XP_018187193.1	8	165	Hat1_N	PF10394.15	2.6e-48
Krymar_XP_017279896.1	14	175	Hat1_N	PF10394.15	3.4e-48
Bbub_ENSBOBP00000020861.1	8	170	Hat1_N	PF10394.15	3.4e-48
Tmel_XP_002841194.1	5	160	Hat1_N	PF10394.15	2.9e-48
Tpar_POR37206.1	30	187	Hat1_N	PF10394.15	2.8e-48
Ctro_XP_002550393.1	24	175	Hat1_N	PF10394.15	1.9e-48
Aamp_XP_043243219.1	45	208	Hat1_N	PF10394.15	6.3e-48
Osin_XP_036357130.1	17	177	Hat1_N	PF10394.15	3.8e-48
Srhi_XP_016411520.1	14	176	Hat1_N	PF10394.15	3.3e-48
Tree_XP_006963248.1	10	168	Hat1_N	PF10394.15	3.3e-48
Hsp.EC38_OTA60776.1	5	161	Hat1_N	PF10394.15	4e-48
Cmal_EMG47732.1	18	168	Hat1_N	PF10394.15	2.1e-48
Aamp_XP_043243218.1	65	228	Hat1_N	PF10394.15	6.9e-48
Cshi_TQN74841.1	7	163	Hat1_N	PF10394.15	6.5e-48
Gste_OCL14823.1	8	170	Hat1_N	PF10394.15	4.3e-48
Obim_XP_052822716.1	19	179	Hat1_N	PF10394.15	5.6e-48
Pret_XP_008397601.1	18	179	Hat1_N	PF10394.15	2.2e-48
Bspl_XP_028993349.1	14	176	Hat1_N	PF10394.15	4.7e-48
Vkom_XP_044274128.1	15	176	Hat1_N	PF10394.15	5.3e-48
Mril_OAA34446.1	10	169	Hat1_N	PF10394.15	4e-48
Pret_XP_008397592.1	35	196	Hat1_N	PF10394.15	2.5e-48
Pran_XP_028250404.1	14	175	Hat1_N	PF10394.15	4.9e-48
Ksha_XP_031863038.1	9	201	Hat1_N	PF10394.15	4.6e-48
Mbol_KXJ94668.1	6	161	Hat1_N	PF10394.15	4.2e-48
Sbra_XP_040622758.1	8	164	Hat1_N	PF10394.15	7.7e-48
Ngla_XP_449169.1	11	165	Hat1_N	PF10394.15	2.6e-48
Send_TPX52615.1	42	199	Hat1_N	PF10394.15	4.1e-48
Eele_XP_026883348.2	11	173	Hat1_N	PF10394.15	5.6e-48
Mcar_XP_021011190.1	22	184	Hat1_N	PF10394.15	4.9e-48
Eele_XP_026883347.2	14	176	Hat1_N	PF10394.15	5.7e-48
Saur_XP_030285455.1	14	175	Hat1_N	PF10394.15	6.1e-48
Okis_XP_031650979.1	11	173	Hat1_N	PF10394.15	3e-48
Omyk_XP_036830314.1	11	173	Hat1_N	PF10394.15	3e-48
Omyk_XP_036830315.1	11	173	Hat1_N	PF10394.15	3e-48
Acun_XP_026708250.1	8	170	Hat1_N	PF10394.15	6.1e-48
Jfla_RUP48492.1	18	195	Hat1_N	PF10394.15	3e-48
Osin_XP_029634299.1	17	177	Hat1_N	PF10394.15	6.8e-48
Osin_XP_029634300.1	17	177	Hat1_N	PF10394.15	5.3e-48
Takrub_XP_003961962.1	14	175	Hat1_N	PF10394.15	7.2e-48
Takrub_XP_011608049.1	14	175	Hat1_N	PF10394.15	7.2e-48
Okis_XP_020311034.1	20	182	Hat1_N	PF10394.15	3.1e-48
Omyk_XP_021452833.1	20	182	Hat1_N	PF10394.15	3.1e-48
Otsh_XP_024260949.1	20	182	Hat1_N	PF10394.15	3.1e-48
Osun_ENSOSUP00000006773.1	8	170	Hat1_N	PF10394.15	6.1e-48
Drer_NP_001004572.1	14	176	Hat1_N	PF10394.15	3.9e-48
Chig_XP_018162470.1	7	163	Hat1_N	PF10394.15	6.5e-48
Socc_ENSSOCP00000013893.1	14	176	Hat1_N	PF10394.15	6.3e-48
Smax_XP_035460299.1	13	174	Hat1_N	PF10394.15	4.8e-48
Smax_XP_047193361.1	14	175	Hat1_N	PF10394.15	4.8e-48
Phisub_CZR69772.1	8	165	Hat1_N	PF10394.15	6e-48
Stan_XP_020066030.1	13	162	Hat1_N	PF10394.15	3.7e-48
Dgyr_CAD5122822.1	13	172	Hat1_N	PF10394.15	1.2e-47
Myes_XP_021341673.1	14	175	Hat1_N	PF10394.15	4e-48
Aequ_EGACTEQ4350000294-PB	34	189	Hat1_N	PF10394.15	6.4e-48
Hvul_XP_065666862.1	10	165	Hat1_N	PF10394.15	5.4e-48
Tben_XP_003013059.1	2	148	Hat1_N	PF10394.15	8e-48
Aamp_XP_043243000.1	17	180	Hat1_N	PF10394.15	1.4e-47
Aamp_XP_043243011.1	17	180	Hat1_N	PF10394.15	1.4e-47
Aamp_XP_043243021.1	17	180	Hat1_N	PF10394.15	1.4e-47
Aamp_XP_043243031.1	17	180	Hat1_N	PF10394.15	1.4e-47
Aamp_XP_043243036.1	17	180	Hat1_N	PF10394.15	1.4e-47
Aamp_XP_043243047.1	17	180	Hat1_N	PF10394.15	1.4e-47
Aamp_XP_043243057.1	17	180	Hat1_N	PF10394.15	1.4e-47
Aamp_XP_043243066.1	17	180	Hat1_N	PF10394.15	1.4e-47
Liccor_CDH48914.1	13	187	Hat1_N	PF10394.15	4e-48
Sans_XP_016319658.1	22	184	Hat1_N	PF10394.15	9.3e-48
Klac_XP_454594.1	10	161	Hat1_N	PF10394.15	4.5e-48
Tmag_PWW79544.1	5	160	Hat1_N	PF10394.15	8.1e-48
Aaeg_XP_001651817.1	11	176	Hat1_N	PF10394.15	4.5e-48
Aamp_XP_043242991.1	40	203	Hat1_N	PF10394.15	1.6e-47
Aamp_XP_043242983.1	41	204	Hat1_N	PF10394.15	1.6e-47
Aalb_XP_019557231.3	11	176	Hat1_N	PF10394.15	1.1e-47
Mmol_ENSMMOP00000002429.1	8	169	Hat1_N	PF10394.15	4.9e-48
Mbru_XP_014549017.1	10	169	Hat1_N	PF10394.15	7.9e-48
Marm_XP_026152131.1	14	175	Hat1_N	PF10394.15	1.1e-47
Smar_SMAR006627-PA	14	177	Hat1_N	PF10394.15	6.7e-48
Salsal_XP_014028742.1	20	182	Hat1_N	PF10394.15	5.5e-48
Stru_XP_029566985.1	20	182	Hat1_N	PF10394.15	5.5e-48
Cypcar_XP_042618997.1	15	176	Hat1_N	PF10394.15	1.1e-47
Aequ_EGACTEQ4350000294-PA	58	213	Hat1_N	PF10394.15	8e-48
Oabi_XP_012276079.1	13	173	Hat1_N	PF10394.15	5.8e-48
Oabi_XP_012276080.1	13	173	Hat1_N	PF10394.15	5.8e-48
Oabi_XP_012276081.1	13	173	Hat1_N	PF10394.15	5.8e-48
Oabi_XP_012276082.1	13	173	Hat1_N	PF10394.15	5.8e-48
Sluc_XP_031153528.1	14	175	Hat1_N	PF10394.15	1.4e-47
Bmes_THH14867.1	421	602	Hat1_N	PF10394.15	1.4e-47
Hhuc_ENSHHUP00000002641.1	20	182	Hat1_N	PF10394.15	7.1e-48
Eaqu_XP_013262578.1	8	164	Hat1_N	PF10394.15	1.2e-47
Gmor_XP_030199683.1	14	175	Hat1_N	PF10394.15	1.7e-47
Lgig_XP_009055146.1	16	175	Hat1_N	PF10394.15	7.4e-48
Aten_XP_031552908.1	34	189	Hat1_N	PF10394.15	1.8e-47
Lpro_PKS10222.1	7	166	Hat1_N	PF10394.15	1.2e-47
Cven_RPB02184.1	5	160	Hat1_N	PF10394.15	1.3e-47
Gcic_RKF73670.1	8	165	Hat1_N	PF10394.15	1.6e-47
Csp.CBS134920_RMD43383.1	8	172	Hat1_N	PF10394.15	1.3e-47
Dclu_XP_028848158.1	14	176	Hat1_N	PF10394.15	1.7e-47
Lsul_XP_040769306.1	15	198	Hat1_N	PF10394.15	1.7e-47
Csem_XP_008326846.1	14	176	Hat1_N	PF10394.15	2e-47
Cvar_XP_015256997.1	14	175	Hat1_N	PF10394.15	2e-47
Cypcar_XP_042586561.1	14	176	Hat1_N	PF10394.15	1.8e-47
Chem_XP_066918782.1	17	174	Hat1_N	PF10394.15	1e-47
Tnig_CAG09953.1	14	175	Hat1_N	PF10394.15	2e-47
Mung_XP_021514674.1	25	187	Hat1_N	PF10394.15	2.5e-47
Czea_KAF2206900.1	26	173	Hat1_N	PF10394.15	2e-47
Mmus_NP_080391.2	22	184	Hat1_N	PF10394.15	1.9e-47
Tpre_XP_014220124.1	11	172	Hat1_N	PF10394.15	1.2e-47
Cypcar_XP_042586560.1	14	176	Hat1_N	PF10394.15	2.4e-47
Rnor_NP_001009657.1	25	187	Hat1_N	PF10394.15	1.8e-47
Eaff_XP_023348942.1	12	172	Hat1_N	PF10394.15	3e-47
Clum_XP_034418043.1	14	175	Hat1_N	PF10394.15	1.3e-47
Rnor_XP_017447113.1	42	204	Hat1_N	PF10394.15	2e-47
Soch_TCD60783.1	70	215	Hat1_N	PF10394.15	7.4e-41
Cmin_TKA63560.1	19	173	Hat1_N	PF10394.15	3e-47
Hlab_XP_017796065.1	13	173	Hat1_N	PF10394.15	1.4e-47
Mcon_RPB08912.1	7	162	Hat1_N	PF10394.15	3.5e-47
Csp.CBS135597_RMZ82221.1	8	172	Hat1_N	PF10394.15	2.3e-47
Cqui_XP_038120334.1	11	173	Hat1_N	PF10394.15	1e-46
Nfur_XP_015821978.1	14	175	Hat1_N	PF10394.15	2.7e-47
Ztri_XP_003854292.1	22	169	Hat1_N	PF10394.15	3.5e-47
Zbai_CDF90930.1	11	161	Hat1_N	PF10394.15	2.9e-47
Zpar_AQZ19044.1	11	161	Hat1_N	PF10394.15	2.9e-47
Zbre_KJX93952.1	22	169	Hat1_N	PF10394.15	3.8e-47
Maur_XP_040601496.1	19	181	Hat1_N	PF10394.15	4.2e-47
Cqui_XP_038120332.1	11	173	Hat1_N	PF10394.15	1e-46
Macr_XP_007806981.1	10	169	Hat1_N	PF10394.15	2.8e-47
Zrou_XP_002497389.1	11	161	Hat1_N	PF10394.15	3.3e-47
Maur_XP_005065220.1	25	187	Hat1_N	PF10394.15	4.3e-47
Cgri_XP_027276000.1	25	187	Hat1_N	PF10394.15	4.3e-47
Lsta_ODQ75544.1	11	85	Hat1_N	PF10394.15	1.5e-25
Lsta_ODQ75544.1	116	201	Hat1_N	PF10394.15	2e-20
Mfar_CCE72649.1	18	169	Hat1_N	PF10394.15	4.2e-47
Bbis_XP_010842125.1	19	181	Hat1_N	PF10394.15	5e-47
Bind_XP_019826471.1	19	181	Hat1_N	PF10394.15	5e-47
Bmut_XP_005887634.1	19	181	Hat1_N	PF10394.15	5e-47
Btau_NP_001029519.1	19	181	Hat1_N	PF10394.15	5e-47
Btau_XP_059748703.1	19	181	Hat1_N	PF10394.15	5e-47
Hhuc_ENSHHUP00000011531.1	11	173	Hat1_N	PF10394.15	2.1e-47
Cbet_XP_023453259.1	26	173	Hat1_N	PF10394.15	4e-47
Lafr_XP_010601130.1	25	187	Hat1_N	PF10394.15	5.5e-47
Bbis_XP_010842124.1	25	187	Hat1_N	PF10394.15	5.1e-47
Bgru_ENSBGRP00000016276.1	25	187	Hat1_N	PF10394.15	5.1e-47
Bind_XP_019826462.1	25	187	Hat1_N	PF10394.15	5.1e-47
Bmut_XP_005887633.1	25	187	Hat1_N	PF10394.15	5.1e-47
Chir_XP_005676021.1	25	187	Hat1_N	PF10394.15	5.1e-47
Mmos_ENSMMSP00000014273.1	25	187	Hat1_N	PF10394.15	5.1e-47
Pman_XP_006972479.1	25	187	Hat1_N	PF10394.15	3.9e-47
Gwil_XP_028292754.1	14	175	Hat1_N	PF10394.15	2.3e-47
Nscu_XP_026533496.1	8	170	Hat1_N	PF10394.15	1e-46
Nscu_XP_026533495.1	14	176	Hat1_N	PF10394.15	1.1e-46
Chan_KAF4026383.1	19	181	Hat1_N	PF10394.15	7.5e-47
Anocar_XP_008117070.1	8	170	Hat1_N	PF10394.15	5.2e-47
Sind_CAG7846817.1	4	200	Hat1_N	PF10394.15	5.4e-47
Aflo_XP_003696261.1	13	173	Hat1_N	PF10394.15	2.5e-47
Opri_XP_004577121.1	25	186	Hat1_N	PF10394.15	3e-47
Anocar_XP_003226201.3	14	176	Hat1_N	PF10394.15	5.4e-47
Hhuc_ENSHHUP00000011500.1	11	173	Hat1_N	PF10394.15	2.5e-47
Nnaj_KAG8124927.1	14	176	Hat1_N	PF10394.15	1.2e-46
Nscu_XP_026533494.1	27	189	Hat1_N	PF10394.15	1.2e-46
Dsil_XP_037572793.1	16	177	Hat1_N	PF10394.15	3.2e-45
Dsil_XP_049524752.1	16	177	Hat1_N	PF10394.15	3.2e-45
Rdel_XP_067510914.1	31	168	Hat1_N	PF10394.15	2.6e-47
Bgru_ENSBGRP00000016334.1	54	216	Hat1_N	PF10394.15	5.9e-47
Bgru_ENSBGRP00000016400.1	54	216	Hat1_N	PF10394.15	5.9e-47
Btau_XP_005202377.3	54	216	Hat1_N	PF10394.15	5.9e-47
Oari_XP_004004643.4	54	216	Hat1_N	PF10394.15	5.9e-47
Moch_XP_005346615.2	58	220	Hat1_N	PF10394.15	5.6e-47
Ocaruf_PHH79078.1	35	194	Hat1_N	PF10394.15	1.1e-46
Lram_CDS07853.1	13	187	Hat1_N	PF10394.15	5.7e-47
Gwil_XP_028292753.1	14	175	Hat1_N	PF10394.15	3e-47
Dsil_XP_037572794.1	16	177	Hat1_N	PF10394.15	3.2e-45
Amex_XP_007253575.1	14	176	Hat1_N	PF10394.15	4.7e-47
Utri_SPO25915.1	5	189	Hat1_N	PF10394.15	4.9e-47
Vpac_XP_031534208.1	19	181	Hat1_N	PF10394.15	1.2e-46
Vpac_XP_031534207.1	25	187	Hat1_N	PF10394.15	1.2e-46
Hcom_XP_019713190.1	15	175	Hat1_N	PF10394.15	1e-46
Ppol_XP_037068304.1	17	182	Hat1_N	PF10394.15	1.5e-46
Ppol_XP_037068305.1	17	182	Hat1_N	PF10394.15	1.5e-46
Ppol_XP_037068306.1	17	182	Hat1_N	PF10394.15	1.5e-46
Bimp_XP_003488783.1	13	173	Hat1_N	PF10394.15	4.9e-46
Dhan_XP_458769.2	20	171	Hat1_N	PF10394.15	8.1e-47
Nvec_XP_048577477.1	15	172	Hat1_N	PF10394.15	1e-46
Cdro_XP_064340980.1	25	187	Hat1_N	PF10394.15	1.2e-46
Csyr_XP_008067785.1	25	187	Hat1_N	PF10394.15	5.2e-47
Dmag_XP_045035495.1	14	175	Hat1_N	PF10394.15	3.9e-47
Mmur_XP_020143969.1	25	187	Hat1_N	PF10394.15	1.1e-46
Mfas_XP_045223197.1	25	187	Hat1_N	PF10394.15	1.1e-46
Cwag_ENSCWAP00000012389.1	19	181	Hat1_N	PF10394.15	1e-46
Opar_XP_013937317.1	11	157	Hat1_N	PF10394.15	4.8e-47
Cwag_ENSCWAP00000012363.1	25	187	Hat1_N	PF10394.15	1e-46
Oari_XP_042099657.1	54	216	Hat1_N	PF10394.15	4.9e-47
Mani_KAF5130065.1	10	169	Hat1_N	PF10394.15	6.8e-47
Cdro_XP_064340981.1	25	187	Hat1_N	PF10394.15	6.2e-47
Ngal_XP_008853482.1	25	187	Hat1_N	PF10394.15	1.3e-46
Uvir_XP_042996304.1	10	169	Hat1_N	PF10394.15	7.3e-47
Cint_XP_002124657.1	11	174	Hat1_N	PF10394.15	4.7e-47
Itri_XP_005324649.1	25	187	Hat1_N	PF10394.15	1.3e-46
Mmar_XP_015334802.1	25	187	Hat1_N	PF10394.15	1.3e-46
Upar_XP_026245337.1	25	187	Hat1_N	PF10394.15	1.3e-46
Mluc_XP_023600664.1	25	186	Hat1_N	PF10394.15	9.3e-47
Ptex_XP_026552842.1	8	170	Hat1_N	PF10394.15	1e-46
Scivul_ENSSVLP00005001430.1	25	187	Hat1_N	PF10394.15	1.3e-46
Ocun_XP_017198417.1	19	181	Hat1_N	PF10394.15	1.1e-46
Fcat_XP_023115225.1	19	181	Hat1_N	PF10394.15	1.3e-46
Pleo_XP_042805065.1	19	181	Hat1_N	PF10394.15	1.3e-46
Pleo_XP_042805066.1	19	181	Hat1_N	PF10394.15	1.3e-46
Ptig_XP_007074637.1	19	181	Hat1_N	PF10394.15	1.3e-46
Ptig_XP_042850639.1	19	181	Hat1_N	PF10394.15	1.3e-46
Ogar_XP_003800919.1	25	187	Hat1_N	PF10394.15	1.3e-46
Ptex_XP_026552841.1	14	176	Hat1_N	PF10394.15	1.1e-46
Tgam_XP_018660811.2	14	169	Hat1_N	PF10394.15	1e-46
Hsap_XP_006712871.1	19	181	Hat1_N	PF10394.15	1.3e-46
Capcor_XP_007719696.1	9	163	Hat1_N	PF10394.15	8.5e-47
Caty_XP_011902389.1	19	181	Hat1_N	PF10394.15	1.3e-46
Ggor_XP_018877974.1	19	181	Hat1_N	PF10394.15	1.3e-46
Hsap_XP_054188848.1	19	181	Hat1_N	PF10394.15	1.3e-46
Mfas_XP_065381722.1	19	181	Hat1_N	PF10394.15	1.3e-46
Mmul_XP_014965844.1	19	181	Hat1_N	PF10394.15	1.3e-46
Mmul_XP_028686673.1	19	181	Hat1_N	PF10394.15	1.3e-46
Pabe_XP_024098948.1	19	181	Hat1_N	PF10394.15	1.3e-46
Pabe_XP_054405469.1	19	181	Hat1_N	PF10394.15	1.3e-46
Ppan_XP_014199489.1	19	181	Hat1_N	PF10394.15	1.3e-46
Ppan_XP_034810397.1	19	181	Hat1_N	PF10394.15	1.3e-46
Ptro_XP_009442035.1	19	181	Hat1_N	PF10394.15	1.3e-46
Ptro_XP_063646657.1	19	181	Hat1_N	PF10394.15	1.3e-46
Ptro_XP_063646658.1	19	181	Hat1_N	PF10394.15	1.3e-46
Rbie_XP_017717847.1	19	181	Hat1_N	PF10394.15	1.3e-46
Cdro_XP_010980818.1	25	187	Hat1_N	PF10394.15	1e-46
Vpac_XP_006214008.1	25	187	Hat1_N	PF10394.15	1e-46
Apimel_XP_625126.3	13	173	Hat1_N	PF10394.15	5.7e-47
Rfer_XP_032967277.1	19	181	Hat1_N	PF10394.15	1.3e-46
Panu_XP_017802147.1	25	187	Hat1_N	PF10394.15	1.3e-46
Caty_XP_011902388.1	25	187	Hat1_N	PF10394.15	1.3e-46
Csab_XP_007963550.1	25	187	Hat1_N	PF10394.15	1.3e-46
Mfas_XP_005573531.1	25	187	Hat1_N	PF10394.15	1.3e-46
Mleu_XP_011847309.1	25	187	Hat1_N	PF10394.15	1.3e-46
Mmul_XP_002808057.2	25	187	Hat1_N	PF10394.15	1.3e-46
Mnem_XP_070929037.1	25	187	Hat1_N	PF10394.15	1.3e-46
Piltep_XP_023041697.1	25	187	Hat1_N	PF10394.15	1.3e-46
Piltep_XP_023050318.1	25	187	Hat1_N	PF10394.15	1.3e-46
Rbie_XP_017717846.1	25	187	Hat1_N	PF10394.15	1.3e-46
Rrox_XP_010375895.1	25	187	Hat1_N	PF10394.15	1.3e-46
Tgel_XP_025259877.1	25	187	Hat1_N	PF10394.15	1.3e-46
Easi_XP_014702071.1	19	181	Hat1_N	PF10394.15	1.3e-46
Easi_XP_070364201.1	19	181	Hat1_N	PF10394.15	1.3e-46
Ecab_XP_014587720.1	19	181	Hat1_N	PF10394.15	1.3e-46
Ecab_XP_070096695.1	19	181	Hat1_N	PF10394.15	1.3e-46
Rfer_XP_032967276.1	25	187	Hat1_N	PF10394.15	1.3e-46
Ppol_XP_037069358.1	17	182	Hat1_N	PF10394.15	2.5e-46
Ppol_XP_037069359.1	17	182	Hat1_N	PF10394.15	2.5e-46
Ppol_XP_037069360.1	17	182	Hat1_N	PF10394.15	2.5e-46
Ppol_XP_037069431.1	17	182	Hat1_N	PF10394.15	2.5e-46
Ppol_XP_037069432.1	17	182	Hat1_N	PF10394.15	2.5e-46
Ppol_XP_037069433.1	17	182	Hat1_N	PF10394.15	2.5e-46
Cjac_XP_008996947.1	19	181	Hat1_N	PF10394.15	1.3e-46
Mnem_XP_070929036.1	31	193	Hat1_N	PF10394.15	1.4e-46
Mluc_XP_023600655.1	19	180	Hat1_N	PF10394.15	1.1e-46
Ecab_NP_001296141.1	25	187	Hat1_N	PF10394.15	1.3e-46
Jjac_XP_045003537.1	19	181	Hat1_N	PF10394.15	1.6e-46
Mput_XP_044922776.1	19	181	Hat1_N	PF10394.15	1.3e-46
Nvis_XP_044098272.1	19	181	Hat1_N	PF10394.15	1.3e-46
Pvam_XP_039711969.1	19	181	Hat1_N	PF10394.15	1.3e-46
Pvam_XP_039711971.1	19	181	Hat1_N	PF10394.15	1.3e-46
Pvam_XP_039711972.1	19	181	Hat1_N	PF10394.15	1.3e-46
Pvam_XP_039711973.1	19	181	Hat1_N	PF10394.15	1.3e-46
Pvam_XP_039711974.1	19	181	Hat1_N	PF10394.15	1.3e-46
Pvam_XP_039711975.1	19	181	Hat1_N	PF10394.15	1.3e-46
Rfer_XP_032960358.1	25	187	Hat1_N	PF10394.15	1.3e-46
Llat_ENSLLTP00000019707.1	115	277	Hat1_N	PF10394.15	2.4e-46
Hsap_NP_003633.2	25	187	Hat1_N	PF10394.15	1.3e-46
Cjac_XP_002749395.1	25	187	Hat1_N	PF10394.15	1.3e-46
Msym_XP_018740425.1	5	164	Hat1_N	PF10394.15	9.4e-47
Znev_XP_021938160.1	10	168	Hat1_N	PF10394.15	1.8e-45
Jjac_XP_004660401.1	25	187	Hat1_N	PF10394.15	1.7e-46
Mput_XP_044922775.1	25	187	Hat1_N	PF10394.15	1.3e-46
Nvis_XP_044098271.1	25	187	Hat1_N	PF10394.15	1.3e-46
Zcal_XP_027444160.1	25	187	Hat1_N	PF10394.15	1.3e-46
Pvam_XP_039711968.1	25	187	Hat1_N	PF10394.15	1.3e-46
Itri_XP_040150407.1	19	181	Hat1_N	PF10394.15	1.3e-46
Itri_XP_040150408.1	19	181	Hat1_N	PF10394.15	1.3e-46
Mmar_XP_015334803.1	19	181	Hat1_N	PF10394.15	1.3e-46
Psim_ENSPSMP00000034197.1	25	187	Hat1_N	PF10394.15	1.3e-46
Ailmel_XP_034510628.1	19	181	Hat1_N	PF10394.15	1.1e-46
Ailmel_XP_034510629.1	19	181	Hat1_N	PF10394.15	1.1e-46
Ailmel_XP_034510631.1	19	181	Hat1_N	PF10394.15	1.1e-46
Lmir_SCU98088.1	13	164	Hat1_N	PF10394.15	1.3e-46
Umar_XP_008685339.2	25	187	Hat1_N	PF10394.15	1.3e-46
Ggor_XP_004032834.2	53	215	Hat1_N	PF10394.15	1.5e-46
Nleu_XP_003253755.2	53	215	Hat1_N	PF10394.15	1.5e-46
Pabe_XP_002812633.2	53	215	Hat1_N	PF10394.15	1.5e-46
Ppan_XP_003824314.2	53	215	Hat1_N	PF10394.15	1.5e-46
Ptro_XP_001146318.3	53	215	Hat1_N	PF10394.15	1.5e-46
Dord_XP_012886143.1	25	187	Hat1_N	PF10394.15	1.3e-46
Ailmel_XP_002923951.1	25	187	Hat1_N	PF10394.15	1.1e-46
Fdam_XP_010605288.1	19	180	Hat1_N	PF10394.15	1.1e-46
Fdam_XP_010605290.1	19	180	Hat1_N	PF10394.15	1.1e-46
Fdam_XP_033612147.1	19	180	Hat1_N	PF10394.15	1.1e-46
Ptex_XP_026552840.1	79	241	Hat1_N	PF10394.15	1.5e-46
Sdau_ENSSDAP00000012582.1	22	184	Hat1_N	PF10394.15	1.3e-46
Znev_XP_021938159.1	17	175	Hat1_N	PF10394.15	1.8e-45
Dord_XP_012886151.1	19	181	Hat1_N	PF10394.15	1.3e-46
Sbol_XP_003921925.1	25	187	Hat1_N	PF10394.15	1.3e-46
Clup_XP_038440773.1	19	181	Hat1_N	PF10394.15	1.3e-46
Vvul_XP_025849823.1	19	181	Hat1_N	PF10394.15	1.3e-46
Mluc_XP_006083200.1	25	186	Hat1_N	PF10394.15	1.1e-46
Cang_XP_011801335.1	25	187	Hat1_N	PF10394.15	1.7e-46
Cimi_XP_017393706.1	25	187	Hat1_N	PF10394.15	1.3e-46
Bmus_XP_036714861.1	19	181	Hat1_N	PF10394.15	1.3e-46
Phosin_XP_032493587.1	19	181	Hat1_N	PF10394.15	1.3e-46
Phymac_XP_054944501.1	19	181	Hat1_N	PF10394.15	1.3e-46
Ttru_XP_019778668.1	19	181	Hat1_N	PF10394.15	1.3e-46
Uame_XP_045635793.1	19	181	Hat1_N	PF10394.15	1.3e-46
Uame_XP_045635796.1	19	181	Hat1_N	PF10394.15	1.3e-46
Uame_XP_045635804.1	19	181	Hat1_N	PF10394.15	1.3e-46
Mmul_XP_014965843.2	65	227	Hat1_N	PF10394.15	1.6e-46
Panu_XP_003907658.2	65	227	Hat1_N	PF10394.15	1.6e-46
Clup_XP_038440772.1	25	187	Hat1_N	PF10394.15	1.3e-46
Vvul_XP_025849824.1	25	187	Hat1_N	PF10394.15	1.3e-46
Ocun_XP_002712332.4	58	220	Hat1_N	PF10394.15	1.4e-46
Mmur_XP_012637394.1	19	181	Hat1_N	PF10394.15	1.3e-46
Mmur_XP_012637395.1	19	181	Hat1_N	PF10394.15	1.3e-46
Fcat_XP_003990906.2	61	223	Hat1_N	PF10394.15	1.6e-46
Lcan_XP_030179569.1	61	223	Hat1_N	PF10394.15	1.6e-46
Pleo_XP_042805063.1	61	223	Hat1_N	PF10394.15	1.6e-46
Ppar_XP_019315130.1	61	223	Hat1_N	PF10394.15	1.6e-46
Ptig_XP_007074636.2	61	223	Hat1_N	PF10394.15	1.6e-46
Hwer_RMX90368.1	18	170	Hat1_N	PF10394.15	7.5e-47
Sara_XP_004601207.1	25	187	Hat1_N	PF10394.15	1.3e-46
Bmus_XP_036714860.1	25	187	Hat1_N	PF10394.15	1.3e-46
Dleu_XP_022425746.1	25	187	Hat1_N	PF10394.15	1.3e-46
Mmon_XP_029081818.1	25	187	Hat1_N	PF10394.15	1.3e-46
Phosin_XP_032493584.1	25	187	Hat1_N	PF10394.15	1.3e-46
Phymac_XP_007117945.1	25	187	Hat1_N	PF10394.15	1.3e-46
Ttru_XP_004319594.1	25	187	Hat1_N	PF10394.15	1.3e-46
Uame_XP_045635784.1	25	187	Hat1_N	PF10394.15	1.3e-46
Uthi_ENSUTTP00000018669.1	25	187	Hat1_N	PF10394.15	1.3e-46
Cpor_XP_063115348.1	25	186	Hat1_N	PF10394.15	1.1e-46
Easi_XP_014702070.2	61	223	Hat1_N	PF10394.15	1.6e-46
Mmur_XP_012637393.1	25	187	Hat1_N	PF10394.15	1.3e-46
Anan_XP_064229459.1	19	181	Hat1_N	PF10394.15	1.3e-46
Anan_XP_064229460.1	19	181	Hat1_N	PF10394.15	1.3e-46
Anan_XP_064229461.1	19	181	Hat1_N	PF10394.15	1.3e-46
Anan_XP_064229458.1	25	187	Hat1_N	PF10394.15	1.3e-46
Utri_SPO25562.1	5	189	Hat1_N	PF10394.15	1.3e-46
Etel_XP_004703797.2	14	176	Hat1_N	PF10394.15	1.3e-46
Clan_XP_013374189.1	19	180	Hat1_N	PF10394.15	1.1e-46
Ailmel_XP_034510632.1	25	187	Hat1_N	PF10394.15	8.7e-47
Eeur_XP_060033699.1	19	181	Hat1_N	PF10394.15	1e-46
Clan_XP_005393277.1	25	186	Hat1_N	PF10394.15	1.1e-46
Hgla_XP_004857729.2	58	219	Hat1_N	PF10394.15	1.3e-46
Singra_XP_016150237.1	14	176	Hat1_N	PF10394.15	1.7e-46
Ecab_XP_070096696.1	19	181	Hat1_N	PF10394.15	1e-46
Dfra_TFY66469.1	472	646	Hat1_N	PF10394.15	2.1e-46
Zmel_GCF00038.1	13	163	Hat1_N	PF10394.15	1.9e-46
Eeur_XP_007537863.1	25	187	Hat1_N	PF10394.15	1e-46
Uthi_ENSUTTP00000018691.1	25	187	Hat1_N	PF10394.15	1.1e-46
Ssur_XP_029792000.1	113	275	Hat1_N	PF10394.15	2e-46
Ecab_XP_023477744.2	25	187	Hat1_N	PF10394.15	1.1e-46
Dasnov_XP_058156629.1	19	181	Hat1_N	PF10394.15	1.5e-46
Apru_XP_033399873.1	12	168	Hat1_N	PF10394.15	1.5e-46
Lnot_SCU81086.1	12	163	Hat1_N	PF10394.15	1.8e-46
Dasnov_XP_004450091.1	25	187	Hat1_N	PF10394.15	1.5e-46
Opol_XP_018208612.1	11	157	Hat1_N	PF10394.15	1.4e-46
Zpar_AQZ15150.1	11	161	Hat1_N	PF10394.15	2e-46
Skow_NP_001171746.1	18	179	Hat1_N	PF10394.15	2.7e-46
Anan_XP_064229462.1	25	187	Hat1_N	PF10394.15	1.1e-46
Stru_XP_029559066.1	45	207	Hat1_N	PF10394.15	2e-46
Cpar_XP_036663695.1	19	168	Hat1_N	PF10394.15	1.1e-46
Ssp.palustris_TPX64464.1	31	208	Hat1_N	PF10394.15	2.6e-46
Fdam_XP_010605286.1	61	222	Hat1_N	PF10394.15	1.4e-46
Neopar_EOD51544.1	12	166	Hat1_N	PF10394.15	1.9e-46
Sniv_KZS98869.1	22	179	Hat1_N	PF10394.15	1.2e-46
Cort_XP_003867818.1	19	168	Hat1_N	PF10394.15	1.2e-46
Aros_XP_012263999.1	13	174	Hat1_N	PF10394.15	2.6e-45
Aros_XP_012264000.1	13	174	Hat1_N	PF10394.15	2.6e-45
Hcap_XP_045292130.1	10	147	Hat1_N	PF10394.15	1.9e-46
Btab_XP_018915704.1	15	175	Hat1_N	PF10394.15	1.2e-46
Sscr_XP_003483722.2	25	187	Hat1_N	PF10394.15	3e-46
Aric_KYG50020.1	18	167	Hat1_N	PF10394.15	2.7e-46
Asp.richmondensis_KXL46811.1	18	167	Hat1_N	PF10394.15	2.7e-46
Vvir_KAF2235841.1	23	183	Hat1_N	PF10394.15	2.7e-46
Tcyp_PWZ02346.1	5	189	Hat1_N	PF10394.15	2.9e-46
Nvit_XP_031786692.1	13	173	Hat1_N	PF10394.15	1.8e-46
Cber_PPJ54986.1	18	165	Hat1_N	PF10394.15	3.9e-46
Cepi_XP_007730918.1	9	163	Hat1_N	PF10394.15	3.1e-46
Gmag_TQS36526.1	9	166	Hat1_N	PF10394.15	4.8e-46
Emex_XP_017753680.1	13	173	Hat1_N	PF10394.15	2.1e-46
Zlat_ENSZLMP00000004691.1	8	174	Hat1_N	PF10394.15	4.1e-46
Hsp.CO275_OTA85090.1	5	161	Hat1_N	PF10394.15	3.8e-46
Twil_T_wilhelma_c27881_g1_i3|m.22449	31	188	Hat1_N	PF10394.15	2.6e-46
Ador_XP_006611435.1	13	173	Hat1_N	PF10394.15	2.2e-46
Stru_XP_029559065.1	11	173	Hat1_N	PF10394.15	2.3e-46
Tbor_PUU75729.1	5	160	Hat1_N	PF10394.15	3.9e-46
Stru_XP_029559064.1	20	182	Hat1_N	PF10394.15	2.4e-46
Stru_XP_029559063.1	23	185	Hat1_N	PF10394.15	2.5e-46
Hmin_KJZ74092.1	7	166	Hat1_N	PF10394.15	4.5e-46
Bade_OZJ06771.1	2805	2975	Hat1_N	PF10394.15	9.3e-46
Stru_XP_029559062.1	45	207	Hat1_N	PF10394.15	2.7e-46
Bter_XP_003395429.2	13	173	Hat1_N	PF10394.15	1.8e-45
Ecym_XP_003647978.1	10	160	Hat1_N	PF10394.15	3.1e-46
Zmra_XP_037146583.1	11	160	Hat1_N	PF10394.15	6.1e-46
Ctan_TKW56964.1	24	179	Hat1_N	PF10394.15	5.4e-46
Ldas_SCU78718.1	12	163	Hat1_N	PF10394.15	5.7e-46
Anan_XP_064238247.1	25	187	Hat1_N	PF10394.15	7e-46
Ipun_NP_001188400.1	14	176	Hat1_N	PF10394.15	8.3e-46
Mmar_XP_048652230.1	25	187	Hat1_N	PF10394.15	3.8e-46
Zcel_XP_033666259.1	27	175	Hat1_N	PF10394.15	1.1e-45
Bgla_XP_055901675.1	17	176	Hat1_N	PF10394.15	6.6e-45
Cowc_XP_004364267.1	32	189	Hat1_N	PF10394.15	1.7e-45
Damp_KKY39167.1	7	164	Hat1_N	PF10394.15	9.5e-45
Sfas_XP_029968502.1	15	175	Hat1_N	PF10394.15	1e-45
Rsan_XP_037517642.1	16	177	Hat1_N	PF10394.15	1.3e-44
Rgra_XP_018271915.1	5	210	Hat1_N	PF10394.15	9.6e-46
Twil_T_wilhelma_c27881_g1_i1|m.22446	31	188	Hat1_N	PF10394.15	1.8e-45
Eaus_PSK35010.1	22	174	Hat1_N	PF10394.15	1e-45
Egos_NP_986665.2	10	161	Hat1_N	PF10394.15	1.2e-45
Twil_T_wilhelma_c27881_g1_i2|m.22448	29	186	Hat1_N	PF10394.15	6.7e-46
Twil_T_wilhelma_c27881_g1_i4|m.22450	29	186	Hat1_N	PF10394.15	6.7e-46
Anan_XP_012310358.3	25	187	Hat1_N	PF10394.15	1.1e-45
Smus_XP_016761390.1	26	174	Hat1_N	PF10394.15	1.3e-45
Sara_XP_054977946.1	25	187	Hat1_N	PF10394.15	1.1e-45
Ssti_XP_001387474.2	15	168	Hat1_N	PF10394.15	1.4e-45
Arob_ORX86056.1	7	187	Hat1_N	PF10394.15	6.6e-46
Spur_XP_030842939.1	20	182	Hat1_N	PF10394.15	7.1e-46
Spur_XP_785091.3	20	182	Hat1_N	PF10394.15	7.1e-46
Tglo_XP_037138415.1	43	193	Hat1_N	PF10394.15	1.5e-45
Ebur_ENSEBUP00000012301.1	8	169	Hat1_N	PF10394.15	5.1e-45
Tvap_Tv_08559-RA:cds	11	171	Hat1_N	PF10394.15	7.4e-46
Twas_XP_025599989.1	5	201	Hat1_N	PF10394.15	1.5e-45
Salsal_XP_014019529.2	20	182	Hat1_N	PF10394.15	7.8e-46
Fnub_XP_022501902.1	9	165	Hat1_N	PF10394.15	1.3e-45
Phub_XP_012187684.1	5	186	Hat1_N	PF10394.15	1.3e-45
Kpha_XP_002492441.1	12	158	Hat1_N	PF10394.15	1.7e-45
Smur_PNS19452.1	22	174	Hat1_N	PF10394.15	1.6e-45
Dnov_XP_015440029.1	13	173	Hat1_N	PF10394.15	8.9e-46
Dnov_XP_015440030.1	13	173	Hat1_N	PF10394.15	8.9e-46
Bino_XP_018984991.1	14	165	Hat1_N	PF10394.15	1.5e-45
Agla_SAL96284.1	19	182	Hat1_N	PF10394.15	2e-45
Cara_ODV82671.1	11	157	Hat1_N	PF10394.15	9.5e-46
Lcre_ORY72571.1	5	205	Hat1_N	PF10394.15	1.8e-45
Llan_XP_022629762.1	12	162	Hat1_N	PF10394.15	1.1e-45
Mant_XP_014657468.1	5	188	Hat1_N	PF10394.15	1.8e-45
Kmar_XP_022678043.1	10	161	Hat1_N	PF10394.15	2.2e-45
Ncas_XP_003674933.1	11	166	Hat1_N	PF10394.15	2.5e-45
Enec_KAI6245442.1	8	165	Hat1_N	PF10394.15	2.7e-45
Rhimic_XP_037279454.1	21	182	Hat1_N	PF10394.15	1.3e-44
Sgra_XP_029737667.1	5	193	Hat1_N	PF10394.15	2.1e-45
Fped_XP_013282257.1	9	165	Hat1_N	PF10394.15	1.9e-45
Fmon_XP_022509417.1	9	165	Hat1_N	PF10394.15	1.9e-45
Cflo_XP_011269321.1	13	172	Hat1_N	PF10394.15	4.8e-45
Cflo_XP_025265883.1	13	172	Hat1_N	PF10394.15	4.8e-45
Odeg_XP_004648293.1	25	186	Hat1_N	PF10394.15	4.5e-45
Portri_XP_045115061.1	15	177	Hat1_N	PF10394.15	1.3e-45
Rdio_TNY23614.1	5	210	Hat1_N	PF10394.15	2.3e-45
Ouni_PFH60873.1	10	169	Hat1_N	PF10394.15	2.3e-45
Drug_XP_034012890.1	13	165	Hat1_N	PF10394.15	3.8e-45
Gmar_KAF0396291.1	15	168	Hat1_N	PF10394.15	1.5e-45
Kbra_XP_016290606.1	5	186	Hat1_N	PF10394.15	2.6e-45
Mrot_XP_003701894.1	13	173	Hat1_N	PF10394.15	1.9e-45
Mrot_XP_012137394.1	13	173	Hat1_N	PF10394.15	1.9e-45
Mrot_XP_012137395.1	13	173	Hat1_N	PF10394.15	1.9e-45
Astrub_XP_033624834.1	15	176	Hat1_N	PF10394.15	4.1e-45
Ccar_XP_008722167.1	10	166	Hat1_N	PF10394.15	2.9e-45
Cleu_ROW17555.1	8	168	Hat1_N	PF10394.15	3.9e-45
Lque_CUS49620.1	12	163	Hat1_N	PF10394.15	4.7e-45
Asub_XP_013345190.1	23	175	Hat1_N	PF10394.15	8.6e-45
Exen_XP_013310048.1	9	165	Hat1_N	PF10394.15	3e-45
Portri_XP_045115062.1	12	175	Hat1_N	PF10394.15	2e-45
Portri_XP_045115060.1	15	178	Hat1_N	PF10394.15	2e-45
Annjap_XP_033114772.1	12	172	Hat1_N	PF10394.15	2e-45
Astrub_XP_033624835.1	14	175	Hat1_N	PF10394.15	4.1e-45
Llei_ENSLLEP00000026650.1	14	176	Hat1_N	PF10394.15	4.8e-45
Cgua_XP_025372954.1	7	204	Hat1_N	PF10394.15	4.1e-45
Emes_XP_016221788.1	8	164	Hat1_N	PF10394.15	3.9e-45
Mmil_XP_025354483.1	5	194	Hat1_N	PF10394.15	4.5e-45
Ophpol_RCI15243.1	10	169	Hat1_N	PF10394.15	3.8e-45
Acit_THH23265.1	72	216	Hat1_N	PF10394.15	1.6e-38
Isca_XP_040358623.2	15	174	Hat1_N	PF10394.15	6.3e-45
Apla_XP_022087099.1	8	169	Hat1_N	PF10394.15	1.5e-44
Apla_XP_022087098.1	14	175	Hat1_N	PF10394.15	1.6e-44
Eneo_RKF61526.1	8	165	Hat1_N	PF10394.15	6.4e-45
Esid_KIV80538.1	8	165	Hat1_N	PF10394.15	5.3e-45
Dcon_XP_040659447.1	10	169	Hat1_N	PF10394.15	4.9e-45
Aing_XP_025378380.1	5	182	Hat1_N	PF10394.15	6.4e-45
Pigchi_Pchi_g4827	9	167	Hat1_N	PF10394.15	5.6e-45
Aplcal_XP_005104677.1	15	175	Hat1_N	PF10394.15	8.4e-45
Srei_SJX62779.1	5	189	Hat1_N	PF10394.15	5.7e-45
Ptri_XP_053021958.1	9	198	Hat1_N	PF10394.15	6.7e-45
Lthe_XP_002551553.1	12	163	Hat1_N	PF10394.15	5.2e-45
Vdes_XP_022654401.1	13	173	Hat1_N	PF10394.15	3.4e-45
Isca_XP_029822510.3	15	176	Hat1_N	PF10394.15	9.8e-45
Pchi_XP_047476682.1	15	177	Hat1_N	PF10394.15	8.1e-45
Fcan_XP_021963152.1	19	207	Hat1_N	PF10394.15	7.4e-45
Pchi_XP_047476681.1	20	182	Hat1_N	PF10394.15	8.3e-45
Smic_XP_031024565.1	244	428	Hat1_N	PF10394.15	9.9e-45
Pchi_XP_047476680.1	26	188	Hat1_N	PF10394.15	8.6e-45
Mlei_ML010119a-PA	19	177	Hat1_N	PF10394.15	4e-45
Canvis_RCK60678.1	27	179	Hat1_N	PF10394.15	7.1e-45
Vdes_XP_022654400.1	56	216	Hat1_N	PF10394.15	4.2e-45
Ppou_THH08695.1	4	170	Hat1_N	PF10394.15	7.3e-45
Pmus_KXT12352.1	22	169	Hat1_N	PF10394.15	2.2e-44
Rsp.MUCL43196_RGB35623.1	2	154	Hat1_N	PF10394.15	4.9e-45
Pcla_XP_045595468.1	16	176	Hat1_N	PF10394.15	6.7e-45
Pfin_ORX42874.1	7	187	Hat1_N	PF10394.15	5.4e-45
Pcla_XP_045595467.1	21	181	Hat1_N	PF10394.15	6.8e-45
Vpol_XP_001645366.1	11	161	Hat1_N	PF10394.15	1e-44
Ssci_CDS01211.1	5	188	Hat1_N	PF10394.15	1e-44
Lpal_OCK83558.1	8	170	Hat1_N	PF10394.15	9.6e-45
Fmul_XP_016626722.1	9	165	Hat1_N	PF10394.15	8.9e-45
Pcla_XP_069187292.1	26	186	Hat1_N	PF10394.15	7e-45
Pcla_XP_069187293.1	26	186	Hat1_N	PF10394.15	7e-45
Csp.RAO2017_PHH91409.1	10	169	Hat1_N	PF10394.15	8.7e-45
Vmal_ROW12692.1	8	166	Hat1_N	PF10394.15	4.7e-44
Prho_CED84289	3	204	Hat1_N	PF10394.15	1.2e-44
Rtor_XP_016276356.1	5	208	Hat1_N	PF10394.15	1.5e-44
Mdes_Mdes007487-RA:cds	474	637	Hat1_N	PF10394.15	2e-44
Dsp.EC12_OTB17698.1	5	161	Hat1_N	PF10394.15	1.4e-44
Pvex_XP_040719833.1	17	178	Hat1_N	PF10394.15	1.4e-44
Hsal_XP_011150312.1	16	176	Hat1_N	PF10394.15	7.6e-45
Hsal_XP_019700029.1	16	176	Hat1_N	PF10394.15	7.6e-45
Mpac_XP_017994092.1	5	168	Hat1_N	PF10394.15	1.4e-44
Pcan_XP_025084060.1	12	172	Hat1_N	PF10394.15	1.4e-43
Peum_KXS95863.1	22	169	Hat1_N	PF10394.15	3.5e-44
Pcan_XP_025084059.1	15	175	Hat1_N	PF10394.15	1.4e-43
Epul_POS84286.1	8	165	Hat1_N	PF10394.15	2.4e-44
Lasthe_XP_035373435.1	12	169	Hat1_N	PF10394.15	1.4e-44
Pmon_XP_037779940.1	15	177	Hat1_N	PF10394.15	2e-44
Pmon_XP_037779939.1	20	182	Hat1_N	PF10394.15	2.1e-44
Kpas_ANZ73433.1	12	158	Hat1_N	PF10394.15	1.9e-44
Tpha_XP_003685152.1	11	161	Hat1_N	PF10394.15	1.8e-44
Amil_XP_029187953.1	13	170	Hat1_N	PF10394.15	3e-44
Lvar_XP_041460220.1	20	182	Hat1_N	PF10394.15	1.1e-44
Sinv_XP_011155666.1	13	172	Hat1_N	PF10394.15	8e-43
Mfar_CCE73211.1	18	169	Hat1_N	PF10394.15	1.2e-44
Hmia_HMIM003495-PA	13	169	Hat1_N	PF10394.15	2.9e-44
Rmac_XP_013273173.1	9	165	Hat1_N	PF10394.15	1.8e-44
Kcap_XP_022458244.1	8	154	Hat1_N	PF10394.15	2.4e-44
Ocasau_RDA90386.1	10	169	Hat1_N	PF10394.15	2.1e-44
Fmed_XP_007264339.1	4	191	Hat1_N	PF10394.15	1.6e-44
Eoli_XP_016265402.1	9	165	Hat1_N	PF10394.15	2.1e-44
Msp.JCM33374_GEQ69659.1	16	166	Hat1_N	PF10394.15	2.7e-44
Sdum_XP_035231735.1	16	176	Hat1_N	PF10394.15	1.4e-44
Seub_XP_018219024.1	11	162	Hat1_N	PF10394.15	2.7e-44
Oaus_PHH61111.1	10	169	Hat1_N	PF10394.15	2.8e-44
Sbou_KOH47369.1	11	162	Hat1_N	PF10394.15	3.1e-44
Scer_NP_015324.1	11	162	Hat1_N	PF10394.15	3.1e-44
Mdom_XP_005191523.1	11	174	Hat1_N	PF10394.15	1.7e-44
Cimm_XP_016244665.1	9	165	Hat1_N	PF10394.15	2.8e-44
Awhi_Unigene36664_Abeoforma_whisleri|m.23714	42	205	Hat1_N	PF10394.15	1.8e-44
Eamp_KAF2218483.1	22	174	Hat1_N	PF10394.15	3.3e-44
Adar_XP_049536195.1	11	185	Hat1_N	PF10394.15	4.2e-44
Adar_XP_049536196.1	11	185	Hat1_N	PF10394.15	4.2e-44
Spas_QID82975.1	11	162	Hat1_N	PF10394.15	3.8e-44
Capo_XP_007779702.1	8	171	Hat1_N	PF10394.15	1.1e-43
Lcup_XP_023306465.2	11	173	Hat1_N	PF10394.15	2.3e-44
Sint_SGZ47657.1	17	167	Hat1_N	PF10394.15	5.4e-44
Dmel_NP_649587.1	11	173	Hat1_N	PF10394.15	6.6e-44
Dmel_NP_731006.1	11	173	Hat1_N	PF10394.15	6.6e-44
Spas_QID88426.1	11	162	Hat1_N	PF10394.15	4.7e-44
Bnaa_VEU21122.1	9	162	Hat1_N	PF10394.15	4.8e-44
Hves_ORX43465.1	20	189	Hat1_N	PF10394.15	2.6e-44
Hame_XP_042230401.1	544	706	Hat1_N	PF10394.15	3.1e-44
Dyak_XP_015048400.1	11	173	Hat1_N	PF10394.15	2.7e-44
Lmey_SCU78229.1	12	163	Hat1_N	PF10394.15	4.5e-44
Rmai_XP_026817457.1	4	164	Hat1_N	PF10394.15	2.8e-44
Wcoc_PCH38402.1	11	205	Hat1_N	PF10394.15	5.4e-44
Apis_XP_001943767.1	4	164	Hat1_N	PF10394.15	2.9e-44
Skud_XP_056085631.1	11	162	Hat1_N	PF10394.15	5.3e-44
Aimm_RPA80860.1	5	159	Hat1_N	PF10394.15	5.2e-44
Ihof_Ihof_evm10s115	17	179	Hat1_N	PF10394.15	7e-44
Cfab_ONH69003.1	10	159	Hat1_N	PF10394.15	3.8e-44
Anoalb_XP_035779900.1	11	185	Hat1_N	PF10394.15	9.2e-44
Arep_ORZ22368.1	19	183	Hat1_N	PF10394.15	7.6e-44
Cpsa_XP_007742482.1	9	165	Hat1_N	PF10394.15	6.6e-44
Cson_CSON008944-1	11	178	Hat1_N	PF10394.15	3.2e-43
Dcor_XP_020132390.1	12	169	Hat1_N	PF10394.15	7e-44
Pvan_XP_069978243.1	15	177	Hat1_N	PF10394.15	8e-44
Mres_XP_027483613.1	5	161	Hat1_N	PF10394.15	1.3e-43
Pvan_XP_069978242.1	20	182	Hat1_N	PF10394.15	8.2e-44
Ofav_XP_020620960.1	13	170	Hat1_N	PF10394.15	1.1e-43
Ofav_XP_020620961.1	13	170	Hat1_N	PF10394.15	1.1e-43
Dsim_XP_002102284.1	11	173	Hat1_N	PF10394.15	5.7e-44
Dsec_XP_002038481.1	11	173	Hat1_N	PF10394.15	5.7e-44
Uhor_XP_041414057.1	5	188	Hat1_N	PF10394.15	1.1e-43
Anig_TGZ76691.1	8	167	Hat1_N	PF10394.15	1.2e-43
Pstr_XP_047805964.1	11	199	Hat1_N	PF10394.15	9.7e-44
Anam_XP_013425262.1	23	175	Hat1_N	PF10394.15	3.2e-43
Meygui_XP_001484721.1	16	166	Hat1_N	PF10394.15	1.1e-43
Cbom_CEH12832.1	10	107	Hat1_N	PF10394.15	1.2e-25
Cbom_CEH12832.1	106	230	Hat1_N	PF10394.15	6.1e-17
Ubro_SAM81891.1	5	188	Hat1_N	PF10394.15	1e-43
Pdam_XP_027044545.1	13	167	Hat1_N	PF10394.15	1.9e-43
Rsp.JG1b_KWU46416.1	5	205	Hat1_N	PF10394.15	1.3e-43
Eder_XP_009158643.1	10	164	Hat1_N	PF10394.15	1.1e-43
Canvis_RCK56369.1	29	180	Hat1_N	PF10394.15	1.2e-43
Tdel_XP_003680219.1	11	161	Hat1_N	PF10394.15	1.3e-43
Cduo_XP_025337531.1	17	167	Hat1_N	PF10394.15	1.3e-43
Dwil_XP_002072920.1	11	176	Hat1_N	PF10394.15	7.5e-44
Rcol_XP_023631581.1	22	170	Hat1_N	PF10394.15	1.8e-43
Amel_XP_040883532.1	23	175	Hat1_N	PF10394.15	4.1e-43
Dmoj_XP_002000225.1	11	173	Hat1_N	PF10394.15	1.4e-43
Spis_XP_022787477.1	13	167	Hat1_N	PF10394.15	2.4e-43
Ocin_ODM94910.1	21	198	Hat1_N	PF10394.15	9.5e-44
Sapi_XP_016642365.1	7	166	Hat1_N	PF10394.15	1.5e-43
Patmin_XP_038046016.1	14	175	Hat1_N	PF10394.15	4.6e-43
Cchr_ROV98879.1	8	166	Hat1_N	PF10394.15	2.8e-43
Scal_XP_059218585.1	11	173	Hat1_N	PF10394.15	1e-43
Shab_XP_030343406.1	20	169	Hat1_N	PF10394.15	2.3e-43
Bgla_XP_055890371.1	17	176	Hat1_N	PF10394.15	2.1e-43
Smim_KFM63409.1	16	176	Hat1_N	PF10394.15	1.2e-43
Turt_XP_015794958.1	15	202	Hat1_N	PF10394.15	1.1e-43
Ndai_XP_003668496.1	11	167	Hat1_N	PF10394.15	2.4e-43
Dana_XP_001955210.1	11	173	Hat1_N	PF10394.15	4.7e-43
Mmay_XP_011388972.1	5	186	Hat1_N	PF10394.15	2.7e-43
Fsim_TKA73345.1	18	173	Hat1_N	PF10394.15	2.1e-43
Hbla_XP_004178837.1	11	162	Hat1_N	PF10394.15	1.6e-43
Ncal_ORY72535.1	7	187	Hat1_N	PF10394.15	1.6e-43
Dere_XP_001978993.1	11	173	Hat1_N	PF10394.15	2.1e-43
Lcom_lcpid36342|	16	175	Hat1_N	PF10394.15	1.1e-42
Dtin_RWS08737.1	14	186	Hat1_N	PF10394.15	3.6e-43
Dtin_RWS09236.1	14	186	Hat1_N	PF10394.15	3.6e-43
Dtin_RWS09484.1	14	186	Hat1_N	PF10394.15	3.6e-43
Dtin_RWS09494.1	14	186	Hat1_N	PF10394.15	3.6e-43
Dhel_POS81424.1	7	164	Hat1_N	PF10394.15	4.9e-42
Cban_XP_016622603.1	9	165	Hat1_N	PF10394.15	3.5e-43
Fere_XP_018698584.1	9	165	Hat1_N	PF10394.15	3.1e-43
Srac_ORY95418.1	11	186	Hat1_N	PF10394.15	4.1e-43
Phum_XP_002428006.1	14	186	Hat1_N	PF10394.15	2.5e-43
Pame_KIW73436	8	165	Hat1_N	PF10394.15	4.2e-43
Mpha_XP_012532699.1	14	173	Hat1_N	PF10394.15	1.1e-42
Mpha_XP_028049541.1	14	173	Hat1_N	PF10394.15	1.1e-42
Bgra_CAD6506464.1	8	165	Hat1_N	PF10394.15	7.3e-43
Ptep_XP_042894781.1	15	176	Hat1_N	PF10394.15	5e-43
Obir_XP_011342763.1	14	173	Hat1_N	PF10394.15	3.2e-42
Obir_XP_011342764.1	14	173	Hat1_N	PF10394.15	3.2e-42
Pucgra_XP_003320315.2	68	256	Hat1_N	PF10394.15	5.2e-43
Hill_XP_037924717.1	11	173	Hat1_N	PF10394.15	8.7e-43
Hazt_XP_018011951.1	17	177	Hat1_N	PF10394.15	7.4e-43
Glomor_GMOY011645-PA	10	174	Hat1_N	PF10394.15	3.7e-43
Dgri_XP_001990597.2	11	173	Hat1_N	PF10394.15	3.7e-43
Espi_XP_016236172.1	9	165	Hat1_N	PF10394.15	7e-43
Tdal_XP_037951975.1	11	173	Hat1_N	PF10394.15	8e-43
Dser_XP_066636214.1	12	169	Hat1_N	PF10394.15	7.3e-43
Btry_XP_039957159.1	11	173	Hat1_N	PF10394.15	6.7e-42
Linelo_KAK5815689.1	7	168	Hat1_N	PF10394.15	4.6e-43
Sbor_ESZ94902.1	7	146	Hat1_N	PF10394.15	7.9e-42
Chae_XP_025343420.1	17	167	Hat1_N	PF10394.15	9.3e-43
Drovir_XP_002053451.2	63	225	Hat1_N	PF10394.15	1.6e-42
Rtai_POY70240.1	5	205	Hat1_N	PF10394.15	1.2e-42
Mluc_XP_023600658.1	24	176	Hat1_N	PF10394.15	1e-42
Pbar_XP_011646372.1	13	172	Hat1_N	PF10394.15	1.8e-42
Pcor_PLW22424.1	11	204	Hat1_N	PF10394.15	1.3e-42
Pcor_PLW37180.1	11	204	Hat1_N	PF10394.15	1.3e-42
Hbur_XP_020079089.1	17	170	Hat1_N	PF10394.15	1.5e-42
Msp.JA9_RLV85673.1	1830	1980	Hat1_N	PF10394.15	7.1e-43
Lfer_SCV99997.1	15	166	Hat1_N	PF10394.15	1.3e-42
Nful_ODQ64684.1	13	163	Hat1_N	PF10394.15	1.2e-42
Lrhi_KAF2456481.1	10	173	Hat1_N	PF10394.15	1.9e-42
Maff_QBM86485.1	16	166	Hat1_N	PF10394.15	1.4e-42
Droimm_KAH8312377.1	11	173	Hat1_N	PF10394.15	1.8e-42
Cyeg_XP_007752732.1	8	165	Hat1_N	PF10394.15	1.4e-42
Acep_XP_012054969.1	13	172	Hat1_N	PF10394.15	8.3e-43
Clus_XP_002619282.2	19	169	Hat1_N	PF10394.15	1.7e-42
Pfru_QIX00280.1	19	168	Hat1_N	PF10394.15	2.6e-42
Caur_XP_028891596.2	17	167	Hat1_N	PF10394.15	1.7e-42
Aque_XP_019855490.1	14	170	Hat1_N	PF10394.15	1.7e-42
Llon_XP_055694695.1	11	173	Hat1_N	PF10394.15	1.8e-42
Acol_XP_040220792.1	11	176	Hat1_N	PF10394.15	1.9e-42
Agam_XP_307774.3	11	176	Hat1_N	PF10394.15	1.9e-42
Anomel_AMEC016518-PA	11	176	Hat1_N	PF10394.15	1.9e-42
Glopld_GPAI035570-PA	10	174	Hat1_N	PF10394.15	1e-42
Aech_XP_011067471.1	13	172	Hat1_N	PF10394.15	1.1e-42
Aech_XP_011067472.1	13	172	Hat1_N	PF10394.15	1.1e-42
Agam_XP_061497162.1	11	176	Hat1_N	PF10394.15	2.2e-42
Tper_XP_033683370.1	6	172	Hat1_N	PF10394.15	3.2e-42
Bbru_XP_041138956.1	9	162	Hat1_N	PF10394.15	3e-42
Aqua_AQUA016834-PA	11	176	Hat1_N	PF10394.15	2.4e-42
Anoara_XP_040152551.1	11	176	Hat1_N	PF10394.15	1.9e-42
Blat_XP_018803726.1	11	173	Hat1_N	PF10394.15	2.1e-41
Blat_XP_018803727.1	11	173	Hat1_N	PF10394.15	2.1e-41
Blat_XP_018803728.1	11	173	Hat1_N	PF10394.15	2.1e-41
Dsep_EME45369.1	27	173	Hat1_N	PF10394.15	3.2e-42
Sfla_XP_025423560.1	5	164	Hat1_N	PF10394.15	1.4e-42
Sfla_XP_025423561.1	5	164	Hat1_N	PF10394.15	1.4e-42
Gfus_XP_037897055.1	10	174	Hat1_N	PF10394.15	1.6e-42
Glopps_GPPI047438-PA	10	174	Hat1_N	PF10394.15	1.6e-42
Ccas_PSN74629.1	9	163	Hat1_N	PF10394.15	2.5e-42
Aepi_AEPI015422-PA	11	176	Hat1_N	PF10394.15	3.7e-42
Aatr_ENSAATROPP002081	11	183	Hat1_N	PF10394.15	5.3e-42
Copflo_XP_014218476.1	11	171	Hat1_N	PF10394.15	1.8e-42
Hsp.CI4A_OTB08498.1	5	160	Hat1_N	PF10394.15	3.5e-42
Amer_XP_041765304.1	11	176	Hat1_N	PF10394.15	3.6e-42
Anochr_ACHR015054-PA	11	176	Hat1_N	PF10394.15	3.7e-42
Clec_XP_014245051.1	14	170	Hat1_N	PF10394.15	2e-42
Tasa_XP_014178083.1	8	173	Hat1_N	PF10394.15	3.4e-42
Ppap_XP_055706332.1	11	174	Hat1_N	PF10394.15	2.5e-42
Lflu_KAF2676685.1	8	174	Hat1_N	PF10394.15	5.5e-42
Pfij_XP_007925433.1	3	128	Hat1_N	PF10394.15	5.7e-42
Tnub_KAF2763679.1	17	175	Hat1_N	PF10394.15	4.9e-42
Dpur_XP_003283374.1	9	171	Hat1_N	PF10394.15	2.8e-42
Apul_XP_029765495.1	23	175	Hat1_N	PF10394.15	7.4e-42
Psor_KNZ45210.1	75	270	Hat1_N	PF10394.15	6.3e-42
Pglu_XP_025351406.1	7	196	Hat1_N	PF10394.15	1.2e-41
Afar_AFAF020136-PA	11	180	Hat1_N	PF10394.15	8e-42
Pvam_XP_039711976.1	3	152	Hat1_N	PF10394.15	8.9e-42
Adir_ADIR016016-PA	11	180	Hat1_N	PF10394.15	9.6e-42
Adir_ADIR016016-PB	11	180	Hat1_N	PF10394.15	9.6e-42
Dper_XP_002014151.1	11	173	Hat1_N	PF10394.15	7.5e-42
Ebil_XP_033530455.1	4	163	Hat1_N	PF10394.15	8.5e-42
Phosin_XP_032493586.1	3	152	Hat1_N	PF10394.15	8.9e-42
Phymac_XP_054944502.1	3	152	Hat1_N	PF10394.15	8.9e-42
Singra_XP_016131770.1	14	116	Hat1_N	PF10394.15	3.2e-28
Zrhi_KAF2180730.1	10	172	Hat1_N	PF10394.15	1.4e-41
Gocc_XP_003739261.1	13	173	Hat1_N	PF10394.15	5.7e-42
Dpse_XP_001359056.3	51	213	Hat1_N	PF10394.15	1e-41
Dros_KAK2624572.1	17	162	Hat1_N	PF10394.15	1.1e-41
Nvec_XP_048577478.1	6	149	Hat1_N	PF10394.15	8.9e-42
Pmur_XP_007874829.1	9	161	Hat1_N	PF10394.15	6.2e-42
Lhum_XP_012224331.1	13	172	Hat1_N	PF10394.15	8.4e-42
Lhum_XP_012224332.1	13	172	Hat1_N	PF10394.15	8.4e-42
Lhum_XP_012224333.1	13	172	Hat1_N	PF10394.15	8.4e-42
Globre_GBRI041365-PA	10	174	Hat1_N	PF10394.15	8.8e-42
Mbic_XP_018714868.1	16	166	Hat1_N	PF10394.15	1.8e-41
Bdor_XP_011203087.2	11	173	Hat1_N	PF10394.15	2.2e-41
Vgal_XP_016212394.1	16	173	Hat1_N	PF10394.15	1.7e-41
Edia_XP_020896532.1	12	167	Hat1_N	PF10394.15	5e-41
Acul_ACUA016515-PA	11	176	Hat1_N	PF10394.15	2.6e-41
Gloaus_GAUT042450-PA	10	174	Hat1_N	PF10394.15	1.2e-41
Jros_XP_025360530.1	5	199	Hat1_N	PF10394.15	2.1e-41
Afun_XP_049285324.1	11	176	Hat1_N	PF10394.15	2.8e-41
Rpom_XP_036331952.1	11	173	Hat1_N	PF10394.15	2.1e-41
Maph_ETS64862.1	3	176	Hat1_N	PF10394.15	2.6e-41
Yten_XP_006688073.1	13	158	Hat1_N	PF10394.15	3.4e-41
Anoste_XP_035900744.1	11	178	Hat1_N	PF10394.15	1.9e-41
Gfro_OBZ75134.1	22	165	Hat1_N	PF10394.15	4.1e-41
Avag_UJR20315.1	19	180	Hat1_N	PF10394.15	4.2e-41
Ltra_XP_021882291.1	7	168	Hat1_N	PF10394.15	4.5e-41
Pver_KFH68029.1	7	168	Hat1_N	PF10394.15	3.2e-41
Mytres_XP_033571011.1	11	170	Hat1_N	PF10394.15	6.7e-41
Cbov_CAB3403195.1	18	176	Hat1_N	PF10394.15	3.9e-41
Mves_XP_056062219.1	4	176	Hat1_N	PF10394.15	7e-41
Mosm_XP_014569638.1	20	214	Hat1_N	PF10394.15	7.5e-41
Pjir_XP_018229923.1	10	162	Hat1_N	PF10394.15	4.9e-41
Wmel_XP_006957014.1	7	187	Hat1_N	PF10394.15	9.8e-41
Slud_XP_045936883.1	12	162	Hat1_N	PF10394.15	1.5e-40
Hnag_XP_022464239.1	12	167	Hat1_N	PF10394.15	7.5e-41
Ocaleo_RDA83015.1	5	184	Hat1_N	PF10394.15	7e-40
Scom_XP_019024773.1	3	136	Hat1_N	PF10394.15	8.7e-41
Anomin_AMIN016061-PA	76	240	Hat1_N	PF10394.15	1.1e-39
Mpus_XP_003055477.1	64	223	Hat1_N	PF10394.15	1.5e-40
Crem_XP_003110748.2	16	171	Hat1_N	PF10394.15	1.4e-40
Gult_PYU1_T014590	42	199	Hat1_N	PF10394.15	1.5e-40
Cpse_XP_024712201.1	1850	2000	Hat1_N	PF10394.15	3.5e-40
Ccap_XP_004537047.1	11	173	Hat1_N	PF10394.15	2.6e-40
Ccap_XP_020717549.1	11	173	Hat1_N	PF10394.15	2.6e-40
Pjap_XP_042878419.1	3	158	Hat1_N	PF10394.15	1.6e-40
Sros_XP_004991584.1	81	241	Hat1_N	PF10394.15	6e-40
Lmyt_KAF2497714.1	11	171	Hat1_N	PF10394.15	4.9e-40
Psam_PSAMB.scaffold3size181960.g458.t1	18	183	Hat1_N	PF10394.15	3.4e-40
Lsal_XP_040583197.1	15	178	Hat1_N	PF10394.15	6.5e-40
Prijap_TRINITY_c20932_g1_i1_loc1.t1	21	178	Hat1_N	PF10394.15	2.9e-40
Cbec_CSP29.g15272.t1	16	171	Hat1_N	PF10394.15	3.3e-40
Lsal_XP_040583195.1	15	178	Hat1_N	PF10394.15	9.1e-40
Parcla_CAB4001203.1	13	115	Hat1_N	PF10394.15	1.4e-28
Parcla_CAB4001203.1	113	150	Hat1_N	PF10394.15	2.4e-10
Sman_XP_018648083.1	15	176	Hat1_N	PF10394.15	7.9e-40
Fend_KAK0303883.1	20	171	Hat1_N	PF10394.15	7.1e-40
Cbre_CAL2036431.1	16	171	Hat1_N	PF10394.15	1e-39
Veff_QDS74781.1	5	156	Hat1_N	PF10394.15	1.2e-39
Phir_KAI8905274.1	58	215	Hat1_N	PF10394.15	1.4e-39
Wich_XP_009267685.1	8	187	Hat1_N	PF10394.15	1.4e-39
Tricas_XP_966673.1	28	179	Hat1_N	PF10394.15	1.6e-39
Shae_XP_051073648.1	14	175	Hat1_N	PF10394.15	9.8e-40
Pkud_XP_029323977.1	8	156	Hat1_N	PF10394.15	2e-39
Vnas_TLD21665.1	6	156	Hat1_N	PF10394.15	2.1e-39
Clec_XP_014250514.1	11	168	Hat1_N	PF10394.15	1.1e-39
Ylip_XP_501713.1	7	171	Hat1_N	PF10394.15	2.5e-39
Sman_XP_018648084.1	15	176	Hat1_N	PF10394.15	1.1e-39
Clec_XP_014250513.1	34	191	Hat1_N	PF10394.15	1.2e-39
Scil_XP_065175360.1	11	172	Hat1_N	PF10394.15	2.7e-39
Pmax_PRIMPAX000015894.t1	22	179	Hat1_N	PF10394.15	1.2e-39
Wano_XP_019040166.1	8	164	Hat1_N	PF10394.15	1.5e-39
Puni_PgR069_g007_t01	32	190	Hat1_N	PF10394.15	2.2e-39
Sbru_KAA8907346.1	8	164	Hat1_N	PF10394.15	2.9e-39
Puni_PgR069_g007_t02	32	190	Hat1_N	PF10394.15	2.4e-39
Aarx_XP_033383793.1	6	162	Hat1_N	PF10394.15	5.8e-39
Wcif_XP_011274676.1	8	162	Hat1_N	PF10394.15	3.8e-39
Bpan_XP_007673634.1	18	170	Hat1_N	PF10394.15	3.6e-39
Puni_PgR069_g007_t03	32	190	Hat1_N	PF10394.15	5.5e-39
Puni_PgR069_g007_t04	32	190	Hat1_N	PF10394.15	6e-39
Wano_XP_019040257.1	8	164	Hat1_N	PF10394.15	2.7e-39
Caetri_CSP40.g455.t1	16	171	Hat1_N	PF10394.15	2.7e-39
Eweb_KOS17852.1	25	182	Hat1_N	PF10394.15	4.2e-39
Cbri_XP_002642389.2	16	171	Hat1_N	PF10394.15	6.2e-39
Dgig_XP_028395918.1	1	128	Hat1_N	PF10394.15	6.6e-39
Kafr_XP_003955621.1	9	167	Hat1_N	PF10394.15	5.7e-39
Mbre_XP_001747047.1	17	176	Hat1_N	PF10394.15	4.4e-39
Pfis_GMT18714.1	21	178	Hat1_N	PF10394.15	3.9e-39
Avit_KAL4003636.1	14	172	Hat1_N	PF10394.15	4.5e-39
Pnecar_XP_018225943.1	5	133	Hat1_N	PF10394.15	4.1e-39
Bant_IU25_08845-mRNA-1	4	148	Hat1_N	PF10394.15	4.3e-39
Caequi_CSP38.g6329.t1	14	172	Hat1_N	PF10394.15	8.8e-39
Pmay_GMR42009.1	21	178	Hat1_N	PF10394.15	7.1e-39
Cwai_CSP39.g27937.t1	16	171	Hat1_N	PF10394.15	8.8e-39
Cnig_PIC42523.1	14	169	Hat1_N	PF10394.15	7.2e-39
Cnig_PIC42522.1	16	171	Hat1_N	PF10394.15	7.3e-39
Conlus_PSR94585.1	9	173	Hat1_N	PF10394.15	2.7e-38
Cjad_XP_020071647.1	8	149	Hat1_N	PF10394.15	3.8e-38
Hetame_CAH8489641.1	14	175	Hat1_N	PF10394.15	2.9e-38
Cele_NP_499296.2	16	171	Hat1_N	PF10394.15	1.7e-38
Nbra_WKY00802.1	18	176	Hat1_N	PF10394.15	3.7e-38
Emul_CDI98387.1	9	171	Hat1_N	PF10394.15	2.3e-38
Cjap_CJA18411	19	174	Hat1_N	PF10394.15	3.9e-38
Smed_h1SMcT0012066.2	15	170	Hat1_N	PF10394.15	9.2e-38
Diplco_DCO_012253	24	180	Hat1_N	PF10394.15	2.1e-38
Diplco_DCO_012254	24	180	Hat1_N	PF10394.15	2.1e-38
Pgib_PARADVISI000007126.mRNA1	20	175	Hat1_N	PF10394.15	2.3e-38
Mpul_KAF2787750.1	9	174	Hat1_N	PF10394.15	4.5e-38
Ahed_KAF1987916.1	11	164	Hat1_N	PF10394.15	5.8e-38
Acey_EYC25894.1	15	173	Hat1_N	PF10394.15	3.1e-38
Acey_EYC25893.1	18	176	Hat1_N	PF10394.15	3.1e-38
Cwai_CSP39.g12316.t1	118	273	Hat1_N	PF10394.15	4.3e-38
Acey_EYC25895.1	28	186	Hat1_N	PF10394.15	3.3e-38
Asuu_AgR025_g110_t04	21	179	Hat1_N	PF10394.15	3.5e-38
Asuu_AgR025_g110_t03	43	201	Hat1_N	PF10394.15	3.9e-38
Dpac_PAV58320.1	24	180	Hat1_N	PF10394.15	4.9e-38
Alum_ALUE_0000641601-mRNA-1	21	179	Hat1_N	PF10394.15	4.9e-38
Clat_FL83_13477	6	141	Hat1_N	PF10394.15	1.2e-37
Tcan_KHN84524.1	23	179	Hat1_N	PF10394.15	6.6e-38
Lsig_VDK78027.1	14	172	Hat1_N	PF10394.15	6.7e-38
Hosm_OEJ85309.1	9	174	Hat1_N	PF10394.15	6.9e-38
Smon_L898_g30798.t1	36	193	Hat1_N	PF10394.15	1.5e-37
Pfun_PRP77261.1	19	174	Hat1_N	PF10394.15	1e-37
Priarc_PARCANUS000015142.t1	21	178	Hat1_N	PF10394.15	1.1e-37
Priarc_PARCANUS000015530.t1	21	178	Hat1_N	PF10394.15	1.1e-37
Giwa_EPrPW00000018915	33	193	Hat1_N	PF10394.15	3.2e-37
Plil_XP_065456199.1	10	115	Hat1_N	PF10394.15	1.6e-28
Plil_XP_065456199.1	113	146	Hat1_N	PF10394.15	8.6e-08
Mjap_MIJAPON000005801.t1	21	177	Hat1_N	PF10394.15	2.7e-37
Psip_KAF2715100.1	14	178	Hat1_N	PF10394.15	2.7e-37
Dpac_PAV65481.1	24	180	Hat1_N	PF10394.15	1.7e-37
Tano_XP_013246196.1	4	204	Hat1_N	PF10394.15	3.5e-36
Ddis_XP_643818.1	13	186	Hat1_N	PF10394.15	1.8e-37
Whed_TIA86775.1	1110	1290	Hat1_N	PF10394.15	6e-37
Halp_TFY74100.1	4	172	Hat1_N	PF10394.15	3.2e-37
Pexs_PREXSPEC000014379.mRNA1	21	178	Hat1_N	PF10394.15	2.8e-37
Ppac_KAF8359573.1	21	178	Hat1_N	PF10394.15	3.1e-37
Mamb_GAN11571.1	20	168	Hat1_N	PF10394.15	3.6e-37
Sappar_XP_012199199.1	17	166	Hat1_N	PF10394.15	5.3e-37
Cpan_CSP28.g10335.t1	16	171	Hat1_N	PF10394.15	3.3e-37
Phyvex_EPrPV00000021674	100	259	Hat1_N	PF10394.15	6.6e-37
Cper_Nk52_evm21s1810	18	192	Hat1_N	PF10394.15	4.6e-37
Name_XP_064045868.1	18	176	Hat1_N	PF10394.15	3.7e-37
Phyp_XP_033605930.1	7	166	Hat1_N	PF10394.15	1.1e-36
Agrpla_XP_025835388.1	14	174	Hat1_N	PF10394.15	8.2e-37
Hpla_VDO30832.1	15	173	Hat1_N	PF10394.15	3.1e-36
Cant_OQN97998.1	20	164	Hat1_N	PF10394.15	1e-36
Pavcri_ENSPSTP00000022114.1	24	160	Hat1_N	PF10394.15	1.2e-36
Name_XP_064045867.1	105	263	Hat1_N	PF10394.15	5.5e-37
Agrpla_XP_018326680.1	14	174	Hat1_N	PF10394.15	1.1e-36
Vina_RDI81638.1	5	156	Hat1_N	PF10394.15	1.1e-36
Cjoh_CAG9539361.1	14	172	Hat1_N	PF10394.15	6.3e-37
Arab_XP_038792454.1	6	166	Hat1_N	PF10394.15	3.5e-36
Pnod_XP_001803948.1	6	161	Hat1_N	PF10394.15	1.5e-36
Pspo_XP_018029789.1	8	174	Hat1_N	PF10394.15	1.8e-36
Pmac_PVI06335.1	9	176	Hat1_N	PF10394.15	1.7e-36
Ovol_OVOC8542	84	241	Hat1_N	PF10394.15	8.1e-37
Pent_GMS89068.1	21	178	Hat1_N	PF10394.15	9.2e-37
Tetthe_XP_001014671.1	84	236	Hat1_N	PF10394.15	1.1e-36
Eela_EEL_0000403401-mRNA-1	27	185	Hat1_N	PF10394.15	1.8e-36
Czan_CSP26.g4838.t1	16	171	Hat1_N	PF10394.15	1.3e-36
Hcon_XGW18878.1	18	176	Hat1_N	PF10394.15	8.8e-35
Caepar_CSP21.g13205.t1	14	172	Hat1_N	PF10394.15	1.7e-36
Jlib_JAKLI_07130.mRNA.1	54	215	Hat1_N	PF10394.15	3.2e-36
Rsp.CCFEE5018_OQO29676	20	164	Hat1_N	PF10394.15	4e-36
Caeang_CAI5446544.1	13	171	Hat1_N	PF10394.15	1.8e-36
Ctel_ELU00421.1	1	130	Hat1_N	PF10394.15	5.4e-36
Cjap_CJA32648	19	169	Hat1_N	PF10394.15	2.5e-36
Dexi_XP_033445906.1	6	166	Hat1_N	PF10394.15	1.4e-35
Sfim_KAF2751348.1	11	170	Hat1_N	PF10394.15	5.1e-36
Parr_EPrPR00000023223	23	179	Hat1_N	PF10394.15	7.6e-36
Mebu_KAF2634445.1	8	169	Hat1_N	PF10394.15	5.3e-36
Sgla_L893_g32244.t1	74	232	Hat1_N	PF10394.15	3.3e-36
Alig_KAF1997122.1	6	167	Hat1_N	PF10394.15	7.6e-36
Dgau_KAF1831471.1	10	166	Hat1_N	PF10394.15	7e-36
Caqu_ORY15185.1	11	184	Hat1_N	PF10394.15	2.4e-35
Aast_XP_009829719.1	17	164	Hat1_N	PF10394.15	5.7e-36
Ooli_XP_011119359.1	11	165	Hat1_N	PF10394.15	1.1e-35
Aast_XP_009829718.1	17	164	Hat1_N	PF10394.15	9.4e-36
Bcir_KAF1962035.1	9	174	Hat1_N	PF10394.15	8e-36
Dsym_XP_033520428.1	6	161	Hat1_N	PF10394.15	9.7e-36
Cute_CSP31.g14095.t1	17	173	Hat1_N	PF10394.15	5.8e-36
Lloa_XP_020302396.1	14	172	Hat1_N	PF10394.15	6.7e-36
Psp.SRC1lsM3a_OAK97155.1	6	161	Hat1_N	PF10394.15	1.8e-35
Dimm_MCP9259394.1	14	172	Hat1_N	PF10394.15	1.8e-35
Hmic_HmN_002231100	11	172	Hat1_N	PF10394.15	1.3e-35
Ssca_UXI17966.1	7	150	Hat1_N	PF10394.15	9.3e-36
Psoj_XP_009529889.1	29	187	Hat1_N	PF10394.15	1.4e-35
Afla_XP_067491266.1	11	168	Hat1_N	PF10394.15	5e-35
Rsp.CCFEE5018_OQO23818	20	163	Hat1_N	PF10394.15	1.9e-35
Rame_RECAM_15295.mRNA.2	36	204	Hat1_N	PF10394.15	1.9e-35
Rame_RECAM_15295.mRNA.1	39	207	Hat1_N	PF10394.15	1.9e-35
Bgla_XP_055901676.1	1	132	Hat1_N	PF10394.15	5.6e-35
Bnov_KAF1967751.1	5	170	Hat1_N	PF10394.15	2.7e-35
Dpte_XP_027205941.1	12	203	Hat1_N	PF10394.15	1.2e-35
Cant_OQO13747.1	20	164	Hat1_N	PF10394.15	2.5e-35
Aarb_XP_028505187.1	8	164	Hat1_N	PF10394.15	8.9e-35
Aalt_XP_018391604.1	8	164	Hat1_N	PF10394.15	9.2e-35
Asp.MG1_RII23945.1	8	164	Hat1_N	PF10394.15	9.2e-35
Csul_CSP32.g15909.t1	14	169	Hat1_N	PF10394.15	1.6e-35
Cfra_CFRG3096T1	13	175	Hat1_N	PF10394.15	1.7e-35
Ldec_XP_023029651.1	24	187	Hat1_N	PF10394.15	2e-35
Ldec_XP_023029652.1	24	187	Hat1_N	PF10394.15	2e-35
Ptra_KAF2852603.1	8	164	Hat1_N	PF10394.15	4.1e-35
Arub_XP_020050407.1	13	171	Hat1_N	PF10394.15	4.5e-35
Lnuc_KAF2107198.1	10	176	Hat1_N	PF10394.15	4.2e-35
Cpro_RKP01636.1	5	164	Hat1_N	PF10394.15	5.6e-35
Altten_RYO61351.1	8	164	Hat1_N	PF10394.15	1.5e-34
Bmal_XP_042932945.1	12	170	Hat1_N	PF10394.15	2.6e-35
Pyrtri_XP_001939604.2	8	163	Hat1_N	PF10394.15	6.5e-35
Pigvie_Pvie_g13581	6	151	Hat1_N	PF10394.15	3.4e-35
Ddes_KAI1727353.1	13	177	Hat1_N	PF10394.15	5.6e-35
Pnic_XP_008910423.1	29	193	Hat1_N	PF10394.15	5.9e-35
Cely_KAF1937034.1	8	165	Hat1_N	PF10394.15	8e-35
Girr_EPrPI00000019847	37	199	Hat1_N	PF10394.15	3.1e-35
Psp.DS3sAY3a_OAL48422.1	8	165	Hat1_N	PF10394.15	1.1e-34
Pmeg_OWZ21138.1	27	183	Hat1_N	PF10394.15	6.2e-35
Pter_EFQ91594.1	8	163	Hat1_N	PF10394.15	1e-34
Pyrter_CAA9963347.1	8	163	Hat1_N	PF10394.15	1e-34
Slyc_RAR01027.1	8	164	Hat1_N	PF10394.15	9.5e-35
Sdig_sdigi.contig1.g218.t1	29	186	Hat1_N	PF10394.15	1.3e-34
Clim_Clim_evm69s150	19	180	Hat1_N	PF10394.15	5.5e-35
Tcla_OQR91690.1	14	162	Hat1_N	PF10394.15	9.3e-35
Otip_Oti_2601_t	16	192	Hat1_N	PF10394.15	6.7e-35
Halb_XP_020428343.1	7	192	Hat1_N	PF10394.15	3.1e-34
Aqui_KAF1917307.1	6	161	Hat1_N	PF10394.15	1.3e-34
Odis_KAF2819371.1	6	161	Hat1_N	PF10394.15	1.5e-34
Ahyp_OQR83122.1	18	166	Hat1_N	PF10394.15	1.1e-34
Pcac_KAG2764717.1	32	193	Hat1_N	PF10394.15	1.9e-34
Anccan_RCN47765.1	12	149	Hat1_N	PF10394.15	1.9e-34
Tbis_KAF2400772.1	24	176	Hat1_N	PF10394.15	1.7e-34
Aalp_KFK27237.1	30	195	Hat1_N	PF10394.15	2.3e-34
Pinf_XP_002908811.1	28	183	Hat1_N	PF10394.15	2.2e-34
Tcas_ODV92373.1	4	142	Hat1_N	PF10394.15	2.8e-34
Bory_XP_007692253.1	8	163	Hat1_N	PF10394.15	4.6e-34
Agrpla_XP_018318956.1	16	176	Hat1_N	PF10394.15	6.7e-34
Phylat_fgenesh_scip_prom.28083.8094	25	189	Hat1_N	PF10394.15	3.6e-34
Etur_XP_008028981.1	8	164	Hat1_N	PF10394.15	5.1e-34
Anogla_XP_018566781.1	24	187	Hat1_N	PF10394.15	2.4e-34
Bpah_KAK6101762.1	45	203	Hat1_N	PF10394.15	2.6e-34
Worn_XP_033655273.1	8	168	Hat1_N	PF10394.15	5.9e-34
Spun_ENSSPUP00000014673.1	35	158	Hat1_N	PF10394.15	2e-33
Pfre_KAJ5534838.1	13	139	Hat1_N	PF10394.15	6.5e-34
Enig_OSS48362.1	6	166	Hat1_N	PF10394.15	1.1e-33
Psem_RMZ67872.1	3	157	Hat1_N	PF10394.15	1.2e-33
Sfel_L889_g4265.t1	25	184	Hat1_N	PF10394.15	7.8e-34
Paph_EPrPA00000020486	27	200	Hat1_N	PF10394.15	2e-33
Ampcit_ENSACIP00000001383.1	22	145	Hat1_N	PF10394.15	1.7e-33
Esal_XP_006401290.1	30	195	Hat1_N	PF10394.15	1.6e-33
Ahal_CAL9243867.1	30	195	Hat1_N	PF10394.15	1.8e-33
Bmay_ENI04577.1	8	163	Hat1_N	PF10394.15	1.4e-33
Bzei_XP_007715867.1	8	163	Hat1_N	PF10394.15	1.6e-33
Pker_KAF4322300.1	29	186	Hat1_N	PF10394.15	1.8e-33
Alyr_XP_020885454.1	30	195	Hat1_N	PF10394.15	3.1e-33
Bsor_XP_007700838.1	8	163	Hat1_N	PF10394.15	2.1e-33
Omer_OMERI09G05290.1	29	139	Hat1_N	PF10394.15	4.3e-25
Omer_OMERI09G05290.1	146	245	Hat1_N	PF10394.15	5.3e-07
Thecal_VDM97712.1	17	175	Hat1_N	PF10394.15	2.3e-33
Bnap_XP_013732723.2	30	195	Hat1_N	PF10394.15	2.8e-33
Dste_EWC47001.1	8	161	Hat1_N	PF10394.15	2.3e-33
Sypmur_SMUV_0000370901-mRNA-1	9	146	Hat1_N	PF10394.15	2.8e-33
Concor_KXN67456.1	21	196	Hat1_N	PF10394.15	1.5e-33
Ngru_XP_002679597.1	77	246	Hat1_N	PF10394.15	1.5e-33
Sjap_XP_002171947.2	7	153	Hat1_N	PF10394.15	2.6e-33
Ttra_XP_013761178.1	14	178	Hat1_N	PF10394.15	2.4e-33
Atha_NP_200485.1	30	195	Hat1_N	PF10394.15	5.5e-33
Mpol_BFI43204.1	35	219	Hat1_N	PF10394.15	7.5e-33
Dviv_KJH53111.1	18	176	Hat1_N	PF10394.15	3.9e-33
Bole_XP_013628293.1	30	195	Hat1_N	PF10394.15	9.6e-33
Bnap_XP_013682771.2	30	195	Hat1_N	PF10394.15	1.1e-32
Peff_UIZ22942.1	49	209	Hat1_N	PF10394.15	8.4e-33
Ppat_XP_024396490.1	9	185	Hat1_N	PF10394.15	1e-32
Ppat_XP_024396489.1	33	209	Hat1_N	PF10394.15	1.1e-32
Bnap_XP_013667005.2	30	195	Hat1_N	PF10394.15	2.4e-32
Brap_XP_009120185.1	30	195	Hat1_N	PF10394.15	2.4e-32
Pinc_TID30072.1	9	138	Hat1_N	PF10394.15	9.1e-33
Pgem_Unigene35792_Pirum_gemmata|m.22142	30	209	Hat1_N	PF10394.15	1e-32
Pgem_Unigene35793_Pirum_gemmata|m.22143	34	213	Hat1_N	PF10394.15	1.1e-32
Plae_KAI0978314.1	15	156	Hat1_N	PF10394.15	2e-32
Phal_XP_024576878.1	24	187	Hat1_N	PF10394.15	1.8e-32
Bmal_XP_042932946.1	9	144	Hat1_N	PF10394.15	1.8e-32
Hgui_SGZ38768.1	14	205	Hat1_N	PF10394.15	3.8e-30
Angcan_KAE9420185.1	18	176	Hat1_N	PF10394.15	2e-32
Edis_XP_001739977.1	19	176	Hat1_N	PF10394.15	4.1e-32
Srhi_XP_016414599.1	14	88	Hat1_N	PF10394.15	8e-23
Srhi_XP_016414599.1	107	136	Hat1_N	PF10394.15	5.1e-08
Csat_XP_010451430.1	30	195	Hat1_N	PF10394.15	4.5e-32
Ddip_jg8834	12	177	Hat1_N	PF10394.15	2.2e-32
Csp.CBS134916_RMZ92033.1	1623	1747	Hat1_N	PF10394.15	5.4e-32
Cscu_XP_023212771.1	175	302	Hat1_N	PF10394.15	3.9e-32
Brap_XP_009132185.1	30	195	Hat1_N	PF10394.15	6.1e-32
Csat_XP_010483153.1	30	195	Hat1_N	PF10394.15	7e-32
Ehis_XP_653967.1	32	189	Hat1_N	PF10394.15	7.2e-32
Pram_XP_067743835.1	29	193	Hat1_N	PF10394.15	7.1e-32
Sdic_XP_008610728.1	17	166	Hat1_N	PF10394.15	8.6e-32
Goke_MALSP_18316.mRNA.1	14	167	Hat1_N	PF10394.15	1.2e-31
Ddis_XP_643973.1	66	206	Hat1_N	PF10394.15	1.3e-31
Dpon_XP_019767976.2	22	184	Hat1_N	PF10394.15	3.2e-31
Suglig_XP_018738321.1	6	197	Hat1_N	PF10394.15	1.1e-29
Tlac_KYQ90488.1	10	184	Hat1_N	PF10394.15	2.7e-31
Csp.CBS132003_RMZ74942.1	21	139	Hat1_N	PF10394.15	1e-30
Dvir_XP_028136374.1	24	185	Hat1_N	PF10394.15	7.7e-31
Cx_XP_006451383.1	30	199	Hat1_N	PF10394.15	8.1e-31
Tripse_KAL1285573.1	17	172	Hat1_N	PF10394.15	1.3e-30
Ever_VDD86461.1	18	183	Hat1_N	PF10394.15	5.5e-31
Esil_CBJ48377.1	45	205	Hat1_N	PF10394.15	1.1e-30
Echgra_XP_024354463.1	1724	1876	Hat1_N	PF10394.15	1.8e-30
Tpap_KRZ78152.1	17	172	Hat1_N	PF10394.15	1.5e-30
Cave_XP_059432963.1	25	194	Hat1_N	PF10394.15	9.6e-31
Grai_XP_012449960.1	32	200	Hat1_N	PF10394.15	1.6e-30
Tnel_KRX28213.1	18	172	Hat1_N	PF10394.15	3.1e-30
Ainv_XP_008873402.1	37	184	Hat1_N	PF10394.15	1.6e-30
Slem_CDW89701.1	33	188	Hat1_N	PF10394.15	3.6e-30
Tnel_KRX28214.1	18	172	Hat1_N	PF10394.15	3.3e-30
Angcos_VDM59258.1	9	146	Hat1_N	PF10394.15	1.7e-30
Lelo_XP_060975238.1	19	57	Hat1_N	PF10394.15	2.8e-10
Lelo_XP_060975238.1	64	149	Hat1_N	PF10394.15	6.6e-19
Tzim_KRZ13695.1	17	172	Hat1_N	PF10394.15	2.8e-30
Tzim_KRZ13696.1	17	172	Hat1_N	PF10394.15	2.7e-30
Otau_XP_022838570.1	77	241	Hat1_N	PF10394.15	2.8e-30
Cave_XP_059433251.1	30	199	Hat1_N	PF10394.15	2.9e-30
Tmur_KRX50290.1	18	172	Hat1_N	PF10394.15	6.3e-30
Tsp.T8_KRZ92990.1	18	172	Hat1_N	PF10394.15	6.3e-30
Tsp.T9_KRX63933.1	18	172	Hat1_N	PF10394.15	6.4e-30
Tbri_KRY57236.1	18	172	Hat1_N	PF10394.15	6.4e-30
Nsp.Chile5_RLN21651.1	64	216	Hat1_N	PF10394.15	3.8e-30
Tpat_KRY19121.1	18	172	Hat1_N	PF10394.15	6.4e-30
Smoe_XP_024520539.1	25	184	Hat1_N	PF10394.15	5e-30
Smoe_XP_024521235.1	25	184	Hat1_N	PF10394.15	5e-30
Smoe_XP_024520538.1	25	184	Hat1_N	PF10394.15	5.4e-30
Smoe_XP_002991678.2	25	184	Hat1_N	PF10394.15	5.4e-30
Tspi_XP_003378639.1	35	189	Hat1_N	PF10394.15	6.1e-30
Cbra_GBG87303.1	90	251	Hat1_N	PF10394.15	4.6e-29
Mvib_Mvib_g7372	18	208	Hat1_N	PF10394.15	8.8e-30
Omer_OMERI09G05290.3	29	185	Hat1_N	PF10394.15	2.9e-30
Obra_XP_015696551.1	31	186	Hat1_N	PF10394.15	6.4e-30
Lper_XP_051186910.1	31	187	Hat1_N	PF10394.15	6e-30
Minc_Minc3s00175g06773	17	183	Hat1_N	PF10394.15	3.8e-30
Cpla_KKF95588.1	9	169	Hat1_N	PF10394.15	6.8e-30
Rcul_nRc.2.0.1.t39413-RA	9	167	Hat1_N	PF10394.15	3.8e-30
Poptri_XP_002319203.4	30	198	Hat1_N	PF10394.15	1.5e-29
Psom_XP_026449212.1	29	190	Hat1_N	PF10394.15	9.3e-30
Obra_XP_006661144.1	31	187	Hat1_N	PF10394.15	8.5e-30
Vvin_XP_002282931.1	29	195	Hat1_N	PF10394.15	7.8e-30
Ecur_TVU09245.1	31	187	Hat1_N	PF10394.15	9.8e-30
Tsp.T6_KRX82831.1	19	172	Hat1_N	PF10394.15	2e-29
Omer_OMERI09G05340.1	10	166	Hat1_N	PF10394.15	8e-30
Omer_OMERI09G05340.2	10	166	Hat1_N	PF10394.15	8e-30
Ttur_VAI17572.1	30	186	Hat1_N	PF10394.15	6.5e-30
Ecur_TVU09275.1	89	245	Hat1_N	PF10394.15	1.2e-29
Omer_OMERI09G05290.2	29	185	Hat1_N	PF10394.15	7.6e-30
Omer_OMERI09G05290.6	29	185	Hat1_N	PF10394.15	7.6e-30
Bvul_XP_010684799.2	30	194	Hat1_N	PF10394.15	1.2e-29
Psom_XP_026447402.1	29	190	Hat1_N	PF10394.15	1.5e-29
Asat_cds.AVESA.00001b.r3.5Cg0001864.1	31	187	Hat1_N	PF10394.15	1.5e-29
Amac_KNE65907.1	55	194	Hat1_N	PF10394.15	1.2e-29
Mesc_XP_021596118.1	30	199	Hat1_N	PF10394.15	1.4e-29
Asat_cds.AVESA.00001b.r3.5Ag0002264.1	31	187	Hat1_N	PF10394.15	1.8e-29
Osat_NP_001409662.1	29	185	Hat1_N	PF10394.15	2.1e-29
Ldel_RWS00117.1	11	105	Hat1_N	PF10394.15	1.2e-29
Ncol_XP_031475275.1	27	179	Hat1_N	PF10394.15	3.5e-29
Trimur_TMUE_1000004998	28	184	Hat1_N	PF10394.15	2.4e-29
Ccan_XP_020023266.1	25	171	Hat1_N	PF10394.15	2.8e-28
Tnat_KRZ62883.1	19	172	Hat1_N	PF10394.15	4.7e-29
Opun_OPUNC09G05870.1	34	190	Hat1_N	PF10394.15	3e-29
Asat_cds.AVESA.00001b.r3.5Dg0001818.1	31	187	Hat1_N	PF10394.15	3.6e-29
Mare_M.Arenaria_Scaff7040g061581	17	183	Hat1_N	PF10394.15	2e-29
Srat_XP_024504042.1	52	208	Hat1_N	PF10394.15	1.8e-29
Ttur_VAI31774.1	30	186	Hat1_N	PF10394.15	2.3e-29
Zmay_NP_001105187.1	32	188	Hat1_N	PF10394.15	4.8e-29
Zmay_XP_008651846.1	32	188	Hat1_N	PF10394.15	4.8e-29
Etef_Et_s1770-1.34-1.mrna1	68	224	Hat1_N	PF10394.15	3.9e-29
Mjav_M.Javanica_Scaff18292g078462	17	183	Hat1_N	PF10394.15	2.5e-29
Sita_XP_004956639.1	31	187	Hat1_N	PF10394.15	4.5e-29
Svir_XP_034582067.1	31	187	Hat1_N	PF10394.15	4.5e-29
Sita_XP_022679556.1	31	187	Hat1_N	PF10394.15	4.6e-29
Aoff_XP_020264922.1	29	197	Hat1_N	PF10394.15	6e-29
Etef_Et_s6383-1.41-1.mrna1	83	239	Hat1_N	PF10394.15	4.8e-29
Mmic_KAF2674111.1	11	179	Hat1_N	PF10394.15	7.6e-29
Caeaur_CAD6196630.1	19	176	Hat1_N	PF10394.15	2.9e-29
Panhal_XP_025799525.1	29	185	Hat1_N	PF10394.15	5.7e-29
Svir_XP_034582066.1	86	242	Hat1_N	PF10394.15	5.6e-29
Acas_XP_004354037.1	27	198	Hat1_N	PF10394.15	5.1e-29
Sbic_XP_002460092.1	30	186	Hat1_N	PF10394.15	7.3e-29
Sven_SVE_0641100.1	53	209	Hat1_N	PF10394.15	3.4e-29
Gloros_Gr22_v10_g13721.t1	18	183	Hat1_N	PF10394.15	3.8e-29
Taes_XP_044381091.1	30	186	Hat1_N	PF10394.15	7.1e-29
Tspe_TraesTSP5A01G198300.1	30	186	Hat1_N	PF10394.15	7.1e-29
Ttur_VAI17573.1	30	186	Hat1_N	PF10394.15	7.1e-29
Tdic_XP_037434198.1	30	186	Hat1_N	PF10394.15	7.1e-29
Fcar_GMN50697.1	30	199	Hat1_N	PF10394.15	7.7e-29
Tura_XP_048530022.1	30	186	Hat1_N	PF10394.15	7.6e-29
Seccer_SECCE5Rv1G0324390.1	30	186	Hat1_N	PF10394.15	8.3e-29
Pper_KRX06989.1	43	200	Hat1_N	PF10394.15	5e-28
Rchi_XP_024186323.1	30	186	Hat1_N	PF10394.15	1.1e-28
Sspo_Sspon.02G0016190-3D-mRNA-1:cds	33	189	Hat1_N	PF10394.15	1.1e-28
Gpal_Gpal_D383_g03618.t1	19	184	Hat1_N	PF10394.15	6.8e-29
Onttau_XP_022914409.1	7	167	Hat1_N	PF10394.15	1.5e-28
Ogla_XP_052167267.1	29	185	Hat1_N	PF10394.15	1.6e-28
Pinv_KIJ17147.1	29	141	Hat1_N	PF10394.15	1.2e-28
Mhap_MhA1_Contig291.frz3.gene6	15	181	Hat1_N	PF10394.15	8.6e-29
Pmem_XP_019015220.1	5	167	Hat1_N	PF10394.15	2.2e-28
Pisver_XP_031258046.1	30	195	Hat1_N	PF10394.15	1.7e-28
Spap_SPAL_0001211400.1	53	209	Hat1_N	PF10394.15	9.9e-29
Wsor_XP_024664556.1	5	138	Hat1_N	PF10394.15	2.4e-28
Amac_KNE62414.1	61	194	Hat1_N	PF10394.15	1.6e-28
Odeg_XP_012370931.2	25	64	Hat1_N	PF10394.15	5.4e-07
Odeg_XP_012370931.2	123	206	Hat1_N	PF10394.15	1e-19
Corcap_OMO67340.1	31	200	Hat1_N	PF10394.15	2.1e-28
Tdic_XP_037440963.1	30	186	Hat1_N	PF10394.15	2.1e-28
Taes_XP_044397183.1	30	186	Hat1_N	PF10394.15	2.4e-28
Taes_XP_044388547.1	30	186	Hat1_N	PF10394.15	2.5e-28
Tspe_TraesTSP5B01G202600.1	30	186	Hat1_N	PF10394.15	2.5e-28
Ttur_VAI31775.1	30	186	Hat1_N	PF10394.15	2.5e-28
Bdis_XP_003578012.1	31	187	Hat1_N	PF10394.15	3.2e-28
Atau_XP_020156291.2	31	187	Hat1_N	PF10394.15	2.8e-28
Ecru_scaffold197.72.cds	30	186	Hat1_N	PF10394.15	3.2e-28
Minc_Minc3s00953g19240	16	183	Hat1_N	PF10394.15	1.9e-28
Ptet_XP_001442274.1	36	182	Hat1_N	PF10394.15	1.1e-26
Acom_XP_020099086.1	29	197	Hat1_N	PF10394.15	4.6e-28
Atha_NP_001331990.1	5	160	Hat1_N	PF10394.15	7.5e-28
Mare_M.Arenaria_Scaff370g008659	17	183	Hat1_N	PF10394.15	2.2e-28
Mare_M.Arenaria_Scaff4992g051402	17	183	Hat1_N	PF10394.15	2.2e-28
Phymac_XP_054944503.1	25	98	Hat1_N	PF10394.15	1.1e-21
Qsub_XP_023898930.2	30	199	Hat1_N	PF10394.15	4.4e-28
Hpol_VDO34665.1	21	160	Hat1_N	PF10394.15	4.8e-28
Spom_NP_593173.2	7	149	Hat1_N	PF10394.15	3.3e-28
Tcac_XP_007012920.2	31	200	Hat1_N	PF10394.15	5.5e-28
Tspe_TraesTSP5D01G210100.1	30	186	Hat1_N	PF10394.15	5.7e-28
Bxyl_CAG9084010.1	14	175	Hat1_N	PF10394.15	3.5e-28
Achi_PSS15533.1	31	199	Hat1_N	PF10394.15	1.5e-27
Chequi_XP_021763348.1	30	194	Hat1_N	PF10394.15	7e-28
Ecru_scaffold141.136.cds	31	187	Hat1_N	PF10394.15	7.1e-28
Rpro_RPRC011387-PA	9	129	Hat1_N	PF10394.15	7.6e-28
Lang_XP_019439432.1	31	202	Hat1_N	PF10394.15	8.7e-28
Hann_XP_021996595.1	30	188	Hat1_N	PF10394.15	3.3e-27
Boki_CAG9081669.1	17	177	Hat1_N	PF10394.15	6.1e-28
Sesind_XP_011077945.1	29	195	Hat1_N	PF10394.15	2.3e-27
Coka_Cok_S_s147_12419.t1	23	156	Hat1_N	PF10394.15	1.1e-27
Scry_XP_013024307.1	7	149	Hat1_N	PF10394.15	1.4e-27
Sesind_XP_011077944.1	29	195	Hat1_N	PF10394.15	2.6e-27
Ptet_XP_001446970.1	35	182	Hat1_N	PF10394.15	1.2e-27
Gmax_XP_003519360.1	30	199	Hat1_N	PF10394.15	1e-27
Jreg_XP_018846286.1	30	199	Hat1_N	PF10394.15	1.4e-27
Jreg_XP_018846279.1	31	200	Hat1_N	PF10394.15	1.4e-27
Sollyc_XP_004233253.1	30	192	Hat1_N	PF10394.15	3.1e-27
Scar_TKR77563.1	23	182	Hat1_N	PF10394.15	1.8e-27
Scar_TKR77564.1	27	186	Hat1_N	PF10394.15	1.8e-27
Horvul_XP_044945874.1	30	186	Hat1_N	PF10394.15	2.2e-27
Horvul_XP_044945873.1	31	187	Hat1_N	PF10394.15	2.2e-27
Ecru_scaffold98.334.cds	30	186	Hat1_N	PF10394.15	2.6e-27
Achi_PSS01952.1	46	214	Hat1_N	PF10394.15	3e-27
Plamic_ANCSI_10685.mRNA.1	34	190	Hat1_N	PF10394.15	2.5e-27
Ccaj_XP_020238578.1	30	198	Hat1_N	PF10394.15	3.9e-27
Chequi_XP_021722152.1	30	194	Hat1_N	PF10394.15	4e-27
Stub_XP_006367962.1	30	197	Hat1_N	PF10394.15	5.2e-27
Slem_CDW88153.1	35	191	Hat1_N	PF10394.15	7.8e-27
Mare_M.Arenaria_Scaff440g009868	17	183	Hat1_N	PF10394.15	2.5e-27
Strste_SSTP_0000573200.1	51	207	Hat1_N	PF10394.15	2.9e-27
Partri_PTRK_0000389800.1	50	206	Hat1_N	PF10394.15	3e-27
Abes_KAI6208326.1	17	175	Hat1_N	PF10394.15	1.9e-26
Gmax_XP_003544183.1	30	199	Hat1_N	PF10394.15	6e-27
Macu_XP_064938170.1	29	197	Hat1_N	PF10394.15	6.6e-27
Macu_XP_064980663.1	29	197	Hat1_N	PF10394.15	6.6e-27
Hsch_KAL3085104.1	19	182	Hat1_N	PF10394.15	7.3e-27
Natt_XP_019235533.1	31	198	Hat1_N	PF10394.15	1.2e-26
Natt_XP_019235534.1	31	198	Hat1_N	PF10394.15	1.2e-26
Macu_XP_009416466.2	29	197	Hat1_N	PF10394.15	7.9e-27
Ttri_CDW55788.1	45	195	Hat1_N	PF10394.15	8e-27
Qlob_XP_030953174.1	30	199	Hat1_N	PF10394.15	8.5e-27
Mtru_XP_003616476.1	32	193	Hat1_N	PF10394.15	8.4e-27
Stesca_L892_g7824.t1	25	183	Hat1_N	PF10394.15	8.9e-27
Hmep_MSTRG.6049.1.p1	12	182	Hat1_N	PF10394.15	5.5e-27
Dcay_XP_039118986.1	29	196	Hat1_N	PF10394.15	1.5e-26
Phavul_XP_068486280.1	30	199	Hat1_N	PF10394.15	1.8e-26
Oniv_ONIVA09G05950.2	29	167	Hat1_N	PF10394.15	1.9e-26
Oruf_ORUFI09G07370.1	29	167	Hat1_N	PF10394.15	1.9e-26
Leeper_LPERR09G04640.1	32	202	Hat1_N	PF10394.15	1.8e-26
Plac_XP_040726744.1	8	177	Hat1_N	PF10394.15	2.2e-26
Hmep_HMEPH_03450-RA.p1	12	182	Hat1_N	PF10394.15	1.1e-26
Aequ_EGACTEQ4350019486-PA	16	130	Hat1_N	PF10394.15	2e-26
Osp.lucimarinus_ABO95315.1	69	230	Hat1_N	PF10394.15	2.4e-26
Psat_XP_050904379.1	33	194	Hat1_N	PF10394.15	3e-26
Tsui_KHJ45503.1	12	146	Hat1_N	PF10394.15	2.7e-26
Psat_XP_050904378.1	35	196	Hat1_N	PF10394.15	3e-26
Soct_XP_013016096.1	7	149	Hat1_N	PF10394.15	3.7e-26
Csat_XP_019087042.1	5	160	Hat1_N	PF10394.15	3.4e-26
Huva_GMM41426.1	13	213	Hat1_N	PF10394.15	1.3e-24
Pans_XP_001908368.1	1	99	Hat1_N	PF10394.15	3.7e-26
Cave_XP_059432964.1	8	167	Hat1_N	PF10394.15	3.2e-26
Vrad_XP_014502729.1	29	198	Hat1_N	PF10394.15	4.7e-26
Cyncar_XP_024961066.1	31	196	Hat1_N	PF10394.15	6.4e-26
Cucmel_XP_008459220.1	30	201	Hat1_N	PF10394.15	4.4e-26
Rsp.KR3021_RSKR_0000057100.1	50	209	Hat1_N	PF10394.15	3.4e-26
Digexi_KAF8648095.1	3	151	Hat1_N	PF10394.15	6.8e-26
Oeur_XP_022888689.1	32	196	Hat1_N	PF10394.15	9.4e-26
Olon_KN541835.1_FGP001	62	207	Hat1_N	PF10394.15	8.6e-26
Vang_XP_017428272.2	30	199	Hat1_N	PF10394.15	8.4e-26
Atri_XP_011626770.1	28	200	Hat1_N	PF10394.15	1.1e-25
Cucsat_XP_004141044.1	30	201	Hat1_N	PF10394.15	9.2e-26
Vung_XP_027938559.1	33	202	Hat1_N	PF10394.15	1.4e-25
Atri_XP_020528794.1	28	200	Hat1_N	PF10394.15	1.8e-25
Lsat_XP_023744369.1	30	196	Hat1_N	PF10394.15	1.5e-25
Atri_XP_020528793.1	28	201	Hat1_N	PF10394.15	2e-25
Panhal_XP_025801533.1	9	153	Hat1_N	PF10394.15	2e-25
Panhal_XP_025801535.1	9	153	Hat1_N	PF10394.15	2e-25
Cann_XP_016537754.1	30	197	Hat1_N	PF10394.15	5.1e-25
HalNKZ332_KAE9552618.1	12	172	Hat1_N	PF10394.15	1.9e-25
Citlan_Cla97C11G208270.1	30	201	Hat1_N	PF10394.15	2.4e-25
Tigcal_XP_059078520.1	16	182	Hat1_N	PF10394.15	2.6e-25
Sbru_KAA8895339.1	8	136	Hat1_N	PF10394.15	5.9e-25
Fexc_FRAEX38873_v2_000333270.1.cds	32	196	Hat1_N	PF10394.15	4.4e-25
Jbah_JAKBA_06969.mRNA.1	21	187	Hat1_N	PF10394.15	4.1e-25
Ment_CAK5007632.1	17	177	Hat1_N	PF10394.15	2.2e-25
Ccit_KAF8036394.1	30	198	Hat1_N	PF10394.15	5e-25
Gsub_EMD39536.1	36	139	Hat1_N	PF10394.15	3.7e-25
Tpra_XP_045786939.1	32	193	Hat1_N	PF10394.15	7e-25
Digexi_KAF8743885.1	4	151	Hat1_N	PF10394.15	8.9e-25
Oniv_ONIVA09G05950.1	29	142	Hat1_N	PF10394.15	1.1e-24
Pcoq_XP_012506139.1	2	109	Hat1_N	PF10394.15	4.8e-24
Mjav_M.Javanica_Scaff16245g074150	17	141	Hat1_N	PF10394.15	1.1e-24
Pavi_XP_021807132.1	31	195	Hat1_N	PF10394.15	2e-24
Pruper_XP_020423543.1	61	225	Hat1_N	PF10394.15	2e-24
Pisver_XP_031258048.1	23	178	Hat1_N	PF10394.15	2.5e-24
Lang_XP_019419159.1	34	202	Hat1_N	PF10394.15	3.4e-24
Gpro_KXS21195.1	11	241	Hat1_N	PF10394.15	8.2e-24
Minc_Minc3s06974g40570	16	139	Hat1_N	PF10394.15	1.6e-24
Eucgra_XP_010049570.2	30	199	Hat1_N	PF10394.15	2.7e-24
Pdul_XP_034223377.1	31	195	Hat1_N	PF10394.15	3e-24
Psp.ES5_ES5_v2.g21329.t1	12	172	Hat1_N	PF10394.15	1.8e-24
Pdul_XP_034223376.1	31	195	Hat1_N	PF10394.15	3.8e-24
Cofcan_CDP03207.1	24	178	Hat1_N	PF10394.15	7.1e-24
Cfas_XP_004357747.1	65	236	Hat1_N	PF10394.15	5.3e-24
Imul_XP_004029939.1	2	134	Hat1_N	PF10394.15	4.3e-24
Mjav_M.Javanica_Scaff15907g073412	2	144	Hat1_N	PF10394.15	5.3e-24
Gmax_XP_040864782.1	30	81	Hat1_N	PF10394.15	2e-10
Gmax_XP_040864782.1	108	231	Hat1_N	PF10394.15	2.6e-11
Dcar_XP_017240221.1	31	197	Hat1_N	PF10394.15	2.4e-23
Pred_Pan_g1448.t1	14	175	Hat1_N	PF10394.15	4.4e-23
Psp.PS1159_PS1159_v2.g8607.t1	12	172	Hat1_N	PF10394.15	1.6e-23
Mjav_M.Javanica_Scaff639g008430	17	169	Hat1_N	PF10394.15	2.4e-23
Dnox_XP_015376755.1	4	41	Hat1_N	PF10394.15	1.5e-07
Dnox_XP_015376755.1	44	124	Hat1_N	PF10394.15	8.5e-15
Tcal_KIO17920.1	2	119	Hat1_N	PF10394.15	5.3e-23
Vpac_XP_031534209.1	2	102	Hat1_N	PF10394.15	3e-22
Cdro_XP_031307511.1	2	102	Hat1_N	PF10394.15	3e-22
Itri_XP_040150409.1	2	102	Hat1_N	PF10394.15	3.3e-22
Pvam_XP_039711977.1	2	102	Hat1_N	PF10394.15	3.3e-22
Sbol_XP_010350430.1	2	102	Hat1_N	PF10394.15	3.3e-22
Kfed_Kaladp0085s0127.1.v1.1	30	197	Hat1_N	PF10394.15	4.9e-22
Rvar_GAU96189.1	159	283	Hat1_N	PF10394.15	3.3e-16
Pcap_ENSPCAP00000008188.1	25	98	Hat1_N	PF10394.15	1.2e-21
Tgon_XP_018638626.1	35	242	Hat1_N	PF10394.15	6e-21
Vbra_CEM11299.1	22	186	Hat1_N	PF10394.15	1.5e-21
Bnat_JGI_V11_131015	124	290	Hat1_N	PF10394.15	1.3e-21
Vbra_CEM33348.1	95	236	Hat1_N	PF10394.15	1.8e-21
Cmer_XP_005538760.1	48	208	Hat1_N	PF10394.15	3e-21
Ment_CAK5010392.1	16	140	Hat1_N	PF10394.15	4.1e-21
Psp.JU765_JU765_v2.g2409.t1	13	172	Hat1_N	PF10394.15	4.7e-21
Plabra_CEP02752.1	3	163	Hat1_N	PF10394.15	1.2e-20
Dclu_XP_028848159.1	14	101	Hat1_N	PF10394.15	4.7e-20
Mesc_XP_043808115.1	30	113	Hat1_N	PF10394.15	5e-19
Edia_XP_020910952.1	8	114	Hat1_N	PF10394.15	1.1e-18
Hham_KEP64506.1	36	160	Hat1_N	PF10394.15	1.6e-16
Gsul_XP_005705944.1	8	161	Hat1_N	PF10394.15	1.2e-19
Falb_XP_009493140.1	245	382	Hat1_N	PF10394.15	7e-20
Falb_XP_009493141.1	245	382	Hat1_N	PF10394.15	7e-20
Hduj_OQV21488.1	173	300	Hat1_N	PF10394.15	5.2e-17
Hexe_OQV21488.1	173	300	Hat1_N	PF10394.15	5.2e-17
Adig_XP_015750967.1	14	96	Hat1_N	PF10394.15	6.4e-20
Ipotri_XP_031108212.1	34	184	Hat1_N	PF10394.15	2.3e-18
Adig_XP_015750960.1	15	96	Hat1_N	PF10394.15	2.9e-19
Oglu_OGLUM09G07370.3	8	81	Hat1_N	PF10394.15	1.1e-18
Pisver_XP_031258047.1	41	169	Hat1_N	PF10394.15	7.3e-19
Ofav_XP_020620962.1	15	96	Hat1_N	PF10394.15	2.4e-18
Gthe_XP_005837281.1	46	218	Hat1_N	PF10394.15	3.9e-18
Crei_XP_042926244.1	107	307	Hat1_N	PF10394.15	1.8e-18
Ofav_XP_020620963.1	15	96	Hat1_N	PF10394.15	4.1e-18
Edia_XP_028513786.1	17	70	Hat1_N	PF10394.15	2.8e-18
Pcar_XP_007396292.1	1	76	Hat1_N	PF10394.15	3.6e-17
Acom_XP_020099087.1	29	76	Hat1_N	PF10394.15	5.3e-10
Razy_RCH89905.1	20	76	Hat1_N	PF10394.15	9.1e-17
Puni_PgR069_g007_t05	1	103	Hat1_N	PF10394.15	1.4e-16
Mesc_XP_043808114.1	30	77	Hat1_N	PF10394.15	8.4e-09
Mesc_XP_043808114.1	80	176	Hat1_N	PF10394.15	5.2e-06
Vbra_CEL92990.1	12	180	Hat1_N	PF10394.15	5.6e-16
Ment_CAK5128814.1	16	86	Hat1_N	PF10394.15	3.4e-16
Lloa_XP_020305687.1	1	103	Hat1_N	PF10394.15	2.1e-15
Gthe_XP_005841716.1	52	219	Hat1_N	PF10394.15	5.4e-15
Eaff_XP_023321989.1	5	72	Hat1_N	PF10394.15	5.3e-15
Pfra_XP_012334240.1	57	208	Hat1_N	PF10394.15	9.3e-12
Vbra_CEL93542.1	259	409	Hat1_N	PF10394.15	7.1e-14
Rglo_ORY53029.1	30	105	Hat1_N	PF10394.15	4.7e-14
Pcoa_XP_019913493.1	57	207	Hat1_N	PF10394.15	4.2e-11
Ppur_KAA8497880.1	52	206	Hat1_N	PF10394.15	1.1e-13
Gcho_PXF42570.1	30	195	Hat1_N	PF10394.15	1.2e-13
Ldel_RWS18177.1	3	77	Hat1_N	PF10394.15	1e-13
Dmed_VDN50502.1	36	117	Hat1_N	PF10394.15	8.2e-14
Prei_XP_012761449.2	60	198	Hat1_N	PF10394.15	8e-11
Pinu_XP_008816340.1	57	163	Hat1_N	PF10394.15	1.8e-10
Cvel_Cvel_12314.t1-p1	605	780	Hat1_N	PF10394.15	3.9e-13
Nsp.Chile5_RLN89524.1	64	123	Hat1_N	PF10394.15	2.5e-13
Pgon_XP_028542377.1	58	169	Hat1_N	PF10394.15	3e-10
Acrnan_ACRNAN_Path_1225.g4776.t1	4	119	Hat1_N	PF10394.15	1.3e-12
Pfal_XP_002808655.1	60	199	Hat1_N	PF10394.15	6.2e-11
Mjak_MALJA_20377.mRNA.1	1	98	Hat1_N	PF10394.15	3.6e-12
Sarc_XP_014146982.1	11	64	Hat1_N	PF10394.15	3e-12
Vcar_XP_002952572.1	108	151	Hat1_N	PF10394.15	8.2e-10
Aequ_EGACTEQ4350045390-PA	1	43	Hat1_N	PF10394.15	1.1e-11
Pyoe_XP_022811833.1	55	206	Hat1_N	PF10394.15	1.4e-10
Gmag_TQS32086.1	2	60	Hat1_N	PF10394.15	1.7e-11
Pgal_XP_028526017.1	57	208	Hat1_N	PF10394.15	9.7e-12
Phatri_XP_002179382.1	185	260	Hat1_N	PF10394.15	3.6e-06
Pvin_XP_008626090.2	55	206	Hat1_N	PF10394.15	1.3e-11
Ddes_KAI1699036.1	17	192	Hat1_N	PF10394.15	4.5e-10
Pkir_PHAKIR_14568.mRNA.1	1	43	Hat1_N	PF10394.15	5.4e-10
Pcha_XP_016653670.1	55	206	Hat1_N	PF10394.15	2e-11
Pmal_XP_028860486.1	57	173	Hat1_N	PF10394.15	4.3e-09
Pber_XP_034420929.1	55	206	Hat1_N	PF10394.15	2.3e-11
Bmes_THH06409.1	4	54	Hat1_N	PF10394.15	3.7e-11
Prel_XP_028531968.1	58	204	Hat1_N	PF10394.15	4.8e-11
Mesc_XP_043808116.1	30	77	Hat1_N	PF10394.15	7.2e-09
Pkno_XP_002258220.2	57	174	Hat1_N	PF10394.15	6e-11
Pgab_XP_018643376.1	60	209	Hat1_N	PF10394.15	7e-11
Alai_CCA17863	25	91	Hat1_N	PF10394.15	1.1e-10
Csat_XP_010497390.1	30	83	Hat1_N	PF10394.15	2.1e-10
Vang_XP_052724350.1	46	168	Hat1_N	PF10394.15	6e-10
Mjak_MALJA_08449.mRNA.1	3	97	Hat1_N	PF10394.15	6.2e-10
Vbra_CEL93524.1	52	165	Hat1_N	PF10394.15	2.1e-09
Smed_h1SMcT0012066.1	15	83	Hat1_N	PF10394.15	5.1e-08
Shae_XP_051073649.1	4	86	Hat1_N	PF10394.15	1.6e-09
Alai_CCA17862	3	71	Hat1_N	PF10394.15	4.6e-09
Hetame_CAH8489651.1	4	86	Hat1_N	PF10394.15	5.1e-09
Ehux_XP_005792075.1	32	178	Hat1_N	PF10394.15	2.9e-08
Rhimic_XP_037291322.1	24	53	Hat1_N	PF10394.15	8.3e-07
Csat_XP_010483152.2	2	88	Hat1_N	PF10394.15	1.3e-07
Salsal_XP_045560433.1	11	49	Hat1_N	PF10394.15	3.6e-07
Iper_KAG0412205.1	18	62	Hat1_N	PF10394.15	1.6e-06
Hfer_GBG33752.1	125	282	Hat1_N	PF10394.15	8.5e-07
Pinv_KIJ05122.1	2	24	Hat1_N	PF10394.15	6.5e-06
