Ptro_XP_009446363.3	1190	1805	Tet_JBP	PF12851.13	3.2e-64
Pabe_XP_063579630.1	1190	1805	Tet_JBP	PF12851.13	3.1e-64
Pabe_XP_002815071.3	1290	1905	Tet_JBP	PF12851.13	3.5e-64
Pabe_XP_054410205.1	1290	1905	Tet_JBP	PF12851.13	3.5e-64
Ggor_XP_004040272.5	1290	1905	Tet_JBP	PF12851.13	3.5e-64
Ggor_XP_055240643.2	1290	1905	Tet_JBP	PF12851.13	3.5e-64
Ppan_XP_003830015.2	1290	1905	Tet_JBP	PF12851.13	3.5e-64
Ppan_XP_034814857.2	1290	1905	Tet_JBP	PF12851.13	3.5e-64
Ptro_XP_003310448.3	1290	1905	Tet_JBP	PF12851.13	3.5e-64
Ptro_XP_009446362.3	1290	1905	Tet_JBP	PF12851.13	3.5e-64
Nleu_XP_003257511.2	1283	1899	Tet_JBP	PF12851.13	3.5e-64
Mput_XP_004748194.1	1293	1907	Tet_JBP	PF12851.13	4.1e-64
Cjac_XP_002745572.3	1290	1901	Tet_JBP	PF12851.13	3.5e-64
Cjac_XP_035149095.2	1290	1901	Tet_JBP	PF12851.13	3.5e-64
Cjac_XP_035149096.2	1290	1901	Tet_JBP	PF12851.13	3.5e-64
Clup_XP_038437920.1	1299	1921	Tet_JBP	PF12851.13	3.3e-64
Mmon_XP_029090669.1	1290	1898	Tet_JBP	PF12851.13	4.3e-64
Bmus_XP_036708439.1	1291	1894	Tet_JBP	PF12851.13	4.2e-64
Cimi_XP_017372318.1	1310	1915	Tet_JBP	PF12851.13	3.4e-64
Easi_XP_070360630.1	128	752	Tet_JBP	PF12851.13	2.3e-64
Nvis_XP_044080299.1	1293	1907	Tet_JBP	PF12851.13	4.1e-64
Phymac_XP_007106564.2	1290	1895	Tet_JBP	PF12851.13	4.2e-64
Phymac_XP_007106565.2	1290	1895	Tet_JBP	PF12851.13	4.2e-64
Phymac_XP_007106567.2	1290	1895	Tet_JBP	PF12851.13	4.2e-64
Phymac_XP_023975211.1	1290	1895	Tet_JBP	PF12851.13	4.2e-64
Phymac_XP_054942125.1	1290	1895	Tet_JBP	PF12851.13	4.2e-64
Dleu_XP_022422775.1	1290	1900	Tet_JBP	PF12851.13	4.3e-64
Dleu_XP_030616032.1	1290	1900	Tet_JBP	PF12851.13	4.3e-64
Sbol_XP_003929543.2	1291	1902	Tet_JBP	PF12851.13	3.5e-64
Ttru_XP_033712699.1	1291	1901	Tet_JBP	PF12851.13	4.3e-64
Hsap_XP_006714305.1	1190	1805	Tet_JBP	PF12851.13	3.2e-64
Phosin_XP_032487718.1	1292	1902	Tet_JBP	PF12851.13	4.3e-64
Hsap_NP_001120680.1	1290	1905	Tet_JBP	PF12851.13	3.5e-64
Hsap_XP_005263139.1	1290	1905	Tet_JBP	PF12851.13	3.5e-64
Hsap_XP_024309870.1	1290	1905	Tet_JBP	PF12851.13	3.5e-64
Hsap_XP_024309871.1	1290	1905	Tet_JBP	PF12851.13	3.5e-64
Uame_XP_045655190.1	1292	1907	Tet_JBP	PF12851.13	5.6e-64
Lcan_XP_030169189.1	1290	1917	Tet_JBP	PF12851.13	4.3e-64
Lcan_XP_030169190.1	1290	1917	Tet_JBP	PF12851.13	4.3e-64
Zcal_XP_027454254.1	1293	1915	Tet_JBP	PF12851.13	4.3e-64
Fcat_XP_006930999.4	1290	1920	Tet_JBP	PF12851.13	4.4e-64
Cpor_XP_063116657.1	128	733	Tet_JBP	PF12851.13	2.8e-64
Sscr_XP_003129326.3	1290	1922	Tet_JBP	PF12851.13	5e-64
Sscr_XP_013834447.1	1290	1922	Tet_JBP	PF12851.13	5e-64
Vvul_XP_025873358.1	1294	1915	Tet_JBP	PF12851.13	4.6e-64
Uthi_ENSUTTP00000025774.1	1292	1907	Tet_JBP	PF12851.13	5.6e-64
Umar_XP_008687609.2	1292	1907	Tet_JBP	PF12851.13	5.6e-64
Pleo_XP_042791713.1	1290	1918	Tet_JBP	PF12851.13	4.6e-64
Ppar_XP_019271910.2	1290	1917	Tet_JBP	PF12851.13	4.6e-64
Cdro_XP_010978961.1	1289	1906	Tet_JBP	PF12851.13	4.5e-64
Cdro_XP_031324186.1	1289	1906	Tet_JBP	PF12851.13	4.5e-64
Cdro_XP_031324200.1	1289	1906	Tet_JBP	PF12851.13	4.5e-64
Ptig_XP_007081007.2	1290	1920	Tet_JBP	PF12851.13	4.7e-64
Cwag_ENSCWAP00000014734.1	1288	1904	Tet_JBP	PF12851.13	4.7e-64
Csyr_XP_008055450.1	1296	1919	Tet_JBP	PF12851.13	5.2e-64
Csyr_XP_021567597.1	1317	1940	Tet_JBP	PF12851.13	5.3e-64
Dasnov_XP_004476282.2	1297	1916	Tet_JBP	PF12851.13	7.7e-64
Dasnov_XP_071071311.1	1297	1916	Tet_JBP	PF12851.13	7.7e-64
Oari_XP_060273536.1	1255	1878	Tet_JBP	PF12851.13	7.4e-64
Chan_KAF4019745.1	1288	1901	Tet_JBP	PF12851.13	1.2e-63
Ailmel_XP_002926716.1	1292	1909	Tet_JBP	PF12851.13	4.1e-64
Chir_XP_005681400.2	1289	1912	Tet_JBP	PF12851.13	7.6e-64
Oari_XP_027826636.2	1289	1912	Tet_JBP	PF12851.13	7.6e-64
Oari_XP_042107108.1	1289	1912	Tet_JBP	PF12851.13	7.6e-64
Oari_XP_042107109.1	1289	1912	Tet_JBP	PF12851.13	7.6e-64
Oari_XP_042107110.1	1289	1912	Tet_JBP	PF12851.13	7.6e-64
Oana_XP_028932806.1	1283	1886	Tet_JBP	PF12851.13	7.9e-64
Mmos_ENSMMSP00000030317.1	1286	1909	Tet_JBP	PF12851.13	7.7e-64
Rfer_XP_032961701.1	1307	1933	Tet_JBP	PF12851.13	8.8e-64
Ogar_XP_003796382.1	1288	1917	Tet_JBP	PF12851.13	9.7e-64
Ogar_XP_023372800.1	1288	1917	Tet_JBP	PF12851.13	9.7e-64
Ogar_XP_023372799.1	1314	1943	Tet_JBP	PF12851.13	1e-63
Pvam_XP_039704713.1	1286	1922	Tet_JBP	PF12851.13	1.3e-63
Ssur_XP_029798355.1	1257	1870	Tet_JBP	PF12851.13	1.2e-63
Piltep_XP_023075898.1	1289	1904	Tet_JBP	PF12851.13	1.7e-63
Piltep_XP_023075899.1	1289	1904	Tet_JBP	PF12851.13	1.7e-63
Ssur_XP_029798348.1	1291	1904	Tet_JBP	PF12851.13	1.2e-63
Rrox_XP_010369845.1	1289	1904	Tet_JBP	PF12851.13	1.7e-63
Rrox_XP_030771270.1	1289	1904	Tet_JBP	PF12851.13	1.7e-63
Rbie_XP_017727543.1	1289	1904	Tet_JBP	PF12851.13	1.7e-63
Cang_XP_011798649.1	1289	1904	Tet_JBP	PF12851.13	1.7e-63
Ptro_XP_063636774.1	128	600	Tet_JBP	PF12851.13	1e-63
Hsap_NP_001393305.1	128	600	Tet_JBP	PF12851.13	1e-63
Cpor_XP_063116652.1	1283	1888	Tet_JBP	PF12851.13	2.5e-63
Cpor_XP_063116653.1	1283	1888	Tet_JBP	PF12851.13	2.5e-63
Cpor_XP_063116654.1	1283	1888	Tet_JBP	PF12851.13	2.5e-63
Cpor_XP_063116651.1	1341	1946	Tet_JBP	PF12851.13	2.7e-63
Ocun_XP_002717242.3	1291	1914	Tet_JBP	PF12851.13	1.8e-63
Easi_XP_044623393.2	1289	1913	Tet_JBP	PF12851.13	2.1e-63
Easi_XP_044623394.2	1289	1913	Tet_JBP	PF12851.13	2.1e-63
Btau_XP_059743700.1	1209	1832	Tet_JBP	PF12851.13	2.6e-63
Bind_XP_019817916.2	1289	1912	Tet_JBP	PF12851.13	2.9e-63
Bind_XP_070647225.1	1289	1912	Tet_JBP	PF12851.13	2.9e-63
Btau_XP_005207739.1	1289	1912	Tet_JBP	PF12851.13	2.9e-63
Btau_XP_059743697.1	1289	1912	Tet_JBP	PF12851.13	2.9e-63
Btau_XP_059743699.1	1289	1912	Tet_JBP	PF12851.13	2.9e-63
Bmut_XP_070228163.1	1289	1912	Tet_JBP	PF12851.13	2.9e-63
Bmut_XP_070228164.1	1289	1912	Tet_JBP	PF12851.13	2.9e-63
Bbis_XP_010846560.1	1289	1912	Tet_JBP	PF12851.13	2.9e-63
Bbis_XP_010846561.1	1289	1912	Tet_JBP	PF12851.13	2.9e-63
Bind_XP_019817915.2	1309	1932	Tet_JBP	PF12851.13	2.9e-63
Bind_XP_070647224.1	1309	1932	Tet_JBP	PF12851.13	2.9e-63
Btau_XP_010804239.1	1309	1932	Tet_JBP	PF12851.13	2.9e-63
Bmut_XP_070228162.1	1309	1932	Tet_JBP	PF12851.13	2.9e-63
Bbis_XP_010846559.1	1309	1932	Tet_JBP	PF12851.13	2.9e-63
Caty_XP_011884316.1	1192	1807	Tet_JBP	PF12851.13	3.7e-63
Mleu_XP_011821722.1	1292	1907	Tet_JBP	PF12851.13	4.1e-63
Mfas_XP_005555654.3	1191	1805	Tet_JBP	PF12851.13	3.7e-63
Csab_XP_007997627.2	1290	1905	Tet_JBP	PF12851.13	4.2e-63
Cpor_XP_063116655.1	1341	1781	Tet_JBP	PF12851.13	5.8e-63
Panu_XP_021794376.1	1194	1809	Tet_JBP	PF12851.13	3.8e-63
Caty_XP_011884313.1	1292	1907	Tet_JBP	PF12851.13	4.1e-63
Caty_XP_011884314.1	1292	1907	Tet_JBP	PF12851.13	4.1e-63
Tgel_XP_025242332.1	1291	1906	Tet_JBP	PF12851.13	4.1e-63
Mfas_XP_005555651.3	1291	1905	Tet_JBP	PF12851.13	4.1e-63
Mfas_XP_005555652.3	1291	1905	Tet_JBP	PF12851.13	4.1e-63
Mfas_XP_015306205.3	1291	1905	Tet_JBP	PF12851.13	4.1e-63
Mfas_XP_045248648.2	1291	1905	Tet_JBP	PF12851.13	4.1e-63
Mfas_XP_045248649.2	1291	1905	Tet_JBP	PF12851.13	4.1e-63
Mfas_XP_045248650.2	1291	1905	Tet_JBP	PF12851.13	4.1e-63
Mmul_XP_014994413.2	1288	1902	Tet_JBP	PF12851.13	4.1e-63
Mmul_XP_014994414.2	1288	1902	Tet_JBP	PF12851.13	4.1e-63
Mmul_XP_014994415.2	1288	1902	Tet_JBP	PF12851.13	4.1e-63
Mmul_XP_028704487.1	1288	1902	Tet_JBP	PF12851.13	4.1e-63
Tgel_XP_025242331.1	1312	1927	Tet_JBP	PF12851.13	4.2e-63
Panu_XP_017814405.2	1294	1909	Tet_JBP	PF12851.13	4.2e-63
Panu_XP_021794372.1	1294	1909	Tet_JBP	PF12851.13	4.2e-63
Panu_XP_021794373.1	1294	1909	Tet_JBP	PF12851.13	4.2e-63
Panu_XP_021794374.1	1294	1909	Tet_JBP	PF12851.13	4.2e-63
Panu_XP_021794375.1	1294	1909	Tet_JBP	PF12851.13	4.2e-63
Psim_ENSPSMP00000011135.1	1301	1906	Tet_JBP	PF12851.13	3.4e-63
Mnem_XP_011747444.2	1291	1905	Tet_JBP	PF12851.13	4.5e-63
Mnem_XP_011747445.2	1291	1905	Tet_JBP	PF12851.13	4.5e-63
Mnem_XP_011747447.2	1291	1905	Tet_JBP	PF12851.13	4.5e-63
Lafr_XP_010588785.1	1291	1928	Tet_JBP	PF12851.13	3.9e-63
Pcin_XP_020830397.1	1303	1910	Tet_JBP	PF12851.13	4.3e-63
Pcin_XP_020830398.1	1303	1910	Tet_JBP	PF12851.13	4.3e-63
Lafr_XP_023404313.1	1326	1963	Tet_JBP	PF12851.13	4.1e-63
Anan_XP_064230275.1	906	1378	Tet_JBP	PF12851.13	6.4e-63
Anan_XP_064230276.1	906	1378	Tet_JBP	PF12851.13	6.4e-63
Ecab_XP_070082352.1	919	1392	Tet_JBP	PF12851.13	5.4e-63
Cimi_XP_037601794.1	942	1414	Tet_JBP	PF12851.13	7e-63
Mmar_XP_015340099.1	1290	1911	Tet_JBP	PF12851.13	5e-63
Mmar_XP_048669641.1	1290	1911	Tet_JBP	PF12851.13	5e-63
Cgri_XP_027251547.1	1242	1852	Tet_JBP	PF12851.13	2.7e-63
Anan_XP_012291943.2	1292	1903	Tet_JBP	PF12851.13	5.9e-63
Anan_XP_064240111.1	1292	1903	Tet_JBP	PF12851.13	5.9e-63
Clan_XP_013360862.1	1279	1898	Tet_JBP	PF12851.13	6.2e-63
Clan_XP_013360860.1	1292	1911	Tet_JBP	PF12851.13	6.3e-63
Clan_XP_013360861.1	1292	1911	Tet_JBP	PF12851.13	6.3e-63
Clan_XP_005406284.1	1313	1932	Tet_JBP	PF12851.13	6.4e-63
Ptro_XP_063636770.1	909	1381	Tet_JBP	PF12851.13	6.9e-63
Ptro_XP_063636771.1	909	1381	Tet_JBP	PF12851.13	6.9e-63
Hsap_NP_001393300.1	909	1381	Tet_JBP	PF12851.13	6.9e-63
Hsap_NP_001393301.1	909	1381	Tet_JBP	PF12851.13	6.9e-63
Hsap_NP_001393303.1	749	1221	Tet_JBP	PF12851.13	5.4e-63
Ecab_XP_023492563.1	1256	1880	Tet_JBP	PF12851.13	7.3e-63
Lcan_XP_030190919.1	1582	2056	Tet_JBP	PF12851.13	1.8e-62
Ecab_XP_023492559.1	1290	1914	Tet_JBP	PF12851.13	7.6e-63
Vurs_XP_027693238.1	1297	1900	Tet_JBP	PF12851.13	7.6e-63
Vurs_XP_027693239.1	1297	1900	Tet_JBP	PF12851.13	7.6e-63
Hgla_XP_021115152.1	1560	1993	Tet_JBP	PF12851.13	6.8e-63
Itri_XP_005339864.1	1292	1913	Tet_JBP	PF12851.13	7.1e-63
Itri_XP_040148950.1	1292	1913	Tet_JBP	PF12851.13	7.1e-63
Mnem_XP_070925740.1	905	1377	Tet_JBP	PF12851.13	9.5e-63
Mnem_XP_070925741.1	905	1377	Tet_JBP	PF12851.13	9.5e-63
Mfas_XP_065377077.1	905	1377	Tet_JBP	PF12851.13	9.5e-63
Mfas_XP_065377078.1	905	1377	Tet_JBP	PF12851.13	9.5e-63
Sdau_ENSSDAP00000018922.1	1310	1927	Tet_JBP	PF12851.13	7.8e-63
Upar_XP_026260441.1	1291	1910	Tet_JBP	PF12851.13	7.7e-63
Nvis_XP_044095584.1	931	1404	Tet_JBP	PF12851.13	9.6e-63
Sbol_XP_039334229.1	1578	2050	Tet_JBP	PF12851.13	1.3e-62
Ecab_XP_023499834.1	1588	2061	Tet_JBP	PF12851.13	1.1e-62
Mmur_XP_020140104.1	1190	1792	Tet_JBP	PF12851.13	8.3e-63
Anan_XP_012306841.2	1575	2047	Tet_JBP	PF12851.13	1.3e-62
Mund_XP_005148702.2	1267	1865	Tet_JBP	PF12851.13	1e-62
Cjac_XP_002756350.3	1578	2050	Tet_JBP	PF12851.13	1.3e-62
Mmur_XP_020140103.1	1290	1892	Tet_JBP	PF12851.13	9.1e-63
Ngal_XP_008839497.1	1277	1891	Tet_JBP	PF12851.13	1.3e-62
Ngal_XP_029423276.1	1277	1891	Tet_JBP	PF12851.13	1.3e-62
Cruf_ENSCRFP00000008581.1	1266	1862	Tet_JBP	PF12851.13	1.2e-62
Cpic_XP_005287931.2	1269	1863	Tet_JBP	PF12851.13	1.8e-62
Opri_XP_058522963.1	1274	1918	Tet_JBP	PF12851.13	1.1e-62
Ggor_XP_030871487.1	1580	2052	Tet_JBP	PF12851.13	1.4e-62
Mgal_XP_003205548.1	1263	1858	Tet_JBP	PF12851.13	1.2e-62
Zlat_ENSZLMP00000013987.1	1263	1859	Tet_JBP	PF12851.13	1.2e-62
Fcat_XP_044895997.1	1582	2056	Tet_JBP	PF12851.13	1.8e-62
Piltep_XP_023060834.1	1575	2047	Tet_JBP	PF12851.13	1.4e-62
Lstr_XP_021387135.1	1290	1882	Tet_JBP	PF12851.13	1.2e-62
Ppar_XP_019299903.2	1581	2055	Tet_JBP	PF12851.13	1.8e-62
Nper_XP_025906658.1	1270	1865	Tet_JBP	PF12851.13	1.2e-62
Tgut_XP_030127500.3	1290	1882	Tet_JBP	PF12851.13	1.3e-62
Lstr_XP_021387134.1	1290	1888	Tet_JBP	PF12851.13	1.2e-62
Cgou_RLW09011.1	1283	1881	Tet_JBP	PF12851.13	1.2e-62
Ptig_XP_007095818.2	1582	2056	Tet_JBP	PF12851.13	1.8e-62
Nleu_XP_012352478.1	1580	2052	Tet_JBP	PF12851.13	1.4e-62
Shab_XP_030347647.1	1292	1889	Tet_JBP	PF12851.13	1.3e-62
Tgut_XP_030127501.3	1290	1888	Tet_JBP	PF12851.13	1.3e-62
Scan_XP_050829268.1	1265	1865	Tet_JBP	PF12851.13	1.2e-62
Scan_XP_030094768.2	1290	1884	Tet_JBP	PF12851.13	1.2e-62
Ggal_NP_001264723.3	1288	1883	Tet_JBP	PF12851.13	1.2e-62
Ptro_XP_016773927.4	1580	2052	Tet_JBP	PF12851.13	1.4e-62
Ppan_XP_003846089.2	1580	2052	Tet_JBP	PF12851.13	1.4e-62
Zalb_XP_014120892.1	1263	1856	Tet_JBP	PF12851.13	1.2e-62
Hsap_NP_085128.2	1580	2052	Tet_JBP	PF12851.13	1.4e-62
Pcol_XP_031463484.1	1288	1883	Tet_JBP	PF12851.13	1.2e-62
Csyr_XP_008072862.1	909	1382	Tet_JBP	PF12851.13	1.3e-62
Scan_XP_030094767.2	1290	1890	Tet_JBP	PF12851.13	1.2e-62
Zalb_XP_014120891.1	1263	1862	Tet_JBP	PF12851.13	1.2e-62
Jhye_ENSJHYP00000004730.1	1288	1881	Tet_JBP	PF12851.13	1.3e-62
Nmel_XP_021249485.1	1288	1883	Tet_JBP	PF12851.13	1.2e-62
Pabe_XP_002820931.4	1580	2052	Tet_JBP	PF12851.13	1.4e-62
Shar_XP_031797783.1	1306	1915	Tet_JBP	PF12851.13	1.5e-62
Shar_XP_031797784.1	1306	1915	Tet_JBP	PF12851.13	1.5e-62
Shar_XP_031797785.1	1306	1915	Tet_JBP	PF12851.13	1.5e-62
Shar_XP_031797786.1	1306	1915	Tet_JBP	PF12851.13	1.5e-62
Cpug_XP_014796658.1	1271	1870	Tet_JBP	PF12851.13	1.5e-62
Ggal_XP_015131709.2	1339	1934	Tet_JBP	PF12851.13	1.2e-62
Gfor_XP_030922216.1	1263	1856	Tet_JBP	PF12851.13	1.3e-62
Mluc_XP_014322519.1	1286	1916	Tet_JBP	PF12851.13	1.5e-62
Mluc_XP_023620873.1	1286	1916	Tet_JBP	PF12851.13	1.5e-62
Rrox_XP_010373514.1	1576	2048	Tet_JBP	PF12851.13	1.5e-62
Rbie_XP_017706945.1	1576	2048	Tet_JBP	PF12851.13	1.5e-62
Pavcri_ENSPSTP00000024041.1	1288	1883	Tet_JBP	PF12851.13	1.2e-62
Gfor_XP_005418231.1	1263	1862	Tet_JBP	PF12851.13	1.3e-62
Anis_ENSANIP00000013706.1	1269	1865	Tet_JBP	PF12851.13	1.5e-62
Aowe_ENSAOWP00000018460.1	1268	1862	Tet_JBP	PF12851.13	1.4e-62
Scam_XP_068798078.1	1268	1863	Tet_JBP	PF12851.13	1.5e-62
Ccae_XP_023780455.1	1268	1870	Tet_JBP	PF12851.13	1.5e-62
Clup_XP_038390074.1	1581	2053	Tet_JBP	PF12851.13	1.6e-62
Arow_XP_025934124.1	1268	1862	Tet_JBP	PF12851.13	1.4e-62
Arow_XP_025934123.1	1276	1870	Tet_JBP	PF12851.13	1.4e-62
Dronov_XP_064366616.1	1293	1888	Tet_JBP	PF12851.13	1.5e-62
Campar_XP_030804290.1	1288	1887	Tet_JBP	PF12851.13	1.4e-62
Scam_XP_068798077.1	1293	1888	Tet_JBP	PF12851.13	1.5e-62
Psim_ENSPSMP00000013831.1	747	1222	Tet_JBP	PF12851.13	1.3e-62
Scam_XP_068798076.1	1301	1896	Tet_JBP	PF12851.13	1.5e-62
Pmaj_XP_015479618.1	1293	1889	Tet_JBP	PF12851.13	1.5e-62
Achr_XP_029875059.1	1294	1891	Tet_JBP	PF12851.13	1.5e-62
Ftin_ENSFTIP00000020326.1	1292	1887	Tet_JBP	PF12851.13	1.5e-62
Cmon_XP_031964275.1	1296	1892	Tet_JBP	PF12851.13	1.6e-62
Zcal_XP_027445026.1	1583	2056	Tet_JBP	PF12851.13	1.7e-62
Pmaj_XP_015479617.1	1293	1895	Tet_JBP	PF12851.13	1.5e-62
Mcya_ENSMCSP00000019394.1	1288	1886	Tet_JBP	PF12851.13	1.6e-62
Mvit_XP_017928065.1	1267	1860	Tet_JBP	PF12851.13	1.5e-62
Bbub_ENSBOBP00000013911.1	1268	1865	Tet_JBP	PF12851.13	1.6e-62
Lcor_XP_017689024.1	1292	1885	Tet_JBP	PF12851.13	1.5e-62
Acun_XP_026703394.1	1265	1862	Tet_JBP	PF12851.13	1.5e-62
Cang_XP_011782422.1	1575	2047	Tet_JBP	PF12851.13	1.7e-62
Anapla_XP_027312620.1	1264	1859	Tet_JBP	PF12851.13	1.4e-62
Anapla_XP_038033851.1	1264	1859	Tet_JBP	PF12851.13	1.4e-62
Azon_ENSAZOP00000021397.1	1264	1859	Tet_JBP	PF12851.13	1.4e-62
Cust_XP_032915726.1	1289	1886	Tet_JBP	PF12851.13	1.5e-62
Vvul_XP_025859434.1	1582	2055	Tet_JBP	PF12851.13	1.6e-62
Mvit_XP_008931450.1	1267	1866	Tet_JBP	PF12851.13	1.5e-62
Lcor_XP_017689023.1	1292	1891	Tet_JBP	PF12851.13	1.5e-62
Osun_ENSOSUP00000003825.1	1268	1865	Tet_JBP	PF12851.13	1.7e-62
Ccan_XP_020038361.1	1288	1888	Tet_JBP	PF12851.13	1.6e-62
Xtro_XP_012810969.1	1090	1662	Tet_JBP	PF12851.13	6e-62
Amacol_ENSACOP00000002841.1	1293	1890	Tet_JBP	PF12851.13	1.6e-62
Ficalb_XP_005044958.1	1267	1857	Tet_JBP	PF12851.13	1.5e-62
Cmos_ENSCMMP00000001448.1	1262	1857	Tet_JBP	PF12851.13	1.4e-62
Cabi_XP_032650145.1	1275	1866	Tet_JBP	PF12851.13	2.3e-62
Xtro_XP_002934823.2	1122	1694	Tet_JBP	PF12851.13	6.2e-62
Ficalb_XP_005044957.1	1267	1863	Tet_JBP	PF12851.13	1.5e-62
Gaga_ENSGAGP00000001386.1	1275	1869	Tet_JBP	PF12851.13	2.2e-62
Gevg_XP_030420352.1	1275	1869	Tet_JBP	PF12851.13	2.2e-62
Pleo_XP_042764934.1	1582	2056	Tet_JBP	PF12851.13	2.5e-62
Mnem_XP_011713371.2	1576	2048	Tet_JBP	PF12851.13	1.9e-62
Mleu_XP_011849484.1	1576	2048	Tet_JBP	PF12851.13	1.9e-62
Mfas_XP_005565748.1	1576	2048	Tet_JBP	PF12851.13	1.9e-62
Mmul_XP_028682407.1	1576	2048	Tet_JBP	PF12851.13	1.9e-62
Tgel_XP_025251700.1	1576	2048	Tet_JBP	PF12851.13	1.9e-62
Csab_XP_007961446.2	1576	2048	Tet_JBP	PF12851.13	1.9e-62
Panu_XP_003903908.1	1576	2048	Tet_JBP	PF12851.13	1.9e-62
Tcar_ENSTMTP00000006748.1	1267	1861	Tet_JBP	PF12851.13	2.3e-62
Nvis_XP_044095585.1	1582	2055	Tet_JBP	PF12851.13	1.9e-62
Ccan_XP_020038360.1	1288	1915	Tet_JBP	PF12851.13	1.8e-62
Mput_XP_044939370.1	1581	2054	Tet_JBP	PF12851.13	1.8e-62
Pcas_ENSPCEP00000006856.1	1258	1852	Tet_JBP	PF12851.13	2.5e-62
Chrpic_ENSCPIP00010010025.1	1263	1858	Tet_JBP	PF12851.13	1.8e-62
Cpyg_ENSCPGP00000013382.1	1294	1894	Tet_JBP	PF12851.13	2.1e-62
Acyg_XP_013051188.2	1268	1863	Tet_JBP	PF12851.13	2.2e-62
Acyg_XP_066852929.1	1268	1863	Tet_JBP	PF12851.13	2.2e-62
Ansbra_ENSABRP00000008693.1	1268	1863	Tet_JBP	PF12851.13	2.2e-62
Cser_KAG6933428.1	1274	1868	Tet_JBP	PF12851.13	3.5e-62
Llei_ENSLLEP00000001007.1	1153	1712	Tet_JBP	PF12851.13	4.1e-62
Smer_ENSSMRP00000018786.1	1259	1845	Tet_JBP	PF12851.13	5.1e-62
Pvit_XP_020652070.1	1282	1863	Tet_JBP	PF12851.13	4.8e-62
Rfer_XP_032986494.1	1576	2049	Tet_JBP	PF12851.13	3.2e-62
Easi_XP_014718267.3	1588	2061	Tet_JBP	PF12851.13	3e-62
Psin_XP_006119378.1	1269	1863	Tet_JBP	PF12851.13	4.2e-62
Psin_XP_006119379.1	1269	1863	Tet_JBP	PF12851.13	4.2e-62
Psim_ENSPSMP00000013830.1	1569	2044	Tet_JBP	PF12851.13	3.3e-62
Cropor_XP_019389698.1	1284	1879	Tet_JBP	PF12851.13	3.8e-62
Uthi_ENSUTTP00000015714.1	1581	2054	Tet_JBP	PF12851.13	3.7e-62
Umar_XP_008694176.2	1581	2054	Tet_JBP	PF12851.13	3.7e-62
Jjac_XP_004663050.2	1270	1875	Tet_JBP	PF12851.13	3.4e-62
Jjac_XP_044998439.1	1270	1875	Tet_JBP	PF12851.13	3.4e-62
Rnor_NP_001414486.1	1217	1823	Tet_JBP	PF12851.13	3.3e-62
Rnor_XP_063138035.1	1216	1822	Tet_JBP	PF12851.13	3.3e-62
Rnor_XP_006233409.1	1256	1862	Tet_JBP	PF12851.13	3.4e-62
Rnor_XP_008759756.1	1255	1861	Tet_JBP	PF12851.13	3.4e-62
Ailmel_XP_002913781.2	1579	2052	Tet_JBP	PF12851.13	4.1e-62
Mung_XP_021515035.1	1255	1853	Tet_JBP	PF12851.13	3.8e-62
Mung_XP_021515037.1	1255	1853	Tet_JBP	PF12851.13	3.8e-62
Ailmel_XP_034518496.1	1614	2087	Tet_JBP	PF12851.13	4.2e-62
Mmur_XP_012618127.1	1568	2043	Tet_JBP	PF12851.13	6.3e-62
Mmur_XP_012618128.1	1568	2043	Tet_JBP	PF12851.13	6.3e-62
Lafr_XP_003409345.2	1582	2055	Tet_JBP	PF12851.13	5.4e-62
Pman_XP_006970413.1	1234	1841	Tet_JBP	PF12851.13	4.1e-61
Fdam_XP_010606255.1	1574	1972	Tet_JBP	PF12851.13	5.2e-62
Llat_ENSLLTP00000020885.1	1249	1831	Tet_JBP	PF12851.13	9.9e-62
Pvam_XP_039727898.1	1580	2053	Tet_JBP	PF12851.13	8.6e-62
Vkom_XP_044285558.1	1282	1868	Tet_JBP	PF12851.13	1.3e-61
Caty_XP_011941127.1	1576	1981	Tet_JBP	PF12851.13	1.1e-61
Mspi_ENSMSIP00000038200.1	1202	1822	Tet_JBP	PF12851.13	1e-61
Mspi_ENSMSIP00000038201.1	1210	1830	Tet_JBP	PF12851.13	1e-61
Mspr_MGP_SPRETEiJ_P0063011	1203	1818	Tet_JBP	PF12851.13	9.7e-62
Mspr_MGP_SPRETEiJ_P0063014	1211	1826	Tet_JBP	PF12851.13	9.8e-62
Mmus_XP_006501349.1	1210	1826	Tet_JBP	PF12851.13	9.7e-62
Mmus_NP_001035490.2	1203	1819	Tet_JBP	PF12851.13	9.6e-62
Mmus_XP_006501350.1	1202	1818	Tet_JBP	PF12851.13	9.6e-62
Mmus_NP_001333665.1	1211	1827	Tet_JBP	PF12851.13	9.7e-62
Mmus_XP_006501346.1	1211	1827	Tet_JBP	PF12851.13	9.7e-62
Mmus_XP_011238370.1	1211	1827	Tet_JBP	PF12851.13	9.7e-62
Mmus_XP_036018905.1	1211	1827	Tet_JBP	PF12851.13	9.7e-62
Ptex_XP_026554044.1	1254	1836	Tet_JBP	PF12851.13	6.2e-62
Ptex_XP_026554045.1	1254	1836	Tet_JBP	PF12851.13	6.2e-62
Nscu_XP_026524432.1	1254	1836	Tet_JBP	PF12851.13	7e-62
Nscu_XP_026524433.1	1254	1836	Tet_JBP	PF12851.13	7e-62
Odeg_XP_023565797.1	1178	1795	Tet_JBP	PF12851.13	1.5e-61
Ocun_XP_069913868.1	904	1331	Tet_JBP	PF12851.13	1.7e-61
Ocun_XP_069913869.1	904	1331	Tet_JBP	PF12851.13	1.7e-61
Odeg_XP_004626764.1	1279	1896	Tet_JBP	PF12851.13	1.6e-61
Ocun_XP_069913866.1	938	1365	Tet_JBP	PF12851.13	1.8e-61
Anocar_XP_062838687.1	1287	1874	Tet_JBP	PF12851.13	1.7e-61
Anocar_XP_062838688.1	1287	1874	Tet_JBP	PF12851.13	1.7e-61
Anocar_XP_062838689.1	1287	1874	Tet_JBP	PF12851.13	1.7e-61
Podmur_XP_028599087.1	1284	1868	Tet_JBP	PF12851.13	1.6e-61
Krymar_XP_017263152.1	1138	1706	Tet_JBP	PF12851.13	1.5e-60
Krymar_XP_024863851.1	1138	1706	Tet_JBP	PF12851.13	1.5e-60
Odeg_XP_012370382.1	1465	1835	Tet_JBP	PF12851.13	2.3e-61
Phymac_XP_054937258.1	747	1220	Tet_JBP	PF12851.13	2.3e-61
Cwag_ENSCWAP00000028842.1	747	1220	Tet_JBP	PF12851.13	2.4e-61
Mspi_ENSMSIP00000036535.1	1530	1933	Tet_JBP	PF12851.13	4.8e-61
Mspr_MGP_SPRETEiJ_P0024284	1529	1932	Tet_JBP	PF12851.13	4.8e-61
Ocun_XP_017204227.3	1570	1997	Tet_JBP	PF12851.13	3.5e-61
Eeur_XP_016044084.1	1582	1936	Tet_JBP	PF12851.13	3.9e-61
Mcar_XP_021030778.1	1526	1929	Tet_JBP	PF12851.13	4.8e-61
Vpac_XP_031538072.1	1583	2056	Tet_JBP	PF12851.13	5e-61
Pkin_XP_023654875.1	1137	1733	Tet_JBP	PF12851.13	4.4e-61
Lcha_XP_006005276.1	1272	1884	Tet_JBP	PF12851.13	2.2e-61
Cdro_XP_031317041.1	1582	2054	Tet_JBP	PF12851.13	5e-61
Mpah_XP_029393182.1	1207	1872	Tet_JBP	PF12851.13	4.5e-61
Mpah_XP_029393181.1	1214	1879	Tet_JBP	PF12851.13	4.5e-61
Phymac_XP_007121118.1	1582	2055	Tet_JBP	PF12851.13	5.9e-61
Mpah_XP_029393180.1	1215	1880	Tet_JBP	PF12851.13	4.5e-61
Mpah_XP_029393178.1	1240	1905	Tet_JBP	PF12851.13	4.6e-61
Mpah_XP_029393179.1	1239	1904	Tet_JBP	PF12851.13	4.6e-61
Mpah_XP_029393177.1	1247	1912	Tet_JBP	PF12851.13	4.6e-61
Mpah_XP_029393173.1	1248	1913	Tet_JBP	PF12851.13	4.7e-61
Mpah_XP_029393174.1	1248	1913	Tet_JBP	PF12851.13	4.7e-61
Mpah_XP_029393175.1	1248	1913	Tet_JBP	PF12851.13	4.7e-61
Mpah_XP_029393176.1	1248	1913	Tet_JBP	PF12851.13	4.7e-61
Spun_ENSSPUP00000006211.1	1180	1774	Tet_JBP	PF12851.13	8e-61
Sara_XP_054997944.1	1075	1531	Tet_JBP	PF12851.13	5e-61
Sara_XP_054997945.1	1075	1531	Tet_JBP	PF12851.13	5e-61
Maur_XP_005082038.1	1247	1853	Tet_JBP	PF12851.13	6.9e-61
Sara_XP_054997943.1	1106	1562	Tet_JBP	PF12851.13	5.2e-61
Bind_XP_070637959.1	1580	2053	Tet_JBP	PF12851.13	7.8e-61
Btau_XP_024842707.1	1580	2053	Tet_JBP	PF12851.13	7.8e-61
Bbis_XP_010850483.1	1580	2053	Tet_JBP	PF12851.13	7.8e-61
Bmut_XP_070220599.1	1580	2053	Tet_JBP	PF12851.13	7.8e-61
Ecal_XP_028661014.1	1200	1796	Tet_JBP	PF12851.13	2.4e-60
Ecal_XP_028661012.1	1200	1798	Tet_JBP	PF12851.13	2.4e-60
Mcar_XP_029330874.1	1206	1816	Tet_JBP	PF12851.13	1.1e-60
Mcar_XP_021014479.1	1213	1823	Tet_JBP	PF12851.13	1.1e-60
Mcar_XP_029330872.1	1214	1824	Tet_JBP	PF12851.13	1.1e-60
Mcar_XP_029330873.1	1214	1824	Tet_JBP	PF12851.13	1.1e-60
Phosin_XP_032465143.1	1581	2054	Tet_JBP	PF12851.13	1.6e-60
Dleu_XP_022446442.1	1581	2054	Tet_JBP	PF12851.13	1.6e-60
Mmon_XP_029057039.1	1581	2054	Tet_JBP	PF12851.13	1.7e-60
Ttru_XP_033697758.1	1581	2054	Tet_JBP	PF12851.13	1.7e-60
Mmos_ENSMMSP00000031055.1	1576	2049	Tet_JBP	PF12851.13	1.6e-60
Moch_XP_005357369.1	1239	1849	Tet_JBP	PF12851.13	1.9e-60
Omel_XP_024145432.1	1091	1664	Tet_JBP	PF12851.13	2e-60
Chir_XP_017897972.1	1582	2055	Tet_JBP	PF12851.13	1.8e-60
Oari_XP_004021676.4	1582	2055	Tet_JBP	PF12851.13	1.8e-60
Mpah_XP_021060712.1	1525	1928	Tet_JBP	PF12851.13	2.3e-60
Etel_XP_004703349.1	1292	1920	Tet_JBP	PF12851.13	2e-60
Omyk_XP_036809916.1	1189	1784	Tet_JBP	PF12851.13	2e-60
Omyk_XP_036789733.1	1191	1786	Tet_JBP	PF12851.13	2e-60
Aper_ENSAPEP00000020681.1	1138	1718	Tet_JBP	PF12851.13	2.5e-60
Sluc_XP_031132902.2	1130	1709	Tet_JBP	PF12851.13	2.8e-60
Sluc_XP_035855951.1	1130	1709	Tet_JBP	PF12851.13	2.8e-60
Hgla_XP_004866310.1	1252	1850	Tet_JBP	PF12851.13	2e-60
Hgla_XP_021101134.1	1252	1850	Tet_JBP	PF12851.13	2e-60
Hgla_XP_021101135.1	1252	1850	Tet_JBP	PF12851.13	2e-60
Hgla_XP_021101136.1	1252	1850	Tet_JBP	PF12851.13	2e-60
Aoce_XP_023123842.1	1138	1718	Tet_JBP	PF12851.13	2.5e-60
Pkin_XP_023683447.1	1025	1581	Tet_JBP	PF12851.13	2.3e-60
Olat_XP_004065962.2	1085	1658	Tet_JBP	PF12851.13	3.5e-60
Eluc_XP_010886825.2	1173	1760	Tet_JBP	PF12851.13	2.5e-60
Neomel_ENSNMLP00000017211.1	314	817	Tet_JBP	PF12851.13	2.3e-60
Csem_XP_008314896.1	1108	1702	Tet_JBP	PF12851.13	4.4e-60
Csem_XP_024914054.1	1108	1702	Tet_JBP	PF12851.13	4.4e-60
Myrmur_XP_029916064.1	1151	1732	Tet_JBP	PF12851.13	3.2e-60
Myrmur_XP_029916074.1	1151	1732	Tet_JBP	PF12851.13	3.2e-60
Calmil_XP_007890120.2	1293	1832	Tet_JBP	PF12851.13	5.8e-60
Calmil_XP_042188063.1	1293	1832	Tet_JBP	PF12851.13	5.8e-60
Hhuc_ENSHHUP00000023820.1	1067	1628	Tet_JBP	PF12851.13	4.2e-60
Ngal_XP_029419218.1	1531	1964	Tet_JBP	PF12851.13	3.7e-60
Apol_XP_022049422.2	1140	1720	Tet_JBP	PF12851.13	4.6e-60
Drer_XP_005159960.1	1055	1618	Tet_JBP	PF12851.13	4.9e-60
Stru_XP_029605420.1	1190	1783	Tet_JBP	PF12851.13	4.4e-60
Tcru_XP_818182.1	210	366	Tet_JBP	PF12851.13	6.6e-60
Cypcar_XP_042572223.1	1086	1674	Tet_JBP	PF12851.13	7.7e-60
Cypcar_XP_042572222.1	1086	1676	Tet_JBP	PF12851.13	7.7e-60
Okis_XP_031670981.1	1190	1787	Tet_JBP	PF12851.13	4.5e-60
Okis_XP_031677683.1	1190	1787	Tet_JBP	PF12851.13	4.5e-60
Otsh_XP_042174609.1	1192	1788	Tet_JBP	PF12851.13	4.4e-60
Gmor_XP_030207981.1	1133	1704	Tet_JBP	PF12851.13	5e-60
Gmor_XP_030207982.1	1133	1704	Tet_JBP	PF12851.13	5e-60
Salsal_XP_045572415.1	1189	1789	Tet_JBP	PF12851.13	4.6e-60
Amex_XP_049337294.1	1097	1682	Tet_JBP	PF12851.13	4.2e-60
Hhuc_ENSHHUP00000058923.1	1192	1772	Tet_JBP	PF12851.13	4.9e-60
Locu_XP_015201207.2	1200	1795	Tet_JBP	PF12851.13	5.3e-60
Dclu_XP_028831723.1	1162	1744	Tet_JBP	PF12851.13	9.3e-60
Scivul_ENSSVLP00005005412.1	1566	2039	Tet_JBP	PF12851.13	7.2e-60
Eele_XP_026878548.2	1124	1705	Tet_JBP	PF12851.13	1.1e-59
Salsal_XP_045578846.1	1189	1789	Tet_JBP	PF12851.13	8.9e-60
Char_XP_012687257.2	1164	1756	Tet_JBP	PF12851.13	8.2e-60
Stru_XP_029622245.1	1192	1792	Tet_JBP	PF12851.13	8.9e-60
Stru_XP_029622244.1	1213	1813	Tet_JBP	PF12851.13	9.1e-60
Mnem_XP_070925743.1	69	531	Tet_JBP	PF12851.13	4e-53
Mnem_XP_070925744.1	69	531	Tet_JBP	PF12851.13	4e-53
Ampcit_ENSACIP00000026389.1	1097	1650	Tet_JBP	PF12851.13	1.4e-59
Lcal_XP_018551215.1	1133	1712	Tet_JBP	PF12851.13	1.6e-59
Cjac_XP_054098962.1	166	629	Tet_JBP	PF12851.13	3.7e-53
Cjac_XP_054098963.1	166	629	Tet_JBP	PF12851.13	3.7e-53
Ampcit_ENSACIP00000026383.1	1121	1691	Tet_JBP	PF12851.13	1.6e-59
Tcru_XP_812080.1	310	466	Tet_JBP	PF12851.13	1.6e-59
Mnem_XP_070925742.1	105	567	Tet_JBP	PF12851.13	4e-53
Ojav_RVE76206.1	1093	1666	Tet_JBP	PF12851.13	1.5e-59
Caraur_XP_026127583.1	1035	1620	Tet_JBP	PF12851.13	1.2e-59
Ggor_XP_055209613.1	167	629	Tet_JBP	PF12851.13	4.3e-53
Ppan_XP_054948892.1	167	629	Tet_JBP	PF12851.13	3.9e-53
Ptro_XP_054516170.1	167	629	Tet_JBP	PF12851.13	3.9e-53
Ptro_XP_063636772.1	167	629	Tet_JBP	PF12851.13	3.9e-53
Ptro_XP_063636773.1	167	629	Tet_JBP	PF12851.13	3.9e-53
Hsap_NP_001393304.1	167	629	Tet_JBP	PF12851.13	3.9e-53
Pabe_XP_063583439.1	167	629	Tet_JBP	PF12851.13	4e-53
Dlab_XP_051239897.1	1137	1718	Tet_JBP	PF12851.13	1.9e-59
Pabe_XP_063583438.1	218	680	Tet_JBP	PF12851.13	4.9e-53
Caraur_XP_026060216.1	1085	1654	Tet_JBP	PF12851.13	2e-59
Pran_XP_028255868.1	1124	1692	Tet_JBP	PF12851.13	1.8e-59
Pran_XP_028255876.1	1124	1692	Tet_JBP	PF12851.13	1.8e-59
Lcro_XP_010739237.3	1129	1710	Tet_JBP	PF12851.13	2.1e-59
Lcro_XP_027138667.1	1129	1710	Tet_JBP	PF12851.13	2.1e-59
Smax_XP_035494440.1	1125	1703	Tet_JBP	PF12851.13	5.1e-59
Cvar_XP_015247701.1	1098	1642	Tet_JBP	PF12851.13	2e-59
Xmac_XP_014327293.1	1094	1661	Tet_JBP	PF12851.13	2.4e-59
Xcou_XP_027874070.1	1095	1662	Tet_JBP	PF12851.13	2.4e-59
Pfor_XP_007567334.1	1094	1664	Tet_JBP	PF12851.13	2.7e-59
Pfor_XP_016534758.1	1094	1664	Tet_JBP	PF12851.13	2.7e-59
Pfor_XP_016534759.1	1094	1664	Tet_JBP	PF12851.13	2.7e-59
Plat_XP_014879193.1	1094	1664	Tet_JBP	PF12851.13	2.8e-59
Plat_XP_014879195.1	1094	1664	Tet_JBP	PF12851.13	2.8e-59
Pmex_XP_014823977.1	1094	1664	Tet_JBP	PF12851.13	2.8e-59
Pmex_XP_014855310.1	1094	1664	Tet_JBP	PF12851.13	2.8e-59
Pnat_XP_037394659.1	888	1355	Tet_JBP	PF12851.13	4e-59
Enau_XP_029353167.1	1140	1707	Tet_JBP	PF12851.13	4.1e-59
Bspl_XP_029016670.1	1084	1654	Tet_JBP	PF12851.13	3.7e-59
Bspl_XP_029016679.1	1084	1654	Tet_JBP	PF12851.13	3.7e-59
Saur_XP_030268414.1	1135	1716	Tet_JBP	PF12851.13	3.9e-59
Nfur_XP_015799206.3	1105	1675	Tet_JBP	PF12851.13	3.6e-59
Srhi_XP_016376051.1	1086	1675	Tet_JBP	PF12851.13	2.7e-59
Cpic_XP_065409556.1	1015	1517	Tet_JBP	PF12851.13	3.5e-59
Hapbur_XP_005940083.1	1130	1702	Tet_JBP	PF12851.13	4.3e-59
Astcal_XP_026026990.1	1130	1702	Tet_JBP	PF12851.13	4.4e-59
Mzeb_XP_004549491.1	1130	1702	Tet_JBP	PF12851.13	4.4e-59
Pnye_XP_005726897.1	1130	1702	Tet_JBP	PF12851.13	4.4e-59
Onil_XP_005457058.1	1130	1702	Tet_JBP	PF12851.13	4.4e-59
Oaur_XP_031608020.1	1130	1702	Tet_JBP	PF12851.13	4.4e-59
Nbri_XP_035762229.1	1130	1702	Tet_JBP	PF12851.13	4.4e-59
Ates_XP_026215531.1	1124	1694	Tet_JBP	PF12851.13	3.9e-59
Ppol_XP_037088182.1	236	293	Tet_JBP	PF12851.13	7.1e-14
Ppol_XP_037088182.1	324	787	Tet_JBP	PF12851.13	9.6e-44
Gaff_XP_043969101.1	1027	1595	Tet_JBP	PF12851.13	4.6e-59
Gaff_XP_043969097.1	1091	1659	Tet_JBP	PF12851.13	5e-59
Gaff_XP_043969098.1	1091	1659	Tet_JBP	PF12851.13	5e-59
Gaff_XP_043969099.1	1091	1659	Tet_JBP	PF12851.13	5e-59
Gaff_XP_043969100.1	1091	1659	Tet_JBP	PF12851.13	5e-59
Cser_KAG6937265.1	1573	2075	Tet_JBP	PF12851.13	5.9e-59
Pnat_XP_017580910.2	1351	1818	Tet_JBP	PF12851.13	6.7e-59
Gaga_ENSGAGP00000025138.1	1586	2088	Tet_JBP	PF12851.13	6.4e-59
Stepar_XP_008285377.1	1142	1722	Tet_JBP	PF12851.13	5.7e-59
Eeur_XP_060042296.1	1058	1554	Tet_JBP	PF12851.13	4.4e-59
Cabi_XP_032651131.1	1566	2068	Tet_JBP	PF12851.13	6e-59
Ipun_XP_017320393.1	1085	1675	Tet_JBP	PF12851.13	5.2e-59
Cabi_XP_032651130.1	1583	2085	Tet_JBP	PF12851.13	6.1e-59
Cpic_XP_005297361.2	1567	2069	Tet_JBP	PF12851.13	6e-59
Cpic_XP_005297359.2	1584	2086	Tet_JBP	PF12851.13	6.1e-59
Cpic_XP_005297360.2	1584	2086	Tet_JBP	PF12851.13	6.1e-59
Cpic_XP_065409554.1	1584	2086	Tet_JBP	PF12851.13	6.1e-59
Cpic_XP_065409555.1	1584	2086	Tet_JBP	PF12851.13	6.1e-59
Gevg_XP_030424282.1	1568	2070	Tet_JBP	PF12851.13	6.3e-59
Sfor_XP_018603232.2	1162	1742	Tet_JBP	PF12851.13	7e-59
Sans_XP_016357439.1	1055	1630	Tet_JBP	PF12851.13	6.8e-59
Sans_XP_016357440.1	1055	1630	Tet_JBP	PF12851.13	6.8e-59
Gevg_XP_030424281.1	1585	2087	Tet_JBP	PF12851.13	6.4e-59
Tbru_XP_829420.1	131	287	Tet_JBP	PF12851.13	5.4e-59
Psin_XP_006125313.1	1579	2081	Tet_JBP	PF12851.13	6.9e-59
Psin_XP_006125314.1	1579	2081	Tet_JBP	PF12851.13	6.9e-59
Tryequ_XP_067077732.1	131	287	Tet_JBP	PF12851.13	5.4e-59
Lcha_XP_005990016.1	1593	2102	Tet_JBP	PF12851.13	7.7e-59
Serdum_XP_022621149.1	1144	1722	Tet_JBP	PF12851.13	7.1e-59
Hgla_XP_012928452.1	1598	2022	Tet_JBP	PF12851.13	7.6e-53
Hgla_XP_021115150.1	1598	2022	Tet_JBP	PF12851.13	7.6e-53
Hgla_XP_021115151.1	1598	2022	Tet_JBP	PF12851.13	7.6e-53
Oana_XP_028915828.1	975	1472	Tet_JBP	PF12851.13	6.4e-59
Clum_XP_034396432.1	1146	1722	Tet_JBP	PF12851.13	7e-59
Sfor_XP_018585228.1	114	529	Tet_JBP	PF12851.13	4.6e-59
Tbru_XP_846088.1	308	464	Tet_JBP	PF12851.13	6.9e-59
Tryequ_XP_067082854.1	308	464	Tet_JBP	PF12851.13	6.9e-59
Bjap_ENSBJAP00000013701.1	753	1229	Tet_JBP	PF12851.13	5.7e-59
Azon_ENSAZOP00000022630.1	751	1224	Tet_JBP	PF12851.13	7.9e-59
Sfor_XP_018585227.1	128	543	Tet_JBP	PF12851.13	4.9e-59
Cpyg_ENSCPGP00000024253.1	753	1186	Tet_JBP	PF12851.13	6.6e-59
Hcom_XP_019717420.1	1069	1644	Tet_JBP	PF12851.13	7.2e-59
Ansbra_ENSABRP00000024751.1	748	1221	Tet_JBP	PF12851.13	7.4e-59
Ecal_XP_051779305.1	1458	1962	Tet_JBP	PF12851.13	6.9e-59
Cjac_XP_054098960.1	946	1409	Tet_JBP	PF12851.13	2e-52
Cjac_XP_054098961.1	946	1409	Tet_JBP	PF12851.13	2e-52
Anan_XP_064230273.1	944	1407	Tet_JBP	PF12851.13	2e-52
Anan_XP_064230274.1	944	1407	Tet_JBP	PF12851.13	2e-52
Zlat_ENSZLMP00000007624.1	752	1177	Tet_JBP	PF12851.13	7e-59
Cmos_ENSCMMP00000013205.1	751	1224	Tet_JBP	PF12851.13	8e-59
Cypcar_XP_042622426.1	1037	1619	Tet_JBP	PF12851.13	8.8e-59
Singra_XP_016140817.1	1083	1674	Tet_JBP	PF12851.13	1.2e-58
Sorb_XP_029995903.1	1124	1698	Tet_JBP	PF12851.13	1e-58
Marm_XP_026158303.1	1097	1674	Tet_JBP	PF12851.13	8e-59
Anan_XP_064230272.1	978	1441	Tet_JBP	PF12851.13	2.1e-52
Cimi_XP_037601795.1	946	1409	Tet_JBP	PF12851.13	2.1e-52
Cimi_XP_037601796.1	946	1409	Tet_JBP	PF12851.13	2.1e-52
Amacol_ENSACOP00000011478.1	729	1209	Tet_JBP	PF12851.13	7.7e-59
Sfor_XP_018591406.1	1184	1773	Tet_JBP	PF12851.13	1.1e-58
Pmag_XP_033836266.1	943	1505	Tet_JBP	PF12851.13	8.6e-59
Cimi_XP_037601793.1	980	1443	Tet_JBP	PF12851.13	2.2e-52
Ccan_XP_020033191.1	1569	1982	Tet_JBP	PF12851.13	1e-58
Ggor_XP_055209612.1	948	1410	Tet_JBP	PF12851.13	2.3e-52
Socc_ENSSOCP00000023460.1	734	1215	Tet_JBP	PF12851.13	8.6e-59
Bgru_ENSBGRP00000015940.1	1574	2046	Tet_JBP	PF12851.13	9.9e-59
Cgob_XP_029298429.1	1135	1716	Tet_JBP	PF12851.13	1.2e-58
Cgob_XP_029298517.1	1135	1716	Tet_JBP	PF12851.13	1.2e-58
Cgob_XP_029298607.1	1135	1716	Tet_JBP	PF12851.13	1.2e-58
Pret_XP_008410280.1	1092	1662	Tet_JBP	PF12851.13	1.2e-58
Slal_XP_023282898.1	1144	1722	Tet_JBP	PF12851.13	1.2e-58
Monalb_XP_020457677.1	807	1383	Tet_JBP	PF12851.13	1.1e-58
Hsap_NP_001393302.1	788	1250	Tet_JBP	PF12851.13	1.9e-52
Ppan_XP_054948891.1	948	1410	Tet_JBP	PF12851.13	2.4e-52
Ptro_XP_054516168.1	948	1410	Tet_JBP	PF12851.13	2.4e-52
Ptro_XP_054516169.1	948	1410	Tet_JBP	PF12851.13	2.4e-52
Hsap_NP_001393297.1	948	1410	Tet_JBP	PF12851.13	2.4e-52
Hsap_NP_001393298.1	948	1410	Tet_JBP	PF12851.13	2.4e-52
Hsap_NP_001393299.1	948	1410	Tet_JBP	PF12851.13	2.4e-52
Hsap_XP_016872176.1	966	1428	Tet_JBP	PF12851.13	2.4e-52
Hsap_XP_016872177.1	966	1428	Tet_JBP	PF12851.13	2.4e-52
Pabe_XP_054379332.1	948	1410	Tet_JBP	PF12851.13	2.4e-52
Pabe_XP_054379333.1	948	1410	Tet_JBP	PF12851.13	2.4e-52
Hsap_XP_016872175.1	970	1432	Tet_JBP	PF12851.13	2.4e-52
Smer_ENSSMRP00000010848.1	1631	2126	Tet_JBP	PF12851.13	1.4e-58
Hsap_NP_001393296.1	982	1444	Tet_JBP	PF12851.13	2.5e-52
Pabe_XP_054379331.1	970	1432	Tet_JBP	PF12851.13	2.5e-52
Sans_XP_016350679.1	1083	1672	Tet_JBP	PF12851.13	1.1e-58
Sans_XP_016350686.1	1083	1672	Tet_JBP	PF12851.13	1.1e-58
Pabe_XP_063583437.1	982	1444	Tet_JBP	PF12851.13	2.5e-52
Sfas_XP_029948851.1	1131	1711	Tet_JBP	PF12851.13	1.4e-58
Singra_XP_016145013.1	1055	1628	Tet_JBP	PF12851.13	1.8e-58
Singra_XP_016145014.1	1055	1628	Tet_JBP	PF12851.13	1.8e-58
Mnem_XP_070925738.1	944	1406	Tet_JBP	PF12851.13	3.2e-52
Mnem_XP_070925739.1	944	1406	Tet_JBP	PF12851.13	3.2e-52
Mfas_XP_065377075.1	944	1406	Tet_JBP	PF12851.13	3.2e-52
Mfas_XP_065377076.1	944	1406	Tet_JBP	PF12851.13	3.2e-52
Mfas_XP_065377074.1	966	1428	Tet_JBP	PF12851.13	3.3e-52
Mgig_XP_011419066.3	511	976	Tet_JBP	PF12851.13	1.4e-58
Mgig_XP_011419074.3	511	976	Tet_JBP	PF12851.13	1.4e-58
Mgig_XP_011419081.3	511	976	Tet_JBP	PF12851.13	1.4e-58
Pmaj_XP_033371660.1	979	1482	Tet_JBP	PF12851.13	1.7e-58
Mgig_XP_011419057.3	516	981	Tet_JBP	PF12851.13	1.4e-58
Mgig_XP_011419047.3	519	984	Tet_JBP	PF12851.13	1.4e-58
Mgig_XP_065922111.1	521	986	Tet_JBP	PF12851.13	1.4e-58
Srhi_XP_016430655.1	1035	1588	Tet_JBP	PF12851.13	2.1e-58
Mgig_XP_011419030.3	532	997	Tet_JBP	PF12851.13	1.5e-58
Cpor_XP_063095673.1	944	1361	Tet_JBP	PF12851.13	3e-52
Cpyg_ENSCPGP00000024251.1	1622	2055	Tet_JBP	PF12851.13	1.7e-58
Zlat_ENSZLMP00000007621.1	1608	2033	Tet_JBP	PF12851.13	1.8e-58
Azon_ENSAZOP00000022612.1	1614	2087	Tet_JBP	PF12851.13	2e-58
Cmos_ENSCMMP00000013182.1	1615	2088	Tet_JBP	PF12851.13	2.1e-58
Ahaa_ENSAHAP00000022360.1	754	1226	Tet_JBP	PF12851.13	1.6e-58
Bbub_ENSBOBP00000009773.1	1208	1710	Tet_JBP	PF12851.13	1.7e-58
Amacol_ENSACOP00000011470.1	1579	2059	Tet_JBP	PF12851.13	2e-58
Mgig_XP_034314264.2	584	1049	Tet_JBP	PF12851.13	1.6e-58
Campar_XP_030806506.1	1657	2159	Tet_JBP	PF12851.13	2.3e-58
Gfor_XP_030919467.1	1645	2147	Tet_JBP	PF12851.13	2.3e-58
Cmon_XP_031971387.1	1638	2140	Tet_JBP	PF12851.13	2.8e-58
Cmon_XP_031971386.1	1655	2157	Tet_JBP	PF12851.13	2.8e-58
Pnat_XP_037394602.1	1150	1740	Tet_JBP	PF12851.13	2e-58
Pnat_XP_037394603.1	1150	1740	Tet_JBP	PF12851.13	2e-58
Cust_XP_032921464.1	1640	2142	Tet_JBP	PF12851.13	2.5e-58
Cust_XP_032921462.1	1657	2159	Tet_JBP	PF12851.13	2.6e-58
Cust_XP_032921463.1	1657	2159	Tet_JBP	PF12851.13	2.6e-58
Lstr_XP_021384738.1	1639	2141	Tet_JBP	PF12851.13	2.4e-58
Lstr_XP_021384735.1	1656	2158	Tet_JBP	PF12851.13	2.4e-58
Mund_XP_005153739.2	1658	2160	Tet_JBP	PF12851.13	2.7e-58
Ficalb_XP_005047987.1	1653	2155	Tet_JBP	PF12851.13	2.4e-58
Lafr_XP_064125717.1	941	1404	Tet_JBP	PF12851.13	3.9e-52
Lafr_XP_064125718.1	941	1404	Tet_JBP	PF12851.13	3.9e-52
Anapla_XP_027316551.2	1636	2138	Tet_JBP	PF12851.13	2.9e-58
Zalb_XP_014125339.1	1652	2154	Tet_JBP	PF12851.13	2.4e-58
Anapla_XP_005009166.3	1653	2155	Tet_JBP	PF12851.13	2.9e-58
Anapla_XP_027316550.2	1653	2155	Tet_JBP	PF12851.13	2.9e-58
Cjac_XP_009008074.3	1616	2079	Tet_JBP	PF12851.13	4e-52
Tgut_XP_030131456.3	1653	2155	Tet_JBP	PF12851.13	2.5e-58
Tgut_XP_041573026.1	1653	2155	Tet_JBP	PF12851.13	2.5e-58
Tgut_XP_041573027.1	1653	2155	Tet_JBP	PF12851.13	2.5e-58
Anan_XP_012306840.2	1613	2076	Tet_JBP	PF12851.13	4e-52
Acun_XP_026707584.1	1644	2146	Tet_JBP	PF12851.13	2.5e-58
Scan_XP_050832536.1	1644	2146	Tet_JBP	PF12851.13	2.5e-58
Scan_XP_050832537.1	1644	2146	Tet_JBP	PF12851.13	2.5e-58
Acun_XP_026707579.1	1661	2163	Tet_JBP	PF12851.13	2.5e-58
Ppar_XP_053744510.1	962	1415	Tet_JBP	PF12851.13	8.7e-52
Ppar_XP_053744511.1	962	1415	Tet_JBP	PF12851.13	8.7e-52
Anan_XP_012306839.2	1634	2097	Tet_JBP	PF12851.13	4.1e-52
Shab_XP_030342380.1	1657	2160	Tet_JBP	PF12851.13	2.8e-58
Shab_XP_030342381.1	1657	2160	Tet_JBP	PF12851.13	2.8e-58
Shab_XP_030342382.1	1657	2160	Tet_JBP	PF12851.13	2.8e-58
Aowe_ENSAOWP00000023842.1	1013	1520	Tet_JBP	PF12851.13	3e-58
Acyg_XP_047925609.2	1634	2136	Tet_JBP	PF12851.13	2.8e-58
Acyg_XP_013028497.3	1651	2153	Tet_JBP	PF12851.13	2.8e-58
Acyg_XP_047925601.2	1651	2153	Tet_JBP	PF12851.13	2.8e-58
Acyg_XP_047925602.2	1651	2153	Tet_JBP	PF12851.13	2.8e-58
Acyg_XP_047925603.2	1651	2153	Tet_JBP	PF12851.13	2.8e-58
Acyg_XP_047925604.2	1651	2153	Tet_JBP	PF12851.13	2.8e-58
Acyg_XP_047925606.2	1651	2153	Tet_JBP	PF12851.13	2.8e-58
Acyg_XP_066856269.1	1651	2153	Tet_JBP	PF12851.13	2.8e-58
Acyg_XP_066856270.1	1651	2153	Tet_JBP	PF12851.13	2.8e-58
Acyg_XP_066856271.1	1651	2153	Tet_JBP	PF12851.13	2.8e-58
Ecab_XP_070082345.1	969	1421	Tet_JBP	PF12851.13	5.2e-52
Ecab_XP_070082348.1	969	1421	Tet_JBP	PF12851.13	5.2e-52
Ppar_XP_053744509.1	996	1449	Tet_JBP	PF12851.13	9.1e-52
Gacu_XP_040043643.1	1131	1705	Tet_JBP	PF12851.13	2.9e-58
Cpug_XP_014795993.1	1660	2162	Tet_JBP	PF12851.13	2.9e-58
Pmaj_XP_033371658.1	1654	2157	Tet_JBP	PF12851.13	3.3e-58
Anis_ENSANIP00000026230.1	1658	2160	Tet_JBP	PF12851.13	2.8e-58
Achr_XP_029885621.1	1660	2162	Tet_JBP	PF12851.13	2.8e-58
Ftin_ENSFTIP00000011498.1	1659	2161	Tet_JBP	PF12851.13	3e-58
Gwil_XP_028300768.1	1083	1650	Tet_JBP	PF12851.13	3.6e-58
Sfor_XP_018585225.2	812	1227	Tet_JBP	PF12851.13	2.8e-58
Eele_XP_026882421.2	673	1145	Tet_JBP	PF12851.13	3e-58
Ggor_XP_030871486.1	1619	2081	Tet_JBP	PF12851.13	4.6e-52
Vkom_XP_044276394.1	1653	2149	Tet_JBP	PF12851.13	3.1e-58
Pmar_XP_032824925.1	1287	1901	Tet_JBP	PF12851.13	3e-58
Pmar_XP_032824922.1	1321	1935	Tet_JBP	PF12851.13	3.1e-58
Pmar_XP_032824923.1	1321	1935	Tet_JBP	PF12851.13	3.1e-58
Pmar_XP_032824924.1	1321	1935	Tet_JBP	PF12851.13	3.1e-58
Itri_XP_040128162.1	1559	2032	Tet_JBP	PF12851.13	3.6e-58
Shar_XP_031812728.1	1522	2021	Tet_JBP	PF12851.13	3.6e-58
Vurs_XP_027696514.1	1545	2042	Tet_JBP	PF12851.13	3.6e-58
Sdau_ENSSDAP00000022540.1	741	1214	Tet_JBP	PF12851.13	3.2e-58
Ptro_XP_016773926.4	1619	2081	Tet_JBP	PF12851.13	5.2e-52
Ppan_XP_034786578.1	1619	2081	Tet_JBP	PF12851.13	5.2e-52
Hsap_NP_001393294.1	1619	2081	Tet_JBP	PF12851.13	4.6e-52
Pabe_XP_024109259.3	1619	2081	Tet_JBP	PF12851.13	4.7e-52
Lber_XP_020504086.2	1133	1703	Tet_JBP	PF12851.13	4e-58
Dronov_XP_064369723.1	1478	1980	Tet_JBP	PF12851.13	4.9e-58
Cropor_XP_019394049.1	1726	2223	Tet_JBP	PF12851.13	5.9e-58
Ccae_XP_023785933.1	1652	2155	Tet_JBP	PF12851.13	5e-58
Nmel_XP_021253233.1	1630	2132	Tet_JBP	PF12851.13	7.1e-58
Nmel_XP_021253231.1	1647	2149	Tet_JBP	PF12851.13	7.2e-58
Nmel_XP_021253232.1	1647	2149	Tet_JBP	PF12851.13	7.2e-58
Dronov_XP_064369722.1	1644	2146	Tet_JBP	PF12851.13	5.6e-58
Mnem_XP_011713370.2	1615	2077	Tet_JBP	PF12851.13	6.3e-52
Dronov_XP_064369719.1	1661	2163	Tet_JBP	PF12851.13	5.7e-58
Dronov_XP_064369720.1	1661	2163	Tet_JBP	PF12851.13	5.7e-58
Dronov_XP_064369721.1	1661	2163	Tet_JBP	PF12851.13	5.7e-58
Fhet_XP_012737642.2	1091	1661	Tet_JBP	PF12851.13	4.1e-58
Mfas_XP_015311746.1	1615	2077	Tet_JBP	PF12851.13	6.4e-52
Mfas_XP_065377073.1	1615	2077	Tet_JBP	PF12851.13	6.4e-52
Mmul_XP_028682405.1	1615	2077	Tet_JBP	PF12851.13	6.4e-52
Csab_XP_037865072.1	1615	2077	Tet_JBP	PF12851.13	6.4e-52
Panu_XP_009213065.1	1615	2077	Tet_JBP	PF12851.13	6.4e-52
Pvit_XP_020663651.1	1641	2135	Tet_JBP	PF12851.13	4.8e-58
Pvit_XP_020663652.1	1641	2135	Tet_JBP	PF12851.13	4.8e-58
Lcor_XP_017681470.1	1636	2137	Tet_JBP	PF12851.13	4.7e-58
Lcor_XP_017681466.1	1653	2154	Tet_JBP	PF12851.13	4.8e-58
Lcor_XP_017681467.1	1653	2154	Tet_JBP	PF12851.13	4.8e-58
Lcor_XP_017681468.1	1653	2154	Tet_JBP	PF12851.13	4.8e-58
Lcor_XP_017681469.1	1653	2154	Tet_JBP	PF12851.13	4.8e-58
Pcin_XP_020830837.1	1547	2045	Tet_JBP	PF12851.13	5.4e-58
Amex_XP_049337772.1	898	1360	Tet_JBP	PF12851.13	5.4e-58
Cpor_XP_013012308.1	1599	2016	Tet_JBP	PF12851.13	5.2e-52
Arow_XP_025915712.1	1662	2164	Tet_JBP	PF12851.13	5.5e-58
Arow_XP_025915713.1	1662	2164	Tet_JBP	PF12851.13	5.5e-58
Arow_XP_025915715.1	1662	2164	Tet_JBP	PF12851.13	5.5e-58
Nnaj_KAG8135282.1	92	580	Tet_JBP	PF12851.13	3.8e-58
Scam_XP_068806994.1	1643	2145	Tet_JBP	PF12851.13	5.4e-58
Scam_XP_068806990.1	1660	2162	Tet_JBP	PF12851.13	5.5e-58
Scam_XP_068806991.1	1660	2162	Tet_JBP	PF12851.13	5.5e-58
Scam_XP_068806992.1	1660	2162	Tet_JBP	PF12851.13	5.5e-58
Mvit_XP_017935400.2	1653	2154	Tet_JBP	PF12851.13	5.5e-58
Ggal_XP_040559109.1	1630	2132	Tet_JBP	PF12851.13	7.1e-58
Ggal_XP_040559106.1	1647	2149	Tet_JBP	PF12851.13	7.2e-58
Eele_XP_026882184.2	1337	1809	Tet_JBP	PF12851.13	6.9e-58
Eele_XP_026882260.2	1337	1809	Tet_JBP	PF12851.13	6.9e-58
Pcol_XP_031458733.1	1627	2128	Tet_JBP	PF12851.13	7e-58
Chrpic_ENSCPIP00010013786.1	1644	2146	Tet_JBP	PF12851.13	7.2e-58
Pcol_XP_031458731.1	1644	2145	Tet_JBP	PF12851.13	7.1e-58
Pcol_XP_031458732.1	1644	2145	Tet_JBP	PF12851.13	7.1e-58
Pavcri_ENSPSTP00000000910.1	1640	2142	Tet_JBP	PF12851.13	7.1e-58
Mgal_XP_010712582.3	1642	2144	Tet_JBP	PF12851.13	7.2e-58
Lafr_XP_010587478.2	1621	2084	Tet_JBP	PF12851.13	7.7e-52
Upar_XP_026250457.1	1559	2032	Tet_JBP	PF12851.13	7.9e-58
Takrub_XP_011611191.1	1084	1659	Tet_JBP	PF12851.13	7.6e-58
Takrub_XP_029706449.1	1084	1659	Tet_JBP	PF12851.13	7.6e-58
Ecab_XP_023499827.1	1638	2090	Tet_JBP	PF12851.13	1e-51
Easi_XP_070345047.1	969	1421	Tet_JBP	PF12851.13	1.5e-51
Easi_XP_070345054.1	969	1421	Tet_JBP	PF12851.13	1.5e-51
Fcat_XP_044895996.1	1632	2063	Tet_JBP	PF12851.13	1.6e-51
Cypcar_XP_042624582.1	871	1314	Tet_JBP	PF12851.13	8.3e-58
Ppar_XP_019299902.2	1631	2062	Tet_JBP	PF12851.13	1.6e-51
Cypcar_XP_042624581.1	888	1331	Tet_JBP	PF12851.13	8.5e-58
Nper_XP_025898475.1	1651	2143	Tet_JBP	PF12851.13	9.4e-58
Amex_XP_007240335.3	1355	1817	Tet_JBP	PF12851.13	9e-58
Amex_XP_007240334.3	1372	1834	Tet_JBP	PF12851.13	9.2e-58
Anocar_XP_062832313.1	1648	2143	Tet_JBP	PF12851.13	1e-57
Sdau_ENSSDAP00000022514.1	1559	2032	Tet_JBP	PF12851.13	8.1e-58
Fcat_XP_023096265.2	1632	2085	Tet_JBP	PF12851.13	1.7e-51
Fcat_XP_023096266.2	1632	2085	Tet_JBP	PF12851.13	1.7e-51
Fcat_XP_023096267.2	1632	2085	Tet_JBP	PF12851.13	1.7e-51
Ppar_XP_019299899.2	1631	2084	Tet_JBP	PF12851.13	1.7e-51
Ppar_XP_019299900.2	1631	2084	Tet_JBP	PF12851.13	1.7e-51
Ppar_XP_019299901.2	1631	2084	Tet_JBP	PF12851.13	1.7e-51
Podmur_XP_028585273.1	1692	2187	Tet_JBP	PF12851.13	8.8e-58
Etel_XP_045147412.1	1585	2056	Tet_JBP	PF12851.13	9.3e-58
Mmol_ENSMMOP00000008222.1	1075	1637	Tet_JBP	PF12851.13	1.6e-57
Ssur_XP_029787647.1	1630	2083	Tet_JBP	PF12851.13	1.4e-51
Ssur_XP_029787648.1	1630	2083	Tet_JBP	PF12851.13	1.4e-51
Ssur_XP_029787649.1	1630	2083	Tet_JBP	PF12851.13	1.4e-51
Ssur_XP_029787650.1	1630	2083	Tet_JBP	PF12851.13	1.4e-51
Ssur_XP_029787651.1	1630	2083	Tet_JBP	PF12851.13	1.4e-51
Singra_XP_016133472.1	888	1331	Tet_JBP	PF12851.13	1.3e-57
Vvul_XP_025859424.1	1632	2084	Tet_JBP	PF12851.13	1.5e-51
Mmol_ENSMMOP00000008219.1	1130	1711	Tet_JBP	PF12851.13	1.9e-57
Tcru_XP_811851.1	125	281	Tet_JBP	PF12851.13	2.8e-57
Cypcar_XP_042624580.1	1313	1756	Tet_JBP	PF12851.13	1.4e-57
Ocun_XP_051679192.1	182	584	Tet_JBP	PF12851.13	6.2e-51
Tcru_XP_815377.1	125	281	Tet_JBP	PF12851.13	3.4e-57
Rfer_XP_032986493.1	1609	2060	Tet_JBP	PF12851.13	3.7e-51
Mmur_XP_012618126.1	1608	2050	Tet_JBP	PF12851.13	3.6e-51
Rfer_XP_032986492.1	1627	2078	Tet_JBP	PF12851.13	3.7e-51
Singra_XP_016133471.1	1334	1777	Tet_JBP	PF12851.13	2.1e-57
Mmur_XP_012618129.1	1567	2031	Tet_JBP	PF12851.13	3.9e-51
Mmur_XP_012618124.1	1608	2072	Tet_JBP	PF12851.13	4e-51
Mmur_XP_012618125.1	1608	2072	Tet_JBP	PF12851.13	4e-51
Saur_XP_030268422.1	1135	1713	Tet_JBP	PF12851.13	2.7e-57
Easi_XP_070345040.1	1638	2090	Tet_JBP	PF12851.13	2.9e-51
Uame_XP_045639323.1	1631	2083	Tet_JBP	PF12851.13	3.5e-51
Ailmel_XP_034518495.1	1644	2094	Tet_JBP	PF12851.13	3.5e-51
Mmar_XP_048665814.1	1555	2006	Tet_JBP	PF12851.13	2.9e-57
Ailmel_XP_034518497.1	1629	2081	Tet_JBP	PF12851.13	3.9e-51
Ailmel_XP_034518492.1	1664	2116	Tet_JBP	PF12851.13	4e-51
Ailmel_XP_034518493.1	1664	2116	Tet_JBP	PF12851.13	4e-51
Ailmel_XP_034518494.1	1664	2116	Tet_JBP	PF12851.13	4e-51
Sans_XP_016343905.1	864	1307	Tet_JBP	PF12851.13	3.8e-57
Char_XP_031434735.1	876	1349	Tet_JBP	PF12851.13	3.7e-57
Char_XP_031434736.1	876	1349	Tet_JBP	PF12851.13	3.7e-57
Krymar_XP_017285964.1	1602	2058	Tet_JBP	PF12851.13	4.5e-57
Char_XP_031434734.1	922	1395	Tet_JBP	PF12851.13	3.9e-57
Pvam_XP_039727896.1	1630	2082	Tet_JBP	PF12851.13	8.7e-51
Pvam_XP_039727897.1	1630	2082	Tet_JBP	PF12851.13	8.7e-51
Llei_ENSLLEP00000007120.1	1103	1704	Tet_JBP	PF12851.13	4.9e-57
Llei_ENSLLEP00000007116.1	1122	1723	Tet_JBP	PF12851.13	5e-57
Cdro_XP_064344180.1	962	1414	Tet_JBP	PF12851.13	1.1e-50
Cdro_XP_064344181.1	962	1414	Tet_JBP	PF12851.13	1.1e-50
Dasnov_XP_058154919.1	1616	2074	Tet_JBP	PF12851.13	7.3e-51
Sans_XP_016343904.1	1311	1754	Tet_JBP	PF12851.13	6.4e-57
Neomel_ENSNMLP00000000184.1	1336	1721	Tet_JBP	PF12851.13	6e-57
Pkin_XP_023668137.1	1104	1779	Tet_JBP	PF12851.13	5.2e-57
Pkin_XP_023668138.1	1104	1779	Tet_JBP	PF12851.13	5.2e-57
Mluc_XP_014303001.1	973	1405	Tet_JBP	PF12851.13	1.2e-50
Pkin_XP_023668136.1	1123	1798	Tet_JBP	PF12851.13	5.3e-57
Pkin_XP_023668135.1	1148	1823	Tet_JBP	PF12851.13	5.4e-57
Pkin_XP_023668134.1	1149	1824	Tet_JBP	PF12851.13	5.4e-57
Pkin_XP_023668133.1	1152	1827	Tet_JBP	PF12851.13	5.5e-57
Char_XP_012694088.2	1384	1857	Tet_JBP	PF12851.13	6.5e-57
Pkin_XP_023668132.1	1183	1858	Tet_JBP	PF12851.13	5.6e-57
Char_XP_012694080.2	1401	1874	Tet_JBP	PF12851.13	6.6e-57
Pkin_XP_023668131.1	1242	1917	Tet_JBP	PF12851.13	6e-57
Llei_ENSLLEP00000007131.1	1026	1711	Tet_JBP	PF12851.13	6.9e-57
Pkin_XP_023668130.1	1261	1936	Tet_JBP	PF12851.13	6.1e-57
Llei_ENSLLEP00000007124.1	1075	1760	Tet_JBP	PF12851.13	7.3e-57
Vpac_XP_031538073.1	1632	1966	Tet_JBP	PF12851.13	1.3e-50
Llei_ENSLLEP00000007111.1	1122	1807	Tet_JBP	PF12851.13	7.7e-57
Srhi_XP_016368178.1	1318	1746	Tet_JBP	PF12851.13	9.5e-57
Locu_XP_015201203.2	1200	1800	Tet_JBP	PF12851.13	8.2e-57
Locu_XP_015201204.2	1200	1800	Tet_JBP	PF12851.13	8.2e-57
Locu_XP_015201205.2	1200	1800	Tet_JBP	PF12851.13	8.2e-57
Cdro_XP_031317042.1	1631	1964	Tet_JBP	PF12851.13	1.3e-50
Srhi_XP_016368177.1	1318	1761	Tet_JBP	PF12851.13	9.9e-57
Sfas_XP_029948852.1	1131	1708	Tet_JBP	PF12851.13	9.4e-57
Caraur_XP_026134659.1	1307	1744	Tet_JBP	PF12851.13	9.6e-57
Singra_XP_016123880.1	1311	1754	Tet_JBP	PF12851.13	1.2e-56
Bind_XP_070637960.1	961	1414	Tet_JBP	PF12851.13	1.8e-50
Bind_XP_070637961.1	961	1414	Tet_JBP	PF12851.13	1.8e-50
Btau_XP_059738650.1	961	1414	Tet_JBP	PF12851.13	1.8e-50
Btau_XP_059738651.1	961	1414	Tet_JBP	PF12851.13	1.8e-50
Bmut_XP_070220600.1	961	1414	Tet_JBP	PF12851.13	1.8e-50
Bmut_XP_070220601.1	961	1414	Tet_JBP	PF12851.13	1.8e-50
Locu_XP_015202472.2	954	1444	Tet_JBP	PF12851.13	9.2e-57
Drer_XP_068069124.1	833	1251	Tet_JBP	PF12851.13	1.5e-56
Drer_XP_009305542.1	862	1280	Tet_JBP	PF12851.13	1.6e-56
Drer_XP_021328377.1	862	1280	Tet_JBP	PF12851.13	1.6e-56
Ptex_XP_026569285.1	1644	2122	Tet_JBP	PF12851.13	1e-56
Ebur_ENSEBUP00000003690.1	1014	1423	Tet_JBP	PF12851.13	1.5e-56
Nscu_XP_026528600.1	1643	2121	Tet_JBP	PF12851.13	1.1e-56
Pmag_XP_033835391.2	1422	1835	Tet_JBP	PF12851.13	1.3e-56
Ptex_XP_026569283.1	1644	2132	Tet_JBP	PF12851.13	1.2e-56
Ptex_XP_026569284.1	1644	2132	Tet_JBP	PF12851.13	1.2e-56
Nscu_XP_026528599.1	1643	2131	Tet_JBP	PF12851.13	1.2e-56
Tcon_XP_029232164.1	315	471	Tet_JBP	PF12851.13	1.3e-56
Sscr_NP_001302701.1	1613	2066	Tet_JBP	PF12851.13	1.9e-50
Drer_XP_068074829.1	1278	1696	Tet_JBP	PF12851.13	2.6e-56
Vpac_XP_015102188.1	1632	2085	Tet_JBP	PF12851.13	2.2e-50
Vpac_XP_031538071.1	1632	2085	Tet_JBP	PF12851.13	2.2e-50
Drer_XP_021328376.1	1304	1722	Tet_JBP	PF12851.13	2.6e-56
Ipun_XP_017320024.1	900	1329	Tet_JBP	PF12851.13	1.7e-56
Cypcar_XP_042592462.1	870	1309	Tet_JBP	PF12851.13	1.9e-56
Cdro_XP_010984118.2	1631	2083	Tet_JBP	PF12851.13	2.2e-50
Cdro_XP_064344179.1	1631	2083	Tet_JBP	PF12851.13	2.2e-50
Drer_XP_005156766.1	1347	1765	Tet_JBP	PF12851.13	2.8e-56
Srhi_XP_016417445.1	864	1301	Tet_JBP	PF12851.13	1.9e-56
Ocun_XP_051679190.2	958	1360	Tet_JBP	PF12851.13	3.8e-50
Ocun_XP_051679191.2	958	1360	Tet_JBP	PF12851.13	3.8e-50
Locu_XP_015202470.2	1462	1952	Tet_JBP	PF12851.13	1.6e-56
Locu_XP_015202471.2	1462	1952	Tet_JBP	PF12851.13	1.6e-56
Phymac_XP_007121117.1	1613	2066	Tet_JBP	PF12851.13	2.6e-50
Phymac_XP_023987950.1	1631	2084	Tet_JBP	PF12851.13	2.6e-50
Ocun_XP_051679189.2	992	1394	Tet_JBP	PF12851.13	3.9e-50
Lcro_XP_019130846.2	895	1358	Tet_JBP	PF12851.13	2.5e-56
Lcro_XP_027133269.1	895	1358	Tet_JBP	PF12851.13	2.5e-56
Lcro_XP_010743160.3	924	1387	Tet_JBP	PF12851.13	2.5e-56
Lcro_XP_027133268.1	931	1394	Tet_JBP	PF12851.13	2.6e-56
Bspl_XP_029030814.1	1537	1995	Tet_JBP	PF12851.13	2.1e-56
Chan_KAF4018866.1	1631	2084	Tet_JBP	PF12851.13	2.7e-50
Oari_XP_060262830.1	963	1416	Tet_JBP	PF12851.13	4.1e-50
Oari_XP_060262831.1	963	1416	Tet_JBP	PF12851.13	4.1e-50
Locu_XP_006625859.1	1256	1992	Tet_JBP	PF12851.13	1.8e-55
Locu_XP_015200629.1	1256	1992	Tet_JBP	PF12851.13	1.8e-55
Locu_XP_015200646.1	1256	1992	Tet_JBP	PF12851.13	1.8e-55
Locu_XP_069036370.1	1256	1992	Tet_JBP	PF12851.13	1.8e-55
Bmus_XP_036685493.1	1630	2083	Tet_JBP	PF12851.13	3.6e-50
Bmus_XP_036685495.1	1630	2083	Tet_JBP	PF12851.13	3.6e-50
Enau_XP_029366037.1	1113	1833	Tet_JBP	PF12851.13	6e-56
Enau_XP_029366038.1	1113	1833	Tet_JBP	PF12851.13	6e-56
Enau_XP_029366039.1	1113	1833	Tet_JBP	PF12851.13	6e-56
Enau_XP_029366041.1	1113	1833	Tet_JBP	PF12851.13	6e-56
Enau_XP_029366042.1	1113	1833	Tet_JBP	PF12851.13	6e-56
Ipun_XP_017320023.1	1370	1799	Tet_JBP	PF12851.13	2.8e-56
Ipun_XP_047010198.1	1370	1799	Tet_JBP	PF12851.13	2.8e-56
Dlab_XP_051232978.1	920	1384	Tet_JBP	PF12851.13	3.4e-56
Enau_XP_029366036.1	1154	1874	Tet_JBP	PF12851.13	6.3e-56
Cypcar_XP_042592460.1	1317	1756	Tet_JBP	PF12851.13	3.2e-56
Cypcar_XP_042592461.1	1317	1756	Tet_JBP	PF12851.13	3.2e-56
Dlab_XP_051232967.1	960	1424	Tet_JBP	PF12851.13	3.5e-56
Bind_XP_070637958.1	1629	2082	Tet_JBP	PF12851.13	3.5e-50
Btau_XP_024842706.1	1629	2082	Tet_JBP	PF12851.13	3.5e-50
Srhi_XP_016417444.1	1311	1748	Tet_JBP	PF12851.13	3.2e-56
Bbis_XP_010850481.1	1629	2082	Tet_JBP	PF12851.13	3.5e-50
Bbis_XP_010850482.1	1629	2082	Tet_JBP	PF12851.13	3.5e-50
Bmut_XP_070220598.1	1629	2082	Tet_JBP	PF12851.13	3.5e-50
Calmil_XP_007897316.1	1052	1560	Tet_JBP	PF12851.13	3.4e-56
Cgob_XP_029296523.1	1111	1821	Tet_JBP	PF12851.13	4.1e-56
Cgob_XP_029296524.1	1111	1821	Tet_JBP	PF12851.13	4.1e-56
Cgob_XP_029296522.1	1135	1845	Tet_JBP	PF12851.13	4.2e-56
Cgob_XP_029296520.1	1136	1846	Tet_JBP	PF12851.13	4.3e-56
Cgob_XP_029296521.1	1136	1846	Tet_JBP	PF12851.13	4.3e-56
Mmus_NP_001393311.1	932	1309	Tet_JBP	PF12851.13	5.7e-49
Hapbur_XP_042080655.1	871	1328	Tet_JBP	PF12851.13	2.8e-56
Locu_XP_015200619.2	1449	2185	Tet_JBP	PF12851.13	2.2e-55
Mmus_NP_001393310.1	932	1327	Tet_JBP	PF12851.13	6.1e-49
Mmus_XP_030101034.1	932	1327	Tet_JBP	PF12851.13	6.1e-49
Oaur_XP_031591103.1	893	1350	Tet_JBP	PF12851.13	2.7e-56
Hapbur_XP_005914000.1	891	1348	Tet_JBP	PF12851.13	2.8e-56
Locu_XP_015200603.2	1468	2204	Tet_JBP	PF12851.13	2.2e-55
Oaur_XP_031591102.1	902	1359	Tet_JBP	PF12851.13	2.8e-56
Hapbur_XP_005913999.1	900	1357	Tet_JBP	PF12851.13	2.9e-56
Pnye_XP_005743861.1	900	1357	Tet_JBP	PF12851.13	2.9e-56
Trythe_XP_028880442.1	303	458	Tet_JBP	PF12851.13	3.5e-56
Clum_XP_034397693.1	1115	1825	Tet_JBP	PF12851.13	8.8e-56
Clum_XP_034397694.1	1115	1825	Tet_JBP	PF12851.13	8.8e-56
Clum_XP_034397695.1	1115	1825	Tet_JBP	PF12851.13	8.8e-56
Clum_XP_034397696.1	1115	1825	Tet_JBP	PF12851.13	8.8e-56
Clum_XP_034397692.1	1132	1842	Tet_JBP	PF12851.13	8.9e-56
Clum_XP_034397691.1	1139	1849	Tet_JBP	PF12851.13	9e-56
Gmor_XP_030234472.1	971	1431	Tet_JBP	PF12851.13	4.3e-56
Gmor_XP_030234473.1	971	1431	Tet_JBP	PF12851.13	4.3e-56
Caraur_XP_026080082.1	1318	1757	Tet_JBP	PF12851.13	4e-56
Caraur_XP_026080083.1	1318	1757	Tet_JBP	PF12851.13	4e-56
Cypcar_XP_042579443.1	1114	1806	Tet_JBP	PF12851.13	3.4e-56
Cypcar_XP_042579444.1	1114	1806	Tet_JBP	PF12851.13	3.4e-56
Cypcar_XP_042579445.1	1114	1806	Tet_JBP	PF12851.13	3.4e-56
Apol_XP_051806267.1	127	848	Tet_JBP	PF12851.13	2.9e-56
Mmol_ENSMMOP00000019651.1	295	944	Tet_JBP	PF12851.13	3e-56
Eeur_XP_060052130.1	967	1300	Tet_JBP	PF12851.13	6.6e-50
Eeur_XP_060052191.1	967	1300	Tet_JBP	PF12851.13	6.6e-50
Mmol_ENSMMOP00000019648.1	302	951	Tet_JBP	PF12851.13	3.1e-56
Clum_XP_034397690.1	1273	1983	Tet_JBP	PF12851.13	1e-55
Cypcar_XP_042579442.1	1253	1945	Tet_JBP	PF12851.13	3.9e-56
Hhuc_ENSHHUP00000040703.1	1438	1934	Tet_JBP	PF12851.13	3.8e-56
Phosin_XP_032465142.1	1613	2065	Tet_JBP	PF12851.13	7.7e-50
Apol_XP_022045777.2	391	844	Tet_JBP	PF12851.13	3.4e-56
Cypcar_XP_042579440.1	1272	1964	Tet_JBP	PF12851.13	4e-56
Cypcar_XP_042579441.1	1272	1964	Tet_JBP	PF12851.13	4e-56
Ocun_XP_008268265.3	1624	2026	Tet_JBP	PF12851.13	6.7e-50
Lber_XP_065815449.1	913	1373	Tet_JBP	PF12851.13	5e-56
Phosin_XP_032465141.1	1631	2083	Tet_JBP	PF12851.13	7.9e-50
Lcro_XP_010743151.3	1631	2094	Tet_JBP	PF12851.13	5.2e-56
Lcro_XP_019130814.2	1631	2094	Tet_JBP	PF12851.13	5.2e-56
Mmon_XP_029057038.1	1612	2065	Tet_JBP	PF12851.13	7.3e-50
Dleu_XP_022446440.1	1630	2083	Tet_JBP	PF12851.13	7.2e-50
Dleu_XP_022446441.1	1630	2083	Tet_JBP	PF12851.13	7.2e-50
Mmon_XP_029057037.1	1630	2083	Tet_JBP	PF12851.13	7.4e-50
Ttru_XP_033697757.1	1630	2083	Tet_JBP	PF12851.13	7.4e-50
Tran_XP_029241365.1	312	468	Tet_JBP	PF12851.13	7e-56
Eluc_XP_019902944.2	899	1389	Tet_JBP	PF12851.13	4.8e-56
Eluc_XP_019902945.2	899	1389	Tet_JBP	PF12851.13	4.8e-56
Eluc_XP_019902946.2	899	1389	Tet_JBP	PF12851.13	4.8e-56
Opri_XP_058527898.1	897	1296	Tet_JBP	PF12851.13	1e-49
Eluc_XP_019902943.2	916	1406	Tet_JBP	PF12851.13	4.9e-56
Eluc_XP_019902942.2	928	1418	Tet_JBP	PF12851.13	5e-56
Myrmur_XP_029927278.1	1621	2102	Tet_JBP	PF12851.13	4.7e-56
Eluc_XP_019902941.2	945	1435	Tet_JBP	PF12851.13	5.1e-56
Chir_XP_017897971.1	1631	2062	Tet_JBP	PF12851.13	7e-50
Dclu_XP_028850994.1	1126	1786	Tet_JBP	PF12851.13	4.8e-56
Dclu_XP_028850995.1	1126	1786	Tet_JBP	PF12851.13	4.8e-56
Dclu_XP_028850996.1	1126	1786	Tet_JBP	PF12851.13	4.8e-56
Jjac_XP_044993222.1	1576	2027	Tet_JBP	PF12851.13	3e-50
Dlab_XP_051232934.1	1642	2106	Tet_JBP	PF12851.13	6.9e-56
Dlab_XP_051232944.1	1642	2106	Tet_JBP	PF12851.13	6.9e-56
Dlab_XP_051232955.1	1642	2106	Tet_JBP	PF12851.13	6.9e-56
Nbri_XP_006783931.1	1613	2070	Tet_JBP	PF12851.13	5.6e-56
Nbri_XP_006783932.1	1613	2070	Tet_JBP	PF12851.13	5.6e-56
Nbri_XP_006783933.1	1613	2070	Tet_JBP	PF12851.13	5.6e-56
Dclu_XP_028850993.1	1283	1943	Tet_JBP	PF12851.13	5.7e-56
Jjac_XP_044993221.1	1594	2045	Tet_JBP	PF12851.13	3e-50
Onil_XP_025753130.1	1614	2071	Tet_JBP	PF12851.13	5.7e-56
Oaur_XP_031591101.1	1614	2071	Tet_JBP	PF12851.13	5.7e-56
Oaur_XP_039477303.1	1614	2071	Tet_JBP	PF12851.13	5.7e-56
Oaur_XP_039477304.1	1614	2071	Tet_JBP	PF12851.13	5.7e-56
Hapbur_XP_005913997.1	1612	2069	Tet_JBP	PF12851.13	5.9e-56
Chir_XP_017897970.1	1631	2084	Tet_JBP	PF12851.13	8e-50
Pnye_XP_005743859.1	1612	2069	Tet_JBP	PF12851.13	5.9e-56
Pnye_XP_005743860.1	1612	2069	Tet_JBP	PF12851.13	5.9e-56
Mspr_MGP_SPRETEiJ_P0024285	1587	1964	Tet_JBP	PF12851.13	1.1e-48
Mspi_ENSMSIP00000036533.1	1588	1965	Tet_JBP	PF12851.13	1.1e-48
Mmus_NP_001240786.1	1586	1963	Tet_JBP	PF12851.13	1.1e-48
Oari_XP_011960587.3	1631	2084	Tet_JBP	PF12851.13	8.1e-50
Mmus_XP_006513930.1	1586	1981	Tet_JBP	PF12851.13	1.2e-48
Csem_XP_024916308.1	1602	2055	Tet_JBP	PF12851.13	6.9e-56
Sfor_XP_018618023.1	1128	1823	Tet_JBP	PF12851.13	5.6e-56
Sfor_XP_018618024.1	1128	1823	Tet_JBP	PF12851.13	5.6e-56
Sfor_XP_018618025.1	1128	1823	Tet_JBP	PF12851.13	5.6e-56
Sfor_XP_018618026.1	1128	1823	Tet_JBP	PF12851.13	5.6e-56
Ipun_XP_017306991.1	1102	1775	Tet_JBP	PF12851.13	5.9e-56
Ipun_XP_017306992.1	1102	1775	Tet_JBP	PF12851.13	5.9e-56
Ipun_XP_053530522.1	1102	1775	Tet_JBP	PF12851.13	5.9e-56
Sfor_XP_018618022.1	1145	1840	Tet_JBP	PF12851.13	5.7e-56
Csem_XP_008333955.1	1108	1830	Tet_JBP	PF12851.13	9.9e-56
Csem_XP_008333957.1	1108	1830	Tet_JBP	PF12851.13	9.9e-56
Csem_XP_016898666.1	1108	1830	Tet_JBP	PF12851.13	9.9e-56
Csem_XP_024908846.1	1108	1830	Tet_JBP	PF12851.13	9.9e-56
Sfor_XP_018618027.2	1285	1980	Tet_JBP	PF12851.13	6.5e-56
Mcar_XP_021030777.1	1584	1961	Tet_JBP	PF12851.13	1.1e-48
Csem_XP_024908845.1	1125	1847	Tet_JBP	PF12851.13	1e-55
Pran_XP_028278803.1	1595	2043	Tet_JBP	PF12851.13	8.2e-56
Lcal_XP_018533796.1	1652	2116	Tet_JBP	PF12851.13	6.9e-56
Csem_XP_016898665.1	1130	1852	Tet_JBP	PF12851.13	1e-55
Csem_XP_024908843.1	1140	1861	Tet_JBP	PF12851.13	1e-55
Csem_XP_008333956.2	1137	1859	Tet_JBP	PF12851.13	1e-55
Csem_XP_024908842.1	1140	1862	Tet_JBP	PF12851.13	1e-55
Aper_ENSAPEP00000018630.1	1634	2087	Tet_JBP	PF12851.13	1.2e-55
Aoce_XP_023119648.2	1634	2087	Tet_JBP	PF12851.13	1.2e-55
Gmor_XP_030234470.1	1787	2247	Tet_JBP	PF12851.13	9.2e-56
Gmor_XP_030234471.1	1787	2247	Tet_JBP	PF12851.13	9.2e-56
Mzeb_XP_004551796.1	891	1348	Tet_JBP	PF12851.13	8e-56
Mzeb_XP_004551795.1	900	1357	Tet_JBP	PF12851.13	8e-56
Cvar_XP_015255853.1	1087	1863	Tet_JBP	PF12851.13	8.2e-56
Cvar_XP_015255854.1	1087	1863	Tet_JBP	PF12851.13	8.2e-56
Cvar_XP_015255855.1	1087	1863	Tet_JBP	PF12851.13	8.2e-56
Marm_XP_026164645.1	1632	2096	Tet_JBP	PF12851.13	1e-55
Lber_XP_020503751.3	1606	2066	Tet_JBP	PF12851.13	1e-55
Cvar_XP_015255852.1	1239	2015	Tet_JBP	PF12851.13	9.6e-56
Eluc_XP_010868316.2	1751	2234	Tet_JBP	PF12851.13	1e-55
Srhi_XP_016428286.1	449	1139	Tet_JBP	PF12851.13	9.4e-56
Takrub_XP_011601625.1	881	1346	Tet_JBP	PF12851.13	9.7e-56
Takrub_XP_029691620.1	881	1346	Tet_JBP	PF12851.13	9.7e-56
Eluc_XP_019902940.2	1734	2224	Tet_JBP	PF12851.13	1.1e-55
Eluc_XP_019902938.2	1751	2241	Tet_JBP	PF12851.13	1.1e-55
Eluc_XP_019902939.2	1751	2241	Tet_JBP	PF12851.13	1.1e-55
Caraur_XP_026100426.1	1105	1794	Tet_JBP	PF12851.13	1e-55
Eeur_XP_060052020.1	1632	1965	Tet_JBP	PF12851.13	1.3e-49
Takrub_XP_029691619.1	965	1430	Tet_JBP	PF12851.13	1.1e-55
Stepar_XP_008304713.1	1638	2100	Tet_JBP	PF12851.13	1.2e-55
Sorb_XP_030011174.1	921	1383	Tet_JBP	PF12851.13	1.1e-55
Cgob_XP_029305177.1	1627	2082	Tet_JBP	PF12851.13	1.5e-55
Pcan_XP_025092856.1	993	1633	Tet_JBP	PF12851.13	1.2e-55
Pcan_XP_025092864.1	993	1633	Tet_JBP	PF12851.13	1.2e-55
Pcan_XP_025092873.1	993	1633	Tet_JBP	PF12851.13	1.2e-55
Mcya_ENSMCSP00000013102.1	752	1196	Tet_JBP	PF12851.13	1.4e-55
Salsal_XP_014026414.1	1139	1847	Tet_JBP	PF12851.13	2.9e-55
Salsal_XP_014026415.1	1139	1847	Tet_JBP	PF12851.13	2.9e-55
Bspl_XP_029017453.1	1089	1800	Tet_JBP	PF12851.13	1.9e-55
Bspl_XP_029017455.1	1089	1800	Tet_JBP	PF12851.13	1.9e-55
Bspl_XP_055367537.1	1089	1800	Tet_JBP	PF12851.13	1.9e-55
Bspl_XP_055367538.1	1089	1800	Tet_JBP	PF12851.13	1.9e-55
Bspl_XP_029017451.1	1106	1817	Tet_JBP	PF12851.13	2e-55
Saur_XP_030297568.1	1619	2078	Tet_JBP	PF12851.13	1.6e-55
Stru_XP_029619206.1	1122	1805	Tet_JBP	PF12851.13	1.3e-55
Stru_XP_029619207.1	1122	1805	Tet_JBP	PF12851.13	1.3e-55
Stru_XP_029619208.1	1122	1805	Tet_JBP	PF12851.13	1.3e-55
Serdum_XP_022608017.1	1120	1844	Tet_JBP	PF12851.13	2.3e-55
Ates_XP_026210345.1	1627	2091	Tet_JBP	PF12851.13	1.6e-55
Salsal_XP_014026413.1	1285	1993	Tet_JBP	PF12851.13	3.4e-55
Stru_XP_029619204.1	1230	1913	Tet_JBP	PF12851.13	1.4e-55
Salsal_XP_014026412.1	1305	2013	Tet_JBP	PF12851.13	3.4e-55
Bspl_XP_040928141.1	1250	1961	Tet_JBP	PF12851.13	2.3e-55
Xcou_XP_027888580.1	1094	1839	Tet_JBP	PF12851.13	1.5e-55
Xcou_XP_027888581.1	1094	1839	Tet_JBP	PF12851.13	1.5e-55
Jjac_XP_045009156.1	858	1569	Tet_JBP	PF12851.13	1.4e-55
Jjac_XP_045009157.1	858	1569	Tet_JBP	PF12851.13	1.4e-55
Jjac_XP_045009158.1	858	1569	Tet_JBP	PF12851.13	1.4e-55
Jjac_XP_045009159.1	858	1569	Tet_JBP	PF12851.13	1.4e-55
Xcou_XP_027888579.1	1118	1863	Tet_JBP	PF12851.13	1.5e-55
Mzeb_XP_004551793.2	1612	2069	Tet_JBP	PF12851.13	1.7e-55
Mzeb_XP_004551794.2	1612	2069	Tet_JBP	PF12851.13	1.7e-55
Jjac_XP_045009154.1	993	1704	Tet_JBP	PF12851.13	1.7e-55
Jjac_XP_045009155.1	993	1704	Tet_JBP	PF12851.13	1.7e-55
Astcal_XP_026045125.1	1612	2069	Tet_JBP	PF12851.13	1.7e-55
Astcal_XP_026045126.1	1612	2069	Tet_JBP	PF12851.13	1.7e-55
Astcal_XP_026045127.1	1612	2069	Tet_JBP	PF12851.13	1.7e-55
Salsal_XP_014017101.2	1282	1961	Tet_JBP	PF12851.13	1.5e-55
Omyk_XP_036792038.1	1096	1777	Tet_JBP	PF12851.13	1.7e-55
Omyk_XP_036792039.1	1096	1777	Tet_JBP	PF12851.13	1.7e-55
Omyk_XP_036792040.1	1096	1777	Tet_JBP	PF12851.13	1.7e-55
Monalb_XP_020457198.1	1603	2053	Tet_JBP	PF12851.13	1.8e-55
Pcin_XP_020863390.1	1088	1816	Tet_JBP	PF12851.13	1.8e-55
Pcin_XP_020863391.1	1088	1816	Tet_JBP	PF12851.13	1.8e-55
Pcin_XP_020863392.1	1088	1816	Tet_JBP	PF12851.13	1.8e-55
Otsh_XP_042187369.1	1098	1779	Tet_JBP	PF12851.13	1.7e-55
Otsh_XP_042187370.1	1098	1779	Tet_JBP	PF12851.13	1.7e-55
Otsh_XP_042187371.1	1098	1779	Tet_JBP	PF12851.13	1.7e-55
Pcin_XP_020863394.1	946	1674	Tet_JBP	PF12851.13	1.5e-55
Pcin_XP_020863395.1	946	1674	Tet_JBP	PF12851.13	1.5e-55
Xcou_XP_027888577.1	1190	1935	Tet_JBP	PF12851.13	1.6e-55
Otsh_XP_042187368.1	1115	1796	Tet_JBP	PF12851.13	1.7e-55
Pcin_XP_020863393.1	962	1690	Tet_JBP	PF12851.13	1.6e-55
Dasnov_XP_058134912.1	982	1695	Tet_JBP	PF12851.13	1.8e-55
Xmac_XP_023198613.1	1094	1854	Tet_JBP	PF12851.13	1.6e-55
Xmac_XP_023198614.1	1094	1854	Tet_JBP	PF12851.13	1.6e-55
Okis_XP_031685644.1	1082	1765	Tet_JBP	PF12851.13	1.7e-55
Okis_XP_031685645.1	1082	1765	Tet_JBP	PF12851.13	1.7e-55
Sorb_XP_030011173.1	1617	2079	Tet_JBP	PF12851.13	2.2e-55
Myrmur_XP_029915258.1	1127	1852	Tet_JBP	PF12851.13	2e-55
Xcou_XP_027888576.1	1252	1997	Tet_JBP	PF12851.13	1.7e-55
Xmac_XP_023198612.1	1118	1878	Tet_JBP	PF12851.13	1.7e-55
Cruf_ENSCRFP00000001566.1	752	1192	Tet_JBP	PF12851.13	1.9e-55
Cypcar_XP_042609231.1	1116	1809	Tet_JBP	PF12851.13	1.8e-55
Cypcar_XP_042609237.1	1116	1809	Tet_JBP	PF12851.13	1.8e-55
Cypcar_XP_042609245.1	1116	1809	Tet_JBP	PF12851.13	1.8e-55
Omyk_XP_036792037.1	1242	1923	Tet_JBP	PF12851.13	1.9e-55
Pret_XP_008415888.1	1093	1857	Tet_JBP	PF12851.13	1.8e-55
Omyk_XP_036792035.1	1262	1943	Tet_JBP	PF12851.13	2e-55
Omyk_XP_036792036.1	1262	1943	Tet_JBP	PF12851.13	2e-55
Caraur_XP_026100780.1	1109	1802	Tet_JBP	PF12851.13	1.9e-55
Caraur_XP_026100783.1	1109	1802	Tet_JBP	PF12851.13	1.9e-55
Caraur_XP_026100784.1	1109	1802	Tet_JBP	PF12851.13	1.9e-55
Caraur_XP_026100790.1	1109	1802	Tet_JBP	PF12851.13	1.9e-55
Caraur_XP_026100798.1	1109	1802	Tet_JBP	PF12851.13	1.9e-55
Gacu_XP_040035086.1	1596	2057	Tet_JBP	PF12851.13	2.3e-55
Xmac_XP_023198611.1	1190	1950	Tet_JBP	PF12851.13	1.8e-55
Stru_XP_029572485.1	1139	1848	Tet_JBP	PF12851.13	2.9e-55
Stru_XP_029572486.1	1139	1848	Tet_JBP	PF12851.13	2.9e-55
Olat_XP_011491501.1	871	1318	Tet_JBP	PF12851.13	2.1e-55
Pret_XP_008415887.1	1117	1881	Tet_JBP	PF12851.13	1.8e-55
Aper_ENSAPEP00000005680.1	1122	1843	Tet_JBP	PF12851.13	6e-55
Pfor_XP_016533322.1	1190	1953	Tet_JBP	PF12851.13	1.9e-55
Olat_XP_011491500.1	891	1338	Tet_JBP	PF12851.13	2.1e-55
Pmex_XP_014826915.1	1094	1872	Tet_JBP	PF12851.13	1.9e-55
Aper_ENSAPEP00000005690.1	1146	1867	Tet_JBP	PF12851.13	6.2e-55
Plat_XP_014873535.1	1094	1872	Tet_JBP	PF12851.13	1.9e-55
Takrub_XP_011601624.2	1581	2046	Tet_JBP	PF12851.13	2e-55
Takrub_XP_029691618.1	1581	2046	Tet_JBP	PF12851.13	2e-55
Pfor_XP_007564779.1	1094	1872	Tet_JBP	PF12851.13	1.9e-55
Hcom_XP_019715373.1	1468	1870	Tet_JBP	PF12851.13	2.1e-55
Xmac_XP_023198610.1	1252	2012	Tet_JBP	PF12851.13	1.9e-55
Okis_XP_031685643.1	1228	1911	Tet_JBP	PF12851.13	2e-55
Hcom_XP_019715372.1	1468	1871	Tet_JBP	PF12851.13	2.1e-55
Hhuc_ENSHHUP00000039662.1	1134	1789	Tet_JBP	PF12851.13	1.9e-55
Cypcar_XP_042609222.1	1254	1947	Tet_JBP	PF12851.13	2.1e-55
Pmex_XP_014826914.1	1118	1896	Tet_JBP	PF12851.13	2e-55
Pmex_XP_014826913.1	1190	1958	Tet_JBP	PF12851.13	1.9e-55
Plat_XP_014873534.1	1118	1896	Tet_JBP	PF12851.13	2e-55
Pfor_XP_007564778.1	1118	1896	Tet_JBP	PF12851.13	2e-55
Pfor_XP_016533321.1	1190	1958	Tet_JBP	PF12851.13	1.9e-55
Pret_XP_008415886.1	1189	1953	Tet_JBP	PF12851.13	2e-55
Cypcar_XP_042609211.1	1273	1966	Tet_JBP	PF12851.13	2.1e-55
Cypcar_XP_042609217.1	1273	1966	Tet_JBP	PF12851.13	2.1e-55
Slal_XP_023253393.1	1120	1841	Tet_JBP	PF12851.13	3.4e-55
Slal_XP_023253394.1	1120	1841	Tet_JBP	PF12851.13	3.4e-55
Slal_XP_023253395.1	1120	1841	Tet_JBP	PF12851.13	3.4e-55
Ptep_XP_042897925.1	796	1591	Tet_JBP	PF12851.13	3.5e-55
Pmex_XP_014826912.1	1190	1968	Tet_JBP	PF12851.13	2.1e-55
Plat_XP_014873533.1	1190	1968	Tet_JBP	PF12851.13	2.1e-55
Pfor_XP_007564776.1	1190	1968	Tet_JBP	PF12851.13	2.1e-55
Aoce_XP_023131628.2	1221	1942	Tet_JBP	PF12851.13	6.7e-55
Caraur_XP_026100770.1	1266	1959	Tet_JBP	PF12851.13	2.2e-55
Caraur_XP_026100775.1	1266	1959	Tet_JBP	PF12851.13	2.2e-55
Nfur_XP_015799858.3	1598	2059	Tet_JBP	PF12851.13	2.4e-55
Nfur_XP_070398043.1	1598	2059	Tet_JBP	PF12851.13	2.4e-55
Ates_XP_026199403.1	1097	1815	Tet_JBP	PF12851.13	2.8e-55
Ates_XP_026199404.1	1097	1815	Tet_JBP	PF12851.13	2.8e-55
Ates_XP_026199405.1	1097	1815	Tet_JBP	PF12851.13	2.8e-55
Ates_XP_026199406.1	1097	1815	Tet_JBP	PF12851.13	2.8e-55
Sara_XP_054995522.1	965	1257	Tet_JBP	PF12851.13	1e-48
Slal_XP_023261513.1	874	1334	Tet_JBP	PF12851.13	2.5e-55
Fhet_XP_012735978.2	1531	1978	Tet_JBP	PF12851.13	2.9e-55
Fhet_XP_012735979.2	1531	1978	Tet_JBP	PF12851.13	2.9e-55
Slal_XP_023261512.1	903	1363	Tet_JBP	PF12851.13	2.6e-55
Ccan_XP_020022004.1	854	1565	Tet_JBP	PF12851.13	2.5e-55
Ccan_XP_020022005.1	854	1565	Tet_JBP	PF12851.13	2.5e-55
Ccan_XP_020022002.1	989	1700	Tet_JBP	PF12851.13	3e-55
Ates_XP_026199401.1	1235	1953	Tet_JBP	PF12851.13	3.3e-55
Ccan_XP_020022003.1	896	1607	Tet_JBP	PF12851.13	2.7e-55
Mpah_XP_021060711.1	1583	1960	Tet_JBP	PF12851.13	5.1e-48
Ampcit_ENSACIP00000012785.1	295	972	Tet_JBP	PF12851.13	3.1e-55
Clum_XP_034407591.1	1618	2074	Tet_JBP	PF12851.13	3.8e-55
Ampcit_ENSACIP00000012770.1	301	978	Tet_JBP	PF12851.13	3.1e-55
Sans_XP_016353442.1	1117	1812	Tet_JBP	PF12851.13	3e-55
Sans_XP_016353443.1	1117	1812	Tet_JBP	PF12851.13	3e-55
Sans_XP_016353445.1	1117	1812	Tet_JBP	PF12851.13	3e-55
Mmol_ENSMMOP00000013695.1	1343	1765	Tet_JBP	PF12851.13	3.8e-55
Singra_XP_016089039.1	1117	1812	Tet_JBP	PF12851.13	3.1e-55
Singra_XP_016089040.1	1117	1812	Tet_JBP	PF12851.13	3.1e-55
Singra_XP_016089041.1	1117	1812	Tet_JBP	PF12851.13	3.1e-55
Singra_XP_016089042.1	1117	1812	Tet_JBP	PF12851.13	3.1e-55
Fhet_XP_021180229.2	1099	1825	Tet_JBP	PF12851.13	3.6e-55
Sans_XP_016353441.1	1255	1950	Tet_JBP	PF12851.13	3.5e-55
Sans_XP_016353440.1	1255	1950	Tet_JBP	PF12851.13	3.5e-55
Fhet_XP_036000517.1	1123	1849	Tet_JBP	PF12851.13	3.7e-55
Amex_XP_049326642.1	1128	1814	Tet_JBP	PF12851.13	3.3e-55
Amex_XP_049326643.1	1128	1814	Tet_JBP	PF12851.13	3.3e-55
Fdam_XP_010629839.1	991	1702	Tet_JBP	PF12851.13	3.8e-55
Fdam_XP_033620742.1	856	1567	Tet_JBP	PF12851.13	3.2e-55
Fdam_XP_033620747.1	856	1567	Tet_JBP	PF12851.13	3.2e-55
Cruf_ENSCRFP00000001554.1	1620	2062	Tet_JBP	PF12851.13	4.5e-55
Fhet_XP_012733499.3	1195	1921	Tet_JBP	PF12851.13	4e-55
Omel_XP_024153602.1	1514	1941	Tet_JBP	PF12851.13	4.2e-55
Omel_XP_024153603.1	1514	1941	Tet_JBP	PF12851.13	4.2e-55
Ptep_XP_042897917.1	1208	2003	Tet_JBP	PF12851.13	5.9e-55
Ptep_XP_042897918.1	1208	2003	Tet_JBP	PF12851.13	5.9e-55
Ptep_XP_042897919.1	1208	2003	Tet_JBP	PF12851.13	5.9e-55
Ptep_XP_042897920.1	1208	2003	Tet_JBP	PF12851.13	5.9e-55
Ptep_XP_042897921.1	1208	2003	Tet_JBP	PF12851.13	5.9e-55
Ptep_XP_042897923.1	1208	2003	Tet_JBP	PF12851.13	5.9e-55
Ptep_XP_071034993.1	1208	2003	Tet_JBP	PF12851.13	5.9e-55
Hgla_XP_021113959.1	857	1568	Tet_JBP	PF12851.13	3.3e-55
Hgla_XP_021113960.1	857	1568	Tet_JBP	PF12851.13	3.3e-55
Hgla_XP_004844767.1	992	1703	Tet_JBP	PF12851.13	3.9e-55
Hgla_XP_012927674.1	992	1703	Tet_JBP	PF12851.13	3.9e-55
Hgla_XP_012927675.1	992	1703	Tet_JBP	PF12851.13	3.9e-55
Hgla_XP_021113957.1	992	1703	Tet_JBP	PF12851.13	3.9e-55
Hgla_XP_021113958.1	992	1703	Tet_JBP	PF12851.13	3.9e-55
Xtro_XP_031753347.1	987	1677	Tet_JBP	PF12851.13	4e-55
Xtro_XP_031753348.1	987	1677	Tet_JBP	PF12851.13	4e-55
Xtro_XP_031753349.1	987	1677	Tet_JBP	PF12851.13	4e-55
Xtro_XP_031753350.1	987	1677	Tet_JBP	PF12851.13	4e-55
Hhuc_ENSHHUP00000089277.1	1267	1947	Tet_JBP	PF12851.13	5.3e-55
Ngal_XP_029411841.1	854	1567	Tet_JBP	PF12851.13	3.5e-55
Fhet_XP_036000516.1	1260	1986	Tet_JBP	PF12851.13	4.3e-55
Amex_XP_022520435.2	1270	1956	Tet_JBP	PF12851.13	3.8e-55
Ngal_XP_008851078.2	989	1702	Tet_JBP	PF12851.13	4.1e-55
Vurs_XP_027711422.1	1021	1752	Tet_JBP	PF12851.13	4.4e-55
Otsh_XP_024285211.1	912	1410	Tet_JBP	PF12851.13	3.8e-55
Okis_XP_031691355.1	912	1410	Tet_JBP	PF12851.13	3.8e-55
Olat_XP_023818916.1	1583	2030	Tet_JBP	PF12851.13	4.3e-55
Smax_XP_035461076.2	1608	2072	Tet_JBP	PF12851.13	4.7e-55
Smax_XP_035461078.2	1608	2072	Tet_JBP	PF12851.13	4.7e-55
Salsal_XP_045578475.1	920	1417	Tet_JBP	PF12851.13	4e-55
Rnor_XP_038955253.1	935	1331	Tet_JBP	PF12851.13	5.5e-48
Rnor_XP_063135732.1	935	1331	Tet_JBP	PF12851.13	5.5e-48
Omyk_XP_021436523.2	958	1456	Tet_JBP	PF12851.13	4e-55
Xtro_NP_001090656.1	1114	1804	Tet_JBP	PF12851.13	4.6e-55
Pnye_XP_005747817.1	1116	1835	Tet_JBP	PF12851.13	4.3e-55
Pnye_XP_005747818.1	1116	1835	Tet_JBP	PF12851.13	4.3e-55
Amex_XP_049337293.1	1151	1716	Tet_JBP	PF12851.13	1.2e-46
Serdum_XP_022619213.1	1650	2110	Tet_JBP	PF12851.13	4.4e-55
Hapbur_XP_005936958.1	1116	1835	Tet_JBP	PF12851.13	4.3e-55
Hapbur_XP_005936959.1	1116	1835	Tet_JBP	PF12851.13	4.3e-55
Salsal_XP_014070645.2	966	1463	Tet_JBP	PF12851.13	4.2e-55
Otsh_XP_024273620.2	1132	1841	Tet_JBP	PF12851.13	6.5e-55
Otsh_XP_042176623.1	1132	1841	Tet_JBP	PF12851.13	6.5e-55
Otsh_XP_042176624.1	1132	1841	Tet_JBP	PF12851.13	6.5e-55
Xtro_XP_031753346.1	1126	1816	Tet_JBP	PF12851.13	4.7e-55
Pnye_XP_005747816.1	1139	1858	Tet_JBP	PF12851.13	4.4e-55
Hapbur_XP_042082689.1	1139	1858	Tet_JBP	PF12851.13	4.4e-55
Xtro_XP_031753342.1	1145	1835	Tet_JBP	PF12851.13	4.8e-55
Xtro_XP_031753343.1	1145	1835	Tet_JBP	PF12851.13	4.8e-55
Xtro_XP_031753345.1	1145	1835	Tet_JBP	PF12851.13	4.8e-55
Stru_XP_029554629.1	967	1464	Tet_JBP	PF12851.13	4.3e-55
Dclu_XP_028845578.1	1268	1722	Tet_JBP	PF12851.13	4.9e-55
Monalb_XP_020445938.1	1284	1975	Tet_JBP	PF12851.13	6.8e-55
Omyk_XP_036835909.1	1137	1846	Tet_JBP	PF12851.13	6.6e-55
Omyk_XP_036835910.1	1137	1846	Tet_JBP	PF12851.13	6.6e-55
Omyk_XP_036835911.1	1137	1846	Tet_JBP	PF12851.13	6.6e-55
Gaff_XP_043968683.1	1094	1851	Tet_JBP	PF12851.13	4.7e-55
Hapbur_XP_005936956.1	1257	1976	Tet_JBP	PF12851.13	5e-55
Hapbur_XP_042082688.1	1277	1996	Tet_JBP	PF12851.13	5.1e-55
Sluc_XP_031161234.1	1642	2103	Tet_JBP	PF12851.13	6.4e-55
Sluc_XP_031161247.1	1640	2101	Tet_JBP	PF12851.13	6.4e-55
Cvar_XP_015242894.1	1532	1981	Tet_JBP	PF12851.13	5.1e-55
Lana_XP_013410269.1	737	1548	Tet_JBP	PF12851.13	6.3e-55
Lana_XP_013410270.1	737	1548	Tet_JBP	PF12851.13	6.3e-55
Lana_XP_013410271.1	737	1548	Tet_JBP	PF12851.13	6.3e-55
Gaff_XP_043968682.1	1150	1907	Tet_JBP	PF12851.13	5e-55
Okis_XP_020329665.1	1126	1835	Tet_JBP	PF12851.13	6.5e-55
Opri_XP_058523721.1	856	1575	Tet_JBP	PF12851.13	4.9e-55
Opri_XP_058523720.1	972	1691	Tet_JBP	PF12851.13	5.7e-55
Gaff_XP_043968681.1	1170	1927	Tet_JBP	PF12851.13	5.1e-55
Slal_XP_023261511.1	1626	2086	Tet_JBP	PF12851.13	5.4e-55
Takrub_XP_011613724.2	1234	1938	Tet_JBP	PF12851.13	6e-55
Opri_XP_058523716.1	991	1710	Tet_JBP	PF12851.13	5.8e-55
Opri_XP_058523717.1	991	1710	Tet_JBP	PF12851.13	5.8e-55
Opri_XP_058523718.1	991	1710	Tet_JBP	PF12851.13	5.8e-55
Gaff_XP_043968680.1	1190	1947	Tet_JBP	PF12851.13	5.2e-55
Okis_XP_020329659.1	1184	1893	Tet_JBP	PF12851.13	6.9e-55
Gaff_XP_043968679.1	1244	2001	Tet_JBP	PF12851.13	5.5e-55
Sara_XP_054975989.1	987	1705	Tet_JBP	PF12851.13	6e-55
Sara_XP_054975990.1	987	1705	Tet_JBP	PF12851.13	6e-55
Lber_XP_020510455.2	1121	1822	Tet_JBP	PF12851.13	5.4e-55
Omyk_XP_036835908.1	1283	1992	Tet_JBP	PF12851.13	7.7e-55
Omyk_XP_036835907.1	1303	2012	Tet_JBP	PF12851.13	7.8e-55
Tran_XP_029241821.1	123	279	Tet_JBP	PF12851.13	2.1e-54
Okis_XP_031661122.1	1272	1981	Tet_JBP	PF12851.13	7.6e-55
Okis_XP_031661128.1	1272	1981	Tet_JBP	PF12851.13	7.6e-55
Sfas_XP_029959740.1	1217	1928	Tet_JBP	PF12851.13	2.1e-54
Dord_XP_012890098.1	990	1702	Tet_JBP	PF12851.13	7.5e-55
Tnig_CAG09718.1	1643	2192	Tet_JBP	PF12851.13	6.6e-55
Lcal_XP_018524460.1	1216	1946	Tet_JBP	PF12851.13	1.6e-54
Lcro_XP_010738058.2	1116	1837	Tet_JBP	PF12851.13	6.9e-55
Lcro_XP_010738059.2	1116	1837	Tet_JBP	PF12851.13	6.9e-55
Lcro_XP_019121513.2	1116	1837	Tet_JBP	PF12851.13	6.9e-55
Lcro_XP_019121515.2	1116	1837	Tet_JBP	PF12851.13	6.9e-55
Gwil_XP_028323765.1	1553	1992	Tet_JBP	PF12851.13	9.3e-55
Lcro_XP_019121499.2	1133	1854	Tet_JBP	PF12851.13	7e-55
Lcro_XP_019121491.2	1140	1861	Tet_JBP	PF12851.13	7.1e-55
Gwil_XP_028323764.1	1582	2021	Tet_JBP	PF12851.13	9.5e-55
Sara_XP_054995521.1	1607	1898	Tet_JBP	PF12851.13	2e-48
Omyk_XP_036843056.1	918	1415	Tet_JBP	PF12851.13	8e-55
Krymar_XP_017270116.1	1114	1870	Tet_JBP	PF12851.13	8.4e-55
Krymar_XP_017270117.1	1114	1870	Tet_JBP	PF12851.13	8.4e-55
Mput_XP_044934967.1	966	1676	Tet_JBP	PF12851.13	8.6e-55
Okis_XP_031679651.1	985	1480	Tet_JBP	PF12851.13	8.3e-55
Omyk_XP_036843047.1	964	1461	Tet_JBP	PF12851.13	8.5e-55
Krymar_XP_024861361.1	1156	1912	Tet_JBP	PF12851.13	8.8e-55
Lcro_XP_027129076.1	1277	1998	Tet_JBP	PF12851.13	8.2e-55
Lcro_XP_027129079.1	1277	1998	Tet_JBP	PF12851.13	8.2e-55
Lcro_XP_027129085.1	1277	1998	Tet_JBP	PF12851.13	8.2e-55
Mput_XP_044934965.1	985	1695	Tet_JBP	PF12851.13	8.8e-55
Mput_XP_044934966.1	985	1695	Tet_JBP	PF12851.13	8.8e-55
Krymar_XP_037831374.1	1157	1913	Tet_JBP	PF12851.13	8.8e-55
Hcom_XP_019740730.1	1083	1797	Tet_JBP	PF12851.13	3.1e-54
Hcom_XP_019740731.1	1083	1797	Tet_JBP	PF12851.13	3.1e-54
Hcom_XP_019740732.1	1083	1797	Tet_JBP	PF12851.13	3.1e-54
Hcom_XP_019740733.1	1083	1797	Tet_JBP	PF12851.13	3.1e-54
Hcom_XP_019740734.1	1083	1797	Tet_JBP	PF12851.13	3.1e-54
Hcom_XP_019740735.1	1083	1797	Tet_JBP	PF12851.13	3.1e-54
Omyk_XP_021436521.2	1768	2266	Tet_JBP	PF12851.13	8.6e-55
Otsh_XP_042154979.1	965	1462	Tet_JBP	PF12851.13	8.9e-55
Mput_XP_004742276.1	892	1602	Tet_JBP	PF12851.13	7.8e-55
Otsh_XP_042154978.1	974	1471	Tet_JBP	PF12851.13	9e-55
Neomel_ENSNMLP00000000188.1	750	1096	Tet_JBP	PF12851.13	8.1e-55
Otsh_XP_042181218.1	1765	2263	Tet_JBP	PF12851.13	8.7e-55
Stru_XP_029608160.1	955	1465	Tet_JBP	PF12851.13	9.5e-55
Okis_XP_020350985.2	1768	2266	Tet_JBP	PF12851.13	8.7e-55
Rfer_XP_032980301.1	987	1697	Tet_JBP	PF12851.13	9.3e-55
Rnor_XP_038955252.1	1586	1982	Tet_JBP	PF12851.13	1.1e-47
Salsal_XP_014070638.2	1774	2271	Tet_JBP	PF12851.13	8.9e-55
Nbri_XP_006797538.1	1116	1835	Tet_JBP	PF12851.13	1.1e-54
Nbri_XP_006797539.1	1116	1835	Tet_JBP	PF12851.13	1.1e-54
Shar_XP_031805490.1	1095	1825	Tet_JBP	PF12851.13	1e-54
Salsal_XP_014010488.2	955	1465	Tet_JBP	PF12851.13	9.7e-55
Stru_XP_029554628.1	1771	2268	Tet_JBP	PF12851.13	9.1e-55
Shar_XP_031805488.1	1118	1848	Tet_JBP	PF12851.13	1e-54
Shar_XP_031805489.1	1118	1848	Tet_JBP	PF12851.13	1e-54
Ailmel_XP_019657582.2	985	1694	Tet_JBP	PF12851.13	9.6e-55
Ailmel_XP_034515266.1	985	1694	Tet_JBP	PF12851.13	9.6e-55
Nbri_XP_006797537.1	1151	1870	Tet_JBP	PF12851.13	1.1e-54
Nvis_XP_044117348.1	966	1676	Tet_JBP	PF12851.13	1e-54
Ailmel_XP_034515267.1	892	1601	Tet_JBP	PF12851.13	8.5e-55
Sluc_XP_031156444.2	1106	1818	Tet_JBP	PF12851.13	1.3e-54
Sluc_XP_035851207.1	1106	1818	Tet_JBP	PF12851.13	1.3e-54
Sluc_XP_035851213.1	1106	1818	Tet_JBP	PF12851.13	1.3e-54
Sluc_XP_035851217.1	1106	1818	Tet_JBP	PF12851.13	1.3e-54
Nvis_XP_044117346.1	985	1695	Tet_JBP	PF12851.13	1e-54
Nvis_XP_044117347.1	985	1695	Tet_JBP	PF12851.13	1e-54
Nvis_XP_044117351.1	866	1576	Tet_JBP	PF12851.13	8.8e-55
Sluc_XP_035851200.1	1123	1835	Tet_JBP	PF12851.13	1.3e-54
Shar_XP_031805492.1	976	1706	Tet_JBP	PF12851.13	8.9e-55
Shar_XP_031805493.1	976	1706	Tet_JBP	PF12851.13	8.9e-55
Shar_XP_031805494.1	976	1706	Tet_JBP	PF12851.13	8.9e-55
Cpor_XP_013007019.1	861	1572	Tet_JBP	PF12851.13	8.8e-55
Cpor_XP_063085673.1	861	1572	Tet_JBP	PF12851.13	8.8e-55
Sluc_XP_035851199.1	1130	1842	Tet_JBP	PF12851.13	1.3e-54
Nvis_XP_044117350.1	876	1586	Tet_JBP	PF12851.13	8.9e-55
Cpor_XP_063085669.1	996	1707	Tet_JBP	PF12851.13	1e-54
Cpor_XP_063085670.1	996	1707	Tet_JBP	PF12851.13	1e-54
Cpor_XP_063085671.1	996	1707	Tet_JBP	PF12851.13	1e-54
Cpor_XP_063085672.1	996	1707	Tet_JBP	PF12851.13	1e-54
Hcom_XP_019740727.1	1219	1933	Tet_JBP	PF12851.13	3.6e-54
Hcom_XP_019740728.1	1219	1933	Tet_JBP	PF12851.13	3.6e-54
Nvis_XP_044117349.1	892	1602	Tet_JBP	PF12851.13	9.1e-55
Bgru_ENSBGRP00000016782.1	956	1649	Tet_JBP	PF12851.13	1.1e-54
Bgru_ENSBGRP00000016848.1	962	1655	Tet_JBP	PF12851.13	1.1e-54
Cpor_XP_005003401.1	903	1614	Tet_JBP	PF12851.13	9.3e-55
Shar_XP_031805491.1	1029	1759	Tet_JBP	PF12851.13	9.4e-55
Cpor_XP_023420543.1	920	1631	Tet_JBP	PF12851.13	9.5e-55
Sfas_XP_029962214.1	1632	2098	Tet_JBP	PF12851.13	1.2e-54
Nbri_XP_035766535.1	1277	1996	Tet_JBP	PF12851.13	1.3e-54
Clup_XP_038417661.1	852	1562	Tet_JBP	PF12851.13	9.9e-55
Clup_XP_038417662.1	852	1562	Tet_JBP	PF12851.13	9.9e-55
Eeur_XP_060043039.1	968	1679	Tet_JBP	PF12851.13	1.1e-54
Clup_XP_038417660.1	987	1697	Tet_JBP	PF12851.13	1.2e-54
Vvul_XP_025850312.1	852	1562	Tet_JBP	PF12851.13	1e-54
Stepar_XP_008295947.1	1220	1944	Tet_JBP	PF12851.13	1.9e-54
Eeur_XP_060043035.1	986	1697	Tet_JBP	PF12851.13	1.2e-54
Eeur_XP_060043036.1	986	1697	Tet_JBP	PF12851.13	1.2e-54
Eeur_XP_060043037.1	986	1697	Tet_JBP	PF12851.13	1.2e-54
Eeur_XP_060043038.1	986	1697	Tet_JBP	PF12851.13	1.2e-54
Neomel_ENSNMLP00000022580.1	813	1170	Tet_JBP	PF12851.13	1.1e-54
Vvul_XP_025850311.1	987	1697	Tet_JBP	PF12851.13	1.2e-54
Sdau_ENSSDAP00000018885.1	859	1533	Tet_JBP	PF12851.13	1e-54
Mmar_XP_048643329.1	888	1601	Tet_JBP	PF12851.13	1e-54
Mmar_XP_048643324.1	1023	1736	Tet_JBP	PF12851.13	1.2e-54
Mmar_XP_048643325.1	1023	1736	Tet_JBP	PF12851.13	1.2e-54
Mmar_XP_048643326.1	1023	1736	Tet_JBP	PF12851.13	1.2e-54
Mmar_XP_048643327.1	1023	1736	Tet_JBP	PF12851.13	1.2e-54
Eeur_XP_060043040.1	893	1604	Tet_JBP	PF12851.13	1e-54
Gmor_XP_030213486.1	1113	1838	Tet_JBP	PF12851.13	1.2e-54
Gmor_XP_030213487.1	1113	1838	Tet_JBP	PF12851.13	1.2e-54
Gmor_XP_030213488.1	1113	1838	Tet_JBP	PF12851.13	1.2e-54
Gmor_XP_030213489.1	1113	1838	Tet_JBP	PF12851.13	1.2e-54
Bmut_XP_070235918.1	981	1694	Tet_JBP	PF12851.13	1.3e-54
Umar_XP_008698229.2	985	1694	Tet_JBP	PF12851.13	1.2e-54
Umar_XP_040479245.1	985	1694	Tet_JBP	PF12851.13	1.2e-54
Umar_XP_040479246.1	985	1694	Tet_JBP	PF12851.13	1.2e-54
Pvam_XP_039708581.1	849	1559	Tet_JBP	PF12851.13	1.1e-54
Pvam_XP_039708582.1	849	1559	Tet_JBP	PF12851.13	1.1e-54
Uame_XP_045644260.1	985	1694	Tet_JBP	PF12851.13	1.2e-54
Uame_XP_045644261.1	985	1694	Tet_JBP	PF12851.13	1.2e-54
Uame_XP_045644263.1	985	1694	Tet_JBP	PF12851.13	1.2e-54
Uthi_ENSUTTP00000033221.1	985	1694	Tet_JBP	PF12851.13	1.2e-54
Singra_XP_016096277.1	1114	1805	Tet_JBP	PF12851.13	1.3e-54
Singra_XP_016096278.1	1114	1805	Tet_JBP	PF12851.13	1.3e-54
Singra_XP_016096279.1	1114	1805	Tet_JBP	PF12851.13	1.3e-54
Odeg_XP_023574158.1	1018	1728	Tet_JBP	PF12851.13	1.3e-54
Umar_XP_040479247.1	892	1601	Tet_JBP	PF12851.13	1.1e-54
Mmar_XP_048643328.1	930	1643	Tet_JBP	PF12851.13	1.1e-54
Zcal_XP_027478336.2	985	1695	Tet_JBP	PF12851.13	1.2e-54
Mluc_XP_006096842.1	849	1559	Tet_JBP	PF12851.13	1.1e-54
Mluc_XP_014318156.1	849	1559	Tet_JBP	PF12851.13	1.1e-54
Mluc_XP_023616375.1	849	1559	Tet_JBP	PF12851.13	1.1e-54
Uame_XP_045644264.1	892	1601	Tet_JBP	PF12851.13	1.1e-54
Uthi_ENSUTTP00000033236.1	892	1601	Tet_JBP	PF12851.13	1.1e-54
Pvam_XP_039708574.1	984	1694	Tet_JBP	PF12851.13	1.3e-54
Pvam_XP_039708575.1	984	1694	Tet_JBP	PF12851.13	1.3e-54
Pvam_XP_039708576.1	984	1694	Tet_JBP	PF12851.13	1.3e-54
Pvam_XP_039708577.1	984	1694	Tet_JBP	PF12851.13	1.3e-54
Pvam_XP_039708579.1	984	1694	Tet_JBP	PF12851.13	1.3e-54
Srhi_XP_016367920.1	1113	1802	Tet_JBP	PF12851.13	1.2e-54
Srhi_XP_016367921.1	1113	1802	Tet_JBP	PF12851.13	1.2e-54
Srhi_XP_016367922.1	1113	1802	Tet_JBP	PF12851.13	1.2e-54
Srhi_XP_016367923.1	1113	1802	Tet_JBP	PF12851.13	1.2e-54
Srhi_XP_016367924.1	1113	1802	Tet_JBP	PF12851.13	1.2e-54
Sscr_XP_020943024.1	983	1697	Tet_JBP	PF12851.13	1.3e-54
Clan_XP_005385585.1	1030	1741	Tet_JBP	PF12851.13	1.3e-54
Clan_XP_005385586.1	1030	1741	Tet_JBP	PF12851.13	1.3e-54
Clan_XP_013370087.1	1030	1741	Tet_JBP	PF12851.13	1.3e-54
Clan_XP_013370088.1	1030	1741	Tet_JBP	PF12851.13	1.3e-54
Clan_XP_013370090.1	1030	1741	Tet_JBP	PF12851.13	1.3e-54
Chir_XP_017910514.1	846	1559	Tet_JBP	PF12851.13	1.2e-54
Oari_XP_042104036.1	962	1676	Tet_JBP	PF12851.13	1.4e-54
Bind_XP_070654526.1	846	1559	Tet_JBP	PF12851.13	1.2e-54
Btau_XP_024855134.1	962	1675	Tet_JBP	PF12851.13	1.4e-54
Clan_XP_005385589.1	937	1648	Tet_JBP	PF12851.13	1.1e-54
Neomel_ENSNMLP00000022583.1	894	1251	Tet_JBP	PF12851.13	1.2e-54
Chir_XP_017910512.1	981	1694	Tet_JBP	PF12851.13	1.4e-54
Bind_XP_070654524.1	981	1694	Tet_JBP	PF12851.13	1.4e-54
Oari_XP_014949947.3	981	1695	Tet_JBP	PF12851.13	1.4e-54
Oari_XP_042104035.1	981	1695	Tet_JBP	PF12851.13	1.4e-54
Tcon_XP_029223945.1	128	284	Tet_JBP	PF12851.13	6.9e-54
Pvam_XP_039708580.1	891	1601	Tet_JBP	PF12851.13	1.1e-54
Btau_XP_024855132.1	981	1694	Tet_JBP	PF12851.13	1.4e-54
Btau_XP_024855133.1	981	1694	Tet_JBP	PF12851.13	1.4e-54
Saur_XP_030274254.1	1108	1826	Tet_JBP	PF12851.13	1.5e-54
Saur_XP_030274255.1	1108	1826	Tet_JBP	PF12851.13	1.5e-54
Mmos_ENSMMSP00000016831.1	981	1698	Tet_JBP	PF12851.13	1.4e-54
Pmex_XP_014829893.1	859	1313	Tet_JBP	PF12851.13	1.3e-54
Chir_XP_017910513.1	888	1601	Tet_JBP	PF12851.13	1.2e-54
Easi_XP_070368048.1	850	1566	Tet_JBP	PF12851.13	1.2e-54
Pfor_XP_016534181.1	859	1313	Tet_JBP	PF12851.13	1.4e-54
Oari_XP_027822816.2	888	1602	Tet_JBP	PF12851.13	1.2e-54
Bind_XP_070654525.1	888	1601	Tet_JBP	PF12851.13	1.2e-54
Ecab_XP_023474637.1	971	1687	Tet_JBP	PF12851.13	1.4e-54
Btau_XP_024855135.1	888	1601	Tet_JBP	PF12851.13	1.2e-54
Phosin_XP_032509166.1	960	1679	Tet_JBP	PF12851.13	1.5e-54
Phosin_XP_032509169.1	844	1563	Tet_JBP	PF12851.13	1.2e-54
Phosin_XP_032509170.1	844	1563	Tet_JBP	PF12851.13	1.2e-54
Phosin_XP_032509171.1	844	1563	Tet_JBP	PF12851.13	1.2e-54
Easi_XP_044628622.2	985	1701	Tet_JBP	PF12851.13	1.4e-54
Easi_XP_070368044.1	985	1701	Tet_JBP	PF12851.13	1.4e-54
Easi_XP_070368045.1	985	1701	Tet_JBP	PF12851.13	1.4e-54
Easi_XP_070368046.1	985	1701	Tet_JBP	PF12851.13	1.4e-54
Easi_XP_070368047.1	985	1701	Tet_JBP	PF12851.13	1.4e-54
Dleu_XP_022418813.1	962	1681	Tet_JBP	PF12851.13	1.5e-54
Dleu_XP_022418815.1	846	1565	Tet_JBP	PF12851.13	1.3e-54
Myes_XP_021358786.1	767	1333	Tet_JBP	PF12851.13	1.2e-54
Ecab_XP_023474634.1	985	1701	Tet_JBP	PF12851.13	1.4e-54
Ecab_XP_023474635.1	985	1701	Tet_JBP	PF12851.13	1.4e-54
Ecab_XP_023474636.1	985	1701	Tet_JBP	PF12851.13	1.4e-54
Plat_XP_014907508.1	859	1313	Tet_JBP	PF12851.13	1.4e-54
Oari_XP_042104037.1	907	1621	Tet_JBP	PF12851.13	1.3e-54
Myes_XP_021358785.1	770	1336	Tet_JBP	PF12851.13	1.2e-54
Phosin_XP_032509164.1	979	1698	Tet_JBP	PF12851.13	1.5e-54
Phosin_XP_032509165.1	979	1698	Tet_JBP	PF12851.13	1.5e-54
Mmos_ENSMMSP00000016855.1	888	1605	Tet_JBP	PF12851.13	1.3e-54
Myes_XP_021358784.1	771	1337	Tet_JBP	PF12851.13	1.2e-54
Phymac_XP_023989266.1	853	1572	Tet_JBP	PF12851.13	1.3e-54
Phymac_XP_054945242.1	853	1572	Tet_JBP	PF12851.13	1.3e-54
Dleu_XP_022418811.1	981	1700	Tet_JBP	PF12851.13	1.5e-54
Dleu_XP_022418812.1	981	1700	Tet_JBP	PF12851.13	1.5e-54
Bmus_XP_036728745.1	967	1687	Tet_JBP	PF12851.13	1.5e-54
Mmon_XP_029087309.1	962	1681	Tet_JBP	PF12851.13	1.5e-54
Scivul_ENSSVLP00005028548.1	989	1702	Tet_JBP	PF12851.13	1.5e-54
Ttru_XP_033694062.1	962	1681	Tet_JBP	PF12851.13	1.5e-54
Phymac_XP_023989264.1	988	1707	Tet_JBP	PF12851.13	1.5e-54
Phymac_XP_028352337.1	988	1707	Tet_JBP	PF12851.13	1.5e-54
Easi_XP_014685290.3	892	1608	Tet_JBP	PF12851.13	1.3e-54
Ttru_XP_033694065.1	846	1565	Tet_JBP	PF12851.13	1.3e-54
Ttru_XP_033694066.1	846	1565	Tet_JBP	PF12851.13	1.3e-54
Upar_XP_026253249.1	985	1698	Tet_JBP	PF12851.13	1.5e-54
Bmus_XP_036728744.1	986	1706	Tet_JBP	PF12851.13	1.5e-54
Ecab_XP_023474638.1	892	1608	Tet_JBP	PF12851.13	1.3e-54
Mmon_XP_029087306.1	981	1700	Tet_JBP	PF12851.13	1.5e-54
Mmon_XP_029087307.1	981	1700	Tet_JBP	PF12851.13	1.5e-54
Mmon_XP_029087308.1	981	1700	Tet_JBP	PF12851.13	1.5e-54
Cwag_ENSCWAP00000019477.1	986	1703	Tet_JBP	PF12851.13	1.5e-54
Phosin_XP_032509168.1	886	1605	Tet_JBP	PF12851.13	1.3e-54
Ttru_XP_033694058.1	981	1700	Tet_JBP	PF12851.13	1.5e-54
Ttru_XP_033694059.1	981	1700	Tet_JBP	PF12851.13	1.5e-54
Ttru_XP_033694060.1	981	1700	Tet_JBP	PF12851.13	1.5e-54
Ttru_XP_033694061.1	981	1700	Tet_JBP	PF12851.13	1.5e-54
Phosin_XP_032509167.1	891	1610	Tet_JBP	PF12851.13	1.3e-54
Bmus_XP_036728743.1	1002	1722	Tet_JBP	PF12851.13	1.6e-54
Ssur_XP_029793479.1	850	1560	Tet_JBP	PF12851.13	1.3e-54
Dleu_XP_022418814.1	888	1607	Tet_JBP	PF12851.13	1.3e-54
Itri_XP_040127195.1	1004	1716	Tet_JBP	PF12851.13	1.5e-54
Bmus_XP_036728742.1	1013	1733	Tet_JBP	PF12851.13	1.6e-54
Scivul_ENSSVLP00005028568.1	892	1605	Tet_JBP	PF12851.13	1.3e-54
Ssur_XP_029793477.1	985	1695	Tet_JBP	PF12851.13	1.6e-54
Phymac_XP_028352338.1	895	1614	Tet_JBP	PF12851.13	1.3e-54
Bmus_XP_036728737.1	1021	1741	Tet_JBP	PF12851.13	1.6e-54
Bmus_XP_036728738.1	1021	1741	Tet_JBP	PF12851.13	1.6e-54
Bmus_XP_036728740.1	1021	1741	Tet_JBP	PF12851.13	1.6e-54
Bmus_XP_036728741.1	1021	1741	Tet_JBP	PF12851.13	1.6e-54
Itri_XP_040127193.1	1023	1735	Tet_JBP	PF12851.13	1.6e-54
Itri_XP_040127194.1	1023	1735	Tet_JBP	PF12851.13	1.6e-54
Bmus_XP_036728748.1	893	1613	Tet_JBP	PF12851.13	1.4e-54
Mmon_XP_029087310.1	888	1607	Tet_JBP	PF12851.13	1.4e-54
Bmus_XP_036728747.1	909	1629	Tet_JBP	PF12851.13	1.4e-54
Ttru_XP_033694064.1	888	1607	Tet_JBP	PF12851.13	1.4e-54
Ssur_XP_029793478.1	892	1602	Tet_JBP	PF12851.13	1.4e-54
Bmus_XP_036728746.1	928	1648	Tet_JBP	PF12851.13	1.4e-54
Cwag_ENSCWAP00000019495.1	893	1617	Tet_JBP	PF12851.13	1.4e-54
Xcou_XP_027862602.1	1536	1989	Tet_JBP	PF12851.13	1.6e-54
Itri_XP_040127196.1	930	1642	Tet_JBP	PF12851.13	1.4e-54
Xmac_XP_014325204.1	1536	1989	Tet_JBP	PF12851.13	1.6e-54
Xmac_XP_023183753.1	1536	1989	Tet_JBP	PF12851.13	1.6e-54
Ocun_XP_051693343.2	967	1660	Tet_JBP	PF12851.13	1.7e-54
Mzeb_XP_014263906.2	1116	1835	Tet_JBP	PF12851.13	1.5e-54
Mzeb_XP_024660111.1	1116	1835	Tet_JBP	PF12851.13	1.5e-54
Ocun_XP_051693326.2	986	1679	Tet_JBP	PF12851.13	1.7e-54
Ocun_XP_051693336.2	986	1679	Tet_JBP	PF12851.13	1.7e-54
Astcal_XP_026043768.1	1116	1835	Tet_JBP	PF12851.13	1.6e-54
Astcal_XP_026043769.1	1116	1835	Tet_JBP	PF12851.13	1.6e-54
Mzeb_XP_014263905.2	1139	1858	Tet_JBP	PF12851.13	1.6e-54
Astcal_XP_026043767.1	1139	1858	Tet_JBP	PF12851.13	1.6e-54
Onil_XP_005473032.1	1114	1833	Tet_JBP	PF12851.13	1.7e-54
Onil_XP_005473033.1	1114	1833	Tet_JBP	PF12851.13	1.7e-54
Onil_XP_025752688.1	1114	1833	Tet_JBP	PF12851.13	1.7e-54
Oaur_XP_031602106.1	1114	1833	Tet_JBP	PF12851.13	1.7e-54
Oaur_XP_039476801.1	1114	1833	Tet_JBP	PF12851.13	1.7e-54
Ocun_XP_008252452.3	893	1586	Tet_JBP	PF12851.13	1.5e-54
Dlab_XP_051277329.1	1118	1838	Tet_JBP	PF12851.13	2.1e-54
Dlab_XP_051277330.1	1118	1838	Tet_JBP	PF12851.13	2.1e-54
Dlab_XP_051277331.1	1118	1838	Tet_JBP	PF12851.13	2.1e-54
Dlab_XP_051277332.1	1118	1838	Tet_JBP	PF12851.13	2.1e-54
Dlab_XP_051277333.1	1118	1838	Tet_JBP	PF12851.13	2.1e-54
Onil_XP_019221066.1	1137	1856	Tet_JBP	PF12851.13	1.7e-54
Myes_XP_021358783.1	914	1480	Tet_JBP	PF12851.13	1.5e-54
Pman_XP_015843315.1	856	1567	Tet_JBP	PF12851.13	1.5e-54
Moch_XP_013208312.1	861	1571	Tet_JBP	PF12851.13	1.5e-54
Moch_XP_013208313.1	861	1571	Tet_JBP	PF12851.13	1.5e-54
Moch_XP_026643778.1	977	1687	Tet_JBP	PF12851.13	1.8e-54
Maur_XP_012969663.1	877	1588	Tet_JBP	PF12851.13	1.5e-54
Maur_XP_021083395.1	877	1588	Tet_JBP	PF12851.13	1.5e-54
Anis_ENSANIP00000026231.1	753	1262	Tet_JBP	PF12851.13	1.8e-54
Omel_XP_024130566.1	1096	1809	Tet_JBP	PF12851.13	1.7e-54
Omel_XP_024130567.1	1096	1809	Tet_JBP	PF12851.13	1.7e-54
Pman_XP_042129463.1	991	1702	Tet_JBP	PF12851.13	1.8e-54
Moch_XP_005364714.1	996	1706	Tet_JBP	PF12851.13	1.8e-54
Maur_XP_021083394.1	903	1614	Tet_JBP	PF12851.13	1.6e-54
Dlab_XP_051277328.1	1191	1911	Tet_JBP	PF12851.13	2.3e-54
Astcal_XP_026043766.1	1257	1976	Tet_JBP	PF12851.13	1.8e-54
Mzeb_XP_004567332.2	1277	1996	Tet_JBP	PF12851.13	1.8e-54
Omel_XP_024130565.1	1137	1850	Tet_JBP	PF12851.13	1.8e-54
Okis_XP_031679650.1	1839	2334	Tet_JBP	PF12851.13	1.8e-54
Maur_XP_021083393.1	922	1633	Tet_JBP	PF12851.13	1.6e-54
Okis_XP_031679649.1	1856	2351	Tet_JBP	PF12851.13	1.8e-54
Maur_XP_005071111.1	993	1704	Tet_JBP	PF12851.13	1.8e-54
Astcal_XP_026043764.1	1277	1996	Tet_JBP	PF12851.13	1.9e-54
Astcal_XP_026043765.1	1277	1996	Tet_JBP	PF12851.13	1.9e-54
Omyk_XP_036843038.1	1812	2309	Tet_JBP	PF12851.13	1.9e-54
Oaur_XP_039476798.1	1255	1974	Tet_JBP	PF12851.13	2e-54
Oaur_XP_039476800.1	1255	1974	Tet_JBP	PF12851.13	2e-54
Omyk_XP_036843023.1	1829	2326	Tet_JBP	PF12851.13	1.9e-54
Omyk_XP_036843029.1	1829	2326	Tet_JBP	PF12851.13	1.9e-54
Maur_XP_005071110.1	1012	1723	Tet_JBP	PF12851.13	1.8e-54
Dlab_XP_051277327.1	1251	1971	Tet_JBP	PF12851.13	2.5e-54
Otsh_XP_042154977.1	1823	2320	Tet_JBP	PF12851.13	2e-54
Pnat_XP_017581268.2	1115	1808	Tet_JBP	PF12851.13	1.9e-54
Pnat_XP_037387275.1	1115	1808	Tet_JBP	PF12851.13	1.9e-54
Dlab_XP_051277326.1	1271	1991	Tet_JBP	PF12851.13	2.5e-54
Otsh_XP_042154976.1	1840	2337	Tet_JBP	PF12851.13	2e-54
Sans_XP_016296680.1	1114	1805	Tet_JBP	PF12851.13	1.9e-54
Sans_XP_016296689.1	1114	1805	Tet_JBP	PF12851.13	1.9e-54
Stru_XP_029608159.1	1782	2292	Tet_JBP	PF12851.13	2.1e-54
Stru_XP_029608157.1	1799	2309	Tet_JBP	PF12851.13	2.1e-54
Stru_XP_029608158.1	1799	2309	Tet_JBP	PF12851.13	2.1e-54
Cgri_XP_027284625.1	858	1570	Tet_JBP	PF12851.13	1.8e-54
Cgri_XP_035304846.1	858	1570	Tet_JBP	PF12851.13	1.8e-54
Nper_XP_025898278.1	330	943	Tet_JBP	PF12851.13	1.8e-54
Cgri_XP_027284624.1	974	1686	Tet_JBP	PF12851.13	2.1e-54
Chan_KAF4016161.1	1451	2168	Tet_JBP	PF12851.13	2.3e-54
Salsal_XP_014010487.2	1785	2295	Tet_JBP	PF12851.13	2.1e-54
Cgri_XP_027284621.1	993	1705	Tet_JBP	PF12851.13	2.2e-54
Cgri_XP_027284622.1	993	1705	Tet_JBP	PF12851.13	2.2e-54
Cgri_XP_027284623.1	993	1705	Tet_JBP	PF12851.13	2.2e-54
Salsal_XP_014010485.2	1802	2312	Tet_JBP	PF12851.13	2.1e-54
Fcat_XP_044910354.1	966	1676	Tet_JBP	PF12851.13	2.3e-54
Ppar_XP_053746812.1	966	1676	Tet_JBP	PF12851.13	2.3e-54
Pleo_XP_042788678.1	850	1560	Tet_JBP	PF12851.13	2e-54
Pnat_XP_037387274.1	1265	1957	Tet_JBP	PF12851.13	2.2e-54
Ptig_XP_042837687.1	850	1560	Tet_JBP	PF12851.13	2e-54
Pnat_XP_037387273.1	1265	1958	Tet_JBP	PF12851.13	2.2e-54
Cgri_XP_027284626.2	916	1628	Tet_JBP	PF12851.13	2e-54
Fcat_XP_019682985.1	985	1695	Tet_JBP	PF12851.13	2.4e-54
Fcat_XP_019682986.1	985	1695	Tet_JBP	PF12851.13	2.4e-54
Fcat_XP_019682988.1	985	1695	Tet_JBP	PF12851.13	2.4e-54
Fcat_XP_023107545.1	985	1695	Tet_JBP	PF12851.13	2.4e-54
Ppar_XP_019297632.2	985	1695	Tet_JBP	PF12851.13	2.4e-54
Ppar_XP_019297651.2	985	1695	Tet_JBP	PF12851.13	2.4e-54
Ppar_XP_019297659.2	985	1695	Tet_JBP	PF12851.13	2.4e-54
Ppar_XP_053746811.1	985	1695	Tet_JBP	PF12851.13	2.4e-54
Lcan_XP_030166741.1	985	1695	Tet_JBP	PF12851.13	2.4e-54
Lcan_XP_030166742.1	985	1695	Tet_JBP	PF12851.13	2.4e-54
Pleo_XP_042788676.1	985	1695	Tet_JBP	PF12851.13	2.4e-54
Ptig_XP_042837685.1	985	1695	Tet_JBP	PF12851.13	2.4e-54
Mung_XP_060225427.1	922	1333	Tet_JBP	PF12851.13	1.4e-47
Gacu_XP_040050789.1	1093	1843	Tet_JBP	PF12851.13	2.4e-54
Gacu_XP_040050790.1	1093	1843	Tet_JBP	PF12851.13	2.4e-54
Gacu_XP_040050791.1	1093	1843	Tet_JBP	PF12851.13	2.4e-54
Pmaj_XP_015472095.2	30	722	Tet_JBP	PF12851.13	1.8e-54
Gacu_XP_040050788.1	1116	1866	Tet_JBP	PF12851.13	2.4e-54
Fcat_XP_044910355.1	892	1602	Tet_JBP	PF12851.13	2.1e-54
Ppar_XP_019297675.2	892	1602	Tet_JBP	PF12851.13	2.1e-54
Pleo_XP_042788677.1	892	1602	Tet_JBP	PF12851.13	2.1e-54
Ptig_XP_042837686.1	892	1602	Tet_JBP	PF12851.13	2.1e-54
Gacu_XP_040050787.1	1135	1885	Tet_JBP	PF12851.13	2.5e-54
Nfur_XP_015827433.3	1107	1839	Tet_JBP	PF12851.13	2.6e-54
Nfur_XP_015827434.3	1107	1839	Tet_JBP	PF12851.13	2.6e-54
Nfur_XP_015827435.3	1107	1839	Tet_JBP	PF12851.13	2.6e-54
Gacu_XP_040050786.1	1146	1896	Tet_JBP	PF12851.13	2.5e-54
Gacu_XP_040050785.1	1251	2001	Tet_JBP	PF12851.13	2.8e-54
Pmex_XP_014828889.1	1536	1990	Tet_JBP	PF12851.13	2.8e-54
Pret_XP_008427821.1	1531	1984	Tet_JBP	PF12851.13	2.8e-54
Pfor_XP_016534180.1	1536	1990	Tet_JBP	PF12851.13	2.8e-54
Pret_XP_017164555.1	1536	1989	Tet_JBP	PF12851.13	2.8e-54
Pret_XP_017164554.1	1541	1994	Tet_JBP	PF12851.13	2.8e-54
Psim_ENSPSMP00000027249.1	853	1566	Tet_JBP	PF12851.13	2.5e-54
Nfur_XP_070402495.1	1248	1980	Tet_JBP	PF12851.13	3.1e-54
Plat_XP_014900693.1	1536	1990	Tet_JBP	PF12851.13	2.8e-54
Nfur_XP_054587225.2	1268	2000	Tet_JBP	PF12851.13	3.1e-54
Pcoq_XP_012513668.1	985	1697	Tet_JBP	PF12851.13	3e-54
Csem_XP_016898263.1	1082	1804	Tet_JBP	PF12851.13	4.3e-54
Scam_XP_068776814.1	789	1466	Tet_JBP	PF12851.13	2.7e-54
Scam_XP_068776815.1	789	1466	Tet_JBP	PF12851.13	2.7e-54
Scam_XP_068776816.1	789	1466	Tet_JBP	PF12851.13	2.7e-54
Vpac_XP_015107305.1	854	1568	Tet_JBP	PF12851.13	2.9e-54
Cdro_XP_064350436.1	970	1684	Tet_JBP	PF12851.13	3.4e-54
Cdro_XP_031323163.2	989	1703	Tet_JBP	PF12851.13	3.5e-54
Cdro_XP_064350435.1	989	1703	Tet_JBP	PF12851.13	3.5e-54
Drer_NP_001314875.1	1104	1795	Tet_JBP	PF12851.13	5.2e-54
Drer_XP_003198655.2	1104	1795	Tet_JBP	PF12851.13	5.2e-54
Drer_XP_009299504.1	1104	1795	Tet_JBP	PF12851.13	5.2e-54
Oana_XP_028921824.1	700	1350	Tet_JBP	PF12851.13	2.9e-54
Cdro_XP_064350437.1	896	1610	Tet_JBP	PF12851.13	3.1e-54
Acun_XP_026707580.1	1644	2153	Tet_JBP	PF12851.13	4.4e-54
Acun_XP_026707578.1	1661	2170	Tet_JBP	PF12851.13	4.5e-54
Drer_NP_001314874.1	1261	1952	Tet_JBP	PF12851.13	6.1e-54
Ggal_XP_040559107.1	1630	2139	Tet_JBP	PF12851.13	5.7e-54
Ggal_XP_040559103.1	1647	2156	Tet_JBP	PF12851.13	5.8e-54
Ggal_XP_040559104.1	1647	2156	Tet_JBP	PF12851.13	5.8e-54
Ggal_XP_040559105.1	1647	2156	Tet_JBP	PF12851.13	5.8e-54
Pmag_XP_033828116.1	990	1687	Tet_JBP	PF12851.13	4.1e-54
Pmag_XP_055080126.1	990	1687	Tet_JBP	PF12851.13	4.1e-54
Pmag_XP_055080127.1	990	1687	Tet_JBP	PF12851.13	4.1e-54
Ftin_ENSFTIP00000011539.1	1642	2151	Tet_JBP	PF12851.13	5.3e-54
Anis_ENSANIP00000026229.1	1658	2167	Tet_JBP	PF12851.13	4.9e-54
Achr_XP_029885620.1	1660	2169	Tet_JBP	PF12851.13	4.9e-54
Chrpic_ENSCPIP00010015750.1	452	1149	Tet_JBP	PF12851.13	3.7e-54
Ftin_ENSFTIP00000011477.1	1659	2168	Tet_JBP	PF12851.13	5.3e-54
Ptex_XP_026570888.1	1033	1763	Tet_JBP	PF12851.13	4.5e-54
Nscu_XP_026540556.1	1033	1763	Tet_JBP	PF12851.13	4.4e-54
Mcar_XP_029334149.1	853	1565	Tet_JBP	PF12851.13	4e-54
Mmus_NP_898961.2	858	1570	Tet_JBP	PF12851.13	4e-54
Mspi_ENSMSIP00000037842.1	858	1570	Tet_JBP	PF12851.13	4e-54
Mspi_ENSMSIP00000037850.1	858	1570	Tet_JBP	PF12851.13	4e-54
Mpah_XP_021046514.1	858	1570	Tet_JBP	PF12851.13	4.1e-54
Mcar_XP_029334148.1	969	1681	Tet_JBP	PF12851.13	4.6e-54
Mmus_XP_006505840.1	974	1686	Tet_JBP	PF12851.13	4.7e-54
Mcar_XP_021020211.1	895	1607	Tet_JBP	PF12851.13	4.2e-54
Mcar_XP_021020212.1	988	1700	Tet_JBP	PF12851.13	4.8e-54
Mcar_XP_029334146.1	988	1700	Tet_JBP	PF12851.13	4.8e-54
Mcar_XP_029334147.1	988	1700	Tet_JBP	PF12851.13	4.8e-54
Itri_XP_021582452.1	1607	2022	Tet_JBP	PF12851.13	1.3e-47
Mspr_MGP_SPRETEiJ_P0077483	993	1705	Tet_JBP	PF12851.13	4.8e-54
Mmus_NP_001334242.1	993	1705	Tet_JBP	PF12851.13	4.8e-54
Mmus_XP_006505838.1	993	1705	Tet_JBP	PF12851.13	4.8e-54
Mmus_XP_006505839.1	993	1705	Tet_JBP	PF12851.13	4.8e-54
Mspi_ENSMSIP00000037844.1	993	1705	Tet_JBP	PF12851.13	4.8e-54
Mspi_ENSMSIP00000037845.1	993	1705	Tet_JBP	PF12851.13	4.8e-54
Mpah_XP_029391220.1	974	1686	Tet_JBP	PF12851.13	4.8e-54
Mspi_ENSMSIP00000037848.1	908	1620	Tet_JBP	PF12851.13	4.3e-54
Mpah_XP_021046513.1	993	1705	Tet_JBP	PF12851.13	4.9e-54
Mpah_XP_029391217.1	993	1705	Tet_JBP	PF12851.13	4.9e-54
Mpah_XP_029391218.1	993	1705	Tet_JBP	PF12851.13	4.9e-54
Mpah_XP_029391219.1	993	1705	Tet_JBP	PF12851.13	4.9e-54
Mpah_XP_029391221.1	908	1620	Tet_JBP	PF12851.13	4.4e-54
Ccan_XP_020033190.1	1624	2037	Tet_JBP	PF12851.13	4.7e-48
Mung_XP_021520431.1	857	1569	Tet_JBP	PF12851.13	4.5e-54
Mung_XP_060239451.1	857	1569	Tet_JBP	PF12851.13	4.5e-54
Mung_XP_060239452.1	857	1569	Tet_JBP	PF12851.13	4.5e-54
Pcas_ENSPCEP00000011118.1	1026	1763	Tet_JBP	PF12851.13	5.2e-54
Mmur_XP_012644114.1	1034	1577	Tet_JBP	PF12851.13	5.3e-54
Mspr_MGP_SPRETEiJ_P0077484	961	1673	Tet_JBP	PF12851.13	4.6e-54
Mung_XP_060239450.1	973	1685	Tet_JBP	PF12851.13	5.2e-54
Rnor_XP_001057850.2	857	1569	Tet_JBP	PF12851.13	4.8e-54
Mung_XP_021520429.1	992	1704	Tet_JBP	PF12851.13	5.4e-54
Nmel_XP_021230780.1	768	1473	Tet_JBP	PF12851.13	4.7e-54
Nmel_XP_021230781.1	768	1473	Tet_JBP	PF12851.13	4.7e-54
Pcas_ENSPCEP00000011062.1	1077	1814	Tet_JBP	PF12851.13	5.5e-54
Rnor_XP_038964645.1	973	1685	Tet_JBP	PF12851.13	5.6e-54
Rnor_XP_063142915.1	973	1685	Tet_JBP	PF12851.13	5.6e-54
Gaff_XP_043993445.1	1536	1989	Tet_JBP	PF12851.13	5.7e-54
Rnor_XP_008761316.1	992	1704	Tet_JBP	PF12851.13	5.7e-54
Rnor_XP_008761317.1	992	1704	Tet_JBP	PF12851.13	5.7e-54
Rnor_XP_063142914.1	992	1704	Tet_JBP	PF12851.13	5.7e-54
Nmel_XP_021230778.1	809	1514	Tet_JBP	PF12851.13	5e-54
Csab_XP_037863058.1	824	1536	Tet_JBP	PF12851.13	6.2e-54
Itri_XP_040128161.1	1607	2061	Tet_JBP	PF12851.13	1.6e-47
Mgal_XP_010721475.3	639	1336	Tet_JBP	PF12851.13	5.4e-54
Psin_XP_025043546.1	1139	1877	Tet_JBP	PF12851.13	6e-54
Pcap_ENSPCAP00000005637.1	844	1544	Tet_JBP	PF12851.13	5.1e-54
Mmur_XP_012644113.1	874	1589	Tet_JBP	PF12851.13	5.6e-54
Chrpic_ENSCPIP00010015751.1	632	1329	Tet_JBP	PF12851.13	5.3e-54
Mmur_XP_012644111.1	1009	1724	Tet_JBP	PF12851.13	6.7e-54
Mung_XP_060225426.1	1575	1986	Tet_JBP	PF12851.13	2.7e-47
Rbie_XP_017717333.1	966	1678	Tet_JBP	PF12851.13	6.6e-54
Rrox_XP_030777013.1	985	1697	Tet_JBP	PF12851.13	6.7e-54
Tgel_XP_025209757.1	985	1697	Tet_JBP	PF12851.13	6.7e-54
Mmur_XP_012644109.1	1034	1749	Tet_JBP	PF12851.13	6.9e-54
Mmur_XP_012644110.1	1034	1749	Tet_JBP	PF12851.13	6.9e-54
Mmur_XP_012644112.1	916	1631	Tet_JBP	PF12851.13	5.9e-54
Ptro_XP_063645781.1	968	1680	Tet_JBP	PF12851.13	7.1e-54
Cpug_XP_014800945.1	669	1367	Tet_JBP	PF12851.13	6.1e-54
Hsap_XP_047299618.1	966	1678	Tet_JBP	PF12851.13	7.1e-54
Mnem_XP_011711929.2	985	1697	Tet_JBP	PF12851.13	7.1e-54
Mnem_XP_070933030.1	985	1697	Tet_JBP	PF12851.13	7.1e-54
Ppan_XP_034809295.1	985	1697	Tet_JBP	PF12851.13	7.3e-54
Pabe_XP_054404014.1	966	1678	Tet_JBP	PF12851.13	7.2e-54
Gwil_XP_028312481.1	1100	1801	Tet_JBP	PF12851.13	6.6e-54
Gwil_XP_028312482.1	1100	1801	Tet_JBP	PF12851.13	6.6e-54
Ptro_XP_016804298.3	987	1699	Tet_JBP	PF12851.13	7.3e-54
Pabe_XP_054404015.1	850	1562	Tet_JBP	PF12851.13	6.2e-54
Hsap_NP_001274420.1	985	1697	Tet_JBP	PF12851.13	7.3e-54
Hsap_XP_047299615.1	985	1697	Tet_JBP	PF12851.13	7.3e-54
Hsap_XP_047299616.1	985	1697	Tet_JBP	PF12851.13	7.3e-54
Ggor_XP_004029495.4	987	1699	Tet_JBP	PF12851.13	7.3e-54
Mmul_XP_028688204.1	985	1697	Tet_JBP	PF12851.13	7.4e-54
Mfas_XP_005575627.2	985	1697	Tet_JBP	PF12851.13	7.4e-54
Mfas_XP_015289019.2	985	1697	Tet_JBP	PF12851.13	7.4e-54
Mfas_XP_045224996.1	985	1697	Tet_JBP	PF12851.13	7.4e-54
Pabe_XP_002811944.5	985	1697	Tet_JBP	PF12851.13	7.4e-54
Gwil_XP_028312480.1	1128	1829	Tet_JBP	PF12851.13	6.8e-54
Panu_XP_031511140.1	966	1678	Tet_JBP	PF12851.13	7.5e-54
Mnem_XP_011711931.2	892	1604	Tet_JBP	PF12851.13	6.3e-54
Mleu_XP_011836093.1	966	1678	Tet_JBP	PF12851.13	7.5e-54
Csab_XP_037863057.1	966	1678	Tet_JBP	PF12851.13	7.5e-54
Cmos_ENSCMMP00000021753.1	810	1512	Tet_JBP	PF12851.13	6.5e-54
Piltep_XP_023043727.2	850	1562	Tet_JBP	PF12851.13	6.4e-54
Caty_XP_011939707.1	966	1678	Tet_JBP	PF12851.13	7.5e-54
Ppan_XP_003810404.2	892	1604	Tet_JBP	PF12851.13	6.4e-54
Cimi_XP_017364180.1	985	1697	Tet_JBP	PF12851.13	7.6e-54
Ptro_XP_016804300.2	894	1606	Tet_JBP	PF12851.13	6.5e-54
Hsap_NP_001352951.1	892	1604	Tet_JBP	PF12851.13	6.5e-54
Ggor_XP_018877045.3	894	1606	Tet_JBP	PF12851.13	6.5e-54
Panu_XP_009182706.2	985	1697	Tet_JBP	PF12851.13	7.7e-54
Csab_XP_037863055.1	985	1697	Tet_JBP	PF12851.13	7.7e-54
Csab_XP_037863056.1	985	1697	Tet_JBP	PF12851.13	7.7e-54
Anapla_XP_038023070.1	810	1512	Tet_JBP	PF12851.13	6.6e-54
Pabe_XP_009235444.3	892	1604	Tet_JBP	PF12851.13	6.5e-54
Mmul_XP_014968151.2	892	1604	Tet_JBP	PF12851.13	6.5e-54
Mfas_XP_005575630.2	892	1604	Tet_JBP	PF12851.13	6.5e-54
Ptro_XP_016804299.2	905	1617	Tet_JBP	PF12851.13	6.5e-54
Caty_XP_011939703.1	985	1697	Tet_JBP	PF12851.13	7.7e-54
Caty_XP_011939704.1	985	1697	Tet_JBP	PF12851.13	7.7e-54
Caty_XP_011939705.1	985	1697	Tet_JBP	PF12851.13	7.7e-54
Pcol_XP_031457993.1	769	1466	Tet_JBP	PF12851.13	6.7e-54
Tnig_CAG11492.1	124	303	Tet_JBP	PF12851.13	1.5e-53
Cang_XP_011801431.1	985	1696	Tet_JBP	PF12851.13	7.8e-54
Mfas_XP_045224998.1	903	1615	Tet_JBP	PF12851.13	6.6e-54
Nleu_XP_030683563.1	894	1606	Tet_JBP	PF12851.13	6.7e-54
Cjac_XP_035128113.1	850	1562	Tet_JBP	PF12851.13	6.8e-54
Cimi_XP_017364181.1	892	1604	Tet_JBP	PF12851.13	6.7e-54
Sbol_XP_039316119.1	985	1697	Tet_JBP	PF12851.13	8e-54
Sbol_XP_039316124.1	985	1697	Tet_JBP	PF12851.13	8e-54
Sbol_XP_039316126.1	985	1697	Tet_JBP	PF12851.13	8e-54
Cjac_XP_035128108.1	985	1697	Tet_JBP	PF12851.13	8.1e-54
Pavcri_ENSPSTP00000000307.1	930	1629	Tet_JBP	PF12851.13	7e-54
Panu_XP_009182707.1	892	1604	Tet_JBP	PF12851.13	6.8e-54
Csab_XP_007968385.2	892	1604	Tet_JBP	PF12851.13	6.8e-54
Anis_ENSANIP00000019925.1	784	1471	Tet_JBP	PF12851.13	6.8e-54
Cimi_XP_037587361.1	903	1615	Tet_JBP	PF12851.13	6.8e-54
Anan_XP_021526629.2	985	1697	Tet_JBP	PF12851.13	8.1e-54
Anan_XP_064233896.1	985	1697	Tet_JBP	PF12851.13	8.1e-54
Mmus_NP_001393312.1	932	1326	Tet_JBP	PF12851.13	1.7e-46
Caty_XP_011939708.1	892	1604	Tet_JBP	PF12851.13	6.9e-54
Acyg_XP_066839506.1	810	1516	Tet_JBP	PF12851.13	7e-54
Acyg_XP_066839507.1	810	1516	Tet_JBP	PF12851.13	7e-54
Ansbra_ENSABRP00000016746.1	810	1516	Tet_JBP	PF12851.13	7e-54
Osun_ENSOSUP00000013300.1	830	1514	Tet_JBP	PF12851.13	6.8e-54
Csab_XP_007968384.2	903	1615	Tet_JBP	PF12851.13	6.9e-54
Csab_XP_007968383.2	907	1619	Tet_JBP	PF12851.13	6.9e-54
Cjac_XP_035128112.1	879	1591	Tet_JBP	PF12851.13	7e-54
Ogar_XP_003793438.2	978	1691	Tet_JBP	PF12851.13	8.2e-54
Sbol_XP_039316132.1	892	1604	Tet_JBP	PF12851.13	7.1e-54
Cjac_XP_017819721.1	892	1604	Tet_JBP	PF12851.13	7.2e-54
Cjac_XP_035128111.1	903	1615	Tet_JBP	PF12851.13	7.3e-54
Ggal_XP_040507506.2	810	1508	Tet_JBP	PF12851.13	7.3e-54
Cjac_XP_035128110.1	907	1619	Tet_JBP	PF12851.13	7.3e-54
Azon_ENSAZOP00000026361.1	893	1595	Tet_JBP	PF12851.13	7.4e-54
Anapla_XP_038023069.1	893	1595	Tet_JBP	PF12851.13	7.4e-54
Ecal_XP_028654558.2	1258	2003	Tet_JBP	PF12851.13	1.1e-53
Ecal_XP_028654574.1	1258	2003	Tet_JBP	PF12851.13	1.1e-53
Ecal_XP_051780377.1	1258	2003	Tet_JBP	PF12851.13	1.1e-53
Llat_ENSLLTP00000015395.1	1066	1796	Tet_JBP	PF12851.13	9.5e-54
Mund_XP_033926266.1	861	1559	Tet_JBP	PF12851.13	8.2e-54
Acyg_XP_047911019.1	926	1632	Tet_JBP	PF12851.13	8.3e-54
Lafr_XP_064124817.1	850	1560	Tet_JBP	PF12851.13	8.5e-54
Lafr_XP_064124818.1	850	1560	Tet_JBP	PF12851.13	8.5e-54
Shab_XP_030365691.1	876	1575	Tet_JBP	PF12851.13	8.4e-54
Anis_ENSANIP00000019889.1	884	1581	Tet_JBP	PF12851.13	8.3e-54
Anis_ENSANIP00000019852.1	901	1600	Tet_JBP	PF12851.13	8.6e-54
Achr_XP_029891800.2	880	1577	Tet_JBP	PF12851.13	8.6e-54
Lafr_XP_064124816.1	882	1592	Tet_JBP	PF12851.13	8.9e-54
Lafr_XP_064124811.1	985	1695	Tet_JBP	PF12851.13	1e-53
Lafr_XP_064124812.1	985	1695	Tet_JBP	PF12851.13	1e-53
Lafr_XP_064124813.1	985	1695	Tet_JBP	PF12851.13	1e-53
Olat_XP_023814483.1	1097	1809	Tet_JBP	PF12851.13	9.3e-54
Olat_XP_023814484.1	1097	1809	Tet_JBP	PF12851.13	9.3e-54
Nnaj_KAG8141092.1	1048	1780	Tet_JBP	PF12851.13	1e-53
Ftin_ENSFTIP00000010682.1	886	1584	Tet_JBP	PF12851.13	8.8e-54
Ftin_ENSFTIP00000010718.1	885	1583	Tet_JBP	PF12851.13	8.8e-54
Lafr_XP_064124815.1	892	1602	Tet_JBP	PF12851.13	9e-54
Vkom_XP_044273396.1	1029	1763	Tet_JBP	PF12851.13	9.2e-54
Csyr_XP_008062570.1	999	1714	Tet_JBP	PF12851.13	1e-53
Cpyg_ENSCPGP00000024289.1	918	1615	Tet_JBP	PF12851.13	9e-54
Lafr_XP_064124814.1	930	1640	Tet_JBP	PF12851.13	9.4e-54
Shab_XP_030365690.1	974	1673	Tet_JBP	PF12851.13	9.5e-54
Enau_XP_029376963.1	888	1352	Tet_JBP	PF12851.13	1.2e-53
Olat_XP_011477843.1	1258	1970	Tet_JBP	PF12851.13	1.1e-53
Enau_XP_029376962.1	906	1370	Tet_JBP	PF12851.13	1.2e-53
Olat_XP_020561850.1	1266	1978	Tet_JBP	PF12851.13	1.1e-53
Enau_XP_029376961.1	917	1381	Tet_JBP	PF12851.13	1.2e-53
Eele_XP_026881792.2	1123	1798	Tet_JBP	PF12851.13	1.2e-53
Eele_XP_035386264.1	1123	1798	Tet_JBP	PF12851.13	1.2e-53
Eele_XP_035386265.1	1123	1798	Tet_JBP	PF12851.13	1.2e-53
Eele_XP_035386266.1	1123	1798	Tet_JBP	PF12851.13	1.2e-53
Dronov_XP_064353871.1	590	1478	Tet_JBP	PF12851.13	1.5e-53
Dronov_XP_064353872.1	590	1478	Tet_JBP	PF12851.13	1.5e-53
Dronov_XP_064353873.1	590	1478	Tet_JBP	PF12851.13	1.5e-53
Dronov_XP_064353875.1	590	1478	Tet_JBP	PF12851.13	1.5e-53
Etel_XP_030740477.2	845	1557	Tet_JBP	PF12851.13	1.3e-53
Mmar_XP_048665847.1	942	1374	Tet_JBP	PF12851.13	1.7e-47
Mmar_XP_048665851.1	942	1374	Tet_JBP	PF12851.13	1.7e-47
Mmar_XP_048665857.1	942	1374	Tet_JBP	PF12851.13	1.7e-47
Mmar_XP_048665867.1	942	1374	Tet_JBP	PF12851.13	1.7e-47
Mmar_XP_048665837.1	962	1394	Tet_JBP	PF12851.13	1.7e-47
Mmar_XP_048665840.1	962	1394	Tet_JBP	PF12851.13	1.7e-47
Trythe_XP_028878408.1	122	278	Tet_JBP	PF12851.13	4.2e-53
Pran_XP_028269039.1	1108	1815	Tet_JBP	PF12851.13	2e-53
Pran_XP_028269040.1	1108	1815	Tet_JBP	PF12851.13	2e-53
Pran_XP_028269041.1	1108	1815	Tet_JBP	PF12851.13	2e-53
Pran_XP_028269038.1	1132	1839	Tet_JBP	PF12851.13	2.1e-53
Pran_XP_028269037.1	1135	1842	Tet_JBP	PF12851.13	2.1e-53
Lstr_XP_021403615.2	886	1575	Tet_JBP	PF12851.13	1.6e-53
Cmon_XP_031947973.1	882	1580	Tet_JBP	PF12851.13	1.7e-53
Tgut_XP_041576512.1	869	1566	Tet_JBP	PF12851.13	1.7e-53
Scan_XP_050838765.1	883	1579	Tet_JBP	PF12851.13	1.7e-53
Cpic_XP_023964191.2	1026	1764	Tet_JBP	PF12851.13	1.9e-53
Cpic_XP_023964192.2	1026	1764	Tet_JBP	PF12851.13	1.9e-53
Cpic_XP_042715219.2	1026	1764	Tet_JBP	PF12851.13	1.9e-53
Cpic_XP_042715220.2	1026	1764	Tet_JBP	PF12851.13	1.9e-53
Cmon_XP_031947971.1	903	1601	Tet_JBP	PF12851.13	1.7e-53
Cmon_XP_031947972.1	903	1601	Tet_JBP	PF12851.13	1.7e-53
Cmon_XP_031947970.1	909	1607	Tet_JBP	PF12851.13	1.7e-53
Cpic_XP_065440465.1	1064	1802	Tet_JBP	PF12851.13	2e-53
Pran_XP_028269035.1	1266	1973	Tet_JBP	PF12851.13	2.4e-53
Scan_XP_050838764.1	907	1603	Tet_JBP	PF12851.13	1.7e-53
Cust_XP_032937156.1	908	1606	Tet_JBP	PF12851.13	1.8e-53
Jhye_ENSJHYP00000000122.1	981	1677	Tet_JBP	PF12851.13	1.9e-53
Lcor_XP_017682756.1	958	1656	Tet_JBP	PF12851.13	1.9e-53
Cpic_XP_005286563.3	1165	1903	Tet_JBP	PF12851.13	2.3e-53
Cpic_XP_042715216.2	1165	1903	Tet_JBP	PF12851.13	2.3e-53
Cpic_XP_042715217.2	1165	1903	Tet_JBP	PF12851.13	2.3e-53
Cpic_XP_042715218.2	1165	1903	Tet_JBP	PF12851.13	2.3e-53
Cmon_XP_031947969.1	996	1694	Tet_JBP	PF12851.13	1.9e-53
Cabi_XP_032630070.1	1164	1902	Tet_JBP	PF12851.13	2.6e-53
Enau_XP_029376960.1	1639	2103	Tet_JBP	PF12851.13	2.5e-53
Upar_XP_026250458.1	1607	2022	Tet_JBP	PF12851.13	6.4e-47
Cser_KAG6934419.1	1164	1901	Tet_JBP	PF12851.13	2.4e-53
Lcha_XP_006006552.3	1028	1763	Tet_JBP	PF12851.13	2.6e-53
Gevg_XP_030407775.1	1055	1793	Tet_JBP	PF12851.13	3.2e-53
Gevg_XP_030407772.1	1063	1801	Tet_JBP	PF12851.13	3.2e-53
Gevg_XP_030407773.1	1063	1801	Tet_JBP	PF12851.13	3.2e-53
Gevg_XP_030407774.1	1063	1801	Tet_JBP	PF12851.13	3.2e-53
Mmar_XP_048665827.1	1361	1793	Tet_JBP	PF12851.13	2.7e-47
Gevg_XP_030407771.1	1164	1902	Tet_JBP	PF12851.13	3.6e-53
Char_XP_012671431.2	1145	1844	Tet_JBP	PF12851.13	2.8e-53
Char_XP_012671432.2	1145	1844	Tet_JBP	PF12851.13	2.8e-53
Char_XP_031426271.1	1145	1844	Tet_JBP	PF12851.13	2.8e-53
Char_XP_031426270.1	1165	1864	Tet_JBP	PF12851.13	2.9e-53
Char_XP_031426269.1	1303	2002	Tet_JBP	PF12851.13	3.3e-53
Mmar_XP_048665809.1	1603	2018	Tet_JBP	PF12851.13	3.3e-47
Calmil_XP_042200347.1	894	1570	Tet_JBP	PF12851.13	4.1e-53
Mmar_XP_048665793.1	1603	2035	Tet_JBP	PF12851.13	3.3e-47
Mmar_XP_048665800.1	1603	2035	Tet_JBP	PF12851.13	3.3e-47
Mmar_XP_048665802.1	1603	2035	Tet_JBP	PF12851.13	3.3e-47
Smax_XP_035494780.2	1121	1842	Tet_JBP	PF12851.13	7.4e-53
Smax_XP_035494781.2	1121	1842	Tet_JBP	PF12851.13	7.4e-53
Smax_XP_035494782.2	1121	1842	Tet_JBP	PF12851.13	7.4e-53
Smax_XP_035494783.2	1121	1842	Tet_JBP	PF12851.13	7.4e-53
Mmar_XP_048665873.1	1603	2057	Tet_JBP	PF12851.13	3.6e-47
Smax_XP_035494779.2	1145	1866	Tet_JBP	PF12851.13	7.6e-53
Cropor_XP_019401439.1	1222	1951	Tet_JBP	PF12851.13	5.1e-53
Podmur_XP_028596952.1	1044	1773	Tet_JBP	PF12851.13	6.1e-53
Podmur_XP_028596954.1	1044	1773	Tet_JBP	PF12851.13	6.1e-53
Lpol_XP_022240586.1	553	688	Tet_JBP	PF12851.13	1.8e-39
Lpol_XP_022240586.1	2849	2898	Tet_JBP	PF12851.13	7.5e-12
Podmur_XP_028596951.1	1068	1797	Tet_JBP	PF12851.13	6.3e-53
Vpac_XP_006216229.1	1290	1781	Tet_JBP	PF12851.13	8.6e-53
Podmur_XP_028596950.1	1164	1893	Tet_JBP	PF12851.13	7e-53
Podmur_XP_028596949.1	1183	1912	Tet_JBP	PF12851.13	7.2e-53
Campar_XP_030820008.1	907	1605	Tet_JBP	PF12851.13	1e-52
Sdau_ENSSDAP00000022533.1	1566	1964	Tet_JBP	PF12851.13	3.1e-46
Anocar_XP_016853335.2	978	1682	Tet_JBP	PF12851.13	1.3e-52
Anocar_XP_062817533.1	1022	1726	Tet_JBP	PF12851.13	1.4e-52
Anocar_XP_008120025.2	1128	1832	Tet_JBP	PF12851.13	1.6e-52
Eluc_XP_010874913.2	1097	1825	Tet_JBP	PF12851.13	1.4e-52
Eluc_XP_010874914.2	1097	1825	Tet_JBP	PF12851.13	1.4e-52
Eluc_XP_019907902.2	1097	1825	Tet_JBP	PF12851.13	1.4e-52
Eluc_XP_010874912.2	1114	1842	Tet_JBP	PF12851.13	1.4e-52
Eluc_XP_019907900.2	1243	1971	Tet_JBP	PF12851.13	1.6e-52
Bbis_XP_010828176.1	981	1653	Tet_JBP	PF12851.13	2.4e-52
Pvit_XP_020635782.1	1046	1793	Tet_JBP	PF12851.13	2.8e-52
Pkin_XP_023678368.1	890	1254	Tet_JBP	PF12851.13	3.6e-52
Pkin_XP_023678367.1	924	1288	Tet_JBP	PF12851.13	3.8e-52
Pcas_ENSPCEP00000000576.1	1525	1995	Tet_JBP	PF12851.13	8.9e-52
Pman_XP_042122467.1	1632	2029	Tet_JBP	PF12851.13	1.8e-44
Dgyr_CAD5123778.1	1114	1467	Tet_JBP	PF12851.13	6.1e-52
Clec_XP_014246962.1	1380	2186	Tet_JBP	PF12851.13	1.1e-51
Clec_XP_014246961.1	1380	2187	Tet_JBP	PF12851.13	1.1e-51
Clec_XP_024082522.1	1380	2187	Tet_JBP	PF12851.13	1.1e-51
Isca_XP_040360312.2	763	1634	Tet_JBP	PF12851.13	6.6e-52
Ampcit_ENSACIP00000027480.1	1436	1730	Tet_JBP	PF12851.13	1.1e-44
Isca_XP_029838415.4	817	1688	Tet_JBP	PF12851.13	7.2e-52
Isca_XP_029838416.2	817	1688	Tet_JBP	PF12851.13	7.2e-52
Clec_XP_024082523.1	959	1766	Tet_JBP	PF12851.13	6.6e-52
Isca_XP_040075937.1	1112	1983	Tet_JBP	PF12851.13	1e-51
Isca_XP_040075938.1	1086	1957	Tet_JBP	PF12851.13	1e-51
Isca_XP_029838410.2	1166	2037	Tet_JBP	PF12851.13	1.1e-51
Isca_XP_040075935.1	1166	2037	Tet_JBP	PF12851.13	1.1e-51
Isca_XP_040075936.1	1140	2011	Tet_JBP	PF12851.13	1.1e-51
Rsan_XP_049271877.1	732	1568	Tet_JBP	PF12851.13	3.3e-51
Rsan_XP_037519416.1	783	1619	Tet_JBP	PF12851.13	3.6e-51
Rhimic_XP_037269561.1	785	1614	Tet_JBP	PF12851.13	3.3e-51
Aflo_XP_012348741.1	1196	2145	Tet_JBP	PF12851.13	2.5e-49
Aflo_XP_012348740.2	1273	2222	Tet_JBP	PF12851.13	2.7e-49
Rsan_XP_037519409.2	1046	1882	Tet_JBP	PF12851.13	5.1e-51
Rhimic_XP_037269560.1	1010	1839	Tet_JBP	PF12851.13	4.5e-51
Rsan_XP_037519392.2	1097	1933	Tet_JBP	PF12851.13	5.4e-51
Rsan_XP_049271866.1	1097	1933	Tet_JBP	PF12851.13	5.4e-51
Rsan_XP_049271869.1	1097	1933	Tet_JBP	PF12851.13	5.4e-51
Rhimic_XP_037269559.1	1100	1929	Tet_JBP	PF12851.13	5e-51
Ampcit_ENSACIP00000027500.1	1225	1568	Tet_JBP	PF12851.13	4.4e-51
Dsil_XP_049515833.1	1100	1936	Tet_JBP	PF12851.13	8.6e-51
Lvar_XP_041485366.1	633	1317	Tet_JBP	PF12851.13	4.2e-51
Lvar_XP_041485365.1	661	1345	Tet_JBP	PF12851.13	4.4e-51
Lvar_XP_041485364.1	683	1367	Tet_JBP	PF12851.13	4.6e-51
Hsap_XP_011530992.1	127	855	Tet_JBP	PF12851.13	4.8e-51
Hsap_XP_047299620.1	127	855	Tet_JBP	PF12851.13	4.8e-51
Cgri_XP_035307841.1	1490	1880	Tet_JBP	PF12851.13	6.3e-51
Hruf_XP_046352563.2	1334	1908	Tet_JBP	PF12851.13	2.7e-50
Agrpla_XP_025834621.1	1244	1806	Tet_JBP	PF12851.13	4.2e-51
Lvar_XP_041485363.1	1172	1856	Tet_JBP	PF12851.13	8.9e-51
Spur_XP_030835481.1	662	1360	Tet_JBP	PF12851.13	9.9e-51
Moch_XP_026641462.1	1546	1923	Tet_JBP	PF12851.13	2e-45
Annjap_XP_033123118.1	1402	2109	Tet_JBP	PF12851.13	1.8e-50
Ador_XP_006608974.1	1187	1305	Tet_JBP	PF12851.13	1.8e-36
Ador_XP_006608974.1	1648	2132	Tet_JBP	PF12851.13	1.8e-12
Ador_XP_006608973.1	1288	1406	Tet_JBP	PF12851.13	1.9e-36
Ador_XP_006608973.1	1749	2233	Tet_JBP	PF12851.13	1.9e-12
Dord_XP_012872584.1	1539	1855	Tet_JBP	PF12851.13	1.6e-50
Ador_XP_006608972.1	1373	1491	Tet_JBP	PF12851.13	2e-36
Ador_XP_006608972.1	1834	2318	Tet_JBP	PF12851.13	2e-12
Blan_XP_066304214.1	902	1783	Tet_JBP	PF12851.13	2.1e-50
Spur_XP_030835480.1	1182	1880	Tet_JBP	PF12851.13	2e-50
Hsap_XP_011530987.1	966	1694	Tet_JBP	PF12851.13	2.7e-50
Hsap_XP_011530984.1	985	1713	Tet_JBP	PF12851.13	2.8e-50
Hsap_XP_011530985.1	985	1713	Tet_JBP	PF12851.13	2.8e-50
Hsap_XP_011530986.1	985	1713	Tet_JBP	PF12851.13	2.8e-50
Hsap_XP_016859055.1	985	1713	Tet_JBP	PF12851.13	2.8e-50
Hsap_XP_011530989.1	892	1620	Tet_JBP	PF12851.13	2.5e-50
Apla_XP_022088484.1	1196	1933	Tet_JBP	PF12851.13	3.5e-50
Hrub_XP_046563106.1	1322	1890	Tet_JBP	PF12851.13	1.8e-50
Apla_XP_022088315.1	1227	1964	Tet_JBP	PF12851.13	3.6e-50
Apla_XP_022088396.1	1227	1964	Tet_JBP	PF12851.13	3.6e-50
Astrub_XP_033643822.1	1180	1948	Tet_JBP	PF12851.13	5.6e-50
Astrub_XP_033643821.1	1212	1980	Tet_JBP	PF12851.13	5.8e-50
Lber_XP_065818820.1	1179	1853	Tet_JBP	PF12851.13	1.8e-43
Lber_XP_065818824.1	1179	1853	Tet_JBP	PF12851.13	1.8e-43
Anogla_XP_018564300.1	868	1298	Tet_JBP	PF12851.13	8e-50
Apimel_XP_016770977.1	1279	2228	Tet_JBP	PF12851.13	5e-49
Gaeg_XP_041362822.1	1575	2219	Tet_JBP	PF12851.13	1.1e-49
Anogla_XP_018564299.1	1030	1460	Tet_JBP	PF12851.13	9.8e-50
Cvir_XP_022313682.1	601	1253	Tet_JBP	PF12851.13	1.1e-49
Apimel_XP_006561260.1	1728	2677	Tet_JBP	PF12851.13	7.4e-49
Apimel_XP_026300193.1	1728	2677	Tet_JBP	PF12851.13	7.4e-49
Apimel_XP_026300194.1	1728	2677	Tet_JBP	PF12851.13	7.4e-49
Apimel_XP_026300195.1	1728	2677	Tet_JBP	PF12851.13	7.4e-49
Aech_XP_011054025.1	1242	2148	Tet_JBP	PF12851.13	1.7e-49
Emex_XP_017761029.1	1662	2608	Tet_JBP	PF12851.13	4.9e-49
Bgla_XP_055877639.1	1239	2027	Tet_JBP	PF12851.13	5.5e-49
Bgla_XP_055877640.1	1239	2027	Tet_JBP	PF12851.13	5.5e-49
Sinv_XP_025993709.2	1211	2127	Tet_JBP	PF12851.13	2.5e-49
Pcoq_XP_012510543.1	1264	1827	Tet_JBP	PF12851.13	2e-49
Aech_XP_011054024.1	1622	2528	Tet_JBP	PF12851.13	2.4e-49
Anan_XP_064240112.1	1167	1751	Tet_JBP	PF12851.13	2.9e-49
Acep_XP_012055865.1	1620	2542	Tet_JBP	PF12851.13	2.8e-49
Bter_XP_012169996.1	1254	2200	Tet_JBP	PF12851.13	3.9e-49
Bter_XP_048267039.1	1254	2200	Tet_JBP	PF12851.13	3.9e-49
Bter_XP_048267040.1	1254	2200	Tet_JBP	PF12851.13	3.9e-49
Bimp_XP_012243295.1	1585	2531	Tet_JBP	PF12851.13	3.7e-49
Patmin_XP_038061021.1	1222	1978	Tet_JBP	PF12851.13	2.2e-49
Sinv_XP_025993708.2	1653	2538	Tet_JBP	PF12851.13	3.2e-49
Agif_XP_044007227.1	1233	2087	Tet_JBP	PF12851.13	4.3e-49
Mrot_XP_012142522.1	1587	2524	Tet_JBP	PF12851.13	4e-49
Mrot_XP_012142521.1	1606	2543	Tet_JBP	PF12851.13	4.1e-49
Mrot_XP_012142516.1	1612	2549	Tet_JBP	PF12851.13	4.1e-49
Mrot_XP_012142517.1	1612	2549	Tet_JBP	PF12851.13	4.1e-49
Mrot_XP_012142519.1	1607	2544	Tet_JBP	PF12851.13	4.1e-49
Mrot_XP_012142518.1	1608	2545	Tet_JBP	PF12851.13	4.1e-49
Sinv_XP_011167298.3	1653	2569	Tet_JBP	PF12851.13	3.7e-49
Sinv_XP_025993707.2	1653	2569	Tet_JBP	PF12851.13	3.7e-49
Sinv_XP_039313059.1	1653	2569	Tet_JBP	PF12851.13	3.7e-49
Sinv_XP_039313060.1	1653	2569	Tet_JBP	PF12851.13	3.7e-49
Sinv_XP_039313061.1	1653	2569	Tet_JBP	PF12851.13	3.7e-49
Sinv_XP_039313062.1	1653	2569	Tet_JBP	PF12851.13	3.7e-49
Rpro_RPRC001840-PA	953	1848	Tet_JBP	PF12851.13	3.4e-49
Phum_XP_002423436.1	1104	1755	Tet_JBP	PF12851.13	5.8e-49
Cruf_ENSCRFP00000008366.1	882	1614	Tet_JBP	PF12851.13	3.2e-49
Hlab_XP_017795000.1	1633	2580	Tet_JBP	PF12851.13	3.9e-49
Bter_XP_012169992.1	1702	2648	Tet_JBP	PF12851.13	5.8e-49
Bter_XP_012169993.1	1702	2648	Tet_JBP	PF12851.13	5.8e-49
Bter_XP_012169994.1	1702	2648	Tet_JBP	PF12851.13	5.8e-49
Bter_XP_020721408.1	1702	2648	Tet_JBP	PF12851.13	5.8e-49
Bter_XP_048267038.1	1702	2648	Tet_JBP	PF12851.13	5.8e-49
Agif_XP_044007226.1	1699	2553	Tet_JBP	PF12851.13	6.5e-49
Hame_XP_042211737.1	1075	1799	Tet_JBP	PF12851.13	5.9e-49
Pbar_XP_011648080.1	1627	2548	Tet_JBP	PF12851.13	5.3e-49
Btab_XP_018895737.1	1508	2356	Tet_JBP	PF12851.13	5.6e-49
Ldec_XP_023019983.1	765	1190	Tet_JBP	PF12851.13	2.8e-49
Mrot_XP_012142523.1	1218	2155	Tet_JBP	PF12851.13	2.9e-49
Psp.EM1_CCW64034.1	316	472	Tet_JBP	PF12851.13	5.3e-49
Znev_XP_021937356.1	1178	2241	Tet_JBP	PF12851.13	7.5e-49
Onttau_XP_071053156.1	1095	1589	Tet_JBP	PF12851.13	9.4e-49
Onttau_XP_022919224.2	1101	1595	Tet_JBP	PF12851.13	9.5e-49
Onttau_XP_022919223.2	1119	1613	Tet_JBP	PF12851.13	9.7e-49
Ficalb_XP_016159034.1	648	1162	Tet_JBP	PF12851.13	1.1e-48
Mmer_XP_045213193.2	1254	2170	Tet_JBP	PF12851.13	8.3e-49
Mmer_XP_053392645.1	1254	2170	Tet_JBP	PF12851.13	8.3e-49
Mmer_XP_053392644.1	1264	2180	Tet_JBP	PF12851.13	8.4e-49
Mmer_XP_053392643.1	1271	2187	Tet_JBP	PF12851.13	8.5e-49
Dnov_XP_015428486.1	1325	2276	Tet_JBP	PF12851.13	1.5e-48
Smar_SMAR014123-PA	568	1024	Tet_JBP	PF12851.13	9.3e-49
Rmai_XP_026815035.1	1390	1927	Tet_JBP	PF12851.13	1e-48
Lhum_XP_012219637.2	1233	2173	Tet_JBP	PF12851.13	2.4e-48
Lsey_KPI86246.1	335	489	Tet_JBP	PF12851.13	8.8e-49
Dvir_XP_050518530.1	1172	1577	Tet_JBP	PF12851.13	1.1e-48
Tvap_Tv_09916-RA:cds	940	1827	Tet_JBP	PF12851.13	1.2e-48
Nvit_XP_008203342.1	1189	2114	Tet_JBP	PF12851.13	8.7e-48
Lpyr_XP_015655579.1	338	492	Tet_JBP	PF12851.13	1.2e-48
Lpyr_XP_015655580.1	338	492	Tet_JBP	PF12851.13	1.2e-48
Dnov_XP_015428484.1	1779	2730	Tet_JBP	PF12851.13	2.1e-48
Dnov_XP_015428485.1	1779	2730	Tet_JBP	PF12851.13	2.1e-48
Oabi_XP_012273022.1	1774	2706	Tet_JBP	PF12851.13	1.6e-48
Chem_XP_066913505.1	343	669	Tet_JBP	PF12851.13	1.7e-48
Chem_XP_066913504.1	356	682	Tet_JBP	PF12851.13	1.7e-48
Lhum_XP_012219635.2	1668	2608	Tet_JBP	PF12851.13	3.5e-48
Lhum_XP_012219636.2	1668	2608	Tet_JBP	PF12851.13	3.5e-48
Lhum_XP_067213487.1	1668	2608	Tet_JBP	PF12851.13	3.5e-48
Oabi_XP_012273023.1	1319	2282	Tet_JBP	PF12851.13	1.8e-48
Tpre_XP_014238589.1	1693	2543	Tet_JBP	PF12851.13	1.9e-48
Tpre_XP_014238590.1	1693	2543	Tet_JBP	PF12851.13	1.9e-48
Tpre_XP_023316750.1	1693	2543	Tet_JBP	PF12851.13	1.9e-48
Dple_XP_061377859.1	1042	1822	Tet_JBP	PF12851.13	2.2e-48
Aros_XP_025602520.2	1326	2335	Tet_JBP	PF12851.13	2.3e-48
Aros_XP_048507038.1	1326	2335	Tet_JBP	PF12851.13	2.3e-48
Aros_XP_048507039.1	1326	2335	Tet_JBP	PF12851.13	2.3e-48
Hvul_XP_065651683.1	423	748	Tet_JBP	PF12851.13	2.6e-48
Hvul_XP_065651684.1	423	748	Tet_JBP	PF12851.13	2.6e-48
Hvul_XP_065651685.1	423	748	Tet_JBP	PF12851.13	2.6e-48
Hvul_XP_065651686.1	423	748	Tet_JBP	PF12851.13	2.6e-48
Hvul_XP_065651687.1	423	748	Tet_JBP	PF12851.13	2.6e-48
Skow_XP_006816862.1	295	949	Tet_JBP	PF12851.13	1.8e-48
Hvul_XP_065651678.1	479	804	Tet_JBP	PF12851.13	2.7e-48
Hvul_XP_065651679.1	479	804	Tet_JBP	PF12851.13	2.7e-48
Oabi_XP_012273021.1	1774	2737	Tet_JBP	PF12851.13	2.6e-48
Mpha_XP_012528656.1	1322	2183	Tet_JBP	PF12851.13	2.6e-48
Nvit_XP_001599461.2	1680	2605	Tet_JBP	PF12851.13	1.4e-47
Nvit_XP_008203340.1	1680	2605	Tet_JBP	PF12851.13	1.4e-47
Nvit_XP_031785263.1	1680	2605	Tet_JBP	PF12851.13	1.4e-47
Nvit_XP_032455701.1	1680	2605	Tet_JBP	PF12851.13	1.4e-47
Hmel_HMEL013358-PA	924	1703	Tet_JBP	PF12851.13	3e-48
Aros_XP_048507037.1	1761	2770	Tet_JBP	PF12851.13	3.3e-48
Aros_XP_048507032.1	1765	2774	Tet_JBP	PF12851.13	3.3e-48
Aros_XP_048507033.1	1765	2774	Tet_JBP	PF12851.13	3.3e-48
Aros_XP_048507034.1	1765	2774	Tet_JBP	PF12851.13	3.3e-48
Aros_XP_048507036.1	1765	2774	Tet_JBP	PF12851.13	3.3e-48
Cflo_XP_019885437.2	1632	2564	Tet_JBP	PF12851.13	3.2e-48
Mcin_XP_045446065.1	1601	2383	Tet_JBP	PF12851.13	4.6e-48
Portri_XP_045128511.1	1513	2233	Tet_JBP	PF12851.13	5.6e-48
Sfla_XP_025425009.1	1351	1886	Tet_JBP	PF12851.13	6.5e-48
Sfla_XP_025425008.1	1360	1895	Tet_JBP	PF12851.13	6.5e-48
Hsal_XP_025163382.1	1232	2171	Tet_JBP	PF12851.13	6.9e-48
Hsal_XP_025163383.1	1232	2171	Tet_JBP	PF12851.13	6.9e-48
Dnox_XP_015380074.1	1398	1918	Tet_JBP	PF12851.13	6.7e-48
Lpan_XP_010697240.1	333	487	Tet_JBP	PF12851.13	4.8e-48
Tricas_XP_015835502.1	949	1266	Tet_JBP	PF12851.13	5e-48
Tricas_XP_008193024.1	973	1290	Tet_JBP	PF12851.13	5.2e-48
Tricas_XP_015835499.1	973	1290	Tet_JBP	PF12851.13	5.2e-48
Dappul_XP_046633210.1	1158	1534	Tet_JBP	PF12851.13	6.7e-48
Dappul_XP_046633211.1	1158	1534	Tet_JBP	PF12851.13	6.7e-48
Cotglo_XP_044587498.1	1221	2105	Tet_JBP	PF12851.13	4.2e-47
Cotglo_XP_044587503.1	1221	2105	Tet_JBP	PF12851.13	4.2e-47
Dpul_XP_046460497.1	1160	1536	Tet_JBP	PF12851.13	6.6e-48
Dpul_XP_046460499.1	1160	1536	Tet_JBP	PF12851.13	6.6e-48
Dpul_XP_046460500.1	1160	1536	Tet_JBP	PF12851.13	6.6e-48
Dpul_XP_046460501.1	1160	1536	Tet_JBP	PF12851.13	6.6e-48
Obir_XP_026829195.1	1175	2113	Tet_JBP	PF12851.13	1.2e-47
Hsal_XP_011150199.2	1675	2614	Tet_JBP	PF12851.13	1e-47
Hsal_XP_025163375.1	1675	2614	Tet_JBP	PF12851.13	1e-47
Hsal_XP_025163376.1	1675	2614	Tet_JBP	PF12851.13	1e-47
Hsal_XP_025163377.1	1675	2614	Tet_JBP	PF12851.13	1e-47
Hsal_XP_025163378.1	1675	2614	Tet_JBP	PF12851.13	1e-47
Hsal_XP_025163379.1	1675	2614	Tet_JBP	PF12851.13	1e-47
Hsal_XP_025163380.1	1675	2614	Tet_JBP	PF12851.13	1e-47
Hsal_XP_025163381.1	1675	2614	Tet_JBP	PF12851.13	1e-47
Spis_XP_022807504.1	370	837	Tet_JBP	PF12851.13	7e-48
Obir_XP_026829194.1	1314	2252	Tet_JBP	PF12851.13	1.4e-47
Anomel_AMEC002915-PA	138	369	Tet_JBP	PF12851.13	8e-48
Cotglo_XP_044587494.1	1673	2557	Tet_JBP	PF12851.13	6.3e-47
Bmor_XP_037874990.1	1172	1956	Tet_JBP	PF12851.13	1.5e-47
Obir_XP_026829186.1	1623	2561	Tet_JBP	PF12851.13	1.9e-47
Obir_XP_026829187.1	1623	2561	Tet_JBP	PF12851.13	1.9e-47
Obir_XP_026829188.1	1623	2561	Tet_JBP	PF12851.13	1.9e-47
Obir_XP_026829189.1	1623	2561	Tet_JBP	PF12851.13	1.9e-47
Obir_XP_026829190.1	1623	2561	Tet_JBP	PF12851.13	1.9e-47
Obir_XP_026829191.1	1623	2561	Tet_JBP	PF12851.13	1.9e-47
Obir_XP_026829192.1	1623	2561	Tet_JBP	PF12851.13	1.9e-47
Obir_XP_026829193.1	1623	2561	Tet_JBP	PF12851.13	1.9e-47
Amil_XP_029179484.2	371	830	Tet_JBP	PF12851.13	1.3e-47
Adig_XP_015772477.1	371	830	Tet_JBP	PF12851.13	1.3e-47
Bmor_XP_037874989.1	1548	2332	Tet_JBP	PF12851.13	2.1e-47
Bmor_XP_037874988.1	1554	2338	Tet_JBP	PF12851.13	2.1e-47
Pvan_XP_069980507.1	972	1693	Tet_JBP	PF12851.13	2.2e-47
Pvan_XP_069980508.1	972	1693	Tet_JBP	PF12851.13	2.2e-47
Bman_XP_028027302.1	1548	2331	Tet_JBP	PF12851.13	2.1e-47
Bman_XP_028027293.1	1554	2337	Tet_JBP	PF12851.13	2.1e-47
Bmor_XP_037874987.1	1577	2361	Tet_JBP	PF12851.13	2.1e-47
Bmor_XP_021202702.2	1583	2367	Tet_JBP	PF12851.13	2.1e-47
Copflo_XP_014218574.2	1800	2753	Tet_JBP	PF12851.13	2.2e-47
Ofav_XP_020610122.1	370	833	Tet_JBP	PF12851.13	2.3e-47
Pmon_XP_037784080.1	976	1697	Tet_JBP	PF12851.13	3e-47
Pjap_XP_042856321.1	970	1693	Tet_JBP	PF12851.13	2.5e-47
Pjap_XP_042856312.1	1006	1729	Tet_JBP	PF12851.13	2.6e-47
Pjap_XP_042856305.1	1073	1796	Tet_JBP	PF12851.13	2.7e-47
Pchi_XP_047471307.1	979	1702	Tet_JBP	PF12851.13	3.5e-47
Pchi_XP_047471308.1	979	1702	Tet_JBP	PF12851.13	3.5e-47
Pvan_XP_069980506.1	1403	2124	Tet_JBP	PF12851.13	3e-47
Pvan_XP_069980505.1	1448	2169	Tet_JBP	PF12851.13	3.1e-47
Pdam_XP_027043130.1	369	830	Tet_JBP	PF12851.13	2e-47
Cint_XP_002125458.3	928	1441	Tet_JBP	PF12851.13	4.9e-46
Dmag_XP_045029881.1	1133	1516	Tet_JBP	PF12851.13	2.8e-47
Dmag_XP_045029886.1	1133	1516	Tet_JBP	PF12851.13	2.8e-47
Dmag_XP_045029892.1	1133	1516	Tet_JBP	PF12851.13	2.8e-47
Pmon_XP_037784079.1	1407	2128	Tet_JBP	PF12851.13	4.1e-47
Aequ_EGACTEQ4350009505-PA	370	833	Tet_JBP	PF12851.13	2.4e-47
Aequ_EGACTEQ4350024175-PA	370	833	Tet_JBP	PF12851.13	2.3e-47
Aten_XP_031563601.1	370	833	Tet_JBP	PF12851.13	2.4e-47
Apis_XP_008183450.2	1416	1938	Tet_JBP	PF12851.13	4.4e-47
Pchi_XP_047471306.1	1410	2133	Tet_JBP	PF12851.13	4.7e-47
Pchi_XP_047471304.1	1455	2178	Tet_JBP	PF12851.13	4.9e-47
Pcla_XP_045611650.2	1163	1884	Tet_JBP	PF12851.13	1.8e-47
Dord_XP_012879295.1	1247	1858	Tet_JBP	PF12851.13	5.7e-47
Hvul_XP_065651680.1	423	754	Tet_JBP	PF12851.13	7.7e-47
Hvul_XP_065651681.1	423	754	Tet_JBP	PF12851.13	7.7e-47
Hvul_XP_065651682.1	423	754	Tet_JBP	PF12851.13	7.7e-47
Nvec_XP_001634895.3	377	834	Tet_JBP	PF12851.13	5.2e-47
Hvul_XP_065651677.1	479	810	Tet_JBP	PF12851.13	8.3e-47
Lbic_XP_001883228.1	44	210	Tet_JBP	PF12851.13	5.4e-47
Blan_XP_066304213.1	902	1794	Tet_JBP	PF12851.13	1.2e-46
Twil_T_wilhelma_c27731_g1_i3|m.21815	116	690	Tet_JBP	PF12851.13	9.9e-47
Blan_XP_066304217.1	622	1479	Tet_JBP	PF12851.13	2.3e-40
Lmaj_XP_001687603.1	257	411	Tet_JBP	PF12851.13	1.1e-46
Blan_XP_066304212.1	902	1794	Tet_JBP	PF12851.13	1.7e-46
Tigcal_XP_059097102.1	1053	1466	Tet_JBP	PF12851.13	1.2e-46
Tigcal_XP_059097099.1	1055	1468	Tet_JBP	PF12851.13	1.2e-46
Tigcal_XP_059097100.1	1055	1468	Tet_JBP	PF12851.13	1.2e-46
Tigcal_XP_059097101.1	1055	1468	Tet_JBP	PF12851.13	1.2e-46
Psp.EM1_CCW64618.1	107	262	Tet_JBP	PF12851.13	1.1e-46
Psp.Hart1_CCW66736.1	107	261	Tet_JBP	PF12851.13	1.3e-46
Blan_XP_066304215.1	688	1545	Tet_JBP	PF12851.13	2.6e-40
Blan_XP_066304216.1	688	1545	Tet_JBP	PF12851.13	2.6e-40
Maur_XP_040588510.1	1586	1872	Tet_JBP	PF12851.13	1.8e-42
Maur_XP_040588508.1	1586	1873	Tet_JBP	PF12851.13	1.8e-42
Maur_XP_040588509.1	1586	1873	Tet_JBP	PF12851.13	1.8e-42
Cqui_XP_038119721.1	1761	2416	Tet_JBP	PF12851.13	2.1e-46
Psp.Hart1_CCW69781.1	319	475	Tet_JBP	PF12851.13	1.7e-46
Lbic_XP_001890114.1	171	337	Tet_JBP	PF12851.13	1.8e-46
Lbic_XP_001885035.1	169	335	Tet_JBP	PF12851.13	1.8e-46
Blan_XP_066304211.1	948	1805	Tet_JBP	PF12851.13	3.7e-40
Osin_XP_029638444.1	1387	2050	Tet_JBP	PF12851.13	2.3e-46
Osin_XP_036363610.1	1387	2050	Tet_JBP	PF12851.13	2.3e-46
Osin_XP_036363614.1	1387	2050	Tet_JBP	PF12851.13	2.3e-46
Osin_XP_036363618.1	1387	2050	Tet_JBP	PF12851.13	2.3e-46
Twil_T_wilhelma_c27731_g1_i4|m.21818	440	1014	Tet_JBP	PF12851.13	2.3e-46
Twil_T_wilhelma_c27731_g1_i6|m.21824	440	1014	Tet_JBP	PF12851.13	2.3e-46
Lgig_XP_009060167.1	127	305	Tet_JBP	PF12851.13	1.9e-46
Asin_KFB35995.1	697	1438	Tet_JBP	PF12851.13	3.2e-46
Obim_XP_014772827.1	1392	2052	Tet_JBP	PF12851.13	3e-46
Obim_XP_014772828.1	1392	2052	Tet_JBP	PF12851.13	3e-46
Obim_XP_052828821.1	1392	2052	Tet_JBP	PF12851.13	3e-46
Dpon_XP_048520758.1	1261	1651	Tet_JBP	PF12851.13	3.3e-46
Dpon_XP_048520757.1	1280	1670	Tet_JBP	PF12851.13	3.4e-46
Dpon_XP_019757341.1	1284	1674	Tet_JBP	PF12851.13	3.4e-46
Dpon_XP_048520756.1	1284	1674	Tet_JBP	PF12851.13	3.4e-46
Aatr_ENSAATROPP009376	1300	2035	Tet_JBP	PF12851.13	4.7e-46
Anochr_ACHR007766-PA	1339	2094	Tet_JBP	PF12851.13	5.2e-46
Ldel_RWS30518.1	205	501	Tet_JBP	PF12851.13	4.3e-46
Lbic_XP_001890667.1	44	210	Tet_JBP	PF12851.13	3.5e-46
Anoalb_XP_035793437.1	1303	2089	Tet_JBP	PF12851.13	6e-46
Ccap_XP_020715064.1	2039	2872	Tet_JBP	PF12851.13	8.4e-46
Linf_XP_001464187.1	257	411	Tet_JBP	PF12851.13	5.6e-46
Ldon_XP_003859376.1	257	411	Tet_JBP	PF12851.13	5.6e-46
Aaeg_XP_021699257.1	1741	2382	Tet_JBP	PF12851.13	6.5e-46
Aaeg_XP_021699256.1	1766	2407	Tet_JBP	PF12851.13	6.7e-46
Aepi_AEPI005046-PA	1305	2051	Tet_JBP	PF12851.13	7.4e-46
Acul_ACUA021821-PA	1258	2007	Tet_JBP	PF12851.13	7.2e-46
Anomin_AMIN010643-PA	1262	2013	Tet_JBP	PF12851.13	7.2e-46
Afun_XP_049296423.1	1459	2205	Tet_JBP	PF12851.13	7.3e-46
Aalb_XP_062699606.1	1779	2419	Tet_JBP	PF12851.13	7.4e-46
Aqua_AQUA010711-PA	1312	2074	Tet_JBP	PF12851.13	8.1e-46
Lsey_KPI89706.1	107	263	Tet_JBP	PF12851.13	8.5e-46
Agam_XP_061498228.1	1518	2278	Tet_JBP	PF12851.13	9.7e-46
Anoara_XP_040176211.1	1515	2276	Tet_JBP	PF12851.13	9.7e-46
Mvit_XP_029816559.1	1267	1376	Tet_JBP	PF12851.13	1.1e-45
Edia_XP_020900736.1	371	827	Tet_JBP	PF12851.13	8e-46
Afar_AFAF011547-PA	1411	2173	Tet_JBP	PF12851.13	1e-45
Adar_XP_049540890.1	1320	2114	Tet_JBP	PF12851.13	1.2e-45
Anoste_XP_035907744.1	1967	2717	Tet_JBP	PF12851.13	1.1e-45
Anoste_XP_035907743.1	1973	2723	Tet_JBP	PF12851.13	1.1e-45
Afun_XP_049296422.1	1961	2707	Tet_JBP	PF12851.13	1.1e-45
Anoste_XP_035907745.1	1990	2740	Tet_JBP	PF12851.13	1.1e-45
Afun_XP_049296421.1	1967	2713	Tet_JBP	PF12851.13	1.1e-45
Anoste_XP_035907742.1	1993	2743	Tet_JBP	PF12851.13	1.1e-45
Anoste_XP_035907741.1	1996	2746	Tet_JBP	PF12851.13	1.1e-45
Anoste_XP_035907740.1	1999	2749	Tet_JBP	PF12851.13	1.1e-45
Afun_XP_049296424.1	1984	2730	Tet_JBP	PF12851.13	1.1e-45
Afun_XP_049296420.1	1987	2733	Tet_JBP	PF12851.13	1.1e-45
Afun_XP_049296419.1	1990	2736	Tet_JBP	PF12851.13	1.1e-45
Afun_XP_049296418.1	1993	2739	Tet_JBP	PF12851.13	1.1e-45
Psam_PSAMB.scaffold56size92332.g1253.t1	636	918	Tet_JBP	PF12851.13	1e-45
Anoara_XP_040176210.1	2010	2771	Tet_JBP	PF12851.13	1.4e-45
Agam_XP_061498227.1	2011	2771	Tet_JBP	PF12851.13	1.4e-45
Acol_XP_040229641.2	2010	2770	Tet_JBP	PF12851.13	1.4e-45
Agam_XP_061498226.1	2017	2777	Tet_JBP	PF12851.13	1.4e-45
Acol_XP_040229640.2	2016	2776	Tet_JBP	PF12851.13	1.4e-45
Amer_XP_041770751.1	2021	2783	Tet_JBP	PF12851.13	1.4e-45
Anoara_XP_040176209.1	2033	2794	Tet_JBP	PF12851.13	1.4e-45
Anoara_XP_040176208.1	2036	2797	Tet_JBP	PF12851.13	1.4e-45
Amer_XP_041770750.1	2027	2789	Tet_JBP	PF12851.13	1.4e-45
Acol_XP_040229639.2	2033	2793	Tet_JBP	PF12851.13	1.4e-45
Agam_XP_061498225.1	2037	2797	Tet_JBP	PF12851.13	1.4e-45
Agam_XP_061498224.1	2040	2800	Tet_JBP	PF12851.13	1.4e-45
Acol_XP_040229638.2	2036	2796	Tet_JBP	PF12851.13	1.4e-45
Agam_XP_061498223.1	2043	2803	Tet_JBP	PF12851.13	1.4e-45
Lbic_XP_001885216.1	171	337	Tet_JBP	PF12851.13	1.1e-45
Amer_XP_041770748.1	2047	2809	Tet_JBP	PF12851.13	1.5e-45
Amer_XP_041770747.1	2050	2812	Tet_JBP	PF12851.13	1.5e-45
Amer_XP_041770746.1	2053	2815	Tet_JBP	PF12851.13	1.5e-45
Fdam_XP_033611932.1	127	304	Tet_JBP	PF12851.13	1.7e-45
Hazt_XP_047736199.1	2125	3228	Tet_JBP	PF12851.13	2.7e-45
Lbic_XP_001885524.1	148	314	Tet_JBP	PF12851.13	1.5e-45
Ccin_XP_001831108.2	197	362	Tet_JBP	PF12851.13	2.3e-45
Scal_XP_059216921.1	1940	2747	Tet_JBP	PF12851.13	5.5e-45
Scal_XP_059216920.1	1933	2773	Tet_JBP	PF12851.13	6.6e-45
Scal_XP_059216919.1	1940	2780	Tet_JBP	PF12851.13	6.6e-45
Lmaj_XP_001681321.1	107	263	Tet_JBP	PF12851.13	2.3e-45
Lcup_XP_046806980.1	2002	2816	Tet_JBP	PF12851.13	3.7e-45
Lbic_XP_001890049.1	171	337	Tet_JBP	PF12851.13	2.3e-45
Aplcal_XP_012934816.1	1362	2456	Tet_JBP	PF12851.13	5.9e-45
Mspr_MGP_SPRETEiJ_P0063012	1229	1429	Tet_JBP	PF12851.13	3.9e-45
Aplcal_XP_005092662.1	1528	2622	Tet_JBP	PF12851.13	6.6e-45
Cson_CSON014428-1	904	1463	Tet_JBP	PF12851.13	3.7e-45
Lbic_XP_001880158.1	159	325	Tet_JBP	PF12851.13	3e-45
Linf_XP_001463611.1	107	263	Tet_JBP	PF12851.13	3.7e-45
Ldon_XP_003858833.1	107	263	Tet_JBP	PF12851.13	3.7e-45
Aque_XP_019849055.1	369	874	Tet_JBP	PF12851.13	3.9e-45
Ahaa_ENSAHAP00000000045.1	1	153	Tet_JBP	PF12851.13	3.5e-45
Bjap_ENSBJAP00000022472.1	1	175	Tet_JBP	PF12851.13	3.3e-45
Socc_ENSSOCP00000004752.1	1	113	Tet_JBP	PF12851.13	4.6e-45
Lcup_XP_046806979.1	1995	2845	Tet_JBP	PF12851.13	1e-44
Lcup_XP_046806978.1	1996	2846	Tet_JBP	PF12851.13	1e-44
Lcup_XP_046806977.1	2002	2852	Tet_JBP	PF12851.13	1.1e-44
Btry_XP_039965940.1	1054	1905	Tet_JBP	PF12851.13	9e-45
Dwil_XP_023037499.2	1750	2593	Tet_JBP	PF12851.13	1.3e-44
Dmel_NP_001246583.1	992	1862	Tet_JBP	PF12851.13	1.2e-44
Dmel_NP_647750.4	992	1862	Tet_JBP	PF12851.13	1.2e-44
Dgig_XP_028405021.1	381	871	Tet_JBP	PF12851.13	1.2e-44
Blat_XP_018783200.1	1059	1879	Tet_JBP	PF12851.13	1.6e-44
Mdom_XP_058987663.1	1967	2785	Tet_JBP	PF12851.13	1.5e-44
Mdom_XP_011295185.1	1967	2786	Tet_JBP	PF12851.13	1.6e-44
Dmoj_XP_043866093.1	1873	2731	Tet_JBP	PF12851.13	2.2e-44
Btry_XP_039965941.1	1054	1875	Tet_JBP	PF12851.13	1.6e-44
Mdom_XP_019894656.1	1967	2800	Tet_JBP	PF12851.13	1.7e-44
Dyak_XP_043062930.1	1838	2704	Tet_JBP	PF12851.13	1.9e-44
Dyak_XP_015050041.1	1844	2710	Tet_JBP	PF12851.13	1.9e-44
Dyak_XP_039229473.1	1898	2764	Tet_JBP	PF12851.13	1.9e-44
Dyak_XP_043062929.1	1897	2763	Tet_JBP	PF12851.13	1.9e-44
Dyak_XP_039229471.1	1904	2770	Tet_JBP	PF12851.13	1.9e-44
Dyak_XP_015050042.1	1903	2769	Tet_JBP	PF12851.13	1.9e-44
Tdal_XP_037948690.1	1295	2062	Tet_JBP	PF12851.13	7.5e-45
Dsim_XP_044778761.1	1790	2657	Tet_JBP	PF12851.13	2.4e-44
Dsim_XP_039149113.1	1796	2663	Tet_JBP	PF12851.13	2.4e-44
Dgri_XP_043071596.1	1004	1863	Tet_JBP	PF12851.13	1.5e-44
Dana_XP_032310185.1	1838	2708	Tet_JBP	PF12851.13	6e-44
Dsim_XP_039149111.1	1845	2712	Tet_JBP	PF12851.13	2.5e-44
Dsim_XP_044778760.1	1844	2711	Tet_JBP	PF12851.13	2.5e-44
Dsim_XP_039149109.1	1851	2718	Tet_JBP	PF12851.13	2.5e-44
Dsim_XP_039149110.1	1850	2717	Tet_JBP	PF12851.13	2.5e-44
Dana_XP_032310184.1	1844	2714	Tet_JBP	PF12851.13	6.1e-44
Mdom_XP_011295184.1	1960	2817	Tet_JBP	PF12851.13	1.9e-44
Dana_XP_044570311.1	1860	2730	Tet_JBP	PF12851.13	6.1e-44
Mdom_XP_011295183.1	1967	2824	Tet_JBP	PF12851.13	1.9e-44
Mdom_XP_058987661.1	1967	2824	Tet_JBP	PF12851.13	1.9e-44
Dsec_XP_032574063.1	1785	2654	Tet_JBP	PF12851.13	2.4e-44
Dana_XP_032310183.1	1893	2763	Tet_JBP	PF12851.13	6.3e-44
Dsec_XP_032574062.1	1791	2660	Tet_JBP	PF12851.13	2.4e-44
Dana_XP_032310182.1	1899	2769	Tet_JBP	PF12851.13	6.3e-44
Dsec_XP_032574061.1	1839	2708	Tet_JBP	PF12851.13	2.5e-44
Dsec_XP_032574060.1	1845	2714	Tet_JBP	PF12851.13	2.5e-44
Dmel_NP_001246581.1	1796	2666	Tet_JBP	PF12851.13	2.4e-44
Dmel_NP_001261343.1	1802	2672	Tet_JBP	PF12851.13	2.4e-44
Bant_IU25_01876-mRNA-1	915	1481	Tet_JBP	PF12851.13	2.1e-44
Dmel_NP_001246582.1	1851	2721	Tet_JBP	PF12851.13	2.5e-44
Dmel_NP_001261344.1	1857	2727	Tet_JBP	PF12851.13	2.5e-44
Dere_XP_015013466.1	1804	2675	Tet_JBP	PF12851.13	2.8e-44
Dere_XP_026833079.1	1803	2674	Tet_JBP	PF12851.13	2.8e-44
Bdor_XP_049314537.1	1941	2762	Tet_JBP	PF12851.13	3.1e-44
Bdor_XP_049314535.1	1935	2786	Tet_JBP	PF12851.13	3.3e-44
Bdor_XP_049314534.1	1935	2786	Tet_JBP	PF12851.13	3.3e-44
Bdor_XP_049314533.1	1941	2792	Tet_JBP	PF12851.13	3.4e-44
Dgri_XP_043071597.1	1865	2755	Tet_JBP	PF12851.13	3.7e-44
Lbic_XP_001878398.1	171	337	Tet_JBP	PF12851.13	2.5e-44
Lbic_XP_001891082.1	171	337	Tet_JBP	PF12851.13	2.5e-44
Lpyr_XP_015656168.1	107	263	Tet_JBP	PF12851.13	2.5e-44
Lpyr_XP_015656169.1	107	263	Tet_JBP	PF12851.13	2.5e-44
Lpan_XP_010704384.1	107	263	Tet_JBP	PF12851.13	4.8e-44
Ccap_XP_020715063.1	2016	2879	Tet_JBP	PF12851.13	6.4e-44
Blat_XP_018783202.1	1059	1909	Tet_JBP	PF12851.13	6.4e-44
Ccap_XP_020715062.1	2033	2896	Tet_JBP	PF12851.13	7.2e-44
Ccap_XP_020715061.1	2039	2902	Tet_JBP	PF12851.13	7.2e-44
Blat_XP_018783199.1	1059	1888	Tet_JBP	PF12851.13	6.9e-44
Hill_XP_037907292.1	1451	2115	Tet_JBP	PF12851.13	6.7e-44
Aamp_XP_043210491.1	270	822	Tet_JBP	PF12851.13	7.3e-44
Dtin_RWS09818.1	671	971	Tet_JBP	PF12851.13	8.8e-44
Dper_XP_026849556.1	1046	1972	Tet_JBP	PF12851.13	1.8e-43
Rpom_XP_036335775.1	1039	1879	Tet_JBP	PF12851.13	1.3e-43
Parcla_CAB4005227.1	381	883	Tet_JBP	PF12851.13	1.8e-43
Aamp_XP_043214868.1	283	922	Tet_JBP	PF12851.13	9.6e-44
Dpse_XP_033240094.1	1960	2833	Tet_JBP	PF12851.13	2.8e-43
Drovir_XP_070064642.1	1848	2729	Tet_JBP	PF12851.13	8e-44
Rcul_nRc.2.0.1.t28809-RA	527	800	Tet_JBP	PF12851.13	1.8e-43
Ppap_XP_055700896.1	860	1414	Tet_JBP	PF12851.13	1.8e-43
Llon_XP_055685710.1	1338	1888	Tet_JBP	PF12851.13	2e-43
Ppap_XP_055700895.1	1325	1879	Tet_JBP	PF12851.13	2.9e-43
Ppap_XP_055700893.1	1325	1879	Tet_JBP	PF12851.13	3e-43
Ppap_XP_055700894.1	1325	1879	Tet_JBP	PF12851.13	3e-43
Blat_XP_018783201.1	1059	1909	Tet_JBP	PF12851.13	5.3e-43
Bdor_XP_049314536.1	1941	2771	Tet_JBP	PF12851.13	7e-43
Itri_XP_040128156.1	1559	1837	Tet_JBP	PF12851.13	7.6e-43
Gevg_XP_030424284.1	1585	1695	Tet_JBP	PF12851.13	8.3e-43
Cabi_XP_032651134.1	1583	1693	Tet_JBP	PF12851.13	8.4e-43
Gevg_XP_030424283.1	1585	1695	Tet_JBP	PF12851.13	1e-42
Lbic_XP_001884776.1	189	351	Tet_JBP	PF12851.13	6.4e-43
Cabi_XP_032651132.1	1583	1693	Tet_JBP	PF12851.13	1e-42
Ccan_XP_020022000.1	8	688	Tet_JBP	PF12851.13	8.6e-43
Ocin_ODM95073.1	782	937	Tet_JBP	PF12851.13	4e-42
Emue_Em0019g1209a	314	799	Tet_JBP	PF12851.13	3.3e-42
Tcar_ENSTMTP00000009132.1	1	108	Tet_JBP	PF12851.13	2.6e-42
Acyg_XP_047925611.2	1651	1761	Tet_JBP	PF12851.13	8e-42
Acyg_XP_047925612.2	1651	1761	Tet_JBP	PF12851.13	8e-42
Clan_XP_013370227.1	1317	1417	Tet_JBP	PF12851.13	1.7e-35
Pcap_ENSPCAP00000007317.1	1206	1310	Tet_JBP	PF12851.13	8e-42
Ccae_XP_023785934.1	1652	1762	Tet_JBP	PF12851.13	1.1e-41
Nmel_XP_021253234.1	1647	1757	Tet_JBP	PF12851.13	1.9e-41
Nmel_XP_021253235.1	1647	1757	Tet_JBP	PF12851.13	2e-41
Dronov_XP_064369724.1	1661	1771	Tet_JBP	PF12851.13	1.6e-41
Pcol_XP_031458734.1	1644	1754	Tet_JBP	PF12851.13	1.6e-41
Dronov_XP_064369725.1	1661	1771	Tet_JBP	PF12851.13	1.7e-41
Globre_GBRI007426-PA	1025	1824	Tet_JBP	PF12851.13	1.6e-41
Ggal_XP_040559108.1	1647	1757	Tet_JBP	PF12851.13	1.8e-41
Arow_XP_025915716.1	1662	1772	Tet_JBP	PF12851.13	1.7e-41
Scam_XP_068806995.1	1660	1770	Tet_JBP	PF12851.13	1.7e-41
Gloaus_GAUT003932-PA	1026	1825	Tet_JBP	PF12851.13	2.7e-41
Gfus_XP_037901340.1	1720	2519	Tet_JBP	PF12851.13	3.3e-41
Gfus_XP_037901339.1	1725	2524	Tet_JBP	PF12851.13	3.4e-41
Gfus_XP_037901338.1	1731	2530	Tet_JBP	PF12851.13	3.4e-41
Gfus_XP_037901341.1	1731	2499	Tet_JBP	PF12851.13	3.5e-41
Glopld_GPAI025220-PA	1030	1729	Tet_JBP	PF12851.13	5e-41
Gfus_XP_037901342.1	1265	2064	Tet_JBP	PF12851.13	7.5e-41
Glopps_GPPI020806-PA	1159	1958	Tet_JBP	PF12851.13	2e-40
Fcan_XP_021967200.2	791	1538	Tet_JBP	PF12851.13	1.3e-40
Arow_XP_025941066.1	234	681	Tet_JBP	PF12851.13	1.7e-40
Glomor_GMOY007814-PA	1963	2762	Tet_JBP	PF12851.13	3.5e-40
Rfer_XP_032986495.1	1626	1714	Tet_JBP	PF12851.13	5.8e-34
Ofus_CAH1794056.1	1141	1282	Tet_JBP	PF12851.13	2.2e-40
Glopps_GPPI010296-PA	1054	1853	Tet_JBP	PF12851.13	6.2e-40
Llat_ENSLLTP00000018639.1	1	108	Tet_JBP	PF12851.13	2.7e-40
Lpol_XP_022241646.1	1245	1535	Tet_JBP	PF12851.13	9.9e-40
Acun_XP_026718806.1	186	392	Tet_JBP	PF12851.13	9.1e-40
Mvit_XP_029820422.1	187	400	Tet_JBP	PF12851.13	2.3e-39
Ccae_XP_023796460.1	325	525	Tet_JBP	PF12851.13	2.9e-39
Gfor_XP_030921449.1	318	507	Tet_JBP	PF12851.13	3.1e-39
Tnig_CAF98696.1	1116	1518	Tet_JBP	PF12851.13	8.4e-33
Lbic_XP_001880157.1	281	433	Tet_JBP	PF12851.13	4.6e-39
Dronov_XP_064369727.1	1661	1766	Tet_JBP	PF12851.13	8.1e-39
Zalb_XP_014130743.1	350	508	Tet_JBP	PF12851.13	4.1e-39
Pmar_XP_032836420.1	779	1956	Tet_JBP	PF12851.13	1.3e-38
Bmus_XP_036708440.1	1291	1848	Tet_JBP	PF12851.13	9.8e-39
Itri_XP_040128159.1	944	1217	Tet_JBP	PF12851.13	2.2e-32
Itri_XP_040128160.1	944	1217	Tet_JBP	PF12851.13	2.2e-32
Itri_XP_040128158.1	978	1220	Tet_JBP	PF12851.13	2.5e-32
Itri_XP_040128157.1	1607	1858	Tet_JBP	PF12851.13	2.6e-32
Cmon_XP_031971388.1	1655	1759	Tet_JBP	PF12851.13	1.9e-38
Itri_XP_040128153.1	1607	1866	Tet_JBP	PF12851.13	3.2e-32
Itri_XP_040128154.1	1607	1866	Tet_JBP	PF12851.13	3.2e-32
Itri_XP_040128155.1	1607	1833	Tet_JBP	PF12851.13	3.7e-32
Dronov_XP_064369726.1	1661	1766	Tet_JBP	PF12851.13	2.2e-38
Pmaj_XP_033371659.1	1654	1758	Tet_JBP	PF12851.13	2.5e-38
Acun_XP_026707581.1	1661	1765	Tet_JBP	PF12851.13	2.4e-38
Achr_XP_029885623.1	1660	1764	Tet_JBP	PF12851.13	2.4e-38
Acun_XP_026707583.1	1661	1765	Tet_JBP	PF12851.13	2.8e-38
Scam_XP_068806996.1	1660	1764	Tet_JBP	PF12851.13	4.7e-38
Arow_XP_025915717.1	1662	1766	Tet_JBP	PF12851.13	5.7e-38
Smer_ENSSMRP00000020340.1	1	108	Tet_JBP	PF12851.13	4.1e-38
Bjap_ENSBJAP00000015965.1	1	135	Tet_JBP	PF12851.13	4e-38
Cgou_RLV85308.1	345	984	Tet_JBP	PF12851.13	6.3e-31
Amacol_ENSACOP00000022524.1	1	135	Tet_JBP	PF12851.13	4.4e-38
Bbub_ENSBOBP00000018440.1	1	108	Tet_JBP	PF12851.13	5.6e-38
Osun_ENSOSUP00000013303.1	1	108	Tet_JBP	PF12851.13	5.6e-38
Socc_ENSSOCP00000006060.1	1	108	Tet_JBP	PF12851.13	5.6e-38
Anis_ENSANIP00000019718.1	1	108	Tet_JBP	PF12851.13	6.2e-38
Spun_ENSSPUP00000018141.1	1	153	Tet_JBP	PF12851.13	5.5e-38
Ahaa_ENSAHAP00000011071.1	1	108	Tet_JBP	PF12851.13	8.3e-38
Aowe_ENSAOWP00000022480.1	1	108	Tet_JBP	PF12851.13	8.3e-38
Zlat_ENSZLMP00000007508.1	1	135	Tet_JBP	PF12851.13	5.9e-38
Tcar_ENSTMTP00000006074.1	1	135	Tet_JBP	PF12851.13	9.1e-38
Cpic_XP_005287932.2	1269	1817	Tet_JBP	PF12851.13	1.9e-37
Mcya_ENSMCSP00000020027.1	1	108	Tet_JBP	PF12851.13	1.1e-37
Gaga_ENSGAGP00000012586.1	1	108	Tet_JBP	PF12851.13	1.6e-37
Agrpla_XP_025834609.1	220	341	Tet_JBP	PF12851.13	2.1e-37
Mmur_XP_012618130.1	1607	1701	Tet_JBP	PF12851.13	9.7e-31
Sdum_XP_035215347.1	1217	1322	Tet_JBP	PF12851.13	7.8e-37
Sdum_XP_035215348.1	1217	1322	Tet_JBP	PF12851.13	7.8e-37
Hhuc_ENSHHUP00000024441.1	1	104	Tet_JBP	PF12851.13	6.8e-37
Cropor_XP_019389699.1	1284	1833	Tet_JBP	PF12851.13	2.5e-36
Dvir_XP_050518532.1	1172	1285	Tet_JBP	PF12851.13	2.6e-36
Bbis_XP_010850484.1	1629	1713	Tet_JBP	PF12851.13	6.1e-30
Nnaj_KAG8134463.1	875	1411	Tet_JBP	PF12851.13	8.4e-36
Ccin_XP_002910784.1	200	366	Tet_JBP	PF12851.13	7.4e-36
Lame_KIJ96433.1	151	315	Tet_JBP	PF12851.13	1.6e-35
Hsap_XP_024308514.1	985	1089	Tet_JBP	PF12851.13	4.3e-35
Ldec_XP_023019984.1	765	873	Tet_JBP	PF12851.13	2.8e-35
Pcoq_XP_012513966.1	1568	1997	Tet_JBP	PF12851.13	1.1e-34
Anomel_AMEC016751-PA	526	633	Tet_JBP	PF12851.13	9.3e-35
Ogar_XP_012656758.1	1568	1633	Tet_JBP	PF12851.13	4.7e-19
Ogar_XP_012656758.1	1954	2001	Tet_JBP	PF12851.13	3.9e-13
Tdal_XP_037932877.1	1076	1182	Tet_JBP	PF12851.13	1.2e-33
Rpom_XP_036347372.1	1067	1173	Tet_JBP	PF12851.13	4.8e-33
Lbic_XP_001883832.1	19	119	Tet_JBP	PF12851.13	3.7e-33
Scil_XP_065182918.1	1452	1663	Tet_JBP	PF12851.13	1.7e-32
Ttru_XP_033694063.1	981	1654	Tet_JBP	PF12851.13	3.8e-32
Twil_T_wilhelma_c27731_g1_i1|m.21809	440	546	Tet_JBP	PF12851.13	5.1e-32
Ptep_XP_042897924.1	1208	1266	Tet_JBP	PF12851.13	2.1e-16
Ptep_XP_042897924.1	1870	1957	Tet_JBP	PF12851.13	5.6e-14
Hrob_XP_009022495.1	158	276	Tet_JBP	PF12851.13	4.8e-32
Ctel_ELU00383.1	157	268	Tet_JBP	PF12851.13	1e-31
Hsap_XP_024308513.1	985	1105	Tet_JBP	PF12851.13	1.6e-31
Dpon_XP_048520759.1	1284	1392	Tet_JBP	PF12851.13	2.2e-31
Lbic_XP_001888284.1	153	316	Tet_JBP	PF12851.13	1.8e-31
Lbic_XP_001888286.1	153	316	Tet_JBP	PF12851.13	1.8e-31
Mspr_MGP_SPRETEiJ_P0024286	5	352	Tet_JBP	PF12851.13	2e-31
Ccin_XP_002911086.1	200	364	Tet_JBP	PF12851.13	5.5e-31
Lcom_lcpid12098|	984	1166	Tet_JBP	PF12851.13	1.2e-30
Mmar_XP_015356049.2	1555	1960	Tet_JBP	PF12851.13	2.7e-28
Turt_XP_025017832.1	5	271	Tet_JBP	PF12851.13	4.5e-29
Cscu_XP_023209742.1	615	673	Tet_JBP	PF12851.13	5.4e-17
Cscu_XP_023209742.1	2043	2096	Tet_JBP	PF12851.13	2.4e-11
Lbic_XP_001876005.1	198	322	Tet_JBP	PF12851.13	5.3e-28
Pcau_XP_014676682.1	643	701	Tet_JBP	PF12851.13	1e-15
Pcau_XP_014676682.1	1946	1994	Tet_JBP	PF12851.13	2.9e-10
Ccin_XP_001837824.1	190	355	Tet_JBP	PF12851.13	1.8e-27
Adir_ADIR007955-PA	1288	1355	Tet_JBP	PF12851.13	2.3e-16
Turt_XP_015791149.1	2	255	Tet_JBP	PF12851.13	1e-26
Eaff_XP_023338166.1	552	840	Tet_JBP	PF12851.13	8e-26
Ccin_XP_002910785.1	188	355	Tet_JBP	PF12851.13	1.4e-25
Tadh_XP_002108965.1	328	548	Tet_JBP	PF12851.13	1.5e-25
Ccin_XP_001835293.2	182	346	Tet_JBP	PF12851.13	1.5e-25
Mlei_ML048213a-PA	1	106	Tet_JBP	PF12851.13	4e-25
Lcom_lcpid54347|	458	640	Tet_JBP	PF12851.13	4.1e-25
Lcom_lcpid41144|	594	776	Tet_JBP	PF12851.13	5.5e-25
Hcyl_KIM43470.1	209	348	Tet_JBP	PF12851.13	1.8e-24
Ccin_XP_002911087.1	188	355	Tet_JBP	PF12851.13	3.5e-24
Halp_TFY81295.1	213	352	Tet_JBP	PF12851.13	4.4e-24
Mmar_XP_048665820.1	1603	1989	Tet_JBP	PF12851.13	6.4e-18
Ccin_XP_001835294.1	189	355	Tet_JBP	PF12851.13	7.8e-24
Scil_XP_065175430.1	715	902	Tet_JBP	PF12851.13	2.1e-23
Scil_XP_065175432.1	717	904	Tet_JBP	PF12851.13	2e-23
Scil_XP_065175431.1	717	904	Tet_JBP	PF12851.13	2e-23
Scil_XP_065175429.1	717	904	Tet_JBP	PF12851.13	2.1e-23
Cmic_TEB10134.1	2	132	Tet_JBP	PF12851.13	8.4e-24
Ccin_XP_001841302.2	214	356	Tet_JBP	PF12851.13	1.3e-23
Ccin_XP_001841351.2	214	356	Tet_JBP	PF12851.13	1.3e-23
Pcro_KIM70947.1	12	174	Tet_JBP	PF12851.13	1.2e-23
Dsp.KUC8613_KAA1479543.1	84	242	Tet_JBP	PF12851.13	1.8e-23
Dsp.KUC8613_KAA1478924.1	64	199	Tet_JBP	PF12851.13	3.2e-23
Ccin_XP_001838534.2	215	353	Tet_JBP	PF12851.13	1e-22
Mspr_MGP_SPRETEiJ_P0063016	1	79	Tet_JBP	PF12851.13	5.9e-23
Hcyl_KIM35995.1	132	266	Tet_JBP	PF12851.13	7e-23
Eaff_XP_023331487.1	281	471	Tet_JBP	PF12851.13	1.4e-22
Galmar_KDR66959.1	112	268	Tet_JBP	PF12851.13	1.4e-22
Dsp.KUC8613_KAA1474349.1	20	162	Tet_JBP	PF12851.13	1.8e-22
Cmic_TEB06356.1	97	266	Tet_JBP	PF12851.13	3.7e-22
Cmic_TEB21144.1	53	200	Tet_JBP	PF12851.13	4.2e-22
Ccin_XP_002911517.1	222	362	Tet_JBP	PF12851.13	5e-22
Ccin_XP_001834953.2	189	362	Tet_JBP	PF12851.13	5.7e-22
Hsub_KJA15668.1	98	259	Tet_JBP	PF12851.13	7.9e-22
Dleu_XP_030616033.1	1290	1355	Tet_JBP	PF12851.13	5e-22
Dfra_TFY59731.1	233	389	Tet_JBP	PF12851.13	2.3e-21
Scit_KIM64592.1	139	276	Tet_JBP	PF12851.13	1.3e-21
Ccin_XP_001840057.2	214	354	Tet_JBP	PF12851.13	2.5e-21
Scri_XP_027609278.1	24	151	Tet_JBP	PF12851.13	3.1e-21
Cmic_TEB21106.1	42	185	Tet_JBP	PF12851.13	3.3e-21
Ccin_XP_001838108.2	263	394	Tet_JBP	PF12851.13	3.4e-21
Cput_XP_007769021.1	8	135	Tet_JBP	PF12851.13	3.3e-21
Mluc_XP_023620874.1	1286	1346	Tet_JBP	PF12851.13	7.9e-21
Lbic_XP_001890214.1	262	398	Tet_JBP	PF12851.13	4.1e-16
Scri_XP_027614203.1	23	151	Tet_JBP	PF12851.13	5.6e-21
Cmic_TEB32061.1	110	251	Tet_JBP	PF12851.13	5.8e-21
Dgyr_CAD5126037.1	167	336	Tet_JBP	PF12851.13	6.8e-21
Ccin_XP_001837838.2	140	314	Tet_JBP	PF12851.13	8.6e-21
Cmic_TEB34979.1	212	353	Tet_JBP	PF12851.13	1.2e-20
Mluc_XP_023620876.1	1286	1351	Tet_JBP	PF12851.13	2.4e-20
Scri_XP_027614066.1	255	383	Tet_JBP	PF12851.13	1.6e-20
Dsp.KUC8613_KAA1479288.1	76	208	Tet_JBP	PF12851.13	1.4e-20
Scri_XP_027615637.1	24	151	Tet_JBP	PF12851.13	2.4e-20
Cmic_TEB08732.1	93	259	Tet_JBP	PF12851.13	1.9e-20
Mdes_Mdes008316-RA:cds	908	986	Tet_JBP	PF12851.13	3.2e-20
Hcyl_KIM34639.1	196	352	Tet_JBP	PF12851.13	2.3e-20
Scri_XP_027619823.1	237	364	Tet_JBP	PF12851.13	3.1e-20
Scri_XP_027611794.1	112	239	Tet_JBP	PF12851.13	4.9e-20
Scri_XP_027610885.1	23	151	Tet_JBP	PF12851.13	2.3e-20
Dfra_TFY54157.1	193	337	Tet_JBP	PF12851.13	4e-20
Bmes_THH15727.1	29	152	Tet_JBP	PF12851.13	2.3e-20
Ccin_XP_001837632.2	184	358	Tet_JBP	PF12851.13	3.3e-20
Cput_XP_007764139.1	6	133	Tet_JBP	PF12851.13	2.4e-20
Scri_XP_027610892.1	23	151	Tet_JBP	PF12851.13	3.2e-20
Cput_XP_007775996.1	4	133	Tet_JBP	PF12851.13	2.5e-20
Cput_XP_007774080.1	6	134	Tet_JBP	PF12851.13	3e-20
Scri_XP_027613204.1	23	151	Tet_JBP	PF12851.13	4.7e-20
Ccin_XP_001838944.2	241	382	Tet_JBP	PF12851.13	5.3e-20
Lsp.SymCcos_KXN84160.1	7	134	Tet_JBP	PF12851.13	4.5e-20
Lsp.SymCcos_KXN93180.1	7	134	Tet_JBP	PF12851.13	4.5e-20
Cput_XP_007762598.1	6	132	Tet_JBP	PF12851.13	4.7e-20
Scit_KIM65639.1	10	138	Tet_JBP	PF12851.13	4.8e-20
Psp.CONT_KZV64480.1	4	134	Tet_JBP	PF12851.13	4.8e-20
Cput_XP_007767362.1	6	133	Tet_JBP	PF12851.13	4.8e-20
Ccin_XP_001832221.2	255	395	Tet_JBP	PF12851.13	6.4e-20
Scri_XP_027608629.1	255	383	Tet_JBP	PF12851.13	9.5e-20
Scri_XP_027616272.1	256	383	Tet_JBP	PF12851.13	2.4e-19
Ccin_XP_001832037.2	208	332	Tet_JBP	PF12851.13	8.8e-20
Scri_XP_027618279.1	255	383	Tet_JBP	PF12851.13	1e-19
Cput_XP_007774114.1	157	286	Tet_JBP	PF12851.13	7.3e-20
Scri_XP_027609253.1	256	383	Tet_JBP	PF12851.13	1.1e-19
Scri_XP_027619581.1	255	383	Tet_JBP	PF12851.13	1.2e-19
Ccin_XP_002910951.1	1930	2069	Tet_JBP	PF12851.13	1.2e-19
Scri_XP_027620303.1	176	305	Tet_JBP	PF12851.13	1.3e-19
Cmic_TEB23529.1	2	129	Tet_JBP	PF12851.13	1.1e-19
Cput_XP_007774456.1	10	133	Tet_JBP	PF12851.13	8.4e-20
Scri_XP_027615240.1	177	305	Tet_JBP	PF12851.13	1.6e-19
Scri_XP_027613643.1	136	264	Tet_JBP	PF12851.13	1.9e-19
Ccin_XP_001834329.1	255	395	Tet_JBP	PF12851.13	1.5e-19
Cput_XP_007765338.1	8	131	Tet_JBP	PF12851.13	1.3e-19
Cput_XP_007775899.1	112	236	Tet_JBP	PF12851.13	1.4e-19
Scri_XP_027616852.1	255	383	Tet_JBP	PF12851.13	2.9e-19
Scri_XP_027614051.1	255	383	Tet_JBP	PF12851.13	2.9e-19
Dsp.KUC8613_KAA1479382.1	34	167	Tet_JBP	PF12851.13	1.6e-19
Hgla_XP_021101137.1	1252	1312	Tet_JBP	PF12851.13	2.8e-19
Scit_KIM68334.1	12	140	Tet_JBP	PF12851.13	2e-19
Scit_KIM64054.1	139	269	Tet_JBP	PF12851.13	2.3e-19
Scri_XP_027617818.1	214	342	Tet_JBP	PF12851.13	3.4e-19
Scit_KIM57730.1	140	269	Tet_JBP	PF12851.13	2.6e-19
Scri_XP_027614086.1	255	376	Tet_JBP	PF12851.13	3.7e-19
Hpin_KIJ65749.1	4	137	Tet_JBP	PF12851.13	2.6e-19
Jarg_KDQ49042.1	138	265	Tet_JBP	PF12851.13	3.9e-19
Jarg_KDQ49295.1	32	171	Tet_JBP	PF12851.13	2.6e-19
Scit_KIM54001.1	91	232	Tet_JBP	PF12851.13	3.4e-19
Pcri_KII83157.1	9	170	Tet_JBP	PF12851.13	4e-19
Gfro_OBZ77758.1	216	343	Tet_JBP	PF12851.13	5e-19
Cput_XP_007771739.1	112	237	Tet_JBP	PF12851.13	4e-19
Hpin_KIJ60687.1	12	145	Tet_JBP	PF12851.13	5.7e-19
Ccin_XP_001836725.2	252	389	Tet_JBP	PF12851.13	7.1e-19
Cput_XP_007767369.1	3	127	Tet_JBP	PF12851.13	6.3e-19
Ccin_XP_001831992.2	687	860	Tet_JBP	PF12851.13	1.1e-18
Hpin_KIJ59566.1	137	297	Tet_JBP	PF12851.13	1.1e-18
Ccin_XP_001840665.2	254	392	Tet_JBP	PF12851.13	1.3e-18
Scri_XP_027614725.1	236	364	Tet_JBP	PF12851.13	1.4e-18
Pcer_TFK59008.1	155	315	Tet_JBP	PF12851.13	1.8e-18
Scri_XP_027611001.1	215	342	Tet_JBP	PF12851.13	2.1e-18
Pcer_TFK58244.1	126	279	Tet_JBP	PF12851.13	1.6e-18
Scri_XP_027608070.1	215	342	Tet_JBP	PF12851.13	2.4e-18
Pcri_KII95853.1	190	336	Tet_JBP	PF12851.13	1.8e-18
Scit_KIM69300.1	98	239	Tet_JBP	PF12851.13	2e-18
Cmic_TEB24143.1	2	130	Tet_JBP	PF12851.13	2.8e-18
Apsy_KZP17430.1	108	245	Tet_JBP	PF12851.13	3.4e-18
Scit_KIM54147.1	76	205	Tet_JBP	PF12851.13	3.4e-18
Lbic_XP_001879364.1	124	270	Tet_JBP	PF12851.13	3.9e-18
Lbic_XP_001881459.1	124	270	Tet_JBP	PF12851.13	3.9e-18
Apsy_KZP33367.1	73	202	Tet_JBP	PF12851.13	4.1e-18
Hpin_KIJ63722.1	12	145	Tet_JBP	PF12851.13	4.3e-18
Hpin_KIJ69562.1	171	303	Tet_JBP	PF12851.13	5.4e-18
Cmar_TFK16788.1	69	210	Tet_JBP	PF12851.13	4.5e-18
Prub_KIK73473.1	136	310	Tet_JBP	PF12851.13	5.1e-18
Scit_KIM51197.1	97	231	Tet_JBP	PF12851.13	7.9e-18
Pinv_KIJ05025.1	45	168	Tet_JBP	PF12851.13	6.5e-18
Jarg_KDQ52630.1	33	172	Tet_JBP	PF12851.13	6.4e-18
Cmic_TEB23866.1	92	260	Tet_JBP	PF12851.13	9.2e-18
Lbru_RDX41198.1	4	120	Tet_JBP	PF12851.13	1e-17
Cput_XP_007774100.1	3	126	Tet_JBP	PF12851.13	1.1e-17
Lbic_XP_001881450.1	201	354	Tet_JBP	PF12851.13	2.8e-17
Pcri_KII83092.1	96	261	Tet_JBP	PF12851.13	1.3e-17
Dsp.KUC8613_KAA1478766.1	23	116	Tet_JBP	PF12851.13	1.2e-17
Pcer_TFK60470.1	76	243	Tet_JBP	PF12851.13	1.4e-17
Gdil_PPR03995.1	193	331	Tet_JBP	PF12851.13	2.3e-17
Dsp.KUC8613_KAA1473523.1	58	204	Tet_JBP	PF12851.13	2.6e-17
Lbic_XP_001891112.1	13	149	Tet_JBP	PF12851.13	2.2e-17
Spar_KLO08463.1	3	139	Tet_JBP	PF12851.13	2.1e-17
Lbic_XP_001887716.1	201	354	Tet_JBP	PF12851.13	5.6e-17
Lbic_XP_001885591.1	47	183	Tet_JBP	PF12851.13	2.4e-17
Pinv_KIJ08847.1	7	137	Tet_JBP	PF12851.13	2.6e-17
Caeg_CAA7269658.1	202	337	Tet_JBP	PF12851.13	3.4e-17
Spar_KLO06718.1	39	185	Tet_JBP	PF12851.13	3.4e-17
Pcri_KII83173.1	9	170	Tet_JBP	PF12851.13	3.6e-17
Pcri_KII83082.1	134	293	Tet_JBP	PF12851.13	4.2e-17
Hmar_RDB22963.1	210	345	Tet_JBP	PF12851.13	4.7e-17
Scri_XP_027611294.1	238	364	Tet_JBP	PF12851.13	6e-17
Lbic_XP_001887024.1	46	182	Tet_JBP	PF12851.13	4.3e-17
Pinv_KIJ05706.1	54	184	Tet_JBP	PF12851.13	4.7e-17
Hsap_XP_011530990.1	985	1045	Tet_JBP	PF12851.13	8.1e-17
Gsin_PIL25596.1	185	321	Tet_JBP	PF12851.13	6.3e-17
Dsp.KUC8613_KAA1478452.1	77	241	Tet_JBP	PF12851.13	6.1e-17
Lbic_XP_001886936.1	61	197	Tet_JBP	PF12851.13	5.4e-17
Hpin_KIJ59107.1	58	194	Tet_JBP	PF12851.13	5.8e-17
Hpin_KIJ63885.1	173	303	Tet_JBP	PF12851.13	7.3e-17
Apsy_KZP02400.1	107	236	Tet_JBP	PF12851.13	6.5e-17
Pcri_KII89585.1	96	229	Tet_JBP	PF12851.13	6.9e-17
Lbic_XP_001889907.1	24	162	Tet_JBP	PF12851.13	6.3e-17
Cmar_TFK17928.1	57	196	Tet_JBP	PF12851.13	7.2e-17
Jarg_KDQ62654.1	99	228	Tet_JBP	PF12851.13	7.1e-17
Parc_TFK78182.1	4	129	Tet_JBP	PF12851.13	6.9e-17
Cabe_RXW12503.1	195	369	Tet_JBP	PF12851.13	9.9e-17
Bmes_THH16292.1	232	358	Tet_JBP	PF12851.13	9.3e-17
Gsin_PIL28433.1	236	364	Tet_JBP	PF12851.13	1e-16
Prub_KIK74729.1	74	247	Tet_JBP	PF12851.13	1.1e-16
Hpin_KIJ59553.1	5	134	Tet_JBP	PF12851.13	1e-16
Pcer_TFK59888.1	19	155	Tet_JBP	PF12851.13	1.1e-16
Lbic_XP_001883068.1	97	235	Tet_JBP	PF12851.13	1.5e-16
Lbic_XP_001883069.1	97	235	Tet_JBP	PF12851.13	1.5e-16
Hmar_RDB31012.1	238	361	Tet_JBP	PF12851.13	1.6e-16
Lbic_XP_001884580.1	99	235	Tet_JBP	PF12851.13	2e-16
Scit_KIM56215.1	57	185	Tet_JBP	PF12851.13	1.3e-16
Pinv_KIJ05929.1	47	177	Tet_JBP	PF12851.13	1.3e-16
Lbic_XP_001877173.1	583	676	Tet_JBP	PF12851.13	3.2e-16
Scit_KIM52523.1	151	277	Tet_JBP	PF12851.13	1.8e-16
Jarg_KDQ53081.1	181	309	Tet_JBP	PF12851.13	1.6e-16
Bmes_THH05826.1	152	278	Tet_JBP	PF12851.13	2.8e-16
Spar_KLO06807.1	3	139	Tet_JBP	PF12851.13	2e-16
Prub_KIK75297.1	64	196	Tet_JBP	PF12851.13	2.3e-16
Scit_KIM56486.1	30	170	Tet_JBP	PF12851.13	2.5e-16
Scit_KIM51973.1	94	222	Tet_JBP	PF12851.13	2.7e-16
Hpin_KIJ63239.1	150	284	Tet_JBP	PF12851.13	2.9e-16
Scit_KIM64382.1	12	139	Tet_JBP	PF12851.13	3.2e-16
Pinv_KIJ06914.1	94	231	Tet_JBP	PF12851.13	2.7e-16
Scit_KIM52819.1	106	239	Tet_JBP	PF12851.13	3.3e-16
Pcri_KII90315.1	4	135	Tet_JBP	PF12851.13	2.7e-16
Scit_KIM59776.1	90	217	Tet_JBP	PF12851.13	3.2e-16
Scit_KIM50105.1	171	300	Tet_JBP	PF12851.13	3.8e-16
Pinv_KIJ07164.1	19	149	Tet_JBP	PF12851.13	3e-16
Lbic_XP_001879262.1	98	235	Tet_JBP	PF12851.13	3.6e-16
Scit_KIM62403.1	21	143	Tet_JBP	PF12851.13	3.4e-16
Pinv_KIJ06599.1	7	137	Tet_JBP	PF12851.13	3.7e-16
Cput_XP_007776020.1	1	87	Tet_JBP	PF12851.13	3.5e-16
Mspr_MGP_SPRETEiJ_P0024288	4	49	Tet_JBP	PF12851.13	3.3e-16
Prub_KIK72740.1	64	194	Tet_JBP	PF12851.13	4.8e-16
Cput_XP_007762514.1	158	280	Tet_JBP	PF12851.13	5.7e-16
Scit_KIM53017.1	44	138	Tet_JBP	PF12851.13	5.5e-16
Prub_KIK90376.1	7	137	Tet_JBP	PF12851.13	5.4e-16
Lbic_XP_001879059.1	1167	1312	Tet_JBP	PF12851.13	9.5e-16
Pinv_KIJ10356.1	46	177	Tet_JBP	PF12851.13	6.3e-16
Acit_THH19631.1	195	357	Tet_JBP	PF12851.13	1.4e-15
Pinv_KIJ19207.1	9	143	Tet_JBP	PF12851.13	1e-15
Hmar_RDB30655.1	209	365	Tet_JBP	PF12851.13	1.3e-15
Stepar_XP_008302734.1	1	365	Tet_JBP	PF12851.13	1e-15
Cabe_RXW17954.1	145	280	Tet_JBP	PF12851.13	1.2e-15
Hpin_KIJ60694.1	84	211	Tet_JBP	PF12851.13	1.1e-15
Pinv_KIJ07114.1	8	137	Tet_JBP	PF12851.13	1.1e-15
Pinv_KIJ08512.1	7	137	Tet_JBP	PF12851.13	1.1e-15
Pinv_KIJ07364.1	7	137	Tet_JBP	PF12851.13	1.3e-15
Pinv_KIJ09008.1	7	137	Tet_JBP	PF12851.13	1.5e-15
Parc_TFK80966.1	113	239	Tet_JBP	PF12851.13	1.6e-15
Pinv_KIJ16606.1	10	133	Tet_JBP	PF12851.13	1.6e-15
Gdil_PPQ79185.1	371	457	Tet_JBP	PF12851.13	3.8e-15
Cmic_TEB34688.1	9	143	Tet_JBP	PF12851.13	1.6e-15
Hpin_KIJ61377.1	6	134	Tet_JBP	PF12851.13	1.5e-15
Pinv_KIJ04783.1	46	177	Tet_JBP	PF12851.13	1.7e-15
Smim_KFM80210.1	1	799	Tet_JBP	PF12851.13	3e-15
Caeg_CAA7266454.1	204	334	Tet_JBP	PF12851.13	2.5e-15
Pinv_KIJ07251.1	9	142	Tet_JBP	PF12851.13	2.3e-15
Pinv_KIJ17523.1	19	149	Tet_JBP	PF12851.13	2.4e-15
Fpin_EPS92775	4	136	Tet_JBP	PF12851.13	2.3e-15
Pinv_KIJ08899.1	8	137	Tet_JBP	PF12851.13	2.6e-15
Scit_KIM63054.1	82	213	Tet_JBP	PF12851.13	2.7e-15
Lbru_RDX44761.1	5	132	Tet_JBP	PF12851.13	2.7e-15
Prub_KIK75487.1	7	135	Tet_JBP	PF12851.13	3.3e-15
Wcoc_PCH37614.1	49	192	Tet_JBP	PF12851.13	3.1e-15
Pinv_KIJ07089.1	7	137	Tet_JBP	PF12851.13	3.2e-15
Psp.VKMF4515_KFY68419.1	748	880	Tet_JBP	PF12851.13	5.7e-15
Psp.VKMF4517_KFY95931.1	748	880	Tet_JBP	PF12851.13	5.7e-15
Prub_KIK73414.1	18	145	Tet_JBP	PF12851.13	3.5e-15
Pinv_KIJ08739.1	7	137	Tet_JBP	PF12851.13	3.9e-15
Pinv_KIJ04432.1	9	143	Tet_JBP	PF12851.13	4.1e-15
Pcer_TFK59267.1	62	193	Tet_JBP	PF12851.13	4.5e-15
Scit_KIM63571.1	111	239	Tet_JBP	PF12851.13	5.4e-15
Pinv_KIJ05284.1	7	137	Tet_JBP	PF12851.13	4.6e-15
Hmar_RDB29020.1	222	351	Tet_JBP	PF12851.13	1.2e-14
Lbic_XP_001891299.1	120	208	Tet_JBP	PF12851.13	7.3e-15
Pcer_TFK58354.1	23	168	Tet_JBP	PF12851.13	5.7e-15
Pinv_KIJ05833.1	7	137	Tet_JBP	PF12851.13	6.1e-15
Pinv_KIJ08609.1	8	137	Tet_JBP	PF12851.13	7.4e-15
Pcer_TFK58478.1	111	266	Tet_JBP	PF12851.13	9.1e-15
Mspr_MGP_SPRETEiJ_P0024287	5	40	Tet_JBP	PF12851.13	6.2e-15
Wcoc_PCH41836.1	124	269	Tet_JBP	PF12851.13	8.8e-15
Wcoc_PCH40651.1	121	268	Tet_JBP	PF12851.13	9.1e-15
Apsy_KZP07464.1	63	192	Tet_JBP	PF12851.13	8.6e-15
Apsy_KZP09452.1	63	192	Tet_JBP	PF12851.13	8.6e-15
Pinv_KIJ08831.1	8	137	Tet_JBP	PF12851.13	8.9e-15
Prub_KIK76537.1	145	275	Tet_JBP	PF12851.13	1.3e-14
Jarg_KDQ48874.1	1	107	Tet_JBP	PF12851.13	9.2e-15
Prub_KIK78422.1	89	218	Tet_JBP	PF12851.13	1.1e-14
Parc_TFK80386.1	128	257	Tet_JBP	PF12851.13	1.2e-14
Scit_KIM60371.1	153	284	Tet_JBP	PF12851.13	1.4e-14
Ltig_XP_067529707.1	3	133	Tet_JBP	PF12851.13	1.2e-14
Pinv_KIJ10653.1	75	248	Tet_JBP	PF12851.13	1.4e-14
Scit_KIM63803.1	8	137	Tet_JBP	PF12851.13	1.3e-14
Pinv_KIJ15241.1	5	149	Tet_JBP	PF12851.13	1.2e-14
Pinv_KIJ05903.1	7	137	Tet_JBP	PF12851.13	1.3e-14
Rirr_XP_065994157.1	371	526	Tet_JBP	PF12851.13	2e-14
Scit_KIM57856.1	13	140	Tet_JBP	PF12851.13	1.5e-14
Pinv_KIJ05374.1	7	125	Tet_JBP	PF12851.13	1.4e-14
Pdes_XP_024328784.1	201	334	Tet_JBP	PF12851.13	1.8e-14
Pdes_XP_024328865.1	201	334	Tet_JBP	PF12851.13	1.8e-14
Rvin_OAX31534.1	17	170	Tet_JBP	PF12851.13	1.7e-14
Apsy_KZP29240.1	11	137	Tet_JBP	PF12851.13	1.5e-14
Prub_KIK80077.1	30	156	Tet_JBP	PF12851.13	1.5e-14
Wcoc_PCH34933.1	37	180	Tet_JBP	PF12851.13	1.7e-14
Apsy_KZP23224.1	6	122	Tet_JBP	PF12851.13	1.5e-14
Spun_ENSSPUP00000018131.1	165	382	Tet_JBP	PF12851.13	2.6e-14
Pinv_KIJ07069.1	8	137	Tet_JBP	PF12851.13	2.2e-14
Jarg_KDQ48878.1	12	98	Tet_JBP	PF12851.13	2.1e-14
Pinv_KIJ11611.1	9	124	Tet_JBP	PF12851.13	2.2e-14
Sdum_XP_035226024.1	571	658	Tet_JBP	PF12851.13	3.9e-14
Pinv_KIJ13605.1	148	286	Tet_JBP	PF12851.13	2.9e-14
Pinv_KIJ10066.1	10	134	Tet_JBP	PF12851.13	2.8e-14
Prub_KIK78052.1	7	136	Tet_JBP	PF12851.13	2.9e-14
Pinv_KIJ11599.1	8	135	Tet_JBP	PF12851.13	3.3e-14
Cput_XP_007767326.1	1	88	Tet_JBP	PF12851.13	3.3e-14
Slut_KIK33205.1	4	132	Tet_JBP	PF12851.13	3.9e-14
Scit_KIM51076.1	8	137	Tet_JBP	PF12851.13	4.2e-14
Hpin_KIJ58026.1	6	128	Tet_JBP	PF12851.13	4.2e-14
Scit_KIM52322.1	15	142	Tet_JBP	PF12851.13	5.4e-14
Pinv_KIJ09833.1	7	133	Tet_JBP	PF12851.13	4.7e-14
Scit_KIM58323.1	7	134	Tet_JBP	PF12851.13	4.9e-14
Pdes_XP_024323894.1	164	297	Tet_JBP	PF12851.13	5.9e-14
Pinv_KIJ04952.1	120	248	Tet_JBP	PF12851.13	6.1e-14
Pinv_KIJ07294.1	121	251	Tet_JBP	PF12851.13	6e-14
Wcoc_PCH33310.1	113	258	Tet_JBP	PF12851.13	5.9e-14
Wcoc_PCH39095.1	133	263	Tet_JBP	PF12851.13	7.2e-14
Pinv_KIJ19101.1	131	265	Tet_JBP	PF12851.13	7.9e-14
Hpin_KIJ61373.1	7	120	Tet_JBP	PF12851.13	6.9e-14
Cput_XP_007775925.1	109	237	Tet_JBP	PF12851.13	7.8e-14
Scit_KIM65074.1	13	139	Tet_JBP	PF12851.13	1e-13
Egla_KZW02157.1	1	85	Tet_JBP	PF12851.13	7.6e-14
Jarg_KDQ49397.1	14	144	Tet_JBP	PF12851.13	9.5e-14
Egla_KZV93451.1	1	85	Tet_JBP	PF12851.13	8.3e-14
Dsp.KUC8613_KAA1476903.1	2	123	Tet_JBP	PF12851.13	9.7e-14
Prub_KIK73634.1	7	135	Tet_JBP	PF12851.13	1e-13
Prub_KIK79395.1	9	137	Tet_JBP	PF12851.13	1e-13
Slut_KIK32776.1	251	391	Tet_JBP	PF12851.13	1.9e-13
Prub_KIK76368.1	105	231	Tet_JBP	PF12851.13	1.1e-13
Ctel_ELU00384.1	16	65	Tet_JBP	PF12851.13	1.1e-13
Scit_KIM50087.1	2	93	Tet_JBP	PF12851.13	1.1e-13
Pinv_KIJ05545.1	157	270	Tet_JBP	PF12851.13	1.3e-13
Pinv_KIJ08683.1	10	124	Tet_JBP	PF12851.13	1.3e-13
Fdam_XP_019065761.1	210	258	Tet_JBP	PF12851.13	1.2e-13
Hhuc_ENSHHUP00000077014.1	174	224	Tet_JBP	PF12851.13	7.5e-13
Scit_KIM51860.1	9	133	Tet_JBP	PF12851.13	1.9e-13
Punstr_XP_007389455.1	105	219	Tet_JBP	PF12851.13	2.5e-13
Ptin_KAI6143398.1	221	329	Tet_JBP	PF12851.13	3.1e-13
Pinv_KIJ06975.1	7	124	Tet_JBP	PF12851.13	2.1e-13
Parc_TFK80112.1	10	133	Tet_JBP	PF12851.13	2.6e-13
Ptin_KAI6145959.1	199	311	Tet_JBP	PF12851.13	3.8e-13
Ofus_CAH1794055.1	190	238	Tet_JBP	PF12851.13	2.6e-13
Ccin_XP_002911983.1	210	323	Tet_JBP	PF12851.13	3e-13
Hpin_KIJ65328.1	7	136	Tet_JBP	PF12851.13	3.1e-13
Prub_KIK95182.1	114	269	Tet_JBP	PF12851.13	3.2e-13
Slut_KIK32179.1	17	144	Tet_JBP	PF12851.13	3e-13
Hcyl_KIM35959.1	613	754	Tet_JBP	PF12851.13	4.8e-13
Scit_KIM60191.1	41	194	Tet_JBP	PF12851.13	4.6e-13
Pinv_KIJ08074.1	10	124	Tet_JBP	PF12851.13	3.3e-13
Scit_KIM53578.1	8	131	Tet_JBP	PF12851.13	3.5e-13
Hmar_RDB19742.1	12	142	Tet_JBP	PF12851.13	3.9e-13
Dbis_THU79457.1	5	126	Tet_JBP	PF12851.13	4e-13
Prub_KIK81222.1	42	168	Tet_JBP	PF12851.13	4.2e-13
Pinv_KIJ08888.1	159	276	Tet_JBP	PF12851.13	4.9e-13
Lbic_XP_001891230.1	181	324	Tet_JBP	PF12851.13	5.1e-13
Ccin_XP_001837825.2	352	488	Tet_JBP	PF12851.13	7.5e-13
Dbis_THU99490.1	13	139	Tet_JBP	PF12851.13	4.9e-13
Scit_KIM63464.1	166	295	Tet_JBP	PF12851.13	6.4e-13
Psp.CONT_KZV59180.1	6	127	Tet_JBP	PF12851.13	5.4e-13
Apsy_KZP26987.1	11	137	Tet_JBP	PF12851.13	4.9e-13
Ojav_RVE68624.1	428	480	Tet_JBP	PF12851.13	1.5e-12
Wcoc_PCH41850.1	124	274	Tet_JBP	PF12851.13	6.5e-13
Prub_KIK71843.1	63	156	Tet_JBP	PF12851.13	5.4e-13
Prub_KIK74429.1	13	168	Tet_JBP	PF12851.13	5.8e-13
Prub_KIK72503.1	79	233	Tet_JBP	PF12851.13	6.7e-13
Ptin_KAI6140448.1	98	230	Tet_JBP	PF12851.13	1.1e-12
Ptin_KAI6139437.1	168	287	Tet_JBP	PF12851.13	1.1e-12
Spar_KLO05058.1	4	137	Tet_JBP	PF12851.13	1e-12
Egla_KZV80149.1	1	82	Tet_JBP	PF12851.13	1.3e-12
Scit_KIM58447.1	12	132	Tet_JBP	PF12851.13	1.5e-12
Prub_KIK76498.1	21	170	Tet_JBP	PF12851.13	1.5e-12
Apsy_KZP29242.1	1	87	Tet_JBP	PF12851.13	1.4e-12
Apsy_KZP19065.1	34	162	Tet_JBP	PF12851.13	1.4e-12
Gsin_PIL26691.1	204	351	Tet_JBP	PF12851.13	2.1e-12
Apsy_KZP13398.1	9	119	Tet_JBP	PF12851.13	1.6e-12
Prub_KIK91650.1	66	215	Tet_JBP	PF12851.13	1.8e-12
Smim_KFM80209.1	127	174	Tet_JBP	PF12851.13	2.1e-12
Pcri_KII92302.1	39	157	Tet_JBP	PF12851.13	2.1e-12
Lbru_RDX44146.1	24	156	Tet_JBP	PF12851.13	1.9e-12
Jarg_KDQ49422.1	19	144	Tet_JBP	PF12851.13	2.6e-12
Gmar_KAF0480806.1	267	399	Tet_JBP	PF12851.13	4.2e-12
Aimm_RPA75961.1	395	511	Tet_JBP	PF12851.13	9.4e-12
Aimm_RPA79766.1	419	537	Tet_JBP	PF12851.13	7.5e-12
Rirr_XP_065999435.1	164	291	Tet_JBP	PF12851.13	6.3e-12
Lbru_RDX43570.1	24	156	Tet_JBP	PF12851.13	2.8e-12
Slut_KIK34295.1	131	264	Tet_JBP	PF12851.13	3.6e-12
Prub_KIK72619.1	3	95	Tet_JBP	PF12851.13	3.3e-12
Cbom_CEH13706.1	452	596	Tet_JBP	PF12851.13	5.4e-12
Ptin_KAI6155889.1	3	109	Tet_JBP	PF12851.13	4e-12
Rirr_XP_065997326.1	118	240	Tet_JBP	PF12851.13	1.3e-11
Pmic_KAI6024611.1	184	312	Tet_JBP	PF12851.13	6.4e-12
Prub_KIK73766.1	114	256	Tet_JBP	PF12851.13	1.1e-11
Psp.CONT_KZV62304.1	102	235	Tet_JBP	PF12851.13	6.8e-12
Twil_T_wilhelma_c27731_g1_i1|m.21810	242	295	Tet_JBP	PF12851.13	4.6e-11
Prub_KIK71977.1	1	87	Tet_JBP	PF12851.13	5.8e-12
Prub_KIK73481.1	80	231	Tet_JBP	PF12851.13	6.3e-12
Psp.VKMF4520_KFZ25155.1	213	351	Tet_JBP	PF12851.13	8.8e-12
Prub_KIK74551.1	11	165	Tet_JBP	PF12851.13	6.9e-12
Bmes_THH08933.1	147	263	Tet_JBP	PF12851.13	8.2e-12
Scit_KIM65050.1	6	142	Tet_JBP	PF12851.13	8.9e-12
Prub_KIK72285.1	78	233	Tet_JBP	PF12851.13	7.8e-12
Spar_KLO18442.1	771	890	Tet_JBP	PF12851.13	1.5e-11
Jarg_KDQ49020.1	1	71	Tet_JBP	PF12851.13	7.6e-12
Psp.CONT_KZV69452.1	2	123	Tet_JBP	PF12851.13	8.7e-12
Pinv_KIJ14150.1	10	132	Tet_JBP	PF12851.13	9.3e-12
Pmic_KAI6010097.1	208	297	Tet_JBP	PF12851.13	2.4e-11
Apsy_KZP29568.1	8	135	Tet_JBP	PF12851.13	9.8e-12
Scit_KIM69839.1	6	131	Tet_JBP	PF12851.13	1.1e-11
Jarg_KDQ56933.1	228	349	Tet_JBP	PF12851.13	1.4e-11
Scri_XP_027615653.1	23	104	Tet_JBP	PF12851.13	1.2e-11
Lcom_lcpid73962|	458	523	Tet_JBP	PF12851.13	2.6e-11
Pinv_KIJ10836.1	7	108	Tet_JBP	PF12851.13	1.5e-11
Schcom_XP_003034155.1	355	489	Tet_JBP	PF12851.13	2.5e-11
Pcer_TFK66319.1	928	1068	Tet_JBP	PF12851.13	3.5e-11
Ptin_KAI6158028.1	8	78	Tet_JBP	PF12851.13	1.7e-11
Dbis_THU94503.1	259	391	Tet_JBP	PF12851.13	2.4e-11
Mcon_RPB06917.1	1	83	Tet_JBP	PF12851.13	1.7e-11
Slut_KIK34189.1	11	161	Tet_JBP	PF12851.13	2e-11
Punstr_XP_007388536.1	725	847	Tet_JBP	PF12851.13	3.1e-11
Lcom_lcpid55280|	594	659	Tet_JBP	PF12851.13	3.5e-11
Prub_KIK72186.1	112	240	Tet_JBP	PF12851.13	2.3e-11
Ptin_KAI6154764.1	5	76	Tet_JBP	PF12851.13	1.9e-11
Fpin_EPS93857	14	126	Tet_JBP	PF12851.13	2.4e-11
Hcyl_KIM44289.1	836	977	Tet_JBP	PF12851.13	4.1e-11
Pmic_KAI6031203.1	176	297	Tet_JBP	PF12851.13	2e-10
Rpom_XP_036335778.1	545	600	Tet_JBP	PF12851.13	4.9e-11
Aimm_RPA71283.1	365	482	Tet_JBP	PF12851.13	4.8e-11
Pcer_TFK59876.1	91	238	Tet_JBP	PF12851.13	3e-11
Hsub_KJA14585.1	46	172	Tet_JBP	PF12851.13	3.2e-11
Dbis_THU79635.1	5	126	Tet_JBP	PF12851.13	2.7e-11
Psp.CONT_KZV61565.1	11	133	Tet_JBP	PF12851.13	3.3e-11
Rpom_XP_036335777.1	515	570	Tet_JBP	PF12851.13	5.2e-11
Rves_OJA07793.1	69	179	Tet_JBP	PF12851.13	3.5e-11
Pcer_TFK59432.1	50	166	Tet_JBP	PF12851.13	3.9e-11
Ptin_KAI6145084.1	101	262	Tet_JBP	PF12851.13	4.4e-11
Pinv_KIJ08279.1	8	93	Tet_JBP	PF12851.13	3.5e-11
Aimm_RPA77270.1	363	491	Tet_JBP	PF12851.13	6.8e-11
Fpin_EPS92575	68	192	Tet_JBP	PF12851.13	4e-11
Hsub_KJA13112.1	120	233	Tet_JBP	PF12851.13	4.6e-11
Ptin_KAI6144450.1	132	229	Tet_JBP	PF12851.13	5.6e-11
Lbru_RDX40151.1	33	156	Tet_JBP	PF12851.13	4.2e-11
Prub_KIK72396.1	46	173	Tet_JBP	PF12851.13	4.5e-11
Prub_KIK81552.1	75	215	Tet_JBP	PF12851.13	5.2e-11
Jarg_KDQ49296.1	1	71	Tet_JBP	PF12851.13	4.1e-11
Aimm_RPA80109.1	463	584	Tet_JBP	PF12851.13	8e-11
Pcer_TFK58677.1	65	200	Tet_JBP	PF12851.13	5.5e-11
Ptin_KAI6141858.1	301	407	Tet_JBP	PF12851.13	7.4e-11
Ptin_KAI6143750.1	143	263	Tet_JBP	PF12851.13	9e-11
Rves_OJA17250.1	237	389	Tet_JBP	PF12851.13	7.9e-11
Pcer_TFK59485.1	48	178	Tet_JBP	PF12851.13	6.5e-11
Hsub_KJA20602.1	3	128	Tet_JBP	PF12851.13	6.2e-11
Apsy_KZP14040.1	100	239	Tet_JBP	PF12851.13	8.6e-11
Hsub_KJA23733.1	55	181	Tet_JBP	PF12851.13	7.4e-11
Fpin_EPS92795	49	144	Tet_JBP	PF12851.13	6.4e-11
Ptin_KAI6145147.1	2	84	Tet_JBP	PF12851.13	6.3e-11
Dbis_THU94613.1	199	326	Tet_JBP	PF12851.13	8.9e-11
Ptin_KAI6155879.1	177	283	Tet_JBP	PF12851.13	1e-10
Lbru_RDX50609.1	27	156	Tet_JBP	PF12851.13	7.8e-11
Jarg_KDQ56923.1	1	73	Tet_JBP	PF12851.13	8.5e-11
Acit_THH19358.1	225	351	Tet_JBP	PF12851.13	1.6e-10
Ptin_KAI6155985.1	3	120	Tet_JBP	PF12851.13	1.1e-10
Fpin_EPS99191	66	185	Tet_JBP	PF12851.13	1.2e-10
Spar_KLO10039.1	30	156	Tet_JBP	PF12851.13	1.1e-10
Bmes_THH15172.1	287	421	Tet_JBP	PF12851.13	1.6e-10
Hsub_KJA18159.1	8	125	Tet_JBP	PF12851.13	1.1e-10
Pinv_KIJ11325.1	165	299	Tet_JBP	PF12851.13	1.4e-10
Ptin_KAI6155592.1	137	240	Tet_JBP	PF12851.13	1.6e-10
Fpin_EPS94106	93	217	Tet_JBP	PF12851.13	1.4e-10
Hpin_KIJ65267.1	4	130	Tet_JBP	PF12851.13	2.6e-10
Prub_KIK71907.1	6	117	Tet_JBP	PF12851.13	1.5e-10
Pinv_KIJ10451.1	440	569	Tet_JBP	PF12851.13	2.8e-10
Pcer_TFK59959.1	27	163	Tet_JBP	PF12851.13	1.7e-10
Anomel_AMEC003852-PA	221	267	Tet_JBP	PF12851.13	1.5e-10
Ptin_KAI6154912.1	170	279	Tet_JBP	PF12851.13	3.6e-10
Gdil_PPR06462.1	287	433	Tet_JBP	PF12851.13	5.8e-10
Apsy_KZP34555.1	14	136	Tet_JBP	PF12851.13	2.1e-10
Pcer_TFK58138.1	5	131	Tet_JBP	PF12851.13	1.9e-10
Hsub_KJA14064.1	19	151	Tet_JBP	PF12851.13	2.5e-10
Prub_KIK96799.1	39	158	Tet_JBP	PF12851.13	2.7e-10
Tbou_RPB18183.1	27	110	Tet_JBP	PF12851.13	2.3e-10
Msp.DMIDodQoI_KAE8449547.1	203	336	Tet_JBP	PF12851.13	3.6e-10
Msp.CRB83_RYP52548.1	406	510	Tet_JBP	PF12851.13	5.8e-10
Ptin_KAI6146197.1	1	78	Tet_JBP	PF12851.13	2.6e-10
Prub_KIK77330.1	16	180	Tet_JBP	PF12851.13	2.7e-10
Pcro_KIM75596.1	131	250	Tet_JBP	PF12851.13	2.9e-10
Jarg_KDQ50812.1	9	132	Tet_JBP	PF12851.13	3.1e-10
Slut_KIK32528.1	12	122	Tet_JBP	PF12851.13	3e-10
Fpin_EPS92910	21	132	Tet_JBP	PF12851.13	3e-10
Dbis_THU79636.1	4	125	Tet_JBP	PF12851.13	3.1e-10
Gdil_PPQ96564.1	964	1103	Tet_JBP	PF12851.13	5.6e-10
Psp.CONT_KZV61152.1	22	135	Tet_JBP	PF12851.13	3.5e-10
Prub_KIK81367.1	2	150	Tet_JBP	PF12851.13	3.2e-10
Prub_KIK71985.1	9	133	Tet_JBP	PF12851.13	3.6e-10
Ptin_KAI6148302.1	2	88	Tet_JBP	PF12851.13	3.4e-10
Prub_KIK78488.1	19	133	Tet_JBP	PF12851.13	3.4e-10
Prub_KIK74458.1	63	210	Tet_JBP	PF12851.13	3.9e-10
Prub_KIK73702.1	3	116	Tet_JBP	PF12851.13	3.4e-10
Msp.MG133_RYP41504.1	406	510	Tet_JBP	PF12851.13	7.7e-10
Jarg_KDQ49438.1	15	131	Tet_JBP	PF12851.13	3.9e-10
Ptin_KAI6140496.1	4	93	Tet_JBP	PF12851.13	3.9e-10
Pcro_KIM74023.1	671	803	Tet_JBP	PF12851.13	7.3e-10
Rmel_TDL13271.1	95	172	Tet_JBP	PF12851.13	5.5e-10
Msp.MG133_RYP39850.1	181	294	Tet_JBP	PF12851.13	7.7e-10
Tbou_RPB23438.1	14	96	Tet_JBP	PF12851.13	5e-10
Ptin_KAI6137881.1	8	97	Tet_JBP	PF12851.13	5e-10
Pcer_TFK59977.1	107	229	Tet_JBP	PF12851.13	7.9e-10
Gmar_KAF0434161.1	306	387	Tet_JBP	PF12851.13	7.9e-10
Scit_KIM54114.1	93	202	Tet_JBP	PF12851.13	6.3e-10
Pcer_TFK60067.1	67	194	Tet_JBP	PF12851.13	5.9e-10
Ltig_XP_067533990.1	120	202	Tet_JBP	PF12851.13	6.5e-10
Scit_KIM52712.1	79	195	Tet_JBP	PF12851.13	7.8e-10
Lbru_RDX39873.1	20	170	Tet_JBP	PF12851.13	8.1e-10
Elat_EMR72894.1	352	454	Tet_JBP	PF12851.13	1.2e-09
Scit_KIM68231.1	3	71	Tet_JBP	PF12851.13	6.9e-10
Wcoc_PCH41825.1	99	222	Tet_JBP	PF12851.13	9.7e-10
Jarg_KDQ49846.1	129	217	Tet_JBP	PF12851.13	9e-10
Scit_KIM50410.1	28	131	Tet_JBP	PF12851.13	8.3e-10
Scit_KIM64080.1	27	137	Tet_JBP	PF12851.13	1e-09
Prub_KIK74709.1	13	161	Tet_JBP	PF12851.13	9.6e-10
Pcer_TFK58157.1	5	129	Tet_JBP	PF12851.13	9.3e-10
Wcoc_PCH34514.1	150	267	Tet_JBP	PF12851.13	1.2e-09
Dbis_THV05849.1	3	89	Tet_JBP	PF12851.13	1e-09
Scit_KIM50127.1	7	108	Tet_JBP	PF12851.13	1.1e-09
Pcer_TFK59190.1	47	188	Tet_JBP	PF12851.13	1.3e-09
Dbis_THU79379.1	5	126	Tet_JBP	PF12851.13	1.1e-09
Ptin_KAI6145613.1	2	72	Tet_JBP	PF12851.13	1.2e-09
