Spis_XP_022778685.1	34	185	UDG	PF03167.24	1.2e-36
Dpac_PAV69654.1	298	458	UDG	PF03167.24	1e-34
Coka_Cok_S_s396_17678.t1	59	208	UDG	PF03167.24	2.3e-34
Gloaus_GAUT039618-PA	232	384	UDG	PF03167.24	7e-34
Jlib_JAKLI_21387.mRNA.1	254	413	UDG	PF03167.24	1.1e-33
Coka_Cok_S_s004_2169.t1	687	850	UDG	PF03167.24	4.5e-33
Esil_CBJ30150.1	166	315	UDG	PF03167.24	1.1e-32
Azon_ENSAZOP00000029852.1	259	378	UDG	PF03167.24	1.6e-10
Azon_ENSAZOP00000029852.1	380	540	UDG	PF03167.24	5.5e-20
Azon_ENSAZOP00000029843.1	328	447	UDG	PF03167.24	2e-10
Azon_ENSAZOP00000029843.1	449	609	UDG	PF03167.24	6.9e-20
Gcho_PXF42991.1	194	331	UDG	PF03167.24	7.4e-32
Coka_Cok_S_s002_478.t1	65	179	UDG	PF03167.24	1.7e-31
Coka_Cok_S_s389_17567.t1	1093	1247	UDG	PF03167.24	1.9e-29
Rtai_POY71560.1	97	269	UDG	PF03167.24	7.5e-14
Rtai_POY71560.1	336	525	UDG	PF03167.24	3e-13
Lber_XP_020492197.2	206	356	UDG	PF03167.24	7.8e-13
Lber_XP_020492197.2	630	750	UDG	PF03167.24	4.1e-11
Coka_Cok_S_s273_15871.t1	275	432	UDG	PF03167.24	7.3e-26
Ppur_KAA8492587.1	121	275	UDG	PF03167.24	8e-26
Plabra_CEO98717.1	39	183	UDG	PF03167.24	1.2e-08
Plabra_CEO98717.1	528	690	UDG	PF03167.24	9.5e-15
Droimm_KAH8256764.1	4	157	UDG	PF03167.24	2.7e-25
Coka_Cok_S_s201_14179.t1	40	194	UDG	PF03167.24	2e-23
Dtin_RWS17505.1	119	277	UDG	PF03167.24	4.6e-23
Dgig_XP_028391306.1	117	273	UDG	PF03167.24	2.8e-22
Moch_XP_013204567.1	128	288	UDG	PF03167.24	3.8e-22
Aequ_EGACTEQ4350032830-PA	125	286	UDG	PF03167.24	4e-22
Aequ_EGACTEQ4350043946-PA	125	286	UDG	PF03167.24	4e-22
Aten_XP_031573460.1	125	286	UDG	PF03167.24	4e-22
Mspr_MGP_SPRETEiJ_P0072648	27	187	UDG	PF03167.24	3.2e-22
Dgyr_CAD5113127.1	143	301	UDG	PF03167.24	1.4e-21
Rnor_NP_001013142.1	131	291	UDG	PF03167.24	6.5e-22
Rnor_XP_008767558.2	138	298	UDG	PF03167.24	6.9e-22
Mung_XP_021490362.1	138	298	UDG	PF03167.24	6.9e-22
Mpah_XP_021042647.1	127	287	UDG	PF03167.24	7.8e-22
Sdau_ENSSDAP00000019296.1	27	187	UDG	PF03167.24	5.8e-22
Apla_XP_022091813.1	175	335	UDG	PF03167.24	8.1e-22
Takrub_XP_011614041.2	129	289	UDG	PF03167.24	7.3e-22
Cpor_XP_003477809.1	141	301	UDG	PF03167.24	9.7e-22
Mpah_XP_021042646.1	134	294	UDG	PF03167.24	8.3e-22
Annjap_XP_033119413.1	140	299	UDG	PF03167.24	8e-22
Mcar_XP_021018913.1	134	294	UDG	PF03167.24	8.8e-22
Pman_XP_006994016.2	137	297	UDG	PF03167.24	7.9e-22
Oana_XP_028905221.1	134	294	UDG	PF03167.24	3.3e-21
Bgla_XP_055859812.1	105	261	UDG	PF03167.24	1.3e-21
Parcla_CAB4013254.1	121	277	UDG	PF03167.24	9.3e-22
Clan_XP_005396540.1	141	301	UDG	PF03167.24	1.3e-21
Gaeg_XP_041370936.1	51	212	UDG	PF03167.24	7.7e-22
Mspr_MGP_SPRETEiJ_P0072646	123	283	UDG	PF03167.24	1.1e-21
Mspi_ENSMSIP00000009648.1	123	283	UDG	PF03167.24	1.1e-21
Csav_ENSCSAVP00000000438.1	121	284	UDG	PF03167.24	1.9e-21
Maur_XP_005078993.1	137	297	UDG	PF03167.24	1.1e-21
Cgri_XP_027271785.1	137	297	UDG	PF03167.24	1.1e-21
Odeg_XP_004636327.1	141	301	UDG	PF03167.24	1.3e-21
Msp.5C6A_RYP60686.1	137	322	UDG	PF03167.24	1.8e-21
Gaff_XP_043968829.1	126	287	UDG	PF03167.24	1.1e-21
Mspi_ENSMSIP00000009665.1	134	294	UDG	PF03167.24	1.2e-21
Mspr_MGP_SPRETEiJ_P0072645	134	294	UDG	PF03167.24	1.2e-21
Gaff_XP_043968828.1	129	290	UDG	PF03167.24	1.1e-21
Bgla_XP_055859793.1	185	341	UDG	PF03167.24	2.4e-21
Bgla_XP_055859803.1	144	300	UDG	PF03167.24	1.8e-21
Gacu_XP_040052629.1	133	293	UDG	PF03167.24	1.6e-21
Mmus_NP_035807.2	123	283	UDG	PF03167.24	1.2e-21
Mmus_NP_001035781.1	134	294	UDG	PF03167.24	1.4e-21
Ampcit_ENSACIP00000021511.1	167	327	UDG	PF03167.24	1.5e-21
Llat_ENSLLTP00000001477.1	126	286	UDG	PF03167.24	1.4e-21
Aamp_XP_043239730.1	125	284	UDG	PF03167.24	4.6e-21
Mmar_XP_015355755.1	141	301	UDG	PF03167.24	1.8e-21
Scivul_ENSSVLP00005006008.1	141	301	UDG	PF03167.24	2e-21
Xcou_XP_027890365.1	130	290	UDG	PF03167.24	2.5e-21
Ngal_XP_008847187.2	139	299	UDG	PF03167.24	2.1e-21
Xmac_XP_014324249.1	130	290	UDG	PF03167.24	2.5e-21
Pran_XP_028270487.1	131	291	UDG	PF03167.24	2.2e-21
Aoce_XP_023154761.2	128	288	UDG	PF03167.24	1.6e-21
Aamp_XP_043218828.1	120	279	UDG	PF03167.24	5.2e-21
Aamp_XP_043218829.1	120	279	UDG	PF03167.24	5.2e-21
Aper_ENSAPEP00000033034.1	128	288	UDG	PF03167.24	1.6e-21
Aoce_XP_023154760.2	133	293	UDG	PF03167.24	1.7e-21
Aper_ENSAPEP00000033030.1	133	293	UDG	PF03167.24	1.7e-21
Aamp_XP_043218827.1	125	284	UDG	PF03167.24	5.4e-21
Pran_XP_028270488.1	128	288	UDG	PF03167.24	2.2e-21
Ptex_XP_026575165.1	125	285	UDG	PF03167.24	1.9e-21
Mmyc_KXX80157.1	127	317	UDG	PF03167.24	5.7e-21
Lcro_XP_010751762.3	130	290	UDG	PF03167.24	2e-21
Nscu_XP_026541263.1	125	285	UDG	PF03167.24	1.9e-21
Upar_XP_026265002.1	132	292	UDG	PF03167.24	2.1e-21
Aamp_XP_043218825.1	133	292	UDG	PF03167.24	5.8e-21
Itri_XP_005340163.2	141	301	UDG	PF03167.24	2.3e-21
Apol_XP_022054351.2	128	288	UDG	PF03167.24	1.9e-21
Xcou_XP_027890366.1	127	287	UDG	PF03167.24	2.4e-21
Xmac_XP_005795056.1	127	287	UDG	PF03167.24	2.4e-21
Lvar_XP_041477596.1	131	291	UDG	PF03167.24	2.8e-21
Jjac_XP_044988917.1	141	301	UDG	PF03167.24	2.2e-21
Fdam_XP_010602319.1	141	301	UDG	PF03167.24	2.7e-21
Apol_XP_022054340.2	133	293	UDG	PF03167.24	2e-21
Dord_XP_012869799.1	141	301	UDG	PF03167.24	2.4e-21
Msp.CRB92_RYP83967.1	145	330	UDG	PF03167.24	3.5e-21
Cgob_XP_029295177.1	93	253	UDG	PF03167.24	2.1e-21
Pret_XP_008416899.1	133	290	UDG	PF03167.24	4.2e-21
Jjac_XP_004664063.2	141	301	UDG	PF03167.24	2.3e-21
Psin_XP_006126804.1	99	259	UDG	PF03167.24	2.3e-21
Pret_XP_008416900.1	129	286	UDG	PF03167.24	4e-21
Dsec_XP_032579720.1	210	370	UDG	PF03167.24	5.2e-21
Etel_XP_012862452.1	134	294	UDG	PF03167.24	3e-21
Srac_ORZ01472.1	126	287	UDG	PF03167.24	3.5e-21
Cgob_XP_029295176.1	115	275	UDG	PF03167.24	2.6e-21
Cscu_XP_023236003.1	101	258	UDG	PF03167.24	2.8e-21
Cabi_XP_032661324.1	129	289	UDG	PF03167.24	2.8e-21
Vurs_XP_027720298.1	137	296	UDG	PF03167.24	3.6e-21
Cabi_XP_032661323.1	130	290	UDG	PF03167.24	2.9e-21
Caraur_XP_026111160.1	114	275	UDG	PF03167.24	2.9e-21
Dlab_XP_051278652.1	27	186	UDG	PF03167.24	2.4e-21
Hgla_XP_012927389.2	140	300	UDG	PF03167.24	3.9e-21
Caraur_XP_026111161.1	117	278	UDG	PF03167.24	3e-21
Msp.MG133_RYP13859.1	145	330	UDG	PF03167.24	4e-21
Cscu_XP_023236002.1	126	283	UDG	PF03167.24	3.6e-21
Llei_ENSLLEP00000002520.1	36	192	UDG	PF03167.24	2.8e-21
Nvec_XP_001623190.1	132	289	UDG	PF03167.24	4.2e-21
Srac_ORZ00534.1	37	200	UDG	PF03167.24	3.2e-21
Tnig_CAG08512.1	127	287	UDG	PF03167.24	3.7e-21
Dana_XP_001966248.2	713	873	UDG	PF03167.24	6.8e-21
Dana_XP_014759899.1	713	873	UDG	PF03167.24	6.8e-21
Dana_XP_014759900.1	713	873	UDG	PF03167.24	6.8e-21
Dana_XP_032311777.1	713	873	UDG	PF03167.24	6.8e-21
Dana_XP_044573548.1	713	873	UDG	PF03167.24	6.8e-21
Dana_XP_044573549.1	713	873	UDG	PF03167.24	6.8e-21
Dere_XP_026839116.1	639	799	UDG	PF03167.24	7.9e-21
Marm_XP_026178605.1	129	289	UDG	PF03167.24	3.6e-21
Marm_XP_026178606.1	128	288	UDG	PF03167.24	3.5e-21
Atai_PLN76075.1	156	328	UDG	PF03167.24	4.9e-21
Dsec_XP_032579717.1	780	940	UDG	PF03167.24	8e-21
Mibe_RYP03921.1	143	328	UDG	PF03167.24	8.7e-21
Dere_XP_026839117.1	297	457	UDG	PF03167.24	5.6e-21
Nbri_XP_006784314.1	129	289	UDG	PF03167.24	4.3e-21
Nbri_XP_006784315.1	128	288	UDG	PF03167.24	4.3e-21
Csid_TEA18909.1	146	323	UDG	PF03167.24	3.2e-19
Pran_XP_028270375.1	57	217	UDG	PF03167.24	3.6e-21
Dsec_XP_032579718.1	780	940	UDG	PF03167.24	8.5e-21
Enau_XP_029365748.1	136	295	UDG	PF03167.24	7.6e-21
Dere_XP_026839115.1	761	921	UDG	PF03167.24	8.7e-21
Dmel_NP_001259060.1	780	940	UDG	PF03167.24	8.4e-21
Dmel_NP_001284715.1	780	940	UDG	PF03167.24	8.4e-21
Dmel_NP_651925.1	780	940	UDG	PF03167.24	8.4e-21
Dere_XP_001982724.1	782	942	UDG	PF03167.24	8.9e-21
Dere_XP_026839113.1	782	942	UDG	PF03167.24	8.9e-21
Dsim_XP_016037290.1	780	940	UDG	PF03167.24	8.7e-21
Dsim_XP_016037291.1	780	940	UDG	PF03167.24	8.7e-21
Pnye_XP_005722242.1	129	289	UDG	PF03167.24	4.9e-21
Pnye_XP_005722243.1	128	288	UDG	PF03167.24	4.8e-21
Ctri_TDZ66154.1	139	316	UDG	PF03167.24	1.9e-19
Dsec_XP_032579715.1	780	940	UDG	PF03167.24	9.2e-21
Dsec_XP_032579716.1	780	940	UDG	PF03167.24	9.2e-21
Msp.CRB83_RYP86813.1	135	318	UDG	PF03167.24	5.9e-21
Onil_XP_025752763.1	129	289	UDG	PF03167.24	5.3e-21
Cser_KAG6932998.1	239	399	UDG	PF03167.24	9.3e-21
Oaur_XP_031611356.1	128	288	UDG	PF03167.24	5.2e-21
Onil_XP_003451696.1	128	288	UDG	PF03167.24	5.2e-21
Dasnov_XP_004470244.1	142	301	UDG	PF03167.24	5.6e-21
Cspi_TDZ40254.1	146	323	UDG	PF03167.24	3.6e-19
Cglo_XP_001220938.1	124	314	UDG	PF03167.24	9.2e-21
Cabi_XP_032661325.1	102	258	UDG	PF03167.24	5.1e-21
Plat_XP_014874266.1	135	290	UDG	PF03167.24	7.1e-21
Hapbur_XP_042074363.1	129	289	UDG	PF03167.24	5.7e-21
Hapbur_XP_005916418.1	128	288	UDG	PF03167.24	5.7e-21
Olat_XP_004072432.1	125	285	UDG	PF03167.24	5.7e-21
Lana_XP_013378607.1	134	292	UDG	PF03167.24	7.5e-21
Olat_XP_020561603.1	126	286	UDG	PF03167.24	5.8e-21
Dwil_XP_023036486.2	847	1007	UDG	PF03167.24	1.1e-20
Dwil_XP_046869537.1	847	1007	UDG	PF03167.24	1.1e-20
Ogar_XP_003789937.1	141	301	UDG	PF03167.24	6.2e-21
Rpro_RPRC011445-PA	139	289	UDG	PF03167.24	9.8e-21
Plat_XP_014874272.1	132	287	UDG	PF03167.24	6.9e-21
Agrpla_XP_018326036.1	123	282	UDG	PF03167.24	6.9e-21
Agrpla_XP_018326037.1	123	282	UDG	PF03167.24	6.9e-21
Dmoj_XP_043863099.1	862	1022	UDG	PF03167.24	1.9e-20
Enau_XP_029365747.1	130	289	UDG	PF03167.24	7.3e-21
Ccan_XP_020025570.1	177	337	UDG	PF03167.24	6.2e-21
Salk_XP_028467782.1	129	309	UDG	PF03167.24	1e-20
Dlab_XP_051279129.1	94	253	UDG	PF03167.24	6e-21
Agrpla_XP_018326035.1	157	316	UDG	PF03167.24	7.5e-21
Zalb_XP_014128266.1	6	164	UDG	PF03167.24	5.2e-21
Cpic_XP_008161857.3	130	290	UDG	PF03167.24	6e-21
Tcar_ENSTMTP00000030398.1	130	290	UDG	PF03167.24	6e-21
Pmex_XP_014843306.1	132	287	UDG	PF03167.24	6.9e-21
Corb_TDZ20450.1	146	323	UDG	PF03167.24	5.1e-19
Rhimic_XP_037282647.1	128	283	UDG	PF03167.24	6.3e-21
Pfor_XP_007559212.1	132	287	UDG	PF03167.24	6.9e-21
Agrpla_XP_018326033.1	179	338	UDG	PF03167.24	7.9e-21
Agrpla_XP_018326034.1	179	338	UDG	PF03167.24	7.9e-21
Gaga_ENSGAGP00000034078.1	130	290	UDG	PF03167.24	6.7e-21
Gevg_XP_030439084.1	130	290	UDG	PF03167.24	6.7e-21
Hves_ORX49913.1	26	191	UDG	PF03167.24	5.5e-21
Pmex_XP_014843299.1	135	290	UDG	PF03167.24	7.1e-21
Pfor_XP_007559211.1	135	290	UDG	PF03167.24	7.1e-21
Lcal_XP_018524163.1	128	288	UDG	PF03167.24	6.2e-21
Agrpla_XP_018326032.1	190	349	UDG	PF03167.24	8.1e-21
Dpse_XP_033237093.1	773	933	UDG	PF03167.24	1.2e-20
Dpse_XP_033237094.1	773	933	UDG	PF03167.24	1.2e-20
Dper_XP_026846902.1	773	933	UDG	PF03167.24	1.2e-20
Lcal_XP_018524161.1	136	296	UDG	PF03167.24	6.6e-21
Ppol_XP_037090985.1	93	251	UDG	PF03167.24	7.8e-21
Neomel_ENSNMLP00000042280.1	116	275	UDG	PF03167.24	6.4e-21
Gaga_ENSGAGP00000034080.1	129	289	UDG	PF03167.24	6.7e-21
Gevg_XP_030439085.1	129	289	UDG	PF03167.24	6.7e-21
Ffla_XP_045988835.1	129	300	UDG	PF03167.24	7.2e-21
Fcof_XP_031019515.1	129	300	UDG	PF03167.24	7.2e-21
Stepar_XP_008274838.1	44	200	UDG	PF03167.24	6.2e-21
Caraur_XP_026101979.1	124	284	UDG	PF03167.24	7.6e-21
Cropor_XP_019394381.1	129	289	UDG	PF03167.24	9e-21
Ates_XP_026198107.1	128	287	UDG	PF03167.24	6.8e-21
Dtin_RWS01965.1	122	278	UDG	PF03167.24	7.4e-21
Cpor_XP_063109788.1	126	286	UDG	PF03167.24	7.9e-21
Ates_XP_026198106.1	129	288	UDG	PF03167.24	6.9e-21
Skow_XP_006815476.1	86	243	UDG	PF03167.24	7.5e-21
Enau_XP_029365750.1	128	287	UDG	PF03167.24	7.1e-21
Enau_XP_029365749.1	129	288	UDG	PF03167.24	7.2e-21
Sans_XP_016339695.1	128	288	UDG	PF03167.24	8.5e-21
Pmag_XP_055080100.1	135	290	UDG	PF03167.24	7.8e-21
Pmag_XP_055080099.1	133	288	UDG	PF03167.24	7.7e-21
Ppol_XP_037092226.1	115	273	UDG	PF03167.24	9.8e-21
Ppol_XP_037092227.1	115	273	UDG	PF03167.24	9.8e-21
Ppol_XP_037092228.1	115	273	UDG	PF03167.24	9.8e-21
Caraur_XP_026101978.1	125	285	UDG	PF03167.24	7.7e-21
Srhi_XP_016373328.1	128	288	UDG	PF03167.24	8.4e-21
Llei_ENSLLEP00000036883.1	136	292	UDG	PF03167.24	8.4e-21
Cwag_ENSCWAP00000010862.1	140	300	UDG	PF03167.24	1.1e-20
Myrmur_XP_029915939.1	111	270	UDG	PF03167.24	8.1e-21
Omel_XP_024130590.1	125	285	UDG	PF03167.24	8.4e-21
Srhi_XP_016373329.1	126	286	UDG	PF03167.24	8.3e-21
Sans_XP_016339696.1	126	286	UDG	PF03167.24	8.3e-21
Tter_XP_003656542.1	120	310	UDG	PF03167.24	8.8e-21
Moncan_RYO89771.1	140	325	UDG	PF03167.24	9.3e-21
Msp.MC138B_RYP35195.1	140	325	UDG	PF03167.24	9.3e-21
Dlab_XP_051279128.1	127	286	UDG	PF03167.24	8.3e-21
Dyak_XP_015046840.1	635	795	UDG	PF03167.24	2.2e-20
Plamic_ANCSI_07418.mRNA.1	327	486	UDG	PF03167.24	1.1e-20
Dlab_XP_051278649.1	130	289	UDG	PF03167.24	8.5e-21
Dlab_XP_051279126.1	130	289	UDG	PF03167.24	8.5e-21
Llei_ENSLLEP00000002515.1	145	301	UDG	PF03167.24	1e-20
Gfor_XP_005424164.1	47	207	UDG	PF03167.24	7.5e-21
Dlab_XP_051278651.1	129	288	UDG	PF03167.24	8.5e-21
Dlab_XP_051279127.1	129	288	UDG	PF03167.24	8.5e-21
Cint_XP_018667776.1	115	275	UDG	PF03167.24	9.6e-21
Ojav_RVE68265.1	122	282	UDG	PF03167.24	9.6e-21
Shar_XP_003761199.1	138	297	UDG	PF03167.24	9.1e-21
Dgri_XP_043071762.1	291	451	UDG	PF03167.24	1.8e-20
Pkin_XP_023664027.1	31	187	UDG	PF03167.24	8.2e-21
Myrmur_XP_029915938.1	129	288	UDG	PF03167.24	9.6e-21
Zlat_ENSZLMP00000013327.1	80	240	UDG	PF03167.24	9.2e-21
Stesca_L892_g29580.t1	50	210	UDG	PF03167.24	8.4e-21
Dyak_XP_015046839.1	755	915	UDG	PF03167.24	2.5e-20
Dyak_XP_002099604.1	776	936	UDG	PF03167.24	2.5e-20
Thethe_XP_003658577.1	145	335	UDG	PF03167.24	5.1e-20
Gmar_KAF0396313.1	100	275	UDG	PF03167.24	1.1e-20
Ecal_XP_028680765.1	132	292	UDG	PF03167.24	1.5e-20
Ofav_XP_020626946.1	134	290	UDG	PF03167.24	2.9e-20
Mcin_XP_045456431.1	144	303	UDG	PF03167.24	4.6e-20
Sara_XP_004615654.2	126	286	UDG	PF03167.24	1.2e-20
Ptep_XP_015918274.2	91	247	UDG	PF03167.24	1.2e-20
Gevg_XP_030439086.1	102	258	UDG	PF03167.24	1.2e-20
Cruf_ENSCRFP00000002377.1	123	283	UDG	PF03167.24	1.1e-20
Singra_XP_016099953.1	126	286	UDG	PF03167.24	1.1e-20
Fcan_XP_021955428.1	160	321	UDG	PF03167.24	2.4e-20
Bspl_XP_029018170.1	128	287	UDG	PF03167.24	1.1e-20
Anapla_XP_038043246.1	126	286	UDG	PF03167.24	1.4e-20
Hcom_XP_019718171.1	130	285	UDG	PF03167.24	1.3e-20
Astcal_XP_026042196.1	129	289	UDG	PF03167.24	1.3e-20
Mzeb_XP_004544621.1	129	289	UDG	PF03167.24	1.3e-20
Astcal_XP_026042197.1	128	288	UDG	PF03167.24	1.3e-20
Mzeb_XP_004544622.1	128	288	UDG	PF03167.24	1.3e-20
Rrox_XP_010358774.2	141	301	UDG	PF03167.24	2.8e-20
Hcom_XP_019718180.1	128	283	UDG	PF03167.24	1.3e-20
Drovir_XP_002059706.3	886	1046	UDG	PF03167.24	2.5e-20
Drovir_XP_032290142.1	886	1046	UDG	PF03167.24	2.5e-20
Drovir_XP_032290143.1	886	1046	UDG	PF03167.24	2.5e-20
Drovir_XP_070066790.1	886	1046	UDG	PF03167.24	2.5e-20
Drovir_XP_070066791.1	886	1046	UDG	PF03167.24	2.5e-20
Chem_XP_066934833.1	139	300	UDG	PF03167.24	1.4e-20
Pvit_XP_020657531.1	124	283	UDG	PF03167.24	1.4e-20
Rbie_XP_017735248.1	141	301	UDG	PF03167.24	3e-20
Razy_RCH99592.1	121	282	UDG	PF03167.24	1.7e-20
Scam_XP_068766958.1	125	285	UDG	PF03167.24	1.3e-20
Astrub_XP_033633272.1	152	311	UDG	PF03167.24	1.4e-20
Ansbra_ENSABRP00000025895.1	120	280	UDG	PF03167.24	1.3e-20
Rsto_RCI05457.1	125	285	UDG	PF03167.24	1.6e-20
Rdel_XP_067524981.1	129	289	UDG	PF03167.24	2.5e-20
Scam_XP_009681289.2	136	296	UDG	PF03167.24	1.4e-20
Msp.GIB2_RYP20902.1	145	330	UDG	PF03167.24	2.7e-20
Twil_T_wilhelma_c25689_g1_i1|m.14839	176	331	UDG	PF03167.24	1.9e-20
Lgig_XP_009051091.1	129	288	UDG	PF03167.24	3.5e-20
Fhet_XP_012718943.1	129	288	UDG	PF03167.24	1.4e-20
Ldel_RWS30851.1	109	265	UDG	PF03167.24	1.6e-20
Mleu_XP_011830983.1	141	301	UDG	PF03167.24	2.8e-20
Fhet_XP_035999568.1	133	292	UDG	PF03167.24	1.5e-20
Cang_XP_011791401.1	141	301	UDG	PF03167.24	2.8e-20
Ficalb_XP_005055092.1	121	281	UDG	PF03167.24	1.4e-20
Mmul_XP_001104341.2	141	301	UDG	PF03167.24	2.8e-20
Mnem_XP_070927270.1	141	301	UDG	PF03167.24	2.8e-20
Panu_XP_003907172.1	141	301	UDG	PF03167.24	2.8e-20
Tgel_XP_025257956.1	141	301	UDG	PF03167.24	2.8e-20
Cvar_XP_015249809.1	129	286	UDG	PF03167.24	1.6e-20
Mfas_XP_015286164.2	141	301	UDG	PF03167.24	2.8e-20
Scan_XP_050836351.1	123	283	UDG	PF03167.24	1.5e-20
Cypcar_XP_042579370.1	66	223	UDG	PF03167.24	1.4e-20
Piltep_XP_023055402.1	141	301	UDG	PF03167.24	2.8e-20
Pabe_XP_024111778.1	141	301	UDG	PF03167.24	2.7e-20
Ppan_XP_003832558.1	141	301	UDG	PF03167.24	2.7e-20
Lsal_XP_040569398.1	105	267	UDG	PF03167.24	1.6e-20
Lcup_XP_046801396.1	1128	1288	UDG	PF03167.24	3.4e-20
Hsap_NP_550433.1	141	301	UDG	PF03167.24	2.7e-20
Ptro_NP_001233452.1	141	301	UDG	PF03167.24	2.7e-20
Csab_XP_008002807.2	141	301	UDG	PF03167.24	2.8e-20
Hsap_NP_003353.1	132	292	UDG	PF03167.24	2.5e-20
Spis_XP_022791963.1	122	282	UDG	PF03167.24	2.4e-20
Elat_EMR66553.1	35	220	UDG	PF03167.24	1.4e-20
Cimi_XP_017397006.1	141	301	UDG	PF03167.24	2.5e-20
Acun_XP_026715786.1	108	268	UDG	PF03167.24	1.6e-20
Tdal_XP_037942361.1	1008	1168	UDG	PF03167.24	8e-20
Smax_XP_035494966.1	131	290	UDG	PF03167.24	1.8e-20
Scan_XP_050836352.1	163	323	UDG	PF03167.24	2.1e-20
Rmic_XP_023463185.1	89	249	UDG	PF03167.24	1.9e-20
Ggor_XP_018894334.1	141	301	UDG	PF03167.24	2.8e-20
Avag_UJR15337.1	152	308	UDG	PF03167.24	2.2e-20
Pkin_XP_023689150.1	126	282	UDG	PF03167.24	1.8e-20
Sbol_XP_003932325.2	141	301	UDG	PF03167.24	2.5e-20
Pkin_XP_023689149.1	127	283	UDG	PF03167.24	1.8e-20
Vvul_XP_025842431.1	125	285	UDG	PF03167.24	1.9e-20
Smax_XP_035494967.1	130	289	UDG	PF03167.24	1.8e-20
Serdum_XP_022609857.1	131	290	UDG	PF03167.24	2.4e-20
Campar_XP_030814847.1	123	283	UDG	PF03167.24	1.8e-20
Jhye_ENSJHYP00000010098.1	123	283	UDG	PF03167.24	1.8e-20
Pvam_XP_039717708.1	141	301	UDG	PF03167.24	2.1e-20
Pmur_XP_007873381.1	117	286	UDG	PF03167.24	6.9e-20
Mund_XP_033924209.1	125	285	UDG	PF03167.24	2e-20
Anan_XP_012324546.2	132	292	UDG	PF03167.24	2.4e-20
Anogla_XP_018565759.1	33	192	UDG	PF03167.24	2.4e-20
Mgig_XP_011415861.3	159	320	UDG	PF03167.24	2.3e-20
Saur_XP_030274272.1	131	291	UDG	PF03167.24	2.2e-20
Amacol_ENSACOP00000008735.1	116	276	UDG	PF03167.24	2.2e-20
Campar_XP_030814846.1	147	307	UDG	PF03167.24	2.2e-20
Cvar_XP_015249808.1	177	334	UDG	PF03167.24	2.4e-20
Smer_ENSSMRP00000011912.1	131	290	UDG	PF03167.24	2.1e-20
Cjac_XP_035113404.2	141	301	UDG	PF03167.24	2.7e-20
Sfas_XP_029961633.1	129	289	UDG	PF03167.24	2.1e-20
Pcin_XP_020863575.1	137	296	UDG	PF03167.24	2.1e-20
Pcas_ENSPCEP00000019335.1	120	280	UDG	PF03167.24	3.5e-20
Pcas_ENSPCEP00000019358.1	120	280	UDG	PF03167.24	3.5e-20
Sfas_XP_029961634.1	128	288	UDG	PF03167.24	2.1e-20
Tigcal_XP_059082326.1	132	288	UDG	PF03167.24	2.1e-20
Acam_XP_024695307.1	124	296	UDG	PF03167.24	2e-20
Slal_XP_023269423.1	129	288	UDG	PF03167.24	4.1e-20
Tdal_XP_037955883.1	1008	1168	UDG	PF03167.24	1.1e-19
Tdal_XP_037955879.1	1013	1173	UDG	PF03167.24	1.1e-19
Tdal_XP_037955880.1	1013	1173	UDG	PF03167.24	1.1e-19
Tdal_XP_037955881.1	1013	1173	UDG	PF03167.24	1.1e-19
Tdal_XP_037955882.1	1012	1172	UDG	PF03167.24	1.1e-19
Mluc_XP_006098377.1	141	301	UDG	PF03167.24	2.6e-20
Saur_XP_030274273.1	130	290	UDG	PF03167.24	2.2e-20
Bdor_XP_049315933.1	1396	1555	UDG	PF03167.24	4.2e-20
Mgal_XP_010718516.1	125	285	UDG	PF03167.24	2.5e-20
Anocar_XP_062814418.1	153	313	UDG	PF03167.24	2.4e-20
Cvir_XP_022337906.1	162	322	UDG	PF03167.24	2.7e-20
Mmur_XP_012612037.1	141	301	UDG	PF03167.24	2.9e-20
Ahaa_ENSAHAP00000017294.1	50	210	UDG	PF03167.24	2e-20
Tgel_XP_025257955.1	173	333	UDG	PF03167.24	3.6e-20
Chrpic_ENSCPIP00010011131.1	125	285	UDG	PF03167.24	2.4e-20
Pcol_XP_031448321.1	125	285	UDG	PF03167.24	2.4e-20
Serdum_XP_022609865.1	128	287	UDG	PF03167.24	2.4e-20
Nmel_XP_021268941.1	125	285	UDG	PF03167.24	2.5e-20
Bjap_ENSBJAP00000014665.1	27	187	UDG	PF03167.24	1.9e-20
Anocar_XP_062814417.1	166	326	UDG	PF03167.24	2.7e-20
Foxy_XP_031042087.2	128	299	UDG	PF03167.24	2.6e-20
Ftin_ENSFTIP00000002365.1	125	285	UDG	PF03167.24	2.3e-20
Cpug_XP_014795505.1	126	286	UDG	PF03167.24	2.6e-20
Anocar_XP_062814897.1	153	313	UDG	PF03167.24	2.4e-20
Bdor_XP_029406700.2	1574	1733	UDG	PF03167.24	4.6e-20
Ftin_ENSFTIP00000002372.1	134	294	UDG	PF03167.24	2.5e-20
Cpyg_ENSCPGP00000023548.1	126	286	UDG	PF03167.24	2.6e-20
Fodo_XP_031073977.1	128	299	UDG	PF03167.24	2.6e-20
Pdam_XP_027043215.1	122	282	UDG	PF03167.24	3.4e-20
Anogla_XP_018565758.1	125	284	UDG	PF03167.24	3.1e-20
Pkin_XP_023664026.1	133	289	UDG	PF03167.24	2.9e-20
Ofus_CAH1782729.1	162	321	UDG	PF03167.24	2.7e-20
Krymar_XP_017269481.1	147	303	UDG	PF03167.24	3.8e-20
Cpug_XP_014795506.1	125	285	UDG	PF03167.24	2.5e-20
Csyr_XP_021561763.1	160	320	UDG	PF03167.24	3.5e-20
Fman_XP_041676744.1	128	299	UDG	PF03167.24	2.6e-20
Fpro_XP_031075013.1	128	299	UDG	PF03167.24	2.6e-20
Gmag_TQS35868.1	102	275	UDG	PF03167.24	2.5e-20
Btry_XP_039967867.1	1395	1554	UDG	PF03167.24	4.9e-20
Btry_XP_039967868.1	1395	1554	UDG	PF03167.24	4.9e-20
Btry_XP_039967869.1	1395	1554	UDG	PF03167.24	4.9e-20
Pcin_XP_020863574.1	167	326	UDG	PF03167.24	2.7e-20
Cypcar_XP_042613026.1	120	280	UDG	PF03167.24	3e-20
Cypcar_XP_042613027.1	118	278	UDG	PF03167.24	3e-20
Dvir_XP_050497343.1	33	192	UDG	PF03167.24	3.3e-20
Blat_XP_018789210.1	1377	1536	UDG	PF03167.24	4.9e-20
Blat_XP_018789211.1	1377	1536	UDG	PF03167.24	4.9e-20
Blat_XP_018789212.1	1377	1536	UDG	PF03167.24	4.9e-20
Ffuj_XP_023424812.1	128	299	UDG	PF03167.24	2.6e-20
Monalb_XP_020450267.1	116	272	UDG	PF03167.24	2.7e-20
Cust_XP_032932116.1	121	281	UDG	PF03167.24	2.7e-20
Cmon_XP_031984325.1	123	283	UDG	PF03167.24	2.7e-20
Btau_NP_001068981.1	132	292	UDG	PF03167.24	3e-20
Ccap_XP_023158873.1	1277	1437	UDG	PF03167.24	5.3e-20
Tricas_XP_015840398.1	150	309	UDG	PF03167.24	3.8e-20
Anogla_XP_018565757.1	182	341	UDG	PF03167.24	3.5e-20
Rpom_XP_036335033.1	1629	1789	UDG	PF03167.24	5e-20
Rpom_XP_036335026.1	1630	1790	UDG	PF03167.24	5e-20
Rpom_XP_036335028.1	1630	1790	UDG	PF03167.24	5e-20
Rpom_XP_036335029.1	1630	1790	UDG	PF03167.24	5e-20
Rpom_XP_036335030.1	1630	1790	UDG	PF03167.24	5e-20
Rpom_XP_036335031.1	1630	1790	UDG	PF03167.24	5e-20
Rpom_XP_036335032.1	1630	1790	UDG	PF03167.24	5e-20
Aque_XP_003383944.1	126	281	UDG	PF03167.24	2.8e-20
Bmut_XP_005909606.1	141	301	UDG	PF03167.24	3.3e-20
Bbis_XP_010826971.1	141	301	UDG	PF03167.24	3.3e-20
Bind_XP_019833435.2	141	301	UDG	PF03167.24	3.3e-20
Btau_XP_005217852.1	141	301	UDG	PF03167.24	3.3e-20
Fnyg_PNP83280.1	131	299	UDG	PF03167.24	3.5e-20
Zcal_XP_027431416.2	141	301	UDG	PF03167.24	3.8e-20
Edia_XP_020897086.1	128	286	UDG	PF03167.24	3.2e-20
Drer_NP_957268.1	119	279	UDG	PF03167.24	3e-20
Azon_ENSAZOP00000029847.1	328	488	UDG	PF03167.24	4.5e-20
Sorb_XP_029999781.1	128	287	UDG	PF03167.24	3e-20
Bmor_XP_062532538.1	243	402	UDG	PF03167.24	5.2e-20
Mput_XP_004779159.2	141	301	UDG	PF03167.24	3.3e-20
Bman_XP_028037833.1	243	402	UDG	PF03167.24	5.3e-20
Bmor_XP_062532537.1	243	402	UDG	PF03167.24	5.3e-20
Tricas_XP_970220.2	189	348	UDG	PF03167.24	4.2e-20
Oari_XP_027812451.1	140	300	UDG	PF03167.24	3.3e-20
Caty_XP_011888308.1	164	324	UDG	PF03167.24	3.4e-20
Bman_XP_028037832.1	253	412	UDG	PF03167.24	5.3e-20
Bmor_XP_037876968.1	253	412	UDG	PF03167.24	5.3e-20
Bman_XP_028037829.1	253	412	UDG	PF03167.24	5.3e-20
Bmor_XP_037876966.1	253	412	UDG	PF03167.24	5.3e-20
Bman_XP_028037830.1	253	412	UDG	PF03167.24	5.3e-20
Bman_XP_028037828.1	253	412	UDG	PF03167.24	5.3e-20
Bmor_XP_037876967.1	253	412	UDG	PF03167.24	5.3e-20
Bmor_XP_037876965.1	253	412	UDG	PF03167.24	5.3e-20
Spun_ENSSPUP00000011994.1	122	282	UDG	PF03167.24	3.1e-20
Bbub_ENSBOBP00000020252.1	50	210	UDG	PF03167.24	2.7e-20
Hmel_HMEL004317-PA	278	437	UDG	PF03167.24	5e-20
Xtro_NP_001016580.1	132	291	UDG	PF03167.24	5.7e-20
Bmor_XP_062532539.1	253	412	UDG	PF03167.24	5.2e-20
Bman_XP_028037834.1	253	412	UDG	PF03167.24	5.3e-20
Bmor_XP_037876970.1	253	412	UDG	PF03167.24	5.3e-20
Rfer_XP_032954326.1	141	301	UDG	PF03167.24	3.7e-20
Sorb_XP_029999780.1	139	298	UDG	PF03167.24	3.3e-20
Flon_RGP70301.1	129	300	UDG	PF03167.24	3.4e-20
Glopps_GPPI035783-PA	284	441	UDG	PF03167.24	8.1e-20
Pfra_XP_012333631.1	181	330	UDG	PF03167.24	4e-20
Umar_XP_008705917.2	132	292	UDG	PF03167.24	3.5e-20
Agla_SAM09056.1	183	343	UDG	PF03167.24	4.3e-20
Dple_XP_032524864.1	289	448	UDG	PF03167.24	5.9e-20
Dclu_XP_028851732.1	123	281	UDG	PF03167.24	4.7e-20
Uthi_ENSUTTP00000012495.1	141	301	UDG	PF03167.24	3.6e-20
Nvis_XP_044100030.1	141	301	UDG	PF03167.24	3.7e-20
Mmos_ENSMMSP00000015653.1	139	299	UDG	PF03167.24	3.8e-20
Dple_XP_032524863.1	279	438	UDG	PF03167.24	6.1e-20
Sorb_XP_029999777.1	150	309	UDG	PF03167.24	3.6e-20
Sorb_XP_029999778.1	149	308	UDG	PF03167.24	3.5e-20
Dple_XP_032524861.1	289	448	UDG	PF03167.24	6.2e-20
Clup_XP_038431339.1	141	301	UDG	PF03167.24	3.8e-20
Dple_XP_032524860.1	289	448	UDG	PF03167.24	6.2e-20
Dple_XP_032524859.1	289	448	UDG	PF03167.24	6.2e-20
Dsil_XP_037575989.1	128	283	UDG	PF03167.24	3.8e-20
Mlus_KAL0142129.1	133	294	UDG	PF03167.24	3.7e-20
Bade_OZJ05355.1	38	223	UDG	PF03167.24	3.3e-20
Onttau_XP_022908087.1	182	341	UDG	PF03167.24	5e-20
Rsan_XP_037504447.1	129	284	UDG	PF03167.24	4.2e-20
Dvir_XP_050497342.1	182	341	UDG	PF03167.24	4.8e-20
Onttau_XP_022908072.1	187	346	UDG	PF03167.24	5e-20
Onttau_XP_022908079.1	187	346	UDG	PF03167.24	5e-20
Ttru_XP_004317779.3	140	300	UDG	PF03167.24	4.6e-20
Sorb_XP_029999776.1	160	319	UDG	PF03167.24	3.8e-20
Mput_XP_044932662.1	174	334	UDG	PF03167.24	4.2e-20
Fpse_XP_009263041.1	128	300	UDG	PF03167.24	4.1e-20
Slal_XP_023269424.1	128	287	UDG	PF03167.24	4.1e-20
Fpoa_XP_044711447.1	123	295	UDG	PF03167.24	3.9e-20
Chir_XP_017916582.1	140	300	UDG	PF03167.24	4.3e-20
Kcap_XP_022461003.1	166	329	UDG	PF03167.24	4.3e-20
Nleu_XP_030677194.1	132	292	UDG	PF03167.24	6.1e-20
Obir_XP_011336392.2	43	191	UDG	PF03167.24	5e-20
Obir_XP_011336393.2	43	191	UDG	PF03167.24	5e-20
Flan_KPA45773.1	128	300	UDG	PF03167.24	4e-20
Ocun_XP_002723223.1	141	301	UDG	PF03167.24	4.8e-20
Dclu_XP_028851733.1	121	279	UDG	PF03167.24	4.7e-20
Linelo_KAK5816876.1	149	305	UDG	PF03167.24	5e-20
Fspo_RGP68425.1	128	300	UDG	PF03167.24	4.1e-20
Emex_XP_017758192.1	42	193	UDG	PF03167.24	5.5e-20
Lstr_XP_021400229.1	124	284	UDG	PF03167.24	4.2e-20
Aowe_ENSAOWP00000000613.1	125	285	UDG	PF03167.24	4.6e-20
Pgem_Unigene15582_Pirum_gemmata|m.9925	24	180	UDG	PF03167.24	3.7e-20
Umar_XP_040475749.1	174	334	UDG	PF03167.24	4.9e-20
Tgut_XP_030141534.3	124	284	UDG	PF03167.24	4.3e-20
Cmos_ENSCMMP00000021243.1	399	559	UDG	PF03167.24	5.8e-20
Lcha_XP_014349119.1	142	300	UDG	PF03167.24	5.7e-20
Aowe_ENSAOWP00000000605.1	130	290	UDG	PF03167.24	4.8e-20
Aowe_ENSAOWP00000000607.1	125	285	UDG	PF03167.24	4.6e-20
Dronov_XP_064377960.1	129	289	UDG	PF03167.24	4.8e-20
Dronov_XP_025970451.2	136	296	UDG	PF03167.24	5.1e-20
Hetame_CAH8572829.1	928	1090	UDG	PF03167.24	9.8e-20
Lcha_XP_064424281.1	135	293	UDG	PF03167.24	5.4e-20
Awhi_Unigene29459_Abeoforma_whisleri|m.17987	129	286	UDG	PF03167.24	4.8e-20
Fver_XP_018742924.1	131	299	UDG	PF03167.24	5.6e-20
Ailmel_XP_034528684.1	174	334	UDG	PF03167.24	4.9e-20
Fgra_XP_011316600.1	167	339	UDG	PF03167.24	5.5e-20
Patmin_XP_038070739.1	133	293	UDG	PF03167.24	5.1e-20
Ldec_XP_023026419.1	95	251	UDG	PF03167.24	8.5e-20
Ggal_NP_001385002.1	125	285	UDG	PF03167.24	6.3e-20
Fcat_XP_023097282.1	141	301	UDG	PF03167.24	6.7e-20
Arep_ORZ10424.1	28	193	UDG	PF03167.24	4.4e-20
Acyg_XP_066835294.1	128	288	UDG	PF03167.24	5.5e-20
Mvit_XP_017931661.1	102	262	UDG	PF03167.24	5.2e-20
Ggal_NP_989520.2	127	287	UDG	PF03167.24	6.4e-20
Fcul_QPC66598.1	187	359	UDG	PF03167.24	6.2e-20
Mmul_XP_015008210.2	113	269	UDG	PF03167.24	7.4e-20
Mnem_XP_070927271.1	113	269	UDG	PF03167.24	7.4e-20
Ssur_XP_029778399.1	141	301	UDG	PF03167.24	6.1e-20
Mfas_XP_045221821.2	113	269	UDG	PF03167.24	7.4e-20
Hrob_XP_009020242.1	62	222	UDG	PF03167.24	4.9e-20
Lcha_XP_064424280.1	163	321	UDG	PF03167.24	6.7e-20
Bmus_XP_036730590.1	140	300	UDG	PF03167.24	6.5e-20
Osun_ENSOSUP00000021725.1	160	320	UDG	PF03167.24	5.9e-20
Phymac_XP_007129560.1	140	300	UDG	PF03167.24	6.5e-20
Clum_XP_034397706.1	123	283	UDG	PF03167.24	5.8e-20
Lsul_XP_040765660.1	117	306	UDG	PF03167.24	6.4e-20
Lcan_XP_030192000.1	141	301	UDG	PF03167.24	6.7e-20
Eele_XP_026865103.1	125	283	UDG	PF03167.24	1.8e-19
Saur_XP_030273654.1	36	196	UDG	PF03167.24	4.9e-20
Okis_XP_020345712.1	102	261	UDG	PF03167.24	5.6e-20
Cfra_CFRG6206T1	153	308	UDG	PF03167.24	6.4e-20
Clec_XP_014251391.1	27	173	UDG	PF03167.24	8.8e-20
Eele_XP_026865102.2	131	289	UDG	PF03167.24	1.9e-19
Uame_XP_045647449.1	174	334	UDG	PF03167.24	6.7e-20
Mmol_ENSMMOP00000023226.1	106	264	UDG	PF03167.24	6.6e-20
Lcor_XP_017669792.1	125	285	UDG	PF03167.24	6.5e-20
Acan_XP_024675050.1	161	333	UDG	PF03167.24	8.5e-20
Liccor_CDH50906.1	125	285	UDG	PF03167.24	6.3e-20
Pmal_XP_028863819.1	153	301	UDG	PF03167.24	9.5e-20
Socc_ENSSOCP00000013304.1	128	288	UDG	PF03167.24	6.5e-20
Achr_XP_029882456.1	125	285	UDG	PF03167.24	6.5e-20
Achr_XP_029882455.1	126	286	UDG	PF03167.24	6.5e-20
Mamb_GAN11140.1	131	292	UDG	PF03167.24	6.7e-20
Ngru_XP_002677873.1	55	215	UDG	PF03167.24	6.2e-20
Cleu_ROW14776.1	143	329	UDG	PF03167.24	7e-20
Mmol_ENSMMOP00000023233.1	131	289	UDG	PF03167.24	8.3e-20
Glomor_GMOY011312-PA	1126	1286	UDG	PF03167.24	1.1e-19
Mcir_EPB82977.1	122	283	UDG	PF03167.24	7e-20
Anis_ENSANIP00000013449.1	141	301	UDG	PF03167.24	7.1e-20
Sluc_XP_031164624.1	130	289	UDG	PF03167.24	7.4e-20
Hvul_XP_065648328.1	148	307	UDG	PF03167.24	8e-20
Podmur_XP_028559694.1	126	284	UDG	PF03167.24	9.3e-20
Turt_XP_015782855.1	130	288	UDG	PF03167.24	8.7e-20
Dpon_XP_019765298.1	178	337	UDG	PF03167.24	1e-19
Otsh_XP_024294380.1	129	288	UDG	PF03167.24	7.2e-20
Omyk_XP_021477376.1	126	285	UDG	PF03167.24	7.2e-20
Okis_XP_020345711.1	129	288	UDG	PF03167.24	7.2e-20
Gfus_XP_037898851.1	1134	1291	UDG	PF03167.24	1.7e-19
Gfus_XP_037898852.1	1134	1291	UDG	PF03167.24	1.7e-19
Pavcri_ENSPSTP00000016553.1	127	287	UDG	PF03167.24	8.3e-20
Ccuc_KAI8378748.1	37	196	UDG	PF03167.24	7.3e-20
Sluc_XP_031164625.1	129	288	UDG	PF03167.24	7.3e-20
Osin_XP_036367980.1	98	257	UDG	PF03167.24	9.9e-20
Stru_XP_029618955.1	129	288	UDG	PF03167.24	7.4e-20
Bxyl_CAG9105184.1	116	274	UDG	PF03167.24	7.1e-20
Omyk_XP_021477375.1	131	290	UDG	PF03167.24	7.6e-20
Otsh_XP_024294379.1	134	293	UDG	PF03167.24	7.6e-20
Stru_XP_029618954.1	131	290	UDG	PF03167.24	7.6e-20
Okis_XP_020345710.1	134	293	UDG	PF03167.24	7.6e-20
Salsal_XP_014016647.2	134	293	UDG	PF03167.24	7.8e-20
Anis_ENSANIP00000013469.1	176	336	UDG	PF03167.24	9.2e-20
Mmol_ENSMMOP00000023229.1	130	288	UDG	PF03167.24	8.2e-20
Sfor_XP_018604530.1	118	277	UDG	PF03167.24	1.4e-19
Obim_XP_014786953.2	124	283	UDG	PF03167.24	3e-19
Droimm_KAH8272450.1	575	729	UDG	PF03167.24	1.8e-19
Hazt_XP_018013911.1	131	291	UDG	PF03167.24	8.1e-20
Gcer_RIA90421.1	133	294	UDG	PF03167.24	3.3e-19
Cson_CSON004223-1	397	542	UDG	PF03167.24	1.5e-19
Cson_CSON012551-1	404	549	UDG	PF03167.24	1.5e-19
Csem_XP_008333769.1	127	287	UDG	PF03167.24	7.9e-20
Globre_GBRI027976-PA	844	999	UDG	PF03167.24	1.9e-19
Vkom_XP_044296682.1	127	287	UDG	PF03167.24	8.9e-20
Gocc_XP_003739123.1	52	204	UDG	PF03167.24	7.8e-20
Sluc_XP_035849116.1	156	315	UDG	PF03167.24	9.1e-20
Psim_ENSPSMP00000003786.1	141	301	UDG	PF03167.24	1e-19
Podmur_XP_028559696.1	144	302	UDG	PF03167.24	1.1e-19
Pcoa_XP_019917456.1	169	318	UDG	PF03167.24	9.9e-20
Hrob_XP_009010178.1	37	181	UDG	PF03167.24	1.1e-19
Sluc_XP_035849121.1	155	314	UDG	PF03167.24	9e-20
Podmur_XP_028559693.1	167	325	UDG	PF03167.24	1.3e-19
Shab_XP_030357152.1	125	285	UDG	PF03167.24	1e-19
Adig_XP_015755409.1	100	256	UDG	PF03167.24	1.2e-19
Srhi_XP_016423674.1	120	280	UDG	PF03167.24	9.3e-20
Dvir_XP_050502343.1	69	223	UDG	PF03167.24	6.5e-08
Dvir_XP_050502343.1	330	483	UDG	PF03167.24	1e-09
Shab_XP_030357150.1	127	287	UDG	PF03167.24	1e-19
Awen_XP_040693919.1	149	327	UDG	PF03167.24	1.1e-19
Pnat_XP_017571743.1	130	289	UDG	PF03167.24	1.1e-19
Amex_XP_049326706.1	138	297	UDG	PF03167.24	1.2e-19
Pnat_XP_017571742.1	132	291	UDG	PF03167.24	1.1e-19
Amex_XP_022522613.2	141	300	UDG	PF03167.24	1.2e-19
Ipun_XP_017306683.1	119	277	UDG	PF03167.24	1.2e-19
Ipun_XP_017306682.1	125	283	UDG	PF03167.24	1.3e-19
Lber_XP_020498886.2	128	288	UDG	PF03167.24	1.2e-19
Concor_KXN69197.1	46	211	UDG	PF03167.24	1.1e-19
Nleu_XP_030651397.1	141	301	UDG	PF03167.24	1.9e-19
Hlab_XP_017791436.1	50	201	UDG	PF03167.24	1.2e-19
Concor_KXN70398.1	47	207	UDG	PF03167.24	1.2e-19
Cdro_XP_010997447.2	140	300	UDG	PF03167.24	1.4e-19
Vpac_XP_006204818.1	140	300	UDG	PF03167.24	1.4e-19
Psp.VKMF3808_KFX93567.1	132	307	UDG	PF03167.24	1.6e-19
Pinu_XP_008817515.1	203	353	UDG	PF03167.24	1.9e-19
Nfur_XP_015828137.3	129	288	UDG	PF03167.24	1.6e-19
Easi_XP_014723272.1	141	301	UDG	PF03167.24	1.7e-19
Ecab_XP_005614833.3	141	301	UDG	PF03167.24	1.7e-19
Lber_XP_065807094.1	158	318	UDG	PF03167.24	1.5e-19
Amil_XP_029212906.2	133	289	UDG	PF03167.24	1.7e-19
Ldas_SCU94426.1	146	310	UDG	PF03167.24	1.3e-19
Agif_XP_044016645.1	320	479	UDG	PF03167.24	2.8e-19
Nper_XP_025892545.1	125	285	UDG	PF03167.24	1.6e-19
Agif_XP_044016644.1	323	482	UDG	PF03167.24	2.8e-19
Mlei_ML01881a-PA	95	252	UDG	PF03167.24	1.4e-19
Fven_XP_025588303.1	126	297	UDG	PF03167.24	1.4e-19
Lafr_XP_003419410.1	144	304	UDG	PF03167.24	1.8e-19
Bgla_XP_055883292.1	122	268	UDG	PF03167.24	4.3e-19
Arep_ORZ21120.1	119	276	UDG	PF03167.24	1.6e-19
Psp.VKMF4514_KFY39084.1	132	307	UDG	PF03167.24	3.9e-19
Psp.VKMF4516_KFY55715.1	132	307	UDG	PF03167.24	3.9e-19
Eluc_XP_012992167.1	133	291	UDG	PF03167.24	2.2e-19
Lpro_PKS12792.1	116	288	UDG	PF03167.24	1.8e-19
Pvex_XP_040709267.1	23	203	UDG	PF03167.24	1.3e-19
Sfor_XP_018606758.1	131	289	UDG	PF03167.24	1.7e-19
Fsol_XP_065480142.1	122	294	UDG	PF03167.24	1.5e-19
Pgab_XP_018639227.1	160	308	UDG	PF03167.24	1.9e-19
Char_XP_031426990.1	128	288	UDG	PF03167.24	2.1e-19
Tpun_KKA26193.1	115	286	UDG	PF03167.24	1.5e-19
Sscr_XP_003132973.1	140	300	UDG	PF03167.24	1.9e-19
Myes_XP_021350990.1	102	250	UDG	PF03167.24	2.7e-19
Myes_XP_021350991.1	102	250	UDG	PF03167.24	2.7e-19
Ptig_XP_042817547.1	141	301	UDG	PF03167.24	1.9e-19
Esp.FLASF59071_RUS19777.1	115	272	UDG	PF03167.24	1.8e-19
Mdes_Mdes009818-RA:cds	505	657	UDG	PF03167.24	2.9e-19
Char_XP_031426992.1	124	284	UDG	PF03167.24	2e-19
Lpol_XP_013779562.1	135	292	UDG	PF03167.24	3.2e-19
Eluc_XP_010894672.1	132	290	UDG	PF03167.24	2.2e-19
Hrub_XP_046580924.1	163	321	UDG	PF03167.24	4.8e-19
Concor_KXN69196.1	55	213	UDG	PF03167.24	1.6e-19
Eeur_XP_060048919.1	135	294	UDG	PF03167.24	1.9e-19
Ppar_XP_019322751.2	141	301	UDG	PF03167.24	1.9e-19
Pleo_XP_042765661.1	141	301	UDG	PF03167.24	1.9e-19
Osp.lucimarinus_ABO98921.1	69	225	UDG	PF03167.24	1.7e-19
Spur_XP_791566.1	131	290	UDG	PF03167.24	1.7e-19
Apimel_XP_006571051.2	49	201	UDG	PF03167.24	2.4e-19
Mvib_Mvib_g8216	115	271	UDG	PF03167.24	1.8e-19
Phum_XP_002427210.1	533	692	UDG	PF03167.24	3.4e-19
Nfur_XP_015828136.3	160	319	UDG	PF03167.24	2e-19
Mspr_MGP_SPRETEiJ_P0072649	37	181	UDG	PF03167.24	1.5e-19
Cfab_ONH65543.1	144	303	UDG	PF03167.24	1.9e-19
Pfal_XP_001348321.1	160	308	UDG	PF03167.24	2.1e-19
Ncal_ORY43524.1	48	209	UDG	PF03167.24	1.5e-19
Prei_XP_012765214.2	160	308	UDG	PF03167.24	2.1e-19
Cmil_XP_006670639.1	115	288	UDG	PF03167.24	1.8e-19
Pviv_XP_001616803.1	181	329	UDG	PF03167.24	2.4e-19
Cotglo_XP_044576801.1	368	527	UDG	PF03167.24	3.4e-19
Cotglo_XP_044576802.1	368	527	UDG	PF03167.24	3.4e-19
Cotglo_XP_044576803.1	368	527	UDG	PF03167.24	3.4e-19
Cotglo_XP_044576804.1	368	527	UDG	PF03167.24	3.4e-19
Cotglo_XP_044576805.1	368	527	UDG	PF03167.24	3.4e-19
Smar_SMAR006998-PA	141	300	UDG	PF03167.24	1.9e-19
Znev_XP_021924100.1	177	336	UDG	PF03167.24	2.8e-19
Tpse_XP_002291536.1	99	259	UDG	PF03167.24	2.3e-19
Mlib_KZZ92037.1	99	274	UDG	PF03167.24	2.2e-19
Cper_Nk52_evm113s224	147	306	UDG	PF03167.24	7.3e-19
Opri_XP_004591976.2	141	301	UDG	PF03167.24	2.3e-19
Lcom_lcpid116361|	118	273	UDG	PF03167.24	2.1e-19
Lram_CDS13047.1	126	286	UDG	PF03167.24	2.1e-19
Phosin_XP_032510240.1	140	300	UDG	PF03167.24	2.5e-19
Dleu_XP_022406724.2	140	300	UDG	PF03167.24	2.5e-19
Mmon_XP_029080949.1	140	300	UDG	PF03167.24	2.5e-19
Vdes_XP_022671170.1	52	198	UDG	PF03167.24	2e-19
Hruf_XP_046358519.1	163	321	UDG	PF03167.24	3.7e-19
Bbov_XP_001611752.1	122	274	UDG	PF03167.24	2.2e-19
Amel_XP_040881429.1	88	260	UDG	PF03167.24	1e-18
Aram_KKK25762.1	134	306	UDG	PF03167.24	2.2e-19
Tvag_XP_001296939.1	92	255	UDG	PF03167.24	4.8e-19
Tcur_XP_031000781.1	128	335	UDG	PF03167.24	9e-19
Schl_KFA65509.1	115	289	UDG	PF03167.24	2.9e-19
Vdes_XP_022671169.1	52	198	UDG	PF03167.24	2.1e-19
Pmaj_XP_015499054.1	133	293	UDG	PF03167.24	2.7e-19
Vdah_XP_009657411.1	111	288	UDG	PF03167.24	4.1e-19
Arow_XP_025916061.1	141	301	UDG	PF03167.24	2.5e-19
Emex_XP_017755378.1	296	455	UDG	PF03167.24	3.7e-19
Myes_XP_021357381.1	160	317	UDG	PF03167.24	3.1e-19
Boki_CAG9100570.1	115	271	UDG	PF03167.24	2.3e-19
Pmaj_XP_015499055.1	123	283	UDG	PF03167.24	2.5e-19
Mcya_ENSMCSP00000021652.1	121	281	UDG	PF03167.24	2.4e-19
Ccae_XP_023793175.1	128	288	UDG	PF03167.24	2.6e-19
Pmon_XP_037794725.1	462	606	UDG	PF03167.24	3.2e-19
Razy_RCH94228.1	40	202	UDG	PF03167.24	2.3e-19
Llan_XP_022630468.1	140	304	UDG	PF03167.24	3e-19
Dipcor_CAL3972634.1	110	280	UDG	PF03167.24	4.8e-19
Mpha_XP_028049496.1	43	191	UDG	PF03167.24	6.2e-19
Pcan_XP_025094879.1	153	313	UDG	PF03167.24	3.1e-19
Hame_XP_042233188.1	172	327	UDG	PF03167.24	3.6e-19
Ssca_UXI20412.1	119	292	UDG	PF03167.24	4e-19
Famb_RSM18888.1	122	292	UDG	PF03167.24	2.7e-19
Feuw_RTE81173.1	122	292	UDG	PF03167.24	2.7e-19
Fkur_RMJ17107.1	122	292	UDG	PF03167.24	2.7e-19
Clec_XP_014256502.1	144	303	UDG	PF03167.24	3.5e-19
Dmag_XP_045028586.1	246	391	UDG	PF03167.24	4.4e-19
Fflo_RSL88784.1	122	292	UDG	PF03167.24	2.7e-19
Sans_XP_016360824.1	122	278	UDG	PF03167.24	3e-19
Rsec_CZT47070.1	111	284	UDG	PF03167.24	8.3e-19
Fcan_XP_021963709.1	208	353	UDG	PF03167.24	5.8e-19
Fcan_XP_035712692.1	208	353	UDG	PF03167.24	5.8e-19
Fcan_XP_035712694.1	208	353	UDG	PF03167.24	5.8e-19
Tvap_Tv_06594-RA:cds	273	425	UDG	PF03167.24	4.5e-19
Cchl_OLN82875.1	136	308	UDG	PF03167.24	3.6e-19
Pcla_XP_045615322.1	173	331	UDG	PF03167.24	4e-19
Mpha_XP_012539296.1	76	224	UDG	PF03167.24	7.2e-19
Hosm_OEJ80906.1	142	311	UDG	PF03167.24	1.1e-18
Ador_XP_031367571.1	296	453	UDG	PF03167.24	4.2e-19
Plae_KAI0989598.1	106	261	UDG	PF03167.24	3.4e-19
Pfin_ORX48421.1	47	209	UDG	PF03167.24	2.8e-19
Cchr_ROV99319.1	135	322	UDG	PF03167.24	3.3e-19
Kafr_XP_003956680.1	134	298	UDG	PF03167.24	3.6e-19
Oaus_PHH66996.1	111	284	UDG	PF03167.24	3.3e-19
Dpul_XP_046457822.1	260	405	UDG	PF03167.24	5.3e-19
Dpul_XP_046457821.1	260	405	UDG	PF03167.24	5.3e-19
Dpul_XP_046457820.1	260	405	UDG	PF03167.24	5.3e-19
Ador_XP_006616889.1	51	202	UDG	PF03167.24	5.1e-19
Dpul_XP_046457818.1	260	405	UDG	PF03167.24	5.3e-19
Dappul_XP_046646749.1	260	405	UDG	PF03167.24	5.4e-19
Dappul_XP_046646748.1	260	405	UDG	PF03167.24	5.4e-19
Blan_XP_066278335.1	134	290	UDG	PF03167.24	3.9e-19
Dappul_XP_046646747.1	260	405	UDG	PF03167.24	5.4e-19
Msp.mg162_RYP53633.1	148	331	UDG	PF03167.24	4.7e-19
Wano_XP_019040640.1	67	229	UDG	PF03167.24	3.8e-19
Llon_XP_055690369.1	206	363	UDG	PF03167.24	5.8e-19
Dere_XP_026839118.1	782	897	UDG	PF03167.24	5.2e-19
Psp.VKMF4246_KFY14604.1	125	303	UDG	PF03167.24	4.2e-19
Scha_KFA73123.1	113	287	UDG	PF03167.24	3.9e-19
Ccra_RDW87677.1	101	274	UDG	PF03167.24	4.5e-19
Arob_ORX75079.1	107	268	UDG	PF03167.24	3.5e-19
Cpul_RKU48307.1	119	310	UDG	PF03167.24	4.4e-19
Cinc_KZL80327.1	166	350	UDG	PF03167.24	3e-18
Dpul_XP_046457826.1	253	398	UDG	PF03167.24	5.3e-19
Dpul_XP_046457825.1	253	398	UDG	PF03167.24	5.3e-19
Dpul_XP_046457824.1	253	398	UDG	PF03167.24	5.3e-19
Dpul_XP_046457823.1	253	398	UDG	PF03167.24	5.3e-19
Dnov_XP_015435063.1	295	452	UDG	PF03167.24	5.6e-19
Dappul_XP_046646750.1	253	398	UDG	PF03167.24	5.3e-19
Lhum_XP_067209121.1	155	312	UDG	PF03167.24	5.2e-19
Pjap_XP_042872292.1	175	331	UDG	PF03167.24	2e-18
Amac_KNE69523.1	131	288	UDG	PF03167.24	5.8e-19
Clec_XP_024082182.1	185	343	UDG	PF03167.24	5.4e-19
Theequ_XP_004828933.1	116	270	UDG	PF03167.24	3.9e-19
Clec_XP_014255399.1	194	352	UDG	PF03167.24	5.5e-19
Apimel_XP_006568813.2	220	377	UDG	PF03167.24	5.6e-19
Apis_XP_008178381.1	149	306	UDG	PF03167.24	5.3e-19
Scil_XP_065177885.1	123	280	UDG	PF03167.24	4.6e-19
Rmai_XP_026816327.1	149	306	UDG	PF03167.24	5.3e-19
Agal_PBL03530.1	116	297	UDG	PF03167.24	4.4e-19
Ofav_XP_020607152.1	72	218	UDG	PF03167.24	3.9e-19
Tadh_XP_002112724.1	8	171	UDG	PF03167.24	3.8e-19
Mpha_XP_028049661.2	315	472	UDG	PF03167.24	5.7e-19
Apimel_XP_392189.5	297	454	UDG	PF03167.24	6.3e-19
Ragr_CZS99136.1	111	284	UDG	PF03167.24	8.3e-19
Apis_XP_016656185.1	265	422	UDG	PF03167.24	6.4e-19
Rhygra_XMA18413.1	111	284	UDG	PF03167.24	8.3e-19
Apis_XP_029342446.1	266	423	UDG	PF03167.24	6.4e-19
Apis_XP_008178380.1	267	424	UDG	PF03167.24	6.4e-19
Rmai_XP_026816326.1	227	384	UDG	PF03167.24	6.1e-19
Apis_XP_029342444.1	268	425	UDG	PF03167.24	6.4e-19
Apis_XP_029342442.1	269	426	UDG	PF03167.24	6.5e-19
Mrot_XP_012136418.1	314	471	UDG	PF03167.24	5.9e-19
Rmai_XP_026816325.1	268	425	UDG	PF03167.24	6.4e-19
Pnecar_XP_018226828.1	118	289	UDG	PF03167.24	6.5e-19
Sfla_XP_025408900.1	279	436	UDG	PF03167.24	6.4e-19
Gult_PYU1_T011658	153	310	UDG	PF03167.24	4.9e-18
Sinv_XP_039303156.1	265	422	UDG	PF03167.24	6.2e-19
Sfla_XP_025408901.1	227	384	UDG	PF03167.24	5.8e-19
Dnox_XP_015372805.1	277	434	UDG	PF03167.24	6.4e-19
Tadh_XP_002114621.1	109	263	UDG	PF03167.24	4.6e-19
Bter_XP_003393695.1	298	455	UDG	PF03167.24	6.7e-19
Bimp_XP_003490079.1	298	455	UDG	PF03167.24	6.7e-19
Cflo_XP_011269601.1	307	464	UDG	PF03167.24	6.7e-19
Aflo_XP_012340277.1	51	202	UDG	PF03167.24	6.2e-19
Lhum_XP_067209120.1	305	462	UDG	PF03167.24	6.6e-19
Sinv_XP_011172919.2	315	472	UDG	PF03167.24	6.6e-19
Pgri_XP_040651780.1	264	436	UDG	PF03167.24	6.8e-19
Aoch_XP_040749475.1	273	445	UDG	PF03167.24	5.1e-19
Diplco_DCO_016542	137	293	UDG	PF03167.24	5.5e-19
Hirr_XP_009551963.1	26	198	UDG	PF03167.24	4.3e-19
Hsal_XP_025153318.1	253	410	UDG	PF03167.24	6.4e-19
Csp.DSE1049_PVH76364.1	30	203	UDG	PF03167.24	4.3e-19
Pgig_KIP03935.1	38	271	UDG	PF03167.24	2.4e-18
Egra_OXV09892.1	128	303	UDG	PF03167.24	1e-18
Pcha_XP_742629.1	162	310	UDG	PF03167.24	8.2e-19
Razy_RCH91644.1	40	202	UDG	PF03167.24	4.4e-19
Aplcal_XP_012937409.2	192	348	UDG	PF03167.24	7.7e-19
Hsal_XP_025153317.1	305	462	UDG	PF03167.24	6.9e-19
Lnot_SCV05662.1	138	302	UDG	PF03167.24	5.3e-19
Acas_XP_004346503.1	136	294	UDG	PF03167.24	5.7e-19
Ldec_XP_023025455.1	125	239	UDG	PF03167.24	4.9e-19
Ldec_XP_023025456.1	125	239	UDG	PF03167.24	4.9e-19
Hnag_XP_022463041.1	145	319	UDG	PF03167.24	5.4e-19
Ofus_CAH1784768.1	116	260	UDG	PF03167.24	5.6e-19
Dclu_XP_028830576.1	79	237	UDG	PF03167.24	5.9e-19
Sinv_XP_011164864.2	46	194	UDG	PF03167.24	6.6e-19
Sinv_XP_011164865.2	46	194	UDG	PF03167.24	6.6e-19
Sinv_XP_025989617.2	46	194	UDG	PF03167.24	6.6e-19
Sinv_XP_039303274.1	46	194	UDG	PF03167.24	6.6e-19
Locu_XP_069038207.1	133	290	UDG	PF03167.24	5.8e-19
Ptet_XP_001454671.1	97	258	UDG	PF03167.24	5.1e-19
Colglo_XP_045265838.1	130	309	UDG	PF03167.24	3.8e-18
Hfer_GBG30008.1	124	281	UDG	PF03167.24	5.9e-19
Ceur_XP_008711154.1	63	233	UDG	PF03167.24	4.7e-19
Oabi_XP_023290841.1	204	362	UDG	PF03167.24	7.1e-19
Dappul_XP_046643240.1	13	158	UDG	PF03167.24	7.7e-19
Dappul_XP_046643239.1	13	158	UDG	PF03167.24	7.7e-19
Pmeg_OWZ06681.1	138	296	UDG	PF03167.24	6.2e-19
Dappul_XP_046643237.1	13	158	UDG	PF03167.24	7.7e-19
Dappul_XP_046643238.1	13	158	UDG	PF03167.24	7.7e-19
Cjap_CJA36228	4	149	UDG	PF03167.24	4.6e-19
Pvan_XP_069995183.1	462	606	UDG	PF03167.24	7.1e-19
Pjir_XP_018231351.1	108	275	UDG	PF03167.24	6.3e-19
Sinv_XP_025989616.2	63	211	UDG	PF03167.24	7.1e-19
Locu_XP_006640276.2	132	289	UDG	PF03167.24	5.8e-19
Nvit_XP_032452919.1	250	407	UDG	PF03167.24	8.4e-19
Copflo_XP_014212690.1	150	307	UDG	PF03167.24	8.7e-19
Sinv_XP_011164862.2	70	218	UDG	PF03167.24	7.3e-19
Sinv_XP_025989614.2	70	218	UDG	PF03167.24	7.3e-19
Ndai_XP_003668995.1	166	332	UDG	PF03167.24	6.7e-19
Hduj_OQV24728.1	73	229	UDG	PF03167.24	6.3e-19
Hexe_OQV24728.1	73	229	UDG	PF03167.24	6.3e-19
Copflo_XP_014212689.1	150	307	UDG	PF03167.24	8.8e-19
Hhuc_ENSHHUP00000033390.1	129	288	UDG	PF03167.24	5.9e-19
Nvit_XP_008212725.1	321	478	UDG	PF03167.24	9.3e-19
Annjap_XP_033100399.1	217	375	UDG	PF03167.24	8e-19
Annjap_XP_033100398.1	219	377	UDG	PF03167.24	8.1e-19
Nvit_XP_008212722.1	321	478	UDG	PF03167.24	9.3e-19
Chan_KAF4011645.1	112	268	UDG	PF03167.24	6.5e-19
Pigvie_Pvie_g403	174	333	UDG	PF03167.24	6.4e-19
Pgon_XP_028545655.1	179	327	UDG	PF03167.24	7.9e-19
Gthe_XP_005826102.1	117	276	UDG	PF03167.24	6.5e-19
Rirr_XP_025181579.2	111	272	UDG	PF03167.24	1.2e-18
Cowc_XP_004364353.1	114	271	UDG	PF03167.24	6.5e-19
Vmal_ROW07805.1	138	325	UDG	PF03167.24	6.4e-19
Dpac_PAV61666.1	179	335	UDG	PF03167.24	8.2e-19
Pkno_XP_002260842.1	182	330	UDG	PF03167.24	7.9e-19
Rsp.CCFEE5018_OQO16093	172	339	UDG	PF03167.24	1e-18
Bnap_XP_013675236.1	133	287	UDG	PF03167.24	6.9e-19
Obir_XP_026824804.1	307	464	UDG	PF03167.24	9.1e-19
Acar_OOG00521.1	238	410	UDG	PF03167.24	9.6e-19
Dyak_XP_015046838.1	776	895	UDG	PF03167.24	1.4e-18
Cpur_CCE35113.1	116	297	UDG	PF03167.24	7.3e-19
Gwil_XP_028312270.1	131	287	UDG	PF03167.24	7.2e-19
Dtin_RWS11775.1	27	173	UDG	PF03167.24	6.5e-19
Cant_OQO01977.1	156	323	UDG	PF03167.24	1.1e-18
Pcla_XP_069180955.1	336	482	UDG	PF03167.24	1.2e-18
Valf_XP_003002820.1	110	288	UDG	PF03167.24	2e-18
Spom_NP_588515.1	143	308	UDG	PF03167.24	8.3e-19
Hmic_HmN_003004090	118	283	UDG	PF03167.24	7.9e-19
Aros_XP_048511539.1	301	459	UDG	PF03167.24	1.1e-18
Conlus_PSR94501.1	30	218	UDG	PF03167.24	6.5e-19
Ldec_XP_023025454.1	182	296	UDG	PF03167.24	7.8e-19
Diplco_DCO_016541	137	293	UDG	PF03167.24	9e-19
Csub_KAK1964248.1	186	362	UDG	PF03167.24	2.2e-18
Aost_SJL09721.1	115	295	UDG	PF03167.24	7.9e-19
Prho_CED84604	170	364	UDG	PF03167.24	9.9e-19
Scit_KIM69354.1	56	257	UDG	PF03167.24	1.4e-18
Casi_KAL3305120.1	132	314	UDG	PF03167.24	4.5e-18
Mmer_XP_053407280.1	132	287	UDG	PF03167.24	9.1e-19
Tcit_XP_024752196.1	32	205	UDG	PF03167.24	7.2e-19
Smim_KFM57753.1	131	289	UDG	PF03167.24	1e-18
Mlus_KAL0140989.1	44	211	UDG	PF03167.24	8.5e-19
Anam_XP_013424562.1	84	257	UDG	PF03167.24	9.4e-19
Pgal_XP_028528477.1	152	300	UDG	PF03167.24	1.3e-18
Pver_KFH73588.1	147	302	UDG	PF03167.24	1.1e-18
Lmey_SCV03616.1	146	310	UDG	PF03167.24	9.1e-19
Damp_KKY39231.1	35	221	UDG	PF03167.24	7.9e-19
Pvin_XP_008623997.1	164	312	UDG	PF03167.24	1.4e-18
Aste_XP_024705427.1	329	502	UDG	PF03167.24	1e-18
Mmer_XP_045189630.2	149	304	UDG	PF03167.24	1e-18
Pber_XP_034422076.1	162	310	UDG	PF03167.24	1.1e-18
Caraur_XP_026067263.1	80	236	UDG	PF03167.24	1e-18
Caraur_XP_026067264.1	80	236	UDG	PF03167.24	1e-18
Dros_KAK2625698.1	110	282	UDG	PF03167.24	1.4e-18
Rsp.MUCL43196_RGB42076.1	111	272	UDG	PF03167.24	1.2e-18
Mril_OAA46891.1	102	274	UDG	PF03167.24	1.5e-18
Pyoe_XP_724757.1	161	309	UDG	PF03167.24	2.4e-18
Avag_UJR16161.1	458	599	UDG	PF03167.24	1.1e-17
Pmon_XP_037792370.1	175	331	UDG	PF03167.24	1.5e-18
Gsul_XP_005704069.1	184	346	UDG	PF03167.24	1.3e-18
Ncas_XP_003677928.1	134	300	UDG	PF03167.24	1.2e-18
Rsan_XP_037528907.1	188	332	UDG	PF03167.24	2.2e-18
Rsan_XP_037528908.1	188	332	UDG	PF03167.24	2.2e-18
Rsan_XP_049275693.1	188	332	UDG	PF03167.24	2.2e-18
Rall_EPZ33335.1	97	255	UDG	PF03167.24	1.3e-18
Anid_XP_663083.1	186	358	UDG	PF03167.24	1.4e-18
Cfru_XP_031890365.1	132	314	UDG	PF03167.24	5.3e-18
Gros_RIB20118.1	1	164	UDG	PF03167.24	9.9e-19
Rsan_XP_049275690.1	194	338	UDG	PF03167.24	2.2e-18
Rsan_XP_049275691.1	194	338	UDG	PF03167.24	2.2e-18
Dsil_XP_049513214.1	197	341	UDG	PF03167.24	2.6e-18
Cfum_XP_018703828.1	108	278	UDG	PF03167.24	1.2e-18
Tthe_XP_006696180.1	118	306	UDG	PF03167.24	1.1e-18
Pans_XP_001912424.1	108	282	UDG	PF03167.24	1.3e-18
Eaff_XP_023320045.1	147	302	UDG	PF03167.24	1.6e-18
Prel_XP_028535993.1	152	300	UDG	PF03167.24	1.5e-18
Dpte_XP_027199873.1	114	274	UDG	PF03167.24	1.3e-18
Calmil_XP_042193637.1	174	329	UDG	PF03167.24	1.5e-18
Calmil_XP_042193636.1	175	330	UDG	PF03167.24	1.5e-18
Hame_XP_042209147.1	377	522	UDG	PF03167.24	2.3e-18
Gmor_XP_030214035.1	129	288	UDG	PF03167.24	1.3e-18
Dsil_XP_049513215.1	197	341	UDG	PF03167.24	2.6e-18
Epas_OJD16590.1	137	308	UDG	PF03167.24	1.3e-18
Hame_XP_042209145.1	398	543	UDG	PF03167.24	2.3e-18
Ascnig_XP_025471265.1	121	293	UDG	PF03167.24	1.4e-18
Pchi_XP_047494570.1	462	606	UDG	PF03167.24	1.8e-18
Pocchl_XP_018144005.1	95	266	UDG	PF03167.24	2.3e-18
Asccar_PYI11640.1	114	286	UDG	PF03167.24	1.4e-18
Eaus_PSK51758.1	142	309	UDG	PF03167.24	1.6e-18
Btab_XP_018917231.1	338	495	UDG	PF03167.24	1.1e-18
Iper_KAG0444559.1	143	287	UDG	PF03167.24	2.2e-18
Pfla_OQE17759.1	142	314	UDG	PF03167.24	3e-18
Saur_XP_030271978.1	27	187	UDG	PF03167.24	1.2e-18
Eweb_KOS18507.1	39	212	UDG	PF03167.24	1.3e-18
Btab_XP_018917230.1	373	530	UDG	PF03167.24	1.1e-18
Ctel_ELU04167.1	141	296	UDG	PF03167.24	1.8e-18
Rame_RECAM_01430.mRNA.1	198	359	UDG	PF03167.24	1.5e-18
Ppap_XP_055714699.1	220	378	UDG	PF03167.24	1.8e-18
Hlab_XP_017796542.1	303	460	UDG	PF03167.24	2.2e-18
Proq_XP_038928717.1	148	320	UDG	PF03167.24	1.5e-18
Nirr_OLL22371.1	63	223	UDG	PF03167.24	1.5e-18
Rhimic_XP_037271182.1	190	334	UDG	PF03167.24	2.6e-18
Rhimic_XP_037271184.1	190	334	UDG	PF03167.24	2.6e-18
Rhimic_XP_037271185.1	190	334	UDG	PF03167.24	2.6e-18
Sans_XP_016333700.1	90	247	UDG	PF03167.24	1.7e-18
Chem_XP_066925912.1	48	209	UDG	PF03167.24	1.6e-18
Chem_XP_066925913.1	48	209	UDG	PF03167.24	1.6e-18
Capo_XP_007784315.1	131	310	UDG	PF03167.24	3.2e-18
Csp.RAO2017_PHH91496.1	40	214	UDG	PF03167.24	1.5e-18
Ocasau_RDA92904.1	59	231	UDG	PF03167.24	1.5e-18
Clig_OIW25967.1	131	324	UDG	PF03167.24	1.9e-18
Hvul_XP_065648325.1	57	224	UDG	PF03167.24	1.5e-18
Pjap_XP_042863229.1	381	526	UDG	PF03167.24	2.4e-18
Pchi_XP_047486235.1	343	487	UDG	PF03167.24	2.4e-18
Vlon_CRK33978.1	340	518	UDG	PF03167.24	2e-18
Psp.VKMF4519_KFZ15371.1	124	302	UDG	PF03167.24	2.2e-18
Pvan_XP_069998439.1	371	515	UDG	PF03167.24	2.5e-18
Mput_XP_044944749.1	141	301	UDG	PF03167.24	1.7e-18
Pchi_XP_047486232.1	371	515	UDG	PF03167.24	2.5e-18
Tori_XP_009690406.1	108	262	UDG	PF03167.24	2e-18
Sscl_XP_001592751.1	113	289	UDG	PF03167.24	1.8e-18
Zrou_XP_002497006.1	146	313	UDG	PF03167.24	2e-18
Klac_XP_451587.1	145	309	UDG	PF03167.24	2e-18
Lgig_XP_009064984.1	24	183	UDG	PF03167.24	1.5e-18
Bino_XP_018986421.1	76	249	UDG	PF03167.24	1.9e-18
Pfre_KAJ5522499.1	151	323	UDG	PF03167.24	1.4e-17
Pbar_XP_011633723.1	42	190	UDG	PF03167.24	2.3e-18
Portri_XP_045119440.1	328	473	UDG	PF03167.24	2.8e-18
Spar_KLO09206.1	13	183	UDG	PF03167.24	1.7e-18
Ccyl_RDW73102.1	101	274	UDG	PF03167.24	2.2e-18
Portri_XP_045119438.1	336	481	UDG	PF03167.24	2.8e-18
Portri_XP_045119437.1	339	484	UDG	PF03167.24	2.8e-18
Ylip_XP_505007.3	91	250	UDG	PF03167.24	2e-18
Omai_KIM98004.1	1	166	UDG	PF03167.24	1.6e-18
Ndit_KPM38626.1	116	286	UDG	PF03167.24	1.8e-18
Ahom_XP_025546558.1	187	376	UDG	PF03167.24	2.4e-18
Penrub_XP_002564166.2	141	313	UDG	PF03167.24	2.7e-18
Hchr_KFH40675.1	149	322	UDG	PF03167.24	6.1e-18
Ipun_XP_017350497.1	95	247	UDG	PF03167.24	2.2e-18
Bbas_XP_008593629.1	118	292	UDG	PF03167.24	2e-18
Rsto_RCI01952.1	125	285	UDG	PF03167.24	2.2e-18
Vina_RDI86321.1	159	331	UDG	PF03167.24	6.4e-18
Aalp_KFK39214.1	154	308	UDG	PF03167.24	2.3e-18
Ncol_XP_031472549.1	66	218	UDG	PF03167.24	2.1e-18
Dhel_POS77754.1	128	314	UDG	PF03167.24	2.4e-18
Psp.VKMF103_KFY71154.1	137	316	UDG	PF03167.24	5.6e-18
Cfab_ONH66524.1	57	219	UDG	PF03167.24	2e-18
Pcac_KAG2775834.1	140	298	UDG	PF03167.24	2.4e-18
Pvan_XP_027231417.2	173	331	UDG	PF03167.24	3.5e-18
Rsto_RCH98096.1	36	185	UDG	PF03167.24	2.9e-18
Portri_XP_045104451.1	507	652	UDG	PF03167.24	4.3e-18
Rirr_XP_025174753.1	72	247	UDG	PF03167.24	2.3e-18
Gmag_TQS32259.1	103	275	UDG	PF03167.24	2.6e-18
Portri_XP_045104450.1	509	654	UDG	PF03167.24	4.3e-18
Ipun_XP_017350494.1	114	266	UDG	PF03167.24	2.7e-18
Pchi_XP_047491169.1	175	330	UDG	PF03167.24	3.2e-18
Sman_XP_018651621.1	618	780	UDG	PF03167.24	6.9e-18
Espi_XP_016236303.1	133	296	UDG	PF03167.24	3.3e-18
Sman_XP_018652450.1	98	243	UDG	PF03167.24	1.5e-17
Bnaa_VEU21723.1	131	298	UDG	PF03167.24	3e-18
Ofus_CAH1789128.1	99	255	UDG	PF03167.24	2.9e-18
Eamp_KAF2222490.1	38	210	UDG	PF03167.24	2.3e-18
Hame_XP_042227359.1	172	327	UDG	PF03167.24	3.4e-18
Lmir_SCV01405.1	146	310	UDG	PF03167.24	2.8e-18
Pchr_XP_056565239.1	141	313	UDG	PF03167.24	3.7e-18
Bbro_OAA44530.1	116	290	UDG	PF03167.24	2.6e-18
Atan_XP_033429075.1	307	479	UDG	PF03167.24	3.1e-18
Pnat_XP_017576651.1	95	251	UDG	PF03167.24	3.1e-18
Pnat_XP_037389198.1	95	251	UDG	PF03167.24	3.1e-18
Pnat_XP_037389199.1	95	251	UDG	PF03167.24	3.1e-18
Gthe_XP_005837120.1	50	209	UDG	PF03167.24	2.4e-18
Cper_Nk52_evm26s2356	53	210	UDG	PF03167.24	2.6e-18
Zmel_GCE97897.1	146	313	UDG	PF03167.24	3.5e-18
Pcol_XP_031448320.1	125	299	UDG	PF03167.24	3.2e-18
Wcif_XP_011277221.1	155	315	UDG	PF03167.24	3.2e-18
Rsp.MUCL43196_RGB38079.1	72	247	UDG	PF03167.24	2.7e-18
Ajap_XP_025530307.1	226	399	UDG	PF03167.24	3.1e-18
Opar_XP_013936179.1	132	296	UDG	PF03167.24	4.5e-18
Cflo_XP_011250962.1	44	191	UDG	PF03167.24	4e-18
Zbai_CDF89850.1	139	306	UDG	PF03167.24	3.2e-18
Zpar_AQZ12531.1	139	306	UDG	PF03167.24	3.2e-18
Uvir_XP_042995620.1	122	292	UDG	PF03167.24	4.9e-18
Ocin_ODM88151.1	151	308	UDG	PF03167.24	4.2e-18
Pnor_KOS41101.1	154	326	UDG	PF03167.24	3.5e-18
Ccuc_KAI8378674.1	131	291	UDG	PF03167.24	3.2e-18
Bbru_XP_041136833.1	146	310	UDG	PF03167.24	3.6e-18
Pexp_XP_016600909.1	153	325	UDG	PF03167.24	1.2e-17
Cflo_XP_011250961.1	70	217	UDG	PF03167.24	4.5e-18
Pigvie_Pvie_g13915	272	421	UDG	PF03167.24	1.2e-17
Dappul_XP_046642169.1	133	293	UDG	PF03167.24	3.4e-18
Pnat_XP_017576650.1	115	271	UDG	PF03167.24	3.8e-18
Pkir_PHAKIR_09345.mRNA.1	153	308	UDG	PF03167.24	4.7e-18
Mamb_GAN02685.1	43	210	UDG	PF03167.24	3.4e-18
Psp.VKMF4517_KFY82719.1	91	267	UDG	PF03167.24	3.9e-18
Aibe_XP_025578180.1	278	450	UDG	PF03167.24	4.1e-18
Dpul_XP_046450308.1	133	293	UDG	PF03167.24	3.6e-18
Rsp.MUCL43196_RGB32606.1	111	280	UDG	PF03167.24	3.8e-18
Hetame_CAH8586053.1	99	244	UDG	PF03167.24	9.1e-18
Bnov_KAF1971635.1	136	309	UDG	PF03167.24	4e-18
Xhev_XP_018189795.1	189	390	UDG	PF03167.24	4.2e-18
Msp.DMIDodQoI_KAE8448552.1	110	284	UDG	PF03167.24	4.9e-18
Mmer_XP_053377897.1	72	216	UDG	PF03167.24	5.1e-18
Mmer_XP_053377898.1	72	216	UDG	PF03167.24	5.1e-18
Psp.VKMF4515_KFY48156.1	135	311	UDG	PF03167.24	5.7e-18
Epus_XP_007803544.1	127	308	UDG	PF03167.24	3.8e-18
Asp.HF37_RMJ27048.1	172	343	UDG	PF03167.24	4.4e-18
Hsal_XP_019699296.1	65	211	UDG	PF03167.24	4.6e-18
Pspo_XP_018031129.1	43	214	UDG	PF03167.24	3.5e-18
Veff_QDS70738.1	139	311	UDG	PF03167.24	4.4e-18
Pcau_XP_014671992.1	175	318	UDG	PF03167.24	8e-18
Penpol_OQD61027.1	150	322	UDG	PF03167.24	1.2e-17
Tmag_PWW75887.1	126	303	UDG	PF03167.24	4.5e-18
Pnat_XP_037389197.1	109	265	UDG	PF03167.24	4.5e-18
Psp.233421I1_OBT70123.1	127	305	UDG	PF03167.24	5.7e-18
Smic_XP_031027404.1	78	245	UDG	PF03167.24	4.3e-18
Smur_PNS15194.1	126	303	UDG	PF03167.24	4.1e-18
Psp.VKMF4518_KFY85353.1	134	315	UDG	PF03167.24	5e-18
Shae_XP_051066893.1	188	350	UDG	PF03167.24	5.3e-18
Vnas_TLD38603.1	136	308	UDG	PF03167.24	1.2e-17
Nful_ODQ64614.1	152	311	UDG	PF03167.24	4.8e-18
Pmin_XP_007912033.1	132	322	UDG	PF03167.24	6e-18
Phum_XP_002422608.1	118	274	UDG	PF03167.24	4.4e-18
Cshi_TQN74249.1	172	355	UDG	PF03167.24	6.3e-18
Tdel_XP_003678961.1	139	306	UDG	PF03167.24	5.3e-18
Chig_XP_018158648.1	172	355	UDG	PF03167.24	6.5e-18
Tbor_PUU84260.1	45	223	UDG	PF03167.24	4e-18
Psp.WSF3629_OBT43308.1	124	302	UDG	PF03167.24	6e-18
Acri_ODM22556.1	159	331	UDG	PF03167.24	4.5e-18
Ppur_KAA8497737.1	111	272	UDG	PF03167.24	4.5e-18
Kmar_XP_022676434.1	140	303	UDG	PF03167.24	5.4e-18
Pcam_CRL21264.1	151	323	UDG	PF03167.24	9.2e-18
Tcap_PNY24551.1	93	267	UDG	PF03167.24	4.4e-18
Pzon_XP_022583614.1	223	395	UDG	PF03167.24	6.6e-18
Psp.VKMF4520_KFZ16837.1	132	313	UDG	PF03167.24	5.2e-18
Isca_XP_029824608.2	248	392	UDG	PF03167.24	7.5e-18
Psp.05NY08_OBT77258.1	124	304	UDG	PF03167.24	5.4e-18
Ptep_XP_015905050.1	188	330	UDG	PF03167.24	5.4e-18
Ptep_XP_015905051.1	188	330	UDG	PF03167.24	5.4e-18
Ptep_XP_015905052.1	188	330	UDG	PF03167.24	5.4e-18
Ptep_XP_015905053.1	188	330	UDG	PF03167.24	5.4e-18
Phyvex_EPrPV00000017793	156	314	UDG	PF03167.24	6.4e-18
Sdum_XP_035213684.1	187	329	UDG	PF03167.24	5.5e-18
Sdum_XP_035213682.1	188	330	UDG	PF03167.24	5.5e-18
Sdum_XP_035213683.1	188	330	UDG	PF03167.24	5.5e-18
Rmic_XP_023470005.1	2	149	UDG	PF03167.24	3.8e-18
Hvar_PMD40998.1	128	306	UDG	PF03167.24	6.2e-18
Psp.CONT_KZV62720.1	150	324	UDG	PF03167.24	6.5e-18
Sdum_XP_035211784.1	195	353	UDG	PF03167.24	6.5e-18
Wcif_XP_011274063.1	67	230	UDG	PF03167.24	5e-18
Cypcar_XP_042580083.1	80	237	UDG	PF03167.24	4.9e-18
Cypcar_XP_042580084.1	80	237	UDG	PF03167.24	4.9e-18
Gcer_RIA96892.1	66	240	UDG	PF03167.24	4.8e-18
Anan_XP_012317382.2	142	300	UDG	PF03167.24	6.6e-18
Hetame_CAH8586066.1	46	191	UDG	PF03167.24	1.4e-17
Trug_XP_035345672.1	110	282	UDG	PF03167.24	6.5e-18
Pcan_XP_025090754.1	105	261	UDG	PF03167.24	4.9e-18
Pfij_XP_007926123.1	32	201	UDG	PF03167.24	4.5e-18
Hetame_CAH8586083.1	53	198	UDG	PF03167.24	1.4e-17
Csp.2T21_KAB5566977.1	148	337	UDG	PF03167.24	6.1e-18
Dere_XP_001979784.1	86	265	UDG	PF03167.24	5.9e-18
Brap_XP_033148804.1	135	289	UDG	PF03167.24	5.9e-18
Pinf_XP_002997169.1	142	300	UDG	PF03167.24	5.6e-18
Shae_XP_051066016.1	98	243	UDG	PF03167.24	1.7e-17
Lmaj_XP_001682454.1	21	183	UDG	PF03167.24	4.5e-18
Zpar_AQZ16759.1	138	306	UDG	PF03167.24	6.1e-18
Atur_RHZ54113.1	170	345	UDG	PF03167.24	6.5e-18
Fsim_TKA81994.1	120	290	UDG	PF03167.24	5.6e-18
Hves_ORX55002.1	127	287	UDG	PF03167.24	6.1e-18
Pker_KAF4316288.1	506	664	UDG	PF03167.24	9.5e-18
Cput_XP_007775451.1	163	353	UDG	PF03167.24	7.2e-18
Bnap_XP_013708571.2	156	310	UDG	PF03167.24	7e-18
Brap_XP_033148803.1	156	310	UDG	PF03167.24	7e-18
Cjap_CJA17780	104	259	UDG	PF03167.24	5.6e-18
Hetame_CAH8586050.1	99	244	UDG	PF03167.24	1.5e-17
Malb_XP_040677827.1	118	288	UDG	PF03167.24	5.6e-18
Phisub_CZR58749.1	127	305	UDG	PF03167.24	5.9e-18
Lram_CDS09224.1	40	200	UDG	PF03167.24	5e-18
Abes_KAI6210895.1	163	322	UDG	PF03167.24	7.8e-18
Ptra_KAF2853550.1	440	608	UDG	PF03167.24	1.1e-17
Dpon_XP_019753351.2	53	210	UDG	PF03167.24	6.1e-18
Aequ_EGACTEQ4350030815-PA	49	206	UDG	PF03167.24	5.8e-18
Smic_XP_031027630.1	147	308	UDG	PF03167.24	6.3e-18
Afum_XP_001481473.1	171	346	UDG	PF03167.24	7.5e-18
Ehux_XP_005784654.1	40	194	UDG	PF03167.24	5.4e-18
Hhuc_ENSHHUP00000066463.1	75	232	UDG	PF03167.24	5.9e-18
Bjun_cds.BjuA05g26640S	158	312	UDG	PF03167.24	7e-18
Dnov_XP_015435696.1	41	193	UDG	PF03167.24	7.1e-18
Lasthe_XP_035366279.1	127	286	UDG	PF03167.24	7.3e-18
Tpar_POR32766.1	114	288	UDG	PF03167.24	6.7e-18
Plut_XP_002793732.1	116	287	UDG	PF03167.24	8.9e-18
Skud_XP_056084151.1	156	326	UDG	PF03167.24	7.4e-18
Vpol_XP_001645526.1	129	295	UDG	PF03167.24	6.7e-18
Alen_XP_033417402.1	171	346	UDG	PF03167.24	7.1e-18
Mcon_RPB16614.1	129	296	UDG	PF03167.24	6.9e-18
Aspnig_XP_001393110.1	141	317	UDG	PF03167.24	7.5e-18
Tbis_KAF2401703.1	126	303	UDG	PF03167.24	7.1e-18
Dsp.EC12_OTB17299.1	115	297	UDG	PF03167.24	7e-18
Lber_XP_065807097.1	92	253	UDG	PF03167.24	6.7e-18
Pame_KIW73088	164	326	UDG	PF03167.24	9.5e-18
Arub_XP_020044333.1	77	247	UDG	PF03167.24	7.1e-18
Apul_XP_029758707.1	92	264	UDG	PF03167.24	7.4e-18
Slud_XP_045934293.1	141	309	UDG	PF03167.24	8.1e-18
Lber_XP_065807095.1	93	254	UDG	PF03167.24	6.8e-18
Afis_XP_001258472.1	171	346	UDG	PF03167.24	7.9e-18
Rirr_XP_025167993.1	111	272	UDG	PF03167.24	8.5e-18
Vech_XP_031866706.1	120	308	UDG	PF03167.24	8.9e-18
Cmin_TKA81728.1	118	293	UDG	PF03167.24	8.1e-18
Liccor_CDH59568.1	42	202	UDG	PF03167.24	6.2e-18
Egla_KZV82090.1	114	313	UDG	PF03167.24	2.1e-17
Pjap_XP_042876259.1	468	612	UDG	PF03167.24	1.2e-17
Bimp_XP_012250441.1	49	200	UDG	PF03167.24	8.2e-18
Awel_XP_026624497.1	141	317	UDG	PF03167.24	7.9e-18
Pbra_XP_010760384.1	117	288	UDG	PF03167.24	9.3e-18
Hame_XP_042209144.1	398	547	UDG	PF03167.24	1.3e-17
Opol_XP_018210153.1	125	289	UDG	PF03167.24	8.7e-18
Ctof_GKT64607.1	168	351	UDG	PF03167.24	9.4e-18
Pvar_XP_028485492.1	159	337	UDG	PF03167.24	9.1e-18
Ssue_KZT37868.1	111	312	UDG	PF03167.24	8.3e-18
Apho_RDK47529.1	299	475	UDG	PF03167.24	8.8e-18
Pnic_XP_008902215.1	135	293	UDG	PF03167.24	8.1e-18
Cant_OQO11858.1	171	339	UDG	PF03167.24	8.6e-18
Drer_XP_017211754.1	80	237	UDG	PF03167.24	8e-18
Drer_XP_021332186.1	80	237	UDG	PF03167.24	8e-18
Hmia_HMIM009118-PA	117	267	UDG	PF03167.24	1.1e-17
Ares_XP_024718740.1	36	208	UDG	PF03167.24	9e-18
Pory_XP_003718331.1	119	298	UDG	PF03167.24	1.4e-17
Enig_OSS52986.1	173	342	UDG	PF03167.24	1e-17
Hill_XP_037926007.1	838	997	UDG	PF03167.24	2.3e-17
Hill_XP_037926008.1	838	997	UDG	PF03167.24	2.3e-17
Hill_XP_037926009.1	838	997	UDG	PF03167.24	2.3e-17
Ccar_XP_008722467.1	133	295	UDG	PF03167.24	1e-17
Smed_h1SMcT0005407.1	65	220	UDG	PF03167.24	3.5e-17
Cjav_TQV98628.1	149	328	UDG	PF03167.24	9e-18
Otip_Oti_1208_t	119	274	UDG	PF03167.24	8.5e-18
Taru_RFU75330.1	113	284	UDG	PF03167.24	8.4e-18
Scom_XP_019026758.1	91	252	UDG	PF03167.24	1.7e-17
Ctel_ELU08322.1	36	176	UDG	PF03167.24	7.9e-18
Macr_XP_007812567.2	101	271	UDG	PF03167.24	1.3e-17
Mbel_CAJ0936167.1	155	315	UDG	PF03167.24	1e-17
Asub_XP_013345724.1	97	269	UDG	PF03167.24	2.1e-17
Acla_XP_001268386.1	165	337	UDG	PF03167.24	2.4e-17
Mtru_XP_013456534.1	136	290	UDG	PF03167.24	1e-17
Psp.03VT05_OBT89445.1	128	305	UDG	PF03167.24	1.3e-17
Rsp.NJR2017aBBW_PQE20262.1	87	263	UDG	PF03167.24	1.7e-17
Ahet_XP_025394310.1	131	291	UDG	PF03167.24	1.2e-17
Tnub_KAF2768837.1	78	246	UDG	PF03167.24	9.3e-18
Ctan_TKW59523.1	172	355	UDG	PF03167.24	1.2e-17
Thar_XP_024774732.1	77	250	UDG	PF03167.24	1e-17
Csat_XP_010487787.1	165	319	UDG	PF03167.24	1.1e-17
Reme_XP_013326611.1	164	336	UDG	PF03167.24	9.8e-18
Dcor_XP_020132258.1	124	282	UDG	PF03167.24	1.2e-17
Jbah_JAKBA_04689.mRNA.4	169	325	UDG	PF03167.24	8.1e-17
Sniv_KZS97375.1	123	308	UDG	PF03167.24	1.2e-17
Otau_XP_003082316.2	179	332	UDG	PF03167.24	1.7e-17
Eaus_PSK54091.1	132	291	UDG	PF03167.24	1.3e-17
Ssue_KZT37867.1	123	308	UDG	PF03167.24	1.2e-17
Arab_XP_038800463.2	123	288	UDG	PF03167.24	1.3e-17
Pfic_XP_007833736.1	129	311	UDG	PF03167.24	1e-17
Csat_XP_010465974.1	168	322	UDG	PF03167.24	1.1e-17
Csat_XP_019092938.1	168	322	UDG	PF03167.24	1.1e-17
Tetthe_XP_001020944.3	135	298	UDG	PF03167.24	1e-17
Asac_XP_025432902.1	341	516	UDG	PF03167.24	1.8e-17
Bnap_XP_013687366.1	150	304	UDG	PF03167.24	1.2e-17
Cgra_XP_008089474.1	180	364	UDG	PF03167.24	6.1e-17
Bole_XP_013608602.1	150	304	UDG	PF03167.24	1.2e-17
Tglo_XP_037137434.1	140	307	UDG	PF03167.24	1.2e-17
Cute_CSP31.g21856.t1	124	279	UDG	PF03167.24	1e-17
Lhum_XP_012235403.1	58	204	UDG	PF03167.24	1.5e-17
Mbel_CAJ0936564.1	243	403	UDG	PF03167.24	1.2e-17
Hrub_XP_046556776.1	12	152	UDG	PF03167.24	2.4e-17
Rsp.NJR2017aBVV2_PQE22679.1	118	294	UDG	PF03167.24	1.8e-17
Abru_XP_025443713.1	263	445	UDG	PF03167.24	1.4e-17
Pker_KAF4321373.1	51	207	UDG	PF03167.24	1.1e-17
Peum_KXT03766.1	134	295	UDG	PF03167.24	1.5e-17
Jlib_JAKLI_01315.mRNA.1	156	316	UDG	PF03167.24	1.1e-17
Macu_XP_064999860.1	166	320	UDG	PF03167.24	1.7e-17
Cbov_CAB3403554.1	66	221	UDG	PF03167.24	1.2e-17
Lhum_XP_012235402.1	70	216	UDG	PF03167.24	1.5e-17
Bnap_XP_013744087.1	159	313	UDG	PF03167.24	1.3e-17
Bole_XP_013637800.1	159	313	UDG	PF03167.24	1.3e-17
Ltra_XP_021885421.1	154	309	UDG	PF03167.24	1.2e-17
Avio_PYI21433.1	204	400	UDG	PF03167.24	2e-17
Cmin_TKA78618.1	118	293	UDG	PF03167.24	1.4e-17
Eaqu_XP_013255876.1	134	308	UDG	PF03167.24	1.4e-17
Acri_ODM15907.1	128	289	UDG	PF03167.24	1.4e-17
Apsy_KZP34333.1	137	322	UDG	PF03167.24	1.3e-17
Athe_XP_026617989.1	310	485	UDG	PF03167.24	1.4e-17
Wmel_XP_006959593.1	30	216	UDG	PF03167.24	1.2e-17
Mani_KAF5130632.1	98	268	UDG	PF03167.24	2.6e-17
Kpas_ANZ76644.1	159	320	UDG	PF03167.24	1.4e-17
Psever_XP_018126486.1	123	302	UDG	PF03167.24	2.8e-17
Csp.2T21_KAB5584749.1	149	341	UDG	PF03167.24	2e-17
Anov_XP_024683580.1	293	468	UDG	PF03167.24	1.5e-17
Alyr_XP_020887094.1	163	317	UDG	PF03167.24	1.5e-17
Ldel_RWS29419.1	29	173	UDG	PF03167.24	1.2e-17
Esil_CBN78863.1	104	267	UDG	PF03167.24	1.4e-17
Cvir_XP_022301616.1	94	237	UDG	PF03167.24	1.8e-17
Bnat_JGI_V11_38800	49	208	UDG	PF03167.24	1.2e-17
Suglig_XP_018735814.1	111	273	UDG	PF03167.24	1.6e-17
Acal_CEN59293.1	161	333	UDG	PF03167.24	1.3e-17
Gpro_KXS13698.1	155	323	UDG	PF03167.24	1.3e-17
Pcop_XP_056534347.1	153	325	UDG	PF03167.24	2.1e-17
Sniv_KZS97374.1	10	129	UDG	PF03167.24	1.1e-17
Tpha_XP_003685325.1	134	305	UDG	PF03167.24	1.4e-17
Ssp.palustris_TPX64091.1	109	260	UDG	PF03167.24	1.9e-17
Pram_XP_067737969.1	132	291	UDG	PF03167.24	1.6e-17
Pmus_KXS96547.1	134	295	UDG	PF03167.24	1.8e-17
Dsp.KUC8613_KAA1475236.1	137	252	UDG	PF03167.24	1.8e-17
Opic_EPE06681.1	111	299	UDG	PF03167.24	1.5e-17
Fend_KAK0311993.1	429	599	UDG	PF03167.24	1.8e-17
Pcar_XP_007403304.1	55	192	UDG	PF03167.24	3.8e-16
Pdig_EKV07018.1	151	323	UDG	PF03167.24	2.3e-17
Toph_KND91415.1	115	289	UDG	PF03167.24	1.5e-17
Amul_XP_026599919.1	186	357	UDG	PF03167.24	1.9e-17
Echgra_XP_024354694.1	124	288	UDG	PF03167.24	1.7e-17
Mgig_XP_011450941.3	95	237	UDG	PF03167.24	2e-17
Aapi_KZZ90417.1	121	284	UDG	PF03167.24	1.8e-17
Psoj_XP_009532122.1	297	455	UDG	PF03167.24	2.2e-17
Hbla_XP_004180171.1	134	303	UDG	PF03167.24	1.7e-17
Aacu_XP_025508658.1	266	450	UDG	PF03167.24	1.7e-17
Dcon_XP_040654037.1	189	363	UDG	PF03167.24	3.3e-17
Eoli_XP_016265531.1	188	351	UDG	PF03167.24	1.9e-17
Sros_XP_004996952.1	267	424	UDG	PF03167.24	2.7e-17
Bden_XP_006677786.1	107	271	UDG	PF03167.24	1.7e-17
Psam_PSAMB.scaffold484size49626.g6200.t1	76	218	UDG	PF03167.24	3.1e-17
Mrob_XP_007816896.1	98	268	UDG	PF03167.24	3.6e-17
Nins_OAA62758.1	134	328	UDG	PF03167.24	4.3e-17
Psol_XP_065460095.1	151	323	UDG	PF03167.24	3.3e-17
Kimp_XP_021873091.1	173	289	UDG	PF03167.24	3.1e-17
Macu_XP_064955340.1	166	320	UDG	PF03167.24	2.3e-17
Cmic_TEB29089.1	113	299	UDG	PF03167.24	1.7e-17
Psac_PJF19399.1	183	338	UDG	PF03167.24	3.2e-17
Aawa_GCB23038.1	299	475	UDG	PF03167.24	1.9e-17
Falb_XP_009494223.1	214	373	UDG	PF03167.24	2.8e-17
Macu_XP_009392225.2	166	320	UDG	PF03167.24	2.3e-17
Auva_XP_025494461.1	329	526	UDG	PF03167.24	2.3e-17
Mgui_KID89781.1	98	268	UDG	PF03167.24	3.5e-17
Anig_TGZ83103.1	184	366	UDG	PF03167.24	2.1e-17
Tasp_XP_024760275.2	110	283	UDG	PF03167.24	1.8e-17
Twas_XP_025598217.1	149	273	UDG	PF03167.24	1.8e-17
Tgui_OPB44310.1	108	281	UDG	PF03167.24	2.1e-17
Sbor_ESZ91329.1	116	292	UDG	PF03167.24	2.3e-17
Csat_XP_010507046.1	147	300	UDG	PF03167.24	2.2e-17
Rsp.NJR-2017aWRK4_PQE29904.1	128	304	UDG	PF03167.24	3.1e-17
Apip_XP_025513514.1	127	287	UDG	PF03167.24	2.3e-17
Acos_XP_025534222.1	127	287	UDG	PF03167.24	2.4e-17
Avad_XP_025562551.1	127	287	UDG	PF03167.24	2.4e-17
Dmed_VDN50475.1	21	179	UDG	PF03167.24	1.6e-17
Aeuc_XP_025382776.1	127	287	UDG	PF03167.24	2.4e-17
Auda_XP_043144929.1	171	346	UDG	PF03167.24	2.3e-17
Hduj_OWA52854.1	180	336	UDG	PF03167.24	3.2e-17
Hexe_OWA52854.1	180	336	UDG	PF03167.24	3.2e-17
Acep_XP_012059539.1	83	229	UDG	PF03167.24	2.6e-17
Atub_XP_035355949.1	127	287	UDG	PF03167.24	2.4e-17
Aneo_XP_025474217.1	127	287	UDG	PF03167.24	2.4e-17
Aawa_GCB17884.1	127	287	UDG	PF03167.24	2.3e-17
Awel_XP_026623038.1	127	287	UDG	PF03167.24	2.3e-17
Cepi_XP_007731004.1	129	292	UDG	PF03167.24	2.3e-17
Apho_RDK44952.1	127	287	UDG	PF03167.24	2.3e-17
Aspnig_XP_001400608.1	127	287	UDG	PF03167.24	2.3e-17
Aluc_XP_041537958.1	151	311	UDG	PF03167.24	2.7e-17
Kpha_XP_002493350.1	158	320	UDG	PF03167.24	2.5e-17
Zmra_XP_037144539.1	148	315	UDG	PF03167.24	2.6e-17
Cyeg_XP_007753024.1	133	295	UDG	PF03167.24	2.7e-17
Uthi_ENSUTTP00000022577.1	165	319	UDG	PF03167.24	3.7e-17
Aech_XP_011067296.1	82	228	UDG	PF03167.24	2.5e-17
Jarg_KDQ53779.1	52	229	UDG	PF03167.24	2e-17
Gaeg_XP_041350132.1	117	260	UDG	PF03167.24	3.9e-17
Pdec_OQD70288.1	126	300	UDG	PF03167.24	3.1e-17
Kdej_XP_065825793.1	188	372	UDG	PF03167.24	6.2e-17
Parcla_CAB4038630.1	40	195	UDG	PF03167.24	2.1e-17
Cpro_RKP02766.1	75	220	UDG	PF03167.24	2.7e-17
Ttra_XP_013755500.1	173	335	UDG	PF03167.24	2.8e-17
Phys_PGG96381.1	135	307	UDG	PF03167.24	3.2e-17
Aten_XP_031559370.1	58	215	UDG	PF03167.24	2.1e-17
Csul_CSP32.g3426.t1	113	271	UDG	PF03167.24	2.4e-17
Ppat_XP_024394831.1	187	345	UDG	PF03167.24	2.4e-17
Ppat_XP_024394832.1	187	345	UDG	PF03167.24	2.4e-17
Exen_XP_013310144.1	163	326	UDG	PF03167.24	2.5e-17
Hruf_XP_046334619.1	113	253	UDG	PF03167.24	4.1e-17
Hruf_XP_046334620.1	113	253	UDG	PF03167.24	4.1e-17
Nvec_XP_001634622.2	58	216	UDG	PF03167.24	2.1e-17
Tvir_XP_013959499.1	108	281	UDG	PF03167.24	2.3e-17
Ctel_ELU18043.1	58	217	UDG	PF03167.24	1.1e-16
Tgam_XP_018656826.1	112	285	UDG	PF03167.24	3e-17
Afij_XP_040801931.1	192	385	UDG	PF03167.24	2.8e-17
Egos_NP_985183.1	87	251	UDG	PF03167.24	2.5e-17
Ecre_PGH31299.1	154	324	UDG	PF03167.24	2.8e-17
Tripar_OTA04458.1	124	297	UDG	PF03167.24	3e-17
Tcla_OQS07442.1	101	260	UDG	PF03167.24	2.5e-17
Sbou_KOH48790.1	153	323	UDG	PF03167.24	2.9e-17
Scer_NP_013691.1	153	323	UDG	PF03167.24	2.9e-17
Spas_QID81500.1	153	323	UDG	PF03167.24	2.9e-17
Hvar_PMD38263.1	120	291	UDG	PF03167.24	3.7e-17
Aspacu_XP_020054413.1	193	386	UDG	PF03167.24	3.1e-17
Nvit_XP_001603860.2	56	202	UDG	PF03167.24	3.3e-17
Tree_XP_006966786.1	139	312	UDG	PF03167.24	3.2e-17
Tbou_RPB23302.1	17	178	UDG	PF03167.24	2.4e-17
Triatr_XP_013938029.2	117	290	UDG	PF03167.24	3.3e-17
Ppat_XP_024394830.1	233	391	UDG	PF03167.24	3.2e-17
Zbre_KJX98810.1	102	270	UDG	PF03167.24	4e-17
Pari_XP_022485573.1	108	282	UDG	PF03167.24	2.9e-17
Damp_KKY37470.1	136	296	UDG	PF03167.24	2.9e-16
Tmar_XP_054117799.1	133	303	UDG	PF03167.24	3.9e-17
Ahal_CAL9221370.1	164	318	UDG	PF03167.24	3.4e-17
Esal_XP_006406583.1	164	318	UDG	PF03167.24	3.4e-17
Mmaj_KIE01250.1	101	268	UDG	PF03167.24	6.6e-17
Tper_XP_033681537.1	117	297	UDG	PF03167.24	3e-17
Thecal_VDN05413.1	61	219	UDG	PF03167.24	3e-17
Anov_XP_024687142.1	130	290	UDG	PF03167.24	4.1e-17
Esid_KIV80833.1	162	324	UDG	PF03167.24	3.9e-17
Mcir_EPB83689.1	43	201	UDG	PF03167.24	2.7e-17
Pcla_XP_069174457.1	490	635	UDG	PF03167.24	5.9e-17
Alen_XP_033419441.1	132	290	UDG	PF03167.24	4.2e-17
Abra_XP_067482665.1	127	287	UDG	PF03167.24	4e-17
Cban_XP_016617161.1	134	296	UDG	PF03167.24	7.8e-17
Pcla_XP_045584099.1	490	635	UDG	PF03167.24	6.1e-17
Pita_KGO69284.1	167	340	UDG	PF03167.24	3.9e-17
Asprub_XP_040637529.1	180	340	UDG	PF03167.24	4.1e-17
Wsor_XP_024665641.1	109	269	UDG	PF03167.24	3.8e-17
Lmyt_KAF2494323.1	83	257	UDG	PF03167.24	3.7e-17
Fped_XP_013288865.1	111	286	UDG	PF03167.24	5.9e-17
Cbec_CSP29.g22465.t1	115	270	UDG	PF03167.24	4.5e-17
Pfij_XP_007931208.1	134	294	UDG	PF03167.24	4.3e-17
Caeang_CAI5445871.1	110	265	UDG	PF03167.24	3.5e-17
Pdes_XP_024323727.1	118	294	UDG	PF03167.24	4.8e-17
Afum_XP_749743.1	132	290	UDG	PF03167.24	4.2e-17
Suglig_XP_018734425.1	81	238	UDG	PF03167.24	3.5e-17
Ocasau_RDA93526.1	158	318	UDG	PF03167.24	4.4e-17
Aoff_XP_020250096.1	150	304	UDG	PF03167.24	3.9e-17
Mpus_XP_003060910.1	151	308	UDG	PF03167.24	3.6e-17
Emul_CDS40948.1	124	289	UDG	PF03167.24	3.8e-17
Zcel_XP_033670439.1	135	293	UDG	PF03167.24	4.6e-17
Phachr_AGR57_12559T0-p1	128	240	UDG	PF03167.24	3.9e-17
Ater_XP_001214786.1	129	287	UDG	PF03167.24	4.9e-17
Cimm_XP_016251377.1	137	312	UDG	PF03167.24	7.1e-17
Mbre_XP_001750874.1	242	397	UDG	PF03167.24	4.4e-17
Atha_NP_188493.1	164	318	UDG	PF03167.24	4.2e-17
Athe_XP_026612538.1	130	290	UDG	PF03167.24	4.4e-17
Cscu_XP_023232427.1	145	285	UDG	PF03167.24	4.9e-17
Cscu_XP_023232428.1	145	285	UDG	PF03167.24	4.9e-17
Mhyb_KID60432.1	103	273	UDG	PF03167.24	3.7e-17
Auda_XP_043142167.1	132	290	UDG	PF03167.24	4.2e-17
Gmar_KAF0358892.1	35	195	UDG	PF03167.24	3.3e-17
Rmac_XP_013273262.1	134	296	UDG	PF03167.24	4.4e-17
Aind_PYI29262.1	250	448	UDG	PF03167.24	4.3e-17
Mror_KAI3614290.1	115	230	UDG	PF03167.24	3.6e-17
Pkir_PHAKIR_07060.mRNA.1	59	222	UDG	PF03167.24	3.7e-17
Cpsa_XP_007745310.1	134	296	UDG	PF03167.24	9.4e-17
Pari_XP_022491150.1	267	441	UDG	PF03167.24	4.2e-17
Mbru_XP_014544488.1	98	268	UDG	PF03167.24	8.4e-17
Aplcal_XP_005111670.1	132	272	UDG	PF03167.24	7e-17
Aplcal_XP_012945404.1	132	272	UDG	PF03167.24	7e-17
Pcar_XP_007403256.1	19	156	UDG	PF03167.24	1.2e-15
Pnal_CAG8882783.1	128	289	UDG	PF03167.24	5.3e-17
Dgau_KAF1831604.1	118	295	UDG	PF03167.24	4.3e-17
Sbru_KAA8899169.1	105	265	UDG	PF03167.24	4.4e-17
Uhor_XP_041414355.1	160	290	UDG	PF03167.24	5.5e-17
Ocaleo_RDA89162.1	124	284	UDG	PF03167.24	5.9e-17
Dwil_XP_002069650.1	88	266	UDG	PF03167.24	7.9e-17
Ainv_XP_008881019.1	109	268	UDG	PF03167.24	4.1e-17
Jbah_JAKBA_04689.mRNA.2	145	301	UDG	PF03167.24	6.8e-17
Hsp.CO275_OTA92526.1	113	290	UDG	PF03167.24	5.4e-17
Mfru_KAA8575444.1	129	305	UDG	PF03167.24	4.7e-17
Ylip_XP_502392.3	101	259	UDG	PF03167.24	7.9e-17
Abra_XP_067480533.1	154	334	UDG	PF03167.24	5.1e-17
Caepar_CSP21.g2176.t1	115	270	UDG	PF03167.24	6.3e-17
Pocchl_XP_018143953.1	125	285	UDG	PF03167.24	6.1e-17
Hcap_XP_045289721.1	144	315	UDG	PF03167.24	4.8e-17
Psp.ES5_ES5_v2.g12071.t1	74	219	UDG	PF03167.24	5e-17
Pocc_PCG99909.1	140	310	UDG	PF03167.24	5.6e-17
Pvul_XP_057113705.1	156	328	UDG	PF03167.24	5.1e-17
Pita_KGO73386.1	270	441	UDG	PF03167.24	1.5e-16
Lrhi_KAF2459270.1	197	355	UDG	PF03167.24	5.4e-17
Csav_ENSCSAVP00000004273.1	63	214	UDG	PF03167.24	4.4e-17
Fmon_XP_022512719.1	145	320	UDG	PF03167.24	7.8e-17
Rvar_GAU91182.1	99	249	UDG	PF03167.24	5.1e-17
Phir_KAI8922158.1	172	338	UDG	PF03167.24	5.2e-17
Smed_h1SMcT0010197.2	14	160	UDG	PF03167.24	7.8e-17
Seub_XP_018220045.1	150	320	UDG	PF03167.24	5e-17
Smed_h1SMcT0010197.1	17	163	UDG	PF03167.24	7.9e-17
Cfio_XP_053049096.1	159	347	UDG	PF03167.24	1.1e-16
Lcha_XP_006004189.3	128	285	UDG	PF03167.24	4.8e-16
Psp.JU765_JU765_v2.g10109.t1	90	230	UDG	PF03167.24	5e-17
Dhel_POS76371.1	133	293	UDG	PF03167.24	4.4e-16
Ssp.JA1_RLV94880.1	147	317	UDG	PF03167.24	6.1e-17
Cscu_XP_023232426.1	246	385	UDG	PF03167.24	7e-17
Msco_XP_018078495.1	37	204	UDG	PF03167.24	5.1e-17
Mlax_KAB8305020.1	112	288	UDG	PF03167.24	6.7e-17
Acla_XP_001275216.1	130	290	UDG	PF03167.24	7.5e-17
Hwer_RMX88827.1	150	312	UDG	PF03167.24	6.2e-17
Phal_XP_024573316.1	137	294	UDG	PF03167.24	5.3e-17
Pmic_KAI6021746.1	107	308	UDG	PF03167.24	6.6e-17
Cvel_Cvel_1542.t1-p1	192	347	UDG	PF03167.24	5.8e-17
Dsep_EME40312.1	135	294	UDG	PF03167.24	6.3e-17
Jbah_JAKBA_04689.mRNA.1	166	322	UDG	PF03167.24	7.9e-17
Gros_RIB03559.1	115	275	UDG	PF03167.24	7.7e-17
Them_CEJ91536.1	75	245	UDG	PF03167.24	5.1e-17
Naci_XP_033590081.1	32	199	UDG	PF03167.24	4.5e-17
Gaeg_XP_041365795.1	37	196	UDG	PF03167.24	4.6e-17
Gaeg_XP_041365796.1	37	196	UDG	PF03167.24	4.6e-17
Jbah_JAKBA_04689.mRNA.3	169	325	UDG	PF03167.24	8.1e-17
Aver_XP_040668383.1	157	328	UDG	PF03167.24	5.7e-17
Asol_PBK75734.1	115	235	UDG	PF03167.24	5.7e-17
Afis_XP_001260239.1	132	290	UDG	PF03167.24	6.5e-17
Cjav_TQV98577.1	131	289	UDG	PF03167.24	6.1e-17
Poxa_XP_049974529.1	171	345	UDG	PF03167.24	5.9e-17
Atur_RHZ71175.1	132	290	UDG	PF03167.24	6.6e-17
Sbor_ESZ96967.1	133	291	UDG	PF03167.24	6.6e-17
Hsub_KJA13999.1	1	156	UDG	PF03167.24	5.2e-17
Mcan_XP_002847665.1	112	292	UDG	PF03167.24	6.2e-17
Tcur_XP_030990996.1	133	293	UDG	PF03167.24	6.5e-17
Skow_XP_002742155.1	120	270	UDG	PF03167.24	7.3e-17
Abic_KAI6191122.1	146	303	UDG	PF03167.24	8.6e-17
Dsim_XP_016034306.1	83	263	UDG	PF03167.24	6.6e-17
Aber_KAE8375794.1	122	285	UDG	PF03167.24	6.5e-17
Phisub_CZR55205.1	116	290	UDG	PF03167.24	8.3e-17
Ophpol_RCI13123.1	175	335	UDG	PF03167.24	6.8e-17
Pfla_OQE27196.1	128	289	UDG	PF03167.24	7.8e-17
Ooli_XP_011117415.1	109	280	UDG	PF03167.24	5.5e-17
Turt_XP_015782346.1	37	178	UDG	PF03167.24	6.2e-17
Ssch_XP_016582525.1	128	335	UDG	PF03167.24	9.5e-17
Ssp.palustris_TPX71877.1	149	310	UDG	PF03167.24	6.5e-17
Ptan_ODV96743.1	181	355	UDG	PF03167.24	7.1e-17
Penbra_CEO59783.1	155	329	UDG	PF03167.24	6.7e-17
Cnym_KXH38235.1	158	344	UDG	PF03167.24	8e-17
Plil_XP_018175933.2	130	300	UDG	PF03167.24	6.3e-17
Psp.PS1159_PS1159_v2.g18647.t1	102	251	UDG	PF03167.24	9.2e-17
Sbra_XP_040617488.1	128	337	UDG	PF03167.24	1e-16
Eder_XP_009158723.1	163	325	UDG	PF03167.24	7.2e-17
Apru_XP_033395614.1	187	366	UDG	PF03167.24	7.8e-17
Giwa_EPrPW00000020447	81	238	UDG	PF03167.24	6.8e-17
Penrub_XP_002568159.1	126	287	UDG	PF03167.24	8.5e-17
Hwer_RMX85822.1	185	347	UDG	PF03167.24	7.9e-17
Ptin_KAI6158136.1	113	286	UDG	PF03167.24	9.3e-17
Corc_XP_022470671.1	160	340	UDG	PF03167.24	7e-17
Ecym_XP_003645986.1	148	312	UDG	PF03167.24	6.8e-17
Cele_NP_001255148.1	70	225	UDG	PF03167.24	6e-17
Pchr_XP_056571409.1	126	287	UDG	PF03167.24	8.5e-17
Fsim_TKA53797.1	133	291	UDG	PF03167.24	8.1e-17
Gfro_OBZ71815.1	137	257	UDG	PF03167.24	8.4e-17
Cotglo_XP_044595306.1	46	196	UDG	PF03167.24	7.3e-17
Tmes_XP_007008036.1	110	234	UDG	PF03167.24	1.2e-16
Bpar_PGH04702.1	146	316	UDG	PF03167.24	7.7e-17
Bpan_XP_007673707.1	86	254	UDG	PF03167.24	9e-17
Cmer_XP_005536438.1	165	337	UDG	PF03167.24	1.2e-16
Fsim_TKA68701.1	137	295	UDG	PF03167.24	8.4e-17
Apru_XP_033400127.1	128	286	UDG	PF03167.24	9e-17
Cpan_CSP28.g12949.t1	117	272	UDG	PF03167.24	1.2e-16
Panhal_XP_025825557.1	137	291	UDG	PF03167.24	7.9e-17
Hrub_XP_046573271.1	106	266	UDG	PF03167.24	7.8e-17
Csim_KXH48333.1	156	344	UDG	PF03167.24	8.4e-17
Alai_CCA17285	114	271	UDG	PF03167.24	1.3e-16
Tmel_XP_002837734.1	157	325	UDG	PF03167.24	7.5e-17
Cfas_XP_004354976.1	210	364	UDG	PF03167.24	9.1e-17
Gaeg_XP_041365794.1	71	230	UDG	PF03167.24	7.4e-17
Bper_OJD24656.1	144	315	UDG	PF03167.24	8.7e-17
Fmul_XP_016635745.1	130	292	UDG	PF03167.24	1e-16
Zbre_KJX95216.1	134	292	UDG	PF03167.24	9.6e-17
Ztri_XP_003848696.1	134	292	UDG	PF03167.24	9.6e-17
Psam_PSAMB.scaffold12017size2997.g34580.t1	112	269	UDG	PF03167.24	9.6e-17
Ztri_XP_003852796.1	33	200	UDG	PF03167.24	7.1e-17
Phylat_fgenesh_scip_prom.28083.6198	1011	1170	UDG	PF03167.24	1.3e-16
Dmag_XP_032791021.2	138	296	UDG	PF03167.24	7.9e-17
Ccas_PSN62887.1	117	275	UDG	PF03167.24	8.4e-17
Lbru_RDX41655.1	130	245	UDG	PF03167.24	8.3e-17
Peum_KXT03037.1	85	249	UDG	PF03167.24	8.3e-17
Gmar_KAF0358891.1	169	329	UDG	PF03167.24	1.2e-16
Glopld_GPAI009500-PA	35	182	UDG	PF03167.24	2.7e-16
Cfas_XP_004360582.1	64	225	UDG	PF03167.24	8.1e-17
Etur_XP_008020430.1	106	287	UDG	PF03167.24	8.2e-17
Tnub_KAF2764293.1	135	293	UDG	PF03167.24	1e-16
Gcla_XP_014172931.1	78	274	UDG	PF03167.24	7.6e-17
Asccar_PYI01057.1	129	289	UDG	PF03167.24	9.7e-17
Aibe_XP_025579371.1	129	289	UDG	PF03167.24	9.4e-17
Dgyr_CAD5116381.1	672	830	UDG	PF03167.24	9.4e-17
Patmin_XP_038062264.1	192	338	UDG	PF03167.24	1.1e-16
Cofcan_CDP05412.1	171	325	UDG	PF03167.24	1.4e-16
Patmin_XP_038062262.1	194	340	UDG	PF03167.24	1.1e-16
Patmin_XP_038062263.1	194	340	UDG	PF03167.24	1.1e-16
Shir_XP_007308849.1	106	261	UDG	PF03167.24	1.4e-16
Asyd_XP_040701622.1	129	292	UDG	PF03167.24	1e-16
Caequi_CSP38.g14989.t1	110	265	UDG	PF03167.24	8.7e-17
Sscl_XP_001593347.1	161	320	UDG	PF03167.24	9.4e-17
Dpon_XP_048523227.1	467	624	UDG	PF03167.24	1.7e-16
Rvar_GAU97779.1	219	377	UDG	PF03167.24	9.6e-17
Phachr_AGR57_10146T0-p1	4	191	UDG	PF03167.24	7.8e-17
Lsp.SymCcos_KXN87023.1	105	271	UDG	PF03167.24	8.8e-17
Dque_KZT66634.1	149	320	UDG	PF03167.24	9.6e-17
Dper_XP_002012901.1	86	261	UDG	PF03167.24	1.1e-16
Pent_GMS89933.1	136	291	UDG	PF03167.24	1.2e-16
Acar_OOF90763.1	130	290	UDG	PF03167.24	1.1e-16
Gaeg_XP_041365793.1	73	232	UDG	PF03167.24	7.6e-17
Stha_TKA33243.1	133	296	UDG	PF03167.24	9e-17
Awen_XP_040689402.1	127	288	UDG	PF03167.24	9.8e-17
Gmag_TQS33539.1	125	283	UDG	PF03167.24	1.1e-16
Fnub_XP_022504054.1	138	313	UDG	PF03167.24	1.4e-16
Aamp_XP_043210277.1	130	275	UDG	PF03167.24	1.5e-16
Epus_XP_007804873.1	141	303	UDG	PF03167.24	9.8e-17
Phatri_XP_002180239.1	55	215	UDG	PF03167.24	7.8e-17
Smed_h1SMcT0003074.1	11	163	UDG	PF03167.24	7.3e-17
Mcya_ENSMCSP00000014777.1	104	262	UDG	PF03167.24	9.3e-17
Worn_XP_033654520.1	110	288	UDG	PF03167.24	1e-16
Bdis_XP_003580805.1	144	298	UDG	PF03167.24	9.8e-17
Alec_OAA81622.1	122	296	UDG	PF03167.24	1.3e-16
Proq_XP_038926717.1	123	283	UDG	PF03167.24	1.1e-16
Avag_UJR30335.1	200	339	UDG	PF03167.24	1.5e-16
Fcul_QPC66641.1	123	283	UDG	PF03167.24	1.1e-16
Frad_XP_012177335.1	160	310	UDG	PF03167.24	1.2e-16
Fgra_XP_011316646.1	125	285	UDG	PF03167.24	1.1e-16
Gaeg_XP_041365791.1	81	240	UDG	PF03167.24	8.4e-17
Aamp_XP_043210276.1	153	298	UDG	PF03167.24	1.6e-16
Ahet_XP_025401034.1	256	431	UDG	PF03167.24	1e-16
Stub_XP_006350363.1	154	308	UDG	PF03167.24	1.1e-16
Stub_XP_006350364.1	154	308	UDG	PF03167.24	1.1e-16
Blan_XP_066299831.1	139	297	UDG	PF03167.24	9.5e-17
Pcau_XP_014674769.1	71	229	UDG	PF03167.24	1.2e-16
Tcac_XP_017970080.1	152	306	UDG	PF03167.24	1.1e-16
Aast_XP_009823085.1	107	264	UDG	PF03167.24	1e-16
Soct_XP_013018426.1	156	323	UDG	PF03167.24	1.1e-16
Fpse_XP_009262157.1	125	285	UDG	PF03167.24	1.1e-16
Aell_PYH90544.1	128	288	UDG	PF03167.24	1.2e-16
Vvir_KAF2232970.1	124	292	UDG	PF03167.24	1.1e-16
Fspo_RGP68465.1	125	285	UDG	PF03167.24	1.2e-16
Flan_KPA45814.1	125	285	UDG	PF03167.24	1.2e-16
Rhimic_XP_037271186.1	190	306	UDG	PF03167.24	1.2e-16
Dsec_XP_002041115.1	86	262	UDG	PF03167.24	1.1e-16
Ascnig_XP_025462378.1	638	798	UDG	PF03167.24	6.6e-16
Slyc_RAR07324.1	122	281	UDG	PF03167.24	1.1e-16
Cele_NP_499560.1	114	269	UDG	PF03167.24	9.9e-17
Ctor_KIY66052.1	52	211	UDG	PF03167.24	9.7e-17
Mpol_BFI26403.1	195	354	UDG	PF03167.24	1e-16
Lper_XP_051220102.1	143	297	UDG	PF03167.24	1.4e-16
Mpac_XP_017992853.1	42	233	UDG	PF03167.24	1e-16
Pcar_XP_007397777.1	140	278	UDG	PF03167.24	2.5e-15
Gloaus_GAUT009248-PA	90	236	UDG	PF03167.24	3.3e-16
Enec_KAI6251423.1	135	307	UDG	PF03167.24	1e-16
Astrub_XP_033647926.1	182	324	UDG	PF03167.24	1.7e-16
Fven_XP_025588348.1	125	285	UDG	PF03167.24	1.2e-16
Hvul_XP_065673188.1	59	215	UDG	PF03167.24	9.9e-17
Ahyp_OQR91428.1	105	264	UDG	PF03167.24	1e-16
Pcam_CRL29536.1	126	287	UDG	PF03167.24	1.3e-16
Psol_XP_040811407.2	127	288	UDG	PF03167.24	1.3e-16
Clux_KIK64039.1	123	236	UDG	PF03167.24	3.5e-16
Dexi_XP_033445029.1	112	281	UDG	PF03167.24	1.6e-16
Aarb_XP_028507227.1	115	295	UDG	PF03167.24	2.2e-16
Fpoa_XP_044711493.1	129	289	UDG	PF03167.24	1.2e-16
Pdig_EKV11912.1	128	289	UDG	PF03167.24	1.6e-16
Pcop_XP_056536916.1	125	288	UDG	PF03167.24	1.2e-16
Aspgla_XP_022399400.1	169	340	UDG	PF03167.24	1.2e-16
Hara_HpaP806976	136	293	UDG	PF03167.24	1.1e-16
Apip_XP_025513720.1	141	313	UDG	PF03167.24	1.1e-16
Capcor_XP_007719797.1	131	293	UDG	PF03167.24	1.2e-16
Aluc_XP_041545203.1	143	315	UDG	PF03167.24	1.1e-16
Ipotri_XP_031113714.1	166	321	UDG	PF03167.24	2e-16
Hwer_RMX75725.1	132	304	UDG	PF03167.24	1.2e-16
Eele_XP_026875850.2	97	252	UDG	PF03167.24	1.3e-16
Aneo_XP_025480546.1	147	323	UDG	PF03167.24	1.1e-16
Lque_CUS23457.1	161	325	UDG	PF03167.24	1.2e-16
Czei_PKS02207.1	135	294	UDG	PF03167.24	1.6e-16
Aave_KAE8147491.1	232	404	UDG	PF03167.24	1.4e-16
Edis_XP_001736660.1	91	249	UDG	PF03167.24	1.1e-16
Parc_TFK85263.1	3	116	UDG	PF03167.24	1.1e-16
Asub_XP_013339633.1	136	295	UDG	PF03167.24	1.5e-16
Cepi_XP_007731457.1	152	325	UDG	PF03167.24	1.2e-16
Ngla_XP_446669.1	150	315	UDG	PF03167.24	1.3e-16
Phir_KAI8903932.1	64	230	UDG	PF03167.24	1.1e-16
Cpsa_XP_007749171.1	65	240	UDG	PF03167.24	1.1e-16
Tbor_PUU77077.1	50	209	UDG	PF03167.24	1.3e-16
Conlus_PSR80394.1	134	292	UDG	PF03167.24	1.5e-16
Hame_XP_042219652.1	502	643	UDG	PF03167.24	5.3e-16
Tisl_CRG90870.1	116	287	UDG	PF03167.24	1.6e-16
Spod_RSH85182.1	206	376	UDG	PF03167.24	5.8e-16
Epul_POS87000.1	134	308	UDG	PF03167.24	2.5e-16
Coka_Cok_S_s160_12796.t1	105	266	UDG	PF03167.24	1.2e-16
Bmin_symbB.v1.2.031173.t1|scaffold3589.1|size53553|2	944	1095	UDG	PF03167.24	1.8e-16
Mpol_BFI26402.1	246	405	UDG	PF03167.24	1.4e-16
Pigchi_Pchi_g1257	206	365	UDG	PF03167.24	1.7e-16
Dyak_XP_002097999.1	86	263	UDG	PF03167.24	1.4e-16
Aeuc_XP_025384174.1	141	317	UDG	PF03167.24	1.3e-16
Hmin_KJZ71529.1	196	369	UDG	PF03167.24	1.4e-16
Ptex_XP_026582445.1	101	260	UDG	PF03167.24	1.3e-16
Nscu_XP_026550790.1	101	260	UDG	PF03167.24	1.3e-16
Tpun_KKA26194.1	135	298	UDG	PF03167.24	1.8e-16
Asat_cds.AVESA.00001b.r3.6Ag0003257.2	139	293	UDG	PF03167.24	1.5e-16
Tpra_XP_045825475.1	137	291	UDG	PF03167.24	1.6e-16
Tlac_KYQ90077.1	190	348	UDG	PF03167.24	1.9e-16
Jfla_RUO96743.1	188	346	UDG	PF03167.24	1.6e-16
Ubro_SAM84153.1	160	281	UDG	PF03167.24	2e-16
Bsil_KLJ06098.1	148	318	UDG	PF03167.24	1.6e-16
Cbre_CAL2036715.1	124	279	UDG	PF03167.24	1.5e-16
Tcoc_OSD02592.1	116	236	UDG	PF03167.24	1.7e-16
Aell_PYH89670.1	109	225	UDG	PF03167.24	1.7e-16
Macr_XP_007813742.1	124	284	UDG	PF03167.24	1.7e-16
Send_TPX50455.1	407	568	UDG	PF03167.24	1.8e-16
Atub_XP_035359337.1	142	314	UDG	PF03167.24	1.5e-16
Stha_TKA32101.1	139	297	UDG	PF03167.24	1.5e-16
Asyd_XP_040703467.1	157	328	UDG	PF03167.24	1.4e-16
Macpha_EKG16912.1	127	285	UDG	PF03167.24	1.8e-16
Malb_XP_040677867.1	126	284	UDG	PF03167.24	2e-16
Ldon_XP_003860062.1	215	376	UDG	PF03167.24	1.5e-16
Linf_XP_001464864.1	215	376	UDG	PF03167.24	1.5e-16
Ehux_XP_005788503.1	102	258	UDG	PF03167.24	1.7e-16
Bder_XP_045278055.1	137	307	UDG	PF03167.24	1.7e-16
Egla_KZV99099.1	73	230	UDG	PF03167.24	1.4e-16
Bcal_TEY79490.1	228	404	UDG	PF03167.24	2.2e-16
Psom_XP_026438700.1	172	326	UDG	PF03167.24	1.5e-16
Cchr_ROV93352.1	140	300	UDG	PF03167.24	2e-16
Lrhi_KAF2458322.1	39	221	UDG	PF03167.24	1.5e-16
Pnor_KOS42882.1	126	287	UDG	PF03167.24	1.8e-16
Hrob_XP_009020508.1	22	164	UDG	PF03167.24	1.3e-16
Ptex_XP_026582436.1	127	286	UDG	PF03167.24	1.5e-16
Nscu_XP_026550789.1	127	286	UDG	PF03167.24	1.5e-16
Dmel_NP_650609.1	86	263	UDG	PF03167.24	1.7e-16
Dste_EWC48559.1	117	285	UDG	PF03167.24	1.5e-16
Triver_XP_003019023.1	126	305	UDG	PF03167.24	2e-16
Bgil_XP_002624464.2	152	322	UDG	PF03167.24	1.9e-16
Cven_RPA93752.1	134	311	UDG	PF03167.24	1.8e-16
Ptex_XP_026582428.1	132	291	UDG	PF03167.24	1.6e-16
Psat_XP_050900944.1	141	296	UDG	PF03167.24	5.6e-16
Nscu_XP_026550787.1	132	291	UDG	PF03167.24	1.6e-16
Pnat_XP_017545855.1	103	252	UDG	PF03167.24	1.6e-16
Vkom_XP_044297176.1	94	253	UDG	PF03167.24	1.8e-16
Vkom_XP_044297177.1	94	253	UDG	PF03167.24	1.8e-16
Vkom_XP_044297178.1	94	253	UDG	PF03167.24	1.8e-16
Cpul_RKU48388.1	149	308	UDG	PF03167.24	1.9e-16
Asp.richmondensis_KXL50450.1	39	202	UDG	PF03167.24	1.4e-16
Ecur_TVU16544.1	141	295	UDG	PF03167.24	2e-16
Pcas_ENSPCEP00000009535.1	123	282	UDG	PF03167.24	1.7e-16
Tatr_XP_020121107.1	276	450	UDG	PF03167.24	1.8e-16
Ocaruf_PHH68104.1	121	281	UDG	PF03167.24	1.8e-16
Tame_XP_040730998.1	415	585	UDG	PF03167.24	2.2e-16
Bcon_TGO56463.1	228	404	UDG	PF03167.24	2.1e-16
Scar_TKR64141.1	136	292	UDG	PF03167.24	2.8e-16
Llei_ENSLLEP00000012772.1	164	312	UDG	PF03167.24	2.2e-16
Rsp.NJR2017aBVV2_PQE22651.1	140	299	UDG	PF03167.24	2.1e-16
Podmur_XP_028603521.1	94	253	UDG	PF03167.24	1.8e-16
Podmur_XP_028603522.1	94	253	UDG	PF03167.24	1.8e-16
Tben_XP_003014247.1	126	305	UDG	PF03167.24	2.1e-16
Mmic_KAF2668259.1	125	250	UDG	PF03167.24	1.7e-16
Cbri_XP_002648236.2	126	281	UDG	PF03167.24	3.4e-16
Ahed_KAF1985594.1	107	277	UDG	PF03167.24	1.8e-16
Lsta_ODQ69335.1	155	312	UDG	PF03167.24	3.2e-16
Altten_RYO62955.1	116	296	UDG	PF03167.24	2.4e-16
Obra_XP_006653866.2	139	293	UDG	PF03167.24	1.9e-16
Uvir_XP_042999159.1	131	289	UDG	PF03167.24	2.2e-16
Ahom_XP_025546717.1	129	289	UDG	PF03167.24	2e-16
Lmyt_KAF2500842.1	121	279	UDG	PF03167.24	2e-16
Mrot_XP_012147705.1	50	201	UDG	PF03167.24	4.5e-16
Rmac_XP_013274455.1	96	269	UDG	PF03167.24	1.6e-16
Vkom_XP_044297175.1	119	278	UDG	PF03167.24	1.9e-16
Tigcal_XP_059091835.1	332	476	UDG	PF03167.24	2.2e-16
Cpic_XP_065421211.1	97	256	UDG	PF03167.24	1.8e-16
Cpic_XP_065421214.1	97	256	UDG	PF03167.24	1.8e-16
Cpic_XP_065421218.1	97	256	UDG	PF03167.24	1.8e-16
Cpic_XP_065421220.1	97	256	UDG	PF03167.24	1.8e-16
Cpic_XP_065421225.1	97	256	UDG	PF03167.24	1.8e-16
Cpic_XP_065421228.1	97	256	UDG	PF03167.24	1.8e-16
Cpic_XP_065421235.1	97	256	UDG	PF03167.24	1.8e-16
Cpic_XP_065421241.1	97	256	UDG	PF03167.24	1.8e-16
Pfre_KAJ5528661.1	128	289	UDG	PF03167.24	2.2e-16
Dgig_XP_028408045.1	57	203	UDG	PF03167.24	1.8e-16
Pant_XP_058322372.1	132	290	UDG	PF03167.24	2.1e-16
Ltig_XP_067533147.1	3	111	UDG	PF03167.24	1.4e-16
Amil_XP_029185825.2	73	217	UDG	PF03167.24	1.7e-16
Slac_XP_007313498.1	4	185	UDG	PF03167.24	2e-16
Ssch_XP_016583327.1	160	320	UDG	PF03167.24	2e-16
Vkom_XP_044297174.1	118	277	UDG	PF03167.24	2e-16
Penpol_OQD62389.1	130	291	UDG	PF03167.24	2.2e-16
Asp.MG1_RII07216.1	116	296	UDG	PF03167.24	2.5e-16
Fnyg_PNP83317.1	125	285	UDG	PF03167.24	2.4e-16
Vkom_XP_044297173.1	119	278	UDG	PF03167.24	2.1e-16
Kpin_XP_019008058.1	176	355	UDG	PF03167.24	1.8e-15
Anocar_XP_016849140.1	99	258	UDG	PF03167.24	1.8e-16
Lfer_SCW02791.1	145	309	UDG	PF03167.24	2e-16
Fcof_XP_031019556.1	123	283	UDG	PF03167.24	2.1e-16
Scry_XP_013025242.1	181	339	UDG	PF03167.24	2.9e-16
Cann_XP_016557928.2	143	297	UDG	PF03167.24	2.1e-16
Hbic_XP_024738469.1	25	196	UDG	PF03167.24	1.5e-16
Bcir_KAF1955201.1	96	275	UDG	PF03167.24	2.8e-16
Phatri_XP_002177455.1	46	216	UDG	PF03167.24	1.6e-16
Ffla_XP_045988879.1	123	283	UDG	PF03167.24	2.1e-16
Cban_XP_016614840.1	136	311	UDG	PF03167.24	2.3e-16
Pnat_XP_017545854.1	140	289	UDG	PF03167.24	2e-16
Pcer_TFK76574.1	52	215	UDG	PF03167.24	1.9e-16
Lana_XP_013416975.1	103	253	UDG	PF03167.24	2.6e-16
Mvit_XP_029819210.1	102	260	UDG	PF03167.24	2.1e-16
Scivul_ENSSVLP00005016564.1	36	201	UDG	PF03167.24	1.6e-16
Podmur_XP_028603520.1	119	278	UDG	PF03167.24	2e-16
Cpic_XP_065421230.1	118	277	UDG	PF03167.24	2e-16
Mvit_XP_029819211.1	102	260	UDG	PF03167.24	2.1e-16
Lcor_XP_017660161.1	102	260	UDG	PF03167.24	2.1e-16
Lcor_XP_017660162.1	102	260	UDG	PF03167.24	2.1e-16
Lcor_XP_017660164.1	102	260	UDG	PF03167.24	2.1e-16
Lcor_XP_017660165.1	102	260	UDG	PF03167.24	2.1e-16
Macpha_EKG18181.1	135	313	UDG	PF03167.24	2.1e-16
Sbra_XP_040616441.1	160	320	UDG	PF03167.24	2.2e-16
Lthe_XP_002555228.1	147	311	UDG	PF03167.24	2e-16
Cpic_XP_005310771.1	123	282	UDG	PF03167.24	2.1e-16
Tcar_ENSTMTP00000026774.1	123	282	UDG	PF03167.24	2.1e-16
Lana_XP_013401031.2	103	253	UDG	PF03167.24	2.6e-16
Pper_KRX06317.1	117	274	UDG	PF03167.24	2.1e-16
Gcho_PXF41810.1	128	286	UDG	PF03167.24	2.7e-16
Hwer_RMX71866.1	131	307	UDG	PF03167.24	2.1e-16
Fver_XP_018742976.1	123	283	UDG	PF03167.24	2.6e-16
Wich_XP_009268987.1	82	270	UDG	PF03167.24	2e-16
Girr_EPrPI00000018034	152	309	UDG	PF03167.24	3.4e-16
Kman_XP_019000688.1	187	365	UDG	PF03167.24	1.7e-15
Ebil_XP_033530553.1	130	289	UDG	PF03167.24	2.8e-16
Espi_XP_016239024.1	94	270	UDG	PF03167.24	2.2e-16
Wcoc_PCH44660.1	119	251	UDG	PF03167.24	2.4e-16
Hmin_KJZ77454.1	125	283	UDG	PF03167.24	2.8e-16
Gcla_XP_014170235.1	140	300	UDG	PF03167.24	2.5e-16
Ccri_XP_005715406.1	129	286	UDG	PF03167.24	2.5e-16
Apla_XP_022095952.1	182	326	UDG	PF03167.24	3.7e-16
Anocar_XP_003220953.1	124	283	UDG	PF03167.24	2.1e-16
Cven_RPB00618.1	49	209	UDG	PF03167.24	2.1e-16
Angcos_VDM62971.1	104	260	UDG	PF03167.24	2.1e-16
Ceur_XP_008718218.1	131	294	UDG	PF03167.24	2.4e-16
Pgib_PARADVISI000006628.mRNA1	171	325	UDG	PF03167.24	3.4e-16
Abom_XP_022383124.1	127	287	UDG	PF03167.24	2.6e-16
Lcor_XP_017660159.1	128	286	UDG	PF03167.24	2.5e-16
Aver_XP_040670334.1	599	762	UDG	PF03167.24	4.8e-16
Sdum_XP_035213685.1	188	322	UDG	PF03167.24	2.5e-16
Lcor_XP_017660160.1	128	286	UDG	PF03167.24	2.5e-16
Lhya_XP_031007093.1	3	177	UDG	PF03167.24	1.8e-16
Lmac_KAF2649357.1	92	271	UDG	PF03167.24	2.4e-16
Fmed_XP_007263732.1	103	224	UDG	PF03167.24	2.5e-16
Apsnom_XP_031937739.1	127	287	UDG	PF03167.24	2.6e-16
Cpic_XP_005310770.1	153	312	UDG	PF03167.24	2.4e-16
Tcar_ENSTMTP00000026744.1	153	312	UDG	PF03167.24	2.4e-16
Eoli_XP_016263952.1	131	307	UDG	PF03167.24	2.3e-16
Cfum_XP_018700891.1	131	289	UDG	PF03167.24	2.6e-16
Cant_OQO12451.1	129	288	UDG	PF03167.24	3.1e-16
Zmay_NP_001150773.2	137	291	UDG	PF03167.24	3.1e-16
Wano_XP_019037998.1	112	274	UDG	PF03167.24	2.6e-16
Dpse_XP_001358212.3	86	261	UDG	PF03167.24	3.1e-16
Cber_PPJ57761.1	135	294	UDG	PF03167.24	2.7e-16
Spun_ENSSPUP00000001353.1	123	282	UDG	PF03167.24	2.5e-16
Smer_ENSSMRP00000020517.1	181	340	UDG	PF03167.24	2.5e-16
Utri_SPO25488.1	207	426	UDG	PF03167.24	1.5e-14
Lpan_XP_010697900.1	194	355	UDG	PF03167.24	2.4e-16
Aall_XP_031897397.1	127	287	UDG	PF03167.24	3.3e-16
Cmil_XP_006670686.1	131	289	UDG	PF03167.24	2.8e-16
Soch_TCD64990.1	116	299	UDG	PF03167.24	2.9e-16
Horvul_XP_044968514.1	144	298	UDG	PF03167.24	3e-16
Pfru_QIW97491.1	327	495	UDG	PF03167.24	3e-16
Capcor_XP_007719310.1	144	317	UDG	PF03167.24	2.9e-16
Dcay_XP_039129559.1	149	303	UDG	PF03167.24	2.8e-16
Srei_SJX62997.1	187	402	UDG	PF03167.24	1.5e-14
Amul_XP_026602507.1	132	293	UDG	PF03167.24	3.6e-16
Trub_XP_003239212.1	126	305	UDG	PF03167.24	3.3e-16
Tsou_EZF68869.1	126	305	UDG	PF03167.24	3.3e-16
Tvio_OAL75437.1	126	305	UDG	PF03167.24	3.3e-16
Bpae_TGO26406.1	228	404	UDG	PF03167.24	3e-16
Rsp.NJR-2017aWRK4_PQE23027.1	133	292	UDG	PF03167.24	3e-16
Aspgla_XP_022404725.1	131	292	UDG	PF03167.24	2.8e-16
Cchl_OLN84325.1	134	292	UDG	PF03167.24	3.1e-16
Pmus_KXT15189.1	113	281	UDG	PF03167.24	2.6e-16
Lgig_XP_009054936.1	114	274	UDG	PF03167.24	3e-16
Ctan_TKW58437.1	128	289	UDG	PF03167.24	2.9e-16
Cleu_ROW10884.1	135	293	UDG	PF03167.24	1.1e-15
Mcal_MALCA_11133.mRNA.1	112	308	UDG	PF03167.24	3.5e-16
Ascl_RJE23508.1	185	302	UDG	PF03167.24	3.6e-16
Blan_XP_066299872.1	82	245	UDG	PF03167.24	2.7e-16
Ctro_XP_002547927.1	236	404	UDG	PF03167.24	3.8e-16
Ccas_PSN67101.1	108	287	UDG	PF03167.24	2.7e-16
Pvit_XP_020660062.1	114	273	UDG	PF03167.24	2.7e-16
Xmul_KAF2970081.1	128	344	UDG	PF03167.24	3.3e-16
Toph_KND91270.1	119	279	UDG	PF03167.24	3.4e-16
Hvul_XP_065669800.1	51	195	UDG	PF03167.24	2.5e-16
Pcro_KIM78187.1	100	264	UDG	PF03167.24	3.2e-16
Kbes_XP_019051194.1	183	359	UDG	PF03167.24	9.8e-16
Mytres_XP_033579863.1	88	262	UDG	PF03167.24	2.8e-16
Chem_XP_066913934.1	81	237	UDG	PF03167.24	3.1e-16
Cant_OQN98926.1	129	288	UDG	PF03167.24	3.6e-16
Rsp.CCFEE5018_OQO19303	129	288	UDG	PF03167.24	3.4e-16
Ofus_CAH1784767.1	126	300	UDG	PF03167.24	3.5e-16
Cimm_XP_016255554.1	165	327	UDG	PF03167.24	3.6e-16
Bsor_XP_007704498.1	117	297	UDG	PF03167.24	2.8e-16
Plil_XP_018175892.1	123	283	UDG	PF03167.24	3e-16
Crem_XP_003104167.1	123	278	UDG	PF03167.24	2.9e-16
Aros_XP_012264882.2	43	190	UDG	PF03167.24	3.1e-16
Mbol_KXJ91405.1	155	381	UDG	PF03167.24	8.4e-16
Smur_PNS21426.1	132	291	UDG	PF03167.24	3.9e-16
Bell_KAF7934563.1	231	407	UDG	PF03167.24	3.2e-16
Sita_XP_004960107.1	141	295	UDG	PF03167.24	3.4e-16
Svir_XP_034585574.1	141	295	UDG	PF03167.24	3.4e-16
Vvir_KAF2237480.1	136	295	UDG	PF03167.24	3.9e-16
Tigcal_XP_059092383.1	61	207	UDG	PF03167.24	3.3e-16
Anid_XP_680704.2	171	331	UDG	PF03167.24	4.2e-16
Cbet_XP_023455091.1	135	294	UDG	PF03167.24	3.5e-16
Smed_h1SMcT0019338.2	106	252	UDG	PF03167.24	6.2e-16
Aqui_KAF1914206.1	94	272	UDG	PF03167.24	2.9e-16
Macu_XP_064942136.1	174	328	UDG	PF03167.24	5e-16
Dser_XP_066633711.1	124	283	UDG	PF03167.24	3.3e-16
Mytres_XP_033581244.1	121	279	UDG	PF03167.24	3.3e-16
Bcon_TGO50420.1	158	316	UDG	PF03167.24	4.7e-16
Smed_h1SMcT0019338.1	106	252	UDG	PF03167.24	6.3e-16
Ccit_KAF8015350.1	157	311	UDG	PF03167.24	3.2e-16
Lpro_PKS12790.1	126	285	UDG	PF03167.24	3.4e-16
Scry_XP_013022512.1	152	312	UDG	PF03167.24	3e-16
Minc_Minc3s00060g03079	27	185	UDG	PF03167.24	2.6e-16
Psp.VKMF4281_KFY25560.1	130	310	UDG	PF03167.24	4.3e-16
Cwai_CSP39.g749.t1	152	307	UDG	PF03167.24	3.3e-16
Afla_XP_067492054.1	107	277	UDG	PF03167.24	2.9e-16
Samp_TRM59940.1	47	213	UDG	PF03167.24	2.9e-16
Prijap_TRINITY_c32371_g1_i1_loc1.t1	142	297	UDG	PF03167.24	3.5e-16
Goke_MALSP_16570.mRNA.1	127	286	UDG	PF03167.24	3e-16
Cglo_XP_001220278.1	127	285	UDG	PF03167.24	3.5e-16
Mcan_XP_002851270.1	102	266	UDG	PF03167.24	3.8e-16
Cpic_XP_065421203.1	222	381	UDG	PF03167.24	3.3e-16
Ctof_GKT64528.1	126	286	UDG	PF03167.24	3.8e-16
Ngyp_XP_003177857.1	111	274	UDG	PF03167.24	3.8e-16
Ssci_CDW96953.1	203	418	UDG	PF03167.24	1.4e-14
Ngyp_XP_003176247.1	121	300	UDG	PF03167.24	4.1e-16
Cpic_XP_065421201.1	227	386	UDG	PF03167.24	3.3e-16
Char_XP_012673142.1	136	286	UDG	PF03167.24	3.5e-16
Char_XP_031421097.1	136	286	UDG	PF03167.24	3.5e-16
Hpol_VDO83408.1	37	194	UDG	PF03167.24	2.7e-16
Cole_XP_018281851.2	102	214	UDG	PF03167.24	6.6e-16
Xgra_RWA13900.1	124	351	UDG	PF03167.24	5.3e-16
Huva_GMM40521.1	125	296	UDG	PF03167.24	1e-15
Char_XP_031421096.1	147	297	UDG	PF03167.24	3.6e-16
Ppol_XP_037081182.1	183	328	UDG	PF03167.24	4.6e-16
Pari_XP_022488064.1	132	290	UDG	PF03167.24	4e-16
Macu_XP_064993664.1	179	333	UDG	PF03167.24	5.2e-16
Btul_TGO07136.1	133	291	UDG	PF03167.24	4.1e-16
Poptri_XP_002316140.2	145	299	UDG	PF03167.24	4e-16
Cx_XP_006420662.2	161	315	UDG	PF03167.24	3.5e-16
Cshi_TQN74988.1	128	289	UDG	PF03167.24	3.7e-16
Xhyp_TGJ82049.1	129	354	UDG	PF03167.24	5.4e-16
Char_XP_031421095.1	147	297	UDG	PF03167.24	3.7e-16
Char_XP_042563307.1	146	296	UDG	PF03167.24	3.7e-16
Utri_SPO25725.1	207	425	UDG	PF03167.24	2.9e-14
Sgla_L893_g21715.t1	129	285	UDG	PF03167.24	4.2e-16
Bcal_TEY58702.1	128	286	UDG	PF03167.24	4.3e-16
Cven_RPA97557.1	125	300	UDG	PF03167.24	4.3e-16
Aamp_XP_043222361.1	215	360	UDG	PF03167.24	4.4e-16
Bcin_XP_001559568.1	128	286	UDG	PF03167.24	4.3e-16
Bgal_THV44972.1	133	291	UDG	PF03167.24	4.1e-16
Bell_KAF7919633.1	133	291	UDG	PF03167.24	4.1e-16
Aric_KYG41817.1	106	269	UDG	PF03167.24	3.6e-16
Acal_CEL04367.1	133	291	UDG	PF03167.24	4.6e-16
Bhya_TGO31971.1	228	404	UDG	PF03167.24	3.9e-16
Patmin_XP_038062266.1	192	334	UDG	PF03167.24	4.7e-16
Myes_XP_021374229.1	128	282	UDG	PF03167.24	3.5e-16
Pcya_PPQ92714.1	157	319	UDG	PF03167.24	3.8e-16
Patmin_XP_038062265.1	194	336	UDG	PF03167.24	4.7e-16
Bory_XP_007691248.1	117	297	UDG	PF03167.24	3.5e-16
Caqu_ORY14161.1	117	294	UDG	PF03167.24	3.9e-16
Vcar_XP_002958351.1	79	239	UDG	PF03167.24	3.2e-16
Rglo_ORY48223.1	125	312	UDG	PF03167.24	3.5e-16
Tura_XP_048549234.1	128	282	UDG	PF03167.24	3.9e-16
Vgal_XP_016208460.1	94	272	UDG	PF03167.24	3.5e-16
Ehis_XP_656294.1	91	249	UDG	PF03167.24	3.3e-16
Hsp.EC38_OTA64197.1	123	300	UDG	PF03167.24	4.3e-16
Mlax_KAB8304352.1	133	291	UDG	PF03167.24	4.2e-16
Cole_XP_018281395.1	142	311	UDG	PF03167.24	4.4e-16
Ncol_XP_031496161.1	287	441	UDG	PF03167.24	4.2e-16
Khev_OCF31755.1	210	372	UDG	PF03167.24	4.7e-16
Ppac_KAF8357256.1	144	299	UDG	PF03167.24	4.6e-16
Rcul_nRc.2.0.1.t03449-RA	100	247	UDG	PF03167.24	6e-16
Chig_XP_018158574.1	127	289	UDG	PF03167.24	4.4e-16
Acos_XP_025540289.1	296	472	UDG	PF03167.24	4e-16
Eucgra_XP_010031873.3	158	312	UDG	PF03167.24	4e-16
Bnar_TGO59965.1	158	316	UDG	PF03167.24	5e-16
Hruf_XP_048245480.1	106	265	UDG	PF03167.24	3.7e-16
Priarc_PARCANUS000026021.t1	145	300	UDG	PF03167.24	4.3e-16
Aave_KAE8144314.1	597	757	UDG	PF03167.24	2.5e-15
Czea_KAF2214221.1	135	293	UDG	PF03167.24	5.2e-16
Bhya_TGO36573.1	158	316	UDG	PF03167.24	5e-16
Avad_XP_025564440.1	300	476	UDG	PF03167.24	4.1e-16
Psem_RMZ67408.1	101	281	UDG	PF03167.24	4e-16
Vbra_CEM00619.1	198	348	UDG	PF03167.24	4e-16
Amex_XP_007252960.2	140	288	UDG	PF03167.24	4.1e-16
Tdic_XP_037487945.1	146	300	UDG	PF03167.24	4.6e-16
Natt_XP_019223538.1	153	307	UDG	PF03167.24	4.5e-16
Odis_KAF2820316.1	105	284	UDG	PF03167.24	4e-16
Rnec_GAP85286.2	182	369	UDG	PF03167.24	4.2e-16
Tdic_XP_037479949.1	145	299	UDG	PF03167.24	4.5e-16
Tmel_XP_002838979.1	49	209	UDG	PF03167.24	3.8e-16
Smon_L898_g3135.t1	120	277	UDG	PF03167.24	7.9e-16
Ipun_XP_017330682.1	96	246	UDG	PF03167.24	4.2e-16
Taes_XP_044459679.1	145	299	UDG	PF03167.24	4.5e-16
Tspe_TraesTSP2A01G595100.1	145	299	UDG	PF03167.24	4.5e-16
Emes_XP_016227331.1	151	327	UDG	PF03167.24	4e-16
Pzon_XP_022577824.1	123	285	UDG	PF03167.24	4.9e-16
Apscae_KAE8416854.1	127	287	UDG	PF03167.24	4.7e-16
Tdic_XP_037479948.1	146	300	UDG	PF03167.24	4.5e-16
Taes_XP_044326809.1	146	300	UDG	PF03167.24	4.7e-16
Tspe_TraesTSP2B01G630700.1	146	300	UDG	PF03167.24	4.7e-16
Acae_XP_031928342.1	127	287	UDG	PF03167.24	4.7e-16
Taes_XP_044459678.1	146	300	UDG	PF03167.24	4.5e-16
Ascl_RJE20476.1	147	305	UDG	PF03167.24	5.7e-16
Smus_XP_016756815.1	135	294	UDG	PF03167.24	4.7e-16
Tmen_GBF64081.1	126	305	UDG	PF03167.24	5.1e-16
Tmen_GBF65851.1	126	305	UDG	PF03167.24	5.1e-16
Cropor_XP_019400308.1	123	282	UDG	PF03167.24	4.5e-16
Lpal_OCK84821.1	120	297	UDG	PF03167.24	4.2e-16
Neopar_EOD45934.1	126	284	UDG	PF03167.24	4.9e-16
Pbra_XP_010759620.1	139	300	UDG	PF03167.24	5.4e-16
Smed_h1SMcT0004692.3	120	266	UDG	PF03167.24	1.4e-15
Ttur_VAH38777.1	143	297	UDG	PF03167.24	4.4e-16
Psip_KAF2707324.1	115	272	UDG	PF03167.24	4.8e-16
Scil_XP_065176788.1	63	216	UDG	PF03167.24	2e-15
Trub_XP_003235596.1	112	276	UDG	PF03167.24	5.2e-16
Tsou_EZF73135.1	112	276	UDG	PF03167.24	5.2e-16
Tvio_OAL70828.1	112	276	UDG	PF03167.24	5.2e-16
Asp.HF37_RMJ21123.1	129	287	UDG	PF03167.24	5e-16
Ttur_VAH38776.1	144	298	UDG	PF03167.24	4.5e-16
Czan_CSP26.g6378.t1	128	283	UDG	PF03167.24	4.7e-16
Fmul_XP_016636591.1	145	319	UDG	PF03167.24	5.1e-16
Ttur_VAH38775.1	146	300	UDG	PF03167.24	4.5e-16
Iper_KAG0423189.1	110	265	UDG	PF03167.24	4.5e-16
Grai_XP_012438375.1	154	308	UDG	PF03167.24	7e-16
Pans_XP_001908545.1	141	299	UDG	PF03167.24	6.3e-16
Psom_XP_026383024.1	171	325	UDG	PF03167.24	4.7e-16
Csal_KXH66603.1	154	341	UDG	PF03167.24	5.2e-16
Slem_CDW83365.1	186	346	UDG	PF03167.24	4.5e-16
Tton_EGD98739.1	112	276	UDG	PF03167.24	5.5e-16
Mril_OAA46848.1	125	285	UDG	PF03167.24	6.5e-16
Hvar_PMD29822.1	137	296	UDG	PF03167.24	4.9e-16
Rsp.CCFEE5018_OQO18727	129	288	UDG	PF03167.24	6.9e-16
Cocimm_XP_001239214.2	131	306	UDG	PF03167.24	4.9e-16
Zrhi_KAF2182580.1	114	291	UDG	PF03167.24	5.4e-16
Salk_XP_028470128.1	121	282	UDG	PF03167.24	5.7e-16
Isca_XP_029832886.2	122	277	UDG	PF03167.24	4.8e-16
Acom_XP_020079691.1	158	312	UDG	PF03167.24	6.5e-16
Smed_h1SMcT0004692.2	120	266	UDG	PF03167.24	1.5e-15
Apul_XP_029758853.1	131	290	UDG	PF03167.24	6.3e-16
Tthe_XP_006696062.1	128	290	UDG	PF03167.24	5.6e-16
Atra_KAE8307496.1	126	286	UDG	PF03167.24	5.5e-16
Aric_KYG50396.1	135	294	UDG	PF03167.24	7.3e-16
Asp.richmondensis_KXL49913.1	135	294	UDG	PF03167.24	7.3e-16
Mhyb_KID60470.1	124	284	UDG	PF03167.24	7e-16
Aspfla_XP_041142500.1	126	286	UDG	PF03167.24	5.6e-16
Smed_h1SMcT0004692.1	41	187	UDG	PF03167.24	1.3e-15
Cser_KAG6931455.1	127	286	UDG	PF03167.24	6.3e-16
Aara_KAE8334684.1	126	286	UDG	PF03167.24	5.6e-16
Apar_KAB8204585.1	126	286	UDG	PF03167.24	5.6e-16
Eneo_RKF62503.1	136	305	UDG	PF03167.24	6.8e-16
Aser_KAE8321422.1	126	286	UDG	PF03167.24	5.6e-16
Mmaj_KID97626.1	124	284	UDG	PF03167.24	7e-16
Amin_KAB8268491.1	126	286	UDG	PF03167.24	5.6e-16
Tequ_EGE07057.1	126	305	UDG	PF03167.24	6.2e-16
Scil_XP_065175361.1	98	256	UDG	PF03167.24	4.8e-16
Tton_EGD93390.1	126	305	UDG	PF03167.24	6.2e-16
Ipun_XP_017330680.1	133	283	UDG	PF03167.24	5.2e-16
Ipun_XP_017330681.1	133	283	UDG	PF03167.24	5.2e-16
Ipun_XP_053538121.1	133	283	UDG	PF03167.24	5.2e-16
Ncol_XP_031496159.1	354	508	UDG	PF03167.24	5.5e-16
Tmes_XP_007003867.1	52	212	UDG	PF03167.24	4.9e-16
Pexp_XP_016594958.1	128	289	UDG	PF03167.24	8.6e-16
Mrob_XP_007816854.1	124	284	UDG	PF03167.24	7e-16
Pyrtri_XP_001934935.2	116	296	UDG	PF03167.24	4.9e-16
Sollyc_XP_004231528.1	155	308	UDG	PF03167.24	5.9e-16
Sollyc_XP_010315597.1	155	308	UDG	PF03167.24	5.9e-16
Sollyc_XP_019067678.1	155	308	UDG	PF03167.24	5.9e-16
Sollyc_XP_025884954.1	155	308	UDG	PF03167.24	5.9e-16
Sollyc_XP_069149370.1	155	308	UDG	PF03167.24	5.9e-16
Cint_XP_009861570.1	79	228	UDG	PF03167.24	4.8e-16
Smed_h1SMcT0004692.4	41	187	UDG	PF03167.24	1.3e-15
Csp.CBS132003_RMZ80217.1	544	708	UDG	PF03167.24	8.9e-16
Gste_OCL07119.1	124	282	UDG	PF03167.24	5.4e-16
Mani_KAF5130586.1	124	284	UDG	PF03167.24	7e-16
Mgui_KID89740.1	124	284	UDG	PF03167.24	7e-16
Anam_XP_013423444.1	132	291	UDG	PF03167.24	6e-16
Myes_XP_021357379.1	282	441	UDG	PF03167.24	7.6e-16
Sfim_KAF2751498.1	89	266	UDG	PF03167.24	5.6e-16
Cvir_XP_022308785.1	112	268	UDG	PF03167.24	5.4e-16
Cvir_XP_022308786.1	112	268	UDG	PF03167.24	5.4e-16
Psin_XP_014436535.1	109	268	UDG	PF03167.24	6.4e-16
Bbro_OAA44489.1	131	289	UDG	PF03167.24	5.9e-16
Bpae_TGO24915.1	158	316	UDG	PF03167.24	7e-16
Plut_XP_002797128.1	637	798	UDG	PF03167.24	2.5e-15
Fere_XP_018689724.1	125	287	UDG	PF03167.24	6.7e-16
Eder_XP_009158082.1	150	322	UDG	PF03167.24	5.8e-16
Aory_XP_001819637.1	152	324	UDG	PF03167.24	7.3e-16
Campar_XP_030816851.1	75	233	UDG	PF03167.24	6.2e-16
Seccer_SECCE2Rv1G0135990.1	147	301	UDG	PF03167.24	6.2e-16
Tequ_EGE08869.1	145	309	UDG	PF03167.24	6.7e-16
Pita_KGO72325.1	131	292	UDG	PF03167.24	8.6e-16
Pfun_PRP83623.1	147	304	UDG	PF03167.24	6.4e-16
Nenc_ORY33054.1	99	222	UDG	PF03167.24	1.2e-15
Xfla_TRX94128.1	128	286	UDG	PF03167.24	6.9e-16
Xhev_XP_018189941.1	133	292	UDG	PF03167.24	6.3e-16
Mbru_XP_014544446.1	124	284	UDG	PF03167.24	7.2e-16
Tnig_CAF90307.1	44	196	UDG	PF03167.24	5.5e-16
Alep_KAB8076344.1	127	287	UDG	PF03167.24	7.6e-16
Nirr_OLL24844.1	177	337	UDG	PF03167.24	9.4e-16
Aspnov_KAB8214751.1	126	286	UDG	PF03167.24	6.5e-16
Puni_PgR025_g004_t01	169	327	UDG	PF03167.24	6.2e-16
Apsnom_XP_031946748.1	150	321	UDG	PF03167.24	5.8e-16
Cpos_XP_003072158.1	131	306	UDG	PF03167.24	6e-16
Sfel_L889_g20098.t1	116	272	UDG	PF03167.24	9.1e-16
Hgri_PGH07572.1	133	305	UDG	PF03167.24	2.7e-15
Pruper_XP_007226365.2	206	360	UDG	PF03167.24	8e-16
Csub_KAK1970634.1	126	286	UDG	PF03167.24	6.9e-16
Sbic_XP_021318175.1	138	292	UDG	PF03167.24	7.4e-16
Czei_PKS03431.1	118	285	UDG	PF03167.24	6.2e-16
Jhye_ENSJHYP00000011500.1	84	242	UDG	PF03167.24	6.6e-16
Fere_XP_018697787.1	135	309	UDG	PF03167.24	7.4e-16
Aowe_ENSAOWP00000003937.1	99	257	UDG	PF03167.24	6.1e-16
Psin_XP_006138073.1	97	256	UDG	PF03167.24	5.9e-16
Tcas_ODV91790.1	76	243	UDG	PF03167.24	5.9e-16
Tpar_POR38976.1	123	283	UDG	PF03167.24	6.4e-16
Colglo_XP_045258062.1	149	309	UDG	PF03167.24	8.4e-16
Lstr_XP_021391936.2	102	260	UDG	PF03167.24	7.3e-16
Lstr_XP_021391960.1	102	260	UDG	PF03167.24	7.3e-16
Lstr_XP_021391969.1	102	260	UDG	PF03167.24	7.3e-16
Pavi_XP_021811341.1	206	360	UDG	PF03167.24	8e-16
Asuu_AgR043_g041_t01	145	303	UDG	PF03167.24	6.6e-16
Apstam_XP_031908594.1	127	287	UDG	PF03167.24	6.9e-16
Pdul_XP_034199760.1	206	360	UDG	PF03167.24	8e-16
Dpur_XP_003293322.1	163	325	UDG	PF03167.24	6.9e-16
Arow_XP_025912609.1	102	260	UDG	PF03167.24	6.2e-16
Tgut_XP_030119035.3	75	233	UDG	PF03167.24	6.2e-16
Tgut_XP_041569516.1	75	233	UDG	PF03167.24	6.2e-16
Arow_XP_025912608.1	102	260	UDG	PF03167.24	6.2e-16
Phyp_XP_033600559.1	128	287	UDG	PF03167.24	7e-16
Aspnov_KAB8222714.1	152	324	UDG	PF03167.24	9.3e-16
Dsp.EC12_OTB19532.1	131	289	UDG	PF03167.24	8.2e-16
Atam_KAE8156444.1	127	287	UDG	PF03167.24	6.9e-16
Scam_XP_068800563.1	102	260	UDG	PF03167.24	6.3e-16
Cocimm_XP_004446469.1	135	293	UDG	PF03167.24	7e-16
Scam_XP_068800555.1	102	260	UDG	PF03167.24	6.4e-16
Scam_XP_068800574.1	102	260	UDG	PF03167.24	6.4e-16
Ares_XP_024717029.1	139	297	UDG	PF03167.24	6.4e-16
Xhyp_TGJ86653.1	134	292	UDG	PF03167.24	1.3e-15
Casi_KAL3304972.1	136	296	UDG	PF03167.24	7.5e-16
Atra_KAE8316372.1	152	324	UDG	PF03167.24	9.3e-16
Campar_XP_030816850.1	102	260	UDG	PF03167.24	7.4e-16
Vmal_ROV94972.1	142	300	UDG	PF03167.24	7.6e-16
Pexs_PREXSPEC000014250.mRNA1	144	299	UDG	PF03167.24	8e-16
Atai_PLN76516.1	127	287	UDG	PF03167.24	7.1e-16
Cgeo_XP_067504825.1	124	301	UDG	PF03167.24	6.5e-16
Amel_XP_040884095.1	131	290	UDG	PF03167.24	8.6e-16
Bpor_XP_038773410.1	228	404	UDG	PF03167.24	6.7e-16
Lstr_XP_031363826.1	128	286	UDG	PF03167.24	6.6e-16
Fver_XP_018754924.1	77	256	UDG	PF03167.24	7.7e-16
Cabi_XP_032638292.1	97	256	UDG	PF03167.24	6.6e-16
Cabi_XP_032638293.1	97	256	UDG	PF03167.24	6.6e-16
Cabi_XP_032638294.1	97	256	UDG	PF03167.24	6.6e-16
Cabi_XP_032638295.1	97	256	UDG	PF03167.24	6.6e-16
Cabi_XP_032638296.1	97	256	UDG	PF03167.24	6.6e-16
Llat_ENSLLTP00000020074.1	101	260	UDG	PF03167.24	6.5e-16
Gaga_ENSGAGP00000003978.1	97	256	UDG	PF03167.24	6.6e-16
Gevg_XP_030400439.1	97	256	UDG	PF03167.24	6.6e-16
Gevg_XP_030400445.1	97	256	UDG	PF03167.24	6.6e-16
Gevg_XP_030400453.1	97	256	UDG	PF03167.24	6.6e-16
Zrhi_KAF2175537.1	115	273	UDG	PF03167.24	6.9e-16
Bbas_XP_008593585.1	131	289	UDG	PF03167.24	7.7e-16
Ndit_KPM37361.1	258	419	UDG	PF03167.24	1.2e-15
Tint_EZF35449.1	126	305	UDG	PF03167.24	8.2e-16
Cpos_XP_003068162.1	135	293	UDG	PF03167.24	7.7e-16
Slyc_RAQ99430.1	113	293	UDG	PF03167.24	7.1e-16
Pmar_XP_032836495.1	47	211	UDG	PF03167.24	6.6e-16
Epas_OJD17807.1	141	303	UDG	PF03167.24	7.8e-16
Aowe_ENSAOWP00000003929.1	128	286	UDG	PF03167.24	7.2e-16
Lnuc_KAF2107599.1	121	301	UDG	PF03167.24	1.5e-15
Mgal_XP_010710632.1	102	260	UDG	PF03167.24	7e-16
Apar_KAB8204336.1	152	324	UDG	PF03167.24	9.3e-16
Lstr_XP_021391943.1	128	286	UDG	PF03167.24	8.5e-16
Pgri_XP_040652469.1	125	288	UDG	PF03167.24	1e-15
Penbra_CEJ62437.1	155	313	UDG	PF03167.24	9.2e-16
Nper_XP_025908004.1	158	316	UDG	PF03167.24	7.2e-16
Aara_KAE8339236.1	152	324	UDG	PF03167.24	1e-15
Psin_XP_014436533.1	164	323	UDG	PF03167.24	8.5e-16
Acun_XP_026724151.1	102	260	UDG	PF03167.24	7.3e-16
Acun_XP_026724150.1	102	260	UDG	PF03167.24	7.4e-16
Ecre_PGH31648.1	626	788	UDG	PF03167.24	3.2e-15
Achr_XP_029897050.1	102	260	UDG	PF03167.24	7.4e-16
Achr_XP_029897051.1	102	260	UDG	PF03167.24	7.4e-16
Achr_XP_040974148.1	102	260	UDG	PF03167.24	7.4e-16
Scam_XP_068800583.1	128	286	UDG	PF03167.24	7.4e-16
Shir_XP_007301274.1	52	210	UDG	PF03167.24	6.4e-16
Bjap_ENSBJAP00000021272.1	102	260	UDG	PF03167.24	7.4e-16
Scam_XP_068800548.1	128	286	UDG	PF03167.24	7.4e-16
Cfru_XP_031886714.1	136	296	UDG	PF03167.24	8.9e-16
Cinc_KZL83244.1	126	286	UDG	PF03167.24	1e-15
Cruf_ENSCRFP00000016405.1	102	260	UDG	PF03167.24	7.3e-16
Ocaleo_RDA88900.1	60	229	UDG	PF03167.24	7.6e-16
Bsor_XP_007696407.1	124	282	UDG	PF03167.24	8e-16
Gevg_XP_030400429.1	122	281	UDG	PF03167.24	7.6e-16
Pory_XP_003716258.1	142	300	UDG	PF03167.24	1.1e-15
Pmaj_XP_015483059.1	102	260	UDG	PF03167.24	7.4e-16
Cmon_XP_031962434.1	102	260	UDG	PF03167.24	7.4e-16
Cmon_XP_031962435.1	102	260	UDG	PF03167.24	7.4e-16
Cmon_XP_031962437.1	102	260	UDG	PF03167.24	7.4e-16
Gcic_RKF76198.1	106	279	UDG	PF03167.24	6.8e-16
Ccae_XP_023792474.1	104	262	UDG	PF03167.24	7.5e-16
Anis_ENSANIP00000000098.1	102	260	UDG	PF03167.24	7.4e-16
Mund_XP_030905811.2	102	260	UDG	PF03167.24	7.3e-16
Scan_XP_050825637.1	101	259	UDG	PF03167.24	7.3e-16
Scan_XP_050844006.1	101	259	UDG	PF03167.24	7.3e-16
Bpor_XP_038773956.1	127	285	UDG	PF03167.24	9.2e-16
Pnal_CAG8875969.1	134	295	UDG	PF03167.24	1.8e-15
Cpug_XP_014792921.1	102	260	UDG	PF03167.24	7.4e-16
Cpug_XP_014792922.1	102	260	UDG	PF03167.24	7.4e-16
Mfru_KAA8575008.1	133	291	UDG	PF03167.24	8.1e-16
Aall_XP_031896637.1	270	442	UDG	PF03167.24	7.9e-16
Bpan_XP_007672578.1	133	291	UDG	PF03167.24	9.2e-16
Cabi_XP_032638291.1	123	282	UDG	PF03167.24	7.7e-16
Ccar_XP_008731234.1	128	302	UDG	PF03167.24	8.3e-16
Campar_XP_030816847.1	128	286	UDG	PF03167.24	8.6e-16
Campar_XP_030816848.1	128	286	UDG	PF03167.24	8.5e-16
Hcom_XP_019750305.1	185	335	UDG	PF03167.24	9.4e-16
Osun_ENSOSUP00000007168.1	127	285	UDG	PF03167.24	8.5e-16
Vpal_PWN48908.1	156	273	UDG	PF03167.24	1.4e-15
Gaga_ENSGAGP00000003983.1	123	282	UDG	PF03167.24	7.7e-16
Myes_XP_021373240.1	247	400	UDG	PF03167.24	7.5e-16
Myes_XP_021373241.1	247	400	UDG	PF03167.24	7.5e-16
Takrub_XP_011605356.2	176	328	UDG	PF03167.24	9.2e-16
Takrub_XP_029697840.1	176	328	UDG	PF03167.24	9.2e-16
Hcom_XP_019750304.1	188	338	UDG	PF03167.24	9.6e-16
Avas_AngVas-contig_2511-2.8-mRNA-1	135	291	UDG	PF03167.24	7.9e-16
Gevg_XP_030400420.1	122	281	UDG	PF03167.24	7.6e-16
Citlan_Cla97C11G207590.1	152	304	UDG	PF03167.24	7.9e-16
Jhye_ENSJHYP00000011515.1	128	286	UDG	PF03167.24	8.5e-16
Aser_KAE8324645.1	151	323	UDG	PF03167.24	1e-15
Cmic_TEB35119.1	63	238	UDG	PF03167.24	1.7e-14
Triver_XP_003022827.1	219	383	UDG	PF03167.24	9.2e-16
Mare_M.Arenaria_Scaff15371g086416	44	202	UDG	PF03167.24	6.6e-16
Gaga_ENSGAGP00000003994.1	128	287	UDG	PF03167.24	7.9e-16
Pmac_PVI06731.1	142	315	UDG	PF03167.24	9.1e-16
Ggal_XP_046760015.1	102	260	UDG	PF03167.24	8.3e-16
Oabi_XP_012285723.1	51	202	UDG	PF03167.24	1.4e-15
Ftin_ENSFTIP00000025317.1	113	271	UDG	PF03167.24	7.9e-16
Psin_XP_006138072.1	152	311	UDG	PF03167.24	8e-16
Atam_KAE8162173.1	260	432	UDG	PF03167.24	1.1e-15
Mpur_BDD63796.1	129	289	UDG	PF03167.24	8.8e-16
Zalb_XP_014128041.1	128	286	UDG	PF03167.24	8.2e-16
Zalb_XP_014128039.1	128	286	UDG	PF03167.24	8.3e-16
Cpyg_ENSCPGP00000015843.1	102	260	UDG	PF03167.24	9.1e-16
Achr_XP_029897049.1	128	286	UDG	PF03167.24	8.5e-16
Bbub_ENSBOBP00000013304.1	127	285	UDG	PF03167.24	8.5e-16
Achr_XP_029897047.1	128	286	UDG	PF03167.24	8.6e-16
Socc_ENSSOCP00000021929.1	130	288	UDG	PF03167.24	8.7e-16
Rtor_XP_016274181.1	155	325	UDG	PF03167.24	2.7e-15
Cabi_XP_032638290.1	153	312	UDG	PF03167.24	9e-16
Shab_XP_030335013.1	128	286	UDG	PF03167.24	8.5e-16
Mhap_MhA1_Contig42.frz3.gene34	144	302	UDG	PF03167.24	1.1e-15
Gfor_XP_014166332.2	131	289	UDG	PF03167.24	8.7e-16
Shab_XP_030335012.1	128	286	UDG	PF03167.24	8.5e-16
Csem_XP_008309716.1	150	300	UDG	PF03167.24	8.9e-16
Amacol_ENSACOP00000013454.1	127	285	UDG	PF03167.24	8.4e-16
Cgou_RLW00191.1	128	286	UDG	PF03167.24	8.6e-16
Mmyc_KXX81884.1	129	287	UDG	PF03167.24	9e-16
Tben_XP_003011114.1	222	386	UDG	PF03167.24	1e-15
Pmaj_XP_015483057.1	128	286	UDG	PF03167.24	8.6e-16
Cmon_XP_031962433.1	128	286	UDG	PF03167.24	8.5e-16
Cust_XP_032912718.1	128	286	UDG	PF03167.24	8.6e-16
Scan_XP_030093686.1	128	286	UDG	PF03167.24	8.5e-16
Nmel_XP_021242932.1	102	260	UDG	PF03167.24	8.3e-16
Nmel_XP_021242939.1	102	260	UDG	PF03167.24	8.3e-16
Cmon_XP_031962432.1	128	286	UDG	PF03167.24	8.6e-16
Alig_KAF2006724.1	79	258	UDG	PF03167.24	7.7e-16
Aber_KAE8379955.1	299	470	UDG	PF03167.24	9.7e-16
Tgut_XP_030119034.3	128	286	UDG	PF03167.24	8.5e-16
Slig_RFU33761.1	141	301	UDG	PF03167.24	1e-15
Pmar_XP_032824237.1	188	346	UDG	PF03167.24	8.4e-16
Hbur_XP_020078109.1	178	344	UDG	PF03167.24	1e-15
Hcom_XP_019750303.1	212	362	UDG	PF03167.24	1.1e-15
Pmay_GMR42929.1	155	310	UDG	PF03167.24	1.4e-15
Hazt_XP_018021047.1	332	476	UDG	PF03167.24	1.2e-15
Hcom_XP_019750301.1	215	365	UDG	PF03167.24	1.1e-15
Zlat_ENSZLMP00000006839.1	125	283	UDG	PF03167.24	8.9e-16
Vhum_TXT03858.1	139	307	UDG	PF03167.24	1.6e-15
Bory_XP_007692829.1	124	282	UDG	PF03167.24	9.3e-16
Bzei_XP_007714929.1	124	282	UDG	PF03167.24	9.3e-16
Flon_RGP65976.1	975	1133	UDG	PF03167.24	1.9e-15
Ccae_XP_023792467.1	168	326	UDG	PF03167.24	1e-15
Ccae_XP_023792460.1	168	326	UDG	PF03167.24	1.1e-15
Gevg_XP_030400411.1	152	311	UDG	PF03167.24	9e-16
Cpur_CCE35140.1	126	286	UDG	PF03167.24	1.1e-15
Kimp_XP_021874780.1	79	253	UDG	PF03167.24	9.7e-16
Ffuj_XP_023424778.1	123	283	UDG	PF03167.24	1.1e-15
Acyg_XP_066853455.1	138	296	UDG	PF03167.24	1.1e-15
Ansbra_ENSABRP00000006463.1	138	296	UDG	PF03167.24	1.1e-15
Pter_EFQ93926.1	120	300	UDG	PF03167.24	9.9e-16
Bmay_ENI01319.1	124	282	UDG	PF03167.24	9.6e-16
Fpro_XP_031075050.1	123	283	UDG	PF03167.24	1.1e-15
Aimm_RPA87207.1	116	282	UDG	PF03167.24	1.8e-15
Ggal_NP_990081.1	128	286	UDG	PF03167.24	9.7e-16
Foxy_XP_031042014.1	123	283	UDG	PF03167.24	1.1e-15
Fodo_XP_031074056.1	123	283	UDG	PF03167.24	1.1e-15
Gtra_XP_007868037.1	105	284	UDG	PF03167.24	9e-16
Mebu_KAF2637353.1	108	286	UDG	PF03167.24	9.5e-16
Ebil_XP_033535350.1	135	304	UDG	PF03167.24	1.1e-15
Mjap_MIJAPON000013297.t1	163	319	UDG	PF03167.24	9.1e-16
Fman_XP_041676707.1	123	283	UDG	PF03167.24	1.1e-15
Etef_Et_s18353-0.4-1.mrna1	152	306	UDG	PF03167.24	1.2e-15
Minc_Minc3s00456g12616	112	270	UDG	PF03167.24	1.1e-15
Chrpic_ENSCPIP00010010351.1	138	296	UDG	PF03167.24	1e-15
Pcol_XP_031455878.1	138	296	UDG	PF03167.24	1e-15
Acor_KAE8348227.1	127	287	UDG	PF03167.24	1.1e-15
Anapla_XP_027305262.1	138	296	UDG	PF03167.24	1.2e-15
Cmos_ENSCMMP00000015438.1	138	296	UDG	PF03167.24	1.2e-15
Acyg_XP_066853459.1	102	260	UDG	PF03167.24	9.2e-16
Vvin_XP_002271878.2	162	316	UDG	PF03167.24	1.2e-15
Pmar_XP_032824236.1	215	373	UDG	PF03167.24	9.4e-16
Cdeu_XP_062881331.1	156	326	UDG	PF03167.24	2.3e-15
Capo_XP_007784285.1	127	284	UDG	PF03167.24	1.1e-15
Auva_XP_025495132.1	131	289	UDG	PF03167.24	1.1e-15
Pmaj_XP_015483056.1	160	318	UDG	PF03167.24	1e-15
Pmaj_XP_015483055.1	160	318	UDG	PF03167.24	1e-15
Naci_XP_033588043.1	152	311	UDG	PF03167.24	1.1e-15
Mmus_XP_006521693.1	140	299	UDG	PF03167.24	2.6e-15
Pyrter_CAA9967026.1	122	302	UDG	PF03167.24	1e-15
Taes_XP_044335040.1	144	298	UDG	PF03167.24	1e-15
Tspe_TraesTSP2D01G605700.1	144	298	UDG	PF03167.24	1e-15
Nmel_XP_021242922.1	130	288	UDG	PF03167.24	9.8e-16
Ever_VDD85913.1	68	226	UDG	PF03167.24	8.5e-16
Atau_XP_020160742.1	144	298	UDG	PF03167.24	1e-15
Cbet_XP_023448938.1	116	283	UDG	PF03167.24	1.9e-15
Aspacu_XP_020056395.1	131	289	UDG	PF03167.24	1.2e-15
Whed_TIA91756.1	86	267	UDG	PF03167.24	9.6e-16
Nmel_XP_021242912.1	138	296	UDG	PF03167.24	1e-15
Btul_TGO10198.1	228	404	UDG	PF03167.24	1.2e-15
Nmel_XP_021242901.1	138	296	UDG	PF03167.24	1e-15
Tmag_PWW75584.1	33	208	UDG	PF03167.24	8.7e-16
Ment_CAK5110697.1	139	297	UDG	PF03167.24	1.5e-15
Abru_XP_025442492.1	131	289	UDG	PF03167.24	1.2e-15
Afij_XP_040799122.1	131	289	UDG	PF03167.24	1.2e-15
Gste_OCL12237.1	136	313	UDG	PF03167.24	9.2e-16
Neopar_EOD52026.1	118	296	UDG	PF03167.24	9.9e-16
Mare_M.Arenaria_Scaff5336g053281	139	297	UDG	PF03167.24	1.5e-15
Mcar_XP_021010976.1	140	299	UDG	PF03167.24	1.3e-15
Acae_XP_031931830.1	152	324	UDG	PF03167.24	1.4e-15
Cyeg_XP_007754423.1	144	317	UDG	PF03167.24	1e-15
Asac_XP_025433704.1	131	289	UDG	PF03167.24	1.4e-15
Caeaur_CAD6188230.1	1138	1293	UDG	PF03167.24	2.1e-15
Tcin_CDO72827.1	119	236	UDG	PF03167.24	1.2e-15
Apscae_KAE8417712.1	152	324	UDG	PF03167.24	1.4e-15
Zcel_XP_033670228.1	97	266	UDG	PF03167.24	1.1e-15
Cgeo_XP_067500423.1	124	282	UDG	PF03167.24	1e-15
Tter_XP_003652462.1	131	289	UDG	PF03167.24	1.4e-15
Cgra_XP_008089545.1	147	307	UDG	PF03167.24	1.2e-15
Sjap_XP_002173736.2	120	277	UDG	PF03167.24	1.2e-15
Acyg_XP_066853456.1	129	287	UDG	PF03167.24	1.1e-15
Lflu_KAF2677798.1	100	274	UDG	PF03167.24	1e-15
Dsil_XP_037557995.2	77	182	UDG	PF03167.24	1e-15
Elat_EMR68994.1	142	301	UDG	PF03167.24	1.7e-15
Pcla_XP_069180954.1	362	514	UDG	PF03167.24	1.8e-15
Caetri_CSP40.g20663.t1	128	283	UDG	PF03167.24	1.4e-15
Corc_XP_022469881.1	132	290	UDG	PF03167.24	1.2e-15
Aacu_XP_025499675.1	133	291	UDG	PF03167.24	1.3e-15
Parr_EPrPR00000020968	167	325	UDG	PF03167.24	1.4e-15
Crei_XP_001703582.2	235	395	UDG	PF03167.24	1.1e-15
Pjir_XP_018228183.1	123	284	UDG	PF03167.24	1.2e-15
Ficalb_XP_005040040.1	187	345	UDG	PF03167.24	1.1e-15
Cust_XP_032912717.1	186	344	UDG	PF03167.24	1.1e-15
Ficalb_XP_005040039.1	187	345	UDG	PF03167.24	1.1e-15
Cust_XP_032912716.1	186	344	UDG	PF03167.24	1.1e-15
Aplcal_XP_005107360.1	66	220	UDG	PF03167.24	1e-15
Aplcal_XP_012942928.1	66	220	UDG	PF03167.24	1e-15
Aplcal_XP_035828040.1	66	220	UDG	PF03167.24	1e-15
Azon_ENSAZOP00000007883.1	130	288	UDG	PF03167.24	1.1e-15
Scan_XP_050844005.1	192	350	UDG	PF03167.24	1.2e-15
Scan_XP_030093687.2	192	350	UDG	PF03167.24	1.2e-15
Crei_XP_042915215.1	241	401	UDG	PF03167.24	1.1e-15
Asprub_XP_040640782.1	162	332	UDG	PF03167.24	1.3e-15
Tasp_XP_024760227.1	123	281	UDG	PF03167.24	1.4e-15
Opic_EPE10240.1	147	304	UDG	PF03167.24	1.3e-15
Cnym_KXH62286.1	138	296	UDG	PF03167.24	1.3e-15
Hcon_XGW18749.1	116	273	UDG	PF03167.24	1.1e-15
Ccor_KZT50762.1	106	233	UDG	PF03167.24	2.7e-15
Ccor_KZT50764.1	106	233	UDG	PF03167.24	2.7e-15
Ubro_SAM82115.1	173	266	UDG	PF03167.24	2.3e-07
Ubro_SAM82115.1	333	392	UDG	PF03167.24	6.6e-06
Lang_XP_019450955.1	136	290	UDG	PF03167.24	1.7e-15
Nbra_WKY00946.1	114	272	UDG	PF03167.24	1.3e-15
Odis_KAF2827713.1	121	279	UDG	PF03167.24	1.3e-15
Eaqu_XP_013253694.1	118	282	UDG	PF03167.24	1.6e-15
Tcan_KHN87212.1	161	319	UDG	PF03167.24	1.2e-15
Caqu_ORY11993.1	119	277	UDG	PF03167.24	1.4e-15
Famb_RSM18933.1	124	282	UDG	PF03167.24	1.4e-15
Twil_T_wilhelma_c24369_g1_i4|m.11637	62	221	UDG	PF03167.24	1.1e-15
Feuw_RTE77326.1	124	282	UDG	PF03167.24	1.4e-15
Fflo_RSL83912.1	124	282	UDG	PF03167.24	1.4e-15
Fkur_RMJ10981.1	124	282	UDG	PF03167.24	1.4e-15
Esid_KIV83005.1	135	311	UDG	PF03167.24	1.2e-15
Pmax_PRIMPAX000009876.t1	133	288	UDG	PF03167.24	1.5e-15
Pmac_PVH97701.1	118	276	UDG	PF03167.24	1.5e-15
Bzei_XP_007714342.1	122	297	UDG	PF03167.24	1.2e-15
Anapla_XP_027305260.1	157	315	UDG	PF03167.24	1.3e-15
Anapla_XP_027305256.1	157	315	UDG	PF03167.24	1.3e-15
Utri_SPO30945.1	162	303	UDG	PF03167.24	2e-15
Pchl_KKY18818.1	169	336	UDG	PF03167.24	3.1e-15
Tfoe_XP_068352279.1	100	261	UDG	PF03167.24	1.8e-15
Lcom_lcpid36343|	95	254	UDG	PF03167.24	1.3e-15
Ebur_ENSEBUP00000025833.1	126	291	UDG	PF03167.24	1.3e-15
Aspfla_XP_041142902.1	312	484	UDG	PF03167.24	1.8e-15
Dsym_XP_033522451.1	110	289	UDG	PF03167.24	1.4e-15
Shar_XP_031795949.1	111	269	UDG	PF03167.24	1.5e-15
Linelo_KAK5816408.1	153	270	UDG	PF03167.24	7.7e-15
Mjav_M.Javanica_Scaff603g008062	139	297	UDG	PF03167.24	1.7e-15
Csp.CBS134916_RMZ86592.1	654	766	UDG	PF03167.24	2e-15
Acam_XP_024691505.1	126	287	UDG	PF03167.24	1.6e-15
Pinv_KIJ15194.1	27	166	UDG	PF03167.24	1.2e-15
Pvul_XP_057105362.1	126	289	UDG	PF03167.24	1.3e-15
Rves_OJA10740.1	108	279	UDG	PF03167.24	1.4e-15
Mare_M.Arenaria_Scaff893g016530	135	293	UDG	PF03167.24	1.4e-15
Acan_XP_024669531.1	126	287	UDG	PF03167.24	1.5e-15
Macu_XP_064961385.1	244	398	UDG	PF03167.24	2.5e-15
Tcas_ODV91249.1	73	235	UDG	PF03167.24	1.3e-15
Cjad_XP_020073471.1	121	277	UDG	PF03167.24	1.7e-15
Csp.DSE1049_PVH72249.1	134	292	UDG	PF03167.24	1.4e-15
Mmay_XP_011389198.1	210	430	UDG	PF03167.24	1.5e-13
Fexc_FRAEX38873_v2_000080220.1.cds	151	305	UDG	PF03167.24	1.5e-15
Macu_XP_064961384.1	246	400	UDG	PF03167.24	2.6e-15
Mcar_XP_021029143.2	140	299	UDG	PF03167.24	1.8e-15
Psp.CONT_KZV59155.1	12	171	UDG	PF03167.24	1.2e-15
Tmel_XP_002838427.1	111	286	UDG	PF03167.24	1.5e-15
Acrnan_ACRNAN_scaffold19846.g6835.t1	54	211	UDG	PF03167.24	1.2e-15
Osat_XP_015634353.1	137	291	UDG	PF03167.24	1.5e-15
Cneo_XP_566917.1	175	345	UDG	PF03167.24	2.1e-15
Dronov_XP_025973722.1	102	260	UDG	PF03167.24	1.4e-15
Dronov_XP_064369739.1	102	260	UDG	PF03167.24	1.4e-15
Dronov_XP_064369744.1	102	260	UDG	PF03167.24	1.4e-15
Dronov_XP_064369754.1	102	260	UDG	PF03167.24	1.4e-15
Camy_XP_018992268.1	100	221	UDG	PF03167.24	4.5e-15
Lpyr_XP_015656955.1	210	372	UDG	PF03167.24	1.5e-15
Lpyr_XP_015656956.1	210	372	UDG	PF03167.24	1.5e-15
Lpyr_XP_015656957.1	210	372	UDG	PF03167.24	1.5e-15
Drovir_XP_002054389.1	86	261	UDG	PF03167.24	1.7e-15
Pmur_XP_007873570.1	106	264	UDG	PF03167.24	1.6e-15
Bgra_CAD6501379.1	130	293	UDG	PF03167.24	2.5e-15
Fnub_XP_022499632.1	134	296	UDG	PF03167.24	2.1e-15
Fped_XP_013281787.1	134	296	UDG	PF03167.24	2e-15
Shar_XP_031795948.1	134	292	UDG	PF03167.24	1.7e-15
Shar_XP_031795947.1	135	293	UDG	PF03167.24	1.7e-15
Aplcal_XP_005107359.1	93	247	UDG	PF03167.24	1.4e-15
Exen_XP_013315461.1	131	307	UDG	PF03167.24	1.9e-15
Mlei_ML073270a-PA	37	187	UDG	PF03167.24	1.5e-15
Mare_M.Arenaria_Scaff5002g051473	112	270	UDG	PF03167.24	1.5e-15
Mjav_M.Javanica_Scaff4196g033344	112	270	UDG	PF03167.24	1.5e-15
Taru_RFU74256.1	126	284	UDG	PF03167.24	1.9e-15
Tmag_PWW77391.1	49	209	UDG	PF03167.24	1.4e-15
Cber_PPJ49911.1	116	283	UDG	PF03167.24	1.7e-15
Csp.2T21_KAB5549873.1	139	297	UDG	PF03167.24	2.1e-15
Post_XP_036633975.1	117	290	UDG	PF03167.24	3.5e-15
Punstr_XP_007385150.1	58	215	UDG	PF03167.24	1.5e-15
Easi_XP_014721282.1	105	264	UDG	PF03167.24	1.6e-15
Ecab_XP_023487338.1	105	264	UDG	PF03167.24	1.6e-15
Ecab_XP_070110671.1	105	264	UDG	PF03167.24	1.6e-15
Ecab_XP_070110672.1	105	264	UDG	PF03167.24	1.6e-15
Msp.DMIDodQoI_KAE8444130.1	133	291	UDG	PF03167.24	1.7e-15
Psp.DS3sAY3a_OAL54008.1	120	293	UDG	PF03167.24	1.6e-15
Nins_OAA54339.1	240	401	UDG	PF03167.24	2e-15
Gtra_XP_007862979.1	52	210	UDG	PF03167.24	1.4e-15
Hchr_KFH45473.1	129	287	UDG	PF03167.24	1.8e-15
Easi_XP_070363272.1	105	264	UDG	PF03167.24	1.6e-15
Ecab_XP_070110673.1	105	264	UDG	PF03167.24	1.6e-15
Ecab_XP_070110674.1	105	264	UDG	PF03167.24	1.6e-15
Ecab_XP_070110675.1	105	264	UDG	PF03167.24	1.6e-15
Pcin_XP_020838036.1	103	262	UDG	PF03167.24	1.7e-15
Dimm_MCP9259546.1	91	249	UDG	PF03167.24	1.7e-15
Dronov_XP_025973720.1	128	286	UDG	PF03167.24	1.7e-15
Tvir_XP_013959453.1	126	284	UDG	PF03167.24	2.1e-15
Sdig_sdigi.contig13.g1328.t1	120	277	UDG	PF03167.24	2.1e-15
Cnig_PIC43036.1	125	280	UDG	PF03167.24	1.6e-15
Pnod_XP_001804317.1	105	283	UDG	PF03167.24	1.7e-15
Alep_KAB8079507.1	148	320	UDG	PF03167.24	1.5e-15
Pcya_PPQ88315.1	121	305	UDG	PF03167.24	2.4e-15
Bgal_THV50569.1	236	404	UDG	PF03167.24	2e-15
Gloz_XP_008088818.1	125	283	UDG	PF03167.24	1.8e-15
Bnar_TGO66055.1	228	404	UDG	PF03167.24	1.8e-15
Lpol_XP_022245450.1	140	259	UDG	PF03167.24	1.7e-15
Corcap_OMO60718.1	137	277	UDG	PF03167.24	2.2e-15
Kfed_Kaladp0071s0426.2.v1.1	182	336	UDG	PF03167.24	2.4e-15
Kfed_Kaladp0071s0426.3.v1.1	182	336	UDG	PF03167.24	2.4e-15
Csp.2T21_KAB5578457.1	139	297	UDG	PF03167.24	2.2e-15
Hsub_KJA26107.1	153	317	UDG	PF03167.24	1.8e-15
Aram_KKK24413.1	130	288	UDG	PF03167.24	2.1e-15
Aoch_XP_040751554.1	130	288	UDG	PF03167.24	2.1e-15
Ogla_XP_052151104.1	137	291	UDG	PF03167.24	1.7e-15
Ahed_KAF1988344.1	135	293	UDG	PF03167.24	2e-15
Kfed_Kaladp0071s0426.1.v1.1	187	341	UDG	PF03167.24	2.5e-15
Kfed_Kaladp0071s0426.4.v1.1	187	341	UDG	PF03167.24	2.5e-15
Psp.DS3sAY3a_OAL46264.1	123	281	UDG	PF03167.24	1.8e-15
Cpla_KKF97216.1	125	286	UDG	PF03167.24	2.3e-15
Vurs_XP_027714423.1	100	257	UDG	PF03167.24	1.8e-15
Vurs_XP_027714425.1	100	257	UDG	PF03167.24	1.8e-15
Spis_XP_022784575.1	235	350	UDG	PF03167.24	4.4e-15
Clig_OIW26175.1	135	293	UDG	PF03167.24	2.1e-15
Catt_XP_017998810.1	124	292	UDG	PF03167.24	2.2e-15
Bcin_XP_001550340.2	241	414	UDG	PF03167.24	2.2e-15
Hgri_PGH19071.1	630	792	UDG	PF03167.24	5.5e-15
Achi_PSS01173.1	174	328	UDG	PF03167.24	1.8e-15
Easi_XP_014721280.1	129	288	UDG	PF03167.24	1.9e-15
Ecab_XP_014592261.2	129	288	UDG	PF03167.24	1.9e-15
Tgui_OPB44351.1	126	284	UDG	PF03167.24	2.2e-15
Cmin_TKA70668.1	128	287	UDG	PF03167.24	2e-15
Cmin_TKA71284.1	128	287	UDG	PF03167.24	2e-15
Nleu_XP_003269987.1	128	287	UDG	PF03167.24	1.9e-15
Dronov_XP_064369728.1	147	305	UDG	PF03167.24	1.8e-15
Easi_XP_014721281.1	129	288	UDG	PF03167.24	1.9e-15
Ecab_XP_014592262.2	129	288	UDG	PF03167.24	1.9e-15
Lasthe_XP_035371058.1	127	294	UDG	PF03167.24	1.7e-15
Pcin_XP_020838033.1	127	286	UDG	PF03167.24	1.9e-15
Pabe_XP_002823714.1	129	288	UDG	PF03167.24	1.9e-15
Ouni_PFH62123.1	88	273	UDG	PF03167.24	1.5e-15
Phosin_XP_032500167.1	102	261	UDG	PF03167.24	2e-15
Phosin_XP_032500168.1	102	261	UDG	PF03167.24	2e-15
Pcin_XP_020838034.1	126	285	UDG	PF03167.24	1.9e-15
Hsul_TFK45995.1	127	287	UDG	PF03167.24	3.2e-15
Bbot_KDQ10527.1	119	231	UDG	PF03167.24	1.8e-15
Aind_PYI29407.1	131	289	UDG	PF03167.24	2.3e-15
Phosin_XP_032500169.1	127	286	UDG	PF03167.24	1.8e-15
Ajap_XP_025523375.1	131	289	UDG	PF03167.24	2.3e-15
Avio_PYI19765.1	131	289	UDG	PF03167.24	2.3e-15
Xfla_TRX95033.1	146	304	UDG	PF03167.24	2.7e-15
Btau_XP_024847503.1	106	265	UDG	PF03167.24	1.9e-15
Cspi_TDZ40263.1	131	289	UDG	PF03167.24	2.1e-15
Thar_XP_024774782.1	126	284	UDG	PF03167.24	2.4e-15
Bgru_ENSBGRP00000031676.1	106	265	UDG	PF03167.24	1.9e-15
Utri_SPO29609.1	165	296	UDG	PF03167.24	2.5e-15
Pmin_XP_007914549.1	132	292	UDG	PF03167.24	4.8e-15
Lvar_XP_041458409.1	146	284	UDG	PF03167.24	5.7e-15
Cdro_XP_064347731.1	129	288	UDG	PF03167.24	1.9e-15
Vpac_XP_015096134.1	129	288	UDG	PF03167.24	1.9e-15
Sdic_XP_008613363.1	115	273	UDG	PF03167.24	1.8e-15
Cdro_XP_064347730.1	129	288	UDG	PF03167.24	1.9e-15
Maur_XP_040611086.1	101	260	UDG	PF03167.24	2e-15
Maur_XP_040611087.1	101	260	UDG	PF03167.24	2e-15
Fmon_XP_022507236.1	134	296	UDG	PF03167.24	2.6e-15
Mmos_ENSMMSP00000029504.1	124	283	UDG	PF03167.24	2.2e-15
Ggor_XP_063550332.1	104	263	UDG	PF03167.24	2e-15
Clup_XP_038414801.1	105	264	UDG	PF03167.24	2e-15
Mmos_ENSMMSP00000029491.1	126	285	UDG	PF03167.24	2.2e-15
Mmus_XP_030100908.1	116	275	UDG	PF03167.24	2.2e-15
Apstam_XP_031914214.1	152	324	UDG	PF03167.24	2.7e-15
Mmus_NP_035691.2	116	275	UDG	PF03167.24	2.2e-15
Lana_XP_013405579.1	155	310	UDG	PF03167.24	2.3e-15
Mmus_NP_001345446.1	140	299	UDG	PF03167.24	2.5e-15
Vpac_XP_015096133.1	104	263	UDG	PF03167.24	2e-15
Corb_TDZ20311.1	131	289	UDG	PF03167.24	2.2e-15
Csid_TEA22515.1	131	289	UDG	PF03167.24	2.2e-15
Ctri_TDZ60555.1	131	289	UDG	PF03167.24	2.2e-15
Fcyl_OEU11767.1	40	224	UDG	PF03167.24	1.8e-15
Smoe_XP_024523287.1	201	358	UDG	PF03167.24	2e-15
Mmos_ENSMMSP00000029478.1	127	286	UDG	PF03167.24	2.2e-15
Mmus_NP_766140.2	140	299	UDG	PF03167.24	2.5e-15
Epul_POS82115.1	228	391	UDG	PF03167.24	2.2e-15
Lwil_TVY86856.1	536	693	UDG	PF03167.24	2.7e-15
Pman_XP_006979928.1	102	261	UDG	PF03167.24	2e-15
Pman_XP_042119115.1	102	261	UDG	PF03167.24	2e-15
Ssur_XP_029809445.1	104	263	UDG	PF03167.24	2e-15
Fdam_XP_010629635.1	106	265	UDG	PF03167.24	2.1e-15
Chan_KAF4022596.1	106	265	UDG	PF03167.24	2e-15
Lafr_XP_023394799.1	105	264	UDG	PF03167.24	2e-15
Ddis_XP_642149.1	177	333	UDG	PF03167.24	2.1e-15
Mput_XP_044940701.1	105	264	UDG	PF03167.24	2e-15
Smoe_XP_024520265.1	201	358	UDG	PF03167.24	2e-15
Itri_XP_013212770.1	105	264	UDG	PF03167.24	2.1e-15
Cgri_XP_027248341.1	101	260	UDG	PF03167.24	2e-15
Dasnov_XP_071075135.1	105	264	UDG	PF03167.24	2e-15
Tsti_XP_002478048.1	126	286	UDG	PF03167.24	2.3e-15
Dasnov_XP_071075134.1	105	264	UDG	PF03167.24	2.1e-15
Rnor_XP_038934170.1	101	260	UDG	PF03167.24	2e-15
Chir_XP_017903674.1	130	289	UDG	PF03167.24	2.2e-15
Sniv_KZS92509.1	125	290	UDG	PF03167.24	2.5e-15
Vpac_XP_031539040.1	129	288	UDG	PF03167.24	2.1e-15
Rnor_NP_446181.2	101	260	UDG	PF03167.24	2e-15
Amin_KAB8269780.1	152	324	UDG	PF03167.24	2.9e-15
Triatr_XP_013938529.1	125	283	UDG	PF03167.24	2.4e-15
Gloz_XP_008088661.1	144	301	UDG	PF03167.24	2.1e-15
Cwag_ENSCWAP00000028308.1	129	288	UDG	PF03167.24	2e-15
Vdah_XP_009648128.1	127	288	UDG	PF03167.24	2.1e-15
Mpah_XP_029398352.1	116	275	UDG	PF03167.24	2.2e-15
Mspi_ENSMSIP00000002332.1	140	299	UDG	PF03167.24	2.5e-15
Mmon_XP_029061959.1	127	286	UDG	PF03167.24	2.3e-15
Mmon_XP_029061958.1	128	287	UDG	PF03167.24	2.3e-15
Dleu_XP_022455705.1	127	286	UDG	PF03167.24	2.3e-15
Phosin_XP_032500165.1	127	286	UDG	PF03167.24	2.3e-15
Aqui_KAF1920335.1	121	279	UDG	PF03167.24	2.3e-15
Rmel_TDL22054.1	111	309	UDG	PF03167.24	3.1e-15
Fpin_EPT05801	106	280	UDG	PF03167.24	2.1e-15
Btau_NP_001077165.1	130	289	UDG	PF03167.24	2.2e-15
Uthi_ENSUTTP00000034624.1	123	282	UDG	PF03167.24	2.1e-15
Sbol_XP_003929673.1	129	288	UDG	PF03167.24	2.3e-15
Sbru_KAA8909481.1	116	279	UDG	PF03167.24	2.1e-15
Ailmel_XP_011218350.1	129	288	UDG	PF03167.24	2.2e-15
Ttru_XP_033722074.1	103	262	UDG	PF03167.24	2.4e-15
Hsap_XP_047285442.1	125	284	UDG	PF03167.24	2.3e-15
Rfer_XP_032973908.1	129	288	UDG	PF03167.24	2.3e-15
Rfer_XP_032973907.1	129	288	UDG	PF03167.24	2.3e-15
Mmon_XP_029061961.1	127	286	UDG	PF03167.24	2.3e-15
Kbra_XP_016290415.2	212	429	UDG	PF03167.24	1.4e-13
Mmon_XP_029061960.1	128	287	UDG	PF03167.24	2.3e-15
Mluc_XP_014307005.1	129	288	UDG	PF03167.24	2.3e-15
Lafr_XP_003405350.1	129	288	UDG	PF03167.24	2.3e-15
Oari_XP_027823476.1	130	289	UDG	PF03167.24	2.2e-15
Cang_XP_011790583.1	125	284	UDG	PF03167.24	2.3e-15
Phosin_XP_032500166.1	127	286	UDG	PF03167.24	2.3e-15
Dleu_XP_022455706.1	127	286	UDG	PF03167.24	2.3e-15
Mluc_XP_006084125.2	129	288	UDG	PF03167.24	2.3e-15
Mpah_XP_021060725.1	140	299	UDG	PF03167.24	2.5e-15
Psim_ENSPSMP00000016818.1	123	282	UDG	PF03167.24	2.2e-15
Maur_XP_040588157.1	159	318	UDG	PF03167.24	2.5e-15
Lafr_XP_010598089.1	129	288	UDG	PF03167.24	2.3e-15
Pmag_XP_055078530.1	194	347	UDG	PF03167.24	2.5e-15
Maur_XP_040611084.1	125	284	UDG	PF03167.24	2.3e-15
Maur_XP_040611083.1	125	284	UDG	PF03167.24	2.3e-15
Pmag_XP_055078529.1	197	350	UDG	PF03167.24	2.5e-15
Cimi_XP_017395860.1	129	288	UDG	PF03167.24	2.3e-15
Uthi_ENSUTTP00000034619.1	129	288	UDG	PF03167.24	2.2e-15
Hsap_NP_003202.3	129	288	UDG	PF03167.24	2.3e-15
Anan_XP_021531226.2	129	288	UDG	PF03167.24	2.3e-15
Ttri_CDW58262.1	99	268	UDG	PF03167.24	2.5e-15
Ouni_PFH59511.1	166	326	UDG	PF03167.24	2.7e-15
Clup_XP_038414800.1	129	288	UDG	PF03167.24	2.3e-15
Vvul_XP_025868818.1	129	288	UDG	PF03167.24	2.3e-15
Rrox_XP_010355585.2	129	288	UDG	PF03167.24	2.3e-15
Cang_XP_011790573.1	129	288	UDG	PF03167.24	2.3e-15
Ggra_EJT80836	165	294	UDG	PF03167.24	2.1e-15
Ggor_XP_018893920.2	129	288	UDG	PF03167.24	2.3e-15
Maur_XP_040611085.1	125	284	UDG	PF03167.24	2.3e-15
Hbic_XP_024738740.1	283	442	UDG	PF03167.24	2.9e-15
Psim_ENSPSMP00000016816.1	126	285	UDG	PF03167.24	2.2e-15
Odeg_XP_023572744.1	138	297	UDG	PF03167.24	2.2e-15
Zcal_XP_027449604.1	129	288	UDG	PF03167.24	2.3e-15
Mung_XP_021516848.1	101	260	UDG	PF03167.24	2.2e-15
Ppan_XP_003832614.1	129	288	UDG	PF03167.24	2.3e-15
Ptro_XP_509324.3	129	288	UDG	PF03167.24	2.3e-15
Ngal_XP_008841378.1	128	287	UDG	PF03167.24	2.3e-15
Tcit_XP_024751607.1	127	285	UDG	PF03167.24	3.3e-15
Sscr_XP_020948293.1	129	288	UDG	PF03167.24	2.2e-15
Eeur_XP_007527978.2	130	289	UDG	PF03167.24	2.3e-15
Cjac_XP_002752967.1	129	288	UDG	PF03167.24	2.3e-15
Hgui_SGZ40323.1	125	294	UDG	PF03167.24	2.2e-15
Tgel_XP_025257489.1	125	284	UDG	PF03167.24	2.3e-15
Eeur_XP_016045810.1	130	289	UDG	PF03167.24	2.3e-15
Smoe_XP_024520263.1	219	376	UDG	PF03167.24	2.3e-15
Piltep_XP_023045707.1	129	288	UDG	PF03167.24	2.3e-15
Vpac_XP_015096132.1	129	288	UDG	PF03167.24	2.3e-15
Etel_XP_045145214.1	129	288	UDG	PF03167.24	2.3e-15
Sdau_ENSSDAP00000024334.1	127	286	UDG	PF03167.24	2.3e-15
Etel_XP_012859509.1	129	288	UDG	PF03167.24	2.3e-15
Mleu_XP_011830880.1	125	284	UDG	PF03167.24	2.3e-15
Psim_ENSPSMP00000016814.1	129	288	UDG	PF03167.24	2.3e-15
Vlon_CRK12353.1	183	344	UDG	PF03167.24	2.5e-15
Uame_XP_045635482.1	129	288	UDG	PF03167.24	2.3e-15
Upar_XP_026254403.1	129	288	UDG	PF03167.24	2.3e-15
Mmar_XP_015338319.1	129	288	UDG	PF03167.24	2.3e-15
Nvis_XP_044083051.1	129	288	UDG	PF03167.24	2.3e-15
Itri_XP_005322402.1	129	288	UDG	PF03167.24	2.3e-15
Mput_XP_004743083.1	129	288	UDG	PF03167.24	2.3e-15
Umar_XP_040493323.1	129	288	UDG	PF03167.24	2.3e-15
Pvam_XP_039733860.1	135	294	UDG	PF03167.24	2.4e-15
Panu_XP_003907115.1	129	288	UDG	PF03167.24	2.3e-15
Tgel_XP_025257488.1	129	288	UDG	PF03167.24	2.3e-15
Pvam_XP_039733861.1	135	294	UDG	PF03167.24	2.4e-15
Upar_XP_026254399.1	129	288	UDG	PF03167.24	2.3e-15
Mmar_XP_015338320.1	129	288	UDG	PF03167.24	2.3e-15
Scoe_OMJ92291.1	112	272	UDG	PF03167.24	2.1e-15
Itri_XP_013212769.1	129	288	UDG	PF03167.24	2.3e-15
Mfas_XP_005572117.3	129	288	UDG	PF03167.24	2.3e-15
Mmul_XP_015008109.2	129	288	UDG	PF03167.24	2.3e-15
Mnem_XP_011767353.1	129	288	UDG	PF03167.24	2.3e-15
Ppar_XP_019302166.1	129	288	UDG	PF03167.24	2.3e-15
Ptig_XP_042848990.1	129	288	UDG	PF03167.24	2.3e-15
Cgri_XP_027248340.1	125	284	UDG	PF03167.24	2.3e-15
Nlep_KZT18927.1	112	291	UDG	PF03167.24	2.7e-15
Caty_XP_011888044.1	129	288	UDG	PF03167.24	2.3e-15
Ssur_XP_029809444.1	129	288	UDG	PF03167.24	2.3e-15
Pleo_XP_042803494.1	129	288	UDG	PF03167.24	2.3e-15
Cgri_XP_027248339.1	125	284	UDG	PF03167.24	2.3e-15
Mleu_XP_011830879.1	129	288	UDG	PF03167.24	2.3e-15
Soct_XP_013019227.1	131	289	UDG	PF03167.24	2.5e-15
Dasnov_XP_004446853.1	129	288	UDG	PF03167.24	2.3e-15
Bmus_XP_036723482.1	104	263	UDG	PF03167.24	2.5e-15
Bmus_XP_036723484.1	104	263	UDG	PF03167.24	2.5e-15
Fcat_XP_006934045.2	129	288	UDG	PF03167.24	2.3e-15
Dasnov_XP_004446852.1	129	288	UDG	PF03167.24	2.3e-15
Lcan_XP_030176264.1	129	288	UDG	PF03167.24	2.3e-15
Csab_XP_008002649.1	129	288	UDG	PF03167.24	2.3e-15
Csyr_XP_008062313.1	129	288	UDG	PF03167.24	2.4e-15
Jjac_XP_045007595.1	132	291	UDG	PF03167.24	2.4e-15
Jjac_XP_045007594.1	132	291	UDG	PF03167.24	2.4e-15
Lpus_KAA6413049.1	129	288	UDG	PF03167.24	2.6e-15
Psp.SRC1lsM3a_OAK99804.1	121	279	UDG	PF03167.24	2.5e-15
Rnor_XP_038934169.1	125	284	UDG	PF03167.24	2.3e-15
Psim_ENSPSMP00000016821.1	136	295	UDG	PF03167.24	2.4e-15
Pisver_XP_031265138.1	147	301	UDG	PF03167.24	2.3e-15
Sdau_ENSSDAP00000024342.1	134	293	UDG	PF03167.24	2.4e-15
Umar_XP_040493322.1	129	288	UDG	PF03167.24	2.4e-15
Hsp.CO275_OTA82134.1	135	293	UDG	PF03167.24	3.2e-15
Rnor_NP_001375432.1	125	284	UDG	PF03167.24	2.3e-15
Ogar_XP_003783341.1	129	288	UDG	PF03167.24	2.3e-15
Lsey_KPI85855.1	235	397	UDG	PF03167.24	2.4e-15
Csav_ENSCSAVP00000005360.1	36	193	UDG	PF03167.24	2.1e-15
Cgri_XP_027248338.1	133	292	UDG	PF03167.24	2.4e-15
Ttru_XP_019808024.1	127	286	UDG	PF03167.24	2.4e-15
Tisl_CRG84651.1	131	288	UDG	PF03167.24	2.5e-15
Rdio_TNY22014.1	160	324	UDG	PF03167.24	2.6e-15
Cgri_XP_027248337.1	133	292	UDG	PF03167.24	2.4e-15
Dord_XP_012878311.1	134	293	UDG	PF03167.24	2.4e-15
Bmay_ENI04069.1	117	296	UDG	PF03167.24	2.5e-15
Ogar_XP_023364977.1	129	288	UDG	PF03167.24	2.3e-15
Dord_XP_012878302.1	134	293	UDG	PF03167.24	2.4e-15
Ccyl_RDW73273.1	133	296	UDG	PF03167.24	3.5e-15
Mmur_XP_012628165.1	129	288	UDG	PF03167.24	2.4e-15
Tmar_XP_054116604.1	125	283	UDG	PF03167.24	2.9e-15
Scom_XP_019022117.1	107	274	UDG	PF03167.24	2.2e-15
Ogar_XP_023364976.1	135	294	UDG	PF03167.24	2.4e-15
Sara_XP_054973929.1	140	299	UDG	PF03167.24	2.4e-15
Ccan_XP_020007955.1	129	288	UDG	PF03167.24	2.4e-15
Bmes_THH20307.1	138	277	UDG	PF03167.24	3.4e-15
Clan_XP_005374637.1	131	290	UDG	PF03167.24	2.5e-15
Ttru_XP_019808020.1	127	286	UDG	PF03167.24	2.7e-15
Ogar_XP_023364975.1	135	294	UDG	PF03167.24	2.4e-15
Smac_XP_003347502.1	158	318	UDG	PF03167.24	2.7e-15
Odeg_XP_004623978.1	138	297	UDG	PF03167.24	2.5e-15
Hgla_XP_021114056.1	103	253	UDG	PF03167.24	2.6e-15
Vgal_XP_016212615.1	131	289	UDG	PF03167.24	2.9e-15
Scivul_ENSSVLP00005012898.1	129	288	UDG	PF03167.24	2.5e-15
Mung_XP_021516847.1	125	284	UDG	PF03167.24	2.5e-15
Ttru_XP_019808022.1	127	286	UDG	PF03167.24	2.7e-15
Mung_XP_021516846.1	125	284	UDG	PF03167.24	2.5e-15
Tgam_XP_018662199.2	232	390	UDG	PF03167.24	3.8e-15
Ltra_XP_021878427.1	33	156	UDG	PF03167.24	1.7e-14
Rbie_XP_017750791.1	129	288	UDG	PF03167.24	2.8e-15
Dgau_KAF1837961.1	124	282	UDG	PF03167.24	2.8e-15
Ccra_RDW87513.1	133	296	UDG	PF03167.24	3.9e-15
Xgra_RWA11434.1	129	288	UDG	PF03167.24	7.2e-15
Uhor_XP_041414291.1	173	266	UDG	PF03167.24	3.4e-07
Lcer_TVY55325.1	184	341	UDG	PF03167.24	2.9e-15
Bmus_XP_036723481.1	128	287	UDG	PF03167.24	2.8e-15
Bmut_XP_005899138.3	177	336	UDG	PF03167.24	2.8e-15
Bgru_ENSBGRP00000031597.1	177	336	UDG	PF03167.24	2.8e-15
Bbis_XP_010851720.1	177	336	UDG	PF03167.24	2.8e-15
Bind_XP_019816758.2	177	336	UDG	PF03167.24	2.8e-15
Qsub_XP_023909230.1	152	306	UDG	PF03167.24	3.5e-15
Acas_XP_004348493.1	156	316	UDG	PF03167.24	2.6e-15
Cjac_XP_054094773.1	168	327	UDG	PF03167.24	2.8e-15
Ctet_XP_066615867.1	184	354	UDG	PF03167.24	4.8e-15
Concor_KXN69195.1	133	298	UDG	PF03167.24	2.8e-15
Cgat_XP_003191643.1	184	354	UDG	PF03167.24	4.8e-15
Pman_XP_042119114.1	177	336	UDG	PF03167.24	3e-15
Pman_XP_042119113.1	177	336	UDG	PF03167.24	3e-15
Sapi_XP_016642149.1	117	279	UDG	PF03167.24	3.1e-15
Rchi_XP_024191847.1	197	352	UDG	PF03167.24	7e-15
Ksha_XP_065823678.1	186	363	UDG	PF03167.24	1.2e-14
Hsp.CI4A_OTB05068.1	137	295	UDG	PF03167.24	3.4e-15
Hsp.EC38_OTA68589.1	135	293	UDG	PF03167.24	3.7e-15
Ocun_XP_051701801.1	129	288	UDG	PF03167.24	2.9e-15
Mebu_KAF2641244.1	118	276	UDG	PF03167.24	3.5e-15
Hsp.CI4A_OTB04467.1	128	302	UDG	PF03167.24	3.3e-15
Cpor_XP_023418888.1	129	288	UDG	PF03167.24	3e-15
Ooch_VDK74189.1	121	279	UDG	PF03167.24	3.7e-15
Eaff_XP_023343304.1	770	914	UDG	PF03167.24	3.4e-15
Eaff_XP_023343303.1	771	915	UDG	PF03167.24	3.4e-15
Hgla_XP_004844891.1	127	277	UDG	PF03167.24	3e-15
Lloa_XP_003137054.1	121	279	UDG	PF03167.24	4.8e-15
Cpor_XP_003461121.1	130	289	UDG	PF03167.24	3e-15
Gcic_RKF75007.1	138	302	UDG	PF03167.24	2.8e-15
Ssue_KZT42171.1	174	339	UDG	PF03167.24	3.6e-15
Dfra_TFY54345.1	137	242	UDG	PF03167.24	3.4e-15
Mspr_MGP_SPRETEiJ_P0025425	140	299	UDG	PF03167.24	3.6e-15
Rsp.CCFEE5018_OQO19753	171	320	UDG	PF03167.24	8.8e-15
Pnod_XP_001802222.1	121	279	UDG	PF03167.24	3.3e-15
Hann_XP_021999989.1	218	372	UDG	PF03167.24	4.3e-15
Opri_XP_004589838.2	135	294	UDG	PF03167.24	2.9e-15
Canvis_RCK57938.1	156	324	UDG	PF03167.24	4.5e-15
Cbac_XP_066604970.1	184	354	UDG	PF03167.24	5.9e-15
Smac_XP_003352881.1	149	341	UDG	PF03167.24	3.5e-15
Lsal_XP_040579474.1	470	611	UDG	PF03167.24	4.6e-15
Char_XP_042565360.1	81	238	UDG	PF03167.24	3.3e-15
Dpte_XP_027202822.1	72	225	UDG	PF03167.24	3.6e-15
Hann_XP_021999838.1	220	374	UDG	PF03167.24	4.5e-15
Thethe_XP_003659139.1	127	285	UDG	PF03167.24	3.5e-15
Xcou_XP_027855341.1	147	299	UDG	PF03167.24	3.3e-15
Drug_XP_034012331.1	181	348	UDG	PF03167.24	3.8e-15
Cucsat_XP_004140430.1	152	306	UDG	PF03167.24	3.1e-15
Cdep_XP_066070339.1	163	331	UDG	PF03167.24	4.3e-15
Hpin_KIJ63103.1	100	215	UDG	PF03167.24	3.1e-15
Abom_XP_022393771.1	287	458	UDG	PF03167.24	4.1e-15
Tripse_KAL1285072.1	128	286	UDG	PF03167.24	4.3e-15
Oaus_PHH67034.1	123	281	UDG	PF03167.24	3.9e-15
Dipcor_CAL3972314.1	133	291	UDG	PF03167.24	3.5e-15
Jjac_XP_044986282.1	132	291	UDG	PF03167.24	3.3e-15
Maur_XP_040611081.1	236	395	UDG	PF03167.24	3.8e-15
Xtro_NP_001004982.1	164	313	UDG	PF03167.24	5.4e-15
Ppol_XP_037070955.1	130	244	UDG	PF03167.24	3.7e-15
Maur_XP_040611082.1	236	395	UDG	PF03167.24	3.8e-15
Tzim_KRZ06126.1	128	286	UDG	PF03167.24	4.3e-15
Xcou_XP_027855339.1	163	315	UDG	PF03167.24	3.6e-15
Ctor_KIY69095.1	97	260	UDG	PF03167.24	8.7e-15
Tpap_KRZ73296.1	128	286	UDG	PF03167.24	4.3e-15
Atan_XP_033429372.1	131	289	UDG	PF03167.24	3.9e-15
Xmac_XP_023181172.1	166	318	UDG	PF03167.24	3.7e-15
Pgra_TFL04302.1	153	276	UDG	PF03167.24	3.4e-15
Cave_XP_059446120.1	159	313	UDG	PF03167.24	3.9e-15
Ovol_OVOC8383	131	289	UDG	PF03167.24	4.1e-15
Pcar_XP_007389794.1	140	280	UDG	PF03167.24	4e-15
Mcon_RPB13284.1	125	287	UDG	PF03167.24	3.4e-15
Pnecar_XP_018226655.1	124	282	UDG	PF03167.24	4e-15
Xcou_XP_027855323.1	178	330	UDG	PF03167.24	3.9e-15
Xcou_XP_027855331.1	178	330	UDG	PF03167.24	3.9e-15
Xmac_XP_005810308.1	181	333	UDG	PF03167.24	4e-15
Xmac_XP_005810309.1	181	333	UDG	PF03167.24	4e-15
Tree_XP_006966554.1	127	285	UDG	PF03167.24	5.9e-15
Abis_XP_006458768.1	114	288	UDG	PF03167.24	4.9e-15
Slut_KIK40231.1	123	301	UDG	PF03167.24	4.6e-15
Cwin_XP_019032503.1	175	344	UDG	PF03167.24	7.1e-15
Partri_PTRK_0001328400.1	135	290	UDG	PF03167.24	4.5e-15
Nful_ODQ68357.1	2	159	UDG	PF03167.24	2.9e-15
Rtor_XP_016271332.1	87	221	UDG	PF03167.24	3.8e-15
Cgri_XP_027245828.2	101	260	UDG	PF03167.24	3.7e-15
Lsat_XP_023758176.1	238	392	UDG	PF03167.24	6.3e-15
Hrub_XP_046583094.1	59	219	UDG	PF03167.24	3.5e-15
Hrub_XP_046583095.1	59	219	UDG	PF03167.24	3.5e-15
Hrub_XP_046583096.1	59	219	UDG	PF03167.24	3.5e-15
Hrub_XP_046583097.1	59	219	UDG	PF03167.24	3.5e-15
Hrub_XP_046583098.1	59	219	UDG	PF03167.24	3.5e-15
Hrub_XP_046583099.1	59	219	UDG	PF03167.24	3.5e-15
Hrub_XP_046583101.1	59	219	UDG	PF03167.24	3.5e-15
Aste_XP_024705794.1	134	292	UDG	PF03167.24	5e-15
Mesc_XP_021608332.1	160	314	UDG	PF03167.24	4e-15
Camy_XP_018996860.1	175	344	UDG	PF03167.24	7.1e-15
Locc_TVY37957.1	23	205	UDG	PF03167.24	3.3e-15
Mesc_XP_021608331.2	162	316	UDG	PF03167.24	4.1e-15
Spur_XP_791344.4	150	288	UDG	PF03167.24	6e-14
Acrnan_ACRNAN_Path_340.g1312.t2	134	290	UDG	PF03167.24	3.9e-15
Maph_ETS64670.1	194	402	UDG	PF03167.24	4e-13
Etur_XP_008022840.1	124	282	UDG	PF03167.24	4.2e-15
Dcon_XP_040654000.1	240	401	UDG	PF03167.24	6e-15
Plac_XP_040722468.1	39	207	UDG	PF03167.24	3.4e-15
Srei_SJX64783.1	157	276	UDG	PF03167.24	6.8e-15
Mbol_KXJ91566.1	130	288	UDG	PF03167.24	8e-15
Sans_XP_016312224.1	143	294	UDG	PF03167.24	4.5e-15
Ledo_XP_046082372.1	111	226	UDG	PF03167.24	6.4e-15
Rtor_XP_016271338.1	126	316	UDG	PF03167.24	5.6e-15
Cyncar_XP_024989514.1	199	353	UDG	PF03167.24	5.9e-15
Pmem_XP_019018032.1	77	254	UDG	PF03167.24	3.9e-15
Ttri_CDW55799.1	36	174	UDG	PF03167.24	5.6e-15
Singra_XP_016135281.1	143	294	UDG	PF03167.24	4.5e-15
Tripse_KAL1231333.1	143	285	UDG	PF03167.24	5.5e-15
Trug_XP_035345122.1	122	283	UDG	PF03167.24	4.3e-15
Tlon_PTB73552.1	127	285	UDG	PF03167.24	6.6e-15
Schl_KFA63027.1	123	281	UDG	PF03167.24	5.4e-15
Lari_TVY15891.1	116	296	UDG	PF03167.24	4.2e-15
Psem_RMZ70508.1	119	277	UDG	PF03167.24	4.8e-15
Spur_XP_011671297.2	166	304	UDG	PF03167.24	6.2e-14
Acrnan_ACRNAN_Path_1121.g4329.t1	132	289	UDG	PF03167.24	4.3e-15
Alec_OAA81680.1	710	870	UDG	PF03167.24	7.3e-15
Trimur_TMUE_3000010960	70	210	UDG	PF03167.24	5.7e-15
Acrnan_ACRNAN_Path_340.g1312.t1	147	303	UDG	PF03167.24	4.4e-15
Sypmur_SMUV_0000478701-mRNA-1	79	237	UDG	PF03167.24	3.9e-15
Mgig_XP_065930139.1	119	276	UDG	PF03167.24	4.4e-15
Tripar_OTA00685.1	127	285	UDG	PF03167.24	6.7e-15
Lcom_lcpid74016|	64	223	UDG	PF03167.24	5.2e-15
Plat_XP_014876712.1	160	312	UDG	PF03167.24	5.1e-15
Pkud_XP_029323864.1	148	320	UDG	PF03167.24	5.8e-15
Mgig_XP_065930138.1	120	277	UDG	PF03167.24	4.4e-15
Pmex_XP_014869044.1	160	312	UDG	PF03167.24	5.1e-15
Pfor_XP_007578720.1	160	312	UDG	PF03167.24	5.1e-15
Pant_XP_058316841.1	130	304	UDG	PF03167.24	5.2e-15
Bpah_KAK6101555.1	96	254	UDG	PF03167.24	4.4e-15
Cryflo_TYJ53367.1	158	327	UDG	PF03167.24	7e-15
Canvis_RCK64312.1	181	349	UDG	PF03167.24	7.4e-15
Smar_SMAR011779-PA	95	230	UDG	PF03167.24	5.8e-15
Pret_XP_008408994.1	178	330	UDG	PF03167.24	5.4e-15
Mpul_KAF2785893.1	108	282	UDG	PF03167.24	5.1e-15
Eweb_KOS19165.1	131	289	UDG	PF03167.24	5.2e-15
Scha_KFA78451.1	123	281	UDG	PF03167.24	6.6e-15
Ampcit_ENSACIP00000015154.1	140	290	UDG	PF03167.24	6.7e-15
Schcom_XP_050202691.1	119	285	UDG	PF03167.24	4.7e-15
Clus_XP_002617792.1	175	355	UDG	PF03167.24	5.5e-15
Czea_KAF2215623.1	89	251	UDG	PF03167.24	4.7e-15
Tpub_OJT08255.1	123	230	UDG	PF03167.24	4.9e-15
Plat_XP_014876711.1	176	328	UDG	PF03167.24	5.6e-15
Apsy_KZP32521.1	52	212	UDG	PF03167.24	4.4e-15
Rcol_XP_023622164.1	139	297	UDG	PF03167.24	6.7e-15
Hrub_XP_046583093.1	80	240	UDG	PF03167.24	4.6e-15
Csyr_XP_008064769.1	88	241	UDG	PF03167.24	5.5e-15
Phub_XP_012191688.1	159	309	UDG	PF03167.24	7.6e-15
Pmex_XP_014869043.1	176	328	UDG	PF03167.24	5.6e-15
Pfor_XP_007578719.1	176	328	UDG	PF03167.24	5.6e-15
Pocc_PCH02742.1	130	288	UDG	PF03167.24	5.9e-15
Pret_XP_008408993.1	193	345	UDG	PF03167.24	5.9e-15
Cely_KAF1946601.1	124	282	UDG	PF03167.24	5e-15
Aque_XP_011406338.2	50	209	UDG	PF03167.24	4.8e-15
Cgri_XP_027249701.2	101	260	UDG	PF03167.24	5e-15
Cucmel_XP_008465227.1	152	306	UDG	PF03167.24	5e-15
Pfic_XP_007833690.1	132	290	UDG	PF03167.24	6.9e-15
Pvex_XP_040709348.1	137	295	UDG	PF03167.24	5.4e-15
Plat_XP_014876710.1	190	342	UDG	PF03167.24	6.1e-15
Cbra_GBG71937.1	1081	1239	UDG	PF03167.24	7e-15
Plat_XP_014876709.1	191	343	UDG	PF03167.24	6.1e-15
Wban_VDM09701.1	137	295	UDG	PF03167.24	5.3e-15
Pfor_XP_007578718.1	190	342	UDG	PF03167.24	6.1e-15
Halb_XP_020436219.1	212	367	UDG	PF03167.24	7.3e-15
Srhi_XP_016425368.1	145	294	UDG	PF03167.24	5.6e-15
Copflo_XP_014218849.1	66	212	UDG	PF03167.24	6.2e-15
Pmex_XP_014869042.1	191	343	UDG	PF03167.24	6.1e-15
Pfor_XP_007578716.1	191	343	UDG	PF03167.24	6.1e-15
Digexi_KAF8660399.1	142	289	UDG	PF03167.24	6.1e-15
Lsta_ODQ76202.1	96	266	UDG	PF03167.24	4.8e-15
Hirr_XP_009542279.1	70	235	UDG	PF03167.24	5.2e-15
Bmal_XP_042933110.1	118	276	UDG	PF03167.24	5.5e-15
Fend_KAK0308825.1	180	339	UDG	PF03167.24	5.7e-15
Dros_KAK2625492.1	135	293	UDG	PF03167.24	1.8e-14
Digexi_KAF8769240.1	142	289	UDG	PF03167.24	6.1e-15
Lhya_XP_031002708.1	130	287	UDG	PF03167.24	6.1e-15
Galmar_KDR84857.1	50	213	UDG	PF03167.24	5e-15
Bpah_KAK6101553.1	116	274	UDG	PF03167.24	5.3e-15
Pame_KIW70074	103	277	UDG	PF03167.24	5.1e-15
Eele_XP_026880336.2	103	251	UDG	PF03167.24	5.9e-15
Bpah_KAK6101554.1	118	276	UDG	PF03167.24	5.4e-15
Hame_XP_042209143.1	416	550	UDG	PF03167.24	1e-14
Plamic_ANCSI_10544.mRNA.1	119	280	UDG	PF03167.24	5.5e-15
Aarx_XP_033380062.1	118	276	UDG	PF03167.24	6e-15
Csp.RAO2017_PHH89753.1	184	342	UDG	PF03167.24	9.6e-15
Tcal_KIO23415.1	120	279	UDG	PF03167.24	5.7e-15
Acor_KAE8349604.1	144	315	UDG	PF03167.24	7.2e-15
Onil_XP_005460030.1	156	306	UDG	PF03167.24	6.3e-15
Msco_XP_018079008.1	133	291	UDG	PF03167.24	6.2e-15
Psp.SRC1lsM3a_OAK97822.1	111	290	UDG	PF03167.24	6e-15
Mibe_RYO87960.1	140	298	UDG	PF03167.24	2.6e-14
Yten_XP_006687750.1	161	332	UDG	PF03167.24	7.5e-15
Msp.CRB92_RYP78581.1	140	298	UDG	PF03167.24	2.4e-14
Fspo_RGP63183.1	429	608	UDG	PF03167.24	1e-14
Smax_XP_035498432.1	163	313	UDG	PF03167.24	6.1e-15
Lelo_XP_001526145.2	140	318	UDG	PF03167.24	9.5e-15
Msap_SDA04388.1	174	342	UDG	PF03167.24	2.1e-14
Rdio_TNY17297.1	91	223	UDG	PF03167.24	6.7e-15
Parc_TFK93962.1	108	278	UDG	PF03167.24	4.4e-14
Ophpol_RCI12619.1	2191	2361	UDG	PF03167.24	8e-15
Smax_XP_035498431.1	166	316	UDG	PF03167.24	6.2e-15
Mmer_XP_053374101.1	154	306	UDG	PF03167.24	6.4e-15
Gaff_XP_043979882.1	167	318	UDG	PF03167.24	6.5e-15
Uree_XP_002543977.1	126	241	UDG	PF03167.24	9.3e-15
Chequi_XP_021719861.1	209	363	UDG	PF03167.24	7.5e-15
Pfis_GMT20031.1	138	303	UDG	PF03167.24	8.6e-15
Bbot_KDQ15257.1	124	288	UDG	PF03167.24	1.3e-14
Dclu_XP_028814183.1	126	275	UDG	PF03167.24	1.4e-14
Calmil_XP_007893492.2	129	287	UDG	PF03167.24	1e-14
Krymar_XP_017288334.1	162	314	UDG	PF03167.24	7.2e-15
Aarx_XP_033386058.1	91	269	UDG	PF03167.24	1.7e-14
Sbat_VDO93398.1	119	274	UDG	PF03167.24	6.7e-15
Mres_XP_027484123.1	117	305	UDG	PF03167.24	2.6e-14
Onil_XP_003455444.1	178	328	UDG	PF03167.24	7.2e-15
Tsti_XP_002340980.1	163	321	UDG	PF03167.24	7.1e-15
Eele_XP_026880333.2	139	287	UDG	PF03167.24	7.3e-15
Eele_XP_026880334.2	139	287	UDG	PF03167.24	7.3e-15
Eele_XP_026880335.2	139	287	UDG	PF03167.24	7.3e-15
Dser_XP_066637253.1	136	313	UDG	PF03167.24	6.4e-15
Cypcar_XP_042609403.1	98	249	UDG	PF03167.24	6.6e-15
Amus_KIL64257.1	109	307	UDG	PF03167.24	6.7e-15
Oaur_XP_031587672.1	156	306	UDG	PF03167.24	7.4e-15
Lbic_XP_001889781.1	47	209	UDG	PF03167.24	5.9e-15
Arab_XP_038794903.1	123	281	UDG	PF03167.24	7.7e-15
Dexi_XP_033449314.1	123	281	UDG	PF03167.24	7.8e-15
Cara_ODV85870.1	77	243	UDG	PF03167.24	6.3e-15
Worn_XP_033655995.1	129	287	UDG	PF03167.24	7.3e-15
Onil_XP_005460029.1	193	343	UDG	PF03167.24	7.8e-15
Gaff_XP_043979881.1	191	342	UDG	PF03167.24	7.5e-15
Smax_XP_035498430.1	192	342	UDG	PF03167.24	7.1e-15
Emex_XP_017767664.1	92	272	UDG	PF03167.24	1.3e-14
Pjap_XP_042863227.1	399	533	UDG	PF03167.24	1.1e-14
Psub_XP_057011586.1	159	332	UDG	PF03167.24	7.5e-15
Mmic_KAF2666508.1	124	282	UDG	PF03167.24	7.1e-15
Pvan_XP_069998437.1	389	522	UDG	PF03167.24	1.1e-14
Astcal_XP_026030916.1	178	328	UDG	PF03167.24	8.5e-15
Hapbur_XP_042080566.1	178	328	UDG	PF03167.24	8.5e-15
Pnye_XP_013765896.1	178	328	UDG	PF03167.24	8.5e-15
Strste_SSTP_0000555500.1	138	292	UDG	PF03167.24	1.6e-14
Athi_PFH47724.1	145	321	UDG	PF03167.24	1.3e-14
Pcer_TFK70692.1	67	252	UDG	PF03167.24	7.1e-15
Pchi_XP_047486230.1	389	522	UDG	PF03167.24	1.1e-14
Hham_KEP60540.1	60	231	UDG	PF03167.24	1e-14
Srac_ORY97163.1	23	180	UDG	PF03167.24	6.5e-15
Bcir_KAF1956665.1	118	276	UDG	PF03167.24	7.5e-15
Cbri_XP_002641459.1	528	683	UDG	PF03167.24	1e-14
Rsec_CZT52405.1	129	287	UDG	PF03167.24	8e-15
Astcal_XP_026030915.1	193	343	UDG	PF03167.24	9.2e-15
Hapbur_XP_014192059.1	193	343	UDG	PF03167.24	9.2e-15
Mzeb_XP_012778291.1	193	343	UDG	PF03167.24	9.2e-15
Pnye_XP_013765895.1	193	343	UDG	PF03167.24	9.2e-15
Reme_XP_013329017.1	162	320	UDG	PF03167.24	8.8e-15
Nbri_XP_006782460.1	178	328	UDG	PF03167.24	8.5e-15
Oaur_XP_031587670.1	178	328	UDG	PF03167.24	8.3e-15
Aalt_XP_018389681.1	124	282	UDG	PF03167.24	8e-15
Altten_RYO56040.1	124	282	UDG	PF03167.24	8e-15
Asp.MG1_RII06029.1	124	282	UDG	PF03167.24	8e-15
Tcap_PNY25013.1	123	283	UDG	PF03167.24	8.9e-15
Cort_XP_003868681.1	134	319	UDG	PF03167.24	1e-14
Mror_KAI3608448.1	1109	1273	UDG	PF03167.24	5.5e-13
Portri_XP_045119439.1	346	480	UDG	PF03167.24	1.2e-14
Bder_XP_045280184.1	624	789	UDG	PF03167.24	4.5e-14
Spapas_XP_007376527.1	166	339	UDG	PF03167.24	9.3e-15
Astcal_XP_026030913.1	204	354	UDG	PF03167.24	9.7e-15
Hapbur_XP_042080565.1	204	354	UDG	PF03167.24	9.7e-15
Them_CEJ88867.1	127	285	UDG	PF03167.24	8.6e-15
Bnov_KAF1976982.1	119	280	UDG	PF03167.24	8.7e-15
Portri_XP_045119436.1	357	491	UDG	PF03167.24	1.2e-14
Tbor_PUU75578.1	109	284	UDG	PF03167.24	7.7e-15
Cypcar_XP_042609402.1	135	286	UDG	PF03167.24	8.3e-15
Chequi_XP_021735356.1	211	365	UDG	PF03167.24	8.7e-15
Nbri_XP_006782459.1	193	343	UDG	PF03167.24	9.2e-15
Oaur_XP_039471405.1	193	343	UDG	PF03167.24	9e-15
Msp.MG133_RYP12844.1	140	298	UDG	PF03167.24	3.6e-14
Spap_SPAL_0000654700.1	139	294	UDG	PF03167.24	1.7e-14
Aarb_XP_028512148.1	124	282	UDG	PF03167.24	8.4e-15
Omel_XP_036068068.1	252	404	UDG	PF03167.24	2.1e-14
Aapi_KZZ87520.1	148	316	UDG	PF03167.24	1.1e-14
Ragr_CZS98846.1	129	287	UDG	PF03167.24	8.7e-15
Ahaa_ENSAHAP00000012104.1	128	277	UDG	PF03167.24	8.4e-15
Cypcar_XP_018937703.1	143	294	UDG	PF03167.24	8.6e-15
Hcon_XGW18750.1	116	291	UDG	PF03167.24	7.9e-15
Mlib_KZZ93783.1	126	286	UDG	PF03167.24	9e-15
Omel_XP_024136884.1	274	426	UDG	PF03167.24	2.3e-14
Tspi_XP_003373849.1	104	262	UDG	PF03167.24	9e-15
Msp.5C6A_RYP64238.1	140	298	UDG	PF03167.24	3e-14
Pjap_XP_042863231.1	353	504	UDG	PF03167.24	1.2e-14
Ssci_CDS01644.1	137	256	UDG	PF03167.24	1.2e-14
Msp.mg162_RYP54780.1	139	297	UDG	PF03167.24	3.5e-14
Hrub_XP_046560120.1	59	219	UDG	PF03167.24	8.6e-15
Pjap_XP_042863228.1	381	532	UDG	PF03167.24	1.2e-14
Pspo_XP_018030048.1	119	280	UDG	PF03167.24	9.5e-15
Hsch_KAL3090280.1	157	313	UDG	PF03167.24	1.2e-14
Tcyp_PWZ00382.1	70	198	UDG	PF03167.24	1.9e-14
Spom_NP_587889.1	130	289	UDG	PF03167.24	1.2e-14
Pvan_XP_069998438.1	371	521	UDG	PF03167.24	1.3e-14
Pchi_XP_047486231.1	371	521	UDG	PF03167.24	1.3e-14
Lbic_XP_001888077.1	133	297	UDG	PF03167.24	9.7e-15
Ccaj_XP_020214689.1	136	290	UDG	PF03167.24	9.5e-15
Hcap_XP_045291851.1	626	787	UDG	PF03167.24	1.4e-14
Dclu_XP_028814184.1	74	223	UDG	PF03167.24	9.7e-15
Dviv_KJH48146.1	386	540	UDG	PF03167.24	1.2e-14
Catt_XP_018000030.1	140	299	UDG	PF03167.24	1.4e-14
Rall_EPZ34914.1	37	171	UDG	PF03167.24	8.4e-15
Ntet_XP_009855088.1	130	289	UDG	PF03167.24	1.1e-14
Eamp_KAF2219834.1	128	286	UDG	PF03167.24	1.1e-14
Drer_XP_687336.3	136	286	UDG	PF03167.24	1.1e-14
Gwil_XP_028307029.1	189	341	UDG	PF03167.24	2.1e-14
Drer_XP_009296251.1	135	285	UDG	PF03167.24	1.1e-14
Pavcri_ENSPSTP00000008272.1	121	232	UDG	PF03167.24	9.8e-15
Hame_XP_042209142.1	398	553	UDG	PF03167.24	1.7e-14
Lbic_XP_001889787.1	146	310	UDG	PF03167.24	1.1e-14
Pavcri_ENSPSTP00000008277.1	125	236	UDG	PF03167.24	1e-14
Tpat_KRY13418.1	128	286	UDG	PF03167.24	1.1e-14
Tbri_KRY52125.1	128	286	UDG	PF03167.24	1.1e-14
Gmag_TQS37539.1	139	303	UDG	PF03167.24	1.1e-14
Ncra_XP_965029.1	156	315	UDG	PF03167.24	1.3e-14
Ates_XP_026222361.1	154	304	UDG	PF03167.24	1.1e-14
Ates_XP_026222362.1	154	304	UDG	PF03167.24	1.1e-14
Tnat_KRZ59175.1	128	286	UDG	PF03167.24	1.1e-14
Lsig_VDK86759.1	121	279	UDG	PF03167.24	1.2e-14
Rhygra_XMA18788.1	129	287	UDG	PF03167.24	1.1e-14
Tnel_KRX26569.1	128	286	UDG	PF03167.24	1.1e-14
Msp.GIB2_RYP17013.1	140	298	UDG	PF03167.24	3.2e-14
Gwil_XP_028307028.1	204	356	UDG	PF03167.24	2.2e-14
Pran_XP_028286962.1	190	342	UDG	PF03167.24	1.4e-14
Tcyp_PWZ02422.1	70	168	UDG	PF03167.24	1.3e-07
Srat_XP_024503738.1	138	292	UDG	PF03167.24	1.6e-14
Sfas_XP_029952887.1	189	339	UDG	PF03167.24	1.3e-14
Rsp.JG1b_KWU43786.1	98	245	UDG	PF03167.24	1.3e-14
Sind_CAG7846478.1	131	290	UDG	PF03167.24	1.2e-14
Prho_CED85165	165	322	UDG	PF03167.24	1.3e-14
Gwil_XP_028307027.1	215	367	UDG	PF03167.24	2.3e-14
Hrub_XP_046560119.1	83	243	UDG	PF03167.24	1.2e-14
Ates_XP_026222357.1	191	341	UDG	PF03167.24	1.3e-14
Pran_XP_028286961.1	205	357	UDG	PF03167.24	1.5e-14
Vrad_XP_014493307.1	132	286	UDG	PF03167.24	1.2e-14
Cthe_KAB5592784.1	228	397	UDG	PF03167.24	2e-14
Phosin_XP_032479752.1	130	285	UDG	PF03167.24	1.3e-14
Ates_XP_026222360.1	186	336	UDG	PF03167.24	1.3e-14
Fcar_GMN62416.1	159	299	UDG	PF03167.24	1.6e-14
Ppan_XP_034790902.1	180	340	UDG	PF03167.24	1.3e-14
Pman_XP_042130636.1	150	308	UDG	PF03167.24	1.3e-14
Ates_XP_026222358.1	187	337	UDG	PF03167.24	1.3e-14
Ates_XP_026222359.1	187	337	UDG	PF03167.24	1.3e-14
Bgil_XP_002623889.2	624	789	UDG	PF03167.24	7.4e-14
Oana_XP_007668213.1	131	290	UDG	PF03167.24	1.3e-14
Sfas_XP_029952886.1	215	365	UDG	PF03167.24	1.5e-14
Clae_TFK32700.1	123	289	UDG	PF03167.24	1.4e-14
Enec_KAI6251150.1	126	288	UDG	PF03167.24	1.3e-14
Mrot_XP_012145203.1	92	270	UDG	PF03167.24	1.7e-14
Fhet_XP_012717980.2	160	311	UDG	PF03167.24	1.5e-14
Ggra_EJT74440	132	292	UDG	PF03167.24	1.4e-14
Bvul_XP_048492575.1	209	363	UDG	PF03167.24	1.5e-14
Cpro_RKP02844.1	64	237	UDG	PF03167.24	1.4e-14
Clim_Clim_evm114s147	142	301	UDG	PF03167.24	1.4e-14
Tsp.J132_KNZ74770.1	50	233	UDG	PF03167.24	1.2e-14
Mmer_XP_053373028.1	65	237	UDG	PF03167.24	1.3e-14
Maur_XP_040586198.1	156	315	UDG	PF03167.24	1.4e-14
Hsul_TFK49897.1	184	357	UDG	PF03167.24	2.2e-14
Psat_XP_050900945.1	141	281	UDG	PF03167.24	5.1e-14
Wsor_XP_024663700.1	177	333	UDG	PF03167.24	1.6e-14
Lbru_RDX57481.1	180	350	UDG	PF03167.24	9.9e-14
Mdom_XP_005184864.1	94	268	UDG	PF03167.24	1.4e-14
Atri_XP_006847922.2	144	296	UDG	PF03167.24	1.5e-14
Smoe_XP_024516520.1	87	242	UDG	PF03167.24	1.3e-14
Lcro_XP_019116323.1	162	312	UDG	PF03167.24	1.5e-14
Dcor_XP_020132027.1	135	313	UDG	PF03167.24	1.2e-14
Fhet_XP_012717979.2	175	326	UDG	PF03167.24	1.7e-14
Myes_XP_021373253.1	99	253	UDG	PF03167.24	1.2e-14
Lcro_XP_010752137.2	165	315	UDG	PF03167.24	1.5e-14
Pdam_XP_027058571.1	87	193	UDG	PF03167.24	1.3e-14
Pcro_KIM84286.1	184	353	UDG	PF03167.24	1.4e-14
Pfru_QIX00366.1	128	289	UDG	PF03167.24	1.5e-14
Gmax_XP_006592056.1	135	289	UDG	PF03167.24	1.5e-14
Ptro_XP_054519874.2	129	288	UDG	PF03167.24	1.4e-14
Gmax_XP_003540731.1	137	291	UDG	PF03167.24	1.6e-14
Msp.CRB83_RYP69810.1	140	298	UDG	PF03167.24	4.2e-14
Bpar_PGG96753.1	629	794	UDG	PF03167.24	1.6e-13
Tpse_XP_002295519.1	22	195	UDG	PF03167.24	1.3e-14
Lcro_XP_019116311.1	180	330	UDG	PF03167.24	1.7e-14
Lcro_XP_019116317.1	180	330	UDG	PF03167.24	1.7e-14
Gmax_XP_014619936.1	141	295	UDG	PF03167.24	1.6e-14
Ptra_KAF2851257.1	124	282	UDG	PF03167.24	1.6e-14
Phisub_CZR55618.1	164	322	UDG	PF03167.24	1.6e-14
Opar_XP_013937474.1	37	202	UDG	PF03167.24	2.1e-14
Gpro_KXS22072.1	34	184	UDG	PF03167.24	1.4e-14
Veff_QDS71256.1	124	283	UDG	PF03167.24	1.7e-14
Slem_CDW80603.1	131	292	UDG	PF03167.24	1.4e-14
Tatr_XP_020115752.1	130	288	UDG	PF03167.24	1.7e-14
Glomor_GMOY005279-PA	81	261	UDG	PF03167.24	1.7e-14
Acas_XP_004342576.1	19	177	UDG	PF03167.24	2.8e-14
Hmar_RDB18649.1	111	282	UDG	PF03167.24	1.8e-14
Cabe_RXW18929.1	162	333	UDG	PF03167.24	1.7e-14
Phavul_XP_068493404.1	130	284	UDG	PF03167.24	1.8e-14
Mosm_XP_014570897.1	107	225	UDG	PF03167.24	1.9e-14
Spis_XP_022784607.1	67	172	UDG	PF03167.24	1.6e-14
Tbis_KAF2400023.1	122	282	UDG	PF03167.24	1.8e-14
Phavul_XP_068493395.1	132	286	UDG	PF03167.24	1.8e-14
Rsp.JG1b_KWU45626.1	101	280	UDG	PF03167.24	1.2e-13
Dcar_XP_017220970.1	158	312	UDG	PF03167.24	1.9e-14
Anig_TGZ76964.1	121	286	UDG	PF03167.24	2.1e-14
Mant_XP_014657245.1	190	400	UDG	PF03167.24	1.7e-12
Tpap_KRZ68059.1	47	185	UDG	PF03167.24	2.3e-14
Vung_XP_027909686.1	132	286	UDG	PF03167.24	1.9e-14
Sesind_XP_011075291.1	148	300	UDG	PF03167.24	2e-14
Dana_XP_032305427.1	94	270	UDG	PF03167.24	2e-14
Glopld_GPAI036991-PA	81	261	UDG	PF03167.24	2.1e-14
Tame_XP_040736324.1	130	288	UDG	PF03167.24	2.1e-14
Mpul_KAF2800786.1	114	271	UDG	PF03167.24	2e-14
Jreg_XP_018820305.1	163	317	UDG	PF03167.24	2.2e-14
Jreg_XP_018820304.1	164	318	UDG	PF03167.24	2.2e-14
Tbri_KRY54165.1	139	280	UDG	PF03167.24	2.7e-14
Tbri_KRY54167.1	139	280	UDG	PF03167.24	2.7e-14
Sfor_XP_018585620.2	169	330	UDG	PF03167.24	4.2e-14
Pred_Pan_g15612.t1	72	213	UDG	PF03167.24	2.7e-14
Rsp.JG1b_KWU43787.1	120	315	UDG	PF03167.24	2e-14
Bper_OJD25314.1	136	301	UDG	PF03167.24	2.1e-14
Caraur_XP_026058310.1	100	249	UDG	PF03167.24	2.1e-14
Bsil_KLJ12953.1	136	301	UDG	PF03167.24	2.1e-14
Vech_XP_031866775.1	126	284	UDG	PF03167.24	2.5e-14
Pcri_KII91382.1	1	178	UDG	PF03167.24	2e-14
Salsal_XP_014025638.1	133	284	UDG	PF03167.24	2.2e-14
Stru_XP_029607568.1	133	284	UDG	PF03167.24	2.2e-14
Okis_XP_031688898.1	133	284	UDG	PF03167.24	2.2e-14
Omyk_XP_036825068.1	133	284	UDG	PF03167.24	2.2e-14
Mmar_XP_048656071.1	105	251	UDG	PF03167.24	2.1e-14
Dgri_XP_001994920.1	87	262	UDG	PF03167.24	2.4e-14
Aano_XP_009038345.1	49	212	UDG	PF03167.24	1.9e-14
Aano_XP_009042731.1	49	212	UDG	PF03167.24	1.9e-14
Lnuc_KAF2121745.1	120	278	UDG	PF03167.24	2.3e-14
Hhuc_ENSHHUP00000028907.1	148	299	UDG	PF03167.24	2.3e-14
Salsal_XP_014025637.1	148	299	UDG	PF03167.24	2.3e-14
Nlep_KZT28673.1	141	301	UDG	PF03167.24	2.5e-14
Stru_XP_029607567.1	148	299	UDG	PF03167.24	2.3e-14
Omyk_XP_036825067.1	148	299	UDG	PF03167.24	2.3e-14
Okis_XP_020347831.1	148	299	UDG	PF03167.24	2.3e-14
Pter_EFQ90496.1	124	282	UDG	PF03167.24	2.4e-14
Pyrter_CAA9962153.1	124	282	UDG	PF03167.24	2.4e-14
Otsh_XP_042183197.1	148	299	UDG	PF03167.24	2.4e-14
Mpoa_KLU88169.1	228	388	UDG	PF03167.24	4.3e-14
Sgra_XP_029740633.1	101	220	UDG	PF03167.24	3.8e-14
Alig_KAF2007936.1	128	286	UDG	PF03167.24	2.3e-14
Tver_XP_008045467.1	21	218	UDG	PF03167.24	2.2e-14
Sven_SVE_0864100.1	139	293	UDG	PF03167.24	3.9e-14
Mmus_XP_006530347.1	134	255	UDG	PF03167.24	2.7e-14
Shir_XP_007299354.1	134	293	UDG	PF03167.24	2.2e-14
Poxa_XP_049965095.1	137	295	UDG	PF03167.24	3e-14
Cjoh_CAG9535194.1	122	279	UDG	PF03167.24	2.5e-14
Dsym_XP_033524152.1	121	279	UDG	PF03167.24	2.7e-14
Vina_RDI84091.1	124	283	UDG	PF03167.24	2.7e-14
Psp.ES5_ES5_v2.g9705.t1	98	253	UDG	PF03167.24	2.3e-14
Cpar_XP_036667819.1	139	328	UDG	PF03167.24	3.1e-14
Pyrtri_XP_001933694.1	124	282	UDG	PF03167.24	2.6e-14
Caraur_XP_026058309.1	145	294	UDG	PF03167.24	2.8e-14
Ecru_scaffold19.84.cds	140	280	UDG	PF03167.24	3.1e-14
Tnel_KRX15561.1	36	177	UDG	PF03167.24	3.7e-14
Egra_OXV11739.1	166	324	UDG	PF03167.24	2.9e-14
Tper_XP_033677033.1	117	275	UDG	PF03167.24	2.8e-14
Tpat_KRY15867.1	142	283	UDG	PF03167.24	3.9e-14
Cthe_KAB5596194.1	159	352	UDG	PF03167.24	4e-14
Psp.05NY08_OBT73793.1	150	309	UDG	PF03167.24	3.3e-14
Tsp.T6_KRX74253.1	32	173	UDG	PF03167.24	3.9e-14
Avag_UJR33576.1	62	235	UDG	PF03167.24	2.5e-14
Srhi_XP_016378625.1	120	268	UDG	PF03167.24	3e-14
Mosm_XP_014565554.1	150	319	UDG	PF03167.24	3.6e-14
Apor_XP_028479463.1	172	298	UDG	PF03167.24	4e-14
Singra_XP_016116685.1	120	268	UDG	PF03167.24	2.9e-14
Avag_UJR37273.1	629	787	UDG	PF03167.24	3.4e-14
Psp.233421I1_OBT70118.1	149	308	UDG	PF03167.24	4e-14
Mves_XP_056061316.1	142	324	UDG	PF03167.24	4.7e-14
Srhi_XP_016378624.1	143	291	UDG	PF03167.24	3.4e-14
Lmac_KAF2660609.1	117	275	UDG	PF03167.24	3.2e-14
Singra_XP_016116679.1	143	291	UDG	PF03167.24	3.4e-14
Tsp.T9_KRX61943.1	131	272	UDG	PF03167.24	4.5e-14
Hame_XP_042209141.1	416	554	UDG	PF03167.24	6e-14
Tsp.T9_KRX61945.1	131	272	UDG	PF03167.24	4.3e-14
Psp.VKMF4517_KFY86930.1	148	307	UDG	PF03167.24	3.9e-14
Sans_XP_016330657.1	120	268	UDG	PF03167.24	3.3e-14
Smon_L898_g33201.t1	287	386	UDG	PF03167.24	3.8e-14
Gsin_PIL28227.1	129	276	UDG	PF03167.24	3.8e-14
Sste_KIJ52541.1	186	364	UDG	PF03167.24	1.8e-13
Aory_XP_023089785.1	62	208	UDG	PF03167.24	3.3e-14
Nfur_XP_054588782.1	336	488	UDG	PF03167.24	4.2e-14
Nfur_XP_054588783.1	336	488	UDG	PF03167.24	4.2e-14
Stepar_XP_008292373.1	170	320	UDG	PF03167.24	4.7e-14
Ctob_KOO22023.1	98	255	UDG	PF03167.24	3.6e-14
Lcal_XP_050929381.1	166	316	UDG	PF03167.24	3.8e-14
Clum_XP_034390224.1	154	304	UDG	PF03167.24	4.2e-14
Gloaus_GAUT029522-PA	83	262	UDG	PF03167.24	3.9e-14
Lcal_XP_018541199.1	169	319	UDG	PF03167.24	3.9e-14
Ojav_RVE71348.1	272	422	UDG	PF03167.24	3.2e-14
Mint_SCV74697.1	175	343	UDG	PF03167.24	2.4e-13
Stru_XP_029614142.1	118	269	UDG	PF03167.24	3.6e-14
Sans_XP_016330656.1	143	291	UDG	PF03167.24	3.8e-14
Rpom_XP_036323361.1	118	291	UDG	PF03167.24	3.8e-14
Vnas_TLD19361.1	124	283	UDG	PF03167.24	3.7e-14
Oriv_OCH89096.1	52	212	UDG	PF03167.24	3.3e-14
Stepar_XP_008292365.1	185	335	UDG	PF03167.24	5.1e-14
Clum_XP_034390223.1	168	318	UDG	PF03167.24	4.6e-14
Saur_XP_030282606.1	197	347	UDG	PF03167.24	4.6e-14
Acit_THH32830.1	63	193	UDG	PF03167.24	4.1e-14
Lcal_XP_018541198.1	184	334	UDG	PF03167.24	4.2e-14
Cgob_XP_029290526.1	162	312	UDG	PF03167.24	4.2e-14
Clum_XP_034390222.1	171	321	UDG	PF03167.24	4.7e-14
Avit_KAL4003061.1	122	279	UDG	PF03167.24	4.5e-14
Salsal_XP_013980187.1	135	286	UDG	PF03167.24	4e-14
Pgig_KIP08062.1	123	293	UDG	PF03167.24	4.1e-14
Stru_XP_029614141.1	135	286	UDG	PF03167.24	4e-14
Psp.VKMF4518_KFY87460.1	149	308	UDG	PF03167.24	4.7e-14
Otsh_XP_024234697.1	135	286	UDG	PF03167.24	4e-14
Cgob_XP_029290525.1	165	315	UDG	PF03167.24	4.3e-14
Omyk_XP_021421855.2	135	286	UDG	PF03167.24	4e-14
Saur_XP_030282605.1	171	321	UDG	PF03167.24	4.9e-14
Mmer_XP_053386437.1	174	330	UDG	PF03167.24	3.8e-14
Psp.EM1_CCW61239.1	170	328	UDG	PF03167.24	4.1e-14
Hhuc_ENSHHUP00000064442.1	150	301	UDG	PF03167.24	4.3e-14
Salsal_XP_013980186.1	150	301	UDG	PF03167.24	4.3e-14
Otsh_XP_024234696.1	150	301	UDG	PF03167.24	4.3e-14
Stru_XP_029614140.1	150	301	UDG	PF03167.24	4.3e-14
Otsh_XP_024234695.1	150	301	UDG	PF03167.24	4.3e-14
Clum_XP_034390219.1	186	336	UDG	PF03167.24	5e-14
Clum_XP_034390220.1	186	336	UDG	PF03167.24	5e-14
Okis_XP_020311679.1	150	301	UDG	PF03167.24	4.3e-14
Okis_XP_020311678.1	150	301	UDG	PF03167.24	4.3e-14
Omyk_XP_021421847.2	150	301	UDG	PF03167.24	4.3e-14
Cgob_XP_029290522.1	180	330	UDG	PF03167.24	4.7e-14
Cgob_XP_029290524.1	180	330	UDG	PF03167.24	4.7e-14
Cgob_XP_029290521.1	184	334	UDG	PF03167.24	4.8e-14
Enig_OSS46577.1	124	282	UDG	PF03167.24	5.2e-14
Tgon_XP_002372033.2	285	456	UDG	PF03167.24	5.7e-14
Clum_XP_034390218.1	209	359	UDG	PF03167.24	5.7e-14
Dbis_THU80661.1	106	219	UDG	PF03167.24	4e-14
Mmil_XP_025358314.1	222	434	UDG	PF03167.24	7.5e-13
Saur_XP_030282604.1	197	347	UDG	PF03167.24	5.5e-14
Tbou_RPB29082.1	114	278	UDG	PF03167.24	4.3e-14
Calb_XP_716089.2	160	336	UDG	PF03167.24	6.4e-14
Ecal_XP_028673348.1	164	323	UDG	PF03167.24	4.8e-14
Avit_KAL4003062.1	132	289	UDG	PF03167.24	4.9e-14
Hgla_XP_021112993.1	140	292	UDG	PF03167.24	5.5e-14
Cbom_CEH12151.1	134	304	UDG	PF03167.24	5.4e-14
Phymac_XP_023983063.1	128	287	UDG	PF03167.24	4.4e-14
Slal_XP_023256146.1	173	323	UDG	PF03167.24	5.5e-14
Locu_XP_069049002.1	101	260	UDG	PF03167.24	4.5e-14
Serdum_XP_022611859.1	174	324	UDG	PF03167.24	5.6e-14
Lsp.SymCcos_KXN83628.1	52	211	UDG	PF03167.24	4.3e-14
Sollyc_XP_069149367.1	155	294	UDG	PF03167.24	5.8e-14
Sollyc_XP_069149368.1	155	294	UDG	PF03167.24	5.8e-14
Sollyc_XP_069149369.1	155	294	UDG	PF03167.24	5.8e-14
Slal_XP_023256145.1	176	326	UDG	PF03167.24	5.6e-14
Salsal_XP_013980185.1	181	332	UDG	PF03167.24	5e-14
Olat_XP_004069446.1	279	429	UDG	PF03167.24	5.4e-14
Serdum_XP_022611858.1	177	327	UDG	PF03167.24	5.7e-14
Abis_XP_006454717.1	52	209	UDG	PF03167.24	4.1e-14
Jjac_XP_044996334.1	132	278	UDG	PF03167.24	4.6e-14
Lpal_OCK86189.1	119	277	UDG	PF03167.24	4.9e-14
Bspl_XP_029010544.1	182	332	UDG	PF03167.24	5.2e-14
Hlab_XP_017795991.1	117	299	UDG	PF03167.24	2.4e-13
Bspl_XP_029010543.1	186	336	UDG	PF03167.24	5.3e-14
Slal_XP_023256142.1	191	341	UDG	PF03167.24	6.1e-14
Slal_XP_023256143.1	191	341	UDG	PF03167.24	6.1e-14
Slal_XP_023256144.1	191	341	UDG	PF03167.24	6.1e-14
Serdum_XP_022611856.1	192	342	UDG	PF03167.24	6.1e-14
Serdum_XP_022611857.1	192	342	UDG	PF03167.24	6.1e-14
Dsp.KUC8613_KAA1471281.1	160	319	UDG	PF03167.24	5.7e-14
Droimm_KAH8311629.1	86	258	UDG	PF03167.24	9.1e-14
Tver_XP_008039594.1	120	290	UDG	PF03167.24	6.1e-14
Csp.CBS132003_RMZ80882.1	130	288	UDG	PF03167.24	5.9e-14
Enau_XP_029378807.1	182	332	UDG	PF03167.24	5.6e-14
Clat_FL83_15119	123	274	UDG	PF03167.24	5.3e-14
Clat_FL83_21001	123	274	UDG	PF03167.24	5.3e-14
Phys_PGH11221.1	133	294	UDG	PF03167.24	5.5e-14
Locu_XP_069049000.1	137	296	UDG	PF03167.24	5.4e-14
Locu_XP_069049001.1	137	296	UDG	PF03167.24	5.4e-14
Enau_XP_029378806.1	185	335	UDG	PF03167.24	5.7e-14
Vang_XP_017432095.1	132	286	UDG	PF03167.24	5.2e-14
Bspl_XP_029010542.1	208	358	UDG	PF03167.24	6.1e-14
Phyp_XP_033601042.1	711	883	UDG	PF03167.24	7.8e-14
Enau_XP_029378805.1	200	350	UDG	PF03167.24	6.1e-14
Hcyl_KIM48328.1	148	314	UDG	PF03167.24	8e-14
Mant_XP_014655455.1	146	282	UDG	PF03167.24	7.2e-14
Ooli_XP_011123501.1	114	275	UDG	PF03167.24	6.2e-14
Olon_KN539966.1_FGP006	225	365	UDG	PF03167.24	7.5e-14
Enau_XP_029378804.1	209	359	UDG	PF03167.24	6.4e-14
Ihof_Ihof_evm24s2	22	136	UDG	PF03167.24	4.8e-14
Lang_XP_019413536.1	88	228	UDG	PF03167.24	5.4e-14
Tdal_XP_037949869.1	88	266	UDG	PF03167.24	7.4e-14
Cdub_XP_002419538.1	191	367	UDG	PF03167.24	8.5e-14
Glopps_GPPI042686-PA	82	265	UDG	PF03167.24	6.4e-14
Tdal_XP_037953296.1	88	266	UDG	PF03167.24	7.4e-14
Pmul_VEU40479.1	601	795	UDG	PF03167.24	8.4e-13
Rsp.KR3021_RSKR_0000946600.1	123	275	UDG	PF03167.24	7e-14
Lang_XP_019413535.1	92	232	UDG	PF03167.24	5.7e-14
Mvio_MVLG_02452T0	176	344	UDG	PF03167.24	1.4e-13
Mpac_XP_017991604.1	139	325	UDG	PF03167.24	1.1e-13
Msil_SGY83342.1	176	344	UDG	PF03167.24	1.4e-13
Cgua_XP_025367355.1	135	255	UDG	PF03167.24	7.4e-14
Lame_KIK00429.1	143	307	UDG	PF03167.24	6.9e-14
Cmal_EMG46010.1	136	313	UDG	PF03167.24	7.6e-14
Monalb_XP_020481201.1	167	315	UDG	PF03167.24	7.5e-14
Psp.Hart1_CCW69171.1	151	309	UDG	PF03167.24	7.3e-14
Psp.VKMF4515_KFY52901.1	148	307	UDG	PF03167.24	8.3e-14
Monalb_XP_020481194.1	170	318	UDG	PF03167.24	7.6e-14
Aoce_XP_035803558.1	172	322	UDG	PF03167.24	8.3e-14
Sluc_XP_035859153.1	170	321	UDG	PF03167.24	8.3e-14
Psp.WSF3629_OBT38605.1	149	308	UDG	PF03167.24	8.2e-14
Fhep_KIY48352.1	52	212	UDG	PF03167.24	6.3e-14
Dlab_XP_051237932.1	192	342	UDG	PF03167.24	9.2e-14
Psever_XP_018126522.1	150	309	UDG	PF03167.24	8.4e-14
Asol_PBK75555.1	185	358	UDG	PF03167.24	7.1e-14
Eluc_XP_010867262.2	135	286	UDG	PF03167.24	7.6e-14
Monalb_XP_020481180.1	185	333	UDG	PF03167.24	8.2e-14
Monalb_XP_020481187.1	185	333	UDG	PF03167.24	8.2e-14
Pver_KFH64422.1	151	270	UDG	PF03167.24	5.9e-13
Psp.03VT05_OBT83443.1	150	309	UDG	PF03167.24	8.2e-14
Tran_XP_029238721.1	123	280	UDG	PF03167.24	7.1e-14
Dvir_XP_028131125.1	91	274	UDG	PF03167.24	7.3e-14
Gsin_PIL35745.1	189	359	UDG	PF03167.24	3.3e-13
Sluc_XP_035859152.1	184	335	UDG	PF03167.24	8.9e-14
Ngal_XP_017657666.2	139	258	UDG	PF03167.24	1e-13
Sluc_XP_035859151.1	187	338	UDG	PF03167.24	9.1e-14
Psip_KAF2713649.1	121	296	UDG	PF03167.24	9e-14
Eluc_XP_010867261.2	150	301	UDG	PF03167.24	8.2e-14
Gfus_XP_037894867.1	82	265	UDG	PF03167.24	8.2e-14
Csav_ENSCSAVP00000005359.1	50	192	UDG	PF03167.24	6.8e-14
Aoce_XP_023125015.1	198	348	UDG	PF03167.24	9.5e-14
Enau_XP_029365751.1	130	253	UDG	PF03167.24	1.1e-13
Psp.VKMF4519_KFZ15377.1	150	309	UDG	PF03167.24	9.4e-14
Marm_XP_026167276.1	166	316	UDG	PF03167.24	8.7e-14
Sluc_XP_035859150.1	196	347	UDG	PF03167.24	9.5e-14
Marm_XP_026167275.1	169	319	UDG	PF03167.24	8.9e-14
Sluc_XP_031151078.2	197	348	UDG	PF03167.24	9.5e-14
Sluc_XP_031151077.2	198	349	UDG	PF03167.24	9.6e-14
Gtra_XP_007868670.1	129	302	UDG	PF03167.24	3.8e-13
Omer_OMERI04G24730.4	297	440	UDG	PF03167.24	1e-13
Gmor_XP_030222373.1	153	303	UDG	PF03167.24	9.3e-14
Gmor_XP_030222374.1	153	303	UDG	PF03167.24	9.3e-14
Pdes_XP_024323551.1	150	309	UDG	PF03167.24	1e-13
Gmor_XP_030222367.1	196	346	UDG	PF03167.24	9.2e-14
Scit_KIM55933.1	52	212	UDG	PF03167.24	9.1e-14
Pigchi_Pchi_g7531	11	138	UDG	PF03167.24	7e-14
Hpla_VDO35051.1	74	248	UDG	PF03167.24	1.3e-13
Sluc_XP_031151074.2	213	364	UDG	PF03167.24	1e-13
Dsqu_XP_007362377.1	116	286	UDG	PF03167.24	1.1e-13
Camy_XP_018992267.1	100	237	UDG	PF03167.24	2.6e-13
Omer_OMERI04G24730.1	395	536	UDG	PF03167.24	1.3e-13
Pcri_KII89751.1	99	267	UDG	PF03167.24	1.4e-13
Gmor_XP_030222372.1	167	317	UDG	PF03167.24	9.9e-14
Gmor_XP_030222371.1	170	320	UDG	PF03167.24	1e-13
Moncan_RYO84437.1	642	800	UDG	PF03167.24	1.8e-13
Msp.MC138B_RYP16170.1	642	800	UDG	PF03167.24	1.8e-13
Mfas_XP_045221820.2	141	275	UDG	PF03167.24	1.8e-13
Gacu_XP_040018220.1	173	323	UDG	PF03167.24	1.1e-13
Opol_XP_018208458.1	37	194	UDG	PF03167.24	1.3e-13
Aper_ENSAPEP00000016132.1	229	379	UDG	PF03167.24	1.1e-13
Gacu_XP_040018219.1	176	326	UDG	PF03167.24	1.1e-13
Gmor_XP_030222370.1	186	336	UDG	PF03167.24	1.1e-13
Aano_XP_009036927.1	85	241	UDG	PF03167.24	9.3e-14
Fsol_XP_065480131.1	124	263	UDG	PF03167.24	1.3e-13
Lbic_XP_001880658.1	116	277	UDG	PF03167.24	1.2e-13
Plae_KAI0990330.1	27	176	UDG	PF03167.24	8.1e-14
Gmor_XP_030222366.1	196	346	UDG	PF03167.24	1.1e-13
Gmor_XP_030222368.1	196	346	UDG	PF03167.24	1.1e-13
Gacu_XP_040018218.1	191	341	UDG	PF03167.24	1.2e-13
Ncra_XP_963990.1	145	362	UDG	PF03167.24	1.5e-13
Lcup_XP_046806625.1	61	236	UDG	PF03167.24	1.1e-13
Dnox_XP_015380421.1	62	244	UDG	PF03167.24	1.1e-13
Dnox_XP_015380422.1	62	244	UDG	PF03167.24	1.1e-13
Dnox_XP_015380423.1	62	244	UDG	PF03167.24	1.1e-13
Dnox_XP_015380424.1	62	244	UDG	PF03167.24	1.1e-13
Dnox_XP_015380425.1	62	244	UDG	PF03167.24	1.1e-13
Esp.FLASF59071_RUS18622.1	241	387	UDG	PF03167.24	1.5e-13
Pcap_ENSPCAP00000015744.1	143	264	UDG	PF03167.24	1.2e-13
Globre_GBRI026283-PA	83	262	UDG	PF03167.24	1.2e-13
Esp.FLASF59071_RUS16593.1	195	349	UDG	PF03167.24	1.6e-13
Agal_PBL03743.1	185	358	UDG	PF03167.24	1.1e-13
Apol_XP_022067478.2	230	380	UDG	PF03167.24	1.4e-13
Pisver_XP_031265139.1	147	287	UDG	PF03167.24	1.2e-13
Pmul_VEU43216.1	115	297	UDG	PF03167.24	1.5e-13
Lcup_XP_023308651.2	93	266	UDG	PF03167.24	1.3e-13
Trub_XP_047606359.1	112	260	UDG	PF03167.24	1.4e-13
Tsou_EZF73136.1	112	260	UDG	PF03167.24	1.4e-13
Myrmur_XP_029909342.1	178	326	UDG	PF03167.24	1.5e-13
Maph_ETS62274.1	227	350	UDG	PF03167.24	1.6e-13
Pinv_KIJ14277.1	120	206	UDG	PF03167.24	2.4e-07
Ecru_scaffold120.145.cds	140	281	UDG	PF03167.24	1.5e-13
Clae_TFK41289.1	159	320	UDG	PF03167.24	1.5e-13
Cimi_XP_037599091.1	132	256	UDG	PF03167.24	1.9e-13
Myrmur_XP_029909341.1	193	341	UDG	PF03167.24	1.6e-13
Rgra_XP_018267894.1	83	196	UDG	PF03167.24	1.2e-13
Ssti_XP_001383168.2	70	254	UDG	PF03167.24	1.3e-13
Ecru_scaffold163.32.cds	145	285	UDG	PF03167.24	1.5e-13
Omer_OMERI04G24730.2	395	536	UDG	PF03167.24	2.1e-13
Afla_XP_067494254.1	114	275	UDG	PF03167.24	1.5e-13
Fmed_XP_007263025.1	128	296	UDG	PF03167.24	2.2e-13
Lflu_KAF2679062.1	118	276	UDG	PF03167.24	1.4e-13
Tasa_XP_014178338.1	75	256	UDG	PF03167.24	1.2e-12
Rnec_GAP88729.1	137	299	UDG	PF03167.24	1.7e-13
Dsil_XP_049521568.1	128	274	UDG	PF03167.24	1.7e-13
Cmar_TFK30386.1	145	309	UDG	PF03167.24	1.7e-13
Psub_XP_057002800.1	137	295	UDG	PF03167.24	2.6e-13
Tint_EZF31065.1	112	260	UDG	PF03167.24	1.8e-13
Trythe_XP_028886702.1	115	273	UDG	PF03167.24	1.5e-13
Galmar_KDR76568.1	108	275	UDG	PF03167.24	1.6e-13
Tmen_GBF65406.1	112	260	UDG	PF03167.24	1.9e-13
Sinv_XP_011170776.1	127	309	UDG	PF03167.24	2.2e-13
Mspr_MGP_SPRETEiJ_P0025429	32	136	UDG	PF03167.24	1.5e-13
Lcre_ORY89271.1	123	292	UDG	PF03167.24	2.8e-13
Scal_XP_013097471.2	93	266	UDG	PF03167.24	1.9e-13
Phub_XP_012187006.1	327	421	UDG	PF03167.24	4.4e-06
Post_XP_036636948.1	128	289	UDG	PF03167.24	1.8e-13
Afuj_KAI6243629.1	155	275	UDG	PF03167.24	2.4e-13
Tano_XP_013246174.1	53	227	UDG	PF03167.24	9.5e-13
Leeper_LPERR04G24750.1	178	318	UDG	PF03167.24	2.4e-13
Gfro_OBZ72214.1	370	549	UDG	PF03167.24	3.3e-13
Rros_XP_047773434.1	129	298	UDG	PF03167.24	1.9e-13
Lsul_XP_040765453.1	183	353	UDG	PF03167.24	3.1e-13
Mleu_XP_011830984.1	141	262	UDG	PF03167.24	4.6e-13
Nbra_WKY00947.1	114	258	UDG	PF03167.24	2.5e-13
Kfed_Kaladp0071s0426.5.v1.1	182	322	UDG	PF03167.24	3e-13
Apimel_XP_006564278.1	94	274	UDG	PF03167.24	1.9e-12
Prub_KIK96460.1	181	265	UDG	PF03167.24	3.5e-07
Obar_OBART04G29290.2	137	277	UDG	PF03167.24	2.5e-13
Aamp_XP_043190102.1	1	135	UDG	PF03167.24	3.6e-13
Tgel_XP_025257957.1	141	262	UDG	PF03167.24	4.7e-13
Etel_XP_045141939.1	147	306	UDG	PF03167.24	2.5e-13
Sver_KIM28989.1	51	210	UDG	PF03167.24	2e-13
Jros_XP_025361928.1	66	236	UDG	PF03167.24	2.2e-13
Aequ_EGACTEQ4350044364-PA	57	164	UDG	PF03167.24	2.6e-13
Sint_SGZ55053.1	193	373	UDG	PF03167.24	2.7e-13
Omai_KIM97830.1	134	292	UDG	PF03167.24	2.3e-13
Mfas_XP_045221822.2	141	261	UDG	PF03167.24	5.3e-13
Apor_XP_028479971.1	159	327	UDG	PF03167.24	8.6e-13
Uree_XP_002584987.1	130	273	UDG	PF03167.24	3.9e-13
Rvin_OAX37186.1	52	212	UDG	PF03167.24	2.2e-13
Kbra_XP_059321092.1	112	231	UDG	PF03167.24	3.8e-13
Dsp.KUC8613_KAA1467329.1	192	368	UDG	PF03167.24	4.8e-12
Vhum_TXT09088.1	104	219	UDG	PF03167.24	3.8e-13
Mvio_MVLG_06266T0	244	354	UDG	PF03167.24	2.9e-13
Rfer_XP_032954327.1	141	265	UDG	PF03167.24	2.9e-13
Portri_XP_045119434.1	328	498	UDG	PF03167.24	4e-13
Portri_XP_045119432.1	339	509	UDG	PF03167.24	4e-13
Zcal_XP_027480045.1	135	286	UDG	PF03167.24	3.3e-13
Pkin_XP_023673658.1	151	299	UDG	PF03167.24	3e-13
Pkin_XP_023673659.1	151	299	UDG	PF03167.24	3e-13
Pkin_XP_023673660.1	151	299	UDG	PF03167.24	3e-13
Pkin_XP_023673661.1	151	299	UDG	PF03167.24	3e-13
Pkin_XP_023673662.1	151	299	UDG	PF03167.24	3e-13
Pkin_XP_023673663.1	151	299	UDG	PF03167.24	3e-13
Pkin_XP_023673664.1	151	299	UDG	PF03167.24	3e-13
Pkin_XP_023673665.1	151	299	UDG	PF03167.24	3e-13
Tsui_KHJ44889.1	108	252	UDG	PF03167.24	3.2e-13
Phymac_XP_054941250.1	6	160	UDG	PF03167.24	2.7e-13
Takrub_XP_011605357.2	176	321	UDG	PF03167.24	3.3e-13
Phymac_XP_023983062.2	6	160	UDG	PF03167.24	2.7e-13
Tcru_XP_821835.1	121	278	UDG	PF03167.24	2.6e-13
Spod_RSH95148.1	136	263	UDG	PF03167.24	4.4e-13
Mror_KAI3613797.1	184	357	UDG	PF03167.24	1e-12
Hpin_KIJ63259.1	79	239	UDG	PF03167.24	2.7e-13
Aost_SJL00071.1	185	358	UDG	PF03167.24	2.9e-13
Ppla_XP_024334622.1	191	360	UDG	PF03167.24	3.8e-13
Athi_PFH53105.1	172	345	UDG	PF03167.24	9.3e-13
Bter_XP_012163820.1	92	273	UDG	PF03167.24	3.3e-13
Bimp_XP_003493114.1	91	272	UDG	PF03167.24	3.2e-13
Pabe_NP_001124571.1	132	251	UDG	PF03167.24	6.1e-13
Obar_OBART04G29290.1	137	264	UDG	PF03167.24	3.9e-13
Oniv_ONIVA04G27800.1	137	276	UDG	PF03167.24	4e-13
Oruf_ORUFI04G31000.1	137	276	UDG	PF03167.24	4e-13
Pcri_KII89233.1	52	212	UDG	PF03167.24	3e-13
Yten_XP_066014066.1	50	244	UDG	PF03167.24	3.3e-13
Pkin_XP_023689151.1	127	244	UDG	PF03167.24	3.8e-13
Dbis_THU80131.1	271	384	UDG	PF03167.24	3.9e-13
Pavcri_ENSPSTP00000016557.1	125	248	UDG	PF03167.24	4.2e-13
Dnov_XP_015433302.1	84	264	UDG	PF03167.24	5e-13
Tpub_OJT04864.1	174	344	UDG	PF03167.24	6.1e-13
Gocc_XP_028968149.1	69	244	UDG	PF03167.24	4.5e-13
Cucmel_XP_008465225.2	152	331	UDG	PF03167.24	6e-13
Khev_OCF35635.1	197	302	UDG	PF03167.24	5.3e-13
Slut_KIK37694.1	111	271	UDG	PF03167.24	4.3e-13
Hmic_HmN_000733800.2	69	215	UDG	PF03167.24	9.3e-13
Hmic_HmN_000733800.1	69	215	UDG	PF03167.24	9.3e-13
Tcon_XP_029229833.1	123	280	UDG	PF03167.24	3.5e-13
Rtai_POY72028.1	152	241	UDG	PF03167.24	6.1e-07
Mtru_XP_013456529.1	113	269	UDG	PF03167.24	3.7e-13
Gdil_PPQ73092.1	148	326	UDG	PF03167.24	4.3e-13
Caeg_CAA7258738.1	152	314	UDG	PF03167.24	4.2e-13
Gand_KAE9393348.1	71	198	UDG	PF03167.24	3.7e-13
Rves_OJA15706.1	112	272	UDG	PF03167.24	4.3e-13
Ltig_XP_067535826.1	111	282	UDG	PF03167.24	2.2e-12
Tcoc_OSD06397.1	118	288	UDG	PF03167.24	7.3e-13
Cput_XP_007775460.1	231	391	UDG	PF03167.24	4.9e-13
Ptri_XP_053018923.1	87	277	UDG	PF03167.24	5.8e-13
Rpom_XP_036325238.1	118	291	UDG	PF03167.24	4.7e-13
Apsy_KZP31851.1	180	350	UDG	PF03167.24	5.4e-13
Hcyl_KIM41449.1	89	258	UDG	PF03167.24	4.5e-13
Pdam_XP_027040126.1	98	265	UDG	PF03167.24	4.8e-13
Nvec_XP_032226114.1	132	215	UDG	PF03167.24	1.4e-08
Ador_XP_006616530.1	90	272	UDG	PF03167.24	3e-12
Jarg_KDQ57240.1	183	358	UDG	PF03167.24	1.8e-12
Wcoc_PCH42324.1	213	379	UDG	PF03167.24	1.1e-12
Nlep_KZT29695.1	190	363	UDG	PF03167.24	7.6e-13
Lcer_TVY55841.1	126	242	UDG	PF03167.24	5.4e-13
Znev_XP_021919940.1	134	259	UDG	PF03167.24	5e-13
Ccaj_XP_020214690.1	136	276	UDG	PF03167.24	5.6e-13
Cput_XP_007765982.1	117	289	UDG	PF03167.24	2.3e-12
Aflo_XP_031774191.1	90	270	UDG	PF03167.24	2.5e-12
Emes_XP_016222178.1	159	323	UDG	PF03167.24	5.9e-13
Hsul_TFK49244.1	2	150	UDG	PF03167.24	4.7e-13
Cocimm_XP_004446470.1	135	278	UDG	PF03167.24	6.6e-13
Dvir_XP_050512860.1	77	236	UDG	PF03167.24	5.1e-13
Pcoq_XP_012505702.1	61	214	UDG	PF03167.24	5.3e-13
Smed_h1SMcT0003074.2	11	117	UDG	PF03167.24	4.4e-13
Aimm_RPA84549.1	79	249	UDG	PF03167.24	5.5e-13
Egla_KZV97449.1	172	347	UDG	PF03167.24	1.1e-12
Pnox_PAV16453.1	184	353	UDG	PF03167.24	8.3e-13
Pflo_XP_007879631.1	199	419	UDG	PF03167.24	9.9e-11
Tlac_KYQ90609.1	224	383	UDG	PF03167.24	6.9e-13
Lvar_XP_041460564.1	94	275	UDG	PF03167.24	5.8e-13
Lvar_XP_041460565.1	94	275	UDG	PF03167.24	5.8e-13
Pvar_XP_028480972.1	161	319	UDG	PF03167.24	9.1e-13
Mjak_MALJA_04382.mRNA.1	148	249	UDG	PF03167.24	7.7e-13
Pkin_XP_023668428.1	145	305	UDG	PF03167.24	7.4e-13
Mjak_MALJA_16593.mRNA.1	146	247	UDG	PF03167.24	7.3e-13
Gdil_PPQ72748.1	379	553	UDG	PF03167.24	1.4e-12
Amex_XP_007252956.2	121	269	UDG	PF03167.24	6.9e-13
Dhan_XP_458540.2	173	350	UDG	PF03167.24	8.5e-13
Hpin_KIJ66656.1	182	355	UDG	PF03167.24	2.9e-12
Dpri_XP_040629872.1	160	332	UDG	PF03167.24	1.2e-12
Soch_TCD61388.1	101	215	UDG	PF03167.24	1.1e-12
Hame_XP_042219577.1	96	217	UDG	PF03167.24	7.1e-13
Cimi_XP_037598742.1	145	297	UDG	PF03167.24	8e-13
Punstr_XP_007388991.1	55	223	UDG	PF03167.24	8.5e-13
Hsal_XP_019696139.1	110	290	UDG	PF03167.24	7.7e-13
Hsal_XP_025163093.1	110	290	UDG	PF03167.24	7.7e-13
Cjac_XP_009002762.1	145	297	UDG	PF03167.24	8e-13
Halp_TFY80703.1	443	649	UDG	PF03167.24	1.3e-12
Bade_OZJ04680.1	209	359	UDG	PF03167.24	2.3e-12
Amex_XP_007252954.2	159	307	UDG	PF03167.24	8.4e-13
Amex_XP_015462285.2	159	307	UDG	PF03167.24	8.4e-13
Znev_XP_021919942.1	134	256	UDG	PF03167.24	7e-13
Amex_XP_022539759.2	170	318	UDG	PF03167.24	8.8e-13
Ofav_XP_020607153.1	4	130	UDG	PF03167.24	6.1e-13
Cjac_XP_054094774.1	160	312	UDG	PF03167.24	8.6e-13
Cjac_XP_054094775.1	160	312	UDG	PF03167.24	8.6e-13
Ledo_XP_046080734.1	53	212	UDG	PF03167.24	7.3e-13
Lame_KIK10100.1	171	260	UDG	PF03167.24	5.4e-07
Mbic_XP_018712958.1	82	263	UDG	PF03167.24	9.1e-13
Ebur_ENSEBUP00000019838.1	20	143	UDG	PF03167.24	6.7e-13
Ccor_KZT59357.1	161	330	UDG	PF03167.24	1.6e-12
Cjac_XP_054094772.1	184	336	UDG	PF03167.24	9.6e-13
Rmel_TDL25619.1	93	265	UDG	PF03167.24	1.2e-12
Csp.CBS134916_RMZ86801.1	132	283	UDG	PF03167.24	9.3e-13
Slut_KIK47437.1	182	355	UDG	PF03167.24	3.7e-12
Avag_UJR31228.1	89	204	UDG	PF03167.24	1.1e-12
Znev_XP_021919941.1	134	255	UDG	PF03167.24	9.5e-13
Clus_XP_002615313.2	43	220	UDG	PF03167.24	8.5e-13
Lsp.SymCcos_KXN91672.1	192	367	UDG	PF03167.24	1.3e-12
Jarg_KDQ59586.1	144	303	UDG	PF03167.24	9.8e-13
Cvis_KZO96786.1	90	259	UDG	PF03167.24	2.3e-12
Cvir_XP_022299388.1	277	456	UDG	PF03167.24	2.6e-12
Cann_XP_016557927.2	165	304	UDG	PF03167.24	1.1e-12
Hame_XP_042240353.1	172	324	UDG	PF03167.24	1.5e-12
Oriv_OCH95469.1	180	349	UDG	PF03167.24	1.3e-11
Omyk_XP_021454387.2	157	275	UDG	PF03167.24	1.6e-12
Mmol_ENSMMOP00000023232.1	131	253	UDG	PF03167.24	1.5e-12
Omyk_XP_021454388.2	102	223	UDG	PF03167.24	1.2e-12
Rsp.MUCL43196_RGB25316.1	25	205	UDG	PF03167.24	1.2e-12
Znev_XP_021919943.1	134	254	UDG	PF03167.24	1.2e-12
Ptin_KAI6151084.1	121	281	UDG	PF03167.24	1.3e-12
Fcyl_OEU16601.1	118	308	UDG	PF03167.24	2.4e-12
Coka_Cok_S_s189_13795.t1	93	138	UDG	PF03167.24	1.8e-12
Dpur_XP_003293984.1	47	210	UDG	PF03167.24	1.1e-12
Agal_PBK87418.1	61	220	UDG	PF03167.24	1.4e-12
Abis_XP_006459295.1	90	265	UDG	PF03167.24	7e-12
Clux_KIK62539.1	128	302	UDG	PF03167.24	1e-11
Twas_XP_025596927.1	145	241	UDG	PF03167.24	1.7e-08
Dbis_THV07982.1	49	212	UDG	PF03167.24	1.1e-12
Tbru_XP_827880.1	122	276	UDG	PF03167.24	1.3e-12
Tryequ_XP_067077500.1	122	276	UDG	PF03167.24	1.3e-12
Hvul_XP_065648326.1	57	185	UDG	PF03167.24	1.2e-12
Ccin_XP_001828625.2	154	310	UDG	PF03167.24	1.6e-12
Myrmur_XP_029909335.1	109	229	UDG	PF03167.24	1.6e-12
Stan_XP_020064424.1	160	339	UDG	PF03167.24	1.6e-12
Mmol_ENSMMOP00000026935.1	64	211	UDG	PF03167.24	1.9e-12
Copflo_XP_014212429.1	89	276	UDG	PF03167.24	1.6e-12
Gsub_EMD34152.1	180	345	UDG	PF03167.24	4.1e-12
Chae_XP_025342035.1	487	665	UDG	PF03167.24	2.8e-12
Lbic_XP_001889770.1	224	397	UDG	PF03167.24	2e-12
Eaff_XP_023323801.1	174	323	UDG	PF03167.24	2.4e-12
Fpin_EPT01358	195	365	UDG	PF03167.24	4.2e-12
Pinv_KIJ17134.1	79	239	UDG	PF03167.24	2e-12
Slac_XP_007318680.1	176	348	UDG	PF03167.24	3.7e-12
Psp.PS1159_PS1159_v2.g20941.t1	104	259	UDG	PF03167.24	1.6e-12
Kman_XP_065373384.1	11	113	UDG	PF03167.24	2.8e-12
Myrmur_XP_029909333.1	162	282	UDG	PF03167.24	2.1e-12
Myrmur_XP_029909334.1	162	282	UDG	PF03167.24	2.1e-12
Mror_KAI3607993.1	133	294	UDG	PF03167.24	2.8e-12
Hmar_RDB21559.1	128	290	UDG	PF03167.24	1.7e-12
Scri_XP_027619175.1	196	363	UDG	PF03167.24	6.5e-12
Mmol_ENSMMOP00000026927.1	83	230	UDG	PF03167.24	2.3e-12
Sgla_L893_g12521.t1	395	451	UDG	PF03167.24	2.6e-12
Nvit_XP_016837104.2	87	277	UDG	PF03167.24	2e-12
Phachr_AGR57_7506T0-p1	130	300	UDG	PF03167.24	2.3e-12
Meygui_XP_001482945.2	149	328	UDG	PF03167.24	2.5e-12
Hvul_XP_065648327.1	57	184	UDG	PF03167.24	1.6e-12
Oriv_OCH86011.1	2	150	UDG	PF03167.24	1.4e-12
Dclu_XP_028814015.1	164	285	UDG	PF03167.24	2.2e-12
Ldec_XP_023012307.1	69	244	UDG	PF03167.24	1.6e-12
Dclu_XP_028814016.1	127	248	UDG	PF03167.24	1.8e-12
Rirr_XP_025177008.1	44	214	UDG	PF03167.24	1.7e-12
Cvis_KZO92024.1	22	185	UDG	PF03167.24	1.7e-12
Pinc_TID29809.1	114	289	UDG	PF03167.24	3.5e-12
Psp.PS1159_PS1159_v2.g20941.t2	125	280	UDG	PF03167.24	2e-12
Mmol_ENSMMOP00000026931.1	122	269	UDG	PF03167.24	2.8e-12
Pcar_XP_007393396.1	59	229	UDG	PF03167.24	3.4e-12
Cflo_XP_011264030.1	125	304	UDG	PF03167.24	2.9e-12
Hirr_XP_009545178.1	128	303	UDG	PF03167.24	5.8e-12
Hill_XP_037921036.1	96	266	UDG	PF03167.24	2.5e-12
Spis_XP_022803421.1	88	260	UDG	PF03167.24	2.3e-12
Mmol_ENSMMOP00000026926.1	83	230	UDG	PF03167.24	3.2e-12
Tsui_KHJ39943.1	66	193	UDG	PF03167.24	3.1e-12
Okis_XP_031688899.1	147	264	UDG	PF03167.24	3.2e-12
Gros_RIB26379.1	49	201	UDG	PF03167.24	3.5e-12
Opun_OPUNC04G26820.1	3	137	UDG	PF03167.24	1.7e-12
Okis_XP_020347832.2	158	275	UDG	PF03167.24	3.3e-12
Edia_XP_020914104.1	58	234	UDG	PF03167.24	2.4e-12
Edia_XP_020917173.1	58	234	UDG	PF03167.24	2.4e-12
Okis_XP_020347833.2	103	223	UDG	PF03167.24	2.5e-12
Ipun_XP_017330543.1	151	296	UDG	PF03167.24	3.3e-12
Otsh_XP_024301066.1	103	223	UDG	PF03167.24	2.5e-12
Otsh_XP_024240654.1	158	275	UDG	PF03167.24	3.3e-12
HalNKZ332_KAE9556032.1	841	989	UDG	PF03167.24	6.9e-12
Ipun_XP_017330544.1	114	259	UDG	PF03167.24	2.7e-12
Stru_XP_029607565.1	106	226	UDG	PF03167.24	2.6e-12
Pgra_TFK98679.1	173	344	UDG	PF03167.24	1.4e-11
Salsal_XP_014025640.1	106	226	UDG	PF03167.24	2.6e-12
Mmol_ENSMMOP00000026933.1	90	237	UDG	PF03167.24	3.3e-12
Tzim_KRZ06426.1	147	293	UDG	PF03167.24	3.8e-12
Bspl_XP_029010390.1	175	295	UDG	PF03167.24	7e-12
Hhuc_ENSHHUP00000028938.1	180	297	UDG	PF03167.24	3.7e-12
Rirr_XP_025179927.1	55	235	UDG	PF03167.24	2.7e-12
Cgua_XP_025365851.1	235	330	UDG	PF03167.24	3.6e-08
Dmoj_XP_001999882.1	69	246	UDG	PF03167.24	3.6e-12
Pmic_KAI6025111.1	181	355	UDG	PF03167.24	1.5e-11
Tpre_XP_014238787.1	99	283	UDG	PF03167.24	3e-12
Stru_XP_029607564.1	159	276	UDG	PF03167.24	3.4e-12
Salsal_XP_014025639.1	159	276	UDG	PF03167.24	3.4e-12
Drer_XP_005163071.1	121	266	UDG	PF03167.24	3e-12
Smim_KFM79864.1	54	236	UDG	PF03167.24	2.6e-12
Rsto_RCH86731.1	31	164	UDG	PF03167.24	2.8e-12
Tzim_KRZ06425.1	20	151	UDG	PF03167.24	4.3e-12
Aing_XP_025376652.1	106	252	UDG	PF03167.24	3.7e-12
Mbre_XP_001749567.1	55	197	UDG	PF03167.24	3.1e-12
Drer_NP_001018587.1	158	303	UDG	PF03167.24	3.7e-12
Omyk_XP_036806919.1	75	196	UDG	PF03167.24	3e-12
Ates_XP_026222250.1	164	284	UDG	PF03167.24	4.2e-12
Ates_XP_026222251.1	164	284	UDG	PF03167.24	4.2e-12
Rves_OJA16461.1	183	356	UDG	PF03167.24	9.4e-12
Aing_XP_025377158.1	193	393	UDG	PF03167.24	1.7e-11
Etef_Et_s4295-1.11-1.mrna1	14	137	UDG	PF03167.24	2.5e-12
Lbic_XP_001883948.1	11	153	UDG	PF03167.24	3e-12
Anogla_XP_018570974.1	101	282	UDG	PF03167.24	1.9e-11
Marm_XP_026168174.1	117	266	UDG	PF03167.24	4e-12
Mfar_CCE82335.1	186	361	UDG	PF03167.24	7.4e-12
Cpar_XP_036666140.1	64	269	UDG	PF03167.24	3.8e-12
Tsp.T6_KRX82163.1	128	306	UDG	PF03167.24	4.4e-12
Olat_XP_023811361.1	112	262	UDG	PF03167.24	3.7e-12
Dque_KZT73084.1	190	359	UDG	PF03167.24	5.5e-12
Rros_XP_047780265.1	217	386	UDG	PF03167.24	1e-11
Tsp.T8_KRZ89852.1	128	306	UDG	PF03167.24	4.6e-12
Marm_XP_026168172.1	166	315	UDG	PF03167.24	5.1e-12
Marm_XP_026168173.1	166	315	UDG	PF03167.24	5.1e-12
Tbri_KRY52124.1	128	306	UDG	PF03167.24	4.6e-12
Tmur_KRX48303.1	128	306	UDG	PF03167.24	4.6e-12
Sros_XP_004989458.1	703	861	UDG	PF03167.24	6.4e-12
Afar_AFAF012038-PA	122	303	UDG	PF03167.24	4.8e-12
Cypcar_XP_042571798.1	116	264	UDG	PF03167.24	3.9e-12
Takrub_XP_011605355.1	176	325	UDG	PF03167.24	5.4e-12
Takrub_XP_029697835.1	176	325	UDG	PF03167.24	5.4e-12
Takrub_XP_029697836.1	176	325	UDG	PF03167.24	5.4e-12
Takrub_XP_029697837.1	176	325	UDG	PF03167.24	5.4e-12
Clux_KIK63534.1	52	217	UDG	PF03167.24	5e-12
Okis_XP_020312371.1	104	224	UDG	PF03167.24	4.2e-12
Olat_XP_023811360.1	169	318	UDG	PF03167.24	5e-12
Scit_KIM54349.1	172	345	UDG	PF03167.24	2.2e-11
Omyk_XP_021421885.2	115	236	UDG	PF03167.24	4.1e-12
Omyk_XP_036806917.1	115	236	UDG	PF03167.24	4.1e-12
Omyk_XP_036806918.1	115	236	UDG	PF03167.24	4.1e-12
Tgel_XP_025257490.1	129	281	UDG	PF03167.24	4.2e-12
Mleu_XP_011830881.1	129	281	UDG	PF03167.24	4.2e-12
Pnox_PAV20395.1	80	210	UDG	PF03167.24	4.7e-12
Cypcar_XP_018980578.2	153	301	UDG	PF03167.24	4.8e-12
Char_XP_012673139.1	159	281	UDG	PF03167.24	5.3e-12
Char_XP_012673140.1	116	238	UDG	PF03167.24	4.3e-12
Asol_PBK64538.1	126	285	UDG	PF03167.24	4.3e-12
Ojav_RVE71349.1	99	219	UDG	PF03167.24	4.6e-12
Ttur_VAH54193.1	3	137	UDG	PF03167.24	3.3e-12
Prub_KIK95735.1	113	273	UDG	PF03167.24	7e-12
Otsh_XP_024234693.1	116	236	UDG	PF03167.24	4.5e-12
Mmol_ENSMMOP00000026939.1	92	212	UDG	PF03167.24	4.7e-12
Mgig_XP_011427768.2	283	462	UDG	PF03167.24	3e-12
Takrub_XP_011605352.1	194	343	UDG	PF03167.24	5.8e-12
Takrub_XP_011605353.1	194	343	UDG	PF03167.24	5.8e-12
Takrub_XP_029697834.1	194	343	UDG	PF03167.24	5.8e-12
Omel_XP_024136886.1	111	231	UDG	PF03167.24	4.9e-12
Ptep_XP_042903439.1	109	203	UDG	PF03167.24	4e-10
Dste_EWC46709.1	112	278	UDG	PF03167.24	5.5e-12
Hhuc_ENSHHUP00000064465.1	119	239	UDG	PF03167.24	4.5e-12
Krymar_XP_037834370.1	109	259	UDG	PF03167.24	4.8e-12
Sint_SGZ53613.1	107	306	UDG	PF03167.24	4.6e-12
Ptan_ODV94525.1	33	249	UDG	PF03167.24	5.9e-12
Hrob_XP_009010986.1	22	178	UDG	PF03167.24	4.1e-12
Enau_XP_029378959.1	106	226	UDG	PF03167.24	5.1e-12
Ctor_KIY64572.1	173	345	UDG	PF03167.24	2.4e-11
Bspl_XP_029010391.1	164	284	UDG	PF03167.24	6.7e-12
Concor_KXN69194.1	2	142	UDG	PF03167.24	3.9e-12
Krymar_XP_017288326.1	157	306	UDG	PF03167.24	6.1e-12
Krymar_XP_017288327.1	157	306	UDG	PF03167.24	6.1e-12
Singra_XP_016135241.1	116	264	UDG	PF03167.24	5e-12
Singra_XP_016135242.1	116	264	UDG	PF03167.24	5e-12
Singra_XP_016135243.1	116	264	UDG	PF03167.24	5e-12
Omel_XP_024136885.1	168	288	UDG	PF03167.24	6.6e-12
Dlab_XP_051237930.1	163	283	UDG	PF03167.24	7.3e-12
Acas_XP_004345843.1	89	227	UDG	PF03167.24	6.8e-12
Mfar_CCE81401.1	184	361	UDG	PF03167.24	7.2e-12
Dgyr_CAD5118156.1	88	265	UDG	PF03167.24	5.2e-12
Saur_XP_030282216.1	118	241	UDG	PF03167.24	5.7e-12
Saur_XP_030282217.1	118	241	UDG	PF03167.24	5.7e-12
Rgra_XP_018267890.1	140	331	UDG	PF03167.24	6.3e-12
Bspl_XP_029010392.1	150	270	UDG	PF03167.24	6.3e-12
Eluc_XP_010867260.1	124	241	UDG	PF03167.24	5.5e-12
Dlab_XP_051237931.1	109	229	UDG	PF03167.24	5.5e-12
Singra_XP_016135239.1	153	301	UDG	PF03167.24	6.1e-12
Singra_XP_016135240.1	153	301	UDG	PF03167.24	6.1e-12
Srhi_XP_016378665.1	159	307	UDG	PF03167.24	6.2e-12
Eluc_XP_010867259.1	179	296	UDG	PF03167.24	7.2e-12
Enau_XP_029378958.1	163	283	UDG	PF03167.24	6.9e-12
Enau_XP_029378957.1	163	283	UDG	PF03167.24	6.9e-12
Pdam_XP_027048291.1	65	236	UDG	PF03167.24	5.7e-12
Ptin_KAI6155576.1	175	349	UDG	PF03167.24	3e-11
Rgra_XP_018269335.1	168	332	UDG	PF03167.24	5.9e-12
Monalb_XP_020478267.1	103	226	UDG	PF03167.24	5.7e-12
Cort_XP_003866386.1	61	267	UDG	PF03167.24	7.3e-12
Hmar_RDB26085.1	182	267	UDG	PF03167.24	3.3e-06
Saur_XP_030282214.1	172	292	UDG	PF03167.24	7.5e-12
Saur_XP_030282215.1	172	292	UDG	PF03167.24	7.5e-12
Caeg_CAA7266926.1	178	272	UDG	PF03167.24	7.4e-06
Kdej_XP_065825472.1	215	322	UDG	PF03167.24	1.6e-11
Onttau_XP_022920875.2	80	258	UDG	PF03167.24	5.8e-12
Ccap_XP_004530992.1	121	297	UDG	PF03167.24	7.4e-12
Mint_SCV73100.1	184	301	UDG	PF03167.24	1.5e-11
Gand_KAE9408408.1	57	150	UDG	PF03167.24	1.7e-06
Canvis_RCK64731.1	53	251	UDG	PF03167.24	1e-11
Mtru_XP_013456531.1	114	270	UDG	PF03167.24	6.8e-12
Hame_XP_042209140.1	416	556	UDG	PF03167.24	1.3e-11
Sfor_XP_018585619.1	171	316	UDG	PF03167.24	7.6e-12
Fhet_XP_012717975.2	118	238	UDG	PF03167.24	7.6e-12
Spur_XP_011681720.1	253	440	UDG	PF03167.24	9.5e-12
Pmag_XP_033824455.1	193	313	UDG	PF03167.24	7.3e-12
Tpap_KRZ68060.1	12	144	UDG	PF03167.24	1.1e-11
Gcer_RIA97181.1	66	245	UDG	PF03167.24	8.1e-12
Gros_RIB01375.1	67	262	UDG	PF03167.24	9.5e-12
Fhet_XP_012717974.2	175	295	UDG	PF03167.24	1e-11
Fhet_XP_036002608.1	175	295	UDG	PF03167.24	1e-11
Ocin_ODN04743.1	24	122	UDG	PF03167.24	6.1e-12
Cgou_RLV99802.1	143	276	UDG	PF03167.24	2.8e-10
Lcal_XP_018541194.1	165	283	UDG	PF03167.24	1.1e-11
Lhum_XP_012233576.1	144	316	UDG	PF03167.24	9.9e-12
Caty_XP_011929399.1	141	260	UDG	PF03167.24	1.7e-11
Lcal_XP_018541195.1	127	245	UDG	PF03167.24	9.4e-12
Sfim_KAF2752176.1	118	278	UDG	PF03167.24	8.1e-12
Sdum_XP_035206912.1	54	236	UDG	PF03167.24	7.2e-12
Hapbur_XP_005931691.1	107	257	UDG	PF03167.24	9.1e-12
Nbri_XP_006782457.1	107	257	UDG	PF03167.24	9.1e-12
Pflo_XP_007880251.1	118	237	UDG	PF03167.24	4.1e-11
Hapbur_XP_005931690.1	161	310	UDG	PF03167.24	1.2e-11
Pnye_XP_005731547.1	161	310	UDG	PF03167.24	1.2e-11
Ccuc_KAI8326798.1	11	170	UDG	PF03167.24	6.6e-12
Astcal_XP_026030911.1	107	257	UDG	PF03167.24	9.1e-12
Mzeb_XP_004564569.1	107	257	UDG	PF03167.24	9.1e-12
Nbri_XP_006782456.1	161	310	UDG	PF03167.24	1.2e-11
Astcal_XP_026030910.1	161	310	UDG	PF03167.24	1.2e-11
Mzeb_XP_004564568.1	161	310	UDG	PF03167.24	1.2e-11
Stepar_XP_008292415.1	112	232	UDG	PF03167.24	8.7e-12
Rsp.MUCL43196_RGB25384.1	48	201	UDG	PF03167.24	8.5e-12
Nfur_XP_054588781.1	115	235	UDG	PF03167.24	9.8e-12
Cypcar_XP_018937699.1	112	260	UDG	PF03167.24	9.7e-12
Cypcar_XP_018937700.1	112	260	UDG	PF03167.24	9.7e-12
Cypcar_XP_042609405.1	112	260	UDG	PF03167.24	9.7e-12
Rmai_XP_026807416.1	67	252	UDG	PF03167.24	9.6e-12
Rmai_XP_026807417.1	67	252	UDG	PF03167.24	9.6e-12
Rmai_XP_026807418.1	67	252	UDG	PF03167.24	9.6e-12
Rmai_XP_026807419.1	67	252	UDG	PF03167.24	9.6e-12
Stepar_XP_008292409.1	166	286	UDG	PF03167.24	1.1e-11
Pmic_KAI6036935.1	122	282	UDG	PF03167.24	1.3e-11
Rvin_OAX37766.1	186	359	UDG	PF03167.24	2.9e-11
Nfur_XP_015819341.1	169	289	UDG	PF03167.24	1.3e-11
Csem_XP_024911876.1	112	232	UDG	PF03167.24	1.1e-11
Cypcar_XP_018937695.1	149	297	UDG	PF03167.24	1.2e-11
Cypcar_XP_018937696.1	149	297	UDG	PF03167.24	1.2e-11
Mpur_BDD55697.1	138	287	UDG	PF03167.24	1.9e-11
Canvis_RCK57877.1	51	249	UDG	PF03167.24	1.4e-11
Spar_KLO13052.1	182	356	UDG	PF03167.24	3.5e-11
Tano_XP_013240106.1	129	257	UDG	PF03167.24	2.1e-11
Sans_XP_016330687.1	153	301	UDG	PF03167.24	1.3e-11
Singra_XP_016116672.1	153	301	UDG	PF03167.24	1.3e-11
Pnat_XP_017545859.1	138	283	UDG	PF03167.24	1.2e-11
Csem_XP_024911875.1	167	287	UDG	PF03167.24	1.5e-11
Csem_XP_008309715.1	167	287	UDG	PF03167.24	1.5e-11
Dvir_XP_050502184.1	80	242	UDG	PF03167.24	1.1e-11
Sfas_XP_029951557.1	169	289	UDG	PF03167.24	1.5e-11
Sfas_XP_029951558.1	124	244	UDG	PF03167.24	1.2e-11
Salsal_XP_045544038.1	104	224	UDG	PF03167.24	1.2e-11
Rirr_XP_025165248.1	48	201	UDG	PF03167.24	1.1e-11
Stru_XP_029614138.1	110	230	UDG	PF03167.24	1.2e-11
Sfas_XP_029951555.1	181	301	UDG	PF03167.24	1.6e-11
Sfas_XP_029951556.1	181	301	UDG	PF03167.24	1.6e-11
Cvar_XP_015242019.1	109	232	UDG	PF03167.24	1.3e-11
Pnat_XP_017545858.1	175	320	UDG	PF03167.24	1.5e-11
Salsal_XP_045544037.1	116	236	UDG	PF03167.24	1.3e-11
Mcon_RPB14220.1	111	260	UDG	PF03167.24	1.2e-11
Pnat_XP_017545857.1	186	331	UDG	PF03167.24	1.5e-11
Aoce_XP_023125010.1	106	226	UDG	PF03167.24	1.4e-11
Cvar_XP_015242017.1	166	286	UDG	PF03167.24	1.8e-11
Cvar_XP_015242018.1	166	286	UDG	PF03167.24	1.8e-11
Cmar_TFK19305.1	112	276	UDG	PF03167.24	1.5e-11
Serdum_XP_022611760.1	118	238	UDG	PF03167.24	1.5e-11
Srhi_XP_016425187.1	153	301	UDG	PF03167.24	1.6e-11
Oaur_XP_031587676.1	107	257	UDG	PF03167.24	1.6e-11
Sans_XP_016312228.1	153	301	UDG	PF03167.24	1.6e-11
Onil_XP_005460027.1	107	257	UDG	PF03167.24	1.6e-11
Sorb_XP_029992099.1	110	230	UDG	PF03167.24	1.5e-11
Oaur_XP_031587675.1	161	310	UDG	PF03167.24	2.1e-11
Ptep_XP_015908983.1	51	227	UDG	PF03167.24	1.3e-11
Pran_XP_028287256.1	111	231	UDG	PF03167.24	1.5e-11
Aper_ENSAPEP00000016096.1	98	217	UDG	PF03167.24	1.6e-11
Slal_XP_023256135.1	115	235	UDG	PF03167.24	1.5e-11
Onil_XP_025764446.1	161	310	UDG	PF03167.24	2.1e-11
Hmep_HMEPH_08166-RA.p1	825	973	UDG	PF03167.24	2.7e-11
Onil_XP_005460026.1	161	310	UDG	PF03167.24	2.1e-11
Pran_XP_028287255.1	159	279	UDG	PF03167.24	2e-11
Mpha_XP_012533408.2	156	342	UDG	PF03167.24	1.9e-11
Aten_XP_031568640.1	58	236	UDG	PF03167.24	1.4e-11
Aper_ENSAPEP00000016110.1	160	280	UDG	PF03167.24	1.8e-11
Aoce_XP_023125008.1	160	280	UDG	PF03167.24	1.8e-11
Serdum_XP_022611759.1	172	292	UDG	PF03167.24	2e-11
Cput_XP_007764934.1	50	255	UDG	PF03167.24	1.4e-10
Plat_XP_014876717.1	118	241	UDG	PF03167.24	1.7e-11
Pfor_XP_007578728.1	118	241	UDG	PF03167.24	1.7e-11
Pmex_XP_014869038.1	118	241	UDG	PF03167.24	1.7e-11
Xcou_XP_027893248.1	112	232	UDG	PF03167.24	1.7e-11
Lcro_XP_010752130.1	115	235	UDG	PF03167.24	1.7e-11
Slal_XP_023256133.1	169	289	UDG	PF03167.24	2e-11
Slal_XP_023256134.1	169	289	UDG	PF03167.24	2e-11
Smed_h1SMcT0001100.3	38	181	UDG	PF03167.24	2.1e-11
Gaff_XP_043980996.1	115	235	UDG	PF03167.24	1.7e-11
Xmac_XP_023204248.1	172	292	UDG	PF03167.24	2.2e-11
Plat_XP_014876715.1	175	295	UDG	PF03167.24	2.2e-11
Pfor_XP_007578726.1	175	295	UDG	PF03167.24	2.2e-11
Pmex_XP_014869036.1	175	295	UDG	PF03167.24	2.2e-11
Xcou_XP_027893241.1	169	289	UDG	PF03167.24	2.3e-11
Gaff_XP_043980995.1	172	292	UDG	PF03167.24	2.2e-11
Lcro_XP_010752129.1	169	289	UDG	PF03167.24	2.2e-11
Lcro_XP_010752128.1	169	289	UDG	PF03167.24	2.2e-11
Lcro_XP_019116779.1	169	289	UDG	PF03167.24	2.2e-11
Msp.JCM33374_GEQ72735.1	69	253	UDG	PF03167.24	3.7e-11
Oeur_XP_022891786.1	95	233	UDG	PF03167.24	1.8e-11
Msp.JCM33374_GEQ68815.1	115	296	UDG	PF03167.24	1.9e-11
Aech_XP_011067520.1	304	383	UDG	PF03167.24	2.2e-11
Sorb_XP_029992098.1	160	280	UDG	PF03167.24	2e-11
Sfla_XP_025405949.1	74	251	UDG	PF03167.24	1.9e-11
Eele_XP_026880374.2	141	286	UDG	PF03167.24	2e-11
Xmac_XP_023204252.1	115	235	UDG	PF03167.24	2e-11
Xmac_XP_023204242.1	172	292	UDG	PF03167.24	2.5e-11
Caraur_XP_026116667.1	112	257	UDG	PF03167.24	2.2e-11
Caraur_XP_026116669.1	112	257	UDG	PF03167.24	2.2e-11
Caraur_XP_026058305.1	112	257	UDG	PF03167.24	2.2e-11
Caraur_XP_026058306.1	112	257	UDG	PF03167.24	2.2e-11
Caraur_XP_026058307.1	112	257	UDG	PF03167.24	2.2e-11
Mpha_XP_028050412.2	205	391	UDG	PF03167.24	2.6e-11
Apol_XP_051807809.1	106	226	UDG	PF03167.24	2.1e-11
Eele_XP_026880373.2	178	323	UDG	PF03167.24	2.4e-11
Ppap_XP_055697161.1	98	273	UDG	PF03167.24	2.2e-11
Nvit_XP_031784288.1	103	289	UDG	PF03167.24	2.3e-11
Nvit_XP_031784289.1	103	289	UDG	PF03167.24	2.3e-11
Hcom_XP_019750300.1	118	238	UDG	PF03167.24	2.2e-11
Eele_XP_026880372.2	189	334	UDG	PF03167.24	2.5e-11
Olat_XP_020559462.1	279	385	UDG	PF03167.24	3.1e-11
Caraur_XP_026116666.1	149	294	UDG	PF03167.24	2.6e-11
Cdep_XP_066068682.1	126	303	UDG	PF03167.24	5.6e-11
Caraur_XP_026058303.1	149	294	UDG	PF03167.24	2.6e-11
Caraur_XP_026058304.1	149	294	UDG	PF03167.24	2.6e-11
Aost_SJL04718.1	114	273	UDG	PF03167.24	2.1e-11
Schcom_XP_003031876.1	131	297	UDG	PF03167.24	2.2e-11
Rvin_OAX34162.1	136	297	UDG	PF03167.24	2.7e-11
Apol_XP_022067476.2	160	280	UDG	PF03167.24	2.8e-11
Blan_XP_066299763.1	219	396	UDG	PF03167.24	2.9e-11
Clum_XP_034390206.1	136	259	UDG	PF03167.24	2.5e-11
Gwil_XP_028304449.1	112	232	UDG	PF03167.24	2.6e-11
Mlar_XP_007415351.1	149	356	UDG	PF03167.24	7.8e-11
Spapas_XP_007376541.1	52	255	UDG	PF03167.24	2.6e-11
Hcom_XP_019750299.1	182	302	UDG	PF03167.24	3e-11
Hcom_XP_019750298.1	182	302	UDG	PF03167.24	3e-11
Gwil_XP_028304448.1	166	286	UDG	PF03167.24	3.4e-11
Clum_XP_034390204.1	189	312	UDG	PF03167.24	3.3e-11
Ledo_XP_046084557.1	177	352	UDG	PF03167.24	2.8e-09
Ctet_XP_066613806.1	4	108	UDG	PF03167.24	2.1e-10
Arub_XP_020049814.1	37	216	UDG	PF03167.24	2.8e-11
Sluc_XP_031151090.1	111	229	UDG	PF03167.24	3e-11
Lame_KIK05536.1	52	213	UDG	PF03167.24	2.7e-11
Clum_XP_034390205.1	136	259	UDG	PF03167.24	3.1e-11
Clum_XP_034390202.1	136	259	UDG	PF03167.24	3.4e-11
Neomel_ENSNMLP00000026555.1	134	254	UDG	PF03167.24	3e-11
Sluc_XP_031151089.1	164	282	UDG	PF03167.24	4e-11
Clum_XP_034390201.1	189	309	UDG	PF03167.24	3.9e-11
Tcal_KIO27165.1	108	254	UDG	PF03167.24	3e-11
Clum_XP_034390200.1	189	309	UDG	PF03167.24	4.2e-11
Llei_ENSLLEP00000001135.1	52	177	UDG	PF03167.24	2.5e-11
Cpar_XP_036663308.1	42	250	UDG	PF03167.24	3.7e-11
Mmer_XP_053385681.1	136	287	UDG	PF03167.24	3.5e-11
Aros_XP_020707743.1	121	298	UDG	PF03167.24	7.2e-11
Eaff_XP_023328801.1	143	315	UDG	PF03167.24	3.4e-11
Pjap_XP_042863232.1	362	502	UDG	PF03167.24	5.3e-11
Lbic_XP_001889784.1	5	158	UDG	PF03167.24	2.7e-11
Pjap_XP_042863230.1	371	511	UDG	PF03167.24	5.4e-11
Pvan_XP_069998441.1	352	491	UDG	PF03167.24	5.6e-11
Pvan_XP_069998440.1	361	500	UDG	PF03167.24	5.6e-11
Pchi_XP_047486234.1	352	491	UDG	PF03167.24	5.5e-11
Fhep_KIY43757.1	123	282	UDG	PF03167.24	4.1e-11
Pjap_XP_042863225.1	399	539	UDG	PF03167.24	5.5e-11
Pjap_XP_042863226.1	399	539	UDG	PF03167.24	5.5e-11
Pchi_XP_047486233.1	361	500	UDG	PF03167.24	5.6e-11
Agif_XP_044013479.1	116	291	UDG	PF03167.24	3.9e-11
Caur_XP_028892456.2	171	334	UDG	PF03167.24	4.9e-11
Pvan_XP_069998436.1	389	528	UDG	PF03167.24	5.8e-11
Pmon_XP_037793308.1	395	534	UDG	PF03167.24	5.8e-11
Pchi_XP_047486229.1	389	528	UDG	PF03167.24	5.8e-11
Ldec_XP_023030236.1	104	287	UDG	PF03167.24	4.3e-11
Hame_XP_042209148.1	378	522	UDG	PF03167.24	7.4e-11
Dpri_XP_040626285.1	41	137	UDG	PF03167.24	3.2e-11
Adir_ADIR003451-PA	121	295	UDG	PF03167.24	4.6e-11
Hame_XP_042209146.1	395	539	UDG	PF03167.24	7.5e-11
Hame_XP_042209136.1	416	560	UDG	PF03167.24	7.7e-11
Hame_XP_042209137.1	416	560	UDG	PF03167.24	7.7e-11
Hame_XP_042209139.1	416	560	UDG	PF03167.24	7.7e-11
Cqui_XP_001844350.2	131	312	UDG	PF03167.24	4.5e-11
Lelo_XP_001526135.2	92	307	UDG	PF03167.24	6.8e-11
Llei_ENSLLEP00000001186.1	47	172	UDG	PF03167.24	3.2e-11
Dbis_THV02844.1	186	354	UDG	PF03167.24	1.1e-10
Pgra_TFK98428.1	102	209	UDG	PF03167.24	5.8e-11
Anoste_XP_035894753.1	122	302	UDG	PF03167.24	5.3e-11
Msap_SDA02325.1	143	257	UDG	PF03167.24	1.6e-10
Aech_XP_011049787.1	127	300	UDG	PF03167.24	7.1e-11
Aech_XP_011049788.1	127	300	UDG	PF03167.24	7.1e-11
Hame_XP_042236579.1	94	270	UDG	PF03167.24	4.9e-11
Hame_XP_042236580.1	94	270	UDG	PF03167.24	4.9e-11
Sappar_XP_012197794.1	130	270	UDG	PF03167.24	5.5e-11
Maff_QBM90003.1	208	390	UDG	PF03167.24	6.5e-11
Pret_XP_017161035.1	175	325	UDG	PF03167.24	7e-11
Ampcit_ENSACIP00000015161.1	131	278	UDG	PF03167.24	5.6e-11
Adar_XP_049535810.1	124	306	UDG	PF03167.24	6.1e-11
Dvir_XP_050502346.1	92	255	UDG	PF03167.24	4.9e-11
Dsep_EME46908.1	4	154	UDG	PF03167.24	4.3e-11
Symmic_OLQ13164.1	11	137	UDG	PF03167.24	4.7e-11
Rdio_TNY17301.1	140	324	UDG	PF03167.24	6.5e-11
Caraur_XP_026094566.1	153	301	UDG	PF03167.24	6.2e-11
Pkin_XP_023668424.1	141	286	UDG	PF03167.24	6e-11
Smoe_XP_024523288.1	201	345	UDG	PF03167.24	6.5e-11
Dvir_XP_028127827.2	70	232	UDG	PF03167.24	6e-11
Lbic_XP_001873614.1	52	212	UDG	PF03167.24	5.8e-11
Aqua_AQUA009337-PA	45	222	UDG	PF03167.24	6.1e-11
Mbic_XP_018714011.1	63	259	UDG	PF03167.24	6.2e-11
Cmic_TEB34698.1	183	357	UDG	PF03167.24	5.5e-10
Acul_ACUA025044-PA	120	300	UDG	PF03167.24	8.8e-11
Acep_XP_012060147.1	126	300	UDG	PF03167.24	1.1e-10
Mcin_XP_045453115.1	68	257	UDG	PF03167.24	9e-11
Anomin_AMIN003215-PA	164	344	UDG	PF03167.24	1e-10
Gsul_XP_005703247.1	54	227	UDG	PF03167.24	8e-11
Ctro_XP_002551406.1	44	255	UDG	PF03167.24	8.9e-11
Psam_PSAMB.scaffold28size108976.g610.t1	57	236	UDG	PF03167.24	7.7e-11
Kpin_XP_070059539.1	141	242	UDG	PF03167.24	2.1e-10
Pcer_TFK72968.1	177	345	UDG	PF03167.24	3.8e-10
Dronov_XP_064354480.1	77	252	UDG	PF03167.24	8.4e-11
Ldec_XP_023016165.1	70	243	UDG	PF03167.24	1.1e-10
Pfun_PRP86872.1	77	194	UDG	PF03167.24	9.6e-11
Pvan_XP_027210983.2	99	275	UDG	PF03167.24	9.9e-11
Esil_CBN74561.1	113	301	UDG	PF03167.24	9.9e-11
Lgig_XP_009046245.1	48	225	UDG	PF03167.24	1.3e-10
Ssp.JA1_RLV94891.1	54	255	UDG	PF03167.24	1.1e-10
Drug_XP_034011851.1	37	223	UDG	PF03167.24	1.1e-10
Smax_XP_035499028.1	121	241	UDG	PF03167.24	1.2e-10
Hazt_XP_047739217.1	763	903	UDG	PF03167.24	1.8e-10
Patmin_XP_038049437.1	116	293	UDG	PF03167.24	1.4e-10
Patmin_XP_038049439.1	116	293	UDG	PF03167.24	1.4e-10
Eaff_XP_023328800.1	143	315	UDG	PF03167.24	1.2e-10
Nsp.Chile5_RLN67117.1	137	244	UDG	PF03167.24	1.5e-10
Smax_XP_035499027.1	175	295	UDG	PF03167.24	1.6e-10
Btry_XP_039967540.1	120	292	UDG	PF03167.24	1.4e-10
Btry_XP_039967542.1	120	292	UDG	PF03167.24	1.4e-10
Wmel_XP_006960181.1	67	224	UDG	PF03167.24	1.3e-10
Cgob_XP_029290604.1	129	247	UDG	PF03167.24	1.4e-10
Anomel_AMEC015600-PA	129	306	UDG	PF03167.24	1.4e-10
Dbis_THU98770.1	150	262	UDG	PF03167.24	1.7e-10
Tcac_XP_007045311.2	152	267	UDG	PF03167.24	1.7e-10
Cgob_XP_029290603.1	182	300	UDG	PF03167.24	1.8e-10
Cely_KAF1938998.1	422	578	UDG	PF03167.24	1.8e-10
Anoara_XP_040154326.1	129	306	UDG	PF03167.24	1.5e-10
Gacu_XP_040024702.1	171	292	UDG	PF03167.24	2.1e-10
Gacu_XP_040024704.1	112	233	UDG	PF03167.24	1.5e-10
Gacu_XP_040024705.1	112	233	UDG	PF03167.24	1.5e-10
Adig_XP_015777000.1	68	239	UDG	PF03167.24	1.3e-10
Whed_TIA90924.1	103	265	UDG	PF03167.24	1.4e-10
Myes_XP_021349387.1	707	883	UDG	PF03167.24	2e-10
Myes_XP_021349388.1	707	883	UDG	PF03167.24	2e-10
Gacu_XP_040024703.1	120	241	UDG	PF03167.24	1.6e-10
Amer_XP_041764531.1	129	306	UDG	PF03167.24	1.6e-10
Fhep_KIY52869.1	2	152	UDG	PF03167.24	1.2e-10
Annjap_XP_033116948.1	105	282	UDG	PF03167.24	1.5e-10
Rsol_XP_043178287.1	706	849	UDG	PF03167.24	3.2e-10
Patmin_XP_038046207.1	125	302	UDG	PF03167.24	1.6e-10
Eaff_XP_023328802.1	143	315	UDG	PF03167.24	1.6e-10
Cpse_XP_024715020.1	175	353	UDG	PF03167.24	2.6e-10
Blat_XP_018791043.1	117	289	UDG	PF03167.24	1.7e-10
Twil_T_wilhelma_c28081_g2_i1|m.23212	64	246	UDG	PF03167.24	1.7e-10
Gacu_XP_040024701.1	209	330	UDG	PF03167.24	2.2e-10
Gacu_XP_040024700.1	209	330	UDG	PF03167.24	2.3e-10
Aaeg_XP_021694151.1	120	299	UDG	PF03167.24	2e-10
Acol_XP_040224265.2	129	306	UDG	PF03167.24	1.9e-10
Agam_XP_312038.6	129	306	UDG	PF03167.24	1.9e-10
Gacu_XP_040019321.1	135	256	UDG	PF03167.24	1.9e-10
Cust_XP_032939189.1	103	273	UDG	PF03167.24	1.8e-10
Gacu_XP_040024699.1	209	330	UDG	PF03167.24	2.4e-10
Dsqu_XP_007369097.1	3	128	UDG	PF03167.24	1.5e-10
Gacu_XP_040019320.1	186	304	UDG	PF03167.24	2.4e-10
Gacu_XP_040024698.1	209	330	UDG	PF03167.24	2.4e-10
Gacu_XP_040019319.1	186	304	UDG	PF03167.24	2.4e-10
Wich_XP_009268723.1	104	266	UDG	PF03167.24	1.8e-10
Pbar_XP_011633750.1	177	350	UDG	PF03167.24	2.6e-10
Nvit_XP_031784291.1	103	278	UDG	PF03167.24	2e-10
Hrub_XP_046585653.1	63	220	UDG	PF03167.24	1.8e-10
Jjac_XP_004649977.2	92	264	UDG	PF03167.24	2.4e-10
Nvec_XP_001641524.1	80	250	UDG	PF03167.24	2.4e-10
Znev_XP_021926156.1	55	240	UDG	PF03167.24	2e-10
Eaff_XP_023328803.1	118	286	UDG	PF03167.24	2.3e-10
Name_XP_013297197.2	42	181	UDG	PF03167.24	2.1e-10
Xmul_KAF2970132.1	140	277	UDG	PF03167.24	1.8e-09
Ansbra_ENSABRP00000014286.1	60	231	UDG	PF03167.24	2.5e-10
Cdub_XP_002419551.1	60	288	UDG	PF03167.24	4.3e-10
Llei_ENSLLEP00000001102.1	61	178	UDG	PF03167.24	2.2e-10
Mung_XP_021507780.1	78	255	UDG	PF03167.24	2.8e-10
Mung_XP_060244464.1	78	255	UDG	PF03167.24	2.8e-10
Mung_XP_060244465.1	78	255	UDG	PF03167.24	2.8e-10
Mung_XP_060244466.1	78	255	UDG	PF03167.24	2.8e-10
Mung_XP_060244467.1	78	255	UDG	PF03167.24	2.8e-10
Mung_XP_060244468.1	78	255	UDG	PF03167.24	2.8e-10
Mung_XP_060244469.1	78	255	UDG	PF03167.24	2.8e-10
Mung_XP_060244470.1	78	255	UDG	PF03167.24	2.8e-10
Ssti_XP_001382636.2	53	263	UDG	PF03167.24	3.5e-10
Maff_QBM85699.1	61	244	UDG	PF03167.24	1e-09
Moch_XP_005353845.1	78	252	UDG	PF03167.24	2.8e-10
Hrub_XP_046549712.1	204	381	UDG	PF03167.24	2.4e-09
Mlus_KAL0135156.1	4	142	UDG	PF03167.24	2.3e-10
Mmer_XP_053385682.1	100	245	UDG	PF03167.24	3.2e-10
Pjap_XP_042863734.1	105	276	UDG	PF03167.24	3.2e-10
Lper_XP_051220103.1	143	260	UDG	PF03167.24	4.8e-10
Lcre_ORY85959.1	126	331	UDG	PF03167.24	8.4e-10
Cmon_XP_031949724.1	102	270	UDG	PF03167.24	3.6e-10
Aatr_ENSAATROPP003033	119	300	UDG	PF03167.24	4.2e-10
Bmin_symbB.v1.2.022126.t1|scaffold1950.1|size96177|4	13	123	UDG	PF03167.24	3e-10
Coka_Cok_S_s002_751.t1	12	127	UDG	PF03167.24	4.2e-10
Msp.JA9_RLV83798.1	48	259	UDG	PF03167.24	3.6e-10
Schcom_XP_003032899.2	2	114	UDG	PF03167.24	2.8e-10
Cmal_EMG45472.1	47	194	UDG	PF03167.24	3.5e-10
Vkom_XP_044297179.1	4	146	UDG	PF03167.24	4.1e-10
Acey_EYC15969.1	128	264	UDG	PF03167.24	4.1e-10
Ment_CAK5101326.1	139	258	UDG	PF03167.24	7.8e-10
Vdes_XP_022667539.1	70	250	UDG	PF03167.24	5.8e-10
Vdes_XP_022667535.1	70	250	UDG	PF03167.24	5.8e-10
Vdes_XP_022667536.1	70	250	UDG	PF03167.24	5.8e-10
Vdes_XP_022667537.1	70	250	UDG	PF03167.24	5.8e-10
Vdes_XP_022667538.1	70	250	UDG	PF03167.24	5.8e-10
Mjav_M.Javanica_Scaff22613g086453	105	223	UDG	PF03167.24	5.6e-10
Aalt_XP_018386887.1	410	567	UDG	PF03167.24	1e-09
Vlon_CRK25124.1	111	203	UDG	PF03167.24	7.3e-10
Portri_XP_045126409.1	214	389	UDG	PF03167.24	6.9e-10
Portri_XP_045104452.1	509	583	UDG	PF03167.24	7e-10
Rsp.MUCL43196_RGB43787.1	31	182	UDG	PF03167.24	4.6e-10
Amil_XP_029190840.2	113	263	UDG	PF03167.24	5e-10
Pdam_XP_027056413.1	94	252	UDG	PF03167.24	4.5e-10
Afun_XP_049285272.1	121	301	UDG	PF03167.24	5.6e-10
Anochr_ACHR003440-PA	130	311	UDG	PF03167.24	5.6e-10
Dpac_PAV69243.1	285	390	UDG	PF03167.24	5.5e-10
Ment_CAK5077215.1	147	230	UDG	PF03167.24	1.3e-07
Apla_XP_022084666.1	111	288	UDG	PF03167.24	5.3e-10
Annjap_XP_033116949.1	88	265	UDG	PF03167.24	6.2e-10
Annjap_XP_033116950.1	88	265	UDG	PF03167.24	6.2e-10
Annjap_XP_033116951.1	88	265	UDG	PF03167.24	6.2e-10
Gmor_XP_030222382.1	121	239	UDG	PF03167.24	6.5e-10
Portri_XP_045126400.1	249	424	UDG	PF03167.24	8.3e-10
Dappul_XP_046650196.1	98	276	UDG	PF03167.24	1.2e-09
Dpul_XP_046453441.1	98	276	UDG	PF03167.24	1.2e-09
Campar_XP_030823111.1	108	275	UDG	PF03167.24	6.7e-10
Ofav_XP_020616351.1	83	253	UDG	PF03167.24	7.3e-10
Gmor_XP_030222380.1	177	295	UDG	PF03167.24	8.3e-10
Gmor_XP_030222381.1	177	295	UDG	PF03167.24	8.3e-10
Cmos_ENSCMMP00000006359.1	234	405	UDG	PF03167.24	8.1e-10
Apla_XP_022084665.1	137	314	UDG	PF03167.24	6.6e-10
Scam_XP_068777495.1	61	240	UDG	PF03167.24	6.9e-10
Zcal_XP_027451192.1	59	231	UDG	PF03167.24	7.4e-10
Zcal_XP_027451193.1	59	231	UDG	PF03167.24	7.4e-10
Zcal_XP_027451194.1	59	231	UDG	PF03167.24	7.4e-10
Zcal_XP_027451195.1	59	231	UDG	PF03167.24	7.4e-10
Zcal_XP_027451196.1	59	231	UDG	PF03167.24	7.4e-10
Zcal_XP_027451197.1	59	231	UDG	PF03167.24	7.4e-10
Zcal_XP_027451198.1	59	231	UDG	PF03167.24	7.4e-10
Zcal_XP_027451199.1	59	231	UDG	PF03167.24	7.4e-10
Shar_XP_031794672.1	76	249	UDG	PF03167.24	1e-09
Phum_XP_002429752.1	63	246	UDG	PF03167.24	1.1e-09
Jros_XP_025359795.1	121	237	UDG	PF03167.24	1.5e-09
Apis_XP_001945680.1	62	242	UDG	PF03167.24	1.2e-09
Lari_TVY17712.1	191	288	UDG	PF03167.24	1.1e-09
Rcul_nRc.2.0.1.t19711-RA	3	138	UDG	PF03167.24	6.1e-10
Dmag_XP_032784848.2	93	271	UDG	PF03167.24	1.1e-09
Osin_XP_036355552.1	89	273	UDG	PF03167.24	1e-09
Osin_XP_029656480.1	89	273	UDG	PF03167.24	1.1e-09
Meygui_XP_001483505.1	66	264	UDG	PF03167.24	8.9e-10
Hgly_Hetgly18140.t1	512	652	UDG	PF03167.24	1.5e-09
Bbot_KDQ10526.1	76	189	UDG	PF03167.24	9.5e-10
Llei_ENSLLEP00000001154.1	38	131	UDG	PF03167.24	1.3e-09
Shar_XP_003771560.2	111	284	UDG	PF03167.24	1.5e-09
Portri_XP_045119441.1	310	469	UDG	PF03167.24	1.7e-09
Calmil_XP_042200214.1	74	250	UDG	PF03167.24	1.2e-09
Calmil_XP_042200215.1	74	250	UDG	PF03167.24	1.2e-09
Gpal_Gpal_D383_g03223.t1	122	239	UDG	PF03167.24	1.6e-09
Asin_KFB38325.1	123	304	UDG	PF03167.24	1.2e-09
Portri_XP_045119433.1	346	505	UDG	PF03167.24	1.8e-09
Portri_XP_045119431.1	354	513	UDG	PF03167.24	1.8e-09
Astrub_XP_033624996.1	105	289	UDG	PF03167.24	1.1e-09
Bdor_XP_049303144.1	91	262	UDG	PF03167.24	1.1e-09
Zcal_XP_027451190.1	98	270	UDG	PF03167.24	1.2e-09
Zcal_XP_027451191.1	98	270	UDG	PF03167.24	1.2e-09
Ldec_XP_023016166.1	70	207	UDG	PF03167.24	2.4e-09
Acyg_XP_066841536.1	249	420	UDG	PF03167.24	1.3e-09
Ppat_XP_024387996.1	176	354	UDG	PF03167.24	1.1e-09
Name_XP_064048355.1	113	249	UDG	PF03167.24	1.2e-09
Cduo_XP_025335635.1	175	342	UDG	PF03167.24	2.1e-09
Bdor_XP_049303143.1	148	320	UDG	PF03167.24	1.3e-09
Lcor_XP_017695298.1	14	185	UDG	PF03167.24	1.1e-09
Hetame_CAH8505383.1	70	212	UDG	PF03167.24	1.2e-09
Tigcal_XP_059094026.1	55	234	UDG	PF03167.24	1.3e-09
Plac_XP_040727372.1	121	284	UDG	PF03167.24	1.5e-09
Ecal_XP_028647079.2	79	257	UDG	PF03167.24	1.7e-09
Dhan_XP_461112.1	52	268	UDG	PF03167.24	1.4e-09
Pgig_KIP05776.1	161	217	UDG	PF03167.24	1.2e-09
Oabi_XP_012272093.1	119	298	UDG	PF03167.24	1.5e-09
Eeur_XP_060051185.1	78	250	UDG	PF03167.24	1.3e-09
Aatr_ENSAATROPP003036	119	292	UDG	PF03167.24	1.5e-09
Astrub_XP_033624995.1	134	318	UDG	PF03167.24	1.4e-09
Bmin_symbB.v1.2.022126.t2|scaffold1950.1|size96177|4	13	122	UDG	PF03167.24	1.1e-09
Ppol_XP_037074355.1	206	385	UDG	PF03167.24	1.6e-09
Shab_XP_030366347.1	79	260	UDG	PF03167.24	1.4e-09
Ncol_XP_031496160.1	345	455	UDG	PF03167.24	1.7e-09
Cpse_XP_024712519.1	52	251	UDG	PF03167.24	1.8e-09
Caur_XP_028891526.2	51	223	UDG	PF03167.24	1.4e-09
Acyg_XP_066853461.1	4	145	UDG	PF03167.24	1.5e-09
Neomel_ENSNMLP00000026561.1	83	228	UDG	PF03167.24	1.6e-09
Neomel_ENSNMLP00000026565.1	47	192	UDG	PF03167.24	1.6e-09
Ssur_XP_029811056.1	78	249	UDG	PF03167.24	1.8e-09
Ssur_XP_029811057.1	78	249	UDG	PF03167.24	1.8e-09
Ssur_XP_029811058.1	78	249	UDG	PF03167.24	1.8e-09
Bman_XP_028038647.1	67	247	UDG	PF03167.24	2.4e-09
Cneo_XP_024513000.1	4	101	UDG	PF03167.24	7.8e-09
Calb_XP_716103.1	60	293	UDG	PF03167.24	3.5e-09
Tcin_CDO75787.1	185	346	UDG	PF03167.24	3.6e-09
Fcat_XP_003988837.2	78	249	UDG	PF03167.24	2e-09
Fcat_XP_006933821.2	78	249	UDG	PF03167.24	2e-09
Fcat_XP_006933822.2	78	249	UDG	PF03167.24	2e-09
Fcat_XP_011282275.2	78	249	UDG	PF03167.24	2e-09
Fcat_XP_019690590.2	78	249	UDG	PF03167.24	2e-09
Fcat_XP_044917822.1	78	249	UDG	PF03167.24	2e-09
Fcat_XP_044917823.1	78	249	UDG	PF03167.24	2e-09
Ssur_XP_029811055.1	91	262	UDG	PF03167.24	2.1e-09
Psp.CONT_KZV62103.1	184	351	UDG	PF03167.24	2.7e-09
Mmus_NP_082161.2	78	258	UDG	PF03167.24	2e-09
Mmus_XP_006521478.1	78	258	UDG	PF03167.24	2e-09
Mmus_XP_011244033.1	78	258	UDG	PF03167.24	2e-09
Mmus_XP_011244034.1	78	258	UDG	PF03167.24	2e-09
Mmus_XP_011244035.1	78	258	UDG	PF03167.24	2e-09
Mmus_XP_017172241.1	78	258	UDG	PF03167.24	2e-09
Mmus_XP_036015486.1	78	258	UDG	PF03167.24	2e-09
Mmus_XP_036015487.1	78	258	UDG	PF03167.24	2e-09
Mmus_XP_036015488.1	78	258	UDG	PF03167.24	2e-09
Mspr_MGP_SPRETEiJ_P0041905	78	258	UDG	PF03167.24	2e-09
Obir_XP_011342627.1	123	297	UDG	PF03167.24	2.5e-09
Mpah_XP_021072450.1	78	258	UDG	PF03167.24	2e-09
Mpah_XP_029386963.1	78	258	UDG	PF03167.24	2e-09
Mpah_XP_029386964.1	78	258	UDG	PF03167.24	2e-09
Mpah_XP_029386965.1	78	258	UDG	PF03167.24	2e-09
Dple_XP_061384510.1	68	257	UDG	PF03167.24	2.3e-09
Mcar_XP_021038931.1	78	254	UDG	PF03167.24	2.2e-09
Mcar_XP_029325992.1	78	254	UDG	PF03167.24	2.2e-09
Rsan_XP_037517378.1	56	237	UDG	PF03167.24	2.2e-09
Mspi_ENSMSIP00000012143.1	89	269	UDG	PF03167.24	2.2e-09
Lcup_XP_023301653.2	4	158	UDG	PF03167.24	1.8e-09
Ppol_XP_037074853.1	206	385	UDG	PF03167.24	2.7e-09
Lcan_XP_030178652.1	78	249	UDG	PF03167.24	2.5e-09
Lcan_XP_030178653.1	78	249	UDG	PF03167.24	2.5e-09
Lcan_XP_030178654.1	78	249	UDG	PF03167.24	2.5e-09
Lcan_XP_030178655.1	78	249	UDG	PF03167.24	2.5e-09
Lcan_XP_030178656.1	78	249	UDG	PF03167.24	2.5e-09
Dronov_XP_064369760.1	4	145	UDG	PF03167.24	2.3e-09
Dvir_XP_050503466.1	9	129	UDG	PF03167.24	2.2e-09
Coka_Cok_S_s035_6784.t1	77	295	UDG	PF03167.24	3.3e-08
Vurs_XP_027694477.1	143	314	UDG	PF03167.24	2.6e-09
Pcla_XP_045617531.2	97	275	UDG	PF03167.24	2.7e-09
Pcla_XP_045617532.2	97	275	UDG	PF03167.24	2.7e-09
Ptig_XP_042848366.1	78	249	UDG	PF03167.24	2.7e-09
Ptig_XP_042848367.1	78	249	UDG	PF03167.24	2.7e-09
Ptig_XP_042848368.1	78	249	UDG	PF03167.24	2.7e-09
Ptig_XP_042848369.1	78	249	UDG	PF03167.24	2.7e-09
Ptig_XP_042848370.1	78	249	UDG	PF03167.24	2.7e-09
Ptig_XP_042848371.1	78	249	UDG	PF03167.24	2.7e-09
Ptig_XP_042848372.1	78	249	UDG	PF03167.24	2.7e-09
Pabe_XP_002823385.2	76	249	UDG	PF03167.24	2.9e-09
Pabe_XP_009246101.2	76	249	UDG	PF03167.24	2.9e-09
Pabe_XP_024112420.2	76	249	UDG	PF03167.24	2.9e-09
Pabe_XP_054384033.1	76	249	UDG	PF03167.24	2.9e-09
Pabe_XP_054384034.1	76	249	UDG	PF03167.24	2.9e-09
Pabe_XP_054384036.1	76	249	UDG	PF03167.24	2.9e-09
Pabe_XP_054384037.1	76	249	UDG	PF03167.24	2.9e-09
Pabe_XP_063567877.1	76	249	UDG	PF03167.24	2.9e-09
Pabe_XP_063567878.1	76	249	UDG	PF03167.24	2.9e-09
Pabe_XP_063567879.1	76	249	UDG	PF03167.24	2.9e-09
Pabe_XP_063567880.1	76	249	UDG	PF03167.24	2.9e-09
Mmol_ENSMMOP00000026936.1	66	202	UDG	PF03167.24	4.2e-09
Mfar_CCE81599.1	54	269	UDG	PF03167.24	3.3e-09
Sind_CAG7847544.1	90	300	UDG	PF03167.24	6e-09
Pleo_XP_042802642.1	78	249	UDG	PF03167.24	3e-09
Pleo_XP_042802643.1	78	249	UDG	PF03167.24	3e-09
Pleo_XP_042802644.1	78	249	UDG	PF03167.24	3e-09
Pleo_XP_042802645.1	78	249	UDG	PF03167.24	3e-09
Pleo_XP_042802646.1	78	249	UDG	PF03167.24	3e-09
Pleo_XP_042802647.1	78	249	UDG	PF03167.24	3e-09
Pleo_XP_042802648.1	78	249	UDG	PF03167.24	3e-09
Ppar_XP_019275146.1	78	249	UDG	PF03167.24	3e-09
Ppar_XP_053750991.1	78	249	UDG	PF03167.24	3e-09
Ppar_XP_053750992.1	78	249	UDG	PF03167.24	3e-09
Ppar_XP_053750994.1	78	249	UDG	PF03167.24	3e-09
Acey_EYC15970.1	128	273	UDG	PF03167.24	3e-09
Agla_SAM08858.1	27	163	UDG	PF03167.24	7e-08
Mcal_MALCA_04669.mRNA.1	54	224	UDG	PF03167.24	4e-09
Ofav_XP_020607904.1	144	324	UDG	PF03167.24	3.7e-09
Tgut_XP_032601014.2	131	302	UDG	PF03167.24	3.5e-09
Pmon_XP_037782754.1	97	273	UDG	PF03167.24	3.4e-09
Clup_XP_038433768.1	60	230	UDG	PF03167.24	3.6e-09
Clup_XP_038433769.1	60	230	UDG	PF03167.24	3.6e-09
Vvul_XP_025843521.1	60	230	UDG	PF03167.24	3.6e-09
Vvul_XP_025843523.1	60	230	UDG	PF03167.24	3.6e-09
Mfar_CCE82530.1	54	268	UDG	PF03167.24	3.9e-09
Easi_XP_070363273.1	4	145	UDG	PF03167.24	3.4e-09
Easi_XP_070363274.1	4	146	UDG	PF03167.24	3.4e-09
Ofav_XP_020607903.1	171	351	UDG	PF03167.24	4.5e-09
Anoalb_XP_035778955.1	126	308	UDG	PF03167.24	4.3e-09
Mpus_XP_003060460.1	175	367	UDG	PF03167.24	9.7e-09
Phymac_XP_023983064.2	4	146	UDG	PF03167.24	3.5e-09
Ofav_XP_020607900.1	102	276	UDG	PF03167.24	4.1e-09
Piltep_XP_023066667.1	76	249	UDG	PF03167.24	4.1e-09
Piltep_XP_023066668.1	76	249	UDG	PF03167.24	4.1e-09
Piltep_XP_023066669.1	76	249	UDG	PF03167.24	4.1e-09
Piltep_XP_023066670.1	76	249	UDG	PF03167.24	4.1e-09
Piltep_XP_023066671.1	76	249	UDG	PF03167.24	4.1e-09
Aque_XP_003389908.1	91	280	UDG	PF03167.24	3.7e-09
Coka_Cok_S_s140_12161.t1	55	233	UDG	PF03167.24	3.5e-09
Oana_XP_028928498.1	69	238	UDG	PF03167.24	4.2e-09
Oana_XP_028928499.1	69	238	UDG	PF03167.24	4.2e-09
Nnaj_KAG8138243.1	125	273	UDG	PF03167.24	4.3e-09
Tnig_CAF95523.1	61	236	UDG	PF03167.24	4.3e-09
Ailmel_XP_034499330.1	4	146	UDG	PF03167.24	4e-09
Twil_T_wilhelma_c24369_g1_i9|m.11641	62	131	UDG	PF03167.24	3.9e-09
Twil_T_wilhelma_c24369_g1_i7|m.11640	62	131	UDG	PF03167.24	3.9e-09
Dleu_XP_030619341.1	4	146	UDG	PF03167.24	4.2e-09
Hsap_NP_001350541.1	4	146	UDG	PF03167.24	4.4e-09
Hsap_XP_047285443.1	4	146	UDG	PF03167.24	4.4e-09
Hsap_XP_047285444.1	4	146	UDG	PF03167.24	4.4e-09
Cjac_XP_054094776.1	4	146	UDG	PF03167.24	4.4e-09
Cang_XP_011790592.1	4	146	UDG	PF03167.24	4.4e-09
Ppan_XP_034790248.1	4	146	UDG	PF03167.24	4.4e-09
Ptro_XP_054520601.1	4	146	UDG	PF03167.24	4.4e-09
Ofav_XP_020632757.1	108	266	UDG	PF03167.24	4.2e-09
Piltep_XP_023045789.1	4	146	UDG	PF03167.24	4.4e-09
Sbol_XP_039327761.1	4	146	UDG	PF03167.24	4.4e-09
Olat_XP_011473768.1	80	256	UDG	PF03167.24	5.7e-09
Aamp_XP_043208602.1	67	236	UDG	PF03167.24	2.5e-08
Cscu_XP_023237786.1	70	252	UDG	PF03167.24	4.5e-09
Panu_XP_021779033.1	4	146	UDG	PF03167.24	4.4e-09
Tgel_XP_025257491.1	4	146	UDG	PF03167.24	4.4e-09
Ncal_ORX96178.1	37	193	UDG	PF03167.24	4.3e-09
Mfas_XP_015286951.3	4	146	UDG	PF03167.24	4.4e-09
Mmul_XP_015008110.2	4	146	UDG	PF03167.24	4.4e-09
Mnem_XP_011767354.1	4	146	UDG	PF03167.24	4.4e-09
Csab_XP_008002650.1	4	146	UDG	PF03167.24	4.4e-09
Mleu_XP_011830882.1	4	146	UDG	PF03167.24	4.4e-09
Maur_XP_005066995.1	78	251	UDG	PF03167.24	5.3e-09
Ttra_XP_013753025.1	391	517	UDG	PF03167.24	3.7e-08
Pglu_XP_025345060.1	151	260	UDG	PF03167.24	8e-09
Isca_XP_002412050.1	56	231	UDG	PF03167.24	4.8e-09
Iper_KAG0410564.1	56	231	UDG	PF03167.24	4.8e-09
Csal_KXH34689.1	25	122	UDG	PF03167.24	5.2e-09
Caty_XP_011903369.1	76	249	UDG	PF03167.24	6.1e-09
Caty_XP_011903370.1	76	249	UDG	PF03167.24	6.1e-09
Caty_XP_011903371.1	76	249	UDG	PF03167.24	6.1e-09
Caty_XP_011903372.1	76	249	UDG	PF03167.24	6.1e-09
Caty_XP_011903373.1	76	249	UDG	PF03167.24	6.1e-09
Caty_XP_011903374.1	76	249	UDG	PF03167.24	6.1e-09
Caty_XP_011903375.1	76	249	UDG	PF03167.24	6.1e-09
Caty_XP_011903376.1	76	249	UDG	PF03167.24	6.1e-09
Caty_XP_011903377.1	76	249	UDG	PF03167.24	6.1e-09
Csim_KXH52529.1	25	122	UDG	PF03167.24	5.4e-09
Jreg_XP_018820309.1	164	283	UDG	PF03167.24	7.2e-09
Gmar_KAF0484808.1	61	243	UDG	PF03167.24	8.9e-09
Rhimic_XP_037279254.1	82	263	UDG	PF03167.24	6.9e-09
Rbie_XP_017706495.1	59	232	UDG	PF03167.24	7.2e-09
Rrox_XP_010372173.1	59	232	UDG	PF03167.24	7.2e-09
Rrox_XP_030794591.1	59	232	UDG	PF03167.24	7.2e-09
Pcau_XP_014675576.1	255	430	UDG	PF03167.24	1.2e-08
Pman_XP_006981866.1	78	253	UDG	PF03167.24	6.9e-09
Pman_XP_042120556.1	78	253	UDG	PF03167.24	6.9e-09
Jreg_XP_018820308.1	164	283	UDG	PF03167.24	8.7e-09
Jreg_XP_018820306.1	164	283	UDG	PF03167.24	8.6e-09
Cang_XP_011785851.1	76	249	UDG	PF03167.24	8.1e-09
Cang_XP_011785852.1	76	249	UDG	PF03167.24	8.1e-09
Cang_XP_011785853.1	76	249	UDG	PF03167.24	8.1e-09
Cang_XP_011785854.1	76	249	UDG	PF03167.24	8.1e-09
Cang_XP_011785855.1	76	249	UDG	PF03167.24	8.1e-09
Cang_XP_011785856.1	76	249	UDG	PF03167.24	8.1e-09
Cang_XP_011785857.1	76	249	UDG	PF03167.24	8.1e-09
Cang_XP_011785858.1	76	249	UDG	PF03167.24	8.1e-09
Cang_XP_011785859.1	76	249	UDG	PF03167.24	8.1e-09
Cang_XP_011785860.1	76	249	UDG	PF03167.24	8.1e-09
Cang_XP_011785861.1	76	249	UDG	PF03167.24	8.1e-09
Cang_XP_011785862.1	76	249	UDG	PF03167.24	8.1e-09
Pmar_XP_032821469.1	129	301	UDG	PF03167.24	9.1e-09
Samp_TRM57880.1	33	174	UDG	PF03167.24	8.2e-09
Osin_XP_029656829.1	74	162	UDG	PF03167.24	8.3e-09
Pmar_XP_032821468.1	138	310	UDG	PF03167.24	9.8e-09
Csav_ENSCSAVP00000019234.1	35	209	UDG	PF03167.24	7.1e-09
Mjak_MALJA_05652.mRNA.1	59	234	UDG	PF03167.24	1e-08
Mfas_XP_005571120.2	76	249	UDG	PF03167.24	9e-09
Mfas_XP_005571121.2	76	249	UDG	PF03167.24	9e-09
Mfas_XP_005571123.2	76	249	UDG	PF03167.24	9e-09
Mfas_XP_045221330.2	76	249	UDG	PF03167.24	9e-09
Mfas_XP_045221332.2	76	249	UDG	PF03167.24	9e-09
Mfas_XP_045221333.2	76	249	UDG	PF03167.24	9e-09
Mfas_XP_045221334.2	76	249	UDG	PF03167.24	9e-09
Mfas_XP_065380391.1	76	249	UDG	PF03167.24	9e-09
Csab_XP_008001688.1	76	249	UDG	PF03167.24	9e-09
Csab_XP_008001689.1	76	249	UDG	PF03167.24	9e-09
Csab_XP_008001691.1	76	249	UDG	PF03167.24	9e-09
Csab_XP_037852920.1	76	249	UDG	PF03167.24	9e-09
Mnem_XP_011727034.1	76	249	UDG	PF03167.24	9e-09
Mnem_XP_011727035.1	76	249	UDG	PF03167.24	9e-09
Mnem_XP_011727036.1	76	249	UDG	PF03167.24	9e-09
Mnem_XP_011727037.1	76	249	UDG	PF03167.24	9e-09
Tgel_XP_025258995.1	76	249	UDG	PF03167.24	9e-09
Tgel_XP_025258996.1	76	249	UDG	PF03167.24	9e-09
Tgel_XP_025258997.1	76	249	UDG	PF03167.24	9e-09
Tgel_XP_025258998.1	76	249	UDG	PF03167.24	9e-09
Tgel_XP_025258999.1	76	249	UDG	PF03167.24	9e-09
Tgel_XP_025259000.1	76	249	UDG	PF03167.24	9e-09
Tgel_XP_025259001.1	76	249	UDG	PF03167.24	9e-09
Tgel_XP_025259002.1	76	249	UDG	PF03167.24	9e-09
Tgel_XP_025259003.1	76	249	UDG	PF03167.24	9e-09
Tgel_XP_025259004.1	76	249	UDG	PF03167.24	9e-09
Tgel_XP_025259006.1	76	249	UDG	PF03167.24	9e-09
Tgel_XP_025259007.1	76	249	UDG	PF03167.24	9e-09
Tgel_XP_025259008.1	76	249	UDG	PF03167.24	9e-09
Tgel_XP_025259009.1	76	249	UDG	PF03167.24	9e-09
Tgel_XP_025259010.1	76	249	UDG	PF03167.24	9e-09
Tgel_XP_025259011.1	76	249	UDG	PF03167.24	9e-09
Tgel_XP_025259012.1	76	249	UDG	PF03167.24	9e-09
Panu_XP_003906530.2	76	249	UDG	PF03167.24	9e-09
Panu_XP_009179142.2	76	249	UDG	PF03167.24	9e-09
Panu_XP_021778165.2	76	249	UDG	PF03167.24	9e-09
Panu_XP_021778166.2	76	249	UDG	PF03167.24	9e-09
Panu_XP_021778167.2	76	249	UDG	PF03167.24	9e-09
Panu_XP_021778168.2	76	249	UDG	PF03167.24	9e-09
Panu_XP_021778169.2	76	249	UDG	PF03167.24	9e-09
Panu_XP_031506393.1	76	249	UDG	PF03167.24	9e-09
Pret_XP_008408279.1	72	247	UDG	PF03167.24	8.9e-09
Mmul_NP_001181686.1	76	249	UDG	PF03167.24	9.3e-09
Mmul_XP_001109204.1	76	249	UDG	PF03167.24	9.3e-09
Mmul_XP_015007300.1	76	249	UDG	PF03167.24	9.3e-09
Mmul_XP_015007301.1	76	249	UDG	PF03167.24	9.3e-09
Mmul_XP_015007302.1	76	249	UDG	PF03167.24	9.3e-09
Mmul_XP_028684705.1	76	249	UDG	PF03167.24	9.3e-09
Dord_XP_012887923.1	76	249	UDG	PF03167.24	9.9e-09
Cfio_XP_065615226.1	189	287	UDG	PF03167.24	1.1e-08
Pcan_XP_025083648.1	411	587	UDG	PF03167.24	1.6e-08
Pcan_XP_025083650.1	411	587	UDG	PF03167.24	1.6e-08
Ocin_ODM96409.1	130	276	UDG	PF03167.24	1.2e-08
Clim_Clim_evm75s156	67	246	UDG	PF03167.24	1.2e-08
Cint_XP_002120073.1	240	413	UDG	PF03167.24	1.2e-08
Adig_XP_015771608.1	74	138	UDG	PF03167.24	9.6e-09
Cvar_XP_015226011.1	75	248	UDG	PF03167.24	1.8e-08
Anan_XP_012305782.1	77	249	UDG	PF03167.24	1.1e-08
Anan_XP_012305783.1	77	249	UDG	PF03167.24	1.1e-08
Anan_XP_064233241.1	77	249	UDG	PF03167.24	1.1e-08
Bgru_ENSBGRP00000042910.1	132	240	UDG	PF03167.24	1.3e-08
Sver_KIM33068.1	61	241	UDG	PF03167.24	1.2e-08
Esil_CBJ48449.1	81	299	UDG	PF03167.24	6.2e-08
Agrpla_XP_018328329.1	99	283	UDG	PF03167.24	1.1e-08
Tsp.T6_KRX74256.1	32	143	UDG	PF03167.24	5.4e-08
Pinf_XP_002905155.1	52	229	UDG	PF03167.24	1.1e-08
Eele_XP_026875851.2	97	178	UDG	PF03167.24	1.5e-08
Mmay_XP_011391183.1	160	257	UDG	PF03167.24	1.8e-08
Rnor_NP_808795.1	76	249	UDG	PF03167.24	1.5e-08
Rnor_XP_008763971.1	76	249	UDG	PF03167.24	1.5e-08
Rnor_XP_017450389.1	76	249	UDG	PF03167.24	1.5e-08
Rnor_XP_038935276.1	76	249	UDG	PF03167.24	1.5e-08
Kbes_XP_065725358.1	2	93	UDG	PF03167.24	1.5e-08
Hmel_HMEL009905-PA	70	259	UDG	PF03167.24	1.7e-08
Arob_ORX73458.1	42	195	UDG	PF03167.24	1.1e-08
Psim_ENSPSMP00000024123.1	79	251	UDG	PF03167.24	1.3e-08
Emue_Em0007g38a	64	244	UDG	PF03167.24	1.4e-08
Ngal_XP_029422371.1	78	251	UDG	PF03167.24	1.6e-08
Ngal_XP_029422372.1	78	251	UDG	PF03167.24	1.6e-08
Ngal_XP_029422373.1	78	251	UDG	PF03167.24	1.6e-08
Ngal_XP_029422378.1	78	251	UDG	PF03167.24	1.6e-08
Ngal_XP_029422381.1	78	251	UDG	PF03167.24	1.6e-08
Ngal_XP_029422382.1	78	251	UDG	PF03167.24	1.6e-08
Tsp.T9_KRX61944.1	131	242	UDG	PF03167.24	6.3e-08
Tnat_KRZ53070.1	131	242	UDG	PF03167.24	6.3e-08
Tmur_KRX42274.1	131	242	UDG	PF03167.24	6.3e-08
Tpat_KRY15868.1	142	253	UDG	PF03167.24	6.4e-08
Tsp.T8_KRZ91137.1	139	250	UDG	PF03167.24	6.4e-08
Cgri_XP_027252570.1	78	252	UDG	PF03167.24	1.4e-08
Cgri_XP_027252571.1	78	252	UDG	PF03167.24	1.4e-08
Cgri_XP_027252572.1	78	252	UDG	PF03167.24	1.4e-08
Cgri_XP_027252573.1	78	252	UDG	PF03167.24	1.4e-08
Omel_XP_024126165.1	76	253	UDG	PF03167.24	1.7e-08
Ncal_ORY04056.1	37	193	UDG	PF03167.24	1.4e-08
Cgri_XP_027252563.1	89	263	UDG	PF03167.24	1.6e-08
Cgri_XP_027252564.1	89	263	UDG	PF03167.24	1.6e-08
Cgri_XP_027252565.1	89	263	UDG	PF03167.24	1.6e-08
Cgri_XP_027252566.1	89	263	UDG	PF03167.24	1.6e-08
Cgri_XP_027252567.1	89	263	UDG	PF03167.24	1.6e-08
Cgri_XP_027252569.1	89	263	UDG	PF03167.24	1.6e-08
Pdam_XP_027050423.1	106	249	UDG	PF03167.24	1.6e-08
Bant_IU25_08238-mRNA-1	120	235	UDG	PF03167.24	2.1e-08
Cotglo_XP_044586608.1	114	298	UDG	PF03167.24	2.3e-08
Mund_XP_033927506.1	74	245	UDG	PF03167.24	1.8e-08
Odeg_XP_004637978.1	78	250	UDG	PF03167.24	1.8e-08
Dasnov_XP_058164063.1	74	250	UDG	PF03167.24	1.8e-08
Dasnov_XP_058164064.1	74	250	UDG	PF03167.24	1.8e-08
Dasnov_XP_058164065.1	74	250	UDG	PF03167.24	1.8e-08
Pcap_ENSPCAP00000001736.1	76	249	UDG	PF03167.24	2.1e-08
Cbac_XP_066607679.1	167	280	UDG	PF03167.24	2.1e-07
Mspr_MGP_SPRETEiJ_P0025427	116	181	UDG	PF03167.24	3e-08
Hmia_HMIM009338-PA	328	502	UDG	PF03167.24	2.8e-08
Slig_RFU23697.1	13	59	UDG	PF03167.24	1.8e-08
Cjac_XP_003733808.3	77	249	UDG	PF03167.24	2.5e-08
Cjac_XP_035112450.2	77	249	UDG	PF03167.24	2.5e-08
Cjac_XP_054094446.1	77	249	UDG	PF03167.24	2.5e-08
Lpol_XP_013788554.2	72	246	UDG	PF03167.24	2.4e-08
Sara_XP_054985350.1	79	250	UDG	PF03167.24	2.8e-08
Sara_XP_054985351.1	79	250	UDG	PF03167.24	2.8e-08
Sara_XP_054985352.1	79	250	UDG	PF03167.24	2.8e-08
Sara_XP_054985353.1	79	250	UDG	PF03167.24	2.8e-08
Sara_XP_054985354.1	79	250	UDG	PF03167.24	2.8e-08
Gaeg_XP_041371737.1	527	703	UDG	PF03167.24	3.3e-08
Ncal_ORX98136.1	37	193	UDG	PF03167.24	2.2e-08
Ncal_ORX96308.1	37	193	UDG	PF03167.24	2.2e-08
Oari_XP_027823030.1	79	251	UDG	PF03167.24	2.7e-08
Oari_XP_027823032.1	79	251	UDG	PF03167.24	2.7e-08
Oari_XP_060270020.1	79	251	UDG	PF03167.24	2.7e-08
Oari_XP_060270021.1	79	251	UDG	PF03167.24	2.7e-08
Oari_XP_060270023.1	79	251	UDG	PF03167.24	2.7e-08
Stan_XP_020064438.1	89	276	UDG	PF03167.24	2.3e-08
Ncal_ORX97074.1	37	193	UDG	PF03167.24	2.3e-08
Ncal_ORX99308.1	37	193	UDG	PF03167.24	2.3e-08
Lana_XP_013413559.1	467	643	UDG	PF03167.24	3.6e-08
Spis_XP_022798634.1	100	219	UDG	PF03167.24	2.7e-08
Crei_XP_001703403.2	213	405	UDG	PF03167.24	3.2e-08
Spis_XP_022790104.1	40	190	UDG	PF03167.24	3e-08
Mput_XP_004774621.1	75	246	UDG	PF03167.24	2.7e-08
Mput_XP_004774623.1	75	246	UDG	PF03167.24	2.7e-08
Mput_XP_012902396.1	75	246	UDG	PF03167.24	2.7e-08
Mput_XP_012902397.1	75	246	UDG	PF03167.24	2.7e-08
Mput_XP_012902398.1	75	246	UDG	PF03167.24	2.7e-08
Mput_XP_044929046.1	75	246	UDG	PF03167.24	2.7e-08
Mput_XP_044929047.1	75	246	UDG	PF03167.24	2.7e-08
Vpac_XP_006203142.1	78	251	UDG	PF03167.24	3e-08
Vpac_XP_006203143.1	78	251	UDG	PF03167.24	3e-08
Vpac_XP_015093684.1	78	251	UDG	PF03167.24	3e-08
Cimi_XP_017357358.1	77	249	UDG	PF03167.24	2.9e-08
Cdro_XP_010992403.1	78	251	UDG	PF03167.24	3e-08
Cdro_XP_031318241.1	78	251	UDG	PF03167.24	3e-08
Cdro_XP_031318242.1	78	251	UDG	PF03167.24	3e-08
Rfer_XP_032974218.1	78	249	UDG	PF03167.24	2.9e-08
Psp.VKMF3557_KFX87697.1	15	132	UDG	PF03167.24	3.3e-08
Mmos_ENSMMSP00000009565.1	79	251	UDG	PF03167.24	3.3e-08
Socc_ENSSOCP00000020220.1	77	247	UDG	PF03167.24	3e-08
Tbou_RPB20804.1	177	399	UDG	PF03167.24	5.2e-08
Gcho_PXF41378.1	39	209	UDG	PF03167.24	3.2e-08
Vkom_XP_044299244.1	70	247	UDG	PF03167.24	4.6e-08
Vkom_XP_044299245.1	70	247	UDG	PF03167.24	4.6e-08
Oglu_OGLUM04G29190.1	138	268	UDG	PF03167.24	4.1e-08
Hmia_HMIM009255-PA	351	525	UDG	PF03167.24	6e-08
Umar_XP_040498500.1	59	230	UDG	PF03167.24	3.1e-08
Tbri_KRY54164.1	139	249	UDG	PF03167.24	1.2e-07
Sara_XP_054985348.1	117	288	UDG	PF03167.24	4e-08
Hgla_XP_004872841.1	78	250	UDG	PF03167.24	3.7e-08
Clan_XP_005397265.1	78	250	UDG	PF03167.24	3.5e-08
Clan_XP_013376472.1	78	250	UDG	PF03167.24	3.5e-08
Clan_XP_013376473.1	78	250	UDG	PF03167.24	3.5e-08
Aimm_RPA78228.1	111	270	UDG	PF03167.24	5.2e-08
Nvis_XP_044083549.1	75	246	UDG	PF03167.24	3.6e-08
Nvis_XP_044083550.1	75	246	UDG	PF03167.24	3.6e-08
Nvis_XP_044083551.1	75	246	UDG	PF03167.24	3.6e-08
Nvis_XP_044083552.1	75	246	UDG	PF03167.24	3.6e-08
Nvis_XP_044083553.1	75	246	UDG	PF03167.24	3.6e-08
Mmur_XP_012619745.1	79	250	UDG	PF03167.24	3.5e-08
Mmur_XP_012619755.1	79	250	UDG	PF03167.24	3.5e-08
Mmur_XP_012619763.1	79	250	UDG	PF03167.24	3.5e-08
Ampcit_ENSACIP00000015106.1	87	204	UDG	PF03167.24	4.4e-08
Eneo_RKF64893.1	139	237	UDG	PF03167.24	4.1e-08
Fhet_XP_012736576.1	73	246	UDG	PF03167.24	4.1e-08
Nleu_XP_003252934.1	73	249	UDG	PF03167.24	3.8e-08
Nleu_XP_030678372.1	73	249	UDG	PF03167.24	3.8e-08
Nleu_XP_030678373.1	73	249	UDG	PF03167.24	3.8e-08
Nleu_XP_030678374.1	73	249	UDG	PF03167.24	3.8e-08
Etel_XP_045152619.1	80	283	UDG	PF03167.24	1.7e-07
Ppou_THH10894.1	188	347	UDG	PF03167.24	2e-07
Mput_XP_044929042.1	112	283	UDG	PF03167.24	4e-08
Mput_XP_044929043.1	112	283	UDG	PF03167.24	4e-08
Mput_XP_044929044.1	112	283	UDG	PF03167.24	4e-08
Mput_XP_044929045.1	112	283	UDG	PF03167.24	4e-08
Mluc_XP_023615494.1	79	250	UDG	PF03167.24	3.9e-08
Mluc_XP_023615495.1	79	250	UDG	PF03167.24	3.9e-08
Mluc_XP_023615496.1	79	250	UDG	PF03167.24	3.9e-08
Mluc_XP_023615497.1	79	250	UDG	PF03167.24	3.9e-08
Pfor_XP_007566106.1	72	247	UDG	PF03167.24	4.1e-08
Pmex_XP_014828688.1	72	247	UDG	PF03167.24	4.1e-08
Ppat_XP_024383758.1	35	212	UDG	PF03167.24	3.6e-08
Dsil_XP_037573337.1	59	238	UDG	PF03167.24	4.1e-08
Ftin_ENSFTIP00000007959.1	74	249	UDG	PF03167.24	4e-08
Msil_SGZ05165.1	989	1120	UDG	PF03167.24	1.9e-07
Umar_XP_008702900.2	85	256	UDG	PF03167.24	4.2e-08
Uthi_ENSUTTP00000019610.1	59	230	UDG	PF03167.24	4.1e-08
Amus_KIL64249.1	174	262	UDG	PF03167.24	5.4e-08
Fhet_XP_035987628.1	73	246	UDG	PF03167.24	4.7e-08
Xmac_XP_005799979.1	72	247	UDG	PF03167.24	4.5e-08
Ailmel_XP_011228406.1	85	257	UDG	PF03167.24	4.8e-08
Ailmel_XP_019659561.1	85	257	UDG	PF03167.24	4.8e-08
Ailmel_XP_019659562.1	85	257	UDG	PF03167.24	4.8e-08
Ailmel_XP_034501038.1	85	257	UDG	PF03167.24	4.8e-08
Ailmel_XP_034501039.1	85	257	UDG	PF03167.24	4.8e-08
Ailmel_XP_034501040.1	85	257	UDG	PF03167.24	4.8e-08
Ehis_XP_655177.1	13	158	UDG	PF03167.24	3.9e-08
Csp.CBS134920_RMD40296.1	1018	1136	UDG	PF03167.24	8.9e-08
Gaff_XP_043978925.1	72	247	UDG	PF03167.24	4.5e-08
Easi_XP_014691936.3	78	249	UDG	PF03167.24	4.5e-08
Easi_XP_070350385.1	78	249	UDG	PF03167.24	4.5e-08
Easi_XP_070350386.1	78	249	UDG	PF03167.24	4.5e-08
Easi_XP_070350387.1	78	249	UDG	PF03167.24	4.5e-08
Easi_XP_070350388.1	78	249	UDG	PF03167.24	4.5e-08
Ecab_XP_001504607.1	78	249	UDG	PF03167.24	4.5e-08
Ecab_XP_005611312.1	78	249	UDG	PF03167.24	4.5e-08
Ecab_XP_070127672.1	78	249	UDG	PF03167.24	4.5e-08
Ecab_XP_070127673.1	78	249	UDG	PF03167.24	4.5e-08
Xcou_XP_027857794.1	72	247	UDG	PF03167.24	4.6e-08
Mmil_XP_025353153.1	121	317	UDG	PF03167.24	4.8e-08
Fdam_XP_010607669.1	78	249	UDG	PF03167.24	4.9e-08
Sbol_XP_010348217.1	77	249	UDG	PF03167.24	5.3e-08
Sbol_XP_010348218.1	77	249	UDG	PF03167.24	5.3e-08
Cpor_XP_003476068.1	78	250	UDG	PF03167.24	4.9e-08
Cpor_XP_005006490.1	78	250	UDG	PF03167.24	4.9e-08
Cpor_XP_013014881.1	78	250	UDG	PF03167.24	4.9e-08
Cpor_XP_013014882.1	78	250	UDG	PF03167.24	4.9e-08
Cpor_XP_063110947.1	78	250	UDG	PF03167.24	4.9e-08
Hsap_NP_001230716.1	76	249	UDG	PF03167.24	5.3e-08
Hsap_NP_001230717.1	76	249	UDG	PF03167.24	5.3e-08
Hsap_NP_001338171.1	76	249	UDG	PF03167.24	5.3e-08
Hsap_NP_001338172.1	76	249	UDG	PF03167.24	5.3e-08
Hsap_NP_001338173.1	76	249	UDG	PF03167.24	5.3e-08
Hsap_NP_001338174.1	76	249	UDG	PF03167.24	5.3e-08
Hsap_NP_001338175.1	76	249	UDG	PF03167.24	5.3e-08
Hsap_NP_001338176.1	76	249	UDG	PF03167.24	5.3e-08
Hsap_NP_001338177.1	76	249	UDG	PF03167.24	5.3e-08
Hsap_NP_001338178.1	76	249	UDG	PF03167.24	5.3e-08
Hsap_NP_001338179.1	76	249	UDG	PF03167.24	5.3e-08
Hsap_NP_001338180.1	76	249	UDG	PF03167.24	5.3e-08
Hsap_NP_001338181.1	76	249	UDG	PF03167.24	5.3e-08
Hsap_NP_001338182.1	76	249	UDG	PF03167.24	5.3e-08
Hsap_NP_001338183.1	76	249	UDG	PF03167.24	5.3e-08
Hsap_NP_001338184.1	76	249	UDG	PF03167.24	5.3e-08
Hsap_NP_001338185.1	76	249	UDG	PF03167.24	5.3e-08
Hsap_NP_001338186.1	76	249	UDG	PF03167.24	5.3e-08
Hsap_NP_001338191.1	76	249	UDG	PF03167.24	5.3e-08
Hsap_NP_055126.1	76	249	UDG	PF03167.24	5.3e-08
Hsap_XP_006719382.1	76	249	UDG	PF03167.24	5.3e-08
Hsap_XP_011536414.1	76	249	UDG	PF03167.24	5.3e-08
Hsap_XP_011536418.1	76	249	UDG	PF03167.24	5.3e-08
Hsap_XP_011536420.1	76	249	UDG	PF03167.24	5.3e-08
Hsap_XP_011536421.1	76	249	UDG	PF03167.24	5.3e-08
Hsap_XP_011536423.1	76	249	UDG	PF03167.24	5.3e-08
Hsap_XP_047284588.1	76	249	UDG	PF03167.24	5.3e-08
Hsap_XP_047284589.1	76	249	UDG	PF03167.24	5.3e-08
Hsap_XP_047284590.1	76	249	UDG	PF03167.24	5.3e-08
Hsap_XP_047284591.1	76	249	UDG	PF03167.24	5.3e-08
Hsap_XP_047284592.1	76	249	UDG	PF03167.24	5.3e-08
Hsap_XP_047284593.1	76	249	UDG	PF03167.24	5.3e-08
Hsap_XP_047284594.1	76	249	UDG	PF03167.24	5.3e-08
Hsap_XP_047284595.1	76	249	UDG	PF03167.24	5.3e-08
Hsap_XP_047284596.1	76	249	UDG	PF03167.24	5.3e-08
Hsap_XP_047284597.1	76	249	UDG	PF03167.24	5.3e-08
Hsap_XP_047284598.1	76	249	UDG	PF03167.24	5.3e-08
Ppan_XP_003807631.1	76	249	UDG	PF03167.24	5.3e-08
Ppan_XP_003807632.1	76	249	UDG	PF03167.24	5.3e-08
Ppan_XP_008957972.1	76	249	UDG	PF03167.24	5.3e-08
Ppan_XP_014202641.1	76	249	UDG	PF03167.24	5.3e-08
Ppan_XP_014202643.1	76	249	UDG	PF03167.24	5.3e-08
Ppan_XP_034791601.1	76	249	UDG	PF03167.24	5.3e-08
Ppan_XP_034791602.1	76	249	UDG	PF03167.24	5.3e-08
Ppan_XP_034791604.1	76	249	UDG	PF03167.24	5.3e-08
Ppan_XP_034791605.1	76	249	UDG	PF03167.24	5.3e-08
Ppan_XP_034791606.1	76	249	UDG	PF03167.24	5.3e-08
Ppan_XP_054951550.1	76	249	UDG	PF03167.24	5.3e-08
Ppan_XP_054951551.1	76	249	UDG	PF03167.24	5.3e-08
Ppan_XP_054951553.1	76	249	UDG	PF03167.24	5.3e-08
Ppan_XP_054951554.1	76	249	UDG	PF03167.24	5.3e-08
Ppan_XP_054951555.1	76	249	UDG	PF03167.24	5.3e-08
Ppan_XP_054951556.1	76	249	UDG	PF03167.24	5.3e-08
Ppan_XP_054951557.1	76	249	UDG	PF03167.24	5.3e-08
Ppan_XP_054951558.1	76	249	UDG	PF03167.24	5.3e-08
Ppan_XP_054951560.1	76	249	UDG	PF03167.24	5.3e-08
Ppan_XP_054951561.1	76	249	UDG	PF03167.24	5.3e-08
Ppan_XP_054951562.1	76	249	UDG	PF03167.24	5.3e-08
Ppan_XP_054951563.1	76	249	UDG	PF03167.24	5.3e-08
Ppan_XP_054951564.1	76	249	UDG	PF03167.24	5.3e-08
Ppan_XP_054951565.1	76	249	UDG	PF03167.24	5.3e-08
Ppan_XP_054951566.1	76	249	UDG	PF03167.24	5.3e-08
Ppan_XP_054951567.1	76	249	UDG	PF03167.24	5.3e-08
Ppan_XP_054951568.1	76	249	UDG	PF03167.24	5.3e-08
Ppan_XP_054951569.1	76	249	UDG	PF03167.24	5.3e-08
Ppan_XP_054951571.1	76	249	UDG	PF03167.24	5.3e-08
Ppan_XP_054951572.1	76	249	UDG	PF03167.24	5.3e-08
Ppan_XP_063449523.1	76	249	UDG	PF03167.24	5.3e-08
Ppan_XP_063449524.1	76	249	UDG	PF03167.24	5.3e-08
Ppan_XP_063449525.1	76	249	UDG	PF03167.24	5.3e-08
Ppan_XP_063449526.1	76	249	UDG	PF03167.24	5.3e-08
Ppan_XP_063449527.1	76	249	UDG	PF03167.24	5.3e-08
Ppan_XP_063449528.1	76	249	UDG	PF03167.24	5.3e-08
Ppan_XP_063449529.1	76	249	UDG	PF03167.24	5.3e-08
Ppan_XP_063449530.1	76	249	UDG	PF03167.24	5.3e-08
Edis_XP_001737108.1	13	158	UDG	PF03167.24	4.6e-08
Arob_ORX76324.1	40	193	UDG	PF03167.24	4.5e-08
Sfor_XP_018581006.2	88	261	UDG	PF03167.24	6e-08
Ptro_XP_003952223.1	76	249	UDG	PF03167.24	5.5e-08
Ptro_XP_009423502.1	76	249	UDG	PF03167.24	5.5e-08
Ptro_XP_009423503.1	76	249	UDG	PF03167.24	5.5e-08
Ptro_XP_009423509.1	76	249	UDG	PF03167.24	5.5e-08
Ptro_XP_016778773.1	76	249	UDG	PF03167.24	5.5e-08
Ptro_XP_016778775.1	76	249	UDG	PF03167.24	5.5e-08
Ptro_XP_054519204.1	76	249	UDG	PF03167.24	5.5e-08
Ptro_XP_054519206.1	76	249	UDG	PF03167.24	5.5e-08
Ptro_XP_054519210.1	76	249	UDG	PF03167.24	5.5e-08
Ptro_XP_054519212.1	76	249	UDG	PF03167.24	5.5e-08
Ptro_XP_054519214.1	76	249	UDG	PF03167.24	5.5e-08
Ptro_XP_054519217.1	76	249	UDG	PF03167.24	5.5e-08
Ptro_XP_054519220.1	76	249	UDG	PF03167.24	5.5e-08
Ptro_XP_063641633.1	76	249	UDG	PF03167.24	5.5e-08
Ptro_XP_063641635.1	76	249	UDG	PF03167.24	5.5e-08
Ptro_XP_063641636.1	76	249	UDG	PF03167.24	5.5e-08
Ptro_XP_063641637.1	76	249	UDG	PF03167.24	5.5e-08
Ptro_XP_509109.1	76	249	UDG	PF03167.24	5.5e-08
Aalb_XP_062710978.1	30	149	UDG	PF03167.24	4.8e-08
Uame_XP_045656825.1	85	256	UDG	PF03167.24	5.5e-08
Nvis_XP_044083548.1	130	301	UDG	PF03167.24	6.2e-08
Ledo_XP_046080476.1	156	305	UDG	PF03167.24	1.5e-07
Pkin_XP_023688512.1	86	260	UDG	PF03167.24	6.3e-08
Aequ_EGACTEQ4350051937-PA	58	268	UDG	PF03167.24	1e-07
Gevg_XP_030410276.1	70	245	UDG	PF03167.24	5.6e-08
Gevg_XP_030410277.1	70	245	UDG	PF03167.24	5.6e-08
Gevg_XP_030410278.1	70	245	UDG	PF03167.24	5.6e-08
Gmor_XP_030231619.1	51	225	UDG	PF03167.24	6.2e-08
Dfra_TFY55222.1	192	418	UDG	PF03167.24	1.8e-06
Spis_XP_022798635.1	91	215	UDG	PF03167.24	6.6e-08
Scivul_ENSSVLP00005000250.1	75	249	UDG	PF03167.24	6.5e-08
Ptex_XP_026570529.1	61	236	UDG	PF03167.24	9.9e-08
Ptex_XP_026570530.1	61	236	UDG	PF03167.24	9.9e-08
Ptex_XP_026570532.1	61	236	UDG	PF03167.24	9.9e-08
Ptex_XP_026570533.1	61	236	UDG	PF03167.24	9.9e-08
Ogar_XP_023369478.1	79	251	UDG	PF03167.24	7.3e-08
Cabi_XP_032642766.1	117	289	UDG	PF03167.24	7.8e-08
Amil_XP_029199092.2	178	340	UDG	PF03167.24	1.2e-07
Ccan_XP_020019651.1	78	251	UDG	PF03167.24	7.5e-08
Ccan_XP_020019652.1	78	251	UDG	PF03167.24	7.5e-08
Gaga_ENSGAGP00000009371.1	73	245	UDG	PF03167.24	7.2e-08
Char_XP_012690939.2	84	262	UDG	PF03167.24	7.8e-08
Nmel_XP_021239620.1	77	249	UDG	PF03167.24	8e-08
Canvis_RCK64564.1	34	234	UDG	PF03167.24	7.2e-08
Omer_OMERI04G24730.3	395	510	UDG	PF03167.24	1.4e-07
Tcla_OQS07435.1	53	165	UDG	PF03167.24	7.1e-08
Apol_XP_022053174.1	82	261	UDG	PF03167.24	1.1e-07
Nscu_XP_026533055.1	61	236	UDG	PF03167.24	1e-07
Nscu_XP_026533056.1	61	236	UDG	PF03167.24	1e-07
Nscu_XP_026533057.1	61	236	UDG	PF03167.24	1e-07
Pdam_XP_027056414.1	122	274	UDG	PF03167.24	7.7e-08
Ofav_XP_020607154.1	11	123	UDG	PF03167.24	7e-08
Ocun_XP_008254783.1	78	251	UDG	PF03167.24	8.2e-08
Ocun_XP_051701569.1	78	251	UDG	PF03167.24	8.2e-08
Ocun_XP_051701570.1	78	251	UDG	PF03167.24	8.2e-08
Nnaj_KAG8129577.1	61	236	UDG	PF03167.24	1.2e-07
Tricas_XP_064211383.1	68	215	UDG	PF03167.24	1e-07
Amil_XP_044175561.1	178	340	UDG	PF03167.24	1.1e-07
Smar_SMAR005493-PA	126	299	UDG	PF03167.24	9.9e-08
Achr_XP_029893779.1	85	258	UDG	PF03167.24	8.6e-08
Gwil_XP_028302995.1	68	243	UDG	PF03167.24	1e-07
Ocun_XP_008254780.1	83	256	UDG	PF03167.24	8.6e-08
Ocun_XP_017197408.1	83	256	UDG	PF03167.24	8.6e-08
Hbur_XP_020076574.1	64	278	UDG	PF03167.24	9.1e-08
Ggor_XP_018894883.1	76	249	UDG	PF03167.24	9.2e-08
Ggor_XP_018894884.1	76	249	UDG	PF03167.24	9.2e-08
Ggor_XP_018894886.1	76	249	UDG	PF03167.24	9.2e-08
Ggor_XP_018894887.1	76	249	UDG	PF03167.24	9.2e-08
Ggor_XP_018894888.1	76	249	UDG	PF03167.24	9.2e-08
Ggor_XP_055213031.1	76	249	UDG	PF03167.24	9.2e-08
Ggor_XP_055213032.1	76	249	UDG	PF03167.24	9.2e-08
Ggor_XP_055213033.1	76	249	UDG	PF03167.24	9.2e-08
Ggor_XP_055213034.1	76	249	UDG	PF03167.24	9.2e-08
Ggor_XP_055213035.1	76	249	UDG	PF03167.24	9.2e-08
Ggor_XP_055213036.1	76	249	UDG	PF03167.24	9.2e-08
Ggor_XP_055213037.1	76	249	UDG	PF03167.24	9.2e-08
Ggor_XP_055213038.1	76	249	UDG	PF03167.24	9.2e-08
Ggor_XP_055213039.1	76	249	UDG	PF03167.24	9.2e-08
Ggor_XP_055213040.1	76	249	UDG	PF03167.24	9.2e-08
Ggor_XP_055213041.1	76	249	UDG	PF03167.24	9.2e-08
Ggor_XP_055213043.1	76	249	UDG	PF03167.24	9.2e-08
Ggor_XP_055213044.1	76	249	UDG	PF03167.24	9.2e-08
Ggor_XP_055213045.1	76	249	UDG	PF03167.24	9.2e-08
Ggor_XP_055213046.1	76	249	UDG	PF03167.24	9.2e-08
Ggor_XP_055213048.1	76	249	UDG	PF03167.24	9.2e-08
Ggor_XP_055213049.1	76	249	UDG	PF03167.24	9.2e-08
Ggor_XP_055213050.1	76	249	UDG	PF03167.24	9.2e-08
Ggor_XP_055213051.1	76	249	UDG	PF03167.24	9.2e-08
Ggor_XP_063549985.1	76	249	UDG	PF03167.24	9.2e-08
Ggor_XP_063549986.1	76	249	UDG	PF03167.24	9.2e-08
Ggor_XP_063549987.1	76	249	UDG	PF03167.24	9.2e-08
Ggor_XP_063549988.1	76	249	UDG	PF03167.24	9.2e-08
Ggor_XP_063549989.1	76	249	UDG	PF03167.24	9.2e-08
Ggor_XP_063549990.1	76	249	UDG	PF03167.24	9.2e-08
Ggor_XP_063549991.1	76	249	UDG	PF03167.24	9.2e-08
Ggor_XP_063549992.1	76	249	UDG	PF03167.24	9.2e-08
Ggor_XP_063549993.1	76	249	UDG	PF03167.24	9.2e-08
Ccan_XP_020019649.1	106	279	UDG	PF03167.24	1e-07
Ccan_XP_020019650.1	106	279	UDG	PF03167.24	1e-07
Aper_ENSAPEP00000014338.1	82	260	UDG	PF03167.24	1.1e-07
Ocun_XP_051701566.1	91	264	UDG	PF03167.24	9.4e-08
Ocun_XP_051701567.1	91	264	UDG	PF03167.24	9.4e-08
Aoce_XP_023153456.1	82	260	UDG	PF03167.24	1.1e-07
Mmar_XP_015349049.1	78	249	UDG	PF03167.24	9.3e-08
Mmar_XP_048658798.1	78	249	UDG	PF03167.24	9.3e-08
Pcin_XP_020840288.1	143	314	UDG	PF03167.24	9.8e-08
Pvit_XP_020640258.1	54	233	UDG	PF03167.24	9.5e-08
Pvit_XP_020640259.1	54	233	UDG	PF03167.24	9.5e-08
Pvit_XP_020640260.1	54	233	UDG	PF03167.24	9.5e-08
Pvit_XP_020640261.1	54	233	UDG	PF03167.24	9.5e-08
Pvit_XP_020640262.1	54	233	UDG	PF03167.24	9.5e-08
Pvit_XP_020640263.1	54	233	UDG	PF03167.24	9.5e-08
Pvit_XP_020640264.1	54	233	UDG	PF03167.24	9.5e-08
Pvit_XP_020640265.1	54	233	UDG	PF03167.24	9.5e-08
Pvit_XP_020640266.1	54	233	UDG	PF03167.24	9.5e-08
Ebur_ENSEBUP00000024296.1	70	240	UDG	PF03167.24	9.5e-08
Singra_XP_016096461.1	87	260	UDG	PF03167.24	1.5e-07
Upar_XP_026254579.1	78	249	UDG	PF03167.24	9.4e-08
Upar_XP_026254580.1	78	249	UDG	PF03167.24	9.4e-08
Upar_XP_026254581.1	78	249	UDG	PF03167.24	9.4e-08
Itri_XP_005325128.1	78	249	UDG	PF03167.24	9.4e-08
Itri_XP_040136461.1	78	249	UDG	PF03167.24	9.4e-08
Rmai_XP_026807420.1	5	171	UDG	PF03167.24	7.7e-08
Caeg_CAA7257419.1	7	173	UDG	PF03167.24	9.5e-08
Anis_ENSANIP00000007263.1	83	256	UDG	PF03167.24	1e-07
Xtro_NP_001090786.1	76	251	UDG	PF03167.24	1.2e-07
Sfas_XP_029947801.1	67	248	UDG	PF03167.24	1.1e-07
Sdau_ENSSDAP00000021758.1	78	249	UDG	PF03167.24	1e-07
Ttru_XP_033722446.1	78	249	UDG	PF03167.24	1.3e-07
Ttru_XP_033722447.1	78	249	UDG	PF03167.24	1.3e-07
Ttru_XP_033722448.1	78	249	UDG	PF03167.24	1.3e-07
Ttru_XP_033722449.1	78	249	UDG	PF03167.24	1.3e-07
Mmar_XP_015349048.1	91	262	UDG	PF03167.24	1.1e-07
Mmar_XP_048658797.1	91	262	UDG	PF03167.24	1.1e-07
Opri_XP_004583210.2	78	249	UDG	PF03167.24	1.1e-07
Opri_XP_058529573.1	78	249	UDG	PF03167.24	1.1e-07
Opri_XP_058529574.1	78	249	UDG	PF03167.24	1.1e-07
Opri_XP_058529575.1	78	249	UDG	PF03167.24	1.1e-07
Itri_XP_021581896.1	91	262	UDG	PF03167.24	1.1e-07
Tcar_ENSTMTP00000006446.1	73	244	UDG	PF03167.24	1.1e-07
Hruf_XP_046330686.2	300	482	UDG	PF03167.24	1.6e-07
Cpic_XP_005307762.1	73	244	UDG	PF03167.24	1.1e-07
Cpic_XP_023965640.1	73	244	UDG	PF03167.24	1.1e-07
Cpic_XP_023965641.1	73	244	UDG	PF03167.24	1.1e-07
Cpic_XP_023965642.1	73	244	UDG	PF03167.24	1.1e-07
Cpic_XP_042698169.1	73	244	UDG	PF03167.24	1.1e-07
Bind_XP_019815958.1	79	251	UDG	PF03167.24	1.3e-07
Bind_XP_070645091.1	79	251	UDG	PF03167.24	1.3e-07
Btau_NP_001014958.1	79	251	UDG	PF03167.24	1.3e-07
Btau_XP_005206225.1	79	251	UDG	PF03167.24	1.3e-07
Btau_XP_005206226.1	79	251	UDG	PF03167.24	1.3e-07
Btau_XP_015326436.1	79	251	UDG	PF03167.24	1.3e-07
Dleu_XP_022427707.1	78	249	UDG	PF03167.24	1.4e-07
Dleu_XP_022427708.1	78	249	UDG	PF03167.24	1.4e-07
Dleu_XP_022427710.1	78	249	UDG	PF03167.24	1.4e-07
Dleu_XP_030618926.1	78	249	UDG	PF03167.24	1.4e-07
Mmon_XP_029061423.1	78	249	UDG	PF03167.24	1.4e-07
Mmon_XP_029061424.1	78	249	UDG	PF03167.24	1.4e-07
Mmon_XP_029061425.1	78	249	UDG	PF03167.24	1.4e-07
Mmon_XP_029061426.1	78	249	UDG	PF03167.24	1.4e-07
Plat_XP_014875848.1	72	247	UDG	PF03167.24	1.3e-07
Ebur_ENSEBUP00000024282.1	94	264	UDG	PF03167.24	1.2e-07
Smus_XP_016762095.1	1	139	UDG	PF03167.24	1.1e-07
Bmus_XP_036722725.1	78	249	UDG	PF03167.24	1.5e-07
Bmus_XP_036722726.1	78	249	UDG	PF03167.24	1.5e-07
Bmus_XP_036722727.1	78	249	UDG	PF03167.24	1.5e-07
Bmus_XP_036722728.1	78	249	UDG	PF03167.24	1.5e-07
Bmus_XP_036722729.1	78	249	UDG	PF03167.24	1.5e-07
Bmus_XP_036722730.1	78	249	UDG	PF03167.24	1.5e-07
Bmus_XP_036722731.1	78	249	UDG	PF03167.24	1.5e-07
Bmus_XP_036722732.1	78	249	UDG	PF03167.24	1.5e-07
Bmus_XP_036722733.1	78	249	UDG	PF03167.24	1.5e-07
Ctro_XP_002551414.1	63	263	UDG	PF03167.24	1.3e-07
Ttru_XP_033722444.1	105	276	UDG	PF03167.24	1.7e-07
Ttru_XP_033722445.1	105	276	UDG	PF03167.24	1.7e-07
Csp.CBS134920_RMD43982.1	1168	1270	UDG	PF03167.24	2.7e-07
Pigvie_Pvie_g4905	104	277	UDG	PF03167.24	1.4e-07
Sscr_XP_001927254.1	79	251	UDG	PF03167.24	1.6e-07
Sscr_XP_013853027.1	79	251	UDG	PF03167.24	1.6e-07
Sscr_XP_013853028.1	79	251	UDG	PF03167.24	1.6e-07
Phosin_XP_032502006.1	78	249	UDG	PF03167.24	1.7e-07
Phosin_XP_032502007.1	78	249	UDG	PF03167.24	1.7e-07
Phosin_XP_032502008.1	78	249	UDG	PF03167.24	1.7e-07
Phosin_XP_032502009.1	78	249	UDG	PF03167.24	1.7e-07
Phosin_XP_032502010.1	78	249	UDG	PF03167.24	1.7e-07
Phosin_XP_032502011.1	78	249	UDG	PF03167.24	1.7e-07
Phosin_XP_032502012.1	78	249	UDG	PF03167.24	1.7e-07
Msap_SCZ99850.1	143	281	UDG	PF03167.24	4.9e-07
Cpic_XP_023965639.1	93	264	UDG	PF03167.24	1.4e-07
Etel_XP_004716972.1	78	249	UDG	PF03167.24	1.6e-07
Dleu_XP_022427705.1	105	276	UDG	PF03167.24	1.9e-07
Dleu_XP_022427706.1	105	276	UDG	PF03167.24	1.9e-07
Mmon_XP_029061422.1	105	276	UDG	PF03167.24	1.9e-07
Smed_h1SMcT0001100.2	5	128	UDG	PF03167.24	1.9e-07
Smed_h1SMcT0001100.4	5	128	UDG	PF03167.24	1.9e-07
Bmus_XP_036722724.1	105	276	UDG	PF03167.24	2e-07
Spis_XP_022798633.1	93	238	UDG	PF03167.24	1.5e-07
Dlab_XP_051271870.1	83	251	UDG	PF03167.24	1.6e-07
Cypcar_XP_042589495.1	87	260	UDG	PF03167.24	2.6e-07
Vcar_XP_002946706.1	77	269	UDG	PF03167.24	2.9e-07
Phosin_XP_032502004.1	105	276	UDG	PF03167.24	2.3e-07
Phosin_XP_032502005.1	105	276	UDG	PF03167.24	2.3e-07
Pigchi_Pchi_g12806	171	349	UDG	PF03167.24	1.8e-07
Btab_XP_018914833.1	80	254	UDG	PF03167.24	2e-07
Lsub_TVY32200.1	114	209	UDG	PF03167.24	2.2e-07
Chrpic_ENSCPIP00010012330.1	95	267	UDG	PF03167.24	1.9e-07
Astcal_XP_026023936.1	84	258	UDG	PF03167.24	2.4e-07
Caraur_XP_026098017.1	87	260	UDG	PF03167.24	2.1e-07
Acas_XP_004339076.1	108	246	UDG	PF03167.24	2.1e-07
Sgla_L893_g12285.t1	88	177	UDG	PF03167.24	2.1e-07
Pdam_XP_027050436.1	106	244	UDG	PF03167.24	2.1e-07
Podmur_XP_028577443.1	61	236	UDG	PF03167.24	2.1e-07
Podmur_XP_028577444.1	61	236	UDG	PF03167.24	2.1e-07
Podmur_XP_028577445.1	61	236	UDG	PF03167.24	2.1e-07
Bgru_ENSBGRP00000006468.1	79	250	UDG	PF03167.24	2.2e-07
Bmut_XP_005902155.1	79	250	UDG	PF03167.24	2.2e-07
Bmut_XP_070226982.1	79	250	UDG	PF03167.24	2.2e-07
Bmut_XP_070226983.1	79	250	UDG	PF03167.24	2.2e-07
Bbis_XP_010856266.1	79	250	UDG	PF03167.24	2.2e-07
Bbis_XP_010856267.1	79	250	UDG	PF03167.24	2.2e-07
Bbis_XP_010856268.1	79	250	UDG	PF03167.24	2.2e-07
Chan_KAF4016321.1	79	251	UDG	PF03167.24	2.3e-07
Hapbur_XP_005924909.1	82	256	UDG	PF03167.24	2.8e-07
Singra_XP_016088367.1	83	256	UDG	PF03167.24	2.5e-07
Btab_XP_018914829.1	111	285	UDG	PF03167.24	2.8e-07
Msym_XP_018739547.1	138	214	UDG	PF03167.24	2.5e-07
Aano_XP_009043418.1	49	189	UDG	PF03167.24	2e-07
Mzeb_XP_004545017.2	84	258	UDG	PF03167.24	3e-07
Hcom_XP_019736578.1	77	250	UDG	PF03167.24	3e-07
Cpyg_ENSCPGP00000010977.1	82	255	UDG	PF03167.24	2.3e-07
Phymac_XP_028347077.1	78	248	UDG	PF03167.24	3.2e-07
Phymac_XP_028347078.1	78	248	UDG	PF03167.24	3.2e-07
Phymac_XP_028347079.1	78	248	UDG	PF03167.24	3.2e-07
Phymac_XP_028347080.1	78	248	UDG	PF03167.24	3.2e-07
Phymac_XP_028347081.1	78	248	UDG	PF03167.24	3.2e-07
Phymac_XP_028347082.1	78	248	UDG	PF03167.24	3.2e-07
Phymac_XP_054941577.1	78	248	UDG	PF03167.24	3.2e-07
Mlar_XP_007413585.1	210	387	UDG	PF03167.24	6e-07
Amex_XP_049327883.1	86	263	UDG	PF03167.24	2.8e-07
Podmur_XP_028577442.1	101	276	UDG	PF03167.24	3.2e-07
Tsp.J132_KNZ72176.1	196	368	UDG	PF03167.24	2.7e-07
Phosin_XP_032502013.1	105	248	UDG	PF03167.24	3.4e-07
Lafr_XP_023412843.1	75	247	UDG	PF03167.24	2.8e-07
Peff_UIZ20863.1	83	296	UDG	PF03167.24	3.4e-06
Psam_PSAMB.scaffold13373size2303.g35446.t1	158	234	UDG	PF03167.24	4.5e-07
Chan_KAF4010172.1	108	280	UDG	PF03167.24	3.1e-07
Stepar_XP_008305202.1	82	260	UDG	PF03167.24	2.9e-07
Srhi_XP_016366832.1	112	285	UDG	PF03167.24	3.3e-07
Bgru_ENSBGRP00000006515.1	119	290	UDG	PF03167.24	3.3e-07
Sans_XP_016339787.1	37	205	UDG	PF03167.24	2.7e-07
Obim_XP_014791073.2	59	191	UDG	PF03167.24	2.3e-07
Krymar_XP_017271326.1	77	254	UDG	PF03167.24	2.9e-07
Stesca_L892_g20331.t1	2	89	UDG	PF03167.24	2.2e-07
Pram_XP_067751712.1	81	282	UDG	PF03167.24	8.8e-07
Smer_ENSSMRP00000002943.1	61	237	UDG	PF03167.24	3.8e-07
Llei_ENSLLEP00000008483.1	65	240	UDG	PF03167.24	3e-07
Pvam_XP_039718032.1	80	251	UDG	PF03167.24	3.3e-07
Pvam_XP_039718033.1	80	251	UDG	PF03167.24	3.3e-07
Nbri_XP_006784367.1	84	258	UDG	PF03167.24	4.3e-07
Onil_XP_003441381.1	84	258	UDG	PF03167.24	4.3e-07
Ampcit_ENSACIP00000002297.1	57	234	UDG	PF03167.24	4e-07
Paph_EPrPA00000022409	1	94	UDG	PF03167.24	2.8e-07
Paph_EPrPA00000019022	97	181	UDG	PF03167.24	1.4e-06
Ates_XP_026202768.1	86	254	UDG	PF03167.24	3.9e-07
Ncal_ORY74955.1	44	196	UDG	PF03167.24	3.5e-07
Cwin_XP_019031895.1	108	210	UDG	PF03167.24	1.4e-06
Pnye_XP_005739628.1	84	258	UDG	PF03167.24	5.1e-07
Locu_XP_069043055.1	75	246	UDG	PF03167.24	5.2e-07
Ksha_XP_031861556.1	244	343	UDG	PF03167.24	7.7e-07
Clae_TFK40249.1	59	144	UDG	PF03167.24	1.3e-06
Smer_ENSSMRP00000002940.1	100	276	UDG	PF03167.24	5.8e-07
Imul_XP_004023804.1	13	130	UDG	PF03167.24	3.5e-07
Marm_XP_026163126.1	83	256	UDG	PF03167.24	4.9e-07
Tigcal_XP_059094027.1	55	202	UDG	PF03167.24	5.1e-07
Aamp_XP_043208593.1	171	343	UDG	PF03167.24	5.5e-07
Canvis_RCK58158.1	34	234	UDG	PF03167.24	5e-07
Hara_HpaP813894	93	291	UDG	PF03167.24	1.4e-06
Ppat_XP_024397440.1	159	334	UDG	PF03167.24	5.4e-07
Ppat_XP_024397442.1	159	334	UDG	PF03167.24	5.4e-07
Ppat_XP_024397443.1	159	334	UDG	PF03167.24	5.4e-07
Clec_XP_014240783.1	56	229	UDG	PF03167.24	5.7e-07
Gand_KAE9395842.1	101	246	UDG	PF03167.24	5.6e-06
Ddip_jg17444	217	351	UDG	PF03167.24	7.4e-07
Cbra_GBG69973.1	972	1092	UDG	PF03167.24	7.2e-07
Gmor_XP_030231620.1	53	225	UDG	PF03167.24	6e-07
Samp_TRM64841.1	184	402	UDG	PF03167.24	4.4e-06
Chir_XP_005679918.1	79	251	UDG	PF03167.24	7.2e-07
Pran_XP_028262310.1	82	260	UDG	PF03167.24	7.4e-07
Sans_XP_016305681.1	88	261	UDG	PF03167.24	7.7e-07
Mmer_XP_045207179.2	1214	1390	UDG	PF03167.24	9.1e-07
Mmer_XP_045207178.2	1214	1390	UDG	PF03167.24	9.2e-07
Oaur_XP_031603826.1	84	258	UDG	PF03167.24	8.5e-07
Nfur_XP_015815136.3	78	250	UDG	PF03167.24	7.1e-07
Mleu_XP_011847990.1	76	222	UDG	PF03167.24	6.5e-07
Mleu_XP_011847991.1	76	222	UDG	PF03167.24	6.5e-07
Mleu_XP_011847992.1	76	222	UDG	PF03167.24	6.5e-07
Mleu_XP_011847993.1	76	222	UDG	PF03167.24	6.5e-07
Mleu_XP_011847994.1	76	222	UDG	PF03167.24	6.5e-07
Mleu_XP_011847995.1	76	222	UDG	PF03167.24	6.5e-07
Mleu_XP_011847996.1	76	222	UDG	PF03167.24	6.5e-07
Mleu_XP_011847997.1	76	222	UDG	PF03167.24	6.5e-07
Mleu_XP_011847998.1	76	222	UDG	PF03167.24	6.5e-07
Mleu_XP_011847999.1	76	222	UDG	PF03167.24	6.5e-07
Mleu_XP_011848000.1	76	222	UDG	PF03167.24	6.5e-07
Mleu_XP_011848001.1	76	222	UDG	PF03167.24	6.5e-07
Enau_XP_029358324.1	80	252	UDG	PF03167.24	8.3e-07
Csp.CBS135597_RMZ76643.1	471	620	UDG	PF03167.24	1.7e-06
Pcor_PLW44232.1	260	446	UDG	PF03167.24	5.1e-06
Pcor_PLW46407.1	260	446	UDG	PF03167.24	5.2e-06
Sluc_XP_031177600.1	87	261	UDG	PF03167.24	9.6e-07
Pnic_XP_008896346.1	86	193	UDG	PF03167.24	4.7e-06
Pcoq_XP_012510051.1	74	246	UDG	PF03167.24	9.7e-07
Chir_XP_005679916.2	131	303	UDG	PF03167.24	1.2e-06
Coka_Cok_S_s394_17656.t1	360	456	UDG	PF03167.24	1.9e-06
Saur_XP_030275625.1	85	258	UDG	PF03167.24	1.2e-06
Tdal_XP_037949870.1	88	226	UDG	PF03167.24	1.5e-06
Cvis_KZO90947.1	2	102	UDG	PF03167.24	8.8e-07
Pcoq_XP_012510043.1	87	259	UDG	PF03167.24	1.1e-06
Slal_XP_023279230.1	87	261	UDG	PF03167.24	1.4e-06
Bmin_symbB.v1.2.016424.t1|scaffold1120.1|size138809|5	47	198	UDG	PF03167.24	1.3e-06
Ofav_XP_020624666.1	116	253	UDG	PF03167.24	1.7e-06
Serdum_XP_022601119.1	87	261	UDG	PF03167.24	1.3e-06
Lcal_XP_018554614.1	88	265	UDG	PF03167.24	1.4e-06
Lcal_XP_018536805.1	88	265	UDG	PF03167.24	1.4e-06
Cser_KAG6927163.1	73	241	UDG	PF03167.24	1.2e-06
Spis_XP_022778806.1	80	217	UDG	PF03167.24	1.3e-06
Aplcal_XP_035828328.1	410	582	UDG	PF03167.24	2e-06
Onttau_XP_022920876.2	53	236	UDG	PF03167.24	1.6e-06
Lcro_XP_010741789.1	80	254	UDG	PF03167.24	1.6e-06
Bgla_XP_013081554.2	401	573	UDG	PF03167.24	2.3e-06
Lcro_XP_027134657.1	85	259	UDG	PF03167.24	1.7e-06
Edia_XP_020898321.1	32	143	UDG	PF03167.24	1.4e-06
Phylat_fgenesh_scip_prom.28083.9753	82	269	UDG	PF03167.24	1.9e-06
Anocar_XP_008101834.1	62	236	UDG	PF03167.24	1.8e-06
Anocar_XP_062827701.1	62	236	UDG	PF03167.24	1.8e-06
Anocar_XP_062827702.1	62	236	UDG	PF03167.24	1.8e-06
Psp.VKMF4514_KFY39093.1	4	102	UDG	PF03167.24	2.5e-06
Gcho_PXF50072.1	40	194	UDG	PF03167.24	2e-06
Dpac_PAV56702.1	179	251	UDG	PF03167.24	2.6e-06
Dgig_XP_028394875.1	108	249	UDG	PF03167.24	2.1e-06
Pmag_XP_033823128.1	83	257	UDG	PF03167.24	2.7e-06
Smax_XP_035488079.1	92	260	UDG	PF03167.24	2.4e-06
Monalb_XP_020448855.1	90	262	UDG	PF03167.24	2.1e-06
Hazt_XP_018020982.1	64	194	UDG	PF03167.24	2.1e-06
Lber_XP_020500797.1	77	253	UDG	PF03167.24	3e-06
Apis_XP_008184592.1	62	216	UDG	PF03167.24	3.8e-06
Lbic_XP_001882019.1	168	268	UDG	PF03167.24	2.8e-06
Cduo_XP_025337465.1	51	142	UDG	PF03167.24	2.8e-06
Plamic_ANCSI_11506.mRNA.1	25	169	UDG	PF03167.24	2.2e-06
Psp.VKMF4246_KFY14624.1	19	116	UDG	PF03167.24	2.5e-06
Spun_ENSSPUP00000013880.1	68	237	UDG	PF03167.24	2.9e-06
Clum_XP_034388684.1	85	257	UDG	PF03167.24	3.2e-06
Osin_XP_036354537.1	5	115	UDG	PF03167.24	4.5e-06
Myrmur_XP_029906798.1	87	255	UDG	PF03167.24	4e-06
Sdic_XP_008613362.1	1120	1239	UDG	PF03167.24	5.7e-06
Sorb_XP_029991112.1	77	250	UDG	PF03167.24	4.1e-06
Osin_XP_029654184.2	5	115	UDG	PF03167.24	4.8e-06
Goke_MALSP_05707.mRNA.1	71	242	UDG	PF03167.24	3.9e-06
Smim_KFM81957.1	9	68	UDG	PF03167.24	2.9e-06
Drer_NP_001373273.1	79	251	UDG	PF03167.24	5.4e-06
Halp_TFY82874.1	178	293	UDG	PF03167.24	4.4e-06
Bspl_XP_029008055.1	74	245	UDG	PF03167.24	4.3e-06
Twil_T_wilhelma_c24369_g1_i2|m.11634	24	132	UDG	PF03167.24	3.8e-06
Twil_T_wilhelma_c24369_g1_i5|m.11638	24	132	UDG	PF03167.24	3.8e-06
Goke_MALSP_08549.mRNA.1	55	207	UDG	PF03167.24	4.5e-06
Tpre_XP_023314560.1	36	159	UDG	PF03167.24	7.4e-06
Jjac_XP_045009597.1	136	247	UDG	PF03167.24	4.5e-06
Avag_UJR33577.1	20	169	UDG	PF03167.24	4.2e-06
Rcol_XP_023623426.1	3	111	UDG	PF03167.24	4.1e-06
Csem_XP_016891946.1	86	258	UDG	PF03167.24	6.1e-06
Csem_XP_016891947.1	86	258	UDG	PF03167.24	6.1e-06
Pmul_VEU42539.1	173	372	UDG	PF03167.24	7.3e-06
Ngru_XP_002679923.1	61	226	UDG	PF03167.24	5.9e-06
Acas_XP_004335323.1	15	94	UDG	PF03167.24	4.5e-06
Bimp_XP_033179269.1	27	89	UDG	PF03167.24	4.5e-06
Spas_QID87127.1	141	215	UDG	PF03167.24	7e-06
Fcan_XP_021963499.1	27	167	UDG	PF03167.24	6e-06
Gmor_XP_030231621.1	53	223	UDG	PF03167.24	6.7e-06
