Pvan_XP_069991651.1	116	361	Hist_deacetyl	PF00850.24	2.5e-77
Pvan_XP_069991651.1	364	432	Hist_deacetyl	PF00850.24	3.1e-13
Pvan_XP_069991651.1	563	860	Hist_deacetyl	PF00850.24	8.5e-98
Pvan_XP_069991651.1	1109	1378	Hist_deacetyl	PF00850.24	2.1e-26
Pvan_XP_069991651.1	1478	1775	Hist_deacetyl	PF00850.24	6.5e-96
Pvan_XP_069991646.1	116	361	Hist_deacetyl	PF00850.24	2.5e-77
Pvan_XP_069991646.1	364	432	Hist_deacetyl	PF00850.24	3.1e-13
Pvan_XP_069991646.1	563	868	Hist_deacetyl	PF00850.24	5.5e-96
Pvan_XP_069991646.1	1117	1386	Hist_deacetyl	PF00850.24	2.1e-26
Pvan_XP_069991646.1	1486	1783	Hist_deacetyl	PF00850.24	6.5e-96
Pvan_XP_069991647.1	116	361	Hist_deacetyl	PF00850.24	2.5e-77
Pvan_XP_069991647.1	364	432	Hist_deacetyl	PF00850.24	3.1e-13
Pvan_XP_069991647.1	563	868	Hist_deacetyl	PF00850.24	5.5e-96
Pvan_XP_069991647.1	1117	1386	Hist_deacetyl	PF00850.24	2.1e-26
Pvan_XP_069991647.1	1486	1783	Hist_deacetyl	PF00850.24	6.5e-96
Pvan_XP_069991648.1	116	361	Hist_deacetyl	PF00850.24	2.5e-77
Pvan_XP_069991648.1	364	432	Hist_deacetyl	PF00850.24	3.1e-13
Pvan_XP_069991648.1	563	868	Hist_deacetyl	PF00850.24	5.5e-96
Pvan_XP_069991648.1	1117	1386	Hist_deacetyl	PF00850.24	2.1e-26
Pvan_XP_069991648.1	1486	1783	Hist_deacetyl	PF00850.24	6.5e-96
Pvan_XP_069991649.1	116	361	Hist_deacetyl	PF00850.24	2.5e-77
Pvan_XP_069991649.1	364	432	Hist_deacetyl	PF00850.24	3.1e-13
Pvan_XP_069991649.1	563	868	Hist_deacetyl	PF00850.24	5.5e-96
Pvan_XP_069991649.1	1117	1386	Hist_deacetyl	PF00850.24	2.1e-26
Pvan_XP_069991649.1	1486	1783	Hist_deacetyl	PF00850.24	6.5e-96
Pvan_XP_069991654.1	116	412	Hist_deacetyl	PF00850.24	8.8e-89
Pvan_XP_069991654.1	543	840	Hist_deacetyl	PF00850.24	8.4e-98
Pvan_XP_069991654.1	1089	1358	Hist_deacetyl	PF00850.24	2.1e-26
Pvan_XP_069991654.1	1458	1755	Hist_deacetyl	PF00850.24	6.4e-96
Pvan_XP_069991653.1	116	412	Hist_deacetyl	PF00850.24	2.5e-89
Pvan_XP_069991653.1	543	848	Hist_deacetyl	PF00850.24	5.4e-96
Pvan_XP_069991653.1	1097	1366	Hist_deacetyl	PF00850.24	2.1e-26
Pvan_XP_069991653.1	1466	1763	Hist_deacetyl	PF00850.24	6.4e-96
Pvan_XP_069991652.1	116	412	Hist_deacetyl	PF00850.24	8.8e-89
Pvan_XP_069991652.1	543	848	Hist_deacetyl	PF00850.24	5.4e-96
Pvan_XP_069991652.1	1097	1366	Hist_deacetyl	PF00850.24	2.1e-26
Pvan_XP_069991652.1	1466	1763	Hist_deacetyl	PF00850.24	6.4e-96
Drer_XP_009302026.1	82	377	Hist_deacetyl	PF00850.24	1.2e-96
Drer_XP_009302026.1	463	760	Hist_deacetyl	PF00850.24	6.2e-97
Drer_XP_009302027.1	82	377	Hist_deacetyl	PF00850.24	1.2e-96
Drer_XP_009302027.1	463	760	Hist_deacetyl	PF00850.24	6.2e-97
Blan_XP_066299623.1	270	566	Hist_deacetyl	PF00850.24	2.4e-92
Blan_XP_066299623.1	661	957	Hist_deacetyl	PF00850.24	4.6e-99
Blan_XP_066299631.1	270	566	Hist_deacetyl	PF00850.24	1.7e-90
Blan_XP_066299631.1	661	957	Hist_deacetyl	PF00850.24	4.6e-99
Cvir_XP_022298296.1	121	364	Hist_deacetyl	PF00850.24	2.1e-71
Cvir_XP_022298296.1	368	436	Hist_deacetyl	PF00850.24	3.6e-16
Cvir_XP_022298296.1	567	863	Hist_deacetyl	PF00850.24	7.2e-98
Cvir_XP_022298293.1	121	364	Hist_deacetyl	PF00850.24	2.2e-71
Cvir_XP_022298293.1	368	436	Hist_deacetyl	PF00850.24	3.8e-16
Cvir_XP_022298293.1	567	863	Hist_deacetyl	PF00850.24	7.7e-98
Spur_XP_030856349.1	55	350	Hist_deacetyl	PF00850.24	1.4e-89
Spur_XP_030856349.1	461	766	Hist_deacetyl	PF00850.24	1.2e-96
Spur_XP_011670221.2	123	418	Hist_deacetyl	PF00850.24	1.6e-89
Spur_XP_011670221.2	529	834	Hist_deacetyl	PF00850.24	1.3e-96
Spur_XP_011670202.2	124	419	Hist_deacetyl	PF00850.24	1.6e-89
Spur_XP_011670202.2	530	835	Hist_deacetyl	PF00850.24	1.3e-96
Hsap_NP_001308155.1	106	401	Hist_deacetyl	PF00850.24	8.3e-89
Hsap_NP_001308155.1	500	797	Hist_deacetyl	PF00850.24	5.5e-97
Hsap_NP_001308156.1	106	401	Hist_deacetyl	PF00850.24	8.3e-89
Hsap_NP_001308156.1	500	797	Hist_deacetyl	PF00850.24	5.5e-97
Hsap_NP_001308157.1	106	401	Hist_deacetyl	PF00850.24	8.3e-89
Hsap_NP_001308157.1	500	797	Hist_deacetyl	PF00850.24	5.5e-97
Hsap_NP_001308158.1	106	401	Hist_deacetyl	PF00850.24	8.3e-89
Hsap_NP_001308158.1	500	797	Hist_deacetyl	PF00850.24	5.5e-97
Hsap_NP_006035.2	106	401	Hist_deacetyl	PF00850.24	8.3e-89
Hsap_NP_006035.2	500	797	Hist_deacetyl	PF00850.24	5.5e-97
Hsap_NP_001308154.1	120	415	Hist_deacetyl	PF00850.24	8.4e-89
Hsap_NP_001308154.1	514	811	Hist_deacetyl	PF00850.24	5.6e-97
Hsap_XP_047297660.1	120	415	Hist_deacetyl	PF00850.24	8.4e-89
Hsap_XP_047297660.1	514	811	Hist_deacetyl	PF00850.24	5.6e-97
Hsap_XP_047297659.1	152	447	Hist_deacetyl	PF00850.24	8.8e-89
Hsap_XP_047297659.1	546	843	Hist_deacetyl	PF00850.24	5.8e-97
Ofus_CAH1783724.1	33	328	Hist_deacetyl	PF00850.24	1.7e-86
Ofus_CAH1783724.1	457	753	Hist_deacetyl	PF00850.24	2.9e-98
Cvir_XP_022298295.1	121	416	Hist_deacetyl	PF00850.24	7.1e-87
Cvir_XP_022298295.1	547	843	Hist_deacetyl	PF00850.24	7.5e-98
Dmel_NP_001162760.1	50	346	Hist_deacetyl	PF00850.24	2.8e-84
Dmel_NP_001162760.1	478	775	Hist_deacetyl	PF00850.24	2.1e-100
Dmel_NP_001245681.1	132	428	Hist_deacetyl	PF00850.24	3.7e-84
Dmel_NP_001245681.1	560	857	Hist_deacetyl	PF00850.24	2.8e-100
Dmel_NP_001245680.1	105	401	Hist_deacetyl	PF00850.24	4.3e-84
Dmel_NP_001245680.1	533	830	Hist_deacetyl	PF00850.24	3.2e-100
Dmel_NP_573017.2	125	421	Hist_deacetyl	PF00850.24	4.5e-84
Dmel_NP_573017.2	553	850	Hist_deacetyl	PF00850.24	3.3e-100
Dmel_NP_727842.1	132	428	Hist_deacetyl	PF00850.24	4.5e-84
Dmel_NP_727842.1	560	857	Hist_deacetyl	PF00850.24	3.4e-100
Dmel_NP_727843.1	135	431	Hist_deacetyl	PF00850.24	4.6e-84
Dmel_NP_727843.1	563	860	Hist_deacetyl	PF00850.24	3.4e-100
Dmel_NP_001259569.1	125	421	Hist_deacetyl	PF00850.24	4.9e-84
Dmel_NP_001259569.1	553	850	Hist_deacetyl	PF00850.24	3.6e-100
Btab_XP_018917402.1	33	328	Hist_deacetyl	PF00850.24	4.2e-87
Btab_XP_018917402.1	459	756	Hist_deacetyl	PF00850.24	2.6e-96
Btab_XP_018917400.1	111	406	Hist_deacetyl	PF00850.24	4.7e-87
Btab_XP_018917400.1	537	834	Hist_deacetyl	PF00850.24	2.9e-96
Apla_XP_022102473.1	147	442	Hist_deacetyl	PF00850.24	4.6e-86
Apla_XP_022102473.1	578	875	Hist_deacetyl	PF00850.24	1.8e-97
Dpul_XP_046454453.1	65	361	Hist_deacetyl	PF00850.24	2.7e-88
Dpul_XP_046454453.1	490	785	Hist_deacetyl	PF00850.24	1.3e-94
Lana_XP_013408875.1	146	479	Hist_deacetyl	PF00850.24	2.7e-82
Lana_XP_013408875.1	611	908	Hist_deacetyl	PF00850.24	1.5e-100
Cvir_XP_022298294.1	121	416	Hist_deacetyl	PF00850.24	1.1e-83
Cvir_XP_022298294.1	547	843	Hist_deacetyl	PF00850.24	7.5e-98
Rvar_GAU96527.1	35	336	Hist_deacetyl	PF00850.24	4.1e-87
Rvar_GAU96527.1	462	764	Hist_deacetyl	PF00850.24	2.2e-93
Dpul_XP_046454451.1	65	361	Hist_deacetyl	PF00850.24	7.1e-86
Dpul_XP_046454451.1	490	785	Hist_deacetyl	PF00850.24	1.3e-94
Btab_XP_018917401.1	111	406	Hist_deacetyl	PF00850.24	2.4e-83
Btab_XP_018917401.1	537	834	Hist_deacetyl	PF00850.24	2.9e-96
Apimel_XP_026298852.1	131	427	Hist_deacetyl	PF00850.24	3.1e-80
Apimel_XP_026298852.1	558	854	Hist_deacetyl	PF00850.24	6.1e-99
Apimel_XP_026298851.1	132	428	Hist_deacetyl	PF00850.24	3.1e-80
Apimel_XP_026298851.1	559	855	Hist_deacetyl	PF00850.24	6.1e-99
Apimel_XP_026298853.1	128	424	Hist_deacetyl	PF00850.24	3.1e-80
Apimel_XP_026298853.1	555	851	Hist_deacetyl	PF00850.24	6e-99
Apimel_XP_026298854.1	124	420	Hist_deacetyl	PF00850.24	3.1e-80
Apimel_XP_026298854.1	551	847	Hist_deacetyl	PF00850.24	6e-99
Apimel_XP_026298855.1	124	420	Hist_deacetyl	PF00850.24	3.1e-80
Apimel_XP_026298855.1	551	847	Hist_deacetyl	PF00850.24	6e-99
Cele_NP_500788.1	34	330	Hist_deacetyl	PF00850.24	6.4e-80
Cele_NP_500788.1	446	746	Hist_deacetyl	PF00850.24	3.4e-99
Cele_NP_500787.1	34	330	Hist_deacetyl	PF00850.24	7.9e-80
Cele_NP_500787.1	446	746	Hist_deacetyl	PF00850.24	4.1e-99
Cele_NP_001122780.1	34	332	Hist_deacetyl	PF00850.24	2.2e-78
Cele_NP_001122780.1	448	748	Hist_deacetyl	PF00850.24	4.2e-99
Hcon_XGW29212.1	30	326	Hist_deacetyl	PF00850.24	2.8e-82
Hcon_XGW29212.1	440	739	Hist_deacetyl	PF00850.24	1.5e-94
Hcon_XGW29213.1	30	326	Hist_deacetyl	PF00850.24	2.8e-82
Hcon_XGW29213.1	440	739	Hist_deacetyl	PF00850.24	1.5e-94
Dpul_XP_046454450.1	65	361	Hist_deacetyl	PF00850.24	2.9e-88
Dpul_XP_046454450.1	490	808	Hist_deacetyl	PF00850.24	5.2e-88
Angcan_KAE9421197.1	37	334	Hist_deacetyl	PF00850.24	3.1e-84
Angcan_KAE9421197.1	447	746	Hist_deacetyl	PF00850.24	7.8e-92
Bmor_XP_012543900.2	110	405	Hist_deacetyl	PF00850.24	2.6e-84
Bmor_XP_012543900.2	524	815	Hist_deacetyl	PF00850.24	2.7e-91
Aplcal_XP_005098693.2	68	362	Hist_deacetyl	PF00850.24	3e-80
Aplcal_XP_005098693.2	493	791	Hist_deacetyl	PF00850.24	1.4e-95
Smed_h1SMcT0014225.1	73	366	Hist_deacetyl	PF00850.24	8.3e-85
Smed_h1SMcT0014225.1	488	786	Hist_deacetyl	PF00850.24	9.2e-90
Smed_h1SMcT0014225.3	75	368	Hist_deacetyl	PF00850.24	8.3e-85
Smed_h1SMcT0014225.3	490	788	Hist_deacetyl	PF00850.24	9.3e-90
Dpul_XP_046454449.1	65	361	Hist_deacetyl	PF00850.24	7.4e-86
Dpul_XP_046454449.1	490	808	Hist_deacetyl	PF00850.24	5.2e-88
Cvir_XP_022296454.1	35	329	Hist_deacetyl	PF00850.24	4.5e-84
Cvir_XP_022296454.1	462	756	Hist_deacetyl	PF00850.24	2.6e-90
Cvir_XP_022296456.1	35	329	Hist_deacetyl	PF00850.24	4.5e-84
Cvir_XP_022296456.1	462	756	Hist_deacetyl	PF00850.24	2.6e-90
Cvir_XP_022296457.1	35	329	Hist_deacetyl	PF00850.24	4.5e-84
Cvir_XP_022296457.1	462	756	Hist_deacetyl	PF00850.24	2.6e-90
Bmor_XP_012543899.2	110	405	Hist_deacetyl	PF00850.24	2.9e-83
Bmor_XP_012543899.2	524	815	Hist_deacetyl	PF00850.24	2.7e-91
Asuu_AgR001_g360_t01	28	323	Hist_deacetyl	PF00850.24	1.2e-80
Asuu_AgR001_g360_t01	437	721	Hist_deacetyl	PF00850.24	7.3e-90
Asuu_AgR001_g360_t03	28	323	Hist_deacetyl	PF00850.24	1.2e-80
Asuu_AgR001_g360_t03	437	721	Hist_deacetyl	PF00850.24	7.3e-90
Asuu_AgR001_g360_t08	28	323	Hist_deacetyl	PF00850.24	1.2e-80
Asuu_AgR001_g360_t08	437	721	Hist_deacetyl	PF00850.24	7.3e-90
Asuu_AgR001_g360_t09	28	323	Hist_deacetyl	PF00850.24	1.2e-80
Asuu_AgR001_g360_t09	437	721	Hist_deacetyl	PF00850.24	7.3e-90
Hrob_XP_009025268.1	3	279	Hist_deacetyl	PF00850.24	1.1e-83
Hrob_XP_009025268.1	405	662	Hist_deacetyl	PF00850.24	2e-86
Cscu_XP_023236430.1	28	323	Hist_deacetyl	PF00850.24	1.2e-84
Cscu_XP_023236430.1	452	736	Hist_deacetyl	PF00850.24	8.7e-85
Avag_UJR37076.1	28	324	Hist_deacetyl	PF00850.24	1.4e-87
Avag_UJR37076.1	451	745	Hist_deacetyl	PF00850.24	3.3e-81
Sman_XP_018645482.1	73	367	Hist_deacetyl	PF00850.24	1.4e-89
Sman_XP_018645482.1	492	761	Hist_deacetyl	PF00850.24	6.7e-75
Agrpla_XP_018323609.1	96	391	Hist_deacetyl	PF00850.24	3.2e-85
Agrpla_XP_018323609.1	515	806	Hist_deacetyl	PF00850.24	4e-82
Aplcal_XP_035828852.1	68	362	Hist_deacetyl	PF00850.24	1.8e-83
Aplcal_XP_035828852.1	493	752	Hist_deacetyl	PF00850.24	6.1e-84
Apla_XP_022102474.1	2	204	Hist_deacetyl	PF00850.24	5.9e-70
Apla_XP_022102474.1	340	637	Hist_deacetyl	PF00850.24	1.2e-97
Asuu_AgR001_g360_t02	19	285	Hist_deacetyl	PF00850.24	3.6e-76
Asuu_AgR001_g360_t02	399	683	Hist_deacetyl	PF00850.24	6.5e-90
Hduj_OQV25500.1	30	331	Hist_deacetyl	PF00850.24	1.3e-85
Hduj_OQV25500.1	465	775	Hist_deacetyl	PF00850.24	5.1e-80
Hduj_OQV25501.1	30	331	Hist_deacetyl	PF00850.24	1.3e-85
Hduj_OQV25501.1	465	775	Hist_deacetyl	PF00850.24	5.1e-80
Agrpla_XP_018323608.1	96	391	Hist_deacetyl	PF00850.24	1.3e-81
Agrpla_XP_018323608.1	515	806	Hist_deacetyl	PF00850.24	4e-82
Cvir_XP_022296458.1	7	247	Hist_deacetyl	PF00850.24	3.9e-72
Cvir_XP_022296458.1	380	674	Hist_deacetyl	PF00850.24	2e-90
Cvir_XP_022296459.1	7	247	Hist_deacetyl	PF00850.24	3.9e-72
Cvir_XP_022296459.1	380	674	Hist_deacetyl	PF00850.24	2e-90
Skow_XP_006821757.1	102	367	Hist_deacetyl	PF00850.24	1.4e-74
Skow_XP_006821757.1	475	690	Hist_deacetyl	PF00850.24	2.7e-80
Mjap_MIJAPON000000417.t1	34	331	Hist_deacetyl	PF00850.24	4.6e-85
Mjap_MIJAPON000000417.t1	439	719	Hist_deacetyl	PF00850.24	4.4e-65
Asuu_AgR001_g360_t06	28	163	Hist_deacetyl	PF00850.24	1e-29
Asuu_AgR001_g360_t06	166	300	Hist_deacetyl	PF00850.24	1.9e-29
Asuu_AgR001_g360_t06	414	698	Hist_deacetyl	PF00850.24	6.8e-90
Asuu_AgR001_g360_t07	28	163	Hist_deacetyl	PF00850.24	1e-29
Asuu_AgR001_g360_t07	166	300	Hist_deacetyl	PF00850.24	1.9e-29
Asuu_AgR001_g360_t07	414	698	Hist_deacetyl	PF00850.24	6.8e-90
Xtro_XP_031746852.1	110	406	Hist_deacetyl	PF00850.24	1.1e-88
Xtro_XP_031746852.1	510	807	Hist_deacetyl	PF00850.24	1.1e-58
Hsap_XP_047297663.1	152	447	Hist_deacetyl	PF00850.24	2.9e-89
Hsap_XP_047297663.1	546	714	Hist_deacetyl	PF00850.24	1.6e-52
Hsap_XP_047297661.1	152	447	Hist_deacetyl	PF00850.24	3.2e-89
Hsap_XP_047297661.1	546	712	Hist_deacetyl	PF00850.24	1.1e-51
Hsap_XP_047297662.1	152	447	Hist_deacetyl	PF00850.24	3.2e-89
Hsap_XP_047297662.1	546	712	Hist_deacetyl	PF00850.24	1.1e-51
Echgra_XP_024349184.1	77	367	Hist_deacetyl	PF00850.24	3.3e-79
Echgra_XP_024349184.1	491	705	Hist_deacetyl	PF00850.24	2e-56
Lpol_XP_022238613.1	54	350	Hist_deacetyl	PF00850.24	2.4e-91
Lpol_XP_022238613.1	478	688	Hist_deacetyl	PF00850.24	1.8e-35
Lpol_XP_022238613.1	776	845	Hist_deacetyl	PF00850.24	7.7e-09
Ddip_jg10899	12	205	Hist_deacetyl	PF00850.24	9.6e-37
Ddip_jg10899	198	272	Hist_deacetyl	PF00850.24	8.8e-14
Ddip_jg10899	472	708	Hist_deacetyl	PF00850.24	1.4e-65
Pigvie_Pvie_g14549	24	325	Hist_deacetyl	PF00850.24	6e-103
Blan_XP_066277854.1	38	339	Hist_deacetyl	PF00850.24	1.1e-99
Blan_XP_066277853.1	46	347	Hist_deacetyl	PF00850.24	1.1e-99
Blan_XP_066277852.1	56	357	Hist_deacetyl	PF00850.24	1.2e-99
Bnap_XP_022565175.1	29	330	Hist_deacetyl	PF00850.24	1.4e-98
Ppat_XP_024395264.1	24	325	Hist_deacetyl	PF00850.24	3.8e-98
Ppat_XP_024395263.1	24	325	Hist_deacetyl	PF00850.24	4.1e-98
Ppat_XP_024395262.1	24	325	Hist_deacetyl	PF00850.24	4.2e-98
Psat_XP_050870878.1	37	336	Hist_deacetyl	PF00850.24	4.9e-98
Ppat_XP_024387376.1	90	379	Hist_deacetyl	PF00850.24	5.5e-98
Ppat_XP_024387378.1	90	379	Hist_deacetyl	PF00850.24	5.5e-98
Ppat_XP_024387374.1	165	454	Hist_deacetyl	PF00850.24	8.3e-98
Ppat_XP_024387375.1	165	454	Hist_deacetyl	PF00850.24	8.3e-98
Aque_XP_003382755.1	58	355	Hist_deacetyl	PF00850.24	1.5e-97
Mpol_BFI31264.1	24	326	Hist_deacetyl	PF00850.24	1.9e-97
Bnap_XP_013661079.1	37	336	Hist_deacetyl	PF00850.24	2e-97
Bnap_XP_048595411.1	37	336	Hist_deacetyl	PF00850.24	2e-97
Cper_Nk52_evm89s745	85	393	Hist_deacetyl	PF00850.24	2e-97
Bnap_XP_048595410.1	37	336	Hist_deacetyl	PF00850.24	2.2e-97
Bnap_XP_048595409.1	37	336	Hist_deacetyl	PF00850.24	2.2e-97
Bnap_XP_013661077.1	37	336	Hist_deacetyl	PF00850.24	2.7e-97
Bnap_XP_048595408.1	37	336	Hist_deacetyl	PF00850.24	2.7e-97
Bnap_XP_013661076.1	37	336	Hist_deacetyl	PF00850.24	2.7e-97
Bnap_XP_013661075.1	37	336	Hist_deacetyl	PF00850.24	2.8e-97
Mtru_XP_013457986.1	38	338	Hist_deacetyl	PF00850.24	3.7e-97
Bnap_XP_013677623.1	40	339	Hist_deacetyl	PF00850.24	4.1e-97
Crei_XP_042919602.1	59	354	Hist_deacetyl	PF00850.24	3.7e-97
Bnap_XP_013677621.1	40	339	Hist_deacetyl	PF00850.24	4.8e-97
Xtro_XP_002932227.1	28	323	Hist_deacetyl	PF00850.24	6.1e-93
Xtro_XP_031754854.1	28	323	Hist_deacetyl	PF00850.24	6.1e-93
Smoe_XP_024519845.1	22	322	Hist_deacetyl	PF00850.24	6.7e-97
Hduj_OQV19896.1	346	649	Hist_deacetyl	PF00850.24	1.8e-90
Smoe_XP_024540177.1	22	322	Hist_deacetyl	PF00850.24	9.4e-97
Bnap_XP_048605212.1	29	330	Hist_deacetyl	PF00850.24	1.7e-96
Bnap_XP_013736961.1	46	346	Hist_deacetyl	PF00850.24	1.5e-96
Bnap_XP_013706332.1	42	342	Hist_deacetyl	PF00850.24	1.7e-96
Ppat_XP_024372280.1	165	454	Hist_deacetyl	PF00850.24	1.7e-96
Osat_XP_015647673.1	32	332	Hist_deacetyl	PF00850.24	2.7e-96
Sollyc_XP_025885887.1	28	327	Hist_deacetyl	PF00850.24	2.8e-96
Sollyc_XP_010318852.1	28	327	Hist_deacetyl	PF00850.24	2.8e-96
Dpul_XP_046455359.1	24	319	Hist_deacetyl	PF00850.24	6.4e-85
Dpul_XP_046455359.1	502	600	Hist_deacetyl	PF00850.24	9.2e-10
Dpul_XP_046455360.1	24	319	Hist_deacetyl	PF00850.24	6.4e-85
Dpul_XP_046455360.1	502	600	Hist_deacetyl	PF00850.24	9.2e-10
Bnap_XP_013662739.2	167	456	Hist_deacetyl	PF00850.24	4.7e-96
Bnap_XP_013662740.2	167	456	Hist_deacetyl	PF00850.24	4.7e-96
Atha_NP_200914.2	46	346	Hist_deacetyl	PF00850.24	4.8e-96
Osat_XP_015647003.1	225	514	Hist_deacetyl	PF00850.24	6.7e-96
Atha_NP_001326232.1	171	460	Hist_deacetyl	PF00850.24	7.7e-96
Dpul_XP_046463114.1	390	684	Hist_deacetyl	PF00850.24	1.1e-95
Atha_NP_566612.1	171	460	Hist_deacetyl	PF00850.24	9.1e-96
Dpul_XP_046463113.1	436	730	Hist_deacetyl	PF00850.24	1.2e-95
Atha_NP_850609.2	171	460	Hist_deacetyl	PF00850.24	9.7e-96
Bdis_XP_010228349.1	220	509	Hist_deacetyl	PF00850.24	1.1e-95
Bdis_XP_024319365.1	220	509	Hist_deacetyl	PF00850.24	1.2e-95
Bdis_XP_010228347.1	220	509	Hist_deacetyl	PF00850.24	1.2e-95
Bdis_XP_024319364.1	220	509	Hist_deacetyl	PF00850.24	1.2e-95
Bdis_XP_010228346.1	220	509	Hist_deacetyl	PF00850.24	1.2e-95
Bdis_XP_010228343.1	220	509	Hist_deacetyl	PF00850.24	1.3e-95
Bdis_XP_010228342.1	220	509	Hist_deacetyl	PF00850.24	1.3e-95
Bdis_XP_003557557.1	220	509	Hist_deacetyl	PF00850.24	1.4e-95
Priarc_PARCANUS000017369.t1	3	109	Hist_deacetyl	PF00850.24	1.7e-27
Priarc_PARCANUS000017369.t1	221	518	Hist_deacetyl	PF00850.24	1.5e-66
Ecur_TVU38086.1	36	336	Hist_deacetyl	PF00850.24	2.5e-95
Crei_XP_042919534.1	10	309	Hist_deacetyl	PF00850.24	2e-95
Bdis_XP_024312811.1	42	341	Hist_deacetyl	PF00850.24	2.9e-95
Tura_XP_048555423.1	35	336	Hist_deacetyl	PF00850.24	4.3e-95
Bdis_XP_003559993.1	42	341	Hist_deacetyl	PF00850.24	4.6e-95
Mpol_BFI25325.1	282	571	Hist_deacetyl	PF00850.24	5.5e-95
Mpol_BFI25326.1	283	572	Hist_deacetyl	PF00850.24	5.6e-95
Smoe_XP_024524979.1	164	453	Hist_deacetyl	PF00850.24	1.5e-94
Mpol_BFI25323.1	282	571	Hist_deacetyl	PF00850.24	5.8e-95
Mpol_BFI25324.1	283	572	Hist_deacetyl	PF00850.24	5.8e-95
Bnap_XP_022575218.1	168	457	Hist_deacetyl	PF00850.24	6.4e-95
Bnap_XP_022575220.1	168	457	Hist_deacetyl	PF00850.24	6.4e-95
Twil_T_wilhelma_c30739_g1_i1|m.37556	48	344	Hist_deacetyl	PF00850.24	6.6e-95
Smoe_XP_024524976.1	164	453	Hist_deacetyl	PF00850.24	2e-94
Twil_T_wilhelma_c30739_g1_i2|m.37557	48	344	Hist_deacetyl	PF00850.24	9.9e-95
Tura_XP_048528455.1	14	303	Hist_deacetyl	PF00850.24	9.5e-95
Lsat_XP_023738579.2	169	458	Hist_deacetyl	PF00850.24	1.2e-94
Lsat_XP_023738580.2	169	458	Hist_deacetyl	PF00850.24	1.2e-94
Mesc_XP_021615656.1	35	335	Hist_deacetyl	PF00850.24	1.4e-94
Mesc_XP_021615655.1	35	335	Hist_deacetyl	PF00850.24	1.4e-94
Smoe_XP_024528189.1	164	453	Hist_deacetyl	PF00850.24	1.5e-94
Twil_T_wilhelma_c30739_g1_i6|m.37559	48	344	Hist_deacetyl	PF00850.24	1.5e-94
Atha_NP_001190583.1	46	350	Hist_deacetyl	PF00850.24	1.5e-94
Smoe_XP_002967892.1	164	453	Hist_deacetyl	PF00850.24	1.7e-94
Ecur_TVU41527.1	268	557	Hist_deacetyl	PF00850.24	1.6e-94
Zmay_NP_001105019.2	34	334	Hist_deacetyl	PF00850.24	1.8e-94
Atha_NP_200915.2	80	379	Hist_deacetyl	PF00850.24	2.5e-94
Ggal_XP_046754997.1	28	323	Hist_deacetyl	PF00850.24	1.6e-90
Cbra_GBG75386.1	141	443	Hist_deacetyl	PF00850.24	2.9e-94
Tura_XP_048528454.1	224	513	Hist_deacetyl	PF00850.24	3.1e-94
Pigvie_Pvie_g14752	669	981	Hist_deacetyl	PF00850.24	3.9e-94
Ggal_XP_040506794.1	28	323	Hist_deacetyl	PF00850.24	1.9e-90
Ggal_XP_040506803.1	28	323	Hist_deacetyl	PF00850.24	1.9e-90
Atri_XP_020529286.1	14	302	Hist_deacetyl	PF00850.24	3.1e-94
Atri_XP_020529287.1	14	302	Hist_deacetyl	PF00850.24	3.1e-94
Pigchi_Pchi_g978	413	716	Hist_deacetyl	PF00850.24	7.1e-94
Rchi_XP_024170980.1	74	363	Hist_deacetyl	PF00850.24	4.1e-94
Rchi_XP_024170981.1	74	363	Hist_deacetyl	PF00850.24	4.1e-94
Rchi_XP_040366160.1	36	337	Hist_deacetyl	PF00850.24	6.5e-94
Rchi_XP_024170003.1	36	337	Hist_deacetyl	PF00850.24	6.6e-94
Cfra_CFRG6649T1	63	353	Hist_deacetyl	PF00850.24	6.4e-94
Rchi_XP_024170977.1	187	476	Hist_deacetyl	PF00850.24	7.5e-94
Rchi_XP_024170976.1	189	478	Hist_deacetyl	PF00850.24	7.6e-94
Atri_XP_020529285.1	259	547	Hist_deacetyl	PF00850.24	1.1e-93
Atri_XP_006854480.1	259	547	Hist_deacetyl	PF00850.24	1.1e-93
Atri_XP_020529283.1	259	547	Hist_deacetyl	PF00850.24	1.1e-93
Atri_XP_020529284.1	259	547	Hist_deacetyl	PF00850.24	1.1e-93
Lsat_XP_023753888.1	39	338	Hist_deacetyl	PF00850.24	1.1e-93
Btab_XP_018909194.1	27	316	Hist_deacetyl	PF00850.24	1.4e-93
Qlob_XP_030938192.1	226	515	Hist_deacetyl	PF00850.24	1.7e-93
Qlob_XP_030938193.1	226	515	Hist_deacetyl	PF00850.24	1.7e-93
Mesc_XP_043809976.1	209	498	Hist_deacetyl	PF00850.24	1.8e-93
Cofcan_CDO98466.1	226	515	Hist_deacetyl	PF00850.24	2.1e-93
Mtru_XP_039689239.1	218	507	Hist_deacetyl	PF00850.24	2.2e-93
Psat_XP_050870772.1	177	466	Hist_deacetyl	PF00850.24	2.4e-93
Mtru_XP_013458058.1	218	507	Hist_deacetyl	PF00850.24	2.4e-93
Mtru_XP_039689238.1	218	507	Hist_deacetyl	PF00850.24	2.4e-93
Hsap_NP_114408.3	25	320	Hist_deacetyl	PF00850.24	6.5e-91
Dmel_NP_647918.2	26	315	Hist_deacetyl	PF00850.24	3.4e-93
Btab_XP_018909195.1	27	316	Hist_deacetyl	PF00850.24	3.6e-93
Apimel_XP_394976.4	28	317	Hist_deacetyl	PF00850.24	3.4e-93
Atha_NP_567921.1	80	385	Hist_deacetyl	PF00850.24	4.1e-93
Zmay_XP_035816656.1	118	407	Hist_deacetyl	PF00850.24	4.4e-93
Zmay_XP_035816655.1	119	408	Hist_deacetyl	PF00850.24	4.4e-93
Psat_XP_050870771.1	177	466	Hist_deacetyl	PF00850.24	5.8e-93
Awhi_Unigene19025_Abeoforma_whisleri|m.12749	367	670	Hist_deacetyl	PF00850.24	5.2e-93
Crei_XP_001699864.1	38	319	Hist_deacetyl	PF00850.24	5.2e-93
Drer_XP_005172586.1	649	960	Hist_deacetyl	PF00850.24	4.4e-92
Zmay_NP_001105095.1	225	514	Hist_deacetyl	PF00850.24	7.2e-93
Zmay_XP_020396306.1	226	515	Hist_deacetyl	PF00850.24	7.2e-93
Drer_NP_001034447.2	620	931	Hist_deacetyl	PF00850.24	4.2e-92
Ggal_XP_015144581.1	650	967	Hist_deacetyl	PF00850.24	2.3e-92
Ggal_XP_046799347.1	650	967	Hist_deacetyl	PF00850.24	2.3e-92
Ggal_XP_046799348.1	650	967	Hist_deacetyl	PF00850.24	2.3e-92
Drer_NP_956069.1	28	322	Hist_deacetyl	PF00850.24	5.1e-92
Ggal_XP_046799345.1	653	970	Hist_deacetyl	PF00850.24	2.3e-92
Ggal_XP_046799344.1	655	972	Hist_deacetyl	PF00850.24	2.3e-92
Ggal_XP_046799341.1	660	977	Hist_deacetyl	PF00850.24	2.3e-92
Ggal_XP_046799342.1	660	977	Hist_deacetyl	PF00850.24	2.3e-92
Ggal_XP_046799343.1	660	977	Hist_deacetyl	PF00850.24	2.3e-92
Ggal_XP_046799340.1	670	987	Hist_deacetyl	PF00850.24	2.4e-92
Ggal_XP_040559172.1	672	989	Hist_deacetyl	PF00850.24	2.4e-92
Ggal_XP_040559173.1	672	989	Hist_deacetyl	PF00850.24	2.4e-92
Cofcan_CDP19097.1	36	336	Hist_deacetyl	PF00850.24	1e-92
Ggal_XP_040559171.1	675	992	Hist_deacetyl	PF00850.24	2.4e-92
Ggal_XP_015144579.1	677	994	Hist_deacetyl	PF00850.24	2.4e-92
Ggal_XP_015144578.1	677	994	Hist_deacetyl	PF00850.24	2.4e-92
Ggal_XP_040559165.1	677	994	Hist_deacetyl	PF00850.24	2.4e-92
Ggal_XP_040559166.1	677	994	Hist_deacetyl	PF00850.24	2.4e-92
Ggal_XP_040559167.1	677	994	Hist_deacetyl	PF00850.24	2.4e-92
Psp.PS1159_PS1159_v2.g21994.t2	28	177	Hist_deacetyl	PF00850.24	1.7e-36
Psp.PS1159_PS1159_v2.g21994.t2	182	344	Hist_deacetyl	PF00850.24	6.3e-55
Ggal_XP_046799338.1	686	1003	Hist_deacetyl	PF00850.24	2.5e-92
Ggal_XP_046799334.1	692	1009	Hist_deacetyl	PF00850.24	2.5e-92
Ggal_XP_046799335.1	692	1009	Hist_deacetyl	PF00850.24	2.5e-92
Ggal_XP_046799336.1	692	1009	Hist_deacetyl	PF00850.24	2.5e-92
Ggal_XP_040559175.1	669	986	Hist_deacetyl	PF00850.24	2.4e-92
Ggal_NP_989644.1	671	988	Hist_deacetyl	PF00850.24	2.4e-92
Ggal_XP_040559169.1	676	993	Hist_deacetyl	PF00850.24	2.4e-92
Ggal_XP_040559170.1	676	993	Hist_deacetyl	PF00850.24	2.4e-92
Ggal_XP_046799337.1	691	1008	Hist_deacetyl	PF00850.24	2.5e-92
Agrpla_XP_025837466.1	288	605	Hist_deacetyl	PF00850.24	1.3e-92
Xtro_XP_004911974.2	464	782	Hist_deacetyl	PF00850.24	1.8e-92
Dpul_XP_046464398.1	707	1024	Hist_deacetyl	PF00850.24	1.7e-90
Xtro_XP_004911973.2	505	823	Hist_deacetyl	PF00850.24	2e-92
Xtro_XP_004911972.2	521	839	Hist_deacetyl	PF00850.24	2.1e-92
Dpul_XP_046464397.1	710	1027	Hist_deacetyl	PF00850.24	1.7e-90
Dpul_XP_046464392.1	790	1107	Hist_deacetyl	PF00850.24	1.9e-90
Xtro_XP_002935701.3	562	880	Hist_deacetyl	PF00850.24	2.3e-92
Bnap_XP_013664205.2	82	387	Hist_deacetyl	PF00850.24	1.6e-92
Lcom_lcpid39842|	59	353	Hist_deacetyl	PF00850.24	1.8e-92
Dpul_XP_046464393.1	782	1099	Hist_deacetyl	PF00850.24	1.9e-90
Dpul_XP_046464394.1	782	1099	Hist_deacetyl	PF00850.24	1.9e-90
Dpul_XP_046464395.1	782	1099	Hist_deacetyl	PF00850.24	1.9e-90
Dpul_XP_046464396.1	782	1099	Hist_deacetyl	PF00850.24	1.9e-90
Dpul_XP_046464390.1	793	1110	Hist_deacetyl	PF00850.24	1.9e-90
Bmor_XP_004931440.3	28	317	Hist_deacetyl	PF00850.24	1.9e-92
Bmor_XP_062525879.1	468	785	Hist_deacetyl	PF00850.24	3.4e-92
Bmor_XP_062525887.1	438	755	Hist_deacetyl	PF00850.24	3.2e-92
Bmor_XP_062525878.1	473	790	Hist_deacetyl	PF00850.24	3.5e-92
Bmor_XP_037868379.1	473	790	Hist_deacetyl	PF00850.24	3.5e-92
Bmor_XP_062525885.1	443	760	Hist_deacetyl	PF00850.24	3.2e-92
Bmor_XP_062525880.1	465	782	Hist_deacetyl	PF00850.24	3.4e-92
Tnat_KRZ58363.1	45	130	Hist_deacetyl	PF00850.24	2.3e-08
Tnat_KRZ58363.1	140	423	Hist_deacetyl	PF00850.24	1.1e-82
Bmor_XP_037868380.1	473	790	Hist_deacetyl	PF00850.24	3.5e-92
Bmor_XP_037868378.1	478	795	Hist_deacetyl	PF00850.24	3.5e-92
Bmor_XP_037868377.1	478	795	Hist_deacetyl	PF00850.24	3.5e-92
Ppat_XP_024358646.1	116	420	Hist_deacetyl	PF00850.24	2.1e-92
Crei_XP_042919462.1	157	464	Hist_deacetyl	PF00850.24	2.7e-92
Lcom_lcpid41142|	59	353	Hist_deacetyl	PF00850.24	2.6e-92
Xtro_XP_004917941.1	636	948	Hist_deacetyl	PF00850.24	2e-92
Xtro_XP_004917942.1	636	948	Hist_deacetyl	PF00850.24	2e-92
Xtro_XP_004917943.3	636	948	Hist_deacetyl	PF00850.24	2e-92
Sollyc_XP_010318596.1	122	411	Hist_deacetyl	PF00850.24	2.5e-92
Bmor_XP_062525886.1	441	758	Hist_deacetyl	PF00850.24	3.2e-92
Bmor_XP_062525881.1	449	766	Hist_deacetyl	PF00850.24	3.3e-92
Xtro_XP_004917939.1	663	975	Hist_deacetyl	PF00850.24	2.1e-92
Xtro_XP_004917940.1	663	975	Hist_deacetyl	PF00850.24	2.1e-92
Hsap_XP_047302452.1	631	943	Hist_deacetyl	PF00850.24	1.7e-91
Bmor_XP_037868383.1	454	771	Hist_deacetyl	PF00850.24	3.3e-92
Bmor_XP_037868382.1	454	771	Hist_deacetyl	PF00850.24	3.3e-92
Hsap_XP_047302450.1	636	948	Hist_deacetyl	PF00850.24	1.7e-91
Pvan_XP_069990023.1	674	991	Hist_deacetyl	PF00850.24	2.1e-92
Pvan_XP_069990022.1	687	1004	Hist_deacetyl	PF00850.24	2.2e-92
Bmor_XP_062525884.1	444	761	Hist_deacetyl	PF00850.24	3.2e-92
Bmor_XP_062525882.1	449	766	Hist_deacetyl	PF00850.24	3.3e-92
Bmor_XP_037868384.1	449	766	Hist_deacetyl	PF00850.24	3.3e-92
Pvan_XP_069990021.1	740	1057	Hist_deacetyl	PF00850.24	2.4e-92
Pvan_XP_069990020.1	741	1058	Hist_deacetyl	PF00850.24	2.4e-92
Pvan_XP_069990019.1	754	1071	Hist_deacetyl	PF00850.24	2.4e-92
Hsap_XP_047302447.1	651	963	Hist_deacetyl	PF00850.24	1.7e-91
Hsap_XP_047302438.1	675	987	Hist_deacetyl	PF00850.24	1.8e-91
Hsap_XP_047302439.1	675	987	Hist_deacetyl	PF00850.24	1.8e-91
Hsap_XP_047302440.1	675	987	Hist_deacetyl	PF00850.24	1.8e-91
Hsap_XP_047302441.1	675	987	Hist_deacetyl	PF00850.24	1.8e-91
Hsap_XP_047302437.1	676	988	Hist_deacetyl	PF00850.24	1.8e-91
Pvan_XP_069990018.1	768	1085	Hist_deacetyl	PF00850.24	2.5e-92
Pvan_XP_069990017.1	769	1086	Hist_deacetyl	PF00850.24	2.5e-92
Hsap_XP_047302436.1	680	992	Hist_deacetyl	PF00850.24	1.8e-91
Hsap_XP_047302433.1	681	993	Hist_deacetyl	PF00850.24	1.8e-91
Pvan_XP_069990016.1	780	1097	Hist_deacetyl	PF00850.24	2.5e-92
Pvan_XP_069990014.1	781	1098	Hist_deacetyl	PF00850.24	2.5e-92
Pvan_XP_069990013.1	782	1099	Hist_deacetyl	PF00850.24	2.5e-92
Pvan_XP_069990012.1	783	1100	Hist_deacetyl	PF00850.24	2.5e-92
Pvan_XP_069990011.1	784	1101	Hist_deacetyl	PF00850.24	2.5e-92
Pvan_XP_069990010.1	798	1115	Hist_deacetyl	PF00850.24	2.6e-92
Pvan_XP_069990009.1	799	1116	Hist_deacetyl	PF00850.24	2.6e-92
Hsap_XP_011510521.1	699	1011	Hist_deacetyl	PF00850.24	1.9e-91
Pvan_XP_069990007.1	811	1128	Hist_deacetyl	PF00850.24	2.6e-92
Pvan_XP_069990008.1	811	1128	Hist_deacetyl	PF00850.24	2.6e-92
Pvan_XP_069990005.1	812	1129	Hist_deacetyl	PF00850.24	2.6e-92
Pvan_XP_069990006.1	812	1129	Hist_deacetyl	PF00850.24	2.6e-92
Hsap_XP_011510520.1	704	1016	Hist_deacetyl	PF00850.24	1.9e-91
Lcom_lcpid65885|	59	353	Hist_deacetyl	PF00850.24	4.5e-92
Bnap_XP_013735177.2	82	387	Hist_deacetyl	PF00850.24	3.2e-92
Hsap_XP_047302453.1	626	943	Hist_deacetyl	PF00850.24	2.7e-91
Hsap_XP_047302454.1	607	924	Hist_deacetyl	PF00850.24	2.6e-91
Qlob_XP_030938804.1	47	347	Hist_deacetyl	PF00850.24	3.5e-92
Hsap_XP_047302449.1	631	948	Hist_deacetyl	PF00850.24	2.7e-91
Hsap_XP_047302451.1	631	948	Hist_deacetyl	PF00850.24	2.7e-91
Hsap_XP_047302448.1	636	953	Hist_deacetyl	PF00850.24	2.7e-91
Sollyc_XP_010318595.1	203	492	Hist_deacetyl	PF00850.24	3.7e-92
Lana_XP_013391785.2	156	472	Hist_deacetyl	PF00850.24	4e-92
Hsap_XP_047302443.1	655	972	Hist_deacetyl	PF00850.24	2.8e-91
Hsap_XP_011510529.1	632	949	Hist_deacetyl	PF00850.24	2.7e-91
Hsap_XP_016860883.1	660	977	Hist_deacetyl	PF00850.24	2.9e-91
Sollyc_XP_004235741.1	224	513	Hist_deacetyl	PF00850.24	4e-92
Sollyc_XP_069151744.1	224	513	Hist_deacetyl	PF00850.24	4e-92
Bnap_XP_048635585.1	106	411	Hist_deacetyl	PF00850.24	3.8e-92
Hsap_XP_011510527.1	670	987	Hist_deacetyl	PF00850.24	2.9e-91
Hsap_XP_047302445.1	651	968	Hist_deacetyl	PF00850.24	2.8e-91
Hsap_XP_047302446.1	651	968	Hist_deacetyl	PF00850.24	2.8e-91
Lcom_lcpid41200|	59	353	Hist_deacetyl	PF00850.24	5.5e-92
Hsap_NP_001365345.1	675	992	Hist_deacetyl	PF00850.24	2.9e-91
Hsap_NP_001365346.1	675	992	Hist_deacetyl	PF00850.24	2.9e-91
Hsap_NP_006028.2	675	992	Hist_deacetyl	PF00850.24	2.9e-91
Hsap_XP_047302435.1	675	992	Hist_deacetyl	PF00850.24	2.9e-91
Hsap_XP_011510526.1	675	992	Hist_deacetyl	PF00850.24	2.9e-91
Hsap_XP_047302434.1	676	993	Hist_deacetyl	PF00850.24	3e-91
Hsap_XP_006712943.1	653	970	Hist_deacetyl	PF00850.24	2.8e-91
Hsap_XP_024309025.1	653	970	Hist_deacetyl	PF00850.24	2.8e-91
Hsap_XP_047302444.1	653	970	Hist_deacetyl	PF00850.24	2.8e-91
Hsap_XP_011510528.1	656	973	Hist_deacetyl	PF00850.24	2.9e-91
Hsap_XP_047302442.1	656	973	Hist_deacetyl	PF00850.24	2.9e-91
Hsap_NP_001365343.1	680	997	Hist_deacetyl	PF00850.24	3e-91
Hsap_NP_001365344.1	680	997	Hist_deacetyl	PF00850.24	3e-91
Hsap_XP_011510524.1	680	997	Hist_deacetyl	PF00850.24	3e-91
Hsap_XP_011510525.1	680	997	Hist_deacetyl	PF00850.24	3e-91
Hsap_XP_047302432.1	680	997	Hist_deacetyl	PF00850.24	3e-91
Hsap_XP_011510522.1	681	998	Hist_deacetyl	PF00850.24	3e-91
Hsap_XP_006712940.1	699	1016	Hist_deacetyl	PF00850.24	3.1e-91
Hsap_XP_011510519.1	704	1021	Hist_deacetyl	PF00850.24	3.1e-91
Aque_XP_003385311.1	29	318	Hist_deacetyl	PF00850.24	4.9e-92
Hsap_NP_478056.1	654	972	Hist_deacetyl	PF00850.24	1.1e-91
Mbre_XP_001742912.1	24	313	Hist_deacetyl	PF00850.24	5.4e-92
Atha_NP_001326233.1	171	445	Hist_deacetyl	PF00850.24	5.4e-92
Qlob_XP_030938803.1	47	347	Hist_deacetyl	PF00850.24	5.5e-92
Ggal_NP_989487.1	28	318	Hist_deacetyl	PF00850.24	6.1e-92
Hsap_NP_001308797.1	632	950	Hist_deacetyl	PF00850.24	1.2e-91
Apla_XP_022087264.1	661	976	Hist_deacetyl	PF00850.24	2e-91
Hsap_NP_848510.1	654	972	Hist_deacetyl	PF00850.24	1.3e-91
Smar_SMAR010960-PA	624	937	Hist_deacetyl	PF00850.24	5e-92
Ofus_CAH1775409.1	24	315	Hist_deacetyl	PF00850.24	8.4e-92
Cvir_XP_022314532.1	28	317	Hist_deacetyl	PF00850.24	8.8e-92
Cvir_XP_022319821.1	28	317	Hist_deacetyl	PF00850.24	8.8e-92
Cvir_XP_022314531.1	28	317	Hist_deacetyl	PF00850.24	8.8e-92
Cvir_XP_022319819.1	28	317	Hist_deacetyl	PF00850.24	8.8e-92
Aplcal_XP_005100475.1	27	316	Hist_deacetyl	PF00850.24	8.6e-92
Apla_XP_022087324.1	605	920	Hist_deacetyl	PF00850.24	1.8e-91
Apla_XP_022087333.1	605	920	Hist_deacetyl	PF00850.24	1.8e-91
Apla_XP_022087342.1	604	919	Hist_deacetyl	PF00850.24	1.8e-91
Apla_XP_022087315.1	606	921	Hist_deacetyl	PF00850.24	1.8e-91
Apla_XP_022087305.1	628	943	Hist_deacetyl	PF00850.24	1.9e-91
Apla_XP_022087290.1	629	944	Hist_deacetyl	PF00850.24	1.9e-91
Apla_XP_022087298.1	629	944	Hist_deacetyl	PF00850.24	1.9e-91
Apla_XP_022087280.1	657	972	Hist_deacetyl	PF00850.24	2e-91
Apla_XP_022087273.1	658	973	Hist_deacetyl	PF00850.24	2e-91
Lana_XP_013405013.1	28	317	Hist_deacetyl	PF00850.24	9.7e-92
Apla_XP_022087255.1	666	981	Hist_deacetyl	PF00850.24	2e-91
Apla_XP_022087244.1	669	984	Hist_deacetyl	PF00850.24	2.1e-91
Apla_XP_022087235.1	670	985	Hist_deacetyl	PF00850.24	2.1e-91
Aplcal_XP_005100474.1	27	316	Hist_deacetyl	PF00850.24	1.1e-91
Ihof_Ihof_evm2s108	1149	1452	Hist_deacetyl	PF00850.24	1.6e-91
Hrob_XP_009008751.1	14	323	Hist_deacetyl	PF00850.24	1e-91
Lana_XP_013416986.1	400	716	Hist_deacetyl	PF00850.24	9.5e-92
Tura_XP_048532113.1	133	429	Hist_deacetyl	PF00850.24	1.2e-91
Rchi_XP_024178091.1	102	406	Hist_deacetyl	PF00850.24	1.2e-91
Apimel_XP_006570509.1	633	950	Hist_deacetyl	PF00850.24	4.4e-90
Apimel_XP_006570510.1	633	950	Hist_deacetyl	PF00850.24	4.4e-90
Apimel_XP_006570511.1	633	950	Hist_deacetyl	PF00850.24	4.4e-90
Apimel_XP_006570512.1	633	950	Hist_deacetyl	PF00850.24	4.4e-90
Apimel_XP_006570513.1	633	950	Hist_deacetyl	PF00850.24	4.4e-90
Apimel_XP_006570514.1	633	950	Hist_deacetyl	PF00850.24	4.4e-90
Otip_Oti_9763_t	29	320	Hist_deacetyl	PF00850.24	4.9e-83
Apimel_XP_006570516.1	632	949	Hist_deacetyl	PF00850.24	4.4e-90
Apimel_XP_006570515.1	633	950	Hist_deacetyl	PF00850.24	4.4e-90
Skow_XP_006825578.1	30	320	Hist_deacetyl	PF00850.24	1.5e-91
Hsap_NP_001308806.1	613	931	Hist_deacetyl	PF00850.24	1.2e-91
Hsap_NP_001308826.1	613	931	Hist_deacetyl	PF00850.24	1.2e-91
Ggal_NP_001026573.1	535	853	Hist_deacetyl	PF00850.24	4.4e-91
Apimel_XP_006570508.1	659	976	Hist_deacetyl	PF00850.24	4.7e-90
Agrpla_XP_018335818.1	23	313	Hist_deacetyl	PF00850.24	1.6e-91
Sarc_XP_014161584.1	539	846	Hist_deacetyl	PF00850.24	2.3e-91
Apimel_XP_016770193.1	678	995	Hist_deacetyl	PF00850.24	4.8e-90
Apimel_XP_391882.3	678	995	Hist_deacetyl	PF00850.24	4.8e-90
Apimel_XP_006570507.1	679	996	Hist_deacetyl	PF00850.24	4.8e-90
Hsap_NP_848512.1	657	975	Hist_deacetyl	PF00850.24	1.3e-91
Lsat_XP_023746083.1	92	396	Hist_deacetyl	PF00850.24	1.6e-91
Diplco_DCO_004553	484	797	Hist_deacetyl	PF00850.24	2.7e-91
Diplco_DCO_004554	484	797	Hist_deacetyl	PF00850.24	2.7e-91
Lana_XP_013405014.1	28	317	Hist_deacetyl	PF00850.24	2e-91
Hsap_NP_004955.2	28	318	Hist_deacetyl	PF00850.24	2.3e-91
Acey_EYB99541.1	483	796	Hist_deacetyl	PF00850.24	5.4e-90
Acey_EYB99542.1	489	802	Hist_deacetyl	PF00850.24	5.5e-90
Hrob_XP_009030811.1	29	318	Hist_deacetyl	PF00850.24	3.2e-91
Drer_XP_021325750.1	568	886	Hist_deacetyl	PF00850.24	4.5e-91
Ofus_CAH1772783.1	28	317	Hist_deacetyl	PF00850.24	2.9e-91
Scil_XP_065175065.1	63	357	Hist_deacetyl	PF00850.24	1.8e-90
Pvan_XP_069986541.1	28	318	Hist_deacetyl	PF00850.24	2.9e-91
Cofcan_CDP04660.1	96	400	Hist_deacetyl	PF00850.24	3.3e-91
Ggal_XP_046778220.1	664	982	Hist_deacetyl	PF00850.24	1.5e-90
Ggal_XP_040537439.1	650	968	Hist_deacetyl	PF00850.24	1.4e-90
Hcon_XGW33451.1	458	771	Hist_deacetyl	PF00850.24	9.8e-90
Dpul_XP_046451062.1	29	319	Hist_deacetyl	PF00850.24	3.9e-91
Ggal_NP_001026152.3	655	973	Hist_deacetyl	PF00850.24	1.5e-90
Ggal_XP_046778230.1	662	980	Hist_deacetyl	PF00850.24	1.5e-90
Apimel_XP_395811.2	24	314	Hist_deacetyl	PF00850.24	4.4e-91
Mpol_BFI23354.1	119	423	Hist_deacetyl	PF00850.24	3.9e-91
Drer_XP_021327088.1	650	968	Hist_deacetyl	PF00850.24	3.3e-91
Drer_XP_021327087.1	652	970	Hist_deacetyl	PF00850.24	3.3e-91
Drer_XP_021327086.1	653	971	Hist_deacetyl	PF00850.24	3.3e-91
Drer_XP_009297659.1	670	988	Hist_deacetyl	PF00850.24	3.4e-91
Drer_XP_009297658.1	710	1028	Hist_deacetyl	PF00850.24	3.7e-91
Drer_XP_009297657.1	712	1030	Hist_deacetyl	PF00850.24	3.7e-91
Drer_XP_685659.5	713	1031	Hist_deacetyl	PF00850.24	3.7e-91
Cele_NP_493026.1	27	316	Hist_deacetyl	PF00850.24	5.6e-91
Xtro_NP_001005432.1	29	319	Hist_deacetyl	PF00850.24	5.7e-91
Hsap_NP_001518.3	29	319	Hist_deacetyl	PF00850.24	5.7e-91
Ggal_NP_990162.3	29	319	Hist_deacetyl	PF00850.24	5.7e-91
Qlob_XP_030938752.1	103	407	Hist_deacetyl	PF00850.24	6.2e-91
Smoe_XP_024524978.1	164	474	Hist_deacetyl	PF00850.24	1.7e-87
Atri_XP_020527331.1	24	314	Hist_deacetyl	PF00850.24	6.2e-91
Qlob_XP_030938751.1	113	417	Hist_deacetyl	PF00850.24	6.7e-91
Smoe_XP_024520457.1	54	356	Hist_deacetyl	PF00850.24	6.9e-91
Smoe_XP_024520456.1	54	357	Hist_deacetyl	PF00850.24	7.4e-91
Ihof_Ihof_evm3s42	1376	1680	Hist_deacetyl	PF00850.24	9.5e-91
Hduj_OQV19897.1	30	335	Hist_deacetyl	PF00850.24	7.6e-91
Smoe_XP_024524977.1	164	474	Hist_deacetyl	PF00850.24	1.9e-87
Qlob_XP_030937241.1	103	407	Hist_deacetyl	PF00850.24	8.1e-91
Lpol_XP_022257064.1	420	736	Hist_deacetyl	PF00850.24	1.6e-90
Mtru_XP_003630282.1	77	382	Hist_deacetyl	PF00850.24	8.6e-91
Ggal_XP_040506811.1	28	323	Hist_deacetyl	PF00850.24	1.2e-90
Psat_XP_050898405.1	97	402	Hist_deacetyl	PF00850.24	9.4e-91
Smoe_XP_024524980.1	36	290	Hist_deacetyl	PF00850.24	6.3e-83
Smoe_XP_024524975.1	164	474	Hist_deacetyl	PF00850.24	2.2e-87
Asuu_AgR001_g360_t04	78	362	Hist_deacetyl	PF00850.24	1.2e-90
Smoe_XP_024543729.1	48	350	Hist_deacetyl	PF00850.24	1.1e-90
Cper_Nk52_evm31s236	54	335	Hist_deacetyl	PF00850.24	1e-90
Psp.PS1159_PS1159_v2.g21994.t1	28	317	Hist_deacetyl	PF00850.24	1.2e-90
Crei_XP_001697497.2	1121	1458	Hist_deacetyl	PF00850.24	9e-91
Smoe_XP_024543728.1	48	351	Hist_deacetyl	PF00850.24	1.1e-90
Agrpla_XP_025836836.1	28	319	Hist_deacetyl	PF00850.24	1.2e-90
Drer_XP_005159649.1	29	318	Hist_deacetyl	PF00850.24	1.2e-90
Bmor_XP_012552478.1	23	313	Hist_deacetyl	PF00850.24	1.3e-90
Crei_XP_042925812.1	1121	1459	Hist_deacetyl	PF00850.24	9.7e-91
Obim_XP_052827346.1	623	937	Hist_deacetyl	PF00850.24	9.7e-91
Blan_XP_066301378.1	669	986	Hist_deacetyl	PF00850.24	2.6e-90
Atri_XP_020527328.1	24	314	Hist_deacetyl	PF00850.24	1.3e-90
Cvir_XP_022313123.1	27	318	Hist_deacetyl	PF00850.24	1.3e-90
Drer_NP_775343.1	29	318	Hist_deacetyl	PF00850.24	1.3e-90
Atri_XP_020527329.1	24	314	Hist_deacetyl	PF00850.24	1.3e-90
Blan_XP_066301376.1	673	990	Hist_deacetyl	PF00850.24	2.6e-90
Blan_XP_066301374.1	676	993	Hist_deacetyl	PF00850.24	2.6e-90
Blan_XP_066301375.1	674	991	Hist_deacetyl	PF00850.24	2.6e-90
Blan_XP_066301373.1	677	994	Hist_deacetyl	PF00850.24	2.6e-90
Blan_XP_066301371.1	680	997	Hist_deacetyl	PF00850.24	2.6e-90
Blan_XP_066301370.1	686	1003	Hist_deacetyl	PF00850.24	2.7e-90
Blan_XP_066301369.1	686	1003	Hist_deacetyl	PF00850.24	2.7e-90
Blan_XP_066301367.1	687	1004	Hist_deacetyl	PF00850.24	2.7e-90
Blan_XP_066301368.1	687	1004	Hist_deacetyl	PF00850.24	2.7e-90
Osat_XP_015618358.1	82	386	Hist_deacetyl	PF00850.24	1.3e-90
Ever_VDD91043.1	28	317	Hist_deacetyl	PF00850.24	1.8e-90
Ggal_XP_015136914.2	653	971	Hist_deacetyl	PF00850.24	1.5e-90
Hcon_XGW33450.1	417	730	Hist_deacetyl	PF00850.24	8.8e-90
Ggal_XP_046778295.1	667	985	Hist_deacetyl	PF00850.24	1.5e-90
Smoe_XP_024526726.1	38	326	Hist_deacetyl	PF00850.24	1.7e-90
Ggal_XP_015136911.2	679	997	Hist_deacetyl	PF00850.24	1.5e-90
Ggal_XP_015136907.2	684	1002	Hist_deacetyl	PF00850.24	1.5e-90
Smoe_XP_002983212.2	38	326	Hist_deacetyl	PF00850.24	1.7e-90
Hduj_OQV20372.1	630	947	Hist_deacetyl	PF00850.24	1.3e-90
Ggal_XP_040537438.2	686	1004	Hist_deacetyl	PF00850.24	1.5e-90
Ggal_XP_015136908.3	656	974	Hist_deacetyl	PF00850.24	1.5e-90
Ggal_XP_040537437.1	688	1006	Hist_deacetyl	PF00850.24	1.5e-90
Smoe_XP_002961351.2	38	326	Hist_deacetyl	PF00850.24	1.7e-90
Osat_XP_015618357.1	100	404	Hist_deacetyl	PF00850.24	1.5e-90
Ggal_XP_046778261.1	693	1011	Hist_deacetyl	PF00850.24	1.6e-90
Ggal_XP_046778252.1	695	1013	Hist_deacetyl	PF00850.24	1.6e-90
Ggal_XP_040537436.1	697	1015	Hist_deacetyl	PF00850.24	1.6e-90
Ggal_XP_046778209.1	665	983	Hist_deacetyl	PF00850.24	1.5e-90
Atri_XP_011621109.1	32	332	Hist_deacetyl	PF00850.24	1.7e-90
Tsui_KHJ40888.1	40	329	Hist_deacetyl	PF00850.24	1.8e-90
Cint_XP_002124762.1	26	316	Hist_deacetyl	PF00850.24	2.7e-90
Lpol_XP_022256382.1	394	709	Hist_deacetyl	PF00850.24	2.6e-90
Cowc_XP_004346729.1	27	318	Hist_deacetyl	PF00850.24	2.5e-90
Smar_SMAR008042-PA	28	321	Hist_deacetyl	PF00850.24	1.8e-90
Dpul_XP_046437810.1	26	316	Hist_deacetyl	PF00850.24	2.3e-90
Cint_XP_004225492.1	29	319	Hist_deacetyl	PF00850.24	2.3e-90
Trimur_TMUE_1000004610	100	396	Hist_deacetyl	PF00850.24	8.2e-89
Sypmur_SMUV_0000409801-mRNA-1	24	315	Hist_deacetyl	PF00850.24	2.6e-90
Smed_h1SMcT0004888.1	26	315	Hist_deacetyl	PF00850.24	2.5e-90
Cper_Nk52_evm23s1671	24	314	Hist_deacetyl	PF00850.24	2.8e-90
Trimur_TMUE_0000001502	100	396	Hist_deacetyl	PF00850.24	6.5e-89
Btab_XP_018911019.1	23	313	Hist_deacetyl	PF00850.24	2.9e-90
Sarc_XP_014147998.1	267	570	Hist_deacetyl	PF00850.24	2.8e-90
Trimur_TMUE_1000004119	40	329	Hist_deacetyl	PF00850.24	2.9e-90
Ttri_CDW52724.1	40	329	Hist_deacetyl	PF00850.24	2.9e-90
Spur_XP_011660544.1	609	925	Hist_deacetyl	PF00850.24	1e-89
Diplco_DCO_011018	28	318	Hist_deacetyl	PF00850.24	3e-90
Diplco_DCO_011017	28	318	Hist_deacetyl	PF00850.24	3e-90
Cvir_XP_022309890.1	562	872	Hist_deacetyl	PF00850.24	2.4e-90
Spur_XP_011660543.1	629	945	Hist_deacetyl	PF00850.24	1.1e-89
Cvir_XP_022309889.1	573	883	Hist_deacetyl	PF00850.24	2.5e-90
Cvir_XP_022309888.1	577	887	Hist_deacetyl	PF00850.24	2.5e-90
Cvir_XP_022309887.1	578	888	Hist_deacetyl	PF00850.24	2.5e-90
Spur_XP_011660541.1	634	950	Hist_deacetyl	PF00850.24	1.1e-89
Spur_XP_011660542.1	634	950	Hist_deacetyl	PF00850.24	1.1e-89
Cvir_XP_022309886.1	590	900	Hist_deacetyl	PF00850.24	2.6e-90
Blan_XP_066301377.1	672	989	Hist_deacetyl	PF00850.24	2.6e-90
Blan_XP_066301372.1	679	996	Hist_deacetyl	PF00850.24	2.6e-90
Clim_Clim_evm47s7	25	316	Hist_deacetyl	PF00850.24	3.4e-90
Cvir_XP_022309885.1	610	920	Hist_deacetyl	PF00850.24	2.7e-90
Blan_XP_066272676.1	29	317	Hist_deacetyl	PF00850.24	2.7e-90
Cvir_XP_022309883.1	619	929	Hist_deacetyl	PF00850.24	2.7e-90
Cvir_XP_022309884.1	619	929	Hist_deacetyl	PF00850.24	2.7e-90
Cvir_XP_022309881.1	620	930	Hist_deacetyl	PF00850.24	2.7e-90
Cvir_XP_022309882.1	620	930	Hist_deacetyl	PF00850.24	2.7e-90
Spur_XP_030846801.1	670	986	Hist_deacetyl	PF00850.24	1.1e-89
Spur_XP_011660538.1	671	987	Hist_deacetyl	PF00850.24	1.1e-89
Spur_XP_011660539.1	671	987	Hist_deacetyl	PF00850.24	1.1e-89
Spur_XP_797761.3	669	985	Hist_deacetyl	PF00850.24	1.1e-89
Blan_XP_066272675.1	29	317	Hist_deacetyl	PF00850.24	3.2e-90
Aplcal_XP_012935632.1	662	973	Hist_deacetyl	PF00850.24	3.3e-90
Tsui_KHJ48682.1	40	329	Hist_deacetyl	PF00850.24	4.3e-90
Pgem_Unigene3569_Pirum_gemmata|m.2464	449	755	Hist_deacetyl	PF00850.24	3.5e-90
Aplcal_XP_005097878.1	31	326	Hist_deacetyl	PF00850.24	2.9e-83
Dmel_NP_651978.2	23	317	Hist_deacetyl	PF00850.24	4.9e-90
Obim_XP_052833753.1	28	317	Hist_deacetyl	PF00850.24	5.1e-90
Obim_XP_014783856.1	28	317	Hist_deacetyl	PF00850.24	5.1e-90
Spur_XP_011660540.1	668	984	Hist_deacetyl	PF00850.24	1.1e-89
Btab_XP_018911241.1	615	934	Hist_deacetyl	PF00850.24	4.1e-90
Trimur_TMUE_3000014156	40	329	Hist_deacetyl	PF00850.24	6.5e-90
Sollyc_XP_010312891.1	32	336	Hist_deacetyl	PF00850.24	5.5e-90
Hsap_XP_047291011.1	663	981	Hist_deacetyl	PF00850.24	5.2e-90
Hsap_XP_047291012.1	663	981	Hist_deacetyl	PF00850.24	5.2e-90
Bmal_XP_042935732.1	32	323	Hist_deacetyl	PF00850.24	7.3e-90
Hsap_XP_047291010.1	690	1008	Hist_deacetyl	PF00850.24	5.4e-90
Hsap_XP_047291008.1	695	1013	Hist_deacetyl	PF00850.24	5.5e-90
Hsap_XP_047291009.1	695	1013	Hist_deacetyl	PF00850.24	5.5e-90
Hsap_XP_011522451.1	696	1014	Hist_deacetyl	PF00850.24	5.5e-90
Hsap_XP_047291006.1	699	1017	Hist_deacetyl	PF00850.24	5.5e-90
Hsap_XP_047291007.1	699	1017	Hist_deacetyl	PF00850.24	5.5e-90
Hsap_XP_047291004.1	700	1018	Hist_deacetyl	PF00850.24	5.5e-90
Hsap_XP_047291005.1	700	1018	Hist_deacetyl	PF00850.24	5.5e-90
Hsap_NP_001369322.1	704	1022	Hist_deacetyl	PF00850.24	5.5e-90
Hsap_NP_005465.2	704	1022	Hist_deacetyl	PF00850.24	5.5e-90
Hsap_NP_001015053.1	705	1023	Hist_deacetyl	PF00850.24	5.6e-90
Hsap_XP_047291003.1	705	1023	Hist_deacetyl	PF00850.24	5.6e-90
Acey_EYC26109.1	28	317	Hist_deacetyl	PF00850.24	7.4e-90
Cscu_XP_023234076.1	27	316	Hist_deacetyl	PF00850.24	8.2e-90
Priarc_PARCANUS000000104.t1	40	329	Hist_deacetyl	PF00850.24	9e-90
Trimur_TMUE_1000002848	100	396	Hist_deacetyl	PF00850.24	2.7e-88
Rcul_nRc.2.0.1.t25427-RA	28	317	Hist_deacetyl	PF00850.24	9.8e-90
Lpol_XP_022254389.1	581	896	Hist_deacetyl	PF00850.24	1.6e-89
Hcon_XGW22718.1	28	317	Hist_deacetyl	PF00850.24	9.3e-90
Pigvie_Pvie_g10092	299	601	Hist_deacetyl	PF00850.24	9.1e-90
Ppur_KAA8499079.1	121	413	Hist_deacetyl	PF00850.24	1e-89
Mesc_XP_021631441.1	97	401	Hist_deacetyl	PF00850.24	9.2e-90
Bdis_XP_024311116.1	85	389	Hist_deacetyl	PF00850.24	9e-90
Lpol_XP_022254372.1	606	921	Hist_deacetyl	PF00850.24	1.6e-89
Lpol_XP_022254378.1	606	921	Hist_deacetyl	PF00850.24	1.6e-89
Lpol_XP_022254385.1	606	921	Hist_deacetyl	PF00850.24	1.6e-89
Lpol_XP_013785388.1	614	929	Hist_deacetyl	PF00850.24	1.7e-89
Bdis_XP_003578822.1	101	405	Hist_deacetyl	PF00850.24	1e-89
Bdis_XP_024311115.1	107	411	Hist_deacetyl	PF00850.24	1.1e-89
Sollyc_XP_004228472.1	122	426	Hist_deacetyl	PF00850.24	1.1e-89
Ccri_XP_005717961.1	23	316	Hist_deacetyl	PF00850.24	1.2e-89
Clim_Clim_evm218s157	29	318	Hist_deacetyl	PF00850.24	1.1e-89
Cfra_CFRG8140T1	30	320	Hist_deacetyl	PF00850.24	1.1e-89
Xtro_XP_012808298.1	604	922	Hist_deacetyl	PF00850.24	9.2e-90
Hpol_VDO99789.1	28	317	Hist_deacetyl	PF00850.24	1.2e-89
Xtro_XP_012808297.1	628	946	Hist_deacetyl	PF00850.24	9.7e-90
Xtro_XP_002935586.2	648	966	Hist_deacetyl	PF00850.24	1e-89
Zmay_XP_008677775.1	42	329	Hist_deacetyl	PF00850.24	1.3e-89
Zmay_NP_001105064.1	42	329	Hist_deacetyl	PF00850.24	1.3e-89
Sbat_VDP32301.1	28	317	Hist_deacetyl	PF00850.24	1.3e-89
Cowc_XP_004347039.1	1110	1409	Hist_deacetyl	PF00850.24	1.1e-89
Mbel_CAJ0943888.1	484	797	Hist_deacetyl	PF00850.24	3.5e-89
Ppat_XP_024393389.1	35	324	Hist_deacetyl	PF00850.24	1.6e-89
Ppat_XP_024393387.1	35	324	Hist_deacetyl	PF00850.24	1.6e-89
Mlei_ML00527a-PA	27	316	Hist_deacetyl	PF00850.24	1.7e-89
Qlob_XP_030940463.1	103	405	Hist_deacetyl	PF00850.24	1.7e-89
Ever_VDD87975.1	24	315	Hist_deacetyl	PF00850.24	2e-89
Hsap_XP_047274648.1	1	289	Hist_deacetyl	PF00850.24	1.8e-89
Sollyc_XP_069144826.1	36	324	Hist_deacetyl	PF00850.24	1.7e-89
Ggal_XP_015139980.2	1	289	Hist_deacetyl	PF00850.24	1.8e-89
Ggal_XP_046794407.1	1	289	Hist_deacetyl	PF00850.24	1.8e-89
Ggal_XP_046794408.1	1	289	Hist_deacetyl	PF00850.24	1.8e-89
Ggal_XP_046794409.1	1	289	Hist_deacetyl	PF00850.24	1.8e-89
Ggal_XP_046794410.1	1	289	Hist_deacetyl	PF00850.24	1.8e-89
Lana_XP_013403048.1	23	314	Hist_deacetyl	PF00850.24	2.3e-89
Qlob_XP_030940462.1	113	415	Hist_deacetyl	PF00850.24	1.9e-89
Rvar_GAU99331.1	604	920	Hist_deacetyl	PF00850.24	1.5e-89
Asuu_AgR028_g067_t02	28	316	Hist_deacetyl	PF00850.24	2.2e-89
Asuu_AgR028_g067_t03	28	316	Hist_deacetyl	PF00850.24	2.2e-89
Xtro_NP_001025564.1	28	318	Hist_deacetyl	PF00850.24	2.2e-89
Otau_XP_022839375.1	133	428	Hist_deacetyl	PF00850.24	2.3e-89
Apla_XP_022102294.1	27	317	Hist_deacetyl	PF00850.24	2.3e-89
Asuu_AgR028_g067_t01	28	316	Hist_deacetyl	PF00850.24	2.3e-89
Sollyc_XP_025888516.1	36	324	Hist_deacetyl	PF00850.24	2.2e-89
Sollyc_XP_004247825.1	36	324	Hist_deacetyl	PF00850.24	2.4e-89
Sollyc_XP_004247826.1	36	324	Hist_deacetyl	PF00850.24	2.4e-89
Avit_KAL3997756.1	28	319	Hist_deacetyl	PF00850.24	2.3e-89
Avit_KAL3997757.1	28	319	Hist_deacetyl	PF00850.24	2.4e-89
Avit_KAL3997758.1	28	319	Hist_deacetyl	PF00850.24	2.5e-89
Acey_EYB99453.1	53	342	Hist_deacetyl	PF00850.24	2.8e-89
Avit_KAL3997759.1	28	316	Hist_deacetyl	PF00850.24	2.6e-89
Sollyc_XP_025888514.1	36	324	Hist_deacetyl	PF00850.24	2.9e-89
Sollyc_XP_025888515.1	36	324	Hist_deacetyl	PF00850.24	2.9e-89
Acey_EYB99454.1	53	342	Hist_deacetyl	PF00850.24	2.9e-89
Bdis_XP_003571679.1	42	329	Hist_deacetyl	PF00850.24	2.8e-89
Psp.PS1159_PS1159_v2.g15726.t1	46	336	Hist_deacetyl	PF00850.24	3.2e-89
Lpol_XP_013777776.1	581	894	Hist_deacetyl	PF00850.24	2.4e-89
Acey_EYB99455.1	53	342	Hist_deacetyl	PF00850.24	3.2e-89
Mjap_MIJAPON000001398.t1	38	328	Hist_deacetyl	PF00850.24	3.2e-89
Crei_XP_001695812.2	26	317	Hist_deacetyl	PF00850.24	3.3e-89
Avit_KAL3994388.1	24	315	Hist_deacetyl	PF00850.24	3.5e-89
Scil_XP_065179815.1	23	312	Hist_deacetyl	PF00850.24	3.4e-89
Ppat_XP_024370295.1	35	324	Hist_deacetyl	PF00850.24	3.6e-89
Ppat_XP_024370293.1	35	324	Hist_deacetyl	PF00850.24	3.6e-89
Ppat_XP_024370294.1	35	324	Hist_deacetyl	PF00850.24	3.6e-89
Ecur_TVU51118.1	101	405	Hist_deacetyl	PF00850.24	3.5e-89
Ihof_Ihof_evm1s641	23	314	Hist_deacetyl	PF00850.24	4e-89
Bnap_XP_013664206.2	50	328	Hist_deacetyl	PF00850.24	3.8e-89
Diplco_DCO_010390	41	330	Hist_deacetyl	PF00850.24	4e-89
Diplco_DCO_010389	41	330	Hist_deacetyl	PF00850.24	4e-89
Scar_TKR78003.1	24	315	Hist_deacetyl	PF00850.24	4.5e-89
Scar_TKR78002.1	24	315	Hist_deacetyl	PF00850.24	4.4e-89
Obim_XP_052830590.1	23	314	Hist_deacetyl	PF00850.24	4.4e-89
Atri_XP_011627919.1	77	380	Hist_deacetyl	PF00850.24	3.9e-89
Ovol_OVOC10975	24	315	Hist_deacetyl	PF00850.24	4.3e-89
Cfra_CFRG3468T1	1081	1384	Hist_deacetyl	PF00850.24	5.1e-89
Hcon_XGW35410.1	33	322	Hist_deacetyl	PF00850.24	4.4e-89
Hcon_XGW35411.1	33	322	Hist_deacetyl	PF00850.24	4.4e-89
Tura_XP_048539420.1	41	328	Hist_deacetyl	PF00850.24	4.2e-89
Acey_EYC29335.1	24	314	Hist_deacetyl	PF00850.24	4e-89
Bxyl_CAG9089589.1	23	312	Hist_deacetyl	PF00850.24	4.1e-89
Tura_XP_048550027.1	101	405	Hist_deacetyl	PF00850.24	4e-89
Bdis_XP_003563706.1	41	328	Hist_deacetyl	PF00850.24	4.2e-89
Tura_XP_048550025.1	109	413	Hist_deacetyl	PF00850.24	4.2e-89
Osat_XP_015643781.1	41	328	Hist_deacetyl	PF00850.24	4.6e-89
Pigvie_Pvie_g665	23	312	Hist_deacetyl	PF00850.24	4.6e-89
Eela_EEL_0000681601-mRNA-1	24	315	Hist_deacetyl	PF00850.24	5.1e-89
Mjap_MIJAPON000011943.t1	25	316	Hist_deacetyl	PF00850.24	5.2e-89
Ovol_OVOC11853	24	315	Hist_deacetyl	PF00850.24	5.2e-89
Sypmur_SMUV_0000626101-mRNA-1	486	799	Hist_deacetyl	PF00850.24	6.3e-89
Diplco_DCO_012156	24	315	Hist_deacetyl	PF00850.24	5.6e-89
Smar_SMAR009486-PA	24	314	Hist_deacetyl	PF00850.24	5.7e-89
Zmay_NP_001266603.1	87	391	Hist_deacetyl	PF00850.24	5.7e-89
Cbra_GBG62038.1	37	325	Hist_deacetyl	PF00850.24	7.4e-89
Otip_Oti_3759_t	437	750	Hist_deacetyl	PF00850.24	8.1e-89
Lpol_XP_013784620.1	23	313	Hist_deacetyl	PF00850.24	7.2e-89
Bnap_XP_048635595.1	51	328	Hist_deacetyl	PF00850.24	6.4e-89
Zmay_NP_001402758.1	103	407	Hist_deacetyl	PF00850.24	6.3e-89
Cele_NP_506599.1	32	321	Hist_deacetyl	PF00850.24	6.5e-89
Wban_VDM08780.1	24	315	Hist_deacetyl	PF00850.24	7.2e-89
Bmal_XP_001895111.1	24	315	Hist_deacetyl	PF00850.24	7.2e-89
Cfra_CFRG2342T1	23	312	Hist_deacetyl	PF00850.24	8.8e-89
Tura_XP_048533510.1	42	329	Hist_deacetyl	PF00850.24	7.1e-89
Tura_XP_048533509.1	42	329	Hist_deacetyl	PF00850.24	7.1e-89
Tura_XP_048533508.1	42	329	Hist_deacetyl	PF00850.24	7.1e-89
Tura_XP_048533507.1	42	329	Hist_deacetyl	PF00850.24	7.2e-89
Dmel_NP_001259508.1	772	1087	Hist_deacetyl	PF00850.24	5.9e-89
Dmel_NP_727682.1	772	1087	Hist_deacetyl	PF00850.24	5.9e-89
Eela_EEL_0000542001-mRNA-1	47	338	Hist_deacetyl	PF00850.24	7.5e-89
Mesc_XP_043809975.1	209	511	Hist_deacetyl	PF00850.24	3.7e-88
Dmel_NP_001014736.2	794	1109	Hist_deacetyl	PF00850.24	6.1e-89
Dmel_NP_001259509.1	796	1111	Hist_deacetyl	PF00850.24	6.1e-89
Dmel_NP_001259510.1	796	1111	Hist_deacetyl	PF00850.24	6.1e-89
Hsap_XP_047284939.1	526	844	Hist_deacetyl	PF00850.24	8.1e-89
Diplco_DCO_012155	24	315	Hist_deacetyl	PF00850.24	8.3e-89
Dmel_NP_001245651.1	833	1148	Hist_deacetyl	PF00850.24	6.4e-89
Hsap_NP_001091886.1	543	861	Hist_deacetyl	PF00850.24	8.4e-89
Dmel_NP_572868.3	843	1158	Hist_deacetyl	PF00850.24	6.5e-89
Hsap_XP_047284938.1	541	859	Hist_deacetyl	PF00850.24	8.4e-89
Hsap_XP_047284940.1	541	859	Hist_deacetyl	PF00850.24	8.4e-89
Trimur_TMUE_1000006001	31	320	Hist_deacetyl	PF00850.24	1.1e-88
Hsap_XP_047284937.1	550	868	Hist_deacetyl	PF00850.24	8.6e-89
Spur_NP_999711.1	27	316	Hist_deacetyl	PF00850.24	8.4e-89
Dmel_NP_001259507.1	860	1175	Hist_deacetyl	PF00850.24	6.7e-89
Acey_EYB92276.1	45	342	Hist_deacetyl	PF00850.24	2.4e-80
Hsap_XP_047284936.1	563	881	Hist_deacetyl	PF00850.24	8.8e-89
Hsap_NP_001295019.1	563	881	Hist_deacetyl	PF00850.24	8.8e-89
Lsig_VDK75786.1	31	322	Hist_deacetyl	PF00850.24	8.4e-89
Hsap_NP_056216.2	580	898	Hist_deacetyl	PF00850.24	9.1e-89
Acey_EYB92277.1	45	342	Hist_deacetyl	PF00850.24	2.4e-80
Hsap_XP_011536782.1	587	905	Hist_deacetyl	PF00850.24	9.2e-89
Hsap_XP_047284935.1	587	905	Hist_deacetyl	PF00850.24	9.2e-89
Hsap_XP_024304786.1	587	905	Hist_deacetyl	PF00850.24	9.2e-89
Otip_Oti_12759_t	32	322	Hist_deacetyl	PF00850.24	9.2e-89
Priarc_PARCANUS000008560.t1	563	874	Hist_deacetyl	PF00850.24	1.3e-88
Hsap_NP_001354975.1	594	912	Hist_deacetyl	PF00850.24	9.4e-89
Mjap_MIJAPON000002885.t1	32	321	Hist_deacetyl	PF00850.24	9.8e-89
Lloa_XP_003135801.1	28	319	Hist_deacetyl	PF00850.24	9.4e-89
Lloa_XP_020307507.1	454	767	Hist_deacetyl	PF00850.24	3.6e-88
Cper_Nk52_evm6s2192	901	1204	Hist_deacetyl	PF00850.24	1.1e-88
Hsap_XP_047284934.1	624	942	Hist_deacetyl	PF00850.24	9.9e-89
Hsap_XP_011536783.2	624	942	Hist_deacetyl	PF00850.24	9.9e-89
Scil_XP_065197418.1	25	317	Hist_deacetyl	PF00850.24	9.5e-89
Blan_XP_066294349.1	56	345	Hist_deacetyl	PF00850.24	2e-88
Mesc_XP_043809979.1	209	509	Hist_deacetyl	PF00850.24	5.3e-88
Ovol_OVOC3641	470	783	Hist_deacetyl	PF00850.24	9.2e-88
Blan_XP_066298174.1	24	315	Hist_deacetyl	PF00850.24	1.2e-88
Lloa_XP_003136464.1	24	315	Hist_deacetyl	PF00850.24	1.2e-88
Otip_Oti_1769_t	28	340	Hist_deacetyl	PF00850.24	1.1e-88
Lpol_XP_013778811.1	1	288	Hist_deacetyl	PF00850.24	1.2e-88
Aplcal_XP_005091875.1	22	313	Hist_deacetyl	PF00850.24	1.1e-88
Awhi_Unigene16852_Abeoforma_whisleri|m.10607	28	318	Hist_deacetyl	PF00850.24	1.5e-88
Ofus_CAH1789297.1	653	967	Hist_deacetyl	PF00850.24	9.8e-89
Lcom_lcpid72789|	23	312	Hist_deacetyl	PF00850.24	1.3e-88
Ecur_TVU33022.1	42	329	Hist_deacetyl	PF00850.24	1.2e-88
Gpal_Gpal_D383_g05522.t1	31	320	Hist_deacetyl	PF00850.24	1.3e-88
Ofus_CAH1789296.1	682	996	Hist_deacetyl	PF00850.24	1e-88
Ofus_CAH1789298.1	686	1000	Hist_deacetyl	PF00850.24	1e-88
Ecur_TVT96653.1	41	328	Hist_deacetyl	PF00850.24	1.3e-88
Xtro_NP_001016883.1	22	312	Hist_deacetyl	PF00850.24	1.3e-88
Ecur_TVU08005.1	41	328	Hist_deacetyl	PF00850.24	1.3e-88
Twil_T_wilhelma_c34342_g2_i1|m.60993	1	289	Hist_deacetyl	PF00850.24	1.4e-88
Lsat_XP_023738091.1	24	314	Hist_deacetyl	PF00850.24	1.4e-88
Hrob_XP_009019439.1	23	314	Hist_deacetyl	PF00850.24	1.4e-88
Angcan_KAE9419451.1	28	317	Hist_deacetyl	PF00850.24	1.5e-88
Bnap_XP_013658027.2	38	329	Hist_deacetyl	PF00850.24	1.4e-88
Sypmur_SMUV_0000289501-mRNA-1	31	320	Hist_deacetyl	PF00850.24	1.5e-88
Ecur_TVU51253.1	101	405	Hist_deacetyl	PF00850.24	1.5e-88
Rchi_XP_024163178.1	36	324	Hist_deacetyl	PF00850.24	1.6e-88
Rchi_XP_024163177.1	36	324	Hist_deacetyl	PF00850.24	1.6e-88
Cofcan_CDP04652.1	36	324	Hist_deacetyl	PF00850.24	1.6e-88
Mesc_XP_021608064.1	36	324	Hist_deacetyl	PF00850.24	1.6e-88
Mesc_XP_021608065.1	36	324	Hist_deacetyl	PF00850.24	1.6e-88
Qlob_XP_030951109.1	36	324	Hist_deacetyl	PF00850.24	1.6e-88
Qlob_XP_030951110.1	36	324	Hist_deacetyl	PF00850.24	1.6e-88
Qlob_XP_030951111.1	36	324	Hist_deacetyl	PF00850.24	1.6e-88
Mpol_BFI26279.1	36	324	Hist_deacetyl	PF00850.24	1.7e-88
Obim_XP_052833754.1	1	288	Hist_deacetyl	PF00850.24	1.6e-88
Osat_XP_015616602.1	38	339	Hist_deacetyl	PF00850.24	1.7e-88
Tnel_KRX20450.1	25	314	Hist_deacetyl	PF00850.24	1.7e-88
Hduj_OQV11922.1	37	327	Hist_deacetyl	PF00850.24	2e-88
Priarc_PARCANUS000003579.t1	36	327	Hist_deacetyl	PF00850.24	1.8e-88
Echgra_XP_024352630.1	44	333	Hist_deacetyl	PF00850.24	2.1e-88
Mtru_XP_003606237.2	24	314	Hist_deacetyl	PF00850.24	1.9e-88
Ecur_TVU06516.1	41	330	Hist_deacetyl	PF00850.24	1.9e-88
Tbri_KRY47967.1	40	329	Hist_deacetyl	PF00850.24	1.9e-88
Bnap_XP_048625777.1	38	329	Hist_deacetyl	PF00850.24	1.9e-88
Gpal_Gpal_D383_g03538.t1	26	315	Hist_deacetyl	PF00850.24	2.1e-88
Awhi_Unigene17704_Abeoforma_whisleri|m.11596	31	321	Hist_deacetyl	PF00850.24	2.2e-88
Ecur_TVU03882.1	56	345	Hist_deacetyl	PF00850.24	2.1e-88
Awhi_Unigene17703_Abeoforma_whisleri|m.11595	31	321	Hist_deacetyl	PF00850.24	2.4e-88
Bmal_XP_042931518.1	28	317	Hist_deacetyl	PF00850.24	2.3e-88
Avit_KAL3990607.1	30	319	Hist_deacetyl	PF00850.24	2.4e-88
Ovol_OVOC2479a	30	319	Hist_deacetyl	PF00850.24	2.4e-88
Asuu_AgB03_g170_t01	1137	1428	Hist_deacetyl	PF00850.24	3e-88
Lloa_XP_020302890.1	30	319	Hist_deacetyl	PF00850.24	2.4e-88
Bmal_XP_001893332.2	28	317	Hist_deacetyl	PF00850.24	2.6e-88
Avag_UJR31975.1	25	315	Hist_deacetyl	PF00850.24	2.5e-88
Otip_Oti_4310_t	32	321	Hist_deacetyl	PF00850.24	2.5e-88
Bdis_XP_010239874.1	24	314	Hist_deacetyl	PF00850.24	2.4e-88
Ever_VDD93397.1	499	812	Hist_deacetyl	PF00850.24	3.8e-88
Qlob_XP_030943816.1	40	328	Hist_deacetyl	PF00850.24	2.7e-88
Qlob_XP_030943817.1	40	328	Hist_deacetyl	PF00850.24	2.7e-88
Qlob_XP_030943818.1	40	328	Hist_deacetyl	PF00850.24	2.7e-88
Priarc_PARCANUS000002666.t1	32	321	Hist_deacetyl	PF00850.24	3e-88
Lsig_VDK84368.1	457	770	Hist_deacetyl	PF00850.24	2.3e-87
Mbel_CAJ0952256.1	28	317	Hist_deacetyl	PF00850.24	3e-88
Lpol_XP_022251829.1	589	904	Hist_deacetyl	PF00850.24	8.8e-88
Bnap_XP_013642936.1	38	328	Hist_deacetyl	PF00850.24	2.7e-88
Bnap_XP_013718823.1	38	328	Hist_deacetyl	PF00850.24	2.7e-88
Lsig_VDK87557.1	71	360	Hist_deacetyl	PF00850.24	3e-88
Lpol_XP_022251828.1	609	924	Hist_deacetyl	PF00850.24	9.1e-88
Pvan_XP_069975888.1	23	312	Hist_deacetyl	PF00850.24	3e-88
Atha_NP_201116.1	38	329	Hist_deacetyl	PF00850.24	3e-88
Clim_Clim_evm4s183	791	1094	Hist_deacetyl	PF00850.24	3.4e-88
Otip_Oti_5147_t	37	329	Hist_deacetyl	PF00850.24	3.2e-88
Lpol_XP_022251824.1	627	942	Hist_deacetyl	PF00850.24	9.4e-88
Lpol_XP_022251825.1	627	942	Hist_deacetyl	PF00850.24	9.4e-88
Lpol_XP_022251826.1	627	942	Hist_deacetyl	PF00850.24	9.4e-88
Lpol_XP_022251827.1	627	942	Hist_deacetyl	PF00850.24	9.4e-88
Lpol_XP_013783742.1	631	946	Hist_deacetyl	PF00850.24	9.5e-88
Scar_TKR63123.1	28	318	Hist_deacetyl	PF00850.24	3.6e-88
Dimm_MCP9257356.1	439	752	Hist_deacetyl	PF00850.24	3.3e-87
Lpol_XP_022251821.1	651	966	Hist_deacetyl	PF00850.24	9.8e-88
Lpol_XP_022251823.1	651	966	Hist_deacetyl	PF00850.24	9.8e-88
Avag_UJR37988.1	33	322	Hist_deacetyl	PF00850.24	4.6e-88
Lana_XP_013383573.1	60	348	Hist_deacetyl	PF00850.24	4e-88
Psat_XP_050903405.1	36	324	Hist_deacetyl	PF00850.24	4e-88
Acey_EYB92273.1	45	342	Hist_deacetyl	PF00850.24	6.2e-80
Psat_XP_050903403.1	36	324	Hist_deacetyl	PF00850.24	4e-88
Mesc_XP_021591917.1	39	330	Hist_deacetyl	PF00850.24	4.1e-88
Bdis_XP_003579685.1	24	314	Hist_deacetyl	PF00850.24	4.6e-88
Psat_XP_050903399.1	36	324	Hist_deacetyl	PF00850.24	4.6e-88
Psat_XP_050903400.1	36	324	Hist_deacetyl	PF00850.24	4.6e-88
Psat_XP_050903401.1	36	324	Hist_deacetyl	PF00850.24	4.6e-88
Psat_XP_050903402.1	36	324	Hist_deacetyl	PF00850.24	4.6e-88
Mhap_MhA1_Contig217.frz3.gene4	24	315	Hist_deacetyl	PF00850.24	5.4e-88
Mpol_BFI28406.1	24	314	Hist_deacetyl	PF00850.24	5.3e-88
Acey_EYB92274.1	45	342	Hist_deacetyl	PF00850.24	7.3e-80
Acey_EYB92275.1	45	342	Hist_deacetyl	PF00850.24	7.3e-80
Atri_XP_020520768.1	37	326	Hist_deacetyl	PF00850.24	5.4e-88
Tsui_KHJ40443.1	37	334	Hist_deacetyl	PF00850.24	6.9e-87
Osat_XP_066165741.1	24	314	Hist_deacetyl	PF00850.24	6.2e-88
Smoe_XP_024526459.1	25	315	Hist_deacetyl	PF00850.24	6.2e-88
Hduj_OQV21135.1	33	327	Hist_deacetyl	PF00850.24	6.2e-88
Qlob_XP_030939156.1	38	329	Hist_deacetyl	PF00850.24	6.6e-88
Cscu_XP_023225860.1	577	877	Hist_deacetyl	PF00850.24	5.5e-88
Bxyl_CAG9097613.1	24	315	Hist_deacetyl	PF00850.24	7e-88
Cscu_XP_023225859.1	609	909	Hist_deacetyl	PF00850.24	5.9e-88
Cscu_XP_023225858.1	619	919	Hist_deacetyl	PF00850.24	6e-88
Rvar_GAU99938.1	34	330	Hist_deacetyl	PF00850.24	7.9e-88
Qlob_XP_030957805.1	24	314	Hist_deacetyl	PF00850.24	7.5e-88
Psp.PS1159_PS1159_v2.g115.t2	29	319	Hist_deacetyl	PF00850.24	7.6e-88
Pgem_Unigene19907_Pirum_gemmata|m.12941	31	321	Hist_deacetyl	PF00850.24	8.7e-88
Otau_XP_022840720.1	32	323	Hist_deacetyl	PF00850.24	8.2e-88
Rvar_GAU98367.1	35	325	Hist_deacetyl	PF00850.24	9.6e-88
Cowc_XP_004343197.1	24	314	Hist_deacetyl	PF00850.24	8.6e-88
Obim_XP_052830898.1	27	320	Hist_deacetyl	PF00850.24	2.3e-80
Atri_XP_006840835.1	37	326	Hist_deacetyl	PF00850.24	8.5e-88
Cper_Nk52_evm63s210	23	314	Hist_deacetyl	PF00850.24	9.7e-88
Psat_XP_050874638.1	36	324	Hist_deacetyl	PF00850.24	9.1e-88
Cfra_CFRG1953T1	799	1105	Hist_deacetyl	PF00850.24	1.9e-87
Cofcan_CDP12749.1	39	330	Hist_deacetyl	PF00850.24	1e-87
Mtru_XP_024633487.1	37	325	Hist_deacetyl	PF00850.24	1e-87
Smoe_XP_002963181.2	36	325	Hist_deacetyl	PF00850.24	1.2e-87
Smoe_XP_024524201.1	36	325	Hist_deacetyl	PF00850.24	1.2e-87
Sros_XP_004997885.1	25	314	Hist_deacetyl	PF00850.24	8.4e-88
Smoe_XP_002981611.2	36	325	Hist_deacetyl	PF00850.24	1.2e-87
Avit_KAL3989896.1	453	766	Hist_deacetyl	PF00850.24	3.5e-87
Smoe_XP_024532274.1	25	315	Hist_deacetyl	PF00850.24	1.2e-87
Atri_XP_020532106.1	39	328	Hist_deacetyl	PF00850.24	1.2e-87
Atri_XP_020532107.1	39	328	Hist_deacetyl	PF00850.24	1.2e-87
Twil_T_wilhelma_c31912_g2_i4|m.44634	24	314	Hist_deacetyl	PF00850.24	1.1e-87
Hcon_XGW10793.1	24	314	Hist_deacetyl	PF00850.24	1.2e-87
Avag_UJR08261.1	33	322	Hist_deacetyl	PF00850.24	1.4e-87
Apla_XP_022101756.1	23	313	Hist_deacetyl	PF00850.24	4.1e-87
Tura_XP_048557292.1	24	314	Hist_deacetyl	PF00850.24	1.4e-87
Ggal_NP_990078.2	22	312	Hist_deacetyl	PF00850.24	1.4e-87
Bnap_XP_048602203.1	36	324	Hist_deacetyl	PF00850.24	1.4e-87
Bnap_XP_048602237.1	36	324	Hist_deacetyl	PF00850.24	1.4e-87
Bnap_XP_048602133.1	36	324	Hist_deacetyl	PF00850.24	1.4e-87
Bnap_XP_048602134.1	36	324	Hist_deacetyl	PF00850.24	1.4e-87
Atha_NP_190054.2	24	313	Hist_deacetyl	PF00850.24	1.5e-87
Mbel_CAJ0961619.1	126	416	Hist_deacetyl	PF00850.24	1.6e-87
Rchi_XP_040366984.1	24	314	Hist_deacetyl	PF00850.24	1.6e-87
Atha_NP_001078511.1	36	324	Hist_deacetyl	PF00850.24	1.6e-87
Bnap_XP_013642707.1	24	313	Hist_deacetyl	PF00850.24	1.6e-87
Bnap_XP_013726568.1	24	313	Hist_deacetyl	PF00850.24	1.6e-87
Bnap_XP_048607535.1	24	313	Hist_deacetyl	PF00850.24	1.6e-87
Lsat_XP_023772470.1	36	324	Hist_deacetyl	PF00850.24	1.7e-87
Mtru_XP_013453272.2	40	328	Hist_deacetyl	PF00850.24	2e-87
Mtru_XP_024639741.2	40	328	Hist_deacetyl	PF00850.24	2e-87
Mtru_XP_024639742.2	40	328	Hist_deacetyl	PF00850.24	2e-87
Cofcan_CDP06960.1	24	313	Hist_deacetyl	PF00850.24	1.8e-87
Lana_XP_013392029.1	60	348	Hist_deacetyl	PF00850.24	5.4e-87
Atha_NP_195526.1	36	324	Hist_deacetyl	PF00850.24	2e-87
Rchi_XP_024173371.1	24	314	Hist_deacetyl	PF00850.24	2e-87
Rchi_XP_040366983.1	24	314	Hist_deacetyl	PF00850.24	2e-87
Ovol_OVOC2479b	1	288	Hist_deacetyl	PF00850.24	2e-87
Hsap_NP_003874.2	22	312	Hist_deacetyl	PF00850.24	2.3e-87
Mbre_XP_001744309.1	23	313	Hist_deacetyl	PF00850.24	2.3e-87
Hsap_NP_001341968.1	22	312	Hist_deacetyl	PF00850.24	2.4e-87
Mtru_XP_003601202.1	45	338	Hist_deacetyl	PF00850.24	2.1e-87
Eela_EEL_0000768401-mRNA-1	1	288	Hist_deacetyl	PF00850.24	2.1e-87
Osat_XP_015648088.1	41	330	Hist_deacetyl	PF00850.24	2.1e-87
Trimur_TMUE_3000012340	37	333	Hist_deacetyl	PF00850.24	3.1e-85
Skow_XP_006822026.1	703	1017	Hist_deacetyl	PF00850.24	5e-87
Twil_T_wilhelma_c31912_g2_i1|m.44631	24	314	Hist_deacetyl	PF00850.24	2.5e-87
Tspi_XP_003372758.1	28	318	Hist_deacetyl	PF00850.24	2.4e-87
Twil_T_wilhelma_c31912_g2_i5|m.44635	43	333	Hist_deacetyl	PF00850.24	2.8e-87
Psat_XP_050900070.1	24	314	Hist_deacetyl	PF00850.24	2.7e-87
Smed_h1SMcT0000680.1	23	315	Hist_deacetyl	PF00850.24	2.9e-87
Tbri_KRY60785.1	28	318	Hist_deacetyl	PF00850.24	2.6e-87
Tnel_KRX24287.1	27	316	Hist_deacetyl	PF00850.24	2.8e-87
Tnat_KRZ52840.1	27	316	Hist_deacetyl	PF00850.24	2.8e-87
Tbri_KRY47843.1	27	316	Hist_deacetyl	PF00850.24	2.8e-87
Mhap_MhA1_Contig91.frz3.fgene4	26	315	Hist_deacetyl	PF00850.24	4.8e-87
Lcom_lcpid86184|	25	317	Hist_deacetyl	PF00850.24	3.3e-87
Zmay_XP_008681126.1	42	329	Hist_deacetyl	PF00850.24	3.3e-87
Tnat_KRZ51413.1	28	318	Hist_deacetyl	PF00850.24	3.3e-87
Xtro_NP_001120462.1	26	312	Hist_deacetyl	PF00850.24	4e-87
Aque_XP_019850949.1	24	314	Hist_deacetyl	PF00850.24	3.9e-87
Sypmur_SMUV_0000411101-mRNA-1	28	323	Hist_deacetyl	PF00850.24	4e-87
Zmay_NP_001131831.1	42	329	Hist_deacetyl	PF00850.24	4e-87
Mlei_ML078942a-PA	76	370	Hist_deacetyl	PF00850.24	4.8e-87
Dimm_MCP9265138.1	30	317	Hist_deacetyl	PF00850.24	4.4e-87
Sollyc_XP_004251031.1	24	314	Hist_deacetyl	PF00850.24	4.6e-87
Bmal_XP_042930688.1	464	777	Hist_deacetyl	PF00850.24	4.4e-86
Bdis_XP_010234631.1	41	330	Hist_deacetyl	PF00850.24	4.6e-87
Twil_T_wilhelma_c33325_g1_i8|m.54296	606	924	Hist_deacetyl	PF00850.24	6.7e-87
Bdis_XP_003573796.1	41	330	Hist_deacetyl	PF00850.24	4.6e-87
Tura_XP_048533235.1	41	330	Hist_deacetyl	PF00850.24	5.3e-87
Zmay_NP_001105077.1	24	314	Hist_deacetyl	PF00850.24	5.5e-87
Ppat_XP_024379142.1	24	314	Hist_deacetyl	PF00850.24	6.5e-87
Drer_NP_957284.1	22	312	Hist_deacetyl	PF00850.24	5.8e-87
Mtru_XP_013455859.2	1	289	Hist_deacetyl	PF00850.24	5.7e-87
Mtru_XP_039689340.1	1	289	Hist_deacetyl	PF00850.24	5.7e-87
Cfra_CFRG6046T1	23	314	Hist_deacetyl	PF00850.24	8e-87
Tnat_KRZ49184.1	40	332	Hist_deacetyl	PF00850.24	5.7e-87
Osat_XP_015627744.1	43	333	Hist_deacetyl	PF00850.24	6.2e-87
Tadh_XP_002113944.1	24	316	Hist_deacetyl	PF00850.24	6.1e-87
Cbra_GBG80875.1	25	316	Hist_deacetyl	PF00850.24	6.1e-87
Bmal_XP_042930689.1	471	784	Hist_deacetyl	PF00850.24	4.5e-86
Osat_XP_015627743.1	43	333	Hist_deacetyl	PF00850.24	6.3e-87
Tspi_XP_003372493.1	25	317	Hist_deacetyl	PF00850.24	6.4e-87
Rchi_XP_024169961.1	36	327	Hist_deacetyl	PF00850.24	6.4e-87
Twil_T_wilhelma_c33325_g1_i4|m.54294	572	890	Hist_deacetyl	PF00850.24	5.7e-87
Scar_TKR81139.1	517	830	Hist_deacetyl	PF00850.24	1.4e-86
Tura_XP_048574094.1	38	342	Hist_deacetyl	PF00850.24	7.1e-87
Tura_XP_048575086.1	38	346	Hist_deacetyl	PF00850.24	8.5e-87
Sbat_VDP20935.1	25	310	Hist_deacetyl	PF00850.24	7e-87
Pigchi_Pchi_g11566	23	313	Hist_deacetyl	PF00850.24	8.3e-87
Tura_XP_048574093.1	38	342	Hist_deacetyl	PF00850.24	9.9e-87
Twil_T_wilhelma_c33325_g1_i1|m.54291	572	890	Hist_deacetyl	PF00850.24	6.3e-87
Twil_T_wilhelma_c33325_g1_i3|m.54292	572	890	Hist_deacetyl	PF00850.24	6.6e-87
Mesc_XP_021610209.1	24	314	Hist_deacetyl	PF00850.24	8.1e-87
Spur_XP_030844545.1	23	313	Hist_deacetyl	PF00850.24	1.1e-86
Spur_XP_794761.1	23	313	Hist_deacetyl	PF00850.24	1.1e-86
Atri_XP_006827551.1	36	324	Hist_deacetyl	PF00850.24	8.5e-87
Lsat_XP_023740973.1	40	331	Hist_deacetyl	PF00850.24	9.4e-87
Pvan_XP_069975889.1	1	288	Hist_deacetyl	PF00850.24	9.6e-87
Mesc_XP_021610208.1	24	314	Hist_deacetyl	PF00850.24	1e-86
Tsui_KHJ40683.1	21	312	Hist_deacetyl	PF00850.24	1e-86
Zmay_NP_001104901.1	41	330	Hist_deacetyl	PF00850.24	1.1e-86
Osat_XP_015640137.1	56	347	Hist_deacetyl	PF00850.24	1.3e-86
Osat_XP_066161214.1	500	801	Hist_deacetyl	PF00850.24	1.5e-86
Ttri_CDW52839.1	21	312	Hist_deacetyl	PF00850.24	1.5e-86
Atri_XP_020527330.1	11	275	Hist_deacetyl	PF00850.24	1.9e-86
Btab_XP_018917481.1	42	346	Hist_deacetyl	PF00850.24	1.7e-86
Bnap_XP_013672639.1	48	341	Hist_deacetyl	PF00850.24	1.9e-86
Cele_NP_001257279.1	430	743	Hist_deacetyl	PF00850.24	2.6e-86
Wban_VDM21273.1	470	783	Hist_deacetyl	PF00850.24	2.2e-85
Mhap_MhA1_Contig695.frz3.gene5	668	985	Hist_deacetyl	PF00850.24	3.1e-86
Psat_XP_050879973.1	45	338	Hist_deacetyl	PF00850.24	2.1e-86
Cele_NP_001257278.1	483	796	Hist_deacetyl	PF00850.24	3e-86
Hcon_XGW10792.1	1038	1328	Hist_deacetyl	PF00850.24	1.8e-86
Otau_XP_022840764.1	22	310	Hist_deacetyl	PF00850.24	3.1e-86
Psp.PS1159_PS1159_v2.g3740.t1	471	784	Hist_deacetyl	PF00850.24	3.6e-86
Ttri_CDW53649.1	37	334	Hist_deacetyl	PF00850.24	2.8e-86
Ttri_CDW53218.1	40	345	Hist_deacetyl	PF00850.24	2.8e-86
Ggal_XP_420178.1	25	311	Hist_deacetyl	PF00850.24	2.8e-86
Sman_XP_018652606.1	24	316	Hist_deacetyl	PF00850.24	3.7e-86
Pigvie_Pvie_g12623	49	331	Hist_deacetyl	PF00850.24	3.1e-86
Priarc_PARCANUS000010130.t1	30	320	Hist_deacetyl	PF00850.24	3.6e-86
Crei_XP_001695036.2	26	317	Hist_deacetyl	PF00850.24	3.9e-86
Ecur_TVU14657.1	200	485	Hist_deacetyl	PF00850.24	4.2e-86
Sollyc_XP_010319010.1	41	337	Hist_deacetyl	PF00850.24	4.6e-86
Skow_XP_002733814.2	31	322	Hist_deacetyl	PF00850.24	4.5e-86
Crei_XP_042923741.1	23	314	Hist_deacetyl	PF00850.24	5.2e-86
Ecur_TVU19594.1	60	351	Hist_deacetyl	PF00850.24	5.7e-86
Smed_h1SMcT0018288.1	641	960	Hist_deacetyl	PF00850.24	8e-86
Ecur_TVU34298.1	40	347	Hist_deacetyl	PF00850.24	6.7e-86
Aque_XP_003384638.1	29	325	Hist_deacetyl	PF00850.24	6.3e-86
Sollyc_NP_001352081.1	41	332	Hist_deacetyl	PF00850.24	6.6e-86
Zmay_NP_001334925.1	54	346	Hist_deacetyl	PF00850.24	6.4e-86
Rvar_GAU89996.1	58	352	Hist_deacetyl	PF00850.24	9.1e-86
Psat_XP_050900071.1	1	289	Hist_deacetyl	PF00850.24	8.1e-86
Psat_XP_050900072.1	1	289	Hist_deacetyl	PF00850.24	8.1e-86
Skow_XP_002742058.1	23	311	Hist_deacetyl	PF00850.24	9.6e-86
Scil_XP_065194960.1	37	325	Hist_deacetyl	PF00850.24	8.4e-86
Lcom_lcpid34729|	42	326	Hist_deacetyl	PF00850.24	8.8e-86
Angcan_KAE9413813.1	33	334	Hist_deacetyl	PF00850.24	1.1e-85
Hduj_OQV21621.1	47	342	Hist_deacetyl	PF00850.24	1.1e-85
Echgra_XP_024350773.1	45	337	Hist_deacetyl	PF00850.24	1.4e-85
Cscu_XP_023226182.1	26	316	Hist_deacetyl	PF00850.24	1.1e-85
Psat_XP_050883435.1	51	342	Hist_deacetyl	PF00850.24	1.2e-85
Ecur_TVU01240.1	288	583	Hist_deacetyl	PF00850.24	1.6e-85
Xtro_XP_012823478.1	2	281	Hist_deacetyl	PF00850.24	1.2e-85
Xtro_XP_012823480.1	2	281	Hist_deacetyl	PF00850.24	1.2e-85
Xtro_XP_031746075.1	2	281	Hist_deacetyl	PF00850.24	1.2e-85
Obim_XP_014770301.1	27	320	Hist_deacetyl	PF00850.24	4e-78
Obim_XP_014770302.1	27	320	Hist_deacetyl	PF00850.24	4e-78
Lcom_lcpid45229|	391	703	Hist_deacetyl	PF00850.24	1.1e-85
Ppat_XP_024379143.1	1	289	Hist_deacetyl	PF00850.24	1.9e-85
Ppat_XP_024379144.1	1	289	Hist_deacetyl	PF00850.24	1.9e-85
Aque_XP_011403467.2	438	757	Hist_deacetyl	PF00850.24	2.3e-85
Avag_UJR20839.1	375	691	Hist_deacetyl	PF00850.24	3.7e-85
Osat_XP_015623653.1	43	333	Hist_deacetyl	PF00850.24	1.7e-85
Osat_NP_001396788.1	43	333	Hist_deacetyl	PF00850.24	1.7e-85
Sros_XP_004989662.1	24	308	Hist_deacetyl	PF00850.24	1.7e-85
Apla_XP_022100459.1	289	579	Hist_deacetyl	PF00850.24	1.8e-85
Emue_Em0017g591a	151	429	Hist_deacetyl	PF00850.24	4.9e-85
Ecur_TVU34249.1	48	356	Hist_deacetyl	PF00850.24	1.9e-85
Mesc_XP_021608520.1	43	334	Hist_deacetyl	PF00850.24	2.1e-85
Mesc_XP_021608596.1	43	334	Hist_deacetyl	PF00850.24	2.1e-85
Mesc_XP_021608823.1	43	334	Hist_deacetyl	PF00850.24	2.1e-85
Mesc_XP_021608899.1	43	334	Hist_deacetyl	PF00850.24	2.1e-85
Aque_XP_019851050.1	571	890	Hist_deacetyl	PF00850.24	3.1e-85
Aque_XP_019851054.1	571	890	Hist_deacetyl	PF00850.24	3.1e-85
Wban_VDM08814.1	33	351	Hist_deacetyl	PF00850.24	3.1e-85
Lsat_XP_023747723.1	54	346	Hist_deacetyl	PF00850.24	2.3e-85
Avag_UJR28728.1	404	721	Hist_deacetyl	PF00850.24	4.7e-85
Bnap_XP_013716092.3	86	379	Hist_deacetyl	PF00850.24	2.6e-85
Spur_XP_030844557.1	1	289	Hist_deacetyl	PF00850.24	3.4e-85
Trimur_TMUE_1000004744	40	328	Hist_deacetyl	PF00850.24	2.9e-85
Bxyl_CAG9130886.1	426	735	Hist_deacetyl	PF00850.24	4.3e-85
Hpol_VDO70102.1	25	312	Hist_deacetyl	PF00850.24	3.8e-85
Ecur_TVU34280.1	57	364	Hist_deacetyl	PF00850.24	4.2e-85
Mtru_XP_003596882.1	50	341	Hist_deacetyl	PF00850.24	4.1e-85
Mjap_MIJAPON000000805.t1	460	784	Hist_deacetyl	PF00850.24	1.9e-84
Srat_XP_024502916.1	28	317	Hist_deacetyl	PF00850.24	5.4e-85
Tspi_XP_003374822.1	413	724	Hist_deacetyl	PF00850.24	6.1e-85
Tnel_KRX21836.1	413	724	Hist_deacetyl	PF00850.24	6.1e-85
Bdis_XP_003568360.1	52	343	Hist_deacetyl	PF00850.24	6.7e-85
Tnel_KRX17426.1	17	313	Hist_deacetyl	PF00850.24	6.9e-85
Tnat_KRZ60718.1	567	878	Hist_deacetyl	PF00850.24	8.8e-85
Tbri_KRY51055.1	587	898	Hist_deacetyl	PF00850.24	9.2e-85
Hcon_XGW07989.1	12	300	Hist_deacetyl	PF00850.24	7.9e-85
Hcon_XGW07988.1	20	308	Hist_deacetyl	PF00850.24	8.3e-85
Sman_XP_018648559.1	4	267	Hist_deacetyl	PF00850.24	9.4e-85
Cvir_XP_022288958.1	124	411	Hist_deacetyl	PF00850.24	1e-84
Ofus_CAH1800130.1	53	340	Hist_deacetyl	PF00850.24	1.4e-84
Cbra_GBG81830.1	235	563	Hist_deacetyl	PF00850.24	1.5e-84
Pigchi_Pchi_g2093_potentialcontaminant	49	330	Hist_deacetyl	PF00850.24	1.3e-84
Angcan_KAE9414221.1	451	762	Hist_deacetyl	PF00850.24	1.6e-83
Tnat_KRZ52839.1	27	321	Hist_deacetyl	PF00850.24	1.6e-84
Rchi_XP_024178092.1	102	387	Hist_deacetyl	PF00850.24	9.8e-84
Rchi_XP_024157763.1	41	332	Hist_deacetyl	PF00850.24	1.8e-84
Hsap_XP_047298208.1	35	320	Hist_deacetyl	PF00850.24	1.9e-84
Atha_NP_563817.1	39	332	Hist_deacetyl	PF00850.24	2.1e-84
Srat_XP_024507500.1	26	314	Hist_deacetyl	PF00850.24	2.2e-84
Acey_EYC23948.1	12	300	Hist_deacetyl	PF00850.24	2.7e-84
Acey_EYC23947.1	20	308	Hist_deacetyl	PF00850.24	2.9e-84
Hsap_NP_060956.1	35	320	Hist_deacetyl	PF00850.24	2.6e-84
Eela_EEL_0000678201-mRNA-1	379	699	Hist_deacetyl	PF00850.24	2.7e-84
Tbri_KRY50752.1	93	375	Hist_deacetyl	PF00850.24	2.5e-84
Bdis_XP_003572579.1	38	343	Hist_deacetyl	PF00850.24	2.8e-84
Hsap_NP_001397654.1	35	320	Hist_deacetyl	PF00850.24	3.3e-84
Qlob_XP_030960927.1	44	335	Hist_deacetyl	PF00850.24	2.9e-84
Qlob_XP_030960934.1	44	335	Hist_deacetyl	PF00850.24	2.9e-84
Qlob_XP_030960940.1	44	335	Hist_deacetyl	PF00850.24	2.9e-84
Qlob_XP_030960945.1	44	335	Hist_deacetyl	PF00850.24	2.9e-84
Srat_XP_024503427.1	478	791	Hist_deacetyl	PF00850.24	4.5e-84
Bxyl_CAG9130693.1	45	304	Hist_deacetyl	PF00850.24	4.6e-84
Srat_XP_024501531.1	23	313	Hist_deacetyl	PF00850.24	4.2e-84
Tnel_KRX17551.1	77	359	Hist_deacetyl	PF00850.24	4.4e-84
Pigchi_Pchi_g4941	48	329	Hist_deacetyl	PF00850.24	4.4e-84
Bnap_XP_048605213.1	29	275	Hist_deacetyl	PF00850.24	5.1e-84
Tspi_XP_003372126.1	132	414	Hist_deacetyl	PF00850.24	6.7e-84
Osat_XP_015638439.2	41	345	Hist_deacetyl	PF00850.24	7.2e-84
Twil_T_wilhelma_c30739_g1_i5|m.37558	10	262	Hist_deacetyl	PF00850.24	9.4e-84
Crei_XP_042924118.1	121	422	Hist_deacetyl	PF00850.24	1.4e-83
Crei_XP_042924119.1	121	422	Hist_deacetyl	PF00850.24	1.4e-83
Cvir_XP_022288726.1	124	411	Hist_deacetyl	PF00850.24	1e-83
Tbri_KRY51381.1	14	304	Hist_deacetyl	PF00850.24	9.9e-84
Spur_XP_791175.3	308	596	Hist_deacetyl	PF00850.24	1.1e-83
Ppat_XP_024391942.1	44	336	Hist_deacetyl	PF00850.24	1.1e-83
Ppat_XP_024391943.1	44	336	Hist_deacetyl	PF00850.24	1.1e-83
Tura_XP_048557293.1	11	275	Hist_deacetyl	PF00850.24	1.3e-83
Twil_T_wilhelma_c24874_g3_i2|m.12805	31	325	Hist_deacetyl	PF00850.24	1.2e-83
Tnel_KRX18852.1	40	330	Hist_deacetyl	PF00850.24	1.2e-83
Avit_KAL3994016.1	33	328	Hist_deacetyl	PF00850.24	1.4e-83
Cele_NP_496910.1	26	317	Hist_deacetyl	PF00850.24	1.3e-83
Ppur_KAA8493734.1	31	321	Hist_deacetyl	PF00850.24	2.3e-83
Plae_KAI0987555.1	192	430	Hist_deacetyl	PF00850.24	1.2e-75
Cowc_XP_004348213.1	57	361	Hist_deacetyl	PF00850.24	6.4e-83
Tnat_KRZ55131.1	14	304	Hist_deacetyl	PF00850.24	1.8e-83
Tbri_KRY47966.1	40	347	Hist_deacetyl	PF00850.24	3.4e-82
Tbri_KRY47841.1	27	332	Hist_deacetyl	PF00850.24	3.2e-83
Tspi_XP_003381864.1	26	316	Hist_deacetyl	PF00850.24	2e-83
Tnel_KRX24288.1	27	332	Hist_deacetyl	PF00850.24	4e-83
Xtro_XP_012823481.1	4	268	Hist_deacetyl	PF00850.24	2.2e-83
Xtro_XP_012823482.1	4	268	Hist_deacetyl	PF00850.24	2.2e-83
Xtro_XP_031746077.1	4	268	Hist_deacetyl	PF00850.24	2.2e-83
Tadh_XP_002110711.1	33	356	Hist_deacetyl	PF00850.24	2.5e-83
Tnat_KRZ58091.1	8	298	Hist_deacetyl	PF00850.24	2.5e-83
Wban_VDM20552.1	30	282	Hist_deacetyl	PF00850.24	2.6e-78
Tnat_KRZ60540.1	80	377	Hist_deacetyl	PF00850.24	7.3e-83
Tnel_KRX23030.1	69	366	Hist_deacetyl	PF00850.24	7.8e-83
Tbri_KRY53418.1	60	357	Hist_deacetyl	PF00850.24	7.7e-83
Tspi_XP_003380638.1	60	357	Hist_deacetyl	PF00850.24	8e-83
Tbri_KRY49155.1	27	317	Hist_deacetyl	PF00850.24	3.5e-83
Emue_Em0023g427a	19	299	Hist_deacetyl	PF00850.24	3.6e-83
Tnel_KRX23029.1	69	366	Hist_deacetyl	PF00850.24	4e-83
Tbri_KRY49154.1	27	317	Hist_deacetyl	PF00850.24	3.9e-83
Tnel_KRX20598.1	15	305	Hist_deacetyl	PF00850.24	4.5e-83
Cint_XP_002129520.1	25	304	Hist_deacetyl	PF00850.24	5.3e-83
Tnat_KRZ58092.1	8	298	Hist_deacetyl	PF00850.24	5.7e-83
Ggal_XP_040506806.1	10	233	Hist_deacetyl	PF00850.24	5.4e-79
Osat_XP_015638622.1	58	348	Hist_deacetyl	PF00850.24	6.6e-83
Agrpla_XP_018333043.1	24	313	Hist_deacetyl	PF00850.24	8.1e-83
Agrpla_XP_018333044.1	24	313	Hist_deacetyl	PF00850.24	8.1e-83
Pvan_XP_027208362.1	29	312	Hist_deacetyl	PF00850.24	1e-82
Pvan_XP_027208363.1	29	312	Hist_deacetyl	PF00850.24	1e-82
Pvan_XP_027208364.1	29	312	Hist_deacetyl	PF00850.24	1e-82
Pvan_XP_027208365.1	29	312	Hist_deacetyl	PF00850.24	1e-82
Pvan_XP_069999519.1	29	312	Hist_deacetyl	PF00850.24	1e-82
Pvan_XP_069999527.1	29	312	Hist_deacetyl	PF00850.24	1e-82
Pvan_XP_069999535.1	29	312	Hist_deacetyl	PF00850.24	1e-82
Pvan_XP_069999579.1	29	312	Hist_deacetyl	PF00850.24	1e-82
Ddip_jg26633	25	310	Hist_deacetyl	PF00850.24	1.1e-82
Smoe_XP_002990598.1	38	332	Hist_deacetyl	PF00850.24	1.2e-82
Smoe_XP_024520210.1	38	332	Hist_deacetyl	PF00850.24	1.2e-82
Apla_XP_022101757.1	4	270	Hist_deacetyl	PF00850.24	4.1e-82
Smoe_XP_002968712.1	38	332	Hist_deacetyl	PF00850.24	1.7e-82
Smoe_XP_024529540.1	38	332	Hist_deacetyl	PF00850.24	1.7e-82
Rcul_nRc.2.0.1.t36706-RA	78	359	Hist_deacetyl	PF00850.24	3.5e-80
Atri_XP_006854632.1	47	338	Hist_deacetyl	PF00850.24	1.9e-82
Atri_XP_020529427.1	47	338	Hist_deacetyl	PF00850.24	1.9e-82
Cofcan_CDP06851.1	12	303	Hist_deacetyl	PF00850.24	2.2e-82
Ttri_CDW51786.1	1	292	Hist_deacetyl	PF00850.24	2.5e-82
Aplcal_XP_012936369.1	197	487	Hist_deacetyl	PF00850.24	3.5e-82
Tadh_XP_002112946.1	28	316	Hist_deacetyl	PF00850.24	3.1e-82
Aplcal_XP_005095559.1	197	487	Hist_deacetyl	PF00850.24	3.5e-82
Pigvie_Pvie_g2020	450	774	Hist_deacetyl	PF00850.24	3.6e-82
Bmal_XP_042934258.1	24	316	Hist_deacetyl	PF00850.24	3.5e-82
Tadh_XP_002112654.1	49	254	Hist_deacetyl	PF00850.24	2.6e-62
Tadh_XP_002112654.1	253	323	Hist_deacetyl	PF00850.24	4e-19
Smoe_XP_024543730.1	48	328	Hist_deacetyl	PF00850.24	4.5e-82
Cfra_CFRG6284T1	20	329	Hist_deacetyl	PF00850.24	5.4e-82
Mpol_BFI33242.1	67	358	Hist_deacetyl	PF00850.24	7e-82
Sarc_XP_014154981.1	1	254	Hist_deacetyl	PF00850.24	9e-82
Scar_TMS37730.1	56	356	Hist_deacetyl	PF00850.24	6.7e-71
Scar_TMS37730.1	509	590	Hist_deacetyl	PF00850.24	3.2e-10
Bxyl_CAG9099835.1	23	312	Hist_deacetyl	PF00850.24	1.4e-81
Otau_XP_003081007.1	54	353	Hist_deacetyl	PF00850.24	1.4e-81
Cele_NP_495678.1	48	337	Hist_deacetyl	PF00850.24	1.6e-81
Sollyc_XP_004241339.1	49	340	Hist_deacetyl	PF00850.24	1.9e-81
Bmor_XP_037872417.1	26	312	Hist_deacetyl	PF00850.24	2.3e-81
Bmor_XP_037872418.1	26	312	Hist_deacetyl	PF00850.24	2.3e-81
Bnap_XP_013672638.1	48	357	Hist_deacetyl	PF00850.24	3.7e-81
Asuu_AgR001_g360_t05	28	323	Hist_deacetyl	PF00850.24	2.7e-81
Pigchi_Pchi_g879	546	869	Hist_deacetyl	PF00850.24	3.8e-81
Lpol_XP_013788861.1	40	274	Hist_deacetyl	PF00850.24	3.4e-81
Drer_NP_998596.1	35	321	Hist_deacetyl	PF00850.24	3.7e-81
Ccri_XP_005715783.1	23	288	Hist_deacetyl	PF00850.24	4.4e-81
Echgra_XP_024354946.1	720	870	Hist_deacetyl	PF00850.24	1.7e-26
Echgra_XP_024354946.1	910	1080	Hist_deacetyl	PF00850.24	4.7e-53
Lloa_XP_020305995.1	32	313	Hist_deacetyl	PF00850.24	5e-81
Cint_XP_018669305.1	576	903	Hist_deacetyl	PF00850.24	1.4e-80
Lloa_XP_020301253.1	32	313	Hist_deacetyl	PF00850.24	6.5e-81
Cint_XP_002128142.1	605	932	Hist_deacetyl	PF00850.24	1.5e-80
Mesc_XP_021631442.1	111	367	Hist_deacetyl	PF00850.24	7.1e-81
Ttri_CDW52926.1	400	712	Hist_deacetyl	PF00850.24	9.4e-81
Asuu_AgR040X_g070_t04	31	328	Hist_deacetyl	PF00850.24	9.3e-81
Awhi_Unigene1150_Abeoforma_whisleri|m.1129	27	320	Hist_deacetyl	PF00850.24	1.1e-80
Asuu_AgR040X_g070_t06	31	326	Hist_deacetyl	PF00850.24	8.9e-81
Sbat_VDP02973.1	36	332	Hist_deacetyl	PF00850.24	1e-80
Tbri_KRY47842.1	27	337	Hist_deacetyl	PF00850.24	1.8e-80
Tsui_KHJ43434.1	117	429	Hist_deacetyl	PF00850.24	2.5e-80
Sman_XP_018650639.1	265	414	Hist_deacetyl	PF00850.24	6.4e-28
Sman_XP_018650639.1	453	613	Hist_deacetyl	PF00850.24	3.6e-51
Tnel_KRX24285.1	27	318	Hist_deacetyl	PF00850.24	1.9e-80
Asuu_AgR040X_g070_t03	31	328	Hist_deacetyl	PF00850.24	2.2e-80
Asuu_AgR040X_g070_t08	31	328	Hist_deacetyl	PF00850.24	2.2e-80
Asuu_AgR040X_g070_t05	52	349	Hist_deacetyl	PF00850.24	2.4e-80
Trimur_TMUE_0000001919	296	608	Hist_deacetyl	PF00850.24	4.1e-80
Tnel_KRX24286.1	27	339	Hist_deacetyl	PF00850.24	8.9e-80
Hpol_VDO90134.1	250	512	Hist_deacetyl	PF00850.24	5.1e-80
Trimur_TMUE_3000014230	398	710	Hist_deacetyl	PF00850.24	5.7e-80
Scar_TMS35171.1	23	312	Hist_deacetyl	PF00850.24	5.9e-80
Priarc_PARCANUS000000330.t1	25	313	Hist_deacetyl	PF00850.24	6.7e-80
Trimur_TMUE_2000009445	32	322	Hist_deacetyl	PF00850.24	1.2e-79
Mjap_MIJAPON000003596.t1	20	309	Hist_deacetyl	PF00850.24	1.2e-79
Diplco_DCO_009644	21	309	Hist_deacetyl	PF00850.24	1.4e-79
Clim_Clim_evm60s147	108	400	Hist_deacetyl	PF00850.24	1.9e-79
Mesc_XP_021608951.1	43	317	Hist_deacetyl	PF00850.24	1.9e-79
Mesc_XP_021609017.1	43	317	Hist_deacetyl	PF00850.24	1.9e-79
Mesc_XP_021609042.1	43	317	Hist_deacetyl	PF00850.24	1.9e-79
Mesc_XP_043815094.1	43	317	Hist_deacetyl	PF00850.24	1.9e-79
Diplco_DCO_009643	21	309	Hist_deacetyl	PF00850.24	2e-79
Psp.PS1159_PS1159_v2.g20306.t1	23	312	Hist_deacetyl	PF00850.24	6.5e-79
Dpul_XP_046456637.1	47	330	Hist_deacetyl	PF00850.24	7.6e-79
Hpol_VDP46097.1	1	307	Hist_deacetyl	PF00850.24	7.5e-78
Ovol_OVOC11077	26	335	Hist_deacetyl	PF00850.24	2e-78
Mlei_ML003214a-PA	1	255	Hist_deacetyl	PF00850.24	2.1e-78
Cele_NP_741051.1	26	316	Hist_deacetyl	PF00850.24	3.4e-78
Tbri_KRY46101.1	1015	1305	Hist_deacetyl	PF00850.24	8e-78
Tbri_KRY46104.1	1015	1305	Hist_deacetyl	PF00850.24	8e-78
Tbri_KRY46100.1	1034	1324	Hist_deacetyl	PF00850.24	8.1e-78
Bdis_XP_003566818.3	101	418	Hist_deacetyl	PF00850.24	3.8e-78
Tspi_XP_003370783.1	640	930	Hist_deacetyl	PF00850.24	5.1e-78
Tbri_KRY46102.1	1015	1305	Hist_deacetyl	PF00850.24	6.8e-78
Tbri_KRY46099.1	1015	1305	Hist_deacetyl	PF00850.24	7.1e-78
Tnat_KRZ57452.1	1013	1303	Hist_deacetyl	PF00850.24	6.8e-78
Tnat_KRZ57453.1	1013	1303	Hist_deacetyl	PF00850.24	7.3e-78
Tnat_KRZ57454.1	1013	1303	Hist_deacetyl	PF00850.24	7.8e-78
Tnel_KRX14069.1	40	330	Hist_deacetyl	PF00850.24	9.4e-78
Acey_EYC29333.1	24	274	Hist_deacetyl	PF00850.24	6.9e-78
Tbri_KRY46103.1	844	1134	Hist_deacetyl	PF00850.24	7.5e-78
Tnat_KRZ57451.1	843	1133	Hist_deacetyl	PF00850.24	7.2e-78
Tnel_KRX14068.1	40	330	Hist_deacetyl	PF00850.24	1.3e-77
Drer_XP_005166564.1	2	254	Hist_deacetyl	PF00850.24	9.5e-78
Clim_Clim_evm107s88	25	333	Hist_deacetyl	PF00850.24	2.7e-77
Tspi_XP_003373550.1	17	321	Hist_deacetyl	PF00850.24	3.8e-77
Ddip_jg22532	51	308	Hist_deacetyl	PF00850.24	4.1e-77
Emue_Em0011g119a	23	251	Hist_deacetyl	PF00850.24	6.6e-66
Emue_Em0011g119a	272	328	Hist_deacetyl	PF00850.24	7.3e-10
Tadh_XP_002114310.1	66	289	Hist_deacetyl	PF00850.24	1.4e-76
Smar_SMAR006944-PA	18	241	Hist_deacetyl	PF00850.24	4.4e-77
Hsap_NP_001397658.1	35	298	Hist_deacetyl	PF00850.24	6.4e-77
Pigvie_Pvie_g12268	20	243	Hist_deacetyl	PF00850.24	7.3e-77
Ttri_CDW60204.1	31	324	Hist_deacetyl	PF00850.24	8.9e-77
Smed_h1SMcT0014225.2	70	323	Hist_deacetyl	PF00850.24	1.5e-76
Hsap_NP_001152758.1	25	249	Hist_deacetyl	PF00850.24	5.3e-67
Zmay_XP_008668621.1	26	247	Hist_deacetyl	PF00850.24	2.6e-76
Tspi_XP_003372672.1	32	312	Hist_deacetyl	PF00850.24	2.9e-75
Hpol_VDP00411.1	30	317	Hist_deacetyl	PF00850.24	5.8e-76
Ddip_jg22530	3	271	Hist_deacetyl	PF00850.24	3.1e-75
Drer_XP_068074440.1	263	554	Hist_deacetyl	PF00850.24	1.3e-75
Drer_XP_068078115.1	263	554	Hist_deacetyl	PF00850.24	1.3e-75
Drer_XP_021327490.1	353	644	Hist_deacetyl	PF00850.24	1.7e-75
Drer_XP_021332880.1	353	644	Hist_deacetyl	PF00850.24	1.7e-75
Drer_XP_017212141.1	352	643	Hist_deacetyl	PF00850.24	1.8e-75
Drer_XP_021332879.1	352	643	Hist_deacetyl	PF00850.24	1.8e-75
Drer_XP_017212138.1	353	644	Hist_deacetyl	PF00850.24	1.8e-75
Drer_XP_021332878.1	353	644	Hist_deacetyl	PF00850.24	1.8e-75
Mbel_CAJ0951549.1	12	300	Hist_deacetyl	PF00850.24	1.9e-75
Scar_TKR82756.1	33	271	Hist_deacetyl	PF00850.24	1.5e-75
Ggal_XP_040506813.1	1	204	Hist_deacetyl	PF00850.24	2.3e-71
Ggal_XP_040506820.1	1	204	Hist_deacetyl	PF00850.24	2.3e-71
Ecur_TVU51117.1	101	390	Hist_deacetyl	PF00850.24	4.9e-74
Pgem_Unigene40681_Pirum_gemmata|m.25254	1	189	Hist_deacetyl	PF00850.24	4.8e-75
Otip_Oti_12415_t	23	320	Hist_deacetyl	PF00850.24	7.3e-75
Twil_T_wilhelma_c24874_g3_i1|m.12804	54	308	Hist_deacetyl	PF00850.24	8.3e-75
Srat_XP_024505678.1	640	931	Hist_deacetyl	PF00850.24	1.1e-74
Scar_TMS37732.1	48	261	Hist_deacetyl	PF00850.24	9.7e-75
Ggal_XP_004940661.1	117	338	Hist_deacetyl	PF00850.24	1.2e-74
Mlei_ML02442a-PA	716	1019	Hist_deacetyl	PF00850.24	2e-74
Cscu_XP_023226184.1	8	230	Hist_deacetyl	PF00850.24	1.7e-74
Otip_Oti_9761_t	31	229	Hist_deacetyl	PF00850.24	2.6e-74
Pgem_Unigene653_Pirum_gemmata|m.513	1	221	Hist_deacetyl	PF00850.24	2.1e-74
Hcon_XGW08004.1	26	316	Hist_deacetyl	PF00850.24	7.8e-74
Hcon_XGW08002.1	26	316	Hist_deacetyl	PF00850.24	7.8e-74
Hcon_XGW08000.1	26	316	Hist_deacetyl	PF00850.24	7.8e-74
Hcon_XGW08001.1	26	316	Hist_deacetyl	PF00850.24	7.8e-74
Tsui_KHJ45902.1	72	344	Hist_deacetyl	PF00850.24	2.4e-71
Mjap_MIJAPON000009394.t1	28	317	Hist_deacetyl	PF00850.24	1.9e-73
Spur_XP_030846802.1	671	925	Hist_deacetyl	PF00850.24	7.7e-73
Ddip_jg12380	15	246	Hist_deacetyl	PF00850.24	3.5e-73
Acey_EYC41102.1	26	316	Hist_deacetyl	PF00850.24	3.6e-73
Acey_EYC41101.1	26	316	Hist_deacetyl	PF00850.24	3.6e-73
Ecur_TVT99175.1	558	846	Hist_deacetyl	PF00850.24	7.7e-72
Scil_XP_065196240.1	980	1293	Hist_deacetyl	PF00850.24	5.7e-73
Scil_XP_065196241.1	980	1293	Hist_deacetyl	PF00850.24	5.7e-73
Pgem_Unigene39954_Pirum_gemmata|m.24760	159	448	Hist_deacetyl	PF00850.24	9.5e-73
Smar_SMAR013907-PA	22	176	Hist_deacetyl	PF00850.24	7e-40
Smar_SMAR013907-PA	170	256	Hist_deacetyl	PF00850.24	3.7e-20
Smar_SMAR013907-PA	275	333	Hist_deacetyl	PF00850.24	3.5e-11
Cscu_XP_023218451.1	2	207	Hist_deacetyl	PF00850.24	1.4e-72
Pigvie_Pvie_g6508	173	457	Hist_deacetyl	PF00850.24	1.7e-72
Srat_XP_024502493.1	12	305	Hist_deacetyl	PF00850.24	3.6e-72
Diplco_DCO_009821	26	314	Hist_deacetyl	PF00850.24	4.7e-72
Diplco_DCO_009822	26	314	Hist_deacetyl	PF00850.24	5.5e-72
Sollyc_XP_010312921.1	122	367	Hist_deacetyl	PF00850.24	8.2e-72
Hpol_VDO72940.1	27	316	Hist_deacetyl	PF00850.24	8.4e-72
Crei_XP_042919507.1	479	760	Hist_deacetyl	PF00850.24	2.8e-64
Asuu_AgR056_g010_t03	3	200	Hist_deacetyl	PF00850.24	2.1e-71
Ttri_CDW58774.1	22	312	Hist_deacetyl	PF00850.24	2.9e-71
Ttri_CDW53525.1	3	193	Hist_deacetyl	PF00850.24	5.9e-71
Sros_XP_004994549.1	28	341	Hist_deacetyl	PF00850.24	1.2e-70
Sman_XP_018647821.1	612	843	Hist_deacetyl	PF00850.24	5.4e-48
Sman_XP_018647821.1	1068	1197	Hist_deacetyl	PF00850.24	1.1e-20
Btab_XP_018912076.1	9	213	Hist_deacetyl	PF00850.24	2e-70
Priarc_PARCANUS000016635.t1	46	335	Hist_deacetyl	PF00850.24	3e-70
Zmay_NP_001142413.1	54	291	Hist_deacetyl	PF00850.24	3.9e-70
Bnap_XP_048609676.1	29	253	Hist_deacetyl	PF00850.24	7.9e-70
Scar_TKR87914.1	52	340	Hist_deacetyl	PF00850.24	1.3e-69
Echgra_XP_024352430.1	672	892	Hist_deacetyl	PF00850.24	1.6e-49
Echgra_XP_024352430.1	974	1065	Hist_deacetyl	PF00850.24	1.5e-18
Wban_VDM10040.1	24	293	Hist_deacetyl	PF00850.24	1.5e-67
Atha_NP_001320319.1	39	277	Hist_deacetyl	PF00850.24	2.5e-69
Otip_Oti_12346_t	27	316	Hist_deacetyl	PF00850.24	4.4e-69
Asuu_AgR056_g010_t05	2	182	Hist_deacetyl	PF00850.24	5.7e-69
Mbel_CAJ0916907.1	66	292	Hist_deacetyl	PF00850.24	1.1e-68
Hpol_VDP52550.1	8	179	Hist_deacetyl	PF00850.24	1.6e-68
Ggal_XP_015133869.1	105	280	Hist_deacetyl	PF00850.24	2.6e-61
Cper_Nk52_evm14s212	137	574	Hist_deacetyl	PF00850.24	1.9e-67
Ever_VDD94566.1	31	251	Hist_deacetyl	PF00850.24	1.5e-63
Hsap_NP_001397656.1	35	187	Hist_deacetyl	PF00850.24	3.2e-40
Hsap_NP_001397656.1	184	294	Hist_deacetyl	PF00850.24	1.3e-27
Hsap_XP_016885129.2	35	187	Hist_deacetyl	PF00850.24	3.7e-40
Hsap_XP_016885129.2	184	294	Hist_deacetyl	PF00850.24	1.5e-27
Tsui_KHJ42975.1	774	1051	Hist_deacetyl	PF00850.24	1.2e-67
Plae_KAI0978815.1	29	249	Hist_deacetyl	PF00850.24	1.6e-67
Pigchi_Pchi_g973	1	178	Hist_deacetyl	PF00850.24	2.4e-67
Lcom_lcpid135988|	43	258	Hist_deacetyl	PF00850.24	2.8e-67
Hsap_XP_047298212.1	3	191	Hist_deacetyl	PF00850.24	3.7e-67
Ever_VDD86940.1	27	317	Hist_deacetyl	PF00850.24	8.5e-67
Pigchi_Pchi_g14324	23	237	Hist_deacetyl	PF00850.24	7.3e-67
Sypmur_SMUV_0000759801-mRNA-1	27	317	Hist_deacetyl	PF00850.24	1.4e-66
Ppur_KAA8496514.1	23	301	Hist_deacetyl	PF00850.24	1.2e-66
Clim_Clim_evm13s153	34	367	Hist_deacetyl	PF00850.24	1.2e-66
Sros_XP_004987917.1	201	498	Hist_deacetyl	PF00850.24	2.1e-66
Ccri_XP_005718227.1	26	256	Hist_deacetyl	PF00850.24	3.1e-66
Trimur_TMUE_1000005622	5	217	Hist_deacetyl	PF00850.24	3e-66
Otau_XP_022839626.1	306	697	Hist_deacetyl	PF00850.24	6e-66
Awhi_Unigene13190_Abeoforma_whisleri|m.8553	332	575	Hist_deacetyl	PF00850.24	7.4e-66
Awhi_Unigene13189_Abeoforma_whisleri|m.8550	346	589	Hist_deacetyl	PF00850.24	7.8e-66
Atha_NP_198410.1	30	320	Hist_deacetyl	PF00850.24	7.3e-66
Ecur_TVU26304.1	1	181	Hist_deacetyl	PF00850.24	2.3e-65
Hcon_XGW08003.1	29	267	Hist_deacetyl	PF00850.24	2.5e-65
Lpol_XP_022254399.1	614	850	Hist_deacetyl	PF00850.24	2.1e-65
Aplcal_XP_012936370.1	197	352	Hist_deacetyl	PF00850.24	1.4e-39
Aplcal_XP_012936370.1	351	461	Hist_deacetyl	PF00850.24	2.2e-24
Cowc_XP_011270701.1	29	362	Hist_deacetyl	PF00850.24	2e-64
Asuu_AgR056_g010_t01	3	178	Hist_deacetyl	PF00850.24	3.9e-64
Asuu_AgR056_g010_t02	3	178	Hist_deacetyl	PF00850.24	3.9e-64
Asuu_AgR056_g010_t04	3	178	Hist_deacetyl	PF00850.24	3.9e-64
Ccri_XP_005717232.1	84	370	Hist_deacetyl	PF00850.24	5.3e-64
Mjap_MIJAPON000002019.t1	1	172	Hist_deacetyl	PF00850.24	6.7e-64
Gpal_Gpal_D383_g02182.t1	19	260	Hist_deacetyl	PF00850.24	1.1e-63
Twil_T_wilhelma_c33325_g1_i7|m.54295	572	787	Hist_deacetyl	PF00850.24	1e-63
Lsat_XP_052623853.1	160	360	Hist_deacetyl	PF00850.24	1.8e-63
Gpal_Gpal_D383_g02182.t2	7	246	Hist_deacetyl	PF00850.24	2.8e-63
Rcul_nRc.2.0.1.t16965-RA	1	168	Hist_deacetyl	PF00850.24	3.3e-63
Clim_Clim_evm4s40	281	558	Hist_deacetyl	PF00850.24	8.2e-63
Crei_XP_042925846.1	288	612	Hist_deacetyl	PF00850.24	1e-62
Asuu_AgR040X_g070_t01	7	200	Hist_deacetyl	PF00850.24	1.5e-62
Asuu_AgR040X_g070_t02	7	200	Hist_deacetyl	PF00850.24	2e-62
Asuu_AgR040X_g070_t07	7	200	Hist_deacetyl	PF00850.24	2e-62
Asuu_AgR040X_g070_t09	7	200	Hist_deacetyl	PF00850.24	2e-62
Bnap_XP_022565628.1	36	325	Hist_deacetyl	PF00850.24	4.9e-62
Dimm_MCP9261530.1	24	133	Hist_deacetyl	PF00850.24	2.7e-14
Dimm_MCP9261530.1	138	305	Hist_deacetyl	PF00850.24	1.9e-46
Hsap_NP_001159891.1	35	249	Hist_deacetyl	PF00850.24	5.8e-62
Mhap_MhA1_Contig407.frz3.gene2	60	298	Hist_deacetyl	PF00850.24	7.2e-62
Bnap_XP_013737740.2	35	325	Hist_deacetyl	PF00850.24	1e-61
Spur_XP_030836837.1	98	365	Hist_deacetyl	PF00850.24	8.4e-62
Asuu_AgR056_g010_t06	2	160	Hist_deacetyl	PF00850.24	8.3e-62
Asuu_AgR056_g010_t07	2	160	Hist_deacetyl	PF00850.24	8.3e-62
Spur_XP_030836836.1	98	365	Hist_deacetyl	PF00850.24	1e-61
Ofus_CAH1783536.1	39	321	Hist_deacetyl	PF00850.24	9.6e-62
Ofus_CAH1783533.1	39	321	Hist_deacetyl	PF00850.24	1.4e-61
Lpol_XP_013773955.2	267	483	Hist_deacetyl	PF00850.24	5.5e-59
Sman_XP_018648384.1	23	355	Hist_deacetyl	PF00850.24	2.6e-60
Hsap_NP_001159890.1	50	229	Hist_deacetyl	PF00850.24	6e-61
Hsap_NP_001397657.1	50	229	Hist_deacetyl	PF00850.24	7.7e-61
Lsig_VDK88392.1	25	345	Hist_deacetyl	PF00850.24	1.3e-59
Aplcal_XP_035828397.1	29	290	Hist_deacetyl	PF00850.24	1.6e-60
Aplcal_XP_005100022.1	46	325	Hist_deacetyl	PF00850.24	1.9e-60
Ofus_CAH1783534.1	39	331	Hist_deacetyl	PF00850.24	1.6e-60
Lpol_XP_022258204.1	33	313	Hist_deacetyl	PF00850.24	1.7e-60
Lpol_XP_022258205.1	33	313	Hist_deacetyl	PF00850.24	1.7e-60
Wban_VDM10903.1	24	306	Hist_deacetyl	PF00850.24	2.5e-60
Ofus_CAH1783532.1	39	331	Hist_deacetyl	PF00850.24	2.1e-60
Lpol_XP_013790279.1	53	333	Hist_deacetyl	PF00850.24	2.1e-60
Bnap_XP_048638595.1	37	314	Hist_deacetyl	PF00850.24	2.8e-60
Pigchi_Pchi_g9380	4	203	Hist_deacetyl	PF00850.24	3.4e-60
Psp.PS1159_PS1159_v2.g7096.t1	1	187	Hist_deacetyl	PF00850.24	3.8e-60
Aplcal_XP_012938883.1	46	335	Hist_deacetyl	PF00850.24	5.1e-60
Ppat_XP_024378465.1	52	330	Hist_deacetyl	PF00850.24	5e-60
Ppat_XP_024378466.1	52	330	Hist_deacetyl	PF00850.24	5e-60
Cvir_XP_022300477.1	53	332	Hist_deacetyl	PF00850.24	5.4e-60
Cvir_XP_022300479.1	53	332	Hist_deacetyl	PF00850.24	5.4e-60
Ppat_XP_024378461.1	79	357	Hist_deacetyl	PF00850.24	6.4e-60
Ppat_XP_024378462.1	79	357	Hist_deacetyl	PF00850.24	6.4e-60
Cvir_XP_022300476.1	53	332	Hist_deacetyl	PF00850.24	5.5e-60
Ppat_XP_024378463.1	78	356	Hist_deacetyl	PF00850.24	6.4e-60
Ppat_XP_024378464.1	78	356	Hist_deacetyl	PF00850.24	6.4e-60
Cvir_XP_022300475.1	53	332	Hist_deacetyl	PF00850.24	6.3e-60
Echgra_XP_024347797.1	76	359	Hist_deacetyl	PF00850.24	7.2e-60
Cvir_XP_022300473.1	53	332	Hist_deacetyl	PF00850.24	7.3e-60
Cvir_XP_022300474.1	53	332	Hist_deacetyl	PF00850.24	7.3e-60
Cvir_XP_022301249.1	53	332	Hist_deacetyl	PF00850.24	7.2e-60
Cvir_XP_022301248.1	53	332	Hist_deacetyl	PF00850.24	7.3e-60
Mpol_BFI30747.1	140	410	Hist_deacetyl	PF00850.24	8.1e-60
Cvir_XP_022301247.1	53	332	Hist_deacetyl	PF00850.24	8.4e-60
Cvir_XP_022301246.1	53	332	Hist_deacetyl	PF00850.24	9.7e-60
Lloa_XP_003139259.1	24	306	Hist_deacetyl	PF00850.24	1.1e-59
Bnap_XP_013721704.3	52	338	Hist_deacetyl	PF00850.24	1.1e-59
Bnap_XP_048590824.1	52	338	Hist_deacetyl	PF00850.24	1.2e-59
Ovol_OVOC9792	28	310	Hist_deacetyl	PF00850.24	1.3e-59
Mbel_CAJ0955629.1	25	272	Hist_deacetyl	PF00850.24	1.3e-59
Otau_XP_022839545.1	384	742	Hist_deacetyl	PF00850.24	1e-58
Aplcal_XP_005100021.1	46	335	Hist_deacetyl	PF00850.24	2e-59
Aplcal_XP_012938882.1	46	335	Hist_deacetyl	PF00850.24	2e-59
Aplcal_XP_035826077.1	46	335	Hist_deacetyl	PF00850.24	2e-59
Drer_XP_001920667.4	72	330	Hist_deacetyl	PF00850.24	2.2e-59
Lsat_XP_023768687.1	120	401	Hist_deacetyl	PF00850.24	3.8e-59
Avit_KAL3995197.1	24	306	Hist_deacetyl	PF00850.24	5.5e-59
Sollyc_XP_004245106.1	54	336	Hist_deacetyl	PF00850.24	4e-59
Ppat_XP_024399154.1	52	333	Hist_deacetyl	PF00850.24	4.7e-59
Crei_XP_042921739.1	125	388	Hist_deacetyl	PF00850.24	7.2e-59
Ggal_XP_015148552.2	7	288	Hist_deacetyl	PF00850.24	7.4e-59
Ggal_XP_025010230.2	7	288	Hist_deacetyl	PF00850.24	7.4e-59
Ggal_XP_046755849.1	7	288	Hist_deacetyl	PF00850.24	7.4e-59
Ggal_XP_046755850.1	7	288	Hist_deacetyl	PF00850.24	7.4e-59
Ggal_XP_046755851.1	7	288	Hist_deacetyl	PF00850.24	7.4e-59
Ggal_XP_046755852.1	7	288	Hist_deacetyl	PF00850.24	7.4e-59
Mjap_MIJAPON000005745.t1	92	370	Hist_deacetyl	PF00850.24	8.6e-59
Apla_XP_022104034.1	99	383	Hist_deacetyl	PF00850.24	8e-59
Mbel_CAJ0954675.1	104	382	Hist_deacetyl	PF00850.24	1e-58
Ggal_NP_001264070.2	35	316	Hist_deacetyl	PF00850.24	9.8e-59
Cowc_XP_004345664.2	44	325	Hist_deacetyl	PF00850.24	1.4e-58
Lana_XP_013407764.1	63	340	Hist_deacetyl	PF00850.24	1.6e-58
Bnap_XP_013655335.1	104	290	Hist_deacetyl	PF00850.24	1.8e-58
Apla_XP_022104035.1	99	392	Hist_deacetyl	PF00850.24	1.8e-58
Bnap_XP_013655205.1	156	342	Hist_deacetyl	PF00850.24	2.4e-58
Avag_UJR13386.1	45	328	Hist_deacetyl	PF00850.24	2e-58
Hsap_NP_079103.2	35	316	Hist_deacetyl	PF00850.24	2e-58
Apla_XP_022104033.1	99	392	Hist_deacetyl	PF00850.24	2.2e-58
Acey_EYC09481.1	5	170	Hist_deacetyl	PF00850.24	2.6e-58
Skow_XP_006817070.1	60	341	Hist_deacetyl	PF00850.24	2.8e-58
Qlob_XP_030946741.1	97	378	Hist_deacetyl	PF00850.24	3.1e-58
Skow_XP_002735241.2	79	360	Hist_deacetyl	PF00850.24	3.3e-58
Cvir_XP_022323690.1	69	338	Hist_deacetyl	PF00850.24	3.8e-58
Skow_XP_006818737.1	3	262	Hist_deacetyl	PF00850.24	3.8e-58
Lana_XP_013421099.1	74	336	Hist_deacetyl	PF00850.24	4.9e-58
Tspi_XP_003367453.1	2	175	Hist_deacetyl	PF00850.24	4.9e-58
Dmel_NP_001247296.1	51	334	Hist_deacetyl	PF00850.24	4.4e-58
Dmel_NP_733048.1	51	334	Hist_deacetyl	PF00850.24	4.4e-58
Blan_XP_066284562.1	41	323	Hist_deacetyl	PF00850.24	6e-58
Blan_XP_066284561.1	48	330	Hist_deacetyl	PF00850.24	6.5e-58
Cvir_XP_022323688.1	69	334	Hist_deacetyl	PF00850.24	7.8e-58
Cvir_XP_022323689.1	69	334	Hist_deacetyl	PF00850.24	7.8e-58
Pgem_Unigene3724_Pirum_gemmata|m.2593	81	363	Hist_deacetyl	PF00850.24	1.3e-57
Ttri_CDW59548.1	386	575	Hist_deacetyl	PF00850.24	1.3e-57
Mtru_XP_003589022.1	52	333	Hist_deacetyl	PF00850.24	1.1e-57
Bxyl_CAG9122890.1	59	337	Hist_deacetyl	PF00850.24	1.3e-57
Rchi_XP_024167416.1	99	378	Hist_deacetyl	PF00850.24	1.3e-57
Bdis_XP_003563722.1	56	337	Hist_deacetyl	PF00850.24	1.5e-57
Apla_XP_022092756.1	43	306	Hist_deacetyl	PF00850.24	2.7e-57
Crei_XP_042917102.1	97	360	Hist_deacetyl	PF00850.24	2e-57
Apla_XP_022092757.1	30	293	Hist_deacetyl	PF00850.24	2.3e-57
Apla_XP_022092755.1	67	330	Hist_deacetyl	PF00850.24	3.4e-57
Ddip_jg12738	12	106	Hist_deacetyl	PF00850.24	2.7e-11
Ddip_jg12738	120	292	Hist_deacetyl	PF00850.24	9.6e-45
Mpol_BFI29395.1	83	364	Hist_deacetyl	PF00850.24	2.2e-57
Smed_h1SMcT0009208.1	64	324	Hist_deacetyl	PF00850.24	2.2e-57
Pvan_XP_027226797.1	63	325	Hist_deacetyl	PF00850.24	3e-57
Lana_XP_013407762.1	63	351	Hist_deacetyl	PF00850.24	4.3e-57
Lana_XP_013407763.1	63	351	Hist_deacetyl	PF00850.24	4.3e-57
Osat_XP_015640935.1	56	337	Hist_deacetyl	PF00850.24	4.7e-57
Apla_XP_022092759.1	3	260	Hist_deacetyl	PF00850.24	6e-57
Smar_SMAR005114-PA	54	337	Hist_deacetyl	PF00850.24	6.5e-57
Cscu_XP_023244507.1	42	318	Hist_deacetyl	PF00850.24	6.9e-57
Smoe_XP_024539301.1	75	348	Hist_deacetyl	PF00850.24	8.1e-57
Smoe_XP_024539309.1	75	348	Hist_deacetyl	PF00850.24	8.1e-57
Smoe_XP_024539317.1	75	348	Hist_deacetyl	PF00850.24	8.1e-57
Smoe_XP_024518643.1	55	333	Hist_deacetyl	PF00850.24	8.1e-57
Cscu_XP_023244505.1	51	327	Hist_deacetyl	PF00850.24	7.5e-57
Cofcan_CDP08252.1	63	344	Hist_deacetyl	PF00850.24	8.5e-57
Smoe_XP_024531872.1	75	348	Hist_deacetyl	PF00850.24	9e-57
Pvan_XP_069999594.1	3	259	Hist_deacetyl	PF00850.24	8.8e-57
Pvan_XP_069999600.1	3	259	Hist_deacetyl	PF00850.24	8.8e-57
Tura_XP_048545284.1	59	340	Hist_deacetyl	PF00850.24	9.1e-57
Cint_XP_009862064.1	52	331	Hist_deacetyl	PF00850.24	1.3e-56
Atri_XP_011627245.1	61	340	Hist_deacetyl	PF00850.24	2e-56
Pigvie_Pvie_g10174	57	342	Hist_deacetyl	PF00850.24	2e-56
Smoe_XP_002983811.1	55	333	Hist_deacetyl	PF00850.24	2.2e-56
Smoe_XP_024539324.1	26	287	Hist_deacetyl	PF00850.24	2.7e-56
Mbel_CAJ0932412.1	24	217	Hist_deacetyl	PF00850.24	2.5e-56
Rvar_GAV09043.1	55	331	Hist_deacetyl	PF00850.24	3.3e-56
Xtro_XP_031757153.1	35	316	Hist_deacetyl	PF00850.24	4.1e-56
Rvar_GAV09044.1	99	375	Hist_deacetyl	PF00850.24	4.8e-56
Srat_XP_024500095.1	49	331	Hist_deacetyl	PF00850.24	5.1e-56
Psat_XP_050892289.1	52	333	Hist_deacetyl	PF00850.24	5.9e-56
Awhi_Unigene33499_Abeoforma_whisleri|m.20908	232	506	Hist_deacetyl	PF00850.24	7.7e-56
Ddip_jg7875	348	629	Hist_deacetyl	PF00850.24	9.3e-56
Otau_XP_003083651.2	46	321	Hist_deacetyl	PF00850.24	6.9e-56
Tnel_KRX26577.1	45	325	Hist_deacetyl	PF00850.24	7.6e-56
Ecur_TVU33115.1	74	355	Hist_deacetyl	PF00850.24	8.6e-56
Blan_XP_066284564.1	5	271	Hist_deacetyl	PF00850.24	8.1e-56
Bnap_XP_013643778.2	93	370	Hist_deacetyl	PF00850.24	1e-55
Smoe_XP_024544621.1	55	351	Hist_deacetyl	PF00850.24	1.1e-55
Priarc_PARCANUS000021307.t1	75	354	Hist_deacetyl	PF00850.24	1.2e-55
Zmay_NP_001266493.2	55	336	Hist_deacetyl	PF00850.24	1.1e-55
Crei_XP_042919666.1	513	658	Hist_deacetyl	PF00850.24	4.4e-37
Crei_XP_042919666.1	838	929	Hist_deacetyl	PF00850.24	6.4e-18
Avit_KAL3984944.1	61	342	Hist_deacetyl	PF00850.24	1.9e-55
Asuu_AgB02_g469_t01	66	347	Hist_deacetyl	PF00850.24	2e-55
Asuu_AgB02_g469_t03	66	347	Hist_deacetyl	PF00850.24	2e-55
Asuu_AgB02_g469_t06	66	347	Hist_deacetyl	PF00850.24	2e-55
Asuu_AgB02_g469_t07	66	347	Hist_deacetyl	PF00850.24	2e-55
Asuu_AgB02_g469_t08	66	347	Hist_deacetyl	PF00850.24	2e-55
Btab_XP_018916208.1	52	329	Hist_deacetyl	PF00850.24	2.3e-55
Atha_NP_568480.2	93	370	Hist_deacetyl	PF00850.24	2.5e-55
Lsat_XP_052622485.1	97	305	Hist_deacetyl	PF00850.24	5.4e-55
Dimm_MCP9264369.1	67	274	Hist_deacetyl	PF00850.24	3.7e-53
Tspi_XP_003373888.1	45	321	Hist_deacetyl	PF00850.24	3.5e-55
Bnap_XP_013644009.2	93	370	Hist_deacetyl	PF00850.24	3.8e-55
Spur_XP_030853168.1	142	425	Hist_deacetyl	PF00850.24	4.1e-55
Ttri_CDW57564.1	46	328	Hist_deacetyl	PF00850.24	4e-55
Hsap_NP_001129513.1	60	265	Hist_deacetyl	PF00850.24	1.5e-47
Drer_XP_021335266.1	46	335	Hist_deacetyl	PF00850.24	5.6e-55
Cscu_XP_023244508.1	6	258	Hist_deacetyl	PF00850.24	6.8e-55
Mhap_MhA1_Contig546.frz3.gene3	29	146	Hist_deacetyl	PF00850.24	3.8e-19
Mhap_MhA1_Contig546.frz3.gene3	147	272	Hist_deacetyl	PF00850.24	1.8e-34
Tsui_KHJ48724.1	46	328	Hist_deacetyl	PF00850.24	7.2e-55
Clim_Clim_evm14s248	133	381	Hist_deacetyl	PF00850.24	1.4e-54
Hduj_OQV18385.1	73	345	Hist_deacetyl	PF00850.24	1.2e-54
Hcon_XGW06486.1	63	341	Hist_deacetyl	PF00850.24	1.9e-54
Drer_NP_001002171.1	46	326	Hist_deacetyl	PF00850.24	1.8e-54
Spur_XP_030855790.1	142	434	Hist_deacetyl	PF00850.24	2e-54
Mesc_XP_021606121.1	99	381	Hist_deacetyl	PF00850.24	1.9e-54
Spur_XP_030853161.1	142	434	Hist_deacetyl	PF00850.24	2.6e-54
Ppur_KAA8493319.1	35	302	Hist_deacetyl	PF00850.24	3.9e-54
Eela_EEL_0000824901-mRNA-1	61	351	Hist_deacetyl	PF00850.24	3.8e-54
Lloa_XP_020305394.1	61	384	Hist_deacetyl	PF00850.24	6.3e-54
Ecur_TVU07939.1	52	318	Hist_deacetyl	PF00850.24	8.2e-54
Ppat_XP_024399153.1	119	362	Hist_deacetyl	PF00850.24	2.9e-52
Pigchi_Pchi_g5425	7	290	Hist_deacetyl	PF00850.24	9.9e-54
Pvan_XP_027207112.2	67	347	Hist_deacetyl	PF00850.24	2.3e-53
Pvan_XP_069988045.1	59	339	Hist_deacetyl	PF00850.24	2.1e-53
Tadh_XP_002112403.1	31	312	Hist_deacetyl	PF00850.24	2.4e-53
Ppat_XP_024393783.1	108	376	Hist_deacetyl	PF00850.24	2.7e-53
Ppat_XP_024393786.1	108	376	Hist_deacetyl	PF00850.24	2.7e-53
Twil_T_wilhelma_c31912_g2_i3|m.44633	9	161	Hist_deacetyl	PF00850.24	3.6e-53
Lsig_VDK84429.1	3	263	Hist_deacetyl	PF00850.24	3.4e-53
Twil_T_wilhelma_c33778_g2_i2|m.57604	8	277	Hist_deacetyl	PF00850.24	4.8e-53
Psp.PS1159_PS1159_v2.g17051.t1	70	353	Hist_deacetyl	PF00850.24	5.4e-53
Obim_XP_014774574.1	44	325	Hist_deacetyl	PF00850.24	6.9e-53
Asuu_AgR028_g067_t05	10	157	Hist_deacetyl	PF00850.24	1.1e-52
Asuu_AgR028_g067_t06	10	157	Hist_deacetyl	PF00850.24	1.1e-52
Asuu_AgR028_g067_t04	10	157	Hist_deacetyl	PF00850.24	1.2e-52
Obim_XP_052831605.1	41	138	Hist_deacetyl	PF00850.24	1.3e-15
Obim_XP_052831605.1	147	284	Hist_deacetyl	PF00850.24	9.7e-36
Smoe_XP_024544623.1	2	271	Hist_deacetyl	PF00850.24	1.2e-52
Asuu_AgB02_g469_t05	66	350	Hist_deacetyl	PF00850.24	1.2e-52
Bmal_XP_042937574.1	60	326	Hist_deacetyl	PF00850.24	1.7e-51
Bmor_XP_004925422.1	32	311	Hist_deacetyl	PF00850.24	2.2e-52
Angcan_KAE9417792.1	57	337	Hist_deacetyl	PF00850.24	2.2e-52
Otau_XP_003083576.2	67	328	Hist_deacetyl	PF00850.24	3.3e-52
Sbat_VDP44465.1	76	230	Hist_deacetyl	PF00850.24	4.6e-52
Hsap_NP_001341969.1	8	159	Hist_deacetyl	PF00850.24	5.1e-52
Ovol_OVOC6230	60	366	Hist_deacetyl	PF00850.24	4.6e-52
Gpal_Gpal_D383_g02199.t1	52	333	Hist_deacetyl	PF00850.24	5.7e-52
Wban_VDM06810.1	61	319	Hist_deacetyl	PF00850.24	8.3e-51
Obim_XP_014774573.1	44	335	Hist_deacetyl	PF00850.24	8.3e-52
Tbri_KRY55333.1	45	297	Hist_deacetyl	PF00850.24	4.7e-51
Tadh_XP_002113789.1	23	309	Hist_deacetyl	PF00850.24	5.8e-51
Rcul_nRc.2.0.1.t11438-RA	24	205	Hist_deacetyl	PF00850.24	9.4e-51
Avag_UJR18004.1	11	306	Hist_deacetyl	PF00850.24	2e-50
Cele_NP_505699.3	36	315	Hist_deacetyl	PF00850.24	1.9e-50
Bmor_XP_062528128.1	5	270	Hist_deacetyl	PF00850.24	3.3e-50
Trimur_TMUE_1000005870	46	328	Hist_deacetyl	PF00850.24	3.8e-50
Smoe_XP_024539322.1	75	314	Hist_deacetyl	PF00850.24	1.7e-49
Aque_XP_003389345.2	14	227	Hist_deacetyl	PF00850.24	8.2e-50
Scar_TMS33831.1	26	208	Hist_deacetyl	PF00850.24	1.9e-49
Pgem_Unigene39953_Pirum_gemmata|m.24758	159	362	Hist_deacetyl	PF00850.24	2.6e-49
Ecur_TVU51128.1	117	300	Hist_deacetyl	PF00850.24	3.2e-49
Emue_Em0004g1658a	541	718	Hist_deacetyl	PF00850.24	2e-32
Emue_Em0004g1658a	720	837	Hist_deacetyl	PF00850.24	1.6e-16
Aque_XP_019856751.1	46	272	Hist_deacetyl	PF00850.24	6.8e-48
Sman_XP_018645480.1	2	156	Hist_deacetyl	PF00850.24	6.2e-48
Mhap_MhA1_Contig1987.frz3.gene2	92	315	Hist_deacetyl	PF00850.24	8.9e-48
Tura_XP_048565736.1	446	635	Hist_deacetyl	PF00850.24	2e-47
Tura_XP_048565735.1	464	653	Hist_deacetyl	PF00850.24	2.1e-47
Tura_XP_048565734.1	465	654	Hist_deacetyl	PF00850.24	2.1e-47
Clim_Clim_evm145s149	32	268	Hist_deacetyl	PF00850.24	2.3e-47
Tura_XP_048550903.1	651	840	Hist_deacetyl	PF00850.24	3.3e-47
Hpol_VDP41126.1	57	326	Hist_deacetyl	PF00850.24	3e-47
Ecur_TVT98831.1	22	230	Hist_deacetyl	PF00850.24	3.9e-47
Pigchi_Pchi_g6491	1	144	Hist_deacetyl	PF00850.24	3.5e-47
Pvan_XP_069988046.1	67	308	Hist_deacetyl	PF00850.24	7.4e-47
Mlei_ML004419a-PA	1090	1263	Hist_deacetyl	PF00850.24	2e-46
Agrpla_XP_018331299.1	3	204	Hist_deacetyl	PF00850.24	1.4e-46
Agrpla_XP_018331305.1	3	204	Hist_deacetyl	PF00850.24	1.4e-46
Crei_XP_042925771.1	108	242	Hist_deacetyl	PF00850.24	2.5e-18
Crei_XP_042925771.1	301	451	Hist_deacetyl	PF00850.24	8.2e-27
Cfra_CFRG5072T1	349	571	Hist_deacetyl	PF00850.24	1.4e-45
Hsap_NP_001397659.1	35	187	Hist_deacetyl	PF00850.24	1e-40
Pigchi_Pchi_g2217_potentialcontaminant	25	182	Hist_deacetyl	PF00850.24	6.8e-46
Hsap_XP_047298211.1	51	95	Hist_deacetyl	PF00850.24	1.1e-16
Hsap_XP_047298211.1	93	203	Hist_deacetyl	PF00850.24	6.8e-28
Blan_XP_066284563.1	48	309	Hist_deacetyl	PF00850.24	1.4e-41
Hsap_XP_016885133.2	51	95	Hist_deacetyl	PF00850.24	1.3e-16
Hsap_XP_016885133.2	93	203	Hist_deacetyl	PF00850.24	8.4e-28
Acey_EYC13391.1	47	259	Hist_deacetyl	PF00850.24	1e-44
Acey_EYC13392.1	39	251	Hist_deacetyl	PF00850.24	1.3e-44
Lpol_XP_022236180.1	2	105	Hist_deacetyl	PF00850.24	3e-44
Ttri_CDW60923.1	12	179	Hist_deacetyl	PF00850.24	2.6e-43
Apla_XP_022092758.1	67	236	Hist_deacetyl	PF00850.24	6.1e-37
Asuu_AgB03_g214_t01	32	215	Hist_deacetyl	PF00850.24	3.6e-43
Eela_EEL_0000175901-mRNA-1	9	163	Hist_deacetyl	PF00850.24	1.3e-42
Ppur_KAA8497311.1	127	376	Hist_deacetyl	PF00850.24	2.2e-41
Hrob_XP_009012881.1	28	307	Hist_deacetyl	PF00850.24	2.1e-40
Hsap_NP_001317565.1	91	237	Hist_deacetyl	PF00850.24	2.8e-32
Atha_NP_851078.1	93	206	Hist_deacetyl	PF00850.24	5.6e-12
Atha_NP_851078.1	208	342	Hist_deacetyl	PF00850.24	2.8e-26
Bmal_XP_042935332.1	111	262	Hist_deacetyl	PF00850.24	7.9e-31
Eela_EEL_0000283901-mRNA-1	24	199	Hist_deacetyl	PF00850.24	2.8e-39
Avag_UJR30750.1	174	295	Hist_deacetyl	PF00850.24	5.9e-16
Avag_UJR30750.1	348	456	Hist_deacetyl	PF00850.24	1.4e-22
Dimm_MCP9262359.1	34	203	Hist_deacetyl	PF00850.24	1.4e-38
Ihof_Ihof_evm5s35	245	456	Hist_deacetyl	PF00850.24	4.7e-38
Tnel_KRX26574.1	26	189	Hist_deacetyl	PF00850.24	1.2e-37
Dimm_MCP9262809.1	53	169	Hist_deacetyl	PF00850.24	9.5e-12
Dimm_MCP9262809.1	169	300	Hist_deacetyl	PF00850.24	6.2e-25
Rchi_XP_040366985.1	1	125	Hist_deacetyl	PF00850.24	5.9e-37
Rchi_XP_040366986.1	1	125	Hist_deacetyl	PF00850.24	5.9e-37
Cscu_XP_023213907.1	3	108	Hist_deacetyl	PF00850.24	1.5e-29
Twil_T_wilhelma_c33778_g2_i3|m.57606	8	212	Hist_deacetyl	PF00850.24	1.1e-36
Hsap_XP_011539611.1	1	125	Hist_deacetyl	PF00850.24	1.4e-36
Mesc_XP_021610210.1	1	125	Hist_deacetyl	PF00850.24	8.5e-36
Sbat_VDP29378.1	27	178	Hist_deacetyl	PF00850.24	1.2e-35
Clim_Clim_evm1s217	100	356	Hist_deacetyl	PF00850.24	1.5e-35
Hsap_NP_001341970.1	1	125	Hist_deacetyl	PF00850.24	2.8e-35
Cbra_GBG65247.1	224	400	Hist_deacetyl	PF00850.24	4.1e-35
Emue_Em0023g279a	1	125	Hist_deacetyl	PF00850.24	3.6e-35
Hsap_XP_016885134.2	35	145	Hist_deacetyl	PF00850.24	3e-17
Hsap_XP_016885134.2	146	220	Hist_deacetyl	PF00850.24	1.5e-16
Hsap_XP_047298213.1	1	125	Hist_deacetyl	PF00850.24	9.9e-35
Hsap_XP_016885132.2	35	145	Hist_deacetyl	PF00850.24	3.6e-17
Hsap_XP_016885132.2	146	220	Hist_deacetyl	PF00850.24	1.8e-16
Twil_T_wilhelma_c33778_g2_i8|m.57609	8	198	Hist_deacetyl	PF00850.24	7e-34
Lana_XP_013416826.1	63	243	Hist_deacetyl	PF00850.24	2.2e-32
Zmay_XP_035823013.1	42	181	Hist_deacetyl	PF00850.24	2.7e-32
Zmay_XP_035823012.1	42	181	Hist_deacetyl	PF00850.24	2.7e-32
Twil_T_wilhelma_c33778_g2_i4|m.57607	15	163	Hist_deacetyl	PF00850.24	2.9e-32
Rcul_nRc.2.0.1.t13511-RA	2	81	Hist_deacetyl	PF00850.24	4.1e-32
Asuu_AgR002_g301_t01	6	161	Hist_deacetyl	PF00850.24	2.8e-31
Asuu_AgR002_g301_t02	6	161	Hist_deacetyl	PF00850.24	2.8e-31
Ddip_jg20831	65	157	Hist_deacetyl	PF00850.24	3.2e-28
Twil_T_wilhelma_c31912_g2_i2|m.44632	24	160	Hist_deacetyl	PF00850.24	6.9e-30
Mbre_XP_001751154.1	122	344	Hist_deacetyl	PF00850.24	3.9e-29
Mtru_XP_039687413.1	45	191	Hist_deacetyl	PF00850.24	3.5e-29
Tura_XP_048552381.1	41	183	Hist_deacetyl	PF00850.24	6.5e-29
Sarc_XP_014146179.1	15	121	Hist_deacetyl	PF00850.24	9.4e-29
Ttri_CDW60155.1	36	169	Hist_deacetyl	PF00850.24	1.9e-28
Twil_T_wilhelma_c33778_g2_i9|m.57610	8	130	Hist_deacetyl	PF00850.24	1.9e-28
Sbat_VDP42068.1	482	640	Hist_deacetyl	PF00850.24	7.7e-28
Rcul_nRc.2.0.1.t11437-RA	3	108	Hist_deacetyl	PF00850.24	1.6e-27
Tspi_XP_003371086.1	2	91	Hist_deacetyl	PF00850.24	6e-10
Tspi_XP_003371086.1	105	148	Hist_deacetyl	PF00850.24	4.8e-16
Sarc_XP_014145576.1	3	114	Hist_deacetyl	PF00850.24	2.2e-26
Psp.PS1159_PS1159_v2.g115.t1	1	85	Hist_deacetyl	PF00850.24	2.6e-26
Lsat_XP_023772394.1	251	341	Hist_deacetyl	PF00850.24	8.1e-26
Lsat_XP_023772395.1	251	341	Hist_deacetyl	PF00850.24	8.1e-26
Lsat_XP_023772383.1	336	426	Hist_deacetyl	PF00850.24	1.2e-25
Lsat_XP_023772385.1	336	426	Hist_deacetyl	PF00850.24	1.2e-25
Lsat_XP_023772388.1	336	426	Hist_deacetyl	PF00850.24	1.2e-25
Lsat_XP_042751414.1	336	426	Hist_deacetyl	PF00850.24	1.2e-25
Lsat_XP_042751415.1	336	426	Hist_deacetyl	PF00850.24	1.2e-25
Lsat_XP_042751418.1	336	426	Hist_deacetyl	PF00850.24	1.4e-25
Lsat_XP_042751419.1	336	426	Hist_deacetyl	PF00850.24	1.4e-25
Hpol_VDP41243.1	1	94	Hist_deacetyl	PF00850.24	1.8e-25
Cper_Nk52_evm15s490	386	645	Hist_deacetyl	PF00850.24	5.1e-25
Rcul_nRc.2.0.1.t41650-RA	26	134	Hist_deacetyl	PF00850.24	7.7e-25
Ttri_CDW60857.1	2	105	Hist_deacetyl	PF00850.24	7.3e-25
Asuu_AgB02_g469_t02	66	214	Hist_deacetyl	PF00850.24	5.8e-24
Asuu_AgB02_g469_t04	66	214	Hist_deacetyl	PF00850.24	5.8e-24
Mbel_CAJ0931733.1	13	110	Hist_deacetyl	PF00850.24	7.8e-24
Trimur_TMUE_0000001957	37	177	Hist_deacetyl	PF00850.24	7.3e-24
Echgra_XP_024349183.1	4	47	Hist_deacetyl	PF00850.24	9.8e-14
Echgra_XP_024349183.1	73	100	Hist_deacetyl	PF00850.24	6.7e-09
Ttri_CDW58124.1	11	111	Hist_deacetyl	PF00850.24	4.4e-23
Ecur_TVU51126.1	3	87	Hist_deacetyl	PF00850.24	5.3e-23
Hsap_NP_001159920.1	50	95	Hist_deacetyl	PF00850.24	2.9e-17
Ttri_CDW61039.1	11	105	Hist_deacetyl	PF00850.24	2.1e-22
Ddip_jg7127	1	87	Hist_deacetyl	PF00850.24	3.5e-21
Asuu_AgB02_g469_t09	3	134	Hist_deacetyl	PF00850.24	2.7e-21
Lcom_lcpid127396|	18	100	Hist_deacetyl	PF00850.24	5.1e-21
Sarc_XP_014159889.1	1	86	Hist_deacetyl	PF00850.24	6e-21
Scar_TKR61051.1	13	115	Hist_deacetyl	PF00850.24	1.2e-20
Sarc_XP_014145988.1	2	102	Hist_deacetyl	PF00850.24	2.8e-20
Smoe_XP_024523910.1	19	112	Hist_deacetyl	PF00850.24	2.7e-20
Ecur_TVU45316.1	160	249	Hist_deacetyl	PF00850.24	2.3e-19
Hsap_NP_001159894.1	35	148	Hist_deacetyl	PF00850.24	1.3e-18
Asuu_AgR001_g360_t10	1	72	Hist_deacetyl	PF00850.24	1.2e-18
Pigchi_Pchi_g1175	1078	1202	Hist_deacetyl	PF00850.24	2.6e-18
Pigvie_Pvie_g3196_potentialcontaminant	8	135	Hist_deacetyl	PF00850.24	2.6e-18
Hsap_NP_001159892.1	35	146	Hist_deacetyl	PF00850.24	5e-18
Pigchi_Pchi_g11006	2	74	Hist_deacetyl	PF00850.24	7.7e-18
Lcom_lcpid141138|	2	75	Hist_deacetyl	PF00850.24	9.6e-18
Smar_SMAR001974-PA	5	79	Hist_deacetyl	PF00850.24	1.1e-17
Cele_NP_001263677.1	4	91	Hist_deacetyl	PF00850.24	3.1e-17
Cscu_XP_023213772.1	1	77	Hist_deacetyl	PF00850.24	2.8e-17
Lcom_lcpid198582|	8	107	Hist_deacetyl	PF00850.24	6.3e-17
Lcom_lcpid198445|	9	107	Hist_deacetyl	PF00850.24	7.5e-17
Awhi_Unigene39710_Abeoforma_whisleri|m.25424	1	67	Hist_deacetyl	PF00850.24	1.2e-16
Plae_KAI0978813.1	2	69	Hist_deacetyl	PF00850.24	3.9e-16
Hpol_VDP12542.1	33	118	Hist_deacetyl	PF00850.24	3.3e-14
Cbra_GBG63349.1	3	90	Hist_deacetyl	PF00850.24	1.8e-15
Hduj_OQV19898.1	150	209	Hist_deacetyl	PF00850.24	7e-16
Acey_EYC09478.1	2	49	Hist_deacetyl	PF00850.24	8.3e-16
Dimm_MCP9262358.1	3	91	Hist_deacetyl	PF00850.24	1.2e-15
Asuu_AgB03_g213_t01	4	91	Hist_deacetyl	PF00850.24	2.5e-15
Acey_EYC09479.1	2	47	Hist_deacetyl	PF00850.24	3e-15
Lcom_lcpid223207|	15	115	Hist_deacetyl	PF00850.24	3.5e-15
Twil_T_wilhelma_c25863_g1_i1|m.15353	4	81	Hist_deacetyl	PF00850.24	5.3e-15
Acey_EYC09480.1	15	61	Hist_deacetyl	PF00850.24	4.6e-15
Eela_EEL_0000317401-mRNA-1	3	91	Hist_deacetyl	PF00850.24	1.3e-14
Angcan_KAE9421926.1	2	53	Hist_deacetyl	PF00850.24	1.8e-14
Pgem_Unigene39953_Pirum_gemmata|m.24759	1	74	Hist_deacetyl	PF00850.24	3.9e-14
Ecur_TVU26305.1	38	147	Hist_deacetyl	PF00850.24	2.4e-13
Ecur_TVU26313.1	2	61	Hist_deacetyl	PF00850.24	8.5e-13
Tsui_KHJ45583.1	1	59	Hist_deacetyl	PF00850.24	2.3e-12
Echgra_XP_024349182.1	1	92	Hist_deacetyl	PF00850.24	1.3e-11
Smar_SMAR009909-PA	24	83	Hist_deacetyl	PF00850.24	4.4e-12
Ttri_CDW56119.1	40	131	Hist_deacetyl	PF00850.24	4.9e-12
Ttri_CDW61215.1	2	70	Hist_deacetyl	PF00850.24	1.2e-10
Ddip_jg20830	3	57	Hist_deacetyl	PF00850.24	4.2e-10
Sarc_XP_014147978.1	19	65	Hist_deacetyl	PF00850.24	4.9e-10
Pgem_Unigene1985_Pirum_gemmata|m.1577	347	455	Hist_deacetyl	PF00850.24	1.6e-09
Trimur_TMUE_2000009816	3	62	Hist_deacetyl	PF00850.24	1.3e-09
Trimur_TMUE_0000001075	33	99	Hist_deacetyl	PF00850.24	1.9e-09
Cscu_XP_023212594.1	23	79	Hist_deacetyl	PF00850.24	1e-08
Asuu_AgR042X_g005_t01	33	86	Hist_deacetyl	PF00850.24	1.3e-08
Asuu_AgR042X_g005_t02	33	86	Hist_deacetyl	PF00850.24	1.3e-08
Asuu_AgR042X_g005_t03	33	86	Hist_deacetyl	PF00850.24	1.3e-08
Rvar_GAU94559.1	3	63	Hist_deacetyl	PF00850.24	2e-08
Asuu_AgR056_g012_t01	27	85	Hist_deacetyl	PF00850.24	3.9e-08
Lpol_XP_013793439.1	1	49	Hist_deacetyl	PF00850.24	6.3e-08
Rvar_GAU94558.1	3	62	Hist_deacetyl	PF00850.24	5.9e-08
Ddip_jg7128	34	93	Hist_deacetyl	PF00850.24	1e-07
Rcul_nRc.2.0.1.t34485-RA	36	112	Hist_deacetyl	PF00850.24	1.1e-07
