Blan_XP_066272831.1	16	132	TUDOR	PF00567.30	8.2e-23
Blan_XP_066272831.1	215	338	TUDOR	PF00567.30	2.9e-22
Blan_XP_066272831.1	420	538	TUDOR	PF00567.30	9.6e-27
Blan_XP_066272831.1	648	762	TUDOR	PF00567.30	9.8e-31
Blan_XP_066272831.1	850	969	TUDOR	PF00567.30	9.1e-29
Blan_XP_066272831.1	1166	1286	TUDOR	PF00567.30	1.4e-26
Blan_XP_066272831.1	1409	1525	TUDOR	PF00567.30	5.4e-30
Blan_XP_066272831.1	1638	1750	TUDOR	PF00567.30	3.8e-27
Blan_XP_066272831.1	1859	1976	TUDOR	PF00567.30	3.2e-30
Blan_XP_066272831.1	2073	2192	TUDOR	PF00567.30	1.5e-30
Blan_XP_066272831.1	2303	2422	TUDOR	PF00567.30	9.7e-29
Blan_XP_066272831.1	2495	2610	TUDOR	PF00567.30	3.9e-25
Blan_XP_066272831.1	2715	2834	TUDOR	PF00567.30	2.2e-23
Blan_XP_066272831.1	2942	3055	TUDOR	PF00567.30	5e-27
Blan_XP_066272831.1	3142	3261	TUDOR	PF00567.30	4.6e-24
Blan_XP_066272831.1	3374	3484	TUDOR	PF00567.30	1.2e-24
Blan_XP_066272832.1	16	132	TUDOR	PF00567.30	8.2e-23
Blan_XP_066272832.1	215	338	TUDOR	PF00567.30	2.9e-22
Blan_XP_066272832.1	420	538	TUDOR	PF00567.30	9.6e-27
Blan_XP_066272832.1	648	762	TUDOR	PF00567.30	9.8e-31
Blan_XP_066272832.1	850	969	TUDOR	PF00567.30	9.1e-29
Blan_XP_066272832.1	1166	1286	TUDOR	PF00567.30	1.4e-26
Blan_XP_066272832.1	1409	1525	TUDOR	PF00567.30	5.4e-30
Blan_XP_066272832.1	1638	1750	TUDOR	PF00567.30	3.8e-27
Blan_XP_066272832.1	1859	1976	TUDOR	PF00567.30	3.2e-30
Blan_XP_066272832.1	2073	2192	TUDOR	PF00567.30	1.5e-30
Blan_XP_066272832.1	2303	2422	TUDOR	PF00567.30	9.7e-29
Blan_XP_066272832.1	2495	2610	TUDOR	PF00567.30	3.9e-25
Blan_XP_066272832.1	2715	2834	TUDOR	PF00567.30	2.2e-23
Blan_XP_066272832.1	2942	3055	TUDOR	PF00567.30	5e-27
Blan_XP_066272832.1	3142	3261	TUDOR	PF00567.30	4.6e-24
Blan_XP_066272832.1	3374	3484	TUDOR	PF00567.30	1.2e-24
Blan_XP_066272830.1	16	132	TUDOR	PF00567.30	8.2e-23
Blan_XP_066272830.1	215	338	TUDOR	PF00567.30	2.9e-22
Blan_XP_066272830.1	420	538	TUDOR	PF00567.30	9.7e-27
Blan_XP_066272830.1	648	762	TUDOR	PF00567.30	9.8e-31
Blan_XP_066272830.1	850	969	TUDOR	PF00567.30	9.1e-29
Blan_XP_066272830.1	1166	1286	TUDOR	PF00567.30	1.4e-26
Blan_XP_066272830.1	1409	1525	TUDOR	PF00567.30	5.4e-30
Blan_XP_066272830.1	1638	1750	TUDOR	PF00567.30	3.8e-27
Blan_XP_066272830.1	1859	1976	TUDOR	PF00567.30	3.2e-30
Blan_XP_066272830.1	2073	2192	TUDOR	PF00567.30	1.5e-30
Blan_XP_066272830.1	2303	2422	TUDOR	PF00567.30	9.7e-29
Blan_XP_066272830.1	2495	2610	TUDOR	PF00567.30	3.9e-25
Blan_XP_066272830.1	2715	2834	TUDOR	PF00567.30	2.2e-23
Blan_XP_066272830.1	2942	3055	TUDOR	PF00567.30	5e-27
Blan_XP_066272830.1	3142	3261	TUDOR	PF00567.30	4.6e-24
Blan_XP_066272830.1	3374	3484	TUDOR	PF00567.30	1.2e-24
Twil_T_wilhelma_c34423_g1_i1|m.61348	8	123	TUDOR	PF00567.30	5.4e-21
Twil_T_wilhelma_c34423_g1_i1|m.61348	205	324	TUDOR	PF00567.30	8.2e-24
Twil_T_wilhelma_c34423_g1_i1|m.61348	421	536	TUDOR	PF00567.30	2.3e-23
Twil_T_wilhelma_c34423_g1_i1|m.61348	725	846	TUDOR	PF00567.30	3.3e-30
Twil_T_wilhelma_c34423_g1_i1|m.61348	933	1055	TUDOR	PF00567.30	3.8e-28
Twil_T_wilhelma_c34423_g1_i1|m.61348	1137	1255	TUDOR	PF00567.30	1.9e-28
Twil_T_wilhelma_c34423_g1_i1|m.61348	1338	1462	TUDOR	PF00567.30	5.8e-30
Twil_T_wilhelma_c34423_g1_i1|m.61348	1569	1691	TUDOR	PF00567.30	1.4e-25
Twil_T_wilhelma_c34423_g1_i1|m.61348	1798	1917	TUDOR	PF00567.30	9.1e-27
Twil_T_wilhelma_c34423_g1_i1|m.61348	2000	2114	TUDOR	PF00567.30	4.1e-26
Twil_T_wilhelma_c34423_g1_i1|m.61348	2197	2314	TUDOR	PF00567.30	6.5e-30
Twil_T_wilhelma_c34423_g1_i1|m.61348	2462	2581	TUDOR	PF00567.30	1.1e-25
Twil_T_wilhelma_c34423_g1_i1|m.61348	2709	2832	TUDOR	PF00567.30	5.2e-23
Twil_T_wilhelma_c34423_g1_i1|m.61348	2995	3116	TUDOR	PF00567.30	1.6e-16
Twil_T_wilhelma_c34423_g1_i1|m.61348	3450	3565	TUDOR	PF00567.30	3.4e-23
Skow_XP_002737010.2	16	118	TUDOR	PF00567.30	9.1e-19
Skow_XP_002737010.2	231	349	TUDOR	PF00567.30	7e-20
Skow_XP_002737010.2	430	547	TUDOR	PF00567.30	1e-25
Skow_XP_002737010.2	667	776	TUDOR	PF00567.30	2.4e-23
Skow_XP_002737010.2	888	1003	TUDOR	PF00567.30	6e-27
Skow_XP_002737010.2	1124	1244	TUDOR	PF00567.30	8e-30
Skow_XP_002737010.2	1394	1515	TUDOR	PF00567.30	1.4e-32
Skow_XP_002737010.2	1595	1713	TUDOR	PF00567.30	4.5e-28
Skow_XP_002737010.2	1799	1913	TUDOR	PF00567.30	5.2e-32
Skow_XP_002737010.2	2006	2119	TUDOR	PF00567.30	1.1e-27
Skow_XP_002737010.2	2212	2325	TUDOR	PF00567.30	3.1e-28
Skow_XP_002737010.2	2410	2521	TUDOR	PF00567.30	2.5e-26
Skow_XP_002737010.2	2599	2716	TUDOR	PF00567.30	1.3e-21
Skow_XP_002737010.2	2908	3024	TUDOR	PF00567.30	3.6e-20
Skow_XP_002737010.2	3185	3290	TUDOR	PF00567.30	3.5e-22
Lana_XP_013386808.1	29	137	TUDOR	PF00567.30	2.2e-19
Lana_XP_013386808.1	235	345	TUDOR	PF00567.30	3.9e-28
Lana_XP_013386808.1	416	534	TUDOR	PF00567.30	8.8e-16
Lana_XP_013386808.1	638	759	TUDOR	PF00567.30	2e-18
Lana_XP_013386808.1	857	972	TUDOR	PF00567.30	3.5e-30
Lana_XP_013386808.1	1150	1269	TUDOR	PF00567.30	7.5e-30
Lana_XP_013386808.1	1409	1527	TUDOR	PF00567.30	1e-27
Lana_XP_013386808.1	1866	1984	TUDOR	PF00567.30	2e-30
Lana_XP_013386808.1	2054	2168	TUDOR	PF00567.30	8e-27
Lana_XP_013386808.1	2261	2380	TUDOR	PF00567.30	5.1e-26
Lana_XP_013386808.1	2461	2578	TUDOR	PF00567.30	1.3e-32
Lana_XP_013386808.1	2704	2821	TUDOR	PF00567.30	6.7e-31
Lana_XP_013386808.1	2904	3024	TUDOR	PF00567.30	4.5e-29
Lana_XP_013386808.1	3194	3308	TUDOR	PF00567.30	9.9e-21
Lana_XP_013386809.1	29	137	TUDOR	PF00567.30	2.1e-19
Lana_XP_013386809.1	235	345	TUDOR	PF00567.30	3.6e-28
Lana_XP_013386809.1	439	560	TUDOR	PF00567.30	1.8e-18
Lana_XP_013386809.1	658	773	TUDOR	PF00567.30	3.3e-30
Lana_XP_013386809.1	951	1070	TUDOR	PF00567.30	7e-30
Lana_XP_013386809.1	1210	1328	TUDOR	PF00567.30	9.6e-28
Lana_XP_013386809.1	1667	1785	TUDOR	PF00567.30	1.8e-30
Lana_XP_013386809.1	1855	1969	TUDOR	PF00567.30	7.5e-27
Lana_XP_013386809.1	2062	2181	TUDOR	PF00567.30	4.8e-26
Lana_XP_013386809.1	2262	2379	TUDOR	PF00567.30	1.2e-32
Lana_XP_013386809.1	2505	2622	TUDOR	PF00567.30	6.3e-31
Lana_XP_013386809.1	2705	2825	TUDOR	PF00567.30	4.2e-29
Lana_XP_013386809.1	2995	3109	TUDOR	PF00567.30	9.3e-21
Cvir_XP_022313109.1	32	123	TUDOR	PF00567.30	4.7e-19
Cvir_XP_022313109.1	192	300	TUDOR	PF00567.30	1.9e-24
Cvir_XP_022313109.1	370	482	TUDOR	PF00567.30	1.7e-17
Cvir_XP_022313109.1	578	693	TUDOR	PF00567.30	3.6e-17
Cvir_XP_022313109.1	775	895	TUDOR	PF00567.30	5.6e-30
Cvir_XP_022313109.1	1233	1354	TUDOR	PF00567.30	6.6e-33
Cvir_XP_022313109.1	1432	1549	TUDOR	PF00567.30	3.2e-27
Cvir_XP_022313109.1	1630	1745	TUDOR	PF00567.30	1.2e-24
Cvir_XP_022313109.1	1815	1929	TUDOR	PF00567.30	7.4e-30
Cvir_XP_022313109.1	2013	2119	TUDOR	PF00567.30	3.7e-16
Cvir_XP_022313109.1	2247	2365	TUDOR	PF00567.30	2.9e-26
Cvir_XP_022313109.1	2566	2665	TUDOR	PF00567.30	1.5e-17
Cvir_XP_022313109.1	2750	2864	TUDOR	PF00567.30	2.8e-15
Scil_XP_065177401.1	10	121	TUDOR	PF00567.30	2.4e-26
Scil_XP_065177401.1	201	315	TUDOR	PF00567.30	1.1e-16
Scil_XP_065177401.1	410	522	TUDOR	PF00567.30	3.2e-23
Scil_XP_065177401.1	634	749	TUDOR	PF00567.30	4.8e-24
Scil_XP_065177401.1	862	969	TUDOR	PF00567.30	1.4e-22
Scil_XP_065177401.1	1094	1208	TUDOR	PF00567.30	6.8e-25
Scil_XP_065177401.1	1300	1408	TUDOR	PF00567.30	3.5e-15
Scil_XP_065177401.1	1514	1630	TUDOR	PF00567.30	9.8e-24
Scil_XP_065177401.1	1712	1829	TUDOR	PF00567.30	1.8e-22
Scil_XP_065177401.1	1913	2031	TUDOR	PF00567.30	3.8e-21
Scil_XP_065177401.1	2142	2258	TUDOR	PF00567.30	1.5e-24
Scil_XP_065177401.1	2361	2480	TUDOR	PF00567.30	4.4e-24
Scil_XP_065177401.1	2830	2942	TUDOR	PF00567.30	1.3e-23
Aplcal_XP_012939180.1	16	131	TUDOR	PF00567.30	2e-25
Aplcal_XP_012939180.1	222	337	TUDOR	PF00567.30	1.5e-24
Aplcal_XP_012939180.1	442	559	TUDOR	PF00567.30	9.8e-29
Aplcal_XP_012939180.1	644	760	TUDOR	PF00567.30	1.1e-29
Aplcal_XP_012939180.1	829	948	TUDOR	PF00567.30	7.5e-26
Aplcal_XP_012939180.1	1167	1287	TUDOR	PF00567.30	2.2e-18
Aplcal_XP_012939180.1	1407	1515	TUDOR	PF00567.30	1.6e-21
Aplcal_XP_012939180.1	1580	1695	TUDOR	PF00567.30	4.1e-22
Aplcal_XP_012939180.1	1772	1891	TUDOR	PF00567.30	1.2e-24
Aplcal_XP_012939180.1	2007	2123	TUDOR	PF00567.30	4.9e-25
Aplcal_XP_012939180.1	2258	2376	TUDOR	PF00567.30	3.7e-23
Aplcal_XP_012939180.1	2507	2622	TUDOR	PF00567.30	1.8e-17
Emue_Em0151g7a	13	122	TUDOR	PF00567.30	1.9e-16
Emue_Em0151g7a	208	322	TUDOR	PF00567.30	1.1e-21
Emue_Em0151g7a	641	763	TUDOR	PF00567.30	4e-24
Emue_Em0151g7a	855	975	TUDOR	PF00567.30	3.2e-26
Emue_Em0151g7a	1074	1194	TUDOR	PF00567.30	1e-24
Emue_Em0151g7a	1314	1426	TUDOR	PF00567.30	2.3e-23
Emue_Em0151g7a	1507	1623	TUDOR	PF00567.30	8.3e-27
Emue_Em0151g7a	1965	2086	TUDOR	PF00567.30	1.3e-25
Emue_Em0151g7a	2205	2322	TUDOR	PF00567.30	9.7e-23
Emue_Em0151g7a	2398	2513	TUDOR	PF00567.30	4.8e-25
Emue_Em0151g7a	2641	2760	TUDOR	PF00567.30	4.7e-30
Emue_Em0151g7a	2885	2997	TUDOR	PF00567.30	3.3e-15
Emue_Em0023g207a	13	122	TUDOR	PF00567.30	1.5e-16
Emue_Em0023g207a	208	322	TUDOR	PF00567.30	8.7e-22
Emue_Em0023g207a	641	750	TUDOR	PF00567.30	2.3e-21
Emue_Em0023g207a	837	957	TUDOR	PF00567.30	2.4e-26
Emue_Em0023g207a	1056	1176	TUDOR	PF00567.30	8e-25
Emue_Em0023g207a	1296	1408	TUDOR	PF00567.30	1.7e-23
Emue_Em0023g207a	1489	1605	TUDOR	PF00567.30	6.3e-27
Emue_Em0023g207a	1912	2033	TUDOR	PF00567.30	9.9e-26
Emue_Em0023g207a	2152	2269	TUDOR	PF00567.30	7.4e-23
Emue_Em0023g207a	2345	2460	TUDOR	PF00567.30	3.7e-25
Emue_Em0023g207a	2588	2707	TUDOR	PF00567.30	8.1e-30
Smar_SMAR006920-PA	10	131	TUDOR	PF00567.30	1.3e-16
Smar_SMAR006920-PA	212	329	TUDOR	PF00567.30	4.1e-22
Smar_SMAR006920-PA	406	525	TUDOR	PF00567.30	1.5e-20
Smar_SMAR006920-PA	597	709	TUDOR	PF00567.30	1.5e-20
Smar_SMAR006920-PA	788	906	TUDOR	PF00567.30	3.4e-20
Smar_SMAR006920-PA	1101	1216	TUDOR	PF00567.30	1.2e-25
Smar_SMAR006920-PA	1288	1407	TUDOR	PF00567.30	3.1e-26
Smar_SMAR006920-PA	1496	1615	TUDOR	PF00567.30	1.1e-19
Smar_SMAR006920-PA	1724	1841	TUDOR	PF00567.30	6.3e-20
Smar_SMAR006920-PA	1931	2037	TUDOR	PF00567.30	1.1e-22
Smar_SMAR006920-PA	2117	2232	TUDOR	PF00567.30	3.5e-23
Smar_SMAR006920-PA	2329	2442	TUDOR	PF00567.30	1.1e-25
Apla_XP_022107965.1	32	139	TUDOR	PF00567.30	8.4e-16
Apla_XP_022107965.1	228	350	TUDOR	PF00567.30	3.1e-25
Apla_XP_022107965.1	455	568	TUDOR	PF00567.30	3.1e-26
Apla_XP_022107965.1	678	796	TUDOR	PF00567.30	5.4e-30
Apla_XP_022107965.1	891	1012	TUDOR	PF00567.30	2.6e-24
Apla_XP_022107965.1	1078	1193	TUDOR	PF00567.30	1.8e-26
Apla_XP_022107965.1	1264	1380	TUDOR	PF00567.30	8.4e-26
Apla_XP_022107965.1	1480	1597	TUDOR	PF00567.30	1.7e-25
Apla_XP_022107965.1	1685	1802	TUDOR	PF00567.30	1e-23
Apla_XP_022107965.1	1904	2024	TUDOR	PF00567.30	2.9e-18
Apla_XP_022107965.1	2134	2253	TUDOR	PF00567.30	2.9e-19
Scil_XP_065182820.1	317	432	TUDOR	PF00567.30	1.7e-24
Scil_XP_065182820.1	593	708	TUDOR	PF00567.30	7.8e-22
Scil_XP_065182820.1	856	977	TUDOR	PF00567.30	3.5e-25
Scil_XP_065182820.1	1081	1201	TUDOR	PF00567.30	1.6e-26
Scil_XP_065182820.1	1304	1425	TUDOR	PF00567.30	4.4e-26
Scil_XP_065182820.1	1528	1649	TUDOR	PF00567.30	5.4e-25
Scil_XP_065182820.1	1753	1873	TUDOR	PF00567.30	3.7e-26
Scil_XP_065182820.1	1977	2097	TUDOR	PF00567.30	1.9e-26
Scil_XP_065182820.1	2199	2318	TUDOR	PF00567.30	4.1e-24
Scil_XP_065182820.1	2421	2542	TUDOR	PF00567.30	5.5e-27
Spur_XP_030838626.1	2	60	TUDOR	PF00567.30	1.6e-11
Spur_XP_030838626.1	145	264	TUDOR	PF00567.30	4.3e-25
Spur_XP_030838626.1	379	499	TUDOR	PF00567.30	1.5e-26
Spur_XP_030838626.1	580	698	TUDOR	PF00567.30	1.4e-27
Spur_XP_030838626.1	890	1008	TUDOR	PF00567.30	6.3e-30
Spur_XP_030838626.1	1111	1229	TUDOR	PF00567.30	2e-28
Spur_XP_030838626.1	1304	1424	TUDOR	PF00567.30	1.7e-23
Spur_XP_030838626.1	1501	1614	TUDOR	PF00567.30	3.7e-22
Spur_XP_030838626.1	1693	1806	TUDOR	PF00567.30	4.8e-21
Spur_XP_030838626.1	1883	2001	TUDOR	PF00567.30	4.9e-27
Aque_XP_019849024.1	10	129	TUDOR	PF00567.30	3.1e-18
Aque_XP_019849024.1	251	368	TUDOR	PF00567.30	2.5e-19
Aque_XP_019849024.1	486	604	TUDOR	PF00567.30	7.1e-20
Aque_XP_019849024.1	697	816	TUDOR	PF00567.30	1.4e-27
Aque_XP_019849024.1	1108	1225	TUDOR	PF00567.30	7.1e-14
Aque_XP_019849024.1	1312	1432	TUDOR	PF00567.30	3e-22
Aque_XP_019849024.1	1573	1675	TUDOR	PF00567.30	8e-19
Aque_XP_019849024.1	1743	1868	TUDOR	PF00567.30	5.4e-26
Aque_XP_019849024.1	1950	2070	TUDOR	PF00567.30	1.5e-28
Aque_XP_019849024.1	2203	2321	TUDOR	PF00567.30	1.4e-24
Aque_XP_019849024.1	2759	2882	TUDOR	PF00567.30	1.1e-20
Aque_XP_019849025.1	10	129	TUDOR	PF00567.30	3.1e-18
Aque_XP_019849025.1	251	368	TUDOR	PF00567.30	2.5e-19
Aque_XP_019849025.1	486	604	TUDOR	PF00567.30	7.1e-20
Aque_XP_019849025.1	697	816	TUDOR	PF00567.30	1.4e-27
Aque_XP_019849025.1	1108	1225	TUDOR	PF00567.30	7.1e-14
Aque_XP_019849025.1	1312	1432	TUDOR	PF00567.30	3e-22
Aque_XP_019849025.1	1573	1675	TUDOR	PF00567.30	8e-19
Aque_XP_019849025.1	1743	1868	TUDOR	PF00567.30	5.4e-26
Aque_XP_019849025.1	1950	2070	TUDOR	PF00567.30	1.5e-28
Aque_XP_019849025.1	2203	2321	TUDOR	PF00567.30	1.4e-24
Aque_XP_019849025.1	2759	2882	TUDOR	PF00567.30	1.1e-20
Aque_XP_003384366.1	10	129	TUDOR	PF00567.30	3.1e-18
Aque_XP_003384366.1	251	368	TUDOR	PF00567.30	2.6e-19
Aque_XP_003384366.1	486	604	TUDOR	PF00567.30	7.2e-20
Aque_XP_003384366.1	697	816	TUDOR	PF00567.30	1.5e-27
Aque_XP_003384366.1	1142	1259	TUDOR	PF00567.30	7.2e-14
Aque_XP_003384366.1	1346	1466	TUDOR	PF00567.30	3e-22
Aque_XP_003384366.1	1607	1709	TUDOR	PF00567.30	8.2e-19
Aque_XP_003384366.1	1777	1902	TUDOR	PF00567.30	5.5e-26
Aque_XP_003384366.1	1984	2104	TUDOR	PF00567.30	1.5e-28
Aque_XP_003384366.1	2237	2355	TUDOR	PF00567.30	1.4e-24
Aque_XP_003384366.1	2793	2916	TUDOR	PF00567.30	1.1e-20
Dmel_NP_001286665.1	409	524	TUDOR	PF00567.30	1.4e-28
Dmel_NP_001286665.1	594	707	TUDOR	PF00567.30	2.9e-27
Dmel_NP_001286665.1	1010	1129	TUDOR	PF00567.30	4e-28
Dmel_NP_001286665.1	1306	1421	TUDOR	PF00567.30	1.7e-27
Dmel_NP_001286665.1	1612	1724	TUDOR	PF00567.30	8.6e-24
Dmel_NP_001286665.1	1790	1903	TUDOR	PF00567.30	8.5e-25
Dmel_NP_001286665.1	1976	2087	TUDOR	PF00567.30	4.1e-24
Dmel_NP_001286665.1	2157	2274	TUDOR	PF00567.30	1e-26
Dmel_NP_001286665.1	2343	2455	TUDOR	PF00567.30	1.3e-27
Dmel_NP_476773.1	409	524	TUDOR	PF00567.30	1.4e-28
Dmel_NP_476773.1	594	707	TUDOR	PF00567.30	2.9e-27
Dmel_NP_476773.1	1013	1132	TUDOR	PF00567.30	4e-28
Dmel_NP_476773.1	1309	1424	TUDOR	PF00567.30	1.7e-27
Dmel_NP_476773.1	1615	1727	TUDOR	PF00567.30	8.6e-24
Dmel_NP_476773.1	1793	1906	TUDOR	PF00567.30	8.5e-25
Dmel_NP_476773.1	1979	2090	TUDOR	PF00567.30	4.1e-24
Dmel_NP_476773.1	2160	2277	TUDOR	PF00567.30	1e-26
Dmel_NP_476773.1	2346	2458	TUDOR	PF00567.30	1.3e-27
Ofus_CAH1803306.1	2	62	TUDOR	PF00567.30	3.5e-14
Ofus_CAH1803306.1	132	247	TUDOR	PF00567.30	1.5e-24
Ofus_CAH1803306.1	345	456	TUDOR	PF00567.30	1.7e-25
Ofus_CAH1803306.1	553	670	TUDOR	PF00567.30	5.4e-30
Ofus_CAH1803306.1	804	920	TUDOR	PF00567.30	1.4e-28
Ofus_CAH1803306.1	1021	1136	TUDOR	PF00567.30	2.3e-28
Ofus_CAH1803306.1	1311	1405	TUDOR	PF00567.30	2.2e-20
Ofus_CAH1803306.1	1541	1661	TUDOR	PF00567.30	2.9e-23
Ofus_CAH1803306.1	1786	1904	TUDOR	PF00567.30	3.3e-21
Apimel_XP_026302004.1	12	133	TUDOR	PF00567.30	4.9e-12
Apimel_XP_026302004.1	281	397	TUDOR	PF00567.30	1.2e-20
Apimel_XP_026302004.1	480	593	TUDOR	PF00567.30	4e-25
Apimel_XP_026302004.1	897	1014	TUDOR	PF00567.30	1.2e-25
Apimel_XP_026302004.1	1116	1230	TUDOR	PF00567.30	5.6e-23
Apimel_XP_026302004.1	1327	1443	TUDOR	PF00567.30	9.8e-14
Apimel_XP_026302004.1	1508	1620	TUDOR	PF00567.30	1.7e-18
Apimel_XP_026302004.1	1697	1812	TUDOR	PF00567.30	5.1e-22
Apimel_XP_026302004.1	1892	1998	TUDOR	PF00567.30	3e-23
Apimel_XP_026302004.1	2072	2184	TUDOR	PF00567.30	4.1e-24
Spur_XP_030839699.1	6	125	TUDOR	PF00567.30	3.8e-25
Spur_XP_030839699.1	315	433	TUDOR	PF00567.30	1.2e-27
Spur_XP_030839699.1	625	743	TUDOR	PF00567.30	5.6e-30
Spur_XP_030839699.1	846	964	TUDOR	PF00567.30	1.8e-28
Spur_XP_030839699.1	1039	1159	TUDOR	PF00567.30	1.5e-23
Spur_XP_030839699.1	1236	1349	TUDOR	PF00567.30	3.4e-22
Spur_XP_030839699.1	1429	1542	TUDOR	PF00567.30	4.3e-21
Spur_XP_030839699.1	1619	1737	TUDOR	PF00567.30	2.1e-27
Obim_XP_014774883.2	35	157	TUDOR	PF00567.30	2.7e-27
Obim_XP_014774883.2	312	427	TUDOR	PF00567.30	2.1e-25
Obim_XP_014774883.2	497	609	TUDOR	PF00567.30	3.9e-27
Obim_XP_014774883.2	702	820	TUDOR	PF00567.30	1.5e-22
Obim_XP_014774883.2	910	1031	TUDOR	PF00567.30	8.1e-22
Obim_XP_014774883.2	1142	1262	TUDOR	PF00567.30	1.9e-07
Obim_XP_014774883.2	1344	1456	TUDOR	PF00567.30	8.3e-28
Obim_XP_014774883.2	1556	1673	TUDOR	PF00567.30	7.6e-16
Obim_XP_014774883.2	1727	1841	TUDOR	PF00567.30	2.2e-24
Cscu_XP_023213664.1	18	86	TUDOR	PF00567.30	9.8e-19
Cscu_XP_023213664.1	369	483	TUDOR	PF00567.30	3.3e-20
Cscu_XP_023213664.1	580	699	TUDOR	PF00567.30	4.8e-30
Cscu_XP_023213664.1	781	900	TUDOR	PF00567.30	3.8e-33
Cscu_XP_023213664.1	975	1091	TUDOR	PF00567.30	2.9e-28
Cscu_XP_023213664.1	1265	1381	TUDOR	PF00567.30	3.6e-26
Cscu_XP_023213664.1	1457	1573	TUDOR	PF00567.30	8.8e-33
Lpol_XP_022243564.1	1	115	TUDOR	PF00567.30	2.4e-28
Lpol_XP_022243564.1	374	495	TUDOR	PF00567.30	8.9e-31
Lpol_XP_022243564.1	587	708	TUDOR	PF00567.30	1.4e-26
Lpol_XP_022243564.1	795	915	TUDOR	PF00567.30	1.8e-31
Lpol_XP_022243564.1	1007	1103	TUDOR	PF00567.30	5.4e-10
Lpol_XP_022243564.1	1189	1291	TUDOR	PF00567.30	5.5e-21
Lpol_XP_022243564.1	1388	1459	TUDOR	PF00567.30	3.1e-07
Lpol_XP_022243564.1	1598	1715	TUDOR	PF00567.30	7.7e-29
Bmor_XP_037869626.1	5	126	TUDOR	PF00567.30	1.1e-11
Bmor_XP_037869626.1	326	441	TUDOR	PF00567.30	2.5e-16
Bmor_XP_037869626.1	515	628	TUDOR	PF00567.30	3.2e-27
Bmor_XP_037869626.1	937	1054	TUDOR	PF00567.30	1.4e-24
Bmor_XP_037869626.1	1133	1249	TUDOR	PF00567.30	8e-15
Bmor_XP_037869626.1	1326	1430	TUDOR	PF00567.30	1.7e-21
Bmor_XP_037869626.1	1517	1604	TUDOR	PF00567.30	1.3e-20
Bmor_XP_037869626.1	1699	1810	TUDOR	PF00567.30	3.4e-21
Bmor_XP_037869626.1	1885	1995	TUDOR	PF00567.30	3.4e-18
Bmor_XP_037869625.1	5	126	TUDOR	PF00567.30	1.1e-11
Bmor_XP_037869625.1	326	441	TUDOR	PF00567.30	2.6e-16
Bmor_XP_037869625.1	515	628	TUDOR	PF00567.30	3.3e-27
Bmor_XP_037869625.1	984	1101	TUDOR	PF00567.30	1.4e-24
Bmor_XP_037869625.1	1180	1296	TUDOR	PF00567.30	8.2e-15
Bmor_XP_037869625.1	1373	1477	TUDOR	PF00567.30	1.7e-21
Bmor_XP_037869625.1	1564	1651	TUDOR	PF00567.30	1.3e-20
Bmor_XP_037869625.1	1746	1857	TUDOR	PF00567.30	3.5e-21
Bmor_XP_037869625.1	1932	2042	TUDOR	PF00567.30	3.5e-18
Agrpla_XP_025835448.1	5	125	TUDOR	PF00567.30	9.1e-14
Agrpla_XP_025835448.1	242	358	TUDOR	PF00567.30	5.9e-21
Agrpla_XP_025835448.1	431	546	TUDOR	PF00567.30	2e-28
Agrpla_XP_025835448.1	814	922	TUDOR	PF00567.30	5e-21
Agrpla_XP_025835448.1	1103	1216	TUDOR	PF00567.30	3.1e-19
Agrpla_XP_025835448.1	1259	1372	TUDOR	PF00567.30	5.8e-22
Agrpla_XP_025835448.1	1439	1551	TUDOR	PF00567.30	7e-24
Agrpla_XP_025835448.1	1606	1723	TUDOR	PF00567.30	8.3e-22
Agrpla_XP_025835447.1	5	125	TUDOR	PF00567.30	9.2e-14
Agrpla_XP_025835447.1	242	358	TUDOR	PF00567.30	5.9e-21
Agrpla_XP_025835447.1	431	546	TUDOR	PF00567.30	2e-28
Agrpla_XP_025835447.1	823	931	TUDOR	PF00567.30	5e-21
Agrpla_XP_025835447.1	1112	1225	TUDOR	PF00567.30	3.2e-19
Agrpla_XP_025835447.1	1268	1381	TUDOR	PF00567.30	5.9e-22
Agrpla_XP_025835447.1	1448	1560	TUDOR	PF00567.30	7.1e-24
Agrpla_XP_025835447.1	1615	1732	TUDOR	PF00567.30	8.4e-22
Agrpla_XP_025835446.1	5	125	TUDOR	PF00567.30	9.2e-14
Agrpla_XP_025835446.1	242	358	TUDOR	PF00567.30	6e-21
Agrpla_XP_025835446.1	431	546	TUDOR	PF00567.30	2e-28
Agrpla_XP_025835446.1	833	941	TUDOR	PF00567.30	5.1e-21
Agrpla_XP_025835446.1	1122	1235	TUDOR	PF00567.30	3.2e-19
Agrpla_XP_025835446.1	1278	1391	TUDOR	PF00567.30	5.9e-22
Agrpla_XP_025835446.1	1458	1570	TUDOR	PF00567.30	7.1e-24
Agrpla_XP_025835446.1	1625	1742	TUDOR	PF00567.30	8.4e-22
Agrpla_XP_025835445.1	5	125	TUDOR	PF00567.30	9.3e-14
Agrpla_XP_025835445.1	242	358	TUDOR	PF00567.30	6e-21
Agrpla_XP_025835445.1	431	546	TUDOR	PF00567.30	2e-28
Agrpla_XP_025835445.1	842	950	TUDOR	PF00567.30	5.1e-21
Agrpla_XP_025835445.1	1131	1244	TUDOR	PF00567.30	3.2e-19
Agrpla_XP_025835445.1	1287	1400	TUDOR	PF00567.30	5.9e-22
Agrpla_XP_025835445.1	1467	1579	TUDOR	PF00567.30	7.1e-24
Agrpla_XP_025835445.1	1634	1751	TUDOR	PF00567.30	8.4e-22
Btab_XP_018916347.1	25	115	TUDOR	PF00567.30	1.5e-08
Btab_XP_018916347.1	290	409	TUDOR	PF00567.30	4.5e-18
Btab_XP_018916347.1	483	607	TUDOR	PF00567.30	2.2e-26
Btab_XP_018916347.1	921	1037	TUDOR	PF00567.30	1.2e-20
Btab_XP_018916347.1	1133	1243	TUDOR	PF00567.30	8.2e-15
Btab_XP_018916347.1	1309	1419	TUDOR	PF00567.30	3.7e-17
Btab_XP_018916347.1	1501	1604	TUDOR	PF00567.30	1.6e-12
Btab_XP_018916347.1	1670	1775	TUDOR	PF00567.30	5.7e-17
Btab_XP_018916347.1	1841	1944	TUDOR	PF00567.30	1.5e-16
Btab_XP_018916347.1	2102	2207	TUDOR	PF00567.30	1.3e-13
Dpul_XP_046459934.1	49	143	TUDOR	PF00567.30	2e-07
Dpul_XP_046459934.1	297	410	TUDOR	PF00567.30	1e-14
Dpul_XP_046459934.1	530	628	TUDOR	PF00567.30	3.8e-09
Dpul_XP_046459934.1	849	970	TUDOR	PF00567.30	4.1e-29
Dpul_XP_046459934.1	1045	1162	TUDOR	PF00567.30	6e-19
Dpul_XP_046459934.1	1253	1366	TUDOR	PF00567.30	1.1e-26
Dpul_XP_046459934.1	1461	1578	TUDOR	PF00567.30	1.6e-20
Dpul_XP_046459934.1	1775	1881	TUDOR	PF00567.30	2.4e-19
Dpul_XP_046459934.1	2252	2364	TUDOR	PF00567.30	9.8e-20
Dpul_XP_046458432.1	56	120	TUDOR	PF00567.30	2.9e-08
Dpul_XP_046458432.1	269	384	TUDOR	PF00567.30	6.2e-19
Dpul_XP_046458432.1	474	586	TUDOR	PF00567.30	1.1e-08
Dpul_XP_046458432.1	809	926	TUDOR	PF00567.30	3.9e-28
Dpul_XP_046458432.1	1002	1122	TUDOR	PF00567.30	3.1e-17
Dpul_XP_046458432.1	1216	1329	TUDOR	PF00567.30	2.3e-23
Dpul_XP_046458432.1	1388	1507	TUDOR	PF00567.30	4.4e-16
Dpul_XP_046458432.1	1618	1732	TUDOR	PF00567.30	4.9e-21
Dpul_XP_046458432.1	1815	1928	TUDOR	PF00567.30	1.3e-16
Lcom_lcpid13121|	8	115	TUDOR	PF00567.30	7.1e-28
Lcom_lcpid13121|	205	323	TUDOR	PF00567.30	2.7e-17
Lcom_lcpid13121|	402	518	TUDOR	PF00567.30	1.9e-21
Lcom_lcpid13121|	617	733	TUDOR	PF00567.30	1.7e-20
Lcom_lcpid13121|	852	964	TUDOR	PF00567.30	9.1e-07
Lcom_lcpid13121|	1180	1294	TUDOR	PF00567.30	3.3e-22
Lcom_lcpid13121|	1361	1466	TUDOR	PF00567.30	3.8e-16
Lcom_lcpid13121|	1535	1646	TUDOR	PF00567.30	2.1e-23
Cvir_XP_022288337.1	563	679	TUDOR	PF00567.30	1.5e-17
Cvir_XP_022288337.1	778	891	TUDOR	PF00567.30	7e-20
Cvir_XP_022288337.1	977	1084	TUDOR	PF00567.30	4.6e-21
Cvir_XP_022288337.1	1192	1304	TUDOR	PF00567.30	4.5e-24
Cvir_XP_022288337.1	1397	1508	TUDOR	PF00567.30	1.3e-24
Cvir_XP_022288337.1	1582	1699	TUDOR	PF00567.30	1.5e-22
Cvir_XP_022288337.1	1807	1931	TUDOR	PF00567.30	2.4e-26
Hsap_NP_001010870.1	43	133	TUDOR	PF00567.30	3.7e-07
Hsap_NP_001010870.1	250	380	TUDOR	PF00567.30	7.5e-14
Hsap_NP_001010870.1	485	603	TUDOR	PF00567.30	1e-21
Hsap_NP_001010870.1	770	886	TUDOR	PF00567.30	8.9e-27
Hsap_NP_001010870.1	984	1101	TUDOR	PF00567.30	5.2e-22
Hsap_NP_001010870.1	1304	1422	TUDOR	PF00567.30	2.7e-31
Hsap_NP_001010870.1	1516	1638	TUDOR	PF00567.30	9.2e-28
Cvir_XP_022288335.1	563	679	TUDOR	PF00567.30	1.5e-17
Cvir_XP_022288335.1	778	891	TUDOR	PF00567.30	7e-20
Cvir_XP_022288335.1	977	1084	TUDOR	PF00567.30	4.6e-21
Cvir_XP_022288335.1	1192	1304	TUDOR	PF00567.30	4.5e-24
Cvir_XP_022288335.1	1397	1508	TUDOR	PF00567.30	1.3e-24
Cvir_XP_022288335.1	1582	1699	TUDOR	PF00567.30	1.5e-22
Cvir_XP_022288335.1	1807	1932	TUDOR	PF00567.30	8.7e-26
Cvir_XP_022288336.1	563	679	TUDOR	PF00567.30	1.5e-17
Cvir_XP_022288336.1	778	891	TUDOR	PF00567.30	7e-20
Cvir_XP_022288336.1	977	1084	TUDOR	PF00567.30	4.6e-21
Cvir_XP_022288336.1	1192	1304	TUDOR	PF00567.30	4.5e-24
Cvir_XP_022288336.1	1397	1508	TUDOR	PF00567.30	1.3e-24
Cvir_XP_022288336.1	1582	1699	TUDOR	PF00567.30	1.5e-22
Cvir_XP_022288336.1	1807	1932	TUDOR	PF00567.30	8.7e-26
Ggal_XP_025005057.2	244	363	TUDOR	PF00567.30	5.3e-24
Ggal_XP_025005057.2	490	610	TUDOR	PF00567.30	3e-26
Ggal_XP_025005057.2	769	885	TUDOR	PF00567.30	1.2e-26
Ggal_XP_025005057.2	979	1100	TUDOR	PF00567.30	1.2e-20
Ggal_XP_025005057.2	1321	1441	TUDOR	PF00567.30	7.1e-24
Ggal_XP_025005057.2	1567	1678	TUDOR	PF00567.30	3.1e-14
Ggal_XP_025005057.2	1777	1891	TUDOR	PF00567.30	1.5e-12
Ggal_XP_015140542.2	248	367	TUDOR	PF00567.30	5.3e-24
Ggal_XP_015140542.2	494	614	TUDOR	PF00567.30	3e-26
Ggal_XP_015140542.2	773	889	TUDOR	PF00567.30	1.2e-26
Ggal_XP_015140542.2	983	1104	TUDOR	PF00567.30	1.2e-20
Ggal_XP_015140542.2	1325	1445	TUDOR	PF00567.30	7.1e-24
Ggal_XP_015140542.2	1571	1682	TUDOR	PF00567.30	3.1e-14
Ggal_XP_015140542.2	1781	1895	TUDOR	PF00567.30	1.5e-12
Hsap_NP_001161831.1	43	133	TUDOR	PF00567.30	3.6e-07
Hsap_NP_001161831.1	250	380	TUDOR	PF00567.30	7.3e-14
Hsap_NP_001161831.1	485	603	TUDOR	PF00567.30	1e-21
Hsap_NP_001161831.1	770	886	TUDOR	PF00567.30	8.8e-27
Hsap_NP_001161831.1	984	1101	TUDOR	PF00567.30	5.1e-22
Hsap_NP_001161831.1	1304	1422	TUDOR	PF00567.30	2.6e-31
Hsap_NP_001161831.1	1516	1638	TUDOR	PF00567.30	9e-28
Drer_NP_001410719.1	10	128	TUDOR	PF00567.30	3.3e-09
Drer_NP_001410719.1	243	361	TUDOR	PF00567.30	7e-18
Drer_NP_001410719.1	476	595	TUDOR	PF00567.30	4.3e-26
Drer_NP_001410719.1	711	827	TUDOR	PF00567.30	1.9e-27
Drer_NP_001410719.1	929	1043	TUDOR	PF00567.30	2.1e-18
Drer_NP_001410719.1	1233	1350	TUDOR	PF00567.30	3.3e-24
Drer_NP_001410719.1	1438	1554	TUDOR	PF00567.30	6.1e-22
Dpul_XP_046459847.1	34	114	TUDOR	PF00567.30	1.4e-08
Dpul_XP_046459847.1	278	400	TUDOR	PF00567.30	3.7e-11
Dpul_XP_046459847.1	535	653	TUDOR	PF00567.30	2.1e-26
Dpul_XP_046459847.1	732	850	TUDOR	PF00567.30	6.9e-21
Dpul_XP_046459847.1	939	1050	TUDOR	PF00567.30	4e-20
Dpul_XP_046459847.1	1161	1276	TUDOR	PF00567.30	1.4e-19
Dpul_XP_046459847.1	1365	1478	TUDOR	PF00567.30	3e-20
Dpul_XP_046459847.1	1563	1668	TUDOR	PF00567.30	5.8e-14
Dpul_XP_046459846.1	34	114	TUDOR	PF00567.30	1.4e-08
Dpul_XP_046459846.1	278	400	TUDOR	PF00567.30	3.7e-11
Dpul_XP_046459846.1	537	655	TUDOR	PF00567.30	2.1e-26
Dpul_XP_046459846.1	734	852	TUDOR	PF00567.30	6.9e-21
Dpul_XP_046459846.1	941	1052	TUDOR	PF00567.30	4e-20
Dpul_XP_046459846.1	1163	1278	TUDOR	PF00567.30	1.4e-19
Dpul_XP_046459846.1	1367	1480	TUDOR	PF00567.30	3e-20
Dpul_XP_046459846.1	1565	1670	TUDOR	PF00567.30	5.8e-14
Xtro_XP_017949976.2	271	389	TUDOR	PF00567.30	1.7e-15
Xtro_XP_017949976.2	497	612	TUDOR	PF00567.30	1.7e-22
Xtro_XP_017949976.2	742	862	TUDOR	PF00567.30	1.4e-26
Xtro_XP_017949976.2	962	1074	TUDOR	PF00567.30	2.4e-23
Xtro_XP_017949976.2	1369	1484	TUDOR	PF00567.30	7.6e-23
Xtro_XP_017949976.2	1576	1692	TUDOR	PF00567.30	5e-26
Xtro_XP_031758871.1	271	389	TUDOR	PF00567.30	1.7e-15
Xtro_XP_031758871.1	497	612	TUDOR	PF00567.30	1.7e-22
Xtro_XP_031758871.1	742	862	TUDOR	PF00567.30	1.4e-26
Xtro_XP_031758871.1	962	1074	TUDOR	PF00567.30	2.5e-23
Xtro_XP_031758871.1	1369	1484	TUDOR	PF00567.30	7.8e-23
Xtro_XP_031758871.1	1576	1692	TUDOR	PF00567.30	5.1e-26
Xtro_XP_031758870.1	271	389	TUDOR	PF00567.30	1.7e-15
Xtro_XP_031758870.1	497	612	TUDOR	PF00567.30	1.7e-22
Xtro_XP_031758870.1	742	862	TUDOR	PF00567.30	1.4e-26
Xtro_XP_031758870.1	962	1074	TUDOR	PF00567.30	2.5e-23
Xtro_XP_031758870.1	1369	1484	TUDOR	PF00567.30	7.9e-23
Xtro_XP_031758870.1	1576	1692	TUDOR	PF00567.30	5.2e-26
Scil_XP_065186415.1	4	115	TUDOR	PF00567.30	2.3e-28
Scil_XP_065186415.1	209	327	TUDOR	PF00567.30	4.3e-16
Scil_XP_065186415.1	426	526	TUDOR	PF00567.30	6.7e-15
Scil_XP_065186415.1	634	753	TUDOR	PF00567.30	2.1e-20
Scil_XP_065186415.1	876	988	TUDOR	PF00567.30	6.1e-14
Scil_XP_065186415.1	1216	1317	TUDOR	PF00567.30	1.8e-19
Scil_XP_065186415.1	1382	1495	TUDOR	PF00567.30	1.1e-23
Hsap_NP_001293066.1	239	356	TUDOR	PF00567.30	6.6e-19
Hsap_NP_001293066.1	486	600	TUDOR	PF00567.30	2.5e-23
Hsap_NP_001293066.1	758	866	TUDOR	PF00567.30	1.1e-19
Hsap_NP_001293066.1	963	1083	TUDOR	PF00567.30	1.6e-21
Hsap_NP_001293066.1	1293	1412	TUDOR	PF00567.30	1.1e-21
Hsap_NP_001293066.1	1528	1641	TUDOR	PF00567.30	1.8e-14
Hsap_NP_001293066.1	1734	1852	TUDOR	PF00567.30	5.5e-11
Hsap_XP_011531514.1	239	356	TUDOR	PF00567.30	6.6e-19
Hsap_XP_011531514.1	486	600	TUDOR	PF00567.30	2.5e-23
Hsap_XP_011531514.1	758	866	TUDOR	PF00567.30	1.1e-19
Hsap_XP_011531514.1	963	1083	TUDOR	PF00567.30	1.6e-21
Hsap_XP_011531514.1	1293	1412	TUDOR	PF00567.30	1.1e-21
Hsap_XP_011531514.1	1528	1641	TUDOR	PF00567.30	1.8e-14
Hsap_XP_011531514.1	1734	1852	TUDOR	PF00567.30	5.5e-11
Hsap_XP_054188977.1	239	356	TUDOR	PF00567.30	6.6e-19
Hsap_XP_054188977.1	486	600	TUDOR	PF00567.30	2.5e-23
Hsap_XP_054188977.1	758	866	TUDOR	PF00567.30	1.1e-19
Hsap_XP_054188977.1	963	1083	TUDOR	PF00567.30	1.6e-21
Hsap_XP_054188977.1	1293	1412	TUDOR	PF00567.30	1.1e-21
Hsap_XP_054188977.1	1528	1641	TUDOR	PF00567.30	1.8e-14
Hsap_XP_054188977.1	1734	1852	TUDOR	PF00567.30	5.5e-11
Ofus_CAH1803308.1	4	123	TUDOR	PF00567.30	3.2e-27
Ofus_CAH1803308.1	317	436	TUDOR	PF00567.30	3e-29
Ofus_CAH1803308.1	569	691	TUDOR	PF00567.30	4.5e-27
Ofus_CAH1803308.1	869	987	TUDOR	PF00567.30	2e-31
Ofus_CAH1803308.1	1067	1186	TUDOR	PF00567.30	1.3e-25
Apla_XP_022086656.1	800	923	TUDOR	PF00567.30	6.2e-23
Apla_XP_022086656.1	1024	1145	TUDOR	PF00567.30	4.4e-22
Apla_XP_022086656.1	1257	1376	TUDOR	PF00567.30	6.3e-21
Apla_XP_022086656.1	1513	1632	TUDOR	PF00567.30	4.1e-22
Apla_XP_022086656.1	1779	1901	TUDOR	PF00567.30	4e-24
Apla_XP_022086656.1	1997	2117	TUDOR	PF00567.30	8.9e-23
Apla_XP_022086655.1	875	998	TUDOR	PF00567.30	6.4e-23
Apla_XP_022086655.1	1099	1220	TUDOR	PF00567.30	4.5e-22
Apla_XP_022086655.1	1332	1451	TUDOR	PF00567.30	6.5e-21
Apla_XP_022086655.1	1588	1707	TUDOR	PF00567.30	4.3e-22
Apla_XP_022086655.1	1854	1976	TUDOR	PF00567.30	4.1e-24
Apla_XP_022086655.1	2072	2192	TUDOR	PF00567.30	9.2e-23
Apla_XP_022086654.1	875	998	TUDOR	PF00567.30	6.5e-23
Apla_XP_022086654.1	1099	1220	TUDOR	PF00567.30	4.5e-22
Apla_XP_022086654.1	1332	1451	TUDOR	PF00567.30	6.6e-21
Apla_XP_022086654.1	1588	1707	TUDOR	PF00567.30	4.3e-22
Apla_XP_022086654.1	1854	1976	TUDOR	PF00567.30	4.2e-24
Apla_XP_022086654.1	2072	2192	TUDOR	PF00567.30	9.2e-23
Lcom_lcpid10043|	517	632	TUDOR	PF00567.30	2.6e-08
Lcom_lcpid10043|	797	914	TUDOR	PF00567.30	3.1e-24
Lcom_lcpid10043|	1023	1147	TUDOR	PF00567.30	2.3e-23
Lcom_lcpid10043|	1399	1519	TUDOR	PF00567.30	7.5e-23
Lcom_lcpid10043|	1658	1773	TUDOR	PF00567.30	9.2e-29
Lcom_lcpid10043|	1921	2045	TUDOR	PF00567.30	2.4e-28
Drer_XP_068074939.1	63	128	TUDOR	PF00567.30	8.3e-09
Drer_XP_068074939.1	246	360	TUDOR	PF00567.30	3.5e-17
Drer_XP_068074939.1	512	630	TUDOR	PF00567.30	4.2e-19
Drer_XP_068074939.1	787	900	TUDOR	PF00567.30	2.2e-21
Drer_XP_068074939.1	983	1099	TUDOR	PF00567.30	2.5e-23
Drer_XP_068074939.1	1248	1364	TUDOR	PF00567.30	3.8e-24
Drer_XP_068074939.1	1454	1572	TUDOR	PF00567.30	6.4e-21
Xtro_XP_012826791.2	60	123	TUDOR	PF00567.30	8e-08
Xtro_XP_012826791.2	247	363	TUDOR	PF00567.30	6e-16
Xtro_XP_012826791.2	475	588	TUDOR	PF00567.30	1.8e-23
Xtro_XP_012826791.2	720	837	TUDOR	PF00567.30	3e-19
Xtro_XP_012826791.2	930	1051	TUDOR	PF00567.30	3.5e-20
Xtro_XP_012826791.2	1219	1329	TUDOR	PF00567.30	8e-20
Xtro_XP_012826791.2	1449	1560	TUDOR	PF00567.30	5.4e-10
Xtro_XP_012826791.2	1651	1765	TUDOR	PF00567.30	3.6e-15
Xtro_XP_031758847.1	78	141	TUDOR	PF00567.30	8.1e-08
Xtro_XP_031758847.1	265	381	TUDOR	PF00567.30	6.1e-16
Xtro_XP_031758847.1	493	606	TUDOR	PF00567.30	1.9e-23
Xtro_XP_031758847.1	738	855	TUDOR	PF00567.30	3e-19
Xtro_XP_031758847.1	948	1069	TUDOR	PF00567.30	3.5e-20
Xtro_XP_031758847.1	1237	1347	TUDOR	PF00567.30	8e-20
Xtro_XP_031758847.1	1467	1578	TUDOR	PF00567.30	5.5e-10
Xtro_XP_031758847.1	1669	1783	TUDOR	PF00567.30	3.7e-15
Xtro_XP_031758848.1	78	141	TUDOR	PF00567.30	8.1e-08
Xtro_XP_031758848.1	265	381	TUDOR	PF00567.30	6.1e-16
Xtro_XP_031758848.1	493	606	TUDOR	PF00567.30	1.9e-23
Xtro_XP_031758848.1	738	855	TUDOR	PF00567.30	3e-19
Xtro_XP_031758848.1	948	1069	TUDOR	PF00567.30	3.5e-20
Xtro_XP_031758848.1	1237	1347	TUDOR	PF00567.30	8e-20
Xtro_XP_031758848.1	1467	1578	TUDOR	PF00567.30	5.5e-10
Xtro_XP_031758848.1	1669	1783	TUDOR	PF00567.30	3.7e-15
Lcom_lcpid10230|	517	632	TUDOR	PF00567.30	2.6e-08
Lcom_lcpid10230|	797	914	TUDOR	PF00567.30	3.1e-24
Lcom_lcpid10230|	1023	1147	TUDOR	PF00567.30	2.3e-23
Lcom_lcpid10230|	1399	1519	TUDOR	PF00567.30	7.5e-23
Lcom_lcpid10230|	1637	1752	TUDOR	PF00567.30	1.6e-27
Lcom_lcpid10230|	1903	2027	TUDOR	PF00567.30	2.4e-28
Drer_XP_021322957.2	63	128	TUDOR	PF00567.30	8.3e-09
Drer_XP_021322957.2	246	360	TUDOR	PF00567.30	3.5e-17
Drer_XP_021322957.2	512	630	TUDOR	PF00567.30	8e-19
Drer_XP_021322957.2	787	900	TUDOR	PF00567.30	2.2e-21
Drer_XP_021322957.2	983	1099	TUDOR	PF00567.30	2.5e-23
Drer_XP_021322957.2	1248	1364	TUDOR	PF00567.30	1.3e-24
Drer_XP_021322957.2	1454	1572	TUDOR	PF00567.30	7.9e-20
Drer_NP_001182210.1	49	125	TUDOR	PF00567.30	5.3e-09
Drer_NP_001182210.1	250	370	TUDOR	PF00567.30	2.2e-21
Drer_NP_001182210.1	469	590	TUDOR	PF00567.30	7.2e-29
Drer_NP_001182210.1	738	852	TUDOR	PF00567.30	1.1e-20
Drer_NP_001182210.1	948	1065	TUDOR	PF00567.30	5.6e-21
Drer_NP_001182210.1	1227	1339	TUDOR	PF00567.30	1.1e-21
Drer_NP_001182210.1	1614	1729	TUDOR	PF00567.30	6.9e-10
Drer_XP_005170248.1	49	125	TUDOR	PF00567.30	5.3e-09
Drer_XP_005170248.1	250	370	TUDOR	PF00567.30	2.2e-21
Drer_XP_005170248.1	469	590	TUDOR	PF00567.30	7.2e-29
Drer_XP_005170248.1	738	852	TUDOR	PF00567.30	1.1e-20
Drer_XP_005170248.1	948	1065	TUDOR	PF00567.30	5.6e-21
Drer_XP_005170248.1	1227	1339	TUDOR	PF00567.30	1.1e-21
Drer_XP_005170248.1	1614	1729	TUDOR	PF00567.30	6.9e-10
Aplcal_XP_005100406.1	441	556	TUDOR	PF00567.30	2.1e-16
Aplcal_XP_005100406.1	657	775	TUDOR	PF00567.30	1.4e-20
Aplcal_XP_005100406.1	940	1051	TUDOR	PF00567.30	3.2e-29
Aplcal_XP_005100406.1	1135	1254	TUDOR	PF00567.30	1.5e-19
Aplcal_XP_005100406.1	1347	1462	TUDOR	PF00567.30	1.4e-25
Aplcal_XP_005100406.1	1541	1658	TUDOR	PF00567.30	8e-21
Hsap_NP_001372294.1	261	382	TUDOR	PF00567.30	2.8e-29
Hsap_NP_001372294.1	492	611	TUDOR	PF00567.30	4.7e-33
Hsap_NP_001372294.1	712	831	TUDOR	PF00567.30	3.8e-36
Hsap_NP_001372294.1	937	1059	TUDOR	PF00567.30	5.8e-32
Hsap_NP_001352820.1	261	382	TUDOR	PF00567.30	2.8e-29
Hsap_NP_001352820.1	492	611	TUDOR	PF00567.30	4.8e-33
Hsap_NP_001352820.1	712	831	TUDOR	PF00567.30	3.9e-36
Hsap_NP_001352820.1	933	1055	TUDOR	PF00567.30	5.8e-32
Hsap_NP_001372293.1	261	382	TUDOR	PF00567.30	2.8e-29
Hsap_NP_001372293.1	492	611	TUDOR	PF00567.30	4.8e-33
Hsap_NP_001372293.1	712	831	TUDOR	PF00567.30	3.9e-36
Hsap_NP_001372293.1	937	1059	TUDOR	PF00567.30	5.9e-32
Hsap_NP_001382134.1	261	382	TUDOR	PF00567.30	2.8e-29
Hsap_NP_001382134.1	492	611	TUDOR	PF00567.30	4.8e-33
Hsap_NP_001382134.1	712	831	TUDOR	PF00567.30	3.9e-36
Hsap_NP_001382134.1	937	1059	TUDOR	PF00567.30	5.9e-32
Hsap_NP_001372292.1	261	382	TUDOR	PF00567.30	2.9e-29
Hsap_NP_001372292.1	492	611	TUDOR	PF00567.30	4.8e-33
Hsap_NP_001372292.1	712	831	TUDOR	PF00567.30	3.9e-36
Hsap_NP_001372292.1	937	1059	TUDOR	PF00567.30	5.9e-32
Hsap_NP_942090.1	261	382	TUDOR	PF00567.30	2.9e-29
Hsap_NP_942090.1	492	611	TUDOR	PF00567.30	4.8e-33
Hsap_NP_942090.1	712	831	TUDOR	PF00567.30	3.9e-36
Hsap_NP_942090.1	937	1059	TUDOR	PF00567.30	5.9e-32
Hsap_XP_011538261.1	261	382	TUDOR	PF00567.30	2.9e-29
Hsap_XP_011538261.1	492	611	TUDOR	PF00567.30	4.8e-33
Hsap_XP_011538261.1	712	831	TUDOR	PF00567.30	3.9e-36
Hsap_XP_011538261.1	937	1059	TUDOR	PF00567.30	5.9e-32
Hsap_XP_011538262.1	261	382	TUDOR	PF00567.30	2.9e-29
Hsap_XP_011538262.1	492	611	TUDOR	PF00567.30	4.8e-33
Hsap_XP_011538262.1	712	831	TUDOR	PF00567.30	3.9e-36
Hsap_XP_011538262.1	937	1059	TUDOR	PF00567.30	5.9e-32
Hsap_XP_011538263.1	261	382	TUDOR	PF00567.30	2.9e-29
Hsap_XP_011538263.1	492	611	TUDOR	PF00567.30	4.8e-33
Hsap_XP_011538263.1	712	831	TUDOR	PF00567.30	3.9e-36
Hsap_XP_011538263.1	937	1059	TUDOR	PF00567.30	5.9e-32
Hsap_XP_011538264.1	261	382	TUDOR	PF00567.30	2.9e-29
Hsap_XP_011538264.1	492	611	TUDOR	PF00567.30	4.8e-33
Hsap_XP_011538264.1	712	831	TUDOR	PF00567.30	3.9e-36
Hsap_XP_011538264.1	937	1059	TUDOR	PF00567.30	5.9e-32
Hsap_NP_001372301.1	261	382	TUDOR	PF00567.30	2.5e-29
Hsap_NP_001372301.1	492	611	TUDOR	PF00567.30	4.3e-33
Hsap_NP_001372301.1	712	831	TUDOR	PF00567.30	3.5e-36
Hsap_NP_001372301.1	937	1058	TUDOR	PF00567.30	1.1e-31
Hsap_NP_001372297.1	261	382	TUDOR	PF00567.30	2.6e-29
Hsap_NP_001372297.1	492	611	TUDOR	PF00567.30	4.4e-33
Hsap_NP_001372297.1	712	831	TUDOR	PF00567.30	3.6e-36
Hsap_NP_001372297.1	937	1058	TUDOR	PF00567.30	1.1e-31
Hsap_NP_001372298.1	261	382	TUDOR	PF00567.30	2.6e-29
Hsap_NP_001372298.1	492	611	TUDOR	PF00567.30	4.4e-33
Hsap_NP_001372298.1	712	831	TUDOR	PF00567.30	3.6e-36
Hsap_NP_001372298.1	937	1058	TUDOR	PF00567.30	1.1e-31
Hsap_NP_001372296.1	261	382	TUDOR	PF00567.30	2.6e-29
Hsap_NP_001372296.1	492	611	TUDOR	PF00567.30	4.4e-33
Hsap_NP_001372296.1	712	831	TUDOR	PF00567.30	3.6e-36
Hsap_NP_001372296.1	937	1058	TUDOR	PF00567.30	1.1e-31
Cscu_XP_023217264.1	466	577	TUDOR	PF00567.30	2.7e-26
Cscu_XP_023217264.1	692	797	TUDOR	PF00567.30	2.8e-14
Cscu_XP_023217264.1	899	1009	TUDOR	PF00567.30	1.7e-15
Cscu_XP_023217264.1	1138	1224	TUDOR	PF00567.30	1e-10
Cscu_XP_023217264.1	1392	1476	TUDOR	PF00567.30	4.2e-11
Cscu_XP_023217264.1	1603	1716	TUDOR	PF00567.30	1.1e-24
Cscu_XP_023217264.1	1794	1908	TUDOR	PF00567.30	3.3e-26
Emue_Em0013g844a	839	949	TUDOR	PF00567.30	3.7e-24
Emue_Em0013g844a	1175	1292	TUDOR	PF00567.30	3.2e-15
Emue_Em0013g844a	1495	1615	TUDOR	PF00567.30	1.7e-24
Emue_Em0013g844a	1717	1835	TUDOR	PF00567.30	6.3e-24
Emue_Em0013g844a	1937	2055	TUDOR	PF00567.30	1.2e-24
Emue_Em0013g844a	2157	2233	TUDOR	PF00567.30	1.4e-10
Dpul_XP_046459848.1	43	119	TUDOR	PF00567.30	1.9e-06
Dpul_XP_046459848.1	279	392	TUDOR	PF00567.30	9.7e-14
Dpul_XP_046459848.1	525	623	TUDOR	PF00567.30	1.9e-12
Dpul_XP_046459848.1	889	1007	TUDOR	PF00567.30	2.5e-27
Dpul_XP_046459848.1	1084	1202	TUDOR	PF00567.30	2.1e-21
Dpul_XP_046459848.1	1291	1402	TUDOR	PF00567.30	1.2e-21
Dpul_XP_046459848.1	1528	1645	TUDOR	PF00567.30	2.3e-21
Lcom_lcpid19860|	356	472	TUDOR	PF00567.30	3.9e-24
Lcom_lcpid19860|	549	667	TUDOR	PF00567.30	5.1e-24
Lcom_lcpid19860|	820	939	TUDOR	PF00567.30	2e-21
Lcom_lcpid19860|	1078	1193	TUDOR	PF00567.30	6.3e-29
Lcom_lcpid19860|	1341	1465	TUDOR	PF00567.30	1.6e-28
Lcom_lcpid20429|	356	472	TUDOR	PF00567.30	3.9e-24
Lcom_lcpid20429|	549	667	TUDOR	PF00567.30	5.1e-24
Lcom_lcpid20429|	820	939	TUDOR	PF00567.30	2e-21
Lcom_lcpid20429|	1057	1172	TUDOR	PF00567.30	1.1e-27
Lcom_lcpid20429|	1323	1447	TUDOR	PF00567.30	1.6e-28
Cvir_XP_022292973.1	483	605	TUDOR	PF00567.30	9.6e-25
Cvir_XP_022292973.1	703	824	TUDOR	PF00567.30	2.9e-27
Cvir_XP_022292973.1	996	1111	TUDOR	PF00567.30	4.4e-22
Cvir_XP_022292973.1	1221	1340	TUDOR	PF00567.30	1.4e-24
Cvir_XP_022292973.1	1435	1569	TUDOR	PF00567.30	9.6e-25
Cvir_XP_022292974.1	483	605	TUDOR	PF00567.30	9.2e-25
Cvir_XP_022292974.1	703	830	TUDOR	PF00567.30	1.4e-25
Cvir_XP_022292974.1	1002	1117	TUDOR	PF00567.30	4.2e-22
Cvir_XP_022292974.1	1227	1346	TUDOR	PF00567.30	1.3e-24
Cvir_XP_022292974.1	1441	1575	TUDOR	PF00567.30	9.2e-25
Cvir_XP_022293122.1	483	605	TUDOR	PF00567.30	9.6e-25
Cvir_XP_022293122.1	703	824	TUDOR	PF00567.30	2e-26
Cvir_XP_022293122.1	996	1111	TUDOR	PF00567.30	7.2e-22
Cvir_XP_022293122.1	1221	1340	TUDOR	PF00567.30	3.8e-24
Cvir_XP_022293122.1	1435	1569	TUDOR	PF00567.30	6.6e-25
Cvir_XP_022292972.1	477	599	TUDOR	PF00567.30	9.6e-25
Cvir_XP_022292972.1	697	824	TUDOR	PF00567.30	1.5e-25
Cvir_XP_022292972.1	996	1111	TUDOR	PF00567.30	4.4e-22
Cvir_XP_022292972.1	1221	1340	TUDOR	PF00567.30	1.4e-24
Cvir_XP_022292972.1	1435	1569	TUDOR	PF00567.30	9.6e-25
Cvir_XP_022292971.1	483	605	TUDOR	PF00567.30	9.7e-25
Cvir_XP_022292971.1	703	830	TUDOR	PF00567.30	1.5e-25
Cvir_XP_022292971.1	1002	1117	TUDOR	PF00567.30	4.5e-22
Cvir_XP_022292971.1	1227	1346	TUDOR	PF00567.30	1.4e-24
Cvir_XP_022292971.1	1441	1575	TUDOR	PF00567.30	9.7e-25
Cvir_XP_022293123.1	483	605	TUDOR	PF00567.30	9.2e-25
Cvir_XP_022293123.1	703	830	TUDOR	PF00567.30	1e-24
Cvir_XP_022293123.1	1002	1117	TUDOR	PF00567.30	6.9e-22
Cvir_XP_022293123.1	1227	1346	TUDOR	PF00567.30	3.6e-24
Cvir_XP_022293123.1	1441	1575	TUDOR	PF00567.30	6.3e-25
Cvir_XP_022293121.1	483	605	TUDOR	PF00567.30	9.7e-25
Cvir_XP_022293121.1	703	830	TUDOR	PF00567.30	1.1e-24
Cvir_XP_022293121.1	1002	1117	TUDOR	PF00567.30	7.2e-22
Cvir_XP_022293121.1	1227	1346	TUDOR	PF00567.30	3.8e-24
Cvir_XP_022293121.1	1441	1575	TUDOR	PF00567.30	6.6e-25
Ggal_XP_421768.7	420	543	TUDOR	PF00567.30	4.5e-24
Ggal_XP_421768.7	626	744	TUDOR	PF00567.30	2.7e-32
Ggal_XP_421768.7	846	962	TUDOR	PF00567.30	1.2e-33
Ggal_XP_421768.7	1050	1168	TUDOR	PF00567.30	1.6e-28
Btab_XP_018897885.1	788	900	TUDOR	PF00567.30	8.9e-27
Btab_XP_018897885.1	981	1096	TUDOR	PF00567.30	4.6e-24
Btab_XP_018897885.1	1198	1307	TUDOR	PF00567.30	5.1e-10
Btab_XP_018897885.1	1373	1488	TUDOR	PF00567.30	5e-13
Btab_XP_018897885.1	1603	1714	TUDOR	PF00567.30	3.7e-12
Btab_XP_018897885.1	1771	1884	TUDOR	PF00567.30	1.2e-14
Btab_XP_018897885.1	1950	2062	TUDOR	PF00567.30	7.3e-08
Avag_UJR37638.1	517	637	TUDOR	PF00567.30	3.1e-19
Avag_UJR37638.1	727	838	TUDOR	PF00567.30	5.9e-15
Avag_UJR37638.1	1010	1122	TUDOR	PF00567.30	3.8e-10
Avag_UJR37638.1	1573	1688	TUDOR	PF00567.30	1.8e-23
Avag_UJR37638.1	1750	1866	TUDOR	PF00567.30	6.1e-15
Avag_UJR37638.1	1977	2097	TUDOR	PF00567.30	6.3e-18
Avag_UJR37638.1	2175	2273	TUDOR	PF00567.30	3e-10
Mlei_ML182513a-PA	289	404	TUDOR	PF00567.30	4.4e-16
Mlei_ML182513a-PA	457	519	TUDOR	PF00567.30	4.2e-16
Mlei_ML182513a-PA	583	702	TUDOR	PF00567.30	3e-19
Mlei_ML182513a-PA	773	893	TUDOR	PF00567.30	1e-23
Mlei_ML182513a-PA	1006	1120	TUDOR	PF00567.30	1e-20
Mlei_ML182513a-PA	1200	1309	TUDOR	PF00567.30	6.9e-15
Xtro_XP_004919431.1	176	300	TUDOR	PF00567.30	7.1e-25
Xtro_XP_004919431.1	409	526	TUDOR	PF00567.30	4.8e-32
Xtro_XP_004919431.1	630	749	TUDOR	PF00567.30	1.1e-30
Xtro_XP_004919431.1	916	1036	TUDOR	PF00567.30	1.2e-23
Xtro_XP_004919430.1	191	315	TUDOR	PF00567.30	7.3e-25
Xtro_XP_004919430.1	424	541	TUDOR	PF00567.30	4.9e-32
Xtro_XP_004919430.1	645	764	TUDOR	PF00567.30	1.1e-30
Xtro_XP_004919430.1	931	1051	TUDOR	PF00567.30	1.2e-23
Xtro_XP_004919429.1	194	318	TUDOR	PF00567.30	7.3e-25
Xtro_XP_004919429.1	427	544	TUDOR	PF00567.30	4.9e-32
Xtro_XP_004919429.1	648	767	TUDOR	PF00567.30	1.1e-30
Xtro_XP_004919429.1	934	1054	TUDOR	PF00567.30	1.2e-23
Lana_XP_013416573.1	470	589	TUDOR	PF00567.30	1.9e-25
Lana_XP_013416573.1	692	810	TUDOR	PF00567.30	6.8e-26
Lana_XP_013416573.1	1066	1177	TUDOR	PF00567.30	2.9e-24
Lana_XP_013416573.1	1602	1694	TUDOR	PF00567.30	3.4e-16
Lana_XP_013416573.1	1823	1922	TUDOR	PF00567.30	3.9e-21
Lcom_lcpid41451|	10	120	TUDOR	PF00567.30	6.6e-26
Lcom_lcpid41451|	196	310	TUDOR	PF00567.30	8e-17
Lcom_lcpid41451|	402	513	TUDOR	PF00567.30	3.2e-24
Lcom_lcpid41451|	608	727	TUDOR	PF00567.30	4.9e-22
Lcom_lcpid41451|	836	949	TUDOR	PF00567.30	8.5e-20
Hsap_XP_016871903.1	261	328	TUDOR	PF00567.30	2.4e-08
Hsap_XP_016871903.1	444	563	TUDOR	PF00567.30	4.6e-33
Hsap_XP_016871903.1	664	783	TUDOR	PF00567.30	3.7e-36
Hsap_XP_016871903.1	889	1011	TUDOR	PF00567.30	5.6e-32
Pvan_XP_027230408.2	251	364	TUDOR	PF00567.30	4.6e-13
Pvan_XP_027230408.2	428	540	TUDOR	PF00567.30	2.3e-18
Pvan_XP_027230408.2	795	894	TUDOR	PF00567.30	2.3e-17
Pvan_XP_027230408.2	1400	1519	TUDOR	PF00567.30	3.9e-28
Pvan_XP_027230408.2	1609	1724	TUDOR	PF00567.30	5.2e-19
Pvan_XP_027230408.2	2060	2166	TUDOR	PF00567.30	3.5e-10
Hsap_NP_001372300.1	261	328	TUDOR	PF00567.30	2.2e-08
Hsap_NP_001372300.1	444	563	TUDOR	PF00567.30	4.1e-33
Hsap_NP_001372300.1	664	783	TUDOR	PF00567.30	3.3e-36
Hsap_NP_001372300.1	889	1010	TUDOR	PF00567.30	1e-31
Hsap_XP_047281444.1	261	328	TUDOR	PF00567.30	2.2e-08
Hsap_XP_047281444.1	444	563	TUDOR	PF00567.30	4.2e-33
Hsap_XP_047281444.1	664	783	TUDOR	PF00567.30	3.4e-36
Hsap_XP_047281444.1	889	1010	TUDOR	PF00567.30	1.1e-31
Apla_XP_022081725.1	471	540	TUDOR	PF00567.30	1.4e-12
Apla_XP_022081725.1	616	660	TUDOR	PF00567.30	8.8e-08
Apla_XP_022081725.1	761	881	TUDOR	PF00567.30	4.7e-27
Apla_XP_022081725.1	1021	1140	TUDOR	PF00567.30	1.2e-21
Apla_XP_022081725.1	1327	1420	TUDOR	PF00567.30	1.3e-15
Apla_XP_022081725.1	1543	1673	TUDOR	PF00567.30	6.5e-23
Apla_XP_022081724.1	473	542	TUDOR	PF00567.30	1.4e-12
Apla_XP_022081724.1	618	662	TUDOR	PF00567.30	8.8e-08
Apla_XP_022081724.1	763	883	TUDOR	PF00567.30	4.7e-27
Apla_XP_022081724.1	1023	1142	TUDOR	PF00567.30	1.2e-21
Apla_XP_022081724.1	1328	1421	TUDOR	PF00567.30	1.3e-15
Apla_XP_022081724.1	1544	1674	TUDOR	PF00567.30	6.5e-23
Apla_XP_022081723.1	473	542	TUDOR	PF00567.30	1.4e-12
Apla_XP_022081723.1	618	662	TUDOR	PF00567.30	8.8e-08
Apla_XP_022081723.1	763	883	TUDOR	PF00567.30	4.7e-27
Apla_XP_022081723.1	1023	1142	TUDOR	PF00567.30	1.2e-21
Apla_XP_022081723.1	1329	1422	TUDOR	PF00567.30	1.3e-15
Apla_XP_022081723.1	1545	1675	TUDOR	PF00567.30	6.5e-23
Twil_T_wilhelma_c22717_g1_i1|m.8629	113	233	TUDOR	PF00567.30	1.7e-27
Twil_T_wilhelma_c22717_g1_i1|m.8629	325	441	TUDOR	PF00567.30	1.9e-30
Twil_T_wilhelma_c22717_g1_i1|m.8629	558	678	TUDOR	PF00567.30	1.9e-23
Twil_T_wilhelma_c22717_g1_i1|m.8629	757	876	TUDOR	PF00567.30	3.9e-28
Drer_NP_001157500.1	172	293	TUDOR	PF00567.30	1.2e-26
Drer_NP_001157500.1	405	523	TUDOR	PF00567.30	7.1e-31
Drer_NP_001157500.1	628	745	TUDOR	PF00567.30	4.1e-28
Drer_NP_001157500.1	881	995	TUDOR	PF00567.30	1.6e-23
Drer_XP_021335785.1	172	293	TUDOR	PF00567.30	1.2e-26
Drer_XP_021335785.1	405	523	TUDOR	PF00567.30	7.1e-31
Drer_XP_021335785.1	628	745	TUDOR	PF00567.30	4.1e-28
Drer_XP_021335785.1	881	995	TUDOR	PF00567.30	1.6e-23
Drer_XP_068080697.1	172	293	TUDOR	PF00567.30	1.2e-26
Drer_XP_068080697.1	405	523	TUDOR	PF00567.30	6.9e-31
Drer_XP_068080697.1	628	745	TUDOR	PF00567.30	3.8e-28
Drer_XP_068080697.1	854	968	TUDOR	PF00567.30	1.5e-23
Hsap_NP_001372295.1	261	382	TUDOR	PF00567.30	2.6e-29
Hsap_NP_001372295.1	492	553	TUDOR	PF00567.30	6.8e-10
Hsap_NP_001372295.1	655	774	TUDOR	PF00567.30	3.6e-36
Hsap_NP_001372295.1	880	1002	TUDOR	PF00567.30	5.5e-32
Hsap_XP_011538266.1	261	382	TUDOR	PF00567.30	2.7e-29
Hsap_XP_011538266.1	492	553	TUDOR	PF00567.30	6.8e-10
Hsap_XP_011538266.1	655	774	TUDOR	PF00567.30	3.7e-36
Hsap_XP_011538266.1	880	1002	TUDOR	PF00567.30	5.5e-32
Hsap_XP_047281442.1	261	382	TUDOR	PF00567.30	2.7e-29
Hsap_XP_047281442.1	492	553	TUDOR	PF00567.30	6.8e-10
Hsap_XP_047281442.1	655	774	TUDOR	PF00567.30	3.7e-36
Hsap_XP_047281442.1	880	1002	TUDOR	PF00567.30	5.5e-32
Hsap_XP_047281445.1	261	382	TUDOR	PF00567.30	2.4e-29
Hsap_XP_047281445.1	492	553	TUDOR	PF00567.30	6.3e-10
Hsap_XP_047281445.1	655	774	TUDOR	PF00567.30	3.3e-36
Hsap_XP_047281445.1	880	1001	TUDOR	PF00567.30	1e-31
Hsap_XP_047281446.1	261	382	TUDOR	PF00567.30	2.4e-29
Hsap_XP_047281446.1	492	553	TUDOR	PF00567.30	6.3e-10
Hsap_XP_047281446.1	655	774	TUDOR	PF00567.30	3.3e-36
Hsap_XP_047281446.1	880	1001	TUDOR	PF00567.30	1e-31
Skow_XP_006815565.1	357	478	TUDOR	PF00567.30	5e-29
Skow_XP_006815565.1	583	701	TUDOR	PF00567.30	1.9e-21
Skow_XP_006815565.1	796	914	TUDOR	PF00567.30	1.9e-29
Skow_XP_006815565.1	1031	1147	TUDOR	PF00567.30	1.2e-27
Btab_XP_018916746.1	486	611	TUDOR	PF00567.30	2e-13
Btab_XP_018916746.1	703	819	TUDOR	PF00567.30	1.8e-26
Btab_XP_018916746.1	988	1092	TUDOR	PF00567.30	5.4e-15
Btab_XP_018916746.1	1271	1368	TUDOR	PF00567.30	8.8e-17
Btab_XP_018916746.1	1600	1711	TUDOR	PF00567.30	1.2e-11
Btab_XP_018916746.1	1779	1906	TUDOR	PF00567.30	2.9e-20
Btab_XP_018916745.1	513	638	TUDOR	PF00567.30	2.1e-13
Btab_XP_018916745.1	730	846	TUDOR	PF00567.30	1.9e-26
Btab_XP_018916745.1	1015	1119	TUDOR	PF00567.30	5.4e-15
Btab_XP_018916745.1	1298	1395	TUDOR	PF00567.30	9e-17
Btab_XP_018916745.1	1627	1738	TUDOR	PF00567.30	1.2e-11
Btab_XP_018916745.1	1806	1933	TUDOR	PF00567.30	2.9e-20
Ofus_CAH1798876.1	465	587	TUDOR	PF00567.30	3.4e-23
Ofus_CAH1798876.1	689	809	TUDOR	PF00567.30	4.9e-28
Ofus_CAH1798876.1	948	1064	TUDOR	PF00567.30	1.7e-20
Ofus_CAH1798876.1	1517	1615	TUDOR	PF00567.30	7.4e-19
Ofus_CAH1798876.1	1756	1855	TUDOR	PF00567.30	8.8e-16
Ofus_CAH1798877.1	465	587	TUDOR	PF00567.30	3.4e-23
Ofus_CAH1798877.1	689	809	TUDOR	PF00567.30	4.9e-28
Ofus_CAH1798877.1	948	1064	TUDOR	PF00567.30	1.7e-20
Ofus_CAH1798877.1	1517	1615	TUDOR	PF00567.30	7.4e-19
Ofus_CAH1798877.1	1756	1855	TUDOR	PF00567.30	8.8e-16
Ggal_XP_025004999.2	265	378	TUDOR	PF00567.30	1e-30
Ggal_XP_025004999.2	475	593	TUDOR	PF00567.30	1.9e-21
Ggal_XP_025004999.2	787	901	TUDOR	PF00567.30	1.8e-26
Ggal_XP_025004999.2	1002	1119	TUDOR	PF00567.30	4.5e-22
Smar_SMAR011426-PA	441	558	TUDOR	PF00567.30	2.6e-17
Smar_SMAR011426-PA	654	777	TUDOR	PF00567.30	5.8e-27
Smar_SMAR011426-PA	946	1059	TUDOR	PF00567.30	1.9e-18
Smar_SMAR011426-PA	1274	1389	TUDOR	PF00567.30	2.9e-18
Smar_SMAR011426-PA	1533	1631	TUDOR	PF00567.30	9.9e-22
Ofus_CAH1785114.1	222	345	TUDOR	PF00567.30	4.9e-26
Ofus_CAH1785114.1	505	623	TUDOR	PF00567.30	1.2e-22
Ofus_CAH1785114.1	732	842	TUDOR	PF00567.30	2e-09
Ofus_CAH1785114.1	998	1081	TUDOR	PF00567.30	1.7e-08
Ofus_CAH1785114.1	1166	1267	TUDOR	PF00567.30	2.3e-15
Ofus_CAH1785114.1	1389	1505	TUDOR	PF00567.30	1.3e-15
Ofus_CAH1785115.1	238	361	TUDOR	PF00567.30	5e-26
Ofus_CAH1785115.1	521	639	TUDOR	PF00567.30	1.3e-22
Ofus_CAH1785115.1	748	858	TUDOR	PF00567.30	2e-09
Ofus_CAH1785115.1	1014	1097	TUDOR	PF00567.30	1.7e-08
Ofus_CAH1785115.1	1182	1283	TUDOR	PF00567.30	2.3e-15
Ofus_CAH1785115.1	1405	1521	TUDOR	PF00567.30	1.3e-15
Spur_XP_030850090.1	493	562	TUDOR	PF00567.30	5.8e-13
Spur_XP_030850090.1	584	626	TUDOR	PF00567.30	2.7e-07
Spur_XP_030850090.1	726	845	TUDOR	PF00567.30	2.3e-22
Spur_XP_030850090.1	1025	1143	TUDOR	PF00567.30	2.8e-21
Spur_XP_030850090.1	1340	1454	TUDOR	PF00567.30	1.6e-16
Spur_XP_030850090.1	1630	1734	TUDOR	PF00567.30	5.2e-20
Btab_XP_018897886.1	788	900	TUDOR	PF00567.30	8.1e-27
Btab_XP_018897886.1	981	1096	TUDOR	PF00567.30	4.2e-24
Btab_XP_018897886.1	1227	1342	TUDOR	PF00567.30	4.6e-13
Btab_XP_018897886.1	1457	1568	TUDOR	PF00567.30	3.4e-12
Btab_XP_018897886.1	1625	1738	TUDOR	PF00567.30	1.1e-14
Btab_XP_018897886.1	1804	1916	TUDOR	PF00567.30	6.7e-08
Spur_XP_030851201.1	493	563	TUDOR	PF00567.30	1.5e-13
Spur_XP_030851201.1	584	626	TUDOR	PF00567.30	2.7e-07
Spur_XP_030851201.1	727	845	TUDOR	PF00567.30	3.8e-22
Spur_XP_030851201.1	1025	1143	TUDOR	PF00567.30	1.3e-20
Spur_XP_030851201.1	1339	1451	TUDOR	PF00567.30	8.5e-16
Spur_XP_030851201.1	1619	1728	TUDOR	PF00567.30	1.2e-20
Spur_XP_030851200.1	492	562	TUDOR	PF00567.30	1.5e-13
Spur_XP_030851200.1	583	625	TUDOR	PF00567.30	2.7e-07
Spur_XP_030851200.1	726	844	TUDOR	PF00567.30	3.9e-22
Spur_XP_030851200.1	1024	1142	TUDOR	PF00567.30	1.4e-20
Spur_XP_030851200.1	1338	1450	TUDOR	PF00567.30	8.6e-16
Spur_XP_030851200.1	1618	1727	TUDOR	PF00567.30	1.2e-20
Spur_XP_030851199.1	493	563	TUDOR	PF00567.30	1.5e-13
Spur_XP_030851199.1	584	626	TUDOR	PF00567.30	2.7e-07
Spur_XP_030851199.1	727	845	TUDOR	PF00567.30	3.9e-22
Spur_XP_030851199.1	1025	1143	TUDOR	PF00567.30	1.4e-20
Spur_XP_030851199.1	1339	1451	TUDOR	PF00567.30	8.6e-16
Spur_XP_030851199.1	1619	1728	TUDOR	PF00567.30	1.2e-20
Lpol_XP_022248668.1	456	526	TUDOR	PF00567.30	6.4e-12
Lpol_XP_022248668.1	680	721	TUDOR	PF00567.30	3e-10
Lpol_XP_022248668.1	816	937	TUDOR	PF00567.30	8.3e-27
Lpol_XP_022248668.1	986	1024	TUDOR	PF00567.30	6.9e-07
Lpol_XP_022248668.1	1149	1269	TUDOR	PF00567.30	2.8e-18
Lpol_XP_022248668.1	1380	1512	TUDOR	PF00567.30	1.6e-21
Btab_XP_018897887.1	788	900	TUDOR	PF00567.30	8.1e-27
Btab_XP_018897887.1	981	1096	TUDOR	PF00567.30	4.2e-24
Btab_XP_018897887.1	1198	1307	TUDOR	PF00567.30	4.7e-10
Btab_XP_018897887.1	1450	1561	TUDOR	PF00567.30	3.4e-12
Btab_XP_018897887.1	1618	1731	TUDOR	PF00567.30	1.1e-14
Btab_XP_018897887.1	1797	1909	TUDOR	PF00567.30	6.7e-08
Lcom_lcpid6457|	35	138	TUDOR	PF00567.30	1.7e-11
Lcom_lcpid6457|	240	357	TUDOR	PF00567.30	3e-22
Lcom_lcpid6457|	473	586	TUDOR	PF00567.30	3.8e-18
Lcom_lcpid6457|	748	870	TUDOR	PF00567.30	4.3e-21
Lcom_lcpid6457|	1110	1226	TUDOR	PF00567.30	6.8e-09
Lcom_lcpid6457|	1317	1450	TUDOR	PF00567.30	2.3e-14
Aplcal_XP_005101957.1	494	617	TUDOR	PF00567.30	2.1e-22
Aplcal_XP_005101957.1	721	838	TUDOR	PF00567.30	5e-19
Aplcal_XP_005101957.1	1062	1179	TUDOR	PF00567.30	5.7e-19
Aplcal_XP_005101957.1	1343	1458	TUDOR	PF00567.30	1.2e-22
Aplcal_XP_005101957.1	1601	1694	TUDOR	PF00567.30	1.7e-17
Scil_XP_065174810.1	714	836	TUDOR	PF00567.30	4.3e-11
Scil_XP_065174810.1	939	1055	TUDOR	PF00567.30	2e-31
Scil_XP_065174810.1	1466	1583	TUDOR	PF00567.30	5.9e-27
Scil_XP_065174810.1	1725	1841	TUDOR	PF00567.30	1.8e-11
Scil_XP_065174810.1	2198	2285	TUDOR	PF00567.30	1.3e-13
Ofus_CAH1773705.1	465	589	TUDOR	PF00567.30	2.1e-22
Ofus_CAH1773705.1	667	786	TUDOR	PF00567.30	2.4e-23
Ofus_CAH1773705.1	861	982	TUDOR	PF00567.30	5.7e-24
Ofus_CAH1773705.1	1228	1350	TUDOR	PF00567.30	2.9e-26
Ofus_CAH1773704.1	498	622	TUDOR	PF00567.30	2.2e-22
Ofus_CAH1773704.1	700	819	TUDOR	PF00567.30	2.4e-23
Ofus_CAH1773704.1	894	1015	TUDOR	PF00567.30	5.9e-24
Ofus_CAH1773704.1	1261	1383	TUDOR	PF00567.30	3e-26
Ofus_CAH1773703.1	512	636	TUDOR	PF00567.30	2.2e-22
Ofus_CAH1773703.1	714	833	TUDOR	PF00567.30	2.5e-23
Ofus_CAH1773703.1	908	1029	TUDOR	PF00567.30	6e-24
Ofus_CAH1773703.1	1275	1397	TUDOR	PF00567.30	3.1e-26
Bmor_XP_062525044.1	305	422	TUDOR	PF00567.30	2.6e-19
Bmor_XP_062525044.1	516	634	TUDOR	PF00567.30	4.6e-17
Bmor_XP_062525044.1	766	875	TUDOR	PF00567.30	3e-18
Bmor_XP_062525044.1	1039	1158	TUDOR	PF00567.30	1.4e-18
Bmor_XP_062525044.1	1301	1422	TUDOR	PF00567.30	9.1e-22
Lpol_XP_013776272.2	26	132	TUDOR	PF00567.30	2.2e-18
Lpol_XP_013776272.2	210	325	TUDOR	PF00567.30	3.9e-29
Lpol_XP_013776272.2	392	511	TUDOR	PF00567.30	3.8e-26
Lpol_XP_013776272.2	586	704	TUDOR	PF00567.30	5.2e-22
Bmor_XP_004930658.2	514	631	TUDOR	PF00567.30	3e-19
Bmor_XP_004930658.2	725	843	TUDOR	PF00567.30	5.4e-17
Bmor_XP_004930658.2	975	1084	TUDOR	PF00567.30	3.5e-18
Bmor_XP_004930658.2	1248	1367	TUDOR	PF00567.30	1.6e-18
Bmor_XP_004930658.2	1510	1631	TUDOR	PF00567.30	1.1e-21
Mlei_ML01442a-PA	154	222	TUDOR	PF00567.30	8.6e-12
Mlei_ML01442a-PA	306	422	TUDOR	PF00567.30	5.9e-18
Mlei_ML01442a-PA	497	605	TUDOR	PF00567.30	5.3e-15
Mlei_ML01442a-PA	782	894	TUDOR	PF00567.30	1.3e-12
Mlei_ML01442a-PA	1071	1130	TUDOR	PF00567.30	1.7e-09
Mlei_ML01442a-PA	1226	1337	TUDOR	PF00567.30	7.8e-14
Mlei_ML01442a-PA	1679	1755	TUDOR	PF00567.30	1.9e-08
Lcom_lcpid7521|	689	815	TUDOR	PF00567.30	9.4e-16
Lcom_lcpid7521|	905	1024	TUDOR	PF00567.30	2e-27
Lcom_lcpid7521|	1331	1451	TUDOR	PF00567.30	7.5e-25
Lcom_lcpid7521|	1591	1711	TUDOR	PF00567.30	1.4e-11
Lcom_lcpid7521|	1962	2055	TUDOR	PF00567.30	1.3e-12
Lcom_lcpid7307|	726	852	TUDOR	PF00567.30	9.6e-16
Lcom_lcpid7307|	942	1061	TUDOR	PF00567.30	2e-27
Lcom_lcpid7307|	1368	1488	TUDOR	PF00567.30	7.7e-25
Lcom_lcpid7307|	1628	1748	TUDOR	PF00567.30	1.4e-11
Lcom_lcpid7307|	1999	2092	TUDOR	PF00567.30	1.3e-12
Rcul_nRc.2.0.1.t04182-RA	49	167	TUDOR	PF00567.30	1.2e-28
Rcul_nRc.2.0.1.t04182-RA	302	420	TUDOR	PF00567.30	5.6e-23
Rcul_nRc.2.0.1.t04182-RA	518	636	TUDOR	PF00567.30	2.4e-28
Rcul_nRc.2.0.1.t04182-RA	736	836	TUDOR	PF00567.30	3.3e-15
Btab_XP_018916747.1	513	638	TUDOR	PF00567.30	1.9e-13
Btab_XP_018916747.1	730	846	TUDOR	PF00567.30	1.7e-26
Btab_XP_018916747.1	1015	1119	TUDOR	PF00567.30	5e-15
Btab_XP_018916747.1	1298	1395	TUDOR	PF00567.30	8.2e-17
Btab_XP_018916747.1	1659	1786	TUDOR	PF00567.30	2.7e-20
Avag_UJR08582.1	33	150	TUDOR	PF00567.30	3.3e-16
Avag_UJR08582.1	316	429	TUDOR	PF00567.30	7e-11
Avag_UJR08582.1	798	914	TUDOR	PF00567.30	3.9e-23
Avag_UJR08582.1	971	1080	TUDOR	PF00567.30	1.3e-14
Avag_UJR08582.1	1207	1324	TUDOR	PF00567.30	1.9e-17
Avag_UJR08582.1	1373	1489	TUDOR	PF00567.30	4.1e-11
Scil_XP_065175670.1	49	177	TUDOR	PF00567.30	3.4e-14
Scil_XP_065175670.1	323	442	TUDOR	PF00567.30	6e-26
Scil_XP_065175670.1	560	681	TUDOR	PF00567.30	2e-22
Scil_XP_065175670.1	806	922	TUDOR	PF00567.30	3.2e-26
Pvan_XP_069982951.1	346	458	TUDOR	PF00567.30	6.1e-25
Pvan_XP_069982951.1	570	690	TUDOR	PF00567.30	8.6e-26
Pvan_XP_069982951.1	821	926	TUDOR	PF00567.30	2.6e-08
Pvan_XP_069982951.1	1086	1206	TUDOR	PF00567.30	1.1e-21
Pvan_XP_069982951.1	1320	1445	TUDOR	PF00567.30	4.4e-07
Lcom_lcpid40644|	50	178	TUDOR	PF00567.30	4.8e-15
Lcom_lcpid40644|	310	429	TUDOR	PF00567.30	2.5e-25
Lcom_lcpid40644|	547	668	TUDOR	PF00567.30	1.2e-22
Lcom_lcpid40644|	771	886	TUDOR	PF00567.30	3.3e-25
Agrpla_XP_018327657.1	510	628	TUDOR	PF00567.30	6.7e-24
Agrpla_XP_018327657.1	723	845	TUDOR	PF00567.30	3.4e-16
Agrpla_XP_018327657.1	960	1075	TUDOR	PF00567.30	2.6e-13
Agrpla_XP_018327657.1	1367	1482	TUDOR	PF00567.30	4.9e-17
Agrpla_XP_018327657.1	1598	1717	TUDOR	PF00567.30	3.8e-17
Agrpla_XP_018327656.1	510	628	TUDOR	PF00567.30	6.7e-24
Agrpla_XP_018327656.1	726	848	TUDOR	PF00567.30	3.4e-16
Agrpla_XP_018327656.1	963	1078	TUDOR	PF00567.30	2.6e-13
Agrpla_XP_018327656.1	1370	1485	TUDOR	PF00567.30	4.9e-17
Agrpla_XP_018327656.1	1601	1720	TUDOR	PF00567.30	3.8e-17
Btab_XP_018897888.1	788	900	TUDOR	PF00567.30	7.3e-27
Btab_XP_018897888.1	981	1096	TUDOR	PF00567.30	3.8e-24
Btab_XP_018897888.1	1304	1415	TUDOR	PF00567.30	3.1e-12
Btab_XP_018897888.1	1472	1585	TUDOR	PF00567.30	9.7e-15
Btab_XP_018897888.1	1651	1763	TUDOR	PF00567.30	6.1e-08
Hsap_XP_047281443.1	261	328	TUDOR	PF00567.30	2.3e-08
Hsap_XP_047281443.1	444	505	TUDOR	PF00567.30	6.5e-10
Hsap_XP_047281443.1	607	726	TUDOR	PF00567.30	3.5e-36
Hsap_XP_047281443.1	832	954	TUDOR	PF00567.30	5.2e-32
Lpol_XP_022243451.1	133	254	TUDOR	PF00567.30	3e-31
Lpol_XP_022243451.1	363	480	TUDOR	PF00567.30	8.4e-14
Lpol_XP_022243451.1	625	736	TUDOR	PF00567.30	1.8e-24
Lpol_XP_022243451.1	858	976	TUDOR	PF00567.30	1.7e-19
Lpol_XP_022243444.1	133	254	TUDOR	PF00567.30	3.1e-31
Lpol_XP_022243444.1	363	480	TUDOR	PF00567.30	8.9e-14
Lpol_XP_022243444.1	625	736	TUDOR	PF00567.30	1.9e-24
Lpol_XP_022243444.1	854	972	TUDOR	PF00567.30	1.8e-19
Lpol_XP_022243450.1	133	254	TUDOR	PF00567.30	3e-31
Lpol_XP_022243450.1	363	480	TUDOR	PF00567.30	8.6e-14
Lpol_XP_022243450.1	625	736	TUDOR	PF00567.30	1.8e-24
Lpol_XP_022243450.1	858	976	TUDOR	PF00567.30	1.7e-19
Hrob_XP_009016224.1	8	133	TUDOR	PF00567.30	1.7e-10
Hrob_XP_009016224.1	257	362	TUDOR	PF00567.30	3.4e-09
Hrob_XP_009016224.1	474	593	TUDOR	PF00567.30	1.3e-17
Hrob_XP_009016224.1	769	883	TUDOR	PF00567.30	4.8e-13
Hrob_XP_009016224.1	1010	1127	TUDOR	PF00567.30	1.6e-20
Hrob_XP_009016224.1	1290	1404	TUDOR	PF00567.30	2.2e-13
Lpol_XP_022243447.1	133	254	TUDOR	PF00567.30	3e-31
Lpol_XP_022243447.1	363	480	TUDOR	PF00567.30	8.6e-14
Lpol_XP_022243447.1	625	736	TUDOR	PF00567.30	1.8e-24
Lpol_XP_022243447.1	858	976	TUDOR	PF00567.30	1.7e-19
Lpol_XP_022243448.1	133	254	TUDOR	PF00567.30	3e-31
Lpol_XP_022243448.1	363	480	TUDOR	PF00567.30	8.6e-14
Lpol_XP_022243448.1	625	736	TUDOR	PF00567.30	1.8e-24
Lpol_XP_022243448.1	858	976	TUDOR	PF00567.30	1.7e-19
Lpol_XP_022243449.1	133	254	TUDOR	PF00567.30	3e-31
Lpol_XP_022243449.1	363	480	TUDOR	PF00567.30	8.6e-14
Lpol_XP_022243449.1	625	736	TUDOR	PF00567.30	1.8e-24
Lpol_XP_022243449.1	858	976	TUDOR	PF00567.30	1.7e-19
Lpol_XP_022243442.1	133	254	TUDOR	PF00567.30	3.2e-31
Lpol_XP_022243442.1	363	480	TUDOR	PF00567.30	9e-14
Lpol_XP_022243442.1	625	736	TUDOR	PF00567.30	1.9e-24
Lpol_XP_022243442.1	858	976	TUDOR	PF00567.30	1.8e-19
Lpol_XP_022243443.1	133	254	TUDOR	PF00567.30	3.2e-31
Lpol_XP_022243443.1	363	480	TUDOR	PF00567.30	9e-14
Lpol_XP_022243443.1	625	736	TUDOR	PF00567.30	1.9e-24
Lpol_XP_022243443.1	858	976	TUDOR	PF00567.30	1.8e-19
Lpol_XP_022243445.1	133	254	TUDOR	PF00567.30	3.1e-31
Lpol_XP_022243445.1	363	480	TUDOR	PF00567.30	8.9e-14
Lpol_XP_022243445.1	625	736	TUDOR	PF00567.30	1.9e-24
Lpol_XP_022243445.1	858	976	TUDOR	PF00567.30	1.8e-19
Hsap_XP_047281447.1	261	328	TUDOR	PF00567.30	2.1e-08
Hsap_XP_047281447.1	444	505	TUDOR	PF00567.30	5.9e-10
Hsap_XP_047281447.1	607	726	TUDOR	PF00567.30	3.1e-36
Hsap_XP_047281447.1	832	953	TUDOR	PF00567.30	9.8e-32
Hsap_XP_047281448.1	261	328	TUDOR	PF00567.30	2.1e-08
Hsap_XP_047281448.1	444	505	TUDOR	PF00567.30	5.9e-10
Hsap_XP_047281448.1	607	726	TUDOR	PF00567.30	3.1e-36
Hsap_XP_047281448.1	832	953	TUDOR	PF00567.30	9.8e-32
Ggal_XP_046760100.1	448	520	TUDOR	PF00567.30	4.6e-06
Ggal_XP_046760100.1	708	825	TUDOR	PF00567.30	3.1e-17
Ggal_XP_046760100.1	942	1058	TUDOR	PF00567.30	7.7e-20
Ggal_XP_046760100.1	1202	1318	TUDOR	PF00567.30	1.3e-22
Ggal_XP_046760100.1	1427	1559	TUDOR	PF00567.30	3.6e-17
Apla_XP_022081726.1	473	542	TUDOR	PF00567.30	1.2e-12
Apla_XP_022081726.1	618	662	TUDOR	PF00567.30	7.6e-08
Apla_XP_022081726.1	763	883	TUDOR	PF00567.30	4e-27
Apla_XP_022081726.1	1023	1142	TUDOR	PF00567.30	9.9e-22
Apla_XP_022081726.1	1329	1422	TUDOR	PF00567.30	1.1e-15
Apimel_XP_006560827.1	441	562	TUDOR	PF00567.30	4.6e-22
Apimel_XP_006560827.1	656	774	TUDOR	PF00567.30	5.8e-19
Apimel_XP_006560827.1	894	1011	TUDOR	PF00567.30	1.4e-17
Apimel_XP_006560827.1	1189	1308	TUDOR	PF00567.30	9.9e-16
Apimel_XP_006560827.1	1479	1611	TUDOR	PF00567.30	4e-13
Apimel_XP_001120177.2	441	562	TUDOR	PF00567.30	4.7e-22
Apimel_XP_001120177.2	656	774	TUDOR	PF00567.30	5.9e-19
Apimel_XP_001120177.2	894	1011	TUDOR	PF00567.30	1.4e-17
Apimel_XP_001120177.2	1189	1308	TUDOR	PF00567.30	1e-15
Apimel_XP_001120177.2	1479	1611	TUDOR	PF00567.30	4.1e-13
Apimel_XP_006560828.1	218	339	TUDOR	PF00567.30	3.9e-22
Apimel_XP_006560828.1	433	551	TUDOR	PF00567.30	4.9e-19
Apimel_XP_006560828.1	671	788	TUDOR	PF00567.30	1.2e-17
Apimel_XP_006560828.1	966	1085	TUDOR	PF00567.30	8.4e-16
Apimel_XP_006560828.1	1256	1388	TUDOR	PF00567.30	5.9e-13
Lcom_lcpid54186|	1	60	TUDOR	PF00567.30	1.1e-14
Lcom_lcpid54186|	160	277	TUDOR	PF00567.30	1e-21
Lcom_lcpid54186|	369	491	TUDOR	PF00567.30	2.5e-23
Lcom_lcpid54186|	719	831	TUDOR	PF00567.30	8.1e-25
Hsap_NP_001171922.1	417	487	TUDOR	PF00567.30	1.3e-07
Hsap_NP_001171922.1	676	794	TUDOR	PF00567.30	2.9e-21
Hsap_NP_001171922.1	915	1030	TUDOR	PF00567.30	5.1e-15
Hsap_NP_001171922.1	1174	1291	TUDOR	PF00567.30	4.5e-23
Hsap_NP_001171922.1	1450	1546	TUDOR	PF00567.30	7.7e-15
Hsap_NP_112567.2	417	487	TUDOR	PF00567.30	1.3e-07
Hsap_NP_112567.2	676	794	TUDOR	PF00567.30	2.9e-21
Hsap_NP_112567.2	915	1030	TUDOR	PF00567.30	5.1e-15
Hsap_NP_112567.2	1178	1295	TUDOR	PF00567.30	4.5e-23
Hsap_NP_112567.2	1454	1550	TUDOR	PF00567.30	7.7e-15
Hsap_XP_011533462.1	444	514	TUDOR	PF00567.30	1.3e-07
Hsap_XP_011533462.1	703	821	TUDOR	PF00567.30	2.9e-21
Hsap_XP_011533462.1	942	1057	TUDOR	PF00567.30	5.2e-15
Hsap_XP_011533462.1	1201	1318	TUDOR	PF00567.30	4.5e-23
Hsap_XP_011533462.1	1477	1573	TUDOR	PF00567.30	7.9e-15
Hsap_XP_011533461.1	444	514	TUDOR	PF00567.30	1.3e-07
Hsap_XP_011533461.1	703	821	TUDOR	PF00567.30	3e-21
Hsap_XP_011533461.1	942	1057	TUDOR	PF00567.30	5.2e-15
Hsap_XP_011533461.1	1205	1322	TUDOR	PF00567.30	4.6e-23
Hsap_XP_011533461.1	1481	1577	TUDOR	PF00567.30	7.9e-15
Aque_XP_019854442.1	610	725	TUDOR	PF00567.30	3.6e-23
Aque_XP_019854442.1	985	1098	TUDOR	PF00567.30	8.7e-24
Aque_XP_019854442.1	1256	1371	TUDOR	PF00567.30	8.4e-12
Aque_XP_019854442.1	1443	1560	TUDOR	PF00567.30	2.9e-26
Hsap_NP_001372299.1	261	382	TUDOR	PF00567.30	2.5e-29
Hsap_NP_001372299.1	492	553	TUDOR	PF00567.30	6.4e-10
Hsap_NP_001372299.1	655	717	TUDOR	PF00567.30	3.6e-10
Hsap_NP_001372299.1	823	945	TUDOR	PF00567.30	5.1e-32
Lana_XP_013414350.1	428	550	TUDOR	PF00567.30	7.7e-23
Lana_XP_013414350.1	709	824	TUDOR	PF00567.30	5.9e-22
Lana_XP_013414350.1	1051	1136	TUDOR	PF00567.30	4.6e-15
Lana_XP_013414350.1	1238	1359	TUDOR	PF00567.30	1.3e-20
Hsap_XP_011533465.1	8	76	TUDOR	PF00567.30	1.3e-07
Hsap_XP_011533465.1	265	337	TUDOR	PF00567.30	2.4e-07
Hsap_XP_011533465.1	384	432	TUDOR	PF00567.30	8.4e-09
Hsap_XP_011533465.1	553	668	TUDOR	PF00567.30	3.7e-15
Hsap_XP_011533465.1	816	933	TUDOR	PF00567.30	3.2e-23
Hsap_XP_011533465.1	1092	1188	TUDOR	PF00567.30	5.6e-15
Hsap_XP_016876165.1	356	426	TUDOR	PF00567.30	1.3e-07
Hsap_XP_016876165.1	615	687	TUDOR	PF00567.30	3.3e-07
Hsap_XP_016876165.1	734	782	TUDOR	PF00567.30	1.1e-08
Hsap_XP_016876165.1	903	1018	TUDOR	PF00567.30	5e-15
Hsap_XP_016876165.1	1166	1283	TUDOR	PF00567.30	4.4e-23
Hsap_XP_016876165.1	1442	1538	TUDOR	PF00567.30	7.7e-15
Hsap_XP_011533460.1	444	514	TUDOR	PF00567.30	1.3e-07
Hsap_XP_011533460.1	703	775	TUDOR	PF00567.30	3.4e-07
Hsap_XP_011533460.1	822	870	TUDOR	PF00567.30	1.1e-08
Hsap_XP_011533460.1	991	1106	TUDOR	PF00567.30	5.2e-15
Hsap_XP_011533460.1	1254	1371	TUDOR	PF00567.30	4.6e-23
Hsap_XP_011533460.1	1488	1584	TUDOR	PF00567.30	7.9e-15
Hsap_XP_006719912.1	417	487	TUDOR	PF00567.30	1.3e-07
Hsap_XP_006719912.1	676	748	TUDOR	PF00567.30	3.4e-07
Hsap_XP_006719912.1	795	843	TUDOR	PF00567.30	1.2e-08
Hsap_XP_006719912.1	964	1079	TUDOR	PF00567.30	5.3e-15
Hsap_XP_006719912.1	1227	1344	TUDOR	PF00567.30	4.6e-23
Hsap_XP_006719912.1	1503	1599	TUDOR	PF00567.30	8e-15
Hsap_XP_006719909.1	437	507	TUDOR	PF00567.30	1.3e-07
Hsap_XP_006719909.1	696	768	TUDOR	PF00567.30	3.5e-07
Hsap_XP_006719909.1	815	863	TUDOR	PF00567.30	1.2e-08
Hsap_XP_006719909.1	984	1099	TUDOR	PF00567.30	5.3e-15
Hsap_XP_006719909.1	1247	1364	TUDOR	PF00567.30	4.7e-23
Hsap_XP_006719909.1	1523	1619	TUDOR	PF00567.30	8.1e-15
Hsap_XP_011533459.1	444	514	TUDOR	PF00567.30	1.3e-07
Hsap_XP_011533459.1	703	775	TUDOR	PF00567.30	3.5e-07
Hsap_XP_011533459.1	822	870	TUDOR	PF00567.30	1.2e-08
Hsap_XP_011533459.1	991	1106	TUDOR	PF00567.30	5.4e-15
Hsap_XP_011533459.1	1250	1367	TUDOR	PF00567.30	4.7e-23
Hsap_XP_011533459.1	1526	1622	TUDOR	PF00567.30	8.2e-15
Hsap_XP_011533454.1	444	514	TUDOR	PF00567.30	1.3e-07
Hsap_XP_011533454.1	703	775	TUDOR	PF00567.30	3.5e-07
Hsap_XP_011533454.1	822	870	TUDOR	PF00567.30	1.2e-08
Hsap_XP_011533454.1	991	1106	TUDOR	PF00567.30	5.4e-15
Hsap_XP_011533454.1	1254	1371	TUDOR	PF00567.30	4.7e-23
Hsap_XP_011533454.1	1530	1626	TUDOR	PF00567.30	8.2e-15
Hsap_XP_011533457.1	444	514	TUDOR	PF00567.30	1.3e-07
Hsap_XP_011533457.1	703	775	TUDOR	PF00567.30	3.5e-07
Hsap_XP_011533457.1	822	870	TUDOR	PF00567.30	1.2e-08
Hsap_XP_011533457.1	991	1106	TUDOR	PF00567.30	5.4e-15
Hsap_XP_011533457.1	1254	1371	TUDOR	PF00567.30	4.7e-23
Hsap_XP_011533457.1	1530	1626	TUDOR	PF00567.30	8.2e-15
Hsap_XP_011533458.1	444	514	TUDOR	PF00567.30	1.3e-07
Hsap_XP_011533458.1	703	775	TUDOR	PF00567.30	3.5e-07
Hsap_XP_011533458.1	822	870	TUDOR	PF00567.30	1.2e-08
Hsap_XP_011533458.1	991	1106	TUDOR	PF00567.30	5.4e-15
Hsap_XP_011533458.1	1254	1371	TUDOR	PF00567.30	4.7e-23
Hsap_XP_011533458.1	1530	1626	TUDOR	PF00567.30	8.2e-15
Hsap_XP_047286442.1	444	514	TUDOR	PF00567.30	1.3e-07
Hsap_XP_047286442.1	703	775	TUDOR	PF00567.30	3.5e-07
Hsap_XP_047286442.1	822	870	TUDOR	PF00567.30	1.2e-08
Hsap_XP_047286442.1	991	1106	TUDOR	PF00567.30	5.4e-15
Hsap_XP_047286442.1	1254	1371	TUDOR	PF00567.30	4.7e-23
Hsap_XP_047286442.1	1530	1626	TUDOR	PF00567.30	8.2e-15
Hsap_NP_001289813.1	386	507	TUDOR	PF00567.30	3.8e-26
Hsap_NP_001289813.1	576	700	TUDOR	PF00567.30	2e-28
Hsap_NP_001289813.1	835	952	TUDOR	PF00567.30	2.9e-27
Hsap_NP_055105.2	460	581	TUDOR	PF00567.30	4.2e-26
Hsap_NP_055105.2	650	774	TUDOR	PF00567.30	2.2e-28
Hsap_NP_055105.2	909	1026	TUDOR	PF00567.30	3.2e-27
Hsap_XP_047279067.1	460	581	TUDOR	PF00567.30	4.2e-26
Hsap_XP_047279067.1	650	774	TUDOR	PF00567.30	2.2e-28
Hsap_XP_047279067.1	909	1026	TUDOR	PF00567.30	3.2e-27
Cint_XP_026693282.1	10	133	TUDOR	PF00567.30	5e-23
Cint_XP_026693282.1	669	790	TUDOR	PF00567.30	4.8e-26
Cint_XP_026693282.1	1013	1134	TUDOR	PF00567.30	2.2e-21
Cint_XP_026693282.1	1389	1483	TUDOR	PF00567.30	2.8e-12
Cint_XP_018670844.2	10	133	TUDOR	PF00567.30	5.3e-23
Cint_XP_018670844.2	728	849	TUDOR	PF00567.30	5.1e-26
Cint_XP_018670844.2	1072	1193	TUDOR	PF00567.30	2.3e-21
Cint_XP_018670844.2	1447	1541	TUDOR	PF00567.30	2.9e-12
Cint_XP_026693278.1	10	133	TUDOR	PF00567.30	5.3e-23
Cint_XP_026693278.1	728	849	TUDOR	PF00567.30	5.1e-26
Cint_XP_026693278.1	1070	1191	TUDOR	PF00567.30	2.3e-21
Cint_XP_026693278.1	1446	1540	TUDOR	PF00567.30	2.9e-12
Cint_XP_026693280.1	10	133	TUDOR	PF00567.30	5.3e-23
Cint_XP_026693280.1	728	849	TUDOR	PF00567.30	5.1e-26
Cint_XP_026693280.1	1070	1191	TUDOR	PF00567.30	2.3e-21
Cint_XP_026693280.1	1446	1540	TUDOR	PF00567.30	2.9e-12
Cint_XP_026693274.1	10	133	TUDOR	PF00567.30	5.3e-23
Cint_XP_026693274.1	728	849	TUDOR	PF00567.30	5.1e-26
Cint_XP_026693274.1	1072	1193	TUDOR	PF00567.30	2.3e-21
Cint_XP_026693274.1	1448	1542	TUDOR	PF00567.30	2.9e-12
Cint_XP_018670841.2	10	133	TUDOR	PF00567.30	5.3e-23
Cint_XP_018670841.2	728	849	TUDOR	PF00567.30	5.1e-26
Cint_XP_018670841.2	1071	1192	TUDOR	PF00567.30	2.3e-21
Cint_XP_018670841.2	1447	1541	TUDOR	PF00567.30	2.9e-12
Hsap_XP_011533464.1	243	313	TUDOR	PF00567.30	1.2e-07
Hsap_XP_011533464.1	502	574	TUDOR	PF00567.30	3e-07
Hsap_XP_011533464.1	621	669	TUDOR	PF00567.30	1e-08
Hsap_XP_011533464.1	790	905	TUDOR	PF00567.30	4.6e-15
Hsap_XP_011533464.1	1053	1170	TUDOR	PF00567.30	4e-23
Hsap_XP_011533464.1	1329	1425	TUDOR	PF00567.30	7e-15
Hsap_XP_047286444.1	276	346	TUDOR	PF00567.30	1.2e-07
Hsap_XP_047286444.1	535	607	TUDOR	PF00567.30	3.1e-07
Hsap_XP_047286444.1	654	702	TUDOR	PF00567.30	1e-08
Hsap_XP_047286444.1	823	938	TUDOR	PF00567.30	4.7e-15
Hsap_XP_047286444.1	1086	1203	TUDOR	PF00567.30	4.1e-23
Hsap_XP_047286444.1	1362	1458	TUDOR	PF00567.30	7.2e-15
Scil_XP_065184195.1	587	673	TUDOR	PF00567.30	1.9e-12
Scil_XP_065184195.1	759	870	TUDOR	PF00567.30	6.6e-23
Scil_XP_065184195.1	1179	1294	TUDOR	PF00567.30	1.4e-16
Scil_XP_065184195.1	1388	1512	TUDOR	PF00567.30	7.5e-12
Scil_XP_065184195.1	1744	1812	TUDOR	PF00567.30	2e-12
Blan_XP_066272850.1	2	86	TUDOR	PF00567.30	2.6e-17
Blan_XP_066272850.1	283	404	TUDOR	PF00567.30	7.6e-21
Blan_XP_066272850.1	549	671	TUDOR	PF00567.30	2.1e-21
Blan_XP_066272850.1	807	943	TUDOR	PF00567.30	1.3e-19
Hsap_XP_047279070.1	34	136	TUDOR	PF00567.30	1.1e-23
Hsap_XP_047279070.1	205	329	TUDOR	PF00567.30	1e-28
Hsap_XP_047279070.1	464	581	TUDOR	PF00567.30	1.5e-27
Twil_T_wilhelma_c33436_g1_i2|m.55206	485	603	TUDOR	PF00567.30	7.1e-21
Twil_T_wilhelma_c33436_g1_i2|m.55206	703	821	TUDOR	PF00567.30	1.4e-24
Twil_T_wilhelma_c33436_g1_i2|m.55206	955	1058	TUDOR	PF00567.30	1.2e-13
Twil_T_wilhelma_c33436_g1_i2|m.55206	1137	1246	TUDOR	PF00567.30	1.2e-16
Twil_T_wilhelma_c33436_g1_i5|m.55207	507	625	TUDOR	PF00567.30	7.3e-21
Twil_T_wilhelma_c33436_g1_i5|m.55207	725	843	TUDOR	PF00567.30	1.5e-24
Twil_T_wilhelma_c33436_g1_i5|m.55207	977	1080	TUDOR	PF00567.30	1.2e-13
Twil_T_wilhelma_c33436_g1_i5|m.55207	1159	1268	TUDOR	PF00567.30	1.2e-16
Obim_XP_014772427.1	383	500	TUDOR	PF00567.30	1e-23
Obim_XP_014772427.1	600	717	TUDOR	PF00567.30	1.2e-11
Obim_XP_014772427.1	815	915	TUDOR	PF00567.30	1e-20
Obim_XP_014772427.1	1116	1221	TUDOR	PF00567.30	1.5e-20
Obim_XP_014772426.1	422	539	TUDOR	PF00567.30	1.1e-23
Obim_XP_014772426.1	639	756	TUDOR	PF00567.30	1.3e-11
Obim_XP_014772426.1	854	954	TUDOR	PF00567.30	1e-20
Obim_XP_014772426.1	1155	1260	TUDOR	PF00567.30	1.6e-20
Obim_XP_014772425.1	458	575	TUDOR	PF00567.30	1.1e-23
Obim_XP_014772425.1	675	792	TUDOR	PF00567.30	1.3e-11
Obim_XP_014772425.1	890	990	TUDOR	PF00567.30	1.1e-20
Obim_XP_014772425.1	1191	1296	TUDOR	PF00567.30	1.7e-20
Ofus_CAH1784435.1	446	526	TUDOR	PF00567.30	4.3e-12
Ofus_CAH1784435.1	533	587	TUDOR	PF00567.30	1.1e-08
Ofus_CAH1784435.1	1011	1150	TUDOR	PF00567.30	3.9e-25
Ofus_CAH1784435.1	1399	1500	TUDOR	PF00567.30	4.5e-26
Hrob_XP_009019453.1	371	447	TUDOR	PF00567.30	2.6e-10
Hrob_XP_009019453.1	675	767	TUDOR	PF00567.30	2e-23
Hrob_XP_009019453.1	950	1019	TUDOR	PF00567.30	5.3e-08
Hrob_XP_009019453.1	1274	1392	TUDOR	PF00567.30	1.9e-14
Hrob_XP_009019453.1	1640	1773	TUDOR	PF00567.30	1.7e-13
Tadh_XP_002113966.1	32	147	TUDOR	PF00567.30	2.5e-12
Tadh_XP_002113966.1	233	360	TUDOR	PF00567.30	4.5e-19
Tadh_XP_002113966.1	567	683	TUDOR	PF00567.30	5.2e-26
Tadh_XP_002113966.1	821	941	TUDOR	PF00567.30	3.9e-17
Xtro_XP_031753131.1	616	731	TUDOR	PF00567.30	2.7e-25
Xtro_XP_031753131.1	840	953	TUDOR	PF00567.30	3.6e-18
Xtro_XP_031753131.1	1093	1207	TUDOR	PF00567.30	3.5e-15
Xtro_XP_031753131.1	1343	1474	TUDOR	PF00567.30	2.8e-12
Xtro_XP_031753126.1	668	783	TUDOR	PF00567.30	2.9e-25
Xtro_XP_031753126.1	892	1005	TUDOR	PF00567.30	3.8e-18
Xtro_XP_031753126.1	1145	1259	TUDOR	PF00567.30	3.6e-15
Xtro_XP_031753126.1	1395	1526	TUDOR	PF00567.30	3e-12
Xtro_XP_031753127.1	668	783	TUDOR	PF00567.30	2.9e-25
Xtro_XP_031753127.1	892	1005	TUDOR	PF00567.30	3.8e-18
Xtro_XP_031753127.1	1145	1259	TUDOR	PF00567.30	3.6e-15
Xtro_XP_031753127.1	1395	1526	TUDOR	PF00567.30	3e-12
Xtro_XP_031753128.1	668	783	TUDOR	PF00567.30	2.9e-25
Xtro_XP_031753128.1	892	1005	TUDOR	PF00567.30	3.8e-18
Xtro_XP_031753128.1	1145	1259	TUDOR	PF00567.30	3.6e-15
Xtro_XP_031753128.1	1395	1526	TUDOR	PF00567.30	3e-12
Xtro_XP_031753129.1	668	783	TUDOR	PF00567.30	2.9e-25
Xtro_XP_031753129.1	892	1005	TUDOR	PF00567.30	3.8e-18
Xtro_XP_031753129.1	1145	1259	TUDOR	PF00567.30	3.6e-15
Xtro_XP_031753129.1	1395	1526	TUDOR	PF00567.30	3e-12
Xtro_XP_031753130.1	668	783	TUDOR	PF00567.30	2.9e-25
Xtro_XP_031753130.1	892	1005	TUDOR	PF00567.30	3.8e-18
Xtro_XP_031753130.1	1145	1259	TUDOR	PF00567.30	3.6e-15
Xtro_XP_031753130.1	1395	1526	TUDOR	PF00567.30	3e-12
Xtro_XP_031753125.1	709	824	TUDOR	PF00567.30	2.9e-25
Xtro_XP_031753125.1	933	1046	TUDOR	PF00567.30	3.9e-18
Xtro_XP_031753125.1	1186	1300	TUDOR	PF00567.30	3.8e-15
Xtro_XP_031753125.1	1436	1567	TUDOR	PF00567.30	3.1e-12
Cint_XP_026689902.1	326	447	TUDOR	PF00567.30	8.9e-22
Cint_XP_026689902.1	589	706	TUDOR	PF00567.30	1.9e-29
Cint_XP_026689902.1	798	911	TUDOR	PF00567.30	2.9e-25
Drer_XP_021334643.1	632	747	TUDOR	PF00567.30	1.5e-22
Drer_XP_021334643.1	865	977	TUDOR	PF00567.30	2.5e-15
Drer_XP_021334643.1	1105	1214	TUDOR	PF00567.30	1.7e-15
Drer_XP_021334643.1	1324	1450	TUDOR	PF00567.30	5e-14
Drer_XP_697454.3	632	747	TUDOR	PF00567.30	1.5e-22
Drer_XP_697454.3	865	977	TUDOR	PF00567.30	2.5e-15
Drer_XP_697454.3	1105	1214	TUDOR	PF00567.30	1.7e-15
Drer_XP_697454.3	1324	1450	TUDOR	PF00567.30	5e-14
Twil_T_wilhelma_c31650_g1_i3|m.43054	267	387	TUDOR	PF00567.30	1.3e-30
Twil_T_wilhelma_c31650_g1_i3|m.43054	527	656	TUDOR	PF00567.30	3e-19
Twil_T_wilhelma_c31650_g1_i3|m.43054	879	975	TUDOR	PF00567.30	6.5e-24
Blan_XP_066268165.1	543	664	TUDOR	PF00567.30	1.5e-19
Blan_XP_066268165.1	735	856	TUDOR	PF00567.30	3.7e-17
Blan_XP_066268165.1	927	1045	TUDOR	PF00567.30	3.5e-21
Blan_XP_066268165.1	1244	1360	TUDOR	PF00567.30	4.4e-13
Blan_XP_066268163.1	547	668	TUDOR	PF00567.30	1.5e-19
Blan_XP_066268163.1	739	860	TUDOR	PF00567.30	3.7e-17
Blan_XP_066268163.1	931	1049	TUDOR	PF00567.30	3.5e-21
Blan_XP_066268163.1	1248	1364	TUDOR	PF00567.30	4.5e-13
Blan_XP_066268164.1	547	668	TUDOR	PF00567.30	1.5e-19
Blan_XP_066268164.1	739	860	TUDOR	PF00567.30	3.7e-17
Blan_XP_066268164.1	931	1049	TUDOR	PF00567.30	3.5e-21
Blan_XP_066268164.1	1248	1364	TUDOR	PF00567.30	4.5e-13
Ggal_XP_004949676.2	328	444	TUDOR	PF00567.30	9.6e-24
Ggal_XP_004949676.2	515	636	TUDOR	PF00567.30	2.7e-23
Ggal_XP_004949676.2	770	883	TUDOR	PF00567.30	6e-26
Ggal_NP_001292033.2	468	584	TUDOR	PF00567.30	1.2e-23
Ggal_NP_001292033.2	655	776	TUDOR	PF00567.30	3.3e-23
Ggal_NP_001292033.2	910	1023	TUDOR	PF00567.30	7.2e-26
Cscu_XP_023241849.1	22	143	TUDOR	PF00567.30	1.1e-17
Cscu_XP_023241849.1	234	348	TUDOR	PF00567.30	1.1e-23
Cscu_XP_023241849.1	420	542	TUDOR	PF00567.30	2e-27
Blan_XP_066285195.1	320	394	TUDOR	PF00567.30	3.8e-14
Blan_XP_066285195.1	422	463	TUDOR	PF00567.30	8.5e-08
Blan_XP_066285195.1	893	969	TUDOR	PF00567.30	1.4e-13
Blan_XP_066285195.1	999	1039	TUDOR	PF00567.30	8.8e-10
Blan_XP_066285195.1	1269	1371	TUDOR	PF00567.30	5.1e-23
Xtro_NP_001011355.2	453	573	TUDOR	PF00567.30	4.7e-23
Xtro_NP_001011355.2	644	766	TUDOR	PF00567.30	1.6e-20
Xtro_NP_001011355.2	900	1016	TUDOR	PF00567.30	1.2e-27
Lcom_lcpid25790|	1	87	TUDOR	PF00567.30	5.2e-23
Lcom_lcpid25790|	384	506	TUDOR	PF00567.30	6.8e-22
Lcom_lcpid25790|	762	857	TUDOR	PF00567.30	1.9e-25
Obim_XP_014781938.1	443	570	TUDOR	PF00567.30	5.6e-22
Obim_XP_014781938.1	667	788	TUDOR	PF00567.30	8.5e-27
Obim_XP_014781938.1	912	1032	TUDOR	PF00567.30	6.6e-25
Drer_XP_001923031.4	295	417	TUDOR	PF00567.30	7.1e-22
Drer_XP_001923031.4	487	610	TUDOR	PF00567.30	2.1e-20
Drer_XP_001923031.4	750	865	TUDOR	PF00567.30	1.1e-28
Drer_NP_001340858.1	443	565	TUDOR	PF00567.30	8.8e-22
Drer_NP_001340858.1	635	758	TUDOR	PF00567.30	2.6e-20
Drer_NP_001340858.1	898	1013	TUDOR	PF00567.30	1.3e-28
Lcom_lcpid64583|	38	155	TUDOR	PF00567.30	8.2e-22
Lcom_lcpid64583|	247	369	TUDOR	PF00567.30	2e-23
Lcom_lcpid64583|	597	709	TUDOR	PF00567.30	6.6e-25
Lcom_lcpid64606|	38	155	TUDOR	PF00567.30	8.2e-22
Lcom_lcpid64606|	247	369	TUDOR	PF00567.30	2e-23
Lcom_lcpid64606|	597	709	TUDOR	PF00567.30	6.6e-25
Lcom_lcpid61981|	70	187	TUDOR	PF00567.30	8.6e-22
Lcom_lcpid61981|	279	401	TUDOR	PF00567.30	2.1e-23
Lcom_lcpid61981|	629	741	TUDOR	PF00567.30	6.9e-25
Dmel_NP_650324.1	109	225	TUDOR	PF00567.30	7.3e-24
Dmel_NP_650324.1	460	573	TUDOR	PF00567.30	1.1e-18
Dmel_NP_650324.1	719	843	TUDOR	PF00567.30	2.9e-23
Blan_XP_066277406.1	515	636	TUDOR	PF00567.30	1.2e-24
Blan_XP_066277406.1	714	839	TUDOR	PF00567.30	2.2e-24
Blan_XP_066277406.1	996	1114	TUDOR	PF00567.30	8.6e-20
Blan_XP_066277405.1	516	637	TUDOR	PF00567.30	1.2e-24
Blan_XP_066277405.1	715	840	TUDOR	PF00567.30	2.2e-24
Blan_XP_066277405.1	997	1115	TUDOR	PF00567.30	8.6e-20
Blan_XP_066277404.1	517	638	TUDOR	PF00567.30	1.2e-24
Blan_XP_066277404.1	716	841	TUDOR	PF00567.30	2.2e-24
Blan_XP_066277404.1	998	1116	TUDOR	PF00567.30	8.6e-20
Blan_XP_066277403.1	523	644	TUDOR	PF00567.30	1.2e-24
Blan_XP_066277403.1	722	847	TUDOR	PF00567.30	2.2e-24
Blan_XP_066277403.1	1004	1122	TUDOR	PF00567.30	8.7e-20
Spur_XP_030841751.1	451	570	TUDOR	PF00567.30	3.8e-26
Spur_XP_030841751.1	685	785	TUDOR	PF00567.30	2.5e-20
Spur_XP_030841751.1	861	983	TUDOR	PF00567.30	4.3e-22
Spur_XP_003727196.2	457	576	TUDOR	PF00567.30	3.8e-26
Spur_XP_003727196.2	691	791	TUDOR	PF00567.30	2.5e-20
Spur_XP_003727196.2	867	989	TUDOR	PF00567.30	4.4e-22
Spur_XP_030841750.1	466	585	TUDOR	PF00567.30	3.9e-26
Spur_XP_030841750.1	700	800	TUDOR	PF00567.30	2.6e-20
Spur_XP_030841750.1	876	998	TUDOR	PF00567.30	4.4e-22
Spur_XP_030838681.1	242	368	TUDOR	PF00567.30	1.2e-24
Spur_XP_030838681.1	820	950	TUDOR	PF00567.30	6.5e-21
Spur_XP_030838681.1	1217	1316	TUDOR	PF00567.30	4e-23
Dpul_XP_046453977.1	486	604	TUDOR	PF00567.30	1.7e-22
Dpul_XP_046453977.1	853	924	TUDOR	PF00567.30	1.5e-12
Dpul_XP_046453977.1	1016	1131	TUDOR	PF00567.30	3.4e-14
Dpul_XP_046453977.1	1240	1362	TUDOR	PF00567.30	1.3e-17
Spur_XP_030855839.1	243	369	TUDOR	PF00567.30	1.2e-24
Spur_XP_030855839.1	790	914	TUDOR	PF00567.30	8.1e-21
Spur_XP_030855839.1	1181	1280	TUDOR	PF00567.30	6.5e-23
Apla_XP_022081094.1	308	433	TUDOR	PF00567.30	2.8e-21
Apla_XP_022081094.1	999	1127	TUDOR	PF00567.30	1.7e-22
Apla_XP_022081094.1	1402	1503	TUDOR	PF00567.30	9.9e-23
Drer_NP_001092813.1	466	587	TUDOR	PF00567.30	8.6e-25
Drer_NP_001092813.1	658	779	TUDOR	PF00567.30	8.6e-19
Drer_NP_001092813.1	891	1006	TUDOR	PF00567.30	1.2e-23
Dpul_XP_046454172.1	487	605	TUDOR	PF00567.30	5.1e-21
Dpul_XP_046454172.1	854	925	TUDOR	PF00567.30	3.3e-12
Dpul_XP_046454172.1	1023	1138	TUDOR	PF00567.30	1.9e-14
Dpul_XP_046454172.1	1246	1369	TUDOR	PF00567.30	9.5e-18
Dpul_XP_046440296.1	418	536	TUDOR	PF00567.30	2.1e-12
Dpul_XP_046440296.1	624	742	TUDOR	PF00567.30	9.7e-22
Dpul_XP_046440296.1	1127	1239	TUDOR	PF00567.30	1.4e-13
Dpul_XP_046440296.1	1348	1463	TUDOR	PF00567.30	2.9e-17
Dpul_XP_046440297.1	417	535	TUDOR	PF00567.30	2.1e-12
Dpul_XP_046440297.1	623	741	TUDOR	PF00567.30	9.7e-22
Dpul_XP_046440297.1	1126	1238	TUDOR	PF00567.30	1.4e-13
Dpul_XP_046440297.1	1347	1462	TUDOR	PF00567.30	2.9e-17
Dpul_XP_046440298.1	416	534	TUDOR	PF00567.30	2.1e-12
Dpul_XP_046440298.1	622	740	TUDOR	PF00567.30	9.7e-22
Dpul_XP_046440298.1	1125	1237	TUDOR	PF00567.30	1.4e-13
Dpul_XP_046440298.1	1346	1461	TUDOR	PF00567.30	2.9e-17
Emue_Em0011g41a	396	512	TUDOR	PF00567.30	2e-17
Emue_Em0011g41a	605	722	TUDOR	PF00567.30	2.1e-26
Emue_Em0011g41a	822	934	TUDOR	PF00567.30	1.4e-22
Skow_XP_006820502.1	693	736	TUDOR	PF00567.30	2.4e-09
Skow_XP_006820502.1	1117	1235	TUDOR	PF00567.30	7.6e-30
Skow_XP_006820502.1	1485	1585	TUDOR	PF00567.30	8.9e-22
Scil_XP_065178536.1	420	533	TUDOR	PF00567.30	3.2e-25
Scil_XP_065178536.1	853	983	TUDOR	PF00567.30	2.6e-16
Scil_XP_065178536.1	1243	1338	TUDOR	PF00567.30	5.7e-24
Cvir_XP_022302739.1	555	669	TUDOR	PF00567.30	1.1e-21
Cvir_XP_022302739.1	1002	1139	TUDOR	PF00567.30	7.5e-22
Cvir_XP_022302739.1	1389	1482	TUDOR	PF00567.30	4.4e-21
Cvir_XP_022302748.1	555	669	TUDOR	PF00567.30	1.1e-21
Cvir_XP_022302748.1	1002	1139	TUDOR	PF00567.30	7.5e-22
Cvir_XP_022302748.1	1389	1482	TUDOR	PF00567.30	4.4e-21
Cvir_XP_022310318.1	556	669	TUDOR	PF00567.30	1.8e-21
Cvir_XP_022310318.1	1002	1139	TUDOR	PF00567.30	7.2e-22
Cvir_XP_022310318.1	1389	1482	TUDOR	PF00567.30	4.2e-21
Cvir_XP_022310324.1	556	669	TUDOR	PF00567.30	1.8e-21
Cvir_XP_022310324.1	1002	1139	TUDOR	PF00567.30	7.2e-22
Cvir_XP_022310324.1	1389	1482	TUDOR	PF00567.30	4.2e-21
Pigvie_Pvie_g10990	21	132	TUDOR	PF00567.30	1.6e-12
Pigvie_Pvie_g10990	457	576	TUDOR	PF00567.30	3.4e-23
Pigvie_Pvie_g10990	722	846	TUDOR	PF00567.30	2.2e-16
Pigvie_Pvie_g10990	1209	1323	TUDOR	PF00567.30	1.4e-11
Aque_XP_019855055.1	7	114	TUDOR	PF00567.30	4.2e-21
Aque_XP_019855055.1	214	327	TUDOR	PF00567.30	2.3e-14
Aque_XP_019855055.1	416	529	TUDOR	PF00567.30	2.5e-14
Aque_XP_019855055.1	675	781	TUDOR	PF00567.30	1.6e-13
Dmel_NP_650735.3	536	648	TUDOR	PF00567.30	5.4e-15
Dmel_NP_650735.3	744	858	TUDOR	PF00567.30	8e-13
Dmel_NP_650735.3	977	1107	TUDOR	PF00567.30	1.7e-06
Dmel_NP_650735.3	1284	1403	TUDOR	PF00567.30	3.5e-14
Dmel_NP_650735.3	1690	1781	TUDOR	PF00567.30	1.3e-14
Lpol_XP_013787143.2	533	652	TUDOR	PF00567.30	3.7e-24
Lpol_XP_013787143.2	866	942	TUDOR	PF00567.30	9.6e-09
Lpol_XP_013787143.2	967	1005	TUDOR	PF00567.30	4.2e-09
Lpol_XP_013787143.2	1252	1354	TUDOR	PF00567.30	1.3e-20
Hsap_XP_011533466.1	12	60	TUDOR	PF00567.30	6.9e-09
Hsap_XP_011533466.1	181	296	TUDOR	PF00567.30	2.3e-15
Hsap_XP_011533466.1	444	561	TUDOR	PF00567.30	2e-23
Hsap_XP_011533466.1	719	816	TUDOR	PF00567.30	3.5e-15
Apimel_XP_001121997.2	484	606	TUDOR	PF00567.30	1.7e-20
Apimel_XP_001121997.2	682	805	TUDOR	PF00567.30	6.8e-15
Apimel_XP_001121997.2	913	1032	TUDOR	PF00567.30	6.6e-26
Apimel_XP_006562405.1	495	617	TUDOR	PF00567.30	1.7e-20
Apimel_XP_006562405.1	693	816	TUDOR	PF00567.30	6.9e-15
Apimel_XP_006562405.1	924	1043	TUDOR	PF00567.30	6.7e-26
Lcom_lcpid67847|	87	193	TUDOR	PF00567.30	5.8e-14
Lcom_lcpid67847|	264	380	TUDOR	PF00567.30	1.7e-20
Lcom_lcpid67847|	465	578	TUDOR	PF00567.30	1.6e-22
Lcom_lcpid68071|	90	196	TUDOR	PF00567.30	5.8e-14
Lcom_lcpid68071|	267	383	TUDOR	PF00567.30	1.7e-20
Lcom_lcpid68071|	468	581	TUDOR	PF00567.30	1.6e-22
Lcom_lcpid68078|	90	196	TUDOR	PF00567.30	5.8e-14
Lcom_lcpid68078|	267	383	TUDOR	PF00567.30	1.7e-20
Lcom_lcpid68078|	468	581	TUDOR	PF00567.30	1.6e-22
Pvan_XP_027221802.1	487	607	TUDOR	PF00567.30	7.5e-20
Pvan_XP_027221802.1	680	799	TUDOR	PF00567.30	8.9e-17
Pvan_XP_027221802.1	936	1054	TUDOR	PF00567.30	1.1e-23
Pvan_XP_027221800.1	542	662	TUDOR	PF00567.30	8e-20
Pvan_XP_027221800.1	735	854	TUDOR	PF00567.30	9.5e-17
Pvan_XP_027221800.1	991	1109	TUDOR	PF00567.30	1.1e-23
Pvan_XP_027221799.1	545	665	TUDOR	PF00567.30	8e-20
Pvan_XP_027221799.1	738	857	TUDOR	PF00567.30	9.6e-17
Pvan_XP_027221799.1	994	1112	TUDOR	PF00567.30	1.1e-23
Pvan_XP_027221796.1	546	666	TUDOR	PF00567.30	8e-20
Pvan_XP_027221796.1	739	858	TUDOR	PF00567.30	9.6e-17
Pvan_XP_027221796.1	995	1113	TUDOR	PF00567.30	1.1e-23
Dpul_XP_046450065.1	424	529	TUDOR	PF00567.30	2.2e-11
Dpul_XP_046450065.1	694	813	TUDOR	PF00567.30	3.7e-19
Dpul_XP_046450065.1	928	1040	TUDOR	PF00567.30	3e-15
Dpul_XP_046450065.1	1201	1311	TUDOR	PF00567.30	6.5e-11
Lpol_XP_013780709.1	431	547	TUDOR	PF00567.30	6.5e-21
Lpol_XP_013780709.1	620	740	TUDOR	PF00567.30	4.9e-16
Lpol_XP_013780709.1	910	1033	TUDOR	PF00567.30	9.5e-22
Lpol_XP_013780708.1	431	547	TUDOR	PF00567.30	6.5e-21
Lpol_XP_013780708.1	620	740	TUDOR	PF00567.30	4.9e-16
Lpol_XP_013780708.1	911	1034	TUDOR	PF00567.30	9.5e-22
Lpol_XP_022248582.1	431	547	TUDOR	PF00567.30	6.5e-21
Lpol_XP_022248582.1	620	740	TUDOR	PF00567.30	4.9e-16
Lpol_XP_022248582.1	911	1034	TUDOR	PF00567.30	9.5e-22
Lpol_XP_022248583.1	431	547	TUDOR	PF00567.30	6.5e-21
Lpol_XP_022248583.1	620	740	TUDOR	PF00567.30	4.9e-16
Lpol_XP_022248583.1	911	1034	TUDOR	PF00567.30	9.5e-22
Avag_UJR09280.1	262	380	TUDOR	PF00567.30	2.5e-27
Avag_UJR09280.1	536	653	TUDOR	PF00567.30	1.8e-17
Avag_UJR09280.1	870	965	TUDOR	PF00567.30	6.2e-13
Obim_XP_014790430.1	187	313	TUDOR	PF00567.30	8.5e-21
Obim_XP_014790430.1	570	699	TUDOR	PF00567.30	3.1e-19
Obim_XP_014790430.1	896	1028	TUDOR	PF00567.30	1e-20
Emue_Em0011g762a	348	469	TUDOR	PF00567.30	5.1e-20
Emue_Em0011g762a	545	667	TUDOR	PF00567.30	1.8e-17
Emue_Em0011g762a	955	1064	TUDOR	PF00567.30	1.9e-20
Pigchi_Pchi_g12382	20	138	TUDOR	PF00567.30	1.1e-08
Pigchi_Pchi_g12382	505	624	TUDOR	PF00567.30	2.9e-21
Pigchi_Pchi_g12382	807	929	TUDOR	PF00567.30	2.3e-14
Pigchi_Pchi_g12382	1403	1516	TUDOR	PF00567.30	3.7e-11
Scil_XP_065179010.1	2	125	TUDOR	PF00567.30	2.8e-21
Scil_XP_065179010.1	1103	1229	TUDOR	PF00567.30	9.8e-10
Scil_XP_065179010.1	1350	1467	TUDOR	PF00567.30	1.4e-25
Scil_XP_065179009.1	2	125	TUDOR	PF00567.30	2.8e-21
Scil_XP_065179009.1	1140	1266	TUDOR	PF00567.30	1e-09
Scil_XP_065179009.1	1387	1504	TUDOR	PF00567.30	1.4e-25
Cint_XP_018670835.2	511	632	TUDOR	PF00567.30	4.2e-26
Cint_XP_018670835.2	855	976	TUDOR	PF00567.30	1.9e-21
Cint_XP_018670835.2	1231	1325	TUDOR	PF00567.30	2.4e-12
Pvan_XP_069986776.1	405	525	TUDOR	PF00567.30	6.8e-20
Pvan_XP_069986776.1	598	726	TUDOR	PF00567.30	1.4e-12
Pvan_XP_069986776.1	863	981	TUDOR	PF00567.30	9.7e-24
Pvan_XP_069986774.1	446	566	TUDOR	PF00567.30	7.2e-20
Pvan_XP_069986774.1	639	767	TUDOR	PF00567.30	1.4e-12
Pvan_XP_069986774.1	904	1022	TUDOR	PF00567.30	1e-23
Pvan_XP_069986773.1	450	570	TUDOR	PF00567.30	7.2e-20
Pvan_XP_069986773.1	643	771	TUDOR	PF00567.30	1.4e-12
Pvan_XP_069986773.1	908	1026	TUDOR	PF00567.30	1e-23
Pvan_XP_069986772.1	486	606	TUDOR	PF00567.30	7.6e-20
Pvan_XP_069986772.1	679	807	TUDOR	PF00567.30	1.5e-12
Pvan_XP_069986772.1	944	1062	TUDOR	PF00567.30	1.1e-23
Pvan_XP_069986771.1	487	607	TUDOR	PF00567.30	7.6e-20
Pvan_XP_069986771.1	680	808	TUDOR	PF00567.30	1.5e-12
Pvan_XP_069986771.1	945	1063	TUDOR	PF00567.30	1.1e-23
Pvan_XP_069986768.1	542	662	TUDOR	PF00567.30	8.1e-20
Pvan_XP_069986768.1	735	863	TUDOR	PF00567.30	1.6e-12
Pvan_XP_069986768.1	1000	1118	TUDOR	PF00567.30	1.1e-23
Pvan_XP_069986767.1	545	665	TUDOR	PF00567.30	8.1e-20
Pvan_XP_069986767.1	738	866	TUDOR	PF00567.30	1.6e-12
Pvan_XP_069986767.1	1003	1121	TUDOR	PF00567.30	1.2e-23
Pvan_XP_069986765.1	546	666	TUDOR	PF00567.30	8.1e-20
Pvan_XP_069986765.1	739	867	TUDOR	PF00567.30	1.6e-12
Pvan_XP_069986765.1	1004	1122	TUDOR	PF00567.30	1.2e-23
Pvan_XP_069986766.1	546	666	TUDOR	PF00567.30	8.1e-20
Pvan_XP_069986766.1	739	867	TUDOR	PF00567.30	1.6e-12
Pvan_XP_069986766.1	1004	1122	TUDOR	PF00567.30	1.2e-23
Skow_XP_006824064.1	152	276	TUDOR	PF00567.30	1.9e-21
Skow_XP_006824064.1	376	465	TUDOR	PF00567.30	1.5e-11
Skow_XP_006824064.1	536	654	TUDOR	PF00567.30	1e-23
Twil_T_wilhelma_c33436_g1_i6|m.55208	78	196	TUDOR	PF00567.30	5.6e-25
Twil_T_wilhelma_c33436_g1_i6|m.55208	330	433	TUDOR	PF00567.30	4.8e-14
Twil_T_wilhelma_c33436_g1_i6|m.55208	512	621	TUDOR	PF00567.30	4.6e-17
Twil_T_wilhelma_c33436_g1_i1|m.55205	26	144	TUDOR	PF00567.30	2.6e-25
Twil_T_wilhelma_c33436_g1_i1|m.55205	273	376	TUDOR	PF00567.30	1.2e-13
Twil_T_wilhelma_c33436_g1_i1|m.55205	455	564	TUDOR	PF00567.30	1.1e-16
Emue_Em0001g1098a	225	269	TUDOR	PF00567.30	1.4e-09
Emue_Em0001g1098a	1380	1501	TUDOR	PF00567.30	1.6e-22
Emue_Em0001g1098a	1728	1821	TUDOR	PF00567.30	1.9e-23
Emue_Em0001g1081a	453	497	TUDOR	PF00567.30	2e-09
Emue_Em0001g1081a	1624	1745	TUDOR	PF00567.30	2.3e-22
Emue_Em0001g1081a	1972	2065	TUDOR	PF00567.30	2.8e-23
Scil_XP_065183238.1	496	604	TUDOR	PF00567.30	7.5e-07
Scil_XP_065183238.1	768	884	TUDOR	PF00567.30	9.7e-22
Scil_XP_065183238.1	993	1113	TUDOR	PF00567.30	6.6e-26
Hsap_XP_047279071.1	2	123	TUDOR	PF00567.30	1.7e-28
Hsap_XP_047279071.1	258	375	TUDOR	PF00567.30	7.8e-28
Cscu_XP_023243427.1	684	794	TUDOR	PF00567.30	3.7e-11
Cscu_XP_023243427.1	922	1004	TUDOR	PF00567.30	7.8e-11
Cscu_XP_023243427.1	1180	1276	TUDOR	PF00567.30	5.8e-12
Cscu_XP_023243427.1	1393	1507	TUDOR	PF00567.30	3.6e-20
Emue_Em0013g845a	1	71	TUDOR	PF00567.30	1.8e-10
Emue_Em0013g845a	130	239	TUDOR	PF00567.30	7.7e-16
Emue_Em0013g845a	285	404	TUDOR	PF00567.30	3.2e-27
Pvan_XP_027230796.2	561	631	TUDOR	PF00567.30	2.4e-10
Pvan_XP_027230796.2	862	977	TUDOR	PF00567.30	1e-16
Pvan_XP_027230796.2	1129	1249	TUDOR	PF00567.30	4.9e-26
Pvan_XP_069979881.1	561	631	TUDOR	PF00567.30	2.4e-10
Pvan_XP_069979881.1	862	977	TUDOR	PF00567.30	1e-16
Pvan_XP_069979881.1	1129	1249	TUDOR	PF00567.30	4.9e-26
Rcul_nRc.2.0.1.t01441-RA	309	421	TUDOR	PF00567.30	9.3e-19
Rcul_nRc.2.0.1.t01441-RA	559	675	TUDOR	PF00567.30	2.4e-29
Aplcal_XP_012936023.1	698	812	TUDOR	PF00567.30	6.9e-16
Aplcal_XP_012936023.1	1081	1217	TUDOR	PF00567.30	5.2e-19
Aplcal_XP_012936023.1	1465	1561	TUDOR	PF00567.30	2.3e-16
Twil_T_wilhelma_c13837_g1_i1|m.2747	802	912	TUDOR	PF00567.30	1.9e-22
Twil_T_wilhelma_c13837_g1_i1|m.2747	1187	1303	TUDOR	PF00567.30	9.9e-22
Blan_XP_066290762.1	2	123	TUDOR	PF00567.30	1.9e-15
Blan_XP_066290762.1	1276	1365	TUDOR	PF00567.30	2.9e-10
Blan_XP_066290762.1	1493	1607	TUDOR	PF00567.30	5.4e-27
Blan_XP_066290759.1	2	123	TUDOR	PF00567.30	1.9e-15
Blan_XP_066290759.1	1289	1378	TUDOR	PF00567.30	2.9e-10
Blan_XP_066290759.1	1506	1620	TUDOR	PF00567.30	5.4e-27
Scil_XP_065175316.1	261	380	TUDOR	PF00567.30	7.3e-25
Scil_XP_065175316.1	555	674	TUDOR	PF00567.30	3.2e-29
Agrpla_XP_018321654.1	468	580	TUDOR	PF00567.30	3.7e-19
Agrpla_XP_018321654.1	655	783	TUDOR	PF00567.30	1.7e-10
Agrpla_XP_018321654.1	892	1011	TUDOR	PF00567.30	2.4e-22
Agrpla_XP_018321651.1	471	583	TUDOR	PF00567.30	3.7e-19
Agrpla_XP_018321651.1	658	786	TUDOR	PF00567.30	1.7e-10
Agrpla_XP_018321651.1	895	1014	TUDOR	PF00567.30	2.4e-22
Agrpla_XP_018321652.1	471	583	TUDOR	PF00567.30	3.7e-19
Agrpla_XP_018321652.1	658	786	TUDOR	PF00567.30	1.7e-10
Agrpla_XP_018321652.1	895	1014	TUDOR	PF00567.30	2.4e-22
Pvan_XP_069986778.1	405	525	TUDOR	PF00567.30	6.5e-20
Pvan_XP_069986778.1	598	665	TUDOR	PF00567.30	6.1e-08
Pvan_XP_069986778.1	819	937	TUDOR	PF00567.30	9.2e-24
Aque_XP_019854490.1	466	589	TUDOR	PF00567.30	1.9e-20
Aque_XP_019854490.1	673	777	TUDOR	PF00567.30	1e-17
Aque_XP_019854490.1	851	974	TUDOR	PF00567.30	2.4e-13
Aque_XP_019851967.1	364	454	TUDOR	PF00567.30	6.6e-18
Aque_XP_019851967.1	1705	1827	TUDOR	PF00567.30	4.1e-22
Pvan_XP_069986777.1	449	569	TUDOR	PF00567.30	6.8e-20
Pvan_XP_069986777.1	642	709	TUDOR	PF00567.30	6.4e-08
Pvan_XP_069986777.1	863	981	TUDOR	PF00567.30	9.7e-24
Pvan_XP_069986775.1	450	570	TUDOR	PF00567.30	6.9e-20
Pvan_XP_069986775.1	643	710	TUDOR	PF00567.30	6.4e-08
Pvan_XP_069986775.1	864	982	TUDOR	PF00567.30	9.8e-24
Pvan_XP_069986770.1	541	661	TUDOR	PF00567.30	7.7e-20
Pvan_XP_069986770.1	734	801	TUDOR	PF00567.30	7.1e-08
Pvan_XP_069986770.1	955	1073	TUDOR	PF00567.30	1.1e-23
Pvan_XP_069986769.1	545	665	TUDOR	PF00567.30	7.7e-20
Pvan_XP_069986769.1	738	805	TUDOR	PF00567.30	7.1e-08
Pvan_XP_069986769.1	959	1077	TUDOR	PF00567.30	1.1e-23
Pvan_XP_027221801.1	546	666	TUDOR	PF00567.30	7.7e-20
Pvan_XP_027221801.1	739	806	TUDOR	PF00567.30	7.1e-08
Pvan_XP_027221801.1	960	1078	TUDOR	PF00567.30	1.1e-23
Twil_T_wilhelma_c31650_g1_i1|m.43052	267	387	TUDOR	PF00567.30	7.8e-31
Twil_T_wilhelma_c31650_g1_i1|m.43052	527	656	TUDOR	PF00567.30	1.8e-19
Dpul_XP_046458538.1	49	143	TUDOR	PF00567.30	1.1e-07
Dpul_XP_046458538.1	297	410	TUDOR	PF00567.30	5.5e-15
Dpul_XP_046458538.1	508	618	TUDOR	PF00567.30	2.4e-08
Dpul_XP_046458538.1	839	949	TUDOR	PF00567.30	1.3e-10
Agrpla_XP_018328089.1	406	513	TUDOR	PF00567.30	8.9e-17
Agrpla_XP_018328089.1	643	699	TUDOR	PF00567.30	7.6e-08
Agrpla_XP_018328089.1	777	884	TUDOR	PF00567.30	1.6e-09
Agrpla_XP_018328089.1	998	1089	TUDOR	PF00567.30	1.4e-13
Agrpla_XP_018328083.1	406	513	TUDOR	PF00567.30	9e-17
Agrpla_XP_018328083.1	643	699	TUDOR	PF00567.30	7.7e-08
Agrpla_XP_018328083.1	777	884	TUDOR	PF00567.30	1.6e-09
Agrpla_XP_018328083.1	1005	1096	TUDOR	PF00567.30	1.5e-13
Smar_SMAR008155-PA	470	578	TUDOR	PF00567.30	1.1e-12
Smar_SMAR008155-PA	653	769	TUDOR	PF00567.30	7.7e-18
Smar_SMAR008155-PA	868	989	TUDOR	PF00567.30	8.3e-19
Apla_XP_022098100.1	52	178	TUDOR	PF00567.30	9.7e-21
Apla_XP_022098100.1	1388	1510	TUDOR	PF00567.30	7.6e-23
Hsap_XP_047279069.1	460	581	TUDOR	PF00567.30	2.7e-26
Hsap_XP_047279069.1	650	764	TUDOR	PF00567.30	5.5e-25
Apla_XP_022098101.1	4	130	TUDOR	PF00567.30	1.1e-20
Apla_XP_022098101.1	1340	1462	TUDOR	PF00567.30	7.4e-23
Apla_XP_022098102.1	4	130	TUDOR	PF00567.30	1.1e-20
Apla_XP_022098102.1	1340	1462	TUDOR	PF00567.30	7.4e-23
Lcom_lcpid50054|	258	377	TUDOR	PF00567.30	1.5e-27
Lcom_lcpid50054|	541	658	TUDOR	PF00567.30	2.5e-22
Cscu_XP_023243229.1	5	98	TUDOR	PF00567.30	2.3e-24
Cscu_XP_023243229.1	131	225	TUDOR	PF00567.30	1.6e-24
Dpul_XP_046459849.1	463	565	TUDOR	PF00567.30	1.2e-07
Dpul_XP_046459849.1	684	792	TUDOR	PF00567.30	1.1e-22
Dpul_XP_046459849.1	865	986	TUDOR	PF00567.30	2.5e-16
Aplcal_XP_035827122.1	715	830	TUDOR	PF00567.30	9.6e-16
Aplcal_XP_035827122.1	983	1121	TUDOR	PF00567.30	2.3e-10
Aplcal_XP_035827122.1	1469	1583	TUDOR	PF00567.30	6.7e-19
Cint_XP_026691845.1	271	381	TUDOR	PF00567.30	5e-10
Cint_XP_026691845.1	490	594	TUDOR	PF00567.30	9.2e-12
Cint_XP_026691845.1	666	790	TUDOR	PF00567.30	3.4e-09
Cint_XP_026691845.1	968	1092	TUDOR	PF00567.30	9.5e-14
Plae_KAI0988726.1	501	568	TUDOR	PF00567.30	1.3e-12
Plae_KAI0988726.1	677	789	TUDOR	PF00567.30	4.1e-12
Plae_KAI0988726.1	908	1026	TUDOR	PF00567.30	2.8e-16
Dpul_XP_046457118.1	121	225	TUDOR	PF00567.30	4.3e-09
Dpul_XP_046457118.1	621	753	TUDOR	PF00567.30	8.4e-18
Dpul_XP_046457118.1	961	1062	TUDOR	PF00567.30	6e-18
Dpul_XP_046457119.1	121	225	TUDOR	PF00567.30	4.3e-09
Dpul_XP_046457119.1	621	753	TUDOR	PF00567.30	8.4e-18
Dpul_XP_046457119.1	961	1062	TUDOR	PF00567.30	6e-18
Dpul_XP_046457116.1	121	225	TUDOR	PF00567.30	4.3e-09
Dpul_XP_046457116.1	621	753	TUDOR	PF00567.30	8.4e-18
Dpul_XP_046457116.1	962	1063	TUDOR	PF00567.30	6e-18
Dpul_XP_046457117.1	121	225	TUDOR	PF00567.30	4.3e-09
Dpul_XP_046457117.1	621	753	TUDOR	PF00567.30	8.4e-18
Dpul_XP_046457117.1	962	1063	TUDOR	PF00567.30	6e-18
Twil_T_wilhelma_c23575_g1_i1|m.10086	223	341	TUDOR	PF00567.30	6.8e-22
Twil_T_wilhelma_c23575_g1_i1|m.10086	608	719	TUDOR	PF00567.30	2.2e-23
Avag_UJR31993.1	291	405	TUDOR	PF00567.30	1.1e-19
Avag_UJR31993.1	805	918	TUDOR	PF00567.30	4.4e-26
Dpul_XP_046459850.1	463	542	TUDOR	PF00567.30	5.2e-06
Dpul_XP_046459850.1	604	712	TUDOR	PF00567.30	9.9e-23
Dpul_XP_046459850.1	785	906	TUDOR	PF00567.30	2.2e-16
Apimel_XP_026301145.1	418	517	TUDOR	PF00567.30	1.8e-17
Apimel_XP_026301145.1	783	898	TUDOR	PF00567.30	2.9e-13
Apimel_XP_026301145.1	1014	1091	TUDOR	PF00567.30	2.3e-12
Aplcal_XP_035826123.1	6	133	TUDOR	PF00567.30	6.1e-12
Aplcal_XP_035826123.1	1207	1311	TUDOR	PF00567.30	1.1e-07
Aplcal_XP_035826123.1	1432	1558	TUDOR	PF00567.30	1.5e-25
Lcom_lcpid10490|	4	130	TUDOR	PF00567.30	3.4e-19
Lcom_lcpid10490|	1080	1209	TUDOR	PF00567.30	1.7e-08
Lcom_lcpid10490|	1328	1449	TUDOR	PF00567.30	8.4e-17
Mlei_ML435819a-PA	782	898	TUDOR	PF00567.30	6.8e-23
Mlei_ML435819a-PA	983	1095	TUDOR	PF00567.30	2.3e-16
Obim_XP_014781943.1	20	140	TUDOR	PF00567.30	7.6e-19
Obim_XP_014781943.1	234	361	TUDOR	PF00567.30	2e-26
Lana_XP_013401979.1	28	130	TUDOR	PF00567.30	5.8e-07
Lana_XP_013401979.1	1489	1620	TUDOR	PF00567.30	2.3e-13
Lana_XP_013401979.1	1743	1861	TUDOR	PF00567.30	1.2e-26
Dpul_XP_046456039.1	93	175	TUDOR	PF00567.30	9.3e-09
Dpul_XP_046456039.1	332	449	TUDOR	PF00567.30	1.7e-17
Dpul_XP_046456039.1	600	709	TUDOR	PF00567.30	4.5e-18
Btab_XP_018917767.1	683	797	TUDOR	PF00567.30	1.8e-15
Btab_XP_018917767.1	871	987	TUDOR	PF00567.30	7.2e-16
Btab_XP_018917767.1	1160	1266	TUDOR	PF00567.30	7.5e-13
Btab_XP_018917766.1	759	873	TUDOR	PF00567.30	2e-15
Btab_XP_018917766.1	947	1063	TUDOR	PF00567.30	7.7e-16
Btab_XP_018917766.1	1236	1342	TUDOR	PF00567.30	8e-13
Btab_XP_018917764.1	800	914	TUDOR	PF00567.30	2e-15
Btab_XP_018917764.1	988	1104	TUDOR	PF00567.30	8e-16
Btab_XP_018917764.1	1277	1383	TUDOR	PF00567.30	8.3e-13
Btab_XP_018917765.1	789	903	TUDOR	PF00567.30	2e-15
Btab_XP_018917765.1	977	1093	TUDOR	PF00567.30	8e-16
Btab_XP_018917765.1	1266	1372	TUDOR	PF00567.30	8.3e-13
Btab_XP_018917760.1	840	954	TUDOR	PF00567.30	2.1e-15
Btab_XP_018917760.1	1028	1144	TUDOR	PF00567.30	8.3e-16
Btab_XP_018917760.1	1317	1423	TUDOR	PF00567.30	8.6e-13
Btab_XP_018917761.1	840	954	TUDOR	PF00567.30	2.1e-15
Btab_XP_018917761.1	1028	1144	TUDOR	PF00567.30	8.3e-16
Btab_XP_018917761.1	1317	1423	TUDOR	PF00567.30	8.6e-13
Btab_XP_018917763.1	840	954	TUDOR	PF00567.30	2.1e-15
Btab_XP_018917763.1	1028	1144	TUDOR	PF00567.30	8.3e-16
Btab_XP_018917763.1	1317	1423	TUDOR	PF00567.30	8.6e-13
Cvir_XP_022322728.1	459	577	TUDOR	PF00567.30	1.6e-14
Cvir_XP_022322728.1	670	791	TUDOR	PF00567.30	2e-12
Cvir_XP_022322728.1	1075	1196	TUDOR	PF00567.30	8.2e-17
Cvir_XP_022322736.1	459	577	TUDOR	PF00567.30	1.6e-14
Cvir_XP_022322736.1	670	791	TUDOR	PF00567.30	2e-12
Cvir_XP_022322736.1	1075	1196	TUDOR	PF00567.30	8.2e-17
Smar_SMAR009883-PA	349	479	TUDOR	PF00567.30	7.6e-12
Smar_SMAR009883-PA	670	806	TUDOR	PF00567.30	1.3e-15
Smar_SMAR009883-PA	1023	1120	TUDOR	PF00567.30	6.8e-15
Btab_XP_018917776.1	315	420	TUDOR	PF00567.30	4.5e-14
Btab_XP_018917776.1	620	704	TUDOR	PF00567.30	1.9e-06
Btab_XP_018917776.1	798	885	TUDOR	PF00567.30	4.7e-16
Btab_XP_018917777.1	315	420	TUDOR	PF00567.30	4.5e-14
Btab_XP_018917777.1	620	704	TUDOR	PF00567.30	1.9e-06
Btab_XP_018917777.1	798	885	TUDOR	PF00567.30	4.7e-16
Twil_T_wilhelma_c33809_g2_i4|m.57838	601	718	TUDOR	PF00567.30	2e-27
Twil_T_wilhelma_c33809_g2_i4|m.57838	792	913	TUDOR	PF00567.30	5.7e-18
Lcom_lcpid34098|	689	815	TUDOR	PF00567.30	3.8e-16
Lcom_lcpid34098|	905	1024	TUDOR	PF00567.30	8.2e-28
Lcom_lcpid32634|	726	852	TUDOR	PF00567.30	4e-16
Lcom_lcpid32634|	942	1061	TUDOR	PF00567.30	8.6e-28
Apla_XP_022081095.1	308	433	TUDOR	PF00567.30	2.6e-21
Apla_XP_022081095.1	999	1127	TUDOR	PF00567.30	1.6e-22
Obim_XP_014779142.1	414	530	TUDOR	PF00567.30	2.7e-26
Obim_XP_014779142.1	616	733	TUDOR	PF00567.30	6.6e-17
Avit_KAL3993957.1	77	192	TUDOR	PF00567.30	2.8e-19
Avit_KAL3993957.1	612	719	TUDOR	PF00567.30	1.1e-10
Avit_KAL3993957.1	821	915	TUDOR	PF00567.30	1.9e-10
Avit_KAL3993956.1	77	192	TUDOR	PF00567.30	2.8e-19
Avit_KAL3993956.1	623	730	TUDOR	PF00567.30	1.1e-10
Avit_KAL3993956.1	832	926	TUDOR	PF00567.30	1.9e-10
Bmor_XP_021206342.1	451	572	TUDOR	PF00567.30	6.3e-17
Bmor_XP_021206342.1	883	1003	TUDOR	PF00567.30	4.8e-21
Bmor_XP_012549270.1	452	573	TUDOR	PF00567.30	6.3e-17
Bmor_XP_012549270.1	884	1004	TUDOR	PF00567.30	4.8e-21
Cvir_XP_022342786.1	9	127	TUDOR	PF00567.30	2.3e-09
Cvir_XP_022342786.1	1131	1219	TUDOR	PF00567.30	3e-08
Cvir_XP_022342786.1	1336	1456	TUDOR	PF00567.30	6.5e-23
Cvir_XP_022342785.1	9	127	TUDOR	PF00567.30	2.4e-09
Cvir_XP_022342785.1	1131	1219	TUDOR	PF00567.30	3.1e-08
Cvir_XP_022342785.1	1336	1456	TUDOR	PF00567.30	6.7e-23
Twil_T_wilhelma_c33112_g1_i2|m.52803	68	155	TUDOR	PF00567.30	5.4e-07
Twil_T_wilhelma_c33112_g1_i2|m.52803	720	855	TUDOR	PF00567.30	1.1e-09
Twil_T_wilhelma_c33112_g1_i2|m.52803	966	1081	TUDOR	PF00567.30	8e-25
Twil_T_wilhelma_c33112_g1_i3|m.52804	68	155	TUDOR	PF00567.30	5.4e-07
Twil_T_wilhelma_c33112_g1_i3|m.52804	720	855	TUDOR	PF00567.30	1.1e-09
Twil_T_wilhelma_c33112_g1_i3|m.52804	966	1081	TUDOR	PF00567.30	8e-25
Skow_XP_006821059.1	30	102	TUDOR	PF00567.30	3.8e-17
Skow_XP_006821059.1	263	381	TUDOR	PF00567.30	8.7e-25
Dmel_NP_651092.1	321	438	TUDOR	PF00567.30	9.6e-20
Dmel_NP_651092.1	521	639	TUDOR	PF00567.30	3.6e-22
Btab_XP_018913040.1	857	983	TUDOR	PF00567.30	4.5e-23
Btab_XP_018913040.1	1201	1278	TUDOR	PF00567.30	1.3e-15
Lana_XP_013416953.1	298	420	TUDOR	PF00567.30	4e-19
Lana_XP_013416953.1	1079	1152	TUDOR	PF00567.30	3e-11
Lana_XP_013416953.1	1182	1221	TUDOR	PF00567.30	1.7e-09
Aque_XP_019853383.1	3	120	TUDOR	PF00567.30	3.1e-10
Aque_XP_019853383.1	752	850	TUDOR	PF00567.30	4.8e-10
Aque_XP_019853383.1	967	1098	TUDOR	PF00567.30	1.8e-18
Aque_XP_019853384.1	3	120	TUDOR	PF00567.30	3.1e-10
Aque_XP_019853384.1	752	850	TUDOR	PF00567.30	4.8e-10
Aque_XP_019853384.1	967	1098	TUDOR	PF00567.30	1.8e-18
Cscu_XP_023234145.1	15	137	TUDOR	PF00567.30	3.9e-17
Cscu_XP_023234145.1	1240	1341	TUDOR	PF00567.30	2.9e-08
Cscu_XP_023234145.1	1464	1579	TUDOR	PF00567.30	8.1e-18
Smed_h1SMcT0011035.2	74	147	TUDOR	PF00567.30	7.5e-14
Smed_h1SMcT0011035.2	387	514	TUDOR	PF00567.30	2.1e-12
Smed_h1SMcT0011035.2	778	867	TUDOR	PF00567.30	1.5e-13
Smed_h1SMcT0011035.3	75	148	TUDOR	PF00567.30	7.5e-14
Smed_h1SMcT0011035.3	388	515	TUDOR	PF00567.30	2.1e-12
Smed_h1SMcT0011035.3	779	868	TUDOR	PF00567.30	1.5e-13
Ovol_OVOC11274	78	192	TUDOR	PF00567.30	9.5e-18
Ovol_OVOC11274	625	731	TUDOR	PF00567.30	1.1e-12
Ovol_OVOC11274	839	927	TUDOR	PF00567.30	3.9e-09
Aque_XP_019856937.1	273	388	TUDOR	PF00567.30	1e-16
Aque_XP_019856937.1	986	1097	TUDOR	PF00567.30	1.6e-24
Aque_XP_019856936.1	273	388	TUDOR	PF00567.30	1e-16
Aque_XP_019856936.1	986	1097	TUDOR	PF00567.30	1.6e-24
Wban_VDM09870.1	78	191	TUDOR	PF00567.30	2.4e-18
Wban_VDM09870.1	592	697	TUDOR	PF00567.30	6.2e-12
Wban_VDM09870.1	796	895	TUDOR	PF00567.30	3.1e-10
Twil_T_wilhelma_c33112_g1_i1|m.52802	68	155	TUDOR	PF00567.30	5.7e-07
Twil_T_wilhelma_c33112_g1_i1|m.52802	720	855	TUDOR	PF00567.30	1.2e-09
Twil_T_wilhelma_c33112_g1_i1|m.52802	966	1081	TUDOR	PF00567.30	8.4e-25
Lloa_XP_020306861.1	73	187	TUDOR	PF00567.30	5.9e-18
Lloa_XP_020306861.1	585	691	TUDOR	PF00567.30	1.3e-11
Lloa_XP_020306861.1	780	887	TUDOR	PF00567.30	1e-09
Twil_T_wilhelma_c33809_g2_i1|m.57834	599	716	TUDOR	PF00567.30	2.9e-27
Twil_T_wilhelma_c33809_g2_i1|m.57834	790	903	TUDOR	PF00567.30	9.7e-14
Smed_h1SMcT0007119.2	15	139	TUDOR	PF00567.30	6.5e-19
Smed_h1SMcT0007119.2	252	380	TUDOR	PF00567.30	7.2e-14
Smed_h1SMcT0007119.2	491	607	TUDOR	PF00567.30	2.1e-07
Lana_XP_013408218.1	135	248	TUDOR	PF00567.30	4.6e-26
Lana_XP_013408218.1	327	427	TUDOR	PF00567.30	1.6e-14
Lcom_lcpid99483|	27	150	TUDOR	PF00567.30	6.5e-19
Lcom_lcpid99483|	235	351	TUDOR	PF00567.30	1.9e-21
Cscu_XP_023243228.1	99	218	TUDOR	PF00567.30	2.1e-17
Cscu_XP_023243228.1	366	455	TUDOR	PF00567.30	6.9e-23
Avag_UJR28510.1	344	463	TUDOR	PF00567.30	4.2e-26
Avag_UJR28510.1	773	862	TUDOR	PF00567.30	4.7e-12
Lcom_lcpid100316|	27	150	TUDOR	PF00567.30	3.8e-19
Lcom_lcpid100316|	235	338	TUDOR	PF00567.30	3.4e-20
Obim_XP_052831076.1	487	612	TUDOR	PF00567.30	2.5e-12
Obim_XP_052831076.1	731	850	TUDOR	PF00567.30	7.7e-27
Obim_XP_014779260.2	487	612	TUDOR	PF00567.30	2.6e-12
Obim_XP_014779260.2	731	850	TUDOR	PF00567.30	7.8e-27
Bmal_XP_042934131.1	77	191	TUDOR	PF00567.30	1.4e-17
Bmal_XP_042934131.1	592	697	TUDOR	PF00567.30	1.4e-11
Bmal_XP_042934131.1	794	890	TUDOR	PF00567.30	2.8e-08
Pvan_XP_069999961.1	22	142	TUDOR	PF00567.30	1.5e-11
Pvan_XP_069999961.1	1137	1226	TUDOR	PF00567.30	1.7e-09
Pvan_XP_069999961.1	1426	1558	TUDOR	PF00567.30	9.9e-16
Emue_Em0016g1135a	246	338	TUDOR	PF00567.30	3.3e-17
Emue_Em0016g1135a	511	616	TUDOR	PF00567.30	3.8e-21
Dimm_MCP9261337.1	77	191	TUDOR	PF00567.30	4.5e-18
Dimm_MCP9261337.1	568	686	TUDOR	PF00567.30	6.6e-09
Dimm_MCP9261337.1	802	882	TUDOR	PF00567.30	3.3e-08
Lsig_VDK86417.1	3	102	TUDOR	PF00567.30	6.1e-15
Lsig_VDK86417.1	497	601	TUDOR	PF00567.30	1.4e-12
Lsig_VDK86417.1	715	807	TUDOR	PF00567.30	1.6e-08
Rvar_GAU91228.1	440	526	TUDOR	PF00567.30	3.6e-08
Rvar_GAU91228.1	602	698	TUDOR	PF00567.30	3.3e-09
Rvar_GAU91228.1	803	919	TUDOR	PF00567.30	3.8e-19
Lcom_lcpid20598|	500	615	TUDOR	PF00567.30	1.4e-11
Lcom_lcpid20598|	708	823	TUDOR	PF00567.30	9.5e-13
Lcom_lcpid20598|	933	1052	TUDOR	PF00567.30	3.6e-12
Dpul_XP_046457917.1	26	114	TUDOR	PF00567.30	4.7e-07
Dpul_XP_046457917.1	234	360	TUDOR	PF00567.30	1.9e-07
Dpul_XP_046457917.1	468	581	TUDOR	PF00567.30	2.4e-21
Dpul_XP_046457918.1	26	114	TUDOR	PF00567.30	4.7e-07
Dpul_XP_046457918.1	234	360	TUDOR	PF00567.30	1.9e-07
Dpul_XP_046457918.1	468	581	TUDOR	PF00567.30	2.4e-21
Hduj_OQV13949.1	290	379	TUDOR	PF00567.30	7e-08
Hduj_OQV13949.1	453	548	TUDOR	PF00567.30	1.4e-09
Hduj_OQV13949.1	638	763	TUDOR	PF00567.30	2.8e-18
Rvar_GAV02214.1	344	437	TUDOR	PF00567.30	5.5e-10
Rvar_GAV02214.1	519	615	TUDOR	PF00567.30	8e-08
Rvar_GAV02214.1	713	831	TUDOR	PF00567.30	6.6e-18
Emue_Em0010g41a	350	472	TUDOR	PF00567.30	7.5e-22
Emue_Em0010g41a	584	656	TUDOR	PF00567.30	1.5e-15
Dmel_NP_722455.3	475	587	TUDOR	PF00567.30	2e-11
Dmel_NP_722455.3	682	809	TUDOR	PF00567.30	2.2e-06
Dmel_NP_722455.3	947	1065	TUDOR	PF00567.30	6.2e-17
Dmel_NP_611475.3	561	673	TUDOR	PF00567.30	2.2e-11
Dmel_NP_611475.3	768	895	TUDOR	PF00567.30	2.5e-06
Dmel_NP_611475.3	1033	1151	TUDOR	PF00567.30	6.9e-17
Smed_h1SMcT0007119.3	14	139	TUDOR	PF00567.30	4.9e-19
Smed_h1SMcT0007119.3	252	380	TUDOR	PF00567.30	5.4e-14
Bmor_XP_062529282.1	209	327	TUDOR	PF00567.30	1.1e-14
Bmor_XP_062529282.1	532	626	TUDOR	PF00567.30	4.7e-21
Bmor_XP_062529281.1	209	327	TUDOR	PF00567.30	1.1e-14
Bmor_XP_062529281.1	537	631	TUDOR	PF00567.30	4.7e-21
Eela_EEL_0000983801-mRNA-1	76	192	TUDOR	PF00567.30	9.5e-17
Eela_EEL_0000983801-mRNA-1	581	687	TUDOR	PF00567.30	1e-10
Eela_EEL_0000983801-mRNA-1	807	883	TUDOR	PF00567.30	2.1e-07
Spur_XP_030831269.1	110	242	TUDOR	PF00567.30	1.7e-08
Spur_XP_030831269.1	361	477	TUDOR	PF00567.30	3e-27
Emue_Em1196g1a	19	110	TUDOR	PF00567.30	3.1e-12
Emue_Em1196g1a	203	275	TUDOR	PF00567.30	3.4e-12
Emue_Em1196g1a	298	341	TUDOR	PF00567.30	1.1e-09
Lcom_lcpid47750|	192	312	TUDOR	PF00567.30	1.4e-16
Lcom_lcpid47750|	409	526	TUDOR	PF00567.30	4.4e-07
Lcom_lcpid47750|	781	876	TUDOR	PF00567.30	2.8e-10
Hduj_OQV20931.1	576	666	TUDOR	PF00567.30	1.1e-08
Hduj_OQV20931.1	744	833	TUDOR	PF00567.30	2.5e-10
Hduj_OQV20931.1	914	1030	TUDOR	PF00567.30	8.7e-15
Mlei_ML182512a-PA	7	127	TUDOR	PF00567.30	3.4e-13
Mlei_ML182512a-PA	207	324	TUDOR	PF00567.30	2.4e-22
Spur_XP_030831855.1	110	242	TUDOR	PF00567.30	1.7e-08
Spur_XP_030831855.1	363	477	TUDOR	PF00567.30	5e-27
Spur_XP_030831856.1	110	242	TUDOR	PF00567.30	1.7e-08
Spur_XP_030831856.1	363	477	TUDOR	PF00567.30	5e-27
Smed_h1SMcT0007119.1	14	139	TUDOR	PF00567.30	4.1e-19
Smed_h1SMcT0007119.1	252	380	TUDOR	PF00567.30	4.6e-14
Avag_UJR31523.1	194	312	TUDOR	PF00567.30	6.5e-16
Avag_UJR31523.1	426	513	TUDOR	PF00567.30	7.2e-19
Dpul_XP_046464135.1	431	549	TUDOR	PF00567.30	2.1e-21
Dpul_XP_046464135.1	766	885	TUDOR	PF00567.30	1.8e-13
Dpul_XP_046464134.1	432	550	TUDOR	PF00567.30	2.2e-21
Dpul_XP_046464134.1	767	886	TUDOR	PF00567.30	1.8e-13
Dpul_XP_046464133.1	439	557	TUDOR	PF00567.30	2.2e-21
Dpul_XP_046464133.1	774	893	TUDOR	PF00567.30	1.9e-13
Dpul_XP_046464132.1	440	558	TUDOR	PF00567.30	2.2e-21
Dpul_XP_046464132.1	775	894	TUDOR	PF00567.30	1.9e-13
Dpul_XP_046464136.1	460	578	TUDOR	PF00567.30	2.2e-21
Dpul_XP_046464136.1	795	914	TUDOR	PF00567.30	1.9e-13
Dpul_XP_046464131.1	461	579	TUDOR	PF00567.30	2.2e-21
Dpul_XP_046464131.1	796	915	TUDOR	PF00567.30	1.9e-13
Rcul_nRc.2.0.1.t30642-RA	8	97	TUDOR	PF00567.30	3.1e-15
Rcul_nRc.2.0.1.t30642-RA	188	306	TUDOR	PF00567.30	1e-19
Twil_T_wilhelma_c23575_g1_i2|m.10087	223	341	TUDOR	PF00567.30	3.3e-22
Twil_T_wilhelma_c23575_g1_i2|m.10087	608	680	TUDOR	PF00567.30	3.8e-09
Pvan_XP_069981890.1	57	180	TUDOR	PF00567.30	3.4e-20
Pvan_XP_069981890.1	373	507	TUDOR	PF00567.30	3.6e-13
Pvan_XP_069981891.1	57	180	TUDOR	PF00567.30	3.4e-20
Pvan_XP_069981891.1	373	507	TUDOR	PF00567.30	3.6e-13
Pvan_XP_069981892.1	1	122	TUDOR	PF00567.30	1.2e-19
Pvan_XP_069981892.1	315	449	TUDOR	PF00567.30	3e-13
Smed_h1SMcT0019146.1	94	216	TUDOR	PF00567.30	1.9e-12
Smed_h1SMcT0019146.1	296	424	TUDOR	PF00567.30	1.6e-14
Btab_XP_018895856.1	18	137	TUDOR	PF00567.30	6.7e-08
Btab_XP_018895856.1	1431	1548	TUDOR	PF00567.30	6e-21
Spur_XP_030832456.1	253	360	TUDOR	PF00567.30	2e-16
Spur_XP_030832456.1	639	745	TUDOR	PF00567.30	1.5e-15
Spur_XP_030832455.1	253	360	TUDOR	PF00567.30	2e-16
Spur_XP_030832455.1	638	744	TUDOR	PF00567.30	1.5e-15
Spur_XP_030832454.1	253	360	TUDOR	PF00567.30	2e-16
Spur_XP_030832454.1	639	745	TUDOR	PF00567.30	1.5e-15
Avag_UJR15160.1	187	304	TUDOR	PF00567.30	3.1e-14
Avag_UJR15160.1	409	499	TUDOR	PF00567.30	5.5e-18
Smed_h1SMcT0020246.1	135	252	TUDOR	PF00567.30	2.4e-12
Smed_h1SMcT0020246.1	482	599	TUDOR	PF00567.30	2.4e-17
Mlei_ML40985a-PA	523	635	TUDOR	PF00567.30	5.7e-17
Mlei_ML40985a-PA	939	1037	TUDOR	PF00567.30	2.3e-12
Ofus_CAH1797281.1	254	369	TUDOR	PF00567.30	3.3e-17
Ofus_CAH1797281.1	1112	1223	TUDOR	PF00567.30	2.5e-14
Ever_VDD91298.1	85	200	TUDOR	PF00567.30	3.7e-19
Ever_VDD91298.1	543	616	TUDOR	PF00567.30	2.3e-12
Agrpla_XP_025831882.1	426	548	TUDOR	PF00567.30	3.6e-19
Agrpla_XP_025831882.1	745	874	TUDOR	PF00567.30	4.3e-15
Mbel_CAJ0942013.1	169	283	TUDOR	PF00567.30	8.8e-19
Mbel_CAJ0942013.1	393	509	TUDOR	PF00567.30	2.1e-12
Blan_XP_066271445.1	478	594	TUDOR	PF00567.30	1.4e-18
Blan_XP_066271445.1	835	951	TUDOR	PF00567.30	1.7e-12
Blan_XP_066271443.1	438	554	TUDOR	PF00567.30	1.4e-18
Blan_XP_066271443.1	795	911	TUDOR	PF00567.30	1.8e-12
Blan_XP_066271444.1	438	554	TUDOR	PF00567.30	1.4e-18
Blan_XP_066271444.1	795	911	TUDOR	PF00567.30	1.8e-12
Blan_XP_066271442.1	452	568	TUDOR	PF00567.30	1.4e-18
Blan_XP_066271442.1	809	925	TUDOR	PF00567.30	1.8e-12
Blan_XP_066271441.1	478	594	TUDOR	PF00567.30	1.5e-18
Blan_XP_066271441.1	835	951	TUDOR	PF00567.30	1.9e-12
Hsap_XP_016855617.1	79	198	TUDOR	PF00567.30	1e-31
Plae_KAI0978633.1	492	609	TUDOR	PF00567.30	8.4e-20
Plae_KAI0978633.1	1039	1146	TUDOR	PF00567.30	3.1e-11
Apla_XP_022095032.1	256	377	TUDOR	PF00567.30	2.3e-18
Apla_XP_022095032.1	822	939	TUDOR	PF00567.30	1.6e-12
Apla_XP_022095022.1	256	377	TUDOR	PF00567.30	2.3e-18
Apla_XP_022095022.1	823	940	TUDOR	PF00567.30	1.6e-12
Aplcal_XP_005100071.2	670	788	TUDOR	PF00567.30	1.8e-32
Smed_h1SMcT0014127.1	144	234	TUDOR	PF00567.30	8.5e-11
Smed_h1SMcT0014127.1	473	596	TUDOR	PF00567.30	9.4e-16
Ggal_XP_040563221.1	1	126	TUDOR	PF00567.30	2.4e-19
Ggal_XP_040563221.1	716	824	TUDOR	PF00567.30	3.4e-12
Ggal_XP_040563220.1	1	126	TUDOR	PF00567.30	2.5e-19
Ggal_XP_040563220.1	739	847	TUDOR	PF00567.30	3.5e-12
Smed_h1SMcT0014127.2	198	288	TUDOR	PF00567.30	9.5e-11
Smed_h1SMcT0014127.2	527	650	TUDOR	PF00567.30	1.1e-15
Ggal_XP_040563215.1	1	126	TUDOR	PF00567.30	2.6e-19
Ggal_XP_040563215.1	774	882	TUDOR	PF00567.30	3.6e-12
Ggal_XP_040563216.1	1	126	TUDOR	PF00567.30	2.6e-19
Ggal_XP_040563216.1	774	882	TUDOR	PF00567.30	3.6e-12
Ggal_XP_040563217.1	1	126	TUDOR	PF00567.30	2.6e-19
Ggal_XP_040563217.1	774	882	TUDOR	PF00567.30	3.6e-12
Ggal_XP_040563218.1	1	126	TUDOR	PF00567.30	2.6e-19
Ggal_XP_040563218.1	774	882	TUDOR	PF00567.30	3.6e-12
Ggal_XP_046755601.1	1	126	TUDOR	PF00567.30	2.6e-19
Ggal_XP_046755601.1	774	882	TUDOR	PF00567.30	3.6e-12
Ggal_XP_046755602.1	1	126	TUDOR	PF00567.30	2.6e-19
Ggal_XP_046755602.1	774	882	TUDOR	PF00567.30	3.6e-12
Ggal_XP_046755603.1	1	126	TUDOR	PF00567.30	2.6e-19
Ggal_XP_046755603.1	774	882	TUDOR	PF00567.30	3.6e-12
Hsap_NP_001077433.1	258	377	TUDOR	PF00567.30	2.3e-31
Dmel_NP_608657.1	257	386	TUDOR	PF00567.30	1.1e-31
Dmel_NP_722773.1	257	386	TUDOR	PF00567.30	1.1e-31
Dmel_NP_722774.1	257	386	TUDOR	PF00567.30	1.1e-31
Dmel_NP_722775.1	257	386	TUDOR	PF00567.30	1.1e-31
Hsap_NP_001077432.1	303	422	TUDOR	PF00567.30	2.7e-31
Hsap_NP_001077434.1	303	422	TUDOR	PF00567.30	2.7e-31
Hsap_NP_006853.2	303	422	TUDOR	PF00567.30	2.7e-31
Hsap_XP_016855611.1	303	422	TUDOR	PF00567.30	2.7e-31
Hsap_XP_016855612.1	303	422	TUDOR	PF00567.30	2.7e-31
Hsap_XP_016855613.1	303	422	TUDOR	PF00567.30	2.7e-31
Hsap_XP_016855614.1	303	422	TUDOR	PF00567.30	2.7e-31
Hsap_XP_016855615.1	303	422	TUDOR	PF00567.30	2.7e-31
Hsap_XP_016855616.1	303	422	TUDOR	PF00567.30	2.7e-31
Hsap_XP_047297945.1	303	422	TUDOR	PF00567.30	2.7e-31
Hsap_XP_047297964.1	303	422	TUDOR	PF00567.30	2.7e-31
Lana_XP_013419646.1	265	385	TUDOR	PF00567.30	1.7e-31
Aque_XP_019853385.1	638	736	TUDOR	PF00567.30	4.4e-10
Aque_XP_019853385.1	853	984	TUDOR	PF00567.30	1.7e-18
Rcul_nRc.2.0.1.t16999-RA	102	214	TUDOR	PF00567.30	3.1e-18
Rcul_nRc.2.0.1.t16999-RA	459	579	TUDOR	PF00567.30	1.5e-11
Blan_XP_066273956.1	292	355	TUDOR	PF00567.30	6.1e-14
Blan_XP_066273956.1	1344	1463	TUDOR	PF00567.30	2.2e-15
Blan_XP_066273955.1	292	355	TUDOR	PF00567.30	6.1e-14
Blan_XP_066273955.1	1344	1463	TUDOR	PF00567.30	2.2e-15
Blan_XP_066273954.1	292	355	TUDOR	PF00567.30	6.1e-14
Blan_XP_066273954.1	1342	1461	TUDOR	PF00567.30	2.2e-15
Blan_XP_066273953.1	292	355	TUDOR	PF00567.30	6.1e-14
Blan_XP_066273953.1	1344	1463	TUDOR	PF00567.30	2.2e-15
Blan_XP_066273959.1	292	355	TUDOR	PF00567.30	5.6e-14
Blan_XP_066273959.1	1344	1463	TUDOR	PF00567.30	2e-15
Mlei_ML01012a-PA	41	125	TUDOR	PF00567.30	7.4e-21
Mlei_ML01012a-PA	346	383	TUDOR	PF00567.30	2.6e-07
Btab_XP_018897700.1	26	115	TUDOR	PF00567.30	1.5e-09
Btab_XP_018897700.1	291	408	TUDOR	PF00567.30	4e-20
Btab_XP_018897701.1	26	115	TUDOR	PF00567.30	1.5e-09
Btab_XP_018897701.1	291	408	TUDOR	PF00567.30	4e-20
Btab_XP_018897702.1	26	115	TUDOR	PF00567.30	1.5e-09
Btab_XP_018897702.1	291	408	TUDOR	PF00567.30	4e-20
Blan_XP_066273958.1	292	355	TUDOR	PF00567.30	5.9e-14
Blan_XP_066273958.1	1344	1463	TUDOR	PF00567.30	2.1e-15
Dmel_NP_001261195.1	699	817	TUDOR	PF00567.30	2.8e-31
Dmel_NP_612021.1	699	817	TUDOR	PF00567.30	2.8e-31
Blan_XP_066273957.1	292	355	TUDOR	PF00567.30	6e-14
Blan_XP_066273957.1	1344	1463	TUDOR	PF00567.30	2.2e-15
Cele_NP_501230.1	69	193	TUDOR	PF00567.30	8.3e-23
Cele_NP_501230.1	331	438	TUDOR	PF00567.30	1.2e-06
Lcom_lcpid117762|	170	289	TUDOR	PF00567.30	5.1e-31
Lana_XP_013400394.1	672	787	TUDOR	PF00567.30	5.3e-31
Cele_NP_001021188.2	169	278	TUDOR	PF00567.30	1.4e-12
Cele_NP_001021188.2	411	521	TUDOR	PF00567.30	1.2e-16
Smar_SMAR000314-PA	1000	1098	TUDOR	PF00567.30	9.5e-08
Smar_SMAR000314-PA	1282	1393	TUDOR	PF00567.30	1.5e-17
Xtro_XP_031747152.1	297	415	TUDOR	PF00567.30	1.5e-30
Xtro_XP_031747153.1	297	415	TUDOR	PF00567.30	1.5e-30
Hduj_OQV20911.1	245	368	TUDOR	PF00567.30	2.1e-17
Hduj_OQV20911.1	450	568	TUDOR	PF00567.30	2.5e-11
Aplcal_XP_005109345.2	77	191	TUDOR	PF00567.30	7.7e-20
Aplcal_XP_005109345.2	345	478	TUDOR	PF00567.30	6.6e-08
Apimel_XP_016770906.1	243	363	TUDOR	PF00567.30	3.1e-30
Mlei_ML09863a-PA	667	785	TUDOR	PF00567.30	5.3e-30
Blan_XP_066270072.1	275	397	TUDOR	PF00567.30	8.8e-30
Avag_UJR16371.1	284	400	TUDOR	PF00567.30	7.5e-10
Avag_UJR16371.1	482	600	TUDOR	PF00567.30	2e-18
Smed_h1SMcT0009920.1	794	920	TUDOR	PF00567.30	4.4e-11
Smed_h1SMcT0009920.1	1055	1167	TUDOR	PF00567.30	6.1e-11
Bmor_XP_062526928.1	519	626	TUDOR	PF00567.30	1.9e-13
Bmor_XP_062526928.1	763	854	TUDOR	PF00567.30	3.4e-10
Bmor_XP_062526927.1	532	639	TUDOR	PF00567.30	2e-13
Bmor_XP_062526927.1	776	867	TUDOR	PF00567.30	3.5e-10
Ofus_CAH1780075.1	774	866	TUDOR	PF00567.30	7.8e-09
Ofus_CAH1780075.1	987	1112	TUDOR	PF00567.30	9.5e-19
Ofus_CAH1799685.1	676	794	TUDOR	PF00567.30	1.1e-29
Bmor_XP_062526924.1	654	761	TUDOR	PF00567.30	2.3e-13
Bmor_XP_062526924.1	898	989	TUDOR	PF00567.30	4.1e-10
Bmor_XP_062526922.1	657	764	TUDOR	PF00567.30	2.4e-13
Bmor_XP_062526922.1	901	992	TUDOR	PF00567.30	4.1e-10
Bmor_XP_062526923.1	657	764	TUDOR	PF00567.30	2.4e-13
Bmor_XP_062526923.1	901	992	TUDOR	PF00567.30	4.1e-10
Bmor_XP_062526920.1	670	777	TUDOR	PF00567.30	2.4e-13
Bmor_XP_062526920.1	914	1005	TUDOR	PF00567.30	4.2e-10
Dmel_NP_649797.2	134	250	TUDOR	PF00567.30	2.8e-17
Dmel_NP_649797.2	478	587	TUDOR	PF00567.30	1.3e-10
Hduj_OQV21599.1	236	359	TUDOR	PF00567.30	2.9e-08
Hduj_OQV21599.1	442	555	TUDOR	PF00567.30	1.5e-19
Cscu_XP_023227280.1	663	777	TUDOR	PF00567.30	1.7e-29
Cscu_XP_023227281.1	663	777	TUDOR	PF00567.30	1.7e-29
Blan_XP_066265355.1	660	776	TUDOR	PF00567.30	2e-29
Otip_Oti_10204_t	394	481	TUDOR	PF00567.30	1.3e-12
Otip_Oti_10204_t	603	716	TUDOR	PF00567.30	4.4e-15
Xtro_NP_989183.2	675	794	TUDOR	PF00567.30	2.4e-29
Agrpla_XP_018322785.1	235	359	TUDOR	PF00567.30	8.2e-29
Avag_UJR27196.1	731	847	TUDOR	PF00567.30	5.2e-29
Mjap_MIJAPON000002728.t1	98	211	TUDOR	PF00567.30	5.2e-14
Mjap_MIJAPON000002728.t1	336	434	TUDOR	PF00567.30	1.7e-13
Obim_XP_014782702.1	664	781	TUDOR	PF00567.30	4.7e-29
Cele_NP_494839.1	688	807	TUDOR	PF00567.30	5e-29
Diplco_DCO_001254	292	409	TUDOR	PF00567.30	4.2e-29
Drer_NP_878285.3	681	801	TUDOR	PF00567.30	6.5e-29
Mbel_CAJ0963434.1	648	767	TUDOR	PF00567.30	7.4e-29
Pigchi_Pchi_g14269	692	807	TUDOR	PF00567.30	6.1e-29
Sypmur_SMUV_0000374101-mRNA-1	679	797	TUDOR	PF00567.30	7.3e-29
Otip_Oti_10388_t	648	765	TUDOR	PF00567.30	9e-29
Tadh_XP_002110388.1	571	687	TUDOR	PF00567.30	1.1e-28
Bmor_XP_037875294.1	234	360	TUDOR	PF00567.30	8.5e-29
Bmor_XP_037875289.1	247	373	TUDOR	PF00567.30	8.8e-29
Diplco_DCO_001253	678	795	TUDOR	PF00567.30	1e-28
Otip_Oti_12320_t	675	792	TUDOR	PF00567.30	1.2e-28
Hsap_NP_055205.2	680	797	TUDOR	PF00567.30	1.4e-28
Emue_Em0021g379a	420	539	TUDOR	PF00567.30	1.4e-28
Cper_Nk52_evm64s221	835	945	TUDOR	PF00567.30	7.8e-13
Cper_Nk52_evm64s221	1318	1397	TUDOR	PF00567.30	1.9e-06
Hsap_XP_011525777.1	5	128	TUDOR	PF00567.30	4.1e-18
Hsap_XP_011525777.1	913	1004	TUDOR	PF00567.30	1.9e-08
Hsap_XP_016882947.1	5	128	TUDOR	PF00567.30	4.1e-18
Hsap_XP_016882947.1	913	1004	TUDOR	PF00567.30	1.9e-08
Otip_Oti_10385_t	1270	1387	TUDOR	PF00567.30	1.9e-28
Lana_XP_013391114.1	235	366	TUDOR	PF00567.30	4.2e-16
Lana_XP_013391114.1	663	771	TUDOR	PF00567.30	2.6e-11
Spur_XP_785759.2	256	377	TUDOR	PF00567.30	1.7e-28
Hsap_XP_047295626.1	5	128	TUDOR	PF00567.30	4.2e-18
Hsap_XP_047295626.1	908	999	TUDOR	PF00567.30	1.9e-08
Hsap_XP_011525775.1	5	128	TUDOR	PF00567.30	4.3e-18
Hsap_XP_011525775.1	913	1004	TUDOR	PF00567.30	1.9e-08
Hsap_NP_001353031.1	5	128	TUDOR	PF00567.30	4.3e-18
Hsap_NP_001353031.1	908	999	TUDOR	PF00567.30	2e-08
Hsap_XP_011525773.1	5	128	TUDOR	PF00567.30	4.3e-18
Hsap_XP_011525773.1	913	1004	TUDOR	PF00567.30	2e-08
Bmor_XP_062526925.1	652	759	TUDOR	PF00567.30	2.3e-13
Bmor_XP_062526925.1	896	987	TUDOR	PF00567.30	4.1e-10
Bmor_XP_062526921.1	668	775	TUDOR	PF00567.30	2.4e-13
Bmor_XP_062526921.1	912	1003	TUDOR	PF00567.30	4.2e-10
Scar_TKR78365.1	209	263	TUDOR	PF00567.30	2.5e-08
Scar_TKR78365.1	385	502	TUDOR	PF00567.30	3.1e-18
Apla_XP_022085401.1	258	380	TUDOR	PF00567.30	2.8e-28
Tnel_KRX22366.1	711	829	TUDOR	PF00567.30	3.7e-28
Tadh_XP_002114846.1	912	1031	TUDOR	PF00567.30	9.5e-11
Tadh_XP_002114846.1	1135	1248	TUDOR	PF00567.30	6e-12
Scar_TKR78366.1	281	335	TUDOR	PF00567.30	3e-08
Scar_TKR78366.1	457	574	TUDOR	PF00567.30	3.8e-18
Lcom_lcpid15914|	647	765	TUDOR	PF00567.30	9.1e-28
Tbri_KRY53538.1	711	829	TUDOR	PF00567.30	8.1e-28
Tnat_KRZ63231.1	711	829	TUDOR	PF00567.30	8.1e-28
Tbri_KRY53536.1	711	829	TUDOR	PF00567.30	8.1e-28
Tnat_KRZ63230.1	726	844	TUDOR	PF00567.30	8.3e-28
Angcan_KAE9420799.1	696	812	TUDOR	PF00567.30	7.9e-28
Tbri_KRY53537.1	731	849	TUDOR	PF00567.30	8.4e-28
Trimur_TMUE_1000004740	699	819	TUDOR	PF00567.30	8.1e-28
Avag_UJR30111.1	247	365	TUDOR	PF00567.30	3.5e-08
Avag_UJR30111.1	457	565	TUDOR	PF00567.30	7.9e-18
Smar_SMAR008859-PA	908	1025	TUDOR	PF00567.30	1e-26
Scil_XP_065198301.1	674	789	TUDOR	PF00567.30	1.3e-27
Pigvie_Pvie_g3360	685	801	TUDOR	PF00567.30	9.3e-28
Aplcal_XP_035824275.1	652	774	TUDOR	PF00567.30	1.3e-27
Hsap_XP_011525778.1	5	128	TUDOR	PF00567.30	3.6e-18
Hsap_XP_011525778.1	913	1004	TUDOR	PF00567.30	1.7e-08
Hduj_OQV14139.1	596	685	TUDOR	PF00567.30	2.9e-08
Hduj_OQV14139.1	796	899	TUDOR	PF00567.30	4.2e-11
Acey_EYB94383.1	685	798	TUDOR	PF00567.30	2e-27
Blan_XP_066303853.1	176	293	TUDOR	PF00567.30	1.1e-27
Blan_XP_066303854.1	176	293	TUDOR	PF00567.30	1.1e-27
Agrpla_XP_018333811.1	668	786	TUDOR	PF00567.30	2.8e-27
Ttri_CDW57997.1	699	819	TUDOR	PF00567.30	2.3e-27
Scil_XP_065199401.1	656	774	TUDOR	PF00567.30	2.8e-27
Tspi_XP_003373616.1	711	829	TUDOR	PF00567.30	2.8e-27
Ggal_XP_040508355.1	275	397	TUDOR	PF00567.30	2.3e-27
Skow_XP_002732557.2	669	784	TUDOR	PF00567.30	3.4e-27
Pvan_XP_027232151.2	250	377	TUDOR	PF00567.30	3.1e-27
Mbel_CAJ0959387.1	102	212	TUDOR	PF00567.30	4.1e-20
Smar_SMAR007460-PA	247	370	TUDOR	PF00567.30	6e-27
Rvar_GAU97962.1	681	797	TUDOR	PF00567.30	4.3e-27
Ggal_XP_040508354.1	275	397	TUDOR	PF00567.30	3.4e-27
Ggal_XP_040508353.1	275	397	TUDOR	PF00567.30	3.4e-27
Ggal_XP_015135505.2	275	397	TUDOR	PF00567.30	3.4e-27
Twil_T_wilhelma_c34619_g1_i1|m.61802	700	816	TUDOR	PF00567.30	4.9e-27
Plae_KAI0986527.1	144	260	TUDOR	PF00567.30	3.3e-11
Plae_KAI0986527.1	414	508	TUDOR	PF00567.30	5.8e-14
Lcom_lcpid192806|	29	141	TUDOR	PF00567.30	3.1e-27
Lpol_XP_022248911.1	145	260	TUDOR	PF00567.30	7.3e-27
Lcom_lcpid188970|	36	148	TUDOR	PF00567.30	3.4e-27
Btab_XP_018917832.1	246	373	TUDOR	PF00567.30	5e-27
Cscu_XP_023223782.1	84	218	TUDOR	PF00567.30	7.7e-27
Cint_XP_002128402.1	686	807	TUDOR	PF00567.30	1.4e-26
Bmor_NP_001182009.1	661	776	TUDOR	PF00567.30	8.2e-27
Hcon_XGW17873.1	158	259	TUDOR	PF00567.30	2.3e-09
Hcon_XGW17873.1	396	513	TUDOR	PF00567.30	7.9e-16
Hcon_XGW17874.1	158	259	TUDOR	PF00567.30	2.3e-09
Hcon_XGW17874.1	396	513	TUDOR	PF00567.30	7.9e-16
Bmor_XP_062525679.1	672	787	TUDOR	PF00567.30	8.3e-27
Hcon_XGW17872.1	173	274	TUDOR	PF00567.30	2.4e-09
Hcon_XGW17872.1	411	528	TUDOR	PF00567.30	8.2e-16
Lcom_lcpid169020|	63	175	TUDOR	PF00567.30	5.8e-27
Spur_XP_030843745.1	663	783	TUDOR	PF00567.30	2.4e-26
Sbat_VDP21017.1	498	615	TUDOR	PF00567.30	8.3e-27
Sros_XP_004995343.1	656	768	TUDOR	PF00567.30	1.3e-26
Skow_XP_006821058.1	536	658	TUDOR	PF00567.30	1.5e-26
Spur_XP_030843744.1	663	783	TUDOR	PF00567.30	2.7e-26
Spur_XP_030845256.1	687	807	TUDOR	PF00567.30	2.8e-26
Twil_T_wilhelma_c31650_g1_i2|m.43053	69	165	TUDOR	PF00567.30	2.2e-25
Angcan_KAE9415028.1	157	259	TUDOR	PF00567.30	7e-09
Angcan_KAE9415028.1	377	494	TUDOR	PF00567.30	6.2e-16
Btab_XP_018899130.1	44	114	TUDOR	PF00567.30	2.4e-06
Btab_XP_018899130.1	293	409	TUDOR	PF00567.30	1.4e-18
Lana_XP_013412925.1	297	416	TUDOR	PF00567.30	5.2e-22
Ever_VDD88289.1	679	797	TUDOR	PF00567.30	1.7e-26
Lana_XP_013412923.1	93	206	TUDOR	PF00567.30	1.4e-26
Hsap_XP_006715821.1	29	147	TUDOR	PF00567.30	2.5e-26
Hsap_XP_011513754.2	33	151	TUDOR	PF00567.30	2.5e-26
Lana_XP_013416965.1	129	226	TUDOR	PF00567.30	3.6e-25
Scil_XP_065191871.1	548	665	TUDOR	PF00567.30	9.7e-20
Hrob_XP_009019116.1	245	363	TUDOR	PF00567.30	2.1e-26
Hpol_VDO19259.1	112	214	TUDOR	PF00567.30	1.1e-09
Hpol_VDO19259.1	341	451	TUDOR	PF00567.30	4.3e-15
Hsap_NP_001247433.1	6	124	TUDOR	PF00567.30	3.2e-26
Hsap_NP_116562.2	6	124	TUDOR	PF00567.30	3.2e-26
Hsap_XP_011513752.1	6	124	TUDOR	PF00567.30	3.2e-26
Hsap_NP_001247434.1	29	147	TUDOR	PF00567.30	3.2e-26
Hsap_NP_113602.2	29	147	TUDOR	PF00567.30	3.3e-26
Hsap_XP_011513751.2	33	151	TUDOR	PF00567.30	3.3e-26
Avag_UJR14740.1	295	407	TUDOR	PF00567.30	2.4e-26
Avag_UJR14739.1	295	407	TUDOR	PF00567.30	2.4e-26
Tsui_KHJ45627.1	686	806	TUDOR	PF00567.30	2.8e-26
Emue_Em0016g1178a	306	429	TUDOR	PF00567.30	4.7e-26
Emue_Em0016g1117a	410	533	TUDOR	PF00567.30	5.5e-26
Emue_Em0531g2a	193	316	TUDOR	PF00567.30	4.3e-26
Otip_Oti_7962_t	133	254	TUDOR	PF00567.30	5.6e-10
Otip_Oti_7962_t	374	485	TUDOR	PF00567.30	1.1e-14
Apimel_XP_624638.4	664	779	TUDOR	PF00567.30	5.5e-26
Lloa_XP_003137748.1	681	797	TUDOR	PF00567.30	3.6e-26
Hrob_XP_009031867.1	692	808	TUDOR	PF00567.30	4.7e-26
Lcom_lcpid42992|	500	615	TUDOR	PF00567.30	1e-11
Lcom_lcpid42992|	708	823	TUDOR	PF00567.30	6.8e-13
Sbat_VDP13611.1	1	87	TUDOR	PF00567.30	1.3e-15
Sbat_VDP13611.1	277	373	TUDOR	PF00567.30	7.6e-09
Aque_XP_019853183.1	706	823	TUDOR	PF00567.30	6.7e-26
Blan_XP_066271686.1	471	598	TUDOR	PF00567.30	1.9e-24
Asuu_AgB08X_g139_t03	681	799	TUDOR	PF00567.30	4.7e-26
Emue_Em0648g9a	342	457	TUDOR	PF00567.30	1.3e-17
Asuu_AgB08X_g139_t01	681	799	TUDOR	PF00567.30	4.9e-26
Asuu_AgB08X_g139_t02	681	799	TUDOR	PF00567.30	4.9e-26
Agrpla_XP_018320411.1	528	624	TUDOR	PF00567.30	2.3e-06
Agrpla_XP_018320411.1	758	875	TUDOR	PF00567.30	8.2e-18
Cscu_XP_023215481.1	246	370	TUDOR	PF00567.30	6.1e-26
Cele_NP_741191.1	177	300	TUDOR	PF00567.30	5.2e-26
Scar_TKR65543.1	152	274	TUDOR	PF00567.30	4.7e-26
Hduj_OQV14140.1	596	685	TUDOR	PF00567.30	3e-08
Hduj_OQV14140.1	842	907	TUDOR	PF00567.30	1.8e-09
Emue_Em1275g1a	429	552	TUDOR	PF00567.30	3.8e-26
Lpol_XP_013782492.2	152	268	TUDOR	PF00567.30	3.9e-26
Hpol_VDO61665.1	676	789	TUDOR	PF00567.30	8.5e-26
Ovol_OVOC11092	680	798	TUDOR	PF00567.30	1.2e-25
Drer_XP_068080650.1	290	412	TUDOR	PF00567.30	2.1e-25
Crei_XP_042919667.1	800	918	TUDOR	PF00567.30	1.3e-25
Scar_TKR65544.1	340	462	TUDOR	PF00567.30	1.1e-25
Drer_NP_001014377.2	322	444	TUDOR	PF00567.30	2.3e-25
Cele_NP_001348744.1	535	658	TUDOR	PF00567.30	1.5e-25
Cele_NP_001348742.1	615	738	TUDOR	PF00567.30	1.8e-25
Cele_NP_001348743.1	629	752	TUDOR	PF00567.30	1.8e-25
Cele_NP_001370528.1	635	758	TUDOR	PF00567.30	1.8e-25
Avit_KAL3994033.1	680	797	TUDOR	PF00567.30	2e-25
Rchi_XP_024165782.1	632	751	TUDOR	PF00567.30	1.7e-24
Scil_XP_065199402.1	656	767	TUDOR	PF00567.30	2.3e-25
Twil_T_wilhelma_c24869_g1_i1|m.12794	13	135	TUDOR	PF00567.30	1.5e-25
Ofus_CAH1786229.1	494	618	TUDOR	PF00567.30	3.5e-25
Diplco_DCO_007404	172	289	TUDOR	PF00567.30	2.7e-09
Diplco_DCO_007404	413	522	TUDOR	PF00567.30	2.8e-14
Hrob_XP_009028177.1	663	782	TUDOR	PF00567.30	3e-25
Diplco_DCO_007403	172	289	TUDOR	PF00567.30	7.5e-10
Diplco_DCO_007403	413	522	TUDOR	PF00567.30	1e-13
Xtro_XP_012816810.2	3	130	TUDOR	PF00567.30	4.7e-11
Xtro_XP_012816810.2	792	908	TUDOR	PF00567.30	3.6e-13
Xtro_XP_017948590.2	3	130	TUDOR	PF00567.30	4.7e-11
Xtro_XP_017948590.2	792	908	TUDOR	PF00567.30	3.6e-13
Xtro_XP_031756666.1	3	130	TUDOR	PF00567.30	4.7e-11
Xtro_XP_031756666.1	792	908	TUDOR	PF00567.30	3.6e-13
Lpol_XP_022238896.1	233	358	TUDOR	PF00567.30	3.2e-25
Cper_Nk52_evm69s230	694	811	TUDOR	PF00567.30	7.2e-25
Dmel_NP_001245532.1	393	514	TUDOR	PF00567.30	3.2e-25
Dmel_NP_572221.1	393	514	TUDOR	PF00567.30	3.2e-25
Dmel_NP_726991.1	393	514	TUDOR	PF00567.30	3.2e-25
Dmel_NP_726992.2	415	536	TUDOR	PF00567.30	3.4e-25
Pgem_Unigene32753_Pirum_gemmata|m.19883	669	785	TUDOR	PF00567.30	3.2e-25
Lpol_XP_013772162.1	268	393	TUDOR	PF00567.30	3.7e-25
Lpol_XP_022238890.1	268	393	TUDOR	PF00567.30	3.7e-25
Lpol_XP_022238891.1	268	393	TUDOR	PF00567.30	3.7e-25
Lpol_XP_022238892.1	268	393	TUDOR	PF00567.30	3.7e-25
Lpol_XP_022238894.1	268	393	TUDOR	PF00567.30	3.7e-25
Lpol_XP_022238895.1	268	393	TUDOR	PF00567.30	3.7e-25
Eela_EEL_0000459101-mRNA-1	694	810	TUDOR	PF00567.30	4.5e-25
Lana_XP_013402320.1	478	600	TUDOR	PF00567.30	4.4e-25
Lsig_VDK70087.1	616	733	TUDOR	PF00567.30	5e-25
Lana_XP_013402319.1	478	600	TUDOR	PF00567.30	5.7e-25
Atri_XP_011623486.1	732	855	TUDOR	PF00567.30	4.8e-25
Awhi_Unigene18512_Abeoforma_whisleri|m.12529	676	793	TUDOR	PF00567.30	6.3e-25
Lcom_lcpid33679|	584	704	TUDOR	PF00567.30	6.4e-25
Lcom_lcpid33442|	589	709	TUDOR	PF00567.30	6.5e-25
Rcul_nRc.2.0.1.t43374-RA	382	504	TUDOR	PF00567.30	6.7e-25
Bmal_XP_042934264.1	680	797	TUDOR	PF00567.30	8.8e-25
Ofus_CAH1789464.1	331	457	TUDOR	PF00567.30	1.3e-24
Avag_UJR24746.1	89	212	TUDOR	PF00567.30	2.8e-14
Avag_UJR24746.1	366	418	TUDOR	PF00567.30	2.8e-09
Wban_VDM07583.1	680	797	TUDOR	PF00567.30	8.8e-25
Cscu_XP_023223771.1	11	82	TUDOR	PF00567.30	1.1e-14
Cscu_XP_023223771.1	230	316	TUDOR	PF00567.30	1.7e-08
Lcom_lcpid35213|	655	773	TUDOR	PF00567.30	8e-25
Ihof_Ihof_evm5s61	653	772	TUDOR	PF00567.30	1.3e-24
Bmal_XP_042934727.1	32	131	TUDOR	PF00567.30	3.4e-09
Bmal_XP_042934727.1	653	754	TUDOR	PF00567.30	3.9e-08
Asuu_AgE29_g001_t17	3	123	TUDOR	PF00567.30	5.9e-25
Asuu_AgE29_g001_t18	3	123	TUDOR	PF00567.30	5.9e-25
Dpul_XP_046455103.1	678	795	TUDOR	PF00567.30	9.8e-25
Dpul_XP_046455104.1	678	795	TUDOR	PF00567.30	9.8e-25
Rcul_nRc.2.0.1.t26365-RA	627	743	TUDOR	PF00567.30	9.1e-25
Cvir_XP_022316734.1	145	261	TUDOR	PF00567.30	1.4e-24
Dimm_MCP9260275.1	31	133	TUDOR	PF00567.30	8.4e-09
Dimm_MCP9260275.1	723	826	TUDOR	PF00567.30	3.4e-07
Twil_T_wilhelma_c22717_g1_i2|m.8630	120	225	TUDOR	PF00567.30	1.1e-24
Smed_h1SMcT0016977.1	697	815	TUDOR	PF00567.30	1.3e-24
Twil_T_wilhelma_c31343_g1_i4|m.41152	238	355	TUDOR	PF00567.30	1.4e-24
Rchi_XP_040365062.1	511	630	TUDOR	PF00567.30	1.3e-24
Cowc_XP_004347396.1	681	796	TUDOR	PF00567.30	1.7e-24
Cscu_XP_023210547.1	196	318	TUDOR	PF00567.30	1.4e-24
Twil_T_wilhelma_c31343_g1_i1|m.41149	897	1014	TUDOR	PF00567.30	4.4e-24
Obim_XP_014769172.1	399	522	TUDOR	PF00567.30	4.8e-24
Asuu_AgE29_g001_t03	135	255	TUDOR	PF00567.30	1.7e-24
Asuu_AgE29_g001_t16	138	258	TUDOR	PF00567.30	1.7e-24
Obim_XP_052827651.1	464	587	TUDOR	PF00567.30	5.1e-24
Mjap_MIJAPON000007842.t1	155	272	TUDOR	PF00567.30	9.8e-13
Mjap_MIJAPON000007842.t1	396	502	TUDOR	PF00567.30	5.1e-10
Lcom_lcpid87775|	76	196	TUDOR	PF00567.30	1.8e-24
Rchi_XP_040363920.1	672	797	TUDOR	PF00567.30	2.2e-24
Bxyl_CAG9098849.1	650	762	TUDOR	PF00567.30	4.8e-24
Obim_XP_014769171.1	573	696	TUDOR	PF00567.30	5.4e-24
Ovol_OVOC1544	50	161	TUDOR	PF00567.30	2.2e-08
Ovol_OVOC1544	868	955	TUDOR	PF00567.30	4.2e-11
Obim_XP_014769170.1	573	696	TUDOR	PF00567.30	5.4e-24
Obim_XP_014769169.1	573	696	TUDOR	PF00567.30	5.4e-24
Sbat_VDP03787.1	120	243	TUDOR	PF00567.30	2.1e-24
Obim_XP_014769168.1	573	696	TUDOR	PF00567.30	5.6e-24
Obim_XP_014769166.1	573	696	TUDOR	PF00567.30	5.6e-24
Obim_XP_014769167.1	573	696	TUDOR	PF00567.30	5.6e-24
Obim_XP_052827616.1	573	696	TUDOR	PF00567.30	5.6e-24
Obim_XP_052827624.1	573	696	TUDOR	PF00567.30	5.6e-24
Asuu_AgE29_g001_t07	210	330	TUDOR	PF00567.30	2.5e-24
Asuu_AgE29_g001_t14	210	330	TUDOR	PF00567.30	2.5e-24
Priarc_PARCANUS000020321.t1	672	791	TUDOR	PF00567.30	3.3e-24
Asuu_AgE29_g001_t11	241	361	TUDOR	PF00567.30	2.8e-24
Otip_Oti_2717_t	230	353	TUDOR	PF00567.30	3e-24
Aque_XP_019849601.1	256	377	TUDOR	PF00567.30	7.4e-24
Blan_XP_066293726.1	508	632	TUDOR	PF00567.30	5.2e-24
Blan_XP_066293727.1	497	621	TUDOR	PF00567.30	5.2e-24
Asuu_AgE29_g001_t01	261	381	TUDOR	PF00567.30	3e-24
Asuu_AgE29_g001_t04	261	381	TUDOR	PF00567.30	3e-24
Asuu_AgE29_g001_t13	261	381	TUDOR	PF00567.30	3e-24
Blan_XP_066293725.1	508	632	TUDOR	PF00567.30	5.3e-24
Ever_VDD85173.1	90	200	TUDOR	PF00567.30	4.9e-15
Ever_VDD85173.1	369	439	TUDOR	PF00567.30	4.5e-07
Pgem_Unigene35884_Pirum_gemmata|m.22198	148	262	TUDOR	PF00567.30	9e-24
Twil_T_wilhelma_c33732_g3_i3|m.57310	482	605	TUDOR	PF00567.30	1e-23
Twil_T_wilhelma_c33732_g3_i1|m.57306	487	610	TUDOR	PF00567.30	1e-23
Pgem_Unigene35885_Pirum_gemmata|m.22199	148	262	TUDOR	PF00567.30	6.7e-24
Obim_XP_014767807.1	920	1037	TUDOR	PF00567.30	8.5e-24
Sarc_XP_014154174.1	637	754	TUDOR	PF00567.30	1.4e-23
Atha_NP_196352.2	734	857	TUDOR	PF00567.30	4.9e-24
Spur_XP_030835782.1	127	241	TUDOR	PF00567.30	1.5e-23
Cscu_XP_023218484.1	377	501	TUDOR	PF00567.30	6.4e-24
Atha_NP_001154697.2	734	857	TUDOR	PF00567.30	5e-24
Dmel_NP_001245959.1	8	117	TUDOR	PF00567.30	1.2e-06
Dmel_NP_001245959.1	928	1043	TUDOR	PF00567.30	6e-16
Dmel_NP_609335.3	8	117	TUDOR	PF00567.30	1.2e-06
Dmel_NP_609335.3	928	1043	TUDOR	PF00567.30	6e-16
Trimur_TMUE_1000003204	86	202	TUDOR	PF00567.30	5.3e-15
Trimur_TMUE_1000003204	383	450	TUDOR	PF00567.30	2.7e-07
Bnap_XP_013718226.1	726	850	TUDOR	PF00567.30	1e-23
Avag_UJR21995.1	709	824	TUDOR	PF00567.30	1.3e-23
Cvir_XP_022323626.1	538	662	TUDOR	PF00567.30	1.4e-23
Lana_XP_023931501.1	133	255	TUDOR	PF00567.30	7.4e-24
Obim_XP_014769173.1	573	696	TUDOR	PF00567.30	4.7e-24
Cvir_XP_022323469.1	538	662	TUDOR	PF00567.30	1.8e-23
Hpol_VDP00642.1	152	274	TUDOR	PF00567.30	1.1e-23
Cscu_XP_023231101.1	606	730	TUDOR	PF00567.30	1.3e-23
Cscu_XP_023231111.1	606	730	TUDOR	PF00567.30	1.3e-23
Asuu_AgR003_g202_t01	217	339	TUDOR	PF00567.30	1e-23
Cfra_CFRG5771T1	647	759	TUDOR	PF00567.30	3.3e-23
Emue_Em0010g79a	350	472	TUDOR	PF00567.30	6.9e-22
Bnap_XP_022543196.2	728	851	TUDOR	PF00567.30	3.3e-23
Asuu_AgR003_g202_t02	298	420	TUDOR	PF00567.30	1.4e-23
Asuu_AgR003_g202_t03	298	420	TUDOR	PF00567.30	1.4e-23
Asuu_AgR003_g202_t04	298	420	TUDOR	PF00567.30	1.4e-23
Btab_XP_018912247.1	625	743	TUDOR	PF00567.30	3e-23
Tadh_XP_002117336.1	109	230	TUDOR	PF00567.30	3.9e-18
Xtro_XP_012821032.2	2	115	TUDOR	PF00567.30	3.6e-23
Diplco_DCO_003844	704	826	TUDOR	PF00567.30	3e-23
Hduj_OQV19416.1	683	797	TUDOR	PF00567.30	5.4e-23
Diplco_DCO_003843	704	826	TUDOR	PF00567.30	3e-23
Skow_XP_006825239.1	21	116	TUDOR	PF00567.30	2.5e-23
Xtro_XP_002933446.3	2	115	TUDOR	PF00567.30	3.9e-23
Mlei_ML005323a-PA	471	587	TUDOR	PF00567.30	5e-23
Lcom_lcpid162806|	45	162	TUDOR	PF00567.30	2.4e-23
Eela_EEL_0000801601-mRNA-1	42	132	TUDOR	PF00567.30	3.1e-09
Ggal_XP_040552543.1	16	132	TUDOR	PF00567.30	4.3e-23
Cvir_XP_022311488.1	259	379	TUDOR	PF00567.30	3.5e-23
Ggal_XP_025003196.2	16	132	TUDOR	PF00567.30	4.4e-23
Ggal_XP_040552541.1	16	132	TUDOR	PF00567.30	4.4e-23
Ggal_XP_040552542.1	16	132	TUDOR	PF00567.30	4.4e-23
Ggal_XP_040552546.1	16	132	TUDOR	PF00567.30	4.4e-23
Hsap_XP_047295628.1	5	106	TUDOR	PF00567.30	1.1e-12
Hsap_XP_047295628.1	868	959	TUDOR	PF00567.30	1.9e-08
Hsap_XP_047295627.1	5	106	TUDOR	PF00567.30	1.1e-12
Hsap_XP_047295627.1	868	959	TUDOR	PF00567.30	1.9e-08
Hsap_XP_011525776.1	5	106	TUDOR	PF00567.30	1.1e-12
Hsap_XP_011525776.1	873	964	TUDOR	PF00567.30	1.9e-08
Skow_XP_006817051.1	934	1050	TUDOR	PF00567.30	8.3e-23
Mtru_XP_003602730.1	733	856	TUDOR	PF00567.30	1.6e-22
Skow_XP_006811461.1	413	538	TUDOR	PF00567.30	6.7e-23
Hcon_XGW27426.1	60	172	TUDOR	PF00567.30	3.9e-14
Hcon_XGW27426.1	291	406	TUDOR	PF00567.30	2.6e-07
Cscu_XP_023217953.1	362	482	TUDOR	PF00567.30	3.6e-22
Cscu_XP_023217954.1	362	482	TUDOR	PF00567.30	3.6e-22
Cscu_XP_023217955.1	362	482	TUDOR	PF00567.30	3.6e-22
Cscu_XP_023217956.1	362	482	TUDOR	PF00567.30	3.6e-22
Ever_VDD87278.1	845	946	TUDOR	PF00567.30	7.2e-12
Emue_Em0019g156a	135	255	TUDOR	PF00567.30	7.3e-23
Priarc_PARCANUS000011183.t1	114	231	TUDOR	PF00567.30	3.6e-14
Hcon_XGW27427.1	84	196	TUDOR	PF00567.30	4.2e-14
Hcon_XGW27427.1	315	430	TUDOR	PF00567.30	2.8e-07
Priarc_PARCANUS000001702.t1	161	276	TUDOR	PF00567.30	1.2e-09
Priarc_PARCANUS000001702.t1	393	501	TUDOR	PF00567.30	1.1e-11
Lcom_lcpid123675|	41	160	TUDOR	PF00567.30	3.8e-23
Dmel_NP_572214.2	282	410	TUDOR	PF00567.30	6.2e-23
Clim_Clim_evm42s136	667	775	TUDOR	PF00567.30	8.5e-23
Cvir_XP_022311551.1	259	379	TUDOR	PF00567.30	5.9e-23
Avag_UJR14738.1	95	205	TUDOR	PF00567.30	9.5e-23
Qlob_XP_030938161.1	734	857	TUDOR	PF00567.30	6.5e-23
Qlob_XP_030937798.1	734	857	TUDOR	PF00567.30	6.5e-23
Dpul_XP_046464124.1	13	86	TUDOR	PF00567.30	1.6e-15
Sypmur_SMUV_0000033201-mRNA-1	141	263	TUDOR	PF00567.30	6.1e-23
Bmor_NP_001037005.2	1288	1405	TUDOR	PF00567.30	1e-16
Ever_VDD86053.1	213	321	TUDOR	PF00567.30	3.9e-15
Ever_VDD86053.1	419	539	TUDOR	PF00567.30	4.7e-06
Lsat_XP_023744072.2	733	857	TUDOR	PF00567.30	1e-22
Aque_XP_019860670.1	283	390	TUDOR	PF00567.30	7.2e-22
Dpul_XP_046459781.1	1107	1232	TUDOR	PF00567.30	8.4e-17
Dpul_XP_046459780.1	1123	1248	TUDOR	PF00567.30	8.6e-17
Dpul_XP_046459779.1	1133	1258	TUDOR	PF00567.30	8.6e-17
Dpul_XP_046459778.1	1138	1263	TUDOR	PF00567.30	8.7e-17
Scar_TMS34836.1	680	797	TUDOR	PF00567.30	1e-22
Xtro_XP_002936858.3	832	953	TUDOR	PF00567.30	2e-22
Rchi_XP_024170856.1	740	863	TUDOR	PF00567.30	1.5e-22
Rchi_XP_040367017.1	740	863	TUDOR	PF00567.30	1.5e-22
Cvir_XP_022286179.1	530	653	TUDOR	PF00567.30	1.1e-22
Xtro_XP_017947097.2	855	976	TUDOR	PF00567.30	2e-22
Lpol_XP_022255578.1	728	850	TUDOR	PF00567.30	2.5e-22
Eela_EEL_0000078301-mRNA-1	961	1061	TUDOR	PF00567.30	1.5e-10
Cele_NP_492009.1	52	162	TUDOR	PF00567.30	1.8e-15
Cscu_XP_023234025.1	457	581	TUDOR	PF00567.30	6.9e-22
Lpol_XP_022253463.1	334	456	TUDOR	PF00567.30	2.1e-22
Mjap_MIJAPON000005297.t1	678	797	TUDOR	PF00567.30	2.2e-22
Asuu_AgE01_g033_t09	83	168	TUDOR	PF00567.30	3.4e-06
Asuu_AgE01_g033_t09	989	1077	TUDOR	PF00567.30	1.7e-10
Asuu_AgE01_g033_t08	83	168	TUDOR	PF00567.30	3.4e-06
Asuu_AgE01_g033_t08	989	1077	TUDOR	PF00567.30	1.7e-10
Spur_XP_001199246.3	455	573	TUDOR	PF00567.30	2.9e-22
Spur_XP_003726488.2	455	573	TUDOR	PF00567.30	2.9e-22
Asuu_AgE01_g033_t01	83	168	TUDOR	PF00567.30	3.5e-06
Asuu_AgE01_g033_t01	989	1077	TUDOR	PF00567.30	1.8e-10
Asuu_AgE01_g033_t02	83	168	TUDOR	PF00567.30	3.5e-06
Asuu_AgE01_g033_t02	989	1077	TUDOR	PF00567.30	1.8e-10
Ovol_OVOC11928	110	220	TUDOR	PF00567.30	1.2e-17
Aque_XP_019862483.1	9	129	TUDOR	PF00567.30	4.9e-20
Asuu_AgE01_g033_t06	109	194	TUDOR	PF00567.30	3.5e-06
Asuu_AgE01_g033_t06	1015	1103	TUDOR	PF00567.30	1.8e-10
Asuu_AgE01_g033_t07	109	194	TUDOR	PF00567.30	3.5e-06
Asuu_AgE01_g033_t07	1015	1103	TUDOR	PF00567.30	1.8e-10
Asuu_AgE01_g033_t05	109	194	TUDOR	PF00567.30	3.5e-06
Asuu_AgE01_g033_t05	1015	1103	TUDOR	PF00567.30	1.8e-10
Lcom_lcpid248739|	3	102	TUDOR	PF00567.30	1e-22
Mesc_XP_043813473.1	555	678	TUDOR	PF00567.30	1.8e-22
Trimur_TMUE_1000003144	86	200	TUDOR	PF00567.30	1.4e-13
Trimur_TMUE_1000003144	383	451	TUDOR	PF00567.30	3.3e-07
Bnap_XP_013678259.2	721	844	TUDOR	PF00567.30	2e-22
Bnap_XP_048630214.1	721	844	TUDOR	PF00567.30	2e-22
Bnap_XP_048603218.1	721	844	TUDOR	PF00567.30	2e-22
Mlei_ML13171a-PA	690	806	TUDOR	PF00567.30	2.3e-22
Wban_VDM08254.1	822	923	TUDOR	PF00567.30	4.2e-11
Lpol_XP_013787306.1	1192	1314	TUDOR	PF00567.30	4.3e-22
Lpol_XP_022255577.1	1192	1314	TUDOR	PF00567.30	4.3e-22
Sollyc_XP_004235862.2	723	847	TUDOR	PF00567.30	2.4e-22
Osat_XP_015625490.1	729	852	TUDOR	PF00567.30	3.5e-22
Osat_XP_015625491.1	729	852	TUDOR	PF00567.30	3.5e-22
Skow_XP_002731683.1	583	704	TUDOR	PF00567.30	3.4e-22
Skow_XP_006824065.1	141	261	TUDOR	PF00567.30	1.8e-22
Hsap_NP_001186020.1	472	594	TUDOR	PF00567.30	4.5e-22
Hsap_NP_001336852.1	472	594	TUDOR	PF00567.30	4.5e-22
Hsap_NP_775804.2	472	594	TUDOR	PF00567.30	4.5e-22
Hsap_XP_047303708.1	472	594	TUDOR	PF00567.30	4.5e-22
Hsap_XP_047303709.1	472	594	TUDOR	PF00567.30	4.5e-22
Mesc_XP_021615516.1	731	854	TUDOR	PF00567.30	2.3e-22
Asuu_AgR002_g446_t02	47	159	TUDOR	PF00567.30	4.3e-08
Asuu_AgR002_g446_t02	937	1039	TUDOR	PF00567.30	6.2e-12
Asuu_AgR002_g446_t07	47	159	TUDOR	PF00567.30	4.3e-08
Asuu_AgR002_g446_t07	937	1039	TUDOR	PF00567.30	6.2e-12
Hsap_NP_001186014.1	472	594	TUDOR	PF00567.30	4.9e-22
Hsap_NP_001186018.1	472	594	TUDOR	PF00567.30	4.9e-22
Hsap_XP_005244991.1	472	594	TUDOR	PF00567.30	4.9e-22
Hsap_XP_005244992.1	472	594	TUDOR	PF00567.30	4.9e-22
Hsap_XP_047303706.1	472	594	TUDOR	PF00567.30	4.9e-22
Lpol_XP_013790031.1	673	789	TUDOR	PF00567.30	2.7e-22
Wban_VDM19396.1	1112	1211	TUDOR	PF00567.30	3.1e-08
Lcom_lcpid152027|	76	193	TUDOR	PF00567.30	1.9e-22
Asuu_AgR002_g446_t04	70	182	TUDOR	PF00567.30	4.4e-08
Asuu_AgR002_g446_t04	960	1062	TUDOR	PF00567.30	6.3e-12
Lpol_XP_013775508.1	281	402	TUDOR	PF00567.30	2.6e-22
Lpol_XP_022242770.1	281	402	TUDOR	PF00567.30	2.6e-22
Lana_XP_023931901.1	99	195	TUDOR	PF00567.30	3e-22
Asuu_AgR002_g446_t01	90	202	TUDOR	PF00567.30	4.5e-08
Asuu_AgR002_g446_t01	980	1082	TUDOR	PF00567.30	6.5e-12
Hcon_XGW18847.1	374	495	TUDOR	PF00567.30	3e-22
Lcom_lcpid145996|	76	193	TUDOR	PF00567.30	2.3e-22
Hcon_XGW18848.1	391	512	TUDOR	PF00567.30	3.1e-22
Twil_T_wilhelma_c32455_g1_i1|m.48062	123	241	TUDOR	PF00567.30	8.9e-22
Trimur_TMUE_2000008863	24	140	TUDOR	PF00567.30	4.3e-22
Hsap_NP_001186021.1	27	149	TUDOR	PF00567.30	1.8e-22
Zmay_NP_001313298.1	731	852	TUDOR	PF00567.30	5.4e-22
Atha_NP_200986.1	730	853	TUDOR	PF00567.30	3.3e-22
Avit_KAL3984912.1	1123	1224	TUDOR	PF00567.30	5e-09
Apla_XP_022111973.1	675	793	TUDOR	PF00567.30	5.9e-22
Sollyc_XP_004235861.2	723	847	TUDOR	PF00567.30	3.5e-22
Dpul_XP_046447295.1	263	338	TUDOR	PF00567.30	5.9e-09
Dpul_XP_046447295.1	381	427	TUDOR	PF00567.30	1.8e-11
Acey_EYC22704.1	248	370	TUDOR	PF00567.30	4e-22
Acey_EYC22703.1	250	372	TUDOR	PF00567.30	4e-22
Obim_XP_014783548.1	112	230	TUDOR	PF00567.30	6e-22
Bmal_XP_042937726.1	1106	1207	TUDOR	PF00567.30	4.9e-09
Lsat_XP_023748463.1	719	843	TUDOR	PF00567.30	5.1e-22
Lsat_XP_023748465.1	719	843	TUDOR	PF00567.30	5.1e-22
Lsat_XP_042756011.1	719	843	TUDOR	PF00567.30	5.1e-22
Lsat_XP_052625619.1	719	843	TUDOR	PF00567.30	5.1e-22
Dpul_XP_046447294.1	286	361	TUDOR	PF00567.30	6.4e-09
Dpul_XP_046447294.1	404	450	TUDOR	PF00567.30	1.9e-11
Lsat_XP_052625625.1	549	673	TUDOR	PF00567.30	3.8e-22
Mesc_XP_021634893.1	731	855	TUDOR	PF00567.30	3.9e-22
Mjap_MIJAPON000004058.t1	312	432	TUDOR	PF00567.30	9.8e-22
Apla_XP_022091108.1	1039	1158	TUDOR	PF00567.30	4.8e-22
Dpul_XP_046457188.1	119	229	TUDOR	PF00567.30	5.6e-11
Mhap_MhA1_Contig877.frz3.fgene2	702	812	TUDOR	PF00567.30	4.9e-22
Lpol_XP_022249132.1	596	718	TUDOR	PF00567.30	6.5e-22
Lpol_XP_022249133.1	596	718	TUDOR	PF00567.30	6.5e-22
Lpol_XP_022249134.1	596	718	TUDOR	PF00567.30	6.5e-22
Ovol_OVOC7620	155	270	TUDOR	PF00567.30	5.7e-12
Ovol_OVOC7620	356	475	TUDOR	PF00567.30	2.2e-08
Psat_XP_050875143.1	732	855	TUDOR	PF00567.30	1.9e-21
Psat_XP_050875144.1	732	855	TUDOR	PF00567.30	1.9e-21
Psat_XP_050875145.1	732	855	TUDOR	PF00567.30	1.9e-21
Lana_XP_013383304.1	420	543	TUDOR	PF00567.30	4.8e-22
Acey_EYC22705.1	388	509	TUDOR	PF00567.30	6.2e-22
Bnap_XP_048607796.1	731	854	TUDOR	PF00567.30	4.6e-22
Lana_XP_013383303.1	420	543	TUDOR	PF00567.30	5e-22
Awhi_Unigene32317_Abeoforma_whisleri|m.19778	300	413	TUDOR	PF00567.30	5.5e-22
Lpol_XP_013778748.1	672	788	TUDOR	PF00567.30	7.3e-22
Dpul_XP_046439401.1	228	354	TUDOR	PF00567.30	8.7e-22
Bnap_XP_013725560.1	733	856	TUDOR	PF00567.30	6.4e-22
Ever_VDD93533.1	117	239	TUDOR	PF00567.30	5.5e-22
Ecur_TVU29909.1	731	854	TUDOR	PF00567.30	1.2e-21
Dpul_XP_046439402.1	227	353	TUDOR	PF00567.30	8.7e-22
Scil_XP_065175584.1	843	959	TUDOR	PF00567.30	1.1e-20
Dpul_XP_046445613.1	442	553	TUDOR	PF00567.30	1.5e-21
Dpul_XP_046445614.1	442	553	TUDOR	PF00567.30	1.5e-21
Dpul_XP_046445599.1	442	553	TUDOR	PF00567.30	1.5e-21
Dpul_XP_046445607.1	442	553	TUDOR	PF00567.30	1.5e-21
Tsui_KHJ43197.1	27	143	TUDOR	PF00567.30	5.2e-22
Smar_SMAR007825-PA	467	588	TUDOR	PF00567.30	8.3e-22
Btab_XP_018914274.1	461	581	TUDOR	PF00567.30	9.4e-22
Btab_XP_018914275.1	461	581	TUDOR	PF00567.30	9.4e-22
Btab_XP_018914276.1	461	581	TUDOR	PF00567.30	9.4e-22
Btab_XP_018914277.1	461	581	TUDOR	PF00567.30	9.4e-22
Agrpla_XP_018330991.1	166	287	TUDOR	PF00567.30	1.3e-21
Ofus_CAH1793847.1	161	277	TUDOR	PF00567.30	1.1e-21
Cele_NP_741669.2	79	192	TUDOR	PF00567.30	1e-17
Drer_NP_001373360.1	10	122	TUDOR	PF00567.30	2e-21
Lana_XP_013391347.1	7	131	TUDOR	PF00567.30	1.5e-21
Lana_XP_013391419.1	7	131	TUDOR	PF00567.30	1.5e-21
Lana_XP_013391510.1	7	131	TUDOR	PF00567.30	1.5e-21
Lana_XP_013391586.1	7	131	TUDOR	PF00567.30	1.5e-21
Lana_XP_013391660.1	7	131	TUDOR	PF00567.30	1.5e-21
Avag_UJR24722.1	268	382	TUDOR	PF00567.30	1.7e-21
Wban_VDM11173.1	181	304	TUDOR	PF00567.30	1.2e-21
Mbel_CAJ0951905.1	736	855	TUDOR	PF00567.30	2.4e-21
Asuu_AgR003_g202_t05	217	334	TUDOR	PF00567.30	1.3e-21
Avag_UJR24721.1	268	382	TUDOR	PF00567.30	2.7e-21
Ddip_jg12340	435	555	TUDOR	PF00567.30	1.8e-21
Ovol_OVOC8872	371	494	TUDOR	PF00567.30	1.7e-21
Agrpla_XP_018330985.1	464	585	TUDOR	PF00567.30	3.6e-21
Agrpla_XP_018330986.1	464	585	TUDOR	PF00567.30	3.6e-21
Agrpla_XP_018330987.1	464	585	TUDOR	PF00567.30	3.6e-21
Agrpla_XP_018330988.1	464	585	TUDOR	PF00567.30	3.6e-21
Agrpla_XP_018330989.1	464	585	TUDOR	PF00567.30	3.6e-21
Agrpla_XP_018330990.1	464	585	TUDOR	PF00567.30	3.6e-21
Drer_XP_068069956.1	10	122	TUDOR	PF00567.30	1.9e-21
Psat_XP_050875147.1	625	748	TUDOR	PF00567.30	1.7e-21
Psat_XP_050875146.1	625	748	TUDOR	PF00567.30	1.7e-21
Avag_UJR21760.1	171	292	TUDOR	PF00567.30	6.1e-21
Cscu_XP_023243613.1	123	243	TUDOR	PF00567.30	1.9e-21
Asuu_AgR003_g202_t06	298	415	TUDOR	PF00567.30	1.9e-21
Asuu_AgR003_g202_t07	298	415	TUDOR	PF00567.30	1.9e-21
Hduj_OQV20912.1	244	307	TUDOR	PF00567.30	2.4e-09
Hduj_OQV20912.1	402	503	TUDOR	PF00567.30	2.4e-10
Rvar_GAU87966.1	497	596	TUDOR	PF00567.30	1.8e-07
Spur_XP_011669392.2	473	588	TUDOR	PF00567.30	2.9e-21
Spur_XP_011669391.2	476	591	TUDOR	PF00567.30	2.9e-21
Spur_XP_011669389.2	505	620	TUDOR	PF00567.30	3.1e-21
Spur_XP_011669388.2	506	621	TUDOR	PF00567.30	3.1e-21
Bdis_XP_003561080.1	730	853	TUDOR	PF00567.30	4.8e-21
Aque_XP_019853080.1	868	992	TUDOR	PF00567.30	4.8e-21
Obim_XP_052834047.1	733	853	TUDOR	PF00567.30	4.6e-21
Spur_XP_030853112.1	588	713	TUDOR	PF00567.30	6.3e-21
Cint_XP_026690008.1	601	722	TUDOR	PF00567.30	4.2e-21
Cofcan_CDO98283.1	729	852	TUDOR	PF00567.30	6.1e-21
Bdis_XP_003574069.1	730	853	TUDOR	PF00567.30	5e-21
Avag_UJR14741.1	272	386	TUDOR	PF00567.30	4.6e-21
Avag_UJR31994.1	89	212	TUDOR	PF00567.30	4.1e-21
Avag_UJR27724.1	199	320	TUDOR	PF00567.30	5.5e-21
Bmor_XP_062526557.1	326	442	TUDOR	PF00567.30	5.8e-21
Bmor_XP_062526556.1	326	442	TUDOR	PF00567.30	5.8e-21
Bmor_XP_062526555.1	328	444	TUDOR	PF00567.30	5.8e-21
Agrpla_XP_018333463.1	456	580	TUDOR	PF00567.30	1.2e-20
Priarc_PARCANUS000003788.t1	391	513	TUDOR	PF00567.30	6.8e-21
Rcul_nRc.2.0.1.t06860-RA	107	194	TUDOR	PF00567.30	5.5e-14
Skow_XP_006814921.1	196	304	TUDOR	PF00567.30	6.2e-21
Lpol_XP_013790064.2	460	578	TUDOR	PF00567.30	6.7e-21
Bmor_XP_004924818.1	410	526	TUDOR	PF00567.30	7.4e-21
Bmor_XP_062526551.1	410	526	TUDOR	PF00567.30	7.4e-21
Bmor_XP_004924820.1	408	524	TUDOR	PF00567.30	7.4e-21
Bmor_XP_062526553.1	408	524	TUDOR	PF00567.30	7.4e-21
Bmor_XP_004924816.1	410	526	TUDOR	PF00567.30	7.5e-21
Bmor_XP_012544717.1	410	526	TUDOR	PF00567.30	7.5e-21
Bnap_XP_013718987.2	730	853	TUDOR	PF00567.30	6.5e-21
Bmor_XP_004924819.1	408	524	TUDOR	PF00567.30	7.4e-21
Bmor_XP_062526552.1	408	524	TUDOR	PF00567.30	7.4e-21
Bnap_XP_048603097.1	730	853	TUDOR	PF00567.30	6.5e-21
Bnap_XP_048603098.1	730	853	TUDOR	PF00567.30	6.5e-21
Bnap_XP_048603099.1	730	853	TUDOR	PF00567.30	6.5e-21
Tnat_KRZ51940.1	40	154	TUDOR	PF00567.30	4e-20
Agrpla_XP_018333462.1	456	580	TUDOR	PF00567.30	2.2e-20
Dmel_NP_476741.1	891	1015	TUDOR	PF00567.30	8.1e-21
Tadh_XP_002108871.1	212	330	TUDOR	PF00567.30	7.8e-21
Emue_Em0015g254a	269	391	TUDOR	PF00567.30	6e-21
Dimm_MCP9259088.1	272	395	TUDOR	PF00567.30	6.2e-21
Bmal_XP_042932788.1	553	676	TUDOR	PF00567.30	8.7e-21
Hduj_OQV13947.1	44	164	TUDOR	PF00567.30	6e-21
Hrob_XP_009010343.1	195	322	TUDOR	PF00567.30	1.1e-20
Lsig_VDK88361.1	178	301	TUDOR	PF00567.30	6.9e-21
Lcom_lcpid206380|	1	113	TUDOR	PF00567.30	5.5e-21
Bmal_XP_042932787.1	556	679	TUDOR	PF00567.30	8.8e-21
Eela_EEL_0000509701-mRNA-1	260	383	TUDOR	PF00567.30	7.6e-21
Lcom_lcpid204596|	1	113	TUDOR	PF00567.30	5.7e-21
Aplcal_XP_005100543.1	139	258	TUDOR	PF00567.30	5e-21
Lsig_VDK85450.1	33	132	TUDOR	PF00567.30	5.9e-09
Cint_XP_002120687.1	464	590	TUDOR	PF00567.30	3.5e-20
Ttri_CDW53943.1	42	157	TUDOR	PF00567.30	8.1e-21
Lcom_lcpid190145|	1	113	TUDOR	PF00567.30	8.2e-21
Drer_NP_001091649.2	643	764	TUDOR	PF00567.30	1.3e-20
Drer_XP_017206451.1	643	764	TUDOR	PF00567.30	1.3e-20
Blan_XP_066281825.1	916	1035	TUDOR	PF00567.30	2.9e-20
Eela_EEL_0000512501-mRNA-1	54	164	TUDOR	PF00567.30	5.3e-10
Eela_EEL_0000512501-mRNA-1	517	603	TUDOR	PF00567.30	1.3e-08
Avit_KAL4002343.1	274	397	TUDOR	PF00567.30	1.5e-20
Drer_XP_068073693.1	26	130	TUDOR	PF00567.30	5.5e-08
Drer_XP_068073693.1	900	1010	TUDOR	PF00567.30	1.2e-10
Ttri_CDW58337.1	88	201	TUDOR	PF00567.30	2.7e-11
Ttri_CDW58337.1	336	422	TUDOR	PF00567.30	1.5e-07
Lcom_lcpid66421|	343	458	TUDOR	PF00567.30	2.1e-20
Asuu_AgB25_g022_t01	184	286	TUDOR	PF00567.30	3.3e-13
Psp.PS1159_PS1159_v2.g5024.t2	880	994	TUDOR	PF00567.30	2.7e-20
Asuu_AgB20_g036_t04	1242	1338	TUDOR	PF00567.30	1.3e-12
Asuu_AgB20_g036_t05	1242	1338	TUDOR	PF00567.30	1.3e-12
Psp.PS1159_PS1159_v2.g5024.t1	883	997	TUDOR	PF00567.30	2.8e-20
Hrob_XP_009026908.1	31	137	TUDOR	PF00567.30	1.3e-20
Asuu_AgB20_g036_t01	1250	1346	TUDOR	PF00567.30	1.3e-12
Asuu_AgB20_g036_t02	1250	1346	TUDOR	PF00567.30	1.3e-12
Asuu_AgR011_g225_t01	2	116	TUDOR	PF00567.30	1.9e-20
Diplco_DCO_013945	93	201	TUDOR	PF00567.30	3.7e-19
Rcul_nRc.2.0.1.t17686-RA	109	217	TUDOR	PF00567.30	2.6e-14
Rcul_nRc.2.0.1.t40198-RA	56	173	TUDOR	PF00567.30	3.2e-20
Lloa_XP_020303396.1	273	396	TUDOR	PF00567.30	2.6e-20
Mbel_CAJ0941533.1	375	498	TUDOR	PF00567.30	2.5e-20
Mbel_CAJ0941532.1	384	507	TUDOR	PF00567.30	2.6e-20
Lsig_VDK88285.1	153	269	TUDOR	PF00567.30	3e-09
Lsig_VDK88285.1	358	477	TUDOR	PF00567.30	2.7e-09
Psat_XP_050894950.1	734	857	TUDOR	PF00567.30	3.1e-20
Psat_XP_050894951.1	734	857	TUDOR	PF00567.30	3.1e-20
Scil_XP_065174389.1	161	271	TUDOR	PF00567.30	6.3e-20
Smoe_XP_024542240.1	712	831	TUDOR	PF00567.30	4e-20
Scil_XP_065174388.1	161	271	TUDOR	PF00567.30	6.4e-20
Lana_XP_013407204.1	122	236	TUDOR	PF00567.30	9.1e-20
Apla_XP_022085357.1	572	697	TUDOR	PF00567.30	8.1e-20
Zmay_XP_023155962.1	730	852	TUDOR	PF00567.30	7e-20
Asuu_AgB20_g036_t09	1197	1293	TUDOR	PF00567.30	1.3e-12
Asuu_AgB20_g036_t10	1197	1293	TUDOR	PF00567.30	1.3e-12
Tnel_KRX26969.1	40	155	TUDOR	PF00567.30	2.4e-19
Asuu_AgB05_g050_t06	36	153	TUDOR	PF00567.30	4.5e-20
Rcul_nRc.2.0.1.t41630-RA	309	429	TUDOR	PF00567.30	5.7e-20
Lcom_lcpid14366|	109	223	TUDOR	PF00567.30	7.8e-20
Apla_XP_022085356.1	572	697	TUDOR	PF00567.30	1e-19
Tura_XP_048569235.1	731	854	TUDOR	PF00567.30	8.6e-20
Asuu_AgB05_g050_t01	36	153	TUDOR	PF00567.30	5.2e-20
Asuu_AgB05_g050_t02	36	153	TUDOR	PF00567.30	5.2e-20
Asuu_AgB05_g050_t11	36	153	TUDOR	PF00567.30	5.2e-20
Asuu_AgB05_g050_t08	36	153	TUDOR	PF00567.30	5.2e-20
Asuu_AgB05_g050_t09	36	153	TUDOR	PF00567.30	5.2e-20
Asuu_AgB05_g050_t03	36	153	TUDOR	PF00567.30	5.2e-20
Asuu_AgB05_g050_t04	36	153	TUDOR	PF00567.30	5.2e-20
Asuu_AgB05_g050_t10	36	153	TUDOR	PF00567.30	5.2e-20
Asuu_AgB05_g050_t07	36	153	TUDOR	PF00567.30	5.2e-20
Apla_XP_022085358.1	572	697	TUDOR	PF00567.30	7.1e-20
Dmel_NP_611474.1	475	587	TUDOR	PF00567.30	1.4e-11
Dmel_NP_611474.1	682	809	TUDOR	PF00567.30	1.6e-06
Dmel_NP_001163213.1	561	673	TUDOR	PF00567.30	1.6e-11
Dmel_NP_001163213.1	768	895	TUDOR	PF00567.30	1.8e-06
Tbri_KRY60611.1	84	203	TUDOR	PF00567.30	1.7e-14
Drer_XP_068072409.1	472	592	TUDOR	PF00567.30	1e-19
Drer_NP_001038315.1	472	592	TUDOR	PF00567.30	1.1e-19
Diplco_DCO_013946	93	201	TUDOR	PF00567.30	5.2e-19
Ovol_OVOC6489	1152	1255	TUDOR	PF00567.30	3.9e-09
Lcom_lcpid49286|	323	445	TUDOR	PF00567.30	9e-20
Apla_XP_022096223.1	356	478	TUDOR	PF00567.30	8.8e-20
Apla_XP_022096224.1	356	478	TUDOR	PF00567.30	8.8e-20
Apla_XP_022096226.1	356	478	TUDOR	PF00567.30	8.8e-20
Smoe_XP_024522172.1	717	833	TUDOR	PF00567.30	1.2e-19
Agrpla_XP_018328896.2	914	1040	TUDOR	PF00567.30	6.3e-19
Smoe_XP_024522179.1	713	831	TUDOR	PF00567.30	1.1e-19
Smoe_XP_024542239.1	717	833	TUDOR	PF00567.30	1.2e-19
Avit_KAL3993831.1	35	132	TUDOR	PF00567.30	1.1e-06
Tbri_KRY48703.1	40	154	TUDOR	PF00567.30	4.9e-19
Lcom_lcpid21067|	161	273	TUDOR	PF00567.30	1.7e-19
Angcan_KAE9415208.1	231	364	TUDOR	PF00567.30	6.3e-19
Pvan_XP_069986926.1	926	1054	TUDOR	PF00567.30	3.1e-19
Bxyl_CAG9108643.1	342	464	TUDOR	PF00567.30	1.6e-19
Avit_KAL4003898.1	153	268	TUDOR	PF00567.30	2.4e-09
Avit_KAL4003898.1	356	477	TUDOR	PF00567.30	1.3e-08
Dimm_MCP9262708.1	1097	1199	TUDOR	PF00567.30	4.3e-09
Tspi_XP_003378459.1	65	184	TUDOR	PF00567.30	2.8e-14
Lloa_XP_020302986.1	91	189	TUDOR	PF00567.30	7e-09
Lloa_XP_020302986.1	295	415	TUDOR	PF00567.30	5.9e-09
Lloa_XP_020302326.1	59	169	TUDOR	PF00567.30	5.3e-10
Lloa_XP_020302326.1	531	613	TUDOR	PF00567.30	8.4e-08
Srat_XP_024503625.1	290	410	TUDOR	PF00567.30	1.3e-19
Osat_XP_015635437.1	830	905	TUDOR	PF00567.30	2.2e-18
Lcom_lcpid17938|	851	965	TUDOR	PF00567.30	2.2e-19
Tnat_KRZ62997.1	107	226	TUDOR	PF00567.30	1.5e-14
Tnat_KRZ62998.1	107	226	TUDOR	PF00567.30	1.5e-14
Otau_XP_022841156.1	666	792	TUDOR	PF00567.30	1.9e-19
Cscu_XP_023223772.1	374	480	TUDOR	PF00567.30	3.7e-19
Skow_XP_006814118.1	8	86	TUDOR	PF00567.30	3.3e-19
Eela_EEL_0000823301-mRNA-1	125	241	TUDOR	PF00567.30	4.5e-09
Eela_EEL_0000823301-mRNA-1	328	449	TUDOR	PF00567.30	2.3e-08
Rcul_nRc.2.0.1.t17355-RA	46	169	TUDOR	PF00567.30	4.1e-19
Wban_VDM07197.1	70	181	TUDOR	PF00567.30	2.2e-08
Wban_VDM07197.1	535	625	TUDOR	PF00567.30	6.1e-09
Hsap_NP_001104292.1	5	128	TUDOR	PF00567.30	6.2e-19
Lcom_lcpid204607|	2	113	TUDOR	PF00567.30	3.3e-19
Ttri_CDW54298.1	177	289	TUDOR	PF00567.30	8.5e-19
Lcom_lcpid190361|	2	113	TUDOR	PF00567.30	4.8e-19
Ofus_CAH1800363.1	378	501	TUDOR	PF00567.30	7.3e-19
Ovol_OVOC10004	62	172	TUDOR	PF00567.30	2e-08
Ovol_OVOC10004	531	616	TUDOR	PF00567.30	1.5e-08
Apla_XP_022106993.1	914	1034	TUDOR	PF00567.30	9.8e-19
Ofus_CAH1800362.1	391	514	TUDOR	PF00567.30	7.6e-19
Tspi_XP_003381027.1	40	154	TUDOR	PF00567.30	3e-18
Bmal_XP_042934612.1	54	165	TUDOR	PF00567.30	6.3e-08
Bmal_XP_042934612.1	515	605	TUDOR	PF00567.30	4.1e-09
Asuu_AgE29_g001_t06	135	246	TUDOR	PF00567.30	7.7e-19
Asuu_AgE29_g001_t10	135	246	TUDOR	PF00567.30	7.7e-19
Asuu_AgE29_g001_t12	135	246	TUDOR	PF00567.30	7.7e-19
Rcul_nRc.2.0.1.t45721-RA	114	237	TUDOR	PF00567.30	1.3e-18
Rvar_GAU91117.1	196	292	TUDOR	PF00567.30	3.4e-12
Bmal_XP_042933585.1	153	265	TUDOR	PF00567.30	5.2e-10
Bmal_XP_042933585.1	356	477	TUDOR	PF00567.30	6.1e-07
Hsap_NP_001229831.1	705	826	TUDOR	PF00567.30	1.2e-18
Hsap_NP_001229832.1	705	826	TUDOR	PF00567.30	1.2e-18
Hsap_NP_001357352.1	705	826	TUDOR	PF00567.30	1.2e-18
Hsap_NP_001357353.1	705	826	TUDOR	PF00567.30	1.2e-18
Hsap_NP_001357354.1	705	826	TUDOR	PF00567.30	1.2e-18
Hsap_NP_001357355.1	705	826	TUDOR	PF00567.30	1.2e-18
Hsap_NP_001357356.1	705	826	TUDOR	PF00567.30	1.2e-18
Hsap_NP_003479.1	705	826	TUDOR	PF00567.30	1.2e-18
Lsig_VDK77514.1	54	164	TUDOR	PF00567.30	1.8e-08
Lsig_VDK77514.1	508	598	TUDOR	PF00567.30	2.1e-08
Btab_XP_018917204.1	364	478	TUDOR	PF00567.30	1.4e-18
Btab_XP_018917205.1	364	478	TUDOR	PF00567.30	1.4e-18
Lana_XP_023931680.1	20	61	TUDOR	PF00567.30	2.5e-10
Lana_XP_023931680.1	260	334	TUDOR	PF00567.30	1.3e-06
Btab_XP_018917203.1	434	548	TUDOR	PF00567.30	1.7e-18
Btab_XP_018917201.1	435	549	TUDOR	PF00567.30	1.7e-18
Btab_XP_018917202.1	435	549	TUDOR	PF00567.30	1.7e-18
Asuu_AgE29_g001_t05	210	321	TUDOR	PF00567.30	1.4e-18
Asuu_AgE29_g001_t09	210	321	TUDOR	PF00567.30	1.4e-18
Aque_XP_019848773.1	260	373	TUDOR	PF00567.30	1.4e-18
Blan_XP_066293600.1	538	657	TUDOR	PF00567.30	2.2e-18
Drer_XP_021328037.1	143	265	TUDOR	PF00567.30	1.6e-18
Blan_XP_066293593.1	552	671	TUDOR	PF00567.30	2.3e-18
Avag_UJR30988.1	401	517	TUDOR	PF00567.30	1e-18
Lcom_lcpid203072|	28	129	TUDOR	PF00567.30	1.2e-18
Asuu_AgE29_g001_t02	261	372	TUDOR	PF00567.30	1.8e-18
Asuu_AgE29_g001_t08	261	372	TUDOR	PF00567.30	1.8e-18
Ddip_jg12162	581	693	TUDOR	PF00567.30	2.5e-18
Ppat_XP_024390706.1	736	861	TUDOR	PF00567.30	2.2e-18
Lsig_VDK81887.1	1094	1193	TUDOR	PF00567.30	3.6e-09
Psp.PS1159_PS1159_v2.g9278.t1	89	209	TUDOR	PF00567.30	1.8e-18
Lcom_lcpid42179|	305	423	TUDOR	PF00567.30	2.3e-18
Tsui_KHJ47698.1	87	203	TUDOR	PF00567.30	1.9e-18
Bmal_XP_042934265.1	1	87	TUDOR	PF00567.30	5.9e-18
Scil_XP_065178534.1	316	433	TUDOR	PF00567.30	2.9e-18
Otip_Oti_10310_t	49	161	TUDOR	PF00567.30	2.8e-12
Rvar_GAU96746.1	217	338	TUDOR	PF00567.30	2.9e-18
Tsui_KHJ40108.1	248	360	TUDOR	PF00567.30	4.2e-18
Psp.PS1159_PS1159_v2.g5074.t1	123	243	TUDOR	PF00567.30	2.7e-18
Dpul_XP_046448523.1	526	645	TUDOR	PF00567.30	6e-12
Ovol_OVOC12266	44	163	TUDOR	PF00567.30	4.8e-06
Scar_TMS39703.1	42	153	TUDOR	PF00567.30	2.7e-12
Drer_XP_001342303.3	403	525	TUDOR	PF00567.30	4.7e-18
Bxyl_CAG9098881.1	504	583	TUDOR	PF00567.30	2.7e-10
Tnat_KRZ55494.1	39	160	TUDOR	PF00567.30	1.8e-17
Lana_XP_023931367.1	918	1037	TUDOR	PF00567.30	9.9e-18
Eela_EEL_0000470901-mRNA-1	47	154	TUDOR	PF00567.30	3.1e-13
Tnel_KRX18264.1	72	191	TUDOR	PF00567.30	4.5e-14
Avit_KAL3994982.1	133	243	TUDOR	PF00567.30	1.4e-08
Avit_KAL3994982.1	605	689	TUDOR	PF00567.30	1.7e-07
Obim_XP_014779263.1	3	128	TUDOR	PF00567.30	1.3e-17
Lcom_lcpid203056|	28	127	TUDOR	PF00567.30	4.8e-18
Xtro_XP_031756126.1	536	657	TUDOR	PF00567.30	1e-17
Xtro_XP_031756127.1	536	657	TUDOR	PF00567.30	1e-17
Xtro_NP_001072763.1	536	657	TUDOR	PF00567.30	1e-17
Xtro_XP_031756125.1	570	691	TUDOR	PF00567.30	1.1e-17
Xtro_XP_031756124.1	583	704	TUDOR	PF00567.30	1.1e-17
Tbri_KRY55085.1	40	160	TUDOR	PF00567.30	3.4e-17
Asuu_AgR011_g226_t02	504	578	TUDOR	PF00567.30	7.9e-13
Asuu_AgR011_g226_t01	508	582	TUDOR	PF00567.30	8e-13
Asuu_AgR011_g226_t07	557	631	TUDOR	PF00567.30	8.1e-13
Asuu_AgR011_g226_t03	549	623	TUDOR	PF00567.30	8.2e-13
Ggal_XP_015151350.2	688	809	TUDOR	PF00567.30	1.6e-17
Ggal_XP_040506502.1	688	809	TUDOR	PF00567.30	1.6e-17
Ggal_XP_046758693.1	688	809	TUDOR	PF00567.30	1.6e-17
Ggal_XP_046758694.1	688	809	TUDOR	PF00567.30	1.6e-17
Ggal_XP_046758695.1	688	809	TUDOR	PF00567.30	1.6e-17
Ggal_XP_046758696.1	688	809	TUDOR	PF00567.30	1.6e-17
Ggal_XP_046758697.1	688	809	TUDOR	PF00567.30	1.6e-17
Ggal_XP_046758698.1	688	809	TUDOR	PF00567.30	1.6e-17
Asuu_AgR011_g226_t06	557	631	TUDOR	PF00567.30	7.9e-13
Asuu_AgR011_g226_t05	557	631	TUDOR	PF00567.30	8.3e-13
Asuu_AgR011_g226_t04	557	631	TUDOR	PF00567.30	8.3e-13
Mhap_MhA1_Contig113.frz3.gene12	346	479	TUDOR	PF00567.30	4e-16
Mbel_CAJ0921096.1	88	141	TUDOR	PF00567.30	8.4e-09
Spur_XP_030831270.1	3	129	TUDOR	PF00567.30	1.8e-17
Lcom_lcpid203720|	35	133	TUDOR	PF00567.30	1e-17
Ggal_XP_040552544.1	7	98	TUDOR	PF00567.30	2.3e-17
Ggal_XP_046793877.1	7	98	TUDOR	PF00567.30	2.3e-17
Avit_KAL4001767.1	37	151	TUDOR	PF00567.30	4.7e-17
Ovol_OVOC10334	56	163	TUDOR	PF00567.30	3.2e-11
Spur_XP_030831854.1	2	128	TUDOR	PF00567.30	2.4e-17
Diplco_DCO_007101	45	162	TUDOR	PF00567.30	6.3e-08
Diplco_DCO_007101	447	502	TUDOR	PF00567.30	2.4e-07
Dpul_XP_046453993.1	228	339	TUDOR	PF00567.30	4.8e-10
Apimel_XP_026295420.1	459	574	TUDOR	PF00567.30	4.4e-17
Psp.PS1159_PS1159_v2.g15279.t1	371	495	TUDOR	PF00567.30	3.6e-17
Hrob_XP_009029440.1	492	611	TUDOR	PF00567.30	1.5e-17
Tnel_KRX18786.1	40	160	TUDOR	PF00567.30	2.7e-17
Plae_KAI0978466.1	442	553	TUDOR	PF00567.30	9.7e-08
Plae_KAI0978466.1	631	695	TUDOR	PF00567.30	1.4e-07
Tnat_KRZ55062.1	427	553	TUDOR	PF00567.30	4.5e-17
Tsui_KHJ42731.1	42	157	TUDOR	PF00567.30	2.6e-17
Tbri_KRY55785.1	428	554	TUDOR	PF00567.30	4.6e-17
Ofus_CAH1787762.1	1750	1883	TUDOR	PF00567.30	1e-16
Ttri_CDW58935.1	1745	1859	TUDOR	PF00567.30	7.3e-17
Scar_TKR77542.1	22	138	TUDOR	PF00567.30	2.7e-17
Rcul_nRc.2.0.1.t15111-RA	247	365	TUDOR	PF00567.30	4.5e-17
Ggal_XP_015143319.2	878	990	TUDOR	PF00567.30	6.1e-17
Ggal_XP_040557239.1	878	990	TUDOR	PF00567.30	6.4e-17
Ggal_XP_004936444.2	878	990	TUDOR	PF00567.30	6.5e-17
Mbre_XP_001746852.1	1604	1684	TUDOR	PF00567.30	3.6e-10
Ggal_XP_046798542.1	692	804	TUDOR	PF00567.30	5.3e-17
Cbra_GBG64549.1	817	906	TUDOR	PF00567.30	4.5e-17
Cint_XP_026690392.1	2	123	TUDOR	PF00567.30	1.5e-08
Cint_XP_026690392.1	1054	1153	TUDOR	PF00567.30	6.5e-07
Cint_XP_009858772.1	2	123	TUDOR	PF00567.30	1.5e-08
Cint_XP_009858772.1	1055	1154	TUDOR	PF00567.30	6.5e-07
Srat_XP_024498951.1	953	1070	TUDOR	PF00567.30	7.5e-17
Lcom_lcpid155150|	105	203	TUDOR	PF00567.30	3.4e-17
Twil_T_wilhelma_c27801_g1_i1|m.22078	352	480	TUDOR	PF00567.30	5.7e-17
Drer_NP_001123984.1	854	972	TUDOR	PF00567.30	8.9e-17
Drer_XP_068068947.1	856	974	TUDOR	PF00567.30	8.9e-17
Lpol_XP_022249711.1	104	231	TUDOR	PF00567.30	9.3e-17
Diplco_DCO_007102	45	162	TUDOR	PF00567.30	2.9e-07
Diplco_DCO_007102	444	499	TUDOR	PF00567.30	2.4e-07
Dpul_XP_046462734.1	65	159	TUDOR	PF00567.30	1.5e-10
Bmal_XP_042932123.1	36	151	TUDOR	PF00567.30	4.1e-16
Smed_h1SMcT0011818.1	1026	1140	TUDOR	PF00567.30	1.1e-16
Bmor_XP_037873436.1	368	488	TUDOR	PF00567.30	6.7e-16
Ggal_XP_046800626.1	311	428	TUDOR	PF00567.30	1.6e-16
Apimel_XP_006564454.1	385	507	TUDOR	PF00567.30	1.1e-16
Apimel_XP_006564455.1	385	507	TUDOR	PF00567.30	1.1e-16
Apimel_XP_006564456.1	385	507	TUDOR	PF00567.30	1.1e-16
Apimel_XP_006564457.1	385	507	TUDOR	PF00567.30	1.1e-16
Apimel_XP_006564458.1	385	507	TUDOR	PF00567.30	1.1e-16
Ggal_XP_040560812.1	311	428	TUDOR	PF00567.30	2.2e-16
Rcul_nRc.2.0.1.t37716-RA	26	140	TUDOR	PF00567.30	8.4e-17
Twil_T_wilhelma_c32279_g1_i1|m.46967	392	475	TUDOR	PF00567.30	1.5e-07
Twil_T_wilhelma_c32279_g1_i1|m.46967	500	539	TUDOR	PF00567.30	6.7e-07
Aplcal_XP_012946533.1	130	244	TUDOR	PF00567.30	1e-16
Tnel_KRX20868.1	428	553	TUDOR	PF00567.30	1.7e-16
Ever_VDD91928.1	55	114	TUDOR	PF00567.30	7.8e-07
Lloa_XP_003143954.1	47	154	TUDOR	PF00567.30	2.2e-11
Tspi_XP_003381683.1	441	566	TUDOR	PF00567.30	1.7e-16
Smed_h1SMcT0007010.3	23	143	TUDOR	PF00567.30	1.3e-16
Cscu_XP_023223784.1	3	91	TUDOR	PF00567.30	9.5e-17
Mbel_CAJ0934477.1	88	141	TUDOR	PF00567.30	8.5e-09
Cele_NP_492269.2	507	627	TUDOR	PF00567.30	3.2e-16
Lsig_VDK77622.1	37	149	TUDOR	PF00567.30	2.2e-16
Sypmur_SMUV_0000153501-mRNA-1	180	293	TUDOR	PF00567.30	5.4e-11
Rvar_GAV05527.1	511	597	TUDOR	PF00567.30	7.8e-10
Asuu_AgE66_g002_t02	40	155	TUDOR	PF00567.30	1.5e-09
Avag_UJR25336.1	144	245	TUDOR	PF00567.30	5.7e-16
Smed_h1SMcT0012008.1	217	333	TUDOR	PF00567.30	2.7e-16
Asuu_AgE66_g002_t03	40	155	TUDOR	PF00567.30	1.6e-09
Sman_XP_018644008.1	285	390	TUDOR	PF00567.30	2.8e-16
Ihof_Ihof_evm8s10	274	392	TUDOR	PF00567.30	2.5e-16
Bmor_XP_037869341.1	225	342	TUDOR	PF00567.30	1e-09
Asuu_AgE66_g002_t04	83	198	TUDOR	PF00567.30	1.7e-09
Obim_XP_052826183.1	366	479	TUDOR	PF00567.30	3.6e-16
Trimur_TMUE_0000001315	98	217	TUDOR	PF00567.30	2.8e-16
Ovol_OVOC2139	637	736	TUDOR	PF00567.30	8.2e-11
Obim_XP_052826182.1	366	479	TUDOR	PF00567.30	3.7e-16
Asuu_AgE66_g002_t05	118	233	TUDOR	PF00567.30	2e-09
Btab_XP_018909251.1	980	1119	TUDOR	PF00567.30	5.6e-16
Bmal_XP_042936004.1	112	208	TUDOR	PF00567.30	7.6e-12
Tnel_KRX25164.1	39	157	TUDOR	PF00567.30	1.2e-13
Sypmur_SMUV_0000512501-mRNA-1	634	731	TUDOR	PF00567.30	9.5e-12
Trimur_TMUE_2000009287	33	151	TUDOR	PF00567.30	4.8e-16
Trimur_TMUE_2000006918	99	218	TUDOR	PF00567.30	5.5e-16
Hrob_XP_009009679.1	127	260	TUDOR	PF00567.30	2.2e-14
Avit_KAL3994902.1	47	154	TUDOR	PF00567.30	4.7e-12
Cvir_XP_022333202.1	900	1023	TUDOR	PF00567.30	1.2e-15
Lcom_lcpid175044|	76	167	TUDOR	PF00567.30	5.3e-16
Lloa_XP_020305949.1	7	69	TUDOR	PF00567.30	4.7e-09
Dpul_XP_046454213.1	69	158	TUDOR	PF00567.30	9e-09
Dpul_XP_046454214.1	69	158	TUDOR	PF00567.30	9e-09
Dpul_XP_046454215.1	69	158	TUDOR	PF00567.30	9e-09
Cvir_XP_022342357.1	22	138	TUDOR	PF00567.30	1.2e-15
Cvir_XP_022342355.1	22	138	TUDOR	PF00567.30	1.2e-15
Mlei_ML09631a-PA	10	133	TUDOR	PF00567.30	3e-08
Aplcal_XP_012945877.1	258	386	TUDOR	PF00567.30	9.8e-16
Skow_XP_006811719.1	1782	1851	TUDOR	PF00567.30	6.6e-11
Dpul_XP_046454212.1	93	182	TUDOR	PF00567.30	1e-08
Pvan_XP_069982751.1	810	926	TUDOR	PF00567.30	1.5e-15
Pvan_XP_069982750.1	816	932	TUDOR	PF00567.30	1.5e-15
Pvan_XP_027219443.2	824	940	TUDOR	PF00567.30	1.5e-15
Tnat_KRZ55248.1	39	157	TUDOR	PF00567.30	2.1e-13
Avit_KAL3997690.1	7	68	TUDOR	PF00567.30	2.9e-10
Obim_XP_014768147.1	9	120	TUDOR	PF00567.30	2.8e-15
Obim_XP_014768146.1	9	120	TUDOR	PF00567.30	2.9e-15
Tnat_KRZ50821.1	39	157	TUDOR	PF00567.30	2.1e-13
Tbri_KRY58091.1	39	157	TUDOR	PF00567.30	2.8e-13
Obim_XP_014768148.1	9	120	TUDOR	PF00567.30	2.8e-15
Lcom_lcpid119569|	26	148	TUDOR	PF00567.30	3.9e-15
Tnel_KRX26600.1	38	157	TUDOR	PF00567.30	5.4e-14
Scar_TKR94265.1	62	177	TUDOR	PF00567.30	7.8e-09
Ever_VDD85973.1	18	110	TUDOR	PF00567.30	1.4e-09
Dmel_NP_611103.2	612	675	TUDOR	PF00567.30	7.2e-10
Cscu_XP_023243616.1	66	168	TUDOR	PF00567.30	1.5e-15
Aplcal_XP_012946537.1	147	259	TUDOR	PF00567.30	1.9e-15
Bmal_XP_001899970.2	47	154	TUDOR	PF00567.30	4.6e-12
Bmal_XP_001892262.1	7	68	TUDOR	PF00567.30	4.7e-11
Cele_NP_500199.2	28	136	TUDOR	PF00567.30	1.8e-08
Hsap_XP_011534704.1	542	651	TUDOR	PF00567.30	3.9e-15
Hsap_XP_047286868.1	842	951	TUDOR	PF00567.30	5.3e-15
Hsap_XP_047286867.1	866	975	TUDOR	PF00567.30	5.4e-15
Ttri_CDW58919.1	156	267	TUDOR	PF00567.30	2.9e-15
Hsap_XP_047286866.1	869	978	TUDOR	PF00567.30	5.4e-15
Hsap_XP_047286865.1	877	986	TUDOR	PF00567.30	5.5e-15
Hsap_XP_011534702.1	817	926	TUDOR	PF00567.30	5.4e-15
Hsap_XP_005267366.1	904	1013	TUDOR	PF00567.30	5.6e-15
Hsap_XP_011534700.1	866	975	TUDOR	PF00567.30	5.7e-15
Twil_T_wilhelma_c33112_g1_i6|m.52806	579	714	TUDOR	PF00567.30	5e-10
Hsap_XP_011534699.1	869	978	TUDOR	PF00567.30	5.7e-15
Hsap_XP_006720083.1	877	986	TUDOR	PF00567.30	5.7e-15
Hsap_XP_006720082.1	904	1013	TUDOR	PF00567.30	5.8e-15
Hsap_NP_694591.2	904	1013	TUDOR	PF00567.30	5.9e-15
Xtro_NP_001238746.1	627	741	TUDOR	PF00567.30	6.7e-15
Tspi_XP_003372390.1	40	160	TUDOR	PF00567.30	3.4e-14
Otip_Oti_11649_t	572	692	TUDOR	PF00567.30	5.6e-15
Xtro_XP_012824154.2	866	980	TUDOR	PF00567.30	8.6e-15
Dimm_MCP9257152.1	325	447	TUDOR	PF00567.30	2.4e-09
Asuu_AgR066_g018_t02	45	162	TUDOR	PF00567.30	8.9e-09
Ovol_OVOC12506	37	152	TUDOR	PF00567.30	5.8e-15
Acey_EYC30205.1	69	180	TUDOR	PF00567.30	4.2e-15
Twil_T_wilhelma_c30445_g2_i5|m.35660	188	302	TUDOR	PF00567.30	1.1e-14
Acey_EYC30208.1	69	182	TUDOR	PF00567.30	4.9e-15
Hduj_OQV17226.1	104	216	TUDOR	PF00567.30	4e-13
Acey_EYC30206.1	76	187	TUDOR	PF00567.30	4.7e-15
Acey_EYC30209.1	76	189	TUDOR	PF00567.30	5.2e-15
Ofus_CAH1783135.1	22	141	TUDOR	PF00567.30	8.9e-15
Asuu_AgR066_g018_t01	83	200	TUDOR	PF00567.30	9.5e-09
Twil_T_wilhelma_c30445_g2_i3|m.35656	170	283	TUDOR	PF00567.30	5.9e-15
Sbat_VDP43177.1	11	131	TUDOR	PF00567.30	7.7e-15
Mlei_ML07131a-PA	424	550	TUDOR	PF00567.30	8.2e-15
Dimm_MCP9264877.1	879	965	TUDOR	PF00567.30	4.1e-09
Aque_XP_019859650.1	4	108	TUDOR	PF00567.30	7.4e-15
Lloa_XP_020305749.1	454	558	TUDOR	PF00567.30	2.8e-08
Sbat_VDP23391.1	128	248	TUDOR	PF00567.30	1.2e-14
Mpol_BFI26810.1	740	861	TUDOR	PF00567.30	1.4e-14
Twil_T_wilhelma_c30445_g2_i1|m.35654	365	479	TUDOR	PF00567.30	2.4e-14
Cscu_XP_023223785.1	9	74	TUDOR	PF00567.30	3.3e-14
Asuu_AgB05_g265_t02	43	159	TUDOR	PF00567.30	4.3e-08
Acey_EYC30207.1	69	180	TUDOR	PF00567.30	1.3e-14
Asuu_AgB20_g036_t08	814	910	TUDOR	PF00567.30	8.3e-13
Dimm_MCP9258592.1	327	440	TUDOR	PF00567.30	2.3e-14
Trimur_TMUE_3000011740	222	337	TUDOR	PF00567.30	1.9e-14
Asuu_AgB20_g036_t03	821	917	TUDOR	PF00567.30	8.4e-13
Cvir_XP_022331628.1	675	769	TUDOR	PF00567.30	2.3e-14
Asuu_AgB20_g036_t06	836	932	TUDOR	PF00567.30	8.6e-13
Cvir_XP_022331627.1	676	770	TUDOR	PF00567.30	2.3e-14
Cvir_XP_022331626.1	677	771	TUDOR	PF00567.30	2.4e-14
Ttri_CDW60534.1	219	331	TUDOR	PF00567.30	2.6e-14
Asuu_AgB05_g265_t04	54	170	TUDOR	PF00567.30	4.8e-08
Asuu_AgB05_g265_t05	43	159	TUDOR	PF00567.30	4.9e-08
Asuu_AgB05_g265_t06	43	159	TUDOR	PF00567.30	4.9e-08
Echgra_XP_024346574.1	763	872	TUDOR	PF00567.30	2.9e-14
Asuu_AgB05_g265_t03	58	174	TUDOR	PF00567.30	5.1e-08
Asuu_AgB05_g265_t01	78	194	TUDOR	PF00567.30	5.1e-08
Mbel_CAJ0956306.1	315	438	TUDOR	PF00567.30	3.2e-09
Lloa_XP_003137296.1	54	159	TUDOR	PF00567.30	2e-14
Hpol_VDP14625.1	35	152	TUDOR	PF00567.30	2.3e-14
Mbel_CAJ0923440.1	386	509	TUDOR	PF00567.30	3.4e-09
Asuu_AgB20_g036_t07	784	880	TUDOR	PF00567.30	7.6e-13
Sypmur_SMUV_0000828701-mRNA-1	434	497	TUDOR	PF00567.30	1.9e-07
Rcul_nRc.2.0.1.t15732-RA	1	56	TUDOR	PF00567.30	4.1e-14
Avit_KAL3997704.1	383	491	TUDOR	PF00567.30	5.1e-14
Avit_KAL3997705.1	405	513	TUDOR	PF00567.30	5.4e-14
Psp.PS1159_PS1159_v2.g1517.t1	39	121	TUDOR	PF00567.30	4.1e-10
Smed_h1SMcT0018972.2	110	224	TUDOR	PF00567.30	8.6e-14
Rcul_nRc.2.0.1.t00393-RA	16	85	TUDOR	PF00567.30	8.6e-14
Lpol_XP_022249707.1	18	136	TUDOR	PF00567.30	3e-13
Asuu_AgB05_g031_t03	345	445	TUDOR	PF00567.30	5.1e-07
Otip_Oti_7778_t	145	263	TUDOR	PF00567.30	1.5e-13
Asuu_AgB05_g031_t02	364	463	TUDOR	PF00567.30	5.3e-07
Asuu_AgB05_g031_t01	368	467	TUDOR	PF00567.30	5.3e-07
Tspi_XP_003381030.1	37	157	TUDOR	PF00567.30	4.8e-14
Tnel_KRX20869.1	428	561	TUDOR	PF00567.30	1e-13
Aplcal_XP_035824738.1	87	146	TUDOR	PF00567.30	2e-12
Ever_VDD89302.1	782	869	TUDOR	PF00567.30	3.1e-11
Mlei_ML25221a-PA	45	83	TUDOR	PF00567.30	1.4e-06
Scar_TKR95937.1	94	206	TUDOR	PF00567.30	3.7e-10
Rcul_nRc.2.0.1.t07677-RA	64	158	TUDOR	PF00567.30	9.2e-14
Sbat_VDP49501.1	155	272	TUDOR	PF00567.30	2.2e-13
Mlei_ML01983a-PA	843	966	TUDOR	PF00567.30	1.2e-13
Asuu_AgB22X_g003_t02	446	532	TUDOR	PF00567.30	1.4e-13
Skow_XP_006814119.1	27	130	TUDOR	PF00567.30	1.6e-12
Ccri_XP_005711613.1	697	792	TUDOR	PF00567.30	1.1e-13
Plae_KAI0979407.1	608	739	TUDOR	PF00567.30	5.7e-13
Hduj_OWA52396.1	493	609	TUDOR	PF00567.30	9.6e-14
Asuu_AgB22X_g003_t04	446	528	TUDOR	PF00567.30	2e-13
Asuu_AgB22X_g003_t01	455	537	TUDOR	PF00567.30	2e-13
Emue_Em0120g4a	116	234	TUDOR	PF00567.30	1.3e-13
Ofus_CAH1780073.1	44	147	TUDOR	PF00567.30	1.3e-13
Dpul_XP_046448390.1	942	1070	TUDOR	PF00567.30	2.2e-13
Asuu_AgB25_g022_t02	192	294	TUDOR	PF00567.30	1.9e-13
Tspi_XP_003381293.1	53	148	TUDOR	PF00567.30	4.6e-11
Rcul_nRc.2.0.1.t15731-RA	5	97	TUDOR	PF00567.30	1.7e-13
Awhi_Unigene40940_Abeoforma_whisleri|m.26163	35	112	TUDOR	PF00567.30	1.5e-10
Avit_KAL3990424.1	647	745	TUDOR	PF00567.30	1.1e-09
Avit_KAL3990423.1	648	746	TUDOR	PF00567.30	1.1e-09
Btab_XP_018898017.1	641	738	TUDOR	PF00567.30	3e-13
Trimur_TMUE_1000005823	156	273	TUDOR	PF00567.30	2.6e-13
Emue_Em0516g2a	256	374	TUDOR	PF00567.30	2.3e-13
Eela_EEL_0000638401-mRNA-1	29	139	TUDOR	PF00567.30	1.6e-08
Avit_KAL3981801.1	29	119	TUDOR	PF00567.30	4.9e-07
Tsui_KHJ48626.1	159	266	TUDOR	PF00567.30	3.1e-13
Gpal_Gpal_D383_g01466.t1	219	316	TUDOR	PF00567.30	2.2e-13
Mlei_ML161327a-PA	172	287	TUDOR	PF00567.30	8.4e-13
Smed_h1SMcT0011035.1	150	234	TUDOR	PF00567.30	2.9e-13
Avag_UJR23822.1	72	189	TUDOR	PF00567.30	3.6e-13
Gpal_Gpal_D383_g01466.t2	289	386	TUDOR	PF00567.30	3.1e-13
Lcom_lcpid76074|	67	186	TUDOR	PF00567.30	2.9e-13
Trimur_TMUE_1000005004	301	401	TUDOR	PF00567.30	3.7e-13
Trimur_TMUE_2000009458	444	542	TUDOR	PF00567.30	4.6e-13
Tsui_KHJ49167.1	268	393	TUDOR	PF00567.30	3.8e-13
Asuu_AgR033_g075_t06	15	134	TUDOR	PF00567.30	1.7e-12
Plae_KAI0989387.1	256	376	TUDOR	PF00567.30	3.9e-06
Plae_KAI0989387.1	495	608	TUDOR	PF00567.30	5.4e-06
Ofus_CAH1780072.1	44	147	TUDOR	PF00567.30	5.2e-13
Asuu_AgR033_g075_t05	15	134	TUDOR	PF00567.30	1.8e-12
Asuu_AgR028_g071_t01	292	400	TUDOR	PF00567.30	2.5e-08
Asuu_AgR028_g084_t01	292	400	TUDOR	PF00567.30	2.5e-08
Spur_XP_011664856.1	802	926	TUDOR	PF00567.30	7.3e-13
Spur_XP_030854833.1	868	992	TUDOR	PF00567.30	7.8e-13
Spur_XP_011664854.1	909	1033	TUDOR	PF00567.30	8e-13
Spur_XP_011664855.1	909	1033	TUDOR	PF00567.30	8e-13
Eela_EEL_0000638501-mRNA-1	306	407	TUDOR	PF00567.30	1.8e-12
Bmal_XP_042931924.1	793	877	TUDOR	PF00567.30	6.5e-09
Plae_KAI0982829.1	735	857	TUDOR	PF00567.30	1.1e-12
Asuu_AgR033_g075_t04	35	154	TUDOR	PF00567.30	2.2e-12
Plae_KAI0979195.1	149	264	TUDOR	PF00567.30	9e-13
Mbel_CAJ0949152.1	33	144	TUDOR	PF00567.30	9.2e-13
Mbel_CAJ0956686.1	33	144	TUDOR	PF00567.30	9.3e-13
Hduj_OQV24998.1	1008	1120	TUDOR	PF00567.30	1.5e-12
Dimm_MCP9262115.1	47	154	TUDOR	PF00567.30	3.9e-11
Avag_UJR13996.1	154	279	TUDOR	PF00567.30	1.6e-12
Otip_Oti_1136_t	667	781	TUDOR	PF00567.30	1.3e-12
Avag_UJR37513.1	129	247	TUDOR	PF00567.30	2.5e-12
Sypmur_SMUV_0000615801-mRNA-1	433	544	TUDOR	PF00567.30	5.5e-06
Tspi_XP_003368654.1	3	92	TUDOR	PF00567.30	5.3e-10
Smed_h1SMcT0018972.1	55	154	TUDOR	PF00567.30	3.3e-12
Apimel_XP_026296706.1	884	1003	TUDOR	PF00567.30	3.5e-12
Scar_TKR80026.1	7	113	TUDOR	PF00567.30	1e-07
Smar_SMAR014047-PA	238	347	TUDOR	PF00567.30	3.4e-12
Apimel_XP_001122827.2	884	1003	TUDOR	PF00567.30	3.6e-12
Apimel_XP_006564836.1	884	1003	TUDOR	PF00567.30	3.6e-12
Apimel_XP_006564837.1	884	1003	TUDOR	PF00567.30	3.6e-12
Tsui_KHJ41335.1	430	544	TUDOR	PF00567.30	5.6e-12
Ttri_CDW57369.1	270	393	TUDOR	PF00567.30	2.2e-12
Smar_SMAR013739-PA	886	995	TUDOR	PF00567.30	5.6e-12
Ever_VDD90044.1	49	160	TUDOR	PF00567.30	2.9e-12
Twil_T_wilhelma_c32279_g1_i2|m.46968	470	509	TUDOR	PF00567.30	6.3e-07
Lpol_XP_022255850.1	12	88	TUDOR	PF00567.30	2.6e-12
Avag_UJR29861.1	1125	1178	TUDOR	PF00567.30	1.3e-11
Mjap_MIJAPON000007159.t1	78	140	TUDOR	PF00567.30	4.5e-12
Cscu_XP_023227156.1	884	1002	TUDOR	PF00567.30	5.4e-12
Plae_KAI0979352.1	537	666	TUDOR	PF00567.30	4.6e-11
Tsui_KHJ46938.1	198	315	TUDOR	PF00567.30	4.1e-12
Dpul_XP_046448524.1	531	650	TUDOR	PF00567.30	4.7e-12
Aque_XP_019863264.1	182	279	TUDOR	PF00567.30	8.6e-11
Emue_Em0021g815a	326	379	TUDOR	PF00567.30	7e-10
Rvar_GAV01627.1	532	651	TUDOR	PF00567.30	1.2e-11
Tsui_KHJ47858.1	49	165	TUDOR	PF00567.30	4.7e-12
Hduj_OQV17515.1	461	582	TUDOR	PF00567.30	7.1e-12
Priarc_PARCANUS000008396.t1	832	947	TUDOR	PF00567.30	5.8e-12
Dimm_MCP9260376.1	125	212	TUDOR	PF00567.30	1.7e-11
Hcon_XGW02739.1	188	279	TUDOR	PF00567.30	7.7e-12
Hcon_XGW02738.1	188	279	TUDOR	PF00567.30	7.6e-12
Ofus_CAH1777870.1	873	944	TUDOR	PF00567.30	1.4e-11
Lana_XP_013378844.1	743	806	TUDOR	PF00567.30	3.9e-12
Smed_h1SMcT0017448.1	277	394	TUDOR	PF00567.30	1.3e-11
Asuu_AgE01_g033_t03	82	168	TUDOR	PF00567.30	1.4e-06
Asuu_AgE01_g033_t10	82	168	TUDOR	PF00567.30	1.4e-06
Lana_XP_013399608.1	743	806	TUDOR	PF00567.30	5e-12
Lloa_XP_020306098.1	355	456	TUDOR	PF00567.30	2.5e-11
Asuu_AgE01_g033_t04	108	194	TUDOR	PF00567.30	1.5e-06
Ttri_CDW54564.1	169	285	TUDOR	PF00567.30	1.2e-11
Lana_XP_013397416.1	307	415	TUDOR	PF00567.30	1.5e-11
Pigchi_Pchi_g6204	76	150	TUDOR	PF00567.30	2.3e-07
Srat_XP_024505992.1	357	408	TUDOR	PF00567.30	2.6e-06
Hsap_XP_005266617.1	555	611	TUDOR	PF00567.30	1.8e-11
Hsap_XP_024305185.1	555	611	TUDOR	PF00567.30	1.8e-11
Acey_EYC11804.1	105	224	TUDOR	PF00567.30	1.2e-11
Hsap_XP_047286640.1	646	702	TUDOR	PF00567.30	2.1e-11
Hsap_XP_047286638.1	648	704	TUDOR	PF00567.30	2.1e-11
Hsap_XP_005266613.1	648	704	TUDOR	PF00567.30	2.1e-11
Hsap_NP_001139543.1	554	611	TUDOR	PF00567.30	2e-11
Hsap_NP_110421.1	554	611	TUDOR	PF00567.30	2e-11
Hsap_XP_047300597.1	43	150	TUDOR	PF00567.30	1.3e-11
Hsap_XP_024305184.2	712	768	TUDOR	PF00567.30	2.3e-11
Hsap_XP_047286637.1	712	768	TUDOR	PF00567.30	2.3e-11
Hrob_XP_009021145.1	813	856	TUDOR	PF00567.30	1.4e-09
Acey_EYC11806.1	140	259	TUDOR	PF00567.30	1.8e-11
Hsap_NP_001139542.1	648	704	TUDOR	PF00567.30	2.5e-11
Hsap_XP_011507462.1	43	150	TUDOR	PF00567.30	1.6e-11
Hsap_XP_011507463.1	43	150	TUDOR	PF00567.30	1.6e-11
Hsap_XP_047286641.1	682	738	TUDOR	PF00567.30	2.6e-11
Acey_EYC11805.1	143	262	TUDOR	PF00567.30	1.8e-11
Hsap_XP_047286639.1	712	768	TUDOR	PF00567.30	2.8e-11
Trimur_TMUE_1000005834	459	570	TUDOR	PF00567.30	2e-11
Ddip_jg10096	62	154	TUDOR	PF00567.30	2.8e-07
Emue_Em0819g4a	4	43	TUDOR	PF00567.30	6e-11
Psp.PS1159_PS1159_v2.g8951.t1	15	95	TUDOR	PF00567.30	2.8e-07
Hcon_XGW23608.1	510	624	TUDOR	PF00567.30	3.7e-11
Hrob_XP_009009598.1	1122	1196	TUDOR	PF00567.30	1.8e-08
Hcon_XGW23607.1	578	692	TUDOR	PF00567.30	4.3e-11
Hsap_NP_872305.3	209	316	TUDOR	PF00567.30	6.3e-11
Tsui_KHJ43690.1	117	223	TUDOR	PF00567.30	7.6e-11
Hsap_XP_016855744.1	87	194	TUDOR	PF00567.30	2.8e-11
Avag_UJR08714.1	131	252	TUDOR	PF00567.30	4.7e-11
Hsap_XP_011507459.1	216	323	TUDOR	PF00567.30	6.5e-11
Hsap_NP_001091945.1	209	316	TUDOR	PF00567.30	6.8e-11
Hsap_XP_011507458.1	216	323	TUDOR	PF00567.30	7.1e-11
Trimur_TMUE_2000008749	259	381	TUDOR	PF00567.30	3.5e-11
Hsap_XP_011507457.1	241	348	TUDOR	PF00567.30	7.4e-11
Hsap_XP_011507456.1	234	341	TUDOR	PF00567.30	7.7e-11
Mlei_ML05365a-PA	228	342	TUDOR	PF00567.30	1.1e-10
Hsap_XP_011507454.1	241	348	TUDOR	PF00567.30	8e-11
Hsap_XP_011507455.1	241	348	TUDOR	PF00567.30	8e-11
Ttri_CDW54662.1	124	223	TUDOR	PF00567.30	8.6e-11
Acey_EYB82931.1	319	432	TUDOR	PF00567.30	5e-11
Dmel_NP_610950.2	376	487	TUDOR	PF00567.30	1.1e-10
Hsap_XP_011507461.1	160	267	TUDOR	PF00567.30	5.1e-11
Hcon_XGW06047.1	78	142	TUDOR	PF00567.30	8.8e-11
Hcon_XGW06048.1	78	142	TUDOR	PF00567.30	9.4e-11
Hsap_XP_011507460.1	171	278	TUDOR	PF00567.30	5.4e-11
Priarc_PARCANUS000008182.t1	2	41	TUDOR	PF00567.30	6.9e-11
Smar_SMAR006133-PA	562	626	TUDOR	PF00567.30	1.1e-10
Scar_TKR61666.1	127	245	TUDOR	PF00567.30	1.3e-10
Dimm_MCP9261391.1	715	787	TUDOR	PF00567.30	1.4e-10
Lloa_XP_020306099.1	50	161	TUDOR	PF00567.30	4.6e-07
Ovol_OVOC6014	233	320	TUDOR	PF00567.30	2.6e-10
Scar_TKR80711.1	28	141	TUDOR	PF00567.30	2.2e-10
Asuu_AgE10_g006_t06	630	693	TUDOR	PF00567.30	2.4e-06
Tsui_KHJ45393.1	224	342	TUDOR	PF00567.30	5.3e-08
Cint_XP_026694368.1	875	991	TUDOR	PF00567.30	1.8e-10
Cint_XP_026694369.1	875	991	TUDOR	PF00567.30	1.8e-10
Xtro_NP_989385.1	560	614	TUDOR	PF00567.30	1.8e-10
Dimm_MCP9263823.1	465	541	TUDOR	PF00567.30	9e-07
Plae_KAI0984230.1	100	212	TUDOR	PF00567.30	2.7e-10
Plae_KAI0984229.1	100	212	TUDOR	PF00567.30	2.7e-10
Wban_VDM20776.1	5	61	TUDOR	PF00567.30	4e-06
Xtro_XP_031751679.1	678	732	TUDOR	PF00567.30	2.2e-10
Avag_UJR27801.1	93	215	TUDOR	PF00567.30	2.7e-10
Sypmur_SMUV_0000691201-mRNA-1	33	127	TUDOR	PF00567.30	1.6e-06
Mjap_MIJAPON000008370.t1	64	140	TUDOR	PF00567.30	2.1e-10
Mbel_CAJ0956227.1	164	266	TUDOR	PF00567.30	2.3e-10
Mbel_CAJ0923437.1	164	266	TUDOR	PF00567.30	3e-10
Dimm_MCP9257045.1	43	162	TUDOR	PF00567.30	1.8e-10
Hpol_VDP11716.1	44	151	TUDOR	PF00567.30	2.7e-10
Tnat_KRZ62963.1	189	316	TUDOR	PF00567.30	5.2e-08
Avit_KAL3986024.1	383	461	TUDOR	PF00567.30	6.2e-07
Tnat_KRZ62962.1	196	323	TUDOR	PF00567.30	5.4e-08
Avag_UJR25019.1	112	229	TUDOR	PF00567.30	3.2e-10
Sbat_VDP10986.1	151	270	TUDOR	PF00567.30	2.7e-10
Ttri_CDW58567.1	427	522	TUDOR	PF00567.30	3.8e-10
Echgra_XP_024353728.1	683	804	TUDOR	PF00567.30	6.3e-10
Pgem_Unigene8630_Pirum_gemmata|m.5524	13	106	TUDOR	PF00567.30	3.3e-10
Tsui_KHJ46909.1	13	74	TUDOR	PF00567.30	3.1e-10
Psp.PS1159_PS1159_v2.g13455.t1	43	148	TUDOR	PF00567.30	5.6e-10
Dimm_MCP9256801.1	43	162	TUDOR	PF00567.30	2.9e-10
Lloa_XP_003147654.1	391	492	TUDOR	PF00567.30	6.2e-10
Drer_NP_001001823.2	641	693	TUDOR	PF00567.30	4.3e-10
Drer_XP_005169470.1	641	692	TUDOR	PF00567.30	4.6e-10
Drer_XP_068080236.1	640	691	TUDOR	PF00567.30	4.8e-10
Drer_XP_005169468.1	641	692	TUDOR	PF00567.30	4.9e-10
Tnel_KRX20478.1	192	321	TUDOR	PF00567.30	9.5e-10
Wban_VDM14108.1	43	155	TUDOR	PF00567.30	4.9e-10
Twil_T_wilhelma_c33700_g1_i3|m.57082	280	412	TUDOR	PF00567.30	1.9e-08
Ggal_NP_001384138.1	549	605	TUDOR	PF00567.30	5.9e-10
Ggal_XP_046797333.1	549	605	TUDOR	PF00567.30	5.9e-10
Ggal_XP_046797334.1	549	605	TUDOR	PF00567.30	5.9e-10
Bmal_XP_042934568.1	5	61	TUDOR	PF00567.30	2.1e-06
Ggal_NP_001025993.2	642	698	TUDOR	PF00567.30	7e-10
Avag_UJR33189.1	307	434	TUDOR	PF00567.30	9.1e-10
Ggal_XP_046797331.1	675	731	TUDOR	PF00567.30	7.4e-10
Cscu_XP_023238930.1	64	128	TUDOR	PF00567.30	4.9e-10
Srat_XP_024499412.1	150	266	TUDOR	PF00567.30	2.6e-07
Tspi_XP_003372494.1	83	219	TUDOR	PF00567.30	1.3e-09
Psp.PS1159_PS1159_v2.g5701.t1	16	79	TUDOR	PF00567.30	5.6e-10
Rcul_nRc.2.0.1.t13382-RA	125	161	TUDOR	PF00567.30	6.9e-06
Wban_VDM14260.1	45	133	TUDOR	PF00567.30	7.9e-10
Obim_XP_014773546.2	341	448	TUDOR	PF00567.30	1.4e-09
Tbri_KRY60643.1	196	323	TUDOR	PF00567.30	5.2e-08
Ttri_CDW55038.1	111	226	TUDOR	PF00567.30	1.3e-09
Tbri_KRY60644.1	202	329	TUDOR	PF00567.30	5.3e-08
Rvar_GAV07828.1	335	443	TUDOR	PF00567.30	9.8e-10
Hcon_XGW09499.1	151	267	TUDOR	PF00567.30	1.1e-09
Hcon_XGW09500.1	151	267	TUDOR	PF00567.30	1.1e-09
Psp.PS1159_PS1159_v2.g17151.t1	103	224	TUDOR	PF00567.30	2.1e-09
Twil_T_wilhelma_c33700_g1_i1|m.57078	313	445	TUDOR	PF00567.30	3.5e-08
Psp.PS1159_PS1159_v2.g5701.t2	16	79	TUDOR	PF00567.30	2e-09
Asuu_AgR002_g446_t03	47	159	TUDOR	PF00567.30	1.4e-08
Asuu_AgR002_g446_t06	47	159	TUDOR	PF00567.30	1.4e-08
Twil_T_wilhelma_c33700_g1_i2|m.57080	313	445	TUDOR	PF00567.30	3.9e-08
Avit_KAL3984994.1	236	325	TUDOR	PF00567.30	2.2e-09
Bmal_XP_042937236.1	218	306	TUDOR	PF00567.30	2.6e-09
Asuu_AgB05_g050_t05	30	72	TUDOR	PF00567.30	3.3e-09
Bxyl_CAG9123074.1	337	439	TUDOR	PF00567.30	3.5e-09
Rvar_GAV09008.1	143	206	TUDOR	PF00567.30	1.6e-07
Rvar_GAV09009.1	143	206	TUDOR	PF00567.30	1.6e-07
Mjap_MIJAPON000012393.t1	199	305	TUDOR	PF00567.30	3.3e-09
Blan_XP_066299183.1	276	405	TUDOR	PF00567.30	6.8e-08
Wban_VDM10618.1	199	279	TUDOR	PF00567.30	4.3e-09
Eela_EEL_0000083801-mRNA-1	210	299	TUDOR	PF00567.30	4.3e-09
Ggal_XP_040552545.1	3	45	TUDOR	PF00567.30	9.2e-09
Lsig_VDK86525.1	630	719	TUDOR	PF00567.30	7e-09
Tnel_KRX27210.1	72	199	TUDOR	PF00567.30	1.2e-08
Lana_XP_013389916.1	778	881	TUDOR	PF00567.30	7.2e-09
Lana_XP_013389917.1	778	881	TUDOR	PF00567.30	7.2e-09
Hrob_XP_009025729.1	298	355	TUDOR	PF00567.30	8.2e-09
Lloa_XP_003150210.1	31	131	TUDOR	PF00567.30	3.8e-09
Tbri_KRY47961.1	185	321	TUDOR	PF00567.30	1.8e-08
Drer_NP_571266.1	73	138	TUDOR	PF00567.30	5.2e-09
Sman_XP_018650801.1	171	290	TUDOR	PF00567.30	6.4e-09
Hrob_XP_009016574.1	608	673	TUDOR	PF00567.30	9e-09
Mbel_CAJ0964031.1	673	776	TUDOR	PF00567.30	8.2e-09
Acey_EYC27351.1	45	156	TUDOR	PF00567.30	6.1e-09
Aplcal_XP_012935222.1	924	1053	TUDOR	PF00567.30	8.1e-08
Wban_VDM10882.1	380	466	TUDOR	PF00567.30	1.3e-06
Bmor_XP_012544435.2	905	1023	TUDOR	PF00567.30	1.8e-08
Mjap_MIJAPON000009351.t1	830	938	TUDOR	PF00567.30	8e-09
Tnat_KRZ49188.1	185	322	TUDOR	PF00567.30	2.3e-08
Asuu_AgR002_g446_t05	70	182	TUDOR	PF00567.30	3.2e-08
Gpal_Gpal_D383_g01466.t3	289	374	TUDOR	PF00567.30	1.6e-07
Sman_XP_018650800.1	310	429	TUDOR	PF00567.30	9.2e-09
Psp.PS1159_PS1159_v2.g5577.t1	49	158	TUDOR	PF00567.30	5.5e-08
Tnel_KRX27211.1	192	319	TUDOR	PF00567.30	2.6e-08
Lloa_XP_020305297.1	220	304	TUDOR	PF00567.30	1.2e-08
Trimur_TMUE_3000012271	141	223	TUDOR	PF00567.30	1.2e-08
Hduj_OQV22458.1	263	362	TUDOR	PF00567.30	1.2e-08
Lloa_XP_003142066.2	402	482	TUDOR	PF00567.30	1.4e-08
Mlei_ML09985a-PA	396	524	TUDOR	PF00567.30	1.6e-08
Mbel_CAJ0956393.1	72	155	TUDOR	PF00567.30	1.6e-08
Eela_EEL_0000141401-mRNA-1	533	602	TUDOR	PF00567.30	2.1e-08
Mjap_MIJAPON000000456.t1	90	211	TUDOR	PF00567.30	1.4e-08
Emue_Em0013g214a	22	142	TUDOR	PF00567.30	3.1e-08
Ofus_CAH1782459.1	265	385	TUDOR	PF00567.30	2.5e-08
Bmal_XP_042938452.1	378	464	TUDOR	PF00567.30	1.4e-06
Emue_Em0013g237a	22	142	TUDOR	PF00567.30	3.5e-08
Smed_h1SMcT0007010.1	23	106	TUDOR	PF00567.30	1.6e-08
Smed_h1SMcT0007010.2	23	106	TUDOR	PF00567.30	1.6e-08
Lana_XP_023931429.1	28	131	TUDOR	PF00567.30	1.7e-07
Sypmur_SMUV_0000246601-mRNA-1	261	337	TUDOR	PF00567.30	3.4e-08
Acey_EYC10733.1	72	142	TUDOR	PF00567.30	2.6e-08
Bmal_XP_042936062.1	305	404	TUDOR	PF00567.30	2.3e-08
Trimur_TMUE_2000006380	120	237	TUDOR	PF00567.30	3.7e-08
Asuu_AgR016_g102_t04	160	266	TUDOR	PF00567.30	1.2e-07
Asuu_AgR016_g102_t05	160	266	TUDOR	PF00567.30	1.2e-07
Btab_XP_018897563.1	10	137	TUDOR	PF00567.30	3.1e-08
Asuu_AgR016_g102_t03	201	307	TUDOR	PF00567.30	1.5e-07
Acey_EYC45974.1	9	128	TUDOR	PF00567.30	2.6e-08
Mlei_ML104614a-PA	364	471	TUDOR	PF00567.30	4.5e-08
Psp.PS1159_PS1159_v2.g9029.t1	130	202	TUDOR	PF00567.30	3e-08
Otip_Oti_7522_t	89	138	TUDOR	PF00567.30	3.6e-08
Mlei_ML10805a-PA	99	160	TUDOR	PF00567.30	3.1e-08
Acey_EYB82263.1	187	280	TUDOR	PF00567.30	3.3e-08
Apla_XP_022091092.1	73	128	TUDOR	PF00567.30	6.2e-08
Psp.PS1159_PS1159_v2.g19736.t1	72	184	TUDOR	PF00567.30	7.2e-08
Psp.PS1159_PS1159_v2.g10640.t1	66	178	TUDOR	PF00567.30	7e-08
Ovol_OVOC11384	189	293	TUDOR	PF00567.30	4.3e-08
Rcul_nRc.2.0.1.t19003-RA	12	63	TUDOR	PF00567.30	2.5e-08
Aplcal_XP_012946235.1	418	520	TUDOR	PF00567.30	2.2e-06
Smed_h1SMcT0007119.4	65	181	TUDOR	PF00567.30	3.7e-08
Aque_XP_019861966.1	135	248	TUDOR	PF00567.30	7.9e-08
Asuu_AgR016_g102_t01	228	334	TUDOR	PF00567.30	1.7e-07
Asuu_AgR016_g102_t02	228	334	TUDOR	PF00567.30	1.7e-07
Tnat_KRZ58338.1	166	229	TUDOR	PF00567.30	4.2e-08
Bxyl_CAG9079805.1	272	338	TUDOR	PF00567.30	4.2e-08
Wban_VDM14313.1	32	131	TUDOR	PF00567.30	5.4e-08
Psp.PS1159_PS1159_v2.g1927.t1	221	286	TUDOR	PF00567.30	7.4e-08
Gpal_Gpal_D383_g01632.t1	173	256	TUDOR	PF00567.30	5.6e-08
Plae_KAI0984088.1	526	638	TUDOR	PF00567.30	1.7e-07
Cscu_XP_023219778.1	68	131	TUDOR	PF00567.30	1.6e-07
Awhi_Unigene34242_Abeoforma_whisleri|m.21282	58	115	TUDOR	PF00567.30	6.2e-08
Acey_EYB82266.1	356	449	TUDOR	PF00567.30	6.2e-08
Echgra_XP_024345914.1	140	199	TUDOR	PF00567.30	1.2e-07
Ofus_CAH1798071.1	305	413	TUDOR	PF00567.30	8e-08
Plae_KAI0984087.1	526	638	TUDOR	PF00567.30	1.8e-07
Acey_EYB82264.1	389	482	TUDOR	PF00567.30	6.7e-08
Mbel_CAJ0930265.1	209	333	TUDOR	PF00567.30	1.1e-07
Mjap_MIJAPON000017959.t1	2	97	TUDOR	PF00567.30	9.6e-08
Mjap_MIJAPON000014772.t1	2	97	TUDOR	PF00567.30	1.2e-07
Tbri_KRY51422.1	194	253	TUDOR	PF00567.30	8.5e-08
Btab_XP_018911888.1	18	137	TUDOR	PF00567.30	7.9e-08
Blan_XP_066272470.1	100	162	TUDOR	PF00567.30	9e-08
Tbri_KRY51420.1	213	272	TUDOR	PF00567.30	9.3e-08
Blan_XP_066272471.1	97	159	TUDOR	PF00567.30	8.9e-08
Acey_EYC45973.1	10	128	TUDOR	PF00567.30	8.5e-08
Plae_KAI0984090.1	656	768	TUDOR	PF00567.30	2.4e-07
Cscu_XP_023243230.1	170	228	TUDOR	PF00567.30	1.8e-07
Acey_EYC45972.1	10	128	TUDOR	PF00567.30	8.7e-08
Blan_XP_066272467.1	125	187	TUDOR	PF00567.30	1e-07
Blan_XP_066272468.1	125	187	TUDOR	PF00567.30	1e-07
Btab_XP_018897562.1	10	137	TUDOR	PF00567.30	1e-07
Blan_XP_066272469.1	122	184	TUDOR	PF00567.30	1e-07
Srat_XP_024500524.1	180	243	TUDOR	PF00567.30	8.4e-07
Rvar_GAV04250.1	1030	1151	TUDOR	PF00567.30	1.2e-07
Rvar_GAV04249.1	1028	1149	TUDOR	PF00567.30	1.2e-07
Rcul_nRc.2.0.1.t19004-RA	119	199	TUDOR	PF00567.30	1.8e-07
Asuu_AgE10_g006_t07	24	87	TUDOR	PF00567.30	1.2e-07
Lana_XP_013400333.1	80	136	TUDOR	PF00567.30	9.3e-07
Scar_TKR79879.1	33	154	TUDOR	PF00567.30	1.8e-07
Avag_UJR10872.1	66	118	TUDOR	PF00567.30	1.4e-07
Psp.PS1159_PS1159_v2.g11299.t1	58	169	TUDOR	PF00567.30	1.8e-07
Tsui_KHJ49228.1	123	234	TUDOR	PF00567.30	3.2e-07
Asuu_AgB12_g093_t01	61	123	TUDOR	PF00567.30	1.4e-07
Asuu_AgB12_g093_t03	88	152	TUDOR	PF00567.30	1.3e-07
Apla_XP_022100326.1	561	623	TUDOR	PF00567.30	2.1e-07
Wban_VDM08340.1	62	164	TUDOR	PF00567.30	2.1e-07
Scar_TMS39083.1	108	187	TUDOR	PF00567.30	1.8e-07
Asuu_AgB12_g093_t02	70	131	TUDOR	PF00567.30	1.6e-07
Apla_XP_022100325.1	626	688	TUDOR	PF00567.30	2.4e-07
Avag_UJR30989.1	360	489	TUDOR	PF00567.30	1.6e-07
Lana_XP_013400332.1	80	136	TUDOR	PF00567.30	1.3e-06
Priarc_PARCANUS000030585.t1	4	118	TUDOR	PF00567.30	9.2e-07
Smed_h1SMcT0016905.1	919	1014	TUDOR	PF00567.30	3.6e-07
Trimur_TMUE_1000003893	216	332	TUDOR	PF00567.30	5e-06
Tsui_KHJ47700.1	145	246	TUDOR	PF00567.30	2.3e-07
Mjap_MIJAPON000004561.t1	193	249	TUDOR	PF00567.30	3e-07
Avag_UJR20757.1	493	554	TUDOR	PF00567.30	4e-07
Aplcal_XP_035827003.1	688	741	TUDOR	PF00567.30	2.6e-07
Apimel_XP_003250092.1	56	126	TUDOR	PF00567.30	3.2e-07
Sbat_VDP12721.1	94	142	TUDOR	PF00567.30	2.5e-07
Lpol_XP_013783609.1	260	304	TUDOR	PF00567.30	2.4e-06
Mbel_CAJ0928834.1	93	197	TUDOR	PF00567.30	3.3e-07
Tnat_KRZ58339.1	237	292	TUDOR	PF00567.30	3.6e-07
Mhap_MhA1_Contig334.frz3.gene20	154	262	TUDOR	PF00567.30	6.6e-07
Mlei_ML257616a-PA	205	311	TUDOR	PF00567.30	5.3e-07
Lana_XP_013422056.1	66	128	TUDOR	PF00567.30	3.3e-07
Lana_XP_013412951.1	80	136	TUDOR	PF00567.30	1.8e-06
Aplcal_XP_035825144.1	72	130	TUDOR	PF00567.30	4e-07
Aplcal_XP_005096568.1	72	130	TUDOR	PF00567.30	4.1e-07
Psp.PS1159_PS1159_v2.g14100.t1	48	159	TUDOR	PF00567.30	4.7e-07
Lana_XP_013378595.1	66	128	TUDOR	PF00567.30	4.8e-07
Tnel_KRX16209.1	230	286	TUDOR	PF00567.30	5.8e-07
Echgra_XP_024355169.1	63	137	TUDOR	PF00567.30	1.2e-06
Mbel_CAJ0939920.1	447	548	TUDOR	PF00567.30	6.3e-07
Lpol_XP_013777635.1	67	129	TUDOR	PF00567.30	8.7e-07
Bxyl_CAG9107364.1	125	245	TUDOR	PF00567.30	8.5e-07
Smar_SMAR012924-PA	922	1036	TUDOR	PF00567.30	9.5e-07
Asuu_AgR005_g015_t02	196	276	TUDOR	PF00567.30	9e-07
Asuu_AgR005_g015_t09	196	276	TUDOR	PF00567.30	9e-07
Asuu_AgR005_g015_t14	196	276	TUDOR	PF00567.30	9e-07
Aplcal_XP_005092617.1	303	410	TUDOR	PF00567.30	2.3e-06
Lpol_XP_013775318.1	76	129	TUDOR	PF00567.30	2.6e-06
Lpol_XP_022242537.1	76	129	TUDOR	PF00567.30	2.6e-06
Aplcal_XP_012934782.1	289	396	TUDOR	PF00567.30	2.3e-06
Aplcal_XP_012934781.1	303	410	TUDOR	PF00567.30	2.4e-06
Mjap_MIJAPON000002987.t1	11	109	TUDOR	PF00567.30	7.7e-07
Lpol_XP_022245189.1	32	90	TUDOR	PF00567.30	8.6e-07
Lpol_XP_022245190.1	32	90	TUDOR	PF00567.30	8.6e-07
Asuu_AgE10_g006_t08	304	367	TUDOR	PF00567.30	1e-06
Cvir_XP_022313394.1	76	132	TUDOR	PF00567.30	5.7e-06
Asuu_AgR005_g015_t03	306	386	TUDOR	PF00567.30	1.4e-06
Asuu_AgR005_g015_t04	306	386	TUDOR	PF00567.30	1.4e-06
Asuu_AgR005_g015_t05	306	386	TUDOR	PF00567.30	1.4e-06
Asuu_AgR005_g015_t10	306	386	TUDOR	PF00567.30	1.4e-06
Diplco_DCO_026720	81	137	TUDOR	PF00567.30	1.2e-06
Cvir_XP_022325541.1	641	698	TUDOR	PF00567.30	1.5e-06
Ttri_CDW57194.1	202	286	TUDOR	PF00567.30	1.3e-06
Emue_Em0120g8a	1977	2043	TUDOR	PF00567.30	3.9e-06
Asuu_AgR005_g015_t01	370	450	TUDOR	PF00567.30	1.7e-06
Lloa_XP_020305444.1	278	353	TUDOR	PF00567.30	1.8e-06
Psp.PS1159_PS1159_v2.g1691.t1	56	162	TUDOR	PF00567.30	1.9e-06
Diplco_DCO_000654	81	137	TUDOR	PF00567.30	2e-06
Diplco_DCO_000655	81	137	TUDOR	PF00567.30	2e-06
Diplco_DCO_000656	81	137	TUDOR	PF00567.30	2e-06
Scar_TKR80712.1	14	80	TUDOR	PF00567.30	3e-06
Srat_XP_024508598.1	121	219	TUDOR	PF00567.30	1.6e-06
Agrpla_XP_025831732.1	483	546	TUDOR	PF00567.30	4.6e-06
Asuu_AgR005_g015_t07	445	525	TUDOR	PF00567.30	2.1e-06
Asuu_AgR005_g015_t11	445	525	TUDOR	PF00567.30	2.1e-06
Asuu_AgR005_g015_t12	445	525	TUDOR	PF00567.30	2.1e-06
Otip_Oti_1042_t	177	261	TUDOR	PF00567.30	2e-06
Asuu_AgR005_g015_t06	450	530	TUDOR	PF00567.30	2.1e-06
Asuu_AgR005_g015_t13	485	565	TUDOR	PF00567.30	2.3e-06
Ttri_CDW60960.1	219	306	TUDOR	PF00567.30	2e-06
Pvan_XP_070000604.1	60	140	TUDOR	PF00567.30	1.9e-06
Spur_XP_030836450.1	763	831	TUDOR	PF00567.30	2.6e-06
Xtro_NP_001006857.1	67	125	TUDOR	PF00567.30	3.1e-06
Aplcal_XP_012944031.1	87	141	TUDOR	PF00567.30	5.6e-06
Asuu_AgR005_g015_t08	495	575	TUDOR	PF00567.30	2.3e-06
Xtro_XP_004920072.2	504	621	TUDOR	PF00567.30	3.2e-06
Bmal_XP_042935977.1	673	763	TUDOR	PF00567.30	4.4e-06
Obim_XP_014773934.1	19	83	TUDOR	PF00567.30	2e-06
Pvan_XP_070000603.1	61	140	TUDOR	PF00567.30	2.7e-06
Tadh_XP_002114213.1	63	118	TUDOR	PF00567.30	5.2e-06
Cvir_XP_022333779.1	62	143	TUDOR	PF00567.30	2.3e-06
Aque_XP_019860784.1	18	82	TUDOR	PF00567.30	3.7e-06
Trimur_TMUE_2000006164	169	237	TUDOR	PF00567.30	2.8e-06
Lcom_lcpid91016|	234	331	TUDOR	PF00567.30	4.3e-06
Lpol_XP_013772228.1	208	269	TUDOR	PF00567.30	3.5e-06
Obim_XP_014773933.1	61	125	TUDOR	PF00567.30	3.8e-06
Obim_XP_014773931.1	66	130	TUDOR	PF00567.30	3.7e-06
Priarc_PARCANUS000002764.t1	80	186	TUDOR	PF00567.30	3.6e-06
Obim_XP_014773932.1	64	128	TUDOR	PF00567.30	3.8e-06
Psp.PS1159_PS1159_v2.g1365.t1	54	163	TUDOR	PF00567.30	4.3e-06
Cvir_XP_022313470.1	70	126	TUDOR	PF00567.30	5.5e-06
Rcul_nRc.2.0.1.t11525-RA	5	59	TUDOR	PF00567.30	3e-06
Aplcal_XP_012944033.1	86	140	TUDOR	PF00567.30	5.5e-06
Acey_EYB86571.1	12	68	TUDOR	PF00567.30	4.4e-06
Aplcal_XP_012942127.1	410	476	TUDOR	PF00567.30	5e-06
Aplcal_XP_012942131.1	410	476	TUDOR	PF00567.30	5e-06
Aplcal_XP_012942134.1	410	476	TUDOR	PF00567.30	5e-06
Aplcal_XP_012942148.1	409	475	TUDOR	PF00567.30	5e-06
Acey_EYB86572.1	12	68	TUDOR	PF00567.30	5.1e-06
Ihof_Ihof_evm1s1214	54	114	TUDOR	PF00567.30	4.2e-06
Ever_VDD93392.1	56	113	TUDOR	PF00567.30	6.1e-06
Ofus_CAH1795850.1	72	128	TUDOR	PF00567.30	6.4e-06
Rcul_nRc.2.0.1.t15112-RA	17	92	TUDOR	PF00567.30	6.8e-06
Diplco_DCO_029585	49	104	TUDOR	PF00567.30	6.9e-06
Hrob_XP_009019778.1	63	138	TUDOR	PF00567.30	5.4e-06
