gene	orthogroup	orthologous_to
Lcom_lcpid111552|	JmjC.HG1.0:like:JMJ21/JMJ22/JMJD6/JMJD8	1.0	NA	NA
Scil_XP_065185415.1	JmjC.HG1.1:like:JMJ21/JMJ22/JMJD6/JMJD8	1.0	NA	NA
Aque_XP_003391766.1	JmjC.HG1.2:like:JMJ21/JMJ22/JMJD6/JMJD8	91.0	NA	NA
Lpol_XP_013786777.1	JmjC.HG1.2:like:JMJ21/JMJ22/JMJD6/JMJD8	91.0	NA	NA
Aque_XP_003382910.1	JmjC.HG1.2:like:JMJ21/JMJ22/JMJD6/JMJD8	91.0	NA	NA
Twil_T_wilhelma_c25835_g1_i1|m.15289	JmjC.HG1.2:like:JMJ21/JMJ22/JMJD6/JMJD8	91.0	NA	NA
Cint_XP_002132059.1	JmjC.HG1.2:like:JMJ21/JMJ22/JMJD6/JMJD8	91.0	NA	NA
Blan_XP_066291407.1	JmjC.HG1.2:like:JMJ21/JMJ22/JMJD6/JMJD8	91.0	NA	NA
Cscu_XP_023223354.1	JmjC.HG1.2:like:JMJ21/JMJ22/JMJD6/JMJD8	91.0	NA	NA
Cint_XP_002132015.1	JmjC.HG1.2:like:JMJ21/JMJ22/JMJD6/JMJD8	91.0	NA	NA
Dpul_XP_046444926.1	JmjC.HG1.2:like:JMJ21/JMJ22/JMJD6/JMJD8	91.0	NA	NA
Cscu_XP_023231587.1	JmjC.HG1.2:like:JMJ21/JMJ22/JMJD6/JMJD8	91.0	NA	NA
Btab_XP_018904170.1	JmjC.HG1.2:like:JMJ21/JMJ22/JMJD6/JMJD8	91.0	NA	NA
Cint_XP_026689580.1	JmjC.HG1.2:like:JMJ21/JMJ22/JMJD6/JMJD8	91.0	NA	NA
Cscu_XP_023220042.1	JmjC.HG1.2:like:JMJ21/JMJ22/JMJD6/JMJD8	91.0	NA	NA
Dpul_XP_046447861.1	JmjC.HG1.2:like:JMJ21/JMJ22/JMJD6/JMJD8	91.0	NA	NA
Blan_XP_066288457.1	JmjC.HG1.2:like:JMJ21/JMJ22/JMJD6/JMJD8	91.0	NA	NA
Avag_UJR09569.1	JmjC.HG1.2:like:JMJ21/JMJ22/JMJD6/JMJD8	91.0	NA	NA
Btab_XP_018904172.1	JmjC.HG1.2:like:JMJ21/JMJ22/JMJD6/JMJD8	91.0	NA	NA
Lana_XP_013405068.1	JmjC.HG1.2:like:JMJ21/JMJ22/JMJD6/JMJD8	91.0	NA	NA
Pvan_XP_069983363.1	JmjC.HG1.2:like:JMJ21/JMJ22/JMJD6/JMJD8	91.0	NA	NA
Apla_XP_022091990.1	JmjC.HG1.2:like:JMJ21/JMJ22/JMJD6/JMJD8	91.0	NA	NA
Lcom_lcpid99910|	JmjC.HG1.2:like:JMJ21/JMJ22/JMJD6/JMJD8	91.0	NA	NA
Smed_h1SMcT0011827.1	JmjC.HG1.2:like:JMJ21/JMJ22/JMJD6/JMJD8	91.0	NA	NA
Skow_XP_002731871.1	JmjC.HG1.2:like:JMJ21/JMJ22/JMJD6/JMJD8	91.0	NA	NA
Smar_SMAR013702-PA	JmjC.HG1.2:like:JMJ21/JMJ22/JMJD6/JMJD8	91.0	NA	NA
Spur_XP_030847411.1	JmjC.HG1.2:like:JMJ21/JMJ22/JMJD6/JMJD8	91.0	NA	NA
Hduj_OQV13265.1	JmjC.HG1.2:like:JMJ21/JMJ22/JMJD6/JMJD8	91.0	NA	NA
Spur_XP_030840297.1	JmjC.HG1.2:like:JMJ21/JMJ22/JMJD6/JMJD8	91.0	NA	NA
Dpul_XP_046447859.1	JmjC.HG1.2:like:JMJ21/JMJ22/JMJD6/JMJD8	91.0	NA	NA
Btab_XP_018904169.1	JmjC.HG1.2:like:JMJ21/JMJ22/JMJD6/JMJD8	91.0	NA	NA
Hrob_XP_009012811.1	JmjC.HG1.2:like:JMJ21/JMJ22/JMJD6/JMJD8	91.0	NA	NA
Ofus_CAH1794438.1	JmjC.HG1.2:like:JMJ21/JMJ22/JMJD6/JMJD8	91.0	NA	NA
Cint_XP_002121293.1	JmjC.HG1.2:like:JMJ21/JMJ22/JMJD6/JMJD8	91.0	NA	NA
Lana_XP_023930188.1	JmjC.HG1.2:like:JMJ21/JMJ22/JMJD6/JMJD8	91.0	NA	NA
Smar_SMAR006719-PA	JmjC.HG1.2:like:JMJ21/JMJ22/JMJD6/JMJD8	91.0	NA	NA
Apla_XP_022091989.1	JmjC.HG1.2:like:JMJ21/JMJ22/JMJD6/JMJD8	91.0	NA	NA
Scil_XP_065179481.1	JmjC.HG1.2:like:JMJ21/JMJ22/JMJD6/JMJD8	91.0	NA	NA
Lana_XP_013387081.1	JmjC.HG1.2:like:JMJ21/JMJ22/JMJD6/JMJD8	91.0	NA	NA
Blan_XP_066289252.1	JmjC.HG1.2:like:JMJ21/JMJ22/JMJD6/JMJD8	91.0	NA	NA
Dpul_XP_046447860.1	JmjC.HG1.2:like:JMJ21/JMJ22/JMJD6/JMJD8	91.0	NA	NA
Bmor_XP_037868635.1	JmjC.HG1.2:like:JMJ21/JMJ22/JMJD6/JMJD8	91.0	NA	NA
Cint_XP_026690843.1	JmjC.HG1.2:like:JMJ21/JMJ22/JMJD6/JMJD8	91.0	NA	NA
Cvir_XP_022337911.1	JmjC.HG1.2:like:JMJ21/JMJ22/JMJD6/JMJD8	91.0	NA	NA
Tadh_XP_002111535.1	JmjC.HG1.2:like:JMJ21/JMJ22/JMJD6/JMJD8	91.0	NA	NA
Cvir_XP_022336499.1	JmjC.HG1.2:like:JMJ21/JMJ22/JMJD6/JMJD8	91.0	NA	NA
Lcom_lcpid58099|	JmjC.HG1.3:like:JMJ21/JMJ22/JMJD6/JMJD8	1.0	NA	NA
Sros_XP_004992586.1	JmjC.HG1.4:like:JMJ21/JMJ22/JMJD6/JMJD8	1.0	NA	NA
Pigvie_Pvie_g10685	JmjC.HG1.5:like:JMJD8	100.0	NA	NA
Lcom_lcpid51421|	JmjC.HG1.5:like:JMJD8	100.0	NA	NA
Pigchi_Pchi_g11154	JmjC.HG1.5:like:JMJD8	100.0	NA	NA
Twil_T_wilhelma_c27683_g1_i1|m.21617	JmjC.HG1.5:like:JMJD8	100.0	NA	NA
Scil_XP_065176119.1	JmjC.HG1.5:like:JMJD8	100.0	NA	NA
Otau_XP_003079494.1	JmjC.HG1.6:JMJD8	100.0	JMJD8	100.0
Mbel_CAJ0941183.1	JmjC.HG1.6:JMJD8	100.0	JMJD8	94.0
Ppur_KAA8495832.1	JmjC.HG1.6:JMJD8	100.0	JMJD8	100.0
Cfra_CFRG5309T1	JmjC.HG1.6:JMJD8	100.0	JMJD8	100.0
Pgem_Unigene28217_Pirum_gemmata|m.16819	JmjC.HG1.6:JMJD8	100.0	JMJD8	100.0
Awhi_Unigene7810_Abeoforma_whisleri|m.4903	JmjC.HG1.6:JMJD8	100.0	JMJD8	100.0
Sros_XP_004994957.1	JmjC.HG1.6:JMJD8	100.0	JMJD8	100.0
Pgem_Unigene28218_Pirum_gemmata|m.16820	JmjC.HG1.6:JMJD8	100.0	JMJD8	100.0
Hrob_XP_009021022.1	JmjC.HG1.6:JMJD8	100.0	JMJD8	98.0
Emue_Em0020g545a	JmjC.HG1.6:JMJD8	100.0	JMJD8	94.0
Pvan_XP_027208491.1	JmjC.HG1.6:JMJD8	100.0	JMJD8	58.0
Drer_XP_003198040.1	JmjC.HG1.6:JMJD8	100.0	JMJD8	100.0
Hsap_NP_001005920.3	JmjC.HG1.6:JMJD8	100.0	JMJD8	100.0
Cvir_XP_022314375.1	JmjC.HG1.6:JMJD8	100.0	JMJD8	98.0
Gpal_Gpal_D383_g11858.t1	JmjC.HG1.6:JMJD8	100.0	JMJD8	94.0
Skow_XP_002741861.1	JmjC.HG1.6:JMJD8	100.0	JMJD8	98.0
Cele_NP_498053.2	JmjC.HG1.6:JMJD8	100.0	JMJD8	94.0
Bxyl_CAG9103974.1	JmjC.HG1.6:JMJD8	100.0	JMJD8	94.0
Priarc_PARCANUS000023961.t1	JmjC.HG1.6:JMJD8	100.0	JMJD8	94.0
Twil_T_wilhelma_c29341_g1_i8|m.29392	JmjC.HG1.6:JMJD8	100.0	JMJD8	94.0
Ofus_CAH1794184.1	JmjC.HG1.6:JMJD8	100.0	JMJD8	98.0
Twil_T_wilhelma_c29341_g1_i1|m.29384	JmjC.HG1.6:JMJD8	100.0	JMJD8	94.0
Lana_XP_013395910.1	JmjC.HG1.6:JMJD8	100.0	JMJD8	98.0
Tadh_XP_002109824.1	JmjC.HG1.6:JMJD8	100.0	JMJD8	58.0
Scar_TKR79922.1	JmjC.HG1.6:JMJD8	100.0	JMJD8	94.0
Xtro_XP_031749376.1	JmjC.HG1.6:JMJD8	100.0	JMJD8	100.0
Otip_Oti_8445_t	JmjC.HG1.6:JMJD8	100.0	JMJD8	94.0
Lcom_lcpid80847|	JmjC.HG1.6:JMJD8	100.0	JMJD8	94.0
Twil_T_wilhelma_c29341_g1_i4|m.29388	JmjC.HG1.6:JMJD8	100.0	JMJD8	94.0
Srat_XP_024507372.1	JmjC.HG1.6:JMJD8	100.0	JMJD8	94.0
Acey_EYC20392.1	JmjC.HG1.6:JMJD8	100.0	JMJD8	94.0
Cowc_XP_004343886.2	JmjC.HG1.6:JMJD8	100.0	JMJD8	58.0
Aque_XP_019852456.1	JmjC.HG1.6:JMJD8	100.0	JMJD8	94.0
Mbel_CAJ0931266.1	JmjC.HG1.6:JMJD8	100.0	JMJD8	94.0
Obim_XP_014771746.1	JmjC.HG1.6:JMJD8	100.0	JMJD8	98.0
Hcon_XGW15842.1	JmjC.HG1.6:JMJD8	100.0	JMJD8	94.0
Avag_UJR26919.1	JmjC.HG1.6:JMJD8	100.0	JMJD8	99.0
Hsap_NP_001310849.2	JmjC.HG1.6:JMJD8	100.0	JMJD8	100.0
Scil_XP_065181034.1	JmjC.HG1.6:JMJD8	100.0	JMJD8	94.0
Pigvie_Pvie_g14814	JmjC.HG1.6:JMJD8	100.0	JMJD8	58.0
Mjap_MIJAPON000006967.t1	JmjC.HG1.6:JMJD8	100.0	JMJD8	94.0
Aplcal_XP_005095148.1	JmjC.HG1.6:JMJD8	100.0	JMJD8	98.0
Ggal_NP_001265655.1	JmjC.HG1.6:JMJD8	100.0	JMJD8	100.0
Hpol_VDP26023.1	JmjC.HG1.6:JMJD8	100.0	JMJD8	94.0
Blan_XP_066293094.1	JmjC.HG1.6:JMJD8	100.0	JMJD8	98.0
Pigchi_Pchi_g11034	JmjC.HG1.6:JMJD8	100.0	JMJD8	58.0
Twil_T_wilhelma_c29341_g1_i5|m.29390	JmjC.HG1.6:JMJD8	100.0	JMJD8	94.0
Tadh_XP_002108617.1	JmjC.HG1.7:like:JMJ21/JMJ22/JMJD6	100.0	NA	NA
Lana_XP_013384461.1	JmjC.HG1.7:like:JMJ21/JMJ22/JMJD6	100.0	NA	NA
Apla_XP_022082615.1	JmjC.HG1.7:like:JMJ21/JMJ22/JMJD6	100.0	NA	NA
Lana_XP_013383727.1	JmjC.HG1.7:like:JMJ21/JMJ22/JMJD6	100.0	NA	NA
Blan_XP_066274365.1	JmjC.HG1.7:like:JMJ21/JMJ22/JMJD6	100.0	NA	NA
Smed_h1SMcT0005056.4	JmjC.HG1.7:like:JMJ21/JMJ22/JMJD6	100.0	NA	NA
Smed_h1SMcT0005056.3	JmjC.HG1.7:like:JMJ21/JMJ22/JMJD6	100.0	NA	NA
Lana_XP_013384460.1	JmjC.HG1.7:like:JMJ21/JMJ22/JMJD6	100.0	NA	NA
Skow_XP_002741887.1	JmjC.HG1.7:like:JMJ21/JMJ22/JMJD6	100.0	NA	NA
Apla_XP_022082616.1	JmjC.HG1.7:like:JMJ21/JMJ22/JMJD6	100.0	NA	NA
Aplcal_XP_005099656.1	JmjC.HG1.7:like:JMJ21/JMJ22/JMJD6	100.0	NA	NA
Apla_XP_022082618.1	JmjC.HG1.7:like:JMJ21/JMJ22/JMJD6	100.0	NA	NA
Cvir_XP_022335630.1	JmjC.HG1.7:like:JMJ21/JMJ22/JMJD6	100.0	NA	NA
Apla_XP_022082614.1	JmjC.HG1.7:like:JMJ21/JMJ22/JMJD6	100.0	NA	NA
Spur_XP_030844946.1	JmjC.HG1.7:like:JMJ21/JMJ22/JMJD6	100.0	NA	NA
Apla_XP_022082617.1	JmjC.HG1.7:like:JMJ21/JMJ22/JMJD6	100.0	NA	NA
Cvir_XP_022335631.1	JmjC.HG1.7:like:JMJ21/JMJ22/JMJD6	100.0	NA	NA
Cvir_XP_022335632.1	JmjC.HG1.7:like:JMJ21/JMJ22/JMJD6	100.0	NA	NA
Sros_XP_004991635.1	JmjC.HG1.8:like:JMJ21/JMJ22/JMJD6	100.0	NA	NA
Aque_XP_019849209.1	JmjC.HG1.8:like:JMJ21/JMJ22/JMJD6	100.0	NA	NA
Otau_XP_022840238.1	JmjC.HG1.8:like:JMJ21/JMJ22/JMJD6	100.0	NA	NA
Scil_XP_065186999.1	JmjC.HG1.8:like:JMJ21/JMJ22/JMJD6	100.0	NA	NA
Emue_Em0020g558a	JmjC.HG1.8:like:JMJ21/JMJ22/JMJD6	100.0	NA	NA
Lpol_XP_022252931.1	JmjC.HG1.8:like:JMJ21/JMJ22/JMJD6	100.0	NA	NA
Cvir_XP_022313990.1	JmjC.HG1.8:like:JMJ21/JMJ22/JMJD6	100.0	NA	NA
Aplcal_XP_005105774.1	JmjC.HG1.8:like:JMJ21/JMJ22/JMJD6	100.0	NA	NA
Aque_XP_019849212.1	JmjC.HG1.8:like:JMJ21/JMJ22/JMJD6	100.0	NA	NA
Cvir_XP_022313879.1	JmjC.HG1.8:like:JMJ21/JMJ22/JMJD6	100.0	NA	NA
Lpol_XP_022252930.1	JmjC.HG1.8:like:JMJ21/JMJ22/JMJD6	100.0	NA	NA
Aplcal_XP_005105775.1	JmjC.HG1.8:like:JMJ21/JMJ22/JMJD6	100.0	NA	NA
Aque_XP_019849210.1	JmjC.HG1.8:like:JMJ21/JMJ22/JMJD6	100.0	NA	NA
Aque_XP_019849211.1	JmjC.HG1.8:like:JMJ21/JMJ22/JMJD6	100.0	NA	NA
Lpol_XP_022252932.1	JmjC.HG1.8:like:JMJ21/JMJ22/JMJD6	100.0	NA	NA
Aplcal_XP_005105776.1	JmjC.HG1.8:like:JMJ21/JMJ22/JMJD6	100.0	NA	NA
Twil_T_wilhelma_c27089_g1_i2|m.19387	JmjC.HG1.8:like:JMJ21/JMJ22/JMJD6	100.0	NA	NA
Aplcal_XP_035827610.1	JmjC.HG1.8:like:JMJ21/JMJ22/JMJD6	100.0	NA	NA
Lcom_lcpid61873|	JmjC.HG1.8:like:JMJ21/JMJ22/JMJD6	100.0	NA	NA
Twil_T_wilhelma_c27089_g1_i1|m.19386	JmjC.HG1.8:like:JMJ21/JMJ22/JMJD6	100.0	NA	NA
Lpol_XP_013784759.1	JmjC.HG1.8:like:JMJ21/JMJ22/JMJD6	100.0	NA	NA
Pgem_Unigene11582_Pirum_gemmata|m.7502	JmjC.HG1.8:like:JMJ21/JMJ22/JMJD6	100.0	NA	NA
Aplcal_XP_005105773.1	JmjC.HG1.8:like:JMJ21/JMJ22/JMJD6	100.0	NA	NA
Awhi_Unigene37213_Abeoforma_whisleri|m.24092	JmjC.HG1.8:like:JMJ21/JMJ22/JMJD6	100.0	NA	NA
Tadh_XP_002109902.1	JmjC.HG1.8:like:JMJ21/JMJ22/JMJD6	100.0	NA	NA
Mbre_XP_001746989.1	JmjC.HG1.8:like:JMJ21/JMJ22/JMJD6	100.0	NA	NA
Blan_XP_066299717.1	JmjC.HG1.8:like:JMJ21/JMJ22/JMJD6	100.0	NA	NA
Lcom_lcpid77143|	JmjC.HG1.8:like:JMJ21/JMJ22/JMJD6	100.0	NA	NA
Clim_Clim_evm70s215	JmjC.HG1.8:like:JMJ21/JMJ22/JMJD6	100.0	NA	NA
Lpol_XP_022252929.1	JmjC.HG1.8:like:JMJ21/JMJ22/JMJD6	100.0	NA	NA
Emue_Em0019g281a	JmjC.HG1.9:like:JMJD8	100.0	NA	NA
Lcom_lcpid105555|	JmjC.HG1.9:like:JMJD8	100.0	NA	NA
Sros_XP_004997896.1	JmjC.HG1.9:like:JMJD8	100.0	NA	NA
Sros_XP_004990482.1	JmjC.HG1.10:like:JMJD8	100.0	NA	NA
Aque_XP_019855195.1	JmjC.HG1.10:like:JMJD8	100.0	NA	NA
Twil_T_wilhelma_c29340_g1_i2|m.29382	JmjC.HG1.10:like:JMJD8	100.0	NA	NA
Scil_XP_065176732.1	JmjC.HG1.10:like:JMJD8	100.0	NA	NA
Lcom_lcpid51376|	JmjC.HG1.10:like:JMJD8	100.0	NA	NA
Twil_T_wilhelma_c29340_g1_i3|m.29383	JmjC.HG1.10:like:JMJD8	100.0	NA	NA
Twil_T_wilhelma_c29340_g1_i1|m.29381	JmjC.HG1.10:like:JMJD8	100.0	NA	NA
Rvar_GAU99535.1	JmjC.HG1.11:like:JMJD8	42.0	NA	NA
Blan_XP_066271177.1	JmjC.HG1.11:like:JMJD8	42.0	NA	NA
Blan_XP_066283309.1	JmjC.HG1.11:like:JMJD8	42.0	NA	NA
Blan_XP_066283407.1	JmjC.HG1.11:like:JMJD8	42.0	NA	NA
Lcom_lcpid111816|	JmjC.HG1.12:like:JMJD8	98.0	NA	NA
Obim_XP_052824724.1	JmjC.HG1.12:like:JMJD8	98.0	NA	NA
Lcom_lcpid106789|	JmjC.HG1.12:like:JMJD8	98.0	NA	NA
Obim_XP_052824719.1	JmjC.HG1.12:like:JMJD8	98.0	NA	NA
Obim_XP_052824723.1	JmjC.HG1.12:like:JMJD8	98.0	NA	NA
Cvir_XP_022287534.1	JmjC.HG1.12:like:JMJD8	98.0	NA	NA
Cvir_XP_022297899.1	JmjC.HG1.12:like:JMJD8	98.0	NA	NA
Obim_XP_052824722.1	JmjC.HG1.12:like:JMJD8	98.0	NA	NA
Cvir_XP_022287537.1	JmjC.HG1.12:like:JMJD8	98.0	NA	NA
Cvir_XP_022297900.1	JmjC.HG1.12:like:JMJD8	98.0	NA	NA
Cvir_XP_022297893.1	JmjC.HG1.12:like:JMJD8	98.0	NA	NA
Skow_XP_006812940.1	JmjC.HG1.12:like:JMJD8	98.0	NA	NA
Obim_XP_052824717.1	JmjC.HG1.12:like:JMJD8	98.0	NA	NA
Cvir_XP_022287533.1	JmjC.HG1.12:like:JMJD8	98.0	NA	NA
Obim_XP_052824715.1	JmjC.HG1.12:like:JMJD8	98.0	NA	NA
Cvir_XP_022297895.1	JmjC.HG1.12:like:JMJD8	98.0	NA	NA
Hduj_OQV13413.1	JmjC.HG1.12:like:JMJD8	98.0	NA	NA
Ofus_CAH1783165.1	JmjC.HG1.12:like:JMJD8	98.0	NA	NA
Obim_XP_052824725.1	JmjC.HG1.12:like:JMJD8	98.0	NA	NA
Cvir_XP_022287536.1	JmjC.HG1.12:like:JMJD8	98.0	NA	NA
Cvir_XP_022297894.1	JmjC.HG1.12:like:JMJD8	98.0	NA	NA
Cvir_XP_022297897.1	JmjC.HG1.12:like:JMJD8	98.0	NA	NA
Obim_XP_052824718.1	JmjC.HG1.12:like:JMJD8	98.0	NA	NA
Obim_XP_052824721.1	JmjC.HG1.12:like:JMJD8	98.0	NA	NA
Rvar_GAU96572.1	JmjC.HG1.12:like:JMJD8	98.0	NA	NA
Obim_XP_052824720.1	JmjC.HG1.12:like:JMJD8	98.0	NA	NA
Cvir_XP_022287532.1	JmjC.HG1.12:like:JMJD8	98.0	NA	NA
Obim_XP_052824714.1	JmjC.HG1.12:like:JMJD8	98.0	NA	NA
Cvir_XP_022297896.1	JmjC.HG1.12:like:JMJD8	98.0	NA	NA
Blan_XP_066296378.1	JmjC.HG1.12:like:JMJD8	98.0	NA	NA
Cvir_XP_022297898.1	JmjC.HG1.12:like:JMJD8	98.0	NA	NA
Cvir_XP_022287535.1	JmjC.HG1.12:like:JMJD8	98.0	NA	NA
Ofus_CAH1783551.1	JmjC.HG1.12:like:JMJD8	98.0	NA	NA
Sros_XP_004993443.1	JmjC.HG1.13:like:JMJ22	1.0	NA	NA
Mbre_XP_001747476.1	JmjC.HG1.14:like:JMJ22	1.0	NA	NA
Otau_XP_022838559.1	JmjC.HG1.15:JMJ22	89.0	JMJ22	89.0
Sollyc_XP_025883557.1	JmjC.HG1.15:JMJ22	89.0	JMJ22	100.0
Crei_XP_042918101.1	JmjC.HG1.15:JMJ22	89.0	JMJ22	89.0
Bnap_XP_013715519.2	JmjC.HG1.15:JMJ22	89.0	JMJ22	100.0
Pgem_Unigene10739_Pirum_gemmata|m.7054	JmjC.HG1.15:JMJ22	89.0	JMJ22	81.0
Ppat_XP_024361963.1	JmjC.HG1.15:JMJ22	89.0	JMJ22	75.0
Atha_NP_196273.3	JmjC.HG1.15:JMJ22	89.0	JMJ22	100.0
Ecur_TVU24916.1	JmjC.HG1.15:JMJ22	89.0	JMJ22	100.0
Pigvie_Pvie_g5127	JmjC.HG1.15:JMJ22	89.0	JMJ22	99.0
Qlob_XP_030927547.1	JmjC.HG1.15:JMJ22	89.0	JMJ22	100.0
Bnap_XP_013670835.1	JmjC.HG1.15:JMJ22	89.0	JMJ22	100.0
Sros_XP_004997244.1	JmjC.HG1.15:JMJ22	89.0	JMJ22	75.0
Ccri_XP_005717028.1	JmjC.HG1.15:JMJ22	89.0	JMJ22	75.0
Cbra_GBG79440.1	JmjC.HG1.15:JMJ22	89.0	JMJ22	98.0
Clim_Clim_evm10s18	JmjC.HG1.15:JMJ22	89.0	JMJ22	75.0
Sollyc_XP_004249386.1	JmjC.HG1.15:JMJ22	89.0	JMJ22	100.0
Mtru_XP_013450272.2	JmjC.HG1.15:JMJ22	89.0	JMJ22	100.0
Rchi_XP_024190914.1	JmjC.HG1.15:JMJ22	89.0	JMJ22	100.0
Mpol_BFI25858.1	JmjC.HG1.15:JMJ22	89.0	JMJ22	75.0
Cper_Nk52_evm9s284	JmjC.HG1.15:JMJ22	89.0	JMJ22	75.0
Mesc_XP_021619270.1	JmjC.HG1.15:JMJ22	89.0	JMJ22	100.0
Lsat_XP_023752942.1	JmjC.HG1.15:JMJ22	89.0	JMJ22	100.0
Zmay_NP_001147915.1	JmjC.HG1.15:JMJ22	89.0	JMJ22	100.0
Ppat_XP_024361962.1	JmjC.HG1.15:JMJ22	89.0	JMJ22	75.0
Zmay_NP_001398558.1	JmjC.HG1.15:JMJ22	89.0	JMJ22	100.0
Awhi_Unigene23312_Abeoforma_whisleri|m.15383	JmjC.HG1.15:JMJ22	89.0	JMJ22	81.0
Osat_XP_015617023.1	JmjC.HG1.15:JMJ22	89.0	JMJ22	100.0
Pigchi_Pchi_g12950	JmjC.HG1.15:JMJ22	89.0	JMJ22	99.0
Sarc_XP_014149136.1	JmjC.HG1.15:JMJ22	89.0	JMJ22	100.0
Cfra_CFRG0953T1	JmjC.HG1.15:JMJ22	89.0	JMJ22	100.0
Smoe_XP_002980245.1	JmjC.HG1.15:JMJ22	89.0	JMJ22	77.0
Ecur_TVT96865.1	JmjC.HG1.15:JMJ22	89.0	JMJ22	100.0
Ppur_KAA8497916.1	JmjC.HG1.15:JMJ22	89.0	JMJ22	75.0
Atri_XP_006826400.1	JmjC.HG1.15:JMJ22	89.0	JMJ22	100.0
Tura_XP_048542804.1	JmjC.HG1.15:JMJ22	89.0	JMJ22	100.0
Smoe_XP_024519406.1	JmjC.HG1.15:JMJ22	89.0	JMJ22	77.0
Bdis_XP_003577439.1	JmjC.HG1.15:JMJ22	89.0	JMJ22	100.0
Mesc_XP_021619271.1	JmjC.HG1.15:JMJ22	89.0	JMJ22	100.0
Cofcan_CDP10557.1	JmjC.HG1.15:JMJ22	89.0	JMJ22	100.0
Psat_XP_050910243.1	JmjC.HG1.15:JMJ22	89.0	JMJ22	100.0
Pigvie_Pvie_g14228	JmjC.HG1.16:JMJ21	100.0	JMJ21	100.0
Ppat_XP_024381425.1	JmjC.HG1.16:JMJ21	100.0	JMJ21	100.0
Pigchi_Pchi_g13045	JmjC.HG1.16:JMJ21	100.0	JMJ21	100.0
Cowc_XP_004363982.1	JmjC.HG1.16:JMJ21	100.0	JMJ21	100.0
Pigvie_Pvie_g10471	JmjC.HG1.16:JMJ21	100.0	JMJ21	100.0
Tura_XP_048548283.1	JmjC.HG1.16:JMJ21	100.0	JMJ21	100.0
Rchi_XP_024168585.1	JmjC.HG1.16:JMJ21	100.0	JMJ21	97.0
Cofcan_CDP01095.1	JmjC.HG1.16:JMJ21	100.0	JMJ21	97.0
Ppat_XP_024381427.1	JmjC.HG1.16:JMJ21	100.0	JMJ21	100.0
Bnap_XP_013649982.1	JmjC.HG1.16:JMJ21	100.0	JMJ21	100.0
Ppat_XP_024388877.1	JmjC.HG1.16:JMJ21	100.0	JMJ21	100.0
Ppat_XP_024381426.1	JmjC.HG1.16:JMJ21	100.0	JMJ21	100.0
Ppat_XP_024388878.1	JmjC.HG1.16:JMJ21	100.0	JMJ21	100.0
Psat_XP_050874757.1	JmjC.HG1.16:JMJ21	100.0	JMJ21	88.0
Mtru_XP_003602822.2	JmjC.HG1.16:JMJ21	100.0	JMJ21	88.0
Tura_XP_048529631.1	JmjC.HG1.16:JMJ21	100.0	JMJ21	100.0
Atri_XP_006853278.1	JmjC.HG1.16:JMJ21	100.0	JMJ21	97.0
Psat_XP_050874755.1	JmjC.HG1.16:JMJ21	100.0	JMJ21	88.0
Tura_XP_048529630.1	JmjC.HG1.16:JMJ21	100.0	JMJ21	100.0
Bdis_XP_003557787.1	JmjC.HG1.16:JMJ21	100.0	JMJ21	100.0
Tura_XP_048548282.1	JmjC.HG1.16:JMJ21	100.0	JMJ21	100.0
Bnap_XP_013650163.1	JmjC.HG1.16:JMJ21	100.0	JMJ21	100.0
Smoe_XP_024526086.1	JmjC.HG1.16:JMJ21	100.0	JMJ21	100.0
Tura_XP_048548281.1	JmjC.HG1.16:JMJ21	100.0	JMJ21	100.0
Mtru_XP_024635253.1	JmjC.HG1.16:JMJ21	100.0	JMJ21	88.0
Qlob_XP_030947100.1	JmjC.HG1.16:JMJ21	100.0	JMJ21	97.0
Mtru_XP_039687677.1	JmjC.HG1.16:JMJ21	100.0	JMJ21	88.0
Atha_NP_177951.6	JmjC.HG1.16:JMJ21	100.0	JMJ21	100.0
Psat_XP_050874756.1	JmjC.HG1.16:JMJ21	100.0	JMJ21	88.0
Lsat_XP_023763630.1	JmjC.HG1.16:JMJ21	100.0	JMJ21	97.0
Sollyc_XP_004237935.2	JmjC.HG1.16:JMJ21	100.0	JMJ21	97.0
Smoe_XP_024543827.1	JmjC.HG1.16:JMJ21	100.0	JMJ21	100.0
Mesc_XP_021601203.1	JmjC.HG1.16:JMJ21	100.0	JMJ21	97.0
Tura_XP_048558192.1	JmjC.HG1.16:JMJ21	100.0	JMJ21	100.0
Ppat_XP_024388879.1	JmjC.HG1.16:JMJ21	100.0	JMJ21	100.0
Tura_XP_048529632.1	JmjC.HG1.16:JMJ21	100.0	JMJ21	100.0
Crei_XP_042922680.1	JmjC.HG1.16:JMJ21	100.0	JMJ21	100.0
Qlob_XP_030947080.1	JmjC.HG1.16:JMJ21	100.0	JMJ21	97.0
Ecur_TVU46770.1	JmjC.HG1.16:JMJ21	100.0	JMJ21	100.0
Zmay_NP_001169561.1	JmjC.HG1.16:JMJ21	100.0	JMJ21	100.0
Smoe_XP_024543828.1	JmjC.HG1.16:JMJ21	100.0	JMJ21	100.0
Mpol_BFI35090.1	JmjC.HG1.16:JMJ21	100.0	JMJ21	100.0
Qlob_XP_030947099.1	JmjC.HG1.16:JMJ21	100.0	JMJ21	97.0
Qlob_XP_030947081.1	JmjC.HG1.16:JMJ21	100.0	JMJ21	97.0
Smoe_XP_024543826.1	JmjC.HG1.16:JMJ21	100.0	JMJ21	100.0
Mesc_XP_043809590.1	JmjC.HG1.16:JMJ21	100.0	JMJ21	97.0
Osat_XP_015630376.1	JmjC.HG1.16:JMJ21	100.0	JMJ21	100.0
Pgem_Unigene22442_Pirum_gemmata|m.14445	JmjC.HG1.17:like:JMJD6	1.0	NA	NA
Awhi_Unigene9828_Abeoforma_whisleri|m.6802	JmjC.HG1.18:like:JMJD6	1.0	NA	NA
Otau_XP_022840576.1	JmjC.HG1.19:JMJD6	82.0	JMJD6	82.0
Emue_Em0017g98a	JmjC.HG1.19:JMJD6	82.0	JMJD6	41.0
Crei_XP_042921376.1	JmjC.HG1.19:JMJD6	82.0	JMJD6	82.0
Rvar_GAU87498.1	JmjC.HG1.19:JMJD6	82.0	JMJD6	79.0
Dmel_NP_651026.1	JmjC.HG1.19:JMJD6	82.0	JMJD6	92.0
Agrpla_XP_018322726.1	JmjC.HG1.19:JMJD6	82.0	JMJD6	92.0
Clim_Clim_evm40s246	JmjC.HG1.19:JMJD6	82.0	JMJD6	76.0
Mbel_CAJ0937093.1	JmjC.HG1.19:JMJD6	82.0	JMJD6	41.0
Dpul_XP_046437539.1	JmjC.HG1.19:JMJD6	82.0	JMJD6	92.0
Bmor_XP_004923869.1	JmjC.HG1.19:JMJD6	82.0	JMJD6	92.0
Hsap_XP_047291645.1	JmjC.HG1.19:JMJD6	82.0	JMJD6	100.0
Acey_EYB91913.1	JmjC.HG1.19:JMJD6	82.0	JMJD6	41.0
Cfra_CFRG2969T1	JmjC.HG1.19:JMJD6	82.0	JMJD6	76.0
Cper_Nk52_evm1s394	JmjC.HG1.19:JMJD6	82.0	JMJD6	76.0
Drer_NP_739567.3	JmjC.HG1.19:JMJD6	82.0	JMJD6	50.0
Mhap_MhA1_Contig14.frz3.gene21	JmjC.HG1.19:JMJD6	82.0	JMJD6	41.0
Cvir_XP_022310700.1	JmjC.HG1.19:JMJD6	82.0	JMJD6	65.0
Priarc_PARCANUS000021535.t1	JmjC.HG1.19:JMJD6	82.0	JMJD6	41.0
Gpal_Gpal_D383_g04052.t2	JmjC.HG1.19:JMJD6	82.0	JMJD6	41.0
Cele_NP_001294382.1	JmjC.HG1.19:JMJD6	82.0	JMJD6	41.0
Hcon_XGW27513.1	JmjC.HG1.19:JMJD6	82.0	JMJD6	41.0
Hsap_NP_055982.2	JmjC.HG1.19:JMJD6	82.0	JMJD6	93.0
Hcon_XGW26321.1	JmjC.HG1.19:JMJD6	82.0	JMJD6	41.0
Cowc_XP_011270466.1	JmjC.HG1.19:JMJD6	82.0	JMJD6	98.0
Eela_EEL_0000815201-mRNA-1	JmjC.HG1.19:JMJD6	82.0	JMJD6	41.0
Lana_XP_013391903.1	JmjC.HG1.19:JMJD6	82.0	JMJD6	65.0
Ppur_KAA8497144.1	JmjC.HG1.19:JMJD6	82.0	JMJD6	65.0
Avag_UJR30778.1	JmjC.HG1.19:JMJD6	82.0	JMJD6	99.0
Emue_Em0017g113a	JmjC.HG1.19:JMJD6	82.0	JMJD6	41.0
Tnat_KRZ52091.1	JmjC.HG1.19:JMJD6	82.0	JMJD6	41.0
Sros_XP_004998744.1	JmjC.HG1.19:JMJD6	82.0	JMJD6	76.0
Mjap_MIJAPON000012379.t1	JmjC.HG1.19:JMJD6	82.0	JMJD6	41.0
Tbri_KRY54454.1	JmjC.HG1.19:JMJD6	82.0	JMJD6	41.0
Diplco_DCO_011217	JmjC.HG1.19:JMJD6	82.0	JMJD6	41.0
Sman_XP_018646906.1	JmjC.HG1.19:JMJD6	82.0	JMJD6	74.0
Diplco_DCO_011218	JmjC.HG1.19:JMJD6	82.0	JMJD6	41.0
Smar_SMAR003513-PA	JmjC.HG1.19:JMJD6	82.0	JMJD6	92.0
Dmel_NP_001262832.1	JmjC.HG1.19:JMJD6	82.0	JMJD6	92.0
Bxyl_CAG9116257.1	JmjC.HG1.19:JMJD6	82.0	JMJD6	41.0
Otip_Oti_10936_t	JmjC.HG1.19:JMJD6	82.0	JMJD6	41.0
Tadh_XP_002107811.1	JmjC.HG1.19:JMJD6	82.0	JMJD6	79.0
Acey_EYB84191.1	JmjC.HG1.19:JMJD6	82.0	JMJD6	41.0
Bmal_XP_042929438.1	JmjC.HG1.19:JMJD6	82.0	JMJD6	41.0
Mbel_CAJ0937549.1	JmjC.HG1.19:JMJD6	82.0	JMJD6	41.0
Pigvie_Pvie_g11970	JmjC.HG1.19:JMJD6	82.0	JMJD6	76.0
Lana_XP_013391904.1	JmjC.HG1.19:JMJD6	82.0	JMJD6	65.0
Sarc_XP_014157534.1	JmjC.HG1.19:JMJD6	82.0	JMJD6	76.0
Pgem_Unigene15001_Pirum_gemmata|m.9551	JmjC.HG1.19:JMJD6	82.0	JMJD6	76.0
Cele_NP_001379906.1	JmjC.HG1.19:JMJD6	82.0	JMJD6	41.0
Asuu_AgE06_g004_t02	JmjC.HG1.19:JMJD6	82.0	JMJD6	41.0
Obim_XP_014779679.1	JmjC.HG1.19:JMJD6	82.0	JMJD6	65.0
Smed_h1SMcT0022834.1	JmjC.HG1.19:JMJD6	82.0	JMJD6	73.0
Cscu_XP_023221812.1	JmjC.HG1.19:JMJD6	82.0	JMJD6	92.0
Hpol_VDP14047.1	JmjC.HG1.19:JMJD6	82.0	JMJD6	41.0
Cele_NP_001040941.1	JmjC.HG1.19:JMJD6	82.0	JMJD6	41.0
Gpal_Gpal_D383_g04052.t3	JmjC.HG1.19:JMJD6	82.0	JMJD6	41.0
Cvir_XP_022308793.1	JmjC.HG1.19:JMJD6	82.0	JMJD6	65.0
Angcan_KAE9413166.1	JmjC.HG1.19:JMJD6	82.0	JMJD6	41.0
Lcom_lcpid93134|	JmjC.HG1.19:JMJD6	82.0	JMJD6	76.0
Xtro_NP_001016203.1	JmjC.HG1.19:JMJD6	82.0	JMJD6	100.0
Hsap_XP_047291644.1	JmjC.HG1.19:JMJD6	82.0	JMJD6	100.0
Ddip_jg19727	JmjC.HG1.19:JMJD6	82.0	JMJD6	41.0
Apla_XP_022091878.1	JmjC.HG1.19:JMJD6	82.0	JMJD6	65.0
Hrob_XP_009023436.1	JmjC.HG1.19:JMJD6	82.0	JMJD6	73.0
Hpol_VDP49940.1	JmjC.HG1.19:JMJD6	82.0	JMJD6	41.0
Apimel_XP_394543.3	JmjC.HG1.19:JMJD6	82.0	JMJD6	92.0
Cint_XP_002127949.1	JmjC.HG1.19:JMJD6	82.0	JMJD6	100.0
Skow_XP_002734916.1	JmjC.HG1.19:JMJD6	82.0	JMJD6	65.0
Lana_XP_013411786.1	JmjC.HG1.19:JMJD6	82.0	JMJD6	65.0
Twil_T_wilhelma_c27378_g1_i1|m.20434	JmjC.HG1.19:JMJD6	82.0	JMJD6	41.0
Lpol_XP_013777038.1	JmjC.HG1.19:JMJD6	82.0	JMJD6	92.0
Twil_T_wilhelma_c27378_g1_i3|m.20436	JmjC.HG1.19:JMJD6	82.0	JMJD6	41.0
Hsap_NP_001074930.1	JmjC.HG1.19:JMJD6	82.0	JMJD6	93.0
Hcon_XGW27515.1	JmjC.HG1.19:JMJD6	82.0	JMJD6	41.0
Trimur_TMUE_3000012387	JmjC.HG1.19:JMJD6	82.0	JMJD6	41.0
Tsui_KHJ41041.1	JmjC.HG1.19:JMJD6	82.0	JMJD6	41.0
Spur_XP_030849206.1	JmjC.HG1.19:JMJD6	82.0	JMJD6	65.0
Blan_XP_066266676.1	JmjC.HG1.19:JMJD6	82.0	JMJD6	96.0
Aplcal_XP_005109011.1	JmjC.HG1.19:JMJD6	82.0	JMJD6	65.0
Ofus_CAH1786442.1	JmjC.HG1.19:JMJD6	82.0	JMJD6	65.0
Acey_EYB91912.1	JmjC.HG1.19:JMJD6	82.0	JMJD6	41.0
Ever_VDD87703.1	JmjC.HG1.19:JMJD6	82.0	JMJD6	41.0
Hpol_VDO85643.1	JmjC.HG1.19:JMJD6	82.0	JMJD6	41.0
Aque_XP_003382573.1	JmjC.HG1.19:JMJD6	82.0	JMJD6	41.0
Rvar_GAU87497.1	JmjC.HG1.19:JMJD6	82.0	JMJD6	79.0
Hduj_OWA51348.1	JmjC.HG1.19:JMJD6	82.0	JMJD6	79.0
Twil_T_wilhelma_c27378_g1_i2|m.20435	JmjC.HG1.19:JMJD6	82.0	JMJD6	41.0
Lloa_XP_020302870.1	JmjC.HG1.19:JMJD6	82.0	JMJD6	41.0
Hcon_XGW27514.1	JmjC.HG1.19:JMJD6	82.0	JMJD6	41.0
Pigchi_Pchi_g6798	JmjC.HG1.19:JMJD6	82.0	JMJD6	76.0
Ttri_CDW56225.1	JmjC.HG1.19:JMJD6	82.0	JMJD6	41.0
Awhi_Unigene37258_Abeoforma_whisleri|m.24128	JmjC.HG1.19:JMJD6	82.0	JMJD6	76.0
Scar_TMS38301.1	JmjC.HG1.19:JMJD6	82.0	JMJD6	41.0
Psp.PS1159_PS1159_v2.g24341.t1	JmjC.HG1.19:JMJD6	82.0	JMJD6	41.0
Angcan_KAE9417471.1	JmjC.HG1.19:JMJD6	82.0	JMJD6	41.0
Ggal_NP_001025874.2	JmjC.HG1.19:JMJD6	82.0	JMJD6	100.0
Btab_XP_018902348.1	JmjC.HG1.19:JMJD6	82.0	JMJD6	92.0
Spur_XP_030849191.1	JmjC.HG1.19:JMJD6	82.0	JMJD6	65.0
Smed_h1SMcT0014445.1	JmjC.HG1.19:JMJD6	82.0	JMJD6	73.0
Hcon_XGW27516.1	JmjC.HG1.19:JMJD6	82.0	JMJD6	41.0
Rcul_nRc.2.0.1.t47753-RA	JmjC.HG1.19:JMJD6	82.0	JMJD6	41.0
Pvan_XP_027230014.1	JmjC.HG1.19:JMJD6	82.0	JMJD6	92.0
Asuu_AgR006_g009_t01	JmjC.HG1.19:JMJD6	82.0	JMJD6	41.0
Mlei_ML04335a-PA	JmjC.HG1.19:JMJD6	82.0	JMJD6	99.0
Scil_XP_065186832.1	JmjC.HG1.19:JMJD6	82.0	JMJD6	76.0
Sarc_XP_014147272.1	JmjC.HG1.20:like:JMJD6	1.0	NA	NA
Tnel_KRX22320.1	JmjC.HG10.0:HR/JMJD1C/KDM3A/KDM3B	1.0	HR/JMJD1C/KDM3A/KDM3B	1.0/1.0/1.0/1.0
Ggal_XP_040555001.1	JmjC.HG10.0:HR/JMJD1C/KDM3A/KDM3B	1.0	KDM3A	99.0
Lsig_VDK74886.1	JmjC.HG10.0:HR/JMJD1C/KDM3A/KDM3B	1.0	HR/JMJD1C/KDM3A/KDM3B	1.0/1.0/1.0/1.0
Tnel_KRX22321.1	JmjC.HG10.0:HR/JMJD1C/KDM3A/KDM3B	1.0	HR/JMJD1C/KDM3A/KDM3B	1.0/1.0/1.0/1.0
Tnel_KRX22323.1	JmjC.HG10.0:HR/JMJD1C/KDM3A/KDM3B	1.0	HR/JMJD1C/KDM3A/KDM3B	1.0/1.0/1.0/1.0
Bmal_XP_042929093.1	JmjC.HG10.0:HR/JMJD1C/KDM3A/KDM3B	1.0	HR/JMJD1C/KDM3A/KDM3B	1.0/1.0/1.0/1.0
Asuu_AgB13X_g097_t02	JmjC.HG10.0:HR/JMJD1C/KDM3A/KDM3B	1.0	HR/JMJD1C/KDM3A/KDM3B	1.0/1.0/1.0/1.0
Sypmur_SMUV_0000513501-mRNA-1	JmjC.HG10.0:HR/JMJD1C/KDM3A/KDM3B	1.0	HR/JMJD1C/KDM3A/KDM3B	1.0/1.0/1.0/1.0
Tbri_KRY48017.1	JmjC.HG10.0:HR/JMJD1C/KDM3A/KDM3B	1.0	HR/JMJD1C/KDM3A/KDM3B	1.0/1.0/1.0/1.0
Avit_KAL3981454.1	JmjC.HG10.0:HR/JMJD1C/KDM3A/KDM3B	1.0	HR/JMJD1C/KDM3A/KDM3B	1.0/1.0/1.0/1.0
Tnat_KRZ59740.1	JmjC.HG10.0:HR/JMJD1C/KDM3A/KDM3B	1.0	HR/JMJD1C/KDM3A/KDM3B	1.0/1.0/1.0/1.0
Avit_KAL3981453.1	JmjC.HG10.0:HR/JMJD1C/KDM3A/KDM3B	1.0	HR/JMJD1C/KDM3A/KDM3B	1.0/1.0/1.0/1.0
Dimm_MCP9266457.1	JmjC.HG10.0:HR/JMJD1C/KDM3A/KDM3B	1.0	HR/JMJD1C/KDM3A/KDM3B	1.0/1.0/1.0/1.0
Ovol_OVOC5708	JmjC.HG10.0:HR/JMJD1C/KDM3A/KDM3B	1.0	HR/JMJD1C/KDM3A/KDM3B	1.0/1.0/1.0/1.0
Rcul_nRc.2.0.1.t31497-RA	JmjC.HG10.0:HR/JMJD1C/KDM3A/KDM3B	1.0	HR/JMJD1C/KDM3A/KDM3B	1.0/1.0/1.0/1.0
Wban_VDM11499.1	JmjC.HG10.0:HR/JMJD1C/KDM3A/KDM3B	1.0	HR/JMJD1C/KDM3A/KDM3B	1.0/1.0/1.0/1.0
Tnat_KRZ59739.1	JmjC.HG10.0:HR/JMJD1C/KDM3A/KDM3B	1.0	HR/JMJD1C/KDM3A/KDM3B	1.0/1.0/1.0/1.0
Asuu_AgB13X_g097_t03	JmjC.HG10.0:HR/JMJD1C/KDM3A/KDM3B	1.0	HR/JMJD1C/KDM3A/KDM3B	1.0/1.0/1.0/1.0
Lloa_XP_020307440.1	JmjC.HG10.0:HR/JMJD1C/KDM3A/KDM3B	1.0	HR/JMJD1C/KDM3A/KDM3B	1.0/1.0/1.0/1.0
Tspi_XP_003373666.1	JmjC.HG10.0:HR/JMJD1C/KDM3A/KDM3B	1.0	HR/JMJD1C/KDM3A/KDM3B	1.0/1.0/1.0/1.0
Asuu_AgB13X_g097_t01	JmjC.HG10.0:HR/JMJD1C/KDM3A/KDM3B	1.0	HR/JMJD1C/KDM3A/KDM3B	1.0/1.0/1.0/1.0
Bmal_XP_042929092.1	JmjC.HG10.0:HR/JMJD1C/KDM3A/KDM3B	1.0	HR/JMJD1C/KDM3A/KDM3B	1.0/1.0/1.0/1.0
Ever_VDD89389.1	JmjC.HG10.0:HR/JMJD1C/KDM3A/KDM3B	1.0	HR/JMJD1C/KDM3A/KDM3B	1.0/1.0/1.0/1.0
Tnel_KRX22322.1	JmjC.HG10.0:HR/JMJD1C/KDM3A/KDM3B	1.0	HR/JMJD1C/KDM3A/KDM3B	1.0/1.0/1.0/1.0
Drer_XP_021323145.1	JmjC.HG10.0:HR/JMJD1C/KDM3A/KDM3B	1.0	JMJD1C	100.0
Twil_T_wilhelma_c33186_g2_i3|m.53281	JmjC.HG10.0:HR/JMJD1C/KDM3A/KDM3B	1.0	NA	NA
Drer_XP_068069432.1	JmjC.HG10.0:HR/JMJD1C/KDM3A/KDM3B	1.0	KDM3B	100.0
Twil_T_wilhelma_c33186_g2_i2|m.53279	JmjC.HG10.0:HR/JMJD1C/KDM3A/KDM3B	1.0	NA	NA
Drer_XP_068069431.1	JmjC.HG10.0:HR/JMJD1C/KDM3A/KDM3B	1.0	KDM3B	100.0
Avag_UJR20979.1	JmjC.HG10.0:HR/JMJD1C/KDM3A/KDM3B	1.0	HR/JMJD1C/KDM3A/KDM3B	74.0/74.0/74.0/74.0
Dpul_XP_046441412.1	JmjC.HG10.0:HR/JMJD1C/KDM3A/KDM3B	1.0	HR/JMJD1C/KDM3A/KDM3B	71.0/71.0/71.0/71.0
Ggal_XP_040558292.1	JmjC.HG10.0:HR/JMJD1C/KDM3A/KDM3B	1.0	JMJD1C	100.0
Xtro_XP_031761212.1	JmjC.HG10.0:HR/JMJD1C/KDM3A/KDM3B	1.0	JMJD1C	100.0
Cscu_XP_023243623.1	JmjC.HG10.0:HR/JMJD1C/KDM3A/KDM3B	1.0	HR/JMJD1C/KDM3A/KDM3B	71.0/71.0/71.0/71.0
Ggal_NP_001012909.2	JmjC.HG10.0:HR/JMJD1C/KDM3A/KDM3B	1.0	KDM3A	99.0
Ggal_XP_040558293.1	JmjC.HG10.0:HR/JMJD1C/KDM3A/KDM3B	1.0	JMJD1C	100.0
Cvir_XP_022288331.1	JmjC.HG10.0:HR/JMJD1C/KDM3A/KDM3B	1.0	HR/JMJD1C/KDM3A/KDM3B	71.0/71.0/71.0/71.0
Cvir_XP_022288326.1	JmjC.HG10.0:HR/JMJD1C/KDM3A/KDM3B	1.0	HR/JMJD1C/KDM3A/KDM3B	71.0/71.0/71.0/71.0
Ggal_XP_015149526.2	JmjC.HG10.0:HR/JMJD1C/KDM3A/KDM3B	1.0	KDM3B	100.0
Lcom_lcpid66700|	JmjC.HG10.0:HR/JMJD1C/KDM3A/KDM3B	1.0	NA	NA
Hsap_XP_016871387.1	JmjC.HG10.0:HR/JMJD1C/KDM3A/KDM3B	1.0	JMJD1C	1.0
Drer_XP_009304789.1	JmjC.HG10.0:HR/JMJD1C/KDM3A/KDM3B	1.0	JMJD1C	100.0
Cscu_XP_023237108.1	JmjC.HG10.0:HR/JMJD1C/KDM3A/KDM3B	1.0	HR/JMJD1C/KDM3A/KDM3B	71.0/71.0/71.0/71.0
Hsap_XP_047301061.1	JmjC.HG10.0:HR/JMJD1C/KDM3A/KDM3B	1.0	KDM3A	83.0
Lpol_XP_013778543.1	JmjC.HG10.0:HR/JMJD1C/KDM3A/KDM3B	1.0	HR/JMJD1C/KDM3A/KDM3B	71.0/71.0/71.0/71.0
Apla_XP_022094435.1	JmjC.HG10.0:HR/JMJD1C/KDM3A/KDM3B	1.0	HR/JMJD1C/KDM3A/KDM3B	71.0/71.0/71.0/71.0
Apla_XP_022094437.1	JmjC.HG10.0:HR/JMJD1C/KDM3A/KDM3B	1.0	HR/JMJD1C/KDM3A/KDM3B	71.0/71.0/71.0/71.0
Cvir_XP_022288332.1	JmjC.HG10.0:HR/JMJD1C/KDM3A/KDM3B	1.0	HR/JMJD1C/KDM3A/KDM3B	71.0/71.0/71.0/71.0
Xtro_XP_031761211.1	JmjC.HG10.0:HR/JMJD1C/KDM3A/KDM3B	1.0	JMJD1C	100.0
Cvir_XP_022288329.1	JmjC.HG10.0:HR/JMJD1C/KDM3A/KDM3B	1.0	HR/JMJD1C/KDM3A/KDM3B	71.0/71.0/71.0/71.0
Lcom_lcpid128773|	JmjC.HG10.0:HR/JMJD1C/KDM3A/KDM3B	1.0	HR/JMJD1C/KDM3A/KDM3B	71.0/71.0/71.0/71.0
Cvir_XP_022288327.1	JmjC.HG10.0:HR/JMJD1C/KDM3A/KDM3B	1.0	HR/JMJD1C/KDM3A/KDM3B	71.0/71.0/71.0/71.0
Lana_XP_013403541.1	JmjC.HG10.0:HR/JMJD1C/KDM3A/KDM3B	1.0	HR/JMJD1C/KDM3A/KDM3B	71.0/71.0/71.0/71.0
Btab_XP_018903093.1	JmjC.HG10.0:HR/JMJD1C/KDM3A/KDM3B	1.0	HR/JMJD1C/KDM3A/KDM3B	71.0/71.0/71.0/71.0
Agrpla_XP_018331475.1	JmjC.HG10.0:HR/JMJD1C/KDM3A/KDM3B	1.0	HR/JMJD1C/KDM3A/KDM3B	71.0/71.0/71.0/71.0
Lana_XP_013403540.1	JmjC.HG10.0:HR/JMJD1C/KDM3A/KDM3B	1.0	HR/JMJD1C/KDM3A/KDM3B	71.0/71.0/71.0/71.0
Sman_XP_018649140.1	JmjC.HG10.0:HR/JMJD1C/KDM3A/KDM3B	1.0	HR/JMJD1C/KDM3A/KDM3B	76.0/76.0/76.0/76.0
Drer_XP_005173198.1	JmjC.HG10.0:HR/JMJD1C/KDM3A/KDM3B	1.0	KDM3B	100.0
Pigvie_Pvie_g10514	JmjC.HG10.0:HR/JMJD1C/KDM3A/KDM3B	1.0	HR/JMJD1C/KDM3A/KDM3B	61.0/61.0/61.0/61.0
Cvir_XP_022288333.1	JmjC.HG10.0:HR/JMJD1C/KDM3A/KDM3B	1.0	HR/JMJD1C/KDM3A/KDM3B	71.0/71.0/71.0/71.0
Hsap_NP_057688.3	JmjC.HG10.0:HR/JMJD1C/KDM3A/KDM3B	1.0	KDM3B	100.0
Apla_XP_022094440.1	JmjC.HG10.0:HR/JMJD1C/KDM3A/KDM3B	1.0	HR/JMJD1C/KDM3A/KDM3B	71.0/71.0/71.0/71.0
Ggal_XP_046798778.1	JmjC.HG10.0:HR/JMJD1C/KDM3A/KDM3B	1.0	JMJD1C	100.0
Drer_XP_005173196.1	JmjC.HG10.0:HR/JMJD1C/KDM3A/KDM3B	1.0	KDM3B	100.0
Lpol_XP_022254005.1	JmjC.HG10.0:HR/JMJD1C/KDM3A/KDM3B	1.0	HR/JMJD1C/KDM3A/KDM3B	71.0/71.0/71.0/71.0
Drer_XP_005156143.1	JmjC.HG10.0:HR/JMJD1C/KDM3A/KDM3B	1.0	JMJD1C	100.0
Apimel_XP_006560194.2	JmjC.HG10.0:HR/JMJD1C/KDM3A/KDM3B	1.0	HR/JMJD1C/KDM3A/KDM3B	71.0/71.0/71.0/71.0
Smar_SMAR008043-PA	JmjC.HG10.0:HR/JMJD1C/KDM3A/KDM3B	1.0	HR/JMJD1C/KDM3A/KDM3B	71.0/71.0/71.0/71.0
Smar_SMAR007148-PA	JmjC.HG10.0:HR/JMJD1C/KDM3A/KDM3B	1.0	HR/JMJD1C/KDM3A/KDM3B	71.0/71.0/71.0/71.0
Hsap_NP_001305083.1	JmjC.HG10.0:HR/JMJD1C/KDM3A/KDM3B	1.0	JMJD1C	21.0
Drer_XP_021328445.1	JmjC.HG10.0:HR/JMJD1C/KDM3A/KDM3B	1.0	KDM3B	100.0
Lpol_XP_022246242.1	JmjC.HG10.0:HR/JMJD1C/KDM3A/KDM3B	1.0	HR/JMJD1C/KDM3A/KDM3B	71.0/71.0/71.0/71.0
Xtro_XP_002936894.1	JmjC.HG10.0:HR/JMJD1C/KDM3A/KDM3B	1.0	KDM3B	100.0
Hsap_XP_011541791.1	JmjC.HG10.0:HR/JMJD1C/KDM3A/KDM3B	1.0	KDM3B	72.0
Smed_h1SMcT0009561.1	JmjC.HG10.0:HR/JMJD1C/KDM3A/KDM3B	1.0	HR/JMJD1C/KDM3A/KDM3B	76.0/76.0/76.0/76.0
Lana_XP_013403538.1	JmjC.HG10.0:HR/JMJD1C/KDM3A/KDM3B	1.0	HR/JMJD1C/KDM3A/KDM3B	71.0/71.0/71.0/71.0
Ggal_XP_015143589.2	JmjC.HG10.0:HR/JMJD1C/KDM3A/KDM3B	1.0	JMJD1C	100.0
Hsap_XP_006712114.1	JmjC.HG10.0:HR/JMJD1C/KDM3A/KDM3B	1.0	KDM3A	100.0
Hsap_XP_047280730.1	JmjC.HG10.0:HR/JMJD1C/KDM3A/KDM3B	1.0	JMJD1C	21.0
Obim_XP_052828648.1	JmjC.HG10.0:HR/JMJD1C/KDM3A/KDM3B	1.0	HR/JMJD1C/KDM3A/KDM3B	71.0/71.0/71.0/71.0
Bmor_XP_062531226.1	JmjC.HG10.0:HR/JMJD1C/KDM3A/KDM3B	1.0	HR/JMJD1C/KDM3A/KDM3B	71.0/71.0/71.0/71.0
Drer_XP_005173199.1	JmjC.HG10.0:HR/JMJD1C/KDM3A/KDM3B	1.0	KDM3B	100.0
Avag_UJR28542.1	JmjC.HG10.0:HR/JMJD1C/KDM3A/KDM3B	1.0	HR/JMJD1C/KDM3A/KDM3B	74.0/74.0/74.0/74.0
Xtro_XP_031761213.1	JmjC.HG10.0:HR/JMJD1C/KDM3A/KDM3B	1.0	JMJD1C	100.0
Lpol_XP_022244634.1	JmjC.HG10.0:HR/JMJD1C/KDM3A/KDM3B	1.0	HR/JMJD1C/KDM3A/KDM3B	71.0/71.0/71.0/71.0
Hsap_XP_005272075.1	JmjC.HG10.0:HR/JMJD1C/KDM3A/KDM3B	1.0	KDM3B	100.0
Drer_XP_068074854.1	JmjC.HG10.0:HR/JMJD1C/KDM3A/KDM3B	1.0	KDM3B	100.0
Hsap_NP_060903.2	JmjC.HG10.0:HR/JMJD1C/KDM3A/KDM3B	1.0	KDM3A	85.0
Cvir_XP_022288330.1	JmjC.HG10.0:HR/JMJD1C/KDM3A/KDM3B	1.0	HR/JMJD1C/KDM3A/KDM3B	71.0/71.0/71.0/71.0
Drer_XP_017213993.1	JmjC.HG10.0:HR/JMJD1C/KDM3A/KDM3B	1.0	JMJD1C	100.0
Emue_Em0013g992a	JmjC.HG10.0:HR/JMJD1C/KDM3A/KDM3B	1.0	NA	NA
Hsap_XP_016865073.1	JmjC.HG10.0:HR/JMJD1C/KDM3A/KDM3B	1.0	KDM3B	72.0
Hsap_NP_001140160.1	JmjC.HG10.0:HR/JMJD1C/KDM3A/KDM3B	1.0	KDM3A	85.0
Hduj_OQV11506.1	JmjC.HG10.0:HR/JMJD1C/KDM3A/KDM3B	1.0	HR/JMJD1C/KDM3A/KDM3B	72.0/72.0/72.0/72.0
Lana_XP_013402774.1	JmjC.HG10.0:HR/JMJD1C/KDM3A/KDM3B	1.0	HR/JMJD1C/KDM3A/KDM3B	71.0/71.0/71.0/71.0
Apla_XP_022094438.1	JmjC.HG10.0:HR/JMJD1C/KDM3A/KDM3B	1.0	HR/JMJD1C/KDM3A/KDM3B	71.0/71.0/71.0/71.0
Drer_XP_021328444.1	JmjC.HG10.0:HR/JMJD1C/KDM3A/KDM3B	1.0	KDM3B	100.0
Btab_XP_018903095.1	JmjC.HG10.0:HR/JMJD1C/KDM3A/KDM3B	1.0	HR/JMJD1C/KDM3A/KDM3B	71.0/71.0/71.0/71.0
Drer_XP_005156141.1	JmjC.HG10.0:HR/JMJD1C/KDM3A/KDM3B	1.0	JMJD1C	100.0
Ggal_XP_046798779.1	JmjC.HG10.0:HR/JMJD1C/KDM3A/KDM3B	1.0	JMJD1C	100.0
Drer_XP_005173197.1	JmjC.HG10.0:HR/JMJD1C/KDM3A/KDM3B	1.0	KDM3B	100.0
Ihof_Ihof_evm8s188	JmjC.HG10.0:HR/JMJD1C/KDM3A/KDM3B	1.0	HR/JMJD1C/KDM3A/KDM3B	61.0/61.0/61.0/61.0
Cscu_XP_023237114.1	JmjC.HG10.0:HR/JMJD1C/KDM3A/KDM3B	1.0	HR/JMJD1C/KDM3A/KDM3B	71.0/71.0/71.0/71.0
Cscu_XP_023237107.1	JmjC.HG10.0:HR/JMJD1C/KDM3A/KDM3B	1.0	HR/JMJD1C/KDM3A/KDM3B	71.0/71.0/71.0/71.0
Drer_XP_068080829.1	JmjC.HG10.0:HR/JMJD1C/KDM3A/KDM3B	1.0	JMJD1C	100.0
Hsap_NP_001305082.1	JmjC.HG10.0:HR/JMJD1C/KDM3A/KDM3B	1.0	JMJD1C	86.0
Lana_XP_023930882.1	JmjC.HG10.0:HR/JMJD1C/KDM3A/KDM3B	1.0	HR/JMJD1C/KDM3A/KDM3B	71.0/71.0/71.0/71.0
Hsap_XP_016871386.1	JmjC.HG10.0:HR/JMJD1C/KDM3A/KDM3B	1.0	JMJD1C	1.0
Skow_XP_006825941.1	JmjC.HG10.0:HR/JMJD1C/KDM3A/KDM3B	1.0	HR/JMJD1C/KDM3A/KDM3B	71.0/71.0/71.0/71.0
Ggal_XP_046796220.1	JmjC.HG10.0:HR/JMJD1C/KDM3A/KDM3B	1.0	KDM3A	99.0
Cscu_XP_023237115.1	JmjC.HG10.0:HR/JMJD1C/KDM3A/KDM3B	1.0	HR/JMJD1C/KDM3A/KDM3B	71.0/71.0/71.0/71.0
Xtro_XP_031761214.1	JmjC.HG10.0:HR/JMJD1C/KDM3A/KDM3B	1.0	JMJD1C	100.0
Ggal_XP_046798781.1	JmjC.HG10.0:HR/JMJD1C/KDM3A/KDM3B	1.0	JMJD1C	100.0
Pvan_XP_027238100.2	JmjC.HG10.0:HR/JMJD1C/KDM3A/KDM3B	1.0	HR/JMJD1C/KDM3A/KDM3B	71.0/71.0/71.0/71.0
Dmel_NP_788611.1	JmjC.HG10.0:HR/JMJD1C/KDM3A/KDM3B	1.0	HR/JMJD1C/KDM3A/KDM3B	71.0/71.0/71.0/71.0
Drer_XP_009304787.1	JmjC.HG10.0:HR/JMJD1C/KDM3A/KDM3B	1.0	JMJD1C	100.0
Scil_XP_065187051.1	JmjC.HG10.0:HR/JMJD1C/KDM3A/KDM3B	1.0	NA	NA
Hsap_NP_001309187.1	JmjC.HG10.0:HR/JMJD1C/KDM3A/KDM3B	1.0	JMJD1C	20.0
Cscu_XP_023237113.1	JmjC.HG10.0:HR/JMJD1C/KDM3A/KDM3B	1.0	HR/JMJD1C/KDM3A/KDM3B	71.0/71.0/71.0/71.0
Hrob_XP_009019543.1	JmjC.HG10.0:HR/JMJD1C/KDM3A/KDM3B	1.0	HR/JMJD1C/KDM3A/KDM3B	71.0/71.0/71.0/71.0
Cscu_XP_023237118.1	JmjC.HG10.0:HR/JMJD1C/KDM3A/KDM3B	1.0	HR/JMJD1C/KDM3A/KDM3B	71.0/71.0/71.0/71.0
Cscu_XP_023237117.1	JmjC.HG10.0:HR/JMJD1C/KDM3A/KDM3B	1.0	HR/JMJD1C/KDM3A/KDM3B	71.0/71.0/71.0/71.0
Obim_XP_014778468.1	JmjC.HG10.0:HR/JMJD1C/KDM3A/KDM3B	1.0	HR/JMJD1C/KDM3A/KDM3B	71.0/71.0/71.0/71.0
Aplcal_XP_005091148.2	JmjC.HG10.0:HR/JMJD1C/KDM3A/KDM3B	1.0	HR/JMJD1C/KDM3A/KDM3B	71.0/71.0/71.0/71.0
Hsap_NP_001269877.1	JmjC.HG10.0:HR/JMJD1C/KDM3A/KDM3B	1.0	JMJD1C	86.0
Ggal_XP_046798777.1	JmjC.HG10.0:HR/JMJD1C/KDM3A/KDM3B	1.0	JMJD1C	100.0
Cscu_XP_023237112.1	JmjC.HG10.0:HR/JMJD1C/KDM3A/KDM3B	1.0	HR/JMJD1C/KDM3A/KDM3B	71.0/71.0/71.0/71.0
Xtro_XP_002937329.2	JmjC.HG10.0:HR/JMJD1C/KDM3A/KDM3B	1.0	KDM3A	100.0
Hsap_XP_011541790.1	JmjC.HG10.0:HR/JMJD1C/KDM3A/KDM3B	1.0	KDM3B	72.0
Cscu_XP_023237111.1	JmjC.HG10.0:HR/JMJD1C/KDM3A/KDM3B	1.0	HR/JMJD1C/KDM3A/KDM3B	71.0/71.0/71.0/71.0
Hsap_XP_047301057.1	JmjC.HG10.0:HR/JMJD1C/KDM3A/KDM3B	1.0	KDM3A	1.0
Emue_Em0013g997a	JmjC.HG10.0:HR/JMJD1C/KDM3A/KDM3B	1.0	NA	NA
Drer_XP_009304786.1	JmjC.HG10.0:HR/JMJD1C/KDM3A/KDM3B	1.0	JMJD1C	100.0
Lana_XP_013403539.1	JmjC.HG10.0:HR/JMJD1C/KDM3A/KDM3B	1.0	HR/JMJD1C/KDM3A/KDM3B	71.0/71.0/71.0/71.0
Drer_XP_068069433.1	JmjC.HG10.0:HR/JMJD1C/KDM3A/KDM3B	1.0	KDM3B	100.0
Hsap_XP_047301060.1	JmjC.HG10.0:HR/JMJD1C/KDM3A/KDM3B	1.0	KDM3A	1.0
Ggal_XP_046798780.1	JmjC.HG10.0:HR/JMJD1C/KDM3A/KDM3B	1.0	JMJD1C	100.0
Ggal_XP_040558295.1	JmjC.HG10.0:HR/JMJD1C/KDM3A/KDM3B	1.0	JMJD1C	100.0
Obim_XP_052828647.1	JmjC.HG10.0:HR/JMJD1C/KDM3A/KDM3B	1.0	HR/JMJD1C/KDM3A/KDM3B	71.0/71.0/71.0/71.0
Ofus_CAH1784256.1	JmjC.HG10.0:HR/JMJD1C/KDM3A/KDM3B	1.0	HR/JMJD1C/KDM3A/KDM3B	71.0/71.0/71.0/71.0
Cscu_XP_023237116.1	JmjC.HG10.0:HR/JMJD1C/KDM3A/KDM3B	1.0	HR/JMJD1C/KDM3A/KDM3B	71.0/71.0/71.0/71.0
Ggal_XP_015141395.2	JmjC.HG10.0:HR/JMJD1C/KDM3A/KDM3B	1.0	KDM3A	99.0
Apla_XP_022094436.1	JmjC.HG10.0:HR/JMJD1C/KDM3A/KDM3B	1.0	HR/JMJD1C/KDM3A/KDM3B	71.0/71.0/71.0/71.0
Dpul_XP_046441411.1	JmjC.HG10.0:HR/JMJD1C/KDM3A/KDM3B	1.0	HR/JMJD1C/KDM3A/KDM3B	71.0/71.0/71.0/71.0
Bmor_XP_062531225.1	JmjC.HG10.0:HR/JMJD1C/KDM3A/KDM3B	1.0	HR/JMJD1C/KDM3A/KDM3B	71.0/71.0/71.0/71.0
Ggal_XP_040558294.1	JmjC.HG10.0:HR/JMJD1C/KDM3A/KDM3B	1.0	JMJD1C	100.0
Xtro_XP_004912946.1	JmjC.HG10.0:HR/JMJD1C/KDM3A/KDM3B	1.0	KDM3B	100.0
Scil_XP_065187050.1	JmjC.HG10.0:HR/JMJD1C/KDM3A/KDM3B	1.0	NA	NA
Bmor_XP_037875429.1	JmjC.HG10.0:HR/JMJD1C/KDM3A/KDM3B	1.0	HR/JMJD1C/KDM3A/KDM3B	71.0/71.0/71.0/71.0
Rvar_GAV02052.1	JmjC.HG10.0:HR/JMJD1C/KDM3A/KDM3B	1.0	HR/JMJD1C/KDM3A/KDM3B	72.0/72.0/72.0/72.0
Smar_SMAR000623-PA	JmjC.HG10.0:HR/JMJD1C/KDM3A/KDM3B	1.0	HR/JMJD1C/KDM3A/KDM3B	71.0/71.0/71.0/71.0
Hsap_XP_047280729.1	JmjC.HG10.0:HR/JMJD1C/KDM3A/KDM3B	1.0	JMJD1C	1.0
Ggal_XP_015143590.2	JmjC.HG10.0:HR/JMJD1C/KDM3A/KDM3B	1.0	JMJD1C	100.0
Apimel_XP_026297731.1	JmjC.HG10.0:HR/JMJD1C/KDM3A/KDM3B	1.0	HR/JMJD1C/KDM3A/KDM3B	71.0/71.0/71.0/71.0
Dmel_NP_001287255.1	JmjC.HG10.0:HR/JMJD1C/KDM3A/KDM3B	1.0	HR/JMJD1C/KDM3A/KDM3B	71.0/71.0/71.0/71.0
Hsap_XP_047280728.1	JmjC.HG10.0:HR/JMJD1C/KDM3A/KDM3B	1.0	JMJD1C	1.0
Spur_XP_030842094.1	JmjC.HG10.0:HR/JMJD1C/KDM3A/KDM3B	1.0	HR/JMJD1C/KDM3A/KDM3B	71.0/71.0/71.0/71.0
Blan_XP_066278769.1	JmjC.HG10.0:HR/JMJD1C/KDM3A/KDM3B	1.0	HR/JMJD1C/KDM3A/KDM3B	71.0/71.0/71.0/71.0
Xtro_XP_031761210.1	JmjC.HG10.0:HR/JMJD1C/KDM3A/KDM3B	1.0	JMJD1C	100.0
Cscu_XP_023237109.1	JmjC.HG10.0:HR/JMJD1C/KDM3A/KDM3B	1.0	HR/JMJD1C/KDM3A/KDM3B	71.0/71.0/71.0/71.0
Apimel_XP_006560193.2	JmjC.HG10.0:HR/JMJD1C/KDM3A/KDM3B	1.0	HR/JMJD1C/KDM3A/KDM3B	71.0/71.0/71.0/71.0
Apimel_XP_026297730.1	JmjC.HG10.0:HR/JMJD1C/KDM3A/KDM3B	1.0	HR/JMJD1C/KDM3A/KDM3B	71.0/71.0/71.0/71.0
Tadh_XP_002117485.1	JmjC.HG10.0:HR/JMJD1C/KDM3A/KDM3B	1.0	NA	NA
Hsap_XP_047301059.1	JmjC.HG10.0:HR/JMJD1C/KDM3A/KDM3B	1.0	KDM3A	1.0
Lpol_XP_022246244.1	JmjC.HG10.0:HR/JMJD1C/KDM3A/KDM3B	1.0	HR/JMJD1C/KDM3A/KDM3B	71.0/71.0/71.0/71.0
Cint_XP_002122286.3	JmjC.HG10.0:HR/JMJD1C/KDM3A/KDM3B	1.0	HR/JMJD1C/KDM3A/KDM3B	70.0/70.0/70.0/70.0
Emue_Em0013g993a	JmjC.HG10.0:HR/JMJD1C/KDM3A/KDM3B	1.0	NA	NA
Drer_XP_005173195.1	JmjC.HG10.0:HR/JMJD1C/KDM3A/KDM3B	1.0	KDM3B	100.0
Hsap_NP_005135.2	JmjC.HG10.0:HR/JMJD1C/KDM3A/KDM3B	1.0	HR	100.0
Scil_XP_065185344.1	JmjC.HG10.0:HR/JMJD1C/KDM3A/KDM3B	1.0	NA	NA
Hsap_XP_047301058.1	JmjC.HG10.0:HR/JMJD1C/KDM3A/KDM3B	1.0	KDM3A	1.0
Obim_XP_052828646.1	JmjC.HG10.0:HR/JMJD1C/KDM3A/KDM3B	1.0	HR/JMJD1C/KDM3A/KDM3B	71.0/71.0/71.0/71.0
Cscu_XP_023237110.1	JmjC.HG10.0:HR/JMJD1C/KDM3A/KDM3B	1.0	HR/JMJD1C/KDM3A/KDM3B	71.0/71.0/71.0/71.0
Hsap_NP_116165.1	JmjC.HG10.0:HR/JMJD1C/KDM3A/KDM3B	1.0	JMJD1C	59.0
Drer_XP_021328446.1	JmjC.HG10.0:HR/JMJD1C/KDM3A/KDM3B	1.0	KDM3B	100.0
Lpol_XP_022246243.1	JmjC.HG10.0:HR/JMJD1C/KDM3A/KDM3B	1.0	HR/JMJD1C/KDM3A/KDM3B	71.0/71.0/71.0/71.0
Ggal_NP_001186475.3	JmjC.HG10.0:HR/JMJD1C/KDM3A/KDM3B	1.0	JMJD1C	100.0
Bmor_XP_004932682.2	JmjC.HG10.0:HR/JMJD1C/KDM3A/KDM3B	1.0	HR/JMJD1C/KDM3A/KDM3B	71.0/71.0/71.0/71.0
Ggal_XP_046798776.1	JmjC.HG10.0:HR/JMJD1C/KDM3A/KDM3B	1.0	JMJD1C	100.0
Lcom_lcpid22367|	JmjC.HG10.0:HR/JMJD1C/KDM3A/KDM3B	1.0	NA	NA
Dpul_XP_046441855.1	JmjC.HG10.0:HR/JMJD1C/KDM3A/KDM3B	1.0	HR/JMJD1C/KDM3A/KDM3B	71.0/71.0/71.0/71.0
Ofus_CAH1784257.1	JmjC.HG10.0:HR/JMJD1C/KDM3A/KDM3B	1.0	HR/JMJD1C/KDM3A/KDM3B	71.0/71.0/71.0/71.0
Xtro_XP_004911336.2	JmjC.HG10.0:HR/JMJD1C/KDM3A/KDM3B	1.0	KDM3A	100.0
Apla_XP_022094439.1	JmjC.HG10.0:HR/JMJD1C/KDM3A/KDM3B	1.0	HR/JMJD1C/KDM3A/KDM3B	71.0/71.0/71.0/71.0
Hsap_XP_047273269.1	JmjC.HG10.0:HR/JMJD1C/KDM3A/KDM3B	1.0	KDM3B	72.0
Pigchi_Pchi_g7137	JmjC.HG10.0:HR/JMJD1C/KDM3A/KDM3B	1.0	HR/JMJD1C/KDM3A/KDM3B	61.0/61.0/61.0/61.0
Hsap_NP_001309183.1	JmjC.HG10.0:HR/JMJD1C/KDM3A/KDM3B	1.0	JMJD1C	26.0
Aque_XP_019850041.1	JmjC.HG10.0:HR/JMJD1C/KDM3A/KDM3B	1.0	NA	NA
Drer_XP_009304785.1	JmjC.HG10.0:HR/JMJD1C/KDM3A/KDM3B	1.0	JMJD1C	100.0
Echgra_XP_024354495.1	JmjC.HG10.0:HR/JMJD1C/KDM3A/KDM3B	1.0	HR/JMJD1C/KDM3A/KDM3B	76.0/76.0/76.0/76.0
Drer_XP_068080830.1	JmjC.HG10.0:HR/JMJD1C/KDM3A/KDM3B	1.0	JMJD1C	100.0
Hsap_NP_001309181.1	JmjC.HG10.0:HR/JMJD1C/KDM3A/KDM3B	1.0	JMJD1C	100.0
Drer_XP_009304788.1	JmjC.HG10.0:HR/JMJD1C/KDM3A/KDM3B	1.0	JMJD1C	100.0
Psp.PS1159_PS1159_v2.g17103.t1	JmjC.HG11.0:ELF6/JMJ13/REF6	1.0	ELF6/JMJ13/REF6	1.0/1.0/1.0
Osat_NP_001410040.1	JmjC.HG11.0:ELF6/JMJ13/REF6	1.0	JMJ13	100.0
Psp.PS1159_PS1159_v2.g1047.t1	JmjC.HG11.0:ELF6/JMJ13/REF6	1.0	ELF6/JMJ13/REF6	1.0/1.0/1.0
Cper_Nk52_evm1s2603	JmjC.HG11.0:ELF6/JMJ13/REF6	1.0	ELF6/JMJ13/REF6	1.0/1.0/1.0
Zmay_XP_035814662.1	JmjC.HG11.0:ELF6/JMJ13/REF6	1.0	JMJ13	100.0
Atha_NP_199502.2	JmjC.HG11.0:ELF6/JMJ13/REF6	1.0	JMJ13	100.0
Osat_XP_015626608.1	JmjC.HG11.0:ELF6/JMJ13/REF6	1.0	JMJ13	100.0
Sollyc_XP_010325573.1	JmjC.HG11.0:ELF6/JMJ13/REF6	1.0	JMJ13	99.0
Psat_XP_050892498.1	JmjC.HG11.0:ELF6/JMJ13/REF6	1.0	ELF6	100.0
Smoe_XP_002986768.1	JmjC.HG11.0:ELF6/JMJ13/REF6	1.0	ELF6/REF6	66.0/66.0
Sollyc_XP_010319604.2	JmjC.HG11.0:ELF6/JMJ13/REF6	1.0	ELF6	100.0
Zmay_XP_020402036.1	JmjC.HG11.0:ELF6/JMJ13/REF6	1.0	JMJ13	100.0
Zmay_XP_008656966.1	JmjC.HG11.0:ELF6/JMJ13/REF6	1.0	REF6	98.0
Tura_XP_048572622.1	JmjC.HG11.0:ELF6/JMJ13/REF6	1.0	ELF6	94.0
Zmay_XP_020393913.1	JmjC.HG11.0:ELF6/JMJ13/REF6	1.0	JMJ13	100.0
Zmay_XP_020393914.1	JmjC.HG11.0:ELF6/JMJ13/REF6	1.0	JMJ13	100.0
Mtru_XP_003612815.1	JmjC.HG11.0:ELF6/JMJ13/REF6	1.0	JMJ13	98.0
Ccri_XP_005716080.1	JmjC.HG11.0:ELF6/JMJ13/REF6	1.0	JMJ13	96.0
Psat_XP_050871236.1	JmjC.HG11.0:ELF6/JMJ13/REF6	1.0	REF6	97.0
Bdis_XP_014752421.1	JmjC.HG11.0:ELF6/JMJ13/REF6	1.0	ELF6	94.0
Mesc_XP_021617256.1	JmjC.HG11.0:ELF6/JMJ13/REF6	1.0	ELF6	100.0
Zmay_XP_020393911.1	JmjC.HG11.0:ELF6/JMJ13/REF6	1.0	JMJ13	100.0
Zmay_XP_008644905.1	JmjC.HG11.0:ELF6/JMJ13/REF6	1.0	JMJ13	100.0
Ppat_XP_024380326.1	JmjC.HG11.0:ELF6/JMJ13/REF6	1.0	ELF6/REF6	66.0/66.0
Smoe_XP_024522592.1	JmjC.HG11.0:ELF6/JMJ13/REF6	1.0	JMJ13	100.0
Lsat_XP_023733586.2	JmjC.HG11.0:ELF6/JMJ13/REF6	1.0	REF6	100.0
Ppat_XP_024388698.1	JmjC.HG11.0:ELF6/JMJ13/REF6	1.0	ELF6/REF6	66.0/66.0
Sollyc_XP_010324469.2	JmjC.HG11.0:ELF6/JMJ13/REF6	1.0	JMJ13	99.0
Qlob_XP_030936123.1	JmjC.HG11.0:ELF6/JMJ13/REF6	1.0	NA	NA
Bnap_XP_013677287.2	JmjC.HG11.0:ELF6/JMJ13/REF6	1.0	JMJ13	100.0
Bnap_XP_048624429.1	JmjC.HG11.0:ELF6/JMJ13/REF6	1.0	JMJ13	100.0
Osat_XP_015626607.1	JmjC.HG11.0:ELF6/JMJ13/REF6	1.0	JMJ13	100.0
Osat_NP_001383803.1	JmjC.HG11.0:ELF6/JMJ13/REF6	1.0	REF6	98.0
Bnap_XP_048618369.1	JmjC.HG11.0:ELF6/JMJ13/REF6	1.0	JMJ13	100.0
Bdis_XP_010238558.1	JmjC.HG11.0:ELF6/JMJ13/REF6	1.0	REF6	98.0
Tura_XP_048565599.1	JmjC.HG11.0:ELF6/JMJ13/REF6	1.0	REF6	98.0
Ppat_XP_024388700.1	JmjC.HG11.0:ELF6/JMJ13/REF6	1.0	ELF6/REF6	66.0/66.0
Rchi_XP_040374100.1	JmjC.HG11.0:ELF6/JMJ13/REF6	1.0	ELF6	100.0
Atri_XP_020527617.1	JmjC.HG11.0:ELF6/JMJ13/REF6	1.0	REF6	100.0
Ecur_TVU48357.1	JmjC.HG11.0:ELF6/JMJ13/REF6	1.0	ELF6	94.0
Lsat_XP_023769563.1	JmjC.HG11.0:ELF6/JMJ13/REF6	1.0	JMJ13	99.0
Atri_XP_020525119.1	JmjC.HG11.0:ELF6/JMJ13/REF6	1.0	ELF6	100.0
Ecur_TVU28090.1	JmjC.HG11.0:ELF6/JMJ13/REF6	1.0	JMJ13	100.0
Lsat_XP_023734700.1	JmjC.HG11.0:ELF6/JMJ13/REF6	1.0	ELF6	100.0
Zmay_XP_020393912.1	JmjC.HG11.0:ELF6/JMJ13/REF6	1.0	JMJ13	100.0
Cofcan_CDO99756.1	JmjC.HG11.0:ELF6/JMJ13/REF6	1.0	ELF6	100.0
Smoe_XP_024544679.1	JmjC.HG11.0:ELF6/JMJ13/REF6	1.0	NA	NA
Mesc_XP_021614573.1	JmjC.HG11.0:ELF6/JMJ13/REF6	1.0	REF6	97.0
Zmay_XP_020402037.1	JmjC.HG11.0:ELF6/JMJ13/REF6	1.0	JMJ13	100.0
Sollyc_XP_004236313.2	JmjC.HG11.0:ELF6/JMJ13/REF6	1.0	REF6	100.0
Ecur_TVU03373.1	JmjC.HG11.0:ELF6/JMJ13/REF6	1.0	JMJ13	100.0
Bnap_XP_013724852.1	JmjC.HG11.0:ELF6/JMJ13/REF6	1.0	REF6	100.0
Bnap_XP_048603179.1	JmjC.HG11.0:ELF6/JMJ13/REF6	1.0	JMJ13	100.0
Bnap_XP_022544214.2	JmjC.HG11.0:ELF6/JMJ13/REF6	1.0	REF6	100.0
Mesc_XP_043808489.1	JmjC.HG11.0:ELF6/JMJ13/REF6	1.0	JMJ13	88.0
Rchi_XP_024170153.1	JmjC.HG11.0:ELF6/JMJ13/REF6	1.0	REF6	97.0
Atri_XP_020525113.1	JmjC.HG11.0:ELF6/JMJ13/REF6	1.0	ELF6	100.0
Ecur_TVU36121.1	JmjC.HG11.0:ELF6/JMJ13/REF6	1.0	REF6	98.0
Ccri_XP_005712655.1	JmjC.HG11.0:ELF6/JMJ13/REF6	1.0	JMJ13	96.0
Mtru_XP_024630513.2	JmjC.HG11.0:ELF6/JMJ13/REF6	1.0	NA	NA
Bnap_XP_013695909.1	JmjC.HG11.0:ELF6/JMJ13/REF6	1.0	JMJ13	100.0
Zmay_XP_035814908.1	JmjC.HG11.0:ELF6/JMJ13/REF6	1.0	JMJ13	100.0
Sollyc_XP_025888299.2	JmjC.HG11.0:ELF6/JMJ13/REF6	1.0	JMJ13	99.0
Zmay_XP_008644901.1	JmjC.HG11.0:ELF6/JMJ13/REF6	1.0	JMJ13	100.0
Psat_XP_050880640.1	JmjC.HG11.0:ELF6/JMJ13/REF6	1.0	REF6	97.0
Tura_XP_048535503.1	JmjC.HG11.0:ELF6/JMJ13/REF6	1.0	JMJ13	100.0
Qlob_XP_030947611.1	JmjC.HG11.0:ELF6/JMJ13/REF6	1.0	JMJ13	98.0
Atri_XP_020525127.1	JmjC.HG11.0:ELF6/JMJ13/REF6	1.0	ELF6	100.0
Ccri_XP_005712309.1	JmjC.HG11.0:ELF6/JMJ13/REF6	1.0	JMJ13	96.0
Smoe_XP_002993156.2	JmjC.HG11.0:ELF6/JMJ13/REF6	1.0	JMJ13	100.0
Osat_XP_066163810.1	JmjC.HG11.0:ELF6/JMJ13/REF6	1.0	JMJ13	100.0
Atha_NP_001330415.1	JmjC.HG11.0:ELF6/JMJ13/REF6	1.0	JMJ13	100.0
Bdis_XP_010235039.1	JmjC.HG11.0:ELF6/JMJ13/REF6	1.0	JMJ13	100.0
Bnap_XP_048596632.1	JmjC.HG11.0:ELF6/JMJ13/REF6	1.0	JMJ13	100.0
Tura_XP_048528831.1	JmjC.HG11.0:ELF6/JMJ13/REF6	1.0	REF6	98.0
Smoe_XP_002969518.1	JmjC.HG11.0:ELF6/JMJ13/REF6	1.0	ELF6/REF6	66.0/66.0
Bnap_XP_048624427.1	JmjC.HG11.0:ELF6/JMJ13/REF6	1.0	JMJ13	100.0
Bnap_XP_048623063.1	JmjC.HG11.0:ELF6/JMJ13/REF6	1.0	ELF6	100.0
Mtru_XP_024635912.1	JmjC.HG11.0:ELF6/JMJ13/REF6	1.0	REF6	97.0
Lsat_XP_042756887.2	JmjC.HG11.0:ELF6/JMJ13/REF6	1.0	NA	NA
Tura_XP_048572588.1	JmjC.HG11.0:ELF6/JMJ13/REF6	1.0	ELF6	94.0
Bdis_XP_010229202.1	JmjC.HG11.0:ELF6/JMJ13/REF6	1.0	ELF6	94.0
Tura_XP_048533120.1	JmjC.HG11.0:ELF6/JMJ13/REF6	1.0	JMJ13	100.0
Ppat_XP_024388701.1	JmjC.HG11.0:ELF6/JMJ13/REF6	1.0	ELF6/REF6	66.0/66.0
Rchi_XP_024176619.1	JmjC.HG11.0:ELF6/JMJ13/REF6	1.0	ELF6	100.0
Cofcan_CDP15069.1	JmjC.HG11.0:ELF6/JMJ13/REF6	1.0	REF6	100.0
Bnap_XP_048624426.1	JmjC.HG11.0:ELF6/JMJ13/REF6	1.0	JMJ13	100.0
Sollyc_XP_019070941.2	JmjC.HG11.0:ELF6/JMJ13/REF6	1.0	JMJ13	99.0
Osat_XP_015620626.1	JmjC.HG11.0:ELF6/JMJ13/REF6	1.0	REF6	98.0
Mesc_XP_043808488.1	JmjC.HG11.0:ELF6/JMJ13/REF6	1.0	JMJ13	88.0
Psat_XP_050906055.1	JmjC.HG11.0:ELF6/JMJ13/REF6	1.0	JMJ13	98.0
Bnap_XP_048616423.1	JmjC.HG11.0:ELF6/JMJ13/REF6	1.0	JMJ13	100.0
Bnap_XP_048624428.1	JmjC.HG11.0:ELF6/JMJ13/REF6	1.0	JMJ13	100.0
Sollyc_XP_069151596.1	JmjC.HG11.0:ELF6/JMJ13/REF6	1.0	NA	NA
Osat_XP_066160558.1	JmjC.HG11.0:ELF6/JMJ13/REF6	1.0	JMJ13	100.0
Zmay_XP_008644904.1	JmjC.HG11.0:ELF6/JMJ13/REF6	1.0	JMJ13	100.0
Ppat_XP_024388697.1	JmjC.HG11.0:ELF6/JMJ13/REF6	1.0	ELF6/REF6	66.0/66.0
Bnap_XP_048596634.1	JmjC.HG11.0:ELF6/JMJ13/REF6	1.0	JMJ13	100.0
Avag_UJR25494.1	JmjC.HG11.0:ELF6/JMJ13/REF6	1.0	ELF6/JMJ13/REF6	88.0/88.0/88.0
Zmay_NP_001348374.1	JmjC.HG11.0:ELF6/JMJ13/REF6	1.0	ELF6	94.0
Rchi_XP_024170181.1	JmjC.HG11.0:ELF6/JMJ13/REF6	1.0	JMJ13	94.0
Mtru_XP_003589715.1	JmjC.HG11.0:ELF6/JMJ13/REF6	1.0	NA	NA
Bnap_XP_048596631.1	JmjC.HG11.0:ELF6/JMJ13/REF6	1.0	JMJ13	100.0
Lsat_XP_023733592.1	JmjC.HG11.0:ELF6/JMJ13/REF6	1.0	REF6	100.0
Zmay_XP_035814906.1	JmjC.HG11.0:ELF6/JMJ13/REF6	1.0	JMJ13	100.0
Qlob_XP_030937521.1	JmjC.HG11.0:ELF6/JMJ13/REF6	1.0	REF6	97.0
Ppat_XP_024388696.1	JmjC.HG11.0:ELF6/JMJ13/REF6	1.0	ELF6/REF6	66.0/66.0
Atri_XP_020525131.1	JmjC.HG11.0:ELF6/JMJ13/REF6	1.0	ELF6	100.0
Qlob_XP_030932241.1	JmjC.HG11.0:ELF6/JMJ13/REF6	1.0	ELF6	100.0
Zmay_XP_008658772.1	JmjC.HG11.0:ELF6/JMJ13/REF6	1.0	ELF6	94.0
Psat_XP_050906056.1	JmjC.HG11.0:ELF6/JMJ13/REF6	1.0	JMJ13	98.0
Mtru_XP_003591873.2	JmjC.HG11.0:ELF6/JMJ13/REF6	1.0	ELF6	100.0
Smoe_XP_024524853.1	JmjC.HG11.0:ELF6/JMJ13/REF6	1.0	JMJ13	100.0
Sollyc_XP_004235293.1	JmjC.HG11.0:ELF6/JMJ13/REF6	1.0	NA	NA
Ecur_TVU31537.1	JmjC.HG11.0:ELF6/JMJ13/REF6	1.0	JMJ13	100.0
Zmay_XP_035819961.1	JmjC.HG11.0:ELF6/JMJ13/REF6	1.0	JMJ13	100.0
Mtru_XP_013453664.1	JmjC.HG11.0:ELF6/JMJ13/REF6	1.0	JMJ13	98.0
Ecur_TVU51698.1	JmjC.HG11.0:ELF6/JMJ13/REF6	1.0	REF6	98.0
Osat_XP_015630483.1	JmjC.HG11.0:ELF6/JMJ13/REF6	1.0	ELF6	94.0
Cofcan_CDP18547.1	JmjC.HG11.0:ELF6/JMJ13/REF6	1.0	JMJ13	99.0
Rchi_XP_024170182.1	JmjC.HG11.0:ELF6/JMJ13/REF6	1.0	JMJ13	94.0
Lsat_XP_023736217.1	JmjC.HG11.0:ELF6/JMJ13/REF6	1.0	JMJ13	99.0
Sollyc_XP_019070940.2	JmjC.HG11.0:ELF6/JMJ13/REF6	1.0	JMJ13	99.0
Qlob_XP_030947610.1	JmjC.HG11.0:ELF6/JMJ13/REF6	1.0	JMJ13	98.0
Bdis_XP_024316791.1	JmjC.HG11.0:ELF6/JMJ13/REF6	1.0	JMJ13	100.0
Mtru_XP_013460954.1	JmjC.HG11.0:ELF6/JMJ13/REF6	1.0	REF6	97.0
Lsat_XP_023736216.1	JmjC.HG11.0:ELF6/JMJ13/REF6	1.0	JMJ13	99.0
Zmay_XP_035814905.1	JmjC.HG11.0:ELF6/JMJ13/REF6	1.0	JMJ13	100.0
Smoe_XP_024524854.1	JmjC.HG11.0:ELF6/JMJ13/REF6	1.0	JMJ13	100.0
Ppat_XP_024380327.1	JmjC.HG11.0:ELF6/JMJ13/REF6	1.0	ELF6/REF6	66.0/66.0
Atri_XP_020529067.1	JmjC.HG11.0:ELF6/JMJ13/REF6	1.0	JMJ13	100.0
Atri_XP_006852278.1	JmjC.HG11.0:ELF6/JMJ13/REF6	1.0	REF6	100.0
Bdis_XP_010232711.2	JmjC.HG11.0:ELF6/JMJ13/REF6	1.0	REF6	98.0
Mesc_XP_021599201.1	JmjC.HG11.0:ELF6/JMJ13/REF6	1.0	JMJ13	88.0
Tura_XP_048572587.1	JmjC.HG11.0:ELF6/JMJ13/REF6	1.0	ELF6	94.0
Smoe_XP_002962475.1	JmjC.HG11.0:ELF6/JMJ13/REF6	1.0	NA	NA
Zmay_XP_020401162.1	JmjC.HG11.0:ELF6/JMJ13/REF6	1.0	REF6	98.0
Ppat_XP_024388695.1	JmjC.HG11.0:ELF6/JMJ13/REF6	1.0	ELF6/REF6	66.0/66.0
Bnap_XP_013677288.2	JmjC.HG11.0:ELF6/JMJ13/REF6	1.0	JMJ13	100.0
Avag_UJR24312.1	JmjC.HG11.0:ELF6/JMJ13/REF6	1.0	ELF6/JMJ13/REF6	88.0/88.0/88.0
Zmay_XP_035819962.1	JmjC.HG11.0:ELF6/JMJ13/REF6	1.0	JMJ13	100.0
Psat_XP_050889753.1	JmjC.HG11.0:ELF6/JMJ13/REF6	1.0	NA	NA
Zmay_XP_020393915.1	JmjC.HG11.0:ELF6/JMJ13/REF6	1.0	JMJ13	100.0
Mpol_BFI29960.1	JmjC.HG11.0:ELF6/JMJ13/REF6	1.0	ELF6/REF6	66.0/66.0
Avag_UJR18571.1	JmjC.HG11.0:ELF6/JMJ13/REF6	1.0	ELF6/JMJ13/REF6	88.0/88.0/88.0
Zmay_XP_035814909.1	JmjC.HG11.0:ELF6/JMJ13/REF6	1.0	JMJ13	100.0
Osat_XP_066162624.1	JmjC.HG11.0:ELF6/JMJ13/REF6	1.0	REF6	98.0
Lsat_XP_023734699.3	JmjC.HG11.0:ELF6/JMJ13/REF6	1.0	ELF6	100.0
Zmay_NP_001349496.1	JmjC.HG11.0:ELF6/JMJ13/REF6	1.0	JMJ13	100.0
Bnap_XP_013668398.2	JmjC.HG11.0:ELF6/JMJ13/REF6	1.0	ELF6	100.0
Atri_XP_020525115.1	JmjC.HG11.0:ELF6/JMJ13/REF6	1.0	ELF6	100.0
Zmay_XP_035814907.1	JmjC.HG11.0:ELF6/JMJ13/REF6	1.0	JMJ13	100.0
Ppat_XP_024380325.1	JmjC.HG11.0:ELF6/JMJ13/REF6	1.0	ELF6/REF6	66.0/66.0
Bnap_XP_048596633.1	JmjC.HG11.0:ELF6/JMJ13/REF6	1.0	JMJ13	100.0
Mesc_XP_043806207.1	JmjC.HG11.0:ELF6/JMJ13/REF6	1.0	REF6	97.0
Atha_NP_680116.2	JmjC.HG11.0:ELF6/JMJ13/REF6	1.0	REF6	100.0
Osat_XP_015630480.1	JmjC.HG11.0:ELF6/JMJ13/REF6	1.0	ELF6	94.0
Atri_XP_011626998.2	JmjC.HG11.0:ELF6/JMJ13/REF6	1.0	JMJ13	100.0
Cofcan_CDP04929.1	JmjC.HG11.0:ELF6/JMJ13/REF6	1.0	NA	NA
Sollyc_XP_004244665.2	JmjC.HG11.0:ELF6/JMJ13/REF6	1.0	JMJ13	99.0
Atha_NP_196044.2	JmjC.HG11.0:ELF6/JMJ13/REF6	1.0	ELF6	100.0
Bxyl_CAG9108837.1	JmjC.HG12.0:like:JMJ20/JMJD4	93.0	NA	NA
Srat_XP_024505027.1	JmjC.HG12.0:like:JMJ20/JMJD4	93.0	NA	NA
Hcon_XGW16474.1	JmjC.HG12.0:like:JMJ20/JMJD4	93.0	NA	NA
Diplco_DCO_013775	JmjC.HG12.0:like:JMJ20/JMJD4	93.0	NA	NA
Mjap_MIJAPON000004388.t1	JmjC.HG12.0:like:JMJ20/JMJD4	93.0	NA	NA
Priarc_PARCANUS000005995.t1	JmjC.HG12.0:like:JMJ20/JMJD4	93.0	NA	NA
Avit_KAL4001865.1	JmjC.HG12.0:like:JMJ20/JMJD4	93.0	NA	NA
Acey_EYC01867.1	JmjC.HG12.0:like:JMJ20/JMJD4	93.0	NA	NA
Cele_NP_001255071.1	JmjC.HG12.0:like:JMJ20/JMJD4	93.0	NA	NA
Eela_EEL_0000033101-mRNA-1	JmjC.HG12.0:like:JMJ20/JMJD4	93.0	NA	NA
Bmal_XP_042932524.1	JmjC.HG12.0:like:JMJ20/JMJD4	93.0	NA	NA
Gpal_Gpal_D383_g11196.t1	JmjC.HG12.0:like:JMJ20/JMJD4	93.0	NA	NA
Angcan_KAE9418977.1	JmjC.HG12.0:like:JMJ20/JMJD4	93.0	NA	NA
Sypmur_SMUV_0001026201-mRNA-1	JmjC.HG12.0:like:JMJ20/JMJD4	93.0	NA	NA
Diplco_DCO_013776	JmjC.HG12.0:like:JMJ20/JMJD4	93.0	NA	NA
Obim_XP_014785486.2	JmjC.HG12.0:like:JMJ20/JMJD4	93.0	NA	NA
Scar_TKR76867.1	JmjC.HG12.0:like:JMJ20/JMJD4	93.0	NA	NA
Lsig_VDK75214.1	JmjC.HG12.0:like:JMJ20/JMJD4	93.0	NA	NA
Ddip_jg6838	JmjC.HG12.0:like:JMJ20/JMJD4	93.0	NA	NA
Psp.PS1159_PS1159_v2.g7575.t1	JmjC.HG12.0:like:JMJ20/JMJD4	93.0	NA	NA
Ovol_OVOC9004	JmjC.HG12.0:like:JMJ20/JMJD4	93.0	NA	NA
Wban_VDM20790.1	JmjC.HG12.0:like:JMJ20/JMJD4	93.0	NA	NA
Bmal_XP_001894856.2	JmjC.HG12.0:like:JMJ20/JMJD4	93.0	NA	NA
Otip_Oti_7387_t	JmjC.HG12.0:like:JMJ20/JMJD4	93.0	NA	NA
Asuu_AgB03_g393_t02	JmjC.HG12.0:like:JMJ20/JMJD4	93.0	NA	NA
Ever_VDD86973.1	JmjC.HG12.0:like:JMJ20/JMJD4	93.0	NA	NA
Lloa_XP_020302464.1	JmjC.HG12.0:like:JMJ20/JMJD4	93.0	NA	NA
Hcon_XGW16473.1	JmjC.HG12.0:like:JMJ20/JMJD4	93.0	NA	NA
Asuu_AgB03_g393_t01	JmjC.HG12.0:like:JMJ20/JMJD4	93.0	NA	NA
Dimm_MCP9258887.1	JmjC.HG12.0:like:JMJ20/JMJD4	93.0	NA	NA
Bmal_XP_042932523.1	JmjC.HG12.0:like:JMJ20/JMJD4	93.0	NA	NA
Avag_UJR37559.1	JmjC.HG12.1:JMJ20/JMJD4	93.0	JMJ20/JMJD4	93.0/93.0
Hsap_XP_011542564.2	JmjC.HG12.1:JMJ20/JMJD4	93.0	JMJ20/JMJD4	65.0/100.0
Rchi_XP_024170347.1	JmjC.HG12.1:JMJ20/JMJD4	93.0	JMJ20/JMJD4	100.0/65.0
Cowc_XP_004349321.2	JmjC.HG12.1:JMJ20/JMJD4	93.0	JMJ20/JMJD4	88.0/65.0
Aplcal_XP_005107933.2	JmjC.HG12.1:JMJ20/JMJD4	93.0	JMJ20/JMJD4	34.0/65.0
Cvir_XP_022326185.1	JmjC.HG12.1:JMJ20/JMJD4	93.0	JMJ20/JMJD4	34.0/65.0
Psat_XP_050879946.1	JmjC.HG12.1:JMJ20/JMJD4	93.0	JMJ20/JMJD4	100.0/65.0
Apla_XP_022079341.1	JmjC.HG12.1:JMJ20/JMJD4	93.0	JMJ20/JMJD4	34.0/65.0
Cint_XP_002119797.1	JmjC.HG12.1:JMJ20/JMJD4	93.0	JMJ20/JMJD4	46.0/46.0
Mesc_XP_021592576.1	JmjC.HG12.1:JMJ20/JMJD4	93.0	JMJ20/JMJD4	100.0/65.0
Sman_XP_018649048.1	JmjC.HG12.1:JMJ20/JMJD4	93.0	JMJ20/JMJD4	46.0/46.0
Bnap_XP_013703816.1	JmjC.HG12.1:JMJ20/JMJD4	93.0	JMJ20/JMJD4	100.0/65.0
Mtru_XP_003601228.2	JmjC.HG12.1:JMJ20/JMJD4	93.0	JMJ20/JMJD4	100.0/65.0
Hrob_XP_009025266.1	JmjC.HG12.1:JMJ20/JMJD4	93.0	JMJ20/JMJD4	61.0/61.0
Cofcan_CDP16950.1	JmjC.HG12.1:JMJ20/JMJD4	93.0	JMJ20/JMJD4	100.0/65.0
Aplcal_XP_012943249.1	JmjC.HG12.1:JMJ20/JMJD4	93.0	JMJ20/JMJD4	34.0/65.0
Apla_XP_022079338.1	JmjC.HG12.1:JMJ20/JMJD4	93.0	JMJ20/JMJD4	34.0/65.0
Ecur_TVU34048.1	JmjC.HG12.1:JMJ20/JMJD4	93.0	JMJ20/JMJD4	100.0/65.0
Apimel_XP_395655.4	JmjC.HG12.1:JMJ20/JMJD4	93.0	JMJ20/JMJD4	33.0/33.0
Sollyc_XP_019068123.2	JmjC.HG12.1:JMJ20/JMJD4	93.0	JMJ20/JMJD4	100.0/65.0
Lana_XP_013383538.1	JmjC.HG12.1:JMJ20/JMJD4	93.0	JMJ20/JMJD4	34.0/65.0
Apla_XP_022079339.1	JmjC.HG12.1:JMJ20/JMJD4	93.0	JMJ20/JMJD4	34.0/65.0
Atri_XP_020520829.1	JmjC.HG12.1:JMJ20/JMJD4	93.0	JMJ20/JMJD4	100.0/65.0
Lpol_XP_022250486.1	JmjC.HG12.1:JMJ20/JMJD4	93.0	JMJ20/JMJD4	37.0/65.0
Mtru_XP_024635274.1	JmjC.HG12.1:JMJ20/JMJD4	93.0	JMJ20/JMJD4	100.0/65.0
Apla_XP_022079335.1	JmjC.HG12.1:JMJ20/JMJD4	93.0	JMJ20/JMJD4	34.0/65.0
Smoe_XP_024535701.1	JmjC.HG12.1:JMJ20/JMJD4	93.0	JMJ20/JMJD4	93.0/65.0
Mbre_XP_001750327.1	JmjC.HG12.1:JMJ20/JMJD4	93.0	JMJ20/JMJD4	88.0/65.0
Lpol_XP_022250485.1	JmjC.HG12.1:JMJ20/JMJD4	93.0	JMJ20/JMJD4	37.0/65.0
Lana_XP_013383547.1	JmjC.HG12.1:JMJ20/JMJD4	93.0	JMJ20/JMJD4	34.0/65.0
Tura_XP_048563435.1	JmjC.HG12.1:JMJ20/JMJD4	93.0	JMJ20/JMJD4	100.0/65.0
Mpol_BFI43001.1	JmjC.HG12.1:JMJ20/JMJD4	93.0	JMJ20/JMJD4	93.0/65.0
Smoe_XP_024538204.1	JmjC.HG12.1:JMJ20/JMJD4	93.0	JMJ20/JMJD4	93.0/65.0
Bnap_XP_048625775.1	JmjC.HG12.1:JMJ20/JMJD4	93.0	JMJ20/JMJD4	100.0/65.0
Emue_Em0016g990a	JmjC.HG12.1:JMJ20/JMJD4	93.0	JMJ20/JMJD4	63.0/65.0
Smoe_XP_024538203.1	JmjC.HG12.1:JMJ20/JMJD4	93.0	JMJ20/JMJD4	93.0/65.0
Atha_NP_201113.2	JmjC.HG12.1:JMJ20/JMJD4	93.0	JMJ20/JMJD4	100.0/65.0
Agrpla_XP_018326835.2	JmjC.HG12.1:JMJ20/JMJD4	93.0	JMJ20/JMJD4	33.0/33.0
Dpul_XP_046457930.1	JmjC.HG12.1:JMJ20/JMJD4	93.0	JMJ20/JMJD4	33.0/33.0
Apla_XP_022079336.1	JmjC.HG12.1:JMJ20/JMJD4	93.0	JMJ20/JMJD4	34.0/65.0
Cscu_XP_023228803.1	JmjC.HG12.1:JMJ20/JMJD4	93.0	JMJ20/JMJD4	37.0/65.0
Rchi_XP_024170344.1	JmjC.HG12.1:JMJ20/JMJD4	93.0	JMJ20/JMJD4	100.0/65.0
Twil_T_wilhelma_c29311_g2_i5|m.29244	JmjC.HG12.1:JMJ20/JMJD4	93.0	JMJ20/JMJD4	63.0/65.0
Spur_XP_797590.2	JmjC.HG12.1:JMJ20/JMJD4	93.0	JMJ20/JMJD4	34.0/65.0
Cvir_XP_022322210.1	JmjC.HG12.1:JMJ20/JMJD4	93.0	JMJ20/JMJD4	34.0/65.0
Scil_XP_065184333.1	JmjC.HG12.1:JMJ20/JMJD4	93.0	JMJ20/JMJD4	63.0/65.0
Cint_XP_026694675.1	JmjC.HG12.1:JMJ20/JMJD4	93.0	JMJ20/JMJD4	46.0/46.0
Bmor_XP_037866462.1	JmjC.HG12.1:JMJ20/JMJD4	93.0	JMJ20/JMJD4	33.0/33.0
Psat_XP_050879945.1	JmjC.HG12.1:JMJ20/JMJD4	93.0	JMJ20/JMJD4	100.0/65.0
Smed_h1SMcT0015216.1	JmjC.HG12.1:JMJ20/JMJD4	93.0	JMJ20/JMJD4	46.0/46.0
Osat_XP_025878728.2	JmjC.HG12.1:JMJ20/JMJD4	93.0	JMJ20/JMJD4	100.0/65.0
Lana_XP_013415112.1	JmjC.HG12.1:JMJ20/JMJD4	93.0	JMJ20/JMJD4	34.0/65.0
Hduj_OQV23041.1	JmjC.HG12.1:JMJ20/JMJD4	93.0	JMJ20/JMJD4	61.0/61.0
Smoe_XP_002975130.2	JmjC.HG12.1:JMJ20/JMJD4	93.0	JMJ20/JMJD4	93.0/65.0
Aplcal_XP_035828179.1	JmjC.HG12.1:JMJ20/JMJD4	93.0	JMJ20/JMJD4	34.0/65.0
Obim_XP_014768155.1	JmjC.HG12.1:JMJ20/JMJD4	93.0	JMJ20/JMJD4	63.0/65.0
Blan_XP_066266660.1	JmjC.HG12.1:JMJ20/JMJD4	93.0	JMJ20/JMJD4	34.0/65.0
Cint_XP_018671523.1	JmjC.HG12.1:JMJ20/JMJD4	93.0	JMJ20/JMJD4	46.0/46.0
Lana_XP_013383531.1	JmjC.HG12.1:JMJ20/JMJD4	93.0	JMJ20/JMJD4	34.0/65.0
Btab_XP_018904443.1	JmjC.HG12.1:JMJ20/JMJD4	93.0	JMJ20/JMJD4	33.0/33.0
Smed_h1SMcT0015216.3	JmjC.HG12.1:JMJ20/JMJD4	93.0	JMJ20/JMJD4	46.0/46.0
Echgra_XP_024347682.1	JmjC.HG12.1:JMJ20/JMJD4	93.0	JMJ20/JMJD4	46.0/46.0
Cper_Nk52_evm21s967	JmjC.HG12.1:JMJ20/JMJD4	93.0	JMJ20/JMJD4	88.0/65.0
Mtru_XP_024635275.1	JmjC.HG12.1:JMJ20/JMJD4	93.0	JMJ20/JMJD4	100.0/65.0
Rcul_nRc.2.0.1.t23880-RA	JmjC.HG12.1:JMJ20/JMJD4	93.0	JMJ20/JMJD4	25.0/25.0
Ggal_XP_015136573.1	JmjC.HG12.1:JMJ20/JMJD4	93.0	JMJ20/JMJD4	65.0/99.0
Smar_SMAR008899-PA	JmjC.HG12.1:JMJ20/JMJD4	93.0	JMJ20/JMJD4	25.0/25.0
Smoe_XP_024535703.1	JmjC.HG12.1:JMJ20/JMJD4	93.0	JMJ20/JMJD4	93.0/65.0
Qlob_XP_030938449.1	JmjC.HG12.1:JMJ20/JMJD4	93.0	JMJ20/JMJD4	100.0/65.0
Cvir_XP_022326186.1	JmjC.HG12.1:JMJ20/JMJD4	93.0	JMJ20/JMJD4	34.0/65.0
Twil_T_wilhelma_c29311_g2_i2|m.29237	JmjC.HG12.1:JMJ20/JMJD4	93.0	JMJ20/JMJD4	63.0/65.0
Cbra_GBG59621.1	JmjC.HG12.1:JMJ20/JMJD4	93.0	JMJ20/JMJD4	99.0/65.0
Sollyc_NP_001234167.2	JmjC.HG12.1:JMJ20/JMJD4	93.0	JMJ20/JMJD4	100.0/65.0
Smoe_XP_002977533.2	JmjC.HG12.1:JMJ20/JMJD4	93.0	JMJ20/JMJD4	93.0/65.0
Cscu_XP_023228805.1	JmjC.HG12.1:JMJ20/JMJD4	93.0	JMJ20/JMJD4	37.0/65.0
Hsap_NP_075383.3	JmjC.HG12.1:JMJ20/JMJD4	93.0	JMJ20/JMJD4	65.0/65.0
Psat_XP_050879947.1	JmjC.HG12.1:JMJ20/JMJD4	93.0	JMJ20/JMJD4	100.0/65.0
Crei_XP_042926109.1	JmjC.HG12.1:JMJ20/JMJD4	93.0	JMJ20/JMJD4	91.0/65.0
Apla_XP_022079342.1	JmjC.HG12.1:JMJ20/JMJD4	93.0	JMJ20/JMJD4	34.0/65.0
Aplcal_XP_035828178.1	JmjC.HG12.1:JMJ20/JMJD4	93.0	JMJ20/JMJD4	34.0/65.0
Atri_XP_020520830.1	JmjC.HG12.1:JMJ20/JMJD4	93.0	JMJ20/JMJD4	100.0/65.0
Bdis_XP_003566761.1	JmjC.HG12.1:JMJ20/JMJD4	93.0	JMJ20/JMJD4	100.0/65.0
Rvar_GAV08163.1	JmjC.HG12.1:JMJ20/JMJD4	93.0	JMJ20/JMJD4	61.0/61.0
Sollyc_XP_019068122.2	JmjC.HG12.1:JMJ20/JMJD4	93.0	JMJ20/JMJD4	100.0/65.0
Apla_XP_022079334.1	JmjC.HG12.1:JMJ20/JMJD4	93.0	JMJ20/JMJD4	34.0/65.0
Rchi_XP_040366751.1	JmjC.HG12.1:JMJ20/JMJD4	93.0	JMJ20/JMJD4	100.0/65.0
Mesc_XP_021592575.1	JmjC.HG12.1:JMJ20/JMJD4	93.0	JMJ20/JMJD4	100.0/65.0
Aque_XP_019850996.1	JmjC.HG12.1:JMJ20/JMJD4	93.0	JMJ20/JMJD4	63.0/65.0
Lcom_lcpid81604|	JmjC.HG12.1:JMJ20/JMJD4	93.0	JMJ20/JMJD4	63.0/65.0
Zmay_XP_008655978.1	JmjC.HG12.1:JMJ20/JMJD4	93.0	JMJ20/JMJD4	100.0/65.0
Twil_T_wilhelma_c29311_g2_i3|m.29239	JmjC.HG12.1:JMJ20/JMJD4	93.0	JMJ20/JMJD4	63.0/65.0
Xtro_XP_031759648.1	JmjC.HG12.1:JMJ20/JMJD4	93.0	JMJ20/JMJD4	65.0/96.0
Skow_XP_006820145.1	JmjC.HG12.1:JMJ20/JMJD4	93.0	JMJ20/JMJD4	34.0/65.0
Atri_XP_020520828.1	JmjC.HG12.1:JMJ20/JMJD4	93.0	JMJ20/JMJD4	100.0/65.0
Dmel_NP_001286031.1	JmjC.HG12.1:JMJ20/JMJD4	93.0	JMJ20/JMJD4	33.0/33.0
Cint_XP_018671522.1	JmjC.HG12.1:JMJ20/JMJD4	93.0	JMJ20/JMJD4	46.0/46.0
Bmor_XP_062524280.1	JmjC.HG12.1:JMJ20/JMJD4	93.0	JMJ20/JMJD4	33.0/33.0
Pvan_XP_027210637.1	JmjC.HG12.1:JMJ20/JMJD4	93.0	JMJ20/JMJD4	37.0/65.0
Mesc_XP_021592577.1	JmjC.HG12.1:JMJ20/JMJD4	93.0	JMJ20/JMJD4	100.0/65.0
Ggal_NP_001026130.2	JmjC.HG12.1:JMJ20/JMJD4	93.0	JMJ20/JMJD4	65.0/99.0
Atri_XP_020520833.1	JmjC.HG12.1:JMJ20/JMJD4	93.0	JMJ20/JMJD4	100.0/65.0
Drer_NP_001070096.1	JmjC.HG12.1:JMJ20/JMJD4	93.0	JMJ20/JMJD4	65.0/100.0
Qlob_XP_030938450.1	JmjC.HG12.1:JMJ20/JMJD4	93.0	JMJ20/JMJD4	100.0/65.0
Ppur_KAA8495611.1	JmjC.HG12.1:JMJ20/JMJD4	93.0	JMJ20/JMJD4	88.0/65.0
Apla_XP_022079340.1	JmjC.HG12.1:JMJ20/JMJD4	93.0	JMJ20/JMJD4	34.0/65.0
Atri_XP_020520831.1	JmjC.HG12.1:JMJ20/JMJD4	93.0	JMJ20/JMJD4	100.0/65.0
Smed_h1SMcT0015216.2	JmjC.HG12.1:JMJ20/JMJD4	93.0	JMJ20/JMJD4	46.0/46.0
Rchi_XP_040366750.1	JmjC.HG12.1:JMJ20/JMJD4	93.0	JMJ20/JMJD4	100.0/65.0
Lsat_XP_023758568.1	JmjC.HG12.1:JMJ20/JMJD4	93.0	JMJ20/JMJD4	100.0/65.0
Ecur_TVU34050.1	JmjC.HG12.1:JMJ20/JMJD4	93.0	JMJ20/JMJD4	100.0/65.0
Bnap_XP_048625774.1	JmjC.HG12.1:JMJ20/JMJD4	93.0	JMJ20/JMJD4	100.0/65.0
Clim_Clim_evm27s158	JmjC.HG12.1:JMJ20/JMJD4	93.0	JMJ20/JMJD4	46.0/46.0
Hsap_NP_001154937.2	JmjC.HG12.1:JMJ20/JMJD4	93.0	JMJ20/JMJD4	65.0/65.0
Twil_T_wilhelma_c29311_g2_i8|m.29246	JmjC.HG12.1:JMJ20/JMJD4	93.0	JMJ20/JMJD4	63.0/65.0
Xtro_XP_004915583.1	JmjC.HG12.1:JMJ20/JMJD4	93.0	JMJ20/JMJD4	65.0/96.0
Cvir_XP_022322211.1	JmjC.HG12.1:JMJ20/JMJD4	93.0	JMJ20/JMJD4	34.0/65.0
Lsat_XP_023758569.1	JmjC.HG12.1:JMJ20/JMJD4	93.0	JMJ20/JMJD4	100.0/65.0
Cvir_XP_022326187.1	JmjC.HG12.1:JMJ20/JMJD4	93.0	JMJ20/JMJD4	34.0/65.0
Bnap_XP_013661205.2	JmjC.HG12.1:JMJ20/JMJD4	93.0	JMJ20/JMJD4	100.0/65.0
Rchi_XP_024170346.1	JmjC.HG12.1:JMJ20/JMJD4	93.0	JMJ20/JMJD4	100.0/65.0
Dmel_NP_609870.1	JmjC.HG12.1:JMJ20/JMJD4	93.0	JMJ20/JMJD4	33.0/33.0
Sros_XP_004992432.1	JmjC.HG12.1:JMJ20/JMJD4	93.0	JMJ20/JMJD4	88.0/65.0
Apla_XP_022081441.1	JmjC.HG13.0:KDM7A/PHF2/PHF8	1.0	KDM7A/PHF2/PHF8	1.0/1.0/1.0
Hsap_XP_006717206.1	JmjC.HG13.0:KDM7A/PHF2/PHF8	1.0	PHF2	52.0
Lana_XP_023932416.1	JmjC.HG13.0:KDM7A/PHF2/PHF8	1.0	KDM7A/PHF2/PHF8	1.0/1.0/1.0
Aque_XP_019851977.1	JmjC.HG13.0:KDM7A/PHF2/PHF8	1.0	KDM7A/PHF2/PHF8	1.0/1.0/1.0
Scil_XP_065178623.1	JmjC.HG13.0:KDM7A/PHF2/PHF8	1.0	KDM7A/PHF2/PHF8	1.0/1.0/1.0
Obim_XP_052823194.1	JmjC.HG13.0:KDM7A/PHF2/PHF8	1.0	KDM7A/PHF2/PHF8	1.0/1.0/1.0
Blan_XP_066284104.1	JmjC.HG13.0:KDM7A/PHF2/PHF8	1.0	KDM7A/PHF2/PHF8	1.0/1.0/1.0
Apla_XP_022081440.1	JmjC.HG13.0:KDM7A/PHF2/PHF8	1.0	KDM7A/PHF2/PHF8	1.0/1.0/1.0
Emue_Em0005g1227a	JmjC.HG13.0:KDM7A/PHF2/PHF8	1.0	KDM7A/PHF2/PHF8	1.0/1.0/1.0
Twil_T_wilhelma_c30832_g1_i5|m.38090	JmjC.HG13.0:KDM7A/PHF2/PHF8	1.0	KDM7A/PHF2/PHF8	1.0/1.0/1.0
Hrob_XP_009022276.1	JmjC.HG13.0:KDM7A/PHF2/PHF8	1.0	KDM7A/PHF2/PHF8	1.0/1.0/1.0
Spur_XP_030856400.1	JmjC.HG13.0:KDM7A/PHF2/PHF8	1.0	KDM7A/PHF2/PHF8	1.0/1.0/1.0
Obim_XP_052823193.1	JmjC.HG13.0:KDM7A/PHF2/PHF8	1.0	KDM7A/PHF2/PHF8	1.0/1.0/1.0
Emue_Em0001g106a	JmjC.HG13.0:KDM7A/PHF2/PHF8	1.0	KDM7A/PHF2/PHF8	1.0/1.0/1.0
Twil_T_wilhelma_c30832_g1_i6|m.38091	JmjC.HG13.0:KDM7A/PHF2/PHF8	1.0	KDM7A/PHF2/PHF8	1.0/1.0/1.0
Obim_XP_052823191.1	JmjC.HG13.0:KDM7A/PHF2/PHF8	1.0	KDM7A/PHF2/PHF8	1.0/1.0/1.0
Ofus_CAH1784410.1	JmjC.HG13.0:KDM7A/PHF2/PHF8	1.0	KDM7A/PHF2/PHF8	1.0/1.0/1.0
Hrob_XP_009028336.1	JmjC.HG13.0:KDM7A/PHF2/PHF8	1.0	KDM7A/PHF2/PHF8	1.0/1.0/1.0
Twil_T_wilhelma_c30832_g1_i1|m.38086	JmjC.HG13.0:KDM7A/PHF2/PHF8	1.0	KDM7A/PHF2/PHF8	1.0/1.0/1.0
Tadh_XP_002108928.1	JmjC.HG13.0:KDM7A/PHF2/PHF8	1.0	KDM7A/PHF2/PHF8	1.0/1.0/1.0
Emue_Em0005g1222a	JmjC.HG13.0:KDM7A/PHF2/PHF8	1.0	KDM7A/PHF2/PHF8	1.0/1.0/1.0
Aplcal_XP_012941200.1	JmjC.HG13.0:KDM7A/PHF2/PHF8	1.0	KDM7A/PHF2/PHF8	1.0/1.0/1.0
Apla_XP_022081439.1	JmjC.HG13.0:KDM7A/PHF2/PHF8	1.0	KDM7A/PHF2/PHF8	1.0/1.0/1.0
Blan_XP_066284103.1	JmjC.HG13.0:KDM7A/PHF2/PHF8	1.0	KDM7A/PHF2/PHF8	1.0/1.0/1.0
Emue_Em0005g1221a	JmjC.HG13.0:KDM7A/PHF2/PHF8	1.0	KDM7A/PHF2/PHF8	1.0/1.0/1.0
Scil_XP_065178289.1	JmjC.HG13.0:KDM7A/PHF2/PHF8	1.0	KDM7A/PHF2/PHF8	1.0/1.0/1.0
Spur_XP_030856402.1	JmjC.HG13.0:KDM7A/PHF2/PHF8	1.0	KDM7A/PHF2/PHF8	1.0/1.0/1.0
Aque_XP_019851976.1	JmjC.HG13.0:KDM7A/PHF2/PHF8	1.0	KDM7A/PHF2/PHF8	1.0/1.0/1.0
Lcom_lcpid48482|	JmjC.HG13.0:KDM7A/PHF2/PHF8	1.0	KDM7A/PHF2/PHF8	1.0/1.0/1.0
Obim_XP_052823192.1	JmjC.HG13.0:KDM7A/PHF2/PHF8	1.0	KDM7A/PHF2/PHF8	1.0/1.0/1.0
Twil_T_wilhelma_c30832_g1_i8|m.38093	JmjC.HG13.0:KDM7A/PHF2/PHF8	1.0	KDM7A/PHF2/PHF8	1.0/1.0/1.0
Gpal_Gpal_D383_g13851.t1	JmjC.HG13.0:KDM7A/PHF2/PHF8	1.0	KDM7A/PHF2/PHF8	58.0/58.0/58.0
Agrpla_XP_018325995.1	JmjC.HG13.0:KDM7A/PHF2/PHF8	1.0	KDM7A/PHF2/PHF8	58.0/58.0/58.0
Apimel_XP_006568811.1	JmjC.HG13.0:KDM7A/PHF2/PHF8	1.0	KDM7A/PHF2/PHF8	58.0/58.0/58.0
Priarc_PARCANUS000006601.t1	JmjC.HG13.0:KDM7A/PHF2/PHF8	1.0	KDM7A/PHF2/PHF8	58.0/58.0/58.0
Hsap_NP_001171825.1	JmjC.HG13.0:KDM7A/PHF2/PHF8	1.0	PHF8	50.0
Acey_EYB89572.1	JmjC.HG13.0:KDM7A/PHF2/PHF8	1.0	KDM7A/PHF2/PHF8	58.0/58.0/58.0
Drer_XP_005169348.1	JmjC.HG13.0:KDM7A/PHF2/PHF8	1.0	PHF2	100.0
Psp.PS1159_PS1159_v2.g21005.t1	JmjC.HG13.0:KDM7A/PHF2/PHF8	1.0	KDM7A/PHF2/PHF8	58.0/58.0/58.0
Rvar_GAU93307.1	JmjC.HG13.0:KDM7A/PHF2/PHF8	1.0	KDM7A/PHF2/PHF8	58.0/58.0/58.0
Drer_XP_068075614.1	JmjC.HG13.0:KDM7A/PHF2/PHF8	1.0	KDM7A	100.0
Asuu_AgR009X_g184_t10	JmjC.HG13.0:KDM7A/PHF2/PHF8	1.0	KDM7A/PHF2/PHF8	58.0/58.0/58.0
Pvan_XP_070000953.1	JmjC.HG13.0:KDM7A/PHF2/PHF8	1.0	KDM7A/PHF2/PHF8	58.0/58.0/58.0
Priarc_PARCANUS000001070.t1	JmjC.HG13.0:KDM7A/PHF2/PHF8	1.0	KDM7A/PHF2/PHF8	58.0/58.0/58.0
Pvan_XP_070000959.1	JmjC.HG13.0:KDM7A/PHF2/PHF8	1.0	KDM7A/PHF2/PHF8	58.0/58.0/58.0
Hsap_NP_085150.1	JmjC.HG13.0:KDM7A/PHF2/PHF8	1.0	KDM7A	100.0
Hsap_XP_005252108.1	JmjC.HG13.0:KDM7A/PHF2/PHF8	1.0	PHF2	16.0
Hsap_NP_001171827.1	JmjC.HG13.0:KDM7A/PHF2/PHF8	1.0	PHF8	100.0
Cper_Nk52_evm46s208	JmjC.HG13.0:KDM7A/PHF2/PHF8	1.0	KDM7A/PHF2/PHF8	58.0/58.0/58.0
Xtro_NP_001072664.1	JmjC.HG13.0:KDM7A/PHF2/PHF8	1.0	KDM7A	100.0
Hsap_XP_005262057.1	JmjC.HG13.0:KDM7A/PHF2/PHF8	1.0	PHF8	50.0
Smar_SMAR005173-PA	JmjC.HG13.0:KDM7A/PHF2/PHF8	1.0	KDM7A/PHF2/PHF8	58.0/58.0/58.0
Cele_NP_496520.1	JmjC.HG13.0:KDM7A/PHF2/PHF8	1.0	KDM7A/PHF2/PHF8	58.0/58.0/58.0
Hsap_XP_047279431.1	JmjC.HG13.0:KDM7A/PHF2/PHF8	1.0	PHF2	21.0
Apimel_XP_006568810.1	JmjC.HG13.0:KDM7A/PHF2/PHF8	1.0	KDM7A/PHF2/PHF8	58.0/58.0/58.0
Drer_XP_005169349.1	JmjC.HG13.0:KDM7A/PHF2/PHF8	1.0	PHF2	100.0
Lpol_XP_022242531.1	JmjC.HG13.0:KDM7A/PHF2/PHF8	1.0	KDM7A/PHF2/PHF8	58.0/58.0/58.0
Xtro_XP_031757145.1	JmjC.HG13.0:KDM7A/PHF2/PHF8	1.0	PHF2	100.0
Drer_NP_001189347.1	JmjC.HG13.0:KDM7A/PHF2/PHF8	1.0	PHF2	100.0
Ggal_XP_015142953.2	JmjC.HG13.0:KDM7A/PHF2/PHF8	1.0	KDM7A	100.0
Sman_XP_018648529.1	JmjC.HG13.0:KDM7A/PHF2/PHF8	1.0	KDM7A/PHF2/PHF8	58.0/58.0/58.0
Pvan_XP_070000956.1	JmjC.HG13.0:KDM7A/PHF2/PHF8	1.0	KDM7A/PHF2/PHF8	58.0/58.0/58.0
Psp.PS1159_PS1159_v2.g8688.t1	JmjC.HG13.0:KDM7A/PHF2/PHF8	1.0	KDM7A/PHF2/PHF8	58.0/58.0/58.0
Ggal_XP_046766074.1	JmjC.HG13.0:KDM7A/PHF2/PHF8	1.0	KDM7A	100.0
Apimel_XP_006568812.1	JmjC.HG13.0:KDM7A/PHF2/PHF8	1.0	KDM7A/PHF2/PHF8	58.0/58.0/58.0
Avag_UJR27129.1	JmjC.HG13.0:KDM7A/PHF2/PHF8	1.0	KDM7A/PHF2/PHF8	58.0/58.0/58.0
Drer_XP_068073468.1	JmjC.HG13.0:KDM7A/PHF2/PHF8	1.0	KDM7A	100.0
Bmor_XP_037876785.1	JmjC.HG13.0:KDM7A/PHF2/PHF8	1.0	KDM7A/PHF2/PHF8	58.0/58.0/58.0
Xtro_XP_031753935.1	JmjC.HG13.0:KDM7A/PHF2/PHF8	1.0	KDM7A	100.0
Drer_NP_001189376.1	JmjC.HG13.0:KDM7A/PHF2/PHF8	1.0	PHF8	100.0
Otip_Oti_9897_t	JmjC.HG13.0:KDM7A/PHF2/PHF8	1.0	KDM7A/PHF2/PHF8	58.0/58.0/58.0
Asuu_AgR009X_g184_t03	JmjC.HG13.0:KDM7A/PHF2/PHF8	1.0	KDM7A/PHF2/PHF8	58.0/58.0/58.0
Hduj_OQV23936.1	JmjC.HG13.0:KDM7A/PHF2/PHF8	1.0	KDM7A/PHF2/PHF8	58.0/58.0/58.0
Hcon_XGW30569.1	JmjC.HG13.0:KDM7A/PHF2/PHF8	1.0	KDM7A/PHF2/PHF8	58.0/58.0/58.0
Asuu_AgR009X_g184_t02	JmjC.HG13.0:KDM7A/PHF2/PHF8	1.0	KDM7A/PHF2/PHF8	58.0/58.0/58.0
Hsap_NP_055922.1	JmjC.HG13.0:KDM7A/PHF2/PHF8	1.0	PHF8	1.0
Xtro_XP_031757143.1	JmjC.HG13.0:KDM7A/PHF2/PHF8	1.0	PHF2	100.0
Hsap_XP_047297892.1	JmjC.HG13.0:KDM7A/PHF2/PHF8	1.0	PHF8	100.0
Hsap_XP_005262053.1	JmjC.HG13.0:KDM7A/PHF2/PHF8	1.0	PHF8	1.0
Ever_VDD94636.1	JmjC.HG13.0:KDM7A/PHF2/PHF8	1.0	KDM7A/PHF2/PHF8	58.0/58.0/58.0
Ggal_XP_414324.3	JmjC.HG13.0:KDM7A/PHF2/PHF8	1.0	PHF2	96.0
Sros_XP_004995891.1	JmjC.HG13.0:KDM7A/PHF2/PHF8	1.0	KDM7A/PHF2/PHF8	58.0/58.0/58.0
Hpol_VDO83868.1	JmjC.HG13.0:KDM7A/PHF2/PHF8	1.0	KDM7A/PHF2/PHF8	58.0/58.0/58.0
Hsap_NP_005383.3	JmjC.HG13.0:KDM7A/PHF2/PHF8	1.0	PHF2	16.0
Pgem_Unigene18287_Pirum_gemmata|m.11913	JmjC.HG13.0:KDM7A/PHF2/PHF8	1.0	KDM7A/PHF2/PHF8	58.0/58.0/58.0
Smed_h1SMcT0013145.3	JmjC.HG13.0:KDM7A/PHF2/PHF8	1.0	KDM7A/PHF2/PHF8	58.0/58.0/58.0
Smed_h1SMcT0013145.2	JmjC.HG13.0:KDM7A/PHF2/PHF8	1.0	KDM7A/PHF2/PHF8	58.0/58.0/58.0
Hcon_XGW30739.1	JmjC.HG13.0:KDM7A/PHF2/PHF8	1.0	KDM7A/PHF2/PHF8	58.0/58.0/58.0
Ttri_CDW53554.1	JmjC.HG13.0:KDM7A/PHF2/PHF8	1.0	KDM7A/PHF2/PHF8	58.0/58.0/58.0
Asuu_AgR009X_g184_t08	JmjC.HG13.0:KDM7A/PHF2/PHF8	1.0	KDM7A/PHF2/PHF8	58.0/58.0/58.0
Xtro_XP_031757144.1	JmjC.HG13.0:KDM7A/PHF2/PHF8	1.0	PHF2	100.0
Xtro_XP_031757142.1	JmjC.HG13.0:KDM7A/PHF2/PHF8	1.0	PHF2	100.0
Mbre_XP_001743130.1	JmjC.HG13.0:KDM7A/PHF2/PHF8	1.0	KDM7A/PHF2/PHF8	58.0/58.0/58.0
Ppur_KAA8496554.1	JmjC.HG13.0:KDM7A/PHF2/PHF8	1.0	KDM7A/PHF2/PHF8	58.0/58.0/58.0
Xtro_XP_017952180.1	JmjC.HG13.0:KDM7A/PHF2/PHF8	1.0	PHF8	87.0
Pvan_XP_070000957.1	JmjC.HG13.0:KDM7A/PHF2/PHF8	1.0	KDM7A/PHF2/PHF8	58.0/58.0/58.0
Drer_XP_005174379.1	JmjC.HG13.0:KDM7A/PHF2/PHF8	1.0	KDM7A	100.0
Xtro_XP_031757146.1	JmjC.HG13.0:KDM7A/PHF2/PHF8	1.0	PHF2	100.0
Cscu_XP_023230315.1	JmjC.HG13.0:KDM7A/PHF2/PHF8	1.0	KDM7A/PHF2/PHF8	58.0/58.0/58.0
Ggal_XP_015148922.2	JmjC.HG13.0:KDM7A/PHF2/PHF8	1.0	PHF2	96.0
Apimel_XP_026302302.1	JmjC.HG13.0:KDM7A/PHF2/PHF8	1.0	KDM7A/PHF2/PHF8	58.0/58.0/58.0
Drer_XP_005162322.1	JmjC.HG13.0:KDM7A/PHF2/PHF8	1.0	PHF8	100.0
Pvan_XP_070000958.1	JmjC.HG13.0:KDM7A/PHF2/PHF8	1.0	KDM7A/PHF2/PHF8	58.0/58.0/58.0
Cele_NP_500611.1	JmjC.HG13.0:KDM7A/PHF2/PHF8	1.0	KDM7A/PHF2/PHF8	58.0/58.0/58.0
Hsap_XP_047297893.1	JmjC.HG13.0:KDM7A/PHF2/PHF8	1.0	PHF8	100.0
Hsap_XP_047279430.1	JmjC.HG13.0:KDM7A/PHF2/PHF8	1.0	PHF2	100.0
Clim_Clim_evm3s239	JmjC.HG13.0:KDM7A/PHF2/PHF8	1.0	KDM7A/PHF2/PHF8	58.0/58.0/58.0
Hcon_XGW30740.1	JmjC.HG13.0:KDM7A/PHF2/PHF8	1.0	KDM7A/PHF2/PHF8	58.0/58.0/58.0
Cele_NP_500610.1	JmjC.HG13.0:KDM7A/PHF2/PHF8	1.0	KDM7A/PHF2/PHF8	58.0/58.0/58.0
Asuu_AgR009X_g184_t04	JmjC.HG13.0:KDM7A/PHF2/PHF8	1.0	KDM7A/PHF2/PHF8	58.0/58.0/58.0
Drer_NP_001189348.1	JmjC.HG13.0:KDM7A/PHF2/PHF8	1.0	KDM7A	100.0
Hsap_XP_047297891.1	JmjC.HG13.0:KDM7A/PHF2/PHF8	1.0	PHF8	1.0
Hduj_OQV23937.1	JmjC.HG13.0:KDM7A/PHF2/PHF8	1.0	KDM7A/PHF2/PHF8	58.0/58.0/58.0
Ggal_XP_040502633.1	JmjC.HG13.0:KDM7A/PHF2/PHF8	1.0	PHF2	96.0
Asuu_AgR009X_g184_t05	JmjC.HG13.0:KDM7A/PHF2/PHF8	1.0	KDM7A/PHF2/PHF8	58.0/58.0/58.0
Smed_h1SMcT0013145.1	JmjC.HG13.0:KDM7A/PHF2/PHF8	1.0	KDM7A/PHF2/PHF8	58.0/58.0/58.0
Rvar_GAU93308.1	JmjC.HG13.0:KDM7A/PHF2/PHF8	1.0	KDM7A/PHF2/PHF8	58.0/58.0/58.0
Pigvie_Pvie_g8102	JmjC.HG13.0:KDM7A/PHF2/PHF8	1.0	KDM7A/PHF2/PHF8	58.0/58.0/58.0
Acey_EYB89571.1	JmjC.HG13.0:KDM7A/PHF2/PHF8	1.0	KDM7A/PHF2/PHF8	58.0/58.0/58.0
Hsap_XP_047297890.1	JmjC.HG13.0:KDM7A/PHF2/PHF8	1.0	PHF8	1.0
Lpol_XP_022242532.1	JmjC.HG13.0:KDM7A/PHF2/PHF8	1.0	KDM7A/PHF2/PHF8	58.0/58.0/58.0
Hsap_XP_047276835.1	JmjC.HG13.0:KDM7A/PHF2/PHF8	1.0	KDM7A	100.0
Hsap_XP_005262056.1	JmjC.HG13.0:KDM7A/PHF2/PHF8	1.0	PHF8	1.0
Dpul_XP_046457070.1	JmjC.HG13.0:KDM7A/PHF2/PHF8	1.0	KDM7A/PHF2/PHF8	58.0/58.0/58.0
Psp.PS1159_PS1159_v2.g6595.t1	JmjC.HG13.0:KDM7A/PHF2/PHF8	1.0	KDM7A/PHF2/PHF8	58.0/58.0/58.0
Rvar_GAU93306.1	JmjC.HG13.0:KDM7A/PHF2/PHF8	1.0	KDM7A/PHF2/PHF8	58.0/58.0/58.0
Hsap_XP_011529080.1	JmjC.HG13.0:KDM7A/PHF2/PHF8	1.0	PHF8	80.0
Agrpla_XP_018325994.1	JmjC.HG13.0:KDM7A/PHF2/PHF8	1.0	KDM7A/PHF2/PHF8	58.0/58.0/58.0
Ggal_XP_015142945.2	JmjC.HG13.0:KDM7A/PHF2/PHF8	1.0	KDM7A	100.0
Acey_EYB89573.1	JmjC.HG13.0:KDM7A/PHF2/PHF8	1.0	KDM7A/PHF2/PHF8	58.0/58.0/58.0
Mjap_MIJAPON000001555.t1	JmjC.HG13.0:KDM7A/PHF2/PHF8	1.0	KDM7A/PHF2/PHF8	58.0/58.0/58.0
Pvan_XP_070000954.1	JmjC.HG13.0:KDM7A/PHF2/PHF8	1.0	KDM7A/PHF2/PHF8	58.0/58.0/58.0
Priarc_PARCANUS000003142.t1	JmjC.HG13.0:KDM7A/PHF2/PHF8	1.0	KDM7A/PHF2/PHF8	58.0/58.0/58.0
Mbel_CAJ0929036.1	JmjC.HG13.0:KDM7A/PHF2/PHF8	1.0	KDM7A/PHF2/PHF8	58.0/58.0/58.0
Asuu_AgR009X_g184_t11	JmjC.HG13.0:KDM7A/PHF2/PHF8	1.0	KDM7A/PHF2/PHF8	58.0/58.0/58.0
Acey_EYB89574.1	JmjC.HG13.0:KDM7A/PHF2/PHF8	1.0	KDM7A/PHF2/PHF8	58.0/58.0/58.0
Echgra_XP_024350687.1	JmjC.HG13.0:KDM7A/PHF2/PHF8	1.0	KDM7A/PHF2/PHF8	58.0/58.0/58.0
Asuu_AgR009X_g184_t09	JmjC.HG13.0:KDM7A/PHF2/PHF8	1.0	KDM7A/PHF2/PHF8	58.0/58.0/58.0
Hsap_NP_001171826.1	JmjC.HG13.0:KDM7A/PHF2/PHF8	1.0	PHF8	50.0
Drer_NP_001333080.1	JmjC.HG13.0:KDM7A/PHF2/PHF8	1.0	KDM7A	100.0
Pvan_XP_070000955.1	JmjC.HG13.0:KDM7A/PHF2/PHF8	1.0	KDM7A/PHF2/PHF8	58.0/58.0/58.0
Scar_TKR96579.1	JmjC.HG13.0:KDM7A/PHF2/PHF8	1.0	KDM7A/PHF2/PHF8	58.0/58.0/58.0
Gpal_Gpal_D383_g13851.t2	JmjC.HG13.0:KDM7A/PHF2/PHF8	1.0	KDM7A/PHF2/PHF8	58.0/58.0/58.0
Trimur_TMUE_3000014631	JmjC.HG13.0:KDM7A/PHF2/PHF8	1.0	KDM7A/PHF2/PHF8	58.0/58.0/58.0
Ggal_XP_046756074.1	JmjC.HG13.0:KDM7A/PHF2/PHF8	1.0	PHF2	96.0
Angcan_KAE9417147.1	JmjC.HG13.0:KDM7A/PHF2/PHF8	1.0	KDM7A/PHF2/PHF8	58.0/58.0/58.0
Cele_NP_001294381.1	JmjC.HG13.0:KDM7A/PHF2/PHF8	1.0	KDM7A/PHF2/PHF8	58.0/58.0/58.0
Asuu_AgR009X_g184_t06	JmjC.HG13.0:KDM7A/PHF2/PHF8	1.0	KDM7A/PHF2/PHF8	58.0/58.0/58.0
Otau_XP_022839048.1	JmjC.HG14.0:like:JMJ32/JMJD7/JMJD7-PLA2G4B	100.0	NA	NA
Pgem_Unigene36658_Pirum_gemmata|m.22751	JmjC.HG14.0:like:JMJ32/JMJD7/JMJD7-PLA2G4B	100.0	NA	NA
Awhi_Unigene36217_Abeoforma_whisleri|m.23381	JmjC.HG14.0:like:JMJ32/JMJD7/JMJD7-PLA2G4B	100.0	NA	NA
Sarc_XP_014161631.1	JmjC.HG14.0:like:JMJ32/JMJD7/JMJD7-PLA2G4B	100.0	NA	NA
Hrob_XP_009015675.1	JmjC.HG14.0:like:JMJ32/JMJD7/JMJD7-PLA2G4B	100.0	NA	NA
Pgem_Unigene32040_Pirum_gemmata|m.19281	JmjC.HG14.0:like:JMJ32/JMJD7/JMJD7-PLA2G4B	100.0	NA	NA
Sros_XP_004991443.1	JmjC.HG14.0:like:JMJ32/JMJD7/JMJD7-PLA2G4B	100.0	NA	NA
Ppur_KAA8495831.1	JmjC.HG14.0:like:JMJ32/JMJD7/JMJD7-PLA2G4B	100.0	NA	NA
Mbre_XP_001749742.1	JmjC.HG14.0:like:JMJ32/JMJD7/JMJD7-PLA2G4B	100.0	NA	NA
Cfra_CFRG3561T1	JmjC.HG14.0:like:JMJ32/JMJD7/JMJD7-PLA2G4B	100.0	NA	NA
Crei_XP_042915300.1	JmjC.HG14.0:like:JMJ32/JMJD7/JMJD7-PLA2G4B	100.0	NA	NA
Ccri_XP_005713882.1	JmjC.HG14.1:JMJ32/JMJD7/JMJD7-PLA2G4B	99.0	JMJ32/JMJD7/JMJD7-PLA2G4B	99.0/99.0/99.0
Sros_XP_004995856.1	JmjC.HG14.1:JMJ32/JMJD7/JMJD7-PLA2G4B	99.0	JMJ32/JMJD7/JMJD7-PLA2G4B	86.0/86.0/86.0
Ppur_KAA8497372.1	JmjC.HG14.1:JMJ32/JMJD7/JMJD7-PLA2G4B	99.0	JMJ32/JMJD7/JMJD7-PLA2G4B	99.0/99.0/99.0
Otau_XP_003075129.1	JmjC.HG14.1:JMJ32/JMJD7/JMJD7-PLA2G4B	99.0	JMJ32/JMJD7/JMJD7-PLA2G4B	99.0/99.0/99.0
Cint_XP_026691491.1	JmjC.HG14.1:JMJ32/JMJD7/JMJD7-PLA2G4B	99.0	JMJ32/JMJD7/JMJD7-PLA2G4B	81.0/79.0/79.0
Smoe_XP_024544702.1	JmjC.HG14.1:JMJ32/JMJD7/JMJD7-PLA2G4B	99.0	JMJ32/JMJD7/JMJD7-PLA2G4B	100.0/81.0/81.0
Cofcan_CDP08570.1	JmjC.HG14.1:JMJ32/JMJD7/JMJD7-PLA2G4B	99.0	JMJ32/JMJD7/JMJD7-PLA2G4B	100.0/81.0/81.0
Agrpla_XP_018336639.1	JmjC.HG14.1:JMJ32/JMJD7/JMJD7-PLA2G4B	99.0	JMJ32/JMJD7/JMJD7-PLA2G4B	81.0/37.0/37.0
Pvan_XP_027211149.1	JmjC.HG14.1:JMJ32/JMJD7/JMJD7-PLA2G4B	99.0	JMJ32/JMJD7/JMJD7-PLA2G4B	81.0/37.0/37.0
Drer_NP_001017615.1	JmjC.HG14.1:JMJ32/JMJD7/JMJD7-PLA2G4B	99.0	JMJ32/JMJD7/JMJD7-PLA2G4B	81.0/100.0/100.0
Bmor_XP_004927524.2	JmjC.HG14.1:JMJ32/JMJD7/JMJD7-PLA2G4B	99.0	JMJ32/JMJD7/JMJD7-PLA2G4B	81.0/37.0/37.0
Smoe_XP_024525051.1	JmjC.HG14.1:JMJ32/JMJD7/JMJD7-PLA2G4B	99.0	JMJ32/JMJD7/JMJD7-PLA2G4B	100.0/81.0/81.0
Blan_XP_066273986.1	JmjC.HG14.1:JMJ32/JMJD7/JMJD7-PLA2G4B	99.0	JMJ32/JMJD7/JMJD7-PLA2G4B	81.0/86.0/86.0
Atri_XP_006878574.1	JmjC.HG14.1:JMJ32/JMJD7/JMJD7-PLA2G4B	99.0	JMJ32/JMJD7/JMJD7-PLA2G4B	100.0/81.0/81.0
Lcom_lcpid79937|	JmjC.HG14.1:JMJ32/JMJD7/JMJD7-PLA2G4B	99.0	JMJ32/JMJD7/JMJD7-PLA2G4B	81.0/79.0/79.0
Cvir_XP_022340537.1	JmjC.HG14.1:JMJ32/JMJD7/JMJD7-PLA2G4B	99.0	JMJ32/JMJD7/JMJD7-PLA2G4B	81.0/37.0/37.0
Bnap_XP_013702573.1	JmjC.HG14.1:JMJ32/JMJD7/JMJD7-PLA2G4B	99.0	JMJ32/JMJD7/JMJD7-PLA2G4B	100.0/81.0/81.0
Psat_XP_050906266.1	JmjC.HG14.1:JMJ32/JMJD7/JMJD7-PLA2G4B	99.0	JMJ32/JMJD7/JMJD7-PLA2G4B	100.0/81.0/81.0
Tura_XP_048530686.1	JmjC.HG14.1:JMJ32/JMJD7/JMJD7-PLA2G4B	99.0	JMJ32/JMJD7/JMJD7-PLA2G4B	100.0/81.0/81.0
Cvir_XP_022340536.1	JmjC.HG14.1:JMJ32/JMJD7/JMJD7-PLA2G4B	99.0	JMJ32/JMJD7/JMJD7-PLA2G4B	81.0/37.0/37.0
Ofus_CAH1786742.1	JmjC.HG14.1:JMJ32/JMJD7/JMJD7-PLA2G4B	99.0	JMJ32/JMJD7/JMJD7-PLA2G4B	81.0/73.0/73.0
Dpul_XP_046440733.1	JmjC.HG14.1:JMJ32/JMJD7/JMJD7-PLA2G4B	99.0	JMJ32/JMJD7/JMJD7-PLA2G4B	81.0/37.0/37.0
Sollyc_XP_004246003.2	JmjC.HG14.1:JMJ32/JMJD7/JMJD7-PLA2G4B	99.0	JMJ32/JMJD7/JMJD7-PLA2G4B	100.0/81.0/81.0
Pvan_XP_027211145.1	JmjC.HG14.1:JMJ32/JMJD7/JMJD7-PLA2G4B	99.0	JMJ32/JMJD7/JMJD7-PLA2G4B	81.0/37.0/37.0
Smoe_XP_024525057.1	JmjC.HG14.1:JMJ32/JMJD7/JMJD7-PLA2G4B	99.0	JMJ32/JMJD7/JMJD7-PLA2G4B	100.0/81.0/81.0
Hsap_NP_001185517.1	JmjC.HG14.1:JMJ32/JMJD7/JMJD7-PLA2G4B	99.0	JMJ32/JMJD7/JMJD7-PLA2G4B	81.0/100.0/100.0
Hrob_XP_009014715.1	JmjC.HG14.1:JMJ32/JMJD7/JMJD7-PLA2G4B	99.0	JMJ32/JMJD7/JMJD7-PLA2G4B	81.0/37.0/37.0
Mesc_XP_043809631.1	JmjC.HG14.1:JMJ32/JMJD7/JMJD7-PLA2G4B	99.0	JMJ32/JMJD7/JMJD7-PLA2G4B	100.0/81.0/81.0
Cowc_XP_004346810.1	JmjC.HG14.1:JMJ32/JMJD7/JMJD7-PLA2G4B	99.0	JMJ32/JMJD7/JMJD7-PLA2G4B	66.0/66.0/66.0
Mesc_XP_043809632.1	JmjC.HG14.1:JMJ32/JMJD7/JMJD7-PLA2G4B	99.0	JMJ32/JMJD7/JMJD7-PLA2G4B	100.0/81.0/81.0
Smoe_XP_024525045.1	JmjC.HG14.1:JMJ32/JMJD7/JMJD7-PLA2G4B	99.0	JMJ32/JMJD7/JMJD7-PLA2G4B	100.0/81.0/81.0
Qlob_XP_030948747.1	JmjC.HG14.1:JMJ32/JMJD7/JMJD7-PLA2G4B	99.0	JMJ32/JMJD7/JMJD7-PLA2G4B	100.0/81.0/81.0
Ggal_XP_046797661.1	JmjC.HG14.1:JMJ32/JMJD7/JMJD7-PLA2G4B	99.0	JMJ32/JMJD7/JMJD7-PLA2G4B	81.0/91.0/91.0
Lana_XP_013379747.1	JmjC.HG14.1:JMJ32/JMJD7/JMJD7-PLA2G4B	99.0	JMJ32/JMJD7/JMJD7-PLA2G4B	81.0/37.0/37.0
Ggal_NP_001108131.2	JmjC.HG14.1:JMJ32/JMJD7/JMJD7-PLA2G4B	99.0	JMJ32/JMJD7/JMJD7-PLA2G4B	81.0/91.0/91.0
Clim_Clim_evm36s144	JmjC.HG14.1:JMJ32/JMJD7/JMJD7-PLA2G4B	99.0	JMJ32/JMJD7/JMJD7-PLA2G4B	81.0/54.0/54.0
Atri_XP_020522844.1	JmjC.HG14.1:JMJ32/JMJD7/JMJD7-PLA2G4B	99.0	JMJ32/JMJD7/JMJD7-PLA2G4B	100.0/81.0/81.0
Smoe_XP_024544700.1	JmjC.HG14.1:JMJ32/JMJD7/JMJD7-PLA2G4B	99.0	JMJ32/JMJD7/JMJD7-PLA2G4B	100.0/81.0/81.0
Mlei_ML05732a-PA	JmjC.HG14.1:JMJ32/JMJD7/JMJD7-PLA2G4B	99.0	JMJ32/JMJD7/JMJD7-PLA2G4B	81.0/71.0/71.0
Atha_NP_001325862.1	JmjC.HG14.1:JMJ32/JMJD7/JMJD7-PLA2G4B	99.0	JMJ32/JMJD7/JMJD7-PLA2G4B	100.0/81.0/81.0
Dpul_XP_046440732.1	JmjC.HG14.1:JMJ32/JMJD7/JMJD7-PLA2G4B	99.0	JMJ32/JMJD7/JMJD7-PLA2G4B	81.0/37.0/37.0
Psat_XP_050906265.1	JmjC.HG14.1:JMJ32/JMJD7/JMJD7-PLA2G4B	99.0	JMJ32/JMJD7/JMJD7-PLA2G4B	100.0/81.0/81.0
Scil_XP_065195925.1	JmjC.HG14.1:JMJ32/JMJD7/JMJD7-PLA2G4B	99.0	JMJ32/JMJD7/JMJD7-PLA2G4B	81.0/79.0/79.0
Dmel_NP_648651.1	JmjC.HG14.1:JMJ32/JMJD7/JMJD7-PLA2G4B	99.0	JMJ32/JMJD7/JMJD7-PLA2G4B	81.0/37.0/37.0
Ihof_Ihof_evm2s296	JmjC.HG14.1:JMJ32/JMJD7/JMJD7-PLA2G4B	99.0	JMJ32/JMJD7/JMJD7-PLA2G4B	81.0/54.0/54.0
Awhi_Unigene28178_Abeoforma_whisleri|m.16888	JmjC.HG14.1:JMJ32/JMJD7/JMJD7-PLA2G4B	99.0	JMJ32/JMJD7/JMJD7-PLA2G4B	81.0/54.0/54.0
Rchi_XP_040363050.1	JmjC.HG14.1:JMJ32/JMJD7/JMJD7-PLA2G4B	99.0	JMJ32/JMJD7/JMJD7-PLA2G4B	100.0/81.0/81.0
Atha_NP_190174.2	JmjC.HG14.1:JMJ32/JMJD7/JMJD7-PLA2G4B	99.0	JMJ32/JMJD7/JMJD7-PLA2G4B	100.0/81.0/81.0
Hsap_NP_005081.1	JmjC.HG14.1:JMJ32/JMJD7/JMJD7-PLA2G4B	99.0	JMJ32/JMJD7/JMJD7-PLA2G4B	81.0/100.0/100.0
Zmay_NP_001147606.1	JmjC.HG14.1:JMJ32/JMJD7/JMJD7-PLA2G4B	99.0	JMJ32/JMJD7/JMJD7-PLA2G4B	100.0/81.0/81.0
Pvan_XP_027211146.1	JmjC.HG14.1:JMJ32/JMJD7/JMJD7-PLA2G4B	99.0	JMJ32/JMJD7/JMJD7-PLA2G4B	81.0/37.0/37.0
Bnap_XP_048606713.1	JmjC.HG14.1:JMJ32/JMJD7/JMJD7-PLA2G4B	99.0	JMJ32/JMJD7/JMJD7-PLA2G4B	100.0/81.0/81.0
Dpul_XP_046440730.1	JmjC.HG14.1:JMJ32/JMJD7/JMJD7-PLA2G4B	99.0	JMJ32/JMJD7/JMJD7-PLA2G4B	81.0/37.0/37.0
Pvan_XP_027211150.1	JmjC.HG14.1:JMJ32/JMJD7/JMJD7-PLA2G4B	99.0	JMJ32/JMJD7/JMJD7-PLA2G4B	81.0/37.0/37.0
Pigvie_Pvie_g12776	JmjC.HG14.1:JMJ32/JMJD7/JMJD7-PLA2G4B	99.0	JMJ32/JMJD7/JMJD7-PLA2G4B	81.0/54.0/54.0
Cfra_CFRG6338T1	JmjC.HG14.1:JMJ32/JMJD7/JMJD7-PLA2G4B	99.0	JMJ32/JMJD7/JMJD7-PLA2G4B	81.0/54.0/54.0
Lpol_XP_013784350.1	JmjC.HG14.1:JMJ32/JMJD7/JMJD7-PLA2G4B	99.0	JMJ32/JMJD7/JMJD7-PLA2G4B	81.0/37.0/37.0
Pvan_XP_027211147.1	JmjC.HG14.1:JMJ32/JMJD7/JMJD7-PLA2G4B	99.0	JMJ32/JMJD7/JMJD7-PLA2G4B	81.0/37.0/37.0
Lsat_XP_023751668.1	JmjC.HG14.1:JMJ32/JMJD7/JMJD7-PLA2G4B	99.0	JMJ32/JMJD7/JMJD7-PLA2G4B	100.0/81.0/81.0
Mbre_XP_001743350.1	JmjC.HG14.1:JMJ32/JMJD7/JMJD7-PLA2G4B	99.0	JMJ32/JMJD7/JMJD7-PLA2G4B	86.0/86.0/86.0
Spur_XP_011662092.2	JmjC.HG14.1:JMJ32/JMJD7/JMJD7-PLA2G4B	99.0	JMJ32/JMJD7/JMJD7-PLA2G4B	81.0/73.0/73.0
Pvan_XP_069980168.1	JmjC.HG14.1:JMJ32/JMJD7/JMJD7-PLA2G4B	99.0	JMJ32/JMJD7/JMJD7-PLA2G4B	81.0/37.0/37.0
Sarc_XP_014155610.1	JmjC.HG14.1:JMJ32/JMJD7/JMJD7-PLA2G4B	99.0	JMJ32/JMJD7/JMJD7-PLA2G4B	81.0/54.0/54.0
Cofcan_CDP07169.1	JmjC.HG14.1:JMJ32/JMJD7/JMJD7-PLA2G4B	99.0	JMJ32/JMJD7/JMJD7-PLA2G4B	100.0/81.0/81.0
Xtro_NP_001011279.1	JmjC.HG14.1:JMJ32/JMJD7/JMJD7-PLA2G4B	99.0	JMJ32/JMJD7/JMJD7-PLA2G4B	81.0/100.0/100.0
Psat_XP_050906267.1	JmjC.HG14.1:JMJ32/JMJD7/JMJD7-PLA2G4B	99.0	JMJ32/JMJD7/JMJD7-PLA2G4B	100.0/81.0/81.0
Osat_XP_015611921.1	JmjC.HG14.1:JMJ32/JMJD7/JMJD7-PLA2G4B	99.0	JMJ32/JMJD7/JMJD7-PLA2G4B	100.0/81.0/81.0
Mesc_XP_043809633.1	JmjC.HG14.1:JMJ32/JMJD7/JMJD7-PLA2G4B	99.0	JMJ32/JMJD7/JMJD7-PLA2G4B	100.0/81.0/81.0
Crei_XP_042926085.1	JmjC.HG14.1:JMJ32/JMJD7/JMJD7-PLA2G4B	99.0	JMJ32/JMJD7/JMJD7-PLA2G4B	75.0/81.0/81.0
Dpul_XP_046440731.1	JmjC.HG14.1:JMJ32/JMJD7/JMJD7-PLA2G4B	99.0	JMJ32/JMJD7/JMJD7-PLA2G4B	81.0/37.0/37.0
Atri_XP_020522850.1	JmjC.HG14.1:JMJ32/JMJD7/JMJD7-PLA2G4B	99.0	JMJ32/JMJD7/JMJD7-PLA2G4B	100.0/81.0/81.0
Ofus_CAH1786743.1	JmjC.HG14.1:JMJ32/JMJD7/JMJD7-PLA2G4B	99.0	JMJ32/JMJD7/JMJD7-PLA2G4B	81.0/73.0/73.0
Cper_Nk52_evm39s1705	JmjC.HG14.1:JMJ32/JMJD7/JMJD7-PLA2G4B	99.0	JMJ32/JMJD7/JMJD7-PLA2G4B	81.0/54.0/54.0
Hsap_NP_001108104.1	JmjC.HG14.1:JMJ32/JMJD7/JMJD7-PLA2G4B	99.0	JMJ32/JMJD7/JMJD7-PLA2G4B	81.0/100.0/100.0
Bnap_XP_013642534.1	JmjC.HG14.1:JMJ32/JMJD7/JMJD7-PLA2G4B	99.0	JMJ32/JMJD7/JMJD7-PLA2G4B	100.0/81.0/81.0
Skow_XP_002731421.1	JmjC.HG14.1:JMJ32/JMJD7/JMJD7-PLA2G4B	99.0	JMJ32/JMJD7/JMJD7-PLA2G4B	81.0/86.0/86.0
Ppat_XP_024403668.1	JmjC.HG14.1:JMJ32/JMJD7/JMJD7-PLA2G4B	99.0	JMJ32/JMJD7/JMJD7-PLA2G4B	92.0/81.0/81.0
Pvan_XP_027211148.1	JmjC.HG14.1:JMJ32/JMJD7/JMJD7-PLA2G4B	99.0	JMJ32/JMJD7/JMJD7-PLA2G4B	81.0/37.0/37.0
Lsat_XP_023751667.1	JmjC.HG14.1:JMJ32/JMJD7/JMJD7-PLA2G4B	99.0	JMJ32/JMJD7/JMJD7-PLA2G4B	100.0/81.0/81.0
Aplcal_XP_035827441.1	JmjC.HG14.1:JMJ32/JMJD7/JMJD7-PLA2G4B	99.0	JMJ32/JMJD7/JMJD7-PLA2G4B	81.0/37.0/37.0
Apla_XP_022097445.1	JmjC.HG14.1:JMJ32/JMJD7/JMJD7-PLA2G4B	99.0	JMJ32/JMJD7/JMJD7-PLA2G4B	81.0/73.0/73.0
Pigchi_Pchi_g7145	JmjC.HG14.1:JMJ32/JMJD7/JMJD7-PLA2G4B	99.0	JMJ32/JMJD7/JMJD7-PLA2G4B	81.0/54.0/54.0
Mtru_XP_003612456.1	JmjC.HG14.1:JMJ32/JMJD7/JMJD7-PLA2G4B	99.0	JMJ32/JMJD7/JMJD7-PLA2G4B	100.0/81.0/81.0
Avag_UJR36813.1	JmjC.HG14.1:JMJ32/JMJD7/JMJD7-PLA2G4B	99.0	JMJ32/JMJD7/JMJD7-PLA2G4B	75.0/81.0/81.0
Aplcal_XP_005105261.1	JmjC.HG14.1:JMJ32/JMJD7/JMJD7-PLA2G4B	99.0	JMJ32/JMJD7/JMJD7-PLA2G4B	81.0/37.0/37.0
Drer_XP_068070505.1	JmjC.HG14.1:JMJ32/JMJD7/JMJD7-PLA2G4B	99.0	JMJ32/JMJD7/JMJD7-PLA2G4B	81.0/100.0/100.0
Ggal_XP_046797660.1	JmjC.HG14.1:JMJ32/JMJD7/JMJD7-PLA2G4B	99.0	JMJ32/JMJD7/JMJD7-PLA2G4B	81.0/91.0/91.0
Scil_XP_065177489.1	JmjC.HG14.2:like:JMJ32/JMJD7/JMJD7-PLA2G4B	100.0	NA	NA
Lcom_lcpid227761|	JmjC.HG14.2:like:JMJ32/JMJD7/JMJD7-PLA2G4B	100.0	NA	NA
Scil_XP_065177492.1	JmjC.HG14.2:like:JMJ32/JMJD7/JMJD7-PLA2G4B	100.0	NA	NA
Lcom_lcpid142543|	JmjC.HG14.2:like:JMJ32/JMJD7/JMJD7-PLA2G4B	100.0	NA	NA
Lcom_lcpid23282|	JmjC.HG14.2:like:JMJ32/JMJD7/JMJD7-PLA2G4B	100.0	NA	NA
Lcom_lcpid74518|	JmjC.HG14.2:like:JMJ32/JMJD7/JMJD7-PLA2G4B	100.0	NA	NA
Lcom_lcpid122030|	JmjC.HG14.2:like:JMJ32/JMJD7/JMJD7-PLA2G4B	100.0	NA	NA
Lcom_lcpid101478|	JmjC.HG14.2:like:JMJ32/JMJD7/JMJD7-PLA2G4B	100.0	NA	NA
Pigchi_Pchi_g5238	JmjC.HG14.3:like:JMJ32/JMJD7/JMJD7-PLA2G4B	88.0	NA	NA
Aque_XP_003387667.2	JmjC.HG14.3:like:JMJ32/JMJD7/JMJD7-PLA2G4B	88.0	NA	NA
Sros_XP_004998112.1	JmjC.HG14.3:like:JMJ32/JMJD7/JMJD7-PLA2G4B	88.0	NA	NA
Lcom_lcpid53642|	JmjC.HG14.3:like:JMJ32/JMJD7/JMJD7-PLA2G4B	88.0	NA	NA
Blan_XP_066275807.1	JmjC.HG14.3:like:JMJ32/JMJD7/JMJD7-PLA2G4B	88.0	NA	NA
Blan_XP_066275806.1	JmjC.HG14.3:like:JMJ32/JMJD7/JMJD7-PLA2G4B	88.0	NA	NA
Apla_XP_022083575.1	JmjC.HG14.3:like:JMJ32/JMJD7/JMJD7-PLA2G4B	88.0	NA	NA
Tsui_KHJ49349.1	JmjC.HG14.3:like:JMJ32/JMJD7/JMJD7-PLA2G4B	88.0	NA	NA
Lana_XP_013409522.1	JmjC.HG14.3:like:JMJ32/JMJD7/JMJD7-PLA2G4B	88.0	NA	NA
Tspi_XP_003381934.1	JmjC.HG14.3:like:JMJ32/JMJD7/JMJD7-PLA2G4B	88.0	NA	NA
Apla_XP_022083576.1	JmjC.HG14.3:like:JMJ32/JMJD7/JMJD7-PLA2G4B	88.0	NA	NA
Scil_XP_065185446.1	JmjC.HG14.3:like:JMJ32/JMJD7/JMJD7-PLA2G4B	88.0	NA	NA
Blan_XP_066275167.1	JmjC.HG14.3:like:JMJ32/JMJD7/JMJD7-PLA2G4B	88.0	NA	NA
Lana_XP_023931467.1	JmjC.HG14.3:like:JMJ32/JMJD7/JMJD7-PLA2G4B	88.0	NA	NA
Skow_XP_006818312.1	JmjC.HG14.3:like:JMJ32/JMJD7/JMJD7-PLA2G4B	88.0	NA	NA
Clim_Clim_evm8s203	JmjC.HG14.3:like:JMJ32/JMJD7/JMJD7-PLA2G4B	88.0	NA	NA
Tnel_KRX17318.1	JmjC.HG14.3:like:JMJ32/JMJD7/JMJD7-PLA2G4B	88.0	NA	NA
Apla_XP_022083573.1	JmjC.HG14.3:like:JMJ32/JMJD7/JMJD7-PLA2G4B	88.0	NA	NA
Tbri_KRY46855.1	JmjC.HG14.3:like:JMJ32/JMJD7/JMJD7-PLA2G4B	88.0	NA	NA
Cvir_XP_022324955.1	JmjC.HG14.3:like:JMJ32/JMJD7/JMJD7-PLA2G4B	88.0	NA	NA
Apla_XP_022083574.1	JmjC.HG14.3:like:JMJ32/JMJD7/JMJD7-PLA2G4B	88.0	NA	NA
Ttri_CDW52010.1	JmjC.HG14.3:like:JMJ32/JMJD7/JMJD7-PLA2G4B	88.0	NA	NA
Spur_XP_003728283.2	JmjC.HG14.3:like:JMJ32/JMJD7/JMJD7-PLA2G4B	88.0	NA	NA
Mbre_XP_001750675.1	JmjC.HG14.3:like:JMJ32/JMJD7/JMJD7-PLA2G4B	88.0	NA	NA
Tnat_KRZ56413.1	JmjC.HG14.3:like:JMJ32/JMJD7/JMJD7-PLA2G4B	88.0	NA	NA
Tadh_XP_002114207.1	JmjC.HG14.3:like:JMJ32/JMJD7/JMJD7-PLA2G4B	88.0	NA	NA
Emue_Em0020g919a	JmjC.HG14.3:like:JMJ32/JMJD7/JMJD7-PLA2G4B	88.0	NA	NA
Cper_Nk52_evm12s1705	JmjC.HG14.3:like:JMJ32/JMJD7/JMJD7-PLA2G4B	88.0	NA	NA
Twil_T_wilhelma_c29091_g1_i2|m.28048	JmjC.HG14.3:like:JMJ32/JMJD7/JMJD7-PLA2G4B	88.0	NA	NA
Apla_XP_022083577.1	JmjC.HG14.3:like:JMJ32/JMJD7/JMJD7-PLA2G4B	88.0	NA	NA
Ofus_CAH1786711.1	JmjC.HG14.3:like:JMJ32/JMJD7/JMJD7-PLA2G4B	88.0	NA	NA
Trimur_TMUE_2000008621	JmjC.HG14.3:like:JMJ32/JMJD7/JMJD7-PLA2G4B	88.0	NA	NA
Sros_XP_004993835.1	JmjC.HG14.4:like:JMJ32/JMJD7/JMJD7-PLA2G4B	1.0	NA	NA
Otau_XP_003077921.2	JmjC.HG15.0:like:HSPBAP1	60.0	NA	NA
Awhi_Unigene8251_Abeoforma_whisleri|m.5403	JmjC.HG15.0:like:HSPBAP1	60.0	NA	NA
Cfra_CFRG3290T1	JmjC.HG15.0:like:HSPBAP1	60.0	NA	NA
Pgem_Unigene40314_Pirum_gemmata|m.24993	JmjC.HG15.0:like:HSPBAP1	60.0	NA	NA
Pgem_Unigene40313_Pirum_gemmata|m.24992	JmjC.HG15.0:like:HSPBAP1	60.0	NA	NA
Pigchi_Pchi_g31	JmjC.HG15.0:like:HSPBAP1	60.0	NA	NA
Awhi_Unigene23310_Abeoforma_whisleri|m.15382	JmjC.HG15.0:like:HSPBAP1	60.0	NA	NA
Awhi_Unigene20861_Abeoforma_whisleri|m.14448	JmjC.HG15.0:like:HSPBAP1	60.0	NA	NA
Pgem_Unigene18918_Pirum_gemmata|m.12198	JmjC.HG15.0:like:HSPBAP1	60.0	NA	NA
Pigvie_Pvie_g537	JmjC.HG15.0:like:HSPBAP1	60.0	NA	NA
Sarc_XP_014160619.1	JmjC.HG15.0:like:HSPBAP1	60.0	NA	NA
Otau_XP_003083235.1	JmjC.HG15.1:like:HSPBAP1	99.0	NA	NA
Pigchi_Pchi_g3185	JmjC.HG15.1:like:HSPBAP1	99.0	NA	NA
Pigvie_Pvie_g8567	JmjC.HG15.1:like:HSPBAP1	99.0	NA	NA
Mbre_XP_001746523.1	JmjC.HG15.2:like:HSPBAP1	96.0	NA	NA
Twil_T_wilhelma_c26981_g1_i1|m.18991	JmjC.HG15.2:like:HSPBAP1	96.0	NA	NA
Emue_Em0021g691a	JmjC.HG15.2:like:HSPBAP1	96.0	NA	NA
Emue_Em0021g680a	JmjC.HG15.2:like:HSPBAP1	96.0	NA	NA
Lcom_lcpid62227|	JmjC.HG15.2:like:HSPBAP1	96.0	NA	NA
Aque_XP_019863486.1	JmjC.HG15.2:like:HSPBAP1	96.0	NA	NA
Emue_Em0796g4a	JmjC.HG15.2:like:HSPBAP1	96.0	NA	NA
Scil_XP_065178186.1	JmjC.HG15.2:like:HSPBAP1	96.0	NA	NA
Pigchi_Pchi_g13640	JmjC.HG15.3:HSPBAP1	98.0	HSPBAP1	98.0
Priarc_PARCANUS000012818.t1	JmjC.HG15.3:HSPBAP1	98.0	HSPBAP1	85.0
Pigvie_Pvie_g13395	JmjC.HG15.3:HSPBAP1	98.0	HSPBAP1	98.0
Rcul_nRc.2.0.1.t46458-RA	JmjC.HG15.3:HSPBAP1	98.0	HSPBAP1	85.0
Obim_XP_052822002.1	JmjC.HG15.3:HSPBAP1	98.0	HSPBAP1	47.0
Ggal_XP_040560171.1	JmjC.HG15.3:HSPBAP1	98.0	HSPBAP1	92.0
Smed_h1SMcT0005103.4	JmjC.HG15.3:HSPBAP1	98.0	HSPBAP1	61.0
Spur_XP_030855882.1	JmjC.HG15.3:HSPBAP1	98.0	HSPBAP1	47.0
Hsap_XP_047304876.1	JmjC.HG15.3:HSPBAP1	98.0	HSPBAP1	100.0
Lpol_XP_022239788.1	JmjC.HG15.3:HSPBAP1	98.0	HSPBAP1	61.0
Avag_UJR21788.1	JmjC.HG15.3:HSPBAP1	98.0	HSPBAP1	34.0
Twil_T_wilhelma_c32405_g1_i6|m.47715	JmjC.HG15.3:HSPBAP1	98.0	HSPBAP1	37.0
Mhap_MhA1_Contig2752.frz3.gene1	JmjC.HG15.3:HSPBAP1	98.0	HSPBAP1	85.0
Ggal_XP_040560170.1	JmjC.HG15.3:HSPBAP1	98.0	HSPBAP1	92.0
Lloa_XP_020302644.1	JmjC.HG15.3:HSPBAP1	98.0	HSPBAP1	85.0
Tadh_XP_002118456.1	JmjC.HG15.3:HSPBAP1	98.0	HSPBAP1	37.0
Lcom_lcpid72575|	JmjC.HG15.3:HSPBAP1	98.0	HSPBAP1	37.0
Ggal_XP_040560168.1	JmjC.HG15.3:HSPBAP1	98.0	HSPBAP1	92.0
Ggal_XP_046799733.1	JmjC.HG15.3:HSPBAP1	98.0	HSPBAP1	92.0
Hrob_XP_009026773.1	JmjC.HG15.3:HSPBAP1	98.0	HSPBAP1	34.0
Sman_XP_018650624.1	JmjC.HG15.3:HSPBAP1	98.0	HSPBAP1	61.0
Apimel_XP_016767904.1	JmjC.HG15.3:HSPBAP1	98.0	HSPBAP1	61.0
Cint_XP_002119759.1	JmjC.HG15.3:HSPBAP1	98.0	HSPBAP1	61.0
Twil_T_wilhelma_c32405_g1_i2|m.47711	JmjC.HG15.3:HSPBAP1	98.0	HSPBAP1	37.0
Btab_XP_018915393.1	JmjC.HG15.3:HSPBAP1	98.0	HSPBAP1	61.0
Cfra_CFRG2798T1	JmjC.HG15.3:HSPBAP1	98.0	HSPBAP1	85.0
Awhi_Unigene35172_Abeoforma_whisleri|m.22263	JmjC.HG15.3:HSPBAP1	98.0	HSPBAP1	85.0
Eela_EEL_0000209001-mRNA-1	JmjC.HG15.3:HSPBAP1	98.0	HSPBAP1	85.0
Asuu_AgB03_g048_t04	JmjC.HG15.3:HSPBAP1	98.0	HSPBAP1	85.0
Sros_XP_004994182.1	JmjC.HG15.3:HSPBAP1	98.0	HSPBAP1	85.0
Smed_h1SMcT0005103.2	JmjC.HG15.3:HSPBAP1	98.0	HSPBAP1	61.0
Hsap_XP_047304874.1	JmjC.HG15.3:HSPBAP1	98.0	HSPBAP1	63.0
Ovol_OVOC5945	JmjC.HG15.3:HSPBAP1	98.0	HSPBAP1	85.0
Cvir_XP_022288659.1	JmjC.HG15.3:HSPBAP1	98.0	HSPBAP1	47.0
Hsap_XP_047304875.1	JmjC.HG15.3:HSPBAP1	98.0	HSPBAP1	63.0
Ggal_XP_040560166.1	JmjC.HG15.3:HSPBAP1	98.0	HSPBAP1	92.0
Bmor_XP_004921852.1	JmjC.HG15.3:HSPBAP1	98.0	HSPBAP1	61.0
Wban_VDM07865.1	JmjC.HG15.3:HSPBAP1	98.0	HSPBAP1	85.0
Mlei_ML11821a-PA	JmjC.HG15.3:HSPBAP1	98.0	HSPBAP1	37.0
Awhi_Unigene35173_Abeoforma_whisleri|m.22264	JmjC.HG15.3:HSPBAP1	98.0	HSPBAP1	85.0
Bmal_XP_001893320.2	JmjC.HG15.3:HSPBAP1	98.0	HSPBAP1	85.0
Drer_XP_005167885.1	JmjC.HG15.3:HSPBAP1	98.0	HSPBAP1	100.0
Smar_SMAR012789-PA	JmjC.HG15.3:HSPBAP1	98.0	HSPBAP1	61.0
Sbat_VDP06211.1	JmjC.HG15.3:HSPBAP1	98.0	HSPBAP1	85.0
Gpal_Gpal_D383_g03642.t1	JmjC.HG15.3:HSPBAP1	98.0	HSPBAP1	85.0
Twil_T_wilhelma_c32405_g1_i3|m.47712	JmjC.HG15.3:HSPBAP1	98.0	HSPBAP1	37.0
Ggal_XP_040560172.1	JmjC.HG15.3:HSPBAP1	98.0	HSPBAP1	92.0
Lsig_VDK88905.1	JmjC.HG15.3:HSPBAP1	98.0	HSPBAP1	85.0
Cscu_XP_023216396.1	JmjC.HG15.3:HSPBAP1	98.0	HSPBAP1	61.0
Psp.PS1159_PS1159_v2.g11687.t1	JmjC.HG15.3:HSPBAP1	98.0	HSPBAP1	85.0
Pgem_Unigene21894_Pirum_gemmata|m.14170	JmjC.HG15.3:HSPBAP1	98.0	HSPBAP1	85.0
Asuu_AgB03_g048_t03	JmjC.HG15.3:HSPBAP1	98.0	HSPBAP1	85.0
Echgra_XP_024354894.1	JmjC.HG15.3:HSPBAP1	98.0	HSPBAP1	61.0
Agrpla_XP_018334324.1	JmjC.HG15.3:HSPBAP1	98.0	HSPBAP1	61.0
Aque_XP_003390430.1	JmjC.HG15.3:HSPBAP1	98.0	HSPBAP1	37.0
Aplcal_XP_005095742.2	JmjC.HG15.3:HSPBAP1	98.0	HSPBAP1	47.0
Agrpla_XP_025832966.1	JmjC.HG15.3:HSPBAP1	98.0	HSPBAP1	61.0
Hsap_NP_078886.2	JmjC.HG15.3:HSPBAP1	98.0	HSPBAP1	63.0
Ofus_CAH1775754.1	JmjC.HG15.3:HSPBAP1	98.0	HSPBAP1	65.0
Obim_XP_052822003.1	JmjC.HG15.3:HSPBAP1	98.0	HSPBAP1	47.0
Ggal_XP_015145483.2	JmjC.HG15.3:HSPBAP1	98.0	HSPBAP1	92.0
Avit_KAL3984644.1	JmjC.HG15.3:HSPBAP1	98.0	HSPBAP1	85.0
Dimm_MCP9262741.1	JmjC.HG15.3:HSPBAP1	98.0	HSPBAP1	85.0
Mjap_MIJAPON000007023.t1	JmjC.HG15.3:HSPBAP1	98.0	HSPBAP1	85.0
Drer_NP_001003777.1	JmjC.HG15.3:HSPBAP1	98.0	HSPBAP1	100.0
Ggal_XP_040560169.1	JmjC.HG15.3:HSPBAP1	98.0	HSPBAP1	92.0
Dpul_XP_046446230.1	JmjC.HG15.3:HSPBAP1	98.0	HSPBAP1	61.0
Hsap_XP_005247819.1	JmjC.HG15.3:HSPBAP1	98.0	HSPBAP1	100.0
Skow_XP_002741537.1	JmjC.HG15.3:HSPBAP1	98.0	HSPBAP1	47.0
Hsap_XP_016862668.1	JmjC.HG15.3:HSPBAP1	98.0	HSPBAP1	63.0
Sarc_XP_014158518.1	JmjC.HG15.3:HSPBAP1	98.0	HSPBAP1	85.0
Smed_h1SMcT0005103.3	JmjC.HG15.3:HSPBAP1	98.0	HSPBAP1	61.0
Ggal_XP_040560173.1	JmjC.HG15.3:HSPBAP1	98.0	HSPBAP1	92.0
Ggal_XP_040560167.1	JmjC.HG15.3:HSPBAP1	98.0	HSPBAP1	92.0
Twil_T_wilhelma_c32405_g1_i5|m.47714	JmjC.HG15.3:HSPBAP1	98.0	HSPBAP1	37.0
Pvan_XP_069969518.1	JmjC.HG15.3:HSPBAP1	98.0	HSPBAP1	61.0
Twil_T_wilhelma_c32405_g1_i1|m.47710	JmjC.HG15.3:HSPBAP1	98.0	HSPBAP1	37.0
Drer_XP_021334317.1	JmjC.HG15.3:HSPBAP1	98.0	HSPBAP1	100.0
Ggal_XP_040560165.1	JmjC.HG15.3:HSPBAP1	98.0	HSPBAP1	92.0
Obim_XP_052822001.1	JmjC.HG15.3:HSPBAP1	98.0	HSPBAP1	47.0
Lana_XP_013413884.1	JmjC.HG15.3:HSPBAP1	98.0	HSPBAP1	47.0
Hsap_NP_001307657.1	JmjC.HG15.3:HSPBAP1	98.0	HSPBAP1	63.0
Trimur_TMUE_1000003398	JmjC.HG15.3:HSPBAP1	98.0	HSPBAP1	85.0
Agrpla_XP_018334326.1	JmjC.HG15.3:HSPBAP1	98.0	HSPBAP1	61.0
Aque_XP_003385276.1	JmjC.HG15.3:HSPBAP1	98.0	HSPBAP1	37.0
Scil_XP_065198767.1	JmjC.HG15.3:HSPBAP1	98.0	HSPBAP1	37.0
Blan_XP_066295391.1	JmjC.HG15.3:HSPBAP1	98.0	HSPBAP1	65.0
Blan_XP_066295390.1	JmjC.HG15.3:HSPBAP1	98.0	HSPBAP1	65.0
Smed_h1SMcT0005103.1	JmjC.HG15.3:HSPBAP1	98.0	HSPBAP1	61.0
Dmel_NP_651581.2	JmjC.HG15.3:HSPBAP1	98.0	HSPBAP1	61.0
Tsui_KHJ40711.1	JmjC.HG15.3:HSPBAP1	98.0	HSPBAP1	85.0
Apla_XP_022084577.1	JmjC.HG15.3:HSPBAP1	98.0	HSPBAP1	47.0
Xtro_XP_031749400.1	JmjC.HG15.3:HSPBAP1	98.0	HSPBAP1	98.0
Obim_XP_052822004.1	JmjC.HG15.3:HSPBAP1	98.0	HSPBAP1	47.0
Ttri_CDW54493.1	JmjC.HG15.3:HSPBAP1	98.0	HSPBAP1	85.0
Mbre_XP_001746822.1	JmjC.HG15.4:like:HSPBAP1	99.0	NA	NA
Scil_XP_065179077.1	JmjC.HG15.4:like:HSPBAP1	99.0	NA	NA
Lcom_lcpid108210|	JmjC.HG15.4:like:HSPBAP1	99.0	NA	NA
Scil_XP_065179076.1	JmjC.HG15.4:like:HSPBAP1	99.0	NA	NA
Sros_XP_004993820.1	JmjC.HG15.5:like:HSPBAP1	100.0	NA	NA
Twil_T_wilhelma_c31096_g1_i6|m.39746	JmjC.HG15.5:like:HSPBAP1	100.0	NA	NA
Mbre_XP_001742542.1	JmjC.HG15.5:like:HSPBAP1	100.0	NA	NA
Aque_XP_019853179.1	JmjC.HG15.5:like:HSPBAP1	100.0	NA	NA
Emue_Em0020g127a	JmjC.HG15.5:like:HSPBAP1	100.0	NA	NA
Pigchi_Pchi_g13709	JmjC.HG15.5:like:HSPBAP1	100.0	NA	NA
Cowc_XP_004349075.2	JmjC.HG15.5:like:HSPBAP1	100.0	NA	NA
Pigvie_Pvie_g2304	JmjC.HG15.5:like:HSPBAP1	100.0	NA	NA
Sros_XP_004995009.1	JmjC.HG15.6:like:HSPBAP1	1.0	NA	NA
Mbre_XP_001750711.1	JmjC.HG15.7:like:HSPBAP1	1.0	NA	NA
Sros_XP_004990731.1	JmjC.HG15.8:like:HSPBAP1	1.0	NA	NA
Ever_VDD88057.1	JmjC.HG16.0:KDM2A/KDM2B	1.0	KDM2A/KDM2B	1.0/1.0
Smoe_XP_024527750.1	JmjC.HG16.0:KDM2A/KDM2B	1.0	KDM2A/KDM2B	64.0/64.0
Diplco_DCO_002927	JmjC.HG16.0:KDM2A/KDM2B	1.0	KDM2A/KDM2B	1.0/1.0
Cele_NP_498418.3	JmjC.HG16.0:KDM2A/KDM2B	1.0	KDM2A/KDM2B	1.0/1.0
Priarc_PARCANUS000003453.t1	JmjC.HG16.0:KDM2A/KDM2B	1.0	KDM2A/KDM2B	1.0/1.0
Avit_KAL4002846.1	JmjC.HG16.0:KDM2A/KDM2B	1.0	KDM2A/KDM2B	1.0/1.0
Bmal_XP_042933214.1	JmjC.HG16.0:KDM2A/KDM2B	1.0	KDM2A/KDM2B	1.0/1.0
Scar_TKR68166.1	JmjC.HG16.0:KDM2A/KDM2B	1.0	KDM2A/KDM2B	1.0/1.0
Hcon_XGW16589.1	JmjC.HG16.0:KDM2A/KDM2B	1.0	KDM2A/KDM2B	1.0/1.0
Mbel_CAJ0962955.1	JmjC.HG16.0:KDM2A/KDM2B	1.0	KDM2A/KDM2B	1.0/1.0
Ddip_jg10423	JmjC.HG16.0:KDM2A/KDM2B	1.0	KDM2A/KDM2B	1.0/1.0
Angcan_KAE9420235.1	JmjC.HG16.0:KDM2A/KDM2B	1.0	KDM2A/KDM2B	1.0/1.0
Ddip_jg23958	JmjC.HG16.0:KDM2A/KDM2B	1.0	KDM2A/KDM2B	1.0/1.0
Diplco_DCO_002928	JmjC.HG16.0:KDM2A/KDM2B	1.0	KDM2A/KDM2B	1.0/1.0
Gpal_Gpal_D383_g10379.t1	JmjC.HG16.0:KDM2A/KDM2B	1.0	KDM2A/KDM2B	1.0/1.0
Ovol_OVOC8642	JmjC.HG16.0:KDM2A/KDM2B	1.0	KDM2A/KDM2B	1.0/1.0
Priarc_PARCANUS000008636.t1	JmjC.HG16.0:KDM2A/KDM2B	1.0	KDM2A/KDM2B	1.0/1.0
Mjap_MIJAPON000001293.t1	JmjC.HG16.0:KDM2A/KDM2B	1.0	KDM2A/KDM2B	1.0/1.0
Acey_EYC20807.1	JmjC.HG16.0:KDM2A/KDM2B	1.0	KDM2A/KDM2B	1.0/1.0
Srat_XP_024503932.1	JmjC.HG16.0:KDM2A/KDM2B	1.0	KDM2A/KDM2B	1.0/1.0
Hcon_XGW16588.1	JmjC.HG16.0:KDM2A/KDM2B	1.0	KDM2A/KDM2B	1.0/1.0
Hpol_VDO64892.1	JmjC.HG16.0:KDM2A/KDM2B	1.0	KDM2A/KDM2B	1.0/1.0
Lloa_XP_020303735.1	JmjC.HG16.0:KDM2A/KDM2B	1.0	KDM2A/KDM2B	1.0/1.0
Priarc_PARCANUS000003063.t1	JmjC.HG16.0:KDM2A/KDM2B	1.0	KDM2A/KDM2B	1.0/1.0
Otip_Oti_2625_t	JmjC.HG16.0:KDM2A/KDM2B	1.0	KDM2A/KDM2B	1.0/1.0
Avit_KAL4002845.1	JmjC.HG16.0:KDM2A/KDM2B	1.0	KDM2A/KDM2B	1.0/1.0
Cele_NP_498419.3	JmjC.HG16.0:KDM2A/KDM2B	1.0	KDM2A/KDM2B	1.0/1.0
Lana_XP_013394792.1	JmjC.HG16.0:KDM2A/KDM2B	1.0	KDM2A/KDM2B	68.0/68.0
Lpol_XP_013778988.1	JmjC.HG16.0:KDM2A/KDM2B	1.0	KDM2A/KDM2B	68.0/68.0
Drer_NP_001410477.1	JmjC.HG16.0:KDM2A/KDM2B	1.0	KDM2B	100.0
Hsap_XP_047285666.1	JmjC.HG16.0:KDM2A/KDM2B	1.0	KDM2B	100.0
Bmor_XP_004928906.1	JmjC.HG16.0:KDM2A/KDM2B	1.0	KDM2A/KDM2B	68.0/68.0
Ggal_XP_004945618.1	JmjC.HG16.0:KDM2A/KDM2B	1.0	KDM2B	100.0
Lpol_XP_022243927.1	JmjC.HG16.0:KDM2A/KDM2B	1.0	KDM2A/KDM2B	68.0/68.0
Aque_XP_011404618.2	JmjC.HG16.0:KDM2A/KDM2B	1.0	KDM2A/KDM2B	96.0/96.0
Ggal_XP_046757210.1	JmjC.HG16.0:KDM2A/KDM2B	1.0	KDM2B	100.0
Drer_XP_068079819.1	JmjC.HG16.0:KDM2A/KDM2B	1.0	KDM2B	100.0
Ggal_XP_025011399.1	JmjC.HG16.0:KDM2A/KDM2B	1.0	KDM2B	100.0
Hsap_XP_047285648.1	JmjC.HG16.0:KDM2A/KDM2B	1.0	KDM2B	100.0
Lpol_XP_022243924.1	JmjC.HG16.0:KDM2A/KDM2B	1.0	KDM2A/KDM2B	68.0/68.0
Hsap_XP_047285660.1	JmjC.HG16.0:KDM2A/KDM2B	1.0	KDM2B	93.0
Agrpla_XP_025836100.1	JmjC.HG16.0:KDM2A/KDM2B	1.0	KDM2A/KDM2B	68.0/68.0
Apla_XP_022085616.1	JmjC.HG16.0:KDM2A/KDM2B	1.0	KDM2A/KDM2B	52.0/52.0
Ggal_XP_004945613.1	JmjC.HG16.0:KDM2A/KDM2B	1.0	KDM2B	100.0
Ggal_XP_015131080.1	JmjC.HG16.0:KDM2A/KDM2B	1.0	KDM2B	100.0
Hsap_XP_047285649.1	JmjC.HG16.0:KDM2A/KDM2B	1.0	KDM2B	71.0
Smed_h1SMcT0005069.5	JmjC.HG16.0:KDM2A/KDM2B	1.0	KDM2A/KDM2B	87.0/87.0
Ggal_XP_004945615.1	JmjC.HG16.0:KDM2A/KDM2B	1.0	KDM2B	100.0
Hsap_XP_047285637.1	JmjC.HG16.0:KDM2A/KDM2B	1.0	KDM2B	80.0
Ggal_XP_040504334.1	JmjC.HG16.0:KDM2A/KDM2B	1.0	KDM2B	100.0
Xtro_XP_031748491.1	JmjC.HG16.0:KDM2A/KDM2B	1.0	KDM2B	100.0
Smed_h1SMcT0005069.1	JmjC.HG16.0:KDM2A/KDM2B	1.0	KDM2A/KDM2B	87.0/87.0
Ggal_XP_004945614.1	JmjC.HG16.0:KDM2A/KDM2B	1.0	KDM2B	100.0
Hsap_XP_047285663.1	JmjC.HG16.0:KDM2A/KDM2B	1.0	KDM2B	80.0
Hsap_XP_047285661.1	JmjC.HG16.0:KDM2A/KDM2B	1.0	KDM2B	100.0
Hduj_OQV18915.1	JmjC.HG16.0:KDM2A/KDM2B	1.0	KDM2A/KDM2B	100.0/100.0
Hsap_XP_047285657.1	JmjC.HG16.0:KDM2A/KDM2B	1.0	KDM2B	99.0
Bmor_XP_021205389.1	JmjC.HG16.0:KDM2A/KDM2B	1.0	KDM2A/KDM2B	68.0/68.0
Hsap_XP_047285671.1	JmjC.HG16.0:KDM2A/KDM2B	1.0	KDM2B	68.0
Lpol_XP_022243928.1	JmjC.HG16.0:KDM2A/KDM2B	1.0	KDM2A/KDM2B	68.0/68.0
Hsap_XP_047285639.1	JmjC.HG16.0:KDM2A/KDM2B	1.0	KDM2B	80.0
Twil_T_wilhelma_c29644_g1_i1|m.31020	JmjC.HG16.0:KDM2A/KDM2B	1.0	KDM2A/KDM2B	96.0/96.0
Sarc_XP_014161452.1	JmjC.HG16.0:KDM2A/KDM2B	1.0	KDM2A/KDM2B	64.0/64.0
Dpul_XP_046452222.1	JmjC.HG16.0:KDM2A/KDM2B	1.0	KDM2A/KDM2B	68.0/68.0
Hrob_XP_009031639.1	JmjC.HG16.0:KDM2A/KDM2B	1.0	KDM2A/KDM2B	68.0/68.0
Cint_NP_001071898.1	JmjC.HG16.0:KDM2A/KDM2B	1.0	KDM2A/KDM2B	75.0/75.0
Hsap_XP_047285640.1	JmjC.HG16.0:KDM2A/KDM2B	1.0	KDM2B	80.0
Hsap_XP_047285669.1	JmjC.HG16.0:KDM2A/KDM2B	1.0	KDM2B	25.0
Ggal_XP_004945612.1	JmjC.HG16.0:KDM2A/KDM2B	1.0	KDM2B	100.0
Hsap_XP_047285659.1	JmjC.HG16.0:KDM2A/KDM2B	1.0	KDM2B	71.0
Scil_XP_065189801.1	JmjC.HG16.0:KDM2A/KDM2B	1.0	KDM2A/KDM2B	68.0/68.0
Hsap_XP_047285658.1	JmjC.HG16.0:KDM2A/KDM2B	1.0	KDM2B	99.0
Lpol_XP_022243922.1	JmjC.HG16.0:KDM2A/KDM2B	1.0	KDM2A/KDM2B	68.0/68.0
Xtro_XP_031748506.1	JmjC.HG16.0:KDM2A/KDM2B	1.0	KDM2B	100.0
Apla_XP_022085617.1	JmjC.HG16.0:KDM2A/KDM2B	1.0	KDM2A/KDM2B	52.0/52.0
Dpul_XP_046452221.1	JmjC.HG16.0:KDM2A/KDM2B	1.0	KDM2A/KDM2B	68.0/68.0
Hsap_XP_047285665.1	JmjC.HG16.0:KDM2A/KDM2B	1.0	KDM2B	100.0
Hsap_XP_005254013.1	JmjC.HG16.0:KDM2A/KDM2B	1.0	KDM2B	100.0
Cfra_CFRG5440T1	JmjC.HG16.0:KDM2A/KDM2B	1.0	KDM2A/KDM2B	64.0/64.0
Agrpla_XP_018328670.2	JmjC.HG16.0:KDM2A/KDM2B	1.0	KDM2A/KDM2B	68.0/68.0
Ggal_XP_004945610.1	JmjC.HG16.0:KDM2A/KDM2B	1.0	KDM2B	100.0
Smed_h1SMcT0005069.4	JmjC.HG16.0:KDM2A/KDM2B	1.0	KDM2A/KDM2B	87.0/87.0
Hsap_XP_047285644.1	JmjC.HG16.0:KDM2A/KDM2B	1.0	KDM2B	80.0
Hsap_XP_047285662.1	JmjC.HG16.0:KDM2A/KDM2B	1.0	KDM2B	80.0
Lpol_XP_022243923.1	JmjC.HG16.0:KDM2A/KDM2B	1.0	KDM2A/KDM2B	68.0/68.0
Apimel_XP_026294963.1	JmjC.HG16.0:KDM2A/KDM2B	1.0	KDM2A/KDM2B	68.0/68.0
Xtro_NP_001011176.1	JmjC.HG16.0:KDM2A/KDM2B	1.0	KDM2A	100.0
Hsap_XP_047285655.1	JmjC.HG16.0:KDM2A/KDM2B	1.0	KDM2B	85.0
Hsap_XP_047285654.1	JmjC.HG16.0:KDM2A/KDM2B	1.0	KDM2B	85.0
Ofus_CAH1801472.1	JmjC.HG16.0:KDM2A/KDM2B	1.0	KDM2A/KDM2B	68.0/68.0
Mpol_BFI28826.1	JmjC.HG16.0:KDM2A/KDM2B	1.0	KDM2A/KDM2B	64.0/64.0
Mpol_BFI28825.1	JmjC.HG16.0:KDM2A/KDM2B	1.0	KDM2A/KDM2B	64.0/64.0
Hsap_XP_047285653.1	JmjC.HG16.0:KDM2A/KDM2B	1.0	KDM2B	8.0
Hsap_XP_047285670.1	JmjC.HG16.0:KDM2A/KDM2B	1.0	KDM2B	60.0
Hsap_NP_115979.3	JmjC.HG16.0:KDM2A/KDM2B	1.0	KDM2B	71.0
Smoe_XP_024528476.1	JmjC.HG16.0:KDM2A/KDM2B	1.0	KDM2A/KDM2B	64.0/64.0
Lpol_XP_022243926.1	JmjC.HG16.0:KDM2A/KDM2B	1.0	KDM2A/KDM2B	68.0/68.0
Hsap_XP_047285638.1	JmjC.HG16.0:KDM2A/KDM2B	1.0	KDM2B	80.0
Hsap_XP_047285652.1	JmjC.HG16.0:KDM2A/KDM2B	1.0	KDM2B	80.0
Hsap_XP_047285664.1	JmjC.HG16.0:KDM2A/KDM2B	1.0	KDM2B	85.0
Lpol_XP_022243925.1	JmjC.HG16.0:KDM2A/KDM2B	1.0	KDM2A/KDM2B	68.0/68.0
Xtro_XP_031748498.1	JmjC.HG16.0:KDM2A/KDM2B	1.0	KDM2B	100.0
Ggal_XP_004945616.1	JmjC.HG16.0:KDM2A/KDM2B	1.0	KDM2B	100.0
Xtro_XP_031748490.1	JmjC.HG16.0:KDM2A/KDM2B	1.0	KDM2B	100.0
Hsap_XP_047285646.1	JmjC.HG16.0:KDM2A/KDM2B	1.0	KDM2B	80.0
Twil_T_wilhelma_c29644_g1_i3|m.31022	JmjC.HG16.0:KDM2A/KDM2B	1.0	KDM2A/KDM2B	96.0/96.0
Pvan_XP_069969648.1	JmjC.HG16.0:KDM2A/KDM2B	1.0	KDM2A/KDM2B	68.0/68.0
Hsap_XP_047285668.1	JmjC.HG16.0:KDM2A/KDM2B	1.0	KDM2B	40.0
Tadh_XP_002108337.1	JmjC.HG16.0:KDM2A/KDM2B	1.0	KDM2A/KDM2B	52.0/52.0
Rvar_GAU93788.1	JmjC.HG16.0:KDM2A/KDM2B	1.0	KDM2A/KDM2B	100.0/100.0
Hsap_XP_006718543.1	JmjC.HG16.0:KDM2A/KDM2B	1.0	KDM2A	100.0
Hsap_XP_047285667.1	JmjC.HG16.0:KDM2A/KDM2B	1.0	KDM2B	41.0
Hsap_XP_047282579.1	JmjC.HG16.0:KDM2A/KDM2B	1.0	KDM2A	100.0
Xtro_XP_031748515.1	JmjC.HG16.0:KDM2A/KDM2B	1.0	KDM2B	100.0
Hsap_NP_001005366.1	JmjC.HG16.0:KDM2A/KDM2B	1.0	KDM2B	71.0
Lpol_XP_013776610.2	JmjC.HG16.0:KDM2A/KDM2B	1.0	KDM2A/KDM2B	68.0/68.0
Hsap_XP_005254012.1	JmjC.HG16.0:KDM2A/KDM2B	1.0	KDM2B	100.0
Avag_UJR09124.1	JmjC.HG16.0:KDM2A/KDM2B	1.0	KDM2A/KDM2B	87.0/87.0
Hsap_XP_047285656.1	JmjC.HG16.0:KDM2A/KDM2B	1.0	KDM2B	100.0
Hsap_XP_011537169.2	JmjC.HG16.0:KDM2A/KDM2B	1.0	KDM2B	80.0
Sarc_XP_014157134.1	JmjC.HG17.0:TYW5	1.0	TYW5	1.0
Tbri_KRY46151.1	JmjC.HG17.0:TYW5	1.0	TYW5	49.0
Pgem_Unigene28202_Pirum_gemmata|m.16808	JmjC.HG17.0:TYW5	1.0	TYW5	1.0
Cfra_CFRG4915T1	JmjC.HG17.0:TYW5	1.0	TYW5	1.0
Sarc_XP_014157133.1	JmjC.HG17.0:TYW5	1.0	TYW5	1.0
Awhi_Unigene41446_Abeoforma_whisleri|m.26447	JmjC.HG17.0:TYW5	1.0	TYW5	1.0
Cper_Nk52_evm11s128	JmjC.HG17.0:TYW5	1.0	TYW5	96.0
Tnel_KRX24698.1	JmjC.HG17.0:TYW5	1.0	TYW5	49.0
Ofus_CAH1788010.1	JmjC.HG17.0:TYW5	1.0	TYW5	72.0
Apla_XP_022111914.1	JmjC.HG17.0:TYW5	1.0	TYW5	49.0
Ggal_XP_046799523.1	JmjC.HG17.0:TYW5	1.0	TYW5	96.0
Aplcal_XP_005099470.1	JmjC.HG17.0:TYW5	1.0	TYW5	72.0
Scil_XP_065183108.1	JmjC.HG17.0:TYW5	1.0	TYW5	66.0
Xtro_XP_002937758.2	JmjC.HG17.0:TYW5	1.0	TYW5	100.0
Tnat_KRZ49428.1	JmjC.HG17.0:TYW5	1.0	TYW5	49.0
Hrob_XP_009028320.1	JmjC.HG17.0:TYW5	1.0	TYW5	49.0
Rvar_GAU91380.1	JmjC.HG17.0:TYW5	1.0	TYW5	66.0
Drer_NP_001071011.1	JmjC.HG17.0:TYW5	1.0	TYW5	96.0
Hrob_XP_009024285.1	JmjC.HG17.0:TYW5	1.0	NA	NA
Hduj_OWA54141.1	JmjC.HG17.0:TYW5	1.0	TYW5	66.0
Avag_UJR15517.1	JmjC.HG17.0:TYW5	1.0	TYW5	96.0
Tbri_KRY46150.1	JmjC.HG17.0:TYW5	1.0	TYW5	49.0
Aplcal_XP_035829649.1	JmjC.HG17.0:TYW5	1.0	TYW5	72.0
Lpol_XP_022253312.1	JmjC.HG17.0:TYW5	1.0	TYW5	72.0
Blan_XP_066305308.1	JmjC.HG17.0:TYW5	1.0	TYW5	49.0
Lana_XP_013388936.1	JmjC.HG17.0:TYW5	1.0	TYW5	72.0
Sros_XP_004990571.1	JmjC.HG17.0:TYW5	1.0	TYW5	96.0
Ggal_XP_004942654.1	JmjC.HG17.0:TYW5	1.0	TYW5	96.0
Twil_T_wilhelma_c23974_g1_i2|m.10849	JmjC.HG17.0:TYW5	1.0	TYW5	66.0
Tnel_KRX24697.1	JmjC.HG17.0:TYW5	1.0	TYW5	49.0
Obim_XP_014776653.2	JmjC.HG17.0:TYW5	1.0	TYW5	72.0
Skow_XP_002737984.1	JmjC.HG17.0:TYW5	1.0	TYW5	72.0
Lana_XP_013403507.1	JmjC.HG17.0:TYW5	1.0	NA	NA
Dpul_XP_046438225.1	JmjC.HG17.0:TYW5	1.0	TYW5	66.0
Hsap_XP_047299229.1	JmjC.HG17.0:TYW5	1.0	TYW5	85.0
Lana_XP_013403506.1	JmjC.HG17.0:TYW5	1.0	NA	NA
Cscu_XP_023216673.1	JmjC.HG17.0:TYW5	1.0	TYW5	96.0
Pigchi_Pchi_g1021	JmjC.HG17.0:TYW5	1.0	NA	NA
Xtro_XP_004917820.2	JmjC.HG17.0:TYW5	1.0	TYW5	100.0
Xtro_XP_017952963.2	JmjC.HG17.0:TYW5	1.0	TYW5	100.0
Xtro_XP_004917819.2	JmjC.HG17.0:TYW5	1.0	TYW5	100.0
Pigchi_Pchi_g5980	JmjC.HG17.0:TYW5	1.0	TYW5	96.0
Tnat_KRZ49426.1	JmjC.HG17.0:TYW5	1.0	TYW5	49.0
Tbri_KRY46149.1	JmjC.HG17.0:TYW5	1.0	TYW5	49.0
Emue_Em0019g342a	JmjC.HG17.0:TYW5	1.0	TYW5	66.0
Cint_XP_002125620.1	JmjC.HG17.0:TYW5	1.0	TYW5	19.0
Tnat_KRZ49427.1	JmjC.HG17.0:TYW5	1.0	TYW5	49.0
Smed_h1SMcT0020502.1	JmjC.HG17.0:TYW5	1.0	TYW5	66.0
Otau_XP_003080899.2	JmjC.HG17.0:TYW5	1.0	TYW5	96.0
Lpol_XP_013785085.1	JmjC.HG17.0:TYW5	1.0	TYW5	72.0
Pigvie_Pvie_g931	JmjC.HG17.0:TYW5	1.0	TYW5	96.0
Aque_XP_003386527.1	JmjC.HG17.0:TYW5	1.0	TYW5	66.0
Ggal_NP_001292060.1	JmjC.HG17.0:TYW5	1.0	TYW5	96.0
Lana_XP_013416780.1	JmjC.HG17.0:TYW5	1.0	TYW5	72.0
Hsap_XP_047299227.1	JmjC.HG17.0:TYW5	1.0	TYW5	85.0
Crei_XP_042916964.1	JmjC.HG17.0:TYW5	1.0	TYW5	96.0
Tspi_XP_003374229.1	JmjC.HG17.0:TYW5	1.0	TYW5	49.0
Cint_XP_002129532.1	JmjC.HG17.0:TYW5	1.0	NA	NA
Spur_XP_787777.3	JmjC.HG17.0:TYW5	1.0	TYW5	49.0
Skow_XP_006816796.1	JmjC.HG17.0:TYW5	1.0	TYW5	72.0
Hsap_XP_047299228.1	JmjC.HG17.0:TYW5	1.0	TYW5	100.0
Pigvie_Pvie_g14050	JmjC.HG17.0:TYW5	1.0	NA	NA
Otau_XP_003081227.1	JmjC.HG17.0:TYW5	1.0	TYW5	96.0
Hsap_NP_001034782.1	JmjC.HG17.0:TYW5	1.0	TYW5	85.0
Mbre_XP_001748820.1	JmjC.HG17.0:TYW5	1.0	TYW5	96.0
Apla_XP_022111913.1	JmjC.HG17.0:TYW5	1.0	TYW5	49.0
Scil_XP_065183107.1	JmjC.HG17.0:TYW5	1.0	TYW5	66.0
Tadh_XP_002116396.1	JmjC.HG17.0:TYW5	1.0	TYW5	72.0
Tbri_KRY46152.1	JmjC.HG17.0:TYW5	1.0	TYW5	49.0
Cvir_XP_022301647.1	JmjC.HG17.0:TYW5	1.0	TYW5	72.0
Ggal_XP_046799524.1	JmjC.HG17.0:TYW5	1.0	TYW5	96.0
Lcom_lcpid100950|	JmjC.HG17.0:TYW5	1.0	TYW5	66.0
Lpol_XP_022253311.1	JmjC.HG17.0:TYW5	1.0	TYW5	72.0
Twil_T_wilhelma_c23974_g1_i1|m.10848	JmjC.HG17.0:TYW5	1.0	TYW5	66.0
Scil_XP_065188060.1	JmjC.HG18.0:JARID2	1.0	JARID2	1.0
Lana_XP_013389664.1	JmjC.HG18.0:JARID2	1.0	JARID2	82.0
Lcom_lcpid48538|	JmjC.HG18.0:JARID2	1.0	JARID2	1.0
Hsap_XP_047274700.1	JmjC.HG18.0:JARID2	1.0	JARID2	100.0
Blan_XP_066289048.1	JmjC.HG18.0:JARID2	1.0	JARID2	74.0
Ofus_CAH1780364.1	JmjC.HG18.0:JARID2	1.0	JARID2	82.0
Agrpla_XP_018332562.2	JmjC.HG18.0:JARID2	1.0	JARID2	82.0
Hsap_XP_047274691.1	JmjC.HG18.0:JARID2	1.0	JARID2	52.0
Drer_XP_001345885.4	JmjC.HG18.0:JARID2	1.0	NA	NA
Skow_XP_006814240.1	JmjC.HG18.0:JARID2	1.0	JARID2	80.0
Hsap_XP_047274694.1	JmjC.HG18.0:JARID2	1.0	JARID2	38.0
Obim_XP_014783841.1	JmjC.HG18.0:JARID2	1.0	JARID2	82.0
Xtro_XP_002932734.2	JmjC.HG18.0:JARID2	1.0	JARID2	100.0
Hsap_XP_047274696.1	JmjC.HG18.0:JARID2	1.0	JARID2	73.0
Pvan_XP_069979632.1	JmjC.HG18.0:JARID2	1.0	JARID2	82.0
Hsap_XP_024302192.1	JmjC.HG18.0:JARID2	1.0	JARID2	7.0
Hsap_XP_047274702.1	JmjC.HG18.0:JARID2	1.0	JARID2	100.0
Lpol_XP_022244887.1	JmjC.HG18.0:JARID2	1.0	JARID2	82.0
Cscu_XP_023236177.1	JmjC.HG18.0:JARID2	1.0	JARID2	82.0
Hsap_XP_047274695.1	JmjC.HG18.0:JARID2	1.0	JARID2	7.0
Hsap_XP_047274698.1	JmjC.HG18.0:JARID2	1.0	JARID2	1.0
Bmor_XP_062531506.1	JmjC.HG18.0:JARID2	1.0	JARID2	82.0
Obim_XP_014783839.1	JmjC.HG18.0:JARID2	1.0	JARID2	82.0
Spur_XP_030831437.1	JmjC.HG18.0:JARID2	1.0	JARID2	80.0
Tadh_XP_002112043.1	JmjC.HG18.0:JARID2	1.0	JARID2	100.0
Hsap_XP_047274693.1	JmjC.HG18.0:JARID2	1.0	JARID2	63.0
Agrpla_XP_025830016.1	JmjC.HG18.0:JARID2	1.0	JARID2	82.0
Hsap_XP_047274704.1	JmjC.HG18.0:JARID2	1.0	JARID2	100.0
Cvir_XP_022335998.1	JmjC.HG18.0:JARID2	1.0	JARID2	82.0
Apla_XP_022082350.1	JmjC.HG18.0:JARID2	1.0	JARID2	80.0
Apla_XP_022082352.1	JmjC.HG18.0:JARID2	1.0	JARID2	80.0
Xtro_XP_012820860.1	JmjC.HG18.0:JARID2	1.0	JARID2	100.0
Apimel_XP_026297511.1	JmjC.HG18.0:JARID2	1.0	JARID2	82.0
Drer_XP_009292492.1	JmjC.HG18.0:JARID2	1.0	JARID2	57.0
Dmel_NP_648324.1	JmjC.HG18.0:JARID2	1.0	JARID2	82.0
Ggal_XP_046780089.1	JmjC.HG18.0:JARID2	1.0	JARID2	99.0
Hsap_XP_024302193.2	JmjC.HG18.0:JARID2	1.0	JARID2	100.0
Hsap_NP_001253969.1	JmjC.HG18.0:JARID2	1.0	JARID2	52.0
Ggal_NP_001012880.2	JmjC.HG18.0:JARID2	1.0	JARID2	99.0
Btab_XP_018896219.1	JmjC.HG18.0:JARID2	1.0	JARID2	82.0
Hsap_XP_047274692.1	JmjC.HG18.0:JARID2	1.0	JARID2	52.0
Btab_XP_018916751.1	JmjC.HG18.0:JARID2	1.0	JARID2	82.0
Bmor_XP_012551459.3	JmjC.HG18.0:JARID2	1.0	JARID2	82.0
Mlei_ML07352a-PA	JmjC.HG18.0:JARID2	1.0	JARID2	74.0
Apimel_XP_026297512.1	JmjC.HG18.0:JARID2	1.0	JARID2	82.0
Obim_XP_052822106.1	JmjC.HG18.0:JARID2	1.0	JARID2	82.0
Mbre_XP_001748028.1	JmjC.HG18.0:JARID2	1.0	JARID2	74.0
Hsap_XP_047274701.1	JmjC.HG18.0:JARID2	1.0	JARID2	100.0
Hsap_XP_016866324.1	JmjC.HG18.0:JARID2	1.0	JARID2	7.0
Hsap_NP_004964.2	JmjC.HG18.0:JARID2	1.0	JARID2	52.0
Blan_XP_066289047.1	JmjC.HG18.0:JARID2	1.0	JARID2	74.0
Drer_NP_001189388.1	JmjC.HG18.0:JARID2	1.0	JARID2	57.0
Ggal_XP_046780090.1	JmjC.HG18.0:JARID2	1.0	JARID2	99.0
Bmor_XP_012551457.3	JmjC.HG18.0:JARID2	1.0	JARID2	82.0
Hsap_XP_011512881.1	JmjC.HG18.0:JARID2	1.0	JARID2	52.0
Hsap_XP_047274699.1	JmjC.HG18.0:JARID2	1.0	JARID2	1.0
Obim_XP_014783840.1	JmjC.HG18.0:JARID2	1.0	JARID2	82.0
Lana_XP_013389663.1	JmjC.HG18.0:JARID2	1.0	JARID2	82.0
Hsap_XP_016866322.1	JmjC.HG18.0:JARID2	1.0	JARID2	52.0
Hsap_XP_047274697.1	JmjC.HG18.0:JARID2	1.0	JARID2	1.0
Apla_XP_022082351.1	JmjC.HG18.0:JARID2	1.0	JARID2	80.0
Aplcal_XP_012942120.2	JmjC.HG18.0:JARID2	1.0	JARID2	82.0
Smar_SMAR007072-PA	JmjC.HG18.0:JARID2	1.0	JARID2	82.0
Aplcal_XP_035827638.1	JmjC.HG18.0:JARID2	1.0	JARID2	82.0
Sros_XP_004989858.1	JmjC.HG18.0:JARID2	1.0	JARID2	74.0
Hsap_XP_047274703.1	JmjC.HG18.0:JARID2	1.0	JARID2	19.0
Mbre_XP_001745294.1	JmjC.HG19.0:NA	1.0	NA	NA
Sarc_XP_014160743.1	JmjC.HG19.0:NA	1.0	NA	NA
Mbre_XP_001747129.1	JmjC.HG19.0:NA	1.0	NA	NA
Cfra_CFRG4844T1	JmjC.HG19.0:NA	1.0	NA	NA
Clim_Clim_evm84s25	JmjC.HG2.0:JMJD5/KDM8	88.0	JMJD5/KDM8	88.0/88.0
Lsat_XP_023742173.1	JmjC.HG2.0:JMJD5/KDM8	88.0	JMJD5	93.0
Qlob_XP_030953153.1	JmjC.HG2.0:JMJD5/KDM8	88.0	JMJD5	93.0
Zmay_XP_035823399.1	JmjC.HG2.0:JMJD5/KDM8	88.0	JMJD5	90.0
Lloa_XP_003140884.1	JmjC.HG2.0:JMJD5/KDM8	88.0	KDM8	86.0
Rvar_GAU90323.1	JmjC.HG2.0:JMJD5/KDM8	88.0	KDM8	30.0
Hduj_OQV19329.1	JmjC.HG2.0:JMJD5/KDM8	88.0	KDM8	30.0
Mesc_XP_043805952.1	JmjC.HG2.0:JMJD5/KDM8	88.0	JMJD5	93.0
Atha_NP_001030733.1	JmjC.HG2.0:JMJD5/KDM8	88.0	JMJD5	91.0
Acey_EYB86026.1	JmjC.HG2.0:JMJD5/KDM8	88.0	KDM8	86.0
Ggal_XP_004945335.2	JmjC.HG2.0:JMJD5/KDM8	88.0	KDM8	95.0
Hcon_XGW18521.1	JmjC.HG2.0:JMJD5/KDM8	88.0	KDM8	86.0
Rchi_XP_024159049.1	JmjC.HG2.0:JMJD5/KDM8	88.0	JMJD5	93.0
Hsap_XP_047290610.1	JmjC.HG2.0:JMJD5/KDM8	88.0	KDM8	75.0
Mbre_XP_001742895.1	JmjC.HG2.0:JMJD5/KDM8	88.0	JMJD5	94.0
Drer_XP_068072685.1	JmjC.HG2.0:JMJD5/KDM8	88.0	KDM8	100.0
Hsap_XP_047290612.1	JmjC.HG2.0:JMJD5/KDM8	88.0	KDM8	42.0
Mesc_XP_043805953.1	JmjC.HG2.0:JMJD5/KDM8	88.0	JMJD5	93.0
Atha_NP_566667.1	JmjC.HG2.0:JMJD5/KDM8	88.0	JMJD5	100.0
Ecur_TVU05222.1	JmjC.HG2.0:JMJD5/KDM8	88.0	JMJD5	90.0
Atha_NP_850617.1	JmjC.HG2.0:JMJD5/KDM8	88.0	JMJD5	100.0
Rchi_XP_024159048.1	JmjC.HG2.0:JMJD5/KDM8	88.0	JMJD5	93.0
Ppat_XP_024376209.1	JmjC.HG2.0:JMJD5/KDM8	88.0	KDM8	86.0
Trimur_TMUE_3000012690	JmjC.HG2.0:JMJD5/KDM8	88.0	KDM8	86.0
Pigchi_Pchi_g4251	JmjC.HG2.0:JMJD5/KDM8	88.0	KDM8	63.0
Ofus_CAH1779520.1	JmjC.HG2.0:JMJD5/KDM8	88.0	KDM8	93.0
Tsui_KHJ45102.1	JmjC.HG2.0:JMJD5/KDM8	88.0	KDM8	86.0
Lcom_lcpid51678|	JmjC.HG2.0:JMJD5/KDM8	88.0	KDM8	91.0
Hpol_VDP19018.1	JmjC.HG2.0:JMJD5/KDM8	88.0	KDM8	86.0
Osat_XP_015648710.1	JmjC.HG2.0:JMJD5/KDM8	88.0	JMJD5	90.0
Ovol_OVOC3662	JmjC.HG2.0:JMJD5/KDM8	88.0	KDM8	86.0
Cele_NP_505831.1	JmjC.HG2.0:JMJD5/KDM8	88.0	KDM8	86.0
Lcom_lcpid67550|	JmjC.HG2.0:JMJD5/KDM8	88.0	KDM8	91.0
Bnap_XP_048630334.1	JmjC.HG2.0:JMJD5/KDM8	88.0	JMJD5	95.0
Plae_KAI0985441.1	JmjC.HG2.0:JMJD5/KDM8	88.0	KDM8	86.0
Mjap_MIJAPON000006756.t1	JmjC.HG2.0:JMJD5/KDM8	88.0	KDM8	86.0
Bxyl_CAG9128521.1	JmjC.HG2.0:JMJD5/KDM8	88.0	KDM8	86.0
Hsap_XP_016879165.1	JmjC.HG2.0:JMJD5/KDM8	88.0	KDM8	75.0
Emue_Em0011g644a	JmjC.HG2.0:JMJD5/KDM8	88.0	KDM8	63.0
Hcon_XGW18520.1	JmjC.HG2.0:JMJD5/KDM8	88.0	KDM8	86.0
Sman_XP_018654420.1	JmjC.HG2.0:JMJD5/KDM8	88.0	KDM8	98.0
Bnap_XP_048605489.1	JmjC.HG2.0:JMJD5/KDM8	88.0	NA	NA
Otau_XP_022839388.1	JmjC.HG2.0:JMJD5/KDM8	88.0	NA	NA
Sollyc_NP_001306150.1	JmjC.HG2.0:JMJD5/KDM8	88.0	JMJD5	93.0
Tnel_KRX20256.1	JmjC.HG2.0:JMJD5/KDM8	88.0	KDM8	86.0
Tbri_KRY47478.1	JmjC.HG2.0:JMJD5/KDM8	88.0	KDM8	86.0
Awhi_Unigene29846_Abeoforma_whisleri|m.18337	JmjC.HG2.0:JMJD5/KDM8	88.0	KDM8	91.0
Xtro_NP_001121525.1	JmjC.HG2.0:JMJD5/KDM8	88.0	KDM8	100.0
Asuu_AgB01_g822_t01	JmjC.HG2.0:JMJD5/KDM8	88.0	KDM8	86.0
Ppat_XP_024376210.1	JmjC.HG2.0:JMJD5/KDM8	88.0	KDM8	86.0
Lsig_VDK83118.1	JmjC.HG2.0:JMJD5/KDM8	88.0	KDM8	86.0
Bmor_XP_021207491.2	JmjC.HG2.0:JMJD5/KDM8	88.0	KDM8	30.0
Ecur_TVU10016.1	JmjC.HG2.0:JMJD5/KDM8	88.0	JMJD5	90.0
Plae_KAI0984298.1	JmjC.HG2.0:JMJD5/KDM8	88.0	KDM8	86.0
Sollyc_XP_069152187.1	JmjC.HG2.0:JMJD5/KDM8	88.0	JMJD5	93.0
Tnat_KRZ50470.1	JmjC.HG2.0:JMJD5/KDM8	88.0	KDM8	86.0
Eela_EEL_0000590401-mRNA-1	JmjC.HG2.0:JMJD5/KDM8	88.0	KDM8	86.0
Atha_NP_001327067.1	JmjC.HG2.0:JMJD5/KDM8	88.0	JMJD5	91.0
Mpol_BFI24177.1	JmjC.HG2.0:JMJD5/KDM8	88.0	JMJD5	99.0
Sros_XP_004991404.1	JmjC.HG2.0:JMJD5/KDM8	88.0	KDM8	79.0
Tadh_XP_002109881.1	JmjC.HG2.0:JMJD5/KDM8	88.0	KDM8	63.0
Apla_XP_022085202.1	JmjC.HG2.0:JMJD5/KDM8	88.0	KDM8	93.0
Bdis_XP_014758878.1	JmjC.HG2.0:JMJD5/KDM8	88.0	JMJD5	90.0
Zmay_XP_008665874.1	JmjC.HG2.0:JMJD5/KDM8	88.0	JMJD5	90.0
Atha_NP_001327066.1	JmjC.HG2.0:JMJD5/KDM8	88.0	JMJD5	91.0
Bmal_XP_001897040.1	JmjC.HG2.0:JMJD5/KDM8	88.0	KDM8	86.0
Zmay_XP_035823398.1	JmjC.HG2.0:JMJD5/KDM8	88.0	JMJD5	90.0
Smar_SMAR008599-PA	JmjC.HG2.0:JMJD5/KDM8	88.0	KDM8	35.0
Hsap_NP_001138820.1	JmjC.HG2.0:JMJD5/KDM8	88.0	KDM8	90.0
Tspi_XP_003368987.1	JmjC.HG2.0:JMJD5/KDM8	88.0	KDM8	86.0
Lpol_XP_013774279.1	JmjC.HG2.0:JMJD5/KDM8	88.0	KDM8	93.0
Mbel_CAJ0964053.1	JmjC.HG2.0:JMJD5/KDM8	88.0	KDM8	86.0
Avag_UJR16219.1	JmjC.HG2.0:JMJD5/KDM8	88.0	KDM8	63.0
Plae_KAI0984297.1	JmjC.HG2.0:JMJD5/KDM8	88.0	KDM8	86.0
Spur_XP_030839602.1	JmjC.HG2.0:JMJD5/KDM8	88.0	KDM8	93.0
Cvir_XP_022338439.1	JmjC.HG2.0:JMJD5/KDM8	88.0	KDM8	78.0
Ppur_KAA8493682.1	JmjC.HG2.0:JMJD5/KDM8	88.0	NA	NA
Mesc_XP_043813758.1	JmjC.HG2.0:JMJD5/KDM8	88.0	JMJD5	93.0
Rchi_XP_040375662.1	JmjC.HG2.0:JMJD5/KDM8	88.0	JMJD5	93.0
Ggal_XP_414883.4	JmjC.HG2.0:JMJD5/KDM8	88.0	KDM8	95.0
Crei_XP_042919519.1	JmjC.HG2.0:JMJD5/KDM8	88.0	JMJD5	97.0
Cbra_GBG93401.1	JmjC.HG2.0:JMJD5/KDM8	88.0	JMJD5	97.0
Hrob_XP_009019477.1	JmjC.HG2.0:JMJD5/KDM8	88.0	KDM8	78.0
Cper_Nk52_evm66s2367	JmjC.HG2.0:JMJD5/KDM8	88.0	KDM8	63.0
Qlob_XP_030958989.1	JmjC.HG2.0:JMJD5/KDM8	88.0	JMJD5	93.0
Ddip_jg26521	JmjC.HG2.0:JMJD5/KDM8	88.0	KDM8	86.0
Tura_XP_048530838.1	JmjC.HG2.0:JMJD5/KDM8	88.0	JMJD5	90.0
Psat_XP_050893429.1	JmjC.HG2.0:JMJD5/KDM8	88.0	JMJD5	93.0
Cper_Nk52_evm2s495	JmjC.HG2.0:JMJD5/KDM8	88.0	JMJD5	94.0
Pvan_XP_069991586.1	JmjC.HG2.0:JMJD5/KDM8	88.0	KDM8	63.0
Otau_XP_003074529.2	JmjC.HG2.0:JMJD5/KDM8	88.0	NA	NA
Pigvie_Pvie_g14601	JmjC.HG2.0:JMJD5/KDM8	88.0	KDM8	63.0
Twil_T_wilhelma_c33435_g2_i2|m.55195	JmjC.HG2.0:JMJD5/KDM8	88.0	KDM8	63.0
Tura_XP_048543124.1	JmjC.HG2.0:JMJD5/KDM8	88.0	JMJD5	90.0
Qlob_XP_030958998.1	JmjC.HG2.0:JMJD5/KDM8	88.0	JMJD5	93.0
Scil_XP_065185214.1	JmjC.HG2.0:JMJD5/KDM8	88.0	KDM8	91.0
Tnel_KRX20255.1	JmjC.HG2.0:JMJD5/KDM8	88.0	KDM8	86.0
Angcan_KAE9418089.1	JmjC.HG2.0:JMJD5/KDM8	88.0	KDM8	86.0
Priarc_PARCANUS000014441.t1	JmjC.HG2.0:JMJD5/KDM8	88.0	KDM8	86.0
Mesc_XP_021616705.1	JmjC.HG2.0:JMJD5/KDM8	88.0	JMJD5	93.0
Aque_XP_019853293.1	JmjC.HG2.0:JMJD5/KDM8	88.0	KDM8	63.0
Atri_XP_020526473.1	JmjC.HG2.0:JMJD5/KDM8	88.0	JMJD5	99.0
Dmel_NP_612063.2	JmjC.HG2.0:JMJD5/KDM8	88.0	KDM8	30.0
Drer_NP_001103339.2	JmjC.HG2.0:JMJD5/KDM8	88.0	KDM8	100.0
Pgem_Unigene12170_Pirum_gemmata|m.7832	JmjC.HG2.0:JMJD5/KDM8	88.0	NA	NA
Asuu_AgB01_g822_t03	JmjC.HG2.0:JMJD5/KDM8	88.0	KDM8	86.0
Qlob_XP_030958993.1	JmjC.HG2.0:JMJD5/KDM8	88.0	JMJD5	93.0
Ever_VDD93866.1	JmjC.HG2.0:JMJD5/KDM8	88.0	KDM8	86.0
Apimel_XP_026296209.1	JmjC.HG2.0:JMJD5/KDM8	88.0	KDM8	30.0
Ppat_XP_024399957.1	JmjC.HG2.0:JMJD5/KDM8	88.0	JMJD5	99.0
Cper_Nk52_evm32s628	JmjC.HG2.0:JMJD5/KDM8	88.0	NA	NA
Sbat_VDO98087.1	JmjC.HG2.0:JMJD5/KDM8	88.0	KDM8	86.0
Bnap_XP_013697929.1	JmjC.HG2.0:JMJD5/KDM8	88.0	JMJD5	95.0
Hrob_XP_009019479.1	JmjC.HG2.0:JMJD5/KDM8	88.0	KDM8	78.0
Asuu_AgB01_g822_t02	JmjC.HG2.0:JMJD5/KDM8	88.0	KDM8	86.0
Hsap_NP_079049.2	JmjC.HG2.0:JMJD5/KDM8	88.0	KDM8	90.0
Hsap_XP_047290614.1	JmjC.HG2.0:JMJD5/KDM8	88.0	KDM8	100.0
Cfra_CFRG8355T1	JmjC.HG2.0:JMJD5/KDM8	88.0	KDM8	86.0
Sros_XP_004994314.1	JmjC.HG2.0:JMJD5/KDM8	88.0	NA	NA
Lpol_XP_022241370.1	JmjC.HG2.0:JMJD5/KDM8	88.0	KDM8	93.0
Zmay_XP_008667465.1	JmjC.HG2.0:JMJD5/KDM8	88.0	JMJD5	90.0
Obim_XP_014780508.1	JmjC.HG2.0:JMJD5/KDM8	88.0	KDM8	78.0
Cscu_XP_023216044.1	JmjC.HG2.0:JMJD5/KDM8	88.0	KDM8	93.0
Cfra_CFRG5311T1	JmjC.HG2.0:JMJD5/KDM8	88.0	NA	NA
Lpol_XP_022241371.1	JmjC.HG2.0:JMJD5/KDM8	88.0	KDM8	93.0
Wban_VDM22157.1	JmjC.HG2.0:JMJD5/KDM8	88.0	KDM8	86.0
Mesc_XP_021616706.1	JmjC.HG2.0:JMJD5/KDM8	88.0	JMJD5	93.0
Awhi_Unigene40667_Abeoforma_whisleri|m.26009	JmjC.HG2.0:JMJD5/KDM8	88.0	NA	NA
Mesc_XP_043813756.1	JmjC.HG2.0:JMJD5/KDM8	88.0	JMJD5	93.0
Gpal_Gpal_D383_g00500.t1	JmjC.HG2.0:JMJD5/KDM8	88.0	KDM8	86.0
Rcul_nRc.2.0.1.t13431-RA	JmjC.HG2.0:JMJD5/KDM8	88.0	KDM8	86.0
Rchi_XP_024158191.1	JmjC.HG2.0:JMJD5/KDM8	88.0	JMJD5	93.0
Cofcan_CDP14099.1	JmjC.HG2.0:JMJD5/KDM8	88.0	JMJD5	93.0
Aplcal_XP_005102629.2	JmjC.HG2.0:JMJD5/KDM8	88.0	KDM8	78.0
Osat_XP_015648712.1	JmjC.HG2.0:JMJD5/KDM8	88.0	JMJD5	90.0
Qlob_XP_030953162.1	JmjC.HG2.0:JMJD5/KDM8	88.0	JMJD5	93.0
Mesc_XP_043813755.1	JmjC.HG2.0:JMJD5/KDM8	88.0	JMJD5	93.0
Bnap_XP_013749294.2	JmjC.HG2.0:JMJD5/KDM8	88.0	JMJD5	95.0
Cint_XP_026690226.1	JmjC.HG2.0:JMJD5/KDM8	88.0	KDM8	35.0
Diplco_DCO_001490	JmjC.HG2.0:JMJD5/KDM8	88.0	KDM8	86.0
Bnap_XP_013749295.1	JmjC.HG2.0:JMJD5/KDM8	88.0	JMJD5	95.0
Osat_XP_015648711.1	JmjC.HG2.0:JMJD5/KDM8	88.0	JMJD5	90.0
Skow_XP_006813260.1	JmjC.HG2.0:JMJD5/KDM8	88.0	KDM8	93.0
Osat_XP_015610619.1	JmjC.HG2.0:JMJD5/KDM8	88.0	JMJD5	90.0
Avit_KAL3989456.1	JmjC.HG2.0:JMJD5/KDM8	88.0	KDM8	86.0
Ggal_XP_025010992.2	JmjC.HG2.0:JMJD5/KDM8	88.0	KDM8	95.0
Zmay_XP_008665873.1	JmjC.HG2.0:JMJD5/KDM8	88.0	JMJD5	90.0
Lpol_XP_022241372.1	JmjC.HG2.0:JMJD5/KDM8	88.0	KDM8	93.0
Tura_XP_048542530.1	JmjC.HG2.0:JMJD5/KDM8	88.0	JMJD5	90.0
Zmay_XP_023157516.1	JmjC.HG2.0:JMJD5/KDM8	88.0	JMJD5	90.0
Ddip_jg26533	JmjC.HG2.0:JMJD5/KDM8	88.0	KDM8	86.0
Trimur_TMUE_0000000640	JmjC.HG2.0:JMJD5/KDM8	88.0	KDM8	86.0
Zmay_XP_008651381.1	JmjC.HG2.0:JMJD5/KDM8	88.0	JMJD5	90.0
Dmel_NP_001261225.1	JmjC.HG2.0:JMJD5/KDM8	88.0	KDM8	30.0
Lcom_lcpid115304|	JmjC.HG2.0:JMJD5/KDM8	88.0	KDM8	91.0
Pgem_Unigene22502_Pirum_gemmata|m.14473	JmjC.HG2.0:JMJD5/KDM8	88.0	NA	NA
Lana_XP_013411836.1	JmjC.HG2.0:JMJD5/KDM8	88.0	KDM8	93.0
Hsap_XP_047290613.1	JmjC.HG2.0:JMJD5/KDM8	88.0	KDM8	72.0
Dimm_MCP9257372.1	JmjC.HG2.0:JMJD5/KDM8	88.0	KDM8	86.0
Zmay_NP_001140556.1	JmjC.HG2.0:JMJD5/KDM8	88.0	JMJD5	90.0
Sarc_XP_014151949.1	JmjC.HG2.0:JMJD5/KDM8	88.0	KDM8	86.0
Srat_XP_024508351.1	JmjC.HG2.0:JMJD5/KDM8	88.0	KDM8	86.0
Otip_Oti_326_t	JmjC.HG2.0:JMJD5/KDM8	88.0	KDM8	86.0
Dpul_XP_046461813.1	JmjC.HG2.0:JMJD5/KDM8	88.0	KDM8	63.0
Rchi_XP_040375663.1	JmjC.HG2.0:JMJD5/KDM8	88.0	JMJD5	93.0
Bnap_XP_048630333.1	JmjC.HG2.0:JMJD5/KDM8	88.0	JMJD5	95.0
Blan_XP_066295512.1	JmjC.HG2.0:JMJD5/KDM8	88.0	KDM8	89.0
Smoe_XP_024531781.1	JmjC.HG2.0:JMJD5/KDM8	88.0	JMJD5	99.0
Sypmur_SMUV_0000527301-mRNA-1	JmjC.HG2.0:JMJD5/KDM8	88.0	KDM8	86.0
Cfra_CFRG3953T1	JmjC.HG2.0:JMJD5/KDM8	88.0	NA	NA
Ecur_TVU01081.1	JmjC.HG2.0:JMJD5/KDM8	88.0	JMJD5	90.0
Tura_XP_048530839.1	JmjC.HG2.0:JMJD5/KDM8	88.0	JMJD5	90.0
Asuu_AgB01_g822_t05	JmjC.HG2.0:JMJD5/KDM8	88.0	KDM8	86.0
Pvan_XP_069991585.1	JmjC.HG2.0:JMJD5/KDM8	88.0	KDM8	63.0
Smoe_XP_024539595.1	JmjC.HG2.0:JMJD5/KDM8	88.0	JMJD5	99.0
Apimel_XP_026296208.1	JmjC.HG2.0:JMJD5/KDM8	88.0	KDM8	30.0
Echgra_XP_024348645.1	JmjC.HG2.0:JMJD5/KDM8	88.0	KDM8	98.0
Bnap_XP_013697930.1	JmjC.HG2.0:JMJD5/KDM8	88.0	JMJD5	95.0
Agrpla_XP_018331764.2	JmjC.HG2.0:JMJD5/KDM8	88.0	KDM8	30.0
Mhap_MhA1_Contig1994.frz3.gene4	JmjC.HG2.0:JMJD5/KDM8	88.0	KDM8	86.0
Tspi_XP_003380167.1	JmjC.HG2.0:JMJD5/KDM8	88.0	KDM8	86.0
Otau_XP_022838309.1	JmjC.HG2.0:JMJD5/KDM8	88.0	NA	NA
Asuu_AgB01_g822_t04	JmjC.HG2.0:JMJD5/KDM8	88.0	KDM8	86.0
Sarc_XP_014149975.1	JmjC.HG2.0:JMJD5/KDM8	88.0	NA	NA
Sarc_XP_014159214.1	JmjC.HG2.0:JMJD5/KDM8	88.0	NA	NA
Mtru_XP_013456231.1	JmjC.HG2.0:JMJD5/KDM8	88.0	JMJD5	93.0
Bdis_XP_003572365.1	JmjC.HG2.0:JMJD5/KDM8	88.0	JMJD5	90.0
Rchi_XP_024159047.1	JmjC.HG2.0:JMJD5/KDM8	88.0	JMJD5	93.0
Diplco_DCO_001492	JmjC.HG2.0:JMJD5/KDM8	88.0	KDM8	86.0
Qlob_XP_030959004.1	JmjC.HG2.0:JMJD5/KDM8	88.0	JMJD5	93.0
Scar_TKR80642.1	JmjC.HG2.0:JMJD5/KDM8	88.0	KDM8	86.0
Apla_XP_022085203.1	JmjC.HG2.0:JMJD5/KDM8	88.0	KDM8	93.0
Mesc_XP_043813759.1	JmjC.HG2.0:JMJD5/KDM8	88.0	JMJD5	93.0
Pgem_Unigene20972_Pirum_gemmata|m.13675	JmjC.HG2.0:JMJD5/KDM8	88.0	KDM8	91.0
Hsap_XP_047290611.1	JmjC.HG2.0:JMJD5/KDM8	88.0	KDM8	75.0
Ttri_CDW53161.1	JmjC.HG2.0:JMJD5/KDM8	88.0	KDM8	86.0
Qlob_XP_030959010.1	JmjC.HG2.0:JMJD5/KDM8	88.0	JMJD5	93.0
Clim_Clim_evm8s223	JmjC.HG2.1:like:HIF1AN/JMJ31	97.0	NA	NA
Lcom_lcpid202534|	JmjC.HG2.1:like:HIF1AN/JMJ31	97.0	NA	NA
Otau_XP_003080466.1	JmjC.HG2.1:like:HIF1AN/JMJ31	97.0	NA	NA
Blan_XP_066302682.1	JmjC.HG2.1:like:HIF1AN/JMJ31	97.0	NA	NA
Blan_XP_066302683.1	JmjC.HG2.1:like:HIF1AN/JMJ31	97.0	NA	NA
Scil_XP_065197388.1	JmjC.HG2.1:like:HIF1AN/JMJ31	97.0	NA	NA
Lcom_lcpid42417|	JmjC.HG2.1:like:HIF1AN/JMJ31	97.0	NA	NA
Lcom_lcpid206315|	JmjC.HG2.1:like:HIF1AN/JMJ31	97.0	NA	NA
Cper_Nk52_evm1s1223	JmjC.HG2.1:like:HIF1AN/JMJ31	97.0	NA	NA
Lcom_lcpid153413|	JmjC.HG2.1:like:HIF1AN/JMJ31	97.0	NA	NA
Lcom_lcpid115342|	JmjC.HG2.1:like:HIF1AN/JMJ31	97.0	NA	NA
Spur_XP_030851366.1	JmjC.HG2.1:like:HIF1AN/JMJ31	97.0	NA	NA
Ofus_CAH1798454.1	JmjC.HG2.1:like:HIF1AN/JMJ31	97.0	NA	NA
Lcom_lcpid181318|	JmjC.HG2.1:like:HIF1AN/JMJ31	97.0	NA	NA
Spur_XP_030851360.1	JmjC.HG2.1:like:HIF1AN/JMJ31	97.0	NA	NA
Tadh_XP_002116950.1	JmjC.HG2.1:like:HIF1AN/JMJ31	97.0	NA	NA
Cper_Nk52_evm10s545	JmjC.HG2.1:like:HIF1AN/JMJ31	97.0	NA	NA
Apla_XP_022104467.1	JmjC.HG2.1:like:HIF1AN/JMJ31	97.0	NA	NA
Apla_XP_022104468.1	JmjC.HG2.1:like:HIF1AN/JMJ31	97.0	NA	NA
Otau_XP_022838759.1	JmjC.HG2.2:JMJ31	99.0	JMJ31	99.0
Lsat_XP_023734930.1	JmjC.HG2.2:JMJ31	99.0	JMJ31	62.0
Qlob_XP_030973177.1	JmjC.HG2.2:JMJ31	99.0	JMJ31	62.0
Smoe_XP_024527656.1	JmjC.HG2.2:JMJ31	99.0	JMJ31	98.0
Ecur_TVU34924.1	JmjC.HG2.2:JMJ31	99.0	JMJ31	54.0
Bnap_XP_048608056.1	JmjC.HG2.2:JMJ31	99.0	JMJ31	100.0
Tura_XP_048564742.1	JmjC.HG2.2:JMJ31	99.0	JMJ31	54.0
Osat_XP_015618184.1	JmjC.HG2.2:JMJ31	99.0	JMJ31	54.0
Ppat_XP_024366925.1	JmjC.HG2.2:JMJ31	99.0	JMJ31	98.0
Smoe_XP_024527652.1	JmjC.HG2.2:JMJ31	99.0	JMJ31	98.0
Smoe_XP_024520821.1	JmjC.HG2.2:JMJ31	99.0	JMJ31	98.0
Smoe_XP_024520670.1	JmjC.HG2.2:JMJ31	99.0	JMJ31	98.0
Mesc_XP_021612650.1	JmjC.HG2.2:JMJ31	99.0	JMJ31	62.0
Atri_XP_020520101.1	JmjC.HG2.2:JMJ31	99.0	JMJ31	100.0
Smoe_XP_024527657.1	JmjC.HG2.2:JMJ31	99.0	JMJ31	98.0
Sollyc_XP_025888583.1	JmjC.HG2.2:JMJ31	99.0	JMJ31	62.0
Cofcan_CDP03676.1	JmjC.HG2.2:JMJ31	99.0	JMJ31	62.0
Smoe_XP_024532000.1	JmjC.HG2.2:JMJ31	99.0	JMJ31	98.0
Smoe_XP_024527933.1	JmjC.HG2.2:JMJ31	99.0	JMJ31	98.0
Smoe_XP_024527928.1	JmjC.HG2.2:JMJ31	99.0	JMJ31	98.0
Bnap_XP_013682006.3	JmjC.HG2.2:JMJ31	99.0	JMJ31	100.0
Osat_XP_015618176.1	JmjC.HG2.2:JMJ31	99.0	JMJ31	54.0
Psat_XP_050887295.1	JmjC.HG2.2:JMJ31	99.0	JMJ31	62.0
Smoe_XP_024527654.1	JmjC.HG2.2:JMJ31	99.0	JMJ31	98.0
Sollyc_XP_004247201.1	JmjC.HG2.2:JMJ31	99.0	JMJ31	62.0
Qlob_XP_030947629.1	JmjC.HG2.2:JMJ31	99.0	JMJ31	62.0
Smoe_XP_024520874.1	JmjC.HG2.2:JMJ31	99.0	JMJ31	98.0
Bdis_XP_003569931.2	JmjC.HG2.2:JMJ31	99.0	JMJ31	54.0
Qlob_XP_030947628.1	JmjC.HG2.2:JMJ31	99.0	JMJ31	62.0
Rchi_XP_024164996.1	JmjC.HG2.2:JMJ31	99.0	JMJ31	62.0
Atha_NP_001318604.1	JmjC.HG2.2:JMJ31	99.0	JMJ31	100.0
Atha_NP_001190341.1	JmjC.HG2.2:JMJ31	99.0	JMJ31	100.0
Smoe_XP_024527658.1	JmjC.HG2.2:JMJ31	99.0	JMJ31	98.0
Bnap_XP_013730750.2	JmjC.HG2.2:JMJ31	99.0	JMJ31	100.0
Mpol_BFI40533.1	JmjC.HG2.2:JMJ31	99.0	JMJ31	98.0
Mesc_XP_043812339.1	JmjC.HG2.2:JMJ31	99.0	JMJ31	62.0
Bnap_XP_048608055.1	JmjC.HG2.2:JMJ31	99.0	JMJ31	100.0
Smoe_XP_024527934.1	JmjC.HG2.2:JMJ31	99.0	JMJ31	98.0
Osat_XP_015618169.1	JmjC.HG2.2:JMJ31	99.0	JMJ31	54.0
Atri_XP_020520100.1	JmjC.HG2.2:JMJ31	99.0	JMJ31	100.0
Smoe_XP_024527935.1	JmjC.HG2.2:JMJ31	99.0	JMJ31	98.0
Crei_XP_042921493.1	JmjC.HG2.2:JMJ31	99.0	JMJ31	100.0
Smoe_XP_024527653.1	JmjC.HG2.2:JMJ31	99.0	JMJ31	98.0
Osat_XP_025877206.1	JmjC.HG2.2:JMJ31	99.0	JMJ31	54.0
Ecur_TVU34937.1	JmjC.HG2.2:JMJ31	99.0	JMJ31	54.0
Bdis_XP_010232410.2	JmjC.HG2.2:JMJ31	99.0	JMJ31	54.0
Smoe_XP_024520770.1	JmjC.HG2.2:JMJ31	99.0	JMJ31	98.0
Rchi_XP_040364728.1	JmjC.HG2.2:JMJ31	99.0	JMJ31	62.0
Mtru_XP_003590573.1	JmjC.HG2.2:JMJ31	99.0	JMJ31	62.0
Smoe_XP_024527929.1	JmjC.HG2.2:JMJ31	99.0	JMJ31	98.0
Smoe_XP_024520721.1	JmjC.HG2.2:JMJ31	99.0	JMJ31	98.0
Smoe_XP_024527655.1	JmjC.HG2.2:JMJ31	99.0	JMJ31	98.0
Zmay_NP_001360982.1	JmjC.HG2.2:JMJ31	99.0	JMJ31	54.0
Lsat_XP_023734931.1	JmjC.HG2.2:JMJ31	99.0	JMJ31	62.0
Smoe_XP_024527931.1	JmjC.HG2.2:JMJ31	99.0	JMJ31	98.0
Bdis_XP_024313966.1	JmjC.HG2.2:JMJ31	99.0	JMJ31	54.0
Cofcan_CDP19768.1	JmjC.HG2.2:JMJ31	99.0	JMJ31	62.0
Smoe_XP_024527932.1	JmjC.HG2.2:JMJ31	99.0	JMJ31	98.0
Smoe_XP_024527930.1	JmjC.HG2.2:JMJ31	99.0	JMJ31	98.0
Mbre_XP_001742877.1	JmjC.HG2.3:like:HIF1AN/JMJ31	1.0	NA	NA
Otau_XP_003081452.1	JmjC.HG2.4:like:HIF1AN/JMJ31	1.0	NA	NA
Ppur_KAA8495634.1	JmjC.HG2.5:like:HIF1AN/JMJ31	100.0	NA	NA
Ccri_XP_005713344.1	JmjC.HG2.5:like:HIF1AN/JMJ31	100.0	NA	NA
Otau_XP_003074383.1	JmjC.HG2.5:like:HIF1AN/JMJ31	100.0	NA	NA
Sros_XP_004988256.1	JmjC.HG2.6:like:HIF1AN	100.0	NA	NA
Lcom_lcpid113704|	JmjC.HG2.6:like:HIF1AN	100.0	NA	NA
Mbre_XP_001743620.1	JmjC.HG2.6:like:HIF1AN	100.0	NA	NA
Pigchi_Pchi_g9534	JmjC.HG2.6:like:HIF1AN	100.0	NA	NA
Emue_Em0015g829a	JmjC.HG2.6:like:HIF1AN	100.0	NA	NA
Twil_T_wilhelma_c32068_g3_i1|m.45570	JmjC.HG2.6:like:HIF1AN	100.0	NA	NA
Emue_Em0015g867a	JmjC.HG2.6:like:HIF1AN	100.0	NA	NA
Scil_XP_065179869.1	JmjC.HG2.6:like:HIF1AN	100.0	NA	NA
Cowc_XP_004364766.2	JmjC.HG2.6:like:HIF1AN	100.0	NA	NA
Pigvie_Pvie_g7752	JmjC.HG2.6:like:HIF1AN	100.0	NA	NA
Aque_XP_019855988.1	JmjC.HG2.6:like:HIF1AN	100.0	NA	NA
Sros_XP_004991157.1	JmjC.HG2.7:like:HIF1AN	1.0	NA	NA
Mbre_XP_001743099.1	JmjC.HG2.8:like:HIF1AN	1.0	NA	NA
Mbre_XP_001744551.1	JmjC.HG2.9:like:HIF1AN	99.0	NA	NA
Twil_T_wilhelma_c28507_g1_i2|m.25183	JmjC.HG2.9:like:HIF1AN	99.0	NA	NA
Emue_Em0004g89a	JmjC.HG2.9:like:HIF1AN	99.0	NA	NA
Aque_XP_019854219.1	JmjC.HG2.9:like:HIF1AN	99.0	NA	NA
Aque_XP_019854218.1	JmjC.HG2.9:like:HIF1AN	99.0	NA	NA
Sros_XP_004994712.1	JmjC.HG2.10:like:HIF1AN	99.0	NA	NA
Cowc_XP_004363350.2	JmjC.HG2.10:like:HIF1AN	99.0	NA	NA
Mbre_XP_001747949.1	JmjC.HG2.10:like:HIF1AN	99.0	NA	NA
Scil_XP_065182659.1	JmjC.HG2.10:like:HIF1AN	99.0	NA	NA
Emue_Em0960g3a	JmjC.HG2.10:like:HIF1AN	99.0	NA	NA
Lcom_lcpid61937|	JmjC.HG2.10:like:HIF1AN	99.0	NA	NA
Aque_XP_011403823.1	JmjC.HG2.10:like:HIF1AN	99.0	NA	NA
Emue_Em0019g914a	JmjC.HG2.10:like:HIF1AN	99.0	NA	NA
Twil_T_wilhelma_c23056_g1_i3|m.9144	JmjC.HG2.10:like:HIF1AN	99.0	NA	NA
Twil_T_wilhelma_c23056_g1_i1|m.9140	JmjC.HG2.10:like:HIF1AN	99.0	NA	NA
Twil_T_wilhelma_c23056_g1_i2|m.9142	JmjC.HG2.10:like:HIF1AN	99.0	NA	NA
Cowc_XP_011270392.1	JmjC.HG2.10:like:HIF1AN	99.0	NA	NA
Emue_Em0246g2a	JmjC.HG2.10:like:HIF1AN	99.0	NA	NA
Scil_XP_065178252.1	JmjC.HG2.11:like:HIF1AN	100.0	NA	NA
Lcom_lcpid59751|	JmjC.HG2.11:like:HIF1AN	100.0	NA	NA
Lcom_lcpid52748|	JmjC.HG2.11:like:HIF1AN	100.0	NA	NA
Mbre_XP_001746653.1	JmjC.HG2.12:HIF1AN	98.0	HIF1AN	98.0
Lpol_XP_013777533.1	JmjC.HG2.12:HIF1AN	98.0	HIF1AN	94.0
Sros_XP_004998739.1	JmjC.HG2.12:HIF1AN	98.0	HIF1AN	98.0
Lcom_lcpid192438|	JmjC.HG2.12:HIF1AN	98.0	HIF1AN	94.0
Agrpla_XP_018320992.1	JmjC.HG2.12:HIF1AN	98.0	HIF1AN	94.0
Xtro_NP_988915.1	JmjC.HG2.12:HIF1AN	98.0	HIF1AN	97.0
Cvir_XP_022318228.1	JmjC.HG2.12:HIF1AN	98.0	HIF1AN	94.0
Lpol_XP_022242198.1	JmjC.HG2.12:HIF1AN	98.0	HIF1AN	94.0
Aque_XP_011405699.1	JmjC.HG2.12:HIF1AN	98.0	HIF1AN	99.0
Lpol_XP_013775038.1	JmjC.HG2.12:HIF1AN	98.0	HIF1AN	94.0
Cscu_XP_023219803.1	JmjC.HG2.12:HIF1AN	98.0	HIF1AN	94.0
Emue_Em0010g663a	JmjC.HG2.12:HIF1AN	98.0	HIF1AN	99.0
Hsap_XP_011538242.1	JmjC.HG2.12:HIF1AN	98.0	HIF1AN	100.0
Apla_XP_022080314.1	JmjC.HG2.12:HIF1AN	98.0	HIF1AN	94.0
Hrob_XP_009025637.1	JmjC.HG2.12:HIF1AN	98.0	HIF1AN	94.0
Twil_T_wilhelma_c26228_g1_i1|m.16413	JmjC.HG2.12:HIF1AN	98.0	HIF1AN	99.0
Cint_XP_018672432.2	JmjC.HG2.12:HIF1AN	98.0	HIF1AN	94.0
Ggal_XP_426507.2	JmjC.HG2.12:HIF1AN	98.0	HIF1AN	97.0
Cscu_XP_023219802.1	JmjC.HG2.12:HIF1AN	98.0	HIF1AN	94.0
Obim_XP_014772373.1	JmjC.HG2.12:HIF1AN	98.0	HIF1AN	94.0
Emue_Em0010g647a	JmjC.HG2.12:HIF1AN	98.0	HIF1AN	99.0
Aplcal_XP_005092336.1	JmjC.HG2.12:HIF1AN	98.0	HIF1AN	94.0
Pigchi_Pchi_g10289	JmjC.HG2.12:HIF1AN	98.0	HIF1AN	95.0
Smar_SMAR013954-PA	JmjC.HG2.12:HIF1AN	98.0	HIF1AN	94.0
Twil_T_wilhelma_c26228_g1_i3|m.16415	JmjC.HG2.12:HIF1AN	98.0	HIF1AN	99.0
Emue_Em0010g680a	JmjC.HG2.12:HIF1AN	98.0	HIF1AN	99.0
Drer_NP_958904.1	JmjC.HG2.12:HIF1AN	98.0	HIF1AN	100.0
Blan_XP_066303428.1	JmjC.HG2.12:HIF1AN	98.0	HIF1AN	94.0
Emue_Em0010g639a	JmjC.HG2.12:HIF1AN	98.0	HIF1AN	99.0
Lana_XP_013385380.1	JmjC.HG2.12:HIF1AN	98.0	HIF1AN	94.0
Lpol_XP_022242199.1	JmjC.HG2.12:HIF1AN	98.0	HIF1AN	94.0
Pvan_XP_027207134.1	JmjC.HG2.12:HIF1AN	98.0	HIF1AN	94.0
Cowc_XP_004349282.2	JmjC.HG2.12:HIF1AN	98.0	HIF1AN	95.0
Lpol_XP_022239646.1	JmjC.HG2.12:HIF1AN	98.0	HIF1AN	94.0
Blan_XP_066303427.1	JmjC.HG2.12:HIF1AN	98.0	HIF1AN	94.0
Pigvie_Pvie_g6971	JmjC.HG2.12:HIF1AN	98.0	HIF1AN	95.0
Btab_XP_018911171.1	JmjC.HG2.12:HIF1AN	98.0	HIF1AN	94.0
Cper_Nk52_evm51s164	JmjC.HG2.12:HIF1AN	98.0	HIF1AN	95.0
Cscu_XP_023219801.1	JmjC.HG2.12:HIF1AN	98.0	HIF1AN	94.0
Ofus_CAH1793965.1	JmjC.HG2.12:HIF1AN	98.0	HIF1AN	94.0
Spur_XP_030835125.1	JmjC.HG2.12:HIF1AN	98.0	HIF1AN	94.0
Twil_T_wilhelma_c26228_g1_i2|m.16414	JmjC.HG2.12:HIF1AN	98.0	HIF1AN	99.0
Hsap_NP_060372.2	JmjC.HG2.12:HIF1AN	98.0	HIF1AN	100.0
Emue_Em0010g651a	JmjC.HG2.12:HIF1AN	98.0	HIF1AN	99.0
Sros_XP_004994627.1	JmjC.HG2.13:like:HIF1AN/JMJ31	1.0	NA	NA
Ccri_XP_005710683.1	JmjC.HG2.14:like:HIF1AN/JMJ31	1.0	NA	NA
Crei_XP_042920294.1	JmjC.HG3.0:B160/IBM1/JMJ24/JMJ26/JMJ27/JMJ29	1.0	B160/IBM1/JMJ24/JMJ26/JMJ27/JMJ29	1.0/1.0/1.0/1.0/1.0/1.0
Ppat_XP_024400793.1	JmjC.HG3.0:B160/IBM1/JMJ24/JMJ26/JMJ27/JMJ29	1.0	B160/IBM1/JMJ24/JMJ26/JMJ27/JMJ29	90.0/90.0/90.0/90.0/90.0/90.0
Pigchi_Pchi_g2324_potentialcontaminant	JmjC.HG3.0:B160/IBM1/JMJ24/JMJ26/JMJ27/JMJ29	1.0	B160/IBM1/JMJ24/JMJ26/JMJ27/JMJ29	1.0/1.0/1.0/1.0/1.0/1.0
Sollyc_XP_069144198.1	JmjC.HG3.0:B160/IBM1/JMJ24/JMJ26/JMJ27/JMJ29	1.0	IBM1	93.0
Bnap_XP_013735327.2	JmjC.HG3.0:B160/IBM1/JMJ24/JMJ26/JMJ27/JMJ29	1.0	NA	NA
Atha_NP_187418.1	JmjC.HG3.0:B160/IBM1/JMJ24/JMJ26/JMJ27/JMJ29	1.0	IBM1	100.0
Atri_XP_020529763.1	JmjC.HG3.0:B160/IBM1/JMJ24/JMJ26/JMJ27/JMJ29	1.0	JMJ24	100.0
Atha_NP_193874.2	JmjC.HG3.0:B160/IBM1/JMJ24/JMJ26/JMJ27/JMJ29	1.0	B160	100.0
Ppat_XP_024394108.1	JmjC.HG3.0:B160/IBM1/JMJ24/JMJ26/JMJ27/JMJ29	1.0	B160/IBM1/JMJ24/JMJ26/JMJ27/JMJ29	90.0/90.0/90.0/90.0/90.0/90.0
Lsat_XP_042758584.2	JmjC.HG3.0:B160/IBM1/JMJ24/JMJ26/JMJ27/JMJ29	1.0	IBM1	93.0
Bnap_XP_022562844.1	JmjC.HG3.0:B160/IBM1/JMJ24/JMJ26/JMJ27/JMJ29	1.0	B160	100.0
Cbra_GBG68574.1	JmjC.HG3.0:B160/IBM1/JMJ24/JMJ26/JMJ27/JMJ29	1.0	B160/IBM1/JMJ24/JMJ26/JMJ27/JMJ29	90.0/90.0/90.0/90.0/90.0/90.0
Ppat_XP_024373439.1	JmjC.HG3.0:B160/IBM1/JMJ24/JMJ26/JMJ27/JMJ29	1.0	B160/IBM1/JMJ24/JMJ26/JMJ27/JMJ29	90.0/90.0/90.0/90.0/90.0/90.0
Bdis_XP_010238028.2	JmjC.HG3.0:B160/IBM1/JMJ24/JMJ26/JMJ27/JMJ29	1.0	NA	NA
Tura_XP_048530144.1	JmjC.HG3.0:B160/IBM1/JMJ24/JMJ26/JMJ27/JMJ29	1.0	JMJ26/JMJ29	99.0/99.0
Zmay_XP_008677147.1	JmjC.HG3.0:B160/IBM1/JMJ24/JMJ26/JMJ27/JMJ29	1.0	NA	NA
Sollyc_XP_010316711.1	JmjC.HG3.0:B160/IBM1/JMJ24/JMJ26/JMJ27/JMJ29	1.0	JMJ24	100.0
Lsat_XP_023749315.1	JmjC.HG3.0:B160/IBM1/JMJ24/JMJ26/JMJ27/JMJ29	1.0	IBM1	93.0
Qlob_XP_030971852.1	JmjC.HG3.0:B160/IBM1/JMJ24/JMJ26/JMJ27/JMJ29	1.0	JMJ26/JMJ29	48.0/48.0
Bnap_XP_048595744.1	JmjC.HG3.0:B160/IBM1/JMJ24/JMJ26/JMJ27/JMJ29	1.0	JMJ29	100.0
Lsat_XP_023758388.1	JmjC.HG3.0:B160/IBM1/JMJ24/JMJ26/JMJ27/JMJ29	1.0	B160	100.0
Rchi_XP_024160637.1	JmjC.HG3.0:B160/IBM1/JMJ24/JMJ26/JMJ27/JMJ29	1.0	JMJ26/JMJ29	97.0/97.0
Rchi_XP_040366412.1	JmjC.HG3.0:B160/IBM1/JMJ24/JMJ26/JMJ27/JMJ29	1.0	IBM1	93.0
Ppat_XP_024373441.1	JmjC.HG3.0:B160/IBM1/JMJ24/JMJ26/JMJ27/JMJ29	1.0	B160/IBM1/JMJ24/JMJ26/JMJ27/JMJ29	90.0/90.0/90.0/90.0/90.0/90.0
Bdis_XP_024318842.1	JmjC.HG3.0:B160/IBM1/JMJ24/JMJ26/JMJ27/JMJ29	1.0	JMJ26/JMJ29	99.0/99.0
Mtru_XP_039689164.1	JmjC.HG3.0:B160/IBM1/JMJ24/JMJ26/JMJ27/JMJ29	1.0	JMJ26/JMJ29	48.0/48.0
Mesc_XP_021604998.1	JmjC.HG3.0:B160/IBM1/JMJ24/JMJ26/JMJ27/JMJ29	1.0	NA	NA
Mesc_XP_021597053.1	JmjC.HG3.0:B160/IBM1/JMJ24/JMJ26/JMJ27/JMJ29	1.0	JMJ26/JMJ29	96.0/96.0
Ppat_XP_024400795.1	JmjC.HG3.0:B160/IBM1/JMJ24/JMJ26/JMJ27/JMJ29	1.0	B160/IBM1/JMJ24/JMJ26/JMJ27/JMJ29	90.0/90.0/90.0/90.0/90.0/90.0
Cbra_GBG92070.1	JmjC.HG3.0:B160/IBM1/JMJ24/JMJ26/JMJ27/JMJ29	1.0	B160/IBM1/JMJ24/JMJ26/JMJ27/JMJ29	90.0/90.0/90.0/90.0/90.0/90.0
Sollyc_XP_010318017.2	JmjC.HG3.0:B160/IBM1/JMJ24/JMJ26/JMJ27/JMJ29	1.0	NA	NA
Lsat_XP_023742883.1	JmjC.HG3.0:B160/IBM1/JMJ24/JMJ26/JMJ27/JMJ29	1.0	JMJ26/JMJ29	100.0/100.0
Mtru_XP_039689161.1	JmjC.HG3.0:B160/IBM1/JMJ24/JMJ26/JMJ27/JMJ29	1.0	JMJ26/JMJ29	48.0/48.0
Mtru_XP_013450616.1	JmjC.HG3.0:B160/IBM1/JMJ24/JMJ26/JMJ27/JMJ29	1.0	JMJ27	100.0
Mesc_XP_021597050.1	JmjC.HG3.0:B160/IBM1/JMJ24/JMJ26/JMJ27/JMJ29	1.0	JMJ26/JMJ29	96.0/96.0
Bnap_XP_013750885.1	JmjC.HG3.0:B160/IBM1/JMJ24/JMJ26/JMJ27/JMJ29	1.0	JMJ24	100.0
Lsat_XP_052626761.1	JmjC.HG3.0:B160/IBM1/JMJ24/JMJ26/JMJ27/JMJ29	1.0	IBM1	93.0
Lsat_XP_023749322.2	JmjC.HG3.0:B160/IBM1/JMJ24/JMJ26/JMJ27/JMJ29	1.0	IBM1	93.0
Sollyc_XP_004237549.1	JmjC.HG3.0:B160/IBM1/JMJ24/JMJ26/JMJ27/JMJ29	1.0	IBM1	93.0
Bnap_XP_048595127.1	JmjC.HG3.0:B160/IBM1/JMJ24/JMJ26/JMJ27/JMJ29	1.0	NA	NA
Ppat_XP_024373449.1	JmjC.HG3.0:B160/IBM1/JMJ24/JMJ26/JMJ27/JMJ29	1.0	B160/IBM1/JMJ24/JMJ26/JMJ27/JMJ29	90.0/90.0/90.0/90.0/90.0/90.0
Ppat_XP_024400800.1	JmjC.HG3.0:B160/IBM1/JMJ24/JMJ26/JMJ27/JMJ29	1.0	B160/IBM1/JMJ24/JMJ26/JMJ27/JMJ29	90.0/90.0/90.0/90.0/90.0/90.0
Zmay_XP_008677146.1	JmjC.HG3.0:B160/IBM1/JMJ24/JMJ26/JMJ27/JMJ29	1.0	NA	NA
Bnap_XP_013657672.1	JmjC.HG3.0:B160/IBM1/JMJ24/JMJ26/JMJ27/JMJ29	1.0	JMJ24	100.0
Lsat_XP_042751905.1	JmjC.HG3.0:B160/IBM1/JMJ24/JMJ26/JMJ27/JMJ29	1.0	JMJ26/JMJ29	100.0/100.0
Ecur_TVU46224.1	JmjC.HG3.0:B160/IBM1/JMJ24/JMJ26/JMJ27/JMJ29	1.0	NA	NA
Bnap_XP_022546158.1	JmjC.HG3.0:B160/IBM1/JMJ24/JMJ26/JMJ27/JMJ29	1.0	JMJ24	100.0
Lsat_XP_042751902.1	JmjC.HG3.0:B160/IBM1/JMJ24/JMJ26/JMJ27/JMJ29	1.0	JMJ26/JMJ29	100.0/100.0
Bnap_XP_022546157.1	JmjC.HG3.0:B160/IBM1/JMJ24/JMJ26/JMJ27/JMJ29	1.0	JMJ24	100.0
Lsat_XP_023748863.1	JmjC.HG3.0:B160/IBM1/JMJ24/JMJ26/JMJ27/JMJ29	1.0	B160	100.0
Lsat_XP_023758239.1	JmjC.HG3.0:B160/IBM1/JMJ24/JMJ26/JMJ27/JMJ29	1.0	JMJ24	100.0
Ppat_XP_024400794.1	JmjC.HG3.0:B160/IBM1/JMJ24/JMJ26/JMJ27/JMJ29	1.0	B160/IBM1/JMJ24/JMJ26/JMJ27/JMJ29	90.0/90.0/90.0/90.0/90.0/90.0
Lsat_XP_023749316.1	JmjC.HG3.0:B160/IBM1/JMJ24/JMJ26/JMJ27/JMJ29	1.0	IBM1	93.0
Bdis_XP_010238029.2	JmjC.HG3.0:B160/IBM1/JMJ24/JMJ26/JMJ27/JMJ29	1.0	NA	NA
Zmay_XP_008665051.1	JmjC.HG3.0:B160/IBM1/JMJ24/JMJ26/JMJ27/JMJ29	1.0	NA	NA
Rchi_XP_024187509.1	JmjC.HG3.0:B160/IBM1/JMJ24/JMJ26/JMJ27/JMJ29	1.0	JMJ24	100.0
Mtru_XP_013468437.1	JmjC.HG3.0:B160/IBM1/JMJ24/JMJ26/JMJ27/JMJ29	1.0	IBM1	93.0
Bdis_XP_010233683.1	JmjC.HG3.0:B160/IBM1/JMJ24/JMJ26/JMJ27/JMJ29	1.0	NA	NA
Ppat_XP_024373443.1	JmjC.HG3.0:B160/IBM1/JMJ24/JMJ26/JMJ27/JMJ29	1.0	B160/IBM1/JMJ24/JMJ26/JMJ27/JMJ29	90.0/90.0/90.0/90.0/90.0/90.0
Sollyc_XP_069144197.1	JmjC.HG3.0:B160/IBM1/JMJ24/JMJ26/JMJ27/JMJ29	1.0	IBM1	93.0
Rchi_XP_024199071.1	JmjC.HG3.0:B160/IBM1/JMJ24/JMJ26/JMJ27/JMJ29	1.0	IBM1	93.0
Psat_XP_050893073.1	JmjC.HG3.0:B160/IBM1/JMJ24/JMJ26/JMJ27/JMJ29	1.0	NA	NA
Bdis_XP_010233682.1	JmjC.HG3.0:B160/IBM1/JMJ24/JMJ26/JMJ27/JMJ29	1.0	NA	NA
Mtru_XP_024629672.1	JmjC.HG3.0:B160/IBM1/JMJ24/JMJ26/JMJ27/JMJ29	1.0	IBM1	93.0
Atha_NP_176421.1	JmjC.HG3.0:B160/IBM1/JMJ24/JMJ26/JMJ27/JMJ29	1.0	JMJ29	100.0
Psat_XP_050920723.1	JmjC.HG3.0:B160/IBM1/JMJ24/JMJ26/JMJ27/JMJ29	1.0	JMJ26/JMJ29	48.0/48.0
Sollyc_XP_069144187.1	JmjC.HG3.0:B160/IBM1/JMJ24/JMJ26/JMJ27/JMJ29	1.0	IBM1	93.0
Osat_XP_066160270.1	JmjC.HG3.0:B160/IBM1/JMJ24/JMJ26/JMJ27/JMJ29	1.0	JMJ26/JMJ29	99.0/99.0
Psat_XP_050879116.1	JmjC.HG3.0:B160/IBM1/JMJ24/JMJ26/JMJ27/JMJ29	1.0	B160	100.0
Ppat_XP_024394105.1	JmjC.HG3.0:B160/IBM1/JMJ24/JMJ26/JMJ27/JMJ29	1.0	B160/IBM1/JMJ24/JMJ26/JMJ27/JMJ29	90.0/90.0/90.0/90.0/90.0/90.0
Bnap_XP_048632093.1	JmjC.HG3.0:B160/IBM1/JMJ24/JMJ26/JMJ27/JMJ29	1.0	NA	NA
Rchi_XP_024187508.1	JmjC.HG3.0:B160/IBM1/JMJ24/JMJ26/JMJ27/JMJ29	1.0	JMJ24	100.0
Bnap_XP_048622322.1	JmjC.HG3.0:B160/IBM1/JMJ24/JMJ26/JMJ27/JMJ29	1.0	JMJ26	100.0
Mtru_XP_013462466.1	JmjC.HG3.0:B160/IBM1/JMJ24/JMJ26/JMJ27/JMJ29	1.0	B160	100.0
Psat_XP_050920722.1	JmjC.HG3.0:B160/IBM1/JMJ24/JMJ26/JMJ27/JMJ29	1.0	JMJ26/JMJ29	48.0/48.0
Ppat_XP_024400792.1	JmjC.HG3.0:B160/IBM1/JMJ24/JMJ26/JMJ27/JMJ29	1.0	B160/IBM1/JMJ24/JMJ26/JMJ27/JMJ29	90.0/90.0/90.0/90.0/90.0/90.0
Sollyc_XP_069144190.1	JmjC.HG3.0:B160/IBM1/JMJ24/JMJ26/JMJ27/JMJ29	1.0	IBM1	93.0
Lsat_XP_023748861.1	JmjC.HG3.0:B160/IBM1/JMJ24/JMJ26/JMJ27/JMJ29	1.0	B160	100.0
Bnap_XP_048625487.1	JmjC.HG3.0:B160/IBM1/JMJ24/JMJ26/JMJ27/JMJ29	1.0	NA	NA
Mesc_XP_021597052.1	JmjC.HG3.0:B160/IBM1/JMJ24/JMJ26/JMJ27/JMJ29	1.0	JMJ26/JMJ29	96.0/96.0
Cofcan_CDP04436.1	JmjC.HG3.0:B160/IBM1/JMJ24/JMJ26/JMJ27/JMJ29	1.0	JMJ26/JMJ29	100.0/100.0
Lsat_XP_042752335.1	JmjC.HG3.0:B160/IBM1/JMJ24/JMJ26/JMJ27/JMJ29	1.0	JMJ26/JMJ29	100.0/100.0
Bnap_XP_048594198.1	JmjC.HG3.0:B160/IBM1/JMJ24/JMJ26/JMJ27/JMJ29	1.0	JMJ26	100.0
Tura_XP_048531966.1	JmjC.HG3.0:B160/IBM1/JMJ24/JMJ26/JMJ27/JMJ29	1.0	NA	NA
Mtru_XP_039690605.1	JmjC.HG3.0:B160/IBM1/JMJ24/JMJ26/JMJ27/JMJ29	1.0	IBM1	93.0
Qlob_XP_030969297.1	JmjC.HG3.0:B160/IBM1/JMJ24/JMJ26/JMJ27/JMJ29	1.0	B160	100.0
Lsat_XP_023749344.1	JmjC.HG3.0:B160/IBM1/JMJ24/JMJ26/JMJ27/JMJ29	1.0	IBM1	93.0
Qlob_XP_030935533.1	JmjC.HG3.0:B160/IBM1/JMJ24/JMJ26/JMJ27/JMJ29	1.0	NA	NA
Psat_XP_050892119.1	JmjC.HG3.0:B160/IBM1/JMJ24/JMJ26/JMJ27/JMJ29	1.0	JMJ24	100.0
Bnap_XP_022569095.2	JmjC.HG3.0:B160/IBM1/JMJ24/JMJ26/JMJ27/JMJ29	1.0	JMJ26	100.0
Mtru_XP_013462889.1	JmjC.HG3.0:B160/IBM1/JMJ24/JMJ26/JMJ27/JMJ29	1.0	JMJ26/JMJ29	48.0/48.0
Cofcan_CDP11593.1	JmjC.HG3.0:B160/IBM1/JMJ24/JMJ26/JMJ27/JMJ29	1.0	IBM1	93.0
Bdis_XP_010228631.1	JmjC.HG3.0:B160/IBM1/JMJ24/JMJ26/JMJ27/JMJ29	1.0	JMJ24	100.0
Atri_XP_011626304.2	JmjC.HG3.0:B160/IBM1/JMJ24/JMJ26/JMJ27/JMJ29	1.0	JMJ27	100.0
Ppat_XP_024394104.1	JmjC.HG3.0:B160/IBM1/JMJ24/JMJ26/JMJ27/JMJ29	1.0	B160/IBM1/JMJ24/JMJ26/JMJ27/JMJ29	90.0/90.0/90.0/90.0/90.0/90.0
Bdis_XP_003576493.2	JmjC.HG3.0:B160/IBM1/JMJ24/JMJ26/JMJ27/JMJ29	1.0	JMJ26/JMJ29	99.0/99.0
Osat_XP_066160271.1	JmjC.HG3.0:B160/IBM1/JMJ24/JMJ26/JMJ27/JMJ29	1.0	JMJ26/JMJ29	99.0/99.0
Mtru_XP_024630937.1	JmjC.HG3.0:B160/IBM1/JMJ24/JMJ26/JMJ27/JMJ29	1.0	IBM1	93.0
Atri_XP_020530154.1	JmjC.HG3.0:B160/IBM1/JMJ24/JMJ26/JMJ27/JMJ29	1.0	IBM1/JMJ26/JMJ29	68.0/68.0/68.0
Bnap_XP_048595128.1	JmjC.HG3.0:B160/IBM1/JMJ24/JMJ26/JMJ27/JMJ29	1.0	NA	NA
Psat_XP_050887665.1	JmjC.HG3.0:B160/IBM1/JMJ24/JMJ26/JMJ27/JMJ29	1.0	IBM1	93.0
Sollyc_XP_004232827.1	JmjC.HG3.0:B160/IBM1/JMJ24/JMJ26/JMJ27/JMJ29	1.0	JMJ24	100.0
Bnap_XP_048601552.1	JmjC.HG3.0:B160/IBM1/JMJ24/JMJ26/JMJ27/JMJ29	1.0	B160	100.0
Bnap_XP_013750884.1	JmjC.HG3.0:B160/IBM1/JMJ24/JMJ26/JMJ27/JMJ29	1.0	JMJ24	100.0
Tura_XP_048536205.1	JmjC.HG3.0:B160/IBM1/JMJ24/JMJ26/JMJ27/JMJ29	1.0	NA	NA
Osat_XP_066164809.1	JmjC.HG3.0:B160/IBM1/JMJ24/JMJ26/JMJ27/JMJ29	1.0	JMJ24	100.0
Mesc_XP_021597051.1	JmjC.HG3.0:B160/IBM1/JMJ24/JMJ26/JMJ27/JMJ29	1.0	JMJ26/JMJ29	96.0/96.0
Bnap_XP_013713562.2	JmjC.HG3.0:B160/IBM1/JMJ24/JMJ26/JMJ27/JMJ29	1.0	JMJ29	100.0
Bdis_XP_010238030.2	JmjC.HG3.0:B160/IBM1/JMJ24/JMJ26/JMJ27/JMJ29	1.0	NA	NA
Mpol_BFI29759.1	JmjC.HG3.0:B160/IBM1/JMJ24/JMJ26/JMJ27/JMJ29	1.0	B160/IBM1/JMJ24/JMJ26/JMJ27/JMJ29	90.0/90.0/90.0/90.0/90.0/90.0
Bnap_XP_048596268.1	JmjC.HG3.0:B160/IBM1/JMJ24/JMJ26/JMJ27/JMJ29	1.0	B160	100.0
Lsat_XP_023749364.1	JmjC.HG3.0:B160/IBM1/JMJ24/JMJ26/JMJ27/JMJ29	1.0	IBM1	93.0
Atha_NP_001322575.1	JmjC.HG3.0:B160/IBM1/JMJ24/JMJ26/JMJ27/JMJ29	1.0	JMJ26	100.0
Cofcan_CDP19052.1	JmjC.HG3.0:B160/IBM1/JMJ24/JMJ26/JMJ27/JMJ29	1.0	IBM1	93.0
Mpol_BFI29758.1	JmjC.HG3.0:B160/IBM1/JMJ24/JMJ26/JMJ27/JMJ29	1.0	B160/IBM1/JMJ24/JMJ26/JMJ27/JMJ29	90.0/90.0/90.0/90.0/90.0/90.0
Ppat_XP_024373444.1	JmjC.HG3.0:B160/IBM1/JMJ24/JMJ26/JMJ27/JMJ29	1.0	B160/IBM1/JMJ24/JMJ26/JMJ27/JMJ29	90.0/90.0/90.0/90.0/90.0/90.0
Mesc_XP_021596459.1	JmjC.HG3.0:B160/IBM1/JMJ24/JMJ26/JMJ27/JMJ29	1.0	B160	100.0
Rchi_XP_024177384.1	JmjC.HG3.0:B160/IBM1/JMJ24/JMJ26/JMJ27/JMJ29	1.0	NA	NA
Bdis_XP_024310303.1	JmjC.HG3.0:B160/IBM1/JMJ24/JMJ26/JMJ27/JMJ29	1.0	NA	NA
Atri_XP_020530157.1	JmjC.HG3.0:B160/IBM1/JMJ24/JMJ26/JMJ27/JMJ29	1.0	IBM1/JMJ26/JMJ29	68.0/68.0/68.0
Bnap_XP_013713698.2	JmjC.HG3.0:B160/IBM1/JMJ24/JMJ26/JMJ27/JMJ29	1.0	JMJ29	100.0
Bnap_XP_022556510.2	JmjC.HG3.0:B160/IBM1/JMJ24/JMJ26/JMJ27/JMJ29	1.0	JMJ29	100.0
Ppat_XP_024394112.1	JmjC.HG3.0:B160/IBM1/JMJ24/JMJ26/JMJ27/JMJ29	1.0	B160/IBM1/JMJ24/JMJ26/JMJ27/JMJ29	90.0/90.0/90.0/90.0/90.0/90.0
Lsat_XP_042758582.1	JmjC.HG3.0:B160/IBM1/JMJ24/JMJ26/JMJ27/JMJ29	1.0	IBM1	93.0
Lsat_XP_023728507.1	JmjC.HG3.0:B160/IBM1/JMJ24/JMJ26/JMJ27/JMJ29	1.0	NA	NA
Bnap_XP_048618949.1	JmjC.HG3.0:B160/IBM1/JMJ24/JMJ26/JMJ27/JMJ29	1.0	B160	100.0
Mtru_XP_013468436.1	JmjC.HG3.0:B160/IBM1/JMJ24/JMJ26/JMJ27/JMJ29	1.0	IBM1	93.0
Mtru_XP_039683932.1	JmjC.HG3.0:B160/IBM1/JMJ24/JMJ26/JMJ27/JMJ29	1.0	IBM1	93.0
Bnap_XP_048633163.1	JmjC.HG3.0:B160/IBM1/JMJ24/JMJ26/JMJ27/JMJ29	1.0	JMJ29	100.0
Osat_XP_066164973.1	JmjC.HG3.0:B160/IBM1/JMJ24/JMJ26/JMJ27/JMJ29	1.0	NA	NA
Qlob_XP_030971851.1	JmjC.HG3.0:B160/IBM1/JMJ24/JMJ26/JMJ27/JMJ29	1.0	JMJ26/JMJ29	48.0/48.0
Bnap_XP_013750883.1	JmjC.HG3.0:B160/IBM1/JMJ24/JMJ26/JMJ27/JMJ29	1.0	JMJ24	100.0
Ppat_XP_024394109.1	JmjC.HG3.0:B160/IBM1/JMJ24/JMJ26/JMJ27/JMJ29	1.0	B160/IBM1/JMJ24/JMJ26/JMJ27/JMJ29	90.0/90.0/90.0/90.0/90.0/90.0
Lsat_XP_023758396.1	JmjC.HG3.0:B160/IBM1/JMJ24/JMJ26/JMJ27/JMJ29	1.0	B160	100.0
Bnap_XP_013713648.2	JmjC.HG3.0:B160/IBM1/JMJ24/JMJ26/JMJ27/JMJ29	1.0	JMJ29	100.0
Sollyc_XP_069144199.1	JmjC.HG3.0:B160/IBM1/JMJ24/JMJ26/JMJ27/JMJ29	1.0	IBM1	93.0
Zmay_XP_008680032.1	JmjC.HG3.0:B160/IBM1/JMJ24/JMJ26/JMJ27/JMJ29	1.0	NA	NA
Tura_XP_048570988.1	JmjC.HG3.0:B160/IBM1/JMJ24/JMJ26/JMJ27/JMJ29	1.0	JMJ24	100.0
Bnap_XP_013704124.1	JmjC.HG3.0:B160/IBM1/JMJ24/JMJ26/JMJ27/JMJ29	1.0	JMJ29	100.0
Ppat_XP_024373440.1	JmjC.HG3.0:B160/IBM1/JMJ24/JMJ26/JMJ27/JMJ29	1.0	B160/IBM1/JMJ24/JMJ26/JMJ27/JMJ29	90.0/90.0/90.0/90.0/90.0/90.0
Ppat_XP_024400798.1	JmjC.HG3.0:B160/IBM1/JMJ24/JMJ26/JMJ27/JMJ29	1.0	B160/IBM1/JMJ24/JMJ26/JMJ27/JMJ29	90.0/90.0/90.0/90.0/90.0/90.0
Osat_XP_025879678.1	JmjC.HG3.0:B160/IBM1/JMJ24/JMJ26/JMJ27/JMJ29	1.0	JMJ24	100.0
Cofcan_CDP19686.1	JmjC.HG3.0:B160/IBM1/JMJ24/JMJ26/JMJ27/JMJ29	1.0	JMJ24	100.0
Bnap_XP_048596265.1	JmjC.HG3.0:B160/IBM1/JMJ24/JMJ26/JMJ27/JMJ29	1.0	B160	100.0
Ppat_XP_024400799.1	JmjC.HG3.0:B160/IBM1/JMJ24/JMJ26/JMJ27/JMJ29	1.0	B160/IBM1/JMJ24/JMJ26/JMJ27/JMJ29	90.0/90.0/90.0/90.0/90.0/90.0
Mtru_XP_039683927.1	JmjC.HG3.0:B160/IBM1/JMJ24/JMJ26/JMJ27/JMJ29	1.0	IBM1	93.0
Mesc_XP_021599326.1	JmjC.HG3.0:B160/IBM1/JMJ24/JMJ26/JMJ27/JMJ29	1.0	B160	100.0
Sollyc_XP_004233815.1	JmjC.HG3.0:B160/IBM1/JMJ24/JMJ26/JMJ27/JMJ29	1.0	B160	100.0
Psat_XP_050893775.1	JmjC.HG3.0:B160/IBM1/JMJ24/JMJ26/JMJ27/JMJ29	1.0	B160	100.0
Ppat_XP_024373442.1	JmjC.HG3.0:B160/IBM1/JMJ24/JMJ26/JMJ27/JMJ29	1.0	B160/IBM1/JMJ24/JMJ26/JMJ27/JMJ29	90.0/90.0/90.0/90.0/90.0/90.0
Qlob_XP_030963218.1	JmjC.HG3.0:B160/IBM1/JMJ24/JMJ26/JMJ27/JMJ29	1.0	IBM1	93.0
Zmay_XP_008665049.1	JmjC.HG3.0:B160/IBM1/JMJ24/JMJ26/JMJ27/JMJ29	1.0	NA	NA
Ppat_XP_024394107.1	JmjC.HG3.0:B160/IBM1/JMJ24/JMJ26/JMJ27/JMJ29	1.0	B160/IBM1/JMJ24/JMJ26/JMJ27/JMJ29	90.0/90.0/90.0/90.0/90.0/90.0
Rchi_XP_040362147.1	JmjC.HG3.0:B160/IBM1/JMJ24/JMJ26/JMJ27/JMJ29	1.0	B160	100.0
Cofcan_CDO99647.1	JmjC.HG3.0:B160/IBM1/JMJ24/JMJ26/JMJ27/JMJ29	1.0	B160	100.0
Ppat_XP_024394110.1	JmjC.HG3.0:B160/IBM1/JMJ24/JMJ26/JMJ27/JMJ29	1.0	B160/IBM1/JMJ24/JMJ26/JMJ27/JMJ29	90.0/90.0/90.0/90.0/90.0/90.0
Ppat_XP_024394115.1	JmjC.HG3.0:B160/IBM1/JMJ24/JMJ26/JMJ27/JMJ29	1.0	B160/IBM1/JMJ24/JMJ26/JMJ27/JMJ29	90.0/90.0/90.0/90.0/90.0/90.0
Ppat_XP_024400796.1	JmjC.HG3.0:B160/IBM1/JMJ24/JMJ26/JMJ27/JMJ29	1.0	B160/IBM1/JMJ24/JMJ26/JMJ27/JMJ29	90.0/90.0/90.0/90.0/90.0/90.0
Atri_XP_020527898.1	JmjC.HG3.0:B160/IBM1/JMJ24/JMJ26/JMJ27/JMJ29	1.0	JMJ27	100.0
Smoe_XP_024532325.1	JmjC.HG3.0:B160/IBM1/JMJ24/JMJ26/JMJ27/JMJ29	1.0	B160/IBM1/JMJ24/JMJ26/JMJ27/JMJ29	90.0/90.0/90.0/90.0/90.0/90.0
Atri_XP_020527896.1	JmjC.HG3.0:B160/IBM1/JMJ24/JMJ26/JMJ27/JMJ29	1.0	JMJ27	100.0
Atha_NP_973798.1	JmjC.HG3.0:B160/IBM1/JMJ24/JMJ26/JMJ27/JMJ29	1.0	JMJ24	1.0
Tura_XP_048530143.1	JmjC.HG3.0:B160/IBM1/JMJ24/JMJ26/JMJ27/JMJ29	1.0	JMJ26/JMJ29	99.0/99.0
Lsat_XP_023749310.1	JmjC.HG3.0:B160/IBM1/JMJ24/JMJ26/JMJ27/JMJ29	1.0	IBM1	93.0
Atha_NP_001322574.1	JmjC.HG3.0:B160/IBM1/JMJ24/JMJ26/JMJ27/JMJ29	1.0	JMJ26	100.0
Bnap_XP_048626022.1	JmjC.HG3.0:B160/IBM1/JMJ24/JMJ26/JMJ27/JMJ29	1.0	JMJ29	100.0
Ppat_XP_024394113.1	JmjC.HG3.0:B160/IBM1/JMJ24/JMJ26/JMJ27/JMJ29	1.0	B160/IBM1/JMJ24/JMJ26/JMJ27/JMJ29	90.0/90.0/90.0/90.0/90.0/90.0
Bnap_XP_048601550.1	JmjC.HG3.0:B160/IBM1/JMJ24/JMJ26/JMJ27/JMJ29	1.0	B160	100.0
Bnap_XP_048594197.1	JmjC.HG3.0:B160/IBM1/JMJ24/JMJ26/JMJ27/JMJ29	1.0	JMJ26	100.0
Tura_XP_048552646.1	JmjC.HG3.0:B160/IBM1/JMJ24/JMJ26/JMJ27/JMJ29	1.0	NA	NA
Smoe_XP_024526228.1	JmjC.HG3.0:B160/IBM1/JMJ24/JMJ26/JMJ27/JMJ29	1.0	B160/IBM1/JMJ24/JMJ26/JMJ27/JMJ29	90.0/90.0/90.0/90.0/90.0/90.0
Qlob_XP_030962218.1	JmjC.HG3.0:B160/IBM1/JMJ24/JMJ26/JMJ27/JMJ29	1.0	IBM1	93.0
Bnap_XP_013750220.1	JmjC.HG3.0:B160/IBM1/JMJ24/JMJ26/JMJ27/JMJ29	1.0	JMJ29	100.0
Lsat_XP_023749323.2	JmjC.HG3.0:B160/IBM1/JMJ24/JMJ26/JMJ27/JMJ29	1.0	IBM1	93.0
Osat_XP_015623118.1	JmjC.HG3.0:B160/IBM1/JMJ24/JMJ26/JMJ27/JMJ29	1.0	NA	NA
Atri_XP_020527899.1	JmjC.HG3.0:B160/IBM1/JMJ24/JMJ26/JMJ27/JMJ29	1.0	JMJ27	100.0
Psat_XP_050887666.1	JmjC.HG3.0:B160/IBM1/JMJ24/JMJ26/JMJ27/JMJ29	1.0	IBM1	93.0
Zmay_NP_001357966.1	JmjC.HG3.0:B160/IBM1/JMJ24/JMJ26/JMJ27/JMJ29	1.0	JMJ24	100.0
Lsat_XP_023758398.1	JmjC.HG3.0:B160/IBM1/JMJ24/JMJ26/JMJ27/JMJ29	1.0	B160	100.0
Lsat_XP_042756672.1	JmjC.HG3.0:B160/IBM1/JMJ24/JMJ26/JMJ27/JMJ29	1.0	IBM1	93.0
Sollyc_XP_004233782.1	JmjC.HG3.0:B160/IBM1/JMJ24/JMJ26/JMJ27/JMJ29	1.0	JMJ26/JMJ29	100.0/100.0
Mtru_XP_039689162.1	JmjC.HG3.0:B160/IBM1/JMJ24/JMJ26/JMJ27/JMJ29	1.0	JMJ26/JMJ29	48.0/48.0
Sollyc_XP_069144191.1	JmjC.HG3.0:B160/IBM1/JMJ24/JMJ26/JMJ27/JMJ29	1.0	IBM1	93.0
Rchi_XP_024160639.1	JmjC.HG3.0:B160/IBM1/JMJ24/JMJ26/JMJ27/JMJ29	1.0	JMJ26/JMJ29	97.0/97.0
Sollyc_XP_069144193.1	JmjC.HG3.0:B160/IBM1/JMJ24/JMJ26/JMJ27/JMJ29	1.0	IBM1	93.0
Rchi_XP_024169457.1	JmjC.HG3.0:B160/IBM1/JMJ24/JMJ26/JMJ27/JMJ29	1.0	IBM1	93.0
Atri_XP_020527895.1	JmjC.HG3.0:B160/IBM1/JMJ24/JMJ26/JMJ27/JMJ29	1.0	JMJ27	100.0
Rchi_XP_024187510.1	JmjC.HG3.0:B160/IBM1/JMJ24/JMJ26/JMJ27/JMJ29	1.0	JMJ24	100.0
Sollyc_XP_069144189.1	JmjC.HG3.0:B160/IBM1/JMJ24/JMJ26/JMJ27/JMJ29	1.0	IBM1	93.0
Osat_XP_066160269.1	JmjC.HG3.0:B160/IBM1/JMJ24/JMJ26/JMJ27/JMJ29	1.0	JMJ26/JMJ29	99.0/99.0
Lsat_XP_023748864.1	JmjC.HG3.0:B160/IBM1/JMJ24/JMJ26/JMJ27/JMJ29	1.0	B160	100.0
Zmay_XP_035820195.1	JmjC.HG3.0:B160/IBM1/JMJ24/JMJ26/JMJ27/JMJ29	1.0	NA	NA
Lsat_XP_023749324.2	JmjC.HG3.0:B160/IBM1/JMJ24/JMJ26/JMJ27/JMJ29	1.0	IBM1	93.0
Ecur_TVU27615.1	JmjC.HG3.0:B160/IBM1/JMJ24/JMJ26/JMJ27/JMJ29	1.0	NA	NA
Atri_XP_020524991.1	JmjC.HG3.0:B160/IBM1/JMJ24/JMJ26/JMJ27/JMJ29	1.0	IBM1/JMJ26/JMJ29	68.0/68.0/68.0
Qlob_XP_030962219.1	JmjC.HG3.0:B160/IBM1/JMJ24/JMJ26/JMJ27/JMJ29	1.0	IBM1	93.0
Sollyc_XP_069144188.1	JmjC.HG3.0:B160/IBM1/JMJ24/JMJ26/JMJ27/JMJ29	1.0	IBM1	93.0
Qlob_XP_030957461.1	JmjC.HG3.0:B160/IBM1/JMJ24/JMJ26/JMJ27/JMJ29	1.0	JMJ24	100.0
Sollyc_XP_069149761.1	JmjC.HG3.0:B160/IBM1/JMJ24/JMJ26/JMJ27/JMJ29	1.0	JMJ24	100.0
Atri_XP_020529762.1	JmjC.HG3.0:B160/IBM1/JMJ24/JMJ26/JMJ27/JMJ29	1.0	JMJ24	100.0
Rchi_XP_040362722.1	JmjC.HG3.0:B160/IBM1/JMJ24/JMJ26/JMJ27/JMJ29	1.0	JMJ26/JMJ29	97.0/97.0
Mtru_XP_024628752.1	JmjC.HG3.0:B160/IBM1/JMJ24/JMJ26/JMJ27/JMJ29	1.0	JMJ26/JMJ29	48.0/48.0
Lsat_XP_042758581.1	JmjC.HG3.0:B160/IBM1/JMJ24/JMJ26/JMJ27/JMJ29	1.0	IBM1	93.0
Bnap_XP_048633161.1	JmjC.HG3.0:B160/IBM1/JMJ24/JMJ26/JMJ27/JMJ29	1.0	JMJ29	100.0
Rchi_XP_024157358.1	JmjC.HG3.0:B160/IBM1/JMJ24/JMJ26/JMJ27/JMJ29	1.0	B160	100.0
Bnap_XP_048601551.1	JmjC.HG3.0:B160/IBM1/JMJ24/JMJ26/JMJ27/JMJ29	1.0	B160	100.0
Ppat_XP_024400791.1	JmjC.HG3.0:B160/IBM1/JMJ24/JMJ26/JMJ27/JMJ29	1.0	B160/IBM1/JMJ24/JMJ26/JMJ27/JMJ29	90.0/90.0/90.0/90.0/90.0/90.0
Atha_NP_001328650.1	JmjC.HG3.0:B160/IBM1/JMJ24/JMJ26/JMJ27/JMJ29	1.0	JMJ27	100.0
Mtru_XP_039689163.1	JmjC.HG3.0:B160/IBM1/JMJ24/JMJ26/JMJ27/JMJ29	1.0	JMJ26/JMJ29	48.0/48.0
Mtru_XP_024633356.1	JmjC.HG3.0:B160/IBM1/JMJ24/JMJ26/JMJ27/JMJ29	1.0	JMJ26/JMJ29	48.0/48.0
Lsat_XP_023749346.1	JmjC.HG3.0:B160/IBM1/JMJ24/JMJ26/JMJ27/JMJ29	1.0	IBM1	93.0
Ecur_TVU46240.1	JmjC.HG3.0:B160/IBM1/JMJ24/JMJ26/JMJ27/JMJ29	1.0	NA	NA
Mesc_XP_021604996.1	JmjC.HG3.0:B160/IBM1/JMJ24/JMJ26/JMJ27/JMJ29	1.0	NA	NA
Sollyc_XP_004232586.1	JmjC.HG3.0:B160/IBM1/JMJ24/JMJ26/JMJ27/JMJ29	1.0	NA	NA
Psat_XP_050892120.1	JmjC.HG3.0:B160/IBM1/JMJ24/JMJ26/JMJ27/JMJ29	1.0	JMJ24	100.0
Sollyc_XP_069149760.1	JmjC.HG3.0:B160/IBM1/JMJ24/JMJ26/JMJ27/JMJ29	1.0	JMJ24	100.0
Rchi_XP_024170310.1	JmjC.HG3.0:B160/IBM1/JMJ24/JMJ26/JMJ27/JMJ29	1.0	IBM1	93.0
Sollyc_XP_010325051.1	JmjC.HG3.0:B160/IBM1/JMJ24/JMJ26/JMJ27/JMJ29	1.0	IBM1	93.0
Sollyc_XP_069144194.1	JmjC.HG3.0:B160/IBM1/JMJ24/JMJ26/JMJ27/JMJ29	1.0	IBM1	93.0
Lsat_XP_023749326.1	JmjC.HG3.0:B160/IBM1/JMJ24/JMJ26/JMJ27/JMJ29	1.0	IBM1	93.0
Bnap_XP_022546159.1	JmjC.HG3.0:B160/IBM1/JMJ24/JMJ26/JMJ27/JMJ29	1.0	JMJ24	100.0
Bnap_XP_022562843.1	JmjC.HG3.0:B160/IBM1/JMJ24/JMJ26/JMJ27/JMJ29	1.0	B160	100.0
Mtru_XP_039683552.1	JmjC.HG3.0:B160/IBM1/JMJ24/JMJ26/JMJ27/JMJ29	1.0	JMJ27	100.0
Osat_XP_015632336.1	JmjC.HG3.0:B160/IBM1/JMJ24/JMJ26/JMJ27/JMJ29	1.0	JMJ24	100.0
Lsat_XP_052620336.1	JmjC.HG3.0:B160/IBM1/JMJ24/JMJ26/JMJ27/JMJ29	1.0	IBM1	93.0
Bnap_XP_013750590.2	JmjC.HG3.0:B160/IBM1/JMJ24/JMJ26/JMJ27/JMJ29	1.0	IBM1	100.0
Rchi_XP_024176218.1	JmjC.HG3.0:B160/IBM1/JMJ24/JMJ26/JMJ27/JMJ29	1.0	JMJ27	100.0
Lsat_XP_023749314.1	JmjC.HG3.0:B160/IBM1/JMJ24/JMJ26/JMJ27/JMJ29	1.0	IBM1	93.0
Qlob_XP_030969298.1	JmjC.HG3.0:B160/IBM1/JMJ24/JMJ26/JMJ27/JMJ29	1.0	B160	100.0
Mesc_XP_021620108.1	JmjC.HG3.0:B160/IBM1/JMJ24/JMJ26/JMJ27/JMJ29	1.0	JMJ24	100.0
Lsat_XP_042758585.2	JmjC.HG3.0:B160/IBM1/JMJ24/JMJ26/JMJ27/JMJ29	1.0	IBM1	93.0
Bnap_XP_013717252.1	JmjC.HG3.0:B160/IBM1/JMJ24/JMJ26/JMJ27/JMJ29	1.0	B160	100.0
Zmay_NP_001357967.1	JmjC.HG3.0:B160/IBM1/JMJ24/JMJ26/JMJ27/JMJ29	1.0	JMJ26/JMJ29	99.0/99.0
Sollyc_XP_019069082.1	JmjC.HG3.0:B160/IBM1/JMJ24/JMJ26/JMJ27/JMJ29	1.0	IBM1	93.0
Osat_XP_015611177.1	JmjC.HG3.0:B160/IBM1/JMJ24/JMJ26/JMJ27/JMJ29	1.0	JMJ26/JMJ29	99.0/99.0
Ppat_XP_024373438.1	JmjC.HG3.0:B160/IBM1/JMJ24/JMJ26/JMJ27/JMJ29	1.0	B160/IBM1/JMJ24/JMJ26/JMJ27/JMJ29	90.0/90.0/90.0/90.0/90.0/90.0
Atha_NP_001318961.1	JmjC.HG3.0:B160/IBM1/JMJ24/JMJ26/JMJ27/JMJ29	1.0	JMJ24	100.0
Atha_NP_172380.2	JmjC.HG3.0:B160/IBM1/JMJ24/JMJ26/JMJ27/JMJ29	1.0	JMJ24	1.0
Ecur_TVU47084.1	JmjC.HG3.0:B160/IBM1/JMJ24/JMJ26/JMJ27/JMJ29	1.0	JMJ24	100.0
Lsat_XP_023749317.1	JmjC.HG3.0:B160/IBM1/JMJ24/JMJ26/JMJ27/JMJ29	1.0	IBM1	93.0
Osat_XP_066160272.1	JmjC.HG3.0:B160/IBM1/JMJ24/JMJ26/JMJ27/JMJ29	1.0	JMJ26/JMJ29	99.0/99.0
Ppat_XP_024394106.1	JmjC.HG3.0:B160/IBM1/JMJ24/JMJ26/JMJ27/JMJ29	1.0	B160/IBM1/JMJ24/JMJ26/JMJ27/JMJ29	90.0/90.0/90.0/90.0/90.0/90.0
Atri_XP_020530155.1	JmjC.HG3.0:B160/IBM1/JMJ24/JMJ26/JMJ27/JMJ29	1.0	IBM1/JMJ26/JMJ29	68.0/68.0/68.0
Bnap_XP_013750219.3	JmjC.HG3.0:B160/IBM1/JMJ24/JMJ26/JMJ27/JMJ29	1.0	JMJ29	100.0
Bnap_XP_013692989.2	JmjC.HG3.0:B160/IBM1/JMJ24/JMJ26/JMJ27/JMJ29	1.0	IBM1	100.0
Mesc_XP_043817505.1	JmjC.HG3.0:B160/IBM1/JMJ24/JMJ26/JMJ27/JMJ29	1.0	IBM1	93.0
Mtru_XP_013469044.2	JmjC.HG3.0:B160/IBM1/JMJ24/JMJ26/JMJ27/JMJ29	1.0	JMJ24	100.0
Atri_XP_006855516.1	JmjC.HG3.0:B160/IBM1/JMJ24/JMJ26/JMJ27/JMJ29	1.0	JMJ24	100.0
Ppat_XP_024373437.1	JmjC.HG3.0:B160/IBM1/JMJ24/JMJ26/JMJ27/JMJ29	1.0	B160/IBM1/JMJ24/JMJ26/JMJ27/JMJ29	90.0/90.0/90.0/90.0/90.0/90.0
Sollyc_XP_069149762.1	JmjC.HG3.0:B160/IBM1/JMJ24/JMJ26/JMJ27/JMJ29	1.0	JMJ24	100.0
Tura_XP_048570989.1	JmjC.HG3.0:B160/IBM1/JMJ24/JMJ26/JMJ27/JMJ29	1.0	JMJ24	100.0
Bnap_XP_048618948.1	JmjC.HG3.0:B160/IBM1/JMJ24/JMJ26/JMJ27/JMJ29	1.0	B160	100.0
Atha_NP_001189838.1	JmjC.HG3.0:B160/IBM1/JMJ24/JMJ26/JMJ27/JMJ29	1.0	IBM1	100.0
Bnap_XP_022548707.2	JmjC.HG3.0:B160/IBM1/JMJ24/JMJ26/JMJ27/JMJ29	1.0	JMJ27	100.0
Lsat_XP_023749345.1	JmjC.HG3.0:B160/IBM1/JMJ24/JMJ26/JMJ27/JMJ29	1.0	IBM1	93.0
Mtru_XP_003592704.3	JmjC.HG3.0:B160/IBM1/JMJ24/JMJ26/JMJ27/JMJ29	1.0	IBM1	93.0
Bdis_XP_010235136.2	JmjC.HG3.0:B160/IBM1/JMJ24/JMJ26/JMJ27/JMJ29	1.0	JMJ26/JMJ29	99.0/99.0
Bnap_XP_048595743.1	JmjC.HG3.0:B160/IBM1/JMJ24/JMJ26/JMJ27/JMJ29	1.0	JMJ29	100.0
Lsat_XP_023742884.1	JmjC.HG3.0:B160/IBM1/JMJ24/JMJ26/JMJ27/JMJ29	1.0	JMJ26/JMJ29	100.0/100.0
Ecur_TVU33689.1	JmjC.HG3.0:B160/IBM1/JMJ24/JMJ26/JMJ27/JMJ29	1.0	NA	NA
Mesc_XP_021592811.1	JmjC.HG3.0:B160/IBM1/JMJ24/JMJ26/JMJ27/JMJ29	1.0	IBM1	93.0
Sollyc_XP_069144196.1	JmjC.HG3.0:B160/IBM1/JMJ24/JMJ26/JMJ27/JMJ29	1.0	IBM1	93.0
Rchi_XP_040362148.1	JmjC.HG3.0:B160/IBM1/JMJ24/JMJ26/JMJ27/JMJ29	1.0	B160	100.0
Psat_XP_050916935.1	JmjC.HG3.0:B160/IBM1/JMJ24/JMJ26/JMJ27/JMJ29	1.0	JMJ27	100.0
Sollyc_XP_069144192.1	JmjC.HG3.0:B160/IBM1/JMJ24/JMJ26/JMJ27/JMJ29	1.0	IBM1	93.0
Rchi_XP_024170218.1	JmjC.HG3.0:B160/IBM1/JMJ24/JMJ26/JMJ27/JMJ29	1.0	IBM1	93.0
Sollyc_XP_010318018.2	JmjC.HG3.0:B160/IBM1/JMJ24/JMJ26/JMJ27/JMJ29	1.0	NA	NA
Bnap_XP_022559270.2	JmjC.HG3.0:B160/IBM1/JMJ24/JMJ26/JMJ27/JMJ29	1.0	IBM1	100.0
Rchi_XP_024199074.1	JmjC.HG3.0:B160/IBM1/JMJ24/JMJ26/JMJ27/JMJ29	1.0	IBM1	93.0
Rchi_XP_024169456.1	JmjC.HG3.0:B160/IBM1/JMJ24/JMJ26/JMJ27/JMJ29	1.0	IBM1	93.0
Bdis_XP_024317520.1	JmjC.HG3.0:B160/IBM1/JMJ24/JMJ26/JMJ27/JMJ29	1.0	NA	NA
Rchi_XP_024169441.1	JmjC.HG3.0:B160/IBM1/JMJ24/JMJ26/JMJ27/JMJ29	1.0	IBM1	93.0
Qlob_XP_030933855.1	JmjC.HG3.0:B160/IBM1/JMJ24/JMJ26/JMJ27/JMJ29	1.0	NA	NA
Bnap_XP_022562845.1	JmjC.HG3.0:B160/IBM1/JMJ24/JMJ26/JMJ27/JMJ29	1.0	B160	100.0
Osat_XP_015612349.2	JmjC.HG3.0:B160/IBM1/JMJ24/JMJ26/JMJ27/JMJ29	1.0	JMJ26/JMJ29	99.0/99.0
Atha_NP_001328649.1	JmjC.HG3.0:B160/IBM1/JMJ24/JMJ26/JMJ27/JMJ29	1.0	JMJ27	100.0
Atha_NP_172659.3	JmjC.HG3.0:B160/IBM1/JMJ24/JMJ26/JMJ27/JMJ29	1.0	JMJ26	100.0
Mtru_XP_024635245.1	JmjC.HG3.0:B160/IBM1/JMJ24/JMJ26/JMJ27/JMJ29	1.0	IBM1	93.0
Bnap_XP_048609732.1	JmjC.HG3.0:B160/IBM1/JMJ24/JMJ26/JMJ27/JMJ29	1.0	JMJ29	100.0
Osat_XP_015623784.1	JmjC.HG3.0:B160/IBM1/JMJ24/JMJ26/JMJ27/JMJ29	1.0	NA	NA
Sollyc_XP_025886485.1	JmjC.HG3.0:B160/IBM1/JMJ24/JMJ26/JMJ27/JMJ29	1.0	IBM1	93.0
Mtru_XP_003588516.2	JmjC.HG3.0:B160/IBM1/JMJ24/JMJ26/JMJ27/JMJ29	1.0	NA	NA
Ppat_XP_024399461.1	JmjC.HG3.0:B160/IBM1/JMJ24/JMJ26/JMJ27/JMJ29	1.0	B160/IBM1/JMJ24/JMJ26/JMJ27/JMJ29	90.0/90.0/90.0/90.0/90.0/90.0
Bnap_XP_013717256.2	JmjC.HG3.0:B160/IBM1/JMJ24/JMJ26/JMJ27/JMJ29	1.0	B160	100.0
Bnap_XP_048633162.1	JmjC.HG3.0:B160/IBM1/JMJ24/JMJ26/JMJ27/JMJ29	1.0	JMJ29	100.0
Mtru_XP_039689165.1	JmjC.HG3.0:B160/IBM1/JMJ24/JMJ26/JMJ27/JMJ29	1.0	JMJ26/JMJ29	48.0/48.0
Zmay_XP_008665050.1	JmjC.HG3.0:B160/IBM1/JMJ24/JMJ26/JMJ27/JMJ29	1.0	NA	NA
Bnap_XP_022565521.1	JmjC.HG3.0:B160/IBM1/JMJ24/JMJ26/JMJ27/JMJ29	1.0	JMJ29	100.0
Atha_NP_192008.3	JmjC.HG3.0:B160/IBM1/JMJ24/JMJ26/JMJ27/JMJ29	1.0	JMJ27	100.0
Tura_XP_048547542.1	JmjC.HG3.0:B160/IBM1/JMJ24/JMJ26/JMJ27/JMJ29	1.0	NA	NA
Ppat_XP_024373445.1	JmjC.HG3.0:B160/IBM1/JMJ24/JMJ26/JMJ27/JMJ29	1.0	B160/IBM1/JMJ24/JMJ26/JMJ27/JMJ29	90.0/90.0/90.0/90.0/90.0/90.0
Mtru_XP_003608271.1	JmjC.HG3.0:B160/IBM1/JMJ24/JMJ26/JMJ27/JMJ29	1.0	B160	100.0
Ecur_TVU09444.1	JmjC.HG3.0:B160/IBM1/JMJ24/JMJ26/JMJ27/JMJ29	1.0	JMJ26/JMJ29	99.0/99.0
Ppat_XP_024394103.1	JmjC.HG3.0:B160/IBM1/JMJ24/JMJ26/JMJ27/JMJ29	1.0	B160/IBM1/JMJ24/JMJ26/JMJ27/JMJ29	90.0/90.0/90.0/90.0/90.0/90.0
Atha_NP_001031007.1	JmjC.HG3.0:B160/IBM1/JMJ24/JMJ26/JMJ27/JMJ29	1.0	JMJ24	100.0
Mesc_XP_021620107.1	JmjC.HG3.0:B160/IBM1/JMJ24/JMJ26/JMJ27/JMJ29	1.0	JMJ24	100.0
Bnap_XP_013713603.2	JmjC.HG3.0:B160/IBM1/JMJ24/JMJ26/JMJ27/JMJ29	1.0	JMJ29	100.0
Atri_XP_020527897.1	JmjC.HG3.0:B160/IBM1/JMJ24/JMJ26/JMJ27/JMJ29	1.0	JMJ27	100.0
Mpol_BFI36229.1	JmjC.HG3.0:B160/IBM1/JMJ24/JMJ26/JMJ27/JMJ29	1.0	B160/IBM1/JMJ24/JMJ26/JMJ27/JMJ29	90.0/90.0/90.0/90.0/90.0/90.0
Lsat_XP_042758186.1	JmjC.HG3.0:B160/IBM1/JMJ24/JMJ26/JMJ27/JMJ29	1.0	IBM1	93.0
Rchi_XP_024157359.1	JmjC.HG3.0:B160/IBM1/JMJ24/JMJ26/JMJ27/JMJ29	1.0	B160	100.0
Osat_XP_015631306.1	JmjC.HG3.0:B160/IBM1/JMJ24/JMJ26/JMJ27/JMJ29	1.0	NA	NA
Mesc_XP_021604997.1	JmjC.HG3.0:B160/IBM1/JMJ24/JMJ26/JMJ27/JMJ29	1.0	NA	NA
Sollyc_XP_069153226.1	JmjC.HG3.0:B160/IBM1/JMJ24/JMJ26/JMJ27/JMJ29	1.0	IBM1	93.0
Ppat_XP_024373450.1	JmjC.HG3.0:B160/IBM1/JMJ24/JMJ26/JMJ27/JMJ29	1.0	B160/IBM1/JMJ24/JMJ26/JMJ27/JMJ29	90.0/90.0/90.0/90.0/90.0/90.0
Bnap_XP_013717259.2	JmjC.HG3.0:B160/IBM1/JMJ24/JMJ26/JMJ27/JMJ29	1.0	B160	100.0
Ppat_XP_024400797.1	JmjC.HG3.0:B160/IBM1/JMJ24/JMJ26/JMJ27/JMJ29	1.0	B160/IBM1/JMJ24/JMJ26/JMJ27/JMJ29	90.0/90.0/90.0/90.0/90.0/90.0
Ppat_XP_024373448.1	JmjC.HG3.0:B160/IBM1/JMJ24/JMJ26/JMJ27/JMJ29	1.0	B160/IBM1/JMJ24/JMJ26/JMJ27/JMJ29	90.0/90.0/90.0/90.0/90.0/90.0
Bnap_XP_022565520.1	JmjC.HG3.0:B160/IBM1/JMJ24/JMJ26/JMJ27/JMJ29	1.0	JMJ29	100.0
Bnap_XP_048605946.1	JmjC.HG3.0:B160/IBM1/JMJ24/JMJ26/JMJ27/JMJ29	1.0	NA	NA
Psat_XP_050887664.1	JmjC.HG3.0:B160/IBM1/JMJ24/JMJ26/JMJ27/JMJ29	1.0	IBM1	93.0
Sollyc_XP_019070828.1	JmjC.HG3.0:B160/IBM1/JMJ24/JMJ26/JMJ27/JMJ29	1.0	IBM1	93.0
Bnap_XP_022550346.2	JmjC.HG3.0:B160/IBM1/JMJ24/JMJ26/JMJ27/JMJ29	1.0	B160	100.0
Atri_XP_011620489.2	JmjC.HG3.0:B160/IBM1/JMJ24/JMJ26/JMJ27/JMJ29	1.0	B160	100.0
Lsat_XP_042751904.1	JmjC.HG3.0:B160/IBM1/JMJ24/JMJ26/JMJ27/JMJ29	1.0	JMJ26/JMJ29	100.0/100.0
Mtru_XP_013450617.1	JmjC.HG3.0:B160/IBM1/JMJ24/JMJ26/JMJ27/JMJ29	1.0	JMJ27	100.0
Qlob_XP_030957459.1	JmjC.HG3.0:B160/IBM1/JMJ24/JMJ26/JMJ27/JMJ29	1.0	JMJ24	100.0
Lsat_XP_042758187.1	JmjC.HG3.0:B160/IBM1/JMJ24/JMJ26/JMJ27/JMJ29	1.0	IBM1	93.0
Mtru_XP_003615216.2	JmjC.HG3.0:B160/IBM1/JMJ24/JMJ26/JMJ27/JMJ29	1.0	IBM1	93.0
Osat_XP_015631297.1	JmjC.HG3.0:B160/IBM1/JMJ24/JMJ26/JMJ27/JMJ29	1.0	NA	NA
Bnap_XP_013717258.2	JmjC.HG3.0:B160/IBM1/JMJ24/JMJ26/JMJ27/JMJ29	1.0	B160	100.0
Ppat_XP_024394114.1	JmjC.HG3.0:B160/IBM1/JMJ24/JMJ26/JMJ27/JMJ29	1.0	B160/IBM1/JMJ24/JMJ26/JMJ27/JMJ29	90.0/90.0/90.0/90.0/90.0/90.0
Psat_XP_050892778.1	JmjC.HG3.0:B160/IBM1/JMJ24/JMJ26/JMJ27/JMJ29	1.0	IBM1	93.0
Qlob_XP_030957460.1	JmjC.HG3.0:B160/IBM1/JMJ24/JMJ26/JMJ27/JMJ29	1.0	JMJ24	100.0
Ppat_XP_024373447.1	JmjC.HG3.0:B160/IBM1/JMJ24/JMJ26/JMJ27/JMJ29	1.0	B160/IBM1/JMJ24/JMJ26/JMJ27/JMJ29	90.0/90.0/90.0/90.0/90.0/90.0
Cofcan_CDP05058.1	JmjC.HG3.0:B160/IBM1/JMJ24/JMJ26/JMJ27/JMJ29	1.0	NA	NA
Cofcan_CDP01722.1	JmjC.HG3.0:B160/IBM1/JMJ24/JMJ26/JMJ27/JMJ29	1.0	NA	NA
Mpol_BFI36230.1	JmjC.HG3.0:B160/IBM1/JMJ24/JMJ26/JMJ27/JMJ29	1.0	B160/IBM1/JMJ24/JMJ26/JMJ27/JMJ29	90.0/90.0/90.0/90.0/90.0/90.0
Tura_XP_048530145.1	JmjC.HG3.0:B160/IBM1/JMJ24/JMJ26/JMJ27/JMJ29	1.0	JMJ26/JMJ29	99.0/99.0
Rchi_XP_040361941.1	JmjC.HG3.0:B160/IBM1/JMJ24/JMJ26/JMJ27/JMJ29	1.0	IBM1	93.0
Mesc_XP_021604995.1	JmjC.HG3.0:B160/IBM1/JMJ24/JMJ26/JMJ27/JMJ29	1.0	NA	NA
Lsat_XP_042758580.1	JmjC.HG3.0:B160/IBM1/JMJ24/JMJ26/JMJ27/JMJ29	1.0	IBM1	93.0
Bnap_XP_022562846.1	JmjC.HG3.0:B160/IBM1/JMJ24/JMJ26/JMJ27/JMJ29	1.0	B160	100.0
Bnap_XP_013717255.1	JmjC.HG3.0:B160/IBM1/JMJ24/JMJ26/JMJ27/JMJ29	1.0	B160	100.0
Crei_XP_042920439.1	JmjC.HG3.1:like:B160/IBM1/JMJ24/JMJ26/JMJ27/JMJ29	1.0	NA	NA
Hduj_OWA50677.1	JmjC.HG4.0:like:KDM6A/KDM6B/UTY	1.0	NA	NA
Rvar_GAU92728.1	JmjC.HG4.1:like:KDM6A/KDM6B/UTY	1.0	NA	NA
Cele_NP_509451.2	JmjC.HG4.2:like:KDM6A/KDM6B/UTY	100.0	NA	NA
Cele_NP_001309681.1	JmjC.HG4.2:like:KDM6A/KDM6B/UTY	100.0	NA	NA
Cele_NP_001367710.1	JmjC.HG4.2:like:KDM6A/KDM6B/UTY	100.0	NA	NA
Cele_NP_510405.1	JmjC.HG4.2:like:KDM6A/KDM6B/UTY	100.0	NA	NA
Cele_NP_001309680.1	JmjC.HG4.2:like:KDM6A/KDM6B/UTY	100.0	NA	NA
Priarc_PARCANUS000012906.t1	JmjC.HG4.3:like:KDM6A/KDM6B/UTY	87.0	NA	NA
Priarc_PARCANUS000007126.t1	JmjC.HG4.3:like:KDM6A/KDM6B/UTY	87.0	NA	NA
Priarc_PARCANUS000005531.t1	JmjC.HG4.3:like:KDM6A/KDM6B/UTY	87.0	NA	NA
Priarc_PARCANUS000028174.t1	JmjC.HG4.3:like:KDM6A/KDM6B/UTY	87.0	NA	NA
Priarc_PARCANUS000017340.t1	JmjC.HG4.3:like:KDM6A/KDM6B/UTY	87.0	NA	NA
Otip_Oti_11277_t	JmjC.HG4.4:like:KDM6A/KDM6B/UTY	77.0	NA	NA
Priarc_PARCANUS000023591.t1	JmjC.HG4.4:like:KDM6A/KDM6B/UTY	77.0	NA	NA
Sros_XP_004996654.1	JmjC.HG4.4:like:KDM6A/KDM6B/UTY	77.0	NA	NA
Priarc_PARCANUS000032095.t1	JmjC.HG4.4:like:KDM6A/KDM6B/UTY	77.0	NA	NA
Sros_XP_004995940.1	JmjC.HG4.4:like:KDM6A/KDM6B/UTY	77.0	NA	NA
Sros_XP_004995958.1	JmjC.HG4.4:like:KDM6A/KDM6B/UTY	77.0	NA	NA
Gpal_Gpal_D383_g10019.t1	JmjC.HG4.5:KDM6A/KDM6B/UTY	69.0	KDM6A/KDM6B/UTY	69.0/69.0/69.0
Hsap_XP_047298705.1	JmjC.HG4.5:KDM6A/KDM6B/UTY	69.0	KDM6A/UTY	100.0/100.0
Diplco_DCO_003129	JmjC.HG4.5:KDM6A/KDM6B/UTY	69.0	KDM6A/KDM6B/UTY	69.0/69.0/69.0
Asuu_AgB14_g128_t02	JmjC.HG4.5:KDM6A/KDM6B/UTY	69.0	KDM6A/KDM6B/UTY	69.0/69.0/69.0
Asuu_AgB14_g128_t06	JmjC.HG4.5:KDM6A/KDM6B/UTY	69.0	KDM6A/KDM6B/UTY	69.0/69.0/69.0
Hpol_VDO77107.1	JmjC.HG4.5:KDM6A/KDM6B/UTY	69.0	KDM6A/KDM6B/UTY	69.0/69.0/69.0
Lloa_XP_020306211.1	JmjC.HG4.5:KDM6A/KDM6B/UTY	69.0	KDM6A/KDM6B/UTY	69.0/69.0/69.0
Ever_VDD96090.1	JmjC.HG4.5:KDM6A/KDM6B/UTY	69.0	KDM6A/KDM6B/UTY	69.0/69.0/69.0
Ddip_jg1432	JmjC.HG4.5:KDM6A/KDM6B/UTY	69.0	KDM6A/KDM6B/UTY	69.0/69.0/69.0
Srat_XP_024508309.1	JmjC.HG4.5:KDM6A/KDM6B/UTY	69.0	KDM6A/KDM6B/UTY	69.0/69.0/69.0
Asuu_AgB14_g128_t04	JmjC.HG4.5:KDM6A/KDM6B/UTY	69.0	KDM6A/KDM6B/UTY	69.0/69.0/69.0
Hcon_XGW35844.1	JmjC.HG4.5:KDM6A/KDM6B/UTY	69.0	KDM6A/KDM6B/UTY	69.0/69.0/69.0
Asuu_AgB14_g128_t01	JmjC.HG4.5:KDM6A/KDM6B/UTY	69.0	KDM6A/KDM6B/UTY	69.0/69.0/69.0
Mhap_MhA1_Contig334.frz3.gene8	JmjC.HG4.5:KDM6A/KDM6B/UTY	69.0	KDM6A/KDM6B/UTY	69.0/69.0/69.0
Asuu_AgB14_g128_t05	JmjC.HG4.5:KDM6A/KDM6B/UTY	69.0	KDM6A/KDM6B/UTY	69.0/69.0/69.0
Cele_NP_001309686.1	JmjC.HG4.5:KDM6A/KDM6B/UTY	69.0	KDM6A/KDM6B/UTY	69.0/69.0/69.0
Acey_EYC10937.1	JmjC.HG4.5:KDM6A/KDM6B/UTY	69.0	KDM6A/KDM6B/UTY	69.0/69.0/69.0
Asuu_AgB14_g128_t11	JmjC.HG4.5:KDM6A/KDM6B/UTY	69.0	KDM6A/KDM6B/UTY	69.0/69.0/69.0
Asuu_AgB14_g128_t08	JmjC.HG4.5:KDM6A/KDM6B/UTY	69.0	KDM6A/KDM6B/UTY	69.0/69.0/69.0
Avit_KAL3989668.1	JmjC.HG4.5:KDM6A/KDM6B/UTY	69.0	KDM6A/KDM6B/UTY	69.0/69.0/69.0
Hcon_XGW35846.1	JmjC.HG4.5:KDM6A/KDM6B/UTY	69.0	KDM6A/KDM6B/UTY	69.0/69.0/69.0
Cele_NP_001309685.1	JmjC.HG4.5:KDM6A/KDM6B/UTY	69.0	KDM6A/KDM6B/UTY	69.0/69.0/69.0
Asuu_AgB14_g128_t03	JmjC.HG4.5:KDM6A/KDM6B/UTY	69.0	KDM6A/KDM6B/UTY	69.0/69.0/69.0
Hcon_XGW35847.1	JmjC.HG4.5:KDM6A/KDM6B/UTY	69.0	KDM6A/KDM6B/UTY	69.0/69.0/69.0
Mbel_CAJ0945113.1	JmjC.HG4.5:KDM6A/KDM6B/UTY	69.0	KDM6A/KDM6B/UTY	69.0/69.0/69.0
Eela_EEL_0000828701-mRNA-1	JmjC.HG4.5:KDM6A/KDM6B/UTY	69.0	KDM6A/KDM6B/UTY	69.0/69.0/69.0
Bmal_XP_042930887.1	JmjC.HG4.5:KDM6A/KDM6B/UTY	69.0	KDM6A/KDM6B/UTY	69.0/69.0/69.0
Sypmur_SMUV_0000514601-mRNA-1	JmjC.HG4.5:KDM6A/KDM6B/UTY	69.0	KDM6A/KDM6B/UTY	69.0/69.0/69.0
Avit_KAL3989667.1	JmjC.HG4.5:KDM6A/KDM6B/UTY	69.0	KDM6A/KDM6B/UTY	69.0/69.0/69.0
Ovol_OVOC3273	JmjC.HG4.5:KDM6A/KDM6B/UTY	69.0	KDM6A/KDM6B/UTY	69.0/69.0/69.0
Otip_Oti_15919_t	JmjC.HG4.5:KDM6A/KDM6B/UTY	69.0	KDM6A/KDM6B/UTY	69.0/69.0/69.0
Diplco_DCO_003130	JmjC.HG4.5:KDM6A/KDM6B/UTY	69.0	KDM6A/KDM6B/UTY	69.0/69.0/69.0
Bxyl_CAG9109466.1	JmjC.HG4.5:KDM6A/KDM6B/UTY	69.0	KDM6A/KDM6B/UTY	69.0/69.0/69.0
Priarc_PARCANUS000004391.t1	JmjC.HG4.5:KDM6A/KDM6B/UTY	69.0	KDM6A/KDM6B/UTY	69.0/69.0/69.0
Hcon_XGW35845.1	JmjC.HG4.5:KDM6A/KDM6B/UTY	69.0	KDM6A/KDM6B/UTY	69.0/69.0/69.0
Lsig_VDK85076.1	JmjC.HG4.5:KDM6A/KDM6B/UTY	69.0	KDM6A/KDM6B/UTY	69.0/69.0/69.0
Dimm_MCP9256960.1	JmjC.HG4.5:KDM6A/KDM6B/UTY	69.0	KDM6A/KDM6B/UTY	69.0/69.0/69.0
Asuu_AgB14_g128_t10	JmjC.HG4.5:KDM6A/KDM6B/UTY	69.0	KDM6A/KDM6B/UTY	69.0/69.0/69.0
Scar_TKR80412.1	JmjC.HG4.5:KDM6A/KDM6B/UTY	69.0	KDM6A/KDM6B/UTY	69.0/69.0/69.0
Asuu_AgB14_g128_t07	JmjC.HG4.5:KDM6A/KDM6B/UTY	69.0	KDM6A/KDM6B/UTY	69.0/69.0/69.0
Bxyl_CAG9128749.1	JmjC.HG4.5:KDM6A/KDM6B/UTY	69.0	KDM6A/KDM6B/UTY	69.0/69.0/69.0
Ever_VDD91235.1	JmjC.HG4.5:KDM6A/KDM6B/UTY	69.0	KDM6A/KDM6B/UTY	69.0/69.0/69.0
Mjap_MIJAPON000003792.t1	JmjC.HG4.5:KDM6A/KDM6B/UTY	69.0	KDM6A/KDM6B/UTY	69.0/69.0/69.0
Angcan_KAE9415141.1	JmjC.HG4.5:KDM6A/KDM6B/UTY	69.0	KDM6A/KDM6B/UTY	69.0/69.0/69.0
Rvar_GAV03970.1	JmjC.HG4.5:KDM6A/KDM6B/UTY	69.0	KDM6A/KDM6B/UTY	79.0/79.0/79.0
Tsui_KHJ41379.1	JmjC.HG4.5:KDM6A/KDM6B/UTY	69.0	KDM6A/KDM6B/UTY	76.0/76.0/76.0
Hsap_XP_047298711.1	JmjC.HG4.5:KDM6A/KDM6B/UTY	69.0	KDM6A/UTY	100.0/33.0
Hsap_NP_001387106.1	JmjC.HG4.5:KDM6A/KDM6B/UTY	69.0	KDM6A/UTY	100.0/36.0
Hsap_XP_047298704.1	JmjC.HG4.5:KDM6A/KDM6B/UTY	69.0	KDM6A/UTY	100.0/100.0
Xtro_XP_031753879.1	JmjC.HG4.5:KDM6A/KDM6B/UTY	69.0	KDM6B	100.0
Trimur_TMUE_3000013673	JmjC.HG4.5:KDM6A/KDM6B/UTY	69.0	KDM6A/KDM6B/UTY	76.0/76.0/76.0
Hsap_NP_001245179.1	JmjC.HG4.5:KDM6A/KDM6B/UTY	69.0	KDM6A/UTY	100.0/36.0
Spur_XP_030837351.1	JmjC.HG4.5:KDM6A/KDM6B/UTY	69.0	KDM6A/KDM6B/UTY	97.0/97.0/97.0
Hsap_NP_001245187.1	JmjC.HG4.5:KDM6A/KDM6B/UTY	69.0	KDM6A/UTY	100.0/36.0
Dmel_NP_001188773.1	JmjC.HG4.5:KDM6A/KDM6B/UTY	69.0	KDM6A/KDM6B/UTY	89.0/89.0/89.0
Tadh_XP_002111819.1	JmjC.HG4.5:KDM6A/KDM6B/UTY	69.0	KDM6A/KDM6B/UTY	62.0/62.0/62.0
Pigchi_Pchi_g1554	JmjC.HG4.5:KDM6A/KDM6B/UTY	69.0	KDM6A/KDM6B/UTY	62.0/62.0/62.0
Hsap_NP_001406740.1	JmjC.HG4.5:KDM6A/KDM6B/UTY	69.0	KDM6A/UTY	4.0/100.0
Apla_XP_022095086.1	JmjC.HG4.5:KDM6A/KDM6B/UTY	69.0	KDM6A/KDM6B/UTY	97.0/97.0/97.0
Hsap_XP_011529756.1	JmjC.HG4.5:KDM6A/KDM6B/UTY	69.0	KDM6A/UTY	100.0/8.0
Hrob_XP_009020839.1	JmjC.HG4.5:KDM6A/KDM6B/UTY	69.0	KDM6A/KDM6B/UTY	78.0/78.0/78.0
Hsap_NP_001245180.1	JmjC.HG4.5:KDM6A/KDM6B/UTY	69.0	KDM6A/UTY	100.0/36.0
Hsap_XP_016885559.1	JmjC.HG4.5:KDM6A/KDM6B/UTY	69.0	KDM6A/UTY	100.0/100.0
Lana_XP_013421536.1	JmjC.HG4.5:KDM6A/KDM6B/UTY	69.0	KDM6A/KDM6B/UTY	91.0/91.0/91.0
Hsap_XP_011529743.1	JmjC.HG4.5:KDM6A/KDM6B/UTY	69.0	KDM6A/UTY	100.0/100.0
Bmor_XP_012551126.1	JmjC.HG4.5:KDM6A/KDM6B/UTY	69.0	KDM6A/KDM6B/UTY	89.0/89.0/89.0
Hsap_NP_001406742.1	JmjC.HG4.5:KDM6A/KDM6B/UTY	69.0	KDM6A/UTY	100.0/100.0
Xtro_NP_001265685.1	JmjC.HG4.5:KDM6A/KDM6B/UTY	69.0	KDM6B	100.0
Hsap_NP_001245198.1	JmjC.HG4.5:KDM6A/KDM6B/UTY	69.0	KDM6A/UTY	100.0/100.0
Xtro_XP_012811996.1	JmjC.HG4.5:KDM6A/KDM6B/UTY	69.0	KDM6A/UTY	100.0/100.0
Hsap_XP_011542271.1	JmjC.HG4.5:KDM6A/KDM6B/UTY	69.0	KDM6A/UTY	4.0/100.0
Hsap_NP_001245185.1	JmjC.HG4.5:KDM6A/KDM6B/UTY	69.0	KDM6A/UTY	100.0/36.0
Drer_XP_021333454.1	JmjC.HG4.5:KDM6A/KDM6B/UTY	69.0	KDM6B	100.0
Pigvie_Pvie_g7250	JmjC.HG4.5:KDM6A/KDM6B/UTY	69.0	KDM6A/KDM6B/UTY	62.0/62.0/62.0
Hsap_XP_011529744.1	JmjC.HG4.5:KDM6A/KDM6B/UTY	69.0	KDM6A/UTY	100.0/100.0
Drer_XP_005167851.1	JmjC.HG4.5:KDM6A/KDM6B/UTY	69.0	KDM6A/UTY	100.0/100.0
Twil_T_wilhelma_c34019_g1_i2|m.59298	JmjC.HG4.5:KDM6A/KDM6B/UTY	69.0	KDM6A/KDM6B/UTY	62.0/62.0/62.0
Hsap_XP_047298708.1	JmjC.HG4.5:KDM6A/KDM6B/UTY	69.0	KDM6A/UTY	100.0/100.0
Apla_XP_022095085.1	JmjC.HG4.5:KDM6A/KDM6B/UTY	69.0	KDM6A/KDM6B/UTY	97.0/97.0/97.0
Hsap_NP_001245194.1	JmjC.HG4.5:KDM6A/KDM6B/UTY	69.0	KDM6A/UTY	100.0/36.0
Drer_XP_021334861.1	JmjC.HG4.5:KDM6A/KDM6B/UTY	69.0	KDM6B	100.0
Hsap_XP_016885272.1	JmjC.HG4.5:KDM6A/KDM6B/UTY	69.0	KDM6A/UTY	4.0/100.0
Dpul_XP_046441443.1	JmjC.HG4.5:KDM6A/KDM6B/UTY	69.0	KDM6A/KDM6B/UTY	89.0/89.0/89.0
Ggal_XP_040527018.1	JmjC.HG4.5:KDM6A/KDM6B/UTY	69.0	KDM6A/UTY	99.0/99.0
Hsap_NP_001245189.1	JmjC.HG4.5:KDM6A/KDM6B/UTY	69.0	KDM6A/UTY	100.0/36.0
Hsap_NP_001245188.1	JmjC.HG4.5:KDM6A/KDM6B/UTY	69.0	KDM6A/UTY	100.0/36.0
Hsap_XP_047298707.1	JmjC.HG4.5:KDM6A/KDM6B/UTY	69.0	KDM6A/UTY	100.0/100.0
Hsap_XP_047298709.1	JmjC.HG4.5:KDM6A/KDM6B/UTY	69.0	KDM6A/UTY	100.0/36.0
Blan_XP_066267160.1	JmjC.HG4.5:KDM6A/KDM6B/UTY	69.0	KDM6A/KDM6B/UTY	57.0/57.0/57.0
Drer_XP_068079906.1	JmjC.HG4.5:KDM6A/KDM6B/UTY	69.0	KDM6B	100.0
Hsap_NP_001406735.1	JmjC.HG4.5:KDM6A/KDM6B/UTY	69.0	KDM6A/UTY	100.0/100.0
Blan_XP_066267161.1	JmjC.HG4.5:KDM6A/KDM6B/UTY	69.0	KDM6A/KDM6B/UTY	57.0/57.0/57.0
Hsap_XP_011542274.1	JmjC.HG4.5:KDM6A/KDM6B/UTY	69.0	KDM6A/UTY	5.0/100.0
Tbri_KRY51786.1	JmjC.HG4.5:KDM6A/KDM6B/UTY	69.0	KDM6A/KDM6B/UTY	76.0/76.0/76.0
Smed_h1SMcT0017959.1	JmjC.HG4.5:KDM6A/KDM6B/UTY	69.0	KDM6A/KDM6B/UTY	78.0/78.0/78.0
Hsap_NP_001245181.1	JmjC.HG4.5:KDM6A/KDM6B/UTY	69.0	KDM6A/UTY	100.0/36.0
Hsap_NP_001397671.1	JmjC.HG4.5:KDM6A/KDM6B/UTY	69.0	KDM6A/UTY	5.0/100.0
Ggal_XP_015156164.1	JmjC.HG4.5:KDM6A/KDM6B/UTY	69.0	KDM6A/UTY	99.0/99.0
Hsap_NP_001245196.1	JmjC.HG4.5:KDM6A/KDM6B/UTY	69.0	KDM6A/UTY	100.0/100.0
Hrob_XP_009017064.1	JmjC.HG4.5:KDM6A/KDM6B/UTY	69.0	NA	NA
Skow_XP_006817946.1	JmjC.HG4.5:KDM6A/KDM6B/UTY	69.0	KDM6A/KDM6B/UTY	97.0/97.0/97.0
Hsap_NP_001245192.1	JmjC.HG4.5:KDM6A/KDM6B/UTY	69.0	KDM6A/UTY	100.0/36.0
Hsap_NP_001278346.1	JmjC.HG4.5:KDM6A/KDM6B/UTY	69.0	KDM6A/UTY	4.0/100.0
Lana_XP_013421537.1	JmjC.HG4.5:KDM6A/KDM6B/UTY	69.0	KDM6A/KDM6B/UTY	91.0/91.0/91.0
Drer_XP_005168853.1	JmjC.HG4.5:KDM6A/KDM6B/UTY	69.0	KDM6A/UTY	100.0/100.0
Hsap_NP_001278345.1	JmjC.HG4.5:KDM6A/KDM6B/UTY	69.0	KDM6A/UTY	4.0/100.0
Drer_XP_005172678.1	JmjC.HG4.5:KDM6A/KDM6B/UTY	69.0	KDM6B	100.0
Dmel_NP_001260319.1	JmjC.HG4.5:KDM6A/KDM6B/UTY	69.0	KDM6A/KDM6B/UTY	89.0/89.0/89.0
Pvan_XP_069980254.1	JmjC.HG4.5:KDM6A/KDM6B/UTY	69.0	KDM6A/KDM6B/UTY	89.0/89.0/89.0
Lpol_XP_022258212.1	JmjC.HG4.5:KDM6A/KDM6B/UTY	69.0	KDM6A/KDM6B/UTY	89.0/89.0/89.0
Hsap_NP_001387110.1	JmjC.HG4.5:KDM6A/KDM6B/UTY	69.0	KDM6A/UTY	100.0/36.0
Hsap_NP_066963.2	JmjC.HG4.5:KDM6A/KDM6B/UTY	69.0	KDM6A/UTY	5.0/100.0
Emue_Em0021g24a	JmjC.HG4.5:KDM6A/KDM6B/UTY	69.0	KDM6A/KDM6B/UTY	62.0/62.0/62.0
Ggal_XP_015156122.1	JmjC.HG4.5:KDM6A/KDM6B/UTY	69.0	KDM6A/UTY	99.0/99.0
Hsap_XP_011529745.1	JmjC.HG4.5:KDM6A/KDM6B/UTY	69.0	KDM6A/UTY	100.0/100.0
Hsap_NP_001245191.1	JmjC.HG4.5:KDM6A/KDM6B/UTY	69.0	KDM6A/UTY	100.0/35.0
Spur_XP_011672931.2	JmjC.HG4.5:KDM6A/KDM6B/UTY	69.0	KDM6A/KDM6B/UTY	97.0/97.0/97.0
Hsap_NP_001406739.1	JmjC.HG4.5:KDM6A/KDM6B/UTY	69.0	KDM6A/UTY	100.0/100.0
Hsap_NP_001245182.1	JmjC.HG4.5:KDM6A/KDM6B/UTY	69.0	KDM6A/UTY	100.0/36.0
Hsap_XP_011542276.1	JmjC.HG4.5:KDM6A/KDM6B/UTY	69.0	KDM6A/UTY	5.0/100.0
Drer_NP_001025349.2	JmjC.HG4.5:KDM6A/KDM6B/UTY	69.0	KDM6B	100.0
Cvir_XP_022287881.1	JmjC.HG4.5:KDM6A/KDM6B/UTY	69.0	KDM6A/KDM6B/UTY	91.0/91.0/91.0
Hsap_NP_001406744.1	JmjC.HG4.5:KDM6A/KDM6B/UTY	69.0	KDM6A/UTY	5.0/100.0
Bmor_XP_004932357.2	JmjC.HG4.5:KDM6A/KDM6B/UTY	69.0	KDM6A/KDM6B/UTY	89.0/89.0/89.0
Hsap_NP_001278344.1	JmjC.HG4.5:KDM6A/KDM6B/UTY	69.0	KDM6A/UTY	4.0/100.0
Dmel_NP_723551.2	JmjC.HG4.5:KDM6A/KDM6B/UTY	69.0	KDM6A/KDM6B/UTY	89.0/89.0/89.0
Drer_XP_021333455.1	JmjC.HG4.5:KDM6A/KDM6B/UTY	69.0	KDM6B	100.0
Ggal_XP_015156139.1	JmjC.HG4.5:KDM6A/KDM6B/UTY	69.0	KDM6A/UTY	99.0/99.0
Apla_XP_022095088.1	JmjC.HG4.5:KDM6A/KDM6B/UTY	69.0	KDM6A/KDM6B/UTY	97.0/97.0/97.0
Xtro_XP_031753880.1	JmjC.HG4.5:KDM6A/KDM6B/UTY	69.0	KDM6B	100.0
Sman_XP_018648214.1	JmjC.HG4.5:KDM6A/KDM6B/UTY	69.0	KDM6A/KDM6B/UTY	78.0/78.0/78.0
Ggal_XP_040527047.1	JmjC.HG4.5:KDM6A/KDM6B/UTY	69.0	KDM6A/UTY	99.0/99.0
Hsap_XP_011529757.1	JmjC.HG4.5:KDM6A/KDM6B/UTY	69.0	KDM6A/UTY	100.0/100.0
Lpol_XP_022258202.1	JmjC.HG4.5:KDM6A/KDM6B/UTY	69.0	KDM6A/KDM6B/UTY	89.0/89.0/89.0
Spur_XP_030838251.1	JmjC.HG4.5:KDM6A/KDM6B/UTY	69.0	KDM6A/KDM6B/UTY	97.0/97.0/97.0
Scil_XP_065177892.1	JmjC.HG4.5:KDM6A/KDM6B/UTY	69.0	KDM6A/KDM6B/UTY	62.0/62.0/62.0
Hsap_XP_047298385.1	JmjC.HG4.5:KDM6A/KDM6B/UTY	69.0	KDM6A/UTY	5.0/100.0
Hsap_NP_001245199.1	JmjC.HG4.5:KDM6A/KDM6B/UTY	69.0	KDM6A/UTY	100.0/100.0
Dpul_XP_046441444.1	JmjC.HG4.5:KDM6A/KDM6B/UTY	69.0	KDM6A/KDM6B/UTY	89.0/89.0/89.0
Hsap_NP_001245184.1	JmjC.HG4.5:KDM6A/KDM6B/UTY	69.0	KDM6A/UTY	100.0/36.0
Drer_XP_068078683.1	JmjC.HG4.5:KDM6A/KDM6B/UTY	69.0	KDM6B	100.0
Pvan_XP_027233838.1	JmjC.HG4.5:KDM6A/KDM6B/UTY	69.0	KDM6A/KDM6B/UTY	89.0/89.0/89.0
Spur_XP_011672930.2	JmjC.HG4.5:KDM6A/KDM6B/UTY	69.0	KDM6A/KDM6B/UTY	97.0/97.0/97.0
Aplcal_XP_035825836.1	JmjC.HG4.5:KDM6A/KDM6B/UTY	69.0	KDM6A/KDM6B/UTY	91.0/91.0/91.0
Ggal_XP_040526988.1	JmjC.HG4.5:KDM6A/KDM6B/UTY	69.0	KDM6A/UTY	99.0/99.0
Ofus_CAH1781540.1	JmjC.HG4.5:KDM6A/KDM6B/UTY	69.0	KDM6A/KDM6B/UTY	91.0/91.0/91.0
Xtro_XP_031753878.1	JmjC.HG4.5:KDM6A/KDM6B/UTY	69.0	KDM6B	100.0
Agrpla_XP_018332991.1	JmjC.HG4.5:KDM6A/KDM6B/UTY	69.0	KDM6A/KDM6B/UTY	89.0/89.0/89.0
Blan_XP_066267158.1	JmjC.HG4.5:KDM6A/KDM6B/UTY	69.0	KDM6A/KDM6B/UTY	57.0/57.0/57.0
Ggal_XP_015156194.1	JmjC.HG4.5:KDM6A/KDM6B/UTY	69.0	KDM6A/UTY	99.0/99.0
Hsap_NP_001073893.1	JmjC.HG4.5:KDM6A/KDM6B/UTY	69.0	KDM6B	100.0
Hduj_OQV25308.1	JmjC.HG4.5:KDM6A/KDM6B/UTY	69.0	KDM6A/KDM6B/UTY	79.0/79.0/79.0
Lpol_XP_022242162.1	JmjC.HG4.5:KDM6A/KDM6B/UTY	69.0	KDM6A/KDM6B/UTY	89.0/89.0/89.0
Aque_XP_019864243.1	JmjC.HG4.5:KDM6A/KDM6B/UTY	69.0	KDM6A/KDM6B/UTY	62.0/62.0/62.0
Hsap_NP_001245186.1	JmjC.HG4.5:KDM6A/KDM6B/UTY	69.0	KDM6A/UTY	100.0/36.0
Obim_XP_052824054.1	JmjC.HG4.5:KDM6A/KDM6B/UTY	69.0	KDM6A/KDM6B/UTY	91.0/91.0/91.0
Ggal_XP_040526977.1	JmjC.HG4.5:KDM6A/KDM6B/UTY	69.0	KDM6A/UTY	99.0/99.0
Hsap_XP_011529755.1	JmjC.HG4.5:KDM6A/KDM6B/UTY	69.0	KDM6A/UTY	100.0/36.0
Hsap_NP_001245197.1	JmjC.HG4.5:KDM6A/KDM6B/UTY	69.0	KDM6A/UTY	100.0/100.0
Xtro_XP_012811998.1	JmjC.HG4.5:KDM6A/KDM6B/UTY	69.0	KDM6A/UTY	100.0/100.0
Tnat_KRZ50227.1	JmjC.HG4.5:KDM6A/KDM6B/UTY	69.0	KDM6A/KDM6B/UTY	76.0/76.0/76.0
Ggal_XP_040526951.1	JmjC.HG4.5:KDM6A/KDM6B/UTY	69.0	KDM6A/UTY	99.0/99.0
Hsap_NP_001406738.1	JmjC.HG4.5:KDM6A/KDM6B/UTY	69.0	KDM6A/UTY	4.0/100.0
Sbat_VDO80899.1	JmjC.HG4.5:KDM6A/KDM6B/UTY	69.0	KDM6A/KDM6B/UTY	76.0/76.0/76.0
Ttri_CDW58958.1	JmjC.HG4.5:KDM6A/KDM6B/UTY	69.0	KDM6A/KDM6B/UTY	76.0/76.0/76.0
Hsap_XP_047298703.1	JmjC.HG4.5:KDM6A/KDM6B/UTY	69.0	KDM6A/UTY	100.0/100.0
Lana_XP_013421538.1	JmjC.HG4.5:KDM6A/KDM6B/UTY	69.0	KDM6A/KDM6B/UTY	91.0/91.0/91.0
Lcom_lcpid24861|	JmjC.HG4.5:KDM6A/KDM6B/UTY	69.0	KDM6A/KDM6B/UTY	62.0/62.0/62.0
Hsap_XP_011529761.1	JmjC.HG4.5:KDM6A/KDM6B/UTY	69.0	KDM6A/UTY	100.0/33.0
Hsap_XP_047298384.1	JmjC.HG4.5:KDM6A/KDM6B/UTY	69.0	KDM6A/UTY	5.0/100.0
Ggal_XP_040526998.1	JmjC.HG4.5:KDM6A/KDM6B/UTY	69.0	KDM6A/UTY	99.0/99.0
Hsap_NP_001278350.1	JmjC.HG4.5:KDM6A/KDM6B/UTY	69.0	KDM6A/UTY	4.0/100.0
Tnel_KRX22008.1	JmjC.HG4.5:KDM6A/KDM6B/UTY	69.0	KDM6A/KDM6B/UTY	76.0/76.0/76.0
Tnel_KRX22005.1	JmjC.HG4.5:KDM6A/KDM6B/UTY	69.0	KDM6A/KDM6B/UTY	76.0/76.0/76.0
Drer_XP_068079907.1	JmjC.HG4.5:KDM6A/KDM6B/UTY	69.0	KDM6B	100.0
Hsap_XP_047298702.1	JmjC.HG4.5:KDM6A/KDM6B/UTY	69.0	KDM6A/UTY	100.0/100.0
Drer_NP_001073662.1	JmjC.HG4.5:KDM6A/KDM6B/UTY	69.0	KDM6A/UTY	100.0/100.0
Dmel_NP_609368.3	JmjC.HG4.5:KDM6A/KDM6B/UTY	69.0	KDM6A/KDM6B/UTY	89.0/89.0/89.0
Drer_XP_005172297.1	JmjC.HG4.5:KDM6A/KDM6B/UTY	69.0	KDM6B	100.0
Cvir_XP_022287882.1	JmjC.HG4.5:KDM6A/KDM6B/UTY	69.0	KDM6A/KDM6B/UTY	91.0/91.0/91.0
Hsap_NP_001406741.1	JmjC.HG4.5:KDM6A/KDM6B/UTY	69.0	KDM6A/UTY	5.0/100.0
Lpol_XP_022242163.1	JmjC.HG4.5:KDM6A/KDM6B/UTY	69.0	KDM6A/KDM6B/UTY	89.0/89.0/89.0
Hsap_NP_001387104.1	JmjC.HG4.5:KDM6A/KDM6B/UTY	69.0	KDM6A/UTY	100.0/100.0
Ggal_XP_025001636.1	JmjC.HG4.5:KDM6A/KDM6B/UTY	69.0	KDM6A/UTY	99.0/99.0
Tnel_KRX22007.1	JmjC.HG4.5:KDM6A/KDM6B/UTY	69.0	KDM6A/KDM6B/UTY	76.0/76.0/76.0
Smed_h1SMcT0017959.3	JmjC.HG4.5:KDM6A/KDM6B/UTY	69.0	KDM6A/KDM6B/UTY	78.0/78.0/78.0
Dmel_NP_723550.2	JmjC.HG4.5:KDM6A/KDM6B/UTY	69.0	KDM6A/KDM6B/UTY	89.0/89.0/89.0
Xtro_XP_031753877.1	JmjC.HG4.5:KDM6A/KDM6B/UTY	69.0	KDM6B	100.0
Hsap_NP_001245190.1	JmjC.HG4.5:KDM6A/KDM6B/UTY	69.0	KDM6A/UTY	100.0/36.0
Pvan_XP_027233848.2	JmjC.HG4.5:KDM6A/KDM6B/UTY	69.0	KDM6A/KDM6B/UTY	89.0/89.0/89.0
Twil_T_wilhelma_c34019_g1_i3|m.59300	JmjC.HG4.5:KDM6A/KDM6B/UTY	69.0	KDM6A/KDM6B/UTY	62.0/62.0/62.0
Hsap_NP_001245183.1	JmjC.HG4.5:KDM6A/KDM6B/UTY	69.0	KDM6A/UTY	100.0/36.0
Hsap_XP_011529747.1	JmjC.HG4.5:KDM6A/KDM6B/UTY	69.0	KDM6A/UTY	100.0/100.0
Drer_XP_005172296.1	JmjC.HG4.5:KDM6A/KDM6B/UTY	69.0	KDM6B	100.0
Hsap_XP_047298706.1	JmjC.HG4.5:KDM6A/KDM6B/UTY	69.0	KDM6A/UTY	100.0/36.0
Obim_XP_052824051.1	JmjC.HG4.5:KDM6A/KDM6B/UTY	69.0	KDM6A/KDM6B/UTY	91.0/91.0/91.0
Dpul_XP_046441442.1	JmjC.HG4.5:KDM6A/KDM6B/UTY	69.0	KDM6A/KDM6B/UTY	89.0/89.0/89.0
Drer_XP_009301400.1	JmjC.HG4.5:KDM6A/KDM6B/UTY	69.0	KDM6B	100.0
Apimel_XP_396315.6	JmjC.HG4.5:KDM6A/KDM6B/UTY	69.0	KDM6A/KDM6B/UTY	89.0/89.0/89.0
Hsap_XP_024308207.1	JmjC.HG4.5:KDM6A/KDM6B/UTY	69.0	KDM6A/UTY	5.0/100.0
Hsap_NP_001387100.1	JmjC.HG4.5:KDM6A/KDM6B/UTY	69.0	KDM6A/UTY	100.0/100.0
Apla_XP_022095090.1	JmjC.HG4.5:KDM6A/KDM6B/UTY	69.0	KDM6A/KDM6B/UTY	97.0/97.0/97.0
Drer_XP_068079908.1	JmjC.HG4.5:KDM6A/KDM6B/UTY	69.0	KDM6B	100.0
Ggal_XP_040527008.1	JmjC.HG4.5:KDM6A/KDM6B/UTY	69.0	KDM6A/UTY	99.0/99.0
Hsap_NP_001245195.1	JmjC.HG4.5:KDM6A/KDM6B/UTY	69.0	KDM6A/UTY	100.0/36.0
Hsap_NP_001387107.1	JmjC.HG4.5:KDM6A/KDM6B/UTY	69.0	KDM6A/UTY	100.0/100.0
Rcul_nRc.2.0.1.t45704-RA	JmjC.HG4.5:KDM6A/KDM6B/UTY	69.0	KDM6A/KDM6B/UTY	76.0/76.0/76.0
Lpol_XP_022242161.1	JmjC.HG4.5:KDM6A/KDM6B/UTY	69.0	KDM6A/KDM6B/UTY	89.0/89.0/89.0
Hsap_NP_001245178.1	JmjC.HG4.5:KDM6A/KDM6B/UTY	69.0	KDM6A/UTY	100.0/36.0
Hsap_XP_011529748.1	JmjC.HG4.5:KDM6A/KDM6B/UTY	69.0	KDM6A/UTY	100.0/100.0
Hsap_XP_011529749.1	JmjC.HG4.5:KDM6A/KDM6B/UTY	69.0	KDM6A/UTY	100.0/100.0
Hsap_NP_001278347.1	JmjC.HG4.5:KDM6A/KDM6B/UTY	69.0	KDM6A/UTY	5.0/100.0
Lana_XP_013421535.1	JmjC.HG4.5:KDM6A/KDM6B/UTY	69.0	KDM6A/KDM6B/UTY	91.0/91.0/91.0
Hsap_NP_001406743.1	JmjC.HG4.5:KDM6A/KDM6B/UTY	69.0	KDM6A/UTY	5.0/100.0
Hsap_NP_001387102.1	JmjC.HG4.5:KDM6A/KDM6B/UTY	69.0	KDM6A/UTY	100.0/100.0
Blan_XP_066267159.1	JmjC.HG4.5:KDM6A/KDM6B/UTY	69.0	KDM6A/KDM6B/UTY	57.0/57.0/57.0
Lpol_XP_022258208.1	JmjC.HG4.5:KDM6A/KDM6B/UTY	69.0	KDM6A/KDM6B/UTY	89.0/89.0/89.0
Hsap_XP_047298710.1	JmjC.HG4.5:KDM6A/KDM6B/UTY	69.0	KDM6A/UTY	100.0/100.0
Drer_XP_005167852.1	JmjC.HG4.5:KDM6A/KDM6B/UTY	69.0	KDM6A/UTY	100.0/100.0
Obim_XP_052824059.1	JmjC.HG4.5:KDM6A/KDM6B/UTY	69.0	KDM6A/KDM6B/UTY	91.0/91.0/91.0
Hsap_NP_001245193.1	JmjC.HG4.5:KDM6A/KDM6B/UTY	69.0	KDM6A/UTY	100.0/36.0
Hsap_NP_001335645.1	JmjC.HG4.5:KDM6A/KDM6B/UTY	69.0	KDM6B	100.0
Cscu_XP_023229643.1	JmjC.HG4.5:KDM6A/KDM6B/UTY	69.0	KDM6A/KDM6B/UTY	89.0/89.0/89.0
Xtro_XP_031751594.1	JmjC.HG4.5:KDM6A/KDM6B/UTY	69.0	KDM6A/UTY	100.0/100.0
Echgra_XP_024352175.1	JmjC.HG4.5:KDM6A/KDM6B/UTY	69.0	KDM6A/KDM6B/UTY	78.0/78.0/78.0
Xtro_XP_031753881.1	JmjC.HG4.5:KDM6A/KDM6B/UTY	69.0	KDM6B	100.0
Tnel_KRX22006.1	JmjC.HG4.5:KDM6A/KDM6B/UTY	69.0	KDM6A/KDM6B/UTY	76.0/76.0/76.0
Mlei_ML070265a-PA	JmjC.HG4.5:KDM6A/KDM6B/UTY	69.0	KDM6A/KDM6B/UTY	47.0/47.0/47.0
Smed_h1SMcT0017959.2	JmjC.HG4.5:KDM6A/KDM6B/UTY	69.0	KDM6A/KDM6B/UTY	78.0/78.0/78.0
Tspi_XP_003379673.1	JmjC.HG4.5:KDM6A/KDM6B/UTY	69.0	KDM6A/KDM6B/UTY	76.0/76.0/76.0
Hsap_XP_047298712.1	JmjC.HG4.5:KDM6A/KDM6B/UTY	69.0	KDM6A/UTY	100.0/100.0
Apla_XP_022095087.1	JmjC.HG4.5:KDM6A/KDM6B/UTY	69.0	KDM6A/KDM6B/UTY	97.0/97.0/97.0
Agrpla_XP_018332990.1	JmjC.HG4.5:KDM6A/KDM6B/UTY	69.0	KDM6A/KDM6B/UTY	89.0/89.0/89.0
Lcom_lcpid87521|	JmjC.HG4.5:KDM6A/KDM6B/UTY	69.0	KDM6A/KDM6B/UTY	62.0/62.0/62.0
Hsap_XP_011529750.1	JmjC.HG4.5:KDM6A/KDM6B/UTY	69.0	KDM6A/UTY	100.0/100.0
Ggal_XP_040526942.1	JmjC.HG4.5:KDM6A/KDM6B/UTY	69.0	KDM6A/UTY	99.0/99.0
Drer_XP_005172680.1	JmjC.HG4.5:KDM6A/KDM6B/UTY	69.0	KDM6B	100.0
Lcom_lcpid20211|	JmjC.HG4.5:KDM6A/KDM6B/UTY	69.0	KDM6A/KDM6B/UTY	62.0/62.0/62.0
Apla_XP_022095089.1	JmjC.HG4.5:KDM6A/KDM6B/UTY	69.0	KDM6A/KDM6B/UTY	97.0/97.0/97.0
Avag_UJR21520.1	JmjC.HG4.5:KDM6A/KDM6B/UTY	69.0	KDM6A/KDM6B/UTY	53.0/53.0/53.0
Xtro_XP_031753876.1	JmjC.HG4.5:KDM6A/KDM6B/UTY	69.0	KDM6B	100.0
Ggal_XP_015156171.1	JmjC.HG4.5:KDM6A/KDM6B/UTY	69.0	KDM6A/UTY	99.0/99.0
Cint_XP_009861476.1	JmjC.HG4.5:KDM6A/KDM6B/UTY	69.0	KDM6A/KDM6B/UTY	47.0/47.0/47.0
Hsap_NP_872600.1	JmjC.HG4.5:KDM6A/KDM6B/UTY	69.0	KDM6A/UTY	100.0/36.0
Btab_XP_018916909.1	JmjC.HG4.5:KDM6A/KDM6B/UTY	69.0	KDM6A/KDM6B/UTY	89.0/89.0/89.0
Avag_UJR27393.1	JmjC.HG4.5:KDM6A/KDM6B/UTY	69.0	KDM6A/KDM6B/UTY	53.0/53.0/53.0
Rvar_GAU89814.1	JmjC.HG4.5:KDM6A/KDM6B/UTY	69.0	KDM6A/KDM6B/UTY	79.0/79.0/79.0
Hsap_NP_001387099.1	JmjC.HG4.5:KDM6A/KDM6B/UTY	69.0	KDM6A/UTY	100.0/100.0
Ggal_XP_015156114.1	JmjC.HG4.5:KDM6A/KDM6B/UTY	69.0	KDM6A/UTY	99.0/99.0
Xtro_NP_001123807.1	JmjC.HG4.5:KDM6A/KDM6B/UTY	69.0	KDM6A/UTY	100.0/100.0
Smed_h1SMcT0017959.4	JmjC.HG4.5:KDM6A/KDM6B/UTY	69.0	KDM6A/KDM6B/UTY	78.0/78.0/78.0
Hsap_NP_009056.3	JmjC.HG4.5:KDM6A/KDM6B/UTY	69.0	KDM6A/UTY	100.0/36.0
Lana_XP_013404840.1	JmjC.HG4.5:KDM6A/KDM6B/UTY	69.0	KDM6A/KDM6B/UTY	91.0/91.0/91.0
Lpol_XP_022258220.1	JmjC.HG4.5:KDM6A/KDM6B/UTY	69.0	KDM6A/KDM6B/UTY	89.0/89.0/89.0
Ggal_XP_015156188.1	JmjC.HG4.5:KDM6A/KDM6B/UTY	69.0	KDM6A/UTY	99.0/99.0
Xtro_XP_031753875.1	JmjC.HG4.5:KDM6A/KDM6B/UTY	69.0	KDM6B	100.0
Hduj_OWA54289.1	JmjC.HG4.6:like:KDM6A/KDM6B/UTY	1.0	NA	NA
Priarc_PARCANUS000013666.t1	JmjC.HG5.0:JMJ17/KDM5A/KDM5B/KDM5C/KDM5D	1.0	JMJ17/KDM5A/KDM5B/KDM5C/KDM5D	1.0/1.0/1.0/1.0/1.0
Trimur_TMUE_3000014438	JmjC.HG5.0:JMJ17/KDM5A/KDM5B/KDM5C/KDM5D	1.0	JMJ17/KDM5A/KDM5B/KDM5C/KDM5D	99.0/99.0/99.0/99.0/99.0
Srat_XP_024503121.1	JmjC.HG5.0:JMJ17/KDM5A/KDM5B/KDM5C/KDM5D	1.0	JMJ17/KDM5A/KDM5B/KDM5C/KDM5D	1.0/1.0/1.0/1.0/1.0
Ever_VDD84943.1	JmjC.HG5.0:JMJ17/KDM5A/KDM5B/KDM5C/KDM5D	1.0	JMJ17/KDM5A/KDM5B/KDM5C/KDM5D	1.0/1.0/1.0/1.0/1.0
Otip_Oti_10668_t	JmjC.HG5.0:JMJ17/KDM5A/KDM5B/KDM5C/KDM5D	1.0	JMJ17/KDM5A/KDM5B/KDM5C/KDM5D	1.0/1.0/1.0/1.0/1.0
Mhap_MhA1_Contig256.frz3.gene11	JmjC.HG5.0:JMJ17/KDM5A/KDM5B/KDM5C/KDM5D	1.0	JMJ17/KDM5A/KDM5B/KDM5C/KDM5D	1.0/1.0/1.0/1.0/1.0
Bxyl_CAG9113070.1	JmjC.HG5.0:JMJ17/KDM5A/KDM5B/KDM5C/KDM5D	1.0	JMJ17/KDM5A/KDM5B/KDM5C/KDM5D	1.0/1.0/1.0/1.0/1.0
Scar_TKR89430.1	JmjC.HG5.0:JMJ17/KDM5A/KDM5B/KDM5C/KDM5D	1.0	JMJ17/KDM5A/KDM5B/KDM5C/KDM5D	1.0/1.0/1.0/1.0/1.0
Asuu_AgR010_g263_t06	JmjC.HG5.0:JMJ17/KDM5A/KDM5B/KDM5C/KDM5D	1.0	JMJ17/KDM5A/KDM5B/KDM5C/KDM5D	1.0/1.0/1.0/1.0/1.0
Asuu_AgR010_g263_t05	JmjC.HG5.0:JMJ17/KDM5A/KDM5B/KDM5C/KDM5D	1.0	JMJ17/KDM5A/KDM5B/KDM5C/KDM5D	1.0/1.0/1.0/1.0/1.0
Asuu_AgR010_g263_t04	JmjC.HG5.0:JMJ17/KDM5A/KDM5B/KDM5C/KDM5D	1.0	JMJ17/KDM5A/KDM5B/KDM5C/KDM5D	1.0/1.0/1.0/1.0/1.0
Mjap_MIJAPON000012250.t1	JmjC.HG5.0:JMJ17/KDM5A/KDM5B/KDM5C/KDM5D	1.0	JMJ17/KDM5A/KDM5B/KDM5C/KDM5D	1.0/1.0/1.0/1.0/1.0
Eela_EEL_0000981001-mRNA-1	JmjC.HG5.0:JMJ17/KDM5A/KDM5B/KDM5C/KDM5D	1.0	JMJ17/KDM5A/KDM5B/KDM5C/KDM5D	1.0/1.0/1.0/1.0/1.0
Gpal_Gpal_D383_g06043.t1	JmjC.HG5.0:JMJ17/KDM5A/KDM5B/KDM5C/KDM5D	1.0	JMJ17/KDM5A/KDM5B/KDM5C/KDM5D	1.0/1.0/1.0/1.0/1.0
Diplco_DCO_002717	JmjC.HG5.0:JMJ17/KDM5A/KDM5B/KDM5C/KDM5D	1.0	JMJ17/KDM5A/KDM5B/KDM5C/KDM5D	1.0/1.0/1.0/1.0/1.0
Hcon_XGW29091.1	JmjC.HG5.0:JMJ17/KDM5A/KDM5B/KDM5C/KDM5D	1.0	JMJ17/KDM5A/KDM5B/KDM5C/KDM5D	1.0/1.0/1.0/1.0/1.0
Scar_TMS37354.1	JmjC.HG5.0:JMJ17/KDM5A/KDM5B/KDM5C/KDM5D	1.0	JMJ17/KDM5A/KDM5B/KDM5C/KDM5D	1.0/1.0/1.0/1.0/1.0
Mbel_CAJ0932695.1	JmjC.HG5.0:JMJ17/KDM5A/KDM5B/KDM5C/KDM5D	1.0	JMJ17/KDM5A/KDM5B/KDM5C/KDM5D	1.0/1.0/1.0/1.0/1.0
Lloa_XP_020303733.1	JmjC.HG5.0:JMJ17/KDM5A/KDM5B/KDM5C/KDM5D	1.0	JMJ17/KDM5A/KDM5B/KDM5C/KDM5D	1.0/1.0/1.0/1.0/1.0
Avit_KAL3982906.1	JmjC.HG5.0:JMJ17/KDM5A/KDM5B/KDM5C/KDM5D	1.0	JMJ17/KDM5A/KDM5B/KDM5C/KDM5D	1.0/1.0/1.0/1.0/1.0
Hcon_XGW29092.1	JmjC.HG5.0:JMJ17/KDM5A/KDM5B/KDM5C/KDM5D	1.0	JMJ17/KDM5A/KDM5B/KDM5C/KDM5D	1.0/1.0/1.0/1.0/1.0
Angcan_KAE9415485.1	JmjC.HG5.0:JMJ17/KDM5A/KDM5B/KDM5C/KDM5D	1.0	JMJ17/KDM5A/KDM5B/KDM5C/KDM5D	1.0/1.0/1.0/1.0/1.0
Cele_NP_001293922.1	JmjC.HG5.0:JMJ17/KDM5A/KDM5B/KDM5C/KDM5D	1.0	JMJ17/KDM5A/KDM5B/KDM5C/KDM5D	1.0/1.0/1.0/1.0/1.0
Priarc_PARCANUS000020140.t1	JmjC.HG5.0:JMJ17/KDM5A/KDM5B/KDM5C/KDM5D	1.0	JMJ17/KDM5A/KDM5B/KDM5C/KDM5D	1.0/1.0/1.0/1.0/1.0
Scar_TMS37353.1	JmjC.HG5.0:JMJ17/KDM5A/KDM5B/KDM5C/KDM5D	1.0	JMJ17/KDM5A/KDM5B/KDM5C/KDM5D	1.0/1.0/1.0/1.0/1.0
Cele_NP_502032.2	JmjC.HG5.0:JMJ17/KDM5A/KDM5B/KDM5C/KDM5D	1.0	JMJ17/KDM5A/KDM5B/KDM5C/KDM5D	1.0/1.0/1.0/1.0/1.0
Acey_EYC40871.1	JmjC.HG5.0:JMJ17/KDM5A/KDM5B/KDM5C/KDM5D	1.0	JMJ17/KDM5A/KDM5B/KDM5C/KDM5D	1.0/1.0/1.0/1.0/1.0
Psp.PS1159_PS1159_v2.g736.t1	JmjC.HG5.0:JMJ17/KDM5A/KDM5B/KDM5C/KDM5D	1.0	JMJ17/KDM5A/KDM5B/KDM5C/KDM5D	1.0/1.0/1.0/1.0/1.0
Diplco_DCO_002718	JmjC.HG5.0:JMJ17/KDM5A/KDM5B/KDM5C/KDM5D	1.0	JMJ17/KDM5A/KDM5B/KDM5C/KDM5D	1.0/1.0/1.0/1.0/1.0
Lsig_VDK76679.1	JmjC.HG5.0:JMJ17/KDM5A/KDM5B/KDM5C/KDM5D	1.0	JMJ17/KDM5A/KDM5B/KDM5C/KDM5D	1.0/1.0/1.0/1.0/1.0
Dimm_MCP9265616.1	JmjC.HG5.0:JMJ17/KDM5A/KDM5B/KDM5C/KDM5D	1.0	JMJ17/KDM5A/KDM5B/KDM5C/KDM5D	1.0/1.0/1.0/1.0/1.0
Asuu_AgR010_g263_t01	JmjC.HG5.0:JMJ17/KDM5A/KDM5B/KDM5C/KDM5D	1.0	JMJ17/KDM5A/KDM5B/KDM5C/KDM5D	1.0/1.0/1.0/1.0/1.0
Bmal_XP_042930238.1	JmjC.HG5.0:JMJ17/KDM5A/KDM5B/KDM5C/KDM5D	1.0	JMJ17/KDM5A/KDM5B/KDM5C/KDM5D	1.0/1.0/1.0/1.0/1.0
Wban_VDM08715.1	JmjC.HG5.0:JMJ17/KDM5A/KDM5B/KDM5C/KDM5D	1.0	JMJ17/KDM5A/KDM5B/KDM5C/KDM5D	1.0/1.0/1.0/1.0/1.0
Asuu_AgR010_g263_t07	JmjC.HG5.0:JMJ17/KDM5A/KDM5B/KDM5C/KDM5D	1.0	JMJ17/KDM5A/KDM5B/KDM5C/KDM5D	1.0/1.0/1.0/1.0/1.0
Ddip_jg3102.1	JmjC.HG5.0:JMJ17/KDM5A/KDM5B/KDM5C/KDM5D	1.0	JMJ17/KDM5A/KDM5B/KDM5C/KDM5D	1.0/1.0/1.0/1.0/1.0
Psp.PS1159_PS1159_v2.g4348.t1	JmjC.HG5.0:JMJ17/KDM5A/KDM5B/KDM5C/KDM5D	1.0	JMJ17/KDM5A/KDM5B/KDM5C/KDM5D	1.0/1.0/1.0/1.0/1.0
Avit_KAL3982905.1	JmjC.HG5.0:JMJ17/KDM5A/KDM5B/KDM5C/KDM5D	1.0	JMJ17/KDM5A/KDM5B/KDM5C/KDM5D	1.0/1.0/1.0/1.0/1.0
Priarc_PARCANUS000005596.t1	JmjC.HG5.0:JMJ17/KDM5A/KDM5B/KDM5C/KDM5D	1.0	JMJ17/KDM5A/KDM5B/KDM5C/KDM5D	1.0/1.0/1.0/1.0/1.0
Sypmur_SMUV_0000518001-mRNA-1	JmjC.HG5.0:JMJ17/KDM5A/KDM5B/KDM5C/KDM5D	1.0	JMJ17/KDM5A/KDM5B/KDM5C/KDM5D	1.0/1.0/1.0/1.0/1.0
Ovol_OVOC4221	JmjC.HG5.0:JMJ17/KDM5A/KDM5B/KDM5C/KDM5D	1.0	JMJ17/KDM5A/KDM5B/KDM5C/KDM5D	1.0/1.0/1.0/1.0/1.0
Ddip_jg3102.2	JmjC.HG5.0:JMJ17/KDM5A/KDM5B/KDM5C/KDM5D	1.0	JMJ17/KDM5A/KDM5B/KDM5C/KDM5D	1.0/1.0/1.0/1.0/1.0
Bmor_XP_012553221.2	JmjC.HG5.0:JMJ17/KDM5A/KDM5B/KDM5C/KDM5D	1.0	JMJ17/KDM5A/KDM5B/KDM5C/KDM5D	68.0/99.0/99.0/99.0/99.0
Aque_XP_003385970.1	JmjC.HG5.0:JMJ17/KDM5A/KDM5B/KDM5C/KDM5D	1.0	JMJ17/KDM5A/KDM5B/KDM5C/KDM5D	68.0/86.0/86.0/86.0/86.0
Hsap_XP_047298721.1	JmjC.HG5.0:JMJ17/KDM5A/KDM5B/KDM5C/KDM5D	1.0	JMJ17/KDM5C/KDM5D	68.0/100.0/46.0
Hduj_OQV23826.1	JmjC.HG5.0:JMJ17/KDM5A/KDM5B/KDM5C/KDM5D	1.0	JMJ17/KDM5A/KDM5B/KDM5C/KDM5D	74.0/74.0/74.0/74.0/74.0
Dmel_NP_723140.1	JmjC.HG5.0:JMJ17/KDM5A/KDM5B/KDM5C/KDM5D	1.0	JMJ17/KDM5A/KDM5B/KDM5C/KDM5D	68.0/99.0/99.0/99.0/99.0
Spur_XP_030827948.1	JmjC.HG5.0:JMJ17/KDM5A/KDM5B/KDM5C/KDM5D	1.0	JMJ17/KDM5A/KDM5B/KDM5C/KDM5D	68.0/99.0/99.0/99.0/99.0
Drer_NP_001334536.1	JmjC.HG5.0:JMJ17/KDM5A/KDM5B/KDM5C/KDM5D	1.0	JMJ17/KDM5B	68.0/100.0
Sollyc_XP_010325407.1	JmjC.HG5.0:JMJ17/KDM5A/KDM5B/KDM5C/KDM5D	1.0	JMJ17/KDM5A/KDM5B/KDM5C/KDM5D	100.0/68.0/68.0/68.0/68.0
Sarc_XP_014147351.1	JmjC.HG5.0:JMJ17/KDM5A/KDM5B/KDM5C/KDM5D	1.0	JMJ17/KDM5A/KDM5B/KDM5C/KDM5D	100.0/68.0/68.0/68.0/68.0
Hrob_XP_009014129.1	JmjC.HG5.0:JMJ17/KDM5A/KDM5B/KDM5C/KDM5D	1.0	JMJ17/KDM5A/KDM5B/KDM5C/KDM5D	68.0/79.0/79.0/79.0/79.0
Drer_XP_068079057.1	JmjC.HG5.0:JMJ17/KDM5A/KDM5B/KDM5C/KDM5D	1.0	JMJ17/KDM5C/KDM5D	68.0/100.0/100.0
Trimur_TMUE_3000012252	JmjC.HG5.0:JMJ17/KDM5A/KDM5B/KDM5C/KDM5D	1.0	JMJ17/KDM5A/KDM5B/KDM5C/KDM5D	99.0/99.0/99.0/99.0/99.0
Xtro_XP_002939684.2	JmjC.HG5.0:JMJ17/KDM5A/KDM5B/KDM5C/KDM5D	1.0	JMJ17/KDM5B	68.0/100.0
Osat_XP_066167767.1	JmjC.HG5.0:JMJ17/KDM5A/KDM5B/KDM5C/KDM5D	1.0	JMJ17/KDM5A/KDM5B/KDM5C/KDM5D	100.0/68.0/68.0/68.0/68.0
Bmor_XP_012546713.1	JmjC.HG5.0:JMJ17/KDM5A/KDM5B/KDM5C/KDM5D	1.0	JMJ17/KDM5A/KDM5B/KDM5C/KDM5D	68.0/99.0/99.0/99.0/99.0
Ggal_XP_046760094.1	JmjC.HG5.0:JMJ17/KDM5A/KDM5B/KDM5C/KDM5D	1.0	JMJ17/KDM5B	68.0/100.0
Drer_XP_021335228.1	JmjC.HG5.0:JMJ17/KDM5A/KDM5B/KDM5C/KDM5D	1.0	JMJ17/KDM5B	68.0/100.0
Hsap_XP_047298723.1	JmjC.HG5.0:JMJ17/KDM5A/KDM5B/KDM5C/KDM5D	1.0	JMJ17/KDM5C/KDM5D	68.0/100.0/51.0
Sros_XP_004994251.1	JmjC.HG5.0:JMJ17/KDM5A/KDM5B/KDM5C/KDM5D	1.0	JMJ17/KDM5A/KDM5B/KDM5C/KDM5D	100.0/68.0/68.0/68.0/68.0
Drer_XP_017209947.2	JmjC.HG5.0:JMJ17/KDM5A/KDM5B/KDM5C/KDM5D	1.0	JMJ17/KDM5A	68.0/100.0
Cscu_XP_023233588.1	JmjC.HG5.0:JMJ17/KDM5A/KDM5B/KDM5C/KDM5D	1.0	JMJ17/KDM5A/KDM5B/KDM5C/KDM5D	68.0/99.0/99.0/99.0/99.0
Agrpla_XP_025835614.1	JmjC.HG5.0:JMJ17/KDM5A/KDM5B/KDM5C/KDM5D	1.0	JMJ17/KDM5A/KDM5B/KDM5C/KDM5D	68.0/99.0/99.0/99.0/99.0
Rchi_XP_040365884.1	JmjC.HG5.0:JMJ17/KDM5A/KDM5B/KDM5C/KDM5D	1.0	JMJ17/KDM5A/KDM5B/KDM5C/KDM5D	100.0/68.0/68.0/68.0/68.0
Dmel_NP_001285649.1	JmjC.HG5.0:JMJ17/KDM5A/KDM5B/KDM5C/KDM5D	1.0	JMJ17/KDM5A/KDM5B/KDM5C/KDM5D	68.0/99.0/99.0/99.0/99.0
Hsap_XP_047298719.1	JmjC.HG5.0:JMJ17/KDM5A/KDM5B/KDM5C/KDM5D	1.0	JMJ17/KDM5C/KDM5D	68.0/100.0/19.0
Pgem_Unigene31207_Pirum_gemmata|m.18609	JmjC.HG5.0:JMJ17/KDM5A/KDM5B/KDM5C/KDM5D	1.0	JMJ17/KDM5A/KDM5B/KDM5C/KDM5D	100.0/68.0/68.0/68.0/68.0
Cvir_XP_022330436.1	JmjC.HG5.0:JMJ17/KDM5A/KDM5B/KDM5C/KDM5D	1.0	JMJ17/KDM5A/KDM5B/KDM5C/KDM5D	68.0/99.0/99.0/99.0/99.0
Drer_XP_017212821.1	JmjC.HG5.0:JMJ17/KDM5A/KDM5B/KDM5C/KDM5D	1.0	JMJ17/KDM5C/KDM5D	68.0/100.0/100.0
Atha_NP_001320901.1	JmjC.HG5.0:JMJ17/KDM5A/KDM5B/KDM5C/KDM5D	1.0	JMJ17/KDM5A/KDM5B/KDM5C/KDM5D	86.0/68.0/68.0/68.0/68.0
Mesc_XP_043811613.1	JmjC.HG5.0:JMJ17/KDM5A/KDM5B/KDM5C/KDM5D	1.0	JMJ17/KDM5A/KDM5B/KDM5C/KDM5D	100.0/68.0/68.0/68.0/68.0
Hsap_NP_001300971.1	JmjC.HG5.0:JMJ17/KDM5A/KDM5B/KDM5C/KDM5D	1.0	JMJ17/KDM5B	68.0/79.0
Lpol_XP_013794936.1	JmjC.HG5.0:JMJ17/KDM5A/KDM5B/KDM5C/KDM5D	1.0	JMJ17/KDM5A/KDM5B/KDM5C/KDM5D	68.0/99.0/99.0/99.0/99.0
Hsap_NP_001269551.1	JmjC.HG5.0:JMJ17/KDM5A/KDM5B/KDM5C/KDM5D	1.0	JMJ17/KDM5C/KDM5D	68.0/100.0/100.0
Hsap_XP_011507392.1	JmjC.HG5.0:JMJ17/KDM5A/KDM5B/KDM5C/KDM5D	1.0	JMJ17/KDM5B	68.0/100.0
Zmay_XP_020393996.1	JmjC.HG5.0:JMJ17/KDM5A/KDM5B/KDM5C/KDM5D	1.0	JMJ17/KDM5A/KDM5B/KDM5C/KDM5D	100.0/68.0/68.0/68.0/68.0
Aplcal_XP_012946957.1	JmjC.HG5.0:JMJ17/KDM5A/KDM5B/KDM5C/KDM5D	1.0	JMJ17/KDM5A/KDM5B/KDM5C/KDM5D	68.0/99.0/99.0/99.0/99.0
Atha_NP_001320899.1	JmjC.HG5.0:JMJ17/KDM5A/KDM5B/KDM5C/KDM5D	1.0	JMJ17/KDM5A/KDM5B/KDM5C/KDM5D	86.0/68.0/68.0/68.0/68.0
Lana_XP_013414673.1	JmjC.HG5.0:JMJ17/KDM5A/KDM5B/KDM5C/KDM5D	1.0	JMJ17/KDM5A/KDM5B/KDM5C/KDM5D	68.0/99.0/99.0/99.0/99.0
Smoe_XP_002987301.2	JmjC.HG5.0:JMJ17/KDM5A/KDM5B/KDM5C/KDM5D	1.0	JMJ17/KDM5A/KDM5B/KDM5C/KDM5D	100.0/68.0/68.0/68.0/68.0
Mesc_XP_043811612.1	JmjC.HG5.0:JMJ17/KDM5A/KDM5B/KDM5C/KDM5D	1.0	JMJ17/KDM5A/KDM5B/KDM5C/KDM5D	100.0/68.0/68.0/68.0/68.0
Bnap_XP_013686151.1	JmjC.HG5.0:JMJ17/KDM5A/KDM5B/KDM5C/KDM5D	1.0	JMJ17/KDM5A/KDM5B/KDM5C/KDM5D	100.0/68.0/68.0/68.0/68.0
Drer_XP_005169321.1	JmjC.HG5.0:JMJ17/KDM5A/KDM5B/KDM5C/KDM5D	1.0	JMJ17/KDM5B	68.0/100.0
Lana_XP_013414676.1	JmjC.HG5.0:JMJ17/KDM5A/KDM5B/KDM5C/KDM5D	1.0	JMJ17/KDM5A/KDM5B/KDM5C/KDM5D	68.0/99.0/99.0/99.0/99.0
Xtro_XP_031754498.1	JmjC.HG5.0:JMJ17/KDM5A/KDM5B/KDM5C/KDM5D	1.0	JMJ17/KDM5A	68.0/100.0
Blan_XP_066283199.1	JmjC.HG5.0:JMJ17/KDM5A/KDM5B/KDM5C/KDM5D	1.0	JMJ17/KDM5A/KDM5B/KDM5C/KDM5D	68.0/99.0/99.0/99.0/99.0
Cfra_CFRG7358T1	JmjC.HG5.0:JMJ17/KDM5A/KDM5B/KDM5C/KDM5D	1.0	JMJ17/KDM5A/KDM5B/KDM5C/KDM5D	100.0/68.0/68.0/68.0/68.0
Bnap_XP_013748056.1	JmjC.HG5.0:JMJ17/KDM5A/KDM5B/KDM5C/KDM5D	1.0	JMJ17/KDM5A/KDM5B/KDM5C/KDM5D	100.0/68.0/68.0/68.0/68.0
Lpol_XP_013787088.1	JmjC.HG5.0:JMJ17/KDM5A/KDM5B/KDM5C/KDM5D	1.0	JMJ17/KDM5A/KDM5B/KDM5C/KDM5D	68.0/99.0/99.0/99.0/99.0
Lana_XP_013414674.1	JmjC.HG5.0:JMJ17/KDM5A/KDM5B/KDM5C/KDM5D	1.0	JMJ17/KDM5A/KDM5B/KDM5C/KDM5D	68.0/99.0/99.0/99.0/99.0
Ecur_TVU07513.1	JmjC.HG5.0:JMJ17/KDM5A/KDM5B/KDM5C/KDM5D	1.0	JMJ17/KDM5A/KDM5B/KDM5C/KDM5D	100.0/68.0/68.0/68.0/68.0
Psat_XP_050907232.1	JmjC.HG5.0:JMJ17/KDM5A/KDM5B/KDM5C/KDM5D	1.0	JMJ17/KDM5A/KDM5B/KDM5C/KDM5D	100.0/68.0/68.0/68.0/68.0
Agrpla_XP_025835612.1	JmjC.HG5.0:JMJ17/KDM5A/KDM5B/KDM5C/KDM5D	1.0	JMJ17/KDM5A/KDM5B/KDM5C/KDM5D	68.0/99.0/99.0/99.0/99.0
Hsap_NP_001386746.1	JmjC.HG5.0:JMJ17/KDM5A/KDM5B/KDM5C/KDM5D	1.0	JMJ17/KDM5B	68.0/79.0
Echgra_XP_024351088.1	JmjC.HG5.0:JMJ17/KDM5A/KDM5B/KDM5C/KDM5D	1.0	JMJ17/KDM5A/KDM5B/KDM5C/KDM5D	77.0/77.0/77.0/77.0/77.0
Cofcan_CDP09743.1	JmjC.HG5.0:JMJ17/KDM5A/KDM5B/KDM5C/KDM5D	1.0	JMJ17/KDM5A/KDM5B/KDM5C/KDM5D	100.0/68.0/68.0/68.0/68.0
Xtro_NP_001072719.1	JmjC.HG5.0:JMJ17/KDM5A/KDM5B/KDM5C/KDM5D	1.0	JMJ17/KDM5C/KDM5D	68.0/100.0/100.0
Drer_NP_001002166.2	JmjC.HG5.0:JMJ17/KDM5A/KDM5B/KDM5C/KDM5D	1.0	JMJ17/KDM5B	68.0/100.0
Blan_XP_066283195.1	JmjC.HG5.0:JMJ17/KDM5A/KDM5B/KDM5C/KDM5D	1.0	JMJ17/KDM5A/KDM5B/KDM5C/KDM5D	68.0/99.0/99.0/99.0/99.0
Agrpla_XP_025835616.1	JmjC.HG5.0:JMJ17/KDM5A/KDM5B/KDM5C/KDM5D	1.0	JMJ17/KDM5A/KDM5B/KDM5C/KDM5D	68.0/99.0/99.0/99.0/99.0
Bnap_XP_013748048.1	JmjC.HG5.0:JMJ17/KDM5A/KDM5B/KDM5C/KDM5D	1.0	JMJ17/KDM5A/KDM5B/KDM5C/KDM5D	100.0/68.0/68.0/68.0/68.0
Apla_XP_022082641.1	JmjC.HG5.0:JMJ17/KDM5A/KDM5B/KDM5C/KDM5D	1.0	JMJ17/KDM5A/KDM5B/KDM5C/KDM5D	68.0/99.0/99.0/99.0/99.0
Pigchi_Pchi_g9185	JmjC.HG5.0:JMJ17/KDM5A/KDM5B/KDM5C/KDM5D	1.0	JMJ17/KDM5A/KDM5B/KDM5C/KDM5D	53.0/68.0/68.0/68.0/68.0
Cvir_XP_022330437.1	JmjC.HG5.0:JMJ17/KDM5A/KDM5B/KDM5C/KDM5D	1.0	JMJ17/KDM5A/KDM5B/KDM5C/KDM5D	68.0/99.0/99.0/99.0/99.0
Mbre_XP_001745341.1	JmjC.HG5.0:JMJ17/KDM5A/KDM5B/KDM5C/KDM5D	1.0	JMJ17/KDM5A/KDM5B/KDM5C/KDM5D	100.0/68.0/68.0/68.0/68.0
Sollyc_XP_010325408.1	JmjC.HG5.0:JMJ17/KDM5A/KDM5B/KDM5C/KDM5D	1.0	JMJ17/KDM5A/KDM5B/KDM5C/KDM5D	100.0/68.0/68.0/68.0/68.0
Hsap_NP_001036068.1	JmjC.HG5.0:JMJ17/KDM5A/KDM5B/KDM5C/KDM5D	1.0	JMJ17/KDM5A	68.0/100.0
Tnat_KRZ58733.1	JmjC.HG5.0:JMJ17/KDM5A/KDM5B/KDM5C/KDM5D	1.0	JMJ17/KDM5A/KDM5B/KDM5C/KDM5D	99.0/99.0/99.0/99.0/99.0
Scil_XP_065178094.1	JmjC.HG5.0:JMJ17/KDM5A/KDM5B/KDM5C/KDM5D	1.0	JMJ17/KDM5A/KDM5B/KDM5C/KDM5D	68.0/86.0/86.0/86.0/86.0
Ttri_CDW52309.1	JmjC.HG5.0:JMJ17/KDM5A/KDM5B/KDM5C/KDM5D	1.0	JMJ17/KDM5A/KDM5B/KDM5C/KDM5D	99.0/99.0/99.0/99.0/99.0
Twil_T_wilhelma_c16344_g1_i2|m.3695	JmjC.HG5.0:JMJ17/KDM5A/KDM5B/KDM5C/KDM5D	1.0	JMJ17/KDM5A/KDM5B/KDM5C/KDM5D	68.0/86.0/86.0/86.0/86.0
Ppat_XP_024359163.1	JmjC.HG5.0:JMJ17/KDM5A/KDM5B/KDM5C/KDM5D	1.0	JMJ17/KDM5A/KDM5B/KDM5C/KDM5D	100.0/68.0/68.0/68.0/68.0
Hsap_XP_005262617.1	JmjC.HG5.0:JMJ17/KDM5A/KDM5B/KDM5C/KDM5D	1.0	JMJ17/KDM5C/KDM5D	68.0/100.0/38.0
Lsat_XP_042755889.1	JmjC.HG5.0:JMJ17/KDM5A/KDM5B/KDM5C/KDM5D	1.0	JMJ17/KDM5A/KDM5B/KDM5C/KDM5D	100.0/68.0/68.0/68.0/68.0
Mesc_XP_043811607.1	JmjC.HG5.0:JMJ17/KDM5A/KDM5B/KDM5C/KDM5D	1.0	JMJ17/KDM5A/KDM5B/KDM5C/KDM5D	100.0/68.0/68.0/68.0/68.0
Bnap_XP_013686152.1	JmjC.HG5.0:JMJ17/KDM5A/KDM5B/KDM5C/KDM5D	1.0	JMJ17/KDM5A/KDM5B/KDM5C/KDM5D	100.0/68.0/68.0/68.0/68.0
Cvir_XP_022330439.1	JmjC.HG5.0:JMJ17/KDM5A/KDM5B/KDM5C/KDM5D	1.0	JMJ17/KDM5A/KDM5B/KDM5C/KDM5D	68.0/99.0/99.0/99.0/99.0
Xtro_XP_012824142.1	JmjC.HG5.0:JMJ17/KDM5A/KDM5B/KDM5C/KDM5D	1.0	JMJ17/KDM5C/KDM5D	68.0/100.0/100.0
Otau_XP_022840230.1	JmjC.HG5.0:JMJ17/KDM5A/KDM5B/KDM5C/KDM5D	1.0	JMJ17/KDM5A/KDM5B/KDM5C/KDM5D	82.0/68.0/68.0/68.0/68.0
Ttri_CDW54726.1	JmjC.HG5.0:JMJ17/KDM5A/KDM5B/KDM5C/KDM5D	1.0	JMJ17/KDM5A/KDM5B/KDM5C/KDM5D	99.0/99.0/99.0/99.0/99.0
Pvan_XP_027231088.1	JmjC.HG5.0:JMJ17/KDM5A/KDM5B/KDM5C/KDM5D	1.0	JMJ17/KDM5A/KDM5B/KDM5C/KDM5D	68.0/99.0/99.0/99.0/99.0
Dmel_NP_001245908.1	JmjC.HG5.0:JMJ17/KDM5A/KDM5B/KDM5C/KDM5D	1.0	JMJ17/KDM5A/KDM5B/KDM5C/KDM5D	68.0/99.0/99.0/99.0/99.0
Drer_XP_009302264.1	JmjC.HG5.0:JMJ17/KDM5A/KDM5B/KDM5C/KDM5D	1.0	JMJ17/KDM5B	68.0/100.0
Hsap_XP_047298724.1	JmjC.HG5.0:JMJ17/KDM5A/KDM5B/KDM5C/KDM5D	1.0	JMJ17/KDM5C/KDM5D	68.0/100.0/51.0
Pigvie_Pvie_g162	JmjC.HG5.0:JMJ17/KDM5A/KDM5B/KDM5C/KDM5D	1.0	JMJ17/KDM5A/KDM5B/KDM5C/KDM5D	53.0/68.0/68.0/68.0/68.0
Apimel_XP_006565930.1	JmjC.HG5.0:JMJ17/KDM5A/KDM5B/KDM5C/KDM5D	1.0	JMJ17/KDM5A/KDM5B/KDM5C/KDM5D	68.0/99.0/99.0/99.0/99.0
Agrpla_XP_025835615.1	JmjC.HG5.0:JMJ17/KDM5A/KDM5B/KDM5C/KDM5D	1.0	JMJ17/KDM5A/KDM5B/KDM5C/KDM5D	68.0/99.0/99.0/99.0/99.0
Echgra_XP_024353342.1	JmjC.HG5.0:JMJ17/KDM5A/KDM5B/KDM5C/KDM5D	1.0	JMJ17/KDM5A/KDM5B/KDM5C/KDM5D	77.0/77.0/77.0/77.0/77.0
Drer_XP_005167081.1	JmjC.HG5.0:JMJ17/KDM5A/KDM5B/KDM5C/KDM5D	1.0	JMJ17/KDM5B	68.0/100.0
Tura_XP_048540179.1	JmjC.HG5.0:JMJ17/KDM5A/KDM5B/KDM5C/KDM5D	1.0	JMJ17/KDM5A/KDM5B/KDM5C/KDM5D	100.0/68.0/68.0/68.0/68.0
Smed_h1SMcT0011597.1	JmjC.HG5.0:JMJ17/KDM5A/KDM5B/KDM5C/KDM5D	1.0	JMJ17/KDM5A/KDM5B/KDM5C/KDM5D	77.0/77.0/77.0/77.0/77.0
Mpol_BFI43380.1	JmjC.HG5.0:JMJ17/KDM5A/KDM5B/KDM5C/KDM5D	1.0	JMJ17/KDM5A/KDM5B/KDM5C/KDM5D	100.0/68.0/68.0/68.0/68.0
Blan_XP_066283198.1	JmjC.HG5.0:JMJ17/KDM5A/KDM5B/KDM5C/KDM5D	1.0	JMJ17/KDM5A/KDM5B/KDM5C/KDM5D	68.0/99.0/99.0/99.0/99.0
Lcom_lcpid17231|	JmjC.HG5.0:JMJ17/KDM5A/KDM5B/KDM5C/KDM5D	1.0	JMJ17/KDM5A/KDM5B/KDM5C/KDM5D	68.0/86.0/86.0/86.0/86.0
Hsap_NP_001340913.1	JmjC.HG5.0:JMJ17/KDM5A/KDM5B/KDM5C/KDM5D	1.0	JMJ17/KDM5C/KDM5D	68.0/99.0/100.0
Aplcal_XP_005092010.1	JmjC.HG5.0:JMJ17/KDM5A/KDM5B/KDM5C/KDM5D	1.0	JMJ17/KDM5A/KDM5B/KDM5C/KDM5D	68.0/99.0/99.0/99.0/99.0
Osat_XP_066167766.1	JmjC.HG5.0:JMJ17/KDM5A/KDM5B/KDM5C/KDM5D	1.0	JMJ17/KDM5A/KDM5B/KDM5C/KDM5D	100.0/68.0/68.0/68.0/68.0
Ppat_XP_024359647.1	JmjC.HG5.0:JMJ17/KDM5A/KDM5B/KDM5C/KDM5D	1.0	JMJ17/KDM5A/KDM5B/KDM5C/KDM5D	100.0/68.0/68.0/68.0/68.0
Lcom_lcpid16538|	JmjC.HG5.0:JMJ17/KDM5A/KDM5B/KDM5C/KDM5D	1.0	JMJ17/KDM5A/KDM5B/KDM5C/KDM5D	68.0/86.0/86.0/86.0/86.0
Rvar_GAU93158.1	JmjC.HG5.0:JMJ17/KDM5A/KDM5B/KDM5C/KDM5D	1.0	JMJ17/KDM5A/KDM5B/KDM5C/KDM5D	74.0/74.0/74.0/74.0/74.0
Hsap_NP_001340907.1	JmjC.HG5.0:JMJ17/KDM5A/KDM5B/KDM5C/KDM5D	1.0	JMJ17/KDM5C/KDM5D	68.0/100.0/100.0
Xtro_XP_017946994.1	JmjC.HG5.0:JMJ17/KDM5A/KDM5B/KDM5C/KDM5D	1.0	JMJ17/KDM5B	68.0/100.0
Hsap_NP_001140177.1	JmjC.HG5.0:JMJ17/KDM5A/KDM5B/KDM5C/KDM5D	1.0	JMJ17/KDM5C/KDM5D	68.0/100.0/25.0
Hsap_XP_005262618.1	JmjC.HG5.0:JMJ17/KDM5A/KDM5B/KDM5C/KDM5D	1.0	JMJ17/KDM5C/KDM5D	68.0/100.0/43.0
Drer_XP_068073872.1	JmjC.HG5.0:JMJ17/KDM5A/KDM5B/KDM5C/KDM5D	1.0	JMJ17/KDM5A	68.0/100.0
Lpol_XP_022245522.1	JmjC.HG5.0:JMJ17/KDM5A/KDM5B/KDM5C/KDM5D	1.0	JMJ17/KDM5A/KDM5B/KDM5C/KDM5D	68.0/99.0/99.0/99.0/99.0
Xtro_XP_012824141.1	JmjC.HG5.0:JMJ17/KDM5A/KDM5B/KDM5C/KDM5D	1.0	JMJ17/KDM5C/KDM5D	68.0/100.0/100.0
Hrob_XP_009015763.1	JmjC.HG5.0:JMJ17/KDM5A/KDM5B/KDM5C/KDM5D	1.0	NA	NA
Bdis_XP_010239211.1	JmjC.HG5.0:JMJ17/KDM5A/KDM5B/KDM5C/KDM5D	1.0	JMJ17/KDM5A/KDM5B/KDM5C/KDM5D	100.0/68.0/68.0/68.0/68.0
Rcul_nRc.2.0.1.t43528-RA	JmjC.HG5.0:JMJ17/KDM5A/KDM5B/KDM5C/KDM5D	1.0	JMJ17/KDM5A/KDM5B/KDM5C/KDM5D	68.0/61.0/61.0/61.0/61.0
Atha_NP_001320900.1	JmjC.HG5.0:JMJ17/KDM5A/KDM5B/KDM5C/KDM5D	1.0	JMJ17/KDM5A/KDM5B/KDM5C/KDM5D	100.0/68.0/68.0/68.0/68.0
Hsap_XP_047298725.1	JmjC.HG5.0:JMJ17/KDM5A/KDM5B/KDM5C/KDM5D	1.0	JMJ17/KDM5C/KDM5D	68.0/100.0/100.0
Ggal_NP_001026200.1	JmjC.HG5.0:JMJ17/KDM5A/KDM5B/KDM5C/KDM5D	1.0	JMJ17/KDM5B	68.0/100.0
Tnel_KRX15452.1	JmjC.HG5.0:JMJ17/KDM5A/KDM5B/KDM5C/KDM5D	1.0	JMJ17/KDM5A/KDM5B/KDM5C/KDM5D	99.0/99.0/99.0/99.0/99.0
Dmel_NP_001245910.1	JmjC.HG5.0:JMJ17/KDM5A/KDM5B/KDM5C/KDM5D	1.0	JMJ17/KDM5A/KDM5B/KDM5C/KDM5D	68.0/99.0/99.0/99.0/99.0
Osat_XP_015643034.1	JmjC.HG5.0:JMJ17/KDM5A/KDM5B/KDM5C/KDM5D	1.0	JMJ17/KDM5A/KDM5B/KDM5C/KDM5D	100.0/68.0/68.0/68.0/68.0
Bmor_NP_001191408.1	JmjC.HG5.0:JMJ17/KDM5A/KDM5B/KDM5C/KDM5D	1.0	JMJ17/KDM5A/KDM5B/KDM5C/KDM5D	68.0/99.0/99.0/99.0/99.0
Tsui_KHJ43634.1	JmjC.HG5.0:JMJ17/KDM5A/KDM5B/KDM5C/KDM5D	1.0	JMJ17/KDM5A/KDM5B/KDM5C/KDM5D	99.0/99.0/99.0/99.0/99.0
Lpol_XP_022238312.1	JmjC.HG5.0:JMJ17/KDM5A/KDM5B/KDM5C/KDM5D	1.0	JMJ17/KDM5A/KDM5B/KDM5C/KDM5D	68.0/99.0/99.0/99.0/99.0
Clim_Clim_evm17s14	JmjC.HG5.0:JMJ17/KDM5A/KDM5B/KDM5C/KDM5D	1.0	JMJ17/KDM5A/KDM5B/KDM5C/KDM5D	100.0/68.0/68.0/68.0/68.0
Obim_XP_052834236.1	JmjC.HG5.0:JMJ17/KDM5A/KDM5B/KDM5C/KDM5D	1.0	JMJ17/KDM5A/KDM5B/KDM5C/KDM5D	68.0/99.0/99.0/99.0/99.0
Bdis_XP_014752536.1	JmjC.HG5.0:JMJ17/KDM5A/KDM5B/KDM5C/KDM5D	1.0	JMJ17/KDM5A/KDM5B/KDM5C/KDM5D	100.0/68.0/68.0/68.0/68.0
Bdis_XP_024310981.1	JmjC.HG5.0:JMJ17/KDM5A/KDM5B/KDM5C/KDM5D	1.0	JMJ17/KDM5A/KDM5B/KDM5C/KDM5D	100.0/68.0/68.0/68.0/68.0
Mesc_XP_021629629.1	JmjC.HG5.0:JMJ17/KDM5A/KDM5B/KDM5C/KDM5D	1.0	JMJ17/KDM5A/KDM5B/KDM5C/KDM5D	100.0/68.0/68.0/68.0/68.0
Drer_NP_001116706.1	JmjC.HG5.0:JMJ17/KDM5A/KDM5B/KDM5C/KDM5D	1.0	JMJ17/KDM5C/KDM5D	68.0/100.0/100.0
Dpul_XP_046456516.1	JmjC.HG5.0:JMJ17/KDM5A/KDM5B/KDM5C/KDM5D	1.0	JMJ17/KDM5A/KDM5B/KDM5C/KDM5D	68.0/99.0/99.0/99.0/99.0
Avag_UJR26447.1	JmjC.HG5.0:JMJ17/KDM5A/KDM5B/KDM5C/KDM5D	1.0	JMJ17/KDM5A/KDM5B/KDM5C/KDM5D	68.0/88.0/88.0/88.0/88.0
Ppat_XP_024359648.1	JmjC.HG5.0:JMJ17/KDM5A/KDM5B/KDM5C/KDM5D	1.0	JMJ17/KDM5A/KDM5B/KDM5C/KDM5D	100.0/68.0/68.0/68.0/68.0
Hsap_NP_004178.2	JmjC.HG5.0:JMJ17/KDM5A/KDM5B/KDM5C/KDM5D	1.0	JMJ17/KDM5C/KDM5D	68.0/100.0/100.0
Pvan_XP_027231079.1	JmjC.HG5.0:JMJ17/KDM5A/KDM5B/KDM5C/KDM5D	1.0	JMJ17/KDM5A/KDM5B/KDM5C/KDM5D	68.0/99.0/99.0/99.0/99.0
Mtru_XP_024640135.1	JmjC.HG5.0:JMJ17/KDM5A/KDM5B/KDM5C/KDM5D	1.0	JMJ17/KDM5A/KDM5B/KDM5C/KDM5D	100.0/68.0/68.0/68.0/68.0
Cvir_XP_022330438.1	JmjC.HG5.0:JMJ17/KDM5A/KDM5B/KDM5C/KDM5D	1.0	JMJ17/KDM5A/KDM5B/KDM5C/KDM5D	68.0/99.0/99.0/99.0/99.0
Skow_XP_006815984.1	JmjC.HG5.0:JMJ17/KDM5A/KDM5B/KDM5C/KDM5D	1.0	JMJ17/KDM5A/KDM5B/KDM5C/KDM5D	68.0/99.0/99.0/99.0/99.0
Hsap_XP_011507393.1	JmjC.HG5.0:JMJ17/KDM5A/KDM5B/KDM5C/KDM5D	1.0	JMJ17/KDM5B	68.0/100.0
Scil_XP_065185461.1	JmjC.HG5.0:JMJ17/KDM5A/KDM5B/KDM5C/KDM5D	1.0	JMJ17/KDM5A/KDM5B/KDM5C/KDM5D	68.0/86.0/86.0/86.0/86.0
Cint_XP_026693272.1	JmjC.HG5.0:JMJ17/KDM5A/KDM5B/KDM5C/KDM5D	1.0	JMJ17/KDM5A/KDM5B/KDM5C/KDM5D	68.0/100.0/100.0/100.0/100.0
Blan_XP_066283201.1	JmjC.HG5.0:JMJ17/KDM5A/KDM5B/KDM5C/KDM5D	1.0	JMJ17/KDM5A/KDM5B/KDM5C/KDM5D	68.0/99.0/99.0/99.0/99.0
Emue_Em0001g235a	JmjC.HG5.0:JMJ17/KDM5A/KDM5B/KDM5C/KDM5D	1.0	JMJ17/KDM5A/KDM5B/KDM5C/KDM5D	68.0/86.0/86.0/86.0/86.0
Mtru_XP_024640136.1	JmjC.HG5.0:JMJ17/KDM5A/KDM5B/KDM5C/KDM5D	1.0	JMJ17/KDM5A/KDM5B/KDM5C/KDM5D	100.0/68.0/68.0/68.0/68.0
Hsap_NP_001340910.1	JmjC.HG5.0:JMJ17/KDM5A/KDM5B/KDM5C/KDM5D	1.0	JMJ17/KDM5C/KDM5D	68.0/83.0/100.0
Hsap_NP_001340908.1	JmjC.HG5.0:JMJ17/KDM5A/KDM5B/KDM5C/KDM5D	1.0	JMJ17/KDM5C/KDM5D	68.0/83.0/100.0
Agrpla_XP_025835613.1	JmjC.HG5.0:JMJ17/KDM5A/KDM5B/KDM5C/KDM5D	1.0	JMJ17/KDM5A/KDM5B/KDM5C/KDM5D	68.0/99.0/99.0/99.0/99.0
Hsap_NP_004644.2	JmjC.HG5.0:JMJ17/KDM5A/KDM5B/KDM5C/KDM5D	1.0	JMJ17/KDM5C/KDM5D	68.0/100.0/41.0
Lpol_XP_022238310.1	JmjC.HG5.0:JMJ17/KDM5A/KDM5B/KDM5C/KDM5D	1.0	JMJ17/KDM5A/KDM5B/KDM5C/KDM5D	68.0/99.0/99.0/99.0/99.0
Tspi_XP_003380411.1	JmjC.HG5.0:JMJ17/KDM5A/KDM5B/KDM5C/KDM5D	1.0	JMJ17/KDM5A/KDM5B/KDM5C/KDM5D	99.0/99.0/99.0/99.0/99.0
Hsap_XP_047298722.1	JmjC.HG5.0:JMJ17/KDM5A/KDM5B/KDM5C/KDM5D	1.0	JMJ17/KDM5C/KDM5D	68.0/100.0/46.0
Atri_XP_020527065.1	JmjC.HG5.0:JMJ17/KDM5A/KDM5B/KDM5C/KDM5D	1.0	JMJ17/KDM5A/KDM5B/KDM5C/KDM5D	93.0/68.0/68.0/68.0/68.0
Rchi_XP_040365885.1	JmjC.HG5.0:JMJ17/KDM5A/KDM5B/KDM5C/KDM5D	1.0	JMJ17/KDM5A/KDM5B/KDM5C/KDM5D	100.0/68.0/68.0/68.0/68.0
Bnap_XP_022550903.1	JmjC.HG5.0:JMJ17/KDM5A/KDM5B/KDM5C/KDM5D	1.0	JMJ17/KDM5A/KDM5B/KDM5C/KDM5D	100.0/68.0/68.0/68.0/68.0
Qlob_XP_030947809.1	JmjC.HG5.0:JMJ17/KDM5A/KDM5B/KDM5C/KDM5D	1.0	JMJ17/KDM5A/KDM5B/KDM5C/KDM5D	100.0/68.0/68.0/68.0/68.0
Hsap_NP_001340911.1	JmjC.HG5.0:JMJ17/KDM5A/KDM5B/KDM5C/KDM5D	1.0	JMJ17/KDM5C/KDM5D	68.0/83.0/100.0
Blan_XP_066283196.1	JmjC.HG5.0:JMJ17/KDM5A/KDM5B/KDM5C/KDM5D	1.0	JMJ17/KDM5A/KDM5B/KDM5C/KDM5D	68.0/99.0/99.0/99.0/99.0
Ihof_Ihof_evm1s850	JmjC.HG5.0:JMJ17/KDM5A/KDM5B/KDM5C/KDM5D	1.0	JMJ17/KDM5A/KDM5B/KDM5C/KDM5D	100.0/68.0/68.0/68.0/68.0
Drer_XP_068079058.1	JmjC.HG5.0:JMJ17/KDM5A/KDM5B/KDM5C/KDM5D	1.0	JMJ17/KDM5C/KDM5D	68.0/100.0/100.0
Pgem_Unigene31208_Pirum_gemmata|m.18610	JmjC.HG5.0:JMJ17/KDM5A/KDM5B/KDM5C/KDM5D	1.0	JMJ17/KDM5A/KDM5B/KDM5C/KDM5D	100.0/68.0/68.0/68.0/68.0
Hrob_XP_009028799.1	JmjC.HG5.0:JMJ17/KDM5A/KDM5B/KDM5C/KDM5D	1.0	JMJ17/KDM5A/KDM5B/KDM5C/KDM5D	68.0/79.0/79.0/79.0/79.0
Hsap_NP_001140174.1	JmjC.HG5.0:JMJ17/KDM5A/KDM5B/KDM5C/KDM5D	1.0	JMJ17/KDM5C/KDM5D	68.0/100.0/100.0
Ggal_XP_416379.4	JmjC.HG5.0:JMJ17/KDM5A/KDM5B/KDM5C/KDM5D	1.0	JMJ17/KDM5A	68.0/100.0
Xtro_XP_031754500.1	JmjC.HG5.0:JMJ17/KDM5A/KDM5B/KDM5C/KDM5D	1.0	JMJ17/KDM5A	68.0/100.0
Hsap_XP_047298726.1	JmjC.HG5.0:JMJ17/KDM5A/KDM5B/KDM5C/KDM5D	1.0	JMJ17/KDM5C/KDM5D	68.0/100.0/51.0
Zmay_XP_008645132.1	JmjC.HG5.0:JMJ17/KDM5A/KDM5B/KDM5C/KDM5D	1.0	JMJ17/KDM5A/KDM5B/KDM5C/KDM5D	100.0/68.0/68.0/68.0/68.0
Smoe_XP_002989181.2	JmjC.HG5.0:JMJ17/KDM5A/KDM5B/KDM5C/KDM5D	1.0	JMJ17/KDM5A/KDM5B/KDM5C/KDM5D	100.0/68.0/68.0/68.0/68.0
Awhi_Unigene35309_Abeoforma_whisleri|m.22405	JmjC.HG5.0:JMJ17/KDM5A/KDM5B/KDM5C/KDM5D	1.0	JMJ17/KDM5A/KDM5B/KDM5C/KDM5D	100.0/68.0/68.0/68.0/68.0
Cper_Nk52_evm10s559	JmjC.HG5.0:JMJ17/KDM5A/KDM5B/KDM5C/KDM5D	1.0	JMJ17/KDM5A/KDM5B/KDM5C/KDM5D	100.0/68.0/68.0/68.0/68.0
Spur_XP_030827947.1	JmjC.HG5.0:JMJ17/KDM5A/KDM5B/KDM5C/KDM5D	1.0	JMJ17/KDM5A/KDM5B/KDM5C/KDM5D	68.0/99.0/99.0/99.0/99.0
Lsat_XP_023772176.1	JmjC.HG5.0:JMJ17/KDM5A/KDM5B/KDM5C/KDM5D	1.0	JMJ17/KDM5A/KDM5B/KDM5C/KDM5D	100.0/68.0/68.0/68.0/68.0
Ggal_XP_004937981.3	JmjC.HG5.0:JMJ17/KDM5A/KDM5B/KDM5C/KDM5D	1.0	JMJ17/KDM5A	68.0/100.0
Smed_h1SMcT0019561.1	JmjC.HG5.0:JMJ17/KDM5A/KDM5B/KDM5C/KDM5D	1.0	JMJ17/KDM5A/KDM5B/KDM5C/KDM5D	77.0/77.0/77.0/77.0/77.0
Hsap_NP_001334520.1	JmjC.HG5.0:JMJ17/KDM5A/KDM5B/KDM5C/KDM5D	1.0	JMJ17/KDM5B	68.0/79.0
Atri_XP_011626095.1	JmjC.HG5.0:JMJ17/KDM5A/KDM5B/KDM5C/KDM5D	1.0	JMJ17/KDM5A/KDM5B/KDM5C/KDM5D	93.0/68.0/68.0/68.0/68.0
Dmel_NP_001245909.1	JmjC.HG5.0:JMJ17/KDM5A/KDM5B/KDM5C/KDM5D	1.0	JMJ17/KDM5A/KDM5B/KDM5C/KDM5D	68.0/99.0/99.0/99.0/99.0
Mesc_XP_043811623.1	JmjC.HG5.0:JMJ17/KDM5A/KDM5B/KDM5C/KDM5D	1.0	JMJ17/KDM5A/KDM5B/KDM5C/KDM5D	100.0/68.0/68.0/68.0/68.0
Blan_XP_066283203.1	JmjC.HG5.0:JMJ17/KDM5A/KDM5B/KDM5C/KDM5D	1.0	JMJ17/KDM5A/KDM5B/KDM5C/KDM5D	68.0/99.0/99.0/99.0/99.0
Xtro_XP_031754501.1	JmjC.HG5.0:JMJ17/KDM5A/KDM5B/KDM5C/KDM5D	1.0	JMJ17/KDM5A	68.0/100.0
Sman_XP_018644891.1	JmjC.HG5.0:JMJ17/KDM5A/KDM5B/KDM5C/KDM5D	1.0	JMJ17/KDM5A/KDM5B/KDM5C/KDM5D	77.0/77.0/77.0/77.0/77.0
Hsap_XP_047298720.1	JmjC.HG5.0:JMJ17/KDM5A/KDM5B/KDM5C/KDM5D	1.0	JMJ17/KDM5C/KDM5D	68.0/100.0/56.0
Mtru_XP_024640134.1	JmjC.HG5.0:JMJ17/KDM5A/KDM5B/KDM5C/KDM5D	1.0	JMJ17/KDM5A/KDM5B/KDM5C/KDM5D	100.0/68.0/68.0/68.0/68.0
Bnap_XP_022550902.1	JmjC.HG5.0:JMJ17/KDM5A/KDM5B/KDM5C/KDM5D	1.0	JMJ17/KDM5A/KDM5B/KDM5C/KDM5D	100.0/68.0/68.0/68.0/68.0
Sman_XP_018651207.1	JmjC.HG5.0:JMJ17/KDM5A/KDM5B/KDM5C/KDM5D	1.0	JMJ17/KDM5A/KDM5B/KDM5C/KDM5D	77.0/77.0/77.0/77.0/77.0
Mlei_ML04276a-PA	JmjC.HG5.0:JMJ17/KDM5A/KDM5B/KDM5C/KDM5D	1.0	JMJ17/KDM5A/KDM5B/KDM5C/KDM5D	68.0/88.0/88.0/88.0/88.0
Tsui_KHJ40148.1	JmjC.HG5.0:JMJ17/KDM5A/KDM5B/KDM5C/KDM5D	1.0	JMJ17/KDM5A/KDM5B/KDM5C/KDM5D	99.0/99.0/99.0/99.0/99.0
Btab_XP_018903595.1	JmjC.HG5.0:JMJ17/KDM5A/KDM5B/KDM5C/KDM5D	1.0	NA	NA
Hsap_NP_006609.3	JmjC.HG5.0:JMJ17/KDM5A/KDM5B/KDM5C/KDM5D	1.0	JMJ17/KDM5B	68.0/79.0
Tbri_KRY55870.1	JmjC.HG5.0:JMJ17/KDM5A/KDM5B/KDM5C/KDM5D	1.0	JMJ17/KDM5A/KDM5B/KDM5C/KDM5D	99.0/99.0/99.0/99.0/99.0
Hrob_XP_009029933.1	JmjC.HG5.0:JMJ17/KDM5A/KDM5B/KDM5C/KDM5D	1.0	JMJ17/KDM5A/KDM5B/KDM5C/KDM5D	68.0/79.0/79.0/79.0/79.0
Apimel_XP_003250774.1	JmjC.HG5.0:JMJ17/KDM5A/KDM5B/KDM5C/KDM5D	1.0	JMJ17/KDM5A/KDM5B/KDM5C/KDM5D	68.0/99.0/99.0/99.0/99.0
Atri_XP_020527068.1	JmjC.HG5.0:JMJ17/KDM5A/KDM5B/KDM5C/KDM5D	1.0	JMJ17/KDM5A/KDM5B/KDM5C/KDM5D	93.0/68.0/68.0/68.0/68.0
Smoe_XP_024525589.1	JmjC.HG5.0:JMJ17/KDM5A/KDM5B/KDM5C/KDM5D	1.0	JMJ17/KDM5A/KDM5B/KDM5C/KDM5D	100.0/68.0/68.0/68.0/68.0
Blan_XP_066283197.1	JmjC.HG5.0:JMJ17/KDM5A/KDM5B/KDM5C/KDM5D	1.0	JMJ17/KDM5A/KDM5B/KDM5C/KDM5D	68.0/99.0/99.0/99.0/99.0
Smed_h1SMcT0019561.2	JmjC.HG5.0:JMJ17/KDM5A/KDM5B/KDM5C/KDM5D	1.0	JMJ17/KDM5A/KDM5B/KDM5C/KDM5D	77.0/77.0/77.0/77.0/77.0
Bmor_XP_012553222.1	JmjC.HG5.0:JMJ17/KDM5A/KDM5B/KDM5C/KDM5D	1.0	JMJ17/KDM5A/KDM5B/KDM5C/KDM5D	68.0/99.0/99.0/99.0/99.0
Sbat_VDP03392.1	JmjC.HG5.0:JMJ17/KDM5A/KDM5B/KDM5C/KDM5D	1.0	JMJ17/KDM5A/KDM5B/KDM5C/KDM5D	99.0/99.0/99.0/99.0/99.0
Osat_XP_066167765.1	JmjC.HG5.0:JMJ17/KDM5A/KDM5B/KDM5C/KDM5D	1.0	JMJ17/KDM5A/KDM5B/KDM5C/KDM5D	100.0/68.0/68.0/68.0/68.0
Xtro_XP_031754497.1	JmjC.HG5.0:JMJ17/KDM5A/KDM5B/KDM5C/KDM5D	1.0	JMJ17/KDM5A	68.0/100.0
Smar_SMAR004279-PA	JmjC.HG5.0:JMJ17/KDM5A/KDM5B/KDM5C/KDM5D	1.0	JMJ17/KDM5A/KDM5B/KDM5C/KDM5D	68.0/99.0/99.0/99.0/99.0
Qlob_XP_030947810.1	JmjC.HG5.0:JMJ17/KDM5A/KDM5B/KDM5C/KDM5D	1.0	JMJ17/KDM5A/KDM5B/KDM5C/KDM5D	100.0/68.0/68.0/68.0/68.0
Crei_XP_042918372.1	JmjC.HG5.0:JMJ17/KDM5A/KDM5B/KDM5C/KDM5D	1.0	JMJ17/KDM5A/KDM5B/KDM5C/KDM5D	100.0/68.0/68.0/68.0/68.0
Ppat_XP_024359649.1	JmjC.HG5.0:JMJ17/KDM5A/KDM5B/KDM5C/KDM5D	1.0	JMJ17/KDM5A/KDM5B/KDM5C/KDM5D	100.0/68.0/68.0/68.0/68.0
Qlob_XP_030947811.1	JmjC.HG5.0:JMJ17/KDM5A/KDM5B/KDM5C/KDM5D	1.0	JMJ17/KDM5A/KDM5B/KDM5C/KDM5D	100.0/68.0/68.0/68.0/68.0
Btab_XP_018903596.1	JmjC.HG5.0:JMJ17/KDM5A/KDM5B/KDM5C/KDM5D	1.0	NA	NA
Rchi_XP_024175137.1	JmjC.HG5.0:JMJ17/KDM5A/KDM5B/KDM5C/KDM5D	1.0	JMJ17/KDM5A/KDM5B/KDM5C/KDM5D	100.0/68.0/68.0/68.0/68.0
Dmel_NP_523486.1	JmjC.HG5.0:JMJ17/KDM5A/KDM5B/KDM5C/KDM5D	1.0	JMJ17/KDM5A/KDM5B/KDM5C/KDM5D	68.0/99.0/99.0/99.0/99.0
Blan_XP_066283202.1	JmjC.HG5.0:JMJ17/KDM5A/KDM5B/KDM5C/KDM5D	1.0	JMJ17/KDM5A/KDM5B/KDM5C/KDM5D	68.0/99.0/99.0/99.0/99.0
Tadh_XP_002111443.1	JmjC.HG5.0:JMJ17/KDM5A/KDM5B/KDM5C/KDM5D	1.0	JMJ17/KDM5A/KDM5B/KDM5C/KDM5D	68.0/86.0/86.0/86.0/86.0
Cowc_XP_004349098.2	JmjC.HG5.0:JMJ17/KDM5A/KDM5B/KDM5C/KDM5D	1.0	JMJ17/KDM5A/KDM5B/KDM5C/KDM5D	53.0/68.0/68.0/68.0/68.0
Mtru_XP_003611093.1	JmjC.HG5.0:JMJ17/KDM5A/KDM5B/KDM5C/KDM5D	1.0	JMJ17/KDM5A/KDM5B/KDM5C/KDM5D	100.0/68.0/68.0/68.0/68.0
Aplcal_XP_012946958.1	JmjC.HG5.0:JMJ17/KDM5A/KDM5B/KDM5C/KDM5D	1.0	JMJ17/KDM5A/KDM5B/KDM5C/KDM5D	68.0/99.0/99.0/99.0/99.0
Hsap_NP_001140178.1	JmjC.HG5.0:JMJ17/KDM5A/KDM5B/KDM5C/KDM5D	1.0	JMJ17/KDM5C/KDM5D	68.0/100.0/25.0
Osat_XP_066167768.1	JmjC.HG5.0:JMJ17/KDM5A/KDM5B/KDM5C/KDM5D	1.0	JMJ17/KDM5A/KDM5B/KDM5C/KDM5D	100.0/68.0/68.0/68.0/68.0
Atha_NP_001319304.1	JmjC.HG5.0:JMJ17/KDM5A/KDM5B/KDM5C/KDM5D	1.0	JMJ17/KDM5A/KDM5B/KDM5C/KDM5D	86.0/68.0/68.0/68.0/68.0
Tnat_KRZ58734.1	JmjC.HG5.0:JMJ17/KDM5A/KDM5B/KDM5C/KDM5D	1.0	JMJ17/KDM5A/KDM5B/KDM5C/KDM5D	99.0/99.0/99.0/99.0/99.0
Hsap_XP_011529770.1	JmjC.HG5.0:JMJ17/KDM5A/KDM5B/KDM5C/KDM5D	1.0	JMJ17/KDM5C/KDM5D	68.0/100.0/19.0
Hduj_OQV12016.1	JmjC.HG6.0:like:KDM4A/KDM4B/KDM4C/KDM4D/KDM4E/KDM4F	26.0	NA	NA
Avag_UJR32194.1	JmjC.HG6.0:like:KDM4A/KDM4B/KDM4C/KDM4D/KDM4E/KDM4F	26.0	NA	NA
Rvar_GAV03793.1	JmjC.HG6.0:like:KDM4A/KDM4B/KDM4C/KDM4D/KDM4E/KDM4F	26.0	NA	NA
Hduj_OQV24772.1	JmjC.HG6.0:like:KDM4A/KDM4B/KDM4C/KDM4D/KDM4E/KDM4F	26.0	NA	NA
Rvar_GAU91015.1	JmjC.HG6.0:like:KDM4A/KDM4B/KDM4C/KDM4D/KDM4E/KDM4F	26.0	NA	NA
Rvar_GAU91016.1	JmjC.HG6.0:like:KDM4A/KDM4B/KDM4C/KDM4D/KDM4E/KDM4F	26.0	NA	NA
Avag_UJR12825.1	JmjC.HG6.0:like:KDM4A/KDM4B/KDM4C/KDM4D/KDM4E/KDM4F	26.0	NA	NA
Avag_UJR13492.1	JmjC.HG6.0:like:KDM4A/KDM4B/KDM4C/KDM4D/KDM4E/KDM4F	26.0	NA	NA
Avag_UJR35292.1	JmjC.HG6.0:like:KDM4A/KDM4B/KDM4C/KDM4D/KDM4E/KDM4F	26.0	NA	NA
Avag_UJR10273.1	JmjC.HG6.0:like:KDM4A/KDM4B/KDM4C/KDM4D/KDM4E/KDM4F	26.0	NA	NA
Avag_UJR13408.1	JmjC.HG6.0:like:KDM4A/KDM4B/KDM4C/KDM4D/KDM4E/KDM4F	26.0	NA	NA
Avag_UJR18773.1	JmjC.HG6.0:like:KDM4A/KDM4B/KDM4C/KDM4D/KDM4E/KDM4F	26.0	NA	NA
Avag_UJR37616.1	JmjC.HG6.0:like:KDM4A/KDM4B/KDM4C/KDM4D/KDM4E/KDM4F	26.0	NA	NA
Dpul_XP_046438861.1	JmjC.HG6.1:like:KDM4A/KDM4B/KDM4C/KDM4D/KDM4E/KDM4F	51.0	NA	NA
Psp.PS1159_PS1159_v2.g966.t1	JmjC.HG6.1:like:KDM4A/KDM4B/KDM4C/KDM4D/KDM4E/KDM4F	51.0	NA	NA
Psp.PS1159_PS1159_v2.g7770.t1	JmjC.HG6.1:like:KDM4A/KDM4B/KDM4C/KDM4D/KDM4E/KDM4F	51.0	NA	NA
Gpal_Gpal_D383_g15227.t1	JmjC.HG6.2:like:KDM4A/KDM4B/KDM4C/KDM4D/KDM4E/KDM4F	70.0	NA	NA
Rvar_GAV03783.1	JmjC.HG6.2:like:KDM4A/KDM4B/KDM4C/KDM4D/KDM4E/KDM4F	70.0	NA	NA
Hduj_OQV21745.1	JmjC.HG6.2:like:KDM4A/KDM4B/KDM4C/KDM4D/KDM4E/KDM4F	70.0	NA	NA
Pigchi_Pchi_g4964	JmjC.HG6.3:KDM4A/KDM4B/KDM4C/KDM4D/KDM4E/KDM4F	63.0	KDM4A/KDM4B/KDM4C/KDM4D/KDM4E/KDM4F	63.0/63.0/63.0/63.0/63.0/63.0
Bmor_NP_001243917.1	JmjC.HG6.3:KDM4A/KDM4B/KDM4C/KDM4D/KDM4E/KDM4F	63.0	KDM4A/KDM4B/KDM4C/KDM4D/KDM4E/KDM4F	75.0/75.0/75.0/75.0/75.0/75.0
Mbre_XP_001748049.1	JmjC.HG6.3:KDM4A/KDM4B/KDM4C/KDM4D/KDM4E/KDM4F	63.0	KDM4A/KDM4B/KDM4C/KDM4D/KDM4E/KDM4F	63.0/63.0/63.0/63.0/63.0/63.0
Pgem_Unigene34896_Pirum_gemmata|m.21455	JmjC.HG6.3:KDM4A/KDM4B/KDM4C/KDM4D/KDM4E/KDM4F	63.0	KDM4A/KDM4B/KDM4C/KDM4D/KDM4E/KDM4F	63.0/63.0/63.0/63.0/63.0/63.0
Cper_Nk52_evm58s215	JmjC.HG6.3:KDM4A/KDM4B/KDM4C/KDM4D/KDM4E/KDM4F	63.0	KDM4A/KDM4B/KDM4C/KDM4D/KDM4E/KDM4F	63.0/63.0/63.0/63.0/63.0/63.0
Pgem_Unigene34895_Pirum_gemmata|m.21454	JmjC.HG6.3:KDM4A/KDM4B/KDM4C/KDM4D/KDM4E/KDM4F	63.0	KDM4A/KDM4B/KDM4C/KDM4D/KDM4E/KDM4F	63.0/63.0/63.0/63.0/63.0/63.0
Pgem_Unigene34898_Pirum_gemmata|m.21457	JmjC.HG6.3:KDM4A/KDM4B/KDM4C/KDM4D/KDM4E/KDM4F	63.0	KDM4A/KDM4B/KDM4C/KDM4D/KDM4E/KDM4F	63.0/63.0/63.0/63.0/63.0/63.0
Clim_Clim_evm23s206	JmjC.HG6.3:KDM4A/KDM4B/KDM4C/KDM4D/KDM4E/KDM4F	63.0	KDM4A/KDM4B/KDM4C/KDM4D/KDM4E/KDM4F	63.0/63.0/63.0/63.0/63.0/63.0
Sros_XP_004989734.1	JmjC.HG6.3:KDM4A/KDM4B/KDM4C/KDM4D/KDM4E/KDM4F	63.0	KDM4A/KDM4B/KDM4C/KDM4D/KDM4E/KDM4F	63.0/63.0/63.0/63.0/63.0/63.0
Pgem_Unigene34897_Pirum_gemmata|m.21456	JmjC.HG6.3:KDM4A/KDM4B/KDM4C/KDM4D/KDM4E/KDM4F	63.0	KDM4A/KDM4B/KDM4C/KDM4D/KDM4E/KDM4F	63.0/63.0/63.0/63.0/63.0/63.0
Crei_XP_042914509.1	JmjC.HG6.3:KDM4A/KDM4B/KDM4C/KDM4D/KDM4E/KDM4F	63.0	KDM4A/KDM4B/KDM4C/KDM4D/KDM4E/KDM4F	63.0/63.0/63.0/63.0/63.0/63.0
Sarc_XP_014152310.1	JmjC.HG6.3:KDM4A/KDM4B/KDM4C/KDM4D/KDM4E/KDM4F	63.0	KDM4A/KDM4B/KDM4C/KDM4D/KDM4E/KDM4F	63.0/63.0/63.0/63.0/63.0/63.0
Sarc_XP_014152309.1	JmjC.HG6.3:KDM4A/KDM4B/KDM4C/KDM4D/KDM4E/KDM4F	63.0	KDM4A/KDM4B/KDM4C/KDM4D/KDM4E/KDM4F	63.0/63.0/63.0/63.0/63.0/63.0
Cowc_XP_004346999.1	JmjC.HG6.3:KDM4A/KDM4B/KDM4C/KDM4D/KDM4E/KDM4F	63.0	KDM4A/KDM4B/KDM4C/KDM4D/KDM4E/KDM4F	63.0/63.0/63.0/63.0/63.0/63.0
Cfra_CFRG3744T1	JmjC.HG6.3:KDM4A/KDM4B/KDM4C/KDM4D/KDM4E/KDM4F	63.0	KDM4A/KDM4B/KDM4C/KDM4D/KDM4E/KDM4F	63.0/63.0/63.0/63.0/63.0/63.0
Crei_XP_042926830.1	JmjC.HG6.3:KDM4A/KDM4B/KDM4C/KDM4D/KDM4E/KDM4F	63.0	KDM4A/KDM4B/KDM4C/KDM4D/KDM4E/KDM4F	63.0/63.0/63.0/63.0/63.0/63.0
Pigvie_Pvie_g12840	JmjC.HG6.3:KDM4A/KDM4B/KDM4C/KDM4D/KDM4E/KDM4F	63.0	KDM4A/KDM4B/KDM4C/KDM4D/KDM4E/KDM4F	63.0/63.0/63.0/63.0/63.0/63.0
Sarc_XP_014152308.1	JmjC.HG6.3:KDM4A/KDM4B/KDM4C/KDM4D/KDM4E/KDM4F	63.0	KDM4A/KDM4B/KDM4C/KDM4D/KDM4E/KDM4F	63.0/63.0/63.0/63.0/63.0/63.0
Awhi_Unigene20372_Abeoforma_whisleri|m.13988	JmjC.HG6.3:KDM4A/KDM4B/KDM4C/KDM4D/KDM4E/KDM4F	63.0	KDM4A/KDM4B/KDM4C/KDM4D/KDM4E/KDM4F	63.0/63.0/63.0/63.0/63.0/63.0
Scil_XP_065175051.1	JmjC.HG6.3:KDM4A/KDM4B/KDM4C/KDM4D/KDM4E/KDM4F	63.0	KDM4A/KDM4B/KDM4C/KDM4D/KDM4E/KDM4F	84.0/84.0/84.0/84.0/84.0/84.0
Bmal_XP_001900165.1	JmjC.HG6.3:KDM4A/KDM4B/KDM4C/KDM4D/KDM4E/KDM4F	63.0	KDM4A/KDM4B/KDM4C/KDM4D/KDM4E/KDM4F	51.0/51.0/51.0/51.0/51.0/51.0
Ddip_jg9790.2	JmjC.HG6.3:KDM4A/KDM4B/KDM4C/KDM4D/KDM4E/KDM4F	63.0	KDM4A/KDM4B/KDM4C/KDM4D/KDM4E/KDM4F	51.0/51.0/51.0/51.0/51.0/51.0
Ggal_XP_046761691.1	JmjC.HG6.3:KDM4A/KDM4B/KDM4C/KDM4D/KDM4E/KDM4F	63.0	KDM4C	98.0
Hsap_XP_011526123.1	JmjC.HG6.3:KDM4A/KDM4B/KDM4C/KDM4D/KDM4E/KDM4F	63.0	KDM4B	80.0
Avag_UJR31768.1	JmjC.HG6.3:KDM4A/KDM4B/KDM4C/KDM4D/KDM4E/KDM4F	63.0	NA	NA
Cvir_XP_022314936.1	JmjC.HG6.3:KDM4A/KDM4B/KDM4C/KDM4D/KDM4E/KDM4F	63.0	KDM4A/KDM4B/KDM4C/KDM4D/KDM4E/KDM4F	75.0/75.0/75.0/75.0/75.0/75.0
Aplcal_XP_005110555.1	JmjC.HG6.3:KDM4A/KDM4B/KDM4C/KDM4D/KDM4E/KDM4F	63.0	KDM4A/KDM4B/KDM4C/KDM4D/KDM4E/KDM4F	75.0/75.0/75.0/75.0/75.0/75.0
Hsap_NP_001398077.1	JmjC.HG6.3:KDM4A/KDM4B/KDM4C/KDM4D/KDM4E/KDM4F	63.0	KDM4B	100.0
Tnel_KRX22377.1	JmjC.HG6.3:KDM4A/KDM4B/KDM4C/KDM4D/KDM4E/KDM4F	63.0	KDM4A/KDM4B/KDM4C/KDM4D/KDM4E/KDM4F	51.0/51.0/51.0/51.0/51.0/51.0
Hsap_XP_047278985.1	JmjC.HG6.3:KDM4A/KDM4B/KDM4C/KDM4D/KDM4E/KDM4F	63.0	KDM4C	20.0
Lcom_lcpid21970|	JmjC.HG6.3:KDM4A/KDM4B/KDM4C/KDM4D/KDM4E/KDM4F	63.0	KDM4A/KDM4B/KDM4C/KDM4D/KDM4E/KDM4F	84.0/84.0/84.0/84.0/84.0/84.0
Angcan_KAE9420848.1	JmjC.HG6.3:KDM4A/KDM4B/KDM4C/KDM4D/KDM4E/KDM4F	63.0	KDM4A/KDM4B/KDM4C/KDM4D/KDM4E/KDM4F	51.0/51.0/51.0/51.0/51.0/51.0
Spur_XP_030851905.1	JmjC.HG6.3:KDM4A/KDM4B/KDM4C/KDM4D/KDM4E/KDM4F	63.0	KDM4A/KDM4B/KDM4C/KDM4D/KDM4E/KDM4F	95.0/95.0/95.0/95.0/95.0/95.0
Xtro_XP_012813654.1	JmjC.HG6.3:KDM4A/KDM4B/KDM4C/KDM4D/KDM4E/KDM4F	63.0	KDM4B	100.0
Apla_XP_022101942.1	JmjC.HG6.3:KDM4A/KDM4B/KDM4C/KDM4D/KDM4E/KDM4F	63.0	KDM4A/KDM4B/KDM4C/KDM4D/KDM4E/KDM4F	95.0/95.0/95.0/95.0/95.0/95.0
Agrpla_XP_018336496.1	JmjC.HG6.3:KDM4A/KDM4B/KDM4C/KDM4D/KDM4E/KDM4F	63.0	KDM4A/KDM4B/KDM4C/KDM4D/KDM4E/KDM4F	75.0/75.0/75.0/75.0/75.0/75.0
Ggal_XP_015155667.3	JmjC.HG6.3:KDM4A/KDM4B/KDM4C/KDM4D/KDM4E/KDM4F	63.0	KDM4B	100.0
Skow_XP_006813368.1	JmjC.HG6.3:KDM4A/KDM4B/KDM4C/KDM4D/KDM4E/KDM4F	63.0	KDM4A/KDM4B/KDM4C/KDM4D/KDM4E/KDM4F	95.0/95.0/95.0/95.0/95.0/95.0
Smed_h1SMcT0017276.1	JmjC.HG6.3:KDM4A/KDM4B/KDM4C/KDM4D/KDM4E/KDM4F	63.0	KDM4A/KDM4B/KDM4C/KDM4D/KDM4E/KDM4F	55.0/55.0/55.0/55.0/55.0/55.0
Xtro_XP_012816027.2	JmjC.HG6.3:KDM4A/KDM4B/KDM4C/KDM4D/KDM4E/KDM4F	63.0	KDM4A	100.0
Gpal_Gpal_D383_g00938.t1	JmjC.HG6.3:KDM4A/KDM4B/KDM4C/KDM4D/KDM4E/KDM4F	63.0	KDM4A/KDM4B/KDM4C/KDM4D/KDM4E/KDM4F	51.0/51.0/51.0/51.0/51.0/51.0
Hsap_XP_005259578.2	JmjC.HG6.3:KDM4A/KDM4B/KDM4C/KDM4D/KDM4E/KDM4F	63.0	KDM4B	100.0
Spur_XP_030851904.1	JmjC.HG6.3:KDM4A/KDM4B/KDM4C/KDM4D/KDM4E/KDM4F	63.0	KDM4A/KDM4B/KDM4C/KDM4D/KDM4E/KDM4F	95.0/95.0/95.0/95.0/95.0/95.0
Mbel_CAJ0947731.1	JmjC.HG6.3:KDM4A/KDM4B/KDM4C/KDM4D/KDM4E/KDM4F	63.0	KDM4A/KDM4B/KDM4C/KDM4D/KDM4E/KDM4F	51.0/51.0/51.0/51.0/51.0/51.0
Hsap_XP_047294428.1	JmjC.HG6.3:KDM4A/KDM4B/KDM4C/KDM4D/KDM4E/KDM4F	63.0	KDM4B	100.0
Scar_TMS34877.1	JmjC.HG6.3:KDM4A/KDM4B/KDM4C/KDM4D/KDM4E/KDM4F	63.0	KDM4A/KDM4B/KDM4C/KDM4D/KDM4E/KDM4F	51.0/51.0/51.0/51.0/51.0/51.0
Aplcal_XP_005110552.1	JmjC.HG6.3:KDM4A/KDM4B/KDM4C/KDM4D/KDM4E/KDM4F	63.0	KDM4A/KDM4B/KDM4C/KDM4D/KDM4E/KDM4F	75.0/75.0/75.0/75.0/75.0/75.0
Hsap_NP_001340927.1	JmjC.HG6.3:KDM4A/KDM4B/KDM4C/KDM4D/KDM4E/KDM4F	63.0	KDM4C	89.0
Emue_Em0011g1184a	JmjC.HG6.3:KDM4A/KDM4B/KDM4C/KDM4D/KDM4E/KDM4F	63.0	KDM4A/KDM4B/KDM4C/KDM4D/KDM4E/KDM4F	84.0/84.0/84.0/84.0/84.0/84.0
Hsap_XP_011526122.1	JmjC.HG6.3:KDM4A/KDM4B/KDM4C/KDM4D/KDM4E/KDM4F	63.0	KDM4B	80.0
Lana_XP_013378692.1	JmjC.HG6.3:KDM4A/KDM4B/KDM4C/KDM4D/KDM4E/KDM4F	63.0	KDM4A/KDM4B/KDM4C/KDM4D/KDM4E/KDM4F	75.0/75.0/75.0/75.0/75.0/75.0
Hsap_NP_001291269.1	JmjC.HG6.3:KDM4A/KDM4B/KDM4C/KDM4D/KDM4E/KDM4F	63.0	KDM4C	100.0
Smar_SMAR004454-PA	JmjC.HG6.3:KDM4A/KDM4B/KDM4C/KDM4D/KDM4E/KDM4F	63.0	KDM4A/KDM4B/KDM4C/KDM4D/KDM4E/KDM4F	75.0/75.0/75.0/75.0/75.0/75.0
Hsap_NP_001357022.1	JmjC.HG6.3:KDM4A/KDM4B/KDM4C/KDM4D/KDM4E/KDM4F	63.0	KDM4B	77.0
Aplcal_XP_035828803.1	JmjC.HG6.3:KDM4A/KDM4B/KDM4C/KDM4D/KDM4E/KDM4F	63.0	KDM4A/KDM4B/KDM4C/KDM4D/KDM4E/KDM4F	75.0/75.0/75.0/75.0/75.0/75.0
Ggal_XP_046761692.1	JmjC.HG6.3:KDM4A/KDM4B/KDM4C/KDM4D/KDM4E/KDM4F	63.0	KDM4C	98.0
Xtro_XP_017947205.1	JmjC.HG6.3:KDM4A/KDM4B/KDM4C/KDM4D/KDM4E/KDM4F	63.0	KDM4B	100.0
Ggal_XP_046760686.1	JmjC.HG6.3:KDM4A/KDM4B/KDM4C/KDM4D/KDM4E/KDM4F	63.0	KDM4B	100.0
Dmel_NP_001163138.1	JmjC.HG6.3:KDM4A/KDM4B/KDM4C/KDM4D/KDM4E/KDM4F	63.0	KDM4A/KDM4B/KDM4C/KDM4D/KDM4E/KDM4F	75.0/75.0/75.0/75.0/75.0/75.0
Diplco_DCO_003819	JmjC.HG6.3:KDM4A/KDM4B/KDM4C/KDM4D/KDM4E/KDM4F	63.0	KDM4A/KDM4B/KDM4C/KDM4D/KDM4E/KDM4F	51.0/51.0/51.0/51.0/51.0/51.0
Drer_XP_001921829.2	JmjC.HG6.3:KDM4A/KDM4B/KDM4C/KDM4D/KDM4E/KDM4F	63.0	KDM4A	100.0
Tadh_XP_002113920.1	JmjC.HG6.3:KDM4A/KDM4B/KDM4C/KDM4D/KDM4E/KDM4F	63.0	KDM4A/KDM4B/KDM4C/KDM4D/KDM4E/KDM4F	84.0/84.0/84.0/84.0/84.0/84.0
Cvir_XP_022314937.1	JmjC.HG6.3:KDM4A/KDM4B/KDM4C/KDM4D/KDM4E/KDM4F	63.0	KDM4A/KDM4B/KDM4C/KDM4D/KDM4E/KDM4F	75.0/75.0/75.0/75.0/75.0/75.0
Blan_XP_066299401.1	JmjC.HG6.3:KDM4A/KDM4B/KDM4C/KDM4D/KDM4E/KDM4F	63.0	KDM4A/KDM4B/KDM4C/KDM4D/KDM4E/KDM4F	95.0/95.0/95.0/95.0/95.0/95.0
Hsap_XP_016881992.1	JmjC.HG6.3:KDM4A/KDM4B/KDM4C/KDM4D/KDM4E/KDM4F	63.0	KDM4B	100.0
Acey_EYC12278.1	JmjC.HG6.3:KDM4A/KDM4B/KDM4C/KDM4D/KDM4E/KDM4F	63.0	KDM4A/KDM4B/KDM4C/KDM4D/KDM4E/KDM4F	51.0/51.0/51.0/51.0/51.0/51.0
Hsap_XP_016881994.1	JmjC.HG6.3:KDM4A/KDM4B/KDM4C/KDM4D/KDM4E/KDM4F	63.0	KDM4B	80.0
Aplcal_XP_012944675.1	JmjC.HG6.3:KDM4A/KDM4B/KDM4C/KDM4D/KDM4E/KDM4F	63.0	KDM4A/KDM4B/KDM4C/KDM4D/KDM4E/KDM4F	75.0/75.0/75.0/75.0/75.0/75.0
Hsap_NP_001140168.1	JmjC.HG6.3:KDM4A/KDM4B/KDM4C/KDM4D/KDM4E/KDM4F	63.0	KDM4C	97.0
Eela_EEL_0000422001-mRNA-1	JmjC.HG6.3:KDM4A/KDM4B/KDM4C/KDM4D/KDM4E/KDM4F	63.0	KDM4A/KDM4B/KDM4C/KDM4D/KDM4E/KDM4F	51.0/51.0/51.0/51.0/51.0/51.0
Ggal_XP_040511924.1	JmjC.HG6.3:KDM4A/KDM4B/KDM4C/KDM4D/KDM4E/KDM4F	63.0	KDM4C	98.0
Dmel_NP_001246194.1	JmjC.HG6.3:KDM4A/KDM4B/KDM4C/KDM4D/KDM4E/KDM4F	63.0	KDM4A/KDM4B/KDM4C/KDM4D/KDM4E/KDM4F	75.0/75.0/75.0/75.0/75.0/75.0
Aplcal_XP_005110551.1	JmjC.HG6.3:KDM4A/KDM4B/KDM4C/KDM4D/KDM4E/KDM4F	63.0	KDM4A/KDM4B/KDM4C/KDM4D/KDM4E/KDM4F	75.0/75.0/75.0/75.0/75.0/75.0
Mhap_MhA1_Contig684.frz3.gene26	JmjC.HG6.3:KDM4A/KDM4B/KDM4C/KDM4D/KDM4E/KDM4F	63.0	KDM4A/KDM4B/KDM4C/KDM4D/KDM4E/KDM4F	51.0/51.0/51.0/51.0/51.0/51.0
Hsap_XP_047278982.1	JmjC.HG6.3:KDM4A/KDM4B/KDM4C/KDM4D/KDM4E/KDM4F	63.0	KDM4C	20.0
Ggal_XP_040511928.1	JmjC.HG6.3:KDM4A/KDM4B/KDM4C/KDM4D/KDM4E/KDM4F	63.0	KDM4C	98.0
Hsap_NP_001291268.1	JmjC.HG6.3:KDM4A/KDM4B/KDM4C/KDM4D/KDM4E/KDM4F	63.0	KDM4C	52.0
Tnat_KRZ59712.1	JmjC.HG6.3:KDM4A/KDM4B/KDM4C/KDM4D/KDM4E/KDM4F	63.0	KDM4A/KDM4B/KDM4C/KDM4D/KDM4E/KDM4F	51.0/51.0/51.0/51.0/51.0/51.0
Hsap_NP_001357023.1	JmjC.HG6.3:KDM4A/KDM4B/KDM4C/KDM4D/KDM4E/KDM4F	63.0	KDM4B	77.0
Hsap_XP_047278984.1	JmjC.HG6.3:KDM4A/KDM4B/KDM4C/KDM4D/KDM4E/KDM4F	63.0	KDM4C	32.0
Rcul_nRc.2.0.1.t24496-RA	JmjC.HG6.3:KDM4A/KDM4B/KDM4C/KDM4D/KDM4E/KDM4F	63.0	KDM4A/KDM4B/KDM4C/KDM4D/KDM4E/KDM4F	51.0/51.0/51.0/51.0/51.0/51.0
Drer_XP_001339664.2	JmjC.HG6.3:KDM4A/KDM4B/KDM4C/KDM4D/KDM4E/KDM4F	63.0	KDM4A	100.0
Xtro_XP_012808166.1	JmjC.HG6.3:KDM4A/KDM4B/KDM4C/KDM4D/KDM4E/KDM4F	63.0	KDM4C	100.0
Echgra_XP_024353904.1	JmjC.HG6.3:KDM4A/KDM4B/KDM4C/KDM4D/KDM4E/KDM4F	63.0	KDM4A/KDM4B/KDM4C/KDM4D/KDM4E/KDM4F	55.0/55.0/55.0/55.0/55.0/55.0
Ggal_XP_015135695.2	JmjC.HG6.3:KDM4A/KDM4B/KDM4C/KDM4D/KDM4E/KDM4F	63.0	KDM4C	98.0
Hsap_XP_016869987.1	JmjC.HG6.3:KDM4A/KDM4B/KDM4C/KDM4D/KDM4E/KDM4F	63.0	KDM4C	42.0
Scar_TMS34876.1	JmjC.HG6.3:KDM4A/KDM4B/KDM4C/KDM4D/KDM4E/KDM4F	63.0	KDM4A/KDM4B/KDM4C/KDM4D/KDM4E/KDM4F	51.0/51.0/51.0/51.0/51.0/51.0
Ovol_OVOC10566	JmjC.HG6.3:KDM4A/KDM4B/KDM4C/KDM4D/KDM4E/KDM4F	63.0	KDM4A/KDM4B/KDM4C/KDM4D/KDM4E/KDM4F	51.0/51.0/51.0/51.0/51.0/51.0
Twil_T_wilhelma_c28608_g1_i3|m.25602	JmjC.HG6.3:KDM4A/KDM4B/KDM4C/KDM4D/KDM4E/KDM4F	63.0	KDM4A/KDM4B/KDM4C/KDM4D/KDM4E/KDM4F	84.0/84.0/84.0/84.0/84.0/84.0
Hrob_XP_009016237.1	JmjC.HG6.3:KDM4A/KDM4B/KDM4C/KDM4D/KDM4E/KDM4F	63.0	NA	NA
Ddip_jg9790.1	JmjC.HG6.3:KDM4A/KDM4B/KDM4C/KDM4D/KDM4E/KDM4F	63.0	KDM4A/KDM4B/KDM4C/KDM4D/KDM4E/KDM4F	51.0/51.0/51.0/51.0/51.0/51.0
Ggal_XP_015155668.3	JmjC.HG6.3:KDM4A/KDM4B/KDM4C/KDM4D/KDM4E/KDM4F	63.0	KDM4B	100.0
Ggal_XP_040511927.1	JmjC.HG6.3:KDM4A/KDM4B/KDM4C/KDM4D/KDM4E/KDM4F	63.0	KDM4C	98.0
Tsui_KHJ49297.1	JmjC.HG6.3:KDM4A/KDM4B/KDM4C/KDM4D/KDM4E/KDM4F	63.0	KDM4A/KDM4B/KDM4C/KDM4D/KDM4E/KDM4F	51.0/51.0/51.0/51.0/51.0/51.0
Drer_NP_001076274.1	JmjC.HG6.3:KDM4A/KDM4B/KDM4C/KDM4D/KDM4E/KDM4F	63.0	KDM4B	100.0
Hsap_NP_001340926.1	JmjC.HG6.3:KDM4A/KDM4B/KDM4C/KDM4D/KDM4E/KDM4F	63.0	KDM4C	57.0
Lloa_XP_020307078.1	JmjC.HG6.3:KDM4A/KDM4B/KDM4C/KDM4D/KDM4E/KDM4F	63.0	KDM4A/KDM4B/KDM4C/KDM4D/KDM4E/KDM4F	51.0/51.0/51.0/51.0/51.0/51.0
Diplco_DCO_003820	JmjC.HG6.3:KDM4A/KDM4B/KDM4C/KDM4D/KDM4E/KDM4F	63.0	KDM4A/KDM4B/KDM4C/KDM4D/KDM4E/KDM4F	51.0/51.0/51.0/51.0/51.0/51.0
Dmel_NP_001163137.1	JmjC.HG6.3:KDM4A/KDM4B/KDM4C/KDM4D/KDM4E/KDM4F	63.0	KDM4A/KDM4B/KDM4C/KDM4D/KDM4E/KDM4F	75.0/75.0/75.0/75.0/75.0/75.0
Smed_h1SMcT0017276.3	JmjC.HG6.3:KDM4A/KDM4B/KDM4C/KDM4D/KDM4E/KDM4F	63.0	KDM4A/KDM4B/KDM4C/KDM4D/KDM4E/KDM4F	55.0/55.0/55.0/55.0/55.0/55.0
Ggal_XP_046761693.1	JmjC.HG6.3:KDM4A/KDM4B/KDM4C/KDM4D/KDM4E/KDM4F	63.0	KDM4C	98.0
Cscu_XP_023237336.1	JmjC.HG6.3:KDM4A/KDM4B/KDM4C/KDM4D/KDM4E/KDM4F	63.0	KDM4A/KDM4B/KDM4C/KDM4D/KDM4E/KDM4F	75.0/75.0/75.0/75.0/75.0/75.0
Twil_T_wilhelma_c28608_g1_i4|m.25603	JmjC.HG6.3:KDM4A/KDM4B/KDM4C/KDM4D/KDM4E/KDM4F	63.0	KDM4A/KDM4B/KDM4C/KDM4D/KDM4E/KDM4F	84.0/84.0/84.0/84.0/84.0/84.0
Mbel_CAJ0932171.1	JmjC.HG6.3:KDM4A/KDM4B/KDM4C/KDM4D/KDM4E/KDM4F	63.0	KDM4A/KDM4B/KDM4C/KDM4D/KDM4E/KDM4F	51.0/51.0/51.0/51.0/51.0/51.0
Ggal_XP_015146792.1	JmjC.HG6.3:KDM4A/KDM4B/KDM4C/KDM4D/KDM4E/KDM4F	63.0	KDM4A	100.0
Ggal_XP_015155672.3	JmjC.HG6.3:KDM4A/KDM4B/KDM4C/KDM4D/KDM4E/KDM4F	63.0	KDM4B	100.0
Tbri_KRY52111.1	JmjC.HG6.3:KDM4A/KDM4B/KDM4C/KDM4D/KDM4E/KDM4F	63.0	KDM4A/KDM4B/KDM4C/KDM4D/KDM4E/KDM4F	51.0/51.0/51.0/51.0/51.0/51.0
Dmel_NP_610331.1	JmjC.HG6.3:KDM4A/KDM4B/KDM4C/KDM4D/KDM4E/KDM4F	63.0	KDM4A/KDM4B/KDM4C/KDM4D/KDM4E/KDM4F	75.0/75.0/75.0/75.0/75.0/75.0
Lloa_XP_020307077.1	JmjC.HG6.3:KDM4A/KDM4B/KDM4C/KDM4D/KDM4E/KDM4F	63.0	KDM4A/KDM4B/KDM4C/KDM4D/KDM4E/KDM4F	51.0/51.0/51.0/51.0/51.0/51.0
Asuu_AgR009X_g348_t04	JmjC.HG6.3:KDM4A/KDM4B/KDM4C/KDM4D/KDM4E/KDM4F	63.0	KDM4A/KDM4B/KDM4C/KDM4D/KDM4E/KDM4F	51.0/51.0/51.0/51.0/51.0/51.0
Xtro_XP_017944789.1	JmjC.HG6.3:KDM4A/KDM4B/KDM4C/KDM4D/KDM4E/KDM4F	63.0	KDM4C	100.0
Hsap_NP_055876.2	JmjC.HG6.3:KDM4A/KDM4B/KDM4C/KDM4D/KDM4E/KDM4F	63.0	KDM4C	53.0
Avag_UJR14913.1	JmjC.HG6.3:KDM4A/KDM4B/KDM4C/KDM4D/KDM4E/KDM4F	63.0	NA	NA
Tnat_KRZ59713.1	JmjC.HG6.3:KDM4A/KDM4B/KDM4C/KDM4D/KDM4E/KDM4F	63.0	KDM4A/KDM4B/KDM4C/KDM4D/KDM4E/KDM4F	51.0/51.0/51.0/51.0/51.0/51.0
Drer_NP_001077320.1	JmjC.HG6.3:KDM4A/KDM4B/KDM4C/KDM4D/KDM4E/KDM4F	63.0	KDM4C	100.0
Lana_XP_013378693.1	JmjC.HG6.3:KDM4A/KDM4B/KDM4C/KDM4D/KDM4E/KDM4F	63.0	KDM4A/KDM4B/KDM4C/KDM4D/KDM4E/KDM4F	75.0/75.0/75.0/75.0/75.0/75.0
Asuu_AgR009X_g348_t03	JmjC.HG6.3:KDM4A/KDM4B/KDM4C/KDM4D/KDM4E/KDM4F	63.0	KDM4A/KDM4B/KDM4C/KDM4D/KDM4E/KDM4F	51.0/51.0/51.0/51.0/51.0/51.0
Bxyl_CAG9094855.1	JmjC.HG6.3:KDM4A/KDM4B/KDM4C/KDM4D/KDM4E/KDM4F	63.0	KDM4A/KDM4B/KDM4C/KDM4D/KDM4E/KDM4F	51.0/51.0/51.0/51.0/51.0/51.0
Hcon_XGW08053.1	JmjC.HG6.3:KDM4A/KDM4B/KDM4C/KDM4D/KDM4E/KDM4F	63.0	KDM4A/KDM4B/KDM4C/KDM4D/KDM4E/KDM4F	51.0/51.0/51.0/51.0/51.0/51.0
Cele_NP_496969.2	JmjC.HG6.3:KDM4A/KDM4B/KDM4C/KDM4D/KDM4E/KDM4F	63.0	KDM4A/KDM4B/KDM4C/KDM4D/KDM4E/KDM4F	51.0/51.0/51.0/51.0/51.0/51.0
Smed_h1SMcT0015695.1	JmjC.HG6.3:KDM4A/KDM4B/KDM4C/KDM4D/KDM4E/KDM4F	63.0	KDM4A/KDM4B/KDM4C/KDM4D/KDM4E/KDM4F	55.0/55.0/55.0/55.0/55.0/55.0
Psp.PS1159_PS1159_v2.g19199.t1	JmjC.HG6.3:KDM4A/KDM4B/KDM4C/KDM4D/KDM4E/KDM4F	63.0	KDM4A/KDM4B/KDM4C/KDM4D/KDM4E/KDM4F	51.0/51.0/51.0/51.0/51.0/51.0
Dpul_XP_046439483.1	JmjC.HG6.3:KDM4A/KDM4B/KDM4C/KDM4D/KDM4E/KDM4F	63.0	KDM4A/KDM4B/KDM4C/KDM4D/KDM4E/KDM4F	75.0/75.0/75.0/75.0/75.0/75.0
Xtro_NP_001107498.1	JmjC.HG6.3:KDM4A/KDM4B/KDM4C/KDM4D/KDM4E/KDM4F	63.0	KDM4A	100.0
Lpol_XP_022255437.1	JmjC.HG6.3:KDM4A/KDM4B/KDM4C/KDM4D/KDM4E/KDM4F	63.0	KDM4A/KDM4B/KDM4C/KDM4D/KDM4E/KDM4F	75.0/75.0/75.0/75.0/75.0/75.0
Xtro_XP_012813665.1	JmjC.HG6.3:KDM4A/KDM4B/KDM4C/KDM4D/KDM4E/KDM4F	63.0	KDM4B	100.0
Cscu_XP_023230236.1	JmjC.HG6.3:KDM4A/KDM4B/KDM4C/KDM4D/KDM4E/KDM4F	63.0	KDM4A/KDM4B/KDM4C/KDM4D/KDM4E/KDM4F	75.0/75.0/75.0/75.0/75.0/75.0
Hsap_NP_001155102.1	JmjC.HG6.3:KDM4A/KDM4B/KDM4C/KDM4D/KDM4E/KDM4F	63.0	KDM4D/KDM4E/KDM4F	100.0/100.0/100.0
Apimel_XP_016771723.2	JmjC.HG6.3:KDM4A/KDM4B/KDM4C/KDM4D/KDM4E/KDM4F	63.0	KDM4A/KDM4B/KDM4C/KDM4D/KDM4E/KDM4F	75.0/75.0/75.0/75.0/75.0/75.0
Hsap_NP_055830.1	JmjC.HG6.3:KDM4A/KDM4B/KDM4C/KDM4D/KDM4E/KDM4F	63.0	KDM4B	100.0
Hsap_NP_001400684.1	JmjC.HG6.3:KDM4A/KDM4B/KDM4C/KDM4D/KDM4E/KDM4F	63.0	KDM4D/KDM4E/KDM4F	100.0/100.0/100.0
Cvir_XP_022315076.1	JmjC.HG6.3:KDM4A/KDM4B/KDM4C/KDM4D/KDM4E/KDM4F	63.0	KDM4A/KDM4B/KDM4C/KDM4D/KDM4E/KDM4F	75.0/75.0/75.0/75.0/75.0/75.0
Hcon_XGW08052.1	JmjC.HG6.3:KDM4A/KDM4B/KDM4C/KDM4D/KDM4E/KDM4F	63.0	KDM4A/KDM4B/KDM4C/KDM4D/KDM4E/KDM4F	51.0/51.0/51.0/51.0/51.0/51.0
Hcon_XGW08054.1	JmjC.HG6.3:KDM4A/KDM4B/KDM4C/KDM4D/KDM4E/KDM4F	63.0	KDM4A/KDM4B/KDM4C/KDM4D/KDM4E/KDM4F	51.0/51.0/51.0/51.0/51.0/51.0
Trimur_TMUE_2000006338	JmjC.HG6.3:KDM4A/KDM4B/KDM4C/KDM4D/KDM4E/KDM4F	63.0	KDM4A/KDM4B/KDM4C/KDM4D/KDM4E/KDM4F	51.0/51.0/51.0/51.0/51.0/51.0
Pvan_XP_069999751.1	JmjC.HG6.3:KDM4A/KDM4B/KDM4C/KDM4D/KDM4E/KDM4F	63.0	KDM4A/KDM4B/KDM4C/KDM4D/KDM4E/KDM4F	75.0/75.0/75.0/75.0/75.0/75.0
Blan_XP_066299402.1	JmjC.HG6.3:KDM4A/KDM4B/KDM4C/KDM4D/KDM4E/KDM4F	63.0	KDM4A/KDM4B/KDM4C/KDM4D/KDM4E/KDM4F	95.0/95.0/95.0/95.0/95.0/95.0
Asuu_AgR009X_g348_t02	JmjC.HG6.3:KDM4A/KDM4B/KDM4C/KDM4D/KDM4E/KDM4F	63.0	KDM4A/KDM4B/KDM4C/KDM4D/KDM4E/KDM4F	51.0/51.0/51.0/51.0/51.0/51.0
Sypmur_SMUV_0000937801-mRNA-1	JmjC.HG6.3:KDM4A/KDM4B/KDM4C/KDM4D/KDM4E/KDM4F	63.0	KDM4A/KDM4B/KDM4C/KDM4D/KDM4E/KDM4F	51.0/51.0/51.0/51.0/51.0/51.0
Smed_h1SMcT0017276.2	JmjC.HG6.3:KDM4A/KDM4B/KDM4C/KDM4D/KDM4E/KDM4F	63.0	KDM4A/KDM4B/KDM4C/KDM4D/KDM4E/KDM4F	55.0/55.0/55.0/55.0/55.0/55.0
Xtro_XP_012808168.1	JmjC.HG6.3:KDM4A/KDM4B/KDM4C/KDM4D/KDM4E/KDM4F	63.0	KDM4C	100.0
Ggal_XP_003643040.2	JmjC.HG6.3:KDM4A/KDM4B/KDM4C/KDM4D/KDM4E/KDM4F	63.0	KDM4C	98.0
Otip_Oti_4063_t	JmjC.HG6.3:KDM4A/KDM4B/KDM4C/KDM4D/KDM4E/KDM4F	63.0	KDM4A/KDM4B/KDM4C/KDM4D/KDM4E/KDM4F	51.0/51.0/51.0/51.0/51.0/51.0
Bmal_XP_042934909.1	JmjC.HG6.3:KDM4A/KDM4B/KDM4C/KDM4D/KDM4E/KDM4F	63.0	KDM4A/KDM4B/KDM4C/KDM4D/KDM4E/KDM4F	51.0/51.0/51.0/51.0/51.0/51.0
Hsap_XP_011526121.1	JmjC.HG6.3:KDM4A/KDM4B/KDM4C/KDM4D/KDM4E/KDM4F	63.0	KDM4B	80.0
Ggal_XP_040511923.1	JmjC.HG6.3:KDM4A/KDM4B/KDM4C/KDM4D/KDM4E/KDM4F	63.0	KDM4C	98.0
Cint_XP_009859394.1	JmjC.HG6.3:KDM4A/KDM4B/KDM4C/KDM4D/KDM4E/KDM4F	63.0	KDM4A/KDM4B/KDM4C/KDM4D/KDM4E/KDM4F	95.0/95.0/95.0/95.0/95.0/95.0
Tspi_XP_003373668.1	JmjC.HG6.3:KDM4A/KDM4B/KDM4C/KDM4D/KDM4E/KDM4F	63.0	KDM4A/KDM4B/KDM4C/KDM4D/KDM4E/KDM4F	51.0/51.0/51.0/51.0/51.0/51.0
Xtro_NP_989064.2	JmjC.HG6.3:KDM4A/KDM4B/KDM4C/KDM4D/KDM4E/KDM4F	63.0	KDM4B	100.0
Xtro_XP_031752955.1	JmjC.HG6.3:KDM4A/KDM4B/KDM4C/KDM4D/KDM4E/KDM4F	63.0	KDM4B	100.0
Btab_XP_018898026.1	JmjC.HG6.3:KDM4A/KDM4B/KDM4C/KDM4D/KDM4E/KDM4F	63.0	KDM4A/KDM4B/KDM4C/KDM4D/KDM4E/KDM4F	75.0/75.0/75.0/75.0/75.0/75.0
Lpol_XP_022237676.1	JmjC.HG6.3:KDM4A/KDM4B/KDM4C/KDM4D/KDM4E/KDM4F	63.0	KDM4A/KDM4B/KDM4C/KDM4D/KDM4E/KDM4F	75.0/75.0/75.0/75.0/75.0/75.0
Asuu_AgR009X_g348_t05	JmjC.HG6.3:KDM4A/KDM4B/KDM4C/KDM4D/KDM4E/KDM4F	63.0	KDM4A/KDM4B/KDM4C/KDM4D/KDM4E/KDM4F	51.0/51.0/51.0/51.0/51.0/51.0
Hrob_XP_009018328.1	JmjC.HG6.3:KDM4A/KDM4B/KDM4C/KDM4D/KDM4E/KDM4F	63.0	KDM4A/KDM4B/KDM4C/KDM4D/KDM4E/KDM4F	78.0/78.0/78.0/78.0/78.0/78.0
Sman_XP_018654887.1	JmjC.HG6.3:KDM4A/KDM4B/KDM4C/KDM4D/KDM4E/KDM4F	63.0	KDM4A/KDM4B/KDM4C/KDM4D/KDM4E/KDM4F	55.0/55.0/55.0/55.0/55.0/55.0
Btab_XP_018898027.1	JmjC.HG6.3:KDM4A/KDM4B/KDM4C/KDM4D/KDM4E/KDM4F	63.0	KDM4A/KDM4B/KDM4C/KDM4D/KDM4E/KDM4F	75.0/75.0/75.0/75.0/75.0/75.0
Hsap_NP_055478.2	JmjC.HG6.3:KDM4A/KDM4B/KDM4C/KDM4D/KDM4E/KDM4F	63.0	KDM4A	100.0
Dmel_NP_001163139.1	JmjC.HG6.3:KDM4A/KDM4B/KDM4C/KDM4D/KDM4E/KDM4F	63.0	KDM4A/KDM4B/KDM4C/KDM4D/KDM4E/KDM4F	75.0/75.0/75.0/75.0/75.0/75.0
Asuu_AgR009X_g348_t06	JmjC.HG6.3:KDM4A/KDM4B/KDM4C/KDM4D/KDM4E/KDM4F	63.0	KDM4A/KDM4B/KDM4C/KDM4D/KDM4E/KDM4F	51.0/51.0/51.0/51.0/51.0/51.0
Twil_T_wilhelma_c28608_g1_i2|m.25601	JmjC.HG6.3:KDM4A/KDM4B/KDM4C/KDM4D/KDM4E/KDM4F	63.0	KDM4A/KDM4B/KDM4C/KDM4D/KDM4E/KDM4F	84.0/84.0/84.0/84.0/84.0/84.0
Avag_UJR14914.1	JmjC.HG6.3:KDM4A/KDM4B/KDM4C/KDM4D/KDM4E/KDM4F	63.0	NA	NA
Ggal_XP_040511925.1	JmjC.HG6.3:KDM4A/KDM4B/KDM4C/KDM4D/KDM4E/KDM4F	63.0	KDM4C	98.0
Dimm_MCP9261945.1	JmjC.HG6.3:KDM4A/KDM4B/KDM4C/KDM4D/KDM4E/KDM4F	63.0	KDM4A/KDM4B/KDM4C/KDM4D/KDM4E/KDM4F	51.0/51.0/51.0/51.0/51.0/51.0
Agrpla_XP_018336504.1	JmjC.HG6.3:KDM4A/KDM4B/KDM4C/KDM4D/KDM4E/KDM4F	63.0	KDM4A/KDM4B/KDM4C/KDM4D/KDM4E/KDM4F	75.0/75.0/75.0/75.0/75.0/75.0
Btab_XP_018898025.1	JmjC.HG6.3:KDM4A/KDM4B/KDM4C/KDM4D/KDM4E/KDM4F	63.0	KDM4A/KDM4B/KDM4C/KDM4D/KDM4E/KDM4F	75.0/75.0/75.0/75.0/75.0/75.0
Cint_XP_026691400.1	JmjC.HG6.3:KDM4A/KDM4B/KDM4C/KDM4D/KDM4E/KDM4F	63.0	KDM4A/KDM4B/KDM4C/KDM4D/KDM4E/KDM4F	95.0/95.0/95.0/95.0/95.0/95.0
Ggal_XP_040509761.2	JmjC.HG6.3:KDM4A/KDM4B/KDM4C/KDM4D/KDM4E/KDM4F	63.0	KDM4B	100.0
Priarc_PARCANUS000010747.t1	JmjC.HG6.3:KDM4A/KDM4B/KDM4C/KDM4D/KDM4E/KDM4F	63.0	KDM4A/KDM4B/KDM4C/KDM4D/KDM4E/KDM4F	51.0/51.0/51.0/51.0/51.0/51.0
Ttri_CDW55602.1	JmjC.HG6.3:KDM4A/KDM4B/KDM4C/KDM4D/KDM4E/KDM4F	63.0	KDM4A/KDM4B/KDM4C/KDM4D/KDM4E/KDM4F	51.0/51.0/51.0/51.0/51.0/51.0
Drer_XP_005165745.1	JmjC.HG6.3:KDM4A/KDM4B/KDM4C/KDM4D/KDM4E/KDM4F	63.0	KDM4A	100.0
Lpol_XP_022255439.1	JmjC.HG6.3:KDM4A/KDM4B/KDM4C/KDM4D/KDM4E/KDM4F	63.0	KDM4A/KDM4B/KDM4C/KDM4D/KDM4E/KDM4F	75.0/75.0/75.0/75.0/75.0/75.0
Twil_T_wilhelma_c28608_g1_i6|m.25605	JmjC.HG6.3:KDM4A/KDM4B/KDM4C/KDM4D/KDM4E/KDM4F	63.0	KDM4A/KDM4B/KDM4C/KDM4D/KDM4E/KDM4F	84.0/84.0/84.0/84.0/84.0/84.0
Blan_XP_066299400.1	JmjC.HG6.3:KDM4A/KDM4B/KDM4C/KDM4D/KDM4E/KDM4F	63.0	KDM4A/KDM4B/KDM4C/KDM4D/KDM4E/KDM4F	95.0/95.0/95.0/95.0/95.0/95.0
Ggal_XP_015135693.2	JmjC.HG6.3:KDM4A/KDM4B/KDM4C/KDM4D/KDM4E/KDM4F	63.0	KDM4C	98.0
Hsap_NP_001140167.1	JmjC.HG6.3:KDM4A/KDM4B/KDM4C/KDM4D/KDM4E/KDM4F	63.0	KDM4C	97.0
Sbat_VDO96914.1	JmjC.HG6.3:KDM4A/KDM4B/KDM4C/KDM4D/KDM4E/KDM4F	63.0	KDM4A/KDM4B/KDM4C/KDM4D/KDM4E/KDM4F	51.0/51.0/51.0/51.0/51.0/51.0
Hpol_VDO93762.1	JmjC.HG6.3:KDM4A/KDM4B/KDM4C/KDM4D/KDM4E/KDM4F	63.0	KDM4A/KDM4B/KDM4C/KDM4D/KDM4E/KDM4F	51.0/51.0/51.0/51.0/51.0/51.0
Scil_XP_065175052.1	JmjC.HG6.3:KDM4A/KDM4B/KDM4C/KDM4D/KDM4E/KDM4F	63.0	KDM4A/KDM4B/KDM4C/KDM4D/KDM4E/KDM4F	84.0/84.0/84.0/84.0/84.0/84.0
Dmel_NP_001260942.1	JmjC.HG6.3:KDM4A/KDM4B/KDM4C/KDM4D/KDM4E/KDM4F	63.0	KDM4A/KDM4B/KDM4C/KDM4D/KDM4E/KDM4F	75.0/75.0/75.0/75.0/75.0/75.0
Pvan_XP_069999750.1	JmjC.HG6.3:KDM4A/KDM4B/KDM4C/KDM4D/KDM4E/KDM4F	63.0	KDM4A/KDM4B/KDM4C/KDM4D/KDM4E/KDM4F	75.0/75.0/75.0/75.0/75.0/75.0
Hrob_XP_009029034.1	JmjC.HG6.3:KDM4A/KDM4B/KDM4C/KDM4D/KDM4E/KDM4F	63.0	KDM4A/KDM4B/KDM4C/KDM4D/KDM4E/KDM4F	78.0/78.0/78.0/78.0/78.0/78.0
Wban_VDM20064.1	JmjC.HG6.3:KDM4A/KDM4B/KDM4C/KDM4D/KDM4E/KDM4F	63.0	KDM4A/KDM4B/KDM4C/KDM4D/KDM4E/KDM4F	51.0/51.0/51.0/51.0/51.0/51.0
Aque_XP_003392033.1	JmjC.HG6.3:KDM4A/KDM4B/KDM4C/KDM4D/KDM4E/KDM4F	63.0	KDM4A/KDM4B/KDM4C/KDM4D/KDM4E/KDM4F	84.0/84.0/84.0/84.0/84.0/84.0
Cscu_XP_023230232.1	JmjC.HG6.3:KDM4A/KDM4B/KDM4C/KDM4D/KDM4E/KDM4F	63.0	KDM4A/KDM4B/KDM4C/KDM4D/KDM4E/KDM4F	75.0/75.0/75.0/75.0/75.0/75.0
Ggal_XP_040511926.1	JmjC.HG6.3:KDM4A/KDM4B/KDM4C/KDM4D/KDM4E/KDM4F	63.0	KDM4C	98.0
Avit_KAL3994551.1	JmjC.HG6.3:KDM4A/KDM4B/KDM4C/KDM4D/KDM4E/KDM4F	63.0	KDM4A/KDM4B/KDM4C/KDM4D/KDM4E/KDM4F	51.0/51.0/51.0/51.0/51.0/51.0
Hsap_XP_016881993.1	JmjC.HG6.3:KDM4A/KDM4B/KDM4C/KDM4D/KDM4E/KDM4F	63.0	KDM4B	100.0
Hsap_XP_047278983.1	JmjC.HG6.3:KDM4A/KDM4B/KDM4C/KDM4D/KDM4E/KDM4F	63.0	KDM4C	30.0
Xtro_XP_031755677.1	JmjC.HG6.3:KDM4A/KDM4B/KDM4C/KDM4D/KDM4E/KDM4F	63.0	KDM4A	100.0
Bmor_XP_037875534.2	JmjC.HG6.3:KDM4A/KDM4B/KDM4C/KDM4D/KDM4E/KDM4F	63.0	KDM4A/KDM4B/KDM4C/KDM4D/KDM4E/KDM4F	75.0/75.0/75.0/75.0/75.0/75.0
Smed_h1SMcT0015695.2	JmjC.HG6.3:KDM4A/KDM4B/KDM4C/KDM4D/KDM4E/KDM4F	63.0	KDM4A/KDM4B/KDM4C/KDM4D/KDM4E/KDM4F	55.0/55.0/55.0/55.0/55.0/55.0
Hsap_XP_011526124.1	JmjC.HG6.3:KDM4A/KDM4B/KDM4C/KDM4D/KDM4E/KDM4F	63.0	KDM4B	99.0
Hsap_XP_011526116.1	JmjC.HG6.3:KDM4A/KDM4B/KDM4C/KDM4D/KDM4E/KDM4F	63.0	KDM4B	100.0
Hsap_NP_060509.2	JmjC.HG6.3:KDM4A/KDM4B/KDM4C/KDM4D/KDM4E/KDM4F	63.0	KDM4D/KDM4E/KDM4F	100.0/100.0/100.0
Dmel_NP_788344.2	JmjC.HG6.3:KDM4A/KDM4B/KDM4C/KDM4D/KDM4E/KDM4F	63.0	KDM4A/KDM4B/KDM4C/KDM4D/KDM4E/KDM4F	75.0/75.0/75.0/75.0/75.0/75.0
Apla_XP_022101943.1	JmjC.HG6.3:KDM4A/KDM4B/KDM4C/KDM4D/KDM4E/KDM4F	63.0	KDM4A/KDM4B/KDM4C/KDM4D/KDM4E/KDM4F	95.0/95.0/95.0/95.0/95.0/95.0
Mjap_MIJAPON000009122.t1	JmjC.HG6.3:KDM4A/KDM4B/KDM4C/KDM4D/KDM4E/KDM4F	63.0	KDM4A/KDM4B/KDM4C/KDM4D/KDM4E/KDM4F	51.0/51.0/51.0/51.0/51.0/51.0
Lpol_XP_022255440.1	JmjC.HG6.3:KDM4A/KDM4B/KDM4C/KDM4D/KDM4E/KDM4F	63.0	KDM4A/KDM4B/KDM4C/KDM4D/KDM4E/KDM4F	75.0/75.0/75.0/75.0/75.0/75.0
Acey_EYC12279.1	JmjC.HG6.3:KDM4A/KDM4B/KDM4C/KDM4D/KDM4E/KDM4F	63.0	KDM4A/KDM4B/KDM4C/KDM4D/KDM4E/KDM4F	51.0/51.0/51.0/51.0/51.0/51.0
Hsap_XP_047294426.1	JmjC.HG6.3:KDM4A/KDM4B/KDM4C/KDM4D/KDM4E/KDM4F	63.0	KDM4B	100.0
Bxyl_CAG9097285.1	JmjC.HG6.3:KDM4A/KDM4B/KDM4C/KDM4D/KDM4E/KDM4F	63.0	KDM4A/KDM4B/KDM4C/KDM4D/KDM4E/KDM4F	51.0/51.0/51.0/51.0/51.0/51.0
Ever_VDD91961.1	JmjC.HG6.3:KDM4A/KDM4B/KDM4C/KDM4D/KDM4E/KDM4F	63.0	KDM4A/KDM4B/KDM4C/KDM4D/KDM4E/KDM4F	51.0/51.0/51.0/51.0/51.0/51.0
Lpol_XP_022255436.1	JmjC.HG6.3:KDM4A/KDM4B/KDM4C/KDM4D/KDM4E/KDM4F	63.0	KDM4A/KDM4B/KDM4C/KDM4D/KDM4E/KDM4F	75.0/75.0/75.0/75.0/75.0/75.0
Twil_T_wilhelma_c28608_g1_i1|m.25599	JmjC.HG6.3:KDM4A/KDM4B/KDM4C/KDM4D/KDM4E/KDM4F	63.0	KDM4A/KDM4B/KDM4C/KDM4D/KDM4E/KDM4F	84.0/84.0/84.0/84.0/84.0/84.0
Ddip_jg9790.3	JmjC.HG6.3:KDM4A/KDM4B/KDM4C/KDM4D/KDM4E/KDM4F	63.0	KDM4A/KDM4B/KDM4C/KDM4D/KDM4E/KDM4F	51.0/51.0/51.0/51.0/51.0/51.0
Btab_XP_018916560.1	JmjC.HG6.4:like:KDM4A/KDM4B/KDM4C/KDM4D/KDM4E/KDM4F	1.0	NA	NA
Ddip_jg1072	JmjC.HG6.5:like:KDM4A/KDM4B/KDM4C/KDM4D/KDM4E/KDM4F	1.0	NA	NA
Btab_XP_018912230.1	JmjC.HG6.6:like:KDM4A/KDM4B/KDM4C/KDM4D/KDM4E/KDM4F	100.0	NA	NA
Btab_XP_018915471.1	JmjC.HG6.6:like:KDM4A/KDM4B/KDM4C/KDM4D/KDM4E/KDM4F	100.0	NA	NA
Btab_XP_018917662.1	JmjC.HG6.6:like:KDM4A/KDM4B/KDM4C/KDM4D/KDM4E/KDM4F	100.0	NA	NA
Btab_XP_018900098.1	JmjC.HG6.7:like:KDM4A/KDM4B/KDM4C/KDM4D/KDM4E/KDM4F	1.0	NA	NA
Scil_XP_065190257.1	JmjC.HG7.0:NA	98.0	NA	NA
Twil_T_wilhelma_c25972_g2_i2|m.15679	JmjC.HG7.0:NA	98.0	NA	NA
Lcom_lcpid57567|	JmjC.HG7.0:NA	98.0	NA	NA
Aque_XP_003388264.3	JmjC.HG7.0:NA	98.0	NA	NA
Twil_T_wilhelma_c25972_g2_i7|m.15686	JmjC.HG7.0:NA	98.0	NA	NA
Twil_T_wilhelma_c25972_g2_i4|m.15682	JmjC.HG7.0:NA	98.0	NA	NA
Twil_T_wilhelma_c25972_g2_i8|m.15687	JmjC.HG7.0:NA	98.0	NA	NA
Twil_T_wilhelma_c25972_g2_i1|m.15677	JmjC.HG7.0:NA	98.0	NA	NA
Twil_T_wilhelma_c25972_g2_i2|m.15678	JmjC.HG7.0:NA	98.0	NA	NA
Twil_T_wilhelma_c25972_g2_i3|m.15680	JmjC.HG7.0:NA	98.0	NA	NA
Twil_T_wilhelma_c25972_g2_i9|m.15689	JmjC.HG7.0:NA	98.0	NA	NA
Twil_T_wilhelma_c25972_g2_i6|m.15685	JmjC.HG7.0:NA	98.0	NA	NA
Twil_T_wilhelma_c25972_g2_i5|m.15684	JmjC.HG7.0:NA	98.0	NA	NA
Mlei_ML084442a-PA	JmjC.HG7.1:NA	99.0	NA	NA
Skow_XP_002737509.2	JmjC.HG7.1:NA	99.0	NA	NA
Lcom_lcpid196630|	JmjC.HG7.1:NA	99.0	NA	NA
Lana_XP_013378871.1	JmjC.HG7.1:NA	99.0	NA	NA
Lana_XP_013421573.1	JmjC.HG7.1:NA	99.0	NA	NA
Skow_XP_002733960.2	JmjC.HG7.1:NA	99.0	NA	NA
Lana_XP_013378894.1	JmjC.HG7.1:NA	99.0	NA	NA
Lana_XP_013412441.1	JmjC.HG7.1:NA	99.0	NA	NA
Lana_XP_013407145.1	JmjC.HG7.1:NA	99.0	NA	NA
Lana_XP_013378863.1	JmjC.HG7.1:NA	99.0	NA	NA
Lana_XP_013382112.1	JmjC.HG7.1:NA	99.0	NA	NA
Scil_XP_065186736.1	JmjC.HG7.1:NA	99.0	NA	NA
Lana_XP_013378864.1	JmjC.HG7.1:NA	99.0	NA	NA
Lana_XP_013421571.1	JmjC.HG7.1:NA	99.0	NA	NA
Blan_XP_066273173.1	JmjC.HG7.1:NA	99.0	NA	NA
Lana_XP_013421570.1	JmjC.HG7.1:NA	99.0	NA	NA
Lana_XP_013407134.1	JmjC.HG7.1:NA	99.0	NA	NA
Lana_XP_013421562.1	JmjC.HG7.1:NA	99.0	NA	NA
Scil_XP_065176613.1	JmjC.HG7.1:NA	99.0	NA	NA
Blan_XP_066296046.1	JmjC.HG7.1:NA	99.0	NA	NA
Cint_XP_026691272.1	JmjC.HG7.1:NA	99.0	NA	NA
Lana_XP_013378892.1	JmjC.HG7.1:NA	99.0	NA	NA
Scil_XP_065186737.1	JmjC.HG7.1:NA	99.0	NA	NA
Lana_XP_013407136.1	JmjC.HG7.1:NA	99.0	NA	NA
Scil_XP_065186743.1	JmjC.HG7.1:NA	99.0	NA	NA
Lana_XP_013378889.1	JmjC.HG7.1:NA	99.0	NA	NA
Lana_XP_013407137.1	JmjC.HG7.1:NA	99.0	NA	NA
Blan_XP_066282690.1	JmjC.HG7.1:NA	99.0	NA	NA
Skow_XP_006812090.1	JmjC.HG7.1:NA	99.0	NA	NA
Lcom_lcpid196631|	JmjC.HG7.1:NA	99.0	NA	NA
Lcom_lcpid27443|	JmjC.HG7.1:NA	99.0	NA	NA
Lcom_lcpid231292|	JmjC.HG7.1:NA	99.0	NA	NA
Lana_XP_013378893.1	JmjC.HG7.1:NA	99.0	NA	NA
Lana_XP_013421557.1	JmjC.HG7.1:NA	99.0	NA	NA
Lana_XP_013382636.1	JmjC.HG7.1:NA	99.0	NA	NA
Lana_XP_013407156.1	JmjC.HG7.1:NA	99.0	NA	NA
Scil_XP_065186738.1	JmjC.HG7.1:NA	99.0	NA	NA
Lana_XP_013407135.1	JmjC.HG7.1:NA	99.0	NA	NA
Cint_XP_018668578.1	JmjC.HG7.1:NA	99.0	NA	NA
Lana_XP_013421572.1	JmjC.HG7.1:NA	99.0	NA	NA
Lcom_lcpid43944|	JmjC.HG7.2:NA	65.0	NA	NA
Obim_XP_014786508.1	JmjC.HG7.2:NA	65.0	NA	NA
Sros_XP_004998027.1	JmjC.HG7.2:NA	65.0	NA	NA
Scil_XP_065179618.1	JmjC.HG7.2:NA	65.0	NA	NA
Lpol_XP_022258017.1	JmjC.HG7.2:NA	65.0	NA	NA
Spur_XP_030851296.1	JmjC.HG7.2:NA	65.0	NA	NA
Lana_XP_013379797.1	JmjC.HG7.2:NA	65.0	NA	NA
Avag_UJR27911.1	JmjC.HG7.2:NA	65.0	NA	NA
Cint_XP_009858838.1	JmjC.HG7.2:NA	65.0	NA	NA
Cvir_XP_022295582.1	JmjC.HG7.2:NA	65.0	NA	NA
Lana_XP_013416768.1	JmjC.HG7.2:NA	65.0	NA	NA
Hduj_OQV23951.1	JmjC.HG7.2:NA	65.0	NA	NA
Cvir_XP_022295583.1	JmjC.HG7.2:NA	65.0	NA	NA
Skow_XP_006813823.1	JmjC.HG7.2:NA	65.0	NA	NA
Blan_XP_066295358.1	JmjC.HG7.2:NA	65.0	NA	NA
Apla_XP_022110884.1	JmjC.HG7.2:NA	65.0	NA	NA
Blan_XP_066277976.1	JmjC.HG7.2:NA	65.0	NA	NA
Tadh_XP_002113119.1	JmjC.HG7.2:NA	65.0	NA	NA
Tadh_XP_002113121.1	JmjC.HG7.2:NA	65.0	NA	NA
Spur_XP_011681320.2	JmjC.HG7.2:NA	65.0	NA	NA
Apla_XP_022082158.1	JmjC.HG7.2:NA	65.0	NA	NA
Mlei_ML05736a-PA	JmjC.HG7.2:NA	65.0	NA	NA
Apla_XP_022108037.1	JmjC.HG7.2:NA	65.0	NA	NA
Spur_XP_011681319.2	JmjC.HG7.2:NA	65.0	NA	NA
Tadh_XP_002113122.1	JmjC.HG7.2:NA	65.0	NA	NA
Lana_XP_013379798.1	JmjC.HG7.2:NA	65.0	NA	NA
Mlei_ML05738a-PA	JmjC.HG7.2:NA	65.0	NA	NA
Spur_XP_030851295.1	JmjC.HG7.2:NA	65.0	NA	NA
Aplcal_XP_012945505.1	JmjC.HG7.2:NA	65.0	NA	NA
Spur_XP_030851297.1	JmjC.HG7.2:NA	65.0	NA	NA
Smed_h1SMcT0000859.1	JmjC.HG7.2:NA	65.0	NA	NA
Apla_XP_022084488.1	JmjC.HG7.2:NA	65.0	NA	NA
Obim_XP_052827307.1	JmjC.HG7.2:NA	65.0	NA	NA
Tadh_XP_002113118.1	JmjC.HG7.2:NA	65.0	NA	NA
Avag_UJR27910.1	JmjC.HG7.2:NA	65.0	NA	NA
Tadh_XP_002113120.1	JmjC.HG7.2:NA	65.0	NA	NA
Ofus_CAH1798269.1	JmjC.HG7.2:NA	65.0	NA	NA
Avag_UJR21880.1	JmjC.HG7.2:NA	65.0	NA	NA
Mlei_ML263513a-PA	JmjC.HG7.3:NA	100.0	NA	NA
Skow_XP_002734322.1	JmjC.HG7.3:NA	100.0	NA	NA
Blan_XP_066294679.1	JmjC.HG7.3:NA	100.0	NA	NA
Skow_XP_006815947.1	JmjC.HG7.3:NA	100.0	NA	NA
Obim_XP_052823492.1	JmjC.HG7.3:NA	100.0	NA	NA
Blan_XP_066296518.1	JmjC.HG7.3:NA	100.0	NA	NA
Apla_XP_022093115.1	JmjC.HG7.3:NA	100.0	NA	NA
Lcom_lcpid57675|	JmjC.HG7.3:NA	100.0	NA	NA
Skow_XP_006815949.1	JmjC.HG7.3:NA	100.0	NA	NA
Cvir_XP_022304685.1	JmjC.HG7.3:NA	100.0	NA	NA
Ofus_CAH1773781.1	JmjC.HG7.3:NA	100.0	NA	NA
Blan_XP_066282976.1	JmjC.HG7.3:NA	100.0	NA	NA
Avag_UJR21136.1	JmjC.HG7.3:NA	100.0	NA	NA
Tadh_XP_002108796.1	JmjC.HG7.3:NA	100.0	NA	NA
Cint_XP_002126088.2	JmjC.HG7.3:NA	100.0	NA	NA
Lcom_lcpid61878|	JmjC.HG7.3:NA	100.0	NA	NA
Apla_XP_022093116.1	JmjC.HG7.3:NA	100.0	NA	NA
Blan_XP_066275375.1	JmjC.HG7.3:NA	100.0	NA	NA
Tadh_XP_002108058.1	JmjC.HG7.3:NA	100.0	NA	NA
Smed_h1SMcT0018382.1	JmjC.HG7.3:NA	100.0	NA	NA
Cint_XP_002127815.2	JmjC.HG7.3:NA	100.0	NA	NA
Blan_XP_066294235.1	JmjC.HG7.3:NA	100.0	NA	NA
Obim_XP_014787224.1	JmjC.HG7.3:NA	100.0	NA	NA
Lana_XP_013380535.1	JmjC.HG7.3:NA	100.0	NA	NA
Blan_XP_066304335.1	JmjC.HG7.3:NA	100.0	NA	NA
Blan_XP_066294706.1	JmjC.HG7.3:NA	100.0	NA	NA
Blan_XP_066294693.1	JmjC.HG7.3:NA	100.0	NA	NA
Scil_XP_065186812.1	JmjC.HG7.3:NA	100.0	NA	NA
Smed_h1SMcT0018382.3	JmjC.HG7.3:NA	100.0	NA	NA
Blan_XP_066282975.1	JmjC.HG7.3:NA	100.0	NA	NA
Blan_XP_066296524.1	JmjC.HG7.3:NA	100.0	NA	NA
Aplcal_XP_005104510.2	JmjC.HG7.3:NA	100.0	NA	NA
Hrob_XP_009030583.1	JmjC.HG7.3:NA	100.0	NA	NA
Cint_XP_026696217.1	JmjC.HG7.3:NA	100.0	NA	NA
Blan_XP_066285314.1	JmjC.HG7.3:NA	100.0	NA	NA
Spur_XP_030833504.1	JmjC.HG7.3:NA	100.0	NA	NA
Scil_XP_065174902.1	JmjC.HG7.3:NA	100.0	NA	NA
Tadh_XP_002110367.1	JmjC.HG7.4:NA	73.0	NA	NA
Obim_XP_014790571.1	JmjC.HG7.4:NA	73.0	NA	NA
Tadh_XP_002110369.1	JmjC.HG7.4:NA	73.0	NA	NA
Tadh_XP_002110368.1	JmjC.HG7.4:NA	73.0	NA	NA
Cscu_XP_023235212.1	JmjC.HG7.4:NA	73.0	NA	NA
Lana_XP_013411943.1	JmjC.HG7.4:NA	73.0	NA	NA
Spur_XP_030832562.1	JmjC.HG7.4:NA	73.0	NA	NA
Lana_XP_013384773.1	JmjC.HG7.4:NA	73.0	NA	NA
Lpol_XP_022247961.1	JmjC.HG7.4:NA	73.0	NA	NA
Ofus_CAH1797094.1	JmjC.HG7.4:NA	73.0	NA	NA
Cscu_XP_023235211.1	JmjC.HG7.4:NA	73.0	NA	NA
Apla_XP_022105661.1	JmjC.HG7.4:NA	73.0	NA	NA
Spur_XP_030832561.1	JmjC.HG7.4:NA	73.0	NA	NA
Cvir_XP_022329722.1	JmjC.HG7.4:NA	73.0	NA	NA
Cvir_XP_022334694.1	JmjC.HG7.4:NA	73.0	NA	NA
Lpol_XP_022247962.1	JmjC.HG7.4:NA	73.0	NA	NA
Lpol_XP_013780118.1	JmjC.HG7.4:NA	73.0	NA	NA
Skow_XP_006815434.1	JmjC.HG7.4:NA	73.0	NA	NA
Aplcal_XP_012945425.1	JmjC.HG7.4:NA	73.0	NA	NA
Cvir_XP_022331273.1	JmjC.HG7.4:NA	73.0	NA	NA
Lpol_XP_013780117.1	JmjC.HG7.4:NA	73.0	NA	NA
Apla_XP_022105662.1	JmjC.HG7.4:NA	73.0	NA	NA
Lana_XP_013384785.1	JmjC.HG7.4:NA	73.0	NA	NA
Blan_XP_066271363.1	JmjC.HG7.4:NA	73.0	NA	NA
Cscu_XP_023235213.1	JmjC.HG7.4:NA	73.0	NA	NA
Mlei_ML174756a-PA	JmjC.HG7.5:NA	66.0	NA	NA
Tadh_XP_002113751.1	JmjC.HG7.5:NA	66.0	NA	NA
Scil_XP_065178636.1	JmjC.HG7.5:NA	66.0	NA	NA
Lcom_lcpid47651|	JmjC.HG7.5:NA	66.0	NA	NA
Tadh_XP_002113384.1	JmjC.HG7.5:NA	66.0	NA	NA
Spur_XP_011675972.1	JmjC.HG7.5:NA	66.0	NA	NA
Tadh_XP_002113757.1	JmjC.HG7.5:NA	66.0	NA	NA
Tadh_XP_002113755.1	JmjC.HG7.5:NA	66.0	NA	NA
Spur_XP_030842974.1	JmjC.HG7.5:NA	66.0	NA	NA
Blan_XP_066296269.1	JmjC.HG7.5:NA	66.0	NA	NA
Cint_XP_026693767.1	JmjC.HG7.5:NA	66.0	NA	NA
Apla_XP_022109281.1	JmjC.HG7.5:NA	66.0	NA	NA
Apla_XP_022109282.1	JmjC.HG7.5:NA	66.0	NA	NA
Tadh_XP_002113752.1	JmjC.HG7.5:NA	66.0	NA	NA
Spur_XP_030843008.1	JmjC.HG7.5:NA	66.0	NA	NA
Tadh_XP_002113383.1	JmjC.HG7.5:NA	66.0	NA	NA
Tadh_XP_002113756.1	JmjC.HG7.5:NA	66.0	NA	NA
Cint_XP_026693768.1	JmjC.HG7.5:NA	66.0	NA	NA
Tadh_XP_002113754.1	JmjC.HG7.5:NA	66.0	NA	NA
Spur_XP_030842975.1	JmjC.HG7.5:NA	66.0	NA	NA
Cint_NP_001027828.1	JmjC.HG7.5:NA	66.0	NA	NA
Apla_XP_022109283.1	JmjC.HG7.5:NA	66.0	NA	NA
Spur_XP_030842973.1	JmjC.HG7.5:NA	66.0	NA	NA
Tadh_XP_002113744.1	JmjC.HG7.5:NA	66.0	NA	NA
Cint_XP_002130879.1	JmjC.HG7.6:NA	98.0	NA	NA
Cint_XP_026689370.1	JmjC.HG7.6:NA	98.0	NA	NA
Cint_XP_026690514.1	JmjC.HG7.6:NA	98.0	NA	NA
Cint_XP_026689371.1	JmjC.HG7.6:NA	98.0	NA	NA
Cint_XP_002120959.3	JmjC.HG7.6:NA	98.0	NA	NA
Cint_XP_009858137.2	JmjC.HG7.6:NA	98.0	NA	NA
Cint_XP_002129610.1	JmjC.HG7.6:NA	98.0	NA	NA
Cint_XP_026689484.1	JmjC.HG7.6:NA	98.0	NA	NA
Cint_XP_002126999.2	JmjC.HG7.6:NA	98.0	NA	NA
Lcom_lcpid66190|	JmjC.HG7.7:NA	76.0	NA	NA
Blan_XP_066263558.1	JmjC.HG7.7:NA	76.0	NA	NA
Scil_XP_065193061.1	JmjC.HG7.7:NA	76.0	NA	NA
Lcom_lcpid80234|	JmjC.HG7.7:NA	76.0	NA	NA
Scil_XP_065174434.1	JmjC.HG7.7:NA	76.0	NA	NA
Cint_XP_009861744.1	JmjC.HG7.7:NA	76.0	NA	NA
Blan_XP_066263557.1	JmjC.HG7.7:NA	76.0	NA	NA
Cint_XP_026694827.1	JmjC.HG7.7:NA	76.0	NA	NA
Blan_XP_066264898.1	JmjC.HG7.7:NA	76.0	NA	NA
Skow_XP_002737753.2	JmjC.HG7.7:NA	76.0	NA	NA
Blan_XP_066293684.1	JmjC.HG7.7:NA	76.0	NA	NA
Spur_XP_030843556.1	JmjC.HG7.8:NA	100.0	NA	NA
Cint_XP_004226487.1	JmjC.HG7.8:NA	100.0	NA	NA
Skow_XP_006820060.1	JmjC.HG7.8:NA	100.0	NA	NA
Blan_XP_066266785.1	JmjC.HG7.8:NA	100.0	NA	NA
Cint_XP_002127027.1	JmjC.HG7.8:NA	100.0	NA	NA
Cint_XP_002131368.1	JmjC.HG7.8:NA	100.0	NA	NA
Blan_XP_066266786.1	JmjC.HG7.8:NA	100.0	NA	NA
Blan_XP_066266784.1	JmjC.HG7.8:NA	100.0	NA	NA
Skow_XP_002737651.1	JmjC.HG7.8:NA	100.0	NA	NA
Blan_XP_066266783.1	JmjC.HG7.8:NA	100.0	NA	NA
Cint_XP_002131407.1	JmjC.HG7.8:NA	100.0	NA	NA
Cint_XP_002125632.1	JmjC.HG7.8:NA	100.0	NA	NA
Cint_XP_026694374.1	JmjC.HG7.8:NA	100.0	NA	NA
Scil_XP_065187999.1	JmjC.HG7.9:NA	61.0	NA	NA
Spur_XP_030830178.1	JmjC.HG7.9:NA	61.0	NA	NA
Lcom_lcpid45896|	JmjC.HG7.9:NA	61.0	NA	NA
Scil_XP_065185488.1	JmjC.HG7.9:NA	61.0	NA	NA
Scil_XP_065180379.1	JmjC.HG7.9:NA	61.0	NA	NA
Scil_XP_065180384.1	JmjC.HG7.9:NA	61.0	NA	NA
Lcom_lcpid63821|	JmjC.HG7.9:NA	61.0	NA	NA
Lcom_lcpid59663|	JmjC.HG7.9:NA	61.0	NA	NA
Lcom_lcpid6451|	JmjC.HG7.9:NA	61.0	NA	NA
Apla_XP_022079250.1	JmjC.HG7.9:NA	61.0	NA	NA
Blan_XP_066295392.1	JmjC.HG7.9:NA	61.0	NA	NA
Apla_XP_022079251.1	JmjC.HG7.9:NA	61.0	NA	NA
Skow_XP_006816164.1	JmjC.HG7.9:NA	61.0	NA	NA
Cint_XP_002123532.1	JmjC.HG7.9:NA	61.0	NA	NA
Skow_XP_002734508.1	JmjC.HG7.9:NA	61.0	NA	NA
Spur_XP_030830179.1	JmjC.HG7.9:NA	61.0	NA	NA
Skow_XP_006816156.1	JmjC.HG7.9:NA	61.0	NA	NA
Spur_XP_030830177.1	JmjC.HG7.9:NA	61.0	NA	NA
Ihof_Ihof_evm1s1305	JmjC.HG8.0:JMJ19	80.0	JMJ19	80.0
Bnap_XP_048609425.1	JmjC.HG8.0:JMJ19	80.0	JMJ19	99.0
Bnap_XP_013748275.2	JmjC.HG8.0:JMJ19	80.0	JMJ19	99.0
Bnap_XP_048608543.1	JmjC.HG8.0:JMJ19	80.0	JMJ19	99.0
Bnap_XP_013748274.2	JmjC.HG8.0:JMJ19	80.0	JMJ19	99.0
Bnap_XP_022574891.2	JmjC.HG8.0:JMJ19	80.0	JMJ19	99.0
Bnap_XP_048609426.1	JmjC.HG8.0:JMJ19	80.0	JMJ19	99.0
Atha_NP_181429.2	JmjC.HG8.0:JMJ19	80.0	JMJ19	100.0
Qlob_XP_030937071.1	JmjC.HG8.1:like:JMJ14/JMJ18/MEE27/PKDM7D	94.0	NA	NA
Rchi_XP_040364674.1	JmjC.HG8.1:like:JMJ14/JMJ18/MEE27/PKDM7D	94.0	NA	NA
Mesc_XP_043804601.1	JmjC.HG8.1:like:JMJ14/JMJ18/MEE27/PKDM7D	94.0	NA	NA
Qlob_XP_030937072.1	JmjC.HG8.1:like:JMJ14/JMJ18/MEE27/PKDM7D	94.0	NA	NA
Mesc_XP_043804602.1	JmjC.HG8.1:like:JMJ14/JMJ18/MEE27/PKDM7D	94.0	NA	NA
Mesc_XP_043804600.1	JmjC.HG8.1:like:JMJ14/JMJ18/MEE27/PKDM7D	94.0	NA	NA
Rchi_XP_024165146.1	JmjC.HG8.1:like:JMJ14/JMJ18/MEE27/PKDM7D	94.0	NA	NA
Rchi_XP_024165147.1	JmjC.HG8.1:like:JMJ14/JMJ18/MEE27/PKDM7D	94.0	NA	NA
Rchi_XP_040364677.1	JmjC.HG8.1:like:JMJ14/JMJ18/MEE27/PKDM7D	94.0	NA	NA
Rchi_XP_040364675.1	JmjC.HG8.1:like:JMJ14/JMJ18/MEE27/PKDM7D	94.0	NA	NA
Rchi_XP_040364676.1	JmjC.HG8.1:like:JMJ14/JMJ18/MEE27/PKDM7D	94.0	NA	NA
Mtru_XP_013449908.1	JmjC.HG8.1:like:JMJ14/JMJ18/MEE27/PKDM7D	94.0	NA	NA
Psat_XP_050910851.1	JmjC.HG8.1:like:JMJ14/JMJ18/MEE27/PKDM7D	94.0	NA	NA
Cofcan_CDP03753.1	JmjC.HG8.2:like:JMJ14/JMJ18/MEE27/PKDM7D	91.0	NA	NA
Sollyc_XP_069155102.1	JmjC.HG8.2:like:JMJ14/JMJ18/MEE27/PKDM7D	91.0	NA	NA
Sollyc_XP_010321829.1	JmjC.HG8.2:like:JMJ14/JMJ18/MEE27/PKDM7D	91.0	NA	NA
Sollyc_XP_004240500.1	JmjC.HG8.2:like:JMJ14/JMJ18/MEE27/PKDM7D	91.0	NA	NA
Sollyc_XP_025887190.1	JmjC.HG8.2:like:JMJ14/JMJ18/MEE27/PKDM7D	91.0	NA	NA
Sollyc_XP_010321827.1	JmjC.HG8.2:like:JMJ14/JMJ18/MEE27/PKDM7D	91.0	NA	NA
Sollyc_XP_010321828.1	JmjC.HG8.2:like:JMJ14/JMJ18/MEE27/PKDM7D	91.0	NA	NA
Cofcan_CDO99990.1	JmjC.HG8.3:PKDM7D	99.0	PKDM7D	99.0
Mesc_XP_021624295.2	JmjC.HG8.3:PKDM7D	99.0	PKDM7D	92.0
Lsat_XP_052624601.1	JmjC.HG8.3:PKDM7D	99.0	PKDM7D	99.0
Lsat_XP_023755416.1	JmjC.HG8.3:PKDM7D	99.0	PKDM7D	99.0
Lsat_XP_042755365.1	JmjC.HG8.3:PKDM7D	99.0	PKDM7D	99.0
Lsat_XP_042755367.1	JmjC.HG8.3:PKDM7D	99.0	PKDM7D	99.0
Lsat_XP_023769195.1	JmjC.HG8.3:PKDM7D	99.0	PKDM7D	99.0
Lsat_XP_052624600.1	JmjC.HG8.3:PKDM7D	99.0	PKDM7D	99.0
Sollyc_XP_004236784.1	JmjC.HG8.3:PKDM7D	99.0	PKDM7D	99.0
Sollyc_XP_025886387.1	JmjC.HG8.3:PKDM7D	99.0	PKDM7D	99.0
Sollyc_XP_010319278.1	JmjC.HG8.3:PKDM7D	99.0	PKDM7D	99.0
Sollyc_XP_069153074.1	JmjC.HG8.3:PKDM7D	99.0	PKDM7D	99.0
Lsat_XP_023767759.1	JmjC.HG8.3:PKDM7D	99.0	PKDM7D	99.0
Sollyc_XP_010319277.1	JmjC.HG8.3:PKDM7D	99.0	PKDM7D	99.0
Lsat_XP_023769194.1	JmjC.HG8.3:PKDM7D	99.0	PKDM7D	99.0
Lsat_XP_042755364.1	JmjC.HG8.3:PKDM7D	99.0	PKDM7D	99.0
Lsat_XP_042755366.1	JmjC.HG8.3:PKDM7D	99.0	PKDM7D	99.0
Lsat_XP_023767761.1	JmjC.HG8.3:PKDM7D	99.0	PKDM7D	99.0
Lsat_XP_023755418.1	JmjC.HG8.3:PKDM7D	99.0	PKDM7D	99.0
Lsat_XP_023755419.1	JmjC.HG8.3:PKDM7D	99.0	PKDM7D	99.0
Bnap_XP_048638023.1	JmjC.HG8.3:PKDM7D	99.0	PKDM7D	100.0
Bnap_XP_013657653.2	JmjC.HG8.3:PKDM7D	99.0	PKDM7D	100.0
Mtru_XP_039684802.1	JmjC.HG8.3:PKDM7D	99.0	PKDM7D	96.0
Bnap_XP_022559000.2	JmjC.HG8.3:PKDM7D	99.0	PKDM7D	100.0
Bnap_XP_013678706.1	JmjC.HG8.3:PKDM7D	99.0	PKDM7D	100.0
Mesc_XP_021621607.1	JmjC.HG8.3:PKDM7D	99.0	PKDM7D	92.0
Bnap_XP_013641066.2	JmjC.HG8.3:PKDM7D	99.0	PKDM7D	100.0
Bnap_XP_022559001.2	JmjC.HG8.3:PKDM7D	99.0	PKDM7D	100.0
Bnap_XP_013678708.1	JmjC.HG8.3:PKDM7D	99.0	PKDM7D	100.0
Qlob_XP_030959493.1	JmjC.HG8.3:PKDM7D	99.0	PKDM7D	96.0
Bnap_XP_013678707.1	JmjC.HG8.3:PKDM7D	99.0	PKDM7D	100.0
Bnap_XP_013711161.2	JmjC.HG8.3:PKDM7D	99.0	PKDM7D	100.0
Rchi_XP_024191002.1	JmjC.HG8.3:PKDM7D	99.0	PKDM7D	96.0
Bnap_XP_013657655.2	JmjC.HG8.3:PKDM7D	99.0	PKDM7D	100.0
Bnap_XP_013657656.2	JmjC.HG8.3:PKDM7D	99.0	PKDM7D	100.0
Mesc_XP_021621608.1	JmjC.HG8.3:PKDM7D	99.0	PKDM7D	92.0
Atha_NP_001184940.1	JmjC.HG8.3:PKDM7D	99.0	PKDM7D	100.0
Bnap_XP_013711163.2	JmjC.HG8.3:PKDM7D	99.0	PKDM7D	100.0
Bnap_XP_013657654.2	JmjC.HG8.3:PKDM7D	99.0	PKDM7D	100.0
Atha_NP_001318955.1	JmjC.HG8.3:PKDM7D	99.0	PKDM7D	100.0
Qlob_XP_030959491.1	JmjC.HG8.3:PKDM7D	99.0	PKDM7D	96.0
Bnap_XP_013678709.1	JmjC.HG8.3:PKDM7D	99.0	PKDM7D	100.0
Psat_XP_050893161.1	JmjC.HG8.3:PKDM7D	99.0	PKDM7D	96.0
Bnap_XP_022576313.2	JmjC.HG8.3:PKDM7D	99.0	PKDM7D	100.0
Bnap_XP_022565840.2	JmjC.HG8.3:PKDM7D	99.0	PKDM7D	100.0
Rchi_XP_024191000.1	JmjC.HG8.3:PKDM7D	99.0	PKDM7D	96.0
Bnap_XP_013711162.2	JmjC.HG8.3:PKDM7D	99.0	PKDM7D	100.0
Atha_NP_001320435.1	JmjC.HG8.3:PKDM7D	99.0	PKDM7D	1.0
Qlob_XP_030959492.1	JmjC.HG8.3:PKDM7D	99.0	PKDM7D	96.0
Atha_NP_172338.5	JmjC.HG8.3:PKDM7D	99.0	PKDM7D	1.0
Bnap_XP_013711160.2	JmjC.HG8.3:PKDM7D	99.0	PKDM7D	100.0
Bnap_XP_013641065.2	JmjC.HG8.3:PKDM7D	99.0	PKDM7D	100.0
Mtru_XP_013468886.1	JmjC.HG8.3:PKDM7D	99.0	PKDM7D	96.0
Rchi_XP_040372517.1	JmjC.HG8.3:PKDM7D	99.0	PKDM7D	96.0
Tura_XP_048552025.1	JmjC.HG8.4:like:JMJ14/JMJ18/MEE27	100.0	NA	NA
Zmay_XP_008648146.1	JmjC.HG8.4:like:JMJ14/JMJ18/MEE27	100.0	NA	NA
Osat_NP_001407176.1	JmjC.HG8.4:like:JMJ14/JMJ18/MEE27	100.0	NA	NA
Tura_XP_048552032.1	JmjC.HG8.4:like:JMJ14/JMJ18/MEE27	100.0	NA	NA
Tura_XP_048552036.1	JmjC.HG8.4:like:JMJ14/JMJ18/MEE27	100.0	NA	NA
Bdis_XP_003567797.1	JmjC.HG8.4:like:JMJ14/JMJ18/MEE27	100.0	NA	NA
Tura_XP_048552042.1	JmjC.HG8.4:like:JMJ14/JMJ18/MEE27	100.0	NA	NA
Tura_XP_048552047.1	JmjC.HG8.4:like:JMJ14/JMJ18/MEE27	100.0	NA	NA
Zmay_XP_035815644.1	JmjC.HG8.4:like:JMJ14/JMJ18/MEE27	100.0	NA	NA
Zmay_XP_035823329.1	JmjC.HG8.4:like:JMJ14/JMJ18/MEE27	100.0	NA	NA
Zmay_XP_020408303.1	JmjC.HG8.4:like:JMJ14/JMJ18/MEE27	100.0	NA	NA
Zmay_XP_020408302.1	JmjC.HG8.4:like:JMJ14/JMJ18/MEE27	100.0	NA	NA
Zmay_XP_035823328.1	JmjC.HG8.4:like:JMJ14/JMJ18/MEE27	100.0	NA	NA
Zmay_NP_001352824.1	JmjC.HG8.4:like:JMJ14/JMJ18/MEE27	100.0	NA	NA
Zmay_XP_035823331.1	JmjC.HG8.4:like:JMJ14/JMJ18/MEE27	100.0	NA	NA
Zmay_XP_035823332.1	JmjC.HG8.4:like:JMJ14/JMJ18/MEE27	100.0	NA	NA
Ecur_TVU27776.1	JmjC.HG8.4:like:JMJ14/JMJ18/MEE27	100.0	NA	NA
Zmay_XP_020408309.1	JmjC.HG8.4:like:JMJ14/JMJ18/MEE27	100.0	NA	NA
Zmay_XP_035815645.1	JmjC.HG8.4:like:JMJ14/JMJ18/MEE27	100.0	NA	NA
Zmay_XP_020408305.1	JmjC.HG8.4:like:JMJ14/JMJ18/MEE27	100.0	NA	NA
Zmay_XP_035823326.1	JmjC.HG8.4:like:JMJ14/JMJ18/MEE27	100.0	NA	NA
Zmay_XP_020408304.1	JmjC.HG8.4:like:JMJ14/JMJ18/MEE27	100.0	NA	NA
Zmay_XP_008648147.1	JmjC.HG8.4:like:JMJ14/JMJ18/MEE27	100.0	NA	NA
Zmay_XP_035823324.1	JmjC.HG8.4:like:JMJ14/JMJ18/MEE27	100.0	NA	NA
Zmay_XP_035823323.1	JmjC.HG8.4:like:JMJ14/JMJ18/MEE27	100.0	NA	NA
Zmay_XP_035823330.1	JmjC.HG8.4:like:JMJ14/JMJ18/MEE27	100.0	NA	NA
Zmay_XP_035823333.1	JmjC.HG8.4:like:JMJ14/JMJ18/MEE27	100.0	NA	NA
Ecur_TVU11697.1	JmjC.HG8.4:like:JMJ14/JMJ18/MEE27	100.0	NA	NA
Zmay_XP_020408308.1	JmjC.HG8.4:like:JMJ14/JMJ18/MEE27	100.0	NA	NA
Ecur_TVU27786.1	JmjC.HG8.4:like:JMJ14/JMJ18/MEE27	100.0	NA	NA
Zmay_XP_020408307.1	JmjC.HG8.4:like:JMJ14/JMJ18/MEE27	100.0	NA	NA
Zmay_XP_020408306.1	JmjC.HG8.4:like:JMJ14/JMJ18/MEE27	100.0	NA	NA
Zmay_XP_035823327.1	JmjC.HG8.4:like:JMJ14/JMJ18/MEE27	100.0	NA	NA
Atri_XP_006857306.3	JmjC.HG8.5:like:JMJ14/JMJ18/MEE27	1.0	NA	NA
Atri_XP_020531027.1	JmjC.HG8.6:like:JMJ14/JMJ18/MEE27	1.0	NA	NA
Crei_XP_042925985.1	JmjC.HG8.7:JMJ14/JMJ18/MEE27	70.0	JMJ14/JMJ18/MEE27	70.0/70.0/70.0
Bnap_XP_048595954.1	JmjC.HG8.7:JMJ14/JMJ18/MEE27	70.0	JMJ14	100.0
Smoe_XP_024529682.1	JmjC.HG8.7:JMJ14/JMJ18/MEE27	70.0	JMJ14/JMJ18/MEE27	70.0/70.0/70.0
Ppat_XP_024398634.1	JmjC.HG8.7:JMJ14/JMJ18/MEE27	70.0	JMJ14/JMJ18/MEE27	70.0/70.0/70.0
Smoe_XP_024533629.1	JmjC.HG8.7:JMJ14/JMJ18/MEE27	70.0	JMJ14/JMJ18/MEE27	70.0/70.0/70.0
Smoe_XP_024517662.1	JmjC.HG8.7:JMJ14/JMJ18/MEE27	70.0	JMJ14/JMJ18/MEE27	70.0/70.0/70.0
Otau_XP_022840936.1	JmjC.HG8.7:JMJ14/JMJ18/MEE27	70.0	JMJ14/JMJ18/MEE27	70.0/70.0/70.0
Ppur_KAA8491227.1	JmjC.HG8.7:JMJ14/JMJ18/MEE27	70.0	JMJ14/JMJ18/MEE27	70.0/70.0/70.0
Smoe_XP_024520257.1	JmjC.HG8.7:JMJ14/JMJ18/MEE27	70.0	JMJ14/JMJ18/MEE27	70.0/70.0/70.0
Cbra_GBG80268.1	JmjC.HG8.7:JMJ14/JMJ18/MEE27	70.0	JMJ14/JMJ18/MEE27	70.0/70.0/70.0
Otau_XP_003081453.1	JmjC.HG8.7:JMJ14/JMJ18/MEE27	70.0	JMJ14/JMJ18/MEE27	70.0/70.0/70.0
Smoe_XP_024520256.1	JmjC.HG8.7:JMJ14/JMJ18/MEE27	70.0	JMJ14/JMJ18/MEE27	70.0/70.0/70.0
Ppat_XP_024398635.1	JmjC.HG8.7:JMJ14/JMJ18/MEE27	70.0	JMJ14/JMJ18/MEE27	70.0/70.0/70.0
Crei_XP_042915512.1	JmjC.HG8.7:JMJ14/JMJ18/MEE27	70.0	JMJ14/JMJ18/MEE27	70.0/70.0/70.0
Otau_XP_022838532.1	JmjC.HG8.7:JMJ14/JMJ18/MEE27	70.0	JMJ14/JMJ18/MEE27	70.0/70.0/70.0
Smoe_XP_024529683.1	JmjC.HG8.7:JMJ14/JMJ18/MEE27	70.0	JMJ14/JMJ18/MEE27	70.0/70.0/70.0
Mpol_BFI39336.1	JmjC.HG8.7:JMJ14/JMJ18/MEE27	70.0	JMJ14/JMJ18/MEE27	70.0/70.0/70.0
Atri_XP_020518635.1	JmjC.HG8.7:JMJ14/JMJ18/MEE27	70.0	JMJ14/JMJ18/MEE27	99.0/99.0/99.0
Atha_NP_181034.1	JmjC.HG8.7:JMJ14/JMJ18/MEE27	70.0	MEE27	100.0
Mtru_XP_013463743.1	JmjC.HG8.7:JMJ14/JMJ18/MEE27	70.0	JMJ14/JMJ18/MEE27	97.0/97.0/97.0
Sollyc_XP_019067793.1	JmjC.HG8.7:JMJ14/JMJ18/MEE27	70.0	JMJ14/JMJ18/MEE27	100.0/100.0/100.0
Tura_XP_048573704.1	JmjC.HG8.7:JMJ14/JMJ18/MEE27	70.0	JMJ14/JMJ18/MEE27	100.0/100.0/100.0
Bnap_XP_048601500.1	JmjC.HG8.7:JMJ14/JMJ18/MEE27	70.0	JMJ14	100.0
Bnap_XP_013708451.2	JmjC.HG8.7:JMJ14/JMJ18/MEE27	70.0	NA	NA
Bnap_XP_013707022.1	JmjC.HG8.7:JMJ14/JMJ18/MEE27	70.0	JMJ18	77.0
Psat_XP_050872270.1	JmjC.HG8.7:JMJ14/JMJ18/MEE27	70.0	JMJ14/JMJ18/MEE27	97.0/97.0/97.0
Mtru_XP_024633149.1	JmjC.HG8.7:JMJ14/JMJ18/MEE27	70.0	JMJ14/JMJ18/MEE27	97.0/97.0/97.0
Sollyc_XP_004233887.1	JmjC.HG8.7:JMJ14/JMJ18/MEE27	70.0	JMJ14/JMJ18/MEE27	100.0/100.0/100.0
Psat_XP_050872199.1	JmjC.HG8.7:JMJ14/JMJ18/MEE27	70.0	JMJ14/JMJ18/MEE27	97.0/97.0/97.0
Rchi_XP_024157096.1	JmjC.HG8.7:JMJ14/JMJ18/MEE27	70.0	JMJ14/JMJ18/MEE27	97.0/97.0/97.0
Mtru_XP_039686469.1	JmjC.HG8.7:JMJ14/JMJ18/MEE27	70.0	JMJ14/JMJ18/MEE27	97.0/97.0/97.0
Sollyc_XP_025885111.1	JmjC.HG8.7:JMJ14/JMJ18/MEE27	70.0	JMJ14/JMJ18/MEE27	100.0/100.0/100.0
Qlob_XP_030970035.1	JmjC.HG8.7:JMJ14/JMJ18/MEE27	70.0	JMJ14/JMJ18/MEE27	97.0/97.0/97.0
Bnap_XP_013707021.1	JmjC.HG8.7:JMJ14/JMJ18/MEE27	70.0	JMJ18	77.0
Mtru_XP_039684451.1	JmjC.HG8.7:JMJ14/JMJ18/MEE27	70.0	JMJ14/JMJ18/MEE27	97.0/97.0/97.0
Bnap_XP_013644587.2	JmjC.HG8.7:JMJ14/JMJ18/MEE27	70.0	JMJ18	77.0
Atha_NP_193773.2	JmjC.HG8.7:JMJ14/JMJ18/MEE27	70.0	JMJ14	100.0
Bdis_XP_010231556.1	JmjC.HG8.7:JMJ14/JMJ18/MEE27	70.0	JMJ14/JMJ18/MEE27	100.0/100.0/100.0
Bnap_XP_013708453.2	JmjC.HG8.7:JMJ14/JMJ18/MEE27	70.0	NA	NA
Bnap_XP_048601501.1	JmjC.HG8.7:JMJ14/JMJ18/MEE27	70.0	JMJ14	100.0
Atri_XP_020518636.1	JmjC.HG8.7:JMJ14/JMJ18/MEE27	70.0	JMJ14/JMJ18/MEE27	99.0/99.0/99.0
Bnap_XP_048634430.1	JmjC.HG8.7:JMJ14/JMJ18/MEE27	70.0	MEE27	100.0
Atha_NP_174367.6	JmjC.HG8.7:JMJ14/JMJ18/MEE27	70.0	JMJ18	1.0
Bdis_XP_010235273.1	JmjC.HG8.7:JMJ14/JMJ18/MEE27	70.0	JMJ14/JMJ18/MEE27	100.0/100.0/100.0
Bnap_XP_048594566.1	JmjC.HG8.7:JMJ14/JMJ18/MEE27	70.0	NA	NA
Zmay_XP_020395100.1	JmjC.HG8.7:JMJ14/JMJ18/MEE27	70.0	JMJ14/JMJ18/MEE27	100.0/100.0/100.0
Atha_NP_001031681.1	JmjC.HG8.7:JMJ14/JMJ18/MEE27	70.0	JMJ14	100.0
Bnap_XP_013708452.2	JmjC.HG8.7:JMJ14/JMJ18/MEE27	70.0	NA	NA
Qlob_XP_030970034.1	JmjC.HG8.7:JMJ14/JMJ18/MEE27	70.0	JMJ14/JMJ18/MEE27	97.0/97.0/97.0
Bdis_XP_010235272.1	JmjC.HG8.7:JMJ14/JMJ18/MEE27	70.0	JMJ14/JMJ18/MEE27	100.0/100.0/100.0
Mesc_XP_021608858.1	JmjC.HG8.7:JMJ14/JMJ18/MEE27	70.0	JMJ14/JMJ18/MEE27	97.0/97.0/97.0
Rchi_XP_024157095.1	JmjC.HG8.7:JMJ14/JMJ18/MEE27	70.0	JMJ14/JMJ18/MEE27	97.0/97.0/97.0
Mesc_XP_021608859.1	JmjC.HG8.7:JMJ14/JMJ18/MEE27	70.0	JMJ14/JMJ18/MEE27	97.0/97.0/97.0
Bnap_XP_048594567.1	JmjC.HG8.7:JMJ14/JMJ18/MEE27	70.0	NA	NA
Bnap_XP_048595944.1	JmjC.HG8.7:JMJ14/JMJ18/MEE27	70.0	JMJ14	100.0
Tura_XP_048573710.1	JmjC.HG8.7:JMJ14/JMJ18/MEE27	70.0	JMJ14/JMJ18/MEE27	100.0/100.0/100.0
Atri_XP_020518634.1	JmjC.HG8.7:JMJ14/JMJ18/MEE27	70.0	JMJ14/JMJ18/MEE27	99.0/99.0/99.0
Atha_NP_001185118.1	JmjC.HG8.7:JMJ14/JMJ18/MEE27	70.0	JMJ18	100.0
Bnap_XP_048612028.1	JmjC.HG8.7:JMJ14/JMJ18/MEE27	70.0	MEE27	100.0
Atha_NP_001319118.1	JmjC.HG8.7:JMJ14/JMJ18/MEE27	70.0	JMJ18	100.0
Bnap_XP_013655887.2	JmjC.HG8.7:JMJ14/JMJ18/MEE27	70.0	JMJ14	100.0
Atri_XP_011620827.2	JmjC.HG8.7:JMJ14/JMJ18/MEE27	70.0	JMJ14/JMJ18/MEE27	99.0/99.0/99.0
Bnap_XP_022546667.2	JmjC.HG8.7:JMJ14/JMJ18/MEE27	70.0	JMJ18	77.0
Bdis_XP_014756923.1	JmjC.HG8.7:JMJ14/JMJ18/MEE27	70.0	JMJ14/JMJ18/MEE27	100.0/100.0/100.0
Mtru_XP_024628887.2	JmjC.HG8.7:JMJ14/JMJ18/MEE27	70.0	JMJ14/JMJ18/MEE27	97.0/97.0/97.0
Bnap_XP_048595947.1	JmjC.HG8.7:JMJ14/JMJ18/MEE27	70.0	JMJ14	100.0
Bnap_XP_013655886.2	JmjC.HG8.7:JMJ14/JMJ18/MEE27	70.0	JMJ14	100.0
Bnap_XP_013746150.2	JmjC.HG8.7:JMJ14/JMJ18/MEE27	70.0	MEE27	100.0
Zmay_NP_001132887.1	JmjC.HG8.7:JMJ14/JMJ18/MEE27	70.0	JMJ14/JMJ18/MEE27	100.0/100.0/100.0
Osat_XP_015640426.2	JmjC.HG8.7:JMJ14/JMJ18/MEE27	70.0	JMJ14/JMJ18/MEE27	100.0/100.0/100.0
Sollyc_XP_019067792.1	JmjC.HG8.7:JMJ14/JMJ18/MEE27	70.0	JMJ14/JMJ18/MEE27	100.0/100.0/100.0
Sollyc_XP_069149644.1	JmjC.HG8.7:JMJ14/JMJ18/MEE27	70.0	JMJ14/JMJ18/MEE27	100.0/100.0/100.0
Bnap_XP_048634460.1	JmjC.HG8.7:JMJ14/JMJ18/MEE27	70.0	MEE27	100.0
Lsat_XP_023732819.1	JmjC.HG8.7:JMJ14/JMJ18/MEE27	70.0	JMJ14/JMJ18/MEE27	100.0/100.0/100.0
Mesc_XP_021597375.1	JmjC.HG8.7:JMJ14/JMJ18/MEE27	70.0	JMJ14/JMJ18/MEE27	97.0/97.0/97.0
Bnap_XP_022559014.1	JmjC.HG8.7:JMJ14/JMJ18/MEE27	70.0	JMJ18	77.0
Psat_XP_050894964.1	JmjC.HG8.7:JMJ14/JMJ18/MEE27	70.0	JMJ14/JMJ18/MEE27	97.0/97.0/97.0
Ecur_TVU18636.1	JmjC.HG8.7:JMJ14/JMJ18/MEE27	70.0	JMJ14/JMJ18/MEE27	100.0/100.0/100.0
Bnap_XP_022559013.1	JmjC.HG8.7:JMJ14/JMJ18/MEE27	70.0	JMJ18	77.0
Lsat_XP_023745545.1	JmjC.HG8.8:like:JMJ14/JMJ18/MEE27/PKDM7D	1.0	NA	NA
Mhap_MhA1_Contig349.frz3.gene23	JmjC.HG9.0:like:RIOX1/RIOX2	81.0	NA	NA
Hcon_XGW05178.1	JmjC.HG9.0:like:RIOX1/RIOX2	81.0	NA	NA
Ddip_jg19742	JmjC.HG9.0:like:RIOX1/RIOX2	81.0	NA	NA
Gpal_Gpal_D383_g02035.t1	JmjC.HG9.0:like:RIOX1/RIOX2	81.0	NA	NA
Mhap_MhA1_Contig309.frz3.gene26	JmjC.HG9.0:like:RIOX1/RIOX2	81.0	NA	NA
Psp.PS1159_PS1159_v2.g12663.t1	JmjC.HG9.0:like:RIOX1/RIOX2	81.0	NA	NA
Mhap_MhA1_Contig933.frz3.gene11	JmjC.HG9.0:like:RIOX1/RIOX2	81.0	NA	NA
Srat_XP_024507977.1	JmjC.HG9.0:like:RIOX1/RIOX2	81.0	NA	NA
Ddip_jg19747	JmjC.HG9.0:like:RIOX1/RIOX2	81.0	NA	NA
Bxyl_CAG9124665.1	JmjC.HG9.0:like:RIOX1/RIOX2	81.0	NA	NA
Mhap_MhA1_Contig349.frz3.gene29	JmjC.HG9.0:like:RIOX1/RIOX2	81.0	NA	NA
Dimm_MCP9259765.1	JmjC.HG9.0:like:RIOX1/RIOX2	81.0	NA	NA
Angcan_KAE9418770.1	JmjC.HG9.0:like:RIOX1/RIOX2	81.0	NA	NA
Otip_Oti_6068_t	JmjC.HG9.0:like:RIOX1/RIOX2	81.0	NA	NA
Wban_VDM09846.1	JmjC.HG9.0:like:RIOX1/RIOX2	81.0	NA	NA
Asuu_AgR071_g003_t05	JmjC.HG9.0:like:RIOX1/RIOX2	81.0	NA	NA
Lcom_lcpid248837|	JmjC.HG9.0:like:RIOX1/RIOX2	81.0	NA	NA
Bmal_XP_042937138.1	JmjC.HG9.0:like:RIOX1/RIOX2	81.0	NA	NA
Hcon_XGW05180.1	JmjC.HG9.0:like:RIOX1/RIOX2	81.0	NA	NA
Scar_TKR70129.1	JmjC.HG9.0:like:RIOX1/RIOX2	81.0	NA	NA
Eela_EEL_0000405201-mRNA-1	JmjC.HG9.0:like:RIOX1/RIOX2	81.0	NA	NA
Hcon_XGW05179.1	JmjC.HG9.0:like:RIOX1/RIOX2	81.0	NA	NA
Diplco_DCO_004192	JmjC.HG9.0:like:RIOX1/RIOX2	81.0	NA	NA
Asuu_AgR071_g003_t03	JmjC.HG9.0:like:RIOX1/RIOX2	81.0	NA	NA
Acey_EYC28349.1	JmjC.HG9.0:like:RIOX1/RIOX2	81.0	NA	NA
Acey_EYC28348.1	JmjC.HG9.0:like:RIOX1/RIOX2	81.0	NA	NA
Mjap_MIJAPON000007136.t1	JmjC.HG9.0:like:RIOX1/RIOX2	81.0	NA	NA
Ovol_OVOC6383	JmjC.HG9.0:like:RIOX1/RIOX2	81.0	NA	NA
Cele_NP_001021644.1	JmjC.HG9.0:like:RIOX1/RIOX2	81.0	NA	NA
Diplco_DCO_004191	JmjC.HG9.0:like:RIOX1/RIOX2	81.0	NA	NA
Priarc_PARCANUS000003172.t1	JmjC.HG9.0:like:RIOX1/RIOX2	81.0	NA	NA
Lloa_XP_003136006.1	JmjC.HG9.0:like:RIOX1/RIOX2	81.0	NA	NA
Acey_EYC28347.1	JmjC.HG9.0:like:RIOX1/RIOX2	81.0	NA	NA
Avit_KAL3984786.1	JmjC.HG9.0:like:RIOX1/RIOX2	81.0	NA	NA
Lsig_VDK85470.1	JmjC.HG9.0:like:RIOX1/RIOX2	81.0	NA	NA
Acey_EYC28346.1	JmjC.HG9.0:like:RIOX1/RIOX2	81.0	NA	NA
Asuu_AgR071_g003_t04	JmjC.HG9.0:like:RIOX1/RIOX2	81.0	NA	NA
Asuu_AgR071_g003_t06	JmjC.HG9.0:like:RIOX1/RIOX2	81.0	NA	NA
Mbel_CAJ0961064.1	JmjC.HG9.0:like:RIOX1/RIOX2	81.0	NA	NA
Clim_Clim_evm77s236	JmjC.HG9.1:RIOX1/RIOX2	91.0	RIOX1/RIOX2	91.0/91.0
Emue_Em0001g369a	JmjC.HG9.1:RIOX1/RIOX2	91.0	RIOX2	92.0
Cowc_XP_004344362.2	JmjC.HG9.1:RIOX1/RIOX2	91.0	RIOX1/RIOX2	91.0/91.0
Ihof_Ihof_evm4s94	JmjC.HG9.1:RIOX1/RIOX2	91.0	RIOX2	100.0
Mpol_BFI30867.1	JmjC.HG9.1:RIOX1/RIOX2	91.0	RIOX2	82.0
Hsap_XP_047305042.1	JmjC.HG9.1:RIOX1/RIOX2	91.0	RIOX2	100.0
Drer_NP_001082857.1	JmjC.HG9.1:RIOX1/RIOX2	91.0	RIOX1	100.0
Xtro_XP_004912141.2	JmjC.HG9.1:RIOX1/RIOX2	91.0	RIOX2	95.0
Drer_XP_068079840.1	JmjC.HG9.1:RIOX1/RIOX2	91.0	RIOX2	100.0
Aplcal_XP_012939129.1	JmjC.HG9.1:RIOX1/RIOX2	91.0	RIOX1	86.0
Ggal_NP_001384062.1	JmjC.HG9.1:RIOX1/RIOX2	91.0	RIOX2	91.0
Hsap_NP_001035998.1	JmjC.HG9.1:RIOX1/RIOX2	91.0	RIOX2	1.0
Rcul_nRc.2.0.1.t06925-RA	JmjC.HG9.1:RIOX1/RIOX2	91.0	RIOX1	83.0
Mbre_XP_001747855.1	JmjC.HG9.1:RIOX1/RIOX2	91.0	RIOX2	77.0
Drer_XP_068079839.1	JmjC.HG9.1:RIOX1/RIOX2	91.0	RIOX2	100.0
Blan_XP_066279326.1	JmjC.HG9.1:RIOX1/RIOX2	91.0	RIOX1	86.0
Crei_XP_042923235.1	JmjC.HG9.1:RIOX1/RIOX2	91.0	RIOX2	100.0
Hsap_XP_047305041.1	JmjC.HG9.1:RIOX1/RIOX2	91.0	RIOX2	1.0
Cscu_XP_023227777.1	JmjC.HG9.1:RIOX1/RIOX2	91.0	RIOX1	59.0
Cint_XP_026694220.1	JmjC.HG9.1:RIOX1/RIOX2	91.0	RIOX1	68.0
Obim_XP_014788737.1	JmjC.HG9.1:RIOX1/RIOX2	91.0	RIOX1	86.0
Ggal_XP_046796055.1	JmjC.HG9.1:RIOX1/RIOX2	91.0	RIOX2	91.0
Pgem_Unigene3440_Pirum_gemmata|m.2377	JmjC.HG9.1:RIOX1/RIOX2	91.0	NA	NA
Hsap_NP_001248758.1	JmjC.HG9.1:RIOX1/RIOX2	91.0	RIOX2	1.0
Btab_XP_018913484.1	JmjC.HG9.1:RIOX1/RIOX2	91.0	RIOX1	83.0
Hsap_XP_005247895.1	JmjC.HG9.1:RIOX1/RIOX2	91.0	RIOX2	1.0
Cscu_XP_023239506.1	JmjC.HG9.1:RIOX1/RIOX2	91.0	RIOX2	97.0
Ggal_XP_046796049.1	JmjC.HG9.1:RIOX1/RIOX2	91.0	RIOX2	91.0
Mbre_XP_001745976.1	JmjC.HG9.1:RIOX1/RIOX2	91.0	NA	NA
Hrob_XP_009029903.1	JmjC.HG9.1:RIOX1/RIOX2	91.0	RIOX1	86.0
Avag_UJR36973.1	JmjC.HG9.1:RIOX1/RIOX2	91.0	RIOX1	83.0
Smar_SMAR009020-PA	JmjC.HG9.1:RIOX1/RIOX2	91.0	RIOX1	86.0
Scil_XP_065177543.1	JmjC.HG9.1:RIOX1/RIOX2	91.0	RIOX2	99.0
Sros_XP_004989793.1	JmjC.HG9.1:RIOX1/RIOX2	91.0	RIOX2	77.0
Hsap_XP_047305043.1	JmjC.HG9.1:RIOX1/RIOX2	91.0	RIOX2	100.0
Apimel_XP_395039.6	JmjC.HG9.1:RIOX1/RIOX2	91.0	RIOX1	83.0
Ggal_XP_046796040.1	JmjC.HG9.1:RIOX1/RIOX2	91.0	RIOX2	91.0
Ggal_XP_046796045.1	JmjC.HG9.1:RIOX1/RIOX2	91.0	RIOX2	91.0
Ggal_NP_001073191.2	JmjC.HG9.1:RIOX1/RIOX2	91.0	RIOX2	91.0
Ggal_NP_001026367.1	JmjC.HG9.1:RIOX1/RIOX2	91.0	RIOX1	100.0
Skow_XP_002733946.1	JmjC.HG9.1:RIOX1/RIOX2	91.0	RIOX2	97.0
Drer_NP_956631.1	JmjC.HG9.1:RIOX1/RIOX2	91.0	RIOX2	100.0
Emue_Em0019g1181a	JmjC.HG9.1:RIOX1/RIOX2	91.0	RIOX1	59.0
Awhi_Unigene15489_Abeoforma_whisleri|m.9691	JmjC.HG9.1:RIOX1/RIOX2	91.0	NA	NA
Drer_XP_068079837.1	JmjC.HG9.1:RIOX1/RIOX2	91.0	RIOX2	100.0
Ppur_KAA8496881.1	JmjC.HG9.1:RIOX1/RIOX2	91.0	RIOX2	66.0
Skow_XP_006811601.1	JmjC.HG9.1:RIOX1/RIOX2	91.0	RIOX1	86.0
Otau_XP_022839274.1	JmjC.HG9.1:RIOX1/RIOX2	91.0	RIOX2	66.0
Spur_XP_030854275.1	JmjC.HG9.1:RIOX1/RIOX2	91.0	RIOX1	86.0
Dmel_NP_572160.1	JmjC.HG9.1:RIOX1/RIOX2	91.0	RIOX1	83.0
Bmor_XP_037875340.1	JmjC.HG9.1:RIOX1/RIOX2	91.0	RIOX1	83.0
Drer_XP_021334790.1	JmjC.HG9.1:RIOX1/RIOX2	91.0	RIOX2	100.0
Pvan_XP_027237416.2	JmjC.HG9.1:RIOX1/RIOX2	91.0	RIOX1	83.0
Xtro_XP_002933117.2	JmjC.HG9.1:RIOX1/RIOX2	91.0	RIOX2	95.0
Hsap_NP_116167.3	JmjC.HG9.1:RIOX1/RIOX2	91.0	RIOX2	1.0
Mlei_ML12529a-PA	JmjC.HG9.1:RIOX1/RIOX2	91.0	NA	NA
Xtro_XP_002933911.1	JmjC.HG9.1:RIOX1/RIOX2	91.0	RIOX1	100.0
Apimel_XP_016772682.2	JmjC.HG9.1:RIOX1/RIOX2	91.0	RIOX1	83.0
Emue_Em0001g373a	JmjC.HG9.1:RIOX1/RIOX2	91.0	RIOX2	92.0
Lpol_XP_022235071.1	JmjC.HG9.1:RIOX1/RIOX2	91.0	RIOX1	86.0
Lpol_XP_013791333.1	JmjC.HG9.1:RIOX1/RIOX2	91.0	RIOX1	86.0
Ccri_XP_005715504.1	JmjC.HG9.1:RIOX1/RIOX2	91.0	RIOX2	66.0
Ihof_Ihof_evm2s801	JmjC.HG9.1:RIOX1/RIOX2	91.0	NA	NA
Xtro_XP_004912139.2	JmjC.HG9.1:RIOX1/RIOX2	91.0	RIOX2	95.0
Ppat_XP_024364834.1	JmjC.HG9.1:RIOX1/RIOX2	91.0	RIOX2	82.0
Lcom_lcpid64997|	JmjC.HG9.1:RIOX1/RIOX2	91.0	RIOX1	86.0
Cvir_XP_022332243.1	JmjC.HG9.1:RIOX1/RIOX2	91.0	RIOX1	86.0
Drer_XP_068079838.1	JmjC.HG9.1:RIOX1/RIOX2	91.0	RIOX2	100.0
Cfra_CFRG2505T1	JmjC.HG9.1:RIOX1/RIOX2	91.0	NA	NA
Cint_XP_002119787.2	JmjC.HG9.1:RIOX1/RIOX2	91.0	RIOX1	68.0
Sros_XP_004988938.1	JmjC.HG9.1:RIOX1/RIOX2	91.0	NA	NA
Ggal_NP_001384063.1	JmjC.HG9.1:RIOX1/RIOX2	91.0	RIOX2	91.0
Ofus_CAH1792356.1	JmjC.HG9.1:RIOX1/RIOX2	91.0	RIOX1	86.0
Sarc_XP_014156320.1	JmjC.HG9.1:RIOX1/RIOX2	91.0	NA	NA
Apla_XP_022096693.1	JmjC.HG9.1:RIOX1/RIOX2	91.0	RIOX1	86.0
Tadh_XP_002115372.1	JmjC.HG9.1:RIOX1/RIOX2	91.0	RIOX1	86.0
Emue_Em0001g382a	JmjC.HG9.1:RIOX1/RIOX2	91.0	RIOX2	92.0
Lana_XP_013379273.1	JmjC.HG9.1:RIOX1/RIOX2	91.0	RIOX1	86.0
Hsap_NP_078920.2	JmjC.HG9.1:RIOX1/RIOX2	91.0	RIOX1	100.0
Lcom_lcpid21369|	JmjC.HG9.1:RIOX1/RIOX2	91.0	RIOX2	99.0
Spur_XP_030854274.1	JmjC.HG9.1:RIOX1/RIOX2	91.0	RIOX1	86.0
Dmel_NP_726923.1	JmjC.HG9.1:RIOX1/RIOX2	91.0	RIOX1	83.0
Drer_XP_021334791.1	JmjC.HG9.1:RIOX1/RIOX2	91.0	RIOX2	100.0
Cint_XP_026694221.1	JmjC.HG9.1:RIOX1/RIOX2	91.0	RIOX1	68.0
Spur_XP_030850653.1	JmjC.HG9.1:RIOX1/RIOX2	91.0	RIOX2	98.0
Cint_XP_002131324.1	JmjC.HG9.1:RIOX1/RIOX2	91.0	RIOX2	98.0
Spur_XP_011679283.2	JmjC.HG9.1:RIOX1/RIOX2	91.0	RIOX2	98.0
Apla_XP_022094820.1	JmjC.HG9.1:RIOX1/RIOX2	91.0	RIOX2	98.0
Scil_XP_065184624.1	JmjC.HG9.1:RIOX1/RIOX2	91.0	RIOX1	86.0
Blan_XP_066287399.1	JmjC.HG9.1:RIOX1/RIOX2	91.0	RIOX2	98.0
Xtro_XP_004912140.2	JmjC.HG9.1:RIOX1/RIOX2	91.0	RIOX2	95.0
Cper_Nk52_evm86s1737	JmjC.HG9.1:RIOX1/RIOX2	91.0	NA	NA
Aque_XP_019864286.1	JmjC.HG9.1:RIOX1/RIOX2	91.0	RIOX1	59.0
Hsap_NP_694822.2	JmjC.HG9.1:RIOX1/RIOX2	91.0	RIOX2	87.0
Twil_T_wilhelma_c28842_g1_i2|m.26788	JmjC.HG9.1:RIOX1/RIOX2	91.0	RIOX1	59.0
Agrpla_XP_018330230.1	JmjC.HG9.1:RIOX1/RIOX2	91.0	RIOX1	83.0
Blan_XP_066287392.1	JmjC.HG9.1:RIOX1/RIOX2	91.0	RIOX2	98.0
Mbre_XP_001750724.1	JmjC.HG9.2:like:RIOX1/RIOX2	100.0	NA	NA
Mbre_XP_001748073.1	JmjC.HG9.2:like:RIOX1/RIOX2	100.0	NA	NA
Mbre_XP_001746247.1	JmjC.HG9.2:like:RIOX1/RIOX2	100.0	NA	NA
Mbre_XP_001744974.1	JmjC.HG9.2:like:RIOX1/RIOX2	100.0	NA	NA
Mbre_XP_001743203.1	JmjC.HG9.2:like:RIOX1/RIOX2	100.0	NA	NA
Sros_XP_004991597.1	JmjC.HG9.3:like:RIOX1/RIOX2	1.0	NA	NA
Mbre_XP_001744548.1	JmjC.HG9.4:like:RIOX1/RIOX2	1.0	NA	NA
Cowc_XP_004348815.2	JmjC.HG9.5:like:RIOX1/RIOX2	59.0	NA	NA
Ccri_XP_005711737.1	JmjC.HG9.5:like:RIOX1/RIOX2	59.0	NA	NA
Otau_XP_003081096.2	JmjC.HG9.5:like:RIOX1/RIOX2	59.0	NA	NA
Ppur_KAA8494784.1	JmjC.HG9.5:like:RIOX1/RIOX2	59.0	NA	NA
Ppur_KAA8499731.1	JmjC.HG9.6:like:RIOX1/RIOX2	55.0	NA	NA
Psat_XP_050921050.1	JmjC.HG9.6:like:RIOX1/RIOX2	55.0	NA	NA
Atri_XP_006845741.2	JmjC.HG9.6:like:RIOX1/RIOX2	55.0	NA	NA
Smoe_XP_024525058.1	JmjC.HG9.6:like:RIOX1/RIOX2	55.0	NA	NA
Smoe_XP_024525059.1	JmjC.HG9.6:like:RIOX1/RIOX2	55.0	NA	NA
Cofcan_CDP03013.1	JmjC.HG9.6:like:RIOX1/RIOX2	55.0	NA	NA
Zmay_XP_008663684.1	JmjC.HG9.6:like:RIOX1/RIOX2	55.0	NA	NA
Ppat_XP_024385085.1	JmjC.HG9.6:like:RIOX1/RIOX2	55.0	NA	NA
Bdis_XP_014751463.1	JmjC.HG9.6:like:RIOX1/RIOX2	55.0	NA	NA
Tura_XP_048559596.1	JmjC.HG9.6:like:RIOX1/RIOX2	55.0	NA	NA
Mpol_BFI34703.1	JmjC.HG9.6:like:RIOX1/RIOX2	55.0	NA	NA
Osat_XP_015635321.1	JmjC.HG9.6:like:RIOX1/RIOX2	55.0	NA	NA
Mtru_XP_003610003.2	JmjC.HG9.6:like:RIOX1/RIOX2	55.0	NA	NA
Rchi_XP_024197642.1	JmjC.HG9.6:like:RIOX1/RIOX2	55.0	NA	NA
Mpol_BFI34702.1	JmjC.HG9.6:like:RIOX1/RIOX2	55.0	NA	NA
Smoe_XP_024528517.1	JmjC.HG9.6:like:RIOX1/RIOX2	55.0	NA	NA
Lsat_XP_023765494.1	JmjC.HG9.6:like:RIOX1/RIOX2	55.0	NA	NA
Qlob_XP_030943891.1	JmjC.HG9.6:like:RIOX1/RIOX2	55.0	NA	NA
Mesc_XP_021592633.1	JmjC.HG9.6:like:RIOX1/RIOX2	55.0	NA	NA
Sros_XP_004997454.1	JmjC.HG9.7:like:RIOX1/RIOX2	62.0	NA	NA
Cowc_XP_004364494.1	JmjC.HG9.7:like:RIOX1/RIOX2	62.0	NA	NA
Cowc_XP_004345274.1	JmjC.HG9.7:like:RIOX1/RIOX2	62.0	NA	NA
Mbre_XP_001748545.1	JmjC.HG9.8:like:RIOX1/RIOX2	99.0	NA	NA
Mbre_XP_001748696.1	JmjC.HG9.8:like:RIOX1/RIOX2	99.0	NA	NA
Mbre_XP_001742264.1	JmjC.HG9.8:like:RIOX1/RIOX2	99.0	NA	NA
Mbre_XP_001746322.1	JmjC.HG9.9:like:RIOX1/RIOX2	74.0	NA	NA
Sros_XP_004988454.1	JmjC.HG9.9:like:RIOX1/RIOX2	74.0	NA	NA
Mbre_XP_001749417.1	JmjC.HG9.9:like:RIOX1/RIOX2	74.0	NA	NA
Mbre_XP_001747552.1	JmjC.HG9.9:like:RIOX1/RIOX2	74.0	NA	NA
Mbre_XP_001748673.1	JmjC.HG9.9:like:RIOX1/RIOX2	74.0	NA	NA
Mbre_XP_001750743.1	JmjC.HG9.9:like:RIOX1/RIOX2	74.0	NA	NA
Mbre_XP_001747551.1	JmjC.HG9.9:like:RIOX1/RIOX2	74.0	NA	NA
Mbre_XP_001748997.1	JmjC.HG9.9:like:RIOX1/RIOX2	74.0	NA	NA
Mbre_XP_001746890.1	JmjC.HG9.9:like:RIOX1/RIOX2	74.0	NA	NA
Sros_XP_004987474.1	JmjC.HG9.9:like:RIOX1/RIOX2	74.0	NA	NA
Sros_XP_004996522.1	JmjC.HG9.9:like:RIOX1/RIOX2	74.0	NA	NA
Sros_XP_004993908.1	JmjC.HG9.9:like:RIOX1/RIOX2	74.0	NA	NA
Sros_XP_004996619.1	JmjC.HG9.9:like:RIOX1/RIOX2	74.0	NA	NA
Sros_XP_004991706.1	JmjC.HG9.9:like:RIOX1/RIOX2	74.0	NA	NA
Sros_XP_004998173.1	JmjC.HG9.9:like:RIOX1/RIOX2	74.0	NA	NA
Sros_XP_004989788.1	JmjC.HG9.9:like:RIOX1/RIOX2	74.0	NA	NA
Sros_XP_004989789.1	JmjC.HG9.9:like:RIOX1/RIOX2	74.0	NA	NA
Sros_XP_004998205.1	JmjC.HG9.9:like:RIOX1/RIOX2	74.0	NA	NA
Sros_XP_004988532.1	JmjC.HG9.9:like:RIOX1/RIOX2	74.0	NA	NA
Sros_XP_004989786.1	JmjC.HG9.9:like:RIOX1/RIOX2	74.0	NA	NA
Lcom_lcpid201774|	JmjC.HG9.9:like:RIOX1/RIOX2	74.0	NA	NA
Cowc_XP_004348829.1	JmjC.HG9.10:like:RIOX1/RIOX2	1.0	NA	NA
Mbre_XP_001751194.1	JmjC.HG9.11:like:RIOX1/RIOX2	1.0	NA	NA
