in_gene	out_gene	branch_support	ev_type	sos
Clim_Clim_evm84s25	Lsat_XP_023742173.1	88.0	S	0.0
Clim_Clim_evm84s25	Qlob_XP_030953153.1	88.0	S	0.0
Clim_Clim_evm84s25	Zmay_XP_035823399.1	88.0	S	0.0
Clim_Clim_evm84s25	Lloa_XP_003140884.1	88.0	S	0.0
Clim_Clim_evm84s25	Rvar_GAU90323.1	88.0	S	0.0
Clim_Clim_evm84s25	Hduj_OQV19329.1	88.0	S	0.0
Clim_Clim_evm84s25	Mesc_XP_043805952.1	88.0	S	0.0
Clim_Clim_evm84s25	Atha_NP_001030733.1	88.0	S	0.0
Clim_Clim_evm84s25	Acey_EYB86026.1	88.0	S	0.0
Clim_Clim_evm84s25	Ggal_XP_004945335.2	88.0	S	0.0
Clim_Clim_evm84s25	Hcon_XGW18521.1	88.0	S	0.0
Clim_Clim_evm84s25	Rchi_XP_024159049.1	88.0	S	0.0
Clim_Clim_evm84s25	Hsap_XP_047290610.1	88.0	S	0.0
Clim_Clim_evm84s25	Mbre_XP_001742895.1	88.0	S	0.0
Clim_Clim_evm84s25	Drer_XP_068072685.1	88.0	S	0.0
Clim_Clim_evm84s25	Hsap_XP_047290612.1	88.0	S	0.0
Clim_Clim_evm84s25	Mesc_XP_043805953.1	88.0	S	0.0
Clim_Clim_evm84s25	Atha_NP_566667.1	88.0	S	0.0
Clim_Clim_evm84s25	Ecur_TVU05222.1	88.0	S	0.0
Clim_Clim_evm84s25	Atha_NP_850617.1	88.0	S	0.0
Clim_Clim_evm84s25	Rchi_XP_024159048.1	88.0	S	0.0
Clim_Clim_evm84s25	Ppat_XP_024376209.1	88.0	S	0.0
Clim_Clim_evm84s25	Trimur_TMUE_3000012690	88.0	S	0.0
Clim_Clim_evm84s25	Pigchi_Pchi_g4251	88.0	S	0.0
Clim_Clim_evm84s25	Ofus_CAH1779520.1	88.0	S	0.0
Clim_Clim_evm84s25	Tsui_KHJ45102.1	88.0	S	0.0
Clim_Clim_evm84s25	Lcom_lcpid51678|	88.0	S	0.0
Clim_Clim_evm84s25	Hpol_VDP19018.1	88.0	S	0.0
Clim_Clim_evm84s25	Osat_XP_015648710.1	88.0	S	0.0
Clim_Clim_evm84s25	Ovol_OVOC3662	88.0	S	0.0
Clim_Clim_evm84s25	Cele_NP_505831.1	88.0	S	0.0
Clim_Clim_evm84s25	Lcom_lcpid67550|	88.0	S	0.0
Clim_Clim_evm84s25	Bnap_XP_048630334.1	88.0	S	0.0
Clim_Clim_evm84s25	Plae_KAI0985441.1	88.0	S	0.0
Clim_Clim_evm84s25	Mjap_MIJAPON000006756.t1	88.0	S	0.0
Clim_Clim_evm84s25	Bxyl_CAG9128521.1	88.0	S	0.0
Clim_Clim_evm84s25	Hsap_XP_016879165.1	88.0	S	0.0
Clim_Clim_evm84s25	Emue_Em0011g644a	88.0	S	0.0
Clim_Clim_evm84s25	Hcon_XGW18520.1	88.0	S	0.0
Clim_Clim_evm84s25	Sman_XP_018654420.1	88.0	S	0.0
Clim_Clim_evm84s25	Bnap_XP_048605489.1	88.0	S	0.0
Clim_Clim_evm84s25	Otau_XP_022839388.1	88.0	S	0.0
Clim_Clim_evm84s25	Sollyc_NP_001306150.1	88.0	S	0.0
Clim_Clim_evm84s25	Tnel_KRX20256.1	88.0	S	0.0
Clim_Clim_evm84s25	Tbri_KRY47478.1	88.0	S	0.0
Clim_Clim_evm84s25	Awhi_Unigene29846_Abeoforma_whisleri|m.18337	88.0	S	0.0
Clim_Clim_evm84s25	Xtro_NP_001121525.1	88.0	S	0.0
Clim_Clim_evm84s25	Asuu_AgB01_g822_t01	88.0	S	0.0
Clim_Clim_evm84s25	Ppat_XP_024376210.1	88.0	S	0.0
Clim_Clim_evm84s25	Lsig_VDK83118.1	88.0	S	0.0
Clim_Clim_evm84s25	Bmor_XP_021207491.2	88.0	S	0.0
Clim_Clim_evm84s25	Ecur_TVU10016.1	88.0	S	0.0
Clim_Clim_evm84s25	Plae_KAI0984298.1	88.0	S	0.0
Clim_Clim_evm84s25	Sollyc_XP_069152187.1	88.0	S	0.0
Clim_Clim_evm84s25	Tnat_KRZ50470.1	88.0	S	0.0
Clim_Clim_evm84s25	Eela_EEL_0000590401-mRNA-1	88.0	S	0.0
Clim_Clim_evm84s25	Atha_NP_001327067.1	88.0	S	0.0
Clim_Clim_evm84s25	Mpol_BFI24177.1	88.0	S	0.0
Clim_Clim_evm84s25	Sros_XP_004991404.1	88.0	S	0.0
Clim_Clim_evm84s25	Tadh_XP_002109881.1	88.0	S	0.0
Clim_Clim_evm84s25	Apla_XP_022085202.1	88.0	S	0.0
Clim_Clim_evm84s25	Bdis_XP_014758878.1	88.0	S	0.0
Clim_Clim_evm84s25	Zmay_XP_008665874.1	88.0	S	0.0
Clim_Clim_evm84s25	Atha_NP_001327066.1	88.0	S	0.0
Clim_Clim_evm84s25	Bmal_XP_001897040.1	88.0	S	0.0
Clim_Clim_evm84s25	Zmay_XP_035823398.1	88.0	S	0.0
Clim_Clim_evm84s25	Smar_SMAR008599-PA	88.0	S	0.0
Clim_Clim_evm84s25	Hsap_NP_001138820.1	88.0	S	0.0
Clim_Clim_evm84s25	Tspi_XP_003368987.1	88.0	S	0.0
Clim_Clim_evm84s25	Lpol_XP_013774279.1	88.0	S	0.0
Clim_Clim_evm84s25	Mbel_CAJ0964053.1	88.0	S	0.0
Clim_Clim_evm84s25	Avag_UJR16219.1	88.0	S	0.0
Clim_Clim_evm84s25	Plae_KAI0984297.1	88.0	S	0.0
Clim_Clim_evm84s25	Spur_XP_030839602.1	88.0	S	0.0
Clim_Clim_evm84s25	Cvir_XP_022338439.1	88.0	S	0.0
Clim_Clim_evm84s25	Ppur_KAA8493682.1	88.0	S	0.0
Clim_Clim_evm84s25	Mesc_XP_043813758.1	88.0	S	0.0
Clim_Clim_evm84s25	Rchi_XP_040375662.1	88.0	S	0.0
Clim_Clim_evm84s25	Ggal_XP_414883.4	88.0	S	0.0
Clim_Clim_evm84s25	Crei_XP_042919519.1	88.0	S	0.0
Clim_Clim_evm84s25	Cbra_GBG93401.1	88.0	S	0.0
Clim_Clim_evm84s25	Hrob_XP_009019477.1	88.0	S	0.0
Clim_Clim_evm84s25	Cper_Nk52_evm66s2367	88.0	S	0.0
Clim_Clim_evm84s25	Qlob_XP_030958989.1	88.0	S	0.0
Clim_Clim_evm84s25	Ddip_jg26521	88.0	S	0.0
Clim_Clim_evm84s25	Tura_XP_048530838.1	88.0	S	0.0
Clim_Clim_evm84s25	Psat_XP_050893429.1	88.0	S	0.0
Clim_Clim_evm84s25	Cper_Nk52_evm2s495	88.0	S	0.0
Clim_Clim_evm84s25	Pvan_XP_069991586.1	88.0	S	0.0
Clim_Clim_evm84s25	Otau_XP_003074529.2	88.0	S	0.0
Clim_Clim_evm84s25	Pigvie_Pvie_g14601	88.0	S	0.0
Clim_Clim_evm84s25	Twil_T_wilhelma_c33435_g2_i2|m.55195	88.0	S	0.0
Clim_Clim_evm84s25	Tura_XP_048543124.1	88.0	S	0.0
Clim_Clim_evm84s25	Qlob_XP_030958998.1	88.0	S	0.0
Clim_Clim_evm84s25	Scil_XP_065185214.1	88.0	S	0.0
Clim_Clim_evm84s25	Tnel_KRX20255.1	88.0	S	0.0
Clim_Clim_evm84s25	Angcan_KAE9418089.1	88.0	S	0.0
Clim_Clim_evm84s25	Priarc_PARCANUS000014441.t1	88.0	S	0.0
Clim_Clim_evm84s25	Mesc_XP_021616705.1	88.0	S	0.0
Clim_Clim_evm84s25	Aque_XP_019853293.1	88.0	S	0.0
Clim_Clim_evm84s25	Atri_XP_020526473.1	88.0	S	0.0
Clim_Clim_evm84s25	Dmel_NP_612063.2	88.0	S	0.0
Clim_Clim_evm84s25	Drer_NP_001103339.2	88.0	S	0.0
Clim_Clim_evm84s25	Pgem_Unigene12170_Pirum_gemmata|m.7832	88.0	S	0.0
Clim_Clim_evm84s25	Asuu_AgB01_g822_t03	88.0	S	0.0
Clim_Clim_evm84s25	Qlob_XP_030958993.1	88.0	S	0.0
Clim_Clim_evm84s25	Ever_VDD93866.1	88.0	S	0.0
Clim_Clim_evm84s25	Apimel_XP_026296209.1	88.0	S	0.0
Clim_Clim_evm84s25	Ppat_XP_024399957.1	88.0	S	0.0
Clim_Clim_evm84s25	Cper_Nk52_evm32s628	88.0	S	0.0
Clim_Clim_evm84s25	Sbat_VDO98087.1	88.0	S	0.0
Clim_Clim_evm84s25	Bnap_XP_013697929.1	88.0	S	0.0
Clim_Clim_evm84s25	Hrob_XP_009019479.1	88.0	S	0.0
Clim_Clim_evm84s25	Asuu_AgB01_g822_t02	88.0	S	0.0
Clim_Clim_evm84s25	Hsap_NP_079049.2	88.0	S	0.0
Clim_Clim_evm84s25	Hsap_XP_047290614.1	88.0	S	0.0
Clim_Clim_evm84s25	Cfra_CFRG8355T1	88.0	S	0.0
Clim_Clim_evm84s25	Sros_XP_004994314.1	88.0	S	0.0
Clim_Clim_evm84s25	Lpol_XP_022241370.1	88.0	S	0.0
Clim_Clim_evm84s25	Zmay_XP_008667465.1	88.0	S	0.0
Clim_Clim_evm84s25	Obim_XP_014780508.1	88.0	S	0.0
Clim_Clim_evm84s25	Cscu_XP_023216044.1	88.0	S	0.0
Clim_Clim_evm84s25	Cfra_CFRG5311T1	88.0	S	0.0
Clim_Clim_evm84s25	Lpol_XP_022241371.1	88.0	S	0.0
Clim_Clim_evm84s25	Wban_VDM22157.1	88.0	S	0.0
Clim_Clim_evm84s25	Mesc_XP_021616706.1	88.0	S	0.0
Clim_Clim_evm84s25	Awhi_Unigene40667_Abeoforma_whisleri|m.26009	88.0	S	0.0
Clim_Clim_evm84s25	Mesc_XP_043813756.1	88.0	S	0.0
Clim_Clim_evm84s25	Gpal_Gpal_D383_g00500.t1	88.0	S	0.0
Clim_Clim_evm84s25	Rcul_nRc.2.0.1.t13431-RA	88.0	S	0.0
Clim_Clim_evm84s25	Rchi_XP_024158191.1	88.0	S	0.0
Clim_Clim_evm84s25	Cofcan_CDP14099.1	88.0	S	0.0
Clim_Clim_evm84s25	Aplcal_XP_005102629.2	88.0	S	0.0
Clim_Clim_evm84s25	Osat_XP_015648712.1	88.0	S	0.0
Clim_Clim_evm84s25	Qlob_XP_030953162.1	88.0	S	0.0
Clim_Clim_evm84s25	Mesc_XP_043813755.1	88.0	S	0.0
Clim_Clim_evm84s25	Bnap_XP_013749294.2	88.0	S	0.0
Clim_Clim_evm84s25	Cint_XP_026690226.1	88.0	S	0.0
Clim_Clim_evm84s25	Diplco_DCO_001490	88.0	S	0.0
Clim_Clim_evm84s25	Bnap_XP_013749295.1	88.0	S	0.0
Clim_Clim_evm84s25	Osat_XP_015648711.1	88.0	S	0.0
Clim_Clim_evm84s25	Skow_XP_006813260.1	88.0	S	0.0
Clim_Clim_evm84s25	Osat_XP_015610619.1	88.0	S	0.0
Clim_Clim_evm84s25	Avit_KAL3989456.1	88.0	S	0.0
Clim_Clim_evm84s25	Ggal_XP_025010992.2	88.0	S	0.0
Clim_Clim_evm84s25	Zmay_XP_008665873.1	88.0	S	0.0
Clim_Clim_evm84s25	Lpol_XP_022241372.1	88.0	S	0.0
Clim_Clim_evm84s25	Tura_XP_048542530.1	88.0	S	0.0
Clim_Clim_evm84s25	Zmay_XP_023157516.1	88.0	S	0.0
Clim_Clim_evm84s25	Ddip_jg26533	88.0	S	0.0
Clim_Clim_evm84s25	Trimur_TMUE_0000000640	88.0	S	0.0
Clim_Clim_evm84s25	Zmay_XP_008651381.1	88.0	S	0.0
Clim_Clim_evm84s25	Dmel_NP_001261225.1	88.0	S	0.0
Clim_Clim_evm84s25	Lcom_lcpid115304|	88.0	S	0.0
Clim_Clim_evm84s25	Pgem_Unigene22502_Pirum_gemmata|m.14473	88.0	S	0.0
Clim_Clim_evm84s25	Lana_XP_013411836.1	88.0	S	0.0
Clim_Clim_evm84s25	Hsap_XP_047290613.1	88.0	S	0.0
Clim_Clim_evm84s25	Dimm_MCP9257372.1	88.0	S	0.0
Clim_Clim_evm84s25	Zmay_NP_001140556.1	88.0	S	0.0
Clim_Clim_evm84s25	Sarc_XP_014151949.1	88.0	S	0.0
Clim_Clim_evm84s25	Srat_XP_024508351.1	88.0	S	0.0
Clim_Clim_evm84s25	Otip_Oti_326_t	88.0	S	0.0
Clim_Clim_evm84s25	Dpul_XP_046461813.1	88.0	S	0.0
Clim_Clim_evm84s25	Rchi_XP_040375663.1	88.0	S	0.0
Clim_Clim_evm84s25	Bnap_XP_048630333.1	88.0	S	0.0
Clim_Clim_evm84s25	Blan_XP_066295512.1	88.0	S	0.0
Clim_Clim_evm84s25	Smoe_XP_024531781.1	88.0	S	0.0
Clim_Clim_evm84s25	Sypmur_SMUV_0000527301-mRNA-1	88.0	S	0.0
Clim_Clim_evm84s25	Cfra_CFRG3953T1	88.0	S	0.0
Clim_Clim_evm84s25	Ecur_TVU01081.1	88.0	S	0.0
Clim_Clim_evm84s25	Tura_XP_048530839.1	88.0	S	0.0
Clim_Clim_evm84s25	Asuu_AgB01_g822_t05	88.0	S	0.0
Clim_Clim_evm84s25	Pvan_XP_069991585.1	88.0	S	0.0
Clim_Clim_evm84s25	Smoe_XP_024539595.1	88.0	S	0.0
Clim_Clim_evm84s25	Apimel_XP_026296208.1	88.0	S	0.0
Clim_Clim_evm84s25	Echgra_XP_024348645.1	88.0	S	0.0
Clim_Clim_evm84s25	Bnap_XP_013697930.1	88.0	S	0.0
Clim_Clim_evm84s25	Agrpla_XP_018331764.2	88.0	S	0.0
Clim_Clim_evm84s25	Mhap_MhA1_Contig1994.frz3.gene4	88.0	S	0.0
Clim_Clim_evm84s25	Tspi_XP_003380167.1	88.0	S	0.0
Clim_Clim_evm84s25	Otau_XP_022838309.1	88.0	S	0.0
Clim_Clim_evm84s25	Asuu_AgB01_g822_t04	88.0	S	0.0
Clim_Clim_evm84s25	Sarc_XP_014149975.1	88.0	S	0.0
Clim_Clim_evm84s25	Sarc_XP_014159214.1	88.0	S	0.0
Clim_Clim_evm84s25	Mtru_XP_013456231.1	88.0	S	0.0
Clim_Clim_evm84s25	Bdis_XP_003572365.1	88.0	S	0.0
Clim_Clim_evm84s25	Rchi_XP_024159047.1	88.0	S	0.0
Clim_Clim_evm84s25	Diplco_DCO_001492	88.0	S	0.0
Clim_Clim_evm84s25	Qlob_XP_030959004.1	88.0	S	0.0
Clim_Clim_evm84s25	Scar_TKR80642.1	88.0	S	0.0
Clim_Clim_evm84s25	Apla_XP_022085203.1	88.0	S	0.0
Clim_Clim_evm84s25	Mesc_XP_043813759.1	88.0	S	0.0
Clim_Clim_evm84s25	Pgem_Unigene20972_Pirum_gemmata|m.13675	88.0	S	0.0
Clim_Clim_evm84s25	Hsap_XP_047290611.1	88.0	S	0.0
Clim_Clim_evm84s25	Ttri_CDW53161.1	88.0	S	0.0
Clim_Clim_evm84s25	Qlob_XP_030959010.1	88.0	S	0.0
Clim_Clim_evm8s223	Lcom_lcpid202534|	97.0	S	0.0
Otau_XP_003080466.1	Lcom_lcpid202534|	97.0	S	0.0
Blan_XP_066302682.1	Lcom_lcpid202534|	97.0	S	0.0
Blan_XP_066302683.1	Lcom_lcpid202534|	97.0	S	0.0
Clim_Clim_evm8s223	Scil_XP_065197388.1	97.0	S	0.0
Otau_XP_003080466.1	Scil_XP_065197388.1	97.0	S	0.0
Blan_XP_066302682.1	Scil_XP_065197388.1	97.0	S	0.0
Blan_XP_066302683.1	Scil_XP_065197388.1	97.0	S	0.0
Clim_Clim_evm8s223	Lcom_lcpid42417|	97.0	S	0.0
Otau_XP_003080466.1	Lcom_lcpid42417|	97.0	S	0.0
Blan_XP_066302682.1	Lcom_lcpid42417|	97.0	S	0.0
Blan_XP_066302683.1	Lcom_lcpid42417|	97.0	S	0.0
Clim_Clim_evm8s223	Lcom_lcpid206315|	97.0	S	0.0
Otau_XP_003080466.1	Lcom_lcpid206315|	97.0	S	0.0
Blan_XP_066302682.1	Lcom_lcpid206315|	97.0	S	0.0
Blan_XP_066302683.1	Lcom_lcpid206315|	97.0	S	0.0
Clim_Clim_evm8s223	Cper_Nk52_evm1s1223	97.0	S	0.0
Otau_XP_003080466.1	Cper_Nk52_evm1s1223	97.0	S	0.0
Blan_XP_066302682.1	Cper_Nk52_evm1s1223	97.0	S	0.0
Blan_XP_066302683.1	Cper_Nk52_evm1s1223	97.0	S	0.0
Clim_Clim_evm8s223	Lcom_lcpid153413|	97.0	S	0.0
Otau_XP_003080466.1	Lcom_lcpid153413|	97.0	S	0.0
Blan_XP_066302682.1	Lcom_lcpid153413|	97.0	S	0.0
Blan_XP_066302683.1	Lcom_lcpid153413|	97.0	S	0.0
Clim_Clim_evm8s223	Lcom_lcpid115342|	97.0	S	0.0
Otau_XP_003080466.1	Lcom_lcpid115342|	97.0	S	0.0
Blan_XP_066302682.1	Lcom_lcpid115342|	97.0	S	0.0
Blan_XP_066302683.1	Lcom_lcpid115342|	97.0	S	0.0
Clim_Clim_evm8s223	Spur_XP_030851366.1	97.0	S	0.0
Otau_XP_003080466.1	Spur_XP_030851366.1	97.0	S	0.0
Blan_XP_066302682.1	Spur_XP_030851366.1	97.0	S	0.0
Blan_XP_066302683.1	Spur_XP_030851366.1	97.0	S	0.0
Clim_Clim_evm8s223	Ofus_CAH1798454.1	97.0	S	0.0
Otau_XP_003080466.1	Ofus_CAH1798454.1	97.0	S	0.0
Blan_XP_066302682.1	Ofus_CAH1798454.1	97.0	S	0.0
Blan_XP_066302683.1	Ofus_CAH1798454.1	97.0	S	0.0
Clim_Clim_evm8s223	Lcom_lcpid181318|	97.0	S	0.0
Otau_XP_003080466.1	Lcom_lcpid181318|	97.0	S	0.0
Blan_XP_066302682.1	Lcom_lcpid181318|	97.0	S	0.0
Blan_XP_066302683.1	Lcom_lcpid181318|	97.0	S	0.0
Clim_Clim_evm8s223	Spur_XP_030851360.1	97.0	S	0.0
Otau_XP_003080466.1	Spur_XP_030851360.1	97.0	S	0.0
Blan_XP_066302682.1	Spur_XP_030851360.1	97.0	S	0.0
Blan_XP_066302683.1	Spur_XP_030851360.1	97.0	S	0.0
Clim_Clim_evm8s223	Tadh_XP_002116950.1	97.0	S	0.0
Otau_XP_003080466.1	Tadh_XP_002116950.1	97.0	S	0.0
Blan_XP_066302682.1	Tadh_XP_002116950.1	97.0	S	0.0
Blan_XP_066302683.1	Tadh_XP_002116950.1	97.0	S	0.0
Clim_Clim_evm8s223	Cper_Nk52_evm10s545	97.0	S	0.0
Otau_XP_003080466.1	Cper_Nk52_evm10s545	97.0	S	0.0
Blan_XP_066302682.1	Cper_Nk52_evm10s545	97.0	S	0.0
Blan_XP_066302683.1	Cper_Nk52_evm10s545	97.0	S	0.0
Clim_Clim_evm8s223	Apla_XP_022104467.1	97.0	S	0.0
Otau_XP_003080466.1	Apla_XP_022104467.1	97.0	S	0.0
Blan_XP_066302682.1	Apla_XP_022104467.1	97.0	S	0.0
Blan_XP_066302683.1	Apla_XP_022104467.1	97.0	S	0.0
Clim_Clim_evm8s223	Apla_XP_022104468.1	97.0	S	0.0
Otau_XP_003080466.1	Apla_XP_022104468.1	97.0	S	0.0
Blan_XP_066302682.1	Apla_XP_022104468.1	97.0	S	0.0
Blan_XP_066302683.1	Apla_XP_022104468.1	97.0	S	0.0
Clim_Clim_evm8s223	Blan_XP_066302682.1	99.0	S	0.0
Otau_XP_003080466.1	Blan_XP_066302682.1	99.0	S	0.0
Clim_Clim_evm8s223	Blan_XP_066302683.1	99.0	S	0.0
Otau_XP_003080466.1	Blan_XP_066302683.1	99.0	S	0.0
Otau_XP_022838759.1	Lsat_XP_023734930.1	99.0	S	0.0
Otau_XP_022838759.1	Qlob_XP_030973177.1	99.0	S	0.0
Otau_XP_022838759.1	Smoe_XP_024527656.1	99.0	S	0.0
Otau_XP_022838759.1	Ecur_TVU34924.1	99.0	S	0.0
Otau_XP_022838759.1	Bnap_XP_048608056.1	99.0	S	0.0
Otau_XP_022838759.1	Tura_XP_048564742.1	99.0	S	0.0
Otau_XP_022838759.1	Osat_XP_015618184.1	99.0	S	0.0
Otau_XP_022838759.1	Ppat_XP_024366925.1	99.0	S	0.0
Otau_XP_022838759.1	Smoe_XP_024527652.1	99.0	S	0.0
Otau_XP_022838759.1	Smoe_XP_024520821.1	99.0	S	0.0
Otau_XP_022838759.1	Smoe_XP_024520670.1	99.0	S	0.0
Otau_XP_022838759.1	Mesc_XP_021612650.1	99.0	S	0.0
Otau_XP_022838759.1	Atri_XP_020520101.1	99.0	S	0.0
Otau_XP_022838759.1	Smoe_XP_024527657.1	99.0	S	0.0
Otau_XP_022838759.1	Sollyc_XP_025888583.1	99.0	S	0.0
Otau_XP_022838759.1	Cofcan_CDP03676.1	99.0	S	0.0
Otau_XP_022838759.1	Smoe_XP_024532000.1	99.0	S	0.0
Otau_XP_022838759.1	Smoe_XP_024527933.1	99.0	S	0.0
Otau_XP_022838759.1	Smoe_XP_024527928.1	99.0	S	0.0
Otau_XP_022838759.1	Bnap_XP_013682006.3	99.0	S	0.0
Otau_XP_022838759.1	Osat_XP_015618176.1	99.0	S	0.0
Otau_XP_022838759.1	Psat_XP_050887295.1	99.0	S	0.0
Otau_XP_022838759.1	Smoe_XP_024527654.1	99.0	S	0.0
Otau_XP_022838759.1	Sollyc_XP_004247201.1	99.0	S	0.0
Otau_XP_022838759.1	Qlob_XP_030947629.1	99.0	S	0.0
Otau_XP_022838759.1	Smoe_XP_024520874.1	99.0	S	0.0
Otau_XP_022838759.1	Bdis_XP_003569931.2	99.0	S	0.0
Otau_XP_022838759.1	Qlob_XP_030947628.1	99.0	S	0.0
Otau_XP_022838759.1	Rchi_XP_024164996.1	99.0	S	0.0
Otau_XP_022838759.1	Atha_NP_001318604.1	99.0	S	0.0
Otau_XP_022838759.1	Atha_NP_001190341.1	99.0	S	0.0
Otau_XP_022838759.1	Smoe_XP_024527658.1	99.0	S	0.0
Otau_XP_022838759.1	Bnap_XP_013730750.2	99.0	S	0.0
Otau_XP_022838759.1	Mpol_BFI40533.1	99.0	S	0.0
Otau_XP_022838759.1	Mesc_XP_043812339.1	99.0	S	0.0
Otau_XP_022838759.1	Bnap_XP_048608055.1	99.0	S	0.0
Otau_XP_022838759.1	Smoe_XP_024527934.1	99.0	S	0.0
Otau_XP_022838759.1	Osat_XP_015618169.1	99.0	S	0.0
Otau_XP_022838759.1	Atri_XP_020520100.1	99.0	S	0.0
Otau_XP_022838759.1	Smoe_XP_024527935.1	99.0	S	0.0
Otau_XP_022838759.1	Crei_XP_042921493.1	99.0	S	0.0
Otau_XP_022838759.1	Smoe_XP_024527653.1	99.0	S	0.0
Otau_XP_022838759.1	Osat_XP_025877206.1	99.0	S	0.0
Otau_XP_022838759.1	Ecur_TVU34937.1	99.0	S	0.0
Otau_XP_022838759.1	Bdis_XP_010232410.2	99.0	S	0.0
Otau_XP_022838759.1	Smoe_XP_024520770.1	99.0	S	0.0
Otau_XP_022838759.1	Rchi_XP_040364728.1	99.0	S	0.0
Otau_XP_022838759.1	Mtru_XP_003590573.1	99.0	S	0.0
Otau_XP_022838759.1	Smoe_XP_024527929.1	99.0	S	0.0
Otau_XP_022838759.1	Smoe_XP_024520721.1	99.0	S	0.0
Otau_XP_022838759.1	Smoe_XP_024527655.1	99.0	S	0.0
Otau_XP_022838759.1	Zmay_NP_001360982.1	99.0	S	0.0
Otau_XP_022838759.1	Lsat_XP_023734931.1	99.0	S	0.0
Otau_XP_022838759.1	Smoe_XP_024527931.1	99.0	S	0.0
Otau_XP_022838759.1	Bdis_XP_024313966.1	99.0	S	0.0
Otau_XP_022838759.1	Cofcan_CDP19768.1	99.0	S	0.0
Otau_XP_022838759.1	Smoe_XP_024527932.1	99.0	S	0.0
Otau_XP_022838759.1	Smoe_XP_024527930.1	99.0	S	0.0
Otau_XP_003074529.2	Sarc_XP_014149975.1	92.0	S	0.0
Otau_XP_003074529.2	Pgem_Unigene22502_Pirum_gemmata|m.14473	92.0	S	0.0
Otau_XP_003074529.2	Cfra_CFRG5311T1	92.0	S	0.0
Ppur_KAA8493682.1	Cper_Nk52_evm32s628	88.0	S	0.0
Sros_XP_004994314.1	Cper_Nk52_evm32s628	88.0	S	0.0
Ppur_KAA8493682.1	Otau_XP_022839388.1	88.0	S	0.0
Sros_XP_004994314.1	Otau_XP_022839388.1	88.0	S	0.0
Ppur_KAA8493682.1	Cfra_CFRG3953T1	88.0	S	0.0
Sros_XP_004994314.1	Cfra_CFRG3953T1	88.0	S	0.0
Ppur_KAA8493682.1	Pgem_Unigene12170_Pirum_gemmata|m.7832	88.0	S	0.0
Sros_XP_004994314.1	Pgem_Unigene12170_Pirum_gemmata|m.7832	88.0	S	0.0
Ppur_KAA8493682.1	Sarc_XP_014159214.1	88.0	S	0.0
Sros_XP_004994314.1	Sarc_XP_014159214.1	88.0	S	0.0
Ppur_KAA8493682.1	Awhi_Unigene40667_Abeoforma_whisleri|m.26009	88.0	S	0.0
Sros_XP_004994314.1	Awhi_Unigene40667_Abeoforma_whisleri|m.26009	88.0	S	0.0
Cper_Nk52_evm2s495	Osat_XP_015610619.1	94.0	S	0.0
Mbre_XP_001742895.1	Osat_XP_015610619.1	94.0	S	0.0
Cper_Nk52_evm2s495	Atri_XP_020526473.1	94.0	S	0.0
Mbre_XP_001742895.1	Atri_XP_020526473.1	94.0	S	0.0
Cper_Nk52_evm2s495	Zmay_XP_008665873.1	94.0	S	0.0
Mbre_XP_001742895.1	Zmay_XP_008665873.1	94.0	S	0.0
Cper_Nk52_evm2s495	Lsat_XP_023742173.1	94.0	S	0.0
Mbre_XP_001742895.1	Lsat_XP_023742173.1	94.0	S	0.0
Cper_Nk52_evm2s495	Tura_XP_048542530.1	94.0	S	0.0
Mbre_XP_001742895.1	Tura_XP_048542530.1	94.0	S	0.0
Cper_Nk52_evm2s495	Zmay_XP_023157516.1	94.0	S	0.0
Mbre_XP_001742895.1	Zmay_XP_023157516.1	94.0	S	0.0
Cper_Nk52_evm2s495	Zmay_XP_035823399.1	94.0	S	0.0
Mbre_XP_001742895.1	Zmay_XP_035823399.1	94.0	S	0.0
Cper_Nk52_evm2s495	Qlob_XP_030953153.1	94.0	S	0.0
Mbre_XP_001742895.1	Qlob_XP_030953153.1	94.0	S	0.0
Cper_Nk52_evm2s495	Ecur_TVU10016.1	94.0	S	0.0
Mbre_XP_001742895.1	Ecur_TVU10016.1	94.0	S	0.0
Cper_Nk52_evm2s495	Zmay_XP_008651381.1	94.0	S	0.0
Mbre_XP_001742895.1	Zmay_XP_008651381.1	94.0	S	0.0
Cper_Nk52_evm2s495	Sollyc_XP_069152187.1	94.0	S	0.0
Mbre_XP_001742895.1	Sollyc_XP_069152187.1	94.0	S	0.0
Cper_Nk52_evm2s495	Atha_NP_001327067.1	94.0	S	0.0
Mbre_XP_001742895.1	Atha_NP_001327067.1	94.0	S	0.0
Cper_Nk52_evm2s495	Mpol_BFI24177.1	94.0	S	0.0
Mbre_XP_001742895.1	Mpol_BFI24177.1	94.0	S	0.0
Cper_Nk52_evm2s495	Atha_NP_001030733.1	94.0	S	0.0
Mbre_XP_001742895.1	Atha_NP_001030733.1	94.0	S	0.0
Cper_Nk52_evm2s495	Mesc_XP_043805952.1	94.0	S	0.0
Mbre_XP_001742895.1	Mesc_XP_043805952.1	94.0	S	0.0
Cper_Nk52_evm2s495	Zmay_NP_001140556.1	94.0	S	0.0
Mbre_XP_001742895.1	Zmay_NP_001140556.1	94.0	S	0.0
Cper_Nk52_evm2s495	Qlob_XP_030958993.1	94.0	S	0.0
Mbre_XP_001742895.1	Qlob_XP_030958993.1	94.0	S	0.0
Cper_Nk52_evm2s495	Rchi_XP_024159049.1	94.0	S	0.0
Mbre_XP_001742895.1	Rchi_XP_024159049.1	94.0	S	0.0
Cper_Nk52_evm2s495	Bdis_XP_014758878.1	94.0	S	0.0
Mbre_XP_001742895.1	Bdis_XP_014758878.1	94.0	S	0.0
Cper_Nk52_evm2s495	Zmay_XP_008665874.1	94.0	S	0.0
Mbre_XP_001742895.1	Zmay_XP_008665874.1	94.0	S	0.0
Cper_Nk52_evm2s495	Mesc_XP_043805953.1	94.0	S	0.0
Mbre_XP_001742895.1	Mesc_XP_043805953.1	94.0	S	0.0
Cper_Nk52_evm2s495	Ppat_XP_024399957.1	94.0	S	0.0
Mbre_XP_001742895.1	Ppat_XP_024399957.1	94.0	S	0.0
Cper_Nk52_evm2s495	Atha_NP_566667.1	94.0	S	0.0
Mbre_XP_001742895.1	Atha_NP_566667.1	94.0	S	0.0
Cper_Nk52_evm2s495	Bnap_XP_013697929.1	94.0	S	0.0
Mbre_XP_001742895.1	Bnap_XP_013697929.1	94.0	S	0.0
Cper_Nk52_evm2s495	Bnap_XP_048630333.1	94.0	S	0.0
Mbre_XP_001742895.1	Bnap_XP_048630333.1	94.0	S	0.0
Cper_Nk52_evm2s495	Atha_NP_850617.1	94.0	S	0.0
Mbre_XP_001742895.1	Atha_NP_850617.1	94.0	S	0.0
Cper_Nk52_evm2s495	Rchi_XP_040375663.1	94.0	S	0.0
Mbre_XP_001742895.1	Rchi_XP_040375663.1	94.0	S	0.0
Cper_Nk52_evm2s495	Smoe_XP_024531781.1	94.0	S	0.0
Mbre_XP_001742895.1	Smoe_XP_024531781.1	94.0	S	0.0
Cper_Nk52_evm2s495	Atha_NP_001327066.1	94.0	S	0.0
Mbre_XP_001742895.1	Atha_NP_001327066.1	94.0	S	0.0
Cper_Nk52_evm2s495	Ecur_TVU05222.1	94.0	S	0.0
Mbre_XP_001742895.1	Ecur_TVU05222.1	94.0	S	0.0
Cper_Nk52_evm2s495	Ecur_TVU01081.1	94.0	S	0.0
Mbre_XP_001742895.1	Ecur_TVU01081.1	94.0	S	0.0
Cper_Nk52_evm2s495	Zmay_XP_035823398.1	94.0	S	0.0
Mbre_XP_001742895.1	Zmay_XP_035823398.1	94.0	S	0.0
Cper_Nk52_evm2s495	Rchi_XP_024159048.1	94.0	S	0.0
Mbre_XP_001742895.1	Rchi_XP_024159048.1	94.0	S	0.0
Cper_Nk52_evm2s495	Tura_XP_048530839.1	94.0	S	0.0
Mbre_XP_001742895.1	Tura_XP_048530839.1	94.0	S	0.0
Cper_Nk52_evm2s495	Osat_XP_015648710.1	94.0	S	0.0
Mbre_XP_001742895.1	Osat_XP_015648710.1	94.0	S	0.0
Cper_Nk52_evm2s495	Crei_XP_042919519.1	94.0	S	0.0
Mbre_XP_001742895.1	Crei_XP_042919519.1	94.0	S	0.0
Cper_Nk52_evm2s495	Sollyc_NP_001306150.1	94.0	S	0.0
Mbre_XP_001742895.1	Sollyc_NP_001306150.1	94.0	S	0.0
Cper_Nk52_evm2s495	Mesc_XP_043813758.1	94.0	S	0.0
Mbre_XP_001742895.1	Mesc_XP_043813758.1	94.0	S	0.0
Cper_Nk52_evm2s495	Zmay_XP_008667465.1	94.0	S	0.0
Mbre_XP_001742895.1	Zmay_XP_008667465.1	94.0	S	0.0
Cper_Nk52_evm2s495	Smoe_XP_024539595.1	94.0	S	0.0
Mbre_XP_001742895.1	Smoe_XP_024539595.1	94.0	S	0.0
Cper_Nk52_evm2s495	Rchi_XP_040375662.1	94.0	S	0.0
Mbre_XP_001742895.1	Rchi_XP_040375662.1	94.0	S	0.0
Cper_Nk52_evm2s495	Bnap_XP_013697930.1	94.0	S	0.0
Mbre_XP_001742895.1	Bnap_XP_013697930.1	94.0	S	0.0
Cper_Nk52_evm2s495	Cbra_GBG93401.1	94.0	S	0.0
Mbre_XP_001742895.1	Cbra_GBG93401.1	94.0	S	0.0
Cper_Nk52_evm2s495	Bnap_XP_048630334.1	94.0	S	0.0
Mbre_XP_001742895.1	Bnap_XP_048630334.1	94.0	S	0.0
Cper_Nk52_evm2s495	Mesc_XP_021616706.1	94.0	S	0.0
Mbre_XP_001742895.1	Mesc_XP_021616706.1	94.0	S	0.0
Cper_Nk52_evm2s495	Qlob_XP_030958989.1	94.0	S	0.0
Mbre_XP_001742895.1	Qlob_XP_030958989.1	94.0	S	0.0
Cper_Nk52_evm2s495	Psat_XP_050893429.1	94.0	S	0.0
Mbre_XP_001742895.1	Psat_XP_050893429.1	94.0	S	0.0
Cper_Nk52_evm2s495	Rchi_XP_024158191.1	94.0	S	0.0
Mbre_XP_001742895.1	Rchi_XP_024158191.1	94.0	S	0.0
Cper_Nk52_evm2s495	Tura_XP_048530838.1	94.0	S	0.0
Mbre_XP_001742895.1	Tura_XP_048530838.1	94.0	S	0.0
Cper_Nk52_evm2s495	Mesc_XP_043813756.1	94.0	S	0.0
Mbre_XP_001742895.1	Mesc_XP_043813756.1	94.0	S	0.0
Cper_Nk52_evm2s495	Mtru_XP_013456231.1	94.0	S	0.0
Mbre_XP_001742895.1	Mtru_XP_013456231.1	94.0	S	0.0
Cper_Nk52_evm2s495	Bdis_XP_003572365.1	94.0	S	0.0
Mbre_XP_001742895.1	Bdis_XP_003572365.1	94.0	S	0.0
Cper_Nk52_evm2s495	Cofcan_CDP14099.1	94.0	S	0.0
Mbre_XP_001742895.1	Cofcan_CDP14099.1	94.0	S	0.0
Cper_Nk52_evm2s495	Rchi_XP_024159047.1	94.0	S	0.0
Mbre_XP_001742895.1	Rchi_XP_024159047.1	94.0	S	0.0
Cper_Nk52_evm2s495	Tura_XP_048543124.1	94.0	S	0.0
Mbre_XP_001742895.1	Tura_XP_048543124.1	94.0	S	0.0
Cper_Nk52_evm2s495	Osat_XP_015648712.1	94.0	S	0.0
Mbre_XP_001742895.1	Osat_XP_015648712.1	94.0	S	0.0
Cper_Nk52_evm2s495	Qlob_XP_030958998.1	94.0	S	0.0
Mbre_XP_001742895.1	Qlob_XP_030958998.1	94.0	S	0.0
Cper_Nk52_evm2s495	Qlob_XP_030959004.1	94.0	S	0.0
Mbre_XP_001742895.1	Qlob_XP_030959004.1	94.0	S	0.0
Cper_Nk52_evm2s495	Bnap_XP_048605489.1	94.0	S	0.0
Mbre_XP_001742895.1	Bnap_XP_048605489.1	94.0	S	0.0
Cper_Nk52_evm2s495	Qlob_XP_030953162.1	94.0	S	0.0
Mbre_XP_001742895.1	Qlob_XP_030953162.1	94.0	S	0.0
Cper_Nk52_evm2s495	Mesc_XP_043813759.1	94.0	S	0.0
Mbre_XP_001742895.1	Mesc_XP_043813759.1	94.0	S	0.0
Cper_Nk52_evm2s495	Bnap_XP_013749294.2	94.0	S	0.0
Mbre_XP_001742895.1	Bnap_XP_013749294.2	94.0	S	0.0
Cper_Nk52_evm2s495	Mesc_XP_043813755.1	94.0	S	0.0
Mbre_XP_001742895.1	Mesc_XP_043813755.1	94.0	S	0.0
Cper_Nk52_evm2s495	Bnap_XP_013749295.1	94.0	S	0.0
Mbre_XP_001742895.1	Bnap_XP_013749295.1	94.0	S	0.0
Cper_Nk52_evm2s495	Mesc_XP_021616705.1	94.0	S	0.0
Mbre_XP_001742895.1	Mesc_XP_021616705.1	94.0	S	0.0
Cper_Nk52_evm2s495	Osat_XP_015648711.1	94.0	S	0.0
Mbre_XP_001742895.1	Osat_XP_015648711.1	94.0	S	0.0
Cper_Nk52_evm2s495	Qlob_XP_030959010.1	94.0	S	0.0
Mbre_XP_001742895.1	Qlob_XP_030959010.1	94.0	S	0.0
Sros_XP_004991404.1	Lloa_XP_003140884.1	79.0	S	0.0
Sros_XP_004991404.1	Rvar_GAU90323.1	79.0	S	0.0
Sros_XP_004991404.1	Hduj_OQV19329.1	79.0	S	0.0
Sros_XP_004991404.1	Hcon_XGW18521.1	79.0	S	0.0
Sros_XP_004991404.1	Acey_EYB86026.1	79.0	S	0.0
Sros_XP_004991404.1	Ggal_XP_004945335.2	79.0	S	0.0
Sros_XP_004991404.1	Hsap_XP_047290610.1	79.0	S	0.0
Sros_XP_004991404.1	Drer_XP_068072685.1	79.0	S	0.0
Sros_XP_004991404.1	Hsap_XP_047290612.1	79.0	S	0.0
Sros_XP_004991404.1	Ppat_XP_024376209.1	79.0	S	0.0
Sros_XP_004991404.1	Trimur_TMUE_3000012690	79.0	S	0.0
Sros_XP_004991404.1	Pigchi_Pchi_g4251	79.0	S	0.0
Sros_XP_004991404.1	Ofus_CAH1779520.1	79.0	S	0.0
Sros_XP_004991404.1	Tsui_KHJ45102.1	79.0	S	0.0
Sros_XP_004991404.1	Lcom_lcpid51678|	79.0	S	0.0
Sros_XP_004991404.1	Hpol_VDP19018.1	79.0	S	0.0
Sros_XP_004991404.1	Ovol_OVOC3662	79.0	S	0.0
Sros_XP_004991404.1	Cele_NP_505831.1	79.0	S	0.0
Sros_XP_004991404.1	Lcom_lcpid67550|	79.0	S	0.0
Sros_XP_004991404.1	Plae_KAI0985441.1	79.0	S	0.0
Sros_XP_004991404.1	Mjap_MIJAPON000006756.t1	79.0	S	0.0
Sros_XP_004991404.1	Bxyl_CAG9128521.1	79.0	S	0.0
Sros_XP_004991404.1	Hsap_XP_016879165.1	79.0	S	0.0
Sros_XP_004991404.1	Emue_Em0011g644a	79.0	S	0.0
Sros_XP_004991404.1	Hcon_XGW18520.1	79.0	S	0.0
Sros_XP_004991404.1	Sman_XP_018654420.1	79.0	S	0.0
Sros_XP_004991404.1	Tnel_KRX20256.1	79.0	S	0.0
Sros_XP_004991404.1	Tbri_KRY47478.1	79.0	S	0.0
Sros_XP_004991404.1	Awhi_Unigene29846_Abeoforma_whisleri|m.18337	79.0	S	0.0
Sros_XP_004991404.1	Xtro_NP_001121525.1	79.0	S	0.0
Sros_XP_004991404.1	Asuu_AgB01_g822_t01	79.0	S	0.0
Sros_XP_004991404.1	Ppat_XP_024376210.1	79.0	S	0.0
Sros_XP_004991404.1	Lsig_VDK83118.1	79.0	S	0.0
Sros_XP_004991404.1	Bmor_XP_021207491.2	79.0	S	0.0
Sros_XP_004991404.1	Plae_KAI0984298.1	79.0	S	0.0
Sros_XP_004991404.1	Tnat_KRZ50470.1	79.0	S	0.0
Sros_XP_004991404.1	Eela_EEL_0000590401-mRNA-1	79.0	S	0.0
Sros_XP_004991404.1	Tadh_XP_002109881.1	79.0	S	0.0
Sros_XP_004991404.1	Apla_XP_022085202.1	79.0	S	0.0
Sros_XP_004991404.1	Bmal_XP_001897040.1	79.0	S	0.0
Sros_XP_004991404.1	Smar_SMAR008599-PA	79.0	S	0.0
Sros_XP_004991404.1	Hsap_NP_001138820.1	79.0	S	0.0
Sros_XP_004991404.1	Tspi_XP_003368987.1	79.0	S	0.0
Sros_XP_004991404.1	Lpol_XP_013774279.1	79.0	S	0.0
Sros_XP_004991404.1	Mbel_CAJ0964053.1	79.0	S	0.0
Sros_XP_004991404.1	Avag_UJR16219.1	79.0	S	0.0
Sros_XP_004991404.1	Plae_KAI0984297.1	79.0	S	0.0
Sros_XP_004991404.1	Spur_XP_030839602.1	79.0	S	0.0
Sros_XP_004991404.1	Cvir_XP_022338439.1	79.0	S	0.0
Sros_XP_004991404.1	Ggal_XP_414883.4	79.0	S	0.0
Sros_XP_004991404.1	Hrob_XP_009019477.1	79.0	S	0.0
Sros_XP_004991404.1	Cper_Nk52_evm66s2367	79.0	S	0.0
Sros_XP_004991404.1	Ddip_jg26521	79.0	S	0.0
Sros_XP_004991404.1	Pvan_XP_069991586.1	79.0	S	0.0
Sros_XP_004991404.1	Pigvie_Pvie_g14601	79.0	S	0.0
Sros_XP_004991404.1	Twil_T_wilhelma_c33435_g2_i2|m.55195	79.0	S	0.0
Sros_XP_004991404.1	Scil_XP_065185214.1	79.0	S	0.0
Sros_XP_004991404.1	Tnel_KRX20255.1	79.0	S	0.0
Sros_XP_004991404.1	Angcan_KAE9418089.1	79.0	S	0.0
Sros_XP_004991404.1	Priarc_PARCANUS000014441.t1	79.0	S	0.0
Sros_XP_004991404.1	Aque_XP_019853293.1	79.0	S	0.0
Sros_XP_004991404.1	Dmel_NP_612063.2	79.0	S	0.0
Sros_XP_004991404.1	Drer_NP_001103339.2	79.0	S	0.0
Sros_XP_004991404.1	Asuu_AgB01_g822_t03	79.0	S	0.0
Sros_XP_004991404.1	Ever_VDD93866.1	79.0	S	0.0
Sros_XP_004991404.1	Apimel_XP_026296209.1	79.0	S	0.0
Sros_XP_004991404.1	Sbat_VDO98087.1	79.0	S	0.0
Sros_XP_004991404.1	Hrob_XP_009019479.1	79.0	S	0.0
Sros_XP_004991404.1	Asuu_AgB01_g822_t02	79.0	S	0.0
Sros_XP_004991404.1	Hsap_NP_079049.2	79.0	S	0.0
Sros_XP_004991404.1	Hsap_XP_047290614.1	79.0	S	0.0
Sros_XP_004991404.1	Cfra_CFRG8355T1	79.0	S	0.0
Sros_XP_004991404.1	Lpol_XP_022241370.1	79.0	S	0.0
Sros_XP_004991404.1	Obim_XP_014780508.1	79.0	S	0.0
Sros_XP_004991404.1	Cscu_XP_023216044.1	79.0	S	0.0
Sros_XP_004991404.1	Lpol_XP_022241371.1	79.0	S	0.0
Sros_XP_004991404.1	Wban_VDM22157.1	79.0	S	0.0
Sros_XP_004991404.1	Gpal_Gpal_D383_g00500.t1	79.0	S	0.0
Sros_XP_004991404.1	Rcul_nRc.2.0.1.t13431-RA	79.0	S	0.0
Sros_XP_004991404.1	Aplcal_XP_005102629.2	79.0	S	0.0
Sros_XP_004991404.1	Cint_XP_026690226.1	79.0	S	0.0
Sros_XP_004991404.1	Diplco_DCO_001490	79.0	S	0.0
Sros_XP_004991404.1	Skow_XP_006813260.1	79.0	S	0.0
Sros_XP_004991404.1	Avit_KAL3989456.1	79.0	S	0.0
Sros_XP_004991404.1	Ggal_XP_025010992.2	79.0	S	0.0
Sros_XP_004991404.1	Lpol_XP_022241372.1	79.0	S	0.0
Sros_XP_004991404.1	Ddip_jg26533	79.0	S	0.0
Sros_XP_004991404.1	Trimur_TMUE_0000000640	79.0	S	0.0
Sros_XP_004991404.1	Dmel_NP_001261225.1	79.0	S	0.0
Sros_XP_004991404.1	Lcom_lcpid115304|	79.0	S	0.0
Sros_XP_004991404.1	Hsap_XP_047290613.1	79.0	S	0.0
Sros_XP_004991404.1	Lana_XP_013411836.1	79.0	S	0.0
Sros_XP_004991404.1	Dimm_MCP9257372.1	79.0	S	0.0
Sros_XP_004991404.1	Otip_Oti_326_t	79.0	S	0.0
Sros_XP_004991404.1	Sarc_XP_014151949.1	79.0	S	0.0
Sros_XP_004991404.1	Srat_XP_024508351.1	79.0	S	0.0
Sros_XP_004991404.1	Dpul_XP_046461813.1	79.0	S	0.0
Sros_XP_004991404.1	Blan_XP_066295512.1	79.0	S	0.0
Sros_XP_004991404.1	Sypmur_SMUV_0000527301-mRNA-1	79.0	S	0.0
Sros_XP_004991404.1	Asuu_AgB01_g822_t05	79.0	S	0.0
Sros_XP_004991404.1	Pvan_XP_069991585.1	79.0	S	0.0
Sros_XP_004991404.1	Apimel_XP_026296208.1	79.0	S	0.0
Sros_XP_004991404.1	Echgra_XP_024348645.1	79.0	S	0.0
Sros_XP_004991404.1	Agrpla_XP_018331764.2	79.0	S	0.0
Sros_XP_004991404.1	Mhap_MhA1_Contig1994.frz3.gene4	79.0	S	0.0
Sros_XP_004991404.1	Tspi_XP_003380167.1	79.0	S	0.0
Sros_XP_004991404.1	Asuu_AgB01_g822_t04	79.0	S	0.0
Sros_XP_004991404.1	Diplco_DCO_001492	79.0	S	0.0
Sros_XP_004991404.1	Scar_TKR80642.1	79.0	S	0.0
Sros_XP_004991404.1	Apla_XP_022085203.1	79.0	S	0.0
Sros_XP_004991404.1	Pgem_Unigene20972_Pirum_gemmata|m.13675	79.0	S	0.0
Sros_XP_004991404.1	Hsap_XP_047290611.1	79.0	S	0.0
Sros_XP_004991404.1	Ttri_CDW53161.1	79.0	S	0.0
Otau_XP_003080466.1	Clim_Clim_evm8s223	100.0	S	0.0
Blan_XP_066302682.1	Blan_XP_066302683.1	100.0	D	1.0
Lcom_lcpid202534|	Spur_XP_030851366.1	99.0	S	0.0
Scil_XP_065197388.1	Spur_XP_030851366.1	99.0	S	0.0
Lcom_lcpid42417|	Spur_XP_030851366.1	99.0	S	0.0
Lcom_lcpid206315|	Spur_XP_030851366.1	99.0	S	0.0
Lcom_lcpid153413|	Spur_XP_030851366.1	99.0	S	0.0
Lcom_lcpid115342|	Spur_XP_030851366.1	99.0	S	0.0
Lcom_lcpid181318|	Spur_XP_030851366.1	99.0	S	0.0
Lcom_lcpid202534|	Ofus_CAH1798454.1	99.0	S	0.0
Scil_XP_065197388.1	Ofus_CAH1798454.1	99.0	S	0.0
Lcom_lcpid42417|	Ofus_CAH1798454.1	99.0	S	0.0
Lcom_lcpid206315|	Ofus_CAH1798454.1	99.0	S	0.0
Lcom_lcpid153413|	Ofus_CAH1798454.1	99.0	S	0.0
Lcom_lcpid115342|	Ofus_CAH1798454.1	99.0	S	0.0
Lcom_lcpid181318|	Ofus_CAH1798454.1	99.0	S	0.0
Lcom_lcpid202534|	Spur_XP_030851360.1	99.0	S	0.0
Scil_XP_065197388.1	Spur_XP_030851360.1	99.0	S	0.0
Lcom_lcpid42417|	Spur_XP_030851360.1	99.0	S	0.0
Lcom_lcpid206315|	Spur_XP_030851360.1	99.0	S	0.0
Lcom_lcpid153413|	Spur_XP_030851360.1	99.0	S	0.0
Lcom_lcpid115342|	Spur_XP_030851360.1	99.0	S	0.0
Lcom_lcpid181318|	Spur_XP_030851360.1	99.0	S	0.0
Lcom_lcpid202534|	Tadh_XP_002116950.1	99.0	S	0.0
Scil_XP_065197388.1	Tadh_XP_002116950.1	99.0	S	0.0
Lcom_lcpid42417|	Tadh_XP_002116950.1	99.0	S	0.0
Lcom_lcpid206315|	Tadh_XP_002116950.1	99.0	S	0.0
Lcom_lcpid153413|	Tadh_XP_002116950.1	99.0	S	0.0
Lcom_lcpid115342|	Tadh_XP_002116950.1	99.0	S	0.0
Lcom_lcpid181318|	Tadh_XP_002116950.1	99.0	S	0.0
Lcom_lcpid202534|	Cper_Nk52_evm10s545	99.0	S	0.0
Scil_XP_065197388.1	Cper_Nk52_evm10s545	99.0	S	0.0
Lcom_lcpid42417|	Cper_Nk52_evm10s545	99.0	S	0.0
Lcom_lcpid206315|	Cper_Nk52_evm10s545	99.0	S	0.0
Lcom_lcpid153413|	Cper_Nk52_evm10s545	99.0	S	0.0
Lcom_lcpid115342|	Cper_Nk52_evm10s545	99.0	S	0.0
Lcom_lcpid181318|	Cper_Nk52_evm10s545	99.0	S	0.0
Lcom_lcpid202534|	Apla_XP_022104467.1	99.0	S	0.0
Scil_XP_065197388.1	Apla_XP_022104467.1	99.0	S	0.0
Lcom_lcpid42417|	Apla_XP_022104467.1	99.0	S	0.0
Lcom_lcpid206315|	Apla_XP_022104467.1	99.0	S	0.0
Lcom_lcpid153413|	Apla_XP_022104467.1	99.0	S	0.0
Lcom_lcpid115342|	Apla_XP_022104467.1	99.0	S	0.0
Lcom_lcpid181318|	Apla_XP_022104467.1	99.0	S	0.0
Lcom_lcpid202534|	Apla_XP_022104468.1	99.0	S	0.0
Scil_XP_065197388.1	Apla_XP_022104468.1	99.0	S	0.0
Lcom_lcpid42417|	Apla_XP_022104468.1	99.0	S	0.0
Lcom_lcpid206315|	Apla_XP_022104468.1	99.0	S	0.0
Lcom_lcpid153413|	Apla_XP_022104468.1	99.0	S	0.0
Lcom_lcpid115342|	Apla_XP_022104468.1	99.0	S	0.0
Lcom_lcpid181318|	Apla_XP_022104468.1	99.0	S	0.0
Crei_XP_042921493.1	Lsat_XP_023734930.1	100.0	S	0.0
Crei_XP_042921493.1	Qlob_XP_030973177.1	100.0	S	0.0
Crei_XP_042921493.1	Smoe_XP_024527656.1	100.0	S	0.0
Crei_XP_042921493.1	Ecur_TVU34924.1	100.0	S	0.0
Crei_XP_042921493.1	Bnap_XP_048608056.1	100.0	S	0.0
Crei_XP_042921493.1	Tura_XP_048564742.1	100.0	S	0.0
Crei_XP_042921493.1	Osat_XP_015618184.1	100.0	S	0.0
Crei_XP_042921493.1	Ppat_XP_024366925.1	100.0	S	0.0
Crei_XP_042921493.1	Smoe_XP_024527652.1	100.0	S	0.0
Crei_XP_042921493.1	Smoe_XP_024520821.1	100.0	S	0.0
Crei_XP_042921493.1	Smoe_XP_024520670.1	100.0	S	0.0
Crei_XP_042921493.1	Mesc_XP_021612650.1	100.0	S	0.0
Crei_XP_042921493.1	Atri_XP_020520101.1	100.0	S	0.0
Crei_XP_042921493.1	Smoe_XP_024527657.1	100.0	S	0.0
Crei_XP_042921493.1	Sollyc_XP_025888583.1	100.0	S	0.0
Crei_XP_042921493.1	Cofcan_CDP03676.1	100.0	S	0.0
Crei_XP_042921493.1	Smoe_XP_024532000.1	100.0	S	0.0
Crei_XP_042921493.1	Smoe_XP_024527933.1	100.0	S	0.0
Crei_XP_042921493.1	Smoe_XP_024527928.1	100.0	S	0.0
Crei_XP_042921493.1	Bnap_XP_013682006.3	100.0	S	0.0
Crei_XP_042921493.1	Osat_XP_015618176.1	100.0	S	0.0
Crei_XP_042921493.1	Psat_XP_050887295.1	100.0	S	0.0
Crei_XP_042921493.1	Smoe_XP_024527654.1	100.0	S	0.0
Crei_XP_042921493.1	Sollyc_XP_004247201.1	100.0	S	0.0
Crei_XP_042921493.1	Qlob_XP_030947629.1	100.0	S	0.0
Crei_XP_042921493.1	Smoe_XP_024520874.1	100.0	S	0.0
Crei_XP_042921493.1	Bdis_XP_003569931.2	100.0	S	0.0
Crei_XP_042921493.1	Qlob_XP_030947628.1	100.0	S	0.0
Crei_XP_042921493.1	Rchi_XP_024164996.1	100.0	S	0.0
Crei_XP_042921493.1	Atha_NP_001318604.1	100.0	S	0.0
Crei_XP_042921493.1	Atha_NP_001190341.1	100.0	S	0.0
Crei_XP_042921493.1	Smoe_XP_024527658.1	100.0	S	0.0
Crei_XP_042921493.1	Bnap_XP_013730750.2	100.0	S	0.0
Crei_XP_042921493.1	Mpol_BFI40533.1	100.0	S	0.0
Crei_XP_042921493.1	Mesc_XP_043812339.1	100.0	S	0.0
Crei_XP_042921493.1	Bnap_XP_048608055.1	100.0	S	0.0
Crei_XP_042921493.1	Smoe_XP_024527934.1	100.0	S	0.0
Crei_XP_042921493.1	Osat_XP_015618169.1	100.0	S	0.0
Crei_XP_042921493.1	Atri_XP_020520100.1	100.0	S	0.0
Crei_XP_042921493.1	Smoe_XP_024527935.1	100.0	S	0.0
Crei_XP_042921493.1	Smoe_XP_024527653.1	100.0	S	0.0
Crei_XP_042921493.1	Osat_XP_025877206.1	100.0	S	0.0
Crei_XP_042921493.1	Ecur_TVU34937.1	100.0	S	0.0
Crei_XP_042921493.1	Bdis_XP_010232410.2	100.0	S	0.0
Crei_XP_042921493.1	Smoe_XP_024520770.1	100.0	S	0.0
Crei_XP_042921493.1	Rchi_XP_040364728.1	100.0	S	0.0
Crei_XP_042921493.1	Mtru_XP_003590573.1	100.0	S	0.0
Crei_XP_042921493.1	Smoe_XP_024527929.1	100.0	S	0.0
Crei_XP_042921493.1	Smoe_XP_024520721.1	100.0	S	0.0
Crei_XP_042921493.1	Smoe_XP_024527655.1	100.0	S	0.0
Crei_XP_042921493.1	Zmay_NP_001360982.1	100.0	S	0.0
Crei_XP_042921493.1	Lsat_XP_023734931.1	100.0	S	0.0
Crei_XP_042921493.1	Smoe_XP_024527931.1	100.0	S	0.0
Crei_XP_042921493.1	Bdis_XP_024313966.1	100.0	S	0.0
Crei_XP_042921493.1	Cofcan_CDP19768.1	100.0	S	0.0
Crei_XP_042921493.1	Smoe_XP_024527932.1	100.0	S	0.0
Crei_XP_042921493.1	Smoe_XP_024527930.1	100.0	S	0.0
Pgem_Unigene22502_Pirum_gemmata|m.14473	Sarc_XP_014149975.1	100.0	S	0.0
Pgem_Unigene22502_Pirum_gemmata|m.14473	Cfra_CFRG5311T1	100.0	S	0.0
Ppur_KAA8493682.1	Sros_XP_004994314.1	88.0	S	0.0
Cper_Nk52_evm32s628	Pgem_Unigene12170_Pirum_gemmata|m.7832	86.0	S	0.0
Otau_XP_022839388.1	Pgem_Unigene12170_Pirum_gemmata|m.7832	86.0	S	0.0
Cper_Nk52_evm32s628	Sarc_XP_014159214.1	86.0	S	0.0
Otau_XP_022839388.1	Sarc_XP_014159214.1	86.0	S	0.0
Cper_Nk52_evm32s628	Awhi_Unigene40667_Abeoforma_whisleri|m.26009	86.0	S	0.0
Otau_XP_022839388.1	Awhi_Unigene40667_Abeoforma_whisleri|m.26009	86.0	S	0.0
Cper_Nk52_evm32s628	Cfra_CFRG3953T1	86.0	S	0.0
Otau_XP_022839388.1	Cfra_CFRG3953T1	86.0	S	0.0
Mbre_XP_001742895.1	Cper_Nk52_evm2s495	99.0	S	0.0
Crei_XP_042919519.1	Osat_XP_015610619.1	97.0	S	0.0
Crei_XP_042919519.1	Atri_XP_020526473.1	97.0	S	0.0
Crei_XP_042919519.1	Zmay_XP_008665873.1	97.0	S	0.0
Crei_XP_042919519.1	Lsat_XP_023742173.1	97.0	S	0.0
Crei_XP_042919519.1	Tura_XP_048542530.1	97.0	S	0.0
Crei_XP_042919519.1	Zmay_XP_023157516.1	97.0	S	0.0
Crei_XP_042919519.1	Zmay_XP_035823399.1	97.0	S	0.0
Crei_XP_042919519.1	Qlob_XP_030953153.1	97.0	S	0.0
Crei_XP_042919519.1	Ecur_TVU10016.1	97.0	S	0.0
Crei_XP_042919519.1	Zmay_XP_008651381.1	97.0	S	0.0
Crei_XP_042919519.1	Sollyc_XP_069152187.1	97.0	S	0.0
Crei_XP_042919519.1	Atha_NP_001327067.1	97.0	S	0.0
Crei_XP_042919519.1	Mpol_BFI24177.1	97.0	S	0.0
Crei_XP_042919519.1	Atha_NP_001030733.1	97.0	S	0.0
Crei_XP_042919519.1	Mesc_XP_043805952.1	97.0	S	0.0
Crei_XP_042919519.1	Zmay_NP_001140556.1	97.0	S	0.0
Crei_XP_042919519.1	Qlob_XP_030958993.1	97.0	S	0.0
Crei_XP_042919519.1	Rchi_XP_024159049.1	97.0	S	0.0
Crei_XP_042919519.1	Bdis_XP_014758878.1	97.0	S	0.0
Crei_XP_042919519.1	Zmay_XP_008665874.1	97.0	S	0.0
Crei_XP_042919519.1	Mesc_XP_043805953.1	97.0	S	0.0
Crei_XP_042919519.1	Ppat_XP_024399957.1	97.0	S	0.0
Crei_XP_042919519.1	Atha_NP_566667.1	97.0	S	0.0
Crei_XP_042919519.1	Bnap_XP_013697929.1	97.0	S	0.0
Crei_XP_042919519.1	Bnap_XP_048630333.1	97.0	S	0.0
Crei_XP_042919519.1	Atha_NP_850617.1	97.0	S	0.0
Crei_XP_042919519.1	Rchi_XP_040375663.1	97.0	S	0.0
Crei_XP_042919519.1	Smoe_XP_024531781.1	97.0	S	0.0
Crei_XP_042919519.1	Atha_NP_001327066.1	97.0	S	0.0
Crei_XP_042919519.1	Ecur_TVU05222.1	97.0	S	0.0
Crei_XP_042919519.1	Ecur_TVU01081.1	97.0	S	0.0
Crei_XP_042919519.1	Zmay_XP_035823398.1	97.0	S	0.0
Crei_XP_042919519.1	Rchi_XP_024159048.1	97.0	S	0.0
Crei_XP_042919519.1	Tura_XP_048530839.1	97.0	S	0.0
Crei_XP_042919519.1	Osat_XP_015648710.1	97.0	S	0.0
Crei_XP_042919519.1	Sollyc_NP_001306150.1	97.0	S	0.0
Crei_XP_042919519.1	Mesc_XP_043813758.1	97.0	S	0.0
Crei_XP_042919519.1	Zmay_XP_008667465.1	97.0	S	0.0
Crei_XP_042919519.1	Smoe_XP_024539595.1	97.0	S	0.0
Crei_XP_042919519.1	Rchi_XP_040375662.1	97.0	S	0.0
Crei_XP_042919519.1	Bnap_XP_013697930.1	97.0	S	0.0
Crei_XP_042919519.1	Cbra_GBG93401.1	97.0	S	0.0
Crei_XP_042919519.1	Bnap_XP_048630334.1	97.0	S	0.0
Crei_XP_042919519.1	Mesc_XP_021616706.1	97.0	S	0.0
Crei_XP_042919519.1	Qlob_XP_030958989.1	97.0	S	0.0
Crei_XP_042919519.1	Psat_XP_050893429.1	97.0	S	0.0
Crei_XP_042919519.1	Rchi_XP_024158191.1	97.0	S	0.0
Crei_XP_042919519.1	Tura_XP_048530838.1	97.0	S	0.0
Crei_XP_042919519.1	Mesc_XP_043813756.1	97.0	S	0.0
Crei_XP_042919519.1	Mtru_XP_013456231.1	97.0	S	0.0
Crei_XP_042919519.1	Bdis_XP_003572365.1	97.0	S	0.0
Crei_XP_042919519.1	Cofcan_CDP14099.1	97.0	S	0.0
Crei_XP_042919519.1	Rchi_XP_024159047.1	97.0	S	0.0
Crei_XP_042919519.1	Tura_XP_048543124.1	97.0	S	0.0
Crei_XP_042919519.1	Osat_XP_015648712.1	97.0	S	0.0
Crei_XP_042919519.1	Qlob_XP_030958998.1	97.0	S	0.0
Crei_XP_042919519.1	Qlob_XP_030959004.1	97.0	S	0.0
Crei_XP_042919519.1	Bnap_XP_048605489.1	97.0	S	0.0
Crei_XP_042919519.1	Qlob_XP_030953162.1	97.0	S	0.0
Crei_XP_042919519.1	Mesc_XP_043813759.1	97.0	S	0.0
Crei_XP_042919519.1	Bnap_XP_013749294.2	97.0	S	0.0
Crei_XP_042919519.1	Mesc_XP_043813755.1	97.0	S	0.0
Crei_XP_042919519.1	Bnap_XP_013749295.1	97.0	S	0.0
Crei_XP_042919519.1	Mesc_XP_021616705.1	97.0	S	0.0
Crei_XP_042919519.1	Osat_XP_015648711.1	97.0	S	0.0
Crei_XP_042919519.1	Qlob_XP_030959010.1	97.0	S	0.0
Sman_XP_018654420.1	Lloa_XP_003140884.1	98.0	S	0.0
Echgra_XP_024348645.1	Lloa_XP_003140884.1	98.0	S	0.0
Sman_XP_018654420.1	Rvar_GAU90323.1	98.0	S	0.0
Echgra_XP_024348645.1	Rvar_GAU90323.1	98.0	S	0.0
Sman_XP_018654420.1	Hduj_OQV19329.1	98.0	S	0.0
Echgra_XP_024348645.1	Hduj_OQV19329.1	98.0	S	0.0
Sman_XP_018654420.1	Hcon_XGW18521.1	98.0	S	0.0
Echgra_XP_024348645.1	Hcon_XGW18521.1	98.0	S	0.0
Sman_XP_018654420.1	Acey_EYB86026.1	98.0	S	0.0
Echgra_XP_024348645.1	Acey_EYB86026.1	98.0	S	0.0
Sman_XP_018654420.1	Ggal_XP_004945335.2	98.0	S	0.0
Echgra_XP_024348645.1	Ggal_XP_004945335.2	98.0	S	0.0
Sman_XP_018654420.1	Hsap_XP_047290610.1	98.0	S	0.0
Echgra_XP_024348645.1	Hsap_XP_047290610.1	98.0	S	0.0
Sman_XP_018654420.1	Drer_XP_068072685.1	98.0	S	0.0
Echgra_XP_024348645.1	Drer_XP_068072685.1	98.0	S	0.0
Sman_XP_018654420.1	Hsap_XP_047290612.1	98.0	S	0.0
Echgra_XP_024348645.1	Hsap_XP_047290612.1	98.0	S	0.0
Sman_XP_018654420.1	Ppat_XP_024376209.1	98.0	S	0.0
Echgra_XP_024348645.1	Ppat_XP_024376209.1	98.0	S	0.0
Sman_XP_018654420.1	Trimur_TMUE_3000012690	98.0	S	0.0
Echgra_XP_024348645.1	Trimur_TMUE_3000012690	98.0	S	0.0
Sman_XP_018654420.1	Pigchi_Pchi_g4251	98.0	S	0.0
Echgra_XP_024348645.1	Pigchi_Pchi_g4251	98.0	S	0.0
Sman_XP_018654420.1	Ofus_CAH1779520.1	98.0	S	0.0
Echgra_XP_024348645.1	Ofus_CAH1779520.1	98.0	S	0.0
Sman_XP_018654420.1	Tsui_KHJ45102.1	98.0	S	0.0
Echgra_XP_024348645.1	Tsui_KHJ45102.1	98.0	S	0.0
Sman_XP_018654420.1	Lcom_lcpid51678|	98.0	S	0.0
Echgra_XP_024348645.1	Lcom_lcpid51678|	98.0	S	0.0
Sman_XP_018654420.1	Hpol_VDP19018.1	98.0	S	0.0
Echgra_XP_024348645.1	Hpol_VDP19018.1	98.0	S	0.0
Sman_XP_018654420.1	Ovol_OVOC3662	98.0	S	0.0
Echgra_XP_024348645.1	Ovol_OVOC3662	98.0	S	0.0
Sman_XP_018654420.1	Cele_NP_505831.1	98.0	S	0.0
Echgra_XP_024348645.1	Cele_NP_505831.1	98.0	S	0.0
Sman_XP_018654420.1	Lcom_lcpid67550|	98.0	S	0.0
Echgra_XP_024348645.1	Lcom_lcpid67550|	98.0	S	0.0
Sman_XP_018654420.1	Plae_KAI0985441.1	98.0	S	0.0
Echgra_XP_024348645.1	Plae_KAI0985441.1	98.0	S	0.0
Sman_XP_018654420.1	Mjap_MIJAPON000006756.t1	98.0	S	0.0
Echgra_XP_024348645.1	Mjap_MIJAPON000006756.t1	98.0	S	0.0
Sman_XP_018654420.1	Bxyl_CAG9128521.1	98.0	S	0.0
Echgra_XP_024348645.1	Bxyl_CAG9128521.1	98.0	S	0.0
Sman_XP_018654420.1	Hsap_XP_016879165.1	98.0	S	0.0
Echgra_XP_024348645.1	Hsap_XP_016879165.1	98.0	S	0.0
Sman_XP_018654420.1	Emue_Em0011g644a	98.0	S	0.0
Echgra_XP_024348645.1	Emue_Em0011g644a	98.0	S	0.0
Sman_XP_018654420.1	Hcon_XGW18520.1	98.0	S	0.0
Echgra_XP_024348645.1	Hcon_XGW18520.1	98.0	S	0.0
Sman_XP_018654420.1	Tnel_KRX20256.1	98.0	S	0.0
Echgra_XP_024348645.1	Tnel_KRX20256.1	98.0	S	0.0
Sman_XP_018654420.1	Tbri_KRY47478.1	98.0	S	0.0
Echgra_XP_024348645.1	Tbri_KRY47478.1	98.0	S	0.0
Sman_XP_018654420.1	Awhi_Unigene29846_Abeoforma_whisleri|m.18337	98.0	S	0.0
Echgra_XP_024348645.1	Awhi_Unigene29846_Abeoforma_whisleri|m.18337	98.0	S	0.0
Sman_XP_018654420.1	Xtro_NP_001121525.1	98.0	S	0.0
Echgra_XP_024348645.1	Xtro_NP_001121525.1	98.0	S	0.0
Sman_XP_018654420.1	Asuu_AgB01_g822_t01	98.0	S	0.0
Echgra_XP_024348645.1	Asuu_AgB01_g822_t01	98.0	S	0.0
Sman_XP_018654420.1	Ppat_XP_024376210.1	98.0	S	0.0
Echgra_XP_024348645.1	Ppat_XP_024376210.1	98.0	S	0.0
Sman_XP_018654420.1	Lsig_VDK83118.1	98.0	S	0.0
Echgra_XP_024348645.1	Lsig_VDK83118.1	98.0	S	0.0
Sman_XP_018654420.1	Bmor_XP_021207491.2	98.0	S	0.0
Echgra_XP_024348645.1	Bmor_XP_021207491.2	98.0	S	0.0
Sman_XP_018654420.1	Plae_KAI0984298.1	98.0	S	0.0
Echgra_XP_024348645.1	Plae_KAI0984298.1	98.0	S	0.0
Sman_XP_018654420.1	Tnat_KRZ50470.1	98.0	S	0.0
Echgra_XP_024348645.1	Tnat_KRZ50470.1	98.0	S	0.0
Sman_XP_018654420.1	Eela_EEL_0000590401-mRNA-1	98.0	S	0.0
Echgra_XP_024348645.1	Eela_EEL_0000590401-mRNA-1	98.0	S	0.0
Sman_XP_018654420.1	Tadh_XP_002109881.1	98.0	S	0.0
Echgra_XP_024348645.1	Tadh_XP_002109881.1	98.0	S	0.0
Sman_XP_018654420.1	Apla_XP_022085202.1	98.0	S	0.0
Echgra_XP_024348645.1	Apla_XP_022085202.1	98.0	S	0.0
Sman_XP_018654420.1	Bmal_XP_001897040.1	98.0	S	0.0
Echgra_XP_024348645.1	Bmal_XP_001897040.1	98.0	S	0.0
Sman_XP_018654420.1	Smar_SMAR008599-PA	98.0	S	0.0
Echgra_XP_024348645.1	Smar_SMAR008599-PA	98.0	S	0.0
Sman_XP_018654420.1	Hsap_NP_001138820.1	98.0	S	0.0
Echgra_XP_024348645.1	Hsap_NP_001138820.1	98.0	S	0.0
Sman_XP_018654420.1	Tspi_XP_003368987.1	98.0	S	0.0
Echgra_XP_024348645.1	Tspi_XP_003368987.1	98.0	S	0.0
Sman_XP_018654420.1	Lpol_XP_013774279.1	98.0	S	0.0
Echgra_XP_024348645.1	Lpol_XP_013774279.1	98.0	S	0.0
Sman_XP_018654420.1	Mbel_CAJ0964053.1	98.0	S	0.0
Echgra_XP_024348645.1	Mbel_CAJ0964053.1	98.0	S	0.0
Sman_XP_018654420.1	Avag_UJR16219.1	98.0	S	0.0
Echgra_XP_024348645.1	Avag_UJR16219.1	98.0	S	0.0
Sman_XP_018654420.1	Plae_KAI0984297.1	98.0	S	0.0
Echgra_XP_024348645.1	Plae_KAI0984297.1	98.0	S	0.0
Sman_XP_018654420.1	Spur_XP_030839602.1	98.0	S	0.0
Echgra_XP_024348645.1	Spur_XP_030839602.1	98.0	S	0.0
Sman_XP_018654420.1	Cvir_XP_022338439.1	98.0	S	0.0
Echgra_XP_024348645.1	Cvir_XP_022338439.1	98.0	S	0.0
Sman_XP_018654420.1	Ggal_XP_414883.4	98.0	S	0.0
Echgra_XP_024348645.1	Ggal_XP_414883.4	98.0	S	0.0
Sman_XP_018654420.1	Hrob_XP_009019477.1	98.0	S	0.0
Echgra_XP_024348645.1	Hrob_XP_009019477.1	98.0	S	0.0
Sman_XP_018654420.1	Cper_Nk52_evm66s2367	98.0	S	0.0
Echgra_XP_024348645.1	Cper_Nk52_evm66s2367	98.0	S	0.0
Sman_XP_018654420.1	Ddip_jg26521	98.0	S	0.0
Echgra_XP_024348645.1	Ddip_jg26521	98.0	S	0.0
Sman_XP_018654420.1	Pvan_XP_069991586.1	98.0	S	0.0
Echgra_XP_024348645.1	Pvan_XP_069991586.1	98.0	S	0.0
Sman_XP_018654420.1	Pigvie_Pvie_g14601	98.0	S	0.0
Echgra_XP_024348645.1	Pigvie_Pvie_g14601	98.0	S	0.0
Sman_XP_018654420.1	Twil_T_wilhelma_c33435_g2_i2|m.55195	98.0	S	0.0
Echgra_XP_024348645.1	Twil_T_wilhelma_c33435_g2_i2|m.55195	98.0	S	0.0
Sman_XP_018654420.1	Scil_XP_065185214.1	98.0	S	0.0
Echgra_XP_024348645.1	Scil_XP_065185214.1	98.0	S	0.0
Sman_XP_018654420.1	Tnel_KRX20255.1	98.0	S	0.0
Echgra_XP_024348645.1	Tnel_KRX20255.1	98.0	S	0.0
Sman_XP_018654420.1	Angcan_KAE9418089.1	98.0	S	0.0
Echgra_XP_024348645.1	Angcan_KAE9418089.1	98.0	S	0.0
Sman_XP_018654420.1	Priarc_PARCANUS000014441.t1	98.0	S	0.0
Echgra_XP_024348645.1	Priarc_PARCANUS000014441.t1	98.0	S	0.0
Sman_XP_018654420.1	Aque_XP_019853293.1	98.0	S	0.0
Echgra_XP_024348645.1	Aque_XP_019853293.1	98.0	S	0.0
Sman_XP_018654420.1	Dmel_NP_612063.2	98.0	S	0.0
Echgra_XP_024348645.1	Dmel_NP_612063.2	98.0	S	0.0
Sman_XP_018654420.1	Drer_NP_001103339.2	98.0	S	0.0
Echgra_XP_024348645.1	Drer_NP_001103339.2	98.0	S	0.0
Sman_XP_018654420.1	Asuu_AgB01_g822_t03	98.0	S	0.0
Echgra_XP_024348645.1	Asuu_AgB01_g822_t03	98.0	S	0.0
Sman_XP_018654420.1	Ever_VDD93866.1	98.0	S	0.0
Echgra_XP_024348645.1	Ever_VDD93866.1	98.0	S	0.0
Sman_XP_018654420.1	Apimel_XP_026296209.1	98.0	S	0.0
Echgra_XP_024348645.1	Apimel_XP_026296209.1	98.0	S	0.0
Sman_XP_018654420.1	Sbat_VDO98087.1	98.0	S	0.0
Echgra_XP_024348645.1	Sbat_VDO98087.1	98.0	S	0.0
Sman_XP_018654420.1	Hrob_XP_009019479.1	98.0	S	0.0
Echgra_XP_024348645.1	Hrob_XP_009019479.1	98.0	S	0.0
Sman_XP_018654420.1	Asuu_AgB01_g822_t02	98.0	S	0.0
Echgra_XP_024348645.1	Asuu_AgB01_g822_t02	98.0	S	0.0
Sman_XP_018654420.1	Hsap_NP_079049.2	98.0	S	0.0
Echgra_XP_024348645.1	Hsap_NP_079049.2	98.0	S	0.0
Sman_XP_018654420.1	Hsap_XP_047290614.1	98.0	S	0.0
Echgra_XP_024348645.1	Hsap_XP_047290614.1	98.0	S	0.0
Sman_XP_018654420.1	Cfra_CFRG8355T1	98.0	S	0.0
Echgra_XP_024348645.1	Cfra_CFRG8355T1	98.0	S	0.0
Sman_XP_018654420.1	Lpol_XP_022241370.1	98.0	S	0.0
Echgra_XP_024348645.1	Lpol_XP_022241370.1	98.0	S	0.0
Sman_XP_018654420.1	Obim_XP_014780508.1	98.0	S	0.0
Echgra_XP_024348645.1	Obim_XP_014780508.1	98.0	S	0.0
Sman_XP_018654420.1	Cscu_XP_023216044.1	98.0	S	0.0
Echgra_XP_024348645.1	Cscu_XP_023216044.1	98.0	S	0.0
Sman_XP_018654420.1	Lpol_XP_022241371.1	98.0	S	0.0
Echgra_XP_024348645.1	Lpol_XP_022241371.1	98.0	S	0.0
Sman_XP_018654420.1	Wban_VDM22157.1	98.0	S	0.0
Echgra_XP_024348645.1	Wban_VDM22157.1	98.0	S	0.0
Sman_XP_018654420.1	Gpal_Gpal_D383_g00500.t1	98.0	S	0.0
Echgra_XP_024348645.1	Gpal_Gpal_D383_g00500.t1	98.0	S	0.0
Sman_XP_018654420.1	Rcul_nRc.2.0.1.t13431-RA	98.0	S	0.0
Echgra_XP_024348645.1	Rcul_nRc.2.0.1.t13431-RA	98.0	S	0.0
Sman_XP_018654420.1	Aplcal_XP_005102629.2	98.0	S	0.0
Echgra_XP_024348645.1	Aplcal_XP_005102629.2	98.0	S	0.0
Sman_XP_018654420.1	Cint_XP_026690226.1	98.0	S	0.0
Echgra_XP_024348645.1	Cint_XP_026690226.1	98.0	S	0.0
Sman_XP_018654420.1	Diplco_DCO_001490	98.0	S	0.0
Echgra_XP_024348645.1	Diplco_DCO_001490	98.0	S	0.0
Sman_XP_018654420.1	Skow_XP_006813260.1	98.0	S	0.0
Echgra_XP_024348645.1	Skow_XP_006813260.1	98.0	S	0.0
Sman_XP_018654420.1	Avit_KAL3989456.1	98.0	S	0.0
Echgra_XP_024348645.1	Avit_KAL3989456.1	98.0	S	0.0
Sman_XP_018654420.1	Ggal_XP_025010992.2	98.0	S	0.0
Echgra_XP_024348645.1	Ggal_XP_025010992.2	98.0	S	0.0
Sman_XP_018654420.1	Lpol_XP_022241372.1	98.0	S	0.0
Echgra_XP_024348645.1	Lpol_XP_022241372.1	98.0	S	0.0
Sman_XP_018654420.1	Ddip_jg26533	98.0	S	0.0
Echgra_XP_024348645.1	Ddip_jg26533	98.0	S	0.0
Sman_XP_018654420.1	Trimur_TMUE_0000000640	98.0	S	0.0
Echgra_XP_024348645.1	Trimur_TMUE_0000000640	98.0	S	0.0
Sman_XP_018654420.1	Dmel_NP_001261225.1	98.0	S	0.0
Echgra_XP_024348645.1	Dmel_NP_001261225.1	98.0	S	0.0
Sman_XP_018654420.1	Lcom_lcpid115304|	98.0	S	0.0
Echgra_XP_024348645.1	Lcom_lcpid115304|	98.0	S	0.0
Sman_XP_018654420.1	Hsap_XP_047290613.1	98.0	S	0.0
Echgra_XP_024348645.1	Hsap_XP_047290613.1	98.0	S	0.0
Sman_XP_018654420.1	Lana_XP_013411836.1	98.0	S	0.0
Echgra_XP_024348645.1	Lana_XP_013411836.1	98.0	S	0.0
Sman_XP_018654420.1	Dimm_MCP9257372.1	98.0	S	0.0
Echgra_XP_024348645.1	Dimm_MCP9257372.1	98.0	S	0.0
Sman_XP_018654420.1	Otip_Oti_326_t	98.0	S	0.0
Echgra_XP_024348645.1	Otip_Oti_326_t	98.0	S	0.0
Sman_XP_018654420.1	Sarc_XP_014151949.1	98.0	S	0.0
Echgra_XP_024348645.1	Sarc_XP_014151949.1	98.0	S	0.0
Sman_XP_018654420.1	Srat_XP_024508351.1	98.0	S	0.0
Echgra_XP_024348645.1	Srat_XP_024508351.1	98.0	S	0.0
Sman_XP_018654420.1	Dpul_XP_046461813.1	98.0	S	0.0
Echgra_XP_024348645.1	Dpul_XP_046461813.1	98.0	S	0.0
Sman_XP_018654420.1	Blan_XP_066295512.1	98.0	S	0.0
Echgra_XP_024348645.1	Blan_XP_066295512.1	98.0	S	0.0
Sman_XP_018654420.1	Sypmur_SMUV_0000527301-mRNA-1	98.0	S	0.0
Echgra_XP_024348645.1	Sypmur_SMUV_0000527301-mRNA-1	98.0	S	0.0
Sman_XP_018654420.1	Asuu_AgB01_g822_t05	98.0	S	0.0
Echgra_XP_024348645.1	Asuu_AgB01_g822_t05	98.0	S	0.0
Sman_XP_018654420.1	Pvan_XP_069991585.1	98.0	S	0.0
Echgra_XP_024348645.1	Pvan_XP_069991585.1	98.0	S	0.0
Sman_XP_018654420.1	Apimel_XP_026296208.1	98.0	S	0.0
Echgra_XP_024348645.1	Apimel_XP_026296208.1	98.0	S	0.0
Sman_XP_018654420.1	Agrpla_XP_018331764.2	98.0	S	0.0
Echgra_XP_024348645.1	Agrpla_XP_018331764.2	98.0	S	0.0
Sman_XP_018654420.1	Mhap_MhA1_Contig1994.frz3.gene4	98.0	S	0.0
Echgra_XP_024348645.1	Mhap_MhA1_Contig1994.frz3.gene4	98.0	S	0.0
Sman_XP_018654420.1	Tspi_XP_003380167.1	98.0	S	0.0
Echgra_XP_024348645.1	Tspi_XP_003380167.1	98.0	S	0.0
Sman_XP_018654420.1	Asuu_AgB01_g822_t04	98.0	S	0.0
Echgra_XP_024348645.1	Asuu_AgB01_g822_t04	98.0	S	0.0
Sman_XP_018654420.1	Diplco_DCO_001492	98.0	S	0.0
Echgra_XP_024348645.1	Diplco_DCO_001492	98.0	S	0.0
Sman_XP_018654420.1	Scar_TKR80642.1	98.0	S	0.0
Echgra_XP_024348645.1	Scar_TKR80642.1	98.0	S	0.0
Sman_XP_018654420.1	Apla_XP_022085203.1	98.0	S	0.0
Echgra_XP_024348645.1	Apla_XP_022085203.1	98.0	S	0.0
Sman_XP_018654420.1	Pgem_Unigene20972_Pirum_gemmata|m.13675	98.0	S	0.0
Echgra_XP_024348645.1	Pgem_Unigene20972_Pirum_gemmata|m.13675	98.0	S	0.0
Sman_XP_018654420.1	Hsap_XP_047290611.1	98.0	S	0.0
Echgra_XP_024348645.1	Hsap_XP_047290611.1	98.0	S	0.0
Sman_XP_018654420.1	Ttri_CDW53161.1	98.0	S	0.0
Echgra_XP_024348645.1	Ttri_CDW53161.1	98.0	S	0.0
Cper_Nk52_evm10s545	Spur_XP_030851366.1	100.0	S	0.0
Cper_Nk52_evm10s545	Ofus_CAH1798454.1	100.0	S	0.0
Cper_Nk52_evm10s545	Spur_XP_030851360.1	100.0	S	0.0
Cper_Nk52_evm10s545	Tadh_XP_002116950.1	100.0	S	0.0
Cper_Nk52_evm10s545	Apla_XP_022104467.1	100.0	S	0.0
Cper_Nk52_evm10s545	Apla_XP_022104468.1	100.0	S	0.0
Smoe_XP_024527656.1	Lsat_XP_023734930.1	98.0	S	0.0
Ppat_XP_024366925.1	Lsat_XP_023734930.1	98.0	S	0.0
Smoe_XP_024527652.1	Lsat_XP_023734930.1	98.0	S	0.0
Smoe_XP_024520821.1	Lsat_XP_023734930.1	98.0	S	0.0
Smoe_XP_024520670.1	Lsat_XP_023734930.1	98.0	S	0.0
Smoe_XP_024527657.1	Lsat_XP_023734930.1	98.0	S	0.0
Smoe_XP_024532000.1	Lsat_XP_023734930.1	98.0	S	0.0
Smoe_XP_024527933.1	Lsat_XP_023734930.1	98.0	S	0.0
Smoe_XP_024527928.1	Lsat_XP_023734930.1	98.0	S	0.0
Smoe_XP_024527654.1	Lsat_XP_023734930.1	98.0	S	0.0
Smoe_XP_024520874.1	Lsat_XP_023734930.1	98.0	S	0.0
Smoe_XP_024527658.1	Lsat_XP_023734930.1	98.0	S	0.0
Mpol_BFI40533.1	Lsat_XP_023734930.1	98.0	S	0.0
Smoe_XP_024527934.1	Lsat_XP_023734930.1	98.0	S	0.0
Smoe_XP_024527935.1	Lsat_XP_023734930.1	98.0	S	0.0
Smoe_XP_024527653.1	Lsat_XP_023734930.1	98.0	S	0.0
Smoe_XP_024520770.1	Lsat_XP_023734930.1	98.0	S	0.0
Smoe_XP_024527929.1	Lsat_XP_023734930.1	98.0	S	0.0
Smoe_XP_024520721.1	Lsat_XP_023734930.1	98.0	S	0.0
Smoe_XP_024527655.1	Lsat_XP_023734930.1	98.0	S	0.0
Smoe_XP_024527931.1	Lsat_XP_023734930.1	98.0	S	0.0
Smoe_XP_024527932.1	Lsat_XP_023734930.1	98.0	S	0.0
Smoe_XP_024527930.1	Lsat_XP_023734930.1	98.0	S	0.0
Smoe_XP_024527656.1	Qlob_XP_030973177.1	98.0	S	0.0
Ppat_XP_024366925.1	Qlob_XP_030973177.1	98.0	S	0.0
Smoe_XP_024527652.1	Qlob_XP_030973177.1	98.0	S	0.0
Smoe_XP_024520821.1	Qlob_XP_030973177.1	98.0	S	0.0
Smoe_XP_024520670.1	Qlob_XP_030973177.1	98.0	S	0.0
Smoe_XP_024527657.1	Qlob_XP_030973177.1	98.0	S	0.0
Smoe_XP_024532000.1	Qlob_XP_030973177.1	98.0	S	0.0
Smoe_XP_024527933.1	Qlob_XP_030973177.1	98.0	S	0.0
Smoe_XP_024527928.1	Qlob_XP_030973177.1	98.0	S	0.0
Smoe_XP_024527654.1	Qlob_XP_030973177.1	98.0	S	0.0
Smoe_XP_024520874.1	Qlob_XP_030973177.1	98.0	S	0.0
Smoe_XP_024527658.1	Qlob_XP_030973177.1	98.0	S	0.0
Mpol_BFI40533.1	Qlob_XP_030973177.1	98.0	S	0.0
Smoe_XP_024527934.1	Qlob_XP_030973177.1	98.0	S	0.0
Smoe_XP_024527935.1	Qlob_XP_030973177.1	98.0	S	0.0
Smoe_XP_024527653.1	Qlob_XP_030973177.1	98.0	S	0.0
Smoe_XP_024520770.1	Qlob_XP_030973177.1	98.0	S	0.0
Smoe_XP_024527929.1	Qlob_XP_030973177.1	98.0	S	0.0
Smoe_XP_024520721.1	Qlob_XP_030973177.1	98.0	S	0.0
Smoe_XP_024527655.1	Qlob_XP_030973177.1	98.0	S	0.0
Smoe_XP_024527931.1	Qlob_XP_030973177.1	98.0	S	0.0
Smoe_XP_024527932.1	Qlob_XP_030973177.1	98.0	S	0.0
Smoe_XP_024527930.1	Qlob_XP_030973177.1	98.0	S	0.0
Smoe_XP_024527656.1	Ecur_TVU34924.1	98.0	S	0.0
Ppat_XP_024366925.1	Ecur_TVU34924.1	98.0	S	0.0
Smoe_XP_024527652.1	Ecur_TVU34924.1	98.0	S	0.0
Smoe_XP_024520821.1	Ecur_TVU34924.1	98.0	S	0.0
Smoe_XP_024520670.1	Ecur_TVU34924.1	98.0	S	0.0
Smoe_XP_024527657.1	Ecur_TVU34924.1	98.0	S	0.0
Smoe_XP_024532000.1	Ecur_TVU34924.1	98.0	S	0.0
Smoe_XP_024527933.1	Ecur_TVU34924.1	98.0	S	0.0
Smoe_XP_024527928.1	Ecur_TVU34924.1	98.0	S	0.0
Smoe_XP_024527654.1	Ecur_TVU34924.1	98.0	S	0.0
Smoe_XP_024520874.1	Ecur_TVU34924.1	98.0	S	0.0
Smoe_XP_024527658.1	Ecur_TVU34924.1	98.0	S	0.0
Mpol_BFI40533.1	Ecur_TVU34924.1	98.0	S	0.0
Smoe_XP_024527934.1	Ecur_TVU34924.1	98.0	S	0.0
Smoe_XP_024527935.1	Ecur_TVU34924.1	98.0	S	0.0
Smoe_XP_024527653.1	Ecur_TVU34924.1	98.0	S	0.0
Smoe_XP_024520770.1	Ecur_TVU34924.1	98.0	S	0.0
Smoe_XP_024527929.1	Ecur_TVU34924.1	98.0	S	0.0
Smoe_XP_024520721.1	Ecur_TVU34924.1	98.0	S	0.0
Smoe_XP_024527655.1	Ecur_TVU34924.1	98.0	S	0.0
Smoe_XP_024527931.1	Ecur_TVU34924.1	98.0	S	0.0
Smoe_XP_024527932.1	Ecur_TVU34924.1	98.0	S	0.0
Smoe_XP_024527930.1	Ecur_TVU34924.1	98.0	S	0.0
Smoe_XP_024527656.1	Bnap_XP_048608056.1	98.0	S	0.0
Ppat_XP_024366925.1	Bnap_XP_048608056.1	98.0	S	0.0
Smoe_XP_024527652.1	Bnap_XP_048608056.1	98.0	S	0.0
Smoe_XP_024520821.1	Bnap_XP_048608056.1	98.0	S	0.0
Smoe_XP_024520670.1	Bnap_XP_048608056.1	98.0	S	0.0
Smoe_XP_024527657.1	Bnap_XP_048608056.1	98.0	S	0.0
Smoe_XP_024532000.1	Bnap_XP_048608056.1	98.0	S	0.0
Smoe_XP_024527933.1	Bnap_XP_048608056.1	98.0	S	0.0
Smoe_XP_024527928.1	Bnap_XP_048608056.1	98.0	S	0.0
Smoe_XP_024527654.1	Bnap_XP_048608056.1	98.0	S	0.0
Smoe_XP_024520874.1	Bnap_XP_048608056.1	98.0	S	0.0
Smoe_XP_024527658.1	Bnap_XP_048608056.1	98.0	S	0.0
Mpol_BFI40533.1	Bnap_XP_048608056.1	98.0	S	0.0
Smoe_XP_024527934.1	Bnap_XP_048608056.1	98.0	S	0.0
Smoe_XP_024527935.1	Bnap_XP_048608056.1	98.0	S	0.0
Smoe_XP_024527653.1	Bnap_XP_048608056.1	98.0	S	0.0
Smoe_XP_024520770.1	Bnap_XP_048608056.1	98.0	S	0.0
Smoe_XP_024527929.1	Bnap_XP_048608056.1	98.0	S	0.0
Smoe_XP_024520721.1	Bnap_XP_048608056.1	98.0	S	0.0
Smoe_XP_024527655.1	Bnap_XP_048608056.1	98.0	S	0.0
Smoe_XP_024527931.1	Bnap_XP_048608056.1	98.0	S	0.0
Smoe_XP_024527932.1	Bnap_XP_048608056.1	98.0	S	0.0
Smoe_XP_024527930.1	Bnap_XP_048608056.1	98.0	S	0.0
Smoe_XP_024527656.1	Tura_XP_048564742.1	98.0	S	0.0
Ppat_XP_024366925.1	Tura_XP_048564742.1	98.0	S	0.0
Smoe_XP_024527652.1	Tura_XP_048564742.1	98.0	S	0.0
Smoe_XP_024520821.1	Tura_XP_048564742.1	98.0	S	0.0
Smoe_XP_024520670.1	Tura_XP_048564742.1	98.0	S	0.0
Smoe_XP_024527657.1	Tura_XP_048564742.1	98.0	S	0.0
Smoe_XP_024532000.1	Tura_XP_048564742.1	98.0	S	0.0
Smoe_XP_024527933.1	Tura_XP_048564742.1	98.0	S	0.0
Smoe_XP_024527928.1	Tura_XP_048564742.1	98.0	S	0.0
Smoe_XP_024527654.1	Tura_XP_048564742.1	98.0	S	0.0
Smoe_XP_024520874.1	Tura_XP_048564742.1	98.0	S	0.0
Smoe_XP_024527658.1	Tura_XP_048564742.1	98.0	S	0.0
Mpol_BFI40533.1	Tura_XP_048564742.1	98.0	S	0.0
Smoe_XP_024527934.1	Tura_XP_048564742.1	98.0	S	0.0
Smoe_XP_024527935.1	Tura_XP_048564742.1	98.0	S	0.0
Smoe_XP_024527653.1	Tura_XP_048564742.1	98.0	S	0.0
Smoe_XP_024520770.1	Tura_XP_048564742.1	98.0	S	0.0
Smoe_XP_024527929.1	Tura_XP_048564742.1	98.0	S	0.0
Smoe_XP_024520721.1	Tura_XP_048564742.1	98.0	S	0.0
Smoe_XP_024527655.1	Tura_XP_048564742.1	98.0	S	0.0
Smoe_XP_024527931.1	Tura_XP_048564742.1	98.0	S	0.0
Smoe_XP_024527932.1	Tura_XP_048564742.1	98.0	S	0.0
Smoe_XP_024527930.1	Tura_XP_048564742.1	98.0	S	0.0
Smoe_XP_024527656.1	Osat_XP_015618184.1	98.0	S	0.0
Ppat_XP_024366925.1	Osat_XP_015618184.1	98.0	S	0.0
Smoe_XP_024527652.1	Osat_XP_015618184.1	98.0	S	0.0
Smoe_XP_024520821.1	Osat_XP_015618184.1	98.0	S	0.0
Smoe_XP_024520670.1	Osat_XP_015618184.1	98.0	S	0.0
Smoe_XP_024527657.1	Osat_XP_015618184.1	98.0	S	0.0
Smoe_XP_024532000.1	Osat_XP_015618184.1	98.0	S	0.0
Smoe_XP_024527933.1	Osat_XP_015618184.1	98.0	S	0.0
Smoe_XP_024527928.1	Osat_XP_015618184.1	98.0	S	0.0
Smoe_XP_024527654.1	Osat_XP_015618184.1	98.0	S	0.0
Smoe_XP_024520874.1	Osat_XP_015618184.1	98.0	S	0.0
Smoe_XP_024527658.1	Osat_XP_015618184.1	98.0	S	0.0
Mpol_BFI40533.1	Osat_XP_015618184.1	98.0	S	0.0
Smoe_XP_024527934.1	Osat_XP_015618184.1	98.0	S	0.0
Smoe_XP_024527935.1	Osat_XP_015618184.1	98.0	S	0.0
Smoe_XP_024527653.1	Osat_XP_015618184.1	98.0	S	0.0
Smoe_XP_024520770.1	Osat_XP_015618184.1	98.0	S	0.0
Smoe_XP_024527929.1	Osat_XP_015618184.1	98.0	S	0.0
Smoe_XP_024520721.1	Osat_XP_015618184.1	98.0	S	0.0
Smoe_XP_024527655.1	Osat_XP_015618184.1	98.0	S	0.0
Smoe_XP_024527931.1	Osat_XP_015618184.1	98.0	S	0.0
Smoe_XP_024527932.1	Osat_XP_015618184.1	98.0	S	0.0
Smoe_XP_024527930.1	Osat_XP_015618184.1	98.0	S	0.0
Smoe_XP_024527656.1	Atri_XP_020520101.1	98.0	S	0.0
Ppat_XP_024366925.1	Atri_XP_020520101.1	98.0	S	0.0
Smoe_XP_024527652.1	Atri_XP_020520101.1	98.0	S	0.0
Smoe_XP_024520821.1	Atri_XP_020520101.1	98.0	S	0.0
Smoe_XP_024520670.1	Atri_XP_020520101.1	98.0	S	0.0
Smoe_XP_024527657.1	Atri_XP_020520101.1	98.0	S	0.0
Smoe_XP_024532000.1	Atri_XP_020520101.1	98.0	S	0.0
Smoe_XP_024527933.1	Atri_XP_020520101.1	98.0	S	0.0
Smoe_XP_024527928.1	Atri_XP_020520101.1	98.0	S	0.0
Smoe_XP_024527654.1	Atri_XP_020520101.1	98.0	S	0.0
Smoe_XP_024520874.1	Atri_XP_020520101.1	98.0	S	0.0
Smoe_XP_024527658.1	Atri_XP_020520101.1	98.0	S	0.0
Mpol_BFI40533.1	Atri_XP_020520101.1	98.0	S	0.0
Smoe_XP_024527934.1	Atri_XP_020520101.1	98.0	S	0.0
Smoe_XP_024527935.1	Atri_XP_020520101.1	98.0	S	0.0
Smoe_XP_024527653.1	Atri_XP_020520101.1	98.0	S	0.0
Smoe_XP_024520770.1	Atri_XP_020520101.1	98.0	S	0.0
Smoe_XP_024527929.1	Atri_XP_020520101.1	98.0	S	0.0
Smoe_XP_024520721.1	Atri_XP_020520101.1	98.0	S	0.0
Smoe_XP_024527655.1	Atri_XP_020520101.1	98.0	S	0.0
Smoe_XP_024527931.1	Atri_XP_020520101.1	98.0	S	0.0
Smoe_XP_024527932.1	Atri_XP_020520101.1	98.0	S	0.0
Smoe_XP_024527930.1	Atri_XP_020520101.1	98.0	S	0.0
Smoe_XP_024527656.1	Mesc_XP_021612650.1	98.0	S	0.0
Ppat_XP_024366925.1	Mesc_XP_021612650.1	98.0	S	0.0
Smoe_XP_024527652.1	Mesc_XP_021612650.1	98.0	S	0.0
Smoe_XP_024520821.1	Mesc_XP_021612650.1	98.0	S	0.0
Smoe_XP_024520670.1	Mesc_XP_021612650.1	98.0	S	0.0
Smoe_XP_024527657.1	Mesc_XP_021612650.1	98.0	S	0.0
Smoe_XP_024532000.1	Mesc_XP_021612650.1	98.0	S	0.0
Smoe_XP_024527933.1	Mesc_XP_021612650.1	98.0	S	0.0
Smoe_XP_024527928.1	Mesc_XP_021612650.1	98.0	S	0.0
Smoe_XP_024527654.1	Mesc_XP_021612650.1	98.0	S	0.0
Smoe_XP_024520874.1	Mesc_XP_021612650.1	98.0	S	0.0
Smoe_XP_024527658.1	Mesc_XP_021612650.1	98.0	S	0.0
Mpol_BFI40533.1	Mesc_XP_021612650.1	98.0	S	0.0
Smoe_XP_024527934.1	Mesc_XP_021612650.1	98.0	S	0.0
Smoe_XP_024527935.1	Mesc_XP_021612650.1	98.0	S	0.0
Smoe_XP_024527653.1	Mesc_XP_021612650.1	98.0	S	0.0
Smoe_XP_024520770.1	Mesc_XP_021612650.1	98.0	S	0.0
Smoe_XP_024527929.1	Mesc_XP_021612650.1	98.0	S	0.0
Smoe_XP_024520721.1	Mesc_XP_021612650.1	98.0	S	0.0
Smoe_XP_024527655.1	Mesc_XP_021612650.1	98.0	S	0.0
Smoe_XP_024527931.1	Mesc_XP_021612650.1	98.0	S	0.0
Smoe_XP_024527932.1	Mesc_XP_021612650.1	98.0	S	0.0
Smoe_XP_024527930.1	Mesc_XP_021612650.1	98.0	S	0.0
Smoe_XP_024527656.1	Sollyc_XP_025888583.1	98.0	S	0.0
Ppat_XP_024366925.1	Sollyc_XP_025888583.1	98.0	S	0.0
Smoe_XP_024527652.1	Sollyc_XP_025888583.1	98.0	S	0.0
Smoe_XP_024520821.1	Sollyc_XP_025888583.1	98.0	S	0.0
Smoe_XP_024520670.1	Sollyc_XP_025888583.1	98.0	S	0.0
Smoe_XP_024527657.1	Sollyc_XP_025888583.1	98.0	S	0.0
Smoe_XP_024532000.1	Sollyc_XP_025888583.1	98.0	S	0.0
Smoe_XP_024527933.1	Sollyc_XP_025888583.1	98.0	S	0.0
Smoe_XP_024527928.1	Sollyc_XP_025888583.1	98.0	S	0.0
Smoe_XP_024527654.1	Sollyc_XP_025888583.1	98.0	S	0.0
Smoe_XP_024520874.1	Sollyc_XP_025888583.1	98.0	S	0.0
Smoe_XP_024527658.1	Sollyc_XP_025888583.1	98.0	S	0.0
Mpol_BFI40533.1	Sollyc_XP_025888583.1	98.0	S	0.0
Smoe_XP_024527934.1	Sollyc_XP_025888583.1	98.0	S	0.0
Smoe_XP_024527935.1	Sollyc_XP_025888583.1	98.0	S	0.0
Smoe_XP_024527653.1	Sollyc_XP_025888583.1	98.0	S	0.0
Smoe_XP_024520770.1	Sollyc_XP_025888583.1	98.0	S	0.0
Smoe_XP_024527929.1	Sollyc_XP_025888583.1	98.0	S	0.0
Smoe_XP_024520721.1	Sollyc_XP_025888583.1	98.0	S	0.0
Smoe_XP_024527655.1	Sollyc_XP_025888583.1	98.0	S	0.0
Smoe_XP_024527931.1	Sollyc_XP_025888583.1	98.0	S	0.0
Smoe_XP_024527932.1	Sollyc_XP_025888583.1	98.0	S	0.0
Smoe_XP_024527930.1	Sollyc_XP_025888583.1	98.0	S	0.0
Smoe_XP_024527656.1	Cofcan_CDP03676.1	98.0	S	0.0
Ppat_XP_024366925.1	Cofcan_CDP03676.1	98.0	S	0.0
Smoe_XP_024527652.1	Cofcan_CDP03676.1	98.0	S	0.0
Smoe_XP_024520821.1	Cofcan_CDP03676.1	98.0	S	0.0
Smoe_XP_024520670.1	Cofcan_CDP03676.1	98.0	S	0.0
Smoe_XP_024527657.1	Cofcan_CDP03676.1	98.0	S	0.0
Smoe_XP_024532000.1	Cofcan_CDP03676.1	98.0	S	0.0
Smoe_XP_024527933.1	Cofcan_CDP03676.1	98.0	S	0.0
Smoe_XP_024527928.1	Cofcan_CDP03676.1	98.0	S	0.0
Smoe_XP_024527654.1	Cofcan_CDP03676.1	98.0	S	0.0
Smoe_XP_024520874.1	Cofcan_CDP03676.1	98.0	S	0.0
Smoe_XP_024527658.1	Cofcan_CDP03676.1	98.0	S	0.0
Mpol_BFI40533.1	Cofcan_CDP03676.1	98.0	S	0.0
Smoe_XP_024527934.1	Cofcan_CDP03676.1	98.0	S	0.0
Smoe_XP_024527935.1	Cofcan_CDP03676.1	98.0	S	0.0
Smoe_XP_024527653.1	Cofcan_CDP03676.1	98.0	S	0.0
Smoe_XP_024520770.1	Cofcan_CDP03676.1	98.0	S	0.0
Smoe_XP_024527929.1	Cofcan_CDP03676.1	98.0	S	0.0
Smoe_XP_024520721.1	Cofcan_CDP03676.1	98.0	S	0.0
Smoe_XP_024527655.1	Cofcan_CDP03676.1	98.0	S	0.0
Smoe_XP_024527931.1	Cofcan_CDP03676.1	98.0	S	0.0
Smoe_XP_024527932.1	Cofcan_CDP03676.1	98.0	S	0.0
Smoe_XP_024527930.1	Cofcan_CDP03676.1	98.0	S	0.0
Smoe_XP_024527656.1	Bnap_XP_013682006.3	98.0	S	0.0
Ppat_XP_024366925.1	Bnap_XP_013682006.3	98.0	S	0.0
Smoe_XP_024527652.1	Bnap_XP_013682006.3	98.0	S	0.0
Smoe_XP_024520821.1	Bnap_XP_013682006.3	98.0	S	0.0
Smoe_XP_024520670.1	Bnap_XP_013682006.3	98.0	S	0.0
Smoe_XP_024527657.1	Bnap_XP_013682006.3	98.0	S	0.0
Smoe_XP_024532000.1	Bnap_XP_013682006.3	98.0	S	0.0
Smoe_XP_024527933.1	Bnap_XP_013682006.3	98.0	S	0.0
Smoe_XP_024527928.1	Bnap_XP_013682006.3	98.0	S	0.0
Smoe_XP_024527654.1	Bnap_XP_013682006.3	98.0	S	0.0
Smoe_XP_024520874.1	Bnap_XP_013682006.3	98.0	S	0.0
Smoe_XP_024527658.1	Bnap_XP_013682006.3	98.0	S	0.0
Mpol_BFI40533.1	Bnap_XP_013682006.3	98.0	S	0.0
Smoe_XP_024527934.1	Bnap_XP_013682006.3	98.0	S	0.0
Smoe_XP_024527935.1	Bnap_XP_013682006.3	98.0	S	0.0
Smoe_XP_024527653.1	Bnap_XP_013682006.3	98.0	S	0.0
Smoe_XP_024520770.1	Bnap_XP_013682006.3	98.0	S	0.0
Smoe_XP_024527929.1	Bnap_XP_013682006.3	98.0	S	0.0
Smoe_XP_024520721.1	Bnap_XP_013682006.3	98.0	S	0.0
Smoe_XP_024527655.1	Bnap_XP_013682006.3	98.0	S	0.0
Smoe_XP_024527931.1	Bnap_XP_013682006.3	98.0	S	0.0
Smoe_XP_024527932.1	Bnap_XP_013682006.3	98.0	S	0.0
Smoe_XP_024527930.1	Bnap_XP_013682006.3	98.0	S	0.0
Smoe_XP_024527656.1	Osat_XP_015618176.1	98.0	S	0.0
Ppat_XP_024366925.1	Osat_XP_015618176.1	98.0	S	0.0
Smoe_XP_024527652.1	Osat_XP_015618176.1	98.0	S	0.0
Smoe_XP_024520821.1	Osat_XP_015618176.1	98.0	S	0.0
Smoe_XP_024520670.1	Osat_XP_015618176.1	98.0	S	0.0
Smoe_XP_024527657.1	Osat_XP_015618176.1	98.0	S	0.0
Smoe_XP_024532000.1	Osat_XP_015618176.1	98.0	S	0.0
Smoe_XP_024527933.1	Osat_XP_015618176.1	98.0	S	0.0
Smoe_XP_024527928.1	Osat_XP_015618176.1	98.0	S	0.0
Smoe_XP_024527654.1	Osat_XP_015618176.1	98.0	S	0.0
Smoe_XP_024520874.1	Osat_XP_015618176.1	98.0	S	0.0
Smoe_XP_024527658.1	Osat_XP_015618176.1	98.0	S	0.0
Mpol_BFI40533.1	Osat_XP_015618176.1	98.0	S	0.0
Smoe_XP_024527934.1	Osat_XP_015618176.1	98.0	S	0.0
Smoe_XP_024527935.1	Osat_XP_015618176.1	98.0	S	0.0
Smoe_XP_024527653.1	Osat_XP_015618176.1	98.0	S	0.0
Smoe_XP_024520770.1	Osat_XP_015618176.1	98.0	S	0.0
Smoe_XP_024527929.1	Osat_XP_015618176.1	98.0	S	0.0
Smoe_XP_024520721.1	Osat_XP_015618176.1	98.0	S	0.0
Smoe_XP_024527655.1	Osat_XP_015618176.1	98.0	S	0.0
Smoe_XP_024527931.1	Osat_XP_015618176.1	98.0	S	0.0
Smoe_XP_024527932.1	Osat_XP_015618176.1	98.0	S	0.0
Smoe_XP_024527930.1	Osat_XP_015618176.1	98.0	S	0.0
Smoe_XP_024527656.1	Psat_XP_050887295.1	98.0	S	0.0
Ppat_XP_024366925.1	Psat_XP_050887295.1	98.0	S	0.0
Smoe_XP_024527652.1	Psat_XP_050887295.1	98.0	S	0.0
Smoe_XP_024520821.1	Psat_XP_050887295.1	98.0	S	0.0
Smoe_XP_024520670.1	Psat_XP_050887295.1	98.0	S	0.0
Smoe_XP_024527657.1	Psat_XP_050887295.1	98.0	S	0.0
Smoe_XP_024532000.1	Psat_XP_050887295.1	98.0	S	0.0
Smoe_XP_024527933.1	Psat_XP_050887295.1	98.0	S	0.0
Smoe_XP_024527928.1	Psat_XP_050887295.1	98.0	S	0.0
Smoe_XP_024527654.1	Psat_XP_050887295.1	98.0	S	0.0
Smoe_XP_024520874.1	Psat_XP_050887295.1	98.0	S	0.0
Smoe_XP_024527658.1	Psat_XP_050887295.1	98.0	S	0.0
Mpol_BFI40533.1	Psat_XP_050887295.1	98.0	S	0.0
Smoe_XP_024527934.1	Psat_XP_050887295.1	98.0	S	0.0
Smoe_XP_024527935.1	Psat_XP_050887295.1	98.0	S	0.0
Smoe_XP_024527653.1	Psat_XP_050887295.1	98.0	S	0.0
Smoe_XP_024520770.1	Psat_XP_050887295.1	98.0	S	0.0
Smoe_XP_024527929.1	Psat_XP_050887295.1	98.0	S	0.0
Smoe_XP_024520721.1	Psat_XP_050887295.1	98.0	S	0.0
Smoe_XP_024527655.1	Psat_XP_050887295.1	98.0	S	0.0
Smoe_XP_024527931.1	Psat_XP_050887295.1	98.0	S	0.0
Smoe_XP_024527932.1	Psat_XP_050887295.1	98.0	S	0.0
Smoe_XP_024527930.1	Psat_XP_050887295.1	98.0	S	0.0
Smoe_XP_024527656.1	Sollyc_XP_004247201.1	98.0	S	0.0
Ppat_XP_024366925.1	Sollyc_XP_004247201.1	98.0	S	0.0
Smoe_XP_024527652.1	Sollyc_XP_004247201.1	98.0	S	0.0
Smoe_XP_024520821.1	Sollyc_XP_004247201.1	98.0	S	0.0
Smoe_XP_024520670.1	Sollyc_XP_004247201.1	98.0	S	0.0
Smoe_XP_024527657.1	Sollyc_XP_004247201.1	98.0	S	0.0
Smoe_XP_024532000.1	Sollyc_XP_004247201.1	98.0	S	0.0
Smoe_XP_024527933.1	Sollyc_XP_004247201.1	98.0	S	0.0
Smoe_XP_024527928.1	Sollyc_XP_004247201.1	98.0	S	0.0
Smoe_XP_024527654.1	Sollyc_XP_004247201.1	98.0	S	0.0
Smoe_XP_024520874.1	Sollyc_XP_004247201.1	98.0	S	0.0
Smoe_XP_024527658.1	Sollyc_XP_004247201.1	98.0	S	0.0
Mpol_BFI40533.1	Sollyc_XP_004247201.1	98.0	S	0.0
Smoe_XP_024527934.1	Sollyc_XP_004247201.1	98.0	S	0.0
Smoe_XP_024527935.1	Sollyc_XP_004247201.1	98.0	S	0.0
Smoe_XP_024527653.1	Sollyc_XP_004247201.1	98.0	S	0.0
Smoe_XP_024520770.1	Sollyc_XP_004247201.1	98.0	S	0.0
Smoe_XP_024527929.1	Sollyc_XP_004247201.1	98.0	S	0.0
Smoe_XP_024520721.1	Sollyc_XP_004247201.1	98.0	S	0.0
Smoe_XP_024527655.1	Sollyc_XP_004247201.1	98.0	S	0.0
Smoe_XP_024527931.1	Sollyc_XP_004247201.1	98.0	S	0.0
Smoe_XP_024527932.1	Sollyc_XP_004247201.1	98.0	S	0.0
Smoe_XP_024527930.1	Sollyc_XP_004247201.1	98.0	S	0.0
Smoe_XP_024527656.1	Qlob_XP_030947629.1	98.0	S	0.0
Ppat_XP_024366925.1	Qlob_XP_030947629.1	98.0	S	0.0
Smoe_XP_024527652.1	Qlob_XP_030947629.1	98.0	S	0.0
Smoe_XP_024520821.1	Qlob_XP_030947629.1	98.0	S	0.0
Smoe_XP_024520670.1	Qlob_XP_030947629.1	98.0	S	0.0
Smoe_XP_024527657.1	Qlob_XP_030947629.1	98.0	S	0.0
Smoe_XP_024532000.1	Qlob_XP_030947629.1	98.0	S	0.0
Smoe_XP_024527933.1	Qlob_XP_030947629.1	98.0	S	0.0
Smoe_XP_024527928.1	Qlob_XP_030947629.1	98.0	S	0.0
Smoe_XP_024527654.1	Qlob_XP_030947629.1	98.0	S	0.0
Smoe_XP_024520874.1	Qlob_XP_030947629.1	98.0	S	0.0
Smoe_XP_024527658.1	Qlob_XP_030947629.1	98.0	S	0.0
Mpol_BFI40533.1	Qlob_XP_030947629.1	98.0	S	0.0
Smoe_XP_024527934.1	Qlob_XP_030947629.1	98.0	S	0.0
Smoe_XP_024527935.1	Qlob_XP_030947629.1	98.0	S	0.0
Smoe_XP_024527653.1	Qlob_XP_030947629.1	98.0	S	0.0
Smoe_XP_024520770.1	Qlob_XP_030947629.1	98.0	S	0.0
Smoe_XP_024527929.1	Qlob_XP_030947629.1	98.0	S	0.0
Smoe_XP_024520721.1	Qlob_XP_030947629.1	98.0	S	0.0
Smoe_XP_024527655.1	Qlob_XP_030947629.1	98.0	S	0.0
Smoe_XP_024527931.1	Qlob_XP_030947629.1	98.0	S	0.0
Smoe_XP_024527932.1	Qlob_XP_030947629.1	98.0	S	0.0
Smoe_XP_024527930.1	Qlob_XP_030947629.1	98.0	S	0.0
Smoe_XP_024527656.1	Bdis_XP_003569931.2	98.0	S	0.0
Ppat_XP_024366925.1	Bdis_XP_003569931.2	98.0	S	0.0
Smoe_XP_024527652.1	Bdis_XP_003569931.2	98.0	S	0.0
Smoe_XP_024520821.1	Bdis_XP_003569931.2	98.0	S	0.0
Smoe_XP_024520670.1	Bdis_XP_003569931.2	98.0	S	0.0
Smoe_XP_024527657.1	Bdis_XP_003569931.2	98.0	S	0.0
Smoe_XP_024532000.1	Bdis_XP_003569931.2	98.0	S	0.0
Smoe_XP_024527933.1	Bdis_XP_003569931.2	98.0	S	0.0
Smoe_XP_024527928.1	Bdis_XP_003569931.2	98.0	S	0.0
Smoe_XP_024527654.1	Bdis_XP_003569931.2	98.0	S	0.0
Smoe_XP_024520874.1	Bdis_XP_003569931.2	98.0	S	0.0
Smoe_XP_024527658.1	Bdis_XP_003569931.2	98.0	S	0.0
Mpol_BFI40533.1	Bdis_XP_003569931.2	98.0	S	0.0
Smoe_XP_024527934.1	Bdis_XP_003569931.2	98.0	S	0.0
Smoe_XP_024527935.1	Bdis_XP_003569931.2	98.0	S	0.0
Smoe_XP_024527653.1	Bdis_XP_003569931.2	98.0	S	0.0
Smoe_XP_024520770.1	Bdis_XP_003569931.2	98.0	S	0.0
Smoe_XP_024527929.1	Bdis_XP_003569931.2	98.0	S	0.0
Smoe_XP_024520721.1	Bdis_XP_003569931.2	98.0	S	0.0
Smoe_XP_024527655.1	Bdis_XP_003569931.2	98.0	S	0.0
Smoe_XP_024527931.1	Bdis_XP_003569931.2	98.0	S	0.0
Smoe_XP_024527932.1	Bdis_XP_003569931.2	98.0	S	0.0
Smoe_XP_024527930.1	Bdis_XP_003569931.2	98.0	S	0.0
Smoe_XP_024527656.1	Qlob_XP_030947628.1	98.0	S	0.0
Ppat_XP_024366925.1	Qlob_XP_030947628.1	98.0	S	0.0
Smoe_XP_024527652.1	Qlob_XP_030947628.1	98.0	S	0.0
Smoe_XP_024520821.1	Qlob_XP_030947628.1	98.0	S	0.0
Smoe_XP_024520670.1	Qlob_XP_030947628.1	98.0	S	0.0
Smoe_XP_024527657.1	Qlob_XP_030947628.1	98.0	S	0.0
Smoe_XP_024532000.1	Qlob_XP_030947628.1	98.0	S	0.0
Smoe_XP_024527933.1	Qlob_XP_030947628.1	98.0	S	0.0
Smoe_XP_024527928.1	Qlob_XP_030947628.1	98.0	S	0.0
Smoe_XP_024527654.1	Qlob_XP_030947628.1	98.0	S	0.0
Smoe_XP_024520874.1	Qlob_XP_030947628.1	98.0	S	0.0
Smoe_XP_024527658.1	Qlob_XP_030947628.1	98.0	S	0.0
Mpol_BFI40533.1	Qlob_XP_030947628.1	98.0	S	0.0
Smoe_XP_024527934.1	Qlob_XP_030947628.1	98.0	S	0.0
Smoe_XP_024527935.1	Qlob_XP_030947628.1	98.0	S	0.0
Smoe_XP_024527653.1	Qlob_XP_030947628.1	98.0	S	0.0
Smoe_XP_024520770.1	Qlob_XP_030947628.1	98.0	S	0.0
Smoe_XP_024527929.1	Qlob_XP_030947628.1	98.0	S	0.0
Smoe_XP_024520721.1	Qlob_XP_030947628.1	98.0	S	0.0
Smoe_XP_024527655.1	Qlob_XP_030947628.1	98.0	S	0.0
Smoe_XP_024527931.1	Qlob_XP_030947628.1	98.0	S	0.0
Smoe_XP_024527932.1	Qlob_XP_030947628.1	98.0	S	0.0
Smoe_XP_024527930.1	Qlob_XP_030947628.1	98.0	S	0.0
Smoe_XP_024527656.1	Rchi_XP_024164996.1	98.0	S	0.0
Ppat_XP_024366925.1	Rchi_XP_024164996.1	98.0	S	0.0
Smoe_XP_024527652.1	Rchi_XP_024164996.1	98.0	S	0.0
Smoe_XP_024520821.1	Rchi_XP_024164996.1	98.0	S	0.0
Smoe_XP_024520670.1	Rchi_XP_024164996.1	98.0	S	0.0
Smoe_XP_024527657.1	Rchi_XP_024164996.1	98.0	S	0.0
Smoe_XP_024532000.1	Rchi_XP_024164996.1	98.0	S	0.0
Smoe_XP_024527933.1	Rchi_XP_024164996.1	98.0	S	0.0
Smoe_XP_024527928.1	Rchi_XP_024164996.1	98.0	S	0.0
Smoe_XP_024527654.1	Rchi_XP_024164996.1	98.0	S	0.0
Smoe_XP_024520874.1	Rchi_XP_024164996.1	98.0	S	0.0
Smoe_XP_024527658.1	Rchi_XP_024164996.1	98.0	S	0.0
Mpol_BFI40533.1	Rchi_XP_024164996.1	98.0	S	0.0
Smoe_XP_024527934.1	Rchi_XP_024164996.1	98.0	S	0.0
Smoe_XP_024527935.1	Rchi_XP_024164996.1	98.0	S	0.0
Smoe_XP_024527653.1	Rchi_XP_024164996.1	98.0	S	0.0
Smoe_XP_024520770.1	Rchi_XP_024164996.1	98.0	S	0.0
Smoe_XP_024527929.1	Rchi_XP_024164996.1	98.0	S	0.0
Smoe_XP_024520721.1	Rchi_XP_024164996.1	98.0	S	0.0
Smoe_XP_024527655.1	Rchi_XP_024164996.1	98.0	S	0.0
Smoe_XP_024527931.1	Rchi_XP_024164996.1	98.0	S	0.0
Smoe_XP_024527932.1	Rchi_XP_024164996.1	98.0	S	0.0
Smoe_XP_024527930.1	Rchi_XP_024164996.1	98.0	S	0.0
Smoe_XP_024527656.1	Atha_NP_001318604.1	98.0	S	0.0
Ppat_XP_024366925.1	Atha_NP_001318604.1	98.0	S	0.0
Smoe_XP_024527652.1	Atha_NP_001318604.1	98.0	S	0.0
Smoe_XP_024520821.1	Atha_NP_001318604.1	98.0	S	0.0
Smoe_XP_024520670.1	Atha_NP_001318604.1	98.0	S	0.0
Smoe_XP_024527657.1	Atha_NP_001318604.1	98.0	S	0.0
Smoe_XP_024532000.1	Atha_NP_001318604.1	98.0	S	0.0
Smoe_XP_024527933.1	Atha_NP_001318604.1	98.0	S	0.0
Smoe_XP_024527928.1	Atha_NP_001318604.1	98.0	S	0.0
Smoe_XP_024527654.1	Atha_NP_001318604.1	98.0	S	0.0
Smoe_XP_024520874.1	Atha_NP_001318604.1	98.0	S	0.0
Smoe_XP_024527658.1	Atha_NP_001318604.1	98.0	S	0.0
Mpol_BFI40533.1	Atha_NP_001318604.1	98.0	S	0.0
Smoe_XP_024527934.1	Atha_NP_001318604.1	98.0	S	0.0
Smoe_XP_024527935.1	Atha_NP_001318604.1	98.0	S	0.0
Smoe_XP_024527653.1	Atha_NP_001318604.1	98.0	S	0.0
Smoe_XP_024520770.1	Atha_NP_001318604.1	98.0	S	0.0
Smoe_XP_024527929.1	Atha_NP_001318604.1	98.0	S	0.0
Smoe_XP_024520721.1	Atha_NP_001318604.1	98.0	S	0.0
Smoe_XP_024527655.1	Atha_NP_001318604.1	98.0	S	0.0
Smoe_XP_024527931.1	Atha_NP_001318604.1	98.0	S	0.0
Smoe_XP_024527932.1	Atha_NP_001318604.1	98.0	S	0.0
Smoe_XP_024527930.1	Atha_NP_001318604.1	98.0	S	0.0
Smoe_XP_024527656.1	Atha_NP_001190341.1	98.0	S	0.0
Ppat_XP_024366925.1	Atha_NP_001190341.1	98.0	S	0.0
Smoe_XP_024527652.1	Atha_NP_001190341.1	98.0	S	0.0
Smoe_XP_024520821.1	Atha_NP_001190341.1	98.0	S	0.0
Smoe_XP_024520670.1	Atha_NP_001190341.1	98.0	S	0.0
Smoe_XP_024527657.1	Atha_NP_001190341.1	98.0	S	0.0
Smoe_XP_024532000.1	Atha_NP_001190341.1	98.0	S	0.0
Smoe_XP_024527933.1	Atha_NP_001190341.1	98.0	S	0.0
Smoe_XP_024527928.1	Atha_NP_001190341.1	98.0	S	0.0
Smoe_XP_024527654.1	Atha_NP_001190341.1	98.0	S	0.0
Smoe_XP_024520874.1	Atha_NP_001190341.1	98.0	S	0.0
Smoe_XP_024527658.1	Atha_NP_001190341.1	98.0	S	0.0
Mpol_BFI40533.1	Atha_NP_001190341.1	98.0	S	0.0
Smoe_XP_024527934.1	Atha_NP_001190341.1	98.0	S	0.0
Smoe_XP_024527935.1	Atha_NP_001190341.1	98.0	S	0.0
Smoe_XP_024527653.1	Atha_NP_001190341.1	98.0	S	0.0
Smoe_XP_024520770.1	Atha_NP_001190341.1	98.0	S	0.0
Smoe_XP_024527929.1	Atha_NP_001190341.1	98.0	S	0.0
Smoe_XP_024520721.1	Atha_NP_001190341.1	98.0	S	0.0
Smoe_XP_024527655.1	Atha_NP_001190341.1	98.0	S	0.0
Smoe_XP_024527931.1	Atha_NP_001190341.1	98.0	S	0.0
Smoe_XP_024527932.1	Atha_NP_001190341.1	98.0	S	0.0
Smoe_XP_024527930.1	Atha_NP_001190341.1	98.0	S	0.0
Smoe_XP_024527656.1	Bnap_XP_013730750.2	98.0	S	0.0
Ppat_XP_024366925.1	Bnap_XP_013730750.2	98.0	S	0.0
Smoe_XP_024527652.1	Bnap_XP_013730750.2	98.0	S	0.0
Smoe_XP_024520821.1	Bnap_XP_013730750.2	98.0	S	0.0
Smoe_XP_024520670.1	Bnap_XP_013730750.2	98.0	S	0.0
Smoe_XP_024527657.1	Bnap_XP_013730750.2	98.0	S	0.0
Smoe_XP_024532000.1	Bnap_XP_013730750.2	98.0	S	0.0
Smoe_XP_024527933.1	Bnap_XP_013730750.2	98.0	S	0.0
Smoe_XP_024527928.1	Bnap_XP_013730750.2	98.0	S	0.0
Smoe_XP_024527654.1	Bnap_XP_013730750.2	98.0	S	0.0
Smoe_XP_024520874.1	Bnap_XP_013730750.2	98.0	S	0.0
Smoe_XP_024527658.1	Bnap_XP_013730750.2	98.0	S	0.0
Mpol_BFI40533.1	Bnap_XP_013730750.2	98.0	S	0.0
Smoe_XP_024527934.1	Bnap_XP_013730750.2	98.0	S	0.0
Smoe_XP_024527935.1	Bnap_XP_013730750.2	98.0	S	0.0
Smoe_XP_024527653.1	Bnap_XP_013730750.2	98.0	S	0.0
Smoe_XP_024520770.1	Bnap_XP_013730750.2	98.0	S	0.0
Smoe_XP_024527929.1	Bnap_XP_013730750.2	98.0	S	0.0
Smoe_XP_024520721.1	Bnap_XP_013730750.2	98.0	S	0.0
Smoe_XP_024527655.1	Bnap_XP_013730750.2	98.0	S	0.0
Smoe_XP_024527931.1	Bnap_XP_013730750.2	98.0	S	0.0
Smoe_XP_024527932.1	Bnap_XP_013730750.2	98.0	S	0.0
Smoe_XP_024527930.1	Bnap_XP_013730750.2	98.0	S	0.0
Smoe_XP_024527656.1	Mesc_XP_043812339.1	98.0	S	0.0
Ppat_XP_024366925.1	Mesc_XP_043812339.1	98.0	S	0.0
Smoe_XP_024527652.1	Mesc_XP_043812339.1	98.0	S	0.0
Smoe_XP_024520821.1	Mesc_XP_043812339.1	98.0	S	0.0
Smoe_XP_024520670.1	Mesc_XP_043812339.1	98.0	S	0.0
Smoe_XP_024527657.1	Mesc_XP_043812339.1	98.0	S	0.0
Smoe_XP_024532000.1	Mesc_XP_043812339.1	98.0	S	0.0
Smoe_XP_024527933.1	Mesc_XP_043812339.1	98.0	S	0.0
Smoe_XP_024527928.1	Mesc_XP_043812339.1	98.0	S	0.0
Smoe_XP_024527654.1	Mesc_XP_043812339.1	98.0	S	0.0
Smoe_XP_024520874.1	Mesc_XP_043812339.1	98.0	S	0.0
Smoe_XP_024527658.1	Mesc_XP_043812339.1	98.0	S	0.0
Mpol_BFI40533.1	Mesc_XP_043812339.1	98.0	S	0.0
Smoe_XP_024527934.1	Mesc_XP_043812339.1	98.0	S	0.0
Smoe_XP_024527935.1	Mesc_XP_043812339.1	98.0	S	0.0
Smoe_XP_024527653.1	Mesc_XP_043812339.1	98.0	S	0.0
Smoe_XP_024520770.1	Mesc_XP_043812339.1	98.0	S	0.0
Smoe_XP_024527929.1	Mesc_XP_043812339.1	98.0	S	0.0
Smoe_XP_024520721.1	Mesc_XP_043812339.1	98.0	S	0.0
Smoe_XP_024527655.1	Mesc_XP_043812339.1	98.0	S	0.0
Smoe_XP_024527931.1	Mesc_XP_043812339.1	98.0	S	0.0
Smoe_XP_024527932.1	Mesc_XP_043812339.1	98.0	S	0.0
Smoe_XP_024527930.1	Mesc_XP_043812339.1	98.0	S	0.0
Smoe_XP_024527656.1	Bnap_XP_048608055.1	98.0	S	0.0
Ppat_XP_024366925.1	Bnap_XP_048608055.1	98.0	S	0.0
Smoe_XP_024527652.1	Bnap_XP_048608055.1	98.0	S	0.0
Smoe_XP_024520821.1	Bnap_XP_048608055.1	98.0	S	0.0
Smoe_XP_024520670.1	Bnap_XP_048608055.1	98.0	S	0.0
Smoe_XP_024527657.1	Bnap_XP_048608055.1	98.0	S	0.0
Smoe_XP_024532000.1	Bnap_XP_048608055.1	98.0	S	0.0
Smoe_XP_024527933.1	Bnap_XP_048608055.1	98.0	S	0.0
Smoe_XP_024527928.1	Bnap_XP_048608055.1	98.0	S	0.0
Smoe_XP_024527654.1	Bnap_XP_048608055.1	98.0	S	0.0
Smoe_XP_024520874.1	Bnap_XP_048608055.1	98.0	S	0.0
Smoe_XP_024527658.1	Bnap_XP_048608055.1	98.0	S	0.0
Mpol_BFI40533.1	Bnap_XP_048608055.1	98.0	S	0.0
Smoe_XP_024527934.1	Bnap_XP_048608055.1	98.0	S	0.0
Smoe_XP_024527935.1	Bnap_XP_048608055.1	98.0	S	0.0
Smoe_XP_024527653.1	Bnap_XP_048608055.1	98.0	S	0.0
Smoe_XP_024520770.1	Bnap_XP_048608055.1	98.0	S	0.0
Smoe_XP_024527929.1	Bnap_XP_048608055.1	98.0	S	0.0
Smoe_XP_024520721.1	Bnap_XP_048608055.1	98.0	S	0.0
Smoe_XP_024527655.1	Bnap_XP_048608055.1	98.0	S	0.0
Smoe_XP_024527931.1	Bnap_XP_048608055.1	98.0	S	0.0
Smoe_XP_024527932.1	Bnap_XP_048608055.1	98.0	S	0.0
Smoe_XP_024527930.1	Bnap_XP_048608055.1	98.0	S	0.0
Smoe_XP_024527656.1	Osat_XP_015618169.1	98.0	S	0.0
Ppat_XP_024366925.1	Osat_XP_015618169.1	98.0	S	0.0
Smoe_XP_024527652.1	Osat_XP_015618169.1	98.0	S	0.0
Smoe_XP_024520821.1	Osat_XP_015618169.1	98.0	S	0.0
Smoe_XP_024520670.1	Osat_XP_015618169.1	98.0	S	0.0
Smoe_XP_024527657.1	Osat_XP_015618169.1	98.0	S	0.0
Smoe_XP_024532000.1	Osat_XP_015618169.1	98.0	S	0.0
Smoe_XP_024527933.1	Osat_XP_015618169.1	98.0	S	0.0
Smoe_XP_024527928.1	Osat_XP_015618169.1	98.0	S	0.0
Smoe_XP_024527654.1	Osat_XP_015618169.1	98.0	S	0.0
Smoe_XP_024520874.1	Osat_XP_015618169.1	98.0	S	0.0
Smoe_XP_024527658.1	Osat_XP_015618169.1	98.0	S	0.0
Mpol_BFI40533.1	Osat_XP_015618169.1	98.0	S	0.0
Smoe_XP_024527934.1	Osat_XP_015618169.1	98.0	S	0.0
Smoe_XP_024527935.1	Osat_XP_015618169.1	98.0	S	0.0
Smoe_XP_024527653.1	Osat_XP_015618169.1	98.0	S	0.0
Smoe_XP_024520770.1	Osat_XP_015618169.1	98.0	S	0.0
Smoe_XP_024527929.1	Osat_XP_015618169.1	98.0	S	0.0
Smoe_XP_024520721.1	Osat_XP_015618169.1	98.0	S	0.0
Smoe_XP_024527655.1	Osat_XP_015618169.1	98.0	S	0.0
Smoe_XP_024527931.1	Osat_XP_015618169.1	98.0	S	0.0
Smoe_XP_024527932.1	Osat_XP_015618169.1	98.0	S	0.0
Smoe_XP_024527930.1	Osat_XP_015618169.1	98.0	S	0.0
Smoe_XP_024527656.1	Atri_XP_020520100.1	98.0	S	0.0
Ppat_XP_024366925.1	Atri_XP_020520100.1	98.0	S	0.0
Smoe_XP_024527652.1	Atri_XP_020520100.1	98.0	S	0.0
Smoe_XP_024520821.1	Atri_XP_020520100.1	98.0	S	0.0
Smoe_XP_024520670.1	Atri_XP_020520100.1	98.0	S	0.0
Smoe_XP_024527657.1	Atri_XP_020520100.1	98.0	S	0.0
Smoe_XP_024532000.1	Atri_XP_020520100.1	98.0	S	0.0
Smoe_XP_024527933.1	Atri_XP_020520100.1	98.0	S	0.0
Smoe_XP_024527928.1	Atri_XP_020520100.1	98.0	S	0.0
Smoe_XP_024527654.1	Atri_XP_020520100.1	98.0	S	0.0
Smoe_XP_024520874.1	Atri_XP_020520100.1	98.0	S	0.0
Smoe_XP_024527658.1	Atri_XP_020520100.1	98.0	S	0.0
Mpol_BFI40533.1	Atri_XP_020520100.1	98.0	S	0.0
Smoe_XP_024527934.1	Atri_XP_020520100.1	98.0	S	0.0
Smoe_XP_024527935.1	Atri_XP_020520100.1	98.0	S	0.0
Smoe_XP_024527653.1	Atri_XP_020520100.1	98.0	S	0.0
Smoe_XP_024520770.1	Atri_XP_020520100.1	98.0	S	0.0
Smoe_XP_024527929.1	Atri_XP_020520100.1	98.0	S	0.0
Smoe_XP_024520721.1	Atri_XP_020520100.1	98.0	S	0.0
Smoe_XP_024527655.1	Atri_XP_020520100.1	98.0	S	0.0
Smoe_XP_024527931.1	Atri_XP_020520100.1	98.0	S	0.0
Smoe_XP_024527932.1	Atri_XP_020520100.1	98.0	S	0.0
Smoe_XP_024527930.1	Atri_XP_020520100.1	98.0	S	0.0
Smoe_XP_024527656.1	Osat_XP_025877206.1	98.0	S	0.0
Ppat_XP_024366925.1	Osat_XP_025877206.1	98.0	S	0.0
Smoe_XP_024527652.1	Osat_XP_025877206.1	98.0	S	0.0
Smoe_XP_024520821.1	Osat_XP_025877206.1	98.0	S	0.0
Smoe_XP_024520670.1	Osat_XP_025877206.1	98.0	S	0.0
Smoe_XP_024527657.1	Osat_XP_025877206.1	98.0	S	0.0
Smoe_XP_024532000.1	Osat_XP_025877206.1	98.0	S	0.0
Smoe_XP_024527933.1	Osat_XP_025877206.1	98.0	S	0.0
Smoe_XP_024527928.1	Osat_XP_025877206.1	98.0	S	0.0
Smoe_XP_024527654.1	Osat_XP_025877206.1	98.0	S	0.0
Smoe_XP_024520874.1	Osat_XP_025877206.1	98.0	S	0.0
Smoe_XP_024527658.1	Osat_XP_025877206.1	98.0	S	0.0
Mpol_BFI40533.1	Osat_XP_025877206.1	98.0	S	0.0
Smoe_XP_024527934.1	Osat_XP_025877206.1	98.0	S	0.0
Smoe_XP_024527935.1	Osat_XP_025877206.1	98.0	S	0.0
Smoe_XP_024527653.1	Osat_XP_025877206.1	98.0	S	0.0
Smoe_XP_024520770.1	Osat_XP_025877206.1	98.0	S	0.0
Smoe_XP_024527929.1	Osat_XP_025877206.1	98.0	S	0.0
Smoe_XP_024520721.1	Osat_XP_025877206.1	98.0	S	0.0
Smoe_XP_024527655.1	Osat_XP_025877206.1	98.0	S	0.0
Smoe_XP_024527931.1	Osat_XP_025877206.1	98.0	S	0.0
Smoe_XP_024527932.1	Osat_XP_025877206.1	98.0	S	0.0
Smoe_XP_024527930.1	Osat_XP_025877206.1	98.0	S	0.0
Smoe_XP_024527656.1	Ecur_TVU34937.1	98.0	S	0.0
Ppat_XP_024366925.1	Ecur_TVU34937.1	98.0	S	0.0
Smoe_XP_024527652.1	Ecur_TVU34937.1	98.0	S	0.0
Smoe_XP_024520821.1	Ecur_TVU34937.1	98.0	S	0.0
Smoe_XP_024520670.1	Ecur_TVU34937.1	98.0	S	0.0
Smoe_XP_024527657.1	Ecur_TVU34937.1	98.0	S	0.0
Smoe_XP_024532000.1	Ecur_TVU34937.1	98.0	S	0.0
Smoe_XP_024527933.1	Ecur_TVU34937.1	98.0	S	0.0
Smoe_XP_024527928.1	Ecur_TVU34937.1	98.0	S	0.0
Smoe_XP_024527654.1	Ecur_TVU34937.1	98.0	S	0.0
Smoe_XP_024520874.1	Ecur_TVU34937.1	98.0	S	0.0
Smoe_XP_024527658.1	Ecur_TVU34937.1	98.0	S	0.0
Mpol_BFI40533.1	Ecur_TVU34937.1	98.0	S	0.0
Smoe_XP_024527934.1	Ecur_TVU34937.1	98.0	S	0.0
Smoe_XP_024527935.1	Ecur_TVU34937.1	98.0	S	0.0
Smoe_XP_024527653.1	Ecur_TVU34937.1	98.0	S	0.0
Smoe_XP_024520770.1	Ecur_TVU34937.1	98.0	S	0.0
Smoe_XP_024527929.1	Ecur_TVU34937.1	98.0	S	0.0
Smoe_XP_024520721.1	Ecur_TVU34937.1	98.0	S	0.0
Smoe_XP_024527655.1	Ecur_TVU34937.1	98.0	S	0.0
Smoe_XP_024527931.1	Ecur_TVU34937.1	98.0	S	0.0
Smoe_XP_024527932.1	Ecur_TVU34937.1	98.0	S	0.0
Smoe_XP_024527930.1	Ecur_TVU34937.1	98.0	S	0.0
Smoe_XP_024527656.1	Bdis_XP_010232410.2	98.0	S	0.0
Ppat_XP_024366925.1	Bdis_XP_010232410.2	98.0	S	0.0
Smoe_XP_024527652.1	Bdis_XP_010232410.2	98.0	S	0.0
Smoe_XP_024520821.1	Bdis_XP_010232410.2	98.0	S	0.0
Smoe_XP_024520670.1	Bdis_XP_010232410.2	98.0	S	0.0
Smoe_XP_024527657.1	Bdis_XP_010232410.2	98.0	S	0.0
Smoe_XP_024532000.1	Bdis_XP_010232410.2	98.0	S	0.0
Smoe_XP_024527933.1	Bdis_XP_010232410.2	98.0	S	0.0
Smoe_XP_024527928.1	Bdis_XP_010232410.2	98.0	S	0.0
Smoe_XP_024527654.1	Bdis_XP_010232410.2	98.0	S	0.0
Smoe_XP_024520874.1	Bdis_XP_010232410.2	98.0	S	0.0
Smoe_XP_024527658.1	Bdis_XP_010232410.2	98.0	S	0.0
Mpol_BFI40533.1	Bdis_XP_010232410.2	98.0	S	0.0
Smoe_XP_024527934.1	Bdis_XP_010232410.2	98.0	S	0.0
Smoe_XP_024527935.1	Bdis_XP_010232410.2	98.0	S	0.0
Smoe_XP_024527653.1	Bdis_XP_010232410.2	98.0	S	0.0
Smoe_XP_024520770.1	Bdis_XP_010232410.2	98.0	S	0.0
Smoe_XP_024527929.1	Bdis_XP_010232410.2	98.0	S	0.0
Smoe_XP_024520721.1	Bdis_XP_010232410.2	98.0	S	0.0
Smoe_XP_024527655.1	Bdis_XP_010232410.2	98.0	S	0.0
Smoe_XP_024527931.1	Bdis_XP_010232410.2	98.0	S	0.0
Smoe_XP_024527932.1	Bdis_XP_010232410.2	98.0	S	0.0
Smoe_XP_024527930.1	Bdis_XP_010232410.2	98.0	S	0.0
Smoe_XP_024527656.1	Rchi_XP_040364728.1	98.0	S	0.0
Ppat_XP_024366925.1	Rchi_XP_040364728.1	98.0	S	0.0
Smoe_XP_024527652.1	Rchi_XP_040364728.1	98.0	S	0.0
Smoe_XP_024520821.1	Rchi_XP_040364728.1	98.0	S	0.0
Smoe_XP_024520670.1	Rchi_XP_040364728.1	98.0	S	0.0
Smoe_XP_024527657.1	Rchi_XP_040364728.1	98.0	S	0.0
Smoe_XP_024532000.1	Rchi_XP_040364728.1	98.0	S	0.0
Smoe_XP_024527933.1	Rchi_XP_040364728.1	98.0	S	0.0
Smoe_XP_024527928.1	Rchi_XP_040364728.1	98.0	S	0.0
Smoe_XP_024527654.1	Rchi_XP_040364728.1	98.0	S	0.0
Smoe_XP_024520874.1	Rchi_XP_040364728.1	98.0	S	0.0
Smoe_XP_024527658.1	Rchi_XP_040364728.1	98.0	S	0.0
Mpol_BFI40533.1	Rchi_XP_040364728.1	98.0	S	0.0
Smoe_XP_024527934.1	Rchi_XP_040364728.1	98.0	S	0.0
Smoe_XP_024527935.1	Rchi_XP_040364728.1	98.0	S	0.0
Smoe_XP_024527653.1	Rchi_XP_040364728.1	98.0	S	0.0
Smoe_XP_024520770.1	Rchi_XP_040364728.1	98.0	S	0.0
Smoe_XP_024527929.1	Rchi_XP_040364728.1	98.0	S	0.0
Smoe_XP_024520721.1	Rchi_XP_040364728.1	98.0	S	0.0
Smoe_XP_024527655.1	Rchi_XP_040364728.1	98.0	S	0.0
Smoe_XP_024527931.1	Rchi_XP_040364728.1	98.0	S	0.0
Smoe_XP_024527932.1	Rchi_XP_040364728.1	98.0	S	0.0
Smoe_XP_024527930.1	Rchi_XP_040364728.1	98.0	S	0.0
Smoe_XP_024527656.1	Mtru_XP_003590573.1	98.0	S	0.0
Ppat_XP_024366925.1	Mtru_XP_003590573.1	98.0	S	0.0
Smoe_XP_024527652.1	Mtru_XP_003590573.1	98.0	S	0.0
Smoe_XP_024520821.1	Mtru_XP_003590573.1	98.0	S	0.0
Smoe_XP_024520670.1	Mtru_XP_003590573.1	98.0	S	0.0
Smoe_XP_024527657.1	Mtru_XP_003590573.1	98.0	S	0.0
Smoe_XP_024532000.1	Mtru_XP_003590573.1	98.0	S	0.0
Smoe_XP_024527933.1	Mtru_XP_003590573.1	98.0	S	0.0
Smoe_XP_024527928.1	Mtru_XP_003590573.1	98.0	S	0.0
Smoe_XP_024527654.1	Mtru_XP_003590573.1	98.0	S	0.0
Smoe_XP_024520874.1	Mtru_XP_003590573.1	98.0	S	0.0
Smoe_XP_024527658.1	Mtru_XP_003590573.1	98.0	S	0.0
Mpol_BFI40533.1	Mtru_XP_003590573.1	98.0	S	0.0
Smoe_XP_024527934.1	Mtru_XP_003590573.1	98.0	S	0.0
Smoe_XP_024527935.1	Mtru_XP_003590573.1	98.0	S	0.0
Smoe_XP_024527653.1	Mtru_XP_003590573.1	98.0	S	0.0
Smoe_XP_024520770.1	Mtru_XP_003590573.1	98.0	S	0.0
Smoe_XP_024527929.1	Mtru_XP_003590573.1	98.0	S	0.0
Smoe_XP_024520721.1	Mtru_XP_003590573.1	98.0	S	0.0
Smoe_XP_024527655.1	Mtru_XP_003590573.1	98.0	S	0.0
Smoe_XP_024527931.1	Mtru_XP_003590573.1	98.0	S	0.0
Smoe_XP_024527932.1	Mtru_XP_003590573.1	98.0	S	0.0
Smoe_XP_024527930.1	Mtru_XP_003590573.1	98.0	S	0.0
Smoe_XP_024527656.1	Zmay_NP_001360982.1	98.0	S	0.0
Ppat_XP_024366925.1	Zmay_NP_001360982.1	98.0	S	0.0
Smoe_XP_024527652.1	Zmay_NP_001360982.1	98.0	S	0.0
Smoe_XP_024520821.1	Zmay_NP_001360982.1	98.0	S	0.0
Smoe_XP_024520670.1	Zmay_NP_001360982.1	98.0	S	0.0
Smoe_XP_024527657.1	Zmay_NP_001360982.1	98.0	S	0.0
Smoe_XP_024532000.1	Zmay_NP_001360982.1	98.0	S	0.0
Smoe_XP_024527933.1	Zmay_NP_001360982.1	98.0	S	0.0
Smoe_XP_024527928.1	Zmay_NP_001360982.1	98.0	S	0.0
Smoe_XP_024527654.1	Zmay_NP_001360982.1	98.0	S	0.0
Smoe_XP_024520874.1	Zmay_NP_001360982.1	98.0	S	0.0
Smoe_XP_024527658.1	Zmay_NP_001360982.1	98.0	S	0.0
Mpol_BFI40533.1	Zmay_NP_001360982.1	98.0	S	0.0
Smoe_XP_024527934.1	Zmay_NP_001360982.1	98.0	S	0.0
Smoe_XP_024527935.1	Zmay_NP_001360982.1	98.0	S	0.0
Smoe_XP_024527653.1	Zmay_NP_001360982.1	98.0	S	0.0
Smoe_XP_024520770.1	Zmay_NP_001360982.1	98.0	S	0.0
Smoe_XP_024527929.1	Zmay_NP_001360982.1	98.0	S	0.0
Smoe_XP_024520721.1	Zmay_NP_001360982.1	98.0	S	0.0
Smoe_XP_024527655.1	Zmay_NP_001360982.1	98.0	S	0.0
Smoe_XP_024527931.1	Zmay_NP_001360982.1	98.0	S	0.0
Smoe_XP_024527932.1	Zmay_NP_001360982.1	98.0	S	0.0
Smoe_XP_024527930.1	Zmay_NP_001360982.1	98.0	S	0.0
Smoe_XP_024527656.1	Lsat_XP_023734931.1	98.0	S	0.0
Ppat_XP_024366925.1	Lsat_XP_023734931.1	98.0	S	0.0
Smoe_XP_024527652.1	Lsat_XP_023734931.1	98.0	S	0.0
Smoe_XP_024520821.1	Lsat_XP_023734931.1	98.0	S	0.0
Smoe_XP_024520670.1	Lsat_XP_023734931.1	98.0	S	0.0
Smoe_XP_024527657.1	Lsat_XP_023734931.1	98.0	S	0.0
Smoe_XP_024532000.1	Lsat_XP_023734931.1	98.0	S	0.0
Smoe_XP_024527933.1	Lsat_XP_023734931.1	98.0	S	0.0
Smoe_XP_024527928.1	Lsat_XP_023734931.1	98.0	S	0.0
Smoe_XP_024527654.1	Lsat_XP_023734931.1	98.0	S	0.0
Smoe_XP_024520874.1	Lsat_XP_023734931.1	98.0	S	0.0
Smoe_XP_024527658.1	Lsat_XP_023734931.1	98.0	S	0.0
Mpol_BFI40533.1	Lsat_XP_023734931.1	98.0	S	0.0
Smoe_XP_024527934.1	Lsat_XP_023734931.1	98.0	S	0.0
Smoe_XP_024527935.1	Lsat_XP_023734931.1	98.0	S	0.0
Smoe_XP_024527653.1	Lsat_XP_023734931.1	98.0	S	0.0
Smoe_XP_024520770.1	Lsat_XP_023734931.1	98.0	S	0.0
Smoe_XP_024527929.1	Lsat_XP_023734931.1	98.0	S	0.0
Smoe_XP_024520721.1	Lsat_XP_023734931.1	98.0	S	0.0
Smoe_XP_024527655.1	Lsat_XP_023734931.1	98.0	S	0.0
Smoe_XP_024527931.1	Lsat_XP_023734931.1	98.0	S	0.0
Smoe_XP_024527932.1	Lsat_XP_023734931.1	98.0	S	0.0
Smoe_XP_024527930.1	Lsat_XP_023734931.1	98.0	S	0.0
Smoe_XP_024527656.1	Bdis_XP_024313966.1	98.0	S	0.0
Ppat_XP_024366925.1	Bdis_XP_024313966.1	98.0	S	0.0
Smoe_XP_024527652.1	Bdis_XP_024313966.1	98.0	S	0.0
Smoe_XP_024520821.1	Bdis_XP_024313966.1	98.0	S	0.0
Smoe_XP_024520670.1	Bdis_XP_024313966.1	98.0	S	0.0
Smoe_XP_024527657.1	Bdis_XP_024313966.1	98.0	S	0.0
Smoe_XP_024532000.1	Bdis_XP_024313966.1	98.0	S	0.0
Smoe_XP_024527933.1	Bdis_XP_024313966.1	98.0	S	0.0
Smoe_XP_024527928.1	Bdis_XP_024313966.1	98.0	S	0.0
Smoe_XP_024527654.1	Bdis_XP_024313966.1	98.0	S	0.0
Smoe_XP_024520874.1	Bdis_XP_024313966.1	98.0	S	0.0
Smoe_XP_024527658.1	Bdis_XP_024313966.1	98.0	S	0.0
Mpol_BFI40533.1	Bdis_XP_024313966.1	98.0	S	0.0
Smoe_XP_024527934.1	Bdis_XP_024313966.1	98.0	S	0.0
Smoe_XP_024527935.1	Bdis_XP_024313966.1	98.0	S	0.0
Smoe_XP_024527653.1	Bdis_XP_024313966.1	98.0	S	0.0
Smoe_XP_024520770.1	Bdis_XP_024313966.1	98.0	S	0.0
Smoe_XP_024527929.1	Bdis_XP_024313966.1	98.0	S	0.0
Smoe_XP_024520721.1	Bdis_XP_024313966.1	98.0	S	0.0
Smoe_XP_024527655.1	Bdis_XP_024313966.1	98.0	S	0.0
Smoe_XP_024527931.1	Bdis_XP_024313966.1	98.0	S	0.0
Smoe_XP_024527932.1	Bdis_XP_024313966.1	98.0	S	0.0
Smoe_XP_024527930.1	Bdis_XP_024313966.1	98.0	S	0.0
Smoe_XP_024527656.1	Cofcan_CDP19768.1	98.0	S	0.0
Ppat_XP_024366925.1	Cofcan_CDP19768.1	98.0	S	0.0
Smoe_XP_024527652.1	Cofcan_CDP19768.1	98.0	S	0.0
Smoe_XP_024520821.1	Cofcan_CDP19768.1	98.0	S	0.0
Smoe_XP_024520670.1	Cofcan_CDP19768.1	98.0	S	0.0
Smoe_XP_024527657.1	Cofcan_CDP19768.1	98.0	S	0.0
Smoe_XP_024532000.1	Cofcan_CDP19768.1	98.0	S	0.0
Smoe_XP_024527933.1	Cofcan_CDP19768.1	98.0	S	0.0
Smoe_XP_024527928.1	Cofcan_CDP19768.1	98.0	S	0.0
Smoe_XP_024527654.1	Cofcan_CDP19768.1	98.0	S	0.0
Smoe_XP_024520874.1	Cofcan_CDP19768.1	98.0	S	0.0
Smoe_XP_024527658.1	Cofcan_CDP19768.1	98.0	S	0.0
Mpol_BFI40533.1	Cofcan_CDP19768.1	98.0	S	0.0
Smoe_XP_024527934.1	Cofcan_CDP19768.1	98.0	S	0.0
Smoe_XP_024527935.1	Cofcan_CDP19768.1	98.0	S	0.0
Smoe_XP_024527653.1	Cofcan_CDP19768.1	98.0	S	0.0
Smoe_XP_024520770.1	Cofcan_CDP19768.1	98.0	S	0.0
Smoe_XP_024527929.1	Cofcan_CDP19768.1	98.0	S	0.0
Smoe_XP_024520721.1	Cofcan_CDP19768.1	98.0	S	0.0
Smoe_XP_024527655.1	Cofcan_CDP19768.1	98.0	S	0.0
Smoe_XP_024527931.1	Cofcan_CDP19768.1	98.0	S	0.0
Smoe_XP_024527932.1	Cofcan_CDP19768.1	98.0	S	0.0
Smoe_XP_024527930.1	Cofcan_CDP19768.1	98.0	S	0.0
Mbre_XP_001742877.1	Otau_XP_003081452.1	25.0	S	0.0
Ppur_KAA8495634.1	Ccri_XP_005713344.1	100.0	S	0.0
Ppur_KAA8495634.1	Otau_XP_003074383.1	100.0	S	0.0
Cfra_CFRG5311T1	Sarc_XP_014149975.1	100.0	S	0.0
Cper_Nk52_evm32s628	Otau_XP_022839388.1	77.0	S	0.0
Pgem_Unigene12170_Pirum_gemmata|m.7832	Sarc_XP_014159214.1	100.0	S	0.0
Awhi_Unigene40667_Abeoforma_whisleri|m.26009	Sarc_XP_014159214.1	100.0	S	0.0
Pgem_Unigene12170_Pirum_gemmata|m.7832	Cfra_CFRG3953T1	100.0	S	0.0
Awhi_Unigene40667_Abeoforma_whisleri|m.26009	Cfra_CFRG3953T1	100.0	S	0.0
Cbra_GBG93401.1	Osat_XP_015610619.1	97.0	S	0.0
Cbra_GBG93401.1	Atri_XP_020526473.1	97.0	S	0.0
Cbra_GBG93401.1	Zmay_XP_008665873.1	97.0	S	0.0
Cbra_GBG93401.1	Lsat_XP_023742173.1	97.0	S	0.0
Cbra_GBG93401.1	Tura_XP_048542530.1	97.0	S	0.0
Cbra_GBG93401.1	Zmay_XP_023157516.1	97.0	S	0.0
Cbra_GBG93401.1	Zmay_XP_035823399.1	97.0	S	0.0
Cbra_GBG93401.1	Qlob_XP_030953153.1	97.0	S	0.0
Cbra_GBG93401.1	Ecur_TVU10016.1	97.0	S	0.0
Cbra_GBG93401.1	Zmay_XP_008651381.1	97.0	S	0.0
Cbra_GBG93401.1	Sollyc_XP_069152187.1	97.0	S	0.0
Cbra_GBG93401.1	Atha_NP_001327067.1	97.0	S	0.0
Cbra_GBG93401.1	Mpol_BFI24177.1	97.0	S	0.0
Cbra_GBG93401.1	Atha_NP_001030733.1	97.0	S	0.0
Cbra_GBG93401.1	Mesc_XP_043805952.1	97.0	S	0.0
Cbra_GBG93401.1	Zmay_NP_001140556.1	97.0	S	0.0
Cbra_GBG93401.1	Qlob_XP_030958993.1	97.0	S	0.0
Cbra_GBG93401.1	Rchi_XP_024159049.1	97.0	S	0.0
Cbra_GBG93401.1	Bdis_XP_014758878.1	97.0	S	0.0
Cbra_GBG93401.1	Zmay_XP_008665874.1	97.0	S	0.0
Cbra_GBG93401.1	Mesc_XP_043805953.1	97.0	S	0.0
Cbra_GBG93401.1	Ppat_XP_024399957.1	97.0	S	0.0
Cbra_GBG93401.1	Atha_NP_566667.1	97.0	S	0.0
Cbra_GBG93401.1	Bnap_XP_013697929.1	97.0	S	0.0
Cbra_GBG93401.1	Bnap_XP_048630333.1	97.0	S	0.0
Cbra_GBG93401.1	Atha_NP_850617.1	97.0	S	0.0
Cbra_GBG93401.1	Rchi_XP_040375663.1	97.0	S	0.0
Cbra_GBG93401.1	Smoe_XP_024531781.1	97.0	S	0.0
Cbra_GBG93401.1	Atha_NP_001327066.1	97.0	S	0.0
Cbra_GBG93401.1	Ecur_TVU05222.1	97.0	S	0.0
Cbra_GBG93401.1	Ecur_TVU01081.1	97.0	S	0.0
Cbra_GBG93401.1	Zmay_XP_035823398.1	97.0	S	0.0
Cbra_GBG93401.1	Rchi_XP_024159048.1	97.0	S	0.0
Cbra_GBG93401.1	Tura_XP_048530839.1	97.0	S	0.0
Cbra_GBG93401.1	Osat_XP_015648710.1	97.0	S	0.0
Cbra_GBG93401.1	Sollyc_NP_001306150.1	97.0	S	0.0
Cbra_GBG93401.1	Mesc_XP_043813758.1	97.0	S	0.0
Cbra_GBG93401.1	Zmay_XP_008667465.1	97.0	S	0.0
Cbra_GBG93401.1	Smoe_XP_024539595.1	97.0	S	0.0
Cbra_GBG93401.1	Rchi_XP_040375662.1	97.0	S	0.0
Cbra_GBG93401.1	Bnap_XP_013697930.1	97.0	S	0.0
Cbra_GBG93401.1	Bnap_XP_048630334.1	97.0	S	0.0
Cbra_GBG93401.1	Mesc_XP_021616706.1	97.0	S	0.0
Cbra_GBG93401.1	Qlob_XP_030958989.1	97.0	S	0.0
Cbra_GBG93401.1	Psat_XP_050893429.1	97.0	S	0.0
Cbra_GBG93401.1	Rchi_XP_024158191.1	97.0	S	0.0
Cbra_GBG93401.1	Tura_XP_048530838.1	97.0	S	0.0
Cbra_GBG93401.1	Mesc_XP_043813756.1	97.0	S	0.0
Cbra_GBG93401.1	Mtru_XP_013456231.1	97.0	S	0.0
Cbra_GBG93401.1	Bdis_XP_003572365.1	97.0	S	0.0
Cbra_GBG93401.1	Cofcan_CDP14099.1	97.0	S	0.0
Cbra_GBG93401.1	Rchi_XP_024159047.1	97.0	S	0.0
Cbra_GBG93401.1	Tura_XP_048543124.1	97.0	S	0.0
Cbra_GBG93401.1	Osat_XP_015648712.1	97.0	S	0.0
Cbra_GBG93401.1	Qlob_XP_030958998.1	97.0	S	0.0
Cbra_GBG93401.1	Qlob_XP_030959004.1	97.0	S	0.0
Cbra_GBG93401.1	Bnap_XP_048605489.1	97.0	S	0.0
Cbra_GBG93401.1	Qlob_XP_030953162.1	97.0	S	0.0
Cbra_GBG93401.1	Mesc_XP_043813759.1	97.0	S	0.0
Cbra_GBG93401.1	Bnap_XP_013749294.2	97.0	S	0.0
Cbra_GBG93401.1	Mesc_XP_043813755.1	97.0	S	0.0
Cbra_GBG93401.1	Bnap_XP_013749295.1	97.0	S	0.0
Cbra_GBG93401.1	Mesc_XP_021616705.1	97.0	S	0.0
Cbra_GBG93401.1	Osat_XP_015648711.1	97.0	S	0.0
Cbra_GBG93401.1	Qlob_XP_030959010.1	97.0	S	0.0
Echgra_XP_024348645.1	Sman_XP_018654420.1	100.0	S	0.0
Tbri_KRY47478.1	Awhi_Unigene29846_Abeoforma_whisleri|m.18337	86.0	S	0.0
Avit_KAL3989456.1	Awhi_Unigene29846_Abeoforma_whisleri|m.18337	86.0	S	0.0
Asuu_AgB01_g822_t01	Awhi_Unigene29846_Abeoforma_whisleri|m.18337	86.0	S	0.0
Ppat_XP_024376210.1	Awhi_Unigene29846_Abeoforma_whisleri|m.18337	86.0	S	0.0
Lsig_VDK83118.1	Awhi_Unigene29846_Abeoforma_whisleri|m.18337	86.0	S	0.0
Ddip_jg26533	Awhi_Unigene29846_Abeoforma_whisleri|m.18337	86.0	S	0.0
Plae_KAI0984298.1	Awhi_Unigene29846_Abeoforma_whisleri|m.18337	86.0	S	0.0
Trimur_TMUE_0000000640	Awhi_Unigene29846_Abeoforma_whisleri|m.18337	86.0	S	0.0
Lloa_XP_003140884.1	Awhi_Unigene29846_Abeoforma_whisleri|m.18337	86.0	S	0.0
Tnat_KRZ50470.1	Awhi_Unigene29846_Abeoforma_whisleri|m.18337	86.0	S	0.0
Dimm_MCP9257372.1	Awhi_Unigene29846_Abeoforma_whisleri|m.18337	86.0	S	0.0
Eela_EEL_0000590401-mRNA-1	Awhi_Unigene29846_Abeoforma_whisleri|m.18337	86.0	S	0.0
Asuu_AgB01_g822_t03	Awhi_Unigene29846_Abeoforma_whisleri|m.18337	86.0	S	0.0
Hcon_XGW18521.1	Awhi_Unigene29846_Abeoforma_whisleri|m.18337	86.0	S	0.0
Acey_EYB86026.1	Awhi_Unigene29846_Abeoforma_whisleri|m.18337	86.0	S	0.0
Otip_Oti_326_t	Awhi_Unigene29846_Abeoforma_whisleri|m.18337	86.0	S	0.0
Srat_XP_024508351.1	Awhi_Unigene29846_Abeoforma_whisleri|m.18337	86.0	S	0.0
Sarc_XP_014151949.1	Awhi_Unigene29846_Abeoforma_whisleri|m.18337	86.0	S	0.0
Ever_VDD93866.1	Awhi_Unigene29846_Abeoforma_whisleri|m.18337	86.0	S	0.0
Sbat_VDO98087.1	Awhi_Unigene29846_Abeoforma_whisleri|m.18337	86.0	S	0.0
Asuu_AgB01_g822_t02	Awhi_Unigene29846_Abeoforma_whisleri|m.18337	86.0	S	0.0
Bmal_XP_001897040.1	Awhi_Unigene29846_Abeoforma_whisleri|m.18337	86.0	S	0.0
Sypmur_SMUV_0000527301-mRNA-1	Awhi_Unigene29846_Abeoforma_whisleri|m.18337	86.0	S	0.0
Tspi_XP_003368987.1	Awhi_Unigene29846_Abeoforma_whisleri|m.18337	86.0	S	0.0
Mbel_CAJ0964053.1	Awhi_Unigene29846_Abeoforma_whisleri|m.18337	86.0	S	0.0
Trimur_TMUE_3000012690	Awhi_Unigene29846_Abeoforma_whisleri|m.18337	86.0	S	0.0
Ppat_XP_024376209.1	Awhi_Unigene29846_Abeoforma_whisleri|m.18337	86.0	S	0.0
Cfra_CFRG8355T1	Awhi_Unigene29846_Abeoforma_whisleri|m.18337	86.0	S	0.0
Asuu_AgB01_g822_t05	Awhi_Unigene29846_Abeoforma_whisleri|m.18337	86.0	S	0.0
Tsui_KHJ45102.1	Awhi_Unigene29846_Abeoforma_whisleri|m.18337	86.0	S	0.0
Plae_KAI0984297.1	Awhi_Unigene29846_Abeoforma_whisleri|m.18337	86.0	S	0.0
Hpol_VDP19018.1	Awhi_Unigene29846_Abeoforma_whisleri|m.18337	86.0	S	0.0
Ovol_OVOC3662	Awhi_Unigene29846_Abeoforma_whisleri|m.18337	86.0	S	0.0
Cele_NP_505831.1	Awhi_Unigene29846_Abeoforma_whisleri|m.18337	86.0	S	0.0
Mhap_MhA1_Contig1994.frz3.gene4	Awhi_Unigene29846_Abeoforma_whisleri|m.18337	86.0	S	0.0
Mjap_MIJAPON000006756.t1	Awhi_Unigene29846_Abeoforma_whisleri|m.18337	86.0	S	0.0
Plae_KAI0985441.1	Awhi_Unigene29846_Abeoforma_whisleri|m.18337	86.0	S	0.0
Tspi_XP_003380167.1	Awhi_Unigene29846_Abeoforma_whisleri|m.18337	86.0	S	0.0
Bxyl_CAG9128521.1	Awhi_Unigene29846_Abeoforma_whisleri|m.18337	86.0	S	0.0
Wban_VDM22157.1	Awhi_Unigene29846_Abeoforma_whisleri|m.18337	86.0	S	0.0
Asuu_AgB01_g822_t04	Awhi_Unigene29846_Abeoforma_whisleri|m.18337	86.0	S	0.0
Ddip_jg26521	Awhi_Unigene29846_Abeoforma_whisleri|m.18337	86.0	S	0.0
Gpal_Gpal_D383_g00500.t1	Awhi_Unigene29846_Abeoforma_whisleri|m.18337	86.0	S	0.0
Rcul_nRc.2.0.1.t13431-RA	Awhi_Unigene29846_Abeoforma_whisleri|m.18337	86.0	S	0.0
Hcon_XGW18520.1	Awhi_Unigene29846_Abeoforma_whisleri|m.18337	86.0	S	0.0
Diplco_DCO_001492	Awhi_Unigene29846_Abeoforma_whisleri|m.18337	86.0	S	0.0
Scar_TKR80642.1	Awhi_Unigene29846_Abeoforma_whisleri|m.18337	86.0	S	0.0
Tnel_KRX20255.1	Awhi_Unigene29846_Abeoforma_whisleri|m.18337	86.0	S	0.0
Angcan_KAE9418089.1	Awhi_Unigene29846_Abeoforma_whisleri|m.18337	86.0	S	0.0
Diplco_DCO_001490	Awhi_Unigene29846_Abeoforma_whisleri|m.18337	86.0	S	0.0
Ttri_CDW53161.1	Awhi_Unigene29846_Abeoforma_whisleri|m.18337	86.0	S	0.0
Priarc_PARCANUS000014441.t1	Awhi_Unigene29846_Abeoforma_whisleri|m.18337	86.0	S	0.0
Tnel_KRX20256.1	Awhi_Unigene29846_Abeoforma_whisleri|m.18337	86.0	S	0.0
Tbri_KRY47478.1	Skow_XP_006813260.1	86.0	S	0.0
Avit_KAL3989456.1	Skow_XP_006813260.1	86.0	S	0.0
Asuu_AgB01_g822_t01	Skow_XP_006813260.1	86.0	S	0.0
Ppat_XP_024376210.1	Skow_XP_006813260.1	86.0	S	0.0
Lsig_VDK83118.1	Skow_XP_006813260.1	86.0	S	0.0
Ddip_jg26533	Skow_XP_006813260.1	86.0	S	0.0
Plae_KAI0984298.1	Skow_XP_006813260.1	86.0	S	0.0
Trimur_TMUE_0000000640	Skow_XP_006813260.1	86.0	S	0.0
Lloa_XP_003140884.1	Skow_XP_006813260.1	86.0	S	0.0
Tnat_KRZ50470.1	Skow_XP_006813260.1	86.0	S	0.0
Dimm_MCP9257372.1	Skow_XP_006813260.1	86.0	S	0.0
Eela_EEL_0000590401-mRNA-1	Skow_XP_006813260.1	86.0	S	0.0
Asuu_AgB01_g822_t03	Skow_XP_006813260.1	86.0	S	0.0
Hcon_XGW18521.1	Skow_XP_006813260.1	86.0	S	0.0
Acey_EYB86026.1	Skow_XP_006813260.1	86.0	S	0.0
Otip_Oti_326_t	Skow_XP_006813260.1	86.0	S	0.0
Srat_XP_024508351.1	Skow_XP_006813260.1	86.0	S	0.0
Sarc_XP_014151949.1	Skow_XP_006813260.1	86.0	S	0.0
Ever_VDD93866.1	Skow_XP_006813260.1	86.0	S	0.0
Sbat_VDO98087.1	Skow_XP_006813260.1	86.0	S	0.0
Asuu_AgB01_g822_t02	Skow_XP_006813260.1	86.0	S	0.0
Bmal_XP_001897040.1	Skow_XP_006813260.1	86.0	S	0.0
Sypmur_SMUV_0000527301-mRNA-1	Skow_XP_006813260.1	86.0	S	0.0
Tspi_XP_003368987.1	Skow_XP_006813260.1	86.0	S	0.0
Mbel_CAJ0964053.1	Skow_XP_006813260.1	86.0	S	0.0
Trimur_TMUE_3000012690	Skow_XP_006813260.1	86.0	S	0.0
Ppat_XP_024376209.1	Skow_XP_006813260.1	86.0	S	0.0
Cfra_CFRG8355T1	Skow_XP_006813260.1	86.0	S	0.0
Asuu_AgB01_g822_t05	Skow_XP_006813260.1	86.0	S	0.0
Tsui_KHJ45102.1	Skow_XP_006813260.1	86.0	S	0.0
Plae_KAI0984297.1	Skow_XP_006813260.1	86.0	S	0.0
Hpol_VDP19018.1	Skow_XP_006813260.1	86.0	S	0.0
Ovol_OVOC3662	Skow_XP_006813260.1	86.0	S	0.0
Cele_NP_505831.1	Skow_XP_006813260.1	86.0	S	0.0
Mhap_MhA1_Contig1994.frz3.gene4	Skow_XP_006813260.1	86.0	S	0.0
Mjap_MIJAPON000006756.t1	Skow_XP_006813260.1	86.0	S	0.0
Plae_KAI0985441.1	Skow_XP_006813260.1	86.0	S	0.0
Tspi_XP_003380167.1	Skow_XP_006813260.1	86.0	S	0.0
Bxyl_CAG9128521.1	Skow_XP_006813260.1	86.0	S	0.0
Wban_VDM22157.1	Skow_XP_006813260.1	86.0	S	0.0
Asuu_AgB01_g822_t04	Skow_XP_006813260.1	86.0	S	0.0
Ddip_jg26521	Skow_XP_006813260.1	86.0	S	0.0
Gpal_Gpal_D383_g00500.t1	Skow_XP_006813260.1	86.0	S	0.0
Rcul_nRc.2.0.1.t13431-RA	Skow_XP_006813260.1	86.0	S	0.0
Hcon_XGW18520.1	Skow_XP_006813260.1	86.0	S	0.0
Diplco_DCO_001492	Skow_XP_006813260.1	86.0	S	0.0
Scar_TKR80642.1	Skow_XP_006813260.1	86.0	S	0.0
Tnel_KRX20255.1	Skow_XP_006813260.1	86.0	S	0.0
Angcan_KAE9418089.1	Skow_XP_006813260.1	86.0	S	0.0
Diplco_DCO_001490	Skow_XP_006813260.1	86.0	S	0.0
Ttri_CDW53161.1	Skow_XP_006813260.1	86.0	S	0.0
Priarc_PARCANUS000014441.t1	Skow_XP_006813260.1	86.0	S	0.0
Tnel_KRX20256.1	Skow_XP_006813260.1	86.0	S	0.0
Tbri_KRY47478.1	Xtro_NP_001121525.1	86.0	S	0.0
Avit_KAL3989456.1	Xtro_NP_001121525.1	86.0	S	0.0
Asuu_AgB01_g822_t01	Xtro_NP_001121525.1	86.0	S	0.0
Ppat_XP_024376210.1	Xtro_NP_001121525.1	86.0	S	0.0
Lsig_VDK83118.1	Xtro_NP_001121525.1	86.0	S	0.0
Ddip_jg26533	Xtro_NP_001121525.1	86.0	S	0.0
Plae_KAI0984298.1	Xtro_NP_001121525.1	86.0	S	0.0
Trimur_TMUE_0000000640	Xtro_NP_001121525.1	86.0	S	0.0
Lloa_XP_003140884.1	Xtro_NP_001121525.1	86.0	S	0.0
Tnat_KRZ50470.1	Xtro_NP_001121525.1	86.0	S	0.0
Dimm_MCP9257372.1	Xtro_NP_001121525.1	86.0	S	0.0
Eela_EEL_0000590401-mRNA-1	Xtro_NP_001121525.1	86.0	S	0.0
Asuu_AgB01_g822_t03	Xtro_NP_001121525.1	86.0	S	0.0
Hcon_XGW18521.1	Xtro_NP_001121525.1	86.0	S	0.0
Acey_EYB86026.1	Xtro_NP_001121525.1	86.0	S	0.0
Otip_Oti_326_t	Xtro_NP_001121525.1	86.0	S	0.0
Srat_XP_024508351.1	Xtro_NP_001121525.1	86.0	S	0.0
Sarc_XP_014151949.1	Xtro_NP_001121525.1	86.0	S	0.0
Ever_VDD93866.1	Xtro_NP_001121525.1	86.0	S	0.0
Sbat_VDO98087.1	Xtro_NP_001121525.1	86.0	S	0.0
Asuu_AgB01_g822_t02	Xtro_NP_001121525.1	86.0	S	0.0
Bmal_XP_001897040.1	Xtro_NP_001121525.1	86.0	S	0.0
Sypmur_SMUV_0000527301-mRNA-1	Xtro_NP_001121525.1	86.0	S	0.0
Tspi_XP_003368987.1	Xtro_NP_001121525.1	86.0	S	0.0
Mbel_CAJ0964053.1	Xtro_NP_001121525.1	86.0	S	0.0
Trimur_TMUE_3000012690	Xtro_NP_001121525.1	86.0	S	0.0
Ppat_XP_024376209.1	Xtro_NP_001121525.1	86.0	S	0.0
Cfra_CFRG8355T1	Xtro_NP_001121525.1	86.0	S	0.0
Asuu_AgB01_g822_t05	Xtro_NP_001121525.1	86.0	S	0.0
Tsui_KHJ45102.1	Xtro_NP_001121525.1	86.0	S	0.0
Plae_KAI0984297.1	Xtro_NP_001121525.1	86.0	S	0.0
Hpol_VDP19018.1	Xtro_NP_001121525.1	86.0	S	0.0
Ovol_OVOC3662	Xtro_NP_001121525.1	86.0	S	0.0
Cele_NP_505831.1	Xtro_NP_001121525.1	86.0	S	0.0
Mhap_MhA1_Contig1994.frz3.gene4	Xtro_NP_001121525.1	86.0	S	0.0
Mjap_MIJAPON000006756.t1	Xtro_NP_001121525.1	86.0	S	0.0
Plae_KAI0985441.1	Xtro_NP_001121525.1	86.0	S	0.0
Tspi_XP_003380167.1	Xtro_NP_001121525.1	86.0	S	0.0
Bxyl_CAG9128521.1	Xtro_NP_001121525.1	86.0	S	0.0
Wban_VDM22157.1	Xtro_NP_001121525.1	86.0	S	0.0
Asuu_AgB01_g822_t04	Xtro_NP_001121525.1	86.0	S	0.0
Ddip_jg26521	Xtro_NP_001121525.1	86.0	S	0.0
Gpal_Gpal_D383_g00500.t1	Xtro_NP_001121525.1	86.0	S	0.0
Rcul_nRc.2.0.1.t13431-RA	Xtro_NP_001121525.1	86.0	S	0.0
Hcon_XGW18520.1	Xtro_NP_001121525.1	86.0	S	0.0
Diplco_DCO_001492	Xtro_NP_001121525.1	86.0	S	0.0
Scar_TKR80642.1	Xtro_NP_001121525.1	86.0	S	0.0
Tnel_KRX20255.1	Xtro_NP_001121525.1	86.0	S	0.0
Angcan_KAE9418089.1	Xtro_NP_001121525.1	86.0	S	0.0
Diplco_DCO_001490	Xtro_NP_001121525.1	86.0	S	0.0
Ttri_CDW53161.1	Xtro_NP_001121525.1	86.0	S	0.0
Priarc_PARCANUS000014441.t1	Xtro_NP_001121525.1	86.0	S	0.0
Tnel_KRX20256.1	Xtro_NP_001121525.1	86.0	S	0.0
Tbri_KRY47478.1	Ggal_XP_025010992.2	86.0	S	0.0
Avit_KAL3989456.1	Ggal_XP_025010992.2	86.0	S	0.0
Asuu_AgB01_g822_t01	Ggal_XP_025010992.2	86.0	S	0.0
Ppat_XP_024376210.1	Ggal_XP_025010992.2	86.0	S	0.0
Lsig_VDK83118.1	Ggal_XP_025010992.2	86.0	S	0.0
Ddip_jg26533	Ggal_XP_025010992.2	86.0	S	0.0
Plae_KAI0984298.1	Ggal_XP_025010992.2	86.0	S	0.0
Trimur_TMUE_0000000640	Ggal_XP_025010992.2	86.0	S	0.0
Lloa_XP_003140884.1	Ggal_XP_025010992.2	86.0	S	0.0
Tnat_KRZ50470.1	Ggal_XP_025010992.2	86.0	S	0.0
Dimm_MCP9257372.1	Ggal_XP_025010992.2	86.0	S	0.0
Eela_EEL_0000590401-mRNA-1	Ggal_XP_025010992.2	86.0	S	0.0
Asuu_AgB01_g822_t03	Ggal_XP_025010992.2	86.0	S	0.0
Hcon_XGW18521.1	Ggal_XP_025010992.2	86.0	S	0.0
Acey_EYB86026.1	Ggal_XP_025010992.2	86.0	S	0.0
Otip_Oti_326_t	Ggal_XP_025010992.2	86.0	S	0.0
Srat_XP_024508351.1	Ggal_XP_025010992.2	86.0	S	0.0
Sarc_XP_014151949.1	Ggal_XP_025010992.2	86.0	S	0.0
Ever_VDD93866.1	Ggal_XP_025010992.2	86.0	S	0.0
Sbat_VDO98087.1	Ggal_XP_025010992.2	86.0	S	0.0
Asuu_AgB01_g822_t02	Ggal_XP_025010992.2	86.0	S	0.0
Bmal_XP_001897040.1	Ggal_XP_025010992.2	86.0	S	0.0
Sypmur_SMUV_0000527301-mRNA-1	Ggal_XP_025010992.2	86.0	S	0.0
Tspi_XP_003368987.1	Ggal_XP_025010992.2	86.0	S	0.0
Mbel_CAJ0964053.1	Ggal_XP_025010992.2	86.0	S	0.0
Trimur_TMUE_3000012690	Ggal_XP_025010992.2	86.0	S	0.0
Ppat_XP_024376209.1	Ggal_XP_025010992.2	86.0	S	0.0
Cfra_CFRG8355T1	Ggal_XP_025010992.2	86.0	S	0.0
Asuu_AgB01_g822_t05	Ggal_XP_025010992.2	86.0	S	0.0
Tsui_KHJ45102.1	Ggal_XP_025010992.2	86.0	S	0.0
Plae_KAI0984297.1	Ggal_XP_025010992.2	86.0	S	0.0
Hpol_VDP19018.1	Ggal_XP_025010992.2	86.0	S	0.0
Ovol_OVOC3662	Ggal_XP_025010992.2	86.0	S	0.0
Cele_NP_505831.1	Ggal_XP_025010992.2	86.0	S	0.0
Mhap_MhA1_Contig1994.frz3.gene4	Ggal_XP_025010992.2	86.0	S	0.0
Mjap_MIJAPON000006756.t1	Ggal_XP_025010992.2	86.0	S	0.0
Plae_KAI0985441.1	Ggal_XP_025010992.2	86.0	S	0.0
Tspi_XP_003380167.1	Ggal_XP_025010992.2	86.0	S	0.0
Bxyl_CAG9128521.1	Ggal_XP_025010992.2	86.0	S	0.0
Wban_VDM22157.1	Ggal_XP_025010992.2	86.0	S	0.0
Asuu_AgB01_g822_t04	Ggal_XP_025010992.2	86.0	S	0.0
Ddip_jg26521	Ggal_XP_025010992.2	86.0	S	0.0
Gpal_Gpal_D383_g00500.t1	Ggal_XP_025010992.2	86.0	S	0.0
Rcul_nRc.2.0.1.t13431-RA	Ggal_XP_025010992.2	86.0	S	0.0
Hcon_XGW18520.1	Ggal_XP_025010992.2	86.0	S	0.0
Diplco_DCO_001492	Ggal_XP_025010992.2	86.0	S	0.0
Scar_TKR80642.1	Ggal_XP_025010992.2	86.0	S	0.0
Tnel_KRX20255.1	Ggal_XP_025010992.2	86.0	S	0.0
Angcan_KAE9418089.1	Ggal_XP_025010992.2	86.0	S	0.0
Diplco_DCO_001490	Ggal_XP_025010992.2	86.0	S	0.0
Ttri_CDW53161.1	Ggal_XP_025010992.2	86.0	S	0.0
Priarc_PARCANUS000014441.t1	Ggal_XP_025010992.2	86.0	S	0.0
Tnel_KRX20256.1	Ggal_XP_025010992.2	86.0	S	0.0
Tbri_KRY47478.1	Dmel_NP_612063.2	86.0	S	0.0
Avit_KAL3989456.1	Dmel_NP_612063.2	86.0	S	0.0
Asuu_AgB01_g822_t01	Dmel_NP_612063.2	86.0	S	0.0
Ppat_XP_024376210.1	Dmel_NP_612063.2	86.0	S	0.0
Lsig_VDK83118.1	Dmel_NP_612063.2	86.0	S	0.0
Ddip_jg26533	Dmel_NP_612063.2	86.0	S	0.0
Plae_KAI0984298.1	Dmel_NP_612063.2	86.0	S	0.0
Trimur_TMUE_0000000640	Dmel_NP_612063.2	86.0	S	0.0
Lloa_XP_003140884.1	Dmel_NP_612063.2	86.0	S	0.0
Tnat_KRZ50470.1	Dmel_NP_612063.2	86.0	S	0.0
Dimm_MCP9257372.1	Dmel_NP_612063.2	86.0	S	0.0
Eela_EEL_0000590401-mRNA-1	Dmel_NP_612063.2	86.0	S	0.0
Asuu_AgB01_g822_t03	Dmel_NP_612063.2	86.0	S	0.0
Hcon_XGW18521.1	Dmel_NP_612063.2	86.0	S	0.0
Acey_EYB86026.1	Dmel_NP_612063.2	86.0	S	0.0
Otip_Oti_326_t	Dmel_NP_612063.2	86.0	S	0.0
Srat_XP_024508351.1	Dmel_NP_612063.2	86.0	S	0.0
Sarc_XP_014151949.1	Dmel_NP_612063.2	86.0	S	0.0
Ever_VDD93866.1	Dmel_NP_612063.2	86.0	S	0.0
Sbat_VDO98087.1	Dmel_NP_612063.2	86.0	S	0.0
Asuu_AgB01_g822_t02	Dmel_NP_612063.2	86.0	S	0.0
Bmal_XP_001897040.1	Dmel_NP_612063.2	86.0	S	0.0
Sypmur_SMUV_0000527301-mRNA-1	Dmel_NP_612063.2	86.0	S	0.0
Tspi_XP_003368987.1	Dmel_NP_612063.2	86.0	S	0.0
Mbel_CAJ0964053.1	Dmel_NP_612063.2	86.0	S	0.0
Trimur_TMUE_3000012690	Dmel_NP_612063.2	86.0	S	0.0
Ppat_XP_024376209.1	Dmel_NP_612063.2	86.0	S	0.0
Cfra_CFRG8355T1	Dmel_NP_612063.2	86.0	S	0.0
Asuu_AgB01_g822_t05	Dmel_NP_612063.2	86.0	S	0.0
Tsui_KHJ45102.1	Dmel_NP_612063.2	86.0	S	0.0
Plae_KAI0984297.1	Dmel_NP_612063.2	86.0	S	0.0
Hpol_VDP19018.1	Dmel_NP_612063.2	86.0	S	0.0
Ovol_OVOC3662	Dmel_NP_612063.2	86.0	S	0.0
Cele_NP_505831.1	Dmel_NP_612063.2	86.0	S	0.0
Mhap_MhA1_Contig1994.frz3.gene4	Dmel_NP_612063.2	86.0	S	0.0
Mjap_MIJAPON000006756.t1	Dmel_NP_612063.2	86.0	S	0.0
Plae_KAI0985441.1	Dmel_NP_612063.2	86.0	S	0.0
Tspi_XP_003380167.1	Dmel_NP_612063.2	86.0	S	0.0
Bxyl_CAG9128521.1	Dmel_NP_612063.2	86.0	S	0.0
Wban_VDM22157.1	Dmel_NP_612063.2	86.0	S	0.0
Asuu_AgB01_g822_t04	Dmel_NP_612063.2	86.0	S	0.0
Ddip_jg26521	Dmel_NP_612063.2	86.0	S	0.0
Gpal_Gpal_D383_g00500.t1	Dmel_NP_612063.2	86.0	S	0.0
Rcul_nRc.2.0.1.t13431-RA	Dmel_NP_612063.2	86.0	S	0.0
Hcon_XGW18520.1	Dmel_NP_612063.2	86.0	S	0.0
Diplco_DCO_001492	Dmel_NP_612063.2	86.0	S	0.0
Scar_TKR80642.1	Dmel_NP_612063.2	86.0	S	0.0
Tnel_KRX20255.1	Dmel_NP_612063.2	86.0	S	0.0
Angcan_KAE9418089.1	Dmel_NP_612063.2	86.0	S	0.0
Diplco_DCO_001490	Dmel_NP_612063.2	86.0	S	0.0
Ttri_CDW53161.1	Dmel_NP_612063.2	86.0	S	0.0
Priarc_PARCANUS000014441.t1	Dmel_NP_612063.2	86.0	S	0.0
Tnel_KRX20256.1	Dmel_NP_612063.2	86.0	S	0.0
Tbri_KRY47478.1	Lpol_XP_022241372.1	86.0	S	0.0
Avit_KAL3989456.1	Lpol_XP_022241372.1	86.0	S	0.0
Asuu_AgB01_g822_t01	Lpol_XP_022241372.1	86.0	S	0.0
Ppat_XP_024376210.1	Lpol_XP_022241372.1	86.0	S	0.0
Lsig_VDK83118.1	Lpol_XP_022241372.1	86.0	S	0.0
Ddip_jg26533	Lpol_XP_022241372.1	86.0	S	0.0
Plae_KAI0984298.1	Lpol_XP_022241372.1	86.0	S	0.0
Trimur_TMUE_0000000640	Lpol_XP_022241372.1	86.0	S	0.0
Lloa_XP_003140884.1	Lpol_XP_022241372.1	86.0	S	0.0
Tnat_KRZ50470.1	Lpol_XP_022241372.1	86.0	S	0.0
Dimm_MCP9257372.1	Lpol_XP_022241372.1	86.0	S	0.0
Eela_EEL_0000590401-mRNA-1	Lpol_XP_022241372.1	86.0	S	0.0
Asuu_AgB01_g822_t03	Lpol_XP_022241372.1	86.0	S	0.0
Hcon_XGW18521.1	Lpol_XP_022241372.1	86.0	S	0.0
Acey_EYB86026.1	Lpol_XP_022241372.1	86.0	S	0.0
Otip_Oti_326_t	Lpol_XP_022241372.1	86.0	S	0.0
Srat_XP_024508351.1	Lpol_XP_022241372.1	86.0	S	0.0
Sarc_XP_014151949.1	Lpol_XP_022241372.1	86.0	S	0.0
Ever_VDD93866.1	Lpol_XP_022241372.1	86.0	S	0.0
Sbat_VDO98087.1	Lpol_XP_022241372.1	86.0	S	0.0
Asuu_AgB01_g822_t02	Lpol_XP_022241372.1	86.0	S	0.0
Bmal_XP_001897040.1	Lpol_XP_022241372.1	86.0	S	0.0
Sypmur_SMUV_0000527301-mRNA-1	Lpol_XP_022241372.1	86.0	S	0.0
Tspi_XP_003368987.1	Lpol_XP_022241372.1	86.0	S	0.0
Mbel_CAJ0964053.1	Lpol_XP_022241372.1	86.0	S	0.0
Trimur_TMUE_3000012690	Lpol_XP_022241372.1	86.0	S	0.0
Ppat_XP_024376209.1	Lpol_XP_022241372.1	86.0	S	0.0
Cfra_CFRG8355T1	Lpol_XP_022241372.1	86.0	S	0.0
Asuu_AgB01_g822_t05	Lpol_XP_022241372.1	86.0	S	0.0
Tsui_KHJ45102.1	Lpol_XP_022241372.1	86.0	S	0.0
Plae_KAI0984297.1	Lpol_XP_022241372.1	86.0	S	0.0
Hpol_VDP19018.1	Lpol_XP_022241372.1	86.0	S	0.0
Ovol_OVOC3662	Lpol_XP_022241372.1	86.0	S	0.0
Cele_NP_505831.1	Lpol_XP_022241372.1	86.0	S	0.0
Mhap_MhA1_Contig1994.frz3.gene4	Lpol_XP_022241372.1	86.0	S	0.0
Mjap_MIJAPON000006756.t1	Lpol_XP_022241372.1	86.0	S	0.0
Plae_KAI0985441.1	Lpol_XP_022241372.1	86.0	S	0.0
Tspi_XP_003380167.1	Lpol_XP_022241372.1	86.0	S	0.0
Bxyl_CAG9128521.1	Lpol_XP_022241372.1	86.0	S	0.0
Wban_VDM22157.1	Lpol_XP_022241372.1	86.0	S	0.0
Asuu_AgB01_g822_t04	Lpol_XP_022241372.1	86.0	S	0.0
Ddip_jg26521	Lpol_XP_022241372.1	86.0	S	0.0
Gpal_Gpal_D383_g00500.t1	Lpol_XP_022241372.1	86.0	S	0.0
Rcul_nRc.2.0.1.t13431-RA	Lpol_XP_022241372.1	86.0	S	0.0
Hcon_XGW18520.1	Lpol_XP_022241372.1	86.0	S	0.0
Diplco_DCO_001492	Lpol_XP_022241372.1	86.0	S	0.0
Scar_TKR80642.1	Lpol_XP_022241372.1	86.0	S	0.0
Tnel_KRX20255.1	Lpol_XP_022241372.1	86.0	S	0.0
Angcan_KAE9418089.1	Lpol_XP_022241372.1	86.0	S	0.0
Diplco_DCO_001490	Lpol_XP_022241372.1	86.0	S	0.0
Ttri_CDW53161.1	Lpol_XP_022241372.1	86.0	S	0.0
Priarc_PARCANUS000014441.t1	Lpol_XP_022241372.1	86.0	S	0.0
Tnel_KRX20256.1	Lpol_XP_022241372.1	86.0	S	0.0
Tbri_KRY47478.1	Bmor_XP_021207491.2	86.0	S	0.0
Avit_KAL3989456.1	Bmor_XP_021207491.2	86.0	S	0.0
Asuu_AgB01_g822_t01	Bmor_XP_021207491.2	86.0	S	0.0
Ppat_XP_024376210.1	Bmor_XP_021207491.2	86.0	S	0.0
Lsig_VDK83118.1	Bmor_XP_021207491.2	86.0	S	0.0
Ddip_jg26533	Bmor_XP_021207491.2	86.0	S	0.0
Plae_KAI0984298.1	Bmor_XP_021207491.2	86.0	S	0.0
Trimur_TMUE_0000000640	Bmor_XP_021207491.2	86.0	S	0.0
Lloa_XP_003140884.1	Bmor_XP_021207491.2	86.0	S	0.0
Tnat_KRZ50470.1	Bmor_XP_021207491.2	86.0	S	0.0
Dimm_MCP9257372.1	Bmor_XP_021207491.2	86.0	S	0.0
Eela_EEL_0000590401-mRNA-1	Bmor_XP_021207491.2	86.0	S	0.0
Asuu_AgB01_g822_t03	Bmor_XP_021207491.2	86.0	S	0.0
Hcon_XGW18521.1	Bmor_XP_021207491.2	86.0	S	0.0
Acey_EYB86026.1	Bmor_XP_021207491.2	86.0	S	0.0
Otip_Oti_326_t	Bmor_XP_021207491.2	86.0	S	0.0
Srat_XP_024508351.1	Bmor_XP_021207491.2	86.0	S	0.0
Sarc_XP_014151949.1	Bmor_XP_021207491.2	86.0	S	0.0
Ever_VDD93866.1	Bmor_XP_021207491.2	86.0	S	0.0
Sbat_VDO98087.1	Bmor_XP_021207491.2	86.0	S	0.0
Asuu_AgB01_g822_t02	Bmor_XP_021207491.2	86.0	S	0.0
Bmal_XP_001897040.1	Bmor_XP_021207491.2	86.0	S	0.0
Sypmur_SMUV_0000527301-mRNA-1	Bmor_XP_021207491.2	86.0	S	0.0
Tspi_XP_003368987.1	Bmor_XP_021207491.2	86.0	S	0.0
Mbel_CAJ0964053.1	Bmor_XP_021207491.2	86.0	S	0.0
Trimur_TMUE_3000012690	Bmor_XP_021207491.2	86.0	S	0.0
Ppat_XP_024376209.1	Bmor_XP_021207491.2	86.0	S	0.0
Cfra_CFRG8355T1	Bmor_XP_021207491.2	86.0	S	0.0
Asuu_AgB01_g822_t05	Bmor_XP_021207491.2	86.0	S	0.0
Tsui_KHJ45102.1	Bmor_XP_021207491.2	86.0	S	0.0
Plae_KAI0984297.1	Bmor_XP_021207491.2	86.0	S	0.0
Hpol_VDP19018.1	Bmor_XP_021207491.2	86.0	S	0.0
Ovol_OVOC3662	Bmor_XP_021207491.2	86.0	S	0.0
Cele_NP_505831.1	Bmor_XP_021207491.2	86.0	S	0.0
Mhap_MhA1_Contig1994.frz3.gene4	Bmor_XP_021207491.2	86.0	S	0.0
Mjap_MIJAPON000006756.t1	Bmor_XP_021207491.2	86.0	S	0.0
Plae_KAI0985441.1	Bmor_XP_021207491.2	86.0	S	0.0
Tspi_XP_003380167.1	Bmor_XP_021207491.2	86.0	S	0.0
Bxyl_CAG9128521.1	Bmor_XP_021207491.2	86.0	S	0.0
Wban_VDM22157.1	Bmor_XP_021207491.2	86.0	S	0.0
Asuu_AgB01_g822_t04	Bmor_XP_021207491.2	86.0	S	0.0
Ddip_jg26521	Bmor_XP_021207491.2	86.0	S	0.0
Gpal_Gpal_D383_g00500.t1	Bmor_XP_021207491.2	86.0	S	0.0
Rcul_nRc.2.0.1.t13431-RA	Bmor_XP_021207491.2	86.0	S	0.0
Hcon_XGW18520.1	Bmor_XP_021207491.2	86.0	S	0.0
Diplco_DCO_001492	Bmor_XP_021207491.2	86.0	S	0.0
Scar_TKR80642.1	Bmor_XP_021207491.2	86.0	S	0.0
Tnel_KRX20255.1	Bmor_XP_021207491.2	86.0	S	0.0
Angcan_KAE9418089.1	Bmor_XP_021207491.2	86.0	S	0.0
Diplco_DCO_001490	Bmor_XP_021207491.2	86.0	S	0.0
Ttri_CDW53161.1	Bmor_XP_021207491.2	86.0	S	0.0
Priarc_PARCANUS000014441.t1	Bmor_XP_021207491.2	86.0	S	0.0
Tnel_KRX20256.1	Bmor_XP_021207491.2	86.0	S	0.0
Tbri_KRY47478.1	Drer_NP_001103339.2	86.0	S	0.0
Avit_KAL3989456.1	Drer_NP_001103339.2	86.0	S	0.0
Asuu_AgB01_g822_t01	Drer_NP_001103339.2	86.0	S	0.0
Ppat_XP_024376210.1	Drer_NP_001103339.2	86.0	S	0.0
Lsig_VDK83118.1	Drer_NP_001103339.2	86.0	S	0.0
Ddip_jg26533	Drer_NP_001103339.2	86.0	S	0.0
Plae_KAI0984298.1	Drer_NP_001103339.2	86.0	S	0.0
Trimur_TMUE_0000000640	Drer_NP_001103339.2	86.0	S	0.0
Lloa_XP_003140884.1	Drer_NP_001103339.2	86.0	S	0.0
Tnat_KRZ50470.1	Drer_NP_001103339.2	86.0	S	0.0
Dimm_MCP9257372.1	Drer_NP_001103339.2	86.0	S	0.0
Eela_EEL_0000590401-mRNA-1	Drer_NP_001103339.2	86.0	S	0.0
Asuu_AgB01_g822_t03	Drer_NP_001103339.2	86.0	S	0.0
Hcon_XGW18521.1	Drer_NP_001103339.2	86.0	S	0.0
Acey_EYB86026.1	Drer_NP_001103339.2	86.0	S	0.0
Otip_Oti_326_t	Drer_NP_001103339.2	86.0	S	0.0
Srat_XP_024508351.1	Drer_NP_001103339.2	86.0	S	0.0
Sarc_XP_014151949.1	Drer_NP_001103339.2	86.0	S	0.0
Ever_VDD93866.1	Drer_NP_001103339.2	86.0	S	0.0
Sbat_VDO98087.1	Drer_NP_001103339.2	86.0	S	0.0
Asuu_AgB01_g822_t02	Drer_NP_001103339.2	86.0	S	0.0
Bmal_XP_001897040.1	Drer_NP_001103339.2	86.0	S	0.0
Sypmur_SMUV_0000527301-mRNA-1	Drer_NP_001103339.2	86.0	S	0.0
Tspi_XP_003368987.1	Drer_NP_001103339.2	86.0	S	0.0
Mbel_CAJ0964053.1	Drer_NP_001103339.2	86.0	S	0.0
Trimur_TMUE_3000012690	Drer_NP_001103339.2	86.0	S	0.0
Ppat_XP_024376209.1	Drer_NP_001103339.2	86.0	S	0.0
Cfra_CFRG8355T1	Drer_NP_001103339.2	86.0	S	0.0
Asuu_AgB01_g822_t05	Drer_NP_001103339.2	86.0	S	0.0
Tsui_KHJ45102.1	Drer_NP_001103339.2	86.0	S	0.0
Plae_KAI0984297.1	Drer_NP_001103339.2	86.0	S	0.0
Hpol_VDP19018.1	Drer_NP_001103339.2	86.0	S	0.0
Ovol_OVOC3662	Drer_NP_001103339.2	86.0	S	0.0
Cele_NP_505831.1	Drer_NP_001103339.2	86.0	S	0.0
Mhap_MhA1_Contig1994.frz3.gene4	Drer_NP_001103339.2	86.0	S	0.0
Mjap_MIJAPON000006756.t1	Drer_NP_001103339.2	86.0	S	0.0
Plae_KAI0985441.1	Drer_NP_001103339.2	86.0	S	0.0
Tspi_XP_003380167.1	Drer_NP_001103339.2	86.0	S	0.0
Bxyl_CAG9128521.1	Drer_NP_001103339.2	86.0	S	0.0
Wban_VDM22157.1	Drer_NP_001103339.2	86.0	S	0.0
Asuu_AgB01_g822_t04	Drer_NP_001103339.2	86.0	S	0.0
Ddip_jg26521	Drer_NP_001103339.2	86.0	S	0.0
Gpal_Gpal_D383_g00500.t1	Drer_NP_001103339.2	86.0	S	0.0
Rcul_nRc.2.0.1.t13431-RA	Drer_NP_001103339.2	86.0	S	0.0
Hcon_XGW18520.1	Drer_NP_001103339.2	86.0	S	0.0
Diplco_DCO_001492	Drer_NP_001103339.2	86.0	S	0.0
Scar_TKR80642.1	Drer_NP_001103339.2	86.0	S	0.0
Tnel_KRX20255.1	Drer_NP_001103339.2	86.0	S	0.0
Angcan_KAE9418089.1	Drer_NP_001103339.2	86.0	S	0.0
Diplco_DCO_001490	Drer_NP_001103339.2	86.0	S	0.0
Ttri_CDW53161.1	Drer_NP_001103339.2	86.0	S	0.0
Priarc_PARCANUS000014441.t1	Drer_NP_001103339.2	86.0	S	0.0
Tnel_KRX20256.1	Drer_NP_001103339.2	86.0	S	0.0
Tbri_KRY47478.1	Dmel_NP_001261225.1	86.0	S	0.0
Avit_KAL3989456.1	Dmel_NP_001261225.1	86.0	S	0.0
Asuu_AgB01_g822_t01	Dmel_NP_001261225.1	86.0	S	0.0
Ppat_XP_024376210.1	Dmel_NP_001261225.1	86.0	S	0.0
Lsig_VDK83118.1	Dmel_NP_001261225.1	86.0	S	0.0
Ddip_jg26533	Dmel_NP_001261225.1	86.0	S	0.0
Plae_KAI0984298.1	Dmel_NP_001261225.1	86.0	S	0.0
Trimur_TMUE_0000000640	Dmel_NP_001261225.1	86.0	S	0.0
Lloa_XP_003140884.1	Dmel_NP_001261225.1	86.0	S	0.0
Tnat_KRZ50470.1	Dmel_NP_001261225.1	86.0	S	0.0
Dimm_MCP9257372.1	Dmel_NP_001261225.1	86.0	S	0.0
Eela_EEL_0000590401-mRNA-1	Dmel_NP_001261225.1	86.0	S	0.0
Asuu_AgB01_g822_t03	Dmel_NP_001261225.1	86.0	S	0.0
Hcon_XGW18521.1	Dmel_NP_001261225.1	86.0	S	0.0
Acey_EYB86026.1	Dmel_NP_001261225.1	86.0	S	0.0
Otip_Oti_326_t	Dmel_NP_001261225.1	86.0	S	0.0
Srat_XP_024508351.1	Dmel_NP_001261225.1	86.0	S	0.0
Sarc_XP_014151949.1	Dmel_NP_001261225.1	86.0	S	0.0
Ever_VDD93866.1	Dmel_NP_001261225.1	86.0	S	0.0
Sbat_VDO98087.1	Dmel_NP_001261225.1	86.0	S	0.0
Asuu_AgB01_g822_t02	Dmel_NP_001261225.1	86.0	S	0.0
Bmal_XP_001897040.1	Dmel_NP_001261225.1	86.0	S	0.0
Sypmur_SMUV_0000527301-mRNA-1	Dmel_NP_001261225.1	86.0	S	0.0
Tspi_XP_003368987.1	Dmel_NP_001261225.1	86.0	S	0.0
Mbel_CAJ0964053.1	Dmel_NP_001261225.1	86.0	S	0.0
Trimur_TMUE_3000012690	Dmel_NP_001261225.1	86.0	S	0.0
Ppat_XP_024376209.1	Dmel_NP_001261225.1	86.0	S	0.0
Cfra_CFRG8355T1	Dmel_NP_001261225.1	86.0	S	0.0
Asuu_AgB01_g822_t05	Dmel_NP_001261225.1	86.0	S	0.0
Tsui_KHJ45102.1	Dmel_NP_001261225.1	86.0	S	0.0
Plae_KAI0984297.1	Dmel_NP_001261225.1	86.0	S	0.0
Hpol_VDP19018.1	Dmel_NP_001261225.1	86.0	S	0.0
Ovol_OVOC3662	Dmel_NP_001261225.1	86.0	S	0.0
Cele_NP_505831.1	Dmel_NP_001261225.1	86.0	S	0.0
Mhap_MhA1_Contig1994.frz3.gene4	Dmel_NP_001261225.1	86.0	S	0.0
Mjap_MIJAPON000006756.t1	Dmel_NP_001261225.1	86.0	S	0.0
Plae_KAI0985441.1	Dmel_NP_001261225.1	86.0	S	0.0
Tspi_XP_003380167.1	Dmel_NP_001261225.1	86.0	S	0.0
Bxyl_CAG9128521.1	Dmel_NP_001261225.1	86.0	S	0.0
Wban_VDM22157.1	Dmel_NP_001261225.1	86.0	S	0.0
Asuu_AgB01_g822_t04	Dmel_NP_001261225.1	86.0	S	0.0
Ddip_jg26521	Dmel_NP_001261225.1	86.0	S	0.0
Gpal_Gpal_D383_g00500.t1	Dmel_NP_001261225.1	86.0	S	0.0
Rcul_nRc.2.0.1.t13431-RA	Dmel_NP_001261225.1	86.0	S	0.0
Hcon_XGW18520.1	Dmel_NP_001261225.1	86.0	S	0.0
Diplco_DCO_001492	Dmel_NP_001261225.1	86.0	S	0.0
Scar_TKR80642.1	Dmel_NP_001261225.1	86.0	S	0.0
Tnel_KRX20255.1	Dmel_NP_001261225.1	86.0	S	0.0
Angcan_KAE9418089.1	Dmel_NP_001261225.1	86.0	S	0.0
Diplco_DCO_001490	Dmel_NP_001261225.1	86.0	S	0.0
Ttri_CDW53161.1	Dmel_NP_001261225.1	86.0	S	0.0
Priarc_PARCANUS000014441.t1	Dmel_NP_001261225.1	86.0	S	0.0
Tnel_KRX20256.1	Dmel_NP_001261225.1	86.0	S	0.0
Tbri_KRY47478.1	Lcom_lcpid115304|	86.0	S	0.0
Avit_KAL3989456.1	Lcom_lcpid115304|	86.0	S	0.0
Asuu_AgB01_g822_t01	Lcom_lcpid115304|	86.0	S	0.0
Ppat_XP_024376210.1	Lcom_lcpid115304|	86.0	S	0.0
Lsig_VDK83118.1	Lcom_lcpid115304|	86.0	S	0.0
Ddip_jg26533	Lcom_lcpid115304|	86.0	S	0.0
Plae_KAI0984298.1	Lcom_lcpid115304|	86.0	S	0.0
Trimur_TMUE_0000000640	Lcom_lcpid115304|	86.0	S	0.0
Lloa_XP_003140884.1	Lcom_lcpid115304|	86.0	S	0.0
Tnat_KRZ50470.1	Lcom_lcpid115304|	86.0	S	0.0
Dimm_MCP9257372.1	Lcom_lcpid115304|	86.0	S	0.0
Eela_EEL_0000590401-mRNA-1	Lcom_lcpid115304|	86.0	S	0.0
Asuu_AgB01_g822_t03	Lcom_lcpid115304|	86.0	S	0.0
Hcon_XGW18521.1	Lcom_lcpid115304|	86.0	S	0.0
Acey_EYB86026.1	Lcom_lcpid115304|	86.0	S	0.0
Otip_Oti_326_t	Lcom_lcpid115304|	86.0	S	0.0
Srat_XP_024508351.1	Lcom_lcpid115304|	86.0	S	0.0
Sarc_XP_014151949.1	Lcom_lcpid115304|	86.0	S	0.0
Ever_VDD93866.1	Lcom_lcpid115304|	86.0	S	0.0
Sbat_VDO98087.1	Lcom_lcpid115304|	86.0	S	0.0
Asuu_AgB01_g822_t02	Lcom_lcpid115304|	86.0	S	0.0
Bmal_XP_001897040.1	Lcom_lcpid115304|	86.0	S	0.0
Sypmur_SMUV_0000527301-mRNA-1	Lcom_lcpid115304|	86.0	S	0.0
Tspi_XP_003368987.1	Lcom_lcpid115304|	86.0	S	0.0
Mbel_CAJ0964053.1	Lcom_lcpid115304|	86.0	S	0.0
Trimur_TMUE_3000012690	Lcom_lcpid115304|	86.0	S	0.0
Ppat_XP_024376209.1	Lcom_lcpid115304|	86.0	S	0.0
Cfra_CFRG8355T1	Lcom_lcpid115304|	86.0	S	0.0
Asuu_AgB01_g822_t05	Lcom_lcpid115304|	86.0	S	0.0
Tsui_KHJ45102.1	Lcom_lcpid115304|	86.0	S	0.0
Plae_KAI0984297.1	Lcom_lcpid115304|	86.0	S	0.0
Hpol_VDP19018.1	Lcom_lcpid115304|	86.0	S	0.0
Ovol_OVOC3662	Lcom_lcpid115304|	86.0	S	0.0
Cele_NP_505831.1	Lcom_lcpid115304|	86.0	S	0.0
Mhap_MhA1_Contig1994.frz3.gene4	Lcom_lcpid115304|	86.0	S	0.0
Mjap_MIJAPON000006756.t1	Lcom_lcpid115304|	86.0	S	0.0
Plae_KAI0985441.1	Lcom_lcpid115304|	86.0	S	0.0
Tspi_XP_003380167.1	Lcom_lcpid115304|	86.0	S	0.0
Bxyl_CAG9128521.1	Lcom_lcpid115304|	86.0	S	0.0
Wban_VDM22157.1	Lcom_lcpid115304|	86.0	S	0.0
Asuu_AgB01_g822_t04	Lcom_lcpid115304|	86.0	S	0.0
Ddip_jg26521	Lcom_lcpid115304|	86.0	S	0.0
Gpal_Gpal_D383_g00500.t1	Lcom_lcpid115304|	86.0	S	0.0
Rcul_nRc.2.0.1.t13431-RA	Lcom_lcpid115304|	86.0	S	0.0
Hcon_XGW18520.1	Lcom_lcpid115304|	86.0	S	0.0
Diplco_DCO_001492	Lcom_lcpid115304|	86.0	S	0.0
Scar_TKR80642.1	Lcom_lcpid115304|	86.0	S	0.0
Tnel_KRX20255.1	Lcom_lcpid115304|	86.0	S	0.0
Angcan_KAE9418089.1	Lcom_lcpid115304|	86.0	S	0.0
Diplco_DCO_001490	Lcom_lcpid115304|	86.0	S	0.0
Ttri_CDW53161.1	Lcom_lcpid115304|	86.0	S	0.0
Priarc_PARCANUS000014441.t1	Lcom_lcpid115304|	86.0	S	0.0
Tnel_KRX20256.1	Lcom_lcpid115304|	86.0	S	0.0
Tbri_KRY47478.1	Hsap_XP_047290613.1	86.0	S	0.0
Avit_KAL3989456.1	Hsap_XP_047290613.1	86.0	S	0.0
Asuu_AgB01_g822_t01	Hsap_XP_047290613.1	86.0	S	0.0
Ppat_XP_024376210.1	Hsap_XP_047290613.1	86.0	S	0.0
Lsig_VDK83118.1	Hsap_XP_047290613.1	86.0	S	0.0
Ddip_jg26533	Hsap_XP_047290613.1	86.0	S	0.0
Plae_KAI0984298.1	Hsap_XP_047290613.1	86.0	S	0.0
Trimur_TMUE_0000000640	Hsap_XP_047290613.1	86.0	S	0.0
Lloa_XP_003140884.1	Hsap_XP_047290613.1	86.0	S	0.0
Tnat_KRZ50470.1	Hsap_XP_047290613.1	86.0	S	0.0
Dimm_MCP9257372.1	Hsap_XP_047290613.1	86.0	S	0.0
Eela_EEL_0000590401-mRNA-1	Hsap_XP_047290613.1	86.0	S	0.0
Asuu_AgB01_g822_t03	Hsap_XP_047290613.1	86.0	S	0.0
Hcon_XGW18521.1	Hsap_XP_047290613.1	86.0	S	0.0
Acey_EYB86026.1	Hsap_XP_047290613.1	86.0	S	0.0
Otip_Oti_326_t	Hsap_XP_047290613.1	86.0	S	0.0
Srat_XP_024508351.1	Hsap_XP_047290613.1	86.0	S	0.0
Sarc_XP_014151949.1	Hsap_XP_047290613.1	86.0	S	0.0
Ever_VDD93866.1	Hsap_XP_047290613.1	86.0	S	0.0
Sbat_VDO98087.1	Hsap_XP_047290613.1	86.0	S	0.0
Asuu_AgB01_g822_t02	Hsap_XP_047290613.1	86.0	S	0.0
Bmal_XP_001897040.1	Hsap_XP_047290613.1	86.0	S	0.0
Sypmur_SMUV_0000527301-mRNA-1	Hsap_XP_047290613.1	86.0	S	0.0
Tspi_XP_003368987.1	Hsap_XP_047290613.1	86.0	S	0.0
Mbel_CAJ0964053.1	Hsap_XP_047290613.1	86.0	S	0.0
Trimur_TMUE_3000012690	Hsap_XP_047290613.1	86.0	S	0.0
Ppat_XP_024376209.1	Hsap_XP_047290613.1	86.0	S	0.0
Cfra_CFRG8355T1	Hsap_XP_047290613.1	86.0	S	0.0
Asuu_AgB01_g822_t05	Hsap_XP_047290613.1	86.0	S	0.0
Tsui_KHJ45102.1	Hsap_XP_047290613.1	86.0	S	0.0
Plae_KAI0984297.1	Hsap_XP_047290613.1	86.0	S	0.0
Hpol_VDP19018.1	Hsap_XP_047290613.1	86.0	S	0.0
Ovol_OVOC3662	Hsap_XP_047290613.1	86.0	S	0.0
Cele_NP_505831.1	Hsap_XP_047290613.1	86.0	S	0.0
Mhap_MhA1_Contig1994.frz3.gene4	Hsap_XP_047290613.1	86.0	S	0.0
Mjap_MIJAPON000006756.t1	Hsap_XP_047290613.1	86.0	S	0.0
Plae_KAI0985441.1	Hsap_XP_047290613.1	86.0	S	0.0
Tspi_XP_003380167.1	Hsap_XP_047290613.1	86.0	S	0.0
Bxyl_CAG9128521.1	Hsap_XP_047290613.1	86.0	S	0.0
Wban_VDM22157.1	Hsap_XP_047290613.1	86.0	S	0.0
Asuu_AgB01_g822_t04	Hsap_XP_047290613.1	86.0	S	0.0
Ddip_jg26521	Hsap_XP_047290613.1	86.0	S	0.0
Gpal_Gpal_D383_g00500.t1	Hsap_XP_047290613.1	86.0	S	0.0
Rcul_nRc.2.0.1.t13431-RA	Hsap_XP_047290613.1	86.0	S	0.0
Hcon_XGW18520.1	Hsap_XP_047290613.1	86.0	S	0.0
Diplco_DCO_001492	Hsap_XP_047290613.1	86.0	S	0.0
Scar_TKR80642.1	Hsap_XP_047290613.1	86.0	S	0.0
Tnel_KRX20255.1	Hsap_XP_047290613.1	86.0	S	0.0
Angcan_KAE9418089.1	Hsap_XP_047290613.1	86.0	S	0.0
Diplco_DCO_001490	Hsap_XP_047290613.1	86.0	S	0.0
Ttri_CDW53161.1	Hsap_XP_047290613.1	86.0	S	0.0
Priarc_PARCANUS000014441.t1	Hsap_XP_047290613.1	86.0	S	0.0
Tnel_KRX20256.1	Hsap_XP_047290613.1	86.0	S	0.0
Tbri_KRY47478.1	Lana_XP_013411836.1	86.0	S	0.0
Avit_KAL3989456.1	Lana_XP_013411836.1	86.0	S	0.0
Asuu_AgB01_g822_t01	Lana_XP_013411836.1	86.0	S	0.0
Ppat_XP_024376210.1	Lana_XP_013411836.1	86.0	S	0.0
Lsig_VDK83118.1	Lana_XP_013411836.1	86.0	S	0.0
Ddip_jg26533	Lana_XP_013411836.1	86.0	S	0.0
Plae_KAI0984298.1	Lana_XP_013411836.1	86.0	S	0.0
Trimur_TMUE_0000000640	Lana_XP_013411836.1	86.0	S	0.0
Lloa_XP_003140884.1	Lana_XP_013411836.1	86.0	S	0.0
Tnat_KRZ50470.1	Lana_XP_013411836.1	86.0	S	0.0
Dimm_MCP9257372.1	Lana_XP_013411836.1	86.0	S	0.0
Eela_EEL_0000590401-mRNA-1	Lana_XP_013411836.1	86.0	S	0.0
Asuu_AgB01_g822_t03	Lana_XP_013411836.1	86.0	S	0.0
Hcon_XGW18521.1	Lana_XP_013411836.1	86.0	S	0.0
Acey_EYB86026.1	Lana_XP_013411836.1	86.0	S	0.0
Otip_Oti_326_t	Lana_XP_013411836.1	86.0	S	0.0
Srat_XP_024508351.1	Lana_XP_013411836.1	86.0	S	0.0
Sarc_XP_014151949.1	Lana_XP_013411836.1	86.0	S	0.0
Ever_VDD93866.1	Lana_XP_013411836.1	86.0	S	0.0
Sbat_VDO98087.1	Lana_XP_013411836.1	86.0	S	0.0
Asuu_AgB01_g822_t02	Lana_XP_013411836.1	86.0	S	0.0
Bmal_XP_001897040.1	Lana_XP_013411836.1	86.0	S	0.0
Sypmur_SMUV_0000527301-mRNA-1	Lana_XP_013411836.1	86.0	S	0.0
Tspi_XP_003368987.1	Lana_XP_013411836.1	86.0	S	0.0
Mbel_CAJ0964053.1	Lana_XP_013411836.1	86.0	S	0.0
Trimur_TMUE_3000012690	Lana_XP_013411836.1	86.0	S	0.0
Ppat_XP_024376209.1	Lana_XP_013411836.1	86.0	S	0.0
Cfra_CFRG8355T1	Lana_XP_013411836.1	86.0	S	0.0
Asuu_AgB01_g822_t05	Lana_XP_013411836.1	86.0	S	0.0
Tsui_KHJ45102.1	Lana_XP_013411836.1	86.0	S	0.0
Plae_KAI0984297.1	Lana_XP_013411836.1	86.0	S	0.0
Hpol_VDP19018.1	Lana_XP_013411836.1	86.0	S	0.0
Ovol_OVOC3662	Lana_XP_013411836.1	86.0	S	0.0
Cele_NP_505831.1	Lana_XP_013411836.1	86.0	S	0.0
Mhap_MhA1_Contig1994.frz3.gene4	Lana_XP_013411836.1	86.0	S	0.0
Mjap_MIJAPON000006756.t1	Lana_XP_013411836.1	86.0	S	0.0
Plae_KAI0985441.1	Lana_XP_013411836.1	86.0	S	0.0
Tspi_XP_003380167.1	Lana_XP_013411836.1	86.0	S	0.0
Bxyl_CAG9128521.1	Lana_XP_013411836.1	86.0	S	0.0
Wban_VDM22157.1	Lana_XP_013411836.1	86.0	S	0.0
Asuu_AgB01_g822_t04	Lana_XP_013411836.1	86.0	S	0.0
Ddip_jg26521	Lana_XP_013411836.1	86.0	S	0.0
Gpal_Gpal_D383_g00500.t1	Lana_XP_013411836.1	86.0	S	0.0
Rcul_nRc.2.0.1.t13431-RA	Lana_XP_013411836.1	86.0	S	0.0
Hcon_XGW18520.1	Lana_XP_013411836.1	86.0	S	0.0
Diplco_DCO_001492	Lana_XP_013411836.1	86.0	S	0.0
Scar_TKR80642.1	Lana_XP_013411836.1	86.0	S	0.0
Tnel_KRX20255.1	Lana_XP_013411836.1	86.0	S	0.0
Angcan_KAE9418089.1	Lana_XP_013411836.1	86.0	S	0.0
Diplco_DCO_001490	Lana_XP_013411836.1	86.0	S	0.0
Ttri_CDW53161.1	Lana_XP_013411836.1	86.0	S	0.0
Priarc_PARCANUS000014441.t1	Lana_XP_013411836.1	86.0	S	0.0
Tnel_KRX20256.1	Lana_XP_013411836.1	86.0	S	0.0
Tbri_KRY47478.1	Hduj_OQV19329.1	86.0	S	0.0
Avit_KAL3989456.1	Hduj_OQV19329.1	86.0	S	0.0
Asuu_AgB01_g822_t01	Hduj_OQV19329.1	86.0	S	0.0
Ppat_XP_024376210.1	Hduj_OQV19329.1	86.0	S	0.0
Lsig_VDK83118.1	Hduj_OQV19329.1	86.0	S	0.0
Ddip_jg26533	Hduj_OQV19329.1	86.0	S	0.0
Plae_KAI0984298.1	Hduj_OQV19329.1	86.0	S	0.0
Trimur_TMUE_0000000640	Hduj_OQV19329.1	86.0	S	0.0
Lloa_XP_003140884.1	Hduj_OQV19329.1	86.0	S	0.0
Tnat_KRZ50470.1	Hduj_OQV19329.1	86.0	S	0.0
Dimm_MCP9257372.1	Hduj_OQV19329.1	86.0	S	0.0
Eela_EEL_0000590401-mRNA-1	Hduj_OQV19329.1	86.0	S	0.0
Asuu_AgB01_g822_t03	Hduj_OQV19329.1	86.0	S	0.0
Hcon_XGW18521.1	Hduj_OQV19329.1	86.0	S	0.0
Acey_EYB86026.1	Hduj_OQV19329.1	86.0	S	0.0
Otip_Oti_326_t	Hduj_OQV19329.1	86.0	S	0.0
Srat_XP_024508351.1	Hduj_OQV19329.1	86.0	S	0.0
Sarc_XP_014151949.1	Hduj_OQV19329.1	86.0	S	0.0
Ever_VDD93866.1	Hduj_OQV19329.1	86.0	S	0.0
Sbat_VDO98087.1	Hduj_OQV19329.1	86.0	S	0.0
Asuu_AgB01_g822_t02	Hduj_OQV19329.1	86.0	S	0.0
Bmal_XP_001897040.1	Hduj_OQV19329.1	86.0	S	0.0
Sypmur_SMUV_0000527301-mRNA-1	Hduj_OQV19329.1	86.0	S	0.0
Tspi_XP_003368987.1	Hduj_OQV19329.1	86.0	S	0.0
Mbel_CAJ0964053.1	Hduj_OQV19329.1	86.0	S	0.0
Trimur_TMUE_3000012690	Hduj_OQV19329.1	86.0	S	0.0
Ppat_XP_024376209.1	Hduj_OQV19329.1	86.0	S	0.0
Cfra_CFRG8355T1	Hduj_OQV19329.1	86.0	S	0.0
Asuu_AgB01_g822_t05	Hduj_OQV19329.1	86.0	S	0.0
Tsui_KHJ45102.1	Hduj_OQV19329.1	86.0	S	0.0
Plae_KAI0984297.1	Hduj_OQV19329.1	86.0	S	0.0
Hpol_VDP19018.1	Hduj_OQV19329.1	86.0	S	0.0
Ovol_OVOC3662	Hduj_OQV19329.1	86.0	S	0.0
Cele_NP_505831.1	Hduj_OQV19329.1	86.0	S	0.0
Mhap_MhA1_Contig1994.frz3.gene4	Hduj_OQV19329.1	86.0	S	0.0
Mjap_MIJAPON000006756.t1	Hduj_OQV19329.1	86.0	S	0.0
Plae_KAI0985441.1	Hduj_OQV19329.1	86.0	S	0.0
Tspi_XP_003380167.1	Hduj_OQV19329.1	86.0	S	0.0
Bxyl_CAG9128521.1	Hduj_OQV19329.1	86.0	S	0.0
Wban_VDM22157.1	Hduj_OQV19329.1	86.0	S	0.0
Asuu_AgB01_g822_t04	Hduj_OQV19329.1	86.0	S	0.0
Ddip_jg26521	Hduj_OQV19329.1	86.0	S	0.0
Gpal_Gpal_D383_g00500.t1	Hduj_OQV19329.1	86.0	S	0.0
Rcul_nRc.2.0.1.t13431-RA	Hduj_OQV19329.1	86.0	S	0.0
Hcon_XGW18520.1	Hduj_OQV19329.1	86.0	S	0.0
Diplco_DCO_001492	Hduj_OQV19329.1	86.0	S	0.0
Scar_TKR80642.1	Hduj_OQV19329.1	86.0	S	0.0
Tnel_KRX20255.1	Hduj_OQV19329.1	86.0	S	0.0
Angcan_KAE9418089.1	Hduj_OQV19329.1	86.0	S	0.0
Diplco_DCO_001490	Hduj_OQV19329.1	86.0	S	0.0
Ttri_CDW53161.1	Hduj_OQV19329.1	86.0	S	0.0
Priarc_PARCANUS000014441.t1	Hduj_OQV19329.1	86.0	S	0.0
Tnel_KRX20256.1	Hduj_OQV19329.1	86.0	S	0.0
Tbri_KRY47478.1	Rvar_GAU90323.1	86.0	S	0.0
Avit_KAL3989456.1	Rvar_GAU90323.1	86.0	S	0.0
Asuu_AgB01_g822_t01	Rvar_GAU90323.1	86.0	S	0.0
Ppat_XP_024376210.1	Rvar_GAU90323.1	86.0	S	0.0
Lsig_VDK83118.1	Rvar_GAU90323.1	86.0	S	0.0
Ddip_jg26533	Rvar_GAU90323.1	86.0	S	0.0
Plae_KAI0984298.1	Rvar_GAU90323.1	86.0	S	0.0
Trimur_TMUE_0000000640	Rvar_GAU90323.1	86.0	S	0.0
Lloa_XP_003140884.1	Rvar_GAU90323.1	86.0	S	0.0
Tnat_KRZ50470.1	Rvar_GAU90323.1	86.0	S	0.0
Dimm_MCP9257372.1	Rvar_GAU90323.1	86.0	S	0.0
Eela_EEL_0000590401-mRNA-1	Rvar_GAU90323.1	86.0	S	0.0
Asuu_AgB01_g822_t03	Rvar_GAU90323.1	86.0	S	0.0
Hcon_XGW18521.1	Rvar_GAU90323.1	86.0	S	0.0
Acey_EYB86026.1	Rvar_GAU90323.1	86.0	S	0.0
Otip_Oti_326_t	Rvar_GAU90323.1	86.0	S	0.0
Srat_XP_024508351.1	Rvar_GAU90323.1	86.0	S	0.0
Sarc_XP_014151949.1	Rvar_GAU90323.1	86.0	S	0.0
Ever_VDD93866.1	Rvar_GAU90323.1	86.0	S	0.0
Sbat_VDO98087.1	Rvar_GAU90323.1	86.0	S	0.0
Asuu_AgB01_g822_t02	Rvar_GAU90323.1	86.0	S	0.0
Bmal_XP_001897040.1	Rvar_GAU90323.1	86.0	S	0.0
Sypmur_SMUV_0000527301-mRNA-1	Rvar_GAU90323.1	86.0	S	0.0
Tspi_XP_003368987.1	Rvar_GAU90323.1	86.0	S	0.0
Mbel_CAJ0964053.1	Rvar_GAU90323.1	86.0	S	0.0
Trimur_TMUE_3000012690	Rvar_GAU90323.1	86.0	S	0.0
Ppat_XP_024376209.1	Rvar_GAU90323.1	86.0	S	0.0
Cfra_CFRG8355T1	Rvar_GAU90323.1	86.0	S	0.0
Asuu_AgB01_g822_t05	Rvar_GAU90323.1	86.0	S	0.0
Tsui_KHJ45102.1	Rvar_GAU90323.1	86.0	S	0.0
Plae_KAI0984297.1	Rvar_GAU90323.1	86.0	S	0.0
Hpol_VDP19018.1	Rvar_GAU90323.1	86.0	S	0.0
Ovol_OVOC3662	Rvar_GAU90323.1	86.0	S	0.0
Cele_NP_505831.1	Rvar_GAU90323.1	86.0	S	0.0
Mhap_MhA1_Contig1994.frz3.gene4	Rvar_GAU90323.1	86.0	S	0.0
Mjap_MIJAPON000006756.t1	Rvar_GAU90323.1	86.0	S	0.0
Plae_KAI0985441.1	Rvar_GAU90323.1	86.0	S	0.0
Tspi_XP_003380167.1	Rvar_GAU90323.1	86.0	S	0.0
Bxyl_CAG9128521.1	Rvar_GAU90323.1	86.0	S	0.0
Wban_VDM22157.1	Rvar_GAU90323.1	86.0	S	0.0
Asuu_AgB01_g822_t04	Rvar_GAU90323.1	86.0	S	0.0
Ddip_jg26521	Rvar_GAU90323.1	86.0	S	0.0
Gpal_Gpal_D383_g00500.t1	Rvar_GAU90323.1	86.0	S	0.0
Rcul_nRc.2.0.1.t13431-RA	Rvar_GAU90323.1	86.0	S	0.0
Hcon_XGW18520.1	Rvar_GAU90323.1	86.0	S	0.0
Diplco_DCO_001492	Rvar_GAU90323.1	86.0	S	0.0
Scar_TKR80642.1	Rvar_GAU90323.1	86.0	S	0.0
Tnel_KRX20255.1	Rvar_GAU90323.1	86.0	S	0.0
Angcan_KAE9418089.1	Rvar_GAU90323.1	86.0	S	0.0
Diplco_DCO_001490	Rvar_GAU90323.1	86.0	S	0.0
Ttri_CDW53161.1	Rvar_GAU90323.1	86.0	S	0.0
Priarc_PARCANUS000014441.t1	Rvar_GAU90323.1	86.0	S	0.0
Tnel_KRX20256.1	Rvar_GAU90323.1	86.0	S	0.0
Tbri_KRY47478.1	Ggal_XP_004945335.2	86.0	S	0.0
Avit_KAL3989456.1	Ggal_XP_004945335.2	86.0	S	0.0
Asuu_AgB01_g822_t01	Ggal_XP_004945335.2	86.0	S	0.0
Ppat_XP_024376210.1	Ggal_XP_004945335.2	86.0	S	0.0
Lsig_VDK83118.1	Ggal_XP_004945335.2	86.0	S	0.0
Ddip_jg26533	Ggal_XP_004945335.2	86.0	S	0.0
Plae_KAI0984298.1	Ggal_XP_004945335.2	86.0	S	0.0
Trimur_TMUE_0000000640	Ggal_XP_004945335.2	86.0	S	0.0
Lloa_XP_003140884.1	Ggal_XP_004945335.2	86.0	S	0.0
Tnat_KRZ50470.1	Ggal_XP_004945335.2	86.0	S	0.0
Dimm_MCP9257372.1	Ggal_XP_004945335.2	86.0	S	0.0
Eela_EEL_0000590401-mRNA-1	Ggal_XP_004945335.2	86.0	S	0.0
Asuu_AgB01_g822_t03	Ggal_XP_004945335.2	86.0	S	0.0
Hcon_XGW18521.1	Ggal_XP_004945335.2	86.0	S	0.0
Acey_EYB86026.1	Ggal_XP_004945335.2	86.0	S	0.0
Otip_Oti_326_t	Ggal_XP_004945335.2	86.0	S	0.0
Srat_XP_024508351.1	Ggal_XP_004945335.2	86.0	S	0.0
Sarc_XP_014151949.1	Ggal_XP_004945335.2	86.0	S	0.0
Ever_VDD93866.1	Ggal_XP_004945335.2	86.0	S	0.0
Sbat_VDO98087.1	Ggal_XP_004945335.2	86.0	S	0.0
Asuu_AgB01_g822_t02	Ggal_XP_004945335.2	86.0	S	0.0
Bmal_XP_001897040.1	Ggal_XP_004945335.2	86.0	S	0.0
Sypmur_SMUV_0000527301-mRNA-1	Ggal_XP_004945335.2	86.0	S	0.0
Tspi_XP_003368987.1	Ggal_XP_004945335.2	86.0	S	0.0
Mbel_CAJ0964053.1	Ggal_XP_004945335.2	86.0	S	0.0
Trimur_TMUE_3000012690	Ggal_XP_004945335.2	86.0	S	0.0
Ppat_XP_024376209.1	Ggal_XP_004945335.2	86.0	S	0.0
Cfra_CFRG8355T1	Ggal_XP_004945335.2	86.0	S	0.0
Asuu_AgB01_g822_t05	Ggal_XP_004945335.2	86.0	S	0.0
Tsui_KHJ45102.1	Ggal_XP_004945335.2	86.0	S	0.0
Plae_KAI0984297.1	Ggal_XP_004945335.2	86.0	S	0.0
Hpol_VDP19018.1	Ggal_XP_004945335.2	86.0	S	0.0
Ovol_OVOC3662	Ggal_XP_004945335.2	86.0	S	0.0
Cele_NP_505831.1	Ggal_XP_004945335.2	86.0	S	0.0
Mhap_MhA1_Contig1994.frz3.gene4	Ggal_XP_004945335.2	86.0	S	0.0
Mjap_MIJAPON000006756.t1	Ggal_XP_004945335.2	86.0	S	0.0
Plae_KAI0985441.1	Ggal_XP_004945335.2	86.0	S	0.0
Tspi_XP_003380167.1	Ggal_XP_004945335.2	86.0	S	0.0
Bxyl_CAG9128521.1	Ggal_XP_004945335.2	86.0	S	0.0
Wban_VDM22157.1	Ggal_XP_004945335.2	86.0	S	0.0
Asuu_AgB01_g822_t04	Ggal_XP_004945335.2	86.0	S	0.0
Ddip_jg26521	Ggal_XP_004945335.2	86.0	S	0.0
Gpal_Gpal_D383_g00500.t1	Ggal_XP_004945335.2	86.0	S	0.0
Rcul_nRc.2.0.1.t13431-RA	Ggal_XP_004945335.2	86.0	S	0.0
Hcon_XGW18520.1	Ggal_XP_004945335.2	86.0	S	0.0
Diplco_DCO_001492	Ggal_XP_004945335.2	86.0	S	0.0
Scar_TKR80642.1	Ggal_XP_004945335.2	86.0	S	0.0
Tnel_KRX20255.1	Ggal_XP_004945335.2	86.0	S	0.0
Angcan_KAE9418089.1	Ggal_XP_004945335.2	86.0	S	0.0
Diplco_DCO_001490	Ggal_XP_004945335.2	86.0	S	0.0
Ttri_CDW53161.1	Ggal_XP_004945335.2	86.0	S	0.0
Priarc_PARCANUS000014441.t1	Ggal_XP_004945335.2	86.0	S	0.0
Tnel_KRX20256.1	Ggal_XP_004945335.2	86.0	S	0.0
Tbri_KRY47478.1	Hsap_XP_047290610.1	86.0	S	0.0
Avit_KAL3989456.1	Hsap_XP_047290610.1	86.0	S	0.0
Asuu_AgB01_g822_t01	Hsap_XP_047290610.1	86.0	S	0.0
Ppat_XP_024376210.1	Hsap_XP_047290610.1	86.0	S	0.0
Lsig_VDK83118.1	Hsap_XP_047290610.1	86.0	S	0.0
Ddip_jg26533	Hsap_XP_047290610.1	86.0	S	0.0
Plae_KAI0984298.1	Hsap_XP_047290610.1	86.0	S	0.0
Trimur_TMUE_0000000640	Hsap_XP_047290610.1	86.0	S	0.0
Lloa_XP_003140884.1	Hsap_XP_047290610.1	86.0	S	0.0
Tnat_KRZ50470.1	Hsap_XP_047290610.1	86.0	S	0.0
Dimm_MCP9257372.1	Hsap_XP_047290610.1	86.0	S	0.0
Eela_EEL_0000590401-mRNA-1	Hsap_XP_047290610.1	86.0	S	0.0
Asuu_AgB01_g822_t03	Hsap_XP_047290610.1	86.0	S	0.0
Hcon_XGW18521.1	Hsap_XP_047290610.1	86.0	S	0.0
Acey_EYB86026.1	Hsap_XP_047290610.1	86.0	S	0.0
Otip_Oti_326_t	Hsap_XP_047290610.1	86.0	S	0.0
Srat_XP_024508351.1	Hsap_XP_047290610.1	86.0	S	0.0
Sarc_XP_014151949.1	Hsap_XP_047290610.1	86.0	S	0.0
Ever_VDD93866.1	Hsap_XP_047290610.1	86.0	S	0.0
Sbat_VDO98087.1	Hsap_XP_047290610.1	86.0	S	0.0
Asuu_AgB01_g822_t02	Hsap_XP_047290610.1	86.0	S	0.0
Bmal_XP_001897040.1	Hsap_XP_047290610.1	86.0	S	0.0
Sypmur_SMUV_0000527301-mRNA-1	Hsap_XP_047290610.1	86.0	S	0.0
Tspi_XP_003368987.1	Hsap_XP_047290610.1	86.0	S	0.0
Mbel_CAJ0964053.1	Hsap_XP_047290610.1	86.0	S	0.0
Trimur_TMUE_3000012690	Hsap_XP_047290610.1	86.0	S	0.0
Ppat_XP_024376209.1	Hsap_XP_047290610.1	86.0	S	0.0
Cfra_CFRG8355T1	Hsap_XP_047290610.1	86.0	S	0.0
Asuu_AgB01_g822_t05	Hsap_XP_047290610.1	86.0	S	0.0
Tsui_KHJ45102.1	Hsap_XP_047290610.1	86.0	S	0.0
Plae_KAI0984297.1	Hsap_XP_047290610.1	86.0	S	0.0
Hpol_VDP19018.1	Hsap_XP_047290610.1	86.0	S	0.0
Ovol_OVOC3662	Hsap_XP_047290610.1	86.0	S	0.0
Cele_NP_505831.1	Hsap_XP_047290610.1	86.0	S	0.0
Mhap_MhA1_Contig1994.frz3.gene4	Hsap_XP_047290610.1	86.0	S	0.0
Mjap_MIJAPON000006756.t1	Hsap_XP_047290610.1	86.0	S	0.0
Plae_KAI0985441.1	Hsap_XP_047290610.1	86.0	S	0.0
Tspi_XP_003380167.1	Hsap_XP_047290610.1	86.0	S	0.0
Bxyl_CAG9128521.1	Hsap_XP_047290610.1	86.0	S	0.0
Wban_VDM22157.1	Hsap_XP_047290610.1	86.0	S	0.0
Asuu_AgB01_g822_t04	Hsap_XP_047290610.1	86.0	S	0.0
Ddip_jg26521	Hsap_XP_047290610.1	86.0	S	0.0
Gpal_Gpal_D383_g00500.t1	Hsap_XP_047290610.1	86.0	S	0.0
Rcul_nRc.2.0.1.t13431-RA	Hsap_XP_047290610.1	86.0	S	0.0
Hcon_XGW18520.1	Hsap_XP_047290610.1	86.0	S	0.0
Diplco_DCO_001492	Hsap_XP_047290610.1	86.0	S	0.0
Scar_TKR80642.1	Hsap_XP_047290610.1	86.0	S	0.0
Tnel_KRX20255.1	Hsap_XP_047290610.1	86.0	S	0.0
Angcan_KAE9418089.1	Hsap_XP_047290610.1	86.0	S	0.0
Diplco_DCO_001490	Hsap_XP_047290610.1	86.0	S	0.0
Ttri_CDW53161.1	Hsap_XP_047290610.1	86.0	S	0.0
Priarc_PARCANUS000014441.t1	Hsap_XP_047290610.1	86.0	S	0.0
Tnel_KRX20256.1	Hsap_XP_047290610.1	86.0	S	0.0
Tbri_KRY47478.1	Drer_XP_068072685.1	86.0	S	0.0
Avit_KAL3989456.1	Drer_XP_068072685.1	86.0	S	0.0
Asuu_AgB01_g822_t01	Drer_XP_068072685.1	86.0	S	0.0
Ppat_XP_024376210.1	Drer_XP_068072685.1	86.0	S	0.0
Lsig_VDK83118.1	Drer_XP_068072685.1	86.0	S	0.0
Ddip_jg26533	Drer_XP_068072685.1	86.0	S	0.0
Plae_KAI0984298.1	Drer_XP_068072685.1	86.0	S	0.0
Trimur_TMUE_0000000640	Drer_XP_068072685.1	86.0	S	0.0
Lloa_XP_003140884.1	Drer_XP_068072685.1	86.0	S	0.0
Tnat_KRZ50470.1	Drer_XP_068072685.1	86.0	S	0.0
Dimm_MCP9257372.1	Drer_XP_068072685.1	86.0	S	0.0
Eela_EEL_0000590401-mRNA-1	Drer_XP_068072685.1	86.0	S	0.0
Asuu_AgB01_g822_t03	Drer_XP_068072685.1	86.0	S	0.0
Hcon_XGW18521.1	Drer_XP_068072685.1	86.0	S	0.0
Acey_EYB86026.1	Drer_XP_068072685.1	86.0	S	0.0
Otip_Oti_326_t	Drer_XP_068072685.1	86.0	S	0.0
Srat_XP_024508351.1	Drer_XP_068072685.1	86.0	S	0.0
Sarc_XP_014151949.1	Drer_XP_068072685.1	86.0	S	0.0
Ever_VDD93866.1	Drer_XP_068072685.1	86.0	S	0.0
Sbat_VDO98087.1	Drer_XP_068072685.1	86.0	S	0.0
Asuu_AgB01_g822_t02	Drer_XP_068072685.1	86.0	S	0.0
Bmal_XP_001897040.1	Drer_XP_068072685.1	86.0	S	0.0
Sypmur_SMUV_0000527301-mRNA-1	Drer_XP_068072685.1	86.0	S	0.0
Tspi_XP_003368987.1	Drer_XP_068072685.1	86.0	S	0.0
Mbel_CAJ0964053.1	Drer_XP_068072685.1	86.0	S	0.0
Trimur_TMUE_3000012690	Drer_XP_068072685.1	86.0	S	0.0
Ppat_XP_024376209.1	Drer_XP_068072685.1	86.0	S	0.0
Cfra_CFRG8355T1	Drer_XP_068072685.1	86.0	S	0.0
Asuu_AgB01_g822_t05	Drer_XP_068072685.1	86.0	S	0.0
Tsui_KHJ45102.1	Drer_XP_068072685.1	86.0	S	0.0
Plae_KAI0984297.1	Drer_XP_068072685.1	86.0	S	0.0
Hpol_VDP19018.1	Drer_XP_068072685.1	86.0	S	0.0
Ovol_OVOC3662	Drer_XP_068072685.1	86.0	S	0.0
Cele_NP_505831.1	Drer_XP_068072685.1	86.0	S	0.0
Mhap_MhA1_Contig1994.frz3.gene4	Drer_XP_068072685.1	86.0	S	0.0
Mjap_MIJAPON000006756.t1	Drer_XP_068072685.1	86.0	S	0.0
Plae_KAI0985441.1	Drer_XP_068072685.1	86.0	S	0.0
Tspi_XP_003380167.1	Drer_XP_068072685.1	86.0	S	0.0
Bxyl_CAG9128521.1	Drer_XP_068072685.1	86.0	S	0.0
Wban_VDM22157.1	Drer_XP_068072685.1	86.0	S	0.0
Asuu_AgB01_g822_t04	Drer_XP_068072685.1	86.0	S	0.0
Ddip_jg26521	Drer_XP_068072685.1	86.0	S	0.0
Gpal_Gpal_D383_g00500.t1	Drer_XP_068072685.1	86.0	S	0.0
Rcul_nRc.2.0.1.t13431-RA	Drer_XP_068072685.1	86.0	S	0.0
Hcon_XGW18520.1	Drer_XP_068072685.1	86.0	S	0.0
Diplco_DCO_001492	Drer_XP_068072685.1	86.0	S	0.0
Scar_TKR80642.1	Drer_XP_068072685.1	86.0	S	0.0
Tnel_KRX20255.1	Drer_XP_068072685.1	86.0	S	0.0
Angcan_KAE9418089.1	Drer_XP_068072685.1	86.0	S	0.0
Diplco_DCO_001490	Drer_XP_068072685.1	86.0	S	0.0
Ttri_CDW53161.1	Drer_XP_068072685.1	86.0	S	0.0
Priarc_PARCANUS000014441.t1	Drer_XP_068072685.1	86.0	S	0.0
Tnel_KRX20256.1	Drer_XP_068072685.1	86.0	S	0.0
Tbri_KRY47478.1	Hsap_XP_047290612.1	86.0	S	0.0
Avit_KAL3989456.1	Hsap_XP_047290612.1	86.0	S	0.0
Asuu_AgB01_g822_t01	Hsap_XP_047290612.1	86.0	S	0.0
Ppat_XP_024376210.1	Hsap_XP_047290612.1	86.0	S	0.0
Lsig_VDK83118.1	Hsap_XP_047290612.1	86.0	S	0.0
Ddip_jg26533	Hsap_XP_047290612.1	86.0	S	0.0
Plae_KAI0984298.1	Hsap_XP_047290612.1	86.0	S	0.0
Trimur_TMUE_0000000640	Hsap_XP_047290612.1	86.0	S	0.0
Lloa_XP_003140884.1	Hsap_XP_047290612.1	86.0	S	0.0
Tnat_KRZ50470.1	Hsap_XP_047290612.1	86.0	S	0.0
Dimm_MCP9257372.1	Hsap_XP_047290612.1	86.0	S	0.0
Eela_EEL_0000590401-mRNA-1	Hsap_XP_047290612.1	86.0	S	0.0
Asuu_AgB01_g822_t03	Hsap_XP_047290612.1	86.0	S	0.0
Hcon_XGW18521.1	Hsap_XP_047290612.1	86.0	S	0.0
Acey_EYB86026.1	Hsap_XP_047290612.1	86.0	S	0.0
Otip_Oti_326_t	Hsap_XP_047290612.1	86.0	S	0.0
Srat_XP_024508351.1	Hsap_XP_047290612.1	86.0	S	0.0
Sarc_XP_014151949.1	Hsap_XP_047290612.1	86.0	S	0.0
Ever_VDD93866.1	Hsap_XP_047290612.1	86.0	S	0.0
Sbat_VDO98087.1	Hsap_XP_047290612.1	86.0	S	0.0
Asuu_AgB01_g822_t02	Hsap_XP_047290612.1	86.0	S	0.0
Bmal_XP_001897040.1	Hsap_XP_047290612.1	86.0	S	0.0
Sypmur_SMUV_0000527301-mRNA-1	Hsap_XP_047290612.1	86.0	S	0.0
Tspi_XP_003368987.1	Hsap_XP_047290612.1	86.0	S	0.0
Mbel_CAJ0964053.1	Hsap_XP_047290612.1	86.0	S	0.0
Trimur_TMUE_3000012690	Hsap_XP_047290612.1	86.0	S	0.0
Ppat_XP_024376209.1	Hsap_XP_047290612.1	86.0	S	0.0
Cfra_CFRG8355T1	Hsap_XP_047290612.1	86.0	S	0.0
Asuu_AgB01_g822_t05	Hsap_XP_047290612.1	86.0	S	0.0
Tsui_KHJ45102.1	Hsap_XP_047290612.1	86.0	S	0.0
Plae_KAI0984297.1	Hsap_XP_047290612.1	86.0	S	0.0
Hpol_VDP19018.1	Hsap_XP_047290612.1	86.0	S	0.0
Ovol_OVOC3662	Hsap_XP_047290612.1	86.0	S	0.0
Cele_NP_505831.1	Hsap_XP_047290612.1	86.0	S	0.0
Mhap_MhA1_Contig1994.frz3.gene4	Hsap_XP_047290612.1	86.0	S	0.0
Mjap_MIJAPON000006756.t1	Hsap_XP_047290612.1	86.0	S	0.0
Plae_KAI0985441.1	Hsap_XP_047290612.1	86.0	S	0.0
Tspi_XP_003380167.1	Hsap_XP_047290612.1	86.0	S	0.0
Bxyl_CAG9128521.1	Hsap_XP_047290612.1	86.0	S	0.0
Wban_VDM22157.1	Hsap_XP_047290612.1	86.0	S	0.0
Asuu_AgB01_g822_t04	Hsap_XP_047290612.1	86.0	S	0.0
Ddip_jg26521	Hsap_XP_047290612.1	86.0	S	0.0
Gpal_Gpal_D383_g00500.t1	Hsap_XP_047290612.1	86.0	S	0.0
Rcul_nRc.2.0.1.t13431-RA	Hsap_XP_047290612.1	86.0	S	0.0
Hcon_XGW18520.1	Hsap_XP_047290612.1	86.0	S	0.0
Diplco_DCO_001492	Hsap_XP_047290612.1	86.0	S	0.0
Scar_TKR80642.1	Hsap_XP_047290612.1	86.0	S	0.0
Tnel_KRX20255.1	Hsap_XP_047290612.1	86.0	S	0.0
Angcan_KAE9418089.1	Hsap_XP_047290612.1	86.0	S	0.0
Diplco_DCO_001490	Hsap_XP_047290612.1	86.0	S	0.0
Ttri_CDW53161.1	Hsap_XP_047290612.1	86.0	S	0.0
Priarc_PARCANUS000014441.t1	Hsap_XP_047290612.1	86.0	S	0.0
Tnel_KRX20256.1	Hsap_XP_047290612.1	86.0	S	0.0
Tbri_KRY47478.1	Apimel_XP_026296209.1	86.0	S	0.0
Avit_KAL3989456.1	Apimel_XP_026296209.1	86.0	S	0.0
Asuu_AgB01_g822_t01	Apimel_XP_026296209.1	86.0	S	0.0
Ppat_XP_024376210.1	Apimel_XP_026296209.1	86.0	S	0.0
Lsig_VDK83118.1	Apimel_XP_026296209.1	86.0	S	0.0
Ddip_jg26533	Apimel_XP_026296209.1	86.0	S	0.0
Plae_KAI0984298.1	Apimel_XP_026296209.1	86.0	S	0.0
Trimur_TMUE_0000000640	Apimel_XP_026296209.1	86.0	S	0.0
Lloa_XP_003140884.1	Apimel_XP_026296209.1	86.0	S	0.0
Tnat_KRZ50470.1	Apimel_XP_026296209.1	86.0	S	0.0
Dimm_MCP9257372.1	Apimel_XP_026296209.1	86.0	S	0.0
Eela_EEL_0000590401-mRNA-1	Apimel_XP_026296209.1	86.0	S	0.0
Asuu_AgB01_g822_t03	Apimel_XP_026296209.1	86.0	S	0.0
Hcon_XGW18521.1	Apimel_XP_026296209.1	86.0	S	0.0
Acey_EYB86026.1	Apimel_XP_026296209.1	86.0	S	0.0
Otip_Oti_326_t	Apimel_XP_026296209.1	86.0	S	0.0
Srat_XP_024508351.1	Apimel_XP_026296209.1	86.0	S	0.0
Sarc_XP_014151949.1	Apimel_XP_026296209.1	86.0	S	0.0
Ever_VDD93866.1	Apimel_XP_026296209.1	86.0	S	0.0
Sbat_VDO98087.1	Apimel_XP_026296209.1	86.0	S	0.0
Asuu_AgB01_g822_t02	Apimel_XP_026296209.1	86.0	S	0.0
Bmal_XP_001897040.1	Apimel_XP_026296209.1	86.0	S	0.0
Sypmur_SMUV_0000527301-mRNA-1	Apimel_XP_026296209.1	86.0	S	0.0
Tspi_XP_003368987.1	Apimel_XP_026296209.1	86.0	S	0.0
Mbel_CAJ0964053.1	Apimel_XP_026296209.1	86.0	S	0.0
Trimur_TMUE_3000012690	Apimel_XP_026296209.1	86.0	S	0.0
Ppat_XP_024376209.1	Apimel_XP_026296209.1	86.0	S	0.0
Cfra_CFRG8355T1	Apimel_XP_026296209.1	86.0	S	0.0
Asuu_AgB01_g822_t05	Apimel_XP_026296209.1	86.0	S	0.0
Tsui_KHJ45102.1	Apimel_XP_026296209.1	86.0	S	0.0
Plae_KAI0984297.1	Apimel_XP_026296209.1	86.0	S	0.0
Hpol_VDP19018.1	Apimel_XP_026296209.1	86.0	S	0.0
Ovol_OVOC3662	Apimel_XP_026296209.1	86.0	S	0.0
Cele_NP_505831.1	Apimel_XP_026296209.1	86.0	S	0.0
Mhap_MhA1_Contig1994.frz3.gene4	Apimel_XP_026296209.1	86.0	S	0.0
Mjap_MIJAPON000006756.t1	Apimel_XP_026296209.1	86.0	S	0.0
Plae_KAI0985441.1	Apimel_XP_026296209.1	86.0	S	0.0
Tspi_XP_003380167.1	Apimel_XP_026296209.1	86.0	S	0.0
Bxyl_CAG9128521.1	Apimel_XP_026296209.1	86.0	S	0.0
Wban_VDM22157.1	Apimel_XP_026296209.1	86.0	S	0.0
Asuu_AgB01_g822_t04	Apimel_XP_026296209.1	86.0	S	0.0
Ddip_jg26521	Apimel_XP_026296209.1	86.0	S	0.0
Gpal_Gpal_D383_g00500.t1	Apimel_XP_026296209.1	86.0	S	0.0
Rcul_nRc.2.0.1.t13431-RA	Apimel_XP_026296209.1	86.0	S	0.0
Hcon_XGW18520.1	Apimel_XP_026296209.1	86.0	S	0.0
Diplco_DCO_001492	Apimel_XP_026296209.1	86.0	S	0.0
Scar_TKR80642.1	Apimel_XP_026296209.1	86.0	S	0.0
Tnel_KRX20255.1	Apimel_XP_026296209.1	86.0	S	0.0
Angcan_KAE9418089.1	Apimel_XP_026296209.1	86.0	S	0.0
Diplco_DCO_001490	Apimel_XP_026296209.1	86.0	S	0.0
Ttri_CDW53161.1	Apimel_XP_026296209.1	86.0	S	0.0
Priarc_PARCANUS000014441.t1	Apimel_XP_026296209.1	86.0	S	0.0
Tnel_KRX20256.1	Apimel_XP_026296209.1	86.0	S	0.0
Tbri_KRY47478.1	Apla_XP_022085202.1	86.0	S	0.0
Avit_KAL3989456.1	Apla_XP_022085202.1	86.0	S	0.0
Asuu_AgB01_g822_t01	Apla_XP_022085202.1	86.0	S	0.0
Ppat_XP_024376210.1	Apla_XP_022085202.1	86.0	S	0.0
Lsig_VDK83118.1	Apla_XP_022085202.1	86.0	S	0.0
Ddip_jg26533	Apla_XP_022085202.1	86.0	S	0.0
Plae_KAI0984298.1	Apla_XP_022085202.1	86.0	S	0.0
Trimur_TMUE_0000000640	Apla_XP_022085202.1	86.0	S	0.0
Lloa_XP_003140884.1	Apla_XP_022085202.1	86.0	S	0.0
Tnat_KRZ50470.1	Apla_XP_022085202.1	86.0	S	0.0
Dimm_MCP9257372.1	Apla_XP_022085202.1	86.0	S	0.0
Eela_EEL_0000590401-mRNA-1	Apla_XP_022085202.1	86.0	S	0.0
Asuu_AgB01_g822_t03	Apla_XP_022085202.1	86.0	S	0.0
Hcon_XGW18521.1	Apla_XP_022085202.1	86.0	S	0.0
Acey_EYB86026.1	Apla_XP_022085202.1	86.0	S	0.0
Otip_Oti_326_t	Apla_XP_022085202.1	86.0	S	0.0
Srat_XP_024508351.1	Apla_XP_022085202.1	86.0	S	0.0
Sarc_XP_014151949.1	Apla_XP_022085202.1	86.0	S	0.0
Ever_VDD93866.1	Apla_XP_022085202.1	86.0	S	0.0
Sbat_VDO98087.1	Apla_XP_022085202.1	86.0	S	0.0
Asuu_AgB01_g822_t02	Apla_XP_022085202.1	86.0	S	0.0
Bmal_XP_001897040.1	Apla_XP_022085202.1	86.0	S	0.0
Sypmur_SMUV_0000527301-mRNA-1	Apla_XP_022085202.1	86.0	S	0.0
Tspi_XP_003368987.1	Apla_XP_022085202.1	86.0	S	0.0
Mbel_CAJ0964053.1	Apla_XP_022085202.1	86.0	S	0.0
Trimur_TMUE_3000012690	Apla_XP_022085202.1	86.0	S	0.0
Ppat_XP_024376209.1	Apla_XP_022085202.1	86.0	S	0.0
Cfra_CFRG8355T1	Apla_XP_022085202.1	86.0	S	0.0
Asuu_AgB01_g822_t05	Apla_XP_022085202.1	86.0	S	0.0
Tsui_KHJ45102.1	Apla_XP_022085202.1	86.0	S	0.0
Plae_KAI0984297.1	Apla_XP_022085202.1	86.0	S	0.0
Hpol_VDP19018.1	Apla_XP_022085202.1	86.0	S	0.0
Ovol_OVOC3662	Apla_XP_022085202.1	86.0	S	0.0
Cele_NP_505831.1	Apla_XP_022085202.1	86.0	S	0.0
Mhap_MhA1_Contig1994.frz3.gene4	Apla_XP_022085202.1	86.0	S	0.0
Mjap_MIJAPON000006756.t1	Apla_XP_022085202.1	86.0	S	0.0
Plae_KAI0985441.1	Apla_XP_022085202.1	86.0	S	0.0
Tspi_XP_003380167.1	Apla_XP_022085202.1	86.0	S	0.0
Bxyl_CAG9128521.1	Apla_XP_022085202.1	86.0	S	0.0
Wban_VDM22157.1	Apla_XP_022085202.1	86.0	S	0.0
Asuu_AgB01_g822_t04	Apla_XP_022085202.1	86.0	S	0.0
Ddip_jg26521	Apla_XP_022085202.1	86.0	S	0.0
Gpal_Gpal_D383_g00500.t1	Apla_XP_022085202.1	86.0	S	0.0
Rcul_nRc.2.0.1.t13431-RA	Apla_XP_022085202.1	86.0	S	0.0
Hcon_XGW18520.1	Apla_XP_022085202.1	86.0	S	0.0
Diplco_DCO_001492	Apla_XP_022085202.1	86.0	S	0.0
Scar_TKR80642.1	Apla_XP_022085202.1	86.0	S	0.0
Tnel_KRX20255.1	Apla_XP_022085202.1	86.0	S	0.0
Angcan_KAE9418089.1	Apla_XP_022085202.1	86.0	S	0.0
Diplco_DCO_001490	Apla_XP_022085202.1	86.0	S	0.0
Ttri_CDW53161.1	Apla_XP_022085202.1	86.0	S	0.0
Priarc_PARCANUS000014441.t1	Apla_XP_022085202.1	86.0	S	0.0
Tnel_KRX20256.1	Apla_XP_022085202.1	86.0	S	0.0
Tbri_KRY47478.1	Tadh_XP_002109881.1	86.0	S	0.0
Avit_KAL3989456.1	Tadh_XP_002109881.1	86.0	S	0.0
Asuu_AgB01_g822_t01	Tadh_XP_002109881.1	86.0	S	0.0
Ppat_XP_024376210.1	Tadh_XP_002109881.1	86.0	S	0.0
Lsig_VDK83118.1	Tadh_XP_002109881.1	86.0	S	0.0
Ddip_jg26533	Tadh_XP_002109881.1	86.0	S	0.0
Plae_KAI0984298.1	Tadh_XP_002109881.1	86.0	S	0.0
Trimur_TMUE_0000000640	Tadh_XP_002109881.1	86.0	S	0.0
Lloa_XP_003140884.1	Tadh_XP_002109881.1	86.0	S	0.0
Tnat_KRZ50470.1	Tadh_XP_002109881.1	86.0	S	0.0
Dimm_MCP9257372.1	Tadh_XP_002109881.1	86.0	S	0.0
Eela_EEL_0000590401-mRNA-1	Tadh_XP_002109881.1	86.0	S	0.0
Asuu_AgB01_g822_t03	Tadh_XP_002109881.1	86.0	S	0.0
Hcon_XGW18521.1	Tadh_XP_002109881.1	86.0	S	0.0
Acey_EYB86026.1	Tadh_XP_002109881.1	86.0	S	0.0
Otip_Oti_326_t	Tadh_XP_002109881.1	86.0	S	0.0
Srat_XP_024508351.1	Tadh_XP_002109881.1	86.0	S	0.0
Sarc_XP_014151949.1	Tadh_XP_002109881.1	86.0	S	0.0
Ever_VDD93866.1	Tadh_XP_002109881.1	86.0	S	0.0
Sbat_VDO98087.1	Tadh_XP_002109881.1	86.0	S	0.0
Asuu_AgB01_g822_t02	Tadh_XP_002109881.1	86.0	S	0.0
Bmal_XP_001897040.1	Tadh_XP_002109881.1	86.0	S	0.0
Sypmur_SMUV_0000527301-mRNA-1	Tadh_XP_002109881.1	86.0	S	0.0
Tspi_XP_003368987.1	Tadh_XP_002109881.1	86.0	S	0.0
Mbel_CAJ0964053.1	Tadh_XP_002109881.1	86.0	S	0.0
Trimur_TMUE_3000012690	Tadh_XP_002109881.1	86.0	S	0.0
Ppat_XP_024376209.1	Tadh_XP_002109881.1	86.0	S	0.0
Cfra_CFRG8355T1	Tadh_XP_002109881.1	86.0	S	0.0
Asuu_AgB01_g822_t05	Tadh_XP_002109881.1	86.0	S	0.0
Tsui_KHJ45102.1	Tadh_XP_002109881.1	86.0	S	0.0
Plae_KAI0984297.1	Tadh_XP_002109881.1	86.0	S	0.0
Hpol_VDP19018.1	Tadh_XP_002109881.1	86.0	S	0.0
Ovol_OVOC3662	Tadh_XP_002109881.1	86.0	S	0.0
Cele_NP_505831.1	Tadh_XP_002109881.1	86.0	S	0.0
Mhap_MhA1_Contig1994.frz3.gene4	Tadh_XP_002109881.1	86.0	S	0.0
Mjap_MIJAPON000006756.t1	Tadh_XP_002109881.1	86.0	S	0.0
Plae_KAI0985441.1	Tadh_XP_002109881.1	86.0	S	0.0
Tspi_XP_003380167.1	Tadh_XP_002109881.1	86.0	S	0.0
Bxyl_CAG9128521.1	Tadh_XP_002109881.1	86.0	S	0.0
Wban_VDM22157.1	Tadh_XP_002109881.1	86.0	S	0.0
Asuu_AgB01_g822_t04	Tadh_XP_002109881.1	86.0	S	0.0
Ddip_jg26521	Tadh_XP_002109881.1	86.0	S	0.0
Gpal_Gpal_D383_g00500.t1	Tadh_XP_002109881.1	86.0	S	0.0
Rcul_nRc.2.0.1.t13431-RA	Tadh_XP_002109881.1	86.0	S	0.0
Hcon_XGW18520.1	Tadh_XP_002109881.1	86.0	S	0.0
Diplco_DCO_001492	Tadh_XP_002109881.1	86.0	S	0.0
Scar_TKR80642.1	Tadh_XP_002109881.1	86.0	S	0.0
Tnel_KRX20255.1	Tadh_XP_002109881.1	86.0	S	0.0
Angcan_KAE9418089.1	Tadh_XP_002109881.1	86.0	S	0.0
Diplco_DCO_001490	Tadh_XP_002109881.1	86.0	S	0.0
Ttri_CDW53161.1	Tadh_XP_002109881.1	86.0	S	0.0
Priarc_PARCANUS000014441.t1	Tadh_XP_002109881.1	86.0	S	0.0
Tnel_KRX20256.1	Tadh_XP_002109881.1	86.0	S	0.0
Tbri_KRY47478.1	Dpul_XP_046461813.1	86.0	S	0.0
Avit_KAL3989456.1	Dpul_XP_046461813.1	86.0	S	0.0
Asuu_AgB01_g822_t01	Dpul_XP_046461813.1	86.0	S	0.0
Ppat_XP_024376210.1	Dpul_XP_046461813.1	86.0	S	0.0
Lsig_VDK83118.1	Dpul_XP_046461813.1	86.0	S	0.0
Ddip_jg26533	Dpul_XP_046461813.1	86.0	S	0.0
Plae_KAI0984298.1	Dpul_XP_046461813.1	86.0	S	0.0
Trimur_TMUE_0000000640	Dpul_XP_046461813.1	86.0	S	0.0
Lloa_XP_003140884.1	Dpul_XP_046461813.1	86.0	S	0.0
Tnat_KRZ50470.1	Dpul_XP_046461813.1	86.0	S	0.0
Dimm_MCP9257372.1	Dpul_XP_046461813.1	86.0	S	0.0
Eela_EEL_0000590401-mRNA-1	Dpul_XP_046461813.1	86.0	S	0.0
Asuu_AgB01_g822_t03	Dpul_XP_046461813.1	86.0	S	0.0
Hcon_XGW18521.1	Dpul_XP_046461813.1	86.0	S	0.0
Acey_EYB86026.1	Dpul_XP_046461813.1	86.0	S	0.0
Otip_Oti_326_t	Dpul_XP_046461813.1	86.0	S	0.0
Srat_XP_024508351.1	Dpul_XP_046461813.1	86.0	S	0.0
Sarc_XP_014151949.1	Dpul_XP_046461813.1	86.0	S	0.0
Ever_VDD93866.1	Dpul_XP_046461813.1	86.0	S	0.0
Sbat_VDO98087.1	Dpul_XP_046461813.1	86.0	S	0.0
Asuu_AgB01_g822_t02	Dpul_XP_046461813.1	86.0	S	0.0
Bmal_XP_001897040.1	Dpul_XP_046461813.1	86.0	S	0.0
Sypmur_SMUV_0000527301-mRNA-1	Dpul_XP_046461813.1	86.0	S	0.0
Tspi_XP_003368987.1	Dpul_XP_046461813.1	86.0	S	0.0
Mbel_CAJ0964053.1	Dpul_XP_046461813.1	86.0	S	0.0
Trimur_TMUE_3000012690	Dpul_XP_046461813.1	86.0	S	0.0
Ppat_XP_024376209.1	Dpul_XP_046461813.1	86.0	S	0.0
Cfra_CFRG8355T1	Dpul_XP_046461813.1	86.0	S	0.0
Asuu_AgB01_g822_t05	Dpul_XP_046461813.1	86.0	S	0.0
Tsui_KHJ45102.1	Dpul_XP_046461813.1	86.0	S	0.0
Plae_KAI0984297.1	Dpul_XP_046461813.1	86.0	S	0.0
Hpol_VDP19018.1	Dpul_XP_046461813.1	86.0	S	0.0
Ovol_OVOC3662	Dpul_XP_046461813.1	86.0	S	0.0
Cele_NP_505831.1	Dpul_XP_046461813.1	86.0	S	0.0
Mhap_MhA1_Contig1994.frz3.gene4	Dpul_XP_046461813.1	86.0	S	0.0
Mjap_MIJAPON000006756.t1	Dpul_XP_046461813.1	86.0	S	0.0
Plae_KAI0985441.1	Dpul_XP_046461813.1	86.0	S	0.0
Tspi_XP_003380167.1	Dpul_XP_046461813.1	86.0	S	0.0
Bxyl_CAG9128521.1	Dpul_XP_046461813.1	86.0	S	0.0
Wban_VDM22157.1	Dpul_XP_046461813.1	86.0	S	0.0
Asuu_AgB01_g822_t04	Dpul_XP_046461813.1	86.0	S	0.0
Ddip_jg26521	Dpul_XP_046461813.1	86.0	S	0.0
Gpal_Gpal_D383_g00500.t1	Dpul_XP_046461813.1	86.0	S	0.0
Rcul_nRc.2.0.1.t13431-RA	Dpul_XP_046461813.1	86.0	S	0.0
Hcon_XGW18520.1	Dpul_XP_046461813.1	86.0	S	0.0
Diplco_DCO_001492	Dpul_XP_046461813.1	86.0	S	0.0
Scar_TKR80642.1	Dpul_XP_046461813.1	86.0	S	0.0
Tnel_KRX20255.1	Dpul_XP_046461813.1	86.0	S	0.0
Angcan_KAE9418089.1	Dpul_XP_046461813.1	86.0	S	0.0
Diplco_DCO_001490	Dpul_XP_046461813.1	86.0	S	0.0
Ttri_CDW53161.1	Dpul_XP_046461813.1	86.0	S	0.0
Priarc_PARCANUS000014441.t1	Dpul_XP_046461813.1	86.0	S	0.0
Tnel_KRX20256.1	Dpul_XP_046461813.1	86.0	S	0.0
Tbri_KRY47478.1	Hrob_XP_009019479.1	86.0	S	0.0
Avit_KAL3989456.1	Hrob_XP_009019479.1	86.0	S	0.0
Asuu_AgB01_g822_t01	Hrob_XP_009019479.1	86.0	S	0.0
Ppat_XP_024376210.1	Hrob_XP_009019479.1	86.0	S	0.0
Lsig_VDK83118.1	Hrob_XP_009019479.1	86.0	S	0.0
Ddip_jg26533	Hrob_XP_009019479.1	86.0	S	0.0
Plae_KAI0984298.1	Hrob_XP_009019479.1	86.0	S	0.0
Trimur_TMUE_0000000640	Hrob_XP_009019479.1	86.0	S	0.0
Lloa_XP_003140884.1	Hrob_XP_009019479.1	86.0	S	0.0
Tnat_KRZ50470.1	Hrob_XP_009019479.1	86.0	S	0.0
Dimm_MCP9257372.1	Hrob_XP_009019479.1	86.0	S	0.0
Eela_EEL_0000590401-mRNA-1	Hrob_XP_009019479.1	86.0	S	0.0
Asuu_AgB01_g822_t03	Hrob_XP_009019479.1	86.0	S	0.0
Hcon_XGW18521.1	Hrob_XP_009019479.1	86.0	S	0.0
Acey_EYB86026.1	Hrob_XP_009019479.1	86.0	S	0.0
Otip_Oti_326_t	Hrob_XP_009019479.1	86.0	S	0.0
Srat_XP_024508351.1	Hrob_XP_009019479.1	86.0	S	0.0
Sarc_XP_014151949.1	Hrob_XP_009019479.1	86.0	S	0.0
Ever_VDD93866.1	Hrob_XP_009019479.1	86.0	S	0.0
Sbat_VDO98087.1	Hrob_XP_009019479.1	86.0	S	0.0
Asuu_AgB01_g822_t02	Hrob_XP_009019479.1	86.0	S	0.0
Bmal_XP_001897040.1	Hrob_XP_009019479.1	86.0	S	0.0
Sypmur_SMUV_0000527301-mRNA-1	Hrob_XP_009019479.1	86.0	S	0.0
Tspi_XP_003368987.1	Hrob_XP_009019479.1	86.0	S	0.0
Mbel_CAJ0964053.1	Hrob_XP_009019479.1	86.0	S	0.0
Trimur_TMUE_3000012690	Hrob_XP_009019479.1	86.0	S	0.0
Ppat_XP_024376209.1	Hrob_XP_009019479.1	86.0	S	0.0
Cfra_CFRG8355T1	Hrob_XP_009019479.1	86.0	S	0.0
Asuu_AgB01_g822_t05	Hrob_XP_009019479.1	86.0	S	0.0
Tsui_KHJ45102.1	Hrob_XP_009019479.1	86.0	S	0.0
Plae_KAI0984297.1	Hrob_XP_009019479.1	86.0	S	0.0
Hpol_VDP19018.1	Hrob_XP_009019479.1	86.0	S	0.0
Ovol_OVOC3662	Hrob_XP_009019479.1	86.0	S	0.0
Cele_NP_505831.1	Hrob_XP_009019479.1	86.0	S	0.0
Mhap_MhA1_Contig1994.frz3.gene4	Hrob_XP_009019479.1	86.0	S	0.0
Mjap_MIJAPON000006756.t1	Hrob_XP_009019479.1	86.0	S	0.0
Plae_KAI0985441.1	Hrob_XP_009019479.1	86.0	S	0.0
Tspi_XP_003380167.1	Hrob_XP_009019479.1	86.0	S	0.0
Bxyl_CAG9128521.1	Hrob_XP_009019479.1	86.0	S	0.0
Wban_VDM22157.1	Hrob_XP_009019479.1	86.0	S	0.0
Asuu_AgB01_g822_t04	Hrob_XP_009019479.1	86.0	S	0.0
Ddip_jg26521	Hrob_XP_009019479.1	86.0	S	0.0
Gpal_Gpal_D383_g00500.t1	Hrob_XP_009019479.1	86.0	S	0.0
Rcul_nRc.2.0.1.t13431-RA	Hrob_XP_009019479.1	86.0	S	0.0
Hcon_XGW18520.1	Hrob_XP_009019479.1	86.0	S	0.0
Diplco_DCO_001492	Hrob_XP_009019479.1	86.0	S	0.0
Scar_TKR80642.1	Hrob_XP_009019479.1	86.0	S	0.0
Tnel_KRX20255.1	Hrob_XP_009019479.1	86.0	S	0.0
Angcan_KAE9418089.1	Hrob_XP_009019479.1	86.0	S	0.0
Diplco_DCO_001490	Hrob_XP_009019479.1	86.0	S	0.0
Ttri_CDW53161.1	Hrob_XP_009019479.1	86.0	S	0.0
Priarc_PARCANUS000014441.t1	Hrob_XP_009019479.1	86.0	S	0.0
Tnel_KRX20256.1	Hrob_XP_009019479.1	86.0	S	0.0
Tbri_KRY47478.1	Hsap_NP_079049.2	86.0	S	0.0
Avit_KAL3989456.1	Hsap_NP_079049.2	86.0	S	0.0
Asuu_AgB01_g822_t01	Hsap_NP_079049.2	86.0	S	0.0
Ppat_XP_024376210.1	Hsap_NP_079049.2	86.0	S	0.0
Lsig_VDK83118.1	Hsap_NP_079049.2	86.0	S	0.0
Ddip_jg26533	Hsap_NP_079049.2	86.0	S	0.0
Plae_KAI0984298.1	Hsap_NP_079049.2	86.0	S	0.0
Trimur_TMUE_0000000640	Hsap_NP_079049.2	86.0	S	0.0
Lloa_XP_003140884.1	Hsap_NP_079049.2	86.0	S	0.0
Tnat_KRZ50470.1	Hsap_NP_079049.2	86.0	S	0.0
Dimm_MCP9257372.1	Hsap_NP_079049.2	86.0	S	0.0
Eela_EEL_0000590401-mRNA-1	Hsap_NP_079049.2	86.0	S	0.0
Asuu_AgB01_g822_t03	Hsap_NP_079049.2	86.0	S	0.0
Hcon_XGW18521.1	Hsap_NP_079049.2	86.0	S	0.0
Acey_EYB86026.1	Hsap_NP_079049.2	86.0	S	0.0
Otip_Oti_326_t	Hsap_NP_079049.2	86.0	S	0.0
Srat_XP_024508351.1	Hsap_NP_079049.2	86.0	S	0.0
Sarc_XP_014151949.1	Hsap_NP_079049.2	86.0	S	0.0
Ever_VDD93866.1	Hsap_NP_079049.2	86.0	S	0.0
Sbat_VDO98087.1	Hsap_NP_079049.2	86.0	S	0.0
Asuu_AgB01_g822_t02	Hsap_NP_079049.2	86.0	S	0.0
Bmal_XP_001897040.1	Hsap_NP_079049.2	86.0	S	0.0
Sypmur_SMUV_0000527301-mRNA-1	Hsap_NP_079049.2	86.0	S	0.0
Tspi_XP_003368987.1	Hsap_NP_079049.2	86.0	S	0.0
Mbel_CAJ0964053.1	Hsap_NP_079049.2	86.0	S	0.0
Trimur_TMUE_3000012690	Hsap_NP_079049.2	86.0	S	0.0
Ppat_XP_024376209.1	Hsap_NP_079049.2	86.0	S	0.0
Cfra_CFRG8355T1	Hsap_NP_079049.2	86.0	S	0.0
Asuu_AgB01_g822_t05	Hsap_NP_079049.2	86.0	S	0.0
Tsui_KHJ45102.1	Hsap_NP_079049.2	86.0	S	0.0
Plae_KAI0984297.1	Hsap_NP_079049.2	86.0	S	0.0
Hpol_VDP19018.1	Hsap_NP_079049.2	86.0	S	0.0
Ovol_OVOC3662	Hsap_NP_079049.2	86.0	S	0.0
Cele_NP_505831.1	Hsap_NP_079049.2	86.0	S	0.0
Mhap_MhA1_Contig1994.frz3.gene4	Hsap_NP_079049.2	86.0	S	0.0
Mjap_MIJAPON000006756.t1	Hsap_NP_079049.2	86.0	S	0.0
Plae_KAI0985441.1	Hsap_NP_079049.2	86.0	S	0.0
Tspi_XP_003380167.1	Hsap_NP_079049.2	86.0	S	0.0
Bxyl_CAG9128521.1	Hsap_NP_079049.2	86.0	S	0.0
Wban_VDM22157.1	Hsap_NP_079049.2	86.0	S	0.0
Asuu_AgB01_g822_t04	Hsap_NP_079049.2	86.0	S	0.0
Ddip_jg26521	Hsap_NP_079049.2	86.0	S	0.0
Gpal_Gpal_D383_g00500.t1	Hsap_NP_079049.2	86.0	S	0.0
Rcul_nRc.2.0.1.t13431-RA	Hsap_NP_079049.2	86.0	S	0.0
Hcon_XGW18520.1	Hsap_NP_079049.2	86.0	S	0.0
Diplco_DCO_001492	Hsap_NP_079049.2	86.0	S	0.0
Scar_TKR80642.1	Hsap_NP_079049.2	86.0	S	0.0
Tnel_KRX20255.1	Hsap_NP_079049.2	86.0	S	0.0
Angcan_KAE9418089.1	Hsap_NP_079049.2	86.0	S	0.0
Diplco_DCO_001490	Hsap_NP_079049.2	86.0	S	0.0
Ttri_CDW53161.1	Hsap_NP_079049.2	86.0	S	0.0
Priarc_PARCANUS000014441.t1	Hsap_NP_079049.2	86.0	S	0.0
Tnel_KRX20256.1	Hsap_NP_079049.2	86.0	S	0.0
Tbri_KRY47478.1	Blan_XP_066295512.1	86.0	S	0.0
Avit_KAL3989456.1	Blan_XP_066295512.1	86.0	S	0.0
Asuu_AgB01_g822_t01	Blan_XP_066295512.1	86.0	S	0.0
Ppat_XP_024376210.1	Blan_XP_066295512.1	86.0	S	0.0
Lsig_VDK83118.1	Blan_XP_066295512.1	86.0	S	0.0
Ddip_jg26533	Blan_XP_066295512.1	86.0	S	0.0
Plae_KAI0984298.1	Blan_XP_066295512.1	86.0	S	0.0
Trimur_TMUE_0000000640	Blan_XP_066295512.1	86.0	S	0.0
Lloa_XP_003140884.1	Blan_XP_066295512.1	86.0	S	0.0
Tnat_KRZ50470.1	Blan_XP_066295512.1	86.0	S	0.0
Dimm_MCP9257372.1	Blan_XP_066295512.1	86.0	S	0.0
Eela_EEL_0000590401-mRNA-1	Blan_XP_066295512.1	86.0	S	0.0
Asuu_AgB01_g822_t03	Blan_XP_066295512.1	86.0	S	0.0
Hcon_XGW18521.1	Blan_XP_066295512.1	86.0	S	0.0
Acey_EYB86026.1	Blan_XP_066295512.1	86.0	S	0.0
Otip_Oti_326_t	Blan_XP_066295512.1	86.0	S	0.0
Srat_XP_024508351.1	Blan_XP_066295512.1	86.0	S	0.0
Sarc_XP_014151949.1	Blan_XP_066295512.1	86.0	S	0.0
Ever_VDD93866.1	Blan_XP_066295512.1	86.0	S	0.0
Sbat_VDO98087.1	Blan_XP_066295512.1	86.0	S	0.0
Asuu_AgB01_g822_t02	Blan_XP_066295512.1	86.0	S	0.0
Bmal_XP_001897040.1	Blan_XP_066295512.1	86.0	S	0.0
Sypmur_SMUV_0000527301-mRNA-1	Blan_XP_066295512.1	86.0	S	0.0
Tspi_XP_003368987.1	Blan_XP_066295512.1	86.0	S	0.0
Mbel_CAJ0964053.1	Blan_XP_066295512.1	86.0	S	0.0
Trimur_TMUE_3000012690	Blan_XP_066295512.1	86.0	S	0.0
Ppat_XP_024376209.1	Blan_XP_066295512.1	86.0	S	0.0
Cfra_CFRG8355T1	Blan_XP_066295512.1	86.0	S	0.0
Asuu_AgB01_g822_t05	Blan_XP_066295512.1	86.0	S	0.0
Tsui_KHJ45102.1	Blan_XP_066295512.1	86.0	S	0.0
Plae_KAI0984297.1	Blan_XP_066295512.1	86.0	S	0.0
Hpol_VDP19018.1	Blan_XP_066295512.1	86.0	S	0.0
Ovol_OVOC3662	Blan_XP_066295512.1	86.0	S	0.0
Cele_NP_505831.1	Blan_XP_066295512.1	86.0	S	0.0
Mhap_MhA1_Contig1994.frz3.gene4	Blan_XP_066295512.1	86.0	S	0.0
Mjap_MIJAPON000006756.t1	Blan_XP_066295512.1	86.0	S	0.0
Plae_KAI0985441.1	Blan_XP_066295512.1	86.0	S	0.0
Tspi_XP_003380167.1	Blan_XP_066295512.1	86.0	S	0.0
Bxyl_CAG9128521.1	Blan_XP_066295512.1	86.0	S	0.0
Wban_VDM22157.1	Blan_XP_066295512.1	86.0	S	0.0
Asuu_AgB01_g822_t04	Blan_XP_066295512.1	86.0	S	0.0
Ddip_jg26521	Blan_XP_066295512.1	86.0	S	0.0
Gpal_Gpal_D383_g00500.t1	Blan_XP_066295512.1	86.0	S	0.0
Rcul_nRc.2.0.1.t13431-RA	Blan_XP_066295512.1	86.0	S	0.0
Hcon_XGW18520.1	Blan_XP_066295512.1	86.0	S	0.0
Diplco_DCO_001492	Blan_XP_066295512.1	86.0	S	0.0
Scar_TKR80642.1	Blan_XP_066295512.1	86.0	S	0.0
Tnel_KRX20255.1	Blan_XP_066295512.1	86.0	S	0.0
Angcan_KAE9418089.1	Blan_XP_066295512.1	86.0	S	0.0
Diplco_DCO_001490	Blan_XP_066295512.1	86.0	S	0.0
Ttri_CDW53161.1	Blan_XP_066295512.1	86.0	S	0.0
Priarc_PARCANUS000014441.t1	Blan_XP_066295512.1	86.0	S	0.0
Tnel_KRX20256.1	Blan_XP_066295512.1	86.0	S	0.0
Tbri_KRY47478.1	Smar_SMAR008599-PA	86.0	S	0.0
Avit_KAL3989456.1	Smar_SMAR008599-PA	86.0	S	0.0
Asuu_AgB01_g822_t01	Smar_SMAR008599-PA	86.0	S	0.0
Ppat_XP_024376210.1	Smar_SMAR008599-PA	86.0	S	0.0
Lsig_VDK83118.1	Smar_SMAR008599-PA	86.0	S	0.0
Ddip_jg26533	Smar_SMAR008599-PA	86.0	S	0.0
Plae_KAI0984298.1	Smar_SMAR008599-PA	86.0	S	0.0
Trimur_TMUE_0000000640	Smar_SMAR008599-PA	86.0	S	0.0
Lloa_XP_003140884.1	Smar_SMAR008599-PA	86.0	S	0.0
Tnat_KRZ50470.1	Smar_SMAR008599-PA	86.0	S	0.0
Dimm_MCP9257372.1	Smar_SMAR008599-PA	86.0	S	0.0
Eela_EEL_0000590401-mRNA-1	Smar_SMAR008599-PA	86.0	S	0.0
Asuu_AgB01_g822_t03	Smar_SMAR008599-PA	86.0	S	0.0
Hcon_XGW18521.1	Smar_SMAR008599-PA	86.0	S	0.0
Acey_EYB86026.1	Smar_SMAR008599-PA	86.0	S	0.0
Otip_Oti_326_t	Smar_SMAR008599-PA	86.0	S	0.0
Srat_XP_024508351.1	Smar_SMAR008599-PA	86.0	S	0.0
Sarc_XP_014151949.1	Smar_SMAR008599-PA	86.0	S	0.0
Ever_VDD93866.1	Smar_SMAR008599-PA	86.0	S	0.0
Sbat_VDO98087.1	Smar_SMAR008599-PA	86.0	S	0.0
Asuu_AgB01_g822_t02	Smar_SMAR008599-PA	86.0	S	0.0
Bmal_XP_001897040.1	Smar_SMAR008599-PA	86.0	S	0.0
Sypmur_SMUV_0000527301-mRNA-1	Smar_SMAR008599-PA	86.0	S	0.0
Tspi_XP_003368987.1	Smar_SMAR008599-PA	86.0	S	0.0
Mbel_CAJ0964053.1	Smar_SMAR008599-PA	86.0	S	0.0
Trimur_TMUE_3000012690	Smar_SMAR008599-PA	86.0	S	0.0
Ppat_XP_024376209.1	Smar_SMAR008599-PA	86.0	S	0.0
Cfra_CFRG8355T1	Smar_SMAR008599-PA	86.0	S	0.0
Asuu_AgB01_g822_t05	Smar_SMAR008599-PA	86.0	S	0.0
Tsui_KHJ45102.1	Smar_SMAR008599-PA	86.0	S	0.0
Plae_KAI0984297.1	Smar_SMAR008599-PA	86.0	S	0.0
Hpol_VDP19018.1	Smar_SMAR008599-PA	86.0	S	0.0
Ovol_OVOC3662	Smar_SMAR008599-PA	86.0	S	0.0
Cele_NP_505831.1	Smar_SMAR008599-PA	86.0	S	0.0
Mhap_MhA1_Contig1994.frz3.gene4	Smar_SMAR008599-PA	86.0	S	0.0
Mjap_MIJAPON000006756.t1	Smar_SMAR008599-PA	86.0	S	0.0
Plae_KAI0985441.1	Smar_SMAR008599-PA	86.0	S	0.0
Tspi_XP_003380167.1	Smar_SMAR008599-PA	86.0	S	0.0
Bxyl_CAG9128521.1	Smar_SMAR008599-PA	86.0	S	0.0
Wban_VDM22157.1	Smar_SMAR008599-PA	86.0	S	0.0
Asuu_AgB01_g822_t04	Smar_SMAR008599-PA	86.0	S	0.0
Ddip_jg26521	Smar_SMAR008599-PA	86.0	S	0.0
Gpal_Gpal_D383_g00500.t1	Smar_SMAR008599-PA	86.0	S	0.0
Rcul_nRc.2.0.1.t13431-RA	Smar_SMAR008599-PA	86.0	S	0.0
Hcon_XGW18520.1	Smar_SMAR008599-PA	86.0	S	0.0
Diplco_DCO_001492	Smar_SMAR008599-PA	86.0	S	0.0
Scar_TKR80642.1	Smar_SMAR008599-PA	86.0	S	0.0
Tnel_KRX20255.1	Smar_SMAR008599-PA	86.0	S	0.0
Angcan_KAE9418089.1	Smar_SMAR008599-PA	86.0	S	0.0
Diplco_DCO_001490	Smar_SMAR008599-PA	86.0	S	0.0
Ttri_CDW53161.1	Smar_SMAR008599-PA	86.0	S	0.0
Priarc_PARCANUS000014441.t1	Smar_SMAR008599-PA	86.0	S	0.0
Tnel_KRX20256.1	Smar_SMAR008599-PA	86.0	S	0.0
Tbri_KRY47478.1	Hsap_XP_047290614.1	86.0	S	0.0
Avit_KAL3989456.1	Hsap_XP_047290614.1	86.0	S	0.0
Asuu_AgB01_g822_t01	Hsap_XP_047290614.1	86.0	S	0.0
Ppat_XP_024376210.1	Hsap_XP_047290614.1	86.0	S	0.0
Lsig_VDK83118.1	Hsap_XP_047290614.1	86.0	S	0.0
Ddip_jg26533	Hsap_XP_047290614.1	86.0	S	0.0
Plae_KAI0984298.1	Hsap_XP_047290614.1	86.0	S	0.0
Trimur_TMUE_0000000640	Hsap_XP_047290614.1	86.0	S	0.0
Lloa_XP_003140884.1	Hsap_XP_047290614.1	86.0	S	0.0
Tnat_KRZ50470.1	Hsap_XP_047290614.1	86.0	S	0.0
Dimm_MCP9257372.1	Hsap_XP_047290614.1	86.0	S	0.0
Eela_EEL_0000590401-mRNA-1	Hsap_XP_047290614.1	86.0	S	0.0
Asuu_AgB01_g822_t03	Hsap_XP_047290614.1	86.0	S	0.0
Hcon_XGW18521.1	Hsap_XP_047290614.1	86.0	S	0.0
Acey_EYB86026.1	Hsap_XP_047290614.1	86.0	S	0.0
Otip_Oti_326_t	Hsap_XP_047290614.1	86.0	S	0.0
Srat_XP_024508351.1	Hsap_XP_047290614.1	86.0	S	0.0
Sarc_XP_014151949.1	Hsap_XP_047290614.1	86.0	S	0.0
Ever_VDD93866.1	Hsap_XP_047290614.1	86.0	S	0.0
Sbat_VDO98087.1	Hsap_XP_047290614.1	86.0	S	0.0
Asuu_AgB01_g822_t02	Hsap_XP_047290614.1	86.0	S	0.0
Bmal_XP_001897040.1	Hsap_XP_047290614.1	86.0	S	0.0
Sypmur_SMUV_0000527301-mRNA-1	Hsap_XP_047290614.1	86.0	S	0.0
Tspi_XP_003368987.1	Hsap_XP_047290614.1	86.0	S	0.0
Mbel_CAJ0964053.1	Hsap_XP_047290614.1	86.0	S	0.0
Trimur_TMUE_3000012690	Hsap_XP_047290614.1	86.0	S	0.0
Ppat_XP_024376209.1	Hsap_XP_047290614.1	86.0	S	0.0
Cfra_CFRG8355T1	Hsap_XP_047290614.1	86.0	S	0.0
Asuu_AgB01_g822_t05	Hsap_XP_047290614.1	86.0	S	0.0
Tsui_KHJ45102.1	Hsap_XP_047290614.1	86.0	S	0.0
Plae_KAI0984297.1	Hsap_XP_047290614.1	86.0	S	0.0
Hpol_VDP19018.1	Hsap_XP_047290614.1	86.0	S	0.0
Ovol_OVOC3662	Hsap_XP_047290614.1	86.0	S	0.0
Cele_NP_505831.1	Hsap_XP_047290614.1	86.0	S	0.0
Mhap_MhA1_Contig1994.frz3.gene4	Hsap_XP_047290614.1	86.0	S	0.0
Mjap_MIJAPON000006756.t1	Hsap_XP_047290614.1	86.0	S	0.0
Plae_KAI0985441.1	Hsap_XP_047290614.1	86.0	S	0.0
Tspi_XP_003380167.1	Hsap_XP_047290614.1	86.0	S	0.0
Bxyl_CAG9128521.1	Hsap_XP_047290614.1	86.0	S	0.0
Wban_VDM22157.1	Hsap_XP_047290614.1	86.0	S	0.0
Asuu_AgB01_g822_t04	Hsap_XP_047290614.1	86.0	S	0.0
Ddip_jg26521	Hsap_XP_047290614.1	86.0	S	0.0
Gpal_Gpal_D383_g00500.t1	Hsap_XP_047290614.1	86.0	S	0.0
Rcul_nRc.2.0.1.t13431-RA	Hsap_XP_047290614.1	86.0	S	0.0
Hcon_XGW18520.1	Hsap_XP_047290614.1	86.0	S	0.0
Diplco_DCO_001492	Hsap_XP_047290614.1	86.0	S	0.0
Scar_TKR80642.1	Hsap_XP_047290614.1	86.0	S	0.0
Tnel_KRX20255.1	Hsap_XP_047290614.1	86.0	S	0.0
Angcan_KAE9418089.1	Hsap_XP_047290614.1	86.0	S	0.0
Diplco_DCO_001490	Hsap_XP_047290614.1	86.0	S	0.0
Ttri_CDW53161.1	Hsap_XP_047290614.1	86.0	S	0.0
Priarc_PARCANUS000014441.t1	Hsap_XP_047290614.1	86.0	S	0.0
Tnel_KRX20256.1	Hsap_XP_047290614.1	86.0	S	0.0
Tbri_KRY47478.1	Hsap_NP_001138820.1	86.0	S	0.0
Avit_KAL3989456.1	Hsap_NP_001138820.1	86.0	S	0.0
Asuu_AgB01_g822_t01	Hsap_NP_001138820.1	86.0	S	0.0
Ppat_XP_024376210.1	Hsap_NP_001138820.1	86.0	S	0.0
Lsig_VDK83118.1	Hsap_NP_001138820.1	86.0	S	0.0
Ddip_jg26533	Hsap_NP_001138820.1	86.0	S	0.0
Plae_KAI0984298.1	Hsap_NP_001138820.1	86.0	S	0.0
Trimur_TMUE_0000000640	Hsap_NP_001138820.1	86.0	S	0.0
Lloa_XP_003140884.1	Hsap_NP_001138820.1	86.0	S	0.0
Tnat_KRZ50470.1	Hsap_NP_001138820.1	86.0	S	0.0
Dimm_MCP9257372.1	Hsap_NP_001138820.1	86.0	S	0.0
Eela_EEL_0000590401-mRNA-1	Hsap_NP_001138820.1	86.0	S	0.0
Asuu_AgB01_g822_t03	Hsap_NP_001138820.1	86.0	S	0.0
Hcon_XGW18521.1	Hsap_NP_001138820.1	86.0	S	0.0
Acey_EYB86026.1	Hsap_NP_001138820.1	86.0	S	0.0
Otip_Oti_326_t	Hsap_NP_001138820.1	86.0	S	0.0
Srat_XP_024508351.1	Hsap_NP_001138820.1	86.0	S	0.0
Sarc_XP_014151949.1	Hsap_NP_001138820.1	86.0	S	0.0
Ever_VDD93866.1	Hsap_NP_001138820.1	86.0	S	0.0
Sbat_VDO98087.1	Hsap_NP_001138820.1	86.0	S	0.0
Asuu_AgB01_g822_t02	Hsap_NP_001138820.1	86.0	S	0.0
Bmal_XP_001897040.1	Hsap_NP_001138820.1	86.0	S	0.0
Sypmur_SMUV_0000527301-mRNA-1	Hsap_NP_001138820.1	86.0	S	0.0
Tspi_XP_003368987.1	Hsap_NP_001138820.1	86.0	S	0.0
Mbel_CAJ0964053.1	Hsap_NP_001138820.1	86.0	S	0.0
Trimur_TMUE_3000012690	Hsap_NP_001138820.1	86.0	S	0.0
Ppat_XP_024376209.1	Hsap_NP_001138820.1	86.0	S	0.0
Cfra_CFRG8355T1	Hsap_NP_001138820.1	86.0	S	0.0
Asuu_AgB01_g822_t05	Hsap_NP_001138820.1	86.0	S	0.0
Tsui_KHJ45102.1	Hsap_NP_001138820.1	86.0	S	0.0
Plae_KAI0984297.1	Hsap_NP_001138820.1	86.0	S	0.0
Hpol_VDP19018.1	Hsap_NP_001138820.1	86.0	S	0.0
Ovol_OVOC3662	Hsap_NP_001138820.1	86.0	S	0.0
Cele_NP_505831.1	Hsap_NP_001138820.1	86.0	S	0.0
Mhap_MhA1_Contig1994.frz3.gene4	Hsap_NP_001138820.1	86.0	S	0.0
Mjap_MIJAPON000006756.t1	Hsap_NP_001138820.1	86.0	S	0.0
Plae_KAI0985441.1	Hsap_NP_001138820.1	86.0	S	0.0
Tspi_XP_003380167.1	Hsap_NP_001138820.1	86.0	S	0.0
Bxyl_CAG9128521.1	Hsap_NP_001138820.1	86.0	S	0.0
Wban_VDM22157.1	Hsap_NP_001138820.1	86.0	S	0.0
Asuu_AgB01_g822_t04	Hsap_NP_001138820.1	86.0	S	0.0
Ddip_jg26521	Hsap_NP_001138820.1	86.0	S	0.0
Gpal_Gpal_D383_g00500.t1	Hsap_NP_001138820.1	86.0	S	0.0
Rcul_nRc.2.0.1.t13431-RA	Hsap_NP_001138820.1	86.0	S	0.0
Hcon_XGW18520.1	Hsap_NP_001138820.1	86.0	S	0.0
Diplco_DCO_001492	Hsap_NP_001138820.1	86.0	S	0.0
Scar_TKR80642.1	Hsap_NP_001138820.1	86.0	S	0.0
Tnel_KRX20255.1	Hsap_NP_001138820.1	86.0	S	0.0
Angcan_KAE9418089.1	Hsap_NP_001138820.1	86.0	S	0.0
Diplco_DCO_001490	Hsap_NP_001138820.1	86.0	S	0.0
Ttri_CDW53161.1	Hsap_NP_001138820.1	86.0	S	0.0
Priarc_PARCANUS000014441.t1	Hsap_NP_001138820.1	86.0	S	0.0
Tnel_KRX20256.1	Hsap_NP_001138820.1	86.0	S	0.0
Tbri_KRY47478.1	Lpol_XP_013774279.1	86.0	S	0.0
Avit_KAL3989456.1	Lpol_XP_013774279.1	86.0	S	0.0
Asuu_AgB01_g822_t01	Lpol_XP_013774279.1	86.0	S	0.0
Ppat_XP_024376210.1	Lpol_XP_013774279.1	86.0	S	0.0
Lsig_VDK83118.1	Lpol_XP_013774279.1	86.0	S	0.0
Ddip_jg26533	Lpol_XP_013774279.1	86.0	S	0.0
Plae_KAI0984298.1	Lpol_XP_013774279.1	86.0	S	0.0
Trimur_TMUE_0000000640	Lpol_XP_013774279.1	86.0	S	0.0
Lloa_XP_003140884.1	Lpol_XP_013774279.1	86.0	S	0.0
Tnat_KRZ50470.1	Lpol_XP_013774279.1	86.0	S	0.0
Dimm_MCP9257372.1	Lpol_XP_013774279.1	86.0	S	0.0
Eela_EEL_0000590401-mRNA-1	Lpol_XP_013774279.1	86.0	S	0.0
Asuu_AgB01_g822_t03	Lpol_XP_013774279.1	86.0	S	0.0
Hcon_XGW18521.1	Lpol_XP_013774279.1	86.0	S	0.0
Acey_EYB86026.1	Lpol_XP_013774279.1	86.0	S	0.0
Otip_Oti_326_t	Lpol_XP_013774279.1	86.0	S	0.0
Srat_XP_024508351.1	Lpol_XP_013774279.1	86.0	S	0.0
Sarc_XP_014151949.1	Lpol_XP_013774279.1	86.0	S	0.0
Ever_VDD93866.1	Lpol_XP_013774279.1	86.0	S	0.0
Sbat_VDO98087.1	Lpol_XP_013774279.1	86.0	S	0.0
Asuu_AgB01_g822_t02	Lpol_XP_013774279.1	86.0	S	0.0
Bmal_XP_001897040.1	Lpol_XP_013774279.1	86.0	S	0.0
Sypmur_SMUV_0000527301-mRNA-1	Lpol_XP_013774279.1	86.0	S	0.0
Tspi_XP_003368987.1	Lpol_XP_013774279.1	86.0	S	0.0
Mbel_CAJ0964053.1	Lpol_XP_013774279.1	86.0	S	0.0
Trimur_TMUE_3000012690	Lpol_XP_013774279.1	86.0	S	0.0
Ppat_XP_024376209.1	Lpol_XP_013774279.1	86.0	S	0.0
Cfra_CFRG8355T1	Lpol_XP_013774279.1	86.0	S	0.0
Asuu_AgB01_g822_t05	Lpol_XP_013774279.1	86.0	S	0.0
Tsui_KHJ45102.1	Lpol_XP_013774279.1	86.0	S	0.0
Plae_KAI0984297.1	Lpol_XP_013774279.1	86.0	S	0.0
Hpol_VDP19018.1	Lpol_XP_013774279.1	86.0	S	0.0
Ovol_OVOC3662	Lpol_XP_013774279.1	86.0	S	0.0
Cele_NP_505831.1	Lpol_XP_013774279.1	86.0	S	0.0
Mhap_MhA1_Contig1994.frz3.gene4	Lpol_XP_013774279.1	86.0	S	0.0
Mjap_MIJAPON000006756.t1	Lpol_XP_013774279.1	86.0	S	0.0
Plae_KAI0985441.1	Lpol_XP_013774279.1	86.0	S	0.0
Tspi_XP_003380167.1	Lpol_XP_013774279.1	86.0	S	0.0
Bxyl_CAG9128521.1	Lpol_XP_013774279.1	86.0	S	0.0
Wban_VDM22157.1	Lpol_XP_013774279.1	86.0	S	0.0
Asuu_AgB01_g822_t04	Lpol_XP_013774279.1	86.0	S	0.0
Ddip_jg26521	Lpol_XP_013774279.1	86.0	S	0.0
Gpal_Gpal_D383_g00500.t1	Lpol_XP_013774279.1	86.0	S	0.0
Rcul_nRc.2.0.1.t13431-RA	Lpol_XP_013774279.1	86.0	S	0.0
Hcon_XGW18520.1	Lpol_XP_013774279.1	86.0	S	0.0
Diplco_DCO_001492	Lpol_XP_013774279.1	86.0	S	0.0
Scar_TKR80642.1	Lpol_XP_013774279.1	86.0	S	0.0
Tnel_KRX20255.1	Lpol_XP_013774279.1	86.0	S	0.0
Angcan_KAE9418089.1	Lpol_XP_013774279.1	86.0	S	0.0
Diplco_DCO_001490	Lpol_XP_013774279.1	86.0	S	0.0
Ttri_CDW53161.1	Lpol_XP_013774279.1	86.0	S	0.0
Priarc_PARCANUS000014441.t1	Lpol_XP_013774279.1	86.0	S	0.0
Tnel_KRX20256.1	Lpol_XP_013774279.1	86.0	S	0.0
Tbri_KRY47478.1	Avag_UJR16219.1	86.0	S	0.0
Avit_KAL3989456.1	Avag_UJR16219.1	86.0	S	0.0
Asuu_AgB01_g822_t01	Avag_UJR16219.1	86.0	S	0.0
Ppat_XP_024376210.1	Avag_UJR16219.1	86.0	S	0.0
Lsig_VDK83118.1	Avag_UJR16219.1	86.0	S	0.0
Ddip_jg26533	Avag_UJR16219.1	86.0	S	0.0
Plae_KAI0984298.1	Avag_UJR16219.1	86.0	S	0.0
Trimur_TMUE_0000000640	Avag_UJR16219.1	86.0	S	0.0
Lloa_XP_003140884.1	Avag_UJR16219.1	86.0	S	0.0
Tnat_KRZ50470.1	Avag_UJR16219.1	86.0	S	0.0
Dimm_MCP9257372.1	Avag_UJR16219.1	86.0	S	0.0
Eela_EEL_0000590401-mRNA-1	Avag_UJR16219.1	86.0	S	0.0
Asuu_AgB01_g822_t03	Avag_UJR16219.1	86.0	S	0.0
Hcon_XGW18521.1	Avag_UJR16219.1	86.0	S	0.0
Acey_EYB86026.1	Avag_UJR16219.1	86.0	S	0.0
Otip_Oti_326_t	Avag_UJR16219.1	86.0	S	0.0
Srat_XP_024508351.1	Avag_UJR16219.1	86.0	S	0.0
Sarc_XP_014151949.1	Avag_UJR16219.1	86.0	S	0.0
Ever_VDD93866.1	Avag_UJR16219.1	86.0	S	0.0
Sbat_VDO98087.1	Avag_UJR16219.1	86.0	S	0.0
Asuu_AgB01_g822_t02	Avag_UJR16219.1	86.0	S	0.0
Bmal_XP_001897040.1	Avag_UJR16219.1	86.0	S	0.0
Sypmur_SMUV_0000527301-mRNA-1	Avag_UJR16219.1	86.0	S	0.0
Tspi_XP_003368987.1	Avag_UJR16219.1	86.0	S	0.0
Mbel_CAJ0964053.1	Avag_UJR16219.1	86.0	S	0.0
Trimur_TMUE_3000012690	Avag_UJR16219.1	86.0	S	0.0
Ppat_XP_024376209.1	Avag_UJR16219.1	86.0	S	0.0
Cfra_CFRG8355T1	Avag_UJR16219.1	86.0	S	0.0
Asuu_AgB01_g822_t05	Avag_UJR16219.1	86.0	S	0.0
Tsui_KHJ45102.1	Avag_UJR16219.1	86.0	S	0.0
Plae_KAI0984297.1	Avag_UJR16219.1	86.0	S	0.0
Hpol_VDP19018.1	Avag_UJR16219.1	86.0	S	0.0
Ovol_OVOC3662	Avag_UJR16219.1	86.0	S	0.0
Cele_NP_505831.1	Avag_UJR16219.1	86.0	S	0.0
Mhap_MhA1_Contig1994.frz3.gene4	Avag_UJR16219.1	86.0	S	0.0
Mjap_MIJAPON000006756.t1	Avag_UJR16219.1	86.0	S	0.0
Plae_KAI0985441.1	Avag_UJR16219.1	86.0	S	0.0
Tspi_XP_003380167.1	Avag_UJR16219.1	86.0	S	0.0
Bxyl_CAG9128521.1	Avag_UJR16219.1	86.0	S	0.0
Wban_VDM22157.1	Avag_UJR16219.1	86.0	S	0.0
Asuu_AgB01_g822_t04	Avag_UJR16219.1	86.0	S	0.0
Ddip_jg26521	Avag_UJR16219.1	86.0	S	0.0
Gpal_Gpal_D383_g00500.t1	Avag_UJR16219.1	86.0	S	0.0
Rcul_nRc.2.0.1.t13431-RA	Avag_UJR16219.1	86.0	S	0.0
Hcon_XGW18520.1	Avag_UJR16219.1	86.0	S	0.0
Diplco_DCO_001492	Avag_UJR16219.1	86.0	S	0.0
Scar_TKR80642.1	Avag_UJR16219.1	86.0	S	0.0
Tnel_KRX20255.1	Avag_UJR16219.1	86.0	S	0.0
Angcan_KAE9418089.1	Avag_UJR16219.1	86.0	S	0.0
Diplco_DCO_001490	Avag_UJR16219.1	86.0	S	0.0
Ttri_CDW53161.1	Avag_UJR16219.1	86.0	S	0.0
Priarc_PARCANUS000014441.t1	Avag_UJR16219.1	86.0	S	0.0
Tnel_KRX20256.1	Avag_UJR16219.1	86.0	S	0.0
Tbri_KRY47478.1	Lcom_lcpid51678|	86.0	S	0.0
Avit_KAL3989456.1	Lcom_lcpid51678|	86.0	S	0.0
Asuu_AgB01_g822_t01	Lcom_lcpid51678|	86.0	S	0.0
Ppat_XP_024376210.1	Lcom_lcpid51678|	86.0	S	0.0
Lsig_VDK83118.1	Lcom_lcpid51678|	86.0	S	0.0
Ddip_jg26533	Lcom_lcpid51678|	86.0	S	0.0
Plae_KAI0984298.1	Lcom_lcpid51678|	86.0	S	0.0
Trimur_TMUE_0000000640	Lcom_lcpid51678|	86.0	S	0.0
Lloa_XP_003140884.1	Lcom_lcpid51678|	86.0	S	0.0
Tnat_KRZ50470.1	Lcom_lcpid51678|	86.0	S	0.0
Dimm_MCP9257372.1	Lcom_lcpid51678|	86.0	S	0.0
Eela_EEL_0000590401-mRNA-1	Lcom_lcpid51678|	86.0	S	0.0
Asuu_AgB01_g822_t03	Lcom_lcpid51678|	86.0	S	0.0
Hcon_XGW18521.1	Lcom_lcpid51678|	86.0	S	0.0
Acey_EYB86026.1	Lcom_lcpid51678|	86.0	S	0.0
Otip_Oti_326_t	Lcom_lcpid51678|	86.0	S	0.0
Srat_XP_024508351.1	Lcom_lcpid51678|	86.0	S	0.0
Sarc_XP_014151949.1	Lcom_lcpid51678|	86.0	S	0.0
Ever_VDD93866.1	Lcom_lcpid51678|	86.0	S	0.0
Sbat_VDO98087.1	Lcom_lcpid51678|	86.0	S	0.0
Asuu_AgB01_g822_t02	Lcom_lcpid51678|	86.0	S	0.0
Bmal_XP_001897040.1	Lcom_lcpid51678|	86.0	S	0.0
Sypmur_SMUV_0000527301-mRNA-1	Lcom_lcpid51678|	86.0	S	0.0
Tspi_XP_003368987.1	Lcom_lcpid51678|	86.0	S	0.0
Mbel_CAJ0964053.1	Lcom_lcpid51678|	86.0	S	0.0
Trimur_TMUE_3000012690	Lcom_lcpid51678|	86.0	S	0.0
Ppat_XP_024376209.1	Lcom_lcpid51678|	86.0	S	0.0
Cfra_CFRG8355T1	Lcom_lcpid51678|	86.0	S	0.0
Asuu_AgB01_g822_t05	Lcom_lcpid51678|	86.0	S	0.0
Tsui_KHJ45102.1	Lcom_lcpid51678|	86.0	S	0.0
Plae_KAI0984297.1	Lcom_lcpid51678|	86.0	S	0.0
Hpol_VDP19018.1	Lcom_lcpid51678|	86.0	S	0.0
Ovol_OVOC3662	Lcom_lcpid51678|	86.0	S	0.0
Cele_NP_505831.1	Lcom_lcpid51678|	86.0	S	0.0
Mhap_MhA1_Contig1994.frz3.gene4	Lcom_lcpid51678|	86.0	S	0.0
Mjap_MIJAPON000006756.t1	Lcom_lcpid51678|	86.0	S	0.0
Plae_KAI0985441.1	Lcom_lcpid51678|	86.0	S	0.0
Tspi_XP_003380167.1	Lcom_lcpid51678|	86.0	S	0.0
Bxyl_CAG9128521.1	Lcom_lcpid51678|	86.0	S	0.0
Wban_VDM22157.1	Lcom_lcpid51678|	86.0	S	0.0
Asuu_AgB01_g822_t04	Lcom_lcpid51678|	86.0	S	0.0
Ddip_jg26521	Lcom_lcpid51678|	86.0	S	0.0
Gpal_Gpal_D383_g00500.t1	Lcom_lcpid51678|	86.0	S	0.0
Rcul_nRc.2.0.1.t13431-RA	Lcom_lcpid51678|	86.0	S	0.0
Hcon_XGW18520.1	Lcom_lcpid51678|	86.0	S	0.0
Diplco_DCO_001492	Lcom_lcpid51678|	86.0	S	0.0
Scar_TKR80642.1	Lcom_lcpid51678|	86.0	S	0.0
Tnel_KRX20255.1	Lcom_lcpid51678|	86.0	S	0.0
Angcan_KAE9418089.1	Lcom_lcpid51678|	86.0	S	0.0
Diplco_DCO_001490	Lcom_lcpid51678|	86.0	S	0.0
Ttri_CDW53161.1	Lcom_lcpid51678|	86.0	S	0.0
Priarc_PARCANUS000014441.t1	Lcom_lcpid51678|	86.0	S	0.0
Tnel_KRX20256.1	Lcom_lcpid51678|	86.0	S	0.0
Tbri_KRY47478.1	Ofus_CAH1779520.1	86.0	S	0.0
Avit_KAL3989456.1	Ofus_CAH1779520.1	86.0	S	0.0
Asuu_AgB01_g822_t01	Ofus_CAH1779520.1	86.0	S	0.0
Ppat_XP_024376210.1	Ofus_CAH1779520.1	86.0	S	0.0
Lsig_VDK83118.1	Ofus_CAH1779520.1	86.0	S	0.0
Ddip_jg26533	Ofus_CAH1779520.1	86.0	S	0.0
Plae_KAI0984298.1	Ofus_CAH1779520.1	86.0	S	0.0
Trimur_TMUE_0000000640	Ofus_CAH1779520.1	86.0	S	0.0
Lloa_XP_003140884.1	Ofus_CAH1779520.1	86.0	S	0.0
Tnat_KRZ50470.1	Ofus_CAH1779520.1	86.0	S	0.0
Dimm_MCP9257372.1	Ofus_CAH1779520.1	86.0	S	0.0
Eela_EEL_0000590401-mRNA-1	Ofus_CAH1779520.1	86.0	S	0.0
Asuu_AgB01_g822_t03	Ofus_CAH1779520.1	86.0	S	0.0
Hcon_XGW18521.1	Ofus_CAH1779520.1	86.0	S	0.0
Acey_EYB86026.1	Ofus_CAH1779520.1	86.0	S	0.0
Otip_Oti_326_t	Ofus_CAH1779520.1	86.0	S	0.0
Srat_XP_024508351.1	Ofus_CAH1779520.1	86.0	S	0.0
Sarc_XP_014151949.1	Ofus_CAH1779520.1	86.0	S	0.0
Ever_VDD93866.1	Ofus_CAH1779520.1	86.0	S	0.0
Sbat_VDO98087.1	Ofus_CAH1779520.1	86.0	S	0.0
Asuu_AgB01_g822_t02	Ofus_CAH1779520.1	86.0	S	0.0
Bmal_XP_001897040.1	Ofus_CAH1779520.1	86.0	S	0.0
Sypmur_SMUV_0000527301-mRNA-1	Ofus_CAH1779520.1	86.0	S	0.0
Tspi_XP_003368987.1	Ofus_CAH1779520.1	86.0	S	0.0
Mbel_CAJ0964053.1	Ofus_CAH1779520.1	86.0	S	0.0
Trimur_TMUE_3000012690	Ofus_CAH1779520.1	86.0	S	0.0
Ppat_XP_024376209.1	Ofus_CAH1779520.1	86.0	S	0.0
Cfra_CFRG8355T1	Ofus_CAH1779520.1	86.0	S	0.0
Asuu_AgB01_g822_t05	Ofus_CAH1779520.1	86.0	S	0.0
Tsui_KHJ45102.1	Ofus_CAH1779520.1	86.0	S	0.0
Plae_KAI0984297.1	Ofus_CAH1779520.1	86.0	S	0.0
Hpol_VDP19018.1	Ofus_CAH1779520.1	86.0	S	0.0
Ovol_OVOC3662	Ofus_CAH1779520.1	86.0	S	0.0
Cele_NP_505831.1	Ofus_CAH1779520.1	86.0	S	0.0
Mhap_MhA1_Contig1994.frz3.gene4	Ofus_CAH1779520.1	86.0	S	0.0
Mjap_MIJAPON000006756.t1	Ofus_CAH1779520.1	86.0	S	0.0
Plae_KAI0985441.1	Ofus_CAH1779520.1	86.0	S	0.0
Tspi_XP_003380167.1	Ofus_CAH1779520.1	86.0	S	0.0
Bxyl_CAG9128521.1	Ofus_CAH1779520.1	86.0	S	0.0
Wban_VDM22157.1	Ofus_CAH1779520.1	86.0	S	0.0
Asuu_AgB01_g822_t04	Ofus_CAH1779520.1	86.0	S	0.0
Ddip_jg26521	Ofus_CAH1779520.1	86.0	S	0.0
Gpal_Gpal_D383_g00500.t1	Ofus_CAH1779520.1	86.0	S	0.0
Rcul_nRc.2.0.1.t13431-RA	Ofus_CAH1779520.1	86.0	S	0.0
Hcon_XGW18520.1	Ofus_CAH1779520.1	86.0	S	0.0
Diplco_DCO_001492	Ofus_CAH1779520.1	86.0	S	0.0
Scar_TKR80642.1	Ofus_CAH1779520.1	86.0	S	0.0
Tnel_KRX20255.1	Ofus_CAH1779520.1	86.0	S	0.0
Angcan_KAE9418089.1	Ofus_CAH1779520.1	86.0	S	0.0
Diplco_DCO_001490	Ofus_CAH1779520.1	86.0	S	0.0
Ttri_CDW53161.1	Ofus_CAH1779520.1	86.0	S	0.0
Priarc_PARCANUS000014441.t1	Ofus_CAH1779520.1	86.0	S	0.0
Tnel_KRX20256.1	Ofus_CAH1779520.1	86.0	S	0.0
Tbri_KRY47478.1	Pigchi_Pchi_g4251	86.0	S	0.0
Avit_KAL3989456.1	Pigchi_Pchi_g4251	86.0	S	0.0
Asuu_AgB01_g822_t01	Pigchi_Pchi_g4251	86.0	S	0.0
Ppat_XP_024376210.1	Pigchi_Pchi_g4251	86.0	S	0.0
Lsig_VDK83118.1	Pigchi_Pchi_g4251	86.0	S	0.0
Ddip_jg26533	Pigchi_Pchi_g4251	86.0	S	0.0
Plae_KAI0984298.1	Pigchi_Pchi_g4251	86.0	S	0.0
Trimur_TMUE_0000000640	Pigchi_Pchi_g4251	86.0	S	0.0
Lloa_XP_003140884.1	Pigchi_Pchi_g4251	86.0	S	0.0
Tnat_KRZ50470.1	Pigchi_Pchi_g4251	86.0	S	0.0
Dimm_MCP9257372.1	Pigchi_Pchi_g4251	86.0	S	0.0
Eela_EEL_0000590401-mRNA-1	Pigchi_Pchi_g4251	86.0	S	0.0
Asuu_AgB01_g822_t03	Pigchi_Pchi_g4251	86.0	S	0.0
Hcon_XGW18521.1	Pigchi_Pchi_g4251	86.0	S	0.0
Acey_EYB86026.1	Pigchi_Pchi_g4251	86.0	S	0.0
Otip_Oti_326_t	Pigchi_Pchi_g4251	86.0	S	0.0
Srat_XP_024508351.1	Pigchi_Pchi_g4251	86.0	S	0.0
Sarc_XP_014151949.1	Pigchi_Pchi_g4251	86.0	S	0.0
Ever_VDD93866.1	Pigchi_Pchi_g4251	86.0	S	0.0
Sbat_VDO98087.1	Pigchi_Pchi_g4251	86.0	S	0.0
Asuu_AgB01_g822_t02	Pigchi_Pchi_g4251	86.0	S	0.0
Bmal_XP_001897040.1	Pigchi_Pchi_g4251	86.0	S	0.0
Sypmur_SMUV_0000527301-mRNA-1	Pigchi_Pchi_g4251	86.0	S	0.0
Tspi_XP_003368987.1	Pigchi_Pchi_g4251	86.0	S	0.0
Mbel_CAJ0964053.1	Pigchi_Pchi_g4251	86.0	S	0.0
Trimur_TMUE_3000012690	Pigchi_Pchi_g4251	86.0	S	0.0
Ppat_XP_024376209.1	Pigchi_Pchi_g4251	86.0	S	0.0
Cfra_CFRG8355T1	Pigchi_Pchi_g4251	86.0	S	0.0
Asuu_AgB01_g822_t05	Pigchi_Pchi_g4251	86.0	S	0.0
Tsui_KHJ45102.1	Pigchi_Pchi_g4251	86.0	S	0.0
Plae_KAI0984297.1	Pigchi_Pchi_g4251	86.0	S	0.0
Hpol_VDP19018.1	Pigchi_Pchi_g4251	86.0	S	0.0
Ovol_OVOC3662	Pigchi_Pchi_g4251	86.0	S	0.0
Cele_NP_505831.1	Pigchi_Pchi_g4251	86.0	S	0.0
Mhap_MhA1_Contig1994.frz3.gene4	Pigchi_Pchi_g4251	86.0	S	0.0
Mjap_MIJAPON000006756.t1	Pigchi_Pchi_g4251	86.0	S	0.0
Plae_KAI0985441.1	Pigchi_Pchi_g4251	86.0	S	0.0
Tspi_XP_003380167.1	Pigchi_Pchi_g4251	86.0	S	0.0
Bxyl_CAG9128521.1	Pigchi_Pchi_g4251	86.0	S	0.0
Wban_VDM22157.1	Pigchi_Pchi_g4251	86.0	S	0.0
Asuu_AgB01_g822_t04	Pigchi_Pchi_g4251	86.0	S	0.0
Ddip_jg26521	Pigchi_Pchi_g4251	86.0	S	0.0
Gpal_Gpal_D383_g00500.t1	Pigchi_Pchi_g4251	86.0	S	0.0
Rcul_nRc.2.0.1.t13431-RA	Pigchi_Pchi_g4251	86.0	S	0.0
Hcon_XGW18520.1	Pigchi_Pchi_g4251	86.0	S	0.0
Diplco_DCO_001492	Pigchi_Pchi_g4251	86.0	S	0.0
Scar_TKR80642.1	Pigchi_Pchi_g4251	86.0	S	0.0
Tnel_KRX20255.1	Pigchi_Pchi_g4251	86.0	S	0.0
Angcan_KAE9418089.1	Pigchi_Pchi_g4251	86.0	S	0.0
Diplco_DCO_001490	Pigchi_Pchi_g4251	86.0	S	0.0
Ttri_CDW53161.1	Pigchi_Pchi_g4251	86.0	S	0.0
Priarc_PARCANUS000014441.t1	Pigchi_Pchi_g4251	86.0	S	0.0
Tnel_KRX20256.1	Pigchi_Pchi_g4251	86.0	S	0.0
Tbri_KRY47478.1	Spur_XP_030839602.1	86.0	S	0.0
Avit_KAL3989456.1	Spur_XP_030839602.1	86.0	S	0.0
Asuu_AgB01_g822_t01	Spur_XP_030839602.1	86.0	S	0.0
Ppat_XP_024376210.1	Spur_XP_030839602.1	86.0	S	0.0
Lsig_VDK83118.1	Spur_XP_030839602.1	86.0	S	0.0
Ddip_jg26533	Spur_XP_030839602.1	86.0	S	0.0
Plae_KAI0984298.1	Spur_XP_030839602.1	86.0	S	0.0
Trimur_TMUE_0000000640	Spur_XP_030839602.1	86.0	S	0.0
Lloa_XP_003140884.1	Spur_XP_030839602.1	86.0	S	0.0
Tnat_KRZ50470.1	Spur_XP_030839602.1	86.0	S	0.0
Dimm_MCP9257372.1	Spur_XP_030839602.1	86.0	S	0.0
Eela_EEL_0000590401-mRNA-1	Spur_XP_030839602.1	86.0	S	0.0
Asuu_AgB01_g822_t03	Spur_XP_030839602.1	86.0	S	0.0
Hcon_XGW18521.1	Spur_XP_030839602.1	86.0	S	0.0
Acey_EYB86026.1	Spur_XP_030839602.1	86.0	S	0.0
Otip_Oti_326_t	Spur_XP_030839602.1	86.0	S	0.0
Srat_XP_024508351.1	Spur_XP_030839602.1	86.0	S	0.0
Sarc_XP_014151949.1	Spur_XP_030839602.1	86.0	S	0.0
Ever_VDD93866.1	Spur_XP_030839602.1	86.0	S	0.0
Sbat_VDO98087.1	Spur_XP_030839602.1	86.0	S	0.0
Asuu_AgB01_g822_t02	Spur_XP_030839602.1	86.0	S	0.0
Bmal_XP_001897040.1	Spur_XP_030839602.1	86.0	S	0.0
Sypmur_SMUV_0000527301-mRNA-1	Spur_XP_030839602.1	86.0	S	0.0
Tspi_XP_003368987.1	Spur_XP_030839602.1	86.0	S	0.0
Mbel_CAJ0964053.1	Spur_XP_030839602.1	86.0	S	0.0
Trimur_TMUE_3000012690	Spur_XP_030839602.1	86.0	S	0.0
Ppat_XP_024376209.1	Spur_XP_030839602.1	86.0	S	0.0
Cfra_CFRG8355T1	Spur_XP_030839602.1	86.0	S	0.0
Asuu_AgB01_g822_t05	Spur_XP_030839602.1	86.0	S	0.0
Tsui_KHJ45102.1	Spur_XP_030839602.1	86.0	S	0.0
Plae_KAI0984297.1	Spur_XP_030839602.1	86.0	S	0.0
Hpol_VDP19018.1	Spur_XP_030839602.1	86.0	S	0.0
Ovol_OVOC3662	Spur_XP_030839602.1	86.0	S	0.0
Cele_NP_505831.1	Spur_XP_030839602.1	86.0	S	0.0
Mhap_MhA1_Contig1994.frz3.gene4	Spur_XP_030839602.1	86.0	S	0.0
Mjap_MIJAPON000006756.t1	Spur_XP_030839602.1	86.0	S	0.0
Plae_KAI0985441.1	Spur_XP_030839602.1	86.0	S	0.0
Tspi_XP_003380167.1	Spur_XP_030839602.1	86.0	S	0.0
Bxyl_CAG9128521.1	Spur_XP_030839602.1	86.0	S	0.0
Wban_VDM22157.1	Spur_XP_030839602.1	86.0	S	0.0
Asuu_AgB01_g822_t04	Spur_XP_030839602.1	86.0	S	0.0
Ddip_jg26521	Spur_XP_030839602.1	86.0	S	0.0
Gpal_Gpal_D383_g00500.t1	Spur_XP_030839602.1	86.0	S	0.0
Rcul_nRc.2.0.1.t13431-RA	Spur_XP_030839602.1	86.0	S	0.0
Hcon_XGW18520.1	Spur_XP_030839602.1	86.0	S	0.0
Diplco_DCO_001492	Spur_XP_030839602.1	86.0	S	0.0
Scar_TKR80642.1	Spur_XP_030839602.1	86.0	S	0.0
Tnel_KRX20255.1	Spur_XP_030839602.1	86.0	S	0.0
Angcan_KAE9418089.1	Spur_XP_030839602.1	86.0	S	0.0
Diplco_DCO_001490	Spur_XP_030839602.1	86.0	S	0.0
Ttri_CDW53161.1	Spur_XP_030839602.1	86.0	S	0.0
Priarc_PARCANUS000014441.t1	Spur_XP_030839602.1	86.0	S	0.0
Tnel_KRX20256.1	Spur_XP_030839602.1	86.0	S	0.0
Tbri_KRY47478.1	Ggal_XP_414883.4	86.0	S	0.0
Avit_KAL3989456.1	Ggal_XP_414883.4	86.0	S	0.0
Asuu_AgB01_g822_t01	Ggal_XP_414883.4	86.0	S	0.0
Ppat_XP_024376210.1	Ggal_XP_414883.4	86.0	S	0.0
Lsig_VDK83118.1	Ggal_XP_414883.4	86.0	S	0.0
Ddip_jg26533	Ggal_XP_414883.4	86.0	S	0.0
Plae_KAI0984298.1	Ggal_XP_414883.4	86.0	S	0.0
Trimur_TMUE_0000000640	Ggal_XP_414883.4	86.0	S	0.0
Lloa_XP_003140884.1	Ggal_XP_414883.4	86.0	S	0.0
Tnat_KRZ50470.1	Ggal_XP_414883.4	86.0	S	0.0
Dimm_MCP9257372.1	Ggal_XP_414883.4	86.0	S	0.0
Eela_EEL_0000590401-mRNA-1	Ggal_XP_414883.4	86.0	S	0.0
Asuu_AgB01_g822_t03	Ggal_XP_414883.4	86.0	S	0.0
Hcon_XGW18521.1	Ggal_XP_414883.4	86.0	S	0.0
Acey_EYB86026.1	Ggal_XP_414883.4	86.0	S	0.0
Otip_Oti_326_t	Ggal_XP_414883.4	86.0	S	0.0
Srat_XP_024508351.1	Ggal_XP_414883.4	86.0	S	0.0
Sarc_XP_014151949.1	Ggal_XP_414883.4	86.0	S	0.0
Ever_VDD93866.1	Ggal_XP_414883.4	86.0	S	0.0
Sbat_VDO98087.1	Ggal_XP_414883.4	86.0	S	0.0
Asuu_AgB01_g822_t02	Ggal_XP_414883.4	86.0	S	0.0
Bmal_XP_001897040.1	Ggal_XP_414883.4	86.0	S	0.0
Sypmur_SMUV_0000527301-mRNA-1	Ggal_XP_414883.4	86.0	S	0.0
Tspi_XP_003368987.1	Ggal_XP_414883.4	86.0	S	0.0
Mbel_CAJ0964053.1	Ggal_XP_414883.4	86.0	S	0.0
Trimur_TMUE_3000012690	Ggal_XP_414883.4	86.0	S	0.0
Ppat_XP_024376209.1	Ggal_XP_414883.4	86.0	S	0.0
Cfra_CFRG8355T1	Ggal_XP_414883.4	86.0	S	0.0
Asuu_AgB01_g822_t05	Ggal_XP_414883.4	86.0	S	0.0
Tsui_KHJ45102.1	Ggal_XP_414883.4	86.0	S	0.0
Plae_KAI0984297.1	Ggal_XP_414883.4	86.0	S	0.0
Hpol_VDP19018.1	Ggal_XP_414883.4	86.0	S	0.0
Ovol_OVOC3662	Ggal_XP_414883.4	86.0	S	0.0
Cele_NP_505831.1	Ggal_XP_414883.4	86.0	S	0.0
Mhap_MhA1_Contig1994.frz3.gene4	Ggal_XP_414883.4	86.0	S	0.0
Mjap_MIJAPON000006756.t1	Ggal_XP_414883.4	86.0	S	0.0
Plae_KAI0985441.1	Ggal_XP_414883.4	86.0	S	0.0
Tspi_XP_003380167.1	Ggal_XP_414883.4	86.0	S	0.0
Bxyl_CAG9128521.1	Ggal_XP_414883.4	86.0	S	0.0
Wban_VDM22157.1	Ggal_XP_414883.4	86.0	S	0.0
Asuu_AgB01_g822_t04	Ggal_XP_414883.4	86.0	S	0.0
Ddip_jg26521	Ggal_XP_414883.4	86.0	S	0.0
Gpal_Gpal_D383_g00500.t1	Ggal_XP_414883.4	86.0	S	0.0
Rcul_nRc.2.0.1.t13431-RA	Ggal_XP_414883.4	86.0	S	0.0
Hcon_XGW18520.1	Ggal_XP_414883.4	86.0	S	0.0
Diplco_DCO_001492	Ggal_XP_414883.4	86.0	S	0.0
Scar_TKR80642.1	Ggal_XP_414883.4	86.0	S	0.0
Tnel_KRX20255.1	Ggal_XP_414883.4	86.0	S	0.0
Angcan_KAE9418089.1	Ggal_XP_414883.4	86.0	S	0.0
Diplco_DCO_001490	Ggal_XP_414883.4	86.0	S	0.0
Ttri_CDW53161.1	Ggal_XP_414883.4	86.0	S	0.0
Priarc_PARCANUS000014441.t1	Ggal_XP_414883.4	86.0	S	0.0
Tnel_KRX20256.1	Ggal_XP_414883.4	86.0	S	0.0
Tbri_KRY47478.1	Cvir_XP_022338439.1	86.0	S	0.0
Avit_KAL3989456.1	Cvir_XP_022338439.1	86.0	S	0.0
Asuu_AgB01_g822_t01	Cvir_XP_022338439.1	86.0	S	0.0
Ppat_XP_024376210.1	Cvir_XP_022338439.1	86.0	S	0.0
Lsig_VDK83118.1	Cvir_XP_022338439.1	86.0	S	0.0
Ddip_jg26533	Cvir_XP_022338439.1	86.0	S	0.0
Plae_KAI0984298.1	Cvir_XP_022338439.1	86.0	S	0.0
Trimur_TMUE_0000000640	Cvir_XP_022338439.1	86.0	S	0.0
Lloa_XP_003140884.1	Cvir_XP_022338439.1	86.0	S	0.0
Tnat_KRZ50470.1	Cvir_XP_022338439.1	86.0	S	0.0
Dimm_MCP9257372.1	Cvir_XP_022338439.1	86.0	S	0.0
Eela_EEL_0000590401-mRNA-1	Cvir_XP_022338439.1	86.0	S	0.0
Asuu_AgB01_g822_t03	Cvir_XP_022338439.1	86.0	S	0.0
Hcon_XGW18521.1	Cvir_XP_022338439.1	86.0	S	0.0
Acey_EYB86026.1	Cvir_XP_022338439.1	86.0	S	0.0
Otip_Oti_326_t	Cvir_XP_022338439.1	86.0	S	0.0
Srat_XP_024508351.1	Cvir_XP_022338439.1	86.0	S	0.0
Sarc_XP_014151949.1	Cvir_XP_022338439.1	86.0	S	0.0
Ever_VDD93866.1	Cvir_XP_022338439.1	86.0	S	0.0
Sbat_VDO98087.1	Cvir_XP_022338439.1	86.0	S	0.0
Asuu_AgB01_g822_t02	Cvir_XP_022338439.1	86.0	S	0.0
Bmal_XP_001897040.1	Cvir_XP_022338439.1	86.0	S	0.0
Sypmur_SMUV_0000527301-mRNA-1	Cvir_XP_022338439.1	86.0	S	0.0
Tspi_XP_003368987.1	Cvir_XP_022338439.1	86.0	S	0.0
Mbel_CAJ0964053.1	Cvir_XP_022338439.1	86.0	S	0.0
Trimur_TMUE_3000012690	Cvir_XP_022338439.1	86.0	S	0.0
Ppat_XP_024376209.1	Cvir_XP_022338439.1	86.0	S	0.0
Cfra_CFRG8355T1	Cvir_XP_022338439.1	86.0	S	0.0
Asuu_AgB01_g822_t05	Cvir_XP_022338439.1	86.0	S	0.0
Tsui_KHJ45102.1	Cvir_XP_022338439.1	86.0	S	0.0
Plae_KAI0984297.1	Cvir_XP_022338439.1	86.0	S	0.0
Hpol_VDP19018.1	Cvir_XP_022338439.1	86.0	S	0.0
Ovol_OVOC3662	Cvir_XP_022338439.1	86.0	S	0.0
Cele_NP_505831.1	Cvir_XP_022338439.1	86.0	S	0.0
Mhap_MhA1_Contig1994.frz3.gene4	Cvir_XP_022338439.1	86.0	S	0.0
Mjap_MIJAPON000006756.t1	Cvir_XP_022338439.1	86.0	S	0.0
Plae_KAI0985441.1	Cvir_XP_022338439.1	86.0	S	0.0
Tspi_XP_003380167.1	Cvir_XP_022338439.1	86.0	S	0.0
Bxyl_CAG9128521.1	Cvir_XP_022338439.1	86.0	S	0.0
Wban_VDM22157.1	Cvir_XP_022338439.1	86.0	S	0.0
Asuu_AgB01_g822_t04	Cvir_XP_022338439.1	86.0	S	0.0
Ddip_jg26521	Cvir_XP_022338439.1	86.0	S	0.0
Gpal_Gpal_D383_g00500.t1	Cvir_XP_022338439.1	86.0	S	0.0
Rcul_nRc.2.0.1.t13431-RA	Cvir_XP_022338439.1	86.0	S	0.0
Hcon_XGW18520.1	Cvir_XP_022338439.1	86.0	S	0.0
Diplco_DCO_001492	Cvir_XP_022338439.1	86.0	S	0.0
Scar_TKR80642.1	Cvir_XP_022338439.1	86.0	S	0.0
Tnel_KRX20255.1	Cvir_XP_022338439.1	86.0	S	0.0
Angcan_KAE9418089.1	Cvir_XP_022338439.1	86.0	S	0.0
Diplco_DCO_001490	Cvir_XP_022338439.1	86.0	S	0.0
Ttri_CDW53161.1	Cvir_XP_022338439.1	86.0	S	0.0
Priarc_PARCANUS000014441.t1	Cvir_XP_022338439.1	86.0	S	0.0
Tnel_KRX20256.1	Cvir_XP_022338439.1	86.0	S	0.0
Tbri_KRY47478.1	Pvan_XP_069991585.1	86.0	S	0.0
Avit_KAL3989456.1	Pvan_XP_069991585.1	86.0	S	0.0
Asuu_AgB01_g822_t01	Pvan_XP_069991585.1	86.0	S	0.0
Ppat_XP_024376210.1	Pvan_XP_069991585.1	86.0	S	0.0
Lsig_VDK83118.1	Pvan_XP_069991585.1	86.0	S	0.0
Ddip_jg26533	Pvan_XP_069991585.1	86.0	S	0.0
Plae_KAI0984298.1	Pvan_XP_069991585.1	86.0	S	0.0
Trimur_TMUE_0000000640	Pvan_XP_069991585.1	86.0	S	0.0
Lloa_XP_003140884.1	Pvan_XP_069991585.1	86.0	S	0.0
Tnat_KRZ50470.1	Pvan_XP_069991585.1	86.0	S	0.0
Dimm_MCP9257372.1	Pvan_XP_069991585.1	86.0	S	0.0
Eela_EEL_0000590401-mRNA-1	Pvan_XP_069991585.1	86.0	S	0.0
Asuu_AgB01_g822_t03	Pvan_XP_069991585.1	86.0	S	0.0
Hcon_XGW18521.1	Pvan_XP_069991585.1	86.0	S	0.0
Acey_EYB86026.1	Pvan_XP_069991585.1	86.0	S	0.0
Otip_Oti_326_t	Pvan_XP_069991585.1	86.0	S	0.0
Srat_XP_024508351.1	Pvan_XP_069991585.1	86.0	S	0.0
Sarc_XP_014151949.1	Pvan_XP_069991585.1	86.0	S	0.0
Ever_VDD93866.1	Pvan_XP_069991585.1	86.0	S	0.0
Sbat_VDO98087.1	Pvan_XP_069991585.1	86.0	S	0.0
Asuu_AgB01_g822_t02	Pvan_XP_069991585.1	86.0	S	0.0
Bmal_XP_001897040.1	Pvan_XP_069991585.1	86.0	S	0.0
Sypmur_SMUV_0000527301-mRNA-1	Pvan_XP_069991585.1	86.0	S	0.0
Tspi_XP_003368987.1	Pvan_XP_069991585.1	86.0	S	0.0
Mbel_CAJ0964053.1	Pvan_XP_069991585.1	86.0	S	0.0
Trimur_TMUE_3000012690	Pvan_XP_069991585.1	86.0	S	0.0
Ppat_XP_024376209.1	Pvan_XP_069991585.1	86.0	S	0.0
Cfra_CFRG8355T1	Pvan_XP_069991585.1	86.0	S	0.0
Asuu_AgB01_g822_t05	Pvan_XP_069991585.1	86.0	S	0.0
Tsui_KHJ45102.1	Pvan_XP_069991585.1	86.0	S	0.0
Plae_KAI0984297.1	Pvan_XP_069991585.1	86.0	S	0.0
Hpol_VDP19018.1	Pvan_XP_069991585.1	86.0	S	0.0
Ovol_OVOC3662	Pvan_XP_069991585.1	86.0	S	0.0
Cele_NP_505831.1	Pvan_XP_069991585.1	86.0	S	0.0
Mhap_MhA1_Contig1994.frz3.gene4	Pvan_XP_069991585.1	86.0	S	0.0
Mjap_MIJAPON000006756.t1	Pvan_XP_069991585.1	86.0	S	0.0
Plae_KAI0985441.1	Pvan_XP_069991585.1	86.0	S	0.0
Tspi_XP_003380167.1	Pvan_XP_069991585.1	86.0	S	0.0
Bxyl_CAG9128521.1	Pvan_XP_069991585.1	86.0	S	0.0
Wban_VDM22157.1	Pvan_XP_069991585.1	86.0	S	0.0
Asuu_AgB01_g822_t04	Pvan_XP_069991585.1	86.0	S	0.0
Ddip_jg26521	Pvan_XP_069991585.1	86.0	S	0.0
Gpal_Gpal_D383_g00500.t1	Pvan_XP_069991585.1	86.0	S	0.0
Rcul_nRc.2.0.1.t13431-RA	Pvan_XP_069991585.1	86.0	S	0.0
Hcon_XGW18520.1	Pvan_XP_069991585.1	86.0	S	0.0
Diplco_DCO_001492	Pvan_XP_069991585.1	86.0	S	0.0
Scar_TKR80642.1	Pvan_XP_069991585.1	86.0	S	0.0
Tnel_KRX20255.1	Pvan_XP_069991585.1	86.0	S	0.0
Angcan_KAE9418089.1	Pvan_XP_069991585.1	86.0	S	0.0
Diplco_DCO_001490	Pvan_XP_069991585.1	86.0	S	0.0
Ttri_CDW53161.1	Pvan_XP_069991585.1	86.0	S	0.0
Priarc_PARCANUS000014441.t1	Pvan_XP_069991585.1	86.0	S	0.0
Tnel_KRX20256.1	Pvan_XP_069991585.1	86.0	S	0.0
Tbri_KRY47478.1	Lpol_XP_022241370.1	86.0	S	0.0
Avit_KAL3989456.1	Lpol_XP_022241370.1	86.0	S	0.0
Asuu_AgB01_g822_t01	Lpol_XP_022241370.1	86.0	S	0.0
Ppat_XP_024376210.1	Lpol_XP_022241370.1	86.0	S	0.0
Lsig_VDK83118.1	Lpol_XP_022241370.1	86.0	S	0.0
Ddip_jg26533	Lpol_XP_022241370.1	86.0	S	0.0
Plae_KAI0984298.1	Lpol_XP_022241370.1	86.0	S	0.0
Trimur_TMUE_0000000640	Lpol_XP_022241370.1	86.0	S	0.0
Lloa_XP_003140884.1	Lpol_XP_022241370.1	86.0	S	0.0
Tnat_KRZ50470.1	Lpol_XP_022241370.1	86.0	S	0.0
Dimm_MCP9257372.1	Lpol_XP_022241370.1	86.0	S	0.0
Eela_EEL_0000590401-mRNA-1	Lpol_XP_022241370.1	86.0	S	0.0
Asuu_AgB01_g822_t03	Lpol_XP_022241370.1	86.0	S	0.0
Hcon_XGW18521.1	Lpol_XP_022241370.1	86.0	S	0.0
Acey_EYB86026.1	Lpol_XP_022241370.1	86.0	S	0.0
Otip_Oti_326_t	Lpol_XP_022241370.1	86.0	S	0.0
Srat_XP_024508351.1	Lpol_XP_022241370.1	86.0	S	0.0
Sarc_XP_014151949.1	Lpol_XP_022241370.1	86.0	S	0.0
Ever_VDD93866.1	Lpol_XP_022241370.1	86.0	S	0.0
Sbat_VDO98087.1	Lpol_XP_022241370.1	86.0	S	0.0
Asuu_AgB01_g822_t02	Lpol_XP_022241370.1	86.0	S	0.0
Bmal_XP_001897040.1	Lpol_XP_022241370.1	86.0	S	0.0
Sypmur_SMUV_0000527301-mRNA-1	Lpol_XP_022241370.1	86.0	S	0.0
Tspi_XP_003368987.1	Lpol_XP_022241370.1	86.0	S	0.0
Mbel_CAJ0964053.1	Lpol_XP_022241370.1	86.0	S	0.0
Trimur_TMUE_3000012690	Lpol_XP_022241370.1	86.0	S	0.0
Ppat_XP_024376209.1	Lpol_XP_022241370.1	86.0	S	0.0
Cfra_CFRG8355T1	Lpol_XP_022241370.1	86.0	S	0.0
Asuu_AgB01_g822_t05	Lpol_XP_022241370.1	86.0	S	0.0
Tsui_KHJ45102.1	Lpol_XP_022241370.1	86.0	S	0.0
Plae_KAI0984297.1	Lpol_XP_022241370.1	86.0	S	0.0
Hpol_VDP19018.1	Lpol_XP_022241370.1	86.0	S	0.0
Ovol_OVOC3662	Lpol_XP_022241370.1	86.0	S	0.0
Cele_NP_505831.1	Lpol_XP_022241370.1	86.0	S	0.0
Mhap_MhA1_Contig1994.frz3.gene4	Lpol_XP_022241370.1	86.0	S	0.0
Mjap_MIJAPON000006756.t1	Lpol_XP_022241370.1	86.0	S	0.0
Plae_KAI0985441.1	Lpol_XP_022241370.1	86.0	S	0.0
Tspi_XP_003380167.1	Lpol_XP_022241370.1	86.0	S	0.0
Bxyl_CAG9128521.1	Lpol_XP_022241370.1	86.0	S	0.0
Wban_VDM22157.1	Lpol_XP_022241370.1	86.0	S	0.0
Asuu_AgB01_g822_t04	Lpol_XP_022241370.1	86.0	S	0.0
Ddip_jg26521	Lpol_XP_022241370.1	86.0	S	0.0
Gpal_Gpal_D383_g00500.t1	Lpol_XP_022241370.1	86.0	S	0.0
Rcul_nRc.2.0.1.t13431-RA	Lpol_XP_022241370.1	86.0	S	0.0
Hcon_XGW18520.1	Lpol_XP_022241370.1	86.0	S	0.0
Diplco_DCO_001492	Lpol_XP_022241370.1	86.0	S	0.0
Scar_TKR80642.1	Lpol_XP_022241370.1	86.0	S	0.0
Tnel_KRX20255.1	Lpol_XP_022241370.1	86.0	S	0.0
Angcan_KAE9418089.1	Lpol_XP_022241370.1	86.0	S	0.0
Diplco_DCO_001490	Lpol_XP_022241370.1	86.0	S	0.0
Ttri_CDW53161.1	Lpol_XP_022241370.1	86.0	S	0.0
Priarc_PARCANUS000014441.t1	Lpol_XP_022241370.1	86.0	S	0.0
Tnel_KRX20256.1	Lpol_XP_022241370.1	86.0	S	0.0
Tbri_KRY47478.1	Apimel_XP_026296208.1	86.0	S	0.0
Avit_KAL3989456.1	Apimel_XP_026296208.1	86.0	S	0.0
Asuu_AgB01_g822_t01	Apimel_XP_026296208.1	86.0	S	0.0
Ppat_XP_024376210.1	Apimel_XP_026296208.1	86.0	S	0.0
Lsig_VDK83118.1	Apimel_XP_026296208.1	86.0	S	0.0
Ddip_jg26533	Apimel_XP_026296208.1	86.0	S	0.0
Plae_KAI0984298.1	Apimel_XP_026296208.1	86.0	S	0.0
Trimur_TMUE_0000000640	Apimel_XP_026296208.1	86.0	S	0.0
Lloa_XP_003140884.1	Apimel_XP_026296208.1	86.0	S	0.0
Tnat_KRZ50470.1	Apimel_XP_026296208.1	86.0	S	0.0
Dimm_MCP9257372.1	Apimel_XP_026296208.1	86.0	S	0.0
Eela_EEL_0000590401-mRNA-1	Apimel_XP_026296208.1	86.0	S	0.0
Asuu_AgB01_g822_t03	Apimel_XP_026296208.1	86.0	S	0.0
Hcon_XGW18521.1	Apimel_XP_026296208.1	86.0	S	0.0
Acey_EYB86026.1	Apimel_XP_026296208.1	86.0	S	0.0
Otip_Oti_326_t	Apimel_XP_026296208.1	86.0	S	0.0
Srat_XP_024508351.1	Apimel_XP_026296208.1	86.0	S	0.0
Sarc_XP_014151949.1	Apimel_XP_026296208.1	86.0	S	0.0
Ever_VDD93866.1	Apimel_XP_026296208.1	86.0	S	0.0
Sbat_VDO98087.1	Apimel_XP_026296208.1	86.0	S	0.0
Asuu_AgB01_g822_t02	Apimel_XP_026296208.1	86.0	S	0.0
Bmal_XP_001897040.1	Apimel_XP_026296208.1	86.0	S	0.0
Sypmur_SMUV_0000527301-mRNA-1	Apimel_XP_026296208.1	86.0	S	0.0
Tspi_XP_003368987.1	Apimel_XP_026296208.1	86.0	S	0.0
Mbel_CAJ0964053.1	Apimel_XP_026296208.1	86.0	S	0.0
Trimur_TMUE_3000012690	Apimel_XP_026296208.1	86.0	S	0.0
Ppat_XP_024376209.1	Apimel_XP_026296208.1	86.0	S	0.0
Cfra_CFRG8355T1	Apimel_XP_026296208.1	86.0	S	0.0
Asuu_AgB01_g822_t05	Apimel_XP_026296208.1	86.0	S	0.0
Tsui_KHJ45102.1	Apimel_XP_026296208.1	86.0	S	0.0
Plae_KAI0984297.1	Apimel_XP_026296208.1	86.0	S	0.0
Hpol_VDP19018.1	Apimel_XP_026296208.1	86.0	S	0.0
Ovol_OVOC3662	Apimel_XP_026296208.1	86.0	S	0.0
Cele_NP_505831.1	Apimel_XP_026296208.1	86.0	S	0.0
Mhap_MhA1_Contig1994.frz3.gene4	Apimel_XP_026296208.1	86.0	S	0.0
Mjap_MIJAPON000006756.t1	Apimel_XP_026296208.1	86.0	S	0.0
Plae_KAI0985441.1	Apimel_XP_026296208.1	86.0	S	0.0
Tspi_XP_003380167.1	Apimel_XP_026296208.1	86.0	S	0.0
Bxyl_CAG9128521.1	Apimel_XP_026296208.1	86.0	S	0.0
Wban_VDM22157.1	Apimel_XP_026296208.1	86.0	S	0.0
Asuu_AgB01_g822_t04	Apimel_XP_026296208.1	86.0	S	0.0
Ddip_jg26521	Apimel_XP_026296208.1	86.0	S	0.0
Gpal_Gpal_D383_g00500.t1	Apimel_XP_026296208.1	86.0	S	0.0
Rcul_nRc.2.0.1.t13431-RA	Apimel_XP_026296208.1	86.0	S	0.0
Hcon_XGW18520.1	Apimel_XP_026296208.1	86.0	S	0.0
Diplco_DCO_001492	Apimel_XP_026296208.1	86.0	S	0.0
Scar_TKR80642.1	Apimel_XP_026296208.1	86.0	S	0.0
Tnel_KRX20255.1	Apimel_XP_026296208.1	86.0	S	0.0
Angcan_KAE9418089.1	Apimel_XP_026296208.1	86.0	S	0.0
Diplco_DCO_001490	Apimel_XP_026296208.1	86.0	S	0.0
Ttri_CDW53161.1	Apimel_XP_026296208.1	86.0	S	0.0
Priarc_PARCANUS000014441.t1	Apimel_XP_026296208.1	86.0	S	0.0
Tnel_KRX20256.1	Apimel_XP_026296208.1	86.0	S	0.0
Tbri_KRY47478.1	Lcom_lcpid67550|	86.0	S	0.0
Avit_KAL3989456.1	Lcom_lcpid67550|	86.0	S	0.0
Asuu_AgB01_g822_t01	Lcom_lcpid67550|	86.0	S	0.0
Ppat_XP_024376210.1	Lcom_lcpid67550|	86.0	S	0.0
Lsig_VDK83118.1	Lcom_lcpid67550|	86.0	S	0.0
Ddip_jg26533	Lcom_lcpid67550|	86.0	S	0.0
Plae_KAI0984298.1	Lcom_lcpid67550|	86.0	S	0.0
Trimur_TMUE_0000000640	Lcom_lcpid67550|	86.0	S	0.0
Lloa_XP_003140884.1	Lcom_lcpid67550|	86.0	S	0.0
Tnat_KRZ50470.1	Lcom_lcpid67550|	86.0	S	0.0
Dimm_MCP9257372.1	Lcom_lcpid67550|	86.0	S	0.0
Eela_EEL_0000590401-mRNA-1	Lcom_lcpid67550|	86.0	S	0.0
Asuu_AgB01_g822_t03	Lcom_lcpid67550|	86.0	S	0.0
Hcon_XGW18521.1	Lcom_lcpid67550|	86.0	S	0.0
Acey_EYB86026.1	Lcom_lcpid67550|	86.0	S	0.0
Otip_Oti_326_t	Lcom_lcpid67550|	86.0	S	0.0
Srat_XP_024508351.1	Lcom_lcpid67550|	86.0	S	0.0
Sarc_XP_014151949.1	Lcom_lcpid67550|	86.0	S	0.0
Ever_VDD93866.1	Lcom_lcpid67550|	86.0	S	0.0
Sbat_VDO98087.1	Lcom_lcpid67550|	86.0	S	0.0
Asuu_AgB01_g822_t02	Lcom_lcpid67550|	86.0	S	0.0
Bmal_XP_001897040.1	Lcom_lcpid67550|	86.0	S	0.0
Sypmur_SMUV_0000527301-mRNA-1	Lcom_lcpid67550|	86.0	S	0.0
Tspi_XP_003368987.1	Lcom_lcpid67550|	86.0	S	0.0
Mbel_CAJ0964053.1	Lcom_lcpid67550|	86.0	S	0.0
Trimur_TMUE_3000012690	Lcom_lcpid67550|	86.0	S	0.0
Ppat_XP_024376209.1	Lcom_lcpid67550|	86.0	S	0.0
Cfra_CFRG8355T1	Lcom_lcpid67550|	86.0	S	0.0
Asuu_AgB01_g822_t05	Lcom_lcpid67550|	86.0	S	0.0
Tsui_KHJ45102.1	Lcom_lcpid67550|	86.0	S	0.0
Plae_KAI0984297.1	Lcom_lcpid67550|	86.0	S	0.0
Hpol_VDP19018.1	Lcom_lcpid67550|	86.0	S	0.0
Ovol_OVOC3662	Lcom_lcpid67550|	86.0	S	0.0
Cele_NP_505831.1	Lcom_lcpid67550|	86.0	S	0.0
Mhap_MhA1_Contig1994.frz3.gene4	Lcom_lcpid67550|	86.0	S	0.0
Mjap_MIJAPON000006756.t1	Lcom_lcpid67550|	86.0	S	0.0
Plae_KAI0985441.1	Lcom_lcpid67550|	86.0	S	0.0
Tspi_XP_003380167.1	Lcom_lcpid67550|	86.0	S	0.0
Bxyl_CAG9128521.1	Lcom_lcpid67550|	86.0	S	0.0
Wban_VDM22157.1	Lcom_lcpid67550|	86.0	S	0.0
Asuu_AgB01_g822_t04	Lcom_lcpid67550|	86.0	S	0.0
Ddip_jg26521	Lcom_lcpid67550|	86.0	S	0.0
Gpal_Gpal_D383_g00500.t1	Lcom_lcpid67550|	86.0	S	0.0
Rcul_nRc.2.0.1.t13431-RA	Lcom_lcpid67550|	86.0	S	0.0
Hcon_XGW18520.1	Lcom_lcpid67550|	86.0	S	0.0
Diplco_DCO_001492	Lcom_lcpid67550|	86.0	S	0.0
Scar_TKR80642.1	Lcom_lcpid67550|	86.0	S	0.0
Tnel_KRX20255.1	Lcom_lcpid67550|	86.0	S	0.0
Angcan_KAE9418089.1	Lcom_lcpid67550|	86.0	S	0.0
Diplco_DCO_001490	Lcom_lcpid67550|	86.0	S	0.0
Ttri_CDW53161.1	Lcom_lcpid67550|	86.0	S	0.0
Priarc_PARCANUS000014441.t1	Lcom_lcpid67550|	86.0	S	0.0
Tnel_KRX20256.1	Lcom_lcpid67550|	86.0	S	0.0
Tbri_KRY47478.1	Obim_XP_014780508.1	86.0	S	0.0
Avit_KAL3989456.1	Obim_XP_014780508.1	86.0	S	0.0
Asuu_AgB01_g822_t01	Obim_XP_014780508.1	86.0	S	0.0
Ppat_XP_024376210.1	Obim_XP_014780508.1	86.0	S	0.0
Lsig_VDK83118.1	Obim_XP_014780508.1	86.0	S	0.0
Ddip_jg26533	Obim_XP_014780508.1	86.0	S	0.0
Plae_KAI0984298.1	Obim_XP_014780508.1	86.0	S	0.0
Trimur_TMUE_0000000640	Obim_XP_014780508.1	86.0	S	0.0
Lloa_XP_003140884.1	Obim_XP_014780508.1	86.0	S	0.0
Tnat_KRZ50470.1	Obim_XP_014780508.1	86.0	S	0.0
Dimm_MCP9257372.1	Obim_XP_014780508.1	86.0	S	0.0
Eela_EEL_0000590401-mRNA-1	Obim_XP_014780508.1	86.0	S	0.0
Asuu_AgB01_g822_t03	Obim_XP_014780508.1	86.0	S	0.0
Hcon_XGW18521.1	Obim_XP_014780508.1	86.0	S	0.0
Acey_EYB86026.1	Obim_XP_014780508.1	86.0	S	0.0
Otip_Oti_326_t	Obim_XP_014780508.1	86.0	S	0.0
Srat_XP_024508351.1	Obim_XP_014780508.1	86.0	S	0.0
Sarc_XP_014151949.1	Obim_XP_014780508.1	86.0	S	0.0
Ever_VDD93866.1	Obim_XP_014780508.1	86.0	S	0.0
Sbat_VDO98087.1	Obim_XP_014780508.1	86.0	S	0.0
Asuu_AgB01_g822_t02	Obim_XP_014780508.1	86.0	S	0.0
Bmal_XP_001897040.1	Obim_XP_014780508.1	86.0	S	0.0
Sypmur_SMUV_0000527301-mRNA-1	Obim_XP_014780508.1	86.0	S	0.0
Tspi_XP_003368987.1	Obim_XP_014780508.1	86.0	S	0.0
Mbel_CAJ0964053.1	Obim_XP_014780508.1	86.0	S	0.0
Trimur_TMUE_3000012690	Obim_XP_014780508.1	86.0	S	0.0
Ppat_XP_024376209.1	Obim_XP_014780508.1	86.0	S	0.0
Cfra_CFRG8355T1	Obim_XP_014780508.1	86.0	S	0.0
Asuu_AgB01_g822_t05	Obim_XP_014780508.1	86.0	S	0.0
Tsui_KHJ45102.1	Obim_XP_014780508.1	86.0	S	0.0
Plae_KAI0984297.1	Obim_XP_014780508.1	86.0	S	0.0
Hpol_VDP19018.1	Obim_XP_014780508.1	86.0	S	0.0
Ovol_OVOC3662	Obim_XP_014780508.1	86.0	S	0.0
Cele_NP_505831.1	Obim_XP_014780508.1	86.0	S	0.0
Mhap_MhA1_Contig1994.frz3.gene4	Obim_XP_014780508.1	86.0	S	0.0
Mjap_MIJAPON000006756.t1	Obim_XP_014780508.1	86.0	S	0.0
Plae_KAI0985441.1	Obim_XP_014780508.1	86.0	S	0.0
Tspi_XP_003380167.1	Obim_XP_014780508.1	86.0	S	0.0
Bxyl_CAG9128521.1	Obim_XP_014780508.1	86.0	S	0.0
Wban_VDM22157.1	Obim_XP_014780508.1	86.0	S	0.0
Asuu_AgB01_g822_t04	Obim_XP_014780508.1	86.0	S	0.0
Ddip_jg26521	Obim_XP_014780508.1	86.0	S	0.0
Gpal_Gpal_D383_g00500.t1	Obim_XP_014780508.1	86.0	S	0.0
Rcul_nRc.2.0.1.t13431-RA	Obim_XP_014780508.1	86.0	S	0.0
Hcon_XGW18520.1	Obim_XP_014780508.1	86.0	S	0.0
Diplco_DCO_001492	Obim_XP_014780508.1	86.0	S	0.0
Scar_TKR80642.1	Obim_XP_014780508.1	86.0	S	0.0
Tnel_KRX20255.1	Obim_XP_014780508.1	86.0	S	0.0
Angcan_KAE9418089.1	Obim_XP_014780508.1	86.0	S	0.0
Diplco_DCO_001490	Obim_XP_014780508.1	86.0	S	0.0
Ttri_CDW53161.1	Obim_XP_014780508.1	86.0	S	0.0
Priarc_PARCANUS000014441.t1	Obim_XP_014780508.1	86.0	S	0.0
Tnel_KRX20256.1	Obim_XP_014780508.1	86.0	S	0.0
Tbri_KRY47478.1	Agrpla_XP_018331764.2	86.0	S	0.0
Avit_KAL3989456.1	Agrpla_XP_018331764.2	86.0	S	0.0
Asuu_AgB01_g822_t01	Agrpla_XP_018331764.2	86.0	S	0.0
Ppat_XP_024376210.1	Agrpla_XP_018331764.2	86.0	S	0.0
Lsig_VDK83118.1	Agrpla_XP_018331764.2	86.0	S	0.0
Ddip_jg26533	Agrpla_XP_018331764.2	86.0	S	0.0
Plae_KAI0984298.1	Agrpla_XP_018331764.2	86.0	S	0.0
Trimur_TMUE_0000000640	Agrpla_XP_018331764.2	86.0	S	0.0
Lloa_XP_003140884.1	Agrpla_XP_018331764.2	86.0	S	0.0
Tnat_KRZ50470.1	Agrpla_XP_018331764.2	86.0	S	0.0
Dimm_MCP9257372.1	Agrpla_XP_018331764.2	86.0	S	0.0
Eela_EEL_0000590401-mRNA-1	Agrpla_XP_018331764.2	86.0	S	0.0
Asuu_AgB01_g822_t03	Agrpla_XP_018331764.2	86.0	S	0.0
Hcon_XGW18521.1	Agrpla_XP_018331764.2	86.0	S	0.0
Acey_EYB86026.1	Agrpla_XP_018331764.2	86.0	S	0.0
Otip_Oti_326_t	Agrpla_XP_018331764.2	86.0	S	0.0
Srat_XP_024508351.1	Agrpla_XP_018331764.2	86.0	S	0.0
Sarc_XP_014151949.1	Agrpla_XP_018331764.2	86.0	S	0.0
Ever_VDD93866.1	Agrpla_XP_018331764.2	86.0	S	0.0
Sbat_VDO98087.1	Agrpla_XP_018331764.2	86.0	S	0.0
Asuu_AgB01_g822_t02	Agrpla_XP_018331764.2	86.0	S	0.0
Bmal_XP_001897040.1	Agrpla_XP_018331764.2	86.0	S	0.0
Sypmur_SMUV_0000527301-mRNA-1	Agrpla_XP_018331764.2	86.0	S	0.0
Tspi_XP_003368987.1	Agrpla_XP_018331764.2	86.0	S	0.0
Mbel_CAJ0964053.1	Agrpla_XP_018331764.2	86.0	S	0.0
Trimur_TMUE_3000012690	Agrpla_XP_018331764.2	86.0	S	0.0
Ppat_XP_024376209.1	Agrpla_XP_018331764.2	86.0	S	0.0
Cfra_CFRG8355T1	Agrpla_XP_018331764.2	86.0	S	0.0
Asuu_AgB01_g822_t05	Agrpla_XP_018331764.2	86.0	S	0.0
Tsui_KHJ45102.1	Agrpla_XP_018331764.2	86.0	S	0.0
Plae_KAI0984297.1	Agrpla_XP_018331764.2	86.0	S	0.0
Hpol_VDP19018.1	Agrpla_XP_018331764.2	86.0	S	0.0
Ovol_OVOC3662	Agrpla_XP_018331764.2	86.0	S	0.0
Cele_NP_505831.1	Agrpla_XP_018331764.2	86.0	S	0.0
Mhap_MhA1_Contig1994.frz3.gene4	Agrpla_XP_018331764.2	86.0	S	0.0
Mjap_MIJAPON000006756.t1	Agrpla_XP_018331764.2	86.0	S	0.0
Plae_KAI0985441.1	Agrpla_XP_018331764.2	86.0	S	0.0
Tspi_XP_003380167.1	Agrpla_XP_018331764.2	86.0	S	0.0
Bxyl_CAG9128521.1	Agrpla_XP_018331764.2	86.0	S	0.0
Wban_VDM22157.1	Agrpla_XP_018331764.2	86.0	S	0.0
Asuu_AgB01_g822_t04	Agrpla_XP_018331764.2	86.0	S	0.0
Ddip_jg26521	Agrpla_XP_018331764.2	86.0	S	0.0
Gpal_Gpal_D383_g00500.t1	Agrpla_XP_018331764.2	86.0	S	0.0
Rcul_nRc.2.0.1.t13431-RA	Agrpla_XP_018331764.2	86.0	S	0.0
Hcon_XGW18520.1	Agrpla_XP_018331764.2	86.0	S	0.0
Diplco_DCO_001492	Agrpla_XP_018331764.2	86.0	S	0.0
Scar_TKR80642.1	Agrpla_XP_018331764.2	86.0	S	0.0
Tnel_KRX20255.1	Agrpla_XP_018331764.2	86.0	S	0.0
Angcan_KAE9418089.1	Agrpla_XP_018331764.2	86.0	S	0.0
Diplco_DCO_001490	Agrpla_XP_018331764.2	86.0	S	0.0
Ttri_CDW53161.1	Agrpla_XP_018331764.2	86.0	S	0.0
Priarc_PARCANUS000014441.t1	Agrpla_XP_018331764.2	86.0	S	0.0
Tnel_KRX20256.1	Agrpla_XP_018331764.2	86.0	S	0.0
Tbri_KRY47478.1	Cscu_XP_023216044.1	86.0	S	0.0
Avit_KAL3989456.1	Cscu_XP_023216044.1	86.0	S	0.0
Asuu_AgB01_g822_t01	Cscu_XP_023216044.1	86.0	S	0.0
Ppat_XP_024376210.1	Cscu_XP_023216044.1	86.0	S	0.0
Lsig_VDK83118.1	Cscu_XP_023216044.1	86.0	S	0.0
Ddip_jg26533	Cscu_XP_023216044.1	86.0	S	0.0
Plae_KAI0984298.1	Cscu_XP_023216044.1	86.0	S	0.0
Trimur_TMUE_0000000640	Cscu_XP_023216044.1	86.0	S	0.0
Lloa_XP_003140884.1	Cscu_XP_023216044.1	86.0	S	0.0
Tnat_KRZ50470.1	Cscu_XP_023216044.1	86.0	S	0.0
Dimm_MCP9257372.1	Cscu_XP_023216044.1	86.0	S	0.0
Eela_EEL_0000590401-mRNA-1	Cscu_XP_023216044.1	86.0	S	0.0
Asuu_AgB01_g822_t03	Cscu_XP_023216044.1	86.0	S	0.0
Hcon_XGW18521.1	Cscu_XP_023216044.1	86.0	S	0.0
Acey_EYB86026.1	Cscu_XP_023216044.1	86.0	S	0.0
Otip_Oti_326_t	Cscu_XP_023216044.1	86.0	S	0.0
Srat_XP_024508351.1	Cscu_XP_023216044.1	86.0	S	0.0
Sarc_XP_014151949.1	Cscu_XP_023216044.1	86.0	S	0.0
Ever_VDD93866.1	Cscu_XP_023216044.1	86.0	S	0.0
Sbat_VDO98087.1	Cscu_XP_023216044.1	86.0	S	0.0
Asuu_AgB01_g822_t02	Cscu_XP_023216044.1	86.0	S	0.0
Bmal_XP_001897040.1	Cscu_XP_023216044.1	86.0	S	0.0
Sypmur_SMUV_0000527301-mRNA-1	Cscu_XP_023216044.1	86.0	S	0.0
Tspi_XP_003368987.1	Cscu_XP_023216044.1	86.0	S	0.0
Mbel_CAJ0964053.1	Cscu_XP_023216044.1	86.0	S	0.0
Trimur_TMUE_3000012690	Cscu_XP_023216044.1	86.0	S	0.0
Ppat_XP_024376209.1	Cscu_XP_023216044.1	86.0	S	0.0
Cfra_CFRG8355T1	Cscu_XP_023216044.1	86.0	S	0.0
Asuu_AgB01_g822_t05	Cscu_XP_023216044.1	86.0	S	0.0
Tsui_KHJ45102.1	Cscu_XP_023216044.1	86.0	S	0.0
Plae_KAI0984297.1	Cscu_XP_023216044.1	86.0	S	0.0
Hpol_VDP19018.1	Cscu_XP_023216044.1	86.0	S	0.0
Ovol_OVOC3662	Cscu_XP_023216044.1	86.0	S	0.0
Cele_NP_505831.1	Cscu_XP_023216044.1	86.0	S	0.0
Mhap_MhA1_Contig1994.frz3.gene4	Cscu_XP_023216044.1	86.0	S	0.0
Mjap_MIJAPON000006756.t1	Cscu_XP_023216044.1	86.0	S	0.0
Plae_KAI0985441.1	Cscu_XP_023216044.1	86.0	S	0.0
Tspi_XP_003380167.1	Cscu_XP_023216044.1	86.0	S	0.0
Bxyl_CAG9128521.1	Cscu_XP_023216044.1	86.0	S	0.0
Wban_VDM22157.1	Cscu_XP_023216044.1	86.0	S	0.0
Asuu_AgB01_g822_t04	Cscu_XP_023216044.1	86.0	S	0.0
Ddip_jg26521	Cscu_XP_023216044.1	86.0	S	0.0
Gpal_Gpal_D383_g00500.t1	Cscu_XP_023216044.1	86.0	S	0.0
Rcul_nRc.2.0.1.t13431-RA	Cscu_XP_023216044.1	86.0	S	0.0
Hcon_XGW18520.1	Cscu_XP_023216044.1	86.0	S	0.0
Diplco_DCO_001492	Cscu_XP_023216044.1	86.0	S	0.0
Scar_TKR80642.1	Cscu_XP_023216044.1	86.0	S	0.0
Tnel_KRX20255.1	Cscu_XP_023216044.1	86.0	S	0.0
Angcan_KAE9418089.1	Cscu_XP_023216044.1	86.0	S	0.0
Diplco_DCO_001490	Cscu_XP_023216044.1	86.0	S	0.0
Ttri_CDW53161.1	Cscu_XP_023216044.1	86.0	S	0.0
Priarc_PARCANUS000014441.t1	Cscu_XP_023216044.1	86.0	S	0.0
Tnel_KRX20256.1	Cscu_XP_023216044.1	86.0	S	0.0
Tbri_KRY47478.1	Lpol_XP_022241371.1	86.0	S	0.0
Avit_KAL3989456.1	Lpol_XP_022241371.1	86.0	S	0.0
Asuu_AgB01_g822_t01	Lpol_XP_022241371.1	86.0	S	0.0
Ppat_XP_024376210.1	Lpol_XP_022241371.1	86.0	S	0.0
Lsig_VDK83118.1	Lpol_XP_022241371.1	86.0	S	0.0
Ddip_jg26533	Lpol_XP_022241371.1	86.0	S	0.0
Plae_KAI0984298.1	Lpol_XP_022241371.1	86.0	S	0.0
Trimur_TMUE_0000000640	Lpol_XP_022241371.1	86.0	S	0.0
Lloa_XP_003140884.1	Lpol_XP_022241371.1	86.0	S	0.0
Tnat_KRZ50470.1	Lpol_XP_022241371.1	86.0	S	0.0
Dimm_MCP9257372.1	Lpol_XP_022241371.1	86.0	S	0.0
Eela_EEL_0000590401-mRNA-1	Lpol_XP_022241371.1	86.0	S	0.0
Asuu_AgB01_g822_t03	Lpol_XP_022241371.1	86.0	S	0.0
Hcon_XGW18521.1	Lpol_XP_022241371.1	86.0	S	0.0
Acey_EYB86026.1	Lpol_XP_022241371.1	86.0	S	0.0
Otip_Oti_326_t	Lpol_XP_022241371.1	86.0	S	0.0
Srat_XP_024508351.1	Lpol_XP_022241371.1	86.0	S	0.0
Sarc_XP_014151949.1	Lpol_XP_022241371.1	86.0	S	0.0
Ever_VDD93866.1	Lpol_XP_022241371.1	86.0	S	0.0
Sbat_VDO98087.1	Lpol_XP_022241371.1	86.0	S	0.0
Asuu_AgB01_g822_t02	Lpol_XP_022241371.1	86.0	S	0.0
Bmal_XP_001897040.1	Lpol_XP_022241371.1	86.0	S	0.0
Sypmur_SMUV_0000527301-mRNA-1	Lpol_XP_022241371.1	86.0	S	0.0
Tspi_XP_003368987.1	Lpol_XP_022241371.1	86.0	S	0.0
Mbel_CAJ0964053.1	Lpol_XP_022241371.1	86.0	S	0.0
Trimur_TMUE_3000012690	Lpol_XP_022241371.1	86.0	S	0.0
Ppat_XP_024376209.1	Lpol_XP_022241371.1	86.0	S	0.0
Cfra_CFRG8355T1	Lpol_XP_022241371.1	86.0	S	0.0
Asuu_AgB01_g822_t05	Lpol_XP_022241371.1	86.0	S	0.0
Tsui_KHJ45102.1	Lpol_XP_022241371.1	86.0	S	0.0
Plae_KAI0984297.1	Lpol_XP_022241371.1	86.0	S	0.0
Hpol_VDP19018.1	Lpol_XP_022241371.1	86.0	S	0.0
Ovol_OVOC3662	Lpol_XP_022241371.1	86.0	S	0.0
Cele_NP_505831.1	Lpol_XP_022241371.1	86.0	S	0.0
Mhap_MhA1_Contig1994.frz3.gene4	Lpol_XP_022241371.1	86.0	S	0.0
Mjap_MIJAPON000006756.t1	Lpol_XP_022241371.1	86.0	S	0.0
Plae_KAI0985441.1	Lpol_XP_022241371.1	86.0	S	0.0
Tspi_XP_003380167.1	Lpol_XP_022241371.1	86.0	S	0.0
Bxyl_CAG9128521.1	Lpol_XP_022241371.1	86.0	S	0.0
Wban_VDM22157.1	Lpol_XP_022241371.1	86.0	S	0.0
Asuu_AgB01_g822_t04	Lpol_XP_022241371.1	86.0	S	0.0
Ddip_jg26521	Lpol_XP_022241371.1	86.0	S	0.0
Gpal_Gpal_D383_g00500.t1	Lpol_XP_022241371.1	86.0	S	0.0
Rcul_nRc.2.0.1.t13431-RA	Lpol_XP_022241371.1	86.0	S	0.0
Hcon_XGW18520.1	Lpol_XP_022241371.1	86.0	S	0.0
Diplco_DCO_001492	Lpol_XP_022241371.1	86.0	S	0.0
Scar_TKR80642.1	Lpol_XP_022241371.1	86.0	S	0.0
Tnel_KRX20255.1	Lpol_XP_022241371.1	86.0	S	0.0
Angcan_KAE9418089.1	Lpol_XP_022241371.1	86.0	S	0.0
Diplco_DCO_001490	Lpol_XP_022241371.1	86.0	S	0.0
Ttri_CDW53161.1	Lpol_XP_022241371.1	86.0	S	0.0
Priarc_PARCANUS000014441.t1	Lpol_XP_022241371.1	86.0	S	0.0
Tnel_KRX20256.1	Lpol_XP_022241371.1	86.0	S	0.0
Tbri_KRY47478.1	Hrob_XP_009019477.1	86.0	S	0.0
Avit_KAL3989456.1	Hrob_XP_009019477.1	86.0	S	0.0
Asuu_AgB01_g822_t01	Hrob_XP_009019477.1	86.0	S	0.0
Ppat_XP_024376210.1	Hrob_XP_009019477.1	86.0	S	0.0
Lsig_VDK83118.1	Hrob_XP_009019477.1	86.0	S	0.0
Ddip_jg26533	Hrob_XP_009019477.1	86.0	S	0.0
Plae_KAI0984298.1	Hrob_XP_009019477.1	86.0	S	0.0
Trimur_TMUE_0000000640	Hrob_XP_009019477.1	86.0	S	0.0
Lloa_XP_003140884.1	Hrob_XP_009019477.1	86.0	S	0.0
Tnat_KRZ50470.1	Hrob_XP_009019477.1	86.0	S	0.0
Dimm_MCP9257372.1	Hrob_XP_009019477.1	86.0	S	0.0
Eela_EEL_0000590401-mRNA-1	Hrob_XP_009019477.1	86.0	S	0.0
Asuu_AgB01_g822_t03	Hrob_XP_009019477.1	86.0	S	0.0
Hcon_XGW18521.1	Hrob_XP_009019477.1	86.0	S	0.0
Acey_EYB86026.1	Hrob_XP_009019477.1	86.0	S	0.0
Otip_Oti_326_t	Hrob_XP_009019477.1	86.0	S	0.0
Srat_XP_024508351.1	Hrob_XP_009019477.1	86.0	S	0.0
Sarc_XP_014151949.1	Hrob_XP_009019477.1	86.0	S	0.0
Ever_VDD93866.1	Hrob_XP_009019477.1	86.0	S	0.0
Sbat_VDO98087.1	Hrob_XP_009019477.1	86.0	S	0.0
Asuu_AgB01_g822_t02	Hrob_XP_009019477.1	86.0	S	0.0
Bmal_XP_001897040.1	Hrob_XP_009019477.1	86.0	S	0.0
Sypmur_SMUV_0000527301-mRNA-1	Hrob_XP_009019477.1	86.0	S	0.0
Tspi_XP_003368987.1	Hrob_XP_009019477.1	86.0	S	0.0
Mbel_CAJ0964053.1	Hrob_XP_009019477.1	86.0	S	0.0
Trimur_TMUE_3000012690	Hrob_XP_009019477.1	86.0	S	0.0
Ppat_XP_024376209.1	Hrob_XP_009019477.1	86.0	S	0.0
Cfra_CFRG8355T1	Hrob_XP_009019477.1	86.0	S	0.0
Asuu_AgB01_g822_t05	Hrob_XP_009019477.1	86.0	S	0.0
Tsui_KHJ45102.1	Hrob_XP_009019477.1	86.0	S	0.0
Plae_KAI0984297.1	Hrob_XP_009019477.1	86.0	S	0.0
Hpol_VDP19018.1	Hrob_XP_009019477.1	86.0	S	0.0
Ovol_OVOC3662	Hrob_XP_009019477.1	86.0	S	0.0
Cele_NP_505831.1	Hrob_XP_009019477.1	86.0	S	0.0
Mhap_MhA1_Contig1994.frz3.gene4	Hrob_XP_009019477.1	86.0	S	0.0
Mjap_MIJAPON000006756.t1	Hrob_XP_009019477.1	86.0	S	0.0
Plae_KAI0985441.1	Hrob_XP_009019477.1	86.0	S	0.0
Tspi_XP_003380167.1	Hrob_XP_009019477.1	86.0	S	0.0
Bxyl_CAG9128521.1	Hrob_XP_009019477.1	86.0	S	0.0
Wban_VDM22157.1	Hrob_XP_009019477.1	86.0	S	0.0
Asuu_AgB01_g822_t04	Hrob_XP_009019477.1	86.0	S	0.0
Ddip_jg26521	Hrob_XP_009019477.1	86.0	S	0.0
Gpal_Gpal_D383_g00500.t1	Hrob_XP_009019477.1	86.0	S	0.0
Rcul_nRc.2.0.1.t13431-RA	Hrob_XP_009019477.1	86.0	S	0.0
Hcon_XGW18520.1	Hrob_XP_009019477.1	86.0	S	0.0
Diplco_DCO_001492	Hrob_XP_009019477.1	86.0	S	0.0
Scar_TKR80642.1	Hrob_XP_009019477.1	86.0	S	0.0
Tnel_KRX20255.1	Hrob_XP_009019477.1	86.0	S	0.0
Angcan_KAE9418089.1	Hrob_XP_009019477.1	86.0	S	0.0
Diplco_DCO_001490	Hrob_XP_009019477.1	86.0	S	0.0
Ttri_CDW53161.1	Hrob_XP_009019477.1	86.0	S	0.0
Priarc_PARCANUS000014441.t1	Hrob_XP_009019477.1	86.0	S	0.0
Tnel_KRX20256.1	Hrob_XP_009019477.1	86.0	S	0.0
Tbri_KRY47478.1	Hsap_XP_016879165.1	86.0	S	0.0
Avit_KAL3989456.1	Hsap_XP_016879165.1	86.0	S	0.0
Asuu_AgB01_g822_t01	Hsap_XP_016879165.1	86.0	S	0.0
Ppat_XP_024376210.1	Hsap_XP_016879165.1	86.0	S	0.0
Lsig_VDK83118.1	Hsap_XP_016879165.1	86.0	S	0.0
Ddip_jg26533	Hsap_XP_016879165.1	86.0	S	0.0
Plae_KAI0984298.1	Hsap_XP_016879165.1	86.0	S	0.0
Trimur_TMUE_0000000640	Hsap_XP_016879165.1	86.0	S	0.0
Lloa_XP_003140884.1	Hsap_XP_016879165.1	86.0	S	0.0
Tnat_KRZ50470.1	Hsap_XP_016879165.1	86.0	S	0.0
Dimm_MCP9257372.1	Hsap_XP_016879165.1	86.0	S	0.0
Eela_EEL_0000590401-mRNA-1	Hsap_XP_016879165.1	86.0	S	0.0
Asuu_AgB01_g822_t03	Hsap_XP_016879165.1	86.0	S	0.0
Hcon_XGW18521.1	Hsap_XP_016879165.1	86.0	S	0.0
Acey_EYB86026.1	Hsap_XP_016879165.1	86.0	S	0.0
Otip_Oti_326_t	Hsap_XP_016879165.1	86.0	S	0.0
Srat_XP_024508351.1	Hsap_XP_016879165.1	86.0	S	0.0
Sarc_XP_014151949.1	Hsap_XP_016879165.1	86.0	S	0.0
Ever_VDD93866.1	Hsap_XP_016879165.1	86.0	S	0.0
Sbat_VDO98087.1	Hsap_XP_016879165.1	86.0	S	0.0
Asuu_AgB01_g822_t02	Hsap_XP_016879165.1	86.0	S	0.0
Bmal_XP_001897040.1	Hsap_XP_016879165.1	86.0	S	0.0
Sypmur_SMUV_0000527301-mRNA-1	Hsap_XP_016879165.1	86.0	S	0.0
Tspi_XP_003368987.1	Hsap_XP_016879165.1	86.0	S	0.0
Mbel_CAJ0964053.1	Hsap_XP_016879165.1	86.0	S	0.0
Trimur_TMUE_3000012690	Hsap_XP_016879165.1	86.0	S	0.0
Ppat_XP_024376209.1	Hsap_XP_016879165.1	86.0	S	0.0
Cfra_CFRG8355T1	Hsap_XP_016879165.1	86.0	S	0.0
Asuu_AgB01_g822_t05	Hsap_XP_016879165.1	86.0	S	0.0
Tsui_KHJ45102.1	Hsap_XP_016879165.1	86.0	S	0.0
Plae_KAI0984297.1	Hsap_XP_016879165.1	86.0	S	0.0
Hpol_VDP19018.1	Hsap_XP_016879165.1	86.0	S	0.0
Ovol_OVOC3662	Hsap_XP_016879165.1	86.0	S	0.0
Cele_NP_505831.1	Hsap_XP_016879165.1	86.0	S	0.0
Mhap_MhA1_Contig1994.frz3.gene4	Hsap_XP_016879165.1	86.0	S	0.0
Mjap_MIJAPON000006756.t1	Hsap_XP_016879165.1	86.0	S	0.0
Plae_KAI0985441.1	Hsap_XP_016879165.1	86.0	S	0.0
Tspi_XP_003380167.1	Hsap_XP_016879165.1	86.0	S	0.0
Bxyl_CAG9128521.1	Hsap_XP_016879165.1	86.0	S	0.0
Wban_VDM22157.1	Hsap_XP_016879165.1	86.0	S	0.0
Asuu_AgB01_g822_t04	Hsap_XP_016879165.1	86.0	S	0.0
Ddip_jg26521	Hsap_XP_016879165.1	86.0	S	0.0
Gpal_Gpal_D383_g00500.t1	Hsap_XP_016879165.1	86.0	S	0.0
Rcul_nRc.2.0.1.t13431-RA	Hsap_XP_016879165.1	86.0	S	0.0
Hcon_XGW18520.1	Hsap_XP_016879165.1	86.0	S	0.0
Diplco_DCO_001492	Hsap_XP_016879165.1	86.0	S	0.0
Scar_TKR80642.1	Hsap_XP_016879165.1	86.0	S	0.0
Tnel_KRX20255.1	Hsap_XP_016879165.1	86.0	S	0.0
Angcan_KAE9418089.1	Hsap_XP_016879165.1	86.0	S	0.0
Diplco_DCO_001490	Hsap_XP_016879165.1	86.0	S	0.0
Ttri_CDW53161.1	Hsap_XP_016879165.1	86.0	S	0.0
Priarc_PARCANUS000014441.t1	Hsap_XP_016879165.1	86.0	S	0.0
Tnel_KRX20256.1	Hsap_XP_016879165.1	86.0	S	0.0
Tbri_KRY47478.1	Cper_Nk52_evm66s2367	86.0	S	0.0
Avit_KAL3989456.1	Cper_Nk52_evm66s2367	86.0	S	0.0
Asuu_AgB01_g822_t01	Cper_Nk52_evm66s2367	86.0	S	0.0
Ppat_XP_024376210.1	Cper_Nk52_evm66s2367	86.0	S	0.0
Lsig_VDK83118.1	Cper_Nk52_evm66s2367	86.0	S	0.0
Ddip_jg26533	Cper_Nk52_evm66s2367	86.0	S	0.0
Plae_KAI0984298.1	Cper_Nk52_evm66s2367	86.0	S	0.0
Trimur_TMUE_0000000640	Cper_Nk52_evm66s2367	86.0	S	0.0
Lloa_XP_003140884.1	Cper_Nk52_evm66s2367	86.0	S	0.0
Tnat_KRZ50470.1	Cper_Nk52_evm66s2367	86.0	S	0.0
Dimm_MCP9257372.1	Cper_Nk52_evm66s2367	86.0	S	0.0
Eela_EEL_0000590401-mRNA-1	Cper_Nk52_evm66s2367	86.0	S	0.0
Asuu_AgB01_g822_t03	Cper_Nk52_evm66s2367	86.0	S	0.0
Hcon_XGW18521.1	Cper_Nk52_evm66s2367	86.0	S	0.0
Acey_EYB86026.1	Cper_Nk52_evm66s2367	86.0	S	0.0
Otip_Oti_326_t	Cper_Nk52_evm66s2367	86.0	S	0.0
Srat_XP_024508351.1	Cper_Nk52_evm66s2367	86.0	S	0.0
Sarc_XP_014151949.1	Cper_Nk52_evm66s2367	86.0	S	0.0
Ever_VDD93866.1	Cper_Nk52_evm66s2367	86.0	S	0.0
Sbat_VDO98087.1	Cper_Nk52_evm66s2367	86.0	S	0.0
Asuu_AgB01_g822_t02	Cper_Nk52_evm66s2367	86.0	S	0.0
Bmal_XP_001897040.1	Cper_Nk52_evm66s2367	86.0	S	0.0
Sypmur_SMUV_0000527301-mRNA-1	Cper_Nk52_evm66s2367	86.0	S	0.0
Tspi_XP_003368987.1	Cper_Nk52_evm66s2367	86.0	S	0.0
Mbel_CAJ0964053.1	Cper_Nk52_evm66s2367	86.0	S	0.0
Trimur_TMUE_3000012690	Cper_Nk52_evm66s2367	86.0	S	0.0
Ppat_XP_024376209.1	Cper_Nk52_evm66s2367	86.0	S	0.0
Cfra_CFRG8355T1	Cper_Nk52_evm66s2367	86.0	S	0.0
Asuu_AgB01_g822_t05	Cper_Nk52_evm66s2367	86.0	S	0.0
Tsui_KHJ45102.1	Cper_Nk52_evm66s2367	86.0	S	0.0
Plae_KAI0984297.1	Cper_Nk52_evm66s2367	86.0	S	0.0
Hpol_VDP19018.1	Cper_Nk52_evm66s2367	86.0	S	0.0
Ovol_OVOC3662	Cper_Nk52_evm66s2367	86.0	S	0.0
Cele_NP_505831.1	Cper_Nk52_evm66s2367	86.0	S	0.0
Mhap_MhA1_Contig1994.frz3.gene4	Cper_Nk52_evm66s2367	86.0	S	0.0
Mjap_MIJAPON000006756.t1	Cper_Nk52_evm66s2367	86.0	S	0.0
Plae_KAI0985441.1	Cper_Nk52_evm66s2367	86.0	S	0.0
Tspi_XP_003380167.1	Cper_Nk52_evm66s2367	86.0	S	0.0
Bxyl_CAG9128521.1	Cper_Nk52_evm66s2367	86.0	S	0.0
Wban_VDM22157.1	Cper_Nk52_evm66s2367	86.0	S	0.0
Asuu_AgB01_g822_t04	Cper_Nk52_evm66s2367	86.0	S	0.0
Ddip_jg26521	Cper_Nk52_evm66s2367	86.0	S	0.0
Gpal_Gpal_D383_g00500.t1	Cper_Nk52_evm66s2367	86.0	S	0.0
Rcul_nRc.2.0.1.t13431-RA	Cper_Nk52_evm66s2367	86.0	S	0.0
Hcon_XGW18520.1	Cper_Nk52_evm66s2367	86.0	S	0.0
Diplco_DCO_001492	Cper_Nk52_evm66s2367	86.0	S	0.0
Scar_TKR80642.1	Cper_Nk52_evm66s2367	86.0	S	0.0
Tnel_KRX20255.1	Cper_Nk52_evm66s2367	86.0	S	0.0
Angcan_KAE9418089.1	Cper_Nk52_evm66s2367	86.0	S	0.0
Diplco_DCO_001490	Cper_Nk52_evm66s2367	86.0	S	0.0
Ttri_CDW53161.1	Cper_Nk52_evm66s2367	86.0	S	0.0
Priarc_PARCANUS000014441.t1	Cper_Nk52_evm66s2367	86.0	S	0.0
Tnel_KRX20256.1	Cper_Nk52_evm66s2367	86.0	S	0.0
Tbri_KRY47478.1	Emue_Em0011g644a	86.0	S	0.0
Avit_KAL3989456.1	Emue_Em0011g644a	86.0	S	0.0
Asuu_AgB01_g822_t01	Emue_Em0011g644a	86.0	S	0.0
Ppat_XP_024376210.1	Emue_Em0011g644a	86.0	S	0.0
Lsig_VDK83118.1	Emue_Em0011g644a	86.0	S	0.0
Ddip_jg26533	Emue_Em0011g644a	86.0	S	0.0
Plae_KAI0984298.1	Emue_Em0011g644a	86.0	S	0.0
Trimur_TMUE_0000000640	Emue_Em0011g644a	86.0	S	0.0
Lloa_XP_003140884.1	Emue_Em0011g644a	86.0	S	0.0
Tnat_KRZ50470.1	Emue_Em0011g644a	86.0	S	0.0
Dimm_MCP9257372.1	Emue_Em0011g644a	86.0	S	0.0
Eela_EEL_0000590401-mRNA-1	Emue_Em0011g644a	86.0	S	0.0
Asuu_AgB01_g822_t03	Emue_Em0011g644a	86.0	S	0.0
Hcon_XGW18521.1	Emue_Em0011g644a	86.0	S	0.0
Acey_EYB86026.1	Emue_Em0011g644a	86.0	S	0.0
Otip_Oti_326_t	Emue_Em0011g644a	86.0	S	0.0
Srat_XP_024508351.1	Emue_Em0011g644a	86.0	S	0.0
Sarc_XP_014151949.1	Emue_Em0011g644a	86.0	S	0.0
Ever_VDD93866.1	Emue_Em0011g644a	86.0	S	0.0
Sbat_VDO98087.1	Emue_Em0011g644a	86.0	S	0.0
Asuu_AgB01_g822_t02	Emue_Em0011g644a	86.0	S	0.0
Bmal_XP_001897040.1	Emue_Em0011g644a	86.0	S	0.0
Sypmur_SMUV_0000527301-mRNA-1	Emue_Em0011g644a	86.0	S	0.0
Tspi_XP_003368987.1	Emue_Em0011g644a	86.0	S	0.0
Mbel_CAJ0964053.1	Emue_Em0011g644a	86.0	S	0.0
Trimur_TMUE_3000012690	Emue_Em0011g644a	86.0	S	0.0
Ppat_XP_024376209.1	Emue_Em0011g644a	86.0	S	0.0
Cfra_CFRG8355T1	Emue_Em0011g644a	86.0	S	0.0
Asuu_AgB01_g822_t05	Emue_Em0011g644a	86.0	S	0.0
Tsui_KHJ45102.1	Emue_Em0011g644a	86.0	S	0.0
Plae_KAI0984297.1	Emue_Em0011g644a	86.0	S	0.0
Hpol_VDP19018.1	Emue_Em0011g644a	86.0	S	0.0
Ovol_OVOC3662	Emue_Em0011g644a	86.0	S	0.0
Cele_NP_505831.1	Emue_Em0011g644a	86.0	S	0.0
Mhap_MhA1_Contig1994.frz3.gene4	Emue_Em0011g644a	86.0	S	0.0
Mjap_MIJAPON000006756.t1	Emue_Em0011g644a	86.0	S	0.0
Plae_KAI0985441.1	Emue_Em0011g644a	86.0	S	0.0
Tspi_XP_003380167.1	Emue_Em0011g644a	86.0	S	0.0
Bxyl_CAG9128521.1	Emue_Em0011g644a	86.0	S	0.0
Wban_VDM22157.1	Emue_Em0011g644a	86.0	S	0.0
Asuu_AgB01_g822_t04	Emue_Em0011g644a	86.0	S	0.0
Ddip_jg26521	Emue_Em0011g644a	86.0	S	0.0
Gpal_Gpal_D383_g00500.t1	Emue_Em0011g644a	86.0	S	0.0
Rcul_nRc.2.0.1.t13431-RA	Emue_Em0011g644a	86.0	S	0.0
Hcon_XGW18520.1	Emue_Em0011g644a	86.0	S	0.0
Diplco_DCO_001492	Emue_Em0011g644a	86.0	S	0.0
Scar_TKR80642.1	Emue_Em0011g644a	86.0	S	0.0
Tnel_KRX20255.1	Emue_Em0011g644a	86.0	S	0.0
Angcan_KAE9418089.1	Emue_Em0011g644a	86.0	S	0.0
Diplco_DCO_001490	Emue_Em0011g644a	86.0	S	0.0
Ttri_CDW53161.1	Emue_Em0011g644a	86.0	S	0.0
Priarc_PARCANUS000014441.t1	Emue_Em0011g644a	86.0	S	0.0
Tnel_KRX20256.1	Emue_Em0011g644a	86.0	S	0.0
Tbri_KRY47478.1	Pvan_XP_069991586.1	86.0	S	0.0
Avit_KAL3989456.1	Pvan_XP_069991586.1	86.0	S	0.0
Asuu_AgB01_g822_t01	Pvan_XP_069991586.1	86.0	S	0.0
Ppat_XP_024376210.1	Pvan_XP_069991586.1	86.0	S	0.0
Lsig_VDK83118.1	Pvan_XP_069991586.1	86.0	S	0.0
Ddip_jg26533	Pvan_XP_069991586.1	86.0	S	0.0
Plae_KAI0984298.1	Pvan_XP_069991586.1	86.0	S	0.0
Trimur_TMUE_0000000640	Pvan_XP_069991586.1	86.0	S	0.0
Lloa_XP_003140884.1	Pvan_XP_069991586.1	86.0	S	0.0
Tnat_KRZ50470.1	Pvan_XP_069991586.1	86.0	S	0.0
Dimm_MCP9257372.1	Pvan_XP_069991586.1	86.0	S	0.0
Eela_EEL_0000590401-mRNA-1	Pvan_XP_069991586.1	86.0	S	0.0
Asuu_AgB01_g822_t03	Pvan_XP_069991586.1	86.0	S	0.0
Hcon_XGW18521.1	Pvan_XP_069991586.1	86.0	S	0.0
Acey_EYB86026.1	Pvan_XP_069991586.1	86.0	S	0.0
Otip_Oti_326_t	Pvan_XP_069991586.1	86.0	S	0.0
Srat_XP_024508351.1	Pvan_XP_069991586.1	86.0	S	0.0
Sarc_XP_014151949.1	Pvan_XP_069991586.1	86.0	S	0.0
Ever_VDD93866.1	Pvan_XP_069991586.1	86.0	S	0.0
Sbat_VDO98087.1	Pvan_XP_069991586.1	86.0	S	0.0
Asuu_AgB01_g822_t02	Pvan_XP_069991586.1	86.0	S	0.0
Bmal_XP_001897040.1	Pvan_XP_069991586.1	86.0	S	0.0
Sypmur_SMUV_0000527301-mRNA-1	Pvan_XP_069991586.1	86.0	S	0.0
Tspi_XP_003368987.1	Pvan_XP_069991586.1	86.0	S	0.0
Mbel_CAJ0964053.1	Pvan_XP_069991586.1	86.0	S	0.0
Trimur_TMUE_3000012690	Pvan_XP_069991586.1	86.0	S	0.0
Ppat_XP_024376209.1	Pvan_XP_069991586.1	86.0	S	0.0
Cfra_CFRG8355T1	Pvan_XP_069991586.1	86.0	S	0.0
Asuu_AgB01_g822_t05	Pvan_XP_069991586.1	86.0	S	0.0
Tsui_KHJ45102.1	Pvan_XP_069991586.1	86.0	S	0.0
Plae_KAI0984297.1	Pvan_XP_069991586.1	86.0	S	0.0
Hpol_VDP19018.1	Pvan_XP_069991586.1	86.0	S	0.0
Ovol_OVOC3662	Pvan_XP_069991586.1	86.0	S	0.0
Cele_NP_505831.1	Pvan_XP_069991586.1	86.0	S	0.0
Mhap_MhA1_Contig1994.frz3.gene4	Pvan_XP_069991586.1	86.0	S	0.0
Mjap_MIJAPON000006756.t1	Pvan_XP_069991586.1	86.0	S	0.0
Plae_KAI0985441.1	Pvan_XP_069991586.1	86.0	S	0.0
Tspi_XP_003380167.1	Pvan_XP_069991586.1	86.0	S	0.0
Bxyl_CAG9128521.1	Pvan_XP_069991586.1	86.0	S	0.0
Wban_VDM22157.1	Pvan_XP_069991586.1	86.0	S	0.0
Asuu_AgB01_g822_t04	Pvan_XP_069991586.1	86.0	S	0.0
Ddip_jg26521	Pvan_XP_069991586.1	86.0	S	0.0
Gpal_Gpal_D383_g00500.t1	Pvan_XP_069991586.1	86.0	S	0.0
Rcul_nRc.2.0.1.t13431-RA	Pvan_XP_069991586.1	86.0	S	0.0
Hcon_XGW18520.1	Pvan_XP_069991586.1	86.0	S	0.0
Diplco_DCO_001492	Pvan_XP_069991586.1	86.0	S	0.0
Scar_TKR80642.1	Pvan_XP_069991586.1	86.0	S	0.0
Tnel_KRX20255.1	Pvan_XP_069991586.1	86.0	S	0.0
Angcan_KAE9418089.1	Pvan_XP_069991586.1	86.0	S	0.0
Diplco_DCO_001490	Pvan_XP_069991586.1	86.0	S	0.0
Ttri_CDW53161.1	Pvan_XP_069991586.1	86.0	S	0.0
Priarc_PARCANUS000014441.t1	Pvan_XP_069991586.1	86.0	S	0.0
Tnel_KRX20256.1	Pvan_XP_069991586.1	86.0	S	0.0
Tbri_KRY47478.1	Pigvie_Pvie_g14601	86.0	S	0.0
Avit_KAL3989456.1	Pigvie_Pvie_g14601	86.0	S	0.0
Asuu_AgB01_g822_t01	Pigvie_Pvie_g14601	86.0	S	0.0
Ppat_XP_024376210.1	Pigvie_Pvie_g14601	86.0	S	0.0
Lsig_VDK83118.1	Pigvie_Pvie_g14601	86.0	S	0.0
Ddip_jg26533	Pigvie_Pvie_g14601	86.0	S	0.0
Plae_KAI0984298.1	Pigvie_Pvie_g14601	86.0	S	0.0
Trimur_TMUE_0000000640	Pigvie_Pvie_g14601	86.0	S	0.0
Lloa_XP_003140884.1	Pigvie_Pvie_g14601	86.0	S	0.0
Tnat_KRZ50470.1	Pigvie_Pvie_g14601	86.0	S	0.0
Dimm_MCP9257372.1	Pigvie_Pvie_g14601	86.0	S	0.0
Eela_EEL_0000590401-mRNA-1	Pigvie_Pvie_g14601	86.0	S	0.0
Asuu_AgB01_g822_t03	Pigvie_Pvie_g14601	86.0	S	0.0
Hcon_XGW18521.1	Pigvie_Pvie_g14601	86.0	S	0.0
Acey_EYB86026.1	Pigvie_Pvie_g14601	86.0	S	0.0
Otip_Oti_326_t	Pigvie_Pvie_g14601	86.0	S	0.0
Srat_XP_024508351.1	Pigvie_Pvie_g14601	86.0	S	0.0
Sarc_XP_014151949.1	Pigvie_Pvie_g14601	86.0	S	0.0
Ever_VDD93866.1	Pigvie_Pvie_g14601	86.0	S	0.0
Sbat_VDO98087.1	Pigvie_Pvie_g14601	86.0	S	0.0
Asuu_AgB01_g822_t02	Pigvie_Pvie_g14601	86.0	S	0.0
Bmal_XP_001897040.1	Pigvie_Pvie_g14601	86.0	S	0.0
Sypmur_SMUV_0000527301-mRNA-1	Pigvie_Pvie_g14601	86.0	S	0.0
Tspi_XP_003368987.1	Pigvie_Pvie_g14601	86.0	S	0.0
Mbel_CAJ0964053.1	Pigvie_Pvie_g14601	86.0	S	0.0
Trimur_TMUE_3000012690	Pigvie_Pvie_g14601	86.0	S	0.0
Ppat_XP_024376209.1	Pigvie_Pvie_g14601	86.0	S	0.0
Cfra_CFRG8355T1	Pigvie_Pvie_g14601	86.0	S	0.0
Asuu_AgB01_g822_t05	Pigvie_Pvie_g14601	86.0	S	0.0
Tsui_KHJ45102.1	Pigvie_Pvie_g14601	86.0	S	0.0
Plae_KAI0984297.1	Pigvie_Pvie_g14601	86.0	S	0.0
Hpol_VDP19018.1	Pigvie_Pvie_g14601	86.0	S	0.0
Ovol_OVOC3662	Pigvie_Pvie_g14601	86.0	S	0.0
Cele_NP_505831.1	Pigvie_Pvie_g14601	86.0	S	0.0
Mhap_MhA1_Contig1994.frz3.gene4	Pigvie_Pvie_g14601	86.0	S	0.0
Mjap_MIJAPON000006756.t1	Pigvie_Pvie_g14601	86.0	S	0.0
Plae_KAI0985441.1	Pigvie_Pvie_g14601	86.0	S	0.0
Tspi_XP_003380167.1	Pigvie_Pvie_g14601	86.0	S	0.0
Bxyl_CAG9128521.1	Pigvie_Pvie_g14601	86.0	S	0.0
Wban_VDM22157.1	Pigvie_Pvie_g14601	86.0	S	0.0
Asuu_AgB01_g822_t04	Pigvie_Pvie_g14601	86.0	S	0.0
Ddip_jg26521	Pigvie_Pvie_g14601	86.0	S	0.0
Gpal_Gpal_D383_g00500.t1	Pigvie_Pvie_g14601	86.0	S	0.0
Rcul_nRc.2.0.1.t13431-RA	Pigvie_Pvie_g14601	86.0	S	0.0
Hcon_XGW18520.1	Pigvie_Pvie_g14601	86.0	S	0.0
Diplco_DCO_001492	Pigvie_Pvie_g14601	86.0	S	0.0
Scar_TKR80642.1	Pigvie_Pvie_g14601	86.0	S	0.0
Tnel_KRX20255.1	Pigvie_Pvie_g14601	86.0	S	0.0
Angcan_KAE9418089.1	Pigvie_Pvie_g14601	86.0	S	0.0
Diplco_DCO_001490	Pigvie_Pvie_g14601	86.0	S	0.0
Ttri_CDW53161.1	Pigvie_Pvie_g14601	86.0	S	0.0
Priarc_PARCANUS000014441.t1	Pigvie_Pvie_g14601	86.0	S	0.0
Tnel_KRX20256.1	Pigvie_Pvie_g14601	86.0	S	0.0
Tbri_KRY47478.1	Twil_T_wilhelma_c33435_g2_i2|m.55195	86.0	S	0.0
Avit_KAL3989456.1	Twil_T_wilhelma_c33435_g2_i2|m.55195	86.0	S	0.0
Asuu_AgB01_g822_t01	Twil_T_wilhelma_c33435_g2_i2|m.55195	86.0	S	0.0
Ppat_XP_024376210.1	Twil_T_wilhelma_c33435_g2_i2|m.55195	86.0	S	0.0
Lsig_VDK83118.1	Twil_T_wilhelma_c33435_g2_i2|m.55195	86.0	S	0.0
Ddip_jg26533	Twil_T_wilhelma_c33435_g2_i2|m.55195	86.0	S	0.0
Plae_KAI0984298.1	Twil_T_wilhelma_c33435_g2_i2|m.55195	86.0	S	0.0
Trimur_TMUE_0000000640	Twil_T_wilhelma_c33435_g2_i2|m.55195	86.0	S	0.0
Lloa_XP_003140884.1	Twil_T_wilhelma_c33435_g2_i2|m.55195	86.0	S	0.0
Tnat_KRZ50470.1	Twil_T_wilhelma_c33435_g2_i2|m.55195	86.0	S	0.0
Dimm_MCP9257372.1	Twil_T_wilhelma_c33435_g2_i2|m.55195	86.0	S	0.0
Eela_EEL_0000590401-mRNA-1	Twil_T_wilhelma_c33435_g2_i2|m.55195	86.0	S	0.0
Asuu_AgB01_g822_t03	Twil_T_wilhelma_c33435_g2_i2|m.55195	86.0	S	0.0
Hcon_XGW18521.1	Twil_T_wilhelma_c33435_g2_i2|m.55195	86.0	S	0.0
Acey_EYB86026.1	Twil_T_wilhelma_c33435_g2_i2|m.55195	86.0	S	0.0
Otip_Oti_326_t	Twil_T_wilhelma_c33435_g2_i2|m.55195	86.0	S	0.0
Srat_XP_024508351.1	Twil_T_wilhelma_c33435_g2_i2|m.55195	86.0	S	0.0
Sarc_XP_014151949.1	Twil_T_wilhelma_c33435_g2_i2|m.55195	86.0	S	0.0
Ever_VDD93866.1	Twil_T_wilhelma_c33435_g2_i2|m.55195	86.0	S	0.0
Sbat_VDO98087.1	Twil_T_wilhelma_c33435_g2_i2|m.55195	86.0	S	0.0
Asuu_AgB01_g822_t02	Twil_T_wilhelma_c33435_g2_i2|m.55195	86.0	S	0.0
Bmal_XP_001897040.1	Twil_T_wilhelma_c33435_g2_i2|m.55195	86.0	S	0.0
Sypmur_SMUV_0000527301-mRNA-1	Twil_T_wilhelma_c33435_g2_i2|m.55195	86.0	S	0.0
Tspi_XP_003368987.1	Twil_T_wilhelma_c33435_g2_i2|m.55195	86.0	S	0.0
Mbel_CAJ0964053.1	Twil_T_wilhelma_c33435_g2_i2|m.55195	86.0	S	0.0
Trimur_TMUE_3000012690	Twil_T_wilhelma_c33435_g2_i2|m.55195	86.0	S	0.0
Ppat_XP_024376209.1	Twil_T_wilhelma_c33435_g2_i2|m.55195	86.0	S	0.0
Cfra_CFRG8355T1	Twil_T_wilhelma_c33435_g2_i2|m.55195	86.0	S	0.0
Asuu_AgB01_g822_t05	Twil_T_wilhelma_c33435_g2_i2|m.55195	86.0	S	0.0
Tsui_KHJ45102.1	Twil_T_wilhelma_c33435_g2_i2|m.55195	86.0	S	0.0
Plae_KAI0984297.1	Twil_T_wilhelma_c33435_g2_i2|m.55195	86.0	S	0.0
Hpol_VDP19018.1	Twil_T_wilhelma_c33435_g2_i2|m.55195	86.0	S	0.0
Ovol_OVOC3662	Twil_T_wilhelma_c33435_g2_i2|m.55195	86.0	S	0.0
Cele_NP_505831.1	Twil_T_wilhelma_c33435_g2_i2|m.55195	86.0	S	0.0
Mhap_MhA1_Contig1994.frz3.gene4	Twil_T_wilhelma_c33435_g2_i2|m.55195	86.0	S	0.0
Mjap_MIJAPON000006756.t1	Twil_T_wilhelma_c33435_g2_i2|m.55195	86.0	S	0.0
Plae_KAI0985441.1	Twil_T_wilhelma_c33435_g2_i2|m.55195	86.0	S	0.0
Tspi_XP_003380167.1	Twil_T_wilhelma_c33435_g2_i2|m.55195	86.0	S	0.0
Bxyl_CAG9128521.1	Twil_T_wilhelma_c33435_g2_i2|m.55195	86.0	S	0.0
Wban_VDM22157.1	Twil_T_wilhelma_c33435_g2_i2|m.55195	86.0	S	0.0
Asuu_AgB01_g822_t04	Twil_T_wilhelma_c33435_g2_i2|m.55195	86.0	S	0.0
Ddip_jg26521	Twil_T_wilhelma_c33435_g2_i2|m.55195	86.0	S	0.0
Gpal_Gpal_D383_g00500.t1	Twil_T_wilhelma_c33435_g2_i2|m.55195	86.0	S	0.0
Rcul_nRc.2.0.1.t13431-RA	Twil_T_wilhelma_c33435_g2_i2|m.55195	86.0	S	0.0
Hcon_XGW18520.1	Twil_T_wilhelma_c33435_g2_i2|m.55195	86.0	S	0.0
Diplco_DCO_001492	Twil_T_wilhelma_c33435_g2_i2|m.55195	86.0	S	0.0
Scar_TKR80642.1	Twil_T_wilhelma_c33435_g2_i2|m.55195	86.0	S	0.0
Tnel_KRX20255.1	Twil_T_wilhelma_c33435_g2_i2|m.55195	86.0	S	0.0
Angcan_KAE9418089.1	Twil_T_wilhelma_c33435_g2_i2|m.55195	86.0	S	0.0
Diplco_DCO_001490	Twil_T_wilhelma_c33435_g2_i2|m.55195	86.0	S	0.0
Ttri_CDW53161.1	Twil_T_wilhelma_c33435_g2_i2|m.55195	86.0	S	0.0
Priarc_PARCANUS000014441.t1	Twil_T_wilhelma_c33435_g2_i2|m.55195	86.0	S	0.0
Tnel_KRX20256.1	Twil_T_wilhelma_c33435_g2_i2|m.55195	86.0	S	0.0
Tbri_KRY47478.1	Aplcal_XP_005102629.2	86.0	S	0.0
Avit_KAL3989456.1	Aplcal_XP_005102629.2	86.0	S	0.0
Asuu_AgB01_g822_t01	Aplcal_XP_005102629.2	86.0	S	0.0
Ppat_XP_024376210.1	Aplcal_XP_005102629.2	86.0	S	0.0
Lsig_VDK83118.1	Aplcal_XP_005102629.2	86.0	S	0.0
Ddip_jg26533	Aplcal_XP_005102629.2	86.0	S	0.0
Plae_KAI0984298.1	Aplcal_XP_005102629.2	86.0	S	0.0
Trimur_TMUE_0000000640	Aplcal_XP_005102629.2	86.0	S	0.0
Lloa_XP_003140884.1	Aplcal_XP_005102629.2	86.0	S	0.0
Tnat_KRZ50470.1	Aplcal_XP_005102629.2	86.0	S	0.0
Dimm_MCP9257372.1	Aplcal_XP_005102629.2	86.0	S	0.0
Eela_EEL_0000590401-mRNA-1	Aplcal_XP_005102629.2	86.0	S	0.0
Asuu_AgB01_g822_t03	Aplcal_XP_005102629.2	86.0	S	0.0
Hcon_XGW18521.1	Aplcal_XP_005102629.2	86.0	S	0.0
Acey_EYB86026.1	Aplcal_XP_005102629.2	86.0	S	0.0
Otip_Oti_326_t	Aplcal_XP_005102629.2	86.0	S	0.0
Srat_XP_024508351.1	Aplcal_XP_005102629.2	86.0	S	0.0
Sarc_XP_014151949.1	Aplcal_XP_005102629.2	86.0	S	0.0
Ever_VDD93866.1	Aplcal_XP_005102629.2	86.0	S	0.0
Sbat_VDO98087.1	Aplcal_XP_005102629.2	86.0	S	0.0
Asuu_AgB01_g822_t02	Aplcal_XP_005102629.2	86.0	S	0.0
Bmal_XP_001897040.1	Aplcal_XP_005102629.2	86.0	S	0.0
Sypmur_SMUV_0000527301-mRNA-1	Aplcal_XP_005102629.2	86.0	S	0.0
Tspi_XP_003368987.1	Aplcal_XP_005102629.2	86.0	S	0.0
Mbel_CAJ0964053.1	Aplcal_XP_005102629.2	86.0	S	0.0
Trimur_TMUE_3000012690	Aplcal_XP_005102629.2	86.0	S	0.0
Ppat_XP_024376209.1	Aplcal_XP_005102629.2	86.0	S	0.0
Cfra_CFRG8355T1	Aplcal_XP_005102629.2	86.0	S	0.0
Asuu_AgB01_g822_t05	Aplcal_XP_005102629.2	86.0	S	0.0
Tsui_KHJ45102.1	Aplcal_XP_005102629.2	86.0	S	0.0
Plae_KAI0984297.1	Aplcal_XP_005102629.2	86.0	S	0.0
Hpol_VDP19018.1	Aplcal_XP_005102629.2	86.0	S	0.0
Ovol_OVOC3662	Aplcal_XP_005102629.2	86.0	S	0.0
Cele_NP_505831.1	Aplcal_XP_005102629.2	86.0	S	0.0
Mhap_MhA1_Contig1994.frz3.gene4	Aplcal_XP_005102629.2	86.0	S	0.0
Mjap_MIJAPON000006756.t1	Aplcal_XP_005102629.2	86.0	S	0.0
Plae_KAI0985441.1	Aplcal_XP_005102629.2	86.0	S	0.0
Tspi_XP_003380167.1	Aplcal_XP_005102629.2	86.0	S	0.0
Bxyl_CAG9128521.1	Aplcal_XP_005102629.2	86.0	S	0.0
Wban_VDM22157.1	Aplcal_XP_005102629.2	86.0	S	0.0
Asuu_AgB01_g822_t04	Aplcal_XP_005102629.2	86.0	S	0.0
Ddip_jg26521	Aplcal_XP_005102629.2	86.0	S	0.0
Gpal_Gpal_D383_g00500.t1	Aplcal_XP_005102629.2	86.0	S	0.0
Rcul_nRc.2.0.1.t13431-RA	Aplcal_XP_005102629.2	86.0	S	0.0
Hcon_XGW18520.1	Aplcal_XP_005102629.2	86.0	S	0.0
Diplco_DCO_001492	Aplcal_XP_005102629.2	86.0	S	0.0
Scar_TKR80642.1	Aplcal_XP_005102629.2	86.0	S	0.0
Tnel_KRX20255.1	Aplcal_XP_005102629.2	86.0	S	0.0
Angcan_KAE9418089.1	Aplcal_XP_005102629.2	86.0	S	0.0
Diplco_DCO_001490	Aplcal_XP_005102629.2	86.0	S	0.0
Ttri_CDW53161.1	Aplcal_XP_005102629.2	86.0	S	0.0
Priarc_PARCANUS000014441.t1	Aplcal_XP_005102629.2	86.0	S	0.0
Tnel_KRX20256.1	Aplcal_XP_005102629.2	86.0	S	0.0
Tbri_KRY47478.1	Scil_XP_065185214.1	86.0	S	0.0
Avit_KAL3989456.1	Scil_XP_065185214.1	86.0	S	0.0
Asuu_AgB01_g822_t01	Scil_XP_065185214.1	86.0	S	0.0
Ppat_XP_024376210.1	Scil_XP_065185214.1	86.0	S	0.0
Lsig_VDK83118.1	Scil_XP_065185214.1	86.0	S	0.0
Ddip_jg26533	Scil_XP_065185214.1	86.0	S	0.0
Plae_KAI0984298.1	Scil_XP_065185214.1	86.0	S	0.0
Trimur_TMUE_0000000640	Scil_XP_065185214.1	86.0	S	0.0
Lloa_XP_003140884.1	Scil_XP_065185214.1	86.0	S	0.0
Tnat_KRZ50470.1	Scil_XP_065185214.1	86.0	S	0.0
Dimm_MCP9257372.1	Scil_XP_065185214.1	86.0	S	0.0
Eela_EEL_0000590401-mRNA-1	Scil_XP_065185214.1	86.0	S	0.0
Asuu_AgB01_g822_t03	Scil_XP_065185214.1	86.0	S	0.0
Hcon_XGW18521.1	Scil_XP_065185214.1	86.0	S	0.0
Acey_EYB86026.1	Scil_XP_065185214.1	86.0	S	0.0
Otip_Oti_326_t	Scil_XP_065185214.1	86.0	S	0.0
Srat_XP_024508351.1	Scil_XP_065185214.1	86.0	S	0.0
Sarc_XP_014151949.1	Scil_XP_065185214.1	86.0	S	0.0
Ever_VDD93866.1	Scil_XP_065185214.1	86.0	S	0.0
Sbat_VDO98087.1	Scil_XP_065185214.1	86.0	S	0.0
Asuu_AgB01_g822_t02	Scil_XP_065185214.1	86.0	S	0.0
Bmal_XP_001897040.1	Scil_XP_065185214.1	86.0	S	0.0
Sypmur_SMUV_0000527301-mRNA-1	Scil_XP_065185214.1	86.0	S	0.0
Tspi_XP_003368987.1	Scil_XP_065185214.1	86.0	S	0.0
Mbel_CAJ0964053.1	Scil_XP_065185214.1	86.0	S	0.0
Trimur_TMUE_3000012690	Scil_XP_065185214.1	86.0	S	0.0
Ppat_XP_024376209.1	Scil_XP_065185214.1	86.0	S	0.0
Cfra_CFRG8355T1	Scil_XP_065185214.1	86.0	S	0.0
Asuu_AgB01_g822_t05	Scil_XP_065185214.1	86.0	S	0.0
Tsui_KHJ45102.1	Scil_XP_065185214.1	86.0	S	0.0
Plae_KAI0984297.1	Scil_XP_065185214.1	86.0	S	0.0
Hpol_VDP19018.1	Scil_XP_065185214.1	86.0	S	0.0
Ovol_OVOC3662	Scil_XP_065185214.1	86.0	S	0.0
Cele_NP_505831.1	Scil_XP_065185214.1	86.0	S	0.0
Mhap_MhA1_Contig1994.frz3.gene4	Scil_XP_065185214.1	86.0	S	0.0
Mjap_MIJAPON000006756.t1	Scil_XP_065185214.1	86.0	S	0.0
Plae_KAI0985441.1	Scil_XP_065185214.1	86.0	S	0.0
Tspi_XP_003380167.1	Scil_XP_065185214.1	86.0	S	0.0
Bxyl_CAG9128521.1	Scil_XP_065185214.1	86.0	S	0.0
Wban_VDM22157.1	Scil_XP_065185214.1	86.0	S	0.0
Asuu_AgB01_g822_t04	Scil_XP_065185214.1	86.0	S	0.0
Ddip_jg26521	Scil_XP_065185214.1	86.0	S	0.0
Gpal_Gpal_D383_g00500.t1	Scil_XP_065185214.1	86.0	S	0.0
Rcul_nRc.2.0.1.t13431-RA	Scil_XP_065185214.1	86.0	S	0.0
Hcon_XGW18520.1	Scil_XP_065185214.1	86.0	S	0.0
Diplco_DCO_001492	Scil_XP_065185214.1	86.0	S	0.0
Scar_TKR80642.1	Scil_XP_065185214.1	86.0	S	0.0
Tnel_KRX20255.1	Scil_XP_065185214.1	86.0	S	0.0
Angcan_KAE9418089.1	Scil_XP_065185214.1	86.0	S	0.0
Diplco_DCO_001490	Scil_XP_065185214.1	86.0	S	0.0
Ttri_CDW53161.1	Scil_XP_065185214.1	86.0	S	0.0
Priarc_PARCANUS000014441.t1	Scil_XP_065185214.1	86.0	S	0.0
Tnel_KRX20256.1	Scil_XP_065185214.1	86.0	S	0.0
Tbri_KRY47478.1	Apla_XP_022085203.1	86.0	S	0.0
Avit_KAL3989456.1	Apla_XP_022085203.1	86.0	S	0.0
Asuu_AgB01_g822_t01	Apla_XP_022085203.1	86.0	S	0.0
Ppat_XP_024376210.1	Apla_XP_022085203.1	86.0	S	0.0
Lsig_VDK83118.1	Apla_XP_022085203.1	86.0	S	0.0
Ddip_jg26533	Apla_XP_022085203.1	86.0	S	0.0
Plae_KAI0984298.1	Apla_XP_022085203.1	86.0	S	0.0
Trimur_TMUE_0000000640	Apla_XP_022085203.1	86.0	S	0.0
Lloa_XP_003140884.1	Apla_XP_022085203.1	86.0	S	0.0
Tnat_KRZ50470.1	Apla_XP_022085203.1	86.0	S	0.0
Dimm_MCP9257372.1	Apla_XP_022085203.1	86.0	S	0.0
Eela_EEL_0000590401-mRNA-1	Apla_XP_022085203.1	86.0	S	0.0
Asuu_AgB01_g822_t03	Apla_XP_022085203.1	86.0	S	0.0
Hcon_XGW18521.1	Apla_XP_022085203.1	86.0	S	0.0
Acey_EYB86026.1	Apla_XP_022085203.1	86.0	S	0.0
Otip_Oti_326_t	Apla_XP_022085203.1	86.0	S	0.0
Srat_XP_024508351.1	Apla_XP_022085203.1	86.0	S	0.0
Sarc_XP_014151949.1	Apla_XP_022085203.1	86.0	S	0.0
Ever_VDD93866.1	Apla_XP_022085203.1	86.0	S	0.0
Sbat_VDO98087.1	Apla_XP_022085203.1	86.0	S	0.0
Asuu_AgB01_g822_t02	Apla_XP_022085203.1	86.0	S	0.0
Bmal_XP_001897040.1	Apla_XP_022085203.1	86.0	S	0.0
Sypmur_SMUV_0000527301-mRNA-1	Apla_XP_022085203.1	86.0	S	0.0
Tspi_XP_003368987.1	Apla_XP_022085203.1	86.0	S	0.0
Mbel_CAJ0964053.1	Apla_XP_022085203.1	86.0	S	0.0
Trimur_TMUE_3000012690	Apla_XP_022085203.1	86.0	S	0.0
Ppat_XP_024376209.1	Apla_XP_022085203.1	86.0	S	0.0
Cfra_CFRG8355T1	Apla_XP_022085203.1	86.0	S	0.0
Asuu_AgB01_g822_t05	Apla_XP_022085203.1	86.0	S	0.0
Tsui_KHJ45102.1	Apla_XP_022085203.1	86.0	S	0.0
Plae_KAI0984297.1	Apla_XP_022085203.1	86.0	S	0.0
Hpol_VDP19018.1	Apla_XP_022085203.1	86.0	S	0.0
Ovol_OVOC3662	Apla_XP_022085203.1	86.0	S	0.0
Cele_NP_505831.1	Apla_XP_022085203.1	86.0	S	0.0
Mhap_MhA1_Contig1994.frz3.gene4	Apla_XP_022085203.1	86.0	S	0.0
Mjap_MIJAPON000006756.t1	Apla_XP_022085203.1	86.0	S	0.0
Plae_KAI0985441.1	Apla_XP_022085203.1	86.0	S	0.0
Tspi_XP_003380167.1	Apla_XP_022085203.1	86.0	S	0.0
Bxyl_CAG9128521.1	Apla_XP_022085203.1	86.0	S	0.0
Wban_VDM22157.1	Apla_XP_022085203.1	86.0	S	0.0
Asuu_AgB01_g822_t04	Apla_XP_022085203.1	86.0	S	0.0
Ddip_jg26521	Apla_XP_022085203.1	86.0	S	0.0
Gpal_Gpal_D383_g00500.t1	Apla_XP_022085203.1	86.0	S	0.0
Rcul_nRc.2.0.1.t13431-RA	Apla_XP_022085203.1	86.0	S	0.0
Hcon_XGW18520.1	Apla_XP_022085203.1	86.0	S	0.0
Diplco_DCO_001492	Apla_XP_022085203.1	86.0	S	0.0
Scar_TKR80642.1	Apla_XP_022085203.1	86.0	S	0.0
Tnel_KRX20255.1	Apla_XP_022085203.1	86.0	S	0.0
Angcan_KAE9418089.1	Apla_XP_022085203.1	86.0	S	0.0
Diplco_DCO_001490	Apla_XP_022085203.1	86.0	S	0.0
Ttri_CDW53161.1	Apla_XP_022085203.1	86.0	S	0.0
Priarc_PARCANUS000014441.t1	Apla_XP_022085203.1	86.0	S	0.0
Tnel_KRX20256.1	Apla_XP_022085203.1	86.0	S	0.0
Tbri_KRY47478.1	Cint_XP_026690226.1	86.0	S	0.0
Avit_KAL3989456.1	Cint_XP_026690226.1	86.0	S	0.0
Asuu_AgB01_g822_t01	Cint_XP_026690226.1	86.0	S	0.0
Ppat_XP_024376210.1	Cint_XP_026690226.1	86.0	S	0.0
Lsig_VDK83118.1	Cint_XP_026690226.1	86.0	S	0.0
Ddip_jg26533	Cint_XP_026690226.1	86.0	S	0.0
Plae_KAI0984298.1	Cint_XP_026690226.1	86.0	S	0.0
Trimur_TMUE_0000000640	Cint_XP_026690226.1	86.0	S	0.0
Lloa_XP_003140884.1	Cint_XP_026690226.1	86.0	S	0.0
Tnat_KRZ50470.1	Cint_XP_026690226.1	86.0	S	0.0
Dimm_MCP9257372.1	Cint_XP_026690226.1	86.0	S	0.0
Eela_EEL_0000590401-mRNA-1	Cint_XP_026690226.1	86.0	S	0.0
Asuu_AgB01_g822_t03	Cint_XP_026690226.1	86.0	S	0.0
Hcon_XGW18521.1	Cint_XP_026690226.1	86.0	S	0.0
Acey_EYB86026.1	Cint_XP_026690226.1	86.0	S	0.0
Otip_Oti_326_t	Cint_XP_026690226.1	86.0	S	0.0
Srat_XP_024508351.1	Cint_XP_026690226.1	86.0	S	0.0
Sarc_XP_014151949.1	Cint_XP_026690226.1	86.0	S	0.0
Ever_VDD93866.1	Cint_XP_026690226.1	86.0	S	0.0
Sbat_VDO98087.1	Cint_XP_026690226.1	86.0	S	0.0
Asuu_AgB01_g822_t02	Cint_XP_026690226.1	86.0	S	0.0
Bmal_XP_001897040.1	Cint_XP_026690226.1	86.0	S	0.0
Sypmur_SMUV_0000527301-mRNA-1	Cint_XP_026690226.1	86.0	S	0.0
Tspi_XP_003368987.1	Cint_XP_026690226.1	86.0	S	0.0
Mbel_CAJ0964053.1	Cint_XP_026690226.1	86.0	S	0.0
Trimur_TMUE_3000012690	Cint_XP_026690226.1	86.0	S	0.0
Ppat_XP_024376209.1	Cint_XP_026690226.1	86.0	S	0.0
Cfra_CFRG8355T1	Cint_XP_026690226.1	86.0	S	0.0
Asuu_AgB01_g822_t05	Cint_XP_026690226.1	86.0	S	0.0
Tsui_KHJ45102.1	Cint_XP_026690226.1	86.0	S	0.0
Plae_KAI0984297.1	Cint_XP_026690226.1	86.0	S	0.0
Hpol_VDP19018.1	Cint_XP_026690226.1	86.0	S	0.0
Ovol_OVOC3662	Cint_XP_026690226.1	86.0	S	0.0
Cele_NP_505831.1	Cint_XP_026690226.1	86.0	S	0.0
Mhap_MhA1_Contig1994.frz3.gene4	Cint_XP_026690226.1	86.0	S	0.0
Mjap_MIJAPON000006756.t1	Cint_XP_026690226.1	86.0	S	0.0
Plae_KAI0985441.1	Cint_XP_026690226.1	86.0	S	0.0
Tspi_XP_003380167.1	Cint_XP_026690226.1	86.0	S	0.0
Bxyl_CAG9128521.1	Cint_XP_026690226.1	86.0	S	0.0
Wban_VDM22157.1	Cint_XP_026690226.1	86.0	S	0.0
Asuu_AgB01_g822_t04	Cint_XP_026690226.1	86.0	S	0.0
Ddip_jg26521	Cint_XP_026690226.1	86.0	S	0.0
Gpal_Gpal_D383_g00500.t1	Cint_XP_026690226.1	86.0	S	0.0
Rcul_nRc.2.0.1.t13431-RA	Cint_XP_026690226.1	86.0	S	0.0
Hcon_XGW18520.1	Cint_XP_026690226.1	86.0	S	0.0
Diplco_DCO_001492	Cint_XP_026690226.1	86.0	S	0.0
Scar_TKR80642.1	Cint_XP_026690226.1	86.0	S	0.0
Tnel_KRX20255.1	Cint_XP_026690226.1	86.0	S	0.0
Angcan_KAE9418089.1	Cint_XP_026690226.1	86.0	S	0.0
Diplco_DCO_001490	Cint_XP_026690226.1	86.0	S	0.0
Ttri_CDW53161.1	Cint_XP_026690226.1	86.0	S	0.0
Priarc_PARCANUS000014441.t1	Cint_XP_026690226.1	86.0	S	0.0
Tnel_KRX20256.1	Cint_XP_026690226.1	86.0	S	0.0
Tbri_KRY47478.1	Pgem_Unigene20972_Pirum_gemmata|m.13675	86.0	S	0.0
Avit_KAL3989456.1	Pgem_Unigene20972_Pirum_gemmata|m.13675	86.0	S	0.0
Asuu_AgB01_g822_t01	Pgem_Unigene20972_Pirum_gemmata|m.13675	86.0	S	0.0
Ppat_XP_024376210.1	Pgem_Unigene20972_Pirum_gemmata|m.13675	86.0	S	0.0
Lsig_VDK83118.1	Pgem_Unigene20972_Pirum_gemmata|m.13675	86.0	S	0.0
Ddip_jg26533	Pgem_Unigene20972_Pirum_gemmata|m.13675	86.0	S	0.0
Plae_KAI0984298.1	Pgem_Unigene20972_Pirum_gemmata|m.13675	86.0	S	0.0
Trimur_TMUE_0000000640	Pgem_Unigene20972_Pirum_gemmata|m.13675	86.0	S	0.0
Lloa_XP_003140884.1	Pgem_Unigene20972_Pirum_gemmata|m.13675	86.0	S	0.0
Tnat_KRZ50470.1	Pgem_Unigene20972_Pirum_gemmata|m.13675	86.0	S	0.0
Dimm_MCP9257372.1	Pgem_Unigene20972_Pirum_gemmata|m.13675	86.0	S	0.0
Eela_EEL_0000590401-mRNA-1	Pgem_Unigene20972_Pirum_gemmata|m.13675	86.0	S	0.0
Asuu_AgB01_g822_t03	Pgem_Unigene20972_Pirum_gemmata|m.13675	86.0	S	0.0
Hcon_XGW18521.1	Pgem_Unigene20972_Pirum_gemmata|m.13675	86.0	S	0.0
Acey_EYB86026.1	Pgem_Unigene20972_Pirum_gemmata|m.13675	86.0	S	0.0
Otip_Oti_326_t	Pgem_Unigene20972_Pirum_gemmata|m.13675	86.0	S	0.0
Srat_XP_024508351.1	Pgem_Unigene20972_Pirum_gemmata|m.13675	86.0	S	0.0
Sarc_XP_014151949.1	Pgem_Unigene20972_Pirum_gemmata|m.13675	86.0	S	0.0
Ever_VDD93866.1	Pgem_Unigene20972_Pirum_gemmata|m.13675	86.0	S	0.0
Sbat_VDO98087.1	Pgem_Unigene20972_Pirum_gemmata|m.13675	86.0	S	0.0
Asuu_AgB01_g822_t02	Pgem_Unigene20972_Pirum_gemmata|m.13675	86.0	S	0.0
Bmal_XP_001897040.1	Pgem_Unigene20972_Pirum_gemmata|m.13675	86.0	S	0.0
Sypmur_SMUV_0000527301-mRNA-1	Pgem_Unigene20972_Pirum_gemmata|m.13675	86.0	S	0.0
Tspi_XP_003368987.1	Pgem_Unigene20972_Pirum_gemmata|m.13675	86.0	S	0.0
Mbel_CAJ0964053.1	Pgem_Unigene20972_Pirum_gemmata|m.13675	86.0	S	0.0
Trimur_TMUE_3000012690	Pgem_Unigene20972_Pirum_gemmata|m.13675	86.0	S	0.0
Ppat_XP_024376209.1	Pgem_Unigene20972_Pirum_gemmata|m.13675	86.0	S	0.0
Cfra_CFRG8355T1	Pgem_Unigene20972_Pirum_gemmata|m.13675	86.0	S	0.0
Asuu_AgB01_g822_t05	Pgem_Unigene20972_Pirum_gemmata|m.13675	86.0	S	0.0
Tsui_KHJ45102.1	Pgem_Unigene20972_Pirum_gemmata|m.13675	86.0	S	0.0
Plae_KAI0984297.1	Pgem_Unigene20972_Pirum_gemmata|m.13675	86.0	S	0.0
Hpol_VDP19018.1	Pgem_Unigene20972_Pirum_gemmata|m.13675	86.0	S	0.0
Ovol_OVOC3662	Pgem_Unigene20972_Pirum_gemmata|m.13675	86.0	S	0.0
Cele_NP_505831.1	Pgem_Unigene20972_Pirum_gemmata|m.13675	86.0	S	0.0
Mhap_MhA1_Contig1994.frz3.gene4	Pgem_Unigene20972_Pirum_gemmata|m.13675	86.0	S	0.0
Mjap_MIJAPON000006756.t1	Pgem_Unigene20972_Pirum_gemmata|m.13675	86.0	S	0.0
Plae_KAI0985441.1	Pgem_Unigene20972_Pirum_gemmata|m.13675	86.0	S	0.0
Tspi_XP_003380167.1	Pgem_Unigene20972_Pirum_gemmata|m.13675	86.0	S	0.0
Bxyl_CAG9128521.1	Pgem_Unigene20972_Pirum_gemmata|m.13675	86.0	S	0.0
Wban_VDM22157.1	Pgem_Unigene20972_Pirum_gemmata|m.13675	86.0	S	0.0
Asuu_AgB01_g822_t04	Pgem_Unigene20972_Pirum_gemmata|m.13675	86.0	S	0.0
Ddip_jg26521	Pgem_Unigene20972_Pirum_gemmata|m.13675	86.0	S	0.0
Gpal_Gpal_D383_g00500.t1	Pgem_Unigene20972_Pirum_gemmata|m.13675	86.0	S	0.0
Rcul_nRc.2.0.1.t13431-RA	Pgem_Unigene20972_Pirum_gemmata|m.13675	86.0	S	0.0
Hcon_XGW18520.1	Pgem_Unigene20972_Pirum_gemmata|m.13675	86.0	S	0.0
Diplco_DCO_001492	Pgem_Unigene20972_Pirum_gemmata|m.13675	86.0	S	0.0
Scar_TKR80642.1	Pgem_Unigene20972_Pirum_gemmata|m.13675	86.0	S	0.0
Tnel_KRX20255.1	Pgem_Unigene20972_Pirum_gemmata|m.13675	86.0	S	0.0
Angcan_KAE9418089.1	Pgem_Unigene20972_Pirum_gemmata|m.13675	86.0	S	0.0
Diplco_DCO_001490	Pgem_Unigene20972_Pirum_gemmata|m.13675	86.0	S	0.0
Ttri_CDW53161.1	Pgem_Unigene20972_Pirum_gemmata|m.13675	86.0	S	0.0
Priarc_PARCANUS000014441.t1	Pgem_Unigene20972_Pirum_gemmata|m.13675	86.0	S	0.0
Tnel_KRX20256.1	Pgem_Unigene20972_Pirum_gemmata|m.13675	86.0	S	0.0
Tbri_KRY47478.1	Hsap_XP_047290611.1	86.0	S	0.0
Avit_KAL3989456.1	Hsap_XP_047290611.1	86.0	S	0.0
Asuu_AgB01_g822_t01	Hsap_XP_047290611.1	86.0	S	0.0
Ppat_XP_024376210.1	Hsap_XP_047290611.1	86.0	S	0.0
Lsig_VDK83118.1	Hsap_XP_047290611.1	86.0	S	0.0
Ddip_jg26533	Hsap_XP_047290611.1	86.0	S	0.0
Plae_KAI0984298.1	Hsap_XP_047290611.1	86.0	S	0.0
Trimur_TMUE_0000000640	Hsap_XP_047290611.1	86.0	S	0.0
Lloa_XP_003140884.1	Hsap_XP_047290611.1	86.0	S	0.0
Tnat_KRZ50470.1	Hsap_XP_047290611.1	86.0	S	0.0
Dimm_MCP9257372.1	Hsap_XP_047290611.1	86.0	S	0.0
Eela_EEL_0000590401-mRNA-1	Hsap_XP_047290611.1	86.0	S	0.0
Asuu_AgB01_g822_t03	Hsap_XP_047290611.1	86.0	S	0.0
Hcon_XGW18521.1	Hsap_XP_047290611.1	86.0	S	0.0
Acey_EYB86026.1	Hsap_XP_047290611.1	86.0	S	0.0
Otip_Oti_326_t	Hsap_XP_047290611.1	86.0	S	0.0
Srat_XP_024508351.1	Hsap_XP_047290611.1	86.0	S	0.0
Sarc_XP_014151949.1	Hsap_XP_047290611.1	86.0	S	0.0
Ever_VDD93866.1	Hsap_XP_047290611.1	86.0	S	0.0
Sbat_VDO98087.1	Hsap_XP_047290611.1	86.0	S	0.0
Asuu_AgB01_g822_t02	Hsap_XP_047290611.1	86.0	S	0.0
Bmal_XP_001897040.1	Hsap_XP_047290611.1	86.0	S	0.0
Sypmur_SMUV_0000527301-mRNA-1	Hsap_XP_047290611.1	86.0	S	0.0
Tspi_XP_003368987.1	Hsap_XP_047290611.1	86.0	S	0.0
Mbel_CAJ0964053.1	Hsap_XP_047290611.1	86.0	S	0.0
Trimur_TMUE_3000012690	Hsap_XP_047290611.1	86.0	S	0.0
Ppat_XP_024376209.1	Hsap_XP_047290611.1	86.0	S	0.0
Cfra_CFRG8355T1	Hsap_XP_047290611.1	86.0	S	0.0
Asuu_AgB01_g822_t05	Hsap_XP_047290611.1	86.0	S	0.0
Tsui_KHJ45102.1	Hsap_XP_047290611.1	86.0	S	0.0
Plae_KAI0984297.1	Hsap_XP_047290611.1	86.0	S	0.0
Hpol_VDP19018.1	Hsap_XP_047290611.1	86.0	S	0.0
Ovol_OVOC3662	Hsap_XP_047290611.1	86.0	S	0.0
Cele_NP_505831.1	Hsap_XP_047290611.1	86.0	S	0.0
Mhap_MhA1_Contig1994.frz3.gene4	Hsap_XP_047290611.1	86.0	S	0.0
Mjap_MIJAPON000006756.t1	Hsap_XP_047290611.1	86.0	S	0.0
Plae_KAI0985441.1	Hsap_XP_047290611.1	86.0	S	0.0
Tspi_XP_003380167.1	Hsap_XP_047290611.1	86.0	S	0.0
Bxyl_CAG9128521.1	Hsap_XP_047290611.1	86.0	S	0.0
Wban_VDM22157.1	Hsap_XP_047290611.1	86.0	S	0.0
Asuu_AgB01_g822_t04	Hsap_XP_047290611.1	86.0	S	0.0
Ddip_jg26521	Hsap_XP_047290611.1	86.0	S	0.0
Gpal_Gpal_D383_g00500.t1	Hsap_XP_047290611.1	86.0	S	0.0
Rcul_nRc.2.0.1.t13431-RA	Hsap_XP_047290611.1	86.0	S	0.0
Hcon_XGW18520.1	Hsap_XP_047290611.1	86.0	S	0.0
Diplco_DCO_001492	Hsap_XP_047290611.1	86.0	S	0.0
Scar_TKR80642.1	Hsap_XP_047290611.1	86.0	S	0.0
Tnel_KRX20255.1	Hsap_XP_047290611.1	86.0	S	0.0
Angcan_KAE9418089.1	Hsap_XP_047290611.1	86.0	S	0.0
Diplco_DCO_001490	Hsap_XP_047290611.1	86.0	S	0.0
Ttri_CDW53161.1	Hsap_XP_047290611.1	86.0	S	0.0
Priarc_PARCANUS000014441.t1	Hsap_XP_047290611.1	86.0	S	0.0
Tnel_KRX20256.1	Hsap_XP_047290611.1	86.0	S	0.0
Tbri_KRY47478.1	Aque_XP_019853293.1	86.0	S	0.0
Avit_KAL3989456.1	Aque_XP_019853293.1	86.0	S	0.0
Asuu_AgB01_g822_t01	Aque_XP_019853293.1	86.0	S	0.0
Ppat_XP_024376210.1	Aque_XP_019853293.1	86.0	S	0.0
Lsig_VDK83118.1	Aque_XP_019853293.1	86.0	S	0.0
Ddip_jg26533	Aque_XP_019853293.1	86.0	S	0.0
Plae_KAI0984298.1	Aque_XP_019853293.1	86.0	S	0.0
Trimur_TMUE_0000000640	Aque_XP_019853293.1	86.0	S	0.0
Lloa_XP_003140884.1	Aque_XP_019853293.1	86.0	S	0.0
Tnat_KRZ50470.1	Aque_XP_019853293.1	86.0	S	0.0
Dimm_MCP9257372.1	Aque_XP_019853293.1	86.0	S	0.0
Eela_EEL_0000590401-mRNA-1	Aque_XP_019853293.1	86.0	S	0.0
Asuu_AgB01_g822_t03	Aque_XP_019853293.1	86.0	S	0.0
Hcon_XGW18521.1	Aque_XP_019853293.1	86.0	S	0.0
Acey_EYB86026.1	Aque_XP_019853293.1	86.0	S	0.0
Otip_Oti_326_t	Aque_XP_019853293.1	86.0	S	0.0
Srat_XP_024508351.1	Aque_XP_019853293.1	86.0	S	0.0
Sarc_XP_014151949.1	Aque_XP_019853293.1	86.0	S	0.0
Ever_VDD93866.1	Aque_XP_019853293.1	86.0	S	0.0
Sbat_VDO98087.1	Aque_XP_019853293.1	86.0	S	0.0
Asuu_AgB01_g822_t02	Aque_XP_019853293.1	86.0	S	0.0
Bmal_XP_001897040.1	Aque_XP_019853293.1	86.0	S	0.0
Sypmur_SMUV_0000527301-mRNA-1	Aque_XP_019853293.1	86.0	S	0.0
Tspi_XP_003368987.1	Aque_XP_019853293.1	86.0	S	0.0
Mbel_CAJ0964053.1	Aque_XP_019853293.1	86.0	S	0.0
Trimur_TMUE_3000012690	Aque_XP_019853293.1	86.0	S	0.0
Ppat_XP_024376209.1	Aque_XP_019853293.1	86.0	S	0.0
Cfra_CFRG8355T1	Aque_XP_019853293.1	86.0	S	0.0
Asuu_AgB01_g822_t05	Aque_XP_019853293.1	86.0	S	0.0
Tsui_KHJ45102.1	Aque_XP_019853293.1	86.0	S	0.0
Plae_KAI0984297.1	Aque_XP_019853293.1	86.0	S	0.0
Hpol_VDP19018.1	Aque_XP_019853293.1	86.0	S	0.0
Ovol_OVOC3662	Aque_XP_019853293.1	86.0	S	0.0
Cele_NP_505831.1	Aque_XP_019853293.1	86.0	S	0.0
Mhap_MhA1_Contig1994.frz3.gene4	Aque_XP_019853293.1	86.0	S	0.0
Mjap_MIJAPON000006756.t1	Aque_XP_019853293.1	86.0	S	0.0
Plae_KAI0985441.1	Aque_XP_019853293.1	86.0	S	0.0
Tspi_XP_003380167.1	Aque_XP_019853293.1	86.0	S	0.0
Bxyl_CAG9128521.1	Aque_XP_019853293.1	86.0	S	0.0
Wban_VDM22157.1	Aque_XP_019853293.1	86.0	S	0.0
Asuu_AgB01_g822_t04	Aque_XP_019853293.1	86.0	S	0.0
Ddip_jg26521	Aque_XP_019853293.1	86.0	S	0.0
Gpal_Gpal_D383_g00500.t1	Aque_XP_019853293.1	86.0	S	0.0
Rcul_nRc.2.0.1.t13431-RA	Aque_XP_019853293.1	86.0	S	0.0
Hcon_XGW18520.1	Aque_XP_019853293.1	86.0	S	0.0
Diplco_DCO_001492	Aque_XP_019853293.1	86.0	S	0.0
Scar_TKR80642.1	Aque_XP_019853293.1	86.0	S	0.0
Tnel_KRX20255.1	Aque_XP_019853293.1	86.0	S	0.0
Angcan_KAE9418089.1	Aque_XP_019853293.1	86.0	S	0.0
Diplco_DCO_001490	Aque_XP_019853293.1	86.0	S	0.0
Ttri_CDW53161.1	Aque_XP_019853293.1	86.0	S	0.0
Priarc_PARCANUS000014441.t1	Aque_XP_019853293.1	86.0	S	0.0
Tnel_KRX20256.1	Aque_XP_019853293.1	86.0	S	0.0
Ofus_CAH1798454.1	Spur_XP_030851366.1	87.0	S	0.0
Ofus_CAH1798454.1	Spur_XP_030851360.1	87.0	S	0.0
Ofus_CAH1798454.1	Tadh_XP_002116950.1	87.0	S	0.0
Ofus_CAH1798454.1	Apla_XP_022104467.1	87.0	S	0.0
Ofus_CAH1798454.1	Apla_XP_022104468.1	87.0	S	0.0
Mpol_BFI40533.1	Smoe_XP_024527656.1	98.0	S	0.0
Ppat_XP_024366925.1	Smoe_XP_024527656.1	98.0	S	0.0
Mpol_BFI40533.1	Smoe_XP_024527652.1	98.0	S	0.0
Ppat_XP_024366925.1	Smoe_XP_024527652.1	98.0	S	0.0
Mpol_BFI40533.1	Smoe_XP_024520821.1	98.0	S	0.0
Ppat_XP_024366925.1	Smoe_XP_024520821.1	98.0	S	0.0
Mpol_BFI40533.1	Smoe_XP_024520670.1	98.0	S	0.0
Ppat_XP_024366925.1	Smoe_XP_024520670.1	98.0	S	0.0
Mpol_BFI40533.1	Smoe_XP_024527657.1	98.0	S	0.0
Ppat_XP_024366925.1	Smoe_XP_024527657.1	98.0	S	0.0
Mpol_BFI40533.1	Smoe_XP_024532000.1	98.0	S	0.0
Ppat_XP_024366925.1	Smoe_XP_024532000.1	98.0	S	0.0
Mpol_BFI40533.1	Smoe_XP_024527933.1	98.0	S	0.0
Ppat_XP_024366925.1	Smoe_XP_024527933.1	98.0	S	0.0
Mpol_BFI40533.1	Smoe_XP_024527928.1	98.0	S	0.0
Ppat_XP_024366925.1	Smoe_XP_024527928.1	98.0	S	0.0
Mpol_BFI40533.1	Smoe_XP_024527654.1	98.0	S	0.0
Ppat_XP_024366925.1	Smoe_XP_024527654.1	98.0	S	0.0
Mpol_BFI40533.1	Smoe_XP_024520874.1	98.0	S	0.0
Ppat_XP_024366925.1	Smoe_XP_024520874.1	98.0	S	0.0
Mpol_BFI40533.1	Smoe_XP_024527658.1	98.0	S	0.0
Ppat_XP_024366925.1	Smoe_XP_024527658.1	98.0	S	0.0
Mpol_BFI40533.1	Smoe_XP_024527934.1	98.0	S	0.0
Ppat_XP_024366925.1	Smoe_XP_024527934.1	98.0	S	0.0
Mpol_BFI40533.1	Smoe_XP_024527935.1	98.0	S	0.0
Ppat_XP_024366925.1	Smoe_XP_024527935.1	98.0	S	0.0
Mpol_BFI40533.1	Smoe_XP_024527653.1	98.0	S	0.0
Ppat_XP_024366925.1	Smoe_XP_024527653.1	98.0	S	0.0
Mpol_BFI40533.1	Smoe_XP_024520770.1	98.0	S	0.0
Ppat_XP_024366925.1	Smoe_XP_024520770.1	98.0	S	0.0
Mpol_BFI40533.1	Smoe_XP_024527929.1	98.0	S	0.0
Ppat_XP_024366925.1	Smoe_XP_024527929.1	98.0	S	0.0
Mpol_BFI40533.1	Smoe_XP_024520721.1	98.0	S	0.0
Ppat_XP_024366925.1	Smoe_XP_024520721.1	98.0	S	0.0
Mpol_BFI40533.1	Smoe_XP_024527655.1	98.0	S	0.0
Ppat_XP_024366925.1	Smoe_XP_024527655.1	98.0	S	0.0
Mpol_BFI40533.1	Smoe_XP_024527931.1	98.0	S	0.0
Ppat_XP_024366925.1	Smoe_XP_024527931.1	98.0	S	0.0
Mpol_BFI40533.1	Smoe_XP_024527932.1	98.0	S	0.0
Ppat_XP_024366925.1	Smoe_XP_024527932.1	98.0	S	0.0
Mpol_BFI40533.1	Smoe_XP_024527930.1	98.0	S	0.0
Ppat_XP_024366925.1	Smoe_XP_024527930.1	98.0	S	0.0
Atri_XP_020520100.1	Lsat_XP_023734930.1	100.0	S	0.0
Atri_XP_020520101.1	Lsat_XP_023734930.1	100.0	S	0.0
Atri_XP_020520100.1	Qlob_XP_030973177.1	100.0	S	0.0
Atri_XP_020520101.1	Qlob_XP_030973177.1	100.0	S	0.0
Atri_XP_020520100.1	Ecur_TVU34924.1	100.0	S	0.0
Atri_XP_020520101.1	Ecur_TVU34924.1	100.0	S	0.0
Atri_XP_020520100.1	Bnap_XP_048608056.1	100.0	S	0.0
Atri_XP_020520101.1	Bnap_XP_048608056.1	100.0	S	0.0
Atri_XP_020520100.1	Tura_XP_048564742.1	100.0	S	0.0
Atri_XP_020520101.1	Tura_XP_048564742.1	100.0	S	0.0
Atri_XP_020520100.1	Osat_XP_015618184.1	100.0	S	0.0
Atri_XP_020520101.1	Osat_XP_015618184.1	100.0	S	0.0
Atri_XP_020520100.1	Mesc_XP_021612650.1	100.0	S	0.0
Atri_XP_020520101.1	Mesc_XP_021612650.1	100.0	S	0.0
Atri_XP_020520100.1	Sollyc_XP_025888583.1	100.0	S	0.0
Atri_XP_020520101.1	Sollyc_XP_025888583.1	100.0	S	0.0
Atri_XP_020520100.1	Cofcan_CDP03676.1	100.0	S	0.0
Atri_XP_020520101.1	Cofcan_CDP03676.1	100.0	S	0.0
Atri_XP_020520100.1	Bnap_XP_013682006.3	100.0	S	0.0
Atri_XP_020520101.1	Bnap_XP_013682006.3	100.0	S	0.0
Atri_XP_020520100.1	Osat_XP_015618176.1	100.0	S	0.0
Atri_XP_020520101.1	Osat_XP_015618176.1	100.0	S	0.0
Atri_XP_020520100.1	Psat_XP_050887295.1	100.0	S	0.0
Atri_XP_020520101.1	Psat_XP_050887295.1	100.0	S	0.0
Atri_XP_020520100.1	Sollyc_XP_004247201.1	100.0	S	0.0
Atri_XP_020520101.1	Sollyc_XP_004247201.1	100.0	S	0.0
Atri_XP_020520100.1	Qlob_XP_030947629.1	100.0	S	0.0
Atri_XP_020520101.1	Qlob_XP_030947629.1	100.0	S	0.0
Atri_XP_020520100.1	Bdis_XP_003569931.2	100.0	S	0.0
Atri_XP_020520101.1	Bdis_XP_003569931.2	100.0	S	0.0
Atri_XP_020520100.1	Qlob_XP_030947628.1	100.0	S	0.0
Atri_XP_020520101.1	Qlob_XP_030947628.1	100.0	S	0.0
Atri_XP_020520100.1	Rchi_XP_024164996.1	100.0	S	0.0
Atri_XP_020520101.1	Rchi_XP_024164996.1	100.0	S	0.0
Atri_XP_020520100.1	Atha_NP_001318604.1	100.0	S	0.0
Atri_XP_020520101.1	Atha_NP_001318604.1	100.0	S	0.0
Atri_XP_020520100.1	Atha_NP_001190341.1	100.0	S	0.0
Atri_XP_020520101.1	Atha_NP_001190341.1	100.0	S	0.0
Atri_XP_020520100.1	Bnap_XP_013730750.2	100.0	S	0.0
Atri_XP_020520101.1	Bnap_XP_013730750.2	100.0	S	0.0
Atri_XP_020520100.1	Mesc_XP_043812339.1	100.0	S	0.0
Atri_XP_020520101.1	Mesc_XP_043812339.1	100.0	S	0.0
Atri_XP_020520100.1	Bnap_XP_048608055.1	100.0	S	0.0
Atri_XP_020520101.1	Bnap_XP_048608055.1	100.0	S	0.0
Atri_XP_020520100.1	Osat_XP_015618169.1	100.0	S	0.0
Atri_XP_020520101.1	Osat_XP_015618169.1	100.0	S	0.0
Atri_XP_020520100.1	Osat_XP_025877206.1	100.0	S	0.0
Atri_XP_020520101.1	Osat_XP_025877206.1	100.0	S	0.0
Atri_XP_020520100.1	Ecur_TVU34937.1	100.0	S	0.0
Atri_XP_020520101.1	Ecur_TVU34937.1	100.0	S	0.0
Atri_XP_020520100.1	Bdis_XP_010232410.2	100.0	S	0.0
Atri_XP_020520101.1	Bdis_XP_010232410.2	100.0	S	0.0
Atri_XP_020520100.1	Rchi_XP_040364728.1	100.0	S	0.0
Atri_XP_020520101.1	Rchi_XP_040364728.1	100.0	S	0.0
Atri_XP_020520100.1	Mtru_XP_003590573.1	100.0	S	0.0
Atri_XP_020520101.1	Mtru_XP_003590573.1	100.0	S	0.0
Atri_XP_020520100.1	Zmay_NP_001360982.1	100.0	S	0.0
Atri_XP_020520101.1	Zmay_NP_001360982.1	100.0	S	0.0
Atri_XP_020520100.1	Lsat_XP_023734931.1	100.0	S	0.0
Atri_XP_020520101.1	Lsat_XP_023734931.1	100.0	S	0.0
Atri_XP_020520100.1	Bdis_XP_024313966.1	100.0	S	0.0
Atri_XP_020520101.1	Bdis_XP_024313966.1	100.0	S	0.0
Atri_XP_020520100.1	Cofcan_CDP19768.1	100.0	S	0.0
Atri_XP_020520101.1	Cofcan_CDP19768.1	100.0	S	0.0
Otau_XP_003074383.1	Ccri_XP_005713344.1	100.0	S	0.0
Sros_XP_004988256.1	Lcom_lcpid113704|	100.0	S	0.0
Mbre_XP_001743620.1	Lcom_lcpid113704|	100.0	S	0.0
Sros_XP_004988256.1	Pigchi_Pchi_g9534	100.0	S	0.0
Mbre_XP_001743620.1	Pigchi_Pchi_g9534	100.0	S	0.0
Sros_XP_004988256.1	Emue_Em0015g829a	100.0	S	0.0
Mbre_XP_001743620.1	Emue_Em0015g829a	100.0	S	0.0
Sros_XP_004988256.1	Twil_T_wilhelma_c32068_g3_i1|m.45570	100.0	S	0.0
Mbre_XP_001743620.1	Twil_T_wilhelma_c32068_g3_i1|m.45570	100.0	S	0.0
Sros_XP_004988256.1	Emue_Em0015g867a	100.0	S	0.0
Mbre_XP_001743620.1	Emue_Em0015g867a	100.0	S	0.0
Sros_XP_004988256.1	Scil_XP_065179869.1	100.0	S	0.0
Mbre_XP_001743620.1	Scil_XP_065179869.1	100.0	S	0.0
Sros_XP_004988256.1	Cowc_XP_004364766.2	100.0	S	0.0
Mbre_XP_001743620.1	Cowc_XP_004364766.2	100.0	S	0.0
Sros_XP_004988256.1	Pigvie_Pvie_g7752	100.0	S	0.0
Mbre_XP_001743620.1	Pigvie_Pvie_g7752	100.0	S	0.0
Sros_XP_004988256.1	Aque_XP_019855988.1	100.0	S	0.0
Mbre_XP_001743620.1	Aque_XP_019855988.1	100.0	S	0.0
Sros_XP_004991157.1	Mbre_XP_001743099.1	100.0	S	0.0
Awhi_Unigene40667_Abeoforma_whisleri|m.26009	Pgem_Unigene12170_Pirum_gemmata|m.7832	100.0	S	0.0
Sarc_XP_014159214.1	Cfra_CFRG3953T1	100.0	S	0.0
Smoe_XP_024531781.1	Osat_XP_015610619.1	99.0	S	0.0
Ppat_XP_024399957.1	Osat_XP_015610619.1	99.0	S	0.0
Smoe_XP_024539595.1	Osat_XP_015610619.1	99.0	S	0.0
Mpol_BFI24177.1	Osat_XP_015610619.1	99.0	S	0.0
Smoe_XP_024531781.1	Atri_XP_020526473.1	99.0	S	0.0
Ppat_XP_024399957.1	Atri_XP_020526473.1	99.0	S	0.0
Smoe_XP_024539595.1	Atri_XP_020526473.1	99.0	S	0.0
Mpol_BFI24177.1	Atri_XP_020526473.1	99.0	S	0.0
Smoe_XP_024531781.1	Zmay_XP_008665873.1	99.0	S	0.0
Ppat_XP_024399957.1	Zmay_XP_008665873.1	99.0	S	0.0
Smoe_XP_024539595.1	Zmay_XP_008665873.1	99.0	S	0.0
Mpol_BFI24177.1	Zmay_XP_008665873.1	99.0	S	0.0
Smoe_XP_024531781.1	Lsat_XP_023742173.1	99.0	S	0.0
Ppat_XP_024399957.1	Lsat_XP_023742173.1	99.0	S	0.0
Smoe_XP_024539595.1	Lsat_XP_023742173.1	99.0	S	0.0
Mpol_BFI24177.1	Lsat_XP_023742173.1	99.0	S	0.0
Smoe_XP_024531781.1	Tura_XP_048542530.1	99.0	S	0.0
Ppat_XP_024399957.1	Tura_XP_048542530.1	99.0	S	0.0
Smoe_XP_024539595.1	Tura_XP_048542530.1	99.0	S	0.0
Mpol_BFI24177.1	Tura_XP_048542530.1	99.0	S	0.0
Smoe_XP_024531781.1	Zmay_XP_023157516.1	99.0	S	0.0
Ppat_XP_024399957.1	Zmay_XP_023157516.1	99.0	S	0.0
Smoe_XP_024539595.1	Zmay_XP_023157516.1	99.0	S	0.0
Mpol_BFI24177.1	Zmay_XP_023157516.1	99.0	S	0.0
Smoe_XP_024531781.1	Zmay_XP_035823399.1	99.0	S	0.0
Ppat_XP_024399957.1	Zmay_XP_035823399.1	99.0	S	0.0
Smoe_XP_024539595.1	Zmay_XP_035823399.1	99.0	S	0.0
Mpol_BFI24177.1	Zmay_XP_035823399.1	99.0	S	0.0
Smoe_XP_024531781.1	Qlob_XP_030953153.1	99.0	S	0.0
Ppat_XP_024399957.1	Qlob_XP_030953153.1	99.0	S	0.0
Smoe_XP_024539595.1	Qlob_XP_030953153.1	99.0	S	0.0
Mpol_BFI24177.1	Qlob_XP_030953153.1	99.0	S	0.0
Smoe_XP_024531781.1	Ecur_TVU10016.1	99.0	S	0.0
Ppat_XP_024399957.1	Ecur_TVU10016.1	99.0	S	0.0
Smoe_XP_024539595.1	Ecur_TVU10016.1	99.0	S	0.0
Mpol_BFI24177.1	Ecur_TVU10016.1	99.0	S	0.0
Smoe_XP_024531781.1	Zmay_XP_008651381.1	99.0	S	0.0
Ppat_XP_024399957.1	Zmay_XP_008651381.1	99.0	S	0.0
Smoe_XP_024539595.1	Zmay_XP_008651381.1	99.0	S	0.0
Mpol_BFI24177.1	Zmay_XP_008651381.1	99.0	S	0.0
Smoe_XP_024531781.1	Sollyc_XP_069152187.1	99.0	S	0.0
Ppat_XP_024399957.1	Sollyc_XP_069152187.1	99.0	S	0.0
Smoe_XP_024539595.1	Sollyc_XP_069152187.1	99.0	S	0.0
Mpol_BFI24177.1	Sollyc_XP_069152187.1	99.0	S	0.0
Smoe_XP_024531781.1	Atha_NP_001327067.1	99.0	S	0.0
Ppat_XP_024399957.1	Atha_NP_001327067.1	99.0	S	0.0
Smoe_XP_024539595.1	Atha_NP_001327067.1	99.0	S	0.0
Mpol_BFI24177.1	Atha_NP_001327067.1	99.0	S	0.0
Smoe_XP_024531781.1	Atha_NP_001030733.1	99.0	S	0.0
Ppat_XP_024399957.1	Atha_NP_001030733.1	99.0	S	0.0
Smoe_XP_024539595.1	Atha_NP_001030733.1	99.0	S	0.0
Mpol_BFI24177.1	Atha_NP_001030733.1	99.0	S	0.0
Smoe_XP_024531781.1	Mesc_XP_043805952.1	99.0	S	0.0
Ppat_XP_024399957.1	Mesc_XP_043805952.1	99.0	S	0.0
Smoe_XP_024539595.1	Mesc_XP_043805952.1	99.0	S	0.0
Mpol_BFI24177.1	Mesc_XP_043805952.1	99.0	S	0.0
Smoe_XP_024531781.1	Zmay_NP_001140556.1	99.0	S	0.0
Ppat_XP_024399957.1	Zmay_NP_001140556.1	99.0	S	0.0
Smoe_XP_024539595.1	Zmay_NP_001140556.1	99.0	S	0.0
Mpol_BFI24177.1	Zmay_NP_001140556.1	99.0	S	0.0
Smoe_XP_024531781.1	Qlob_XP_030958993.1	99.0	S	0.0
Ppat_XP_024399957.1	Qlob_XP_030958993.1	99.0	S	0.0
Smoe_XP_024539595.1	Qlob_XP_030958993.1	99.0	S	0.0
Mpol_BFI24177.1	Qlob_XP_030958993.1	99.0	S	0.0
Smoe_XP_024531781.1	Rchi_XP_024159049.1	99.0	S	0.0
Ppat_XP_024399957.1	Rchi_XP_024159049.1	99.0	S	0.0
Smoe_XP_024539595.1	Rchi_XP_024159049.1	99.0	S	0.0
Mpol_BFI24177.1	Rchi_XP_024159049.1	99.0	S	0.0
Smoe_XP_024531781.1	Bdis_XP_014758878.1	99.0	S	0.0
Ppat_XP_024399957.1	Bdis_XP_014758878.1	99.0	S	0.0
Smoe_XP_024539595.1	Bdis_XP_014758878.1	99.0	S	0.0
Mpol_BFI24177.1	Bdis_XP_014758878.1	99.0	S	0.0
Smoe_XP_024531781.1	Zmay_XP_008665874.1	99.0	S	0.0
Ppat_XP_024399957.1	Zmay_XP_008665874.1	99.0	S	0.0
Smoe_XP_024539595.1	Zmay_XP_008665874.1	99.0	S	0.0
Mpol_BFI24177.1	Zmay_XP_008665874.1	99.0	S	0.0
Smoe_XP_024531781.1	Mesc_XP_043805953.1	99.0	S	0.0
Ppat_XP_024399957.1	Mesc_XP_043805953.1	99.0	S	0.0
Smoe_XP_024539595.1	Mesc_XP_043805953.1	99.0	S	0.0
Mpol_BFI24177.1	Mesc_XP_043805953.1	99.0	S	0.0
Smoe_XP_024531781.1	Atha_NP_566667.1	99.0	S	0.0
Ppat_XP_024399957.1	Atha_NP_566667.1	99.0	S	0.0
Smoe_XP_024539595.1	Atha_NP_566667.1	99.0	S	0.0
Mpol_BFI24177.1	Atha_NP_566667.1	99.0	S	0.0
Smoe_XP_024531781.1	Bnap_XP_013697929.1	99.0	S	0.0
Ppat_XP_024399957.1	Bnap_XP_013697929.1	99.0	S	0.0
Smoe_XP_024539595.1	Bnap_XP_013697929.1	99.0	S	0.0
Mpol_BFI24177.1	Bnap_XP_013697929.1	99.0	S	0.0
Smoe_XP_024531781.1	Bnap_XP_048630333.1	99.0	S	0.0
Ppat_XP_024399957.1	Bnap_XP_048630333.1	99.0	S	0.0
Smoe_XP_024539595.1	Bnap_XP_048630333.1	99.0	S	0.0
Mpol_BFI24177.1	Bnap_XP_048630333.1	99.0	S	0.0
Smoe_XP_024531781.1	Atha_NP_850617.1	99.0	S	0.0
Ppat_XP_024399957.1	Atha_NP_850617.1	99.0	S	0.0
Smoe_XP_024539595.1	Atha_NP_850617.1	99.0	S	0.0
Mpol_BFI24177.1	Atha_NP_850617.1	99.0	S	0.0
Smoe_XP_024531781.1	Rchi_XP_040375663.1	99.0	S	0.0
Ppat_XP_024399957.1	Rchi_XP_040375663.1	99.0	S	0.0
Smoe_XP_024539595.1	Rchi_XP_040375663.1	99.0	S	0.0
Mpol_BFI24177.1	Rchi_XP_040375663.1	99.0	S	0.0
Smoe_XP_024531781.1	Atha_NP_001327066.1	99.0	S	0.0
Ppat_XP_024399957.1	Atha_NP_001327066.1	99.0	S	0.0
Smoe_XP_024539595.1	Atha_NP_001327066.1	99.0	S	0.0
Mpol_BFI24177.1	Atha_NP_001327066.1	99.0	S	0.0
Smoe_XP_024531781.1	Ecur_TVU05222.1	99.0	S	0.0
Ppat_XP_024399957.1	Ecur_TVU05222.1	99.0	S	0.0
Smoe_XP_024539595.1	Ecur_TVU05222.1	99.0	S	0.0
Mpol_BFI24177.1	Ecur_TVU05222.1	99.0	S	0.0
Smoe_XP_024531781.1	Zmay_XP_035823398.1	99.0	S	0.0
Ppat_XP_024399957.1	Zmay_XP_035823398.1	99.0	S	0.0
Smoe_XP_024539595.1	Zmay_XP_035823398.1	99.0	S	0.0
Mpol_BFI24177.1	Zmay_XP_035823398.1	99.0	S	0.0
Smoe_XP_024531781.1	Ecur_TVU01081.1	99.0	S	0.0
Ppat_XP_024399957.1	Ecur_TVU01081.1	99.0	S	0.0
Smoe_XP_024539595.1	Ecur_TVU01081.1	99.0	S	0.0
Mpol_BFI24177.1	Ecur_TVU01081.1	99.0	S	0.0
Smoe_XP_024531781.1	Rchi_XP_024159048.1	99.0	S	0.0
Ppat_XP_024399957.1	Rchi_XP_024159048.1	99.0	S	0.0
Smoe_XP_024539595.1	Rchi_XP_024159048.1	99.0	S	0.0
Mpol_BFI24177.1	Rchi_XP_024159048.1	99.0	S	0.0
Smoe_XP_024531781.1	Tura_XP_048530839.1	99.0	S	0.0
Ppat_XP_024399957.1	Tura_XP_048530839.1	99.0	S	0.0
Smoe_XP_024539595.1	Tura_XP_048530839.1	99.0	S	0.0
Mpol_BFI24177.1	Tura_XP_048530839.1	99.0	S	0.0
Smoe_XP_024531781.1	Osat_XP_015648710.1	99.0	S	0.0
Ppat_XP_024399957.1	Osat_XP_015648710.1	99.0	S	0.0
Smoe_XP_024539595.1	Osat_XP_015648710.1	99.0	S	0.0
Mpol_BFI24177.1	Osat_XP_015648710.1	99.0	S	0.0
Smoe_XP_024531781.1	Sollyc_NP_001306150.1	99.0	S	0.0
Ppat_XP_024399957.1	Sollyc_NP_001306150.1	99.0	S	0.0
Smoe_XP_024539595.1	Sollyc_NP_001306150.1	99.0	S	0.0
Mpol_BFI24177.1	Sollyc_NP_001306150.1	99.0	S	0.0
Smoe_XP_024531781.1	Mesc_XP_043813758.1	99.0	S	0.0
Ppat_XP_024399957.1	Mesc_XP_043813758.1	99.0	S	0.0
Smoe_XP_024539595.1	Mesc_XP_043813758.1	99.0	S	0.0
Mpol_BFI24177.1	Mesc_XP_043813758.1	99.0	S	0.0
Smoe_XP_024531781.1	Zmay_XP_008667465.1	99.0	S	0.0
Ppat_XP_024399957.1	Zmay_XP_008667465.1	99.0	S	0.0
Smoe_XP_024539595.1	Zmay_XP_008667465.1	99.0	S	0.0
Mpol_BFI24177.1	Zmay_XP_008667465.1	99.0	S	0.0
Smoe_XP_024531781.1	Rchi_XP_040375662.1	99.0	S	0.0
Ppat_XP_024399957.1	Rchi_XP_040375662.1	99.0	S	0.0
Smoe_XP_024539595.1	Rchi_XP_040375662.1	99.0	S	0.0
Mpol_BFI24177.1	Rchi_XP_040375662.1	99.0	S	0.0
Smoe_XP_024531781.1	Bnap_XP_013697930.1	99.0	S	0.0
Ppat_XP_024399957.1	Bnap_XP_013697930.1	99.0	S	0.0
Smoe_XP_024539595.1	Bnap_XP_013697930.1	99.0	S	0.0
Mpol_BFI24177.1	Bnap_XP_013697930.1	99.0	S	0.0
Smoe_XP_024531781.1	Bnap_XP_048630334.1	99.0	S	0.0
Ppat_XP_024399957.1	Bnap_XP_048630334.1	99.0	S	0.0
Smoe_XP_024539595.1	Bnap_XP_048630334.1	99.0	S	0.0
Mpol_BFI24177.1	Bnap_XP_048630334.1	99.0	S	0.0
Smoe_XP_024531781.1	Mesc_XP_021616706.1	99.0	S	0.0
Ppat_XP_024399957.1	Mesc_XP_021616706.1	99.0	S	0.0
Smoe_XP_024539595.1	Mesc_XP_021616706.1	99.0	S	0.0
Mpol_BFI24177.1	Mesc_XP_021616706.1	99.0	S	0.0
Smoe_XP_024531781.1	Qlob_XP_030958989.1	99.0	S	0.0
Ppat_XP_024399957.1	Qlob_XP_030958989.1	99.0	S	0.0
Smoe_XP_024539595.1	Qlob_XP_030958989.1	99.0	S	0.0
Mpol_BFI24177.1	Qlob_XP_030958989.1	99.0	S	0.0
Smoe_XP_024531781.1	Psat_XP_050893429.1	99.0	S	0.0
Ppat_XP_024399957.1	Psat_XP_050893429.1	99.0	S	0.0
Smoe_XP_024539595.1	Psat_XP_050893429.1	99.0	S	0.0
Mpol_BFI24177.1	Psat_XP_050893429.1	99.0	S	0.0
Smoe_XP_024531781.1	Rchi_XP_024158191.1	99.0	S	0.0
Ppat_XP_024399957.1	Rchi_XP_024158191.1	99.0	S	0.0
Smoe_XP_024539595.1	Rchi_XP_024158191.1	99.0	S	0.0
Mpol_BFI24177.1	Rchi_XP_024158191.1	99.0	S	0.0
Smoe_XP_024531781.1	Tura_XP_048530838.1	99.0	S	0.0
Ppat_XP_024399957.1	Tura_XP_048530838.1	99.0	S	0.0
Smoe_XP_024539595.1	Tura_XP_048530838.1	99.0	S	0.0
Mpol_BFI24177.1	Tura_XP_048530838.1	99.0	S	0.0
Smoe_XP_024531781.1	Mesc_XP_043813756.1	99.0	S	0.0
Ppat_XP_024399957.1	Mesc_XP_043813756.1	99.0	S	0.0
Smoe_XP_024539595.1	Mesc_XP_043813756.1	99.0	S	0.0
Mpol_BFI24177.1	Mesc_XP_043813756.1	99.0	S	0.0
Smoe_XP_024531781.1	Mtru_XP_013456231.1	99.0	S	0.0
Ppat_XP_024399957.1	Mtru_XP_013456231.1	99.0	S	0.0
Smoe_XP_024539595.1	Mtru_XP_013456231.1	99.0	S	0.0
Mpol_BFI24177.1	Mtru_XP_013456231.1	99.0	S	0.0
Smoe_XP_024531781.1	Bdis_XP_003572365.1	99.0	S	0.0
Ppat_XP_024399957.1	Bdis_XP_003572365.1	99.0	S	0.0
Smoe_XP_024539595.1	Bdis_XP_003572365.1	99.0	S	0.0
Mpol_BFI24177.1	Bdis_XP_003572365.1	99.0	S	0.0
Smoe_XP_024531781.1	Cofcan_CDP14099.1	99.0	S	0.0
Ppat_XP_024399957.1	Cofcan_CDP14099.1	99.0	S	0.0
Smoe_XP_024539595.1	Cofcan_CDP14099.1	99.0	S	0.0
Mpol_BFI24177.1	Cofcan_CDP14099.1	99.0	S	0.0
Smoe_XP_024531781.1	Rchi_XP_024159047.1	99.0	S	0.0
Ppat_XP_024399957.1	Rchi_XP_024159047.1	99.0	S	0.0
Smoe_XP_024539595.1	Rchi_XP_024159047.1	99.0	S	0.0
Mpol_BFI24177.1	Rchi_XP_024159047.1	99.0	S	0.0
Smoe_XP_024531781.1	Tura_XP_048543124.1	99.0	S	0.0
Ppat_XP_024399957.1	Tura_XP_048543124.1	99.0	S	0.0
Smoe_XP_024539595.1	Tura_XP_048543124.1	99.0	S	0.0
Mpol_BFI24177.1	Tura_XP_048543124.1	99.0	S	0.0
Smoe_XP_024531781.1	Osat_XP_015648712.1	99.0	S	0.0
Ppat_XP_024399957.1	Osat_XP_015648712.1	99.0	S	0.0
Smoe_XP_024539595.1	Osat_XP_015648712.1	99.0	S	0.0
Mpol_BFI24177.1	Osat_XP_015648712.1	99.0	S	0.0
Smoe_XP_024531781.1	Qlob_XP_030958998.1	99.0	S	0.0
Ppat_XP_024399957.1	Qlob_XP_030958998.1	99.0	S	0.0
Smoe_XP_024539595.1	Qlob_XP_030958998.1	99.0	S	0.0
Mpol_BFI24177.1	Qlob_XP_030958998.1	99.0	S	0.0
Smoe_XP_024531781.1	Qlob_XP_030959004.1	99.0	S	0.0
Ppat_XP_024399957.1	Qlob_XP_030959004.1	99.0	S	0.0
Smoe_XP_024539595.1	Qlob_XP_030959004.1	99.0	S	0.0
Mpol_BFI24177.1	Qlob_XP_030959004.1	99.0	S	0.0
Smoe_XP_024531781.1	Bnap_XP_048605489.1	99.0	S	0.0
Ppat_XP_024399957.1	Bnap_XP_048605489.1	99.0	S	0.0
Smoe_XP_024539595.1	Bnap_XP_048605489.1	99.0	S	0.0
Mpol_BFI24177.1	Bnap_XP_048605489.1	99.0	S	0.0
Smoe_XP_024531781.1	Qlob_XP_030953162.1	99.0	S	0.0
Ppat_XP_024399957.1	Qlob_XP_030953162.1	99.0	S	0.0
Smoe_XP_024539595.1	Qlob_XP_030953162.1	99.0	S	0.0
Mpol_BFI24177.1	Qlob_XP_030953162.1	99.0	S	0.0
Smoe_XP_024531781.1	Mesc_XP_043813759.1	99.0	S	0.0
Ppat_XP_024399957.1	Mesc_XP_043813759.1	99.0	S	0.0
Smoe_XP_024539595.1	Mesc_XP_043813759.1	99.0	S	0.0
Mpol_BFI24177.1	Mesc_XP_043813759.1	99.0	S	0.0
Smoe_XP_024531781.1	Bnap_XP_013749294.2	99.0	S	0.0
Ppat_XP_024399957.1	Bnap_XP_013749294.2	99.0	S	0.0
Smoe_XP_024539595.1	Bnap_XP_013749294.2	99.0	S	0.0
Mpol_BFI24177.1	Bnap_XP_013749294.2	99.0	S	0.0
Smoe_XP_024531781.1	Mesc_XP_043813755.1	99.0	S	0.0
Ppat_XP_024399957.1	Mesc_XP_043813755.1	99.0	S	0.0
Smoe_XP_024539595.1	Mesc_XP_043813755.1	99.0	S	0.0
Mpol_BFI24177.1	Mesc_XP_043813755.1	99.0	S	0.0
Smoe_XP_024531781.1	Bnap_XP_013749295.1	99.0	S	0.0
Ppat_XP_024399957.1	Bnap_XP_013749295.1	99.0	S	0.0
Smoe_XP_024539595.1	Bnap_XP_013749295.1	99.0	S	0.0
Mpol_BFI24177.1	Bnap_XP_013749295.1	99.0	S	0.0
Smoe_XP_024531781.1	Mesc_XP_021616705.1	99.0	S	0.0
Ppat_XP_024399957.1	Mesc_XP_021616705.1	99.0	S	0.0
Smoe_XP_024539595.1	Mesc_XP_021616705.1	99.0	S	0.0
Mpol_BFI24177.1	Mesc_XP_021616705.1	99.0	S	0.0
Smoe_XP_024531781.1	Osat_XP_015648711.1	99.0	S	0.0
Ppat_XP_024399957.1	Osat_XP_015648711.1	99.0	S	0.0
Smoe_XP_024539595.1	Osat_XP_015648711.1	99.0	S	0.0
Mpol_BFI24177.1	Osat_XP_015648711.1	99.0	S	0.0
Smoe_XP_024531781.1	Qlob_XP_030959010.1	99.0	S	0.0
Ppat_XP_024399957.1	Qlob_XP_030959010.1	99.0	S	0.0
Smoe_XP_024539595.1	Qlob_XP_030959010.1	99.0	S	0.0
Mpol_BFI24177.1	Qlob_XP_030959010.1	99.0	S	0.0
Rcul_nRc.2.0.1.t13431-RA	Tbri_KRY47478.1	34.0	S	0.0
Rcul_nRc.2.0.1.t13431-RA	Avit_KAL3989456.1	34.0	S	0.0
Rcul_nRc.2.0.1.t13431-RA	Asuu_AgB01_g822_t01	34.0	S	0.0
Rcul_nRc.2.0.1.t13431-RA	Ppat_XP_024376210.1	34.0	S	0.0
Rcul_nRc.2.0.1.t13431-RA	Lsig_VDK83118.1	34.0	S	0.0
Rcul_nRc.2.0.1.t13431-RA	Ddip_jg26533	34.0	S	0.0
Rcul_nRc.2.0.1.t13431-RA	Plae_KAI0984298.1	34.0	S	0.0
Rcul_nRc.2.0.1.t13431-RA	Trimur_TMUE_0000000640	34.0	S	0.0
Rcul_nRc.2.0.1.t13431-RA	Lloa_XP_003140884.1	34.0	S	0.0
Rcul_nRc.2.0.1.t13431-RA	Tnat_KRZ50470.1	34.0	S	0.0
Rcul_nRc.2.0.1.t13431-RA	Dimm_MCP9257372.1	34.0	S	0.0
Rcul_nRc.2.0.1.t13431-RA	Eela_EEL_0000590401-mRNA-1	34.0	S	0.0
Rcul_nRc.2.0.1.t13431-RA	Asuu_AgB01_g822_t03	34.0	S	0.0
Rcul_nRc.2.0.1.t13431-RA	Hcon_XGW18521.1	34.0	S	0.0
Rcul_nRc.2.0.1.t13431-RA	Acey_EYB86026.1	34.0	S	0.0
Rcul_nRc.2.0.1.t13431-RA	Otip_Oti_326_t	34.0	S	0.0
Rcul_nRc.2.0.1.t13431-RA	Srat_XP_024508351.1	34.0	S	0.0
Rcul_nRc.2.0.1.t13431-RA	Sarc_XP_014151949.1	34.0	S	0.0
Rcul_nRc.2.0.1.t13431-RA	Ever_VDD93866.1	34.0	S	0.0
Rcul_nRc.2.0.1.t13431-RA	Sbat_VDO98087.1	34.0	S	0.0
Rcul_nRc.2.0.1.t13431-RA	Asuu_AgB01_g822_t02	34.0	S	0.0
Rcul_nRc.2.0.1.t13431-RA	Bmal_XP_001897040.1	34.0	S	0.0
Rcul_nRc.2.0.1.t13431-RA	Sypmur_SMUV_0000527301-mRNA-1	34.0	S	0.0
Rcul_nRc.2.0.1.t13431-RA	Tspi_XP_003368987.1	34.0	S	0.0
Rcul_nRc.2.0.1.t13431-RA	Mbel_CAJ0964053.1	34.0	S	0.0
Rcul_nRc.2.0.1.t13431-RA	Trimur_TMUE_3000012690	34.0	S	0.0
Rcul_nRc.2.0.1.t13431-RA	Ppat_XP_024376209.1	34.0	S	0.0
Rcul_nRc.2.0.1.t13431-RA	Cfra_CFRG8355T1	34.0	S	0.0
Rcul_nRc.2.0.1.t13431-RA	Asuu_AgB01_g822_t05	34.0	S	0.0
Rcul_nRc.2.0.1.t13431-RA	Tsui_KHJ45102.1	34.0	S	0.0
Rcul_nRc.2.0.1.t13431-RA	Plae_KAI0984297.1	34.0	S	0.0
Rcul_nRc.2.0.1.t13431-RA	Hpol_VDP19018.1	34.0	S	0.0
Rcul_nRc.2.0.1.t13431-RA	Ovol_OVOC3662	34.0	S	0.0
Rcul_nRc.2.0.1.t13431-RA	Cele_NP_505831.1	34.0	S	0.0
Rcul_nRc.2.0.1.t13431-RA	Mhap_MhA1_Contig1994.frz3.gene4	34.0	S	0.0
Rcul_nRc.2.0.1.t13431-RA	Mjap_MIJAPON000006756.t1	34.0	S	0.0
Rcul_nRc.2.0.1.t13431-RA	Plae_KAI0985441.1	34.0	S	0.0
Rcul_nRc.2.0.1.t13431-RA	Tspi_XP_003380167.1	34.0	S	0.0
Rcul_nRc.2.0.1.t13431-RA	Bxyl_CAG9128521.1	34.0	S	0.0
Rcul_nRc.2.0.1.t13431-RA	Wban_VDM22157.1	34.0	S	0.0
Rcul_nRc.2.0.1.t13431-RA	Asuu_AgB01_g822_t04	34.0	S	0.0
Rcul_nRc.2.0.1.t13431-RA	Ddip_jg26521	34.0	S	0.0
Rcul_nRc.2.0.1.t13431-RA	Gpal_Gpal_D383_g00500.t1	34.0	S	0.0
Rcul_nRc.2.0.1.t13431-RA	Hcon_XGW18520.1	34.0	S	0.0
Rcul_nRc.2.0.1.t13431-RA	Diplco_DCO_001492	34.0	S	0.0
Rcul_nRc.2.0.1.t13431-RA	Scar_TKR80642.1	34.0	S	0.0
Rcul_nRc.2.0.1.t13431-RA	Tnel_KRX20255.1	34.0	S	0.0
Rcul_nRc.2.0.1.t13431-RA	Angcan_KAE9418089.1	34.0	S	0.0
Rcul_nRc.2.0.1.t13431-RA	Diplco_DCO_001490	34.0	S	0.0
Rcul_nRc.2.0.1.t13431-RA	Ttri_CDW53161.1	34.0	S	0.0
Rcul_nRc.2.0.1.t13431-RA	Priarc_PARCANUS000014441.t1	34.0	S	0.0
Rcul_nRc.2.0.1.t13431-RA	Tnel_KRX20256.1	34.0	S	0.0
Apimel_XP_026296209.1	Awhi_Unigene29846_Abeoforma_whisleri|m.18337	30.0	S	0.0
Dmel_NP_612063.2	Awhi_Unigene29846_Abeoforma_whisleri|m.18337	30.0	S	0.0
Apimel_XP_026296208.1	Awhi_Unigene29846_Abeoforma_whisleri|m.18337	30.0	S	0.0
Bmor_XP_021207491.2	Awhi_Unigene29846_Abeoforma_whisleri|m.18337	30.0	S	0.0
Agrpla_XP_018331764.2	Awhi_Unigene29846_Abeoforma_whisleri|m.18337	30.0	S	0.0
Dmel_NP_001261225.1	Awhi_Unigene29846_Abeoforma_whisleri|m.18337	30.0	S	0.0
Rvar_GAU90323.1	Awhi_Unigene29846_Abeoforma_whisleri|m.18337	30.0	S	0.0
Hduj_OQV19329.1	Awhi_Unigene29846_Abeoforma_whisleri|m.18337	30.0	S	0.0
Apimel_XP_026296209.1	Skow_XP_006813260.1	30.0	S	0.0
Dmel_NP_612063.2	Skow_XP_006813260.1	30.0	S	0.0
Apimel_XP_026296208.1	Skow_XP_006813260.1	30.0	S	0.0
Bmor_XP_021207491.2	Skow_XP_006813260.1	30.0	S	0.0
Agrpla_XP_018331764.2	Skow_XP_006813260.1	30.0	S	0.0
Dmel_NP_001261225.1	Skow_XP_006813260.1	30.0	S	0.0
Rvar_GAU90323.1	Skow_XP_006813260.1	30.0	S	0.0
Hduj_OQV19329.1	Skow_XP_006813260.1	30.0	S	0.0
Apimel_XP_026296209.1	Xtro_NP_001121525.1	30.0	S	0.0
Dmel_NP_612063.2	Xtro_NP_001121525.1	30.0	S	0.0
Apimel_XP_026296208.1	Xtro_NP_001121525.1	30.0	S	0.0
Bmor_XP_021207491.2	Xtro_NP_001121525.1	30.0	S	0.0
Agrpla_XP_018331764.2	Xtro_NP_001121525.1	30.0	S	0.0
Dmel_NP_001261225.1	Xtro_NP_001121525.1	30.0	S	0.0
Rvar_GAU90323.1	Xtro_NP_001121525.1	30.0	S	0.0
Hduj_OQV19329.1	Xtro_NP_001121525.1	30.0	S	0.0
Apimel_XP_026296209.1	Ggal_XP_025010992.2	30.0	S	0.0
Dmel_NP_612063.2	Ggal_XP_025010992.2	30.0	S	0.0
Apimel_XP_026296208.1	Ggal_XP_025010992.2	30.0	S	0.0
Bmor_XP_021207491.2	Ggal_XP_025010992.2	30.0	S	0.0
Agrpla_XP_018331764.2	Ggal_XP_025010992.2	30.0	S	0.0
Dmel_NP_001261225.1	Ggal_XP_025010992.2	30.0	S	0.0
Rvar_GAU90323.1	Ggal_XP_025010992.2	30.0	S	0.0
Hduj_OQV19329.1	Ggal_XP_025010992.2	30.0	S	0.0
Apimel_XP_026296209.1	Lpol_XP_022241372.1	30.0	S	0.0
Dmel_NP_612063.2	Lpol_XP_022241372.1	30.0	S	0.0
Apimel_XP_026296208.1	Lpol_XP_022241372.1	30.0	S	0.0
Bmor_XP_021207491.2	Lpol_XP_022241372.1	30.0	S	0.0
Agrpla_XP_018331764.2	Lpol_XP_022241372.1	30.0	S	0.0
Dmel_NP_001261225.1	Lpol_XP_022241372.1	30.0	S	0.0
Rvar_GAU90323.1	Lpol_XP_022241372.1	30.0	S	0.0
Hduj_OQV19329.1	Lpol_XP_022241372.1	30.0	S	0.0
Apimel_XP_026296209.1	Drer_NP_001103339.2	30.0	S	0.0
Dmel_NP_612063.2	Drer_NP_001103339.2	30.0	S	0.0
Apimel_XP_026296208.1	Drer_NP_001103339.2	30.0	S	0.0
Bmor_XP_021207491.2	Drer_NP_001103339.2	30.0	S	0.0
Agrpla_XP_018331764.2	Drer_NP_001103339.2	30.0	S	0.0
Dmel_NP_001261225.1	Drer_NP_001103339.2	30.0	S	0.0
Rvar_GAU90323.1	Drer_NP_001103339.2	30.0	S	0.0
Hduj_OQV19329.1	Drer_NP_001103339.2	30.0	S	0.0
Apimel_XP_026296209.1	Lcom_lcpid115304|	30.0	S	0.0
Dmel_NP_612063.2	Lcom_lcpid115304|	30.0	S	0.0
Apimel_XP_026296208.1	Lcom_lcpid115304|	30.0	S	0.0
Bmor_XP_021207491.2	Lcom_lcpid115304|	30.0	S	0.0
Agrpla_XP_018331764.2	Lcom_lcpid115304|	30.0	S	0.0
Dmel_NP_001261225.1	Lcom_lcpid115304|	30.0	S	0.0
Rvar_GAU90323.1	Lcom_lcpid115304|	30.0	S	0.0
Hduj_OQV19329.1	Lcom_lcpid115304|	30.0	S	0.0
Apimel_XP_026296209.1	Hsap_XP_047290613.1	30.0	S	0.0
Dmel_NP_612063.2	Hsap_XP_047290613.1	30.0	S	0.0
Apimel_XP_026296208.1	Hsap_XP_047290613.1	30.0	S	0.0
Bmor_XP_021207491.2	Hsap_XP_047290613.1	30.0	S	0.0
Agrpla_XP_018331764.2	Hsap_XP_047290613.1	30.0	S	0.0
Dmel_NP_001261225.1	Hsap_XP_047290613.1	30.0	S	0.0
Rvar_GAU90323.1	Hsap_XP_047290613.1	30.0	S	0.0
Hduj_OQV19329.1	Hsap_XP_047290613.1	30.0	S	0.0
Apimel_XP_026296209.1	Lana_XP_013411836.1	30.0	S	0.0
Dmel_NP_612063.2	Lana_XP_013411836.1	30.0	S	0.0
Apimel_XP_026296208.1	Lana_XP_013411836.1	30.0	S	0.0
Bmor_XP_021207491.2	Lana_XP_013411836.1	30.0	S	0.0
Agrpla_XP_018331764.2	Lana_XP_013411836.1	30.0	S	0.0
Dmel_NP_001261225.1	Lana_XP_013411836.1	30.0	S	0.0
Rvar_GAU90323.1	Lana_XP_013411836.1	30.0	S	0.0
Hduj_OQV19329.1	Lana_XP_013411836.1	30.0	S	0.0
Apimel_XP_026296209.1	Ggal_XP_004945335.2	30.0	S	0.0
Dmel_NP_612063.2	Ggal_XP_004945335.2	30.0	S	0.0
Apimel_XP_026296208.1	Ggal_XP_004945335.2	30.0	S	0.0
Bmor_XP_021207491.2	Ggal_XP_004945335.2	30.0	S	0.0
Agrpla_XP_018331764.2	Ggal_XP_004945335.2	30.0	S	0.0
Dmel_NP_001261225.1	Ggal_XP_004945335.2	30.0	S	0.0
Rvar_GAU90323.1	Ggal_XP_004945335.2	30.0	S	0.0
Hduj_OQV19329.1	Ggal_XP_004945335.2	30.0	S	0.0
Apimel_XP_026296209.1	Hsap_XP_047290610.1	30.0	S	0.0
Dmel_NP_612063.2	Hsap_XP_047290610.1	30.0	S	0.0
Apimel_XP_026296208.1	Hsap_XP_047290610.1	30.0	S	0.0
Bmor_XP_021207491.2	Hsap_XP_047290610.1	30.0	S	0.0
Agrpla_XP_018331764.2	Hsap_XP_047290610.1	30.0	S	0.0
Dmel_NP_001261225.1	Hsap_XP_047290610.1	30.0	S	0.0
Rvar_GAU90323.1	Hsap_XP_047290610.1	30.0	S	0.0
Hduj_OQV19329.1	Hsap_XP_047290610.1	30.0	S	0.0
Apimel_XP_026296209.1	Drer_XP_068072685.1	30.0	S	0.0
Dmel_NP_612063.2	Drer_XP_068072685.1	30.0	S	0.0
Apimel_XP_026296208.1	Drer_XP_068072685.1	30.0	S	0.0
Bmor_XP_021207491.2	Drer_XP_068072685.1	30.0	S	0.0
Agrpla_XP_018331764.2	Drer_XP_068072685.1	30.0	S	0.0
Dmel_NP_001261225.1	Drer_XP_068072685.1	30.0	S	0.0
Rvar_GAU90323.1	Drer_XP_068072685.1	30.0	S	0.0
Hduj_OQV19329.1	Drer_XP_068072685.1	30.0	S	0.0
Apimel_XP_026296209.1	Hsap_XP_047290612.1	30.0	S	0.0
Dmel_NP_612063.2	Hsap_XP_047290612.1	30.0	S	0.0
Apimel_XP_026296208.1	Hsap_XP_047290612.1	30.0	S	0.0
Bmor_XP_021207491.2	Hsap_XP_047290612.1	30.0	S	0.0
Agrpla_XP_018331764.2	Hsap_XP_047290612.1	30.0	S	0.0
Dmel_NP_001261225.1	Hsap_XP_047290612.1	30.0	S	0.0
Rvar_GAU90323.1	Hsap_XP_047290612.1	30.0	S	0.0
Hduj_OQV19329.1	Hsap_XP_047290612.1	30.0	S	0.0
Apimel_XP_026296209.1	Tadh_XP_002109881.1	30.0	S	0.0
Dmel_NP_612063.2	Tadh_XP_002109881.1	30.0	S	0.0
Apimel_XP_026296208.1	Tadh_XP_002109881.1	30.0	S	0.0
Bmor_XP_021207491.2	Tadh_XP_002109881.1	30.0	S	0.0
Agrpla_XP_018331764.2	Tadh_XP_002109881.1	30.0	S	0.0
Dmel_NP_001261225.1	Tadh_XP_002109881.1	30.0	S	0.0
Rvar_GAU90323.1	Tadh_XP_002109881.1	30.0	S	0.0
Hduj_OQV19329.1	Tadh_XP_002109881.1	30.0	S	0.0
Apimel_XP_026296209.1	Apla_XP_022085202.1	30.0	S	0.0
Dmel_NP_612063.2	Apla_XP_022085202.1	30.0	S	0.0
Apimel_XP_026296208.1	Apla_XP_022085202.1	30.0	S	0.0
Bmor_XP_021207491.2	Apla_XP_022085202.1	30.0	S	0.0
Agrpla_XP_018331764.2	Apla_XP_022085202.1	30.0	S	0.0
Dmel_NP_001261225.1	Apla_XP_022085202.1	30.0	S	0.0
Rvar_GAU90323.1	Apla_XP_022085202.1	30.0	S	0.0
Hduj_OQV19329.1	Apla_XP_022085202.1	30.0	S	0.0
Apimel_XP_026296209.1	Dpul_XP_046461813.1	30.0	S	0.0
Dmel_NP_612063.2	Dpul_XP_046461813.1	30.0	S	0.0
Apimel_XP_026296208.1	Dpul_XP_046461813.1	30.0	S	0.0
Bmor_XP_021207491.2	Dpul_XP_046461813.1	30.0	S	0.0
Agrpla_XP_018331764.2	Dpul_XP_046461813.1	30.0	S	0.0
Dmel_NP_001261225.1	Dpul_XP_046461813.1	30.0	S	0.0
Rvar_GAU90323.1	Dpul_XP_046461813.1	30.0	S	0.0
Hduj_OQV19329.1	Dpul_XP_046461813.1	30.0	S	0.0
Apimel_XP_026296209.1	Hrob_XP_009019479.1	30.0	S	0.0
Dmel_NP_612063.2	Hrob_XP_009019479.1	30.0	S	0.0
Apimel_XP_026296208.1	Hrob_XP_009019479.1	30.0	S	0.0
Bmor_XP_021207491.2	Hrob_XP_009019479.1	30.0	S	0.0
Agrpla_XP_018331764.2	Hrob_XP_009019479.1	30.0	S	0.0
Dmel_NP_001261225.1	Hrob_XP_009019479.1	30.0	S	0.0
Rvar_GAU90323.1	Hrob_XP_009019479.1	30.0	S	0.0
Hduj_OQV19329.1	Hrob_XP_009019479.1	30.0	S	0.0
Apimel_XP_026296209.1	Hsap_NP_079049.2	30.0	S	0.0
Dmel_NP_612063.2	Hsap_NP_079049.2	30.0	S	0.0
Apimel_XP_026296208.1	Hsap_NP_079049.2	30.0	S	0.0
Bmor_XP_021207491.2	Hsap_NP_079049.2	30.0	S	0.0
Agrpla_XP_018331764.2	Hsap_NP_079049.2	30.0	S	0.0
Dmel_NP_001261225.1	Hsap_NP_079049.2	30.0	S	0.0
Rvar_GAU90323.1	Hsap_NP_079049.2	30.0	S	0.0
Hduj_OQV19329.1	Hsap_NP_079049.2	30.0	S	0.0
Apimel_XP_026296209.1	Blan_XP_066295512.1	30.0	S	0.0
Dmel_NP_612063.2	Blan_XP_066295512.1	30.0	S	0.0
Apimel_XP_026296208.1	Blan_XP_066295512.1	30.0	S	0.0
Bmor_XP_021207491.2	Blan_XP_066295512.1	30.0	S	0.0
Agrpla_XP_018331764.2	Blan_XP_066295512.1	30.0	S	0.0
Dmel_NP_001261225.1	Blan_XP_066295512.1	30.0	S	0.0
Rvar_GAU90323.1	Blan_XP_066295512.1	30.0	S	0.0
Hduj_OQV19329.1	Blan_XP_066295512.1	30.0	S	0.0
Apimel_XP_026296209.1	Smar_SMAR008599-PA	30.0	S	0.0
Dmel_NP_612063.2	Smar_SMAR008599-PA	30.0	S	0.0
Apimel_XP_026296208.1	Smar_SMAR008599-PA	30.0	S	0.0
Bmor_XP_021207491.2	Smar_SMAR008599-PA	30.0	S	0.0
Agrpla_XP_018331764.2	Smar_SMAR008599-PA	30.0	S	0.0
Dmel_NP_001261225.1	Smar_SMAR008599-PA	30.0	S	0.0
Rvar_GAU90323.1	Smar_SMAR008599-PA	30.0	S	0.0
Hduj_OQV19329.1	Smar_SMAR008599-PA	30.0	S	0.0
Apimel_XP_026296209.1	Hsap_XP_047290614.1	30.0	S	0.0
Dmel_NP_612063.2	Hsap_XP_047290614.1	30.0	S	0.0
Apimel_XP_026296208.1	Hsap_XP_047290614.1	30.0	S	0.0
Bmor_XP_021207491.2	Hsap_XP_047290614.1	30.0	S	0.0
Agrpla_XP_018331764.2	Hsap_XP_047290614.1	30.0	S	0.0
Dmel_NP_001261225.1	Hsap_XP_047290614.1	30.0	S	0.0
Rvar_GAU90323.1	Hsap_XP_047290614.1	30.0	S	0.0
Hduj_OQV19329.1	Hsap_XP_047290614.1	30.0	S	0.0
Apimel_XP_026296209.1	Hsap_NP_001138820.1	30.0	S	0.0
Dmel_NP_612063.2	Hsap_NP_001138820.1	30.0	S	0.0
Apimel_XP_026296208.1	Hsap_NP_001138820.1	30.0	S	0.0
Bmor_XP_021207491.2	Hsap_NP_001138820.1	30.0	S	0.0
Agrpla_XP_018331764.2	Hsap_NP_001138820.1	30.0	S	0.0
Dmel_NP_001261225.1	Hsap_NP_001138820.1	30.0	S	0.0
Rvar_GAU90323.1	Hsap_NP_001138820.1	30.0	S	0.0
Hduj_OQV19329.1	Hsap_NP_001138820.1	30.0	S	0.0
Apimel_XP_026296209.1	Lpol_XP_013774279.1	30.0	S	0.0
Dmel_NP_612063.2	Lpol_XP_013774279.1	30.0	S	0.0
Apimel_XP_026296208.1	Lpol_XP_013774279.1	30.0	S	0.0
Bmor_XP_021207491.2	Lpol_XP_013774279.1	30.0	S	0.0
Agrpla_XP_018331764.2	Lpol_XP_013774279.1	30.0	S	0.0
Dmel_NP_001261225.1	Lpol_XP_013774279.1	30.0	S	0.0
Rvar_GAU90323.1	Lpol_XP_013774279.1	30.0	S	0.0
Hduj_OQV19329.1	Lpol_XP_013774279.1	30.0	S	0.0
Apimel_XP_026296209.1	Avag_UJR16219.1	30.0	S	0.0
Dmel_NP_612063.2	Avag_UJR16219.1	30.0	S	0.0
Apimel_XP_026296208.1	Avag_UJR16219.1	30.0	S	0.0
Bmor_XP_021207491.2	Avag_UJR16219.1	30.0	S	0.0
Agrpla_XP_018331764.2	Avag_UJR16219.1	30.0	S	0.0
Dmel_NP_001261225.1	Avag_UJR16219.1	30.0	S	0.0
Rvar_GAU90323.1	Avag_UJR16219.1	30.0	S	0.0
Hduj_OQV19329.1	Avag_UJR16219.1	30.0	S	0.0
Apimel_XP_026296209.1	Lcom_lcpid51678|	30.0	S	0.0
Dmel_NP_612063.2	Lcom_lcpid51678|	30.0	S	0.0
Apimel_XP_026296208.1	Lcom_lcpid51678|	30.0	S	0.0
Bmor_XP_021207491.2	Lcom_lcpid51678|	30.0	S	0.0
Agrpla_XP_018331764.2	Lcom_lcpid51678|	30.0	S	0.0
Dmel_NP_001261225.1	Lcom_lcpid51678|	30.0	S	0.0
Rvar_GAU90323.1	Lcom_lcpid51678|	30.0	S	0.0
Hduj_OQV19329.1	Lcom_lcpid51678|	30.0	S	0.0
Apimel_XP_026296209.1	Ofus_CAH1779520.1	30.0	S	0.0
Dmel_NP_612063.2	Ofus_CAH1779520.1	30.0	S	0.0
Apimel_XP_026296208.1	Ofus_CAH1779520.1	30.0	S	0.0
Bmor_XP_021207491.2	Ofus_CAH1779520.1	30.0	S	0.0
Agrpla_XP_018331764.2	Ofus_CAH1779520.1	30.0	S	0.0
Dmel_NP_001261225.1	Ofus_CAH1779520.1	30.0	S	0.0
Rvar_GAU90323.1	Ofus_CAH1779520.1	30.0	S	0.0
Hduj_OQV19329.1	Ofus_CAH1779520.1	30.0	S	0.0
Apimel_XP_026296209.1	Pigchi_Pchi_g4251	30.0	S	0.0
Dmel_NP_612063.2	Pigchi_Pchi_g4251	30.0	S	0.0
Apimel_XP_026296208.1	Pigchi_Pchi_g4251	30.0	S	0.0
Bmor_XP_021207491.2	Pigchi_Pchi_g4251	30.0	S	0.0
Agrpla_XP_018331764.2	Pigchi_Pchi_g4251	30.0	S	0.0
Dmel_NP_001261225.1	Pigchi_Pchi_g4251	30.0	S	0.0
Rvar_GAU90323.1	Pigchi_Pchi_g4251	30.0	S	0.0
Hduj_OQV19329.1	Pigchi_Pchi_g4251	30.0	S	0.0
Apimel_XP_026296209.1	Spur_XP_030839602.1	30.0	S	0.0
Dmel_NP_612063.2	Spur_XP_030839602.1	30.0	S	0.0
Apimel_XP_026296208.1	Spur_XP_030839602.1	30.0	S	0.0
Bmor_XP_021207491.2	Spur_XP_030839602.1	30.0	S	0.0
Agrpla_XP_018331764.2	Spur_XP_030839602.1	30.0	S	0.0
Dmel_NP_001261225.1	Spur_XP_030839602.1	30.0	S	0.0
Rvar_GAU90323.1	Spur_XP_030839602.1	30.0	S	0.0
Hduj_OQV19329.1	Spur_XP_030839602.1	30.0	S	0.0
Apimel_XP_026296209.1	Ggal_XP_414883.4	30.0	S	0.0
Dmel_NP_612063.2	Ggal_XP_414883.4	30.0	S	0.0
Apimel_XP_026296208.1	Ggal_XP_414883.4	30.0	S	0.0
Bmor_XP_021207491.2	Ggal_XP_414883.4	30.0	S	0.0
Agrpla_XP_018331764.2	Ggal_XP_414883.4	30.0	S	0.0
Dmel_NP_001261225.1	Ggal_XP_414883.4	30.0	S	0.0
Rvar_GAU90323.1	Ggal_XP_414883.4	30.0	S	0.0
Hduj_OQV19329.1	Ggal_XP_414883.4	30.0	S	0.0
Apimel_XP_026296209.1	Cvir_XP_022338439.1	30.0	S	0.0
Dmel_NP_612063.2	Cvir_XP_022338439.1	30.0	S	0.0
Apimel_XP_026296208.1	Cvir_XP_022338439.1	30.0	S	0.0
Bmor_XP_021207491.2	Cvir_XP_022338439.1	30.0	S	0.0
Agrpla_XP_018331764.2	Cvir_XP_022338439.1	30.0	S	0.0
Dmel_NP_001261225.1	Cvir_XP_022338439.1	30.0	S	0.0
Rvar_GAU90323.1	Cvir_XP_022338439.1	30.0	S	0.0
Hduj_OQV19329.1	Cvir_XP_022338439.1	30.0	S	0.0
Apimel_XP_026296209.1	Pvan_XP_069991585.1	30.0	S	0.0
Dmel_NP_612063.2	Pvan_XP_069991585.1	30.0	S	0.0
Apimel_XP_026296208.1	Pvan_XP_069991585.1	30.0	S	0.0
Bmor_XP_021207491.2	Pvan_XP_069991585.1	30.0	S	0.0
Agrpla_XP_018331764.2	Pvan_XP_069991585.1	30.0	S	0.0
Dmel_NP_001261225.1	Pvan_XP_069991585.1	30.0	S	0.0
Rvar_GAU90323.1	Pvan_XP_069991585.1	30.0	S	0.0
Hduj_OQV19329.1	Pvan_XP_069991585.1	30.0	S	0.0
Apimel_XP_026296209.1	Lpol_XP_022241370.1	30.0	S	0.0
Dmel_NP_612063.2	Lpol_XP_022241370.1	30.0	S	0.0
Apimel_XP_026296208.1	Lpol_XP_022241370.1	30.0	S	0.0
Bmor_XP_021207491.2	Lpol_XP_022241370.1	30.0	S	0.0
Agrpla_XP_018331764.2	Lpol_XP_022241370.1	30.0	S	0.0
Dmel_NP_001261225.1	Lpol_XP_022241370.1	30.0	S	0.0
Rvar_GAU90323.1	Lpol_XP_022241370.1	30.0	S	0.0
Hduj_OQV19329.1	Lpol_XP_022241370.1	30.0	S	0.0
Apimel_XP_026296209.1	Lcom_lcpid67550|	30.0	S	0.0
Dmel_NP_612063.2	Lcom_lcpid67550|	30.0	S	0.0
Apimel_XP_026296208.1	Lcom_lcpid67550|	30.0	S	0.0
Bmor_XP_021207491.2	Lcom_lcpid67550|	30.0	S	0.0
Agrpla_XP_018331764.2	Lcom_lcpid67550|	30.0	S	0.0
Dmel_NP_001261225.1	Lcom_lcpid67550|	30.0	S	0.0
Rvar_GAU90323.1	Lcom_lcpid67550|	30.0	S	0.0
Hduj_OQV19329.1	Lcom_lcpid67550|	30.0	S	0.0
Apimel_XP_026296209.1	Obim_XP_014780508.1	30.0	S	0.0
Dmel_NP_612063.2	Obim_XP_014780508.1	30.0	S	0.0
Apimel_XP_026296208.1	Obim_XP_014780508.1	30.0	S	0.0
Bmor_XP_021207491.2	Obim_XP_014780508.1	30.0	S	0.0
Agrpla_XP_018331764.2	Obim_XP_014780508.1	30.0	S	0.0
Dmel_NP_001261225.1	Obim_XP_014780508.1	30.0	S	0.0
Rvar_GAU90323.1	Obim_XP_014780508.1	30.0	S	0.0
Hduj_OQV19329.1	Obim_XP_014780508.1	30.0	S	0.0
Apimel_XP_026296209.1	Cscu_XP_023216044.1	30.0	S	0.0
Dmel_NP_612063.2	Cscu_XP_023216044.1	30.0	S	0.0
Apimel_XP_026296208.1	Cscu_XP_023216044.1	30.0	S	0.0
Bmor_XP_021207491.2	Cscu_XP_023216044.1	30.0	S	0.0
Agrpla_XP_018331764.2	Cscu_XP_023216044.1	30.0	S	0.0
Dmel_NP_001261225.1	Cscu_XP_023216044.1	30.0	S	0.0
Rvar_GAU90323.1	Cscu_XP_023216044.1	30.0	S	0.0
Hduj_OQV19329.1	Cscu_XP_023216044.1	30.0	S	0.0
Apimel_XP_026296209.1	Lpol_XP_022241371.1	30.0	S	0.0
Dmel_NP_612063.2	Lpol_XP_022241371.1	30.0	S	0.0
Apimel_XP_026296208.1	Lpol_XP_022241371.1	30.0	S	0.0
Bmor_XP_021207491.2	Lpol_XP_022241371.1	30.0	S	0.0
Agrpla_XP_018331764.2	Lpol_XP_022241371.1	30.0	S	0.0
Dmel_NP_001261225.1	Lpol_XP_022241371.1	30.0	S	0.0
Rvar_GAU90323.1	Lpol_XP_022241371.1	30.0	S	0.0
Hduj_OQV19329.1	Lpol_XP_022241371.1	30.0	S	0.0
Apimel_XP_026296209.1	Hrob_XP_009019477.1	30.0	S	0.0
Dmel_NP_612063.2	Hrob_XP_009019477.1	30.0	S	0.0
Apimel_XP_026296208.1	Hrob_XP_009019477.1	30.0	S	0.0
Bmor_XP_021207491.2	Hrob_XP_009019477.1	30.0	S	0.0
Agrpla_XP_018331764.2	Hrob_XP_009019477.1	30.0	S	0.0
Dmel_NP_001261225.1	Hrob_XP_009019477.1	30.0	S	0.0
Rvar_GAU90323.1	Hrob_XP_009019477.1	30.0	S	0.0
Hduj_OQV19329.1	Hrob_XP_009019477.1	30.0	S	0.0
Apimel_XP_026296209.1	Hsap_XP_016879165.1	30.0	S	0.0
Dmel_NP_612063.2	Hsap_XP_016879165.1	30.0	S	0.0
Apimel_XP_026296208.1	Hsap_XP_016879165.1	30.0	S	0.0
Bmor_XP_021207491.2	Hsap_XP_016879165.1	30.0	S	0.0
Agrpla_XP_018331764.2	Hsap_XP_016879165.1	30.0	S	0.0
Dmel_NP_001261225.1	Hsap_XP_016879165.1	30.0	S	0.0
Rvar_GAU90323.1	Hsap_XP_016879165.1	30.0	S	0.0
Hduj_OQV19329.1	Hsap_XP_016879165.1	30.0	S	0.0
Apimel_XP_026296209.1	Cper_Nk52_evm66s2367	30.0	S	0.0
Dmel_NP_612063.2	Cper_Nk52_evm66s2367	30.0	S	0.0
Apimel_XP_026296208.1	Cper_Nk52_evm66s2367	30.0	S	0.0
Bmor_XP_021207491.2	Cper_Nk52_evm66s2367	30.0	S	0.0
Agrpla_XP_018331764.2	Cper_Nk52_evm66s2367	30.0	S	0.0
Dmel_NP_001261225.1	Cper_Nk52_evm66s2367	30.0	S	0.0
Rvar_GAU90323.1	Cper_Nk52_evm66s2367	30.0	S	0.0
Hduj_OQV19329.1	Cper_Nk52_evm66s2367	30.0	S	0.0
Apimel_XP_026296209.1	Emue_Em0011g644a	30.0	S	0.0
Dmel_NP_612063.2	Emue_Em0011g644a	30.0	S	0.0
Apimel_XP_026296208.1	Emue_Em0011g644a	30.0	S	0.0
Bmor_XP_021207491.2	Emue_Em0011g644a	30.0	S	0.0
Agrpla_XP_018331764.2	Emue_Em0011g644a	30.0	S	0.0
Dmel_NP_001261225.1	Emue_Em0011g644a	30.0	S	0.0
Rvar_GAU90323.1	Emue_Em0011g644a	30.0	S	0.0
Hduj_OQV19329.1	Emue_Em0011g644a	30.0	S	0.0
Apimel_XP_026296209.1	Pvan_XP_069991586.1	30.0	S	0.0
Dmel_NP_612063.2	Pvan_XP_069991586.1	30.0	S	0.0
Apimel_XP_026296208.1	Pvan_XP_069991586.1	30.0	S	0.0
Bmor_XP_021207491.2	Pvan_XP_069991586.1	30.0	S	0.0
Agrpla_XP_018331764.2	Pvan_XP_069991586.1	30.0	S	0.0
Dmel_NP_001261225.1	Pvan_XP_069991586.1	30.0	S	0.0
Rvar_GAU90323.1	Pvan_XP_069991586.1	30.0	S	0.0
Hduj_OQV19329.1	Pvan_XP_069991586.1	30.0	S	0.0
Apimel_XP_026296209.1	Pigvie_Pvie_g14601	30.0	S	0.0
Dmel_NP_612063.2	Pigvie_Pvie_g14601	30.0	S	0.0
Apimel_XP_026296208.1	Pigvie_Pvie_g14601	30.0	S	0.0
Bmor_XP_021207491.2	Pigvie_Pvie_g14601	30.0	S	0.0
Agrpla_XP_018331764.2	Pigvie_Pvie_g14601	30.0	S	0.0
Dmel_NP_001261225.1	Pigvie_Pvie_g14601	30.0	S	0.0
Rvar_GAU90323.1	Pigvie_Pvie_g14601	30.0	S	0.0
Hduj_OQV19329.1	Pigvie_Pvie_g14601	30.0	S	0.0
Apimel_XP_026296209.1	Twil_T_wilhelma_c33435_g2_i2|m.55195	30.0	S	0.0
Dmel_NP_612063.2	Twil_T_wilhelma_c33435_g2_i2|m.55195	30.0	S	0.0
Apimel_XP_026296208.1	Twil_T_wilhelma_c33435_g2_i2|m.55195	30.0	S	0.0
Bmor_XP_021207491.2	Twil_T_wilhelma_c33435_g2_i2|m.55195	30.0	S	0.0
Agrpla_XP_018331764.2	Twil_T_wilhelma_c33435_g2_i2|m.55195	30.0	S	0.0
Dmel_NP_001261225.1	Twil_T_wilhelma_c33435_g2_i2|m.55195	30.0	S	0.0
Rvar_GAU90323.1	Twil_T_wilhelma_c33435_g2_i2|m.55195	30.0	S	0.0
Hduj_OQV19329.1	Twil_T_wilhelma_c33435_g2_i2|m.55195	30.0	S	0.0
Apimel_XP_026296209.1	Aplcal_XP_005102629.2	30.0	S	0.0
Dmel_NP_612063.2	Aplcal_XP_005102629.2	30.0	S	0.0
Apimel_XP_026296208.1	Aplcal_XP_005102629.2	30.0	S	0.0
Bmor_XP_021207491.2	Aplcal_XP_005102629.2	30.0	S	0.0
Agrpla_XP_018331764.2	Aplcal_XP_005102629.2	30.0	S	0.0
Dmel_NP_001261225.1	Aplcal_XP_005102629.2	30.0	S	0.0
Rvar_GAU90323.1	Aplcal_XP_005102629.2	30.0	S	0.0
Hduj_OQV19329.1	Aplcal_XP_005102629.2	30.0	S	0.0
Apimel_XP_026296209.1	Scil_XP_065185214.1	30.0	S	0.0
Dmel_NP_612063.2	Scil_XP_065185214.1	30.0	S	0.0
Apimel_XP_026296208.1	Scil_XP_065185214.1	30.0	S	0.0
Bmor_XP_021207491.2	Scil_XP_065185214.1	30.0	S	0.0
Agrpla_XP_018331764.2	Scil_XP_065185214.1	30.0	S	0.0
Dmel_NP_001261225.1	Scil_XP_065185214.1	30.0	S	0.0
Rvar_GAU90323.1	Scil_XP_065185214.1	30.0	S	0.0
Hduj_OQV19329.1	Scil_XP_065185214.1	30.0	S	0.0
Apimel_XP_026296209.1	Apla_XP_022085203.1	30.0	S	0.0
Dmel_NP_612063.2	Apla_XP_022085203.1	30.0	S	0.0
Apimel_XP_026296208.1	Apla_XP_022085203.1	30.0	S	0.0
Bmor_XP_021207491.2	Apla_XP_022085203.1	30.0	S	0.0
Agrpla_XP_018331764.2	Apla_XP_022085203.1	30.0	S	0.0
Dmel_NP_001261225.1	Apla_XP_022085203.1	30.0	S	0.0
Rvar_GAU90323.1	Apla_XP_022085203.1	30.0	S	0.0
Hduj_OQV19329.1	Apla_XP_022085203.1	30.0	S	0.0
Apimel_XP_026296209.1	Cint_XP_026690226.1	30.0	S	0.0
Dmel_NP_612063.2	Cint_XP_026690226.1	30.0	S	0.0
Apimel_XP_026296208.1	Cint_XP_026690226.1	30.0	S	0.0
Bmor_XP_021207491.2	Cint_XP_026690226.1	30.0	S	0.0
Agrpla_XP_018331764.2	Cint_XP_026690226.1	30.0	S	0.0
Dmel_NP_001261225.1	Cint_XP_026690226.1	30.0	S	0.0
Rvar_GAU90323.1	Cint_XP_026690226.1	30.0	S	0.0
Hduj_OQV19329.1	Cint_XP_026690226.1	30.0	S	0.0
Apimel_XP_026296209.1	Pgem_Unigene20972_Pirum_gemmata|m.13675	30.0	S	0.0
Dmel_NP_612063.2	Pgem_Unigene20972_Pirum_gemmata|m.13675	30.0	S	0.0
Apimel_XP_026296208.1	Pgem_Unigene20972_Pirum_gemmata|m.13675	30.0	S	0.0
Bmor_XP_021207491.2	Pgem_Unigene20972_Pirum_gemmata|m.13675	30.0	S	0.0
Agrpla_XP_018331764.2	Pgem_Unigene20972_Pirum_gemmata|m.13675	30.0	S	0.0
Dmel_NP_001261225.1	Pgem_Unigene20972_Pirum_gemmata|m.13675	30.0	S	0.0
Rvar_GAU90323.1	Pgem_Unigene20972_Pirum_gemmata|m.13675	30.0	S	0.0
Hduj_OQV19329.1	Pgem_Unigene20972_Pirum_gemmata|m.13675	30.0	S	0.0
Apimel_XP_026296209.1	Hsap_XP_047290611.1	30.0	S	0.0
Dmel_NP_612063.2	Hsap_XP_047290611.1	30.0	S	0.0
Apimel_XP_026296208.1	Hsap_XP_047290611.1	30.0	S	0.0
Bmor_XP_021207491.2	Hsap_XP_047290611.1	30.0	S	0.0
Agrpla_XP_018331764.2	Hsap_XP_047290611.1	30.0	S	0.0
Dmel_NP_001261225.1	Hsap_XP_047290611.1	30.0	S	0.0
Rvar_GAU90323.1	Hsap_XP_047290611.1	30.0	S	0.0
Hduj_OQV19329.1	Hsap_XP_047290611.1	30.0	S	0.0
Apimel_XP_026296209.1	Aque_XP_019853293.1	30.0	S	0.0
Dmel_NP_612063.2	Aque_XP_019853293.1	30.0	S	0.0
Apimel_XP_026296208.1	Aque_XP_019853293.1	30.0	S	0.0
Bmor_XP_021207491.2	Aque_XP_019853293.1	30.0	S	0.0
Agrpla_XP_018331764.2	Aque_XP_019853293.1	30.0	S	0.0
Dmel_NP_001261225.1	Aque_XP_019853293.1	30.0	S	0.0
Rvar_GAU90323.1	Aque_XP_019853293.1	30.0	S	0.0
Hduj_OQV19329.1	Aque_XP_019853293.1	30.0	S	0.0
Scil_XP_065197388.1	Lcom_lcpid206315|	100.0	S	0.0
Lcom_lcpid181318|	Lcom_lcpid202534|	100.0	D	1.0
Lcom_lcpid181318|	Lcom_lcpid115342|	100.0	D	1.0
Lcom_lcpid181318|	Lcom_lcpid153413|	100.0	D	1.0
Tadh_XP_002116950.1	Spur_XP_030851360.1	85.0	S	0.0
Tadh_XP_002116950.1	Apla_XP_022104467.1	85.0	S	0.0
Tadh_XP_002116950.1	Spur_XP_030851366.1	85.0	S	0.0
Tadh_XP_002116950.1	Apla_XP_022104468.1	85.0	S	0.0
Ppat_XP_024366925.1	Mpol_BFI40533.1	71.0	S	0.0
Smoe_XP_024520874.1	Smoe_XP_024527656.1	100.0	D	1.0
Smoe_XP_024520874.1	Smoe_XP_024527652.1	100.0	D	1.0
Smoe_XP_024520874.1	Smoe_XP_024520821.1	100.0	D	1.0
Smoe_XP_024520874.1	Smoe_XP_024520670.1	100.0	D	1.0
Smoe_XP_024520874.1	Smoe_XP_024527657.1	100.0	D	1.0
Smoe_XP_024520874.1	Smoe_XP_024532000.1	100.0	D	1.0
Smoe_XP_024520874.1	Smoe_XP_024527933.1	100.0	D	1.0
Smoe_XP_024520874.1	Smoe_XP_024527928.1	100.0	D	1.0
Smoe_XP_024520874.1	Smoe_XP_024527654.1	100.0	D	1.0
Smoe_XP_024520874.1	Smoe_XP_024527658.1	100.0	D	1.0
Smoe_XP_024520874.1	Smoe_XP_024527934.1	100.0	D	1.0
Smoe_XP_024520874.1	Smoe_XP_024527935.1	100.0	D	1.0
Smoe_XP_024520874.1	Smoe_XP_024527653.1	100.0	D	1.0
Smoe_XP_024520874.1	Smoe_XP_024520770.1	100.0	D	1.0
Smoe_XP_024520874.1	Smoe_XP_024527929.1	100.0	D	1.0
Smoe_XP_024520874.1	Smoe_XP_024520721.1	100.0	D	1.0
Smoe_XP_024520874.1	Smoe_XP_024527655.1	100.0	D	1.0
Smoe_XP_024520874.1	Smoe_XP_024527931.1	100.0	D	1.0
Smoe_XP_024520874.1	Smoe_XP_024527932.1	100.0	D	1.0
Smoe_XP_024520874.1	Smoe_XP_024527930.1	100.0	D	1.0
Atri_XP_020520100.1	Atri_XP_020520101.1	100.0	D	1.0
Qlob_XP_030947628.1	Ecur_TVU34937.1	62.0	S	0.0
Lsat_XP_023734930.1	Ecur_TVU34937.1	62.0	S	0.0
Qlob_XP_030973177.1	Ecur_TVU34937.1	62.0	S	0.0
Rchi_XP_024164996.1	Ecur_TVU34937.1	62.0	S	0.0
Cofcan_CDP03676.1	Ecur_TVU34937.1	62.0	S	0.0
Rchi_XP_040364728.1	Ecur_TVU34937.1	62.0	S	0.0
Mtru_XP_003590573.1	Ecur_TVU34937.1	62.0	S	0.0
Mesc_XP_043812339.1	Ecur_TVU34937.1	62.0	S	0.0
Lsat_XP_023734931.1	Ecur_TVU34937.1	62.0	S	0.0
Psat_XP_050887295.1	Ecur_TVU34937.1	62.0	S	0.0
Sollyc_XP_004247201.1	Ecur_TVU34937.1	62.0	S	0.0
Cofcan_CDP19768.1	Ecur_TVU34937.1	62.0	S	0.0
Mesc_XP_021612650.1	Ecur_TVU34937.1	62.0	S	0.0
Qlob_XP_030947629.1	Ecur_TVU34937.1	62.0	S	0.0
Sollyc_XP_025888583.1	Ecur_TVU34937.1	62.0	S	0.0
Qlob_XP_030947628.1	Bdis_XP_010232410.2	62.0	S	0.0
Lsat_XP_023734930.1	Bdis_XP_010232410.2	62.0	S	0.0
Qlob_XP_030973177.1	Bdis_XP_010232410.2	62.0	S	0.0
Rchi_XP_024164996.1	Bdis_XP_010232410.2	62.0	S	0.0
Cofcan_CDP03676.1	Bdis_XP_010232410.2	62.0	S	0.0
Rchi_XP_040364728.1	Bdis_XP_010232410.2	62.0	S	0.0
Mtru_XP_003590573.1	Bdis_XP_010232410.2	62.0	S	0.0
Mesc_XP_043812339.1	Bdis_XP_010232410.2	62.0	S	0.0
Lsat_XP_023734931.1	Bdis_XP_010232410.2	62.0	S	0.0
Psat_XP_050887295.1	Bdis_XP_010232410.2	62.0	S	0.0
Sollyc_XP_004247201.1	Bdis_XP_010232410.2	62.0	S	0.0
Cofcan_CDP19768.1	Bdis_XP_010232410.2	62.0	S	0.0
Mesc_XP_021612650.1	Bdis_XP_010232410.2	62.0	S	0.0
Qlob_XP_030947629.1	Bdis_XP_010232410.2	62.0	S	0.0
Sollyc_XP_025888583.1	Bdis_XP_010232410.2	62.0	S	0.0
Qlob_XP_030947628.1	Bnap_XP_013730750.2	62.0	S	0.0
Lsat_XP_023734930.1	Bnap_XP_013730750.2	62.0	S	0.0
Qlob_XP_030973177.1	Bnap_XP_013730750.2	62.0	S	0.0
Rchi_XP_024164996.1	Bnap_XP_013730750.2	62.0	S	0.0
Cofcan_CDP03676.1	Bnap_XP_013730750.2	62.0	S	0.0
Rchi_XP_040364728.1	Bnap_XP_013730750.2	62.0	S	0.0
Mtru_XP_003590573.1	Bnap_XP_013730750.2	62.0	S	0.0
Mesc_XP_043812339.1	Bnap_XP_013730750.2	62.0	S	0.0
Lsat_XP_023734931.1	Bnap_XP_013730750.2	62.0	S	0.0
Psat_XP_050887295.1	Bnap_XP_013730750.2	62.0	S	0.0
Sollyc_XP_004247201.1	Bnap_XP_013730750.2	62.0	S	0.0
Cofcan_CDP19768.1	Bnap_XP_013730750.2	62.0	S	0.0
Mesc_XP_021612650.1	Bnap_XP_013730750.2	62.0	S	0.0
Qlob_XP_030947629.1	Bnap_XP_013730750.2	62.0	S	0.0
Sollyc_XP_025888583.1	Bnap_XP_013730750.2	62.0	S	0.0
Qlob_XP_030947628.1	Atha_NP_001318604.1	62.0	S	0.0
Lsat_XP_023734930.1	Atha_NP_001318604.1	62.0	S	0.0
Qlob_XP_030973177.1	Atha_NP_001318604.1	62.0	S	0.0
Rchi_XP_024164996.1	Atha_NP_001318604.1	62.0	S	0.0
Cofcan_CDP03676.1	Atha_NP_001318604.1	62.0	S	0.0
Rchi_XP_040364728.1	Atha_NP_001318604.1	62.0	S	0.0
Mtru_XP_003590573.1	Atha_NP_001318604.1	62.0	S	0.0
Mesc_XP_043812339.1	Atha_NP_001318604.1	62.0	S	0.0
Lsat_XP_023734931.1	Atha_NP_001318604.1	62.0	S	0.0
Psat_XP_050887295.1	Atha_NP_001318604.1	62.0	S	0.0
Sollyc_XP_004247201.1	Atha_NP_001318604.1	62.0	S	0.0
Cofcan_CDP19768.1	Atha_NP_001318604.1	62.0	S	0.0
Mesc_XP_021612650.1	Atha_NP_001318604.1	62.0	S	0.0
Qlob_XP_030947629.1	Atha_NP_001318604.1	62.0	S	0.0
Sollyc_XP_025888583.1	Atha_NP_001318604.1	62.0	S	0.0
Qlob_XP_030947628.1	Atha_NP_001190341.1	62.0	S	0.0
Lsat_XP_023734930.1	Atha_NP_001190341.1	62.0	S	0.0
Qlob_XP_030973177.1	Atha_NP_001190341.1	62.0	S	0.0
Rchi_XP_024164996.1	Atha_NP_001190341.1	62.0	S	0.0
Cofcan_CDP03676.1	Atha_NP_001190341.1	62.0	S	0.0
Rchi_XP_040364728.1	Atha_NP_001190341.1	62.0	S	0.0
Mtru_XP_003590573.1	Atha_NP_001190341.1	62.0	S	0.0
Mesc_XP_043812339.1	Atha_NP_001190341.1	62.0	S	0.0
Lsat_XP_023734931.1	Atha_NP_001190341.1	62.0	S	0.0
Psat_XP_050887295.1	Atha_NP_001190341.1	62.0	S	0.0
Sollyc_XP_004247201.1	Atha_NP_001190341.1	62.0	S	0.0
Cofcan_CDP19768.1	Atha_NP_001190341.1	62.0	S	0.0
Mesc_XP_021612650.1	Atha_NP_001190341.1	62.0	S	0.0
Qlob_XP_030947629.1	Atha_NP_001190341.1	62.0	S	0.0
Sollyc_XP_025888583.1	Atha_NP_001190341.1	62.0	S	0.0
Qlob_XP_030947628.1	Ecur_TVU34924.1	62.0	S	0.0
Lsat_XP_023734930.1	Ecur_TVU34924.1	62.0	S	0.0
Qlob_XP_030973177.1	Ecur_TVU34924.1	62.0	S	0.0
Rchi_XP_024164996.1	Ecur_TVU34924.1	62.0	S	0.0
Cofcan_CDP03676.1	Ecur_TVU34924.1	62.0	S	0.0
Rchi_XP_040364728.1	Ecur_TVU34924.1	62.0	S	0.0
Mtru_XP_003590573.1	Ecur_TVU34924.1	62.0	S	0.0
Mesc_XP_043812339.1	Ecur_TVU34924.1	62.0	S	0.0
Lsat_XP_023734931.1	Ecur_TVU34924.1	62.0	S	0.0
Psat_XP_050887295.1	Ecur_TVU34924.1	62.0	S	0.0
Sollyc_XP_004247201.1	Ecur_TVU34924.1	62.0	S	0.0
Cofcan_CDP19768.1	Ecur_TVU34924.1	62.0	S	0.0
Mesc_XP_021612650.1	Ecur_TVU34924.1	62.0	S	0.0
Qlob_XP_030947629.1	Ecur_TVU34924.1	62.0	S	0.0
Sollyc_XP_025888583.1	Ecur_TVU34924.1	62.0	S	0.0
Qlob_XP_030947628.1	Bnap_XP_048608056.1	62.0	S	0.0
Lsat_XP_023734930.1	Bnap_XP_048608056.1	62.0	S	0.0
Qlob_XP_030973177.1	Bnap_XP_048608056.1	62.0	S	0.0
Rchi_XP_024164996.1	Bnap_XP_048608056.1	62.0	S	0.0
Cofcan_CDP03676.1	Bnap_XP_048608056.1	62.0	S	0.0
Rchi_XP_040364728.1	Bnap_XP_048608056.1	62.0	S	0.0
Mtru_XP_003590573.1	Bnap_XP_048608056.1	62.0	S	0.0
Mesc_XP_043812339.1	Bnap_XP_048608056.1	62.0	S	0.0
Lsat_XP_023734931.1	Bnap_XP_048608056.1	62.0	S	0.0
Psat_XP_050887295.1	Bnap_XP_048608056.1	62.0	S	0.0
Sollyc_XP_004247201.1	Bnap_XP_048608056.1	62.0	S	0.0
Cofcan_CDP19768.1	Bnap_XP_048608056.1	62.0	S	0.0
Mesc_XP_021612650.1	Bnap_XP_048608056.1	62.0	S	0.0
Qlob_XP_030947629.1	Bnap_XP_048608056.1	62.0	S	0.0
Sollyc_XP_025888583.1	Bnap_XP_048608056.1	62.0	S	0.0
Qlob_XP_030947628.1	Tura_XP_048564742.1	62.0	S	0.0
Lsat_XP_023734930.1	Tura_XP_048564742.1	62.0	S	0.0
Qlob_XP_030973177.1	Tura_XP_048564742.1	62.0	S	0.0
Rchi_XP_024164996.1	Tura_XP_048564742.1	62.0	S	0.0
Cofcan_CDP03676.1	Tura_XP_048564742.1	62.0	S	0.0
Rchi_XP_040364728.1	Tura_XP_048564742.1	62.0	S	0.0
Mtru_XP_003590573.1	Tura_XP_048564742.1	62.0	S	0.0
Mesc_XP_043812339.1	Tura_XP_048564742.1	62.0	S	0.0
Lsat_XP_023734931.1	Tura_XP_048564742.1	62.0	S	0.0
Psat_XP_050887295.1	Tura_XP_048564742.1	62.0	S	0.0
Sollyc_XP_004247201.1	Tura_XP_048564742.1	62.0	S	0.0
Cofcan_CDP19768.1	Tura_XP_048564742.1	62.0	S	0.0
Mesc_XP_021612650.1	Tura_XP_048564742.1	62.0	S	0.0
Qlob_XP_030947629.1	Tura_XP_048564742.1	62.0	S	0.0
Sollyc_XP_025888583.1	Tura_XP_048564742.1	62.0	S	0.0
Qlob_XP_030947628.1	Osat_XP_015618184.1	62.0	S	0.0
Lsat_XP_023734930.1	Osat_XP_015618184.1	62.0	S	0.0
Qlob_XP_030973177.1	Osat_XP_015618184.1	62.0	S	0.0
Rchi_XP_024164996.1	Osat_XP_015618184.1	62.0	S	0.0
Cofcan_CDP03676.1	Osat_XP_015618184.1	62.0	S	0.0
Rchi_XP_040364728.1	Osat_XP_015618184.1	62.0	S	0.0
Mtru_XP_003590573.1	Osat_XP_015618184.1	62.0	S	0.0
Mesc_XP_043812339.1	Osat_XP_015618184.1	62.0	S	0.0
Lsat_XP_023734931.1	Osat_XP_015618184.1	62.0	S	0.0
Psat_XP_050887295.1	Osat_XP_015618184.1	62.0	S	0.0
Sollyc_XP_004247201.1	Osat_XP_015618184.1	62.0	S	0.0
Cofcan_CDP19768.1	Osat_XP_015618184.1	62.0	S	0.0
Mesc_XP_021612650.1	Osat_XP_015618184.1	62.0	S	0.0
Qlob_XP_030947629.1	Osat_XP_015618184.1	62.0	S	0.0
Sollyc_XP_025888583.1	Osat_XP_015618184.1	62.0	S	0.0
Qlob_XP_030947628.1	Zmay_NP_001360982.1	62.0	S	0.0
Lsat_XP_023734930.1	Zmay_NP_001360982.1	62.0	S	0.0
Qlob_XP_030973177.1	Zmay_NP_001360982.1	62.0	S	0.0
Rchi_XP_024164996.1	Zmay_NP_001360982.1	62.0	S	0.0
Cofcan_CDP03676.1	Zmay_NP_001360982.1	62.0	S	0.0
Rchi_XP_040364728.1	Zmay_NP_001360982.1	62.0	S	0.0
Mtru_XP_003590573.1	Zmay_NP_001360982.1	62.0	S	0.0
Mesc_XP_043812339.1	Zmay_NP_001360982.1	62.0	S	0.0
Lsat_XP_023734931.1	Zmay_NP_001360982.1	62.0	S	0.0
Psat_XP_050887295.1	Zmay_NP_001360982.1	62.0	S	0.0
Sollyc_XP_004247201.1	Zmay_NP_001360982.1	62.0	S	0.0
Cofcan_CDP19768.1	Zmay_NP_001360982.1	62.0	S	0.0
Mesc_XP_021612650.1	Zmay_NP_001360982.1	62.0	S	0.0
Qlob_XP_030947629.1	Zmay_NP_001360982.1	62.0	S	0.0
Sollyc_XP_025888583.1	Zmay_NP_001360982.1	62.0	S	0.0
Qlob_XP_030947628.1	Bnap_XP_048608055.1	62.0	S	0.0
Lsat_XP_023734930.1	Bnap_XP_048608055.1	62.0	S	0.0
Qlob_XP_030973177.1	Bnap_XP_048608055.1	62.0	S	0.0
Rchi_XP_024164996.1	Bnap_XP_048608055.1	62.0	S	0.0
Cofcan_CDP03676.1	Bnap_XP_048608055.1	62.0	S	0.0
Rchi_XP_040364728.1	Bnap_XP_048608055.1	62.0	S	0.0
Mtru_XP_003590573.1	Bnap_XP_048608055.1	62.0	S	0.0
Mesc_XP_043812339.1	Bnap_XP_048608055.1	62.0	S	0.0
Lsat_XP_023734931.1	Bnap_XP_048608055.1	62.0	S	0.0
Psat_XP_050887295.1	Bnap_XP_048608055.1	62.0	S	0.0
Sollyc_XP_004247201.1	Bnap_XP_048608055.1	62.0	S	0.0
Cofcan_CDP19768.1	Bnap_XP_048608055.1	62.0	S	0.0
Mesc_XP_021612650.1	Bnap_XP_048608055.1	62.0	S	0.0
Qlob_XP_030947629.1	Bnap_XP_048608055.1	62.0	S	0.0
Sollyc_XP_025888583.1	Bnap_XP_048608055.1	62.0	S	0.0
Qlob_XP_030947628.1	Osat_XP_015618176.1	62.0	S	0.0
Lsat_XP_023734930.1	Osat_XP_015618176.1	62.0	S	0.0
Qlob_XP_030973177.1	Osat_XP_015618176.1	62.0	S	0.0
Rchi_XP_024164996.1	Osat_XP_015618176.1	62.0	S	0.0
Cofcan_CDP03676.1	Osat_XP_015618176.1	62.0	S	0.0
Rchi_XP_040364728.1	Osat_XP_015618176.1	62.0	S	0.0
Mtru_XP_003590573.1	Osat_XP_015618176.1	62.0	S	0.0
Mesc_XP_043812339.1	Osat_XP_015618176.1	62.0	S	0.0
Lsat_XP_023734931.1	Osat_XP_015618176.1	62.0	S	0.0
Psat_XP_050887295.1	Osat_XP_015618176.1	62.0	S	0.0
Sollyc_XP_004247201.1	Osat_XP_015618176.1	62.0	S	0.0
Cofcan_CDP19768.1	Osat_XP_015618176.1	62.0	S	0.0
Mesc_XP_021612650.1	Osat_XP_015618176.1	62.0	S	0.0
Qlob_XP_030947629.1	Osat_XP_015618176.1	62.0	S	0.0
Sollyc_XP_025888583.1	Osat_XP_015618176.1	62.0	S	0.0
Qlob_XP_030947628.1	Bnap_XP_013682006.3	62.0	S	0.0
Lsat_XP_023734930.1	Bnap_XP_013682006.3	62.0	S	0.0
Qlob_XP_030973177.1	Bnap_XP_013682006.3	62.0	S	0.0
Rchi_XP_024164996.1	Bnap_XP_013682006.3	62.0	S	0.0
Cofcan_CDP03676.1	Bnap_XP_013682006.3	62.0	S	0.0
Rchi_XP_040364728.1	Bnap_XP_013682006.3	62.0	S	0.0
Mtru_XP_003590573.1	Bnap_XP_013682006.3	62.0	S	0.0
Mesc_XP_043812339.1	Bnap_XP_013682006.3	62.0	S	0.0
Lsat_XP_023734931.1	Bnap_XP_013682006.3	62.0	S	0.0
Psat_XP_050887295.1	Bnap_XP_013682006.3	62.0	S	0.0
Sollyc_XP_004247201.1	Bnap_XP_013682006.3	62.0	S	0.0
Cofcan_CDP19768.1	Bnap_XP_013682006.3	62.0	S	0.0
Mesc_XP_021612650.1	Bnap_XP_013682006.3	62.0	S	0.0
Qlob_XP_030947629.1	Bnap_XP_013682006.3	62.0	S	0.0
Sollyc_XP_025888583.1	Bnap_XP_013682006.3	62.0	S	0.0
Qlob_XP_030947628.1	Bdis_XP_024313966.1	62.0	S	0.0
Lsat_XP_023734930.1	Bdis_XP_024313966.1	62.0	S	0.0
Qlob_XP_030973177.1	Bdis_XP_024313966.1	62.0	S	0.0
Rchi_XP_024164996.1	Bdis_XP_024313966.1	62.0	S	0.0
Cofcan_CDP03676.1	Bdis_XP_024313966.1	62.0	S	0.0
Rchi_XP_040364728.1	Bdis_XP_024313966.1	62.0	S	0.0
Mtru_XP_003590573.1	Bdis_XP_024313966.1	62.0	S	0.0
Mesc_XP_043812339.1	Bdis_XP_024313966.1	62.0	S	0.0
Lsat_XP_023734931.1	Bdis_XP_024313966.1	62.0	S	0.0
Psat_XP_050887295.1	Bdis_XP_024313966.1	62.0	S	0.0
Sollyc_XP_004247201.1	Bdis_XP_024313966.1	62.0	S	0.0
Cofcan_CDP19768.1	Bdis_XP_024313966.1	62.0	S	0.0
Mesc_XP_021612650.1	Bdis_XP_024313966.1	62.0	S	0.0
Qlob_XP_030947629.1	Bdis_XP_024313966.1	62.0	S	0.0
Sollyc_XP_025888583.1	Bdis_XP_024313966.1	62.0	S	0.0
Qlob_XP_030947628.1	Osat_XP_015618169.1	62.0	S	0.0
Lsat_XP_023734930.1	Osat_XP_015618169.1	62.0	S	0.0
Qlob_XP_030973177.1	Osat_XP_015618169.1	62.0	S	0.0
Rchi_XP_024164996.1	Osat_XP_015618169.1	62.0	S	0.0
Cofcan_CDP03676.1	Osat_XP_015618169.1	62.0	S	0.0
Rchi_XP_040364728.1	Osat_XP_015618169.1	62.0	S	0.0
Mtru_XP_003590573.1	Osat_XP_015618169.1	62.0	S	0.0
Mesc_XP_043812339.1	Osat_XP_015618169.1	62.0	S	0.0
Lsat_XP_023734931.1	Osat_XP_015618169.1	62.0	S	0.0
Psat_XP_050887295.1	Osat_XP_015618169.1	62.0	S	0.0
Sollyc_XP_004247201.1	Osat_XP_015618169.1	62.0	S	0.0
Cofcan_CDP19768.1	Osat_XP_015618169.1	62.0	S	0.0
Mesc_XP_021612650.1	Osat_XP_015618169.1	62.0	S	0.0
Qlob_XP_030947629.1	Osat_XP_015618169.1	62.0	S	0.0
Sollyc_XP_025888583.1	Osat_XP_015618169.1	62.0	S	0.0
Qlob_XP_030947628.1	Osat_XP_025877206.1	62.0	S	0.0
Lsat_XP_023734930.1	Osat_XP_025877206.1	62.0	S	0.0
Qlob_XP_030973177.1	Osat_XP_025877206.1	62.0	S	0.0
Rchi_XP_024164996.1	Osat_XP_025877206.1	62.0	S	0.0
Cofcan_CDP03676.1	Osat_XP_025877206.1	62.0	S	0.0
Rchi_XP_040364728.1	Osat_XP_025877206.1	62.0	S	0.0
Mtru_XP_003590573.1	Osat_XP_025877206.1	62.0	S	0.0
Mesc_XP_043812339.1	Osat_XP_025877206.1	62.0	S	0.0
Lsat_XP_023734931.1	Osat_XP_025877206.1	62.0	S	0.0
Psat_XP_050887295.1	Osat_XP_025877206.1	62.0	S	0.0
Sollyc_XP_004247201.1	Osat_XP_025877206.1	62.0	S	0.0
Cofcan_CDP19768.1	Osat_XP_025877206.1	62.0	S	0.0
Mesc_XP_021612650.1	Osat_XP_025877206.1	62.0	S	0.0
Qlob_XP_030947629.1	Osat_XP_025877206.1	62.0	S	0.0
Sollyc_XP_025888583.1	Osat_XP_025877206.1	62.0	S	0.0
Qlob_XP_030947628.1	Bdis_XP_003569931.2	62.0	S	0.0
Lsat_XP_023734930.1	Bdis_XP_003569931.2	62.0	S	0.0
Qlob_XP_030973177.1	Bdis_XP_003569931.2	62.0	S	0.0
Rchi_XP_024164996.1	Bdis_XP_003569931.2	62.0	S	0.0
Cofcan_CDP03676.1	Bdis_XP_003569931.2	62.0	S	0.0
Rchi_XP_040364728.1	Bdis_XP_003569931.2	62.0	S	0.0
Mtru_XP_003590573.1	Bdis_XP_003569931.2	62.0	S	0.0
Mesc_XP_043812339.1	Bdis_XP_003569931.2	62.0	S	0.0
Lsat_XP_023734931.1	Bdis_XP_003569931.2	62.0	S	0.0
Psat_XP_050887295.1	Bdis_XP_003569931.2	62.0	S	0.0
Sollyc_XP_004247201.1	Bdis_XP_003569931.2	62.0	S	0.0
Cofcan_CDP19768.1	Bdis_XP_003569931.2	62.0	S	0.0
Mesc_XP_021612650.1	Bdis_XP_003569931.2	62.0	S	0.0
Qlob_XP_030947629.1	Bdis_XP_003569931.2	62.0	S	0.0
Sollyc_XP_025888583.1	Bdis_XP_003569931.2	62.0	S	0.0
Sros_XP_004988256.1	Mbre_XP_001743620.1	100.0	S	0.0
Pigvie_Pvie_g7752	Lcom_lcpid113704|	100.0	S	0.0
Pigchi_Pchi_g9534	Lcom_lcpid113704|	100.0	S	0.0
Cowc_XP_004364766.2	Lcom_lcpid113704|	100.0	S	0.0
Pigvie_Pvie_g7752	Emue_Em0015g829a	100.0	S	0.0
Pigchi_Pchi_g9534	Emue_Em0015g829a	100.0	S	0.0
Cowc_XP_004364766.2	Emue_Em0015g829a	100.0	S	0.0
Pigvie_Pvie_g7752	Twil_T_wilhelma_c32068_g3_i1|m.45570	100.0	S	0.0
Pigchi_Pchi_g9534	Twil_T_wilhelma_c32068_g3_i1|m.45570	100.0	S	0.0
Cowc_XP_004364766.2	Twil_T_wilhelma_c32068_g3_i1|m.45570	100.0	S	0.0
Pigvie_Pvie_g7752	Emue_Em0015g867a	100.0	S	0.0
Pigchi_Pchi_g9534	Emue_Em0015g867a	100.0	S	0.0
Cowc_XP_004364766.2	Emue_Em0015g867a	100.0	S	0.0
Pigvie_Pvie_g7752	Scil_XP_065179869.1	100.0	S	0.0
Pigchi_Pchi_g9534	Scil_XP_065179869.1	100.0	S	0.0
Cowc_XP_004364766.2	Scil_XP_065179869.1	100.0	S	0.0
Pigvie_Pvie_g7752	Aque_XP_019855988.1	100.0	S	0.0
Pigchi_Pchi_g9534	Aque_XP_019855988.1	100.0	S	0.0
Cowc_XP_004364766.2	Aque_XP_019855988.1	100.0	S	0.0
Mbre_XP_001744551.1	Twil_T_wilhelma_c28507_g1_i2|m.25183	99.0	S	0.0
Mbre_XP_001744551.1	Emue_Em0004g89a	99.0	S	0.0
Mbre_XP_001744551.1	Aque_XP_019854219.1	99.0	S	0.0
Mbre_XP_001744551.1	Aque_XP_019854218.1	99.0	S	0.0
Sros_XP_004994712.1	Cowc_XP_004363350.2	99.0	S	0.0
Mbre_XP_001747949.1	Cowc_XP_004363350.2	99.0	S	0.0
Sros_XP_004994712.1	Scil_XP_065182659.1	99.0	S	0.0
Mbre_XP_001747949.1	Scil_XP_065182659.1	99.0	S	0.0
Sros_XP_004994712.1	Emue_Em0960g3a	99.0	S	0.0
Mbre_XP_001747949.1	Emue_Em0960g3a	99.0	S	0.0
Sros_XP_004994712.1	Lcom_lcpid61937|	99.0	S	0.0
Mbre_XP_001747949.1	Lcom_lcpid61937|	99.0	S	0.0
Sros_XP_004994712.1	Aque_XP_011403823.1	99.0	S	0.0
Mbre_XP_001747949.1	Aque_XP_011403823.1	99.0	S	0.0
Sros_XP_004994712.1	Emue_Em0019g914a	99.0	S	0.0
Mbre_XP_001747949.1	Emue_Em0019g914a	99.0	S	0.0
Sros_XP_004994712.1	Twil_T_wilhelma_c23056_g1_i3|m.9144	99.0	S	0.0
Mbre_XP_001747949.1	Twil_T_wilhelma_c23056_g1_i3|m.9144	99.0	S	0.0
Sros_XP_004994712.1	Twil_T_wilhelma_c23056_g1_i1|m.9140	99.0	S	0.0
Mbre_XP_001747949.1	Twil_T_wilhelma_c23056_g1_i1|m.9140	99.0	S	0.0
Sros_XP_004994712.1	Twil_T_wilhelma_c23056_g1_i2|m.9142	99.0	S	0.0
Mbre_XP_001747949.1	Twil_T_wilhelma_c23056_g1_i2|m.9142	99.0	S	0.0
Sros_XP_004994712.1	Cowc_XP_011270392.1	99.0	S	0.0
Mbre_XP_001747949.1	Cowc_XP_011270392.1	99.0	S	0.0
Sros_XP_004994712.1	Emue_Em0246g2a	99.0	S	0.0
Mbre_XP_001747949.1	Emue_Em0246g2a	99.0	S	0.0
Scil_XP_065178252.1	Lcom_lcpid59751|	100.0	S	0.0
Scil_XP_065178252.1	Lcom_lcpid52748|	100.0	S	0.0
Mbre_XP_001746653.1	Lpol_XP_013777533.1	98.0	S	0.0
Sros_XP_004998739.1	Lpol_XP_013777533.1	98.0	S	0.0
Mbre_XP_001746653.1	Lcom_lcpid192438|	98.0	S	0.0
Sros_XP_004998739.1	Lcom_lcpid192438|	98.0	S	0.0
Mbre_XP_001746653.1	Agrpla_XP_018320992.1	98.0	S	0.0
Sros_XP_004998739.1	Agrpla_XP_018320992.1	98.0	S	0.0
Mbre_XP_001746653.1	Xtro_NP_988915.1	98.0	S	0.0
Sros_XP_004998739.1	Xtro_NP_988915.1	98.0	S	0.0
Mbre_XP_001746653.1	Cvir_XP_022318228.1	98.0	S	0.0
Sros_XP_004998739.1	Cvir_XP_022318228.1	98.0	S	0.0
Mbre_XP_001746653.1	Lpol_XP_022242198.1	98.0	S	0.0
Sros_XP_004998739.1	Lpol_XP_022242198.1	98.0	S	0.0
Mbre_XP_001746653.1	Aque_XP_011405699.1	98.0	S	0.0
Sros_XP_004998739.1	Aque_XP_011405699.1	98.0	S	0.0
Mbre_XP_001746653.1	Lpol_XP_013775038.1	98.0	S	0.0
Sros_XP_004998739.1	Lpol_XP_013775038.1	98.0	S	0.0
Mbre_XP_001746653.1	Cscu_XP_023219803.1	98.0	S	0.0
Sros_XP_004998739.1	Cscu_XP_023219803.1	98.0	S	0.0
Mbre_XP_001746653.1	Emue_Em0010g663a	98.0	S	0.0
Sros_XP_004998739.1	Emue_Em0010g663a	98.0	S	0.0
Mbre_XP_001746653.1	Hsap_XP_011538242.1	98.0	S	0.0
Sros_XP_004998739.1	Hsap_XP_011538242.1	98.0	S	0.0
Mbre_XP_001746653.1	Apla_XP_022080314.1	98.0	S	0.0
Sros_XP_004998739.1	Apla_XP_022080314.1	98.0	S	0.0
Mbre_XP_001746653.1	Hrob_XP_009025637.1	98.0	S	0.0
Sros_XP_004998739.1	Hrob_XP_009025637.1	98.0	S	0.0
Mbre_XP_001746653.1	Twil_T_wilhelma_c26228_g1_i1|m.16413	98.0	S	0.0
Sros_XP_004998739.1	Twil_T_wilhelma_c26228_g1_i1|m.16413	98.0	S	0.0
Mbre_XP_001746653.1	Cint_XP_018672432.2	98.0	S	0.0
Sros_XP_004998739.1	Cint_XP_018672432.2	98.0	S	0.0
Mbre_XP_001746653.1	Ggal_XP_426507.2	98.0	S	0.0
Sros_XP_004998739.1	Ggal_XP_426507.2	98.0	S	0.0
Mbre_XP_001746653.1	Cscu_XP_023219802.1	98.0	S	0.0
Sros_XP_004998739.1	Cscu_XP_023219802.1	98.0	S	0.0
Mbre_XP_001746653.1	Obim_XP_014772373.1	98.0	S	0.0
Sros_XP_004998739.1	Obim_XP_014772373.1	98.0	S	0.0
Mbre_XP_001746653.1	Emue_Em0010g647a	98.0	S	0.0
Sros_XP_004998739.1	Emue_Em0010g647a	98.0	S	0.0
Mbre_XP_001746653.1	Aplcal_XP_005092336.1	98.0	S	0.0
Sros_XP_004998739.1	Aplcal_XP_005092336.1	98.0	S	0.0
Mbre_XP_001746653.1	Pigchi_Pchi_g10289	98.0	S	0.0
Sros_XP_004998739.1	Pigchi_Pchi_g10289	98.0	S	0.0
Mbre_XP_001746653.1	Smar_SMAR013954-PA	98.0	S	0.0
Sros_XP_004998739.1	Smar_SMAR013954-PA	98.0	S	0.0
Mbre_XP_001746653.1	Twil_T_wilhelma_c26228_g1_i3|m.16415	98.0	S	0.0
Sros_XP_004998739.1	Twil_T_wilhelma_c26228_g1_i3|m.16415	98.0	S	0.0
Mbre_XP_001746653.1	Emue_Em0010g680a	98.0	S	0.0
Sros_XP_004998739.1	Emue_Em0010g680a	98.0	S	0.0
Mbre_XP_001746653.1	Drer_NP_958904.1	98.0	S	0.0
Sros_XP_004998739.1	Drer_NP_958904.1	98.0	S	0.0
Mbre_XP_001746653.1	Blan_XP_066303428.1	98.0	S	0.0
Sros_XP_004998739.1	Blan_XP_066303428.1	98.0	S	0.0
Mbre_XP_001746653.1	Emue_Em0010g639a	98.0	S	0.0
Sros_XP_004998739.1	Emue_Em0010g639a	98.0	S	0.0
Mbre_XP_001746653.1	Lana_XP_013385380.1	98.0	S	0.0
Sros_XP_004998739.1	Lana_XP_013385380.1	98.0	S	0.0
Mbre_XP_001746653.1	Lpol_XP_022242199.1	98.0	S	0.0
Sros_XP_004998739.1	Lpol_XP_022242199.1	98.0	S	0.0
Mbre_XP_001746653.1	Pvan_XP_027207134.1	98.0	S	0.0
Sros_XP_004998739.1	Pvan_XP_027207134.1	98.0	S	0.0
Mbre_XP_001746653.1	Cowc_XP_004349282.2	98.0	S	0.0
Sros_XP_004998739.1	Cowc_XP_004349282.2	98.0	S	0.0
Mbre_XP_001746653.1	Lpol_XP_022239646.1	98.0	S	0.0
Sros_XP_004998739.1	Lpol_XP_022239646.1	98.0	S	0.0
Mbre_XP_001746653.1	Blan_XP_066303427.1	98.0	S	0.0
Sros_XP_004998739.1	Blan_XP_066303427.1	98.0	S	0.0
Mbre_XP_001746653.1	Pigvie_Pvie_g6971	98.0	S	0.0
Sros_XP_004998739.1	Pigvie_Pvie_g6971	98.0	S	0.0
Mbre_XP_001746653.1	Btab_XP_018911171.1	98.0	S	0.0
Sros_XP_004998739.1	Btab_XP_018911171.1	98.0	S	0.0
Mbre_XP_001746653.1	Cper_Nk52_evm51s164	98.0	S	0.0
Sros_XP_004998739.1	Cper_Nk52_evm51s164	98.0	S	0.0
Mbre_XP_001746653.1	Cscu_XP_023219801.1	98.0	S	0.0
Sros_XP_004998739.1	Cscu_XP_023219801.1	98.0	S	0.0
Mbre_XP_001746653.1	Ofus_CAH1793965.1	98.0	S	0.0
Sros_XP_004998739.1	Ofus_CAH1793965.1	98.0	S	0.0
Mbre_XP_001746653.1	Spur_XP_030835125.1	98.0	S	0.0
Sros_XP_004998739.1	Spur_XP_030835125.1	98.0	S	0.0
Mbre_XP_001746653.1	Twil_T_wilhelma_c26228_g1_i2|m.16414	98.0	S	0.0
Sros_XP_004998739.1	Twil_T_wilhelma_c26228_g1_i2|m.16414	98.0	S	0.0
Mbre_XP_001746653.1	Hsap_NP_060372.2	98.0	S	0.0
Sros_XP_004998739.1	Hsap_NP_060372.2	98.0	S	0.0
Mbre_XP_001746653.1	Emue_Em0010g651a	98.0	S	0.0
Sros_XP_004998739.1	Emue_Em0010g651a	98.0	S	0.0
Mpol_BFI24177.1	Smoe_XP_024531781.1	83.0	S	0.0
Mpol_BFI24177.1	Ppat_XP_024399957.1	83.0	S	0.0
Mpol_BFI24177.1	Smoe_XP_024539595.1	83.0	S	0.0
Atri_XP_020526473.1	Osat_XP_015610619.1	99.0	S	0.0
Atri_XP_020526473.1	Zmay_XP_008665873.1	99.0	S	0.0
Atri_XP_020526473.1	Lsat_XP_023742173.1	99.0	S	0.0
Atri_XP_020526473.1	Tura_XP_048542530.1	99.0	S	0.0
Atri_XP_020526473.1	Zmay_XP_023157516.1	99.0	S	0.0
Atri_XP_020526473.1	Zmay_XP_035823399.1	99.0	S	0.0
Atri_XP_020526473.1	Qlob_XP_030953153.1	99.0	S	0.0
Atri_XP_020526473.1	Ecur_TVU10016.1	99.0	S	0.0
Atri_XP_020526473.1	Zmay_XP_008651381.1	99.0	S	0.0
Atri_XP_020526473.1	Sollyc_XP_069152187.1	99.0	S	0.0
Atri_XP_020526473.1	Atha_NP_001327067.1	99.0	S	0.0
Atri_XP_020526473.1	Atha_NP_001030733.1	99.0	S	0.0
Atri_XP_020526473.1	Mesc_XP_043805952.1	99.0	S	0.0
Atri_XP_020526473.1	Zmay_NP_001140556.1	99.0	S	0.0
Atri_XP_020526473.1	Qlob_XP_030958993.1	99.0	S	0.0
Atri_XP_020526473.1	Rchi_XP_024159049.1	99.0	S	0.0
Atri_XP_020526473.1	Bdis_XP_014758878.1	99.0	S	0.0
Atri_XP_020526473.1	Zmay_XP_008665874.1	99.0	S	0.0
Atri_XP_020526473.1	Mesc_XP_043805953.1	99.0	S	0.0
Atri_XP_020526473.1	Atha_NP_566667.1	99.0	S	0.0
Atri_XP_020526473.1	Bnap_XP_013697929.1	99.0	S	0.0
Atri_XP_020526473.1	Bnap_XP_048630333.1	99.0	S	0.0
Atri_XP_020526473.1	Atha_NP_850617.1	99.0	S	0.0
Atri_XP_020526473.1	Rchi_XP_040375663.1	99.0	S	0.0
Atri_XP_020526473.1	Atha_NP_001327066.1	99.0	S	0.0
Atri_XP_020526473.1	Ecur_TVU05222.1	99.0	S	0.0
Atri_XP_020526473.1	Zmay_XP_035823398.1	99.0	S	0.0
Atri_XP_020526473.1	Ecur_TVU01081.1	99.0	S	0.0
Atri_XP_020526473.1	Rchi_XP_024159048.1	99.0	S	0.0
Atri_XP_020526473.1	Tura_XP_048530839.1	99.0	S	0.0
Atri_XP_020526473.1	Osat_XP_015648710.1	99.0	S	0.0
Atri_XP_020526473.1	Sollyc_NP_001306150.1	99.0	S	0.0
Atri_XP_020526473.1	Mesc_XP_043813758.1	99.0	S	0.0
Atri_XP_020526473.1	Zmay_XP_008667465.1	99.0	S	0.0
Atri_XP_020526473.1	Rchi_XP_040375662.1	99.0	S	0.0
Atri_XP_020526473.1	Bnap_XP_013697930.1	99.0	S	0.0
Atri_XP_020526473.1	Bnap_XP_048630334.1	99.0	S	0.0
Atri_XP_020526473.1	Mesc_XP_021616706.1	99.0	S	0.0
Atri_XP_020526473.1	Qlob_XP_030958989.1	99.0	S	0.0
Atri_XP_020526473.1	Psat_XP_050893429.1	99.0	S	0.0
Atri_XP_020526473.1	Rchi_XP_024158191.1	99.0	S	0.0
Atri_XP_020526473.1	Tura_XP_048530838.1	99.0	S	0.0
Atri_XP_020526473.1	Mesc_XP_043813756.1	99.0	S	0.0
Atri_XP_020526473.1	Mtru_XP_013456231.1	99.0	S	0.0
Atri_XP_020526473.1	Bdis_XP_003572365.1	99.0	S	0.0
Atri_XP_020526473.1	Cofcan_CDP14099.1	99.0	S	0.0
Atri_XP_020526473.1	Rchi_XP_024159047.1	99.0	S	0.0
Atri_XP_020526473.1	Tura_XP_048543124.1	99.0	S	0.0
Atri_XP_020526473.1	Osat_XP_015648712.1	99.0	S	0.0
Atri_XP_020526473.1	Qlob_XP_030958998.1	99.0	S	0.0
Atri_XP_020526473.1	Qlob_XP_030959004.1	99.0	S	0.0
Atri_XP_020526473.1	Bnap_XP_048605489.1	99.0	S	0.0
Atri_XP_020526473.1	Qlob_XP_030953162.1	99.0	S	0.0
Atri_XP_020526473.1	Mesc_XP_043813759.1	99.0	S	0.0
Atri_XP_020526473.1	Bnap_XP_013749294.2	99.0	S	0.0
Atri_XP_020526473.1	Mesc_XP_043813755.1	99.0	S	0.0
Atri_XP_020526473.1	Bnap_XP_013749295.1	99.0	S	0.0
Atri_XP_020526473.1	Mesc_XP_021616705.1	99.0	S	0.0
Atri_XP_020526473.1	Osat_XP_015648711.1	99.0	S	0.0
Atri_XP_020526473.1	Qlob_XP_030959010.1	99.0	S	0.0
Sarc_XP_014151949.1	Tbri_KRY47478.1	60.0	S	0.0
Ppat_XP_024376210.1	Tbri_KRY47478.1	60.0	S	0.0
Cfra_CFRG8355T1	Tbri_KRY47478.1	60.0	S	0.0
Ppat_XP_024376209.1	Tbri_KRY47478.1	60.0	S	0.0
Sarc_XP_014151949.1	Avit_KAL3989456.1	60.0	S	0.0
Ppat_XP_024376210.1	Avit_KAL3989456.1	60.0	S	0.0
Cfra_CFRG8355T1	Avit_KAL3989456.1	60.0	S	0.0
Ppat_XP_024376209.1	Avit_KAL3989456.1	60.0	S	0.0
Sarc_XP_014151949.1	Asuu_AgB01_g822_t01	60.0	S	0.0
Ppat_XP_024376210.1	Asuu_AgB01_g822_t01	60.0	S	0.0
Cfra_CFRG8355T1	Asuu_AgB01_g822_t01	60.0	S	0.0
Ppat_XP_024376209.1	Asuu_AgB01_g822_t01	60.0	S	0.0
Sarc_XP_014151949.1	Lsig_VDK83118.1	60.0	S	0.0
Ppat_XP_024376210.1	Lsig_VDK83118.1	60.0	S	0.0
Cfra_CFRG8355T1	Lsig_VDK83118.1	60.0	S	0.0
Ppat_XP_024376209.1	Lsig_VDK83118.1	60.0	S	0.0
Sarc_XP_014151949.1	Ddip_jg26533	60.0	S	0.0
Ppat_XP_024376210.1	Ddip_jg26533	60.0	S	0.0
Cfra_CFRG8355T1	Ddip_jg26533	60.0	S	0.0
Ppat_XP_024376209.1	Ddip_jg26533	60.0	S	0.0
Sarc_XP_014151949.1	Plae_KAI0984298.1	60.0	S	0.0
Ppat_XP_024376210.1	Plae_KAI0984298.1	60.0	S	0.0
Cfra_CFRG8355T1	Plae_KAI0984298.1	60.0	S	0.0
Ppat_XP_024376209.1	Plae_KAI0984298.1	60.0	S	0.0
Sarc_XP_014151949.1	Trimur_TMUE_0000000640	60.0	S	0.0
Ppat_XP_024376210.1	Trimur_TMUE_0000000640	60.0	S	0.0
Cfra_CFRG8355T1	Trimur_TMUE_0000000640	60.0	S	0.0
Ppat_XP_024376209.1	Trimur_TMUE_0000000640	60.0	S	0.0
Sarc_XP_014151949.1	Lloa_XP_003140884.1	60.0	S	0.0
Ppat_XP_024376210.1	Lloa_XP_003140884.1	60.0	S	0.0
Cfra_CFRG8355T1	Lloa_XP_003140884.1	60.0	S	0.0
Ppat_XP_024376209.1	Lloa_XP_003140884.1	60.0	S	0.0
Sarc_XP_014151949.1	Tnat_KRZ50470.1	60.0	S	0.0
Ppat_XP_024376210.1	Tnat_KRZ50470.1	60.0	S	0.0
Cfra_CFRG8355T1	Tnat_KRZ50470.1	60.0	S	0.0
Ppat_XP_024376209.1	Tnat_KRZ50470.1	60.0	S	0.0
Sarc_XP_014151949.1	Dimm_MCP9257372.1	60.0	S	0.0
Ppat_XP_024376210.1	Dimm_MCP9257372.1	60.0	S	0.0
Cfra_CFRG8355T1	Dimm_MCP9257372.1	60.0	S	0.0
Ppat_XP_024376209.1	Dimm_MCP9257372.1	60.0	S	0.0
Sarc_XP_014151949.1	Eela_EEL_0000590401-mRNA-1	60.0	S	0.0
Ppat_XP_024376210.1	Eela_EEL_0000590401-mRNA-1	60.0	S	0.0
Cfra_CFRG8355T1	Eela_EEL_0000590401-mRNA-1	60.0	S	0.0
Ppat_XP_024376209.1	Eela_EEL_0000590401-mRNA-1	60.0	S	0.0
Sarc_XP_014151949.1	Asuu_AgB01_g822_t03	60.0	S	0.0
Ppat_XP_024376210.1	Asuu_AgB01_g822_t03	60.0	S	0.0
Cfra_CFRG8355T1	Asuu_AgB01_g822_t03	60.0	S	0.0
Ppat_XP_024376209.1	Asuu_AgB01_g822_t03	60.0	S	0.0
Sarc_XP_014151949.1	Hcon_XGW18521.1	60.0	S	0.0
Ppat_XP_024376210.1	Hcon_XGW18521.1	60.0	S	0.0
Cfra_CFRG8355T1	Hcon_XGW18521.1	60.0	S	0.0
Ppat_XP_024376209.1	Hcon_XGW18521.1	60.0	S	0.0
Sarc_XP_014151949.1	Acey_EYB86026.1	60.0	S	0.0
Ppat_XP_024376210.1	Acey_EYB86026.1	60.0	S	0.0
Cfra_CFRG8355T1	Acey_EYB86026.1	60.0	S	0.0
Ppat_XP_024376209.1	Acey_EYB86026.1	60.0	S	0.0
Sarc_XP_014151949.1	Otip_Oti_326_t	60.0	S	0.0
Ppat_XP_024376210.1	Otip_Oti_326_t	60.0	S	0.0
Cfra_CFRG8355T1	Otip_Oti_326_t	60.0	S	0.0
Ppat_XP_024376209.1	Otip_Oti_326_t	60.0	S	0.0
Sarc_XP_014151949.1	Srat_XP_024508351.1	60.0	S	0.0
Ppat_XP_024376210.1	Srat_XP_024508351.1	60.0	S	0.0
Cfra_CFRG8355T1	Srat_XP_024508351.1	60.0	S	0.0
Ppat_XP_024376209.1	Srat_XP_024508351.1	60.0	S	0.0
Sarc_XP_014151949.1	Ever_VDD93866.1	60.0	S	0.0
Ppat_XP_024376210.1	Ever_VDD93866.1	60.0	S	0.0
Cfra_CFRG8355T1	Ever_VDD93866.1	60.0	S	0.0
Ppat_XP_024376209.1	Ever_VDD93866.1	60.0	S	0.0
Sarc_XP_014151949.1	Sbat_VDO98087.1	60.0	S	0.0
Ppat_XP_024376210.1	Sbat_VDO98087.1	60.0	S	0.0
Cfra_CFRG8355T1	Sbat_VDO98087.1	60.0	S	0.0
Ppat_XP_024376209.1	Sbat_VDO98087.1	60.0	S	0.0
Sarc_XP_014151949.1	Asuu_AgB01_g822_t02	60.0	S	0.0
Ppat_XP_024376210.1	Asuu_AgB01_g822_t02	60.0	S	0.0
Cfra_CFRG8355T1	Asuu_AgB01_g822_t02	60.0	S	0.0
Ppat_XP_024376209.1	Asuu_AgB01_g822_t02	60.0	S	0.0
Sarc_XP_014151949.1	Bmal_XP_001897040.1	60.0	S	0.0
Ppat_XP_024376210.1	Bmal_XP_001897040.1	60.0	S	0.0
Cfra_CFRG8355T1	Bmal_XP_001897040.1	60.0	S	0.0
Ppat_XP_024376209.1	Bmal_XP_001897040.1	60.0	S	0.0
Sarc_XP_014151949.1	Sypmur_SMUV_0000527301-mRNA-1	60.0	S	0.0
Ppat_XP_024376210.1	Sypmur_SMUV_0000527301-mRNA-1	60.0	S	0.0
Cfra_CFRG8355T1	Sypmur_SMUV_0000527301-mRNA-1	60.0	S	0.0
Ppat_XP_024376209.1	Sypmur_SMUV_0000527301-mRNA-1	60.0	S	0.0
Sarc_XP_014151949.1	Tspi_XP_003368987.1	60.0	S	0.0
Ppat_XP_024376210.1	Tspi_XP_003368987.1	60.0	S	0.0
Cfra_CFRG8355T1	Tspi_XP_003368987.1	60.0	S	0.0
Ppat_XP_024376209.1	Tspi_XP_003368987.1	60.0	S	0.0
Sarc_XP_014151949.1	Mbel_CAJ0964053.1	60.0	S	0.0
Ppat_XP_024376210.1	Mbel_CAJ0964053.1	60.0	S	0.0
Cfra_CFRG8355T1	Mbel_CAJ0964053.1	60.0	S	0.0
Ppat_XP_024376209.1	Mbel_CAJ0964053.1	60.0	S	0.0
Sarc_XP_014151949.1	Trimur_TMUE_3000012690	60.0	S	0.0
Ppat_XP_024376210.1	Trimur_TMUE_3000012690	60.0	S	0.0
Cfra_CFRG8355T1	Trimur_TMUE_3000012690	60.0	S	0.0
Ppat_XP_024376209.1	Trimur_TMUE_3000012690	60.0	S	0.0
Sarc_XP_014151949.1	Asuu_AgB01_g822_t05	60.0	S	0.0
Ppat_XP_024376210.1	Asuu_AgB01_g822_t05	60.0	S	0.0
Cfra_CFRG8355T1	Asuu_AgB01_g822_t05	60.0	S	0.0
Ppat_XP_024376209.1	Asuu_AgB01_g822_t05	60.0	S	0.0
Sarc_XP_014151949.1	Tsui_KHJ45102.1	60.0	S	0.0
Ppat_XP_024376210.1	Tsui_KHJ45102.1	60.0	S	0.0
Cfra_CFRG8355T1	Tsui_KHJ45102.1	60.0	S	0.0
Ppat_XP_024376209.1	Tsui_KHJ45102.1	60.0	S	0.0
Sarc_XP_014151949.1	Plae_KAI0984297.1	60.0	S	0.0
Ppat_XP_024376210.1	Plae_KAI0984297.1	60.0	S	0.0
Cfra_CFRG8355T1	Plae_KAI0984297.1	60.0	S	0.0
Ppat_XP_024376209.1	Plae_KAI0984297.1	60.0	S	0.0
Sarc_XP_014151949.1	Hpol_VDP19018.1	60.0	S	0.0
Ppat_XP_024376210.1	Hpol_VDP19018.1	60.0	S	0.0
Cfra_CFRG8355T1	Hpol_VDP19018.1	60.0	S	0.0
Ppat_XP_024376209.1	Hpol_VDP19018.1	60.0	S	0.0
Sarc_XP_014151949.1	Ovol_OVOC3662	60.0	S	0.0
Ppat_XP_024376210.1	Ovol_OVOC3662	60.0	S	0.0
Cfra_CFRG8355T1	Ovol_OVOC3662	60.0	S	0.0
Ppat_XP_024376209.1	Ovol_OVOC3662	60.0	S	0.0
Sarc_XP_014151949.1	Cele_NP_505831.1	60.0	S	0.0
Ppat_XP_024376210.1	Cele_NP_505831.1	60.0	S	0.0
Cfra_CFRG8355T1	Cele_NP_505831.1	60.0	S	0.0
Ppat_XP_024376209.1	Cele_NP_505831.1	60.0	S	0.0
Sarc_XP_014151949.1	Mhap_MhA1_Contig1994.frz3.gene4	60.0	S	0.0
Ppat_XP_024376210.1	Mhap_MhA1_Contig1994.frz3.gene4	60.0	S	0.0
Cfra_CFRG8355T1	Mhap_MhA1_Contig1994.frz3.gene4	60.0	S	0.0
Ppat_XP_024376209.1	Mhap_MhA1_Contig1994.frz3.gene4	60.0	S	0.0
Sarc_XP_014151949.1	Mjap_MIJAPON000006756.t1	60.0	S	0.0
Ppat_XP_024376210.1	Mjap_MIJAPON000006756.t1	60.0	S	0.0
Cfra_CFRG8355T1	Mjap_MIJAPON000006756.t1	60.0	S	0.0
Ppat_XP_024376209.1	Mjap_MIJAPON000006756.t1	60.0	S	0.0
Sarc_XP_014151949.1	Plae_KAI0985441.1	60.0	S	0.0
Ppat_XP_024376210.1	Plae_KAI0985441.1	60.0	S	0.0
Cfra_CFRG8355T1	Plae_KAI0985441.1	60.0	S	0.0
Ppat_XP_024376209.1	Plae_KAI0985441.1	60.0	S	0.0
Sarc_XP_014151949.1	Tspi_XP_003380167.1	60.0	S	0.0
Ppat_XP_024376210.1	Tspi_XP_003380167.1	60.0	S	0.0
Cfra_CFRG8355T1	Tspi_XP_003380167.1	60.0	S	0.0
Ppat_XP_024376209.1	Tspi_XP_003380167.1	60.0	S	0.0
Sarc_XP_014151949.1	Bxyl_CAG9128521.1	60.0	S	0.0
Ppat_XP_024376210.1	Bxyl_CAG9128521.1	60.0	S	0.0
Cfra_CFRG8355T1	Bxyl_CAG9128521.1	60.0	S	0.0
Ppat_XP_024376209.1	Bxyl_CAG9128521.1	60.0	S	0.0
Sarc_XP_014151949.1	Wban_VDM22157.1	60.0	S	0.0
Ppat_XP_024376210.1	Wban_VDM22157.1	60.0	S	0.0
Cfra_CFRG8355T1	Wban_VDM22157.1	60.0	S	0.0
Ppat_XP_024376209.1	Wban_VDM22157.1	60.0	S	0.0
Sarc_XP_014151949.1	Asuu_AgB01_g822_t04	60.0	S	0.0
Ppat_XP_024376210.1	Asuu_AgB01_g822_t04	60.0	S	0.0
Cfra_CFRG8355T1	Asuu_AgB01_g822_t04	60.0	S	0.0
Ppat_XP_024376209.1	Asuu_AgB01_g822_t04	60.0	S	0.0
Sarc_XP_014151949.1	Ddip_jg26521	60.0	S	0.0
Ppat_XP_024376210.1	Ddip_jg26521	60.0	S	0.0
Cfra_CFRG8355T1	Ddip_jg26521	60.0	S	0.0
Ppat_XP_024376209.1	Ddip_jg26521	60.0	S	0.0
Sarc_XP_014151949.1	Gpal_Gpal_D383_g00500.t1	60.0	S	0.0
Ppat_XP_024376210.1	Gpal_Gpal_D383_g00500.t1	60.0	S	0.0
Cfra_CFRG8355T1	Gpal_Gpal_D383_g00500.t1	60.0	S	0.0
Ppat_XP_024376209.1	Gpal_Gpal_D383_g00500.t1	60.0	S	0.0
Sarc_XP_014151949.1	Hcon_XGW18520.1	60.0	S	0.0
Ppat_XP_024376210.1	Hcon_XGW18520.1	60.0	S	0.0
Cfra_CFRG8355T1	Hcon_XGW18520.1	60.0	S	0.0
Ppat_XP_024376209.1	Hcon_XGW18520.1	60.0	S	0.0
Sarc_XP_014151949.1	Diplco_DCO_001492	60.0	S	0.0
Ppat_XP_024376210.1	Diplco_DCO_001492	60.0	S	0.0
Cfra_CFRG8355T1	Diplco_DCO_001492	60.0	S	0.0
Ppat_XP_024376209.1	Diplco_DCO_001492	60.0	S	0.0
Sarc_XP_014151949.1	Scar_TKR80642.1	60.0	S	0.0
Ppat_XP_024376210.1	Scar_TKR80642.1	60.0	S	0.0
Cfra_CFRG8355T1	Scar_TKR80642.1	60.0	S	0.0
Ppat_XP_024376209.1	Scar_TKR80642.1	60.0	S	0.0
Sarc_XP_014151949.1	Tnel_KRX20255.1	60.0	S	0.0
Ppat_XP_024376210.1	Tnel_KRX20255.1	60.0	S	0.0
Cfra_CFRG8355T1	Tnel_KRX20255.1	60.0	S	0.0
Ppat_XP_024376209.1	Tnel_KRX20255.1	60.0	S	0.0
Sarc_XP_014151949.1	Angcan_KAE9418089.1	60.0	S	0.0
Ppat_XP_024376210.1	Angcan_KAE9418089.1	60.0	S	0.0
Cfra_CFRG8355T1	Angcan_KAE9418089.1	60.0	S	0.0
Ppat_XP_024376209.1	Angcan_KAE9418089.1	60.0	S	0.0
Sarc_XP_014151949.1	Diplco_DCO_001490	60.0	S	0.0
Ppat_XP_024376210.1	Diplco_DCO_001490	60.0	S	0.0
Cfra_CFRG8355T1	Diplco_DCO_001490	60.0	S	0.0
Ppat_XP_024376209.1	Diplco_DCO_001490	60.0	S	0.0
Sarc_XP_014151949.1	Ttri_CDW53161.1	60.0	S	0.0
Ppat_XP_024376210.1	Ttri_CDW53161.1	60.0	S	0.0
Cfra_CFRG8355T1	Ttri_CDW53161.1	60.0	S	0.0
Ppat_XP_024376209.1	Ttri_CDW53161.1	60.0	S	0.0
Sarc_XP_014151949.1	Priarc_PARCANUS000014441.t1	60.0	S	0.0
Ppat_XP_024376210.1	Priarc_PARCANUS000014441.t1	60.0	S	0.0
Cfra_CFRG8355T1	Priarc_PARCANUS000014441.t1	60.0	S	0.0
Ppat_XP_024376209.1	Priarc_PARCANUS000014441.t1	60.0	S	0.0
Sarc_XP_014151949.1	Tnel_KRX20256.1	60.0	S	0.0
Ppat_XP_024376210.1	Tnel_KRX20256.1	60.0	S	0.0
Cfra_CFRG8355T1	Tnel_KRX20256.1	60.0	S	0.0
Ppat_XP_024376209.1	Tnel_KRX20256.1	60.0	S	0.0
Rvar_GAU90323.1	Apimel_XP_026296209.1	21.0	S	0.0
Hduj_OQV19329.1	Apimel_XP_026296209.1	21.0	S	0.0
Rvar_GAU90323.1	Dmel_NP_612063.2	21.0	S	0.0
Hduj_OQV19329.1	Dmel_NP_612063.2	21.0	S	0.0
Rvar_GAU90323.1	Apimel_XP_026296208.1	21.0	S	0.0
Hduj_OQV19329.1	Apimel_XP_026296208.1	21.0	S	0.0
Rvar_GAU90323.1	Bmor_XP_021207491.2	21.0	S	0.0
Hduj_OQV19329.1	Bmor_XP_021207491.2	21.0	S	0.0
Rvar_GAU90323.1	Agrpla_XP_018331764.2	21.0	S	0.0
Hduj_OQV19329.1	Agrpla_XP_018331764.2	21.0	S	0.0
Rvar_GAU90323.1	Dmel_NP_001261225.1	21.0	S	0.0
Hduj_OQV19329.1	Dmel_NP_001261225.1	21.0	S	0.0
Cint_XP_026690226.1	Awhi_Unigene29846_Abeoforma_whisleri|m.18337	35.0	S	0.0
Smar_SMAR008599-PA	Awhi_Unigene29846_Abeoforma_whisleri|m.18337	35.0	S	0.0
Cint_XP_026690226.1	Skow_XP_006813260.1	35.0	S	0.0
Smar_SMAR008599-PA	Skow_XP_006813260.1	35.0	S	0.0
Cint_XP_026690226.1	Xtro_NP_001121525.1	35.0	S	0.0
Smar_SMAR008599-PA	Xtro_NP_001121525.1	35.0	S	0.0
Cint_XP_026690226.1	Ggal_XP_025010992.2	35.0	S	0.0
Smar_SMAR008599-PA	Ggal_XP_025010992.2	35.0	S	0.0
Cint_XP_026690226.1	Lpol_XP_022241372.1	35.0	S	0.0
Smar_SMAR008599-PA	Lpol_XP_022241372.1	35.0	S	0.0
Cint_XP_026690226.1	Drer_NP_001103339.2	35.0	S	0.0
Smar_SMAR008599-PA	Drer_NP_001103339.2	35.0	S	0.0
Cint_XP_026690226.1	Lcom_lcpid115304|	35.0	S	0.0
Smar_SMAR008599-PA	Lcom_lcpid115304|	35.0	S	0.0
Cint_XP_026690226.1	Hsap_XP_047290613.1	35.0	S	0.0
Smar_SMAR008599-PA	Hsap_XP_047290613.1	35.0	S	0.0
Cint_XP_026690226.1	Lana_XP_013411836.1	35.0	S	0.0
Smar_SMAR008599-PA	Lana_XP_013411836.1	35.0	S	0.0
Cint_XP_026690226.1	Ggal_XP_004945335.2	35.0	S	0.0
Smar_SMAR008599-PA	Ggal_XP_004945335.2	35.0	S	0.0
Cint_XP_026690226.1	Hsap_XP_047290610.1	35.0	S	0.0
Smar_SMAR008599-PA	Hsap_XP_047290610.1	35.0	S	0.0
Cint_XP_026690226.1	Drer_XP_068072685.1	35.0	S	0.0
Smar_SMAR008599-PA	Drer_XP_068072685.1	35.0	S	0.0
Cint_XP_026690226.1	Hsap_XP_047290612.1	35.0	S	0.0
Smar_SMAR008599-PA	Hsap_XP_047290612.1	35.0	S	0.0
Cint_XP_026690226.1	Tadh_XP_002109881.1	35.0	S	0.0
Smar_SMAR008599-PA	Tadh_XP_002109881.1	35.0	S	0.0
Cint_XP_026690226.1	Apla_XP_022085202.1	35.0	S	0.0
Smar_SMAR008599-PA	Apla_XP_022085202.1	35.0	S	0.0
Cint_XP_026690226.1	Dpul_XP_046461813.1	35.0	S	0.0
Smar_SMAR008599-PA	Dpul_XP_046461813.1	35.0	S	0.0
Cint_XP_026690226.1	Hrob_XP_009019479.1	35.0	S	0.0
Smar_SMAR008599-PA	Hrob_XP_009019479.1	35.0	S	0.0
Cint_XP_026690226.1	Hsap_NP_079049.2	35.0	S	0.0
Smar_SMAR008599-PA	Hsap_NP_079049.2	35.0	S	0.0
Cint_XP_026690226.1	Blan_XP_066295512.1	35.0	S	0.0
Smar_SMAR008599-PA	Blan_XP_066295512.1	35.0	S	0.0
Cint_XP_026690226.1	Hsap_XP_047290614.1	35.0	S	0.0
Smar_SMAR008599-PA	Hsap_XP_047290614.1	35.0	S	0.0
Cint_XP_026690226.1	Hsap_NP_001138820.1	35.0	S	0.0
Smar_SMAR008599-PA	Hsap_NP_001138820.1	35.0	S	0.0
Cint_XP_026690226.1	Lpol_XP_013774279.1	35.0	S	0.0
Smar_SMAR008599-PA	Lpol_XP_013774279.1	35.0	S	0.0
Cint_XP_026690226.1	Avag_UJR16219.1	35.0	S	0.0
Smar_SMAR008599-PA	Avag_UJR16219.1	35.0	S	0.0
Cint_XP_026690226.1	Lcom_lcpid51678|	35.0	S	0.0
Smar_SMAR008599-PA	Lcom_lcpid51678|	35.0	S	0.0
Cint_XP_026690226.1	Ofus_CAH1779520.1	35.0	S	0.0
Smar_SMAR008599-PA	Ofus_CAH1779520.1	35.0	S	0.0
Cint_XP_026690226.1	Pigchi_Pchi_g4251	35.0	S	0.0
Smar_SMAR008599-PA	Pigchi_Pchi_g4251	35.0	S	0.0
Cint_XP_026690226.1	Spur_XP_030839602.1	35.0	S	0.0
Smar_SMAR008599-PA	Spur_XP_030839602.1	35.0	S	0.0
Cint_XP_026690226.1	Ggal_XP_414883.4	35.0	S	0.0
Smar_SMAR008599-PA	Ggal_XP_414883.4	35.0	S	0.0
Cint_XP_026690226.1	Cvir_XP_022338439.1	35.0	S	0.0
Smar_SMAR008599-PA	Cvir_XP_022338439.1	35.0	S	0.0
Cint_XP_026690226.1	Pvan_XP_069991585.1	35.0	S	0.0
Smar_SMAR008599-PA	Pvan_XP_069991585.1	35.0	S	0.0
Cint_XP_026690226.1	Lpol_XP_022241370.1	35.0	S	0.0
Smar_SMAR008599-PA	Lpol_XP_022241370.1	35.0	S	0.0
Cint_XP_026690226.1	Lcom_lcpid67550|	35.0	S	0.0
Smar_SMAR008599-PA	Lcom_lcpid67550|	35.0	S	0.0
Cint_XP_026690226.1	Obim_XP_014780508.1	35.0	S	0.0
Smar_SMAR008599-PA	Obim_XP_014780508.1	35.0	S	0.0
Cint_XP_026690226.1	Cscu_XP_023216044.1	35.0	S	0.0
Smar_SMAR008599-PA	Cscu_XP_023216044.1	35.0	S	0.0
Cint_XP_026690226.1	Lpol_XP_022241371.1	35.0	S	0.0
Smar_SMAR008599-PA	Lpol_XP_022241371.1	35.0	S	0.0
Cint_XP_026690226.1	Hrob_XP_009019477.1	35.0	S	0.0
Smar_SMAR008599-PA	Hrob_XP_009019477.1	35.0	S	0.0
Cint_XP_026690226.1	Hsap_XP_016879165.1	35.0	S	0.0
Smar_SMAR008599-PA	Hsap_XP_016879165.1	35.0	S	0.0
Cint_XP_026690226.1	Cper_Nk52_evm66s2367	35.0	S	0.0
Smar_SMAR008599-PA	Cper_Nk52_evm66s2367	35.0	S	0.0
Cint_XP_026690226.1	Emue_Em0011g644a	35.0	S	0.0
Smar_SMAR008599-PA	Emue_Em0011g644a	35.0	S	0.0
Cint_XP_026690226.1	Pvan_XP_069991586.1	35.0	S	0.0
Smar_SMAR008599-PA	Pvan_XP_069991586.1	35.0	S	0.0
Cint_XP_026690226.1	Pigvie_Pvie_g14601	35.0	S	0.0
Smar_SMAR008599-PA	Pigvie_Pvie_g14601	35.0	S	0.0
Cint_XP_026690226.1	Twil_T_wilhelma_c33435_g2_i2|m.55195	35.0	S	0.0
Smar_SMAR008599-PA	Twil_T_wilhelma_c33435_g2_i2|m.55195	35.0	S	0.0
Cint_XP_026690226.1	Aplcal_XP_005102629.2	35.0	S	0.0
Smar_SMAR008599-PA	Aplcal_XP_005102629.2	35.0	S	0.0
Cint_XP_026690226.1	Scil_XP_065185214.1	35.0	S	0.0
Smar_SMAR008599-PA	Scil_XP_065185214.1	35.0	S	0.0
Cint_XP_026690226.1	Apla_XP_022085203.1	35.0	S	0.0
Smar_SMAR008599-PA	Apla_XP_022085203.1	35.0	S	0.0
Cint_XP_026690226.1	Pgem_Unigene20972_Pirum_gemmata|m.13675	35.0	S	0.0
Smar_SMAR008599-PA	Pgem_Unigene20972_Pirum_gemmata|m.13675	35.0	S	0.0
Cint_XP_026690226.1	Hsap_XP_047290611.1	35.0	S	0.0
Smar_SMAR008599-PA	Hsap_XP_047290611.1	35.0	S	0.0
Cint_XP_026690226.1	Aque_XP_019853293.1	35.0	S	0.0
Smar_SMAR008599-PA	Aque_XP_019853293.1	35.0	S	0.0
Lcom_lcpid153413|	Lcom_lcpid202534|	100.0	D	1.0
Lcom_lcpid153413|	Lcom_lcpid115342|	100.0	D	1.0
Apla_XP_022104467.1	Spur_XP_030851360.1	98.0	S	0.0
Apla_XP_022104468.1	Spur_XP_030851360.1	98.0	S	0.0
Apla_XP_022104467.1	Spur_XP_030851366.1	98.0	S	0.0
Apla_XP_022104468.1	Spur_XP_030851366.1	98.0	S	0.0
Smoe_XP_024520721.1	Smoe_XP_024527656.1	21.0	D	1.0
Smoe_XP_024520721.1	Smoe_XP_024527652.1	21.0	D	1.0
Smoe_XP_024520721.1	Smoe_XP_024520821.1	21.0	D	1.0
Smoe_XP_024520721.1	Smoe_XP_024520670.1	21.0	D	1.0
Smoe_XP_024520721.1	Smoe_XP_024527657.1	21.0	D	1.0
Smoe_XP_024520721.1	Smoe_XP_024532000.1	21.0	D	1.0
Smoe_XP_024520721.1	Smoe_XP_024527933.1	21.0	D	1.0
Smoe_XP_024520721.1	Smoe_XP_024527928.1	21.0	D	1.0
Smoe_XP_024520721.1	Smoe_XP_024527654.1	21.0	D	1.0
Smoe_XP_024520721.1	Smoe_XP_024527658.1	21.0	D	1.0
Smoe_XP_024520721.1	Smoe_XP_024527934.1	21.0	D	1.0
Smoe_XP_024520721.1	Smoe_XP_024527935.1	21.0	D	1.0
Smoe_XP_024520721.1	Smoe_XP_024527653.1	21.0	D	1.0
Smoe_XP_024520721.1	Smoe_XP_024520770.1	21.0	D	1.0
Smoe_XP_024520721.1	Smoe_XP_024527929.1	21.0	D	1.0
Smoe_XP_024520721.1	Smoe_XP_024527655.1	21.0	D	1.0
Smoe_XP_024520721.1	Smoe_XP_024527931.1	21.0	D	1.0
Smoe_XP_024520721.1	Smoe_XP_024527932.1	21.0	D	1.0
Smoe_XP_024520721.1	Smoe_XP_024527930.1	21.0	D	1.0
Lsat_XP_023734930.1	Qlob_XP_030947628.1	93.0	S	0.0
Cofcan_CDP03676.1	Qlob_XP_030947628.1	93.0	S	0.0
Lsat_XP_023734931.1	Qlob_XP_030947628.1	93.0	S	0.0
Sollyc_XP_004247201.1	Qlob_XP_030947628.1	93.0	S	0.0
Cofcan_CDP19768.1	Qlob_XP_030947628.1	93.0	S	0.0
Sollyc_XP_025888583.1	Qlob_XP_030947628.1	93.0	S	0.0
Lsat_XP_023734930.1	Rchi_XP_024164996.1	93.0	S	0.0
Cofcan_CDP03676.1	Rchi_XP_024164996.1	93.0	S	0.0
Lsat_XP_023734931.1	Rchi_XP_024164996.1	93.0	S	0.0
Sollyc_XP_004247201.1	Rchi_XP_024164996.1	93.0	S	0.0
Cofcan_CDP19768.1	Rchi_XP_024164996.1	93.0	S	0.0
Sollyc_XP_025888583.1	Rchi_XP_024164996.1	93.0	S	0.0
Lsat_XP_023734930.1	Qlob_XP_030973177.1	93.0	S	0.0
Cofcan_CDP03676.1	Qlob_XP_030973177.1	93.0	S	0.0
Lsat_XP_023734931.1	Qlob_XP_030973177.1	93.0	S	0.0
Sollyc_XP_004247201.1	Qlob_XP_030973177.1	93.0	S	0.0
Cofcan_CDP19768.1	Qlob_XP_030973177.1	93.0	S	0.0
Sollyc_XP_025888583.1	Qlob_XP_030973177.1	93.0	S	0.0
Lsat_XP_023734930.1	Rchi_XP_040364728.1	93.0	S	0.0
Cofcan_CDP03676.1	Rchi_XP_040364728.1	93.0	S	0.0
Lsat_XP_023734931.1	Rchi_XP_040364728.1	93.0	S	0.0
Sollyc_XP_004247201.1	Rchi_XP_040364728.1	93.0	S	0.0
Cofcan_CDP19768.1	Rchi_XP_040364728.1	93.0	S	0.0
Sollyc_XP_025888583.1	Rchi_XP_040364728.1	93.0	S	0.0
Lsat_XP_023734930.1	Mtru_XP_003590573.1	93.0	S	0.0
Cofcan_CDP03676.1	Mtru_XP_003590573.1	93.0	S	0.0
Lsat_XP_023734931.1	Mtru_XP_003590573.1	93.0	S	0.0
Sollyc_XP_004247201.1	Mtru_XP_003590573.1	93.0	S	0.0
Cofcan_CDP19768.1	Mtru_XP_003590573.1	93.0	S	0.0
Sollyc_XP_025888583.1	Mtru_XP_003590573.1	93.0	S	0.0
Lsat_XP_023734930.1	Mesc_XP_043812339.1	93.0	S	0.0
Cofcan_CDP03676.1	Mesc_XP_043812339.1	93.0	S	0.0
Lsat_XP_023734931.1	Mesc_XP_043812339.1	93.0	S	0.0
Sollyc_XP_004247201.1	Mesc_XP_043812339.1	93.0	S	0.0
Cofcan_CDP19768.1	Mesc_XP_043812339.1	93.0	S	0.0
Sollyc_XP_025888583.1	Mesc_XP_043812339.1	93.0	S	0.0
Lsat_XP_023734930.1	Psat_XP_050887295.1	93.0	S	0.0
Cofcan_CDP03676.1	Psat_XP_050887295.1	93.0	S	0.0
Lsat_XP_023734931.1	Psat_XP_050887295.1	93.0	S	0.0
Sollyc_XP_004247201.1	Psat_XP_050887295.1	93.0	S	0.0
Cofcan_CDP19768.1	Psat_XP_050887295.1	93.0	S	0.0
Sollyc_XP_025888583.1	Psat_XP_050887295.1	93.0	S	0.0
Lsat_XP_023734930.1	Mesc_XP_021612650.1	93.0	S	0.0
Cofcan_CDP03676.1	Mesc_XP_021612650.1	93.0	S	0.0
Lsat_XP_023734931.1	Mesc_XP_021612650.1	93.0	S	0.0
Sollyc_XP_004247201.1	Mesc_XP_021612650.1	93.0	S	0.0
Cofcan_CDP19768.1	Mesc_XP_021612650.1	93.0	S	0.0
Sollyc_XP_025888583.1	Mesc_XP_021612650.1	93.0	S	0.0
Lsat_XP_023734930.1	Qlob_XP_030947629.1	93.0	S	0.0
Cofcan_CDP03676.1	Qlob_XP_030947629.1	93.0	S	0.0
Lsat_XP_023734931.1	Qlob_XP_030947629.1	93.0	S	0.0
Sollyc_XP_004247201.1	Qlob_XP_030947629.1	93.0	S	0.0
Cofcan_CDP19768.1	Qlob_XP_030947629.1	93.0	S	0.0
Sollyc_XP_025888583.1	Qlob_XP_030947629.1	93.0	S	0.0
Bnap_XP_013730750.2	Ecur_TVU34937.1	54.0	S	0.0
Atha_NP_001318604.1	Ecur_TVU34937.1	54.0	S	0.0
Atha_NP_001190341.1	Ecur_TVU34937.1	54.0	S	0.0
Bnap_XP_048608056.1	Ecur_TVU34937.1	54.0	S	0.0
Bnap_XP_048608055.1	Ecur_TVU34937.1	54.0	S	0.0
Bnap_XP_013682006.3	Ecur_TVU34937.1	54.0	S	0.0
Bnap_XP_013730750.2	Bdis_XP_010232410.2	54.0	S	0.0
Atha_NP_001318604.1	Bdis_XP_010232410.2	54.0	S	0.0
Atha_NP_001190341.1	Bdis_XP_010232410.2	54.0	S	0.0
Bnap_XP_048608056.1	Bdis_XP_010232410.2	54.0	S	0.0
Bnap_XP_048608055.1	Bdis_XP_010232410.2	54.0	S	0.0
Bnap_XP_013682006.3	Bdis_XP_010232410.2	54.0	S	0.0
Bnap_XP_013730750.2	Ecur_TVU34924.1	54.0	S	0.0
Atha_NP_001318604.1	Ecur_TVU34924.1	54.0	S	0.0
Atha_NP_001190341.1	Ecur_TVU34924.1	54.0	S	0.0
Bnap_XP_048608056.1	Ecur_TVU34924.1	54.0	S	0.0
Bnap_XP_048608055.1	Ecur_TVU34924.1	54.0	S	0.0
Bnap_XP_013682006.3	Ecur_TVU34924.1	54.0	S	0.0
Bnap_XP_013730750.2	Tura_XP_048564742.1	54.0	S	0.0
Atha_NP_001318604.1	Tura_XP_048564742.1	54.0	S	0.0
Atha_NP_001190341.1	Tura_XP_048564742.1	54.0	S	0.0
Bnap_XP_048608056.1	Tura_XP_048564742.1	54.0	S	0.0
Bnap_XP_048608055.1	Tura_XP_048564742.1	54.0	S	0.0
Bnap_XP_013682006.3	Tura_XP_048564742.1	54.0	S	0.0
Bnap_XP_013730750.2	Osat_XP_015618184.1	54.0	S	0.0
Atha_NP_001318604.1	Osat_XP_015618184.1	54.0	S	0.0
Atha_NP_001190341.1	Osat_XP_015618184.1	54.0	S	0.0
Bnap_XP_048608056.1	Osat_XP_015618184.1	54.0	S	0.0
Bnap_XP_048608055.1	Osat_XP_015618184.1	54.0	S	0.0
Bnap_XP_013682006.3	Osat_XP_015618184.1	54.0	S	0.0
Bnap_XP_013730750.2	Zmay_NP_001360982.1	54.0	S	0.0
Atha_NP_001318604.1	Zmay_NP_001360982.1	54.0	S	0.0
Atha_NP_001190341.1	Zmay_NP_001360982.1	54.0	S	0.0
Bnap_XP_048608056.1	Zmay_NP_001360982.1	54.0	S	0.0
Bnap_XP_048608055.1	Zmay_NP_001360982.1	54.0	S	0.0
Bnap_XP_013682006.3	Zmay_NP_001360982.1	54.0	S	0.0
Bnap_XP_013730750.2	Osat_XP_015618176.1	54.0	S	0.0
Atha_NP_001318604.1	Osat_XP_015618176.1	54.0	S	0.0
Atha_NP_001190341.1	Osat_XP_015618176.1	54.0	S	0.0
Bnap_XP_048608056.1	Osat_XP_015618176.1	54.0	S	0.0
Bnap_XP_048608055.1	Osat_XP_015618176.1	54.0	S	0.0
Bnap_XP_013682006.3	Osat_XP_015618176.1	54.0	S	0.0
Bnap_XP_013730750.2	Bdis_XP_024313966.1	54.0	S	0.0
Atha_NP_001318604.1	Bdis_XP_024313966.1	54.0	S	0.0
Atha_NP_001190341.1	Bdis_XP_024313966.1	54.0	S	0.0
Bnap_XP_048608056.1	Bdis_XP_024313966.1	54.0	S	0.0
Bnap_XP_048608055.1	Bdis_XP_024313966.1	54.0	S	0.0
Bnap_XP_013682006.3	Bdis_XP_024313966.1	54.0	S	0.0
Bnap_XP_013730750.2	Osat_XP_015618169.1	54.0	S	0.0
Atha_NP_001318604.1	Osat_XP_015618169.1	54.0	S	0.0
Atha_NP_001190341.1	Osat_XP_015618169.1	54.0	S	0.0
Bnap_XP_048608056.1	Osat_XP_015618169.1	54.0	S	0.0
Bnap_XP_048608055.1	Osat_XP_015618169.1	54.0	S	0.0
Bnap_XP_013682006.3	Osat_XP_015618169.1	54.0	S	0.0
Bnap_XP_013730750.2	Osat_XP_025877206.1	54.0	S	0.0
Atha_NP_001318604.1	Osat_XP_025877206.1	54.0	S	0.0
Atha_NP_001190341.1	Osat_XP_025877206.1	54.0	S	0.0
Bnap_XP_048608056.1	Osat_XP_025877206.1	54.0	S	0.0
Bnap_XP_048608055.1	Osat_XP_025877206.1	54.0	S	0.0
Bnap_XP_013682006.3	Osat_XP_025877206.1	54.0	S	0.0
Bnap_XP_013730750.2	Bdis_XP_003569931.2	54.0	S	0.0
Atha_NP_001318604.1	Bdis_XP_003569931.2	54.0	S	0.0
Atha_NP_001190341.1	Bdis_XP_003569931.2	54.0	S	0.0
Bnap_XP_048608056.1	Bdis_XP_003569931.2	54.0	S	0.0
Bnap_XP_048608055.1	Bdis_XP_003569931.2	54.0	S	0.0
Bnap_XP_013682006.3	Bdis_XP_003569931.2	54.0	S	0.0
Cowc_XP_004364766.2	Pigvie_Pvie_g7752	100.0	S	0.0
Cowc_XP_004364766.2	Pigchi_Pchi_g9534	100.0	S	0.0
Lcom_lcpid113704|	Emue_Em0015g829a	100.0	S	0.0
Scil_XP_065179869.1	Emue_Em0015g829a	100.0	S	0.0
Lcom_lcpid113704|	Twil_T_wilhelma_c32068_g3_i1|m.45570	100.0	S	0.0
Scil_XP_065179869.1	Twil_T_wilhelma_c32068_g3_i1|m.45570	100.0	S	0.0
Lcom_lcpid113704|	Emue_Em0015g867a	100.0	S	0.0
Scil_XP_065179869.1	Emue_Em0015g867a	100.0	S	0.0
Lcom_lcpid113704|	Aque_XP_019855988.1	100.0	S	0.0
Scil_XP_065179869.1	Aque_XP_019855988.1	100.0	S	0.0
Twil_T_wilhelma_c28507_g1_i2|m.25183	Aque_XP_019854219.1	100.0	S	0.0
Emue_Em0004g89a	Aque_XP_019854219.1	100.0	S	0.0
Twil_T_wilhelma_c28507_g1_i2|m.25183	Aque_XP_019854218.1	100.0	S	0.0
Emue_Em0004g89a	Aque_XP_019854218.1	100.0	S	0.0
Mbre_XP_001747949.1	Sros_XP_004994712.1	100.0	S	0.0
Lcom_lcpid52748|	Lcom_lcpid59751|	100.0	D	1.0
Sros_XP_004998739.1	Mbre_XP_001746653.1	94.0	S	0.0
Pigvie_Pvie_g6971	Lpol_XP_013777533.1	95.0	S	0.0
Cper_Nk52_evm51s164	Lpol_XP_013777533.1	95.0	S	0.0
Cowc_XP_004349282.2	Lpol_XP_013777533.1	95.0	S	0.0
Pigchi_Pchi_g10289	Lpol_XP_013777533.1	95.0	S	0.0
Pigvie_Pvie_g6971	Lcom_lcpid192438|	95.0	S	0.0
Cper_Nk52_evm51s164	Lcom_lcpid192438|	95.0	S	0.0
Cowc_XP_004349282.2	Lcom_lcpid192438|	95.0	S	0.0
Pigchi_Pchi_g10289	Lcom_lcpid192438|	95.0	S	0.0
Pigvie_Pvie_g6971	Agrpla_XP_018320992.1	95.0	S	0.0
Cper_Nk52_evm51s164	Agrpla_XP_018320992.1	95.0	S	0.0
Cowc_XP_004349282.2	Agrpla_XP_018320992.1	95.0	S	0.0
Pigchi_Pchi_g10289	Agrpla_XP_018320992.1	95.0	S	0.0
Pigvie_Pvie_g6971	Xtro_NP_988915.1	95.0	S	0.0
Cper_Nk52_evm51s164	Xtro_NP_988915.1	95.0	S	0.0
Cowc_XP_004349282.2	Xtro_NP_988915.1	95.0	S	0.0
Pigchi_Pchi_g10289	Xtro_NP_988915.1	95.0	S	0.0
Pigvie_Pvie_g6971	Cvir_XP_022318228.1	95.0	S	0.0
Cper_Nk52_evm51s164	Cvir_XP_022318228.1	95.0	S	0.0
Cowc_XP_004349282.2	Cvir_XP_022318228.1	95.0	S	0.0
Pigchi_Pchi_g10289	Cvir_XP_022318228.1	95.0	S	0.0
Pigvie_Pvie_g6971	Lpol_XP_022242198.1	95.0	S	0.0
Cper_Nk52_evm51s164	Lpol_XP_022242198.1	95.0	S	0.0
Cowc_XP_004349282.2	Lpol_XP_022242198.1	95.0	S	0.0
Pigchi_Pchi_g10289	Lpol_XP_022242198.1	95.0	S	0.0
Pigvie_Pvie_g6971	Aque_XP_011405699.1	95.0	S	0.0
Cper_Nk52_evm51s164	Aque_XP_011405699.1	95.0	S	0.0
Cowc_XP_004349282.2	Aque_XP_011405699.1	95.0	S	0.0
Pigchi_Pchi_g10289	Aque_XP_011405699.1	95.0	S	0.0
Pigvie_Pvie_g6971	Lpol_XP_013775038.1	95.0	S	0.0
Cper_Nk52_evm51s164	Lpol_XP_013775038.1	95.0	S	0.0
Cowc_XP_004349282.2	Lpol_XP_013775038.1	95.0	S	0.0
Pigchi_Pchi_g10289	Lpol_XP_013775038.1	95.0	S	0.0
Pigvie_Pvie_g6971	Cscu_XP_023219803.1	95.0	S	0.0
Cper_Nk52_evm51s164	Cscu_XP_023219803.1	95.0	S	0.0
Cowc_XP_004349282.2	Cscu_XP_023219803.1	95.0	S	0.0
Pigchi_Pchi_g10289	Cscu_XP_023219803.1	95.0	S	0.0
Pigvie_Pvie_g6971	Emue_Em0010g663a	95.0	S	0.0
Cper_Nk52_evm51s164	Emue_Em0010g663a	95.0	S	0.0
Cowc_XP_004349282.2	Emue_Em0010g663a	95.0	S	0.0
Pigchi_Pchi_g10289	Emue_Em0010g663a	95.0	S	0.0
Pigvie_Pvie_g6971	Hsap_XP_011538242.1	95.0	S	0.0
Cper_Nk52_evm51s164	Hsap_XP_011538242.1	95.0	S	0.0
Cowc_XP_004349282.2	Hsap_XP_011538242.1	95.0	S	0.0
Pigchi_Pchi_g10289	Hsap_XP_011538242.1	95.0	S	0.0
Pigvie_Pvie_g6971	Apla_XP_022080314.1	95.0	S	0.0
Cper_Nk52_evm51s164	Apla_XP_022080314.1	95.0	S	0.0
Cowc_XP_004349282.2	Apla_XP_022080314.1	95.0	S	0.0
Pigchi_Pchi_g10289	Apla_XP_022080314.1	95.0	S	0.0
Pigvie_Pvie_g6971	Hrob_XP_009025637.1	95.0	S	0.0
Cper_Nk52_evm51s164	Hrob_XP_009025637.1	95.0	S	0.0
Cowc_XP_004349282.2	Hrob_XP_009025637.1	95.0	S	0.0
Pigchi_Pchi_g10289	Hrob_XP_009025637.1	95.0	S	0.0
Pigvie_Pvie_g6971	Twil_T_wilhelma_c26228_g1_i1|m.16413	95.0	S	0.0
Cper_Nk52_evm51s164	Twil_T_wilhelma_c26228_g1_i1|m.16413	95.0	S	0.0
Cowc_XP_004349282.2	Twil_T_wilhelma_c26228_g1_i1|m.16413	95.0	S	0.0
Pigchi_Pchi_g10289	Twil_T_wilhelma_c26228_g1_i1|m.16413	95.0	S	0.0
Pigvie_Pvie_g6971	Cint_XP_018672432.2	95.0	S	0.0
Cper_Nk52_evm51s164	Cint_XP_018672432.2	95.0	S	0.0
Cowc_XP_004349282.2	Cint_XP_018672432.2	95.0	S	0.0
Pigchi_Pchi_g10289	Cint_XP_018672432.2	95.0	S	0.0
Pigvie_Pvie_g6971	Ggal_XP_426507.2	95.0	S	0.0
Cper_Nk52_evm51s164	Ggal_XP_426507.2	95.0	S	0.0
Cowc_XP_004349282.2	Ggal_XP_426507.2	95.0	S	0.0
Pigchi_Pchi_g10289	Ggal_XP_426507.2	95.0	S	0.0
Pigvie_Pvie_g6971	Cscu_XP_023219802.1	95.0	S	0.0
Cper_Nk52_evm51s164	Cscu_XP_023219802.1	95.0	S	0.0
Cowc_XP_004349282.2	Cscu_XP_023219802.1	95.0	S	0.0
Pigchi_Pchi_g10289	Cscu_XP_023219802.1	95.0	S	0.0
Pigvie_Pvie_g6971	Obim_XP_014772373.1	95.0	S	0.0
Cper_Nk52_evm51s164	Obim_XP_014772373.1	95.0	S	0.0
Cowc_XP_004349282.2	Obim_XP_014772373.1	95.0	S	0.0
Pigchi_Pchi_g10289	Obim_XP_014772373.1	95.0	S	0.0
Pigvie_Pvie_g6971	Emue_Em0010g647a	95.0	S	0.0
Cper_Nk52_evm51s164	Emue_Em0010g647a	95.0	S	0.0
Cowc_XP_004349282.2	Emue_Em0010g647a	95.0	S	0.0
Pigchi_Pchi_g10289	Emue_Em0010g647a	95.0	S	0.0
Pigvie_Pvie_g6971	Aplcal_XP_005092336.1	95.0	S	0.0
Cper_Nk52_evm51s164	Aplcal_XP_005092336.1	95.0	S	0.0
Cowc_XP_004349282.2	Aplcal_XP_005092336.1	95.0	S	0.0
Pigchi_Pchi_g10289	Aplcal_XP_005092336.1	95.0	S	0.0
Pigvie_Pvie_g6971	Smar_SMAR013954-PA	95.0	S	0.0
Cper_Nk52_evm51s164	Smar_SMAR013954-PA	95.0	S	0.0
Cowc_XP_004349282.2	Smar_SMAR013954-PA	95.0	S	0.0
Pigchi_Pchi_g10289	Smar_SMAR013954-PA	95.0	S	0.0
Pigvie_Pvie_g6971	Twil_T_wilhelma_c26228_g1_i3|m.16415	95.0	S	0.0
Cper_Nk52_evm51s164	Twil_T_wilhelma_c26228_g1_i3|m.16415	95.0	S	0.0
Cowc_XP_004349282.2	Twil_T_wilhelma_c26228_g1_i3|m.16415	95.0	S	0.0
Pigchi_Pchi_g10289	Twil_T_wilhelma_c26228_g1_i3|m.16415	95.0	S	0.0
Pigvie_Pvie_g6971	Emue_Em0010g680a	95.0	S	0.0
Cper_Nk52_evm51s164	Emue_Em0010g680a	95.0	S	0.0
Cowc_XP_004349282.2	Emue_Em0010g680a	95.0	S	0.0
Pigchi_Pchi_g10289	Emue_Em0010g680a	95.0	S	0.0
Pigvie_Pvie_g6971	Drer_NP_958904.1	95.0	S	0.0
Cper_Nk52_evm51s164	Drer_NP_958904.1	95.0	S	0.0
Cowc_XP_004349282.2	Drer_NP_958904.1	95.0	S	0.0
Pigchi_Pchi_g10289	Drer_NP_958904.1	95.0	S	0.0
Pigvie_Pvie_g6971	Blan_XP_066303428.1	95.0	S	0.0
Cper_Nk52_evm51s164	Blan_XP_066303428.1	95.0	S	0.0
Cowc_XP_004349282.2	Blan_XP_066303428.1	95.0	S	0.0
Pigchi_Pchi_g10289	Blan_XP_066303428.1	95.0	S	0.0
Pigvie_Pvie_g6971	Emue_Em0010g639a	95.0	S	0.0
Cper_Nk52_evm51s164	Emue_Em0010g639a	95.0	S	0.0
Cowc_XP_004349282.2	Emue_Em0010g639a	95.0	S	0.0
Pigchi_Pchi_g10289	Emue_Em0010g639a	95.0	S	0.0
Pigvie_Pvie_g6971	Lana_XP_013385380.1	95.0	S	0.0
Cper_Nk52_evm51s164	Lana_XP_013385380.1	95.0	S	0.0
Cowc_XP_004349282.2	Lana_XP_013385380.1	95.0	S	0.0
Pigchi_Pchi_g10289	Lana_XP_013385380.1	95.0	S	0.0
Pigvie_Pvie_g6971	Lpol_XP_022242199.1	95.0	S	0.0
Cper_Nk52_evm51s164	Lpol_XP_022242199.1	95.0	S	0.0
Cowc_XP_004349282.2	Lpol_XP_022242199.1	95.0	S	0.0
Pigchi_Pchi_g10289	Lpol_XP_022242199.1	95.0	S	0.0
Pigvie_Pvie_g6971	Pvan_XP_027207134.1	95.0	S	0.0
Cper_Nk52_evm51s164	Pvan_XP_027207134.1	95.0	S	0.0
Cowc_XP_004349282.2	Pvan_XP_027207134.1	95.0	S	0.0
Pigchi_Pchi_g10289	Pvan_XP_027207134.1	95.0	S	0.0
Pigvie_Pvie_g6971	Lpol_XP_022239646.1	95.0	S	0.0
Cper_Nk52_evm51s164	Lpol_XP_022239646.1	95.0	S	0.0
Cowc_XP_004349282.2	Lpol_XP_022239646.1	95.0	S	0.0
Pigchi_Pchi_g10289	Lpol_XP_022239646.1	95.0	S	0.0
Pigvie_Pvie_g6971	Blan_XP_066303427.1	95.0	S	0.0
Cper_Nk52_evm51s164	Blan_XP_066303427.1	95.0	S	0.0
Cowc_XP_004349282.2	Blan_XP_066303427.1	95.0	S	0.0
Pigchi_Pchi_g10289	Blan_XP_066303427.1	95.0	S	0.0
Pigvie_Pvie_g6971	Btab_XP_018911171.1	95.0	S	0.0
Cper_Nk52_evm51s164	Btab_XP_018911171.1	95.0	S	0.0
Cowc_XP_004349282.2	Btab_XP_018911171.1	95.0	S	0.0
Pigchi_Pchi_g10289	Btab_XP_018911171.1	95.0	S	0.0
Pigvie_Pvie_g6971	Cscu_XP_023219801.1	95.0	S	0.0
Cper_Nk52_evm51s164	Cscu_XP_023219801.1	95.0	S	0.0
Cowc_XP_004349282.2	Cscu_XP_023219801.1	95.0	S	0.0
Pigchi_Pchi_g10289	Cscu_XP_023219801.1	95.0	S	0.0
Pigvie_Pvie_g6971	Ofus_CAH1793965.1	95.0	S	0.0
Cper_Nk52_evm51s164	Ofus_CAH1793965.1	95.0	S	0.0
Cowc_XP_004349282.2	Ofus_CAH1793965.1	95.0	S	0.0
Pigchi_Pchi_g10289	Ofus_CAH1793965.1	95.0	S	0.0
Pigvie_Pvie_g6971	Spur_XP_030835125.1	95.0	S	0.0
Cper_Nk52_evm51s164	Spur_XP_030835125.1	95.0	S	0.0
Cowc_XP_004349282.2	Spur_XP_030835125.1	95.0	S	0.0
Pigchi_Pchi_g10289	Spur_XP_030835125.1	95.0	S	0.0
Pigvie_Pvie_g6971	Twil_T_wilhelma_c26228_g1_i2|m.16414	95.0	S	0.0
Cper_Nk52_evm51s164	Twil_T_wilhelma_c26228_g1_i2|m.16414	95.0	S	0.0
Cowc_XP_004349282.2	Twil_T_wilhelma_c26228_g1_i2|m.16414	95.0	S	0.0
Pigchi_Pchi_g10289	Twil_T_wilhelma_c26228_g1_i2|m.16414	95.0	S	0.0
Pigvie_Pvie_g6971	Hsap_NP_060372.2	95.0	S	0.0
Cper_Nk52_evm51s164	Hsap_NP_060372.2	95.0	S	0.0
Cowc_XP_004349282.2	Hsap_NP_060372.2	95.0	S	0.0
Pigchi_Pchi_g10289	Hsap_NP_060372.2	95.0	S	0.0
Pigvie_Pvie_g6971	Emue_Em0010g651a	95.0	S	0.0
Cper_Nk52_evm51s164	Emue_Em0010g651a	95.0	S	0.0
Cowc_XP_004349282.2	Emue_Em0010g651a	95.0	S	0.0
Pigchi_Pchi_g10289	Emue_Em0010g651a	95.0	S	0.0
Ppat_XP_024399957.1	Smoe_XP_024531781.1	92.0	S	0.0
Ppat_XP_024399957.1	Smoe_XP_024539595.1	92.0	S	0.0
Sarc_XP_014151949.1	Ppat_XP_024376210.1	70.0	S	0.0
Cfra_CFRG8355T1	Ppat_XP_024376210.1	70.0	S	0.0
Sarc_XP_014151949.1	Ppat_XP_024376209.1	70.0	S	0.0
Cfra_CFRG8355T1	Ppat_XP_024376209.1	70.0	S	0.0
Rvar_GAU90323.1	Hduj_OQV19329.1	100.0	S	0.0
Dmel_NP_001261225.1	Apimel_XP_026296208.1	95.0	S	0.0
Dmel_NP_612063.2	Apimel_XP_026296208.1	95.0	S	0.0
Dmel_NP_001261225.1	Agrpla_XP_018331764.2	95.0	S	0.0
Dmel_NP_612063.2	Agrpla_XP_018331764.2	95.0	S	0.0
Dmel_NP_001261225.1	Apimel_XP_026296209.1	95.0	S	0.0
Dmel_NP_612063.2	Apimel_XP_026296209.1	95.0	S	0.0
Dmel_NP_001261225.1	Bmor_XP_021207491.2	95.0	S	0.0
Dmel_NP_612063.2	Bmor_XP_021207491.2	95.0	S	0.0
Smar_SMAR008599-PA	Cint_XP_026690226.1	47.0	S	0.0
Lcom_lcpid51678|	Skow_XP_006813260.1	91.0	S	0.0
Awhi_Unigene29846_Abeoforma_whisleri|m.18337	Skow_XP_006813260.1	91.0	S	0.0
Scil_XP_065185214.1	Skow_XP_006813260.1	91.0	S	0.0
Lcom_lcpid67550|	Skow_XP_006813260.1	91.0	S	0.0
Pgem_Unigene20972_Pirum_gemmata|m.13675	Skow_XP_006813260.1	91.0	S	0.0
Lcom_lcpid115304|	Skow_XP_006813260.1	91.0	S	0.0
Lcom_lcpid51678|	Xtro_NP_001121525.1	91.0	S	0.0
Awhi_Unigene29846_Abeoforma_whisleri|m.18337	Xtro_NP_001121525.1	91.0	S	0.0
Scil_XP_065185214.1	Xtro_NP_001121525.1	91.0	S	0.0
Lcom_lcpid67550|	Xtro_NP_001121525.1	91.0	S	0.0
Pgem_Unigene20972_Pirum_gemmata|m.13675	Xtro_NP_001121525.1	91.0	S	0.0
Lcom_lcpid115304|	Xtro_NP_001121525.1	91.0	S	0.0
Lcom_lcpid51678|	Ggal_XP_025010992.2	91.0	S	0.0
Awhi_Unigene29846_Abeoforma_whisleri|m.18337	Ggal_XP_025010992.2	91.0	S	0.0
Scil_XP_065185214.1	Ggal_XP_025010992.2	91.0	S	0.0
Lcom_lcpid67550|	Ggal_XP_025010992.2	91.0	S	0.0
Pgem_Unigene20972_Pirum_gemmata|m.13675	Ggal_XP_025010992.2	91.0	S	0.0
Lcom_lcpid115304|	Ggal_XP_025010992.2	91.0	S	0.0
Lcom_lcpid51678|	Lpol_XP_022241372.1	91.0	S	0.0
Awhi_Unigene29846_Abeoforma_whisleri|m.18337	Lpol_XP_022241372.1	91.0	S	0.0
Scil_XP_065185214.1	Lpol_XP_022241372.1	91.0	S	0.0
Lcom_lcpid67550|	Lpol_XP_022241372.1	91.0	S	0.0
Pgem_Unigene20972_Pirum_gemmata|m.13675	Lpol_XP_022241372.1	91.0	S	0.0
Lcom_lcpid115304|	Lpol_XP_022241372.1	91.0	S	0.0
Lcom_lcpid51678|	Drer_NP_001103339.2	91.0	S	0.0
Awhi_Unigene29846_Abeoforma_whisleri|m.18337	Drer_NP_001103339.2	91.0	S	0.0
Scil_XP_065185214.1	Drer_NP_001103339.2	91.0	S	0.0
Lcom_lcpid67550|	Drer_NP_001103339.2	91.0	S	0.0
Pgem_Unigene20972_Pirum_gemmata|m.13675	Drer_NP_001103339.2	91.0	S	0.0
Lcom_lcpid115304|	Drer_NP_001103339.2	91.0	S	0.0
Lcom_lcpid51678|	Hsap_XP_047290613.1	91.0	S	0.0
Awhi_Unigene29846_Abeoforma_whisleri|m.18337	Hsap_XP_047290613.1	91.0	S	0.0
Scil_XP_065185214.1	Hsap_XP_047290613.1	91.0	S	0.0
Lcom_lcpid67550|	Hsap_XP_047290613.1	91.0	S	0.0
Pgem_Unigene20972_Pirum_gemmata|m.13675	Hsap_XP_047290613.1	91.0	S	0.0
Lcom_lcpid115304|	Hsap_XP_047290613.1	91.0	S	0.0
Lcom_lcpid51678|	Lana_XP_013411836.1	91.0	S	0.0
Awhi_Unigene29846_Abeoforma_whisleri|m.18337	Lana_XP_013411836.1	91.0	S	0.0
Scil_XP_065185214.1	Lana_XP_013411836.1	91.0	S	0.0
Lcom_lcpid67550|	Lana_XP_013411836.1	91.0	S	0.0
Pgem_Unigene20972_Pirum_gemmata|m.13675	Lana_XP_013411836.1	91.0	S	0.0
Lcom_lcpid115304|	Lana_XP_013411836.1	91.0	S	0.0
Lcom_lcpid51678|	Ggal_XP_004945335.2	91.0	S	0.0
Awhi_Unigene29846_Abeoforma_whisleri|m.18337	Ggal_XP_004945335.2	91.0	S	0.0
Scil_XP_065185214.1	Ggal_XP_004945335.2	91.0	S	0.0
Lcom_lcpid67550|	Ggal_XP_004945335.2	91.0	S	0.0
Pgem_Unigene20972_Pirum_gemmata|m.13675	Ggal_XP_004945335.2	91.0	S	0.0
Lcom_lcpid115304|	Ggal_XP_004945335.2	91.0	S	0.0
Lcom_lcpid51678|	Hsap_XP_047290610.1	91.0	S	0.0
Awhi_Unigene29846_Abeoforma_whisleri|m.18337	Hsap_XP_047290610.1	91.0	S	0.0
Scil_XP_065185214.1	Hsap_XP_047290610.1	91.0	S	0.0
Lcom_lcpid67550|	Hsap_XP_047290610.1	91.0	S	0.0
Pgem_Unigene20972_Pirum_gemmata|m.13675	Hsap_XP_047290610.1	91.0	S	0.0
Lcom_lcpid115304|	Hsap_XP_047290610.1	91.0	S	0.0
Lcom_lcpid51678|	Drer_XP_068072685.1	91.0	S	0.0
Awhi_Unigene29846_Abeoforma_whisleri|m.18337	Drer_XP_068072685.1	91.0	S	0.0
Scil_XP_065185214.1	Drer_XP_068072685.1	91.0	S	0.0
Lcom_lcpid67550|	Drer_XP_068072685.1	91.0	S	0.0
Pgem_Unigene20972_Pirum_gemmata|m.13675	Drer_XP_068072685.1	91.0	S	0.0
Lcom_lcpid115304|	Drer_XP_068072685.1	91.0	S	0.0
Lcom_lcpid51678|	Hsap_XP_047290612.1	91.0	S	0.0
Awhi_Unigene29846_Abeoforma_whisleri|m.18337	Hsap_XP_047290612.1	91.0	S	0.0
Scil_XP_065185214.1	Hsap_XP_047290612.1	91.0	S	0.0
Lcom_lcpid67550|	Hsap_XP_047290612.1	91.0	S	0.0
Pgem_Unigene20972_Pirum_gemmata|m.13675	Hsap_XP_047290612.1	91.0	S	0.0
Lcom_lcpid115304|	Hsap_XP_047290612.1	91.0	S	0.0
Lcom_lcpid51678|	Tadh_XP_002109881.1	91.0	S	0.0
Awhi_Unigene29846_Abeoforma_whisleri|m.18337	Tadh_XP_002109881.1	91.0	S	0.0
Scil_XP_065185214.1	Tadh_XP_002109881.1	91.0	S	0.0
Lcom_lcpid67550|	Tadh_XP_002109881.1	91.0	S	0.0
Pgem_Unigene20972_Pirum_gemmata|m.13675	Tadh_XP_002109881.1	91.0	S	0.0
Lcom_lcpid115304|	Tadh_XP_002109881.1	91.0	S	0.0
Lcom_lcpid51678|	Apla_XP_022085202.1	91.0	S	0.0
Awhi_Unigene29846_Abeoforma_whisleri|m.18337	Apla_XP_022085202.1	91.0	S	0.0
Scil_XP_065185214.1	Apla_XP_022085202.1	91.0	S	0.0
Lcom_lcpid67550|	Apla_XP_022085202.1	91.0	S	0.0
Pgem_Unigene20972_Pirum_gemmata|m.13675	Apla_XP_022085202.1	91.0	S	0.0
Lcom_lcpid115304|	Apla_XP_022085202.1	91.0	S	0.0
Lcom_lcpid51678|	Dpul_XP_046461813.1	91.0	S	0.0
Awhi_Unigene29846_Abeoforma_whisleri|m.18337	Dpul_XP_046461813.1	91.0	S	0.0
Scil_XP_065185214.1	Dpul_XP_046461813.1	91.0	S	0.0
Lcom_lcpid67550|	Dpul_XP_046461813.1	91.0	S	0.0
Pgem_Unigene20972_Pirum_gemmata|m.13675	Dpul_XP_046461813.1	91.0	S	0.0
Lcom_lcpid115304|	Dpul_XP_046461813.1	91.0	S	0.0
Lcom_lcpid51678|	Hrob_XP_009019479.1	91.0	S	0.0
Awhi_Unigene29846_Abeoforma_whisleri|m.18337	Hrob_XP_009019479.1	91.0	S	0.0
Scil_XP_065185214.1	Hrob_XP_009019479.1	91.0	S	0.0
Lcom_lcpid67550|	Hrob_XP_009019479.1	91.0	S	0.0
Pgem_Unigene20972_Pirum_gemmata|m.13675	Hrob_XP_009019479.1	91.0	S	0.0
Lcom_lcpid115304|	Hrob_XP_009019479.1	91.0	S	0.0
Lcom_lcpid51678|	Hsap_NP_079049.2	91.0	S	0.0
Awhi_Unigene29846_Abeoforma_whisleri|m.18337	Hsap_NP_079049.2	91.0	S	0.0
Scil_XP_065185214.1	Hsap_NP_079049.2	91.0	S	0.0
Lcom_lcpid67550|	Hsap_NP_079049.2	91.0	S	0.0
Pgem_Unigene20972_Pirum_gemmata|m.13675	Hsap_NP_079049.2	91.0	S	0.0
Lcom_lcpid115304|	Hsap_NP_079049.2	91.0	S	0.0
Lcom_lcpid51678|	Blan_XP_066295512.1	91.0	S	0.0
Awhi_Unigene29846_Abeoforma_whisleri|m.18337	Blan_XP_066295512.1	91.0	S	0.0
Scil_XP_065185214.1	Blan_XP_066295512.1	91.0	S	0.0
Lcom_lcpid67550|	Blan_XP_066295512.1	91.0	S	0.0
Pgem_Unigene20972_Pirum_gemmata|m.13675	Blan_XP_066295512.1	91.0	S	0.0
Lcom_lcpid115304|	Blan_XP_066295512.1	91.0	S	0.0
Lcom_lcpid51678|	Hsap_XP_047290614.1	91.0	S	0.0
Awhi_Unigene29846_Abeoforma_whisleri|m.18337	Hsap_XP_047290614.1	91.0	S	0.0
Scil_XP_065185214.1	Hsap_XP_047290614.1	91.0	S	0.0
Lcom_lcpid67550|	Hsap_XP_047290614.1	91.0	S	0.0
Pgem_Unigene20972_Pirum_gemmata|m.13675	Hsap_XP_047290614.1	91.0	S	0.0
Lcom_lcpid115304|	Hsap_XP_047290614.1	91.0	S	0.0
Lcom_lcpid51678|	Hsap_NP_001138820.1	91.0	S	0.0
Awhi_Unigene29846_Abeoforma_whisleri|m.18337	Hsap_NP_001138820.1	91.0	S	0.0
Scil_XP_065185214.1	Hsap_NP_001138820.1	91.0	S	0.0
Lcom_lcpid67550|	Hsap_NP_001138820.1	91.0	S	0.0
Pgem_Unigene20972_Pirum_gemmata|m.13675	Hsap_NP_001138820.1	91.0	S	0.0
Lcom_lcpid115304|	Hsap_NP_001138820.1	91.0	S	0.0
Lcom_lcpid51678|	Lpol_XP_013774279.1	91.0	S	0.0
Awhi_Unigene29846_Abeoforma_whisleri|m.18337	Lpol_XP_013774279.1	91.0	S	0.0
Scil_XP_065185214.1	Lpol_XP_013774279.1	91.0	S	0.0
Lcom_lcpid67550|	Lpol_XP_013774279.1	91.0	S	0.0
Pgem_Unigene20972_Pirum_gemmata|m.13675	Lpol_XP_013774279.1	91.0	S	0.0
Lcom_lcpid115304|	Lpol_XP_013774279.1	91.0	S	0.0
Lcom_lcpid51678|	Avag_UJR16219.1	91.0	S	0.0
Awhi_Unigene29846_Abeoforma_whisleri|m.18337	Avag_UJR16219.1	91.0	S	0.0
Scil_XP_065185214.1	Avag_UJR16219.1	91.0	S	0.0
Lcom_lcpid67550|	Avag_UJR16219.1	91.0	S	0.0
Pgem_Unigene20972_Pirum_gemmata|m.13675	Avag_UJR16219.1	91.0	S	0.0
Lcom_lcpid115304|	Avag_UJR16219.1	91.0	S	0.0
Lcom_lcpid51678|	Pigchi_Pchi_g4251	91.0	S	0.0
Awhi_Unigene29846_Abeoforma_whisleri|m.18337	Pigchi_Pchi_g4251	91.0	S	0.0
Scil_XP_065185214.1	Pigchi_Pchi_g4251	91.0	S	0.0
Lcom_lcpid67550|	Pigchi_Pchi_g4251	91.0	S	0.0
Pgem_Unigene20972_Pirum_gemmata|m.13675	Pigchi_Pchi_g4251	91.0	S	0.0
Lcom_lcpid115304|	Pigchi_Pchi_g4251	91.0	S	0.0
Lcom_lcpid51678|	Ofus_CAH1779520.1	91.0	S	0.0
Awhi_Unigene29846_Abeoforma_whisleri|m.18337	Ofus_CAH1779520.1	91.0	S	0.0
Scil_XP_065185214.1	Ofus_CAH1779520.1	91.0	S	0.0
Lcom_lcpid67550|	Ofus_CAH1779520.1	91.0	S	0.0
Pgem_Unigene20972_Pirum_gemmata|m.13675	Ofus_CAH1779520.1	91.0	S	0.0
Lcom_lcpid115304|	Ofus_CAH1779520.1	91.0	S	0.0
Lcom_lcpid51678|	Spur_XP_030839602.1	91.0	S	0.0
Awhi_Unigene29846_Abeoforma_whisleri|m.18337	Spur_XP_030839602.1	91.0	S	0.0
Scil_XP_065185214.1	Spur_XP_030839602.1	91.0	S	0.0
Lcom_lcpid67550|	Spur_XP_030839602.1	91.0	S	0.0
Pgem_Unigene20972_Pirum_gemmata|m.13675	Spur_XP_030839602.1	91.0	S	0.0
Lcom_lcpid115304|	Spur_XP_030839602.1	91.0	S	0.0
Lcom_lcpid51678|	Ggal_XP_414883.4	91.0	S	0.0
Awhi_Unigene29846_Abeoforma_whisleri|m.18337	Ggal_XP_414883.4	91.0	S	0.0
Scil_XP_065185214.1	Ggal_XP_414883.4	91.0	S	0.0
Lcom_lcpid67550|	Ggal_XP_414883.4	91.0	S	0.0
Pgem_Unigene20972_Pirum_gemmata|m.13675	Ggal_XP_414883.4	91.0	S	0.0
Lcom_lcpid115304|	Ggal_XP_414883.4	91.0	S	0.0
Lcom_lcpid51678|	Cvir_XP_022338439.1	91.0	S	0.0
Awhi_Unigene29846_Abeoforma_whisleri|m.18337	Cvir_XP_022338439.1	91.0	S	0.0
Scil_XP_065185214.1	Cvir_XP_022338439.1	91.0	S	0.0
Lcom_lcpid67550|	Cvir_XP_022338439.1	91.0	S	0.0
Pgem_Unigene20972_Pirum_gemmata|m.13675	Cvir_XP_022338439.1	91.0	S	0.0
Lcom_lcpid115304|	Cvir_XP_022338439.1	91.0	S	0.0
Lcom_lcpid51678|	Pvan_XP_069991585.1	91.0	S	0.0
Awhi_Unigene29846_Abeoforma_whisleri|m.18337	Pvan_XP_069991585.1	91.0	S	0.0
Scil_XP_065185214.1	Pvan_XP_069991585.1	91.0	S	0.0
Lcom_lcpid67550|	Pvan_XP_069991585.1	91.0	S	0.0
Pgem_Unigene20972_Pirum_gemmata|m.13675	Pvan_XP_069991585.1	91.0	S	0.0
Lcom_lcpid115304|	Pvan_XP_069991585.1	91.0	S	0.0
Lcom_lcpid51678|	Lpol_XP_022241370.1	91.0	S	0.0
Awhi_Unigene29846_Abeoforma_whisleri|m.18337	Lpol_XP_022241370.1	91.0	S	0.0
Scil_XP_065185214.1	Lpol_XP_022241370.1	91.0	S	0.0
Lcom_lcpid67550|	Lpol_XP_022241370.1	91.0	S	0.0
Pgem_Unigene20972_Pirum_gemmata|m.13675	Lpol_XP_022241370.1	91.0	S	0.0
Lcom_lcpid115304|	Lpol_XP_022241370.1	91.0	S	0.0
Lcom_lcpid51678|	Obim_XP_014780508.1	91.0	S	0.0
Awhi_Unigene29846_Abeoforma_whisleri|m.18337	Obim_XP_014780508.1	91.0	S	0.0
Scil_XP_065185214.1	Obim_XP_014780508.1	91.0	S	0.0
Lcom_lcpid67550|	Obim_XP_014780508.1	91.0	S	0.0
Pgem_Unigene20972_Pirum_gemmata|m.13675	Obim_XP_014780508.1	91.0	S	0.0
Lcom_lcpid115304|	Obim_XP_014780508.1	91.0	S	0.0
Lcom_lcpid51678|	Cscu_XP_023216044.1	91.0	S	0.0
Awhi_Unigene29846_Abeoforma_whisleri|m.18337	Cscu_XP_023216044.1	91.0	S	0.0
Scil_XP_065185214.1	Cscu_XP_023216044.1	91.0	S	0.0
Lcom_lcpid67550|	Cscu_XP_023216044.1	91.0	S	0.0
Pgem_Unigene20972_Pirum_gemmata|m.13675	Cscu_XP_023216044.1	91.0	S	0.0
Lcom_lcpid115304|	Cscu_XP_023216044.1	91.0	S	0.0
Lcom_lcpid51678|	Lpol_XP_022241371.1	91.0	S	0.0
Awhi_Unigene29846_Abeoforma_whisleri|m.18337	Lpol_XP_022241371.1	91.0	S	0.0
Scil_XP_065185214.1	Lpol_XP_022241371.1	91.0	S	0.0
Lcom_lcpid67550|	Lpol_XP_022241371.1	91.0	S	0.0
Pgem_Unigene20972_Pirum_gemmata|m.13675	Lpol_XP_022241371.1	91.0	S	0.0
Lcom_lcpid115304|	Lpol_XP_022241371.1	91.0	S	0.0
Lcom_lcpid51678|	Hrob_XP_009019477.1	91.0	S	0.0
Awhi_Unigene29846_Abeoforma_whisleri|m.18337	Hrob_XP_009019477.1	91.0	S	0.0
Scil_XP_065185214.1	Hrob_XP_009019477.1	91.0	S	0.0
Lcom_lcpid67550|	Hrob_XP_009019477.1	91.0	S	0.0
Pgem_Unigene20972_Pirum_gemmata|m.13675	Hrob_XP_009019477.1	91.0	S	0.0
Lcom_lcpid115304|	Hrob_XP_009019477.1	91.0	S	0.0
Lcom_lcpid51678|	Hsap_XP_016879165.1	91.0	S	0.0
Awhi_Unigene29846_Abeoforma_whisleri|m.18337	Hsap_XP_016879165.1	91.0	S	0.0
Scil_XP_065185214.1	Hsap_XP_016879165.1	91.0	S	0.0
Lcom_lcpid67550|	Hsap_XP_016879165.1	91.0	S	0.0
Pgem_Unigene20972_Pirum_gemmata|m.13675	Hsap_XP_016879165.1	91.0	S	0.0
Lcom_lcpid115304|	Hsap_XP_016879165.1	91.0	S	0.0
Lcom_lcpid51678|	Cper_Nk52_evm66s2367	91.0	S	0.0
Awhi_Unigene29846_Abeoforma_whisleri|m.18337	Cper_Nk52_evm66s2367	91.0	S	0.0
Scil_XP_065185214.1	Cper_Nk52_evm66s2367	91.0	S	0.0
Lcom_lcpid67550|	Cper_Nk52_evm66s2367	91.0	S	0.0
Pgem_Unigene20972_Pirum_gemmata|m.13675	Cper_Nk52_evm66s2367	91.0	S	0.0
Lcom_lcpid115304|	Cper_Nk52_evm66s2367	91.0	S	0.0
Lcom_lcpid51678|	Emue_Em0011g644a	91.0	S	0.0
Awhi_Unigene29846_Abeoforma_whisleri|m.18337	Emue_Em0011g644a	91.0	S	0.0
Scil_XP_065185214.1	Emue_Em0011g644a	91.0	S	0.0
Lcom_lcpid67550|	Emue_Em0011g644a	91.0	S	0.0
Pgem_Unigene20972_Pirum_gemmata|m.13675	Emue_Em0011g644a	91.0	S	0.0
Lcom_lcpid115304|	Emue_Em0011g644a	91.0	S	0.0
Lcom_lcpid51678|	Pvan_XP_069991586.1	91.0	S	0.0
Awhi_Unigene29846_Abeoforma_whisleri|m.18337	Pvan_XP_069991586.1	91.0	S	0.0
Scil_XP_065185214.1	Pvan_XP_069991586.1	91.0	S	0.0
Lcom_lcpid67550|	Pvan_XP_069991586.1	91.0	S	0.0
Pgem_Unigene20972_Pirum_gemmata|m.13675	Pvan_XP_069991586.1	91.0	S	0.0
Lcom_lcpid115304|	Pvan_XP_069991586.1	91.0	S	0.0
Lcom_lcpid51678|	Pigvie_Pvie_g14601	91.0	S	0.0
Awhi_Unigene29846_Abeoforma_whisleri|m.18337	Pigvie_Pvie_g14601	91.0	S	0.0
Scil_XP_065185214.1	Pigvie_Pvie_g14601	91.0	S	0.0
Lcom_lcpid67550|	Pigvie_Pvie_g14601	91.0	S	0.0
Pgem_Unigene20972_Pirum_gemmata|m.13675	Pigvie_Pvie_g14601	91.0	S	0.0
Lcom_lcpid115304|	Pigvie_Pvie_g14601	91.0	S	0.0
Lcom_lcpid51678|	Twil_T_wilhelma_c33435_g2_i2|m.55195	91.0	S	0.0
Awhi_Unigene29846_Abeoforma_whisleri|m.18337	Twil_T_wilhelma_c33435_g2_i2|m.55195	91.0	S	0.0
Scil_XP_065185214.1	Twil_T_wilhelma_c33435_g2_i2|m.55195	91.0	S	0.0
Lcom_lcpid67550|	Twil_T_wilhelma_c33435_g2_i2|m.55195	91.0	S	0.0
Pgem_Unigene20972_Pirum_gemmata|m.13675	Twil_T_wilhelma_c33435_g2_i2|m.55195	91.0	S	0.0
Lcom_lcpid115304|	Twil_T_wilhelma_c33435_g2_i2|m.55195	91.0	S	0.0
Lcom_lcpid51678|	Aplcal_XP_005102629.2	91.0	S	0.0
Awhi_Unigene29846_Abeoforma_whisleri|m.18337	Aplcal_XP_005102629.2	91.0	S	0.0
Scil_XP_065185214.1	Aplcal_XP_005102629.2	91.0	S	0.0
Lcom_lcpid67550|	Aplcal_XP_005102629.2	91.0	S	0.0
Pgem_Unigene20972_Pirum_gemmata|m.13675	Aplcal_XP_005102629.2	91.0	S	0.0
Lcom_lcpid115304|	Aplcal_XP_005102629.2	91.0	S	0.0
Lcom_lcpid51678|	Apla_XP_022085203.1	91.0	S	0.0
Awhi_Unigene29846_Abeoforma_whisleri|m.18337	Apla_XP_022085203.1	91.0	S	0.0
Scil_XP_065185214.1	Apla_XP_022085203.1	91.0	S	0.0
Lcom_lcpid67550|	Apla_XP_022085203.1	91.0	S	0.0
Pgem_Unigene20972_Pirum_gemmata|m.13675	Apla_XP_022085203.1	91.0	S	0.0
Lcom_lcpid115304|	Apla_XP_022085203.1	91.0	S	0.0
Lcom_lcpid51678|	Hsap_XP_047290611.1	91.0	S	0.0
Awhi_Unigene29846_Abeoforma_whisleri|m.18337	Hsap_XP_047290611.1	91.0	S	0.0
Scil_XP_065185214.1	Hsap_XP_047290611.1	91.0	S	0.0
Lcom_lcpid67550|	Hsap_XP_047290611.1	91.0	S	0.0
Pgem_Unigene20972_Pirum_gemmata|m.13675	Hsap_XP_047290611.1	91.0	S	0.0
Lcom_lcpid115304|	Hsap_XP_047290611.1	91.0	S	0.0
Lcom_lcpid51678|	Aque_XP_019853293.1	91.0	S	0.0
Awhi_Unigene29846_Abeoforma_whisleri|m.18337	Aque_XP_019853293.1	91.0	S	0.0
Scil_XP_065185214.1	Aque_XP_019853293.1	91.0	S	0.0
Lcom_lcpid67550|	Aque_XP_019853293.1	91.0	S	0.0
Pgem_Unigene20972_Pirum_gemmata|m.13675	Aque_XP_019853293.1	91.0	S	0.0
Lcom_lcpid115304|	Aque_XP_019853293.1	91.0	S	0.0
Lcom_lcpid115342|	Lcom_lcpid202534|	100.0	D	1.0
Apla_XP_022104467.1	Apla_XP_022104468.1	100.0	D	1.0
Spur_XP_030851360.1	Spur_XP_030851366.1	100.0	D	1.0
Smoe_XP_024520770.1	Smoe_XP_024527656.1	13.0	D	1.0
Smoe_XP_024520670.1	Smoe_XP_024527656.1	13.0	D	1.0
Smoe_XP_024520770.1	Smoe_XP_024527658.1	13.0	D	1.0
Smoe_XP_024520670.1	Smoe_XP_024527658.1	13.0	D	1.0
Smoe_XP_024520770.1	Smoe_XP_024527935.1	13.0	D	1.0
Smoe_XP_024520670.1	Smoe_XP_024527935.1	13.0	D	1.0
Smoe_XP_024520770.1	Smoe_XP_024532000.1	13.0	D	1.0
Smoe_XP_024520670.1	Smoe_XP_024532000.1	13.0	D	1.0
Smoe_XP_024520770.1	Smoe_XP_024527929.1	13.0	D	1.0
Smoe_XP_024520670.1	Smoe_XP_024527929.1	13.0	D	1.0
Smoe_XP_024520770.1	Smoe_XP_024527933.1	13.0	D	1.0
Smoe_XP_024520670.1	Smoe_XP_024527933.1	13.0	D	1.0
Smoe_XP_024520770.1	Smoe_XP_024527928.1	13.0	D	1.0
Smoe_XP_024520670.1	Smoe_XP_024527928.1	13.0	D	1.0
Smoe_XP_024520770.1	Smoe_XP_024527655.1	13.0	D	1.0
Smoe_XP_024520670.1	Smoe_XP_024527655.1	13.0	D	1.0
Smoe_XP_024520770.1	Smoe_XP_024527931.1	13.0	D	1.0
Smoe_XP_024520670.1	Smoe_XP_024527931.1	13.0	D	1.0
Smoe_XP_024520770.1	Smoe_XP_024527657.1	13.0	D	1.0
Smoe_XP_024520670.1	Smoe_XP_024527657.1	13.0	D	1.0
Smoe_XP_024520770.1	Smoe_XP_024527934.1	13.0	D	1.0
Smoe_XP_024520670.1	Smoe_XP_024527934.1	13.0	D	1.0
Smoe_XP_024520770.1	Smoe_XP_024527652.1	13.0	D	1.0
Smoe_XP_024520670.1	Smoe_XP_024527652.1	13.0	D	1.0
Smoe_XP_024520770.1	Smoe_XP_024527654.1	13.0	D	1.0
Smoe_XP_024520670.1	Smoe_XP_024527654.1	13.0	D	1.0
Smoe_XP_024520770.1	Smoe_XP_024520821.1	13.0	D	1.0
Smoe_XP_024520670.1	Smoe_XP_024520821.1	13.0	D	1.0
Smoe_XP_024520770.1	Smoe_XP_024527932.1	13.0	D	1.0
Smoe_XP_024520670.1	Smoe_XP_024527932.1	13.0	D	1.0
Smoe_XP_024520770.1	Smoe_XP_024527653.1	13.0	D	1.0
Smoe_XP_024520670.1	Smoe_XP_024527653.1	13.0	D	1.0
Smoe_XP_024520770.1	Smoe_XP_024527930.1	13.0	D	1.0
Smoe_XP_024520670.1	Smoe_XP_024527930.1	13.0	D	1.0
Cofcan_CDP19768.1	Sollyc_XP_004247201.1	95.0	S	0.0
Cofcan_CDP03676.1	Sollyc_XP_004247201.1	95.0	S	0.0
Cofcan_CDP19768.1	Lsat_XP_023734930.1	95.0	S	0.0
Cofcan_CDP03676.1	Lsat_XP_023734930.1	95.0	S	0.0
Cofcan_CDP19768.1	Lsat_XP_023734931.1	95.0	S	0.0
Cofcan_CDP03676.1	Lsat_XP_023734931.1	95.0	S	0.0
Cofcan_CDP19768.1	Sollyc_XP_025888583.1	95.0	S	0.0
Cofcan_CDP03676.1	Sollyc_XP_025888583.1	95.0	S	0.0
Mesc_XP_021612650.1	Qlob_XP_030947628.1	96.0	S	0.0
Mesc_XP_043812339.1	Qlob_XP_030947628.1	96.0	S	0.0
Mesc_XP_021612650.1	Rchi_XP_024164996.1	96.0	S	0.0
Mesc_XP_043812339.1	Rchi_XP_024164996.1	96.0	S	0.0
Mesc_XP_021612650.1	Qlob_XP_030973177.1	96.0	S	0.0
Mesc_XP_043812339.1	Qlob_XP_030973177.1	96.0	S	0.0
Mesc_XP_021612650.1	Rchi_XP_040364728.1	96.0	S	0.0
Mesc_XP_043812339.1	Rchi_XP_040364728.1	96.0	S	0.0
Mesc_XP_021612650.1	Mtru_XP_003590573.1	96.0	S	0.0
Mesc_XP_043812339.1	Mtru_XP_003590573.1	96.0	S	0.0
Mesc_XP_021612650.1	Psat_XP_050887295.1	96.0	S	0.0
Mesc_XP_043812339.1	Psat_XP_050887295.1	96.0	S	0.0
Mesc_XP_021612650.1	Qlob_XP_030947629.1	96.0	S	0.0
Mesc_XP_043812339.1	Qlob_XP_030947629.1	96.0	S	0.0
Atha_NP_001318604.1	Bnap_XP_013682006.3	100.0	S	0.0
Atha_NP_001190341.1	Bnap_XP_013682006.3	100.0	S	0.0
Atha_NP_001318604.1	Bnap_XP_048608056.1	100.0	S	0.0
Atha_NP_001190341.1	Bnap_XP_048608056.1	100.0	S	0.0
Atha_NP_001318604.1	Bnap_XP_048608055.1	100.0	S	0.0
Atha_NP_001190341.1	Bnap_XP_048608055.1	100.0	S	0.0
Atha_NP_001318604.1	Bnap_XP_013730750.2	100.0	S	0.0
Atha_NP_001190341.1	Bnap_XP_013730750.2	100.0	S	0.0
Osat_XP_015618176.1	Ecur_TVU34937.1	100.0	S	0.0
Osat_XP_025877206.1	Ecur_TVU34937.1	100.0	S	0.0
Osat_XP_015618184.1	Ecur_TVU34937.1	100.0	S	0.0
Osat_XP_015618169.1	Ecur_TVU34937.1	100.0	S	0.0
Osat_XP_015618176.1	Bdis_XP_010232410.2	100.0	S	0.0
Osat_XP_025877206.1	Bdis_XP_010232410.2	100.0	S	0.0
Osat_XP_015618184.1	Bdis_XP_010232410.2	100.0	S	0.0
Osat_XP_015618169.1	Bdis_XP_010232410.2	100.0	S	0.0
Osat_XP_015618176.1	Ecur_TVU34924.1	100.0	S	0.0
Osat_XP_025877206.1	Ecur_TVU34924.1	100.0	S	0.0
Osat_XP_015618184.1	Ecur_TVU34924.1	100.0	S	0.0
Osat_XP_015618169.1	Ecur_TVU34924.1	100.0	S	0.0
Osat_XP_015618176.1	Tura_XP_048564742.1	100.0	S	0.0
Osat_XP_025877206.1	Tura_XP_048564742.1	100.0	S	0.0
Osat_XP_015618184.1	Tura_XP_048564742.1	100.0	S	0.0
Osat_XP_015618169.1	Tura_XP_048564742.1	100.0	S	0.0
Osat_XP_015618176.1	Zmay_NP_001360982.1	100.0	S	0.0
Osat_XP_025877206.1	Zmay_NP_001360982.1	100.0	S	0.0
Osat_XP_015618184.1	Zmay_NP_001360982.1	100.0	S	0.0
Osat_XP_015618169.1	Zmay_NP_001360982.1	100.0	S	0.0
Osat_XP_015618176.1	Bdis_XP_024313966.1	100.0	S	0.0
Osat_XP_025877206.1	Bdis_XP_024313966.1	100.0	S	0.0
Osat_XP_015618184.1	Bdis_XP_024313966.1	100.0	S	0.0
Osat_XP_015618169.1	Bdis_XP_024313966.1	100.0	S	0.0
Osat_XP_015618176.1	Bdis_XP_003569931.2	100.0	S	0.0
Osat_XP_025877206.1	Bdis_XP_003569931.2	100.0	S	0.0
Osat_XP_015618184.1	Bdis_XP_003569931.2	100.0	S	0.0
Osat_XP_015618169.1	Bdis_XP_003569931.2	100.0	S	0.0
Pigvie_Pvie_g7752	Pigchi_Pchi_g9534	100.0	S	0.0
Scil_XP_065179869.1	Lcom_lcpid113704|	100.0	S	0.0
Twil_T_wilhelma_c32068_g3_i1|m.45570	Emue_Em0015g829a	100.0	S	0.0
Twil_T_wilhelma_c32068_g3_i1|m.45570	Emue_Em0015g867a	100.0	S	0.0
Twil_T_wilhelma_c32068_g3_i1|m.45570	Aque_XP_019855988.1	100.0	S	0.0
Emue_Em0004g89a	Twil_T_wilhelma_c28507_g1_i2|m.25183	68.0	S	0.0
Aque_XP_019854219.1	Aque_XP_019854218.1	100.0	D	1.0
Cowc_XP_004363350.2	Scil_XP_065182659.1	100.0	S	0.0
Cowc_XP_004363350.2	Emue_Em0960g3a	100.0	S	0.0
Cowc_XP_004363350.2	Lcom_lcpid61937|	100.0	S	0.0
Cowc_XP_004363350.2	Aque_XP_011403823.1	100.0	S	0.0
Cowc_XP_004363350.2	Emue_Em0019g914a	100.0	S	0.0
Cowc_XP_004363350.2	Twil_T_wilhelma_c23056_g1_i3|m.9144	100.0	S	0.0
Cowc_XP_004363350.2	Twil_T_wilhelma_c23056_g1_i1|m.9140	100.0	S	0.0
Cowc_XP_004363350.2	Twil_T_wilhelma_c23056_g1_i2|m.9142	100.0	S	0.0
Cowc_XP_004363350.2	Emue_Em0246g2a	100.0	S	0.0
Cper_Nk52_evm51s164	Pigvie_Pvie_g6971	93.0	S	0.0
Cper_Nk52_evm51s164	Cowc_XP_004349282.2	93.0	S	0.0
Cper_Nk52_evm51s164	Pigchi_Pchi_g10289	93.0	S	0.0
Twil_T_wilhelma_c26228_g1_i3|m.16415	Lpol_XP_013777533.1	99.0	S	0.0
Emue_Em0010g680a	Lpol_XP_013777533.1	99.0	S	0.0
Twil_T_wilhelma_c26228_g1_i1|m.16413	Lpol_XP_013777533.1	99.0	S	0.0
Emue_Em0010g639a	Lpol_XP_013777533.1	99.0	S	0.0
Aque_XP_011405699.1	Lpol_XP_013777533.1	99.0	S	0.0
Emue_Em0010g647a	Lpol_XP_013777533.1	99.0	S	0.0
Twil_T_wilhelma_c26228_g1_i2|m.16414	Lpol_XP_013777533.1	99.0	S	0.0
Emue_Em0010g663a	Lpol_XP_013777533.1	99.0	S	0.0
Emue_Em0010g651a	Lpol_XP_013777533.1	99.0	S	0.0
Twil_T_wilhelma_c26228_g1_i3|m.16415	Lcom_lcpid192438|	99.0	S	0.0
Emue_Em0010g680a	Lcom_lcpid192438|	99.0	S	0.0
Twil_T_wilhelma_c26228_g1_i1|m.16413	Lcom_lcpid192438|	99.0	S	0.0
Emue_Em0010g639a	Lcom_lcpid192438|	99.0	S	0.0
Aque_XP_011405699.1	Lcom_lcpid192438|	99.0	S	0.0
Emue_Em0010g647a	Lcom_lcpid192438|	99.0	S	0.0
Twil_T_wilhelma_c26228_g1_i2|m.16414	Lcom_lcpid192438|	99.0	S	0.0
Emue_Em0010g663a	Lcom_lcpid192438|	99.0	S	0.0
Emue_Em0010g651a	Lcom_lcpid192438|	99.0	S	0.0
Twil_T_wilhelma_c26228_g1_i3|m.16415	Agrpla_XP_018320992.1	99.0	S	0.0
Emue_Em0010g680a	Agrpla_XP_018320992.1	99.0	S	0.0
Twil_T_wilhelma_c26228_g1_i1|m.16413	Agrpla_XP_018320992.1	99.0	S	0.0
Emue_Em0010g639a	Agrpla_XP_018320992.1	99.0	S	0.0
Aque_XP_011405699.1	Agrpla_XP_018320992.1	99.0	S	0.0
Emue_Em0010g647a	Agrpla_XP_018320992.1	99.0	S	0.0
Twil_T_wilhelma_c26228_g1_i2|m.16414	Agrpla_XP_018320992.1	99.0	S	0.0
Emue_Em0010g663a	Agrpla_XP_018320992.1	99.0	S	0.0
Emue_Em0010g651a	Agrpla_XP_018320992.1	99.0	S	0.0
Twil_T_wilhelma_c26228_g1_i3|m.16415	Xtro_NP_988915.1	99.0	S	0.0
Emue_Em0010g680a	Xtro_NP_988915.1	99.0	S	0.0
Twil_T_wilhelma_c26228_g1_i1|m.16413	Xtro_NP_988915.1	99.0	S	0.0
Emue_Em0010g639a	Xtro_NP_988915.1	99.0	S	0.0
Aque_XP_011405699.1	Xtro_NP_988915.1	99.0	S	0.0
Emue_Em0010g647a	Xtro_NP_988915.1	99.0	S	0.0
Twil_T_wilhelma_c26228_g1_i2|m.16414	Xtro_NP_988915.1	99.0	S	0.0
Emue_Em0010g663a	Xtro_NP_988915.1	99.0	S	0.0
Emue_Em0010g651a	Xtro_NP_988915.1	99.0	S	0.0
Twil_T_wilhelma_c26228_g1_i3|m.16415	Cvir_XP_022318228.1	99.0	S	0.0
Emue_Em0010g680a	Cvir_XP_022318228.1	99.0	S	0.0
Twil_T_wilhelma_c26228_g1_i1|m.16413	Cvir_XP_022318228.1	99.0	S	0.0
Emue_Em0010g639a	Cvir_XP_022318228.1	99.0	S	0.0
Aque_XP_011405699.1	Cvir_XP_022318228.1	99.0	S	0.0
Emue_Em0010g647a	Cvir_XP_022318228.1	99.0	S	0.0
Twil_T_wilhelma_c26228_g1_i2|m.16414	Cvir_XP_022318228.1	99.0	S	0.0
Emue_Em0010g663a	Cvir_XP_022318228.1	99.0	S	0.0
Emue_Em0010g651a	Cvir_XP_022318228.1	99.0	S	0.0
Twil_T_wilhelma_c26228_g1_i3|m.16415	Lpol_XP_022242198.1	99.0	S	0.0
Emue_Em0010g680a	Lpol_XP_022242198.1	99.0	S	0.0
Twil_T_wilhelma_c26228_g1_i1|m.16413	Lpol_XP_022242198.1	99.0	S	0.0
Emue_Em0010g639a	Lpol_XP_022242198.1	99.0	S	0.0
Aque_XP_011405699.1	Lpol_XP_022242198.1	99.0	S	0.0
Emue_Em0010g647a	Lpol_XP_022242198.1	99.0	S	0.0
Twil_T_wilhelma_c26228_g1_i2|m.16414	Lpol_XP_022242198.1	99.0	S	0.0
Emue_Em0010g663a	Lpol_XP_022242198.1	99.0	S	0.0
Emue_Em0010g651a	Lpol_XP_022242198.1	99.0	S	0.0
Twil_T_wilhelma_c26228_g1_i3|m.16415	Lpol_XP_013775038.1	99.0	S	0.0
Emue_Em0010g680a	Lpol_XP_013775038.1	99.0	S	0.0
Twil_T_wilhelma_c26228_g1_i1|m.16413	Lpol_XP_013775038.1	99.0	S	0.0
Emue_Em0010g639a	Lpol_XP_013775038.1	99.0	S	0.0
Aque_XP_011405699.1	Lpol_XP_013775038.1	99.0	S	0.0
Emue_Em0010g647a	Lpol_XP_013775038.1	99.0	S	0.0
Twil_T_wilhelma_c26228_g1_i2|m.16414	Lpol_XP_013775038.1	99.0	S	0.0
Emue_Em0010g663a	Lpol_XP_013775038.1	99.0	S	0.0
Emue_Em0010g651a	Lpol_XP_013775038.1	99.0	S	0.0
Twil_T_wilhelma_c26228_g1_i3|m.16415	Cscu_XP_023219803.1	99.0	S	0.0
Emue_Em0010g680a	Cscu_XP_023219803.1	99.0	S	0.0
Twil_T_wilhelma_c26228_g1_i1|m.16413	Cscu_XP_023219803.1	99.0	S	0.0
Emue_Em0010g639a	Cscu_XP_023219803.1	99.0	S	0.0
Aque_XP_011405699.1	Cscu_XP_023219803.1	99.0	S	0.0
Emue_Em0010g647a	Cscu_XP_023219803.1	99.0	S	0.0
Twil_T_wilhelma_c26228_g1_i2|m.16414	Cscu_XP_023219803.1	99.0	S	0.0
Emue_Em0010g663a	Cscu_XP_023219803.1	99.0	S	0.0
Emue_Em0010g651a	Cscu_XP_023219803.1	99.0	S	0.0
Twil_T_wilhelma_c26228_g1_i3|m.16415	Hsap_XP_011538242.1	99.0	S	0.0
Emue_Em0010g680a	Hsap_XP_011538242.1	99.0	S	0.0
Twil_T_wilhelma_c26228_g1_i1|m.16413	Hsap_XP_011538242.1	99.0	S	0.0
Emue_Em0010g639a	Hsap_XP_011538242.1	99.0	S	0.0
Aque_XP_011405699.1	Hsap_XP_011538242.1	99.0	S	0.0
Emue_Em0010g647a	Hsap_XP_011538242.1	99.0	S	0.0
Twil_T_wilhelma_c26228_g1_i2|m.16414	Hsap_XP_011538242.1	99.0	S	0.0
Emue_Em0010g663a	Hsap_XP_011538242.1	99.0	S	0.0
Emue_Em0010g651a	Hsap_XP_011538242.1	99.0	S	0.0
Twil_T_wilhelma_c26228_g1_i3|m.16415	Apla_XP_022080314.1	99.0	S	0.0
Emue_Em0010g680a	Apla_XP_022080314.1	99.0	S	0.0
Twil_T_wilhelma_c26228_g1_i1|m.16413	Apla_XP_022080314.1	99.0	S	0.0
Emue_Em0010g639a	Apla_XP_022080314.1	99.0	S	0.0
Aque_XP_011405699.1	Apla_XP_022080314.1	99.0	S	0.0
Emue_Em0010g647a	Apla_XP_022080314.1	99.0	S	0.0
Twil_T_wilhelma_c26228_g1_i2|m.16414	Apla_XP_022080314.1	99.0	S	0.0
Emue_Em0010g663a	Apla_XP_022080314.1	99.0	S	0.0
Emue_Em0010g651a	Apla_XP_022080314.1	99.0	S	0.0
Twil_T_wilhelma_c26228_g1_i3|m.16415	Hrob_XP_009025637.1	99.0	S	0.0
Emue_Em0010g680a	Hrob_XP_009025637.1	99.0	S	0.0
Twil_T_wilhelma_c26228_g1_i1|m.16413	Hrob_XP_009025637.1	99.0	S	0.0
Emue_Em0010g639a	Hrob_XP_009025637.1	99.0	S	0.0
Aque_XP_011405699.1	Hrob_XP_009025637.1	99.0	S	0.0
Emue_Em0010g647a	Hrob_XP_009025637.1	99.0	S	0.0
Twil_T_wilhelma_c26228_g1_i2|m.16414	Hrob_XP_009025637.1	99.0	S	0.0
Emue_Em0010g663a	Hrob_XP_009025637.1	99.0	S	0.0
Emue_Em0010g651a	Hrob_XP_009025637.1	99.0	S	0.0
Twil_T_wilhelma_c26228_g1_i3|m.16415	Cint_XP_018672432.2	99.0	S	0.0
Emue_Em0010g680a	Cint_XP_018672432.2	99.0	S	0.0
Twil_T_wilhelma_c26228_g1_i1|m.16413	Cint_XP_018672432.2	99.0	S	0.0
Emue_Em0010g639a	Cint_XP_018672432.2	99.0	S	0.0
Aque_XP_011405699.1	Cint_XP_018672432.2	99.0	S	0.0
Emue_Em0010g647a	Cint_XP_018672432.2	99.0	S	0.0
Twil_T_wilhelma_c26228_g1_i2|m.16414	Cint_XP_018672432.2	99.0	S	0.0
Emue_Em0010g663a	Cint_XP_018672432.2	99.0	S	0.0
Emue_Em0010g651a	Cint_XP_018672432.2	99.0	S	0.0
Twil_T_wilhelma_c26228_g1_i3|m.16415	Ggal_XP_426507.2	99.0	S	0.0
Emue_Em0010g680a	Ggal_XP_426507.2	99.0	S	0.0
Twil_T_wilhelma_c26228_g1_i1|m.16413	Ggal_XP_426507.2	99.0	S	0.0
Emue_Em0010g639a	Ggal_XP_426507.2	99.0	S	0.0
Aque_XP_011405699.1	Ggal_XP_426507.2	99.0	S	0.0
Emue_Em0010g647a	Ggal_XP_426507.2	99.0	S	0.0
Twil_T_wilhelma_c26228_g1_i2|m.16414	Ggal_XP_426507.2	99.0	S	0.0
Emue_Em0010g663a	Ggal_XP_426507.2	99.0	S	0.0
Emue_Em0010g651a	Ggal_XP_426507.2	99.0	S	0.0
Twil_T_wilhelma_c26228_g1_i3|m.16415	Cscu_XP_023219802.1	99.0	S	0.0
Emue_Em0010g680a	Cscu_XP_023219802.1	99.0	S	0.0
Twil_T_wilhelma_c26228_g1_i1|m.16413	Cscu_XP_023219802.1	99.0	S	0.0
Emue_Em0010g639a	Cscu_XP_023219802.1	99.0	S	0.0
Aque_XP_011405699.1	Cscu_XP_023219802.1	99.0	S	0.0
Emue_Em0010g647a	Cscu_XP_023219802.1	99.0	S	0.0
Twil_T_wilhelma_c26228_g1_i2|m.16414	Cscu_XP_023219802.1	99.0	S	0.0
Emue_Em0010g663a	Cscu_XP_023219802.1	99.0	S	0.0
Emue_Em0010g651a	Cscu_XP_023219802.1	99.0	S	0.0
Twil_T_wilhelma_c26228_g1_i3|m.16415	Obim_XP_014772373.1	99.0	S	0.0
Emue_Em0010g680a	Obim_XP_014772373.1	99.0	S	0.0
Twil_T_wilhelma_c26228_g1_i1|m.16413	Obim_XP_014772373.1	99.0	S	0.0
Emue_Em0010g639a	Obim_XP_014772373.1	99.0	S	0.0
Aque_XP_011405699.1	Obim_XP_014772373.1	99.0	S	0.0
Emue_Em0010g647a	Obim_XP_014772373.1	99.0	S	0.0
Twil_T_wilhelma_c26228_g1_i2|m.16414	Obim_XP_014772373.1	99.0	S	0.0
Emue_Em0010g663a	Obim_XP_014772373.1	99.0	S	0.0
Emue_Em0010g651a	Obim_XP_014772373.1	99.0	S	0.0
Twil_T_wilhelma_c26228_g1_i3|m.16415	Aplcal_XP_005092336.1	99.0	S	0.0
Emue_Em0010g680a	Aplcal_XP_005092336.1	99.0	S	0.0
Twil_T_wilhelma_c26228_g1_i1|m.16413	Aplcal_XP_005092336.1	99.0	S	0.0
Emue_Em0010g639a	Aplcal_XP_005092336.1	99.0	S	0.0
Aque_XP_011405699.1	Aplcal_XP_005092336.1	99.0	S	0.0
Emue_Em0010g647a	Aplcal_XP_005092336.1	99.0	S	0.0
Twil_T_wilhelma_c26228_g1_i2|m.16414	Aplcal_XP_005092336.1	99.0	S	0.0
Emue_Em0010g663a	Aplcal_XP_005092336.1	99.0	S	0.0
Emue_Em0010g651a	Aplcal_XP_005092336.1	99.0	S	0.0
Twil_T_wilhelma_c26228_g1_i3|m.16415	Smar_SMAR013954-PA	99.0	S	0.0
Emue_Em0010g680a	Smar_SMAR013954-PA	99.0	S	0.0
Twil_T_wilhelma_c26228_g1_i1|m.16413	Smar_SMAR013954-PA	99.0	S	0.0
Emue_Em0010g639a	Smar_SMAR013954-PA	99.0	S	0.0
Aque_XP_011405699.1	Smar_SMAR013954-PA	99.0	S	0.0
Emue_Em0010g647a	Smar_SMAR013954-PA	99.0	S	0.0
Twil_T_wilhelma_c26228_g1_i2|m.16414	Smar_SMAR013954-PA	99.0	S	0.0
Emue_Em0010g663a	Smar_SMAR013954-PA	99.0	S	0.0
Emue_Em0010g651a	Smar_SMAR013954-PA	99.0	S	0.0
Twil_T_wilhelma_c26228_g1_i3|m.16415	Drer_NP_958904.1	99.0	S	0.0
Emue_Em0010g680a	Drer_NP_958904.1	99.0	S	0.0
Twil_T_wilhelma_c26228_g1_i1|m.16413	Drer_NP_958904.1	99.0	S	0.0
Emue_Em0010g639a	Drer_NP_958904.1	99.0	S	0.0
Aque_XP_011405699.1	Drer_NP_958904.1	99.0	S	0.0
Emue_Em0010g647a	Drer_NP_958904.1	99.0	S	0.0
Twil_T_wilhelma_c26228_g1_i2|m.16414	Drer_NP_958904.1	99.0	S	0.0
Emue_Em0010g663a	Drer_NP_958904.1	99.0	S	0.0
Emue_Em0010g651a	Drer_NP_958904.1	99.0	S	0.0
Twil_T_wilhelma_c26228_g1_i3|m.16415	Blan_XP_066303428.1	99.0	S	0.0
Emue_Em0010g680a	Blan_XP_066303428.1	99.0	S	0.0
Twil_T_wilhelma_c26228_g1_i1|m.16413	Blan_XP_066303428.1	99.0	S	0.0
Emue_Em0010g639a	Blan_XP_066303428.1	99.0	S	0.0
Aque_XP_011405699.1	Blan_XP_066303428.1	99.0	S	0.0
Emue_Em0010g647a	Blan_XP_066303428.1	99.0	S	0.0
Twil_T_wilhelma_c26228_g1_i2|m.16414	Blan_XP_066303428.1	99.0	S	0.0
Emue_Em0010g663a	Blan_XP_066303428.1	99.0	S	0.0
Emue_Em0010g651a	Blan_XP_066303428.1	99.0	S	0.0
Twil_T_wilhelma_c26228_g1_i3|m.16415	Lana_XP_013385380.1	99.0	S	0.0
Emue_Em0010g680a	Lana_XP_013385380.1	99.0	S	0.0
Twil_T_wilhelma_c26228_g1_i1|m.16413	Lana_XP_013385380.1	99.0	S	0.0
Emue_Em0010g639a	Lana_XP_013385380.1	99.0	S	0.0
Aque_XP_011405699.1	Lana_XP_013385380.1	99.0	S	0.0
Emue_Em0010g647a	Lana_XP_013385380.1	99.0	S	0.0
Twil_T_wilhelma_c26228_g1_i2|m.16414	Lana_XP_013385380.1	99.0	S	0.0
Emue_Em0010g663a	Lana_XP_013385380.1	99.0	S	0.0
Emue_Em0010g651a	Lana_XP_013385380.1	99.0	S	0.0
Twil_T_wilhelma_c26228_g1_i3|m.16415	Lpol_XP_022242199.1	99.0	S	0.0
Emue_Em0010g680a	Lpol_XP_022242199.1	99.0	S	0.0
Twil_T_wilhelma_c26228_g1_i1|m.16413	Lpol_XP_022242199.1	99.0	S	0.0
Emue_Em0010g639a	Lpol_XP_022242199.1	99.0	S	0.0
Aque_XP_011405699.1	Lpol_XP_022242199.1	99.0	S	0.0
Emue_Em0010g647a	Lpol_XP_022242199.1	99.0	S	0.0
Twil_T_wilhelma_c26228_g1_i2|m.16414	Lpol_XP_022242199.1	99.0	S	0.0
Emue_Em0010g663a	Lpol_XP_022242199.1	99.0	S	0.0
Emue_Em0010g651a	Lpol_XP_022242199.1	99.0	S	0.0
Twil_T_wilhelma_c26228_g1_i3|m.16415	Pvan_XP_027207134.1	99.0	S	0.0
Emue_Em0010g680a	Pvan_XP_027207134.1	99.0	S	0.0
Twil_T_wilhelma_c26228_g1_i1|m.16413	Pvan_XP_027207134.1	99.0	S	0.0
Emue_Em0010g639a	Pvan_XP_027207134.1	99.0	S	0.0
Aque_XP_011405699.1	Pvan_XP_027207134.1	99.0	S	0.0
Emue_Em0010g647a	Pvan_XP_027207134.1	99.0	S	0.0
Twil_T_wilhelma_c26228_g1_i2|m.16414	Pvan_XP_027207134.1	99.0	S	0.0
Emue_Em0010g663a	Pvan_XP_027207134.1	99.0	S	0.0
Emue_Em0010g651a	Pvan_XP_027207134.1	99.0	S	0.0
Twil_T_wilhelma_c26228_g1_i3|m.16415	Lpol_XP_022239646.1	99.0	S	0.0
Emue_Em0010g680a	Lpol_XP_022239646.1	99.0	S	0.0
Twil_T_wilhelma_c26228_g1_i1|m.16413	Lpol_XP_022239646.1	99.0	S	0.0
Emue_Em0010g639a	Lpol_XP_022239646.1	99.0	S	0.0
Aque_XP_011405699.1	Lpol_XP_022239646.1	99.0	S	0.0
Emue_Em0010g647a	Lpol_XP_022239646.1	99.0	S	0.0
Twil_T_wilhelma_c26228_g1_i2|m.16414	Lpol_XP_022239646.1	99.0	S	0.0
Emue_Em0010g663a	Lpol_XP_022239646.1	99.0	S	0.0
Emue_Em0010g651a	Lpol_XP_022239646.1	99.0	S	0.0
Twil_T_wilhelma_c26228_g1_i3|m.16415	Blan_XP_066303427.1	99.0	S	0.0
Emue_Em0010g680a	Blan_XP_066303427.1	99.0	S	0.0
Twil_T_wilhelma_c26228_g1_i1|m.16413	Blan_XP_066303427.1	99.0	S	0.0
Emue_Em0010g639a	Blan_XP_066303427.1	99.0	S	0.0
Aque_XP_011405699.1	Blan_XP_066303427.1	99.0	S	0.0
Emue_Em0010g647a	Blan_XP_066303427.1	99.0	S	0.0
Twil_T_wilhelma_c26228_g1_i2|m.16414	Blan_XP_066303427.1	99.0	S	0.0
Emue_Em0010g663a	Blan_XP_066303427.1	99.0	S	0.0
Emue_Em0010g651a	Blan_XP_066303427.1	99.0	S	0.0
Twil_T_wilhelma_c26228_g1_i3|m.16415	Btab_XP_018911171.1	99.0	S	0.0
Emue_Em0010g680a	Btab_XP_018911171.1	99.0	S	0.0
Twil_T_wilhelma_c26228_g1_i1|m.16413	Btab_XP_018911171.1	99.0	S	0.0
Emue_Em0010g639a	Btab_XP_018911171.1	99.0	S	0.0
Aque_XP_011405699.1	Btab_XP_018911171.1	99.0	S	0.0
Emue_Em0010g647a	Btab_XP_018911171.1	99.0	S	0.0
Twil_T_wilhelma_c26228_g1_i2|m.16414	Btab_XP_018911171.1	99.0	S	0.0
Emue_Em0010g663a	Btab_XP_018911171.1	99.0	S	0.0
Emue_Em0010g651a	Btab_XP_018911171.1	99.0	S	0.0
Twil_T_wilhelma_c26228_g1_i3|m.16415	Cscu_XP_023219801.1	99.0	S	0.0
Emue_Em0010g680a	Cscu_XP_023219801.1	99.0	S	0.0
Twil_T_wilhelma_c26228_g1_i1|m.16413	Cscu_XP_023219801.1	99.0	S	0.0
Emue_Em0010g639a	Cscu_XP_023219801.1	99.0	S	0.0
Aque_XP_011405699.1	Cscu_XP_023219801.1	99.0	S	0.0
Emue_Em0010g647a	Cscu_XP_023219801.1	99.0	S	0.0
Twil_T_wilhelma_c26228_g1_i2|m.16414	Cscu_XP_023219801.1	99.0	S	0.0
Emue_Em0010g663a	Cscu_XP_023219801.1	99.0	S	0.0
Emue_Em0010g651a	Cscu_XP_023219801.1	99.0	S	0.0
Twil_T_wilhelma_c26228_g1_i3|m.16415	Ofus_CAH1793965.1	99.0	S	0.0
Emue_Em0010g680a	Ofus_CAH1793965.1	99.0	S	0.0
Twil_T_wilhelma_c26228_g1_i1|m.16413	Ofus_CAH1793965.1	99.0	S	0.0
Emue_Em0010g639a	Ofus_CAH1793965.1	99.0	S	0.0
Aque_XP_011405699.1	Ofus_CAH1793965.1	99.0	S	0.0
Emue_Em0010g647a	Ofus_CAH1793965.1	99.0	S	0.0
Twil_T_wilhelma_c26228_g1_i2|m.16414	Ofus_CAH1793965.1	99.0	S	0.0
Emue_Em0010g663a	Ofus_CAH1793965.1	99.0	S	0.0
Emue_Em0010g651a	Ofus_CAH1793965.1	99.0	S	0.0
Twil_T_wilhelma_c26228_g1_i3|m.16415	Spur_XP_030835125.1	99.0	S	0.0
Emue_Em0010g680a	Spur_XP_030835125.1	99.0	S	0.0
Twil_T_wilhelma_c26228_g1_i1|m.16413	Spur_XP_030835125.1	99.0	S	0.0
Emue_Em0010g639a	Spur_XP_030835125.1	99.0	S	0.0
Aque_XP_011405699.1	Spur_XP_030835125.1	99.0	S	0.0
Emue_Em0010g647a	Spur_XP_030835125.1	99.0	S	0.0
Twil_T_wilhelma_c26228_g1_i2|m.16414	Spur_XP_030835125.1	99.0	S	0.0
Emue_Em0010g663a	Spur_XP_030835125.1	99.0	S	0.0
Emue_Em0010g651a	Spur_XP_030835125.1	99.0	S	0.0
Twil_T_wilhelma_c26228_g1_i3|m.16415	Hsap_NP_060372.2	99.0	S	0.0
Emue_Em0010g680a	Hsap_NP_060372.2	99.0	S	0.0
Twil_T_wilhelma_c26228_g1_i1|m.16413	Hsap_NP_060372.2	99.0	S	0.0
Emue_Em0010g639a	Hsap_NP_060372.2	99.0	S	0.0
Aque_XP_011405699.1	Hsap_NP_060372.2	99.0	S	0.0
Emue_Em0010g647a	Hsap_NP_060372.2	99.0	S	0.0
Twil_T_wilhelma_c26228_g1_i2|m.16414	Hsap_NP_060372.2	99.0	S	0.0
Emue_Em0010g663a	Hsap_NP_060372.2	99.0	S	0.0
Emue_Em0010g651a	Hsap_NP_060372.2	99.0	S	0.0
Smoe_XP_024531781.1	Smoe_XP_024539595.1	100.0	D	1.0
Osat_XP_015610619.1	Lsat_XP_023742173.1	90.0	S	0.0
Zmay_XP_008665873.1	Lsat_XP_023742173.1	90.0	S	0.0
Tura_XP_048542530.1	Lsat_XP_023742173.1	90.0	S	0.0
Zmay_XP_023157516.1	Lsat_XP_023742173.1	90.0	S	0.0
Zmay_XP_035823399.1	Lsat_XP_023742173.1	90.0	S	0.0
Ecur_TVU10016.1	Lsat_XP_023742173.1	90.0	S	0.0
Zmay_XP_008651381.1	Lsat_XP_023742173.1	90.0	S	0.0
Zmay_NP_001140556.1	Lsat_XP_023742173.1	90.0	S	0.0
Bdis_XP_014758878.1	Lsat_XP_023742173.1	90.0	S	0.0
Zmay_XP_008665874.1	Lsat_XP_023742173.1	90.0	S	0.0
Ecur_TVU05222.1	Lsat_XP_023742173.1	90.0	S	0.0
Zmay_XP_035823398.1	Lsat_XP_023742173.1	90.0	S	0.0
Ecur_TVU01081.1	Lsat_XP_023742173.1	90.0	S	0.0
Tura_XP_048530839.1	Lsat_XP_023742173.1	90.0	S	0.0
Osat_XP_015648710.1	Lsat_XP_023742173.1	90.0	S	0.0
Zmay_XP_008667465.1	Lsat_XP_023742173.1	90.0	S	0.0
Tura_XP_048530838.1	Lsat_XP_023742173.1	90.0	S	0.0
Bdis_XP_003572365.1	Lsat_XP_023742173.1	90.0	S	0.0
Tura_XP_048543124.1	Lsat_XP_023742173.1	90.0	S	0.0
Osat_XP_015648712.1	Lsat_XP_023742173.1	90.0	S	0.0
Osat_XP_015648711.1	Lsat_XP_023742173.1	90.0	S	0.0
Osat_XP_015610619.1	Qlob_XP_030953153.1	90.0	S	0.0
Zmay_XP_008665873.1	Qlob_XP_030953153.1	90.0	S	0.0
Tura_XP_048542530.1	Qlob_XP_030953153.1	90.0	S	0.0
Zmay_XP_023157516.1	Qlob_XP_030953153.1	90.0	S	0.0
Zmay_XP_035823399.1	Qlob_XP_030953153.1	90.0	S	0.0
Ecur_TVU10016.1	Qlob_XP_030953153.1	90.0	S	0.0
Zmay_XP_008651381.1	Qlob_XP_030953153.1	90.0	S	0.0
Zmay_NP_001140556.1	Qlob_XP_030953153.1	90.0	S	0.0
Bdis_XP_014758878.1	Qlob_XP_030953153.1	90.0	S	0.0
Zmay_XP_008665874.1	Qlob_XP_030953153.1	90.0	S	0.0
Ecur_TVU05222.1	Qlob_XP_030953153.1	90.0	S	0.0
Zmay_XP_035823398.1	Qlob_XP_030953153.1	90.0	S	0.0
Ecur_TVU01081.1	Qlob_XP_030953153.1	90.0	S	0.0
Tura_XP_048530839.1	Qlob_XP_030953153.1	90.0	S	0.0
Osat_XP_015648710.1	Qlob_XP_030953153.1	90.0	S	0.0
Zmay_XP_008667465.1	Qlob_XP_030953153.1	90.0	S	0.0
Tura_XP_048530838.1	Qlob_XP_030953153.1	90.0	S	0.0
Bdis_XP_003572365.1	Qlob_XP_030953153.1	90.0	S	0.0
Tura_XP_048543124.1	Qlob_XP_030953153.1	90.0	S	0.0
Osat_XP_015648712.1	Qlob_XP_030953153.1	90.0	S	0.0
Osat_XP_015648711.1	Qlob_XP_030953153.1	90.0	S	0.0
Osat_XP_015610619.1	Sollyc_XP_069152187.1	90.0	S	0.0
Zmay_XP_008665873.1	Sollyc_XP_069152187.1	90.0	S	0.0
Tura_XP_048542530.1	Sollyc_XP_069152187.1	90.0	S	0.0
Zmay_XP_023157516.1	Sollyc_XP_069152187.1	90.0	S	0.0
Zmay_XP_035823399.1	Sollyc_XP_069152187.1	90.0	S	0.0
Ecur_TVU10016.1	Sollyc_XP_069152187.1	90.0	S	0.0
Zmay_XP_008651381.1	Sollyc_XP_069152187.1	90.0	S	0.0
Zmay_NP_001140556.1	Sollyc_XP_069152187.1	90.0	S	0.0
Bdis_XP_014758878.1	Sollyc_XP_069152187.1	90.0	S	0.0
Zmay_XP_008665874.1	Sollyc_XP_069152187.1	90.0	S	0.0
Ecur_TVU05222.1	Sollyc_XP_069152187.1	90.0	S	0.0
Zmay_XP_035823398.1	Sollyc_XP_069152187.1	90.0	S	0.0
Ecur_TVU01081.1	Sollyc_XP_069152187.1	90.0	S	0.0
Tura_XP_048530839.1	Sollyc_XP_069152187.1	90.0	S	0.0
Osat_XP_015648710.1	Sollyc_XP_069152187.1	90.0	S	0.0
Zmay_XP_008667465.1	Sollyc_XP_069152187.1	90.0	S	0.0
Tura_XP_048530838.1	Sollyc_XP_069152187.1	90.0	S	0.0
Bdis_XP_003572365.1	Sollyc_XP_069152187.1	90.0	S	0.0
Tura_XP_048543124.1	Sollyc_XP_069152187.1	90.0	S	0.0
Osat_XP_015648712.1	Sollyc_XP_069152187.1	90.0	S	0.0
Osat_XP_015648711.1	Sollyc_XP_069152187.1	90.0	S	0.0
Osat_XP_015610619.1	Atha_NP_001327067.1	90.0	S	0.0
Zmay_XP_008665873.1	Atha_NP_001327067.1	90.0	S	0.0
Tura_XP_048542530.1	Atha_NP_001327067.1	90.0	S	0.0
Zmay_XP_023157516.1	Atha_NP_001327067.1	90.0	S	0.0
Zmay_XP_035823399.1	Atha_NP_001327067.1	90.0	S	0.0
Ecur_TVU10016.1	Atha_NP_001327067.1	90.0	S	0.0
Zmay_XP_008651381.1	Atha_NP_001327067.1	90.0	S	0.0
Zmay_NP_001140556.1	Atha_NP_001327067.1	90.0	S	0.0
Bdis_XP_014758878.1	Atha_NP_001327067.1	90.0	S	0.0
Zmay_XP_008665874.1	Atha_NP_001327067.1	90.0	S	0.0
Ecur_TVU05222.1	Atha_NP_001327067.1	90.0	S	0.0
Zmay_XP_035823398.1	Atha_NP_001327067.1	90.0	S	0.0
Ecur_TVU01081.1	Atha_NP_001327067.1	90.0	S	0.0
Tura_XP_048530839.1	Atha_NP_001327067.1	90.0	S	0.0
Osat_XP_015648710.1	Atha_NP_001327067.1	90.0	S	0.0
Zmay_XP_008667465.1	Atha_NP_001327067.1	90.0	S	0.0
Tura_XP_048530838.1	Atha_NP_001327067.1	90.0	S	0.0
Bdis_XP_003572365.1	Atha_NP_001327067.1	90.0	S	0.0
Tura_XP_048543124.1	Atha_NP_001327067.1	90.0	S	0.0
Osat_XP_015648712.1	Atha_NP_001327067.1	90.0	S	0.0
Osat_XP_015648711.1	Atha_NP_001327067.1	90.0	S	0.0
Osat_XP_015610619.1	Atha_NP_001030733.1	90.0	S	0.0
Zmay_XP_008665873.1	Atha_NP_001030733.1	90.0	S	0.0
Tura_XP_048542530.1	Atha_NP_001030733.1	90.0	S	0.0
Zmay_XP_023157516.1	Atha_NP_001030733.1	90.0	S	0.0
Zmay_XP_035823399.1	Atha_NP_001030733.1	90.0	S	0.0
Ecur_TVU10016.1	Atha_NP_001030733.1	90.0	S	0.0
Zmay_XP_008651381.1	Atha_NP_001030733.1	90.0	S	0.0
Zmay_NP_001140556.1	Atha_NP_001030733.1	90.0	S	0.0
Bdis_XP_014758878.1	Atha_NP_001030733.1	90.0	S	0.0
Zmay_XP_008665874.1	Atha_NP_001030733.1	90.0	S	0.0
Ecur_TVU05222.1	Atha_NP_001030733.1	90.0	S	0.0
Zmay_XP_035823398.1	Atha_NP_001030733.1	90.0	S	0.0
Ecur_TVU01081.1	Atha_NP_001030733.1	90.0	S	0.0
Tura_XP_048530839.1	Atha_NP_001030733.1	90.0	S	0.0
Osat_XP_015648710.1	Atha_NP_001030733.1	90.0	S	0.0
Zmay_XP_008667465.1	Atha_NP_001030733.1	90.0	S	0.0
Tura_XP_048530838.1	Atha_NP_001030733.1	90.0	S	0.0
Bdis_XP_003572365.1	Atha_NP_001030733.1	90.0	S	0.0
Tura_XP_048543124.1	Atha_NP_001030733.1	90.0	S	0.0
Osat_XP_015648712.1	Atha_NP_001030733.1	90.0	S	0.0
Osat_XP_015648711.1	Atha_NP_001030733.1	90.0	S	0.0
Osat_XP_015610619.1	Mesc_XP_043805952.1	90.0	S	0.0
Zmay_XP_008665873.1	Mesc_XP_043805952.1	90.0	S	0.0
Tura_XP_048542530.1	Mesc_XP_043805952.1	90.0	S	0.0
Zmay_XP_023157516.1	Mesc_XP_043805952.1	90.0	S	0.0
Zmay_XP_035823399.1	Mesc_XP_043805952.1	90.0	S	0.0
Ecur_TVU10016.1	Mesc_XP_043805952.1	90.0	S	0.0
Zmay_XP_008651381.1	Mesc_XP_043805952.1	90.0	S	0.0
Zmay_NP_001140556.1	Mesc_XP_043805952.1	90.0	S	0.0
Bdis_XP_014758878.1	Mesc_XP_043805952.1	90.0	S	0.0
Zmay_XP_008665874.1	Mesc_XP_043805952.1	90.0	S	0.0
Ecur_TVU05222.1	Mesc_XP_043805952.1	90.0	S	0.0
Zmay_XP_035823398.1	Mesc_XP_043805952.1	90.0	S	0.0
Ecur_TVU01081.1	Mesc_XP_043805952.1	90.0	S	0.0
Tura_XP_048530839.1	Mesc_XP_043805952.1	90.0	S	0.0
Osat_XP_015648710.1	Mesc_XP_043805952.1	90.0	S	0.0
Zmay_XP_008667465.1	Mesc_XP_043805952.1	90.0	S	0.0
Tura_XP_048530838.1	Mesc_XP_043805952.1	90.0	S	0.0
Bdis_XP_003572365.1	Mesc_XP_043805952.1	90.0	S	0.0
Tura_XP_048543124.1	Mesc_XP_043805952.1	90.0	S	0.0
Osat_XP_015648712.1	Mesc_XP_043805952.1	90.0	S	0.0
Osat_XP_015648711.1	Mesc_XP_043805952.1	90.0	S	0.0
Osat_XP_015610619.1	Qlob_XP_030958993.1	90.0	S	0.0
Zmay_XP_008665873.1	Qlob_XP_030958993.1	90.0	S	0.0
Tura_XP_048542530.1	Qlob_XP_030958993.1	90.0	S	0.0
Zmay_XP_023157516.1	Qlob_XP_030958993.1	90.0	S	0.0
Zmay_XP_035823399.1	Qlob_XP_030958993.1	90.0	S	0.0
Ecur_TVU10016.1	Qlob_XP_030958993.1	90.0	S	0.0
Zmay_XP_008651381.1	Qlob_XP_030958993.1	90.0	S	0.0
Zmay_NP_001140556.1	Qlob_XP_030958993.1	90.0	S	0.0
Bdis_XP_014758878.1	Qlob_XP_030958993.1	90.0	S	0.0
Zmay_XP_008665874.1	Qlob_XP_030958993.1	90.0	S	0.0
Ecur_TVU05222.1	Qlob_XP_030958993.1	90.0	S	0.0
Zmay_XP_035823398.1	Qlob_XP_030958993.1	90.0	S	0.0
Ecur_TVU01081.1	Qlob_XP_030958993.1	90.0	S	0.0
Tura_XP_048530839.1	Qlob_XP_030958993.1	90.0	S	0.0
Osat_XP_015648710.1	Qlob_XP_030958993.1	90.0	S	0.0
Zmay_XP_008667465.1	Qlob_XP_030958993.1	90.0	S	0.0
Tura_XP_048530838.1	Qlob_XP_030958993.1	90.0	S	0.0
Bdis_XP_003572365.1	Qlob_XP_030958993.1	90.0	S	0.0
Tura_XP_048543124.1	Qlob_XP_030958993.1	90.0	S	0.0
Osat_XP_015648712.1	Qlob_XP_030958993.1	90.0	S	0.0
Osat_XP_015648711.1	Qlob_XP_030958993.1	90.0	S	0.0
Osat_XP_015610619.1	Rchi_XP_024159049.1	90.0	S	0.0
Zmay_XP_008665873.1	Rchi_XP_024159049.1	90.0	S	0.0
Tura_XP_048542530.1	Rchi_XP_024159049.1	90.0	S	0.0
Zmay_XP_023157516.1	Rchi_XP_024159049.1	90.0	S	0.0
Zmay_XP_035823399.1	Rchi_XP_024159049.1	90.0	S	0.0
Ecur_TVU10016.1	Rchi_XP_024159049.1	90.0	S	0.0
Zmay_XP_008651381.1	Rchi_XP_024159049.1	90.0	S	0.0
Zmay_NP_001140556.1	Rchi_XP_024159049.1	90.0	S	0.0
Bdis_XP_014758878.1	Rchi_XP_024159049.1	90.0	S	0.0
Zmay_XP_008665874.1	Rchi_XP_024159049.1	90.0	S	0.0
Ecur_TVU05222.1	Rchi_XP_024159049.1	90.0	S	0.0
Zmay_XP_035823398.1	Rchi_XP_024159049.1	90.0	S	0.0
Ecur_TVU01081.1	Rchi_XP_024159049.1	90.0	S	0.0
Tura_XP_048530839.1	Rchi_XP_024159049.1	90.0	S	0.0
Osat_XP_015648710.1	Rchi_XP_024159049.1	90.0	S	0.0
Zmay_XP_008667465.1	Rchi_XP_024159049.1	90.0	S	0.0
Tura_XP_048530838.1	Rchi_XP_024159049.1	90.0	S	0.0
Bdis_XP_003572365.1	Rchi_XP_024159049.1	90.0	S	0.0
Tura_XP_048543124.1	Rchi_XP_024159049.1	90.0	S	0.0
Osat_XP_015648712.1	Rchi_XP_024159049.1	90.0	S	0.0
Osat_XP_015648711.1	Rchi_XP_024159049.1	90.0	S	0.0
Osat_XP_015610619.1	Mesc_XP_043805953.1	90.0	S	0.0
Zmay_XP_008665873.1	Mesc_XP_043805953.1	90.0	S	0.0
Tura_XP_048542530.1	Mesc_XP_043805953.1	90.0	S	0.0
Zmay_XP_023157516.1	Mesc_XP_043805953.1	90.0	S	0.0
Zmay_XP_035823399.1	Mesc_XP_043805953.1	90.0	S	0.0
Ecur_TVU10016.1	Mesc_XP_043805953.1	90.0	S	0.0
Zmay_XP_008651381.1	Mesc_XP_043805953.1	90.0	S	0.0
Zmay_NP_001140556.1	Mesc_XP_043805953.1	90.0	S	0.0
Bdis_XP_014758878.1	Mesc_XP_043805953.1	90.0	S	0.0
Zmay_XP_008665874.1	Mesc_XP_043805953.1	90.0	S	0.0
Ecur_TVU05222.1	Mesc_XP_043805953.1	90.0	S	0.0
Zmay_XP_035823398.1	Mesc_XP_043805953.1	90.0	S	0.0
Ecur_TVU01081.1	Mesc_XP_043805953.1	90.0	S	0.0
Tura_XP_048530839.1	Mesc_XP_043805953.1	90.0	S	0.0
Osat_XP_015648710.1	Mesc_XP_043805953.1	90.0	S	0.0
Zmay_XP_008667465.1	Mesc_XP_043805953.1	90.0	S	0.0
Tura_XP_048530838.1	Mesc_XP_043805953.1	90.0	S	0.0
Bdis_XP_003572365.1	Mesc_XP_043805953.1	90.0	S	0.0
Tura_XP_048543124.1	Mesc_XP_043805953.1	90.0	S	0.0
Osat_XP_015648712.1	Mesc_XP_043805953.1	90.0	S	0.0
Osat_XP_015648711.1	Mesc_XP_043805953.1	90.0	S	0.0
Osat_XP_015610619.1	Atha_NP_566667.1	90.0	S	0.0
Zmay_XP_008665873.1	Atha_NP_566667.1	90.0	S	0.0
Tura_XP_048542530.1	Atha_NP_566667.1	90.0	S	0.0
Zmay_XP_023157516.1	Atha_NP_566667.1	90.0	S	0.0
Zmay_XP_035823399.1	Atha_NP_566667.1	90.0	S	0.0
Ecur_TVU10016.1	Atha_NP_566667.1	90.0	S	0.0
Zmay_XP_008651381.1	Atha_NP_566667.1	90.0	S	0.0
Zmay_NP_001140556.1	Atha_NP_566667.1	90.0	S	0.0
Bdis_XP_014758878.1	Atha_NP_566667.1	90.0	S	0.0
Zmay_XP_008665874.1	Atha_NP_566667.1	90.0	S	0.0
Ecur_TVU05222.1	Atha_NP_566667.1	90.0	S	0.0
Zmay_XP_035823398.1	Atha_NP_566667.1	90.0	S	0.0
Ecur_TVU01081.1	Atha_NP_566667.1	90.0	S	0.0
Tura_XP_048530839.1	Atha_NP_566667.1	90.0	S	0.0
Osat_XP_015648710.1	Atha_NP_566667.1	90.0	S	0.0
Zmay_XP_008667465.1	Atha_NP_566667.1	90.0	S	0.0
Tura_XP_048530838.1	Atha_NP_566667.1	90.0	S	0.0
Bdis_XP_003572365.1	Atha_NP_566667.1	90.0	S	0.0
Tura_XP_048543124.1	Atha_NP_566667.1	90.0	S	0.0
Osat_XP_015648712.1	Atha_NP_566667.1	90.0	S	0.0
Osat_XP_015648711.1	Atha_NP_566667.1	90.0	S	0.0
Osat_XP_015610619.1	Bnap_XP_013697929.1	90.0	S	0.0
Zmay_XP_008665873.1	Bnap_XP_013697929.1	90.0	S	0.0
Tura_XP_048542530.1	Bnap_XP_013697929.1	90.0	S	0.0
Zmay_XP_023157516.1	Bnap_XP_013697929.1	90.0	S	0.0
Zmay_XP_035823399.1	Bnap_XP_013697929.1	90.0	S	0.0
Ecur_TVU10016.1	Bnap_XP_013697929.1	90.0	S	0.0
Zmay_XP_008651381.1	Bnap_XP_013697929.1	90.0	S	0.0
Zmay_NP_001140556.1	Bnap_XP_013697929.1	90.0	S	0.0
Bdis_XP_014758878.1	Bnap_XP_013697929.1	90.0	S	0.0
Zmay_XP_008665874.1	Bnap_XP_013697929.1	90.0	S	0.0
Ecur_TVU05222.1	Bnap_XP_013697929.1	90.0	S	0.0
Zmay_XP_035823398.1	Bnap_XP_013697929.1	90.0	S	0.0
Ecur_TVU01081.1	Bnap_XP_013697929.1	90.0	S	0.0
Tura_XP_048530839.1	Bnap_XP_013697929.1	90.0	S	0.0
Osat_XP_015648710.1	Bnap_XP_013697929.1	90.0	S	0.0
Zmay_XP_008667465.1	Bnap_XP_013697929.1	90.0	S	0.0
Tura_XP_048530838.1	Bnap_XP_013697929.1	90.0	S	0.0
Bdis_XP_003572365.1	Bnap_XP_013697929.1	90.0	S	0.0
Tura_XP_048543124.1	Bnap_XP_013697929.1	90.0	S	0.0
Osat_XP_015648712.1	Bnap_XP_013697929.1	90.0	S	0.0
Osat_XP_015648711.1	Bnap_XP_013697929.1	90.0	S	0.0
Osat_XP_015610619.1	Bnap_XP_048630333.1	90.0	S	0.0
Zmay_XP_008665873.1	Bnap_XP_048630333.1	90.0	S	0.0
Tura_XP_048542530.1	Bnap_XP_048630333.1	90.0	S	0.0
Zmay_XP_023157516.1	Bnap_XP_048630333.1	90.0	S	0.0
Zmay_XP_035823399.1	Bnap_XP_048630333.1	90.0	S	0.0
Ecur_TVU10016.1	Bnap_XP_048630333.1	90.0	S	0.0
Zmay_XP_008651381.1	Bnap_XP_048630333.1	90.0	S	0.0
Zmay_NP_001140556.1	Bnap_XP_048630333.1	90.0	S	0.0
Bdis_XP_014758878.1	Bnap_XP_048630333.1	90.0	S	0.0
Zmay_XP_008665874.1	Bnap_XP_048630333.1	90.0	S	0.0
Ecur_TVU05222.1	Bnap_XP_048630333.1	90.0	S	0.0
Zmay_XP_035823398.1	Bnap_XP_048630333.1	90.0	S	0.0
Ecur_TVU01081.1	Bnap_XP_048630333.1	90.0	S	0.0
Tura_XP_048530839.1	Bnap_XP_048630333.1	90.0	S	0.0
Osat_XP_015648710.1	Bnap_XP_048630333.1	90.0	S	0.0
Zmay_XP_008667465.1	Bnap_XP_048630333.1	90.0	S	0.0
Tura_XP_048530838.1	Bnap_XP_048630333.1	90.0	S	0.0
Bdis_XP_003572365.1	Bnap_XP_048630333.1	90.0	S	0.0
Tura_XP_048543124.1	Bnap_XP_048630333.1	90.0	S	0.0
Osat_XP_015648712.1	Bnap_XP_048630333.1	90.0	S	0.0
Osat_XP_015648711.1	Bnap_XP_048630333.1	90.0	S	0.0
Osat_XP_015610619.1	Atha_NP_850617.1	90.0	S	0.0
Zmay_XP_008665873.1	Atha_NP_850617.1	90.0	S	0.0
Tura_XP_048542530.1	Atha_NP_850617.1	90.0	S	0.0
Zmay_XP_023157516.1	Atha_NP_850617.1	90.0	S	0.0
Zmay_XP_035823399.1	Atha_NP_850617.1	90.0	S	0.0
Ecur_TVU10016.1	Atha_NP_850617.1	90.0	S	0.0
Zmay_XP_008651381.1	Atha_NP_850617.1	90.0	S	0.0
Zmay_NP_001140556.1	Atha_NP_850617.1	90.0	S	0.0
Bdis_XP_014758878.1	Atha_NP_850617.1	90.0	S	0.0
Zmay_XP_008665874.1	Atha_NP_850617.1	90.0	S	0.0
Ecur_TVU05222.1	Atha_NP_850617.1	90.0	S	0.0
Zmay_XP_035823398.1	Atha_NP_850617.1	90.0	S	0.0
Ecur_TVU01081.1	Atha_NP_850617.1	90.0	S	0.0
Tura_XP_048530839.1	Atha_NP_850617.1	90.0	S	0.0
Osat_XP_015648710.1	Atha_NP_850617.1	90.0	S	0.0
Zmay_XP_008667465.1	Atha_NP_850617.1	90.0	S	0.0
Tura_XP_048530838.1	Atha_NP_850617.1	90.0	S	0.0
Bdis_XP_003572365.1	Atha_NP_850617.1	90.0	S	0.0
Tura_XP_048543124.1	Atha_NP_850617.1	90.0	S	0.0
Osat_XP_015648712.1	Atha_NP_850617.1	90.0	S	0.0
Osat_XP_015648711.1	Atha_NP_850617.1	90.0	S	0.0
Osat_XP_015610619.1	Rchi_XP_040375663.1	90.0	S	0.0
Zmay_XP_008665873.1	Rchi_XP_040375663.1	90.0	S	0.0
Tura_XP_048542530.1	Rchi_XP_040375663.1	90.0	S	0.0
Zmay_XP_023157516.1	Rchi_XP_040375663.1	90.0	S	0.0
Zmay_XP_035823399.1	Rchi_XP_040375663.1	90.0	S	0.0
Ecur_TVU10016.1	Rchi_XP_040375663.1	90.0	S	0.0
Zmay_XP_008651381.1	Rchi_XP_040375663.1	90.0	S	0.0
Zmay_NP_001140556.1	Rchi_XP_040375663.1	90.0	S	0.0
Bdis_XP_014758878.1	Rchi_XP_040375663.1	90.0	S	0.0
Zmay_XP_008665874.1	Rchi_XP_040375663.1	90.0	S	0.0
Ecur_TVU05222.1	Rchi_XP_040375663.1	90.0	S	0.0
Zmay_XP_035823398.1	Rchi_XP_040375663.1	90.0	S	0.0
Ecur_TVU01081.1	Rchi_XP_040375663.1	90.0	S	0.0
Tura_XP_048530839.1	Rchi_XP_040375663.1	90.0	S	0.0
Osat_XP_015648710.1	Rchi_XP_040375663.1	90.0	S	0.0
Zmay_XP_008667465.1	Rchi_XP_040375663.1	90.0	S	0.0
Tura_XP_048530838.1	Rchi_XP_040375663.1	90.0	S	0.0
Bdis_XP_003572365.1	Rchi_XP_040375663.1	90.0	S	0.0
Tura_XP_048543124.1	Rchi_XP_040375663.1	90.0	S	0.0
Osat_XP_015648712.1	Rchi_XP_040375663.1	90.0	S	0.0
Osat_XP_015648711.1	Rchi_XP_040375663.1	90.0	S	0.0
Osat_XP_015610619.1	Atha_NP_001327066.1	90.0	S	0.0
Zmay_XP_008665873.1	Atha_NP_001327066.1	90.0	S	0.0
Tura_XP_048542530.1	Atha_NP_001327066.1	90.0	S	0.0
Zmay_XP_023157516.1	Atha_NP_001327066.1	90.0	S	0.0
Zmay_XP_035823399.1	Atha_NP_001327066.1	90.0	S	0.0
Ecur_TVU10016.1	Atha_NP_001327066.1	90.0	S	0.0
Zmay_XP_008651381.1	Atha_NP_001327066.1	90.0	S	0.0
Zmay_NP_001140556.1	Atha_NP_001327066.1	90.0	S	0.0
Bdis_XP_014758878.1	Atha_NP_001327066.1	90.0	S	0.0
Zmay_XP_008665874.1	Atha_NP_001327066.1	90.0	S	0.0
Ecur_TVU05222.1	Atha_NP_001327066.1	90.0	S	0.0
Zmay_XP_035823398.1	Atha_NP_001327066.1	90.0	S	0.0
Ecur_TVU01081.1	Atha_NP_001327066.1	90.0	S	0.0
Tura_XP_048530839.1	Atha_NP_001327066.1	90.0	S	0.0
Osat_XP_015648710.1	Atha_NP_001327066.1	90.0	S	0.0
Zmay_XP_008667465.1	Atha_NP_001327066.1	90.0	S	0.0
Tura_XP_048530838.1	Atha_NP_001327066.1	90.0	S	0.0
Bdis_XP_003572365.1	Atha_NP_001327066.1	90.0	S	0.0
Tura_XP_048543124.1	Atha_NP_001327066.1	90.0	S	0.0
Osat_XP_015648712.1	Atha_NP_001327066.1	90.0	S	0.0
Osat_XP_015648711.1	Atha_NP_001327066.1	90.0	S	0.0
Osat_XP_015610619.1	Rchi_XP_024159048.1	90.0	S	0.0
Zmay_XP_008665873.1	Rchi_XP_024159048.1	90.0	S	0.0
Tura_XP_048542530.1	Rchi_XP_024159048.1	90.0	S	0.0
Zmay_XP_023157516.1	Rchi_XP_024159048.1	90.0	S	0.0
Zmay_XP_035823399.1	Rchi_XP_024159048.1	90.0	S	0.0
Ecur_TVU10016.1	Rchi_XP_024159048.1	90.0	S	0.0
Zmay_XP_008651381.1	Rchi_XP_024159048.1	90.0	S	0.0
Zmay_NP_001140556.1	Rchi_XP_024159048.1	90.0	S	0.0
Bdis_XP_014758878.1	Rchi_XP_024159048.1	90.0	S	0.0
Zmay_XP_008665874.1	Rchi_XP_024159048.1	90.0	S	0.0
Ecur_TVU05222.1	Rchi_XP_024159048.1	90.0	S	0.0
Zmay_XP_035823398.1	Rchi_XP_024159048.1	90.0	S	0.0
Ecur_TVU01081.1	Rchi_XP_024159048.1	90.0	S	0.0
Tura_XP_048530839.1	Rchi_XP_024159048.1	90.0	S	0.0
Osat_XP_015648710.1	Rchi_XP_024159048.1	90.0	S	0.0
Zmay_XP_008667465.1	Rchi_XP_024159048.1	90.0	S	0.0
Tura_XP_048530838.1	Rchi_XP_024159048.1	90.0	S	0.0
Bdis_XP_003572365.1	Rchi_XP_024159048.1	90.0	S	0.0
Tura_XP_048543124.1	Rchi_XP_024159048.1	90.0	S	0.0
Osat_XP_015648712.1	Rchi_XP_024159048.1	90.0	S	0.0
Osat_XP_015648711.1	Rchi_XP_024159048.1	90.0	S	0.0
Osat_XP_015610619.1	Mesc_XP_043813758.1	90.0	S	0.0
Zmay_XP_008665873.1	Mesc_XP_043813758.1	90.0	S	0.0
Tura_XP_048542530.1	Mesc_XP_043813758.1	90.0	S	0.0
Zmay_XP_023157516.1	Mesc_XP_043813758.1	90.0	S	0.0
Zmay_XP_035823399.1	Mesc_XP_043813758.1	90.0	S	0.0
Ecur_TVU10016.1	Mesc_XP_043813758.1	90.0	S	0.0
Zmay_XP_008651381.1	Mesc_XP_043813758.1	90.0	S	0.0
Zmay_NP_001140556.1	Mesc_XP_043813758.1	90.0	S	0.0
Bdis_XP_014758878.1	Mesc_XP_043813758.1	90.0	S	0.0
Zmay_XP_008665874.1	Mesc_XP_043813758.1	90.0	S	0.0
Ecur_TVU05222.1	Mesc_XP_043813758.1	90.0	S	0.0
Zmay_XP_035823398.1	Mesc_XP_043813758.1	90.0	S	0.0
Ecur_TVU01081.1	Mesc_XP_043813758.1	90.0	S	0.0
Tura_XP_048530839.1	Mesc_XP_043813758.1	90.0	S	0.0
Osat_XP_015648710.1	Mesc_XP_043813758.1	90.0	S	0.0
Zmay_XP_008667465.1	Mesc_XP_043813758.1	90.0	S	0.0
Tura_XP_048530838.1	Mesc_XP_043813758.1	90.0	S	0.0
Bdis_XP_003572365.1	Mesc_XP_043813758.1	90.0	S	0.0
Tura_XP_048543124.1	Mesc_XP_043813758.1	90.0	S	0.0
Osat_XP_015648712.1	Mesc_XP_043813758.1	90.0	S	0.0
Osat_XP_015648711.1	Mesc_XP_043813758.1	90.0	S	0.0
Osat_XP_015610619.1	Rchi_XP_040375662.1	90.0	S	0.0
Zmay_XP_008665873.1	Rchi_XP_040375662.1	90.0	S	0.0
Tura_XP_048542530.1	Rchi_XP_040375662.1	90.0	S	0.0
Zmay_XP_023157516.1	Rchi_XP_040375662.1	90.0	S	0.0
Zmay_XP_035823399.1	Rchi_XP_040375662.1	90.0	S	0.0
Ecur_TVU10016.1	Rchi_XP_040375662.1	90.0	S	0.0
Zmay_XP_008651381.1	Rchi_XP_040375662.1	90.0	S	0.0
Zmay_NP_001140556.1	Rchi_XP_040375662.1	90.0	S	0.0
Bdis_XP_014758878.1	Rchi_XP_040375662.1	90.0	S	0.0
Zmay_XP_008665874.1	Rchi_XP_040375662.1	90.0	S	0.0
Ecur_TVU05222.1	Rchi_XP_040375662.1	90.0	S	0.0
Zmay_XP_035823398.1	Rchi_XP_040375662.1	90.0	S	0.0
Ecur_TVU01081.1	Rchi_XP_040375662.1	90.0	S	0.0
Tura_XP_048530839.1	Rchi_XP_040375662.1	90.0	S	0.0
Osat_XP_015648710.1	Rchi_XP_040375662.1	90.0	S	0.0
Zmay_XP_008667465.1	Rchi_XP_040375662.1	90.0	S	0.0
Tura_XP_048530838.1	Rchi_XP_040375662.1	90.0	S	0.0
Bdis_XP_003572365.1	Rchi_XP_040375662.1	90.0	S	0.0
Tura_XP_048543124.1	Rchi_XP_040375662.1	90.0	S	0.0
Osat_XP_015648712.1	Rchi_XP_040375662.1	90.0	S	0.0
Osat_XP_015648711.1	Rchi_XP_040375662.1	90.0	S	0.0
Osat_XP_015610619.1	Bnap_XP_013697930.1	90.0	S	0.0
Zmay_XP_008665873.1	Bnap_XP_013697930.1	90.0	S	0.0
Tura_XP_048542530.1	Bnap_XP_013697930.1	90.0	S	0.0
Zmay_XP_023157516.1	Bnap_XP_013697930.1	90.0	S	0.0
Zmay_XP_035823399.1	Bnap_XP_013697930.1	90.0	S	0.0
Ecur_TVU10016.1	Bnap_XP_013697930.1	90.0	S	0.0
Zmay_XP_008651381.1	Bnap_XP_013697930.1	90.0	S	0.0
Zmay_NP_001140556.1	Bnap_XP_013697930.1	90.0	S	0.0
Bdis_XP_014758878.1	Bnap_XP_013697930.1	90.0	S	0.0
Zmay_XP_008665874.1	Bnap_XP_013697930.1	90.0	S	0.0
Ecur_TVU05222.1	Bnap_XP_013697930.1	90.0	S	0.0
Zmay_XP_035823398.1	Bnap_XP_013697930.1	90.0	S	0.0
Ecur_TVU01081.1	Bnap_XP_013697930.1	90.0	S	0.0
Tura_XP_048530839.1	Bnap_XP_013697930.1	90.0	S	0.0
Osat_XP_015648710.1	Bnap_XP_013697930.1	90.0	S	0.0
Zmay_XP_008667465.1	Bnap_XP_013697930.1	90.0	S	0.0
Tura_XP_048530838.1	Bnap_XP_013697930.1	90.0	S	0.0
Bdis_XP_003572365.1	Bnap_XP_013697930.1	90.0	S	0.0
Tura_XP_048543124.1	Bnap_XP_013697930.1	90.0	S	0.0
Osat_XP_015648712.1	Bnap_XP_013697930.1	90.0	S	0.0
Osat_XP_015648711.1	Bnap_XP_013697930.1	90.0	S	0.0
Osat_XP_015610619.1	Bnap_XP_048630334.1	90.0	S	0.0
Zmay_XP_008665873.1	Bnap_XP_048630334.1	90.0	S	0.0
Tura_XP_048542530.1	Bnap_XP_048630334.1	90.0	S	0.0
Zmay_XP_023157516.1	Bnap_XP_048630334.1	90.0	S	0.0
Zmay_XP_035823399.1	Bnap_XP_048630334.1	90.0	S	0.0
Ecur_TVU10016.1	Bnap_XP_048630334.1	90.0	S	0.0
Zmay_XP_008651381.1	Bnap_XP_048630334.1	90.0	S	0.0
Zmay_NP_001140556.1	Bnap_XP_048630334.1	90.0	S	0.0
Bdis_XP_014758878.1	Bnap_XP_048630334.1	90.0	S	0.0
Zmay_XP_008665874.1	Bnap_XP_048630334.1	90.0	S	0.0
Ecur_TVU05222.1	Bnap_XP_048630334.1	90.0	S	0.0
Zmay_XP_035823398.1	Bnap_XP_048630334.1	90.0	S	0.0
Ecur_TVU01081.1	Bnap_XP_048630334.1	90.0	S	0.0
Tura_XP_048530839.1	Bnap_XP_048630334.1	90.0	S	0.0
Osat_XP_015648710.1	Bnap_XP_048630334.1	90.0	S	0.0
Zmay_XP_008667465.1	Bnap_XP_048630334.1	90.0	S	0.0
Tura_XP_048530838.1	Bnap_XP_048630334.1	90.0	S	0.0
Bdis_XP_003572365.1	Bnap_XP_048630334.1	90.0	S	0.0
Tura_XP_048543124.1	Bnap_XP_048630334.1	90.0	S	0.0
Osat_XP_015648712.1	Bnap_XP_048630334.1	90.0	S	0.0
Osat_XP_015648711.1	Bnap_XP_048630334.1	90.0	S	0.0
Osat_XP_015610619.1	Mesc_XP_021616706.1	90.0	S	0.0
Zmay_XP_008665873.1	Mesc_XP_021616706.1	90.0	S	0.0
Tura_XP_048542530.1	Mesc_XP_021616706.1	90.0	S	0.0
Zmay_XP_023157516.1	Mesc_XP_021616706.1	90.0	S	0.0
Zmay_XP_035823399.1	Mesc_XP_021616706.1	90.0	S	0.0
Ecur_TVU10016.1	Mesc_XP_021616706.1	90.0	S	0.0
Zmay_XP_008651381.1	Mesc_XP_021616706.1	90.0	S	0.0
Zmay_NP_001140556.1	Mesc_XP_021616706.1	90.0	S	0.0
Bdis_XP_014758878.1	Mesc_XP_021616706.1	90.0	S	0.0
Zmay_XP_008665874.1	Mesc_XP_021616706.1	90.0	S	0.0
Ecur_TVU05222.1	Mesc_XP_021616706.1	90.0	S	0.0
Zmay_XP_035823398.1	Mesc_XP_021616706.1	90.0	S	0.0
Ecur_TVU01081.1	Mesc_XP_021616706.1	90.0	S	0.0
Tura_XP_048530839.1	Mesc_XP_021616706.1	90.0	S	0.0
Osat_XP_015648710.1	Mesc_XP_021616706.1	90.0	S	0.0
Zmay_XP_008667465.1	Mesc_XP_021616706.1	90.0	S	0.0
Tura_XP_048530838.1	Mesc_XP_021616706.1	90.0	S	0.0
Bdis_XP_003572365.1	Mesc_XP_021616706.1	90.0	S	0.0
Tura_XP_048543124.1	Mesc_XP_021616706.1	90.0	S	0.0
Osat_XP_015648712.1	Mesc_XP_021616706.1	90.0	S	0.0
Osat_XP_015648711.1	Mesc_XP_021616706.1	90.0	S	0.0
Osat_XP_015610619.1	Qlob_XP_030958989.1	90.0	S	0.0
Zmay_XP_008665873.1	Qlob_XP_030958989.1	90.0	S	0.0
Tura_XP_048542530.1	Qlob_XP_030958989.1	90.0	S	0.0
Zmay_XP_023157516.1	Qlob_XP_030958989.1	90.0	S	0.0
Zmay_XP_035823399.1	Qlob_XP_030958989.1	90.0	S	0.0
Ecur_TVU10016.1	Qlob_XP_030958989.1	90.0	S	0.0
Zmay_XP_008651381.1	Qlob_XP_030958989.1	90.0	S	0.0
Zmay_NP_001140556.1	Qlob_XP_030958989.1	90.0	S	0.0
Bdis_XP_014758878.1	Qlob_XP_030958989.1	90.0	S	0.0
Zmay_XP_008665874.1	Qlob_XP_030958989.1	90.0	S	0.0
Ecur_TVU05222.1	Qlob_XP_030958989.1	90.0	S	0.0
Zmay_XP_035823398.1	Qlob_XP_030958989.1	90.0	S	0.0
Ecur_TVU01081.1	Qlob_XP_030958989.1	90.0	S	0.0
Tura_XP_048530839.1	Qlob_XP_030958989.1	90.0	S	0.0
Osat_XP_015648710.1	Qlob_XP_030958989.1	90.0	S	0.0
Zmay_XP_008667465.1	Qlob_XP_030958989.1	90.0	S	0.0
Tura_XP_048530838.1	Qlob_XP_030958989.1	90.0	S	0.0
Bdis_XP_003572365.1	Qlob_XP_030958989.1	90.0	S	0.0
Tura_XP_048543124.1	Qlob_XP_030958989.1	90.0	S	0.0
Osat_XP_015648712.1	Qlob_XP_030958989.1	90.0	S	0.0
Osat_XP_015648711.1	Qlob_XP_030958989.1	90.0	S	0.0
Osat_XP_015610619.1	Psat_XP_050893429.1	90.0	S	0.0
Zmay_XP_008665873.1	Psat_XP_050893429.1	90.0	S	0.0
Tura_XP_048542530.1	Psat_XP_050893429.1	90.0	S	0.0
Zmay_XP_023157516.1	Psat_XP_050893429.1	90.0	S	0.0
Zmay_XP_035823399.1	Psat_XP_050893429.1	90.0	S	0.0
Ecur_TVU10016.1	Psat_XP_050893429.1	90.0	S	0.0
Zmay_XP_008651381.1	Psat_XP_050893429.1	90.0	S	0.0
Zmay_NP_001140556.1	Psat_XP_050893429.1	90.0	S	0.0
Bdis_XP_014758878.1	Psat_XP_050893429.1	90.0	S	0.0
Zmay_XP_008665874.1	Psat_XP_050893429.1	90.0	S	0.0
Ecur_TVU05222.1	Psat_XP_050893429.1	90.0	S	0.0
Zmay_XP_035823398.1	Psat_XP_050893429.1	90.0	S	0.0
Ecur_TVU01081.1	Psat_XP_050893429.1	90.0	S	0.0
Tura_XP_048530839.1	Psat_XP_050893429.1	90.0	S	0.0
Osat_XP_015648710.1	Psat_XP_050893429.1	90.0	S	0.0
Zmay_XP_008667465.1	Psat_XP_050893429.1	90.0	S	0.0
Tura_XP_048530838.1	Psat_XP_050893429.1	90.0	S	0.0
Bdis_XP_003572365.1	Psat_XP_050893429.1	90.0	S	0.0
Tura_XP_048543124.1	Psat_XP_050893429.1	90.0	S	0.0
Osat_XP_015648712.1	Psat_XP_050893429.1	90.0	S	0.0
Osat_XP_015648711.1	Psat_XP_050893429.1	90.0	S	0.0
Osat_XP_015610619.1	Rchi_XP_024158191.1	90.0	S	0.0
Zmay_XP_008665873.1	Rchi_XP_024158191.1	90.0	S	0.0
Tura_XP_048542530.1	Rchi_XP_024158191.1	90.0	S	0.0
Zmay_XP_023157516.1	Rchi_XP_024158191.1	90.0	S	0.0
Zmay_XP_035823399.1	Rchi_XP_024158191.1	90.0	S	0.0
Ecur_TVU10016.1	Rchi_XP_024158191.1	90.0	S	0.0
Zmay_XP_008651381.1	Rchi_XP_024158191.1	90.0	S	0.0
Zmay_NP_001140556.1	Rchi_XP_024158191.1	90.0	S	0.0
Bdis_XP_014758878.1	Rchi_XP_024158191.1	90.0	S	0.0
Zmay_XP_008665874.1	Rchi_XP_024158191.1	90.0	S	0.0
Ecur_TVU05222.1	Rchi_XP_024158191.1	90.0	S	0.0
Zmay_XP_035823398.1	Rchi_XP_024158191.1	90.0	S	0.0
Ecur_TVU01081.1	Rchi_XP_024158191.1	90.0	S	0.0
Tura_XP_048530839.1	Rchi_XP_024158191.1	90.0	S	0.0
Osat_XP_015648710.1	Rchi_XP_024158191.1	90.0	S	0.0
Zmay_XP_008667465.1	Rchi_XP_024158191.1	90.0	S	0.0
Tura_XP_048530838.1	Rchi_XP_024158191.1	90.0	S	0.0
Bdis_XP_003572365.1	Rchi_XP_024158191.1	90.0	S	0.0
Tura_XP_048543124.1	Rchi_XP_024158191.1	90.0	S	0.0
Osat_XP_015648712.1	Rchi_XP_024158191.1	90.0	S	0.0
Osat_XP_015648711.1	Rchi_XP_024158191.1	90.0	S	0.0
Osat_XP_015610619.1	Mesc_XP_043813756.1	90.0	S	0.0
Zmay_XP_008665873.1	Mesc_XP_043813756.1	90.0	S	0.0
Tura_XP_048542530.1	Mesc_XP_043813756.1	90.0	S	0.0
Zmay_XP_023157516.1	Mesc_XP_043813756.1	90.0	S	0.0
Zmay_XP_035823399.1	Mesc_XP_043813756.1	90.0	S	0.0
Ecur_TVU10016.1	Mesc_XP_043813756.1	90.0	S	0.0
Zmay_XP_008651381.1	Mesc_XP_043813756.1	90.0	S	0.0
Zmay_NP_001140556.1	Mesc_XP_043813756.1	90.0	S	0.0
Bdis_XP_014758878.1	Mesc_XP_043813756.1	90.0	S	0.0
Zmay_XP_008665874.1	Mesc_XP_043813756.1	90.0	S	0.0
Ecur_TVU05222.1	Mesc_XP_043813756.1	90.0	S	0.0
Zmay_XP_035823398.1	Mesc_XP_043813756.1	90.0	S	0.0
Ecur_TVU01081.1	Mesc_XP_043813756.1	90.0	S	0.0
Tura_XP_048530839.1	Mesc_XP_043813756.1	90.0	S	0.0
Osat_XP_015648710.1	Mesc_XP_043813756.1	90.0	S	0.0
Zmay_XP_008667465.1	Mesc_XP_043813756.1	90.0	S	0.0
Tura_XP_048530838.1	Mesc_XP_043813756.1	90.0	S	0.0
Bdis_XP_003572365.1	Mesc_XP_043813756.1	90.0	S	0.0
Tura_XP_048543124.1	Mesc_XP_043813756.1	90.0	S	0.0
Osat_XP_015648712.1	Mesc_XP_043813756.1	90.0	S	0.0
Osat_XP_015648711.1	Mesc_XP_043813756.1	90.0	S	0.0
Osat_XP_015610619.1	Mtru_XP_013456231.1	90.0	S	0.0
Zmay_XP_008665873.1	Mtru_XP_013456231.1	90.0	S	0.0
Tura_XP_048542530.1	Mtru_XP_013456231.1	90.0	S	0.0
Zmay_XP_023157516.1	Mtru_XP_013456231.1	90.0	S	0.0
Zmay_XP_035823399.1	Mtru_XP_013456231.1	90.0	S	0.0
Ecur_TVU10016.1	Mtru_XP_013456231.1	90.0	S	0.0
Zmay_XP_008651381.1	Mtru_XP_013456231.1	90.0	S	0.0
Zmay_NP_001140556.1	Mtru_XP_013456231.1	90.0	S	0.0
Bdis_XP_014758878.1	Mtru_XP_013456231.1	90.0	S	0.0
Zmay_XP_008665874.1	Mtru_XP_013456231.1	90.0	S	0.0
Ecur_TVU05222.1	Mtru_XP_013456231.1	90.0	S	0.0
Zmay_XP_035823398.1	Mtru_XP_013456231.1	90.0	S	0.0
Ecur_TVU01081.1	Mtru_XP_013456231.1	90.0	S	0.0
Tura_XP_048530839.1	Mtru_XP_013456231.1	90.0	S	0.0
Osat_XP_015648710.1	Mtru_XP_013456231.1	90.0	S	0.0
Zmay_XP_008667465.1	Mtru_XP_013456231.1	90.0	S	0.0
Tura_XP_048530838.1	Mtru_XP_013456231.1	90.0	S	0.0
Bdis_XP_003572365.1	Mtru_XP_013456231.1	90.0	S	0.0
Tura_XP_048543124.1	Mtru_XP_013456231.1	90.0	S	0.0
Osat_XP_015648712.1	Mtru_XP_013456231.1	90.0	S	0.0
Osat_XP_015648711.1	Mtru_XP_013456231.1	90.0	S	0.0
Osat_XP_015610619.1	Cofcan_CDP14099.1	90.0	S	0.0
Zmay_XP_008665873.1	Cofcan_CDP14099.1	90.0	S	0.0
Tura_XP_048542530.1	Cofcan_CDP14099.1	90.0	S	0.0
Zmay_XP_023157516.1	Cofcan_CDP14099.1	90.0	S	0.0
Zmay_XP_035823399.1	Cofcan_CDP14099.1	90.0	S	0.0
Ecur_TVU10016.1	Cofcan_CDP14099.1	90.0	S	0.0
Zmay_XP_008651381.1	Cofcan_CDP14099.1	90.0	S	0.0
Zmay_NP_001140556.1	Cofcan_CDP14099.1	90.0	S	0.0
Bdis_XP_014758878.1	Cofcan_CDP14099.1	90.0	S	0.0
Zmay_XP_008665874.1	Cofcan_CDP14099.1	90.0	S	0.0
Ecur_TVU05222.1	Cofcan_CDP14099.1	90.0	S	0.0
Zmay_XP_035823398.1	Cofcan_CDP14099.1	90.0	S	0.0
Ecur_TVU01081.1	Cofcan_CDP14099.1	90.0	S	0.0
Tura_XP_048530839.1	Cofcan_CDP14099.1	90.0	S	0.0
Osat_XP_015648710.1	Cofcan_CDP14099.1	90.0	S	0.0
Zmay_XP_008667465.1	Cofcan_CDP14099.1	90.0	S	0.0
Tura_XP_048530838.1	Cofcan_CDP14099.1	90.0	S	0.0
Bdis_XP_003572365.1	Cofcan_CDP14099.1	90.0	S	0.0
Tura_XP_048543124.1	Cofcan_CDP14099.1	90.0	S	0.0
Osat_XP_015648712.1	Cofcan_CDP14099.1	90.0	S	0.0
Osat_XP_015648711.1	Cofcan_CDP14099.1	90.0	S	0.0
Osat_XP_015610619.1	Rchi_XP_024159047.1	90.0	S	0.0
Zmay_XP_008665873.1	Rchi_XP_024159047.1	90.0	S	0.0
Tura_XP_048542530.1	Rchi_XP_024159047.1	90.0	S	0.0
Zmay_XP_023157516.1	Rchi_XP_024159047.1	90.0	S	0.0
Zmay_XP_035823399.1	Rchi_XP_024159047.1	90.0	S	0.0
Ecur_TVU10016.1	Rchi_XP_024159047.1	90.0	S	0.0
Zmay_XP_008651381.1	Rchi_XP_024159047.1	90.0	S	0.0
Zmay_NP_001140556.1	Rchi_XP_024159047.1	90.0	S	0.0
Bdis_XP_014758878.1	Rchi_XP_024159047.1	90.0	S	0.0
Zmay_XP_008665874.1	Rchi_XP_024159047.1	90.0	S	0.0
Ecur_TVU05222.1	Rchi_XP_024159047.1	90.0	S	0.0
Zmay_XP_035823398.1	Rchi_XP_024159047.1	90.0	S	0.0
Ecur_TVU01081.1	Rchi_XP_024159047.1	90.0	S	0.0
Tura_XP_048530839.1	Rchi_XP_024159047.1	90.0	S	0.0
Osat_XP_015648710.1	Rchi_XP_024159047.1	90.0	S	0.0
Zmay_XP_008667465.1	Rchi_XP_024159047.1	90.0	S	0.0
Tura_XP_048530838.1	Rchi_XP_024159047.1	90.0	S	0.0
Bdis_XP_003572365.1	Rchi_XP_024159047.1	90.0	S	0.0
Tura_XP_048543124.1	Rchi_XP_024159047.1	90.0	S	0.0
Osat_XP_015648712.1	Rchi_XP_024159047.1	90.0	S	0.0
Osat_XP_015648711.1	Rchi_XP_024159047.1	90.0	S	0.0
Osat_XP_015610619.1	Qlob_XP_030958998.1	90.0	S	0.0
Zmay_XP_008665873.1	Qlob_XP_030958998.1	90.0	S	0.0
Tura_XP_048542530.1	Qlob_XP_030958998.1	90.0	S	0.0
Zmay_XP_023157516.1	Qlob_XP_030958998.1	90.0	S	0.0
Zmay_XP_035823399.1	Qlob_XP_030958998.1	90.0	S	0.0
Ecur_TVU10016.1	Qlob_XP_030958998.1	90.0	S	0.0
Zmay_XP_008651381.1	Qlob_XP_030958998.1	90.0	S	0.0
Zmay_NP_001140556.1	Qlob_XP_030958998.1	90.0	S	0.0
Bdis_XP_014758878.1	Qlob_XP_030958998.1	90.0	S	0.0
Zmay_XP_008665874.1	Qlob_XP_030958998.1	90.0	S	0.0
Ecur_TVU05222.1	Qlob_XP_030958998.1	90.0	S	0.0
Zmay_XP_035823398.1	Qlob_XP_030958998.1	90.0	S	0.0
Ecur_TVU01081.1	Qlob_XP_030958998.1	90.0	S	0.0
Tura_XP_048530839.1	Qlob_XP_030958998.1	90.0	S	0.0
Osat_XP_015648710.1	Qlob_XP_030958998.1	90.0	S	0.0
Zmay_XP_008667465.1	Qlob_XP_030958998.1	90.0	S	0.0
Tura_XP_048530838.1	Qlob_XP_030958998.1	90.0	S	0.0
Bdis_XP_003572365.1	Qlob_XP_030958998.1	90.0	S	0.0
Tura_XP_048543124.1	Qlob_XP_030958998.1	90.0	S	0.0
Osat_XP_015648712.1	Qlob_XP_030958998.1	90.0	S	0.0
Osat_XP_015648711.1	Qlob_XP_030958998.1	90.0	S	0.0
Osat_XP_015610619.1	Qlob_XP_030959004.1	90.0	S	0.0
Zmay_XP_008665873.1	Qlob_XP_030959004.1	90.0	S	0.0
Tura_XP_048542530.1	Qlob_XP_030959004.1	90.0	S	0.0
Zmay_XP_023157516.1	Qlob_XP_030959004.1	90.0	S	0.0
Zmay_XP_035823399.1	Qlob_XP_030959004.1	90.0	S	0.0
Ecur_TVU10016.1	Qlob_XP_030959004.1	90.0	S	0.0
Zmay_XP_008651381.1	Qlob_XP_030959004.1	90.0	S	0.0
Zmay_NP_001140556.1	Qlob_XP_030959004.1	90.0	S	0.0
Bdis_XP_014758878.1	Qlob_XP_030959004.1	90.0	S	0.0
Zmay_XP_008665874.1	Qlob_XP_030959004.1	90.0	S	0.0
Ecur_TVU05222.1	Qlob_XP_030959004.1	90.0	S	0.0
Zmay_XP_035823398.1	Qlob_XP_030959004.1	90.0	S	0.0
Ecur_TVU01081.1	Qlob_XP_030959004.1	90.0	S	0.0
Tura_XP_048530839.1	Qlob_XP_030959004.1	90.0	S	0.0
Osat_XP_015648710.1	Qlob_XP_030959004.1	90.0	S	0.0
Zmay_XP_008667465.1	Qlob_XP_030959004.1	90.0	S	0.0
Tura_XP_048530838.1	Qlob_XP_030959004.1	90.0	S	0.0
Bdis_XP_003572365.1	Qlob_XP_030959004.1	90.0	S	0.0
Tura_XP_048543124.1	Qlob_XP_030959004.1	90.0	S	0.0
Osat_XP_015648712.1	Qlob_XP_030959004.1	90.0	S	0.0
Osat_XP_015648711.1	Qlob_XP_030959004.1	90.0	S	0.0
Osat_XP_015610619.1	Qlob_XP_030953162.1	90.0	S	0.0
Zmay_XP_008665873.1	Qlob_XP_030953162.1	90.0	S	0.0
Tura_XP_048542530.1	Qlob_XP_030953162.1	90.0	S	0.0
Zmay_XP_023157516.1	Qlob_XP_030953162.1	90.0	S	0.0
Zmay_XP_035823399.1	Qlob_XP_030953162.1	90.0	S	0.0
Ecur_TVU10016.1	Qlob_XP_030953162.1	90.0	S	0.0
Zmay_XP_008651381.1	Qlob_XP_030953162.1	90.0	S	0.0
Zmay_NP_001140556.1	Qlob_XP_030953162.1	90.0	S	0.0
Bdis_XP_014758878.1	Qlob_XP_030953162.1	90.0	S	0.0
Zmay_XP_008665874.1	Qlob_XP_030953162.1	90.0	S	0.0
Ecur_TVU05222.1	Qlob_XP_030953162.1	90.0	S	0.0
Zmay_XP_035823398.1	Qlob_XP_030953162.1	90.0	S	0.0
Ecur_TVU01081.1	Qlob_XP_030953162.1	90.0	S	0.0
Tura_XP_048530839.1	Qlob_XP_030953162.1	90.0	S	0.0
Osat_XP_015648710.1	Qlob_XP_030953162.1	90.0	S	0.0
Zmay_XP_008667465.1	Qlob_XP_030953162.1	90.0	S	0.0
Tura_XP_048530838.1	Qlob_XP_030953162.1	90.0	S	0.0
Bdis_XP_003572365.1	Qlob_XP_030953162.1	90.0	S	0.0
Tura_XP_048543124.1	Qlob_XP_030953162.1	90.0	S	0.0
Osat_XP_015648712.1	Qlob_XP_030953162.1	90.0	S	0.0
Osat_XP_015648711.1	Qlob_XP_030953162.1	90.0	S	0.0
Osat_XP_015610619.1	Mesc_XP_043813759.1	90.0	S	0.0
Zmay_XP_008665873.1	Mesc_XP_043813759.1	90.0	S	0.0
Tura_XP_048542530.1	Mesc_XP_043813759.1	90.0	S	0.0
Zmay_XP_023157516.1	Mesc_XP_043813759.1	90.0	S	0.0
Zmay_XP_035823399.1	Mesc_XP_043813759.1	90.0	S	0.0
Ecur_TVU10016.1	Mesc_XP_043813759.1	90.0	S	0.0
Zmay_XP_008651381.1	Mesc_XP_043813759.1	90.0	S	0.0
Zmay_NP_001140556.1	Mesc_XP_043813759.1	90.0	S	0.0
Bdis_XP_014758878.1	Mesc_XP_043813759.1	90.0	S	0.0
Zmay_XP_008665874.1	Mesc_XP_043813759.1	90.0	S	0.0
Ecur_TVU05222.1	Mesc_XP_043813759.1	90.0	S	0.0
Zmay_XP_035823398.1	Mesc_XP_043813759.1	90.0	S	0.0
Ecur_TVU01081.1	Mesc_XP_043813759.1	90.0	S	0.0
Tura_XP_048530839.1	Mesc_XP_043813759.1	90.0	S	0.0
Osat_XP_015648710.1	Mesc_XP_043813759.1	90.0	S	0.0
Zmay_XP_008667465.1	Mesc_XP_043813759.1	90.0	S	0.0
Tura_XP_048530838.1	Mesc_XP_043813759.1	90.0	S	0.0
Bdis_XP_003572365.1	Mesc_XP_043813759.1	90.0	S	0.0
Tura_XP_048543124.1	Mesc_XP_043813759.1	90.0	S	0.0
Osat_XP_015648712.1	Mesc_XP_043813759.1	90.0	S	0.0
Osat_XP_015648711.1	Mesc_XP_043813759.1	90.0	S	0.0
Osat_XP_015610619.1	Bnap_XP_013749294.2	90.0	S	0.0
Zmay_XP_008665873.1	Bnap_XP_013749294.2	90.0	S	0.0
Tura_XP_048542530.1	Bnap_XP_013749294.2	90.0	S	0.0
Zmay_XP_023157516.1	Bnap_XP_013749294.2	90.0	S	0.0
Zmay_XP_035823399.1	Bnap_XP_013749294.2	90.0	S	0.0
Ecur_TVU10016.1	Bnap_XP_013749294.2	90.0	S	0.0
Zmay_XP_008651381.1	Bnap_XP_013749294.2	90.0	S	0.0
Zmay_NP_001140556.1	Bnap_XP_013749294.2	90.0	S	0.0
Bdis_XP_014758878.1	Bnap_XP_013749294.2	90.0	S	0.0
Zmay_XP_008665874.1	Bnap_XP_013749294.2	90.0	S	0.0
Ecur_TVU05222.1	Bnap_XP_013749294.2	90.0	S	0.0
Zmay_XP_035823398.1	Bnap_XP_013749294.2	90.0	S	0.0
Ecur_TVU01081.1	Bnap_XP_013749294.2	90.0	S	0.0
Tura_XP_048530839.1	Bnap_XP_013749294.2	90.0	S	0.0
Osat_XP_015648710.1	Bnap_XP_013749294.2	90.0	S	0.0
Zmay_XP_008667465.1	Bnap_XP_013749294.2	90.0	S	0.0
Tura_XP_048530838.1	Bnap_XP_013749294.2	90.0	S	0.0
Bdis_XP_003572365.1	Bnap_XP_013749294.2	90.0	S	0.0
Tura_XP_048543124.1	Bnap_XP_013749294.2	90.0	S	0.0
Osat_XP_015648712.1	Bnap_XP_013749294.2	90.0	S	0.0
Osat_XP_015648711.1	Bnap_XP_013749294.2	90.0	S	0.0
Osat_XP_015610619.1	Mesc_XP_043813755.1	90.0	S	0.0
Zmay_XP_008665873.1	Mesc_XP_043813755.1	90.0	S	0.0
Tura_XP_048542530.1	Mesc_XP_043813755.1	90.0	S	0.0
Zmay_XP_023157516.1	Mesc_XP_043813755.1	90.0	S	0.0
Zmay_XP_035823399.1	Mesc_XP_043813755.1	90.0	S	0.0
Ecur_TVU10016.1	Mesc_XP_043813755.1	90.0	S	0.0
Zmay_XP_008651381.1	Mesc_XP_043813755.1	90.0	S	0.0
Zmay_NP_001140556.1	Mesc_XP_043813755.1	90.0	S	0.0
Bdis_XP_014758878.1	Mesc_XP_043813755.1	90.0	S	0.0
Zmay_XP_008665874.1	Mesc_XP_043813755.1	90.0	S	0.0
Ecur_TVU05222.1	Mesc_XP_043813755.1	90.0	S	0.0
Zmay_XP_035823398.1	Mesc_XP_043813755.1	90.0	S	0.0
Ecur_TVU01081.1	Mesc_XP_043813755.1	90.0	S	0.0
Tura_XP_048530839.1	Mesc_XP_043813755.1	90.0	S	0.0
Osat_XP_015648710.1	Mesc_XP_043813755.1	90.0	S	0.0
Zmay_XP_008667465.1	Mesc_XP_043813755.1	90.0	S	0.0
Tura_XP_048530838.1	Mesc_XP_043813755.1	90.0	S	0.0
Bdis_XP_003572365.1	Mesc_XP_043813755.1	90.0	S	0.0
Tura_XP_048543124.1	Mesc_XP_043813755.1	90.0	S	0.0
Osat_XP_015648712.1	Mesc_XP_043813755.1	90.0	S	0.0
Osat_XP_015648711.1	Mesc_XP_043813755.1	90.0	S	0.0
Osat_XP_015610619.1	Bnap_XP_013749295.1	90.0	S	0.0
Zmay_XP_008665873.1	Bnap_XP_013749295.1	90.0	S	0.0
Tura_XP_048542530.1	Bnap_XP_013749295.1	90.0	S	0.0
Zmay_XP_023157516.1	Bnap_XP_013749295.1	90.0	S	0.0
Zmay_XP_035823399.1	Bnap_XP_013749295.1	90.0	S	0.0
Ecur_TVU10016.1	Bnap_XP_013749295.1	90.0	S	0.0
Zmay_XP_008651381.1	Bnap_XP_013749295.1	90.0	S	0.0
Zmay_NP_001140556.1	Bnap_XP_013749295.1	90.0	S	0.0
Bdis_XP_014758878.1	Bnap_XP_013749295.1	90.0	S	0.0
Zmay_XP_008665874.1	Bnap_XP_013749295.1	90.0	S	0.0
Ecur_TVU05222.1	Bnap_XP_013749295.1	90.0	S	0.0
Zmay_XP_035823398.1	Bnap_XP_013749295.1	90.0	S	0.0
Ecur_TVU01081.1	Bnap_XP_013749295.1	90.0	S	0.0
Tura_XP_048530839.1	Bnap_XP_013749295.1	90.0	S	0.0
Osat_XP_015648710.1	Bnap_XP_013749295.1	90.0	S	0.0
Zmay_XP_008667465.1	Bnap_XP_013749295.1	90.0	S	0.0
Tura_XP_048530838.1	Bnap_XP_013749295.1	90.0	S	0.0
Bdis_XP_003572365.1	Bnap_XP_013749295.1	90.0	S	0.0
Tura_XP_048543124.1	Bnap_XP_013749295.1	90.0	S	0.0
Osat_XP_015648712.1	Bnap_XP_013749295.1	90.0	S	0.0
Osat_XP_015648711.1	Bnap_XP_013749295.1	90.0	S	0.0
Osat_XP_015610619.1	Mesc_XP_021616705.1	90.0	S	0.0
Zmay_XP_008665873.1	Mesc_XP_021616705.1	90.0	S	0.0
Tura_XP_048542530.1	Mesc_XP_021616705.1	90.0	S	0.0
Zmay_XP_023157516.1	Mesc_XP_021616705.1	90.0	S	0.0
Zmay_XP_035823399.1	Mesc_XP_021616705.1	90.0	S	0.0
Ecur_TVU10016.1	Mesc_XP_021616705.1	90.0	S	0.0
Zmay_XP_008651381.1	Mesc_XP_021616705.1	90.0	S	0.0
Zmay_NP_001140556.1	Mesc_XP_021616705.1	90.0	S	0.0
Bdis_XP_014758878.1	Mesc_XP_021616705.1	90.0	S	0.0
Zmay_XP_008665874.1	Mesc_XP_021616705.1	90.0	S	0.0
Ecur_TVU05222.1	Mesc_XP_021616705.1	90.0	S	0.0
Zmay_XP_035823398.1	Mesc_XP_021616705.1	90.0	S	0.0
Ecur_TVU01081.1	Mesc_XP_021616705.1	90.0	S	0.0
Tura_XP_048530839.1	Mesc_XP_021616705.1	90.0	S	0.0
Osat_XP_015648710.1	Mesc_XP_021616705.1	90.0	S	0.0
Zmay_XP_008667465.1	Mesc_XP_021616705.1	90.0	S	0.0
Tura_XP_048530838.1	Mesc_XP_021616705.1	90.0	S	0.0
Bdis_XP_003572365.1	Mesc_XP_021616705.1	90.0	S	0.0
Tura_XP_048543124.1	Mesc_XP_021616705.1	90.0	S	0.0
Osat_XP_015648712.1	Mesc_XP_021616705.1	90.0	S	0.0
Osat_XP_015648711.1	Mesc_XP_021616705.1	90.0	S	0.0
Osat_XP_015610619.1	Sollyc_NP_001306150.1	90.0	S	0.0
Zmay_XP_008665873.1	Sollyc_NP_001306150.1	90.0	S	0.0
Tura_XP_048542530.1	Sollyc_NP_001306150.1	90.0	S	0.0
Zmay_XP_023157516.1	Sollyc_NP_001306150.1	90.0	S	0.0
Zmay_XP_035823399.1	Sollyc_NP_001306150.1	90.0	S	0.0
Ecur_TVU10016.1	Sollyc_NP_001306150.1	90.0	S	0.0
Zmay_XP_008651381.1	Sollyc_NP_001306150.1	90.0	S	0.0
Zmay_NP_001140556.1	Sollyc_NP_001306150.1	90.0	S	0.0
Bdis_XP_014758878.1	Sollyc_NP_001306150.1	90.0	S	0.0
Zmay_XP_008665874.1	Sollyc_NP_001306150.1	90.0	S	0.0
Ecur_TVU05222.1	Sollyc_NP_001306150.1	90.0	S	0.0
Zmay_XP_035823398.1	Sollyc_NP_001306150.1	90.0	S	0.0
Ecur_TVU01081.1	Sollyc_NP_001306150.1	90.0	S	0.0
Tura_XP_048530839.1	Sollyc_NP_001306150.1	90.0	S	0.0
Osat_XP_015648710.1	Sollyc_NP_001306150.1	90.0	S	0.0
Zmay_XP_008667465.1	Sollyc_NP_001306150.1	90.0	S	0.0
Tura_XP_048530838.1	Sollyc_NP_001306150.1	90.0	S	0.0
Bdis_XP_003572365.1	Sollyc_NP_001306150.1	90.0	S	0.0
Tura_XP_048543124.1	Sollyc_NP_001306150.1	90.0	S	0.0
Osat_XP_015648712.1	Sollyc_NP_001306150.1	90.0	S	0.0
Osat_XP_015648711.1	Sollyc_NP_001306150.1	90.0	S	0.0
Osat_XP_015610619.1	Qlob_XP_030959010.1	90.0	S	0.0
Zmay_XP_008665873.1	Qlob_XP_030959010.1	90.0	S	0.0
Tura_XP_048542530.1	Qlob_XP_030959010.1	90.0	S	0.0
Zmay_XP_023157516.1	Qlob_XP_030959010.1	90.0	S	0.0
Zmay_XP_035823399.1	Qlob_XP_030959010.1	90.0	S	0.0
Ecur_TVU10016.1	Qlob_XP_030959010.1	90.0	S	0.0
Zmay_XP_008651381.1	Qlob_XP_030959010.1	90.0	S	0.0
Zmay_NP_001140556.1	Qlob_XP_030959010.1	90.0	S	0.0
Bdis_XP_014758878.1	Qlob_XP_030959010.1	90.0	S	0.0
Zmay_XP_008665874.1	Qlob_XP_030959010.1	90.0	S	0.0
Ecur_TVU05222.1	Qlob_XP_030959010.1	90.0	S	0.0
Zmay_XP_035823398.1	Qlob_XP_030959010.1	90.0	S	0.0
Ecur_TVU01081.1	Qlob_XP_030959010.1	90.0	S	0.0
Tura_XP_048530839.1	Qlob_XP_030959010.1	90.0	S	0.0
Osat_XP_015648710.1	Qlob_XP_030959010.1	90.0	S	0.0
Zmay_XP_008667465.1	Qlob_XP_030959010.1	90.0	S	0.0
Tura_XP_048530838.1	Qlob_XP_030959010.1	90.0	S	0.0
Bdis_XP_003572365.1	Qlob_XP_030959010.1	90.0	S	0.0
Tura_XP_048543124.1	Qlob_XP_030959010.1	90.0	S	0.0
Osat_XP_015648712.1	Qlob_XP_030959010.1	90.0	S	0.0
Osat_XP_015648711.1	Qlob_XP_030959010.1	90.0	S	0.0
Cfra_CFRG8355T1	Sarc_XP_014151949.1	100.0	S	0.0
Ppat_XP_024376210.1	Ppat_XP_024376209.1	100.0	D	1.0
Sbat_VDO98087.1	Plae_KAI0985441.1	62.0	S	0.0
Tbri_KRY47478.1	Avit_KAL3989456.1	57.0	S	0.0
Tsui_KHJ45102.1	Avit_KAL3989456.1	57.0	S	0.0
Plae_KAI0984297.1	Avit_KAL3989456.1	57.0	S	0.0
Tnat_KRZ50470.1	Avit_KAL3989456.1	57.0	S	0.0
Tnel_KRX20255.1	Avit_KAL3989456.1	57.0	S	0.0
Plae_KAI0984298.1	Avit_KAL3989456.1	57.0	S	0.0
Trimur_TMUE_0000000640	Avit_KAL3989456.1	57.0	S	0.0
Tspi_XP_003380167.1	Avit_KAL3989456.1	57.0	S	0.0
Ttri_CDW53161.1	Avit_KAL3989456.1	57.0	S	0.0
Tspi_XP_003368987.1	Avit_KAL3989456.1	57.0	S	0.0
Trimur_TMUE_3000012690	Avit_KAL3989456.1	57.0	S	0.0
Tnel_KRX20256.1	Avit_KAL3989456.1	57.0	S	0.0
Tbri_KRY47478.1	Asuu_AgB01_g822_t01	57.0	S	0.0
Tsui_KHJ45102.1	Asuu_AgB01_g822_t01	57.0	S	0.0
Plae_KAI0984297.1	Asuu_AgB01_g822_t01	57.0	S	0.0
Tnat_KRZ50470.1	Asuu_AgB01_g822_t01	57.0	S	0.0
Tnel_KRX20255.1	Asuu_AgB01_g822_t01	57.0	S	0.0
Plae_KAI0984298.1	Asuu_AgB01_g822_t01	57.0	S	0.0
Trimur_TMUE_0000000640	Asuu_AgB01_g822_t01	57.0	S	0.0
Tspi_XP_003380167.1	Asuu_AgB01_g822_t01	57.0	S	0.0
Ttri_CDW53161.1	Asuu_AgB01_g822_t01	57.0	S	0.0
Tspi_XP_003368987.1	Asuu_AgB01_g822_t01	57.0	S	0.0
Trimur_TMUE_3000012690	Asuu_AgB01_g822_t01	57.0	S	0.0
Tnel_KRX20256.1	Asuu_AgB01_g822_t01	57.0	S	0.0
Tbri_KRY47478.1	Lsig_VDK83118.1	57.0	S	0.0
Tsui_KHJ45102.1	Lsig_VDK83118.1	57.0	S	0.0
Plae_KAI0984297.1	Lsig_VDK83118.1	57.0	S	0.0
Tnat_KRZ50470.1	Lsig_VDK83118.1	57.0	S	0.0
Tnel_KRX20255.1	Lsig_VDK83118.1	57.0	S	0.0
Plae_KAI0984298.1	Lsig_VDK83118.1	57.0	S	0.0
Trimur_TMUE_0000000640	Lsig_VDK83118.1	57.0	S	0.0
Tspi_XP_003380167.1	Lsig_VDK83118.1	57.0	S	0.0
Ttri_CDW53161.1	Lsig_VDK83118.1	57.0	S	0.0
Tspi_XP_003368987.1	Lsig_VDK83118.1	57.0	S	0.0
Trimur_TMUE_3000012690	Lsig_VDK83118.1	57.0	S	0.0
Tnel_KRX20256.1	Lsig_VDK83118.1	57.0	S	0.0
Tbri_KRY47478.1	Ddip_jg26533	57.0	S	0.0
Tsui_KHJ45102.1	Ddip_jg26533	57.0	S	0.0
Plae_KAI0984297.1	Ddip_jg26533	57.0	S	0.0
Tnat_KRZ50470.1	Ddip_jg26533	57.0	S	0.0
Tnel_KRX20255.1	Ddip_jg26533	57.0	S	0.0
Plae_KAI0984298.1	Ddip_jg26533	57.0	S	0.0
Trimur_TMUE_0000000640	Ddip_jg26533	57.0	S	0.0
Tspi_XP_003380167.1	Ddip_jg26533	57.0	S	0.0
Ttri_CDW53161.1	Ddip_jg26533	57.0	S	0.0
Tspi_XP_003368987.1	Ddip_jg26533	57.0	S	0.0
Trimur_TMUE_3000012690	Ddip_jg26533	57.0	S	0.0
Tnel_KRX20256.1	Ddip_jg26533	57.0	S	0.0
Tbri_KRY47478.1	Lloa_XP_003140884.1	57.0	S	0.0
Tsui_KHJ45102.1	Lloa_XP_003140884.1	57.0	S	0.0
Plae_KAI0984297.1	Lloa_XP_003140884.1	57.0	S	0.0
Tnat_KRZ50470.1	Lloa_XP_003140884.1	57.0	S	0.0
Tnel_KRX20255.1	Lloa_XP_003140884.1	57.0	S	0.0
Plae_KAI0984298.1	Lloa_XP_003140884.1	57.0	S	0.0
Trimur_TMUE_0000000640	Lloa_XP_003140884.1	57.0	S	0.0
Tspi_XP_003380167.1	Lloa_XP_003140884.1	57.0	S	0.0
Ttri_CDW53161.1	Lloa_XP_003140884.1	57.0	S	0.0
Tspi_XP_003368987.1	Lloa_XP_003140884.1	57.0	S	0.0
Trimur_TMUE_3000012690	Lloa_XP_003140884.1	57.0	S	0.0
Tnel_KRX20256.1	Lloa_XP_003140884.1	57.0	S	0.0
Tbri_KRY47478.1	Dimm_MCP9257372.1	57.0	S	0.0
Tsui_KHJ45102.1	Dimm_MCP9257372.1	57.0	S	0.0
Plae_KAI0984297.1	Dimm_MCP9257372.1	57.0	S	0.0
Tnat_KRZ50470.1	Dimm_MCP9257372.1	57.0	S	0.0
Tnel_KRX20255.1	Dimm_MCP9257372.1	57.0	S	0.0
Plae_KAI0984298.1	Dimm_MCP9257372.1	57.0	S	0.0
Trimur_TMUE_0000000640	Dimm_MCP9257372.1	57.0	S	0.0
Tspi_XP_003380167.1	Dimm_MCP9257372.1	57.0	S	0.0
Ttri_CDW53161.1	Dimm_MCP9257372.1	57.0	S	0.0
Tspi_XP_003368987.1	Dimm_MCP9257372.1	57.0	S	0.0
Trimur_TMUE_3000012690	Dimm_MCP9257372.1	57.0	S	0.0
Tnel_KRX20256.1	Dimm_MCP9257372.1	57.0	S	0.0
Tbri_KRY47478.1	Eela_EEL_0000590401-mRNA-1	57.0	S	0.0
Tsui_KHJ45102.1	Eela_EEL_0000590401-mRNA-1	57.0	S	0.0
Plae_KAI0984297.1	Eela_EEL_0000590401-mRNA-1	57.0	S	0.0
Tnat_KRZ50470.1	Eela_EEL_0000590401-mRNA-1	57.0	S	0.0
Tnel_KRX20255.1	Eela_EEL_0000590401-mRNA-1	57.0	S	0.0
Plae_KAI0984298.1	Eela_EEL_0000590401-mRNA-1	57.0	S	0.0
Trimur_TMUE_0000000640	Eela_EEL_0000590401-mRNA-1	57.0	S	0.0
Tspi_XP_003380167.1	Eela_EEL_0000590401-mRNA-1	57.0	S	0.0
Ttri_CDW53161.1	Eela_EEL_0000590401-mRNA-1	57.0	S	0.0
Tspi_XP_003368987.1	Eela_EEL_0000590401-mRNA-1	57.0	S	0.0
Trimur_TMUE_3000012690	Eela_EEL_0000590401-mRNA-1	57.0	S	0.0
Tnel_KRX20256.1	Eela_EEL_0000590401-mRNA-1	57.0	S	0.0
Tbri_KRY47478.1	Asuu_AgB01_g822_t03	57.0	S	0.0
Tsui_KHJ45102.1	Asuu_AgB01_g822_t03	57.0	S	0.0
Plae_KAI0984297.1	Asuu_AgB01_g822_t03	57.0	S	0.0
Tnat_KRZ50470.1	Asuu_AgB01_g822_t03	57.0	S	0.0
Tnel_KRX20255.1	Asuu_AgB01_g822_t03	57.0	S	0.0
Plae_KAI0984298.1	Asuu_AgB01_g822_t03	57.0	S	0.0
Trimur_TMUE_0000000640	Asuu_AgB01_g822_t03	57.0	S	0.0
Tspi_XP_003380167.1	Asuu_AgB01_g822_t03	57.0	S	0.0
Ttri_CDW53161.1	Asuu_AgB01_g822_t03	57.0	S	0.0
Tspi_XP_003368987.1	Asuu_AgB01_g822_t03	57.0	S	0.0
Trimur_TMUE_3000012690	Asuu_AgB01_g822_t03	57.0	S	0.0
Tnel_KRX20256.1	Asuu_AgB01_g822_t03	57.0	S	0.0
Tbri_KRY47478.1	Hcon_XGW18521.1	57.0	S	0.0
Tsui_KHJ45102.1	Hcon_XGW18521.1	57.0	S	0.0
Plae_KAI0984297.1	Hcon_XGW18521.1	57.0	S	0.0
Tnat_KRZ50470.1	Hcon_XGW18521.1	57.0	S	0.0
Tnel_KRX20255.1	Hcon_XGW18521.1	57.0	S	0.0
Plae_KAI0984298.1	Hcon_XGW18521.1	57.0	S	0.0
Trimur_TMUE_0000000640	Hcon_XGW18521.1	57.0	S	0.0
Tspi_XP_003380167.1	Hcon_XGW18521.1	57.0	S	0.0
Ttri_CDW53161.1	Hcon_XGW18521.1	57.0	S	0.0
Tspi_XP_003368987.1	Hcon_XGW18521.1	57.0	S	0.0
Trimur_TMUE_3000012690	Hcon_XGW18521.1	57.0	S	0.0
Tnel_KRX20256.1	Hcon_XGW18521.1	57.0	S	0.0
Tbri_KRY47478.1	Acey_EYB86026.1	57.0	S	0.0
Tsui_KHJ45102.1	Acey_EYB86026.1	57.0	S	0.0
Plae_KAI0984297.1	Acey_EYB86026.1	57.0	S	0.0
Tnat_KRZ50470.1	Acey_EYB86026.1	57.0	S	0.0
Tnel_KRX20255.1	Acey_EYB86026.1	57.0	S	0.0
Plae_KAI0984298.1	Acey_EYB86026.1	57.0	S	0.0
Trimur_TMUE_0000000640	Acey_EYB86026.1	57.0	S	0.0
Tspi_XP_003380167.1	Acey_EYB86026.1	57.0	S	0.0
Ttri_CDW53161.1	Acey_EYB86026.1	57.0	S	0.0
Tspi_XP_003368987.1	Acey_EYB86026.1	57.0	S	0.0
Trimur_TMUE_3000012690	Acey_EYB86026.1	57.0	S	0.0
Tnel_KRX20256.1	Acey_EYB86026.1	57.0	S	0.0
Tbri_KRY47478.1	Otip_Oti_326_t	57.0	S	0.0
Tsui_KHJ45102.1	Otip_Oti_326_t	57.0	S	0.0
Plae_KAI0984297.1	Otip_Oti_326_t	57.0	S	0.0
Tnat_KRZ50470.1	Otip_Oti_326_t	57.0	S	0.0
Tnel_KRX20255.1	Otip_Oti_326_t	57.0	S	0.0
Plae_KAI0984298.1	Otip_Oti_326_t	57.0	S	0.0
Trimur_TMUE_0000000640	Otip_Oti_326_t	57.0	S	0.0
Tspi_XP_003380167.1	Otip_Oti_326_t	57.0	S	0.0
Ttri_CDW53161.1	Otip_Oti_326_t	57.0	S	0.0
Tspi_XP_003368987.1	Otip_Oti_326_t	57.0	S	0.0
Trimur_TMUE_3000012690	Otip_Oti_326_t	57.0	S	0.0
Tnel_KRX20256.1	Otip_Oti_326_t	57.0	S	0.0
Tbri_KRY47478.1	Srat_XP_024508351.1	57.0	S	0.0
Tsui_KHJ45102.1	Srat_XP_024508351.1	57.0	S	0.0
Plae_KAI0984297.1	Srat_XP_024508351.1	57.0	S	0.0
Tnat_KRZ50470.1	Srat_XP_024508351.1	57.0	S	0.0
Tnel_KRX20255.1	Srat_XP_024508351.1	57.0	S	0.0
Plae_KAI0984298.1	Srat_XP_024508351.1	57.0	S	0.0
Trimur_TMUE_0000000640	Srat_XP_024508351.1	57.0	S	0.0
Tspi_XP_003380167.1	Srat_XP_024508351.1	57.0	S	0.0
Ttri_CDW53161.1	Srat_XP_024508351.1	57.0	S	0.0
Tspi_XP_003368987.1	Srat_XP_024508351.1	57.0	S	0.0
Trimur_TMUE_3000012690	Srat_XP_024508351.1	57.0	S	0.0
Tnel_KRX20256.1	Srat_XP_024508351.1	57.0	S	0.0
Tbri_KRY47478.1	Ever_VDD93866.1	57.0	S	0.0
Tsui_KHJ45102.1	Ever_VDD93866.1	57.0	S	0.0
Plae_KAI0984297.1	Ever_VDD93866.1	57.0	S	0.0
Tnat_KRZ50470.1	Ever_VDD93866.1	57.0	S	0.0
Tnel_KRX20255.1	Ever_VDD93866.1	57.0	S	0.0
Plae_KAI0984298.1	Ever_VDD93866.1	57.0	S	0.0
Trimur_TMUE_0000000640	Ever_VDD93866.1	57.0	S	0.0
Tspi_XP_003380167.1	Ever_VDD93866.1	57.0	S	0.0
Ttri_CDW53161.1	Ever_VDD93866.1	57.0	S	0.0
Tspi_XP_003368987.1	Ever_VDD93866.1	57.0	S	0.0
Trimur_TMUE_3000012690	Ever_VDD93866.1	57.0	S	0.0
Tnel_KRX20256.1	Ever_VDD93866.1	57.0	S	0.0
Tbri_KRY47478.1	Asuu_AgB01_g822_t02	57.0	S	0.0
Tsui_KHJ45102.1	Asuu_AgB01_g822_t02	57.0	S	0.0
Plae_KAI0984297.1	Asuu_AgB01_g822_t02	57.0	S	0.0
Tnat_KRZ50470.1	Asuu_AgB01_g822_t02	57.0	S	0.0
Tnel_KRX20255.1	Asuu_AgB01_g822_t02	57.0	S	0.0
Plae_KAI0984298.1	Asuu_AgB01_g822_t02	57.0	S	0.0
Trimur_TMUE_0000000640	Asuu_AgB01_g822_t02	57.0	S	0.0
Tspi_XP_003380167.1	Asuu_AgB01_g822_t02	57.0	S	0.0
Ttri_CDW53161.1	Asuu_AgB01_g822_t02	57.0	S	0.0
Tspi_XP_003368987.1	Asuu_AgB01_g822_t02	57.0	S	0.0
Trimur_TMUE_3000012690	Asuu_AgB01_g822_t02	57.0	S	0.0
Tnel_KRX20256.1	Asuu_AgB01_g822_t02	57.0	S	0.0
Tbri_KRY47478.1	Bmal_XP_001897040.1	57.0	S	0.0
Tsui_KHJ45102.1	Bmal_XP_001897040.1	57.0	S	0.0
Plae_KAI0984297.1	Bmal_XP_001897040.1	57.0	S	0.0
Tnat_KRZ50470.1	Bmal_XP_001897040.1	57.0	S	0.0
Tnel_KRX20255.1	Bmal_XP_001897040.1	57.0	S	0.0
Plae_KAI0984298.1	Bmal_XP_001897040.1	57.0	S	0.0
Trimur_TMUE_0000000640	Bmal_XP_001897040.1	57.0	S	0.0
Tspi_XP_003380167.1	Bmal_XP_001897040.1	57.0	S	0.0
Ttri_CDW53161.1	Bmal_XP_001897040.1	57.0	S	0.0
Tspi_XP_003368987.1	Bmal_XP_001897040.1	57.0	S	0.0
Trimur_TMUE_3000012690	Bmal_XP_001897040.1	57.0	S	0.0
Tnel_KRX20256.1	Bmal_XP_001897040.1	57.0	S	0.0
Tbri_KRY47478.1	Sypmur_SMUV_0000527301-mRNA-1	57.0	S	0.0
Tsui_KHJ45102.1	Sypmur_SMUV_0000527301-mRNA-1	57.0	S	0.0
Plae_KAI0984297.1	Sypmur_SMUV_0000527301-mRNA-1	57.0	S	0.0
Tnat_KRZ50470.1	Sypmur_SMUV_0000527301-mRNA-1	57.0	S	0.0
Tnel_KRX20255.1	Sypmur_SMUV_0000527301-mRNA-1	57.0	S	0.0
Plae_KAI0984298.1	Sypmur_SMUV_0000527301-mRNA-1	57.0	S	0.0
Trimur_TMUE_0000000640	Sypmur_SMUV_0000527301-mRNA-1	57.0	S	0.0
Tspi_XP_003380167.1	Sypmur_SMUV_0000527301-mRNA-1	57.0	S	0.0
Ttri_CDW53161.1	Sypmur_SMUV_0000527301-mRNA-1	57.0	S	0.0
Tspi_XP_003368987.1	Sypmur_SMUV_0000527301-mRNA-1	57.0	S	0.0
Trimur_TMUE_3000012690	Sypmur_SMUV_0000527301-mRNA-1	57.0	S	0.0
Tnel_KRX20256.1	Sypmur_SMUV_0000527301-mRNA-1	57.0	S	0.0
Tbri_KRY47478.1	Mbel_CAJ0964053.1	57.0	S	0.0
Tsui_KHJ45102.1	Mbel_CAJ0964053.1	57.0	S	0.0
Plae_KAI0984297.1	Mbel_CAJ0964053.1	57.0	S	0.0
Tnat_KRZ50470.1	Mbel_CAJ0964053.1	57.0	S	0.0
Tnel_KRX20255.1	Mbel_CAJ0964053.1	57.0	S	0.0
Plae_KAI0984298.1	Mbel_CAJ0964053.1	57.0	S	0.0
Trimur_TMUE_0000000640	Mbel_CAJ0964053.1	57.0	S	0.0
Tspi_XP_003380167.1	Mbel_CAJ0964053.1	57.0	S	0.0
Ttri_CDW53161.1	Mbel_CAJ0964053.1	57.0	S	0.0
Tspi_XP_003368987.1	Mbel_CAJ0964053.1	57.0	S	0.0
Trimur_TMUE_3000012690	Mbel_CAJ0964053.1	57.0	S	0.0
Tnel_KRX20256.1	Mbel_CAJ0964053.1	57.0	S	0.0
Tbri_KRY47478.1	Asuu_AgB01_g822_t05	57.0	S	0.0
Tsui_KHJ45102.1	Asuu_AgB01_g822_t05	57.0	S	0.0
Plae_KAI0984297.1	Asuu_AgB01_g822_t05	57.0	S	0.0
Tnat_KRZ50470.1	Asuu_AgB01_g822_t05	57.0	S	0.0
Tnel_KRX20255.1	Asuu_AgB01_g822_t05	57.0	S	0.0
Plae_KAI0984298.1	Asuu_AgB01_g822_t05	57.0	S	0.0
Trimur_TMUE_0000000640	Asuu_AgB01_g822_t05	57.0	S	0.0
Tspi_XP_003380167.1	Asuu_AgB01_g822_t05	57.0	S	0.0
Ttri_CDW53161.1	Asuu_AgB01_g822_t05	57.0	S	0.0
Tspi_XP_003368987.1	Asuu_AgB01_g822_t05	57.0	S	0.0
Trimur_TMUE_3000012690	Asuu_AgB01_g822_t05	57.0	S	0.0
Tnel_KRX20256.1	Asuu_AgB01_g822_t05	57.0	S	0.0
Tbri_KRY47478.1	Hpol_VDP19018.1	57.0	S	0.0
Tsui_KHJ45102.1	Hpol_VDP19018.1	57.0	S	0.0
Plae_KAI0984297.1	Hpol_VDP19018.1	57.0	S	0.0
Tnat_KRZ50470.1	Hpol_VDP19018.1	57.0	S	0.0
Tnel_KRX20255.1	Hpol_VDP19018.1	57.0	S	0.0
Plae_KAI0984298.1	Hpol_VDP19018.1	57.0	S	0.0
Trimur_TMUE_0000000640	Hpol_VDP19018.1	57.0	S	0.0
Tspi_XP_003380167.1	Hpol_VDP19018.1	57.0	S	0.0
Ttri_CDW53161.1	Hpol_VDP19018.1	57.0	S	0.0
Tspi_XP_003368987.1	Hpol_VDP19018.1	57.0	S	0.0
Trimur_TMUE_3000012690	Hpol_VDP19018.1	57.0	S	0.0
Tnel_KRX20256.1	Hpol_VDP19018.1	57.0	S	0.0
Tbri_KRY47478.1	Ovol_OVOC3662	57.0	S	0.0
Tsui_KHJ45102.1	Ovol_OVOC3662	57.0	S	0.0
Plae_KAI0984297.1	Ovol_OVOC3662	57.0	S	0.0
Tnat_KRZ50470.1	Ovol_OVOC3662	57.0	S	0.0
Tnel_KRX20255.1	Ovol_OVOC3662	57.0	S	0.0
Plae_KAI0984298.1	Ovol_OVOC3662	57.0	S	0.0
Trimur_TMUE_0000000640	Ovol_OVOC3662	57.0	S	0.0
Tspi_XP_003380167.1	Ovol_OVOC3662	57.0	S	0.0
Ttri_CDW53161.1	Ovol_OVOC3662	57.0	S	0.0
Tspi_XP_003368987.1	Ovol_OVOC3662	57.0	S	0.0
Trimur_TMUE_3000012690	Ovol_OVOC3662	57.0	S	0.0
Tnel_KRX20256.1	Ovol_OVOC3662	57.0	S	0.0
Tbri_KRY47478.1	Cele_NP_505831.1	57.0	S	0.0
Tsui_KHJ45102.1	Cele_NP_505831.1	57.0	S	0.0
Plae_KAI0984297.1	Cele_NP_505831.1	57.0	S	0.0
Tnat_KRZ50470.1	Cele_NP_505831.1	57.0	S	0.0
Tnel_KRX20255.1	Cele_NP_505831.1	57.0	S	0.0
Plae_KAI0984298.1	Cele_NP_505831.1	57.0	S	0.0
Trimur_TMUE_0000000640	Cele_NP_505831.1	57.0	S	0.0
Tspi_XP_003380167.1	Cele_NP_505831.1	57.0	S	0.0
Ttri_CDW53161.1	Cele_NP_505831.1	57.0	S	0.0
Tspi_XP_003368987.1	Cele_NP_505831.1	57.0	S	0.0
Trimur_TMUE_3000012690	Cele_NP_505831.1	57.0	S	0.0
Tnel_KRX20256.1	Cele_NP_505831.1	57.0	S	0.0
Tbri_KRY47478.1	Mhap_MhA1_Contig1994.frz3.gene4	57.0	S	0.0
Tsui_KHJ45102.1	Mhap_MhA1_Contig1994.frz3.gene4	57.0	S	0.0
Plae_KAI0984297.1	Mhap_MhA1_Contig1994.frz3.gene4	57.0	S	0.0
Tnat_KRZ50470.1	Mhap_MhA1_Contig1994.frz3.gene4	57.0	S	0.0
Tnel_KRX20255.1	Mhap_MhA1_Contig1994.frz3.gene4	57.0	S	0.0
Plae_KAI0984298.1	Mhap_MhA1_Contig1994.frz3.gene4	57.0	S	0.0
Trimur_TMUE_0000000640	Mhap_MhA1_Contig1994.frz3.gene4	57.0	S	0.0
Tspi_XP_003380167.1	Mhap_MhA1_Contig1994.frz3.gene4	57.0	S	0.0
Ttri_CDW53161.1	Mhap_MhA1_Contig1994.frz3.gene4	57.0	S	0.0
Tspi_XP_003368987.1	Mhap_MhA1_Contig1994.frz3.gene4	57.0	S	0.0
Trimur_TMUE_3000012690	Mhap_MhA1_Contig1994.frz3.gene4	57.0	S	0.0
Tnel_KRX20256.1	Mhap_MhA1_Contig1994.frz3.gene4	57.0	S	0.0
Tbri_KRY47478.1	Mjap_MIJAPON000006756.t1	57.0	S	0.0
Tsui_KHJ45102.1	Mjap_MIJAPON000006756.t1	57.0	S	0.0
Plae_KAI0984297.1	Mjap_MIJAPON000006756.t1	57.0	S	0.0
Tnat_KRZ50470.1	Mjap_MIJAPON000006756.t1	57.0	S	0.0
Tnel_KRX20255.1	Mjap_MIJAPON000006756.t1	57.0	S	0.0
Plae_KAI0984298.1	Mjap_MIJAPON000006756.t1	57.0	S	0.0
Trimur_TMUE_0000000640	Mjap_MIJAPON000006756.t1	57.0	S	0.0
Tspi_XP_003380167.1	Mjap_MIJAPON000006756.t1	57.0	S	0.0
Ttri_CDW53161.1	Mjap_MIJAPON000006756.t1	57.0	S	0.0
Tspi_XP_003368987.1	Mjap_MIJAPON000006756.t1	57.0	S	0.0
Trimur_TMUE_3000012690	Mjap_MIJAPON000006756.t1	57.0	S	0.0
Tnel_KRX20256.1	Mjap_MIJAPON000006756.t1	57.0	S	0.0
Tbri_KRY47478.1	Bxyl_CAG9128521.1	57.0	S	0.0
Tsui_KHJ45102.1	Bxyl_CAG9128521.1	57.0	S	0.0
Plae_KAI0984297.1	Bxyl_CAG9128521.1	57.0	S	0.0
Tnat_KRZ50470.1	Bxyl_CAG9128521.1	57.0	S	0.0
Tnel_KRX20255.1	Bxyl_CAG9128521.1	57.0	S	0.0
Plae_KAI0984298.1	Bxyl_CAG9128521.1	57.0	S	0.0
Trimur_TMUE_0000000640	Bxyl_CAG9128521.1	57.0	S	0.0
Tspi_XP_003380167.1	Bxyl_CAG9128521.1	57.0	S	0.0
Ttri_CDW53161.1	Bxyl_CAG9128521.1	57.0	S	0.0
Tspi_XP_003368987.1	Bxyl_CAG9128521.1	57.0	S	0.0
Trimur_TMUE_3000012690	Bxyl_CAG9128521.1	57.0	S	0.0
Tnel_KRX20256.1	Bxyl_CAG9128521.1	57.0	S	0.0
Tbri_KRY47478.1	Asuu_AgB01_g822_t04	57.0	S	0.0
Tsui_KHJ45102.1	Asuu_AgB01_g822_t04	57.0	S	0.0
Plae_KAI0984297.1	Asuu_AgB01_g822_t04	57.0	S	0.0
Tnat_KRZ50470.1	Asuu_AgB01_g822_t04	57.0	S	0.0
Tnel_KRX20255.1	Asuu_AgB01_g822_t04	57.0	S	0.0
Plae_KAI0984298.1	Asuu_AgB01_g822_t04	57.0	S	0.0
Trimur_TMUE_0000000640	Asuu_AgB01_g822_t04	57.0	S	0.0
Tspi_XP_003380167.1	Asuu_AgB01_g822_t04	57.0	S	0.0
Ttri_CDW53161.1	Asuu_AgB01_g822_t04	57.0	S	0.0
Tspi_XP_003368987.1	Asuu_AgB01_g822_t04	57.0	S	0.0
Trimur_TMUE_3000012690	Asuu_AgB01_g822_t04	57.0	S	0.0
Tnel_KRX20256.1	Asuu_AgB01_g822_t04	57.0	S	0.0
Tbri_KRY47478.1	Wban_VDM22157.1	57.0	S	0.0
Tsui_KHJ45102.1	Wban_VDM22157.1	57.0	S	0.0
Plae_KAI0984297.1	Wban_VDM22157.1	57.0	S	0.0
Tnat_KRZ50470.1	Wban_VDM22157.1	57.0	S	0.0
Tnel_KRX20255.1	Wban_VDM22157.1	57.0	S	0.0
Plae_KAI0984298.1	Wban_VDM22157.1	57.0	S	0.0
Trimur_TMUE_0000000640	Wban_VDM22157.1	57.0	S	0.0
Tspi_XP_003380167.1	Wban_VDM22157.1	57.0	S	0.0
Ttri_CDW53161.1	Wban_VDM22157.1	57.0	S	0.0
Tspi_XP_003368987.1	Wban_VDM22157.1	57.0	S	0.0
Trimur_TMUE_3000012690	Wban_VDM22157.1	57.0	S	0.0
Tnel_KRX20256.1	Wban_VDM22157.1	57.0	S	0.0
Tbri_KRY47478.1	Ddip_jg26521	57.0	S	0.0
Tsui_KHJ45102.1	Ddip_jg26521	57.0	S	0.0
Plae_KAI0984297.1	Ddip_jg26521	57.0	S	0.0
Tnat_KRZ50470.1	Ddip_jg26521	57.0	S	0.0
Tnel_KRX20255.1	Ddip_jg26521	57.0	S	0.0
Plae_KAI0984298.1	Ddip_jg26521	57.0	S	0.0
Trimur_TMUE_0000000640	Ddip_jg26521	57.0	S	0.0
Tspi_XP_003380167.1	Ddip_jg26521	57.0	S	0.0
Ttri_CDW53161.1	Ddip_jg26521	57.0	S	0.0
Tspi_XP_003368987.1	Ddip_jg26521	57.0	S	0.0
Trimur_TMUE_3000012690	Ddip_jg26521	57.0	S	0.0
Tnel_KRX20256.1	Ddip_jg26521	57.0	S	0.0
Tbri_KRY47478.1	Gpal_Gpal_D383_g00500.t1	57.0	S	0.0
Tsui_KHJ45102.1	Gpal_Gpal_D383_g00500.t1	57.0	S	0.0
Plae_KAI0984297.1	Gpal_Gpal_D383_g00500.t1	57.0	S	0.0
Tnat_KRZ50470.1	Gpal_Gpal_D383_g00500.t1	57.0	S	0.0
Tnel_KRX20255.1	Gpal_Gpal_D383_g00500.t1	57.0	S	0.0
Plae_KAI0984298.1	Gpal_Gpal_D383_g00500.t1	57.0	S	0.0
Trimur_TMUE_0000000640	Gpal_Gpal_D383_g00500.t1	57.0	S	0.0
Tspi_XP_003380167.1	Gpal_Gpal_D383_g00500.t1	57.0	S	0.0
Ttri_CDW53161.1	Gpal_Gpal_D383_g00500.t1	57.0	S	0.0
Tspi_XP_003368987.1	Gpal_Gpal_D383_g00500.t1	57.0	S	0.0
Trimur_TMUE_3000012690	Gpal_Gpal_D383_g00500.t1	57.0	S	0.0
Tnel_KRX20256.1	Gpal_Gpal_D383_g00500.t1	57.0	S	0.0
Tbri_KRY47478.1	Hcon_XGW18520.1	57.0	S	0.0
Tsui_KHJ45102.1	Hcon_XGW18520.1	57.0	S	0.0
Plae_KAI0984297.1	Hcon_XGW18520.1	57.0	S	0.0
Tnat_KRZ50470.1	Hcon_XGW18520.1	57.0	S	0.0
Tnel_KRX20255.1	Hcon_XGW18520.1	57.0	S	0.0
Plae_KAI0984298.1	Hcon_XGW18520.1	57.0	S	0.0
Trimur_TMUE_0000000640	Hcon_XGW18520.1	57.0	S	0.0
Tspi_XP_003380167.1	Hcon_XGW18520.1	57.0	S	0.0
Ttri_CDW53161.1	Hcon_XGW18520.1	57.0	S	0.0
Tspi_XP_003368987.1	Hcon_XGW18520.1	57.0	S	0.0
Trimur_TMUE_3000012690	Hcon_XGW18520.1	57.0	S	0.0
Tnel_KRX20256.1	Hcon_XGW18520.1	57.0	S	0.0
Tbri_KRY47478.1	Diplco_DCO_001492	57.0	S	0.0
Tsui_KHJ45102.1	Diplco_DCO_001492	57.0	S	0.0
Plae_KAI0984297.1	Diplco_DCO_001492	57.0	S	0.0
Tnat_KRZ50470.1	Diplco_DCO_001492	57.0	S	0.0
Tnel_KRX20255.1	Diplco_DCO_001492	57.0	S	0.0
Plae_KAI0984298.1	Diplco_DCO_001492	57.0	S	0.0
Trimur_TMUE_0000000640	Diplco_DCO_001492	57.0	S	0.0
Tspi_XP_003380167.1	Diplco_DCO_001492	57.0	S	0.0
Ttri_CDW53161.1	Diplco_DCO_001492	57.0	S	0.0
Tspi_XP_003368987.1	Diplco_DCO_001492	57.0	S	0.0
Trimur_TMUE_3000012690	Diplco_DCO_001492	57.0	S	0.0
Tnel_KRX20256.1	Diplco_DCO_001492	57.0	S	0.0
Tbri_KRY47478.1	Scar_TKR80642.1	57.0	S	0.0
Tsui_KHJ45102.1	Scar_TKR80642.1	57.0	S	0.0
Plae_KAI0984297.1	Scar_TKR80642.1	57.0	S	0.0
Tnat_KRZ50470.1	Scar_TKR80642.1	57.0	S	0.0
Tnel_KRX20255.1	Scar_TKR80642.1	57.0	S	0.0
Plae_KAI0984298.1	Scar_TKR80642.1	57.0	S	0.0
Trimur_TMUE_0000000640	Scar_TKR80642.1	57.0	S	0.0
Tspi_XP_003380167.1	Scar_TKR80642.1	57.0	S	0.0
Ttri_CDW53161.1	Scar_TKR80642.1	57.0	S	0.0
Tspi_XP_003368987.1	Scar_TKR80642.1	57.0	S	0.0
Trimur_TMUE_3000012690	Scar_TKR80642.1	57.0	S	0.0
Tnel_KRX20256.1	Scar_TKR80642.1	57.0	S	0.0
Tbri_KRY47478.1	Diplco_DCO_001490	57.0	S	0.0
Tsui_KHJ45102.1	Diplco_DCO_001490	57.0	S	0.0
Plae_KAI0984297.1	Diplco_DCO_001490	57.0	S	0.0
Tnat_KRZ50470.1	Diplco_DCO_001490	57.0	S	0.0
Tnel_KRX20255.1	Diplco_DCO_001490	57.0	S	0.0
Plae_KAI0984298.1	Diplco_DCO_001490	57.0	S	0.0
Trimur_TMUE_0000000640	Diplco_DCO_001490	57.0	S	0.0
Tspi_XP_003380167.1	Diplco_DCO_001490	57.0	S	0.0
Ttri_CDW53161.1	Diplco_DCO_001490	57.0	S	0.0
Tspi_XP_003368987.1	Diplco_DCO_001490	57.0	S	0.0
Trimur_TMUE_3000012690	Diplco_DCO_001490	57.0	S	0.0
Tnel_KRX20256.1	Diplco_DCO_001490	57.0	S	0.0
Tbri_KRY47478.1	Angcan_KAE9418089.1	57.0	S	0.0
Tsui_KHJ45102.1	Angcan_KAE9418089.1	57.0	S	0.0
Plae_KAI0984297.1	Angcan_KAE9418089.1	57.0	S	0.0
Tnat_KRZ50470.1	Angcan_KAE9418089.1	57.0	S	0.0
Tnel_KRX20255.1	Angcan_KAE9418089.1	57.0	S	0.0
Plae_KAI0984298.1	Angcan_KAE9418089.1	57.0	S	0.0
Trimur_TMUE_0000000640	Angcan_KAE9418089.1	57.0	S	0.0
Tspi_XP_003380167.1	Angcan_KAE9418089.1	57.0	S	0.0
Ttri_CDW53161.1	Angcan_KAE9418089.1	57.0	S	0.0
Tspi_XP_003368987.1	Angcan_KAE9418089.1	57.0	S	0.0
Trimur_TMUE_3000012690	Angcan_KAE9418089.1	57.0	S	0.0
Tnel_KRX20256.1	Angcan_KAE9418089.1	57.0	S	0.0
Tbri_KRY47478.1	Priarc_PARCANUS000014441.t1	57.0	S	0.0
Tsui_KHJ45102.1	Priarc_PARCANUS000014441.t1	57.0	S	0.0
Plae_KAI0984297.1	Priarc_PARCANUS000014441.t1	57.0	S	0.0
Tnat_KRZ50470.1	Priarc_PARCANUS000014441.t1	57.0	S	0.0
Tnel_KRX20255.1	Priarc_PARCANUS000014441.t1	57.0	S	0.0
Plae_KAI0984298.1	Priarc_PARCANUS000014441.t1	57.0	S	0.0
Trimur_TMUE_0000000640	Priarc_PARCANUS000014441.t1	57.0	S	0.0
Tspi_XP_003380167.1	Priarc_PARCANUS000014441.t1	57.0	S	0.0
Ttri_CDW53161.1	Priarc_PARCANUS000014441.t1	57.0	S	0.0
Tspi_XP_003368987.1	Priarc_PARCANUS000014441.t1	57.0	S	0.0
Trimur_TMUE_3000012690	Priarc_PARCANUS000014441.t1	57.0	S	0.0
Tnel_KRX20256.1	Priarc_PARCANUS000014441.t1	57.0	S	0.0
Dmel_NP_612063.2	Dmel_NP_001261225.1	100.0	D	1.0
Bmor_XP_021207491.2	Agrpla_XP_018331764.2	85.0	S	0.0
Bmor_XP_021207491.2	Apimel_XP_026296208.1	85.0	S	0.0
Bmor_XP_021207491.2	Apimel_XP_026296209.1	85.0	S	0.0
Awhi_Unigene29846_Abeoforma_whisleri|m.18337	Lcom_lcpid51678|	87.0	S	0.0
Pgem_Unigene20972_Pirum_gemmata|m.13675	Lcom_lcpid51678|	87.0	S	0.0
Awhi_Unigene29846_Abeoforma_whisleri|m.18337	Lcom_lcpid115304|	87.0	S	0.0
Pgem_Unigene20972_Pirum_gemmata|m.13675	Lcom_lcpid115304|	87.0	S	0.0
Awhi_Unigene29846_Abeoforma_whisleri|m.18337	Scil_XP_065185214.1	87.0	S	0.0
Pgem_Unigene20972_Pirum_gemmata|m.13675	Scil_XP_065185214.1	87.0	S	0.0
Awhi_Unigene29846_Abeoforma_whisleri|m.18337	Lcom_lcpid67550|	87.0	S	0.0
Pgem_Unigene20972_Pirum_gemmata|m.13675	Lcom_lcpid67550|	87.0	S	0.0
Pigchi_Pchi_g4251	Skow_XP_006813260.1	63.0	S	0.0
Emue_Em0011g644a	Skow_XP_006813260.1	63.0	S	0.0
Pvan_XP_069991586.1	Skow_XP_006813260.1	63.0	S	0.0
Pvan_XP_069991585.1	Skow_XP_006813260.1	63.0	S	0.0
Tadh_XP_002109881.1	Skow_XP_006813260.1	63.0	S	0.0
Pigvie_Pvie_g14601	Skow_XP_006813260.1	63.0	S	0.0
Twil_T_wilhelma_c33435_g2_i2|m.55195	Skow_XP_006813260.1	63.0	S	0.0
Aque_XP_019853293.1	Skow_XP_006813260.1	63.0	S	0.0
Dpul_XP_046461813.1	Skow_XP_006813260.1	63.0	S	0.0
Cper_Nk52_evm66s2367	Skow_XP_006813260.1	63.0	S	0.0
Avag_UJR16219.1	Skow_XP_006813260.1	63.0	S	0.0
Pigchi_Pchi_g4251	Xtro_NP_001121525.1	63.0	S	0.0
Emue_Em0011g644a	Xtro_NP_001121525.1	63.0	S	0.0
Pvan_XP_069991586.1	Xtro_NP_001121525.1	63.0	S	0.0
Pvan_XP_069991585.1	Xtro_NP_001121525.1	63.0	S	0.0
Tadh_XP_002109881.1	Xtro_NP_001121525.1	63.0	S	0.0
Pigvie_Pvie_g14601	Xtro_NP_001121525.1	63.0	S	0.0
Twil_T_wilhelma_c33435_g2_i2|m.55195	Xtro_NP_001121525.1	63.0	S	0.0
Aque_XP_019853293.1	Xtro_NP_001121525.1	63.0	S	0.0
Dpul_XP_046461813.1	Xtro_NP_001121525.1	63.0	S	0.0
Cper_Nk52_evm66s2367	Xtro_NP_001121525.1	63.0	S	0.0
Avag_UJR16219.1	Xtro_NP_001121525.1	63.0	S	0.0
Pigchi_Pchi_g4251	Ggal_XP_025010992.2	63.0	S	0.0
Emue_Em0011g644a	Ggal_XP_025010992.2	63.0	S	0.0
Pvan_XP_069991586.1	Ggal_XP_025010992.2	63.0	S	0.0
Pvan_XP_069991585.1	Ggal_XP_025010992.2	63.0	S	0.0
Tadh_XP_002109881.1	Ggal_XP_025010992.2	63.0	S	0.0
Pigvie_Pvie_g14601	Ggal_XP_025010992.2	63.0	S	0.0
Twil_T_wilhelma_c33435_g2_i2|m.55195	Ggal_XP_025010992.2	63.0	S	0.0
Aque_XP_019853293.1	Ggal_XP_025010992.2	63.0	S	0.0
Dpul_XP_046461813.1	Ggal_XP_025010992.2	63.0	S	0.0
Cper_Nk52_evm66s2367	Ggal_XP_025010992.2	63.0	S	0.0
Avag_UJR16219.1	Ggal_XP_025010992.2	63.0	S	0.0
Pigchi_Pchi_g4251	Lpol_XP_022241372.1	63.0	S	0.0
Emue_Em0011g644a	Lpol_XP_022241372.1	63.0	S	0.0
Pvan_XP_069991586.1	Lpol_XP_022241372.1	63.0	S	0.0
Pvan_XP_069991585.1	Lpol_XP_022241372.1	63.0	S	0.0
Tadh_XP_002109881.1	Lpol_XP_022241372.1	63.0	S	0.0
Pigvie_Pvie_g14601	Lpol_XP_022241372.1	63.0	S	0.0
Twil_T_wilhelma_c33435_g2_i2|m.55195	Lpol_XP_022241372.1	63.0	S	0.0
Aque_XP_019853293.1	Lpol_XP_022241372.1	63.0	S	0.0
Dpul_XP_046461813.1	Lpol_XP_022241372.1	63.0	S	0.0
Cper_Nk52_evm66s2367	Lpol_XP_022241372.1	63.0	S	0.0
Avag_UJR16219.1	Lpol_XP_022241372.1	63.0	S	0.0
Pigchi_Pchi_g4251	Drer_NP_001103339.2	63.0	S	0.0
Emue_Em0011g644a	Drer_NP_001103339.2	63.0	S	0.0
Pvan_XP_069991586.1	Drer_NP_001103339.2	63.0	S	0.0
Pvan_XP_069991585.1	Drer_NP_001103339.2	63.0	S	0.0
Tadh_XP_002109881.1	Drer_NP_001103339.2	63.0	S	0.0
Pigvie_Pvie_g14601	Drer_NP_001103339.2	63.0	S	0.0
Twil_T_wilhelma_c33435_g2_i2|m.55195	Drer_NP_001103339.2	63.0	S	0.0
Aque_XP_019853293.1	Drer_NP_001103339.2	63.0	S	0.0
Dpul_XP_046461813.1	Drer_NP_001103339.2	63.0	S	0.0
Cper_Nk52_evm66s2367	Drer_NP_001103339.2	63.0	S	0.0
Avag_UJR16219.1	Drer_NP_001103339.2	63.0	S	0.0
Pigchi_Pchi_g4251	Hsap_XP_047290613.1	63.0	S	0.0
Emue_Em0011g644a	Hsap_XP_047290613.1	63.0	S	0.0
Pvan_XP_069991586.1	Hsap_XP_047290613.1	63.0	S	0.0
Pvan_XP_069991585.1	Hsap_XP_047290613.1	63.0	S	0.0
Tadh_XP_002109881.1	Hsap_XP_047290613.1	63.0	S	0.0
Pigvie_Pvie_g14601	Hsap_XP_047290613.1	63.0	S	0.0
Twil_T_wilhelma_c33435_g2_i2|m.55195	Hsap_XP_047290613.1	63.0	S	0.0
Aque_XP_019853293.1	Hsap_XP_047290613.1	63.0	S	0.0
Dpul_XP_046461813.1	Hsap_XP_047290613.1	63.0	S	0.0
Cper_Nk52_evm66s2367	Hsap_XP_047290613.1	63.0	S	0.0
Avag_UJR16219.1	Hsap_XP_047290613.1	63.0	S	0.0
Pigchi_Pchi_g4251	Lana_XP_013411836.1	63.0	S	0.0
Emue_Em0011g644a	Lana_XP_013411836.1	63.0	S	0.0
Pvan_XP_069991586.1	Lana_XP_013411836.1	63.0	S	0.0
Pvan_XP_069991585.1	Lana_XP_013411836.1	63.0	S	0.0
Tadh_XP_002109881.1	Lana_XP_013411836.1	63.0	S	0.0
Pigvie_Pvie_g14601	Lana_XP_013411836.1	63.0	S	0.0
Twil_T_wilhelma_c33435_g2_i2|m.55195	Lana_XP_013411836.1	63.0	S	0.0
Aque_XP_019853293.1	Lana_XP_013411836.1	63.0	S	0.0
Dpul_XP_046461813.1	Lana_XP_013411836.1	63.0	S	0.0
Cper_Nk52_evm66s2367	Lana_XP_013411836.1	63.0	S	0.0
Avag_UJR16219.1	Lana_XP_013411836.1	63.0	S	0.0
Pigchi_Pchi_g4251	Ggal_XP_004945335.2	63.0	S	0.0
Emue_Em0011g644a	Ggal_XP_004945335.2	63.0	S	0.0
Pvan_XP_069991586.1	Ggal_XP_004945335.2	63.0	S	0.0
Pvan_XP_069991585.1	Ggal_XP_004945335.2	63.0	S	0.0
Tadh_XP_002109881.1	Ggal_XP_004945335.2	63.0	S	0.0
Pigvie_Pvie_g14601	Ggal_XP_004945335.2	63.0	S	0.0
Twil_T_wilhelma_c33435_g2_i2|m.55195	Ggal_XP_004945335.2	63.0	S	0.0
Aque_XP_019853293.1	Ggal_XP_004945335.2	63.0	S	0.0
Dpul_XP_046461813.1	Ggal_XP_004945335.2	63.0	S	0.0
Cper_Nk52_evm66s2367	Ggal_XP_004945335.2	63.0	S	0.0
Avag_UJR16219.1	Ggal_XP_004945335.2	63.0	S	0.0
Pigchi_Pchi_g4251	Hsap_XP_047290610.1	63.0	S	0.0
Emue_Em0011g644a	Hsap_XP_047290610.1	63.0	S	0.0
Pvan_XP_069991586.1	Hsap_XP_047290610.1	63.0	S	0.0
Pvan_XP_069991585.1	Hsap_XP_047290610.1	63.0	S	0.0
Tadh_XP_002109881.1	Hsap_XP_047290610.1	63.0	S	0.0
Pigvie_Pvie_g14601	Hsap_XP_047290610.1	63.0	S	0.0
Twil_T_wilhelma_c33435_g2_i2|m.55195	Hsap_XP_047290610.1	63.0	S	0.0
Aque_XP_019853293.1	Hsap_XP_047290610.1	63.0	S	0.0
Dpul_XP_046461813.1	Hsap_XP_047290610.1	63.0	S	0.0
Cper_Nk52_evm66s2367	Hsap_XP_047290610.1	63.0	S	0.0
Avag_UJR16219.1	Hsap_XP_047290610.1	63.0	S	0.0
Pigchi_Pchi_g4251	Drer_XP_068072685.1	63.0	S	0.0
Emue_Em0011g644a	Drer_XP_068072685.1	63.0	S	0.0
Pvan_XP_069991586.1	Drer_XP_068072685.1	63.0	S	0.0
Pvan_XP_069991585.1	Drer_XP_068072685.1	63.0	S	0.0
Tadh_XP_002109881.1	Drer_XP_068072685.1	63.0	S	0.0
Pigvie_Pvie_g14601	Drer_XP_068072685.1	63.0	S	0.0
Twil_T_wilhelma_c33435_g2_i2|m.55195	Drer_XP_068072685.1	63.0	S	0.0
Aque_XP_019853293.1	Drer_XP_068072685.1	63.0	S	0.0
Dpul_XP_046461813.1	Drer_XP_068072685.1	63.0	S	0.0
Cper_Nk52_evm66s2367	Drer_XP_068072685.1	63.0	S	0.0
Avag_UJR16219.1	Drer_XP_068072685.1	63.0	S	0.0
Pigchi_Pchi_g4251	Hsap_XP_047290612.1	63.0	S	0.0
Emue_Em0011g644a	Hsap_XP_047290612.1	63.0	S	0.0
Pvan_XP_069991586.1	Hsap_XP_047290612.1	63.0	S	0.0
Pvan_XP_069991585.1	Hsap_XP_047290612.1	63.0	S	0.0
Tadh_XP_002109881.1	Hsap_XP_047290612.1	63.0	S	0.0
Pigvie_Pvie_g14601	Hsap_XP_047290612.1	63.0	S	0.0
Twil_T_wilhelma_c33435_g2_i2|m.55195	Hsap_XP_047290612.1	63.0	S	0.0
Aque_XP_019853293.1	Hsap_XP_047290612.1	63.0	S	0.0
Dpul_XP_046461813.1	Hsap_XP_047290612.1	63.0	S	0.0
Cper_Nk52_evm66s2367	Hsap_XP_047290612.1	63.0	S	0.0
Avag_UJR16219.1	Hsap_XP_047290612.1	63.0	S	0.0
Pigchi_Pchi_g4251	Apla_XP_022085202.1	63.0	S	0.0
Emue_Em0011g644a	Apla_XP_022085202.1	63.0	S	0.0
Pvan_XP_069991586.1	Apla_XP_022085202.1	63.0	S	0.0
Pvan_XP_069991585.1	Apla_XP_022085202.1	63.0	S	0.0
Tadh_XP_002109881.1	Apla_XP_022085202.1	63.0	S	0.0
Pigvie_Pvie_g14601	Apla_XP_022085202.1	63.0	S	0.0
Twil_T_wilhelma_c33435_g2_i2|m.55195	Apla_XP_022085202.1	63.0	S	0.0
Aque_XP_019853293.1	Apla_XP_022085202.1	63.0	S	0.0
Dpul_XP_046461813.1	Apla_XP_022085202.1	63.0	S	0.0
Cper_Nk52_evm66s2367	Apla_XP_022085202.1	63.0	S	0.0
Avag_UJR16219.1	Apla_XP_022085202.1	63.0	S	0.0
Pigchi_Pchi_g4251	Hrob_XP_009019479.1	63.0	S	0.0
Emue_Em0011g644a	Hrob_XP_009019479.1	63.0	S	0.0
Pvan_XP_069991586.1	Hrob_XP_009019479.1	63.0	S	0.0
Pvan_XP_069991585.1	Hrob_XP_009019479.1	63.0	S	0.0
Tadh_XP_002109881.1	Hrob_XP_009019479.1	63.0	S	0.0
Pigvie_Pvie_g14601	Hrob_XP_009019479.1	63.0	S	0.0
Twil_T_wilhelma_c33435_g2_i2|m.55195	Hrob_XP_009019479.1	63.0	S	0.0
Aque_XP_019853293.1	Hrob_XP_009019479.1	63.0	S	0.0
Dpul_XP_046461813.1	Hrob_XP_009019479.1	63.0	S	0.0
Cper_Nk52_evm66s2367	Hrob_XP_009019479.1	63.0	S	0.0
Avag_UJR16219.1	Hrob_XP_009019479.1	63.0	S	0.0
Pigchi_Pchi_g4251	Hsap_NP_079049.2	63.0	S	0.0
Emue_Em0011g644a	Hsap_NP_079049.2	63.0	S	0.0
Pvan_XP_069991586.1	Hsap_NP_079049.2	63.0	S	0.0
Pvan_XP_069991585.1	Hsap_NP_079049.2	63.0	S	0.0
Tadh_XP_002109881.1	Hsap_NP_079049.2	63.0	S	0.0
Pigvie_Pvie_g14601	Hsap_NP_079049.2	63.0	S	0.0
Twil_T_wilhelma_c33435_g2_i2|m.55195	Hsap_NP_079049.2	63.0	S	0.0
Aque_XP_019853293.1	Hsap_NP_079049.2	63.0	S	0.0
Dpul_XP_046461813.1	Hsap_NP_079049.2	63.0	S	0.0
Cper_Nk52_evm66s2367	Hsap_NP_079049.2	63.0	S	0.0
Avag_UJR16219.1	Hsap_NP_079049.2	63.0	S	0.0
Pigchi_Pchi_g4251	Blan_XP_066295512.1	63.0	S	0.0
Emue_Em0011g644a	Blan_XP_066295512.1	63.0	S	0.0
Pvan_XP_069991586.1	Blan_XP_066295512.1	63.0	S	0.0
Pvan_XP_069991585.1	Blan_XP_066295512.1	63.0	S	0.0
Tadh_XP_002109881.1	Blan_XP_066295512.1	63.0	S	0.0
Pigvie_Pvie_g14601	Blan_XP_066295512.1	63.0	S	0.0
Twil_T_wilhelma_c33435_g2_i2|m.55195	Blan_XP_066295512.1	63.0	S	0.0
Aque_XP_019853293.1	Blan_XP_066295512.1	63.0	S	0.0
Dpul_XP_046461813.1	Blan_XP_066295512.1	63.0	S	0.0
Cper_Nk52_evm66s2367	Blan_XP_066295512.1	63.0	S	0.0
Avag_UJR16219.1	Blan_XP_066295512.1	63.0	S	0.0
Pigchi_Pchi_g4251	Hsap_XP_047290614.1	63.0	S	0.0
Emue_Em0011g644a	Hsap_XP_047290614.1	63.0	S	0.0
Pvan_XP_069991586.1	Hsap_XP_047290614.1	63.0	S	0.0
Pvan_XP_069991585.1	Hsap_XP_047290614.1	63.0	S	0.0
Tadh_XP_002109881.1	Hsap_XP_047290614.1	63.0	S	0.0
Pigvie_Pvie_g14601	Hsap_XP_047290614.1	63.0	S	0.0
Twil_T_wilhelma_c33435_g2_i2|m.55195	Hsap_XP_047290614.1	63.0	S	0.0
Aque_XP_019853293.1	Hsap_XP_047290614.1	63.0	S	0.0
Dpul_XP_046461813.1	Hsap_XP_047290614.1	63.0	S	0.0
Cper_Nk52_evm66s2367	Hsap_XP_047290614.1	63.0	S	0.0
Avag_UJR16219.1	Hsap_XP_047290614.1	63.0	S	0.0
Pigchi_Pchi_g4251	Hsap_NP_001138820.1	63.0	S	0.0
Emue_Em0011g644a	Hsap_NP_001138820.1	63.0	S	0.0
Pvan_XP_069991586.1	Hsap_NP_001138820.1	63.0	S	0.0
Pvan_XP_069991585.1	Hsap_NP_001138820.1	63.0	S	0.0
Tadh_XP_002109881.1	Hsap_NP_001138820.1	63.0	S	0.0
Pigvie_Pvie_g14601	Hsap_NP_001138820.1	63.0	S	0.0
Twil_T_wilhelma_c33435_g2_i2|m.55195	Hsap_NP_001138820.1	63.0	S	0.0
Aque_XP_019853293.1	Hsap_NP_001138820.1	63.0	S	0.0
Dpul_XP_046461813.1	Hsap_NP_001138820.1	63.0	S	0.0
Cper_Nk52_evm66s2367	Hsap_NP_001138820.1	63.0	S	0.0
Avag_UJR16219.1	Hsap_NP_001138820.1	63.0	S	0.0
Pigchi_Pchi_g4251	Lpol_XP_013774279.1	63.0	S	0.0
Emue_Em0011g644a	Lpol_XP_013774279.1	63.0	S	0.0
Pvan_XP_069991586.1	Lpol_XP_013774279.1	63.0	S	0.0
Pvan_XP_069991585.1	Lpol_XP_013774279.1	63.0	S	0.0
Tadh_XP_002109881.1	Lpol_XP_013774279.1	63.0	S	0.0
Pigvie_Pvie_g14601	Lpol_XP_013774279.1	63.0	S	0.0
Twil_T_wilhelma_c33435_g2_i2|m.55195	Lpol_XP_013774279.1	63.0	S	0.0
Aque_XP_019853293.1	Lpol_XP_013774279.1	63.0	S	0.0
Dpul_XP_046461813.1	Lpol_XP_013774279.1	63.0	S	0.0
Cper_Nk52_evm66s2367	Lpol_XP_013774279.1	63.0	S	0.0
Avag_UJR16219.1	Lpol_XP_013774279.1	63.0	S	0.0
Pigchi_Pchi_g4251	Ofus_CAH1779520.1	63.0	S	0.0
Emue_Em0011g644a	Ofus_CAH1779520.1	63.0	S	0.0
Pvan_XP_069991586.1	Ofus_CAH1779520.1	63.0	S	0.0
Pvan_XP_069991585.1	Ofus_CAH1779520.1	63.0	S	0.0
Tadh_XP_002109881.1	Ofus_CAH1779520.1	63.0	S	0.0
Pigvie_Pvie_g14601	Ofus_CAH1779520.1	63.0	S	0.0
Twil_T_wilhelma_c33435_g2_i2|m.55195	Ofus_CAH1779520.1	63.0	S	0.0
Aque_XP_019853293.1	Ofus_CAH1779520.1	63.0	S	0.0
Dpul_XP_046461813.1	Ofus_CAH1779520.1	63.0	S	0.0
Cper_Nk52_evm66s2367	Ofus_CAH1779520.1	63.0	S	0.0
Avag_UJR16219.1	Ofus_CAH1779520.1	63.0	S	0.0
Pigchi_Pchi_g4251	Spur_XP_030839602.1	63.0	S	0.0
Emue_Em0011g644a	Spur_XP_030839602.1	63.0	S	0.0
Pvan_XP_069991586.1	Spur_XP_030839602.1	63.0	S	0.0
Pvan_XP_069991585.1	Spur_XP_030839602.1	63.0	S	0.0
Tadh_XP_002109881.1	Spur_XP_030839602.1	63.0	S	0.0
Pigvie_Pvie_g14601	Spur_XP_030839602.1	63.0	S	0.0
Twil_T_wilhelma_c33435_g2_i2|m.55195	Spur_XP_030839602.1	63.0	S	0.0
Aque_XP_019853293.1	Spur_XP_030839602.1	63.0	S	0.0
Dpul_XP_046461813.1	Spur_XP_030839602.1	63.0	S	0.0
Cper_Nk52_evm66s2367	Spur_XP_030839602.1	63.0	S	0.0
Avag_UJR16219.1	Spur_XP_030839602.1	63.0	S	0.0
Pigchi_Pchi_g4251	Ggal_XP_414883.4	63.0	S	0.0
Emue_Em0011g644a	Ggal_XP_414883.4	63.0	S	0.0
Pvan_XP_069991586.1	Ggal_XP_414883.4	63.0	S	0.0
Pvan_XP_069991585.1	Ggal_XP_414883.4	63.0	S	0.0
Tadh_XP_002109881.1	Ggal_XP_414883.4	63.0	S	0.0
Pigvie_Pvie_g14601	Ggal_XP_414883.4	63.0	S	0.0
Twil_T_wilhelma_c33435_g2_i2|m.55195	Ggal_XP_414883.4	63.0	S	0.0
Aque_XP_019853293.1	Ggal_XP_414883.4	63.0	S	0.0
Dpul_XP_046461813.1	Ggal_XP_414883.4	63.0	S	0.0
Cper_Nk52_evm66s2367	Ggal_XP_414883.4	63.0	S	0.0
Avag_UJR16219.1	Ggal_XP_414883.4	63.0	S	0.0
Pigchi_Pchi_g4251	Cvir_XP_022338439.1	63.0	S	0.0
Emue_Em0011g644a	Cvir_XP_022338439.1	63.0	S	0.0
Pvan_XP_069991586.1	Cvir_XP_022338439.1	63.0	S	0.0
Pvan_XP_069991585.1	Cvir_XP_022338439.1	63.0	S	0.0
Tadh_XP_002109881.1	Cvir_XP_022338439.1	63.0	S	0.0
Pigvie_Pvie_g14601	Cvir_XP_022338439.1	63.0	S	0.0
Twil_T_wilhelma_c33435_g2_i2|m.55195	Cvir_XP_022338439.1	63.0	S	0.0
Aque_XP_019853293.1	Cvir_XP_022338439.1	63.0	S	0.0
Dpul_XP_046461813.1	Cvir_XP_022338439.1	63.0	S	0.0
Cper_Nk52_evm66s2367	Cvir_XP_022338439.1	63.0	S	0.0
Avag_UJR16219.1	Cvir_XP_022338439.1	63.0	S	0.0
Pigchi_Pchi_g4251	Lpol_XP_022241370.1	63.0	S	0.0
Emue_Em0011g644a	Lpol_XP_022241370.1	63.0	S	0.0
Pvan_XP_069991586.1	Lpol_XP_022241370.1	63.0	S	0.0
Pvan_XP_069991585.1	Lpol_XP_022241370.1	63.0	S	0.0
Tadh_XP_002109881.1	Lpol_XP_022241370.1	63.0	S	0.0
Pigvie_Pvie_g14601	Lpol_XP_022241370.1	63.0	S	0.0
Twil_T_wilhelma_c33435_g2_i2|m.55195	Lpol_XP_022241370.1	63.0	S	0.0
Aque_XP_019853293.1	Lpol_XP_022241370.1	63.0	S	0.0
Dpul_XP_046461813.1	Lpol_XP_022241370.1	63.0	S	0.0
Cper_Nk52_evm66s2367	Lpol_XP_022241370.1	63.0	S	0.0
Avag_UJR16219.1	Lpol_XP_022241370.1	63.0	S	0.0
Pigchi_Pchi_g4251	Obim_XP_014780508.1	63.0	S	0.0
Emue_Em0011g644a	Obim_XP_014780508.1	63.0	S	0.0
Pvan_XP_069991586.1	Obim_XP_014780508.1	63.0	S	0.0
Pvan_XP_069991585.1	Obim_XP_014780508.1	63.0	S	0.0
Tadh_XP_002109881.1	Obim_XP_014780508.1	63.0	S	0.0
Pigvie_Pvie_g14601	Obim_XP_014780508.1	63.0	S	0.0
Twil_T_wilhelma_c33435_g2_i2|m.55195	Obim_XP_014780508.1	63.0	S	0.0
Aque_XP_019853293.1	Obim_XP_014780508.1	63.0	S	0.0
Dpul_XP_046461813.1	Obim_XP_014780508.1	63.0	S	0.0
Cper_Nk52_evm66s2367	Obim_XP_014780508.1	63.0	S	0.0
Avag_UJR16219.1	Obim_XP_014780508.1	63.0	S	0.0
Pigchi_Pchi_g4251	Cscu_XP_023216044.1	63.0	S	0.0
Emue_Em0011g644a	Cscu_XP_023216044.1	63.0	S	0.0
Pvan_XP_069991586.1	Cscu_XP_023216044.1	63.0	S	0.0
Pvan_XP_069991585.1	Cscu_XP_023216044.1	63.0	S	0.0
Tadh_XP_002109881.1	Cscu_XP_023216044.1	63.0	S	0.0
Pigvie_Pvie_g14601	Cscu_XP_023216044.1	63.0	S	0.0
Twil_T_wilhelma_c33435_g2_i2|m.55195	Cscu_XP_023216044.1	63.0	S	0.0
Aque_XP_019853293.1	Cscu_XP_023216044.1	63.0	S	0.0
Dpul_XP_046461813.1	Cscu_XP_023216044.1	63.0	S	0.0
Cper_Nk52_evm66s2367	Cscu_XP_023216044.1	63.0	S	0.0
Avag_UJR16219.1	Cscu_XP_023216044.1	63.0	S	0.0
Pigchi_Pchi_g4251	Lpol_XP_022241371.1	63.0	S	0.0
Emue_Em0011g644a	Lpol_XP_022241371.1	63.0	S	0.0
Pvan_XP_069991586.1	Lpol_XP_022241371.1	63.0	S	0.0
Pvan_XP_069991585.1	Lpol_XP_022241371.1	63.0	S	0.0
Tadh_XP_002109881.1	Lpol_XP_022241371.1	63.0	S	0.0
Pigvie_Pvie_g14601	Lpol_XP_022241371.1	63.0	S	0.0
Twil_T_wilhelma_c33435_g2_i2|m.55195	Lpol_XP_022241371.1	63.0	S	0.0
Aque_XP_019853293.1	Lpol_XP_022241371.1	63.0	S	0.0
Dpul_XP_046461813.1	Lpol_XP_022241371.1	63.0	S	0.0
Cper_Nk52_evm66s2367	Lpol_XP_022241371.1	63.0	S	0.0
Avag_UJR16219.1	Lpol_XP_022241371.1	63.0	S	0.0
Pigchi_Pchi_g4251	Hrob_XP_009019477.1	63.0	S	0.0
Emue_Em0011g644a	Hrob_XP_009019477.1	63.0	S	0.0
Pvan_XP_069991586.1	Hrob_XP_009019477.1	63.0	S	0.0
Pvan_XP_069991585.1	Hrob_XP_009019477.1	63.0	S	0.0
Tadh_XP_002109881.1	Hrob_XP_009019477.1	63.0	S	0.0
Pigvie_Pvie_g14601	Hrob_XP_009019477.1	63.0	S	0.0
Twil_T_wilhelma_c33435_g2_i2|m.55195	Hrob_XP_009019477.1	63.0	S	0.0
Aque_XP_019853293.1	Hrob_XP_009019477.1	63.0	S	0.0
Dpul_XP_046461813.1	Hrob_XP_009019477.1	63.0	S	0.0
Cper_Nk52_evm66s2367	Hrob_XP_009019477.1	63.0	S	0.0
Avag_UJR16219.1	Hrob_XP_009019477.1	63.0	S	0.0
Pigchi_Pchi_g4251	Hsap_XP_016879165.1	63.0	S	0.0
Emue_Em0011g644a	Hsap_XP_016879165.1	63.0	S	0.0
Pvan_XP_069991586.1	Hsap_XP_016879165.1	63.0	S	0.0
Pvan_XP_069991585.1	Hsap_XP_016879165.1	63.0	S	0.0
Tadh_XP_002109881.1	Hsap_XP_016879165.1	63.0	S	0.0
Pigvie_Pvie_g14601	Hsap_XP_016879165.1	63.0	S	0.0
Twil_T_wilhelma_c33435_g2_i2|m.55195	Hsap_XP_016879165.1	63.0	S	0.0
Aque_XP_019853293.1	Hsap_XP_016879165.1	63.0	S	0.0
Dpul_XP_046461813.1	Hsap_XP_016879165.1	63.0	S	0.0
Cper_Nk52_evm66s2367	Hsap_XP_016879165.1	63.0	S	0.0
Avag_UJR16219.1	Hsap_XP_016879165.1	63.0	S	0.0
Pigchi_Pchi_g4251	Aplcal_XP_005102629.2	63.0	S	0.0
Emue_Em0011g644a	Aplcal_XP_005102629.2	63.0	S	0.0
Pvan_XP_069991586.1	Aplcal_XP_005102629.2	63.0	S	0.0
Pvan_XP_069991585.1	Aplcal_XP_005102629.2	63.0	S	0.0
Tadh_XP_002109881.1	Aplcal_XP_005102629.2	63.0	S	0.0
Pigvie_Pvie_g14601	Aplcal_XP_005102629.2	63.0	S	0.0
Twil_T_wilhelma_c33435_g2_i2|m.55195	Aplcal_XP_005102629.2	63.0	S	0.0
Aque_XP_019853293.1	Aplcal_XP_005102629.2	63.0	S	0.0
Dpul_XP_046461813.1	Aplcal_XP_005102629.2	63.0	S	0.0
Cper_Nk52_evm66s2367	Aplcal_XP_005102629.2	63.0	S	0.0
Avag_UJR16219.1	Aplcal_XP_005102629.2	63.0	S	0.0
Pigchi_Pchi_g4251	Apla_XP_022085203.1	63.0	S	0.0
Emue_Em0011g644a	Apla_XP_022085203.1	63.0	S	0.0
Pvan_XP_069991586.1	Apla_XP_022085203.1	63.0	S	0.0
Pvan_XP_069991585.1	Apla_XP_022085203.1	63.0	S	0.0
Tadh_XP_002109881.1	Apla_XP_022085203.1	63.0	S	0.0
Pigvie_Pvie_g14601	Apla_XP_022085203.1	63.0	S	0.0
Twil_T_wilhelma_c33435_g2_i2|m.55195	Apla_XP_022085203.1	63.0	S	0.0
Aque_XP_019853293.1	Apla_XP_022085203.1	63.0	S	0.0
Dpul_XP_046461813.1	Apla_XP_022085203.1	63.0	S	0.0
Cper_Nk52_evm66s2367	Apla_XP_022085203.1	63.0	S	0.0
Avag_UJR16219.1	Apla_XP_022085203.1	63.0	S	0.0
Pigchi_Pchi_g4251	Hsap_XP_047290611.1	63.0	S	0.0
Emue_Em0011g644a	Hsap_XP_047290611.1	63.0	S	0.0
Pvan_XP_069991586.1	Hsap_XP_047290611.1	63.0	S	0.0
Pvan_XP_069991585.1	Hsap_XP_047290611.1	63.0	S	0.0
Tadh_XP_002109881.1	Hsap_XP_047290611.1	63.0	S	0.0
Pigvie_Pvie_g14601	Hsap_XP_047290611.1	63.0	S	0.0
Twil_T_wilhelma_c33435_g2_i2|m.55195	Hsap_XP_047290611.1	63.0	S	0.0
Aque_XP_019853293.1	Hsap_XP_047290611.1	63.0	S	0.0
Dpul_XP_046461813.1	Hsap_XP_047290611.1	63.0	S	0.0
Cper_Nk52_evm66s2367	Hsap_XP_047290611.1	63.0	S	0.0
Avag_UJR16219.1	Hsap_XP_047290611.1	63.0	S	0.0
Smoe_XP_024520770.1	Smoe_XP_024520670.1	61.0	D	1.0
Smoe_XP_024520821.1	Smoe_XP_024527656.1	11.0	D	1.0
Smoe_XP_024520821.1	Smoe_XP_024527658.1	11.0	D	1.0
Smoe_XP_024520821.1	Smoe_XP_024532000.1	11.0	D	1.0
Smoe_XP_024520821.1	Smoe_XP_024527929.1	11.0	D	1.0
Smoe_XP_024520821.1	Smoe_XP_024527933.1	11.0	D	1.0
Smoe_XP_024520821.1	Smoe_XP_024527928.1	11.0	D	1.0
Smoe_XP_024520821.1	Smoe_XP_024527655.1	11.0	D	1.0
Smoe_XP_024520821.1	Smoe_XP_024527931.1	11.0	D	1.0
Smoe_XP_024520821.1	Smoe_XP_024527934.1	11.0	D	1.0
Smoe_XP_024520821.1	Smoe_XP_024527652.1	11.0	D	1.0
Smoe_XP_024520821.1	Smoe_XP_024527654.1	11.0	D	1.0
Smoe_XP_024520821.1	Smoe_XP_024527935.1	11.0	D	1.0
Smoe_XP_024520821.1	Smoe_XP_024527930.1	11.0	D	1.0
Smoe_XP_024520821.1	Smoe_XP_024527932.1	11.0	D	1.0
Smoe_XP_024520821.1	Smoe_XP_024527653.1	11.0	D	1.0
Smoe_XP_024520821.1	Smoe_XP_024527657.1	11.0	D	1.0
Cofcan_CDP03676.1	Cofcan_CDP19768.1	100.0	D	1.0
Lsat_XP_023734931.1	Sollyc_XP_004247201.1	96.0	S	0.0
Lsat_XP_023734930.1	Sollyc_XP_004247201.1	96.0	S	0.0
Lsat_XP_023734931.1	Sollyc_XP_025888583.1	96.0	S	0.0
Lsat_XP_023734930.1	Sollyc_XP_025888583.1	96.0	S	0.0
Mesc_XP_021612650.1	Mesc_XP_043812339.1	100.0	D	1.0
Rchi_XP_024164996.1	Qlob_XP_030947628.1	98.0	S	0.0
Rchi_XP_040364728.1	Qlob_XP_030947628.1	98.0	S	0.0
Rchi_XP_024164996.1	Qlob_XP_030973177.1	98.0	S	0.0
Rchi_XP_040364728.1	Qlob_XP_030973177.1	98.0	S	0.0
Rchi_XP_024164996.1	Mtru_XP_003590573.1	98.0	S	0.0
Rchi_XP_040364728.1	Mtru_XP_003590573.1	98.0	S	0.0
Rchi_XP_024164996.1	Psat_XP_050887295.1	98.0	S	0.0
Rchi_XP_040364728.1	Psat_XP_050887295.1	98.0	S	0.0
Rchi_XP_024164996.1	Qlob_XP_030947629.1	98.0	S	0.0
Rchi_XP_040364728.1	Qlob_XP_030947629.1	98.0	S	0.0
Atha_NP_001318604.1	Atha_NP_001190341.1	100.0	D	1.0
Bnap_XP_013730750.2	Bnap_XP_013682006.3	100.0	D	1.0
Bnap_XP_013730750.2	Bnap_XP_048608055.1	100.0	D	1.0
Bnap_XP_013730750.2	Bnap_XP_048608056.1	100.0	D	1.0
Osat_XP_025877206.1	Osat_XP_015618176.1	99.0	D	1.0
Osat_XP_025877206.1	Osat_XP_015618184.1	99.0	D	1.0
Osat_XP_025877206.1	Osat_XP_015618169.1	99.0	D	1.0
Ecur_TVU34937.1	Bdis_XP_024313966.1	86.0	S	0.0
Ecur_TVU34924.1	Bdis_XP_024313966.1	86.0	S	0.0
Zmay_NP_001360982.1	Bdis_XP_024313966.1	86.0	S	0.0
Ecur_TVU34937.1	Bdis_XP_010232410.2	86.0	S	0.0
Ecur_TVU34924.1	Bdis_XP_010232410.2	86.0	S	0.0
Zmay_NP_001360982.1	Bdis_XP_010232410.2	86.0	S	0.0
Ecur_TVU34937.1	Tura_XP_048564742.1	86.0	S	0.0
Ecur_TVU34924.1	Tura_XP_048564742.1	86.0	S	0.0
Zmay_NP_001360982.1	Tura_XP_048564742.1	86.0	S	0.0
Ecur_TVU34937.1	Bdis_XP_003569931.2	86.0	S	0.0
Ecur_TVU34924.1	Bdis_XP_003569931.2	86.0	S	0.0
Zmay_NP_001360982.1	Bdis_XP_003569931.2	86.0	S	0.0
Aque_XP_019855988.1	Emue_Em0015g829a	96.0	S	0.0
Aque_XP_019855988.1	Emue_Em0015g867a	96.0	S	0.0
Scil_XP_065182659.1	Emue_Em0960g3a	100.0	S	0.0
Lcom_lcpid61937|	Emue_Em0960g3a	100.0	S	0.0
Scil_XP_065182659.1	Aque_XP_011403823.1	100.0	S	0.0
Lcom_lcpid61937|	Aque_XP_011403823.1	100.0	S	0.0
Scil_XP_065182659.1	Emue_Em0019g914a	100.0	S	0.0
Lcom_lcpid61937|	Emue_Em0019g914a	100.0	S	0.0
Scil_XP_065182659.1	Twil_T_wilhelma_c23056_g1_i1|m.9140	100.0	S	0.0
Lcom_lcpid61937|	Twil_T_wilhelma_c23056_g1_i1|m.9140	100.0	S	0.0
Scil_XP_065182659.1	Twil_T_wilhelma_c23056_g1_i3|m.9144	100.0	S	0.0
Lcom_lcpid61937|	Twil_T_wilhelma_c23056_g1_i3|m.9144	100.0	S	0.0
Scil_XP_065182659.1	Twil_T_wilhelma_c23056_g1_i2|m.9142	100.0	S	0.0
Lcom_lcpid61937|	Twil_T_wilhelma_c23056_g1_i2|m.9142	100.0	S	0.0
Scil_XP_065182659.1	Emue_Em0246g2a	100.0	S	0.0
Lcom_lcpid61937|	Emue_Em0246g2a	100.0	S	0.0
Cowc_XP_004349282.2	Pigvie_Pvie_g6971	99.0	S	0.0
Cowc_XP_004349282.2	Pigchi_Pchi_g10289	99.0	S	0.0
Aque_XP_011405699.1	Twil_T_wilhelma_c26228_g1_i3|m.16415	100.0	S	0.0
Aque_XP_011405699.1	Emue_Em0010g680a	100.0	S	0.0
Aque_XP_011405699.1	Twil_T_wilhelma_c26228_g1_i1|m.16413	100.0	S	0.0
Aque_XP_011405699.1	Emue_Em0010g639a	100.0	S	0.0
Aque_XP_011405699.1	Emue_Em0010g647a	100.0	S	0.0
Aque_XP_011405699.1	Twil_T_wilhelma_c26228_g1_i2|m.16414	100.0	S	0.0
Aque_XP_011405699.1	Emue_Em0010g663a	100.0	S	0.0
Aque_XP_011405699.1	Emue_Em0010g651a	100.0	S	0.0
Drer_NP_958904.1	Lpol_XP_013777533.1	94.0	S	0.0
Xtro_NP_988915.1	Lpol_XP_013777533.1	94.0	S	0.0
Ggal_XP_426507.2	Lpol_XP_013777533.1	94.0	S	0.0
Hsap_XP_011538242.1	Lpol_XP_013777533.1	94.0	S	0.0
Hsap_NP_060372.2	Lpol_XP_013777533.1	94.0	S	0.0
Drer_NP_958904.1	Lcom_lcpid192438|	94.0	S	0.0
Xtro_NP_988915.1	Lcom_lcpid192438|	94.0	S	0.0
Ggal_XP_426507.2	Lcom_lcpid192438|	94.0	S	0.0
Hsap_XP_011538242.1	Lcom_lcpid192438|	94.0	S	0.0
Hsap_NP_060372.2	Lcom_lcpid192438|	94.0	S	0.0
Drer_NP_958904.1	Agrpla_XP_018320992.1	94.0	S	0.0
Xtro_NP_988915.1	Agrpla_XP_018320992.1	94.0	S	0.0
Ggal_XP_426507.2	Agrpla_XP_018320992.1	94.0	S	0.0
Hsap_XP_011538242.1	Agrpla_XP_018320992.1	94.0	S	0.0
Hsap_NP_060372.2	Agrpla_XP_018320992.1	94.0	S	0.0
Drer_NP_958904.1	Cvir_XP_022318228.1	94.0	S	0.0
Xtro_NP_988915.1	Cvir_XP_022318228.1	94.0	S	0.0
Ggal_XP_426507.2	Cvir_XP_022318228.1	94.0	S	0.0
Hsap_XP_011538242.1	Cvir_XP_022318228.1	94.0	S	0.0
Hsap_NP_060372.2	Cvir_XP_022318228.1	94.0	S	0.0
Drer_NP_958904.1	Lpol_XP_022242198.1	94.0	S	0.0
Xtro_NP_988915.1	Lpol_XP_022242198.1	94.0	S	0.0
Ggal_XP_426507.2	Lpol_XP_022242198.1	94.0	S	0.0
Hsap_XP_011538242.1	Lpol_XP_022242198.1	94.0	S	0.0
Hsap_NP_060372.2	Lpol_XP_022242198.1	94.0	S	0.0
Drer_NP_958904.1	Lpol_XP_013775038.1	94.0	S	0.0
Xtro_NP_988915.1	Lpol_XP_013775038.1	94.0	S	0.0
Ggal_XP_426507.2	Lpol_XP_013775038.1	94.0	S	0.0
Hsap_XP_011538242.1	Lpol_XP_013775038.1	94.0	S	0.0
Hsap_NP_060372.2	Lpol_XP_013775038.1	94.0	S	0.0
Drer_NP_958904.1	Cscu_XP_023219803.1	94.0	S	0.0
Xtro_NP_988915.1	Cscu_XP_023219803.1	94.0	S	0.0
Ggal_XP_426507.2	Cscu_XP_023219803.1	94.0	S	0.0
Hsap_XP_011538242.1	Cscu_XP_023219803.1	94.0	S	0.0
Hsap_NP_060372.2	Cscu_XP_023219803.1	94.0	S	0.0
Drer_NP_958904.1	Apla_XP_022080314.1	94.0	S	0.0
Xtro_NP_988915.1	Apla_XP_022080314.1	94.0	S	0.0
Ggal_XP_426507.2	Apla_XP_022080314.1	94.0	S	0.0
Hsap_XP_011538242.1	Apla_XP_022080314.1	94.0	S	0.0
Hsap_NP_060372.2	Apla_XP_022080314.1	94.0	S	0.0
Drer_NP_958904.1	Hrob_XP_009025637.1	94.0	S	0.0
Xtro_NP_988915.1	Hrob_XP_009025637.1	94.0	S	0.0
Ggal_XP_426507.2	Hrob_XP_009025637.1	94.0	S	0.0
Hsap_XP_011538242.1	Hrob_XP_009025637.1	94.0	S	0.0
Hsap_NP_060372.2	Hrob_XP_009025637.1	94.0	S	0.0
Drer_NP_958904.1	Cint_XP_018672432.2	94.0	S	0.0
Xtro_NP_988915.1	Cint_XP_018672432.2	94.0	S	0.0
Ggal_XP_426507.2	Cint_XP_018672432.2	94.0	S	0.0
Hsap_XP_011538242.1	Cint_XP_018672432.2	94.0	S	0.0
Hsap_NP_060372.2	Cint_XP_018672432.2	94.0	S	0.0
Drer_NP_958904.1	Cscu_XP_023219802.1	94.0	S	0.0
Xtro_NP_988915.1	Cscu_XP_023219802.1	94.0	S	0.0
Ggal_XP_426507.2	Cscu_XP_023219802.1	94.0	S	0.0
Hsap_XP_011538242.1	Cscu_XP_023219802.1	94.0	S	0.0
Hsap_NP_060372.2	Cscu_XP_023219802.1	94.0	S	0.0
Drer_NP_958904.1	Obim_XP_014772373.1	94.0	S	0.0
Xtro_NP_988915.1	Obim_XP_014772373.1	94.0	S	0.0
Ggal_XP_426507.2	Obim_XP_014772373.1	94.0	S	0.0
Hsap_XP_011538242.1	Obim_XP_014772373.1	94.0	S	0.0
Hsap_NP_060372.2	Obim_XP_014772373.1	94.0	S	0.0
Drer_NP_958904.1	Aplcal_XP_005092336.1	94.0	S	0.0
Xtro_NP_988915.1	Aplcal_XP_005092336.1	94.0	S	0.0
Ggal_XP_426507.2	Aplcal_XP_005092336.1	94.0	S	0.0
Hsap_XP_011538242.1	Aplcal_XP_005092336.1	94.0	S	0.0
Hsap_NP_060372.2	Aplcal_XP_005092336.1	94.0	S	0.0
Drer_NP_958904.1	Smar_SMAR013954-PA	94.0	S	0.0
Xtro_NP_988915.1	Smar_SMAR013954-PA	94.0	S	0.0
Ggal_XP_426507.2	Smar_SMAR013954-PA	94.0	S	0.0
Hsap_XP_011538242.1	Smar_SMAR013954-PA	94.0	S	0.0
Hsap_NP_060372.2	Smar_SMAR013954-PA	94.0	S	0.0
Drer_NP_958904.1	Blan_XP_066303428.1	94.0	S	0.0
Xtro_NP_988915.1	Blan_XP_066303428.1	94.0	S	0.0
Ggal_XP_426507.2	Blan_XP_066303428.1	94.0	S	0.0
Hsap_XP_011538242.1	Blan_XP_066303428.1	94.0	S	0.0
Hsap_NP_060372.2	Blan_XP_066303428.1	94.0	S	0.0
Drer_NP_958904.1	Lana_XP_013385380.1	94.0	S	0.0
Xtro_NP_988915.1	Lana_XP_013385380.1	94.0	S	0.0
Ggal_XP_426507.2	Lana_XP_013385380.1	94.0	S	0.0
Hsap_XP_011538242.1	Lana_XP_013385380.1	94.0	S	0.0
Hsap_NP_060372.2	Lana_XP_013385380.1	94.0	S	0.0
Drer_NP_958904.1	Lpol_XP_022242199.1	94.0	S	0.0
Xtro_NP_988915.1	Lpol_XP_022242199.1	94.0	S	0.0
Ggal_XP_426507.2	Lpol_XP_022242199.1	94.0	S	0.0
Hsap_XP_011538242.1	Lpol_XP_022242199.1	94.0	S	0.0
Hsap_NP_060372.2	Lpol_XP_022242199.1	94.0	S	0.0
Drer_NP_958904.1	Pvan_XP_027207134.1	94.0	S	0.0
Xtro_NP_988915.1	Pvan_XP_027207134.1	94.0	S	0.0
Ggal_XP_426507.2	Pvan_XP_027207134.1	94.0	S	0.0
Hsap_XP_011538242.1	Pvan_XP_027207134.1	94.0	S	0.0
Hsap_NP_060372.2	Pvan_XP_027207134.1	94.0	S	0.0
Drer_NP_958904.1	Lpol_XP_022239646.1	94.0	S	0.0
Xtro_NP_988915.1	Lpol_XP_022239646.1	94.0	S	0.0
Ggal_XP_426507.2	Lpol_XP_022239646.1	94.0	S	0.0
Hsap_XP_011538242.1	Lpol_XP_022239646.1	94.0	S	0.0
Hsap_NP_060372.2	Lpol_XP_022239646.1	94.0	S	0.0
Drer_NP_958904.1	Blan_XP_066303427.1	94.0	S	0.0
Xtro_NP_988915.1	Blan_XP_066303427.1	94.0	S	0.0
Ggal_XP_426507.2	Blan_XP_066303427.1	94.0	S	0.0
Hsap_XP_011538242.1	Blan_XP_066303427.1	94.0	S	0.0
Hsap_NP_060372.2	Blan_XP_066303427.1	94.0	S	0.0
Drer_NP_958904.1	Btab_XP_018911171.1	94.0	S	0.0
Xtro_NP_988915.1	Btab_XP_018911171.1	94.0	S	0.0
Ggal_XP_426507.2	Btab_XP_018911171.1	94.0	S	0.0
Hsap_XP_011538242.1	Btab_XP_018911171.1	94.0	S	0.0
Hsap_NP_060372.2	Btab_XP_018911171.1	94.0	S	0.0
Drer_NP_958904.1	Cscu_XP_023219801.1	94.0	S	0.0
Xtro_NP_988915.1	Cscu_XP_023219801.1	94.0	S	0.0
Ggal_XP_426507.2	Cscu_XP_023219801.1	94.0	S	0.0
Hsap_XP_011538242.1	Cscu_XP_023219801.1	94.0	S	0.0
Hsap_NP_060372.2	Cscu_XP_023219801.1	94.0	S	0.0
Drer_NP_958904.1	Ofus_CAH1793965.1	94.0	S	0.0
Xtro_NP_988915.1	Ofus_CAH1793965.1	94.0	S	0.0
Ggal_XP_426507.2	Ofus_CAH1793965.1	94.0	S	0.0
Hsap_XP_011538242.1	Ofus_CAH1793965.1	94.0	S	0.0
Hsap_NP_060372.2	Ofus_CAH1793965.1	94.0	S	0.0
Drer_NP_958904.1	Spur_XP_030835125.1	94.0	S	0.0
Xtro_NP_988915.1	Spur_XP_030835125.1	94.0	S	0.0
Ggal_XP_426507.2	Spur_XP_030835125.1	94.0	S	0.0
Hsap_XP_011538242.1	Spur_XP_030835125.1	94.0	S	0.0
Hsap_NP_060372.2	Spur_XP_030835125.1	94.0	S	0.0
Atha_NP_566667.1	Lsat_XP_023742173.1	93.0	S	0.0
Atha_NP_001327066.1	Lsat_XP_023742173.1	93.0	S	0.0
Bnap_XP_048630333.1	Lsat_XP_023742173.1	93.0	S	0.0
Atha_NP_850617.1	Lsat_XP_023742173.1	93.0	S	0.0
Bnap_XP_013697929.1	Lsat_XP_023742173.1	93.0	S	0.0
Bnap_XP_013749294.2	Lsat_XP_023742173.1	93.0	S	0.0
Bnap_XP_013697930.1	Lsat_XP_023742173.1	93.0	S	0.0
Bnap_XP_048630334.1	Lsat_XP_023742173.1	93.0	S	0.0
Bnap_XP_013749295.1	Lsat_XP_023742173.1	93.0	S	0.0
Atha_NP_001327067.1	Lsat_XP_023742173.1	93.0	S	0.0
Atha_NP_001030733.1	Lsat_XP_023742173.1	93.0	S	0.0
Atha_NP_566667.1	Qlob_XP_030953153.1	93.0	S	0.0
Atha_NP_001327066.1	Qlob_XP_030953153.1	93.0	S	0.0
Bnap_XP_048630333.1	Qlob_XP_030953153.1	93.0	S	0.0
Atha_NP_850617.1	Qlob_XP_030953153.1	93.0	S	0.0
Bnap_XP_013697929.1	Qlob_XP_030953153.1	93.0	S	0.0
Bnap_XP_013749294.2	Qlob_XP_030953153.1	93.0	S	0.0
Bnap_XP_013697930.1	Qlob_XP_030953153.1	93.0	S	0.0
Bnap_XP_048630334.1	Qlob_XP_030953153.1	93.0	S	0.0
Bnap_XP_013749295.1	Qlob_XP_030953153.1	93.0	S	0.0
Atha_NP_001327067.1	Qlob_XP_030953153.1	93.0	S	0.0
Atha_NP_001030733.1	Qlob_XP_030953153.1	93.0	S	0.0
Atha_NP_566667.1	Sollyc_XP_069152187.1	93.0	S	0.0
Atha_NP_001327066.1	Sollyc_XP_069152187.1	93.0	S	0.0
Bnap_XP_048630333.1	Sollyc_XP_069152187.1	93.0	S	0.0
Atha_NP_850617.1	Sollyc_XP_069152187.1	93.0	S	0.0
Bnap_XP_013697929.1	Sollyc_XP_069152187.1	93.0	S	0.0
Bnap_XP_013749294.2	Sollyc_XP_069152187.1	93.0	S	0.0
Bnap_XP_013697930.1	Sollyc_XP_069152187.1	93.0	S	0.0
Bnap_XP_048630334.1	Sollyc_XP_069152187.1	93.0	S	0.0
Bnap_XP_013749295.1	Sollyc_XP_069152187.1	93.0	S	0.0
Atha_NP_001327067.1	Sollyc_XP_069152187.1	93.0	S	0.0
Atha_NP_001030733.1	Sollyc_XP_069152187.1	93.0	S	0.0
Atha_NP_566667.1	Mesc_XP_043805952.1	93.0	S	0.0
Atha_NP_001327066.1	Mesc_XP_043805952.1	93.0	S	0.0
Bnap_XP_048630333.1	Mesc_XP_043805952.1	93.0	S	0.0
Atha_NP_850617.1	Mesc_XP_043805952.1	93.0	S	0.0
Bnap_XP_013697929.1	Mesc_XP_043805952.1	93.0	S	0.0
Bnap_XP_013749294.2	Mesc_XP_043805952.1	93.0	S	0.0
Bnap_XP_013697930.1	Mesc_XP_043805952.1	93.0	S	0.0
Bnap_XP_048630334.1	Mesc_XP_043805952.1	93.0	S	0.0
Bnap_XP_013749295.1	Mesc_XP_043805952.1	93.0	S	0.0
Atha_NP_001327067.1	Mesc_XP_043805952.1	93.0	S	0.0
Atha_NP_001030733.1	Mesc_XP_043805952.1	93.0	S	0.0
Atha_NP_566667.1	Qlob_XP_030958993.1	93.0	S	0.0
Atha_NP_001327066.1	Qlob_XP_030958993.1	93.0	S	0.0
Bnap_XP_048630333.1	Qlob_XP_030958993.1	93.0	S	0.0
Atha_NP_850617.1	Qlob_XP_030958993.1	93.0	S	0.0
Bnap_XP_013697929.1	Qlob_XP_030958993.1	93.0	S	0.0
Bnap_XP_013749294.2	Qlob_XP_030958993.1	93.0	S	0.0
Bnap_XP_013697930.1	Qlob_XP_030958993.1	93.0	S	0.0
Bnap_XP_048630334.1	Qlob_XP_030958993.1	93.0	S	0.0
Bnap_XP_013749295.1	Qlob_XP_030958993.1	93.0	S	0.0
Atha_NP_001327067.1	Qlob_XP_030958993.1	93.0	S	0.0
Atha_NP_001030733.1	Qlob_XP_030958993.1	93.0	S	0.0
Atha_NP_566667.1	Rchi_XP_024159049.1	93.0	S	0.0
Atha_NP_001327066.1	Rchi_XP_024159049.1	93.0	S	0.0
Bnap_XP_048630333.1	Rchi_XP_024159049.1	93.0	S	0.0
Atha_NP_850617.1	Rchi_XP_024159049.1	93.0	S	0.0
Bnap_XP_013697929.1	Rchi_XP_024159049.1	93.0	S	0.0
Bnap_XP_013749294.2	Rchi_XP_024159049.1	93.0	S	0.0
Bnap_XP_013697930.1	Rchi_XP_024159049.1	93.0	S	0.0
Bnap_XP_048630334.1	Rchi_XP_024159049.1	93.0	S	0.0
Bnap_XP_013749295.1	Rchi_XP_024159049.1	93.0	S	0.0
Atha_NP_001327067.1	Rchi_XP_024159049.1	93.0	S	0.0
Atha_NP_001030733.1	Rchi_XP_024159049.1	93.0	S	0.0
Atha_NP_566667.1	Mesc_XP_043805953.1	93.0	S	0.0
Atha_NP_001327066.1	Mesc_XP_043805953.1	93.0	S	0.0
Bnap_XP_048630333.1	Mesc_XP_043805953.1	93.0	S	0.0
Atha_NP_850617.1	Mesc_XP_043805953.1	93.0	S	0.0
Bnap_XP_013697929.1	Mesc_XP_043805953.1	93.0	S	0.0
Bnap_XP_013749294.2	Mesc_XP_043805953.1	93.0	S	0.0
Bnap_XP_013697930.1	Mesc_XP_043805953.1	93.0	S	0.0
Bnap_XP_048630334.1	Mesc_XP_043805953.1	93.0	S	0.0
Bnap_XP_013749295.1	Mesc_XP_043805953.1	93.0	S	0.0
Atha_NP_001327067.1	Mesc_XP_043805953.1	93.0	S	0.0
Atha_NP_001030733.1	Mesc_XP_043805953.1	93.0	S	0.0
Atha_NP_566667.1	Rchi_XP_040375663.1	93.0	S	0.0
Atha_NP_001327066.1	Rchi_XP_040375663.1	93.0	S	0.0
Bnap_XP_048630333.1	Rchi_XP_040375663.1	93.0	S	0.0
Atha_NP_850617.1	Rchi_XP_040375663.1	93.0	S	0.0
Bnap_XP_013697929.1	Rchi_XP_040375663.1	93.0	S	0.0
Bnap_XP_013749294.2	Rchi_XP_040375663.1	93.0	S	0.0
Bnap_XP_013697930.1	Rchi_XP_040375663.1	93.0	S	0.0
Bnap_XP_048630334.1	Rchi_XP_040375663.1	93.0	S	0.0
Bnap_XP_013749295.1	Rchi_XP_040375663.1	93.0	S	0.0
Atha_NP_001327067.1	Rchi_XP_040375663.1	93.0	S	0.0
Atha_NP_001030733.1	Rchi_XP_040375663.1	93.0	S	0.0
Atha_NP_566667.1	Rchi_XP_024159048.1	93.0	S	0.0
Atha_NP_001327066.1	Rchi_XP_024159048.1	93.0	S	0.0
Bnap_XP_048630333.1	Rchi_XP_024159048.1	93.0	S	0.0
Atha_NP_850617.1	Rchi_XP_024159048.1	93.0	S	0.0
Bnap_XP_013697929.1	Rchi_XP_024159048.1	93.0	S	0.0
Bnap_XP_013749294.2	Rchi_XP_024159048.1	93.0	S	0.0
Bnap_XP_013697930.1	Rchi_XP_024159048.1	93.0	S	0.0
Bnap_XP_048630334.1	Rchi_XP_024159048.1	93.0	S	0.0
Bnap_XP_013749295.1	Rchi_XP_024159048.1	93.0	S	0.0
Atha_NP_001327067.1	Rchi_XP_024159048.1	93.0	S	0.0
Atha_NP_001030733.1	Rchi_XP_024159048.1	93.0	S	0.0
Atha_NP_566667.1	Mesc_XP_043813758.1	93.0	S	0.0
Atha_NP_001327066.1	Mesc_XP_043813758.1	93.0	S	0.0
Bnap_XP_048630333.1	Mesc_XP_043813758.1	93.0	S	0.0
Atha_NP_850617.1	Mesc_XP_043813758.1	93.0	S	0.0
Bnap_XP_013697929.1	Mesc_XP_043813758.1	93.0	S	0.0
Bnap_XP_013749294.2	Mesc_XP_043813758.1	93.0	S	0.0
Bnap_XP_013697930.1	Mesc_XP_043813758.1	93.0	S	0.0
Bnap_XP_048630334.1	Mesc_XP_043813758.1	93.0	S	0.0
Bnap_XP_013749295.1	Mesc_XP_043813758.1	93.0	S	0.0
Atha_NP_001327067.1	Mesc_XP_043813758.1	93.0	S	0.0
Atha_NP_001030733.1	Mesc_XP_043813758.1	93.0	S	0.0
Atha_NP_566667.1	Rchi_XP_040375662.1	93.0	S	0.0
Atha_NP_001327066.1	Rchi_XP_040375662.1	93.0	S	0.0
Bnap_XP_048630333.1	Rchi_XP_040375662.1	93.0	S	0.0
Atha_NP_850617.1	Rchi_XP_040375662.1	93.0	S	0.0
Bnap_XP_013697929.1	Rchi_XP_040375662.1	93.0	S	0.0
Bnap_XP_013749294.2	Rchi_XP_040375662.1	93.0	S	0.0
Bnap_XP_013697930.1	Rchi_XP_040375662.1	93.0	S	0.0
Bnap_XP_048630334.1	Rchi_XP_040375662.1	93.0	S	0.0
Bnap_XP_013749295.1	Rchi_XP_040375662.1	93.0	S	0.0
Atha_NP_001327067.1	Rchi_XP_040375662.1	93.0	S	0.0
Atha_NP_001030733.1	Rchi_XP_040375662.1	93.0	S	0.0
Atha_NP_566667.1	Mesc_XP_021616706.1	93.0	S	0.0
Atha_NP_001327066.1	Mesc_XP_021616706.1	93.0	S	0.0
Bnap_XP_048630333.1	Mesc_XP_021616706.1	93.0	S	0.0
Atha_NP_850617.1	Mesc_XP_021616706.1	93.0	S	0.0
Bnap_XP_013697929.1	Mesc_XP_021616706.1	93.0	S	0.0
Bnap_XP_013749294.2	Mesc_XP_021616706.1	93.0	S	0.0
Bnap_XP_013697930.1	Mesc_XP_021616706.1	93.0	S	0.0
Bnap_XP_048630334.1	Mesc_XP_021616706.1	93.0	S	0.0
Bnap_XP_013749295.1	Mesc_XP_021616706.1	93.0	S	0.0
Atha_NP_001327067.1	Mesc_XP_021616706.1	93.0	S	0.0
Atha_NP_001030733.1	Mesc_XP_021616706.1	93.0	S	0.0
Atha_NP_566667.1	Qlob_XP_030958989.1	93.0	S	0.0
Atha_NP_001327066.1	Qlob_XP_030958989.1	93.0	S	0.0
Bnap_XP_048630333.1	Qlob_XP_030958989.1	93.0	S	0.0
Atha_NP_850617.1	Qlob_XP_030958989.1	93.0	S	0.0
Bnap_XP_013697929.1	Qlob_XP_030958989.1	93.0	S	0.0
Bnap_XP_013749294.2	Qlob_XP_030958989.1	93.0	S	0.0
Bnap_XP_013697930.1	Qlob_XP_030958989.1	93.0	S	0.0
Bnap_XP_048630334.1	Qlob_XP_030958989.1	93.0	S	0.0
Bnap_XP_013749295.1	Qlob_XP_030958989.1	93.0	S	0.0
Atha_NP_001327067.1	Qlob_XP_030958989.1	93.0	S	0.0
Atha_NP_001030733.1	Qlob_XP_030958989.1	93.0	S	0.0
Atha_NP_566667.1	Psat_XP_050893429.1	93.0	S	0.0
Atha_NP_001327066.1	Psat_XP_050893429.1	93.0	S	0.0
Bnap_XP_048630333.1	Psat_XP_050893429.1	93.0	S	0.0
Atha_NP_850617.1	Psat_XP_050893429.1	93.0	S	0.0
Bnap_XP_013697929.1	Psat_XP_050893429.1	93.0	S	0.0
Bnap_XP_013749294.2	Psat_XP_050893429.1	93.0	S	0.0
Bnap_XP_013697930.1	Psat_XP_050893429.1	93.0	S	0.0
Bnap_XP_048630334.1	Psat_XP_050893429.1	93.0	S	0.0
Bnap_XP_013749295.1	Psat_XP_050893429.1	93.0	S	0.0
Atha_NP_001327067.1	Psat_XP_050893429.1	93.0	S	0.0
Atha_NP_001030733.1	Psat_XP_050893429.1	93.0	S	0.0
Atha_NP_566667.1	Rchi_XP_024158191.1	93.0	S	0.0
Atha_NP_001327066.1	Rchi_XP_024158191.1	93.0	S	0.0
Bnap_XP_048630333.1	Rchi_XP_024158191.1	93.0	S	0.0
Atha_NP_850617.1	Rchi_XP_024158191.1	93.0	S	0.0
Bnap_XP_013697929.1	Rchi_XP_024158191.1	93.0	S	0.0
Bnap_XP_013749294.2	Rchi_XP_024158191.1	93.0	S	0.0
Bnap_XP_013697930.1	Rchi_XP_024158191.1	93.0	S	0.0
Bnap_XP_048630334.1	Rchi_XP_024158191.1	93.0	S	0.0
Bnap_XP_013749295.1	Rchi_XP_024158191.1	93.0	S	0.0
Atha_NP_001327067.1	Rchi_XP_024158191.1	93.0	S	0.0
Atha_NP_001030733.1	Rchi_XP_024158191.1	93.0	S	0.0
Atha_NP_566667.1	Mesc_XP_043813756.1	93.0	S	0.0
Atha_NP_001327066.1	Mesc_XP_043813756.1	93.0	S	0.0
Bnap_XP_048630333.1	Mesc_XP_043813756.1	93.0	S	0.0
Atha_NP_850617.1	Mesc_XP_043813756.1	93.0	S	0.0
Bnap_XP_013697929.1	Mesc_XP_043813756.1	93.0	S	0.0
Bnap_XP_013749294.2	Mesc_XP_043813756.1	93.0	S	0.0
Bnap_XP_013697930.1	Mesc_XP_043813756.1	93.0	S	0.0
Bnap_XP_048630334.1	Mesc_XP_043813756.1	93.0	S	0.0
Bnap_XP_013749295.1	Mesc_XP_043813756.1	93.0	S	0.0
Atha_NP_001327067.1	Mesc_XP_043813756.1	93.0	S	0.0
Atha_NP_001030733.1	Mesc_XP_043813756.1	93.0	S	0.0
Atha_NP_566667.1	Mtru_XP_013456231.1	93.0	S	0.0
Atha_NP_001327066.1	Mtru_XP_013456231.1	93.0	S	0.0
Bnap_XP_048630333.1	Mtru_XP_013456231.1	93.0	S	0.0
Atha_NP_850617.1	Mtru_XP_013456231.1	93.0	S	0.0
Bnap_XP_013697929.1	Mtru_XP_013456231.1	93.0	S	0.0
Bnap_XP_013749294.2	Mtru_XP_013456231.1	93.0	S	0.0
Bnap_XP_013697930.1	Mtru_XP_013456231.1	93.0	S	0.0
Bnap_XP_048630334.1	Mtru_XP_013456231.1	93.0	S	0.0
Bnap_XP_013749295.1	Mtru_XP_013456231.1	93.0	S	0.0
Atha_NP_001327067.1	Mtru_XP_013456231.1	93.0	S	0.0
Atha_NP_001030733.1	Mtru_XP_013456231.1	93.0	S	0.0
Atha_NP_566667.1	Cofcan_CDP14099.1	93.0	S	0.0
Atha_NP_001327066.1	Cofcan_CDP14099.1	93.0	S	0.0
Bnap_XP_048630333.1	Cofcan_CDP14099.1	93.0	S	0.0
Atha_NP_850617.1	Cofcan_CDP14099.1	93.0	S	0.0
Bnap_XP_013697929.1	Cofcan_CDP14099.1	93.0	S	0.0
Bnap_XP_013749294.2	Cofcan_CDP14099.1	93.0	S	0.0
Bnap_XP_013697930.1	Cofcan_CDP14099.1	93.0	S	0.0
Bnap_XP_048630334.1	Cofcan_CDP14099.1	93.0	S	0.0
Bnap_XP_013749295.1	Cofcan_CDP14099.1	93.0	S	0.0
Atha_NP_001327067.1	Cofcan_CDP14099.1	93.0	S	0.0
Atha_NP_001030733.1	Cofcan_CDP14099.1	93.0	S	0.0
Atha_NP_566667.1	Rchi_XP_024159047.1	93.0	S	0.0
Atha_NP_001327066.1	Rchi_XP_024159047.1	93.0	S	0.0
Bnap_XP_048630333.1	Rchi_XP_024159047.1	93.0	S	0.0
Atha_NP_850617.1	Rchi_XP_024159047.1	93.0	S	0.0
Bnap_XP_013697929.1	Rchi_XP_024159047.1	93.0	S	0.0
Bnap_XP_013749294.2	Rchi_XP_024159047.1	93.0	S	0.0
Bnap_XP_013697930.1	Rchi_XP_024159047.1	93.0	S	0.0
Bnap_XP_048630334.1	Rchi_XP_024159047.1	93.0	S	0.0
Bnap_XP_013749295.1	Rchi_XP_024159047.1	93.0	S	0.0
Atha_NP_001327067.1	Rchi_XP_024159047.1	93.0	S	0.0
Atha_NP_001030733.1	Rchi_XP_024159047.1	93.0	S	0.0
Atha_NP_566667.1	Qlob_XP_030958998.1	93.0	S	0.0
Atha_NP_001327066.1	Qlob_XP_030958998.1	93.0	S	0.0
Bnap_XP_048630333.1	Qlob_XP_030958998.1	93.0	S	0.0
Atha_NP_850617.1	Qlob_XP_030958998.1	93.0	S	0.0
Bnap_XP_013697929.1	Qlob_XP_030958998.1	93.0	S	0.0
Bnap_XP_013749294.2	Qlob_XP_030958998.1	93.0	S	0.0
Bnap_XP_013697930.1	Qlob_XP_030958998.1	93.0	S	0.0
Bnap_XP_048630334.1	Qlob_XP_030958998.1	93.0	S	0.0
Bnap_XP_013749295.1	Qlob_XP_030958998.1	93.0	S	0.0
Atha_NP_001327067.1	Qlob_XP_030958998.1	93.0	S	0.0
Atha_NP_001030733.1	Qlob_XP_030958998.1	93.0	S	0.0
Atha_NP_566667.1	Qlob_XP_030959004.1	93.0	S	0.0
Atha_NP_001327066.1	Qlob_XP_030959004.1	93.0	S	0.0
Bnap_XP_048630333.1	Qlob_XP_030959004.1	93.0	S	0.0
Atha_NP_850617.1	Qlob_XP_030959004.1	93.0	S	0.0
Bnap_XP_013697929.1	Qlob_XP_030959004.1	93.0	S	0.0
Bnap_XP_013749294.2	Qlob_XP_030959004.1	93.0	S	0.0
Bnap_XP_013697930.1	Qlob_XP_030959004.1	93.0	S	0.0
Bnap_XP_048630334.1	Qlob_XP_030959004.1	93.0	S	0.0
Bnap_XP_013749295.1	Qlob_XP_030959004.1	93.0	S	0.0
Atha_NP_001327067.1	Qlob_XP_030959004.1	93.0	S	0.0
Atha_NP_001030733.1	Qlob_XP_030959004.1	93.0	S	0.0
Atha_NP_566667.1	Qlob_XP_030953162.1	93.0	S	0.0
Atha_NP_001327066.1	Qlob_XP_030953162.1	93.0	S	0.0
Bnap_XP_048630333.1	Qlob_XP_030953162.1	93.0	S	0.0
Atha_NP_850617.1	Qlob_XP_030953162.1	93.0	S	0.0
Bnap_XP_013697929.1	Qlob_XP_030953162.1	93.0	S	0.0
Bnap_XP_013749294.2	Qlob_XP_030953162.1	93.0	S	0.0
Bnap_XP_013697930.1	Qlob_XP_030953162.1	93.0	S	0.0
Bnap_XP_048630334.1	Qlob_XP_030953162.1	93.0	S	0.0
Bnap_XP_013749295.1	Qlob_XP_030953162.1	93.0	S	0.0
Atha_NP_001327067.1	Qlob_XP_030953162.1	93.0	S	0.0
Atha_NP_001030733.1	Qlob_XP_030953162.1	93.0	S	0.0
Atha_NP_566667.1	Mesc_XP_043813759.1	93.0	S	0.0
Atha_NP_001327066.1	Mesc_XP_043813759.1	93.0	S	0.0
Bnap_XP_048630333.1	Mesc_XP_043813759.1	93.0	S	0.0
Atha_NP_850617.1	Mesc_XP_043813759.1	93.0	S	0.0
Bnap_XP_013697929.1	Mesc_XP_043813759.1	93.0	S	0.0
Bnap_XP_013749294.2	Mesc_XP_043813759.1	93.0	S	0.0
Bnap_XP_013697930.1	Mesc_XP_043813759.1	93.0	S	0.0
Bnap_XP_048630334.1	Mesc_XP_043813759.1	93.0	S	0.0
Bnap_XP_013749295.1	Mesc_XP_043813759.1	93.0	S	0.0
Atha_NP_001327067.1	Mesc_XP_043813759.1	93.0	S	0.0
Atha_NP_001030733.1	Mesc_XP_043813759.1	93.0	S	0.0
Atha_NP_566667.1	Mesc_XP_043813755.1	93.0	S	0.0
Atha_NP_001327066.1	Mesc_XP_043813755.1	93.0	S	0.0
Bnap_XP_048630333.1	Mesc_XP_043813755.1	93.0	S	0.0
Atha_NP_850617.1	Mesc_XP_043813755.1	93.0	S	0.0
Bnap_XP_013697929.1	Mesc_XP_043813755.1	93.0	S	0.0
Bnap_XP_013749294.2	Mesc_XP_043813755.1	93.0	S	0.0
Bnap_XP_013697930.1	Mesc_XP_043813755.1	93.0	S	0.0
Bnap_XP_048630334.1	Mesc_XP_043813755.1	93.0	S	0.0
Bnap_XP_013749295.1	Mesc_XP_043813755.1	93.0	S	0.0
Atha_NP_001327067.1	Mesc_XP_043813755.1	93.0	S	0.0
Atha_NP_001030733.1	Mesc_XP_043813755.1	93.0	S	0.0
Atha_NP_566667.1	Mesc_XP_021616705.1	93.0	S	0.0
Atha_NP_001327066.1	Mesc_XP_021616705.1	93.0	S	0.0
Bnap_XP_048630333.1	Mesc_XP_021616705.1	93.0	S	0.0
Atha_NP_850617.1	Mesc_XP_021616705.1	93.0	S	0.0
Bnap_XP_013697929.1	Mesc_XP_021616705.1	93.0	S	0.0
Bnap_XP_013749294.2	Mesc_XP_021616705.1	93.0	S	0.0
Bnap_XP_013697930.1	Mesc_XP_021616705.1	93.0	S	0.0
Bnap_XP_048630334.1	Mesc_XP_021616705.1	93.0	S	0.0
Bnap_XP_013749295.1	Mesc_XP_021616705.1	93.0	S	0.0
Atha_NP_001327067.1	Mesc_XP_021616705.1	93.0	S	0.0
Atha_NP_001030733.1	Mesc_XP_021616705.1	93.0	S	0.0
Atha_NP_566667.1	Sollyc_NP_001306150.1	93.0	S	0.0
Atha_NP_001327066.1	Sollyc_NP_001306150.1	93.0	S	0.0
Bnap_XP_048630333.1	Sollyc_NP_001306150.1	93.0	S	0.0
Atha_NP_850617.1	Sollyc_NP_001306150.1	93.0	S	0.0
Bnap_XP_013697929.1	Sollyc_NP_001306150.1	93.0	S	0.0
Bnap_XP_013749294.2	Sollyc_NP_001306150.1	93.0	S	0.0
Bnap_XP_013697930.1	Sollyc_NP_001306150.1	93.0	S	0.0
Bnap_XP_048630334.1	Sollyc_NP_001306150.1	93.0	S	0.0
Bnap_XP_013749295.1	Sollyc_NP_001306150.1	93.0	S	0.0
Atha_NP_001327067.1	Sollyc_NP_001306150.1	93.0	S	0.0
Atha_NP_001030733.1	Sollyc_NP_001306150.1	93.0	S	0.0
Atha_NP_566667.1	Qlob_XP_030959010.1	93.0	S	0.0
Atha_NP_001327066.1	Qlob_XP_030959010.1	93.0	S	0.0
Bnap_XP_048630333.1	Qlob_XP_030959010.1	93.0	S	0.0
Atha_NP_850617.1	Qlob_XP_030959010.1	93.0	S	0.0
Bnap_XP_013697929.1	Qlob_XP_030959010.1	93.0	S	0.0
Bnap_XP_013749294.2	Qlob_XP_030959010.1	93.0	S	0.0
Bnap_XP_013697930.1	Qlob_XP_030959010.1	93.0	S	0.0
Bnap_XP_048630334.1	Qlob_XP_030959010.1	93.0	S	0.0
Bnap_XP_013749295.1	Qlob_XP_030959010.1	93.0	S	0.0
Atha_NP_001327067.1	Qlob_XP_030959010.1	93.0	S	0.0
Atha_NP_001030733.1	Qlob_XP_030959010.1	93.0	S	0.0
Ttri_CDW53161.1	Tbri_KRY47478.1	96.0	S	0.0
Tsui_KHJ45102.1	Tbri_KRY47478.1	96.0	S	0.0
Trimur_TMUE_0000000640	Tbri_KRY47478.1	96.0	S	0.0
Trimur_TMUE_3000012690	Tbri_KRY47478.1	96.0	S	0.0
Ttri_CDW53161.1	Plae_KAI0984297.1	96.0	S	0.0
Tsui_KHJ45102.1	Plae_KAI0984297.1	96.0	S	0.0
Trimur_TMUE_0000000640	Plae_KAI0984297.1	96.0	S	0.0
Trimur_TMUE_3000012690	Plae_KAI0984297.1	96.0	S	0.0
Ttri_CDW53161.1	Tnel_KRX20255.1	96.0	S	0.0
Tsui_KHJ45102.1	Tnel_KRX20255.1	96.0	S	0.0
Trimur_TMUE_0000000640	Tnel_KRX20255.1	96.0	S	0.0
Trimur_TMUE_3000012690	Tnel_KRX20255.1	96.0	S	0.0
Ttri_CDW53161.1	Plae_KAI0984298.1	96.0	S	0.0
Tsui_KHJ45102.1	Plae_KAI0984298.1	96.0	S	0.0
Trimur_TMUE_0000000640	Plae_KAI0984298.1	96.0	S	0.0
Trimur_TMUE_3000012690	Plae_KAI0984298.1	96.0	S	0.0
Ttri_CDW53161.1	Tnat_KRZ50470.1	96.0	S	0.0
Tsui_KHJ45102.1	Tnat_KRZ50470.1	96.0	S	0.0
Trimur_TMUE_0000000640	Tnat_KRZ50470.1	96.0	S	0.0
Trimur_TMUE_3000012690	Tnat_KRZ50470.1	96.0	S	0.0
Ttri_CDW53161.1	Tspi_XP_003380167.1	96.0	S	0.0
Tsui_KHJ45102.1	Tspi_XP_003380167.1	96.0	S	0.0
Trimur_TMUE_0000000640	Tspi_XP_003380167.1	96.0	S	0.0
Trimur_TMUE_3000012690	Tspi_XP_003380167.1	96.0	S	0.0
Ttri_CDW53161.1	Tspi_XP_003368987.1	96.0	S	0.0
Tsui_KHJ45102.1	Tspi_XP_003368987.1	96.0	S	0.0
Trimur_TMUE_0000000640	Tspi_XP_003368987.1	96.0	S	0.0
Trimur_TMUE_3000012690	Tspi_XP_003368987.1	96.0	S	0.0
Ttri_CDW53161.1	Tnel_KRX20256.1	96.0	S	0.0
Tsui_KHJ45102.1	Tnel_KRX20256.1	96.0	S	0.0
Trimur_TMUE_0000000640	Tnel_KRX20256.1	96.0	S	0.0
Trimur_TMUE_3000012690	Tnel_KRX20256.1	96.0	S	0.0
Mbel_CAJ0964053.1	Avit_KAL3989456.1	91.0	S	0.0
Mbel_CAJ0964053.1	Asuu_AgB01_g822_t01	91.0	S	0.0
Mbel_CAJ0964053.1	Lsig_VDK83118.1	91.0	S	0.0
Mbel_CAJ0964053.1	Ddip_jg26533	91.0	S	0.0
Mbel_CAJ0964053.1	Lloa_XP_003140884.1	91.0	S	0.0
Mbel_CAJ0964053.1	Dimm_MCP9257372.1	91.0	S	0.0
Mbel_CAJ0964053.1	Eela_EEL_0000590401-mRNA-1	91.0	S	0.0
Mbel_CAJ0964053.1	Asuu_AgB01_g822_t03	91.0	S	0.0
Mbel_CAJ0964053.1	Hcon_XGW18521.1	91.0	S	0.0
Mbel_CAJ0964053.1	Acey_EYB86026.1	91.0	S	0.0
Mbel_CAJ0964053.1	Otip_Oti_326_t	91.0	S	0.0
Mbel_CAJ0964053.1	Srat_XP_024508351.1	91.0	S	0.0
Mbel_CAJ0964053.1	Ever_VDD93866.1	91.0	S	0.0
Mbel_CAJ0964053.1	Asuu_AgB01_g822_t02	91.0	S	0.0
Mbel_CAJ0964053.1	Bmal_XP_001897040.1	91.0	S	0.0
Mbel_CAJ0964053.1	Sypmur_SMUV_0000527301-mRNA-1	91.0	S	0.0
Mbel_CAJ0964053.1	Asuu_AgB01_g822_t05	91.0	S	0.0
Mbel_CAJ0964053.1	Hpol_VDP19018.1	91.0	S	0.0
Mbel_CAJ0964053.1	Ovol_OVOC3662	91.0	S	0.0
Mbel_CAJ0964053.1	Cele_NP_505831.1	91.0	S	0.0
Mbel_CAJ0964053.1	Mhap_MhA1_Contig1994.frz3.gene4	91.0	S	0.0
Mbel_CAJ0964053.1	Mjap_MIJAPON000006756.t1	91.0	S	0.0
Mbel_CAJ0964053.1	Bxyl_CAG9128521.1	91.0	S	0.0
Mbel_CAJ0964053.1	Asuu_AgB01_g822_t04	91.0	S	0.0
Mbel_CAJ0964053.1	Wban_VDM22157.1	91.0	S	0.0
Mbel_CAJ0964053.1	Ddip_jg26521	91.0	S	0.0
Mbel_CAJ0964053.1	Gpal_Gpal_D383_g00500.t1	91.0	S	0.0
Mbel_CAJ0964053.1	Hcon_XGW18520.1	91.0	S	0.0
Mbel_CAJ0964053.1	Diplco_DCO_001492	91.0	S	0.0
Mbel_CAJ0964053.1	Scar_TKR80642.1	91.0	S	0.0
Mbel_CAJ0964053.1	Diplco_DCO_001490	91.0	S	0.0
Mbel_CAJ0964053.1	Angcan_KAE9418089.1	91.0	S	0.0
Mbel_CAJ0964053.1	Priarc_PARCANUS000014441.t1	91.0	S	0.0
Agrpla_XP_018331764.2	Apimel_XP_026296208.1	84.0	S	0.0
Agrpla_XP_018331764.2	Apimel_XP_026296209.1	84.0	S	0.0
Awhi_Unigene29846_Abeoforma_whisleri|m.18337	Pgem_Unigene20972_Pirum_gemmata|m.13675	98.0	S	0.0
Scil_XP_065185214.1	Lcom_lcpid51678|	100.0	S	0.0
Scil_XP_065185214.1	Lcom_lcpid115304|	100.0	S	0.0
Scil_XP_065185214.1	Lcom_lcpid67550|	100.0	S	0.0
Aque_XP_019853293.1	Pigchi_Pchi_g4251	62.0	S	0.0
Cper_Nk52_evm66s2367	Pigchi_Pchi_g4251	62.0	S	0.0
Avag_UJR16219.1	Pigchi_Pchi_g4251	62.0	S	0.0
Aque_XP_019853293.1	Emue_Em0011g644a	62.0	S	0.0
Cper_Nk52_evm66s2367	Emue_Em0011g644a	62.0	S	0.0
Avag_UJR16219.1	Emue_Em0011g644a	62.0	S	0.0
Aque_XP_019853293.1	Pvan_XP_069991586.1	62.0	S	0.0
Cper_Nk52_evm66s2367	Pvan_XP_069991586.1	62.0	S	0.0
Avag_UJR16219.1	Pvan_XP_069991586.1	62.0	S	0.0
Aque_XP_019853293.1	Pvan_XP_069991585.1	62.0	S	0.0
Cper_Nk52_evm66s2367	Pvan_XP_069991585.1	62.0	S	0.0
Avag_UJR16219.1	Pvan_XP_069991585.1	62.0	S	0.0
Aque_XP_019853293.1	Tadh_XP_002109881.1	62.0	S	0.0
Cper_Nk52_evm66s2367	Tadh_XP_002109881.1	62.0	S	0.0
Avag_UJR16219.1	Tadh_XP_002109881.1	62.0	S	0.0
Aque_XP_019853293.1	Twil_T_wilhelma_c33435_g2_i2|m.55195	62.0	S	0.0
Cper_Nk52_evm66s2367	Twil_T_wilhelma_c33435_g2_i2|m.55195	62.0	S	0.0
Avag_UJR16219.1	Twil_T_wilhelma_c33435_g2_i2|m.55195	62.0	S	0.0
Aque_XP_019853293.1	Pigvie_Pvie_g14601	62.0	S	0.0
Cper_Nk52_evm66s2367	Pigvie_Pvie_g14601	62.0	S	0.0
Avag_UJR16219.1	Pigvie_Pvie_g14601	62.0	S	0.0
Aque_XP_019853293.1	Dpul_XP_046461813.1	62.0	S	0.0
Cper_Nk52_evm66s2367	Dpul_XP_046461813.1	62.0	S	0.0
Avag_UJR16219.1	Dpul_XP_046461813.1	62.0	S	0.0
Cvir_XP_022338439.1	Skow_XP_006813260.1	78.0	S	0.0
Aplcal_XP_005102629.2	Skow_XP_006813260.1	78.0	S	0.0
Obim_XP_014780508.1	Skow_XP_006813260.1	78.0	S	0.0
Hrob_XP_009019479.1	Skow_XP_006813260.1	78.0	S	0.0
Hrob_XP_009019477.1	Skow_XP_006813260.1	78.0	S	0.0
Cvir_XP_022338439.1	Xtro_NP_001121525.1	78.0	S	0.0
Aplcal_XP_005102629.2	Xtro_NP_001121525.1	78.0	S	0.0
Obim_XP_014780508.1	Xtro_NP_001121525.1	78.0	S	0.0
Hrob_XP_009019479.1	Xtro_NP_001121525.1	78.0	S	0.0
Hrob_XP_009019477.1	Xtro_NP_001121525.1	78.0	S	0.0
Cvir_XP_022338439.1	Ggal_XP_025010992.2	78.0	S	0.0
Aplcal_XP_005102629.2	Ggal_XP_025010992.2	78.0	S	0.0
Obim_XP_014780508.1	Ggal_XP_025010992.2	78.0	S	0.0
Hrob_XP_009019479.1	Ggal_XP_025010992.2	78.0	S	0.0
Hrob_XP_009019477.1	Ggal_XP_025010992.2	78.0	S	0.0
Cvir_XP_022338439.1	Lpol_XP_022241372.1	78.0	S	0.0
Aplcal_XP_005102629.2	Lpol_XP_022241372.1	78.0	S	0.0
Obim_XP_014780508.1	Lpol_XP_022241372.1	78.0	S	0.0
Hrob_XP_009019479.1	Lpol_XP_022241372.1	78.0	S	0.0
Hrob_XP_009019477.1	Lpol_XP_022241372.1	78.0	S	0.0
Cvir_XP_022338439.1	Drer_NP_001103339.2	78.0	S	0.0
Aplcal_XP_005102629.2	Drer_NP_001103339.2	78.0	S	0.0
Obim_XP_014780508.1	Drer_NP_001103339.2	78.0	S	0.0
Hrob_XP_009019479.1	Drer_NP_001103339.2	78.0	S	0.0
Hrob_XP_009019477.1	Drer_NP_001103339.2	78.0	S	0.0
Cvir_XP_022338439.1	Hsap_XP_047290613.1	78.0	S	0.0
Aplcal_XP_005102629.2	Hsap_XP_047290613.1	78.0	S	0.0
Obim_XP_014780508.1	Hsap_XP_047290613.1	78.0	S	0.0
Hrob_XP_009019479.1	Hsap_XP_047290613.1	78.0	S	0.0
Hrob_XP_009019477.1	Hsap_XP_047290613.1	78.0	S	0.0
Cvir_XP_022338439.1	Lana_XP_013411836.1	78.0	S	0.0
Aplcal_XP_005102629.2	Lana_XP_013411836.1	78.0	S	0.0
Obim_XP_014780508.1	Lana_XP_013411836.1	78.0	S	0.0
Hrob_XP_009019479.1	Lana_XP_013411836.1	78.0	S	0.0
Hrob_XP_009019477.1	Lana_XP_013411836.1	78.0	S	0.0
Cvir_XP_022338439.1	Ggal_XP_004945335.2	78.0	S	0.0
Aplcal_XP_005102629.2	Ggal_XP_004945335.2	78.0	S	0.0
Obim_XP_014780508.1	Ggal_XP_004945335.2	78.0	S	0.0
Hrob_XP_009019479.1	Ggal_XP_004945335.2	78.0	S	0.0
Hrob_XP_009019477.1	Ggal_XP_004945335.2	78.0	S	0.0
Cvir_XP_022338439.1	Hsap_XP_047290610.1	78.0	S	0.0
Aplcal_XP_005102629.2	Hsap_XP_047290610.1	78.0	S	0.0
Obim_XP_014780508.1	Hsap_XP_047290610.1	78.0	S	0.0
Hrob_XP_009019479.1	Hsap_XP_047290610.1	78.0	S	0.0
Hrob_XP_009019477.1	Hsap_XP_047290610.1	78.0	S	0.0
Cvir_XP_022338439.1	Drer_XP_068072685.1	78.0	S	0.0
Aplcal_XP_005102629.2	Drer_XP_068072685.1	78.0	S	0.0
Obim_XP_014780508.1	Drer_XP_068072685.1	78.0	S	0.0
Hrob_XP_009019479.1	Drer_XP_068072685.1	78.0	S	0.0
Hrob_XP_009019477.1	Drer_XP_068072685.1	78.0	S	0.0
Cvir_XP_022338439.1	Hsap_XP_047290612.1	78.0	S	0.0
Aplcal_XP_005102629.2	Hsap_XP_047290612.1	78.0	S	0.0
Obim_XP_014780508.1	Hsap_XP_047290612.1	78.0	S	0.0
Hrob_XP_009019479.1	Hsap_XP_047290612.1	78.0	S	0.0
Hrob_XP_009019477.1	Hsap_XP_047290612.1	78.0	S	0.0
Cvir_XP_022338439.1	Apla_XP_022085202.1	78.0	S	0.0
Aplcal_XP_005102629.2	Apla_XP_022085202.1	78.0	S	0.0
Obim_XP_014780508.1	Apla_XP_022085202.1	78.0	S	0.0
Hrob_XP_009019479.1	Apla_XP_022085202.1	78.0	S	0.0
Hrob_XP_009019477.1	Apla_XP_022085202.1	78.0	S	0.0
Cvir_XP_022338439.1	Hsap_NP_079049.2	78.0	S	0.0
Aplcal_XP_005102629.2	Hsap_NP_079049.2	78.0	S	0.0
Obim_XP_014780508.1	Hsap_NP_079049.2	78.0	S	0.0
Hrob_XP_009019479.1	Hsap_NP_079049.2	78.0	S	0.0
Hrob_XP_009019477.1	Hsap_NP_079049.2	78.0	S	0.0
Cvir_XP_022338439.1	Blan_XP_066295512.1	78.0	S	0.0
Aplcal_XP_005102629.2	Blan_XP_066295512.1	78.0	S	0.0
Obim_XP_014780508.1	Blan_XP_066295512.1	78.0	S	0.0
Hrob_XP_009019479.1	Blan_XP_066295512.1	78.0	S	0.0
Hrob_XP_009019477.1	Blan_XP_066295512.1	78.0	S	0.0
Cvir_XP_022338439.1	Hsap_XP_047290614.1	78.0	S	0.0
Aplcal_XP_005102629.2	Hsap_XP_047290614.1	78.0	S	0.0
Obim_XP_014780508.1	Hsap_XP_047290614.1	78.0	S	0.0
Hrob_XP_009019479.1	Hsap_XP_047290614.1	78.0	S	0.0
Hrob_XP_009019477.1	Hsap_XP_047290614.1	78.0	S	0.0
Cvir_XP_022338439.1	Hsap_NP_001138820.1	78.0	S	0.0
Aplcal_XP_005102629.2	Hsap_NP_001138820.1	78.0	S	0.0
Obim_XP_014780508.1	Hsap_NP_001138820.1	78.0	S	0.0
Hrob_XP_009019479.1	Hsap_NP_001138820.1	78.0	S	0.0
Hrob_XP_009019477.1	Hsap_NP_001138820.1	78.0	S	0.0
Cvir_XP_022338439.1	Lpol_XP_013774279.1	78.0	S	0.0
Aplcal_XP_005102629.2	Lpol_XP_013774279.1	78.0	S	0.0
Obim_XP_014780508.1	Lpol_XP_013774279.1	78.0	S	0.0
Hrob_XP_009019479.1	Lpol_XP_013774279.1	78.0	S	0.0
Hrob_XP_009019477.1	Lpol_XP_013774279.1	78.0	S	0.0
Cvir_XP_022338439.1	Ofus_CAH1779520.1	78.0	S	0.0
Aplcal_XP_005102629.2	Ofus_CAH1779520.1	78.0	S	0.0
Obim_XP_014780508.1	Ofus_CAH1779520.1	78.0	S	0.0
Hrob_XP_009019479.1	Ofus_CAH1779520.1	78.0	S	0.0
Hrob_XP_009019477.1	Ofus_CAH1779520.1	78.0	S	0.0
Cvir_XP_022338439.1	Spur_XP_030839602.1	78.0	S	0.0
Aplcal_XP_005102629.2	Spur_XP_030839602.1	78.0	S	0.0
Obim_XP_014780508.1	Spur_XP_030839602.1	78.0	S	0.0
Hrob_XP_009019479.1	Spur_XP_030839602.1	78.0	S	0.0
Hrob_XP_009019477.1	Spur_XP_030839602.1	78.0	S	0.0
Cvir_XP_022338439.1	Ggal_XP_414883.4	78.0	S	0.0
Aplcal_XP_005102629.2	Ggal_XP_414883.4	78.0	S	0.0
Obim_XP_014780508.1	Ggal_XP_414883.4	78.0	S	0.0
Hrob_XP_009019479.1	Ggal_XP_414883.4	78.0	S	0.0
Hrob_XP_009019477.1	Ggal_XP_414883.4	78.0	S	0.0
Cvir_XP_022338439.1	Lpol_XP_022241370.1	78.0	S	0.0
Aplcal_XP_005102629.2	Lpol_XP_022241370.1	78.0	S	0.0
Obim_XP_014780508.1	Lpol_XP_022241370.1	78.0	S	0.0
Hrob_XP_009019479.1	Lpol_XP_022241370.1	78.0	S	0.0
Hrob_XP_009019477.1	Lpol_XP_022241370.1	78.0	S	0.0
Cvir_XP_022338439.1	Cscu_XP_023216044.1	78.0	S	0.0
Aplcal_XP_005102629.2	Cscu_XP_023216044.1	78.0	S	0.0
Obim_XP_014780508.1	Cscu_XP_023216044.1	78.0	S	0.0
Hrob_XP_009019479.1	Cscu_XP_023216044.1	78.0	S	0.0
Hrob_XP_009019477.1	Cscu_XP_023216044.1	78.0	S	0.0
Cvir_XP_022338439.1	Lpol_XP_022241371.1	78.0	S	0.0
Aplcal_XP_005102629.2	Lpol_XP_022241371.1	78.0	S	0.0
Obim_XP_014780508.1	Lpol_XP_022241371.1	78.0	S	0.0
Hrob_XP_009019479.1	Lpol_XP_022241371.1	78.0	S	0.0
Hrob_XP_009019477.1	Lpol_XP_022241371.1	78.0	S	0.0
Cvir_XP_022338439.1	Hsap_XP_016879165.1	78.0	S	0.0
Aplcal_XP_005102629.2	Hsap_XP_016879165.1	78.0	S	0.0
Obim_XP_014780508.1	Hsap_XP_016879165.1	78.0	S	0.0
Hrob_XP_009019479.1	Hsap_XP_016879165.1	78.0	S	0.0
Hrob_XP_009019477.1	Hsap_XP_016879165.1	78.0	S	0.0
Cvir_XP_022338439.1	Apla_XP_022085203.1	78.0	S	0.0
Aplcal_XP_005102629.2	Apla_XP_022085203.1	78.0	S	0.0
Obim_XP_014780508.1	Apla_XP_022085203.1	78.0	S	0.0
Hrob_XP_009019479.1	Apla_XP_022085203.1	78.0	S	0.0
Hrob_XP_009019477.1	Apla_XP_022085203.1	78.0	S	0.0
Cvir_XP_022338439.1	Hsap_XP_047290611.1	78.0	S	0.0
Aplcal_XP_005102629.2	Hsap_XP_047290611.1	78.0	S	0.0
Obim_XP_014780508.1	Hsap_XP_047290611.1	78.0	S	0.0
Hrob_XP_009019479.1	Hsap_XP_047290611.1	78.0	S	0.0
Hrob_XP_009019477.1	Hsap_XP_047290611.1	78.0	S	0.0
Smoe_XP_024532000.1	Smoe_XP_024527656.1	97.0	D	1.0
Smoe_XP_024532000.1	Smoe_XP_024527658.1	97.0	D	1.0
Smoe_XP_024532000.1	Smoe_XP_024527929.1	97.0	D	1.0
Smoe_XP_024532000.1	Smoe_XP_024527933.1	97.0	D	1.0
Smoe_XP_024532000.1	Smoe_XP_024527928.1	97.0	D	1.0
Smoe_XP_024532000.1	Smoe_XP_024527655.1	97.0	D	1.0
Smoe_XP_024532000.1	Smoe_XP_024527931.1	97.0	D	1.0
Smoe_XP_024532000.1	Smoe_XP_024527934.1	97.0	D	1.0
Smoe_XP_024532000.1	Smoe_XP_024527652.1	97.0	D	1.0
Smoe_XP_024532000.1	Smoe_XP_024527654.1	97.0	D	1.0
Smoe_XP_024532000.1	Smoe_XP_024527935.1	97.0	D	1.0
Smoe_XP_024532000.1	Smoe_XP_024527930.1	97.0	D	1.0
Smoe_XP_024532000.1	Smoe_XP_024527932.1	97.0	D	1.0
Smoe_XP_024532000.1	Smoe_XP_024527653.1	97.0	D	1.0
Smoe_XP_024532000.1	Smoe_XP_024527657.1	97.0	D	1.0
Lsat_XP_023734930.1	Lsat_XP_023734931.1	100.0	D	1.0
Sollyc_XP_004247201.1	Sollyc_XP_025888583.1	100.0	D	1.0
Rchi_XP_040364728.1	Rchi_XP_024164996.1	100.0	D	1.0
Psat_XP_050887295.1	Qlob_XP_030947628.1	98.0	S	0.0
Mtru_XP_003590573.1	Qlob_XP_030947628.1	98.0	S	0.0
Psat_XP_050887295.1	Qlob_XP_030973177.1	98.0	S	0.0
Mtru_XP_003590573.1	Qlob_XP_030973177.1	98.0	S	0.0
Psat_XP_050887295.1	Qlob_XP_030947629.1	98.0	S	0.0
Mtru_XP_003590573.1	Qlob_XP_030947629.1	98.0	S	0.0
Bnap_XP_048608056.1	Bnap_XP_013682006.3	100.0	D	1.0
Bnap_XP_048608056.1	Bnap_XP_048608055.1	100.0	D	1.0
Osat_XP_015618176.1	Osat_XP_015618184.1	75.0	D	1.0
Osat_XP_015618176.1	Osat_XP_015618169.1	75.0	D	1.0
Zmay_NP_001360982.1	Ecur_TVU34937.1	92.0	S	0.0
Zmay_NP_001360982.1	Ecur_TVU34924.1	92.0	S	0.0
Tura_XP_048564742.1	Bdis_XP_010232410.2	100.0	S	0.0
Tura_XP_048564742.1	Bdis_XP_024313966.1	100.0	S	0.0
Tura_XP_048564742.1	Bdis_XP_003569931.2	100.0	S	0.0
Emue_Em0015g867a	Emue_Em0015g829a	100.0	D	1.0
Scil_XP_065182659.1	Lcom_lcpid61937|	100.0	S	0.0
Emue_Em0246g2a	Twil_T_wilhelma_c23056_g1_i1|m.9140	99.0	S	0.0
Emue_Em0960g3a	Twil_T_wilhelma_c23056_g1_i1|m.9140	99.0	S	0.0
Emue_Em0019g914a	Twil_T_wilhelma_c23056_g1_i1|m.9140	99.0	S	0.0
Emue_Em0246g2a	Aque_XP_011403823.1	99.0	S	0.0
Emue_Em0960g3a	Aque_XP_011403823.1	99.0	S	0.0
Emue_Em0019g914a	Aque_XP_011403823.1	99.0	S	0.0
Emue_Em0246g2a	Twil_T_wilhelma_c23056_g1_i3|m.9144	99.0	S	0.0
Emue_Em0960g3a	Twil_T_wilhelma_c23056_g1_i3|m.9144	99.0	S	0.0
Emue_Em0019g914a	Twil_T_wilhelma_c23056_g1_i3|m.9144	99.0	S	0.0
Emue_Em0246g2a	Twil_T_wilhelma_c23056_g1_i2|m.9142	99.0	S	0.0
Emue_Em0960g3a	Twil_T_wilhelma_c23056_g1_i2|m.9142	99.0	S	0.0
Emue_Em0019g914a	Twil_T_wilhelma_c23056_g1_i2|m.9142	99.0	S	0.0
Pigvie_Pvie_g6971	Pigchi_Pchi_g10289	100.0	S	0.0
Twil_T_wilhelma_c26228_g1_i2|m.16414	Emue_Em0010g680a	100.0	S	0.0
Twil_T_wilhelma_c26228_g1_i3|m.16415	Emue_Em0010g680a	100.0	S	0.0
Twil_T_wilhelma_c26228_g1_i1|m.16413	Emue_Em0010g680a	100.0	S	0.0
Twil_T_wilhelma_c26228_g1_i2|m.16414	Emue_Em0010g639a	100.0	S	0.0
Twil_T_wilhelma_c26228_g1_i3|m.16415	Emue_Em0010g639a	100.0	S	0.0
Twil_T_wilhelma_c26228_g1_i1|m.16413	Emue_Em0010g639a	100.0	S	0.0
Twil_T_wilhelma_c26228_g1_i2|m.16414	Emue_Em0010g647a	100.0	S	0.0
Twil_T_wilhelma_c26228_g1_i3|m.16415	Emue_Em0010g647a	100.0	S	0.0
Twil_T_wilhelma_c26228_g1_i1|m.16413	Emue_Em0010g647a	100.0	S	0.0
Twil_T_wilhelma_c26228_g1_i2|m.16414	Emue_Em0010g663a	100.0	S	0.0
Twil_T_wilhelma_c26228_g1_i3|m.16415	Emue_Em0010g663a	100.0	S	0.0
Twil_T_wilhelma_c26228_g1_i1|m.16413	Emue_Em0010g663a	100.0	S	0.0
Twil_T_wilhelma_c26228_g1_i2|m.16414	Emue_Em0010g651a	100.0	S	0.0
Twil_T_wilhelma_c26228_g1_i3|m.16415	Emue_Em0010g651a	100.0	S	0.0
Twil_T_wilhelma_c26228_g1_i1|m.16413	Emue_Em0010g651a	100.0	S	0.0
Drer_NP_958904.1	Hsap_XP_011538242.1	100.0	S	0.0
Drer_NP_958904.1	Xtro_NP_988915.1	100.0	S	0.0
Drer_NP_958904.1	Ggal_XP_426507.2	100.0	S	0.0
Drer_NP_958904.1	Hsap_NP_060372.2	100.0	S	0.0
Spur_XP_030835125.1	Lpol_XP_013777533.1	86.0	S	0.0
Apla_XP_022080314.1	Lpol_XP_013777533.1	86.0	S	0.0
Spur_XP_030835125.1	Lcom_lcpid192438|	86.0	S	0.0
Apla_XP_022080314.1	Lcom_lcpid192438|	86.0	S	0.0
Spur_XP_030835125.1	Agrpla_XP_018320992.1	86.0	S	0.0
Apla_XP_022080314.1	Agrpla_XP_018320992.1	86.0	S	0.0
Spur_XP_030835125.1	Cvir_XP_022318228.1	86.0	S	0.0
Apla_XP_022080314.1	Cvir_XP_022318228.1	86.0	S	0.0
Spur_XP_030835125.1	Lpol_XP_022242198.1	86.0	S	0.0
Apla_XP_022080314.1	Lpol_XP_022242198.1	86.0	S	0.0
Spur_XP_030835125.1	Lpol_XP_013775038.1	86.0	S	0.0
Apla_XP_022080314.1	Lpol_XP_013775038.1	86.0	S	0.0
Spur_XP_030835125.1	Cscu_XP_023219803.1	86.0	S	0.0
Apla_XP_022080314.1	Cscu_XP_023219803.1	86.0	S	0.0
Spur_XP_030835125.1	Hrob_XP_009025637.1	86.0	S	0.0
Apla_XP_022080314.1	Hrob_XP_009025637.1	86.0	S	0.0
Spur_XP_030835125.1	Cint_XP_018672432.2	86.0	S	0.0
Apla_XP_022080314.1	Cint_XP_018672432.2	86.0	S	0.0
Spur_XP_030835125.1	Cscu_XP_023219802.1	86.0	S	0.0
Apla_XP_022080314.1	Cscu_XP_023219802.1	86.0	S	0.0
Spur_XP_030835125.1	Obim_XP_014772373.1	86.0	S	0.0
Apla_XP_022080314.1	Obim_XP_014772373.1	86.0	S	0.0
Spur_XP_030835125.1	Aplcal_XP_005092336.1	86.0	S	0.0
Apla_XP_022080314.1	Aplcal_XP_005092336.1	86.0	S	0.0
Spur_XP_030835125.1	Smar_SMAR013954-PA	86.0	S	0.0
Apla_XP_022080314.1	Smar_SMAR013954-PA	86.0	S	0.0
Spur_XP_030835125.1	Blan_XP_066303428.1	86.0	S	0.0
Apla_XP_022080314.1	Blan_XP_066303428.1	86.0	S	0.0
Spur_XP_030835125.1	Lana_XP_013385380.1	86.0	S	0.0
Apla_XP_022080314.1	Lana_XP_013385380.1	86.0	S	0.0
Spur_XP_030835125.1	Lpol_XP_022242199.1	86.0	S	0.0
Apla_XP_022080314.1	Lpol_XP_022242199.1	86.0	S	0.0
Spur_XP_030835125.1	Pvan_XP_027207134.1	86.0	S	0.0
Apla_XP_022080314.1	Pvan_XP_027207134.1	86.0	S	0.0
Spur_XP_030835125.1	Lpol_XP_022239646.1	86.0	S	0.0
Apla_XP_022080314.1	Lpol_XP_022239646.1	86.0	S	0.0
Spur_XP_030835125.1	Blan_XP_066303427.1	86.0	S	0.0
Apla_XP_022080314.1	Blan_XP_066303427.1	86.0	S	0.0
Spur_XP_030835125.1	Btab_XP_018911171.1	86.0	S	0.0
Apla_XP_022080314.1	Btab_XP_018911171.1	86.0	S	0.0
Spur_XP_030835125.1	Cscu_XP_023219801.1	86.0	S	0.0
Apla_XP_022080314.1	Cscu_XP_023219801.1	86.0	S	0.0
Spur_XP_030835125.1	Ofus_CAH1793965.1	86.0	S	0.0
Apla_XP_022080314.1	Ofus_CAH1793965.1	86.0	S	0.0
Tura_XP_048543124.1	Osat_XP_015648710.1	100.0	S	0.0
Bdis_XP_003572365.1	Osat_XP_015648710.1	100.0	S	0.0
Tura_XP_048542530.1	Osat_XP_015648710.1	100.0	S	0.0
Tura_XP_048543124.1	Osat_XP_015648712.1	100.0	S	0.0
Bdis_XP_003572365.1	Osat_XP_015648712.1	100.0	S	0.0
Tura_XP_048542530.1	Osat_XP_015648712.1	100.0	S	0.0
Tura_XP_048543124.1	Zmay_XP_035823399.1	100.0	S	0.0
Bdis_XP_003572365.1	Zmay_XP_035823399.1	100.0	S	0.0
Tura_XP_048542530.1	Zmay_XP_035823399.1	100.0	S	0.0
Tura_XP_048543124.1	Ecur_TVU05222.1	100.0	S	0.0
Bdis_XP_003572365.1	Ecur_TVU05222.1	100.0	S	0.0
Tura_XP_048542530.1	Ecur_TVU05222.1	100.0	S	0.0
Tura_XP_048543124.1	Zmay_XP_035823398.1	100.0	S	0.0
Bdis_XP_003572365.1	Zmay_XP_035823398.1	100.0	S	0.0
Tura_XP_048542530.1	Zmay_XP_035823398.1	100.0	S	0.0
Tura_XP_048543124.1	Ecur_TVU01081.1	100.0	S	0.0
Bdis_XP_003572365.1	Ecur_TVU01081.1	100.0	S	0.0
Tura_XP_048542530.1	Ecur_TVU01081.1	100.0	S	0.0
Tura_XP_048543124.1	Osat_XP_015648711.1	100.0	S	0.0
Bdis_XP_003572365.1	Osat_XP_015648711.1	100.0	S	0.0
Tura_XP_048542530.1	Osat_XP_015648711.1	100.0	S	0.0
Tura_XP_048530839.1	Zmay_NP_001140556.1	98.0	S	0.0
Tura_XP_048530838.1	Zmay_NP_001140556.1	98.0	S	0.0
Bdis_XP_014758878.1	Zmay_NP_001140556.1	98.0	S	0.0
Osat_XP_015610619.1	Zmay_NP_001140556.1	98.0	S	0.0
Tura_XP_048530839.1	Zmay_XP_008665873.1	98.0	S	0.0
Tura_XP_048530838.1	Zmay_XP_008665873.1	98.0	S	0.0
Bdis_XP_014758878.1	Zmay_XP_008665873.1	98.0	S	0.0
Osat_XP_015610619.1	Zmay_XP_008665873.1	98.0	S	0.0
Tura_XP_048530839.1	Zmay_XP_008665874.1	98.0	S	0.0
Tura_XP_048530838.1	Zmay_XP_008665874.1	98.0	S	0.0
Bdis_XP_014758878.1	Zmay_XP_008665874.1	98.0	S	0.0
Osat_XP_015610619.1	Zmay_XP_008665874.1	98.0	S	0.0
Tura_XP_048530839.1	Zmay_XP_008667465.1	98.0	S	0.0
Tura_XP_048530838.1	Zmay_XP_008667465.1	98.0	S	0.0
Bdis_XP_014758878.1	Zmay_XP_008667465.1	98.0	S	0.0
Osat_XP_015610619.1	Zmay_XP_008667465.1	98.0	S	0.0
Tura_XP_048530839.1	Zmay_XP_023157516.1	98.0	S	0.0
Tura_XP_048530838.1	Zmay_XP_023157516.1	98.0	S	0.0
Bdis_XP_014758878.1	Zmay_XP_023157516.1	98.0	S	0.0
Osat_XP_015610619.1	Zmay_XP_023157516.1	98.0	S	0.0
Tura_XP_048530839.1	Ecur_TVU10016.1	98.0	S	0.0
Tura_XP_048530838.1	Ecur_TVU10016.1	98.0	S	0.0
Bdis_XP_014758878.1	Ecur_TVU10016.1	98.0	S	0.0
Osat_XP_015610619.1	Ecur_TVU10016.1	98.0	S	0.0
Tura_XP_048530839.1	Zmay_XP_008651381.1	98.0	S	0.0
Tura_XP_048530838.1	Zmay_XP_008651381.1	98.0	S	0.0
Bdis_XP_014758878.1	Zmay_XP_008651381.1	98.0	S	0.0
Osat_XP_015610619.1	Zmay_XP_008651381.1	98.0	S	0.0
Atha_NP_566667.1	Bnap_XP_013697929.1	95.0	S	0.0
Atha_NP_001327066.1	Bnap_XP_013697929.1	95.0	S	0.0
Atha_NP_850617.1	Bnap_XP_013697929.1	95.0	S	0.0
Atha_NP_001327067.1	Bnap_XP_013697929.1	95.0	S	0.0
Atha_NP_001030733.1	Bnap_XP_013697929.1	95.0	S	0.0
Atha_NP_566667.1	Bnap_XP_013697930.1	95.0	S	0.0
Atha_NP_001327066.1	Bnap_XP_013697930.1	95.0	S	0.0
Atha_NP_850617.1	Bnap_XP_013697930.1	95.0	S	0.0
Atha_NP_001327067.1	Bnap_XP_013697930.1	95.0	S	0.0
Atha_NP_001030733.1	Bnap_XP_013697930.1	95.0	S	0.0
Atha_NP_566667.1	Bnap_XP_048630333.1	95.0	S	0.0
Atha_NP_001327066.1	Bnap_XP_048630333.1	95.0	S	0.0
Atha_NP_850617.1	Bnap_XP_048630333.1	95.0	S	0.0
Atha_NP_001327067.1	Bnap_XP_048630333.1	95.0	S	0.0
Atha_NP_001030733.1	Bnap_XP_048630333.1	95.0	S	0.0
Atha_NP_566667.1	Bnap_XP_013749294.2	95.0	S	0.0
Atha_NP_001327066.1	Bnap_XP_013749294.2	95.0	S	0.0
Atha_NP_850617.1	Bnap_XP_013749294.2	95.0	S	0.0
Atha_NP_001327067.1	Bnap_XP_013749294.2	95.0	S	0.0
Atha_NP_001030733.1	Bnap_XP_013749294.2	95.0	S	0.0
Atha_NP_566667.1	Bnap_XP_048630334.1	95.0	S	0.0
Atha_NP_001327066.1	Bnap_XP_048630334.1	95.0	S	0.0
Atha_NP_850617.1	Bnap_XP_048630334.1	95.0	S	0.0
Atha_NP_001327067.1	Bnap_XP_048630334.1	95.0	S	0.0
Atha_NP_001030733.1	Bnap_XP_048630334.1	95.0	S	0.0
Atha_NP_566667.1	Bnap_XP_013749295.1	95.0	S	0.0
Atha_NP_001327066.1	Bnap_XP_013749295.1	95.0	S	0.0
Atha_NP_850617.1	Bnap_XP_013749295.1	95.0	S	0.0
Atha_NP_001327067.1	Bnap_XP_013749295.1	95.0	S	0.0
Atha_NP_001030733.1	Bnap_XP_013749295.1	95.0	S	0.0
Rchi_XP_024158191.1	Lsat_XP_023742173.1	89.0	S	0.0
Rchi_XP_024159049.1	Lsat_XP_023742173.1	89.0	S	0.0
Rchi_XP_024159047.1	Lsat_XP_023742173.1	89.0	S	0.0
Rchi_XP_040375662.1	Lsat_XP_023742173.1	89.0	S	0.0
Rchi_XP_040375663.1	Lsat_XP_023742173.1	89.0	S	0.0
Rchi_XP_024159048.1	Lsat_XP_023742173.1	89.0	S	0.0
Rchi_XP_024158191.1	Qlob_XP_030953153.1	89.0	S	0.0
Rchi_XP_024159049.1	Qlob_XP_030953153.1	89.0	S	0.0
Rchi_XP_024159047.1	Qlob_XP_030953153.1	89.0	S	0.0
Rchi_XP_040375662.1	Qlob_XP_030953153.1	89.0	S	0.0
Rchi_XP_040375663.1	Qlob_XP_030953153.1	89.0	S	0.0
Rchi_XP_024159048.1	Qlob_XP_030953153.1	89.0	S	0.0
Rchi_XP_024158191.1	Sollyc_XP_069152187.1	89.0	S	0.0
Rchi_XP_024159049.1	Sollyc_XP_069152187.1	89.0	S	0.0
Rchi_XP_024159047.1	Sollyc_XP_069152187.1	89.0	S	0.0
Rchi_XP_040375662.1	Sollyc_XP_069152187.1	89.0	S	0.0
Rchi_XP_040375663.1	Sollyc_XP_069152187.1	89.0	S	0.0
Rchi_XP_024159048.1	Sollyc_XP_069152187.1	89.0	S	0.0
Rchi_XP_024158191.1	Mesc_XP_043805952.1	89.0	S	0.0
Rchi_XP_024159049.1	Mesc_XP_043805952.1	89.0	S	0.0
Rchi_XP_024159047.1	Mesc_XP_043805952.1	89.0	S	0.0
Rchi_XP_040375662.1	Mesc_XP_043805952.1	89.0	S	0.0
Rchi_XP_040375663.1	Mesc_XP_043805952.1	89.0	S	0.0
Rchi_XP_024159048.1	Mesc_XP_043805952.1	89.0	S	0.0
Rchi_XP_024158191.1	Qlob_XP_030958993.1	89.0	S	0.0
Rchi_XP_024159049.1	Qlob_XP_030958993.1	89.0	S	0.0
Rchi_XP_024159047.1	Qlob_XP_030958993.1	89.0	S	0.0
Rchi_XP_040375662.1	Qlob_XP_030958993.1	89.0	S	0.0
Rchi_XP_040375663.1	Qlob_XP_030958993.1	89.0	S	0.0
Rchi_XP_024159048.1	Qlob_XP_030958993.1	89.0	S	0.0
Rchi_XP_024158191.1	Mesc_XP_043805953.1	89.0	S	0.0
Rchi_XP_024159049.1	Mesc_XP_043805953.1	89.0	S	0.0
Rchi_XP_024159047.1	Mesc_XP_043805953.1	89.0	S	0.0
Rchi_XP_040375662.1	Mesc_XP_043805953.1	89.0	S	0.0
Rchi_XP_040375663.1	Mesc_XP_043805953.1	89.0	S	0.0
Rchi_XP_024159048.1	Mesc_XP_043805953.1	89.0	S	0.0
Rchi_XP_024158191.1	Mesc_XP_043813758.1	89.0	S	0.0
Rchi_XP_024159049.1	Mesc_XP_043813758.1	89.0	S	0.0
Rchi_XP_024159047.1	Mesc_XP_043813758.1	89.0	S	0.0
Rchi_XP_040375662.1	Mesc_XP_043813758.1	89.0	S	0.0
Rchi_XP_040375663.1	Mesc_XP_043813758.1	89.0	S	0.0
Rchi_XP_024159048.1	Mesc_XP_043813758.1	89.0	S	0.0
Rchi_XP_024158191.1	Mesc_XP_021616706.1	89.0	S	0.0
Rchi_XP_024159049.1	Mesc_XP_021616706.1	89.0	S	0.0
Rchi_XP_024159047.1	Mesc_XP_021616706.1	89.0	S	0.0
Rchi_XP_040375662.1	Mesc_XP_021616706.1	89.0	S	0.0
Rchi_XP_040375663.1	Mesc_XP_021616706.1	89.0	S	0.0
Rchi_XP_024159048.1	Mesc_XP_021616706.1	89.0	S	0.0
Rchi_XP_024158191.1	Qlob_XP_030958989.1	89.0	S	0.0
Rchi_XP_024159049.1	Qlob_XP_030958989.1	89.0	S	0.0
Rchi_XP_024159047.1	Qlob_XP_030958989.1	89.0	S	0.0
Rchi_XP_040375662.1	Qlob_XP_030958989.1	89.0	S	0.0
Rchi_XP_040375663.1	Qlob_XP_030958989.1	89.0	S	0.0
Rchi_XP_024159048.1	Qlob_XP_030958989.1	89.0	S	0.0
Rchi_XP_024158191.1	Psat_XP_050893429.1	89.0	S	0.0
Rchi_XP_024159049.1	Psat_XP_050893429.1	89.0	S	0.0
Rchi_XP_024159047.1	Psat_XP_050893429.1	89.0	S	0.0
Rchi_XP_040375662.1	Psat_XP_050893429.1	89.0	S	0.0
Rchi_XP_040375663.1	Psat_XP_050893429.1	89.0	S	0.0
Rchi_XP_024159048.1	Psat_XP_050893429.1	89.0	S	0.0
Rchi_XP_024158191.1	Mesc_XP_043813756.1	89.0	S	0.0
Rchi_XP_024159049.1	Mesc_XP_043813756.1	89.0	S	0.0
Rchi_XP_024159047.1	Mesc_XP_043813756.1	89.0	S	0.0
Rchi_XP_040375662.1	Mesc_XP_043813756.1	89.0	S	0.0
Rchi_XP_040375663.1	Mesc_XP_043813756.1	89.0	S	0.0
Rchi_XP_024159048.1	Mesc_XP_043813756.1	89.0	S	0.0
Rchi_XP_024158191.1	Mtru_XP_013456231.1	89.0	S	0.0
Rchi_XP_024159049.1	Mtru_XP_013456231.1	89.0	S	0.0
Rchi_XP_024159047.1	Mtru_XP_013456231.1	89.0	S	0.0
Rchi_XP_040375662.1	Mtru_XP_013456231.1	89.0	S	0.0
Rchi_XP_040375663.1	Mtru_XP_013456231.1	89.0	S	0.0
Rchi_XP_024159048.1	Mtru_XP_013456231.1	89.0	S	0.0
Rchi_XP_024158191.1	Cofcan_CDP14099.1	89.0	S	0.0
Rchi_XP_024159049.1	Cofcan_CDP14099.1	89.0	S	0.0
Rchi_XP_024159047.1	Cofcan_CDP14099.1	89.0	S	0.0
Rchi_XP_040375662.1	Cofcan_CDP14099.1	89.0	S	0.0
Rchi_XP_040375663.1	Cofcan_CDP14099.1	89.0	S	0.0
Rchi_XP_024159048.1	Cofcan_CDP14099.1	89.0	S	0.0
Rchi_XP_024158191.1	Qlob_XP_030958998.1	89.0	S	0.0
Rchi_XP_024159049.1	Qlob_XP_030958998.1	89.0	S	0.0
Rchi_XP_024159047.1	Qlob_XP_030958998.1	89.0	S	0.0
Rchi_XP_040375662.1	Qlob_XP_030958998.1	89.0	S	0.0
Rchi_XP_040375663.1	Qlob_XP_030958998.1	89.0	S	0.0
Rchi_XP_024159048.1	Qlob_XP_030958998.1	89.0	S	0.0
Rchi_XP_024158191.1	Qlob_XP_030959004.1	89.0	S	0.0
Rchi_XP_024159049.1	Qlob_XP_030959004.1	89.0	S	0.0
Rchi_XP_024159047.1	Qlob_XP_030959004.1	89.0	S	0.0
Rchi_XP_040375662.1	Qlob_XP_030959004.1	89.0	S	0.0
Rchi_XP_040375663.1	Qlob_XP_030959004.1	89.0	S	0.0
Rchi_XP_024159048.1	Qlob_XP_030959004.1	89.0	S	0.0
Rchi_XP_024158191.1	Qlob_XP_030953162.1	89.0	S	0.0
Rchi_XP_024159049.1	Qlob_XP_030953162.1	89.0	S	0.0
Rchi_XP_024159047.1	Qlob_XP_030953162.1	89.0	S	0.0
Rchi_XP_040375662.1	Qlob_XP_030953162.1	89.0	S	0.0
Rchi_XP_040375663.1	Qlob_XP_030953162.1	89.0	S	0.0
Rchi_XP_024159048.1	Qlob_XP_030953162.1	89.0	S	0.0
Rchi_XP_024158191.1	Mesc_XP_043813759.1	89.0	S	0.0
Rchi_XP_024159049.1	Mesc_XP_043813759.1	89.0	S	0.0
Rchi_XP_024159047.1	Mesc_XP_043813759.1	89.0	S	0.0
Rchi_XP_040375662.1	Mesc_XP_043813759.1	89.0	S	0.0
Rchi_XP_040375663.1	Mesc_XP_043813759.1	89.0	S	0.0
Rchi_XP_024159048.1	Mesc_XP_043813759.1	89.0	S	0.0
Rchi_XP_024158191.1	Mesc_XP_043813755.1	89.0	S	0.0
Rchi_XP_024159049.1	Mesc_XP_043813755.1	89.0	S	0.0
Rchi_XP_024159047.1	Mesc_XP_043813755.1	89.0	S	0.0
Rchi_XP_040375662.1	Mesc_XP_043813755.1	89.0	S	0.0
Rchi_XP_040375663.1	Mesc_XP_043813755.1	89.0	S	0.0
Rchi_XP_024159048.1	Mesc_XP_043813755.1	89.0	S	0.0
Rchi_XP_024158191.1	Mesc_XP_021616705.1	89.0	S	0.0
Rchi_XP_024159049.1	Mesc_XP_021616705.1	89.0	S	0.0
Rchi_XP_024159047.1	Mesc_XP_021616705.1	89.0	S	0.0
Rchi_XP_040375662.1	Mesc_XP_021616705.1	89.0	S	0.0
Rchi_XP_040375663.1	Mesc_XP_021616705.1	89.0	S	0.0
Rchi_XP_024159048.1	Mesc_XP_021616705.1	89.0	S	0.0
Rchi_XP_024158191.1	Sollyc_NP_001306150.1	89.0	S	0.0
Rchi_XP_024159049.1	Sollyc_NP_001306150.1	89.0	S	0.0
Rchi_XP_024159047.1	Sollyc_NP_001306150.1	89.0	S	0.0
Rchi_XP_040375662.1	Sollyc_NP_001306150.1	89.0	S	0.0
Rchi_XP_040375663.1	Sollyc_NP_001306150.1	89.0	S	0.0
Rchi_XP_024159048.1	Sollyc_NP_001306150.1	89.0	S	0.0
Rchi_XP_024158191.1	Qlob_XP_030959010.1	89.0	S	0.0
Rchi_XP_024159049.1	Qlob_XP_030959010.1	89.0	S	0.0
Rchi_XP_024159047.1	Qlob_XP_030959010.1	89.0	S	0.0
Rchi_XP_040375662.1	Qlob_XP_030959010.1	89.0	S	0.0
Rchi_XP_040375663.1	Qlob_XP_030959010.1	89.0	S	0.0
Rchi_XP_024159048.1	Qlob_XP_030959010.1	89.0	S	0.0
Trimur_TMUE_0000000640	Ttri_CDW53161.1	100.0	S	0.0
Trimur_TMUE_3000012690	Ttri_CDW53161.1	100.0	S	0.0
Trimur_TMUE_0000000640	Tsui_KHJ45102.1	100.0	S	0.0
Trimur_TMUE_3000012690	Tsui_KHJ45102.1	100.0	S	0.0
Plae_KAI0984297.1	Tbri_KRY47478.1	87.0	S	0.0
Plae_KAI0984298.1	Tbri_KRY47478.1	87.0	S	0.0
Plae_KAI0984297.1	Tnel_KRX20255.1	87.0	S	0.0
Plae_KAI0984298.1	Tnel_KRX20255.1	87.0	S	0.0
Plae_KAI0984297.1	Tnat_KRZ50470.1	87.0	S	0.0
Plae_KAI0984298.1	Tnat_KRZ50470.1	87.0	S	0.0
Plae_KAI0984297.1	Tspi_XP_003380167.1	87.0	S	0.0
Plae_KAI0984298.1	Tspi_XP_003380167.1	87.0	S	0.0
Plae_KAI0984297.1	Tspi_XP_003368987.1	87.0	S	0.0
Plae_KAI0984298.1	Tspi_XP_003368987.1	87.0	S	0.0
Plae_KAI0984297.1	Tnel_KRX20256.1	87.0	S	0.0
Plae_KAI0984298.1	Tnel_KRX20256.1	87.0	S	0.0
Gpal_Gpal_D383_g00500.t1	Avit_KAL3989456.1	52.0	S	0.0
Srat_XP_024508351.1	Avit_KAL3989456.1	52.0	S	0.0
Otip_Oti_326_t	Avit_KAL3989456.1	52.0	S	0.0
Ddip_jg26521	Avit_KAL3989456.1	52.0	S	0.0
Scar_TKR80642.1	Avit_KAL3989456.1	52.0	S	0.0
Ddip_jg26533	Avit_KAL3989456.1	52.0	S	0.0
Mhap_MhA1_Contig1994.frz3.gene4	Avit_KAL3989456.1	52.0	S	0.0
Bxyl_CAG9128521.1	Avit_KAL3989456.1	52.0	S	0.0
Gpal_Gpal_D383_g00500.t1	Asuu_AgB01_g822_t01	52.0	S	0.0
Srat_XP_024508351.1	Asuu_AgB01_g822_t01	52.0	S	0.0
Otip_Oti_326_t	Asuu_AgB01_g822_t01	52.0	S	0.0
Ddip_jg26521	Asuu_AgB01_g822_t01	52.0	S	0.0
Scar_TKR80642.1	Asuu_AgB01_g822_t01	52.0	S	0.0
Ddip_jg26533	Asuu_AgB01_g822_t01	52.0	S	0.0
Mhap_MhA1_Contig1994.frz3.gene4	Asuu_AgB01_g822_t01	52.0	S	0.0
Bxyl_CAG9128521.1	Asuu_AgB01_g822_t01	52.0	S	0.0
Gpal_Gpal_D383_g00500.t1	Lsig_VDK83118.1	52.0	S	0.0
Srat_XP_024508351.1	Lsig_VDK83118.1	52.0	S	0.0
Otip_Oti_326_t	Lsig_VDK83118.1	52.0	S	0.0
Ddip_jg26521	Lsig_VDK83118.1	52.0	S	0.0
Scar_TKR80642.1	Lsig_VDK83118.1	52.0	S	0.0
Ddip_jg26533	Lsig_VDK83118.1	52.0	S	0.0
Mhap_MhA1_Contig1994.frz3.gene4	Lsig_VDK83118.1	52.0	S	0.0
Bxyl_CAG9128521.1	Lsig_VDK83118.1	52.0	S	0.0
Gpal_Gpal_D383_g00500.t1	Lloa_XP_003140884.1	52.0	S	0.0
Srat_XP_024508351.1	Lloa_XP_003140884.1	52.0	S	0.0
Otip_Oti_326_t	Lloa_XP_003140884.1	52.0	S	0.0
Ddip_jg26521	Lloa_XP_003140884.1	52.0	S	0.0
Scar_TKR80642.1	Lloa_XP_003140884.1	52.0	S	0.0
Ddip_jg26533	Lloa_XP_003140884.1	52.0	S	0.0
Mhap_MhA1_Contig1994.frz3.gene4	Lloa_XP_003140884.1	52.0	S	0.0
Bxyl_CAG9128521.1	Lloa_XP_003140884.1	52.0	S	0.0
Gpal_Gpal_D383_g00500.t1	Dimm_MCP9257372.1	52.0	S	0.0
Srat_XP_024508351.1	Dimm_MCP9257372.1	52.0	S	0.0
Otip_Oti_326_t	Dimm_MCP9257372.1	52.0	S	0.0
Ddip_jg26521	Dimm_MCP9257372.1	52.0	S	0.0
Scar_TKR80642.1	Dimm_MCP9257372.1	52.0	S	0.0
Ddip_jg26533	Dimm_MCP9257372.1	52.0	S	0.0
Mhap_MhA1_Contig1994.frz3.gene4	Dimm_MCP9257372.1	52.0	S	0.0
Bxyl_CAG9128521.1	Dimm_MCP9257372.1	52.0	S	0.0
Gpal_Gpal_D383_g00500.t1	Eela_EEL_0000590401-mRNA-1	52.0	S	0.0
Srat_XP_024508351.1	Eela_EEL_0000590401-mRNA-1	52.0	S	0.0
Otip_Oti_326_t	Eela_EEL_0000590401-mRNA-1	52.0	S	0.0
Ddip_jg26521	Eela_EEL_0000590401-mRNA-1	52.0	S	0.0
Scar_TKR80642.1	Eela_EEL_0000590401-mRNA-1	52.0	S	0.0
Ddip_jg26533	Eela_EEL_0000590401-mRNA-1	52.0	S	0.0
Mhap_MhA1_Contig1994.frz3.gene4	Eela_EEL_0000590401-mRNA-1	52.0	S	0.0
Bxyl_CAG9128521.1	Eela_EEL_0000590401-mRNA-1	52.0	S	0.0
Gpal_Gpal_D383_g00500.t1	Asuu_AgB01_g822_t03	52.0	S	0.0
Srat_XP_024508351.1	Asuu_AgB01_g822_t03	52.0	S	0.0
Otip_Oti_326_t	Asuu_AgB01_g822_t03	52.0	S	0.0
Ddip_jg26521	Asuu_AgB01_g822_t03	52.0	S	0.0
Scar_TKR80642.1	Asuu_AgB01_g822_t03	52.0	S	0.0
Ddip_jg26533	Asuu_AgB01_g822_t03	52.0	S	0.0
Mhap_MhA1_Contig1994.frz3.gene4	Asuu_AgB01_g822_t03	52.0	S	0.0
Bxyl_CAG9128521.1	Asuu_AgB01_g822_t03	52.0	S	0.0
Gpal_Gpal_D383_g00500.t1	Hcon_XGW18521.1	52.0	S	0.0
Srat_XP_024508351.1	Hcon_XGW18521.1	52.0	S	0.0
Otip_Oti_326_t	Hcon_XGW18521.1	52.0	S	0.0
Ddip_jg26521	Hcon_XGW18521.1	52.0	S	0.0
Scar_TKR80642.1	Hcon_XGW18521.1	52.0	S	0.0
Ddip_jg26533	Hcon_XGW18521.1	52.0	S	0.0
Mhap_MhA1_Contig1994.frz3.gene4	Hcon_XGW18521.1	52.0	S	0.0
Bxyl_CAG9128521.1	Hcon_XGW18521.1	52.0	S	0.0
Gpal_Gpal_D383_g00500.t1	Acey_EYB86026.1	52.0	S	0.0
Srat_XP_024508351.1	Acey_EYB86026.1	52.0	S	0.0
Otip_Oti_326_t	Acey_EYB86026.1	52.0	S	0.0
Ddip_jg26521	Acey_EYB86026.1	52.0	S	0.0
Scar_TKR80642.1	Acey_EYB86026.1	52.0	S	0.0
Ddip_jg26533	Acey_EYB86026.1	52.0	S	0.0
Mhap_MhA1_Contig1994.frz3.gene4	Acey_EYB86026.1	52.0	S	0.0
Bxyl_CAG9128521.1	Acey_EYB86026.1	52.0	S	0.0
Gpal_Gpal_D383_g00500.t1	Ever_VDD93866.1	52.0	S	0.0
Srat_XP_024508351.1	Ever_VDD93866.1	52.0	S	0.0
Otip_Oti_326_t	Ever_VDD93866.1	52.0	S	0.0
Ddip_jg26521	Ever_VDD93866.1	52.0	S	0.0
Scar_TKR80642.1	Ever_VDD93866.1	52.0	S	0.0
Ddip_jg26533	Ever_VDD93866.1	52.0	S	0.0
Mhap_MhA1_Contig1994.frz3.gene4	Ever_VDD93866.1	52.0	S	0.0
Bxyl_CAG9128521.1	Ever_VDD93866.1	52.0	S	0.0
Gpal_Gpal_D383_g00500.t1	Asuu_AgB01_g822_t02	52.0	S	0.0
Srat_XP_024508351.1	Asuu_AgB01_g822_t02	52.0	S	0.0
Otip_Oti_326_t	Asuu_AgB01_g822_t02	52.0	S	0.0
Ddip_jg26521	Asuu_AgB01_g822_t02	52.0	S	0.0
Scar_TKR80642.1	Asuu_AgB01_g822_t02	52.0	S	0.0
Ddip_jg26533	Asuu_AgB01_g822_t02	52.0	S	0.0
Mhap_MhA1_Contig1994.frz3.gene4	Asuu_AgB01_g822_t02	52.0	S	0.0
Bxyl_CAG9128521.1	Asuu_AgB01_g822_t02	52.0	S	0.0
Gpal_Gpal_D383_g00500.t1	Bmal_XP_001897040.1	52.0	S	0.0
Srat_XP_024508351.1	Bmal_XP_001897040.1	52.0	S	0.0
Otip_Oti_326_t	Bmal_XP_001897040.1	52.0	S	0.0
Ddip_jg26521	Bmal_XP_001897040.1	52.0	S	0.0
Scar_TKR80642.1	Bmal_XP_001897040.1	52.0	S	0.0
Ddip_jg26533	Bmal_XP_001897040.1	52.0	S	0.0
Mhap_MhA1_Contig1994.frz3.gene4	Bmal_XP_001897040.1	52.0	S	0.0
Bxyl_CAG9128521.1	Bmal_XP_001897040.1	52.0	S	0.0
Gpal_Gpal_D383_g00500.t1	Sypmur_SMUV_0000527301-mRNA-1	52.0	S	0.0
Srat_XP_024508351.1	Sypmur_SMUV_0000527301-mRNA-1	52.0	S	0.0
Otip_Oti_326_t	Sypmur_SMUV_0000527301-mRNA-1	52.0	S	0.0
Ddip_jg26521	Sypmur_SMUV_0000527301-mRNA-1	52.0	S	0.0
Scar_TKR80642.1	Sypmur_SMUV_0000527301-mRNA-1	52.0	S	0.0
Ddip_jg26533	Sypmur_SMUV_0000527301-mRNA-1	52.0	S	0.0
Mhap_MhA1_Contig1994.frz3.gene4	Sypmur_SMUV_0000527301-mRNA-1	52.0	S	0.0
Bxyl_CAG9128521.1	Sypmur_SMUV_0000527301-mRNA-1	52.0	S	0.0
Gpal_Gpal_D383_g00500.t1	Asuu_AgB01_g822_t05	52.0	S	0.0
Srat_XP_024508351.1	Asuu_AgB01_g822_t05	52.0	S	0.0
Otip_Oti_326_t	Asuu_AgB01_g822_t05	52.0	S	0.0
Ddip_jg26521	Asuu_AgB01_g822_t05	52.0	S	0.0
Scar_TKR80642.1	Asuu_AgB01_g822_t05	52.0	S	0.0
Ddip_jg26533	Asuu_AgB01_g822_t05	52.0	S	0.0
Mhap_MhA1_Contig1994.frz3.gene4	Asuu_AgB01_g822_t05	52.0	S	0.0
Bxyl_CAG9128521.1	Asuu_AgB01_g822_t05	52.0	S	0.0
Gpal_Gpal_D383_g00500.t1	Hpol_VDP19018.1	52.0	S	0.0
Srat_XP_024508351.1	Hpol_VDP19018.1	52.0	S	0.0
Otip_Oti_326_t	Hpol_VDP19018.1	52.0	S	0.0
Ddip_jg26521	Hpol_VDP19018.1	52.0	S	0.0
Scar_TKR80642.1	Hpol_VDP19018.1	52.0	S	0.0
Ddip_jg26533	Hpol_VDP19018.1	52.0	S	0.0
Mhap_MhA1_Contig1994.frz3.gene4	Hpol_VDP19018.1	52.0	S	0.0
Bxyl_CAG9128521.1	Hpol_VDP19018.1	52.0	S	0.0
Gpal_Gpal_D383_g00500.t1	Ovol_OVOC3662	52.0	S	0.0
Srat_XP_024508351.1	Ovol_OVOC3662	52.0	S	0.0
Otip_Oti_326_t	Ovol_OVOC3662	52.0	S	0.0
Ddip_jg26521	Ovol_OVOC3662	52.0	S	0.0
Scar_TKR80642.1	Ovol_OVOC3662	52.0	S	0.0
Ddip_jg26533	Ovol_OVOC3662	52.0	S	0.0
Mhap_MhA1_Contig1994.frz3.gene4	Ovol_OVOC3662	52.0	S	0.0
Bxyl_CAG9128521.1	Ovol_OVOC3662	52.0	S	0.0
Gpal_Gpal_D383_g00500.t1	Cele_NP_505831.1	52.0	S	0.0
Srat_XP_024508351.1	Cele_NP_505831.1	52.0	S	0.0
Otip_Oti_326_t	Cele_NP_505831.1	52.0	S	0.0
Ddip_jg26521	Cele_NP_505831.1	52.0	S	0.0
Scar_TKR80642.1	Cele_NP_505831.1	52.0	S	0.0
Ddip_jg26533	Cele_NP_505831.1	52.0	S	0.0
Mhap_MhA1_Contig1994.frz3.gene4	Cele_NP_505831.1	52.0	S	0.0
Bxyl_CAG9128521.1	Cele_NP_505831.1	52.0	S	0.0
Gpal_Gpal_D383_g00500.t1	Mjap_MIJAPON000006756.t1	52.0	S	0.0
Srat_XP_024508351.1	Mjap_MIJAPON000006756.t1	52.0	S	0.0
Otip_Oti_326_t	Mjap_MIJAPON000006756.t1	52.0	S	0.0
Ddip_jg26521	Mjap_MIJAPON000006756.t1	52.0	S	0.0
Scar_TKR80642.1	Mjap_MIJAPON000006756.t1	52.0	S	0.0
Ddip_jg26533	Mjap_MIJAPON000006756.t1	52.0	S	0.0
Mhap_MhA1_Contig1994.frz3.gene4	Mjap_MIJAPON000006756.t1	52.0	S	0.0
Bxyl_CAG9128521.1	Mjap_MIJAPON000006756.t1	52.0	S	0.0
Gpal_Gpal_D383_g00500.t1	Asuu_AgB01_g822_t04	52.0	S	0.0
Srat_XP_024508351.1	Asuu_AgB01_g822_t04	52.0	S	0.0
Otip_Oti_326_t	Asuu_AgB01_g822_t04	52.0	S	0.0
Ddip_jg26521	Asuu_AgB01_g822_t04	52.0	S	0.0
Scar_TKR80642.1	Asuu_AgB01_g822_t04	52.0	S	0.0
Ddip_jg26533	Asuu_AgB01_g822_t04	52.0	S	0.0
Mhap_MhA1_Contig1994.frz3.gene4	Asuu_AgB01_g822_t04	52.0	S	0.0
Bxyl_CAG9128521.1	Asuu_AgB01_g822_t04	52.0	S	0.0
Gpal_Gpal_D383_g00500.t1	Wban_VDM22157.1	52.0	S	0.0
Srat_XP_024508351.1	Wban_VDM22157.1	52.0	S	0.0
Otip_Oti_326_t	Wban_VDM22157.1	52.0	S	0.0
Ddip_jg26521	Wban_VDM22157.1	52.0	S	0.0
Scar_TKR80642.1	Wban_VDM22157.1	52.0	S	0.0
Ddip_jg26533	Wban_VDM22157.1	52.0	S	0.0
Mhap_MhA1_Contig1994.frz3.gene4	Wban_VDM22157.1	52.0	S	0.0
Bxyl_CAG9128521.1	Wban_VDM22157.1	52.0	S	0.0
Gpal_Gpal_D383_g00500.t1	Hcon_XGW18520.1	52.0	S	0.0
Srat_XP_024508351.1	Hcon_XGW18520.1	52.0	S	0.0
Otip_Oti_326_t	Hcon_XGW18520.1	52.0	S	0.0
Ddip_jg26521	Hcon_XGW18520.1	52.0	S	0.0
Scar_TKR80642.1	Hcon_XGW18520.1	52.0	S	0.0
Ddip_jg26533	Hcon_XGW18520.1	52.0	S	0.0
Mhap_MhA1_Contig1994.frz3.gene4	Hcon_XGW18520.1	52.0	S	0.0
Bxyl_CAG9128521.1	Hcon_XGW18520.1	52.0	S	0.0
Gpal_Gpal_D383_g00500.t1	Diplco_DCO_001492	52.0	S	0.0
Srat_XP_024508351.1	Diplco_DCO_001492	52.0	S	0.0
Otip_Oti_326_t	Diplco_DCO_001492	52.0	S	0.0
Ddip_jg26521	Diplco_DCO_001492	52.0	S	0.0
Scar_TKR80642.1	Diplco_DCO_001492	52.0	S	0.0
Ddip_jg26533	Diplco_DCO_001492	52.0	S	0.0
Mhap_MhA1_Contig1994.frz3.gene4	Diplco_DCO_001492	52.0	S	0.0
Bxyl_CAG9128521.1	Diplco_DCO_001492	52.0	S	0.0
Gpal_Gpal_D383_g00500.t1	Diplco_DCO_001490	52.0	S	0.0
Srat_XP_024508351.1	Diplco_DCO_001490	52.0	S	0.0
Otip_Oti_326_t	Diplco_DCO_001490	52.0	S	0.0
Ddip_jg26521	Diplco_DCO_001490	52.0	S	0.0
Scar_TKR80642.1	Diplco_DCO_001490	52.0	S	0.0
Ddip_jg26533	Diplco_DCO_001490	52.0	S	0.0
Mhap_MhA1_Contig1994.frz3.gene4	Diplco_DCO_001490	52.0	S	0.0
Bxyl_CAG9128521.1	Diplco_DCO_001490	52.0	S	0.0
Gpal_Gpal_D383_g00500.t1	Angcan_KAE9418089.1	52.0	S	0.0
Srat_XP_024508351.1	Angcan_KAE9418089.1	52.0	S	0.0
Otip_Oti_326_t	Angcan_KAE9418089.1	52.0	S	0.0
Ddip_jg26521	Angcan_KAE9418089.1	52.0	S	0.0
Scar_TKR80642.1	Angcan_KAE9418089.1	52.0	S	0.0
Ddip_jg26533	Angcan_KAE9418089.1	52.0	S	0.0
Mhap_MhA1_Contig1994.frz3.gene4	Angcan_KAE9418089.1	52.0	S	0.0
Bxyl_CAG9128521.1	Angcan_KAE9418089.1	52.0	S	0.0
Gpal_Gpal_D383_g00500.t1	Priarc_PARCANUS000014441.t1	52.0	S	0.0
Srat_XP_024508351.1	Priarc_PARCANUS000014441.t1	52.0	S	0.0
Otip_Oti_326_t	Priarc_PARCANUS000014441.t1	52.0	S	0.0
Ddip_jg26521	Priarc_PARCANUS000014441.t1	52.0	S	0.0
Scar_TKR80642.1	Priarc_PARCANUS000014441.t1	52.0	S	0.0
Ddip_jg26533	Priarc_PARCANUS000014441.t1	52.0	S	0.0
Mhap_MhA1_Contig1994.frz3.gene4	Priarc_PARCANUS000014441.t1	52.0	S	0.0
Bxyl_CAG9128521.1	Priarc_PARCANUS000014441.t1	52.0	S	0.0
Apimel_XP_026296209.1	Apimel_XP_026296208.1	100.0	D	1.0
Lcom_lcpid115304|	Lcom_lcpid51678|	100.0	D	1.0
Lcom_lcpid115304|	Lcom_lcpid67550|	100.0	D	1.0
Aque_XP_019853293.1	Cper_Nk52_evm66s2367	40.0	S	0.0
Aque_XP_019853293.1	Avag_UJR16219.1	40.0	S	0.0
Pvan_XP_069991585.1	Pigchi_Pchi_g4251	75.0	S	0.0
Dpul_XP_046461813.1	Pigchi_Pchi_g4251	75.0	S	0.0
Pvan_XP_069991586.1	Pigchi_Pchi_g4251	75.0	S	0.0
Pvan_XP_069991585.1	Emue_Em0011g644a	75.0	S	0.0
Dpul_XP_046461813.1	Emue_Em0011g644a	75.0	S	0.0
Pvan_XP_069991586.1	Emue_Em0011g644a	75.0	S	0.0
Pvan_XP_069991585.1	Pigvie_Pvie_g14601	75.0	S	0.0
Dpul_XP_046461813.1	Pigvie_Pvie_g14601	75.0	S	0.0
Pvan_XP_069991586.1	Pigvie_Pvie_g14601	75.0	S	0.0
Pvan_XP_069991585.1	Twil_T_wilhelma_c33435_g2_i2|m.55195	75.0	S	0.0
Dpul_XP_046461813.1	Twil_T_wilhelma_c33435_g2_i2|m.55195	75.0	S	0.0
Pvan_XP_069991586.1	Twil_T_wilhelma_c33435_g2_i2|m.55195	75.0	S	0.0
Pvan_XP_069991585.1	Tadh_XP_002109881.1	75.0	S	0.0
Dpul_XP_046461813.1	Tadh_XP_002109881.1	75.0	S	0.0
Pvan_XP_069991586.1	Tadh_XP_002109881.1	75.0	S	0.0
Cvir_XP_022338439.1	Hrob_XP_009019479.1	81.0	S	0.0
Aplcal_XP_005102629.2	Hrob_XP_009019479.1	81.0	S	0.0
Cvir_XP_022338439.1	Hrob_XP_009019477.1	81.0	S	0.0
Aplcal_XP_005102629.2	Hrob_XP_009019477.1	81.0	S	0.0
Cvir_XP_022338439.1	Obim_XP_014780508.1	81.0	S	0.0
Aplcal_XP_005102629.2	Obim_XP_014780508.1	81.0	S	0.0
Ofus_CAH1779520.1	Xtro_NP_001121525.1	93.0	S	0.0
Skow_XP_006813260.1	Xtro_NP_001121525.1	93.0	S	0.0
Spur_XP_030839602.1	Xtro_NP_001121525.1	93.0	S	0.0
Lpol_XP_022241372.1	Xtro_NP_001121525.1	93.0	S	0.0
Apla_XP_022085202.1	Xtro_NP_001121525.1	93.0	S	0.0
Lpol_XP_022241370.1	Xtro_NP_001121525.1	93.0	S	0.0
Apla_XP_022085203.1	Xtro_NP_001121525.1	93.0	S	0.0
Cscu_XP_023216044.1	Xtro_NP_001121525.1	93.0	S	0.0
Lpol_XP_022241371.1	Xtro_NP_001121525.1	93.0	S	0.0
Lana_XP_013411836.1	Xtro_NP_001121525.1	93.0	S	0.0
Lpol_XP_013774279.1	Xtro_NP_001121525.1	93.0	S	0.0
Ofus_CAH1779520.1	Hsap_XP_047290610.1	93.0	S	0.0
Skow_XP_006813260.1	Hsap_XP_047290610.1	93.0	S	0.0
Spur_XP_030839602.1	Hsap_XP_047290610.1	93.0	S	0.0
Lpol_XP_022241372.1	Hsap_XP_047290610.1	93.0	S	0.0
Apla_XP_022085202.1	Hsap_XP_047290610.1	93.0	S	0.0
Lpol_XP_022241370.1	Hsap_XP_047290610.1	93.0	S	0.0
Apla_XP_022085203.1	Hsap_XP_047290610.1	93.0	S	0.0
Cscu_XP_023216044.1	Hsap_XP_047290610.1	93.0	S	0.0
Lpol_XP_022241371.1	Hsap_XP_047290610.1	93.0	S	0.0
Lana_XP_013411836.1	Hsap_XP_047290610.1	93.0	S	0.0
Lpol_XP_013774279.1	Hsap_XP_047290610.1	93.0	S	0.0
Ofus_CAH1779520.1	Ggal_XP_025010992.2	93.0	S	0.0
Skow_XP_006813260.1	Ggal_XP_025010992.2	93.0	S	0.0
Spur_XP_030839602.1	Ggal_XP_025010992.2	93.0	S	0.0
Lpol_XP_022241372.1	Ggal_XP_025010992.2	93.0	S	0.0
Apla_XP_022085202.1	Ggal_XP_025010992.2	93.0	S	0.0
Lpol_XP_022241370.1	Ggal_XP_025010992.2	93.0	S	0.0
Apla_XP_022085203.1	Ggal_XP_025010992.2	93.0	S	0.0
Cscu_XP_023216044.1	Ggal_XP_025010992.2	93.0	S	0.0
Lpol_XP_022241371.1	Ggal_XP_025010992.2	93.0	S	0.0
Lana_XP_013411836.1	Ggal_XP_025010992.2	93.0	S	0.0
Lpol_XP_013774279.1	Ggal_XP_025010992.2	93.0	S	0.0
Ofus_CAH1779520.1	Drer_XP_068072685.1	93.0	S	0.0
Skow_XP_006813260.1	Drer_XP_068072685.1	93.0	S	0.0
Spur_XP_030839602.1	Drer_XP_068072685.1	93.0	S	0.0
Lpol_XP_022241372.1	Drer_XP_068072685.1	93.0	S	0.0
Apla_XP_022085202.1	Drer_XP_068072685.1	93.0	S	0.0
Lpol_XP_022241370.1	Drer_XP_068072685.1	93.0	S	0.0
Apla_XP_022085203.1	Drer_XP_068072685.1	93.0	S	0.0
Cscu_XP_023216044.1	Drer_XP_068072685.1	93.0	S	0.0
Lpol_XP_022241371.1	Drer_XP_068072685.1	93.0	S	0.0
Lana_XP_013411836.1	Drer_XP_068072685.1	93.0	S	0.0
Lpol_XP_013774279.1	Drer_XP_068072685.1	93.0	S	0.0
Ofus_CAH1779520.1	Hsap_XP_047290612.1	93.0	S	0.0
Skow_XP_006813260.1	Hsap_XP_047290612.1	93.0	S	0.0
Spur_XP_030839602.1	Hsap_XP_047290612.1	93.0	S	0.0
Lpol_XP_022241372.1	Hsap_XP_047290612.1	93.0	S	0.0
Apla_XP_022085202.1	Hsap_XP_047290612.1	93.0	S	0.0
Lpol_XP_022241370.1	Hsap_XP_047290612.1	93.0	S	0.0
Apla_XP_022085203.1	Hsap_XP_047290612.1	93.0	S	0.0
Cscu_XP_023216044.1	Hsap_XP_047290612.1	93.0	S	0.0
Lpol_XP_022241371.1	Hsap_XP_047290612.1	93.0	S	0.0
Lana_XP_013411836.1	Hsap_XP_047290612.1	93.0	S	0.0
Lpol_XP_013774279.1	Hsap_XP_047290612.1	93.0	S	0.0
Ofus_CAH1779520.1	Ggal_XP_414883.4	93.0	S	0.0
Skow_XP_006813260.1	Ggal_XP_414883.4	93.0	S	0.0
Spur_XP_030839602.1	Ggal_XP_414883.4	93.0	S	0.0
Lpol_XP_022241372.1	Ggal_XP_414883.4	93.0	S	0.0
Apla_XP_022085202.1	Ggal_XP_414883.4	93.0	S	0.0
Lpol_XP_022241370.1	Ggal_XP_414883.4	93.0	S	0.0
Apla_XP_022085203.1	Ggal_XP_414883.4	93.0	S	0.0
Cscu_XP_023216044.1	Ggal_XP_414883.4	93.0	S	0.0
Lpol_XP_022241371.1	Ggal_XP_414883.4	93.0	S	0.0
Lana_XP_013411836.1	Ggal_XP_414883.4	93.0	S	0.0
Lpol_XP_013774279.1	Ggal_XP_414883.4	93.0	S	0.0
Ofus_CAH1779520.1	Drer_NP_001103339.2	93.0	S	0.0
Skow_XP_006813260.1	Drer_NP_001103339.2	93.0	S	0.0
Spur_XP_030839602.1	Drer_NP_001103339.2	93.0	S	0.0
Lpol_XP_022241372.1	Drer_NP_001103339.2	93.0	S	0.0
Apla_XP_022085202.1	Drer_NP_001103339.2	93.0	S	0.0
Lpol_XP_022241370.1	Drer_NP_001103339.2	93.0	S	0.0
Apla_XP_022085203.1	Drer_NP_001103339.2	93.0	S	0.0
Cscu_XP_023216044.1	Drer_NP_001103339.2	93.0	S	0.0
Lpol_XP_022241371.1	Drer_NP_001103339.2	93.0	S	0.0
Lana_XP_013411836.1	Drer_NP_001103339.2	93.0	S	0.0
Lpol_XP_013774279.1	Drer_NP_001103339.2	93.0	S	0.0
Ofus_CAH1779520.1	Blan_XP_066295512.1	93.0	S	0.0
Skow_XP_006813260.1	Blan_XP_066295512.1	93.0	S	0.0
Spur_XP_030839602.1	Blan_XP_066295512.1	93.0	S	0.0
Lpol_XP_022241372.1	Blan_XP_066295512.1	93.0	S	0.0
Apla_XP_022085202.1	Blan_XP_066295512.1	93.0	S	0.0
Lpol_XP_022241370.1	Blan_XP_066295512.1	93.0	S	0.0
Apla_XP_022085203.1	Blan_XP_066295512.1	93.0	S	0.0
Cscu_XP_023216044.1	Blan_XP_066295512.1	93.0	S	0.0
Lpol_XP_022241371.1	Blan_XP_066295512.1	93.0	S	0.0
Lana_XP_013411836.1	Blan_XP_066295512.1	93.0	S	0.0
Lpol_XP_013774279.1	Blan_XP_066295512.1	93.0	S	0.0
Ofus_CAH1779520.1	Hsap_NP_079049.2	93.0	S	0.0
Skow_XP_006813260.1	Hsap_NP_079049.2	93.0	S	0.0
Spur_XP_030839602.1	Hsap_NP_079049.2	93.0	S	0.0
Lpol_XP_022241372.1	Hsap_NP_079049.2	93.0	S	0.0
Apla_XP_022085202.1	Hsap_NP_079049.2	93.0	S	0.0
Lpol_XP_022241370.1	Hsap_NP_079049.2	93.0	S	0.0
Apla_XP_022085203.1	Hsap_NP_079049.2	93.0	S	0.0
Cscu_XP_023216044.1	Hsap_NP_079049.2	93.0	S	0.0
Lpol_XP_022241371.1	Hsap_NP_079049.2	93.0	S	0.0
Lana_XP_013411836.1	Hsap_NP_079049.2	93.0	S	0.0
Lpol_XP_013774279.1	Hsap_NP_079049.2	93.0	S	0.0
Ofus_CAH1779520.1	Hsap_XP_047290611.1	93.0	S	0.0
Skow_XP_006813260.1	Hsap_XP_047290611.1	93.0	S	0.0
Spur_XP_030839602.1	Hsap_XP_047290611.1	93.0	S	0.0
Lpol_XP_022241372.1	Hsap_XP_047290611.1	93.0	S	0.0
Apla_XP_022085202.1	Hsap_XP_047290611.1	93.0	S	0.0
Lpol_XP_022241370.1	Hsap_XP_047290611.1	93.0	S	0.0
Apla_XP_022085203.1	Hsap_XP_047290611.1	93.0	S	0.0
Cscu_XP_023216044.1	Hsap_XP_047290611.1	93.0	S	0.0
Lpol_XP_022241371.1	Hsap_XP_047290611.1	93.0	S	0.0
Lana_XP_013411836.1	Hsap_XP_047290611.1	93.0	S	0.0
Lpol_XP_013774279.1	Hsap_XP_047290611.1	93.0	S	0.0
Ofus_CAH1779520.1	Hsap_XP_047290614.1	93.0	S	0.0
Skow_XP_006813260.1	Hsap_XP_047290614.1	93.0	S	0.0
Spur_XP_030839602.1	Hsap_XP_047290614.1	93.0	S	0.0
Lpol_XP_022241372.1	Hsap_XP_047290614.1	93.0	S	0.0
Apla_XP_022085202.1	Hsap_XP_047290614.1	93.0	S	0.0
Lpol_XP_022241370.1	Hsap_XP_047290614.1	93.0	S	0.0
Apla_XP_022085203.1	Hsap_XP_047290614.1	93.0	S	0.0
Cscu_XP_023216044.1	Hsap_XP_047290614.1	93.0	S	0.0
Lpol_XP_022241371.1	Hsap_XP_047290614.1	93.0	S	0.0
Lana_XP_013411836.1	Hsap_XP_047290614.1	93.0	S	0.0
Lpol_XP_013774279.1	Hsap_XP_047290614.1	93.0	S	0.0
Ofus_CAH1779520.1	Hsap_XP_047290613.1	93.0	S	0.0
Skow_XP_006813260.1	Hsap_XP_047290613.1	93.0	S	0.0
Spur_XP_030839602.1	Hsap_XP_047290613.1	93.0	S	0.0
Lpol_XP_022241372.1	Hsap_XP_047290613.1	93.0	S	0.0
Apla_XP_022085202.1	Hsap_XP_047290613.1	93.0	S	0.0
Lpol_XP_022241370.1	Hsap_XP_047290613.1	93.0	S	0.0
Apla_XP_022085203.1	Hsap_XP_047290613.1	93.0	S	0.0
Cscu_XP_023216044.1	Hsap_XP_047290613.1	93.0	S	0.0
Lpol_XP_022241371.1	Hsap_XP_047290613.1	93.0	S	0.0
Lana_XP_013411836.1	Hsap_XP_047290613.1	93.0	S	0.0
Lpol_XP_013774279.1	Hsap_XP_047290613.1	93.0	S	0.0
Ofus_CAH1779520.1	Hsap_XP_016879165.1	93.0	S	0.0
Skow_XP_006813260.1	Hsap_XP_016879165.1	93.0	S	0.0
Spur_XP_030839602.1	Hsap_XP_016879165.1	93.0	S	0.0
Lpol_XP_022241372.1	Hsap_XP_016879165.1	93.0	S	0.0
Apla_XP_022085202.1	Hsap_XP_016879165.1	93.0	S	0.0
Lpol_XP_022241370.1	Hsap_XP_016879165.1	93.0	S	0.0
Apla_XP_022085203.1	Hsap_XP_016879165.1	93.0	S	0.0
Cscu_XP_023216044.1	Hsap_XP_016879165.1	93.0	S	0.0
Lpol_XP_022241371.1	Hsap_XP_016879165.1	93.0	S	0.0
Lana_XP_013411836.1	Hsap_XP_016879165.1	93.0	S	0.0
Lpol_XP_013774279.1	Hsap_XP_016879165.1	93.0	S	0.0
Ofus_CAH1779520.1	Hsap_NP_001138820.1	93.0	S	0.0
Skow_XP_006813260.1	Hsap_NP_001138820.1	93.0	S	0.0
Spur_XP_030839602.1	Hsap_NP_001138820.1	93.0	S	0.0
Lpol_XP_022241372.1	Hsap_NP_001138820.1	93.0	S	0.0
Apla_XP_022085202.1	Hsap_NP_001138820.1	93.0	S	0.0
Lpol_XP_022241370.1	Hsap_NP_001138820.1	93.0	S	0.0
Apla_XP_022085203.1	Hsap_NP_001138820.1	93.0	S	0.0
Cscu_XP_023216044.1	Hsap_NP_001138820.1	93.0	S	0.0
Lpol_XP_022241371.1	Hsap_NP_001138820.1	93.0	S	0.0
Lana_XP_013411836.1	Hsap_NP_001138820.1	93.0	S	0.0
Lpol_XP_013774279.1	Hsap_NP_001138820.1	93.0	S	0.0
Ofus_CAH1779520.1	Ggal_XP_004945335.2	93.0	S	0.0
Skow_XP_006813260.1	Ggal_XP_004945335.2	93.0	S	0.0
Spur_XP_030839602.1	Ggal_XP_004945335.2	93.0	S	0.0
Lpol_XP_022241372.1	Ggal_XP_004945335.2	93.0	S	0.0
Apla_XP_022085202.1	Ggal_XP_004945335.2	93.0	S	0.0
Lpol_XP_022241370.1	Ggal_XP_004945335.2	93.0	S	0.0
Apla_XP_022085203.1	Ggal_XP_004945335.2	93.0	S	0.0
Cscu_XP_023216044.1	Ggal_XP_004945335.2	93.0	S	0.0
Lpol_XP_022241371.1	Ggal_XP_004945335.2	93.0	S	0.0
Lana_XP_013411836.1	Ggal_XP_004945335.2	93.0	S	0.0
Lpol_XP_013774279.1	Ggal_XP_004945335.2	93.0	S	0.0
Smoe_XP_024527657.1	Smoe_XP_024527656.1	93.0	D	1.0
Smoe_XP_024527655.1	Smoe_XP_024527656.1	93.0	D	1.0
Smoe_XP_024527657.1	Smoe_XP_024527658.1	93.0	D	1.0
Smoe_XP_024527655.1	Smoe_XP_024527658.1	93.0	D	1.0
Smoe_XP_024527657.1	Smoe_XP_024527929.1	93.0	D	1.0
Smoe_XP_024527655.1	Smoe_XP_024527929.1	93.0	D	1.0
Smoe_XP_024527657.1	Smoe_XP_024527933.1	93.0	D	1.0
Smoe_XP_024527655.1	Smoe_XP_024527933.1	93.0	D	1.0
Smoe_XP_024527657.1	Smoe_XP_024527928.1	93.0	D	1.0
Smoe_XP_024527655.1	Smoe_XP_024527928.1	93.0	D	1.0
Smoe_XP_024527657.1	Smoe_XP_024527931.1	93.0	D	1.0
Smoe_XP_024527655.1	Smoe_XP_024527931.1	93.0	D	1.0
Smoe_XP_024527657.1	Smoe_XP_024527934.1	93.0	D	1.0
Smoe_XP_024527655.1	Smoe_XP_024527934.1	93.0	D	1.0
Smoe_XP_024527657.1	Smoe_XP_024527652.1	93.0	D	1.0
Smoe_XP_024527655.1	Smoe_XP_024527652.1	93.0	D	1.0
Smoe_XP_024527657.1	Smoe_XP_024527654.1	93.0	D	1.0
Smoe_XP_024527655.1	Smoe_XP_024527654.1	93.0	D	1.0
Smoe_XP_024527657.1	Smoe_XP_024527935.1	93.0	D	1.0
Smoe_XP_024527655.1	Smoe_XP_024527935.1	93.0	D	1.0
Smoe_XP_024527657.1	Smoe_XP_024527932.1	93.0	D	1.0
Smoe_XP_024527655.1	Smoe_XP_024527932.1	93.0	D	1.0
Smoe_XP_024527657.1	Smoe_XP_024527653.1	93.0	D	1.0
Smoe_XP_024527655.1	Smoe_XP_024527653.1	93.0	D	1.0
Smoe_XP_024527657.1	Smoe_XP_024527930.1	93.0	D	1.0
Smoe_XP_024527655.1	Smoe_XP_024527930.1	93.0	D	1.0
Mtru_XP_003590573.1	Psat_XP_050887295.1	100.0	S	0.0
Qlob_XP_030973177.1	Qlob_XP_030947628.1	100.0	D	1.0
Qlob_XP_030973177.1	Qlob_XP_030947629.1	100.0	D	1.0
Bnap_XP_048608055.1	Bnap_XP_013682006.3	99.0	D	1.0
Osat_XP_015618184.1	Osat_XP_015618169.1	72.0	D	1.0
Ecur_TVU34924.1	Ecur_TVU34937.1	100.0	D	1.0
Bdis_XP_024313966.1	Bdis_XP_010232410.2	100.0	D	1.0
Bdis_XP_024313966.1	Bdis_XP_003569931.2	100.0	D	1.0
Emue_Em0960g3a	Emue_Em0246g2a	100.0	D	1.0
Emue_Em0960g3a	Emue_Em0019g914a	100.0	D	1.0
Aque_XP_011403823.1	Twil_T_wilhelma_c23056_g1_i1|m.9140	96.0	S	0.0
Aque_XP_011403823.1	Twil_T_wilhelma_c23056_g1_i3|m.9144	96.0	S	0.0
Aque_XP_011403823.1	Twil_T_wilhelma_c23056_g1_i2|m.9142	96.0	S	0.0
Twil_T_wilhelma_c26228_g1_i3|m.16415	Twil_T_wilhelma_c26228_g1_i2|m.16414	100.0	D	1.0
Twil_T_wilhelma_c26228_g1_i3|m.16415	Twil_T_wilhelma_c26228_g1_i1|m.16413	100.0	D	1.0
Emue_Em0010g680a	Emue_Em0010g639a	100.0	D	1.0
Emue_Em0010g663a	Emue_Em0010g639a	100.0	D	1.0
Emue_Em0010g680a	Emue_Em0010g647a	100.0	D	1.0
Emue_Em0010g663a	Emue_Em0010g647a	100.0	D	1.0
Emue_Em0010g680a	Emue_Em0010g651a	100.0	D	1.0
Emue_Em0010g663a	Emue_Em0010g651a	100.0	D	1.0
Ggal_XP_426507.2	Hsap_XP_011538242.1	97.0	S	0.0
Ggal_XP_426507.2	Xtro_NP_988915.1	97.0	S	0.0
Ggal_XP_426507.2	Hsap_NP_060372.2	97.0	S	0.0
Apla_XP_022080314.1	Spur_XP_030835125.1	100.0	S	0.0
Blan_XP_066303427.1	Lpol_XP_013777533.1	93.0	S	0.0
Cint_XP_018672432.2	Lpol_XP_013777533.1	93.0	S	0.0
Blan_XP_066303428.1	Lpol_XP_013777533.1	93.0	S	0.0
Blan_XP_066303427.1	Lcom_lcpid192438|	93.0	S	0.0
Cint_XP_018672432.2	Lcom_lcpid192438|	93.0	S	0.0
Blan_XP_066303428.1	Lcom_lcpid192438|	93.0	S	0.0
Blan_XP_066303427.1	Agrpla_XP_018320992.1	93.0	S	0.0
Cint_XP_018672432.2	Agrpla_XP_018320992.1	93.0	S	0.0
Blan_XP_066303428.1	Agrpla_XP_018320992.1	93.0	S	0.0
Blan_XP_066303427.1	Cvir_XP_022318228.1	93.0	S	0.0
Cint_XP_018672432.2	Cvir_XP_022318228.1	93.0	S	0.0
Blan_XP_066303428.1	Cvir_XP_022318228.1	93.0	S	0.0
Blan_XP_066303427.1	Lpol_XP_022242198.1	93.0	S	0.0
Cint_XP_018672432.2	Lpol_XP_022242198.1	93.0	S	0.0
Blan_XP_066303428.1	Lpol_XP_022242198.1	93.0	S	0.0
Blan_XP_066303427.1	Lpol_XP_013775038.1	93.0	S	0.0
Cint_XP_018672432.2	Lpol_XP_013775038.1	93.0	S	0.0
Blan_XP_066303428.1	Lpol_XP_013775038.1	93.0	S	0.0
Blan_XP_066303427.1	Cscu_XP_023219803.1	93.0	S	0.0
Cint_XP_018672432.2	Cscu_XP_023219803.1	93.0	S	0.0
Blan_XP_066303428.1	Cscu_XP_023219803.1	93.0	S	0.0
Blan_XP_066303427.1	Hrob_XP_009025637.1	93.0	S	0.0
Cint_XP_018672432.2	Hrob_XP_009025637.1	93.0	S	0.0
Blan_XP_066303428.1	Hrob_XP_009025637.1	93.0	S	0.0
Blan_XP_066303427.1	Cscu_XP_023219802.1	93.0	S	0.0
Cint_XP_018672432.2	Cscu_XP_023219802.1	93.0	S	0.0
Blan_XP_066303428.1	Cscu_XP_023219802.1	93.0	S	0.0
Blan_XP_066303427.1	Obim_XP_014772373.1	93.0	S	0.0
Cint_XP_018672432.2	Obim_XP_014772373.1	93.0	S	0.0
Blan_XP_066303428.1	Obim_XP_014772373.1	93.0	S	0.0
Blan_XP_066303427.1	Aplcal_XP_005092336.1	93.0	S	0.0
Cint_XP_018672432.2	Aplcal_XP_005092336.1	93.0	S	0.0
Blan_XP_066303428.1	Aplcal_XP_005092336.1	93.0	S	0.0
Blan_XP_066303427.1	Smar_SMAR013954-PA	93.0	S	0.0
Cint_XP_018672432.2	Smar_SMAR013954-PA	93.0	S	0.0
Blan_XP_066303428.1	Smar_SMAR013954-PA	93.0	S	0.0
Blan_XP_066303427.1	Lana_XP_013385380.1	93.0	S	0.0
Cint_XP_018672432.2	Lana_XP_013385380.1	93.0	S	0.0
Blan_XP_066303428.1	Lana_XP_013385380.1	93.0	S	0.0
Blan_XP_066303427.1	Lpol_XP_022242199.1	93.0	S	0.0
Cint_XP_018672432.2	Lpol_XP_022242199.1	93.0	S	0.0
Blan_XP_066303428.1	Lpol_XP_022242199.1	93.0	S	0.0
Blan_XP_066303427.1	Pvan_XP_027207134.1	93.0	S	0.0
Cint_XP_018672432.2	Pvan_XP_027207134.1	93.0	S	0.0
Blan_XP_066303428.1	Pvan_XP_027207134.1	93.0	S	0.0
Blan_XP_066303427.1	Lpol_XP_022239646.1	93.0	S	0.0
Cint_XP_018672432.2	Lpol_XP_022239646.1	93.0	S	0.0
Blan_XP_066303428.1	Lpol_XP_022239646.1	93.0	S	0.0
Blan_XP_066303427.1	Btab_XP_018911171.1	93.0	S	0.0
Cint_XP_018672432.2	Btab_XP_018911171.1	93.0	S	0.0
Blan_XP_066303428.1	Btab_XP_018911171.1	93.0	S	0.0
Blan_XP_066303427.1	Cscu_XP_023219801.1	93.0	S	0.0
Cint_XP_018672432.2	Cscu_XP_023219801.1	93.0	S	0.0
Blan_XP_066303428.1	Cscu_XP_023219801.1	93.0	S	0.0
Blan_XP_066303427.1	Ofus_CAH1793965.1	93.0	S	0.0
Cint_XP_018672432.2	Ofus_CAH1793965.1	93.0	S	0.0
Blan_XP_066303428.1	Ofus_CAH1793965.1	93.0	S	0.0
Bdis_XP_003572365.1	Tura_XP_048543124.1	100.0	S	0.0
Bdis_XP_003572365.1	Tura_XP_048542530.1	100.0	S	0.0
Osat_XP_015648711.1	Ecur_TVU01081.1	99.0	S	0.0
Osat_XP_015648712.1	Ecur_TVU01081.1	99.0	S	0.0
Osat_XP_015648710.1	Ecur_TVU01081.1	99.0	S	0.0
Osat_XP_015648711.1	Zmay_XP_035823399.1	99.0	S	0.0
Osat_XP_015648712.1	Zmay_XP_035823399.1	99.0	S	0.0
Osat_XP_015648710.1	Zmay_XP_035823399.1	99.0	S	0.0
Osat_XP_015648711.1	Ecur_TVU05222.1	99.0	S	0.0
Osat_XP_015648712.1	Ecur_TVU05222.1	99.0	S	0.0
Osat_XP_015648710.1	Ecur_TVU05222.1	99.0	S	0.0
Osat_XP_015648711.1	Zmay_XP_035823398.1	99.0	S	0.0
Osat_XP_015648712.1	Zmay_XP_035823398.1	99.0	S	0.0
Osat_XP_015648710.1	Zmay_XP_035823398.1	99.0	S	0.0
Osat_XP_015610619.1	Tura_XP_048530839.1	61.0	S	0.0
Osat_XP_015610619.1	Tura_XP_048530838.1	61.0	S	0.0
Osat_XP_015610619.1	Bdis_XP_014758878.1	61.0	S	0.0
Ecur_TVU10016.1	Zmay_NP_001140556.1	99.0	S	0.0
Ecur_TVU10016.1	Zmay_XP_008665873.1	99.0	S	0.0
Ecur_TVU10016.1	Zmay_XP_008665874.1	99.0	S	0.0
Ecur_TVU10016.1	Zmay_XP_008667465.1	99.0	S	0.0
Ecur_TVU10016.1	Zmay_XP_023157516.1	99.0	S	0.0
Ecur_TVU10016.1	Zmay_XP_008651381.1	99.0	S	0.0
Atha_NP_566667.1	Atha_NP_001327066.1	100.0	D	1.0
Atha_NP_850617.1	Atha_NP_001327066.1	100.0	D	1.0
Atha_NP_566667.1	Atha_NP_001327067.1	100.0	D	1.0
Atha_NP_850617.1	Atha_NP_001327067.1	100.0	D	1.0
Atha_NP_566667.1	Atha_NP_001030733.1	100.0	D	1.0
Atha_NP_850617.1	Atha_NP_001030733.1	100.0	D	1.0
Bnap_XP_048630333.1	Bnap_XP_013697929.1	95.0	D	1.0
Bnap_XP_013749294.2	Bnap_XP_013697929.1	95.0	D	1.0
Bnap_XP_048630333.1	Bnap_XP_013697930.1	95.0	D	1.0
Bnap_XP_013749294.2	Bnap_XP_013697930.1	95.0	D	1.0
Bnap_XP_048630333.1	Bnap_XP_013749295.1	95.0	D	1.0
Bnap_XP_013749294.2	Bnap_XP_013749295.1	95.0	D	1.0
Bnap_XP_048630333.1	Bnap_XP_048630334.1	95.0	D	1.0
Bnap_XP_013749294.2	Bnap_XP_048630334.1	95.0	D	1.0
Rchi_XP_024158191.1	Rchi_XP_024159049.1	100.0	D	1.0
Rchi_XP_024158191.1	Rchi_XP_024159047.1	100.0	D	1.0
Rchi_XP_024158191.1	Rchi_XP_040375662.1	100.0	D	1.0
Rchi_XP_024158191.1	Rchi_XP_040375663.1	100.0	D	1.0
Rchi_XP_024158191.1	Rchi_XP_024159048.1	100.0	D	1.0
Psat_XP_050893429.1	Mesc_XP_043813756.1	72.0	S	0.0
Qlob_XP_030958993.1	Mesc_XP_043813756.1	72.0	S	0.0
Mtru_XP_013456231.1	Mesc_XP_043813756.1	72.0	S	0.0
Qlob_XP_030953153.1	Mesc_XP_043813756.1	72.0	S	0.0
Qlob_XP_030958998.1	Mesc_XP_043813756.1	72.0	S	0.0
Qlob_XP_030959004.1	Mesc_XP_043813756.1	72.0	S	0.0
Qlob_XP_030953162.1	Mesc_XP_043813756.1	72.0	S	0.0
Qlob_XP_030959010.1	Mesc_XP_043813756.1	72.0	S	0.0
Qlob_XP_030958989.1	Mesc_XP_043813756.1	72.0	S	0.0
Psat_XP_050893429.1	Cofcan_CDP14099.1	72.0	S	0.0
Qlob_XP_030958993.1	Cofcan_CDP14099.1	72.0	S	0.0
Mtru_XP_013456231.1	Cofcan_CDP14099.1	72.0	S	0.0
Qlob_XP_030953153.1	Cofcan_CDP14099.1	72.0	S	0.0
Qlob_XP_030958998.1	Cofcan_CDP14099.1	72.0	S	0.0
Qlob_XP_030959004.1	Cofcan_CDP14099.1	72.0	S	0.0
Qlob_XP_030953162.1	Cofcan_CDP14099.1	72.0	S	0.0
Qlob_XP_030959010.1	Cofcan_CDP14099.1	72.0	S	0.0
Qlob_XP_030958989.1	Cofcan_CDP14099.1	72.0	S	0.0
Psat_XP_050893429.1	Mesc_XP_043805953.1	72.0	S	0.0
Qlob_XP_030958993.1	Mesc_XP_043805953.1	72.0	S	0.0
Mtru_XP_013456231.1	Mesc_XP_043805953.1	72.0	S	0.0
Qlob_XP_030953153.1	Mesc_XP_043805953.1	72.0	S	0.0
Qlob_XP_030958998.1	Mesc_XP_043805953.1	72.0	S	0.0
Qlob_XP_030959004.1	Mesc_XP_043805953.1	72.0	S	0.0
Qlob_XP_030953162.1	Mesc_XP_043805953.1	72.0	S	0.0
Qlob_XP_030959010.1	Mesc_XP_043805953.1	72.0	S	0.0
Qlob_XP_030958989.1	Mesc_XP_043805953.1	72.0	S	0.0
Psat_XP_050893429.1	Mesc_XP_043813758.1	72.0	S	0.0
Qlob_XP_030958993.1	Mesc_XP_043813758.1	72.0	S	0.0
Mtru_XP_013456231.1	Mesc_XP_043813758.1	72.0	S	0.0
Qlob_XP_030953153.1	Mesc_XP_043813758.1	72.0	S	0.0
Qlob_XP_030958998.1	Mesc_XP_043813758.1	72.0	S	0.0
Qlob_XP_030959004.1	Mesc_XP_043813758.1	72.0	S	0.0
Qlob_XP_030953162.1	Mesc_XP_043813758.1	72.0	S	0.0
Qlob_XP_030959010.1	Mesc_XP_043813758.1	72.0	S	0.0
Qlob_XP_030958989.1	Mesc_XP_043813758.1	72.0	S	0.0
Psat_XP_050893429.1	Lsat_XP_023742173.1	72.0	S	0.0
Qlob_XP_030958993.1	Lsat_XP_023742173.1	72.0	S	0.0
Mtru_XP_013456231.1	Lsat_XP_023742173.1	72.0	S	0.0
Qlob_XP_030953153.1	Lsat_XP_023742173.1	72.0	S	0.0
Qlob_XP_030958998.1	Lsat_XP_023742173.1	72.0	S	0.0
Qlob_XP_030959004.1	Lsat_XP_023742173.1	72.0	S	0.0
Qlob_XP_030953162.1	Lsat_XP_023742173.1	72.0	S	0.0
Qlob_XP_030959010.1	Lsat_XP_023742173.1	72.0	S	0.0
Qlob_XP_030958989.1	Lsat_XP_023742173.1	72.0	S	0.0
Psat_XP_050893429.1	Mesc_XP_043813759.1	72.0	S	0.0
Qlob_XP_030958993.1	Mesc_XP_043813759.1	72.0	S	0.0
Mtru_XP_013456231.1	Mesc_XP_043813759.1	72.0	S	0.0
Qlob_XP_030953153.1	Mesc_XP_043813759.1	72.0	S	0.0
Qlob_XP_030958998.1	Mesc_XP_043813759.1	72.0	S	0.0
Qlob_XP_030959004.1	Mesc_XP_043813759.1	72.0	S	0.0
Qlob_XP_030953162.1	Mesc_XP_043813759.1	72.0	S	0.0
Qlob_XP_030959010.1	Mesc_XP_043813759.1	72.0	S	0.0
Qlob_XP_030958989.1	Mesc_XP_043813759.1	72.0	S	0.0
Psat_XP_050893429.1	Sollyc_XP_069152187.1	72.0	S	0.0
Qlob_XP_030958993.1	Sollyc_XP_069152187.1	72.0	S	0.0
Mtru_XP_013456231.1	Sollyc_XP_069152187.1	72.0	S	0.0
Qlob_XP_030953153.1	Sollyc_XP_069152187.1	72.0	S	0.0
Qlob_XP_030958998.1	Sollyc_XP_069152187.1	72.0	S	0.0
Qlob_XP_030959004.1	Sollyc_XP_069152187.1	72.0	S	0.0
Qlob_XP_030953162.1	Sollyc_XP_069152187.1	72.0	S	0.0
Qlob_XP_030959010.1	Sollyc_XP_069152187.1	72.0	S	0.0
Qlob_XP_030958989.1	Sollyc_XP_069152187.1	72.0	S	0.0
Psat_XP_050893429.1	Mesc_XP_043813755.1	72.0	S	0.0
Qlob_XP_030958993.1	Mesc_XP_043813755.1	72.0	S	0.0
Mtru_XP_013456231.1	Mesc_XP_043813755.1	72.0	S	0.0
Qlob_XP_030953153.1	Mesc_XP_043813755.1	72.0	S	0.0
Qlob_XP_030958998.1	Mesc_XP_043813755.1	72.0	S	0.0
Qlob_XP_030959004.1	Mesc_XP_043813755.1	72.0	S	0.0
Qlob_XP_030953162.1	Mesc_XP_043813755.1	72.0	S	0.0
Qlob_XP_030959010.1	Mesc_XP_043813755.1	72.0	S	0.0
Qlob_XP_030958989.1	Mesc_XP_043813755.1	72.0	S	0.0
Psat_XP_050893429.1	Mesc_XP_021616706.1	72.0	S	0.0
Qlob_XP_030958993.1	Mesc_XP_021616706.1	72.0	S	0.0
Mtru_XP_013456231.1	Mesc_XP_021616706.1	72.0	S	0.0
Qlob_XP_030953153.1	Mesc_XP_021616706.1	72.0	S	0.0
Qlob_XP_030958998.1	Mesc_XP_021616706.1	72.0	S	0.0
Qlob_XP_030959004.1	Mesc_XP_021616706.1	72.0	S	0.0
Qlob_XP_030953162.1	Mesc_XP_021616706.1	72.0	S	0.0
Qlob_XP_030959010.1	Mesc_XP_021616706.1	72.0	S	0.0
Qlob_XP_030958989.1	Mesc_XP_021616706.1	72.0	S	0.0
Psat_XP_050893429.1	Mesc_XP_021616705.1	72.0	S	0.0
Qlob_XP_030958993.1	Mesc_XP_021616705.1	72.0	S	0.0
Mtru_XP_013456231.1	Mesc_XP_021616705.1	72.0	S	0.0
Qlob_XP_030953153.1	Mesc_XP_021616705.1	72.0	S	0.0
Qlob_XP_030958998.1	Mesc_XP_021616705.1	72.0	S	0.0
Qlob_XP_030959004.1	Mesc_XP_021616705.1	72.0	S	0.0
Qlob_XP_030953162.1	Mesc_XP_021616705.1	72.0	S	0.0
Qlob_XP_030959010.1	Mesc_XP_021616705.1	72.0	S	0.0
Qlob_XP_030958989.1	Mesc_XP_021616705.1	72.0	S	0.0
Psat_XP_050893429.1	Mesc_XP_043805952.1	72.0	S	0.0
Qlob_XP_030958993.1	Mesc_XP_043805952.1	72.0	S	0.0
Mtru_XP_013456231.1	Mesc_XP_043805952.1	72.0	S	0.0
Qlob_XP_030953153.1	Mesc_XP_043805952.1	72.0	S	0.0
Qlob_XP_030958998.1	Mesc_XP_043805952.1	72.0	S	0.0
Qlob_XP_030959004.1	Mesc_XP_043805952.1	72.0	S	0.0
Qlob_XP_030953162.1	Mesc_XP_043805952.1	72.0	S	0.0
Qlob_XP_030959010.1	Mesc_XP_043805952.1	72.0	S	0.0
Qlob_XP_030958989.1	Mesc_XP_043805952.1	72.0	S	0.0
Psat_XP_050893429.1	Sollyc_NP_001306150.1	72.0	S	0.0
Qlob_XP_030958993.1	Sollyc_NP_001306150.1	72.0	S	0.0
Mtru_XP_013456231.1	Sollyc_NP_001306150.1	72.0	S	0.0
Qlob_XP_030953153.1	Sollyc_NP_001306150.1	72.0	S	0.0
Qlob_XP_030958998.1	Sollyc_NP_001306150.1	72.0	S	0.0
Qlob_XP_030959004.1	Sollyc_NP_001306150.1	72.0	S	0.0
Qlob_XP_030953162.1	Sollyc_NP_001306150.1	72.0	S	0.0
Qlob_XP_030959010.1	Sollyc_NP_001306150.1	72.0	S	0.0
Qlob_XP_030958989.1	Sollyc_NP_001306150.1	72.0	S	0.0
Trimur_TMUE_0000000640	Trimur_TMUE_3000012690	100.0	D	1.0
Tsui_KHJ45102.1	Ttri_CDW53161.1	100.0	S	0.0
Plae_KAI0984297.1	Plae_KAI0984298.1	100.0	D	1.0
Otip_Oti_326_t	Gpal_Gpal_D383_g00500.t1	76.0	S	0.0
Otip_Oti_326_t	Srat_XP_024508351.1	76.0	S	0.0
Otip_Oti_326_t	Ddip_jg26521	76.0	S	0.0
Otip_Oti_326_t	Scar_TKR80642.1	76.0	S	0.0
Otip_Oti_326_t	Ddip_jg26533	76.0	S	0.0
Otip_Oti_326_t	Mhap_MhA1_Contig1994.frz3.gene4	76.0	S	0.0
Otip_Oti_326_t	Bxyl_CAG9128521.1	76.0	S	0.0
Hpol_VDP19018.1	Asuu_AgB01_g822_t05	44.0	S	0.0
Cele_NP_505831.1	Asuu_AgB01_g822_t05	44.0	S	0.0
Hcon_XGW18520.1	Asuu_AgB01_g822_t05	44.0	S	0.0
Diplco_DCO_001492	Asuu_AgB01_g822_t05	44.0	S	0.0
Diplco_DCO_001490	Asuu_AgB01_g822_t05	44.0	S	0.0
Angcan_KAE9418089.1	Asuu_AgB01_g822_t05	44.0	S	0.0
Mjap_MIJAPON000006756.t1	Asuu_AgB01_g822_t05	44.0	S	0.0
Priarc_PARCANUS000014441.t1	Asuu_AgB01_g822_t05	44.0	S	0.0
Hcon_XGW18521.1	Asuu_AgB01_g822_t05	44.0	S	0.0
Acey_EYB86026.1	Asuu_AgB01_g822_t05	44.0	S	0.0
Hpol_VDP19018.1	Asuu_AgB01_g822_t04	44.0	S	0.0
Cele_NP_505831.1	Asuu_AgB01_g822_t04	44.0	S	0.0
Hcon_XGW18520.1	Asuu_AgB01_g822_t04	44.0	S	0.0
Diplco_DCO_001492	Asuu_AgB01_g822_t04	44.0	S	0.0
Diplco_DCO_001490	Asuu_AgB01_g822_t04	44.0	S	0.0
Angcan_KAE9418089.1	Asuu_AgB01_g822_t04	44.0	S	0.0
Mjap_MIJAPON000006756.t1	Asuu_AgB01_g822_t04	44.0	S	0.0
Priarc_PARCANUS000014441.t1	Asuu_AgB01_g822_t04	44.0	S	0.0
Hcon_XGW18521.1	Asuu_AgB01_g822_t04	44.0	S	0.0
Acey_EYB86026.1	Asuu_AgB01_g822_t04	44.0	S	0.0
Hpol_VDP19018.1	Avit_KAL3989456.1	44.0	S	0.0
Cele_NP_505831.1	Avit_KAL3989456.1	44.0	S	0.0
Hcon_XGW18520.1	Avit_KAL3989456.1	44.0	S	0.0
Diplco_DCO_001492	Avit_KAL3989456.1	44.0	S	0.0
Diplco_DCO_001490	Avit_KAL3989456.1	44.0	S	0.0
Angcan_KAE9418089.1	Avit_KAL3989456.1	44.0	S	0.0
Mjap_MIJAPON000006756.t1	Avit_KAL3989456.1	44.0	S	0.0
Priarc_PARCANUS000014441.t1	Avit_KAL3989456.1	44.0	S	0.0
Hcon_XGW18521.1	Avit_KAL3989456.1	44.0	S	0.0
Acey_EYB86026.1	Avit_KAL3989456.1	44.0	S	0.0
Hpol_VDP19018.1	Ever_VDD93866.1	44.0	S	0.0
Cele_NP_505831.1	Ever_VDD93866.1	44.0	S	0.0
Hcon_XGW18520.1	Ever_VDD93866.1	44.0	S	0.0
Diplco_DCO_001492	Ever_VDD93866.1	44.0	S	0.0
Diplco_DCO_001490	Ever_VDD93866.1	44.0	S	0.0
Angcan_KAE9418089.1	Ever_VDD93866.1	44.0	S	0.0
Mjap_MIJAPON000006756.t1	Ever_VDD93866.1	44.0	S	0.0
Priarc_PARCANUS000014441.t1	Ever_VDD93866.1	44.0	S	0.0
Hcon_XGW18521.1	Ever_VDD93866.1	44.0	S	0.0
Acey_EYB86026.1	Ever_VDD93866.1	44.0	S	0.0
Hpol_VDP19018.1	Ovol_OVOC3662	44.0	S	0.0
Cele_NP_505831.1	Ovol_OVOC3662	44.0	S	0.0
Hcon_XGW18520.1	Ovol_OVOC3662	44.0	S	0.0
Diplco_DCO_001492	Ovol_OVOC3662	44.0	S	0.0
Diplco_DCO_001490	Ovol_OVOC3662	44.0	S	0.0
Angcan_KAE9418089.1	Ovol_OVOC3662	44.0	S	0.0
Mjap_MIJAPON000006756.t1	Ovol_OVOC3662	44.0	S	0.0
Priarc_PARCANUS000014441.t1	Ovol_OVOC3662	44.0	S	0.0
Hcon_XGW18521.1	Ovol_OVOC3662	44.0	S	0.0
Acey_EYB86026.1	Ovol_OVOC3662	44.0	S	0.0
Hpol_VDP19018.1	Eela_EEL_0000590401-mRNA-1	44.0	S	0.0
Cele_NP_505831.1	Eela_EEL_0000590401-mRNA-1	44.0	S	0.0
Hcon_XGW18520.1	Eela_EEL_0000590401-mRNA-1	44.0	S	0.0
Diplco_DCO_001492	Eela_EEL_0000590401-mRNA-1	44.0	S	0.0
Diplco_DCO_001490	Eela_EEL_0000590401-mRNA-1	44.0	S	0.0
Angcan_KAE9418089.1	Eela_EEL_0000590401-mRNA-1	44.0	S	0.0
Mjap_MIJAPON000006756.t1	Eela_EEL_0000590401-mRNA-1	44.0	S	0.0
Priarc_PARCANUS000014441.t1	Eela_EEL_0000590401-mRNA-1	44.0	S	0.0
Hcon_XGW18521.1	Eela_EEL_0000590401-mRNA-1	44.0	S	0.0
Acey_EYB86026.1	Eela_EEL_0000590401-mRNA-1	44.0	S	0.0
Hpol_VDP19018.1	Asuu_AgB01_g822_t01	44.0	S	0.0
Cele_NP_505831.1	Asuu_AgB01_g822_t01	44.0	S	0.0
Hcon_XGW18520.1	Asuu_AgB01_g822_t01	44.0	S	0.0
Diplco_DCO_001492	Asuu_AgB01_g822_t01	44.0	S	0.0
Diplco_DCO_001490	Asuu_AgB01_g822_t01	44.0	S	0.0
Angcan_KAE9418089.1	Asuu_AgB01_g822_t01	44.0	S	0.0
Mjap_MIJAPON000006756.t1	Asuu_AgB01_g822_t01	44.0	S	0.0
Priarc_PARCANUS000014441.t1	Asuu_AgB01_g822_t01	44.0	S	0.0
Hcon_XGW18521.1	Asuu_AgB01_g822_t01	44.0	S	0.0
Acey_EYB86026.1	Asuu_AgB01_g822_t01	44.0	S	0.0
Hpol_VDP19018.1	Lsig_VDK83118.1	44.0	S	0.0
Cele_NP_505831.1	Lsig_VDK83118.1	44.0	S	0.0
Hcon_XGW18520.1	Lsig_VDK83118.1	44.0	S	0.0
Diplco_DCO_001492	Lsig_VDK83118.1	44.0	S	0.0
Diplco_DCO_001490	Lsig_VDK83118.1	44.0	S	0.0
Angcan_KAE9418089.1	Lsig_VDK83118.1	44.0	S	0.0
Mjap_MIJAPON000006756.t1	Lsig_VDK83118.1	44.0	S	0.0
Priarc_PARCANUS000014441.t1	Lsig_VDK83118.1	44.0	S	0.0
Hcon_XGW18521.1	Lsig_VDK83118.1	44.0	S	0.0
Acey_EYB86026.1	Lsig_VDK83118.1	44.0	S	0.0
Hpol_VDP19018.1	Asuu_AgB01_g822_t02	44.0	S	0.0
Cele_NP_505831.1	Asuu_AgB01_g822_t02	44.0	S	0.0
Hcon_XGW18520.1	Asuu_AgB01_g822_t02	44.0	S	0.0
Diplco_DCO_001492	Asuu_AgB01_g822_t02	44.0	S	0.0
Diplco_DCO_001490	Asuu_AgB01_g822_t02	44.0	S	0.0
Angcan_KAE9418089.1	Asuu_AgB01_g822_t02	44.0	S	0.0
Mjap_MIJAPON000006756.t1	Asuu_AgB01_g822_t02	44.0	S	0.0
Priarc_PARCANUS000014441.t1	Asuu_AgB01_g822_t02	44.0	S	0.0
Hcon_XGW18521.1	Asuu_AgB01_g822_t02	44.0	S	0.0
Acey_EYB86026.1	Asuu_AgB01_g822_t02	44.0	S	0.0
Hpol_VDP19018.1	Bmal_XP_001897040.1	44.0	S	0.0
Cele_NP_505831.1	Bmal_XP_001897040.1	44.0	S	0.0
Hcon_XGW18520.1	Bmal_XP_001897040.1	44.0	S	0.0
Diplco_DCO_001492	Bmal_XP_001897040.1	44.0	S	0.0
Diplco_DCO_001490	Bmal_XP_001897040.1	44.0	S	0.0
Angcan_KAE9418089.1	Bmal_XP_001897040.1	44.0	S	0.0
Mjap_MIJAPON000006756.t1	Bmal_XP_001897040.1	44.0	S	0.0
Priarc_PARCANUS000014441.t1	Bmal_XP_001897040.1	44.0	S	0.0
Hcon_XGW18521.1	Bmal_XP_001897040.1	44.0	S	0.0
Acey_EYB86026.1	Bmal_XP_001897040.1	44.0	S	0.0
Hpol_VDP19018.1	Sypmur_SMUV_0000527301-mRNA-1	44.0	S	0.0
Cele_NP_505831.1	Sypmur_SMUV_0000527301-mRNA-1	44.0	S	0.0
Hcon_XGW18520.1	Sypmur_SMUV_0000527301-mRNA-1	44.0	S	0.0
Diplco_DCO_001492	Sypmur_SMUV_0000527301-mRNA-1	44.0	S	0.0
Diplco_DCO_001490	Sypmur_SMUV_0000527301-mRNA-1	44.0	S	0.0
Angcan_KAE9418089.1	Sypmur_SMUV_0000527301-mRNA-1	44.0	S	0.0
Mjap_MIJAPON000006756.t1	Sypmur_SMUV_0000527301-mRNA-1	44.0	S	0.0
Priarc_PARCANUS000014441.t1	Sypmur_SMUV_0000527301-mRNA-1	44.0	S	0.0
Hcon_XGW18521.1	Sypmur_SMUV_0000527301-mRNA-1	44.0	S	0.0
Acey_EYB86026.1	Sypmur_SMUV_0000527301-mRNA-1	44.0	S	0.0
Hpol_VDP19018.1	Lloa_XP_003140884.1	44.0	S	0.0
Cele_NP_505831.1	Lloa_XP_003140884.1	44.0	S	0.0
Hcon_XGW18520.1	Lloa_XP_003140884.1	44.0	S	0.0
Diplco_DCO_001492	Lloa_XP_003140884.1	44.0	S	0.0
Diplco_DCO_001490	Lloa_XP_003140884.1	44.0	S	0.0
Angcan_KAE9418089.1	Lloa_XP_003140884.1	44.0	S	0.0
Mjap_MIJAPON000006756.t1	Lloa_XP_003140884.1	44.0	S	0.0
Priarc_PARCANUS000014441.t1	Lloa_XP_003140884.1	44.0	S	0.0
Hcon_XGW18521.1	Lloa_XP_003140884.1	44.0	S	0.0
Acey_EYB86026.1	Lloa_XP_003140884.1	44.0	S	0.0
Hpol_VDP19018.1	Dimm_MCP9257372.1	44.0	S	0.0
Cele_NP_505831.1	Dimm_MCP9257372.1	44.0	S	0.0
Hcon_XGW18520.1	Dimm_MCP9257372.1	44.0	S	0.0
Diplco_DCO_001492	Dimm_MCP9257372.1	44.0	S	0.0
Diplco_DCO_001490	Dimm_MCP9257372.1	44.0	S	0.0
Angcan_KAE9418089.1	Dimm_MCP9257372.1	44.0	S	0.0
Mjap_MIJAPON000006756.t1	Dimm_MCP9257372.1	44.0	S	0.0
Priarc_PARCANUS000014441.t1	Dimm_MCP9257372.1	44.0	S	0.0
Hcon_XGW18521.1	Dimm_MCP9257372.1	44.0	S	0.0
Acey_EYB86026.1	Dimm_MCP9257372.1	44.0	S	0.0
Hpol_VDP19018.1	Wban_VDM22157.1	44.0	S	0.0
Cele_NP_505831.1	Wban_VDM22157.1	44.0	S	0.0
Hcon_XGW18520.1	Wban_VDM22157.1	44.0	S	0.0
Diplco_DCO_001492	Wban_VDM22157.1	44.0	S	0.0
Diplco_DCO_001490	Wban_VDM22157.1	44.0	S	0.0
Angcan_KAE9418089.1	Wban_VDM22157.1	44.0	S	0.0
Mjap_MIJAPON000006756.t1	Wban_VDM22157.1	44.0	S	0.0
Priarc_PARCANUS000014441.t1	Wban_VDM22157.1	44.0	S	0.0
Hcon_XGW18521.1	Wban_VDM22157.1	44.0	S	0.0
Acey_EYB86026.1	Wban_VDM22157.1	44.0	S	0.0
Hpol_VDP19018.1	Asuu_AgB01_g822_t03	44.0	S	0.0
Cele_NP_505831.1	Asuu_AgB01_g822_t03	44.0	S	0.0
Hcon_XGW18520.1	Asuu_AgB01_g822_t03	44.0	S	0.0
Diplco_DCO_001492	Asuu_AgB01_g822_t03	44.0	S	0.0
Diplco_DCO_001490	Asuu_AgB01_g822_t03	44.0	S	0.0
Angcan_KAE9418089.1	Asuu_AgB01_g822_t03	44.0	S	0.0
Mjap_MIJAPON000006756.t1	Asuu_AgB01_g822_t03	44.0	S	0.0
Priarc_PARCANUS000014441.t1	Asuu_AgB01_g822_t03	44.0	S	0.0
Hcon_XGW18521.1	Asuu_AgB01_g822_t03	44.0	S	0.0
Acey_EYB86026.1	Asuu_AgB01_g822_t03	44.0	S	0.0
Lcom_lcpid67550|	Lcom_lcpid51678|	98.0	D	1.0
Avag_UJR16219.1	Cper_Nk52_evm66s2367	77.0	S	0.0
Dpul_XP_046461813.1	Pvan_XP_069991585.1	89.0	S	0.0
Dpul_XP_046461813.1	Pvan_XP_069991586.1	89.0	S	0.0
Tadh_XP_002109881.1	Pigchi_Pchi_g4251	91.0	S	0.0
Tadh_XP_002109881.1	Emue_Em0011g644a	91.0	S	0.0
Tadh_XP_002109881.1	Twil_T_wilhelma_c33435_g2_i2|m.55195	91.0	S	0.0
Tadh_XP_002109881.1	Pigvie_Pvie_g14601	91.0	S	0.0
Aplcal_XP_005102629.2	Cvir_XP_022338439.1	76.0	S	0.0
Obim_XP_014780508.1	Hrob_XP_009019479.1	98.0	S	0.0
Obim_XP_014780508.1	Hrob_XP_009019477.1	98.0	S	0.0
Skow_XP_006813260.1	Ofus_CAH1779520.1	88.0	S	0.0
Skow_XP_006813260.1	Spur_XP_030839602.1	88.0	S	0.0
Skow_XP_006813260.1	Lpol_XP_022241372.1	88.0	S	0.0
Skow_XP_006813260.1	Apla_XP_022085202.1	88.0	S	0.0
Skow_XP_006813260.1	Lpol_XP_022241370.1	88.0	S	0.0
Skow_XP_006813260.1	Apla_XP_022085203.1	88.0	S	0.0
Skow_XP_006813260.1	Cscu_XP_023216044.1	88.0	S	0.0
Skow_XP_006813260.1	Lpol_XP_022241371.1	88.0	S	0.0
Skow_XP_006813260.1	Lana_XP_013411836.1	88.0	S	0.0
Skow_XP_006813260.1	Lpol_XP_013774279.1	88.0	S	0.0
Blan_XP_066295512.1	Xtro_NP_001121525.1	89.0	S	0.0
Blan_XP_066295512.1	Hsap_XP_047290610.1	89.0	S	0.0
Blan_XP_066295512.1	Ggal_XP_025010992.2	89.0	S	0.0
Blan_XP_066295512.1	Drer_XP_068072685.1	89.0	S	0.0
Blan_XP_066295512.1	Hsap_XP_047290612.1	89.0	S	0.0
Blan_XP_066295512.1	Ggal_XP_414883.4	89.0	S	0.0
Blan_XP_066295512.1	Drer_NP_001103339.2	89.0	S	0.0
Blan_XP_066295512.1	Hsap_NP_079049.2	89.0	S	0.0
Blan_XP_066295512.1	Hsap_XP_047290611.1	89.0	S	0.0
Blan_XP_066295512.1	Hsap_XP_047290614.1	89.0	S	0.0
Blan_XP_066295512.1	Hsap_XP_047290613.1	89.0	S	0.0
Blan_XP_066295512.1	Hsap_XP_016879165.1	89.0	S	0.0
Blan_XP_066295512.1	Hsap_NP_001138820.1	89.0	S	0.0
Blan_XP_066295512.1	Ggal_XP_004945335.2	89.0	S	0.0
Smoe_XP_024527655.1	Smoe_XP_024527657.1	1.0	D	1.0
Smoe_XP_024527656.1	Smoe_XP_024527658.1	46.0	D	1.0
Smoe_XP_024527656.1	Smoe_XP_024527929.1	46.0	D	1.0
Smoe_XP_024527656.1	Smoe_XP_024527933.1	46.0	D	1.0
Smoe_XP_024527656.1	Smoe_XP_024527928.1	46.0	D	1.0
Smoe_XP_024527656.1	Smoe_XP_024527931.1	46.0	D	1.0
Smoe_XP_024527656.1	Smoe_XP_024527934.1	46.0	D	1.0
Smoe_XP_024527656.1	Smoe_XP_024527652.1	46.0	D	1.0
Smoe_XP_024527656.1	Smoe_XP_024527654.1	46.0	D	1.0
Smoe_XP_024527656.1	Smoe_XP_024527935.1	46.0	D	1.0
Smoe_XP_024527656.1	Smoe_XP_024527932.1	46.0	D	1.0
Smoe_XP_024527656.1	Smoe_XP_024527653.1	46.0	D	1.0
Smoe_XP_024527656.1	Smoe_XP_024527930.1	46.0	D	1.0
Qlob_XP_030947629.1	Qlob_XP_030947628.1	100.0	D	1.0
Bdis_XP_010232410.2	Bdis_XP_003569931.2	52.0	D	1.0
Emue_Em0019g914a	Emue_Em0246g2a	50.0	D	1.0
Twil_T_wilhelma_c23056_g1_i2|m.9142	Twil_T_wilhelma_c23056_g1_i1|m.9140	100.0	D	1.0
Twil_T_wilhelma_c23056_g1_i2|m.9142	Twil_T_wilhelma_c23056_g1_i3|m.9144	100.0	D	1.0
Twil_T_wilhelma_c26228_g1_i1|m.16413	Twil_T_wilhelma_c26228_g1_i2|m.16414	100.0	D	1.0
Emue_Em0010g680a	Emue_Em0010g663a	98.0	D	1.0
Emue_Em0010g651a	Emue_Em0010g639a	98.0	D	1.0
Emue_Em0010g651a	Emue_Em0010g647a	98.0	D	1.0
Xtro_NP_988915.1	Hsap_XP_011538242.1	97.0	S	0.0
Xtro_NP_988915.1	Hsap_NP_060372.2	97.0	S	0.0
Cint_XP_018672432.2	Blan_XP_066303427.1	100.0	S	0.0
Cint_XP_018672432.2	Blan_XP_066303428.1	100.0	S	0.0
Lcom_lcpid192438|	Lpol_XP_013777533.1	94.0	S	0.0
Hrob_XP_009025637.1	Lpol_XP_013777533.1	94.0	S	0.0
Cvir_XP_022318228.1	Lpol_XP_013777533.1	94.0	S	0.0
Lana_XP_013385380.1	Lpol_XP_013777533.1	94.0	S	0.0
Ofus_CAH1793965.1	Lpol_XP_013777533.1	94.0	S	0.0
Obim_XP_014772373.1	Lpol_XP_013777533.1	94.0	S	0.0
Aplcal_XP_005092336.1	Lpol_XP_013777533.1	94.0	S	0.0
Lcom_lcpid192438|	Smar_SMAR013954-PA	94.0	S	0.0
Hrob_XP_009025637.1	Smar_SMAR013954-PA	94.0	S	0.0
Cvir_XP_022318228.1	Smar_SMAR013954-PA	94.0	S	0.0
Lana_XP_013385380.1	Smar_SMAR013954-PA	94.0	S	0.0
Ofus_CAH1793965.1	Smar_SMAR013954-PA	94.0	S	0.0
Obim_XP_014772373.1	Smar_SMAR013954-PA	94.0	S	0.0
Aplcal_XP_005092336.1	Smar_SMAR013954-PA	94.0	S	0.0
Lcom_lcpid192438|	Agrpla_XP_018320992.1	94.0	S	0.0
Hrob_XP_009025637.1	Agrpla_XP_018320992.1	94.0	S	0.0
Cvir_XP_022318228.1	Agrpla_XP_018320992.1	94.0	S	0.0
Lana_XP_013385380.1	Agrpla_XP_018320992.1	94.0	S	0.0
Ofus_CAH1793965.1	Agrpla_XP_018320992.1	94.0	S	0.0
Obim_XP_014772373.1	Agrpla_XP_018320992.1	94.0	S	0.0
Aplcal_XP_005092336.1	Agrpla_XP_018320992.1	94.0	S	0.0
Lcom_lcpid192438|	Lpol_XP_022239646.1	94.0	S	0.0
Hrob_XP_009025637.1	Lpol_XP_022239646.1	94.0	S	0.0
Cvir_XP_022318228.1	Lpol_XP_022239646.1	94.0	S	0.0
Lana_XP_013385380.1	Lpol_XP_022239646.1	94.0	S	0.0
Ofus_CAH1793965.1	Lpol_XP_022239646.1	94.0	S	0.0
Obim_XP_014772373.1	Lpol_XP_022239646.1	94.0	S	0.0
Aplcal_XP_005092336.1	Lpol_XP_022239646.1	94.0	S	0.0
Lcom_lcpid192438|	Cscu_XP_023219802.1	94.0	S	0.0
Hrob_XP_009025637.1	Cscu_XP_023219802.1	94.0	S	0.0
Cvir_XP_022318228.1	Cscu_XP_023219802.1	94.0	S	0.0
Lana_XP_013385380.1	Cscu_XP_023219802.1	94.0	S	0.0
Ofus_CAH1793965.1	Cscu_XP_023219802.1	94.0	S	0.0
Obim_XP_014772373.1	Cscu_XP_023219802.1	94.0	S	0.0
Aplcal_XP_005092336.1	Cscu_XP_023219802.1	94.0	S	0.0
Lcom_lcpid192438|	Btab_XP_018911171.1	94.0	S	0.0
Hrob_XP_009025637.1	Btab_XP_018911171.1	94.0	S	0.0
Cvir_XP_022318228.1	Btab_XP_018911171.1	94.0	S	0.0
Lana_XP_013385380.1	Btab_XP_018911171.1	94.0	S	0.0
Ofus_CAH1793965.1	Btab_XP_018911171.1	94.0	S	0.0
Obim_XP_014772373.1	Btab_XP_018911171.1	94.0	S	0.0
Aplcal_XP_005092336.1	Btab_XP_018911171.1	94.0	S	0.0
Lcom_lcpid192438|	Lpol_XP_022242198.1	94.0	S	0.0
Hrob_XP_009025637.1	Lpol_XP_022242198.1	94.0	S	0.0
Cvir_XP_022318228.1	Lpol_XP_022242198.1	94.0	S	0.0
Lana_XP_013385380.1	Lpol_XP_022242198.1	94.0	S	0.0
Ofus_CAH1793965.1	Lpol_XP_022242198.1	94.0	S	0.0
Obim_XP_014772373.1	Lpol_XP_022242198.1	94.0	S	0.0
Aplcal_XP_005092336.1	Lpol_XP_022242198.1	94.0	S	0.0
Lcom_lcpid192438|	Cscu_XP_023219801.1	94.0	S	0.0
Hrob_XP_009025637.1	Cscu_XP_023219801.1	94.0	S	0.0
Cvir_XP_022318228.1	Cscu_XP_023219801.1	94.0	S	0.0
Lana_XP_013385380.1	Cscu_XP_023219801.1	94.0	S	0.0
Ofus_CAH1793965.1	Cscu_XP_023219801.1	94.0	S	0.0
Obim_XP_014772373.1	Cscu_XP_023219801.1	94.0	S	0.0
Aplcal_XP_005092336.1	Cscu_XP_023219801.1	94.0	S	0.0
Lcom_lcpid192438|	Lpol_XP_022242199.1	94.0	S	0.0
Hrob_XP_009025637.1	Lpol_XP_022242199.1	94.0	S	0.0
Cvir_XP_022318228.1	Lpol_XP_022242199.1	94.0	S	0.0
Lana_XP_013385380.1	Lpol_XP_022242199.1	94.0	S	0.0
Ofus_CAH1793965.1	Lpol_XP_022242199.1	94.0	S	0.0
Obim_XP_014772373.1	Lpol_XP_022242199.1	94.0	S	0.0
Aplcal_XP_005092336.1	Lpol_XP_022242199.1	94.0	S	0.0
Lcom_lcpid192438|	Lpol_XP_013775038.1	94.0	S	0.0
Hrob_XP_009025637.1	Lpol_XP_013775038.1	94.0	S	0.0
Cvir_XP_022318228.1	Lpol_XP_013775038.1	94.0	S	0.0
Lana_XP_013385380.1	Lpol_XP_013775038.1	94.0	S	0.0
Ofus_CAH1793965.1	Lpol_XP_013775038.1	94.0	S	0.0
Obim_XP_014772373.1	Lpol_XP_013775038.1	94.0	S	0.0
Aplcal_XP_005092336.1	Lpol_XP_013775038.1	94.0	S	0.0
Lcom_lcpid192438|	Cscu_XP_023219803.1	94.0	S	0.0
Hrob_XP_009025637.1	Cscu_XP_023219803.1	94.0	S	0.0
Cvir_XP_022318228.1	Cscu_XP_023219803.1	94.0	S	0.0
Lana_XP_013385380.1	Cscu_XP_023219803.1	94.0	S	0.0
Ofus_CAH1793965.1	Cscu_XP_023219803.1	94.0	S	0.0
Obim_XP_014772373.1	Cscu_XP_023219803.1	94.0	S	0.0
Aplcal_XP_005092336.1	Cscu_XP_023219803.1	94.0	S	0.0
Lcom_lcpid192438|	Pvan_XP_027207134.1	94.0	S	0.0
Hrob_XP_009025637.1	Pvan_XP_027207134.1	94.0	S	0.0
Cvir_XP_022318228.1	Pvan_XP_027207134.1	94.0	S	0.0
Lana_XP_013385380.1	Pvan_XP_027207134.1	94.0	S	0.0
Ofus_CAH1793965.1	Pvan_XP_027207134.1	94.0	S	0.0
Obim_XP_014772373.1	Pvan_XP_027207134.1	94.0	S	0.0
Aplcal_XP_005092336.1	Pvan_XP_027207134.1	94.0	S	0.0
Tura_XP_048542530.1	Tura_XP_048543124.1	100.0	D	1.0
Osat_XP_015648712.1	Osat_XP_015648710.1	100.0	D	1.0
Osat_XP_015648712.1	Osat_XP_015648711.1	100.0	D	1.0
Ecur_TVU01081.1	Zmay_XP_035823399.1	58.0	S	0.0
Ecur_TVU05222.1	Zmay_XP_035823399.1	58.0	S	0.0
Ecur_TVU01081.1	Zmay_XP_035823398.1	58.0	S	0.0
Ecur_TVU05222.1	Zmay_XP_035823398.1	58.0	S	0.0
Bdis_XP_014758878.1	Tura_XP_048530839.1	98.0	S	0.0
Bdis_XP_014758878.1	Tura_XP_048530838.1	98.0	S	0.0
Zmay_NP_001140556.1	Zmay_XP_008665873.1	100.0	D	1.0
Zmay_XP_008667465.1	Zmay_XP_008665873.1	100.0	D	1.0
Zmay_NP_001140556.1	Zmay_XP_008665874.1	100.0	D	1.0
Zmay_XP_008667465.1	Zmay_XP_008665874.1	100.0	D	1.0
Zmay_NP_001140556.1	Zmay_XP_023157516.1	100.0	D	1.0
Zmay_XP_008667465.1	Zmay_XP_023157516.1	100.0	D	1.0
Zmay_NP_001140556.1	Zmay_XP_008651381.1	100.0	D	1.0
Zmay_XP_008667465.1	Zmay_XP_008651381.1	100.0	D	1.0
Atha_NP_566667.1	Atha_NP_850617.1	69.0	D	1.0
Atha_NP_001030733.1	Atha_NP_001327066.1	91.0	D	1.0
Atha_NP_001030733.1	Atha_NP_001327067.1	91.0	D	1.0
Bnap_XP_013749294.2	Bnap_XP_048630333.1	99.0	D	1.0
Bnap_XP_013697929.1	Bnap_XP_013697930.1	40.0	D	1.0
Bnap_XP_013697929.1	Bnap_XP_013749295.1	40.0	D	1.0
Bnap_XP_013697929.1	Bnap_XP_048630334.1	40.0	D	1.0
Rchi_XP_024159049.1	Rchi_XP_040375663.1	100.0	D	1.0
Rchi_XP_024159049.1	Rchi_XP_024159048.1	100.0	D	1.0
Rchi_XP_024159049.1	Rchi_XP_040375662.1	100.0	D	1.0
Rchi_XP_024159049.1	Rchi_XP_024159047.1	100.0	D	1.0
Psat_XP_050893429.1	Qlob_XP_030958993.1	22.0	S	0.0
Mtru_XP_013456231.1	Qlob_XP_030958993.1	22.0	S	0.0
Psat_XP_050893429.1	Qlob_XP_030958998.1	22.0	S	0.0
Mtru_XP_013456231.1	Qlob_XP_030958998.1	22.0	S	0.0
Psat_XP_050893429.1	Qlob_XP_030953153.1	22.0	S	0.0
Mtru_XP_013456231.1	Qlob_XP_030953153.1	22.0	S	0.0
Psat_XP_050893429.1	Qlob_XP_030959004.1	22.0	S	0.0
Mtru_XP_013456231.1	Qlob_XP_030959004.1	22.0	S	0.0
Psat_XP_050893429.1	Qlob_XP_030953162.1	22.0	S	0.0
Mtru_XP_013456231.1	Qlob_XP_030953162.1	22.0	S	0.0
Psat_XP_050893429.1	Qlob_XP_030959010.1	22.0	S	0.0
Mtru_XP_013456231.1	Qlob_XP_030959010.1	22.0	S	0.0
Psat_XP_050893429.1	Qlob_XP_030958989.1	22.0	S	0.0
Mtru_XP_013456231.1	Qlob_XP_030958989.1	22.0	S	0.0
Sollyc_NP_001306150.1	Mesc_XP_043813756.1	44.0	S	0.0
Sollyc_XP_069152187.1	Mesc_XP_043813756.1	44.0	S	0.0
Cofcan_CDP14099.1	Mesc_XP_043813756.1	44.0	S	0.0
Lsat_XP_023742173.1	Mesc_XP_043813756.1	44.0	S	0.0
Sollyc_NP_001306150.1	Mesc_XP_043805953.1	44.0	S	0.0
Sollyc_XP_069152187.1	Mesc_XP_043805953.1	44.0	S	0.0
Cofcan_CDP14099.1	Mesc_XP_043805953.1	44.0	S	0.0
Lsat_XP_023742173.1	Mesc_XP_043805953.1	44.0	S	0.0
Sollyc_NP_001306150.1	Mesc_XP_043813758.1	44.0	S	0.0
Sollyc_XP_069152187.1	Mesc_XP_043813758.1	44.0	S	0.0
Cofcan_CDP14099.1	Mesc_XP_043813758.1	44.0	S	0.0
Lsat_XP_023742173.1	Mesc_XP_043813758.1	44.0	S	0.0
Sollyc_NP_001306150.1	Mesc_XP_043813759.1	44.0	S	0.0
Sollyc_XP_069152187.1	Mesc_XP_043813759.1	44.0	S	0.0
Cofcan_CDP14099.1	Mesc_XP_043813759.1	44.0	S	0.0
Lsat_XP_023742173.1	Mesc_XP_043813759.1	44.0	S	0.0
Sollyc_NP_001306150.1	Mesc_XP_043813755.1	44.0	S	0.0
Sollyc_XP_069152187.1	Mesc_XP_043813755.1	44.0	S	0.0
Cofcan_CDP14099.1	Mesc_XP_043813755.1	44.0	S	0.0
Lsat_XP_023742173.1	Mesc_XP_043813755.1	44.0	S	0.0
Sollyc_NP_001306150.1	Mesc_XP_021616706.1	44.0	S	0.0
Sollyc_XP_069152187.1	Mesc_XP_021616706.1	44.0	S	0.0
Cofcan_CDP14099.1	Mesc_XP_021616706.1	44.0	S	0.0
Lsat_XP_023742173.1	Mesc_XP_021616706.1	44.0	S	0.0
Sollyc_NP_001306150.1	Mesc_XP_021616705.1	44.0	S	0.0
Sollyc_XP_069152187.1	Mesc_XP_021616705.1	44.0	S	0.0
Cofcan_CDP14099.1	Mesc_XP_021616705.1	44.0	S	0.0
Lsat_XP_023742173.1	Mesc_XP_021616705.1	44.0	S	0.0
Sollyc_NP_001306150.1	Mesc_XP_043805952.1	44.0	S	0.0
Sollyc_XP_069152187.1	Mesc_XP_043805952.1	44.0	S	0.0
Cofcan_CDP14099.1	Mesc_XP_043805952.1	44.0	S	0.0
Lsat_XP_023742173.1	Mesc_XP_043805952.1	44.0	S	0.0
Tspi_XP_003380167.1	Tbri_KRY47478.1	100.0	S	0.0
Tspi_XP_003380167.1	Tnel_KRX20256.1	100.0	S	0.0
Tspi_XP_003380167.1	Tnel_KRX20255.1	100.0	S	0.0
Tspi_XP_003380167.1	Tnat_KRZ50470.1	100.0	S	0.0
Srat_XP_024508351.1	Gpal_Gpal_D383_g00500.t1	100.0	S	0.0
Scar_TKR80642.1	Gpal_Gpal_D383_g00500.t1	100.0	S	0.0
Srat_XP_024508351.1	Ddip_jg26521	100.0	S	0.0
Scar_TKR80642.1	Ddip_jg26521	100.0	S	0.0
Srat_XP_024508351.1	Ddip_jg26533	100.0	S	0.0
Scar_TKR80642.1	Ddip_jg26533	100.0	S	0.0
Srat_XP_024508351.1	Mhap_MhA1_Contig1994.frz3.gene4	100.0	S	0.0
Scar_TKR80642.1	Mhap_MhA1_Contig1994.frz3.gene4	100.0	S	0.0
Srat_XP_024508351.1	Bxyl_CAG9128521.1	100.0	S	0.0
Scar_TKR80642.1	Bxyl_CAG9128521.1	100.0	S	0.0
Cele_NP_505831.1	Hpol_VDP19018.1	62.0	S	0.0
Diplco_DCO_001492	Hpol_VDP19018.1	62.0	S	0.0
Mjap_MIJAPON000006756.t1	Hpol_VDP19018.1	62.0	S	0.0
Diplco_DCO_001490	Hpol_VDP19018.1	62.0	S	0.0
Priarc_PARCANUS000014441.t1	Hpol_VDP19018.1	62.0	S	0.0
Cele_NP_505831.1	Hcon_XGW18520.1	62.0	S	0.0
Diplco_DCO_001492	Hcon_XGW18520.1	62.0	S	0.0
Mjap_MIJAPON000006756.t1	Hcon_XGW18520.1	62.0	S	0.0
Diplco_DCO_001490	Hcon_XGW18520.1	62.0	S	0.0
Priarc_PARCANUS000014441.t1	Hcon_XGW18520.1	62.0	S	0.0
Cele_NP_505831.1	Angcan_KAE9418089.1	62.0	S	0.0
Diplco_DCO_001492	Angcan_KAE9418089.1	62.0	S	0.0
Mjap_MIJAPON000006756.t1	Angcan_KAE9418089.1	62.0	S	0.0
Diplco_DCO_001490	Angcan_KAE9418089.1	62.0	S	0.0
Priarc_PARCANUS000014441.t1	Angcan_KAE9418089.1	62.0	S	0.0
Cele_NP_505831.1	Hcon_XGW18521.1	62.0	S	0.0
Diplco_DCO_001492	Hcon_XGW18521.1	62.0	S	0.0
Mjap_MIJAPON000006756.t1	Hcon_XGW18521.1	62.0	S	0.0
Diplco_DCO_001490	Hcon_XGW18521.1	62.0	S	0.0
Priarc_PARCANUS000014441.t1	Hcon_XGW18521.1	62.0	S	0.0
Cele_NP_505831.1	Acey_EYB86026.1	62.0	S	0.0
Diplco_DCO_001492	Acey_EYB86026.1	62.0	S	0.0
Mjap_MIJAPON000006756.t1	Acey_EYB86026.1	62.0	S	0.0
Diplco_DCO_001490	Acey_EYB86026.1	62.0	S	0.0
Priarc_PARCANUS000014441.t1	Acey_EYB86026.1	62.0	S	0.0
Asuu_AgB01_g822_t05	Avit_KAL3989456.1	100.0	S	0.0
Ever_VDD93866.1	Avit_KAL3989456.1	100.0	S	0.0
Asuu_AgB01_g822_t01	Avit_KAL3989456.1	100.0	S	0.0
Asuu_AgB01_g822_t02	Avit_KAL3989456.1	100.0	S	0.0
Sypmur_SMUV_0000527301-mRNA-1	Avit_KAL3989456.1	100.0	S	0.0
Asuu_AgB01_g822_t04	Avit_KAL3989456.1	100.0	S	0.0
Asuu_AgB01_g822_t03	Avit_KAL3989456.1	100.0	S	0.0
Asuu_AgB01_g822_t05	Ovol_OVOC3662	100.0	S	0.0
Ever_VDD93866.1	Ovol_OVOC3662	100.0	S	0.0
Asuu_AgB01_g822_t01	Ovol_OVOC3662	100.0	S	0.0
Asuu_AgB01_g822_t02	Ovol_OVOC3662	100.0	S	0.0
Sypmur_SMUV_0000527301-mRNA-1	Ovol_OVOC3662	100.0	S	0.0
Asuu_AgB01_g822_t04	Ovol_OVOC3662	100.0	S	0.0
Asuu_AgB01_g822_t03	Ovol_OVOC3662	100.0	S	0.0
Asuu_AgB01_g822_t05	Lsig_VDK83118.1	100.0	S	0.0
Ever_VDD93866.1	Lsig_VDK83118.1	100.0	S	0.0
Asuu_AgB01_g822_t01	Lsig_VDK83118.1	100.0	S	0.0
Asuu_AgB01_g822_t02	Lsig_VDK83118.1	100.0	S	0.0
Sypmur_SMUV_0000527301-mRNA-1	Lsig_VDK83118.1	100.0	S	0.0
Asuu_AgB01_g822_t04	Lsig_VDK83118.1	100.0	S	0.0
Asuu_AgB01_g822_t03	Lsig_VDK83118.1	100.0	S	0.0
Asuu_AgB01_g822_t05	Bmal_XP_001897040.1	100.0	S	0.0
Ever_VDD93866.1	Bmal_XP_001897040.1	100.0	S	0.0
Asuu_AgB01_g822_t01	Bmal_XP_001897040.1	100.0	S	0.0
Asuu_AgB01_g822_t02	Bmal_XP_001897040.1	100.0	S	0.0
Sypmur_SMUV_0000527301-mRNA-1	Bmal_XP_001897040.1	100.0	S	0.0
Asuu_AgB01_g822_t04	Bmal_XP_001897040.1	100.0	S	0.0
Asuu_AgB01_g822_t03	Bmal_XP_001897040.1	100.0	S	0.0
Asuu_AgB01_g822_t05	Lloa_XP_003140884.1	100.0	S	0.0
Ever_VDD93866.1	Lloa_XP_003140884.1	100.0	S	0.0
Asuu_AgB01_g822_t01	Lloa_XP_003140884.1	100.0	S	0.0
Asuu_AgB01_g822_t02	Lloa_XP_003140884.1	100.0	S	0.0
Sypmur_SMUV_0000527301-mRNA-1	Lloa_XP_003140884.1	100.0	S	0.0
Asuu_AgB01_g822_t04	Lloa_XP_003140884.1	100.0	S	0.0
Asuu_AgB01_g822_t03	Lloa_XP_003140884.1	100.0	S	0.0
Asuu_AgB01_g822_t05	Dimm_MCP9257372.1	100.0	S	0.0
Ever_VDD93866.1	Dimm_MCP9257372.1	100.0	S	0.0
Asuu_AgB01_g822_t01	Dimm_MCP9257372.1	100.0	S	0.0
Asuu_AgB01_g822_t02	Dimm_MCP9257372.1	100.0	S	0.0
Sypmur_SMUV_0000527301-mRNA-1	Dimm_MCP9257372.1	100.0	S	0.0
Asuu_AgB01_g822_t04	Dimm_MCP9257372.1	100.0	S	0.0
Asuu_AgB01_g822_t03	Dimm_MCP9257372.1	100.0	S	0.0
Asuu_AgB01_g822_t05	Eela_EEL_0000590401-mRNA-1	100.0	S	0.0
Ever_VDD93866.1	Eela_EEL_0000590401-mRNA-1	100.0	S	0.0
Asuu_AgB01_g822_t01	Eela_EEL_0000590401-mRNA-1	100.0	S	0.0
Asuu_AgB01_g822_t02	Eela_EEL_0000590401-mRNA-1	100.0	S	0.0
Sypmur_SMUV_0000527301-mRNA-1	Eela_EEL_0000590401-mRNA-1	100.0	S	0.0
Asuu_AgB01_g822_t04	Eela_EEL_0000590401-mRNA-1	100.0	S	0.0
Asuu_AgB01_g822_t03	Eela_EEL_0000590401-mRNA-1	100.0	S	0.0
Asuu_AgB01_g822_t05	Wban_VDM22157.1	100.0	S	0.0
Ever_VDD93866.1	Wban_VDM22157.1	100.0	S	0.0
Asuu_AgB01_g822_t01	Wban_VDM22157.1	100.0	S	0.0
Asuu_AgB01_g822_t02	Wban_VDM22157.1	100.0	S	0.0
Sypmur_SMUV_0000527301-mRNA-1	Wban_VDM22157.1	100.0	S	0.0
Asuu_AgB01_g822_t04	Wban_VDM22157.1	100.0	S	0.0
Asuu_AgB01_g822_t03	Wban_VDM22157.1	100.0	S	0.0
Pvan_XP_069991586.1	Pvan_XP_069991585.1	100.0	D	1.0
Pigchi_Pchi_g4251	Emue_Em0011g644a	97.0	S	0.0
Pigvie_Pvie_g14601	Emue_Em0011g644a	97.0	S	0.0
Pigchi_Pchi_g4251	Twil_T_wilhelma_c33435_g2_i2|m.55195	97.0	S	0.0
Pigvie_Pvie_g14601	Twil_T_wilhelma_c33435_g2_i2|m.55195	97.0	S	0.0
Hrob_XP_009019477.1	Hrob_XP_009019479.1	100.0	D	1.0
Ofus_CAH1779520.1	Lpol_XP_022241372.1	86.0	S	0.0
Spur_XP_030839602.1	Lpol_XP_022241372.1	86.0	S	0.0
Apla_XP_022085202.1	Lpol_XP_022241372.1	86.0	S	0.0
Apla_XP_022085203.1	Lpol_XP_022241372.1	86.0	S	0.0
Lana_XP_013411836.1	Lpol_XP_022241372.1	86.0	S	0.0
Ofus_CAH1779520.1	Lpol_XP_022241370.1	86.0	S	0.0
Spur_XP_030839602.1	Lpol_XP_022241370.1	86.0	S	0.0
Apla_XP_022085202.1	Lpol_XP_022241370.1	86.0	S	0.0
Apla_XP_022085203.1	Lpol_XP_022241370.1	86.0	S	0.0
Lana_XP_013411836.1	Lpol_XP_022241370.1	86.0	S	0.0
Ofus_CAH1779520.1	Cscu_XP_023216044.1	86.0	S	0.0
Spur_XP_030839602.1	Cscu_XP_023216044.1	86.0	S	0.0
Apla_XP_022085202.1	Cscu_XP_023216044.1	86.0	S	0.0
Apla_XP_022085203.1	Cscu_XP_023216044.1	86.0	S	0.0
Lana_XP_013411836.1	Cscu_XP_023216044.1	86.0	S	0.0
Ofus_CAH1779520.1	Lpol_XP_022241371.1	86.0	S	0.0
Spur_XP_030839602.1	Lpol_XP_022241371.1	86.0	S	0.0
Apla_XP_022085202.1	Lpol_XP_022241371.1	86.0	S	0.0
Apla_XP_022085203.1	Lpol_XP_022241371.1	86.0	S	0.0
Lana_XP_013411836.1	Lpol_XP_022241371.1	86.0	S	0.0
Ofus_CAH1779520.1	Lpol_XP_013774279.1	86.0	S	0.0
Spur_XP_030839602.1	Lpol_XP_013774279.1	86.0	S	0.0
Apla_XP_022085202.1	Lpol_XP_013774279.1	86.0	S	0.0
Apla_XP_022085203.1	Lpol_XP_013774279.1	86.0	S	0.0
Lana_XP_013411836.1	Lpol_XP_013774279.1	86.0	S	0.0
Drer_NP_001103339.2	Hsap_XP_047290610.1	100.0	S	0.0
Drer_XP_068072685.1	Hsap_XP_047290610.1	100.0	S	0.0
Drer_NP_001103339.2	Xtro_NP_001121525.1	100.0	S	0.0
Drer_XP_068072685.1	Xtro_NP_001121525.1	100.0	S	0.0
Drer_NP_001103339.2	Ggal_XP_025010992.2	100.0	S	0.0
Drer_XP_068072685.1	Ggal_XP_025010992.2	100.0	S	0.0
Drer_NP_001103339.2	Hsap_XP_047290612.1	100.0	S	0.0
Drer_XP_068072685.1	Hsap_XP_047290612.1	100.0	S	0.0
Drer_NP_001103339.2	Ggal_XP_414883.4	100.0	S	0.0
Drer_XP_068072685.1	Ggal_XP_414883.4	100.0	S	0.0
Drer_NP_001103339.2	Hsap_NP_079049.2	100.0	S	0.0
Drer_XP_068072685.1	Hsap_NP_079049.2	100.0	S	0.0
Drer_NP_001103339.2	Hsap_XP_047290611.1	100.0	S	0.0
Drer_XP_068072685.1	Hsap_XP_047290611.1	100.0	S	0.0
Drer_NP_001103339.2	Hsap_XP_047290614.1	100.0	S	0.0
Drer_XP_068072685.1	Hsap_XP_047290614.1	100.0	S	0.0
Drer_NP_001103339.2	Hsap_XP_047290613.1	100.0	S	0.0
Drer_XP_068072685.1	Hsap_XP_047290613.1	100.0	S	0.0
Drer_NP_001103339.2	Hsap_XP_016879165.1	100.0	S	0.0
Drer_XP_068072685.1	Hsap_XP_016879165.1	100.0	S	0.0
Drer_NP_001103339.2	Hsap_NP_001138820.1	100.0	S	0.0
Drer_XP_068072685.1	Hsap_NP_001138820.1	100.0	S	0.0
Drer_NP_001103339.2	Ggal_XP_004945335.2	100.0	S	0.0
Drer_XP_068072685.1	Ggal_XP_004945335.2	100.0	S	0.0
Smoe_XP_024527652.1	Smoe_XP_024527658.1	57.0	D	1.0
Smoe_XP_024527654.1	Smoe_XP_024527658.1	57.0	D	1.0
Smoe_XP_024527652.1	Smoe_XP_024527929.1	57.0	D	1.0
Smoe_XP_024527654.1	Smoe_XP_024527929.1	57.0	D	1.0
Smoe_XP_024527652.1	Smoe_XP_024527933.1	57.0	D	1.0
Smoe_XP_024527654.1	Smoe_XP_024527933.1	57.0	D	1.0
Smoe_XP_024527652.1	Smoe_XP_024527928.1	57.0	D	1.0
Smoe_XP_024527654.1	Smoe_XP_024527928.1	57.0	D	1.0
Smoe_XP_024527652.1	Smoe_XP_024527931.1	57.0	D	1.0
Smoe_XP_024527654.1	Smoe_XP_024527931.1	57.0	D	1.0
Smoe_XP_024527652.1	Smoe_XP_024527934.1	57.0	D	1.0
Smoe_XP_024527654.1	Smoe_XP_024527934.1	57.0	D	1.0
Smoe_XP_024527652.1	Smoe_XP_024527935.1	57.0	D	1.0
Smoe_XP_024527654.1	Smoe_XP_024527935.1	57.0	D	1.0
Smoe_XP_024527652.1	Smoe_XP_024527932.1	57.0	D	1.0
Smoe_XP_024527654.1	Smoe_XP_024527932.1	57.0	D	1.0
Smoe_XP_024527652.1	Smoe_XP_024527653.1	57.0	D	1.0
Smoe_XP_024527654.1	Smoe_XP_024527653.1	57.0	D	1.0
Smoe_XP_024527652.1	Smoe_XP_024527930.1	57.0	D	1.0
Smoe_XP_024527654.1	Smoe_XP_024527930.1	57.0	D	1.0
Twil_T_wilhelma_c23056_g1_i1|m.9140	Twil_T_wilhelma_c23056_g1_i3|m.9144	1.0	D	1.0
Emue_Em0010g639a	Emue_Em0010g647a	100.0	D	1.0
Hsap_NP_060372.2	Hsap_XP_011538242.1	100.0	D	1.0
Blan_XP_066303427.1	Blan_XP_066303428.1	100.0	D	1.0
Lana_XP_013385380.1	Obim_XP_014772373.1	98.0	S	0.0
Hrob_XP_009025637.1	Obim_XP_014772373.1	98.0	S	0.0
Ofus_CAH1793965.1	Obim_XP_014772373.1	98.0	S	0.0
Lana_XP_013385380.1	Lcom_lcpid192438|	98.0	S	0.0
Hrob_XP_009025637.1	Lcom_lcpid192438|	98.0	S	0.0
Ofus_CAH1793965.1	Lcom_lcpid192438|	98.0	S	0.0
Lana_XP_013385380.1	Cvir_XP_022318228.1	98.0	S	0.0
Hrob_XP_009025637.1	Cvir_XP_022318228.1	98.0	S	0.0
Ofus_CAH1793965.1	Cvir_XP_022318228.1	98.0	S	0.0
Lana_XP_013385380.1	Aplcal_XP_005092336.1	98.0	S	0.0
Hrob_XP_009025637.1	Aplcal_XP_005092336.1	98.0	S	0.0
Ofus_CAH1793965.1	Aplcal_XP_005092336.1	98.0	S	0.0
Pvan_XP_027207134.1	Lpol_XP_013777533.1	99.0	S	0.0
Agrpla_XP_018320992.1	Lpol_XP_013777533.1	99.0	S	0.0
Pvan_XP_027207134.1	Smar_SMAR013954-PA	99.0	S	0.0
Agrpla_XP_018320992.1	Smar_SMAR013954-PA	99.0	S	0.0
Pvan_XP_027207134.1	Lpol_XP_022239646.1	99.0	S	0.0
Agrpla_XP_018320992.1	Lpol_XP_022239646.1	99.0	S	0.0
Pvan_XP_027207134.1	Cscu_XP_023219802.1	99.0	S	0.0
Agrpla_XP_018320992.1	Cscu_XP_023219802.1	99.0	S	0.0
Pvan_XP_027207134.1	Btab_XP_018911171.1	99.0	S	0.0
Agrpla_XP_018320992.1	Btab_XP_018911171.1	99.0	S	0.0
Pvan_XP_027207134.1	Lpol_XP_022242198.1	99.0	S	0.0
Agrpla_XP_018320992.1	Lpol_XP_022242198.1	99.0	S	0.0
Pvan_XP_027207134.1	Cscu_XP_023219801.1	99.0	S	0.0
Agrpla_XP_018320992.1	Cscu_XP_023219801.1	99.0	S	0.0
Pvan_XP_027207134.1	Lpol_XP_013775038.1	99.0	S	0.0
Agrpla_XP_018320992.1	Lpol_XP_013775038.1	99.0	S	0.0
Pvan_XP_027207134.1	Lpol_XP_022242199.1	99.0	S	0.0
Agrpla_XP_018320992.1	Lpol_XP_022242199.1	99.0	S	0.0
Pvan_XP_027207134.1	Cscu_XP_023219803.1	99.0	S	0.0
Agrpla_XP_018320992.1	Cscu_XP_023219803.1	99.0	S	0.0
Osat_XP_015648710.1	Osat_XP_015648711.1	91.0	D	1.0
Ecur_TVU05222.1	Ecur_TVU01081.1	100.0	D	1.0
Zmay_XP_035823398.1	Zmay_XP_035823399.1	100.0	D	1.0
Tura_XP_048530838.1	Tura_XP_048530839.1	100.0	D	1.0
Zmay_NP_001140556.1	Zmay_XP_008667465.1	100.0	D	1.0
Zmay_XP_023157516.1	Zmay_XP_008665873.1	100.0	D	1.0
Zmay_XP_023157516.1	Zmay_XP_008665874.1	100.0	D	1.0
Zmay_XP_023157516.1	Zmay_XP_008651381.1	100.0	D	1.0
Atha_NP_001327067.1	Atha_NP_001327066.1	99.0	D	1.0
Bnap_XP_013697930.1	Bnap_XP_013749295.1	81.0	D	1.0
Bnap_XP_013697930.1	Bnap_XP_048630334.1	81.0	D	1.0
Rchi_XP_024159048.1	Rchi_XP_040375663.1	100.0	D	1.0
Rchi_XP_024159048.1	Rchi_XP_040375662.1	100.0	D	1.0
Rchi_XP_024159048.1	Rchi_XP_024159047.1	100.0	D	1.0
Mtru_XP_013456231.1	Psat_XP_050893429.1	100.0	S	0.0
Qlob_XP_030953153.1	Qlob_XP_030958993.1	100.0	D	1.0
Qlob_XP_030953153.1	Qlob_XP_030958989.1	100.0	D	1.0
Qlob_XP_030953153.1	Qlob_XP_030958998.1	100.0	D	1.0
Qlob_XP_030953153.1	Qlob_XP_030959004.1	100.0	D	1.0
Qlob_XP_030953153.1	Qlob_XP_030953162.1	100.0	D	1.0
Qlob_XP_030953153.1	Qlob_XP_030959010.1	100.0	D	1.0
Lsat_XP_023742173.1	Sollyc_NP_001306150.1	97.0	S	0.0
Lsat_XP_023742173.1	Sollyc_XP_069152187.1	97.0	S	0.0
Lsat_XP_023742173.1	Cofcan_CDP14099.1	97.0	S	0.0
Mesc_XP_043805953.1	Mesc_XP_043813756.1	100.0	D	1.0
Mesc_XP_043805952.1	Mesc_XP_043813756.1	100.0	D	1.0
Mesc_XP_043805953.1	Mesc_XP_043813758.1	100.0	D	1.0
Mesc_XP_043805952.1	Mesc_XP_043813758.1	100.0	D	1.0
Mesc_XP_043805953.1	Mesc_XP_043813759.1	100.0	D	1.0
Mesc_XP_043805952.1	Mesc_XP_043813759.1	100.0	D	1.0
Mesc_XP_043805953.1	Mesc_XP_043813755.1	100.0	D	1.0
Mesc_XP_043805952.1	Mesc_XP_043813755.1	100.0	D	1.0
Mesc_XP_043805953.1	Mesc_XP_021616706.1	100.0	D	1.0
Mesc_XP_043805952.1	Mesc_XP_021616706.1	100.0	D	1.0
Mesc_XP_043805953.1	Mesc_XP_021616705.1	100.0	D	1.0
Mesc_XP_043805952.1	Mesc_XP_021616705.1	100.0	D	1.0
Tbri_KRY47478.1	Tnel_KRX20255.1	100.0	S	0.0
Tnat_KRZ50470.1	Tnel_KRX20255.1	100.0	S	0.0
Tbri_KRY47478.1	Tnel_KRX20256.1	100.0	S	0.0
Tnat_KRZ50470.1	Tnel_KRX20256.1	100.0	S	0.0
Scar_TKR80642.1	Srat_XP_024508351.1	100.0	S	0.0
Bxyl_CAG9128521.1	Gpal_Gpal_D383_g00500.t1	100.0	S	0.0
Bxyl_CAG9128521.1	Ddip_jg26533	100.0	S	0.0
Bxyl_CAG9128521.1	Ddip_jg26521	100.0	S	0.0
Bxyl_CAG9128521.1	Mhap_MhA1_Contig1994.frz3.gene4	100.0	S	0.0
Priarc_PARCANUS000014441.t1	Cele_NP_505831.1	62.0	S	0.0
Mjap_MIJAPON000006756.t1	Cele_NP_505831.1	62.0	S	0.0
Priarc_PARCANUS000014441.t1	Diplco_DCO_001492	62.0	S	0.0
Mjap_MIJAPON000006756.t1	Diplco_DCO_001492	62.0	S	0.0
Priarc_PARCANUS000014441.t1	Diplco_DCO_001490	62.0	S	0.0
Mjap_MIJAPON000006756.t1	Diplco_DCO_001490	62.0	S	0.0
Angcan_KAE9418089.1	Hcon_XGW18520.1	100.0	S	0.0
Angcan_KAE9418089.1	Hcon_XGW18521.1	100.0	S	0.0
Angcan_KAE9418089.1	Hpol_VDP19018.1	100.0	S	0.0
Angcan_KAE9418089.1	Acey_EYB86026.1	100.0	S	0.0
Ever_VDD93866.1	Asuu_AgB01_g822_t05	91.0	S	0.0
Sypmur_SMUV_0000527301-mRNA-1	Asuu_AgB01_g822_t05	91.0	S	0.0
Ever_VDD93866.1	Asuu_AgB01_g822_t01	91.0	S	0.0
Sypmur_SMUV_0000527301-mRNA-1	Asuu_AgB01_g822_t01	91.0	S	0.0
Ever_VDD93866.1	Asuu_AgB01_g822_t02	91.0	S	0.0
Sypmur_SMUV_0000527301-mRNA-1	Asuu_AgB01_g822_t02	91.0	S	0.0
Ever_VDD93866.1	Asuu_AgB01_g822_t04	91.0	S	0.0
Sypmur_SMUV_0000527301-mRNA-1	Asuu_AgB01_g822_t04	91.0	S	0.0
Ever_VDD93866.1	Asuu_AgB01_g822_t03	91.0	S	0.0
Sypmur_SMUV_0000527301-mRNA-1	Asuu_AgB01_g822_t03	91.0	S	0.0
Wban_VDM22157.1	Avit_KAL3989456.1	100.0	S	0.0
Bmal_XP_001897040.1	Avit_KAL3989456.1	100.0	S	0.0
Lloa_XP_003140884.1	Avit_KAL3989456.1	100.0	S	0.0
Wban_VDM22157.1	Ovol_OVOC3662	100.0	S	0.0
Bmal_XP_001897040.1	Ovol_OVOC3662	100.0	S	0.0
Lloa_XP_003140884.1	Ovol_OVOC3662	100.0	S	0.0
Wban_VDM22157.1	Lsig_VDK83118.1	100.0	S	0.0
Bmal_XP_001897040.1	Lsig_VDK83118.1	100.0	S	0.0
Lloa_XP_003140884.1	Lsig_VDK83118.1	100.0	S	0.0
Wban_VDM22157.1	Dimm_MCP9257372.1	100.0	S	0.0
Bmal_XP_001897040.1	Dimm_MCP9257372.1	100.0	S	0.0
Lloa_XP_003140884.1	Dimm_MCP9257372.1	100.0	S	0.0
Wban_VDM22157.1	Eela_EEL_0000590401-mRNA-1	100.0	S	0.0
Bmal_XP_001897040.1	Eela_EEL_0000590401-mRNA-1	100.0	S	0.0
Lloa_XP_003140884.1	Eela_EEL_0000590401-mRNA-1	100.0	S	0.0
Pigchi_Pchi_g4251	Pigvie_Pvie_g14601	100.0	S	0.0
Emue_Em0011g644a	Twil_T_wilhelma_c33435_g2_i2|m.55195	100.0	S	0.0
Ofus_CAH1779520.1	Spur_XP_030839602.1	78.0	S	0.0
Lana_XP_013411836.1	Spur_XP_030839602.1	78.0	S	0.0
Ofus_CAH1779520.1	Apla_XP_022085202.1	78.0	S	0.0
Lana_XP_013411836.1	Apla_XP_022085202.1	78.0	S	0.0
Ofus_CAH1779520.1	Apla_XP_022085203.1	78.0	S	0.0
Lana_XP_013411836.1	Apla_XP_022085203.1	78.0	S	0.0
Cscu_XP_023216044.1	Lpol_XP_022241371.1	100.0	S	0.0
Cscu_XP_023216044.1	Lpol_XP_022241372.1	100.0	S	0.0
Cscu_XP_023216044.1	Lpol_XP_022241370.1	100.0	S	0.0
Cscu_XP_023216044.1	Lpol_XP_013774279.1	100.0	S	0.0
Drer_NP_001103339.2	Drer_XP_068072685.1	100.0	D	1.0
Xtro_NP_001121525.1	Hsap_XP_047290610.1	100.0	S	0.0
Xtro_NP_001121525.1	Ggal_XP_025010992.2	100.0	S	0.0
Xtro_NP_001121525.1	Hsap_XP_047290612.1	100.0	S	0.0
Xtro_NP_001121525.1	Ggal_XP_414883.4	100.0	S	0.0
Xtro_NP_001121525.1	Hsap_NP_079049.2	100.0	S	0.0
Xtro_NP_001121525.1	Hsap_XP_047290611.1	100.0	S	0.0
Xtro_NP_001121525.1	Hsap_XP_047290614.1	100.0	S	0.0
Xtro_NP_001121525.1	Hsap_XP_047290613.1	100.0	S	0.0
Xtro_NP_001121525.1	Hsap_XP_016879165.1	100.0	S	0.0
Xtro_NP_001121525.1	Hsap_NP_001138820.1	100.0	S	0.0
Xtro_NP_001121525.1	Ggal_XP_004945335.2	100.0	S	0.0
Smoe_XP_024527654.1	Smoe_XP_024527652.1	84.0	D	1.0
Smoe_XP_024527653.1	Smoe_XP_024527658.1	41.0	D	1.0
Smoe_XP_024527653.1	Smoe_XP_024527929.1	41.0	D	1.0
Smoe_XP_024527653.1	Smoe_XP_024527933.1	41.0	D	1.0
Smoe_XP_024527653.1	Smoe_XP_024527928.1	41.0	D	1.0
Smoe_XP_024527653.1	Smoe_XP_024527931.1	41.0	D	1.0
Smoe_XP_024527653.1	Smoe_XP_024527934.1	41.0	D	1.0
Smoe_XP_024527653.1	Smoe_XP_024527935.1	41.0	D	1.0
Smoe_XP_024527653.1	Smoe_XP_024527932.1	41.0	D	1.0
Smoe_XP_024527653.1	Smoe_XP_024527930.1	41.0	D	1.0
Ofus_CAH1793965.1	Lana_XP_013385380.1	97.0	S	0.0
Ofus_CAH1793965.1	Hrob_XP_009025637.1	97.0	S	0.0
Cvir_XP_022318228.1	Obim_XP_014772373.1	98.0	S	0.0
Cvir_XP_022318228.1	Lcom_lcpid192438|	98.0	S	0.0
Cvir_XP_022318228.1	Aplcal_XP_005092336.1	98.0	S	0.0
Agrpla_XP_018320992.1	Pvan_XP_027207134.1	59.0	S	0.0
Smar_SMAR013954-PA	Lpol_XP_013777533.1	59.0	S	0.0
Smar_SMAR013954-PA	Lpol_XP_022239646.1	59.0	S	0.0
Smar_SMAR013954-PA	Cscu_XP_023219802.1	59.0	S	0.0
Smar_SMAR013954-PA	Btab_XP_018911171.1	59.0	S	0.0
Smar_SMAR013954-PA	Lpol_XP_022242198.1	59.0	S	0.0
Smar_SMAR013954-PA	Cscu_XP_023219801.1	59.0	S	0.0
Smar_SMAR013954-PA	Lpol_XP_013775038.1	59.0	S	0.0
Smar_SMAR013954-PA	Lpol_XP_022242199.1	59.0	S	0.0
Smar_SMAR013954-PA	Cscu_XP_023219803.1	59.0	S	0.0
Zmay_XP_008665873.1	Zmay_XP_008665874.1	100.0	D	1.0
Zmay_XP_008665873.1	Zmay_XP_008651381.1	100.0	D	1.0
Bnap_XP_013749295.1	Bnap_XP_048630334.1	98.0	D	1.0
Rchi_XP_040375662.1	Rchi_XP_040375663.1	1.0	D	1.0
Rchi_XP_040375662.1	Rchi_XP_024159047.1	1.0	D	1.0
Qlob_XP_030953162.1	Qlob_XP_030958993.1	100.0	D	1.0
Qlob_XP_030953162.1	Qlob_XP_030958989.1	100.0	D	1.0
Qlob_XP_030953162.1	Qlob_XP_030958998.1	100.0	D	1.0
Qlob_XP_030953162.1	Qlob_XP_030959004.1	100.0	D	1.0
Qlob_XP_030953162.1	Qlob_XP_030959010.1	100.0	D	1.0
Cofcan_CDP14099.1	Sollyc_XP_069152187.1	100.0	S	0.0
Cofcan_CDP14099.1	Sollyc_NP_001306150.1	100.0	S	0.0
Mesc_XP_043805952.1	Mesc_XP_043805953.1	100.0	D	1.0
Mesc_XP_043813758.1	Mesc_XP_043813756.1	100.0	D	1.0
Mesc_XP_043813758.1	Mesc_XP_043813759.1	100.0	D	1.0
Mesc_XP_043813758.1	Mesc_XP_043813755.1	100.0	D	1.0
Mesc_XP_043813758.1	Mesc_XP_021616706.1	100.0	D	1.0
Mesc_XP_043813758.1	Mesc_XP_021616705.1	100.0	D	1.0
Tbri_KRY47478.1	Tnat_KRZ50470.1	100.0	S	0.0
Tnel_KRX20256.1	Tnel_KRX20255.1	100.0	D	1.0
Gpal_Gpal_D383_g00500.t1	Ddip_jg26521	100.0	S	0.0
Mhap_MhA1_Contig1994.frz3.gene4	Ddip_jg26521	100.0	S	0.0
Gpal_Gpal_D383_g00500.t1	Ddip_jg26533	100.0	S	0.0
Mhap_MhA1_Contig1994.frz3.gene4	Ddip_jg26533	100.0	S	0.0
Mjap_MIJAPON000006756.t1	Priarc_PARCANUS000014441.t1	100.0	S	0.0
Cele_NP_505831.1	Diplco_DCO_001492	85.0	S	0.0
Cele_NP_505831.1	Diplco_DCO_001490	85.0	S	0.0
Acey_EYB86026.1	Hcon_XGW18520.1	100.0	S	0.0
Acey_EYB86026.1	Hcon_XGW18521.1	100.0	S	0.0
Acey_EYB86026.1	Hpol_VDP19018.1	100.0	S	0.0
Ever_VDD93866.1	Sypmur_SMUV_0000527301-mRNA-1	100.0	S	0.0
Asuu_AgB01_g822_t02	Asuu_AgB01_g822_t05	100.0	D	1.0
Asuu_AgB01_g822_t02	Asuu_AgB01_g822_t01	100.0	D	1.0
Asuu_AgB01_g822_t02	Asuu_AgB01_g822_t03	100.0	D	1.0
Asuu_AgB01_g822_t02	Asuu_AgB01_g822_t04	100.0	D	1.0
Lloa_XP_003140884.1	Wban_VDM22157.1	100.0	S	0.0
Lloa_XP_003140884.1	Bmal_XP_001897040.1	100.0	S	0.0
Dimm_MCP9257372.1	Eela_EEL_0000590401-mRNA-1	91.0	S	0.0
Ovol_OVOC3662	Eela_EEL_0000590401-mRNA-1	91.0	S	0.0
Dimm_MCP9257372.1	Avit_KAL3989456.1	91.0	S	0.0
Ovol_OVOC3662	Avit_KAL3989456.1	91.0	S	0.0
Dimm_MCP9257372.1	Lsig_VDK83118.1	91.0	S	0.0
Ovol_OVOC3662	Lsig_VDK83118.1	91.0	S	0.0
Ofus_CAH1779520.1	Lana_XP_013411836.1	80.0	S	0.0
Spur_XP_030839602.1	Apla_XP_022085202.1	96.0	S	0.0
Spur_XP_030839602.1	Apla_XP_022085203.1	96.0	S	0.0
Lpol_XP_022241372.1	Lpol_XP_022241371.1	100.0	D	1.0
Lpol_XP_022241372.1	Lpol_XP_022241370.1	100.0	D	1.0
Lpol_XP_022241372.1	Lpol_XP_013774279.1	100.0	D	1.0
Ggal_XP_414883.4	Hsap_XP_047290610.1	95.0	S	0.0
Ggal_XP_025010992.2	Hsap_XP_047290610.1	95.0	S	0.0
Ggal_XP_004945335.2	Hsap_XP_047290610.1	95.0	S	0.0
Ggal_XP_414883.4	Hsap_XP_047290612.1	95.0	S	0.0
Ggal_XP_025010992.2	Hsap_XP_047290612.1	95.0	S	0.0
Ggal_XP_004945335.2	Hsap_XP_047290612.1	95.0	S	0.0
Ggal_XP_414883.4	Hsap_NP_079049.2	95.0	S	0.0
Ggal_XP_025010992.2	Hsap_NP_079049.2	95.0	S	0.0
Ggal_XP_004945335.2	Hsap_NP_079049.2	95.0	S	0.0
Ggal_XP_414883.4	Hsap_XP_047290611.1	95.0	S	0.0
Ggal_XP_025010992.2	Hsap_XP_047290611.1	95.0	S	0.0
Ggal_XP_004945335.2	Hsap_XP_047290611.1	95.0	S	0.0
Ggal_XP_414883.4	Hsap_XP_047290614.1	95.0	S	0.0
Ggal_XP_025010992.2	Hsap_XP_047290614.1	95.0	S	0.0
Ggal_XP_004945335.2	Hsap_XP_047290614.1	95.0	S	0.0
Ggal_XP_414883.4	Hsap_XP_047290613.1	95.0	S	0.0
Ggal_XP_025010992.2	Hsap_XP_047290613.1	95.0	S	0.0
Ggal_XP_004945335.2	Hsap_XP_047290613.1	95.0	S	0.0
Ggal_XP_414883.4	Hsap_XP_016879165.1	95.0	S	0.0
Ggal_XP_025010992.2	Hsap_XP_016879165.1	95.0	S	0.0
Ggal_XP_004945335.2	Hsap_XP_016879165.1	95.0	S	0.0
Ggal_XP_414883.4	Hsap_NP_001138820.1	95.0	S	0.0
Ggal_XP_025010992.2	Hsap_NP_001138820.1	95.0	S	0.0
Ggal_XP_004945335.2	Hsap_NP_001138820.1	95.0	S	0.0
Smoe_XP_024527658.1	Smoe_XP_024527929.1	87.0	D	1.0
Smoe_XP_024527658.1	Smoe_XP_024527933.1	87.0	D	1.0
Smoe_XP_024527658.1	Smoe_XP_024527928.1	87.0	D	1.0
Smoe_XP_024527658.1	Smoe_XP_024527931.1	87.0	D	1.0
Smoe_XP_024527658.1	Smoe_XP_024527934.1	87.0	D	1.0
Smoe_XP_024527658.1	Smoe_XP_024527935.1	87.0	D	1.0
Smoe_XP_024527658.1	Smoe_XP_024527932.1	87.0	D	1.0
Smoe_XP_024527658.1	Smoe_XP_024527930.1	87.0	D	1.0
Lana_XP_013385380.1	Hrob_XP_009025637.1	86.0	S	0.0
Obim_XP_014772373.1	Aplcal_XP_005092336.1	100.0	S	0.0
Obim_XP_014772373.1	Lcom_lcpid192438|	100.0	S	0.0
Btab_XP_018911171.1	Lpol_XP_013777533.1	59.0	S	0.0
Btab_XP_018911171.1	Lpol_XP_022239646.1	59.0	S	0.0
Btab_XP_018911171.1	Cscu_XP_023219802.1	59.0	S	0.0
Btab_XP_018911171.1	Lpol_XP_022242198.1	59.0	S	0.0
Btab_XP_018911171.1	Cscu_XP_023219801.1	59.0	S	0.0
Btab_XP_018911171.1	Lpol_XP_013775038.1	59.0	S	0.0
Btab_XP_018911171.1	Lpol_XP_022242199.1	59.0	S	0.0
Btab_XP_018911171.1	Cscu_XP_023219803.1	59.0	S	0.0
Zmay_XP_008665874.1	Zmay_XP_008651381.1	97.0	D	1.0
Rchi_XP_024159047.1	Rchi_XP_040375663.1	1.0	D	1.0
Qlob_XP_030959004.1	Qlob_XP_030958993.1	100.0	D	1.0
Qlob_XP_030958998.1	Qlob_XP_030958993.1	100.0	D	1.0
Qlob_XP_030959004.1	Qlob_XP_030959010.1	100.0	D	1.0
Qlob_XP_030958998.1	Qlob_XP_030959010.1	100.0	D	1.0
Qlob_XP_030959004.1	Qlob_XP_030958989.1	100.0	D	1.0
Qlob_XP_030958998.1	Qlob_XP_030958989.1	100.0	D	1.0
Sollyc_NP_001306150.1	Sollyc_XP_069152187.1	100.0	D	1.0
Mesc_XP_043813755.1	Mesc_XP_043813756.1	91.0	D	1.0
Mesc_XP_043813755.1	Mesc_XP_021616706.1	91.0	D	1.0
Mesc_XP_043813755.1	Mesc_XP_043813759.1	91.0	D	1.0
Mesc_XP_043813755.1	Mesc_XP_021616705.1	91.0	D	1.0
Gpal_Gpal_D383_g00500.t1	Mhap_MhA1_Contig1994.frz3.gene4	100.0	S	0.0
Ddip_jg26521	Ddip_jg26533	100.0	D	1.0
Diplco_DCO_001490	Diplco_DCO_001492	100.0	D	1.0
Hpol_VDP19018.1	Hcon_XGW18520.1	89.0	S	0.0
Hpol_VDP19018.1	Hcon_XGW18521.1	89.0	S	0.0
Asuu_AgB01_g822_t05	Asuu_AgB01_g822_t04	1.0	D	1.0
Asuu_AgB01_g822_t05	Asuu_AgB01_g822_t01	1.0	D	1.0
Asuu_AgB01_g822_t05	Asuu_AgB01_g822_t03	1.0	D	1.0
Bmal_XP_001897040.1	Wban_VDM22157.1	100.0	S	0.0
Ovol_OVOC3662	Dimm_MCP9257372.1	93.0	S	0.0
Eela_EEL_0000590401-mRNA-1	Avit_KAL3989456.1	99.0	S	0.0
Eela_EEL_0000590401-mRNA-1	Lsig_VDK83118.1	99.0	S	0.0
Apla_XP_022085203.1	Apla_XP_022085202.1	100.0	D	1.0
Lpol_XP_022241370.1	Lpol_XP_022241371.1	99.0	D	1.0
Lpol_XP_022241370.1	Lpol_XP_013774279.1	99.0	D	1.0
Ggal_XP_414883.4	Ggal_XP_025010992.2	100.0	D	1.0
Ggal_XP_414883.4	Ggal_XP_004945335.2	100.0	D	1.0
Hsap_XP_047290614.1	Hsap_XP_047290610.1	100.0	D	1.0
Hsap_XP_047290614.1	Hsap_XP_047290612.1	100.0	D	1.0
Hsap_XP_047290614.1	Hsap_NP_079049.2	100.0	D	1.0
Hsap_XP_047290614.1	Hsap_XP_047290611.1	100.0	D	1.0
Hsap_XP_047290614.1	Hsap_XP_047290613.1	100.0	D	1.0
Hsap_XP_047290614.1	Hsap_XP_016879165.1	100.0	D	1.0
Hsap_XP_047290614.1	Hsap_NP_001138820.1	100.0	D	1.0
Smoe_XP_024527934.1	Smoe_XP_024527929.1	100.0	D	1.0
Smoe_XP_024527934.1	Smoe_XP_024527933.1	100.0	D	1.0
Smoe_XP_024527934.1	Smoe_XP_024527928.1	100.0	D	1.0
Smoe_XP_024527934.1	Smoe_XP_024527931.1	100.0	D	1.0
Smoe_XP_024527934.1	Smoe_XP_024527935.1	100.0	D	1.0
Smoe_XP_024527934.1	Smoe_XP_024527932.1	100.0	D	1.0
Smoe_XP_024527934.1	Smoe_XP_024527930.1	100.0	D	1.0
Aplcal_XP_005092336.1	Lcom_lcpid192438|	96.0	S	0.0
Cscu_XP_023219802.1	Lpol_XP_013777533.1	100.0	S	0.0
Cscu_XP_023219801.1	Lpol_XP_013777533.1	100.0	S	0.0
Cscu_XP_023219803.1	Lpol_XP_013777533.1	100.0	S	0.0
Cscu_XP_023219802.1	Lpol_XP_022239646.1	100.0	S	0.0
Cscu_XP_023219801.1	Lpol_XP_022239646.1	100.0	S	0.0
Cscu_XP_023219803.1	Lpol_XP_022239646.1	100.0	S	0.0
Cscu_XP_023219802.1	Lpol_XP_022242198.1	100.0	S	0.0
Cscu_XP_023219801.1	Lpol_XP_022242198.1	100.0	S	0.0
Cscu_XP_023219803.1	Lpol_XP_022242198.1	100.0	S	0.0
Cscu_XP_023219802.1	Lpol_XP_013775038.1	100.0	S	0.0
Cscu_XP_023219801.1	Lpol_XP_013775038.1	100.0	S	0.0
Cscu_XP_023219803.1	Lpol_XP_013775038.1	100.0	S	0.0
Cscu_XP_023219802.1	Lpol_XP_022242199.1	100.0	S	0.0
Cscu_XP_023219801.1	Lpol_XP_022242199.1	100.0	S	0.0
Cscu_XP_023219803.1	Lpol_XP_022242199.1	100.0	S	0.0
Qlob_XP_030958998.1	Qlob_XP_030959004.1	100.0	D	1.0
Qlob_XP_030959010.1	Qlob_XP_030958993.1	100.0	D	1.0
Qlob_XP_030959010.1	Qlob_XP_030958989.1	100.0	D	1.0
Mesc_XP_021616706.1	Mesc_XP_043813756.1	89.0	D	1.0
Mesc_XP_021616706.1	Mesc_XP_043813759.1	89.0	D	1.0
Mesc_XP_021616706.1	Mesc_XP_021616705.1	89.0	D	1.0
Hcon_XGW18520.1	Hcon_XGW18521.1	100.0	D	1.0
Asuu_AgB01_g822_t03	Asuu_AgB01_g822_t04	1.0	D	1.0
Asuu_AgB01_g822_t03	Asuu_AgB01_g822_t01	1.0	D	1.0
Lsig_VDK83118.1	Avit_KAL3989456.1	100.0	S	0.0
Lpol_XP_013774279.1	Lpol_XP_022241371.1	1.0	D	1.0
Ggal_XP_025010992.2	Ggal_XP_004945335.2	100.0	D	1.0
Hsap_XP_047290613.1	Hsap_XP_047290610.1	72.0	D	1.0
Hsap_XP_047290613.1	Hsap_XP_047290612.1	72.0	D	1.0
Hsap_XP_047290613.1	Hsap_NP_079049.2	72.0	D	1.0
Hsap_XP_047290613.1	Hsap_XP_047290611.1	72.0	D	1.0
Hsap_XP_047290613.1	Hsap_XP_016879165.1	72.0	D	1.0
Hsap_XP_047290613.1	Hsap_NP_001138820.1	72.0	D	1.0
Smoe_XP_024527935.1	Smoe_XP_024527929.1	52.0	D	1.0
Smoe_XP_024527935.1	Smoe_XP_024527933.1	52.0	D	1.0
Smoe_XP_024527935.1	Smoe_XP_024527928.1	52.0	D	1.0
Smoe_XP_024527935.1	Smoe_XP_024527931.1	52.0	D	1.0
Smoe_XP_024527935.1	Smoe_XP_024527932.1	52.0	D	1.0
Smoe_XP_024527935.1	Smoe_XP_024527930.1	52.0	D	1.0
Cscu_XP_023219802.1	Cscu_XP_023219801.1	100.0	D	1.0
Cscu_XP_023219802.1	Cscu_XP_023219803.1	100.0	D	1.0
Lpol_XP_013777533.1	Lpol_XP_022242198.1	100.0	D	1.0
Lpol_XP_013777533.1	Lpol_XP_022242199.1	100.0	D	1.0
Lpol_XP_013777533.1	Lpol_XP_013775038.1	100.0	D	1.0
Lpol_XP_013777533.1	Lpol_XP_022239646.1	100.0	D	1.0
Qlob_XP_030958989.1	Qlob_XP_030958993.1	87.0	D	1.0
Mesc_XP_043813756.1	Mesc_XP_043813759.1	78.0	D	1.0
Mesc_XP_043813756.1	Mesc_XP_021616705.1	78.0	D	1.0
Asuu_AgB01_g822_t01	Asuu_AgB01_g822_t04	1.0	D	1.0
Hsap_XP_047290612.1	Hsap_XP_047290610.1	42.0	D	1.0
Hsap_XP_047290612.1	Hsap_NP_079049.2	42.0	D	1.0
Hsap_XP_047290612.1	Hsap_XP_047290611.1	42.0	D	1.0
Hsap_XP_047290612.1	Hsap_XP_016879165.1	42.0	D	1.0
Hsap_XP_047290612.1	Hsap_NP_001138820.1	42.0	D	1.0
Smoe_XP_024527930.1	Smoe_XP_024527929.1	85.0	D	1.0
Smoe_XP_024527930.1	Smoe_XP_024527933.1	85.0	D	1.0
Smoe_XP_024527930.1	Smoe_XP_024527928.1	85.0	D	1.0
Smoe_XP_024527930.1	Smoe_XP_024527931.1	85.0	D	1.0
Smoe_XP_024527930.1	Smoe_XP_024527932.1	85.0	D	1.0
Cscu_XP_023219803.1	Cscu_XP_023219801.1	100.0	D	1.0
Lpol_XP_022239646.1	Lpol_XP_022242198.1	100.0	D	1.0
Lpol_XP_022239646.1	Lpol_XP_022242199.1	100.0	D	1.0
Lpol_XP_022239646.1	Lpol_XP_013775038.1	100.0	D	1.0
Mesc_XP_021616705.1	Mesc_XP_043813759.1	82.0	D	1.0
Hsap_NP_079049.2	Hsap_XP_047290610.1	75.0	D	1.0
Hsap_NP_001138820.1	Hsap_XP_047290610.1	75.0	D	1.0
Hsap_NP_079049.2	Hsap_XP_016879165.1	75.0	D	1.0
Hsap_NP_001138820.1	Hsap_XP_016879165.1	75.0	D	1.0
Hsap_NP_079049.2	Hsap_XP_047290611.1	75.0	D	1.0
Hsap_NP_001138820.1	Hsap_XP_047290611.1	75.0	D	1.0
Smoe_XP_024527928.1	Smoe_XP_024527929.1	18.0	D	1.0
Smoe_XP_024527928.1	Smoe_XP_024527931.1	18.0	D	1.0
Smoe_XP_024527928.1	Smoe_XP_024527933.1	18.0	D	1.0
Smoe_XP_024527928.1	Smoe_XP_024527932.1	18.0	D	1.0
Lpol_XP_013775038.1	Lpol_XP_022242198.1	100.0	D	1.0
Lpol_XP_013775038.1	Lpol_XP_022242199.1	100.0	D	1.0
Hsap_NP_079049.2	Hsap_NP_001138820.1	90.0	D	1.0
Hsap_XP_016879165.1	Hsap_XP_047290610.1	74.0	D	1.0
Hsap_XP_016879165.1	Hsap_XP_047290611.1	74.0	D	1.0
Smoe_XP_024527931.1	Smoe_XP_024527929.1	18.0	D	1.0
Smoe_XP_024527931.1	Smoe_XP_024527933.1	18.0	D	1.0
Smoe_XP_024527931.1	Smoe_XP_024527932.1	18.0	D	1.0
Lpol_XP_022242198.1	Lpol_XP_022242199.1	77.0	D	1.0
Hsap_XP_047290611.1	Hsap_XP_047290610.1	75.0	D	1.0
Smoe_XP_024527929.1	Smoe_XP_024527933.1	8.0	D	1.0
Smoe_XP_024527929.1	Smoe_XP_024527932.1	8.0	D	1.0
Smoe_XP_024527933.1	Smoe_XP_024527932.1	88.0	D	1.0
