in_gene	out_gene	branch_support	ev_type	sos
Ddip_jg19747	Acey_EYC28349.1	81.0	S	0.0
Srat_XP_024507977.1	Acey_EYC28349.1	81.0	S	0.0
Mhap_MhA1_Contig349.frz3.gene23	Acey_EYC28349.1	81.0	S	0.0
Ddip_jg19742	Acey_EYC28349.1	81.0	S	0.0
Mhap_MhA1_Contig933.frz3.gene11	Acey_EYC28349.1	81.0	S	0.0
Mhap_MhA1_Contig309.frz3.gene26	Acey_EYC28349.1	81.0	S	0.0
Gpal_Gpal_D383_g02035.t1	Acey_EYC28349.1	81.0	S	0.0
Psp.PS1159_PS1159_v2.g12663.t1	Acey_EYC28349.1	81.0	S	0.0
Mhap_MhA1_Contig349.frz3.gene29	Acey_EYC28349.1	81.0	S	0.0
Bxyl_CAG9124665.1	Acey_EYC28349.1	81.0	S	0.0
Ddip_jg19747	Lloa_XP_003136006.1	81.0	S	0.0
Srat_XP_024507977.1	Lloa_XP_003136006.1	81.0	S	0.0
Mhap_MhA1_Contig349.frz3.gene23	Lloa_XP_003136006.1	81.0	S	0.0
Ddip_jg19742	Lloa_XP_003136006.1	81.0	S	0.0
Mhap_MhA1_Contig933.frz3.gene11	Lloa_XP_003136006.1	81.0	S	0.0
Mhap_MhA1_Contig309.frz3.gene26	Lloa_XP_003136006.1	81.0	S	0.0
Gpal_Gpal_D383_g02035.t1	Lloa_XP_003136006.1	81.0	S	0.0
Psp.PS1159_PS1159_v2.g12663.t1	Lloa_XP_003136006.1	81.0	S	0.0
Mhap_MhA1_Contig349.frz3.gene29	Lloa_XP_003136006.1	81.0	S	0.0
Bxyl_CAG9124665.1	Lloa_XP_003136006.1	81.0	S	0.0
Ddip_jg19747	Wban_VDM09846.1	81.0	S	0.0
Srat_XP_024507977.1	Wban_VDM09846.1	81.0	S	0.0
Mhap_MhA1_Contig349.frz3.gene23	Wban_VDM09846.1	81.0	S	0.0
Ddip_jg19742	Wban_VDM09846.1	81.0	S	0.0
Mhap_MhA1_Contig933.frz3.gene11	Wban_VDM09846.1	81.0	S	0.0
Mhap_MhA1_Contig309.frz3.gene26	Wban_VDM09846.1	81.0	S	0.0
Gpal_Gpal_D383_g02035.t1	Wban_VDM09846.1	81.0	S	0.0
Psp.PS1159_PS1159_v2.g12663.t1	Wban_VDM09846.1	81.0	S	0.0
Mhap_MhA1_Contig349.frz3.gene29	Wban_VDM09846.1	81.0	S	0.0
Bxyl_CAG9124665.1	Wban_VDM09846.1	81.0	S	0.0
Ddip_jg19747	Mbel_CAJ0961064.1	81.0	S	0.0
Srat_XP_024507977.1	Mbel_CAJ0961064.1	81.0	S	0.0
Mhap_MhA1_Contig349.frz3.gene23	Mbel_CAJ0961064.1	81.0	S	0.0
Ddip_jg19742	Mbel_CAJ0961064.1	81.0	S	0.0
Mhap_MhA1_Contig933.frz3.gene11	Mbel_CAJ0961064.1	81.0	S	0.0
Mhap_MhA1_Contig309.frz3.gene26	Mbel_CAJ0961064.1	81.0	S	0.0
Gpal_Gpal_D383_g02035.t1	Mbel_CAJ0961064.1	81.0	S	0.0
Psp.PS1159_PS1159_v2.g12663.t1	Mbel_CAJ0961064.1	81.0	S	0.0
Mhap_MhA1_Contig349.frz3.gene29	Mbel_CAJ0961064.1	81.0	S	0.0
Bxyl_CAG9124665.1	Mbel_CAJ0961064.1	81.0	S	0.0
Ddip_jg19747	Mjap_MIJAPON000007136.t1	81.0	S	0.0
Srat_XP_024507977.1	Mjap_MIJAPON000007136.t1	81.0	S	0.0
Mhap_MhA1_Contig349.frz3.gene23	Mjap_MIJAPON000007136.t1	81.0	S	0.0
Ddip_jg19742	Mjap_MIJAPON000007136.t1	81.0	S	0.0
Mhap_MhA1_Contig933.frz3.gene11	Mjap_MIJAPON000007136.t1	81.0	S	0.0
Mhap_MhA1_Contig309.frz3.gene26	Mjap_MIJAPON000007136.t1	81.0	S	0.0
Gpal_Gpal_D383_g02035.t1	Mjap_MIJAPON000007136.t1	81.0	S	0.0
Psp.PS1159_PS1159_v2.g12663.t1	Mjap_MIJAPON000007136.t1	81.0	S	0.0
Mhap_MhA1_Contig349.frz3.gene29	Mjap_MIJAPON000007136.t1	81.0	S	0.0
Bxyl_CAG9124665.1	Mjap_MIJAPON000007136.t1	81.0	S	0.0
Ddip_jg19747	Diplco_DCO_004191	81.0	S	0.0
Srat_XP_024507977.1	Diplco_DCO_004191	81.0	S	0.0
Mhap_MhA1_Contig349.frz3.gene23	Diplco_DCO_004191	81.0	S	0.0
Ddip_jg19742	Diplco_DCO_004191	81.0	S	0.0
Mhap_MhA1_Contig933.frz3.gene11	Diplco_DCO_004191	81.0	S	0.0
Mhap_MhA1_Contig309.frz3.gene26	Diplco_DCO_004191	81.0	S	0.0
Gpal_Gpal_D383_g02035.t1	Diplco_DCO_004191	81.0	S	0.0
Psp.PS1159_PS1159_v2.g12663.t1	Diplco_DCO_004191	81.0	S	0.0
Mhap_MhA1_Contig349.frz3.gene29	Diplco_DCO_004191	81.0	S	0.0
Bxyl_CAG9124665.1	Diplco_DCO_004191	81.0	S	0.0
Ddip_jg19747	Acey_EYC28348.1	81.0	S	0.0
Srat_XP_024507977.1	Acey_EYC28348.1	81.0	S	0.0
Mhap_MhA1_Contig349.frz3.gene23	Acey_EYC28348.1	81.0	S	0.0
Ddip_jg19742	Acey_EYC28348.1	81.0	S	0.0
Mhap_MhA1_Contig933.frz3.gene11	Acey_EYC28348.1	81.0	S	0.0
Mhap_MhA1_Contig309.frz3.gene26	Acey_EYC28348.1	81.0	S	0.0
Gpal_Gpal_D383_g02035.t1	Acey_EYC28348.1	81.0	S	0.0
Psp.PS1159_PS1159_v2.g12663.t1	Acey_EYC28348.1	81.0	S	0.0
Mhap_MhA1_Contig349.frz3.gene29	Acey_EYC28348.1	81.0	S	0.0
Bxyl_CAG9124665.1	Acey_EYC28348.1	81.0	S	0.0
Ddip_jg19747	Ovol_OVOC6383	81.0	S	0.0
Srat_XP_024507977.1	Ovol_OVOC6383	81.0	S	0.0
Mhap_MhA1_Contig349.frz3.gene23	Ovol_OVOC6383	81.0	S	0.0
Ddip_jg19742	Ovol_OVOC6383	81.0	S	0.0
Mhap_MhA1_Contig933.frz3.gene11	Ovol_OVOC6383	81.0	S	0.0
Mhap_MhA1_Contig309.frz3.gene26	Ovol_OVOC6383	81.0	S	0.0
Gpal_Gpal_D383_g02035.t1	Ovol_OVOC6383	81.0	S	0.0
Psp.PS1159_PS1159_v2.g12663.t1	Ovol_OVOC6383	81.0	S	0.0
Mhap_MhA1_Contig349.frz3.gene29	Ovol_OVOC6383	81.0	S	0.0
Bxyl_CAG9124665.1	Ovol_OVOC6383	81.0	S	0.0
Ddip_jg19747	Otip_Oti_6068_t	81.0	S	0.0
Srat_XP_024507977.1	Otip_Oti_6068_t	81.0	S	0.0
Mhap_MhA1_Contig349.frz3.gene23	Otip_Oti_6068_t	81.0	S	0.0
Ddip_jg19742	Otip_Oti_6068_t	81.0	S	0.0
Mhap_MhA1_Contig933.frz3.gene11	Otip_Oti_6068_t	81.0	S	0.0
Mhap_MhA1_Contig309.frz3.gene26	Otip_Oti_6068_t	81.0	S	0.0
Gpal_Gpal_D383_g02035.t1	Otip_Oti_6068_t	81.0	S	0.0
Psp.PS1159_PS1159_v2.g12663.t1	Otip_Oti_6068_t	81.0	S	0.0
Mhap_MhA1_Contig349.frz3.gene29	Otip_Oti_6068_t	81.0	S	0.0
Bxyl_CAG9124665.1	Otip_Oti_6068_t	81.0	S	0.0
Ddip_jg19747	Priarc_PARCANUS000003172.t1	81.0	S	0.0
Srat_XP_024507977.1	Priarc_PARCANUS000003172.t1	81.0	S	0.0
Mhap_MhA1_Contig349.frz3.gene23	Priarc_PARCANUS000003172.t1	81.0	S	0.0
Ddip_jg19742	Priarc_PARCANUS000003172.t1	81.0	S	0.0
Mhap_MhA1_Contig933.frz3.gene11	Priarc_PARCANUS000003172.t1	81.0	S	0.0
Mhap_MhA1_Contig309.frz3.gene26	Priarc_PARCANUS000003172.t1	81.0	S	0.0
Gpal_Gpal_D383_g02035.t1	Priarc_PARCANUS000003172.t1	81.0	S	0.0
Psp.PS1159_PS1159_v2.g12663.t1	Priarc_PARCANUS000003172.t1	81.0	S	0.0
Mhap_MhA1_Contig349.frz3.gene29	Priarc_PARCANUS000003172.t1	81.0	S	0.0
Bxyl_CAG9124665.1	Priarc_PARCANUS000003172.t1	81.0	S	0.0
Ddip_jg19747	Dimm_MCP9259765.1	81.0	S	0.0
Srat_XP_024507977.1	Dimm_MCP9259765.1	81.0	S	0.0
Mhap_MhA1_Contig349.frz3.gene23	Dimm_MCP9259765.1	81.0	S	0.0
Ddip_jg19742	Dimm_MCP9259765.1	81.0	S	0.0
Mhap_MhA1_Contig933.frz3.gene11	Dimm_MCP9259765.1	81.0	S	0.0
Mhap_MhA1_Contig309.frz3.gene26	Dimm_MCP9259765.1	81.0	S	0.0
Gpal_Gpal_D383_g02035.t1	Dimm_MCP9259765.1	81.0	S	0.0
Psp.PS1159_PS1159_v2.g12663.t1	Dimm_MCP9259765.1	81.0	S	0.0
Mhap_MhA1_Contig349.frz3.gene29	Dimm_MCP9259765.1	81.0	S	0.0
Bxyl_CAG9124665.1	Dimm_MCP9259765.1	81.0	S	0.0
Ddip_jg19747	Scar_TKR70129.1	81.0	S	0.0
Srat_XP_024507977.1	Scar_TKR70129.1	81.0	S	0.0
Mhap_MhA1_Contig349.frz3.gene23	Scar_TKR70129.1	81.0	S	0.0
Ddip_jg19742	Scar_TKR70129.1	81.0	S	0.0
Mhap_MhA1_Contig933.frz3.gene11	Scar_TKR70129.1	81.0	S	0.0
Mhap_MhA1_Contig309.frz3.gene26	Scar_TKR70129.1	81.0	S	0.0
Gpal_Gpal_D383_g02035.t1	Scar_TKR70129.1	81.0	S	0.0
Psp.PS1159_PS1159_v2.g12663.t1	Scar_TKR70129.1	81.0	S	0.0
Mhap_MhA1_Contig349.frz3.gene29	Scar_TKR70129.1	81.0	S	0.0
Bxyl_CAG9124665.1	Scar_TKR70129.1	81.0	S	0.0
Ddip_jg19747	Acey_EYC28347.1	81.0	S	0.0
Srat_XP_024507977.1	Acey_EYC28347.1	81.0	S	0.0
Mhap_MhA1_Contig349.frz3.gene23	Acey_EYC28347.1	81.0	S	0.0
Ddip_jg19742	Acey_EYC28347.1	81.0	S	0.0
Mhap_MhA1_Contig933.frz3.gene11	Acey_EYC28347.1	81.0	S	0.0
Mhap_MhA1_Contig309.frz3.gene26	Acey_EYC28347.1	81.0	S	0.0
Gpal_Gpal_D383_g02035.t1	Acey_EYC28347.1	81.0	S	0.0
Psp.PS1159_PS1159_v2.g12663.t1	Acey_EYC28347.1	81.0	S	0.0
Mhap_MhA1_Contig349.frz3.gene29	Acey_EYC28347.1	81.0	S	0.0
Bxyl_CAG9124665.1	Acey_EYC28347.1	81.0	S	0.0
Ddip_jg19747	Lcom_lcpid248837|	81.0	S	0.0
Srat_XP_024507977.1	Lcom_lcpid248837|	81.0	S	0.0
Mhap_MhA1_Contig349.frz3.gene23	Lcom_lcpid248837|	81.0	S	0.0
Ddip_jg19742	Lcom_lcpid248837|	81.0	S	0.0
Mhap_MhA1_Contig933.frz3.gene11	Lcom_lcpid248837|	81.0	S	0.0
Mhap_MhA1_Contig309.frz3.gene26	Lcom_lcpid248837|	81.0	S	0.0
Gpal_Gpal_D383_g02035.t1	Lcom_lcpid248837|	81.0	S	0.0
Psp.PS1159_PS1159_v2.g12663.t1	Lcom_lcpid248837|	81.0	S	0.0
Mhap_MhA1_Contig349.frz3.gene29	Lcom_lcpid248837|	81.0	S	0.0
Bxyl_CAG9124665.1	Lcom_lcpid248837|	81.0	S	0.0
Ddip_jg19747	Asuu_AgR071_g003_t06	81.0	S	0.0
Srat_XP_024507977.1	Asuu_AgR071_g003_t06	81.0	S	0.0
Mhap_MhA1_Contig349.frz3.gene23	Asuu_AgR071_g003_t06	81.0	S	0.0
Ddip_jg19742	Asuu_AgR071_g003_t06	81.0	S	0.0
Mhap_MhA1_Contig933.frz3.gene11	Asuu_AgR071_g003_t06	81.0	S	0.0
Mhap_MhA1_Contig309.frz3.gene26	Asuu_AgR071_g003_t06	81.0	S	0.0
Gpal_Gpal_D383_g02035.t1	Asuu_AgR071_g003_t06	81.0	S	0.0
Psp.PS1159_PS1159_v2.g12663.t1	Asuu_AgR071_g003_t06	81.0	S	0.0
Mhap_MhA1_Contig349.frz3.gene29	Asuu_AgR071_g003_t06	81.0	S	0.0
Bxyl_CAG9124665.1	Asuu_AgR071_g003_t06	81.0	S	0.0
Ddip_jg19747	Hcon_XGW05178.1	81.0	S	0.0
Srat_XP_024507977.1	Hcon_XGW05178.1	81.0	S	0.0
Mhap_MhA1_Contig349.frz3.gene23	Hcon_XGW05178.1	81.0	S	0.0
Ddip_jg19742	Hcon_XGW05178.1	81.0	S	0.0
Mhap_MhA1_Contig933.frz3.gene11	Hcon_XGW05178.1	81.0	S	0.0
Mhap_MhA1_Contig309.frz3.gene26	Hcon_XGW05178.1	81.0	S	0.0
Gpal_Gpal_D383_g02035.t1	Hcon_XGW05178.1	81.0	S	0.0
Psp.PS1159_PS1159_v2.g12663.t1	Hcon_XGW05178.1	81.0	S	0.0
Mhap_MhA1_Contig349.frz3.gene29	Hcon_XGW05178.1	81.0	S	0.0
Bxyl_CAG9124665.1	Hcon_XGW05178.1	81.0	S	0.0
Ddip_jg19747	Lsig_VDK85470.1	81.0	S	0.0
Srat_XP_024507977.1	Lsig_VDK85470.1	81.0	S	0.0
Mhap_MhA1_Contig349.frz3.gene23	Lsig_VDK85470.1	81.0	S	0.0
Ddip_jg19742	Lsig_VDK85470.1	81.0	S	0.0
Mhap_MhA1_Contig933.frz3.gene11	Lsig_VDK85470.1	81.0	S	0.0
Mhap_MhA1_Contig309.frz3.gene26	Lsig_VDK85470.1	81.0	S	0.0
Gpal_Gpal_D383_g02035.t1	Lsig_VDK85470.1	81.0	S	0.0
Psp.PS1159_PS1159_v2.g12663.t1	Lsig_VDK85470.1	81.0	S	0.0
Mhap_MhA1_Contig349.frz3.gene29	Lsig_VDK85470.1	81.0	S	0.0
Bxyl_CAG9124665.1	Lsig_VDK85470.1	81.0	S	0.0
Ddip_jg19747	Angcan_KAE9418770.1	81.0	S	0.0
Srat_XP_024507977.1	Angcan_KAE9418770.1	81.0	S	0.0
Mhap_MhA1_Contig349.frz3.gene23	Angcan_KAE9418770.1	81.0	S	0.0
Ddip_jg19742	Angcan_KAE9418770.1	81.0	S	0.0
Mhap_MhA1_Contig933.frz3.gene11	Angcan_KAE9418770.1	81.0	S	0.0
Mhap_MhA1_Contig309.frz3.gene26	Angcan_KAE9418770.1	81.0	S	0.0
Gpal_Gpal_D383_g02035.t1	Angcan_KAE9418770.1	81.0	S	0.0
Psp.PS1159_PS1159_v2.g12663.t1	Angcan_KAE9418770.1	81.0	S	0.0
Mhap_MhA1_Contig349.frz3.gene29	Angcan_KAE9418770.1	81.0	S	0.0
Bxyl_CAG9124665.1	Angcan_KAE9418770.1	81.0	S	0.0
Ddip_jg19747	Asuu_AgR071_g003_t05	81.0	S	0.0
Srat_XP_024507977.1	Asuu_AgR071_g003_t05	81.0	S	0.0
Mhap_MhA1_Contig349.frz3.gene23	Asuu_AgR071_g003_t05	81.0	S	0.0
Ddip_jg19742	Asuu_AgR071_g003_t05	81.0	S	0.0
Mhap_MhA1_Contig933.frz3.gene11	Asuu_AgR071_g003_t05	81.0	S	0.0
Mhap_MhA1_Contig309.frz3.gene26	Asuu_AgR071_g003_t05	81.0	S	0.0
Gpal_Gpal_D383_g02035.t1	Asuu_AgR071_g003_t05	81.0	S	0.0
Psp.PS1159_PS1159_v2.g12663.t1	Asuu_AgR071_g003_t05	81.0	S	0.0
Mhap_MhA1_Contig349.frz3.gene29	Asuu_AgR071_g003_t05	81.0	S	0.0
Bxyl_CAG9124665.1	Asuu_AgR071_g003_t05	81.0	S	0.0
Ddip_jg19747	Hcon_XGW05180.1	81.0	S	0.0
Srat_XP_024507977.1	Hcon_XGW05180.1	81.0	S	0.0
Mhap_MhA1_Contig349.frz3.gene23	Hcon_XGW05180.1	81.0	S	0.0
Ddip_jg19742	Hcon_XGW05180.1	81.0	S	0.0
Mhap_MhA1_Contig933.frz3.gene11	Hcon_XGW05180.1	81.0	S	0.0
Mhap_MhA1_Contig309.frz3.gene26	Hcon_XGW05180.1	81.0	S	0.0
Gpal_Gpal_D383_g02035.t1	Hcon_XGW05180.1	81.0	S	0.0
Psp.PS1159_PS1159_v2.g12663.t1	Hcon_XGW05180.1	81.0	S	0.0
Mhap_MhA1_Contig349.frz3.gene29	Hcon_XGW05180.1	81.0	S	0.0
Bxyl_CAG9124665.1	Hcon_XGW05180.1	81.0	S	0.0
Ddip_jg19747	Cele_NP_001021644.1	81.0	S	0.0
Srat_XP_024507977.1	Cele_NP_001021644.1	81.0	S	0.0
Mhap_MhA1_Contig349.frz3.gene23	Cele_NP_001021644.1	81.0	S	0.0
Ddip_jg19742	Cele_NP_001021644.1	81.0	S	0.0
Mhap_MhA1_Contig933.frz3.gene11	Cele_NP_001021644.1	81.0	S	0.0
Mhap_MhA1_Contig309.frz3.gene26	Cele_NP_001021644.1	81.0	S	0.0
Gpal_Gpal_D383_g02035.t1	Cele_NP_001021644.1	81.0	S	0.0
Psp.PS1159_PS1159_v2.g12663.t1	Cele_NP_001021644.1	81.0	S	0.0
Mhap_MhA1_Contig349.frz3.gene29	Cele_NP_001021644.1	81.0	S	0.0
Bxyl_CAG9124665.1	Cele_NP_001021644.1	81.0	S	0.0
Ddip_jg19747	Asuu_AgR071_g003_t03	81.0	S	0.0
Srat_XP_024507977.1	Asuu_AgR071_g003_t03	81.0	S	0.0
Mhap_MhA1_Contig349.frz3.gene23	Asuu_AgR071_g003_t03	81.0	S	0.0
Ddip_jg19742	Asuu_AgR071_g003_t03	81.0	S	0.0
Mhap_MhA1_Contig933.frz3.gene11	Asuu_AgR071_g003_t03	81.0	S	0.0
Mhap_MhA1_Contig309.frz3.gene26	Asuu_AgR071_g003_t03	81.0	S	0.0
Gpal_Gpal_D383_g02035.t1	Asuu_AgR071_g003_t03	81.0	S	0.0
Psp.PS1159_PS1159_v2.g12663.t1	Asuu_AgR071_g003_t03	81.0	S	0.0
Mhap_MhA1_Contig349.frz3.gene29	Asuu_AgR071_g003_t03	81.0	S	0.0
Bxyl_CAG9124665.1	Asuu_AgR071_g003_t03	81.0	S	0.0
Ddip_jg19747	Acey_EYC28346.1	81.0	S	0.0
Srat_XP_024507977.1	Acey_EYC28346.1	81.0	S	0.0
Mhap_MhA1_Contig349.frz3.gene23	Acey_EYC28346.1	81.0	S	0.0
Ddip_jg19742	Acey_EYC28346.1	81.0	S	0.0
Mhap_MhA1_Contig933.frz3.gene11	Acey_EYC28346.1	81.0	S	0.0
Mhap_MhA1_Contig309.frz3.gene26	Acey_EYC28346.1	81.0	S	0.0
Gpal_Gpal_D383_g02035.t1	Acey_EYC28346.1	81.0	S	0.0
Psp.PS1159_PS1159_v2.g12663.t1	Acey_EYC28346.1	81.0	S	0.0
Mhap_MhA1_Contig349.frz3.gene29	Acey_EYC28346.1	81.0	S	0.0
Bxyl_CAG9124665.1	Acey_EYC28346.1	81.0	S	0.0
Ddip_jg19747	Avit_KAL3984786.1	81.0	S	0.0
Srat_XP_024507977.1	Avit_KAL3984786.1	81.0	S	0.0
Mhap_MhA1_Contig349.frz3.gene23	Avit_KAL3984786.1	81.0	S	0.0
Ddip_jg19742	Avit_KAL3984786.1	81.0	S	0.0
Mhap_MhA1_Contig933.frz3.gene11	Avit_KAL3984786.1	81.0	S	0.0
Mhap_MhA1_Contig309.frz3.gene26	Avit_KAL3984786.1	81.0	S	0.0
Gpal_Gpal_D383_g02035.t1	Avit_KAL3984786.1	81.0	S	0.0
Psp.PS1159_PS1159_v2.g12663.t1	Avit_KAL3984786.1	81.0	S	0.0
Mhap_MhA1_Contig349.frz3.gene29	Avit_KAL3984786.1	81.0	S	0.0
Bxyl_CAG9124665.1	Avit_KAL3984786.1	81.0	S	0.0
Ddip_jg19747	Asuu_AgR071_g003_t04	81.0	S	0.0
Srat_XP_024507977.1	Asuu_AgR071_g003_t04	81.0	S	0.0
Mhap_MhA1_Contig349.frz3.gene23	Asuu_AgR071_g003_t04	81.0	S	0.0
Ddip_jg19742	Asuu_AgR071_g003_t04	81.0	S	0.0
Mhap_MhA1_Contig933.frz3.gene11	Asuu_AgR071_g003_t04	81.0	S	0.0
Mhap_MhA1_Contig309.frz3.gene26	Asuu_AgR071_g003_t04	81.0	S	0.0
Gpal_Gpal_D383_g02035.t1	Asuu_AgR071_g003_t04	81.0	S	0.0
Psp.PS1159_PS1159_v2.g12663.t1	Asuu_AgR071_g003_t04	81.0	S	0.0
Mhap_MhA1_Contig349.frz3.gene29	Asuu_AgR071_g003_t04	81.0	S	0.0
Bxyl_CAG9124665.1	Asuu_AgR071_g003_t04	81.0	S	0.0
Ddip_jg19747	Bmal_XP_042937138.1	81.0	S	0.0
Srat_XP_024507977.1	Bmal_XP_042937138.1	81.0	S	0.0
Mhap_MhA1_Contig349.frz3.gene23	Bmal_XP_042937138.1	81.0	S	0.0
Ddip_jg19742	Bmal_XP_042937138.1	81.0	S	0.0
Mhap_MhA1_Contig933.frz3.gene11	Bmal_XP_042937138.1	81.0	S	0.0
Mhap_MhA1_Contig309.frz3.gene26	Bmal_XP_042937138.1	81.0	S	0.0
Gpal_Gpal_D383_g02035.t1	Bmal_XP_042937138.1	81.0	S	0.0
Psp.PS1159_PS1159_v2.g12663.t1	Bmal_XP_042937138.1	81.0	S	0.0
Mhap_MhA1_Contig349.frz3.gene29	Bmal_XP_042937138.1	81.0	S	0.0
Bxyl_CAG9124665.1	Bmal_XP_042937138.1	81.0	S	0.0
Ddip_jg19747	Hcon_XGW05179.1	81.0	S	0.0
Srat_XP_024507977.1	Hcon_XGW05179.1	81.0	S	0.0
Mhap_MhA1_Contig349.frz3.gene23	Hcon_XGW05179.1	81.0	S	0.0
Ddip_jg19742	Hcon_XGW05179.1	81.0	S	0.0
Mhap_MhA1_Contig933.frz3.gene11	Hcon_XGW05179.1	81.0	S	0.0
Mhap_MhA1_Contig309.frz3.gene26	Hcon_XGW05179.1	81.0	S	0.0
Gpal_Gpal_D383_g02035.t1	Hcon_XGW05179.1	81.0	S	0.0
Psp.PS1159_PS1159_v2.g12663.t1	Hcon_XGW05179.1	81.0	S	0.0
Mhap_MhA1_Contig349.frz3.gene29	Hcon_XGW05179.1	81.0	S	0.0
Bxyl_CAG9124665.1	Hcon_XGW05179.1	81.0	S	0.0
Ddip_jg19747	Eela_EEL_0000405201-mRNA-1	81.0	S	0.0
Srat_XP_024507977.1	Eela_EEL_0000405201-mRNA-1	81.0	S	0.0
Mhap_MhA1_Contig349.frz3.gene23	Eela_EEL_0000405201-mRNA-1	81.0	S	0.0
Ddip_jg19742	Eela_EEL_0000405201-mRNA-1	81.0	S	0.0
Mhap_MhA1_Contig933.frz3.gene11	Eela_EEL_0000405201-mRNA-1	81.0	S	0.0
Mhap_MhA1_Contig309.frz3.gene26	Eela_EEL_0000405201-mRNA-1	81.0	S	0.0
Gpal_Gpal_D383_g02035.t1	Eela_EEL_0000405201-mRNA-1	81.0	S	0.0
Psp.PS1159_PS1159_v2.g12663.t1	Eela_EEL_0000405201-mRNA-1	81.0	S	0.0
Mhap_MhA1_Contig349.frz3.gene29	Eela_EEL_0000405201-mRNA-1	81.0	S	0.0
Bxyl_CAG9124665.1	Eela_EEL_0000405201-mRNA-1	81.0	S	0.0
Ddip_jg19747	Diplco_DCO_004192	81.0	S	0.0
Srat_XP_024507977.1	Diplco_DCO_004192	81.0	S	0.0
Mhap_MhA1_Contig349.frz3.gene23	Diplco_DCO_004192	81.0	S	0.0
Ddip_jg19742	Diplco_DCO_004192	81.0	S	0.0
Mhap_MhA1_Contig933.frz3.gene11	Diplco_DCO_004192	81.0	S	0.0
Mhap_MhA1_Contig309.frz3.gene26	Diplco_DCO_004192	81.0	S	0.0
Gpal_Gpal_D383_g02035.t1	Diplco_DCO_004192	81.0	S	0.0
Psp.PS1159_PS1159_v2.g12663.t1	Diplco_DCO_004192	81.0	S	0.0
Mhap_MhA1_Contig349.frz3.gene29	Diplco_DCO_004192	81.0	S	0.0
Bxyl_CAG9124665.1	Diplco_DCO_004192	81.0	S	0.0
Srat_XP_024507977.1	Ddip_jg19747	86.0	S	0.0
Psp.PS1159_PS1159_v2.g12663.t1	Ddip_jg19747	86.0	S	0.0
Srat_XP_024507977.1	Mhap_MhA1_Contig349.frz3.gene23	86.0	S	0.0
Psp.PS1159_PS1159_v2.g12663.t1	Mhap_MhA1_Contig349.frz3.gene23	86.0	S	0.0
Srat_XP_024507977.1	Ddip_jg19742	86.0	S	0.0
Psp.PS1159_PS1159_v2.g12663.t1	Ddip_jg19742	86.0	S	0.0
Srat_XP_024507977.1	Mhap_MhA1_Contig933.frz3.gene11	86.0	S	0.0
Psp.PS1159_PS1159_v2.g12663.t1	Mhap_MhA1_Contig933.frz3.gene11	86.0	S	0.0
Srat_XP_024507977.1	Mhap_MhA1_Contig309.frz3.gene26	86.0	S	0.0
Psp.PS1159_PS1159_v2.g12663.t1	Mhap_MhA1_Contig309.frz3.gene26	86.0	S	0.0
Srat_XP_024507977.1	Gpal_Gpal_D383_g02035.t1	86.0	S	0.0
Psp.PS1159_PS1159_v2.g12663.t1	Gpal_Gpal_D383_g02035.t1	86.0	S	0.0
Srat_XP_024507977.1	Mhap_MhA1_Contig349.frz3.gene29	86.0	S	0.0
Psp.PS1159_PS1159_v2.g12663.t1	Mhap_MhA1_Contig349.frz3.gene29	86.0	S	0.0
Srat_XP_024507977.1	Bxyl_CAG9124665.1	86.0	S	0.0
Psp.PS1159_PS1159_v2.g12663.t1	Bxyl_CAG9124665.1	86.0	S	0.0
Ovol_OVOC6383	Mbel_CAJ0961064.1	68.0	S	0.0
Asuu_AgR071_g003_t06	Mbel_CAJ0961064.1	68.0	S	0.0
Lsig_VDK85470.1	Mbel_CAJ0961064.1	68.0	S	0.0
Avit_KAL3984786.1	Mbel_CAJ0961064.1	68.0	S	0.0
Asuu_AgR071_g003_t04	Mbel_CAJ0961064.1	68.0	S	0.0
Bmal_XP_042937138.1	Mbel_CAJ0961064.1	68.0	S	0.0
Lloa_XP_003136006.1	Mbel_CAJ0961064.1	68.0	S	0.0
Asuu_AgR071_g003_t05	Mbel_CAJ0961064.1	68.0	S	0.0
Dimm_MCP9259765.1	Mbel_CAJ0961064.1	68.0	S	0.0
Wban_VDM09846.1	Mbel_CAJ0961064.1	68.0	S	0.0
Asuu_AgR071_g003_t03	Mbel_CAJ0961064.1	68.0	S	0.0
Eela_EEL_0000405201-mRNA-1	Mbel_CAJ0961064.1	68.0	S	0.0
Lcom_lcpid248837|	Mbel_CAJ0961064.1	68.0	S	0.0
Ovol_OVOC6383	Acey_EYC28348.1	68.0	S	0.0
Asuu_AgR071_g003_t06	Acey_EYC28348.1	68.0	S	0.0
Lsig_VDK85470.1	Acey_EYC28348.1	68.0	S	0.0
Avit_KAL3984786.1	Acey_EYC28348.1	68.0	S	0.0
Asuu_AgR071_g003_t04	Acey_EYC28348.1	68.0	S	0.0
Bmal_XP_042937138.1	Acey_EYC28348.1	68.0	S	0.0
Lloa_XP_003136006.1	Acey_EYC28348.1	68.0	S	0.0
Asuu_AgR071_g003_t05	Acey_EYC28348.1	68.0	S	0.0
Dimm_MCP9259765.1	Acey_EYC28348.1	68.0	S	0.0
Wban_VDM09846.1	Acey_EYC28348.1	68.0	S	0.0
Asuu_AgR071_g003_t03	Acey_EYC28348.1	68.0	S	0.0
Eela_EEL_0000405201-mRNA-1	Acey_EYC28348.1	68.0	S	0.0
Lcom_lcpid248837|	Acey_EYC28348.1	68.0	S	0.0
Ovol_OVOC6383	Angcan_KAE9418770.1	68.0	S	0.0
Asuu_AgR071_g003_t06	Angcan_KAE9418770.1	68.0	S	0.0
Lsig_VDK85470.1	Angcan_KAE9418770.1	68.0	S	0.0
Avit_KAL3984786.1	Angcan_KAE9418770.1	68.0	S	0.0
Asuu_AgR071_g003_t04	Angcan_KAE9418770.1	68.0	S	0.0
Bmal_XP_042937138.1	Angcan_KAE9418770.1	68.0	S	0.0
Lloa_XP_003136006.1	Angcan_KAE9418770.1	68.0	S	0.0
Asuu_AgR071_g003_t05	Angcan_KAE9418770.1	68.0	S	0.0
Dimm_MCP9259765.1	Angcan_KAE9418770.1	68.0	S	0.0
Wban_VDM09846.1	Angcan_KAE9418770.1	68.0	S	0.0
Asuu_AgR071_g003_t03	Angcan_KAE9418770.1	68.0	S	0.0
Eela_EEL_0000405201-mRNA-1	Angcan_KAE9418770.1	68.0	S	0.0
Lcom_lcpid248837|	Angcan_KAE9418770.1	68.0	S	0.0
Ovol_OVOC6383	Hcon_XGW05178.1	68.0	S	0.0
Asuu_AgR071_g003_t06	Hcon_XGW05178.1	68.0	S	0.0
Lsig_VDK85470.1	Hcon_XGW05178.1	68.0	S	0.0
Avit_KAL3984786.1	Hcon_XGW05178.1	68.0	S	0.0
Asuu_AgR071_g003_t04	Hcon_XGW05178.1	68.0	S	0.0
Bmal_XP_042937138.1	Hcon_XGW05178.1	68.0	S	0.0
Lloa_XP_003136006.1	Hcon_XGW05178.1	68.0	S	0.0
Asuu_AgR071_g003_t05	Hcon_XGW05178.1	68.0	S	0.0
Dimm_MCP9259765.1	Hcon_XGW05178.1	68.0	S	0.0
Wban_VDM09846.1	Hcon_XGW05178.1	68.0	S	0.0
Asuu_AgR071_g003_t03	Hcon_XGW05178.1	68.0	S	0.0
Eela_EEL_0000405201-mRNA-1	Hcon_XGW05178.1	68.0	S	0.0
Lcom_lcpid248837|	Hcon_XGW05178.1	68.0	S	0.0
Ovol_OVOC6383	Otip_Oti_6068_t	68.0	S	0.0
Asuu_AgR071_g003_t06	Otip_Oti_6068_t	68.0	S	0.0
Lsig_VDK85470.1	Otip_Oti_6068_t	68.0	S	0.0
Avit_KAL3984786.1	Otip_Oti_6068_t	68.0	S	0.0
Asuu_AgR071_g003_t04	Otip_Oti_6068_t	68.0	S	0.0
Bmal_XP_042937138.1	Otip_Oti_6068_t	68.0	S	0.0
Lloa_XP_003136006.1	Otip_Oti_6068_t	68.0	S	0.0
Asuu_AgR071_g003_t05	Otip_Oti_6068_t	68.0	S	0.0
Dimm_MCP9259765.1	Otip_Oti_6068_t	68.0	S	0.0
Wban_VDM09846.1	Otip_Oti_6068_t	68.0	S	0.0
Asuu_AgR071_g003_t03	Otip_Oti_6068_t	68.0	S	0.0
Eela_EEL_0000405201-mRNA-1	Otip_Oti_6068_t	68.0	S	0.0
Lcom_lcpid248837|	Otip_Oti_6068_t	68.0	S	0.0
Ovol_OVOC6383	Priarc_PARCANUS000003172.t1	68.0	S	0.0
Asuu_AgR071_g003_t06	Priarc_PARCANUS000003172.t1	68.0	S	0.0
Lsig_VDK85470.1	Priarc_PARCANUS000003172.t1	68.0	S	0.0
Avit_KAL3984786.1	Priarc_PARCANUS000003172.t1	68.0	S	0.0
Asuu_AgR071_g003_t04	Priarc_PARCANUS000003172.t1	68.0	S	0.0
Bmal_XP_042937138.1	Priarc_PARCANUS000003172.t1	68.0	S	0.0
Lloa_XP_003136006.1	Priarc_PARCANUS000003172.t1	68.0	S	0.0
Asuu_AgR071_g003_t05	Priarc_PARCANUS000003172.t1	68.0	S	0.0
Dimm_MCP9259765.1	Priarc_PARCANUS000003172.t1	68.0	S	0.0
Wban_VDM09846.1	Priarc_PARCANUS000003172.t1	68.0	S	0.0
Asuu_AgR071_g003_t03	Priarc_PARCANUS000003172.t1	68.0	S	0.0
Eela_EEL_0000405201-mRNA-1	Priarc_PARCANUS000003172.t1	68.0	S	0.0
Lcom_lcpid248837|	Priarc_PARCANUS000003172.t1	68.0	S	0.0
Ovol_OVOC6383	Hcon_XGW05180.1	68.0	S	0.0
Asuu_AgR071_g003_t06	Hcon_XGW05180.1	68.0	S	0.0
Lsig_VDK85470.1	Hcon_XGW05180.1	68.0	S	0.0
Avit_KAL3984786.1	Hcon_XGW05180.1	68.0	S	0.0
Asuu_AgR071_g003_t04	Hcon_XGW05180.1	68.0	S	0.0
Bmal_XP_042937138.1	Hcon_XGW05180.1	68.0	S	0.0
Lloa_XP_003136006.1	Hcon_XGW05180.1	68.0	S	0.0
Asuu_AgR071_g003_t05	Hcon_XGW05180.1	68.0	S	0.0
Dimm_MCP9259765.1	Hcon_XGW05180.1	68.0	S	0.0
Wban_VDM09846.1	Hcon_XGW05180.1	68.0	S	0.0
Asuu_AgR071_g003_t03	Hcon_XGW05180.1	68.0	S	0.0
Eela_EEL_0000405201-mRNA-1	Hcon_XGW05180.1	68.0	S	0.0
Lcom_lcpid248837|	Hcon_XGW05180.1	68.0	S	0.0
Ovol_OVOC6383	Cele_NP_001021644.1	68.0	S	0.0
Asuu_AgR071_g003_t06	Cele_NP_001021644.1	68.0	S	0.0
Lsig_VDK85470.1	Cele_NP_001021644.1	68.0	S	0.0
Avit_KAL3984786.1	Cele_NP_001021644.1	68.0	S	0.0
Asuu_AgR071_g003_t04	Cele_NP_001021644.1	68.0	S	0.0
Bmal_XP_042937138.1	Cele_NP_001021644.1	68.0	S	0.0
Lloa_XP_003136006.1	Cele_NP_001021644.1	68.0	S	0.0
Asuu_AgR071_g003_t05	Cele_NP_001021644.1	68.0	S	0.0
Dimm_MCP9259765.1	Cele_NP_001021644.1	68.0	S	0.0
Wban_VDM09846.1	Cele_NP_001021644.1	68.0	S	0.0
Asuu_AgR071_g003_t03	Cele_NP_001021644.1	68.0	S	0.0
Eela_EEL_0000405201-mRNA-1	Cele_NP_001021644.1	68.0	S	0.0
Lcom_lcpid248837|	Cele_NP_001021644.1	68.0	S	0.0
Ovol_OVOC6383	Acey_EYC28349.1	68.0	S	0.0
Asuu_AgR071_g003_t06	Acey_EYC28349.1	68.0	S	0.0
Lsig_VDK85470.1	Acey_EYC28349.1	68.0	S	0.0
Avit_KAL3984786.1	Acey_EYC28349.1	68.0	S	0.0
Asuu_AgR071_g003_t04	Acey_EYC28349.1	68.0	S	0.0
Bmal_XP_042937138.1	Acey_EYC28349.1	68.0	S	0.0
Lloa_XP_003136006.1	Acey_EYC28349.1	68.0	S	0.0
Asuu_AgR071_g003_t05	Acey_EYC28349.1	68.0	S	0.0
Dimm_MCP9259765.1	Acey_EYC28349.1	68.0	S	0.0
Wban_VDM09846.1	Acey_EYC28349.1	68.0	S	0.0
Asuu_AgR071_g003_t03	Acey_EYC28349.1	68.0	S	0.0
Eela_EEL_0000405201-mRNA-1	Acey_EYC28349.1	68.0	S	0.0
Lcom_lcpid248837|	Acey_EYC28349.1	68.0	S	0.0
Ovol_OVOC6383	Scar_TKR70129.1	68.0	S	0.0
Asuu_AgR071_g003_t06	Scar_TKR70129.1	68.0	S	0.0
Lsig_VDK85470.1	Scar_TKR70129.1	68.0	S	0.0
Avit_KAL3984786.1	Scar_TKR70129.1	68.0	S	0.0
Asuu_AgR071_g003_t04	Scar_TKR70129.1	68.0	S	0.0
Bmal_XP_042937138.1	Scar_TKR70129.1	68.0	S	0.0
Lloa_XP_003136006.1	Scar_TKR70129.1	68.0	S	0.0
Asuu_AgR071_g003_t05	Scar_TKR70129.1	68.0	S	0.0
Dimm_MCP9259765.1	Scar_TKR70129.1	68.0	S	0.0
Wban_VDM09846.1	Scar_TKR70129.1	68.0	S	0.0
Asuu_AgR071_g003_t03	Scar_TKR70129.1	68.0	S	0.0
Eela_EEL_0000405201-mRNA-1	Scar_TKR70129.1	68.0	S	0.0
Lcom_lcpid248837|	Scar_TKR70129.1	68.0	S	0.0
Ovol_OVOC6383	Hcon_XGW05179.1	68.0	S	0.0
Asuu_AgR071_g003_t06	Hcon_XGW05179.1	68.0	S	0.0
Lsig_VDK85470.1	Hcon_XGW05179.1	68.0	S	0.0
Avit_KAL3984786.1	Hcon_XGW05179.1	68.0	S	0.0
Asuu_AgR071_g003_t04	Hcon_XGW05179.1	68.0	S	0.0
Bmal_XP_042937138.1	Hcon_XGW05179.1	68.0	S	0.0
Lloa_XP_003136006.1	Hcon_XGW05179.1	68.0	S	0.0
Asuu_AgR071_g003_t05	Hcon_XGW05179.1	68.0	S	0.0
Dimm_MCP9259765.1	Hcon_XGW05179.1	68.0	S	0.0
Wban_VDM09846.1	Hcon_XGW05179.1	68.0	S	0.0
Asuu_AgR071_g003_t03	Hcon_XGW05179.1	68.0	S	0.0
Eela_EEL_0000405201-mRNA-1	Hcon_XGW05179.1	68.0	S	0.0
Lcom_lcpid248837|	Hcon_XGW05179.1	68.0	S	0.0
Ovol_OVOC6383	Mjap_MIJAPON000007136.t1	68.0	S	0.0
Asuu_AgR071_g003_t06	Mjap_MIJAPON000007136.t1	68.0	S	0.0
Lsig_VDK85470.1	Mjap_MIJAPON000007136.t1	68.0	S	0.0
Avit_KAL3984786.1	Mjap_MIJAPON000007136.t1	68.0	S	0.0
Asuu_AgR071_g003_t04	Mjap_MIJAPON000007136.t1	68.0	S	0.0
Bmal_XP_042937138.1	Mjap_MIJAPON000007136.t1	68.0	S	0.0
Lloa_XP_003136006.1	Mjap_MIJAPON000007136.t1	68.0	S	0.0
Asuu_AgR071_g003_t05	Mjap_MIJAPON000007136.t1	68.0	S	0.0
Dimm_MCP9259765.1	Mjap_MIJAPON000007136.t1	68.0	S	0.0
Wban_VDM09846.1	Mjap_MIJAPON000007136.t1	68.0	S	0.0
Asuu_AgR071_g003_t03	Mjap_MIJAPON000007136.t1	68.0	S	0.0
Eela_EEL_0000405201-mRNA-1	Mjap_MIJAPON000007136.t1	68.0	S	0.0
Lcom_lcpid248837|	Mjap_MIJAPON000007136.t1	68.0	S	0.0
Ovol_OVOC6383	Diplco_DCO_004191	68.0	S	0.0
Asuu_AgR071_g003_t06	Diplco_DCO_004191	68.0	S	0.0
Lsig_VDK85470.1	Diplco_DCO_004191	68.0	S	0.0
Avit_KAL3984786.1	Diplco_DCO_004191	68.0	S	0.0
Asuu_AgR071_g003_t04	Diplco_DCO_004191	68.0	S	0.0
Bmal_XP_042937138.1	Diplco_DCO_004191	68.0	S	0.0
Lloa_XP_003136006.1	Diplco_DCO_004191	68.0	S	0.0
Asuu_AgR071_g003_t05	Diplco_DCO_004191	68.0	S	0.0
Dimm_MCP9259765.1	Diplco_DCO_004191	68.0	S	0.0
Wban_VDM09846.1	Diplco_DCO_004191	68.0	S	0.0
Asuu_AgR071_g003_t03	Diplco_DCO_004191	68.0	S	0.0
Eela_EEL_0000405201-mRNA-1	Diplco_DCO_004191	68.0	S	0.0
Lcom_lcpid248837|	Diplco_DCO_004191	68.0	S	0.0
Ovol_OVOC6383	Acey_EYC28347.1	68.0	S	0.0
Asuu_AgR071_g003_t06	Acey_EYC28347.1	68.0	S	0.0
Lsig_VDK85470.1	Acey_EYC28347.1	68.0	S	0.0
Avit_KAL3984786.1	Acey_EYC28347.1	68.0	S	0.0
Asuu_AgR071_g003_t04	Acey_EYC28347.1	68.0	S	0.0
Bmal_XP_042937138.1	Acey_EYC28347.1	68.0	S	0.0
Lloa_XP_003136006.1	Acey_EYC28347.1	68.0	S	0.0
Asuu_AgR071_g003_t05	Acey_EYC28347.1	68.0	S	0.0
Dimm_MCP9259765.1	Acey_EYC28347.1	68.0	S	0.0
Wban_VDM09846.1	Acey_EYC28347.1	68.0	S	0.0
Asuu_AgR071_g003_t03	Acey_EYC28347.1	68.0	S	0.0
Eela_EEL_0000405201-mRNA-1	Acey_EYC28347.1	68.0	S	0.0
Lcom_lcpid248837|	Acey_EYC28347.1	68.0	S	0.0
Ovol_OVOC6383	Acey_EYC28346.1	68.0	S	0.0
Asuu_AgR071_g003_t06	Acey_EYC28346.1	68.0	S	0.0
Lsig_VDK85470.1	Acey_EYC28346.1	68.0	S	0.0
Avit_KAL3984786.1	Acey_EYC28346.1	68.0	S	0.0
Asuu_AgR071_g003_t04	Acey_EYC28346.1	68.0	S	0.0
Bmal_XP_042937138.1	Acey_EYC28346.1	68.0	S	0.0
Lloa_XP_003136006.1	Acey_EYC28346.1	68.0	S	0.0
Asuu_AgR071_g003_t05	Acey_EYC28346.1	68.0	S	0.0
Dimm_MCP9259765.1	Acey_EYC28346.1	68.0	S	0.0
Wban_VDM09846.1	Acey_EYC28346.1	68.0	S	0.0
Asuu_AgR071_g003_t03	Acey_EYC28346.1	68.0	S	0.0
Eela_EEL_0000405201-mRNA-1	Acey_EYC28346.1	68.0	S	0.0
Lcom_lcpid248837|	Acey_EYC28346.1	68.0	S	0.0
Ovol_OVOC6383	Diplco_DCO_004192	68.0	S	0.0
Asuu_AgR071_g003_t06	Diplco_DCO_004192	68.0	S	0.0
Lsig_VDK85470.1	Diplco_DCO_004192	68.0	S	0.0
Avit_KAL3984786.1	Diplco_DCO_004192	68.0	S	0.0
Asuu_AgR071_g003_t04	Diplco_DCO_004192	68.0	S	0.0
Bmal_XP_042937138.1	Diplco_DCO_004192	68.0	S	0.0
Lloa_XP_003136006.1	Diplco_DCO_004192	68.0	S	0.0
Asuu_AgR071_g003_t05	Diplco_DCO_004192	68.0	S	0.0
Dimm_MCP9259765.1	Diplco_DCO_004192	68.0	S	0.0
Wban_VDM09846.1	Diplco_DCO_004192	68.0	S	0.0
Asuu_AgR071_g003_t03	Diplco_DCO_004192	68.0	S	0.0
Eela_EEL_0000405201-mRNA-1	Diplco_DCO_004192	68.0	S	0.0
Lcom_lcpid248837|	Diplco_DCO_004192	68.0	S	0.0
Clim_Clim_evm77s236	Cint_XP_002119787.2	91.0	S	0.0
Cowc_XP_004344362.2	Cint_XP_002119787.2	91.0	S	0.0
Clim_Clim_evm77s236	Sros_XP_004988938.1	91.0	S	0.0
Cowc_XP_004344362.2	Sros_XP_004988938.1	91.0	S	0.0
Clim_Clim_evm77s236	Cper_Nk52_evm86s1737	91.0	S	0.0
Cowc_XP_004344362.2	Cper_Nk52_evm86s1737	91.0	S	0.0
Clim_Clim_evm77s236	Apla_XP_022094820.1	91.0	S	0.0
Cowc_XP_004344362.2	Apla_XP_022094820.1	91.0	S	0.0
Clim_Clim_evm77s236	Hsap_NP_116167.3	91.0	S	0.0
Cowc_XP_004344362.2	Hsap_NP_116167.3	91.0	S	0.0
Clim_Clim_evm77s236	Drer_XP_068079840.1	91.0	S	0.0
Cowc_XP_004344362.2	Drer_XP_068079840.1	91.0	S	0.0
Clim_Clim_evm77s236	Spur_XP_030850653.1	91.0	S	0.0
Cowc_XP_004344362.2	Spur_XP_030850653.1	91.0	S	0.0
Clim_Clim_evm77s236	Pvan_XP_027237416.2	91.0	S	0.0
Cowc_XP_004344362.2	Pvan_XP_027237416.2	91.0	S	0.0
Clim_Clim_evm77s236	Ppat_XP_024364834.1	91.0	S	0.0
Cowc_XP_004344362.2	Ppat_XP_024364834.1	91.0	S	0.0
Clim_Clim_evm77s236	Lpol_XP_022235071.1	91.0	S	0.0
Cowc_XP_004344362.2	Lpol_XP_022235071.1	91.0	S	0.0
Clim_Clim_evm77s236	Ggal_XP_046796049.1	91.0	S	0.0
Cowc_XP_004344362.2	Ggal_XP_046796049.1	91.0	S	0.0
Clim_Clim_evm77s236	Blan_XP_066279326.1	91.0	S	0.0
Cowc_XP_004344362.2	Blan_XP_066279326.1	91.0	S	0.0
Clim_Clim_evm77s236	Lcom_lcpid21369|	91.0	S	0.0
Cowc_XP_004344362.2	Lcom_lcpid21369|	91.0	S	0.0
Clim_Clim_evm77s236	Cfra_CFRG2505T1	91.0	S	0.0
Cowc_XP_004344362.2	Cfra_CFRG2505T1	91.0	S	0.0
Clim_Clim_evm77s236	Bmor_XP_037875340.1	91.0	S	0.0
Cowc_XP_004344362.2	Bmor_XP_037875340.1	91.0	S	0.0
Clim_Clim_evm77s236	Smar_SMAR009020-PA	91.0	S	0.0
Cowc_XP_004344362.2	Smar_SMAR009020-PA	91.0	S	0.0
Clim_Clim_evm77s236	Dmel_NP_572160.1	91.0	S	0.0
Cowc_XP_004344362.2	Dmel_NP_572160.1	91.0	S	0.0
Clim_Clim_evm77s236	Rcul_nRc.2.0.1.t06925-RA	91.0	S	0.0
Cowc_XP_004344362.2	Rcul_nRc.2.0.1.t06925-RA	91.0	S	0.0
Clim_Clim_evm77s236	Apimel_XP_016772682.2	91.0	S	0.0
Cowc_XP_004344362.2	Apimel_XP_016772682.2	91.0	S	0.0
Clim_Clim_evm77s236	Sarc_XP_014156320.1	91.0	S	0.0
Cowc_XP_004344362.2	Sarc_XP_014156320.1	91.0	S	0.0
Clim_Clim_evm77s236	Aplcal_XP_012939129.1	91.0	S	0.0
Cowc_XP_004344362.2	Aplcal_XP_012939129.1	91.0	S	0.0
Clim_Clim_evm77s236	Blan_XP_066287399.1	91.0	S	0.0
Cowc_XP_004344362.2	Blan_XP_066287399.1	91.0	S	0.0
Clim_Clim_evm77s236	Lcom_lcpid64997|	91.0	S	0.0
Cowc_XP_004344362.2	Lcom_lcpid64997|	91.0	S	0.0
Clim_Clim_evm77s236	Emue_Em0019g1181a	91.0	S	0.0
Cowc_XP_004344362.2	Emue_Em0019g1181a	91.0	S	0.0
Clim_Clim_evm77s236	Drer_XP_021334791.1	91.0	S	0.0
Cowc_XP_004344362.2	Drer_XP_021334791.1	91.0	S	0.0
Clim_Clim_evm77s236	Cscu_XP_023227777.1	91.0	S	0.0
Cowc_XP_004344362.2	Cscu_XP_023227777.1	91.0	S	0.0
Clim_Clim_evm77s236	Lpol_XP_013791333.1	91.0	S	0.0
Cowc_XP_004344362.2	Lpol_XP_013791333.1	91.0	S	0.0
Clim_Clim_evm77s236	Ggal_XP_046796055.1	91.0	S	0.0
Cowc_XP_004344362.2	Ggal_XP_046796055.1	91.0	S	0.0
Clim_Clim_evm77s236	Ccri_XP_005715504.1	91.0	S	0.0
Cowc_XP_004344362.2	Ccri_XP_005715504.1	91.0	S	0.0
Clim_Clim_evm77s236	Ofus_CAH1792356.1	91.0	S	0.0
Cowc_XP_004344362.2	Ofus_CAH1792356.1	91.0	S	0.0
Clim_Clim_evm77s236	Avag_UJR36973.1	91.0	S	0.0
Cowc_XP_004344362.2	Avag_UJR36973.1	91.0	S	0.0
Clim_Clim_evm77s236	Ihof_Ihof_evm4s94	91.0	S	0.0
Cowc_XP_004344362.2	Ihof_Ihof_evm4s94	91.0	S	0.0
Clim_Clim_evm77s236	Cint_XP_026694221.1	91.0	S	0.0
Cowc_XP_004344362.2	Cint_XP_026694221.1	91.0	S	0.0
Clim_Clim_evm77s236	Spur_XP_030854274.1	91.0	S	0.0
Cowc_XP_004344362.2	Spur_XP_030854274.1	91.0	S	0.0
Clim_Clim_evm77s236	Hsap_XP_047305043.1	91.0	S	0.0
Cowc_XP_004344362.2	Hsap_XP_047305043.1	91.0	S	0.0
Clim_Clim_evm77s236	Drer_NP_956631.1	91.0	S	0.0
Cowc_XP_004344362.2	Drer_NP_956631.1	91.0	S	0.0
Clim_Clim_evm77s236	Ggal_NP_001384063.1	91.0	S	0.0
Cowc_XP_004344362.2	Ggal_NP_001384063.1	91.0	S	0.0
Clim_Clim_evm77s236	Skow_XP_002733946.1	91.0	S	0.0
Cowc_XP_004344362.2	Skow_XP_002733946.1	91.0	S	0.0
Clim_Clim_evm77s236	Btab_XP_018913484.1	91.0	S	0.0
Cowc_XP_004344362.2	Btab_XP_018913484.1	91.0	S	0.0
Clim_Clim_evm77s236	Dmel_NP_726923.1	91.0	S	0.0
Cowc_XP_004344362.2	Dmel_NP_726923.1	91.0	S	0.0
Clim_Clim_evm77s236	Xtro_XP_004912141.2	91.0	S	0.0
Cowc_XP_004344362.2	Xtro_XP_004912141.2	91.0	S	0.0
Clim_Clim_evm77s236	Drer_NP_001082857.1	91.0	S	0.0
Cowc_XP_004344362.2	Drer_NP_001082857.1	91.0	S	0.0
Clim_Clim_evm77s236	Spur_XP_030854275.1	91.0	S	0.0
Cowc_XP_004344362.2	Spur_XP_030854275.1	91.0	S	0.0
Clim_Clim_evm77s236	Mbre_XP_001745976.1	91.0	S	0.0
Cowc_XP_004344362.2	Mbre_XP_001745976.1	91.0	S	0.0
Clim_Clim_evm77s236	Awhi_Unigene15489_Abeoforma_whisleri|m.9691	91.0	S	0.0
Cowc_XP_004344362.2	Awhi_Unigene15489_Abeoforma_whisleri|m.9691	91.0	S	0.0
Clim_Clim_evm77s236	Ggal_NP_001026367.1	91.0	S	0.0
Cowc_XP_004344362.2	Ggal_NP_001026367.1	91.0	S	0.0
Clim_Clim_evm77s236	Mpol_BFI30867.1	91.0	S	0.0
Cowc_XP_004344362.2	Mpol_BFI30867.1	91.0	S	0.0
Clim_Clim_evm77s236	Cint_XP_026694220.1	91.0	S	0.0
Cowc_XP_004344362.2	Cint_XP_026694220.1	91.0	S	0.0
Clim_Clim_evm77s236	Skow_XP_006811601.1	91.0	S	0.0
Cowc_XP_004344362.2	Skow_XP_006811601.1	91.0	S	0.0
Clim_Clim_evm77s236	Sros_XP_004989793.1	91.0	S	0.0
Cowc_XP_004344362.2	Sros_XP_004989793.1	91.0	S	0.0
Clim_Clim_evm77s236	Drer_XP_068079837.1	91.0	S	0.0
Cowc_XP_004344362.2	Drer_XP_068079837.1	91.0	S	0.0
Clim_Clim_evm77s236	Hsap_NP_001035998.1	91.0	S	0.0
Cowc_XP_004344362.2	Hsap_NP_001035998.1	91.0	S	0.0
Clim_Clim_evm77s236	Xtro_XP_004912139.2	91.0	S	0.0
Cowc_XP_004344362.2	Xtro_XP_004912139.2	91.0	S	0.0
Clim_Clim_evm77s236	Drer_XP_068079839.1	91.0	S	0.0
Cowc_XP_004344362.2	Drer_XP_068079839.1	91.0	S	0.0
Clim_Clim_evm77s236	Emue_Em0001g382a	91.0	S	0.0
Cowc_XP_004344362.2	Emue_Em0001g382a	91.0	S	0.0
Clim_Clim_evm77s236	Xtro_XP_004912140.2	91.0	S	0.0
Cowc_XP_004344362.2	Xtro_XP_004912140.2	91.0	S	0.0
Clim_Clim_evm77s236	Hsap_XP_047305041.1	91.0	S	0.0
Cowc_XP_004344362.2	Hsap_XP_047305041.1	91.0	S	0.0
Clim_Clim_evm77s236	Apimel_XP_395039.6	91.0	S	0.0
Cowc_XP_004344362.2	Apimel_XP_395039.6	91.0	S	0.0
Clim_Clim_evm77s236	Hsap_NP_078920.2	91.0	S	0.0
Cowc_XP_004344362.2	Hsap_NP_078920.2	91.0	S	0.0
Clim_Clim_evm77s236	Mbre_XP_001747855.1	91.0	S	0.0
Cowc_XP_004344362.2	Mbre_XP_001747855.1	91.0	S	0.0
Clim_Clim_evm77s236	Cvir_XP_022332243.1	91.0	S	0.0
Cowc_XP_004344362.2	Cvir_XP_022332243.1	91.0	S	0.0
Clim_Clim_evm77s236	Mlei_ML12529a-PA	91.0	S	0.0
Cowc_XP_004344362.2	Mlei_ML12529a-PA	91.0	S	0.0
Clim_Clim_evm77s236	Otau_XP_022839274.1	91.0	S	0.0
Cowc_XP_004344362.2	Otau_XP_022839274.1	91.0	S	0.0
Clim_Clim_evm77s236	Crei_XP_042923235.1	91.0	S	0.0
Cowc_XP_004344362.2	Crei_XP_042923235.1	91.0	S	0.0
Clim_Clim_evm77s236	Emue_Em0001g373a	91.0	S	0.0
Cowc_XP_004344362.2	Emue_Em0001g373a	91.0	S	0.0
Clim_Clim_evm77s236	Hsap_NP_001248758.1	91.0	S	0.0
Cowc_XP_004344362.2	Hsap_NP_001248758.1	91.0	S	0.0
Clim_Clim_evm77s236	Ppur_KAA8496881.1	91.0	S	0.0
Cowc_XP_004344362.2	Ppur_KAA8496881.1	91.0	S	0.0
Clim_Clim_evm77s236	Tadh_XP_002115372.1	91.0	S	0.0
Cowc_XP_004344362.2	Tadh_XP_002115372.1	91.0	S	0.0
Clim_Clim_evm77s236	Aque_XP_019864286.1	91.0	S	0.0
Cowc_XP_004344362.2	Aque_XP_019864286.1	91.0	S	0.0
Clim_Clim_evm77s236	Xtro_XP_002933911.1	91.0	S	0.0
Cowc_XP_004344362.2	Xtro_XP_002933911.1	91.0	S	0.0
Clim_Clim_evm77s236	Apla_XP_022096693.1	91.0	S	0.0
Cowc_XP_004344362.2	Apla_XP_022096693.1	91.0	S	0.0
Clim_Clim_evm77s236	Lana_XP_013379273.1	91.0	S	0.0
Cowc_XP_004344362.2	Lana_XP_013379273.1	91.0	S	0.0
Clim_Clim_evm77s236	Hsap_XP_005247895.1	91.0	S	0.0
Cowc_XP_004344362.2	Hsap_XP_005247895.1	91.0	S	0.0
Clim_Clim_evm77s236	Hrob_XP_009029903.1	91.0	S	0.0
Cowc_XP_004344362.2	Hrob_XP_009029903.1	91.0	S	0.0
Clim_Clim_evm77s236	Scil_XP_065177543.1	91.0	S	0.0
Cowc_XP_004344362.2	Scil_XP_065177543.1	91.0	S	0.0
Clim_Clim_evm77s236	Ggal_NP_001384062.1	91.0	S	0.0
Cowc_XP_004344362.2	Ggal_NP_001384062.1	91.0	S	0.0
Clim_Clim_evm77s236	Ihof_Ihof_evm2s801	91.0	S	0.0
Cowc_XP_004344362.2	Ihof_Ihof_evm2s801	91.0	S	0.0
Clim_Clim_evm77s236	Scil_XP_065184624.1	91.0	S	0.0
Cowc_XP_004344362.2	Scil_XP_065184624.1	91.0	S	0.0
Clim_Clim_evm77s236	Ggal_XP_046796040.1	91.0	S	0.0
Cowc_XP_004344362.2	Ggal_XP_046796040.1	91.0	S	0.0
Clim_Clim_evm77s236	Twil_T_wilhelma_c28842_g1_i2|m.26788	91.0	S	0.0
Cowc_XP_004344362.2	Twil_T_wilhelma_c28842_g1_i2|m.26788	91.0	S	0.0
Clim_Clim_evm77s236	Ggal_XP_046796045.1	91.0	S	0.0
Cowc_XP_004344362.2	Ggal_XP_046796045.1	91.0	S	0.0
Clim_Clim_evm77s236	Xtro_XP_002933117.2	91.0	S	0.0
Cowc_XP_004344362.2	Xtro_XP_002933117.2	91.0	S	0.0
Clim_Clim_evm77s236	Blan_XP_066287392.1	91.0	S	0.0
Cowc_XP_004344362.2	Blan_XP_066287392.1	91.0	S	0.0
Clim_Clim_evm77s236	Spur_XP_011679283.2	91.0	S	0.0
Cowc_XP_004344362.2	Spur_XP_011679283.2	91.0	S	0.0
Clim_Clim_evm77s236	Pgem_Unigene3440_Pirum_gemmata|m.2377	91.0	S	0.0
Cowc_XP_004344362.2	Pgem_Unigene3440_Pirum_gemmata|m.2377	91.0	S	0.0
Clim_Clim_evm77s236	Ggal_NP_001073191.2	91.0	S	0.0
Cowc_XP_004344362.2	Ggal_NP_001073191.2	91.0	S	0.0
Clim_Clim_evm77s236	Hsap_NP_694822.2	91.0	S	0.0
Cowc_XP_004344362.2	Hsap_NP_694822.2	91.0	S	0.0
Clim_Clim_evm77s236	Obim_XP_014788737.1	91.0	S	0.0
Cowc_XP_004344362.2	Obim_XP_014788737.1	91.0	S	0.0
Clim_Clim_evm77s236	Hsap_XP_047305042.1	91.0	S	0.0
Cowc_XP_004344362.2	Hsap_XP_047305042.1	91.0	S	0.0
Clim_Clim_evm77s236	Agrpla_XP_018330230.1	91.0	S	0.0
Cowc_XP_004344362.2	Agrpla_XP_018330230.1	91.0	S	0.0
Clim_Clim_evm77s236	Cscu_XP_023239506.1	91.0	S	0.0
Cowc_XP_004344362.2	Cscu_XP_023239506.1	91.0	S	0.0
Clim_Clim_evm77s236	Drer_XP_021334790.1	91.0	S	0.0
Cowc_XP_004344362.2	Drer_XP_021334790.1	91.0	S	0.0
Clim_Clim_evm77s236	Cint_XP_002131324.1	91.0	S	0.0
Cowc_XP_004344362.2	Cint_XP_002131324.1	91.0	S	0.0
Clim_Clim_evm77s236	Drer_XP_068079838.1	91.0	S	0.0
Cowc_XP_004344362.2	Drer_XP_068079838.1	91.0	S	0.0
Clim_Clim_evm77s236	Emue_Em0001g369a	91.0	S	0.0
Cowc_XP_004344362.2	Emue_Em0001g369a	91.0	S	0.0
Psp.PS1159_PS1159_v2.g12663.t1	Srat_XP_024507977.1	88.0	S	0.0
Bxyl_CAG9124665.1	Ddip_jg19747	100.0	S	0.0
Bxyl_CAG9124665.1	Mhap_MhA1_Contig349.frz3.gene23	100.0	S	0.0
Bxyl_CAG9124665.1	Ddip_jg19742	100.0	S	0.0
Bxyl_CAG9124665.1	Mhap_MhA1_Contig933.frz3.gene11	100.0	S	0.0
Bxyl_CAG9124665.1	Mhap_MhA1_Contig309.frz3.gene26	100.0	S	0.0
Bxyl_CAG9124665.1	Gpal_Gpal_D383_g02035.t1	100.0	S	0.0
Bxyl_CAG9124665.1	Mhap_MhA1_Contig349.frz3.gene29	100.0	S	0.0
Asuu_AgR071_g003_t03	Ovol_OVOC6383	77.0	S	0.0
Asuu_AgR071_g003_t05	Ovol_OVOC6383	77.0	S	0.0
Asuu_AgR071_g003_t06	Ovol_OVOC6383	77.0	S	0.0
Asuu_AgR071_g003_t04	Ovol_OVOC6383	77.0	S	0.0
Asuu_AgR071_g003_t03	Lsig_VDK85470.1	77.0	S	0.0
Asuu_AgR071_g003_t05	Lsig_VDK85470.1	77.0	S	0.0
Asuu_AgR071_g003_t06	Lsig_VDK85470.1	77.0	S	0.0
Asuu_AgR071_g003_t04	Lsig_VDK85470.1	77.0	S	0.0
Asuu_AgR071_g003_t03	Avit_KAL3984786.1	77.0	S	0.0
Asuu_AgR071_g003_t05	Avit_KAL3984786.1	77.0	S	0.0
Asuu_AgR071_g003_t06	Avit_KAL3984786.1	77.0	S	0.0
Asuu_AgR071_g003_t04	Avit_KAL3984786.1	77.0	S	0.0
Asuu_AgR071_g003_t03	Bmal_XP_042937138.1	77.0	S	0.0
Asuu_AgR071_g003_t05	Bmal_XP_042937138.1	77.0	S	0.0
Asuu_AgR071_g003_t06	Bmal_XP_042937138.1	77.0	S	0.0
Asuu_AgR071_g003_t04	Bmal_XP_042937138.1	77.0	S	0.0
Asuu_AgR071_g003_t03	Lloa_XP_003136006.1	77.0	S	0.0
Asuu_AgR071_g003_t05	Lloa_XP_003136006.1	77.0	S	0.0
Asuu_AgR071_g003_t06	Lloa_XP_003136006.1	77.0	S	0.0
Asuu_AgR071_g003_t04	Lloa_XP_003136006.1	77.0	S	0.0
Asuu_AgR071_g003_t03	Dimm_MCP9259765.1	77.0	S	0.0
Asuu_AgR071_g003_t05	Dimm_MCP9259765.1	77.0	S	0.0
Asuu_AgR071_g003_t06	Dimm_MCP9259765.1	77.0	S	0.0
Asuu_AgR071_g003_t04	Dimm_MCP9259765.1	77.0	S	0.0
Asuu_AgR071_g003_t03	Wban_VDM09846.1	77.0	S	0.0
Asuu_AgR071_g003_t05	Wban_VDM09846.1	77.0	S	0.0
Asuu_AgR071_g003_t06	Wban_VDM09846.1	77.0	S	0.0
Asuu_AgR071_g003_t04	Wban_VDM09846.1	77.0	S	0.0
Asuu_AgR071_g003_t03	Eela_EEL_0000405201-mRNA-1	77.0	S	0.0
Asuu_AgR071_g003_t05	Eela_EEL_0000405201-mRNA-1	77.0	S	0.0
Asuu_AgR071_g003_t06	Eela_EEL_0000405201-mRNA-1	77.0	S	0.0
Asuu_AgR071_g003_t04	Eela_EEL_0000405201-mRNA-1	77.0	S	0.0
Asuu_AgR071_g003_t03	Lcom_lcpid248837|	77.0	S	0.0
Asuu_AgR071_g003_t05	Lcom_lcpid248837|	77.0	S	0.0
Asuu_AgR071_g003_t06	Lcom_lcpid248837|	77.0	S	0.0
Asuu_AgR071_g003_t04	Lcom_lcpid248837|	77.0	S	0.0
Scar_TKR70129.1	Acey_EYC28348.1	91.0	S	0.0
Scar_TKR70129.1	Angcan_KAE9418770.1	91.0	S	0.0
Scar_TKR70129.1	Hcon_XGW05178.1	91.0	S	0.0
Scar_TKR70129.1	Otip_Oti_6068_t	91.0	S	0.0
Scar_TKR70129.1	Priarc_PARCANUS000003172.t1	91.0	S	0.0
Scar_TKR70129.1	Hcon_XGW05180.1	91.0	S	0.0
Scar_TKR70129.1	Cele_NP_001021644.1	91.0	S	0.0
Scar_TKR70129.1	Acey_EYC28349.1	91.0	S	0.0
Scar_TKR70129.1	Mbel_CAJ0961064.1	91.0	S	0.0
Scar_TKR70129.1	Hcon_XGW05179.1	91.0	S	0.0
Scar_TKR70129.1	Mjap_MIJAPON000007136.t1	91.0	S	0.0
Scar_TKR70129.1	Diplco_DCO_004191	91.0	S	0.0
Scar_TKR70129.1	Acey_EYC28347.1	91.0	S	0.0
Scar_TKR70129.1	Acey_EYC28346.1	91.0	S	0.0
Scar_TKR70129.1	Diplco_DCO_004192	91.0	S	0.0
Clim_Clim_evm77s236	Cowc_XP_004344362.2	88.0	S	0.0
Ddip_jg19747	Mhap_MhA1_Contig349.frz3.gene23	100.0	S	0.0
Ddip_jg19742	Mhap_MhA1_Contig349.frz3.gene23	100.0	S	0.0
Ddip_jg19747	Mhap_MhA1_Contig933.frz3.gene11	100.0	S	0.0
Ddip_jg19742	Mhap_MhA1_Contig933.frz3.gene11	100.0	S	0.0
Ddip_jg19747	Mhap_MhA1_Contig309.frz3.gene26	100.0	S	0.0
Ddip_jg19742	Mhap_MhA1_Contig309.frz3.gene26	100.0	S	0.0
Ddip_jg19747	Gpal_Gpal_D383_g02035.t1	100.0	S	0.0
Ddip_jg19742	Gpal_Gpal_D383_g02035.t1	100.0	S	0.0
Ddip_jg19747	Mhap_MhA1_Contig349.frz3.gene29	100.0	S	0.0
Ddip_jg19742	Mhap_MhA1_Contig349.frz3.gene29	100.0	S	0.0
Asuu_AgR071_g003_t06	Asuu_AgR071_g003_t03	100.0	D	1.0
Asuu_AgR071_g003_t06	Asuu_AgR071_g003_t05	100.0	D	1.0
Asuu_AgR071_g003_t06	Asuu_AgR071_g003_t04	100.0	D	1.0
Lcom_lcpid248837|	Ovol_OVOC6383	76.0	S	0.0
Lcom_lcpid248837|	Lsig_VDK85470.1	76.0	S	0.0
Lcom_lcpid248837|	Avit_KAL3984786.1	76.0	S	0.0
Lcom_lcpid248837|	Bmal_XP_042937138.1	76.0	S	0.0
Lcom_lcpid248837|	Lloa_XP_003136006.1	76.0	S	0.0
Lcom_lcpid248837|	Dimm_MCP9259765.1	76.0	S	0.0
Lcom_lcpid248837|	Wban_VDM09846.1	76.0	S	0.0
Lcom_lcpid248837|	Eela_EEL_0000405201-mRNA-1	76.0	S	0.0
Cele_NP_001021644.1	Acey_EYC28348.1	98.0	S	0.0
Diplco_DCO_004191	Acey_EYC28348.1	98.0	S	0.0
Diplco_DCO_004192	Acey_EYC28348.1	98.0	S	0.0
Cele_NP_001021644.1	Angcan_KAE9418770.1	98.0	S	0.0
Diplco_DCO_004191	Angcan_KAE9418770.1	98.0	S	0.0
Diplco_DCO_004192	Angcan_KAE9418770.1	98.0	S	0.0
Cele_NP_001021644.1	Hcon_XGW05178.1	98.0	S	0.0
Diplco_DCO_004191	Hcon_XGW05178.1	98.0	S	0.0
Diplco_DCO_004192	Hcon_XGW05178.1	98.0	S	0.0
Cele_NP_001021644.1	Otip_Oti_6068_t	98.0	S	0.0
Diplco_DCO_004191	Otip_Oti_6068_t	98.0	S	0.0
Diplco_DCO_004192	Otip_Oti_6068_t	98.0	S	0.0
Cele_NP_001021644.1	Priarc_PARCANUS000003172.t1	98.0	S	0.0
Diplco_DCO_004191	Priarc_PARCANUS000003172.t1	98.0	S	0.0
Diplco_DCO_004192	Priarc_PARCANUS000003172.t1	98.0	S	0.0
Cele_NP_001021644.1	Hcon_XGW05180.1	98.0	S	0.0
Diplco_DCO_004191	Hcon_XGW05180.1	98.0	S	0.0
Diplco_DCO_004192	Hcon_XGW05180.1	98.0	S	0.0
Cele_NP_001021644.1	Acey_EYC28349.1	98.0	S	0.0
Diplco_DCO_004191	Acey_EYC28349.1	98.0	S	0.0
Diplco_DCO_004192	Acey_EYC28349.1	98.0	S	0.0
Cele_NP_001021644.1	Mbel_CAJ0961064.1	98.0	S	0.0
Diplco_DCO_004191	Mbel_CAJ0961064.1	98.0	S	0.0
Diplco_DCO_004192	Mbel_CAJ0961064.1	98.0	S	0.0
Cele_NP_001021644.1	Hcon_XGW05179.1	98.0	S	0.0
Diplco_DCO_004191	Hcon_XGW05179.1	98.0	S	0.0
Diplco_DCO_004192	Hcon_XGW05179.1	98.0	S	0.0
Cele_NP_001021644.1	Mjap_MIJAPON000007136.t1	98.0	S	0.0
Diplco_DCO_004191	Mjap_MIJAPON000007136.t1	98.0	S	0.0
Diplco_DCO_004192	Mjap_MIJAPON000007136.t1	98.0	S	0.0
Cele_NP_001021644.1	Acey_EYC28347.1	98.0	S	0.0
Diplco_DCO_004191	Acey_EYC28347.1	98.0	S	0.0
Diplco_DCO_004192	Acey_EYC28347.1	98.0	S	0.0
Cele_NP_001021644.1	Acey_EYC28346.1	98.0	S	0.0
Diplco_DCO_004191	Acey_EYC28346.1	98.0	S	0.0
Diplco_DCO_004192	Acey_EYC28346.1	98.0	S	0.0
Mbre_XP_001746247.1	Mbre_XP_001744974.1	100.0	D	1.0
Mbre_XP_001750724.1	Mbre_XP_001744974.1	100.0	D	1.0
Mbre_XP_001746247.1	Mbre_XP_001748073.1	100.0	D	1.0
Mbre_XP_001750724.1	Mbre_XP_001748073.1	100.0	D	1.0
Mbre_XP_001746247.1	Mbre_XP_001743203.1	100.0	D	1.0
Mbre_XP_001750724.1	Mbre_XP_001743203.1	100.0	D	1.0
Apimel_XP_016772682.2	Cint_XP_026694220.1	83.0	S	0.0
Agrpla_XP_018330230.1	Cint_XP_026694220.1	83.0	S	0.0
Apimel_XP_395039.6	Cint_XP_026694220.1	83.0	S	0.0
Pvan_XP_027237416.2	Cint_XP_026694220.1	83.0	S	0.0
Dmel_NP_726923.1	Cint_XP_026694220.1	83.0	S	0.0
Avag_UJR36973.1	Cint_XP_026694220.1	83.0	S	0.0
Dmel_NP_572160.1	Cint_XP_026694220.1	83.0	S	0.0
Rcul_nRc.2.0.1.t06925-RA	Cint_XP_026694220.1	83.0	S	0.0
Btab_XP_018913484.1	Cint_XP_026694220.1	83.0	S	0.0
Bmor_XP_037875340.1	Cint_XP_026694220.1	83.0	S	0.0
Apimel_XP_016772682.2	Skow_XP_006811601.1	83.0	S	0.0
Agrpla_XP_018330230.1	Skow_XP_006811601.1	83.0	S	0.0
Apimel_XP_395039.6	Skow_XP_006811601.1	83.0	S	0.0
Pvan_XP_027237416.2	Skow_XP_006811601.1	83.0	S	0.0
Dmel_NP_726923.1	Skow_XP_006811601.1	83.0	S	0.0
Avag_UJR36973.1	Skow_XP_006811601.1	83.0	S	0.0
Dmel_NP_572160.1	Skow_XP_006811601.1	83.0	S	0.0
Rcul_nRc.2.0.1.t06925-RA	Skow_XP_006811601.1	83.0	S	0.0
Btab_XP_018913484.1	Skow_XP_006811601.1	83.0	S	0.0
Bmor_XP_037875340.1	Skow_XP_006811601.1	83.0	S	0.0
Apimel_XP_016772682.2	Cint_XP_002119787.2	83.0	S	0.0
Agrpla_XP_018330230.1	Cint_XP_002119787.2	83.0	S	0.0
Apimel_XP_395039.6	Cint_XP_002119787.2	83.0	S	0.0
Pvan_XP_027237416.2	Cint_XP_002119787.2	83.0	S	0.0
Dmel_NP_726923.1	Cint_XP_002119787.2	83.0	S	0.0
Avag_UJR36973.1	Cint_XP_002119787.2	83.0	S	0.0
Dmel_NP_572160.1	Cint_XP_002119787.2	83.0	S	0.0
Rcul_nRc.2.0.1.t06925-RA	Cint_XP_002119787.2	83.0	S	0.0
Btab_XP_018913484.1	Cint_XP_002119787.2	83.0	S	0.0
Bmor_XP_037875340.1	Cint_XP_002119787.2	83.0	S	0.0
Apimel_XP_016772682.2	Scil_XP_065184624.1	83.0	S	0.0
Agrpla_XP_018330230.1	Scil_XP_065184624.1	83.0	S	0.0
Apimel_XP_395039.6	Scil_XP_065184624.1	83.0	S	0.0
Pvan_XP_027237416.2	Scil_XP_065184624.1	83.0	S	0.0
Dmel_NP_726923.1	Scil_XP_065184624.1	83.0	S	0.0
Avag_UJR36973.1	Scil_XP_065184624.1	83.0	S	0.0
Dmel_NP_572160.1	Scil_XP_065184624.1	83.0	S	0.0
Rcul_nRc.2.0.1.t06925-RA	Scil_XP_065184624.1	83.0	S	0.0
Btab_XP_018913484.1	Scil_XP_065184624.1	83.0	S	0.0
Bmor_XP_037875340.1	Scil_XP_065184624.1	83.0	S	0.0
Apimel_XP_016772682.2	Aplcal_XP_012939129.1	83.0	S	0.0
Agrpla_XP_018330230.1	Aplcal_XP_012939129.1	83.0	S	0.0
Apimel_XP_395039.6	Aplcal_XP_012939129.1	83.0	S	0.0
Pvan_XP_027237416.2	Aplcal_XP_012939129.1	83.0	S	0.0
Dmel_NP_726923.1	Aplcal_XP_012939129.1	83.0	S	0.0
Avag_UJR36973.1	Aplcal_XP_012939129.1	83.0	S	0.0
Dmel_NP_572160.1	Aplcal_XP_012939129.1	83.0	S	0.0
Rcul_nRc.2.0.1.t06925-RA	Aplcal_XP_012939129.1	83.0	S	0.0
Btab_XP_018913484.1	Aplcal_XP_012939129.1	83.0	S	0.0
Bmor_XP_037875340.1	Aplcal_XP_012939129.1	83.0	S	0.0
Apimel_XP_016772682.2	Lcom_lcpid64997|	83.0	S	0.0
Agrpla_XP_018330230.1	Lcom_lcpid64997|	83.0	S	0.0
Apimel_XP_395039.6	Lcom_lcpid64997|	83.0	S	0.0
Pvan_XP_027237416.2	Lcom_lcpid64997|	83.0	S	0.0
Dmel_NP_726923.1	Lcom_lcpid64997|	83.0	S	0.0
Avag_UJR36973.1	Lcom_lcpid64997|	83.0	S	0.0
Dmel_NP_572160.1	Lcom_lcpid64997|	83.0	S	0.0
Rcul_nRc.2.0.1.t06925-RA	Lcom_lcpid64997|	83.0	S	0.0
Btab_XP_018913484.1	Lcom_lcpid64997|	83.0	S	0.0
Bmor_XP_037875340.1	Lcom_lcpid64997|	83.0	S	0.0
Apimel_XP_016772682.2	Emue_Em0019g1181a	83.0	S	0.0
Agrpla_XP_018330230.1	Emue_Em0019g1181a	83.0	S	0.0
Apimel_XP_395039.6	Emue_Em0019g1181a	83.0	S	0.0
Pvan_XP_027237416.2	Emue_Em0019g1181a	83.0	S	0.0
Dmel_NP_726923.1	Emue_Em0019g1181a	83.0	S	0.0
Avag_UJR36973.1	Emue_Em0019g1181a	83.0	S	0.0
Dmel_NP_572160.1	Emue_Em0019g1181a	83.0	S	0.0
Rcul_nRc.2.0.1.t06925-RA	Emue_Em0019g1181a	83.0	S	0.0
Btab_XP_018913484.1	Emue_Em0019g1181a	83.0	S	0.0
Bmor_XP_037875340.1	Emue_Em0019g1181a	83.0	S	0.0
Apimel_XP_016772682.2	Cscu_XP_023227777.1	83.0	S	0.0
Agrpla_XP_018330230.1	Cscu_XP_023227777.1	83.0	S	0.0
Apimel_XP_395039.6	Cscu_XP_023227777.1	83.0	S	0.0
Pvan_XP_027237416.2	Cscu_XP_023227777.1	83.0	S	0.0
Dmel_NP_726923.1	Cscu_XP_023227777.1	83.0	S	0.0
Avag_UJR36973.1	Cscu_XP_023227777.1	83.0	S	0.0
Dmel_NP_572160.1	Cscu_XP_023227777.1	83.0	S	0.0
Rcul_nRc.2.0.1.t06925-RA	Cscu_XP_023227777.1	83.0	S	0.0
Btab_XP_018913484.1	Cscu_XP_023227777.1	83.0	S	0.0
Bmor_XP_037875340.1	Cscu_XP_023227777.1	83.0	S	0.0
Apimel_XP_016772682.2	Lpol_XP_013791333.1	83.0	S	0.0
Agrpla_XP_018330230.1	Lpol_XP_013791333.1	83.0	S	0.0
Apimel_XP_395039.6	Lpol_XP_013791333.1	83.0	S	0.0
Pvan_XP_027237416.2	Lpol_XP_013791333.1	83.0	S	0.0
Dmel_NP_726923.1	Lpol_XP_013791333.1	83.0	S	0.0
Avag_UJR36973.1	Lpol_XP_013791333.1	83.0	S	0.0
Dmel_NP_572160.1	Lpol_XP_013791333.1	83.0	S	0.0
Rcul_nRc.2.0.1.t06925-RA	Lpol_XP_013791333.1	83.0	S	0.0
Btab_XP_018913484.1	Lpol_XP_013791333.1	83.0	S	0.0
Bmor_XP_037875340.1	Lpol_XP_013791333.1	83.0	S	0.0
Apimel_XP_016772682.2	Twil_T_wilhelma_c28842_g1_i2|m.26788	83.0	S	0.0
Agrpla_XP_018330230.1	Twil_T_wilhelma_c28842_g1_i2|m.26788	83.0	S	0.0
Apimel_XP_395039.6	Twil_T_wilhelma_c28842_g1_i2|m.26788	83.0	S	0.0
Pvan_XP_027237416.2	Twil_T_wilhelma_c28842_g1_i2|m.26788	83.0	S	0.0
Dmel_NP_726923.1	Twil_T_wilhelma_c28842_g1_i2|m.26788	83.0	S	0.0
Avag_UJR36973.1	Twil_T_wilhelma_c28842_g1_i2|m.26788	83.0	S	0.0
Dmel_NP_572160.1	Twil_T_wilhelma_c28842_g1_i2|m.26788	83.0	S	0.0
Rcul_nRc.2.0.1.t06925-RA	Twil_T_wilhelma_c28842_g1_i2|m.26788	83.0	S	0.0
Btab_XP_018913484.1	Twil_T_wilhelma_c28842_g1_i2|m.26788	83.0	S	0.0
Bmor_XP_037875340.1	Twil_T_wilhelma_c28842_g1_i2|m.26788	83.0	S	0.0
Apimel_XP_016772682.2	Ofus_CAH1792356.1	83.0	S	0.0
Agrpla_XP_018330230.1	Ofus_CAH1792356.1	83.0	S	0.0
Apimel_XP_395039.6	Ofus_CAH1792356.1	83.0	S	0.0
Pvan_XP_027237416.2	Ofus_CAH1792356.1	83.0	S	0.0
Dmel_NP_726923.1	Ofus_CAH1792356.1	83.0	S	0.0
Avag_UJR36973.1	Ofus_CAH1792356.1	83.0	S	0.0
Dmel_NP_572160.1	Ofus_CAH1792356.1	83.0	S	0.0
Rcul_nRc.2.0.1.t06925-RA	Ofus_CAH1792356.1	83.0	S	0.0
Btab_XP_018913484.1	Ofus_CAH1792356.1	83.0	S	0.0
Bmor_XP_037875340.1	Ofus_CAH1792356.1	83.0	S	0.0
Apimel_XP_016772682.2	Hsap_NP_078920.2	83.0	S	0.0
Agrpla_XP_018330230.1	Hsap_NP_078920.2	83.0	S	0.0
Apimel_XP_395039.6	Hsap_NP_078920.2	83.0	S	0.0
Pvan_XP_027237416.2	Hsap_NP_078920.2	83.0	S	0.0
Dmel_NP_726923.1	Hsap_NP_078920.2	83.0	S	0.0
Avag_UJR36973.1	Hsap_NP_078920.2	83.0	S	0.0
Dmel_NP_572160.1	Hsap_NP_078920.2	83.0	S	0.0
Rcul_nRc.2.0.1.t06925-RA	Hsap_NP_078920.2	83.0	S	0.0
Btab_XP_018913484.1	Hsap_NP_078920.2	83.0	S	0.0
Bmor_XP_037875340.1	Hsap_NP_078920.2	83.0	S	0.0
Apimel_XP_016772682.2	Cint_XP_026694221.1	83.0	S	0.0
Agrpla_XP_018330230.1	Cint_XP_026694221.1	83.0	S	0.0
Apimel_XP_395039.6	Cint_XP_026694221.1	83.0	S	0.0
Pvan_XP_027237416.2	Cint_XP_026694221.1	83.0	S	0.0
Dmel_NP_726923.1	Cint_XP_026694221.1	83.0	S	0.0
Avag_UJR36973.1	Cint_XP_026694221.1	83.0	S	0.0
Dmel_NP_572160.1	Cint_XP_026694221.1	83.0	S	0.0
Rcul_nRc.2.0.1.t06925-RA	Cint_XP_026694221.1	83.0	S	0.0
Btab_XP_018913484.1	Cint_XP_026694221.1	83.0	S	0.0
Bmor_XP_037875340.1	Cint_XP_026694221.1	83.0	S	0.0
Apimel_XP_016772682.2	Lpol_XP_022235071.1	83.0	S	0.0
Agrpla_XP_018330230.1	Lpol_XP_022235071.1	83.0	S	0.0
Apimel_XP_395039.6	Lpol_XP_022235071.1	83.0	S	0.0
Pvan_XP_027237416.2	Lpol_XP_022235071.1	83.0	S	0.0
Dmel_NP_726923.1	Lpol_XP_022235071.1	83.0	S	0.0
Avag_UJR36973.1	Lpol_XP_022235071.1	83.0	S	0.0
Dmel_NP_572160.1	Lpol_XP_022235071.1	83.0	S	0.0
Rcul_nRc.2.0.1.t06925-RA	Lpol_XP_022235071.1	83.0	S	0.0
Btab_XP_018913484.1	Lpol_XP_022235071.1	83.0	S	0.0
Bmor_XP_037875340.1	Lpol_XP_022235071.1	83.0	S	0.0
Apimel_XP_016772682.2	Cvir_XP_022332243.1	83.0	S	0.0
Agrpla_XP_018330230.1	Cvir_XP_022332243.1	83.0	S	0.0
Apimel_XP_395039.6	Cvir_XP_022332243.1	83.0	S	0.0
Pvan_XP_027237416.2	Cvir_XP_022332243.1	83.0	S	0.0
Dmel_NP_726923.1	Cvir_XP_022332243.1	83.0	S	0.0
Avag_UJR36973.1	Cvir_XP_022332243.1	83.0	S	0.0
Dmel_NP_572160.1	Cvir_XP_022332243.1	83.0	S	0.0
Rcul_nRc.2.0.1.t06925-RA	Cvir_XP_022332243.1	83.0	S	0.0
Btab_XP_018913484.1	Cvir_XP_022332243.1	83.0	S	0.0
Bmor_XP_037875340.1	Cvir_XP_022332243.1	83.0	S	0.0
Apimel_XP_016772682.2	Spur_XP_030854274.1	83.0	S	0.0
Agrpla_XP_018330230.1	Spur_XP_030854274.1	83.0	S	0.0
Apimel_XP_395039.6	Spur_XP_030854274.1	83.0	S	0.0
Pvan_XP_027237416.2	Spur_XP_030854274.1	83.0	S	0.0
Dmel_NP_726923.1	Spur_XP_030854274.1	83.0	S	0.0
Avag_UJR36973.1	Spur_XP_030854274.1	83.0	S	0.0
Dmel_NP_572160.1	Spur_XP_030854274.1	83.0	S	0.0
Rcul_nRc.2.0.1.t06925-RA	Spur_XP_030854274.1	83.0	S	0.0
Btab_XP_018913484.1	Spur_XP_030854274.1	83.0	S	0.0
Bmor_XP_037875340.1	Spur_XP_030854274.1	83.0	S	0.0
Apimel_XP_016772682.2	Obim_XP_014788737.1	83.0	S	0.0
Agrpla_XP_018330230.1	Obim_XP_014788737.1	83.0	S	0.0
Apimel_XP_395039.6	Obim_XP_014788737.1	83.0	S	0.0
Pvan_XP_027237416.2	Obim_XP_014788737.1	83.0	S	0.0
Dmel_NP_726923.1	Obim_XP_014788737.1	83.0	S	0.0
Avag_UJR36973.1	Obim_XP_014788737.1	83.0	S	0.0
Dmel_NP_572160.1	Obim_XP_014788737.1	83.0	S	0.0
Rcul_nRc.2.0.1.t06925-RA	Obim_XP_014788737.1	83.0	S	0.0
Btab_XP_018913484.1	Obim_XP_014788737.1	83.0	S	0.0
Bmor_XP_037875340.1	Obim_XP_014788737.1	83.0	S	0.0
Apimel_XP_016772682.2	Tadh_XP_002115372.1	83.0	S	0.0
Agrpla_XP_018330230.1	Tadh_XP_002115372.1	83.0	S	0.0
Apimel_XP_395039.6	Tadh_XP_002115372.1	83.0	S	0.0
Pvan_XP_027237416.2	Tadh_XP_002115372.1	83.0	S	0.0
Dmel_NP_726923.1	Tadh_XP_002115372.1	83.0	S	0.0
Avag_UJR36973.1	Tadh_XP_002115372.1	83.0	S	0.0
Dmel_NP_572160.1	Tadh_XP_002115372.1	83.0	S	0.0
Rcul_nRc.2.0.1.t06925-RA	Tadh_XP_002115372.1	83.0	S	0.0
Btab_XP_018913484.1	Tadh_XP_002115372.1	83.0	S	0.0
Bmor_XP_037875340.1	Tadh_XP_002115372.1	83.0	S	0.0
Apimel_XP_016772682.2	Aque_XP_019864286.1	83.0	S	0.0
Agrpla_XP_018330230.1	Aque_XP_019864286.1	83.0	S	0.0
Apimel_XP_395039.6	Aque_XP_019864286.1	83.0	S	0.0
Pvan_XP_027237416.2	Aque_XP_019864286.1	83.0	S	0.0
Dmel_NP_726923.1	Aque_XP_019864286.1	83.0	S	0.0
Avag_UJR36973.1	Aque_XP_019864286.1	83.0	S	0.0
Dmel_NP_572160.1	Aque_XP_019864286.1	83.0	S	0.0
Rcul_nRc.2.0.1.t06925-RA	Aque_XP_019864286.1	83.0	S	0.0
Btab_XP_018913484.1	Aque_XP_019864286.1	83.0	S	0.0
Bmor_XP_037875340.1	Aque_XP_019864286.1	83.0	S	0.0
Apimel_XP_016772682.2	Blan_XP_066279326.1	83.0	S	0.0
Agrpla_XP_018330230.1	Blan_XP_066279326.1	83.0	S	0.0
Apimel_XP_395039.6	Blan_XP_066279326.1	83.0	S	0.0
Pvan_XP_027237416.2	Blan_XP_066279326.1	83.0	S	0.0
Dmel_NP_726923.1	Blan_XP_066279326.1	83.0	S	0.0
Avag_UJR36973.1	Blan_XP_066279326.1	83.0	S	0.0
Dmel_NP_572160.1	Blan_XP_066279326.1	83.0	S	0.0
Rcul_nRc.2.0.1.t06925-RA	Blan_XP_066279326.1	83.0	S	0.0
Btab_XP_018913484.1	Blan_XP_066279326.1	83.0	S	0.0
Bmor_XP_037875340.1	Blan_XP_066279326.1	83.0	S	0.0
Apimel_XP_016772682.2	Xtro_XP_002933911.1	83.0	S	0.0
Agrpla_XP_018330230.1	Xtro_XP_002933911.1	83.0	S	0.0
Apimel_XP_395039.6	Xtro_XP_002933911.1	83.0	S	0.0
Pvan_XP_027237416.2	Xtro_XP_002933911.1	83.0	S	0.0
Dmel_NP_726923.1	Xtro_XP_002933911.1	83.0	S	0.0
Avag_UJR36973.1	Xtro_XP_002933911.1	83.0	S	0.0
Dmel_NP_572160.1	Xtro_XP_002933911.1	83.0	S	0.0
Rcul_nRc.2.0.1.t06925-RA	Xtro_XP_002933911.1	83.0	S	0.0
Btab_XP_018913484.1	Xtro_XP_002933911.1	83.0	S	0.0
Bmor_XP_037875340.1	Xtro_XP_002933911.1	83.0	S	0.0
Apimel_XP_016772682.2	Apla_XP_022096693.1	83.0	S	0.0
Agrpla_XP_018330230.1	Apla_XP_022096693.1	83.0	S	0.0
Apimel_XP_395039.6	Apla_XP_022096693.1	83.0	S	0.0
Pvan_XP_027237416.2	Apla_XP_022096693.1	83.0	S	0.0
Dmel_NP_726923.1	Apla_XP_022096693.1	83.0	S	0.0
Avag_UJR36973.1	Apla_XP_022096693.1	83.0	S	0.0
Dmel_NP_572160.1	Apla_XP_022096693.1	83.0	S	0.0
Rcul_nRc.2.0.1.t06925-RA	Apla_XP_022096693.1	83.0	S	0.0
Btab_XP_018913484.1	Apla_XP_022096693.1	83.0	S	0.0
Bmor_XP_037875340.1	Apla_XP_022096693.1	83.0	S	0.0
Apimel_XP_016772682.2	Lana_XP_013379273.1	83.0	S	0.0
Agrpla_XP_018330230.1	Lana_XP_013379273.1	83.0	S	0.0
Apimel_XP_395039.6	Lana_XP_013379273.1	83.0	S	0.0
Pvan_XP_027237416.2	Lana_XP_013379273.1	83.0	S	0.0
Dmel_NP_726923.1	Lana_XP_013379273.1	83.0	S	0.0
Avag_UJR36973.1	Lana_XP_013379273.1	83.0	S	0.0
Dmel_NP_572160.1	Lana_XP_013379273.1	83.0	S	0.0
Rcul_nRc.2.0.1.t06925-RA	Lana_XP_013379273.1	83.0	S	0.0
Btab_XP_018913484.1	Lana_XP_013379273.1	83.0	S	0.0
Bmor_XP_037875340.1	Lana_XP_013379273.1	83.0	S	0.0
Apimel_XP_016772682.2	Smar_SMAR009020-PA	83.0	S	0.0
Agrpla_XP_018330230.1	Smar_SMAR009020-PA	83.0	S	0.0
Apimel_XP_395039.6	Smar_SMAR009020-PA	83.0	S	0.0
Pvan_XP_027237416.2	Smar_SMAR009020-PA	83.0	S	0.0
Dmel_NP_726923.1	Smar_SMAR009020-PA	83.0	S	0.0
Avag_UJR36973.1	Smar_SMAR009020-PA	83.0	S	0.0
Dmel_NP_572160.1	Smar_SMAR009020-PA	83.0	S	0.0
Rcul_nRc.2.0.1.t06925-RA	Smar_SMAR009020-PA	83.0	S	0.0
Btab_XP_018913484.1	Smar_SMAR009020-PA	83.0	S	0.0
Bmor_XP_037875340.1	Smar_SMAR009020-PA	83.0	S	0.0
Apimel_XP_016772682.2	Drer_NP_001082857.1	83.0	S	0.0
Agrpla_XP_018330230.1	Drer_NP_001082857.1	83.0	S	0.0
Apimel_XP_395039.6	Drer_NP_001082857.1	83.0	S	0.0
Pvan_XP_027237416.2	Drer_NP_001082857.1	83.0	S	0.0
Dmel_NP_726923.1	Drer_NP_001082857.1	83.0	S	0.0
Avag_UJR36973.1	Drer_NP_001082857.1	83.0	S	0.0
Dmel_NP_572160.1	Drer_NP_001082857.1	83.0	S	0.0
Rcul_nRc.2.0.1.t06925-RA	Drer_NP_001082857.1	83.0	S	0.0
Btab_XP_018913484.1	Drer_NP_001082857.1	83.0	S	0.0
Bmor_XP_037875340.1	Drer_NP_001082857.1	83.0	S	0.0
Apimel_XP_016772682.2	Spur_XP_030854275.1	83.0	S	0.0
Agrpla_XP_018330230.1	Spur_XP_030854275.1	83.0	S	0.0
Apimel_XP_395039.6	Spur_XP_030854275.1	83.0	S	0.0
Pvan_XP_027237416.2	Spur_XP_030854275.1	83.0	S	0.0
Dmel_NP_726923.1	Spur_XP_030854275.1	83.0	S	0.0
Avag_UJR36973.1	Spur_XP_030854275.1	83.0	S	0.0
Dmel_NP_572160.1	Spur_XP_030854275.1	83.0	S	0.0
Rcul_nRc.2.0.1.t06925-RA	Spur_XP_030854275.1	83.0	S	0.0
Btab_XP_018913484.1	Spur_XP_030854275.1	83.0	S	0.0
Bmor_XP_037875340.1	Spur_XP_030854275.1	83.0	S	0.0
Apimel_XP_016772682.2	Hrob_XP_009029903.1	83.0	S	0.0
Agrpla_XP_018330230.1	Hrob_XP_009029903.1	83.0	S	0.0
Apimel_XP_395039.6	Hrob_XP_009029903.1	83.0	S	0.0
Pvan_XP_027237416.2	Hrob_XP_009029903.1	83.0	S	0.0
Dmel_NP_726923.1	Hrob_XP_009029903.1	83.0	S	0.0
Avag_UJR36973.1	Hrob_XP_009029903.1	83.0	S	0.0
Dmel_NP_572160.1	Hrob_XP_009029903.1	83.0	S	0.0
Rcul_nRc.2.0.1.t06925-RA	Hrob_XP_009029903.1	83.0	S	0.0
Btab_XP_018913484.1	Hrob_XP_009029903.1	83.0	S	0.0
Bmor_XP_037875340.1	Hrob_XP_009029903.1	83.0	S	0.0
Apimel_XP_016772682.2	Ggal_NP_001026367.1	83.0	S	0.0
Agrpla_XP_018330230.1	Ggal_NP_001026367.1	83.0	S	0.0
Apimel_XP_395039.6	Ggal_NP_001026367.1	83.0	S	0.0
Pvan_XP_027237416.2	Ggal_NP_001026367.1	83.0	S	0.0
Dmel_NP_726923.1	Ggal_NP_001026367.1	83.0	S	0.0
Avag_UJR36973.1	Ggal_NP_001026367.1	83.0	S	0.0
Dmel_NP_572160.1	Ggal_NP_001026367.1	83.0	S	0.0
Rcul_nRc.2.0.1.t06925-RA	Ggal_NP_001026367.1	83.0	S	0.0
Btab_XP_018913484.1	Ggal_NP_001026367.1	83.0	S	0.0
Bmor_XP_037875340.1	Ggal_NP_001026367.1	83.0	S	0.0
Ddip_jg19747	Ddip_jg19742	100.0	D	1.0
Gpal_Gpal_D383_g02035.t1	Mhap_MhA1_Contig933.frz3.gene11	100.0	S	0.0
Gpal_Gpal_D383_g02035.t1	Mhap_MhA1_Contig309.frz3.gene26	100.0	S	0.0
Gpal_Gpal_D383_g02035.t1	Mhap_MhA1_Contig349.frz3.gene23	100.0	S	0.0
Gpal_Gpal_D383_g02035.t1	Mhap_MhA1_Contig349.frz3.gene29	100.0	S	0.0
Asuu_AgR071_g003_t03	Asuu_AgR071_g003_t05	80.0	D	1.0
Asuu_AgR071_g003_t03	Asuu_AgR071_g003_t04	80.0	D	1.0
Eela_EEL_0000405201-mRNA-1	Ovol_OVOC6383	69.0	S	0.0
Eela_EEL_0000405201-mRNA-1	Lsig_VDK85470.1	69.0	S	0.0
Eela_EEL_0000405201-mRNA-1	Avit_KAL3984786.1	69.0	S	0.0
Eela_EEL_0000405201-mRNA-1	Bmal_XP_042937138.1	69.0	S	0.0
Eela_EEL_0000405201-mRNA-1	Lloa_XP_003136006.1	69.0	S	0.0
Eela_EEL_0000405201-mRNA-1	Dimm_MCP9259765.1	69.0	S	0.0
Eela_EEL_0000405201-mRNA-1	Wban_VDM09846.1	69.0	S	0.0
Cele_NP_001021644.1	Diplco_DCO_004191	91.0	S	0.0
Cele_NP_001021644.1	Diplco_DCO_004192	91.0	S	0.0
Mbel_CAJ0961064.1	Acey_EYC28348.1	81.0	S	0.0
Mjap_MIJAPON000007136.t1	Acey_EYC28348.1	81.0	S	0.0
Priarc_PARCANUS000003172.t1	Acey_EYC28348.1	81.0	S	0.0
Mbel_CAJ0961064.1	Angcan_KAE9418770.1	81.0	S	0.0
Mjap_MIJAPON000007136.t1	Angcan_KAE9418770.1	81.0	S	0.0
Priarc_PARCANUS000003172.t1	Angcan_KAE9418770.1	81.0	S	0.0
Mbel_CAJ0961064.1	Hcon_XGW05178.1	81.0	S	0.0
Mjap_MIJAPON000007136.t1	Hcon_XGW05178.1	81.0	S	0.0
Priarc_PARCANUS000003172.t1	Hcon_XGW05178.1	81.0	S	0.0
Mbel_CAJ0961064.1	Otip_Oti_6068_t	81.0	S	0.0
Mjap_MIJAPON000007136.t1	Otip_Oti_6068_t	81.0	S	0.0
Priarc_PARCANUS000003172.t1	Otip_Oti_6068_t	81.0	S	0.0
Mbel_CAJ0961064.1	Acey_EYC28349.1	81.0	S	0.0
Mjap_MIJAPON000007136.t1	Acey_EYC28349.1	81.0	S	0.0
Priarc_PARCANUS000003172.t1	Acey_EYC28349.1	81.0	S	0.0
Mbel_CAJ0961064.1	Hcon_XGW05180.1	81.0	S	0.0
Mjap_MIJAPON000007136.t1	Hcon_XGW05180.1	81.0	S	0.0
Priarc_PARCANUS000003172.t1	Hcon_XGW05180.1	81.0	S	0.0
Mbel_CAJ0961064.1	Hcon_XGW05179.1	81.0	S	0.0
Mjap_MIJAPON000007136.t1	Hcon_XGW05179.1	81.0	S	0.0
Priarc_PARCANUS000003172.t1	Hcon_XGW05179.1	81.0	S	0.0
Mbel_CAJ0961064.1	Acey_EYC28347.1	81.0	S	0.0
Mjap_MIJAPON000007136.t1	Acey_EYC28347.1	81.0	S	0.0
Priarc_PARCANUS000003172.t1	Acey_EYC28347.1	81.0	S	0.0
Mbel_CAJ0961064.1	Acey_EYC28346.1	81.0	S	0.0
Mjap_MIJAPON000007136.t1	Acey_EYC28346.1	81.0	S	0.0
Priarc_PARCANUS000003172.t1	Acey_EYC28346.1	81.0	S	0.0
Sros_XP_004991597.1	Mbre_XP_001744548.1	45.0	S	0.0
Cowc_XP_004348815.2	Ccri_XP_005711737.1	59.0	S	0.0
Cowc_XP_004348815.2	Otau_XP_003081096.2	59.0	S	0.0
Cowc_XP_004348815.2	Ppur_KAA8494784.1	59.0	S	0.0
Ppur_KAA8499731.1	Ppat_XP_024385085.1	55.0	S	0.0
Ppur_KAA8499731.1	Lsat_XP_023765494.1	55.0	S	0.0
Ppur_KAA8499731.1	Mpol_BFI34703.1	55.0	S	0.0
Ppur_KAA8499731.1	Mesc_XP_021592633.1	55.0	S	0.0
Ppur_KAA8499731.1	Tura_XP_048559596.1	55.0	S	0.0
Ppur_KAA8499731.1	Bdis_XP_014751463.1	55.0	S	0.0
Ppur_KAA8499731.1	Smoe_XP_024528517.1	55.0	S	0.0
Ppur_KAA8499731.1	Smoe_XP_024525058.1	55.0	S	0.0
Ppur_KAA8499731.1	Osat_XP_015635321.1	55.0	S	0.0
Ppur_KAA8499731.1	Qlob_XP_030943891.1	55.0	S	0.0
Ppur_KAA8499731.1	Mtru_XP_003610003.2	55.0	S	0.0
Ppur_KAA8499731.1	Mpol_BFI34702.1	55.0	S	0.0
Ppur_KAA8499731.1	Psat_XP_050921050.1	55.0	S	0.0
Ppur_KAA8499731.1	Smoe_XP_024525059.1	55.0	S	0.0
Ppur_KAA8499731.1	Rchi_XP_024197642.1	55.0	S	0.0
Ppur_KAA8499731.1	Zmay_XP_008663684.1	55.0	S	0.0
Ppur_KAA8499731.1	Atri_XP_006845741.2	55.0	S	0.0
Ppur_KAA8499731.1	Cofcan_CDP03013.1	55.0	S	0.0
Mbre_XP_001746247.1	Mbre_XP_001750724.1	100.0	D	1.0
Mbre_XP_001744974.1	Mbre_XP_001748073.1	100.0	D	1.0
Mbre_XP_001744974.1	Mbre_XP_001743203.1	100.0	D	1.0
Pvan_XP_027237416.2	Apimel_XP_016772682.2	81.0	S	0.0
Pvan_XP_027237416.2	Agrpla_XP_018330230.1	81.0	S	0.0
Pvan_XP_027237416.2	Apimel_XP_395039.6	81.0	S	0.0
Pvan_XP_027237416.2	Dmel_NP_726923.1	81.0	S	0.0
Pvan_XP_027237416.2	Dmel_NP_572160.1	81.0	S	0.0
Pvan_XP_027237416.2	Avag_UJR36973.1	81.0	S	0.0
Pvan_XP_027237416.2	Rcul_nRc.2.0.1.t06925-RA	81.0	S	0.0
Pvan_XP_027237416.2	Btab_XP_018913484.1	81.0	S	0.0
Pvan_XP_027237416.2	Bmor_XP_037875340.1	81.0	S	0.0
Cint_XP_026694220.1	Lpol_XP_022235071.1	86.0	S	0.0
Cint_XP_002119787.2	Lpol_XP_022235071.1	86.0	S	0.0
Twil_T_wilhelma_c28842_g1_i2|m.26788	Lpol_XP_022235071.1	86.0	S	0.0
Drer_NP_001082857.1	Lpol_XP_022235071.1	86.0	S	0.0
Aque_XP_019864286.1	Lpol_XP_022235071.1	86.0	S	0.0
Hsap_NP_078920.2	Lpol_XP_022235071.1	86.0	S	0.0
Ggal_NP_001026367.1	Lpol_XP_022235071.1	86.0	S	0.0
Xtro_XP_002933911.1	Lpol_XP_022235071.1	86.0	S	0.0
Cint_XP_026694221.1	Lpol_XP_022235071.1	86.0	S	0.0
Cscu_XP_023227777.1	Lpol_XP_022235071.1	86.0	S	0.0
Emue_Em0019g1181a	Lpol_XP_022235071.1	86.0	S	0.0
Cint_XP_026694220.1	Lana_XP_013379273.1	86.0	S	0.0
Cint_XP_002119787.2	Lana_XP_013379273.1	86.0	S	0.0
Twil_T_wilhelma_c28842_g1_i2|m.26788	Lana_XP_013379273.1	86.0	S	0.0
Drer_NP_001082857.1	Lana_XP_013379273.1	86.0	S	0.0
Aque_XP_019864286.1	Lana_XP_013379273.1	86.0	S	0.0
Hsap_NP_078920.2	Lana_XP_013379273.1	86.0	S	0.0
Ggal_NP_001026367.1	Lana_XP_013379273.1	86.0	S	0.0
Xtro_XP_002933911.1	Lana_XP_013379273.1	86.0	S	0.0
Cint_XP_026694221.1	Lana_XP_013379273.1	86.0	S	0.0
Cscu_XP_023227777.1	Lana_XP_013379273.1	86.0	S	0.0
Emue_Em0019g1181a	Lana_XP_013379273.1	86.0	S	0.0
Cint_XP_026694220.1	Cvir_XP_022332243.1	86.0	S	0.0
Cint_XP_002119787.2	Cvir_XP_022332243.1	86.0	S	0.0
Twil_T_wilhelma_c28842_g1_i2|m.26788	Cvir_XP_022332243.1	86.0	S	0.0
Drer_NP_001082857.1	Cvir_XP_022332243.1	86.0	S	0.0
Aque_XP_019864286.1	Cvir_XP_022332243.1	86.0	S	0.0
Hsap_NP_078920.2	Cvir_XP_022332243.1	86.0	S	0.0
Ggal_NP_001026367.1	Cvir_XP_022332243.1	86.0	S	0.0
Xtro_XP_002933911.1	Cvir_XP_022332243.1	86.0	S	0.0
Cint_XP_026694221.1	Cvir_XP_022332243.1	86.0	S	0.0
Cscu_XP_023227777.1	Cvir_XP_022332243.1	86.0	S	0.0
Emue_Em0019g1181a	Cvir_XP_022332243.1	86.0	S	0.0
Cint_XP_026694220.1	Spur_XP_030854274.1	86.0	S	0.0
Cint_XP_002119787.2	Spur_XP_030854274.1	86.0	S	0.0
Twil_T_wilhelma_c28842_g1_i2|m.26788	Spur_XP_030854274.1	86.0	S	0.0
Drer_NP_001082857.1	Spur_XP_030854274.1	86.0	S	0.0
Aque_XP_019864286.1	Spur_XP_030854274.1	86.0	S	0.0
Hsap_NP_078920.2	Spur_XP_030854274.1	86.0	S	0.0
Ggal_NP_001026367.1	Spur_XP_030854274.1	86.0	S	0.0
Xtro_XP_002933911.1	Spur_XP_030854274.1	86.0	S	0.0
Cint_XP_026694221.1	Spur_XP_030854274.1	86.0	S	0.0
Cscu_XP_023227777.1	Spur_XP_030854274.1	86.0	S	0.0
Emue_Em0019g1181a	Spur_XP_030854274.1	86.0	S	0.0
Cint_XP_026694220.1	Obim_XP_014788737.1	86.0	S	0.0
Cint_XP_002119787.2	Obim_XP_014788737.1	86.0	S	0.0
Twil_T_wilhelma_c28842_g1_i2|m.26788	Obim_XP_014788737.1	86.0	S	0.0
Drer_NP_001082857.1	Obim_XP_014788737.1	86.0	S	0.0
Aque_XP_019864286.1	Obim_XP_014788737.1	86.0	S	0.0
Hsap_NP_078920.2	Obim_XP_014788737.1	86.0	S	0.0
Ggal_NP_001026367.1	Obim_XP_014788737.1	86.0	S	0.0
Xtro_XP_002933911.1	Obim_XP_014788737.1	86.0	S	0.0
Cint_XP_026694221.1	Obim_XP_014788737.1	86.0	S	0.0
Cscu_XP_023227777.1	Obim_XP_014788737.1	86.0	S	0.0
Emue_Em0019g1181a	Obim_XP_014788737.1	86.0	S	0.0
Cint_XP_026694220.1	Skow_XP_006811601.1	86.0	S	0.0
Cint_XP_002119787.2	Skow_XP_006811601.1	86.0	S	0.0
Twil_T_wilhelma_c28842_g1_i2|m.26788	Skow_XP_006811601.1	86.0	S	0.0
Drer_NP_001082857.1	Skow_XP_006811601.1	86.0	S	0.0
Aque_XP_019864286.1	Skow_XP_006811601.1	86.0	S	0.0
Hsap_NP_078920.2	Skow_XP_006811601.1	86.0	S	0.0
Ggal_NP_001026367.1	Skow_XP_006811601.1	86.0	S	0.0
Xtro_XP_002933911.1	Skow_XP_006811601.1	86.0	S	0.0
Cint_XP_026694221.1	Skow_XP_006811601.1	86.0	S	0.0
Cscu_XP_023227777.1	Skow_XP_006811601.1	86.0	S	0.0
Emue_Em0019g1181a	Skow_XP_006811601.1	86.0	S	0.0
Cint_XP_026694220.1	Ofus_CAH1792356.1	86.0	S	0.0
Cint_XP_002119787.2	Ofus_CAH1792356.1	86.0	S	0.0
Twil_T_wilhelma_c28842_g1_i2|m.26788	Ofus_CAH1792356.1	86.0	S	0.0
Drer_NP_001082857.1	Ofus_CAH1792356.1	86.0	S	0.0
Aque_XP_019864286.1	Ofus_CAH1792356.1	86.0	S	0.0
Hsap_NP_078920.2	Ofus_CAH1792356.1	86.0	S	0.0
Ggal_NP_001026367.1	Ofus_CAH1792356.1	86.0	S	0.0
Xtro_XP_002933911.1	Ofus_CAH1792356.1	86.0	S	0.0
Cint_XP_026694221.1	Ofus_CAH1792356.1	86.0	S	0.0
Cscu_XP_023227777.1	Ofus_CAH1792356.1	86.0	S	0.0
Emue_Em0019g1181a	Ofus_CAH1792356.1	86.0	S	0.0
Cint_XP_026694220.1	Scil_XP_065184624.1	86.0	S	0.0
Cint_XP_002119787.2	Scil_XP_065184624.1	86.0	S	0.0
Twil_T_wilhelma_c28842_g1_i2|m.26788	Scil_XP_065184624.1	86.0	S	0.0
Drer_NP_001082857.1	Scil_XP_065184624.1	86.0	S	0.0
Aque_XP_019864286.1	Scil_XP_065184624.1	86.0	S	0.0
Hsap_NP_078920.2	Scil_XP_065184624.1	86.0	S	0.0
Ggal_NP_001026367.1	Scil_XP_065184624.1	86.0	S	0.0
Xtro_XP_002933911.1	Scil_XP_065184624.1	86.0	S	0.0
Cint_XP_026694221.1	Scil_XP_065184624.1	86.0	S	0.0
Cscu_XP_023227777.1	Scil_XP_065184624.1	86.0	S	0.0
Emue_Em0019g1181a	Scil_XP_065184624.1	86.0	S	0.0
Cint_XP_026694220.1	Smar_SMAR009020-PA	86.0	S	0.0
Cint_XP_002119787.2	Smar_SMAR009020-PA	86.0	S	0.0
Twil_T_wilhelma_c28842_g1_i2|m.26788	Smar_SMAR009020-PA	86.0	S	0.0
Drer_NP_001082857.1	Smar_SMAR009020-PA	86.0	S	0.0
Aque_XP_019864286.1	Smar_SMAR009020-PA	86.0	S	0.0
Hsap_NP_078920.2	Smar_SMAR009020-PA	86.0	S	0.0
Ggal_NP_001026367.1	Smar_SMAR009020-PA	86.0	S	0.0
Xtro_XP_002933911.1	Smar_SMAR009020-PA	86.0	S	0.0
Cint_XP_026694221.1	Smar_SMAR009020-PA	86.0	S	0.0
Cscu_XP_023227777.1	Smar_SMAR009020-PA	86.0	S	0.0
Emue_Em0019g1181a	Smar_SMAR009020-PA	86.0	S	0.0
Cint_XP_026694220.1	Lcom_lcpid64997|	86.0	S	0.0
Cint_XP_002119787.2	Lcom_lcpid64997|	86.0	S	0.0
Twil_T_wilhelma_c28842_g1_i2|m.26788	Lcom_lcpid64997|	86.0	S	0.0
Drer_NP_001082857.1	Lcom_lcpid64997|	86.0	S	0.0
Aque_XP_019864286.1	Lcom_lcpid64997|	86.0	S	0.0
Hsap_NP_078920.2	Lcom_lcpid64997|	86.0	S	0.0
Ggal_NP_001026367.1	Lcom_lcpid64997|	86.0	S	0.0
Xtro_XP_002933911.1	Lcom_lcpid64997|	86.0	S	0.0
Cint_XP_026694221.1	Lcom_lcpid64997|	86.0	S	0.0
Cscu_XP_023227777.1	Lcom_lcpid64997|	86.0	S	0.0
Emue_Em0019g1181a	Lcom_lcpid64997|	86.0	S	0.0
Cint_XP_026694220.1	Aplcal_XP_012939129.1	86.0	S	0.0
Cint_XP_002119787.2	Aplcal_XP_012939129.1	86.0	S	0.0
Twil_T_wilhelma_c28842_g1_i2|m.26788	Aplcal_XP_012939129.1	86.0	S	0.0
Drer_NP_001082857.1	Aplcal_XP_012939129.1	86.0	S	0.0
Aque_XP_019864286.1	Aplcal_XP_012939129.1	86.0	S	0.0
Hsap_NP_078920.2	Aplcal_XP_012939129.1	86.0	S	0.0
Ggal_NP_001026367.1	Aplcal_XP_012939129.1	86.0	S	0.0
Xtro_XP_002933911.1	Aplcal_XP_012939129.1	86.0	S	0.0
Cint_XP_026694221.1	Aplcal_XP_012939129.1	86.0	S	0.0
Cscu_XP_023227777.1	Aplcal_XP_012939129.1	86.0	S	0.0
Emue_Em0019g1181a	Aplcal_XP_012939129.1	86.0	S	0.0
Cint_XP_026694220.1	Spur_XP_030854275.1	86.0	S	0.0
Cint_XP_002119787.2	Spur_XP_030854275.1	86.0	S	0.0
Twil_T_wilhelma_c28842_g1_i2|m.26788	Spur_XP_030854275.1	86.0	S	0.0
Drer_NP_001082857.1	Spur_XP_030854275.1	86.0	S	0.0
Aque_XP_019864286.1	Spur_XP_030854275.1	86.0	S	0.0
Hsap_NP_078920.2	Spur_XP_030854275.1	86.0	S	0.0
Ggal_NP_001026367.1	Spur_XP_030854275.1	86.0	S	0.0
Xtro_XP_002933911.1	Spur_XP_030854275.1	86.0	S	0.0
Cint_XP_026694221.1	Spur_XP_030854275.1	86.0	S	0.0
Cscu_XP_023227777.1	Spur_XP_030854275.1	86.0	S	0.0
Emue_Em0019g1181a	Spur_XP_030854275.1	86.0	S	0.0
Cint_XP_026694220.1	Tadh_XP_002115372.1	86.0	S	0.0
Cint_XP_002119787.2	Tadh_XP_002115372.1	86.0	S	0.0
Twil_T_wilhelma_c28842_g1_i2|m.26788	Tadh_XP_002115372.1	86.0	S	0.0
Drer_NP_001082857.1	Tadh_XP_002115372.1	86.0	S	0.0
Aque_XP_019864286.1	Tadh_XP_002115372.1	86.0	S	0.0
Hsap_NP_078920.2	Tadh_XP_002115372.1	86.0	S	0.0
Ggal_NP_001026367.1	Tadh_XP_002115372.1	86.0	S	0.0
Xtro_XP_002933911.1	Tadh_XP_002115372.1	86.0	S	0.0
Cint_XP_026694221.1	Tadh_XP_002115372.1	86.0	S	0.0
Cscu_XP_023227777.1	Tadh_XP_002115372.1	86.0	S	0.0
Emue_Em0019g1181a	Tadh_XP_002115372.1	86.0	S	0.0
Cint_XP_026694220.1	Hrob_XP_009029903.1	86.0	S	0.0
Cint_XP_002119787.2	Hrob_XP_009029903.1	86.0	S	0.0
Twil_T_wilhelma_c28842_g1_i2|m.26788	Hrob_XP_009029903.1	86.0	S	0.0
Drer_NP_001082857.1	Hrob_XP_009029903.1	86.0	S	0.0
Aque_XP_019864286.1	Hrob_XP_009029903.1	86.0	S	0.0
Hsap_NP_078920.2	Hrob_XP_009029903.1	86.0	S	0.0
Ggal_NP_001026367.1	Hrob_XP_009029903.1	86.0	S	0.0
Xtro_XP_002933911.1	Hrob_XP_009029903.1	86.0	S	0.0
Cint_XP_026694221.1	Hrob_XP_009029903.1	86.0	S	0.0
Cscu_XP_023227777.1	Hrob_XP_009029903.1	86.0	S	0.0
Emue_Em0019g1181a	Hrob_XP_009029903.1	86.0	S	0.0
Cint_XP_026694220.1	Blan_XP_066279326.1	86.0	S	0.0
Cint_XP_002119787.2	Blan_XP_066279326.1	86.0	S	0.0
Twil_T_wilhelma_c28842_g1_i2|m.26788	Blan_XP_066279326.1	86.0	S	0.0
Drer_NP_001082857.1	Blan_XP_066279326.1	86.0	S	0.0
Aque_XP_019864286.1	Blan_XP_066279326.1	86.0	S	0.0
Hsap_NP_078920.2	Blan_XP_066279326.1	86.0	S	0.0
Ggal_NP_001026367.1	Blan_XP_066279326.1	86.0	S	0.0
Xtro_XP_002933911.1	Blan_XP_066279326.1	86.0	S	0.0
Cint_XP_026694221.1	Blan_XP_066279326.1	86.0	S	0.0
Cscu_XP_023227777.1	Blan_XP_066279326.1	86.0	S	0.0
Emue_Em0019g1181a	Blan_XP_066279326.1	86.0	S	0.0
Cint_XP_026694220.1	Apla_XP_022096693.1	86.0	S	0.0
Cint_XP_002119787.2	Apla_XP_022096693.1	86.0	S	0.0
Twil_T_wilhelma_c28842_g1_i2|m.26788	Apla_XP_022096693.1	86.0	S	0.0
Drer_NP_001082857.1	Apla_XP_022096693.1	86.0	S	0.0
Aque_XP_019864286.1	Apla_XP_022096693.1	86.0	S	0.0
Hsap_NP_078920.2	Apla_XP_022096693.1	86.0	S	0.0
Ggal_NP_001026367.1	Apla_XP_022096693.1	86.0	S	0.0
Xtro_XP_002933911.1	Apla_XP_022096693.1	86.0	S	0.0
Cint_XP_026694221.1	Apla_XP_022096693.1	86.0	S	0.0
Cscu_XP_023227777.1	Apla_XP_022096693.1	86.0	S	0.0
Emue_Em0019g1181a	Apla_XP_022096693.1	86.0	S	0.0
Cint_XP_026694220.1	Lpol_XP_013791333.1	86.0	S	0.0
Cint_XP_002119787.2	Lpol_XP_013791333.1	86.0	S	0.0
Twil_T_wilhelma_c28842_g1_i2|m.26788	Lpol_XP_013791333.1	86.0	S	0.0
Drer_NP_001082857.1	Lpol_XP_013791333.1	86.0	S	0.0
Aque_XP_019864286.1	Lpol_XP_013791333.1	86.0	S	0.0
Hsap_NP_078920.2	Lpol_XP_013791333.1	86.0	S	0.0
Ggal_NP_001026367.1	Lpol_XP_013791333.1	86.0	S	0.0
Xtro_XP_002933911.1	Lpol_XP_013791333.1	86.0	S	0.0
Cint_XP_026694221.1	Lpol_XP_013791333.1	86.0	S	0.0
Cscu_XP_023227777.1	Lpol_XP_013791333.1	86.0	S	0.0
Emue_Em0019g1181a	Lpol_XP_013791333.1	86.0	S	0.0
Mlei_ML12529a-PA	Mbre_XP_001745976.1	98.0	S	0.0
Mlei_ML12529a-PA	Sros_XP_004988938.1	98.0	S	0.0
Mhap_MhA1_Contig933.frz3.gene11	Mhap_MhA1_Contig349.frz3.gene23	100.0	D	1.0
Mhap_MhA1_Contig309.frz3.gene26	Mhap_MhA1_Contig349.frz3.gene23	100.0	D	1.0
Mhap_MhA1_Contig933.frz3.gene11	Mhap_MhA1_Contig349.frz3.gene29	100.0	D	1.0
Mhap_MhA1_Contig309.frz3.gene26	Mhap_MhA1_Contig349.frz3.gene29	100.0	D	1.0
Asuu_AgR071_g003_t04	Asuu_AgR071_g003_t05	1.0	D	1.0
Lsig_VDK85470.1	Ovol_OVOC6383	73.0	S	0.0
Avit_KAL3984786.1	Ovol_OVOC6383	73.0	S	0.0
Lsig_VDK85470.1	Bmal_XP_042937138.1	73.0	S	0.0
Avit_KAL3984786.1	Bmal_XP_042937138.1	73.0	S	0.0
Lsig_VDK85470.1	Lloa_XP_003136006.1	73.0	S	0.0
Avit_KAL3984786.1	Lloa_XP_003136006.1	73.0	S	0.0
Lsig_VDK85470.1	Dimm_MCP9259765.1	73.0	S	0.0
Avit_KAL3984786.1	Dimm_MCP9259765.1	73.0	S	0.0
Lsig_VDK85470.1	Wban_VDM09846.1	73.0	S	0.0
Avit_KAL3984786.1	Wban_VDM09846.1	73.0	S	0.0
Diplco_DCO_004191	Diplco_DCO_004192	100.0	D	1.0
Mbel_CAJ0961064.1	Mjap_MIJAPON000007136.t1	89.0	S	0.0
Mbel_CAJ0961064.1	Priarc_PARCANUS000003172.t1	89.0	S	0.0
Otip_Oti_6068_t	Acey_EYC28348.1	89.0	S	0.0
Otip_Oti_6068_t	Angcan_KAE9418770.1	89.0	S	0.0
Otip_Oti_6068_t	Hcon_XGW05178.1	89.0	S	0.0
Otip_Oti_6068_t	Acey_EYC28349.1	89.0	S	0.0
Otip_Oti_6068_t	Hcon_XGW05180.1	89.0	S	0.0
Otip_Oti_6068_t	Hcon_XGW05179.1	89.0	S	0.0
Otip_Oti_6068_t	Acey_EYC28347.1	89.0	S	0.0
Otip_Oti_6068_t	Acey_EYC28346.1	89.0	S	0.0
Sros_XP_004997454.1	Cowc_XP_004364494.1	62.0	S	0.0
Sros_XP_004997454.1	Cowc_XP_004345274.1	62.0	S	0.0
Otau_XP_003081096.2	Ccri_XP_005711737.1	100.0	S	0.0
Otau_XP_003081096.2	Ppur_KAA8494784.1	100.0	S	0.0
Mpol_BFI34703.1	Ppat_XP_024385085.1	100.0	S	0.0
Mpol_BFI34702.1	Ppat_XP_024385085.1	100.0	S	0.0
Mpol_BFI34703.1	Lsat_XP_023765494.1	100.0	S	0.0
Mpol_BFI34702.1	Lsat_XP_023765494.1	100.0	S	0.0
Mpol_BFI34703.1	Mesc_XP_021592633.1	100.0	S	0.0
Mpol_BFI34702.1	Mesc_XP_021592633.1	100.0	S	0.0
Mpol_BFI34703.1	Tura_XP_048559596.1	100.0	S	0.0
Mpol_BFI34702.1	Tura_XP_048559596.1	100.0	S	0.0
Mpol_BFI34703.1	Bdis_XP_014751463.1	100.0	S	0.0
Mpol_BFI34702.1	Bdis_XP_014751463.1	100.0	S	0.0
Mpol_BFI34703.1	Smoe_XP_024528517.1	100.0	S	0.0
Mpol_BFI34702.1	Smoe_XP_024528517.1	100.0	S	0.0
Mpol_BFI34703.1	Smoe_XP_024525058.1	100.0	S	0.0
Mpol_BFI34702.1	Smoe_XP_024525058.1	100.0	S	0.0
Mpol_BFI34703.1	Osat_XP_015635321.1	100.0	S	0.0
Mpol_BFI34702.1	Osat_XP_015635321.1	100.0	S	0.0
Mpol_BFI34703.1	Qlob_XP_030943891.1	100.0	S	0.0
Mpol_BFI34702.1	Qlob_XP_030943891.1	100.0	S	0.0
Mpol_BFI34703.1	Mtru_XP_003610003.2	100.0	S	0.0
Mpol_BFI34702.1	Mtru_XP_003610003.2	100.0	S	0.0
Mpol_BFI34703.1	Psat_XP_050921050.1	100.0	S	0.0
Mpol_BFI34702.1	Psat_XP_050921050.1	100.0	S	0.0
Mpol_BFI34703.1	Smoe_XP_024525059.1	100.0	S	0.0
Mpol_BFI34702.1	Smoe_XP_024525059.1	100.0	S	0.0
Mpol_BFI34703.1	Rchi_XP_024197642.1	100.0	S	0.0
Mpol_BFI34702.1	Rchi_XP_024197642.1	100.0	S	0.0
Mpol_BFI34703.1	Zmay_XP_008663684.1	100.0	S	0.0
Mpol_BFI34702.1	Zmay_XP_008663684.1	100.0	S	0.0
Mpol_BFI34703.1	Atri_XP_006845741.2	100.0	S	0.0
Mpol_BFI34702.1	Atri_XP_006845741.2	100.0	S	0.0
Mpol_BFI34703.1	Cofcan_CDP03013.1	100.0	S	0.0
Mpol_BFI34702.1	Cofcan_CDP03013.1	100.0	S	0.0
Mbre_XP_001743203.1	Mbre_XP_001748073.1	80.0	D	1.0
Mbre_XP_001748545.1	Mbre_XP_001742264.1	99.0	D	1.0
Mbre_XP_001748545.1	Mbre_XP_001748696.1	99.0	D	1.0
Mbre_XP_001746890.1	Sros_XP_004991706.1	74.0	S	0.0
Mbre_XP_001750743.1	Sros_XP_004991706.1	74.0	S	0.0
Mbre_XP_001748673.1	Sros_XP_004991706.1	74.0	S	0.0
Mbre_XP_001748997.1	Sros_XP_004991706.1	74.0	S	0.0
Mbre_XP_001749417.1	Sros_XP_004991706.1	74.0	S	0.0
Mbre_XP_001746322.1	Sros_XP_004991706.1	74.0	S	0.0
Mbre_XP_001747551.1	Sros_XP_004991706.1	74.0	S	0.0
Mbre_XP_001747552.1	Sros_XP_004991706.1	74.0	S	0.0
Mbre_XP_001746890.1	Sros_XP_004987474.1	74.0	S	0.0
Mbre_XP_001750743.1	Sros_XP_004987474.1	74.0	S	0.0
Mbre_XP_001748673.1	Sros_XP_004987474.1	74.0	S	0.0
Mbre_XP_001748997.1	Sros_XP_004987474.1	74.0	S	0.0
Mbre_XP_001749417.1	Sros_XP_004987474.1	74.0	S	0.0
Mbre_XP_001746322.1	Sros_XP_004987474.1	74.0	S	0.0
Mbre_XP_001747551.1	Sros_XP_004987474.1	74.0	S	0.0
Mbre_XP_001747552.1	Sros_XP_004987474.1	74.0	S	0.0
Mbre_XP_001746890.1	Sros_XP_004998205.1	74.0	S	0.0
Mbre_XP_001750743.1	Sros_XP_004998205.1	74.0	S	0.0
Mbre_XP_001748673.1	Sros_XP_004998205.1	74.0	S	0.0
Mbre_XP_001748997.1	Sros_XP_004998205.1	74.0	S	0.0
Mbre_XP_001749417.1	Sros_XP_004998205.1	74.0	S	0.0
Mbre_XP_001746322.1	Sros_XP_004998205.1	74.0	S	0.0
Mbre_XP_001747551.1	Sros_XP_004998205.1	74.0	S	0.0
Mbre_XP_001747552.1	Sros_XP_004998205.1	74.0	S	0.0
Mbre_XP_001746890.1	Sros_XP_004996522.1	74.0	S	0.0
Mbre_XP_001750743.1	Sros_XP_004996522.1	74.0	S	0.0
Mbre_XP_001748673.1	Sros_XP_004996522.1	74.0	S	0.0
Mbre_XP_001748997.1	Sros_XP_004996522.1	74.0	S	0.0
Mbre_XP_001749417.1	Sros_XP_004996522.1	74.0	S	0.0
Mbre_XP_001746322.1	Sros_XP_004996522.1	74.0	S	0.0
Mbre_XP_001747551.1	Sros_XP_004996522.1	74.0	S	0.0
Mbre_XP_001747552.1	Sros_XP_004996522.1	74.0	S	0.0
Mbre_XP_001746890.1	Sros_XP_004989786.1	74.0	S	0.0
Mbre_XP_001750743.1	Sros_XP_004989786.1	74.0	S	0.0
Mbre_XP_001748673.1	Sros_XP_004989786.1	74.0	S	0.0
Mbre_XP_001748997.1	Sros_XP_004989786.1	74.0	S	0.0
Mbre_XP_001749417.1	Sros_XP_004989786.1	74.0	S	0.0
Mbre_XP_001746322.1	Sros_XP_004989786.1	74.0	S	0.0
Mbre_XP_001747551.1	Sros_XP_004989786.1	74.0	S	0.0
Mbre_XP_001747552.1	Sros_XP_004989786.1	74.0	S	0.0
Mbre_XP_001746890.1	Sros_XP_004989789.1	74.0	S	0.0
Mbre_XP_001750743.1	Sros_XP_004989789.1	74.0	S	0.0
Mbre_XP_001748673.1	Sros_XP_004989789.1	74.0	S	0.0
Mbre_XP_001748997.1	Sros_XP_004989789.1	74.0	S	0.0
Mbre_XP_001749417.1	Sros_XP_004989789.1	74.0	S	0.0
Mbre_XP_001746322.1	Sros_XP_004989789.1	74.0	S	0.0
Mbre_XP_001747551.1	Sros_XP_004989789.1	74.0	S	0.0
Mbre_XP_001747552.1	Sros_XP_004989789.1	74.0	S	0.0
Mbre_XP_001746890.1	Sros_XP_004993908.1	74.0	S	0.0
Mbre_XP_001750743.1	Sros_XP_004993908.1	74.0	S	0.0
Mbre_XP_001748673.1	Sros_XP_004993908.1	74.0	S	0.0
Mbre_XP_001748997.1	Sros_XP_004993908.1	74.0	S	0.0
Mbre_XP_001749417.1	Sros_XP_004993908.1	74.0	S	0.0
Mbre_XP_001746322.1	Sros_XP_004993908.1	74.0	S	0.0
Mbre_XP_001747551.1	Sros_XP_004993908.1	74.0	S	0.0
Mbre_XP_001747552.1	Sros_XP_004993908.1	74.0	S	0.0
Mbre_XP_001746890.1	Sros_XP_004996619.1	74.0	S	0.0
Mbre_XP_001750743.1	Sros_XP_004996619.1	74.0	S	0.0
Mbre_XP_001748673.1	Sros_XP_004996619.1	74.0	S	0.0
Mbre_XP_001748997.1	Sros_XP_004996619.1	74.0	S	0.0
Mbre_XP_001749417.1	Sros_XP_004996619.1	74.0	S	0.0
Mbre_XP_001746322.1	Sros_XP_004996619.1	74.0	S	0.0
Mbre_XP_001747551.1	Sros_XP_004996619.1	74.0	S	0.0
Mbre_XP_001747552.1	Sros_XP_004996619.1	74.0	S	0.0
Mbre_XP_001746890.1	Sros_XP_004988532.1	74.0	S	0.0
Mbre_XP_001750743.1	Sros_XP_004988532.1	74.0	S	0.0
Mbre_XP_001748673.1	Sros_XP_004988532.1	74.0	S	0.0
Mbre_XP_001748997.1	Sros_XP_004988532.1	74.0	S	0.0
Mbre_XP_001749417.1	Sros_XP_004988532.1	74.0	S	0.0
Mbre_XP_001746322.1	Sros_XP_004988532.1	74.0	S	0.0
Mbre_XP_001747551.1	Sros_XP_004988532.1	74.0	S	0.0
Mbre_XP_001747552.1	Sros_XP_004988532.1	74.0	S	0.0
Mbre_XP_001746890.1	Sros_XP_004989788.1	74.0	S	0.0
Mbre_XP_001750743.1	Sros_XP_004989788.1	74.0	S	0.0
Mbre_XP_001748673.1	Sros_XP_004989788.1	74.0	S	0.0
Mbre_XP_001748997.1	Sros_XP_004989788.1	74.0	S	0.0
Mbre_XP_001749417.1	Sros_XP_004989788.1	74.0	S	0.0
Mbre_XP_001746322.1	Sros_XP_004989788.1	74.0	S	0.0
Mbre_XP_001747551.1	Sros_XP_004989788.1	74.0	S	0.0
Mbre_XP_001747552.1	Sros_XP_004989788.1	74.0	S	0.0
Mbre_XP_001746890.1	Sros_XP_004998173.1	74.0	S	0.0
Mbre_XP_001750743.1	Sros_XP_004998173.1	74.0	S	0.0
Mbre_XP_001748673.1	Sros_XP_004998173.1	74.0	S	0.0
Mbre_XP_001748997.1	Sros_XP_004998173.1	74.0	S	0.0
Mbre_XP_001749417.1	Sros_XP_004998173.1	74.0	S	0.0
Mbre_XP_001746322.1	Sros_XP_004998173.1	74.0	S	0.0
Mbre_XP_001747551.1	Sros_XP_004998173.1	74.0	S	0.0
Mbre_XP_001747552.1	Sros_XP_004998173.1	74.0	S	0.0
Mbre_XP_001746890.1	Sros_XP_004988454.1	74.0	S	0.0
Mbre_XP_001750743.1	Sros_XP_004988454.1	74.0	S	0.0
Mbre_XP_001748673.1	Sros_XP_004988454.1	74.0	S	0.0
Mbre_XP_001748997.1	Sros_XP_004988454.1	74.0	S	0.0
Mbre_XP_001749417.1	Sros_XP_004988454.1	74.0	S	0.0
Mbre_XP_001746322.1	Sros_XP_004988454.1	74.0	S	0.0
Mbre_XP_001747551.1	Sros_XP_004988454.1	74.0	S	0.0
Mbre_XP_001747552.1	Sros_XP_004988454.1	74.0	S	0.0
Mbre_XP_001746890.1	Lcom_lcpid201774|	74.0	S	0.0
Mbre_XP_001750743.1	Lcom_lcpid201774|	74.0	S	0.0
Mbre_XP_001748673.1	Lcom_lcpid201774|	74.0	S	0.0
Mbre_XP_001748997.1	Lcom_lcpid201774|	74.0	S	0.0
Mbre_XP_001749417.1	Lcom_lcpid201774|	74.0	S	0.0
Mbre_XP_001746322.1	Lcom_lcpid201774|	74.0	S	0.0
Mbre_XP_001747551.1	Lcom_lcpid201774|	74.0	S	0.0
Mbre_XP_001747552.1	Lcom_lcpid201774|	74.0	S	0.0
Rcul_nRc.2.0.1.t06925-RA	Apimel_XP_016772682.2	72.0	S	0.0
Avag_UJR36973.1	Apimel_XP_016772682.2	72.0	S	0.0
Rcul_nRc.2.0.1.t06925-RA	Agrpla_XP_018330230.1	72.0	S	0.0
Avag_UJR36973.1	Agrpla_XP_018330230.1	72.0	S	0.0
Rcul_nRc.2.0.1.t06925-RA	Apimel_XP_395039.6	72.0	S	0.0
Avag_UJR36973.1	Apimel_XP_395039.6	72.0	S	0.0
Rcul_nRc.2.0.1.t06925-RA	Dmel_NP_726923.1	72.0	S	0.0
Avag_UJR36973.1	Dmel_NP_726923.1	72.0	S	0.0
Rcul_nRc.2.0.1.t06925-RA	Dmel_NP_572160.1	72.0	S	0.0
Avag_UJR36973.1	Dmel_NP_572160.1	72.0	S	0.0
Rcul_nRc.2.0.1.t06925-RA	Btab_XP_018913484.1	72.0	S	0.0
Avag_UJR36973.1	Btab_XP_018913484.1	72.0	S	0.0
Rcul_nRc.2.0.1.t06925-RA	Bmor_XP_037875340.1	72.0	S	0.0
Avag_UJR36973.1	Bmor_XP_037875340.1	72.0	S	0.0
Emue_Em0019g1181a	Cint_XP_026694220.1	59.0	S	0.0
Aque_XP_019864286.1	Cint_XP_026694220.1	59.0	S	0.0
Cscu_XP_023227777.1	Cint_XP_026694220.1	59.0	S	0.0
Twil_T_wilhelma_c28842_g1_i2|m.26788	Cint_XP_026694220.1	59.0	S	0.0
Emue_Em0019g1181a	Cint_XP_002119787.2	59.0	S	0.0
Aque_XP_019864286.1	Cint_XP_002119787.2	59.0	S	0.0
Cscu_XP_023227777.1	Cint_XP_002119787.2	59.0	S	0.0
Twil_T_wilhelma_c28842_g1_i2|m.26788	Cint_XP_002119787.2	59.0	S	0.0
Emue_Em0019g1181a	Drer_NP_001082857.1	59.0	S	0.0
Aque_XP_019864286.1	Drer_NP_001082857.1	59.0	S	0.0
Cscu_XP_023227777.1	Drer_NP_001082857.1	59.0	S	0.0
Twil_T_wilhelma_c28842_g1_i2|m.26788	Drer_NP_001082857.1	59.0	S	0.0
Emue_Em0019g1181a	Hsap_NP_078920.2	59.0	S	0.0
Aque_XP_019864286.1	Hsap_NP_078920.2	59.0	S	0.0
Cscu_XP_023227777.1	Hsap_NP_078920.2	59.0	S	0.0
Twil_T_wilhelma_c28842_g1_i2|m.26788	Hsap_NP_078920.2	59.0	S	0.0
Emue_Em0019g1181a	Ggal_NP_001026367.1	59.0	S	0.0
Aque_XP_019864286.1	Ggal_NP_001026367.1	59.0	S	0.0
Cscu_XP_023227777.1	Ggal_NP_001026367.1	59.0	S	0.0
Twil_T_wilhelma_c28842_g1_i2|m.26788	Ggal_NP_001026367.1	59.0	S	0.0
Emue_Em0019g1181a	Xtro_XP_002933911.1	59.0	S	0.0
Aque_XP_019864286.1	Xtro_XP_002933911.1	59.0	S	0.0
Cscu_XP_023227777.1	Xtro_XP_002933911.1	59.0	S	0.0
Twil_T_wilhelma_c28842_g1_i2|m.26788	Xtro_XP_002933911.1	59.0	S	0.0
Emue_Em0019g1181a	Cint_XP_026694221.1	59.0	S	0.0
Aque_XP_019864286.1	Cint_XP_026694221.1	59.0	S	0.0
Cscu_XP_023227777.1	Cint_XP_026694221.1	59.0	S	0.0
Twil_T_wilhelma_c28842_g1_i2|m.26788	Cint_XP_026694221.1	59.0	S	0.0
Spur_XP_030854274.1	Lpol_XP_022235071.1	66.0	S	0.0
Spur_XP_030854275.1	Lpol_XP_022235071.1	66.0	S	0.0
Spur_XP_030854274.1	Lana_XP_013379273.1	66.0	S	0.0
Spur_XP_030854275.1	Lana_XP_013379273.1	66.0	S	0.0
Spur_XP_030854274.1	Cvir_XP_022332243.1	66.0	S	0.0
Spur_XP_030854275.1	Cvir_XP_022332243.1	66.0	S	0.0
Spur_XP_030854274.1	Skow_XP_006811601.1	66.0	S	0.0
Spur_XP_030854275.1	Skow_XP_006811601.1	66.0	S	0.0
Spur_XP_030854274.1	Obim_XP_014788737.1	66.0	S	0.0
Spur_XP_030854275.1	Obim_XP_014788737.1	66.0	S	0.0
Spur_XP_030854274.1	Ofus_CAH1792356.1	66.0	S	0.0
Spur_XP_030854275.1	Ofus_CAH1792356.1	66.0	S	0.0
Spur_XP_030854274.1	Scil_XP_065184624.1	66.0	S	0.0
Spur_XP_030854275.1	Scil_XP_065184624.1	66.0	S	0.0
Spur_XP_030854274.1	Smar_SMAR009020-PA	66.0	S	0.0
Spur_XP_030854275.1	Smar_SMAR009020-PA	66.0	S	0.0
Spur_XP_030854274.1	Lcom_lcpid64997|	66.0	S	0.0
Spur_XP_030854275.1	Lcom_lcpid64997|	66.0	S	0.0
Spur_XP_030854274.1	Aplcal_XP_012939129.1	66.0	S	0.0
Spur_XP_030854275.1	Aplcal_XP_012939129.1	66.0	S	0.0
Spur_XP_030854274.1	Tadh_XP_002115372.1	66.0	S	0.0
Spur_XP_030854275.1	Tadh_XP_002115372.1	66.0	S	0.0
Spur_XP_030854274.1	Hrob_XP_009029903.1	66.0	S	0.0
Spur_XP_030854275.1	Hrob_XP_009029903.1	66.0	S	0.0
Spur_XP_030854274.1	Blan_XP_066279326.1	66.0	S	0.0
Spur_XP_030854275.1	Blan_XP_066279326.1	66.0	S	0.0
Spur_XP_030854274.1	Apla_XP_022096693.1	66.0	S	0.0
Spur_XP_030854275.1	Apla_XP_022096693.1	66.0	S	0.0
Spur_XP_030854274.1	Lpol_XP_013791333.1	66.0	S	0.0
Spur_XP_030854275.1	Lpol_XP_013791333.1	66.0	S	0.0
Mbre_XP_001745976.1	Sros_XP_004988938.1	100.0	S	0.0
Cper_Nk52_evm86s1737	Sarc_XP_014156320.1	95.0	S	0.0
Cper_Nk52_evm86s1737	Ihof_Ihof_evm2s801	95.0	S	0.0
Cper_Nk52_evm86s1737	Awhi_Unigene15489_Abeoforma_whisleri|m.9691	95.0	S	0.0
Cper_Nk52_evm86s1737	Pgem_Unigene3440_Pirum_gemmata|m.2377	95.0	S	0.0
Cper_Nk52_evm86s1737	Cfra_CFRG2505T1	95.0	S	0.0
Mpol_BFI30867.1	Ggal_NP_001384062.1	82.0	S	0.0
Ppat_XP_024364834.1	Ggal_NP_001384062.1	82.0	S	0.0
Mpol_BFI30867.1	Sros_XP_004989793.1	82.0	S	0.0
Ppat_XP_024364834.1	Sros_XP_004989793.1	82.0	S	0.0
Mpol_BFI30867.1	Apla_XP_022094820.1	82.0	S	0.0
Ppat_XP_024364834.1	Apla_XP_022094820.1	82.0	S	0.0
Mpol_BFI30867.1	Blan_XP_066287399.1	82.0	S	0.0
Ppat_XP_024364834.1	Blan_XP_066287399.1	82.0	S	0.0
Mpol_BFI30867.1	Drer_XP_068079837.1	82.0	S	0.0
Ppat_XP_024364834.1	Drer_XP_068079837.1	82.0	S	0.0
Mpol_BFI30867.1	Hsap_NP_116167.3	82.0	S	0.0
Ppat_XP_024364834.1	Hsap_NP_116167.3	82.0	S	0.0
Mpol_BFI30867.1	Hsap_NP_001035998.1	82.0	S	0.0
Ppat_XP_024364834.1	Hsap_NP_001035998.1	82.0	S	0.0
Mpol_BFI30867.1	Ggal_XP_046796040.1	82.0	S	0.0
Ppat_XP_024364834.1	Ggal_XP_046796040.1	82.0	S	0.0
Mpol_BFI30867.1	Drer_XP_021334791.1	82.0	S	0.0
Ppat_XP_024364834.1	Drer_XP_021334791.1	82.0	S	0.0
Mpol_BFI30867.1	Xtro_XP_004912139.2	82.0	S	0.0
Ppat_XP_024364834.1	Xtro_XP_004912139.2	82.0	S	0.0
Mpol_BFI30867.1	Drer_XP_068079839.1	82.0	S	0.0
Ppat_XP_024364834.1	Drer_XP_068079839.1	82.0	S	0.0
Mpol_BFI30867.1	Ggal_XP_046796055.1	82.0	S	0.0
Ppat_XP_024364834.1	Ggal_XP_046796055.1	82.0	S	0.0
Mpol_BFI30867.1	Emue_Em0001g382a	82.0	S	0.0
Ppat_XP_024364834.1	Emue_Em0001g382a	82.0	S	0.0
Mpol_BFI30867.1	Ccri_XP_005715504.1	82.0	S	0.0
Ppat_XP_024364834.1	Ccri_XP_005715504.1	82.0	S	0.0
Mpol_BFI30867.1	Ggal_XP_046796045.1	82.0	S	0.0
Ppat_XP_024364834.1	Ggal_XP_046796045.1	82.0	S	0.0
Mpol_BFI30867.1	Xtro_XP_004912140.2	82.0	S	0.0
Ppat_XP_024364834.1	Xtro_XP_004912140.2	82.0	S	0.0
Mpol_BFI30867.1	Xtro_XP_002933117.2	82.0	S	0.0
Ppat_XP_024364834.1	Xtro_XP_002933117.2	82.0	S	0.0
Mpol_BFI30867.1	Hsap_XP_047305041.1	82.0	S	0.0
Ppat_XP_024364834.1	Hsap_XP_047305041.1	82.0	S	0.0
Mpol_BFI30867.1	Blan_XP_066287392.1	82.0	S	0.0
Ppat_XP_024364834.1	Blan_XP_066287392.1	82.0	S	0.0
Mpol_BFI30867.1	Spur_XP_030850653.1	82.0	S	0.0
Ppat_XP_024364834.1	Spur_XP_030850653.1	82.0	S	0.0
Mpol_BFI30867.1	Drer_XP_068079840.1	82.0	S	0.0
Ppat_XP_024364834.1	Drer_XP_068079840.1	82.0	S	0.0
Mpol_BFI30867.1	Spur_XP_011679283.2	82.0	S	0.0
Ppat_XP_024364834.1	Spur_XP_011679283.2	82.0	S	0.0
Mpol_BFI30867.1	Ihof_Ihof_evm4s94	82.0	S	0.0
Ppat_XP_024364834.1	Ihof_Ihof_evm4s94	82.0	S	0.0
Mpol_BFI30867.1	Mbre_XP_001747855.1	82.0	S	0.0
Ppat_XP_024364834.1	Mbre_XP_001747855.1	82.0	S	0.0
Mpol_BFI30867.1	Ggal_NP_001073191.2	82.0	S	0.0
Ppat_XP_024364834.1	Ggal_NP_001073191.2	82.0	S	0.0
Mpol_BFI30867.1	Hsap_NP_694822.2	82.0	S	0.0
Ppat_XP_024364834.1	Hsap_NP_694822.2	82.0	S	0.0
Mpol_BFI30867.1	Hsap_XP_047305042.1	82.0	S	0.0
Ppat_XP_024364834.1	Hsap_XP_047305042.1	82.0	S	0.0
Mpol_BFI30867.1	Hsap_XP_047305043.1	82.0	S	0.0
Ppat_XP_024364834.1	Hsap_XP_047305043.1	82.0	S	0.0
Mpol_BFI30867.1	Cscu_XP_023239506.1	82.0	S	0.0
Ppat_XP_024364834.1	Cscu_XP_023239506.1	82.0	S	0.0
Mpol_BFI30867.1	Crei_XP_042923235.1	82.0	S	0.0
Ppat_XP_024364834.1	Crei_XP_042923235.1	82.0	S	0.0
Mpol_BFI30867.1	Hsap_NP_001248758.1	82.0	S	0.0
Ppat_XP_024364834.1	Hsap_NP_001248758.1	82.0	S	0.0
Mpol_BFI30867.1	Emue_Em0001g373a	82.0	S	0.0
Ppat_XP_024364834.1	Emue_Em0001g373a	82.0	S	0.0
Mpol_BFI30867.1	Ppur_KAA8496881.1	82.0	S	0.0
Ppat_XP_024364834.1	Ppur_KAA8496881.1	82.0	S	0.0
Mpol_BFI30867.1	Otau_XP_022839274.1	82.0	S	0.0
Ppat_XP_024364834.1	Otau_XP_022839274.1	82.0	S	0.0
Mpol_BFI30867.1	Ggal_XP_046796049.1	82.0	S	0.0
Ppat_XP_024364834.1	Ggal_XP_046796049.1	82.0	S	0.0
Mpol_BFI30867.1	Drer_NP_956631.1	82.0	S	0.0
Ppat_XP_024364834.1	Drer_NP_956631.1	82.0	S	0.0
Mpol_BFI30867.1	Ggal_NP_001384063.1	82.0	S	0.0
Ppat_XP_024364834.1	Ggal_NP_001384063.1	82.0	S	0.0
Mpol_BFI30867.1	Drer_XP_021334790.1	82.0	S	0.0
Ppat_XP_024364834.1	Drer_XP_021334790.1	82.0	S	0.0
Mpol_BFI30867.1	Lcom_lcpid21369|	82.0	S	0.0
Ppat_XP_024364834.1	Lcom_lcpid21369|	82.0	S	0.0
Mpol_BFI30867.1	Skow_XP_002733946.1	82.0	S	0.0
Ppat_XP_024364834.1	Skow_XP_002733946.1	82.0	S	0.0
Mpol_BFI30867.1	Xtro_XP_004912141.2	82.0	S	0.0
Ppat_XP_024364834.1	Xtro_XP_004912141.2	82.0	S	0.0
Mpol_BFI30867.1	Cint_XP_002131324.1	82.0	S	0.0
Ppat_XP_024364834.1	Cint_XP_002131324.1	82.0	S	0.0
Mpol_BFI30867.1	Hsap_XP_005247895.1	82.0	S	0.0
Ppat_XP_024364834.1	Hsap_XP_005247895.1	82.0	S	0.0
Mpol_BFI30867.1	Drer_XP_068079838.1	82.0	S	0.0
Ppat_XP_024364834.1	Drer_XP_068079838.1	82.0	S	0.0
Mpol_BFI30867.1	Emue_Em0001g369a	82.0	S	0.0
Ppat_XP_024364834.1	Emue_Em0001g369a	82.0	S	0.0
Mpol_BFI30867.1	Scil_XP_065177543.1	82.0	S	0.0
Ppat_XP_024364834.1	Scil_XP_065177543.1	82.0	S	0.0
Mhap_MhA1_Contig309.frz3.gene26	Mhap_MhA1_Contig933.frz3.gene11	88.0	D	1.0
Mhap_MhA1_Contig349.frz3.gene29	Mhap_MhA1_Contig349.frz3.gene23	90.0	D	1.0
Lsig_VDK85470.1	Avit_KAL3984786.1	99.0	S	0.0
Dimm_MCP9259765.1	Bmal_XP_042937138.1	91.0	S	0.0
Ovol_OVOC6383	Bmal_XP_042937138.1	91.0	S	0.0
Dimm_MCP9259765.1	Lloa_XP_003136006.1	91.0	S	0.0
Ovol_OVOC6383	Lloa_XP_003136006.1	91.0	S	0.0
Dimm_MCP9259765.1	Wban_VDM09846.1	91.0	S	0.0
Ovol_OVOC6383	Wban_VDM09846.1	91.0	S	0.0
Priarc_PARCANUS000003172.t1	Mjap_MIJAPON000007136.t1	98.0	S	0.0
Angcan_KAE9418770.1	Acey_EYC28348.1	100.0	S	0.0
Angcan_KAE9418770.1	Hcon_XGW05178.1	100.0	S	0.0
Angcan_KAE9418770.1	Acey_EYC28349.1	100.0	S	0.0
Angcan_KAE9418770.1	Hcon_XGW05180.1	100.0	S	0.0
Angcan_KAE9418770.1	Hcon_XGW05179.1	100.0	S	0.0
Angcan_KAE9418770.1	Acey_EYC28347.1	100.0	S	0.0
Angcan_KAE9418770.1	Acey_EYC28346.1	100.0	S	0.0
Cowc_XP_004345274.1	Cowc_XP_004364494.1	100.0	D	1.0
Ccri_XP_005711737.1	Ppur_KAA8494784.1	98.0	S	0.0
Mpol_BFI34703.1	Mpol_BFI34702.1	100.0	D	1.0
Smoe_XP_024528517.1	Lsat_XP_023765494.1	70.0	S	0.0
Smoe_XP_024525058.1	Lsat_XP_023765494.1	70.0	S	0.0
Ppat_XP_024385085.1	Lsat_XP_023765494.1	70.0	S	0.0
Smoe_XP_024525059.1	Lsat_XP_023765494.1	70.0	S	0.0
Smoe_XP_024528517.1	Mesc_XP_021592633.1	70.0	S	0.0
Smoe_XP_024525058.1	Mesc_XP_021592633.1	70.0	S	0.0
Ppat_XP_024385085.1	Mesc_XP_021592633.1	70.0	S	0.0
Smoe_XP_024525059.1	Mesc_XP_021592633.1	70.0	S	0.0
Smoe_XP_024528517.1	Tura_XP_048559596.1	70.0	S	0.0
Smoe_XP_024525058.1	Tura_XP_048559596.1	70.0	S	0.0
Ppat_XP_024385085.1	Tura_XP_048559596.1	70.0	S	0.0
Smoe_XP_024525059.1	Tura_XP_048559596.1	70.0	S	0.0
Smoe_XP_024528517.1	Bdis_XP_014751463.1	70.0	S	0.0
Smoe_XP_024525058.1	Bdis_XP_014751463.1	70.0	S	0.0
Ppat_XP_024385085.1	Bdis_XP_014751463.1	70.0	S	0.0
Smoe_XP_024525059.1	Bdis_XP_014751463.1	70.0	S	0.0
Smoe_XP_024528517.1	Osat_XP_015635321.1	70.0	S	0.0
Smoe_XP_024525058.1	Osat_XP_015635321.1	70.0	S	0.0
Ppat_XP_024385085.1	Osat_XP_015635321.1	70.0	S	0.0
Smoe_XP_024525059.1	Osat_XP_015635321.1	70.0	S	0.0
Smoe_XP_024528517.1	Qlob_XP_030943891.1	70.0	S	0.0
Smoe_XP_024525058.1	Qlob_XP_030943891.1	70.0	S	0.0
Ppat_XP_024385085.1	Qlob_XP_030943891.1	70.0	S	0.0
Smoe_XP_024525059.1	Qlob_XP_030943891.1	70.0	S	0.0
Smoe_XP_024528517.1	Mtru_XP_003610003.2	70.0	S	0.0
Smoe_XP_024525058.1	Mtru_XP_003610003.2	70.0	S	0.0
Ppat_XP_024385085.1	Mtru_XP_003610003.2	70.0	S	0.0
Smoe_XP_024525059.1	Mtru_XP_003610003.2	70.0	S	0.0
Smoe_XP_024528517.1	Psat_XP_050921050.1	70.0	S	0.0
Smoe_XP_024525058.1	Psat_XP_050921050.1	70.0	S	0.0
Ppat_XP_024385085.1	Psat_XP_050921050.1	70.0	S	0.0
Smoe_XP_024525059.1	Psat_XP_050921050.1	70.0	S	0.0
Smoe_XP_024528517.1	Rchi_XP_024197642.1	70.0	S	0.0
Smoe_XP_024525058.1	Rchi_XP_024197642.1	70.0	S	0.0
Ppat_XP_024385085.1	Rchi_XP_024197642.1	70.0	S	0.0
Smoe_XP_024525059.1	Rchi_XP_024197642.1	70.0	S	0.0
Smoe_XP_024528517.1	Zmay_XP_008663684.1	70.0	S	0.0
Smoe_XP_024525058.1	Zmay_XP_008663684.1	70.0	S	0.0
Ppat_XP_024385085.1	Zmay_XP_008663684.1	70.0	S	0.0
Smoe_XP_024525059.1	Zmay_XP_008663684.1	70.0	S	0.0
Smoe_XP_024528517.1	Atri_XP_006845741.2	70.0	S	0.0
Smoe_XP_024525058.1	Atri_XP_006845741.2	70.0	S	0.0
Ppat_XP_024385085.1	Atri_XP_006845741.2	70.0	S	0.0
Smoe_XP_024525059.1	Atri_XP_006845741.2	70.0	S	0.0
Smoe_XP_024528517.1	Cofcan_CDP03013.1	70.0	S	0.0
Smoe_XP_024525058.1	Cofcan_CDP03013.1	70.0	S	0.0
Ppat_XP_024385085.1	Cofcan_CDP03013.1	70.0	S	0.0
Smoe_XP_024525059.1	Cofcan_CDP03013.1	70.0	S	0.0
Mbre_XP_001748696.1	Mbre_XP_001742264.1	94.0	D	1.0
Mbre_XP_001746890.1	Mbre_XP_001750743.1	73.0	D	1.0
Mbre_XP_001749417.1	Mbre_XP_001750743.1	73.0	D	1.0
Mbre_XP_001748673.1	Mbre_XP_001750743.1	73.0	D	1.0
Mbre_XP_001746890.1	Mbre_XP_001748997.1	73.0	D	1.0
Mbre_XP_001749417.1	Mbre_XP_001748997.1	73.0	D	1.0
Mbre_XP_001748673.1	Mbre_XP_001748997.1	73.0	D	1.0
Mbre_XP_001746890.1	Mbre_XP_001746322.1	73.0	D	1.0
Mbre_XP_001749417.1	Mbre_XP_001746322.1	73.0	D	1.0
Mbre_XP_001748673.1	Mbre_XP_001746322.1	73.0	D	1.0
Mbre_XP_001746890.1	Mbre_XP_001747551.1	73.0	D	1.0
Mbre_XP_001749417.1	Mbre_XP_001747551.1	73.0	D	1.0
Mbre_XP_001748673.1	Mbre_XP_001747551.1	73.0	D	1.0
Mbre_XP_001746890.1	Mbre_XP_001747552.1	73.0	D	1.0
Mbre_XP_001749417.1	Mbre_XP_001747552.1	73.0	D	1.0
Mbre_XP_001748673.1	Mbre_XP_001747552.1	73.0	D	1.0
Lcom_lcpid201774|	Sros_XP_004991706.1	76.0	S	0.0
Lcom_lcpid201774|	Sros_XP_004987474.1	76.0	S	0.0
Lcom_lcpid201774|	Sros_XP_004998205.1	76.0	S	0.0
Lcom_lcpid201774|	Sros_XP_004996522.1	76.0	S	0.0
Lcom_lcpid201774|	Sros_XP_004989786.1	76.0	S	0.0
Lcom_lcpid201774|	Sros_XP_004989789.1	76.0	S	0.0
Lcom_lcpid201774|	Sros_XP_004993908.1	76.0	S	0.0
Lcom_lcpid201774|	Sros_XP_004996619.1	76.0	S	0.0
Lcom_lcpid201774|	Sros_XP_004988532.1	76.0	S	0.0
Lcom_lcpid201774|	Sros_XP_004989788.1	76.0	S	0.0
Lcom_lcpid201774|	Sros_XP_004998173.1	76.0	S	0.0
Lcom_lcpid201774|	Sros_XP_004988454.1	76.0	S	0.0
Avag_UJR36973.1	Rcul_nRc.2.0.1.t06925-RA	73.0	S	0.0
Agrpla_XP_018330230.1	Apimel_XP_016772682.2	85.0	S	0.0
Agrpla_XP_018330230.1	Apimel_XP_395039.6	85.0	S	0.0
Agrpla_XP_018330230.1	Dmel_NP_726923.1	85.0	S	0.0
Agrpla_XP_018330230.1	Dmel_NP_572160.1	85.0	S	0.0
Agrpla_XP_018330230.1	Btab_XP_018913484.1	85.0	S	0.0
Agrpla_XP_018330230.1	Bmor_XP_037875340.1	85.0	S	0.0
Cscu_XP_023227777.1	Emue_Em0019g1181a	80.0	S	0.0
Cscu_XP_023227777.1	Aque_XP_019864286.1	80.0	S	0.0
Cscu_XP_023227777.1	Twil_T_wilhelma_c28842_g1_i2|m.26788	80.0	S	0.0
Cint_XP_026694221.1	Ggal_NP_001026367.1	68.0	S	0.0
Cint_XP_026694220.1	Ggal_NP_001026367.1	68.0	S	0.0
Cint_XP_002119787.2	Ggal_NP_001026367.1	68.0	S	0.0
Cint_XP_026694221.1	Xtro_XP_002933911.1	68.0	S	0.0
Cint_XP_026694220.1	Xtro_XP_002933911.1	68.0	S	0.0
Cint_XP_002119787.2	Xtro_XP_002933911.1	68.0	S	0.0
Cint_XP_026694221.1	Drer_NP_001082857.1	68.0	S	0.0
Cint_XP_026694220.1	Drer_NP_001082857.1	68.0	S	0.0
Cint_XP_002119787.2	Drer_NP_001082857.1	68.0	S	0.0
Cint_XP_026694221.1	Hsap_NP_078920.2	68.0	S	0.0
Cint_XP_026694220.1	Hsap_NP_078920.2	68.0	S	0.0
Cint_XP_002119787.2	Hsap_NP_078920.2	68.0	S	0.0
Spur_XP_030854275.1	Spur_XP_030854274.1	100.0	D	1.0
Smar_SMAR009020-PA	Lpol_XP_022235071.1	56.0	S	0.0
Hrob_XP_009029903.1	Lpol_XP_022235071.1	56.0	S	0.0
Smar_SMAR009020-PA	Lana_XP_013379273.1	56.0	S	0.0
Hrob_XP_009029903.1	Lana_XP_013379273.1	56.0	S	0.0
Smar_SMAR009020-PA	Cvir_XP_022332243.1	56.0	S	0.0
Hrob_XP_009029903.1	Cvir_XP_022332243.1	56.0	S	0.0
Smar_SMAR009020-PA	Skow_XP_006811601.1	56.0	S	0.0
Hrob_XP_009029903.1	Skow_XP_006811601.1	56.0	S	0.0
Smar_SMAR009020-PA	Obim_XP_014788737.1	56.0	S	0.0
Hrob_XP_009029903.1	Obim_XP_014788737.1	56.0	S	0.0
Smar_SMAR009020-PA	Ofus_CAH1792356.1	56.0	S	0.0
Hrob_XP_009029903.1	Ofus_CAH1792356.1	56.0	S	0.0
Smar_SMAR009020-PA	Scil_XP_065184624.1	56.0	S	0.0
Hrob_XP_009029903.1	Scil_XP_065184624.1	56.0	S	0.0
Smar_SMAR009020-PA	Lcom_lcpid64997|	56.0	S	0.0
Hrob_XP_009029903.1	Lcom_lcpid64997|	56.0	S	0.0
Smar_SMAR009020-PA	Aplcal_XP_012939129.1	56.0	S	0.0
Hrob_XP_009029903.1	Aplcal_XP_012939129.1	56.0	S	0.0
Smar_SMAR009020-PA	Tadh_XP_002115372.1	56.0	S	0.0
Hrob_XP_009029903.1	Tadh_XP_002115372.1	56.0	S	0.0
Smar_SMAR009020-PA	Blan_XP_066279326.1	56.0	S	0.0
Hrob_XP_009029903.1	Blan_XP_066279326.1	56.0	S	0.0
Smar_SMAR009020-PA	Apla_XP_022096693.1	56.0	S	0.0
Hrob_XP_009029903.1	Apla_XP_022096693.1	56.0	S	0.0
Smar_SMAR009020-PA	Lpol_XP_013791333.1	56.0	S	0.0
Hrob_XP_009029903.1	Lpol_XP_013791333.1	56.0	S	0.0
Pgem_Unigene3440_Pirum_gemmata|m.2377	Sarc_XP_014156320.1	100.0	S	0.0
Awhi_Unigene15489_Abeoforma_whisleri|m.9691	Sarc_XP_014156320.1	100.0	S	0.0
Pgem_Unigene3440_Pirum_gemmata|m.2377	Cfra_CFRG2505T1	100.0	S	0.0
Awhi_Unigene15489_Abeoforma_whisleri|m.9691	Cfra_CFRG2505T1	100.0	S	0.0
Pgem_Unigene3440_Pirum_gemmata|m.2377	Ihof_Ihof_evm2s801	100.0	S	0.0
Awhi_Unigene15489_Abeoforma_whisleri|m.9691	Ihof_Ihof_evm2s801	100.0	S	0.0
Mpol_BFI30867.1	Ppat_XP_024364834.1	100.0	S	0.0
Ppur_KAA8496881.1	Ggal_NP_001384062.1	66.0	S	0.0
Ccri_XP_005715504.1	Ggal_NP_001384062.1	66.0	S	0.0
Otau_XP_022839274.1	Ggal_NP_001384062.1	66.0	S	0.0
Ppur_KAA8496881.1	Sros_XP_004989793.1	66.0	S	0.0
Ccri_XP_005715504.1	Sros_XP_004989793.1	66.0	S	0.0
Otau_XP_022839274.1	Sros_XP_004989793.1	66.0	S	0.0
Ppur_KAA8496881.1	Apla_XP_022094820.1	66.0	S	0.0
Ccri_XP_005715504.1	Apla_XP_022094820.1	66.0	S	0.0
Otau_XP_022839274.1	Apla_XP_022094820.1	66.0	S	0.0
Ppur_KAA8496881.1	Blan_XP_066287399.1	66.0	S	0.0
Ccri_XP_005715504.1	Blan_XP_066287399.1	66.0	S	0.0
Otau_XP_022839274.1	Blan_XP_066287399.1	66.0	S	0.0
Ppur_KAA8496881.1	Drer_XP_068079837.1	66.0	S	0.0
Ccri_XP_005715504.1	Drer_XP_068079837.1	66.0	S	0.0
Otau_XP_022839274.1	Drer_XP_068079837.1	66.0	S	0.0
Ppur_KAA8496881.1	Hsap_NP_116167.3	66.0	S	0.0
Ccri_XP_005715504.1	Hsap_NP_116167.3	66.0	S	0.0
Otau_XP_022839274.1	Hsap_NP_116167.3	66.0	S	0.0
Ppur_KAA8496881.1	Hsap_NP_001035998.1	66.0	S	0.0
Ccri_XP_005715504.1	Hsap_NP_001035998.1	66.0	S	0.0
Otau_XP_022839274.1	Hsap_NP_001035998.1	66.0	S	0.0
Ppur_KAA8496881.1	Ggal_XP_046796040.1	66.0	S	0.0
Ccri_XP_005715504.1	Ggal_XP_046796040.1	66.0	S	0.0
Otau_XP_022839274.1	Ggal_XP_046796040.1	66.0	S	0.0
Ppur_KAA8496881.1	Drer_XP_021334791.1	66.0	S	0.0
Ccri_XP_005715504.1	Drer_XP_021334791.1	66.0	S	0.0
Otau_XP_022839274.1	Drer_XP_021334791.1	66.0	S	0.0
Ppur_KAA8496881.1	Xtro_XP_004912139.2	66.0	S	0.0
Ccri_XP_005715504.1	Xtro_XP_004912139.2	66.0	S	0.0
Otau_XP_022839274.1	Xtro_XP_004912139.2	66.0	S	0.0
Ppur_KAA8496881.1	Drer_XP_068079839.1	66.0	S	0.0
Ccri_XP_005715504.1	Drer_XP_068079839.1	66.0	S	0.0
Otau_XP_022839274.1	Drer_XP_068079839.1	66.0	S	0.0
Ppur_KAA8496881.1	Ggal_XP_046796055.1	66.0	S	0.0
Ccri_XP_005715504.1	Ggal_XP_046796055.1	66.0	S	0.0
Otau_XP_022839274.1	Ggal_XP_046796055.1	66.0	S	0.0
Ppur_KAA8496881.1	Emue_Em0001g382a	66.0	S	0.0
Ccri_XP_005715504.1	Emue_Em0001g382a	66.0	S	0.0
Otau_XP_022839274.1	Emue_Em0001g382a	66.0	S	0.0
Ppur_KAA8496881.1	Xtro_XP_004912140.2	66.0	S	0.0
Ccri_XP_005715504.1	Xtro_XP_004912140.2	66.0	S	0.0
Otau_XP_022839274.1	Xtro_XP_004912140.2	66.0	S	0.0
Ppur_KAA8496881.1	Ggal_XP_046796045.1	66.0	S	0.0
Ccri_XP_005715504.1	Ggal_XP_046796045.1	66.0	S	0.0
Otau_XP_022839274.1	Ggal_XP_046796045.1	66.0	S	0.0
Ppur_KAA8496881.1	Xtro_XP_002933117.2	66.0	S	0.0
Ccri_XP_005715504.1	Xtro_XP_002933117.2	66.0	S	0.0
Otau_XP_022839274.1	Xtro_XP_002933117.2	66.0	S	0.0
Ppur_KAA8496881.1	Hsap_XP_047305041.1	66.0	S	0.0
Ccri_XP_005715504.1	Hsap_XP_047305041.1	66.0	S	0.0
Otau_XP_022839274.1	Hsap_XP_047305041.1	66.0	S	0.0
Ppur_KAA8496881.1	Blan_XP_066287392.1	66.0	S	0.0
Ccri_XP_005715504.1	Blan_XP_066287392.1	66.0	S	0.0
Otau_XP_022839274.1	Blan_XP_066287392.1	66.0	S	0.0
Ppur_KAA8496881.1	Spur_XP_030850653.1	66.0	S	0.0
Ccri_XP_005715504.1	Spur_XP_030850653.1	66.0	S	0.0
Otau_XP_022839274.1	Spur_XP_030850653.1	66.0	S	0.0
Ppur_KAA8496881.1	Drer_XP_068079840.1	66.0	S	0.0
Ccri_XP_005715504.1	Drer_XP_068079840.1	66.0	S	0.0
Otau_XP_022839274.1	Drer_XP_068079840.1	66.0	S	0.0
Ppur_KAA8496881.1	Spur_XP_011679283.2	66.0	S	0.0
Ccri_XP_005715504.1	Spur_XP_011679283.2	66.0	S	0.0
Otau_XP_022839274.1	Spur_XP_011679283.2	66.0	S	0.0
Ppur_KAA8496881.1	Ihof_Ihof_evm4s94	66.0	S	0.0
Ccri_XP_005715504.1	Ihof_Ihof_evm4s94	66.0	S	0.0
Otau_XP_022839274.1	Ihof_Ihof_evm4s94	66.0	S	0.0
Ppur_KAA8496881.1	Mbre_XP_001747855.1	66.0	S	0.0
Ccri_XP_005715504.1	Mbre_XP_001747855.1	66.0	S	0.0
Otau_XP_022839274.1	Mbre_XP_001747855.1	66.0	S	0.0
Ppur_KAA8496881.1	Ggal_NP_001073191.2	66.0	S	0.0
Ccri_XP_005715504.1	Ggal_NP_001073191.2	66.0	S	0.0
Otau_XP_022839274.1	Ggal_NP_001073191.2	66.0	S	0.0
Ppur_KAA8496881.1	Hsap_NP_694822.2	66.0	S	0.0
Ccri_XP_005715504.1	Hsap_NP_694822.2	66.0	S	0.0
Otau_XP_022839274.1	Hsap_NP_694822.2	66.0	S	0.0
Ppur_KAA8496881.1	Hsap_XP_047305042.1	66.0	S	0.0
Ccri_XP_005715504.1	Hsap_XP_047305042.1	66.0	S	0.0
Otau_XP_022839274.1	Hsap_XP_047305042.1	66.0	S	0.0
Ppur_KAA8496881.1	Hsap_XP_047305043.1	66.0	S	0.0
Ccri_XP_005715504.1	Hsap_XP_047305043.1	66.0	S	0.0
Otau_XP_022839274.1	Hsap_XP_047305043.1	66.0	S	0.0
Ppur_KAA8496881.1	Cscu_XP_023239506.1	66.0	S	0.0
Ccri_XP_005715504.1	Cscu_XP_023239506.1	66.0	S	0.0
Otau_XP_022839274.1	Cscu_XP_023239506.1	66.0	S	0.0
Ppur_KAA8496881.1	Crei_XP_042923235.1	66.0	S	0.0
Ccri_XP_005715504.1	Crei_XP_042923235.1	66.0	S	0.0
Otau_XP_022839274.1	Crei_XP_042923235.1	66.0	S	0.0
Ppur_KAA8496881.1	Hsap_NP_001248758.1	66.0	S	0.0
Ccri_XP_005715504.1	Hsap_NP_001248758.1	66.0	S	0.0
Otau_XP_022839274.1	Hsap_NP_001248758.1	66.0	S	0.0
Ppur_KAA8496881.1	Emue_Em0001g373a	66.0	S	0.0
Ccri_XP_005715504.1	Emue_Em0001g373a	66.0	S	0.0
Otau_XP_022839274.1	Emue_Em0001g373a	66.0	S	0.0
Ppur_KAA8496881.1	Ggal_XP_046796049.1	66.0	S	0.0
Ccri_XP_005715504.1	Ggal_XP_046796049.1	66.0	S	0.0
Otau_XP_022839274.1	Ggal_XP_046796049.1	66.0	S	0.0
Ppur_KAA8496881.1	Drer_NP_956631.1	66.0	S	0.0
Ccri_XP_005715504.1	Drer_NP_956631.1	66.0	S	0.0
Otau_XP_022839274.1	Drer_NP_956631.1	66.0	S	0.0
Ppur_KAA8496881.1	Ggal_NP_001384063.1	66.0	S	0.0
Ccri_XP_005715504.1	Ggal_NP_001384063.1	66.0	S	0.0
Otau_XP_022839274.1	Ggal_NP_001384063.1	66.0	S	0.0
Ppur_KAA8496881.1	Drer_XP_021334790.1	66.0	S	0.0
Ccri_XP_005715504.1	Drer_XP_021334790.1	66.0	S	0.0
Otau_XP_022839274.1	Drer_XP_021334790.1	66.0	S	0.0
Ppur_KAA8496881.1	Lcom_lcpid21369|	66.0	S	0.0
Ccri_XP_005715504.1	Lcom_lcpid21369|	66.0	S	0.0
Otau_XP_022839274.1	Lcom_lcpid21369|	66.0	S	0.0
Ppur_KAA8496881.1	Skow_XP_002733946.1	66.0	S	0.0
Ccri_XP_005715504.1	Skow_XP_002733946.1	66.0	S	0.0
Otau_XP_022839274.1	Skow_XP_002733946.1	66.0	S	0.0
Ppur_KAA8496881.1	Xtro_XP_004912141.2	66.0	S	0.0
Ccri_XP_005715504.1	Xtro_XP_004912141.2	66.0	S	0.0
Otau_XP_022839274.1	Xtro_XP_004912141.2	66.0	S	0.0
Ppur_KAA8496881.1	Cint_XP_002131324.1	66.0	S	0.0
Ccri_XP_005715504.1	Cint_XP_002131324.1	66.0	S	0.0
Otau_XP_022839274.1	Cint_XP_002131324.1	66.0	S	0.0
Ppur_KAA8496881.1	Hsap_XP_005247895.1	66.0	S	0.0
Ccri_XP_005715504.1	Hsap_XP_005247895.1	66.0	S	0.0
Otau_XP_022839274.1	Hsap_XP_005247895.1	66.0	S	0.0
Ppur_KAA8496881.1	Drer_XP_068079838.1	66.0	S	0.0
Ccri_XP_005715504.1	Drer_XP_068079838.1	66.0	S	0.0
Otau_XP_022839274.1	Drer_XP_068079838.1	66.0	S	0.0
Ppur_KAA8496881.1	Emue_Em0001g369a	66.0	S	0.0
Ccri_XP_005715504.1	Emue_Em0001g369a	66.0	S	0.0
Otau_XP_022839274.1	Emue_Em0001g369a	66.0	S	0.0
Ppur_KAA8496881.1	Scil_XP_065177543.1	66.0	S	0.0
Ccri_XP_005715504.1	Scil_XP_065177543.1	66.0	S	0.0
Otau_XP_022839274.1	Scil_XP_065177543.1	66.0	S	0.0
Ovol_OVOC6383	Dimm_MCP9259765.1	99.0	S	0.0
Lloa_XP_003136006.1	Bmal_XP_042937138.1	92.0	S	0.0
Lloa_XP_003136006.1	Wban_VDM09846.1	92.0	S	0.0
Hcon_XGW05178.1	Acey_EYC28349.1	98.0	S	0.0
Hcon_XGW05179.1	Acey_EYC28349.1	98.0	S	0.0
Hcon_XGW05180.1	Acey_EYC28349.1	98.0	S	0.0
Hcon_XGW05178.1	Acey_EYC28347.1	98.0	S	0.0
Hcon_XGW05179.1	Acey_EYC28347.1	98.0	S	0.0
Hcon_XGW05180.1	Acey_EYC28347.1	98.0	S	0.0
Hcon_XGW05178.1	Acey_EYC28346.1	98.0	S	0.0
Hcon_XGW05179.1	Acey_EYC28346.1	98.0	S	0.0
Hcon_XGW05180.1	Acey_EYC28346.1	98.0	S	0.0
Hcon_XGW05178.1	Acey_EYC28348.1	98.0	S	0.0
Hcon_XGW05179.1	Acey_EYC28348.1	98.0	S	0.0
Hcon_XGW05180.1	Acey_EYC28348.1	98.0	S	0.0
Ppat_XP_024385085.1	Smoe_XP_024528517.1	72.0	S	0.0
Ppat_XP_024385085.1	Smoe_XP_024525058.1	72.0	S	0.0
Ppat_XP_024385085.1	Smoe_XP_024525059.1	72.0	S	0.0
Osat_XP_015635321.1	Lsat_XP_023765494.1	99.0	S	0.0
Tura_XP_048559596.1	Lsat_XP_023765494.1	99.0	S	0.0
Bdis_XP_014751463.1	Lsat_XP_023765494.1	99.0	S	0.0
Zmay_XP_008663684.1	Lsat_XP_023765494.1	99.0	S	0.0
Osat_XP_015635321.1	Mesc_XP_021592633.1	99.0	S	0.0
Tura_XP_048559596.1	Mesc_XP_021592633.1	99.0	S	0.0
Bdis_XP_014751463.1	Mesc_XP_021592633.1	99.0	S	0.0
Zmay_XP_008663684.1	Mesc_XP_021592633.1	99.0	S	0.0
Osat_XP_015635321.1	Qlob_XP_030943891.1	99.0	S	0.0
Tura_XP_048559596.1	Qlob_XP_030943891.1	99.0	S	0.0
Bdis_XP_014751463.1	Qlob_XP_030943891.1	99.0	S	0.0
Zmay_XP_008663684.1	Qlob_XP_030943891.1	99.0	S	0.0
Osat_XP_015635321.1	Mtru_XP_003610003.2	99.0	S	0.0
Tura_XP_048559596.1	Mtru_XP_003610003.2	99.0	S	0.0
Bdis_XP_014751463.1	Mtru_XP_003610003.2	99.0	S	0.0
Zmay_XP_008663684.1	Mtru_XP_003610003.2	99.0	S	0.0
Osat_XP_015635321.1	Psat_XP_050921050.1	99.0	S	0.0
Tura_XP_048559596.1	Psat_XP_050921050.1	99.0	S	0.0
Bdis_XP_014751463.1	Psat_XP_050921050.1	99.0	S	0.0
Zmay_XP_008663684.1	Psat_XP_050921050.1	99.0	S	0.0
Osat_XP_015635321.1	Rchi_XP_024197642.1	99.0	S	0.0
Tura_XP_048559596.1	Rchi_XP_024197642.1	99.0	S	0.0
Bdis_XP_014751463.1	Rchi_XP_024197642.1	99.0	S	0.0
Zmay_XP_008663684.1	Rchi_XP_024197642.1	99.0	S	0.0
Osat_XP_015635321.1	Atri_XP_006845741.2	99.0	S	0.0
Tura_XP_048559596.1	Atri_XP_006845741.2	99.0	S	0.0
Bdis_XP_014751463.1	Atri_XP_006845741.2	99.0	S	0.0
Zmay_XP_008663684.1	Atri_XP_006845741.2	99.0	S	0.0
Osat_XP_015635321.1	Cofcan_CDP03013.1	99.0	S	0.0
Tura_XP_048559596.1	Cofcan_CDP03013.1	99.0	S	0.0
Bdis_XP_014751463.1	Cofcan_CDP03013.1	99.0	S	0.0
Zmay_XP_008663684.1	Cofcan_CDP03013.1	99.0	S	0.0
Mbre_XP_001746890.1	Mbre_XP_001749417.1	100.0	D	1.0
Mbre_XP_001746890.1	Mbre_XP_001748673.1	100.0	D	1.0
Mbre_XP_001747551.1	Mbre_XP_001748997.1	100.0	D	1.0
Mbre_XP_001747552.1	Mbre_XP_001748997.1	100.0	D	1.0
Mbre_XP_001747551.1	Mbre_XP_001746322.1	100.0	D	1.0
Mbre_XP_001747552.1	Mbre_XP_001746322.1	100.0	D	1.0
Mbre_XP_001747551.1	Mbre_XP_001750743.1	100.0	D	1.0
Mbre_XP_001747552.1	Mbre_XP_001750743.1	100.0	D	1.0
Sros_XP_004996522.1	Sros_XP_004991706.1	96.0	D	1.0
Sros_XP_004996522.1	Sros_XP_004987474.1	96.0	D	1.0
Sros_XP_004996522.1	Sros_XP_004998205.1	96.0	D	1.0
Sros_XP_004996522.1	Sros_XP_004989786.1	96.0	D	1.0
Sros_XP_004996522.1	Sros_XP_004989789.1	96.0	D	1.0
Sros_XP_004996522.1	Sros_XP_004993908.1	96.0	D	1.0
Sros_XP_004996522.1	Sros_XP_004996619.1	96.0	D	1.0
Sros_XP_004996522.1	Sros_XP_004988532.1	96.0	D	1.0
Sros_XP_004996522.1	Sros_XP_004989788.1	96.0	D	1.0
Sros_XP_004996522.1	Sros_XP_004998173.1	96.0	D	1.0
Sros_XP_004996522.1	Sros_XP_004988454.1	96.0	D	1.0
Apimel_XP_016772682.2	Btab_XP_018913484.1	89.0	S	0.0
Apimel_XP_395039.6	Btab_XP_018913484.1	89.0	S	0.0
Apimel_XP_016772682.2	Dmel_NP_726923.1	89.0	S	0.0
Apimel_XP_395039.6	Dmel_NP_726923.1	89.0	S	0.0
Apimel_XP_016772682.2	Dmel_NP_572160.1	89.0	S	0.0
Apimel_XP_395039.6	Dmel_NP_572160.1	89.0	S	0.0
Apimel_XP_016772682.2	Bmor_XP_037875340.1	89.0	S	0.0
Apimel_XP_395039.6	Bmor_XP_037875340.1	89.0	S	0.0
Emue_Em0019g1181a	Aque_XP_019864286.1	91.0	S	0.0
Emue_Em0019g1181a	Twil_T_wilhelma_c28842_g1_i2|m.26788	91.0	S	0.0
Cint_XP_002119787.2	Cint_XP_026694221.1	100.0	D	1.0
Cint_XP_002119787.2	Cint_XP_026694220.1	100.0	D	1.0
Xtro_XP_002933911.1	Ggal_NP_001026367.1	100.0	S	0.0
Drer_NP_001082857.1	Ggal_NP_001026367.1	100.0	S	0.0
Xtro_XP_002933911.1	Hsap_NP_078920.2	100.0	S	0.0
Drer_NP_001082857.1	Hsap_NP_078920.2	100.0	S	0.0
Smar_SMAR009020-PA	Hrob_XP_009029903.1	75.0	S	0.0
Lcom_lcpid64997|	Lpol_XP_022235071.1	49.0	S	0.0
Scil_XP_065184624.1	Lpol_XP_022235071.1	49.0	S	0.0
Tadh_XP_002115372.1	Lpol_XP_022235071.1	49.0	S	0.0
Lcom_lcpid64997|	Lana_XP_013379273.1	49.0	S	0.0
Scil_XP_065184624.1	Lana_XP_013379273.1	49.0	S	0.0
Tadh_XP_002115372.1	Lana_XP_013379273.1	49.0	S	0.0
Lcom_lcpid64997|	Cvir_XP_022332243.1	49.0	S	0.0
Scil_XP_065184624.1	Cvir_XP_022332243.1	49.0	S	0.0
Tadh_XP_002115372.1	Cvir_XP_022332243.1	49.0	S	0.0
Lcom_lcpid64997|	Skow_XP_006811601.1	49.0	S	0.0
Scil_XP_065184624.1	Skow_XP_006811601.1	49.0	S	0.0
Tadh_XP_002115372.1	Skow_XP_006811601.1	49.0	S	0.0
Lcom_lcpid64997|	Obim_XP_014788737.1	49.0	S	0.0
Scil_XP_065184624.1	Obim_XP_014788737.1	49.0	S	0.0
Tadh_XP_002115372.1	Obim_XP_014788737.1	49.0	S	0.0
Lcom_lcpid64997|	Ofus_CAH1792356.1	49.0	S	0.0
Scil_XP_065184624.1	Ofus_CAH1792356.1	49.0	S	0.0
Tadh_XP_002115372.1	Ofus_CAH1792356.1	49.0	S	0.0
Lcom_lcpid64997|	Aplcal_XP_012939129.1	49.0	S	0.0
Scil_XP_065184624.1	Aplcal_XP_012939129.1	49.0	S	0.0
Tadh_XP_002115372.1	Aplcal_XP_012939129.1	49.0	S	0.0
Lcom_lcpid64997|	Blan_XP_066279326.1	49.0	S	0.0
Scil_XP_065184624.1	Blan_XP_066279326.1	49.0	S	0.0
Tadh_XP_002115372.1	Blan_XP_066279326.1	49.0	S	0.0
Lcom_lcpid64997|	Apla_XP_022096693.1	49.0	S	0.0
Scil_XP_065184624.1	Apla_XP_022096693.1	49.0	S	0.0
Tadh_XP_002115372.1	Apla_XP_022096693.1	49.0	S	0.0
Lcom_lcpid64997|	Lpol_XP_013791333.1	49.0	S	0.0
Scil_XP_065184624.1	Lpol_XP_013791333.1	49.0	S	0.0
Tadh_XP_002115372.1	Lpol_XP_013791333.1	49.0	S	0.0
Pgem_Unigene3440_Pirum_gemmata|m.2377	Awhi_Unigene15489_Abeoforma_whisleri|m.9691	100.0	S	0.0
Ihof_Ihof_evm2s801	Sarc_XP_014156320.1	96.0	S	0.0
Ihof_Ihof_evm2s801	Cfra_CFRG2505T1	96.0	S	0.0
Ppur_KAA8496881.1	Ccri_XP_005715504.1	89.0	S	0.0
Ppur_KAA8496881.1	Otau_XP_022839274.1	89.0	S	0.0
Ihof_Ihof_evm4s94	Ggal_NP_001384062.1	100.0	S	0.0
Ihof_Ihof_evm4s94	Sros_XP_004989793.1	100.0	S	0.0
Ihof_Ihof_evm4s94	Apla_XP_022094820.1	100.0	S	0.0
Ihof_Ihof_evm4s94	Blan_XP_066287399.1	100.0	S	0.0
Ihof_Ihof_evm4s94	Drer_XP_068079837.1	100.0	S	0.0
Ihof_Ihof_evm4s94	Hsap_NP_116167.3	100.0	S	0.0
Ihof_Ihof_evm4s94	Hsap_NP_001035998.1	100.0	S	0.0
Ihof_Ihof_evm4s94	Ggal_XP_046796040.1	100.0	S	0.0
Ihof_Ihof_evm4s94	Drer_XP_021334791.1	100.0	S	0.0
Ihof_Ihof_evm4s94	Xtro_XP_004912139.2	100.0	S	0.0
Ihof_Ihof_evm4s94	Drer_XP_068079839.1	100.0	S	0.0
Ihof_Ihof_evm4s94	Ggal_XP_046796055.1	100.0	S	0.0
Ihof_Ihof_evm4s94	Emue_Em0001g382a	100.0	S	0.0
Ihof_Ihof_evm4s94	Xtro_XP_004912140.2	100.0	S	0.0
Ihof_Ihof_evm4s94	Ggal_XP_046796045.1	100.0	S	0.0
Ihof_Ihof_evm4s94	Xtro_XP_002933117.2	100.0	S	0.0
Ihof_Ihof_evm4s94	Hsap_XP_047305041.1	100.0	S	0.0
Ihof_Ihof_evm4s94	Blan_XP_066287392.1	100.0	S	0.0
Ihof_Ihof_evm4s94	Spur_XP_030850653.1	100.0	S	0.0
Ihof_Ihof_evm4s94	Drer_XP_068079840.1	100.0	S	0.0
Ihof_Ihof_evm4s94	Spur_XP_011679283.2	100.0	S	0.0
Ihof_Ihof_evm4s94	Mbre_XP_001747855.1	100.0	S	0.0
Ihof_Ihof_evm4s94	Ggal_NP_001073191.2	100.0	S	0.0
Ihof_Ihof_evm4s94	Hsap_NP_694822.2	100.0	S	0.0
Ihof_Ihof_evm4s94	Hsap_XP_047305042.1	100.0	S	0.0
Ihof_Ihof_evm4s94	Hsap_XP_047305043.1	100.0	S	0.0
Ihof_Ihof_evm4s94	Cscu_XP_023239506.1	100.0	S	0.0
Ihof_Ihof_evm4s94	Crei_XP_042923235.1	100.0	S	0.0
Ihof_Ihof_evm4s94	Hsap_NP_001248758.1	100.0	S	0.0
Ihof_Ihof_evm4s94	Emue_Em0001g373a	100.0	S	0.0
Ihof_Ihof_evm4s94	Ggal_XP_046796049.1	100.0	S	0.0
Ihof_Ihof_evm4s94	Drer_NP_956631.1	100.0	S	0.0
Ihof_Ihof_evm4s94	Ggal_NP_001384063.1	100.0	S	0.0
Ihof_Ihof_evm4s94	Drer_XP_021334790.1	100.0	S	0.0
Ihof_Ihof_evm4s94	Lcom_lcpid21369|	100.0	S	0.0
Ihof_Ihof_evm4s94	Skow_XP_002733946.1	100.0	S	0.0
Ihof_Ihof_evm4s94	Xtro_XP_004912141.2	100.0	S	0.0
Ihof_Ihof_evm4s94	Cint_XP_002131324.1	100.0	S	0.0
Ihof_Ihof_evm4s94	Hsap_XP_005247895.1	100.0	S	0.0
Ihof_Ihof_evm4s94	Drer_XP_068079838.1	100.0	S	0.0
Ihof_Ihof_evm4s94	Emue_Em0001g369a	100.0	S	0.0
Ihof_Ihof_evm4s94	Scil_XP_065177543.1	100.0	S	0.0
Bmal_XP_042937138.1	Wban_VDM09846.1	100.0	S	0.0
Hcon_XGW05178.1	Hcon_XGW05180.1	100.0	D	1.0
Hcon_XGW05178.1	Hcon_XGW05179.1	100.0	D	1.0
Acey_EYC28347.1	Acey_EYC28349.1	100.0	D	1.0
Acey_EYC28347.1	Acey_EYC28346.1	100.0	D	1.0
Acey_EYC28347.1	Acey_EYC28348.1	100.0	D	1.0
Smoe_XP_024528517.1	Smoe_XP_024525059.1	100.0	D	1.0
Smoe_XP_024528517.1	Smoe_XP_024525058.1	100.0	D	1.0
Tura_XP_048559596.1	Osat_XP_015635321.1	100.0	S	0.0
Bdis_XP_014751463.1	Osat_XP_015635321.1	100.0	S	0.0
Tura_XP_048559596.1	Zmay_XP_008663684.1	100.0	S	0.0
Bdis_XP_014751463.1	Zmay_XP_008663684.1	100.0	S	0.0
Atri_XP_006845741.2	Lsat_XP_023765494.1	99.0	S	0.0
Atri_XP_006845741.2	Mesc_XP_021592633.1	99.0	S	0.0
Atri_XP_006845741.2	Qlob_XP_030943891.1	99.0	S	0.0
Atri_XP_006845741.2	Mtru_XP_003610003.2	99.0	S	0.0
Atri_XP_006845741.2	Psat_XP_050921050.1	99.0	S	0.0
Atri_XP_006845741.2	Rchi_XP_024197642.1	99.0	S	0.0
Atri_XP_006845741.2	Cofcan_CDP03013.1	99.0	S	0.0
Mbre_XP_001749417.1	Mbre_XP_001748673.1	100.0	D	1.0
Mbre_XP_001747552.1	Mbre_XP_001747551.1	100.0	D	1.0
Mbre_XP_001750743.1	Mbre_XP_001748997.1	100.0	D	1.0
Mbre_XP_001750743.1	Mbre_XP_001746322.1	100.0	D	1.0
Sros_XP_004988454.1	Sros_XP_004991706.1	96.0	D	1.0
Sros_XP_004996619.1	Sros_XP_004991706.1	96.0	D	1.0
Sros_XP_004988454.1	Sros_XP_004987474.1	96.0	D	1.0
Sros_XP_004996619.1	Sros_XP_004987474.1	96.0	D	1.0
Sros_XP_004988454.1	Sros_XP_004998205.1	96.0	D	1.0
Sros_XP_004996619.1	Sros_XP_004998205.1	96.0	D	1.0
Sros_XP_004988454.1	Sros_XP_004989786.1	96.0	D	1.0
Sros_XP_004996619.1	Sros_XP_004989786.1	96.0	D	1.0
Sros_XP_004988454.1	Sros_XP_004989789.1	96.0	D	1.0
Sros_XP_004996619.1	Sros_XP_004989789.1	96.0	D	1.0
Sros_XP_004988454.1	Sros_XP_004993908.1	96.0	D	1.0
Sros_XP_004996619.1	Sros_XP_004993908.1	96.0	D	1.0
Sros_XP_004988454.1	Sros_XP_004988532.1	96.0	D	1.0
Sros_XP_004996619.1	Sros_XP_004988532.1	96.0	D	1.0
Sros_XP_004988454.1	Sros_XP_004989788.1	96.0	D	1.0
Sros_XP_004996619.1	Sros_XP_004989788.1	96.0	D	1.0
Sros_XP_004988454.1	Sros_XP_004998173.1	96.0	D	1.0
Sros_XP_004996619.1	Sros_XP_004998173.1	96.0	D	1.0
Apimel_XP_016772682.2	Apimel_XP_395039.6	100.0	D	1.0
Btab_XP_018913484.1	Dmel_NP_572160.1	87.0	S	0.0
Bmor_XP_037875340.1	Dmel_NP_572160.1	87.0	S	0.0
Btab_XP_018913484.1	Dmel_NP_726923.1	87.0	S	0.0
Bmor_XP_037875340.1	Dmel_NP_726923.1	87.0	S	0.0
Twil_T_wilhelma_c28842_g1_i2|m.26788	Aque_XP_019864286.1	71.0	S	0.0
Cint_XP_026694221.1	Cint_XP_026694220.1	1.0	D	1.0
Drer_NP_001082857.1	Xtro_XP_002933911.1	65.0	S	0.0
Ggal_NP_001026367.1	Hsap_NP_078920.2	100.0	S	0.0
Tadh_XP_002115372.1	Lcom_lcpid64997|	32.0	S	0.0
Tadh_XP_002115372.1	Scil_XP_065184624.1	32.0	S	0.0
Lpol_XP_022235071.1	Lana_XP_013379273.1	18.0	S	0.0
Lpol_XP_013791333.1	Lana_XP_013379273.1	18.0	S	0.0
Lpol_XP_022235071.1	Cvir_XP_022332243.1	18.0	S	0.0
Lpol_XP_013791333.1	Cvir_XP_022332243.1	18.0	S	0.0
Lpol_XP_022235071.1	Skow_XP_006811601.1	18.0	S	0.0
Lpol_XP_013791333.1	Skow_XP_006811601.1	18.0	S	0.0
Lpol_XP_022235071.1	Obim_XP_014788737.1	18.0	S	0.0
Lpol_XP_013791333.1	Obim_XP_014788737.1	18.0	S	0.0
Lpol_XP_022235071.1	Ofus_CAH1792356.1	18.0	S	0.0
Lpol_XP_013791333.1	Ofus_CAH1792356.1	18.0	S	0.0
Lpol_XP_022235071.1	Aplcal_XP_012939129.1	18.0	S	0.0
Lpol_XP_013791333.1	Aplcal_XP_012939129.1	18.0	S	0.0
Lpol_XP_022235071.1	Blan_XP_066279326.1	18.0	S	0.0
Lpol_XP_013791333.1	Blan_XP_066279326.1	18.0	S	0.0
Lpol_XP_022235071.1	Apla_XP_022096693.1	18.0	S	0.0
Lpol_XP_013791333.1	Apla_XP_022096693.1	18.0	S	0.0
Cfra_CFRG2505T1	Sarc_XP_014156320.1	100.0	S	0.0
Ccri_XP_005715504.1	Otau_XP_022839274.1	95.0	S	0.0
Crei_XP_042923235.1	Ggal_NP_001384062.1	100.0	S	0.0
Crei_XP_042923235.1	Sros_XP_004989793.1	100.0	S	0.0
Crei_XP_042923235.1	Apla_XP_022094820.1	100.0	S	0.0
Crei_XP_042923235.1	Blan_XP_066287399.1	100.0	S	0.0
Crei_XP_042923235.1	Drer_XP_068079837.1	100.0	S	0.0
Crei_XP_042923235.1	Hsap_NP_116167.3	100.0	S	0.0
Crei_XP_042923235.1	Hsap_NP_001035998.1	100.0	S	0.0
Crei_XP_042923235.1	Ggal_XP_046796040.1	100.0	S	0.0
Crei_XP_042923235.1	Drer_XP_021334791.1	100.0	S	0.0
Crei_XP_042923235.1	Xtro_XP_004912139.2	100.0	S	0.0
Crei_XP_042923235.1	Drer_XP_068079839.1	100.0	S	0.0
Crei_XP_042923235.1	Ggal_XP_046796055.1	100.0	S	0.0
Crei_XP_042923235.1	Emue_Em0001g382a	100.0	S	0.0
Crei_XP_042923235.1	Xtro_XP_004912140.2	100.0	S	0.0
Crei_XP_042923235.1	Ggal_XP_046796045.1	100.0	S	0.0
Crei_XP_042923235.1	Xtro_XP_002933117.2	100.0	S	0.0
Crei_XP_042923235.1	Hsap_XP_047305041.1	100.0	S	0.0
Crei_XP_042923235.1	Blan_XP_066287392.1	100.0	S	0.0
Crei_XP_042923235.1	Spur_XP_030850653.1	100.0	S	0.0
Crei_XP_042923235.1	Drer_XP_068079840.1	100.0	S	0.0
Crei_XP_042923235.1	Spur_XP_011679283.2	100.0	S	0.0
Crei_XP_042923235.1	Mbre_XP_001747855.1	100.0	S	0.0
Crei_XP_042923235.1	Ggal_NP_001073191.2	100.0	S	0.0
Crei_XP_042923235.1	Hsap_NP_694822.2	100.0	S	0.0
Crei_XP_042923235.1	Hsap_XP_047305042.1	100.0	S	0.0
Crei_XP_042923235.1	Hsap_XP_047305043.1	100.0	S	0.0
Crei_XP_042923235.1	Cscu_XP_023239506.1	100.0	S	0.0
Crei_XP_042923235.1	Emue_Em0001g373a	100.0	S	0.0
Crei_XP_042923235.1	Hsap_NP_001248758.1	100.0	S	0.0
Crei_XP_042923235.1	Ggal_XP_046796049.1	100.0	S	0.0
Crei_XP_042923235.1	Drer_NP_956631.1	100.0	S	0.0
Crei_XP_042923235.1	Ggal_NP_001384063.1	100.0	S	0.0
Crei_XP_042923235.1	Drer_XP_021334790.1	100.0	S	0.0
Crei_XP_042923235.1	Lcom_lcpid21369|	100.0	S	0.0
Crei_XP_042923235.1	Skow_XP_002733946.1	100.0	S	0.0
Crei_XP_042923235.1	Xtro_XP_004912141.2	100.0	S	0.0
Crei_XP_042923235.1	Cint_XP_002131324.1	100.0	S	0.0
Crei_XP_042923235.1	Hsap_XP_005247895.1	100.0	S	0.0
Crei_XP_042923235.1	Drer_XP_068079838.1	100.0	S	0.0
Crei_XP_042923235.1	Emue_Em0001g369a	100.0	S	0.0
Crei_XP_042923235.1	Scil_XP_065177543.1	100.0	S	0.0
Hcon_XGW05179.1	Hcon_XGW05180.1	61.0	D	1.0
Acey_EYC28348.1	Acey_EYC28349.1	1.0	D	1.0
Acey_EYC28348.1	Acey_EYC28346.1	1.0	D	1.0
Smoe_XP_024525058.1	Smoe_XP_024525059.1	100.0	D	1.0
Bdis_XP_014751463.1	Tura_XP_048559596.1	97.0	S	0.0
Osat_XP_015635321.1	Zmay_XP_008663684.1	92.0	S	0.0
Lsat_XP_023765494.1	Mesc_XP_021592633.1	100.0	S	0.0
Cofcan_CDP03013.1	Mesc_XP_021592633.1	100.0	S	0.0
Lsat_XP_023765494.1	Qlob_XP_030943891.1	100.0	S	0.0
Cofcan_CDP03013.1	Qlob_XP_030943891.1	100.0	S	0.0
Lsat_XP_023765494.1	Mtru_XP_003610003.2	100.0	S	0.0
Cofcan_CDP03013.1	Mtru_XP_003610003.2	100.0	S	0.0
Lsat_XP_023765494.1	Psat_XP_050921050.1	100.0	S	0.0
Cofcan_CDP03013.1	Psat_XP_050921050.1	100.0	S	0.0
Lsat_XP_023765494.1	Rchi_XP_024197642.1	100.0	S	0.0
Cofcan_CDP03013.1	Rchi_XP_024197642.1	100.0	S	0.0
Mbre_XP_001748997.1	Mbre_XP_001746322.1	100.0	D	1.0
Sros_XP_004996619.1	Sros_XP_004988454.1	95.0	D	1.0
Sros_XP_004987474.1	Sros_XP_004989786.1	100.0	D	1.0
Sros_XP_004991706.1	Sros_XP_004989786.1	100.0	D	1.0
Sros_XP_004987474.1	Sros_XP_004998205.1	100.0	D	1.0
Sros_XP_004991706.1	Sros_XP_004998205.1	100.0	D	1.0
Sros_XP_004987474.1	Sros_XP_004989789.1	100.0	D	1.0
Sros_XP_004991706.1	Sros_XP_004989789.1	100.0	D	1.0
Sros_XP_004987474.1	Sros_XP_004993908.1	100.0	D	1.0
Sros_XP_004991706.1	Sros_XP_004993908.1	100.0	D	1.0
Sros_XP_004987474.1	Sros_XP_004988532.1	100.0	D	1.0
Sros_XP_004991706.1	Sros_XP_004988532.1	100.0	D	1.0
Sros_XP_004987474.1	Sros_XP_004989788.1	100.0	D	1.0
Sros_XP_004991706.1	Sros_XP_004989788.1	100.0	D	1.0
Sros_XP_004987474.1	Sros_XP_004998173.1	100.0	D	1.0
Sros_XP_004991706.1	Sros_XP_004998173.1	100.0	D	1.0
Btab_XP_018913484.1	Bmor_XP_037875340.1	100.0	S	0.0
Dmel_NP_572160.1	Dmel_NP_726923.1	100.0	D	1.0
Scil_XP_065184624.1	Lcom_lcpid64997|	100.0	S	0.0
Lpol_XP_022235071.1	Lpol_XP_013791333.1	100.0	D	1.0
Apla_XP_022096693.1	Lana_XP_013379273.1	21.0	S	0.0
Skow_XP_006811601.1	Lana_XP_013379273.1	21.0	S	0.0
Apla_XP_022096693.1	Cvir_XP_022332243.1	21.0	S	0.0
Skow_XP_006811601.1	Cvir_XP_022332243.1	21.0	S	0.0
Apla_XP_022096693.1	Obim_XP_014788737.1	21.0	S	0.0
Skow_XP_006811601.1	Obim_XP_014788737.1	21.0	S	0.0
Apla_XP_022096693.1	Ofus_CAH1792356.1	21.0	S	0.0
Skow_XP_006811601.1	Ofus_CAH1792356.1	21.0	S	0.0
Apla_XP_022096693.1	Aplcal_XP_012939129.1	21.0	S	0.0
Skow_XP_006811601.1	Aplcal_XP_012939129.1	21.0	S	0.0
Apla_XP_022096693.1	Blan_XP_066279326.1	21.0	S	0.0
Skow_XP_006811601.1	Blan_XP_066279326.1	21.0	S	0.0
Mbre_XP_001747855.1	Ggal_NP_001384062.1	77.0	S	0.0
Sros_XP_004989793.1	Ggal_NP_001384062.1	77.0	S	0.0
Mbre_XP_001747855.1	Apla_XP_022094820.1	77.0	S	0.0
Sros_XP_004989793.1	Apla_XP_022094820.1	77.0	S	0.0
Mbre_XP_001747855.1	Blan_XP_066287399.1	77.0	S	0.0
Sros_XP_004989793.1	Blan_XP_066287399.1	77.0	S	0.0
Mbre_XP_001747855.1	Drer_XP_068079837.1	77.0	S	0.0
Sros_XP_004989793.1	Drer_XP_068079837.1	77.0	S	0.0
Mbre_XP_001747855.1	Hsap_NP_116167.3	77.0	S	0.0
Sros_XP_004989793.1	Hsap_NP_116167.3	77.0	S	0.0
Mbre_XP_001747855.1	Hsap_NP_001035998.1	77.0	S	0.0
Sros_XP_004989793.1	Hsap_NP_001035998.1	77.0	S	0.0
Mbre_XP_001747855.1	Ggal_XP_046796040.1	77.0	S	0.0
Sros_XP_004989793.1	Ggal_XP_046796040.1	77.0	S	0.0
Mbre_XP_001747855.1	Drer_XP_021334791.1	77.0	S	0.0
Sros_XP_004989793.1	Drer_XP_021334791.1	77.0	S	0.0
Mbre_XP_001747855.1	Xtro_XP_004912139.2	77.0	S	0.0
Sros_XP_004989793.1	Xtro_XP_004912139.2	77.0	S	0.0
Mbre_XP_001747855.1	Drer_XP_068079839.1	77.0	S	0.0
Sros_XP_004989793.1	Drer_XP_068079839.1	77.0	S	0.0
Mbre_XP_001747855.1	Ggal_XP_046796055.1	77.0	S	0.0
Sros_XP_004989793.1	Ggal_XP_046796055.1	77.0	S	0.0
Mbre_XP_001747855.1	Emue_Em0001g382a	77.0	S	0.0
Sros_XP_004989793.1	Emue_Em0001g382a	77.0	S	0.0
Mbre_XP_001747855.1	Xtro_XP_004912140.2	77.0	S	0.0
Sros_XP_004989793.1	Xtro_XP_004912140.2	77.0	S	0.0
Mbre_XP_001747855.1	Ggal_XP_046796045.1	77.0	S	0.0
Sros_XP_004989793.1	Ggal_XP_046796045.1	77.0	S	0.0
Mbre_XP_001747855.1	Xtro_XP_002933117.2	77.0	S	0.0
Sros_XP_004989793.1	Xtro_XP_002933117.2	77.0	S	0.0
Mbre_XP_001747855.1	Hsap_XP_047305041.1	77.0	S	0.0
Sros_XP_004989793.1	Hsap_XP_047305041.1	77.0	S	0.0
Mbre_XP_001747855.1	Blan_XP_066287392.1	77.0	S	0.0
Sros_XP_004989793.1	Blan_XP_066287392.1	77.0	S	0.0
Mbre_XP_001747855.1	Spur_XP_030850653.1	77.0	S	0.0
Sros_XP_004989793.1	Spur_XP_030850653.1	77.0	S	0.0
Mbre_XP_001747855.1	Drer_XP_068079840.1	77.0	S	0.0
Sros_XP_004989793.1	Drer_XP_068079840.1	77.0	S	0.0
Mbre_XP_001747855.1	Spur_XP_011679283.2	77.0	S	0.0
Sros_XP_004989793.1	Spur_XP_011679283.2	77.0	S	0.0
Mbre_XP_001747855.1	Ggal_NP_001073191.2	77.0	S	0.0
Sros_XP_004989793.1	Ggal_NP_001073191.2	77.0	S	0.0
Mbre_XP_001747855.1	Hsap_NP_694822.2	77.0	S	0.0
Sros_XP_004989793.1	Hsap_NP_694822.2	77.0	S	0.0
Mbre_XP_001747855.1	Hsap_XP_047305042.1	77.0	S	0.0
Sros_XP_004989793.1	Hsap_XP_047305042.1	77.0	S	0.0
Mbre_XP_001747855.1	Hsap_XP_047305043.1	77.0	S	0.0
Sros_XP_004989793.1	Hsap_XP_047305043.1	77.0	S	0.0
Mbre_XP_001747855.1	Cscu_XP_023239506.1	77.0	S	0.0
Sros_XP_004989793.1	Cscu_XP_023239506.1	77.0	S	0.0
Mbre_XP_001747855.1	Emue_Em0001g373a	77.0	S	0.0
Sros_XP_004989793.1	Emue_Em0001g373a	77.0	S	0.0
Mbre_XP_001747855.1	Hsap_NP_001248758.1	77.0	S	0.0
Sros_XP_004989793.1	Hsap_NP_001248758.1	77.0	S	0.0
Mbre_XP_001747855.1	Ggal_XP_046796049.1	77.0	S	0.0
Sros_XP_004989793.1	Ggal_XP_046796049.1	77.0	S	0.0
Mbre_XP_001747855.1	Drer_NP_956631.1	77.0	S	0.0
Sros_XP_004989793.1	Drer_NP_956631.1	77.0	S	0.0
Mbre_XP_001747855.1	Ggal_NP_001384063.1	77.0	S	0.0
Sros_XP_004989793.1	Ggal_NP_001384063.1	77.0	S	0.0
Mbre_XP_001747855.1	Drer_XP_021334790.1	77.0	S	0.0
Sros_XP_004989793.1	Drer_XP_021334790.1	77.0	S	0.0
Mbre_XP_001747855.1	Lcom_lcpid21369|	77.0	S	0.0
Sros_XP_004989793.1	Lcom_lcpid21369|	77.0	S	0.0
Mbre_XP_001747855.1	Skow_XP_002733946.1	77.0	S	0.0
Sros_XP_004989793.1	Skow_XP_002733946.1	77.0	S	0.0
Mbre_XP_001747855.1	Xtro_XP_004912141.2	77.0	S	0.0
Sros_XP_004989793.1	Xtro_XP_004912141.2	77.0	S	0.0
Mbre_XP_001747855.1	Cint_XP_002131324.1	77.0	S	0.0
Sros_XP_004989793.1	Cint_XP_002131324.1	77.0	S	0.0
Mbre_XP_001747855.1	Hsap_XP_005247895.1	77.0	S	0.0
Sros_XP_004989793.1	Hsap_XP_005247895.1	77.0	S	0.0
Mbre_XP_001747855.1	Drer_XP_068079838.1	77.0	S	0.0
Sros_XP_004989793.1	Drer_XP_068079838.1	77.0	S	0.0
Mbre_XP_001747855.1	Emue_Em0001g369a	77.0	S	0.0
Sros_XP_004989793.1	Emue_Em0001g369a	77.0	S	0.0
Mbre_XP_001747855.1	Scil_XP_065177543.1	77.0	S	0.0
Sros_XP_004989793.1	Scil_XP_065177543.1	77.0	S	0.0
Acey_EYC28349.1	Acey_EYC28346.1	1.0	D	1.0
Cofcan_CDP03013.1	Lsat_XP_023765494.1	100.0	S	0.0
Mtru_XP_003610003.2	Rchi_XP_024197642.1	100.0	S	0.0
Psat_XP_050921050.1	Rchi_XP_024197642.1	100.0	S	0.0
Mtru_XP_003610003.2	Qlob_XP_030943891.1	100.0	S	0.0
Psat_XP_050921050.1	Qlob_XP_030943891.1	100.0	S	0.0
Mtru_XP_003610003.2	Mesc_XP_021592633.1	100.0	S	0.0
Psat_XP_050921050.1	Mesc_XP_021592633.1	100.0	S	0.0
Sros_XP_004987474.1	Sros_XP_004991706.1	100.0	D	1.0
Sros_XP_004988532.1	Sros_XP_004989786.1	100.0	D	1.0
Sros_XP_004988532.1	Sros_XP_004998205.1	100.0	D	1.0
Sros_XP_004988532.1	Sros_XP_004989789.1	100.0	D	1.0
Sros_XP_004988532.1	Sros_XP_004993908.1	100.0	D	1.0
Sros_XP_004988532.1	Sros_XP_004989788.1	100.0	D	1.0
Sros_XP_004988532.1	Sros_XP_004998173.1	100.0	D	1.0
Apla_XP_022096693.1	Skow_XP_006811601.1	28.0	S	0.0
Blan_XP_066279326.1	Cvir_XP_022332243.1	23.0	S	0.0
Blan_XP_066279326.1	Lana_XP_013379273.1	23.0	S	0.0
Blan_XP_066279326.1	Obim_XP_014788737.1	23.0	S	0.0
Blan_XP_066279326.1	Ofus_CAH1792356.1	23.0	S	0.0
Blan_XP_066279326.1	Aplcal_XP_012939129.1	23.0	S	0.0
Sros_XP_004989793.1	Mbre_XP_001747855.1	97.0	S	0.0
Lcom_lcpid21369|	Ggal_NP_001384062.1	99.0	S	0.0
Scil_XP_065177543.1	Ggal_NP_001384062.1	99.0	S	0.0
Lcom_lcpid21369|	Apla_XP_022094820.1	99.0	S	0.0
Scil_XP_065177543.1	Apla_XP_022094820.1	99.0	S	0.0
Lcom_lcpid21369|	Blan_XP_066287399.1	99.0	S	0.0
Scil_XP_065177543.1	Blan_XP_066287399.1	99.0	S	0.0
Lcom_lcpid21369|	Drer_XP_068079837.1	99.0	S	0.0
Scil_XP_065177543.1	Drer_XP_068079837.1	99.0	S	0.0
Lcom_lcpid21369|	Hsap_NP_116167.3	99.0	S	0.0
Scil_XP_065177543.1	Hsap_NP_116167.3	99.0	S	0.0
Lcom_lcpid21369|	Hsap_NP_001035998.1	99.0	S	0.0
Scil_XP_065177543.1	Hsap_NP_001035998.1	99.0	S	0.0
Lcom_lcpid21369|	Ggal_XP_046796040.1	99.0	S	0.0
Scil_XP_065177543.1	Ggal_XP_046796040.1	99.0	S	0.0
Lcom_lcpid21369|	Drer_XP_021334791.1	99.0	S	0.0
Scil_XP_065177543.1	Drer_XP_021334791.1	99.0	S	0.0
Lcom_lcpid21369|	Xtro_XP_004912139.2	99.0	S	0.0
Scil_XP_065177543.1	Xtro_XP_004912139.2	99.0	S	0.0
Lcom_lcpid21369|	Drer_XP_068079839.1	99.0	S	0.0
Scil_XP_065177543.1	Drer_XP_068079839.1	99.0	S	0.0
Lcom_lcpid21369|	Ggal_XP_046796055.1	99.0	S	0.0
Scil_XP_065177543.1	Ggal_XP_046796055.1	99.0	S	0.0
Lcom_lcpid21369|	Emue_Em0001g382a	99.0	S	0.0
Scil_XP_065177543.1	Emue_Em0001g382a	99.0	S	0.0
Lcom_lcpid21369|	Xtro_XP_004912140.2	99.0	S	0.0
Scil_XP_065177543.1	Xtro_XP_004912140.2	99.0	S	0.0
Lcom_lcpid21369|	Ggal_XP_046796045.1	99.0	S	0.0
Scil_XP_065177543.1	Ggal_XP_046796045.1	99.0	S	0.0
Lcom_lcpid21369|	Xtro_XP_002933117.2	99.0	S	0.0
Scil_XP_065177543.1	Xtro_XP_002933117.2	99.0	S	0.0
Lcom_lcpid21369|	Hsap_XP_047305041.1	99.0	S	0.0
Scil_XP_065177543.1	Hsap_XP_047305041.1	99.0	S	0.0
Lcom_lcpid21369|	Blan_XP_066287392.1	99.0	S	0.0
Scil_XP_065177543.1	Blan_XP_066287392.1	99.0	S	0.0
Lcom_lcpid21369|	Spur_XP_030850653.1	99.0	S	0.0
Scil_XP_065177543.1	Spur_XP_030850653.1	99.0	S	0.0
Lcom_lcpid21369|	Drer_XP_068079840.1	99.0	S	0.0
Scil_XP_065177543.1	Drer_XP_068079840.1	99.0	S	0.0
Lcom_lcpid21369|	Spur_XP_011679283.2	99.0	S	0.0
Scil_XP_065177543.1	Spur_XP_011679283.2	99.0	S	0.0
Lcom_lcpid21369|	Ggal_NP_001073191.2	99.0	S	0.0
Scil_XP_065177543.1	Ggal_NP_001073191.2	99.0	S	0.0
Lcom_lcpid21369|	Hsap_NP_694822.2	99.0	S	0.0
Scil_XP_065177543.1	Hsap_NP_694822.2	99.0	S	0.0
Lcom_lcpid21369|	Hsap_XP_047305042.1	99.0	S	0.0
Scil_XP_065177543.1	Hsap_XP_047305042.1	99.0	S	0.0
Lcom_lcpid21369|	Hsap_XP_047305043.1	99.0	S	0.0
Scil_XP_065177543.1	Hsap_XP_047305043.1	99.0	S	0.0
Lcom_lcpid21369|	Cscu_XP_023239506.1	99.0	S	0.0
Scil_XP_065177543.1	Cscu_XP_023239506.1	99.0	S	0.0
Lcom_lcpid21369|	Emue_Em0001g373a	99.0	S	0.0
Scil_XP_065177543.1	Emue_Em0001g373a	99.0	S	0.0
Lcom_lcpid21369|	Hsap_NP_001248758.1	99.0	S	0.0
Scil_XP_065177543.1	Hsap_NP_001248758.1	99.0	S	0.0
Lcom_lcpid21369|	Ggal_XP_046796049.1	99.0	S	0.0
Scil_XP_065177543.1	Ggal_XP_046796049.1	99.0	S	0.0
Lcom_lcpid21369|	Drer_NP_956631.1	99.0	S	0.0
Scil_XP_065177543.1	Drer_NP_956631.1	99.0	S	0.0
Lcom_lcpid21369|	Ggal_NP_001384063.1	99.0	S	0.0
Scil_XP_065177543.1	Ggal_NP_001384063.1	99.0	S	0.0
Lcom_lcpid21369|	Drer_XP_021334790.1	99.0	S	0.0
Scil_XP_065177543.1	Drer_XP_021334790.1	99.0	S	0.0
Lcom_lcpid21369|	Skow_XP_002733946.1	99.0	S	0.0
Scil_XP_065177543.1	Skow_XP_002733946.1	99.0	S	0.0
Lcom_lcpid21369|	Xtro_XP_004912141.2	99.0	S	0.0
Scil_XP_065177543.1	Xtro_XP_004912141.2	99.0	S	0.0
Lcom_lcpid21369|	Cint_XP_002131324.1	99.0	S	0.0
Scil_XP_065177543.1	Cint_XP_002131324.1	99.0	S	0.0
Lcom_lcpid21369|	Hsap_XP_005247895.1	99.0	S	0.0
Scil_XP_065177543.1	Hsap_XP_005247895.1	99.0	S	0.0
Lcom_lcpid21369|	Drer_XP_068079838.1	99.0	S	0.0
Scil_XP_065177543.1	Drer_XP_068079838.1	99.0	S	0.0
Lcom_lcpid21369|	Emue_Em0001g369a	99.0	S	0.0
Scil_XP_065177543.1	Emue_Em0001g369a	99.0	S	0.0
Psat_XP_050921050.1	Mtru_XP_003610003.2	100.0	S	0.0
Rchi_XP_024197642.1	Qlob_XP_030943891.1	100.0	S	0.0
Rchi_XP_024197642.1	Mesc_XP_021592633.1	100.0	S	0.0
Sros_XP_004998205.1	Sros_XP_004989788.1	100.0	D	1.0
Sros_XP_004993908.1	Sros_XP_004989788.1	100.0	D	1.0
Sros_XP_004998173.1	Sros_XP_004989788.1	100.0	D	1.0
Sros_XP_004998205.1	Sros_XP_004989786.1	100.0	D	1.0
Sros_XP_004993908.1	Sros_XP_004989786.1	100.0	D	1.0
Sros_XP_004998173.1	Sros_XP_004989786.1	100.0	D	1.0
Sros_XP_004998205.1	Sros_XP_004989789.1	100.0	D	1.0
Sros_XP_004993908.1	Sros_XP_004989789.1	100.0	D	1.0
Sros_XP_004998173.1	Sros_XP_004989789.1	100.0	D	1.0
Lana_XP_013379273.1	Cvir_XP_022332243.1	100.0	S	0.0
Obim_XP_014788737.1	Cvir_XP_022332243.1	100.0	S	0.0
Lana_XP_013379273.1	Aplcal_XP_012939129.1	100.0	S	0.0
Obim_XP_014788737.1	Aplcal_XP_012939129.1	100.0	S	0.0
Lana_XP_013379273.1	Ofus_CAH1792356.1	100.0	S	0.0
Obim_XP_014788737.1	Ofus_CAH1792356.1	100.0	S	0.0
Scil_XP_065177543.1	Lcom_lcpid21369|	100.0	S	0.0
Cscu_XP_023239506.1	Ggal_NP_001384062.1	97.0	S	0.0
Cscu_XP_023239506.1	Apla_XP_022094820.1	97.0	S	0.0
Cscu_XP_023239506.1	Blan_XP_066287399.1	97.0	S	0.0
Cscu_XP_023239506.1	Drer_XP_068079837.1	97.0	S	0.0
Cscu_XP_023239506.1	Hsap_NP_116167.3	97.0	S	0.0
Cscu_XP_023239506.1	Hsap_NP_001035998.1	97.0	S	0.0
Cscu_XP_023239506.1	Ggal_XP_046796040.1	97.0	S	0.0
Cscu_XP_023239506.1	Drer_XP_021334791.1	97.0	S	0.0
Cscu_XP_023239506.1	Xtro_XP_004912139.2	97.0	S	0.0
Cscu_XP_023239506.1	Drer_XP_068079839.1	97.0	S	0.0
Cscu_XP_023239506.1	Ggal_XP_046796055.1	97.0	S	0.0
Cscu_XP_023239506.1	Emue_Em0001g382a	97.0	S	0.0
Cscu_XP_023239506.1	Xtro_XP_004912140.2	97.0	S	0.0
Cscu_XP_023239506.1	Ggal_XP_046796045.1	97.0	S	0.0
Cscu_XP_023239506.1	Xtro_XP_002933117.2	97.0	S	0.0
Cscu_XP_023239506.1	Hsap_XP_047305041.1	97.0	S	0.0
Cscu_XP_023239506.1	Blan_XP_066287392.1	97.0	S	0.0
Cscu_XP_023239506.1	Spur_XP_030850653.1	97.0	S	0.0
Cscu_XP_023239506.1	Drer_XP_068079840.1	97.0	S	0.0
Cscu_XP_023239506.1	Spur_XP_011679283.2	97.0	S	0.0
Cscu_XP_023239506.1	Ggal_NP_001073191.2	97.0	S	0.0
Cscu_XP_023239506.1	Hsap_NP_694822.2	97.0	S	0.0
Cscu_XP_023239506.1	Hsap_XP_047305042.1	97.0	S	0.0
Cscu_XP_023239506.1	Hsap_XP_047305043.1	97.0	S	0.0
Cscu_XP_023239506.1	Emue_Em0001g373a	97.0	S	0.0
Cscu_XP_023239506.1	Hsap_NP_001248758.1	97.0	S	0.0
Cscu_XP_023239506.1	Ggal_XP_046796049.1	97.0	S	0.0
Cscu_XP_023239506.1	Drer_NP_956631.1	97.0	S	0.0
Cscu_XP_023239506.1	Ggal_NP_001384063.1	97.0	S	0.0
Cscu_XP_023239506.1	Drer_XP_021334790.1	97.0	S	0.0
Cscu_XP_023239506.1	Skow_XP_002733946.1	97.0	S	0.0
Cscu_XP_023239506.1	Xtro_XP_004912141.2	97.0	S	0.0
Cscu_XP_023239506.1	Cint_XP_002131324.1	97.0	S	0.0
Cscu_XP_023239506.1	Hsap_XP_005247895.1	97.0	S	0.0
Cscu_XP_023239506.1	Drer_XP_068079838.1	97.0	S	0.0
Cscu_XP_023239506.1	Emue_Em0001g369a	97.0	S	0.0
Qlob_XP_030943891.1	Mesc_XP_021592633.1	99.0	S	0.0
Sros_XP_004993908.1	Sros_XP_004998205.1	100.0	D	1.0
Sros_XP_004993908.1	Sros_XP_004998173.1	100.0	D	1.0
Sros_XP_004989786.1	Sros_XP_004989788.1	100.0	D	1.0
Sros_XP_004989786.1	Sros_XP_004989789.1	100.0	D	1.0
Lana_XP_013379273.1	Obim_XP_014788737.1	92.0	S	0.0
Ofus_CAH1792356.1	Cvir_XP_022332243.1	99.0	S	0.0
Ofus_CAH1792356.1	Aplcal_XP_012939129.1	99.0	S	0.0
Blan_XP_066287392.1	Ggal_NP_001384062.1	98.0	S	0.0
Apla_XP_022094820.1	Ggal_NP_001384062.1	98.0	S	0.0
Blan_XP_066287399.1	Ggal_NP_001384062.1	98.0	S	0.0
Blan_XP_066287392.1	Drer_XP_068079837.1	98.0	S	0.0
Apla_XP_022094820.1	Drer_XP_068079837.1	98.0	S	0.0
Blan_XP_066287399.1	Drer_XP_068079837.1	98.0	S	0.0
Blan_XP_066287392.1	Hsap_NP_116167.3	98.0	S	0.0
Apla_XP_022094820.1	Hsap_NP_116167.3	98.0	S	0.0
Blan_XP_066287399.1	Hsap_NP_116167.3	98.0	S	0.0
Blan_XP_066287392.1	Hsap_NP_001035998.1	98.0	S	0.0
Apla_XP_022094820.1	Hsap_NP_001035998.1	98.0	S	0.0
Blan_XP_066287399.1	Hsap_NP_001035998.1	98.0	S	0.0
Blan_XP_066287392.1	Ggal_XP_046796040.1	98.0	S	0.0
Apla_XP_022094820.1	Ggal_XP_046796040.1	98.0	S	0.0
Blan_XP_066287399.1	Ggal_XP_046796040.1	98.0	S	0.0
Blan_XP_066287392.1	Drer_XP_021334791.1	98.0	S	0.0
Apla_XP_022094820.1	Drer_XP_021334791.1	98.0	S	0.0
Blan_XP_066287399.1	Drer_XP_021334791.1	98.0	S	0.0
Blan_XP_066287392.1	Xtro_XP_004912139.2	98.0	S	0.0
Apla_XP_022094820.1	Xtro_XP_004912139.2	98.0	S	0.0
Blan_XP_066287399.1	Xtro_XP_004912139.2	98.0	S	0.0
Blan_XP_066287392.1	Drer_XP_068079839.1	98.0	S	0.0
Apla_XP_022094820.1	Drer_XP_068079839.1	98.0	S	0.0
Blan_XP_066287399.1	Drer_XP_068079839.1	98.0	S	0.0
Blan_XP_066287392.1	Ggal_XP_046796055.1	98.0	S	0.0
Apla_XP_022094820.1	Ggal_XP_046796055.1	98.0	S	0.0
Blan_XP_066287399.1	Ggal_XP_046796055.1	98.0	S	0.0
Blan_XP_066287392.1	Emue_Em0001g382a	98.0	S	0.0
Apla_XP_022094820.1	Emue_Em0001g382a	98.0	S	0.0
Blan_XP_066287399.1	Emue_Em0001g382a	98.0	S	0.0
Blan_XP_066287392.1	Xtro_XP_004912140.2	98.0	S	0.0
Apla_XP_022094820.1	Xtro_XP_004912140.2	98.0	S	0.0
Blan_XP_066287399.1	Xtro_XP_004912140.2	98.0	S	0.0
Blan_XP_066287392.1	Ggal_XP_046796045.1	98.0	S	0.0
Apla_XP_022094820.1	Ggal_XP_046796045.1	98.0	S	0.0
Blan_XP_066287399.1	Ggal_XP_046796045.1	98.0	S	0.0
Blan_XP_066287392.1	Xtro_XP_002933117.2	98.0	S	0.0
Apla_XP_022094820.1	Xtro_XP_002933117.2	98.0	S	0.0
Blan_XP_066287399.1	Xtro_XP_002933117.2	98.0	S	0.0
Blan_XP_066287392.1	Hsap_XP_047305041.1	98.0	S	0.0
Apla_XP_022094820.1	Hsap_XP_047305041.1	98.0	S	0.0
Blan_XP_066287399.1	Hsap_XP_047305041.1	98.0	S	0.0
Blan_XP_066287392.1	Drer_XP_068079840.1	98.0	S	0.0
Apla_XP_022094820.1	Drer_XP_068079840.1	98.0	S	0.0
Blan_XP_066287399.1	Drer_XP_068079840.1	98.0	S	0.0
Blan_XP_066287392.1	Spur_XP_030850653.1	98.0	S	0.0
Apla_XP_022094820.1	Spur_XP_030850653.1	98.0	S	0.0
Blan_XP_066287399.1	Spur_XP_030850653.1	98.0	S	0.0
Blan_XP_066287392.1	Spur_XP_011679283.2	98.0	S	0.0
Apla_XP_022094820.1	Spur_XP_011679283.2	98.0	S	0.0
Blan_XP_066287399.1	Spur_XP_011679283.2	98.0	S	0.0
Blan_XP_066287392.1	Ggal_NP_001073191.2	98.0	S	0.0
Apla_XP_022094820.1	Ggal_NP_001073191.2	98.0	S	0.0
Blan_XP_066287399.1	Ggal_NP_001073191.2	98.0	S	0.0
Blan_XP_066287392.1	Hsap_NP_694822.2	98.0	S	0.0
Apla_XP_022094820.1	Hsap_NP_694822.2	98.0	S	0.0
Blan_XP_066287399.1	Hsap_NP_694822.2	98.0	S	0.0
Blan_XP_066287392.1	Hsap_XP_047305042.1	98.0	S	0.0
Apla_XP_022094820.1	Hsap_XP_047305042.1	98.0	S	0.0
Blan_XP_066287399.1	Hsap_XP_047305042.1	98.0	S	0.0
Blan_XP_066287392.1	Hsap_XP_047305043.1	98.0	S	0.0
Apla_XP_022094820.1	Hsap_XP_047305043.1	98.0	S	0.0
Blan_XP_066287399.1	Hsap_XP_047305043.1	98.0	S	0.0
Blan_XP_066287392.1	Emue_Em0001g373a	98.0	S	0.0
Apla_XP_022094820.1	Emue_Em0001g373a	98.0	S	0.0
Blan_XP_066287399.1	Emue_Em0001g373a	98.0	S	0.0
Blan_XP_066287392.1	Hsap_NP_001248758.1	98.0	S	0.0
Apla_XP_022094820.1	Hsap_NP_001248758.1	98.0	S	0.0
Blan_XP_066287399.1	Hsap_NP_001248758.1	98.0	S	0.0
Blan_XP_066287392.1	Ggal_XP_046796049.1	98.0	S	0.0
Apla_XP_022094820.1	Ggal_XP_046796049.1	98.0	S	0.0
Blan_XP_066287399.1	Ggal_XP_046796049.1	98.0	S	0.0
Blan_XP_066287392.1	Drer_NP_956631.1	98.0	S	0.0
Apla_XP_022094820.1	Drer_NP_956631.1	98.0	S	0.0
Blan_XP_066287399.1	Drer_NP_956631.1	98.0	S	0.0
Blan_XP_066287392.1	Ggal_NP_001384063.1	98.0	S	0.0
Apla_XP_022094820.1	Ggal_NP_001384063.1	98.0	S	0.0
Blan_XP_066287399.1	Ggal_NP_001384063.1	98.0	S	0.0
Blan_XP_066287392.1	Drer_XP_021334790.1	98.0	S	0.0
Apla_XP_022094820.1	Drer_XP_021334790.1	98.0	S	0.0
Blan_XP_066287399.1	Drer_XP_021334790.1	98.0	S	0.0
Blan_XP_066287392.1	Skow_XP_002733946.1	98.0	S	0.0
Apla_XP_022094820.1	Skow_XP_002733946.1	98.0	S	0.0
Blan_XP_066287399.1	Skow_XP_002733946.1	98.0	S	0.0
Blan_XP_066287392.1	Xtro_XP_004912141.2	98.0	S	0.0
Apla_XP_022094820.1	Xtro_XP_004912141.2	98.0	S	0.0
Blan_XP_066287399.1	Xtro_XP_004912141.2	98.0	S	0.0
Blan_XP_066287392.1	Cint_XP_002131324.1	98.0	S	0.0
Apla_XP_022094820.1	Cint_XP_002131324.1	98.0	S	0.0
Blan_XP_066287399.1	Cint_XP_002131324.1	98.0	S	0.0
Blan_XP_066287392.1	Hsap_XP_005247895.1	98.0	S	0.0
Apla_XP_022094820.1	Hsap_XP_005247895.1	98.0	S	0.0
Blan_XP_066287399.1	Hsap_XP_005247895.1	98.0	S	0.0
Blan_XP_066287392.1	Drer_XP_068079838.1	98.0	S	0.0
Apla_XP_022094820.1	Drer_XP_068079838.1	98.0	S	0.0
Blan_XP_066287399.1	Drer_XP_068079838.1	98.0	S	0.0
Blan_XP_066287392.1	Emue_Em0001g369a	98.0	S	0.0
Apla_XP_022094820.1	Emue_Em0001g369a	98.0	S	0.0
Blan_XP_066287399.1	Emue_Em0001g369a	98.0	S	0.0
Sros_XP_004998173.1	Sros_XP_004998205.1	100.0	D	1.0
Sros_XP_004989789.1	Sros_XP_004989788.1	100.0	D	1.0
Cvir_XP_022332243.1	Aplcal_XP_012939129.1	100.0	S	0.0
Apla_XP_022094820.1	Blan_XP_066287392.1	97.0	S	0.0
Apla_XP_022094820.1	Blan_XP_066287399.1	97.0	S	0.0
Cint_XP_002131324.1	Ggal_NP_001384062.1	98.0	S	0.0
Spur_XP_030850653.1	Ggal_NP_001384062.1	98.0	S	0.0
Spur_XP_011679283.2	Ggal_NP_001384062.1	98.0	S	0.0
Cint_XP_002131324.1	Drer_XP_068079837.1	98.0	S	0.0
Spur_XP_030850653.1	Drer_XP_068079837.1	98.0	S	0.0
Spur_XP_011679283.2	Drer_XP_068079837.1	98.0	S	0.0
Cint_XP_002131324.1	Hsap_NP_116167.3	98.0	S	0.0
Spur_XP_030850653.1	Hsap_NP_116167.3	98.0	S	0.0
Spur_XP_011679283.2	Hsap_NP_116167.3	98.0	S	0.0
Cint_XP_002131324.1	Hsap_NP_001035998.1	98.0	S	0.0
Spur_XP_030850653.1	Hsap_NP_001035998.1	98.0	S	0.0
Spur_XP_011679283.2	Hsap_NP_001035998.1	98.0	S	0.0
Cint_XP_002131324.1	Ggal_XP_046796040.1	98.0	S	0.0
Spur_XP_030850653.1	Ggal_XP_046796040.1	98.0	S	0.0
Spur_XP_011679283.2	Ggal_XP_046796040.1	98.0	S	0.0
Cint_XP_002131324.1	Drer_XP_021334791.1	98.0	S	0.0
Spur_XP_030850653.1	Drer_XP_021334791.1	98.0	S	0.0
Spur_XP_011679283.2	Drer_XP_021334791.1	98.0	S	0.0
Cint_XP_002131324.1	Xtro_XP_004912139.2	98.0	S	0.0
Spur_XP_030850653.1	Xtro_XP_004912139.2	98.0	S	0.0
Spur_XP_011679283.2	Xtro_XP_004912139.2	98.0	S	0.0
Cint_XP_002131324.1	Drer_XP_068079839.1	98.0	S	0.0
Spur_XP_030850653.1	Drer_XP_068079839.1	98.0	S	0.0
Spur_XP_011679283.2	Drer_XP_068079839.1	98.0	S	0.0
Cint_XP_002131324.1	Ggal_XP_046796055.1	98.0	S	0.0
Spur_XP_030850653.1	Ggal_XP_046796055.1	98.0	S	0.0
Spur_XP_011679283.2	Ggal_XP_046796055.1	98.0	S	0.0
Cint_XP_002131324.1	Emue_Em0001g382a	98.0	S	0.0
Spur_XP_030850653.1	Emue_Em0001g382a	98.0	S	0.0
Spur_XP_011679283.2	Emue_Em0001g382a	98.0	S	0.0
Cint_XP_002131324.1	Xtro_XP_004912140.2	98.0	S	0.0
Spur_XP_030850653.1	Xtro_XP_004912140.2	98.0	S	0.0
Spur_XP_011679283.2	Xtro_XP_004912140.2	98.0	S	0.0
Cint_XP_002131324.1	Ggal_XP_046796045.1	98.0	S	0.0
Spur_XP_030850653.1	Ggal_XP_046796045.1	98.0	S	0.0
Spur_XP_011679283.2	Ggal_XP_046796045.1	98.0	S	0.0
Cint_XP_002131324.1	Xtro_XP_002933117.2	98.0	S	0.0
Spur_XP_030850653.1	Xtro_XP_002933117.2	98.0	S	0.0
Spur_XP_011679283.2	Xtro_XP_002933117.2	98.0	S	0.0
Cint_XP_002131324.1	Hsap_XP_047305041.1	98.0	S	0.0
Spur_XP_030850653.1	Hsap_XP_047305041.1	98.0	S	0.0
Spur_XP_011679283.2	Hsap_XP_047305041.1	98.0	S	0.0
Cint_XP_002131324.1	Drer_XP_068079840.1	98.0	S	0.0
Spur_XP_030850653.1	Drer_XP_068079840.1	98.0	S	0.0
Spur_XP_011679283.2	Drer_XP_068079840.1	98.0	S	0.0
Cint_XP_002131324.1	Ggal_NP_001073191.2	98.0	S	0.0
Spur_XP_030850653.1	Ggal_NP_001073191.2	98.0	S	0.0
Spur_XP_011679283.2	Ggal_NP_001073191.2	98.0	S	0.0
Cint_XP_002131324.1	Hsap_NP_694822.2	98.0	S	0.0
Spur_XP_030850653.1	Hsap_NP_694822.2	98.0	S	0.0
Spur_XP_011679283.2	Hsap_NP_694822.2	98.0	S	0.0
Cint_XP_002131324.1	Hsap_XP_047305042.1	98.0	S	0.0
Spur_XP_030850653.1	Hsap_XP_047305042.1	98.0	S	0.0
Spur_XP_011679283.2	Hsap_XP_047305042.1	98.0	S	0.0
Cint_XP_002131324.1	Hsap_XP_047305043.1	98.0	S	0.0
Spur_XP_030850653.1	Hsap_XP_047305043.1	98.0	S	0.0
Spur_XP_011679283.2	Hsap_XP_047305043.1	98.0	S	0.0
Cint_XP_002131324.1	Emue_Em0001g373a	98.0	S	0.0
Spur_XP_030850653.1	Emue_Em0001g373a	98.0	S	0.0
Spur_XP_011679283.2	Emue_Em0001g373a	98.0	S	0.0
Cint_XP_002131324.1	Hsap_NP_001248758.1	98.0	S	0.0
Spur_XP_030850653.1	Hsap_NP_001248758.1	98.0	S	0.0
Spur_XP_011679283.2	Hsap_NP_001248758.1	98.0	S	0.0
Cint_XP_002131324.1	Ggal_XP_046796049.1	98.0	S	0.0
Spur_XP_030850653.1	Ggal_XP_046796049.1	98.0	S	0.0
Spur_XP_011679283.2	Ggal_XP_046796049.1	98.0	S	0.0
Cint_XP_002131324.1	Drer_NP_956631.1	98.0	S	0.0
Spur_XP_030850653.1	Drer_NP_956631.1	98.0	S	0.0
Spur_XP_011679283.2	Drer_NP_956631.1	98.0	S	0.0
Cint_XP_002131324.1	Ggal_NP_001384063.1	98.0	S	0.0
Spur_XP_030850653.1	Ggal_NP_001384063.1	98.0	S	0.0
Spur_XP_011679283.2	Ggal_NP_001384063.1	98.0	S	0.0
Cint_XP_002131324.1	Drer_XP_021334790.1	98.0	S	0.0
Spur_XP_030850653.1	Drer_XP_021334790.1	98.0	S	0.0
Spur_XP_011679283.2	Drer_XP_021334790.1	98.0	S	0.0
Cint_XP_002131324.1	Skow_XP_002733946.1	98.0	S	0.0
Spur_XP_030850653.1	Skow_XP_002733946.1	98.0	S	0.0
Spur_XP_011679283.2	Skow_XP_002733946.1	98.0	S	0.0
Cint_XP_002131324.1	Xtro_XP_004912141.2	98.0	S	0.0
Spur_XP_030850653.1	Xtro_XP_004912141.2	98.0	S	0.0
Spur_XP_011679283.2	Xtro_XP_004912141.2	98.0	S	0.0
Cint_XP_002131324.1	Hsap_XP_005247895.1	98.0	S	0.0
Spur_XP_030850653.1	Hsap_XP_005247895.1	98.0	S	0.0
Spur_XP_011679283.2	Hsap_XP_005247895.1	98.0	S	0.0
Cint_XP_002131324.1	Drer_XP_068079838.1	98.0	S	0.0
Spur_XP_030850653.1	Drer_XP_068079838.1	98.0	S	0.0
Spur_XP_011679283.2	Drer_XP_068079838.1	98.0	S	0.0
Cint_XP_002131324.1	Emue_Em0001g369a	98.0	S	0.0
Spur_XP_030850653.1	Emue_Em0001g369a	98.0	S	0.0
Spur_XP_011679283.2	Emue_Em0001g369a	98.0	S	0.0
Blan_XP_066287399.1	Blan_XP_066287392.1	100.0	D	1.0
Cint_XP_002131324.1	Spur_XP_030850653.1	98.0	S	0.0
Cint_XP_002131324.1	Spur_XP_011679283.2	98.0	S	0.0
Skow_XP_002733946.1	Ggal_NP_001384062.1	97.0	S	0.0
Skow_XP_002733946.1	Drer_XP_068079837.1	97.0	S	0.0
Skow_XP_002733946.1	Hsap_NP_116167.3	97.0	S	0.0
Skow_XP_002733946.1	Hsap_NP_001035998.1	97.0	S	0.0
Skow_XP_002733946.1	Ggal_XP_046796040.1	97.0	S	0.0
Skow_XP_002733946.1	Drer_XP_021334791.1	97.0	S	0.0
Skow_XP_002733946.1	Xtro_XP_004912139.2	97.0	S	0.0
Skow_XP_002733946.1	Drer_XP_068079839.1	97.0	S	0.0
Skow_XP_002733946.1	Ggal_XP_046796055.1	97.0	S	0.0
Skow_XP_002733946.1	Emue_Em0001g382a	97.0	S	0.0
Skow_XP_002733946.1	Xtro_XP_004912140.2	97.0	S	0.0
Skow_XP_002733946.1	Ggal_XP_046796045.1	97.0	S	0.0
Skow_XP_002733946.1	Xtro_XP_002933117.2	97.0	S	0.0
Skow_XP_002733946.1	Hsap_XP_047305041.1	97.0	S	0.0
Skow_XP_002733946.1	Drer_XP_068079840.1	97.0	S	0.0
Skow_XP_002733946.1	Ggal_NP_001073191.2	97.0	S	0.0
Skow_XP_002733946.1	Hsap_NP_694822.2	97.0	S	0.0
Skow_XP_002733946.1	Hsap_XP_047305042.1	97.0	S	0.0
Skow_XP_002733946.1	Hsap_XP_047305043.1	97.0	S	0.0
Skow_XP_002733946.1	Emue_Em0001g373a	97.0	S	0.0
Skow_XP_002733946.1	Hsap_NP_001248758.1	97.0	S	0.0
Skow_XP_002733946.1	Ggal_XP_046796049.1	97.0	S	0.0
Skow_XP_002733946.1	Drer_NP_956631.1	97.0	S	0.0
Skow_XP_002733946.1	Ggal_NP_001384063.1	97.0	S	0.0
Skow_XP_002733946.1	Drer_XP_021334790.1	97.0	S	0.0
Skow_XP_002733946.1	Xtro_XP_004912141.2	97.0	S	0.0
Skow_XP_002733946.1	Hsap_XP_005247895.1	97.0	S	0.0
Skow_XP_002733946.1	Drer_XP_068079838.1	97.0	S	0.0
Skow_XP_002733946.1	Emue_Em0001g369a	97.0	S	0.0
Spur_XP_030850653.1	Spur_XP_011679283.2	100.0	D	1.0
Emue_Em0001g373a	Ggal_NP_001384062.1	92.0	S	0.0
Emue_Em0001g369a	Ggal_NP_001384062.1	92.0	S	0.0
Emue_Em0001g382a	Ggal_NP_001384062.1	92.0	S	0.0
Emue_Em0001g373a	Drer_XP_068079837.1	92.0	S	0.0
Emue_Em0001g369a	Drer_XP_068079837.1	92.0	S	0.0
Emue_Em0001g382a	Drer_XP_068079837.1	92.0	S	0.0
Emue_Em0001g373a	Hsap_NP_116167.3	92.0	S	0.0
Emue_Em0001g369a	Hsap_NP_116167.3	92.0	S	0.0
Emue_Em0001g382a	Hsap_NP_116167.3	92.0	S	0.0
Emue_Em0001g373a	Hsap_NP_001035998.1	92.0	S	0.0
Emue_Em0001g369a	Hsap_NP_001035998.1	92.0	S	0.0
Emue_Em0001g382a	Hsap_NP_001035998.1	92.0	S	0.0
Emue_Em0001g373a	Ggal_XP_046796040.1	92.0	S	0.0
Emue_Em0001g369a	Ggal_XP_046796040.1	92.0	S	0.0
Emue_Em0001g382a	Ggal_XP_046796040.1	92.0	S	0.0
Emue_Em0001g373a	Drer_XP_021334791.1	92.0	S	0.0
Emue_Em0001g369a	Drer_XP_021334791.1	92.0	S	0.0
Emue_Em0001g382a	Drer_XP_021334791.1	92.0	S	0.0
Emue_Em0001g373a	Xtro_XP_004912139.2	92.0	S	0.0
Emue_Em0001g369a	Xtro_XP_004912139.2	92.0	S	0.0
Emue_Em0001g382a	Xtro_XP_004912139.2	92.0	S	0.0
Emue_Em0001g373a	Drer_XP_068079839.1	92.0	S	0.0
Emue_Em0001g369a	Drer_XP_068079839.1	92.0	S	0.0
Emue_Em0001g382a	Drer_XP_068079839.1	92.0	S	0.0
Emue_Em0001g373a	Ggal_XP_046796055.1	92.0	S	0.0
Emue_Em0001g369a	Ggal_XP_046796055.1	92.0	S	0.0
Emue_Em0001g382a	Ggal_XP_046796055.1	92.0	S	0.0
Emue_Em0001g373a	Xtro_XP_004912140.2	92.0	S	0.0
Emue_Em0001g369a	Xtro_XP_004912140.2	92.0	S	0.0
Emue_Em0001g382a	Xtro_XP_004912140.2	92.0	S	0.0
Emue_Em0001g373a	Ggal_XP_046796045.1	92.0	S	0.0
Emue_Em0001g369a	Ggal_XP_046796045.1	92.0	S	0.0
Emue_Em0001g382a	Ggal_XP_046796045.1	92.0	S	0.0
Emue_Em0001g373a	Xtro_XP_002933117.2	92.0	S	0.0
Emue_Em0001g369a	Xtro_XP_002933117.2	92.0	S	0.0
Emue_Em0001g382a	Xtro_XP_002933117.2	92.0	S	0.0
Emue_Em0001g373a	Hsap_XP_047305041.1	92.0	S	0.0
Emue_Em0001g369a	Hsap_XP_047305041.1	92.0	S	0.0
Emue_Em0001g382a	Hsap_XP_047305041.1	92.0	S	0.0
Emue_Em0001g373a	Drer_XP_068079840.1	92.0	S	0.0
Emue_Em0001g369a	Drer_XP_068079840.1	92.0	S	0.0
Emue_Em0001g382a	Drer_XP_068079840.1	92.0	S	0.0
Emue_Em0001g373a	Ggal_NP_001073191.2	92.0	S	0.0
Emue_Em0001g369a	Ggal_NP_001073191.2	92.0	S	0.0
Emue_Em0001g382a	Ggal_NP_001073191.2	92.0	S	0.0
Emue_Em0001g373a	Hsap_NP_694822.2	92.0	S	0.0
Emue_Em0001g369a	Hsap_NP_694822.2	92.0	S	0.0
Emue_Em0001g382a	Hsap_NP_694822.2	92.0	S	0.0
Emue_Em0001g373a	Hsap_XP_047305042.1	92.0	S	0.0
Emue_Em0001g369a	Hsap_XP_047305042.1	92.0	S	0.0
Emue_Em0001g382a	Hsap_XP_047305042.1	92.0	S	0.0
Emue_Em0001g373a	Hsap_XP_047305043.1	92.0	S	0.0
Emue_Em0001g369a	Hsap_XP_047305043.1	92.0	S	0.0
Emue_Em0001g382a	Hsap_XP_047305043.1	92.0	S	0.0
Emue_Em0001g373a	Hsap_NP_001248758.1	92.0	S	0.0
Emue_Em0001g369a	Hsap_NP_001248758.1	92.0	S	0.0
Emue_Em0001g382a	Hsap_NP_001248758.1	92.0	S	0.0
Emue_Em0001g373a	Ggal_XP_046796049.1	92.0	S	0.0
Emue_Em0001g369a	Ggal_XP_046796049.1	92.0	S	0.0
Emue_Em0001g382a	Ggal_XP_046796049.1	92.0	S	0.0
Emue_Em0001g373a	Drer_NP_956631.1	92.0	S	0.0
Emue_Em0001g369a	Drer_NP_956631.1	92.0	S	0.0
Emue_Em0001g382a	Drer_NP_956631.1	92.0	S	0.0
Emue_Em0001g373a	Ggal_NP_001384063.1	92.0	S	0.0
Emue_Em0001g369a	Ggal_NP_001384063.1	92.0	S	0.0
Emue_Em0001g382a	Ggal_NP_001384063.1	92.0	S	0.0
Emue_Em0001g373a	Drer_XP_021334790.1	92.0	S	0.0
Emue_Em0001g369a	Drer_XP_021334790.1	92.0	S	0.0
Emue_Em0001g382a	Drer_XP_021334790.1	92.0	S	0.0
Emue_Em0001g373a	Xtro_XP_004912141.2	92.0	S	0.0
Emue_Em0001g369a	Xtro_XP_004912141.2	92.0	S	0.0
Emue_Em0001g382a	Xtro_XP_004912141.2	92.0	S	0.0
Emue_Em0001g373a	Hsap_XP_005247895.1	92.0	S	0.0
Emue_Em0001g369a	Hsap_XP_005247895.1	92.0	S	0.0
Emue_Em0001g382a	Hsap_XP_005247895.1	92.0	S	0.0
Emue_Em0001g373a	Drer_XP_068079838.1	92.0	S	0.0
Emue_Em0001g369a	Drer_XP_068079838.1	92.0	S	0.0
Emue_Em0001g382a	Drer_XP_068079838.1	92.0	S	0.0
Emue_Em0001g369a	Emue_Em0001g373a	100.0	D	1.0
Emue_Em0001g369a	Emue_Em0001g382a	100.0	D	1.0
Drer_XP_068079839.1	Ggal_NP_001384062.1	100.0	S	0.0
Drer_XP_068079840.1	Ggal_NP_001384062.1	100.0	S	0.0
Drer_XP_068079837.1	Ggal_NP_001384062.1	100.0	S	0.0
Drer_XP_021334791.1	Ggal_NP_001384062.1	100.0	S	0.0
Drer_NP_956631.1	Ggal_NP_001384062.1	100.0	S	0.0
Drer_XP_068079838.1	Ggal_NP_001384062.1	100.0	S	0.0
Drer_XP_021334790.1	Ggal_NP_001384062.1	100.0	S	0.0
Drer_XP_068079839.1	Hsap_NP_116167.3	100.0	S	0.0
Drer_XP_068079840.1	Hsap_NP_116167.3	100.0	S	0.0
Drer_XP_068079837.1	Hsap_NP_116167.3	100.0	S	0.0
Drer_XP_021334791.1	Hsap_NP_116167.3	100.0	S	0.0
Drer_NP_956631.1	Hsap_NP_116167.3	100.0	S	0.0
Drer_XP_068079838.1	Hsap_NP_116167.3	100.0	S	0.0
Drer_XP_021334790.1	Hsap_NP_116167.3	100.0	S	0.0
Drer_XP_068079839.1	Hsap_NP_001035998.1	100.0	S	0.0
Drer_XP_068079840.1	Hsap_NP_001035998.1	100.0	S	0.0
Drer_XP_068079837.1	Hsap_NP_001035998.1	100.0	S	0.0
Drer_XP_021334791.1	Hsap_NP_001035998.1	100.0	S	0.0
Drer_NP_956631.1	Hsap_NP_001035998.1	100.0	S	0.0
Drer_XP_068079838.1	Hsap_NP_001035998.1	100.0	S	0.0
Drer_XP_021334790.1	Hsap_NP_001035998.1	100.0	S	0.0
Drer_XP_068079839.1	Ggal_XP_046796040.1	100.0	S	0.0
Drer_XP_068079840.1	Ggal_XP_046796040.1	100.0	S	0.0
Drer_XP_068079837.1	Ggal_XP_046796040.1	100.0	S	0.0
Drer_XP_021334791.1	Ggal_XP_046796040.1	100.0	S	0.0
Drer_NP_956631.1	Ggal_XP_046796040.1	100.0	S	0.0
Drer_XP_068079838.1	Ggal_XP_046796040.1	100.0	S	0.0
Drer_XP_021334790.1	Ggal_XP_046796040.1	100.0	S	0.0
Drer_XP_068079839.1	Xtro_XP_004912139.2	100.0	S	0.0
Drer_XP_068079840.1	Xtro_XP_004912139.2	100.0	S	0.0
Drer_XP_068079837.1	Xtro_XP_004912139.2	100.0	S	0.0
Drer_XP_021334791.1	Xtro_XP_004912139.2	100.0	S	0.0
Drer_NP_956631.1	Xtro_XP_004912139.2	100.0	S	0.0
Drer_XP_068079838.1	Xtro_XP_004912139.2	100.0	S	0.0
Drer_XP_021334790.1	Xtro_XP_004912139.2	100.0	S	0.0
Drer_XP_068079839.1	Ggal_XP_046796055.1	100.0	S	0.0
Drer_XP_068079840.1	Ggal_XP_046796055.1	100.0	S	0.0
Drer_XP_068079837.1	Ggal_XP_046796055.1	100.0	S	0.0
Drer_XP_021334791.1	Ggal_XP_046796055.1	100.0	S	0.0
Drer_NP_956631.1	Ggal_XP_046796055.1	100.0	S	0.0
Drer_XP_068079838.1	Ggal_XP_046796055.1	100.0	S	0.0
Drer_XP_021334790.1	Ggal_XP_046796055.1	100.0	S	0.0
Drer_XP_068079839.1	Xtro_XP_004912140.2	100.0	S	0.0
Drer_XP_068079840.1	Xtro_XP_004912140.2	100.0	S	0.0
Drer_XP_068079837.1	Xtro_XP_004912140.2	100.0	S	0.0
Drer_XP_021334791.1	Xtro_XP_004912140.2	100.0	S	0.0
Drer_NP_956631.1	Xtro_XP_004912140.2	100.0	S	0.0
Drer_XP_068079838.1	Xtro_XP_004912140.2	100.0	S	0.0
Drer_XP_021334790.1	Xtro_XP_004912140.2	100.0	S	0.0
Drer_XP_068079839.1	Ggal_XP_046796045.1	100.0	S	0.0
Drer_XP_068079840.1	Ggal_XP_046796045.1	100.0	S	0.0
Drer_XP_068079837.1	Ggal_XP_046796045.1	100.0	S	0.0
Drer_XP_021334791.1	Ggal_XP_046796045.1	100.0	S	0.0
Drer_NP_956631.1	Ggal_XP_046796045.1	100.0	S	0.0
Drer_XP_068079838.1	Ggal_XP_046796045.1	100.0	S	0.0
Drer_XP_021334790.1	Ggal_XP_046796045.1	100.0	S	0.0
Drer_XP_068079839.1	Xtro_XP_002933117.2	100.0	S	0.0
Drer_XP_068079840.1	Xtro_XP_002933117.2	100.0	S	0.0
Drer_XP_068079837.1	Xtro_XP_002933117.2	100.0	S	0.0
Drer_XP_021334791.1	Xtro_XP_002933117.2	100.0	S	0.0
Drer_NP_956631.1	Xtro_XP_002933117.2	100.0	S	0.0
Drer_XP_068079838.1	Xtro_XP_002933117.2	100.0	S	0.0
Drer_XP_021334790.1	Xtro_XP_002933117.2	100.0	S	0.0
Drer_XP_068079839.1	Hsap_XP_047305041.1	100.0	S	0.0
Drer_XP_068079840.1	Hsap_XP_047305041.1	100.0	S	0.0
Drer_XP_068079837.1	Hsap_XP_047305041.1	100.0	S	0.0
Drer_XP_021334791.1	Hsap_XP_047305041.1	100.0	S	0.0
Drer_NP_956631.1	Hsap_XP_047305041.1	100.0	S	0.0
Drer_XP_068079838.1	Hsap_XP_047305041.1	100.0	S	0.0
Drer_XP_021334790.1	Hsap_XP_047305041.1	100.0	S	0.0
Drer_XP_068079839.1	Ggal_NP_001073191.2	100.0	S	0.0
Drer_XP_068079840.1	Ggal_NP_001073191.2	100.0	S	0.0
Drer_XP_068079837.1	Ggal_NP_001073191.2	100.0	S	0.0
Drer_XP_021334791.1	Ggal_NP_001073191.2	100.0	S	0.0
Drer_NP_956631.1	Ggal_NP_001073191.2	100.0	S	0.0
Drer_XP_068079838.1	Ggal_NP_001073191.2	100.0	S	0.0
Drer_XP_021334790.1	Ggal_NP_001073191.2	100.0	S	0.0
Drer_XP_068079839.1	Hsap_NP_694822.2	100.0	S	0.0
Drer_XP_068079840.1	Hsap_NP_694822.2	100.0	S	0.0
Drer_XP_068079837.1	Hsap_NP_694822.2	100.0	S	0.0
Drer_XP_021334791.1	Hsap_NP_694822.2	100.0	S	0.0
Drer_NP_956631.1	Hsap_NP_694822.2	100.0	S	0.0
Drer_XP_068079838.1	Hsap_NP_694822.2	100.0	S	0.0
Drer_XP_021334790.1	Hsap_NP_694822.2	100.0	S	0.0
Drer_XP_068079839.1	Hsap_XP_047305042.1	100.0	S	0.0
Drer_XP_068079840.1	Hsap_XP_047305042.1	100.0	S	0.0
Drer_XP_068079837.1	Hsap_XP_047305042.1	100.0	S	0.0
Drer_XP_021334791.1	Hsap_XP_047305042.1	100.0	S	0.0
Drer_NP_956631.1	Hsap_XP_047305042.1	100.0	S	0.0
Drer_XP_068079838.1	Hsap_XP_047305042.1	100.0	S	0.0
Drer_XP_021334790.1	Hsap_XP_047305042.1	100.0	S	0.0
Drer_XP_068079839.1	Hsap_XP_047305043.1	100.0	S	0.0
Drer_XP_068079840.1	Hsap_XP_047305043.1	100.0	S	0.0
Drer_XP_068079837.1	Hsap_XP_047305043.1	100.0	S	0.0
Drer_XP_021334791.1	Hsap_XP_047305043.1	100.0	S	0.0
Drer_NP_956631.1	Hsap_XP_047305043.1	100.0	S	0.0
Drer_XP_068079838.1	Hsap_XP_047305043.1	100.0	S	0.0
Drer_XP_021334790.1	Hsap_XP_047305043.1	100.0	S	0.0
Drer_XP_068079839.1	Hsap_NP_001248758.1	100.0	S	0.0
Drer_XP_068079840.1	Hsap_NP_001248758.1	100.0	S	0.0
Drer_XP_068079837.1	Hsap_NP_001248758.1	100.0	S	0.0
Drer_XP_021334791.1	Hsap_NP_001248758.1	100.0	S	0.0
Drer_NP_956631.1	Hsap_NP_001248758.1	100.0	S	0.0
Drer_XP_068079838.1	Hsap_NP_001248758.1	100.0	S	0.0
Drer_XP_021334790.1	Hsap_NP_001248758.1	100.0	S	0.0
Drer_XP_068079839.1	Ggal_XP_046796049.1	100.0	S	0.0
Drer_XP_068079840.1	Ggal_XP_046796049.1	100.0	S	0.0
Drer_XP_068079837.1	Ggal_XP_046796049.1	100.0	S	0.0
Drer_XP_021334791.1	Ggal_XP_046796049.1	100.0	S	0.0
Drer_NP_956631.1	Ggal_XP_046796049.1	100.0	S	0.0
Drer_XP_068079838.1	Ggal_XP_046796049.1	100.0	S	0.0
Drer_XP_021334790.1	Ggal_XP_046796049.1	100.0	S	0.0
Drer_XP_068079839.1	Ggal_NP_001384063.1	100.0	S	0.0
Drer_XP_068079840.1	Ggal_NP_001384063.1	100.0	S	0.0
Drer_XP_068079837.1	Ggal_NP_001384063.1	100.0	S	0.0
Drer_XP_021334791.1	Ggal_NP_001384063.1	100.0	S	0.0
Drer_NP_956631.1	Ggal_NP_001384063.1	100.0	S	0.0
Drer_XP_068079838.1	Ggal_NP_001384063.1	100.0	S	0.0
Drer_XP_021334790.1	Ggal_NP_001384063.1	100.0	S	0.0
Drer_XP_068079839.1	Xtro_XP_004912141.2	100.0	S	0.0
Drer_XP_068079840.1	Xtro_XP_004912141.2	100.0	S	0.0
Drer_XP_068079837.1	Xtro_XP_004912141.2	100.0	S	0.0
Drer_XP_021334791.1	Xtro_XP_004912141.2	100.0	S	0.0
Drer_NP_956631.1	Xtro_XP_004912141.2	100.0	S	0.0
Drer_XP_068079838.1	Xtro_XP_004912141.2	100.0	S	0.0
Drer_XP_021334790.1	Xtro_XP_004912141.2	100.0	S	0.0
Drer_XP_068079839.1	Hsap_XP_005247895.1	100.0	S	0.0
Drer_XP_068079840.1	Hsap_XP_005247895.1	100.0	S	0.0
Drer_XP_068079837.1	Hsap_XP_005247895.1	100.0	S	0.0
Drer_XP_021334791.1	Hsap_XP_005247895.1	100.0	S	0.0
Drer_NP_956631.1	Hsap_XP_005247895.1	100.0	S	0.0
Drer_XP_068079838.1	Hsap_XP_005247895.1	100.0	S	0.0
Drer_XP_021334790.1	Hsap_XP_005247895.1	100.0	S	0.0
Emue_Em0001g373a	Emue_Em0001g382a	100.0	D	1.0
Drer_NP_956631.1	Drer_XP_068079839.1	100.0	D	1.0
Drer_NP_956631.1	Drer_XP_068079840.1	100.0	D	1.0
Drer_NP_956631.1	Drer_XP_068079837.1	100.0	D	1.0
Drer_NP_956631.1	Drer_XP_021334791.1	100.0	D	1.0
Drer_NP_956631.1	Drer_XP_068079838.1	100.0	D	1.0
Drer_NP_956631.1	Drer_XP_021334790.1	100.0	D	1.0
Xtro_XP_002933117.2	Ggal_NP_001384062.1	95.0	S	0.0
Xtro_XP_004912140.2	Ggal_NP_001384062.1	95.0	S	0.0
Xtro_XP_004912139.2	Ggal_NP_001384062.1	95.0	S	0.0
Xtro_XP_004912141.2	Ggal_NP_001384062.1	95.0	S	0.0
Xtro_XP_002933117.2	Ggal_XP_046796055.1	95.0	S	0.0
Xtro_XP_004912140.2	Ggal_XP_046796055.1	95.0	S	0.0
Xtro_XP_004912139.2	Ggal_XP_046796055.1	95.0	S	0.0
Xtro_XP_004912141.2	Ggal_XP_046796055.1	95.0	S	0.0
Xtro_XP_002933117.2	Hsap_XP_047305042.1	95.0	S	0.0
Xtro_XP_004912140.2	Hsap_XP_047305042.1	95.0	S	0.0
Xtro_XP_004912139.2	Hsap_XP_047305042.1	95.0	S	0.0
Xtro_XP_004912141.2	Hsap_XP_047305042.1	95.0	S	0.0
Xtro_XP_002933117.2	Hsap_XP_047305043.1	95.0	S	0.0
Xtro_XP_004912140.2	Hsap_XP_047305043.1	95.0	S	0.0
Xtro_XP_004912139.2	Hsap_XP_047305043.1	95.0	S	0.0
Xtro_XP_004912141.2	Hsap_XP_047305043.1	95.0	S	0.0
Xtro_XP_002933117.2	Ggal_XP_046796045.1	95.0	S	0.0
Xtro_XP_004912140.2	Ggal_XP_046796045.1	95.0	S	0.0
Xtro_XP_004912139.2	Ggal_XP_046796045.1	95.0	S	0.0
Xtro_XP_004912141.2	Ggal_XP_046796045.1	95.0	S	0.0
Xtro_XP_002933117.2	Hsap_XP_047305041.1	95.0	S	0.0
Xtro_XP_004912140.2	Hsap_XP_047305041.1	95.0	S	0.0
Xtro_XP_004912139.2	Hsap_XP_047305041.1	95.0	S	0.0
Xtro_XP_004912141.2	Hsap_XP_047305041.1	95.0	S	0.0
Xtro_XP_002933117.2	Hsap_NP_001248758.1	95.0	S	0.0
Xtro_XP_004912140.2	Hsap_NP_001248758.1	95.0	S	0.0
Xtro_XP_004912139.2	Hsap_NP_001248758.1	95.0	S	0.0
Xtro_XP_004912141.2	Hsap_NP_001248758.1	95.0	S	0.0
Xtro_XP_002933117.2	Hsap_XP_005247895.1	95.0	S	0.0
Xtro_XP_004912140.2	Hsap_XP_005247895.1	95.0	S	0.0
Xtro_XP_004912139.2	Hsap_XP_005247895.1	95.0	S	0.0
Xtro_XP_004912141.2	Hsap_XP_005247895.1	95.0	S	0.0
Xtro_XP_002933117.2	Hsap_NP_116167.3	95.0	S	0.0
Xtro_XP_004912140.2	Hsap_NP_116167.3	95.0	S	0.0
Xtro_XP_004912139.2	Hsap_NP_116167.3	95.0	S	0.0
Xtro_XP_004912141.2	Hsap_NP_116167.3	95.0	S	0.0
Xtro_XP_002933117.2	Ggal_XP_046796049.1	95.0	S	0.0
Xtro_XP_004912140.2	Ggal_XP_046796049.1	95.0	S	0.0
Xtro_XP_004912139.2	Ggal_XP_046796049.1	95.0	S	0.0
Xtro_XP_004912141.2	Ggal_XP_046796049.1	95.0	S	0.0
Xtro_XP_002933117.2	Hsap_NP_001035998.1	95.0	S	0.0
Xtro_XP_004912140.2	Hsap_NP_001035998.1	95.0	S	0.0
Xtro_XP_004912139.2	Hsap_NP_001035998.1	95.0	S	0.0
Xtro_XP_004912141.2	Hsap_NP_001035998.1	95.0	S	0.0
Xtro_XP_002933117.2	Ggal_XP_046796040.1	95.0	S	0.0
Xtro_XP_004912140.2	Ggal_XP_046796040.1	95.0	S	0.0
Xtro_XP_004912139.2	Ggal_XP_046796040.1	95.0	S	0.0
Xtro_XP_004912141.2	Ggal_XP_046796040.1	95.0	S	0.0
Xtro_XP_002933117.2	Ggal_NP_001384063.1	95.0	S	0.0
Xtro_XP_004912140.2	Ggal_NP_001384063.1	95.0	S	0.0
Xtro_XP_004912139.2	Ggal_NP_001384063.1	95.0	S	0.0
Xtro_XP_004912141.2	Ggal_NP_001384063.1	95.0	S	0.0
Xtro_XP_002933117.2	Ggal_NP_001073191.2	95.0	S	0.0
Xtro_XP_004912140.2	Ggal_NP_001073191.2	95.0	S	0.0
Xtro_XP_004912139.2	Ggal_NP_001073191.2	95.0	S	0.0
Xtro_XP_004912141.2	Ggal_NP_001073191.2	95.0	S	0.0
Xtro_XP_002933117.2	Hsap_NP_694822.2	95.0	S	0.0
Xtro_XP_004912140.2	Hsap_NP_694822.2	95.0	S	0.0
Xtro_XP_004912139.2	Hsap_NP_694822.2	95.0	S	0.0
Xtro_XP_004912141.2	Hsap_NP_694822.2	95.0	S	0.0
Drer_XP_068079840.1	Drer_XP_068079839.1	99.0	D	1.0
Drer_XP_068079840.1	Drer_XP_068079837.1	99.0	D	1.0
Drer_XP_068079840.1	Drer_XP_021334791.1	99.0	D	1.0
Drer_XP_068079840.1	Drer_XP_068079838.1	99.0	D	1.0
Drer_XP_068079840.1	Drer_XP_021334790.1	99.0	D	1.0
Xtro_XP_002933117.2	Xtro_XP_004912140.2	100.0	D	1.0
Xtro_XP_004912141.2	Xtro_XP_004912140.2	100.0	D	1.0
Xtro_XP_002933117.2	Xtro_XP_004912139.2	100.0	D	1.0
Xtro_XP_004912141.2	Xtro_XP_004912139.2	100.0	D	1.0
Ggal_NP_001384062.1	Hsap_XP_047305042.1	91.0	S	0.0
Ggal_XP_046796055.1	Hsap_XP_047305042.1	91.0	S	0.0
Ggal_XP_046796045.1	Hsap_XP_047305042.1	91.0	S	0.0
Ggal_XP_046796049.1	Hsap_XP_047305042.1	91.0	S	0.0
Ggal_XP_046796040.1	Hsap_XP_047305042.1	91.0	S	0.0
Ggal_NP_001384063.1	Hsap_XP_047305042.1	91.0	S	0.0
Ggal_NP_001073191.2	Hsap_XP_047305042.1	91.0	S	0.0
Ggal_NP_001384062.1	Hsap_XP_047305043.1	91.0	S	0.0
Ggal_XP_046796055.1	Hsap_XP_047305043.1	91.0	S	0.0
Ggal_XP_046796045.1	Hsap_XP_047305043.1	91.0	S	0.0
Ggal_XP_046796049.1	Hsap_XP_047305043.1	91.0	S	0.0
Ggal_XP_046796040.1	Hsap_XP_047305043.1	91.0	S	0.0
Ggal_NP_001384063.1	Hsap_XP_047305043.1	91.0	S	0.0
Ggal_NP_001073191.2	Hsap_XP_047305043.1	91.0	S	0.0
Ggal_NP_001384062.1	Hsap_NP_001248758.1	91.0	S	0.0
Ggal_XP_046796055.1	Hsap_NP_001248758.1	91.0	S	0.0
Ggal_XP_046796045.1	Hsap_NP_001248758.1	91.0	S	0.0
Ggal_XP_046796049.1	Hsap_NP_001248758.1	91.0	S	0.0
Ggal_XP_046796040.1	Hsap_NP_001248758.1	91.0	S	0.0
Ggal_NP_001384063.1	Hsap_NP_001248758.1	91.0	S	0.0
Ggal_NP_001073191.2	Hsap_NP_001248758.1	91.0	S	0.0
Ggal_NP_001384062.1	Hsap_XP_047305041.1	91.0	S	0.0
Ggal_XP_046796055.1	Hsap_XP_047305041.1	91.0	S	0.0
Ggal_XP_046796045.1	Hsap_XP_047305041.1	91.0	S	0.0
Ggal_XP_046796049.1	Hsap_XP_047305041.1	91.0	S	0.0
Ggal_XP_046796040.1	Hsap_XP_047305041.1	91.0	S	0.0
Ggal_NP_001384063.1	Hsap_XP_047305041.1	91.0	S	0.0
Ggal_NP_001073191.2	Hsap_XP_047305041.1	91.0	S	0.0
Ggal_NP_001384062.1	Hsap_XP_005247895.1	91.0	S	0.0
Ggal_XP_046796055.1	Hsap_XP_005247895.1	91.0	S	0.0
Ggal_XP_046796045.1	Hsap_XP_005247895.1	91.0	S	0.0
Ggal_XP_046796049.1	Hsap_XP_005247895.1	91.0	S	0.0
Ggal_XP_046796040.1	Hsap_XP_005247895.1	91.0	S	0.0
Ggal_NP_001384063.1	Hsap_XP_005247895.1	91.0	S	0.0
Ggal_NP_001073191.2	Hsap_XP_005247895.1	91.0	S	0.0
Ggal_NP_001384062.1	Hsap_NP_116167.3	91.0	S	0.0
Ggal_XP_046796055.1	Hsap_NP_116167.3	91.0	S	0.0
Ggal_XP_046796045.1	Hsap_NP_116167.3	91.0	S	0.0
Ggal_XP_046796049.1	Hsap_NP_116167.3	91.0	S	0.0
Ggal_XP_046796040.1	Hsap_NP_116167.3	91.0	S	0.0
Ggal_NP_001384063.1	Hsap_NP_116167.3	91.0	S	0.0
Ggal_NP_001073191.2	Hsap_NP_116167.3	91.0	S	0.0
Ggal_NP_001384062.1	Hsap_NP_001035998.1	91.0	S	0.0
Ggal_XP_046796055.1	Hsap_NP_001035998.1	91.0	S	0.0
Ggal_XP_046796045.1	Hsap_NP_001035998.1	91.0	S	0.0
Ggal_XP_046796049.1	Hsap_NP_001035998.1	91.0	S	0.0
Ggal_XP_046796040.1	Hsap_NP_001035998.1	91.0	S	0.0
Ggal_NP_001384063.1	Hsap_NP_001035998.1	91.0	S	0.0
Ggal_NP_001073191.2	Hsap_NP_001035998.1	91.0	S	0.0
Ggal_NP_001384062.1	Hsap_NP_694822.2	91.0	S	0.0
Ggal_XP_046796055.1	Hsap_NP_694822.2	91.0	S	0.0
Ggal_XP_046796045.1	Hsap_NP_694822.2	91.0	S	0.0
Ggal_XP_046796049.1	Hsap_NP_694822.2	91.0	S	0.0
Ggal_XP_046796040.1	Hsap_NP_694822.2	91.0	S	0.0
Ggal_NP_001384063.1	Hsap_NP_694822.2	91.0	S	0.0
Ggal_NP_001073191.2	Hsap_NP_694822.2	91.0	S	0.0
Drer_XP_068079839.1	Drer_XP_068079837.1	55.0	D	1.0
Drer_XP_021334791.1	Drer_XP_068079837.1	55.0	D	1.0
Drer_XP_068079839.1	Drer_XP_021334790.1	55.0	D	1.0
Drer_XP_021334791.1	Drer_XP_021334790.1	55.0	D	1.0
Drer_XP_068079839.1	Drer_XP_068079838.1	55.0	D	1.0
Drer_XP_021334791.1	Drer_XP_068079838.1	55.0	D	1.0
Xtro_XP_002933117.2	Xtro_XP_004912141.2	1.0	D	1.0
Xtro_XP_004912140.2	Xtro_XP_004912139.2	46.0	D	1.0
Ggal_XP_046796055.1	Ggal_NP_001384062.1	100.0	D	1.0
Ggal_XP_046796045.1	Ggal_NP_001384062.1	100.0	D	1.0
Ggal_XP_046796055.1	Ggal_XP_046796049.1	100.0	D	1.0
Ggal_XP_046796045.1	Ggal_XP_046796049.1	100.0	D	1.0
Ggal_XP_046796055.1	Ggal_XP_046796040.1	100.0	D	1.0
Ggal_XP_046796045.1	Ggal_XP_046796040.1	100.0	D	1.0
Ggal_XP_046796055.1	Ggal_NP_001384063.1	100.0	D	1.0
Ggal_XP_046796045.1	Ggal_NP_001384063.1	100.0	D	1.0
Ggal_XP_046796055.1	Ggal_NP_001073191.2	100.0	D	1.0
Ggal_XP_046796045.1	Ggal_NP_001073191.2	100.0	D	1.0
Hsap_XP_047305042.1	Hsap_XP_047305041.1	100.0	D	1.0
Hsap_XP_047305043.1	Hsap_XP_047305041.1	100.0	D	1.0
Hsap_XP_047305042.1	Hsap_NP_001248758.1	100.0	D	1.0
Hsap_XP_047305043.1	Hsap_NP_001248758.1	100.0	D	1.0
Hsap_XP_047305042.1	Hsap_XP_005247895.1	100.0	D	1.0
Hsap_XP_047305043.1	Hsap_XP_005247895.1	100.0	D	1.0
Hsap_XP_047305042.1	Hsap_NP_116167.3	100.0	D	1.0
Hsap_XP_047305043.1	Hsap_NP_116167.3	100.0	D	1.0
Hsap_XP_047305042.1	Hsap_NP_001035998.1	100.0	D	1.0
Hsap_XP_047305043.1	Hsap_NP_001035998.1	100.0	D	1.0
Hsap_XP_047305042.1	Hsap_NP_694822.2	100.0	D	1.0
Hsap_XP_047305043.1	Hsap_NP_694822.2	100.0	D	1.0
Drer_XP_021334791.1	Drer_XP_068079839.1	84.0	D	1.0
Drer_XP_068079838.1	Drer_XP_068079837.1	72.0	D	1.0
Drer_XP_068079838.1	Drer_XP_021334790.1	72.0	D	1.0
Ggal_XP_046796055.1	Ggal_XP_046796045.1	100.0	D	1.0
Ggal_XP_046796040.1	Ggal_NP_001384063.1	87.0	D	1.0
Ggal_XP_046796040.1	Ggal_NP_001384062.1	87.0	D	1.0
Ggal_XP_046796040.1	Ggal_XP_046796049.1	87.0	D	1.0
Ggal_XP_046796040.1	Ggal_NP_001073191.2	87.0	D	1.0
Hsap_XP_047305042.1	Hsap_XP_047305043.1	59.0	D	1.0
Hsap_NP_694822.2	Hsap_XP_047305041.1	87.0	D	1.0
Hsap_NP_694822.2	Hsap_NP_001248758.1	87.0	D	1.0
Hsap_NP_694822.2	Hsap_XP_005247895.1	87.0	D	1.0
Hsap_NP_694822.2	Hsap_NP_116167.3	87.0	D	1.0
Hsap_NP_694822.2	Hsap_NP_001035998.1	87.0	D	1.0
Drer_XP_021334790.1	Drer_XP_068079837.1	1.0	D	1.0
Ggal_NP_001384062.1	Ggal_NP_001384063.1	70.0	D	1.0
Ggal_NP_001384062.1	Ggal_XP_046796049.1	70.0	D	1.0
Ggal_NP_001384062.1	Ggal_NP_001073191.2	70.0	D	1.0
Hsap_XP_047305041.1	Hsap_XP_005247895.1	1.0	D	1.0
Hsap_XP_047305041.1	Hsap_NP_116167.3	1.0	D	1.0
Hsap_XP_047305041.1	Hsap_NP_001035998.1	1.0	D	1.0
Hsap_XP_047305041.1	Hsap_NP_001248758.1	1.0	D	1.0
Ggal_XP_046796049.1	Ggal_NP_001384063.1	1.0	D	1.0
Ggal_XP_046796049.1	Ggal_NP_001073191.2	1.0	D	1.0
Hsap_NP_001248758.1	Hsap_XP_005247895.1	1.0	D	1.0
Hsap_NP_001248758.1	Hsap_NP_116167.3	1.0	D	1.0
Hsap_NP_001248758.1	Hsap_NP_001035998.1	1.0	D	1.0
Ggal_NP_001073191.2	Ggal_NP_001384063.1	1.0	D	1.0
Hsap_NP_116167.3	Hsap_XP_005247895.1	1.0	D	1.0
Hsap_NP_116167.3	Hsap_NP_001035998.1	1.0	D	1.0
Hsap_NP_001035998.1	Hsap_XP_005247895.1	1.0	D	1.0
