in_gene	out_gene	branch_support	ev_type	sos
Ever_VDD88057.1	Smoe_XP_024527750.1	1.0	S	0.0
Diplco_DCO_002927	Smoe_XP_024527750.1	1.0	S	0.0
Cele_NP_498418.3	Smoe_XP_024527750.1	1.0	S	0.0
Priarc_PARCANUS000003453.t1	Smoe_XP_024527750.1	1.0	S	0.0
Avit_KAL4002846.1	Smoe_XP_024527750.1	1.0	S	0.0
Bmal_XP_042933214.1	Smoe_XP_024527750.1	1.0	S	0.0
Scar_TKR68166.1	Smoe_XP_024527750.1	1.0	S	0.0
Hcon_XGW16589.1	Smoe_XP_024527750.1	1.0	S	0.0
Mbel_CAJ0962955.1	Smoe_XP_024527750.1	1.0	S	0.0
Ddip_jg10423	Smoe_XP_024527750.1	1.0	S	0.0
Angcan_KAE9420235.1	Smoe_XP_024527750.1	1.0	S	0.0
Ddip_jg23958	Smoe_XP_024527750.1	1.0	S	0.0
Diplco_DCO_002928	Smoe_XP_024527750.1	1.0	S	0.0
Gpal_Gpal_D383_g10379.t1	Smoe_XP_024527750.1	1.0	S	0.0
Ovol_OVOC8642	Smoe_XP_024527750.1	1.0	S	0.0
Priarc_PARCANUS000008636.t1	Smoe_XP_024527750.1	1.0	S	0.0
Mjap_MIJAPON000001293.t1	Smoe_XP_024527750.1	1.0	S	0.0
Acey_EYC20807.1	Smoe_XP_024527750.1	1.0	S	0.0
Srat_XP_024503932.1	Smoe_XP_024527750.1	1.0	S	0.0
Hcon_XGW16588.1	Smoe_XP_024527750.1	1.0	S	0.0
Hpol_VDO64892.1	Smoe_XP_024527750.1	1.0	S	0.0
Lloa_XP_020303735.1	Smoe_XP_024527750.1	1.0	S	0.0
Priarc_PARCANUS000003063.t1	Smoe_XP_024527750.1	1.0	S	0.0
Otip_Oti_2625_t	Smoe_XP_024527750.1	1.0	S	0.0
Avit_KAL4002845.1	Smoe_XP_024527750.1	1.0	S	0.0
Cele_NP_498419.3	Smoe_XP_024527750.1	1.0	S	0.0
Ever_VDD88057.1	Lana_XP_013394792.1	1.0	S	0.0
Diplco_DCO_002927	Lana_XP_013394792.1	1.0	S	0.0
Cele_NP_498418.3	Lana_XP_013394792.1	1.0	S	0.0
Priarc_PARCANUS000003453.t1	Lana_XP_013394792.1	1.0	S	0.0
Avit_KAL4002846.1	Lana_XP_013394792.1	1.0	S	0.0
Bmal_XP_042933214.1	Lana_XP_013394792.1	1.0	S	0.0
Scar_TKR68166.1	Lana_XP_013394792.1	1.0	S	0.0
Hcon_XGW16589.1	Lana_XP_013394792.1	1.0	S	0.0
Mbel_CAJ0962955.1	Lana_XP_013394792.1	1.0	S	0.0
Ddip_jg10423	Lana_XP_013394792.1	1.0	S	0.0
Angcan_KAE9420235.1	Lana_XP_013394792.1	1.0	S	0.0
Ddip_jg23958	Lana_XP_013394792.1	1.0	S	0.0
Diplco_DCO_002928	Lana_XP_013394792.1	1.0	S	0.0
Gpal_Gpal_D383_g10379.t1	Lana_XP_013394792.1	1.0	S	0.0
Ovol_OVOC8642	Lana_XP_013394792.1	1.0	S	0.0
Priarc_PARCANUS000008636.t1	Lana_XP_013394792.1	1.0	S	0.0
Mjap_MIJAPON000001293.t1	Lana_XP_013394792.1	1.0	S	0.0
Acey_EYC20807.1	Lana_XP_013394792.1	1.0	S	0.0
Srat_XP_024503932.1	Lana_XP_013394792.1	1.0	S	0.0
Hcon_XGW16588.1	Lana_XP_013394792.1	1.0	S	0.0
Hpol_VDO64892.1	Lana_XP_013394792.1	1.0	S	0.0
Lloa_XP_020303735.1	Lana_XP_013394792.1	1.0	S	0.0
Priarc_PARCANUS000003063.t1	Lana_XP_013394792.1	1.0	S	0.0
Otip_Oti_2625_t	Lana_XP_013394792.1	1.0	S	0.0
Avit_KAL4002845.1	Lana_XP_013394792.1	1.0	S	0.0
Cele_NP_498419.3	Lana_XP_013394792.1	1.0	S	0.0
Ever_VDD88057.1	Lpol_XP_013778988.1	1.0	S	0.0
Diplco_DCO_002927	Lpol_XP_013778988.1	1.0	S	0.0
Cele_NP_498418.3	Lpol_XP_013778988.1	1.0	S	0.0
Priarc_PARCANUS000003453.t1	Lpol_XP_013778988.1	1.0	S	0.0
Avit_KAL4002846.1	Lpol_XP_013778988.1	1.0	S	0.0
Bmal_XP_042933214.1	Lpol_XP_013778988.1	1.0	S	0.0
Scar_TKR68166.1	Lpol_XP_013778988.1	1.0	S	0.0
Hcon_XGW16589.1	Lpol_XP_013778988.1	1.0	S	0.0
Mbel_CAJ0962955.1	Lpol_XP_013778988.1	1.0	S	0.0
Ddip_jg10423	Lpol_XP_013778988.1	1.0	S	0.0
Angcan_KAE9420235.1	Lpol_XP_013778988.1	1.0	S	0.0
Ddip_jg23958	Lpol_XP_013778988.1	1.0	S	0.0
Diplco_DCO_002928	Lpol_XP_013778988.1	1.0	S	0.0
Gpal_Gpal_D383_g10379.t1	Lpol_XP_013778988.1	1.0	S	0.0
Ovol_OVOC8642	Lpol_XP_013778988.1	1.0	S	0.0
Priarc_PARCANUS000008636.t1	Lpol_XP_013778988.1	1.0	S	0.0
Mjap_MIJAPON000001293.t1	Lpol_XP_013778988.1	1.0	S	0.0
Acey_EYC20807.1	Lpol_XP_013778988.1	1.0	S	0.0
Srat_XP_024503932.1	Lpol_XP_013778988.1	1.0	S	0.0
Hcon_XGW16588.1	Lpol_XP_013778988.1	1.0	S	0.0
Hpol_VDO64892.1	Lpol_XP_013778988.1	1.0	S	0.0
Lloa_XP_020303735.1	Lpol_XP_013778988.1	1.0	S	0.0
Priarc_PARCANUS000003063.t1	Lpol_XP_013778988.1	1.0	S	0.0
Otip_Oti_2625_t	Lpol_XP_013778988.1	1.0	S	0.0
Avit_KAL4002845.1	Lpol_XP_013778988.1	1.0	S	0.0
Cele_NP_498419.3	Lpol_XP_013778988.1	1.0	S	0.0
Ever_VDD88057.1	Drer_NP_001410477.1	1.0	S	0.0
Diplco_DCO_002927	Drer_NP_001410477.1	1.0	S	0.0
Cele_NP_498418.3	Drer_NP_001410477.1	1.0	S	0.0
Priarc_PARCANUS000003453.t1	Drer_NP_001410477.1	1.0	S	0.0
Avit_KAL4002846.1	Drer_NP_001410477.1	1.0	S	0.0
Bmal_XP_042933214.1	Drer_NP_001410477.1	1.0	S	0.0
Scar_TKR68166.1	Drer_NP_001410477.1	1.0	S	0.0
Hcon_XGW16589.1	Drer_NP_001410477.1	1.0	S	0.0
Mbel_CAJ0962955.1	Drer_NP_001410477.1	1.0	S	0.0
Ddip_jg10423	Drer_NP_001410477.1	1.0	S	0.0
Angcan_KAE9420235.1	Drer_NP_001410477.1	1.0	S	0.0
Ddip_jg23958	Drer_NP_001410477.1	1.0	S	0.0
Diplco_DCO_002928	Drer_NP_001410477.1	1.0	S	0.0
Gpal_Gpal_D383_g10379.t1	Drer_NP_001410477.1	1.0	S	0.0
Ovol_OVOC8642	Drer_NP_001410477.1	1.0	S	0.0
Priarc_PARCANUS000008636.t1	Drer_NP_001410477.1	1.0	S	0.0
Mjap_MIJAPON000001293.t1	Drer_NP_001410477.1	1.0	S	0.0
Acey_EYC20807.1	Drer_NP_001410477.1	1.0	S	0.0
Srat_XP_024503932.1	Drer_NP_001410477.1	1.0	S	0.0
Hcon_XGW16588.1	Drer_NP_001410477.1	1.0	S	0.0
Hpol_VDO64892.1	Drer_NP_001410477.1	1.0	S	0.0
Lloa_XP_020303735.1	Drer_NP_001410477.1	1.0	S	0.0
Priarc_PARCANUS000003063.t1	Drer_NP_001410477.1	1.0	S	0.0
Otip_Oti_2625_t	Drer_NP_001410477.1	1.0	S	0.0
Avit_KAL4002845.1	Drer_NP_001410477.1	1.0	S	0.0
Cele_NP_498419.3	Drer_NP_001410477.1	1.0	S	0.0
Ever_VDD88057.1	Hsap_XP_047285666.1	1.0	S	0.0
Diplco_DCO_002927	Hsap_XP_047285666.1	1.0	S	0.0
Cele_NP_498418.3	Hsap_XP_047285666.1	1.0	S	0.0
Priarc_PARCANUS000003453.t1	Hsap_XP_047285666.1	1.0	S	0.0
Avit_KAL4002846.1	Hsap_XP_047285666.1	1.0	S	0.0
Bmal_XP_042933214.1	Hsap_XP_047285666.1	1.0	S	0.0
Scar_TKR68166.1	Hsap_XP_047285666.1	1.0	S	0.0
Hcon_XGW16589.1	Hsap_XP_047285666.1	1.0	S	0.0
Mbel_CAJ0962955.1	Hsap_XP_047285666.1	1.0	S	0.0
Ddip_jg10423	Hsap_XP_047285666.1	1.0	S	0.0
Angcan_KAE9420235.1	Hsap_XP_047285666.1	1.0	S	0.0
Ddip_jg23958	Hsap_XP_047285666.1	1.0	S	0.0
Diplco_DCO_002928	Hsap_XP_047285666.1	1.0	S	0.0
Gpal_Gpal_D383_g10379.t1	Hsap_XP_047285666.1	1.0	S	0.0
Ovol_OVOC8642	Hsap_XP_047285666.1	1.0	S	0.0
Priarc_PARCANUS000008636.t1	Hsap_XP_047285666.1	1.0	S	0.0
Mjap_MIJAPON000001293.t1	Hsap_XP_047285666.1	1.0	S	0.0
Acey_EYC20807.1	Hsap_XP_047285666.1	1.0	S	0.0
Srat_XP_024503932.1	Hsap_XP_047285666.1	1.0	S	0.0
Hcon_XGW16588.1	Hsap_XP_047285666.1	1.0	S	0.0
Hpol_VDO64892.1	Hsap_XP_047285666.1	1.0	S	0.0
Lloa_XP_020303735.1	Hsap_XP_047285666.1	1.0	S	0.0
Priarc_PARCANUS000003063.t1	Hsap_XP_047285666.1	1.0	S	0.0
Otip_Oti_2625_t	Hsap_XP_047285666.1	1.0	S	0.0
Avit_KAL4002845.1	Hsap_XP_047285666.1	1.0	S	0.0
Cele_NP_498419.3	Hsap_XP_047285666.1	1.0	S	0.0
Ever_VDD88057.1	Bmor_XP_004928906.1	1.0	S	0.0
Diplco_DCO_002927	Bmor_XP_004928906.1	1.0	S	0.0
Cele_NP_498418.3	Bmor_XP_004928906.1	1.0	S	0.0
Priarc_PARCANUS000003453.t1	Bmor_XP_004928906.1	1.0	S	0.0
Avit_KAL4002846.1	Bmor_XP_004928906.1	1.0	S	0.0
Bmal_XP_042933214.1	Bmor_XP_004928906.1	1.0	S	0.0
Scar_TKR68166.1	Bmor_XP_004928906.1	1.0	S	0.0
Hcon_XGW16589.1	Bmor_XP_004928906.1	1.0	S	0.0
Mbel_CAJ0962955.1	Bmor_XP_004928906.1	1.0	S	0.0
Ddip_jg10423	Bmor_XP_004928906.1	1.0	S	0.0
Angcan_KAE9420235.1	Bmor_XP_004928906.1	1.0	S	0.0
Ddip_jg23958	Bmor_XP_004928906.1	1.0	S	0.0
Diplco_DCO_002928	Bmor_XP_004928906.1	1.0	S	0.0
Gpal_Gpal_D383_g10379.t1	Bmor_XP_004928906.1	1.0	S	0.0
Ovol_OVOC8642	Bmor_XP_004928906.1	1.0	S	0.0
Priarc_PARCANUS000008636.t1	Bmor_XP_004928906.1	1.0	S	0.0
Mjap_MIJAPON000001293.t1	Bmor_XP_004928906.1	1.0	S	0.0
Acey_EYC20807.1	Bmor_XP_004928906.1	1.0	S	0.0
Srat_XP_024503932.1	Bmor_XP_004928906.1	1.0	S	0.0
Hcon_XGW16588.1	Bmor_XP_004928906.1	1.0	S	0.0
Hpol_VDO64892.1	Bmor_XP_004928906.1	1.0	S	0.0
Lloa_XP_020303735.1	Bmor_XP_004928906.1	1.0	S	0.0
Priarc_PARCANUS000003063.t1	Bmor_XP_004928906.1	1.0	S	0.0
Otip_Oti_2625_t	Bmor_XP_004928906.1	1.0	S	0.0
Avit_KAL4002845.1	Bmor_XP_004928906.1	1.0	S	0.0
Cele_NP_498419.3	Bmor_XP_004928906.1	1.0	S	0.0
Ever_VDD88057.1	Ggal_XP_004945618.1	1.0	S	0.0
Diplco_DCO_002927	Ggal_XP_004945618.1	1.0	S	0.0
Cele_NP_498418.3	Ggal_XP_004945618.1	1.0	S	0.0
Priarc_PARCANUS000003453.t1	Ggal_XP_004945618.1	1.0	S	0.0
Avit_KAL4002846.1	Ggal_XP_004945618.1	1.0	S	0.0
Bmal_XP_042933214.1	Ggal_XP_004945618.1	1.0	S	0.0
Scar_TKR68166.1	Ggal_XP_004945618.1	1.0	S	0.0
Hcon_XGW16589.1	Ggal_XP_004945618.1	1.0	S	0.0
Mbel_CAJ0962955.1	Ggal_XP_004945618.1	1.0	S	0.0
Ddip_jg10423	Ggal_XP_004945618.1	1.0	S	0.0
Angcan_KAE9420235.1	Ggal_XP_004945618.1	1.0	S	0.0
Ddip_jg23958	Ggal_XP_004945618.1	1.0	S	0.0
Diplco_DCO_002928	Ggal_XP_004945618.1	1.0	S	0.0
Gpal_Gpal_D383_g10379.t1	Ggal_XP_004945618.1	1.0	S	0.0
Ovol_OVOC8642	Ggal_XP_004945618.1	1.0	S	0.0
Priarc_PARCANUS000008636.t1	Ggal_XP_004945618.1	1.0	S	0.0
Mjap_MIJAPON000001293.t1	Ggal_XP_004945618.1	1.0	S	0.0
Acey_EYC20807.1	Ggal_XP_004945618.1	1.0	S	0.0
Srat_XP_024503932.1	Ggal_XP_004945618.1	1.0	S	0.0
Hcon_XGW16588.1	Ggal_XP_004945618.1	1.0	S	0.0
Hpol_VDO64892.1	Ggal_XP_004945618.1	1.0	S	0.0
Lloa_XP_020303735.1	Ggal_XP_004945618.1	1.0	S	0.0
Priarc_PARCANUS000003063.t1	Ggal_XP_004945618.1	1.0	S	0.0
Otip_Oti_2625_t	Ggal_XP_004945618.1	1.0	S	0.0
Avit_KAL4002845.1	Ggal_XP_004945618.1	1.0	S	0.0
Cele_NP_498419.3	Ggal_XP_004945618.1	1.0	S	0.0
Ever_VDD88057.1	Lpol_XP_022243927.1	1.0	S	0.0
Diplco_DCO_002927	Lpol_XP_022243927.1	1.0	S	0.0
Cele_NP_498418.3	Lpol_XP_022243927.1	1.0	S	0.0
Priarc_PARCANUS000003453.t1	Lpol_XP_022243927.1	1.0	S	0.0
Avit_KAL4002846.1	Lpol_XP_022243927.1	1.0	S	0.0
Bmal_XP_042933214.1	Lpol_XP_022243927.1	1.0	S	0.0
Scar_TKR68166.1	Lpol_XP_022243927.1	1.0	S	0.0
Hcon_XGW16589.1	Lpol_XP_022243927.1	1.0	S	0.0
Mbel_CAJ0962955.1	Lpol_XP_022243927.1	1.0	S	0.0
Ddip_jg10423	Lpol_XP_022243927.1	1.0	S	0.0
Angcan_KAE9420235.1	Lpol_XP_022243927.1	1.0	S	0.0
Ddip_jg23958	Lpol_XP_022243927.1	1.0	S	0.0
Diplco_DCO_002928	Lpol_XP_022243927.1	1.0	S	0.0
Gpal_Gpal_D383_g10379.t1	Lpol_XP_022243927.1	1.0	S	0.0
Ovol_OVOC8642	Lpol_XP_022243927.1	1.0	S	0.0
Priarc_PARCANUS000008636.t1	Lpol_XP_022243927.1	1.0	S	0.0
Mjap_MIJAPON000001293.t1	Lpol_XP_022243927.1	1.0	S	0.0
Acey_EYC20807.1	Lpol_XP_022243927.1	1.0	S	0.0
Srat_XP_024503932.1	Lpol_XP_022243927.1	1.0	S	0.0
Hcon_XGW16588.1	Lpol_XP_022243927.1	1.0	S	0.0
Hpol_VDO64892.1	Lpol_XP_022243927.1	1.0	S	0.0
Lloa_XP_020303735.1	Lpol_XP_022243927.1	1.0	S	0.0
Priarc_PARCANUS000003063.t1	Lpol_XP_022243927.1	1.0	S	0.0
Otip_Oti_2625_t	Lpol_XP_022243927.1	1.0	S	0.0
Avit_KAL4002845.1	Lpol_XP_022243927.1	1.0	S	0.0
Cele_NP_498419.3	Lpol_XP_022243927.1	1.0	S	0.0
Ever_VDD88057.1	Aque_XP_011404618.2	1.0	S	0.0
Diplco_DCO_002927	Aque_XP_011404618.2	1.0	S	0.0
Cele_NP_498418.3	Aque_XP_011404618.2	1.0	S	0.0
Priarc_PARCANUS000003453.t1	Aque_XP_011404618.2	1.0	S	0.0
Avit_KAL4002846.1	Aque_XP_011404618.2	1.0	S	0.0
Bmal_XP_042933214.1	Aque_XP_011404618.2	1.0	S	0.0
Scar_TKR68166.1	Aque_XP_011404618.2	1.0	S	0.0
Hcon_XGW16589.1	Aque_XP_011404618.2	1.0	S	0.0
Mbel_CAJ0962955.1	Aque_XP_011404618.2	1.0	S	0.0
Ddip_jg10423	Aque_XP_011404618.2	1.0	S	0.0
Angcan_KAE9420235.1	Aque_XP_011404618.2	1.0	S	0.0
Ddip_jg23958	Aque_XP_011404618.2	1.0	S	0.0
Diplco_DCO_002928	Aque_XP_011404618.2	1.0	S	0.0
Gpal_Gpal_D383_g10379.t1	Aque_XP_011404618.2	1.0	S	0.0
Ovol_OVOC8642	Aque_XP_011404618.2	1.0	S	0.0
Priarc_PARCANUS000008636.t1	Aque_XP_011404618.2	1.0	S	0.0
Mjap_MIJAPON000001293.t1	Aque_XP_011404618.2	1.0	S	0.0
Acey_EYC20807.1	Aque_XP_011404618.2	1.0	S	0.0
Srat_XP_024503932.1	Aque_XP_011404618.2	1.0	S	0.0
Hcon_XGW16588.1	Aque_XP_011404618.2	1.0	S	0.0
Hpol_VDO64892.1	Aque_XP_011404618.2	1.0	S	0.0
Lloa_XP_020303735.1	Aque_XP_011404618.2	1.0	S	0.0
Priarc_PARCANUS000003063.t1	Aque_XP_011404618.2	1.0	S	0.0
Otip_Oti_2625_t	Aque_XP_011404618.2	1.0	S	0.0
Avit_KAL4002845.1	Aque_XP_011404618.2	1.0	S	0.0
Cele_NP_498419.3	Aque_XP_011404618.2	1.0	S	0.0
Ever_VDD88057.1	Ggal_XP_046757210.1	1.0	S	0.0
Diplco_DCO_002927	Ggal_XP_046757210.1	1.0	S	0.0
Cele_NP_498418.3	Ggal_XP_046757210.1	1.0	S	0.0
Priarc_PARCANUS000003453.t1	Ggal_XP_046757210.1	1.0	S	0.0
Avit_KAL4002846.1	Ggal_XP_046757210.1	1.0	S	0.0
Bmal_XP_042933214.1	Ggal_XP_046757210.1	1.0	S	0.0
Scar_TKR68166.1	Ggal_XP_046757210.1	1.0	S	0.0
Hcon_XGW16589.1	Ggal_XP_046757210.1	1.0	S	0.0
Mbel_CAJ0962955.1	Ggal_XP_046757210.1	1.0	S	0.0
Ddip_jg10423	Ggal_XP_046757210.1	1.0	S	0.0
Angcan_KAE9420235.1	Ggal_XP_046757210.1	1.0	S	0.0
Ddip_jg23958	Ggal_XP_046757210.1	1.0	S	0.0
Diplco_DCO_002928	Ggal_XP_046757210.1	1.0	S	0.0
Gpal_Gpal_D383_g10379.t1	Ggal_XP_046757210.1	1.0	S	0.0
Ovol_OVOC8642	Ggal_XP_046757210.1	1.0	S	0.0
Priarc_PARCANUS000008636.t1	Ggal_XP_046757210.1	1.0	S	0.0
Mjap_MIJAPON000001293.t1	Ggal_XP_046757210.1	1.0	S	0.0
Acey_EYC20807.1	Ggal_XP_046757210.1	1.0	S	0.0
Srat_XP_024503932.1	Ggal_XP_046757210.1	1.0	S	0.0
Hcon_XGW16588.1	Ggal_XP_046757210.1	1.0	S	0.0
Hpol_VDO64892.1	Ggal_XP_046757210.1	1.0	S	0.0
Lloa_XP_020303735.1	Ggal_XP_046757210.1	1.0	S	0.0
Priarc_PARCANUS000003063.t1	Ggal_XP_046757210.1	1.0	S	0.0
Otip_Oti_2625_t	Ggal_XP_046757210.1	1.0	S	0.0
Avit_KAL4002845.1	Ggal_XP_046757210.1	1.0	S	0.0
Cele_NP_498419.3	Ggal_XP_046757210.1	1.0	S	0.0
Ever_VDD88057.1	Drer_XP_068079819.1	1.0	S	0.0
Diplco_DCO_002927	Drer_XP_068079819.1	1.0	S	0.0
Cele_NP_498418.3	Drer_XP_068079819.1	1.0	S	0.0
Priarc_PARCANUS000003453.t1	Drer_XP_068079819.1	1.0	S	0.0
Avit_KAL4002846.1	Drer_XP_068079819.1	1.0	S	0.0
Bmal_XP_042933214.1	Drer_XP_068079819.1	1.0	S	0.0
Scar_TKR68166.1	Drer_XP_068079819.1	1.0	S	0.0
Hcon_XGW16589.1	Drer_XP_068079819.1	1.0	S	0.0
Mbel_CAJ0962955.1	Drer_XP_068079819.1	1.0	S	0.0
Ddip_jg10423	Drer_XP_068079819.1	1.0	S	0.0
Angcan_KAE9420235.1	Drer_XP_068079819.1	1.0	S	0.0
Ddip_jg23958	Drer_XP_068079819.1	1.0	S	0.0
Diplco_DCO_002928	Drer_XP_068079819.1	1.0	S	0.0
Gpal_Gpal_D383_g10379.t1	Drer_XP_068079819.1	1.0	S	0.0
Ovol_OVOC8642	Drer_XP_068079819.1	1.0	S	0.0
Priarc_PARCANUS000008636.t1	Drer_XP_068079819.1	1.0	S	0.0
Mjap_MIJAPON000001293.t1	Drer_XP_068079819.1	1.0	S	0.0
Acey_EYC20807.1	Drer_XP_068079819.1	1.0	S	0.0
Srat_XP_024503932.1	Drer_XP_068079819.1	1.0	S	0.0
Hcon_XGW16588.1	Drer_XP_068079819.1	1.0	S	0.0
Hpol_VDO64892.1	Drer_XP_068079819.1	1.0	S	0.0
Lloa_XP_020303735.1	Drer_XP_068079819.1	1.0	S	0.0
Priarc_PARCANUS000003063.t1	Drer_XP_068079819.1	1.0	S	0.0
Otip_Oti_2625_t	Drer_XP_068079819.1	1.0	S	0.0
Avit_KAL4002845.1	Drer_XP_068079819.1	1.0	S	0.0
Cele_NP_498419.3	Drer_XP_068079819.1	1.0	S	0.0
Ever_VDD88057.1	Ggal_XP_025011399.1	1.0	S	0.0
Diplco_DCO_002927	Ggal_XP_025011399.1	1.0	S	0.0
Cele_NP_498418.3	Ggal_XP_025011399.1	1.0	S	0.0
Priarc_PARCANUS000003453.t1	Ggal_XP_025011399.1	1.0	S	0.0
Avit_KAL4002846.1	Ggal_XP_025011399.1	1.0	S	0.0
Bmal_XP_042933214.1	Ggal_XP_025011399.1	1.0	S	0.0
Scar_TKR68166.1	Ggal_XP_025011399.1	1.0	S	0.0
Hcon_XGW16589.1	Ggal_XP_025011399.1	1.0	S	0.0
Mbel_CAJ0962955.1	Ggal_XP_025011399.1	1.0	S	0.0
Ddip_jg10423	Ggal_XP_025011399.1	1.0	S	0.0
Angcan_KAE9420235.1	Ggal_XP_025011399.1	1.0	S	0.0
Ddip_jg23958	Ggal_XP_025011399.1	1.0	S	0.0
Diplco_DCO_002928	Ggal_XP_025011399.1	1.0	S	0.0
Gpal_Gpal_D383_g10379.t1	Ggal_XP_025011399.1	1.0	S	0.0
Ovol_OVOC8642	Ggal_XP_025011399.1	1.0	S	0.0
Priarc_PARCANUS000008636.t1	Ggal_XP_025011399.1	1.0	S	0.0
Mjap_MIJAPON000001293.t1	Ggal_XP_025011399.1	1.0	S	0.0
Acey_EYC20807.1	Ggal_XP_025011399.1	1.0	S	0.0
Srat_XP_024503932.1	Ggal_XP_025011399.1	1.0	S	0.0
Hcon_XGW16588.1	Ggal_XP_025011399.1	1.0	S	0.0
Hpol_VDO64892.1	Ggal_XP_025011399.1	1.0	S	0.0
Lloa_XP_020303735.1	Ggal_XP_025011399.1	1.0	S	0.0
Priarc_PARCANUS000003063.t1	Ggal_XP_025011399.1	1.0	S	0.0
Otip_Oti_2625_t	Ggal_XP_025011399.1	1.0	S	0.0
Avit_KAL4002845.1	Ggal_XP_025011399.1	1.0	S	0.0
Cele_NP_498419.3	Ggal_XP_025011399.1	1.0	S	0.0
Ever_VDD88057.1	Hsap_XP_047285648.1	1.0	S	0.0
Diplco_DCO_002927	Hsap_XP_047285648.1	1.0	S	0.0
Cele_NP_498418.3	Hsap_XP_047285648.1	1.0	S	0.0
Priarc_PARCANUS000003453.t1	Hsap_XP_047285648.1	1.0	S	0.0
Avit_KAL4002846.1	Hsap_XP_047285648.1	1.0	S	0.0
Bmal_XP_042933214.1	Hsap_XP_047285648.1	1.0	S	0.0
Scar_TKR68166.1	Hsap_XP_047285648.1	1.0	S	0.0
Hcon_XGW16589.1	Hsap_XP_047285648.1	1.0	S	0.0
Mbel_CAJ0962955.1	Hsap_XP_047285648.1	1.0	S	0.0
Ddip_jg10423	Hsap_XP_047285648.1	1.0	S	0.0
Angcan_KAE9420235.1	Hsap_XP_047285648.1	1.0	S	0.0
Ddip_jg23958	Hsap_XP_047285648.1	1.0	S	0.0
Diplco_DCO_002928	Hsap_XP_047285648.1	1.0	S	0.0
Gpal_Gpal_D383_g10379.t1	Hsap_XP_047285648.1	1.0	S	0.0
Ovol_OVOC8642	Hsap_XP_047285648.1	1.0	S	0.0
Priarc_PARCANUS000008636.t1	Hsap_XP_047285648.1	1.0	S	0.0
Mjap_MIJAPON000001293.t1	Hsap_XP_047285648.1	1.0	S	0.0
Acey_EYC20807.1	Hsap_XP_047285648.1	1.0	S	0.0
Srat_XP_024503932.1	Hsap_XP_047285648.1	1.0	S	0.0
Hcon_XGW16588.1	Hsap_XP_047285648.1	1.0	S	0.0
Hpol_VDO64892.1	Hsap_XP_047285648.1	1.0	S	0.0
Lloa_XP_020303735.1	Hsap_XP_047285648.1	1.0	S	0.0
Priarc_PARCANUS000003063.t1	Hsap_XP_047285648.1	1.0	S	0.0
Otip_Oti_2625_t	Hsap_XP_047285648.1	1.0	S	0.0
Avit_KAL4002845.1	Hsap_XP_047285648.1	1.0	S	0.0
Cele_NP_498419.3	Hsap_XP_047285648.1	1.0	S	0.0
Ever_VDD88057.1	Lpol_XP_022243924.1	1.0	S	0.0
Diplco_DCO_002927	Lpol_XP_022243924.1	1.0	S	0.0
Cele_NP_498418.3	Lpol_XP_022243924.1	1.0	S	0.0
Priarc_PARCANUS000003453.t1	Lpol_XP_022243924.1	1.0	S	0.0
Avit_KAL4002846.1	Lpol_XP_022243924.1	1.0	S	0.0
Bmal_XP_042933214.1	Lpol_XP_022243924.1	1.0	S	0.0
Scar_TKR68166.1	Lpol_XP_022243924.1	1.0	S	0.0
Hcon_XGW16589.1	Lpol_XP_022243924.1	1.0	S	0.0
Mbel_CAJ0962955.1	Lpol_XP_022243924.1	1.0	S	0.0
Ddip_jg10423	Lpol_XP_022243924.1	1.0	S	0.0
Angcan_KAE9420235.1	Lpol_XP_022243924.1	1.0	S	0.0
Ddip_jg23958	Lpol_XP_022243924.1	1.0	S	0.0
Diplco_DCO_002928	Lpol_XP_022243924.1	1.0	S	0.0
Gpal_Gpal_D383_g10379.t1	Lpol_XP_022243924.1	1.0	S	0.0
Ovol_OVOC8642	Lpol_XP_022243924.1	1.0	S	0.0
Priarc_PARCANUS000008636.t1	Lpol_XP_022243924.1	1.0	S	0.0
Mjap_MIJAPON000001293.t1	Lpol_XP_022243924.1	1.0	S	0.0
Acey_EYC20807.1	Lpol_XP_022243924.1	1.0	S	0.0
Srat_XP_024503932.1	Lpol_XP_022243924.1	1.0	S	0.0
Hcon_XGW16588.1	Lpol_XP_022243924.1	1.0	S	0.0
Hpol_VDO64892.1	Lpol_XP_022243924.1	1.0	S	0.0
Lloa_XP_020303735.1	Lpol_XP_022243924.1	1.0	S	0.0
Priarc_PARCANUS000003063.t1	Lpol_XP_022243924.1	1.0	S	0.0
Otip_Oti_2625_t	Lpol_XP_022243924.1	1.0	S	0.0
Avit_KAL4002845.1	Lpol_XP_022243924.1	1.0	S	0.0
Cele_NP_498419.3	Lpol_XP_022243924.1	1.0	S	0.0
Ever_VDD88057.1	Hsap_XP_047285660.1	1.0	S	0.0
Diplco_DCO_002927	Hsap_XP_047285660.1	1.0	S	0.0
Cele_NP_498418.3	Hsap_XP_047285660.1	1.0	S	0.0
Priarc_PARCANUS000003453.t1	Hsap_XP_047285660.1	1.0	S	0.0
Avit_KAL4002846.1	Hsap_XP_047285660.1	1.0	S	0.0
Bmal_XP_042933214.1	Hsap_XP_047285660.1	1.0	S	0.0
Scar_TKR68166.1	Hsap_XP_047285660.1	1.0	S	0.0
Hcon_XGW16589.1	Hsap_XP_047285660.1	1.0	S	0.0
Mbel_CAJ0962955.1	Hsap_XP_047285660.1	1.0	S	0.0
Ddip_jg10423	Hsap_XP_047285660.1	1.0	S	0.0
Angcan_KAE9420235.1	Hsap_XP_047285660.1	1.0	S	0.0
Ddip_jg23958	Hsap_XP_047285660.1	1.0	S	0.0
Diplco_DCO_002928	Hsap_XP_047285660.1	1.0	S	0.0
Gpal_Gpal_D383_g10379.t1	Hsap_XP_047285660.1	1.0	S	0.0
Ovol_OVOC8642	Hsap_XP_047285660.1	1.0	S	0.0
Priarc_PARCANUS000008636.t1	Hsap_XP_047285660.1	1.0	S	0.0
Mjap_MIJAPON000001293.t1	Hsap_XP_047285660.1	1.0	S	0.0
Acey_EYC20807.1	Hsap_XP_047285660.1	1.0	S	0.0
Srat_XP_024503932.1	Hsap_XP_047285660.1	1.0	S	0.0
Hcon_XGW16588.1	Hsap_XP_047285660.1	1.0	S	0.0
Hpol_VDO64892.1	Hsap_XP_047285660.1	1.0	S	0.0
Lloa_XP_020303735.1	Hsap_XP_047285660.1	1.0	S	0.0
Priarc_PARCANUS000003063.t1	Hsap_XP_047285660.1	1.0	S	0.0
Otip_Oti_2625_t	Hsap_XP_047285660.1	1.0	S	0.0
Avit_KAL4002845.1	Hsap_XP_047285660.1	1.0	S	0.0
Cele_NP_498419.3	Hsap_XP_047285660.1	1.0	S	0.0
Ever_VDD88057.1	Agrpla_XP_025836100.1	1.0	S	0.0
Diplco_DCO_002927	Agrpla_XP_025836100.1	1.0	S	0.0
Cele_NP_498418.3	Agrpla_XP_025836100.1	1.0	S	0.0
Priarc_PARCANUS000003453.t1	Agrpla_XP_025836100.1	1.0	S	0.0
Avit_KAL4002846.1	Agrpla_XP_025836100.1	1.0	S	0.0
Bmal_XP_042933214.1	Agrpla_XP_025836100.1	1.0	S	0.0
Scar_TKR68166.1	Agrpla_XP_025836100.1	1.0	S	0.0
Hcon_XGW16589.1	Agrpla_XP_025836100.1	1.0	S	0.0
Mbel_CAJ0962955.1	Agrpla_XP_025836100.1	1.0	S	0.0
Ddip_jg10423	Agrpla_XP_025836100.1	1.0	S	0.0
Angcan_KAE9420235.1	Agrpla_XP_025836100.1	1.0	S	0.0
Ddip_jg23958	Agrpla_XP_025836100.1	1.0	S	0.0
Diplco_DCO_002928	Agrpla_XP_025836100.1	1.0	S	0.0
Gpal_Gpal_D383_g10379.t1	Agrpla_XP_025836100.1	1.0	S	0.0
Ovol_OVOC8642	Agrpla_XP_025836100.1	1.0	S	0.0
Priarc_PARCANUS000008636.t1	Agrpla_XP_025836100.1	1.0	S	0.0
Mjap_MIJAPON000001293.t1	Agrpla_XP_025836100.1	1.0	S	0.0
Acey_EYC20807.1	Agrpla_XP_025836100.1	1.0	S	0.0
Srat_XP_024503932.1	Agrpla_XP_025836100.1	1.0	S	0.0
Hcon_XGW16588.1	Agrpla_XP_025836100.1	1.0	S	0.0
Hpol_VDO64892.1	Agrpla_XP_025836100.1	1.0	S	0.0
Lloa_XP_020303735.1	Agrpla_XP_025836100.1	1.0	S	0.0
Priarc_PARCANUS000003063.t1	Agrpla_XP_025836100.1	1.0	S	0.0
Otip_Oti_2625_t	Agrpla_XP_025836100.1	1.0	S	0.0
Avit_KAL4002845.1	Agrpla_XP_025836100.1	1.0	S	0.0
Cele_NP_498419.3	Agrpla_XP_025836100.1	1.0	S	0.0
Ever_VDD88057.1	Apla_XP_022085616.1	1.0	S	0.0
Diplco_DCO_002927	Apla_XP_022085616.1	1.0	S	0.0
Cele_NP_498418.3	Apla_XP_022085616.1	1.0	S	0.0
Priarc_PARCANUS000003453.t1	Apla_XP_022085616.1	1.0	S	0.0
Avit_KAL4002846.1	Apla_XP_022085616.1	1.0	S	0.0
Bmal_XP_042933214.1	Apla_XP_022085616.1	1.0	S	0.0
Scar_TKR68166.1	Apla_XP_022085616.1	1.0	S	0.0
Hcon_XGW16589.1	Apla_XP_022085616.1	1.0	S	0.0
Mbel_CAJ0962955.1	Apla_XP_022085616.1	1.0	S	0.0
Ddip_jg10423	Apla_XP_022085616.1	1.0	S	0.0
Angcan_KAE9420235.1	Apla_XP_022085616.1	1.0	S	0.0
Ddip_jg23958	Apla_XP_022085616.1	1.0	S	0.0
Diplco_DCO_002928	Apla_XP_022085616.1	1.0	S	0.0
Gpal_Gpal_D383_g10379.t1	Apla_XP_022085616.1	1.0	S	0.0
Ovol_OVOC8642	Apla_XP_022085616.1	1.0	S	0.0
Priarc_PARCANUS000008636.t1	Apla_XP_022085616.1	1.0	S	0.0
Mjap_MIJAPON000001293.t1	Apla_XP_022085616.1	1.0	S	0.0
Acey_EYC20807.1	Apla_XP_022085616.1	1.0	S	0.0
Srat_XP_024503932.1	Apla_XP_022085616.1	1.0	S	0.0
Hcon_XGW16588.1	Apla_XP_022085616.1	1.0	S	0.0
Hpol_VDO64892.1	Apla_XP_022085616.1	1.0	S	0.0
Lloa_XP_020303735.1	Apla_XP_022085616.1	1.0	S	0.0
Priarc_PARCANUS000003063.t1	Apla_XP_022085616.1	1.0	S	0.0
Otip_Oti_2625_t	Apla_XP_022085616.1	1.0	S	0.0
Avit_KAL4002845.1	Apla_XP_022085616.1	1.0	S	0.0
Cele_NP_498419.3	Apla_XP_022085616.1	1.0	S	0.0
Ever_VDD88057.1	Ggal_XP_004945613.1	1.0	S	0.0
Diplco_DCO_002927	Ggal_XP_004945613.1	1.0	S	0.0
Cele_NP_498418.3	Ggal_XP_004945613.1	1.0	S	0.0
Priarc_PARCANUS000003453.t1	Ggal_XP_004945613.1	1.0	S	0.0
Avit_KAL4002846.1	Ggal_XP_004945613.1	1.0	S	0.0
Bmal_XP_042933214.1	Ggal_XP_004945613.1	1.0	S	0.0
Scar_TKR68166.1	Ggal_XP_004945613.1	1.0	S	0.0
Hcon_XGW16589.1	Ggal_XP_004945613.1	1.0	S	0.0
Mbel_CAJ0962955.1	Ggal_XP_004945613.1	1.0	S	0.0
Ddip_jg10423	Ggal_XP_004945613.1	1.0	S	0.0
Angcan_KAE9420235.1	Ggal_XP_004945613.1	1.0	S	0.0
Ddip_jg23958	Ggal_XP_004945613.1	1.0	S	0.0
Diplco_DCO_002928	Ggal_XP_004945613.1	1.0	S	0.0
Gpal_Gpal_D383_g10379.t1	Ggal_XP_004945613.1	1.0	S	0.0
Ovol_OVOC8642	Ggal_XP_004945613.1	1.0	S	0.0
Priarc_PARCANUS000008636.t1	Ggal_XP_004945613.1	1.0	S	0.0
Mjap_MIJAPON000001293.t1	Ggal_XP_004945613.1	1.0	S	0.0
Acey_EYC20807.1	Ggal_XP_004945613.1	1.0	S	0.0
Srat_XP_024503932.1	Ggal_XP_004945613.1	1.0	S	0.0
Hcon_XGW16588.1	Ggal_XP_004945613.1	1.0	S	0.0
Hpol_VDO64892.1	Ggal_XP_004945613.1	1.0	S	0.0
Lloa_XP_020303735.1	Ggal_XP_004945613.1	1.0	S	0.0
Priarc_PARCANUS000003063.t1	Ggal_XP_004945613.1	1.0	S	0.0
Otip_Oti_2625_t	Ggal_XP_004945613.1	1.0	S	0.0
Avit_KAL4002845.1	Ggal_XP_004945613.1	1.0	S	0.0
Cele_NP_498419.3	Ggal_XP_004945613.1	1.0	S	0.0
Ever_VDD88057.1	Ggal_XP_015131080.1	1.0	S	0.0
Diplco_DCO_002927	Ggal_XP_015131080.1	1.0	S	0.0
Cele_NP_498418.3	Ggal_XP_015131080.1	1.0	S	0.0
Priarc_PARCANUS000003453.t1	Ggal_XP_015131080.1	1.0	S	0.0
Avit_KAL4002846.1	Ggal_XP_015131080.1	1.0	S	0.0
Bmal_XP_042933214.1	Ggal_XP_015131080.1	1.0	S	0.0
Scar_TKR68166.1	Ggal_XP_015131080.1	1.0	S	0.0
Hcon_XGW16589.1	Ggal_XP_015131080.1	1.0	S	0.0
Mbel_CAJ0962955.1	Ggal_XP_015131080.1	1.0	S	0.0
Ddip_jg10423	Ggal_XP_015131080.1	1.0	S	0.0
Angcan_KAE9420235.1	Ggal_XP_015131080.1	1.0	S	0.0
Ddip_jg23958	Ggal_XP_015131080.1	1.0	S	0.0
Diplco_DCO_002928	Ggal_XP_015131080.1	1.0	S	0.0
Gpal_Gpal_D383_g10379.t1	Ggal_XP_015131080.1	1.0	S	0.0
Ovol_OVOC8642	Ggal_XP_015131080.1	1.0	S	0.0
Priarc_PARCANUS000008636.t1	Ggal_XP_015131080.1	1.0	S	0.0
Mjap_MIJAPON000001293.t1	Ggal_XP_015131080.1	1.0	S	0.0
Acey_EYC20807.1	Ggal_XP_015131080.1	1.0	S	0.0
Srat_XP_024503932.1	Ggal_XP_015131080.1	1.0	S	0.0
Hcon_XGW16588.1	Ggal_XP_015131080.1	1.0	S	0.0
Hpol_VDO64892.1	Ggal_XP_015131080.1	1.0	S	0.0
Lloa_XP_020303735.1	Ggal_XP_015131080.1	1.0	S	0.0
Priarc_PARCANUS000003063.t1	Ggal_XP_015131080.1	1.0	S	0.0
Otip_Oti_2625_t	Ggal_XP_015131080.1	1.0	S	0.0
Avit_KAL4002845.1	Ggal_XP_015131080.1	1.0	S	0.0
Cele_NP_498419.3	Ggal_XP_015131080.1	1.0	S	0.0
Ever_VDD88057.1	Hsap_XP_047285649.1	1.0	S	0.0
Diplco_DCO_002927	Hsap_XP_047285649.1	1.0	S	0.0
Cele_NP_498418.3	Hsap_XP_047285649.1	1.0	S	0.0
Priarc_PARCANUS000003453.t1	Hsap_XP_047285649.1	1.0	S	0.0
Avit_KAL4002846.1	Hsap_XP_047285649.1	1.0	S	0.0
Bmal_XP_042933214.1	Hsap_XP_047285649.1	1.0	S	0.0
Scar_TKR68166.1	Hsap_XP_047285649.1	1.0	S	0.0
Hcon_XGW16589.1	Hsap_XP_047285649.1	1.0	S	0.0
Mbel_CAJ0962955.1	Hsap_XP_047285649.1	1.0	S	0.0
Ddip_jg10423	Hsap_XP_047285649.1	1.0	S	0.0
Angcan_KAE9420235.1	Hsap_XP_047285649.1	1.0	S	0.0
Ddip_jg23958	Hsap_XP_047285649.1	1.0	S	0.0
Diplco_DCO_002928	Hsap_XP_047285649.1	1.0	S	0.0
Gpal_Gpal_D383_g10379.t1	Hsap_XP_047285649.1	1.0	S	0.0
Ovol_OVOC8642	Hsap_XP_047285649.1	1.0	S	0.0
Priarc_PARCANUS000008636.t1	Hsap_XP_047285649.1	1.0	S	0.0
Mjap_MIJAPON000001293.t1	Hsap_XP_047285649.1	1.0	S	0.0
Acey_EYC20807.1	Hsap_XP_047285649.1	1.0	S	0.0
Srat_XP_024503932.1	Hsap_XP_047285649.1	1.0	S	0.0
Hcon_XGW16588.1	Hsap_XP_047285649.1	1.0	S	0.0
Hpol_VDO64892.1	Hsap_XP_047285649.1	1.0	S	0.0
Lloa_XP_020303735.1	Hsap_XP_047285649.1	1.0	S	0.0
Priarc_PARCANUS000003063.t1	Hsap_XP_047285649.1	1.0	S	0.0
Otip_Oti_2625_t	Hsap_XP_047285649.1	1.0	S	0.0
Avit_KAL4002845.1	Hsap_XP_047285649.1	1.0	S	0.0
Cele_NP_498419.3	Hsap_XP_047285649.1	1.0	S	0.0
Ever_VDD88057.1	Smed_h1SMcT0005069.5	1.0	S	0.0
Diplco_DCO_002927	Smed_h1SMcT0005069.5	1.0	S	0.0
Cele_NP_498418.3	Smed_h1SMcT0005069.5	1.0	S	0.0
Priarc_PARCANUS000003453.t1	Smed_h1SMcT0005069.5	1.0	S	0.0
Avit_KAL4002846.1	Smed_h1SMcT0005069.5	1.0	S	0.0
Bmal_XP_042933214.1	Smed_h1SMcT0005069.5	1.0	S	0.0
Scar_TKR68166.1	Smed_h1SMcT0005069.5	1.0	S	0.0
Hcon_XGW16589.1	Smed_h1SMcT0005069.5	1.0	S	0.0
Mbel_CAJ0962955.1	Smed_h1SMcT0005069.5	1.0	S	0.0
Ddip_jg10423	Smed_h1SMcT0005069.5	1.0	S	0.0
Angcan_KAE9420235.1	Smed_h1SMcT0005069.5	1.0	S	0.0
Ddip_jg23958	Smed_h1SMcT0005069.5	1.0	S	0.0
Diplco_DCO_002928	Smed_h1SMcT0005069.5	1.0	S	0.0
Gpal_Gpal_D383_g10379.t1	Smed_h1SMcT0005069.5	1.0	S	0.0
Ovol_OVOC8642	Smed_h1SMcT0005069.5	1.0	S	0.0
Priarc_PARCANUS000008636.t1	Smed_h1SMcT0005069.5	1.0	S	0.0
Mjap_MIJAPON000001293.t1	Smed_h1SMcT0005069.5	1.0	S	0.0
Acey_EYC20807.1	Smed_h1SMcT0005069.5	1.0	S	0.0
Srat_XP_024503932.1	Smed_h1SMcT0005069.5	1.0	S	0.0
Hcon_XGW16588.1	Smed_h1SMcT0005069.5	1.0	S	0.0
Hpol_VDO64892.1	Smed_h1SMcT0005069.5	1.0	S	0.0
Lloa_XP_020303735.1	Smed_h1SMcT0005069.5	1.0	S	0.0
Priarc_PARCANUS000003063.t1	Smed_h1SMcT0005069.5	1.0	S	0.0
Otip_Oti_2625_t	Smed_h1SMcT0005069.5	1.0	S	0.0
Avit_KAL4002845.1	Smed_h1SMcT0005069.5	1.0	S	0.0
Cele_NP_498419.3	Smed_h1SMcT0005069.5	1.0	S	0.0
Ever_VDD88057.1	Ggal_XP_004945615.1	1.0	S	0.0
Diplco_DCO_002927	Ggal_XP_004945615.1	1.0	S	0.0
Cele_NP_498418.3	Ggal_XP_004945615.1	1.0	S	0.0
Priarc_PARCANUS000003453.t1	Ggal_XP_004945615.1	1.0	S	0.0
Avit_KAL4002846.1	Ggal_XP_004945615.1	1.0	S	0.0
Bmal_XP_042933214.1	Ggal_XP_004945615.1	1.0	S	0.0
Scar_TKR68166.1	Ggal_XP_004945615.1	1.0	S	0.0
Hcon_XGW16589.1	Ggal_XP_004945615.1	1.0	S	0.0
Mbel_CAJ0962955.1	Ggal_XP_004945615.1	1.0	S	0.0
Ddip_jg10423	Ggal_XP_004945615.1	1.0	S	0.0
Angcan_KAE9420235.1	Ggal_XP_004945615.1	1.0	S	0.0
Ddip_jg23958	Ggal_XP_004945615.1	1.0	S	0.0
Diplco_DCO_002928	Ggal_XP_004945615.1	1.0	S	0.0
Gpal_Gpal_D383_g10379.t1	Ggal_XP_004945615.1	1.0	S	0.0
Ovol_OVOC8642	Ggal_XP_004945615.1	1.0	S	0.0
Priarc_PARCANUS000008636.t1	Ggal_XP_004945615.1	1.0	S	0.0
Mjap_MIJAPON000001293.t1	Ggal_XP_004945615.1	1.0	S	0.0
Acey_EYC20807.1	Ggal_XP_004945615.1	1.0	S	0.0
Srat_XP_024503932.1	Ggal_XP_004945615.1	1.0	S	0.0
Hcon_XGW16588.1	Ggal_XP_004945615.1	1.0	S	0.0
Hpol_VDO64892.1	Ggal_XP_004945615.1	1.0	S	0.0
Lloa_XP_020303735.1	Ggal_XP_004945615.1	1.0	S	0.0
Priarc_PARCANUS000003063.t1	Ggal_XP_004945615.1	1.0	S	0.0
Otip_Oti_2625_t	Ggal_XP_004945615.1	1.0	S	0.0
Avit_KAL4002845.1	Ggal_XP_004945615.1	1.0	S	0.0
Cele_NP_498419.3	Ggal_XP_004945615.1	1.0	S	0.0
Ever_VDD88057.1	Hsap_XP_047285637.1	1.0	S	0.0
Diplco_DCO_002927	Hsap_XP_047285637.1	1.0	S	0.0
Cele_NP_498418.3	Hsap_XP_047285637.1	1.0	S	0.0
Priarc_PARCANUS000003453.t1	Hsap_XP_047285637.1	1.0	S	0.0
Avit_KAL4002846.1	Hsap_XP_047285637.1	1.0	S	0.0
Bmal_XP_042933214.1	Hsap_XP_047285637.1	1.0	S	0.0
Scar_TKR68166.1	Hsap_XP_047285637.1	1.0	S	0.0
Hcon_XGW16589.1	Hsap_XP_047285637.1	1.0	S	0.0
Mbel_CAJ0962955.1	Hsap_XP_047285637.1	1.0	S	0.0
Ddip_jg10423	Hsap_XP_047285637.1	1.0	S	0.0
Angcan_KAE9420235.1	Hsap_XP_047285637.1	1.0	S	0.0
Ddip_jg23958	Hsap_XP_047285637.1	1.0	S	0.0
Diplco_DCO_002928	Hsap_XP_047285637.1	1.0	S	0.0
Gpal_Gpal_D383_g10379.t1	Hsap_XP_047285637.1	1.0	S	0.0
Ovol_OVOC8642	Hsap_XP_047285637.1	1.0	S	0.0
Priarc_PARCANUS000008636.t1	Hsap_XP_047285637.1	1.0	S	0.0
Mjap_MIJAPON000001293.t1	Hsap_XP_047285637.1	1.0	S	0.0
Acey_EYC20807.1	Hsap_XP_047285637.1	1.0	S	0.0
Srat_XP_024503932.1	Hsap_XP_047285637.1	1.0	S	0.0
Hcon_XGW16588.1	Hsap_XP_047285637.1	1.0	S	0.0
Hpol_VDO64892.1	Hsap_XP_047285637.1	1.0	S	0.0
Lloa_XP_020303735.1	Hsap_XP_047285637.1	1.0	S	0.0
Priarc_PARCANUS000003063.t1	Hsap_XP_047285637.1	1.0	S	0.0
Otip_Oti_2625_t	Hsap_XP_047285637.1	1.0	S	0.0
Avit_KAL4002845.1	Hsap_XP_047285637.1	1.0	S	0.0
Cele_NP_498419.3	Hsap_XP_047285637.1	1.0	S	0.0
Ever_VDD88057.1	Ggal_XP_040504334.1	1.0	S	0.0
Diplco_DCO_002927	Ggal_XP_040504334.1	1.0	S	0.0
Cele_NP_498418.3	Ggal_XP_040504334.1	1.0	S	0.0
Priarc_PARCANUS000003453.t1	Ggal_XP_040504334.1	1.0	S	0.0
Avit_KAL4002846.1	Ggal_XP_040504334.1	1.0	S	0.0
Bmal_XP_042933214.1	Ggal_XP_040504334.1	1.0	S	0.0
Scar_TKR68166.1	Ggal_XP_040504334.1	1.0	S	0.0
Hcon_XGW16589.1	Ggal_XP_040504334.1	1.0	S	0.0
Mbel_CAJ0962955.1	Ggal_XP_040504334.1	1.0	S	0.0
Ddip_jg10423	Ggal_XP_040504334.1	1.0	S	0.0
Angcan_KAE9420235.1	Ggal_XP_040504334.1	1.0	S	0.0
Ddip_jg23958	Ggal_XP_040504334.1	1.0	S	0.0
Diplco_DCO_002928	Ggal_XP_040504334.1	1.0	S	0.0
Gpal_Gpal_D383_g10379.t1	Ggal_XP_040504334.1	1.0	S	0.0
Ovol_OVOC8642	Ggal_XP_040504334.1	1.0	S	0.0
Priarc_PARCANUS000008636.t1	Ggal_XP_040504334.1	1.0	S	0.0
Mjap_MIJAPON000001293.t1	Ggal_XP_040504334.1	1.0	S	0.0
Acey_EYC20807.1	Ggal_XP_040504334.1	1.0	S	0.0
Srat_XP_024503932.1	Ggal_XP_040504334.1	1.0	S	0.0
Hcon_XGW16588.1	Ggal_XP_040504334.1	1.0	S	0.0
Hpol_VDO64892.1	Ggal_XP_040504334.1	1.0	S	0.0
Lloa_XP_020303735.1	Ggal_XP_040504334.1	1.0	S	0.0
Priarc_PARCANUS000003063.t1	Ggal_XP_040504334.1	1.0	S	0.0
Otip_Oti_2625_t	Ggal_XP_040504334.1	1.0	S	0.0
Avit_KAL4002845.1	Ggal_XP_040504334.1	1.0	S	0.0
Cele_NP_498419.3	Ggal_XP_040504334.1	1.0	S	0.0
Ever_VDD88057.1	Xtro_XP_031748491.1	1.0	S	0.0
Diplco_DCO_002927	Xtro_XP_031748491.1	1.0	S	0.0
Cele_NP_498418.3	Xtro_XP_031748491.1	1.0	S	0.0
Priarc_PARCANUS000003453.t1	Xtro_XP_031748491.1	1.0	S	0.0
Avit_KAL4002846.1	Xtro_XP_031748491.1	1.0	S	0.0
Bmal_XP_042933214.1	Xtro_XP_031748491.1	1.0	S	0.0
Scar_TKR68166.1	Xtro_XP_031748491.1	1.0	S	0.0
Hcon_XGW16589.1	Xtro_XP_031748491.1	1.0	S	0.0
Mbel_CAJ0962955.1	Xtro_XP_031748491.1	1.0	S	0.0
Ddip_jg10423	Xtro_XP_031748491.1	1.0	S	0.0
Angcan_KAE9420235.1	Xtro_XP_031748491.1	1.0	S	0.0
Ddip_jg23958	Xtro_XP_031748491.1	1.0	S	0.0
Diplco_DCO_002928	Xtro_XP_031748491.1	1.0	S	0.0
Gpal_Gpal_D383_g10379.t1	Xtro_XP_031748491.1	1.0	S	0.0
Ovol_OVOC8642	Xtro_XP_031748491.1	1.0	S	0.0
Priarc_PARCANUS000008636.t1	Xtro_XP_031748491.1	1.0	S	0.0
Mjap_MIJAPON000001293.t1	Xtro_XP_031748491.1	1.0	S	0.0
Acey_EYC20807.1	Xtro_XP_031748491.1	1.0	S	0.0
Srat_XP_024503932.1	Xtro_XP_031748491.1	1.0	S	0.0
Hcon_XGW16588.1	Xtro_XP_031748491.1	1.0	S	0.0
Hpol_VDO64892.1	Xtro_XP_031748491.1	1.0	S	0.0
Lloa_XP_020303735.1	Xtro_XP_031748491.1	1.0	S	0.0
Priarc_PARCANUS000003063.t1	Xtro_XP_031748491.1	1.0	S	0.0
Otip_Oti_2625_t	Xtro_XP_031748491.1	1.0	S	0.0
Avit_KAL4002845.1	Xtro_XP_031748491.1	1.0	S	0.0
Cele_NP_498419.3	Xtro_XP_031748491.1	1.0	S	0.0
Ever_VDD88057.1	Smed_h1SMcT0005069.1	1.0	S	0.0
Diplco_DCO_002927	Smed_h1SMcT0005069.1	1.0	S	0.0
Cele_NP_498418.3	Smed_h1SMcT0005069.1	1.0	S	0.0
Priarc_PARCANUS000003453.t1	Smed_h1SMcT0005069.1	1.0	S	0.0
Avit_KAL4002846.1	Smed_h1SMcT0005069.1	1.0	S	0.0
Bmal_XP_042933214.1	Smed_h1SMcT0005069.1	1.0	S	0.0
Scar_TKR68166.1	Smed_h1SMcT0005069.1	1.0	S	0.0
Hcon_XGW16589.1	Smed_h1SMcT0005069.1	1.0	S	0.0
Mbel_CAJ0962955.1	Smed_h1SMcT0005069.1	1.0	S	0.0
Ddip_jg10423	Smed_h1SMcT0005069.1	1.0	S	0.0
Angcan_KAE9420235.1	Smed_h1SMcT0005069.1	1.0	S	0.0
Ddip_jg23958	Smed_h1SMcT0005069.1	1.0	S	0.0
Diplco_DCO_002928	Smed_h1SMcT0005069.1	1.0	S	0.0
Gpal_Gpal_D383_g10379.t1	Smed_h1SMcT0005069.1	1.0	S	0.0
Ovol_OVOC8642	Smed_h1SMcT0005069.1	1.0	S	0.0
Priarc_PARCANUS000008636.t1	Smed_h1SMcT0005069.1	1.0	S	0.0
Mjap_MIJAPON000001293.t1	Smed_h1SMcT0005069.1	1.0	S	0.0
Acey_EYC20807.1	Smed_h1SMcT0005069.1	1.0	S	0.0
Srat_XP_024503932.1	Smed_h1SMcT0005069.1	1.0	S	0.0
Hcon_XGW16588.1	Smed_h1SMcT0005069.1	1.0	S	0.0
Hpol_VDO64892.1	Smed_h1SMcT0005069.1	1.0	S	0.0
Lloa_XP_020303735.1	Smed_h1SMcT0005069.1	1.0	S	0.0
Priarc_PARCANUS000003063.t1	Smed_h1SMcT0005069.1	1.0	S	0.0
Otip_Oti_2625_t	Smed_h1SMcT0005069.1	1.0	S	0.0
Avit_KAL4002845.1	Smed_h1SMcT0005069.1	1.0	S	0.0
Cele_NP_498419.3	Smed_h1SMcT0005069.1	1.0	S	0.0
Ever_VDD88057.1	Ggal_XP_004945614.1	1.0	S	0.0
Diplco_DCO_002927	Ggal_XP_004945614.1	1.0	S	0.0
Cele_NP_498418.3	Ggal_XP_004945614.1	1.0	S	0.0
Priarc_PARCANUS000003453.t1	Ggal_XP_004945614.1	1.0	S	0.0
Avit_KAL4002846.1	Ggal_XP_004945614.1	1.0	S	0.0
Bmal_XP_042933214.1	Ggal_XP_004945614.1	1.0	S	0.0
Scar_TKR68166.1	Ggal_XP_004945614.1	1.0	S	0.0
Hcon_XGW16589.1	Ggal_XP_004945614.1	1.0	S	0.0
Mbel_CAJ0962955.1	Ggal_XP_004945614.1	1.0	S	0.0
Ddip_jg10423	Ggal_XP_004945614.1	1.0	S	0.0
Angcan_KAE9420235.1	Ggal_XP_004945614.1	1.0	S	0.0
Ddip_jg23958	Ggal_XP_004945614.1	1.0	S	0.0
Diplco_DCO_002928	Ggal_XP_004945614.1	1.0	S	0.0
Gpal_Gpal_D383_g10379.t1	Ggal_XP_004945614.1	1.0	S	0.0
Ovol_OVOC8642	Ggal_XP_004945614.1	1.0	S	0.0
Priarc_PARCANUS000008636.t1	Ggal_XP_004945614.1	1.0	S	0.0
Mjap_MIJAPON000001293.t1	Ggal_XP_004945614.1	1.0	S	0.0
Acey_EYC20807.1	Ggal_XP_004945614.1	1.0	S	0.0
Srat_XP_024503932.1	Ggal_XP_004945614.1	1.0	S	0.0
Hcon_XGW16588.1	Ggal_XP_004945614.1	1.0	S	0.0
Hpol_VDO64892.1	Ggal_XP_004945614.1	1.0	S	0.0
Lloa_XP_020303735.1	Ggal_XP_004945614.1	1.0	S	0.0
Priarc_PARCANUS000003063.t1	Ggal_XP_004945614.1	1.0	S	0.0
Otip_Oti_2625_t	Ggal_XP_004945614.1	1.0	S	0.0
Avit_KAL4002845.1	Ggal_XP_004945614.1	1.0	S	0.0
Cele_NP_498419.3	Ggal_XP_004945614.1	1.0	S	0.0
Ever_VDD88057.1	Hsap_XP_047285663.1	1.0	S	0.0
Diplco_DCO_002927	Hsap_XP_047285663.1	1.0	S	0.0
Cele_NP_498418.3	Hsap_XP_047285663.1	1.0	S	0.0
Priarc_PARCANUS000003453.t1	Hsap_XP_047285663.1	1.0	S	0.0
Avit_KAL4002846.1	Hsap_XP_047285663.1	1.0	S	0.0
Bmal_XP_042933214.1	Hsap_XP_047285663.1	1.0	S	0.0
Scar_TKR68166.1	Hsap_XP_047285663.1	1.0	S	0.0
Hcon_XGW16589.1	Hsap_XP_047285663.1	1.0	S	0.0
Mbel_CAJ0962955.1	Hsap_XP_047285663.1	1.0	S	0.0
Ddip_jg10423	Hsap_XP_047285663.1	1.0	S	0.0
Angcan_KAE9420235.1	Hsap_XP_047285663.1	1.0	S	0.0
Ddip_jg23958	Hsap_XP_047285663.1	1.0	S	0.0
Diplco_DCO_002928	Hsap_XP_047285663.1	1.0	S	0.0
Gpal_Gpal_D383_g10379.t1	Hsap_XP_047285663.1	1.0	S	0.0
Ovol_OVOC8642	Hsap_XP_047285663.1	1.0	S	0.0
Priarc_PARCANUS000008636.t1	Hsap_XP_047285663.1	1.0	S	0.0
Mjap_MIJAPON000001293.t1	Hsap_XP_047285663.1	1.0	S	0.0
Acey_EYC20807.1	Hsap_XP_047285663.1	1.0	S	0.0
Srat_XP_024503932.1	Hsap_XP_047285663.1	1.0	S	0.0
Hcon_XGW16588.1	Hsap_XP_047285663.1	1.0	S	0.0
Hpol_VDO64892.1	Hsap_XP_047285663.1	1.0	S	0.0
Lloa_XP_020303735.1	Hsap_XP_047285663.1	1.0	S	0.0
Priarc_PARCANUS000003063.t1	Hsap_XP_047285663.1	1.0	S	0.0
Otip_Oti_2625_t	Hsap_XP_047285663.1	1.0	S	0.0
Avit_KAL4002845.1	Hsap_XP_047285663.1	1.0	S	0.0
Cele_NP_498419.3	Hsap_XP_047285663.1	1.0	S	0.0
Ever_VDD88057.1	Hsap_XP_047285661.1	1.0	S	0.0
Diplco_DCO_002927	Hsap_XP_047285661.1	1.0	S	0.0
Cele_NP_498418.3	Hsap_XP_047285661.1	1.0	S	0.0
Priarc_PARCANUS000003453.t1	Hsap_XP_047285661.1	1.0	S	0.0
Avit_KAL4002846.1	Hsap_XP_047285661.1	1.0	S	0.0
Bmal_XP_042933214.1	Hsap_XP_047285661.1	1.0	S	0.0
Scar_TKR68166.1	Hsap_XP_047285661.1	1.0	S	0.0
Hcon_XGW16589.1	Hsap_XP_047285661.1	1.0	S	0.0
Mbel_CAJ0962955.1	Hsap_XP_047285661.1	1.0	S	0.0
Ddip_jg10423	Hsap_XP_047285661.1	1.0	S	0.0
Angcan_KAE9420235.1	Hsap_XP_047285661.1	1.0	S	0.0
Ddip_jg23958	Hsap_XP_047285661.1	1.0	S	0.0
Diplco_DCO_002928	Hsap_XP_047285661.1	1.0	S	0.0
Gpal_Gpal_D383_g10379.t1	Hsap_XP_047285661.1	1.0	S	0.0
Ovol_OVOC8642	Hsap_XP_047285661.1	1.0	S	0.0
Priarc_PARCANUS000008636.t1	Hsap_XP_047285661.1	1.0	S	0.0
Mjap_MIJAPON000001293.t1	Hsap_XP_047285661.1	1.0	S	0.0
Acey_EYC20807.1	Hsap_XP_047285661.1	1.0	S	0.0
Srat_XP_024503932.1	Hsap_XP_047285661.1	1.0	S	0.0
Hcon_XGW16588.1	Hsap_XP_047285661.1	1.0	S	0.0
Hpol_VDO64892.1	Hsap_XP_047285661.1	1.0	S	0.0
Lloa_XP_020303735.1	Hsap_XP_047285661.1	1.0	S	0.0
Priarc_PARCANUS000003063.t1	Hsap_XP_047285661.1	1.0	S	0.0
Otip_Oti_2625_t	Hsap_XP_047285661.1	1.0	S	0.0
Avit_KAL4002845.1	Hsap_XP_047285661.1	1.0	S	0.0
Cele_NP_498419.3	Hsap_XP_047285661.1	1.0	S	0.0
Ever_VDD88057.1	Hduj_OQV18915.1	1.0	S	0.0
Diplco_DCO_002927	Hduj_OQV18915.1	1.0	S	0.0
Cele_NP_498418.3	Hduj_OQV18915.1	1.0	S	0.0
Priarc_PARCANUS000003453.t1	Hduj_OQV18915.1	1.0	S	0.0
Avit_KAL4002846.1	Hduj_OQV18915.1	1.0	S	0.0
Bmal_XP_042933214.1	Hduj_OQV18915.1	1.0	S	0.0
Scar_TKR68166.1	Hduj_OQV18915.1	1.0	S	0.0
Hcon_XGW16589.1	Hduj_OQV18915.1	1.0	S	0.0
Mbel_CAJ0962955.1	Hduj_OQV18915.1	1.0	S	0.0
Ddip_jg10423	Hduj_OQV18915.1	1.0	S	0.0
Angcan_KAE9420235.1	Hduj_OQV18915.1	1.0	S	0.0
Ddip_jg23958	Hduj_OQV18915.1	1.0	S	0.0
Diplco_DCO_002928	Hduj_OQV18915.1	1.0	S	0.0
Gpal_Gpal_D383_g10379.t1	Hduj_OQV18915.1	1.0	S	0.0
Ovol_OVOC8642	Hduj_OQV18915.1	1.0	S	0.0
Priarc_PARCANUS000008636.t1	Hduj_OQV18915.1	1.0	S	0.0
Mjap_MIJAPON000001293.t1	Hduj_OQV18915.1	1.0	S	0.0
Acey_EYC20807.1	Hduj_OQV18915.1	1.0	S	0.0
Srat_XP_024503932.1	Hduj_OQV18915.1	1.0	S	0.0
Hcon_XGW16588.1	Hduj_OQV18915.1	1.0	S	0.0
Hpol_VDO64892.1	Hduj_OQV18915.1	1.0	S	0.0
Lloa_XP_020303735.1	Hduj_OQV18915.1	1.0	S	0.0
Priarc_PARCANUS000003063.t1	Hduj_OQV18915.1	1.0	S	0.0
Otip_Oti_2625_t	Hduj_OQV18915.1	1.0	S	0.0
Avit_KAL4002845.1	Hduj_OQV18915.1	1.0	S	0.0
Cele_NP_498419.3	Hduj_OQV18915.1	1.0	S	0.0
Ever_VDD88057.1	Hsap_XP_047285657.1	1.0	S	0.0
Diplco_DCO_002927	Hsap_XP_047285657.1	1.0	S	0.0
Cele_NP_498418.3	Hsap_XP_047285657.1	1.0	S	0.0
Priarc_PARCANUS000003453.t1	Hsap_XP_047285657.1	1.0	S	0.0
Avit_KAL4002846.1	Hsap_XP_047285657.1	1.0	S	0.0
Bmal_XP_042933214.1	Hsap_XP_047285657.1	1.0	S	0.0
Scar_TKR68166.1	Hsap_XP_047285657.1	1.0	S	0.0
Hcon_XGW16589.1	Hsap_XP_047285657.1	1.0	S	0.0
Mbel_CAJ0962955.1	Hsap_XP_047285657.1	1.0	S	0.0
Ddip_jg10423	Hsap_XP_047285657.1	1.0	S	0.0
Angcan_KAE9420235.1	Hsap_XP_047285657.1	1.0	S	0.0
Ddip_jg23958	Hsap_XP_047285657.1	1.0	S	0.0
Diplco_DCO_002928	Hsap_XP_047285657.1	1.0	S	0.0
Gpal_Gpal_D383_g10379.t1	Hsap_XP_047285657.1	1.0	S	0.0
Ovol_OVOC8642	Hsap_XP_047285657.1	1.0	S	0.0
Priarc_PARCANUS000008636.t1	Hsap_XP_047285657.1	1.0	S	0.0
Mjap_MIJAPON000001293.t1	Hsap_XP_047285657.1	1.0	S	0.0
Acey_EYC20807.1	Hsap_XP_047285657.1	1.0	S	0.0
Srat_XP_024503932.1	Hsap_XP_047285657.1	1.0	S	0.0
Hcon_XGW16588.1	Hsap_XP_047285657.1	1.0	S	0.0
Hpol_VDO64892.1	Hsap_XP_047285657.1	1.0	S	0.0
Lloa_XP_020303735.1	Hsap_XP_047285657.1	1.0	S	0.0
Priarc_PARCANUS000003063.t1	Hsap_XP_047285657.1	1.0	S	0.0
Otip_Oti_2625_t	Hsap_XP_047285657.1	1.0	S	0.0
Avit_KAL4002845.1	Hsap_XP_047285657.1	1.0	S	0.0
Cele_NP_498419.3	Hsap_XP_047285657.1	1.0	S	0.0
Ever_VDD88057.1	Bmor_XP_021205389.1	1.0	S	0.0
Diplco_DCO_002927	Bmor_XP_021205389.1	1.0	S	0.0
Cele_NP_498418.3	Bmor_XP_021205389.1	1.0	S	0.0
Priarc_PARCANUS000003453.t1	Bmor_XP_021205389.1	1.0	S	0.0
Avit_KAL4002846.1	Bmor_XP_021205389.1	1.0	S	0.0
Bmal_XP_042933214.1	Bmor_XP_021205389.1	1.0	S	0.0
Scar_TKR68166.1	Bmor_XP_021205389.1	1.0	S	0.0
Hcon_XGW16589.1	Bmor_XP_021205389.1	1.0	S	0.0
Mbel_CAJ0962955.1	Bmor_XP_021205389.1	1.0	S	0.0
Ddip_jg10423	Bmor_XP_021205389.1	1.0	S	0.0
Angcan_KAE9420235.1	Bmor_XP_021205389.1	1.0	S	0.0
Ddip_jg23958	Bmor_XP_021205389.1	1.0	S	0.0
Diplco_DCO_002928	Bmor_XP_021205389.1	1.0	S	0.0
Gpal_Gpal_D383_g10379.t1	Bmor_XP_021205389.1	1.0	S	0.0
Ovol_OVOC8642	Bmor_XP_021205389.1	1.0	S	0.0
Priarc_PARCANUS000008636.t1	Bmor_XP_021205389.1	1.0	S	0.0
Mjap_MIJAPON000001293.t1	Bmor_XP_021205389.1	1.0	S	0.0
Acey_EYC20807.1	Bmor_XP_021205389.1	1.0	S	0.0
Srat_XP_024503932.1	Bmor_XP_021205389.1	1.0	S	0.0
Hcon_XGW16588.1	Bmor_XP_021205389.1	1.0	S	0.0
Hpol_VDO64892.1	Bmor_XP_021205389.1	1.0	S	0.0
Lloa_XP_020303735.1	Bmor_XP_021205389.1	1.0	S	0.0
Priarc_PARCANUS000003063.t1	Bmor_XP_021205389.1	1.0	S	0.0
Otip_Oti_2625_t	Bmor_XP_021205389.1	1.0	S	0.0
Avit_KAL4002845.1	Bmor_XP_021205389.1	1.0	S	0.0
Cele_NP_498419.3	Bmor_XP_021205389.1	1.0	S	0.0
Ever_VDD88057.1	Hsap_XP_047285671.1	1.0	S	0.0
Diplco_DCO_002927	Hsap_XP_047285671.1	1.0	S	0.0
Cele_NP_498418.3	Hsap_XP_047285671.1	1.0	S	0.0
Priarc_PARCANUS000003453.t1	Hsap_XP_047285671.1	1.0	S	0.0
Avit_KAL4002846.1	Hsap_XP_047285671.1	1.0	S	0.0
Bmal_XP_042933214.1	Hsap_XP_047285671.1	1.0	S	0.0
Scar_TKR68166.1	Hsap_XP_047285671.1	1.0	S	0.0
Hcon_XGW16589.1	Hsap_XP_047285671.1	1.0	S	0.0
Mbel_CAJ0962955.1	Hsap_XP_047285671.1	1.0	S	0.0
Ddip_jg10423	Hsap_XP_047285671.1	1.0	S	0.0
Angcan_KAE9420235.1	Hsap_XP_047285671.1	1.0	S	0.0
Ddip_jg23958	Hsap_XP_047285671.1	1.0	S	0.0
Diplco_DCO_002928	Hsap_XP_047285671.1	1.0	S	0.0
Gpal_Gpal_D383_g10379.t1	Hsap_XP_047285671.1	1.0	S	0.0
Ovol_OVOC8642	Hsap_XP_047285671.1	1.0	S	0.0
Priarc_PARCANUS000008636.t1	Hsap_XP_047285671.1	1.0	S	0.0
Mjap_MIJAPON000001293.t1	Hsap_XP_047285671.1	1.0	S	0.0
Acey_EYC20807.1	Hsap_XP_047285671.1	1.0	S	0.0
Srat_XP_024503932.1	Hsap_XP_047285671.1	1.0	S	0.0
Hcon_XGW16588.1	Hsap_XP_047285671.1	1.0	S	0.0
Hpol_VDO64892.1	Hsap_XP_047285671.1	1.0	S	0.0
Lloa_XP_020303735.1	Hsap_XP_047285671.1	1.0	S	0.0
Priarc_PARCANUS000003063.t1	Hsap_XP_047285671.1	1.0	S	0.0
Otip_Oti_2625_t	Hsap_XP_047285671.1	1.0	S	0.0
Avit_KAL4002845.1	Hsap_XP_047285671.1	1.0	S	0.0
Cele_NP_498419.3	Hsap_XP_047285671.1	1.0	S	0.0
Ever_VDD88057.1	Lpol_XP_022243928.1	1.0	S	0.0
Diplco_DCO_002927	Lpol_XP_022243928.1	1.0	S	0.0
Cele_NP_498418.3	Lpol_XP_022243928.1	1.0	S	0.0
Priarc_PARCANUS000003453.t1	Lpol_XP_022243928.1	1.0	S	0.0
Avit_KAL4002846.1	Lpol_XP_022243928.1	1.0	S	0.0
Bmal_XP_042933214.1	Lpol_XP_022243928.1	1.0	S	0.0
Scar_TKR68166.1	Lpol_XP_022243928.1	1.0	S	0.0
Hcon_XGW16589.1	Lpol_XP_022243928.1	1.0	S	0.0
Mbel_CAJ0962955.1	Lpol_XP_022243928.1	1.0	S	0.0
Ddip_jg10423	Lpol_XP_022243928.1	1.0	S	0.0
Angcan_KAE9420235.1	Lpol_XP_022243928.1	1.0	S	0.0
Ddip_jg23958	Lpol_XP_022243928.1	1.0	S	0.0
Diplco_DCO_002928	Lpol_XP_022243928.1	1.0	S	0.0
Gpal_Gpal_D383_g10379.t1	Lpol_XP_022243928.1	1.0	S	0.0
Ovol_OVOC8642	Lpol_XP_022243928.1	1.0	S	0.0
Priarc_PARCANUS000008636.t1	Lpol_XP_022243928.1	1.0	S	0.0
Mjap_MIJAPON000001293.t1	Lpol_XP_022243928.1	1.0	S	0.0
Acey_EYC20807.1	Lpol_XP_022243928.1	1.0	S	0.0
Srat_XP_024503932.1	Lpol_XP_022243928.1	1.0	S	0.0
Hcon_XGW16588.1	Lpol_XP_022243928.1	1.0	S	0.0
Hpol_VDO64892.1	Lpol_XP_022243928.1	1.0	S	0.0
Lloa_XP_020303735.1	Lpol_XP_022243928.1	1.0	S	0.0
Priarc_PARCANUS000003063.t1	Lpol_XP_022243928.1	1.0	S	0.0
Otip_Oti_2625_t	Lpol_XP_022243928.1	1.0	S	0.0
Avit_KAL4002845.1	Lpol_XP_022243928.1	1.0	S	0.0
Cele_NP_498419.3	Lpol_XP_022243928.1	1.0	S	0.0
Ever_VDD88057.1	Hsap_XP_047285639.1	1.0	S	0.0
Diplco_DCO_002927	Hsap_XP_047285639.1	1.0	S	0.0
Cele_NP_498418.3	Hsap_XP_047285639.1	1.0	S	0.0
Priarc_PARCANUS000003453.t1	Hsap_XP_047285639.1	1.0	S	0.0
Avit_KAL4002846.1	Hsap_XP_047285639.1	1.0	S	0.0
Bmal_XP_042933214.1	Hsap_XP_047285639.1	1.0	S	0.0
Scar_TKR68166.1	Hsap_XP_047285639.1	1.0	S	0.0
Hcon_XGW16589.1	Hsap_XP_047285639.1	1.0	S	0.0
Mbel_CAJ0962955.1	Hsap_XP_047285639.1	1.0	S	0.0
Ddip_jg10423	Hsap_XP_047285639.1	1.0	S	0.0
Angcan_KAE9420235.1	Hsap_XP_047285639.1	1.0	S	0.0
Ddip_jg23958	Hsap_XP_047285639.1	1.0	S	0.0
Diplco_DCO_002928	Hsap_XP_047285639.1	1.0	S	0.0
Gpal_Gpal_D383_g10379.t1	Hsap_XP_047285639.1	1.0	S	0.0
Ovol_OVOC8642	Hsap_XP_047285639.1	1.0	S	0.0
Priarc_PARCANUS000008636.t1	Hsap_XP_047285639.1	1.0	S	0.0
Mjap_MIJAPON000001293.t1	Hsap_XP_047285639.1	1.0	S	0.0
Acey_EYC20807.1	Hsap_XP_047285639.1	1.0	S	0.0
Srat_XP_024503932.1	Hsap_XP_047285639.1	1.0	S	0.0
Hcon_XGW16588.1	Hsap_XP_047285639.1	1.0	S	0.0
Hpol_VDO64892.1	Hsap_XP_047285639.1	1.0	S	0.0
Lloa_XP_020303735.1	Hsap_XP_047285639.1	1.0	S	0.0
Priarc_PARCANUS000003063.t1	Hsap_XP_047285639.1	1.0	S	0.0
Otip_Oti_2625_t	Hsap_XP_047285639.1	1.0	S	0.0
Avit_KAL4002845.1	Hsap_XP_047285639.1	1.0	S	0.0
Cele_NP_498419.3	Hsap_XP_047285639.1	1.0	S	0.0
Ever_VDD88057.1	Twil_T_wilhelma_c29644_g1_i1|m.31020	1.0	S	0.0
Diplco_DCO_002927	Twil_T_wilhelma_c29644_g1_i1|m.31020	1.0	S	0.0
Cele_NP_498418.3	Twil_T_wilhelma_c29644_g1_i1|m.31020	1.0	S	0.0
Priarc_PARCANUS000003453.t1	Twil_T_wilhelma_c29644_g1_i1|m.31020	1.0	S	0.0
Avit_KAL4002846.1	Twil_T_wilhelma_c29644_g1_i1|m.31020	1.0	S	0.0
Bmal_XP_042933214.1	Twil_T_wilhelma_c29644_g1_i1|m.31020	1.0	S	0.0
Scar_TKR68166.1	Twil_T_wilhelma_c29644_g1_i1|m.31020	1.0	S	0.0
Hcon_XGW16589.1	Twil_T_wilhelma_c29644_g1_i1|m.31020	1.0	S	0.0
Mbel_CAJ0962955.1	Twil_T_wilhelma_c29644_g1_i1|m.31020	1.0	S	0.0
Ddip_jg10423	Twil_T_wilhelma_c29644_g1_i1|m.31020	1.0	S	0.0
Angcan_KAE9420235.1	Twil_T_wilhelma_c29644_g1_i1|m.31020	1.0	S	0.0
Ddip_jg23958	Twil_T_wilhelma_c29644_g1_i1|m.31020	1.0	S	0.0
Diplco_DCO_002928	Twil_T_wilhelma_c29644_g1_i1|m.31020	1.0	S	0.0
Gpal_Gpal_D383_g10379.t1	Twil_T_wilhelma_c29644_g1_i1|m.31020	1.0	S	0.0
Ovol_OVOC8642	Twil_T_wilhelma_c29644_g1_i1|m.31020	1.0	S	0.0
Priarc_PARCANUS000008636.t1	Twil_T_wilhelma_c29644_g1_i1|m.31020	1.0	S	0.0
Mjap_MIJAPON000001293.t1	Twil_T_wilhelma_c29644_g1_i1|m.31020	1.0	S	0.0
Acey_EYC20807.1	Twil_T_wilhelma_c29644_g1_i1|m.31020	1.0	S	0.0
Srat_XP_024503932.1	Twil_T_wilhelma_c29644_g1_i1|m.31020	1.0	S	0.0
Hcon_XGW16588.1	Twil_T_wilhelma_c29644_g1_i1|m.31020	1.0	S	0.0
Hpol_VDO64892.1	Twil_T_wilhelma_c29644_g1_i1|m.31020	1.0	S	0.0
Lloa_XP_020303735.1	Twil_T_wilhelma_c29644_g1_i1|m.31020	1.0	S	0.0
Priarc_PARCANUS000003063.t1	Twil_T_wilhelma_c29644_g1_i1|m.31020	1.0	S	0.0
Otip_Oti_2625_t	Twil_T_wilhelma_c29644_g1_i1|m.31020	1.0	S	0.0
Avit_KAL4002845.1	Twil_T_wilhelma_c29644_g1_i1|m.31020	1.0	S	0.0
Cele_NP_498419.3	Twil_T_wilhelma_c29644_g1_i1|m.31020	1.0	S	0.0
Ever_VDD88057.1	Sarc_XP_014161452.1	1.0	S	0.0
Diplco_DCO_002927	Sarc_XP_014161452.1	1.0	S	0.0
Cele_NP_498418.3	Sarc_XP_014161452.1	1.0	S	0.0
Priarc_PARCANUS000003453.t1	Sarc_XP_014161452.1	1.0	S	0.0
Avit_KAL4002846.1	Sarc_XP_014161452.1	1.0	S	0.0
Bmal_XP_042933214.1	Sarc_XP_014161452.1	1.0	S	0.0
Scar_TKR68166.1	Sarc_XP_014161452.1	1.0	S	0.0
Hcon_XGW16589.1	Sarc_XP_014161452.1	1.0	S	0.0
Mbel_CAJ0962955.1	Sarc_XP_014161452.1	1.0	S	0.0
Ddip_jg10423	Sarc_XP_014161452.1	1.0	S	0.0
Angcan_KAE9420235.1	Sarc_XP_014161452.1	1.0	S	0.0
Ddip_jg23958	Sarc_XP_014161452.1	1.0	S	0.0
Diplco_DCO_002928	Sarc_XP_014161452.1	1.0	S	0.0
Gpal_Gpal_D383_g10379.t1	Sarc_XP_014161452.1	1.0	S	0.0
Ovol_OVOC8642	Sarc_XP_014161452.1	1.0	S	0.0
Priarc_PARCANUS000008636.t1	Sarc_XP_014161452.1	1.0	S	0.0
Mjap_MIJAPON000001293.t1	Sarc_XP_014161452.1	1.0	S	0.0
Acey_EYC20807.1	Sarc_XP_014161452.1	1.0	S	0.0
Srat_XP_024503932.1	Sarc_XP_014161452.1	1.0	S	0.0
Hcon_XGW16588.1	Sarc_XP_014161452.1	1.0	S	0.0
Hpol_VDO64892.1	Sarc_XP_014161452.1	1.0	S	0.0
Lloa_XP_020303735.1	Sarc_XP_014161452.1	1.0	S	0.0
Priarc_PARCANUS000003063.t1	Sarc_XP_014161452.1	1.0	S	0.0
Otip_Oti_2625_t	Sarc_XP_014161452.1	1.0	S	0.0
Avit_KAL4002845.1	Sarc_XP_014161452.1	1.0	S	0.0
Cele_NP_498419.3	Sarc_XP_014161452.1	1.0	S	0.0
Ever_VDD88057.1	Dpul_XP_046452222.1	1.0	S	0.0
Diplco_DCO_002927	Dpul_XP_046452222.1	1.0	S	0.0
Cele_NP_498418.3	Dpul_XP_046452222.1	1.0	S	0.0
Priarc_PARCANUS000003453.t1	Dpul_XP_046452222.1	1.0	S	0.0
Avit_KAL4002846.1	Dpul_XP_046452222.1	1.0	S	0.0
Bmal_XP_042933214.1	Dpul_XP_046452222.1	1.0	S	0.0
Scar_TKR68166.1	Dpul_XP_046452222.1	1.0	S	0.0
Hcon_XGW16589.1	Dpul_XP_046452222.1	1.0	S	0.0
Mbel_CAJ0962955.1	Dpul_XP_046452222.1	1.0	S	0.0
Ddip_jg10423	Dpul_XP_046452222.1	1.0	S	0.0
Angcan_KAE9420235.1	Dpul_XP_046452222.1	1.0	S	0.0
Ddip_jg23958	Dpul_XP_046452222.1	1.0	S	0.0
Diplco_DCO_002928	Dpul_XP_046452222.1	1.0	S	0.0
Gpal_Gpal_D383_g10379.t1	Dpul_XP_046452222.1	1.0	S	0.0
Ovol_OVOC8642	Dpul_XP_046452222.1	1.0	S	0.0
Priarc_PARCANUS000008636.t1	Dpul_XP_046452222.1	1.0	S	0.0
Mjap_MIJAPON000001293.t1	Dpul_XP_046452222.1	1.0	S	0.0
Acey_EYC20807.1	Dpul_XP_046452222.1	1.0	S	0.0
Srat_XP_024503932.1	Dpul_XP_046452222.1	1.0	S	0.0
Hcon_XGW16588.1	Dpul_XP_046452222.1	1.0	S	0.0
Hpol_VDO64892.1	Dpul_XP_046452222.1	1.0	S	0.0
Lloa_XP_020303735.1	Dpul_XP_046452222.1	1.0	S	0.0
Priarc_PARCANUS000003063.t1	Dpul_XP_046452222.1	1.0	S	0.0
Otip_Oti_2625_t	Dpul_XP_046452222.1	1.0	S	0.0
Avit_KAL4002845.1	Dpul_XP_046452222.1	1.0	S	0.0
Cele_NP_498419.3	Dpul_XP_046452222.1	1.0	S	0.0
Ever_VDD88057.1	Hrob_XP_009031639.1	1.0	S	0.0
Diplco_DCO_002927	Hrob_XP_009031639.1	1.0	S	0.0
Cele_NP_498418.3	Hrob_XP_009031639.1	1.0	S	0.0
Priarc_PARCANUS000003453.t1	Hrob_XP_009031639.1	1.0	S	0.0
Avit_KAL4002846.1	Hrob_XP_009031639.1	1.0	S	0.0
Bmal_XP_042933214.1	Hrob_XP_009031639.1	1.0	S	0.0
Scar_TKR68166.1	Hrob_XP_009031639.1	1.0	S	0.0
Hcon_XGW16589.1	Hrob_XP_009031639.1	1.0	S	0.0
Mbel_CAJ0962955.1	Hrob_XP_009031639.1	1.0	S	0.0
Ddip_jg10423	Hrob_XP_009031639.1	1.0	S	0.0
Angcan_KAE9420235.1	Hrob_XP_009031639.1	1.0	S	0.0
Ddip_jg23958	Hrob_XP_009031639.1	1.0	S	0.0
Diplco_DCO_002928	Hrob_XP_009031639.1	1.0	S	0.0
Gpal_Gpal_D383_g10379.t1	Hrob_XP_009031639.1	1.0	S	0.0
Ovol_OVOC8642	Hrob_XP_009031639.1	1.0	S	0.0
Priarc_PARCANUS000008636.t1	Hrob_XP_009031639.1	1.0	S	0.0
Mjap_MIJAPON000001293.t1	Hrob_XP_009031639.1	1.0	S	0.0
Acey_EYC20807.1	Hrob_XP_009031639.1	1.0	S	0.0
Srat_XP_024503932.1	Hrob_XP_009031639.1	1.0	S	0.0
Hcon_XGW16588.1	Hrob_XP_009031639.1	1.0	S	0.0
Hpol_VDO64892.1	Hrob_XP_009031639.1	1.0	S	0.0
Lloa_XP_020303735.1	Hrob_XP_009031639.1	1.0	S	0.0
Priarc_PARCANUS000003063.t1	Hrob_XP_009031639.1	1.0	S	0.0
Otip_Oti_2625_t	Hrob_XP_009031639.1	1.0	S	0.0
Avit_KAL4002845.1	Hrob_XP_009031639.1	1.0	S	0.0
Cele_NP_498419.3	Hrob_XP_009031639.1	1.0	S	0.0
Ever_VDD88057.1	Cint_NP_001071898.1	1.0	S	0.0
Diplco_DCO_002927	Cint_NP_001071898.1	1.0	S	0.0
Cele_NP_498418.3	Cint_NP_001071898.1	1.0	S	0.0
Priarc_PARCANUS000003453.t1	Cint_NP_001071898.1	1.0	S	0.0
Avit_KAL4002846.1	Cint_NP_001071898.1	1.0	S	0.0
Bmal_XP_042933214.1	Cint_NP_001071898.1	1.0	S	0.0
Scar_TKR68166.1	Cint_NP_001071898.1	1.0	S	0.0
Hcon_XGW16589.1	Cint_NP_001071898.1	1.0	S	0.0
Mbel_CAJ0962955.1	Cint_NP_001071898.1	1.0	S	0.0
Ddip_jg10423	Cint_NP_001071898.1	1.0	S	0.0
Angcan_KAE9420235.1	Cint_NP_001071898.1	1.0	S	0.0
Ddip_jg23958	Cint_NP_001071898.1	1.0	S	0.0
Diplco_DCO_002928	Cint_NP_001071898.1	1.0	S	0.0
Gpal_Gpal_D383_g10379.t1	Cint_NP_001071898.1	1.0	S	0.0
Ovol_OVOC8642	Cint_NP_001071898.1	1.0	S	0.0
Priarc_PARCANUS000008636.t1	Cint_NP_001071898.1	1.0	S	0.0
Mjap_MIJAPON000001293.t1	Cint_NP_001071898.1	1.0	S	0.0
Acey_EYC20807.1	Cint_NP_001071898.1	1.0	S	0.0
Srat_XP_024503932.1	Cint_NP_001071898.1	1.0	S	0.0
Hcon_XGW16588.1	Cint_NP_001071898.1	1.0	S	0.0
Hpol_VDO64892.1	Cint_NP_001071898.1	1.0	S	0.0
Lloa_XP_020303735.1	Cint_NP_001071898.1	1.0	S	0.0
Priarc_PARCANUS000003063.t1	Cint_NP_001071898.1	1.0	S	0.0
Otip_Oti_2625_t	Cint_NP_001071898.1	1.0	S	0.0
Avit_KAL4002845.1	Cint_NP_001071898.1	1.0	S	0.0
Cele_NP_498419.3	Cint_NP_001071898.1	1.0	S	0.0
Ever_VDD88057.1	Hsap_XP_047285640.1	1.0	S	0.0
Diplco_DCO_002927	Hsap_XP_047285640.1	1.0	S	0.0
Cele_NP_498418.3	Hsap_XP_047285640.1	1.0	S	0.0
Priarc_PARCANUS000003453.t1	Hsap_XP_047285640.1	1.0	S	0.0
Avit_KAL4002846.1	Hsap_XP_047285640.1	1.0	S	0.0
Bmal_XP_042933214.1	Hsap_XP_047285640.1	1.0	S	0.0
Scar_TKR68166.1	Hsap_XP_047285640.1	1.0	S	0.0
Hcon_XGW16589.1	Hsap_XP_047285640.1	1.0	S	0.0
Mbel_CAJ0962955.1	Hsap_XP_047285640.1	1.0	S	0.0
Ddip_jg10423	Hsap_XP_047285640.1	1.0	S	0.0
Angcan_KAE9420235.1	Hsap_XP_047285640.1	1.0	S	0.0
Ddip_jg23958	Hsap_XP_047285640.1	1.0	S	0.0
Diplco_DCO_002928	Hsap_XP_047285640.1	1.0	S	0.0
Gpal_Gpal_D383_g10379.t1	Hsap_XP_047285640.1	1.0	S	0.0
Ovol_OVOC8642	Hsap_XP_047285640.1	1.0	S	0.0
Priarc_PARCANUS000008636.t1	Hsap_XP_047285640.1	1.0	S	0.0
Mjap_MIJAPON000001293.t1	Hsap_XP_047285640.1	1.0	S	0.0
Acey_EYC20807.1	Hsap_XP_047285640.1	1.0	S	0.0
Srat_XP_024503932.1	Hsap_XP_047285640.1	1.0	S	0.0
Hcon_XGW16588.1	Hsap_XP_047285640.1	1.0	S	0.0
Hpol_VDO64892.1	Hsap_XP_047285640.1	1.0	S	0.0
Lloa_XP_020303735.1	Hsap_XP_047285640.1	1.0	S	0.0
Priarc_PARCANUS000003063.t1	Hsap_XP_047285640.1	1.0	S	0.0
Otip_Oti_2625_t	Hsap_XP_047285640.1	1.0	S	0.0
Avit_KAL4002845.1	Hsap_XP_047285640.1	1.0	S	0.0
Cele_NP_498419.3	Hsap_XP_047285640.1	1.0	S	0.0
Ever_VDD88057.1	Hsap_XP_047285669.1	1.0	S	0.0
Diplco_DCO_002927	Hsap_XP_047285669.1	1.0	S	0.0
Cele_NP_498418.3	Hsap_XP_047285669.1	1.0	S	0.0
Priarc_PARCANUS000003453.t1	Hsap_XP_047285669.1	1.0	S	0.0
Avit_KAL4002846.1	Hsap_XP_047285669.1	1.0	S	0.0
Bmal_XP_042933214.1	Hsap_XP_047285669.1	1.0	S	0.0
Scar_TKR68166.1	Hsap_XP_047285669.1	1.0	S	0.0
Hcon_XGW16589.1	Hsap_XP_047285669.1	1.0	S	0.0
Mbel_CAJ0962955.1	Hsap_XP_047285669.1	1.0	S	0.0
Ddip_jg10423	Hsap_XP_047285669.1	1.0	S	0.0
Angcan_KAE9420235.1	Hsap_XP_047285669.1	1.0	S	0.0
Ddip_jg23958	Hsap_XP_047285669.1	1.0	S	0.0
Diplco_DCO_002928	Hsap_XP_047285669.1	1.0	S	0.0
Gpal_Gpal_D383_g10379.t1	Hsap_XP_047285669.1	1.0	S	0.0
Ovol_OVOC8642	Hsap_XP_047285669.1	1.0	S	0.0
Priarc_PARCANUS000008636.t1	Hsap_XP_047285669.1	1.0	S	0.0
Mjap_MIJAPON000001293.t1	Hsap_XP_047285669.1	1.0	S	0.0
Acey_EYC20807.1	Hsap_XP_047285669.1	1.0	S	0.0
Srat_XP_024503932.1	Hsap_XP_047285669.1	1.0	S	0.0
Hcon_XGW16588.1	Hsap_XP_047285669.1	1.0	S	0.0
Hpol_VDO64892.1	Hsap_XP_047285669.1	1.0	S	0.0
Lloa_XP_020303735.1	Hsap_XP_047285669.1	1.0	S	0.0
Priarc_PARCANUS000003063.t1	Hsap_XP_047285669.1	1.0	S	0.0
Otip_Oti_2625_t	Hsap_XP_047285669.1	1.0	S	0.0
Avit_KAL4002845.1	Hsap_XP_047285669.1	1.0	S	0.0
Cele_NP_498419.3	Hsap_XP_047285669.1	1.0	S	0.0
Ever_VDD88057.1	Ggal_XP_004945612.1	1.0	S	0.0
Diplco_DCO_002927	Ggal_XP_004945612.1	1.0	S	0.0
Cele_NP_498418.3	Ggal_XP_004945612.1	1.0	S	0.0
Priarc_PARCANUS000003453.t1	Ggal_XP_004945612.1	1.0	S	0.0
Avit_KAL4002846.1	Ggal_XP_004945612.1	1.0	S	0.0
Bmal_XP_042933214.1	Ggal_XP_004945612.1	1.0	S	0.0
Scar_TKR68166.1	Ggal_XP_004945612.1	1.0	S	0.0
Hcon_XGW16589.1	Ggal_XP_004945612.1	1.0	S	0.0
Mbel_CAJ0962955.1	Ggal_XP_004945612.1	1.0	S	0.0
Ddip_jg10423	Ggal_XP_004945612.1	1.0	S	0.0
Angcan_KAE9420235.1	Ggal_XP_004945612.1	1.0	S	0.0
Ddip_jg23958	Ggal_XP_004945612.1	1.0	S	0.0
Diplco_DCO_002928	Ggal_XP_004945612.1	1.0	S	0.0
Gpal_Gpal_D383_g10379.t1	Ggal_XP_004945612.1	1.0	S	0.0
Ovol_OVOC8642	Ggal_XP_004945612.1	1.0	S	0.0
Priarc_PARCANUS000008636.t1	Ggal_XP_004945612.1	1.0	S	0.0
Mjap_MIJAPON000001293.t1	Ggal_XP_004945612.1	1.0	S	0.0
Acey_EYC20807.1	Ggal_XP_004945612.1	1.0	S	0.0
Srat_XP_024503932.1	Ggal_XP_004945612.1	1.0	S	0.0
Hcon_XGW16588.1	Ggal_XP_004945612.1	1.0	S	0.0
Hpol_VDO64892.1	Ggal_XP_004945612.1	1.0	S	0.0
Lloa_XP_020303735.1	Ggal_XP_004945612.1	1.0	S	0.0
Priarc_PARCANUS000003063.t1	Ggal_XP_004945612.1	1.0	S	0.0
Otip_Oti_2625_t	Ggal_XP_004945612.1	1.0	S	0.0
Avit_KAL4002845.1	Ggal_XP_004945612.1	1.0	S	0.0
Cele_NP_498419.3	Ggal_XP_004945612.1	1.0	S	0.0
Ever_VDD88057.1	Hsap_XP_047285659.1	1.0	S	0.0
Diplco_DCO_002927	Hsap_XP_047285659.1	1.0	S	0.0
Cele_NP_498418.3	Hsap_XP_047285659.1	1.0	S	0.0
Priarc_PARCANUS000003453.t1	Hsap_XP_047285659.1	1.0	S	0.0
Avit_KAL4002846.1	Hsap_XP_047285659.1	1.0	S	0.0
Bmal_XP_042933214.1	Hsap_XP_047285659.1	1.0	S	0.0
Scar_TKR68166.1	Hsap_XP_047285659.1	1.0	S	0.0
Hcon_XGW16589.1	Hsap_XP_047285659.1	1.0	S	0.0
Mbel_CAJ0962955.1	Hsap_XP_047285659.1	1.0	S	0.0
Ddip_jg10423	Hsap_XP_047285659.1	1.0	S	0.0
Angcan_KAE9420235.1	Hsap_XP_047285659.1	1.0	S	0.0
Ddip_jg23958	Hsap_XP_047285659.1	1.0	S	0.0
Diplco_DCO_002928	Hsap_XP_047285659.1	1.0	S	0.0
Gpal_Gpal_D383_g10379.t1	Hsap_XP_047285659.1	1.0	S	0.0
Ovol_OVOC8642	Hsap_XP_047285659.1	1.0	S	0.0
Priarc_PARCANUS000008636.t1	Hsap_XP_047285659.1	1.0	S	0.0
Mjap_MIJAPON000001293.t1	Hsap_XP_047285659.1	1.0	S	0.0
Acey_EYC20807.1	Hsap_XP_047285659.1	1.0	S	0.0
Srat_XP_024503932.1	Hsap_XP_047285659.1	1.0	S	0.0
Hcon_XGW16588.1	Hsap_XP_047285659.1	1.0	S	0.0
Hpol_VDO64892.1	Hsap_XP_047285659.1	1.0	S	0.0
Lloa_XP_020303735.1	Hsap_XP_047285659.1	1.0	S	0.0
Priarc_PARCANUS000003063.t1	Hsap_XP_047285659.1	1.0	S	0.0
Otip_Oti_2625_t	Hsap_XP_047285659.1	1.0	S	0.0
Avit_KAL4002845.1	Hsap_XP_047285659.1	1.0	S	0.0
Cele_NP_498419.3	Hsap_XP_047285659.1	1.0	S	0.0
Ever_VDD88057.1	Scil_XP_065189801.1	1.0	S	0.0
Diplco_DCO_002927	Scil_XP_065189801.1	1.0	S	0.0
Cele_NP_498418.3	Scil_XP_065189801.1	1.0	S	0.0
Priarc_PARCANUS000003453.t1	Scil_XP_065189801.1	1.0	S	0.0
Avit_KAL4002846.1	Scil_XP_065189801.1	1.0	S	0.0
Bmal_XP_042933214.1	Scil_XP_065189801.1	1.0	S	0.0
Scar_TKR68166.1	Scil_XP_065189801.1	1.0	S	0.0
Hcon_XGW16589.1	Scil_XP_065189801.1	1.0	S	0.0
Mbel_CAJ0962955.1	Scil_XP_065189801.1	1.0	S	0.0
Ddip_jg10423	Scil_XP_065189801.1	1.0	S	0.0
Angcan_KAE9420235.1	Scil_XP_065189801.1	1.0	S	0.0
Ddip_jg23958	Scil_XP_065189801.1	1.0	S	0.0
Diplco_DCO_002928	Scil_XP_065189801.1	1.0	S	0.0
Gpal_Gpal_D383_g10379.t1	Scil_XP_065189801.1	1.0	S	0.0
Ovol_OVOC8642	Scil_XP_065189801.1	1.0	S	0.0
Priarc_PARCANUS000008636.t1	Scil_XP_065189801.1	1.0	S	0.0
Mjap_MIJAPON000001293.t1	Scil_XP_065189801.1	1.0	S	0.0
Acey_EYC20807.1	Scil_XP_065189801.1	1.0	S	0.0
Srat_XP_024503932.1	Scil_XP_065189801.1	1.0	S	0.0
Hcon_XGW16588.1	Scil_XP_065189801.1	1.0	S	0.0
Hpol_VDO64892.1	Scil_XP_065189801.1	1.0	S	0.0
Lloa_XP_020303735.1	Scil_XP_065189801.1	1.0	S	0.0
Priarc_PARCANUS000003063.t1	Scil_XP_065189801.1	1.0	S	0.0
Otip_Oti_2625_t	Scil_XP_065189801.1	1.0	S	0.0
Avit_KAL4002845.1	Scil_XP_065189801.1	1.0	S	0.0
Cele_NP_498419.3	Scil_XP_065189801.1	1.0	S	0.0
Ever_VDD88057.1	Hsap_XP_047285658.1	1.0	S	0.0
Diplco_DCO_002927	Hsap_XP_047285658.1	1.0	S	0.0
Cele_NP_498418.3	Hsap_XP_047285658.1	1.0	S	0.0
Priarc_PARCANUS000003453.t1	Hsap_XP_047285658.1	1.0	S	0.0
Avit_KAL4002846.1	Hsap_XP_047285658.1	1.0	S	0.0
Bmal_XP_042933214.1	Hsap_XP_047285658.1	1.0	S	0.0
Scar_TKR68166.1	Hsap_XP_047285658.1	1.0	S	0.0
Hcon_XGW16589.1	Hsap_XP_047285658.1	1.0	S	0.0
Mbel_CAJ0962955.1	Hsap_XP_047285658.1	1.0	S	0.0
Ddip_jg10423	Hsap_XP_047285658.1	1.0	S	0.0
Angcan_KAE9420235.1	Hsap_XP_047285658.1	1.0	S	0.0
Ddip_jg23958	Hsap_XP_047285658.1	1.0	S	0.0
Diplco_DCO_002928	Hsap_XP_047285658.1	1.0	S	0.0
Gpal_Gpal_D383_g10379.t1	Hsap_XP_047285658.1	1.0	S	0.0
Ovol_OVOC8642	Hsap_XP_047285658.1	1.0	S	0.0
Priarc_PARCANUS000008636.t1	Hsap_XP_047285658.1	1.0	S	0.0
Mjap_MIJAPON000001293.t1	Hsap_XP_047285658.1	1.0	S	0.0
Acey_EYC20807.1	Hsap_XP_047285658.1	1.0	S	0.0
Srat_XP_024503932.1	Hsap_XP_047285658.1	1.0	S	0.0
Hcon_XGW16588.1	Hsap_XP_047285658.1	1.0	S	0.0
Hpol_VDO64892.1	Hsap_XP_047285658.1	1.0	S	0.0
Lloa_XP_020303735.1	Hsap_XP_047285658.1	1.0	S	0.0
Priarc_PARCANUS000003063.t1	Hsap_XP_047285658.1	1.0	S	0.0
Otip_Oti_2625_t	Hsap_XP_047285658.1	1.0	S	0.0
Avit_KAL4002845.1	Hsap_XP_047285658.1	1.0	S	0.0
Cele_NP_498419.3	Hsap_XP_047285658.1	1.0	S	0.0
Ever_VDD88057.1	Lpol_XP_022243922.1	1.0	S	0.0
Diplco_DCO_002927	Lpol_XP_022243922.1	1.0	S	0.0
Cele_NP_498418.3	Lpol_XP_022243922.1	1.0	S	0.0
Priarc_PARCANUS000003453.t1	Lpol_XP_022243922.1	1.0	S	0.0
Avit_KAL4002846.1	Lpol_XP_022243922.1	1.0	S	0.0
Bmal_XP_042933214.1	Lpol_XP_022243922.1	1.0	S	0.0
Scar_TKR68166.1	Lpol_XP_022243922.1	1.0	S	0.0
Hcon_XGW16589.1	Lpol_XP_022243922.1	1.0	S	0.0
Mbel_CAJ0962955.1	Lpol_XP_022243922.1	1.0	S	0.0
Ddip_jg10423	Lpol_XP_022243922.1	1.0	S	0.0
Angcan_KAE9420235.1	Lpol_XP_022243922.1	1.0	S	0.0
Ddip_jg23958	Lpol_XP_022243922.1	1.0	S	0.0
Diplco_DCO_002928	Lpol_XP_022243922.1	1.0	S	0.0
Gpal_Gpal_D383_g10379.t1	Lpol_XP_022243922.1	1.0	S	0.0
Ovol_OVOC8642	Lpol_XP_022243922.1	1.0	S	0.0
Priarc_PARCANUS000008636.t1	Lpol_XP_022243922.1	1.0	S	0.0
Mjap_MIJAPON000001293.t1	Lpol_XP_022243922.1	1.0	S	0.0
Acey_EYC20807.1	Lpol_XP_022243922.1	1.0	S	0.0
Srat_XP_024503932.1	Lpol_XP_022243922.1	1.0	S	0.0
Hcon_XGW16588.1	Lpol_XP_022243922.1	1.0	S	0.0
Hpol_VDO64892.1	Lpol_XP_022243922.1	1.0	S	0.0
Lloa_XP_020303735.1	Lpol_XP_022243922.1	1.0	S	0.0
Priarc_PARCANUS000003063.t1	Lpol_XP_022243922.1	1.0	S	0.0
Otip_Oti_2625_t	Lpol_XP_022243922.1	1.0	S	0.0
Avit_KAL4002845.1	Lpol_XP_022243922.1	1.0	S	0.0
Cele_NP_498419.3	Lpol_XP_022243922.1	1.0	S	0.0
Ever_VDD88057.1	Xtro_XP_031748506.1	1.0	S	0.0
Diplco_DCO_002927	Xtro_XP_031748506.1	1.0	S	0.0
Cele_NP_498418.3	Xtro_XP_031748506.1	1.0	S	0.0
Priarc_PARCANUS000003453.t1	Xtro_XP_031748506.1	1.0	S	0.0
Avit_KAL4002846.1	Xtro_XP_031748506.1	1.0	S	0.0
Bmal_XP_042933214.1	Xtro_XP_031748506.1	1.0	S	0.0
Scar_TKR68166.1	Xtro_XP_031748506.1	1.0	S	0.0
Hcon_XGW16589.1	Xtro_XP_031748506.1	1.0	S	0.0
Mbel_CAJ0962955.1	Xtro_XP_031748506.1	1.0	S	0.0
Ddip_jg10423	Xtro_XP_031748506.1	1.0	S	0.0
Angcan_KAE9420235.1	Xtro_XP_031748506.1	1.0	S	0.0
Ddip_jg23958	Xtro_XP_031748506.1	1.0	S	0.0
Diplco_DCO_002928	Xtro_XP_031748506.1	1.0	S	0.0
Gpal_Gpal_D383_g10379.t1	Xtro_XP_031748506.1	1.0	S	0.0
Ovol_OVOC8642	Xtro_XP_031748506.1	1.0	S	0.0
Priarc_PARCANUS000008636.t1	Xtro_XP_031748506.1	1.0	S	0.0
Mjap_MIJAPON000001293.t1	Xtro_XP_031748506.1	1.0	S	0.0
Acey_EYC20807.1	Xtro_XP_031748506.1	1.0	S	0.0
Srat_XP_024503932.1	Xtro_XP_031748506.1	1.0	S	0.0
Hcon_XGW16588.1	Xtro_XP_031748506.1	1.0	S	0.0
Hpol_VDO64892.1	Xtro_XP_031748506.1	1.0	S	0.0
Lloa_XP_020303735.1	Xtro_XP_031748506.1	1.0	S	0.0
Priarc_PARCANUS000003063.t1	Xtro_XP_031748506.1	1.0	S	0.0
Otip_Oti_2625_t	Xtro_XP_031748506.1	1.0	S	0.0
Avit_KAL4002845.1	Xtro_XP_031748506.1	1.0	S	0.0
Cele_NP_498419.3	Xtro_XP_031748506.1	1.0	S	0.0
Ever_VDD88057.1	Apla_XP_022085617.1	1.0	S	0.0
Diplco_DCO_002927	Apla_XP_022085617.1	1.0	S	0.0
Cele_NP_498418.3	Apla_XP_022085617.1	1.0	S	0.0
Priarc_PARCANUS000003453.t1	Apla_XP_022085617.1	1.0	S	0.0
Avit_KAL4002846.1	Apla_XP_022085617.1	1.0	S	0.0
Bmal_XP_042933214.1	Apla_XP_022085617.1	1.0	S	0.0
Scar_TKR68166.1	Apla_XP_022085617.1	1.0	S	0.0
Hcon_XGW16589.1	Apla_XP_022085617.1	1.0	S	0.0
Mbel_CAJ0962955.1	Apla_XP_022085617.1	1.0	S	0.0
Ddip_jg10423	Apla_XP_022085617.1	1.0	S	0.0
Angcan_KAE9420235.1	Apla_XP_022085617.1	1.0	S	0.0
Ddip_jg23958	Apla_XP_022085617.1	1.0	S	0.0
Diplco_DCO_002928	Apla_XP_022085617.1	1.0	S	0.0
Gpal_Gpal_D383_g10379.t1	Apla_XP_022085617.1	1.0	S	0.0
Ovol_OVOC8642	Apla_XP_022085617.1	1.0	S	0.0
Priarc_PARCANUS000008636.t1	Apla_XP_022085617.1	1.0	S	0.0
Mjap_MIJAPON000001293.t1	Apla_XP_022085617.1	1.0	S	0.0
Acey_EYC20807.1	Apla_XP_022085617.1	1.0	S	0.0
Srat_XP_024503932.1	Apla_XP_022085617.1	1.0	S	0.0
Hcon_XGW16588.1	Apla_XP_022085617.1	1.0	S	0.0
Hpol_VDO64892.1	Apla_XP_022085617.1	1.0	S	0.0
Lloa_XP_020303735.1	Apla_XP_022085617.1	1.0	S	0.0
Priarc_PARCANUS000003063.t1	Apla_XP_022085617.1	1.0	S	0.0
Otip_Oti_2625_t	Apla_XP_022085617.1	1.0	S	0.0
Avit_KAL4002845.1	Apla_XP_022085617.1	1.0	S	0.0
Cele_NP_498419.3	Apla_XP_022085617.1	1.0	S	0.0
Ever_VDD88057.1	Dpul_XP_046452221.1	1.0	S	0.0
Diplco_DCO_002927	Dpul_XP_046452221.1	1.0	S	0.0
Cele_NP_498418.3	Dpul_XP_046452221.1	1.0	S	0.0
Priarc_PARCANUS000003453.t1	Dpul_XP_046452221.1	1.0	S	0.0
Avit_KAL4002846.1	Dpul_XP_046452221.1	1.0	S	0.0
Bmal_XP_042933214.1	Dpul_XP_046452221.1	1.0	S	0.0
Scar_TKR68166.1	Dpul_XP_046452221.1	1.0	S	0.0
Hcon_XGW16589.1	Dpul_XP_046452221.1	1.0	S	0.0
Mbel_CAJ0962955.1	Dpul_XP_046452221.1	1.0	S	0.0
Ddip_jg10423	Dpul_XP_046452221.1	1.0	S	0.0
Angcan_KAE9420235.1	Dpul_XP_046452221.1	1.0	S	0.0
Ddip_jg23958	Dpul_XP_046452221.1	1.0	S	0.0
Diplco_DCO_002928	Dpul_XP_046452221.1	1.0	S	0.0
Gpal_Gpal_D383_g10379.t1	Dpul_XP_046452221.1	1.0	S	0.0
Ovol_OVOC8642	Dpul_XP_046452221.1	1.0	S	0.0
Priarc_PARCANUS000008636.t1	Dpul_XP_046452221.1	1.0	S	0.0
Mjap_MIJAPON000001293.t1	Dpul_XP_046452221.1	1.0	S	0.0
Acey_EYC20807.1	Dpul_XP_046452221.1	1.0	S	0.0
Srat_XP_024503932.1	Dpul_XP_046452221.1	1.0	S	0.0
Hcon_XGW16588.1	Dpul_XP_046452221.1	1.0	S	0.0
Hpol_VDO64892.1	Dpul_XP_046452221.1	1.0	S	0.0
Lloa_XP_020303735.1	Dpul_XP_046452221.1	1.0	S	0.0
Priarc_PARCANUS000003063.t1	Dpul_XP_046452221.1	1.0	S	0.0
Otip_Oti_2625_t	Dpul_XP_046452221.1	1.0	S	0.0
Avit_KAL4002845.1	Dpul_XP_046452221.1	1.0	S	0.0
Cele_NP_498419.3	Dpul_XP_046452221.1	1.0	S	0.0
Ever_VDD88057.1	Hsap_XP_047285665.1	1.0	S	0.0
Diplco_DCO_002927	Hsap_XP_047285665.1	1.0	S	0.0
Cele_NP_498418.3	Hsap_XP_047285665.1	1.0	S	0.0
Priarc_PARCANUS000003453.t1	Hsap_XP_047285665.1	1.0	S	0.0
Avit_KAL4002846.1	Hsap_XP_047285665.1	1.0	S	0.0
Bmal_XP_042933214.1	Hsap_XP_047285665.1	1.0	S	0.0
Scar_TKR68166.1	Hsap_XP_047285665.1	1.0	S	0.0
Hcon_XGW16589.1	Hsap_XP_047285665.1	1.0	S	0.0
Mbel_CAJ0962955.1	Hsap_XP_047285665.1	1.0	S	0.0
Ddip_jg10423	Hsap_XP_047285665.1	1.0	S	0.0
Angcan_KAE9420235.1	Hsap_XP_047285665.1	1.0	S	0.0
Ddip_jg23958	Hsap_XP_047285665.1	1.0	S	0.0
Diplco_DCO_002928	Hsap_XP_047285665.1	1.0	S	0.0
Gpal_Gpal_D383_g10379.t1	Hsap_XP_047285665.1	1.0	S	0.0
Ovol_OVOC8642	Hsap_XP_047285665.1	1.0	S	0.0
Priarc_PARCANUS000008636.t1	Hsap_XP_047285665.1	1.0	S	0.0
Mjap_MIJAPON000001293.t1	Hsap_XP_047285665.1	1.0	S	0.0
Acey_EYC20807.1	Hsap_XP_047285665.1	1.0	S	0.0
Srat_XP_024503932.1	Hsap_XP_047285665.1	1.0	S	0.0
Hcon_XGW16588.1	Hsap_XP_047285665.1	1.0	S	0.0
Hpol_VDO64892.1	Hsap_XP_047285665.1	1.0	S	0.0
Lloa_XP_020303735.1	Hsap_XP_047285665.1	1.0	S	0.0
Priarc_PARCANUS000003063.t1	Hsap_XP_047285665.1	1.0	S	0.0
Otip_Oti_2625_t	Hsap_XP_047285665.1	1.0	S	0.0
Avit_KAL4002845.1	Hsap_XP_047285665.1	1.0	S	0.0
Cele_NP_498419.3	Hsap_XP_047285665.1	1.0	S	0.0
Ever_VDD88057.1	Hsap_XP_005254013.1	1.0	S	0.0
Diplco_DCO_002927	Hsap_XP_005254013.1	1.0	S	0.0
Cele_NP_498418.3	Hsap_XP_005254013.1	1.0	S	0.0
Priarc_PARCANUS000003453.t1	Hsap_XP_005254013.1	1.0	S	0.0
Avit_KAL4002846.1	Hsap_XP_005254013.1	1.0	S	0.0
Bmal_XP_042933214.1	Hsap_XP_005254013.1	1.0	S	0.0
Scar_TKR68166.1	Hsap_XP_005254013.1	1.0	S	0.0
Hcon_XGW16589.1	Hsap_XP_005254013.1	1.0	S	0.0
Mbel_CAJ0962955.1	Hsap_XP_005254013.1	1.0	S	0.0
Ddip_jg10423	Hsap_XP_005254013.1	1.0	S	0.0
Angcan_KAE9420235.1	Hsap_XP_005254013.1	1.0	S	0.0
Ddip_jg23958	Hsap_XP_005254013.1	1.0	S	0.0
Diplco_DCO_002928	Hsap_XP_005254013.1	1.0	S	0.0
Gpal_Gpal_D383_g10379.t1	Hsap_XP_005254013.1	1.0	S	0.0
Ovol_OVOC8642	Hsap_XP_005254013.1	1.0	S	0.0
Priarc_PARCANUS000008636.t1	Hsap_XP_005254013.1	1.0	S	0.0
Mjap_MIJAPON000001293.t1	Hsap_XP_005254013.1	1.0	S	0.0
Acey_EYC20807.1	Hsap_XP_005254013.1	1.0	S	0.0
Srat_XP_024503932.1	Hsap_XP_005254013.1	1.0	S	0.0
Hcon_XGW16588.1	Hsap_XP_005254013.1	1.0	S	0.0
Hpol_VDO64892.1	Hsap_XP_005254013.1	1.0	S	0.0
Lloa_XP_020303735.1	Hsap_XP_005254013.1	1.0	S	0.0
Priarc_PARCANUS000003063.t1	Hsap_XP_005254013.1	1.0	S	0.0
Otip_Oti_2625_t	Hsap_XP_005254013.1	1.0	S	0.0
Avit_KAL4002845.1	Hsap_XP_005254013.1	1.0	S	0.0
Cele_NP_498419.3	Hsap_XP_005254013.1	1.0	S	0.0
Ever_VDD88057.1	Cfra_CFRG5440T1	1.0	S	0.0
Diplco_DCO_002927	Cfra_CFRG5440T1	1.0	S	0.0
Cele_NP_498418.3	Cfra_CFRG5440T1	1.0	S	0.0
Priarc_PARCANUS000003453.t1	Cfra_CFRG5440T1	1.0	S	0.0
Avit_KAL4002846.1	Cfra_CFRG5440T1	1.0	S	0.0
Bmal_XP_042933214.1	Cfra_CFRG5440T1	1.0	S	0.0
Scar_TKR68166.1	Cfra_CFRG5440T1	1.0	S	0.0
Hcon_XGW16589.1	Cfra_CFRG5440T1	1.0	S	0.0
Mbel_CAJ0962955.1	Cfra_CFRG5440T1	1.0	S	0.0
Ddip_jg10423	Cfra_CFRG5440T1	1.0	S	0.0
Angcan_KAE9420235.1	Cfra_CFRG5440T1	1.0	S	0.0
Ddip_jg23958	Cfra_CFRG5440T1	1.0	S	0.0
Diplco_DCO_002928	Cfra_CFRG5440T1	1.0	S	0.0
Gpal_Gpal_D383_g10379.t1	Cfra_CFRG5440T1	1.0	S	0.0
Ovol_OVOC8642	Cfra_CFRG5440T1	1.0	S	0.0
Priarc_PARCANUS000008636.t1	Cfra_CFRG5440T1	1.0	S	0.0
Mjap_MIJAPON000001293.t1	Cfra_CFRG5440T1	1.0	S	0.0
Acey_EYC20807.1	Cfra_CFRG5440T1	1.0	S	0.0
Srat_XP_024503932.1	Cfra_CFRG5440T1	1.0	S	0.0
Hcon_XGW16588.1	Cfra_CFRG5440T1	1.0	S	0.0
Hpol_VDO64892.1	Cfra_CFRG5440T1	1.0	S	0.0
Lloa_XP_020303735.1	Cfra_CFRG5440T1	1.0	S	0.0
Priarc_PARCANUS000003063.t1	Cfra_CFRG5440T1	1.0	S	0.0
Otip_Oti_2625_t	Cfra_CFRG5440T1	1.0	S	0.0
Avit_KAL4002845.1	Cfra_CFRG5440T1	1.0	S	0.0
Cele_NP_498419.3	Cfra_CFRG5440T1	1.0	S	0.0
Ever_VDD88057.1	Agrpla_XP_018328670.2	1.0	S	0.0
Diplco_DCO_002927	Agrpla_XP_018328670.2	1.0	S	0.0
Cele_NP_498418.3	Agrpla_XP_018328670.2	1.0	S	0.0
Priarc_PARCANUS000003453.t1	Agrpla_XP_018328670.2	1.0	S	0.0
Avit_KAL4002846.1	Agrpla_XP_018328670.2	1.0	S	0.0
Bmal_XP_042933214.1	Agrpla_XP_018328670.2	1.0	S	0.0
Scar_TKR68166.1	Agrpla_XP_018328670.2	1.0	S	0.0
Hcon_XGW16589.1	Agrpla_XP_018328670.2	1.0	S	0.0
Mbel_CAJ0962955.1	Agrpla_XP_018328670.2	1.0	S	0.0
Ddip_jg10423	Agrpla_XP_018328670.2	1.0	S	0.0
Angcan_KAE9420235.1	Agrpla_XP_018328670.2	1.0	S	0.0
Ddip_jg23958	Agrpla_XP_018328670.2	1.0	S	0.0
Diplco_DCO_002928	Agrpla_XP_018328670.2	1.0	S	0.0
Gpal_Gpal_D383_g10379.t1	Agrpla_XP_018328670.2	1.0	S	0.0
Ovol_OVOC8642	Agrpla_XP_018328670.2	1.0	S	0.0
Priarc_PARCANUS000008636.t1	Agrpla_XP_018328670.2	1.0	S	0.0
Mjap_MIJAPON000001293.t1	Agrpla_XP_018328670.2	1.0	S	0.0
Acey_EYC20807.1	Agrpla_XP_018328670.2	1.0	S	0.0
Srat_XP_024503932.1	Agrpla_XP_018328670.2	1.0	S	0.0
Hcon_XGW16588.1	Agrpla_XP_018328670.2	1.0	S	0.0
Hpol_VDO64892.1	Agrpla_XP_018328670.2	1.0	S	0.0
Lloa_XP_020303735.1	Agrpla_XP_018328670.2	1.0	S	0.0
Priarc_PARCANUS000003063.t1	Agrpla_XP_018328670.2	1.0	S	0.0
Otip_Oti_2625_t	Agrpla_XP_018328670.2	1.0	S	0.0
Avit_KAL4002845.1	Agrpla_XP_018328670.2	1.0	S	0.0
Cele_NP_498419.3	Agrpla_XP_018328670.2	1.0	S	0.0
Ever_VDD88057.1	Ggal_XP_004945610.1	1.0	S	0.0
Diplco_DCO_002927	Ggal_XP_004945610.1	1.0	S	0.0
Cele_NP_498418.3	Ggal_XP_004945610.1	1.0	S	0.0
Priarc_PARCANUS000003453.t1	Ggal_XP_004945610.1	1.0	S	0.0
Avit_KAL4002846.1	Ggal_XP_004945610.1	1.0	S	0.0
Bmal_XP_042933214.1	Ggal_XP_004945610.1	1.0	S	0.0
Scar_TKR68166.1	Ggal_XP_004945610.1	1.0	S	0.0
Hcon_XGW16589.1	Ggal_XP_004945610.1	1.0	S	0.0
Mbel_CAJ0962955.1	Ggal_XP_004945610.1	1.0	S	0.0
Ddip_jg10423	Ggal_XP_004945610.1	1.0	S	0.0
Angcan_KAE9420235.1	Ggal_XP_004945610.1	1.0	S	0.0
Ddip_jg23958	Ggal_XP_004945610.1	1.0	S	0.0
Diplco_DCO_002928	Ggal_XP_004945610.1	1.0	S	0.0
Gpal_Gpal_D383_g10379.t1	Ggal_XP_004945610.1	1.0	S	0.0
Ovol_OVOC8642	Ggal_XP_004945610.1	1.0	S	0.0
Priarc_PARCANUS000008636.t1	Ggal_XP_004945610.1	1.0	S	0.0
Mjap_MIJAPON000001293.t1	Ggal_XP_004945610.1	1.0	S	0.0
Acey_EYC20807.1	Ggal_XP_004945610.1	1.0	S	0.0
Srat_XP_024503932.1	Ggal_XP_004945610.1	1.0	S	0.0
Hcon_XGW16588.1	Ggal_XP_004945610.1	1.0	S	0.0
Hpol_VDO64892.1	Ggal_XP_004945610.1	1.0	S	0.0
Lloa_XP_020303735.1	Ggal_XP_004945610.1	1.0	S	0.0
Priarc_PARCANUS000003063.t1	Ggal_XP_004945610.1	1.0	S	0.0
Otip_Oti_2625_t	Ggal_XP_004945610.1	1.0	S	0.0
Avit_KAL4002845.1	Ggal_XP_004945610.1	1.0	S	0.0
Cele_NP_498419.3	Ggal_XP_004945610.1	1.0	S	0.0
Ever_VDD88057.1	Smed_h1SMcT0005069.4	1.0	S	0.0
Diplco_DCO_002927	Smed_h1SMcT0005069.4	1.0	S	0.0
Cele_NP_498418.3	Smed_h1SMcT0005069.4	1.0	S	0.0
Priarc_PARCANUS000003453.t1	Smed_h1SMcT0005069.4	1.0	S	0.0
Avit_KAL4002846.1	Smed_h1SMcT0005069.4	1.0	S	0.0
Bmal_XP_042933214.1	Smed_h1SMcT0005069.4	1.0	S	0.0
Scar_TKR68166.1	Smed_h1SMcT0005069.4	1.0	S	0.0
Hcon_XGW16589.1	Smed_h1SMcT0005069.4	1.0	S	0.0
Mbel_CAJ0962955.1	Smed_h1SMcT0005069.4	1.0	S	0.0
Ddip_jg10423	Smed_h1SMcT0005069.4	1.0	S	0.0
Angcan_KAE9420235.1	Smed_h1SMcT0005069.4	1.0	S	0.0
Ddip_jg23958	Smed_h1SMcT0005069.4	1.0	S	0.0
Diplco_DCO_002928	Smed_h1SMcT0005069.4	1.0	S	0.0
Gpal_Gpal_D383_g10379.t1	Smed_h1SMcT0005069.4	1.0	S	0.0
Ovol_OVOC8642	Smed_h1SMcT0005069.4	1.0	S	0.0
Priarc_PARCANUS000008636.t1	Smed_h1SMcT0005069.4	1.0	S	0.0
Mjap_MIJAPON000001293.t1	Smed_h1SMcT0005069.4	1.0	S	0.0
Acey_EYC20807.1	Smed_h1SMcT0005069.4	1.0	S	0.0
Srat_XP_024503932.1	Smed_h1SMcT0005069.4	1.0	S	0.0
Hcon_XGW16588.1	Smed_h1SMcT0005069.4	1.0	S	0.0
Hpol_VDO64892.1	Smed_h1SMcT0005069.4	1.0	S	0.0
Lloa_XP_020303735.1	Smed_h1SMcT0005069.4	1.0	S	0.0
Priarc_PARCANUS000003063.t1	Smed_h1SMcT0005069.4	1.0	S	0.0
Otip_Oti_2625_t	Smed_h1SMcT0005069.4	1.0	S	0.0
Avit_KAL4002845.1	Smed_h1SMcT0005069.4	1.0	S	0.0
Cele_NP_498419.3	Smed_h1SMcT0005069.4	1.0	S	0.0
Ever_VDD88057.1	Hsap_XP_047285644.1	1.0	S	0.0
Diplco_DCO_002927	Hsap_XP_047285644.1	1.0	S	0.0
Cele_NP_498418.3	Hsap_XP_047285644.1	1.0	S	0.0
Priarc_PARCANUS000003453.t1	Hsap_XP_047285644.1	1.0	S	0.0
Avit_KAL4002846.1	Hsap_XP_047285644.1	1.0	S	0.0
Bmal_XP_042933214.1	Hsap_XP_047285644.1	1.0	S	0.0
Scar_TKR68166.1	Hsap_XP_047285644.1	1.0	S	0.0
Hcon_XGW16589.1	Hsap_XP_047285644.1	1.0	S	0.0
Mbel_CAJ0962955.1	Hsap_XP_047285644.1	1.0	S	0.0
Ddip_jg10423	Hsap_XP_047285644.1	1.0	S	0.0
Angcan_KAE9420235.1	Hsap_XP_047285644.1	1.0	S	0.0
Ddip_jg23958	Hsap_XP_047285644.1	1.0	S	0.0
Diplco_DCO_002928	Hsap_XP_047285644.1	1.0	S	0.0
Gpal_Gpal_D383_g10379.t1	Hsap_XP_047285644.1	1.0	S	0.0
Ovol_OVOC8642	Hsap_XP_047285644.1	1.0	S	0.0
Priarc_PARCANUS000008636.t1	Hsap_XP_047285644.1	1.0	S	0.0
Mjap_MIJAPON000001293.t1	Hsap_XP_047285644.1	1.0	S	0.0
Acey_EYC20807.1	Hsap_XP_047285644.1	1.0	S	0.0
Srat_XP_024503932.1	Hsap_XP_047285644.1	1.0	S	0.0
Hcon_XGW16588.1	Hsap_XP_047285644.1	1.0	S	0.0
Hpol_VDO64892.1	Hsap_XP_047285644.1	1.0	S	0.0
Lloa_XP_020303735.1	Hsap_XP_047285644.1	1.0	S	0.0
Priarc_PARCANUS000003063.t1	Hsap_XP_047285644.1	1.0	S	0.0
Otip_Oti_2625_t	Hsap_XP_047285644.1	1.0	S	0.0
Avit_KAL4002845.1	Hsap_XP_047285644.1	1.0	S	0.0
Cele_NP_498419.3	Hsap_XP_047285644.1	1.0	S	0.0
Ever_VDD88057.1	Hsap_XP_047285662.1	1.0	S	0.0
Diplco_DCO_002927	Hsap_XP_047285662.1	1.0	S	0.0
Cele_NP_498418.3	Hsap_XP_047285662.1	1.0	S	0.0
Priarc_PARCANUS000003453.t1	Hsap_XP_047285662.1	1.0	S	0.0
Avit_KAL4002846.1	Hsap_XP_047285662.1	1.0	S	0.0
Bmal_XP_042933214.1	Hsap_XP_047285662.1	1.0	S	0.0
Scar_TKR68166.1	Hsap_XP_047285662.1	1.0	S	0.0
Hcon_XGW16589.1	Hsap_XP_047285662.1	1.0	S	0.0
Mbel_CAJ0962955.1	Hsap_XP_047285662.1	1.0	S	0.0
Ddip_jg10423	Hsap_XP_047285662.1	1.0	S	0.0
Angcan_KAE9420235.1	Hsap_XP_047285662.1	1.0	S	0.0
Ddip_jg23958	Hsap_XP_047285662.1	1.0	S	0.0
Diplco_DCO_002928	Hsap_XP_047285662.1	1.0	S	0.0
Gpal_Gpal_D383_g10379.t1	Hsap_XP_047285662.1	1.0	S	0.0
Ovol_OVOC8642	Hsap_XP_047285662.1	1.0	S	0.0
Priarc_PARCANUS000008636.t1	Hsap_XP_047285662.1	1.0	S	0.0
Mjap_MIJAPON000001293.t1	Hsap_XP_047285662.1	1.0	S	0.0
Acey_EYC20807.1	Hsap_XP_047285662.1	1.0	S	0.0
Srat_XP_024503932.1	Hsap_XP_047285662.1	1.0	S	0.0
Hcon_XGW16588.1	Hsap_XP_047285662.1	1.0	S	0.0
Hpol_VDO64892.1	Hsap_XP_047285662.1	1.0	S	0.0
Lloa_XP_020303735.1	Hsap_XP_047285662.1	1.0	S	0.0
Priarc_PARCANUS000003063.t1	Hsap_XP_047285662.1	1.0	S	0.0
Otip_Oti_2625_t	Hsap_XP_047285662.1	1.0	S	0.0
Avit_KAL4002845.1	Hsap_XP_047285662.1	1.0	S	0.0
Cele_NP_498419.3	Hsap_XP_047285662.1	1.0	S	0.0
Ever_VDD88057.1	Lpol_XP_022243923.1	1.0	S	0.0
Diplco_DCO_002927	Lpol_XP_022243923.1	1.0	S	0.0
Cele_NP_498418.3	Lpol_XP_022243923.1	1.0	S	0.0
Priarc_PARCANUS000003453.t1	Lpol_XP_022243923.1	1.0	S	0.0
Avit_KAL4002846.1	Lpol_XP_022243923.1	1.0	S	0.0
Bmal_XP_042933214.1	Lpol_XP_022243923.1	1.0	S	0.0
Scar_TKR68166.1	Lpol_XP_022243923.1	1.0	S	0.0
Hcon_XGW16589.1	Lpol_XP_022243923.1	1.0	S	0.0
Mbel_CAJ0962955.1	Lpol_XP_022243923.1	1.0	S	0.0
Ddip_jg10423	Lpol_XP_022243923.1	1.0	S	0.0
Angcan_KAE9420235.1	Lpol_XP_022243923.1	1.0	S	0.0
Ddip_jg23958	Lpol_XP_022243923.1	1.0	S	0.0
Diplco_DCO_002928	Lpol_XP_022243923.1	1.0	S	0.0
Gpal_Gpal_D383_g10379.t1	Lpol_XP_022243923.1	1.0	S	0.0
Ovol_OVOC8642	Lpol_XP_022243923.1	1.0	S	0.0
Priarc_PARCANUS000008636.t1	Lpol_XP_022243923.1	1.0	S	0.0
Mjap_MIJAPON000001293.t1	Lpol_XP_022243923.1	1.0	S	0.0
Acey_EYC20807.1	Lpol_XP_022243923.1	1.0	S	0.0
Srat_XP_024503932.1	Lpol_XP_022243923.1	1.0	S	0.0
Hcon_XGW16588.1	Lpol_XP_022243923.1	1.0	S	0.0
Hpol_VDO64892.1	Lpol_XP_022243923.1	1.0	S	0.0
Lloa_XP_020303735.1	Lpol_XP_022243923.1	1.0	S	0.0
Priarc_PARCANUS000003063.t1	Lpol_XP_022243923.1	1.0	S	0.0
Otip_Oti_2625_t	Lpol_XP_022243923.1	1.0	S	0.0
Avit_KAL4002845.1	Lpol_XP_022243923.1	1.0	S	0.0
Cele_NP_498419.3	Lpol_XP_022243923.1	1.0	S	0.0
Ever_VDD88057.1	Apimel_XP_026294963.1	1.0	S	0.0
Diplco_DCO_002927	Apimel_XP_026294963.1	1.0	S	0.0
Cele_NP_498418.3	Apimel_XP_026294963.1	1.0	S	0.0
Priarc_PARCANUS000003453.t1	Apimel_XP_026294963.1	1.0	S	0.0
Avit_KAL4002846.1	Apimel_XP_026294963.1	1.0	S	0.0
Bmal_XP_042933214.1	Apimel_XP_026294963.1	1.0	S	0.0
Scar_TKR68166.1	Apimel_XP_026294963.1	1.0	S	0.0
Hcon_XGW16589.1	Apimel_XP_026294963.1	1.0	S	0.0
Mbel_CAJ0962955.1	Apimel_XP_026294963.1	1.0	S	0.0
Ddip_jg10423	Apimel_XP_026294963.1	1.0	S	0.0
Angcan_KAE9420235.1	Apimel_XP_026294963.1	1.0	S	0.0
Ddip_jg23958	Apimel_XP_026294963.1	1.0	S	0.0
Diplco_DCO_002928	Apimel_XP_026294963.1	1.0	S	0.0
Gpal_Gpal_D383_g10379.t1	Apimel_XP_026294963.1	1.0	S	0.0
Ovol_OVOC8642	Apimel_XP_026294963.1	1.0	S	0.0
Priarc_PARCANUS000008636.t1	Apimel_XP_026294963.1	1.0	S	0.0
Mjap_MIJAPON000001293.t1	Apimel_XP_026294963.1	1.0	S	0.0
Acey_EYC20807.1	Apimel_XP_026294963.1	1.0	S	0.0
Srat_XP_024503932.1	Apimel_XP_026294963.1	1.0	S	0.0
Hcon_XGW16588.1	Apimel_XP_026294963.1	1.0	S	0.0
Hpol_VDO64892.1	Apimel_XP_026294963.1	1.0	S	0.0
Lloa_XP_020303735.1	Apimel_XP_026294963.1	1.0	S	0.0
Priarc_PARCANUS000003063.t1	Apimel_XP_026294963.1	1.0	S	0.0
Otip_Oti_2625_t	Apimel_XP_026294963.1	1.0	S	0.0
Avit_KAL4002845.1	Apimel_XP_026294963.1	1.0	S	0.0
Cele_NP_498419.3	Apimel_XP_026294963.1	1.0	S	0.0
Ever_VDD88057.1	Xtro_NP_001011176.1	1.0	S	0.0
Diplco_DCO_002927	Xtro_NP_001011176.1	1.0	S	0.0
Cele_NP_498418.3	Xtro_NP_001011176.1	1.0	S	0.0
Priarc_PARCANUS000003453.t1	Xtro_NP_001011176.1	1.0	S	0.0
Avit_KAL4002846.1	Xtro_NP_001011176.1	1.0	S	0.0
Bmal_XP_042933214.1	Xtro_NP_001011176.1	1.0	S	0.0
Scar_TKR68166.1	Xtro_NP_001011176.1	1.0	S	0.0
Hcon_XGW16589.1	Xtro_NP_001011176.1	1.0	S	0.0
Mbel_CAJ0962955.1	Xtro_NP_001011176.1	1.0	S	0.0
Ddip_jg10423	Xtro_NP_001011176.1	1.0	S	0.0
Angcan_KAE9420235.1	Xtro_NP_001011176.1	1.0	S	0.0
Ddip_jg23958	Xtro_NP_001011176.1	1.0	S	0.0
Diplco_DCO_002928	Xtro_NP_001011176.1	1.0	S	0.0
Gpal_Gpal_D383_g10379.t1	Xtro_NP_001011176.1	1.0	S	0.0
Ovol_OVOC8642	Xtro_NP_001011176.1	1.0	S	0.0
Priarc_PARCANUS000008636.t1	Xtro_NP_001011176.1	1.0	S	0.0
Mjap_MIJAPON000001293.t1	Xtro_NP_001011176.1	1.0	S	0.0
Acey_EYC20807.1	Xtro_NP_001011176.1	1.0	S	0.0
Srat_XP_024503932.1	Xtro_NP_001011176.1	1.0	S	0.0
Hcon_XGW16588.1	Xtro_NP_001011176.1	1.0	S	0.0
Hpol_VDO64892.1	Xtro_NP_001011176.1	1.0	S	0.0
Lloa_XP_020303735.1	Xtro_NP_001011176.1	1.0	S	0.0
Priarc_PARCANUS000003063.t1	Xtro_NP_001011176.1	1.0	S	0.0
Otip_Oti_2625_t	Xtro_NP_001011176.1	1.0	S	0.0
Avit_KAL4002845.1	Xtro_NP_001011176.1	1.0	S	0.0
Cele_NP_498419.3	Xtro_NP_001011176.1	1.0	S	0.0
Ever_VDD88057.1	Hsap_XP_047285655.1	1.0	S	0.0
Diplco_DCO_002927	Hsap_XP_047285655.1	1.0	S	0.0
Cele_NP_498418.3	Hsap_XP_047285655.1	1.0	S	0.0
Priarc_PARCANUS000003453.t1	Hsap_XP_047285655.1	1.0	S	0.0
Avit_KAL4002846.1	Hsap_XP_047285655.1	1.0	S	0.0
Bmal_XP_042933214.1	Hsap_XP_047285655.1	1.0	S	0.0
Scar_TKR68166.1	Hsap_XP_047285655.1	1.0	S	0.0
Hcon_XGW16589.1	Hsap_XP_047285655.1	1.0	S	0.0
Mbel_CAJ0962955.1	Hsap_XP_047285655.1	1.0	S	0.0
Ddip_jg10423	Hsap_XP_047285655.1	1.0	S	0.0
Angcan_KAE9420235.1	Hsap_XP_047285655.1	1.0	S	0.0
Ddip_jg23958	Hsap_XP_047285655.1	1.0	S	0.0
Diplco_DCO_002928	Hsap_XP_047285655.1	1.0	S	0.0
Gpal_Gpal_D383_g10379.t1	Hsap_XP_047285655.1	1.0	S	0.0
Ovol_OVOC8642	Hsap_XP_047285655.1	1.0	S	0.0
Priarc_PARCANUS000008636.t1	Hsap_XP_047285655.1	1.0	S	0.0
Mjap_MIJAPON000001293.t1	Hsap_XP_047285655.1	1.0	S	0.0
Acey_EYC20807.1	Hsap_XP_047285655.1	1.0	S	0.0
Srat_XP_024503932.1	Hsap_XP_047285655.1	1.0	S	0.0
Hcon_XGW16588.1	Hsap_XP_047285655.1	1.0	S	0.0
Hpol_VDO64892.1	Hsap_XP_047285655.1	1.0	S	0.0
Lloa_XP_020303735.1	Hsap_XP_047285655.1	1.0	S	0.0
Priarc_PARCANUS000003063.t1	Hsap_XP_047285655.1	1.0	S	0.0
Otip_Oti_2625_t	Hsap_XP_047285655.1	1.0	S	0.0
Avit_KAL4002845.1	Hsap_XP_047285655.1	1.0	S	0.0
Cele_NP_498419.3	Hsap_XP_047285655.1	1.0	S	0.0
Ever_VDD88057.1	Hsap_XP_047285654.1	1.0	S	0.0
Diplco_DCO_002927	Hsap_XP_047285654.1	1.0	S	0.0
Cele_NP_498418.3	Hsap_XP_047285654.1	1.0	S	0.0
Priarc_PARCANUS000003453.t1	Hsap_XP_047285654.1	1.0	S	0.0
Avit_KAL4002846.1	Hsap_XP_047285654.1	1.0	S	0.0
Bmal_XP_042933214.1	Hsap_XP_047285654.1	1.0	S	0.0
Scar_TKR68166.1	Hsap_XP_047285654.1	1.0	S	0.0
Hcon_XGW16589.1	Hsap_XP_047285654.1	1.0	S	0.0
Mbel_CAJ0962955.1	Hsap_XP_047285654.1	1.0	S	0.0
Ddip_jg10423	Hsap_XP_047285654.1	1.0	S	0.0
Angcan_KAE9420235.1	Hsap_XP_047285654.1	1.0	S	0.0
Ddip_jg23958	Hsap_XP_047285654.1	1.0	S	0.0
Diplco_DCO_002928	Hsap_XP_047285654.1	1.0	S	0.0
Gpal_Gpal_D383_g10379.t1	Hsap_XP_047285654.1	1.0	S	0.0
Ovol_OVOC8642	Hsap_XP_047285654.1	1.0	S	0.0
Priarc_PARCANUS000008636.t1	Hsap_XP_047285654.1	1.0	S	0.0
Mjap_MIJAPON000001293.t1	Hsap_XP_047285654.1	1.0	S	0.0
Acey_EYC20807.1	Hsap_XP_047285654.1	1.0	S	0.0
Srat_XP_024503932.1	Hsap_XP_047285654.1	1.0	S	0.0
Hcon_XGW16588.1	Hsap_XP_047285654.1	1.0	S	0.0
Hpol_VDO64892.1	Hsap_XP_047285654.1	1.0	S	0.0
Lloa_XP_020303735.1	Hsap_XP_047285654.1	1.0	S	0.0
Priarc_PARCANUS000003063.t1	Hsap_XP_047285654.1	1.0	S	0.0
Otip_Oti_2625_t	Hsap_XP_047285654.1	1.0	S	0.0
Avit_KAL4002845.1	Hsap_XP_047285654.1	1.0	S	0.0
Cele_NP_498419.3	Hsap_XP_047285654.1	1.0	S	0.0
Ever_VDD88057.1	Ofus_CAH1801472.1	1.0	S	0.0
Diplco_DCO_002927	Ofus_CAH1801472.1	1.0	S	0.0
Cele_NP_498418.3	Ofus_CAH1801472.1	1.0	S	0.0
Priarc_PARCANUS000003453.t1	Ofus_CAH1801472.1	1.0	S	0.0
Avit_KAL4002846.1	Ofus_CAH1801472.1	1.0	S	0.0
Bmal_XP_042933214.1	Ofus_CAH1801472.1	1.0	S	0.0
Scar_TKR68166.1	Ofus_CAH1801472.1	1.0	S	0.0
Hcon_XGW16589.1	Ofus_CAH1801472.1	1.0	S	0.0
Mbel_CAJ0962955.1	Ofus_CAH1801472.1	1.0	S	0.0
Ddip_jg10423	Ofus_CAH1801472.1	1.0	S	0.0
Angcan_KAE9420235.1	Ofus_CAH1801472.1	1.0	S	0.0
Ddip_jg23958	Ofus_CAH1801472.1	1.0	S	0.0
Diplco_DCO_002928	Ofus_CAH1801472.1	1.0	S	0.0
Gpal_Gpal_D383_g10379.t1	Ofus_CAH1801472.1	1.0	S	0.0
Ovol_OVOC8642	Ofus_CAH1801472.1	1.0	S	0.0
Priarc_PARCANUS000008636.t1	Ofus_CAH1801472.1	1.0	S	0.0
Mjap_MIJAPON000001293.t1	Ofus_CAH1801472.1	1.0	S	0.0
Acey_EYC20807.1	Ofus_CAH1801472.1	1.0	S	0.0
Srat_XP_024503932.1	Ofus_CAH1801472.1	1.0	S	0.0
Hcon_XGW16588.1	Ofus_CAH1801472.1	1.0	S	0.0
Hpol_VDO64892.1	Ofus_CAH1801472.1	1.0	S	0.0
Lloa_XP_020303735.1	Ofus_CAH1801472.1	1.0	S	0.0
Priarc_PARCANUS000003063.t1	Ofus_CAH1801472.1	1.0	S	0.0
Otip_Oti_2625_t	Ofus_CAH1801472.1	1.0	S	0.0
Avit_KAL4002845.1	Ofus_CAH1801472.1	1.0	S	0.0
Cele_NP_498419.3	Ofus_CAH1801472.1	1.0	S	0.0
Ever_VDD88057.1	Mpol_BFI28826.1	1.0	S	0.0
Diplco_DCO_002927	Mpol_BFI28826.1	1.0	S	0.0
Cele_NP_498418.3	Mpol_BFI28826.1	1.0	S	0.0
Priarc_PARCANUS000003453.t1	Mpol_BFI28826.1	1.0	S	0.0
Avit_KAL4002846.1	Mpol_BFI28826.1	1.0	S	0.0
Bmal_XP_042933214.1	Mpol_BFI28826.1	1.0	S	0.0
Scar_TKR68166.1	Mpol_BFI28826.1	1.0	S	0.0
Hcon_XGW16589.1	Mpol_BFI28826.1	1.0	S	0.0
Mbel_CAJ0962955.1	Mpol_BFI28826.1	1.0	S	0.0
Ddip_jg10423	Mpol_BFI28826.1	1.0	S	0.0
Angcan_KAE9420235.1	Mpol_BFI28826.1	1.0	S	0.0
Ddip_jg23958	Mpol_BFI28826.1	1.0	S	0.0
Diplco_DCO_002928	Mpol_BFI28826.1	1.0	S	0.0
Gpal_Gpal_D383_g10379.t1	Mpol_BFI28826.1	1.0	S	0.0
Ovol_OVOC8642	Mpol_BFI28826.1	1.0	S	0.0
Priarc_PARCANUS000008636.t1	Mpol_BFI28826.1	1.0	S	0.0
Mjap_MIJAPON000001293.t1	Mpol_BFI28826.1	1.0	S	0.0
Acey_EYC20807.1	Mpol_BFI28826.1	1.0	S	0.0
Srat_XP_024503932.1	Mpol_BFI28826.1	1.0	S	0.0
Hcon_XGW16588.1	Mpol_BFI28826.1	1.0	S	0.0
Hpol_VDO64892.1	Mpol_BFI28826.1	1.0	S	0.0
Lloa_XP_020303735.1	Mpol_BFI28826.1	1.0	S	0.0
Priarc_PARCANUS000003063.t1	Mpol_BFI28826.1	1.0	S	0.0
Otip_Oti_2625_t	Mpol_BFI28826.1	1.0	S	0.0
Avit_KAL4002845.1	Mpol_BFI28826.1	1.0	S	0.0
Cele_NP_498419.3	Mpol_BFI28826.1	1.0	S	0.0
Ever_VDD88057.1	Mpol_BFI28825.1	1.0	S	0.0
Diplco_DCO_002927	Mpol_BFI28825.1	1.0	S	0.0
Cele_NP_498418.3	Mpol_BFI28825.1	1.0	S	0.0
Priarc_PARCANUS000003453.t1	Mpol_BFI28825.1	1.0	S	0.0
Avit_KAL4002846.1	Mpol_BFI28825.1	1.0	S	0.0
Bmal_XP_042933214.1	Mpol_BFI28825.1	1.0	S	0.0
Scar_TKR68166.1	Mpol_BFI28825.1	1.0	S	0.0
Hcon_XGW16589.1	Mpol_BFI28825.1	1.0	S	0.0
Mbel_CAJ0962955.1	Mpol_BFI28825.1	1.0	S	0.0
Ddip_jg10423	Mpol_BFI28825.1	1.0	S	0.0
Angcan_KAE9420235.1	Mpol_BFI28825.1	1.0	S	0.0
Ddip_jg23958	Mpol_BFI28825.1	1.0	S	0.0
Diplco_DCO_002928	Mpol_BFI28825.1	1.0	S	0.0
Gpal_Gpal_D383_g10379.t1	Mpol_BFI28825.1	1.0	S	0.0
Ovol_OVOC8642	Mpol_BFI28825.1	1.0	S	0.0
Priarc_PARCANUS000008636.t1	Mpol_BFI28825.1	1.0	S	0.0
Mjap_MIJAPON000001293.t1	Mpol_BFI28825.1	1.0	S	0.0
Acey_EYC20807.1	Mpol_BFI28825.1	1.0	S	0.0
Srat_XP_024503932.1	Mpol_BFI28825.1	1.0	S	0.0
Hcon_XGW16588.1	Mpol_BFI28825.1	1.0	S	0.0
Hpol_VDO64892.1	Mpol_BFI28825.1	1.0	S	0.0
Lloa_XP_020303735.1	Mpol_BFI28825.1	1.0	S	0.0
Priarc_PARCANUS000003063.t1	Mpol_BFI28825.1	1.0	S	0.0
Otip_Oti_2625_t	Mpol_BFI28825.1	1.0	S	0.0
Avit_KAL4002845.1	Mpol_BFI28825.1	1.0	S	0.0
Cele_NP_498419.3	Mpol_BFI28825.1	1.0	S	0.0
Ever_VDD88057.1	Hsap_XP_047285653.1	1.0	S	0.0
Diplco_DCO_002927	Hsap_XP_047285653.1	1.0	S	0.0
Cele_NP_498418.3	Hsap_XP_047285653.1	1.0	S	0.0
Priarc_PARCANUS000003453.t1	Hsap_XP_047285653.1	1.0	S	0.0
Avit_KAL4002846.1	Hsap_XP_047285653.1	1.0	S	0.0
Bmal_XP_042933214.1	Hsap_XP_047285653.1	1.0	S	0.0
Scar_TKR68166.1	Hsap_XP_047285653.1	1.0	S	0.0
Hcon_XGW16589.1	Hsap_XP_047285653.1	1.0	S	0.0
Mbel_CAJ0962955.1	Hsap_XP_047285653.1	1.0	S	0.0
Ddip_jg10423	Hsap_XP_047285653.1	1.0	S	0.0
Angcan_KAE9420235.1	Hsap_XP_047285653.1	1.0	S	0.0
Ddip_jg23958	Hsap_XP_047285653.1	1.0	S	0.0
Diplco_DCO_002928	Hsap_XP_047285653.1	1.0	S	0.0
Gpal_Gpal_D383_g10379.t1	Hsap_XP_047285653.1	1.0	S	0.0
Ovol_OVOC8642	Hsap_XP_047285653.1	1.0	S	0.0
Priarc_PARCANUS000008636.t1	Hsap_XP_047285653.1	1.0	S	0.0
Mjap_MIJAPON000001293.t1	Hsap_XP_047285653.1	1.0	S	0.0
Acey_EYC20807.1	Hsap_XP_047285653.1	1.0	S	0.0
Srat_XP_024503932.1	Hsap_XP_047285653.1	1.0	S	0.0
Hcon_XGW16588.1	Hsap_XP_047285653.1	1.0	S	0.0
Hpol_VDO64892.1	Hsap_XP_047285653.1	1.0	S	0.0
Lloa_XP_020303735.1	Hsap_XP_047285653.1	1.0	S	0.0
Priarc_PARCANUS000003063.t1	Hsap_XP_047285653.1	1.0	S	0.0
Otip_Oti_2625_t	Hsap_XP_047285653.1	1.0	S	0.0
Avit_KAL4002845.1	Hsap_XP_047285653.1	1.0	S	0.0
Cele_NP_498419.3	Hsap_XP_047285653.1	1.0	S	0.0
Ever_VDD88057.1	Hsap_XP_047285670.1	1.0	S	0.0
Diplco_DCO_002927	Hsap_XP_047285670.1	1.0	S	0.0
Cele_NP_498418.3	Hsap_XP_047285670.1	1.0	S	0.0
Priarc_PARCANUS000003453.t1	Hsap_XP_047285670.1	1.0	S	0.0
Avit_KAL4002846.1	Hsap_XP_047285670.1	1.0	S	0.0
Bmal_XP_042933214.1	Hsap_XP_047285670.1	1.0	S	0.0
Scar_TKR68166.1	Hsap_XP_047285670.1	1.0	S	0.0
Hcon_XGW16589.1	Hsap_XP_047285670.1	1.0	S	0.0
Mbel_CAJ0962955.1	Hsap_XP_047285670.1	1.0	S	0.0
Ddip_jg10423	Hsap_XP_047285670.1	1.0	S	0.0
Angcan_KAE9420235.1	Hsap_XP_047285670.1	1.0	S	0.0
Ddip_jg23958	Hsap_XP_047285670.1	1.0	S	0.0
Diplco_DCO_002928	Hsap_XP_047285670.1	1.0	S	0.0
Gpal_Gpal_D383_g10379.t1	Hsap_XP_047285670.1	1.0	S	0.0
Ovol_OVOC8642	Hsap_XP_047285670.1	1.0	S	0.0
Priarc_PARCANUS000008636.t1	Hsap_XP_047285670.1	1.0	S	0.0
Mjap_MIJAPON000001293.t1	Hsap_XP_047285670.1	1.0	S	0.0
Acey_EYC20807.1	Hsap_XP_047285670.1	1.0	S	0.0
Srat_XP_024503932.1	Hsap_XP_047285670.1	1.0	S	0.0
Hcon_XGW16588.1	Hsap_XP_047285670.1	1.0	S	0.0
Hpol_VDO64892.1	Hsap_XP_047285670.1	1.0	S	0.0
Lloa_XP_020303735.1	Hsap_XP_047285670.1	1.0	S	0.0
Priarc_PARCANUS000003063.t1	Hsap_XP_047285670.1	1.0	S	0.0
Otip_Oti_2625_t	Hsap_XP_047285670.1	1.0	S	0.0
Avit_KAL4002845.1	Hsap_XP_047285670.1	1.0	S	0.0
Cele_NP_498419.3	Hsap_XP_047285670.1	1.0	S	0.0
Ever_VDD88057.1	Hsap_NP_115979.3	1.0	S	0.0
Diplco_DCO_002927	Hsap_NP_115979.3	1.0	S	0.0
Cele_NP_498418.3	Hsap_NP_115979.3	1.0	S	0.0
Priarc_PARCANUS000003453.t1	Hsap_NP_115979.3	1.0	S	0.0
Avit_KAL4002846.1	Hsap_NP_115979.3	1.0	S	0.0
Bmal_XP_042933214.1	Hsap_NP_115979.3	1.0	S	0.0
Scar_TKR68166.1	Hsap_NP_115979.3	1.0	S	0.0
Hcon_XGW16589.1	Hsap_NP_115979.3	1.0	S	0.0
Mbel_CAJ0962955.1	Hsap_NP_115979.3	1.0	S	0.0
Ddip_jg10423	Hsap_NP_115979.3	1.0	S	0.0
Angcan_KAE9420235.1	Hsap_NP_115979.3	1.0	S	0.0
Ddip_jg23958	Hsap_NP_115979.3	1.0	S	0.0
Diplco_DCO_002928	Hsap_NP_115979.3	1.0	S	0.0
Gpal_Gpal_D383_g10379.t1	Hsap_NP_115979.3	1.0	S	0.0
Ovol_OVOC8642	Hsap_NP_115979.3	1.0	S	0.0
Priarc_PARCANUS000008636.t1	Hsap_NP_115979.3	1.0	S	0.0
Mjap_MIJAPON000001293.t1	Hsap_NP_115979.3	1.0	S	0.0
Acey_EYC20807.1	Hsap_NP_115979.3	1.0	S	0.0
Srat_XP_024503932.1	Hsap_NP_115979.3	1.0	S	0.0
Hcon_XGW16588.1	Hsap_NP_115979.3	1.0	S	0.0
Hpol_VDO64892.1	Hsap_NP_115979.3	1.0	S	0.0
Lloa_XP_020303735.1	Hsap_NP_115979.3	1.0	S	0.0
Priarc_PARCANUS000003063.t1	Hsap_NP_115979.3	1.0	S	0.0
Otip_Oti_2625_t	Hsap_NP_115979.3	1.0	S	0.0
Avit_KAL4002845.1	Hsap_NP_115979.3	1.0	S	0.0
Cele_NP_498419.3	Hsap_NP_115979.3	1.0	S	0.0
Ever_VDD88057.1	Smoe_XP_024528476.1	1.0	S	0.0
Diplco_DCO_002927	Smoe_XP_024528476.1	1.0	S	0.0
Cele_NP_498418.3	Smoe_XP_024528476.1	1.0	S	0.0
Priarc_PARCANUS000003453.t1	Smoe_XP_024528476.1	1.0	S	0.0
Avit_KAL4002846.1	Smoe_XP_024528476.1	1.0	S	0.0
Bmal_XP_042933214.1	Smoe_XP_024528476.1	1.0	S	0.0
Scar_TKR68166.1	Smoe_XP_024528476.1	1.0	S	0.0
Hcon_XGW16589.1	Smoe_XP_024528476.1	1.0	S	0.0
Mbel_CAJ0962955.1	Smoe_XP_024528476.1	1.0	S	0.0
Ddip_jg10423	Smoe_XP_024528476.1	1.0	S	0.0
Angcan_KAE9420235.1	Smoe_XP_024528476.1	1.0	S	0.0
Ddip_jg23958	Smoe_XP_024528476.1	1.0	S	0.0
Diplco_DCO_002928	Smoe_XP_024528476.1	1.0	S	0.0
Gpal_Gpal_D383_g10379.t1	Smoe_XP_024528476.1	1.0	S	0.0
Ovol_OVOC8642	Smoe_XP_024528476.1	1.0	S	0.0
Priarc_PARCANUS000008636.t1	Smoe_XP_024528476.1	1.0	S	0.0
Mjap_MIJAPON000001293.t1	Smoe_XP_024528476.1	1.0	S	0.0
Acey_EYC20807.1	Smoe_XP_024528476.1	1.0	S	0.0
Srat_XP_024503932.1	Smoe_XP_024528476.1	1.0	S	0.0
Hcon_XGW16588.1	Smoe_XP_024528476.1	1.0	S	0.0
Hpol_VDO64892.1	Smoe_XP_024528476.1	1.0	S	0.0
Lloa_XP_020303735.1	Smoe_XP_024528476.1	1.0	S	0.0
Priarc_PARCANUS000003063.t1	Smoe_XP_024528476.1	1.0	S	0.0
Otip_Oti_2625_t	Smoe_XP_024528476.1	1.0	S	0.0
Avit_KAL4002845.1	Smoe_XP_024528476.1	1.0	S	0.0
Cele_NP_498419.3	Smoe_XP_024528476.1	1.0	S	0.0
Ever_VDD88057.1	Lpol_XP_022243926.1	1.0	S	0.0
Diplco_DCO_002927	Lpol_XP_022243926.1	1.0	S	0.0
Cele_NP_498418.3	Lpol_XP_022243926.1	1.0	S	0.0
Priarc_PARCANUS000003453.t1	Lpol_XP_022243926.1	1.0	S	0.0
Avit_KAL4002846.1	Lpol_XP_022243926.1	1.0	S	0.0
Bmal_XP_042933214.1	Lpol_XP_022243926.1	1.0	S	0.0
Scar_TKR68166.1	Lpol_XP_022243926.1	1.0	S	0.0
Hcon_XGW16589.1	Lpol_XP_022243926.1	1.0	S	0.0
Mbel_CAJ0962955.1	Lpol_XP_022243926.1	1.0	S	0.0
Ddip_jg10423	Lpol_XP_022243926.1	1.0	S	0.0
Angcan_KAE9420235.1	Lpol_XP_022243926.1	1.0	S	0.0
Ddip_jg23958	Lpol_XP_022243926.1	1.0	S	0.0
Diplco_DCO_002928	Lpol_XP_022243926.1	1.0	S	0.0
Gpal_Gpal_D383_g10379.t1	Lpol_XP_022243926.1	1.0	S	0.0
Ovol_OVOC8642	Lpol_XP_022243926.1	1.0	S	0.0
Priarc_PARCANUS000008636.t1	Lpol_XP_022243926.1	1.0	S	0.0
Mjap_MIJAPON000001293.t1	Lpol_XP_022243926.1	1.0	S	0.0
Acey_EYC20807.1	Lpol_XP_022243926.1	1.0	S	0.0
Srat_XP_024503932.1	Lpol_XP_022243926.1	1.0	S	0.0
Hcon_XGW16588.1	Lpol_XP_022243926.1	1.0	S	0.0
Hpol_VDO64892.1	Lpol_XP_022243926.1	1.0	S	0.0
Lloa_XP_020303735.1	Lpol_XP_022243926.1	1.0	S	0.0
Priarc_PARCANUS000003063.t1	Lpol_XP_022243926.1	1.0	S	0.0
Otip_Oti_2625_t	Lpol_XP_022243926.1	1.0	S	0.0
Avit_KAL4002845.1	Lpol_XP_022243926.1	1.0	S	0.0
Cele_NP_498419.3	Lpol_XP_022243926.1	1.0	S	0.0
Ever_VDD88057.1	Hsap_XP_047285638.1	1.0	S	0.0
Diplco_DCO_002927	Hsap_XP_047285638.1	1.0	S	0.0
Cele_NP_498418.3	Hsap_XP_047285638.1	1.0	S	0.0
Priarc_PARCANUS000003453.t1	Hsap_XP_047285638.1	1.0	S	0.0
Avit_KAL4002846.1	Hsap_XP_047285638.1	1.0	S	0.0
Bmal_XP_042933214.1	Hsap_XP_047285638.1	1.0	S	0.0
Scar_TKR68166.1	Hsap_XP_047285638.1	1.0	S	0.0
Hcon_XGW16589.1	Hsap_XP_047285638.1	1.0	S	0.0
Mbel_CAJ0962955.1	Hsap_XP_047285638.1	1.0	S	0.0
Ddip_jg10423	Hsap_XP_047285638.1	1.0	S	0.0
Angcan_KAE9420235.1	Hsap_XP_047285638.1	1.0	S	0.0
Ddip_jg23958	Hsap_XP_047285638.1	1.0	S	0.0
Diplco_DCO_002928	Hsap_XP_047285638.1	1.0	S	0.0
Gpal_Gpal_D383_g10379.t1	Hsap_XP_047285638.1	1.0	S	0.0
Ovol_OVOC8642	Hsap_XP_047285638.1	1.0	S	0.0
Priarc_PARCANUS000008636.t1	Hsap_XP_047285638.1	1.0	S	0.0
Mjap_MIJAPON000001293.t1	Hsap_XP_047285638.1	1.0	S	0.0
Acey_EYC20807.1	Hsap_XP_047285638.1	1.0	S	0.0
Srat_XP_024503932.1	Hsap_XP_047285638.1	1.0	S	0.0
Hcon_XGW16588.1	Hsap_XP_047285638.1	1.0	S	0.0
Hpol_VDO64892.1	Hsap_XP_047285638.1	1.0	S	0.0
Lloa_XP_020303735.1	Hsap_XP_047285638.1	1.0	S	0.0
Priarc_PARCANUS000003063.t1	Hsap_XP_047285638.1	1.0	S	0.0
Otip_Oti_2625_t	Hsap_XP_047285638.1	1.0	S	0.0
Avit_KAL4002845.1	Hsap_XP_047285638.1	1.0	S	0.0
Cele_NP_498419.3	Hsap_XP_047285638.1	1.0	S	0.0
Ever_VDD88057.1	Hsap_XP_047285652.1	1.0	S	0.0
Diplco_DCO_002927	Hsap_XP_047285652.1	1.0	S	0.0
Cele_NP_498418.3	Hsap_XP_047285652.1	1.0	S	0.0
Priarc_PARCANUS000003453.t1	Hsap_XP_047285652.1	1.0	S	0.0
Avit_KAL4002846.1	Hsap_XP_047285652.1	1.0	S	0.0
Bmal_XP_042933214.1	Hsap_XP_047285652.1	1.0	S	0.0
Scar_TKR68166.1	Hsap_XP_047285652.1	1.0	S	0.0
Hcon_XGW16589.1	Hsap_XP_047285652.1	1.0	S	0.0
Mbel_CAJ0962955.1	Hsap_XP_047285652.1	1.0	S	0.0
Ddip_jg10423	Hsap_XP_047285652.1	1.0	S	0.0
Angcan_KAE9420235.1	Hsap_XP_047285652.1	1.0	S	0.0
Ddip_jg23958	Hsap_XP_047285652.1	1.0	S	0.0
Diplco_DCO_002928	Hsap_XP_047285652.1	1.0	S	0.0
Gpal_Gpal_D383_g10379.t1	Hsap_XP_047285652.1	1.0	S	0.0
Ovol_OVOC8642	Hsap_XP_047285652.1	1.0	S	0.0
Priarc_PARCANUS000008636.t1	Hsap_XP_047285652.1	1.0	S	0.0
Mjap_MIJAPON000001293.t1	Hsap_XP_047285652.1	1.0	S	0.0
Acey_EYC20807.1	Hsap_XP_047285652.1	1.0	S	0.0
Srat_XP_024503932.1	Hsap_XP_047285652.1	1.0	S	0.0
Hcon_XGW16588.1	Hsap_XP_047285652.1	1.0	S	0.0
Hpol_VDO64892.1	Hsap_XP_047285652.1	1.0	S	0.0
Lloa_XP_020303735.1	Hsap_XP_047285652.1	1.0	S	0.0
Priarc_PARCANUS000003063.t1	Hsap_XP_047285652.1	1.0	S	0.0
Otip_Oti_2625_t	Hsap_XP_047285652.1	1.0	S	0.0
Avit_KAL4002845.1	Hsap_XP_047285652.1	1.0	S	0.0
Cele_NP_498419.3	Hsap_XP_047285652.1	1.0	S	0.0
Ever_VDD88057.1	Hsap_XP_047285664.1	1.0	S	0.0
Diplco_DCO_002927	Hsap_XP_047285664.1	1.0	S	0.0
Cele_NP_498418.3	Hsap_XP_047285664.1	1.0	S	0.0
Priarc_PARCANUS000003453.t1	Hsap_XP_047285664.1	1.0	S	0.0
Avit_KAL4002846.1	Hsap_XP_047285664.1	1.0	S	0.0
Bmal_XP_042933214.1	Hsap_XP_047285664.1	1.0	S	0.0
Scar_TKR68166.1	Hsap_XP_047285664.1	1.0	S	0.0
Hcon_XGW16589.1	Hsap_XP_047285664.1	1.0	S	0.0
Mbel_CAJ0962955.1	Hsap_XP_047285664.1	1.0	S	0.0
Ddip_jg10423	Hsap_XP_047285664.1	1.0	S	0.0
Angcan_KAE9420235.1	Hsap_XP_047285664.1	1.0	S	0.0
Ddip_jg23958	Hsap_XP_047285664.1	1.0	S	0.0
Diplco_DCO_002928	Hsap_XP_047285664.1	1.0	S	0.0
Gpal_Gpal_D383_g10379.t1	Hsap_XP_047285664.1	1.0	S	0.0
Ovol_OVOC8642	Hsap_XP_047285664.1	1.0	S	0.0
Priarc_PARCANUS000008636.t1	Hsap_XP_047285664.1	1.0	S	0.0
Mjap_MIJAPON000001293.t1	Hsap_XP_047285664.1	1.0	S	0.0
Acey_EYC20807.1	Hsap_XP_047285664.1	1.0	S	0.0
Srat_XP_024503932.1	Hsap_XP_047285664.1	1.0	S	0.0
Hcon_XGW16588.1	Hsap_XP_047285664.1	1.0	S	0.0
Hpol_VDO64892.1	Hsap_XP_047285664.1	1.0	S	0.0
Lloa_XP_020303735.1	Hsap_XP_047285664.1	1.0	S	0.0
Priarc_PARCANUS000003063.t1	Hsap_XP_047285664.1	1.0	S	0.0
Otip_Oti_2625_t	Hsap_XP_047285664.1	1.0	S	0.0
Avit_KAL4002845.1	Hsap_XP_047285664.1	1.0	S	0.0
Cele_NP_498419.3	Hsap_XP_047285664.1	1.0	S	0.0
Ever_VDD88057.1	Lpol_XP_022243925.1	1.0	S	0.0
Diplco_DCO_002927	Lpol_XP_022243925.1	1.0	S	0.0
Cele_NP_498418.3	Lpol_XP_022243925.1	1.0	S	0.0
Priarc_PARCANUS000003453.t1	Lpol_XP_022243925.1	1.0	S	0.0
Avit_KAL4002846.1	Lpol_XP_022243925.1	1.0	S	0.0
Bmal_XP_042933214.1	Lpol_XP_022243925.1	1.0	S	0.0
Scar_TKR68166.1	Lpol_XP_022243925.1	1.0	S	0.0
Hcon_XGW16589.1	Lpol_XP_022243925.1	1.0	S	0.0
Mbel_CAJ0962955.1	Lpol_XP_022243925.1	1.0	S	0.0
Ddip_jg10423	Lpol_XP_022243925.1	1.0	S	0.0
Angcan_KAE9420235.1	Lpol_XP_022243925.1	1.0	S	0.0
Ddip_jg23958	Lpol_XP_022243925.1	1.0	S	0.0
Diplco_DCO_002928	Lpol_XP_022243925.1	1.0	S	0.0
Gpal_Gpal_D383_g10379.t1	Lpol_XP_022243925.1	1.0	S	0.0
Ovol_OVOC8642	Lpol_XP_022243925.1	1.0	S	0.0
Priarc_PARCANUS000008636.t1	Lpol_XP_022243925.1	1.0	S	0.0
Mjap_MIJAPON000001293.t1	Lpol_XP_022243925.1	1.0	S	0.0
Acey_EYC20807.1	Lpol_XP_022243925.1	1.0	S	0.0
Srat_XP_024503932.1	Lpol_XP_022243925.1	1.0	S	0.0
Hcon_XGW16588.1	Lpol_XP_022243925.1	1.0	S	0.0
Hpol_VDO64892.1	Lpol_XP_022243925.1	1.0	S	0.0
Lloa_XP_020303735.1	Lpol_XP_022243925.1	1.0	S	0.0
Priarc_PARCANUS000003063.t1	Lpol_XP_022243925.1	1.0	S	0.0
Otip_Oti_2625_t	Lpol_XP_022243925.1	1.0	S	0.0
Avit_KAL4002845.1	Lpol_XP_022243925.1	1.0	S	0.0
Cele_NP_498419.3	Lpol_XP_022243925.1	1.0	S	0.0
Ever_VDD88057.1	Xtro_XP_031748498.1	1.0	S	0.0
Diplco_DCO_002927	Xtro_XP_031748498.1	1.0	S	0.0
Cele_NP_498418.3	Xtro_XP_031748498.1	1.0	S	0.0
Priarc_PARCANUS000003453.t1	Xtro_XP_031748498.1	1.0	S	0.0
Avit_KAL4002846.1	Xtro_XP_031748498.1	1.0	S	0.0
Bmal_XP_042933214.1	Xtro_XP_031748498.1	1.0	S	0.0
Scar_TKR68166.1	Xtro_XP_031748498.1	1.0	S	0.0
Hcon_XGW16589.1	Xtro_XP_031748498.1	1.0	S	0.0
Mbel_CAJ0962955.1	Xtro_XP_031748498.1	1.0	S	0.0
Ddip_jg10423	Xtro_XP_031748498.1	1.0	S	0.0
Angcan_KAE9420235.1	Xtro_XP_031748498.1	1.0	S	0.0
Ddip_jg23958	Xtro_XP_031748498.1	1.0	S	0.0
Diplco_DCO_002928	Xtro_XP_031748498.1	1.0	S	0.0
Gpal_Gpal_D383_g10379.t1	Xtro_XP_031748498.1	1.0	S	0.0
Ovol_OVOC8642	Xtro_XP_031748498.1	1.0	S	0.0
Priarc_PARCANUS000008636.t1	Xtro_XP_031748498.1	1.0	S	0.0
Mjap_MIJAPON000001293.t1	Xtro_XP_031748498.1	1.0	S	0.0
Acey_EYC20807.1	Xtro_XP_031748498.1	1.0	S	0.0
Srat_XP_024503932.1	Xtro_XP_031748498.1	1.0	S	0.0
Hcon_XGW16588.1	Xtro_XP_031748498.1	1.0	S	0.0
Hpol_VDO64892.1	Xtro_XP_031748498.1	1.0	S	0.0
Lloa_XP_020303735.1	Xtro_XP_031748498.1	1.0	S	0.0
Priarc_PARCANUS000003063.t1	Xtro_XP_031748498.1	1.0	S	0.0
Otip_Oti_2625_t	Xtro_XP_031748498.1	1.0	S	0.0
Avit_KAL4002845.1	Xtro_XP_031748498.1	1.0	S	0.0
Cele_NP_498419.3	Xtro_XP_031748498.1	1.0	S	0.0
Ever_VDD88057.1	Ggal_XP_004945616.1	1.0	S	0.0
Diplco_DCO_002927	Ggal_XP_004945616.1	1.0	S	0.0
Cele_NP_498418.3	Ggal_XP_004945616.1	1.0	S	0.0
Priarc_PARCANUS000003453.t1	Ggal_XP_004945616.1	1.0	S	0.0
Avit_KAL4002846.1	Ggal_XP_004945616.1	1.0	S	0.0
Bmal_XP_042933214.1	Ggal_XP_004945616.1	1.0	S	0.0
Scar_TKR68166.1	Ggal_XP_004945616.1	1.0	S	0.0
Hcon_XGW16589.1	Ggal_XP_004945616.1	1.0	S	0.0
Mbel_CAJ0962955.1	Ggal_XP_004945616.1	1.0	S	0.0
Ddip_jg10423	Ggal_XP_004945616.1	1.0	S	0.0
Angcan_KAE9420235.1	Ggal_XP_004945616.1	1.0	S	0.0
Ddip_jg23958	Ggal_XP_004945616.1	1.0	S	0.0
Diplco_DCO_002928	Ggal_XP_004945616.1	1.0	S	0.0
Gpal_Gpal_D383_g10379.t1	Ggal_XP_004945616.1	1.0	S	0.0
Ovol_OVOC8642	Ggal_XP_004945616.1	1.0	S	0.0
Priarc_PARCANUS000008636.t1	Ggal_XP_004945616.1	1.0	S	0.0
Mjap_MIJAPON000001293.t1	Ggal_XP_004945616.1	1.0	S	0.0
Acey_EYC20807.1	Ggal_XP_004945616.1	1.0	S	0.0
Srat_XP_024503932.1	Ggal_XP_004945616.1	1.0	S	0.0
Hcon_XGW16588.1	Ggal_XP_004945616.1	1.0	S	0.0
Hpol_VDO64892.1	Ggal_XP_004945616.1	1.0	S	0.0
Lloa_XP_020303735.1	Ggal_XP_004945616.1	1.0	S	0.0
Priarc_PARCANUS000003063.t1	Ggal_XP_004945616.1	1.0	S	0.0
Otip_Oti_2625_t	Ggal_XP_004945616.1	1.0	S	0.0
Avit_KAL4002845.1	Ggal_XP_004945616.1	1.0	S	0.0
Cele_NP_498419.3	Ggal_XP_004945616.1	1.0	S	0.0
Ever_VDD88057.1	Xtro_XP_031748490.1	1.0	S	0.0
Diplco_DCO_002927	Xtro_XP_031748490.1	1.0	S	0.0
Cele_NP_498418.3	Xtro_XP_031748490.1	1.0	S	0.0
Priarc_PARCANUS000003453.t1	Xtro_XP_031748490.1	1.0	S	0.0
Avit_KAL4002846.1	Xtro_XP_031748490.1	1.0	S	0.0
Bmal_XP_042933214.1	Xtro_XP_031748490.1	1.0	S	0.0
Scar_TKR68166.1	Xtro_XP_031748490.1	1.0	S	0.0
Hcon_XGW16589.1	Xtro_XP_031748490.1	1.0	S	0.0
Mbel_CAJ0962955.1	Xtro_XP_031748490.1	1.0	S	0.0
Ddip_jg10423	Xtro_XP_031748490.1	1.0	S	0.0
Angcan_KAE9420235.1	Xtro_XP_031748490.1	1.0	S	0.0
Ddip_jg23958	Xtro_XP_031748490.1	1.0	S	0.0
Diplco_DCO_002928	Xtro_XP_031748490.1	1.0	S	0.0
Gpal_Gpal_D383_g10379.t1	Xtro_XP_031748490.1	1.0	S	0.0
Ovol_OVOC8642	Xtro_XP_031748490.1	1.0	S	0.0
Priarc_PARCANUS000008636.t1	Xtro_XP_031748490.1	1.0	S	0.0
Mjap_MIJAPON000001293.t1	Xtro_XP_031748490.1	1.0	S	0.0
Acey_EYC20807.1	Xtro_XP_031748490.1	1.0	S	0.0
Srat_XP_024503932.1	Xtro_XP_031748490.1	1.0	S	0.0
Hcon_XGW16588.1	Xtro_XP_031748490.1	1.0	S	0.0
Hpol_VDO64892.1	Xtro_XP_031748490.1	1.0	S	0.0
Lloa_XP_020303735.1	Xtro_XP_031748490.1	1.0	S	0.0
Priarc_PARCANUS000003063.t1	Xtro_XP_031748490.1	1.0	S	0.0
Otip_Oti_2625_t	Xtro_XP_031748490.1	1.0	S	0.0
Avit_KAL4002845.1	Xtro_XP_031748490.1	1.0	S	0.0
Cele_NP_498419.3	Xtro_XP_031748490.1	1.0	S	0.0
Ever_VDD88057.1	Hsap_XP_047285646.1	1.0	S	0.0
Diplco_DCO_002927	Hsap_XP_047285646.1	1.0	S	0.0
Cele_NP_498418.3	Hsap_XP_047285646.1	1.0	S	0.0
Priarc_PARCANUS000003453.t1	Hsap_XP_047285646.1	1.0	S	0.0
Avit_KAL4002846.1	Hsap_XP_047285646.1	1.0	S	0.0
Bmal_XP_042933214.1	Hsap_XP_047285646.1	1.0	S	0.0
Scar_TKR68166.1	Hsap_XP_047285646.1	1.0	S	0.0
Hcon_XGW16589.1	Hsap_XP_047285646.1	1.0	S	0.0
Mbel_CAJ0962955.1	Hsap_XP_047285646.1	1.0	S	0.0
Ddip_jg10423	Hsap_XP_047285646.1	1.0	S	0.0
Angcan_KAE9420235.1	Hsap_XP_047285646.1	1.0	S	0.0
Ddip_jg23958	Hsap_XP_047285646.1	1.0	S	0.0
Diplco_DCO_002928	Hsap_XP_047285646.1	1.0	S	0.0
Gpal_Gpal_D383_g10379.t1	Hsap_XP_047285646.1	1.0	S	0.0
Ovol_OVOC8642	Hsap_XP_047285646.1	1.0	S	0.0
Priarc_PARCANUS000008636.t1	Hsap_XP_047285646.1	1.0	S	0.0
Mjap_MIJAPON000001293.t1	Hsap_XP_047285646.1	1.0	S	0.0
Acey_EYC20807.1	Hsap_XP_047285646.1	1.0	S	0.0
Srat_XP_024503932.1	Hsap_XP_047285646.1	1.0	S	0.0
Hcon_XGW16588.1	Hsap_XP_047285646.1	1.0	S	0.0
Hpol_VDO64892.1	Hsap_XP_047285646.1	1.0	S	0.0
Lloa_XP_020303735.1	Hsap_XP_047285646.1	1.0	S	0.0
Priarc_PARCANUS000003063.t1	Hsap_XP_047285646.1	1.0	S	0.0
Otip_Oti_2625_t	Hsap_XP_047285646.1	1.0	S	0.0
Avit_KAL4002845.1	Hsap_XP_047285646.1	1.0	S	0.0
Cele_NP_498419.3	Hsap_XP_047285646.1	1.0	S	0.0
Ever_VDD88057.1	Twil_T_wilhelma_c29644_g1_i3|m.31022	1.0	S	0.0
Diplco_DCO_002927	Twil_T_wilhelma_c29644_g1_i3|m.31022	1.0	S	0.0
Cele_NP_498418.3	Twil_T_wilhelma_c29644_g1_i3|m.31022	1.0	S	0.0
Priarc_PARCANUS000003453.t1	Twil_T_wilhelma_c29644_g1_i3|m.31022	1.0	S	0.0
Avit_KAL4002846.1	Twil_T_wilhelma_c29644_g1_i3|m.31022	1.0	S	0.0
Bmal_XP_042933214.1	Twil_T_wilhelma_c29644_g1_i3|m.31022	1.0	S	0.0
Scar_TKR68166.1	Twil_T_wilhelma_c29644_g1_i3|m.31022	1.0	S	0.0
Hcon_XGW16589.1	Twil_T_wilhelma_c29644_g1_i3|m.31022	1.0	S	0.0
Mbel_CAJ0962955.1	Twil_T_wilhelma_c29644_g1_i3|m.31022	1.0	S	0.0
Ddip_jg10423	Twil_T_wilhelma_c29644_g1_i3|m.31022	1.0	S	0.0
Angcan_KAE9420235.1	Twil_T_wilhelma_c29644_g1_i3|m.31022	1.0	S	0.0
Ddip_jg23958	Twil_T_wilhelma_c29644_g1_i3|m.31022	1.0	S	0.0
Diplco_DCO_002928	Twil_T_wilhelma_c29644_g1_i3|m.31022	1.0	S	0.0
Gpal_Gpal_D383_g10379.t1	Twil_T_wilhelma_c29644_g1_i3|m.31022	1.0	S	0.0
Ovol_OVOC8642	Twil_T_wilhelma_c29644_g1_i3|m.31022	1.0	S	0.0
Priarc_PARCANUS000008636.t1	Twil_T_wilhelma_c29644_g1_i3|m.31022	1.0	S	0.0
Mjap_MIJAPON000001293.t1	Twil_T_wilhelma_c29644_g1_i3|m.31022	1.0	S	0.0
Acey_EYC20807.1	Twil_T_wilhelma_c29644_g1_i3|m.31022	1.0	S	0.0
Srat_XP_024503932.1	Twil_T_wilhelma_c29644_g1_i3|m.31022	1.0	S	0.0
Hcon_XGW16588.1	Twil_T_wilhelma_c29644_g1_i3|m.31022	1.0	S	0.0
Hpol_VDO64892.1	Twil_T_wilhelma_c29644_g1_i3|m.31022	1.0	S	0.0
Lloa_XP_020303735.1	Twil_T_wilhelma_c29644_g1_i3|m.31022	1.0	S	0.0
Priarc_PARCANUS000003063.t1	Twil_T_wilhelma_c29644_g1_i3|m.31022	1.0	S	0.0
Otip_Oti_2625_t	Twil_T_wilhelma_c29644_g1_i3|m.31022	1.0	S	0.0
Avit_KAL4002845.1	Twil_T_wilhelma_c29644_g1_i3|m.31022	1.0	S	0.0
Cele_NP_498419.3	Twil_T_wilhelma_c29644_g1_i3|m.31022	1.0	S	0.0
Ever_VDD88057.1	Pvan_XP_069969648.1	1.0	S	0.0
Diplco_DCO_002927	Pvan_XP_069969648.1	1.0	S	0.0
Cele_NP_498418.3	Pvan_XP_069969648.1	1.0	S	0.0
Priarc_PARCANUS000003453.t1	Pvan_XP_069969648.1	1.0	S	0.0
Avit_KAL4002846.1	Pvan_XP_069969648.1	1.0	S	0.0
Bmal_XP_042933214.1	Pvan_XP_069969648.1	1.0	S	0.0
Scar_TKR68166.1	Pvan_XP_069969648.1	1.0	S	0.0
Hcon_XGW16589.1	Pvan_XP_069969648.1	1.0	S	0.0
Mbel_CAJ0962955.1	Pvan_XP_069969648.1	1.0	S	0.0
Ddip_jg10423	Pvan_XP_069969648.1	1.0	S	0.0
Angcan_KAE9420235.1	Pvan_XP_069969648.1	1.0	S	0.0
Ddip_jg23958	Pvan_XP_069969648.1	1.0	S	0.0
Diplco_DCO_002928	Pvan_XP_069969648.1	1.0	S	0.0
Gpal_Gpal_D383_g10379.t1	Pvan_XP_069969648.1	1.0	S	0.0
Ovol_OVOC8642	Pvan_XP_069969648.1	1.0	S	0.0
Priarc_PARCANUS000008636.t1	Pvan_XP_069969648.1	1.0	S	0.0
Mjap_MIJAPON000001293.t1	Pvan_XP_069969648.1	1.0	S	0.0
Acey_EYC20807.1	Pvan_XP_069969648.1	1.0	S	0.0
Srat_XP_024503932.1	Pvan_XP_069969648.1	1.0	S	0.0
Hcon_XGW16588.1	Pvan_XP_069969648.1	1.0	S	0.0
Hpol_VDO64892.1	Pvan_XP_069969648.1	1.0	S	0.0
Lloa_XP_020303735.1	Pvan_XP_069969648.1	1.0	S	0.0
Priarc_PARCANUS000003063.t1	Pvan_XP_069969648.1	1.0	S	0.0
Otip_Oti_2625_t	Pvan_XP_069969648.1	1.0	S	0.0
Avit_KAL4002845.1	Pvan_XP_069969648.1	1.0	S	0.0
Cele_NP_498419.3	Pvan_XP_069969648.1	1.0	S	0.0
Ever_VDD88057.1	Hsap_XP_047285668.1	1.0	S	0.0
Diplco_DCO_002927	Hsap_XP_047285668.1	1.0	S	0.0
Cele_NP_498418.3	Hsap_XP_047285668.1	1.0	S	0.0
Priarc_PARCANUS000003453.t1	Hsap_XP_047285668.1	1.0	S	0.0
Avit_KAL4002846.1	Hsap_XP_047285668.1	1.0	S	0.0
Bmal_XP_042933214.1	Hsap_XP_047285668.1	1.0	S	0.0
Scar_TKR68166.1	Hsap_XP_047285668.1	1.0	S	0.0
Hcon_XGW16589.1	Hsap_XP_047285668.1	1.0	S	0.0
Mbel_CAJ0962955.1	Hsap_XP_047285668.1	1.0	S	0.0
Ddip_jg10423	Hsap_XP_047285668.1	1.0	S	0.0
Angcan_KAE9420235.1	Hsap_XP_047285668.1	1.0	S	0.0
Ddip_jg23958	Hsap_XP_047285668.1	1.0	S	0.0
Diplco_DCO_002928	Hsap_XP_047285668.1	1.0	S	0.0
Gpal_Gpal_D383_g10379.t1	Hsap_XP_047285668.1	1.0	S	0.0
Ovol_OVOC8642	Hsap_XP_047285668.1	1.0	S	0.0
Priarc_PARCANUS000008636.t1	Hsap_XP_047285668.1	1.0	S	0.0
Mjap_MIJAPON000001293.t1	Hsap_XP_047285668.1	1.0	S	0.0
Acey_EYC20807.1	Hsap_XP_047285668.1	1.0	S	0.0
Srat_XP_024503932.1	Hsap_XP_047285668.1	1.0	S	0.0
Hcon_XGW16588.1	Hsap_XP_047285668.1	1.0	S	0.0
Hpol_VDO64892.1	Hsap_XP_047285668.1	1.0	S	0.0
Lloa_XP_020303735.1	Hsap_XP_047285668.1	1.0	S	0.0
Priarc_PARCANUS000003063.t1	Hsap_XP_047285668.1	1.0	S	0.0
Otip_Oti_2625_t	Hsap_XP_047285668.1	1.0	S	0.0
Avit_KAL4002845.1	Hsap_XP_047285668.1	1.0	S	0.0
Cele_NP_498419.3	Hsap_XP_047285668.1	1.0	S	0.0
Ever_VDD88057.1	Tadh_XP_002108337.1	1.0	S	0.0
Diplco_DCO_002927	Tadh_XP_002108337.1	1.0	S	0.0
Cele_NP_498418.3	Tadh_XP_002108337.1	1.0	S	0.0
Priarc_PARCANUS000003453.t1	Tadh_XP_002108337.1	1.0	S	0.0
Avit_KAL4002846.1	Tadh_XP_002108337.1	1.0	S	0.0
Bmal_XP_042933214.1	Tadh_XP_002108337.1	1.0	S	0.0
Scar_TKR68166.1	Tadh_XP_002108337.1	1.0	S	0.0
Hcon_XGW16589.1	Tadh_XP_002108337.1	1.0	S	0.0
Mbel_CAJ0962955.1	Tadh_XP_002108337.1	1.0	S	0.0
Ddip_jg10423	Tadh_XP_002108337.1	1.0	S	0.0
Angcan_KAE9420235.1	Tadh_XP_002108337.1	1.0	S	0.0
Ddip_jg23958	Tadh_XP_002108337.1	1.0	S	0.0
Diplco_DCO_002928	Tadh_XP_002108337.1	1.0	S	0.0
Gpal_Gpal_D383_g10379.t1	Tadh_XP_002108337.1	1.0	S	0.0
Ovol_OVOC8642	Tadh_XP_002108337.1	1.0	S	0.0
Priarc_PARCANUS000008636.t1	Tadh_XP_002108337.1	1.0	S	0.0
Mjap_MIJAPON000001293.t1	Tadh_XP_002108337.1	1.0	S	0.0
Acey_EYC20807.1	Tadh_XP_002108337.1	1.0	S	0.0
Srat_XP_024503932.1	Tadh_XP_002108337.1	1.0	S	0.0
Hcon_XGW16588.1	Tadh_XP_002108337.1	1.0	S	0.0
Hpol_VDO64892.1	Tadh_XP_002108337.1	1.0	S	0.0
Lloa_XP_020303735.1	Tadh_XP_002108337.1	1.0	S	0.0
Priarc_PARCANUS000003063.t1	Tadh_XP_002108337.1	1.0	S	0.0
Otip_Oti_2625_t	Tadh_XP_002108337.1	1.0	S	0.0
Avit_KAL4002845.1	Tadh_XP_002108337.1	1.0	S	0.0
Cele_NP_498419.3	Tadh_XP_002108337.1	1.0	S	0.0
Ever_VDD88057.1	Rvar_GAU93788.1	1.0	S	0.0
Diplco_DCO_002927	Rvar_GAU93788.1	1.0	S	0.0
Cele_NP_498418.3	Rvar_GAU93788.1	1.0	S	0.0
Priarc_PARCANUS000003453.t1	Rvar_GAU93788.1	1.0	S	0.0
Avit_KAL4002846.1	Rvar_GAU93788.1	1.0	S	0.0
Bmal_XP_042933214.1	Rvar_GAU93788.1	1.0	S	0.0
Scar_TKR68166.1	Rvar_GAU93788.1	1.0	S	0.0
Hcon_XGW16589.1	Rvar_GAU93788.1	1.0	S	0.0
Mbel_CAJ0962955.1	Rvar_GAU93788.1	1.0	S	0.0
Ddip_jg10423	Rvar_GAU93788.1	1.0	S	0.0
Angcan_KAE9420235.1	Rvar_GAU93788.1	1.0	S	0.0
Ddip_jg23958	Rvar_GAU93788.1	1.0	S	0.0
Diplco_DCO_002928	Rvar_GAU93788.1	1.0	S	0.0
Gpal_Gpal_D383_g10379.t1	Rvar_GAU93788.1	1.0	S	0.0
Ovol_OVOC8642	Rvar_GAU93788.1	1.0	S	0.0
Priarc_PARCANUS000008636.t1	Rvar_GAU93788.1	1.0	S	0.0
Mjap_MIJAPON000001293.t1	Rvar_GAU93788.1	1.0	S	0.0
Acey_EYC20807.1	Rvar_GAU93788.1	1.0	S	0.0
Srat_XP_024503932.1	Rvar_GAU93788.1	1.0	S	0.0
Hcon_XGW16588.1	Rvar_GAU93788.1	1.0	S	0.0
Hpol_VDO64892.1	Rvar_GAU93788.1	1.0	S	0.0
Lloa_XP_020303735.1	Rvar_GAU93788.1	1.0	S	0.0
Priarc_PARCANUS000003063.t1	Rvar_GAU93788.1	1.0	S	0.0
Otip_Oti_2625_t	Rvar_GAU93788.1	1.0	S	0.0
Avit_KAL4002845.1	Rvar_GAU93788.1	1.0	S	0.0
Cele_NP_498419.3	Rvar_GAU93788.1	1.0	S	0.0
Ever_VDD88057.1	Hsap_XP_006718543.1	1.0	S	0.0
Diplco_DCO_002927	Hsap_XP_006718543.1	1.0	S	0.0
Cele_NP_498418.3	Hsap_XP_006718543.1	1.0	S	0.0
Priarc_PARCANUS000003453.t1	Hsap_XP_006718543.1	1.0	S	0.0
Avit_KAL4002846.1	Hsap_XP_006718543.1	1.0	S	0.0
Bmal_XP_042933214.1	Hsap_XP_006718543.1	1.0	S	0.0
Scar_TKR68166.1	Hsap_XP_006718543.1	1.0	S	0.0
Hcon_XGW16589.1	Hsap_XP_006718543.1	1.0	S	0.0
Mbel_CAJ0962955.1	Hsap_XP_006718543.1	1.0	S	0.0
Ddip_jg10423	Hsap_XP_006718543.1	1.0	S	0.0
Angcan_KAE9420235.1	Hsap_XP_006718543.1	1.0	S	0.0
Ddip_jg23958	Hsap_XP_006718543.1	1.0	S	0.0
Diplco_DCO_002928	Hsap_XP_006718543.1	1.0	S	0.0
Gpal_Gpal_D383_g10379.t1	Hsap_XP_006718543.1	1.0	S	0.0
Ovol_OVOC8642	Hsap_XP_006718543.1	1.0	S	0.0
Priarc_PARCANUS000008636.t1	Hsap_XP_006718543.1	1.0	S	0.0
Mjap_MIJAPON000001293.t1	Hsap_XP_006718543.1	1.0	S	0.0
Acey_EYC20807.1	Hsap_XP_006718543.1	1.0	S	0.0
Srat_XP_024503932.1	Hsap_XP_006718543.1	1.0	S	0.0
Hcon_XGW16588.1	Hsap_XP_006718543.1	1.0	S	0.0
Hpol_VDO64892.1	Hsap_XP_006718543.1	1.0	S	0.0
Lloa_XP_020303735.1	Hsap_XP_006718543.1	1.0	S	0.0
Priarc_PARCANUS000003063.t1	Hsap_XP_006718543.1	1.0	S	0.0
Otip_Oti_2625_t	Hsap_XP_006718543.1	1.0	S	0.0
Avit_KAL4002845.1	Hsap_XP_006718543.1	1.0	S	0.0
Cele_NP_498419.3	Hsap_XP_006718543.1	1.0	S	0.0
Ever_VDD88057.1	Hsap_XP_047285667.1	1.0	S	0.0
Diplco_DCO_002927	Hsap_XP_047285667.1	1.0	S	0.0
Cele_NP_498418.3	Hsap_XP_047285667.1	1.0	S	0.0
Priarc_PARCANUS000003453.t1	Hsap_XP_047285667.1	1.0	S	0.0
Avit_KAL4002846.1	Hsap_XP_047285667.1	1.0	S	0.0
Bmal_XP_042933214.1	Hsap_XP_047285667.1	1.0	S	0.0
Scar_TKR68166.1	Hsap_XP_047285667.1	1.0	S	0.0
Hcon_XGW16589.1	Hsap_XP_047285667.1	1.0	S	0.0
Mbel_CAJ0962955.1	Hsap_XP_047285667.1	1.0	S	0.0
Ddip_jg10423	Hsap_XP_047285667.1	1.0	S	0.0
Angcan_KAE9420235.1	Hsap_XP_047285667.1	1.0	S	0.0
Ddip_jg23958	Hsap_XP_047285667.1	1.0	S	0.0
Diplco_DCO_002928	Hsap_XP_047285667.1	1.0	S	0.0
Gpal_Gpal_D383_g10379.t1	Hsap_XP_047285667.1	1.0	S	0.0
Ovol_OVOC8642	Hsap_XP_047285667.1	1.0	S	0.0
Priarc_PARCANUS000008636.t1	Hsap_XP_047285667.1	1.0	S	0.0
Mjap_MIJAPON000001293.t1	Hsap_XP_047285667.1	1.0	S	0.0
Acey_EYC20807.1	Hsap_XP_047285667.1	1.0	S	0.0
Srat_XP_024503932.1	Hsap_XP_047285667.1	1.0	S	0.0
Hcon_XGW16588.1	Hsap_XP_047285667.1	1.0	S	0.0
Hpol_VDO64892.1	Hsap_XP_047285667.1	1.0	S	0.0
Lloa_XP_020303735.1	Hsap_XP_047285667.1	1.0	S	0.0
Priarc_PARCANUS000003063.t1	Hsap_XP_047285667.1	1.0	S	0.0
Otip_Oti_2625_t	Hsap_XP_047285667.1	1.0	S	0.0
Avit_KAL4002845.1	Hsap_XP_047285667.1	1.0	S	0.0
Cele_NP_498419.3	Hsap_XP_047285667.1	1.0	S	0.0
Ever_VDD88057.1	Hsap_XP_047282579.1	1.0	S	0.0
Diplco_DCO_002927	Hsap_XP_047282579.1	1.0	S	0.0
Cele_NP_498418.3	Hsap_XP_047282579.1	1.0	S	0.0
Priarc_PARCANUS000003453.t1	Hsap_XP_047282579.1	1.0	S	0.0
Avit_KAL4002846.1	Hsap_XP_047282579.1	1.0	S	0.0
Bmal_XP_042933214.1	Hsap_XP_047282579.1	1.0	S	0.0
Scar_TKR68166.1	Hsap_XP_047282579.1	1.0	S	0.0
Hcon_XGW16589.1	Hsap_XP_047282579.1	1.0	S	0.0
Mbel_CAJ0962955.1	Hsap_XP_047282579.1	1.0	S	0.0
Ddip_jg10423	Hsap_XP_047282579.1	1.0	S	0.0
Angcan_KAE9420235.1	Hsap_XP_047282579.1	1.0	S	0.0
Ddip_jg23958	Hsap_XP_047282579.1	1.0	S	0.0
Diplco_DCO_002928	Hsap_XP_047282579.1	1.0	S	0.0
Gpal_Gpal_D383_g10379.t1	Hsap_XP_047282579.1	1.0	S	0.0
Ovol_OVOC8642	Hsap_XP_047282579.1	1.0	S	0.0
Priarc_PARCANUS000008636.t1	Hsap_XP_047282579.1	1.0	S	0.0
Mjap_MIJAPON000001293.t1	Hsap_XP_047282579.1	1.0	S	0.0
Acey_EYC20807.1	Hsap_XP_047282579.1	1.0	S	0.0
Srat_XP_024503932.1	Hsap_XP_047282579.1	1.0	S	0.0
Hcon_XGW16588.1	Hsap_XP_047282579.1	1.0	S	0.0
Hpol_VDO64892.1	Hsap_XP_047282579.1	1.0	S	0.0
Lloa_XP_020303735.1	Hsap_XP_047282579.1	1.0	S	0.0
Priarc_PARCANUS000003063.t1	Hsap_XP_047282579.1	1.0	S	0.0
Otip_Oti_2625_t	Hsap_XP_047282579.1	1.0	S	0.0
Avit_KAL4002845.1	Hsap_XP_047282579.1	1.0	S	0.0
Cele_NP_498419.3	Hsap_XP_047282579.1	1.0	S	0.0
Ever_VDD88057.1	Xtro_XP_031748515.1	1.0	S	0.0
Diplco_DCO_002927	Xtro_XP_031748515.1	1.0	S	0.0
Cele_NP_498418.3	Xtro_XP_031748515.1	1.0	S	0.0
Priarc_PARCANUS000003453.t1	Xtro_XP_031748515.1	1.0	S	0.0
Avit_KAL4002846.1	Xtro_XP_031748515.1	1.0	S	0.0
Bmal_XP_042933214.1	Xtro_XP_031748515.1	1.0	S	0.0
Scar_TKR68166.1	Xtro_XP_031748515.1	1.0	S	0.0
Hcon_XGW16589.1	Xtro_XP_031748515.1	1.0	S	0.0
Mbel_CAJ0962955.1	Xtro_XP_031748515.1	1.0	S	0.0
Ddip_jg10423	Xtro_XP_031748515.1	1.0	S	0.0
Angcan_KAE9420235.1	Xtro_XP_031748515.1	1.0	S	0.0
Ddip_jg23958	Xtro_XP_031748515.1	1.0	S	0.0
Diplco_DCO_002928	Xtro_XP_031748515.1	1.0	S	0.0
Gpal_Gpal_D383_g10379.t1	Xtro_XP_031748515.1	1.0	S	0.0
Ovol_OVOC8642	Xtro_XP_031748515.1	1.0	S	0.0
Priarc_PARCANUS000008636.t1	Xtro_XP_031748515.1	1.0	S	0.0
Mjap_MIJAPON000001293.t1	Xtro_XP_031748515.1	1.0	S	0.0
Acey_EYC20807.1	Xtro_XP_031748515.1	1.0	S	0.0
Srat_XP_024503932.1	Xtro_XP_031748515.1	1.0	S	0.0
Hcon_XGW16588.1	Xtro_XP_031748515.1	1.0	S	0.0
Hpol_VDO64892.1	Xtro_XP_031748515.1	1.0	S	0.0
Lloa_XP_020303735.1	Xtro_XP_031748515.1	1.0	S	0.0
Priarc_PARCANUS000003063.t1	Xtro_XP_031748515.1	1.0	S	0.0
Otip_Oti_2625_t	Xtro_XP_031748515.1	1.0	S	0.0
Avit_KAL4002845.1	Xtro_XP_031748515.1	1.0	S	0.0
Cele_NP_498419.3	Xtro_XP_031748515.1	1.0	S	0.0
Ever_VDD88057.1	Hsap_NP_001005366.1	1.0	S	0.0
Diplco_DCO_002927	Hsap_NP_001005366.1	1.0	S	0.0
Cele_NP_498418.3	Hsap_NP_001005366.1	1.0	S	0.0
Priarc_PARCANUS000003453.t1	Hsap_NP_001005366.1	1.0	S	0.0
Avit_KAL4002846.1	Hsap_NP_001005366.1	1.0	S	0.0
Bmal_XP_042933214.1	Hsap_NP_001005366.1	1.0	S	0.0
Scar_TKR68166.1	Hsap_NP_001005366.1	1.0	S	0.0
Hcon_XGW16589.1	Hsap_NP_001005366.1	1.0	S	0.0
Mbel_CAJ0962955.1	Hsap_NP_001005366.1	1.0	S	0.0
Ddip_jg10423	Hsap_NP_001005366.1	1.0	S	0.0
Angcan_KAE9420235.1	Hsap_NP_001005366.1	1.0	S	0.0
Ddip_jg23958	Hsap_NP_001005366.1	1.0	S	0.0
Diplco_DCO_002928	Hsap_NP_001005366.1	1.0	S	0.0
Gpal_Gpal_D383_g10379.t1	Hsap_NP_001005366.1	1.0	S	0.0
Ovol_OVOC8642	Hsap_NP_001005366.1	1.0	S	0.0
Priarc_PARCANUS000008636.t1	Hsap_NP_001005366.1	1.0	S	0.0
Mjap_MIJAPON000001293.t1	Hsap_NP_001005366.1	1.0	S	0.0
Acey_EYC20807.1	Hsap_NP_001005366.1	1.0	S	0.0
Srat_XP_024503932.1	Hsap_NP_001005366.1	1.0	S	0.0
Hcon_XGW16588.1	Hsap_NP_001005366.1	1.0	S	0.0
Hpol_VDO64892.1	Hsap_NP_001005366.1	1.0	S	0.0
Lloa_XP_020303735.1	Hsap_NP_001005366.1	1.0	S	0.0
Priarc_PARCANUS000003063.t1	Hsap_NP_001005366.1	1.0	S	0.0
Otip_Oti_2625_t	Hsap_NP_001005366.1	1.0	S	0.0
Avit_KAL4002845.1	Hsap_NP_001005366.1	1.0	S	0.0
Cele_NP_498419.3	Hsap_NP_001005366.1	1.0	S	0.0
Ever_VDD88057.1	Lpol_XP_013776610.2	1.0	S	0.0
Diplco_DCO_002927	Lpol_XP_013776610.2	1.0	S	0.0
Cele_NP_498418.3	Lpol_XP_013776610.2	1.0	S	0.0
Priarc_PARCANUS000003453.t1	Lpol_XP_013776610.2	1.0	S	0.0
Avit_KAL4002846.1	Lpol_XP_013776610.2	1.0	S	0.0
Bmal_XP_042933214.1	Lpol_XP_013776610.2	1.0	S	0.0
Scar_TKR68166.1	Lpol_XP_013776610.2	1.0	S	0.0
Hcon_XGW16589.1	Lpol_XP_013776610.2	1.0	S	0.0
Mbel_CAJ0962955.1	Lpol_XP_013776610.2	1.0	S	0.0
Ddip_jg10423	Lpol_XP_013776610.2	1.0	S	0.0
Angcan_KAE9420235.1	Lpol_XP_013776610.2	1.0	S	0.0
Ddip_jg23958	Lpol_XP_013776610.2	1.0	S	0.0
Diplco_DCO_002928	Lpol_XP_013776610.2	1.0	S	0.0
Gpal_Gpal_D383_g10379.t1	Lpol_XP_013776610.2	1.0	S	0.0
Ovol_OVOC8642	Lpol_XP_013776610.2	1.0	S	0.0
Priarc_PARCANUS000008636.t1	Lpol_XP_013776610.2	1.0	S	0.0
Mjap_MIJAPON000001293.t1	Lpol_XP_013776610.2	1.0	S	0.0
Acey_EYC20807.1	Lpol_XP_013776610.2	1.0	S	0.0
Srat_XP_024503932.1	Lpol_XP_013776610.2	1.0	S	0.0
Hcon_XGW16588.1	Lpol_XP_013776610.2	1.0	S	0.0
Hpol_VDO64892.1	Lpol_XP_013776610.2	1.0	S	0.0
Lloa_XP_020303735.1	Lpol_XP_013776610.2	1.0	S	0.0
Priarc_PARCANUS000003063.t1	Lpol_XP_013776610.2	1.0	S	0.0
Otip_Oti_2625_t	Lpol_XP_013776610.2	1.0	S	0.0
Avit_KAL4002845.1	Lpol_XP_013776610.2	1.0	S	0.0
Cele_NP_498419.3	Lpol_XP_013776610.2	1.0	S	0.0
Ever_VDD88057.1	Hsap_XP_005254012.1	1.0	S	0.0
Diplco_DCO_002927	Hsap_XP_005254012.1	1.0	S	0.0
Cele_NP_498418.3	Hsap_XP_005254012.1	1.0	S	0.0
Priarc_PARCANUS000003453.t1	Hsap_XP_005254012.1	1.0	S	0.0
Avit_KAL4002846.1	Hsap_XP_005254012.1	1.0	S	0.0
Bmal_XP_042933214.1	Hsap_XP_005254012.1	1.0	S	0.0
Scar_TKR68166.1	Hsap_XP_005254012.1	1.0	S	0.0
Hcon_XGW16589.1	Hsap_XP_005254012.1	1.0	S	0.0
Mbel_CAJ0962955.1	Hsap_XP_005254012.1	1.0	S	0.0
Ddip_jg10423	Hsap_XP_005254012.1	1.0	S	0.0
Angcan_KAE9420235.1	Hsap_XP_005254012.1	1.0	S	0.0
Ddip_jg23958	Hsap_XP_005254012.1	1.0	S	0.0
Diplco_DCO_002928	Hsap_XP_005254012.1	1.0	S	0.0
Gpal_Gpal_D383_g10379.t1	Hsap_XP_005254012.1	1.0	S	0.0
Ovol_OVOC8642	Hsap_XP_005254012.1	1.0	S	0.0
Priarc_PARCANUS000008636.t1	Hsap_XP_005254012.1	1.0	S	0.0
Mjap_MIJAPON000001293.t1	Hsap_XP_005254012.1	1.0	S	0.0
Acey_EYC20807.1	Hsap_XP_005254012.1	1.0	S	0.0
Srat_XP_024503932.1	Hsap_XP_005254012.1	1.0	S	0.0
Hcon_XGW16588.1	Hsap_XP_005254012.1	1.0	S	0.0
Hpol_VDO64892.1	Hsap_XP_005254012.1	1.0	S	0.0
Lloa_XP_020303735.1	Hsap_XP_005254012.1	1.0	S	0.0
Priarc_PARCANUS000003063.t1	Hsap_XP_005254012.1	1.0	S	0.0
Otip_Oti_2625_t	Hsap_XP_005254012.1	1.0	S	0.0
Avit_KAL4002845.1	Hsap_XP_005254012.1	1.0	S	0.0
Cele_NP_498419.3	Hsap_XP_005254012.1	1.0	S	0.0
Ever_VDD88057.1	Avag_UJR09124.1	1.0	S	0.0
Diplco_DCO_002927	Avag_UJR09124.1	1.0	S	0.0
Cele_NP_498418.3	Avag_UJR09124.1	1.0	S	0.0
Priarc_PARCANUS000003453.t1	Avag_UJR09124.1	1.0	S	0.0
Avit_KAL4002846.1	Avag_UJR09124.1	1.0	S	0.0
Bmal_XP_042933214.1	Avag_UJR09124.1	1.0	S	0.0
Scar_TKR68166.1	Avag_UJR09124.1	1.0	S	0.0
Hcon_XGW16589.1	Avag_UJR09124.1	1.0	S	0.0
Mbel_CAJ0962955.1	Avag_UJR09124.1	1.0	S	0.0
Ddip_jg10423	Avag_UJR09124.1	1.0	S	0.0
Angcan_KAE9420235.1	Avag_UJR09124.1	1.0	S	0.0
Ddip_jg23958	Avag_UJR09124.1	1.0	S	0.0
Diplco_DCO_002928	Avag_UJR09124.1	1.0	S	0.0
Gpal_Gpal_D383_g10379.t1	Avag_UJR09124.1	1.0	S	0.0
Ovol_OVOC8642	Avag_UJR09124.1	1.0	S	0.0
Priarc_PARCANUS000008636.t1	Avag_UJR09124.1	1.0	S	0.0
Mjap_MIJAPON000001293.t1	Avag_UJR09124.1	1.0	S	0.0
Acey_EYC20807.1	Avag_UJR09124.1	1.0	S	0.0
Srat_XP_024503932.1	Avag_UJR09124.1	1.0	S	0.0
Hcon_XGW16588.1	Avag_UJR09124.1	1.0	S	0.0
Hpol_VDO64892.1	Avag_UJR09124.1	1.0	S	0.0
Lloa_XP_020303735.1	Avag_UJR09124.1	1.0	S	0.0
Priarc_PARCANUS000003063.t1	Avag_UJR09124.1	1.0	S	0.0
Otip_Oti_2625_t	Avag_UJR09124.1	1.0	S	0.0
Avit_KAL4002845.1	Avag_UJR09124.1	1.0	S	0.0
Cele_NP_498419.3	Avag_UJR09124.1	1.0	S	0.0
Ever_VDD88057.1	Hsap_XP_047285656.1	1.0	S	0.0
Diplco_DCO_002927	Hsap_XP_047285656.1	1.0	S	0.0
Cele_NP_498418.3	Hsap_XP_047285656.1	1.0	S	0.0
Priarc_PARCANUS000003453.t1	Hsap_XP_047285656.1	1.0	S	0.0
Avit_KAL4002846.1	Hsap_XP_047285656.1	1.0	S	0.0
Bmal_XP_042933214.1	Hsap_XP_047285656.1	1.0	S	0.0
Scar_TKR68166.1	Hsap_XP_047285656.1	1.0	S	0.0
Hcon_XGW16589.1	Hsap_XP_047285656.1	1.0	S	0.0
Mbel_CAJ0962955.1	Hsap_XP_047285656.1	1.0	S	0.0
Ddip_jg10423	Hsap_XP_047285656.1	1.0	S	0.0
Angcan_KAE9420235.1	Hsap_XP_047285656.1	1.0	S	0.0
Ddip_jg23958	Hsap_XP_047285656.1	1.0	S	0.0
Diplco_DCO_002928	Hsap_XP_047285656.1	1.0	S	0.0
Gpal_Gpal_D383_g10379.t1	Hsap_XP_047285656.1	1.0	S	0.0
Ovol_OVOC8642	Hsap_XP_047285656.1	1.0	S	0.0
Priarc_PARCANUS000008636.t1	Hsap_XP_047285656.1	1.0	S	0.0
Mjap_MIJAPON000001293.t1	Hsap_XP_047285656.1	1.0	S	0.0
Acey_EYC20807.1	Hsap_XP_047285656.1	1.0	S	0.0
Srat_XP_024503932.1	Hsap_XP_047285656.1	1.0	S	0.0
Hcon_XGW16588.1	Hsap_XP_047285656.1	1.0	S	0.0
Hpol_VDO64892.1	Hsap_XP_047285656.1	1.0	S	0.0
Lloa_XP_020303735.1	Hsap_XP_047285656.1	1.0	S	0.0
Priarc_PARCANUS000003063.t1	Hsap_XP_047285656.1	1.0	S	0.0
Otip_Oti_2625_t	Hsap_XP_047285656.1	1.0	S	0.0
Avit_KAL4002845.1	Hsap_XP_047285656.1	1.0	S	0.0
Cele_NP_498419.3	Hsap_XP_047285656.1	1.0	S	0.0
Ever_VDD88057.1	Hsap_XP_011537169.2	1.0	S	0.0
Diplco_DCO_002927	Hsap_XP_011537169.2	1.0	S	0.0
Cele_NP_498418.3	Hsap_XP_011537169.2	1.0	S	0.0
Priarc_PARCANUS000003453.t1	Hsap_XP_011537169.2	1.0	S	0.0
Avit_KAL4002846.1	Hsap_XP_011537169.2	1.0	S	0.0
Bmal_XP_042933214.1	Hsap_XP_011537169.2	1.0	S	0.0
Scar_TKR68166.1	Hsap_XP_011537169.2	1.0	S	0.0
Hcon_XGW16589.1	Hsap_XP_011537169.2	1.0	S	0.0
Mbel_CAJ0962955.1	Hsap_XP_011537169.2	1.0	S	0.0
Ddip_jg10423	Hsap_XP_011537169.2	1.0	S	0.0
Angcan_KAE9420235.1	Hsap_XP_011537169.2	1.0	S	0.0
Ddip_jg23958	Hsap_XP_011537169.2	1.0	S	0.0
Diplco_DCO_002928	Hsap_XP_011537169.2	1.0	S	0.0
Gpal_Gpal_D383_g10379.t1	Hsap_XP_011537169.2	1.0	S	0.0
Ovol_OVOC8642	Hsap_XP_011537169.2	1.0	S	0.0
Priarc_PARCANUS000008636.t1	Hsap_XP_011537169.2	1.0	S	0.0
Mjap_MIJAPON000001293.t1	Hsap_XP_011537169.2	1.0	S	0.0
Acey_EYC20807.1	Hsap_XP_011537169.2	1.0	S	0.0
Srat_XP_024503932.1	Hsap_XP_011537169.2	1.0	S	0.0
Hcon_XGW16588.1	Hsap_XP_011537169.2	1.0	S	0.0
Hpol_VDO64892.1	Hsap_XP_011537169.2	1.0	S	0.0
Lloa_XP_020303735.1	Hsap_XP_011537169.2	1.0	S	0.0
Priarc_PARCANUS000003063.t1	Hsap_XP_011537169.2	1.0	S	0.0
Otip_Oti_2625_t	Hsap_XP_011537169.2	1.0	S	0.0
Avit_KAL4002845.1	Hsap_XP_011537169.2	1.0	S	0.0
Cele_NP_498419.3	Hsap_XP_011537169.2	1.0	S	0.0
Ddip_jg10423	Ever_VDD88057.1	100.0	S	0.0
Gpal_Gpal_D383_g10379.t1	Ever_VDD88057.1	100.0	S	0.0
Ddip_jg23958	Ever_VDD88057.1	100.0	S	0.0
Ddip_jg10423	Diplco_DCO_002927	100.0	S	0.0
Gpal_Gpal_D383_g10379.t1	Diplco_DCO_002927	100.0	S	0.0
Ddip_jg23958	Diplco_DCO_002927	100.0	S	0.0
Ddip_jg10423	Cele_NP_498418.3	100.0	S	0.0
Gpal_Gpal_D383_g10379.t1	Cele_NP_498418.3	100.0	S	0.0
Ddip_jg23958	Cele_NP_498418.3	100.0	S	0.0
Ddip_jg10423	Priarc_PARCANUS000003453.t1	100.0	S	0.0
Gpal_Gpal_D383_g10379.t1	Priarc_PARCANUS000003453.t1	100.0	S	0.0
Ddip_jg23958	Priarc_PARCANUS000003453.t1	100.0	S	0.0
Ddip_jg10423	Avit_KAL4002846.1	100.0	S	0.0
Gpal_Gpal_D383_g10379.t1	Avit_KAL4002846.1	100.0	S	0.0
Ddip_jg23958	Avit_KAL4002846.1	100.0	S	0.0
Ddip_jg10423	Bmal_XP_042933214.1	100.0	S	0.0
Gpal_Gpal_D383_g10379.t1	Bmal_XP_042933214.1	100.0	S	0.0
Ddip_jg23958	Bmal_XP_042933214.1	100.0	S	0.0
Ddip_jg10423	Scar_TKR68166.1	100.0	S	0.0
Gpal_Gpal_D383_g10379.t1	Scar_TKR68166.1	100.0	S	0.0
Ddip_jg23958	Scar_TKR68166.1	100.0	S	0.0
Ddip_jg10423	Hcon_XGW16589.1	100.0	S	0.0
Gpal_Gpal_D383_g10379.t1	Hcon_XGW16589.1	100.0	S	0.0
Ddip_jg23958	Hcon_XGW16589.1	100.0	S	0.0
Ddip_jg10423	Mbel_CAJ0962955.1	100.0	S	0.0
Gpal_Gpal_D383_g10379.t1	Mbel_CAJ0962955.1	100.0	S	0.0
Ddip_jg23958	Mbel_CAJ0962955.1	100.0	S	0.0
Ddip_jg10423	Angcan_KAE9420235.1	100.0	S	0.0
Gpal_Gpal_D383_g10379.t1	Angcan_KAE9420235.1	100.0	S	0.0
Ddip_jg23958	Angcan_KAE9420235.1	100.0	S	0.0
Ddip_jg10423	Diplco_DCO_002928	100.0	S	0.0
Gpal_Gpal_D383_g10379.t1	Diplco_DCO_002928	100.0	S	0.0
Ddip_jg23958	Diplco_DCO_002928	100.0	S	0.0
Ddip_jg10423	Ovol_OVOC8642	100.0	S	0.0
Gpal_Gpal_D383_g10379.t1	Ovol_OVOC8642	100.0	S	0.0
Ddip_jg23958	Ovol_OVOC8642	100.0	S	0.0
Ddip_jg10423	Priarc_PARCANUS000008636.t1	100.0	S	0.0
Gpal_Gpal_D383_g10379.t1	Priarc_PARCANUS000008636.t1	100.0	S	0.0
Ddip_jg23958	Priarc_PARCANUS000008636.t1	100.0	S	0.0
Ddip_jg10423	Mjap_MIJAPON000001293.t1	100.0	S	0.0
Gpal_Gpal_D383_g10379.t1	Mjap_MIJAPON000001293.t1	100.0	S	0.0
Ddip_jg23958	Mjap_MIJAPON000001293.t1	100.0	S	0.0
Ddip_jg10423	Acey_EYC20807.1	100.0	S	0.0
Gpal_Gpal_D383_g10379.t1	Acey_EYC20807.1	100.0	S	0.0
Ddip_jg23958	Acey_EYC20807.1	100.0	S	0.0
Ddip_jg10423	Srat_XP_024503932.1	100.0	S	0.0
Gpal_Gpal_D383_g10379.t1	Srat_XP_024503932.1	100.0	S	0.0
Ddip_jg23958	Srat_XP_024503932.1	100.0	S	0.0
Ddip_jg10423	Hcon_XGW16588.1	100.0	S	0.0
Gpal_Gpal_D383_g10379.t1	Hcon_XGW16588.1	100.0	S	0.0
Ddip_jg23958	Hcon_XGW16588.1	100.0	S	0.0
Ddip_jg10423	Hpol_VDO64892.1	100.0	S	0.0
Gpal_Gpal_D383_g10379.t1	Hpol_VDO64892.1	100.0	S	0.0
Ddip_jg23958	Hpol_VDO64892.1	100.0	S	0.0
Ddip_jg10423	Lloa_XP_020303735.1	100.0	S	0.0
Gpal_Gpal_D383_g10379.t1	Lloa_XP_020303735.1	100.0	S	0.0
Ddip_jg23958	Lloa_XP_020303735.1	100.0	S	0.0
Ddip_jg10423	Priarc_PARCANUS000003063.t1	100.0	S	0.0
Gpal_Gpal_D383_g10379.t1	Priarc_PARCANUS000003063.t1	100.0	S	0.0
Ddip_jg23958	Priarc_PARCANUS000003063.t1	100.0	S	0.0
Ddip_jg10423	Otip_Oti_2625_t	100.0	S	0.0
Gpal_Gpal_D383_g10379.t1	Otip_Oti_2625_t	100.0	S	0.0
Ddip_jg23958	Otip_Oti_2625_t	100.0	S	0.0
Ddip_jg10423	Avit_KAL4002845.1	100.0	S	0.0
Gpal_Gpal_D383_g10379.t1	Avit_KAL4002845.1	100.0	S	0.0
Ddip_jg23958	Avit_KAL4002845.1	100.0	S	0.0
Ddip_jg10423	Cele_NP_498419.3	100.0	S	0.0
Gpal_Gpal_D383_g10379.t1	Cele_NP_498419.3	100.0	S	0.0
Ddip_jg23958	Cele_NP_498419.3	100.0	S	0.0
Rvar_GAU93788.1	Smoe_XP_024527750.1	100.0	S	0.0
Hduj_OQV18915.1	Smoe_XP_024527750.1	100.0	S	0.0
Rvar_GAU93788.1	Lana_XP_013394792.1	100.0	S	0.0
Hduj_OQV18915.1	Lana_XP_013394792.1	100.0	S	0.0
Rvar_GAU93788.1	Lpol_XP_013778988.1	100.0	S	0.0
Hduj_OQV18915.1	Lpol_XP_013778988.1	100.0	S	0.0
Rvar_GAU93788.1	Drer_NP_001410477.1	100.0	S	0.0
Hduj_OQV18915.1	Drer_NP_001410477.1	100.0	S	0.0
Rvar_GAU93788.1	Hsap_XP_047285666.1	100.0	S	0.0
Hduj_OQV18915.1	Hsap_XP_047285666.1	100.0	S	0.0
Rvar_GAU93788.1	Bmor_XP_004928906.1	100.0	S	0.0
Hduj_OQV18915.1	Bmor_XP_004928906.1	100.0	S	0.0
Rvar_GAU93788.1	Ggal_XP_004945618.1	100.0	S	0.0
Hduj_OQV18915.1	Ggal_XP_004945618.1	100.0	S	0.0
Rvar_GAU93788.1	Lpol_XP_022243927.1	100.0	S	0.0
Hduj_OQV18915.1	Lpol_XP_022243927.1	100.0	S	0.0
Rvar_GAU93788.1	Aque_XP_011404618.2	100.0	S	0.0
Hduj_OQV18915.1	Aque_XP_011404618.2	100.0	S	0.0
Rvar_GAU93788.1	Ggal_XP_046757210.1	100.0	S	0.0
Hduj_OQV18915.1	Ggal_XP_046757210.1	100.0	S	0.0
Rvar_GAU93788.1	Drer_XP_068079819.1	100.0	S	0.0
Hduj_OQV18915.1	Drer_XP_068079819.1	100.0	S	0.0
Rvar_GAU93788.1	Ggal_XP_025011399.1	100.0	S	0.0
Hduj_OQV18915.1	Ggal_XP_025011399.1	100.0	S	0.0
Rvar_GAU93788.1	Hsap_XP_047285648.1	100.0	S	0.0
Hduj_OQV18915.1	Hsap_XP_047285648.1	100.0	S	0.0
Rvar_GAU93788.1	Lpol_XP_022243924.1	100.0	S	0.0
Hduj_OQV18915.1	Lpol_XP_022243924.1	100.0	S	0.0
Rvar_GAU93788.1	Hsap_XP_047285660.1	100.0	S	0.0
Hduj_OQV18915.1	Hsap_XP_047285660.1	100.0	S	0.0
Rvar_GAU93788.1	Agrpla_XP_025836100.1	100.0	S	0.0
Hduj_OQV18915.1	Agrpla_XP_025836100.1	100.0	S	0.0
Rvar_GAU93788.1	Apla_XP_022085616.1	100.0	S	0.0
Hduj_OQV18915.1	Apla_XP_022085616.1	100.0	S	0.0
Rvar_GAU93788.1	Ggal_XP_004945613.1	100.0	S	0.0
Hduj_OQV18915.1	Ggal_XP_004945613.1	100.0	S	0.0
Rvar_GAU93788.1	Ggal_XP_015131080.1	100.0	S	0.0
Hduj_OQV18915.1	Ggal_XP_015131080.1	100.0	S	0.0
Rvar_GAU93788.1	Hsap_XP_047285649.1	100.0	S	0.0
Hduj_OQV18915.1	Hsap_XP_047285649.1	100.0	S	0.0
Rvar_GAU93788.1	Smed_h1SMcT0005069.5	100.0	S	0.0
Hduj_OQV18915.1	Smed_h1SMcT0005069.5	100.0	S	0.0
Rvar_GAU93788.1	Ggal_XP_004945615.1	100.0	S	0.0
Hduj_OQV18915.1	Ggal_XP_004945615.1	100.0	S	0.0
Rvar_GAU93788.1	Hsap_XP_047285637.1	100.0	S	0.0
Hduj_OQV18915.1	Hsap_XP_047285637.1	100.0	S	0.0
Rvar_GAU93788.1	Ggal_XP_040504334.1	100.0	S	0.0
Hduj_OQV18915.1	Ggal_XP_040504334.1	100.0	S	0.0
Rvar_GAU93788.1	Xtro_XP_031748491.1	100.0	S	0.0
Hduj_OQV18915.1	Xtro_XP_031748491.1	100.0	S	0.0
Rvar_GAU93788.1	Smed_h1SMcT0005069.1	100.0	S	0.0
Hduj_OQV18915.1	Smed_h1SMcT0005069.1	100.0	S	0.0
Rvar_GAU93788.1	Ggal_XP_004945614.1	100.0	S	0.0
Hduj_OQV18915.1	Ggal_XP_004945614.1	100.0	S	0.0
Rvar_GAU93788.1	Hsap_XP_047285663.1	100.0	S	0.0
Hduj_OQV18915.1	Hsap_XP_047285663.1	100.0	S	0.0
Rvar_GAU93788.1	Hsap_XP_047285661.1	100.0	S	0.0
Hduj_OQV18915.1	Hsap_XP_047285661.1	100.0	S	0.0
Rvar_GAU93788.1	Hsap_XP_047285657.1	100.0	S	0.0
Hduj_OQV18915.1	Hsap_XP_047285657.1	100.0	S	0.0
Rvar_GAU93788.1	Bmor_XP_021205389.1	100.0	S	0.0
Hduj_OQV18915.1	Bmor_XP_021205389.1	100.0	S	0.0
Rvar_GAU93788.1	Hsap_XP_047285671.1	100.0	S	0.0
Hduj_OQV18915.1	Hsap_XP_047285671.1	100.0	S	0.0
Rvar_GAU93788.1	Lpol_XP_022243928.1	100.0	S	0.0
Hduj_OQV18915.1	Lpol_XP_022243928.1	100.0	S	0.0
Rvar_GAU93788.1	Hsap_XP_047285639.1	100.0	S	0.0
Hduj_OQV18915.1	Hsap_XP_047285639.1	100.0	S	0.0
Rvar_GAU93788.1	Twil_T_wilhelma_c29644_g1_i1|m.31020	100.0	S	0.0
Hduj_OQV18915.1	Twil_T_wilhelma_c29644_g1_i1|m.31020	100.0	S	0.0
Rvar_GAU93788.1	Sarc_XP_014161452.1	100.0	S	0.0
Hduj_OQV18915.1	Sarc_XP_014161452.1	100.0	S	0.0
Rvar_GAU93788.1	Dpul_XP_046452222.1	100.0	S	0.0
Hduj_OQV18915.1	Dpul_XP_046452222.1	100.0	S	0.0
Rvar_GAU93788.1	Hrob_XP_009031639.1	100.0	S	0.0
Hduj_OQV18915.1	Hrob_XP_009031639.1	100.0	S	0.0
Rvar_GAU93788.1	Cint_NP_001071898.1	100.0	S	0.0
Hduj_OQV18915.1	Cint_NP_001071898.1	100.0	S	0.0
Rvar_GAU93788.1	Hsap_XP_047285640.1	100.0	S	0.0
Hduj_OQV18915.1	Hsap_XP_047285640.1	100.0	S	0.0
Rvar_GAU93788.1	Hsap_XP_047285669.1	100.0	S	0.0
Hduj_OQV18915.1	Hsap_XP_047285669.1	100.0	S	0.0
Rvar_GAU93788.1	Ggal_XP_004945612.1	100.0	S	0.0
Hduj_OQV18915.1	Ggal_XP_004945612.1	100.0	S	0.0
Rvar_GAU93788.1	Hsap_XP_047285659.1	100.0	S	0.0
Hduj_OQV18915.1	Hsap_XP_047285659.1	100.0	S	0.0
Rvar_GAU93788.1	Scil_XP_065189801.1	100.0	S	0.0
Hduj_OQV18915.1	Scil_XP_065189801.1	100.0	S	0.0
Rvar_GAU93788.1	Hsap_XP_047285658.1	100.0	S	0.0
Hduj_OQV18915.1	Hsap_XP_047285658.1	100.0	S	0.0
Rvar_GAU93788.1	Lpol_XP_022243922.1	100.0	S	0.0
Hduj_OQV18915.1	Lpol_XP_022243922.1	100.0	S	0.0
Rvar_GAU93788.1	Xtro_XP_031748506.1	100.0	S	0.0
Hduj_OQV18915.1	Xtro_XP_031748506.1	100.0	S	0.0
Rvar_GAU93788.1	Apla_XP_022085617.1	100.0	S	0.0
Hduj_OQV18915.1	Apla_XP_022085617.1	100.0	S	0.0
Rvar_GAU93788.1	Dpul_XP_046452221.1	100.0	S	0.0
Hduj_OQV18915.1	Dpul_XP_046452221.1	100.0	S	0.0
Rvar_GAU93788.1	Hsap_XP_047285665.1	100.0	S	0.0
Hduj_OQV18915.1	Hsap_XP_047285665.1	100.0	S	0.0
Rvar_GAU93788.1	Hsap_XP_005254013.1	100.0	S	0.0
Hduj_OQV18915.1	Hsap_XP_005254013.1	100.0	S	0.0
Rvar_GAU93788.1	Cfra_CFRG5440T1	100.0	S	0.0
Hduj_OQV18915.1	Cfra_CFRG5440T1	100.0	S	0.0
Rvar_GAU93788.1	Agrpla_XP_018328670.2	100.0	S	0.0
Hduj_OQV18915.1	Agrpla_XP_018328670.2	100.0	S	0.0
Rvar_GAU93788.1	Ggal_XP_004945610.1	100.0	S	0.0
Hduj_OQV18915.1	Ggal_XP_004945610.1	100.0	S	0.0
Rvar_GAU93788.1	Smed_h1SMcT0005069.4	100.0	S	0.0
Hduj_OQV18915.1	Smed_h1SMcT0005069.4	100.0	S	0.0
Rvar_GAU93788.1	Hsap_XP_047285644.1	100.0	S	0.0
Hduj_OQV18915.1	Hsap_XP_047285644.1	100.0	S	0.0
Rvar_GAU93788.1	Hsap_XP_047285662.1	100.0	S	0.0
Hduj_OQV18915.1	Hsap_XP_047285662.1	100.0	S	0.0
Rvar_GAU93788.1	Lpol_XP_022243923.1	100.0	S	0.0
Hduj_OQV18915.1	Lpol_XP_022243923.1	100.0	S	0.0
Rvar_GAU93788.1	Apimel_XP_026294963.1	100.0	S	0.0
Hduj_OQV18915.1	Apimel_XP_026294963.1	100.0	S	0.0
Rvar_GAU93788.1	Xtro_NP_001011176.1	100.0	S	0.0
Hduj_OQV18915.1	Xtro_NP_001011176.1	100.0	S	0.0
Rvar_GAU93788.1	Hsap_XP_047285655.1	100.0	S	0.0
Hduj_OQV18915.1	Hsap_XP_047285655.1	100.0	S	0.0
Rvar_GAU93788.1	Hsap_XP_047285654.1	100.0	S	0.0
Hduj_OQV18915.1	Hsap_XP_047285654.1	100.0	S	0.0
Rvar_GAU93788.1	Ofus_CAH1801472.1	100.0	S	0.0
Hduj_OQV18915.1	Ofus_CAH1801472.1	100.0	S	0.0
Rvar_GAU93788.1	Mpol_BFI28826.1	100.0	S	0.0
Hduj_OQV18915.1	Mpol_BFI28826.1	100.0	S	0.0
Rvar_GAU93788.1	Mpol_BFI28825.1	100.0	S	0.0
Hduj_OQV18915.1	Mpol_BFI28825.1	100.0	S	0.0
Rvar_GAU93788.1	Hsap_XP_047285653.1	100.0	S	0.0
Hduj_OQV18915.1	Hsap_XP_047285653.1	100.0	S	0.0
Rvar_GAU93788.1	Hsap_XP_047285670.1	100.0	S	0.0
Hduj_OQV18915.1	Hsap_XP_047285670.1	100.0	S	0.0
Rvar_GAU93788.1	Hsap_NP_115979.3	100.0	S	0.0
Hduj_OQV18915.1	Hsap_NP_115979.3	100.0	S	0.0
Rvar_GAU93788.1	Smoe_XP_024528476.1	100.0	S	0.0
Hduj_OQV18915.1	Smoe_XP_024528476.1	100.0	S	0.0
Rvar_GAU93788.1	Lpol_XP_022243926.1	100.0	S	0.0
Hduj_OQV18915.1	Lpol_XP_022243926.1	100.0	S	0.0
Rvar_GAU93788.1	Hsap_XP_047285638.1	100.0	S	0.0
Hduj_OQV18915.1	Hsap_XP_047285638.1	100.0	S	0.0
Rvar_GAU93788.1	Hsap_XP_047285652.1	100.0	S	0.0
Hduj_OQV18915.1	Hsap_XP_047285652.1	100.0	S	0.0
Rvar_GAU93788.1	Hsap_XP_047285664.1	100.0	S	0.0
Hduj_OQV18915.1	Hsap_XP_047285664.1	100.0	S	0.0
Rvar_GAU93788.1	Lpol_XP_022243925.1	100.0	S	0.0
Hduj_OQV18915.1	Lpol_XP_022243925.1	100.0	S	0.0
Rvar_GAU93788.1	Xtro_XP_031748498.1	100.0	S	0.0
Hduj_OQV18915.1	Xtro_XP_031748498.1	100.0	S	0.0
Rvar_GAU93788.1	Ggal_XP_004945616.1	100.0	S	0.0
Hduj_OQV18915.1	Ggal_XP_004945616.1	100.0	S	0.0
Rvar_GAU93788.1	Xtro_XP_031748490.1	100.0	S	0.0
Hduj_OQV18915.1	Xtro_XP_031748490.1	100.0	S	0.0
Rvar_GAU93788.1	Hsap_XP_047285646.1	100.0	S	0.0
Hduj_OQV18915.1	Hsap_XP_047285646.1	100.0	S	0.0
Rvar_GAU93788.1	Twil_T_wilhelma_c29644_g1_i3|m.31022	100.0	S	0.0
Hduj_OQV18915.1	Twil_T_wilhelma_c29644_g1_i3|m.31022	100.0	S	0.0
Rvar_GAU93788.1	Pvan_XP_069969648.1	100.0	S	0.0
Hduj_OQV18915.1	Pvan_XP_069969648.1	100.0	S	0.0
Rvar_GAU93788.1	Hsap_XP_047285668.1	100.0	S	0.0
Hduj_OQV18915.1	Hsap_XP_047285668.1	100.0	S	0.0
Rvar_GAU93788.1	Tadh_XP_002108337.1	100.0	S	0.0
Hduj_OQV18915.1	Tadh_XP_002108337.1	100.0	S	0.0
Rvar_GAU93788.1	Hsap_XP_006718543.1	100.0	S	0.0
Hduj_OQV18915.1	Hsap_XP_006718543.1	100.0	S	0.0
Rvar_GAU93788.1	Hsap_XP_047285667.1	100.0	S	0.0
Hduj_OQV18915.1	Hsap_XP_047285667.1	100.0	S	0.0
Rvar_GAU93788.1	Hsap_XP_047282579.1	100.0	S	0.0
Hduj_OQV18915.1	Hsap_XP_047282579.1	100.0	S	0.0
Rvar_GAU93788.1	Xtro_XP_031748515.1	100.0	S	0.0
Hduj_OQV18915.1	Xtro_XP_031748515.1	100.0	S	0.0
Rvar_GAU93788.1	Hsap_NP_001005366.1	100.0	S	0.0
Hduj_OQV18915.1	Hsap_NP_001005366.1	100.0	S	0.0
Rvar_GAU93788.1	Lpol_XP_013776610.2	100.0	S	0.0
Hduj_OQV18915.1	Lpol_XP_013776610.2	100.0	S	0.0
Rvar_GAU93788.1	Hsap_XP_005254012.1	100.0	S	0.0
Hduj_OQV18915.1	Hsap_XP_005254012.1	100.0	S	0.0
Rvar_GAU93788.1	Avag_UJR09124.1	100.0	S	0.0
Hduj_OQV18915.1	Avag_UJR09124.1	100.0	S	0.0
Rvar_GAU93788.1	Hsap_XP_047285656.1	100.0	S	0.0
Hduj_OQV18915.1	Hsap_XP_047285656.1	100.0	S	0.0
Rvar_GAU93788.1	Hsap_XP_011537169.2	100.0	S	0.0
Hduj_OQV18915.1	Hsap_XP_011537169.2	100.0	S	0.0
Gpal_Gpal_D383_g10379.t1	Ddip_jg10423	99.0	S	0.0
Gpal_Gpal_D383_g10379.t1	Ddip_jg23958	99.0	S	0.0
Lloa_XP_020303735.1	Priarc_PARCANUS000003453.t1	91.0	S	0.0
Ever_VDD88057.1	Priarc_PARCANUS000003453.t1	91.0	S	0.0
Avit_KAL4002845.1	Priarc_PARCANUS000003453.t1	91.0	S	0.0
Avit_KAL4002846.1	Priarc_PARCANUS000003453.t1	91.0	S	0.0
Ovol_OVOC8642	Priarc_PARCANUS000003453.t1	91.0	S	0.0
Bmal_XP_042933214.1	Priarc_PARCANUS000003453.t1	91.0	S	0.0
Scar_TKR68166.1	Priarc_PARCANUS000003453.t1	91.0	S	0.0
Lloa_XP_020303735.1	Acey_EYC20807.1	91.0	S	0.0
Ever_VDD88057.1	Acey_EYC20807.1	91.0	S	0.0
Avit_KAL4002845.1	Acey_EYC20807.1	91.0	S	0.0
Avit_KAL4002846.1	Acey_EYC20807.1	91.0	S	0.0
Ovol_OVOC8642	Acey_EYC20807.1	91.0	S	0.0
Bmal_XP_042933214.1	Acey_EYC20807.1	91.0	S	0.0
Scar_TKR68166.1	Acey_EYC20807.1	91.0	S	0.0
Lloa_XP_020303735.1	Priarc_PARCANUS000003063.t1	91.0	S	0.0
Ever_VDD88057.1	Priarc_PARCANUS000003063.t1	91.0	S	0.0
Avit_KAL4002845.1	Priarc_PARCANUS000003063.t1	91.0	S	0.0
Avit_KAL4002846.1	Priarc_PARCANUS000003063.t1	91.0	S	0.0
Ovol_OVOC8642	Priarc_PARCANUS000003063.t1	91.0	S	0.0
Bmal_XP_042933214.1	Priarc_PARCANUS000003063.t1	91.0	S	0.0
Scar_TKR68166.1	Priarc_PARCANUS000003063.t1	91.0	S	0.0
Lloa_XP_020303735.1	Otip_Oti_2625_t	91.0	S	0.0
Ever_VDD88057.1	Otip_Oti_2625_t	91.0	S	0.0
Avit_KAL4002845.1	Otip_Oti_2625_t	91.0	S	0.0
Avit_KAL4002846.1	Otip_Oti_2625_t	91.0	S	0.0
Ovol_OVOC8642	Otip_Oti_2625_t	91.0	S	0.0
Bmal_XP_042933214.1	Otip_Oti_2625_t	91.0	S	0.0
Scar_TKR68166.1	Otip_Oti_2625_t	91.0	S	0.0
Lloa_XP_020303735.1	Diplco_DCO_002927	91.0	S	0.0
Ever_VDD88057.1	Diplco_DCO_002927	91.0	S	0.0
Avit_KAL4002845.1	Diplco_DCO_002927	91.0	S	0.0
Avit_KAL4002846.1	Diplco_DCO_002927	91.0	S	0.0
Ovol_OVOC8642	Diplco_DCO_002927	91.0	S	0.0
Bmal_XP_042933214.1	Diplco_DCO_002927	91.0	S	0.0
Scar_TKR68166.1	Diplco_DCO_002927	91.0	S	0.0
Lloa_XP_020303735.1	Srat_XP_024503932.1	91.0	S	0.0
Ever_VDD88057.1	Srat_XP_024503932.1	91.0	S	0.0
Avit_KAL4002845.1	Srat_XP_024503932.1	91.0	S	0.0
Avit_KAL4002846.1	Srat_XP_024503932.1	91.0	S	0.0
Ovol_OVOC8642	Srat_XP_024503932.1	91.0	S	0.0
Bmal_XP_042933214.1	Srat_XP_024503932.1	91.0	S	0.0
Scar_TKR68166.1	Srat_XP_024503932.1	91.0	S	0.0
Lloa_XP_020303735.1	Angcan_KAE9420235.1	91.0	S	0.0
Ever_VDD88057.1	Angcan_KAE9420235.1	91.0	S	0.0
Avit_KAL4002845.1	Angcan_KAE9420235.1	91.0	S	0.0
Avit_KAL4002846.1	Angcan_KAE9420235.1	91.0	S	0.0
Ovol_OVOC8642	Angcan_KAE9420235.1	91.0	S	0.0
Bmal_XP_042933214.1	Angcan_KAE9420235.1	91.0	S	0.0
Scar_TKR68166.1	Angcan_KAE9420235.1	91.0	S	0.0
Lloa_XP_020303735.1	Cele_NP_498418.3	91.0	S	0.0
Ever_VDD88057.1	Cele_NP_498418.3	91.0	S	0.0
Avit_KAL4002845.1	Cele_NP_498418.3	91.0	S	0.0
Avit_KAL4002846.1	Cele_NP_498418.3	91.0	S	0.0
Ovol_OVOC8642	Cele_NP_498418.3	91.0	S	0.0
Bmal_XP_042933214.1	Cele_NP_498418.3	91.0	S	0.0
Scar_TKR68166.1	Cele_NP_498418.3	91.0	S	0.0
Lloa_XP_020303735.1	Diplco_DCO_002928	91.0	S	0.0
Ever_VDD88057.1	Diplco_DCO_002928	91.0	S	0.0
Avit_KAL4002845.1	Diplco_DCO_002928	91.0	S	0.0
Avit_KAL4002846.1	Diplco_DCO_002928	91.0	S	0.0
Ovol_OVOC8642	Diplco_DCO_002928	91.0	S	0.0
Bmal_XP_042933214.1	Diplco_DCO_002928	91.0	S	0.0
Scar_TKR68166.1	Diplco_DCO_002928	91.0	S	0.0
Lloa_XP_020303735.1	Hcon_XGW16588.1	91.0	S	0.0
Ever_VDD88057.1	Hcon_XGW16588.1	91.0	S	0.0
Avit_KAL4002845.1	Hcon_XGW16588.1	91.0	S	0.0
Avit_KAL4002846.1	Hcon_XGW16588.1	91.0	S	0.0
Ovol_OVOC8642	Hcon_XGW16588.1	91.0	S	0.0
Bmal_XP_042933214.1	Hcon_XGW16588.1	91.0	S	0.0
Scar_TKR68166.1	Hcon_XGW16588.1	91.0	S	0.0
Lloa_XP_020303735.1	Priarc_PARCANUS000008636.t1	91.0	S	0.0
Ever_VDD88057.1	Priarc_PARCANUS000008636.t1	91.0	S	0.0
Avit_KAL4002845.1	Priarc_PARCANUS000008636.t1	91.0	S	0.0
Avit_KAL4002846.1	Priarc_PARCANUS000008636.t1	91.0	S	0.0
Ovol_OVOC8642	Priarc_PARCANUS000008636.t1	91.0	S	0.0
Bmal_XP_042933214.1	Priarc_PARCANUS000008636.t1	91.0	S	0.0
Scar_TKR68166.1	Priarc_PARCANUS000008636.t1	91.0	S	0.0
Lloa_XP_020303735.1	Cele_NP_498419.3	91.0	S	0.0
Ever_VDD88057.1	Cele_NP_498419.3	91.0	S	0.0
Avit_KAL4002845.1	Cele_NP_498419.3	91.0	S	0.0
Avit_KAL4002846.1	Cele_NP_498419.3	91.0	S	0.0
Ovol_OVOC8642	Cele_NP_498419.3	91.0	S	0.0
Bmal_XP_042933214.1	Cele_NP_498419.3	91.0	S	0.0
Scar_TKR68166.1	Cele_NP_498419.3	91.0	S	0.0
Lloa_XP_020303735.1	Hpol_VDO64892.1	91.0	S	0.0
Ever_VDD88057.1	Hpol_VDO64892.1	91.0	S	0.0
Avit_KAL4002845.1	Hpol_VDO64892.1	91.0	S	0.0
Avit_KAL4002846.1	Hpol_VDO64892.1	91.0	S	0.0
Ovol_OVOC8642	Hpol_VDO64892.1	91.0	S	0.0
Bmal_XP_042933214.1	Hpol_VDO64892.1	91.0	S	0.0
Scar_TKR68166.1	Hpol_VDO64892.1	91.0	S	0.0
Lloa_XP_020303735.1	Hcon_XGW16589.1	91.0	S	0.0
Ever_VDD88057.1	Hcon_XGW16589.1	91.0	S	0.0
Avit_KAL4002845.1	Hcon_XGW16589.1	91.0	S	0.0
Avit_KAL4002846.1	Hcon_XGW16589.1	91.0	S	0.0
Ovol_OVOC8642	Hcon_XGW16589.1	91.0	S	0.0
Bmal_XP_042933214.1	Hcon_XGW16589.1	91.0	S	0.0
Scar_TKR68166.1	Hcon_XGW16589.1	91.0	S	0.0
Lloa_XP_020303735.1	Mbel_CAJ0962955.1	91.0	S	0.0
Ever_VDD88057.1	Mbel_CAJ0962955.1	91.0	S	0.0
Avit_KAL4002845.1	Mbel_CAJ0962955.1	91.0	S	0.0
Avit_KAL4002846.1	Mbel_CAJ0962955.1	91.0	S	0.0
Ovol_OVOC8642	Mbel_CAJ0962955.1	91.0	S	0.0
Bmal_XP_042933214.1	Mbel_CAJ0962955.1	91.0	S	0.0
Scar_TKR68166.1	Mbel_CAJ0962955.1	91.0	S	0.0
Lloa_XP_020303735.1	Mjap_MIJAPON000001293.t1	91.0	S	0.0
Ever_VDD88057.1	Mjap_MIJAPON000001293.t1	91.0	S	0.0
Avit_KAL4002845.1	Mjap_MIJAPON000001293.t1	91.0	S	0.0
Avit_KAL4002846.1	Mjap_MIJAPON000001293.t1	91.0	S	0.0
Ovol_OVOC8642	Mjap_MIJAPON000001293.t1	91.0	S	0.0
Bmal_XP_042933214.1	Mjap_MIJAPON000001293.t1	91.0	S	0.0
Scar_TKR68166.1	Mjap_MIJAPON000001293.t1	91.0	S	0.0
Hduj_OQV18915.1	Rvar_GAU93788.1	100.0	S	0.0
Smoe_XP_024527750.1	Lana_XP_013394792.1	64.0	S	0.0
Cfra_CFRG5440T1	Lana_XP_013394792.1	64.0	S	0.0
Mpol_BFI28826.1	Lana_XP_013394792.1	64.0	S	0.0
Smoe_XP_024528476.1	Lana_XP_013394792.1	64.0	S	0.0
Sarc_XP_014161452.1	Lana_XP_013394792.1	64.0	S	0.0
Mpol_BFI28825.1	Lana_XP_013394792.1	64.0	S	0.0
Smoe_XP_024527750.1	Lpol_XP_013778988.1	64.0	S	0.0
Cfra_CFRG5440T1	Lpol_XP_013778988.1	64.0	S	0.0
Mpol_BFI28826.1	Lpol_XP_013778988.1	64.0	S	0.0
Smoe_XP_024528476.1	Lpol_XP_013778988.1	64.0	S	0.0
Sarc_XP_014161452.1	Lpol_XP_013778988.1	64.0	S	0.0
Mpol_BFI28825.1	Lpol_XP_013778988.1	64.0	S	0.0
Smoe_XP_024527750.1	Drer_NP_001410477.1	64.0	S	0.0
Cfra_CFRG5440T1	Drer_NP_001410477.1	64.0	S	0.0
Mpol_BFI28826.1	Drer_NP_001410477.1	64.0	S	0.0
Smoe_XP_024528476.1	Drer_NP_001410477.1	64.0	S	0.0
Sarc_XP_014161452.1	Drer_NP_001410477.1	64.0	S	0.0
Mpol_BFI28825.1	Drer_NP_001410477.1	64.0	S	0.0
Smoe_XP_024527750.1	Hsap_XP_047285666.1	64.0	S	0.0
Cfra_CFRG5440T1	Hsap_XP_047285666.1	64.0	S	0.0
Mpol_BFI28826.1	Hsap_XP_047285666.1	64.0	S	0.0
Smoe_XP_024528476.1	Hsap_XP_047285666.1	64.0	S	0.0
Sarc_XP_014161452.1	Hsap_XP_047285666.1	64.0	S	0.0
Mpol_BFI28825.1	Hsap_XP_047285666.1	64.0	S	0.0
Smoe_XP_024527750.1	Bmor_XP_004928906.1	64.0	S	0.0
Cfra_CFRG5440T1	Bmor_XP_004928906.1	64.0	S	0.0
Mpol_BFI28826.1	Bmor_XP_004928906.1	64.0	S	0.0
Smoe_XP_024528476.1	Bmor_XP_004928906.1	64.0	S	0.0
Sarc_XP_014161452.1	Bmor_XP_004928906.1	64.0	S	0.0
Mpol_BFI28825.1	Bmor_XP_004928906.1	64.0	S	0.0
Smoe_XP_024527750.1	Ggal_XP_004945618.1	64.0	S	0.0
Cfra_CFRG5440T1	Ggal_XP_004945618.1	64.0	S	0.0
Mpol_BFI28826.1	Ggal_XP_004945618.1	64.0	S	0.0
Smoe_XP_024528476.1	Ggal_XP_004945618.1	64.0	S	0.0
Sarc_XP_014161452.1	Ggal_XP_004945618.1	64.0	S	0.0
Mpol_BFI28825.1	Ggal_XP_004945618.1	64.0	S	0.0
Smoe_XP_024527750.1	Lpol_XP_022243927.1	64.0	S	0.0
Cfra_CFRG5440T1	Lpol_XP_022243927.1	64.0	S	0.0
Mpol_BFI28826.1	Lpol_XP_022243927.1	64.0	S	0.0
Smoe_XP_024528476.1	Lpol_XP_022243927.1	64.0	S	0.0
Sarc_XP_014161452.1	Lpol_XP_022243927.1	64.0	S	0.0
Mpol_BFI28825.1	Lpol_XP_022243927.1	64.0	S	0.0
Smoe_XP_024527750.1	Aque_XP_011404618.2	64.0	S	0.0
Cfra_CFRG5440T1	Aque_XP_011404618.2	64.0	S	0.0
Mpol_BFI28826.1	Aque_XP_011404618.2	64.0	S	0.0
Smoe_XP_024528476.1	Aque_XP_011404618.2	64.0	S	0.0
Sarc_XP_014161452.1	Aque_XP_011404618.2	64.0	S	0.0
Mpol_BFI28825.1	Aque_XP_011404618.2	64.0	S	0.0
Smoe_XP_024527750.1	Ggal_XP_046757210.1	64.0	S	0.0
Cfra_CFRG5440T1	Ggal_XP_046757210.1	64.0	S	0.0
Mpol_BFI28826.1	Ggal_XP_046757210.1	64.0	S	0.0
Smoe_XP_024528476.1	Ggal_XP_046757210.1	64.0	S	0.0
Sarc_XP_014161452.1	Ggal_XP_046757210.1	64.0	S	0.0
Mpol_BFI28825.1	Ggal_XP_046757210.1	64.0	S	0.0
Smoe_XP_024527750.1	Drer_XP_068079819.1	64.0	S	0.0
Cfra_CFRG5440T1	Drer_XP_068079819.1	64.0	S	0.0
Mpol_BFI28826.1	Drer_XP_068079819.1	64.0	S	0.0
Smoe_XP_024528476.1	Drer_XP_068079819.1	64.0	S	0.0
Sarc_XP_014161452.1	Drer_XP_068079819.1	64.0	S	0.0
Mpol_BFI28825.1	Drer_XP_068079819.1	64.0	S	0.0
Smoe_XP_024527750.1	Ggal_XP_025011399.1	64.0	S	0.0
Cfra_CFRG5440T1	Ggal_XP_025011399.1	64.0	S	0.0
Mpol_BFI28826.1	Ggal_XP_025011399.1	64.0	S	0.0
Smoe_XP_024528476.1	Ggal_XP_025011399.1	64.0	S	0.0
Sarc_XP_014161452.1	Ggal_XP_025011399.1	64.0	S	0.0
Mpol_BFI28825.1	Ggal_XP_025011399.1	64.0	S	0.0
Smoe_XP_024527750.1	Hsap_XP_047285648.1	64.0	S	0.0
Cfra_CFRG5440T1	Hsap_XP_047285648.1	64.0	S	0.0
Mpol_BFI28826.1	Hsap_XP_047285648.1	64.0	S	0.0
Smoe_XP_024528476.1	Hsap_XP_047285648.1	64.0	S	0.0
Sarc_XP_014161452.1	Hsap_XP_047285648.1	64.0	S	0.0
Mpol_BFI28825.1	Hsap_XP_047285648.1	64.0	S	0.0
Smoe_XP_024527750.1	Lpol_XP_022243924.1	64.0	S	0.0
Cfra_CFRG5440T1	Lpol_XP_022243924.1	64.0	S	0.0
Mpol_BFI28826.1	Lpol_XP_022243924.1	64.0	S	0.0
Smoe_XP_024528476.1	Lpol_XP_022243924.1	64.0	S	0.0
Sarc_XP_014161452.1	Lpol_XP_022243924.1	64.0	S	0.0
Mpol_BFI28825.1	Lpol_XP_022243924.1	64.0	S	0.0
Smoe_XP_024527750.1	Hsap_XP_047285660.1	64.0	S	0.0
Cfra_CFRG5440T1	Hsap_XP_047285660.1	64.0	S	0.0
Mpol_BFI28826.1	Hsap_XP_047285660.1	64.0	S	0.0
Smoe_XP_024528476.1	Hsap_XP_047285660.1	64.0	S	0.0
Sarc_XP_014161452.1	Hsap_XP_047285660.1	64.0	S	0.0
Mpol_BFI28825.1	Hsap_XP_047285660.1	64.0	S	0.0
Smoe_XP_024527750.1	Agrpla_XP_025836100.1	64.0	S	0.0
Cfra_CFRG5440T1	Agrpla_XP_025836100.1	64.0	S	0.0
Mpol_BFI28826.1	Agrpla_XP_025836100.1	64.0	S	0.0
Smoe_XP_024528476.1	Agrpla_XP_025836100.1	64.0	S	0.0
Sarc_XP_014161452.1	Agrpla_XP_025836100.1	64.0	S	0.0
Mpol_BFI28825.1	Agrpla_XP_025836100.1	64.0	S	0.0
Smoe_XP_024527750.1	Apla_XP_022085616.1	64.0	S	0.0
Cfra_CFRG5440T1	Apla_XP_022085616.1	64.0	S	0.0
Mpol_BFI28826.1	Apla_XP_022085616.1	64.0	S	0.0
Smoe_XP_024528476.1	Apla_XP_022085616.1	64.0	S	0.0
Sarc_XP_014161452.1	Apla_XP_022085616.1	64.0	S	0.0
Mpol_BFI28825.1	Apla_XP_022085616.1	64.0	S	0.0
Smoe_XP_024527750.1	Ggal_XP_004945613.1	64.0	S	0.0
Cfra_CFRG5440T1	Ggal_XP_004945613.1	64.0	S	0.0
Mpol_BFI28826.1	Ggal_XP_004945613.1	64.0	S	0.0
Smoe_XP_024528476.1	Ggal_XP_004945613.1	64.0	S	0.0
Sarc_XP_014161452.1	Ggal_XP_004945613.1	64.0	S	0.0
Mpol_BFI28825.1	Ggal_XP_004945613.1	64.0	S	0.0
Smoe_XP_024527750.1	Ggal_XP_015131080.1	64.0	S	0.0
Cfra_CFRG5440T1	Ggal_XP_015131080.1	64.0	S	0.0
Mpol_BFI28826.1	Ggal_XP_015131080.1	64.0	S	0.0
Smoe_XP_024528476.1	Ggal_XP_015131080.1	64.0	S	0.0
Sarc_XP_014161452.1	Ggal_XP_015131080.1	64.0	S	0.0
Mpol_BFI28825.1	Ggal_XP_015131080.1	64.0	S	0.0
Smoe_XP_024527750.1	Hsap_XP_047285649.1	64.0	S	0.0
Cfra_CFRG5440T1	Hsap_XP_047285649.1	64.0	S	0.0
Mpol_BFI28826.1	Hsap_XP_047285649.1	64.0	S	0.0
Smoe_XP_024528476.1	Hsap_XP_047285649.1	64.0	S	0.0
Sarc_XP_014161452.1	Hsap_XP_047285649.1	64.0	S	0.0
Mpol_BFI28825.1	Hsap_XP_047285649.1	64.0	S	0.0
Smoe_XP_024527750.1	Smed_h1SMcT0005069.5	64.0	S	0.0
Cfra_CFRG5440T1	Smed_h1SMcT0005069.5	64.0	S	0.0
Mpol_BFI28826.1	Smed_h1SMcT0005069.5	64.0	S	0.0
Smoe_XP_024528476.1	Smed_h1SMcT0005069.5	64.0	S	0.0
Sarc_XP_014161452.1	Smed_h1SMcT0005069.5	64.0	S	0.0
Mpol_BFI28825.1	Smed_h1SMcT0005069.5	64.0	S	0.0
Smoe_XP_024527750.1	Ggal_XP_004945615.1	64.0	S	0.0
Cfra_CFRG5440T1	Ggal_XP_004945615.1	64.0	S	0.0
Mpol_BFI28826.1	Ggal_XP_004945615.1	64.0	S	0.0
Smoe_XP_024528476.1	Ggal_XP_004945615.1	64.0	S	0.0
Sarc_XP_014161452.1	Ggal_XP_004945615.1	64.0	S	0.0
Mpol_BFI28825.1	Ggal_XP_004945615.1	64.0	S	0.0
Smoe_XP_024527750.1	Hsap_XP_047285637.1	64.0	S	0.0
Cfra_CFRG5440T1	Hsap_XP_047285637.1	64.0	S	0.0
Mpol_BFI28826.1	Hsap_XP_047285637.1	64.0	S	0.0
Smoe_XP_024528476.1	Hsap_XP_047285637.1	64.0	S	0.0
Sarc_XP_014161452.1	Hsap_XP_047285637.1	64.0	S	0.0
Mpol_BFI28825.1	Hsap_XP_047285637.1	64.0	S	0.0
Smoe_XP_024527750.1	Ggal_XP_040504334.1	64.0	S	0.0
Cfra_CFRG5440T1	Ggal_XP_040504334.1	64.0	S	0.0
Mpol_BFI28826.1	Ggal_XP_040504334.1	64.0	S	0.0
Smoe_XP_024528476.1	Ggal_XP_040504334.1	64.0	S	0.0
Sarc_XP_014161452.1	Ggal_XP_040504334.1	64.0	S	0.0
Mpol_BFI28825.1	Ggal_XP_040504334.1	64.0	S	0.0
Smoe_XP_024527750.1	Xtro_XP_031748491.1	64.0	S	0.0
Cfra_CFRG5440T1	Xtro_XP_031748491.1	64.0	S	0.0
Mpol_BFI28826.1	Xtro_XP_031748491.1	64.0	S	0.0
Smoe_XP_024528476.1	Xtro_XP_031748491.1	64.0	S	0.0
Sarc_XP_014161452.1	Xtro_XP_031748491.1	64.0	S	0.0
Mpol_BFI28825.1	Xtro_XP_031748491.1	64.0	S	0.0
Smoe_XP_024527750.1	Smed_h1SMcT0005069.1	64.0	S	0.0
Cfra_CFRG5440T1	Smed_h1SMcT0005069.1	64.0	S	0.0
Mpol_BFI28826.1	Smed_h1SMcT0005069.1	64.0	S	0.0
Smoe_XP_024528476.1	Smed_h1SMcT0005069.1	64.0	S	0.0
Sarc_XP_014161452.1	Smed_h1SMcT0005069.1	64.0	S	0.0
Mpol_BFI28825.1	Smed_h1SMcT0005069.1	64.0	S	0.0
Smoe_XP_024527750.1	Ggal_XP_004945614.1	64.0	S	0.0
Cfra_CFRG5440T1	Ggal_XP_004945614.1	64.0	S	0.0
Mpol_BFI28826.1	Ggal_XP_004945614.1	64.0	S	0.0
Smoe_XP_024528476.1	Ggal_XP_004945614.1	64.0	S	0.0
Sarc_XP_014161452.1	Ggal_XP_004945614.1	64.0	S	0.0
Mpol_BFI28825.1	Ggal_XP_004945614.1	64.0	S	0.0
Smoe_XP_024527750.1	Hsap_XP_047285663.1	64.0	S	0.0
Cfra_CFRG5440T1	Hsap_XP_047285663.1	64.0	S	0.0
Mpol_BFI28826.1	Hsap_XP_047285663.1	64.0	S	0.0
Smoe_XP_024528476.1	Hsap_XP_047285663.1	64.0	S	0.0
Sarc_XP_014161452.1	Hsap_XP_047285663.1	64.0	S	0.0
Mpol_BFI28825.1	Hsap_XP_047285663.1	64.0	S	0.0
Smoe_XP_024527750.1	Hsap_XP_047285661.1	64.0	S	0.0
Cfra_CFRG5440T1	Hsap_XP_047285661.1	64.0	S	0.0
Mpol_BFI28826.1	Hsap_XP_047285661.1	64.0	S	0.0
Smoe_XP_024528476.1	Hsap_XP_047285661.1	64.0	S	0.0
Sarc_XP_014161452.1	Hsap_XP_047285661.1	64.0	S	0.0
Mpol_BFI28825.1	Hsap_XP_047285661.1	64.0	S	0.0
Smoe_XP_024527750.1	Hsap_XP_047285657.1	64.0	S	0.0
Cfra_CFRG5440T1	Hsap_XP_047285657.1	64.0	S	0.0
Mpol_BFI28826.1	Hsap_XP_047285657.1	64.0	S	0.0
Smoe_XP_024528476.1	Hsap_XP_047285657.1	64.0	S	0.0
Sarc_XP_014161452.1	Hsap_XP_047285657.1	64.0	S	0.0
Mpol_BFI28825.1	Hsap_XP_047285657.1	64.0	S	0.0
Smoe_XP_024527750.1	Bmor_XP_021205389.1	64.0	S	0.0
Cfra_CFRG5440T1	Bmor_XP_021205389.1	64.0	S	0.0
Mpol_BFI28826.1	Bmor_XP_021205389.1	64.0	S	0.0
Smoe_XP_024528476.1	Bmor_XP_021205389.1	64.0	S	0.0
Sarc_XP_014161452.1	Bmor_XP_021205389.1	64.0	S	0.0
Mpol_BFI28825.1	Bmor_XP_021205389.1	64.0	S	0.0
Smoe_XP_024527750.1	Hsap_XP_047285671.1	64.0	S	0.0
Cfra_CFRG5440T1	Hsap_XP_047285671.1	64.0	S	0.0
Mpol_BFI28826.1	Hsap_XP_047285671.1	64.0	S	0.0
Smoe_XP_024528476.1	Hsap_XP_047285671.1	64.0	S	0.0
Sarc_XP_014161452.1	Hsap_XP_047285671.1	64.0	S	0.0
Mpol_BFI28825.1	Hsap_XP_047285671.1	64.0	S	0.0
Smoe_XP_024527750.1	Lpol_XP_022243928.1	64.0	S	0.0
Cfra_CFRG5440T1	Lpol_XP_022243928.1	64.0	S	0.0
Mpol_BFI28826.1	Lpol_XP_022243928.1	64.0	S	0.0
Smoe_XP_024528476.1	Lpol_XP_022243928.1	64.0	S	0.0
Sarc_XP_014161452.1	Lpol_XP_022243928.1	64.0	S	0.0
Mpol_BFI28825.1	Lpol_XP_022243928.1	64.0	S	0.0
Smoe_XP_024527750.1	Hsap_XP_047285639.1	64.0	S	0.0
Cfra_CFRG5440T1	Hsap_XP_047285639.1	64.0	S	0.0
Mpol_BFI28826.1	Hsap_XP_047285639.1	64.0	S	0.0
Smoe_XP_024528476.1	Hsap_XP_047285639.1	64.0	S	0.0
Sarc_XP_014161452.1	Hsap_XP_047285639.1	64.0	S	0.0
Mpol_BFI28825.1	Hsap_XP_047285639.1	64.0	S	0.0
Smoe_XP_024527750.1	Twil_T_wilhelma_c29644_g1_i1|m.31020	64.0	S	0.0
Cfra_CFRG5440T1	Twil_T_wilhelma_c29644_g1_i1|m.31020	64.0	S	0.0
Mpol_BFI28826.1	Twil_T_wilhelma_c29644_g1_i1|m.31020	64.0	S	0.0
Smoe_XP_024528476.1	Twil_T_wilhelma_c29644_g1_i1|m.31020	64.0	S	0.0
Sarc_XP_014161452.1	Twil_T_wilhelma_c29644_g1_i1|m.31020	64.0	S	0.0
Mpol_BFI28825.1	Twil_T_wilhelma_c29644_g1_i1|m.31020	64.0	S	0.0
Smoe_XP_024527750.1	Dpul_XP_046452222.1	64.0	S	0.0
Cfra_CFRG5440T1	Dpul_XP_046452222.1	64.0	S	0.0
Mpol_BFI28826.1	Dpul_XP_046452222.1	64.0	S	0.0
Smoe_XP_024528476.1	Dpul_XP_046452222.1	64.0	S	0.0
Sarc_XP_014161452.1	Dpul_XP_046452222.1	64.0	S	0.0
Mpol_BFI28825.1	Dpul_XP_046452222.1	64.0	S	0.0
Smoe_XP_024527750.1	Hrob_XP_009031639.1	64.0	S	0.0
Cfra_CFRG5440T1	Hrob_XP_009031639.1	64.0	S	0.0
Mpol_BFI28826.1	Hrob_XP_009031639.1	64.0	S	0.0
Smoe_XP_024528476.1	Hrob_XP_009031639.1	64.0	S	0.0
Sarc_XP_014161452.1	Hrob_XP_009031639.1	64.0	S	0.0
Mpol_BFI28825.1	Hrob_XP_009031639.1	64.0	S	0.0
Smoe_XP_024527750.1	Cint_NP_001071898.1	64.0	S	0.0
Cfra_CFRG5440T1	Cint_NP_001071898.1	64.0	S	0.0
Mpol_BFI28826.1	Cint_NP_001071898.1	64.0	S	0.0
Smoe_XP_024528476.1	Cint_NP_001071898.1	64.0	S	0.0
Sarc_XP_014161452.1	Cint_NP_001071898.1	64.0	S	0.0
Mpol_BFI28825.1	Cint_NP_001071898.1	64.0	S	0.0
Smoe_XP_024527750.1	Hsap_XP_047285640.1	64.0	S	0.0
Cfra_CFRG5440T1	Hsap_XP_047285640.1	64.0	S	0.0
Mpol_BFI28826.1	Hsap_XP_047285640.1	64.0	S	0.0
Smoe_XP_024528476.1	Hsap_XP_047285640.1	64.0	S	0.0
Sarc_XP_014161452.1	Hsap_XP_047285640.1	64.0	S	0.0
Mpol_BFI28825.1	Hsap_XP_047285640.1	64.0	S	0.0
Smoe_XP_024527750.1	Hsap_XP_047285669.1	64.0	S	0.0
Cfra_CFRG5440T1	Hsap_XP_047285669.1	64.0	S	0.0
Mpol_BFI28826.1	Hsap_XP_047285669.1	64.0	S	0.0
Smoe_XP_024528476.1	Hsap_XP_047285669.1	64.0	S	0.0
Sarc_XP_014161452.1	Hsap_XP_047285669.1	64.0	S	0.0
Mpol_BFI28825.1	Hsap_XP_047285669.1	64.0	S	0.0
Smoe_XP_024527750.1	Ggal_XP_004945612.1	64.0	S	0.0
Cfra_CFRG5440T1	Ggal_XP_004945612.1	64.0	S	0.0
Mpol_BFI28826.1	Ggal_XP_004945612.1	64.0	S	0.0
Smoe_XP_024528476.1	Ggal_XP_004945612.1	64.0	S	0.0
Sarc_XP_014161452.1	Ggal_XP_004945612.1	64.0	S	0.0
Mpol_BFI28825.1	Ggal_XP_004945612.1	64.0	S	0.0
Smoe_XP_024527750.1	Hsap_XP_047285659.1	64.0	S	0.0
Cfra_CFRG5440T1	Hsap_XP_047285659.1	64.0	S	0.0
Mpol_BFI28826.1	Hsap_XP_047285659.1	64.0	S	0.0
Smoe_XP_024528476.1	Hsap_XP_047285659.1	64.0	S	0.0
Sarc_XP_014161452.1	Hsap_XP_047285659.1	64.0	S	0.0
Mpol_BFI28825.1	Hsap_XP_047285659.1	64.0	S	0.0
Smoe_XP_024527750.1	Scil_XP_065189801.1	64.0	S	0.0
Cfra_CFRG5440T1	Scil_XP_065189801.1	64.0	S	0.0
Mpol_BFI28826.1	Scil_XP_065189801.1	64.0	S	0.0
Smoe_XP_024528476.1	Scil_XP_065189801.1	64.0	S	0.0
Sarc_XP_014161452.1	Scil_XP_065189801.1	64.0	S	0.0
Mpol_BFI28825.1	Scil_XP_065189801.1	64.0	S	0.0
Smoe_XP_024527750.1	Hsap_XP_047285658.1	64.0	S	0.0
Cfra_CFRG5440T1	Hsap_XP_047285658.1	64.0	S	0.0
Mpol_BFI28826.1	Hsap_XP_047285658.1	64.0	S	0.0
Smoe_XP_024528476.1	Hsap_XP_047285658.1	64.0	S	0.0
Sarc_XP_014161452.1	Hsap_XP_047285658.1	64.0	S	0.0
Mpol_BFI28825.1	Hsap_XP_047285658.1	64.0	S	0.0
Smoe_XP_024527750.1	Lpol_XP_022243922.1	64.0	S	0.0
Cfra_CFRG5440T1	Lpol_XP_022243922.1	64.0	S	0.0
Mpol_BFI28826.1	Lpol_XP_022243922.1	64.0	S	0.0
Smoe_XP_024528476.1	Lpol_XP_022243922.1	64.0	S	0.0
Sarc_XP_014161452.1	Lpol_XP_022243922.1	64.0	S	0.0
Mpol_BFI28825.1	Lpol_XP_022243922.1	64.0	S	0.0
Smoe_XP_024527750.1	Xtro_XP_031748506.1	64.0	S	0.0
Cfra_CFRG5440T1	Xtro_XP_031748506.1	64.0	S	0.0
Mpol_BFI28826.1	Xtro_XP_031748506.1	64.0	S	0.0
Smoe_XP_024528476.1	Xtro_XP_031748506.1	64.0	S	0.0
Sarc_XP_014161452.1	Xtro_XP_031748506.1	64.0	S	0.0
Mpol_BFI28825.1	Xtro_XP_031748506.1	64.0	S	0.0
Smoe_XP_024527750.1	Apla_XP_022085617.1	64.0	S	0.0
Cfra_CFRG5440T1	Apla_XP_022085617.1	64.0	S	0.0
Mpol_BFI28826.1	Apla_XP_022085617.1	64.0	S	0.0
Smoe_XP_024528476.1	Apla_XP_022085617.1	64.0	S	0.0
Sarc_XP_014161452.1	Apla_XP_022085617.1	64.0	S	0.0
Mpol_BFI28825.1	Apla_XP_022085617.1	64.0	S	0.0
Smoe_XP_024527750.1	Dpul_XP_046452221.1	64.0	S	0.0
Cfra_CFRG5440T1	Dpul_XP_046452221.1	64.0	S	0.0
Mpol_BFI28826.1	Dpul_XP_046452221.1	64.0	S	0.0
Smoe_XP_024528476.1	Dpul_XP_046452221.1	64.0	S	0.0
Sarc_XP_014161452.1	Dpul_XP_046452221.1	64.0	S	0.0
Mpol_BFI28825.1	Dpul_XP_046452221.1	64.0	S	0.0
Smoe_XP_024527750.1	Hsap_XP_047285665.1	64.0	S	0.0
Cfra_CFRG5440T1	Hsap_XP_047285665.1	64.0	S	0.0
Mpol_BFI28826.1	Hsap_XP_047285665.1	64.0	S	0.0
Smoe_XP_024528476.1	Hsap_XP_047285665.1	64.0	S	0.0
Sarc_XP_014161452.1	Hsap_XP_047285665.1	64.0	S	0.0
Mpol_BFI28825.1	Hsap_XP_047285665.1	64.0	S	0.0
Smoe_XP_024527750.1	Hsap_XP_005254013.1	64.0	S	0.0
Cfra_CFRG5440T1	Hsap_XP_005254013.1	64.0	S	0.0
Mpol_BFI28826.1	Hsap_XP_005254013.1	64.0	S	0.0
Smoe_XP_024528476.1	Hsap_XP_005254013.1	64.0	S	0.0
Sarc_XP_014161452.1	Hsap_XP_005254013.1	64.0	S	0.0
Mpol_BFI28825.1	Hsap_XP_005254013.1	64.0	S	0.0
Smoe_XP_024527750.1	Agrpla_XP_018328670.2	64.0	S	0.0
Cfra_CFRG5440T1	Agrpla_XP_018328670.2	64.0	S	0.0
Mpol_BFI28826.1	Agrpla_XP_018328670.2	64.0	S	0.0
Smoe_XP_024528476.1	Agrpla_XP_018328670.2	64.0	S	0.0
Sarc_XP_014161452.1	Agrpla_XP_018328670.2	64.0	S	0.0
Mpol_BFI28825.1	Agrpla_XP_018328670.2	64.0	S	0.0
Smoe_XP_024527750.1	Ggal_XP_004945610.1	64.0	S	0.0
Cfra_CFRG5440T1	Ggal_XP_004945610.1	64.0	S	0.0
Mpol_BFI28826.1	Ggal_XP_004945610.1	64.0	S	0.0
Smoe_XP_024528476.1	Ggal_XP_004945610.1	64.0	S	0.0
Sarc_XP_014161452.1	Ggal_XP_004945610.1	64.0	S	0.0
Mpol_BFI28825.1	Ggal_XP_004945610.1	64.0	S	0.0
Smoe_XP_024527750.1	Smed_h1SMcT0005069.4	64.0	S	0.0
Cfra_CFRG5440T1	Smed_h1SMcT0005069.4	64.0	S	0.0
Mpol_BFI28826.1	Smed_h1SMcT0005069.4	64.0	S	0.0
Smoe_XP_024528476.1	Smed_h1SMcT0005069.4	64.0	S	0.0
Sarc_XP_014161452.1	Smed_h1SMcT0005069.4	64.0	S	0.0
Mpol_BFI28825.1	Smed_h1SMcT0005069.4	64.0	S	0.0
Smoe_XP_024527750.1	Hsap_XP_047285644.1	64.0	S	0.0
Cfra_CFRG5440T1	Hsap_XP_047285644.1	64.0	S	0.0
Mpol_BFI28826.1	Hsap_XP_047285644.1	64.0	S	0.0
Smoe_XP_024528476.1	Hsap_XP_047285644.1	64.0	S	0.0
Sarc_XP_014161452.1	Hsap_XP_047285644.1	64.0	S	0.0
Mpol_BFI28825.1	Hsap_XP_047285644.1	64.0	S	0.0
Smoe_XP_024527750.1	Hsap_XP_047285662.1	64.0	S	0.0
Cfra_CFRG5440T1	Hsap_XP_047285662.1	64.0	S	0.0
Mpol_BFI28826.1	Hsap_XP_047285662.1	64.0	S	0.0
Smoe_XP_024528476.1	Hsap_XP_047285662.1	64.0	S	0.0
Sarc_XP_014161452.1	Hsap_XP_047285662.1	64.0	S	0.0
Mpol_BFI28825.1	Hsap_XP_047285662.1	64.0	S	0.0
Smoe_XP_024527750.1	Lpol_XP_022243923.1	64.0	S	0.0
Cfra_CFRG5440T1	Lpol_XP_022243923.1	64.0	S	0.0
Mpol_BFI28826.1	Lpol_XP_022243923.1	64.0	S	0.0
Smoe_XP_024528476.1	Lpol_XP_022243923.1	64.0	S	0.0
Sarc_XP_014161452.1	Lpol_XP_022243923.1	64.0	S	0.0
Mpol_BFI28825.1	Lpol_XP_022243923.1	64.0	S	0.0
Smoe_XP_024527750.1	Apimel_XP_026294963.1	64.0	S	0.0
Cfra_CFRG5440T1	Apimel_XP_026294963.1	64.0	S	0.0
Mpol_BFI28826.1	Apimel_XP_026294963.1	64.0	S	0.0
Smoe_XP_024528476.1	Apimel_XP_026294963.1	64.0	S	0.0
Sarc_XP_014161452.1	Apimel_XP_026294963.1	64.0	S	0.0
Mpol_BFI28825.1	Apimel_XP_026294963.1	64.0	S	0.0
Smoe_XP_024527750.1	Xtro_NP_001011176.1	64.0	S	0.0
Cfra_CFRG5440T1	Xtro_NP_001011176.1	64.0	S	0.0
Mpol_BFI28826.1	Xtro_NP_001011176.1	64.0	S	0.0
Smoe_XP_024528476.1	Xtro_NP_001011176.1	64.0	S	0.0
Sarc_XP_014161452.1	Xtro_NP_001011176.1	64.0	S	0.0
Mpol_BFI28825.1	Xtro_NP_001011176.1	64.0	S	0.0
Smoe_XP_024527750.1	Hsap_XP_047285655.1	64.0	S	0.0
Cfra_CFRG5440T1	Hsap_XP_047285655.1	64.0	S	0.0
Mpol_BFI28826.1	Hsap_XP_047285655.1	64.0	S	0.0
Smoe_XP_024528476.1	Hsap_XP_047285655.1	64.0	S	0.0
Sarc_XP_014161452.1	Hsap_XP_047285655.1	64.0	S	0.0
Mpol_BFI28825.1	Hsap_XP_047285655.1	64.0	S	0.0
Smoe_XP_024527750.1	Hsap_XP_047285654.1	64.0	S	0.0
Cfra_CFRG5440T1	Hsap_XP_047285654.1	64.0	S	0.0
Mpol_BFI28826.1	Hsap_XP_047285654.1	64.0	S	0.0
Smoe_XP_024528476.1	Hsap_XP_047285654.1	64.0	S	0.0
Sarc_XP_014161452.1	Hsap_XP_047285654.1	64.0	S	0.0
Mpol_BFI28825.1	Hsap_XP_047285654.1	64.0	S	0.0
Smoe_XP_024527750.1	Ofus_CAH1801472.1	64.0	S	0.0
Cfra_CFRG5440T1	Ofus_CAH1801472.1	64.0	S	0.0
Mpol_BFI28826.1	Ofus_CAH1801472.1	64.0	S	0.0
Smoe_XP_024528476.1	Ofus_CAH1801472.1	64.0	S	0.0
Sarc_XP_014161452.1	Ofus_CAH1801472.1	64.0	S	0.0
Mpol_BFI28825.1	Ofus_CAH1801472.1	64.0	S	0.0
Smoe_XP_024527750.1	Hsap_XP_047285653.1	64.0	S	0.0
Cfra_CFRG5440T1	Hsap_XP_047285653.1	64.0	S	0.0
Mpol_BFI28826.1	Hsap_XP_047285653.1	64.0	S	0.0
Smoe_XP_024528476.1	Hsap_XP_047285653.1	64.0	S	0.0
Sarc_XP_014161452.1	Hsap_XP_047285653.1	64.0	S	0.0
Mpol_BFI28825.1	Hsap_XP_047285653.1	64.0	S	0.0
Smoe_XP_024527750.1	Hsap_XP_047285670.1	64.0	S	0.0
Cfra_CFRG5440T1	Hsap_XP_047285670.1	64.0	S	0.0
Mpol_BFI28826.1	Hsap_XP_047285670.1	64.0	S	0.0
Smoe_XP_024528476.1	Hsap_XP_047285670.1	64.0	S	0.0
Sarc_XP_014161452.1	Hsap_XP_047285670.1	64.0	S	0.0
Mpol_BFI28825.1	Hsap_XP_047285670.1	64.0	S	0.0
Smoe_XP_024527750.1	Hsap_NP_115979.3	64.0	S	0.0
Cfra_CFRG5440T1	Hsap_NP_115979.3	64.0	S	0.0
Mpol_BFI28826.1	Hsap_NP_115979.3	64.0	S	0.0
Smoe_XP_024528476.1	Hsap_NP_115979.3	64.0	S	0.0
Sarc_XP_014161452.1	Hsap_NP_115979.3	64.0	S	0.0
Mpol_BFI28825.1	Hsap_NP_115979.3	64.0	S	0.0
Smoe_XP_024527750.1	Lpol_XP_022243926.1	64.0	S	0.0
Cfra_CFRG5440T1	Lpol_XP_022243926.1	64.0	S	0.0
Mpol_BFI28826.1	Lpol_XP_022243926.1	64.0	S	0.0
Smoe_XP_024528476.1	Lpol_XP_022243926.1	64.0	S	0.0
Sarc_XP_014161452.1	Lpol_XP_022243926.1	64.0	S	0.0
Mpol_BFI28825.1	Lpol_XP_022243926.1	64.0	S	0.0
Smoe_XP_024527750.1	Hsap_XP_047285638.1	64.0	S	0.0
Cfra_CFRG5440T1	Hsap_XP_047285638.1	64.0	S	0.0
Mpol_BFI28826.1	Hsap_XP_047285638.1	64.0	S	0.0
Smoe_XP_024528476.1	Hsap_XP_047285638.1	64.0	S	0.0
Sarc_XP_014161452.1	Hsap_XP_047285638.1	64.0	S	0.0
Mpol_BFI28825.1	Hsap_XP_047285638.1	64.0	S	0.0
Smoe_XP_024527750.1	Hsap_XP_047285652.1	64.0	S	0.0
Cfra_CFRG5440T1	Hsap_XP_047285652.1	64.0	S	0.0
Mpol_BFI28826.1	Hsap_XP_047285652.1	64.0	S	0.0
Smoe_XP_024528476.1	Hsap_XP_047285652.1	64.0	S	0.0
Sarc_XP_014161452.1	Hsap_XP_047285652.1	64.0	S	0.0
Mpol_BFI28825.1	Hsap_XP_047285652.1	64.0	S	0.0
Smoe_XP_024527750.1	Hsap_XP_047285664.1	64.0	S	0.0
Cfra_CFRG5440T1	Hsap_XP_047285664.1	64.0	S	0.0
Mpol_BFI28826.1	Hsap_XP_047285664.1	64.0	S	0.0
Smoe_XP_024528476.1	Hsap_XP_047285664.1	64.0	S	0.0
Sarc_XP_014161452.1	Hsap_XP_047285664.1	64.0	S	0.0
Mpol_BFI28825.1	Hsap_XP_047285664.1	64.0	S	0.0
Smoe_XP_024527750.1	Lpol_XP_022243925.1	64.0	S	0.0
Cfra_CFRG5440T1	Lpol_XP_022243925.1	64.0	S	0.0
Mpol_BFI28826.1	Lpol_XP_022243925.1	64.0	S	0.0
Smoe_XP_024528476.1	Lpol_XP_022243925.1	64.0	S	0.0
Sarc_XP_014161452.1	Lpol_XP_022243925.1	64.0	S	0.0
Mpol_BFI28825.1	Lpol_XP_022243925.1	64.0	S	0.0
Smoe_XP_024527750.1	Xtro_XP_031748498.1	64.0	S	0.0
Cfra_CFRG5440T1	Xtro_XP_031748498.1	64.0	S	0.0
Mpol_BFI28826.1	Xtro_XP_031748498.1	64.0	S	0.0
Smoe_XP_024528476.1	Xtro_XP_031748498.1	64.0	S	0.0
Sarc_XP_014161452.1	Xtro_XP_031748498.1	64.0	S	0.0
Mpol_BFI28825.1	Xtro_XP_031748498.1	64.0	S	0.0
Smoe_XP_024527750.1	Ggal_XP_004945616.1	64.0	S	0.0
Cfra_CFRG5440T1	Ggal_XP_004945616.1	64.0	S	0.0
Mpol_BFI28826.1	Ggal_XP_004945616.1	64.0	S	0.0
Smoe_XP_024528476.1	Ggal_XP_004945616.1	64.0	S	0.0
Sarc_XP_014161452.1	Ggal_XP_004945616.1	64.0	S	0.0
Mpol_BFI28825.1	Ggal_XP_004945616.1	64.0	S	0.0
Smoe_XP_024527750.1	Xtro_XP_031748490.1	64.0	S	0.0
Cfra_CFRG5440T1	Xtro_XP_031748490.1	64.0	S	0.0
Mpol_BFI28826.1	Xtro_XP_031748490.1	64.0	S	0.0
Smoe_XP_024528476.1	Xtro_XP_031748490.1	64.0	S	0.0
Sarc_XP_014161452.1	Xtro_XP_031748490.1	64.0	S	0.0
Mpol_BFI28825.1	Xtro_XP_031748490.1	64.0	S	0.0
Smoe_XP_024527750.1	Hsap_XP_047285646.1	64.0	S	0.0
Cfra_CFRG5440T1	Hsap_XP_047285646.1	64.0	S	0.0
Mpol_BFI28826.1	Hsap_XP_047285646.1	64.0	S	0.0
Smoe_XP_024528476.1	Hsap_XP_047285646.1	64.0	S	0.0
Sarc_XP_014161452.1	Hsap_XP_047285646.1	64.0	S	0.0
Mpol_BFI28825.1	Hsap_XP_047285646.1	64.0	S	0.0
Smoe_XP_024527750.1	Twil_T_wilhelma_c29644_g1_i3|m.31022	64.0	S	0.0
Cfra_CFRG5440T1	Twil_T_wilhelma_c29644_g1_i3|m.31022	64.0	S	0.0
Mpol_BFI28826.1	Twil_T_wilhelma_c29644_g1_i3|m.31022	64.0	S	0.0
Smoe_XP_024528476.1	Twil_T_wilhelma_c29644_g1_i3|m.31022	64.0	S	0.0
Sarc_XP_014161452.1	Twil_T_wilhelma_c29644_g1_i3|m.31022	64.0	S	0.0
Mpol_BFI28825.1	Twil_T_wilhelma_c29644_g1_i3|m.31022	64.0	S	0.0
Smoe_XP_024527750.1	Pvan_XP_069969648.1	64.0	S	0.0
Cfra_CFRG5440T1	Pvan_XP_069969648.1	64.0	S	0.0
Mpol_BFI28826.1	Pvan_XP_069969648.1	64.0	S	0.0
Smoe_XP_024528476.1	Pvan_XP_069969648.1	64.0	S	0.0
Sarc_XP_014161452.1	Pvan_XP_069969648.1	64.0	S	0.0
Mpol_BFI28825.1	Pvan_XP_069969648.1	64.0	S	0.0
Smoe_XP_024527750.1	Hsap_XP_047285668.1	64.0	S	0.0
Cfra_CFRG5440T1	Hsap_XP_047285668.1	64.0	S	0.0
Mpol_BFI28826.1	Hsap_XP_047285668.1	64.0	S	0.0
Smoe_XP_024528476.1	Hsap_XP_047285668.1	64.0	S	0.0
Sarc_XP_014161452.1	Hsap_XP_047285668.1	64.0	S	0.0
Mpol_BFI28825.1	Hsap_XP_047285668.1	64.0	S	0.0
Smoe_XP_024527750.1	Tadh_XP_002108337.1	64.0	S	0.0
Cfra_CFRG5440T1	Tadh_XP_002108337.1	64.0	S	0.0
Mpol_BFI28826.1	Tadh_XP_002108337.1	64.0	S	0.0
Smoe_XP_024528476.1	Tadh_XP_002108337.1	64.0	S	0.0
Sarc_XP_014161452.1	Tadh_XP_002108337.1	64.0	S	0.0
Mpol_BFI28825.1	Tadh_XP_002108337.1	64.0	S	0.0
Smoe_XP_024527750.1	Hsap_XP_006718543.1	64.0	S	0.0
Cfra_CFRG5440T1	Hsap_XP_006718543.1	64.0	S	0.0
Mpol_BFI28826.1	Hsap_XP_006718543.1	64.0	S	0.0
Smoe_XP_024528476.1	Hsap_XP_006718543.1	64.0	S	0.0
Sarc_XP_014161452.1	Hsap_XP_006718543.1	64.0	S	0.0
Mpol_BFI28825.1	Hsap_XP_006718543.1	64.0	S	0.0
Smoe_XP_024527750.1	Hsap_XP_047285667.1	64.0	S	0.0
Cfra_CFRG5440T1	Hsap_XP_047285667.1	64.0	S	0.0
Mpol_BFI28826.1	Hsap_XP_047285667.1	64.0	S	0.0
Smoe_XP_024528476.1	Hsap_XP_047285667.1	64.0	S	0.0
Sarc_XP_014161452.1	Hsap_XP_047285667.1	64.0	S	0.0
Mpol_BFI28825.1	Hsap_XP_047285667.1	64.0	S	0.0
Smoe_XP_024527750.1	Hsap_XP_047282579.1	64.0	S	0.0
Cfra_CFRG5440T1	Hsap_XP_047282579.1	64.0	S	0.0
Mpol_BFI28826.1	Hsap_XP_047282579.1	64.0	S	0.0
Smoe_XP_024528476.1	Hsap_XP_047282579.1	64.0	S	0.0
Sarc_XP_014161452.1	Hsap_XP_047282579.1	64.0	S	0.0
Mpol_BFI28825.1	Hsap_XP_047282579.1	64.0	S	0.0
Smoe_XP_024527750.1	Xtro_XP_031748515.1	64.0	S	0.0
Cfra_CFRG5440T1	Xtro_XP_031748515.1	64.0	S	0.0
Mpol_BFI28826.1	Xtro_XP_031748515.1	64.0	S	0.0
Smoe_XP_024528476.1	Xtro_XP_031748515.1	64.0	S	0.0
Sarc_XP_014161452.1	Xtro_XP_031748515.1	64.0	S	0.0
Mpol_BFI28825.1	Xtro_XP_031748515.1	64.0	S	0.0
Smoe_XP_024527750.1	Hsap_NP_001005366.1	64.0	S	0.0
Cfra_CFRG5440T1	Hsap_NP_001005366.1	64.0	S	0.0
Mpol_BFI28826.1	Hsap_NP_001005366.1	64.0	S	0.0
Smoe_XP_024528476.1	Hsap_NP_001005366.1	64.0	S	0.0
Sarc_XP_014161452.1	Hsap_NP_001005366.1	64.0	S	0.0
Mpol_BFI28825.1	Hsap_NP_001005366.1	64.0	S	0.0
Smoe_XP_024527750.1	Lpol_XP_013776610.2	64.0	S	0.0
Cfra_CFRG5440T1	Lpol_XP_013776610.2	64.0	S	0.0
Mpol_BFI28826.1	Lpol_XP_013776610.2	64.0	S	0.0
Smoe_XP_024528476.1	Lpol_XP_013776610.2	64.0	S	0.0
Sarc_XP_014161452.1	Lpol_XP_013776610.2	64.0	S	0.0
Mpol_BFI28825.1	Lpol_XP_013776610.2	64.0	S	0.0
Smoe_XP_024527750.1	Hsap_XP_005254012.1	64.0	S	0.0
Cfra_CFRG5440T1	Hsap_XP_005254012.1	64.0	S	0.0
Mpol_BFI28826.1	Hsap_XP_005254012.1	64.0	S	0.0
Smoe_XP_024528476.1	Hsap_XP_005254012.1	64.0	S	0.0
Sarc_XP_014161452.1	Hsap_XP_005254012.1	64.0	S	0.0
Mpol_BFI28825.1	Hsap_XP_005254012.1	64.0	S	0.0
Smoe_XP_024527750.1	Avag_UJR09124.1	64.0	S	0.0
Cfra_CFRG5440T1	Avag_UJR09124.1	64.0	S	0.0
Mpol_BFI28826.1	Avag_UJR09124.1	64.0	S	0.0
Smoe_XP_024528476.1	Avag_UJR09124.1	64.0	S	0.0
Sarc_XP_014161452.1	Avag_UJR09124.1	64.0	S	0.0
Mpol_BFI28825.1	Avag_UJR09124.1	64.0	S	0.0
Smoe_XP_024527750.1	Hsap_XP_047285656.1	64.0	S	0.0
Cfra_CFRG5440T1	Hsap_XP_047285656.1	64.0	S	0.0
Mpol_BFI28826.1	Hsap_XP_047285656.1	64.0	S	0.0
Smoe_XP_024528476.1	Hsap_XP_047285656.1	64.0	S	0.0
Sarc_XP_014161452.1	Hsap_XP_047285656.1	64.0	S	0.0
Mpol_BFI28825.1	Hsap_XP_047285656.1	64.0	S	0.0
Smoe_XP_024527750.1	Hsap_XP_011537169.2	64.0	S	0.0
Cfra_CFRG5440T1	Hsap_XP_011537169.2	64.0	S	0.0
Mpol_BFI28826.1	Hsap_XP_011537169.2	64.0	S	0.0
Smoe_XP_024528476.1	Hsap_XP_011537169.2	64.0	S	0.0
Sarc_XP_014161452.1	Hsap_XP_011537169.2	64.0	S	0.0
Mpol_BFI28825.1	Hsap_XP_011537169.2	64.0	S	0.0
Ddip_jg10423	Ddip_jg23958	100.0	D	1.0
Scar_TKR68166.1	Lloa_XP_020303735.1	94.0	S	0.0
Scar_TKR68166.1	Ever_VDD88057.1	94.0	S	0.0
Scar_TKR68166.1	Avit_KAL4002845.1	94.0	S	0.0
Scar_TKR68166.1	Avit_KAL4002846.1	94.0	S	0.0
Scar_TKR68166.1	Ovol_OVOC8642	94.0	S	0.0
Scar_TKR68166.1	Bmal_XP_042933214.1	94.0	S	0.0
Srat_XP_024503932.1	Priarc_PARCANUS000003453.t1	86.0	S	0.0
Srat_XP_024503932.1	Acey_EYC20807.1	86.0	S	0.0
Srat_XP_024503932.1	Priarc_PARCANUS000003063.t1	86.0	S	0.0
Srat_XP_024503932.1	Otip_Oti_2625_t	86.0	S	0.0
Srat_XP_024503932.1	Diplco_DCO_002927	86.0	S	0.0
Srat_XP_024503932.1	Angcan_KAE9420235.1	86.0	S	0.0
Srat_XP_024503932.1	Cele_NP_498418.3	86.0	S	0.0
Srat_XP_024503932.1	Diplco_DCO_002928	86.0	S	0.0
Srat_XP_024503932.1	Hcon_XGW16588.1	86.0	S	0.0
Srat_XP_024503932.1	Priarc_PARCANUS000008636.t1	86.0	S	0.0
Srat_XP_024503932.1	Cele_NP_498419.3	86.0	S	0.0
Srat_XP_024503932.1	Hpol_VDO64892.1	86.0	S	0.0
Srat_XP_024503932.1	Hcon_XGW16589.1	86.0	S	0.0
Srat_XP_024503932.1	Mbel_CAJ0962955.1	86.0	S	0.0
Srat_XP_024503932.1	Mjap_MIJAPON000001293.t1	86.0	S	0.0
Sarc_XP_014161452.1	Smoe_XP_024527750.1	73.0	S	0.0
Cfra_CFRG5440T1	Smoe_XP_024527750.1	73.0	S	0.0
Sarc_XP_014161452.1	Mpol_BFI28826.1	73.0	S	0.0
Cfra_CFRG5440T1	Mpol_BFI28826.1	73.0	S	0.0
Sarc_XP_014161452.1	Mpol_BFI28825.1	73.0	S	0.0
Cfra_CFRG5440T1	Mpol_BFI28825.1	73.0	S	0.0
Sarc_XP_014161452.1	Smoe_XP_024528476.1	73.0	S	0.0
Cfra_CFRG5440T1	Smoe_XP_024528476.1	73.0	S	0.0
Twil_T_wilhelma_c29644_g1_i3|m.31022	Lana_XP_013394792.1	96.0	S	0.0
Aque_XP_011404618.2	Lana_XP_013394792.1	96.0	S	0.0
Twil_T_wilhelma_c29644_g1_i1|m.31020	Lana_XP_013394792.1	96.0	S	0.0
Twil_T_wilhelma_c29644_g1_i3|m.31022	Lpol_XP_013778988.1	96.0	S	0.0
Aque_XP_011404618.2	Lpol_XP_013778988.1	96.0	S	0.0
Twil_T_wilhelma_c29644_g1_i1|m.31020	Lpol_XP_013778988.1	96.0	S	0.0
Twil_T_wilhelma_c29644_g1_i3|m.31022	Drer_NP_001410477.1	96.0	S	0.0
Aque_XP_011404618.2	Drer_NP_001410477.1	96.0	S	0.0
Twil_T_wilhelma_c29644_g1_i1|m.31020	Drer_NP_001410477.1	96.0	S	0.0
Twil_T_wilhelma_c29644_g1_i3|m.31022	Hsap_XP_047285666.1	96.0	S	0.0
Aque_XP_011404618.2	Hsap_XP_047285666.1	96.0	S	0.0
Twil_T_wilhelma_c29644_g1_i1|m.31020	Hsap_XP_047285666.1	96.0	S	0.0
Twil_T_wilhelma_c29644_g1_i3|m.31022	Bmor_XP_004928906.1	96.0	S	0.0
Aque_XP_011404618.2	Bmor_XP_004928906.1	96.0	S	0.0
Twil_T_wilhelma_c29644_g1_i1|m.31020	Bmor_XP_004928906.1	96.0	S	0.0
Twil_T_wilhelma_c29644_g1_i3|m.31022	Ggal_XP_004945618.1	96.0	S	0.0
Aque_XP_011404618.2	Ggal_XP_004945618.1	96.0	S	0.0
Twil_T_wilhelma_c29644_g1_i1|m.31020	Ggal_XP_004945618.1	96.0	S	0.0
Twil_T_wilhelma_c29644_g1_i3|m.31022	Lpol_XP_022243927.1	96.0	S	0.0
Aque_XP_011404618.2	Lpol_XP_022243927.1	96.0	S	0.0
Twil_T_wilhelma_c29644_g1_i1|m.31020	Lpol_XP_022243927.1	96.0	S	0.0
Twil_T_wilhelma_c29644_g1_i3|m.31022	Ggal_XP_046757210.1	96.0	S	0.0
Aque_XP_011404618.2	Ggal_XP_046757210.1	96.0	S	0.0
Twil_T_wilhelma_c29644_g1_i1|m.31020	Ggal_XP_046757210.1	96.0	S	0.0
Twil_T_wilhelma_c29644_g1_i3|m.31022	Drer_XP_068079819.1	96.0	S	0.0
Aque_XP_011404618.2	Drer_XP_068079819.1	96.0	S	0.0
Twil_T_wilhelma_c29644_g1_i1|m.31020	Drer_XP_068079819.1	96.0	S	0.0
Twil_T_wilhelma_c29644_g1_i3|m.31022	Ggal_XP_025011399.1	96.0	S	0.0
Aque_XP_011404618.2	Ggal_XP_025011399.1	96.0	S	0.0
Twil_T_wilhelma_c29644_g1_i1|m.31020	Ggal_XP_025011399.1	96.0	S	0.0
Twil_T_wilhelma_c29644_g1_i3|m.31022	Hsap_XP_047285648.1	96.0	S	0.0
Aque_XP_011404618.2	Hsap_XP_047285648.1	96.0	S	0.0
Twil_T_wilhelma_c29644_g1_i1|m.31020	Hsap_XP_047285648.1	96.0	S	0.0
Twil_T_wilhelma_c29644_g1_i3|m.31022	Lpol_XP_022243924.1	96.0	S	0.0
Aque_XP_011404618.2	Lpol_XP_022243924.1	96.0	S	0.0
Twil_T_wilhelma_c29644_g1_i1|m.31020	Lpol_XP_022243924.1	96.0	S	0.0
Twil_T_wilhelma_c29644_g1_i3|m.31022	Hsap_XP_047285660.1	96.0	S	0.0
Aque_XP_011404618.2	Hsap_XP_047285660.1	96.0	S	0.0
Twil_T_wilhelma_c29644_g1_i1|m.31020	Hsap_XP_047285660.1	96.0	S	0.0
Twil_T_wilhelma_c29644_g1_i3|m.31022	Agrpla_XP_025836100.1	96.0	S	0.0
Aque_XP_011404618.2	Agrpla_XP_025836100.1	96.0	S	0.0
Twil_T_wilhelma_c29644_g1_i1|m.31020	Agrpla_XP_025836100.1	96.0	S	0.0
Twil_T_wilhelma_c29644_g1_i3|m.31022	Ggal_XP_004945613.1	96.0	S	0.0
Aque_XP_011404618.2	Ggal_XP_004945613.1	96.0	S	0.0
Twil_T_wilhelma_c29644_g1_i1|m.31020	Ggal_XP_004945613.1	96.0	S	0.0
Twil_T_wilhelma_c29644_g1_i3|m.31022	Apla_XP_022085616.1	96.0	S	0.0
Aque_XP_011404618.2	Apla_XP_022085616.1	96.0	S	0.0
Twil_T_wilhelma_c29644_g1_i1|m.31020	Apla_XP_022085616.1	96.0	S	0.0
Twil_T_wilhelma_c29644_g1_i3|m.31022	Ggal_XP_015131080.1	96.0	S	0.0
Aque_XP_011404618.2	Ggal_XP_015131080.1	96.0	S	0.0
Twil_T_wilhelma_c29644_g1_i1|m.31020	Ggal_XP_015131080.1	96.0	S	0.0
Twil_T_wilhelma_c29644_g1_i3|m.31022	Hsap_XP_047285649.1	96.0	S	0.0
Aque_XP_011404618.2	Hsap_XP_047285649.1	96.0	S	0.0
Twil_T_wilhelma_c29644_g1_i1|m.31020	Hsap_XP_047285649.1	96.0	S	0.0
Twil_T_wilhelma_c29644_g1_i3|m.31022	Smed_h1SMcT0005069.5	96.0	S	0.0
Aque_XP_011404618.2	Smed_h1SMcT0005069.5	96.0	S	0.0
Twil_T_wilhelma_c29644_g1_i1|m.31020	Smed_h1SMcT0005069.5	96.0	S	0.0
Twil_T_wilhelma_c29644_g1_i3|m.31022	Ggal_XP_004945615.1	96.0	S	0.0
Aque_XP_011404618.2	Ggal_XP_004945615.1	96.0	S	0.0
Twil_T_wilhelma_c29644_g1_i1|m.31020	Ggal_XP_004945615.1	96.0	S	0.0
Twil_T_wilhelma_c29644_g1_i3|m.31022	Hsap_XP_047285637.1	96.0	S	0.0
Aque_XP_011404618.2	Hsap_XP_047285637.1	96.0	S	0.0
Twil_T_wilhelma_c29644_g1_i1|m.31020	Hsap_XP_047285637.1	96.0	S	0.0
Twil_T_wilhelma_c29644_g1_i3|m.31022	Ggal_XP_040504334.1	96.0	S	0.0
Aque_XP_011404618.2	Ggal_XP_040504334.1	96.0	S	0.0
Twil_T_wilhelma_c29644_g1_i1|m.31020	Ggal_XP_040504334.1	96.0	S	0.0
Twil_T_wilhelma_c29644_g1_i3|m.31022	Xtro_XP_031748491.1	96.0	S	0.0
Aque_XP_011404618.2	Xtro_XP_031748491.1	96.0	S	0.0
Twil_T_wilhelma_c29644_g1_i1|m.31020	Xtro_XP_031748491.1	96.0	S	0.0
Twil_T_wilhelma_c29644_g1_i3|m.31022	Smed_h1SMcT0005069.1	96.0	S	0.0
Aque_XP_011404618.2	Smed_h1SMcT0005069.1	96.0	S	0.0
Twil_T_wilhelma_c29644_g1_i1|m.31020	Smed_h1SMcT0005069.1	96.0	S	0.0
Twil_T_wilhelma_c29644_g1_i3|m.31022	Ggal_XP_004945614.1	96.0	S	0.0
Aque_XP_011404618.2	Ggal_XP_004945614.1	96.0	S	0.0
Twil_T_wilhelma_c29644_g1_i1|m.31020	Ggal_XP_004945614.1	96.0	S	0.0
Twil_T_wilhelma_c29644_g1_i3|m.31022	Hsap_XP_047285663.1	96.0	S	0.0
Aque_XP_011404618.2	Hsap_XP_047285663.1	96.0	S	0.0
Twil_T_wilhelma_c29644_g1_i1|m.31020	Hsap_XP_047285663.1	96.0	S	0.0
Twil_T_wilhelma_c29644_g1_i3|m.31022	Hsap_XP_047285661.1	96.0	S	0.0
Aque_XP_011404618.2	Hsap_XP_047285661.1	96.0	S	0.0
Twil_T_wilhelma_c29644_g1_i1|m.31020	Hsap_XP_047285661.1	96.0	S	0.0
Twil_T_wilhelma_c29644_g1_i3|m.31022	Hsap_XP_047285657.1	96.0	S	0.0
Aque_XP_011404618.2	Hsap_XP_047285657.1	96.0	S	0.0
Twil_T_wilhelma_c29644_g1_i1|m.31020	Hsap_XP_047285657.1	96.0	S	0.0
Twil_T_wilhelma_c29644_g1_i3|m.31022	Bmor_XP_021205389.1	96.0	S	0.0
Aque_XP_011404618.2	Bmor_XP_021205389.1	96.0	S	0.0
Twil_T_wilhelma_c29644_g1_i1|m.31020	Bmor_XP_021205389.1	96.0	S	0.0
Twil_T_wilhelma_c29644_g1_i3|m.31022	Hsap_XP_047285671.1	96.0	S	0.0
Aque_XP_011404618.2	Hsap_XP_047285671.1	96.0	S	0.0
Twil_T_wilhelma_c29644_g1_i1|m.31020	Hsap_XP_047285671.1	96.0	S	0.0
Twil_T_wilhelma_c29644_g1_i3|m.31022	Lpol_XP_022243928.1	96.0	S	0.0
Aque_XP_011404618.2	Lpol_XP_022243928.1	96.0	S	0.0
Twil_T_wilhelma_c29644_g1_i1|m.31020	Lpol_XP_022243928.1	96.0	S	0.0
Twil_T_wilhelma_c29644_g1_i3|m.31022	Hsap_XP_047285639.1	96.0	S	0.0
Aque_XP_011404618.2	Hsap_XP_047285639.1	96.0	S	0.0
Twil_T_wilhelma_c29644_g1_i1|m.31020	Hsap_XP_047285639.1	96.0	S	0.0
Twil_T_wilhelma_c29644_g1_i3|m.31022	Dpul_XP_046452222.1	96.0	S	0.0
Aque_XP_011404618.2	Dpul_XP_046452222.1	96.0	S	0.0
Twil_T_wilhelma_c29644_g1_i1|m.31020	Dpul_XP_046452222.1	96.0	S	0.0
Twil_T_wilhelma_c29644_g1_i3|m.31022	Hrob_XP_009031639.1	96.0	S	0.0
Aque_XP_011404618.2	Hrob_XP_009031639.1	96.0	S	0.0
Twil_T_wilhelma_c29644_g1_i1|m.31020	Hrob_XP_009031639.1	96.0	S	0.0
Twil_T_wilhelma_c29644_g1_i3|m.31022	Cint_NP_001071898.1	96.0	S	0.0
Aque_XP_011404618.2	Cint_NP_001071898.1	96.0	S	0.0
Twil_T_wilhelma_c29644_g1_i1|m.31020	Cint_NP_001071898.1	96.0	S	0.0
Twil_T_wilhelma_c29644_g1_i3|m.31022	Hsap_XP_047285640.1	96.0	S	0.0
Aque_XP_011404618.2	Hsap_XP_047285640.1	96.0	S	0.0
Twil_T_wilhelma_c29644_g1_i1|m.31020	Hsap_XP_047285640.1	96.0	S	0.0
Twil_T_wilhelma_c29644_g1_i3|m.31022	Hsap_XP_047285669.1	96.0	S	0.0
Aque_XP_011404618.2	Hsap_XP_047285669.1	96.0	S	0.0
Twil_T_wilhelma_c29644_g1_i1|m.31020	Hsap_XP_047285669.1	96.0	S	0.0
Twil_T_wilhelma_c29644_g1_i3|m.31022	Ggal_XP_004945612.1	96.0	S	0.0
Aque_XP_011404618.2	Ggal_XP_004945612.1	96.0	S	0.0
Twil_T_wilhelma_c29644_g1_i1|m.31020	Ggal_XP_004945612.1	96.0	S	0.0
Twil_T_wilhelma_c29644_g1_i3|m.31022	Hsap_XP_047285659.1	96.0	S	0.0
Aque_XP_011404618.2	Hsap_XP_047285659.1	96.0	S	0.0
Twil_T_wilhelma_c29644_g1_i1|m.31020	Hsap_XP_047285659.1	96.0	S	0.0
Twil_T_wilhelma_c29644_g1_i3|m.31022	Scil_XP_065189801.1	96.0	S	0.0
Aque_XP_011404618.2	Scil_XP_065189801.1	96.0	S	0.0
Twil_T_wilhelma_c29644_g1_i1|m.31020	Scil_XP_065189801.1	96.0	S	0.0
Twil_T_wilhelma_c29644_g1_i3|m.31022	Hsap_XP_047285658.1	96.0	S	0.0
Aque_XP_011404618.2	Hsap_XP_047285658.1	96.0	S	0.0
Twil_T_wilhelma_c29644_g1_i1|m.31020	Hsap_XP_047285658.1	96.0	S	0.0
Twil_T_wilhelma_c29644_g1_i3|m.31022	Lpol_XP_022243922.1	96.0	S	0.0
Aque_XP_011404618.2	Lpol_XP_022243922.1	96.0	S	0.0
Twil_T_wilhelma_c29644_g1_i1|m.31020	Lpol_XP_022243922.1	96.0	S	0.0
Twil_T_wilhelma_c29644_g1_i3|m.31022	Xtro_XP_031748506.1	96.0	S	0.0
Aque_XP_011404618.2	Xtro_XP_031748506.1	96.0	S	0.0
Twil_T_wilhelma_c29644_g1_i1|m.31020	Xtro_XP_031748506.1	96.0	S	0.0
Twil_T_wilhelma_c29644_g1_i3|m.31022	Apla_XP_022085617.1	96.0	S	0.0
Aque_XP_011404618.2	Apla_XP_022085617.1	96.0	S	0.0
Twil_T_wilhelma_c29644_g1_i1|m.31020	Apla_XP_022085617.1	96.0	S	0.0
Twil_T_wilhelma_c29644_g1_i3|m.31022	Dpul_XP_046452221.1	96.0	S	0.0
Aque_XP_011404618.2	Dpul_XP_046452221.1	96.0	S	0.0
Twil_T_wilhelma_c29644_g1_i1|m.31020	Dpul_XP_046452221.1	96.0	S	0.0
Twil_T_wilhelma_c29644_g1_i3|m.31022	Hsap_XP_047285665.1	96.0	S	0.0
Aque_XP_011404618.2	Hsap_XP_047285665.1	96.0	S	0.0
Twil_T_wilhelma_c29644_g1_i1|m.31020	Hsap_XP_047285665.1	96.0	S	0.0
Twil_T_wilhelma_c29644_g1_i3|m.31022	Hsap_XP_005254013.1	96.0	S	0.0
Aque_XP_011404618.2	Hsap_XP_005254013.1	96.0	S	0.0
Twil_T_wilhelma_c29644_g1_i1|m.31020	Hsap_XP_005254013.1	96.0	S	0.0
Twil_T_wilhelma_c29644_g1_i3|m.31022	Agrpla_XP_018328670.2	96.0	S	0.0
Aque_XP_011404618.2	Agrpla_XP_018328670.2	96.0	S	0.0
Twil_T_wilhelma_c29644_g1_i1|m.31020	Agrpla_XP_018328670.2	96.0	S	0.0
Twil_T_wilhelma_c29644_g1_i3|m.31022	Ggal_XP_004945610.1	96.0	S	0.0
Aque_XP_011404618.2	Ggal_XP_004945610.1	96.0	S	0.0
Twil_T_wilhelma_c29644_g1_i1|m.31020	Ggal_XP_004945610.1	96.0	S	0.0
Twil_T_wilhelma_c29644_g1_i3|m.31022	Smed_h1SMcT0005069.4	96.0	S	0.0
Aque_XP_011404618.2	Smed_h1SMcT0005069.4	96.0	S	0.0
Twil_T_wilhelma_c29644_g1_i1|m.31020	Smed_h1SMcT0005069.4	96.0	S	0.0
Twil_T_wilhelma_c29644_g1_i3|m.31022	Hsap_XP_047285644.1	96.0	S	0.0
Aque_XP_011404618.2	Hsap_XP_047285644.1	96.0	S	0.0
Twil_T_wilhelma_c29644_g1_i1|m.31020	Hsap_XP_047285644.1	96.0	S	0.0
Twil_T_wilhelma_c29644_g1_i3|m.31022	Hsap_XP_047285662.1	96.0	S	0.0
Aque_XP_011404618.2	Hsap_XP_047285662.1	96.0	S	0.0
Twil_T_wilhelma_c29644_g1_i1|m.31020	Hsap_XP_047285662.1	96.0	S	0.0
Twil_T_wilhelma_c29644_g1_i3|m.31022	Lpol_XP_022243923.1	96.0	S	0.0
Aque_XP_011404618.2	Lpol_XP_022243923.1	96.0	S	0.0
Twil_T_wilhelma_c29644_g1_i1|m.31020	Lpol_XP_022243923.1	96.0	S	0.0
Twil_T_wilhelma_c29644_g1_i3|m.31022	Apimel_XP_026294963.1	96.0	S	0.0
Aque_XP_011404618.2	Apimel_XP_026294963.1	96.0	S	0.0
Twil_T_wilhelma_c29644_g1_i1|m.31020	Apimel_XP_026294963.1	96.0	S	0.0
Twil_T_wilhelma_c29644_g1_i3|m.31022	Xtro_NP_001011176.1	96.0	S	0.0
Aque_XP_011404618.2	Xtro_NP_001011176.1	96.0	S	0.0
Twil_T_wilhelma_c29644_g1_i1|m.31020	Xtro_NP_001011176.1	96.0	S	0.0
Twil_T_wilhelma_c29644_g1_i3|m.31022	Hsap_XP_047285655.1	96.0	S	0.0
Aque_XP_011404618.2	Hsap_XP_047285655.1	96.0	S	0.0
Twil_T_wilhelma_c29644_g1_i1|m.31020	Hsap_XP_047285655.1	96.0	S	0.0
Twil_T_wilhelma_c29644_g1_i3|m.31022	Hsap_XP_047285654.1	96.0	S	0.0
Aque_XP_011404618.2	Hsap_XP_047285654.1	96.0	S	0.0
Twil_T_wilhelma_c29644_g1_i1|m.31020	Hsap_XP_047285654.1	96.0	S	0.0
Twil_T_wilhelma_c29644_g1_i3|m.31022	Ofus_CAH1801472.1	96.0	S	0.0
Aque_XP_011404618.2	Ofus_CAH1801472.1	96.0	S	0.0
Twil_T_wilhelma_c29644_g1_i1|m.31020	Ofus_CAH1801472.1	96.0	S	0.0
Twil_T_wilhelma_c29644_g1_i3|m.31022	Hsap_XP_047285653.1	96.0	S	0.0
Aque_XP_011404618.2	Hsap_XP_047285653.1	96.0	S	0.0
Twil_T_wilhelma_c29644_g1_i1|m.31020	Hsap_XP_047285653.1	96.0	S	0.0
Twil_T_wilhelma_c29644_g1_i3|m.31022	Hsap_XP_047285670.1	96.0	S	0.0
Aque_XP_011404618.2	Hsap_XP_047285670.1	96.0	S	0.0
Twil_T_wilhelma_c29644_g1_i1|m.31020	Hsap_XP_047285670.1	96.0	S	0.0
Twil_T_wilhelma_c29644_g1_i3|m.31022	Hsap_NP_115979.3	96.0	S	0.0
Aque_XP_011404618.2	Hsap_NP_115979.3	96.0	S	0.0
Twil_T_wilhelma_c29644_g1_i1|m.31020	Hsap_NP_115979.3	96.0	S	0.0
Twil_T_wilhelma_c29644_g1_i3|m.31022	Lpol_XP_022243926.1	96.0	S	0.0
Aque_XP_011404618.2	Lpol_XP_022243926.1	96.0	S	0.0
Twil_T_wilhelma_c29644_g1_i1|m.31020	Lpol_XP_022243926.1	96.0	S	0.0
Twil_T_wilhelma_c29644_g1_i3|m.31022	Hsap_XP_047285638.1	96.0	S	0.0
Aque_XP_011404618.2	Hsap_XP_047285638.1	96.0	S	0.0
Twil_T_wilhelma_c29644_g1_i1|m.31020	Hsap_XP_047285638.1	96.0	S	0.0
Twil_T_wilhelma_c29644_g1_i3|m.31022	Hsap_XP_047285652.1	96.0	S	0.0
Aque_XP_011404618.2	Hsap_XP_047285652.1	96.0	S	0.0
Twil_T_wilhelma_c29644_g1_i1|m.31020	Hsap_XP_047285652.1	96.0	S	0.0
Twil_T_wilhelma_c29644_g1_i3|m.31022	Hsap_XP_047285664.1	96.0	S	0.0
Aque_XP_011404618.2	Hsap_XP_047285664.1	96.0	S	0.0
Twil_T_wilhelma_c29644_g1_i1|m.31020	Hsap_XP_047285664.1	96.0	S	0.0
Twil_T_wilhelma_c29644_g1_i3|m.31022	Lpol_XP_022243925.1	96.0	S	0.0
Aque_XP_011404618.2	Lpol_XP_022243925.1	96.0	S	0.0
Twil_T_wilhelma_c29644_g1_i1|m.31020	Lpol_XP_022243925.1	96.0	S	0.0
Twil_T_wilhelma_c29644_g1_i3|m.31022	Xtro_XP_031748498.1	96.0	S	0.0
Aque_XP_011404618.2	Xtro_XP_031748498.1	96.0	S	0.0
Twil_T_wilhelma_c29644_g1_i1|m.31020	Xtro_XP_031748498.1	96.0	S	0.0
Twil_T_wilhelma_c29644_g1_i3|m.31022	Ggal_XP_004945616.1	96.0	S	0.0
Aque_XP_011404618.2	Ggal_XP_004945616.1	96.0	S	0.0
Twil_T_wilhelma_c29644_g1_i1|m.31020	Ggal_XP_004945616.1	96.0	S	0.0
Twil_T_wilhelma_c29644_g1_i3|m.31022	Xtro_XP_031748490.1	96.0	S	0.0
Aque_XP_011404618.2	Xtro_XP_031748490.1	96.0	S	0.0
Twil_T_wilhelma_c29644_g1_i1|m.31020	Xtro_XP_031748490.1	96.0	S	0.0
Twil_T_wilhelma_c29644_g1_i3|m.31022	Hsap_XP_047285646.1	96.0	S	0.0
Aque_XP_011404618.2	Hsap_XP_047285646.1	96.0	S	0.0
Twil_T_wilhelma_c29644_g1_i1|m.31020	Hsap_XP_047285646.1	96.0	S	0.0
Twil_T_wilhelma_c29644_g1_i3|m.31022	Pvan_XP_069969648.1	96.0	S	0.0
Aque_XP_011404618.2	Pvan_XP_069969648.1	96.0	S	0.0
Twil_T_wilhelma_c29644_g1_i1|m.31020	Pvan_XP_069969648.1	96.0	S	0.0
Twil_T_wilhelma_c29644_g1_i3|m.31022	Hsap_XP_047285668.1	96.0	S	0.0
Aque_XP_011404618.2	Hsap_XP_047285668.1	96.0	S	0.0
Twil_T_wilhelma_c29644_g1_i1|m.31020	Hsap_XP_047285668.1	96.0	S	0.0
Twil_T_wilhelma_c29644_g1_i3|m.31022	Tadh_XP_002108337.1	96.0	S	0.0
Aque_XP_011404618.2	Tadh_XP_002108337.1	96.0	S	0.0
Twil_T_wilhelma_c29644_g1_i1|m.31020	Tadh_XP_002108337.1	96.0	S	0.0
Twil_T_wilhelma_c29644_g1_i3|m.31022	Hsap_XP_006718543.1	96.0	S	0.0
Aque_XP_011404618.2	Hsap_XP_006718543.1	96.0	S	0.0
Twil_T_wilhelma_c29644_g1_i1|m.31020	Hsap_XP_006718543.1	96.0	S	0.0
Twil_T_wilhelma_c29644_g1_i3|m.31022	Hsap_XP_047285667.1	96.0	S	0.0
Aque_XP_011404618.2	Hsap_XP_047285667.1	96.0	S	0.0
Twil_T_wilhelma_c29644_g1_i1|m.31020	Hsap_XP_047285667.1	96.0	S	0.0
Twil_T_wilhelma_c29644_g1_i3|m.31022	Hsap_XP_047282579.1	96.0	S	0.0
Aque_XP_011404618.2	Hsap_XP_047282579.1	96.0	S	0.0
Twil_T_wilhelma_c29644_g1_i1|m.31020	Hsap_XP_047282579.1	96.0	S	0.0
Twil_T_wilhelma_c29644_g1_i3|m.31022	Xtro_XP_031748515.1	96.0	S	0.0
Aque_XP_011404618.2	Xtro_XP_031748515.1	96.0	S	0.0
Twil_T_wilhelma_c29644_g1_i1|m.31020	Xtro_XP_031748515.1	96.0	S	0.0
Twil_T_wilhelma_c29644_g1_i3|m.31022	Hsap_NP_001005366.1	96.0	S	0.0
Aque_XP_011404618.2	Hsap_NP_001005366.1	96.0	S	0.0
Twil_T_wilhelma_c29644_g1_i1|m.31020	Hsap_NP_001005366.1	96.0	S	0.0
Twil_T_wilhelma_c29644_g1_i3|m.31022	Lpol_XP_013776610.2	96.0	S	0.0
Aque_XP_011404618.2	Lpol_XP_013776610.2	96.0	S	0.0
Twil_T_wilhelma_c29644_g1_i1|m.31020	Lpol_XP_013776610.2	96.0	S	0.0
Twil_T_wilhelma_c29644_g1_i3|m.31022	Hsap_XP_005254012.1	96.0	S	0.0
Aque_XP_011404618.2	Hsap_XP_005254012.1	96.0	S	0.0
Twil_T_wilhelma_c29644_g1_i1|m.31020	Hsap_XP_005254012.1	96.0	S	0.0
Twil_T_wilhelma_c29644_g1_i3|m.31022	Avag_UJR09124.1	96.0	S	0.0
Aque_XP_011404618.2	Avag_UJR09124.1	96.0	S	0.0
Twil_T_wilhelma_c29644_g1_i1|m.31020	Avag_UJR09124.1	96.0	S	0.0
Twil_T_wilhelma_c29644_g1_i3|m.31022	Hsap_XP_047285656.1	96.0	S	0.0
Aque_XP_011404618.2	Hsap_XP_047285656.1	96.0	S	0.0
Twil_T_wilhelma_c29644_g1_i1|m.31020	Hsap_XP_047285656.1	96.0	S	0.0
Twil_T_wilhelma_c29644_g1_i3|m.31022	Hsap_XP_011537169.2	96.0	S	0.0
Aque_XP_011404618.2	Hsap_XP_011537169.2	96.0	S	0.0
Twil_T_wilhelma_c29644_g1_i1|m.31020	Hsap_XP_011537169.2	96.0	S	0.0
Ever_VDD88057.1	Lloa_XP_020303735.1	99.0	S	0.0
Ever_VDD88057.1	Bmal_XP_042933214.1	99.0	S	0.0
Ever_VDD88057.1	Avit_KAL4002845.1	99.0	S	0.0
Ever_VDD88057.1	Ovol_OVOC8642	99.0	S	0.0
Ever_VDD88057.1	Avit_KAL4002846.1	99.0	S	0.0
Priarc_PARCANUS000003063.t1	Acey_EYC20807.1	100.0	S	0.0
Priarc_PARCANUS000008636.t1	Acey_EYC20807.1	100.0	S	0.0
Mjap_MIJAPON000001293.t1	Acey_EYC20807.1	100.0	S	0.0
Priarc_PARCANUS000003453.t1	Acey_EYC20807.1	100.0	S	0.0
Priarc_PARCANUS000003063.t1	Otip_Oti_2625_t	100.0	S	0.0
Priarc_PARCANUS000008636.t1	Otip_Oti_2625_t	100.0	S	0.0
Mjap_MIJAPON000001293.t1	Otip_Oti_2625_t	100.0	S	0.0
Priarc_PARCANUS000003453.t1	Otip_Oti_2625_t	100.0	S	0.0
Priarc_PARCANUS000003063.t1	Diplco_DCO_002927	100.0	S	0.0
Priarc_PARCANUS000008636.t1	Diplco_DCO_002927	100.0	S	0.0
Mjap_MIJAPON000001293.t1	Diplco_DCO_002927	100.0	S	0.0
Priarc_PARCANUS000003453.t1	Diplco_DCO_002927	100.0	S	0.0
Priarc_PARCANUS000003063.t1	Angcan_KAE9420235.1	100.0	S	0.0
Priarc_PARCANUS000008636.t1	Angcan_KAE9420235.1	100.0	S	0.0
Mjap_MIJAPON000001293.t1	Angcan_KAE9420235.1	100.0	S	0.0
Priarc_PARCANUS000003453.t1	Angcan_KAE9420235.1	100.0	S	0.0
Priarc_PARCANUS000003063.t1	Cele_NP_498418.3	100.0	S	0.0
Priarc_PARCANUS000008636.t1	Cele_NP_498418.3	100.0	S	0.0
Mjap_MIJAPON000001293.t1	Cele_NP_498418.3	100.0	S	0.0
Priarc_PARCANUS000003453.t1	Cele_NP_498418.3	100.0	S	0.0
Priarc_PARCANUS000003063.t1	Diplco_DCO_002928	100.0	S	0.0
Priarc_PARCANUS000008636.t1	Diplco_DCO_002928	100.0	S	0.0
Mjap_MIJAPON000001293.t1	Diplco_DCO_002928	100.0	S	0.0
Priarc_PARCANUS000003453.t1	Diplco_DCO_002928	100.0	S	0.0
Priarc_PARCANUS000003063.t1	Hcon_XGW16588.1	100.0	S	0.0
Priarc_PARCANUS000008636.t1	Hcon_XGW16588.1	100.0	S	0.0
Mjap_MIJAPON000001293.t1	Hcon_XGW16588.1	100.0	S	0.0
Priarc_PARCANUS000003453.t1	Hcon_XGW16588.1	100.0	S	0.0
Priarc_PARCANUS000003063.t1	Cele_NP_498419.3	100.0	S	0.0
Priarc_PARCANUS000008636.t1	Cele_NP_498419.3	100.0	S	0.0
Mjap_MIJAPON000001293.t1	Cele_NP_498419.3	100.0	S	0.0
Priarc_PARCANUS000003453.t1	Cele_NP_498419.3	100.0	S	0.0
Priarc_PARCANUS000003063.t1	Hpol_VDO64892.1	100.0	S	0.0
Priarc_PARCANUS000008636.t1	Hpol_VDO64892.1	100.0	S	0.0
Mjap_MIJAPON000001293.t1	Hpol_VDO64892.1	100.0	S	0.0
Priarc_PARCANUS000003453.t1	Hpol_VDO64892.1	100.0	S	0.0
Priarc_PARCANUS000003063.t1	Hcon_XGW16589.1	100.0	S	0.0
Priarc_PARCANUS000008636.t1	Hcon_XGW16589.1	100.0	S	0.0
Mjap_MIJAPON000001293.t1	Hcon_XGW16589.1	100.0	S	0.0
Priarc_PARCANUS000003453.t1	Hcon_XGW16589.1	100.0	S	0.0
Priarc_PARCANUS000003063.t1	Mbel_CAJ0962955.1	100.0	S	0.0
Priarc_PARCANUS000008636.t1	Mbel_CAJ0962955.1	100.0	S	0.0
Mjap_MIJAPON000001293.t1	Mbel_CAJ0962955.1	100.0	S	0.0
Priarc_PARCANUS000003453.t1	Mbel_CAJ0962955.1	100.0	S	0.0
Sarc_XP_014161452.1	Cfra_CFRG5440T1	100.0	S	0.0
Mpol_BFI28826.1	Smoe_XP_024527750.1	100.0	S	0.0
Mpol_BFI28825.1	Smoe_XP_024527750.1	100.0	S	0.0
Mpol_BFI28826.1	Smoe_XP_024528476.1	100.0	S	0.0
Mpol_BFI28825.1	Smoe_XP_024528476.1	100.0	S	0.0
Aque_XP_011404618.2	Twil_T_wilhelma_c29644_g1_i3|m.31022	100.0	S	0.0
Aque_XP_011404618.2	Twil_T_wilhelma_c29644_g1_i1|m.31020	100.0	S	0.0
Smed_h1SMcT0005069.5	Lana_XP_013394792.1	87.0	S	0.0
Smed_h1SMcT0005069.1	Lana_XP_013394792.1	87.0	S	0.0
Smed_h1SMcT0005069.4	Lana_XP_013394792.1	87.0	S	0.0
Avag_UJR09124.1	Lana_XP_013394792.1	87.0	S	0.0
Smed_h1SMcT0005069.5	Lpol_XP_013778988.1	87.0	S	0.0
Smed_h1SMcT0005069.1	Lpol_XP_013778988.1	87.0	S	0.0
Smed_h1SMcT0005069.4	Lpol_XP_013778988.1	87.0	S	0.0
Avag_UJR09124.1	Lpol_XP_013778988.1	87.0	S	0.0
Smed_h1SMcT0005069.5	Drer_NP_001410477.1	87.0	S	0.0
Smed_h1SMcT0005069.1	Drer_NP_001410477.1	87.0	S	0.0
Smed_h1SMcT0005069.4	Drer_NP_001410477.1	87.0	S	0.0
Avag_UJR09124.1	Drer_NP_001410477.1	87.0	S	0.0
Smed_h1SMcT0005069.5	Hsap_XP_047285666.1	87.0	S	0.0
Smed_h1SMcT0005069.1	Hsap_XP_047285666.1	87.0	S	0.0
Smed_h1SMcT0005069.4	Hsap_XP_047285666.1	87.0	S	0.0
Avag_UJR09124.1	Hsap_XP_047285666.1	87.0	S	0.0
Smed_h1SMcT0005069.5	Bmor_XP_004928906.1	87.0	S	0.0
Smed_h1SMcT0005069.1	Bmor_XP_004928906.1	87.0	S	0.0
Smed_h1SMcT0005069.4	Bmor_XP_004928906.1	87.0	S	0.0
Avag_UJR09124.1	Bmor_XP_004928906.1	87.0	S	0.0
Smed_h1SMcT0005069.5	Ggal_XP_004945618.1	87.0	S	0.0
Smed_h1SMcT0005069.1	Ggal_XP_004945618.1	87.0	S	0.0
Smed_h1SMcT0005069.4	Ggal_XP_004945618.1	87.0	S	0.0
Avag_UJR09124.1	Ggal_XP_004945618.1	87.0	S	0.0
Smed_h1SMcT0005069.5	Lpol_XP_022243927.1	87.0	S	0.0
Smed_h1SMcT0005069.1	Lpol_XP_022243927.1	87.0	S	0.0
Smed_h1SMcT0005069.4	Lpol_XP_022243927.1	87.0	S	0.0
Avag_UJR09124.1	Lpol_XP_022243927.1	87.0	S	0.0
Smed_h1SMcT0005069.5	Ggal_XP_046757210.1	87.0	S	0.0
Smed_h1SMcT0005069.1	Ggal_XP_046757210.1	87.0	S	0.0
Smed_h1SMcT0005069.4	Ggal_XP_046757210.1	87.0	S	0.0
Avag_UJR09124.1	Ggal_XP_046757210.1	87.0	S	0.0
Smed_h1SMcT0005069.5	Drer_XP_068079819.1	87.0	S	0.0
Smed_h1SMcT0005069.1	Drer_XP_068079819.1	87.0	S	0.0
Smed_h1SMcT0005069.4	Drer_XP_068079819.1	87.0	S	0.0
Avag_UJR09124.1	Drer_XP_068079819.1	87.0	S	0.0
Smed_h1SMcT0005069.5	Ggal_XP_025011399.1	87.0	S	0.0
Smed_h1SMcT0005069.1	Ggal_XP_025011399.1	87.0	S	0.0
Smed_h1SMcT0005069.4	Ggal_XP_025011399.1	87.0	S	0.0
Avag_UJR09124.1	Ggal_XP_025011399.1	87.0	S	0.0
Smed_h1SMcT0005069.5	Hsap_XP_047285648.1	87.0	S	0.0
Smed_h1SMcT0005069.1	Hsap_XP_047285648.1	87.0	S	0.0
Smed_h1SMcT0005069.4	Hsap_XP_047285648.1	87.0	S	0.0
Avag_UJR09124.1	Hsap_XP_047285648.1	87.0	S	0.0
Smed_h1SMcT0005069.5	Lpol_XP_022243924.1	87.0	S	0.0
Smed_h1SMcT0005069.1	Lpol_XP_022243924.1	87.0	S	0.0
Smed_h1SMcT0005069.4	Lpol_XP_022243924.1	87.0	S	0.0
Avag_UJR09124.1	Lpol_XP_022243924.1	87.0	S	0.0
Smed_h1SMcT0005069.5	Hsap_XP_047285660.1	87.0	S	0.0
Smed_h1SMcT0005069.1	Hsap_XP_047285660.1	87.0	S	0.0
Smed_h1SMcT0005069.4	Hsap_XP_047285660.1	87.0	S	0.0
Avag_UJR09124.1	Hsap_XP_047285660.1	87.0	S	0.0
Smed_h1SMcT0005069.5	Agrpla_XP_025836100.1	87.0	S	0.0
Smed_h1SMcT0005069.1	Agrpla_XP_025836100.1	87.0	S	0.0
Smed_h1SMcT0005069.4	Agrpla_XP_025836100.1	87.0	S	0.0
Avag_UJR09124.1	Agrpla_XP_025836100.1	87.0	S	0.0
Smed_h1SMcT0005069.5	Ggal_XP_004945613.1	87.0	S	0.0
Smed_h1SMcT0005069.1	Ggal_XP_004945613.1	87.0	S	0.0
Smed_h1SMcT0005069.4	Ggal_XP_004945613.1	87.0	S	0.0
Avag_UJR09124.1	Ggal_XP_004945613.1	87.0	S	0.0
Smed_h1SMcT0005069.5	Apla_XP_022085616.1	87.0	S	0.0
Smed_h1SMcT0005069.1	Apla_XP_022085616.1	87.0	S	0.0
Smed_h1SMcT0005069.4	Apla_XP_022085616.1	87.0	S	0.0
Avag_UJR09124.1	Apla_XP_022085616.1	87.0	S	0.0
Smed_h1SMcT0005069.5	Ggal_XP_015131080.1	87.0	S	0.0
Smed_h1SMcT0005069.1	Ggal_XP_015131080.1	87.0	S	0.0
Smed_h1SMcT0005069.4	Ggal_XP_015131080.1	87.0	S	0.0
Avag_UJR09124.1	Ggal_XP_015131080.1	87.0	S	0.0
Smed_h1SMcT0005069.5	Hsap_XP_047285649.1	87.0	S	0.0
Smed_h1SMcT0005069.1	Hsap_XP_047285649.1	87.0	S	0.0
Smed_h1SMcT0005069.4	Hsap_XP_047285649.1	87.0	S	0.0
Avag_UJR09124.1	Hsap_XP_047285649.1	87.0	S	0.0
Smed_h1SMcT0005069.5	Ggal_XP_004945615.1	87.0	S	0.0
Smed_h1SMcT0005069.1	Ggal_XP_004945615.1	87.0	S	0.0
Smed_h1SMcT0005069.4	Ggal_XP_004945615.1	87.0	S	0.0
Avag_UJR09124.1	Ggal_XP_004945615.1	87.0	S	0.0
Smed_h1SMcT0005069.5	Hsap_XP_047285637.1	87.0	S	0.0
Smed_h1SMcT0005069.1	Hsap_XP_047285637.1	87.0	S	0.0
Smed_h1SMcT0005069.4	Hsap_XP_047285637.1	87.0	S	0.0
Avag_UJR09124.1	Hsap_XP_047285637.1	87.0	S	0.0
Smed_h1SMcT0005069.5	Ggal_XP_040504334.1	87.0	S	0.0
Smed_h1SMcT0005069.1	Ggal_XP_040504334.1	87.0	S	0.0
Smed_h1SMcT0005069.4	Ggal_XP_040504334.1	87.0	S	0.0
Avag_UJR09124.1	Ggal_XP_040504334.1	87.0	S	0.0
Smed_h1SMcT0005069.5	Xtro_XP_031748491.1	87.0	S	0.0
Smed_h1SMcT0005069.1	Xtro_XP_031748491.1	87.0	S	0.0
Smed_h1SMcT0005069.4	Xtro_XP_031748491.1	87.0	S	0.0
Avag_UJR09124.1	Xtro_XP_031748491.1	87.0	S	0.0
Smed_h1SMcT0005069.5	Ggal_XP_004945614.1	87.0	S	0.0
Smed_h1SMcT0005069.1	Ggal_XP_004945614.1	87.0	S	0.0
Smed_h1SMcT0005069.4	Ggal_XP_004945614.1	87.0	S	0.0
Avag_UJR09124.1	Ggal_XP_004945614.1	87.0	S	0.0
Smed_h1SMcT0005069.5	Hsap_XP_047285663.1	87.0	S	0.0
Smed_h1SMcT0005069.1	Hsap_XP_047285663.1	87.0	S	0.0
Smed_h1SMcT0005069.4	Hsap_XP_047285663.1	87.0	S	0.0
Avag_UJR09124.1	Hsap_XP_047285663.1	87.0	S	0.0
Smed_h1SMcT0005069.5	Hsap_XP_047285661.1	87.0	S	0.0
Smed_h1SMcT0005069.1	Hsap_XP_047285661.1	87.0	S	0.0
Smed_h1SMcT0005069.4	Hsap_XP_047285661.1	87.0	S	0.0
Avag_UJR09124.1	Hsap_XP_047285661.1	87.0	S	0.0
Smed_h1SMcT0005069.5	Hsap_XP_047285657.1	87.0	S	0.0
Smed_h1SMcT0005069.1	Hsap_XP_047285657.1	87.0	S	0.0
Smed_h1SMcT0005069.4	Hsap_XP_047285657.1	87.0	S	0.0
Avag_UJR09124.1	Hsap_XP_047285657.1	87.0	S	0.0
Smed_h1SMcT0005069.5	Bmor_XP_021205389.1	87.0	S	0.0
Smed_h1SMcT0005069.1	Bmor_XP_021205389.1	87.0	S	0.0
Smed_h1SMcT0005069.4	Bmor_XP_021205389.1	87.0	S	0.0
Avag_UJR09124.1	Bmor_XP_021205389.1	87.0	S	0.0
Smed_h1SMcT0005069.5	Hsap_XP_047285671.1	87.0	S	0.0
Smed_h1SMcT0005069.1	Hsap_XP_047285671.1	87.0	S	0.0
Smed_h1SMcT0005069.4	Hsap_XP_047285671.1	87.0	S	0.0
Avag_UJR09124.1	Hsap_XP_047285671.1	87.0	S	0.0
Smed_h1SMcT0005069.5	Lpol_XP_022243928.1	87.0	S	0.0
Smed_h1SMcT0005069.1	Lpol_XP_022243928.1	87.0	S	0.0
Smed_h1SMcT0005069.4	Lpol_XP_022243928.1	87.0	S	0.0
Avag_UJR09124.1	Lpol_XP_022243928.1	87.0	S	0.0
Smed_h1SMcT0005069.5	Hsap_XP_047285639.1	87.0	S	0.0
Smed_h1SMcT0005069.1	Hsap_XP_047285639.1	87.0	S	0.0
Smed_h1SMcT0005069.4	Hsap_XP_047285639.1	87.0	S	0.0
Avag_UJR09124.1	Hsap_XP_047285639.1	87.0	S	0.0
Smed_h1SMcT0005069.5	Dpul_XP_046452222.1	87.0	S	0.0
Smed_h1SMcT0005069.1	Dpul_XP_046452222.1	87.0	S	0.0
Smed_h1SMcT0005069.4	Dpul_XP_046452222.1	87.0	S	0.0
Avag_UJR09124.1	Dpul_XP_046452222.1	87.0	S	0.0
Smed_h1SMcT0005069.5	Hrob_XP_009031639.1	87.0	S	0.0
Smed_h1SMcT0005069.1	Hrob_XP_009031639.1	87.0	S	0.0
Smed_h1SMcT0005069.4	Hrob_XP_009031639.1	87.0	S	0.0
Avag_UJR09124.1	Hrob_XP_009031639.1	87.0	S	0.0
Smed_h1SMcT0005069.5	Cint_NP_001071898.1	87.0	S	0.0
Smed_h1SMcT0005069.1	Cint_NP_001071898.1	87.0	S	0.0
Smed_h1SMcT0005069.4	Cint_NP_001071898.1	87.0	S	0.0
Avag_UJR09124.1	Cint_NP_001071898.1	87.0	S	0.0
Smed_h1SMcT0005069.5	Hsap_XP_047285640.1	87.0	S	0.0
Smed_h1SMcT0005069.1	Hsap_XP_047285640.1	87.0	S	0.0
Smed_h1SMcT0005069.4	Hsap_XP_047285640.1	87.0	S	0.0
Avag_UJR09124.1	Hsap_XP_047285640.1	87.0	S	0.0
Smed_h1SMcT0005069.5	Hsap_XP_047285669.1	87.0	S	0.0
Smed_h1SMcT0005069.1	Hsap_XP_047285669.1	87.0	S	0.0
Smed_h1SMcT0005069.4	Hsap_XP_047285669.1	87.0	S	0.0
Avag_UJR09124.1	Hsap_XP_047285669.1	87.0	S	0.0
Smed_h1SMcT0005069.5	Ggal_XP_004945612.1	87.0	S	0.0
Smed_h1SMcT0005069.1	Ggal_XP_004945612.1	87.0	S	0.0
Smed_h1SMcT0005069.4	Ggal_XP_004945612.1	87.0	S	0.0
Avag_UJR09124.1	Ggal_XP_004945612.1	87.0	S	0.0
Smed_h1SMcT0005069.5	Hsap_XP_047285659.1	87.0	S	0.0
Smed_h1SMcT0005069.1	Hsap_XP_047285659.1	87.0	S	0.0
Smed_h1SMcT0005069.4	Hsap_XP_047285659.1	87.0	S	0.0
Avag_UJR09124.1	Hsap_XP_047285659.1	87.0	S	0.0
Smed_h1SMcT0005069.5	Scil_XP_065189801.1	87.0	S	0.0
Smed_h1SMcT0005069.1	Scil_XP_065189801.1	87.0	S	0.0
Smed_h1SMcT0005069.4	Scil_XP_065189801.1	87.0	S	0.0
Avag_UJR09124.1	Scil_XP_065189801.1	87.0	S	0.0
Smed_h1SMcT0005069.5	Hsap_XP_047285658.1	87.0	S	0.0
Smed_h1SMcT0005069.1	Hsap_XP_047285658.1	87.0	S	0.0
Smed_h1SMcT0005069.4	Hsap_XP_047285658.1	87.0	S	0.0
Avag_UJR09124.1	Hsap_XP_047285658.1	87.0	S	0.0
Smed_h1SMcT0005069.5	Lpol_XP_022243922.1	87.0	S	0.0
Smed_h1SMcT0005069.1	Lpol_XP_022243922.1	87.0	S	0.0
Smed_h1SMcT0005069.4	Lpol_XP_022243922.1	87.0	S	0.0
Avag_UJR09124.1	Lpol_XP_022243922.1	87.0	S	0.0
Smed_h1SMcT0005069.5	Xtro_XP_031748506.1	87.0	S	0.0
Smed_h1SMcT0005069.1	Xtro_XP_031748506.1	87.0	S	0.0
Smed_h1SMcT0005069.4	Xtro_XP_031748506.1	87.0	S	0.0
Avag_UJR09124.1	Xtro_XP_031748506.1	87.0	S	0.0
Smed_h1SMcT0005069.5	Apla_XP_022085617.1	87.0	S	0.0
Smed_h1SMcT0005069.1	Apla_XP_022085617.1	87.0	S	0.0
Smed_h1SMcT0005069.4	Apla_XP_022085617.1	87.0	S	0.0
Avag_UJR09124.1	Apla_XP_022085617.1	87.0	S	0.0
Smed_h1SMcT0005069.5	Dpul_XP_046452221.1	87.0	S	0.0
Smed_h1SMcT0005069.1	Dpul_XP_046452221.1	87.0	S	0.0
Smed_h1SMcT0005069.4	Dpul_XP_046452221.1	87.0	S	0.0
Avag_UJR09124.1	Dpul_XP_046452221.1	87.0	S	0.0
Smed_h1SMcT0005069.5	Hsap_XP_047285665.1	87.0	S	0.0
Smed_h1SMcT0005069.1	Hsap_XP_047285665.1	87.0	S	0.0
Smed_h1SMcT0005069.4	Hsap_XP_047285665.1	87.0	S	0.0
Avag_UJR09124.1	Hsap_XP_047285665.1	87.0	S	0.0
Smed_h1SMcT0005069.5	Hsap_XP_005254013.1	87.0	S	0.0
Smed_h1SMcT0005069.1	Hsap_XP_005254013.1	87.0	S	0.0
Smed_h1SMcT0005069.4	Hsap_XP_005254013.1	87.0	S	0.0
Avag_UJR09124.1	Hsap_XP_005254013.1	87.0	S	0.0
Smed_h1SMcT0005069.5	Agrpla_XP_018328670.2	87.0	S	0.0
Smed_h1SMcT0005069.1	Agrpla_XP_018328670.2	87.0	S	0.0
Smed_h1SMcT0005069.4	Agrpla_XP_018328670.2	87.0	S	0.0
Avag_UJR09124.1	Agrpla_XP_018328670.2	87.0	S	0.0
Smed_h1SMcT0005069.5	Ggal_XP_004945610.1	87.0	S	0.0
Smed_h1SMcT0005069.1	Ggal_XP_004945610.1	87.0	S	0.0
Smed_h1SMcT0005069.4	Ggal_XP_004945610.1	87.0	S	0.0
Avag_UJR09124.1	Ggal_XP_004945610.1	87.0	S	0.0
Smed_h1SMcT0005069.5	Hsap_XP_047285644.1	87.0	S	0.0
Smed_h1SMcT0005069.1	Hsap_XP_047285644.1	87.0	S	0.0
Smed_h1SMcT0005069.4	Hsap_XP_047285644.1	87.0	S	0.0
Avag_UJR09124.1	Hsap_XP_047285644.1	87.0	S	0.0
Smed_h1SMcT0005069.5	Hsap_XP_047285662.1	87.0	S	0.0
Smed_h1SMcT0005069.1	Hsap_XP_047285662.1	87.0	S	0.0
Smed_h1SMcT0005069.4	Hsap_XP_047285662.1	87.0	S	0.0
Avag_UJR09124.1	Hsap_XP_047285662.1	87.0	S	0.0
Smed_h1SMcT0005069.5	Lpol_XP_022243923.1	87.0	S	0.0
Smed_h1SMcT0005069.1	Lpol_XP_022243923.1	87.0	S	0.0
Smed_h1SMcT0005069.4	Lpol_XP_022243923.1	87.0	S	0.0
Avag_UJR09124.1	Lpol_XP_022243923.1	87.0	S	0.0
Smed_h1SMcT0005069.5	Apimel_XP_026294963.1	87.0	S	0.0
Smed_h1SMcT0005069.1	Apimel_XP_026294963.1	87.0	S	0.0
Smed_h1SMcT0005069.4	Apimel_XP_026294963.1	87.0	S	0.0
Avag_UJR09124.1	Apimel_XP_026294963.1	87.0	S	0.0
Smed_h1SMcT0005069.5	Xtro_NP_001011176.1	87.0	S	0.0
Smed_h1SMcT0005069.1	Xtro_NP_001011176.1	87.0	S	0.0
Smed_h1SMcT0005069.4	Xtro_NP_001011176.1	87.0	S	0.0
Avag_UJR09124.1	Xtro_NP_001011176.1	87.0	S	0.0
Smed_h1SMcT0005069.5	Hsap_XP_047285655.1	87.0	S	0.0
Smed_h1SMcT0005069.1	Hsap_XP_047285655.1	87.0	S	0.0
Smed_h1SMcT0005069.4	Hsap_XP_047285655.1	87.0	S	0.0
Avag_UJR09124.1	Hsap_XP_047285655.1	87.0	S	0.0
Smed_h1SMcT0005069.5	Hsap_XP_047285654.1	87.0	S	0.0
Smed_h1SMcT0005069.1	Hsap_XP_047285654.1	87.0	S	0.0
Smed_h1SMcT0005069.4	Hsap_XP_047285654.1	87.0	S	0.0
Avag_UJR09124.1	Hsap_XP_047285654.1	87.0	S	0.0
Smed_h1SMcT0005069.5	Ofus_CAH1801472.1	87.0	S	0.0
Smed_h1SMcT0005069.1	Ofus_CAH1801472.1	87.0	S	0.0
Smed_h1SMcT0005069.4	Ofus_CAH1801472.1	87.0	S	0.0
Avag_UJR09124.1	Ofus_CAH1801472.1	87.0	S	0.0
Smed_h1SMcT0005069.5	Hsap_XP_047285653.1	87.0	S	0.0
Smed_h1SMcT0005069.1	Hsap_XP_047285653.1	87.0	S	0.0
Smed_h1SMcT0005069.4	Hsap_XP_047285653.1	87.0	S	0.0
Avag_UJR09124.1	Hsap_XP_047285653.1	87.0	S	0.0
Smed_h1SMcT0005069.5	Hsap_XP_047285670.1	87.0	S	0.0
Smed_h1SMcT0005069.1	Hsap_XP_047285670.1	87.0	S	0.0
Smed_h1SMcT0005069.4	Hsap_XP_047285670.1	87.0	S	0.0
Avag_UJR09124.1	Hsap_XP_047285670.1	87.0	S	0.0
Smed_h1SMcT0005069.5	Hsap_NP_115979.3	87.0	S	0.0
Smed_h1SMcT0005069.1	Hsap_NP_115979.3	87.0	S	0.0
Smed_h1SMcT0005069.4	Hsap_NP_115979.3	87.0	S	0.0
Avag_UJR09124.1	Hsap_NP_115979.3	87.0	S	0.0
Smed_h1SMcT0005069.5	Lpol_XP_022243926.1	87.0	S	0.0
Smed_h1SMcT0005069.1	Lpol_XP_022243926.1	87.0	S	0.0
Smed_h1SMcT0005069.4	Lpol_XP_022243926.1	87.0	S	0.0
Avag_UJR09124.1	Lpol_XP_022243926.1	87.0	S	0.0
Smed_h1SMcT0005069.5	Hsap_XP_047285638.1	87.0	S	0.0
Smed_h1SMcT0005069.1	Hsap_XP_047285638.1	87.0	S	0.0
Smed_h1SMcT0005069.4	Hsap_XP_047285638.1	87.0	S	0.0
Avag_UJR09124.1	Hsap_XP_047285638.1	87.0	S	0.0
Smed_h1SMcT0005069.5	Hsap_XP_047285652.1	87.0	S	0.0
Smed_h1SMcT0005069.1	Hsap_XP_047285652.1	87.0	S	0.0
Smed_h1SMcT0005069.4	Hsap_XP_047285652.1	87.0	S	0.0
Avag_UJR09124.1	Hsap_XP_047285652.1	87.0	S	0.0
Smed_h1SMcT0005069.5	Hsap_XP_047285664.1	87.0	S	0.0
Smed_h1SMcT0005069.1	Hsap_XP_047285664.1	87.0	S	0.0
Smed_h1SMcT0005069.4	Hsap_XP_047285664.1	87.0	S	0.0
Avag_UJR09124.1	Hsap_XP_047285664.1	87.0	S	0.0
Smed_h1SMcT0005069.5	Lpol_XP_022243925.1	87.0	S	0.0
Smed_h1SMcT0005069.1	Lpol_XP_022243925.1	87.0	S	0.0
Smed_h1SMcT0005069.4	Lpol_XP_022243925.1	87.0	S	0.0
Avag_UJR09124.1	Lpol_XP_022243925.1	87.0	S	0.0
Smed_h1SMcT0005069.5	Xtro_XP_031748498.1	87.0	S	0.0
Smed_h1SMcT0005069.1	Xtro_XP_031748498.1	87.0	S	0.0
Smed_h1SMcT0005069.4	Xtro_XP_031748498.1	87.0	S	0.0
Avag_UJR09124.1	Xtro_XP_031748498.1	87.0	S	0.0
Smed_h1SMcT0005069.5	Ggal_XP_004945616.1	87.0	S	0.0
Smed_h1SMcT0005069.1	Ggal_XP_004945616.1	87.0	S	0.0
Smed_h1SMcT0005069.4	Ggal_XP_004945616.1	87.0	S	0.0
Avag_UJR09124.1	Ggal_XP_004945616.1	87.0	S	0.0
Smed_h1SMcT0005069.5	Xtro_XP_031748490.1	87.0	S	0.0
Smed_h1SMcT0005069.1	Xtro_XP_031748490.1	87.0	S	0.0
Smed_h1SMcT0005069.4	Xtro_XP_031748490.1	87.0	S	0.0
Avag_UJR09124.1	Xtro_XP_031748490.1	87.0	S	0.0
Smed_h1SMcT0005069.5	Hsap_XP_047285646.1	87.0	S	0.0
Smed_h1SMcT0005069.1	Hsap_XP_047285646.1	87.0	S	0.0
Smed_h1SMcT0005069.4	Hsap_XP_047285646.1	87.0	S	0.0
Avag_UJR09124.1	Hsap_XP_047285646.1	87.0	S	0.0
Smed_h1SMcT0005069.5	Pvan_XP_069969648.1	87.0	S	0.0
Smed_h1SMcT0005069.1	Pvan_XP_069969648.1	87.0	S	0.0
Smed_h1SMcT0005069.4	Pvan_XP_069969648.1	87.0	S	0.0
Avag_UJR09124.1	Pvan_XP_069969648.1	87.0	S	0.0
Smed_h1SMcT0005069.5	Hsap_XP_047285668.1	87.0	S	0.0
Smed_h1SMcT0005069.1	Hsap_XP_047285668.1	87.0	S	0.0
Smed_h1SMcT0005069.4	Hsap_XP_047285668.1	87.0	S	0.0
Avag_UJR09124.1	Hsap_XP_047285668.1	87.0	S	0.0
Smed_h1SMcT0005069.5	Tadh_XP_002108337.1	87.0	S	0.0
Smed_h1SMcT0005069.1	Tadh_XP_002108337.1	87.0	S	0.0
Smed_h1SMcT0005069.4	Tadh_XP_002108337.1	87.0	S	0.0
Avag_UJR09124.1	Tadh_XP_002108337.1	87.0	S	0.0
Smed_h1SMcT0005069.5	Hsap_XP_006718543.1	87.0	S	0.0
Smed_h1SMcT0005069.1	Hsap_XP_006718543.1	87.0	S	0.0
Smed_h1SMcT0005069.4	Hsap_XP_006718543.1	87.0	S	0.0
Avag_UJR09124.1	Hsap_XP_006718543.1	87.0	S	0.0
Smed_h1SMcT0005069.5	Hsap_XP_047285667.1	87.0	S	0.0
Smed_h1SMcT0005069.1	Hsap_XP_047285667.1	87.0	S	0.0
Smed_h1SMcT0005069.4	Hsap_XP_047285667.1	87.0	S	0.0
Avag_UJR09124.1	Hsap_XP_047285667.1	87.0	S	0.0
Smed_h1SMcT0005069.5	Hsap_XP_047282579.1	87.0	S	0.0
Smed_h1SMcT0005069.1	Hsap_XP_047282579.1	87.0	S	0.0
Smed_h1SMcT0005069.4	Hsap_XP_047282579.1	87.0	S	0.0
Avag_UJR09124.1	Hsap_XP_047282579.1	87.0	S	0.0
Smed_h1SMcT0005069.5	Xtro_XP_031748515.1	87.0	S	0.0
Smed_h1SMcT0005069.1	Xtro_XP_031748515.1	87.0	S	0.0
Smed_h1SMcT0005069.4	Xtro_XP_031748515.1	87.0	S	0.0
Avag_UJR09124.1	Xtro_XP_031748515.1	87.0	S	0.0
Smed_h1SMcT0005069.5	Hsap_NP_001005366.1	87.0	S	0.0
Smed_h1SMcT0005069.1	Hsap_NP_001005366.1	87.0	S	0.0
Smed_h1SMcT0005069.4	Hsap_NP_001005366.1	87.0	S	0.0
Avag_UJR09124.1	Hsap_NP_001005366.1	87.0	S	0.0
Smed_h1SMcT0005069.5	Lpol_XP_013776610.2	87.0	S	0.0
Smed_h1SMcT0005069.1	Lpol_XP_013776610.2	87.0	S	0.0
Smed_h1SMcT0005069.4	Lpol_XP_013776610.2	87.0	S	0.0
Avag_UJR09124.1	Lpol_XP_013776610.2	87.0	S	0.0
Smed_h1SMcT0005069.5	Hsap_XP_005254012.1	87.0	S	0.0
Smed_h1SMcT0005069.1	Hsap_XP_005254012.1	87.0	S	0.0
Smed_h1SMcT0005069.4	Hsap_XP_005254012.1	87.0	S	0.0
Avag_UJR09124.1	Hsap_XP_005254012.1	87.0	S	0.0
Smed_h1SMcT0005069.5	Hsap_XP_047285656.1	87.0	S	0.0
Smed_h1SMcT0005069.1	Hsap_XP_047285656.1	87.0	S	0.0
Smed_h1SMcT0005069.4	Hsap_XP_047285656.1	87.0	S	0.0
Avag_UJR09124.1	Hsap_XP_047285656.1	87.0	S	0.0
Smed_h1SMcT0005069.5	Hsap_XP_011537169.2	87.0	S	0.0
Smed_h1SMcT0005069.1	Hsap_XP_011537169.2	87.0	S	0.0
Smed_h1SMcT0005069.4	Hsap_XP_011537169.2	87.0	S	0.0
Avag_UJR09124.1	Hsap_XP_011537169.2	87.0	S	0.0
Avit_KAL4002845.1	Lloa_XP_020303735.1	100.0	S	0.0
Avit_KAL4002846.1	Lloa_XP_020303735.1	100.0	S	0.0
Avit_KAL4002845.1	Ovol_OVOC8642	100.0	S	0.0
Avit_KAL4002846.1	Ovol_OVOC8642	100.0	S	0.0
Avit_KAL4002845.1	Bmal_XP_042933214.1	100.0	S	0.0
Avit_KAL4002846.1	Bmal_XP_042933214.1	100.0	S	0.0
Otip_Oti_2625_t	Acey_EYC20807.1	85.0	S	0.0
Mbel_CAJ0962955.1	Acey_EYC20807.1	85.0	S	0.0
Otip_Oti_2625_t	Diplco_DCO_002927	85.0	S	0.0
Mbel_CAJ0962955.1	Diplco_DCO_002927	85.0	S	0.0
Otip_Oti_2625_t	Angcan_KAE9420235.1	85.0	S	0.0
Mbel_CAJ0962955.1	Angcan_KAE9420235.1	85.0	S	0.0
Otip_Oti_2625_t	Cele_NP_498418.3	85.0	S	0.0
Mbel_CAJ0962955.1	Cele_NP_498418.3	85.0	S	0.0
Otip_Oti_2625_t	Diplco_DCO_002928	85.0	S	0.0
Mbel_CAJ0962955.1	Diplco_DCO_002928	85.0	S	0.0
Otip_Oti_2625_t	Hcon_XGW16588.1	85.0	S	0.0
Mbel_CAJ0962955.1	Hcon_XGW16588.1	85.0	S	0.0
Otip_Oti_2625_t	Cele_NP_498419.3	85.0	S	0.0
Mbel_CAJ0962955.1	Cele_NP_498419.3	85.0	S	0.0
Otip_Oti_2625_t	Hpol_VDO64892.1	85.0	S	0.0
Mbel_CAJ0962955.1	Hpol_VDO64892.1	85.0	S	0.0
Otip_Oti_2625_t	Hcon_XGW16589.1	85.0	S	0.0
Mbel_CAJ0962955.1	Hcon_XGW16589.1	85.0	S	0.0
Mpol_BFI28825.1	Mpol_BFI28826.1	100.0	D	1.0
Smoe_XP_024528476.1	Smoe_XP_024527750.1	100.0	D	1.0
Twil_T_wilhelma_c29644_g1_i1|m.31020	Twil_T_wilhelma_c29644_g1_i3|m.31022	100.0	D	1.0
Avag_UJR09124.1	Smed_h1SMcT0005069.5	90.0	S	0.0
Avag_UJR09124.1	Smed_h1SMcT0005069.1	90.0	S	0.0
Avag_UJR09124.1	Smed_h1SMcT0005069.4	90.0	S	0.0
Cint_NP_001071898.1	Lana_XP_013394792.1	75.0	S	0.0
Cint_NP_001071898.1	Lpol_XP_013778988.1	75.0	S	0.0
Cint_NP_001071898.1	Drer_NP_001410477.1	75.0	S	0.0
Cint_NP_001071898.1	Hsap_XP_047285666.1	75.0	S	0.0
Cint_NP_001071898.1	Bmor_XP_004928906.1	75.0	S	0.0
Cint_NP_001071898.1	Ggal_XP_004945618.1	75.0	S	0.0
Cint_NP_001071898.1	Lpol_XP_022243927.1	75.0	S	0.0
Cint_NP_001071898.1	Ggal_XP_046757210.1	75.0	S	0.0
Cint_NP_001071898.1	Drer_XP_068079819.1	75.0	S	0.0
Cint_NP_001071898.1	Ggal_XP_025011399.1	75.0	S	0.0
Cint_NP_001071898.1	Hsap_XP_047285648.1	75.0	S	0.0
Cint_NP_001071898.1	Lpol_XP_022243924.1	75.0	S	0.0
Cint_NP_001071898.1	Hsap_XP_047285660.1	75.0	S	0.0
Cint_NP_001071898.1	Agrpla_XP_025836100.1	75.0	S	0.0
Cint_NP_001071898.1	Ggal_XP_004945613.1	75.0	S	0.0
Cint_NP_001071898.1	Apla_XP_022085616.1	75.0	S	0.0
Cint_NP_001071898.1	Ggal_XP_015131080.1	75.0	S	0.0
Cint_NP_001071898.1	Hsap_XP_047285649.1	75.0	S	0.0
Cint_NP_001071898.1	Ggal_XP_004945615.1	75.0	S	0.0
Cint_NP_001071898.1	Hsap_XP_047285637.1	75.0	S	0.0
Cint_NP_001071898.1	Ggal_XP_040504334.1	75.0	S	0.0
Cint_NP_001071898.1	Xtro_XP_031748491.1	75.0	S	0.0
Cint_NP_001071898.1	Ggal_XP_004945614.1	75.0	S	0.0
Cint_NP_001071898.1	Hsap_XP_047285663.1	75.0	S	0.0
Cint_NP_001071898.1	Hsap_XP_047285661.1	75.0	S	0.0
Cint_NP_001071898.1	Hsap_XP_047285657.1	75.0	S	0.0
Cint_NP_001071898.1	Bmor_XP_021205389.1	75.0	S	0.0
Cint_NP_001071898.1	Hsap_XP_047285671.1	75.0	S	0.0
Cint_NP_001071898.1	Lpol_XP_022243928.1	75.0	S	0.0
Cint_NP_001071898.1	Hsap_XP_047285639.1	75.0	S	0.0
Cint_NP_001071898.1	Dpul_XP_046452222.1	75.0	S	0.0
Cint_NP_001071898.1	Hrob_XP_009031639.1	75.0	S	0.0
Cint_NP_001071898.1	Hsap_XP_047285640.1	75.0	S	0.0
Cint_NP_001071898.1	Hsap_XP_047285669.1	75.0	S	0.0
Cint_NP_001071898.1	Ggal_XP_004945612.1	75.0	S	0.0
Cint_NP_001071898.1	Hsap_XP_047285659.1	75.0	S	0.0
Cint_NP_001071898.1	Scil_XP_065189801.1	75.0	S	0.0
Cint_NP_001071898.1	Hsap_XP_047285658.1	75.0	S	0.0
Cint_NP_001071898.1	Lpol_XP_022243922.1	75.0	S	0.0
Cint_NP_001071898.1	Xtro_XP_031748506.1	75.0	S	0.0
Cint_NP_001071898.1	Apla_XP_022085617.1	75.0	S	0.0
Cint_NP_001071898.1	Dpul_XP_046452221.1	75.0	S	0.0
Cint_NP_001071898.1	Hsap_XP_047285665.1	75.0	S	0.0
Cint_NP_001071898.1	Hsap_XP_005254013.1	75.0	S	0.0
Cint_NP_001071898.1	Agrpla_XP_018328670.2	75.0	S	0.0
Cint_NP_001071898.1	Ggal_XP_004945610.1	75.0	S	0.0
Cint_NP_001071898.1	Hsap_XP_047285644.1	75.0	S	0.0
Cint_NP_001071898.1	Hsap_XP_047285662.1	75.0	S	0.0
Cint_NP_001071898.1	Lpol_XP_022243923.1	75.0	S	0.0
Cint_NP_001071898.1	Apimel_XP_026294963.1	75.0	S	0.0
Cint_NP_001071898.1	Xtro_NP_001011176.1	75.0	S	0.0
Cint_NP_001071898.1	Hsap_XP_047285655.1	75.0	S	0.0
Cint_NP_001071898.1	Hsap_XP_047285654.1	75.0	S	0.0
Cint_NP_001071898.1	Ofus_CAH1801472.1	75.0	S	0.0
Cint_NP_001071898.1	Hsap_XP_047285653.1	75.0	S	0.0
Cint_NP_001071898.1	Hsap_XP_047285670.1	75.0	S	0.0
Cint_NP_001071898.1	Hsap_NP_115979.3	75.0	S	0.0
Cint_NP_001071898.1	Lpol_XP_022243926.1	75.0	S	0.0
Cint_NP_001071898.1	Hsap_XP_047285638.1	75.0	S	0.0
Cint_NP_001071898.1	Hsap_XP_047285652.1	75.0	S	0.0
Cint_NP_001071898.1	Hsap_XP_047285664.1	75.0	S	0.0
Cint_NP_001071898.1	Lpol_XP_022243925.1	75.0	S	0.0
Cint_NP_001071898.1	Xtro_XP_031748498.1	75.0	S	0.0
Cint_NP_001071898.1	Ggal_XP_004945616.1	75.0	S	0.0
Cint_NP_001071898.1	Xtro_XP_031748490.1	75.0	S	0.0
Cint_NP_001071898.1	Hsap_XP_047285646.1	75.0	S	0.0
Cint_NP_001071898.1	Pvan_XP_069969648.1	75.0	S	0.0
Cint_NP_001071898.1	Hsap_XP_047285668.1	75.0	S	0.0
Cint_NP_001071898.1	Tadh_XP_002108337.1	75.0	S	0.0
Cint_NP_001071898.1	Hsap_XP_006718543.1	75.0	S	0.0
Cint_NP_001071898.1	Hsap_XP_047285667.1	75.0	S	0.0
Cint_NP_001071898.1	Hsap_XP_047282579.1	75.0	S	0.0
Cint_NP_001071898.1	Xtro_XP_031748515.1	75.0	S	0.0
Cint_NP_001071898.1	Hsap_NP_001005366.1	75.0	S	0.0
Cint_NP_001071898.1	Lpol_XP_013776610.2	75.0	S	0.0
Cint_NP_001071898.1	Hsap_XP_005254012.1	75.0	S	0.0
Cint_NP_001071898.1	Hsap_XP_047285656.1	75.0	S	0.0
Cint_NP_001071898.1	Hsap_XP_011537169.2	75.0	S	0.0
Avit_KAL4002845.1	Avit_KAL4002846.1	100.0	D	1.0
Ovol_OVOC8642	Lloa_XP_020303735.1	90.0	S	0.0
Ovol_OVOC8642	Bmal_XP_042933214.1	90.0	S	0.0
Mjap_MIJAPON000001293.t1	Priarc_PARCANUS000003063.t1	100.0	S	0.0
Mjap_MIJAPON000001293.t1	Priarc_PARCANUS000003453.t1	100.0	S	0.0
Mbel_CAJ0962955.1	Otip_Oti_2625_t	86.0	S	0.0
Diplco_DCO_002927	Acey_EYC20807.1	100.0	S	0.0
Diplco_DCO_002928	Acey_EYC20807.1	100.0	S	0.0
Diplco_DCO_002927	Angcan_KAE9420235.1	100.0	S	0.0
Diplco_DCO_002928	Angcan_KAE9420235.1	100.0	S	0.0
Diplco_DCO_002927	Cele_NP_498418.3	100.0	S	0.0
Diplco_DCO_002928	Cele_NP_498418.3	100.0	S	0.0
Diplco_DCO_002927	Hcon_XGW16588.1	100.0	S	0.0
Diplco_DCO_002928	Hcon_XGW16588.1	100.0	S	0.0
Diplco_DCO_002927	Cele_NP_498419.3	100.0	S	0.0
Diplco_DCO_002928	Cele_NP_498419.3	100.0	S	0.0
Diplco_DCO_002927	Hpol_VDO64892.1	100.0	S	0.0
Diplco_DCO_002928	Hpol_VDO64892.1	100.0	S	0.0
Diplco_DCO_002927	Hcon_XGW16589.1	100.0	S	0.0
Diplco_DCO_002928	Hcon_XGW16589.1	100.0	S	0.0
Smed_h1SMcT0005069.1	Smed_h1SMcT0005069.5	100.0	D	1.0
Smed_h1SMcT0005069.1	Smed_h1SMcT0005069.4	100.0	D	1.0
Lana_XP_013394792.1	Hsap_XP_047285670.1	68.0	S	0.0
Lpol_XP_013778988.1	Hsap_XP_047285670.1	68.0	S	0.0
Lpol_XP_022243922.1	Hsap_XP_047285670.1	68.0	S	0.0
Bmor_XP_004928906.1	Hsap_XP_047285670.1	68.0	S	0.0
Dpul_XP_046452221.1	Hsap_XP_047285670.1	68.0	S	0.0
Lpol_XP_022243926.1	Hsap_XP_047285670.1	68.0	S	0.0
Lpol_XP_022243925.1	Hsap_XP_047285670.1	68.0	S	0.0
Lpol_XP_022243927.1	Hsap_XP_047285670.1	68.0	S	0.0
Agrpla_XP_018328670.2	Hsap_XP_047285670.1	68.0	S	0.0
Pvan_XP_069969648.1	Hsap_XP_047285670.1	68.0	S	0.0
Bmor_XP_021205389.1	Hsap_XP_047285670.1	68.0	S	0.0
Lpol_XP_022243923.1	Hsap_XP_047285670.1	68.0	S	0.0
Apimel_XP_026294963.1	Hsap_XP_047285670.1	68.0	S	0.0
Lpol_XP_022243928.1	Hsap_XP_047285670.1	68.0	S	0.0
Dpul_XP_046452222.1	Hsap_XP_047285670.1	68.0	S	0.0
Hrob_XP_009031639.1	Hsap_XP_047285670.1	68.0	S	0.0
Ofus_CAH1801472.1	Hsap_XP_047285670.1	68.0	S	0.0
Lpol_XP_013776610.2	Hsap_XP_047285670.1	68.0	S	0.0
Lpol_XP_022243924.1	Hsap_XP_047285670.1	68.0	S	0.0
Agrpla_XP_025836100.1	Hsap_XP_047285670.1	68.0	S	0.0
Scil_XP_065189801.1	Hsap_XP_047285670.1	68.0	S	0.0
Lana_XP_013394792.1	Drer_NP_001410477.1	68.0	S	0.0
Lpol_XP_013778988.1	Drer_NP_001410477.1	68.0	S	0.0
Lpol_XP_022243922.1	Drer_NP_001410477.1	68.0	S	0.0
Bmor_XP_004928906.1	Drer_NP_001410477.1	68.0	S	0.0
Dpul_XP_046452221.1	Drer_NP_001410477.1	68.0	S	0.0
Lpol_XP_022243926.1	Drer_NP_001410477.1	68.0	S	0.0
Lpol_XP_022243925.1	Drer_NP_001410477.1	68.0	S	0.0
Lpol_XP_022243927.1	Drer_NP_001410477.1	68.0	S	0.0
Agrpla_XP_018328670.2	Drer_NP_001410477.1	68.0	S	0.0
Pvan_XP_069969648.1	Drer_NP_001410477.1	68.0	S	0.0
Bmor_XP_021205389.1	Drer_NP_001410477.1	68.0	S	0.0
Lpol_XP_022243923.1	Drer_NP_001410477.1	68.0	S	0.0
Apimel_XP_026294963.1	Drer_NP_001410477.1	68.0	S	0.0
Lpol_XP_022243928.1	Drer_NP_001410477.1	68.0	S	0.0
Dpul_XP_046452222.1	Drer_NP_001410477.1	68.0	S	0.0
Hrob_XP_009031639.1	Drer_NP_001410477.1	68.0	S	0.0
Ofus_CAH1801472.1	Drer_NP_001410477.1	68.0	S	0.0
Lpol_XP_013776610.2	Drer_NP_001410477.1	68.0	S	0.0
Lpol_XP_022243924.1	Drer_NP_001410477.1	68.0	S	0.0
Agrpla_XP_025836100.1	Drer_NP_001410477.1	68.0	S	0.0
Scil_XP_065189801.1	Drer_NP_001410477.1	68.0	S	0.0
Lana_XP_013394792.1	Xtro_XP_031748506.1	68.0	S	0.0
Lpol_XP_013778988.1	Xtro_XP_031748506.1	68.0	S	0.0
Lpol_XP_022243922.1	Xtro_XP_031748506.1	68.0	S	0.0
Bmor_XP_004928906.1	Xtro_XP_031748506.1	68.0	S	0.0
Dpul_XP_046452221.1	Xtro_XP_031748506.1	68.0	S	0.0
Lpol_XP_022243926.1	Xtro_XP_031748506.1	68.0	S	0.0
Lpol_XP_022243925.1	Xtro_XP_031748506.1	68.0	S	0.0
Lpol_XP_022243927.1	Xtro_XP_031748506.1	68.0	S	0.0
Agrpla_XP_018328670.2	Xtro_XP_031748506.1	68.0	S	0.0
Pvan_XP_069969648.1	Xtro_XP_031748506.1	68.0	S	0.0
Bmor_XP_021205389.1	Xtro_XP_031748506.1	68.0	S	0.0
Lpol_XP_022243923.1	Xtro_XP_031748506.1	68.0	S	0.0
Apimel_XP_026294963.1	Xtro_XP_031748506.1	68.0	S	0.0
Lpol_XP_022243928.1	Xtro_XP_031748506.1	68.0	S	0.0
Dpul_XP_046452222.1	Xtro_XP_031748506.1	68.0	S	0.0
Hrob_XP_009031639.1	Xtro_XP_031748506.1	68.0	S	0.0
Ofus_CAH1801472.1	Xtro_XP_031748506.1	68.0	S	0.0
Lpol_XP_013776610.2	Xtro_XP_031748506.1	68.0	S	0.0
Lpol_XP_022243924.1	Xtro_XP_031748506.1	68.0	S	0.0
Agrpla_XP_025836100.1	Xtro_XP_031748506.1	68.0	S	0.0
Scil_XP_065189801.1	Xtro_XP_031748506.1	68.0	S	0.0
Lana_XP_013394792.1	Hsap_XP_047285666.1	68.0	S	0.0
Lpol_XP_013778988.1	Hsap_XP_047285666.1	68.0	S	0.0
Lpol_XP_022243922.1	Hsap_XP_047285666.1	68.0	S	0.0
Bmor_XP_004928906.1	Hsap_XP_047285666.1	68.0	S	0.0
Dpul_XP_046452221.1	Hsap_XP_047285666.1	68.0	S	0.0
Lpol_XP_022243926.1	Hsap_XP_047285666.1	68.0	S	0.0
Lpol_XP_022243925.1	Hsap_XP_047285666.1	68.0	S	0.0
Lpol_XP_022243927.1	Hsap_XP_047285666.1	68.0	S	0.0
Agrpla_XP_018328670.2	Hsap_XP_047285666.1	68.0	S	0.0
Pvan_XP_069969648.1	Hsap_XP_047285666.1	68.0	S	0.0
Bmor_XP_021205389.1	Hsap_XP_047285666.1	68.0	S	0.0
Lpol_XP_022243923.1	Hsap_XP_047285666.1	68.0	S	0.0
Apimel_XP_026294963.1	Hsap_XP_047285666.1	68.0	S	0.0
Lpol_XP_022243928.1	Hsap_XP_047285666.1	68.0	S	0.0
Dpul_XP_046452222.1	Hsap_XP_047285666.1	68.0	S	0.0
Hrob_XP_009031639.1	Hsap_XP_047285666.1	68.0	S	0.0
Ofus_CAH1801472.1	Hsap_XP_047285666.1	68.0	S	0.0
Lpol_XP_013776610.2	Hsap_XP_047285666.1	68.0	S	0.0
Lpol_XP_022243924.1	Hsap_XP_047285666.1	68.0	S	0.0
Agrpla_XP_025836100.1	Hsap_XP_047285666.1	68.0	S	0.0
Scil_XP_065189801.1	Hsap_XP_047285666.1	68.0	S	0.0
Lana_XP_013394792.1	Hsap_XP_047285653.1	68.0	S	0.0
Lpol_XP_013778988.1	Hsap_XP_047285653.1	68.0	S	0.0
Lpol_XP_022243922.1	Hsap_XP_047285653.1	68.0	S	0.0
Bmor_XP_004928906.1	Hsap_XP_047285653.1	68.0	S	0.0
Dpul_XP_046452221.1	Hsap_XP_047285653.1	68.0	S	0.0
Lpol_XP_022243926.1	Hsap_XP_047285653.1	68.0	S	0.0
Lpol_XP_022243925.1	Hsap_XP_047285653.1	68.0	S	0.0
Lpol_XP_022243927.1	Hsap_XP_047285653.1	68.0	S	0.0
Agrpla_XP_018328670.2	Hsap_XP_047285653.1	68.0	S	0.0
Pvan_XP_069969648.1	Hsap_XP_047285653.1	68.0	S	0.0
Bmor_XP_021205389.1	Hsap_XP_047285653.1	68.0	S	0.0
Lpol_XP_022243923.1	Hsap_XP_047285653.1	68.0	S	0.0
Apimel_XP_026294963.1	Hsap_XP_047285653.1	68.0	S	0.0
Lpol_XP_022243928.1	Hsap_XP_047285653.1	68.0	S	0.0
Dpul_XP_046452222.1	Hsap_XP_047285653.1	68.0	S	0.0
Hrob_XP_009031639.1	Hsap_XP_047285653.1	68.0	S	0.0
Ofus_CAH1801472.1	Hsap_XP_047285653.1	68.0	S	0.0
Lpol_XP_013776610.2	Hsap_XP_047285653.1	68.0	S	0.0
Lpol_XP_022243924.1	Hsap_XP_047285653.1	68.0	S	0.0
Agrpla_XP_025836100.1	Hsap_XP_047285653.1	68.0	S	0.0
Scil_XP_065189801.1	Hsap_XP_047285653.1	68.0	S	0.0
Lana_XP_013394792.1	Apla_XP_022085617.1	68.0	S	0.0
Lpol_XP_013778988.1	Apla_XP_022085617.1	68.0	S	0.0
Lpol_XP_022243922.1	Apla_XP_022085617.1	68.0	S	0.0
Bmor_XP_004928906.1	Apla_XP_022085617.1	68.0	S	0.0
Dpul_XP_046452221.1	Apla_XP_022085617.1	68.0	S	0.0
Lpol_XP_022243926.1	Apla_XP_022085617.1	68.0	S	0.0
Lpol_XP_022243925.1	Apla_XP_022085617.1	68.0	S	0.0
Lpol_XP_022243927.1	Apla_XP_022085617.1	68.0	S	0.0
Agrpla_XP_018328670.2	Apla_XP_022085617.1	68.0	S	0.0
Pvan_XP_069969648.1	Apla_XP_022085617.1	68.0	S	0.0
Bmor_XP_021205389.1	Apla_XP_022085617.1	68.0	S	0.0
Lpol_XP_022243923.1	Apla_XP_022085617.1	68.0	S	0.0
Apimel_XP_026294963.1	Apla_XP_022085617.1	68.0	S	0.0
Lpol_XP_022243928.1	Apla_XP_022085617.1	68.0	S	0.0
Dpul_XP_046452222.1	Apla_XP_022085617.1	68.0	S	0.0
Hrob_XP_009031639.1	Apla_XP_022085617.1	68.0	S	0.0
Ofus_CAH1801472.1	Apla_XP_022085617.1	68.0	S	0.0
Lpol_XP_013776610.2	Apla_XP_022085617.1	68.0	S	0.0
Lpol_XP_022243924.1	Apla_XP_022085617.1	68.0	S	0.0
Agrpla_XP_025836100.1	Apla_XP_022085617.1	68.0	S	0.0
Scil_XP_065189801.1	Apla_XP_022085617.1	68.0	S	0.0
Lana_XP_013394792.1	Hsap_XP_011537169.2	68.0	S	0.0
Lpol_XP_013778988.1	Hsap_XP_011537169.2	68.0	S	0.0
Lpol_XP_022243922.1	Hsap_XP_011537169.2	68.0	S	0.0
Bmor_XP_004928906.1	Hsap_XP_011537169.2	68.0	S	0.0
Dpul_XP_046452221.1	Hsap_XP_011537169.2	68.0	S	0.0
Lpol_XP_022243926.1	Hsap_XP_011537169.2	68.0	S	0.0
Lpol_XP_022243925.1	Hsap_XP_011537169.2	68.0	S	0.0
Lpol_XP_022243927.1	Hsap_XP_011537169.2	68.0	S	0.0
Agrpla_XP_018328670.2	Hsap_XP_011537169.2	68.0	S	0.0
Pvan_XP_069969648.1	Hsap_XP_011537169.2	68.0	S	0.0
Bmor_XP_021205389.1	Hsap_XP_011537169.2	68.0	S	0.0
Lpol_XP_022243923.1	Hsap_XP_011537169.2	68.0	S	0.0
Apimel_XP_026294963.1	Hsap_XP_011537169.2	68.0	S	0.0
Lpol_XP_022243928.1	Hsap_XP_011537169.2	68.0	S	0.0
Dpul_XP_046452222.1	Hsap_XP_011537169.2	68.0	S	0.0
Hrob_XP_009031639.1	Hsap_XP_011537169.2	68.0	S	0.0
Ofus_CAH1801472.1	Hsap_XP_011537169.2	68.0	S	0.0
Lpol_XP_013776610.2	Hsap_XP_011537169.2	68.0	S	0.0
Lpol_XP_022243924.1	Hsap_XP_011537169.2	68.0	S	0.0
Agrpla_XP_025836100.1	Hsap_XP_011537169.2	68.0	S	0.0
Scil_XP_065189801.1	Hsap_XP_011537169.2	68.0	S	0.0
Lana_XP_013394792.1	Hsap_NP_115979.3	68.0	S	0.0
Lpol_XP_013778988.1	Hsap_NP_115979.3	68.0	S	0.0
Lpol_XP_022243922.1	Hsap_NP_115979.3	68.0	S	0.0
Bmor_XP_004928906.1	Hsap_NP_115979.3	68.0	S	0.0
Dpul_XP_046452221.1	Hsap_NP_115979.3	68.0	S	0.0
Lpol_XP_022243926.1	Hsap_NP_115979.3	68.0	S	0.0
Lpol_XP_022243925.1	Hsap_NP_115979.3	68.0	S	0.0
Lpol_XP_022243927.1	Hsap_NP_115979.3	68.0	S	0.0
Agrpla_XP_018328670.2	Hsap_NP_115979.3	68.0	S	0.0
Pvan_XP_069969648.1	Hsap_NP_115979.3	68.0	S	0.0
Bmor_XP_021205389.1	Hsap_NP_115979.3	68.0	S	0.0
Lpol_XP_022243923.1	Hsap_NP_115979.3	68.0	S	0.0
Apimel_XP_026294963.1	Hsap_NP_115979.3	68.0	S	0.0
Lpol_XP_022243928.1	Hsap_NP_115979.3	68.0	S	0.0
Dpul_XP_046452222.1	Hsap_NP_115979.3	68.0	S	0.0
Hrob_XP_009031639.1	Hsap_NP_115979.3	68.0	S	0.0
Ofus_CAH1801472.1	Hsap_NP_115979.3	68.0	S	0.0
Lpol_XP_013776610.2	Hsap_NP_115979.3	68.0	S	0.0
Lpol_XP_022243924.1	Hsap_NP_115979.3	68.0	S	0.0
Agrpla_XP_025836100.1	Hsap_NP_115979.3	68.0	S	0.0
Scil_XP_065189801.1	Hsap_NP_115979.3	68.0	S	0.0
Lana_XP_013394792.1	Ggal_XP_004945615.1	68.0	S	0.0
Lpol_XP_013778988.1	Ggal_XP_004945615.1	68.0	S	0.0
Lpol_XP_022243922.1	Ggal_XP_004945615.1	68.0	S	0.0
Bmor_XP_004928906.1	Ggal_XP_004945615.1	68.0	S	0.0
Dpul_XP_046452221.1	Ggal_XP_004945615.1	68.0	S	0.0
Lpol_XP_022243926.1	Ggal_XP_004945615.1	68.0	S	0.0
Lpol_XP_022243925.1	Ggal_XP_004945615.1	68.0	S	0.0
Lpol_XP_022243927.1	Ggal_XP_004945615.1	68.0	S	0.0
Agrpla_XP_018328670.2	Ggal_XP_004945615.1	68.0	S	0.0
Pvan_XP_069969648.1	Ggal_XP_004945615.1	68.0	S	0.0
Bmor_XP_021205389.1	Ggal_XP_004945615.1	68.0	S	0.0
Lpol_XP_022243923.1	Ggal_XP_004945615.1	68.0	S	0.0
Apimel_XP_026294963.1	Ggal_XP_004945615.1	68.0	S	0.0
Lpol_XP_022243928.1	Ggal_XP_004945615.1	68.0	S	0.0
Dpul_XP_046452222.1	Ggal_XP_004945615.1	68.0	S	0.0
Hrob_XP_009031639.1	Ggal_XP_004945615.1	68.0	S	0.0
Ofus_CAH1801472.1	Ggal_XP_004945615.1	68.0	S	0.0
Lpol_XP_013776610.2	Ggal_XP_004945615.1	68.0	S	0.0
Lpol_XP_022243924.1	Ggal_XP_004945615.1	68.0	S	0.0
Agrpla_XP_025836100.1	Ggal_XP_004945615.1	68.0	S	0.0
Scil_XP_065189801.1	Ggal_XP_004945615.1	68.0	S	0.0
Lana_XP_013394792.1	Ggal_XP_004945618.1	68.0	S	0.0
Lpol_XP_013778988.1	Ggal_XP_004945618.1	68.0	S	0.0
Lpol_XP_022243922.1	Ggal_XP_004945618.1	68.0	S	0.0
Bmor_XP_004928906.1	Ggal_XP_004945618.1	68.0	S	0.0
Dpul_XP_046452221.1	Ggal_XP_004945618.1	68.0	S	0.0
Lpol_XP_022243926.1	Ggal_XP_004945618.1	68.0	S	0.0
Lpol_XP_022243925.1	Ggal_XP_004945618.1	68.0	S	0.0
Lpol_XP_022243927.1	Ggal_XP_004945618.1	68.0	S	0.0
Agrpla_XP_018328670.2	Ggal_XP_004945618.1	68.0	S	0.0
Pvan_XP_069969648.1	Ggal_XP_004945618.1	68.0	S	0.0
Bmor_XP_021205389.1	Ggal_XP_004945618.1	68.0	S	0.0
Lpol_XP_022243923.1	Ggal_XP_004945618.1	68.0	S	0.0
Apimel_XP_026294963.1	Ggal_XP_004945618.1	68.0	S	0.0
Lpol_XP_022243928.1	Ggal_XP_004945618.1	68.0	S	0.0
Dpul_XP_046452222.1	Ggal_XP_004945618.1	68.0	S	0.0
Hrob_XP_009031639.1	Ggal_XP_004945618.1	68.0	S	0.0
Ofus_CAH1801472.1	Ggal_XP_004945618.1	68.0	S	0.0
Lpol_XP_013776610.2	Ggal_XP_004945618.1	68.0	S	0.0
Lpol_XP_022243924.1	Ggal_XP_004945618.1	68.0	S	0.0
Agrpla_XP_025836100.1	Ggal_XP_004945618.1	68.0	S	0.0
Scil_XP_065189801.1	Ggal_XP_004945618.1	68.0	S	0.0
Lana_XP_013394792.1	Hsap_XP_047285638.1	68.0	S	0.0
Lpol_XP_013778988.1	Hsap_XP_047285638.1	68.0	S	0.0
Lpol_XP_022243922.1	Hsap_XP_047285638.1	68.0	S	0.0
Bmor_XP_004928906.1	Hsap_XP_047285638.1	68.0	S	0.0
Dpul_XP_046452221.1	Hsap_XP_047285638.1	68.0	S	0.0
Lpol_XP_022243926.1	Hsap_XP_047285638.1	68.0	S	0.0
Lpol_XP_022243925.1	Hsap_XP_047285638.1	68.0	S	0.0
Lpol_XP_022243927.1	Hsap_XP_047285638.1	68.0	S	0.0
Agrpla_XP_018328670.2	Hsap_XP_047285638.1	68.0	S	0.0
Pvan_XP_069969648.1	Hsap_XP_047285638.1	68.0	S	0.0
Bmor_XP_021205389.1	Hsap_XP_047285638.1	68.0	S	0.0
Lpol_XP_022243923.1	Hsap_XP_047285638.1	68.0	S	0.0
Apimel_XP_026294963.1	Hsap_XP_047285638.1	68.0	S	0.0
Lpol_XP_022243928.1	Hsap_XP_047285638.1	68.0	S	0.0
Dpul_XP_046452222.1	Hsap_XP_047285638.1	68.0	S	0.0
Hrob_XP_009031639.1	Hsap_XP_047285638.1	68.0	S	0.0
Ofus_CAH1801472.1	Hsap_XP_047285638.1	68.0	S	0.0
Lpol_XP_013776610.2	Hsap_XP_047285638.1	68.0	S	0.0
Lpol_XP_022243924.1	Hsap_XP_047285638.1	68.0	S	0.0
Agrpla_XP_025836100.1	Hsap_XP_047285638.1	68.0	S	0.0
Scil_XP_065189801.1	Hsap_XP_047285638.1	68.0	S	0.0
Lana_XP_013394792.1	Hsap_XP_047285665.1	68.0	S	0.0
Lpol_XP_013778988.1	Hsap_XP_047285665.1	68.0	S	0.0
Lpol_XP_022243922.1	Hsap_XP_047285665.1	68.0	S	0.0
Bmor_XP_004928906.1	Hsap_XP_047285665.1	68.0	S	0.0
Dpul_XP_046452221.1	Hsap_XP_047285665.1	68.0	S	0.0
Lpol_XP_022243926.1	Hsap_XP_047285665.1	68.0	S	0.0
Lpol_XP_022243925.1	Hsap_XP_047285665.1	68.0	S	0.0
Lpol_XP_022243927.1	Hsap_XP_047285665.1	68.0	S	0.0
Agrpla_XP_018328670.2	Hsap_XP_047285665.1	68.0	S	0.0
Pvan_XP_069969648.1	Hsap_XP_047285665.1	68.0	S	0.0
Bmor_XP_021205389.1	Hsap_XP_047285665.1	68.0	S	0.0
Lpol_XP_022243923.1	Hsap_XP_047285665.1	68.0	S	0.0
Apimel_XP_026294963.1	Hsap_XP_047285665.1	68.0	S	0.0
Lpol_XP_022243928.1	Hsap_XP_047285665.1	68.0	S	0.0
Dpul_XP_046452222.1	Hsap_XP_047285665.1	68.0	S	0.0
Hrob_XP_009031639.1	Hsap_XP_047285665.1	68.0	S	0.0
Ofus_CAH1801472.1	Hsap_XP_047285665.1	68.0	S	0.0
Lpol_XP_013776610.2	Hsap_XP_047285665.1	68.0	S	0.0
Lpol_XP_022243924.1	Hsap_XP_047285665.1	68.0	S	0.0
Agrpla_XP_025836100.1	Hsap_XP_047285665.1	68.0	S	0.0
Scil_XP_065189801.1	Hsap_XP_047285665.1	68.0	S	0.0
Lana_XP_013394792.1	Hsap_XP_005254013.1	68.0	S	0.0
Lpol_XP_013778988.1	Hsap_XP_005254013.1	68.0	S	0.0
Lpol_XP_022243922.1	Hsap_XP_005254013.1	68.0	S	0.0
Bmor_XP_004928906.1	Hsap_XP_005254013.1	68.0	S	0.0
Dpul_XP_046452221.1	Hsap_XP_005254013.1	68.0	S	0.0
Lpol_XP_022243926.1	Hsap_XP_005254013.1	68.0	S	0.0
Lpol_XP_022243925.1	Hsap_XP_005254013.1	68.0	S	0.0
Lpol_XP_022243927.1	Hsap_XP_005254013.1	68.0	S	0.0
Agrpla_XP_018328670.2	Hsap_XP_005254013.1	68.0	S	0.0
Pvan_XP_069969648.1	Hsap_XP_005254013.1	68.0	S	0.0
Bmor_XP_021205389.1	Hsap_XP_005254013.1	68.0	S	0.0
Lpol_XP_022243923.1	Hsap_XP_005254013.1	68.0	S	0.0
Apimel_XP_026294963.1	Hsap_XP_005254013.1	68.0	S	0.0
Lpol_XP_022243928.1	Hsap_XP_005254013.1	68.0	S	0.0
Dpul_XP_046452222.1	Hsap_XP_005254013.1	68.0	S	0.0
Hrob_XP_009031639.1	Hsap_XP_005254013.1	68.0	S	0.0
Ofus_CAH1801472.1	Hsap_XP_005254013.1	68.0	S	0.0
Lpol_XP_013776610.2	Hsap_XP_005254013.1	68.0	S	0.0
Lpol_XP_022243924.1	Hsap_XP_005254013.1	68.0	S	0.0
Agrpla_XP_025836100.1	Hsap_XP_005254013.1	68.0	S	0.0
Scil_XP_065189801.1	Hsap_XP_005254013.1	68.0	S	0.0
Lana_XP_013394792.1	Hsap_XP_047285652.1	68.0	S	0.0
Lpol_XP_013778988.1	Hsap_XP_047285652.1	68.0	S	0.0
Lpol_XP_022243922.1	Hsap_XP_047285652.1	68.0	S	0.0
Bmor_XP_004928906.1	Hsap_XP_047285652.1	68.0	S	0.0
Dpul_XP_046452221.1	Hsap_XP_047285652.1	68.0	S	0.0
Lpol_XP_022243926.1	Hsap_XP_047285652.1	68.0	S	0.0
Lpol_XP_022243925.1	Hsap_XP_047285652.1	68.0	S	0.0
Lpol_XP_022243927.1	Hsap_XP_047285652.1	68.0	S	0.0
Agrpla_XP_018328670.2	Hsap_XP_047285652.1	68.0	S	0.0
Pvan_XP_069969648.1	Hsap_XP_047285652.1	68.0	S	0.0
Bmor_XP_021205389.1	Hsap_XP_047285652.1	68.0	S	0.0
Lpol_XP_022243923.1	Hsap_XP_047285652.1	68.0	S	0.0
Apimel_XP_026294963.1	Hsap_XP_047285652.1	68.0	S	0.0
Lpol_XP_022243928.1	Hsap_XP_047285652.1	68.0	S	0.0
Dpul_XP_046452222.1	Hsap_XP_047285652.1	68.0	S	0.0
Hrob_XP_009031639.1	Hsap_XP_047285652.1	68.0	S	0.0
Ofus_CAH1801472.1	Hsap_XP_047285652.1	68.0	S	0.0
Lpol_XP_013776610.2	Hsap_XP_047285652.1	68.0	S	0.0
Lpol_XP_022243924.1	Hsap_XP_047285652.1	68.0	S	0.0
Agrpla_XP_025836100.1	Hsap_XP_047285652.1	68.0	S	0.0
Scil_XP_065189801.1	Hsap_XP_047285652.1	68.0	S	0.0
Lana_XP_013394792.1	Hsap_XP_047285637.1	68.0	S	0.0
Lpol_XP_013778988.1	Hsap_XP_047285637.1	68.0	S	0.0
Lpol_XP_022243922.1	Hsap_XP_047285637.1	68.0	S	0.0
Bmor_XP_004928906.1	Hsap_XP_047285637.1	68.0	S	0.0
Dpul_XP_046452221.1	Hsap_XP_047285637.1	68.0	S	0.0
Lpol_XP_022243926.1	Hsap_XP_047285637.1	68.0	S	0.0
Lpol_XP_022243925.1	Hsap_XP_047285637.1	68.0	S	0.0
Lpol_XP_022243927.1	Hsap_XP_047285637.1	68.0	S	0.0
Agrpla_XP_018328670.2	Hsap_XP_047285637.1	68.0	S	0.0
Pvan_XP_069969648.1	Hsap_XP_047285637.1	68.0	S	0.0
Bmor_XP_021205389.1	Hsap_XP_047285637.1	68.0	S	0.0
Lpol_XP_022243923.1	Hsap_XP_047285637.1	68.0	S	0.0
Apimel_XP_026294963.1	Hsap_XP_047285637.1	68.0	S	0.0
Lpol_XP_022243928.1	Hsap_XP_047285637.1	68.0	S	0.0
Dpul_XP_046452222.1	Hsap_XP_047285637.1	68.0	S	0.0
Hrob_XP_009031639.1	Hsap_XP_047285637.1	68.0	S	0.0
Ofus_CAH1801472.1	Hsap_XP_047285637.1	68.0	S	0.0
Lpol_XP_013776610.2	Hsap_XP_047285637.1	68.0	S	0.0
Lpol_XP_022243924.1	Hsap_XP_047285637.1	68.0	S	0.0
Agrpla_XP_025836100.1	Hsap_XP_047285637.1	68.0	S	0.0
Scil_XP_065189801.1	Hsap_XP_047285637.1	68.0	S	0.0
Lana_XP_013394792.1	Hsap_XP_047285664.1	68.0	S	0.0
Lpol_XP_013778988.1	Hsap_XP_047285664.1	68.0	S	0.0
Lpol_XP_022243922.1	Hsap_XP_047285664.1	68.0	S	0.0
Bmor_XP_004928906.1	Hsap_XP_047285664.1	68.0	S	0.0
Dpul_XP_046452221.1	Hsap_XP_047285664.1	68.0	S	0.0
Lpol_XP_022243926.1	Hsap_XP_047285664.1	68.0	S	0.0
Lpol_XP_022243925.1	Hsap_XP_047285664.1	68.0	S	0.0
Lpol_XP_022243927.1	Hsap_XP_047285664.1	68.0	S	0.0
Agrpla_XP_018328670.2	Hsap_XP_047285664.1	68.0	S	0.0
Pvan_XP_069969648.1	Hsap_XP_047285664.1	68.0	S	0.0
Bmor_XP_021205389.1	Hsap_XP_047285664.1	68.0	S	0.0
Lpol_XP_022243923.1	Hsap_XP_047285664.1	68.0	S	0.0
Apimel_XP_026294963.1	Hsap_XP_047285664.1	68.0	S	0.0
Lpol_XP_022243928.1	Hsap_XP_047285664.1	68.0	S	0.0
Dpul_XP_046452222.1	Hsap_XP_047285664.1	68.0	S	0.0
Hrob_XP_009031639.1	Hsap_XP_047285664.1	68.0	S	0.0
Ofus_CAH1801472.1	Hsap_XP_047285664.1	68.0	S	0.0
Lpol_XP_013776610.2	Hsap_XP_047285664.1	68.0	S	0.0
Lpol_XP_022243924.1	Hsap_XP_047285664.1	68.0	S	0.0
Agrpla_XP_025836100.1	Hsap_XP_047285664.1	68.0	S	0.0
Scil_XP_065189801.1	Hsap_XP_047285664.1	68.0	S	0.0
Lana_XP_013394792.1	Xtro_XP_031748498.1	68.0	S	0.0
Lpol_XP_013778988.1	Xtro_XP_031748498.1	68.0	S	0.0
Lpol_XP_022243922.1	Xtro_XP_031748498.1	68.0	S	0.0
Bmor_XP_004928906.1	Xtro_XP_031748498.1	68.0	S	0.0
Dpul_XP_046452221.1	Xtro_XP_031748498.1	68.0	S	0.0
Lpol_XP_022243926.1	Xtro_XP_031748498.1	68.0	S	0.0
Lpol_XP_022243925.1	Xtro_XP_031748498.1	68.0	S	0.0
Lpol_XP_022243927.1	Xtro_XP_031748498.1	68.0	S	0.0
Agrpla_XP_018328670.2	Xtro_XP_031748498.1	68.0	S	0.0
Pvan_XP_069969648.1	Xtro_XP_031748498.1	68.0	S	0.0
Bmor_XP_021205389.1	Xtro_XP_031748498.1	68.0	S	0.0
Lpol_XP_022243923.1	Xtro_XP_031748498.1	68.0	S	0.0
Apimel_XP_026294963.1	Xtro_XP_031748498.1	68.0	S	0.0
Lpol_XP_022243928.1	Xtro_XP_031748498.1	68.0	S	0.0
Dpul_XP_046452222.1	Xtro_XP_031748498.1	68.0	S	0.0
Hrob_XP_009031639.1	Xtro_XP_031748498.1	68.0	S	0.0
Ofus_CAH1801472.1	Xtro_XP_031748498.1	68.0	S	0.0
Lpol_XP_013776610.2	Xtro_XP_031748498.1	68.0	S	0.0
Lpol_XP_022243924.1	Xtro_XP_031748498.1	68.0	S	0.0
Agrpla_XP_025836100.1	Xtro_XP_031748498.1	68.0	S	0.0
Scil_XP_065189801.1	Xtro_XP_031748498.1	68.0	S	0.0
Lana_XP_013394792.1	Ggal_XP_040504334.1	68.0	S	0.0
Lpol_XP_013778988.1	Ggal_XP_040504334.1	68.0	S	0.0
Lpol_XP_022243922.1	Ggal_XP_040504334.1	68.0	S	0.0
Bmor_XP_004928906.1	Ggal_XP_040504334.1	68.0	S	0.0
Dpul_XP_046452221.1	Ggal_XP_040504334.1	68.0	S	0.0
Lpol_XP_022243926.1	Ggal_XP_040504334.1	68.0	S	0.0
Lpol_XP_022243925.1	Ggal_XP_040504334.1	68.0	S	0.0
Lpol_XP_022243927.1	Ggal_XP_040504334.1	68.0	S	0.0
Agrpla_XP_018328670.2	Ggal_XP_040504334.1	68.0	S	0.0
Pvan_XP_069969648.1	Ggal_XP_040504334.1	68.0	S	0.0
Bmor_XP_021205389.1	Ggal_XP_040504334.1	68.0	S	0.0
Lpol_XP_022243923.1	Ggal_XP_040504334.1	68.0	S	0.0
Apimel_XP_026294963.1	Ggal_XP_040504334.1	68.0	S	0.0
Lpol_XP_022243928.1	Ggal_XP_040504334.1	68.0	S	0.0
Dpul_XP_046452222.1	Ggal_XP_040504334.1	68.0	S	0.0
Hrob_XP_009031639.1	Ggal_XP_040504334.1	68.0	S	0.0
Ofus_CAH1801472.1	Ggal_XP_040504334.1	68.0	S	0.0
Lpol_XP_013776610.2	Ggal_XP_040504334.1	68.0	S	0.0
Lpol_XP_022243924.1	Ggal_XP_040504334.1	68.0	S	0.0
Agrpla_XP_025836100.1	Ggal_XP_040504334.1	68.0	S	0.0
Scil_XP_065189801.1	Ggal_XP_040504334.1	68.0	S	0.0
Lana_XP_013394792.1	Ggal_XP_004945616.1	68.0	S	0.0
Lpol_XP_013778988.1	Ggal_XP_004945616.1	68.0	S	0.0
Lpol_XP_022243922.1	Ggal_XP_004945616.1	68.0	S	0.0
Bmor_XP_004928906.1	Ggal_XP_004945616.1	68.0	S	0.0
Dpul_XP_046452221.1	Ggal_XP_004945616.1	68.0	S	0.0
Lpol_XP_022243926.1	Ggal_XP_004945616.1	68.0	S	0.0
Lpol_XP_022243925.1	Ggal_XP_004945616.1	68.0	S	0.0
Lpol_XP_022243927.1	Ggal_XP_004945616.1	68.0	S	0.0
Agrpla_XP_018328670.2	Ggal_XP_004945616.1	68.0	S	0.0
Pvan_XP_069969648.1	Ggal_XP_004945616.1	68.0	S	0.0
Bmor_XP_021205389.1	Ggal_XP_004945616.1	68.0	S	0.0
Lpol_XP_022243923.1	Ggal_XP_004945616.1	68.0	S	0.0
Apimel_XP_026294963.1	Ggal_XP_004945616.1	68.0	S	0.0
Lpol_XP_022243928.1	Ggal_XP_004945616.1	68.0	S	0.0
Dpul_XP_046452222.1	Ggal_XP_004945616.1	68.0	S	0.0
Hrob_XP_009031639.1	Ggal_XP_004945616.1	68.0	S	0.0
Ofus_CAH1801472.1	Ggal_XP_004945616.1	68.0	S	0.0
Lpol_XP_013776610.2	Ggal_XP_004945616.1	68.0	S	0.0
Lpol_XP_022243924.1	Ggal_XP_004945616.1	68.0	S	0.0
Agrpla_XP_025836100.1	Ggal_XP_004945616.1	68.0	S	0.0
Scil_XP_065189801.1	Ggal_XP_004945616.1	68.0	S	0.0
Lana_XP_013394792.1	Xtro_XP_031748491.1	68.0	S	0.0
Lpol_XP_013778988.1	Xtro_XP_031748491.1	68.0	S	0.0
Lpol_XP_022243922.1	Xtro_XP_031748491.1	68.0	S	0.0
Bmor_XP_004928906.1	Xtro_XP_031748491.1	68.0	S	0.0
Dpul_XP_046452221.1	Xtro_XP_031748491.1	68.0	S	0.0
Lpol_XP_022243926.1	Xtro_XP_031748491.1	68.0	S	0.0
Lpol_XP_022243925.1	Xtro_XP_031748491.1	68.0	S	0.0
Lpol_XP_022243927.1	Xtro_XP_031748491.1	68.0	S	0.0
Agrpla_XP_018328670.2	Xtro_XP_031748491.1	68.0	S	0.0
Pvan_XP_069969648.1	Xtro_XP_031748491.1	68.0	S	0.0
Bmor_XP_021205389.1	Xtro_XP_031748491.1	68.0	S	0.0
Lpol_XP_022243923.1	Xtro_XP_031748491.1	68.0	S	0.0
Apimel_XP_026294963.1	Xtro_XP_031748491.1	68.0	S	0.0
Lpol_XP_022243928.1	Xtro_XP_031748491.1	68.0	S	0.0
Dpul_XP_046452222.1	Xtro_XP_031748491.1	68.0	S	0.0
Hrob_XP_009031639.1	Xtro_XP_031748491.1	68.0	S	0.0
Ofus_CAH1801472.1	Xtro_XP_031748491.1	68.0	S	0.0
Lpol_XP_013776610.2	Xtro_XP_031748491.1	68.0	S	0.0
Lpol_XP_022243924.1	Xtro_XP_031748491.1	68.0	S	0.0
Agrpla_XP_025836100.1	Xtro_XP_031748491.1	68.0	S	0.0
Scil_XP_065189801.1	Xtro_XP_031748491.1	68.0	S	0.0
Lana_XP_013394792.1	Ggal_XP_004945613.1	68.0	S	0.0
Lpol_XP_013778988.1	Ggal_XP_004945613.1	68.0	S	0.0
Lpol_XP_022243922.1	Ggal_XP_004945613.1	68.0	S	0.0
Bmor_XP_004928906.1	Ggal_XP_004945613.1	68.0	S	0.0
Dpul_XP_046452221.1	Ggal_XP_004945613.1	68.0	S	0.0
Lpol_XP_022243926.1	Ggal_XP_004945613.1	68.0	S	0.0
Lpol_XP_022243925.1	Ggal_XP_004945613.1	68.0	S	0.0
Lpol_XP_022243927.1	Ggal_XP_004945613.1	68.0	S	0.0
Agrpla_XP_018328670.2	Ggal_XP_004945613.1	68.0	S	0.0
Pvan_XP_069969648.1	Ggal_XP_004945613.1	68.0	S	0.0
Bmor_XP_021205389.1	Ggal_XP_004945613.1	68.0	S	0.0
Lpol_XP_022243923.1	Ggal_XP_004945613.1	68.0	S	0.0
Apimel_XP_026294963.1	Ggal_XP_004945613.1	68.0	S	0.0
Lpol_XP_022243928.1	Ggal_XP_004945613.1	68.0	S	0.0
Dpul_XP_046452222.1	Ggal_XP_004945613.1	68.0	S	0.0
Hrob_XP_009031639.1	Ggal_XP_004945613.1	68.0	S	0.0
Ofus_CAH1801472.1	Ggal_XP_004945613.1	68.0	S	0.0
Lpol_XP_013776610.2	Ggal_XP_004945613.1	68.0	S	0.0
Lpol_XP_022243924.1	Ggal_XP_004945613.1	68.0	S	0.0
Agrpla_XP_025836100.1	Ggal_XP_004945613.1	68.0	S	0.0
Scil_XP_065189801.1	Ggal_XP_004945613.1	68.0	S	0.0
Lana_XP_013394792.1	Ggal_XP_046757210.1	68.0	S	0.0
Lpol_XP_013778988.1	Ggal_XP_046757210.1	68.0	S	0.0
Lpol_XP_022243922.1	Ggal_XP_046757210.1	68.0	S	0.0
Bmor_XP_004928906.1	Ggal_XP_046757210.1	68.0	S	0.0
Dpul_XP_046452221.1	Ggal_XP_046757210.1	68.0	S	0.0
Lpol_XP_022243926.1	Ggal_XP_046757210.1	68.0	S	0.0
Lpol_XP_022243925.1	Ggal_XP_046757210.1	68.0	S	0.0
Lpol_XP_022243927.1	Ggal_XP_046757210.1	68.0	S	0.0
Agrpla_XP_018328670.2	Ggal_XP_046757210.1	68.0	S	0.0
Pvan_XP_069969648.1	Ggal_XP_046757210.1	68.0	S	0.0
Bmor_XP_021205389.1	Ggal_XP_046757210.1	68.0	S	0.0
Lpol_XP_022243923.1	Ggal_XP_046757210.1	68.0	S	0.0
Apimel_XP_026294963.1	Ggal_XP_046757210.1	68.0	S	0.0
Lpol_XP_022243928.1	Ggal_XP_046757210.1	68.0	S	0.0
Dpul_XP_046452222.1	Ggal_XP_046757210.1	68.0	S	0.0
Hrob_XP_009031639.1	Ggal_XP_046757210.1	68.0	S	0.0
Ofus_CAH1801472.1	Ggal_XP_046757210.1	68.0	S	0.0
Lpol_XP_013776610.2	Ggal_XP_046757210.1	68.0	S	0.0
Lpol_XP_022243924.1	Ggal_XP_046757210.1	68.0	S	0.0
Agrpla_XP_025836100.1	Ggal_XP_046757210.1	68.0	S	0.0
Scil_XP_065189801.1	Ggal_XP_046757210.1	68.0	S	0.0
Lana_XP_013394792.1	Xtro_XP_031748490.1	68.0	S	0.0
Lpol_XP_013778988.1	Xtro_XP_031748490.1	68.0	S	0.0
Lpol_XP_022243922.1	Xtro_XP_031748490.1	68.0	S	0.0
Bmor_XP_004928906.1	Xtro_XP_031748490.1	68.0	S	0.0
Dpul_XP_046452221.1	Xtro_XP_031748490.1	68.0	S	0.0
Lpol_XP_022243926.1	Xtro_XP_031748490.1	68.0	S	0.0
Lpol_XP_022243925.1	Xtro_XP_031748490.1	68.0	S	0.0
Lpol_XP_022243927.1	Xtro_XP_031748490.1	68.0	S	0.0
Agrpla_XP_018328670.2	Xtro_XP_031748490.1	68.0	S	0.0
Pvan_XP_069969648.1	Xtro_XP_031748490.1	68.0	S	0.0
Bmor_XP_021205389.1	Xtro_XP_031748490.1	68.0	S	0.0
Lpol_XP_022243923.1	Xtro_XP_031748490.1	68.0	S	0.0
Apimel_XP_026294963.1	Xtro_XP_031748490.1	68.0	S	0.0
Lpol_XP_022243928.1	Xtro_XP_031748490.1	68.0	S	0.0
Dpul_XP_046452222.1	Xtro_XP_031748490.1	68.0	S	0.0
Hrob_XP_009031639.1	Xtro_XP_031748490.1	68.0	S	0.0
Ofus_CAH1801472.1	Xtro_XP_031748490.1	68.0	S	0.0
Lpol_XP_013776610.2	Xtro_XP_031748490.1	68.0	S	0.0
Lpol_XP_022243924.1	Xtro_XP_031748490.1	68.0	S	0.0
Agrpla_XP_025836100.1	Xtro_XP_031748490.1	68.0	S	0.0
Scil_XP_065189801.1	Xtro_XP_031748490.1	68.0	S	0.0
Lana_XP_013394792.1	Ggal_XP_004945614.1	68.0	S	0.0
Lpol_XP_013778988.1	Ggal_XP_004945614.1	68.0	S	0.0
Lpol_XP_022243922.1	Ggal_XP_004945614.1	68.0	S	0.0
Bmor_XP_004928906.1	Ggal_XP_004945614.1	68.0	S	0.0
Dpul_XP_046452221.1	Ggal_XP_004945614.1	68.0	S	0.0
Lpol_XP_022243926.1	Ggal_XP_004945614.1	68.0	S	0.0
Lpol_XP_022243925.1	Ggal_XP_004945614.1	68.0	S	0.0
Lpol_XP_022243927.1	Ggal_XP_004945614.1	68.0	S	0.0
Agrpla_XP_018328670.2	Ggal_XP_004945614.1	68.0	S	0.0
Pvan_XP_069969648.1	Ggal_XP_004945614.1	68.0	S	0.0
Bmor_XP_021205389.1	Ggal_XP_004945614.1	68.0	S	0.0
Lpol_XP_022243923.1	Ggal_XP_004945614.1	68.0	S	0.0
Apimel_XP_026294963.1	Ggal_XP_004945614.1	68.0	S	0.0
Lpol_XP_022243928.1	Ggal_XP_004945614.1	68.0	S	0.0
Dpul_XP_046452222.1	Ggal_XP_004945614.1	68.0	S	0.0
Hrob_XP_009031639.1	Ggal_XP_004945614.1	68.0	S	0.0
Ofus_CAH1801472.1	Ggal_XP_004945614.1	68.0	S	0.0
Lpol_XP_013776610.2	Ggal_XP_004945614.1	68.0	S	0.0
Lpol_XP_022243924.1	Ggal_XP_004945614.1	68.0	S	0.0
Agrpla_XP_025836100.1	Ggal_XP_004945614.1	68.0	S	0.0
Scil_XP_065189801.1	Ggal_XP_004945614.1	68.0	S	0.0
Lana_XP_013394792.1	Hsap_XP_047285646.1	68.0	S	0.0
Lpol_XP_013778988.1	Hsap_XP_047285646.1	68.0	S	0.0
Lpol_XP_022243922.1	Hsap_XP_047285646.1	68.0	S	0.0
Bmor_XP_004928906.1	Hsap_XP_047285646.1	68.0	S	0.0
Dpul_XP_046452221.1	Hsap_XP_047285646.1	68.0	S	0.0
Lpol_XP_022243926.1	Hsap_XP_047285646.1	68.0	S	0.0
Lpol_XP_022243925.1	Hsap_XP_047285646.1	68.0	S	0.0
Lpol_XP_022243927.1	Hsap_XP_047285646.1	68.0	S	0.0
Agrpla_XP_018328670.2	Hsap_XP_047285646.1	68.0	S	0.0
Pvan_XP_069969648.1	Hsap_XP_047285646.1	68.0	S	0.0
Bmor_XP_021205389.1	Hsap_XP_047285646.1	68.0	S	0.0
Lpol_XP_022243923.1	Hsap_XP_047285646.1	68.0	S	0.0
Apimel_XP_026294963.1	Hsap_XP_047285646.1	68.0	S	0.0
Lpol_XP_022243928.1	Hsap_XP_047285646.1	68.0	S	0.0
Dpul_XP_046452222.1	Hsap_XP_047285646.1	68.0	S	0.0
Hrob_XP_009031639.1	Hsap_XP_047285646.1	68.0	S	0.0
Ofus_CAH1801472.1	Hsap_XP_047285646.1	68.0	S	0.0
Lpol_XP_013776610.2	Hsap_XP_047285646.1	68.0	S	0.0
Lpol_XP_022243924.1	Hsap_XP_047285646.1	68.0	S	0.0
Agrpla_XP_025836100.1	Hsap_XP_047285646.1	68.0	S	0.0
Scil_XP_065189801.1	Hsap_XP_047285646.1	68.0	S	0.0
Lana_XP_013394792.1	Drer_XP_068079819.1	68.0	S	0.0
Lpol_XP_013778988.1	Drer_XP_068079819.1	68.0	S	0.0
Lpol_XP_022243922.1	Drer_XP_068079819.1	68.0	S	0.0
Bmor_XP_004928906.1	Drer_XP_068079819.1	68.0	S	0.0
Dpul_XP_046452221.1	Drer_XP_068079819.1	68.0	S	0.0
Lpol_XP_022243926.1	Drer_XP_068079819.1	68.0	S	0.0
Lpol_XP_022243925.1	Drer_XP_068079819.1	68.0	S	0.0
Lpol_XP_022243927.1	Drer_XP_068079819.1	68.0	S	0.0
Agrpla_XP_018328670.2	Drer_XP_068079819.1	68.0	S	0.0
Pvan_XP_069969648.1	Drer_XP_068079819.1	68.0	S	0.0
Bmor_XP_021205389.1	Drer_XP_068079819.1	68.0	S	0.0
Lpol_XP_022243923.1	Drer_XP_068079819.1	68.0	S	0.0
Apimel_XP_026294963.1	Drer_XP_068079819.1	68.0	S	0.0
Lpol_XP_022243928.1	Drer_XP_068079819.1	68.0	S	0.0
Dpul_XP_046452222.1	Drer_XP_068079819.1	68.0	S	0.0
Hrob_XP_009031639.1	Drer_XP_068079819.1	68.0	S	0.0
Ofus_CAH1801472.1	Drer_XP_068079819.1	68.0	S	0.0
Lpol_XP_013776610.2	Drer_XP_068079819.1	68.0	S	0.0
Lpol_XP_022243924.1	Drer_XP_068079819.1	68.0	S	0.0
Agrpla_XP_025836100.1	Drer_XP_068079819.1	68.0	S	0.0
Scil_XP_065189801.1	Drer_XP_068079819.1	68.0	S	0.0
Lana_XP_013394792.1	Ggal_XP_004945610.1	68.0	S	0.0
Lpol_XP_013778988.1	Ggal_XP_004945610.1	68.0	S	0.0
Lpol_XP_022243922.1	Ggal_XP_004945610.1	68.0	S	0.0
Bmor_XP_004928906.1	Ggal_XP_004945610.1	68.0	S	0.0
Dpul_XP_046452221.1	Ggal_XP_004945610.1	68.0	S	0.0
Lpol_XP_022243926.1	Ggal_XP_004945610.1	68.0	S	0.0
Lpol_XP_022243925.1	Ggal_XP_004945610.1	68.0	S	0.0
Lpol_XP_022243927.1	Ggal_XP_004945610.1	68.0	S	0.0
Agrpla_XP_018328670.2	Ggal_XP_004945610.1	68.0	S	0.0
Pvan_XP_069969648.1	Ggal_XP_004945610.1	68.0	S	0.0
Bmor_XP_021205389.1	Ggal_XP_004945610.1	68.0	S	0.0
Lpol_XP_022243923.1	Ggal_XP_004945610.1	68.0	S	0.0
Apimel_XP_026294963.1	Ggal_XP_004945610.1	68.0	S	0.0
Lpol_XP_022243928.1	Ggal_XP_004945610.1	68.0	S	0.0
Dpul_XP_046452222.1	Ggal_XP_004945610.1	68.0	S	0.0
Hrob_XP_009031639.1	Ggal_XP_004945610.1	68.0	S	0.0
Ofus_CAH1801472.1	Ggal_XP_004945610.1	68.0	S	0.0
Lpol_XP_013776610.2	Ggal_XP_004945610.1	68.0	S	0.0
Lpol_XP_022243924.1	Ggal_XP_004945610.1	68.0	S	0.0
Agrpla_XP_025836100.1	Ggal_XP_004945610.1	68.0	S	0.0
Scil_XP_065189801.1	Ggal_XP_004945610.1	68.0	S	0.0
Lana_XP_013394792.1	Hsap_XP_047285663.1	68.0	S	0.0
Lpol_XP_013778988.1	Hsap_XP_047285663.1	68.0	S	0.0
Lpol_XP_022243922.1	Hsap_XP_047285663.1	68.0	S	0.0
Bmor_XP_004928906.1	Hsap_XP_047285663.1	68.0	S	0.0
Dpul_XP_046452221.1	Hsap_XP_047285663.1	68.0	S	0.0
Lpol_XP_022243926.1	Hsap_XP_047285663.1	68.0	S	0.0
Lpol_XP_022243925.1	Hsap_XP_047285663.1	68.0	S	0.0
Lpol_XP_022243927.1	Hsap_XP_047285663.1	68.0	S	0.0
Agrpla_XP_018328670.2	Hsap_XP_047285663.1	68.0	S	0.0
Pvan_XP_069969648.1	Hsap_XP_047285663.1	68.0	S	0.0
Bmor_XP_021205389.1	Hsap_XP_047285663.1	68.0	S	0.0
Lpol_XP_022243923.1	Hsap_XP_047285663.1	68.0	S	0.0
Apimel_XP_026294963.1	Hsap_XP_047285663.1	68.0	S	0.0
Lpol_XP_022243928.1	Hsap_XP_047285663.1	68.0	S	0.0
Dpul_XP_046452222.1	Hsap_XP_047285663.1	68.0	S	0.0
Hrob_XP_009031639.1	Hsap_XP_047285663.1	68.0	S	0.0
Ofus_CAH1801472.1	Hsap_XP_047285663.1	68.0	S	0.0
Lpol_XP_013776610.2	Hsap_XP_047285663.1	68.0	S	0.0
Lpol_XP_022243924.1	Hsap_XP_047285663.1	68.0	S	0.0
Agrpla_XP_025836100.1	Hsap_XP_047285663.1	68.0	S	0.0
Scil_XP_065189801.1	Hsap_XP_047285663.1	68.0	S	0.0
Lana_XP_013394792.1	Hsap_XP_047285661.1	68.0	S	0.0
Lpol_XP_013778988.1	Hsap_XP_047285661.1	68.0	S	0.0
Lpol_XP_022243922.1	Hsap_XP_047285661.1	68.0	S	0.0
Bmor_XP_004928906.1	Hsap_XP_047285661.1	68.0	S	0.0
Dpul_XP_046452221.1	Hsap_XP_047285661.1	68.0	S	0.0
Lpol_XP_022243926.1	Hsap_XP_047285661.1	68.0	S	0.0
Lpol_XP_022243925.1	Hsap_XP_047285661.1	68.0	S	0.0
Lpol_XP_022243927.1	Hsap_XP_047285661.1	68.0	S	0.0
Agrpla_XP_018328670.2	Hsap_XP_047285661.1	68.0	S	0.0
Pvan_XP_069969648.1	Hsap_XP_047285661.1	68.0	S	0.0
Bmor_XP_021205389.1	Hsap_XP_047285661.1	68.0	S	0.0
Lpol_XP_022243923.1	Hsap_XP_047285661.1	68.0	S	0.0
Apimel_XP_026294963.1	Hsap_XP_047285661.1	68.0	S	0.0
Lpol_XP_022243928.1	Hsap_XP_047285661.1	68.0	S	0.0
Dpul_XP_046452222.1	Hsap_XP_047285661.1	68.0	S	0.0
Hrob_XP_009031639.1	Hsap_XP_047285661.1	68.0	S	0.0
Ofus_CAH1801472.1	Hsap_XP_047285661.1	68.0	S	0.0
Lpol_XP_013776610.2	Hsap_XP_047285661.1	68.0	S	0.0
Lpol_XP_022243924.1	Hsap_XP_047285661.1	68.0	S	0.0
Agrpla_XP_025836100.1	Hsap_XP_047285661.1	68.0	S	0.0
Scil_XP_065189801.1	Hsap_XP_047285661.1	68.0	S	0.0
Lana_XP_013394792.1	Hsap_XP_047285657.1	68.0	S	0.0
Lpol_XP_013778988.1	Hsap_XP_047285657.1	68.0	S	0.0
Lpol_XP_022243922.1	Hsap_XP_047285657.1	68.0	S	0.0
Bmor_XP_004928906.1	Hsap_XP_047285657.1	68.0	S	0.0
Dpul_XP_046452221.1	Hsap_XP_047285657.1	68.0	S	0.0
Lpol_XP_022243926.1	Hsap_XP_047285657.1	68.0	S	0.0
Lpol_XP_022243925.1	Hsap_XP_047285657.1	68.0	S	0.0
Lpol_XP_022243927.1	Hsap_XP_047285657.1	68.0	S	0.0
Agrpla_XP_018328670.2	Hsap_XP_047285657.1	68.0	S	0.0
Pvan_XP_069969648.1	Hsap_XP_047285657.1	68.0	S	0.0
Bmor_XP_021205389.1	Hsap_XP_047285657.1	68.0	S	0.0
Lpol_XP_022243923.1	Hsap_XP_047285657.1	68.0	S	0.0
Apimel_XP_026294963.1	Hsap_XP_047285657.1	68.0	S	0.0
Lpol_XP_022243928.1	Hsap_XP_047285657.1	68.0	S	0.0
Dpul_XP_046452222.1	Hsap_XP_047285657.1	68.0	S	0.0
Hrob_XP_009031639.1	Hsap_XP_047285657.1	68.0	S	0.0
Ofus_CAH1801472.1	Hsap_XP_047285657.1	68.0	S	0.0
Lpol_XP_013776610.2	Hsap_XP_047285657.1	68.0	S	0.0
Lpol_XP_022243924.1	Hsap_XP_047285657.1	68.0	S	0.0
Agrpla_XP_025836100.1	Hsap_XP_047285657.1	68.0	S	0.0
Scil_XP_065189801.1	Hsap_XP_047285657.1	68.0	S	0.0
Lana_XP_013394792.1	Hsap_XP_047285659.1	68.0	S	0.0
Lpol_XP_013778988.1	Hsap_XP_047285659.1	68.0	S	0.0
Lpol_XP_022243922.1	Hsap_XP_047285659.1	68.0	S	0.0
Bmor_XP_004928906.1	Hsap_XP_047285659.1	68.0	S	0.0
Dpul_XP_046452221.1	Hsap_XP_047285659.1	68.0	S	0.0
Lpol_XP_022243926.1	Hsap_XP_047285659.1	68.0	S	0.0
Lpol_XP_022243925.1	Hsap_XP_047285659.1	68.0	S	0.0
Lpol_XP_022243927.1	Hsap_XP_047285659.1	68.0	S	0.0
Agrpla_XP_018328670.2	Hsap_XP_047285659.1	68.0	S	0.0
Pvan_XP_069969648.1	Hsap_XP_047285659.1	68.0	S	0.0
Bmor_XP_021205389.1	Hsap_XP_047285659.1	68.0	S	0.0
Lpol_XP_022243923.1	Hsap_XP_047285659.1	68.0	S	0.0
Apimel_XP_026294963.1	Hsap_XP_047285659.1	68.0	S	0.0
Lpol_XP_022243928.1	Hsap_XP_047285659.1	68.0	S	0.0
Dpul_XP_046452222.1	Hsap_XP_047285659.1	68.0	S	0.0
Hrob_XP_009031639.1	Hsap_XP_047285659.1	68.0	S	0.0
Ofus_CAH1801472.1	Hsap_XP_047285659.1	68.0	S	0.0
Lpol_XP_013776610.2	Hsap_XP_047285659.1	68.0	S	0.0
Lpol_XP_022243924.1	Hsap_XP_047285659.1	68.0	S	0.0
Agrpla_XP_025836100.1	Hsap_XP_047285659.1	68.0	S	0.0
Scil_XP_065189801.1	Hsap_XP_047285659.1	68.0	S	0.0
Lana_XP_013394792.1	Hsap_XP_047285644.1	68.0	S	0.0
Lpol_XP_013778988.1	Hsap_XP_047285644.1	68.0	S	0.0
Lpol_XP_022243922.1	Hsap_XP_047285644.1	68.0	S	0.0
Bmor_XP_004928906.1	Hsap_XP_047285644.1	68.0	S	0.0
Dpul_XP_046452221.1	Hsap_XP_047285644.1	68.0	S	0.0
Lpol_XP_022243926.1	Hsap_XP_047285644.1	68.0	S	0.0
Lpol_XP_022243925.1	Hsap_XP_047285644.1	68.0	S	0.0
Lpol_XP_022243927.1	Hsap_XP_047285644.1	68.0	S	0.0
Agrpla_XP_018328670.2	Hsap_XP_047285644.1	68.0	S	0.0
Pvan_XP_069969648.1	Hsap_XP_047285644.1	68.0	S	0.0
Bmor_XP_021205389.1	Hsap_XP_047285644.1	68.0	S	0.0
Lpol_XP_022243923.1	Hsap_XP_047285644.1	68.0	S	0.0
Apimel_XP_026294963.1	Hsap_XP_047285644.1	68.0	S	0.0
Lpol_XP_022243928.1	Hsap_XP_047285644.1	68.0	S	0.0
Dpul_XP_046452222.1	Hsap_XP_047285644.1	68.0	S	0.0
Hrob_XP_009031639.1	Hsap_XP_047285644.1	68.0	S	0.0
Ofus_CAH1801472.1	Hsap_XP_047285644.1	68.0	S	0.0
Lpol_XP_013776610.2	Hsap_XP_047285644.1	68.0	S	0.0
Lpol_XP_022243924.1	Hsap_XP_047285644.1	68.0	S	0.0
Agrpla_XP_025836100.1	Hsap_XP_047285644.1	68.0	S	0.0
Scil_XP_065189801.1	Hsap_XP_047285644.1	68.0	S	0.0
Lana_XP_013394792.1	Hsap_XP_047285662.1	68.0	S	0.0
Lpol_XP_013778988.1	Hsap_XP_047285662.1	68.0	S	0.0
Lpol_XP_022243922.1	Hsap_XP_047285662.1	68.0	S	0.0
Bmor_XP_004928906.1	Hsap_XP_047285662.1	68.0	S	0.0
Dpul_XP_046452221.1	Hsap_XP_047285662.1	68.0	S	0.0
Lpol_XP_022243926.1	Hsap_XP_047285662.1	68.0	S	0.0
Lpol_XP_022243925.1	Hsap_XP_047285662.1	68.0	S	0.0
Lpol_XP_022243927.1	Hsap_XP_047285662.1	68.0	S	0.0
Agrpla_XP_018328670.2	Hsap_XP_047285662.1	68.0	S	0.0
Pvan_XP_069969648.1	Hsap_XP_047285662.1	68.0	S	0.0
Bmor_XP_021205389.1	Hsap_XP_047285662.1	68.0	S	0.0
Lpol_XP_022243923.1	Hsap_XP_047285662.1	68.0	S	0.0
Apimel_XP_026294963.1	Hsap_XP_047285662.1	68.0	S	0.0
Lpol_XP_022243928.1	Hsap_XP_047285662.1	68.0	S	0.0
Dpul_XP_046452222.1	Hsap_XP_047285662.1	68.0	S	0.0
Hrob_XP_009031639.1	Hsap_XP_047285662.1	68.0	S	0.0
Ofus_CAH1801472.1	Hsap_XP_047285662.1	68.0	S	0.0
Lpol_XP_013776610.2	Hsap_XP_047285662.1	68.0	S	0.0
Lpol_XP_022243924.1	Hsap_XP_047285662.1	68.0	S	0.0
Agrpla_XP_025836100.1	Hsap_XP_047285662.1	68.0	S	0.0
Scil_XP_065189801.1	Hsap_XP_047285662.1	68.0	S	0.0
Lana_XP_013394792.1	Hsap_XP_047285671.1	68.0	S	0.0
Lpol_XP_013778988.1	Hsap_XP_047285671.1	68.0	S	0.0
Lpol_XP_022243922.1	Hsap_XP_047285671.1	68.0	S	0.0
Bmor_XP_004928906.1	Hsap_XP_047285671.1	68.0	S	0.0
Dpul_XP_046452221.1	Hsap_XP_047285671.1	68.0	S	0.0
Lpol_XP_022243926.1	Hsap_XP_047285671.1	68.0	S	0.0
Lpol_XP_022243925.1	Hsap_XP_047285671.1	68.0	S	0.0
Lpol_XP_022243927.1	Hsap_XP_047285671.1	68.0	S	0.0
Agrpla_XP_018328670.2	Hsap_XP_047285671.1	68.0	S	0.0
Pvan_XP_069969648.1	Hsap_XP_047285671.1	68.0	S	0.0
Bmor_XP_021205389.1	Hsap_XP_047285671.1	68.0	S	0.0
Lpol_XP_022243923.1	Hsap_XP_047285671.1	68.0	S	0.0
Apimel_XP_026294963.1	Hsap_XP_047285671.1	68.0	S	0.0
Lpol_XP_022243928.1	Hsap_XP_047285671.1	68.0	S	0.0
Dpul_XP_046452222.1	Hsap_XP_047285671.1	68.0	S	0.0
Hrob_XP_009031639.1	Hsap_XP_047285671.1	68.0	S	0.0
Ofus_CAH1801472.1	Hsap_XP_047285671.1	68.0	S	0.0
Lpol_XP_013776610.2	Hsap_XP_047285671.1	68.0	S	0.0
Lpol_XP_022243924.1	Hsap_XP_047285671.1	68.0	S	0.0
Agrpla_XP_025836100.1	Hsap_XP_047285671.1	68.0	S	0.0
Scil_XP_065189801.1	Hsap_XP_047285671.1	68.0	S	0.0
Lana_XP_013394792.1	Hsap_XP_047285668.1	68.0	S	0.0
Lpol_XP_013778988.1	Hsap_XP_047285668.1	68.0	S	0.0
Lpol_XP_022243922.1	Hsap_XP_047285668.1	68.0	S	0.0
Bmor_XP_004928906.1	Hsap_XP_047285668.1	68.0	S	0.0
Dpul_XP_046452221.1	Hsap_XP_047285668.1	68.0	S	0.0
Lpol_XP_022243926.1	Hsap_XP_047285668.1	68.0	S	0.0
Lpol_XP_022243925.1	Hsap_XP_047285668.1	68.0	S	0.0
Lpol_XP_022243927.1	Hsap_XP_047285668.1	68.0	S	0.0
Agrpla_XP_018328670.2	Hsap_XP_047285668.1	68.0	S	0.0
Pvan_XP_069969648.1	Hsap_XP_047285668.1	68.0	S	0.0
Bmor_XP_021205389.1	Hsap_XP_047285668.1	68.0	S	0.0
Lpol_XP_022243923.1	Hsap_XP_047285668.1	68.0	S	0.0
Apimel_XP_026294963.1	Hsap_XP_047285668.1	68.0	S	0.0
Lpol_XP_022243928.1	Hsap_XP_047285668.1	68.0	S	0.0
Dpul_XP_046452222.1	Hsap_XP_047285668.1	68.0	S	0.0
Hrob_XP_009031639.1	Hsap_XP_047285668.1	68.0	S	0.0
Ofus_CAH1801472.1	Hsap_XP_047285668.1	68.0	S	0.0
Lpol_XP_013776610.2	Hsap_XP_047285668.1	68.0	S	0.0
Lpol_XP_022243924.1	Hsap_XP_047285668.1	68.0	S	0.0
Agrpla_XP_025836100.1	Hsap_XP_047285668.1	68.0	S	0.0
Scil_XP_065189801.1	Hsap_XP_047285668.1	68.0	S	0.0
Lana_XP_013394792.1	Ggal_XP_025011399.1	68.0	S	0.0
Lpol_XP_013778988.1	Ggal_XP_025011399.1	68.0	S	0.0
Lpol_XP_022243922.1	Ggal_XP_025011399.1	68.0	S	0.0
Bmor_XP_004928906.1	Ggal_XP_025011399.1	68.0	S	0.0
Dpul_XP_046452221.1	Ggal_XP_025011399.1	68.0	S	0.0
Lpol_XP_022243926.1	Ggal_XP_025011399.1	68.0	S	0.0
Lpol_XP_022243925.1	Ggal_XP_025011399.1	68.0	S	0.0
Lpol_XP_022243927.1	Ggal_XP_025011399.1	68.0	S	0.0
Agrpla_XP_018328670.2	Ggal_XP_025011399.1	68.0	S	0.0
Pvan_XP_069969648.1	Ggal_XP_025011399.1	68.0	S	0.0
Bmor_XP_021205389.1	Ggal_XP_025011399.1	68.0	S	0.0
Lpol_XP_022243923.1	Ggal_XP_025011399.1	68.0	S	0.0
Apimel_XP_026294963.1	Ggal_XP_025011399.1	68.0	S	0.0
Lpol_XP_022243928.1	Ggal_XP_025011399.1	68.0	S	0.0
Dpul_XP_046452222.1	Ggal_XP_025011399.1	68.0	S	0.0
Hrob_XP_009031639.1	Ggal_XP_025011399.1	68.0	S	0.0
Ofus_CAH1801472.1	Ggal_XP_025011399.1	68.0	S	0.0
Lpol_XP_013776610.2	Ggal_XP_025011399.1	68.0	S	0.0
Lpol_XP_022243924.1	Ggal_XP_025011399.1	68.0	S	0.0
Agrpla_XP_025836100.1	Ggal_XP_025011399.1	68.0	S	0.0
Scil_XP_065189801.1	Ggal_XP_025011399.1	68.0	S	0.0
Lana_XP_013394792.1	Tadh_XP_002108337.1	68.0	S	0.0
Lpol_XP_013778988.1	Tadh_XP_002108337.1	68.0	S	0.0
Lpol_XP_022243922.1	Tadh_XP_002108337.1	68.0	S	0.0
Bmor_XP_004928906.1	Tadh_XP_002108337.1	68.0	S	0.0
Dpul_XP_046452221.1	Tadh_XP_002108337.1	68.0	S	0.0
Lpol_XP_022243926.1	Tadh_XP_002108337.1	68.0	S	0.0
Lpol_XP_022243925.1	Tadh_XP_002108337.1	68.0	S	0.0
Lpol_XP_022243927.1	Tadh_XP_002108337.1	68.0	S	0.0
Agrpla_XP_018328670.2	Tadh_XP_002108337.1	68.0	S	0.0
Pvan_XP_069969648.1	Tadh_XP_002108337.1	68.0	S	0.0
Bmor_XP_021205389.1	Tadh_XP_002108337.1	68.0	S	0.0
Lpol_XP_022243923.1	Tadh_XP_002108337.1	68.0	S	0.0
Apimel_XP_026294963.1	Tadh_XP_002108337.1	68.0	S	0.0
Lpol_XP_022243928.1	Tadh_XP_002108337.1	68.0	S	0.0
Dpul_XP_046452222.1	Tadh_XP_002108337.1	68.0	S	0.0
Hrob_XP_009031639.1	Tadh_XP_002108337.1	68.0	S	0.0
Ofus_CAH1801472.1	Tadh_XP_002108337.1	68.0	S	0.0
Lpol_XP_013776610.2	Tadh_XP_002108337.1	68.0	S	0.0
Lpol_XP_022243924.1	Tadh_XP_002108337.1	68.0	S	0.0
Agrpla_XP_025836100.1	Tadh_XP_002108337.1	68.0	S	0.0
Scil_XP_065189801.1	Tadh_XP_002108337.1	68.0	S	0.0
Lana_XP_013394792.1	Hsap_XP_047285639.1	68.0	S	0.0
Lpol_XP_013778988.1	Hsap_XP_047285639.1	68.0	S	0.0
Lpol_XP_022243922.1	Hsap_XP_047285639.1	68.0	S	0.0
Bmor_XP_004928906.1	Hsap_XP_047285639.1	68.0	S	0.0
Dpul_XP_046452221.1	Hsap_XP_047285639.1	68.0	S	0.0
Lpol_XP_022243926.1	Hsap_XP_047285639.1	68.0	S	0.0
Lpol_XP_022243925.1	Hsap_XP_047285639.1	68.0	S	0.0
Lpol_XP_022243927.1	Hsap_XP_047285639.1	68.0	S	0.0
Agrpla_XP_018328670.2	Hsap_XP_047285639.1	68.0	S	0.0
Pvan_XP_069969648.1	Hsap_XP_047285639.1	68.0	S	0.0
Bmor_XP_021205389.1	Hsap_XP_047285639.1	68.0	S	0.0
Lpol_XP_022243923.1	Hsap_XP_047285639.1	68.0	S	0.0
Apimel_XP_026294963.1	Hsap_XP_047285639.1	68.0	S	0.0
Lpol_XP_022243928.1	Hsap_XP_047285639.1	68.0	S	0.0
Dpul_XP_046452222.1	Hsap_XP_047285639.1	68.0	S	0.0
Hrob_XP_009031639.1	Hsap_XP_047285639.1	68.0	S	0.0
Ofus_CAH1801472.1	Hsap_XP_047285639.1	68.0	S	0.0
Lpol_XP_013776610.2	Hsap_XP_047285639.1	68.0	S	0.0
Lpol_XP_022243924.1	Hsap_XP_047285639.1	68.0	S	0.0
Agrpla_XP_025836100.1	Hsap_XP_047285639.1	68.0	S	0.0
Scil_XP_065189801.1	Hsap_XP_047285639.1	68.0	S	0.0
Lana_XP_013394792.1	Xtro_NP_001011176.1	68.0	S	0.0
Lpol_XP_013778988.1	Xtro_NP_001011176.1	68.0	S	0.0
Lpol_XP_022243922.1	Xtro_NP_001011176.1	68.0	S	0.0
Bmor_XP_004928906.1	Xtro_NP_001011176.1	68.0	S	0.0
Dpul_XP_046452221.1	Xtro_NP_001011176.1	68.0	S	0.0
Lpol_XP_022243926.1	Xtro_NP_001011176.1	68.0	S	0.0
Lpol_XP_022243925.1	Xtro_NP_001011176.1	68.0	S	0.0
Lpol_XP_022243927.1	Xtro_NP_001011176.1	68.0	S	0.0
Agrpla_XP_018328670.2	Xtro_NP_001011176.1	68.0	S	0.0
Pvan_XP_069969648.1	Xtro_NP_001011176.1	68.0	S	0.0
Bmor_XP_021205389.1	Xtro_NP_001011176.1	68.0	S	0.0
Lpol_XP_022243923.1	Xtro_NP_001011176.1	68.0	S	0.0
Apimel_XP_026294963.1	Xtro_NP_001011176.1	68.0	S	0.0
Lpol_XP_022243928.1	Xtro_NP_001011176.1	68.0	S	0.0
Dpul_XP_046452222.1	Xtro_NP_001011176.1	68.0	S	0.0
Hrob_XP_009031639.1	Xtro_NP_001011176.1	68.0	S	0.0
Ofus_CAH1801472.1	Xtro_NP_001011176.1	68.0	S	0.0
Lpol_XP_013776610.2	Xtro_NP_001011176.1	68.0	S	0.0
Lpol_XP_022243924.1	Xtro_NP_001011176.1	68.0	S	0.0
Agrpla_XP_025836100.1	Xtro_NP_001011176.1	68.0	S	0.0
Scil_XP_065189801.1	Xtro_NP_001011176.1	68.0	S	0.0
Lana_XP_013394792.1	Hsap_XP_047285654.1	68.0	S	0.0
Lpol_XP_013778988.1	Hsap_XP_047285654.1	68.0	S	0.0
Lpol_XP_022243922.1	Hsap_XP_047285654.1	68.0	S	0.0
Bmor_XP_004928906.1	Hsap_XP_047285654.1	68.0	S	0.0
Dpul_XP_046452221.1	Hsap_XP_047285654.1	68.0	S	0.0
Lpol_XP_022243926.1	Hsap_XP_047285654.1	68.0	S	0.0
Lpol_XP_022243925.1	Hsap_XP_047285654.1	68.0	S	0.0
Lpol_XP_022243927.1	Hsap_XP_047285654.1	68.0	S	0.0
Agrpla_XP_018328670.2	Hsap_XP_047285654.1	68.0	S	0.0
Pvan_XP_069969648.1	Hsap_XP_047285654.1	68.0	S	0.0
Bmor_XP_021205389.1	Hsap_XP_047285654.1	68.0	S	0.0
Lpol_XP_022243923.1	Hsap_XP_047285654.1	68.0	S	0.0
Apimel_XP_026294963.1	Hsap_XP_047285654.1	68.0	S	0.0
Lpol_XP_022243928.1	Hsap_XP_047285654.1	68.0	S	0.0
Dpul_XP_046452222.1	Hsap_XP_047285654.1	68.0	S	0.0
Hrob_XP_009031639.1	Hsap_XP_047285654.1	68.0	S	0.0
Ofus_CAH1801472.1	Hsap_XP_047285654.1	68.0	S	0.0
Lpol_XP_013776610.2	Hsap_XP_047285654.1	68.0	S	0.0
Lpol_XP_022243924.1	Hsap_XP_047285654.1	68.0	S	0.0
Agrpla_XP_025836100.1	Hsap_XP_047285654.1	68.0	S	0.0
Scil_XP_065189801.1	Hsap_XP_047285654.1	68.0	S	0.0
Lana_XP_013394792.1	Hsap_XP_047285655.1	68.0	S	0.0
Lpol_XP_013778988.1	Hsap_XP_047285655.1	68.0	S	0.0
Lpol_XP_022243922.1	Hsap_XP_047285655.1	68.0	S	0.0
Bmor_XP_004928906.1	Hsap_XP_047285655.1	68.0	S	0.0
Dpul_XP_046452221.1	Hsap_XP_047285655.1	68.0	S	0.0
Lpol_XP_022243926.1	Hsap_XP_047285655.1	68.0	S	0.0
Lpol_XP_022243925.1	Hsap_XP_047285655.1	68.0	S	0.0
Lpol_XP_022243927.1	Hsap_XP_047285655.1	68.0	S	0.0
Agrpla_XP_018328670.2	Hsap_XP_047285655.1	68.0	S	0.0
Pvan_XP_069969648.1	Hsap_XP_047285655.1	68.0	S	0.0
Bmor_XP_021205389.1	Hsap_XP_047285655.1	68.0	S	0.0
Lpol_XP_022243923.1	Hsap_XP_047285655.1	68.0	S	0.0
Apimel_XP_026294963.1	Hsap_XP_047285655.1	68.0	S	0.0
Lpol_XP_022243928.1	Hsap_XP_047285655.1	68.0	S	0.0
Dpul_XP_046452222.1	Hsap_XP_047285655.1	68.0	S	0.0
Hrob_XP_009031639.1	Hsap_XP_047285655.1	68.0	S	0.0
Ofus_CAH1801472.1	Hsap_XP_047285655.1	68.0	S	0.0
Lpol_XP_013776610.2	Hsap_XP_047285655.1	68.0	S	0.0
Lpol_XP_022243924.1	Hsap_XP_047285655.1	68.0	S	0.0
Agrpla_XP_025836100.1	Hsap_XP_047285655.1	68.0	S	0.0
Scil_XP_065189801.1	Hsap_XP_047285655.1	68.0	S	0.0
Lana_XP_013394792.1	Hsap_XP_047285648.1	68.0	S	0.0
Lpol_XP_013778988.1	Hsap_XP_047285648.1	68.0	S	0.0
Lpol_XP_022243922.1	Hsap_XP_047285648.1	68.0	S	0.0
Bmor_XP_004928906.1	Hsap_XP_047285648.1	68.0	S	0.0
Dpul_XP_046452221.1	Hsap_XP_047285648.1	68.0	S	0.0
Lpol_XP_022243926.1	Hsap_XP_047285648.1	68.0	S	0.0
Lpol_XP_022243925.1	Hsap_XP_047285648.1	68.0	S	0.0
Lpol_XP_022243927.1	Hsap_XP_047285648.1	68.0	S	0.0
Agrpla_XP_018328670.2	Hsap_XP_047285648.1	68.0	S	0.0
Pvan_XP_069969648.1	Hsap_XP_047285648.1	68.0	S	0.0
Bmor_XP_021205389.1	Hsap_XP_047285648.1	68.0	S	0.0
Lpol_XP_022243923.1	Hsap_XP_047285648.1	68.0	S	0.0
Apimel_XP_026294963.1	Hsap_XP_047285648.1	68.0	S	0.0
Lpol_XP_022243928.1	Hsap_XP_047285648.1	68.0	S	0.0
Dpul_XP_046452222.1	Hsap_XP_047285648.1	68.0	S	0.0
Hrob_XP_009031639.1	Hsap_XP_047285648.1	68.0	S	0.0
Ofus_CAH1801472.1	Hsap_XP_047285648.1	68.0	S	0.0
Lpol_XP_013776610.2	Hsap_XP_047285648.1	68.0	S	0.0
Lpol_XP_022243924.1	Hsap_XP_047285648.1	68.0	S	0.0
Agrpla_XP_025836100.1	Hsap_XP_047285648.1	68.0	S	0.0
Scil_XP_065189801.1	Hsap_XP_047285648.1	68.0	S	0.0
Lana_XP_013394792.1	Hsap_XP_006718543.1	68.0	S	0.0
Lpol_XP_013778988.1	Hsap_XP_006718543.1	68.0	S	0.0
Lpol_XP_022243922.1	Hsap_XP_006718543.1	68.0	S	0.0
Bmor_XP_004928906.1	Hsap_XP_006718543.1	68.0	S	0.0
Dpul_XP_046452221.1	Hsap_XP_006718543.1	68.0	S	0.0
Lpol_XP_022243926.1	Hsap_XP_006718543.1	68.0	S	0.0
Lpol_XP_022243925.1	Hsap_XP_006718543.1	68.0	S	0.0
Lpol_XP_022243927.1	Hsap_XP_006718543.1	68.0	S	0.0
Agrpla_XP_018328670.2	Hsap_XP_006718543.1	68.0	S	0.0
Pvan_XP_069969648.1	Hsap_XP_006718543.1	68.0	S	0.0
Bmor_XP_021205389.1	Hsap_XP_006718543.1	68.0	S	0.0
Lpol_XP_022243923.1	Hsap_XP_006718543.1	68.0	S	0.0
Apimel_XP_026294963.1	Hsap_XP_006718543.1	68.0	S	0.0
Lpol_XP_022243928.1	Hsap_XP_006718543.1	68.0	S	0.0
Dpul_XP_046452222.1	Hsap_XP_006718543.1	68.0	S	0.0
Hrob_XP_009031639.1	Hsap_XP_006718543.1	68.0	S	0.0
Ofus_CAH1801472.1	Hsap_XP_006718543.1	68.0	S	0.0
Lpol_XP_013776610.2	Hsap_XP_006718543.1	68.0	S	0.0
Lpol_XP_022243924.1	Hsap_XP_006718543.1	68.0	S	0.0
Agrpla_XP_025836100.1	Hsap_XP_006718543.1	68.0	S	0.0
Scil_XP_065189801.1	Hsap_XP_006718543.1	68.0	S	0.0
Lana_XP_013394792.1	Hsap_XP_047285667.1	68.0	S	0.0
Lpol_XP_013778988.1	Hsap_XP_047285667.1	68.0	S	0.0
Lpol_XP_022243922.1	Hsap_XP_047285667.1	68.0	S	0.0
Bmor_XP_004928906.1	Hsap_XP_047285667.1	68.0	S	0.0
Dpul_XP_046452221.1	Hsap_XP_047285667.1	68.0	S	0.0
Lpol_XP_022243926.1	Hsap_XP_047285667.1	68.0	S	0.0
Lpol_XP_022243925.1	Hsap_XP_047285667.1	68.0	S	0.0
Lpol_XP_022243927.1	Hsap_XP_047285667.1	68.0	S	0.0
Agrpla_XP_018328670.2	Hsap_XP_047285667.1	68.0	S	0.0
Pvan_XP_069969648.1	Hsap_XP_047285667.1	68.0	S	0.0
Bmor_XP_021205389.1	Hsap_XP_047285667.1	68.0	S	0.0
Lpol_XP_022243923.1	Hsap_XP_047285667.1	68.0	S	0.0
Apimel_XP_026294963.1	Hsap_XP_047285667.1	68.0	S	0.0
Lpol_XP_022243928.1	Hsap_XP_047285667.1	68.0	S	0.0
Dpul_XP_046452222.1	Hsap_XP_047285667.1	68.0	S	0.0
Hrob_XP_009031639.1	Hsap_XP_047285667.1	68.0	S	0.0
Ofus_CAH1801472.1	Hsap_XP_047285667.1	68.0	S	0.0
Lpol_XP_013776610.2	Hsap_XP_047285667.1	68.0	S	0.0
Lpol_XP_022243924.1	Hsap_XP_047285667.1	68.0	S	0.0
Agrpla_XP_025836100.1	Hsap_XP_047285667.1	68.0	S	0.0
Scil_XP_065189801.1	Hsap_XP_047285667.1	68.0	S	0.0
Lana_XP_013394792.1	Hsap_XP_047282579.1	68.0	S	0.0
Lpol_XP_013778988.1	Hsap_XP_047282579.1	68.0	S	0.0
Lpol_XP_022243922.1	Hsap_XP_047282579.1	68.0	S	0.0
Bmor_XP_004928906.1	Hsap_XP_047282579.1	68.0	S	0.0
Dpul_XP_046452221.1	Hsap_XP_047282579.1	68.0	S	0.0
Lpol_XP_022243926.1	Hsap_XP_047282579.1	68.0	S	0.0
Lpol_XP_022243925.1	Hsap_XP_047282579.1	68.0	S	0.0
Lpol_XP_022243927.1	Hsap_XP_047282579.1	68.0	S	0.0
Agrpla_XP_018328670.2	Hsap_XP_047282579.1	68.0	S	0.0
Pvan_XP_069969648.1	Hsap_XP_047282579.1	68.0	S	0.0
Bmor_XP_021205389.1	Hsap_XP_047282579.1	68.0	S	0.0
Lpol_XP_022243923.1	Hsap_XP_047282579.1	68.0	S	0.0
Apimel_XP_026294963.1	Hsap_XP_047282579.1	68.0	S	0.0
Lpol_XP_022243928.1	Hsap_XP_047282579.1	68.0	S	0.0
Dpul_XP_046452222.1	Hsap_XP_047282579.1	68.0	S	0.0
Hrob_XP_009031639.1	Hsap_XP_047282579.1	68.0	S	0.0
Ofus_CAH1801472.1	Hsap_XP_047282579.1	68.0	S	0.0
Lpol_XP_013776610.2	Hsap_XP_047282579.1	68.0	S	0.0
Lpol_XP_022243924.1	Hsap_XP_047282579.1	68.0	S	0.0
Agrpla_XP_025836100.1	Hsap_XP_047282579.1	68.0	S	0.0
Scil_XP_065189801.1	Hsap_XP_047282579.1	68.0	S	0.0
Lana_XP_013394792.1	Xtro_XP_031748515.1	68.0	S	0.0
Lpol_XP_013778988.1	Xtro_XP_031748515.1	68.0	S	0.0
Lpol_XP_022243922.1	Xtro_XP_031748515.1	68.0	S	0.0
Bmor_XP_004928906.1	Xtro_XP_031748515.1	68.0	S	0.0
Dpul_XP_046452221.1	Xtro_XP_031748515.1	68.0	S	0.0
Lpol_XP_022243926.1	Xtro_XP_031748515.1	68.0	S	0.0
Lpol_XP_022243925.1	Xtro_XP_031748515.1	68.0	S	0.0
Lpol_XP_022243927.1	Xtro_XP_031748515.1	68.0	S	0.0
Agrpla_XP_018328670.2	Xtro_XP_031748515.1	68.0	S	0.0
Pvan_XP_069969648.1	Xtro_XP_031748515.1	68.0	S	0.0
Bmor_XP_021205389.1	Xtro_XP_031748515.1	68.0	S	0.0
Lpol_XP_022243923.1	Xtro_XP_031748515.1	68.0	S	0.0
Apimel_XP_026294963.1	Xtro_XP_031748515.1	68.0	S	0.0
Lpol_XP_022243928.1	Xtro_XP_031748515.1	68.0	S	0.0
Dpul_XP_046452222.1	Xtro_XP_031748515.1	68.0	S	0.0
Hrob_XP_009031639.1	Xtro_XP_031748515.1	68.0	S	0.0
Ofus_CAH1801472.1	Xtro_XP_031748515.1	68.0	S	0.0
Lpol_XP_013776610.2	Xtro_XP_031748515.1	68.0	S	0.0
Lpol_XP_022243924.1	Xtro_XP_031748515.1	68.0	S	0.0
Agrpla_XP_025836100.1	Xtro_XP_031748515.1	68.0	S	0.0
Scil_XP_065189801.1	Xtro_XP_031748515.1	68.0	S	0.0
Lana_XP_013394792.1	Hsap_NP_001005366.1	68.0	S	0.0
Lpol_XP_013778988.1	Hsap_NP_001005366.1	68.0	S	0.0
Lpol_XP_022243922.1	Hsap_NP_001005366.1	68.0	S	0.0
Bmor_XP_004928906.1	Hsap_NP_001005366.1	68.0	S	0.0
Dpul_XP_046452221.1	Hsap_NP_001005366.1	68.0	S	0.0
Lpol_XP_022243926.1	Hsap_NP_001005366.1	68.0	S	0.0
Lpol_XP_022243925.1	Hsap_NP_001005366.1	68.0	S	0.0
Lpol_XP_022243927.1	Hsap_NP_001005366.1	68.0	S	0.0
Agrpla_XP_018328670.2	Hsap_NP_001005366.1	68.0	S	0.0
Pvan_XP_069969648.1	Hsap_NP_001005366.1	68.0	S	0.0
Bmor_XP_021205389.1	Hsap_NP_001005366.1	68.0	S	0.0
Lpol_XP_022243923.1	Hsap_NP_001005366.1	68.0	S	0.0
Apimel_XP_026294963.1	Hsap_NP_001005366.1	68.0	S	0.0
Lpol_XP_022243928.1	Hsap_NP_001005366.1	68.0	S	0.0
Dpul_XP_046452222.1	Hsap_NP_001005366.1	68.0	S	0.0
Hrob_XP_009031639.1	Hsap_NP_001005366.1	68.0	S	0.0
Ofus_CAH1801472.1	Hsap_NP_001005366.1	68.0	S	0.0
Lpol_XP_013776610.2	Hsap_NP_001005366.1	68.0	S	0.0
Lpol_XP_022243924.1	Hsap_NP_001005366.1	68.0	S	0.0
Agrpla_XP_025836100.1	Hsap_NP_001005366.1	68.0	S	0.0
Scil_XP_065189801.1	Hsap_NP_001005366.1	68.0	S	0.0
Lana_XP_013394792.1	Hsap_XP_005254012.1	68.0	S	0.0
Lpol_XP_013778988.1	Hsap_XP_005254012.1	68.0	S	0.0
Lpol_XP_022243922.1	Hsap_XP_005254012.1	68.0	S	0.0
Bmor_XP_004928906.1	Hsap_XP_005254012.1	68.0	S	0.0
Dpul_XP_046452221.1	Hsap_XP_005254012.1	68.0	S	0.0
Lpol_XP_022243926.1	Hsap_XP_005254012.1	68.0	S	0.0
Lpol_XP_022243925.1	Hsap_XP_005254012.1	68.0	S	0.0
Lpol_XP_022243927.1	Hsap_XP_005254012.1	68.0	S	0.0
Agrpla_XP_018328670.2	Hsap_XP_005254012.1	68.0	S	0.0
Pvan_XP_069969648.1	Hsap_XP_005254012.1	68.0	S	0.0
Bmor_XP_021205389.1	Hsap_XP_005254012.1	68.0	S	0.0
Lpol_XP_022243923.1	Hsap_XP_005254012.1	68.0	S	0.0
Apimel_XP_026294963.1	Hsap_XP_005254012.1	68.0	S	0.0
Lpol_XP_022243928.1	Hsap_XP_005254012.1	68.0	S	0.0
Dpul_XP_046452222.1	Hsap_XP_005254012.1	68.0	S	0.0
Hrob_XP_009031639.1	Hsap_XP_005254012.1	68.0	S	0.0
Ofus_CAH1801472.1	Hsap_XP_005254012.1	68.0	S	0.0
Lpol_XP_013776610.2	Hsap_XP_005254012.1	68.0	S	0.0
Lpol_XP_022243924.1	Hsap_XP_005254012.1	68.0	S	0.0
Agrpla_XP_025836100.1	Hsap_XP_005254012.1	68.0	S	0.0
Scil_XP_065189801.1	Hsap_XP_005254012.1	68.0	S	0.0
Lana_XP_013394792.1	Hsap_XP_047285640.1	68.0	S	0.0
Lpol_XP_013778988.1	Hsap_XP_047285640.1	68.0	S	0.0
Lpol_XP_022243922.1	Hsap_XP_047285640.1	68.0	S	0.0
Bmor_XP_004928906.1	Hsap_XP_047285640.1	68.0	S	0.0
Dpul_XP_046452221.1	Hsap_XP_047285640.1	68.0	S	0.0
Lpol_XP_022243926.1	Hsap_XP_047285640.1	68.0	S	0.0
Lpol_XP_022243925.1	Hsap_XP_047285640.1	68.0	S	0.0
Lpol_XP_022243927.1	Hsap_XP_047285640.1	68.0	S	0.0
Agrpla_XP_018328670.2	Hsap_XP_047285640.1	68.0	S	0.0
Pvan_XP_069969648.1	Hsap_XP_047285640.1	68.0	S	0.0
Bmor_XP_021205389.1	Hsap_XP_047285640.1	68.0	S	0.0
Lpol_XP_022243923.1	Hsap_XP_047285640.1	68.0	S	0.0
Apimel_XP_026294963.1	Hsap_XP_047285640.1	68.0	S	0.0
Lpol_XP_022243928.1	Hsap_XP_047285640.1	68.0	S	0.0
Dpul_XP_046452222.1	Hsap_XP_047285640.1	68.0	S	0.0
Hrob_XP_009031639.1	Hsap_XP_047285640.1	68.0	S	0.0
Ofus_CAH1801472.1	Hsap_XP_047285640.1	68.0	S	0.0
Lpol_XP_013776610.2	Hsap_XP_047285640.1	68.0	S	0.0
Lpol_XP_022243924.1	Hsap_XP_047285640.1	68.0	S	0.0
Agrpla_XP_025836100.1	Hsap_XP_047285640.1	68.0	S	0.0
Scil_XP_065189801.1	Hsap_XP_047285640.1	68.0	S	0.0
Lana_XP_013394792.1	Hsap_XP_047285669.1	68.0	S	0.0
Lpol_XP_013778988.1	Hsap_XP_047285669.1	68.0	S	0.0
Lpol_XP_022243922.1	Hsap_XP_047285669.1	68.0	S	0.0
Bmor_XP_004928906.1	Hsap_XP_047285669.1	68.0	S	0.0
Dpul_XP_046452221.1	Hsap_XP_047285669.1	68.0	S	0.0
Lpol_XP_022243926.1	Hsap_XP_047285669.1	68.0	S	0.0
Lpol_XP_022243925.1	Hsap_XP_047285669.1	68.0	S	0.0
Lpol_XP_022243927.1	Hsap_XP_047285669.1	68.0	S	0.0
Agrpla_XP_018328670.2	Hsap_XP_047285669.1	68.0	S	0.0
Pvan_XP_069969648.1	Hsap_XP_047285669.1	68.0	S	0.0
Bmor_XP_021205389.1	Hsap_XP_047285669.1	68.0	S	0.0
Lpol_XP_022243923.1	Hsap_XP_047285669.1	68.0	S	0.0
Apimel_XP_026294963.1	Hsap_XP_047285669.1	68.0	S	0.0
Lpol_XP_022243928.1	Hsap_XP_047285669.1	68.0	S	0.0
Dpul_XP_046452222.1	Hsap_XP_047285669.1	68.0	S	0.0
Hrob_XP_009031639.1	Hsap_XP_047285669.1	68.0	S	0.0
Ofus_CAH1801472.1	Hsap_XP_047285669.1	68.0	S	0.0
Lpol_XP_013776610.2	Hsap_XP_047285669.1	68.0	S	0.0
Lpol_XP_022243924.1	Hsap_XP_047285669.1	68.0	S	0.0
Agrpla_XP_025836100.1	Hsap_XP_047285669.1	68.0	S	0.0
Scil_XP_065189801.1	Hsap_XP_047285669.1	68.0	S	0.0
Lana_XP_013394792.1	Ggal_XP_004945612.1	68.0	S	0.0
Lpol_XP_013778988.1	Ggal_XP_004945612.1	68.0	S	0.0
Lpol_XP_022243922.1	Ggal_XP_004945612.1	68.0	S	0.0
Bmor_XP_004928906.1	Ggal_XP_004945612.1	68.0	S	0.0
Dpul_XP_046452221.1	Ggal_XP_004945612.1	68.0	S	0.0
Lpol_XP_022243926.1	Ggal_XP_004945612.1	68.0	S	0.0
Lpol_XP_022243925.1	Ggal_XP_004945612.1	68.0	S	0.0
Lpol_XP_022243927.1	Ggal_XP_004945612.1	68.0	S	0.0
Agrpla_XP_018328670.2	Ggal_XP_004945612.1	68.0	S	0.0
Pvan_XP_069969648.1	Ggal_XP_004945612.1	68.0	S	0.0
Bmor_XP_021205389.1	Ggal_XP_004945612.1	68.0	S	0.0
Lpol_XP_022243923.1	Ggal_XP_004945612.1	68.0	S	0.0
Apimel_XP_026294963.1	Ggal_XP_004945612.1	68.0	S	0.0
Lpol_XP_022243928.1	Ggal_XP_004945612.1	68.0	S	0.0
Dpul_XP_046452222.1	Ggal_XP_004945612.1	68.0	S	0.0
Hrob_XP_009031639.1	Ggal_XP_004945612.1	68.0	S	0.0
Ofus_CAH1801472.1	Ggal_XP_004945612.1	68.0	S	0.0
Lpol_XP_013776610.2	Ggal_XP_004945612.1	68.0	S	0.0
Lpol_XP_022243924.1	Ggal_XP_004945612.1	68.0	S	0.0
Agrpla_XP_025836100.1	Ggal_XP_004945612.1	68.0	S	0.0
Scil_XP_065189801.1	Ggal_XP_004945612.1	68.0	S	0.0
Lana_XP_013394792.1	Hsap_XP_047285656.1	68.0	S	0.0
Lpol_XP_013778988.1	Hsap_XP_047285656.1	68.0	S	0.0
Lpol_XP_022243922.1	Hsap_XP_047285656.1	68.0	S	0.0
Bmor_XP_004928906.1	Hsap_XP_047285656.1	68.0	S	0.0
Dpul_XP_046452221.1	Hsap_XP_047285656.1	68.0	S	0.0
Lpol_XP_022243926.1	Hsap_XP_047285656.1	68.0	S	0.0
Lpol_XP_022243925.1	Hsap_XP_047285656.1	68.0	S	0.0
Lpol_XP_022243927.1	Hsap_XP_047285656.1	68.0	S	0.0
Agrpla_XP_018328670.2	Hsap_XP_047285656.1	68.0	S	0.0
Pvan_XP_069969648.1	Hsap_XP_047285656.1	68.0	S	0.0
Bmor_XP_021205389.1	Hsap_XP_047285656.1	68.0	S	0.0
Lpol_XP_022243923.1	Hsap_XP_047285656.1	68.0	S	0.0
Apimel_XP_026294963.1	Hsap_XP_047285656.1	68.0	S	0.0
Lpol_XP_022243928.1	Hsap_XP_047285656.1	68.0	S	0.0
Dpul_XP_046452222.1	Hsap_XP_047285656.1	68.0	S	0.0
Hrob_XP_009031639.1	Hsap_XP_047285656.1	68.0	S	0.0
Ofus_CAH1801472.1	Hsap_XP_047285656.1	68.0	S	0.0
Lpol_XP_013776610.2	Hsap_XP_047285656.1	68.0	S	0.0
Lpol_XP_022243924.1	Hsap_XP_047285656.1	68.0	S	0.0
Agrpla_XP_025836100.1	Hsap_XP_047285656.1	68.0	S	0.0
Scil_XP_065189801.1	Hsap_XP_047285656.1	68.0	S	0.0
Lana_XP_013394792.1	Hsap_XP_047285660.1	68.0	S	0.0
Lpol_XP_013778988.1	Hsap_XP_047285660.1	68.0	S	0.0
Lpol_XP_022243922.1	Hsap_XP_047285660.1	68.0	S	0.0
Bmor_XP_004928906.1	Hsap_XP_047285660.1	68.0	S	0.0
Dpul_XP_046452221.1	Hsap_XP_047285660.1	68.0	S	0.0
Lpol_XP_022243926.1	Hsap_XP_047285660.1	68.0	S	0.0
Lpol_XP_022243925.1	Hsap_XP_047285660.1	68.0	S	0.0
Lpol_XP_022243927.1	Hsap_XP_047285660.1	68.0	S	0.0
Agrpla_XP_018328670.2	Hsap_XP_047285660.1	68.0	S	0.0
Pvan_XP_069969648.1	Hsap_XP_047285660.1	68.0	S	0.0
Bmor_XP_021205389.1	Hsap_XP_047285660.1	68.0	S	0.0
Lpol_XP_022243923.1	Hsap_XP_047285660.1	68.0	S	0.0
Apimel_XP_026294963.1	Hsap_XP_047285660.1	68.0	S	0.0
Lpol_XP_022243928.1	Hsap_XP_047285660.1	68.0	S	0.0
Dpul_XP_046452222.1	Hsap_XP_047285660.1	68.0	S	0.0
Hrob_XP_009031639.1	Hsap_XP_047285660.1	68.0	S	0.0
Ofus_CAH1801472.1	Hsap_XP_047285660.1	68.0	S	0.0
Lpol_XP_013776610.2	Hsap_XP_047285660.1	68.0	S	0.0
Lpol_XP_022243924.1	Hsap_XP_047285660.1	68.0	S	0.0
Agrpla_XP_025836100.1	Hsap_XP_047285660.1	68.0	S	0.0
Scil_XP_065189801.1	Hsap_XP_047285660.1	68.0	S	0.0
Lana_XP_013394792.1	Apla_XP_022085616.1	68.0	S	0.0
Lpol_XP_013778988.1	Apla_XP_022085616.1	68.0	S	0.0
Lpol_XP_022243922.1	Apla_XP_022085616.1	68.0	S	0.0
Bmor_XP_004928906.1	Apla_XP_022085616.1	68.0	S	0.0
Dpul_XP_046452221.1	Apla_XP_022085616.1	68.0	S	0.0
Lpol_XP_022243926.1	Apla_XP_022085616.1	68.0	S	0.0
Lpol_XP_022243925.1	Apla_XP_022085616.1	68.0	S	0.0
Lpol_XP_022243927.1	Apla_XP_022085616.1	68.0	S	0.0
Agrpla_XP_018328670.2	Apla_XP_022085616.1	68.0	S	0.0
Pvan_XP_069969648.1	Apla_XP_022085616.1	68.0	S	0.0
Bmor_XP_021205389.1	Apla_XP_022085616.1	68.0	S	0.0
Lpol_XP_022243923.1	Apla_XP_022085616.1	68.0	S	0.0
Apimel_XP_026294963.1	Apla_XP_022085616.1	68.0	S	0.0
Lpol_XP_022243928.1	Apla_XP_022085616.1	68.0	S	0.0
Dpul_XP_046452222.1	Apla_XP_022085616.1	68.0	S	0.0
Hrob_XP_009031639.1	Apla_XP_022085616.1	68.0	S	0.0
Ofus_CAH1801472.1	Apla_XP_022085616.1	68.0	S	0.0
Lpol_XP_013776610.2	Apla_XP_022085616.1	68.0	S	0.0
Lpol_XP_022243924.1	Apla_XP_022085616.1	68.0	S	0.0
Agrpla_XP_025836100.1	Apla_XP_022085616.1	68.0	S	0.0
Scil_XP_065189801.1	Apla_XP_022085616.1	68.0	S	0.0
Lana_XP_013394792.1	Ggal_XP_015131080.1	68.0	S	0.0
Lpol_XP_013778988.1	Ggal_XP_015131080.1	68.0	S	0.0
Lpol_XP_022243922.1	Ggal_XP_015131080.1	68.0	S	0.0
Bmor_XP_004928906.1	Ggal_XP_015131080.1	68.0	S	0.0
Dpul_XP_046452221.1	Ggal_XP_015131080.1	68.0	S	0.0
Lpol_XP_022243926.1	Ggal_XP_015131080.1	68.0	S	0.0
Lpol_XP_022243925.1	Ggal_XP_015131080.1	68.0	S	0.0
Lpol_XP_022243927.1	Ggal_XP_015131080.1	68.0	S	0.0
Agrpla_XP_018328670.2	Ggal_XP_015131080.1	68.0	S	0.0
Pvan_XP_069969648.1	Ggal_XP_015131080.1	68.0	S	0.0
Bmor_XP_021205389.1	Ggal_XP_015131080.1	68.0	S	0.0
Lpol_XP_022243923.1	Ggal_XP_015131080.1	68.0	S	0.0
Apimel_XP_026294963.1	Ggal_XP_015131080.1	68.0	S	0.0
Lpol_XP_022243928.1	Ggal_XP_015131080.1	68.0	S	0.0
Dpul_XP_046452222.1	Ggal_XP_015131080.1	68.0	S	0.0
Hrob_XP_009031639.1	Ggal_XP_015131080.1	68.0	S	0.0
Ofus_CAH1801472.1	Ggal_XP_015131080.1	68.0	S	0.0
Lpol_XP_013776610.2	Ggal_XP_015131080.1	68.0	S	0.0
Lpol_XP_022243924.1	Ggal_XP_015131080.1	68.0	S	0.0
Agrpla_XP_025836100.1	Ggal_XP_015131080.1	68.0	S	0.0
Scil_XP_065189801.1	Ggal_XP_015131080.1	68.0	S	0.0
Lana_XP_013394792.1	Hsap_XP_047285649.1	68.0	S	0.0
Lpol_XP_013778988.1	Hsap_XP_047285649.1	68.0	S	0.0
Lpol_XP_022243922.1	Hsap_XP_047285649.1	68.0	S	0.0
Bmor_XP_004928906.1	Hsap_XP_047285649.1	68.0	S	0.0
Dpul_XP_046452221.1	Hsap_XP_047285649.1	68.0	S	0.0
Lpol_XP_022243926.1	Hsap_XP_047285649.1	68.0	S	0.0
Lpol_XP_022243925.1	Hsap_XP_047285649.1	68.0	S	0.0
Lpol_XP_022243927.1	Hsap_XP_047285649.1	68.0	S	0.0
Agrpla_XP_018328670.2	Hsap_XP_047285649.1	68.0	S	0.0
Pvan_XP_069969648.1	Hsap_XP_047285649.1	68.0	S	0.0
Bmor_XP_021205389.1	Hsap_XP_047285649.1	68.0	S	0.0
Lpol_XP_022243923.1	Hsap_XP_047285649.1	68.0	S	0.0
Apimel_XP_026294963.1	Hsap_XP_047285649.1	68.0	S	0.0
Lpol_XP_022243928.1	Hsap_XP_047285649.1	68.0	S	0.0
Dpul_XP_046452222.1	Hsap_XP_047285649.1	68.0	S	0.0
Hrob_XP_009031639.1	Hsap_XP_047285649.1	68.0	S	0.0
Ofus_CAH1801472.1	Hsap_XP_047285649.1	68.0	S	0.0
Lpol_XP_013776610.2	Hsap_XP_047285649.1	68.0	S	0.0
Lpol_XP_022243924.1	Hsap_XP_047285649.1	68.0	S	0.0
Agrpla_XP_025836100.1	Hsap_XP_047285649.1	68.0	S	0.0
Scil_XP_065189801.1	Hsap_XP_047285649.1	68.0	S	0.0
Lana_XP_013394792.1	Hsap_XP_047285658.1	68.0	S	0.0
Lpol_XP_013778988.1	Hsap_XP_047285658.1	68.0	S	0.0
Lpol_XP_022243922.1	Hsap_XP_047285658.1	68.0	S	0.0
Bmor_XP_004928906.1	Hsap_XP_047285658.1	68.0	S	0.0
Dpul_XP_046452221.1	Hsap_XP_047285658.1	68.0	S	0.0
Lpol_XP_022243926.1	Hsap_XP_047285658.1	68.0	S	0.0
Lpol_XP_022243925.1	Hsap_XP_047285658.1	68.0	S	0.0
Lpol_XP_022243927.1	Hsap_XP_047285658.1	68.0	S	0.0
Agrpla_XP_018328670.2	Hsap_XP_047285658.1	68.0	S	0.0
Pvan_XP_069969648.1	Hsap_XP_047285658.1	68.0	S	0.0
Bmor_XP_021205389.1	Hsap_XP_047285658.1	68.0	S	0.0
Lpol_XP_022243923.1	Hsap_XP_047285658.1	68.0	S	0.0
Apimel_XP_026294963.1	Hsap_XP_047285658.1	68.0	S	0.0
Lpol_XP_022243928.1	Hsap_XP_047285658.1	68.0	S	0.0
Dpul_XP_046452222.1	Hsap_XP_047285658.1	68.0	S	0.0
Hrob_XP_009031639.1	Hsap_XP_047285658.1	68.0	S	0.0
Ofus_CAH1801472.1	Hsap_XP_047285658.1	68.0	S	0.0
Lpol_XP_013776610.2	Hsap_XP_047285658.1	68.0	S	0.0
Lpol_XP_022243924.1	Hsap_XP_047285658.1	68.0	S	0.0
Agrpla_XP_025836100.1	Hsap_XP_047285658.1	68.0	S	0.0
Scil_XP_065189801.1	Hsap_XP_047285658.1	68.0	S	0.0
Bmal_XP_042933214.1	Lloa_XP_020303735.1	93.0	S	0.0
Priarc_PARCANUS000003063.t1	Priarc_PARCANUS000003453.t1	100.0	D	1.0
Diplco_DCO_002928	Diplco_DCO_002927	100.0	D	1.0
Cele_NP_498419.3	Acey_EYC20807.1	97.0	S	0.0
Cele_NP_498418.3	Acey_EYC20807.1	97.0	S	0.0
Cele_NP_498419.3	Angcan_KAE9420235.1	97.0	S	0.0
Cele_NP_498418.3	Angcan_KAE9420235.1	97.0	S	0.0
Cele_NP_498419.3	Hcon_XGW16588.1	97.0	S	0.0
Cele_NP_498418.3	Hcon_XGW16588.1	97.0	S	0.0
Cele_NP_498419.3	Hpol_VDO64892.1	97.0	S	0.0
Cele_NP_498418.3	Hpol_VDO64892.1	97.0	S	0.0
Cele_NP_498419.3	Hcon_XGW16589.1	97.0	S	0.0
Cele_NP_498418.3	Hcon_XGW16589.1	97.0	S	0.0
Smed_h1SMcT0005069.4	Smed_h1SMcT0005069.5	66.0	D	1.0
Lana_XP_013394792.1	Pvan_XP_069969648.1	56.0	S	0.0
Ofus_CAH1801472.1	Pvan_XP_069969648.1	56.0	S	0.0
Hrob_XP_009031639.1	Pvan_XP_069969648.1	56.0	S	0.0
Lana_XP_013394792.1	Lpol_XP_013778988.1	56.0	S	0.0
Ofus_CAH1801472.1	Lpol_XP_013778988.1	56.0	S	0.0
Hrob_XP_009031639.1	Lpol_XP_013778988.1	56.0	S	0.0
Lana_XP_013394792.1	Apimel_XP_026294963.1	56.0	S	0.0
Ofus_CAH1801472.1	Apimel_XP_026294963.1	56.0	S	0.0
Hrob_XP_009031639.1	Apimel_XP_026294963.1	56.0	S	0.0
Lana_XP_013394792.1	Lpol_XP_022243922.1	56.0	S	0.0
Ofus_CAH1801472.1	Lpol_XP_022243922.1	56.0	S	0.0
Hrob_XP_009031639.1	Lpol_XP_022243922.1	56.0	S	0.0
Lana_XP_013394792.1	Lpol_XP_022243928.1	56.0	S	0.0
Ofus_CAH1801472.1	Lpol_XP_022243928.1	56.0	S	0.0
Hrob_XP_009031639.1	Lpol_XP_022243928.1	56.0	S	0.0
Lana_XP_013394792.1	Lpol_XP_022243927.1	56.0	S	0.0
Ofus_CAH1801472.1	Lpol_XP_022243927.1	56.0	S	0.0
Hrob_XP_009031639.1	Lpol_XP_022243927.1	56.0	S	0.0
Lana_XP_013394792.1	Lpol_XP_013776610.2	56.0	S	0.0
Ofus_CAH1801472.1	Lpol_XP_013776610.2	56.0	S	0.0
Hrob_XP_009031639.1	Lpol_XP_013776610.2	56.0	S	0.0
Lana_XP_013394792.1	Agrpla_XP_018328670.2	56.0	S	0.0
Ofus_CAH1801472.1	Agrpla_XP_018328670.2	56.0	S	0.0
Hrob_XP_009031639.1	Agrpla_XP_018328670.2	56.0	S	0.0
Lana_XP_013394792.1	Bmor_XP_004928906.1	56.0	S	0.0
Ofus_CAH1801472.1	Bmor_XP_004928906.1	56.0	S	0.0
Hrob_XP_009031639.1	Bmor_XP_004928906.1	56.0	S	0.0
Lana_XP_013394792.1	Dpul_XP_046452221.1	56.0	S	0.0
Ofus_CAH1801472.1	Dpul_XP_046452221.1	56.0	S	0.0
Hrob_XP_009031639.1	Dpul_XP_046452221.1	56.0	S	0.0
Lana_XP_013394792.1	Lpol_XP_022243926.1	56.0	S	0.0
Ofus_CAH1801472.1	Lpol_XP_022243926.1	56.0	S	0.0
Hrob_XP_009031639.1	Lpol_XP_022243926.1	56.0	S	0.0
Lana_XP_013394792.1	Lpol_XP_022243924.1	56.0	S	0.0
Ofus_CAH1801472.1	Lpol_XP_022243924.1	56.0	S	0.0
Hrob_XP_009031639.1	Lpol_XP_022243924.1	56.0	S	0.0
Lana_XP_013394792.1	Dpul_XP_046452222.1	56.0	S	0.0
Ofus_CAH1801472.1	Dpul_XP_046452222.1	56.0	S	0.0
Hrob_XP_009031639.1	Dpul_XP_046452222.1	56.0	S	0.0
Lana_XP_013394792.1	Lpol_XP_022243925.1	56.0	S	0.0
Ofus_CAH1801472.1	Lpol_XP_022243925.1	56.0	S	0.0
Hrob_XP_009031639.1	Lpol_XP_022243925.1	56.0	S	0.0
Lana_XP_013394792.1	Agrpla_XP_025836100.1	56.0	S	0.0
Ofus_CAH1801472.1	Agrpla_XP_025836100.1	56.0	S	0.0
Hrob_XP_009031639.1	Agrpla_XP_025836100.1	56.0	S	0.0
Lana_XP_013394792.1	Bmor_XP_021205389.1	56.0	S	0.0
Ofus_CAH1801472.1	Bmor_XP_021205389.1	56.0	S	0.0
Hrob_XP_009031639.1	Bmor_XP_021205389.1	56.0	S	0.0
Lana_XP_013394792.1	Lpol_XP_022243923.1	56.0	S	0.0
Ofus_CAH1801472.1	Lpol_XP_022243923.1	56.0	S	0.0
Hrob_XP_009031639.1	Lpol_XP_022243923.1	56.0	S	0.0
Lana_XP_013394792.1	Scil_XP_065189801.1	56.0	S	0.0
Ofus_CAH1801472.1	Scil_XP_065189801.1	56.0	S	0.0
Hrob_XP_009031639.1	Scil_XP_065189801.1	56.0	S	0.0
Apla_XP_022085616.1	Hsap_XP_047285670.1	52.0	S	0.0
Tadh_XP_002108337.1	Hsap_XP_047285670.1	52.0	S	0.0
Apla_XP_022085617.1	Hsap_XP_047285670.1	52.0	S	0.0
Apla_XP_022085616.1	Drer_NP_001410477.1	52.0	S	0.0
Tadh_XP_002108337.1	Drer_NP_001410477.1	52.0	S	0.0
Apla_XP_022085617.1	Drer_NP_001410477.1	52.0	S	0.0
Apla_XP_022085616.1	Xtro_XP_031748506.1	52.0	S	0.0
Tadh_XP_002108337.1	Xtro_XP_031748506.1	52.0	S	0.0
Apla_XP_022085617.1	Xtro_XP_031748506.1	52.0	S	0.0
Apla_XP_022085616.1	Hsap_XP_047285666.1	52.0	S	0.0
Tadh_XP_002108337.1	Hsap_XP_047285666.1	52.0	S	0.0
Apla_XP_022085617.1	Hsap_XP_047285666.1	52.0	S	0.0
Apla_XP_022085616.1	Hsap_XP_047285653.1	52.0	S	0.0
Tadh_XP_002108337.1	Hsap_XP_047285653.1	52.0	S	0.0
Apla_XP_022085617.1	Hsap_XP_047285653.1	52.0	S	0.0
Apla_XP_022085616.1	Hsap_XP_011537169.2	52.0	S	0.0
Tadh_XP_002108337.1	Hsap_XP_011537169.2	52.0	S	0.0
Apla_XP_022085617.1	Hsap_XP_011537169.2	52.0	S	0.0
Apla_XP_022085616.1	Hsap_NP_115979.3	52.0	S	0.0
Tadh_XP_002108337.1	Hsap_NP_115979.3	52.0	S	0.0
Apla_XP_022085617.1	Hsap_NP_115979.3	52.0	S	0.0
Apla_XP_022085616.1	Ggal_XP_004945615.1	52.0	S	0.0
Tadh_XP_002108337.1	Ggal_XP_004945615.1	52.0	S	0.0
Apla_XP_022085617.1	Ggal_XP_004945615.1	52.0	S	0.0
Apla_XP_022085616.1	Ggal_XP_004945618.1	52.0	S	0.0
Tadh_XP_002108337.1	Ggal_XP_004945618.1	52.0	S	0.0
Apla_XP_022085617.1	Ggal_XP_004945618.1	52.0	S	0.0
Apla_XP_022085616.1	Hsap_XP_047285638.1	52.0	S	0.0
Tadh_XP_002108337.1	Hsap_XP_047285638.1	52.0	S	0.0
Apla_XP_022085617.1	Hsap_XP_047285638.1	52.0	S	0.0
Apla_XP_022085616.1	Hsap_XP_047285665.1	52.0	S	0.0
Tadh_XP_002108337.1	Hsap_XP_047285665.1	52.0	S	0.0
Apla_XP_022085617.1	Hsap_XP_047285665.1	52.0	S	0.0
Apla_XP_022085616.1	Hsap_XP_005254013.1	52.0	S	0.0
Tadh_XP_002108337.1	Hsap_XP_005254013.1	52.0	S	0.0
Apla_XP_022085617.1	Hsap_XP_005254013.1	52.0	S	0.0
Apla_XP_022085616.1	Hsap_XP_047285652.1	52.0	S	0.0
Tadh_XP_002108337.1	Hsap_XP_047285652.1	52.0	S	0.0
Apla_XP_022085617.1	Hsap_XP_047285652.1	52.0	S	0.0
Apla_XP_022085616.1	Hsap_XP_047285637.1	52.0	S	0.0
Tadh_XP_002108337.1	Hsap_XP_047285637.1	52.0	S	0.0
Apla_XP_022085617.1	Hsap_XP_047285637.1	52.0	S	0.0
Apla_XP_022085616.1	Hsap_XP_047285664.1	52.0	S	0.0
Tadh_XP_002108337.1	Hsap_XP_047285664.1	52.0	S	0.0
Apla_XP_022085617.1	Hsap_XP_047285664.1	52.0	S	0.0
Apla_XP_022085616.1	Xtro_XP_031748498.1	52.0	S	0.0
Tadh_XP_002108337.1	Xtro_XP_031748498.1	52.0	S	0.0
Apla_XP_022085617.1	Xtro_XP_031748498.1	52.0	S	0.0
Apla_XP_022085616.1	Ggal_XP_040504334.1	52.0	S	0.0
Tadh_XP_002108337.1	Ggal_XP_040504334.1	52.0	S	0.0
Apla_XP_022085617.1	Ggal_XP_040504334.1	52.0	S	0.0
Apla_XP_022085616.1	Ggal_XP_004945616.1	52.0	S	0.0
Tadh_XP_002108337.1	Ggal_XP_004945616.1	52.0	S	0.0
Apla_XP_022085617.1	Ggal_XP_004945616.1	52.0	S	0.0
Apla_XP_022085616.1	Xtro_XP_031748491.1	52.0	S	0.0
Tadh_XP_002108337.1	Xtro_XP_031748491.1	52.0	S	0.0
Apla_XP_022085617.1	Xtro_XP_031748491.1	52.0	S	0.0
Apla_XP_022085616.1	Ggal_XP_046757210.1	52.0	S	0.0
Tadh_XP_002108337.1	Ggal_XP_046757210.1	52.0	S	0.0
Apla_XP_022085617.1	Ggal_XP_046757210.1	52.0	S	0.0
Apla_XP_022085616.1	Xtro_XP_031748490.1	52.0	S	0.0
Tadh_XP_002108337.1	Xtro_XP_031748490.1	52.0	S	0.0
Apla_XP_022085617.1	Xtro_XP_031748490.1	52.0	S	0.0
Apla_XP_022085616.1	Ggal_XP_004945614.1	52.0	S	0.0
Tadh_XP_002108337.1	Ggal_XP_004945614.1	52.0	S	0.0
Apla_XP_022085617.1	Ggal_XP_004945614.1	52.0	S	0.0
Apla_XP_022085616.1	Hsap_XP_047285646.1	52.0	S	0.0
Tadh_XP_002108337.1	Hsap_XP_047285646.1	52.0	S	0.0
Apla_XP_022085617.1	Hsap_XP_047285646.1	52.0	S	0.0
Apla_XP_022085616.1	Drer_XP_068079819.1	52.0	S	0.0
Tadh_XP_002108337.1	Drer_XP_068079819.1	52.0	S	0.0
Apla_XP_022085617.1	Drer_XP_068079819.1	52.0	S	0.0
Apla_XP_022085616.1	Ggal_XP_004945610.1	52.0	S	0.0
Tadh_XP_002108337.1	Ggal_XP_004945610.1	52.0	S	0.0
Apla_XP_022085617.1	Ggal_XP_004945610.1	52.0	S	0.0
Apla_XP_022085616.1	Hsap_XP_047285663.1	52.0	S	0.0
Tadh_XP_002108337.1	Hsap_XP_047285663.1	52.0	S	0.0
Apla_XP_022085617.1	Hsap_XP_047285663.1	52.0	S	0.0
Apla_XP_022085616.1	Hsap_XP_047285661.1	52.0	S	0.0
Tadh_XP_002108337.1	Hsap_XP_047285661.1	52.0	S	0.0
Apla_XP_022085617.1	Hsap_XP_047285661.1	52.0	S	0.0
Apla_XP_022085616.1	Hsap_XP_047285657.1	52.0	S	0.0
Tadh_XP_002108337.1	Hsap_XP_047285657.1	52.0	S	0.0
Apla_XP_022085617.1	Hsap_XP_047285657.1	52.0	S	0.0
Apla_XP_022085616.1	Hsap_XP_047285659.1	52.0	S	0.0
Tadh_XP_002108337.1	Hsap_XP_047285659.1	52.0	S	0.0
Apla_XP_022085617.1	Hsap_XP_047285659.1	52.0	S	0.0
Apla_XP_022085616.1	Hsap_XP_047285644.1	52.0	S	0.0
Tadh_XP_002108337.1	Hsap_XP_047285644.1	52.0	S	0.0
Apla_XP_022085617.1	Hsap_XP_047285644.1	52.0	S	0.0
Apla_XP_022085616.1	Hsap_XP_047285662.1	52.0	S	0.0
Tadh_XP_002108337.1	Hsap_XP_047285662.1	52.0	S	0.0
Apla_XP_022085617.1	Hsap_XP_047285662.1	52.0	S	0.0
Apla_XP_022085616.1	Hsap_XP_047285671.1	52.0	S	0.0
Tadh_XP_002108337.1	Hsap_XP_047285671.1	52.0	S	0.0
Apla_XP_022085617.1	Hsap_XP_047285671.1	52.0	S	0.0
Apla_XP_022085616.1	Hsap_XP_047285668.1	52.0	S	0.0
Tadh_XP_002108337.1	Hsap_XP_047285668.1	52.0	S	0.0
Apla_XP_022085617.1	Hsap_XP_047285668.1	52.0	S	0.0
Apla_XP_022085616.1	Ggal_XP_025011399.1	52.0	S	0.0
Tadh_XP_002108337.1	Ggal_XP_025011399.1	52.0	S	0.0
Apla_XP_022085617.1	Ggal_XP_025011399.1	52.0	S	0.0
Apla_XP_022085616.1	Hsap_XP_047285639.1	52.0	S	0.0
Tadh_XP_002108337.1	Hsap_XP_047285639.1	52.0	S	0.0
Apla_XP_022085617.1	Hsap_XP_047285639.1	52.0	S	0.0
Apla_XP_022085616.1	Xtro_NP_001011176.1	52.0	S	0.0
Tadh_XP_002108337.1	Xtro_NP_001011176.1	52.0	S	0.0
Apla_XP_022085617.1	Xtro_NP_001011176.1	52.0	S	0.0
Apla_XP_022085616.1	Hsap_XP_047285654.1	52.0	S	0.0
Tadh_XP_002108337.1	Hsap_XP_047285654.1	52.0	S	0.0
Apla_XP_022085617.1	Hsap_XP_047285654.1	52.0	S	0.0
Apla_XP_022085616.1	Hsap_XP_047285655.1	52.0	S	0.0
Tadh_XP_002108337.1	Hsap_XP_047285655.1	52.0	S	0.0
Apla_XP_022085617.1	Hsap_XP_047285655.1	52.0	S	0.0
Apla_XP_022085616.1	Hsap_XP_047285648.1	52.0	S	0.0
Tadh_XP_002108337.1	Hsap_XP_047285648.1	52.0	S	0.0
Apla_XP_022085617.1	Hsap_XP_047285648.1	52.0	S	0.0
Apla_XP_022085616.1	Hsap_XP_006718543.1	52.0	S	0.0
Tadh_XP_002108337.1	Hsap_XP_006718543.1	52.0	S	0.0
Apla_XP_022085617.1	Hsap_XP_006718543.1	52.0	S	0.0
Apla_XP_022085616.1	Hsap_XP_047285667.1	52.0	S	0.0
Tadh_XP_002108337.1	Hsap_XP_047285667.1	52.0	S	0.0
Apla_XP_022085617.1	Hsap_XP_047285667.1	52.0	S	0.0
Apla_XP_022085616.1	Hsap_XP_047282579.1	52.0	S	0.0
Tadh_XP_002108337.1	Hsap_XP_047282579.1	52.0	S	0.0
Apla_XP_022085617.1	Hsap_XP_047282579.1	52.0	S	0.0
Apla_XP_022085616.1	Xtro_XP_031748515.1	52.0	S	0.0
Tadh_XP_002108337.1	Xtro_XP_031748515.1	52.0	S	0.0
Apla_XP_022085617.1	Xtro_XP_031748515.1	52.0	S	0.0
Apla_XP_022085616.1	Hsap_NP_001005366.1	52.0	S	0.0
Tadh_XP_002108337.1	Hsap_NP_001005366.1	52.0	S	0.0
Apla_XP_022085617.1	Hsap_NP_001005366.1	52.0	S	0.0
Apla_XP_022085616.1	Hsap_XP_005254012.1	52.0	S	0.0
Tadh_XP_002108337.1	Hsap_XP_005254012.1	52.0	S	0.0
Apla_XP_022085617.1	Hsap_XP_005254012.1	52.0	S	0.0
Apla_XP_022085616.1	Hsap_XP_047285640.1	52.0	S	0.0
Tadh_XP_002108337.1	Hsap_XP_047285640.1	52.0	S	0.0
Apla_XP_022085617.1	Hsap_XP_047285640.1	52.0	S	0.0
Apla_XP_022085616.1	Hsap_XP_047285669.1	52.0	S	0.0
Tadh_XP_002108337.1	Hsap_XP_047285669.1	52.0	S	0.0
Apla_XP_022085617.1	Hsap_XP_047285669.1	52.0	S	0.0
Apla_XP_022085616.1	Ggal_XP_004945612.1	52.0	S	0.0
Tadh_XP_002108337.1	Ggal_XP_004945612.1	52.0	S	0.0
Apla_XP_022085617.1	Ggal_XP_004945612.1	52.0	S	0.0
Apla_XP_022085616.1	Hsap_XP_047285656.1	52.0	S	0.0
Tadh_XP_002108337.1	Hsap_XP_047285656.1	52.0	S	0.0
Apla_XP_022085617.1	Hsap_XP_047285656.1	52.0	S	0.0
Apla_XP_022085616.1	Hsap_XP_047285660.1	52.0	S	0.0
Tadh_XP_002108337.1	Hsap_XP_047285660.1	52.0	S	0.0
Apla_XP_022085617.1	Hsap_XP_047285660.1	52.0	S	0.0
Apla_XP_022085616.1	Ggal_XP_004945613.1	52.0	S	0.0
Tadh_XP_002108337.1	Ggal_XP_004945613.1	52.0	S	0.0
Apla_XP_022085617.1	Ggal_XP_004945613.1	52.0	S	0.0
Apla_XP_022085616.1	Ggal_XP_015131080.1	52.0	S	0.0
Tadh_XP_002108337.1	Ggal_XP_015131080.1	52.0	S	0.0
Apla_XP_022085617.1	Ggal_XP_015131080.1	52.0	S	0.0
Apla_XP_022085616.1	Hsap_XP_047285649.1	52.0	S	0.0
Tadh_XP_002108337.1	Hsap_XP_047285649.1	52.0	S	0.0
Apla_XP_022085617.1	Hsap_XP_047285649.1	52.0	S	0.0
Apla_XP_022085616.1	Hsap_XP_047285658.1	52.0	S	0.0
Tadh_XP_002108337.1	Hsap_XP_047285658.1	52.0	S	0.0
Apla_XP_022085617.1	Hsap_XP_047285658.1	52.0	S	0.0
Cele_NP_498418.3	Cele_NP_498419.3	100.0	D	1.0
Angcan_KAE9420235.1	Hpol_VDO64892.1	100.0	S	0.0
Acey_EYC20807.1	Hpol_VDO64892.1	100.0	S	0.0
Angcan_KAE9420235.1	Hcon_XGW16589.1	100.0	S	0.0
Acey_EYC20807.1	Hcon_XGW16589.1	100.0	S	0.0
Angcan_KAE9420235.1	Hcon_XGW16588.1	100.0	S	0.0
Acey_EYC20807.1	Hcon_XGW16588.1	100.0	S	0.0
Hrob_XP_009031639.1	Lana_XP_013394792.1	65.0	S	0.0
Hrob_XP_009031639.1	Ofus_CAH1801472.1	65.0	S	0.0
Scil_XP_065189801.1	Pvan_XP_069969648.1	65.0	S	0.0
Scil_XP_065189801.1	Lpol_XP_013778988.1	65.0	S	0.0
Scil_XP_065189801.1	Apimel_XP_026294963.1	65.0	S	0.0
Scil_XP_065189801.1	Lpol_XP_022243922.1	65.0	S	0.0
Scil_XP_065189801.1	Lpol_XP_022243928.1	65.0	S	0.0
Scil_XP_065189801.1	Lpol_XP_022243927.1	65.0	S	0.0
Scil_XP_065189801.1	Lpol_XP_013776610.2	65.0	S	0.0
Scil_XP_065189801.1	Agrpla_XP_018328670.2	65.0	S	0.0
Scil_XP_065189801.1	Bmor_XP_004928906.1	65.0	S	0.0
Scil_XP_065189801.1	Dpul_XP_046452221.1	65.0	S	0.0
Scil_XP_065189801.1	Lpol_XP_022243926.1	65.0	S	0.0
Scil_XP_065189801.1	Lpol_XP_022243924.1	65.0	S	0.0
Scil_XP_065189801.1	Dpul_XP_046452222.1	65.0	S	0.0
Scil_XP_065189801.1	Lpol_XP_022243925.1	65.0	S	0.0
Scil_XP_065189801.1	Agrpla_XP_025836100.1	65.0	S	0.0
Scil_XP_065189801.1	Bmor_XP_021205389.1	65.0	S	0.0
Scil_XP_065189801.1	Lpol_XP_022243923.1	65.0	S	0.0
Tadh_XP_002108337.1	Apla_XP_022085616.1	60.0	S	0.0
Tadh_XP_002108337.1	Apla_XP_022085617.1	60.0	S	0.0
Angcan_KAE9420235.1	Acey_EYC20807.1	71.0	S	0.0
Hpol_VDO64892.1	Hcon_XGW16589.1	68.0	S	0.0
Hpol_VDO64892.1	Hcon_XGW16588.1	68.0	S	0.0
Lana_XP_013394792.1	Ofus_CAH1801472.1	98.0	S	0.0
Apimel_XP_026294963.1	Lpol_XP_013778988.1	97.0	S	0.0
Agrpla_XP_025836100.1	Lpol_XP_013778988.1	97.0	S	0.0
Agrpla_XP_018328670.2	Lpol_XP_013778988.1	97.0	S	0.0
Bmor_XP_004928906.1	Lpol_XP_013778988.1	97.0	S	0.0
Dpul_XP_046452221.1	Lpol_XP_013778988.1	97.0	S	0.0
Dpul_XP_046452222.1	Lpol_XP_013778988.1	97.0	S	0.0
Pvan_XP_069969648.1	Lpol_XP_013778988.1	97.0	S	0.0
Bmor_XP_021205389.1	Lpol_XP_013778988.1	97.0	S	0.0
Apimel_XP_026294963.1	Lpol_XP_022243922.1	97.0	S	0.0
Agrpla_XP_025836100.1	Lpol_XP_022243922.1	97.0	S	0.0
Agrpla_XP_018328670.2	Lpol_XP_022243922.1	97.0	S	0.0
Bmor_XP_004928906.1	Lpol_XP_022243922.1	97.0	S	0.0
Dpul_XP_046452221.1	Lpol_XP_022243922.1	97.0	S	0.0
Dpul_XP_046452222.1	Lpol_XP_022243922.1	97.0	S	0.0
Pvan_XP_069969648.1	Lpol_XP_022243922.1	97.0	S	0.0
Bmor_XP_021205389.1	Lpol_XP_022243922.1	97.0	S	0.0
Apimel_XP_026294963.1	Lpol_XP_022243927.1	97.0	S	0.0
Agrpla_XP_025836100.1	Lpol_XP_022243927.1	97.0	S	0.0
Agrpla_XP_018328670.2	Lpol_XP_022243927.1	97.0	S	0.0
Bmor_XP_004928906.1	Lpol_XP_022243927.1	97.0	S	0.0
Dpul_XP_046452221.1	Lpol_XP_022243927.1	97.0	S	0.0
Dpul_XP_046452222.1	Lpol_XP_022243927.1	97.0	S	0.0
Pvan_XP_069969648.1	Lpol_XP_022243927.1	97.0	S	0.0
Bmor_XP_021205389.1	Lpol_XP_022243927.1	97.0	S	0.0
Apimel_XP_026294963.1	Lpol_XP_022243928.1	97.0	S	0.0
Agrpla_XP_025836100.1	Lpol_XP_022243928.1	97.0	S	0.0
Agrpla_XP_018328670.2	Lpol_XP_022243928.1	97.0	S	0.0
Bmor_XP_004928906.1	Lpol_XP_022243928.1	97.0	S	0.0
Dpul_XP_046452221.1	Lpol_XP_022243928.1	97.0	S	0.0
Dpul_XP_046452222.1	Lpol_XP_022243928.1	97.0	S	0.0
Pvan_XP_069969648.1	Lpol_XP_022243928.1	97.0	S	0.0
Bmor_XP_021205389.1	Lpol_XP_022243928.1	97.0	S	0.0
Apimel_XP_026294963.1	Lpol_XP_013776610.2	97.0	S	0.0
Agrpla_XP_025836100.1	Lpol_XP_013776610.2	97.0	S	0.0
Agrpla_XP_018328670.2	Lpol_XP_013776610.2	97.0	S	0.0
Bmor_XP_004928906.1	Lpol_XP_013776610.2	97.0	S	0.0
Dpul_XP_046452221.1	Lpol_XP_013776610.2	97.0	S	0.0
Dpul_XP_046452222.1	Lpol_XP_013776610.2	97.0	S	0.0
Pvan_XP_069969648.1	Lpol_XP_013776610.2	97.0	S	0.0
Bmor_XP_021205389.1	Lpol_XP_013776610.2	97.0	S	0.0
Apimel_XP_026294963.1	Lpol_XP_022243926.1	97.0	S	0.0
Agrpla_XP_025836100.1	Lpol_XP_022243926.1	97.0	S	0.0
Agrpla_XP_018328670.2	Lpol_XP_022243926.1	97.0	S	0.0
Bmor_XP_004928906.1	Lpol_XP_022243926.1	97.0	S	0.0
Dpul_XP_046452221.1	Lpol_XP_022243926.1	97.0	S	0.0
Dpul_XP_046452222.1	Lpol_XP_022243926.1	97.0	S	0.0
Pvan_XP_069969648.1	Lpol_XP_022243926.1	97.0	S	0.0
Bmor_XP_021205389.1	Lpol_XP_022243926.1	97.0	S	0.0
Apimel_XP_026294963.1	Lpol_XP_022243924.1	97.0	S	0.0
Agrpla_XP_025836100.1	Lpol_XP_022243924.1	97.0	S	0.0
Agrpla_XP_018328670.2	Lpol_XP_022243924.1	97.0	S	0.0
Bmor_XP_004928906.1	Lpol_XP_022243924.1	97.0	S	0.0
Dpul_XP_046452221.1	Lpol_XP_022243924.1	97.0	S	0.0
Dpul_XP_046452222.1	Lpol_XP_022243924.1	97.0	S	0.0
Pvan_XP_069969648.1	Lpol_XP_022243924.1	97.0	S	0.0
Bmor_XP_021205389.1	Lpol_XP_022243924.1	97.0	S	0.0
Apimel_XP_026294963.1	Lpol_XP_022243925.1	97.0	S	0.0
Agrpla_XP_025836100.1	Lpol_XP_022243925.1	97.0	S	0.0
Agrpla_XP_018328670.2	Lpol_XP_022243925.1	97.0	S	0.0
Bmor_XP_004928906.1	Lpol_XP_022243925.1	97.0	S	0.0
Dpul_XP_046452221.1	Lpol_XP_022243925.1	97.0	S	0.0
Dpul_XP_046452222.1	Lpol_XP_022243925.1	97.0	S	0.0
Pvan_XP_069969648.1	Lpol_XP_022243925.1	97.0	S	0.0
Bmor_XP_021205389.1	Lpol_XP_022243925.1	97.0	S	0.0
Apimel_XP_026294963.1	Lpol_XP_022243923.1	97.0	S	0.0
Agrpla_XP_025836100.1	Lpol_XP_022243923.1	97.0	S	0.0
Agrpla_XP_018328670.2	Lpol_XP_022243923.1	97.0	S	0.0
Bmor_XP_004928906.1	Lpol_XP_022243923.1	97.0	S	0.0
Dpul_XP_046452221.1	Lpol_XP_022243923.1	97.0	S	0.0
Dpul_XP_046452222.1	Lpol_XP_022243923.1	97.0	S	0.0
Pvan_XP_069969648.1	Lpol_XP_022243923.1	97.0	S	0.0
Bmor_XP_021205389.1	Lpol_XP_022243923.1	97.0	S	0.0
Apla_XP_022085617.1	Apla_XP_022085616.1	100.0	D	1.0
Xtro_NP_001011176.1	Hsap_XP_047282579.1	100.0	S	0.0
Xtro_NP_001011176.1	Hsap_XP_006718543.1	100.0	S	0.0
Drer_XP_068079819.1	Hsap_XP_047285670.1	100.0	S	0.0
Drer_NP_001410477.1	Hsap_XP_047285670.1	100.0	S	0.0
Drer_XP_068079819.1	Xtro_XP_031748506.1	100.0	S	0.0
Drer_NP_001410477.1	Xtro_XP_031748506.1	100.0	S	0.0
Drer_XP_068079819.1	Hsap_XP_047285666.1	100.0	S	0.0
Drer_NP_001410477.1	Hsap_XP_047285666.1	100.0	S	0.0
Drer_XP_068079819.1	Hsap_XP_047285653.1	100.0	S	0.0
Drer_NP_001410477.1	Hsap_XP_047285653.1	100.0	S	0.0
Drer_XP_068079819.1	Hsap_XP_011537169.2	100.0	S	0.0
Drer_NP_001410477.1	Hsap_XP_011537169.2	100.0	S	0.0
Drer_XP_068079819.1	Hsap_NP_115979.3	100.0	S	0.0
Drer_NP_001410477.1	Hsap_NP_115979.3	100.0	S	0.0
Drer_XP_068079819.1	Ggal_XP_004945615.1	100.0	S	0.0
Drer_NP_001410477.1	Ggal_XP_004945615.1	100.0	S	0.0
Drer_XP_068079819.1	Ggal_XP_004945618.1	100.0	S	0.0
Drer_NP_001410477.1	Ggal_XP_004945618.1	100.0	S	0.0
Drer_XP_068079819.1	Hsap_XP_047285638.1	100.0	S	0.0
Drer_NP_001410477.1	Hsap_XP_047285638.1	100.0	S	0.0
Drer_XP_068079819.1	Hsap_XP_047285665.1	100.0	S	0.0
Drer_NP_001410477.1	Hsap_XP_047285665.1	100.0	S	0.0
Drer_XP_068079819.1	Hsap_XP_005254013.1	100.0	S	0.0
Drer_NP_001410477.1	Hsap_XP_005254013.1	100.0	S	0.0
Drer_XP_068079819.1	Hsap_XP_047285652.1	100.0	S	0.0
Drer_NP_001410477.1	Hsap_XP_047285652.1	100.0	S	0.0
Drer_XP_068079819.1	Hsap_XP_047285637.1	100.0	S	0.0
Drer_NP_001410477.1	Hsap_XP_047285637.1	100.0	S	0.0
Drer_XP_068079819.1	Hsap_XP_047285664.1	100.0	S	0.0
Drer_NP_001410477.1	Hsap_XP_047285664.1	100.0	S	0.0
Drer_XP_068079819.1	Xtro_XP_031748498.1	100.0	S	0.0
Drer_NP_001410477.1	Xtro_XP_031748498.1	100.0	S	0.0
Drer_XP_068079819.1	Ggal_XP_040504334.1	100.0	S	0.0
Drer_NP_001410477.1	Ggal_XP_040504334.1	100.0	S	0.0
Drer_XP_068079819.1	Ggal_XP_004945616.1	100.0	S	0.0
Drer_NP_001410477.1	Ggal_XP_004945616.1	100.0	S	0.0
Drer_XP_068079819.1	Xtro_XP_031748491.1	100.0	S	0.0
Drer_NP_001410477.1	Xtro_XP_031748491.1	100.0	S	0.0
Drer_XP_068079819.1	Ggal_XP_046757210.1	100.0	S	0.0
Drer_NP_001410477.1	Ggal_XP_046757210.1	100.0	S	0.0
Drer_XP_068079819.1	Xtro_XP_031748490.1	100.0	S	0.0
Drer_NP_001410477.1	Xtro_XP_031748490.1	100.0	S	0.0
Drer_XP_068079819.1	Ggal_XP_004945614.1	100.0	S	0.0
Drer_NP_001410477.1	Ggal_XP_004945614.1	100.0	S	0.0
Drer_XP_068079819.1	Hsap_XP_047285646.1	100.0	S	0.0
Drer_NP_001410477.1	Hsap_XP_047285646.1	100.0	S	0.0
Drer_XP_068079819.1	Ggal_XP_004945610.1	100.0	S	0.0
Drer_NP_001410477.1	Ggal_XP_004945610.1	100.0	S	0.0
Drer_XP_068079819.1	Hsap_XP_047285663.1	100.0	S	0.0
Drer_NP_001410477.1	Hsap_XP_047285663.1	100.0	S	0.0
Drer_XP_068079819.1	Hsap_XP_047285661.1	100.0	S	0.0
Drer_NP_001410477.1	Hsap_XP_047285661.1	100.0	S	0.0
Drer_XP_068079819.1	Hsap_XP_047285657.1	100.0	S	0.0
Drer_NP_001410477.1	Hsap_XP_047285657.1	100.0	S	0.0
Drer_XP_068079819.1	Hsap_XP_047285659.1	100.0	S	0.0
Drer_NP_001410477.1	Hsap_XP_047285659.1	100.0	S	0.0
Drer_XP_068079819.1	Hsap_XP_047285644.1	100.0	S	0.0
Drer_NP_001410477.1	Hsap_XP_047285644.1	100.0	S	0.0
Drer_XP_068079819.1	Hsap_XP_047285662.1	100.0	S	0.0
Drer_NP_001410477.1	Hsap_XP_047285662.1	100.0	S	0.0
Drer_XP_068079819.1	Hsap_XP_047285671.1	100.0	S	0.0
Drer_NP_001410477.1	Hsap_XP_047285671.1	100.0	S	0.0
Drer_XP_068079819.1	Hsap_XP_047285668.1	100.0	S	0.0
Drer_NP_001410477.1	Hsap_XP_047285668.1	100.0	S	0.0
Drer_XP_068079819.1	Ggal_XP_025011399.1	100.0	S	0.0
Drer_NP_001410477.1	Ggal_XP_025011399.1	100.0	S	0.0
Drer_XP_068079819.1	Hsap_XP_047285639.1	100.0	S	0.0
Drer_NP_001410477.1	Hsap_XP_047285639.1	100.0	S	0.0
Drer_XP_068079819.1	Hsap_XP_047285654.1	100.0	S	0.0
Drer_NP_001410477.1	Hsap_XP_047285654.1	100.0	S	0.0
Drer_XP_068079819.1	Hsap_XP_047285655.1	100.0	S	0.0
Drer_NP_001410477.1	Hsap_XP_047285655.1	100.0	S	0.0
Drer_XP_068079819.1	Hsap_XP_047285648.1	100.0	S	0.0
Drer_NP_001410477.1	Hsap_XP_047285648.1	100.0	S	0.0
Drer_XP_068079819.1	Hsap_XP_047285667.1	100.0	S	0.0
Drer_NP_001410477.1	Hsap_XP_047285667.1	100.0	S	0.0
Drer_XP_068079819.1	Xtro_XP_031748515.1	100.0	S	0.0
Drer_NP_001410477.1	Xtro_XP_031748515.1	100.0	S	0.0
Drer_XP_068079819.1	Hsap_NP_001005366.1	100.0	S	0.0
Drer_NP_001410477.1	Hsap_NP_001005366.1	100.0	S	0.0
Drer_XP_068079819.1	Hsap_XP_005254012.1	100.0	S	0.0
Drer_NP_001410477.1	Hsap_XP_005254012.1	100.0	S	0.0
Drer_XP_068079819.1	Hsap_XP_047285640.1	100.0	S	0.0
Drer_NP_001410477.1	Hsap_XP_047285640.1	100.0	S	0.0
Drer_XP_068079819.1	Hsap_XP_047285669.1	100.0	S	0.0
Drer_NP_001410477.1	Hsap_XP_047285669.1	100.0	S	0.0
Drer_XP_068079819.1	Ggal_XP_004945612.1	100.0	S	0.0
Drer_NP_001410477.1	Ggal_XP_004945612.1	100.0	S	0.0
Drer_XP_068079819.1	Hsap_XP_047285656.1	100.0	S	0.0
Drer_NP_001410477.1	Hsap_XP_047285656.1	100.0	S	0.0
Drer_XP_068079819.1	Hsap_XP_047285660.1	100.0	S	0.0
Drer_NP_001410477.1	Hsap_XP_047285660.1	100.0	S	0.0
Drer_XP_068079819.1	Ggal_XP_004945613.1	100.0	S	0.0
Drer_NP_001410477.1	Ggal_XP_004945613.1	100.0	S	0.0
Drer_XP_068079819.1	Ggal_XP_015131080.1	100.0	S	0.0
Drer_NP_001410477.1	Ggal_XP_015131080.1	100.0	S	0.0
Drer_XP_068079819.1	Hsap_XP_047285649.1	100.0	S	0.0
Drer_NP_001410477.1	Hsap_XP_047285649.1	100.0	S	0.0
Drer_XP_068079819.1	Hsap_XP_047285658.1	100.0	S	0.0
Drer_NP_001410477.1	Hsap_XP_047285658.1	100.0	S	0.0
Hcon_XGW16588.1	Hcon_XGW16589.1	100.0	D	1.0
Pvan_XP_069969648.1	Apimel_XP_026294963.1	99.0	S	0.0
Pvan_XP_069969648.1	Agrpla_XP_018328670.2	99.0	S	0.0
Pvan_XP_069969648.1	Bmor_XP_004928906.1	99.0	S	0.0
Pvan_XP_069969648.1	Dpul_XP_046452221.1	99.0	S	0.0
Pvan_XP_069969648.1	Dpul_XP_046452222.1	99.0	S	0.0
Pvan_XP_069969648.1	Agrpla_XP_025836100.1	99.0	S	0.0
Pvan_XP_069969648.1	Bmor_XP_021205389.1	99.0	S	0.0
Lpol_XP_013778988.1	Lpol_XP_022243922.1	100.0	D	1.0
Lpol_XP_013778988.1	Lpol_XP_022243927.1	100.0	D	1.0
Lpol_XP_013778988.1	Lpol_XP_022243928.1	100.0	D	1.0
Lpol_XP_013778988.1	Lpol_XP_013776610.2	100.0	D	1.0
Lpol_XP_013778988.1	Lpol_XP_022243926.1	100.0	D	1.0
Lpol_XP_013778988.1	Lpol_XP_022243924.1	100.0	D	1.0
Lpol_XP_013778988.1	Lpol_XP_022243925.1	100.0	D	1.0
Lpol_XP_013778988.1	Lpol_XP_022243923.1	100.0	D	1.0
Hsap_XP_047282579.1	Hsap_XP_006718543.1	100.0	D	1.0
Drer_NP_001410477.1	Drer_XP_068079819.1	100.0	D	1.0
Xtro_XP_031748515.1	Hsap_XP_047285670.1	100.0	S	0.0
Xtro_XP_031748490.1	Hsap_XP_047285670.1	100.0	S	0.0
Xtro_XP_031748506.1	Hsap_XP_047285670.1	100.0	S	0.0
Xtro_XP_031748498.1	Hsap_XP_047285670.1	100.0	S	0.0
Xtro_XP_031748491.1	Hsap_XP_047285670.1	100.0	S	0.0
Xtro_XP_031748515.1	Hsap_XP_047285666.1	100.0	S	0.0
Xtro_XP_031748490.1	Hsap_XP_047285666.1	100.0	S	0.0
Xtro_XP_031748506.1	Hsap_XP_047285666.1	100.0	S	0.0
Xtro_XP_031748498.1	Hsap_XP_047285666.1	100.0	S	0.0
Xtro_XP_031748491.1	Hsap_XP_047285666.1	100.0	S	0.0
Xtro_XP_031748515.1	Hsap_XP_011537169.2	100.0	S	0.0
Xtro_XP_031748490.1	Hsap_XP_011537169.2	100.0	S	0.0
Xtro_XP_031748506.1	Hsap_XP_011537169.2	100.0	S	0.0
Xtro_XP_031748498.1	Hsap_XP_011537169.2	100.0	S	0.0
Xtro_XP_031748491.1	Hsap_XP_011537169.2	100.0	S	0.0
Xtro_XP_031748515.1	Hsap_NP_115979.3	100.0	S	0.0
Xtro_XP_031748490.1	Hsap_NP_115979.3	100.0	S	0.0
Xtro_XP_031748506.1	Hsap_NP_115979.3	100.0	S	0.0
Xtro_XP_031748498.1	Hsap_NP_115979.3	100.0	S	0.0
Xtro_XP_031748491.1	Hsap_NP_115979.3	100.0	S	0.0
Xtro_XP_031748515.1	Ggal_XP_004945615.1	100.0	S	0.0
Xtro_XP_031748490.1	Ggal_XP_004945615.1	100.0	S	0.0
Xtro_XP_031748506.1	Ggal_XP_004945615.1	100.0	S	0.0
Xtro_XP_031748498.1	Ggal_XP_004945615.1	100.0	S	0.0
Xtro_XP_031748491.1	Ggal_XP_004945615.1	100.0	S	0.0
Xtro_XP_031748515.1	Ggal_XP_004945618.1	100.0	S	0.0
Xtro_XP_031748490.1	Ggal_XP_004945618.1	100.0	S	0.0
Xtro_XP_031748506.1	Ggal_XP_004945618.1	100.0	S	0.0
Xtro_XP_031748498.1	Ggal_XP_004945618.1	100.0	S	0.0
Xtro_XP_031748491.1	Ggal_XP_004945618.1	100.0	S	0.0
Xtro_XP_031748515.1	Hsap_XP_047285638.1	100.0	S	0.0
Xtro_XP_031748490.1	Hsap_XP_047285638.1	100.0	S	0.0
Xtro_XP_031748506.1	Hsap_XP_047285638.1	100.0	S	0.0
Xtro_XP_031748498.1	Hsap_XP_047285638.1	100.0	S	0.0
Xtro_XP_031748491.1	Hsap_XP_047285638.1	100.0	S	0.0
Xtro_XP_031748515.1	Hsap_XP_047285665.1	100.0	S	0.0
Xtro_XP_031748490.1	Hsap_XP_047285665.1	100.0	S	0.0
Xtro_XP_031748506.1	Hsap_XP_047285665.1	100.0	S	0.0
Xtro_XP_031748498.1	Hsap_XP_047285665.1	100.0	S	0.0
Xtro_XP_031748491.1	Hsap_XP_047285665.1	100.0	S	0.0
Xtro_XP_031748515.1	Hsap_XP_005254013.1	100.0	S	0.0
Xtro_XP_031748490.1	Hsap_XP_005254013.1	100.0	S	0.0
Xtro_XP_031748506.1	Hsap_XP_005254013.1	100.0	S	0.0
Xtro_XP_031748498.1	Hsap_XP_005254013.1	100.0	S	0.0
Xtro_XP_031748491.1	Hsap_XP_005254013.1	100.0	S	0.0
Xtro_XP_031748515.1	Hsap_XP_047285652.1	100.0	S	0.0
Xtro_XP_031748490.1	Hsap_XP_047285652.1	100.0	S	0.0
Xtro_XP_031748506.1	Hsap_XP_047285652.1	100.0	S	0.0
Xtro_XP_031748498.1	Hsap_XP_047285652.1	100.0	S	0.0
Xtro_XP_031748491.1	Hsap_XP_047285652.1	100.0	S	0.0
Xtro_XP_031748515.1	Hsap_XP_047285637.1	100.0	S	0.0
Xtro_XP_031748490.1	Hsap_XP_047285637.1	100.0	S	0.0
Xtro_XP_031748506.1	Hsap_XP_047285637.1	100.0	S	0.0
Xtro_XP_031748498.1	Hsap_XP_047285637.1	100.0	S	0.0
Xtro_XP_031748491.1	Hsap_XP_047285637.1	100.0	S	0.0
Xtro_XP_031748515.1	Hsap_XP_047285664.1	100.0	S	0.0
Xtro_XP_031748490.1	Hsap_XP_047285664.1	100.0	S	0.0
Xtro_XP_031748506.1	Hsap_XP_047285664.1	100.0	S	0.0
Xtro_XP_031748498.1	Hsap_XP_047285664.1	100.0	S	0.0
Xtro_XP_031748491.1	Hsap_XP_047285664.1	100.0	S	0.0
Xtro_XP_031748515.1	Ggal_XP_040504334.1	100.0	S	0.0
Xtro_XP_031748490.1	Ggal_XP_040504334.1	100.0	S	0.0
Xtro_XP_031748506.1	Ggal_XP_040504334.1	100.0	S	0.0
Xtro_XP_031748498.1	Ggal_XP_040504334.1	100.0	S	0.0
Xtro_XP_031748491.1	Ggal_XP_040504334.1	100.0	S	0.0
Xtro_XP_031748515.1	Ggal_XP_004945616.1	100.0	S	0.0
Xtro_XP_031748490.1	Ggal_XP_004945616.1	100.0	S	0.0
Xtro_XP_031748506.1	Ggal_XP_004945616.1	100.0	S	0.0
Xtro_XP_031748498.1	Ggal_XP_004945616.1	100.0	S	0.0
Xtro_XP_031748491.1	Ggal_XP_004945616.1	100.0	S	0.0
Xtro_XP_031748515.1	Ggal_XP_046757210.1	100.0	S	0.0
Xtro_XP_031748490.1	Ggal_XP_046757210.1	100.0	S	0.0
Xtro_XP_031748506.1	Ggal_XP_046757210.1	100.0	S	0.0
Xtro_XP_031748498.1	Ggal_XP_046757210.1	100.0	S	0.0
Xtro_XP_031748491.1	Ggal_XP_046757210.1	100.0	S	0.0
Xtro_XP_031748515.1	Ggal_XP_004945614.1	100.0	S	0.0
Xtro_XP_031748490.1	Ggal_XP_004945614.1	100.0	S	0.0
Xtro_XP_031748506.1	Ggal_XP_004945614.1	100.0	S	0.0
Xtro_XP_031748498.1	Ggal_XP_004945614.1	100.0	S	0.0
Xtro_XP_031748491.1	Ggal_XP_004945614.1	100.0	S	0.0
Xtro_XP_031748515.1	Hsap_XP_047285646.1	100.0	S	0.0
Xtro_XP_031748490.1	Hsap_XP_047285646.1	100.0	S	0.0
Xtro_XP_031748506.1	Hsap_XP_047285646.1	100.0	S	0.0
Xtro_XP_031748498.1	Hsap_XP_047285646.1	100.0	S	0.0
Xtro_XP_031748491.1	Hsap_XP_047285646.1	100.0	S	0.0
Xtro_XP_031748515.1	Ggal_XP_004945610.1	100.0	S	0.0
Xtro_XP_031748490.1	Ggal_XP_004945610.1	100.0	S	0.0
Xtro_XP_031748506.1	Ggal_XP_004945610.1	100.0	S	0.0
Xtro_XP_031748498.1	Ggal_XP_004945610.1	100.0	S	0.0
Xtro_XP_031748491.1	Ggal_XP_004945610.1	100.0	S	0.0
Xtro_XP_031748515.1	Hsap_XP_047285663.1	100.0	S	0.0
Xtro_XP_031748490.1	Hsap_XP_047285663.1	100.0	S	0.0
Xtro_XP_031748506.1	Hsap_XP_047285663.1	100.0	S	0.0
Xtro_XP_031748498.1	Hsap_XP_047285663.1	100.0	S	0.0
Xtro_XP_031748491.1	Hsap_XP_047285663.1	100.0	S	0.0
Xtro_XP_031748515.1	Hsap_XP_047285661.1	100.0	S	0.0
Xtro_XP_031748490.1	Hsap_XP_047285661.1	100.0	S	0.0
Xtro_XP_031748506.1	Hsap_XP_047285661.1	100.0	S	0.0
Xtro_XP_031748498.1	Hsap_XP_047285661.1	100.0	S	0.0
Xtro_XP_031748491.1	Hsap_XP_047285661.1	100.0	S	0.0
Xtro_XP_031748515.1	Hsap_XP_047285657.1	100.0	S	0.0
Xtro_XP_031748490.1	Hsap_XP_047285657.1	100.0	S	0.0
Xtro_XP_031748506.1	Hsap_XP_047285657.1	100.0	S	0.0
Xtro_XP_031748498.1	Hsap_XP_047285657.1	100.0	S	0.0
Xtro_XP_031748491.1	Hsap_XP_047285657.1	100.0	S	0.0
Xtro_XP_031748515.1	Hsap_XP_047285659.1	100.0	S	0.0
Xtro_XP_031748490.1	Hsap_XP_047285659.1	100.0	S	0.0
Xtro_XP_031748506.1	Hsap_XP_047285659.1	100.0	S	0.0
Xtro_XP_031748498.1	Hsap_XP_047285659.1	100.0	S	0.0
Xtro_XP_031748491.1	Hsap_XP_047285659.1	100.0	S	0.0
Xtro_XP_031748515.1	Hsap_XP_047285644.1	100.0	S	0.0
Xtro_XP_031748490.1	Hsap_XP_047285644.1	100.0	S	0.0
Xtro_XP_031748506.1	Hsap_XP_047285644.1	100.0	S	0.0
Xtro_XP_031748498.1	Hsap_XP_047285644.1	100.0	S	0.0
Xtro_XP_031748491.1	Hsap_XP_047285644.1	100.0	S	0.0
Xtro_XP_031748515.1	Hsap_XP_047285662.1	100.0	S	0.0
Xtro_XP_031748490.1	Hsap_XP_047285662.1	100.0	S	0.0
Xtro_XP_031748506.1	Hsap_XP_047285662.1	100.0	S	0.0
Xtro_XP_031748498.1	Hsap_XP_047285662.1	100.0	S	0.0
Xtro_XP_031748491.1	Hsap_XP_047285662.1	100.0	S	0.0
Xtro_XP_031748515.1	Hsap_XP_047285671.1	100.0	S	0.0
Xtro_XP_031748490.1	Hsap_XP_047285671.1	100.0	S	0.0
Xtro_XP_031748506.1	Hsap_XP_047285671.1	100.0	S	0.0
Xtro_XP_031748498.1	Hsap_XP_047285671.1	100.0	S	0.0
Xtro_XP_031748491.1	Hsap_XP_047285671.1	100.0	S	0.0
Xtro_XP_031748515.1	Hsap_XP_047285668.1	100.0	S	0.0
Xtro_XP_031748490.1	Hsap_XP_047285668.1	100.0	S	0.0
Xtro_XP_031748506.1	Hsap_XP_047285668.1	100.0	S	0.0
Xtro_XP_031748498.1	Hsap_XP_047285668.1	100.0	S	0.0
Xtro_XP_031748491.1	Hsap_XP_047285668.1	100.0	S	0.0
Xtro_XP_031748515.1	Ggal_XP_025011399.1	100.0	S	0.0
Xtro_XP_031748490.1	Ggal_XP_025011399.1	100.0	S	0.0
Xtro_XP_031748506.1	Ggal_XP_025011399.1	100.0	S	0.0
Xtro_XP_031748498.1	Ggal_XP_025011399.1	100.0	S	0.0
Xtro_XP_031748491.1	Ggal_XP_025011399.1	100.0	S	0.0
Xtro_XP_031748515.1	Hsap_XP_047285639.1	100.0	S	0.0
Xtro_XP_031748490.1	Hsap_XP_047285639.1	100.0	S	0.0
Xtro_XP_031748506.1	Hsap_XP_047285639.1	100.0	S	0.0
Xtro_XP_031748498.1	Hsap_XP_047285639.1	100.0	S	0.0
Xtro_XP_031748491.1	Hsap_XP_047285639.1	100.0	S	0.0
Xtro_XP_031748515.1	Ggal_XP_015131080.1	100.0	S	0.0
Xtro_XP_031748490.1	Ggal_XP_015131080.1	100.0	S	0.0
Xtro_XP_031748506.1	Ggal_XP_015131080.1	100.0	S	0.0
Xtro_XP_031748498.1	Ggal_XP_015131080.1	100.0	S	0.0
Xtro_XP_031748491.1	Ggal_XP_015131080.1	100.0	S	0.0
Xtro_XP_031748515.1	Hsap_XP_047285654.1	100.0	S	0.0
Xtro_XP_031748490.1	Hsap_XP_047285654.1	100.0	S	0.0
Xtro_XP_031748506.1	Hsap_XP_047285654.1	100.0	S	0.0
Xtro_XP_031748498.1	Hsap_XP_047285654.1	100.0	S	0.0
Xtro_XP_031748491.1	Hsap_XP_047285654.1	100.0	S	0.0
Xtro_XP_031748515.1	Hsap_XP_047285655.1	100.0	S	0.0
Xtro_XP_031748490.1	Hsap_XP_047285655.1	100.0	S	0.0
Xtro_XP_031748506.1	Hsap_XP_047285655.1	100.0	S	0.0
Xtro_XP_031748498.1	Hsap_XP_047285655.1	100.0	S	0.0
Xtro_XP_031748491.1	Hsap_XP_047285655.1	100.0	S	0.0
Xtro_XP_031748515.1	Hsap_XP_047285648.1	100.0	S	0.0
Xtro_XP_031748490.1	Hsap_XP_047285648.1	100.0	S	0.0
Xtro_XP_031748506.1	Hsap_XP_047285648.1	100.0	S	0.0
Xtro_XP_031748498.1	Hsap_XP_047285648.1	100.0	S	0.0
Xtro_XP_031748491.1	Hsap_XP_047285648.1	100.0	S	0.0
Xtro_XP_031748515.1	Hsap_XP_047285667.1	100.0	S	0.0
Xtro_XP_031748490.1	Hsap_XP_047285667.1	100.0	S	0.0
Xtro_XP_031748506.1	Hsap_XP_047285667.1	100.0	S	0.0
Xtro_XP_031748498.1	Hsap_XP_047285667.1	100.0	S	0.0
Xtro_XP_031748491.1	Hsap_XP_047285667.1	100.0	S	0.0
Xtro_XP_031748515.1	Hsap_NP_001005366.1	100.0	S	0.0
Xtro_XP_031748490.1	Hsap_NP_001005366.1	100.0	S	0.0
Xtro_XP_031748506.1	Hsap_NP_001005366.1	100.0	S	0.0
Xtro_XP_031748498.1	Hsap_NP_001005366.1	100.0	S	0.0
Xtro_XP_031748491.1	Hsap_NP_001005366.1	100.0	S	0.0
Xtro_XP_031748515.1	Hsap_XP_005254012.1	100.0	S	0.0
Xtro_XP_031748490.1	Hsap_XP_005254012.1	100.0	S	0.0
Xtro_XP_031748506.1	Hsap_XP_005254012.1	100.0	S	0.0
Xtro_XP_031748498.1	Hsap_XP_005254012.1	100.0	S	0.0
Xtro_XP_031748491.1	Hsap_XP_005254012.1	100.0	S	0.0
Xtro_XP_031748515.1	Hsap_XP_047285640.1	100.0	S	0.0
Xtro_XP_031748490.1	Hsap_XP_047285640.1	100.0	S	0.0
Xtro_XP_031748506.1	Hsap_XP_047285640.1	100.0	S	0.0
Xtro_XP_031748498.1	Hsap_XP_047285640.1	100.0	S	0.0
Xtro_XP_031748491.1	Hsap_XP_047285640.1	100.0	S	0.0
Xtro_XP_031748515.1	Hsap_XP_047285669.1	100.0	S	0.0
Xtro_XP_031748490.1	Hsap_XP_047285669.1	100.0	S	0.0
Xtro_XP_031748506.1	Hsap_XP_047285669.1	100.0	S	0.0
Xtro_XP_031748498.1	Hsap_XP_047285669.1	100.0	S	0.0
Xtro_XP_031748491.1	Hsap_XP_047285669.1	100.0	S	0.0
Xtro_XP_031748515.1	Ggal_XP_004945612.1	100.0	S	0.0
Xtro_XP_031748490.1	Ggal_XP_004945612.1	100.0	S	0.0
Xtro_XP_031748506.1	Ggal_XP_004945612.1	100.0	S	0.0
Xtro_XP_031748498.1	Ggal_XP_004945612.1	100.0	S	0.0
Xtro_XP_031748491.1	Ggal_XP_004945612.1	100.0	S	0.0
Xtro_XP_031748515.1	Hsap_XP_047285656.1	100.0	S	0.0
Xtro_XP_031748490.1	Hsap_XP_047285656.1	100.0	S	0.0
Xtro_XP_031748506.1	Hsap_XP_047285656.1	100.0	S	0.0
Xtro_XP_031748498.1	Hsap_XP_047285656.1	100.0	S	0.0
Xtro_XP_031748491.1	Hsap_XP_047285656.1	100.0	S	0.0
Xtro_XP_031748515.1	Hsap_XP_047285660.1	100.0	S	0.0
Xtro_XP_031748490.1	Hsap_XP_047285660.1	100.0	S	0.0
Xtro_XP_031748506.1	Hsap_XP_047285660.1	100.0	S	0.0
Xtro_XP_031748498.1	Hsap_XP_047285660.1	100.0	S	0.0
Xtro_XP_031748491.1	Hsap_XP_047285660.1	100.0	S	0.0
Xtro_XP_031748515.1	Ggal_XP_004945613.1	100.0	S	0.0
Xtro_XP_031748490.1	Ggal_XP_004945613.1	100.0	S	0.0
Xtro_XP_031748506.1	Ggal_XP_004945613.1	100.0	S	0.0
Xtro_XP_031748498.1	Ggal_XP_004945613.1	100.0	S	0.0
Xtro_XP_031748491.1	Ggal_XP_004945613.1	100.0	S	0.0
Xtro_XP_031748515.1	Hsap_XP_047285653.1	100.0	S	0.0
Xtro_XP_031748490.1	Hsap_XP_047285653.1	100.0	S	0.0
Xtro_XP_031748506.1	Hsap_XP_047285653.1	100.0	S	0.0
Xtro_XP_031748498.1	Hsap_XP_047285653.1	100.0	S	0.0
Xtro_XP_031748491.1	Hsap_XP_047285653.1	100.0	S	0.0
Xtro_XP_031748515.1	Hsap_XP_047285649.1	100.0	S	0.0
Xtro_XP_031748490.1	Hsap_XP_047285649.1	100.0	S	0.0
Xtro_XP_031748506.1	Hsap_XP_047285649.1	100.0	S	0.0
Xtro_XP_031748498.1	Hsap_XP_047285649.1	100.0	S	0.0
Xtro_XP_031748491.1	Hsap_XP_047285649.1	100.0	S	0.0
Xtro_XP_031748515.1	Hsap_XP_047285658.1	100.0	S	0.0
Xtro_XP_031748490.1	Hsap_XP_047285658.1	100.0	S	0.0
Xtro_XP_031748506.1	Hsap_XP_047285658.1	100.0	S	0.0
Xtro_XP_031748498.1	Hsap_XP_047285658.1	100.0	S	0.0
Xtro_XP_031748491.1	Hsap_XP_047285658.1	100.0	S	0.0
Dpul_XP_046452222.1	Apimel_XP_026294963.1	94.0	S	0.0
Dpul_XP_046452221.1	Apimel_XP_026294963.1	94.0	S	0.0
Dpul_XP_046452222.1	Agrpla_XP_018328670.2	94.0	S	0.0
Dpul_XP_046452221.1	Agrpla_XP_018328670.2	94.0	S	0.0
Dpul_XP_046452222.1	Bmor_XP_004928906.1	94.0	S	0.0
Dpul_XP_046452221.1	Bmor_XP_004928906.1	94.0	S	0.0
Dpul_XP_046452222.1	Agrpla_XP_025836100.1	94.0	S	0.0
Dpul_XP_046452221.1	Agrpla_XP_025836100.1	94.0	S	0.0
Dpul_XP_046452222.1	Bmor_XP_021205389.1	94.0	S	0.0
Dpul_XP_046452221.1	Bmor_XP_021205389.1	94.0	S	0.0
Lpol_XP_022243926.1	Lpol_XP_022243922.1	100.0	D	1.0
Lpol_XP_022243927.1	Lpol_XP_022243922.1	100.0	D	1.0
Lpol_XP_022243928.1	Lpol_XP_022243922.1	100.0	D	1.0
Lpol_XP_022243926.1	Lpol_XP_013776610.2	100.0	D	1.0
Lpol_XP_022243927.1	Lpol_XP_013776610.2	100.0	D	1.0
Lpol_XP_022243928.1	Lpol_XP_013776610.2	100.0	D	1.0
Lpol_XP_022243926.1	Lpol_XP_022243924.1	100.0	D	1.0
Lpol_XP_022243927.1	Lpol_XP_022243924.1	100.0	D	1.0
Lpol_XP_022243928.1	Lpol_XP_022243924.1	100.0	D	1.0
Lpol_XP_022243926.1	Lpol_XP_022243925.1	100.0	D	1.0
Lpol_XP_022243927.1	Lpol_XP_022243925.1	100.0	D	1.0
Lpol_XP_022243928.1	Lpol_XP_022243925.1	100.0	D	1.0
Lpol_XP_022243926.1	Lpol_XP_022243923.1	100.0	D	1.0
Lpol_XP_022243927.1	Lpol_XP_022243923.1	100.0	D	1.0
Lpol_XP_022243928.1	Lpol_XP_022243923.1	100.0	D	1.0
Xtro_XP_031748515.1	Xtro_XP_031748498.1	100.0	D	1.0
Xtro_XP_031748515.1	Xtro_XP_031748491.1	100.0	D	1.0
Xtro_XP_031748515.1	Xtro_XP_031748490.1	100.0	D	1.0
Xtro_XP_031748515.1	Xtro_XP_031748506.1	100.0	D	1.0
Ggal_XP_004945614.1	Hsap_XP_047285670.1	100.0	S	0.0
Ggal_XP_046757210.1	Hsap_XP_047285670.1	100.0	S	0.0
Ggal_XP_004945610.1	Hsap_XP_047285670.1	100.0	S	0.0
Ggal_XP_004945615.1	Hsap_XP_047285670.1	100.0	S	0.0
Ggal_XP_004945618.1	Hsap_XP_047285670.1	100.0	S	0.0
Ggal_XP_004945612.1	Hsap_XP_047285670.1	100.0	S	0.0
Ggal_XP_004945613.1	Hsap_XP_047285670.1	100.0	S	0.0
Ggal_XP_040504334.1	Hsap_XP_047285670.1	100.0	S	0.0
Ggal_XP_015131080.1	Hsap_XP_047285670.1	100.0	S	0.0
Ggal_XP_004945616.1	Hsap_XP_047285670.1	100.0	S	0.0
Ggal_XP_025011399.1	Hsap_XP_047285670.1	100.0	S	0.0
Ggal_XP_004945614.1	Hsap_XP_047285666.1	100.0	S	0.0
Ggal_XP_046757210.1	Hsap_XP_047285666.1	100.0	S	0.0
Ggal_XP_004945610.1	Hsap_XP_047285666.1	100.0	S	0.0
Ggal_XP_004945615.1	Hsap_XP_047285666.1	100.0	S	0.0
Ggal_XP_004945618.1	Hsap_XP_047285666.1	100.0	S	0.0
Ggal_XP_004945612.1	Hsap_XP_047285666.1	100.0	S	0.0
Ggal_XP_004945613.1	Hsap_XP_047285666.1	100.0	S	0.0
Ggal_XP_040504334.1	Hsap_XP_047285666.1	100.0	S	0.0
Ggal_XP_015131080.1	Hsap_XP_047285666.1	100.0	S	0.0
Ggal_XP_004945616.1	Hsap_XP_047285666.1	100.0	S	0.0
Ggal_XP_025011399.1	Hsap_XP_047285666.1	100.0	S	0.0
Ggal_XP_004945614.1	Hsap_XP_011537169.2	100.0	S	0.0
Ggal_XP_046757210.1	Hsap_XP_011537169.2	100.0	S	0.0
Ggal_XP_004945610.1	Hsap_XP_011537169.2	100.0	S	0.0
Ggal_XP_004945615.1	Hsap_XP_011537169.2	100.0	S	0.0
Ggal_XP_004945618.1	Hsap_XP_011537169.2	100.0	S	0.0
Ggal_XP_004945612.1	Hsap_XP_011537169.2	100.0	S	0.0
Ggal_XP_004945613.1	Hsap_XP_011537169.2	100.0	S	0.0
Ggal_XP_040504334.1	Hsap_XP_011537169.2	100.0	S	0.0
Ggal_XP_015131080.1	Hsap_XP_011537169.2	100.0	S	0.0
Ggal_XP_004945616.1	Hsap_XP_011537169.2	100.0	S	0.0
Ggal_XP_025011399.1	Hsap_XP_011537169.2	100.0	S	0.0
Ggal_XP_004945614.1	Hsap_NP_115979.3	100.0	S	0.0
Ggal_XP_046757210.1	Hsap_NP_115979.3	100.0	S	0.0
Ggal_XP_004945610.1	Hsap_NP_115979.3	100.0	S	0.0
Ggal_XP_004945615.1	Hsap_NP_115979.3	100.0	S	0.0
Ggal_XP_004945618.1	Hsap_NP_115979.3	100.0	S	0.0
Ggal_XP_004945612.1	Hsap_NP_115979.3	100.0	S	0.0
Ggal_XP_004945613.1	Hsap_NP_115979.3	100.0	S	0.0
Ggal_XP_040504334.1	Hsap_NP_115979.3	100.0	S	0.0
Ggal_XP_015131080.1	Hsap_NP_115979.3	100.0	S	0.0
Ggal_XP_004945616.1	Hsap_NP_115979.3	100.0	S	0.0
Ggal_XP_025011399.1	Hsap_NP_115979.3	100.0	S	0.0
Ggal_XP_004945614.1	Hsap_XP_047285638.1	100.0	S	0.0
Ggal_XP_046757210.1	Hsap_XP_047285638.1	100.0	S	0.0
Ggal_XP_004945610.1	Hsap_XP_047285638.1	100.0	S	0.0
Ggal_XP_004945615.1	Hsap_XP_047285638.1	100.0	S	0.0
Ggal_XP_004945618.1	Hsap_XP_047285638.1	100.0	S	0.0
Ggal_XP_004945612.1	Hsap_XP_047285638.1	100.0	S	0.0
Ggal_XP_004945613.1	Hsap_XP_047285638.1	100.0	S	0.0
Ggal_XP_040504334.1	Hsap_XP_047285638.1	100.0	S	0.0
Ggal_XP_015131080.1	Hsap_XP_047285638.1	100.0	S	0.0
Ggal_XP_004945616.1	Hsap_XP_047285638.1	100.0	S	0.0
Ggal_XP_025011399.1	Hsap_XP_047285638.1	100.0	S	0.0
Ggal_XP_004945614.1	Hsap_XP_047285665.1	100.0	S	0.0
Ggal_XP_046757210.1	Hsap_XP_047285665.1	100.0	S	0.0
Ggal_XP_004945610.1	Hsap_XP_047285665.1	100.0	S	0.0
Ggal_XP_004945615.1	Hsap_XP_047285665.1	100.0	S	0.0
Ggal_XP_004945618.1	Hsap_XP_047285665.1	100.0	S	0.0
Ggal_XP_004945612.1	Hsap_XP_047285665.1	100.0	S	0.0
Ggal_XP_004945613.1	Hsap_XP_047285665.1	100.0	S	0.0
Ggal_XP_040504334.1	Hsap_XP_047285665.1	100.0	S	0.0
Ggal_XP_015131080.1	Hsap_XP_047285665.1	100.0	S	0.0
Ggal_XP_004945616.1	Hsap_XP_047285665.1	100.0	S	0.0
Ggal_XP_025011399.1	Hsap_XP_047285665.1	100.0	S	0.0
Ggal_XP_004945614.1	Hsap_XP_005254013.1	100.0	S	0.0
Ggal_XP_046757210.1	Hsap_XP_005254013.1	100.0	S	0.0
Ggal_XP_004945610.1	Hsap_XP_005254013.1	100.0	S	0.0
Ggal_XP_004945615.1	Hsap_XP_005254013.1	100.0	S	0.0
Ggal_XP_004945618.1	Hsap_XP_005254013.1	100.0	S	0.0
Ggal_XP_004945612.1	Hsap_XP_005254013.1	100.0	S	0.0
Ggal_XP_004945613.1	Hsap_XP_005254013.1	100.0	S	0.0
Ggal_XP_040504334.1	Hsap_XP_005254013.1	100.0	S	0.0
Ggal_XP_015131080.1	Hsap_XP_005254013.1	100.0	S	0.0
Ggal_XP_004945616.1	Hsap_XP_005254013.1	100.0	S	0.0
Ggal_XP_025011399.1	Hsap_XP_005254013.1	100.0	S	0.0
Ggal_XP_004945614.1	Hsap_XP_047285652.1	100.0	S	0.0
Ggal_XP_046757210.1	Hsap_XP_047285652.1	100.0	S	0.0
Ggal_XP_004945610.1	Hsap_XP_047285652.1	100.0	S	0.0
Ggal_XP_004945615.1	Hsap_XP_047285652.1	100.0	S	0.0
Ggal_XP_004945618.1	Hsap_XP_047285652.1	100.0	S	0.0
Ggal_XP_004945612.1	Hsap_XP_047285652.1	100.0	S	0.0
Ggal_XP_004945613.1	Hsap_XP_047285652.1	100.0	S	0.0
Ggal_XP_040504334.1	Hsap_XP_047285652.1	100.0	S	0.0
Ggal_XP_015131080.1	Hsap_XP_047285652.1	100.0	S	0.0
Ggal_XP_004945616.1	Hsap_XP_047285652.1	100.0	S	0.0
Ggal_XP_025011399.1	Hsap_XP_047285652.1	100.0	S	0.0
Ggal_XP_004945614.1	Hsap_XP_047285637.1	100.0	S	0.0
Ggal_XP_046757210.1	Hsap_XP_047285637.1	100.0	S	0.0
Ggal_XP_004945610.1	Hsap_XP_047285637.1	100.0	S	0.0
Ggal_XP_004945615.1	Hsap_XP_047285637.1	100.0	S	0.0
Ggal_XP_004945618.1	Hsap_XP_047285637.1	100.0	S	0.0
Ggal_XP_004945612.1	Hsap_XP_047285637.1	100.0	S	0.0
Ggal_XP_004945613.1	Hsap_XP_047285637.1	100.0	S	0.0
Ggal_XP_040504334.1	Hsap_XP_047285637.1	100.0	S	0.0
Ggal_XP_015131080.1	Hsap_XP_047285637.1	100.0	S	0.0
Ggal_XP_004945616.1	Hsap_XP_047285637.1	100.0	S	0.0
Ggal_XP_025011399.1	Hsap_XP_047285637.1	100.0	S	0.0
Ggal_XP_004945614.1	Hsap_XP_047285664.1	100.0	S	0.0
Ggal_XP_046757210.1	Hsap_XP_047285664.1	100.0	S	0.0
Ggal_XP_004945610.1	Hsap_XP_047285664.1	100.0	S	0.0
Ggal_XP_004945615.1	Hsap_XP_047285664.1	100.0	S	0.0
Ggal_XP_004945618.1	Hsap_XP_047285664.1	100.0	S	0.0
Ggal_XP_004945612.1	Hsap_XP_047285664.1	100.0	S	0.0
Ggal_XP_004945613.1	Hsap_XP_047285664.1	100.0	S	0.0
Ggal_XP_040504334.1	Hsap_XP_047285664.1	100.0	S	0.0
Ggal_XP_015131080.1	Hsap_XP_047285664.1	100.0	S	0.0
Ggal_XP_004945616.1	Hsap_XP_047285664.1	100.0	S	0.0
Ggal_XP_025011399.1	Hsap_XP_047285664.1	100.0	S	0.0
Ggal_XP_004945614.1	Hsap_XP_047285646.1	100.0	S	0.0
Ggal_XP_046757210.1	Hsap_XP_047285646.1	100.0	S	0.0
Ggal_XP_004945610.1	Hsap_XP_047285646.1	100.0	S	0.0
Ggal_XP_004945615.1	Hsap_XP_047285646.1	100.0	S	0.0
Ggal_XP_004945618.1	Hsap_XP_047285646.1	100.0	S	0.0
Ggal_XP_004945612.1	Hsap_XP_047285646.1	100.0	S	0.0
Ggal_XP_004945613.1	Hsap_XP_047285646.1	100.0	S	0.0
Ggal_XP_040504334.1	Hsap_XP_047285646.1	100.0	S	0.0
Ggal_XP_015131080.1	Hsap_XP_047285646.1	100.0	S	0.0
Ggal_XP_004945616.1	Hsap_XP_047285646.1	100.0	S	0.0
Ggal_XP_025011399.1	Hsap_XP_047285646.1	100.0	S	0.0
Ggal_XP_004945614.1	Hsap_XP_047285663.1	100.0	S	0.0
Ggal_XP_046757210.1	Hsap_XP_047285663.1	100.0	S	0.0
Ggal_XP_004945610.1	Hsap_XP_047285663.1	100.0	S	0.0
Ggal_XP_004945615.1	Hsap_XP_047285663.1	100.0	S	0.0
Ggal_XP_004945618.1	Hsap_XP_047285663.1	100.0	S	0.0
Ggal_XP_004945612.1	Hsap_XP_047285663.1	100.0	S	0.0
Ggal_XP_004945613.1	Hsap_XP_047285663.1	100.0	S	0.0
Ggal_XP_040504334.1	Hsap_XP_047285663.1	100.0	S	0.0
Ggal_XP_015131080.1	Hsap_XP_047285663.1	100.0	S	0.0
Ggal_XP_004945616.1	Hsap_XP_047285663.1	100.0	S	0.0
Ggal_XP_025011399.1	Hsap_XP_047285663.1	100.0	S	0.0
Ggal_XP_004945614.1	Hsap_XP_047285661.1	100.0	S	0.0
Ggal_XP_046757210.1	Hsap_XP_047285661.1	100.0	S	0.0
Ggal_XP_004945610.1	Hsap_XP_047285661.1	100.0	S	0.0
Ggal_XP_004945615.1	Hsap_XP_047285661.1	100.0	S	0.0
Ggal_XP_004945618.1	Hsap_XP_047285661.1	100.0	S	0.0
Ggal_XP_004945612.1	Hsap_XP_047285661.1	100.0	S	0.0
Ggal_XP_004945613.1	Hsap_XP_047285661.1	100.0	S	0.0
Ggal_XP_040504334.1	Hsap_XP_047285661.1	100.0	S	0.0
Ggal_XP_015131080.1	Hsap_XP_047285661.1	100.0	S	0.0
Ggal_XP_004945616.1	Hsap_XP_047285661.1	100.0	S	0.0
Ggal_XP_025011399.1	Hsap_XP_047285661.1	100.0	S	0.0
Ggal_XP_004945614.1	Hsap_XP_047285657.1	100.0	S	0.0
Ggal_XP_046757210.1	Hsap_XP_047285657.1	100.0	S	0.0
Ggal_XP_004945610.1	Hsap_XP_047285657.1	100.0	S	0.0
Ggal_XP_004945615.1	Hsap_XP_047285657.1	100.0	S	0.0
Ggal_XP_004945618.1	Hsap_XP_047285657.1	100.0	S	0.0
Ggal_XP_004945612.1	Hsap_XP_047285657.1	100.0	S	0.0
Ggal_XP_004945613.1	Hsap_XP_047285657.1	100.0	S	0.0
Ggal_XP_040504334.1	Hsap_XP_047285657.1	100.0	S	0.0
Ggal_XP_015131080.1	Hsap_XP_047285657.1	100.0	S	0.0
Ggal_XP_004945616.1	Hsap_XP_047285657.1	100.0	S	0.0
Ggal_XP_025011399.1	Hsap_XP_047285657.1	100.0	S	0.0
Ggal_XP_004945614.1	Hsap_XP_047285659.1	100.0	S	0.0
Ggal_XP_046757210.1	Hsap_XP_047285659.1	100.0	S	0.0
Ggal_XP_004945610.1	Hsap_XP_047285659.1	100.0	S	0.0
Ggal_XP_004945615.1	Hsap_XP_047285659.1	100.0	S	0.0
Ggal_XP_004945618.1	Hsap_XP_047285659.1	100.0	S	0.0
Ggal_XP_004945612.1	Hsap_XP_047285659.1	100.0	S	0.0
Ggal_XP_004945613.1	Hsap_XP_047285659.1	100.0	S	0.0
Ggal_XP_040504334.1	Hsap_XP_047285659.1	100.0	S	0.0
Ggal_XP_015131080.1	Hsap_XP_047285659.1	100.0	S	0.0
Ggal_XP_004945616.1	Hsap_XP_047285659.1	100.0	S	0.0
Ggal_XP_025011399.1	Hsap_XP_047285659.1	100.0	S	0.0
Ggal_XP_004945614.1	Hsap_XP_047285644.1	100.0	S	0.0
Ggal_XP_046757210.1	Hsap_XP_047285644.1	100.0	S	0.0
Ggal_XP_004945610.1	Hsap_XP_047285644.1	100.0	S	0.0
Ggal_XP_004945615.1	Hsap_XP_047285644.1	100.0	S	0.0
Ggal_XP_004945618.1	Hsap_XP_047285644.1	100.0	S	0.0
Ggal_XP_004945612.1	Hsap_XP_047285644.1	100.0	S	0.0
Ggal_XP_004945613.1	Hsap_XP_047285644.1	100.0	S	0.0
Ggal_XP_040504334.1	Hsap_XP_047285644.1	100.0	S	0.0
Ggal_XP_015131080.1	Hsap_XP_047285644.1	100.0	S	0.0
Ggal_XP_004945616.1	Hsap_XP_047285644.1	100.0	S	0.0
Ggal_XP_025011399.1	Hsap_XP_047285644.1	100.0	S	0.0
Ggal_XP_004945614.1	Hsap_XP_047285662.1	100.0	S	0.0
Ggal_XP_046757210.1	Hsap_XP_047285662.1	100.0	S	0.0
Ggal_XP_004945610.1	Hsap_XP_047285662.1	100.0	S	0.0
Ggal_XP_004945615.1	Hsap_XP_047285662.1	100.0	S	0.0
Ggal_XP_004945618.1	Hsap_XP_047285662.1	100.0	S	0.0
Ggal_XP_004945612.1	Hsap_XP_047285662.1	100.0	S	0.0
Ggal_XP_004945613.1	Hsap_XP_047285662.1	100.0	S	0.0
Ggal_XP_040504334.1	Hsap_XP_047285662.1	100.0	S	0.0
Ggal_XP_015131080.1	Hsap_XP_047285662.1	100.0	S	0.0
Ggal_XP_004945616.1	Hsap_XP_047285662.1	100.0	S	0.0
Ggal_XP_025011399.1	Hsap_XP_047285662.1	100.0	S	0.0
Ggal_XP_004945614.1	Hsap_XP_047285671.1	100.0	S	0.0
Ggal_XP_046757210.1	Hsap_XP_047285671.1	100.0	S	0.0
Ggal_XP_004945610.1	Hsap_XP_047285671.1	100.0	S	0.0
Ggal_XP_004945615.1	Hsap_XP_047285671.1	100.0	S	0.0
Ggal_XP_004945618.1	Hsap_XP_047285671.1	100.0	S	0.0
Ggal_XP_004945612.1	Hsap_XP_047285671.1	100.0	S	0.0
Ggal_XP_004945613.1	Hsap_XP_047285671.1	100.0	S	0.0
Ggal_XP_040504334.1	Hsap_XP_047285671.1	100.0	S	0.0
Ggal_XP_015131080.1	Hsap_XP_047285671.1	100.0	S	0.0
Ggal_XP_004945616.1	Hsap_XP_047285671.1	100.0	S	0.0
Ggal_XP_025011399.1	Hsap_XP_047285671.1	100.0	S	0.0
Ggal_XP_004945614.1	Hsap_XP_047285668.1	100.0	S	0.0
Ggal_XP_046757210.1	Hsap_XP_047285668.1	100.0	S	0.0
Ggal_XP_004945610.1	Hsap_XP_047285668.1	100.0	S	0.0
Ggal_XP_004945615.1	Hsap_XP_047285668.1	100.0	S	0.0
Ggal_XP_004945618.1	Hsap_XP_047285668.1	100.0	S	0.0
Ggal_XP_004945612.1	Hsap_XP_047285668.1	100.0	S	0.0
Ggal_XP_004945613.1	Hsap_XP_047285668.1	100.0	S	0.0
Ggal_XP_040504334.1	Hsap_XP_047285668.1	100.0	S	0.0
Ggal_XP_015131080.1	Hsap_XP_047285668.1	100.0	S	0.0
Ggal_XP_004945616.1	Hsap_XP_047285668.1	100.0	S	0.0
Ggal_XP_025011399.1	Hsap_XP_047285668.1	100.0	S	0.0
Ggal_XP_004945614.1	Hsap_XP_047285639.1	100.0	S	0.0
Ggal_XP_046757210.1	Hsap_XP_047285639.1	100.0	S	0.0
Ggal_XP_004945610.1	Hsap_XP_047285639.1	100.0	S	0.0
Ggal_XP_004945615.1	Hsap_XP_047285639.1	100.0	S	0.0
Ggal_XP_004945618.1	Hsap_XP_047285639.1	100.0	S	0.0
Ggal_XP_004945612.1	Hsap_XP_047285639.1	100.0	S	0.0
Ggal_XP_004945613.1	Hsap_XP_047285639.1	100.0	S	0.0
Ggal_XP_040504334.1	Hsap_XP_047285639.1	100.0	S	0.0
Ggal_XP_015131080.1	Hsap_XP_047285639.1	100.0	S	0.0
Ggal_XP_004945616.1	Hsap_XP_047285639.1	100.0	S	0.0
Ggal_XP_025011399.1	Hsap_XP_047285639.1	100.0	S	0.0
Ggal_XP_004945614.1	Hsap_XP_047285654.1	100.0	S	0.0
Ggal_XP_046757210.1	Hsap_XP_047285654.1	100.0	S	0.0
Ggal_XP_004945610.1	Hsap_XP_047285654.1	100.0	S	0.0
Ggal_XP_004945615.1	Hsap_XP_047285654.1	100.0	S	0.0
Ggal_XP_004945618.1	Hsap_XP_047285654.1	100.0	S	0.0
Ggal_XP_004945612.1	Hsap_XP_047285654.1	100.0	S	0.0
Ggal_XP_004945613.1	Hsap_XP_047285654.1	100.0	S	0.0
Ggal_XP_040504334.1	Hsap_XP_047285654.1	100.0	S	0.0
Ggal_XP_015131080.1	Hsap_XP_047285654.1	100.0	S	0.0
Ggal_XP_004945616.1	Hsap_XP_047285654.1	100.0	S	0.0
Ggal_XP_025011399.1	Hsap_XP_047285654.1	100.0	S	0.0
Ggal_XP_004945614.1	Hsap_XP_047285655.1	100.0	S	0.0
Ggal_XP_046757210.1	Hsap_XP_047285655.1	100.0	S	0.0
Ggal_XP_004945610.1	Hsap_XP_047285655.1	100.0	S	0.0
Ggal_XP_004945615.1	Hsap_XP_047285655.1	100.0	S	0.0
Ggal_XP_004945618.1	Hsap_XP_047285655.1	100.0	S	0.0
Ggal_XP_004945612.1	Hsap_XP_047285655.1	100.0	S	0.0
Ggal_XP_004945613.1	Hsap_XP_047285655.1	100.0	S	0.0
Ggal_XP_040504334.1	Hsap_XP_047285655.1	100.0	S	0.0
Ggal_XP_015131080.1	Hsap_XP_047285655.1	100.0	S	0.0
Ggal_XP_004945616.1	Hsap_XP_047285655.1	100.0	S	0.0
Ggal_XP_025011399.1	Hsap_XP_047285655.1	100.0	S	0.0
Ggal_XP_004945614.1	Hsap_XP_047285648.1	100.0	S	0.0
Ggal_XP_046757210.1	Hsap_XP_047285648.1	100.0	S	0.0
Ggal_XP_004945610.1	Hsap_XP_047285648.1	100.0	S	0.0
Ggal_XP_004945615.1	Hsap_XP_047285648.1	100.0	S	0.0
Ggal_XP_004945618.1	Hsap_XP_047285648.1	100.0	S	0.0
Ggal_XP_004945612.1	Hsap_XP_047285648.1	100.0	S	0.0
Ggal_XP_004945613.1	Hsap_XP_047285648.1	100.0	S	0.0
Ggal_XP_040504334.1	Hsap_XP_047285648.1	100.0	S	0.0
Ggal_XP_015131080.1	Hsap_XP_047285648.1	100.0	S	0.0
Ggal_XP_004945616.1	Hsap_XP_047285648.1	100.0	S	0.0
Ggal_XP_025011399.1	Hsap_XP_047285648.1	100.0	S	0.0
Ggal_XP_004945614.1	Hsap_XP_047285667.1	100.0	S	0.0
Ggal_XP_046757210.1	Hsap_XP_047285667.1	100.0	S	0.0
Ggal_XP_004945610.1	Hsap_XP_047285667.1	100.0	S	0.0
Ggal_XP_004945615.1	Hsap_XP_047285667.1	100.0	S	0.0
Ggal_XP_004945618.1	Hsap_XP_047285667.1	100.0	S	0.0
Ggal_XP_004945612.1	Hsap_XP_047285667.1	100.0	S	0.0
Ggal_XP_004945613.1	Hsap_XP_047285667.1	100.0	S	0.0
Ggal_XP_040504334.1	Hsap_XP_047285667.1	100.0	S	0.0
Ggal_XP_015131080.1	Hsap_XP_047285667.1	100.0	S	0.0
Ggal_XP_004945616.1	Hsap_XP_047285667.1	100.0	S	0.0
Ggal_XP_025011399.1	Hsap_XP_047285667.1	100.0	S	0.0
Ggal_XP_004945614.1	Hsap_NP_001005366.1	100.0	S	0.0
Ggal_XP_046757210.1	Hsap_NP_001005366.1	100.0	S	0.0
Ggal_XP_004945610.1	Hsap_NP_001005366.1	100.0	S	0.0
Ggal_XP_004945615.1	Hsap_NP_001005366.1	100.0	S	0.0
Ggal_XP_004945618.1	Hsap_NP_001005366.1	100.0	S	0.0
Ggal_XP_004945612.1	Hsap_NP_001005366.1	100.0	S	0.0
Ggal_XP_004945613.1	Hsap_NP_001005366.1	100.0	S	0.0
Ggal_XP_040504334.1	Hsap_NP_001005366.1	100.0	S	0.0
Ggal_XP_015131080.1	Hsap_NP_001005366.1	100.0	S	0.0
Ggal_XP_004945616.1	Hsap_NP_001005366.1	100.0	S	0.0
Ggal_XP_025011399.1	Hsap_NP_001005366.1	100.0	S	0.0
Ggal_XP_004945614.1	Hsap_XP_005254012.1	100.0	S	0.0
Ggal_XP_046757210.1	Hsap_XP_005254012.1	100.0	S	0.0
Ggal_XP_004945610.1	Hsap_XP_005254012.1	100.0	S	0.0
Ggal_XP_004945615.1	Hsap_XP_005254012.1	100.0	S	0.0
Ggal_XP_004945618.1	Hsap_XP_005254012.1	100.0	S	0.0
Ggal_XP_004945612.1	Hsap_XP_005254012.1	100.0	S	0.0
Ggal_XP_004945613.1	Hsap_XP_005254012.1	100.0	S	0.0
Ggal_XP_040504334.1	Hsap_XP_005254012.1	100.0	S	0.0
Ggal_XP_015131080.1	Hsap_XP_005254012.1	100.0	S	0.0
Ggal_XP_004945616.1	Hsap_XP_005254012.1	100.0	S	0.0
Ggal_XP_025011399.1	Hsap_XP_005254012.1	100.0	S	0.0
Ggal_XP_004945614.1	Hsap_XP_047285640.1	100.0	S	0.0
Ggal_XP_046757210.1	Hsap_XP_047285640.1	100.0	S	0.0
Ggal_XP_004945610.1	Hsap_XP_047285640.1	100.0	S	0.0
Ggal_XP_004945615.1	Hsap_XP_047285640.1	100.0	S	0.0
Ggal_XP_004945618.1	Hsap_XP_047285640.1	100.0	S	0.0
Ggal_XP_004945612.1	Hsap_XP_047285640.1	100.0	S	0.0
Ggal_XP_004945613.1	Hsap_XP_047285640.1	100.0	S	0.0
Ggal_XP_040504334.1	Hsap_XP_047285640.1	100.0	S	0.0
Ggal_XP_015131080.1	Hsap_XP_047285640.1	100.0	S	0.0
Ggal_XP_004945616.1	Hsap_XP_047285640.1	100.0	S	0.0
Ggal_XP_025011399.1	Hsap_XP_047285640.1	100.0	S	0.0
Ggal_XP_004945614.1	Hsap_XP_047285669.1	100.0	S	0.0
Ggal_XP_046757210.1	Hsap_XP_047285669.1	100.0	S	0.0
Ggal_XP_004945610.1	Hsap_XP_047285669.1	100.0	S	0.0
Ggal_XP_004945615.1	Hsap_XP_047285669.1	100.0	S	0.0
Ggal_XP_004945618.1	Hsap_XP_047285669.1	100.0	S	0.0
Ggal_XP_004945612.1	Hsap_XP_047285669.1	100.0	S	0.0
Ggal_XP_004945613.1	Hsap_XP_047285669.1	100.0	S	0.0
Ggal_XP_040504334.1	Hsap_XP_047285669.1	100.0	S	0.0
Ggal_XP_015131080.1	Hsap_XP_047285669.1	100.0	S	0.0
Ggal_XP_004945616.1	Hsap_XP_047285669.1	100.0	S	0.0
Ggal_XP_025011399.1	Hsap_XP_047285669.1	100.0	S	0.0
Ggal_XP_004945614.1	Hsap_XP_047285660.1	100.0	S	0.0
Ggal_XP_046757210.1	Hsap_XP_047285660.1	100.0	S	0.0
Ggal_XP_004945610.1	Hsap_XP_047285660.1	100.0	S	0.0
Ggal_XP_004945615.1	Hsap_XP_047285660.1	100.0	S	0.0
Ggal_XP_004945618.1	Hsap_XP_047285660.1	100.0	S	0.0
Ggal_XP_004945612.1	Hsap_XP_047285660.1	100.0	S	0.0
Ggal_XP_004945613.1	Hsap_XP_047285660.1	100.0	S	0.0
Ggal_XP_040504334.1	Hsap_XP_047285660.1	100.0	S	0.0
Ggal_XP_015131080.1	Hsap_XP_047285660.1	100.0	S	0.0
Ggal_XP_004945616.1	Hsap_XP_047285660.1	100.0	S	0.0
Ggal_XP_025011399.1	Hsap_XP_047285660.1	100.0	S	0.0
Ggal_XP_004945614.1	Hsap_XP_047285656.1	100.0	S	0.0
Ggal_XP_046757210.1	Hsap_XP_047285656.1	100.0	S	0.0
Ggal_XP_004945610.1	Hsap_XP_047285656.1	100.0	S	0.0
Ggal_XP_004945615.1	Hsap_XP_047285656.1	100.0	S	0.0
Ggal_XP_004945618.1	Hsap_XP_047285656.1	100.0	S	0.0
Ggal_XP_004945612.1	Hsap_XP_047285656.1	100.0	S	0.0
Ggal_XP_004945613.1	Hsap_XP_047285656.1	100.0	S	0.0
Ggal_XP_040504334.1	Hsap_XP_047285656.1	100.0	S	0.0
Ggal_XP_015131080.1	Hsap_XP_047285656.1	100.0	S	0.0
Ggal_XP_004945616.1	Hsap_XP_047285656.1	100.0	S	0.0
Ggal_XP_025011399.1	Hsap_XP_047285656.1	100.0	S	0.0
Ggal_XP_004945614.1	Hsap_XP_047285653.1	100.0	S	0.0
Ggal_XP_046757210.1	Hsap_XP_047285653.1	100.0	S	0.0
Ggal_XP_004945610.1	Hsap_XP_047285653.1	100.0	S	0.0
Ggal_XP_004945615.1	Hsap_XP_047285653.1	100.0	S	0.0
Ggal_XP_004945618.1	Hsap_XP_047285653.1	100.0	S	0.0
Ggal_XP_004945612.1	Hsap_XP_047285653.1	100.0	S	0.0
Ggal_XP_004945613.1	Hsap_XP_047285653.1	100.0	S	0.0
Ggal_XP_040504334.1	Hsap_XP_047285653.1	100.0	S	0.0
Ggal_XP_015131080.1	Hsap_XP_047285653.1	100.0	S	0.0
Ggal_XP_004945616.1	Hsap_XP_047285653.1	100.0	S	0.0
Ggal_XP_025011399.1	Hsap_XP_047285653.1	100.0	S	0.0
Ggal_XP_004945614.1	Hsap_XP_047285649.1	100.0	S	0.0
Ggal_XP_046757210.1	Hsap_XP_047285649.1	100.0	S	0.0
Ggal_XP_004945610.1	Hsap_XP_047285649.1	100.0	S	0.0
Ggal_XP_004945615.1	Hsap_XP_047285649.1	100.0	S	0.0
Ggal_XP_004945618.1	Hsap_XP_047285649.1	100.0	S	0.0
Ggal_XP_004945612.1	Hsap_XP_047285649.1	100.0	S	0.0
Ggal_XP_004945613.1	Hsap_XP_047285649.1	100.0	S	0.0
Ggal_XP_040504334.1	Hsap_XP_047285649.1	100.0	S	0.0
Ggal_XP_015131080.1	Hsap_XP_047285649.1	100.0	S	0.0
Ggal_XP_004945616.1	Hsap_XP_047285649.1	100.0	S	0.0
Ggal_XP_025011399.1	Hsap_XP_047285649.1	100.0	S	0.0
Ggal_XP_004945614.1	Hsap_XP_047285658.1	100.0	S	0.0
Ggal_XP_046757210.1	Hsap_XP_047285658.1	100.0	S	0.0
Ggal_XP_004945610.1	Hsap_XP_047285658.1	100.0	S	0.0
Ggal_XP_004945615.1	Hsap_XP_047285658.1	100.0	S	0.0
Ggal_XP_004945618.1	Hsap_XP_047285658.1	100.0	S	0.0
Ggal_XP_004945612.1	Hsap_XP_047285658.1	100.0	S	0.0
Ggal_XP_004945613.1	Hsap_XP_047285658.1	100.0	S	0.0
Ggal_XP_040504334.1	Hsap_XP_047285658.1	100.0	S	0.0
Ggal_XP_015131080.1	Hsap_XP_047285658.1	100.0	S	0.0
Ggal_XP_004945616.1	Hsap_XP_047285658.1	100.0	S	0.0
Ggal_XP_025011399.1	Hsap_XP_047285658.1	100.0	S	0.0
Dpul_XP_046452221.1	Dpul_XP_046452222.1	100.0	D	1.0
Apimel_XP_026294963.1	Bmor_XP_021205389.1	100.0	S	0.0
Apimel_XP_026294963.1	Agrpla_XP_018328670.2	100.0	S	0.0
Apimel_XP_026294963.1	Bmor_XP_004928906.1	100.0	S	0.0
Apimel_XP_026294963.1	Agrpla_XP_025836100.1	100.0	S	0.0
Lpol_XP_022243927.1	Lpol_XP_022243926.1	84.0	D	1.0
Lpol_XP_022243927.1	Lpol_XP_022243928.1	84.0	D	1.0
Lpol_XP_022243925.1	Lpol_XP_013776610.2	64.0	D	1.0
Lpol_XP_022243925.1	Lpol_XP_022243924.1	64.0	D	1.0
Lpol_XP_022243925.1	Lpol_XP_022243922.1	64.0	D	1.0
Lpol_XP_022243925.1	Lpol_XP_022243923.1	64.0	D	1.0
Xtro_XP_031748506.1	Xtro_XP_031748498.1	37.0	D	1.0
Xtro_XP_031748506.1	Xtro_XP_031748491.1	37.0	D	1.0
Xtro_XP_031748506.1	Xtro_XP_031748490.1	37.0	D	1.0
Ggal_XP_004945613.1	Ggal_XP_004945614.1	100.0	D	1.0
Ggal_XP_004945618.1	Ggal_XP_004945614.1	100.0	D	1.0
Ggal_XP_046757210.1	Ggal_XP_004945614.1	100.0	D	1.0
Ggal_XP_025011399.1	Ggal_XP_004945614.1	100.0	D	1.0
Ggal_XP_004945613.1	Ggal_XP_004945610.1	100.0	D	1.0
Ggal_XP_004945618.1	Ggal_XP_004945610.1	100.0	D	1.0
Ggal_XP_046757210.1	Ggal_XP_004945610.1	100.0	D	1.0
Ggal_XP_025011399.1	Ggal_XP_004945610.1	100.0	D	1.0
Ggal_XP_004945613.1	Ggal_XP_004945615.1	100.0	D	1.0
Ggal_XP_004945618.1	Ggal_XP_004945615.1	100.0	D	1.0
Ggal_XP_046757210.1	Ggal_XP_004945615.1	100.0	D	1.0
Ggal_XP_025011399.1	Ggal_XP_004945615.1	100.0	D	1.0
Ggal_XP_004945613.1	Ggal_XP_004945612.1	100.0	D	1.0
Ggal_XP_004945618.1	Ggal_XP_004945612.1	100.0	D	1.0
Ggal_XP_046757210.1	Ggal_XP_004945612.1	100.0	D	1.0
Ggal_XP_025011399.1	Ggal_XP_004945612.1	100.0	D	1.0
Ggal_XP_004945613.1	Ggal_XP_040504334.1	100.0	D	1.0
Ggal_XP_004945618.1	Ggal_XP_040504334.1	100.0	D	1.0
Ggal_XP_046757210.1	Ggal_XP_040504334.1	100.0	D	1.0
Ggal_XP_025011399.1	Ggal_XP_040504334.1	100.0	D	1.0
Ggal_XP_004945613.1	Ggal_XP_015131080.1	100.0	D	1.0
Ggal_XP_004945618.1	Ggal_XP_015131080.1	100.0	D	1.0
Ggal_XP_046757210.1	Ggal_XP_015131080.1	100.0	D	1.0
Ggal_XP_025011399.1	Ggal_XP_015131080.1	100.0	D	1.0
Ggal_XP_004945613.1	Ggal_XP_004945616.1	100.0	D	1.0
Ggal_XP_004945618.1	Ggal_XP_004945616.1	100.0	D	1.0
Ggal_XP_046757210.1	Ggal_XP_004945616.1	100.0	D	1.0
Ggal_XP_025011399.1	Ggal_XP_004945616.1	100.0	D	1.0
Hsap_XP_047285666.1	Hsap_XP_047285670.1	100.0	D	1.0
Hsap_XP_005254012.1	Hsap_XP_047285670.1	100.0	D	1.0
Hsap_XP_047285665.1	Hsap_XP_047285670.1	100.0	D	1.0
Hsap_XP_005254013.1	Hsap_XP_047285670.1	100.0	D	1.0
Hsap_XP_047285656.1	Hsap_XP_047285670.1	100.0	D	1.0
Hsap_XP_047285666.1	Hsap_XP_047285653.1	100.0	D	1.0
Hsap_XP_005254012.1	Hsap_XP_047285653.1	100.0	D	1.0
Hsap_XP_047285665.1	Hsap_XP_047285653.1	100.0	D	1.0
Hsap_XP_005254013.1	Hsap_XP_047285653.1	100.0	D	1.0
Hsap_XP_047285656.1	Hsap_XP_047285653.1	100.0	D	1.0
Hsap_XP_047285666.1	Hsap_XP_011537169.2	100.0	D	1.0
Hsap_XP_005254012.1	Hsap_XP_011537169.2	100.0	D	1.0
Hsap_XP_047285665.1	Hsap_XP_011537169.2	100.0	D	1.0
Hsap_XP_005254013.1	Hsap_XP_011537169.2	100.0	D	1.0
Hsap_XP_047285656.1	Hsap_XP_011537169.2	100.0	D	1.0
Hsap_XP_047285666.1	Hsap_NP_115979.3	100.0	D	1.0
Hsap_XP_005254012.1	Hsap_NP_115979.3	100.0	D	1.0
Hsap_XP_047285665.1	Hsap_NP_115979.3	100.0	D	1.0
Hsap_XP_005254013.1	Hsap_NP_115979.3	100.0	D	1.0
Hsap_XP_047285656.1	Hsap_NP_115979.3	100.0	D	1.0
Hsap_XP_047285666.1	Hsap_XP_047285638.1	100.0	D	1.0
Hsap_XP_005254012.1	Hsap_XP_047285638.1	100.0	D	1.0
Hsap_XP_047285665.1	Hsap_XP_047285638.1	100.0	D	1.0
Hsap_XP_005254013.1	Hsap_XP_047285638.1	100.0	D	1.0
Hsap_XP_047285656.1	Hsap_XP_047285638.1	100.0	D	1.0
Hsap_XP_047285666.1	Hsap_XP_047285637.1	100.0	D	1.0
Hsap_XP_005254012.1	Hsap_XP_047285637.1	100.0	D	1.0
Hsap_XP_047285665.1	Hsap_XP_047285637.1	100.0	D	1.0
Hsap_XP_005254013.1	Hsap_XP_047285637.1	100.0	D	1.0
Hsap_XP_047285656.1	Hsap_XP_047285637.1	100.0	D	1.0
Hsap_XP_047285666.1	Hsap_XP_047285652.1	100.0	D	1.0
Hsap_XP_005254012.1	Hsap_XP_047285652.1	100.0	D	1.0
Hsap_XP_047285665.1	Hsap_XP_047285652.1	100.0	D	1.0
Hsap_XP_005254013.1	Hsap_XP_047285652.1	100.0	D	1.0
Hsap_XP_047285656.1	Hsap_XP_047285652.1	100.0	D	1.0
Hsap_XP_047285666.1	Hsap_XP_047285664.1	100.0	D	1.0
Hsap_XP_005254012.1	Hsap_XP_047285664.1	100.0	D	1.0
Hsap_XP_047285665.1	Hsap_XP_047285664.1	100.0	D	1.0
Hsap_XP_005254013.1	Hsap_XP_047285664.1	100.0	D	1.0
Hsap_XP_047285656.1	Hsap_XP_047285664.1	100.0	D	1.0
Hsap_XP_047285666.1	Hsap_XP_047285646.1	100.0	D	1.0
Hsap_XP_005254012.1	Hsap_XP_047285646.1	100.0	D	1.0
Hsap_XP_047285665.1	Hsap_XP_047285646.1	100.0	D	1.0
Hsap_XP_005254013.1	Hsap_XP_047285646.1	100.0	D	1.0
Hsap_XP_047285656.1	Hsap_XP_047285646.1	100.0	D	1.0
Hsap_XP_047285666.1	Hsap_XP_047285663.1	100.0	D	1.0
Hsap_XP_005254012.1	Hsap_XP_047285663.1	100.0	D	1.0
Hsap_XP_047285665.1	Hsap_XP_047285663.1	100.0	D	1.0
Hsap_XP_005254013.1	Hsap_XP_047285663.1	100.0	D	1.0
Hsap_XP_047285656.1	Hsap_XP_047285663.1	100.0	D	1.0
Hsap_XP_047285666.1	Hsap_XP_047285661.1	100.0	D	1.0
Hsap_XP_005254012.1	Hsap_XP_047285661.1	100.0	D	1.0
Hsap_XP_047285665.1	Hsap_XP_047285661.1	100.0	D	1.0
Hsap_XP_005254013.1	Hsap_XP_047285661.1	100.0	D	1.0
Hsap_XP_047285656.1	Hsap_XP_047285661.1	100.0	D	1.0
Hsap_XP_047285666.1	Hsap_XP_047285657.1	100.0	D	1.0
Hsap_XP_005254012.1	Hsap_XP_047285657.1	100.0	D	1.0
Hsap_XP_047285665.1	Hsap_XP_047285657.1	100.0	D	1.0
Hsap_XP_005254013.1	Hsap_XP_047285657.1	100.0	D	1.0
Hsap_XP_047285656.1	Hsap_XP_047285657.1	100.0	D	1.0
Hsap_XP_047285666.1	Hsap_XP_047285644.1	100.0	D	1.0
Hsap_XP_005254012.1	Hsap_XP_047285644.1	100.0	D	1.0
Hsap_XP_047285665.1	Hsap_XP_047285644.1	100.0	D	1.0
Hsap_XP_005254013.1	Hsap_XP_047285644.1	100.0	D	1.0
Hsap_XP_047285656.1	Hsap_XP_047285644.1	100.0	D	1.0
Hsap_XP_047285666.1	Hsap_XP_047285662.1	100.0	D	1.0
Hsap_XP_005254012.1	Hsap_XP_047285662.1	100.0	D	1.0
Hsap_XP_047285665.1	Hsap_XP_047285662.1	100.0	D	1.0
Hsap_XP_005254013.1	Hsap_XP_047285662.1	100.0	D	1.0
Hsap_XP_047285656.1	Hsap_XP_047285662.1	100.0	D	1.0
Hsap_XP_047285666.1	Hsap_XP_047285671.1	100.0	D	1.0
Hsap_XP_005254012.1	Hsap_XP_047285671.1	100.0	D	1.0
Hsap_XP_047285665.1	Hsap_XP_047285671.1	100.0	D	1.0
Hsap_XP_005254013.1	Hsap_XP_047285671.1	100.0	D	1.0
Hsap_XP_047285656.1	Hsap_XP_047285671.1	100.0	D	1.0
Hsap_XP_047285666.1	Hsap_XP_047285668.1	100.0	D	1.0
Hsap_XP_005254012.1	Hsap_XP_047285668.1	100.0	D	1.0
Hsap_XP_047285665.1	Hsap_XP_047285668.1	100.0	D	1.0
Hsap_XP_005254013.1	Hsap_XP_047285668.1	100.0	D	1.0
Hsap_XP_047285656.1	Hsap_XP_047285668.1	100.0	D	1.0
Hsap_XP_047285666.1	Hsap_XP_047285639.1	100.0	D	1.0
Hsap_XP_005254012.1	Hsap_XP_047285639.1	100.0	D	1.0
Hsap_XP_047285665.1	Hsap_XP_047285639.1	100.0	D	1.0
Hsap_XP_005254013.1	Hsap_XP_047285639.1	100.0	D	1.0
Hsap_XP_047285656.1	Hsap_XP_047285639.1	100.0	D	1.0
Hsap_XP_047285666.1	Hsap_XP_047285654.1	100.0	D	1.0
Hsap_XP_005254012.1	Hsap_XP_047285654.1	100.0	D	1.0
Hsap_XP_047285665.1	Hsap_XP_047285654.1	100.0	D	1.0
Hsap_XP_005254013.1	Hsap_XP_047285654.1	100.0	D	1.0
Hsap_XP_047285656.1	Hsap_XP_047285654.1	100.0	D	1.0
Hsap_XP_047285666.1	Hsap_XP_047285655.1	100.0	D	1.0
Hsap_XP_005254012.1	Hsap_XP_047285655.1	100.0	D	1.0
Hsap_XP_047285665.1	Hsap_XP_047285655.1	100.0	D	1.0
Hsap_XP_005254013.1	Hsap_XP_047285655.1	100.0	D	1.0
Hsap_XP_047285656.1	Hsap_XP_047285655.1	100.0	D	1.0
Hsap_XP_047285666.1	Hsap_XP_047285648.1	100.0	D	1.0
Hsap_XP_005254012.1	Hsap_XP_047285648.1	100.0	D	1.0
Hsap_XP_047285665.1	Hsap_XP_047285648.1	100.0	D	1.0
Hsap_XP_005254013.1	Hsap_XP_047285648.1	100.0	D	1.0
Hsap_XP_047285656.1	Hsap_XP_047285648.1	100.0	D	1.0
Hsap_XP_047285666.1	Hsap_XP_047285667.1	100.0	D	1.0
Hsap_XP_005254012.1	Hsap_XP_047285667.1	100.0	D	1.0
Hsap_XP_047285665.1	Hsap_XP_047285667.1	100.0	D	1.0
Hsap_XP_005254013.1	Hsap_XP_047285667.1	100.0	D	1.0
Hsap_XP_047285656.1	Hsap_XP_047285667.1	100.0	D	1.0
Hsap_XP_047285666.1	Hsap_NP_001005366.1	100.0	D	1.0
Hsap_XP_005254012.1	Hsap_NP_001005366.1	100.0	D	1.0
Hsap_XP_047285665.1	Hsap_NP_001005366.1	100.0	D	1.0
Hsap_XP_005254013.1	Hsap_NP_001005366.1	100.0	D	1.0
Hsap_XP_047285656.1	Hsap_NP_001005366.1	100.0	D	1.0
Hsap_XP_047285666.1	Hsap_XP_047285640.1	100.0	D	1.0
Hsap_XP_005254012.1	Hsap_XP_047285640.1	100.0	D	1.0
Hsap_XP_047285665.1	Hsap_XP_047285640.1	100.0	D	1.0
Hsap_XP_005254013.1	Hsap_XP_047285640.1	100.0	D	1.0
Hsap_XP_047285656.1	Hsap_XP_047285640.1	100.0	D	1.0
Hsap_XP_047285666.1	Hsap_XP_047285669.1	100.0	D	1.0
Hsap_XP_005254012.1	Hsap_XP_047285669.1	100.0	D	1.0
Hsap_XP_047285665.1	Hsap_XP_047285669.1	100.0	D	1.0
Hsap_XP_005254013.1	Hsap_XP_047285669.1	100.0	D	1.0
Hsap_XP_047285656.1	Hsap_XP_047285669.1	100.0	D	1.0
Hsap_XP_047285666.1	Hsap_XP_047285660.1	100.0	D	1.0
Hsap_XP_005254012.1	Hsap_XP_047285660.1	100.0	D	1.0
Hsap_XP_047285665.1	Hsap_XP_047285660.1	100.0	D	1.0
Hsap_XP_005254013.1	Hsap_XP_047285660.1	100.0	D	1.0
Hsap_XP_047285656.1	Hsap_XP_047285660.1	100.0	D	1.0
Hsap_XP_047285666.1	Hsap_XP_047285659.1	100.0	D	1.0
Hsap_XP_005254012.1	Hsap_XP_047285659.1	100.0	D	1.0
Hsap_XP_047285665.1	Hsap_XP_047285659.1	100.0	D	1.0
Hsap_XP_005254013.1	Hsap_XP_047285659.1	100.0	D	1.0
Hsap_XP_047285656.1	Hsap_XP_047285659.1	100.0	D	1.0
Hsap_XP_047285666.1	Hsap_XP_047285649.1	100.0	D	1.0
Hsap_XP_005254012.1	Hsap_XP_047285649.1	100.0	D	1.0
Hsap_XP_047285665.1	Hsap_XP_047285649.1	100.0	D	1.0
Hsap_XP_005254013.1	Hsap_XP_047285649.1	100.0	D	1.0
Hsap_XP_047285656.1	Hsap_XP_047285649.1	100.0	D	1.0
Hsap_XP_047285666.1	Hsap_XP_047285658.1	100.0	D	1.0
Hsap_XP_005254012.1	Hsap_XP_047285658.1	100.0	D	1.0
Hsap_XP_047285665.1	Hsap_XP_047285658.1	100.0	D	1.0
Hsap_XP_005254013.1	Hsap_XP_047285658.1	100.0	D	1.0
Hsap_XP_047285656.1	Hsap_XP_047285658.1	100.0	D	1.0
Agrpla_XP_018328670.2	Bmor_XP_021205389.1	99.0	S	0.0
Agrpla_XP_025836100.1	Bmor_XP_021205389.1	99.0	S	0.0
Agrpla_XP_018328670.2	Bmor_XP_004928906.1	99.0	S	0.0
Agrpla_XP_025836100.1	Bmor_XP_004928906.1	99.0	S	0.0
Lpol_XP_022243926.1	Lpol_XP_022243928.1	1.0	D	1.0
Lpol_XP_022243924.1	Lpol_XP_013776610.2	98.0	D	1.0
Lpol_XP_022243924.1	Lpol_XP_022243922.1	98.0	D	1.0
Lpol_XP_022243924.1	Lpol_XP_022243923.1	98.0	D	1.0
Xtro_XP_031748498.1	Xtro_XP_031748491.1	74.0	D	1.0
Xtro_XP_031748498.1	Xtro_XP_031748490.1	74.0	D	1.0
Ggal_XP_046757210.1	Ggal_XP_004945613.1	74.0	D	1.0
Ggal_XP_046757210.1	Ggal_XP_004945618.1	74.0	D	1.0
Ggal_XP_046757210.1	Ggal_XP_025011399.1	74.0	D	1.0
Ggal_XP_040504334.1	Ggal_XP_004945614.1	26.0	D	1.0
Ggal_XP_004945616.1	Ggal_XP_004945614.1	26.0	D	1.0
Ggal_XP_040504334.1	Ggal_XP_004945610.1	26.0	D	1.0
Ggal_XP_004945616.1	Ggal_XP_004945610.1	26.0	D	1.0
Ggal_XP_040504334.1	Ggal_XP_004945615.1	26.0	D	1.0
Ggal_XP_004945616.1	Ggal_XP_004945615.1	26.0	D	1.0
Ggal_XP_040504334.1	Ggal_XP_004945612.1	26.0	D	1.0
Ggal_XP_004945616.1	Ggal_XP_004945612.1	26.0	D	1.0
Ggal_XP_040504334.1	Ggal_XP_015131080.1	26.0	D	1.0
Ggal_XP_004945616.1	Ggal_XP_015131080.1	26.0	D	1.0
Hsap_XP_005254013.1	Hsap_XP_047285665.1	30.0	D	1.0
Hsap_XP_005254013.1	Hsap_XP_005254012.1	30.0	D	1.0
Hsap_XP_005254013.1	Hsap_XP_047285656.1	30.0	D	1.0
Hsap_XP_005254013.1	Hsap_XP_047285666.1	30.0	D	1.0
Hsap_XP_047285671.1	Hsap_XP_047285670.1	68.0	D	1.0
Hsap_XP_047285671.1	Hsap_XP_047285653.1	68.0	D	1.0
Hsap_XP_047285671.1	Hsap_NP_115979.3	68.0	D	1.0
Hsap_XP_047285671.1	Hsap_XP_047285638.1	68.0	D	1.0
Hsap_XP_047285671.1	Hsap_XP_047285637.1	68.0	D	1.0
Hsap_XP_047285671.1	Hsap_XP_047285652.1	68.0	D	1.0
Hsap_XP_047285671.1	Hsap_XP_047285664.1	68.0	D	1.0
Hsap_XP_047285671.1	Hsap_XP_047285646.1	68.0	D	1.0
Hsap_XP_047285671.1	Hsap_XP_047285663.1	68.0	D	1.0
Hsap_XP_047285671.1	Hsap_XP_047285661.1	68.0	D	1.0
Hsap_XP_047285671.1	Hsap_XP_047285657.1	68.0	D	1.0
Hsap_XP_047285671.1	Hsap_XP_047285644.1	68.0	D	1.0
Hsap_XP_047285671.1	Hsap_XP_047285662.1	68.0	D	1.0
Hsap_XP_047285671.1	Hsap_XP_047285668.1	68.0	D	1.0
Hsap_XP_047285671.1	Hsap_XP_047285658.1	68.0	D	1.0
Hsap_XP_047285671.1	Hsap_XP_047285639.1	68.0	D	1.0
Hsap_XP_047285671.1	Hsap_XP_047285654.1	68.0	D	1.0
Hsap_XP_047285671.1	Hsap_XP_047285655.1	68.0	D	1.0
Hsap_XP_047285671.1	Hsap_XP_047285648.1	68.0	D	1.0
Hsap_XP_047285671.1	Hsap_XP_047285667.1	68.0	D	1.0
Hsap_XP_047285671.1	Hsap_NP_001005366.1	68.0	D	1.0
Hsap_XP_047285671.1	Hsap_XP_047285640.1	68.0	D	1.0
Hsap_XP_047285671.1	Hsap_XP_047285669.1	68.0	D	1.0
Hsap_XP_047285671.1	Hsap_XP_047285660.1	68.0	D	1.0
Hsap_XP_047285671.1	Hsap_XP_047285659.1	68.0	D	1.0
Hsap_XP_047285671.1	Hsap_XP_047285649.1	68.0	D	1.0
Hsap_XP_047285671.1	Hsap_XP_011537169.2	68.0	D	1.0
Agrpla_XP_025836100.1	Agrpla_XP_018328670.2	100.0	D	1.0
Bmor_XP_021205389.1	Bmor_XP_004928906.1	100.0	D	1.0
Lpol_XP_022243922.1	Lpol_XP_013776610.2	52.0	D	1.0
Lpol_XP_022243922.1	Lpol_XP_022243923.1	52.0	D	1.0
Xtro_XP_031748490.1	Xtro_XP_031748491.1	83.0	D	1.0
Ggal_XP_004945618.1	Ggal_XP_004945613.1	43.0	D	1.0
Ggal_XP_004945618.1	Ggal_XP_025011399.1	43.0	D	1.0
Ggal_XP_040504334.1	Ggal_XP_004945616.1	64.0	D	1.0
Ggal_XP_004945612.1	Ggal_XP_015131080.1	39.0	D	1.0
Ggal_XP_004945614.1	Ggal_XP_015131080.1	39.0	D	1.0
Ggal_XP_004945612.1	Ggal_XP_004945610.1	39.0	D	1.0
Ggal_XP_004945614.1	Ggal_XP_004945610.1	39.0	D	1.0
Ggal_XP_004945612.1	Ggal_XP_004945615.1	39.0	D	1.0
Ggal_XP_004945614.1	Ggal_XP_004945615.1	39.0	D	1.0
Hsap_XP_047285666.1	Hsap_XP_047285665.1	15.0	D	1.0
Hsap_XP_047285666.1	Hsap_XP_005254012.1	15.0	D	1.0
Hsap_XP_047285666.1	Hsap_XP_047285656.1	15.0	D	1.0
Hsap_XP_047285669.1	Hsap_XP_047285670.1	25.0	D	1.0
Hsap_XP_047285669.1	Hsap_XP_047285653.1	25.0	D	1.0
Hsap_XP_047285669.1	Hsap_NP_115979.3	25.0	D	1.0
Hsap_XP_047285669.1	Hsap_XP_047285638.1	25.0	D	1.0
Hsap_XP_047285669.1	Hsap_XP_047285637.1	25.0	D	1.0
Hsap_XP_047285669.1	Hsap_XP_047285652.1	25.0	D	1.0
Hsap_XP_047285669.1	Hsap_XP_047285664.1	25.0	D	1.0
Hsap_XP_047285669.1	Hsap_XP_047285646.1	25.0	D	1.0
Hsap_XP_047285669.1	Hsap_XP_047285663.1	25.0	D	1.0
Hsap_XP_047285669.1	Hsap_XP_047285661.1	25.0	D	1.0
Hsap_XP_047285669.1	Hsap_XP_047285657.1	25.0	D	1.0
Hsap_XP_047285669.1	Hsap_XP_047285644.1	25.0	D	1.0
Hsap_XP_047285669.1	Hsap_XP_047285662.1	25.0	D	1.0
Hsap_XP_047285669.1	Hsap_XP_047285668.1	25.0	D	1.0
Hsap_XP_047285669.1	Hsap_XP_047285658.1	25.0	D	1.0
Hsap_XP_047285669.1	Hsap_XP_047285639.1	25.0	D	1.0
Hsap_XP_047285669.1	Hsap_XP_047285654.1	25.0	D	1.0
Hsap_XP_047285669.1	Hsap_XP_047285655.1	25.0	D	1.0
Hsap_XP_047285669.1	Hsap_XP_047285648.1	25.0	D	1.0
Hsap_XP_047285669.1	Hsap_XP_047285667.1	25.0	D	1.0
Hsap_XP_047285669.1	Hsap_NP_001005366.1	25.0	D	1.0
Hsap_XP_047285669.1	Hsap_XP_047285640.1	25.0	D	1.0
Hsap_XP_047285669.1	Hsap_XP_047285660.1	25.0	D	1.0
Hsap_XP_047285669.1	Hsap_XP_047285659.1	25.0	D	1.0
Hsap_XP_047285669.1	Hsap_XP_047285649.1	25.0	D	1.0
Hsap_XP_047285669.1	Hsap_XP_011537169.2	25.0	D	1.0
Lpol_XP_013776610.2	Lpol_XP_022243923.1	1.0	D	1.0
Ggal_XP_004945613.1	Ggal_XP_025011399.1	79.0	D	1.0
Ggal_XP_004945612.1	Ggal_XP_004945614.1	13.0	D	1.0
Ggal_XP_004945610.1	Ggal_XP_015131080.1	19.0	D	1.0
Ggal_XP_004945610.1	Ggal_XP_004945615.1	19.0	D	1.0
Hsap_XP_047285665.1	Hsap_XP_005254012.1	78.0	D	1.0
Hsap_XP_047285665.1	Hsap_XP_047285656.1	78.0	D	1.0
Hsap_XP_047285653.1	Hsap_XP_047285670.1	8.0	D	1.0
Hsap_XP_047285653.1	Hsap_NP_115979.3	8.0	D	1.0
Hsap_XP_047285653.1	Hsap_XP_047285638.1	8.0	D	1.0
Hsap_XP_047285653.1	Hsap_XP_047285637.1	8.0	D	1.0
Hsap_XP_047285653.1	Hsap_XP_047285652.1	8.0	D	1.0
Hsap_XP_047285653.1	Hsap_XP_047285664.1	8.0	D	1.0
Hsap_XP_047285653.1	Hsap_XP_047285646.1	8.0	D	1.0
Hsap_XP_047285653.1	Hsap_XP_047285663.1	8.0	D	1.0
Hsap_XP_047285653.1	Hsap_XP_047285661.1	8.0	D	1.0
Hsap_XP_047285653.1	Hsap_XP_047285657.1	8.0	D	1.0
Hsap_XP_047285653.1	Hsap_XP_047285644.1	8.0	D	1.0
Hsap_XP_047285653.1	Hsap_XP_047285662.1	8.0	D	1.0
Hsap_XP_047285653.1	Hsap_XP_047285668.1	8.0	D	1.0
Hsap_XP_047285653.1	Hsap_XP_047285658.1	8.0	D	1.0
Hsap_XP_047285653.1	Hsap_XP_047285639.1	8.0	D	1.0
Hsap_XP_047285653.1	Hsap_XP_047285654.1	8.0	D	1.0
Hsap_XP_047285653.1	Hsap_XP_047285655.1	8.0	D	1.0
Hsap_XP_047285653.1	Hsap_XP_047285648.1	8.0	D	1.0
Hsap_XP_047285653.1	Hsap_XP_047285667.1	8.0	D	1.0
Hsap_XP_047285653.1	Hsap_NP_001005366.1	8.0	D	1.0
Hsap_XP_047285653.1	Hsap_XP_047285640.1	8.0	D	1.0
Hsap_XP_047285653.1	Hsap_XP_047285660.1	8.0	D	1.0
Hsap_XP_047285653.1	Hsap_XP_047285659.1	8.0	D	1.0
Hsap_XP_047285653.1	Hsap_XP_047285649.1	8.0	D	1.0
Hsap_XP_047285653.1	Hsap_XP_011537169.2	8.0	D	1.0
Ggal_XP_015131080.1	Ggal_XP_004945615.1	30.0	D	1.0
Hsap_XP_005254012.1	Hsap_XP_047285656.1	55.0	D	1.0
Hsap_XP_047285668.1	Hsap_XP_047285670.1	40.0	D	1.0
Hsap_XP_047285668.1	Hsap_NP_115979.3	40.0	D	1.0
Hsap_XP_047285668.1	Hsap_XP_047285638.1	40.0	D	1.0
Hsap_XP_047285668.1	Hsap_XP_047285637.1	40.0	D	1.0
Hsap_XP_047285668.1	Hsap_XP_047285652.1	40.0	D	1.0
Hsap_XP_047285668.1	Hsap_XP_047285664.1	40.0	D	1.0
Hsap_XP_047285668.1	Hsap_XP_047285646.1	40.0	D	1.0
Hsap_XP_047285668.1	Hsap_XP_047285663.1	40.0	D	1.0
Hsap_XP_047285668.1	Hsap_XP_047285661.1	40.0	D	1.0
Hsap_XP_047285668.1	Hsap_XP_047285657.1	40.0	D	1.0
Hsap_XP_047285668.1	Hsap_XP_047285644.1	40.0	D	1.0
Hsap_XP_047285668.1	Hsap_XP_047285662.1	40.0	D	1.0
Hsap_XP_047285668.1	Hsap_XP_047285658.1	40.0	D	1.0
Hsap_XP_047285668.1	Hsap_XP_047285639.1	40.0	D	1.0
Hsap_XP_047285668.1	Hsap_XP_047285654.1	40.0	D	1.0
Hsap_XP_047285668.1	Hsap_XP_047285655.1	40.0	D	1.0
Hsap_XP_047285668.1	Hsap_XP_047285648.1	40.0	D	1.0
Hsap_XP_047285668.1	Hsap_XP_047285667.1	40.0	D	1.0
Hsap_XP_047285668.1	Hsap_NP_001005366.1	40.0	D	1.0
Hsap_XP_047285668.1	Hsap_XP_047285640.1	40.0	D	1.0
Hsap_XP_047285668.1	Hsap_XP_047285660.1	40.0	D	1.0
Hsap_XP_047285668.1	Hsap_XP_047285659.1	40.0	D	1.0
Hsap_XP_047285668.1	Hsap_XP_047285649.1	40.0	D	1.0
Hsap_XP_047285668.1	Hsap_XP_011537169.2	40.0	D	1.0
Hsap_XP_047285654.1	Hsap_XP_047285670.1	85.0	D	1.0
Hsap_XP_047285664.1	Hsap_XP_047285670.1	85.0	D	1.0
Hsap_XP_047285654.1	Hsap_NP_115979.3	85.0	D	1.0
Hsap_XP_047285664.1	Hsap_NP_115979.3	85.0	D	1.0
Hsap_XP_047285654.1	Hsap_XP_047285638.1	85.0	D	1.0
Hsap_XP_047285664.1	Hsap_XP_047285638.1	85.0	D	1.0
Hsap_XP_047285654.1	Hsap_XP_047285637.1	85.0	D	1.0
Hsap_XP_047285664.1	Hsap_XP_047285637.1	85.0	D	1.0
Hsap_XP_047285654.1	Hsap_XP_047285652.1	85.0	D	1.0
Hsap_XP_047285664.1	Hsap_XP_047285652.1	85.0	D	1.0
Hsap_XP_047285654.1	Hsap_XP_047285646.1	85.0	D	1.0
Hsap_XP_047285664.1	Hsap_XP_047285646.1	85.0	D	1.0
Hsap_XP_047285654.1	Hsap_XP_047285663.1	85.0	D	1.0
Hsap_XP_047285664.1	Hsap_XP_047285663.1	85.0	D	1.0
Hsap_XP_047285654.1	Hsap_XP_047285661.1	85.0	D	1.0
Hsap_XP_047285664.1	Hsap_XP_047285661.1	85.0	D	1.0
Hsap_XP_047285654.1	Hsap_XP_047285657.1	85.0	D	1.0
Hsap_XP_047285664.1	Hsap_XP_047285657.1	85.0	D	1.0
Hsap_XP_047285654.1	Hsap_XP_047285644.1	85.0	D	1.0
Hsap_XP_047285664.1	Hsap_XP_047285644.1	85.0	D	1.0
Hsap_XP_047285654.1	Hsap_XP_047285662.1	85.0	D	1.0
Hsap_XP_047285664.1	Hsap_XP_047285662.1	85.0	D	1.0
Hsap_XP_047285654.1	Hsap_XP_047285658.1	85.0	D	1.0
Hsap_XP_047285664.1	Hsap_XP_047285658.1	85.0	D	1.0
Hsap_XP_047285654.1	Hsap_XP_047285639.1	85.0	D	1.0
Hsap_XP_047285664.1	Hsap_XP_047285639.1	85.0	D	1.0
Hsap_XP_047285654.1	Hsap_XP_047285655.1	85.0	D	1.0
Hsap_XP_047285664.1	Hsap_XP_047285655.1	85.0	D	1.0
Hsap_XP_047285654.1	Hsap_XP_047285648.1	85.0	D	1.0
Hsap_XP_047285664.1	Hsap_XP_047285648.1	85.0	D	1.0
Hsap_XP_047285654.1	Hsap_XP_047285667.1	85.0	D	1.0
Hsap_XP_047285664.1	Hsap_XP_047285667.1	85.0	D	1.0
Hsap_XP_047285654.1	Hsap_NP_001005366.1	85.0	D	1.0
Hsap_XP_047285664.1	Hsap_NP_001005366.1	85.0	D	1.0
Hsap_XP_047285654.1	Hsap_XP_047285640.1	85.0	D	1.0
Hsap_XP_047285664.1	Hsap_XP_047285640.1	85.0	D	1.0
Hsap_XP_047285654.1	Hsap_XP_047285660.1	85.0	D	1.0
Hsap_XP_047285664.1	Hsap_XP_047285660.1	85.0	D	1.0
Hsap_XP_047285654.1	Hsap_XP_047285659.1	85.0	D	1.0
Hsap_XP_047285664.1	Hsap_XP_047285659.1	85.0	D	1.0
Hsap_XP_047285654.1	Hsap_XP_047285649.1	85.0	D	1.0
Hsap_XP_047285664.1	Hsap_XP_047285649.1	85.0	D	1.0
Hsap_XP_047285654.1	Hsap_XP_011537169.2	85.0	D	1.0
Hsap_XP_047285664.1	Hsap_XP_011537169.2	85.0	D	1.0
Hsap_XP_047285664.1	Hsap_XP_047285654.1	88.0	D	1.0
Hsap_NP_115979.3	Hsap_XP_047285670.1	71.0	D	1.0
Hsap_XP_047285659.1	Hsap_XP_047285670.1	71.0	D	1.0
Hsap_XP_047285649.1	Hsap_XP_047285670.1	71.0	D	1.0
Hsap_NP_115979.3	Hsap_XP_047285638.1	71.0	D	1.0
Hsap_XP_047285659.1	Hsap_XP_047285638.1	71.0	D	1.0
Hsap_XP_047285649.1	Hsap_XP_047285638.1	71.0	D	1.0
Hsap_NP_115979.3	Hsap_XP_047285637.1	71.0	D	1.0
Hsap_XP_047285659.1	Hsap_XP_047285637.1	71.0	D	1.0
Hsap_XP_047285649.1	Hsap_XP_047285637.1	71.0	D	1.0
Hsap_NP_115979.3	Hsap_XP_047285652.1	71.0	D	1.0
Hsap_XP_047285659.1	Hsap_XP_047285652.1	71.0	D	1.0
Hsap_XP_047285649.1	Hsap_XP_047285652.1	71.0	D	1.0
Hsap_NP_115979.3	Hsap_XP_047285646.1	71.0	D	1.0
Hsap_XP_047285659.1	Hsap_XP_047285646.1	71.0	D	1.0
Hsap_XP_047285649.1	Hsap_XP_047285646.1	71.0	D	1.0
Hsap_NP_115979.3	Hsap_XP_047285663.1	71.0	D	1.0
Hsap_XP_047285659.1	Hsap_XP_047285663.1	71.0	D	1.0
Hsap_XP_047285649.1	Hsap_XP_047285663.1	71.0	D	1.0
Hsap_NP_115979.3	Hsap_XP_047285661.1	71.0	D	1.0
Hsap_XP_047285659.1	Hsap_XP_047285661.1	71.0	D	1.0
Hsap_XP_047285649.1	Hsap_XP_047285661.1	71.0	D	1.0
Hsap_NP_115979.3	Hsap_XP_047285657.1	71.0	D	1.0
Hsap_XP_047285659.1	Hsap_XP_047285657.1	71.0	D	1.0
Hsap_XP_047285649.1	Hsap_XP_047285657.1	71.0	D	1.0
Hsap_NP_115979.3	Hsap_XP_047285644.1	71.0	D	1.0
Hsap_XP_047285659.1	Hsap_XP_047285644.1	71.0	D	1.0
Hsap_XP_047285649.1	Hsap_XP_047285644.1	71.0	D	1.0
Hsap_NP_115979.3	Hsap_XP_047285662.1	71.0	D	1.0
Hsap_XP_047285659.1	Hsap_XP_047285662.1	71.0	D	1.0
Hsap_XP_047285649.1	Hsap_XP_047285662.1	71.0	D	1.0
Hsap_NP_115979.3	Hsap_XP_047285658.1	71.0	D	1.0
Hsap_XP_047285659.1	Hsap_XP_047285658.1	71.0	D	1.0
Hsap_XP_047285649.1	Hsap_XP_047285658.1	71.0	D	1.0
Hsap_NP_115979.3	Hsap_XP_047285639.1	71.0	D	1.0
Hsap_XP_047285659.1	Hsap_XP_047285639.1	71.0	D	1.0
Hsap_XP_047285649.1	Hsap_XP_047285639.1	71.0	D	1.0
Hsap_NP_115979.3	Hsap_XP_047285655.1	71.0	D	1.0
Hsap_XP_047285659.1	Hsap_XP_047285655.1	71.0	D	1.0
Hsap_XP_047285649.1	Hsap_XP_047285655.1	71.0	D	1.0
Hsap_NP_115979.3	Hsap_XP_047285648.1	71.0	D	1.0
Hsap_XP_047285659.1	Hsap_XP_047285648.1	71.0	D	1.0
Hsap_XP_047285649.1	Hsap_XP_047285648.1	71.0	D	1.0
Hsap_NP_115979.3	Hsap_XP_047285667.1	71.0	D	1.0
Hsap_XP_047285659.1	Hsap_XP_047285667.1	71.0	D	1.0
Hsap_XP_047285649.1	Hsap_XP_047285667.1	71.0	D	1.0
Hsap_NP_115979.3	Hsap_NP_001005366.1	71.0	D	1.0
Hsap_XP_047285659.1	Hsap_NP_001005366.1	71.0	D	1.0
Hsap_XP_047285649.1	Hsap_NP_001005366.1	71.0	D	1.0
Hsap_NP_115979.3	Hsap_XP_047285640.1	71.0	D	1.0
Hsap_XP_047285659.1	Hsap_XP_047285640.1	71.0	D	1.0
Hsap_XP_047285649.1	Hsap_XP_047285640.1	71.0	D	1.0
Hsap_NP_115979.3	Hsap_XP_047285660.1	71.0	D	1.0
Hsap_XP_047285659.1	Hsap_XP_047285660.1	71.0	D	1.0
Hsap_XP_047285649.1	Hsap_XP_047285660.1	71.0	D	1.0
Hsap_NP_115979.3	Hsap_XP_011537169.2	71.0	D	1.0
Hsap_XP_047285659.1	Hsap_XP_011537169.2	71.0	D	1.0
Hsap_XP_047285649.1	Hsap_XP_011537169.2	71.0	D	1.0
Hsap_XP_047285659.1	Hsap_NP_115979.3	60.0	D	1.0
Hsap_XP_047285659.1	Hsap_XP_047285649.1	60.0	D	1.0
Hsap_XP_047285658.1	Hsap_XP_047285646.1	80.0	D	1.0
Hsap_XP_047285670.1	Hsap_XP_047285646.1	80.0	D	1.0
Hsap_NP_001005366.1	Hsap_XP_047285646.1	80.0	D	1.0
Hsap_XP_047285661.1	Hsap_XP_047285646.1	80.0	D	1.0
Hsap_XP_047285657.1	Hsap_XP_047285646.1	80.0	D	1.0
Hsap_XP_047285655.1	Hsap_XP_047285646.1	80.0	D	1.0
Hsap_XP_047285660.1	Hsap_XP_047285646.1	80.0	D	1.0
Hsap_XP_047285648.1	Hsap_XP_047285646.1	80.0	D	1.0
Hsap_XP_047285667.1	Hsap_XP_047285646.1	80.0	D	1.0
Hsap_XP_047285658.1	Hsap_XP_047285639.1	80.0	D	1.0
Hsap_XP_047285670.1	Hsap_XP_047285639.1	80.0	D	1.0
Hsap_NP_001005366.1	Hsap_XP_047285639.1	80.0	D	1.0
Hsap_XP_047285661.1	Hsap_XP_047285639.1	80.0	D	1.0
Hsap_XP_047285657.1	Hsap_XP_047285639.1	80.0	D	1.0
Hsap_XP_047285655.1	Hsap_XP_047285639.1	80.0	D	1.0
Hsap_XP_047285660.1	Hsap_XP_047285639.1	80.0	D	1.0
Hsap_XP_047285648.1	Hsap_XP_047285639.1	80.0	D	1.0
Hsap_XP_047285667.1	Hsap_XP_047285639.1	80.0	D	1.0
Hsap_XP_047285658.1	Hsap_XP_047285663.1	80.0	D	1.0
Hsap_XP_047285670.1	Hsap_XP_047285663.1	80.0	D	1.0
Hsap_NP_001005366.1	Hsap_XP_047285663.1	80.0	D	1.0
Hsap_XP_047285661.1	Hsap_XP_047285663.1	80.0	D	1.0
Hsap_XP_047285657.1	Hsap_XP_047285663.1	80.0	D	1.0
Hsap_XP_047285655.1	Hsap_XP_047285663.1	80.0	D	1.0
Hsap_XP_047285660.1	Hsap_XP_047285663.1	80.0	D	1.0
Hsap_XP_047285648.1	Hsap_XP_047285663.1	80.0	D	1.0
Hsap_XP_047285667.1	Hsap_XP_047285663.1	80.0	D	1.0
Hsap_XP_047285658.1	Hsap_XP_047285640.1	80.0	D	1.0
Hsap_XP_047285670.1	Hsap_XP_047285640.1	80.0	D	1.0
Hsap_NP_001005366.1	Hsap_XP_047285640.1	80.0	D	1.0
Hsap_XP_047285661.1	Hsap_XP_047285640.1	80.0	D	1.0
Hsap_XP_047285657.1	Hsap_XP_047285640.1	80.0	D	1.0
Hsap_XP_047285655.1	Hsap_XP_047285640.1	80.0	D	1.0
Hsap_XP_047285660.1	Hsap_XP_047285640.1	80.0	D	1.0
Hsap_XP_047285648.1	Hsap_XP_047285640.1	80.0	D	1.0
Hsap_XP_047285667.1	Hsap_XP_047285640.1	80.0	D	1.0
Hsap_XP_047285658.1	Hsap_XP_047285638.1	80.0	D	1.0
Hsap_XP_047285670.1	Hsap_XP_047285638.1	80.0	D	1.0
Hsap_NP_001005366.1	Hsap_XP_047285638.1	80.0	D	1.0
Hsap_XP_047285661.1	Hsap_XP_047285638.1	80.0	D	1.0
Hsap_XP_047285657.1	Hsap_XP_047285638.1	80.0	D	1.0
Hsap_XP_047285655.1	Hsap_XP_047285638.1	80.0	D	1.0
Hsap_XP_047285660.1	Hsap_XP_047285638.1	80.0	D	1.0
Hsap_XP_047285648.1	Hsap_XP_047285638.1	80.0	D	1.0
Hsap_XP_047285667.1	Hsap_XP_047285638.1	80.0	D	1.0
Hsap_XP_047285658.1	Hsap_XP_047285637.1	80.0	D	1.0
Hsap_XP_047285670.1	Hsap_XP_047285637.1	80.0	D	1.0
Hsap_NP_001005366.1	Hsap_XP_047285637.1	80.0	D	1.0
Hsap_XP_047285661.1	Hsap_XP_047285637.1	80.0	D	1.0
Hsap_XP_047285657.1	Hsap_XP_047285637.1	80.0	D	1.0
Hsap_XP_047285655.1	Hsap_XP_047285637.1	80.0	D	1.0
Hsap_XP_047285660.1	Hsap_XP_047285637.1	80.0	D	1.0
Hsap_XP_047285648.1	Hsap_XP_047285637.1	80.0	D	1.0
Hsap_XP_047285667.1	Hsap_XP_047285637.1	80.0	D	1.0
Hsap_XP_047285658.1	Hsap_XP_047285652.1	80.0	D	1.0
Hsap_XP_047285670.1	Hsap_XP_047285652.1	80.0	D	1.0
Hsap_NP_001005366.1	Hsap_XP_047285652.1	80.0	D	1.0
Hsap_XP_047285661.1	Hsap_XP_047285652.1	80.0	D	1.0
Hsap_XP_047285657.1	Hsap_XP_047285652.1	80.0	D	1.0
Hsap_XP_047285655.1	Hsap_XP_047285652.1	80.0	D	1.0
Hsap_XP_047285660.1	Hsap_XP_047285652.1	80.0	D	1.0
Hsap_XP_047285648.1	Hsap_XP_047285652.1	80.0	D	1.0
Hsap_XP_047285667.1	Hsap_XP_047285652.1	80.0	D	1.0
Hsap_XP_047285658.1	Hsap_XP_047285644.1	80.0	D	1.0
Hsap_XP_047285670.1	Hsap_XP_047285644.1	80.0	D	1.0
Hsap_NP_001005366.1	Hsap_XP_047285644.1	80.0	D	1.0
Hsap_XP_047285661.1	Hsap_XP_047285644.1	80.0	D	1.0
Hsap_XP_047285657.1	Hsap_XP_047285644.1	80.0	D	1.0
Hsap_XP_047285655.1	Hsap_XP_047285644.1	80.0	D	1.0
Hsap_XP_047285660.1	Hsap_XP_047285644.1	80.0	D	1.0
Hsap_XP_047285648.1	Hsap_XP_047285644.1	80.0	D	1.0
Hsap_XP_047285667.1	Hsap_XP_047285644.1	80.0	D	1.0
Hsap_XP_047285658.1	Hsap_XP_047285662.1	80.0	D	1.0
Hsap_XP_047285670.1	Hsap_XP_047285662.1	80.0	D	1.0
Hsap_NP_001005366.1	Hsap_XP_047285662.1	80.0	D	1.0
Hsap_XP_047285661.1	Hsap_XP_047285662.1	80.0	D	1.0
Hsap_XP_047285657.1	Hsap_XP_047285662.1	80.0	D	1.0
Hsap_XP_047285655.1	Hsap_XP_047285662.1	80.0	D	1.0
Hsap_XP_047285660.1	Hsap_XP_047285662.1	80.0	D	1.0
Hsap_XP_047285648.1	Hsap_XP_047285662.1	80.0	D	1.0
Hsap_XP_047285667.1	Hsap_XP_047285662.1	80.0	D	1.0
Hsap_XP_047285658.1	Hsap_XP_011537169.2	80.0	D	1.0
Hsap_XP_047285670.1	Hsap_XP_011537169.2	80.0	D	1.0
Hsap_NP_001005366.1	Hsap_XP_011537169.2	80.0	D	1.0
Hsap_XP_047285661.1	Hsap_XP_011537169.2	80.0	D	1.0
Hsap_XP_047285657.1	Hsap_XP_011537169.2	80.0	D	1.0
Hsap_XP_047285655.1	Hsap_XP_011537169.2	80.0	D	1.0
Hsap_XP_047285660.1	Hsap_XP_011537169.2	80.0	D	1.0
Hsap_XP_047285648.1	Hsap_XP_011537169.2	80.0	D	1.0
Hsap_XP_047285667.1	Hsap_XP_011537169.2	80.0	D	1.0
Hsap_NP_115979.3	Hsap_XP_047285649.1	56.0	D	1.0
Hsap_XP_047285648.1	Hsap_XP_047285658.1	100.0	D	1.0
Hsap_XP_047285661.1	Hsap_XP_047285658.1	100.0	D	1.0
Hsap_XP_047285648.1	Hsap_XP_047285670.1	100.0	D	1.0
Hsap_XP_047285661.1	Hsap_XP_047285670.1	100.0	D	1.0
Hsap_XP_047285648.1	Hsap_NP_001005366.1	100.0	D	1.0
Hsap_XP_047285661.1	Hsap_NP_001005366.1	100.0	D	1.0
Hsap_XP_047285648.1	Hsap_XP_047285657.1	100.0	D	1.0
Hsap_XP_047285661.1	Hsap_XP_047285657.1	100.0	D	1.0
Hsap_XP_047285648.1	Hsap_XP_047285655.1	100.0	D	1.0
Hsap_XP_047285661.1	Hsap_XP_047285655.1	100.0	D	1.0
Hsap_XP_047285648.1	Hsap_XP_047285660.1	100.0	D	1.0
Hsap_XP_047285661.1	Hsap_XP_047285660.1	100.0	D	1.0
Hsap_XP_047285648.1	Hsap_XP_047285667.1	100.0	D	1.0
Hsap_XP_047285661.1	Hsap_XP_047285667.1	100.0	D	1.0
Hsap_XP_047285637.1	Hsap_XP_047285646.1	77.0	D	1.0
Hsap_XP_011537169.2	Hsap_XP_047285646.1	77.0	D	1.0
Hsap_XP_047285637.1	Hsap_XP_047285639.1	77.0	D	1.0
Hsap_XP_011537169.2	Hsap_XP_047285639.1	77.0	D	1.0
Hsap_XP_047285637.1	Hsap_XP_047285663.1	77.0	D	1.0
Hsap_XP_011537169.2	Hsap_XP_047285663.1	77.0	D	1.0
Hsap_XP_047285637.1	Hsap_XP_047285640.1	77.0	D	1.0
Hsap_XP_011537169.2	Hsap_XP_047285640.1	77.0	D	1.0
Hsap_XP_047285637.1	Hsap_XP_047285638.1	77.0	D	1.0
Hsap_XP_011537169.2	Hsap_XP_047285638.1	77.0	D	1.0
Hsap_XP_047285637.1	Hsap_XP_047285652.1	77.0	D	1.0
Hsap_XP_011537169.2	Hsap_XP_047285652.1	77.0	D	1.0
Hsap_XP_047285637.1	Hsap_XP_047285644.1	77.0	D	1.0
Hsap_XP_011537169.2	Hsap_XP_047285644.1	77.0	D	1.0
Hsap_XP_047285637.1	Hsap_XP_047285662.1	77.0	D	1.0
Hsap_XP_011537169.2	Hsap_XP_047285662.1	77.0	D	1.0
Hsap_XP_047285661.1	Hsap_XP_047285648.1	55.0	D	1.0
Hsap_XP_047285655.1	Hsap_XP_047285670.1	85.0	D	1.0
Hsap_XP_047285655.1	Hsap_NP_001005366.1	85.0	D	1.0
Hsap_XP_047285655.1	Hsap_XP_047285657.1	85.0	D	1.0
Hsap_XP_047285655.1	Hsap_XP_047285660.1	85.0	D	1.0
Hsap_XP_047285655.1	Hsap_XP_047285667.1	85.0	D	1.0
Hsap_XP_047285655.1	Hsap_XP_047285658.1	85.0	D	1.0
Hsap_XP_047285637.1	Hsap_XP_011537169.2	57.0	D	1.0
Hsap_XP_047285662.1	Hsap_XP_047285646.1	88.0	D	1.0
Hsap_XP_047285662.1	Hsap_XP_047285639.1	88.0	D	1.0
Hsap_XP_047285662.1	Hsap_XP_047285663.1	88.0	D	1.0
Hsap_XP_047285662.1	Hsap_XP_047285640.1	88.0	D	1.0
Hsap_XP_047285662.1	Hsap_XP_047285638.1	88.0	D	1.0
Hsap_XP_047285662.1	Hsap_XP_047285652.1	88.0	D	1.0
Hsap_XP_047285662.1	Hsap_XP_047285644.1	88.0	D	1.0
Hsap_XP_047285670.1	Hsap_NP_001005366.1	60.0	D	1.0
Hsap_XP_047285670.1	Hsap_XP_047285657.1	60.0	D	1.0
Hsap_XP_047285670.1	Hsap_XP_047285660.1	60.0	D	1.0
Hsap_XP_047285670.1	Hsap_XP_047285667.1	60.0	D	1.0
Hsap_XP_047285670.1	Hsap_XP_047285658.1	60.0	D	1.0
Hsap_XP_047285663.1	Hsap_XP_047285646.1	30.0	D	1.0
Hsap_XP_047285663.1	Hsap_XP_047285639.1	30.0	D	1.0
Hsap_XP_047285663.1	Hsap_XP_047285640.1	30.0	D	1.0
Hsap_XP_047285663.1	Hsap_XP_047285638.1	30.0	D	1.0
Hsap_XP_047285663.1	Hsap_XP_047285652.1	30.0	D	1.0
Hsap_XP_047285663.1	Hsap_XP_047285644.1	30.0	D	1.0
Hsap_XP_047285660.1	Hsap_XP_047285657.1	93.0	D	1.0
Hsap_XP_047285660.1	Hsap_NP_001005366.1	93.0	D	1.0
Hsap_XP_047285660.1	Hsap_XP_047285658.1	93.0	D	1.0
Hsap_XP_047285660.1	Hsap_XP_047285667.1	93.0	D	1.0
Hsap_XP_047285638.1	Hsap_XP_047285646.1	34.0	D	1.0
Hsap_XP_047285638.1	Hsap_XP_047285639.1	34.0	D	1.0
Hsap_XP_047285638.1	Hsap_XP_047285640.1	34.0	D	1.0
Hsap_XP_047285638.1	Hsap_XP_047285652.1	34.0	D	1.0
Hsap_XP_047285638.1	Hsap_XP_047285644.1	34.0	D	1.0
Hsap_XP_047285667.1	Hsap_XP_047285657.1	41.0	D	1.0
Hsap_XP_047285667.1	Hsap_XP_047285658.1	41.0	D	1.0
Hsap_XP_047285667.1	Hsap_NP_001005366.1	41.0	D	1.0
Hsap_XP_047285639.1	Hsap_XP_047285646.1	73.0	D	1.0
Hsap_XP_047285640.1	Hsap_XP_047285646.1	73.0	D	1.0
Hsap_XP_047285639.1	Hsap_XP_047285652.1	73.0	D	1.0
Hsap_XP_047285640.1	Hsap_XP_047285652.1	73.0	D	1.0
Hsap_XP_047285639.1	Hsap_XP_047285644.1	73.0	D	1.0
Hsap_XP_047285640.1	Hsap_XP_047285644.1	73.0	D	1.0
Hsap_NP_001005366.1	Hsap_XP_047285657.1	99.0	D	1.0
Hsap_NP_001005366.1	Hsap_XP_047285658.1	99.0	D	1.0
Hsap_XP_047285640.1	Hsap_XP_047285639.1	30.0	D	1.0
Hsap_XP_047285644.1	Hsap_XP_047285646.1	56.0	D	1.0
Hsap_XP_047285644.1	Hsap_XP_047285652.1	56.0	D	1.0
Hsap_XP_047285658.1	Hsap_XP_047285657.1	89.0	D	1.0
Hsap_XP_047285652.1	Hsap_XP_047285646.1	68.0	D	1.0
