in_gene	out_gene	branch_support	ev_type	sos
Sros_XP_004997427.1	Bnap_XP_022545047.2	1.0	S	0.0
Ccri_XP_005714209.1	Bnap_XP_022545047.2	1.0	S	0.0
Mbre_XP_001750959.1	Bnap_XP_022545047.2	1.0	S	0.0
Sros_XP_004997427.1	Sollyc_XP_010317818.2	1.0	S	0.0
Ccri_XP_005714209.1	Sollyc_XP_010317818.2	1.0	S	0.0
Mbre_XP_001750959.1	Sollyc_XP_010317818.2	1.0	S	0.0
Sros_XP_004997427.1	Pigvie_Pvie_g14104	1.0	S	0.0
Ccri_XP_005714209.1	Pigvie_Pvie_g14104	1.0	S	0.0
Mbre_XP_001750959.1	Pigvie_Pvie_g14104	1.0	S	0.0
Sros_XP_004997427.1	Mpol_BFI40009.1	1.0	S	0.0
Ccri_XP_005714209.1	Mpol_BFI40009.1	1.0	S	0.0
Mbre_XP_001750959.1	Mpol_BFI40009.1	1.0	S	0.0
Sros_XP_004997427.1	Cofcan_CDO99279.1	1.0	S	0.0
Ccri_XP_005714209.1	Cofcan_CDO99279.1	1.0	S	0.0
Mbre_XP_001750959.1	Cofcan_CDO99279.1	1.0	S	0.0
Sros_XP_004997427.1	Mpol_BFI39968.1	1.0	S	0.0
Ccri_XP_005714209.1	Mpol_BFI39968.1	1.0	S	0.0
Mbre_XP_001750959.1	Mpol_BFI39968.1	1.0	S	0.0
Sros_XP_004997427.1	Atha_NP_188995.2	1.0	S	0.0
Ccri_XP_005714209.1	Atha_NP_188995.2	1.0	S	0.0
Mbre_XP_001750959.1	Atha_NP_188995.2	1.0	S	0.0
Sros_XP_004997427.1	Psat_XP_050891581.1	1.0	S	0.0
Ccri_XP_005714209.1	Psat_XP_050891581.1	1.0	S	0.0
Mbre_XP_001750959.1	Psat_XP_050891581.1	1.0	S	0.0
Sros_XP_004997427.1	Tura_XP_048548071.1	1.0	S	0.0
Ccri_XP_005714209.1	Tura_XP_048548071.1	1.0	S	0.0
Mbre_XP_001750959.1	Tura_XP_048548071.1	1.0	S	0.0
Sros_XP_004997427.1	Rchi_XP_024197955.1	1.0	S	0.0
Ccri_XP_005714209.1	Rchi_XP_024197955.1	1.0	S	0.0
Mbre_XP_001750959.1	Rchi_XP_024197955.1	1.0	S	0.0
Sros_XP_004997427.1	Osat_XP_025877955.1	1.0	S	0.0
Ccri_XP_005714209.1	Osat_XP_025877955.1	1.0	S	0.0
Mbre_XP_001750959.1	Osat_XP_025877955.1	1.0	S	0.0
Sros_XP_004997427.1	Bnap_XP_013653045.1	1.0	S	0.0
Ccri_XP_005714209.1	Bnap_XP_013653045.1	1.0	S	0.0
Mbre_XP_001750959.1	Bnap_XP_013653045.1	1.0	S	0.0
Sros_XP_004997427.1	Tura_XP_048559760.1	1.0	S	0.0
Ccri_XP_005714209.1	Tura_XP_048559760.1	1.0	S	0.0
Mbre_XP_001750959.1	Tura_XP_048559760.1	1.0	S	0.0
Sros_XP_004997427.1	Ecur_TVU46462.1	1.0	S	0.0
Ccri_XP_005714209.1	Ecur_TVU46462.1	1.0	S	0.0
Mbre_XP_001750959.1	Ecur_TVU46462.1	1.0	S	0.0
Sros_XP_004997427.1	Rchi_XP_024193082.1	1.0	S	0.0
Ccri_XP_005714209.1	Rchi_XP_024193082.1	1.0	S	0.0
Mbre_XP_001750959.1	Rchi_XP_024193082.1	1.0	S	0.0
Sros_XP_004997427.1	Tadh_XP_002111606.1	1.0	S	0.0
Ccri_XP_005714209.1	Tadh_XP_002111606.1	1.0	S	0.0
Mbre_XP_001750959.1	Tadh_XP_002111606.1	1.0	S	0.0
Sros_XP_004997427.1	Atri_XP_020531008.1	1.0	S	0.0
Ccri_XP_005714209.1	Atri_XP_020531008.1	1.0	S	0.0
Mbre_XP_001750959.1	Atri_XP_020531008.1	1.0	S	0.0
Sros_XP_004997427.1	Tura_XP_048559772.1	1.0	S	0.0
Ccri_XP_005714209.1	Tura_XP_048559772.1	1.0	S	0.0
Mbre_XP_001750959.1	Tura_XP_048559772.1	1.0	S	0.0
Sros_XP_004997427.1	Atha_NP_188993.2	1.0	S	0.0
Ccri_XP_005714209.1	Atha_NP_188993.2	1.0	S	0.0
Mbre_XP_001750959.1	Atha_NP_188993.2	1.0	S	0.0
Sros_XP_004997427.1	Mesc_XP_021594114.1	1.0	S	0.0
Ccri_XP_005714209.1	Mesc_XP_021594114.1	1.0	S	0.0
Mbre_XP_001750959.1	Mesc_XP_021594114.1	1.0	S	0.0
Sros_XP_004997427.1	Crei_XP_042923970.1	1.0	S	0.0
Ccri_XP_005714209.1	Crei_XP_042923970.1	1.0	S	0.0
Mbre_XP_001750959.1	Crei_XP_042923970.1	1.0	S	0.0
Sros_XP_004997427.1	Bnap_XP_048592525.1	1.0	S	0.0
Ccri_XP_005714209.1	Bnap_XP_048592525.1	1.0	S	0.0
Mbre_XP_001750959.1	Bnap_XP_048592525.1	1.0	S	0.0
Sros_XP_004997427.1	Rchi_XP_040375123.1	1.0	S	0.0
Ccri_XP_005714209.1	Rchi_XP_040375123.1	1.0	S	0.0
Mbre_XP_001750959.1	Rchi_XP_040375123.1	1.0	S	0.0
Sros_XP_004997427.1	Bnap_XP_048593176.1	1.0	S	0.0
Ccri_XP_005714209.1	Bnap_XP_048593176.1	1.0	S	0.0
Mbre_XP_001750959.1	Bnap_XP_048593176.1	1.0	S	0.0
Sros_XP_004997427.1	Ppat_XP_024381737.1	1.0	S	0.0
Ccri_XP_005714209.1	Ppat_XP_024381737.1	1.0	S	0.0
Mbre_XP_001750959.1	Ppat_XP_024381737.1	1.0	S	0.0
Sros_XP_004997427.1	Atri_XP_020531012.1	1.0	S	0.0
Ccri_XP_005714209.1	Atri_XP_020531012.1	1.0	S	0.0
Mbre_XP_001750959.1	Atri_XP_020531012.1	1.0	S	0.0
Sros_XP_004997427.1	Rchi_XP_024197958.1	1.0	S	0.0
Ccri_XP_005714209.1	Rchi_XP_024197958.1	1.0	S	0.0
Mbre_XP_001750959.1	Rchi_XP_024197958.1	1.0	S	0.0
Sros_XP_004997427.1	Mtru_XP_013468649.1	1.0	S	0.0
Ccri_XP_005714209.1	Mtru_XP_013468649.1	1.0	S	0.0
Mbre_XP_001750959.1	Mtru_XP_013468649.1	1.0	S	0.0
Sros_XP_004997427.1	Tura_XP_048559761.1	1.0	S	0.0
Ccri_XP_005714209.1	Tura_XP_048559761.1	1.0	S	0.0
Mbre_XP_001750959.1	Tura_XP_048559761.1	1.0	S	0.0
Sros_XP_004997427.1	Ecur_TVU05041.1	1.0	S	0.0
Ccri_XP_005714209.1	Ecur_TVU05041.1	1.0	S	0.0
Mbre_XP_001750959.1	Ecur_TVU05041.1	1.0	S	0.0
Sros_XP_004997427.1	Mesc_XP_043811054.1	1.0	S	0.0
Ccri_XP_005714209.1	Mesc_XP_043811054.1	1.0	S	0.0
Mbre_XP_001750959.1	Mesc_XP_043811054.1	1.0	S	0.0
Sros_XP_004997427.1	Ecur_TVU25538.1	1.0	S	0.0
Ccri_XP_005714209.1	Ecur_TVU25538.1	1.0	S	0.0
Mbre_XP_001750959.1	Ecur_TVU25538.1	1.0	S	0.0
Sros_XP_004997427.1	Bnap_XP_048599848.1	1.0	S	0.0
Ccri_XP_005714209.1	Bnap_XP_048599848.1	1.0	S	0.0
Mbre_XP_001750959.1	Bnap_XP_048599848.1	1.0	S	0.0
Sros_XP_004997427.1	Atri_XP_020531007.1	1.0	S	0.0
Ccri_XP_005714209.1	Atri_XP_020531007.1	1.0	S	0.0
Mbre_XP_001750959.1	Atri_XP_020531007.1	1.0	S	0.0
Sros_XP_004997427.1	Mpol_BFI39969.1	1.0	S	0.0
Ccri_XP_005714209.1	Mpol_BFI39969.1	1.0	S	0.0
Mbre_XP_001750959.1	Mpol_BFI39969.1	1.0	S	0.0
Sros_XP_004997427.1	Qlob_XP_030974354.1	1.0	S	0.0
Ccri_XP_005714209.1	Qlob_XP_030974354.1	1.0	S	0.0
Mbre_XP_001750959.1	Qlob_XP_030974354.1	1.0	S	0.0
Sros_XP_004997427.1	Clim_Clim_evm1s13	1.0	S	0.0
Ccri_XP_005714209.1	Clim_Clim_evm1s13	1.0	S	0.0
Mbre_XP_001750959.1	Clim_Clim_evm1s13	1.0	S	0.0
Sros_XP_004997427.1	Atri_XP_020531006.1	1.0	S	0.0
Ccri_XP_005714209.1	Atri_XP_020531006.1	1.0	S	0.0
Mbre_XP_001750959.1	Atri_XP_020531006.1	1.0	S	0.0
Sros_XP_004997427.1	Zmay_XP_008664677.1	1.0	S	0.0
Ccri_XP_005714209.1	Zmay_XP_008664677.1	1.0	S	0.0
Mbre_XP_001750959.1	Zmay_XP_008664677.1	1.0	S	0.0
Sros_XP_004997427.1	Rchi_XP_024197951.1	1.0	S	0.0
Ccri_XP_005714209.1	Rchi_XP_024197951.1	1.0	S	0.0
Mbre_XP_001750959.1	Rchi_XP_024197951.1	1.0	S	0.0
Sros_XP_004997427.1	Osat_XP_025877954.1	1.0	S	0.0
Ccri_XP_005714209.1	Osat_XP_025877954.1	1.0	S	0.0
Mbre_XP_001750959.1	Osat_XP_025877954.1	1.0	S	0.0
Sros_XP_004997427.1	Rchi_XP_024193088.1	1.0	S	0.0
Ccri_XP_005714209.1	Rchi_XP_024193088.1	1.0	S	0.0
Mbre_XP_001750959.1	Rchi_XP_024193088.1	1.0	S	0.0
Sros_XP_004997427.1	Rchi_XP_040375129.1	1.0	S	0.0
Ccri_XP_005714209.1	Rchi_XP_040375129.1	1.0	S	0.0
Mbre_XP_001750959.1	Rchi_XP_040375129.1	1.0	S	0.0
Sros_XP_004997427.1	Ppur_KAA8497815.1	1.0	S	0.0
Ccri_XP_005714209.1	Ppur_KAA8497815.1	1.0	S	0.0
Mbre_XP_001750959.1	Ppur_KAA8497815.1	1.0	S	0.0
Sros_XP_004997427.1	Lsat_XP_052620626.1	1.0	S	0.0
Ccri_XP_005714209.1	Lsat_XP_052620626.1	1.0	S	0.0
Mbre_XP_001750959.1	Lsat_XP_052620626.1	1.0	S	0.0
Sros_XP_004997427.1	Tura_XP_048554241.1	1.0	S	0.0
Ccri_XP_005714209.1	Tura_XP_048554241.1	1.0	S	0.0
Mbre_XP_001750959.1	Tura_XP_048554241.1	1.0	S	0.0
Sros_XP_004997427.1	Bnap_XP_013750545.2	1.0	S	0.0
Ccri_XP_005714209.1	Bnap_XP_013750545.2	1.0	S	0.0
Mbre_XP_001750959.1	Bnap_XP_013750545.2	1.0	S	0.0
Sros_XP_004997427.1	Atri_XP_020531005.1	1.0	S	0.0
Ccri_XP_005714209.1	Atri_XP_020531005.1	1.0	S	0.0
Mbre_XP_001750959.1	Atri_XP_020531005.1	1.0	S	0.0
Sros_XP_004997427.1	Bdis_XP_003581006.1	1.0	S	0.0
Ccri_XP_005714209.1	Bdis_XP_003581006.1	1.0	S	0.0
Mbre_XP_001750959.1	Bdis_XP_003581006.1	1.0	S	0.0
Sros_XP_004997427.1	Zmay_XP_008677860.1	1.0	S	0.0
Ccri_XP_005714209.1	Zmay_XP_008677860.1	1.0	S	0.0
Mbre_XP_001750959.1	Zmay_XP_008677860.1	1.0	S	0.0
Sros_XP_004997427.1	Osat_XP_015618607.1	1.0	S	0.0
Ccri_XP_005714209.1	Osat_XP_015618607.1	1.0	S	0.0
Mbre_XP_001750959.1	Osat_XP_015618607.1	1.0	S	0.0
Sros_XP_004997427.1	Lsat_XP_023743075.1	1.0	S	0.0
Ccri_XP_005714209.1	Lsat_XP_023743075.1	1.0	S	0.0
Mbre_XP_001750959.1	Lsat_XP_023743075.1	1.0	S	0.0
Sros_XP_004997427.1	Smoe_XP_002964119.1	1.0	S	0.0
Ccri_XP_005714209.1	Smoe_XP_002964119.1	1.0	S	0.0
Mbre_XP_001750959.1	Smoe_XP_002964119.1	1.0	S	0.0
Sros_XP_004997427.1	Ecur_TVU05074.1	1.0	S	0.0
Ccri_XP_005714209.1	Ecur_TVU05074.1	1.0	S	0.0
Mbre_XP_001750959.1	Ecur_TVU05074.1	1.0	S	0.0
Sros_XP_004997427.1	Bnap_XP_048602258.1	1.0	S	0.0
Ccri_XP_005714209.1	Bnap_XP_048602258.1	1.0	S	0.0
Mbre_XP_001750959.1	Bnap_XP_048602258.1	1.0	S	0.0
Sros_XP_004997427.1	Tura_XP_048559770.1	1.0	S	0.0
Ccri_XP_005714209.1	Tura_XP_048559770.1	1.0	S	0.0
Mbre_XP_001750959.1	Tura_XP_048559770.1	1.0	S	0.0
Sros_XP_004997427.1	Rchi_XP_040375128.1	1.0	S	0.0
Ccri_XP_005714209.1	Rchi_XP_040375128.1	1.0	S	0.0
Mbre_XP_001750959.1	Rchi_XP_040375128.1	1.0	S	0.0
Sros_XP_004997427.1	Zmay_NP_001147782.1	1.0	S	0.0
Ccri_XP_005714209.1	Zmay_NP_001147782.1	1.0	S	0.0
Mbre_XP_001750959.1	Zmay_NP_001147782.1	1.0	S	0.0
Sros_XP_004997427.1	Sollyc_XP_069145043.1	1.0	S	0.0
Ccri_XP_005714209.1	Sollyc_XP_069145043.1	1.0	S	0.0
Mbre_XP_001750959.1	Sollyc_XP_069145043.1	1.0	S	0.0
Sros_XP_004997427.1	Atri_XP_020531013.1	1.0	S	0.0
Ccri_XP_005714209.1	Atri_XP_020531013.1	1.0	S	0.0
Mbre_XP_001750959.1	Atri_XP_020531013.1	1.0	S	0.0
Sros_XP_004997427.1	Rchi_XP_040375127.1	1.0	S	0.0
Ccri_XP_005714209.1	Rchi_XP_040375127.1	1.0	S	0.0
Mbre_XP_001750959.1	Rchi_XP_040375127.1	1.0	S	0.0
Sros_XP_004997427.1	Atri_XP_020531011.1	1.0	S	0.0
Ccri_XP_005714209.1	Atri_XP_020531011.1	1.0	S	0.0
Mbre_XP_001750959.1	Atri_XP_020531011.1	1.0	S	0.0
Sros_XP_004997427.1	Osat_XP_015618601.1	1.0	S	0.0
Ccri_XP_005714209.1	Osat_XP_015618601.1	1.0	S	0.0
Mbre_XP_001750959.1	Osat_XP_015618601.1	1.0	S	0.0
Sros_XP_004997427.1	Rchi_XP_024197957.1	1.0	S	0.0
Ccri_XP_005714209.1	Rchi_XP_024197957.1	1.0	S	0.0
Mbre_XP_001750959.1	Rchi_XP_024197957.1	1.0	S	0.0
Sros_XP_004997427.1	Sollyc_XP_010317819.2	1.0	S	0.0
Ccri_XP_005714209.1	Sollyc_XP_010317819.2	1.0	S	0.0
Mbre_XP_001750959.1	Sollyc_XP_010317819.2	1.0	S	0.0
Sros_XP_004997427.1	Rchi_XP_040375126.1	1.0	S	0.0
Ccri_XP_005714209.1	Rchi_XP_040375126.1	1.0	S	0.0
Mbre_XP_001750959.1	Rchi_XP_040375126.1	1.0	S	0.0
Sros_XP_004997427.1	Cowc_XP_004344426.2	1.0	S	0.0
Ccri_XP_005714209.1	Cowc_XP_004344426.2	1.0	S	0.0
Mbre_XP_001750959.1	Cowc_XP_004344426.2	1.0	S	0.0
Sros_XP_004997427.1	Ecur_TVU25534.1	1.0	S	0.0
Ccri_XP_005714209.1	Ecur_TVU25534.1	1.0	S	0.0
Mbre_XP_001750959.1	Ecur_TVU25534.1	1.0	S	0.0
Sros_XP_004997427.1	Rchi_XP_040374825.1	1.0	S	0.0
Ccri_XP_005714209.1	Rchi_XP_040374825.1	1.0	S	0.0
Mbre_XP_001750959.1	Rchi_XP_040374825.1	1.0	S	0.0
Sros_XP_004997427.1	Osat_XP_015644913.1	1.0	S	0.0
Ccri_XP_005714209.1	Osat_XP_015644913.1	1.0	S	0.0
Mbre_XP_001750959.1	Osat_XP_015644913.1	1.0	S	0.0
Sros_XP_004997427.1	Sollyc_XP_069150970.1	1.0	S	0.0
Ccri_XP_005714209.1	Sollyc_XP_069150970.1	1.0	S	0.0
Mbre_XP_001750959.1	Sollyc_XP_069150970.1	1.0	S	0.0
Sros_XP_004997427.1	Rchi_XP_040374822.1	1.0	S	0.0
Ccri_XP_005714209.1	Rchi_XP_040374822.1	1.0	S	0.0
Mbre_XP_001750959.1	Rchi_XP_040374822.1	1.0	S	0.0
Sros_XP_004997427.1	Rchi_XP_040374826.1	1.0	S	0.0
Ccri_XP_005714209.1	Rchi_XP_040374826.1	1.0	S	0.0
Mbre_XP_001750959.1	Rchi_XP_040374826.1	1.0	S	0.0
Sros_XP_004997427.1	Atri_XP_020531009.1	1.0	S	0.0
Ccri_XP_005714209.1	Atri_XP_020531009.1	1.0	S	0.0
Mbre_XP_001750959.1	Atri_XP_020531009.1	1.0	S	0.0
Sros_XP_004997427.1	Rchi_XP_040374821.1	1.0	S	0.0
Ccri_XP_005714209.1	Rchi_XP_040374821.1	1.0	S	0.0
Mbre_XP_001750959.1	Rchi_XP_040374821.1	1.0	S	0.0
Sros_XP_004997427.1	Qlob_XP_030974355.1	1.0	S	0.0
Ccri_XP_005714209.1	Qlob_XP_030974355.1	1.0	S	0.0
Mbre_XP_001750959.1	Qlob_XP_030974355.1	1.0	S	0.0
Sros_XP_004997427.1	Cbra_GBG62545.1	1.0	S	0.0
Ccri_XP_005714209.1	Cbra_GBG62545.1	1.0	S	0.0
Mbre_XP_001750959.1	Cbra_GBG62545.1	1.0	S	0.0
Sros_XP_004997427.1	Ppat_XP_024381721.1	1.0	S	0.0
Ccri_XP_005714209.1	Ppat_XP_024381721.1	1.0	S	0.0
Mbre_XP_001750959.1	Ppat_XP_024381721.1	1.0	S	0.0
Sros_XP_004997427.1	Otau_XP_022840484.1	1.0	S	0.0
Ccri_XP_005714209.1	Otau_XP_022840484.1	1.0	S	0.0
Mbre_XP_001750959.1	Otau_XP_022840484.1	1.0	S	0.0
Sros_XP_004997427.1	Rchi_XP_040374823.1	1.0	S	0.0
Ccri_XP_005714209.1	Rchi_XP_040374823.1	1.0	S	0.0
Mbre_XP_001750959.1	Rchi_XP_040374823.1	1.0	S	0.0
Sros_XP_004997427.1	Atri_XP_020531004.1	1.0	S	0.0
Ccri_XP_005714209.1	Atri_XP_020531004.1	1.0	S	0.0
Mbre_XP_001750959.1	Atri_XP_020531004.1	1.0	S	0.0
Sros_XP_004997427.1	Smoe_XP_002992048.1	1.0	S	0.0
Ccri_XP_005714209.1	Smoe_XP_002992048.1	1.0	S	0.0
Mbre_XP_001750959.1	Smoe_XP_002992048.1	1.0	S	0.0
Sros_XP_004997427.1	Cper_Nk52_evm112s914	1.0	S	0.0
Ccri_XP_005714209.1	Cper_Nk52_evm112s914	1.0	S	0.0
Mbre_XP_001750959.1	Cper_Nk52_evm112s914	1.0	S	0.0
Sros_XP_004997427.1	Bnap_XP_048618727.1	1.0	S	0.0
Ccri_XP_005714209.1	Bnap_XP_048618727.1	1.0	S	0.0
Mbre_XP_001750959.1	Bnap_XP_048618727.1	1.0	S	0.0
Sros_XP_004997427.1	Sollyc_XP_004247758.1	1.0	S	0.0
Ccri_XP_005714209.1	Sollyc_XP_004247758.1	1.0	S	0.0
Mbre_XP_001750959.1	Sollyc_XP_004247758.1	1.0	S	0.0
Sros_XP_004997427.1	Cper_Nk52_evm77s215	1.0	S	0.0
Ccri_XP_005714209.1	Cper_Nk52_evm77s215	1.0	S	0.0
Mbre_XP_001750959.1	Cper_Nk52_evm77s215	1.0	S	0.0
Sros_XP_004997427.1	Ppat_XP_024381729.1	1.0	S	0.0
Ccri_XP_005714209.1	Ppat_XP_024381729.1	1.0	S	0.0
Mbre_XP_001750959.1	Ppat_XP_024381729.1	1.0	S	0.0
Sros_XP_004997427.1	Clim_Clim_evm17s134	1.0	S	0.0
Ccri_XP_005714209.1	Clim_Clim_evm17s134	1.0	S	0.0
Mbre_XP_001750959.1	Clim_Clim_evm17s134	1.0	S	0.0
Sros_XP_004997427.1	Ecur_TVU25501.1	1.0	S	0.0
Ccri_XP_005714209.1	Ecur_TVU25501.1	1.0	S	0.0
Mbre_XP_001750959.1	Ecur_TVU25501.1	1.0	S	0.0
Sros_XP_004997427.1	Tura_XP_048559763.1	1.0	S	0.0
Ccri_XP_005714209.1	Tura_XP_048559763.1	1.0	S	0.0
Mbre_XP_001750959.1	Tura_XP_048559763.1	1.0	S	0.0
Sros_XP_004997427.1	Atri_XP_020531010.1	1.0	S	0.0
Ccri_XP_005714209.1	Atri_XP_020531010.1	1.0	S	0.0
Mbre_XP_001750959.1	Atri_XP_020531010.1	1.0	S	0.0
Sros_XP_004997427.1	Cfra_CFRG2920T1	1.0	S	0.0
Ccri_XP_005714209.1	Cfra_CFRG2920T1	1.0	S	0.0
Mbre_XP_001750959.1	Cfra_CFRG2920T1	1.0	S	0.0
Sros_XP_004997427.1	Sollyc_XP_004234691.2	1.0	S	0.0
Ccri_XP_005714209.1	Sollyc_XP_004234691.2	1.0	S	0.0
Mbre_XP_001750959.1	Sollyc_XP_004234691.2	1.0	S	0.0
Sros_XP_004997427.1	Rchi_XP_040374828.1	1.0	S	0.0
Ccri_XP_005714209.1	Rchi_XP_040374828.1	1.0	S	0.0
Mbre_XP_001750959.1	Rchi_XP_040374828.1	1.0	S	0.0
Sros_XP_004997427.1	Lsat_XP_023759689.1	1.0	S	0.0
Ccri_XP_005714209.1	Lsat_XP_023759689.1	1.0	S	0.0
Mbre_XP_001750959.1	Lsat_XP_023759689.1	1.0	S	0.0
Sros_XP_004997427.1	Rchi_XP_040375125.1	1.0	S	0.0
Ccri_XP_005714209.1	Rchi_XP_040375125.1	1.0	S	0.0
Mbre_XP_001750959.1	Rchi_XP_040375125.1	1.0	S	0.0
Sros_XP_004997427.1	Zmay_XP_008664676.1	1.0	S	0.0
Ccri_XP_005714209.1	Zmay_XP_008664676.1	1.0	S	0.0
Mbre_XP_001750959.1	Zmay_XP_008664676.1	1.0	S	0.0
Sros_XP_004997427.1	Rchi_XP_040374824.1	1.0	S	0.0
Ccri_XP_005714209.1	Rchi_XP_040374824.1	1.0	S	0.0
Mbre_XP_001750959.1	Rchi_XP_040374824.1	1.0	S	0.0
Sros_XP_004997427.1	Bnap_XP_013685434.2	1.0	S	0.0
Ccri_XP_005714209.1	Bnap_XP_013685434.2	1.0	S	0.0
Mbre_XP_001750959.1	Bnap_XP_013685434.2	1.0	S	0.0
Sros_XP_004997427.1	Bnap_XP_013653044.1	1.0	S	0.0
Ccri_XP_005714209.1	Bnap_XP_013653044.1	1.0	S	0.0
Mbre_XP_001750959.1	Bnap_XP_013653044.1	1.0	S	0.0
Sros_XP_004997427.1	Pigvie_Pvie_g1590	1.0	S	0.0
Ccri_XP_005714209.1	Pigvie_Pvie_g1590	1.0	S	0.0
Mbre_XP_001750959.1	Pigvie_Pvie_g1590	1.0	S	0.0
Sros_XP_004997427.1	Lsat_XP_052620645.1	1.0	S	0.0
Ccri_XP_005714209.1	Lsat_XP_052620645.1	1.0	S	0.0
Mbre_XP_001750959.1	Lsat_XP_052620645.1	1.0	S	0.0
Sros_XP_004997427.1	Ecur_TVU25532.1	1.0	S	0.0
Ccri_XP_005714209.1	Ecur_TVU25532.1	1.0	S	0.0
Mbre_XP_001750959.1	Ecur_TVU25532.1	1.0	S	0.0
Sros_XP_004997427.1	Osat_XP_015618600.1	1.0	S	0.0
Ccri_XP_005714209.1	Osat_XP_015618600.1	1.0	S	0.0
Mbre_XP_001750959.1	Osat_XP_015618600.1	1.0	S	0.0
Sros_XP_004997427.1	Rchi_XP_024191801.1	1.0	S	0.0
Ccri_XP_005714209.1	Rchi_XP_024191801.1	1.0	S	0.0
Mbre_XP_001750959.1	Rchi_XP_024191801.1	1.0	S	0.0
Sros_XP_004997427.1	Tura_XP_048548740.1	1.0	S	0.0
Ccri_XP_005714209.1	Tura_XP_048548740.1	1.0	S	0.0
Mbre_XP_001750959.1	Tura_XP_048548740.1	1.0	S	0.0
Sros_XP_004997427.1	Sollyc_XP_010317817.2	1.0	S	0.0
Ccri_XP_005714209.1	Sollyc_XP_010317817.2	1.0	S	0.0
Mbre_XP_001750959.1	Sollyc_XP_010317817.2	1.0	S	0.0
Sros_XP_004997427.1	Rchi_XP_024197959.1	1.0	S	0.0
Ccri_XP_005714209.1	Rchi_XP_024197959.1	1.0	S	0.0
Mbre_XP_001750959.1	Rchi_XP_024197959.1	1.0	S	0.0
Ccri_XP_005714209.1	Sros_XP_004997427.1	80.0	S	0.0
Ccri_XP_005714209.1	Mbre_XP_001750959.1	80.0	S	0.0
Mbre_XP_001750959.1	Sros_XP_004997427.1	100.0	S	0.0
Ppur_KAA8497815.1	Bnap_XP_022545047.2	64.0	S	0.0
Ppur_KAA8497815.1	Sollyc_XP_010317818.2	64.0	S	0.0
Ppur_KAA8497815.1	Mpol_BFI40009.1	64.0	S	0.0
Ppur_KAA8497815.1	Cofcan_CDO99279.1	64.0	S	0.0
Ppur_KAA8497815.1	Mpol_BFI39968.1	64.0	S	0.0
Ppur_KAA8497815.1	Atha_NP_188995.2	64.0	S	0.0
Ppur_KAA8497815.1	Psat_XP_050891581.1	64.0	S	0.0
Ppur_KAA8497815.1	Tura_XP_048548071.1	64.0	S	0.0
Ppur_KAA8497815.1	Rchi_XP_024197955.1	64.0	S	0.0
Ppur_KAA8497815.1	Osat_XP_025877955.1	64.0	S	0.0
Ppur_KAA8497815.1	Bnap_XP_013653045.1	64.0	S	0.0
Ppur_KAA8497815.1	Tura_XP_048559760.1	64.0	S	0.0
Ppur_KAA8497815.1	Ecur_TVU46462.1	64.0	S	0.0
Ppur_KAA8497815.1	Rchi_XP_024193082.1	64.0	S	0.0
Ppur_KAA8497815.1	Atri_XP_020531008.1	64.0	S	0.0
Ppur_KAA8497815.1	Tura_XP_048559772.1	64.0	S	0.0
Ppur_KAA8497815.1	Atha_NP_188993.2	64.0	S	0.0
Ppur_KAA8497815.1	Mesc_XP_021594114.1	64.0	S	0.0
Ppur_KAA8497815.1	Bnap_XP_048592525.1	64.0	S	0.0
Ppur_KAA8497815.1	Rchi_XP_040375123.1	64.0	S	0.0
Ppur_KAA8497815.1	Bnap_XP_048593176.1	64.0	S	0.0
Ppur_KAA8497815.1	Ppat_XP_024381737.1	64.0	S	0.0
Ppur_KAA8497815.1	Atri_XP_020531012.1	64.0	S	0.0
Ppur_KAA8497815.1	Rchi_XP_024197958.1	64.0	S	0.0
Ppur_KAA8497815.1	Ecur_TVU05041.1	64.0	S	0.0
Ppur_KAA8497815.1	Mtru_XP_013468649.1	64.0	S	0.0
Ppur_KAA8497815.1	Tura_XP_048559761.1	64.0	S	0.0
Ppur_KAA8497815.1	Mesc_XP_043811054.1	64.0	S	0.0
Ppur_KAA8497815.1	Ecur_TVU25538.1	64.0	S	0.0
Ppur_KAA8497815.1	Bnap_XP_048599848.1	64.0	S	0.0
Ppur_KAA8497815.1	Atri_XP_020531007.1	64.0	S	0.0
Ppur_KAA8497815.1	Mpol_BFI39969.1	64.0	S	0.0
Ppur_KAA8497815.1	Qlob_XP_030974354.1	64.0	S	0.0
Ppur_KAA8497815.1	Atri_XP_020531006.1	64.0	S	0.0
Ppur_KAA8497815.1	Zmay_XP_008664677.1	64.0	S	0.0
Ppur_KAA8497815.1	Rchi_XP_024197951.1	64.0	S	0.0
Ppur_KAA8497815.1	Osat_XP_025877954.1	64.0	S	0.0
Ppur_KAA8497815.1	Rchi_XP_024193088.1	64.0	S	0.0
Ppur_KAA8497815.1	Rchi_XP_040375129.1	64.0	S	0.0
Ppur_KAA8497815.1	Lsat_XP_052620626.1	64.0	S	0.0
Ppur_KAA8497815.1	Tura_XP_048554241.1	64.0	S	0.0
Ppur_KAA8497815.1	Bnap_XP_013750545.2	64.0	S	0.0
Ppur_KAA8497815.1	Atri_XP_020531005.1	64.0	S	0.0
Ppur_KAA8497815.1	Bdis_XP_003581006.1	64.0	S	0.0
Ppur_KAA8497815.1	Zmay_XP_008677860.1	64.0	S	0.0
Ppur_KAA8497815.1	Osat_XP_015618607.1	64.0	S	0.0
Ppur_KAA8497815.1	Lsat_XP_023743075.1	64.0	S	0.0
Ppur_KAA8497815.1	Smoe_XP_002964119.1	64.0	S	0.0
Ppur_KAA8497815.1	Ecur_TVU05074.1	64.0	S	0.0
Ppur_KAA8497815.1	Bnap_XP_048602258.1	64.0	S	0.0
Ppur_KAA8497815.1	Tura_XP_048559770.1	64.0	S	0.0
Ppur_KAA8497815.1	Rchi_XP_040375128.1	64.0	S	0.0
Ppur_KAA8497815.1	Zmay_NP_001147782.1	64.0	S	0.0
Ppur_KAA8497815.1	Sollyc_XP_069145043.1	64.0	S	0.0
Ppur_KAA8497815.1	Atri_XP_020531013.1	64.0	S	0.0
Ppur_KAA8497815.1	Rchi_XP_040375127.1	64.0	S	0.0
Ppur_KAA8497815.1	Atri_XP_020531011.1	64.0	S	0.0
Ppur_KAA8497815.1	Osat_XP_015618601.1	64.0	S	0.0
Ppur_KAA8497815.1	Rchi_XP_024197957.1	64.0	S	0.0
Ppur_KAA8497815.1	Sollyc_XP_010317819.2	64.0	S	0.0
Ppur_KAA8497815.1	Rchi_XP_040375126.1	64.0	S	0.0
Ppur_KAA8497815.1	Ecur_TVU25534.1	64.0	S	0.0
Ppur_KAA8497815.1	Rchi_XP_040374825.1	64.0	S	0.0
Ppur_KAA8497815.1	Osat_XP_015644913.1	64.0	S	0.0
Ppur_KAA8497815.1	Sollyc_XP_069150970.1	64.0	S	0.0
Ppur_KAA8497815.1	Rchi_XP_040374822.1	64.0	S	0.0
Ppur_KAA8497815.1	Rchi_XP_040374826.1	64.0	S	0.0
Ppur_KAA8497815.1	Atri_XP_020531009.1	64.0	S	0.0
Ppur_KAA8497815.1	Rchi_XP_040374821.1	64.0	S	0.0
Ppur_KAA8497815.1	Qlob_XP_030974355.1	64.0	S	0.0
Ppur_KAA8497815.1	Cbra_GBG62545.1	64.0	S	0.0
Ppur_KAA8497815.1	Ppat_XP_024381721.1	64.0	S	0.0
Ppur_KAA8497815.1	Rchi_XP_040374823.1	64.0	S	0.0
Ppur_KAA8497815.1	Atri_XP_020531004.1	64.0	S	0.0
Ppur_KAA8497815.1	Smoe_XP_002992048.1	64.0	S	0.0
Ppur_KAA8497815.1	Bnap_XP_048618727.1	64.0	S	0.0
Ppur_KAA8497815.1	Sollyc_XP_004247758.1	64.0	S	0.0
Ppur_KAA8497815.1	Ppat_XP_024381729.1	64.0	S	0.0
Ppur_KAA8497815.1	Clim_Clim_evm17s134	64.0	S	0.0
Ppur_KAA8497815.1	Ecur_TVU25501.1	64.0	S	0.0
Ppur_KAA8497815.1	Tura_XP_048559763.1	64.0	S	0.0
Ppur_KAA8497815.1	Atri_XP_020531010.1	64.0	S	0.0
Ppur_KAA8497815.1	Sollyc_XP_004234691.2	64.0	S	0.0
Ppur_KAA8497815.1	Rchi_XP_040374828.1	64.0	S	0.0
Ppur_KAA8497815.1	Lsat_XP_023759689.1	64.0	S	0.0
Ppur_KAA8497815.1	Rchi_XP_040375125.1	64.0	S	0.0
Ppur_KAA8497815.1	Zmay_XP_008664676.1	64.0	S	0.0
Ppur_KAA8497815.1	Rchi_XP_040374824.1	64.0	S	0.0
Ppur_KAA8497815.1	Bnap_XP_013685434.2	64.0	S	0.0
Ppur_KAA8497815.1	Bnap_XP_013653044.1	64.0	S	0.0
Ppur_KAA8497815.1	Lsat_XP_052620645.1	64.0	S	0.0
Ppur_KAA8497815.1	Ecur_TVU25532.1	64.0	S	0.0
Ppur_KAA8497815.1	Osat_XP_015618600.1	64.0	S	0.0
Ppur_KAA8497815.1	Rchi_XP_024191801.1	64.0	S	0.0
Ppur_KAA8497815.1	Tura_XP_048548740.1	64.0	S	0.0
Ppur_KAA8497815.1	Sollyc_XP_010317817.2	64.0	S	0.0
Ppur_KAA8497815.1	Rchi_XP_024197959.1	64.0	S	0.0
Pigvie_Pvie_g14104	Cper_Nk52_evm112s914	59.0	S	0.0
Pigvie_Pvie_g14104	Otau_XP_022840484.1	59.0	S	0.0
Pigvie_Pvie_g14104	Crei_XP_042923970.1	59.0	S	0.0
Tadh_XP_002111606.1	Cfra_CFRG2920T1	100.0	S	0.0
Cper_Nk52_evm77s215	Cfra_CFRG2920T1	100.0	S	0.0
Tadh_XP_002111606.1	Cowc_XP_004344426.2	100.0	S	0.0
Cper_Nk52_evm77s215	Cowc_XP_004344426.2	100.0	S	0.0
Tadh_XP_002111606.1	Clim_Clim_evm1s13	100.0	S	0.0
Cper_Nk52_evm77s215	Clim_Clim_evm1s13	100.0	S	0.0
Tadh_XP_002111606.1	Pigvie_Pvie_g1590	100.0	S	0.0
Cper_Nk52_evm77s215	Pigvie_Pvie_g1590	100.0	S	0.0
Clim_Clim_evm17s134	Bnap_XP_022545047.2	91.0	S	0.0
Clim_Clim_evm17s134	Sollyc_XP_010317818.2	91.0	S	0.0
Clim_Clim_evm17s134	Mpol_BFI40009.1	91.0	S	0.0
Clim_Clim_evm17s134	Cofcan_CDO99279.1	91.0	S	0.0
Clim_Clim_evm17s134	Mpol_BFI39968.1	91.0	S	0.0
Clim_Clim_evm17s134	Atha_NP_188995.2	91.0	S	0.0
Clim_Clim_evm17s134	Psat_XP_050891581.1	91.0	S	0.0
Clim_Clim_evm17s134	Tura_XP_048548071.1	91.0	S	0.0
Clim_Clim_evm17s134	Rchi_XP_024197955.1	91.0	S	0.0
Clim_Clim_evm17s134	Osat_XP_025877955.1	91.0	S	0.0
Clim_Clim_evm17s134	Bnap_XP_013653045.1	91.0	S	0.0
Clim_Clim_evm17s134	Tura_XP_048559760.1	91.0	S	0.0
Clim_Clim_evm17s134	Ecur_TVU46462.1	91.0	S	0.0
Clim_Clim_evm17s134	Rchi_XP_024193082.1	91.0	S	0.0
Clim_Clim_evm17s134	Atri_XP_020531008.1	91.0	S	0.0
Clim_Clim_evm17s134	Tura_XP_048559772.1	91.0	S	0.0
Clim_Clim_evm17s134	Atha_NP_188993.2	91.0	S	0.0
Clim_Clim_evm17s134	Mesc_XP_021594114.1	91.0	S	0.0
Clim_Clim_evm17s134	Bnap_XP_048592525.1	91.0	S	0.0
Clim_Clim_evm17s134	Rchi_XP_040375123.1	91.0	S	0.0
Clim_Clim_evm17s134	Bnap_XP_048593176.1	91.0	S	0.0
Clim_Clim_evm17s134	Ppat_XP_024381737.1	91.0	S	0.0
Clim_Clim_evm17s134	Atri_XP_020531012.1	91.0	S	0.0
Clim_Clim_evm17s134	Rchi_XP_024197958.1	91.0	S	0.0
Clim_Clim_evm17s134	Ecur_TVU05041.1	91.0	S	0.0
Clim_Clim_evm17s134	Mtru_XP_013468649.1	91.0	S	0.0
Clim_Clim_evm17s134	Tura_XP_048559761.1	91.0	S	0.0
Clim_Clim_evm17s134	Mesc_XP_043811054.1	91.0	S	0.0
Clim_Clim_evm17s134	Ecur_TVU25538.1	91.0	S	0.0
Clim_Clim_evm17s134	Bnap_XP_048599848.1	91.0	S	0.0
Clim_Clim_evm17s134	Atri_XP_020531007.1	91.0	S	0.0
Clim_Clim_evm17s134	Mpol_BFI39969.1	91.0	S	0.0
Clim_Clim_evm17s134	Qlob_XP_030974354.1	91.0	S	0.0
Clim_Clim_evm17s134	Atri_XP_020531006.1	91.0	S	0.0
Clim_Clim_evm17s134	Zmay_XP_008664677.1	91.0	S	0.0
Clim_Clim_evm17s134	Rchi_XP_024197951.1	91.0	S	0.0
Clim_Clim_evm17s134	Osat_XP_025877954.1	91.0	S	0.0
Clim_Clim_evm17s134	Rchi_XP_024193088.1	91.0	S	0.0
Clim_Clim_evm17s134	Rchi_XP_040375129.1	91.0	S	0.0
Clim_Clim_evm17s134	Lsat_XP_052620626.1	91.0	S	0.0
Clim_Clim_evm17s134	Tura_XP_048554241.1	91.0	S	0.0
Clim_Clim_evm17s134	Bnap_XP_013750545.2	91.0	S	0.0
Clim_Clim_evm17s134	Atri_XP_020531005.1	91.0	S	0.0
Clim_Clim_evm17s134	Bdis_XP_003581006.1	91.0	S	0.0
Clim_Clim_evm17s134	Zmay_XP_008677860.1	91.0	S	0.0
Clim_Clim_evm17s134	Osat_XP_015618607.1	91.0	S	0.0
Clim_Clim_evm17s134	Lsat_XP_023743075.1	91.0	S	0.0
Clim_Clim_evm17s134	Smoe_XP_002964119.1	91.0	S	0.0
Clim_Clim_evm17s134	Ecur_TVU05074.1	91.0	S	0.0
Clim_Clim_evm17s134	Bnap_XP_048602258.1	91.0	S	0.0
Clim_Clim_evm17s134	Tura_XP_048559770.1	91.0	S	0.0
Clim_Clim_evm17s134	Rchi_XP_040375128.1	91.0	S	0.0
Clim_Clim_evm17s134	Zmay_NP_001147782.1	91.0	S	0.0
Clim_Clim_evm17s134	Sollyc_XP_069145043.1	91.0	S	0.0
Clim_Clim_evm17s134	Atri_XP_020531013.1	91.0	S	0.0
Clim_Clim_evm17s134	Rchi_XP_040375127.1	91.0	S	0.0
Clim_Clim_evm17s134	Atri_XP_020531011.1	91.0	S	0.0
Clim_Clim_evm17s134	Osat_XP_015618601.1	91.0	S	0.0
Clim_Clim_evm17s134	Rchi_XP_024197957.1	91.0	S	0.0
Clim_Clim_evm17s134	Sollyc_XP_010317819.2	91.0	S	0.0
Clim_Clim_evm17s134	Rchi_XP_040375126.1	91.0	S	0.0
Clim_Clim_evm17s134	Ecur_TVU25534.1	91.0	S	0.0
Clim_Clim_evm17s134	Rchi_XP_040374825.1	91.0	S	0.0
Clim_Clim_evm17s134	Osat_XP_015644913.1	91.0	S	0.0
Clim_Clim_evm17s134	Sollyc_XP_069150970.1	91.0	S	0.0
Clim_Clim_evm17s134	Rchi_XP_040374822.1	91.0	S	0.0
Clim_Clim_evm17s134	Rchi_XP_040374826.1	91.0	S	0.0
Clim_Clim_evm17s134	Atri_XP_020531009.1	91.0	S	0.0
Clim_Clim_evm17s134	Rchi_XP_040374821.1	91.0	S	0.0
Clim_Clim_evm17s134	Qlob_XP_030974355.1	91.0	S	0.0
Clim_Clim_evm17s134	Cbra_GBG62545.1	91.0	S	0.0
Clim_Clim_evm17s134	Ppat_XP_024381721.1	91.0	S	0.0
Clim_Clim_evm17s134	Rchi_XP_040374823.1	91.0	S	0.0
Clim_Clim_evm17s134	Atri_XP_020531004.1	91.0	S	0.0
Clim_Clim_evm17s134	Smoe_XP_002992048.1	91.0	S	0.0
Clim_Clim_evm17s134	Bnap_XP_048618727.1	91.0	S	0.0
Clim_Clim_evm17s134	Sollyc_XP_004247758.1	91.0	S	0.0
Clim_Clim_evm17s134	Ppat_XP_024381729.1	91.0	S	0.0
Clim_Clim_evm17s134	Ecur_TVU25501.1	91.0	S	0.0
Clim_Clim_evm17s134	Tura_XP_048559763.1	91.0	S	0.0
Clim_Clim_evm17s134	Atri_XP_020531010.1	91.0	S	0.0
Clim_Clim_evm17s134	Sollyc_XP_004234691.2	91.0	S	0.0
Clim_Clim_evm17s134	Rchi_XP_040374828.1	91.0	S	0.0
Clim_Clim_evm17s134	Lsat_XP_023759689.1	91.0	S	0.0
Clim_Clim_evm17s134	Rchi_XP_040375125.1	91.0	S	0.0
Clim_Clim_evm17s134	Zmay_XP_008664676.1	91.0	S	0.0
Clim_Clim_evm17s134	Rchi_XP_040374824.1	91.0	S	0.0
Clim_Clim_evm17s134	Bnap_XP_013685434.2	91.0	S	0.0
Clim_Clim_evm17s134	Bnap_XP_013653044.1	91.0	S	0.0
Clim_Clim_evm17s134	Lsat_XP_052620645.1	91.0	S	0.0
Clim_Clim_evm17s134	Ecur_TVU25532.1	91.0	S	0.0
Clim_Clim_evm17s134	Osat_XP_015618600.1	91.0	S	0.0
Clim_Clim_evm17s134	Rchi_XP_024191801.1	91.0	S	0.0
Clim_Clim_evm17s134	Tura_XP_048548740.1	91.0	S	0.0
Clim_Clim_evm17s134	Sollyc_XP_010317817.2	91.0	S	0.0
Clim_Clim_evm17s134	Rchi_XP_024197959.1	91.0	S	0.0
Cper_Nk52_evm112s914	Otau_XP_022840484.1	99.0	S	0.0
Cper_Nk52_evm112s914	Crei_XP_042923970.1	99.0	S	0.0
Tadh_XP_002111606.1	Cper_Nk52_evm77s215	77.0	S	0.0
Cfra_CFRG2920T1	Cowc_XP_004344426.2	45.0	S	0.0
Clim_Clim_evm1s13	Cowc_XP_004344426.2	45.0	S	0.0
Cfra_CFRG2920T1	Pigvie_Pvie_g1590	45.0	S	0.0
Clim_Clim_evm1s13	Pigvie_Pvie_g1590	45.0	S	0.0
Cbra_GBG62545.1	Bnap_XP_022545047.2	100.0	S	0.0
Cbra_GBG62545.1	Sollyc_XP_010317818.2	100.0	S	0.0
Cbra_GBG62545.1	Mpol_BFI40009.1	100.0	S	0.0
Cbra_GBG62545.1	Cofcan_CDO99279.1	100.0	S	0.0
Cbra_GBG62545.1	Mpol_BFI39968.1	100.0	S	0.0
Cbra_GBG62545.1	Atha_NP_188995.2	100.0	S	0.0
Cbra_GBG62545.1	Psat_XP_050891581.1	100.0	S	0.0
Cbra_GBG62545.1	Tura_XP_048548071.1	100.0	S	0.0
Cbra_GBG62545.1	Rchi_XP_024197955.1	100.0	S	0.0
Cbra_GBG62545.1	Osat_XP_025877955.1	100.0	S	0.0
Cbra_GBG62545.1	Bnap_XP_013653045.1	100.0	S	0.0
Cbra_GBG62545.1	Tura_XP_048559760.1	100.0	S	0.0
Cbra_GBG62545.1	Ecur_TVU46462.1	100.0	S	0.0
Cbra_GBG62545.1	Rchi_XP_024193082.1	100.0	S	0.0
Cbra_GBG62545.1	Atri_XP_020531008.1	100.0	S	0.0
Cbra_GBG62545.1	Tura_XP_048559772.1	100.0	S	0.0
Cbra_GBG62545.1	Atha_NP_188993.2	100.0	S	0.0
Cbra_GBG62545.1	Mesc_XP_021594114.1	100.0	S	0.0
Cbra_GBG62545.1	Bnap_XP_048592525.1	100.0	S	0.0
Cbra_GBG62545.1	Rchi_XP_040375123.1	100.0	S	0.0
Cbra_GBG62545.1	Bnap_XP_048593176.1	100.0	S	0.0
Cbra_GBG62545.1	Ppat_XP_024381737.1	100.0	S	0.0
Cbra_GBG62545.1	Atri_XP_020531012.1	100.0	S	0.0
Cbra_GBG62545.1	Rchi_XP_024197958.1	100.0	S	0.0
Cbra_GBG62545.1	Ecur_TVU05041.1	100.0	S	0.0
Cbra_GBG62545.1	Mtru_XP_013468649.1	100.0	S	0.0
Cbra_GBG62545.1	Tura_XP_048559761.1	100.0	S	0.0
Cbra_GBG62545.1	Mesc_XP_043811054.1	100.0	S	0.0
Cbra_GBG62545.1	Ecur_TVU25538.1	100.0	S	0.0
Cbra_GBG62545.1	Bnap_XP_048599848.1	100.0	S	0.0
Cbra_GBG62545.1	Atri_XP_020531007.1	100.0	S	0.0
Cbra_GBG62545.1	Mpol_BFI39969.1	100.0	S	0.0
Cbra_GBG62545.1	Qlob_XP_030974354.1	100.0	S	0.0
Cbra_GBG62545.1	Atri_XP_020531006.1	100.0	S	0.0
Cbra_GBG62545.1	Zmay_XP_008664677.1	100.0	S	0.0
Cbra_GBG62545.1	Rchi_XP_024197951.1	100.0	S	0.0
Cbra_GBG62545.1	Osat_XP_025877954.1	100.0	S	0.0
Cbra_GBG62545.1	Rchi_XP_024193088.1	100.0	S	0.0
Cbra_GBG62545.1	Rchi_XP_040375129.1	100.0	S	0.0
Cbra_GBG62545.1	Lsat_XP_052620626.1	100.0	S	0.0
Cbra_GBG62545.1	Tura_XP_048554241.1	100.0	S	0.0
Cbra_GBG62545.1	Bnap_XP_013750545.2	100.0	S	0.0
Cbra_GBG62545.1	Atri_XP_020531005.1	100.0	S	0.0
Cbra_GBG62545.1	Bdis_XP_003581006.1	100.0	S	0.0
Cbra_GBG62545.1	Zmay_XP_008677860.1	100.0	S	0.0
Cbra_GBG62545.1	Osat_XP_015618607.1	100.0	S	0.0
Cbra_GBG62545.1	Lsat_XP_023743075.1	100.0	S	0.0
Cbra_GBG62545.1	Smoe_XP_002964119.1	100.0	S	0.0
Cbra_GBG62545.1	Ecur_TVU05074.1	100.0	S	0.0
Cbra_GBG62545.1	Bnap_XP_048602258.1	100.0	S	0.0
Cbra_GBG62545.1	Tura_XP_048559770.1	100.0	S	0.0
Cbra_GBG62545.1	Rchi_XP_040375128.1	100.0	S	0.0
Cbra_GBG62545.1	Zmay_NP_001147782.1	100.0	S	0.0
Cbra_GBG62545.1	Sollyc_XP_069145043.1	100.0	S	0.0
Cbra_GBG62545.1	Atri_XP_020531013.1	100.0	S	0.0
Cbra_GBG62545.1	Rchi_XP_040375127.1	100.0	S	0.0
Cbra_GBG62545.1	Atri_XP_020531011.1	100.0	S	0.0
Cbra_GBG62545.1	Osat_XP_015618601.1	100.0	S	0.0
Cbra_GBG62545.1	Rchi_XP_024197957.1	100.0	S	0.0
Cbra_GBG62545.1	Sollyc_XP_010317819.2	100.0	S	0.0
Cbra_GBG62545.1	Rchi_XP_040375126.1	100.0	S	0.0
Cbra_GBG62545.1	Ecur_TVU25534.1	100.0	S	0.0
Cbra_GBG62545.1	Rchi_XP_040374825.1	100.0	S	0.0
Cbra_GBG62545.1	Osat_XP_015644913.1	100.0	S	0.0
Cbra_GBG62545.1	Sollyc_XP_069150970.1	100.0	S	0.0
Cbra_GBG62545.1	Rchi_XP_040374822.1	100.0	S	0.0
Cbra_GBG62545.1	Rchi_XP_040374826.1	100.0	S	0.0
Cbra_GBG62545.1	Atri_XP_020531009.1	100.0	S	0.0
Cbra_GBG62545.1	Rchi_XP_040374821.1	100.0	S	0.0
Cbra_GBG62545.1	Qlob_XP_030974355.1	100.0	S	0.0
Cbra_GBG62545.1	Ppat_XP_024381721.1	100.0	S	0.0
Cbra_GBG62545.1	Rchi_XP_040374823.1	100.0	S	0.0
Cbra_GBG62545.1	Atri_XP_020531004.1	100.0	S	0.0
Cbra_GBG62545.1	Smoe_XP_002992048.1	100.0	S	0.0
Cbra_GBG62545.1	Bnap_XP_048618727.1	100.0	S	0.0
Cbra_GBG62545.1	Sollyc_XP_004247758.1	100.0	S	0.0
Cbra_GBG62545.1	Ppat_XP_024381729.1	100.0	S	0.0
Cbra_GBG62545.1	Ecur_TVU25501.1	100.0	S	0.0
Cbra_GBG62545.1	Tura_XP_048559763.1	100.0	S	0.0
Cbra_GBG62545.1	Atri_XP_020531010.1	100.0	S	0.0
Cbra_GBG62545.1	Sollyc_XP_004234691.2	100.0	S	0.0
Cbra_GBG62545.1	Rchi_XP_040374828.1	100.0	S	0.0
Cbra_GBG62545.1	Lsat_XP_023759689.1	100.0	S	0.0
Cbra_GBG62545.1	Rchi_XP_040375125.1	100.0	S	0.0
Cbra_GBG62545.1	Zmay_XP_008664676.1	100.0	S	0.0
Cbra_GBG62545.1	Rchi_XP_040374824.1	100.0	S	0.0
Cbra_GBG62545.1	Bnap_XP_013685434.2	100.0	S	0.0
Cbra_GBG62545.1	Bnap_XP_013653044.1	100.0	S	0.0
Cbra_GBG62545.1	Lsat_XP_052620645.1	100.0	S	0.0
Cbra_GBG62545.1	Ecur_TVU25532.1	100.0	S	0.0
Cbra_GBG62545.1	Osat_XP_015618600.1	100.0	S	0.0
Cbra_GBG62545.1	Rchi_XP_024191801.1	100.0	S	0.0
Cbra_GBG62545.1	Tura_XP_048548740.1	100.0	S	0.0
Cbra_GBG62545.1	Sollyc_XP_010317817.2	100.0	S	0.0
Cbra_GBG62545.1	Rchi_XP_024197959.1	100.0	S	0.0
Crei_XP_042923970.1	Otau_XP_022840484.1	91.0	S	0.0
Clim_Clim_evm1s13	Cfra_CFRG2920T1	86.0	S	0.0
Pigvie_Pvie_g1590	Cowc_XP_004344426.2	100.0	S	0.0
Ppat_XP_024381721.1	Bnap_XP_022545047.2	94.0	S	0.0
Mpol_BFI39968.1	Bnap_XP_022545047.2	94.0	S	0.0
Smoe_XP_002992048.1	Bnap_XP_022545047.2	94.0	S	0.0
Smoe_XP_002964119.1	Bnap_XP_022545047.2	94.0	S	0.0
Ppat_XP_024381737.1	Bnap_XP_022545047.2	94.0	S	0.0
Mpol_BFI40009.1	Bnap_XP_022545047.2	94.0	S	0.0
Ppat_XP_024381729.1	Bnap_XP_022545047.2	94.0	S	0.0
Mpol_BFI39969.1	Bnap_XP_022545047.2	94.0	S	0.0
Ppat_XP_024381721.1	Sollyc_XP_010317818.2	94.0	S	0.0
Mpol_BFI39968.1	Sollyc_XP_010317818.2	94.0	S	0.0
Smoe_XP_002992048.1	Sollyc_XP_010317818.2	94.0	S	0.0
Smoe_XP_002964119.1	Sollyc_XP_010317818.2	94.0	S	0.0
Ppat_XP_024381737.1	Sollyc_XP_010317818.2	94.0	S	0.0
Mpol_BFI40009.1	Sollyc_XP_010317818.2	94.0	S	0.0
Ppat_XP_024381729.1	Sollyc_XP_010317818.2	94.0	S	0.0
Mpol_BFI39969.1	Sollyc_XP_010317818.2	94.0	S	0.0
Ppat_XP_024381721.1	Cofcan_CDO99279.1	94.0	S	0.0
Mpol_BFI39968.1	Cofcan_CDO99279.1	94.0	S	0.0
Smoe_XP_002992048.1	Cofcan_CDO99279.1	94.0	S	0.0
Smoe_XP_002964119.1	Cofcan_CDO99279.1	94.0	S	0.0
Ppat_XP_024381737.1	Cofcan_CDO99279.1	94.0	S	0.0
Mpol_BFI40009.1	Cofcan_CDO99279.1	94.0	S	0.0
Ppat_XP_024381729.1	Cofcan_CDO99279.1	94.0	S	0.0
Mpol_BFI39969.1	Cofcan_CDO99279.1	94.0	S	0.0
Ppat_XP_024381721.1	Atha_NP_188995.2	94.0	S	0.0
Mpol_BFI39968.1	Atha_NP_188995.2	94.0	S	0.0
Smoe_XP_002992048.1	Atha_NP_188995.2	94.0	S	0.0
Smoe_XP_002964119.1	Atha_NP_188995.2	94.0	S	0.0
Ppat_XP_024381737.1	Atha_NP_188995.2	94.0	S	0.0
Mpol_BFI40009.1	Atha_NP_188995.2	94.0	S	0.0
Ppat_XP_024381729.1	Atha_NP_188995.2	94.0	S	0.0
Mpol_BFI39969.1	Atha_NP_188995.2	94.0	S	0.0
Ppat_XP_024381721.1	Psat_XP_050891581.1	94.0	S	0.0
Mpol_BFI39968.1	Psat_XP_050891581.1	94.0	S	0.0
Smoe_XP_002992048.1	Psat_XP_050891581.1	94.0	S	0.0
Smoe_XP_002964119.1	Psat_XP_050891581.1	94.0	S	0.0
Ppat_XP_024381737.1	Psat_XP_050891581.1	94.0	S	0.0
Mpol_BFI40009.1	Psat_XP_050891581.1	94.0	S	0.0
Ppat_XP_024381729.1	Psat_XP_050891581.1	94.0	S	0.0
Mpol_BFI39969.1	Psat_XP_050891581.1	94.0	S	0.0
Ppat_XP_024381721.1	Tura_XP_048548071.1	94.0	S	0.0
Mpol_BFI39968.1	Tura_XP_048548071.1	94.0	S	0.0
Smoe_XP_002992048.1	Tura_XP_048548071.1	94.0	S	0.0
Smoe_XP_002964119.1	Tura_XP_048548071.1	94.0	S	0.0
Ppat_XP_024381737.1	Tura_XP_048548071.1	94.0	S	0.0
Mpol_BFI40009.1	Tura_XP_048548071.1	94.0	S	0.0
Ppat_XP_024381729.1	Tura_XP_048548071.1	94.0	S	0.0
Mpol_BFI39969.1	Tura_XP_048548071.1	94.0	S	0.0
Ppat_XP_024381721.1	Rchi_XP_024197955.1	94.0	S	0.0
Mpol_BFI39968.1	Rchi_XP_024197955.1	94.0	S	0.0
Smoe_XP_002992048.1	Rchi_XP_024197955.1	94.0	S	0.0
Smoe_XP_002964119.1	Rchi_XP_024197955.1	94.0	S	0.0
Ppat_XP_024381737.1	Rchi_XP_024197955.1	94.0	S	0.0
Mpol_BFI40009.1	Rchi_XP_024197955.1	94.0	S	0.0
Ppat_XP_024381729.1	Rchi_XP_024197955.1	94.0	S	0.0
Mpol_BFI39969.1	Rchi_XP_024197955.1	94.0	S	0.0
Ppat_XP_024381721.1	Osat_XP_025877955.1	94.0	S	0.0
Mpol_BFI39968.1	Osat_XP_025877955.1	94.0	S	0.0
Smoe_XP_002992048.1	Osat_XP_025877955.1	94.0	S	0.0
Smoe_XP_002964119.1	Osat_XP_025877955.1	94.0	S	0.0
Ppat_XP_024381737.1	Osat_XP_025877955.1	94.0	S	0.0
Mpol_BFI40009.1	Osat_XP_025877955.1	94.0	S	0.0
Ppat_XP_024381729.1	Osat_XP_025877955.1	94.0	S	0.0
Mpol_BFI39969.1	Osat_XP_025877955.1	94.0	S	0.0
Ppat_XP_024381721.1	Bnap_XP_013653045.1	94.0	S	0.0
Mpol_BFI39968.1	Bnap_XP_013653045.1	94.0	S	0.0
Smoe_XP_002992048.1	Bnap_XP_013653045.1	94.0	S	0.0
Smoe_XP_002964119.1	Bnap_XP_013653045.1	94.0	S	0.0
Ppat_XP_024381737.1	Bnap_XP_013653045.1	94.0	S	0.0
Mpol_BFI40009.1	Bnap_XP_013653045.1	94.0	S	0.0
Ppat_XP_024381729.1	Bnap_XP_013653045.1	94.0	S	0.0
Mpol_BFI39969.1	Bnap_XP_013653045.1	94.0	S	0.0
Ppat_XP_024381721.1	Tura_XP_048559760.1	94.0	S	0.0
Mpol_BFI39968.1	Tura_XP_048559760.1	94.0	S	0.0
Smoe_XP_002992048.1	Tura_XP_048559760.1	94.0	S	0.0
Smoe_XP_002964119.1	Tura_XP_048559760.1	94.0	S	0.0
Ppat_XP_024381737.1	Tura_XP_048559760.1	94.0	S	0.0
Mpol_BFI40009.1	Tura_XP_048559760.1	94.0	S	0.0
Ppat_XP_024381729.1	Tura_XP_048559760.1	94.0	S	0.0
Mpol_BFI39969.1	Tura_XP_048559760.1	94.0	S	0.0
Ppat_XP_024381721.1	Ecur_TVU46462.1	94.0	S	0.0
Mpol_BFI39968.1	Ecur_TVU46462.1	94.0	S	0.0
Smoe_XP_002992048.1	Ecur_TVU46462.1	94.0	S	0.0
Smoe_XP_002964119.1	Ecur_TVU46462.1	94.0	S	0.0
Ppat_XP_024381737.1	Ecur_TVU46462.1	94.0	S	0.0
Mpol_BFI40009.1	Ecur_TVU46462.1	94.0	S	0.0
Ppat_XP_024381729.1	Ecur_TVU46462.1	94.0	S	0.0
Mpol_BFI39969.1	Ecur_TVU46462.1	94.0	S	0.0
Ppat_XP_024381721.1	Rchi_XP_024193082.1	94.0	S	0.0
Mpol_BFI39968.1	Rchi_XP_024193082.1	94.0	S	0.0
Smoe_XP_002992048.1	Rchi_XP_024193082.1	94.0	S	0.0
Smoe_XP_002964119.1	Rchi_XP_024193082.1	94.0	S	0.0
Ppat_XP_024381737.1	Rchi_XP_024193082.1	94.0	S	0.0
Mpol_BFI40009.1	Rchi_XP_024193082.1	94.0	S	0.0
Ppat_XP_024381729.1	Rchi_XP_024193082.1	94.0	S	0.0
Mpol_BFI39969.1	Rchi_XP_024193082.1	94.0	S	0.0
Ppat_XP_024381721.1	Atri_XP_020531008.1	94.0	S	0.0
Mpol_BFI39968.1	Atri_XP_020531008.1	94.0	S	0.0
Smoe_XP_002992048.1	Atri_XP_020531008.1	94.0	S	0.0
Smoe_XP_002964119.1	Atri_XP_020531008.1	94.0	S	0.0
Ppat_XP_024381737.1	Atri_XP_020531008.1	94.0	S	0.0
Mpol_BFI40009.1	Atri_XP_020531008.1	94.0	S	0.0
Ppat_XP_024381729.1	Atri_XP_020531008.1	94.0	S	0.0
Mpol_BFI39969.1	Atri_XP_020531008.1	94.0	S	0.0
Ppat_XP_024381721.1	Tura_XP_048559772.1	94.0	S	0.0
Mpol_BFI39968.1	Tura_XP_048559772.1	94.0	S	0.0
Smoe_XP_002992048.1	Tura_XP_048559772.1	94.0	S	0.0
Smoe_XP_002964119.1	Tura_XP_048559772.1	94.0	S	0.0
Ppat_XP_024381737.1	Tura_XP_048559772.1	94.0	S	0.0
Mpol_BFI40009.1	Tura_XP_048559772.1	94.0	S	0.0
Ppat_XP_024381729.1	Tura_XP_048559772.1	94.0	S	0.0
Mpol_BFI39969.1	Tura_XP_048559772.1	94.0	S	0.0
Ppat_XP_024381721.1	Atha_NP_188993.2	94.0	S	0.0
Mpol_BFI39968.1	Atha_NP_188993.2	94.0	S	0.0
Smoe_XP_002992048.1	Atha_NP_188993.2	94.0	S	0.0
Smoe_XP_002964119.1	Atha_NP_188993.2	94.0	S	0.0
Ppat_XP_024381737.1	Atha_NP_188993.2	94.0	S	0.0
Mpol_BFI40009.1	Atha_NP_188993.2	94.0	S	0.0
Ppat_XP_024381729.1	Atha_NP_188993.2	94.0	S	0.0
Mpol_BFI39969.1	Atha_NP_188993.2	94.0	S	0.0
Ppat_XP_024381721.1	Mesc_XP_021594114.1	94.0	S	0.0
Mpol_BFI39968.1	Mesc_XP_021594114.1	94.0	S	0.0
Smoe_XP_002992048.1	Mesc_XP_021594114.1	94.0	S	0.0
Smoe_XP_002964119.1	Mesc_XP_021594114.1	94.0	S	0.0
Ppat_XP_024381737.1	Mesc_XP_021594114.1	94.0	S	0.0
Mpol_BFI40009.1	Mesc_XP_021594114.1	94.0	S	0.0
Ppat_XP_024381729.1	Mesc_XP_021594114.1	94.0	S	0.0
Mpol_BFI39969.1	Mesc_XP_021594114.1	94.0	S	0.0
Ppat_XP_024381721.1	Bnap_XP_048592525.1	94.0	S	0.0
Mpol_BFI39968.1	Bnap_XP_048592525.1	94.0	S	0.0
Smoe_XP_002992048.1	Bnap_XP_048592525.1	94.0	S	0.0
Smoe_XP_002964119.1	Bnap_XP_048592525.1	94.0	S	0.0
Ppat_XP_024381737.1	Bnap_XP_048592525.1	94.0	S	0.0
Mpol_BFI40009.1	Bnap_XP_048592525.1	94.0	S	0.0
Ppat_XP_024381729.1	Bnap_XP_048592525.1	94.0	S	0.0
Mpol_BFI39969.1	Bnap_XP_048592525.1	94.0	S	0.0
Ppat_XP_024381721.1	Rchi_XP_040375123.1	94.0	S	0.0
Mpol_BFI39968.1	Rchi_XP_040375123.1	94.0	S	0.0
Smoe_XP_002992048.1	Rchi_XP_040375123.1	94.0	S	0.0
Smoe_XP_002964119.1	Rchi_XP_040375123.1	94.0	S	0.0
Ppat_XP_024381737.1	Rchi_XP_040375123.1	94.0	S	0.0
Mpol_BFI40009.1	Rchi_XP_040375123.1	94.0	S	0.0
Ppat_XP_024381729.1	Rchi_XP_040375123.1	94.0	S	0.0
Mpol_BFI39969.1	Rchi_XP_040375123.1	94.0	S	0.0
Ppat_XP_024381721.1	Bnap_XP_048593176.1	94.0	S	0.0
Mpol_BFI39968.1	Bnap_XP_048593176.1	94.0	S	0.0
Smoe_XP_002992048.1	Bnap_XP_048593176.1	94.0	S	0.0
Smoe_XP_002964119.1	Bnap_XP_048593176.1	94.0	S	0.0
Ppat_XP_024381737.1	Bnap_XP_048593176.1	94.0	S	0.0
Mpol_BFI40009.1	Bnap_XP_048593176.1	94.0	S	0.0
Ppat_XP_024381729.1	Bnap_XP_048593176.1	94.0	S	0.0
Mpol_BFI39969.1	Bnap_XP_048593176.1	94.0	S	0.0
Ppat_XP_024381721.1	Atri_XP_020531012.1	94.0	S	0.0
Mpol_BFI39968.1	Atri_XP_020531012.1	94.0	S	0.0
Smoe_XP_002992048.1	Atri_XP_020531012.1	94.0	S	0.0
Smoe_XP_002964119.1	Atri_XP_020531012.1	94.0	S	0.0
Ppat_XP_024381737.1	Atri_XP_020531012.1	94.0	S	0.0
Mpol_BFI40009.1	Atri_XP_020531012.1	94.0	S	0.0
Ppat_XP_024381729.1	Atri_XP_020531012.1	94.0	S	0.0
Mpol_BFI39969.1	Atri_XP_020531012.1	94.0	S	0.0
Ppat_XP_024381721.1	Rchi_XP_024197958.1	94.0	S	0.0
Mpol_BFI39968.1	Rchi_XP_024197958.1	94.0	S	0.0
Smoe_XP_002992048.1	Rchi_XP_024197958.1	94.0	S	0.0
Smoe_XP_002964119.1	Rchi_XP_024197958.1	94.0	S	0.0
Ppat_XP_024381737.1	Rchi_XP_024197958.1	94.0	S	0.0
Mpol_BFI40009.1	Rchi_XP_024197958.1	94.0	S	0.0
Ppat_XP_024381729.1	Rchi_XP_024197958.1	94.0	S	0.0
Mpol_BFI39969.1	Rchi_XP_024197958.1	94.0	S	0.0
Ppat_XP_024381721.1	Ecur_TVU05041.1	94.0	S	0.0
Mpol_BFI39968.1	Ecur_TVU05041.1	94.0	S	0.0
Smoe_XP_002992048.1	Ecur_TVU05041.1	94.0	S	0.0
Smoe_XP_002964119.1	Ecur_TVU05041.1	94.0	S	0.0
Ppat_XP_024381737.1	Ecur_TVU05041.1	94.0	S	0.0
Mpol_BFI40009.1	Ecur_TVU05041.1	94.0	S	0.0
Ppat_XP_024381729.1	Ecur_TVU05041.1	94.0	S	0.0
Mpol_BFI39969.1	Ecur_TVU05041.1	94.0	S	0.0
Ppat_XP_024381721.1	Mtru_XP_013468649.1	94.0	S	0.0
Mpol_BFI39968.1	Mtru_XP_013468649.1	94.0	S	0.0
Smoe_XP_002992048.1	Mtru_XP_013468649.1	94.0	S	0.0
Smoe_XP_002964119.1	Mtru_XP_013468649.1	94.0	S	0.0
Ppat_XP_024381737.1	Mtru_XP_013468649.1	94.0	S	0.0
Mpol_BFI40009.1	Mtru_XP_013468649.1	94.0	S	0.0
Ppat_XP_024381729.1	Mtru_XP_013468649.1	94.0	S	0.0
Mpol_BFI39969.1	Mtru_XP_013468649.1	94.0	S	0.0
Ppat_XP_024381721.1	Tura_XP_048559761.1	94.0	S	0.0
Mpol_BFI39968.1	Tura_XP_048559761.1	94.0	S	0.0
Smoe_XP_002992048.1	Tura_XP_048559761.1	94.0	S	0.0
Smoe_XP_002964119.1	Tura_XP_048559761.1	94.0	S	0.0
Ppat_XP_024381737.1	Tura_XP_048559761.1	94.0	S	0.0
Mpol_BFI40009.1	Tura_XP_048559761.1	94.0	S	0.0
Ppat_XP_024381729.1	Tura_XP_048559761.1	94.0	S	0.0
Mpol_BFI39969.1	Tura_XP_048559761.1	94.0	S	0.0
Ppat_XP_024381721.1	Mesc_XP_043811054.1	94.0	S	0.0
Mpol_BFI39968.1	Mesc_XP_043811054.1	94.0	S	0.0
Smoe_XP_002992048.1	Mesc_XP_043811054.1	94.0	S	0.0
Smoe_XP_002964119.1	Mesc_XP_043811054.1	94.0	S	0.0
Ppat_XP_024381737.1	Mesc_XP_043811054.1	94.0	S	0.0
Mpol_BFI40009.1	Mesc_XP_043811054.1	94.0	S	0.0
Ppat_XP_024381729.1	Mesc_XP_043811054.1	94.0	S	0.0
Mpol_BFI39969.1	Mesc_XP_043811054.1	94.0	S	0.0
Ppat_XP_024381721.1	Ecur_TVU25538.1	94.0	S	0.0
Mpol_BFI39968.1	Ecur_TVU25538.1	94.0	S	0.0
Smoe_XP_002992048.1	Ecur_TVU25538.1	94.0	S	0.0
Smoe_XP_002964119.1	Ecur_TVU25538.1	94.0	S	0.0
Ppat_XP_024381737.1	Ecur_TVU25538.1	94.0	S	0.0
Mpol_BFI40009.1	Ecur_TVU25538.1	94.0	S	0.0
Ppat_XP_024381729.1	Ecur_TVU25538.1	94.0	S	0.0
Mpol_BFI39969.1	Ecur_TVU25538.1	94.0	S	0.0
Ppat_XP_024381721.1	Bnap_XP_048599848.1	94.0	S	0.0
Mpol_BFI39968.1	Bnap_XP_048599848.1	94.0	S	0.0
Smoe_XP_002992048.1	Bnap_XP_048599848.1	94.0	S	0.0
Smoe_XP_002964119.1	Bnap_XP_048599848.1	94.0	S	0.0
Ppat_XP_024381737.1	Bnap_XP_048599848.1	94.0	S	0.0
Mpol_BFI40009.1	Bnap_XP_048599848.1	94.0	S	0.0
Ppat_XP_024381729.1	Bnap_XP_048599848.1	94.0	S	0.0
Mpol_BFI39969.1	Bnap_XP_048599848.1	94.0	S	0.0
Ppat_XP_024381721.1	Atri_XP_020531007.1	94.0	S	0.0
Mpol_BFI39968.1	Atri_XP_020531007.1	94.0	S	0.0
Smoe_XP_002992048.1	Atri_XP_020531007.1	94.0	S	0.0
Smoe_XP_002964119.1	Atri_XP_020531007.1	94.0	S	0.0
Ppat_XP_024381737.1	Atri_XP_020531007.1	94.0	S	0.0
Mpol_BFI40009.1	Atri_XP_020531007.1	94.0	S	0.0
Ppat_XP_024381729.1	Atri_XP_020531007.1	94.0	S	0.0
Mpol_BFI39969.1	Atri_XP_020531007.1	94.0	S	0.0
Ppat_XP_024381721.1	Qlob_XP_030974354.1	94.0	S	0.0
Mpol_BFI39968.1	Qlob_XP_030974354.1	94.0	S	0.0
Smoe_XP_002992048.1	Qlob_XP_030974354.1	94.0	S	0.0
Smoe_XP_002964119.1	Qlob_XP_030974354.1	94.0	S	0.0
Ppat_XP_024381737.1	Qlob_XP_030974354.1	94.0	S	0.0
Mpol_BFI40009.1	Qlob_XP_030974354.1	94.0	S	0.0
Ppat_XP_024381729.1	Qlob_XP_030974354.1	94.0	S	0.0
Mpol_BFI39969.1	Qlob_XP_030974354.1	94.0	S	0.0
Ppat_XP_024381721.1	Atri_XP_020531006.1	94.0	S	0.0
Mpol_BFI39968.1	Atri_XP_020531006.1	94.0	S	0.0
Smoe_XP_002992048.1	Atri_XP_020531006.1	94.0	S	0.0
Smoe_XP_002964119.1	Atri_XP_020531006.1	94.0	S	0.0
Ppat_XP_024381737.1	Atri_XP_020531006.1	94.0	S	0.0
Mpol_BFI40009.1	Atri_XP_020531006.1	94.0	S	0.0
Ppat_XP_024381729.1	Atri_XP_020531006.1	94.0	S	0.0
Mpol_BFI39969.1	Atri_XP_020531006.1	94.0	S	0.0
Ppat_XP_024381721.1	Zmay_XP_008664677.1	94.0	S	0.0
Mpol_BFI39968.1	Zmay_XP_008664677.1	94.0	S	0.0
Smoe_XP_002992048.1	Zmay_XP_008664677.1	94.0	S	0.0
Smoe_XP_002964119.1	Zmay_XP_008664677.1	94.0	S	0.0
Ppat_XP_024381737.1	Zmay_XP_008664677.1	94.0	S	0.0
Mpol_BFI40009.1	Zmay_XP_008664677.1	94.0	S	0.0
Ppat_XP_024381729.1	Zmay_XP_008664677.1	94.0	S	0.0
Mpol_BFI39969.1	Zmay_XP_008664677.1	94.0	S	0.0
Ppat_XP_024381721.1	Rchi_XP_024197951.1	94.0	S	0.0
Mpol_BFI39968.1	Rchi_XP_024197951.1	94.0	S	0.0
Smoe_XP_002992048.1	Rchi_XP_024197951.1	94.0	S	0.0
Smoe_XP_002964119.1	Rchi_XP_024197951.1	94.0	S	0.0
Ppat_XP_024381737.1	Rchi_XP_024197951.1	94.0	S	0.0
Mpol_BFI40009.1	Rchi_XP_024197951.1	94.0	S	0.0
Ppat_XP_024381729.1	Rchi_XP_024197951.1	94.0	S	0.0
Mpol_BFI39969.1	Rchi_XP_024197951.1	94.0	S	0.0
Ppat_XP_024381721.1	Osat_XP_025877954.1	94.0	S	0.0
Mpol_BFI39968.1	Osat_XP_025877954.1	94.0	S	0.0
Smoe_XP_002992048.1	Osat_XP_025877954.1	94.0	S	0.0
Smoe_XP_002964119.1	Osat_XP_025877954.1	94.0	S	0.0
Ppat_XP_024381737.1	Osat_XP_025877954.1	94.0	S	0.0
Mpol_BFI40009.1	Osat_XP_025877954.1	94.0	S	0.0
Ppat_XP_024381729.1	Osat_XP_025877954.1	94.0	S	0.0
Mpol_BFI39969.1	Osat_XP_025877954.1	94.0	S	0.0
Ppat_XP_024381721.1	Rchi_XP_024193088.1	94.0	S	0.0
Mpol_BFI39968.1	Rchi_XP_024193088.1	94.0	S	0.0
Smoe_XP_002992048.1	Rchi_XP_024193088.1	94.0	S	0.0
Smoe_XP_002964119.1	Rchi_XP_024193088.1	94.0	S	0.0
Ppat_XP_024381737.1	Rchi_XP_024193088.1	94.0	S	0.0
Mpol_BFI40009.1	Rchi_XP_024193088.1	94.0	S	0.0
Ppat_XP_024381729.1	Rchi_XP_024193088.1	94.0	S	0.0
Mpol_BFI39969.1	Rchi_XP_024193088.1	94.0	S	0.0
Ppat_XP_024381721.1	Rchi_XP_040375129.1	94.0	S	0.0
Mpol_BFI39968.1	Rchi_XP_040375129.1	94.0	S	0.0
Smoe_XP_002992048.1	Rchi_XP_040375129.1	94.0	S	0.0
Smoe_XP_002964119.1	Rchi_XP_040375129.1	94.0	S	0.0
Ppat_XP_024381737.1	Rchi_XP_040375129.1	94.0	S	0.0
Mpol_BFI40009.1	Rchi_XP_040375129.1	94.0	S	0.0
Ppat_XP_024381729.1	Rchi_XP_040375129.1	94.0	S	0.0
Mpol_BFI39969.1	Rchi_XP_040375129.1	94.0	S	0.0
Ppat_XP_024381721.1	Lsat_XP_052620626.1	94.0	S	0.0
Mpol_BFI39968.1	Lsat_XP_052620626.1	94.0	S	0.0
Smoe_XP_002992048.1	Lsat_XP_052620626.1	94.0	S	0.0
Smoe_XP_002964119.1	Lsat_XP_052620626.1	94.0	S	0.0
Ppat_XP_024381737.1	Lsat_XP_052620626.1	94.0	S	0.0
Mpol_BFI40009.1	Lsat_XP_052620626.1	94.0	S	0.0
Ppat_XP_024381729.1	Lsat_XP_052620626.1	94.0	S	0.0
Mpol_BFI39969.1	Lsat_XP_052620626.1	94.0	S	0.0
Ppat_XP_024381721.1	Tura_XP_048554241.1	94.0	S	0.0
Mpol_BFI39968.1	Tura_XP_048554241.1	94.0	S	0.0
Smoe_XP_002992048.1	Tura_XP_048554241.1	94.0	S	0.0
Smoe_XP_002964119.1	Tura_XP_048554241.1	94.0	S	0.0
Ppat_XP_024381737.1	Tura_XP_048554241.1	94.0	S	0.0
Mpol_BFI40009.1	Tura_XP_048554241.1	94.0	S	0.0
Ppat_XP_024381729.1	Tura_XP_048554241.1	94.0	S	0.0
Mpol_BFI39969.1	Tura_XP_048554241.1	94.0	S	0.0
Ppat_XP_024381721.1	Bnap_XP_013750545.2	94.0	S	0.0
Mpol_BFI39968.1	Bnap_XP_013750545.2	94.0	S	0.0
Smoe_XP_002992048.1	Bnap_XP_013750545.2	94.0	S	0.0
Smoe_XP_002964119.1	Bnap_XP_013750545.2	94.0	S	0.0
Ppat_XP_024381737.1	Bnap_XP_013750545.2	94.0	S	0.0
Mpol_BFI40009.1	Bnap_XP_013750545.2	94.0	S	0.0
Ppat_XP_024381729.1	Bnap_XP_013750545.2	94.0	S	0.0
Mpol_BFI39969.1	Bnap_XP_013750545.2	94.0	S	0.0
Ppat_XP_024381721.1	Atri_XP_020531005.1	94.0	S	0.0
Mpol_BFI39968.1	Atri_XP_020531005.1	94.0	S	0.0
Smoe_XP_002992048.1	Atri_XP_020531005.1	94.0	S	0.0
Smoe_XP_002964119.1	Atri_XP_020531005.1	94.0	S	0.0
Ppat_XP_024381737.1	Atri_XP_020531005.1	94.0	S	0.0
Mpol_BFI40009.1	Atri_XP_020531005.1	94.0	S	0.0
Ppat_XP_024381729.1	Atri_XP_020531005.1	94.0	S	0.0
Mpol_BFI39969.1	Atri_XP_020531005.1	94.0	S	0.0
Ppat_XP_024381721.1	Bdis_XP_003581006.1	94.0	S	0.0
Mpol_BFI39968.1	Bdis_XP_003581006.1	94.0	S	0.0
Smoe_XP_002992048.1	Bdis_XP_003581006.1	94.0	S	0.0
Smoe_XP_002964119.1	Bdis_XP_003581006.1	94.0	S	0.0
Ppat_XP_024381737.1	Bdis_XP_003581006.1	94.0	S	0.0
Mpol_BFI40009.1	Bdis_XP_003581006.1	94.0	S	0.0
Ppat_XP_024381729.1	Bdis_XP_003581006.1	94.0	S	0.0
Mpol_BFI39969.1	Bdis_XP_003581006.1	94.0	S	0.0
Ppat_XP_024381721.1	Zmay_XP_008677860.1	94.0	S	0.0
Mpol_BFI39968.1	Zmay_XP_008677860.1	94.0	S	0.0
Smoe_XP_002992048.1	Zmay_XP_008677860.1	94.0	S	0.0
Smoe_XP_002964119.1	Zmay_XP_008677860.1	94.0	S	0.0
Ppat_XP_024381737.1	Zmay_XP_008677860.1	94.0	S	0.0
Mpol_BFI40009.1	Zmay_XP_008677860.1	94.0	S	0.0
Ppat_XP_024381729.1	Zmay_XP_008677860.1	94.0	S	0.0
Mpol_BFI39969.1	Zmay_XP_008677860.1	94.0	S	0.0
Ppat_XP_024381721.1	Osat_XP_015618607.1	94.0	S	0.0
Mpol_BFI39968.1	Osat_XP_015618607.1	94.0	S	0.0
Smoe_XP_002992048.1	Osat_XP_015618607.1	94.0	S	0.0
Smoe_XP_002964119.1	Osat_XP_015618607.1	94.0	S	0.0
Ppat_XP_024381737.1	Osat_XP_015618607.1	94.0	S	0.0
Mpol_BFI40009.1	Osat_XP_015618607.1	94.0	S	0.0
Ppat_XP_024381729.1	Osat_XP_015618607.1	94.0	S	0.0
Mpol_BFI39969.1	Osat_XP_015618607.1	94.0	S	0.0
Ppat_XP_024381721.1	Lsat_XP_023743075.1	94.0	S	0.0
Mpol_BFI39968.1	Lsat_XP_023743075.1	94.0	S	0.0
Smoe_XP_002992048.1	Lsat_XP_023743075.1	94.0	S	0.0
Smoe_XP_002964119.1	Lsat_XP_023743075.1	94.0	S	0.0
Ppat_XP_024381737.1	Lsat_XP_023743075.1	94.0	S	0.0
Mpol_BFI40009.1	Lsat_XP_023743075.1	94.0	S	0.0
Ppat_XP_024381729.1	Lsat_XP_023743075.1	94.0	S	0.0
Mpol_BFI39969.1	Lsat_XP_023743075.1	94.0	S	0.0
Ppat_XP_024381721.1	Ecur_TVU05074.1	94.0	S	0.0
Mpol_BFI39968.1	Ecur_TVU05074.1	94.0	S	0.0
Smoe_XP_002992048.1	Ecur_TVU05074.1	94.0	S	0.0
Smoe_XP_002964119.1	Ecur_TVU05074.1	94.0	S	0.0
Ppat_XP_024381737.1	Ecur_TVU05074.1	94.0	S	0.0
Mpol_BFI40009.1	Ecur_TVU05074.1	94.0	S	0.0
Ppat_XP_024381729.1	Ecur_TVU05074.1	94.0	S	0.0
Mpol_BFI39969.1	Ecur_TVU05074.1	94.0	S	0.0
Ppat_XP_024381721.1	Bnap_XP_048602258.1	94.0	S	0.0
Mpol_BFI39968.1	Bnap_XP_048602258.1	94.0	S	0.0
Smoe_XP_002992048.1	Bnap_XP_048602258.1	94.0	S	0.0
Smoe_XP_002964119.1	Bnap_XP_048602258.1	94.0	S	0.0
Ppat_XP_024381737.1	Bnap_XP_048602258.1	94.0	S	0.0
Mpol_BFI40009.1	Bnap_XP_048602258.1	94.0	S	0.0
Ppat_XP_024381729.1	Bnap_XP_048602258.1	94.0	S	0.0
Mpol_BFI39969.1	Bnap_XP_048602258.1	94.0	S	0.0
Ppat_XP_024381721.1	Tura_XP_048559770.1	94.0	S	0.0
Mpol_BFI39968.1	Tura_XP_048559770.1	94.0	S	0.0
Smoe_XP_002992048.1	Tura_XP_048559770.1	94.0	S	0.0
Smoe_XP_002964119.1	Tura_XP_048559770.1	94.0	S	0.0
Ppat_XP_024381737.1	Tura_XP_048559770.1	94.0	S	0.0
Mpol_BFI40009.1	Tura_XP_048559770.1	94.0	S	0.0
Ppat_XP_024381729.1	Tura_XP_048559770.1	94.0	S	0.0
Mpol_BFI39969.1	Tura_XP_048559770.1	94.0	S	0.0
Ppat_XP_024381721.1	Rchi_XP_040375128.1	94.0	S	0.0
Mpol_BFI39968.1	Rchi_XP_040375128.1	94.0	S	0.0
Smoe_XP_002992048.1	Rchi_XP_040375128.1	94.0	S	0.0
Smoe_XP_002964119.1	Rchi_XP_040375128.1	94.0	S	0.0
Ppat_XP_024381737.1	Rchi_XP_040375128.1	94.0	S	0.0
Mpol_BFI40009.1	Rchi_XP_040375128.1	94.0	S	0.0
Ppat_XP_024381729.1	Rchi_XP_040375128.1	94.0	S	0.0
Mpol_BFI39969.1	Rchi_XP_040375128.1	94.0	S	0.0
Ppat_XP_024381721.1	Zmay_NP_001147782.1	94.0	S	0.0
Mpol_BFI39968.1	Zmay_NP_001147782.1	94.0	S	0.0
Smoe_XP_002992048.1	Zmay_NP_001147782.1	94.0	S	0.0
Smoe_XP_002964119.1	Zmay_NP_001147782.1	94.0	S	0.0
Ppat_XP_024381737.1	Zmay_NP_001147782.1	94.0	S	0.0
Mpol_BFI40009.1	Zmay_NP_001147782.1	94.0	S	0.0
Ppat_XP_024381729.1	Zmay_NP_001147782.1	94.0	S	0.0
Mpol_BFI39969.1	Zmay_NP_001147782.1	94.0	S	0.0
Ppat_XP_024381721.1	Sollyc_XP_069145043.1	94.0	S	0.0
Mpol_BFI39968.1	Sollyc_XP_069145043.1	94.0	S	0.0
Smoe_XP_002992048.1	Sollyc_XP_069145043.1	94.0	S	0.0
Smoe_XP_002964119.1	Sollyc_XP_069145043.1	94.0	S	0.0
Ppat_XP_024381737.1	Sollyc_XP_069145043.1	94.0	S	0.0
Mpol_BFI40009.1	Sollyc_XP_069145043.1	94.0	S	0.0
Ppat_XP_024381729.1	Sollyc_XP_069145043.1	94.0	S	0.0
Mpol_BFI39969.1	Sollyc_XP_069145043.1	94.0	S	0.0
Ppat_XP_024381721.1	Atri_XP_020531013.1	94.0	S	0.0
Mpol_BFI39968.1	Atri_XP_020531013.1	94.0	S	0.0
Smoe_XP_002992048.1	Atri_XP_020531013.1	94.0	S	0.0
Smoe_XP_002964119.1	Atri_XP_020531013.1	94.0	S	0.0
Ppat_XP_024381737.1	Atri_XP_020531013.1	94.0	S	0.0
Mpol_BFI40009.1	Atri_XP_020531013.1	94.0	S	0.0
Ppat_XP_024381729.1	Atri_XP_020531013.1	94.0	S	0.0
Mpol_BFI39969.1	Atri_XP_020531013.1	94.0	S	0.0
Ppat_XP_024381721.1	Rchi_XP_040375127.1	94.0	S	0.0
Mpol_BFI39968.1	Rchi_XP_040375127.1	94.0	S	0.0
Smoe_XP_002992048.1	Rchi_XP_040375127.1	94.0	S	0.0
Smoe_XP_002964119.1	Rchi_XP_040375127.1	94.0	S	0.0
Ppat_XP_024381737.1	Rchi_XP_040375127.1	94.0	S	0.0
Mpol_BFI40009.1	Rchi_XP_040375127.1	94.0	S	0.0
Ppat_XP_024381729.1	Rchi_XP_040375127.1	94.0	S	0.0
Mpol_BFI39969.1	Rchi_XP_040375127.1	94.0	S	0.0
Ppat_XP_024381721.1	Atri_XP_020531011.1	94.0	S	0.0
Mpol_BFI39968.1	Atri_XP_020531011.1	94.0	S	0.0
Smoe_XP_002992048.1	Atri_XP_020531011.1	94.0	S	0.0
Smoe_XP_002964119.1	Atri_XP_020531011.1	94.0	S	0.0
Ppat_XP_024381737.1	Atri_XP_020531011.1	94.0	S	0.0
Mpol_BFI40009.1	Atri_XP_020531011.1	94.0	S	0.0
Ppat_XP_024381729.1	Atri_XP_020531011.1	94.0	S	0.0
Mpol_BFI39969.1	Atri_XP_020531011.1	94.0	S	0.0
Ppat_XP_024381721.1	Osat_XP_015618601.1	94.0	S	0.0
Mpol_BFI39968.1	Osat_XP_015618601.1	94.0	S	0.0
Smoe_XP_002992048.1	Osat_XP_015618601.1	94.0	S	0.0
Smoe_XP_002964119.1	Osat_XP_015618601.1	94.0	S	0.0
Ppat_XP_024381737.1	Osat_XP_015618601.1	94.0	S	0.0
Mpol_BFI40009.1	Osat_XP_015618601.1	94.0	S	0.0
Ppat_XP_024381729.1	Osat_XP_015618601.1	94.0	S	0.0
Mpol_BFI39969.1	Osat_XP_015618601.1	94.0	S	0.0
Ppat_XP_024381721.1	Rchi_XP_024197957.1	94.0	S	0.0
Mpol_BFI39968.1	Rchi_XP_024197957.1	94.0	S	0.0
Smoe_XP_002992048.1	Rchi_XP_024197957.1	94.0	S	0.0
Smoe_XP_002964119.1	Rchi_XP_024197957.1	94.0	S	0.0
Ppat_XP_024381737.1	Rchi_XP_024197957.1	94.0	S	0.0
Mpol_BFI40009.1	Rchi_XP_024197957.1	94.0	S	0.0
Ppat_XP_024381729.1	Rchi_XP_024197957.1	94.0	S	0.0
Mpol_BFI39969.1	Rchi_XP_024197957.1	94.0	S	0.0
Ppat_XP_024381721.1	Sollyc_XP_010317819.2	94.0	S	0.0
Mpol_BFI39968.1	Sollyc_XP_010317819.2	94.0	S	0.0
Smoe_XP_002992048.1	Sollyc_XP_010317819.2	94.0	S	0.0
Smoe_XP_002964119.1	Sollyc_XP_010317819.2	94.0	S	0.0
Ppat_XP_024381737.1	Sollyc_XP_010317819.2	94.0	S	0.0
Mpol_BFI40009.1	Sollyc_XP_010317819.2	94.0	S	0.0
Ppat_XP_024381729.1	Sollyc_XP_010317819.2	94.0	S	0.0
Mpol_BFI39969.1	Sollyc_XP_010317819.2	94.0	S	0.0
Ppat_XP_024381721.1	Rchi_XP_040375126.1	94.0	S	0.0
Mpol_BFI39968.1	Rchi_XP_040375126.1	94.0	S	0.0
Smoe_XP_002992048.1	Rchi_XP_040375126.1	94.0	S	0.0
Smoe_XP_002964119.1	Rchi_XP_040375126.1	94.0	S	0.0
Ppat_XP_024381737.1	Rchi_XP_040375126.1	94.0	S	0.0
Mpol_BFI40009.1	Rchi_XP_040375126.1	94.0	S	0.0
Ppat_XP_024381729.1	Rchi_XP_040375126.1	94.0	S	0.0
Mpol_BFI39969.1	Rchi_XP_040375126.1	94.0	S	0.0
Ppat_XP_024381721.1	Ecur_TVU25534.1	94.0	S	0.0
Mpol_BFI39968.1	Ecur_TVU25534.1	94.0	S	0.0
Smoe_XP_002992048.1	Ecur_TVU25534.1	94.0	S	0.0
Smoe_XP_002964119.1	Ecur_TVU25534.1	94.0	S	0.0
Ppat_XP_024381737.1	Ecur_TVU25534.1	94.0	S	0.0
Mpol_BFI40009.1	Ecur_TVU25534.1	94.0	S	0.0
Ppat_XP_024381729.1	Ecur_TVU25534.1	94.0	S	0.0
Mpol_BFI39969.1	Ecur_TVU25534.1	94.0	S	0.0
Ppat_XP_024381721.1	Rchi_XP_040374825.1	94.0	S	0.0
Mpol_BFI39968.1	Rchi_XP_040374825.1	94.0	S	0.0
Smoe_XP_002992048.1	Rchi_XP_040374825.1	94.0	S	0.0
Smoe_XP_002964119.1	Rchi_XP_040374825.1	94.0	S	0.0
Ppat_XP_024381737.1	Rchi_XP_040374825.1	94.0	S	0.0
Mpol_BFI40009.1	Rchi_XP_040374825.1	94.0	S	0.0
Ppat_XP_024381729.1	Rchi_XP_040374825.1	94.0	S	0.0
Mpol_BFI39969.1	Rchi_XP_040374825.1	94.0	S	0.0
Ppat_XP_024381721.1	Osat_XP_015644913.1	94.0	S	0.0
Mpol_BFI39968.1	Osat_XP_015644913.1	94.0	S	0.0
Smoe_XP_002992048.1	Osat_XP_015644913.1	94.0	S	0.0
Smoe_XP_002964119.1	Osat_XP_015644913.1	94.0	S	0.0
Ppat_XP_024381737.1	Osat_XP_015644913.1	94.0	S	0.0
Mpol_BFI40009.1	Osat_XP_015644913.1	94.0	S	0.0
Ppat_XP_024381729.1	Osat_XP_015644913.1	94.0	S	0.0
Mpol_BFI39969.1	Osat_XP_015644913.1	94.0	S	0.0
Ppat_XP_024381721.1	Sollyc_XP_069150970.1	94.0	S	0.0
Mpol_BFI39968.1	Sollyc_XP_069150970.1	94.0	S	0.0
Smoe_XP_002992048.1	Sollyc_XP_069150970.1	94.0	S	0.0
Smoe_XP_002964119.1	Sollyc_XP_069150970.1	94.0	S	0.0
Ppat_XP_024381737.1	Sollyc_XP_069150970.1	94.0	S	0.0
Mpol_BFI40009.1	Sollyc_XP_069150970.1	94.0	S	0.0
Ppat_XP_024381729.1	Sollyc_XP_069150970.1	94.0	S	0.0
Mpol_BFI39969.1	Sollyc_XP_069150970.1	94.0	S	0.0
Ppat_XP_024381721.1	Rchi_XP_040374822.1	94.0	S	0.0
Mpol_BFI39968.1	Rchi_XP_040374822.1	94.0	S	0.0
Smoe_XP_002992048.1	Rchi_XP_040374822.1	94.0	S	0.0
Smoe_XP_002964119.1	Rchi_XP_040374822.1	94.0	S	0.0
Ppat_XP_024381737.1	Rchi_XP_040374822.1	94.0	S	0.0
Mpol_BFI40009.1	Rchi_XP_040374822.1	94.0	S	0.0
Ppat_XP_024381729.1	Rchi_XP_040374822.1	94.0	S	0.0
Mpol_BFI39969.1	Rchi_XP_040374822.1	94.0	S	0.0
Ppat_XP_024381721.1	Rchi_XP_040374826.1	94.0	S	0.0
Mpol_BFI39968.1	Rchi_XP_040374826.1	94.0	S	0.0
Smoe_XP_002992048.1	Rchi_XP_040374826.1	94.0	S	0.0
Smoe_XP_002964119.1	Rchi_XP_040374826.1	94.0	S	0.0
Ppat_XP_024381737.1	Rchi_XP_040374826.1	94.0	S	0.0
Mpol_BFI40009.1	Rchi_XP_040374826.1	94.0	S	0.0
Ppat_XP_024381729.1	Rchi_XP_040374826.1	94.0	S	0.0
Mpol_BFI39969.1	Rchi_XP_040374826.1	94.0	S	0.0
Ppat_XP_024381721.1	Atri_XP_020531009.1	94.0	S	0.0
Mpol_BFI39968.1	Atri_XP_020531009.1	94.0	S	0.0
Smoe_XP_002992048.1	Atri_XP_020531009.1	94.0	S	0.0
Smoe_XP_002964119.1	Atri_XP_020531009.1	94.0	S	0.0
Ppat_XP_024381737.1	Atri_XP_020531009.1	94.0	S	0.0
Mpol_BFI40009.1	Atri_XP_020531009.1	94.0	S	0.0
Ppat_XP_024381729.1	Atri_XP_020531009.1	94.0	S	0.0
Mpol_BFI39969.1	Atri_XP_020531009.1	94.0	S	0.0
Ppat_XP_024381721.1	Rchi_XP_040374821.1	94.0	S	0.0
Mpol_BFI39968.1	Rchi_XP_040374821.1	94.0	S	0.0
Smoe_XP_002992048.1	Rchi_XP_040374821.1	94.0	S	0.0
Smoe_XP_002964119.1	Rchi_XP_040374821.1	94.0	S	0.0
Ppat_XP_024381737.1	Rchi_XP_040374821.1	94.0	S	0.0
Mpol_BFI40009.1	Rchi_XP_040374821.1	94.0	S	0.0
Ppat_XP_024381729.1	Rchi_XP_040374821.1	94.0	S	0.0
Mpol_BFI39969.1	Rchi_XP_040374821.1	94.0	S	0.0
Ppat_XP_024381721.1	Qlob_XP_030974355.1	94.0	S	0.0
Mpol_BFI39968.1	Qlob_XP_030974355.1	94.0	S	0.0
Smoe_XP_002992048.1	Qlob_XP_030974355.1	94.0	S	0.0
Smoe_XP_002964119.1	Qlob_XP_030974355.1	94.0	S	0.0
Ppat_XP_024381737.1	Qlob_XP_030974355.1	94.0	S	0.0
Mpol_BFI40009.1	Qlob_XP_030974355.1	94.0	S	0.0
Ppat_XP_024381729.1	Qlob_XP_030974355.1	94.0	S	0.0
Mpol_BFI39969.1	Qlob_XP_030974355.1	94.0	S	0.0
Ppat_XP_024381721.1	Rchi_XP_040374823.1	94.0	S	0.0
Mpol_BFI39968.1	Rchi_XP_040374823.1	94.0	S	0.0
Smoe_XP_002992048.1	Rchi_XP_040374823.1	94.0	S	0.0
Smoe_XP_002964119.1	Rchi_XP_040374823.1	94.0	S	0.0
Ppat_XP_024381737.1	Rchi_XP_040374823.1	94.0	S	0.0
Mpol_BFI40009.1	Rchi_XP_040374823.1	94.0	S	0.0
Ppat_XP_024381729.1	Rchi_XP_040374823.1	94.0	S	0.0
Mpol_BFI39969.1	Rchi_XP_040374823.1	94.0	S	0.0
Ppat_XP_024381721.1	Atri_XP_020531004.1	94.0	S	0.0
Mpol_BFI39968.1	Atri_XP_020531004.1	94.0	S	0.0
Smoe_XP_002992048.1	Atri_XP_020531004.1	94.0	S	0.0
Smoe_XP_002964119.1	Atri_XP_020531004.1	94.0	S	0.0
Ppat_XP_024381737.1	Atri_XP_020531004.1	94.0	S	0.0
Mpol_BFI40009.1	Atri_XP_020531004.1	94.0	S	0.0
Ppat_XP_024381729.1	Atri_XP_020531004.1	94.0	S	0.0
Mpol_BFI39969.1	Atri_XP_020531004.1	94.0	S	0.0
Ppat_XP_024381721.1	Bnap_XP_048618727.1	94.0	S	0.0
Mpol_BFI39968.1	Bnap_XP_048618727.1	94.0	S	0.0
Smoe_XP_002992048.1	Bnap_XP_048618727.1	94.0	S	0.0
Smoe_XP_002964119.1	Bnap_XP_048618727.1	94.0	S	0.0
Ppat_XP_024381737.1	Bnap_XP_048618727.1	94.0	S	0.0
Mpol_BFI40009.1	Bnap_XP_048618727.1	94.0	S	0.0
Ppat_XP_024381729.1	Bnap_XP_048618727.1	94.0	S	0.0
Mpol_BFI39969.1	Bnap_XP_048618727.1	94.0	S	0.0
Ppat_XP_024381721.1	Sollyc_XP_004247758.1	94.0	S	0.0
Mpol_BFI39968.1	Sollyc_XP_004247758.1	94.0	S	0.0
Smoe_XP_002992048.1	Sollyc_XP_004247758.1	94.0	S	0.0
Smoe_XP_002964119.1	Sollyc_XP_004247758.1	94.0	S	0.0
Ppat_XP_024381737.1	Sollyc_XP_004247758.1	94.0	S	0.0
Mpol_BFI40009.1	Sollyc_XP_004247758.1	94.0	S	0.0
Ppat_XP_024381729.1	Sollyc_XP_004247758.1	94.0	S	0.0
Mpol_BFI39969.1	Sollyc_XP_004247758.1	94.0	S	0.0
Ppat_XP_024381721.1	Ecur_TVU25501.1	94.0	S	0.0
Mpol_BFI39968.1	Ecur_TVU25501.1	94.0	S	0.0
Smoe_XP_002992048.1	Ecur_TVU25501.1	94.0	S	0.0
Smoe_XP_002964119.1	Ecur_TVU25501.1	94.0	S	0.0
Ppat_XP_024381737.1	Ecur_TVU25501.1	94.0	S	0.0
Mpol_BFI40009.1	Ecur_TVU25501.1	94.0	S	0.0
Ppat_XP_024381729.1	Ecur_TVU25501.1	94.0	S	0.0
Mpol_BFI39969.1	Ecur_TVU25501.1	94.0	S	0.0
Ppat_XP_024381721.1	Tura_XP_048559763.1	94.0	S	0.0
Mpol_BFI39968.1	Tura_XP_048559763.1	94.0	S	0.0
Smoe_XP_002992048.1	Tura_XP_048559763.1	94.0	S	0.0
Smoe_XP_002964119.1	Tura_XP_048559763.1	94.0	S	0.0
Ppat_XP_024381737.1	Tura_XP_048559763.1	94.0	S	0.0
Mpol_BFI40009.1	Tura_XP_048559763.1	94.0	S	0.0
Ppat_XP_024381729.1	Tura_XP_048559763.1	94.0	S	0.0
Mpol_BFI39969.1	Tura_XP_048559763.1	94.0	S	0.0
Ppat_XP_024381721.1	Atri_XP_020531010.1	94.0	S	0.0
Mpol_BFI39968.1	Atri_XP_020531010.1	94.0	S	0.0
Smoe_XP_002992048.1	Atri_XP_020531010.1	94.0	S	0.0
Smoe_XP_002964119.1	Atri_XP_020531010.1	94.0	S	0.0
Ppat_XP_024381737.1	Atri_XP_020531010.1	94.0	S	0.0
Mpol_BFI40009.1	Atri_XP_020531010.1	94.0	S	0.0
Ppat_XP_024381729.1	Atri_XP_020531010.1	94.0	S	0.0
Mpol_BFI39969.1	Atri_XP_020531010.1	94.0	S	0.0
Ppat_XP_024381721.1	Sollyc_XP_004234691.2	94.0	S	0.0
Mpol_BFI39968.1	Sollyc_XP_004234691.2	94.0	S	0.0
Smoe_XP_002992048.1	Sollyc_XP_004234691.2	94.0	S	0.0
Smoe_XP_002964119.1	Sollyc_XP_004234691.2	94.0	S	0.0
Ppat_XP_024381737.1	Sollyc_XP_004234691.2	94.0	S	0.0
Mpol_BFI40009.1	Sollyc_XP_004234691.2	94.0	S	0.0
Ppat_XP_024381729.1	Sollyc_XP_004234691.2	94.0	S	0.0
Mpol_BFI39969.1	Sollyc_XP_004234691.2	94.0	S	0.0
Ppat_XP_024381721.1	Rchi_XP_040374828.1	94.0	S	0.0
Mpol_BFI39968.1	Rchi_XP_040374828.1	94.0	S	0.0
Smoe_XP_002992048.1	Rchi_XP_040374828.1	94.0	S	0.0
Smoe_XP_002964119.1	Rchi_XP_040374828.1	94.0	S	0.0
Ppat_XP_024381737.1	Rchi_XP_040374828.1	94.0	S	0.0
Mpol_BFI40009.1	Rchi_XP_040374828.1	94.0	S	0.0
Ppat_XP_024381729.1	Rchi_XP_040374828.1	94.0	S	0.0
Mpol_BFI39969.1	Rchi_XP_040374828.1	94.0	S	0.0
Ppat_XP_024381721.1	Lsat_XP_023759689.1	94.0	S	0.0
Mpol_BFI39968.1	Lsat_XP_023759689.1	94.0	S	0.0
Smoe_XP_002992048.1	Lsat_XP_023759689.1	94.0	S	0.0
Smoe_XP_002964119.1	Lsat_XP_023759689.1	94.0	S	0.0
Ppat_XP_024381737.1	Lsat_XP_023759689.1	94.0	S	0.0
Mpol_BFI40009.1	Lsat_XP_023759689.1	94.0	S	0.0
Ppat_XP_024381729.1	Lsat_XP_023759689.1	94.0	S	0.0
Mpol_BFI39969.1	Lsat_XP_023759689.1	94.0	S	0.0
Ppat_XP_024381721.1	Rchi_XP_040375125.1	94.0	S	0.0
Mpol_BFI39968.1	Rchi_XP_040375125.1	94.0	S	0.0
Smoe_XP_002992048.1	Rchi_XP_040375125.1	94.0	S	0.0
Smoe_XP_002964119.1	Rchi_XP_040375125.1	94.0	S	0.0
Ppat_XP_024381737.1	Rchi_XP_040375125.1	94.0	S	0.0
Mpol_BFI40009.1	Rchi_XP_040375125.1	94.0	S	0.0
Ppat_XP_024381729.1	Rchi_XP_040375125.1	94.0	S	0.0
Mpol_BFI39969.1	Rchi_XP_040375125.1	94.0	S	0.0
Ppat_XP_024381721.1	Zmay_XP_008664676.1	94.0	S	0.0
Mpol_BFI39968.1	Zmay_XP_008664676.1	94.0	S	0.0
Smoe_XP_002992048.1	Zmay_XP_008664676.1	94.0	S	0.0
Smoe_XP_002964119.1	Zmay_XP_008664676.1	94.0	S	0.0
Ppat_XP_024381737.1	Zmay_XP_008664676.1	94.0	S	0.0
Mpol_BFI40009.1	Zmay_XP_008664676.1	94.0	S	0.0
Ppat_XP_024381729.1	Zmay_XP_008664676.1	94.0	S	0.0
Mpol_BFI39969.1	Zmay_XP_008664676.1	94.0	S	0.0
Ppat_XP_024381721.1	Rchi_XP_040374824.1	94.0	S	0.0
Mpol_BFI39968.1	Rchi_XP_040374824.1	94.0	S	0.0
Smoe_XP_002992048.1	Rchi_XP_040374824.1	94.0	S	0.0
Smoe_XP_002964119.1	Rchi_XP_040374824.1	94.0	S	0.0
Ppat_XP_024381737.1	Rchi_XP_040374824.1	94.0	S	0.0
Mpol_BFI40009.1	Rchi_XP_040374824.1	94.0	S	0.0
Ppat_XP_024381729.1	Rchi_XP_040374824.1	94.0	S	0.0
Mpol_BFI39969.1	Rchi_XP_040374824.1	94.0	S	0.0
Ppat_XP_024381721.1	Bnap_XP_013685434.2	94.0	S	0.0
Mpol_BFI39968.1	Bnap_XP_013685434.2	94.0	S	0.0
Smoe_XP_002992048.1	Bnap_XP_013685434.2	94.0	S	0.0
Smoe_XP_002964119.1	Bnap_XP_013685434.2	94.0	S	0.0
Ppat_XP_024381737.1	Bnap_XP_013685434.2	94.0	S	0.0
Mpol_BFI40009.1	Bnap_XP_013685434.2	94.0	S	0.0
Ppat_XP_024381729.1	Bnap_XP_013685434.2	94.0	S	0.0
Mpol_BFI39969.1	Bnap_XP_013685434.2	94.0	S	0.0
Ppat_XP_024381721.1	Bnap_XP_013653044.1	94.0	S	0.0
Mpol_BFI39968.1	Bnap_XP_013653044.1	94.0	S	0.0
Smoe_XP_002992048.1	Bnap_XP_013653044.1	94.0	S	0.0
Smoe_XP_002964119.1	Bnap_XP_013653044.1	94.0	S	0.0
Ppat_XP_024381737.1	Bnap_XP_013653044.1	94.0	S	0.0
Mpol_BFI40009.1	Bnap_XP_013653044.1	94.0	S	0.0
Ppat_XP_024381729.1	Bnap_XP_013653044.1	94.0	S	0.0
Mpol_BFI39969.1	Bnap_XP_013653044.1	94.0	S	0.0
Ppat_XP_024381721.1	Lsat_XP_052620645.1	94.0	S	0.0
Mpol_BFI39968.1	Lsat_XP_052620645.1	94.0	S	0.0
Smoe_XP_002992048.1	Lsat_XP_052620645.1	94.0	S	0.0
Smoe_XP_002964119.1	Lsat_XP_052620645.1	94.0	S	0.0
Ppat_XP_024381737.1	Lsat_XP_052620645.1	94.0	S	0.0
Mpol_BFI40009.1	Lsat_XP_052620645.1	94.0	S	0.0
Ppat_XP_024381729.1	Lsat_XP_052620645.1	94.0	S	0.0
Mpol_BFI39969.1	Lsat_XP_052620645.1	94.0	S	0.0
Ppat_XP_024381721.1	Ecur_TVU25532.1	94.0	S	0.0
Mpol_BFI39968.1	Ecur_TVU25532.1	94.0	S	0.0
Smoe_XP_002992048.1	Ecur_TVU25532.1	94.0	S	0.0
Smoe_XP_002964119.1	Ecur_TVU25532.1	94.0	S	0.0
Ppat_XP_024381737.1	Ecur_TVU25532.1	94.0	S	0.0
Mpol_BFI40009.1	Ecur_TVU25532.1	94.0	S	0.0
Ppat_XP_024381729.1	Ecur_TVU25532.1	94.0	S	0.0
Mpol_BFI39969.1	Ecur_TVU25532.1	94.0	S	0.0
Ppat_XP_024381721.1	Osat_XP_015618600.1	94.0	S	0.0
Mpol_BFI39968.1	Osat_XP_015618600.1	94.0	S	0.0
Smoe_XP_002992048.1	Osat_XP_015618600.1	94.0	S	0.0
Smoe_XP_002964119.1	Osat_XP_015618600.1	94.0	S	0.0
Ppat_XP_024381737.1	Osat_XP_015618600.1	94.0	S	0.0
Mpol_BFI40009.1	Osat_XP_015618600.1	94.0	S	0.0
Ppat_XP_024381729.1	Osat_XP_015618600.1	94.0	S	0.0
Mpol_BFI39969.1	Osat_XP_015618600.1	94.0	S	0.0
Ppat_XP_024381721.1	Rchi_XP_024191801.1	94.0	S	0.0
Mpol_BFI39968.1	Rchi_XP_024191801.1	94.0	S	0.0
Smoe_XP_002992048.1	Rchi_XP_024191801.1	94.0	S	0.0
Smoe_XP_002964119.1	Rchi_XP_024191801.1	94.0	S	0.0
Ppat_XP_024381737.1	Rchi_XP_024191801.1	94.0	S	0.0
Mpol_BFI40009.1	Rchi_XP_024191801.1	94.0	S	0.0
Ppat_XP_024381729.1	Rchi_XP_024191801.1	94.0	S	0.0
Mpol_BFI39969.1	Rchi_XP_024191801.1	94.0	S	0.0
Ppat_XP_024381721.1	Tura_XP_048548740.1	94.0	S	0.0
Mpol_BFI39968.1	Tura_XP_048548740.1	94.0	S	0.0
Smoe_XP_002992048.1	Tura_XP_048548740.1	94.0	S	0.0
Smoe_XP_002964119.1	Tura_XP_048548740.1	94.0	S	0.0
Ppat_XP_024381737.1	Tura_XP_048548740.1	94.0	S	0.0
Mpol_BFI40009.1	Tura_XP_048548740.1	94.0	S	0.0
Ppat_XP_024381729.1	Tura_XP_048548740.1	94.0	S	0.0
Mpol_BFI39969.1	Tura_XP_048548740.1	94.0	S	0.0
Ppat_XP_024381721.1	Sollyc_XP_010317817.2	94.0	S	0.0
Mpol_BFI39968.1	Sollyc_XP_010317817.2	94.0	S	0.0
Smoe_XP_002992048.1	Sollyc_XP_010317817.2	94.0	S	0.0
Smoe_XP_002964119.1	Sollyc_XP_010317817.2	94.0	S	0.0
Ppat_XP_024381737.1	Sollyc_XP_010317817.2	94.0	S	0.0
Mpol_BFI40009.1	Sollyc_XP_010317817.2	94.0	S	0.0
Ppat_XP_024381729.1	Sollyc_XP_010317817.2	94.0	S	0.0
Mpol_BFI39969.1	Sollyc_XP_010317817.2	94.0	S	0.0
Ppat_XP_024381721.1	Rchi_XP_024197959.1	94.0	S	0.0
Mpol_BFI39968.1	Rchi_XP_024197959.1	94.0	S	0.0
Smoe_XP_002992048.1	Rchi_XP_024197959.1	94.0	S	0.0
Smoe_XP_002964119.1	Rchi_XP_024197959.1	94.0	S	0.0
Ppat_XP_024381737.1	Rchi_XP_024197959.1	94.0	S	0.0
Mpol_BFI40009.1	Rchi_XP_024197959.1	94.0	S	0.0
Ppat_XP_024381729.1	Rchi_XP_024197959.1	94.0	S	0.0
Mpol_BFI39969.1	Rchi_XP_024197959.1	94.0	S	0.0
Ppat_XP_024381721.1	Mpol_BFI39968.1	82.0	S	0.0
Ppat_XP_024381729.1	Mpol_BFI39968.1	82.0	S	0.0
Ppat_XP_024381737.1	Mpol_BFI39968.1	82.0	S	0.0
Ppat_XP_024381721.1	Smoe_XP_002992048.1	82.0	S	0.0
Ppat_XP_024381729.1	Smoe_XP_002992048.1	82.0	S	0.0
Ppat_XP_024381737.1	Smoe_XP_002992048.1	82.0	S	0.0
Ppat_XP_024381721.1	Smoe_XP_002964119.1	82.0	S	0.0
Ppat_XP_024381729.1	Smoe_XP_002964119.1	82.0	S	0.0
Ppat_XP_024381737.1	Smoe_XP_002964119.1	82.0	S	0.0
Ppat_XP_024381721.1	Mpol_BFI40009.1	82.0	S	0.0
Ppat_XP_024381729.1	Mpol_BFI40009.1	82.0	S	0.0
Ppat_XP_024381737.1	Mpol_BFI40009.1	82.0	S	0.0
Ppat_XP_024381721.1	Mpol_BFI39969.1	82.0	S	0.0
Ppat_XP_024381729.1	Mpol_BFI39969.1	82.0	S	0.0
Ppat_XP_024381737.1	Mpol_BFI39969.1	82.0	S	0.0
Zmay_NP_001147782.1	Sollyc_XP_069145043.1	100.0	S	0.0
Ecur_TVU25501.1	Sollyc_XP_069145043.1	100.0	S	0.0
Ecur_TVU25538.1	Sollyc_XP_069145043.1	100.0	S	0.0
Tura_XP_048559763.1	Sollyc_XP_069145043.1	100.0	S	0.0
Osat_XP_015618601.1	Sollyc_XP_069145043.1	100.0	S	0.0
Tura_XP_048548071.1	Sollyc_XP_069145043.1	100.0	S	0.0
Osat_XP_025877955.1	Sollyc_XP_069145043.1	100.0	S	0.0
Tura_XP_048559760.1	Sollyc_XP_069145043.1	100.0	S	0.0
Ecur_TVU46462.1	Sollyc_XP_069145043.1	100.0	S	0.0
Zmay_XP_008664676.1	Sollyc_XP_069145043.1	100.0	S	0.0
Zmay_XP_008664677.1	Sollyc_XP_069145043.1	100.0	S	0.0
Ecur_TVU25534.1	Sollyc_XP_069145043.1	100.0	S	0.0
Osat_XP_025877954.1	Sollyc_XP_069145043.1	100.0	S	0.0
Osat_XP_015644913.1	Sollyc_XP_069145043.1	100.0	S	0.0
Tura_XP_048559772.1	Sollyc_XP_069145043.1	100.0	S	0.0
Tura_XP_048554241.1	Sollyc_XP_069145043.1	100.0	S	0.0
Bdis_XP_003581006.1	Sollyc_XP_069145043.1	100.0	S	0.0
Ecur_TVU25532.1	Sollyc_XP_069145043.1	100.0	S	0.0
Zmay_XP_008677860.1	Sollyc_XP_069145043.1	100.0	S	0.0
Osat_XP_015618607.1	Sollyc_XP_069145043.1	100.0	S	0.0
Osat_XP_015618600.1	Sollyc_XP_069145043.1	100.0	S	0.0
Tura_XP_048548740.1	Sollyc_XP_069145043.1	100.0	S	0.0
Ecur_TVU05074.1	Sollyc_XP_069145043.1	100.0	S	0.0
Tura_XP_048559770.1	Sollyc_XP_069145043.1	100.0	S	0.0
Ecur_TVU05041.1	Sollyc_XP_069145043.1	100.0	S	0.0
Tura_XP_048559761.1	Sollyc_XP_069145043.1	100.0	S	0.0
Zmay_NP_001147782.1	Bnap_XP_022545047.2	100.0	S	0.0
Ecur_TVU25501.1	Bnap_XP_022545047.2	100.0	S	0.0
Ecur_TVU25538.1	Bnap_XP_022545047.2	100.0	S	0.0
Tura_XP_048559763.1	Bnap_XP_022545047.2	100.0	S	0.0
Osat_XP_015618601.1	Bnap_XP_022545047.2	100.0	S	0.0
Tura_XP_048548071.1	Bnap_XP_022545047.2	100.0	S	0.0
Osat_XP_025877955.1	Bnap_XP_022545047.2	100.0	S	0.0
Tura_XP_048559760.1	Bnap_XP_022545047.2	100.0	S	0.0
Ecur_TVU46462.1	Bnap_XP_022545047.2	100.0	S	0.0
Zmay_XP_008664676.1	Bnap_XP_022545047.2	100.0	S	0.0
Zmay_XP_008664677.1	Bnap_XP_022545047.2	100.0	S	0.0
Ecur_TVU25534.1	Bnap_XP_022545047.2	100.0	S	0.0
Osat_XP_025877954.1	Bnap_XP_022545047.2	100.0	S	0.0
Osat_XP_015644913.1	Bnap_XP_022545047.2	100.0	S	0.0
Tura_XP_048559772.1	Bnap_XP_022545047.2	100.0	S	0.0
Tura_XP_048554241.1	Bnap_XP_022545047.2	100.0	S	0.0
Bdis_XP_003581006.1	Bnap_XP_022545047.2	100.0	S	0.0
Ecur_TVU25532.1	Bnap_XP_022545047.2	100.0	S	0.0
Zmay_XP_008677860.1	Bnap_XP_022545047.2	100.0	S	0.0
Osat_XP_015618607.1	Bnap_XP_022545047.2	100.0	S	0.0
Osat_XP_015618600.1	Bnap_XP_022545047.2	100.0	S	0.0
Tura_XP_048548740.1	Bnap_XP_022545047.2	100.0	S	0.0
Ecur_TVU05074.1	Bnap_XP_022545047.2	100.0	S	0.0
Tura_XP_048559770.1	Bnap_XP_022545047.2	100.0	S	0.0
Ecur_TVU05041.1	Bnap_XP_022545047.2	100.0	S	0.0
Tura_XP_048559761.1	Bnap_XP_022545047.2	100.0	S	0.0
Zmay_NP_001147782.1	Sollyc_XP_010317818.2	100.0	S	0.0
Ecur_TVU25501.1	Sollyc_XP_010317818.2	100.0	S	0.0
Ecur_TVU25538.1	Sollyc_XP_010317818.2	100.0	S	0.0
Tura_XP_048559763.1	Sollyc_XP_010317818.2	100.0	S	0.0
Osat_XP_015618601.1	Sollyc_XP_010317818.2	100.0	S	0.0
Tura_XP_048548071.1	Sollyc_XP_010317818.2	100.0	S	0.0
Osat_XP_025877955.1	Sollyc_XP_010317818.2	100.0	S	0.0
Tura_XP_048559760.1	Sollyc_XP_010317818.2	100.0	S	0.0
Ecur_TVU46462.1	Sollyc_XP_010317818.2	100.0	S	0.0
Zmay_XP_008664676.1	Sollyc_XP_010317818.2	100.0	S	0.0
Zmay_XP_008664677.1	Sollyc_XP_010317818.2	100.0	S	0.0
Ecur_TVU25534.1	Sollyc_XP_010317818.2	100.0	S	0.0
Osat_XP_025877954.1	Sollyc_XP_010317818.2	100.0	S	0.0
Osat_XP_015644913.1	Sollyc_XP_010317818.2	100.0	S	0.0
Tura_XP_048559772.1	Sollyc_XP_010317818.2	100.0	S	0.0
Tura_XP_048554241.1	Sollyc_XP_010317818.2	100.0	S	0.0
Bdis_XP_003581006.1	Sollyc_XP_010317818.2	100.0	S	0.0
Ecur_TVU25532.1	Sollyc_XP_010317818.2	100.0	S	0.0
Zmay_XP_008677860.1	Sollyc_XP_010317818.2	100.0	S	0.0
Osat_XP_015618607.1	Sollyc_XP_010317818.2	100.0	S	0.0
Osat_XP_015618600.1	Sollyc_XP_010317818.2	100.0	S	0.0
Tura_XP_048548740.1	Sollyc_XP_010317818.2	100.0	S	0.0
Ecur_TVU05074.1	Sollyc_XP_010317818.2	100.0	S	0.0
Tura_XP_048559770.1	Sollyc_XP_010317818.2	100.0	S	0.0
Ecur_TVU05041.1	Sollyc_XP_010317818.2	100.0	S	0.0
Tura_XP_048559761.1	Sollyc_XP_010317818.2	100.0	S	0.0
Zmay_NP_001147782.1	Mesc_XP_043811054.1	100.0	S	0.0
Ecur_TVU25501.1	Mesc_XP_043811054.1	100.0	S	0.0
Ecur_TVU25538.1	Mesc_XP_043811054.1	100.0	S	0.0
Tura_XP_048559763.1	Mesc_XP_043811054.1	100.0	S	0.0
Osat_XP_015618601.1	Mesc_XP_043811054.1	100.0	S	0.0
Tura_XP_048548071.1	Mesc_XP_043811054.1	100.0	S	0.0
Osat_XP_025877955.1	Mesc_XP_043811054.1	100.0	S	0.0
Tura_XP_048559760.1	Mesc_XP_043811054.1	100.0	S	0.0
Ecur_TVU46462.1	Mesc_XP_043811054.1	100.0	S	0.0
Zmay_XP_008664676.1	Mesc_XP_043811054.1	100.0	S	0.0
Zmay_XP_008664677.1	Mesc_XP_043811054.1	100.0	S	0.0
Ecur_TVU25534.1	Mesc_XP_043811054.1	100.0	S	0.0
Osat_XP_025877954.1	Mesc_XP_043811054.1	100.0	S	0.0
Osat_XP_015644913.1	Mesc_XP_043811054.1	100.0	S	0.0
Tura_XP_048559772.1	Mesc_XP_043811054.1	100.0	S	0.0
Tura_XP_048554241.1	Mesc_XP_043811054.1	100.0	S	0.0
Bdis_XP_003581006.1	Mesc_XP_043811054.1	100.0	S	0.0
Ecur_TVU25532.1	Mesc_XP_043811054.1	100.0	S	0.0
Zmay_XP_008677860.1	Mesc_XP_043811054.1	100.0	S	0.0
Osat_XP_015618607.1	Mesc_XP_043811054.1	100.0	S	0.0
Osat_XP_015618600.1	Mesc_XP_043811054.1	100.0	S	0.0
Tura_XP_048548740.1	Mesc_XP_043811054.1	100.0	S	0.0
Ecur_TVU05074.1	Mesc_XP_043811054.1	100.0	S	0.0
Tura_XP_048559770.1	Mesc_XP_043811054.1	100.0	S	0.0
Ecur_TVU05041.1	Mesc_XP_043811054.1	100.0	S	0.0
Tura_XP_048559761.1	Mesc_XP_043811054.1	100.0	S	0.0
Zmay_NP_001147782.1	Atri_XP_020531013.1	100.0	S	0.0
Ecur_TVU25501.1	Atri_XP_020531013.1	100.0	S	0.0
Ecur_TVU25538.1	Atri_XP_020531013.1	100.0	S	0.0
Tura_XP_048559763.1	Atri_XP_020531013.1	100.0	S	0.0
Osat_XP_015618601.1	Atri_XP_020531013.1	100.0	S	0.0
Tura_XP_048548071.1	Atri_XP_020531013.1	100.0	S	0.0
Osat_XP_025877955.1	Atri_XP_020531013.1	100.0	S	0.0
Tura_XP_048559760.1	Atri_XP_020531013.1	100.0	S	0.0
Ecur_TVU46462.1	Atri_XP_020531013.1	100.0	S	0.0
Zmay_XP_008664676.1	Atri_XP_020531013.1	100.0	S	0.0
Zmay_XP_008664677.1	Atri_XP_020531013.1	100.0	S	0.0
Ecur_TVU25534.1	Atri_XP_020531013.1	100.0	S	0.0
Osat_XP_025877954.1	Atri_XP_020531013.1	100.0	S	0.0
Osat_XP_015644913.1	Atri_XP_020531013.1	100.0	S	0.0
Tura_XP_048559772.1	Atri_XP_020531013.1	100.0	S	0.0
Tura_XP_048554241.1	Atri_XP_020531013.1	100.0	S	0.0
Bdis_XP_003581006.1	Atri_XP_020531013.1	100.0	S	0.0
Ecur_TVU25532.1	Atri_XP_020531013.1	100.0	S	0.0
Zmay_XP_008677860.1	Atri_XP_020531013.1	100.0	S	0.0
Osat_XP_015618607.1	Atri_XP_020531013.1	100.0	S	0.0
Osat_XP_015618600.1	Atri_XP_020531013.1	100.0	S	0.0
Tura_XP_048548740.1	Atri_XP_020531013.1	100.0	S	0.0
Ecur_TVU05074.1	Atri_XP_020531013.1	100.0	S	0.0
Tura_XP_048559770.1	Atri_XP_020531013.1	100.0	S	0.0
Ecur_TVU05041.1	Atri_XP_020531013.1	100.0	S	0.0
Tura_XP_048559761.1	Atri_XP_020531013.1	100.0	S	0.0
Zmay_NP_001147782.1	Rchi_XP_040375127.1	100.0	S	0.0
Ecur_TVU25501.1	Rchi_XP_040375127.1	100.0	S	0.0
Ecur_TVU25538.1	Rchi_XP_040375127.1	100.0	S	0.0
Tura_XP_048559763.1	Rchi_XP_040375127.1	100.0	S	0.0
Osat_XP_015618601.1	Rchi_XP_040375127.1	100.0	S	0.0
Tura_XP_048548071.1	Rchi_XP_040375127.1	100.0	S	0.0
Osat_XP_025877955.1	Rchi_XP_040375127.1	100.0	S	0.0
Tura_XP_048559760.1	Rchi_XP_040375127.1	100.0	S	0.0
Ecur_TVU46462.1	Rchi_XP_040375127.1	100.0	S	0.0
Zmay_XP_008664676.1	Rchi_XP_040375127.1	100.0	S	0.0
Zmay_XP_008664677.1	Rchi_XP_040375127.1	100.0	S	0.0
Ecur_TVU25534.1	Rchi_XP_040375127.1	100.0	S	0.0
Osat_XP_025877954.1	Rchi_XP_040375127.1	100.0	S	0.0
Osat_XP_015644913.1	Rchi_XP_040375127.1	100.0	S	0.0
Tura_XP_048559772.1	Rchi_XP_040375127.1	100.0	S	0.0
Tura_XP_048554241.1	Rchi_XP_040375127.1	100.0	S	0.0
Bdis_XP_003581006.1	Rchi_XP_040375127.1	100.0	S	0.0
Ecur_TVU25532.1	Rchi_XP_040375127.1	100.0	S	0.0
Zmay_XP_008677860.1	Rchi_XP_040375127.1	100.0	S	0.0
Osat_XP_015618607.1	Rchi_XP_040375127.1	100.0	S	0.0
Osat_XP_015618600.1	Rchi_XP_040375127.1	100.0	S	0.0
Tura_XP_048548740.1	Rchi_XP_040375127.1	100.0	S	0.0
Ecur_TVU05074.1	Rchi_XP_040375127.1	100.0	S	0.0
Tura_XP_048559770.1	Rchi_XP_040375127.1	100.0	S	0.0
Ecur_TVU05041.1	Rchi_XP_040375127.1	100.0	S	0.0
Tura_XP_048559761.1	Rchi_XP_040375127.1	100.0	S	0.0
Zmay_NP_001147782.1	Atri_XP_020531011.1	100.0	S	0.0
Ecur_TVU25501.1	Atri_XP_020531011.1	100.0	S	0.0
Ecur_TVU25538.1	Atri_XP_020531011.1	100.0	S	0.0
Tura_XP_048559763.1	Atri_XP_020531011.1	100.0	S	0.0
Osat_XP_015618601.1	Atri_XP_020531011.1	100.0	S	0.0
Tura_XP_048548071.1	Atri_XP_020531011.1	100.0	S	0.0
Osat_XP_025877955.1	Atri_XP_020531011.1	100.0	S	0.0
Tura_XP_048559760.1	Atri_XP_020531011.1	100.0	S	0.0
Ecur_TVU46462.1	Atri_XP_020531011.1	100.0	S	0.0
Zmay_XP_008664676.1	Atri_XP_020531011.1	100.0	S	0.0
Zmay_XP_008664677.1	Atri_XP_020531011.1	100.0	S	0.0
Ecur_TVU25534.1	Atri_XP_020531011.1	100.0	S	0.0
Osat_XP_025877954.1	Atri_XP_020531011.1	100.0	S	0.0
Osat_XP_015644913.1	Atri_XP_020531011.1	100.0	S	0.0
Tura_XP_048559772.1	Atri_XP_020531011.1	100.0	S	0.0
Tura_XP_048554241.1	Atri_XP_020531011.1	100.0	S	0.0
Bdis_XP_003581006.1	Atri_XP_020531011.1	100.0	S	0.0
Ecur_TVU25532.1	Atri_XP_020531011.1	100.0	S	0.0
Zmay_XP_008677860.1	Atri_XP_020531011.1	100.0	S	0.0
Osat_XP_015618607.1	Atri_XP_020531011.1	100.0	S	0.0
Osat_XP_015618600.1	Atri_XP_020531011.1	100.0	S	0.0
Tura_XP_048548740.1	Atri_XP_020531011.1	100.0	S	0.0
Ecur_TVU05074.1	Atri_XP_020531011.1	100.0	S	0.0
Tura_XP_048559770.1	Atri_XP_020531011.1	100.0	S	0.0
Ecur_TVU05041.1	Atri_XP_020531011.1	100.0	S	0.0
Tura_XP_048559761.1	Atri_XP_020531011.1	100.0	S	0.0
Zmay_NP_001147782.1	Bnap_XP_048599848.1	100.0	S	0.0
Ecur_TVU25501.1	Bnap_XP_048599848.1	100.0	S	0.0
Ecur_TVU25538.1	Bnap_XP_048599848.1	100.0	S	0.0
Tura_XP_048559763.1	Bnap_XP_048599848.1	100.0	S	0.0
Osat_XP_015618601.1	Bnap_XP_048599848.1	100.0	S	0.0
Tura_XP_048548071.1	Bnap_XP_048599848.1	100.0	S	0.0
Osat_XP_025877955.1	Bnap_XP_048599848.1	100.0	S	0.0
Tura_XP_048559760.1	Bnap_XP_048599848.1	100.0	S	0.0
Ecur_TVU46462.1	Bnap_XP_048599848.1	100.0	S	0.0
Zmay_XP_008664676.1	Bnap_XP_048599848.1	100.0	S	0.0
Zmay_XP_008664677.1	Bnap_XP_048599848.1	100.0	S	0.0
Ecur_TVU25534.1	Bnap_XP_048599848.1	100.0	S	0.0
Osat_XP_025877954.1	Bnap_XP_048599848.1	100.0	S	0.0
Osat_XP_015644913.1	Bnap_XP_048599848.1	100.0	S	0.0
Tura_XP_048559772.1	Bnap_XP_048599848.1	100.0	S	0.0
Tura_XP_048554241.1	Bnap_XP_048599848.1	100.0	S	0.0
Bdis_XP_003581006.1	Bnap_XP_048599848.1	100.0	S	0.0
Ecur_TVU25532.1	Bnap_XP_048599848.1	100.0	S	0.0
Zmay_XP_008677860.1	Bnap_XP_048599848.1	100.0	S	0.0
Osat_XP_015618607.1	Bnap_XP_048599848.1	100.0	S	0.0
Osat_XP_015618600.1	Bnap_XP_048599848.1	100.0	S	0.0
Tura_XP_048548740.1	Bnap_XP_048599848.1	100.0	S	0.0
Ecur_TVU05074.1	Bnap_XP_048599848.1	100.0	S	0.0
Tura_XP_048559770.1	Bnap_XP_048599848.1	100.0	S	0.0
Ecur_TVU05041.1	Bnap_XP_048599848.1	100.0	S	0.0
Tura_XP_048559761.1	Bnap_XP_048599848.1	100.0	S	0.0
Zmay_NP_001147782.1	Cofcan_CDO99279.1	100.0	S	0.0
Ecur_TVU25501.1	Cofcan_CDO99279.1	100.0	S	0.0
Ecur_TVU25538.1	Cofcan_CDO99279.1	100.0	S	0.0
Tura_XP_048559763.1	Cofcan_CDO99279.1	100.0	S	0.0
Osat_XP_015618601.1	Cofcan_CDO99279.1	100.0	S	0.0
Tura_XP_048548071.1	Cofcan_CDO99279.1	100.0	S	0.0
Osat_XP_025877955.1	Cofcan_CDO99279.1	100.0	S	0.0
Tura_XP_048559760.1	Cofcan_CDO99279.1	100.0	S	0.0
Ecur_TVU46462.1	Cofcan_CDO99279.1	100.0	S	0.0
Zmay_XP_008664676.1	Cofcan_CDO99279.1	100.0	S	0.0
Zmay_XP_008664677.1	Cofcan_CDO99279.1	100.0	S	0.0
Ecur_TVU25534.1	Cofcan_CDO99279.1	100.0	S	0.0
Osat_XP_025877954.1	Cofcan_CDO99279.1	100.0	S	0.0
Osat_XP_015644913.1	Cofcan_CDO99279.1	100.0	S	0.0
Tura_XP_048559772.1	Cofcan_CDO99279.1	100.0	S	0.0
Tura_XP_048554241.1	Cofcan_CDO99279.1	100.0	S	0.0
Bdis_XP_003581006.1	Cofcan_CDO99279.1	100.0	S	0.0
Ecur_TVU25532.1	Cofcan_CDO99279.1	100.0	S	0.0
Zmay_XP_008677860.1	Cofcan_CDO99279.1	100.0	S	0.0
Osat_XP_015618607.1	Cofcan_CDO99279.1	100.0	S	0.0
Osat_XP_015618600.1	Cofcan_CDO99279.1	100.0	S	0.0
Tura_XP_048548740.1	Cofcan_CDO99279.1	100.0	S	0.0
Ecur_TVU05074.1	Cofcan_CDO99279.1	100.0	S	0.0
Tura_XP_048559770.1	Cofcan_CDO99279.1	100.0	S	0.0
Ecur_TVU05041.1	Cofcan_CDO99279.1	100.0	S	0.0
Tura_XP_048559761.1	Cofcan_CDO99279.1	100.0	S	0.0
Zmay_NP_001147782.1	Atri_XP_020531007.1	100.0	S	0.0
Ecur_TVU25501.1	Atri_XP_020531007.1	100.0	S	0.0
Ecur_TVU25538.1	Atri_XP_020531007.1	100.0	S	0.0
Tura_XP_048559763.1	Atri_XP_020531007.1	100.0	S	0.0
Osat_XP_015618601.1	Atri_XP_020531007.1	100.0	S	0.0
Tura_XP_048548071.1	Atri_XP_020531007.1	100.0	S	0.0
Osat_XP_025877955.1	Atri_XP_020531007.1	100.0	S	0.0
Tura_XP_048559760.1	Atri_XP_020531007.1	100.0	S	0.0
Ecur_TVU46462.1	Atri_XP_020531007.1	100.0	S	0.0
Zmay_XP_008664676.1	Atri_XP_020531007.1	100.0	S	0.0
Zmay_XP_008664677.1	Atri_XP_020531007.1	100.0	S	0.0
Ecur_TVU25534.1	Atri_XP_020531007.1	100.0	S	0.0
Osat_XP_025877954.1	Atri_XP_020531007.1	100.0	S	0.0
Osat_XP_015644913.1	Atri_XP_020531007.1	100.0	S	0.0
Tura_XP_048559772.1	Atri_XP_020531007.1	100.0	S	0.0
Tura_XP_048554241.1	Atri_XP_020531007.1	100.0	S	0.0
Bdis_XP_003581006.1	Atri_XP_020531007.1	100.0	S	0.0
Ecur_TVU25532.1	Atri_XP_020531007.1	100.0	S	0.0
Zmay_XP_008677860.1	Atri_XP_020531007.1	100.0	S	0.0
Osat_XP_015618607.1	Atri_XP_020531007.1	100.0	S	0.0
Osat_XP_015618600.1	Atri_XP_020531007.1	100.0	S	0.0
Tura_XP_048548740.1	Atri_XP_020531007.1	100.0	S	0.0
Ecur_TVU05074.1	Atri_XP_020531007.1	100.0	S	0.0
Tura_XP_048559770.1	Atri_XP_020531007.1	100.0	S	0.0
Ecur_TVU05041.1	Atri_XP_020531007.1	100.0	S	0.0
Tura_XP_048559761.1	Atri_XP_020531007.1	100.0	S	0.0
Zmay_NP_001147782.1	Atri_XP_020531010.1	100.0	S	0.0
Ecur_TVU25501.1	Atri_XP_020531010.1	100.0	S	0.0
Ecur_TVU25538.1	Atri_XP_020531010.1	100.0	S	0.0
Tura_XP_048559763.1	Atri_XP_020531010.1	100.0	S	0.0
Osat_XP_015618601.1	Atri_XP_020531010.1	100.0	S	0.0
Tura_XP_048548071.1	Atri_XP_020531010.1	100.0	S	0.0
Osat_XP_025877955.1	Atri_XP_020531010.1	100.0	S	0.0
Tura_XP_048559760.1	Atri_XP_020531010.1	100.0	S	0.0
Ecur_TVU46462.1	Atri_XP_020531010.1	100.0	S	0.0
Zmay_XP_008664676.1	Atri_XP_020531010.1	100.0	S	0.0
Zmay_XP_008664677.1	Atri_XP_020531010.1	100.0	S	0.0
Ecur_TVU25534.1	Atri_XP_020531010.1	100.0	S	0.0
Osat_XP_025877954.1	Atri_XP_020531010.1	100.0	S	0.0
Osat_XP_015644913.1	Atri_XP_020531010.1	100.0	S	0.0
Tura_XP_048559772.1	Atri_XP_020531010.1	100.0	S	0.0
Tura_XP_048554241.1	Atri_XP_020531010.1	100.0	S	0.0
Bdis_XP_003581006.1	Atri_XP_020531010.1	100.0	S	0.0
Ecur_TVU25532.1	Atri_XP_020531010.1	100.0	S	0.0
Zmay_XP_008677860.1	Atri_XP_020531010.1	100.0	S	0.0
Osat_XP_015618607.1	Atri_XP_020531010.1	100.0	S	0.0
Osat_XP_015618600.1	Atri_XP_020531010.1	100.0	S	0.0
Tura_XP_048548740.1	Atri_XP_020531010.1	100.0	S	0.0
Ecur_TVU05074.1	Atri_XP_020531010.1	100.0	S	0.0
Tura_XP_048559770.1	Atri_XP_020531010.1	100.0	S	0.0
Ecur_TVU05041.1	Atri_XP_020531010.1	100.0	S	0.0
Tura_XP_048559761.1	Atri_XP_020531010.1	100.0	S	0.0
Zmay_NP_001147782.1	Atha_NP_188995.2	100.0	S	0.0
Ecur_TVU25501.1	Atha_NP_188995.2	100.0	S	0.0
Ecur_TVU25538.1	Atha_NP_188995.2	100.0	S	0.0
Tura_XP_048559763.1	Atha_NP_188995.2	100.0	S	0.0
Osat_XP_015618601.1	Atha_NP_188995.2	100.0	S	0.0
Tura_XP_048548071.1	Atha_NP_188995.2	100.0	S	0.0
Osat_XP_025877955.1	Atha_NP_188995.2	100.0	S	0.0
Tura_XP_048559760.1	Atha_NP_188995.2	100.0	S	0.0
Ecur_TVU46462.1	Atha_NP_188995.2	100.0	S	0.0
Zmay_XP_008664676.1	Atha_NP_188995.2	100.0	S	0.0
Zmay_XP_008664677.1	Atha_NP_188995.2	100.0	S	0.0
Ecur_TVU25534.1	Atha_NP_188995.2	100.0	S	0.0
Osat_XP_025877954.1	Atha_NP_188995.2	100.0	S	0.0
Osat_XP_015644913.1	Atha_NP_188995.2	100.0	S	0.0
Tura_XP_048559772.1	Atha_NP_188995.2	100.0	S	0.0
Tura_XP_048554241.1	Atha_NP_188995.2	100.0	S	0.0
Bdis_XP_003581006.1	Atha_NP_188995.2	100.0	S	0.0
Ecur_TVU25532.1	Atha_NP_188995.2	100.0	S	0.0
Zmay_XP_008677860.1	Atha_NP_188995.2	100.0	S	0.0
Osat_XP_015618607.1	Atha_NP_188995.2	100.0	S	0.0
Osat_XP_015618600.1	Atha_NP_188995.2	100.0	S	0.0
Tura_XP_048548740.1	Atha_NP_188995.2	100.0	S	0.0
Ecur_TVU05074.1	Atha_NP_188995.2	100.0	S	0.0
Tura_XP_048559770.1	Atha_NP_188995.2	100.0	S	0.0
Ecur_TVU05041.1	Atha_NP_188995.2	100.0	S	0.0
Tura_XP_048559761.1	Atha_NP_188995.2	100.0	S	0.0
Zmay_NP_001147782.1	Psat_XP_050891581.1	100.0	S	0.0
Ecur_TVU25501.1	Psat_XP_050891581.1	100.0	S	0.0
Ecur_TVU25538.1	Psat_XP_050891581.1	100.0	S	0.0
Tura_XP_048559763.1	Psat_XP_050891581.1	100.0	S	0.0
Osat_XP_015618601.1	Psat_XP_050891581.1	100.0	S	0.0
Tura_XP_048548071.1	Psat_XP_050891581.1	100.0	S	0.0
Osat_XP_025877955.1	Psat_XP_050891581.1	100.0	S	0.0
Tura_XP_048559760.1	Psat_XP_050891581.1	100.0	S	0.0
Ecur_TVU46462.1	Psat_XP_050891581.1	100.0	S	0.0
Zmay_XP_008664676.1	Psat_XP_050891581.1	100.0	S	0.0
Zmay_XP_008664677.1	Psat_XP_050891581.1	100.0	S	0.0
Ecur_TVU25534.1	Psat_XP_050891581.1	100.0	S	0.0
Osat_XP_025877954.1	Psat_XP_050891581.1	100.0	S	0.0
Osat_XP_015644913.1	Psat_XP_050891581.1	100.0	S	0.0
Tura_XP_048559772.1	Psat_XP_050891581.1	100.0	S	0.0
Tura_XP_048554241.1	Psat_XP_050891581.1	100.0	S	0.0
Bdis_XP_003581006.1	Psat_XP_050891581.1	100.0	S	0.0
Ecur_TVU25532.1	Psat_XP_050891581.1	100.0	S	0.0
Zmay_XP_008677860.1	Psat_XP_050891581.1	100.0	S	0.0
Osat_XP_015618607.1	Psat_XP_050891581.1	100.0	S	0.0
Osat_XP_015618600.1	Psat_XP_050891581.1	100.0	S	0.0
Tura_XP_048548740.1	Psat_XP_050891581.1	100.0	S	0.0
Ecur_TVU05074.1	Psat_XP_050891581.1	100.0	S	0.0
Tura_XP_048559770.1	Psat_XP_050891581.1	100.0	S	0.0
Ecur_TVU05041.1	Psat_XP_050891581.1	100.0	S	0.0
Tura_XP_048559761.1	Psat_XP_050891581.1	100.0	S	0.0
Zmay_NP_001147782.1	Qlob_XP_030974354.1	100.0	S	0.0
Ecur_TVU25501.1	Qlob_XP_030974354.1	100.0	S	0.0
Ecur_TVU25538.1	Qlob_XP_030974354.1	100.0	S	0.0
Tura_XP_048559763.1	Qlob_XP_030974354.1	100.0	S	0.0
Osat_XP_015618601.1	Qlob_XP_030974354.1	100.0	S	0.0
Tura_XP_048548071.1	Qlob_XP_030974354.1	100.0	S	0.0
Osat_XP_025877955.1	Qlob_XP_030974354.1	100.0	S	0.0
Tura_XP_048559760.1	Qlob_XP_030974354.1	100.0	S	0.0
Ecur_TVU46462.1	Qlob_XP_030974354.1	100.0	S	0.0
Zmay_XP_008664676.1	Qlob_XP_030974354.1	100.0	S	0.0
Zmay_XP_008664677.1	Qlob_XP_030974354.1	100.0	S	0.0
Ecur_TVU25534.1	Qlob_XP_030974354.1	100.0	S	0.0
Osat_XP_025877954.1	Qlob_XP_030974354.1	100.0	S	0.0
Osat_XP_015644913.1	Qlob_XP_030974354.1	100.0	S	0.0
Tura_XP_048559772.1	Qlob_XP_030974354.1	100.0	S	0.0
Tura_XP_048554241.1	Qlob_XP_030974354.1	100.0	S	0.0
Bdis_XP_003581006.1	Qlob_XP_030974354.1	100.0	S	0.0
Ecur_TVU25532.1	Qlob_XP_030974354.1	100.0	S	0.0
Zmay_XP_008677860.1	Qlob_XP_030974354.1	100.0	S	0.0
Osat_XP_015618607.1	Qlob_XP_030974354.1	100.0	S	0.0
Osat_XP_015618600.1	Qlob_XP_030974354.1	100.0	S	0.0
Tura_XP_048548740.1	Qlob_XP_030974354.1	100.0	S	0.0
Ecur_TVU05074.1	Qlob_XP_030974354.1	100.0	S	0.0
Tura_XP_048559770.1	Qlob_XP_030974354.1	100.0	S	0.0
Ecur_TVU05041.1	Qlob_XP_030974354.1	100.0	S	0.0
Tura_XP_048559761.1	Qlob_XP_030974354.1	100.0	S	0.0
Zmay_NP_001147782.1	Rchi_XP_024197957.1	100.0	S	0.0
Ecur_TVU25501.1	Rchi_XP_024197957.1	100.0	S	0.0
Ecur_TVU25538.1	Rchi_XP_024197957.1	100.0	S	0.0
Tura_XP_048559763.1	Rchi_XP_024197957.1	100.0	S	0.0
Osat_XP_015618601.1	Rchi_XP_024197957.1	100.0	S	0.0
Tura_XP_048548071.1	Rchi_XP_024197957.1	100.0	S	0.0
Osat_XP_025877955.1	Rchi_XP_024197957.1	100.0	S	0.0
Tura_XP_048559760.1	Rchi_XP_024197957.1	100.0	S	0.0
Ecur_TVU46462.1	Rchi_XP_024197957.1	100.0	S	0.0
Zmay_XP_008664676.1	Rchi_XP_024197957.1	100.0	S	0.0
Zmay_XP_008664677.1	Rchi_XP_024197957.1	100.0	S	0.0
Ecur_TVU25534.1	Rchi_XP_024197957.1	100.0	S	0.0
Osat_XP_025877954.1	Rchi_XP_024197957.1	100.0	S	0.0
Osat_XP_015644913.1	Rchi_XP_024197957.1	100.0	S	0.0
Tura_XP_048559772.1	Rchi_XP_024197957.1	100.0	S	0.0
Tura_XP_048554241.1	Rchi_XP_024197957.1	100.0	S	0.0
Bdis_XP_003581006.1	Rchi_XP_024197957.1	100.0	S	0.0
Ecur_TVU25532.1	Rchi_XP_024197957.1	100.0	S	0.0
Zmay_XP_008677860.1	Rchi_XP_024197957.1	100.0	S	0.0
Osat_XP_015618607.1	Rchi_XP_024197957.1	100.0	S	0.0
Osat_XP_015618600.1	Rchi_XP_024197957.1	100.0	S	0.0
Tura_XP_048548740.1	Rchi_XP_024197957.1	100.0	S	0.0
Ecur_TVU05074.1	Rchi_XP_024197957.1	100.0	S	0.0
Tura_XP_048559770.1	Rchi_XP_024197957.1	100.0	S	0.0
Ecur_TVU05041.1	Rchi_XP_024197957.1	100.0	S	0.0
Tura_XP_048559761.1	Rchi_XP_024197957.1	100.0	S	0.0
Zmay_NP_001147782.1	Rchi_XP_024197955.1	100.0	S	0.0
Ecur_TVU25501.1	Rchi_XP_024197955.1	100.0	S	0.0
Ecur_TVU25538.1	Rchi_XP_024197955.1	100.0	S	0.0
Tura_XP_048559763.1	Rchi_XP_024197955.1	100.0	S	0.0
Osat_XP_015618601.1	Rchi_XP_024197955.1	100.0	S	0.0
Tura_XP_048548071.1	Rchi_XP_024197955.1	100.0	S	0.0
Osat_XP_025877955.1	Rchi_XP_024197955.1	100.0	S	0.0
Tura_XP_048559760.1	Rchi_XP_024197955.1	100.0	S	0.0
Ecur_TVU46462.1	Rchi_XP_024197955.1	100.0	S	0.0
Zmay_XP_008664676.1	Rchi_XP_024197955.1	100.0	S	0.0
Zmay_XP_008664677.1	Rchi_XP_024197955.1	100.0	S	0.0
Ecur_TVU25534.1	Rchi_XP_024197955.1	100.0	S	0.0
Osat_XP_025877954.1	Rchi_XP_024197955.1	100.0	S	0.0
Osat_XP_015644913.1	Rchi_XP_024197955.1	100.0	S	0.0
Tura_XP_048559772.1	Rchi_XP_024197955.1	100.0	S	0.0
Tura_XP_048554241.1	Rchi_XP_024197955.1	100.0	S	0.0
Bdis_XP_003581006.1	Rchi_XP_024197955.1	100.0	S	0.0
Ecur_TVU25532.1	Rchi_XP_024197955.1	100.0	S	0.0
Zmay_XP_008677860.1	Rchi_XP_024197955.1	100.0	S	0.0
Osat_XP_015618607.1	Rchi_XP_024197955.1	100.0	S	0.0
Osat_XP_015618600.1	Rchi_XP_024197955.1	100.0	S	0.0
Tura_XP_048548740.1	Rchi_XP_024197955.1	100.0	S	0.0
Ecur_TVU05074.1	Rchi_XP_024197955.1	100.0	S	0.0
Tura_XP_048559770.1	Rchi_XP_024197955.1	100.0	S	0.0
Ecur_TVU05041.1	Rchi_XP_024197955.1	100.0	S	0.0
Tura_XP_048559761.1	Rchi_XP_024197955.1	100.0	S	0.0
Zmay_NP_001147782.1	Sollyc_XP_010317819.2	100.0	S	0.0
Ecur_TVU25501.1	Sollyc_XP_010317819.2	100.0	S	0.0
Ecur_TVU25538.1	Sollyc_XP_010317819.2	100.0	S	0.0
Tura_XP_048559763.1	Sollyc_XP_010317819.2	100.0	S	0.0
Osat_XP_015618601.1	Sollyc_XP_010317819.2	100.0	S	0.0
Tura_XP_048548071.1	Sollyc_XP_010317819.2	100.0	S	0.0
Osat_XP_025877955.1	Sollyc_XP_010317819.2	100.0	S	0.0
Tura_XP_048559760.1	Sollyc_XP_010317819.2	100.0	S	0.0
Ecur_TVU46462.1	Sollyc_XP_010317819.2	100.0	S	0.0
Zmay_XP_008664676.1	Sollyc_XP_010317819.2	100.0	S	0.0
Zmay_XP_008664677.1	Sollyc_XP_010317819.2	100.0	S	0.0
Ecur_TVU25534.1	Sollyc_XP_010317819.2	100.0	S	0.0
Osat_XP_025877954.1	Sollyc_XP_010317819.2	100.0	S	0.0
Osat_XP_015644913.1	Sollyc_XP_010317819.2	100.0	S	0.0
Tura_XP_048559772.1	Sollyc_XP_010317819.2	100.0	S	0.0
Tura_XP_048554241.1	Sollyc_XP_010317819.2	100.0	S	0.0
Bdis_XP_003581006.1	Sollyc_XP_010317819.2	100.0	S	0.0
Ecur_TVU25532.1	Sollyc_XP_010317819.2	100.0	S	0.0
Zmay_XP_008677860.1	Sollyc_XP_010317819.2	100.0	S	0.0
Osat_XP_015618607.1	Sollyc_XP_010317819.2	100.0	S	0.0
Osat_XP_015618600.1	Sollyc_XP_010317819.2	100.0	S	0.0
Tura_XP_048548740.1	Sollyc_XP_010317819.2	100.0	S	0.0
Ecur_TVU05074.1	Sollyc_XP_010317819.2	100.0	S	0.0
Tura_XP_048559770.1	Sollyc_XP_010317819.2	100.0	S	0.0
Ecur_TVU05041.1	Sollyc_XP_010317819.2	100.0	S	0.0
Tura_XP_048559761.1	Sollyc_XP_010317819.2	100.0	S	0.0
Zmay_NP_001147782.1	Sollyc_XP_004234691.2	100.0	S	0.0
Ecur_TVU25501.1	Sollyc_XP_004234691.2	100.0	S	0.0
Ecur_TVU25538.1	Sollyc_XP_004234691.2	100.0	S	0.0
Tura_XP_048559763.1	Sollyc_XP_004234691.2	100.0	S	0.0
Osat_XP_015618601.1	Sollyc_XP_004234691.2	100.0	S	0.0
Tura_XP_048548071.1	Sollyc_XP_004234691.2	100.0	S	0.0
Osat_XP_025877955.1	Sollyc_XP_004234691.2	100.0	S	0.0
Tura_XP_048559760.1	Sollyc_XP_004234691.2	100.0	S	0.0
Ecur_TVU46462.1	Sollyc_XP_004234691.2	100.0	S	0.0
Zmay_XP_008664676.1	Sollyc_XP_004234691.2	100.0	S	0.0
Zmay_XP_008664677.1	Sollyc_XP_004234691.2	100.0	S	0.0
Ecur_TVU25534.1	Sollyc_XP_004234691.2	100.0	S	0.0
Osat_XP_025877954.1	Sollyc_XP_004234691.2	100.0	S	0.0
Osat_XP_015644913.1	Sollyc_XP_004234691.2	100.0	S	0.0
Tura_XP_048559772.1	Sollyc_XP_004234691.2	100.0	S	0.0
Tura_XP_048554241.1	Sollyc_XP_004234691.2	100.0	S	0.0
Bdis_XP_003581006.1	Sollyc_XP_004234691.2	100.0	S	0.0
Ecur_TVU25532.1	Sollyc_XP_004234691.2	100.0	S	0.0
Zmay_XP_008677860.1	Sollyc_XP_004234691.2	100.0	S	0.0
Osat_XP_015618607.1	Sollyc_XP_004234691.2	100.0	S	0.0
Osat_XP_015618600.1	Sollyc_XP_004234691.2	100.0	S	0.0
Tura_XP_048548740.1	Sollyc_XP_004234691.2	100.0	S	0.0
Ecur_TVU05074.1	Sollyc_XP_004234691.2	100.0	S	0.0
Tura_XP_048559770.1	Sollyc_XP_004234691.2	100.0	S	0.0
Ecur_TVU05041.1	Sollyc_XP_004234691.2	100.0	S	0.0
Tura_XP_048559761.1	Sollyc_XP_004234691.2	100.0	S	0.0
Zmay_NP_001147782.1	Rchi_XP_040374828.1	100.0	S	0.0
Ecur_TVU25501.1	Rchi_XP_040374828.1	100.0	S	0.0
Ecur_TVU25538.1	Rchi_XP_040374828.1	100.0	S	0.0
Tura_XP_048559763.1	Rchi_XP_040374828.1	100.0	S	0.0
Osat_XP_015618601.1	Rchi_XP_040374828.1	100.0	S	0.0
Tura_XP_048548071.1	Rchi_XP_040374828.1	100.0	S	0.0
Osat_XP_025877955.1	Rchi_XP_040374828.1	100.0	S	0.0
Tura_XP_048559760.1	Rchi_XP_040374828.1	100.0	S	0.0
Ecur_TVU46462.1	Rchi_XP_040374828.1	100.0	S	0.0
Zmay_XP_008664676.1	Rchi_XP_040374828.1	100.0	S	0.0
Zmay_XP_008664677.1	Rchi_XP_040374828.1	100.0	S	0.0
Ecur_TVU25534.1	Rchi_XP_040374828.1	100.0	S	0.0
Osat_XP_025877954.1	Rchi_XP_040374828.1	100.0	S	0.0
Osat_XP_015644913.1	Rchi_XP_040374828.1	100.0	S	0.0
Tura_XP_048559772.1	Rchi_XP_040374828.1	100.0	S	0.0
Tura_XP_048554241.1	Rchi_XP_040374828.1	100.0	S	0.0
Bdis_XP_003581006.1	Rchi_XP_040374828.1	100.0	S	0.0
Ecur_TVU25532.1	Rchi_XP_040374828.1	100.0	S	0.0
Zmay_XP_008677860.1	Rchi_XP_040374828.1	100.0	S	0.0
Osat_XP_015618607.1	Rchi_XP_040374828.1	100.0	S	0.0
Osat_XP_015618600.1	Rchi_XP_040374828.1	100.0	S	0.0
Tura_XP_048548740.1	Rchi_XP_040374828.1	100.0	S	0.0
Ecur_TVU05074.1	Rchi_XP_040374828.1	100.0	S	0.0
Tura_XP_048559770.1	Rchi_XP_040374828.1	100.0	S	0.0
Ecur_TVU05041.1	Rchi_XP_040374828.1	100.0	S	0.0
Tura_XP_048559761.1	Rchi_XP_040374828.1	100.0	S	0.0
Zmay_NP_001147782.1	Bnap_XP_013653045.1	100.0	S	0.0
Ecur_TVU25501.1	Bnap_XP_013653045.1	100.0	S	0.0
Ecur_TVU25538.1	Bnap_XP_013653045.1	100.0	S	0.0
Tura_XP_048559763.1	Bnap_XP_013653045.1	100.0	S	0.0
Osat_XP_015618601.1	Bnap_XP_013653045.1	100.0	S	0.0
Tura_XP_048548071.1	Bnap_XP_013653045.1	100.0	S	0.0
Osat_XP_025877955.1	Bnap_XP_013653045.1	100.0	S	0.0
Tura_XP_048559760.1	Bnap_XP_013653045.1	100.0	S	0.0
Ecur_TVU46462.1	Bnap_XP_013653045.1	100.0	S	0.0
Zmay_XP_008664676.1	Bnap_XP_013653045.1	100.0	S	0.0
Zmay_XP_008664677.1	Bnap_XP_013653045.1	100.0	S	0.0
Ecur_TVU25534.1	Bnap_XP_013653045.1	100.0	S	0.0
Osat_XP_025877954.1	Bnap_XP_013653045.1	100.0	S	0.0
Osat_XP_015644913.1	Bnap_XP_013653045.1	100.0	S	0.0
Tura_XP_048559772.1	Bnap_XP_013653045.1	100.0	S	0.0
Tura_XP_048554241.1	Bnap_XP_013653045.1	100.0	S	0.0
Bdis_XP_003581006.1	Bnap_XP_013653045.1	100.0	S	0.0
Ecur_TVU25532.1	Bnap_XP_013653045.1	100.0	S	0.0
Zmay_XP_008677860.1	Bnap_XP_013653045.1	100.0	S	0.0
Osat_XP_015618607.1	Bnap_XP_013653045.1	100.0	S	0.0
Osat_XP_015618600.1	Bnap_XP_013653045.1	100.0	S	0.0
Tura_XP_048548740.1	Bnap_XP_013653045.1	100.0	S	0.0
Ecur_TVU05074.1	Bnap_XP_013653045.1	100.0	S	0.0
Tura_XP_048559770.1	Bnap_XP_013653045.1	100.0	S	0.0
Ecur_TVU05041.1	Bnap_XP_013653045.1	100.0	S	0.0
Tura_XP_048559761.1	Bnap_XP_013653045.1	100.0	S	0.0
Zmay_NP_001147782.1	Rchi_XP_024193082.1	100.0	S	0.0
Ecur_TVU25501.1	Rchi_XP_024193082.1	100.0	S	0.0
Ecur_TVU25538.1	Rchi_XP_024193082.1	100.0	S	0.0
Tura_XP_048559763.1	Rchi_XP_024193082.1	100.0	S	0.0
Osat_XP_015618601.1	Rchi_XP_024193082.1	100.0	S	0.0
Tura_XP_048548071.1	Rchi_XP_024193082.1	100.0	S	0.0
Osat_XP_025877955.1	Rchi_XP_024193082.1	100.0	S	0.0
Tura_XP_048559760.1	Rchi_XP_024193082.1	100.0	S	0.0
Ecur_TVU46462.1	Rchi_XP_024193082.1	100.0	S	0.0
Zmay_XP_008664676.1	Rchi_XP_024193082.1	100.0	S	0.0
Zmay_XP_008664677.1	Rchi_XP_024193082.1	100.0	S	0.0
Ecur_TVU25534.1	Rchi_XP_024193082.1	100.0	S	0.0
Osat_XP_025877954.1	Rchi_XP_024193082.1	100.0	S	0.0
Osat_XP_015644913.1	Rchi_XP_024193082.1	100.0	S	0.0
Tura_XP_048559772.1	Rchi_XP_024193082.1	100.0	S	0.0
Tura_XP_048554241.1	Rchi_XP_024193082.1	100.0	S	0.0
Bdis_XP_003581006.1	Rchi_XP_024193082.1	100.0	S	0.0
Ecur_TVU25532.1	Rchi_XP_024193082.1	100.0	S	0.0
Zmay_XP_008677860.1	Rchi_XP_024193082.1	100.0	S	0.0
Osat_XP_015618607.1	Rchi_XP_024193082.1	100.0	S	0.0
Osat_XP_015618600.1	Rchi_XP_024193082.1	100.0	S	0.0
Tura_XP_048548740.1	Rchi_XP_024193082.1	100.0	S	0.0
Ecur_TVU05074.1	Rchi_XP_024193082.1	100.0	S	0.0
Tura_XP_048559770.1	Rchi_XP_024193082.1	100.0	S	0.0
Ecur_TVU05041.1	Rchi_XP_024193082.1	100.0	S	0.0
Tura_XP_048559761.1	Rchi_XP_024193082.1	100.0	S	0.0
Zmay_NP_001147782.1	Rchi_XP_040375126.1	100.0	S	0.0
Ecur_TVU25501.1	Rchi_XP_040375126.1	100.0	S	0.0
Ecur_TVU25538.1	Rchi_XP_040375126.1	100.0	S	0.0
Tura_XP_048559763.1	Rchi_XP_040375126.1	100.0	S	0.0
Osat_XP_015618601.1	Rchi_XP_040375126.1	100.0	S	0.0
Tura_XP_048548071.1	Rchi_XP_040375126.1	100.0	S	0.0
Osat_XP_025877955.1	Rchi_XP_040375126.1	100.0	S	0.0
Tura_XP_048559760.1	Rchi_XP_040375126.1	100.0	S	0.0
Ecur_TVU46462.1	Rchi_XP_040375126.1	100.0	S	0.0
Zmay_XP_008664676.1	Rchi_XP_040375126.1	100.0	S	0.0
Zmay_XP_008664677.1	Rchi_XP_040375126.1	100.0	S	0.0
Ecur_TVU25534.1	Rchi_XP_040375126.1	100.0	S	0.0
Osat_XP_025877954.1	Rchi_XP_040375126.1	100.0	S	0.0
Osat_XP_015644913.1	Rchi_XP_040375126.1	100.0	S	0.0
Tura_XP_048559772.1	Rchi_XP_040375126.1	100.0	S	0.0
Tura_XP_048554241.1	Rchi_XP_040375126.1	100.0	S	0.0
Bdis_XP_003581006.1	Rchi_XP_040375126.1	100.0	S	0.0
Ecur_TVU25532.1	Rchi_XP_040375126.1	100.0	S	0.0
Zmay_XP_008677860.1	Rchi_XP_040375126.1	100.0	S	0.0
Osat_XP_015618607.1	Rchi_XP_040375126.1	100.0	S	0.0
Osat_XP_015618600.1	Rchi_XP_040375126.1	100.0	S	0.0
Tura_XP_048548740.1	Rchi_XP_040375126.1	100.0	S	0.0
Ecur_TVU05074.1	Rchi_XP_040375126.1	100.0	S	0.0
Tura_XP_048559770.1	Rchi_XP_040375126.1	100.0	S	0.0
Ecur_TVU05041.1	Rchi_XP_040375126.1	100.0	S	0.0
Tura_XP_048559761.1	Rchi_XP_040375126.1	100.0	S	0.0
Zmay_NP_001147782.1	Lsat_XP_023759689.1	100.0	S	0.0
Ecur_TVU25501.1	Lsat_XP_023759689.1	100.0	S	0.0
Ecur_TVU25538.1	Lsat_XP_023759689.1	100.0	S	0.0
Tura_XP_048559763.1	Lsat_XP_023759689.1	100.0	S	0.0
Osat_XP_015618601.1	Lsat_XP_023759689.1	100.0	S	0.0
Tura_XP_048548071.1	Lsat_XP_023759689.1	100.0	S	0.0
Osat_XP_025877955.1	Lsat_XP_023759689.1	100.0	S	0.0
Tura_XP_048559760.1	Lsat_XP_023759689.1	100.0	S	0.0
Ecur_TVU46462.1	Lsat_XP_023759689.1	100.0	S	0.0
Zmay_XP_008664676.1	Lsat_XP_023759689.1	100.0	S	0.0
Zmay_XP_008664677.1	Lsat_XP_023759689.1	100.0	S	0.0
Ecur_TVU25534.1	Lsat_XP_023759689.1	100.0	S	0.0
Osat_XP_025877954.1	Lsat_XP_023759689.1	100.0	S	0.0
Osat_XP_015644913.1	Lsat_XP_023759689.1	100.0	S	0.0
Tura_XP_048559772.1	Lsat_XP_023759689.1	100.0	S	0.0
Tura_XP_048554241.1	Lsat_XP_023759689.1	100.0	S	0.0
Bdis_XP_003581006.1	Lsat_XP_023759689.1	100.0	S	0.0
Ecur_TVU25532.1	Lsat_XP_023759689.1	100.0	S	0.0
Zmay_XP_008677860.1	Lsat_XP_023759689.1	100.0	S	0.0
Osat_XP_015618607.1	Lsat_XP_023759689.1	100.0	S	0.0
Osat_XP_015618600.1	Lsat_XP_023759689.1	100.0	S	0.0
Tura_XP_048548740.1	Lsat_XP_023759689.1	100.0	S	0.0
Ecur_TVU05074.1	Lsat_XP_023759689.1	100.0	S	0.0
Tura_XP_048559770.1	Lsat_XP_023759689.1	100.0	S	0.0
Ecur_TVU05041.1	Lsat_XP_023759689.1	100.0	S	0.0
Tura_XP_048559761.1	Lsat_XP_023759689.1	100.0	S	0.0
Zmay_NP_001147782.1	Rchi_XP_040375125.1	100.0	S	0.0
Ecur_TVU25501.1	Rchi_XP_040375125.1	100.0	S	0.0
Ecur_TVU25538.1	Rchi_XP_040375125.1	100.0	S	0.0
Tura_XP_048559763.1	Rchi_XP_040375125.1	100.0	S	0.0
Osat_XP_015618601.1	Rchi_XP_040375125.1	100.0	S	0.0
Tura_XP_048548071.1	Rchi_XP_040375125.1	100.0	S	0.0
Osat_XP_025877955.1	Rchi_XP_040375125.1	100.0	S	0.0
Tura_XP_048559760.1	Rchi_XP_040375125.1	100.0	S	0.0
Ecur_TVU46462.1	Rchi_XP_040375125.1	100.0	S	0.0
Zmay_XP_008664676.1	Rchi_XP_040375125.1	100.0	S	0.0
Zmay_XP_008664677.1	Rchi_XP_040375125.1	100.0	S	0.0
Ecur_TVU25534.1	Rchi_XP_040375125.1	100.0	S	0.0
Osat_XP_025877954.1	Rchi_XP_040375125.1	100.0	S	0.0
Osat_XP_015644913.1	Rchi_XP_040375125.1	100.0	S	0.0
Tura_XP_048559772.1	Rchi_XP_040375125.1	100.0	S	0.0
Tura_XP_048554241.1	Rchi_XP_040375125.1	100.0	S	0.0
Bdis_XP_003581006.1	Rchi_XP_040375125.1	100.0	S	0.0
Ecur_TVU25532.1	Rchi_XP_040375125.1	100.0	S	0.0
Zmay_XP_008677860.1	Rchi_XP_040375125.1	100.0	S	0.0
Osat_XP_015618607.1	Rchi_XP_040375125.1	100.0	S	0.0
Osat_XP_015618600.1	Rchi_XP_040375125.1	100.0	S	0.0
Tura_XP_048548740.1	Rchi_XP_040375125.1	100.0	S	0.0
Ecur_TVU05074.1	Rchi_XP_040375125.1	100.0	S	0.0
Tura_XP_048559770.1	Rchi_XP_040375125.1	100.0	S	0.0
Ecur_TVU05041.1	Rchi_XP_040375125.1	100.0	S	0.0
Tura_XP_048559761.1	Rchi_XP_040375125.1	100.0	S	0.0
Zmay_NP_001147782.1	Atri_XP_020531006.1	100.0	S	0.0
Ecur_TVU25501.1	Atri_XP_020531006.1	100.0	S	0.0
Ecur_TVU25538.1	Atri_XP_020531006.1	100.0	S	0.0
Tura_XP_048559763.1	Atri_XP_020531006.1	100.0	S	0.0
Osat_XP_015618601.1	Atri_XP_020531006.1	100.0	S	0.0
Tura_XP_048548071.1	Atri_XP_020531006.1	100.0	S	0.0
Osat_XP_025877955.1	Atri_XP_020531006.1	100.0	S	0.0
Tura_XP_048559760.1	Atri_XP_020531006.1	100.0	S	0.0
Ecur_TVU46462.1	Atri_XP_020531006.1	100.0	S	0.0
Zmay_XP_008664676.1	Atri_XP_020531006.1	100.0	S	0.0
Zmay_XP_008664677.1	Atri_XP_020531006.1	100.0	S	0.0
Ecur_TVU25534.1	Atri_XP_020531006.1	100.0	S	0.0
Osat_XP_025877954.1	Atri_XP_020531006.1	100.0	S	0.0
Osat_XP_015644913.1	Atri_XP_020531006.1	100.0	S	0.0
Tura_XP_048559772.1	Atri_XP_020531006.1	100.0	S	0.0
Tura_XP_048554241.1	Atri_XP_020531006.1	100.0	S	0.0
Bdis_XP_003581006.1	Atri_XP_020531006.1	100.0	S	0.0
Ecur_TVU25532.1	Atri_XP_020531006.1	100.0	S	0.0
Zmay_XP_008677860.1	Atri_XP_020531006.1	100.0	S	0.0
Osat_XP_015618607.1	Atri_XP_020531006.1	100.0	S	0.0
Osat_XP_015618600.1	Atri_XP_020531006.1	100.0	S	0.0
Tura_XP_048548740.1	Atri_XP_020531006.1	100.0	S	0.0
Ecur_TVU05074.1	Atri_XP_020531006.1	100.0	S	0.0
Tura_XP_048559770.1	Atri_XP_020531006.1	100.0	S	0.0
Ecur_TVU05041.1	Atri_XP_020531006.1	100.0	S	0.0
Tura_XP_048559761.1	Atri_XP_020531006.1	100.0	S	0.0
Zmay_NP_001147782.1	Rchi_XP_024197951.1	100.0	S	0.0
Ecur_TVU25501.1	Rchi_XP_024197951.1	100.0	S	0.0
Ecur_TVU25538.1	Rchi_XP_024197951.1	100.0	S	0.0
Tura_XP_048559763.1	Rchi_XP_024197951.1	100.0	S	0.0
Osat_XP_015618601.1	Rchi_XP_024197951.1	100.0	S	0.0
Tura_XP_048548071.1	Rchi_XP_024197951.1	100.0	S	0.0
Osat_XP_025877955.1	Rchi_XP_024197951.1	100.0	S	0.0
Tura_XP_048559760.1	Rchi_XP_024197951.1	100.0	S	0.0
Ecur_TVU46462.1	Rchi_XP_024197951.1	100.0	S	0.0
Zmay_XP_008664676.1	Rchi_XP_024197951.1	100.0	S	0.0
Zmay_XP_008664677.1	Rchi_XP_024197951.1	100.0	S	0.0
Ecur_TVU25534.1	Rchi_XP_024197951.1	100.0	S	0.0
Osat_XP_025877954.1	Rchi_XP_024197951.1	100.0	S	0.0
Osat_XP_015644913.1	Rchi_XP_024197951.1	100.0	S	0.0
Tura_XP_048559772.1	Rchi_XP_024197951.1	100.0	S	0.0
Tura_XP_048554241.1	Rchi_XP_024197951.1	100.0	S	0.0
Bdis_XP_003581006.1	Rchi_XP_024197951.1	100.0	S	0.0
Ecur_TVU25532.1	Rchi_XP_024197951.1	100.0	S	0.0
Zmay_XP_008677860.1	Rchi_XP_024197951.1	100.0	S	0.0
Osat_XP_015618607.1	Rchi_XP_024197951.1	100.0	S	0.0
Osat_XP_015618600.1	Rchi_XP_024197951.1	100.0	S	0.0
Tura_XP_048548740.1	Rchi_XP_024197951.1	100.0	S	0.0
Ecur_TVU05074.1	Rchi_XP_024197951.1	100.0	S	0.0
Tura_XP_048559770.1	Rchi_XP_024197951.1	100.0	S	0.0
Ecur_TVU05041.1	Rchi_XP_024197951.1	100.0	S	0.0
Tura_XP_048559761.1	Rchi_XP_024197951.1	100.0	S	0.0
Zmay_NP_001147782.1	Rchi_XP_040374824.1	100.0	S	0.0
Ecur_TVU25501.1	Rchi_XP_040374824.1	100.0	S	0.0
Ecur_TVU25538.1	Rchi_XP_040374824.1	100.0	S	0.0
Tura_XP_048559763.1	Rchi_XP_040374824.1	100.0	S	0.0
Osat_XP_015618601.1	Rchi_XP_040374824.1	100.0	S	0.0
Tura_XP_048548071.1	Rchi_XP_040374824.1	100.0	S	0.0
Osat_XP_025877955.1	Rchi_XP_040374824.1	100.0	S	0.0
Tura_XP_048559760.1	Rchi_XP_040374824.1	100.0	S	0.0
Ecur_TVU46462.1	Rchi_XP_040374824.1	100.0	S	0.0
Zmay_XP_008664676.1	Rchi_XP_040374824.1	100.0	S	0.0
Zmay_XP_008664677.1	Rchi_XP_040374824.1	100.0	S	0.0
Ecur_TVU25534.1	Rchi_XP_040374824.1	100.0	S	0.0
Osat_XP_025877954.1	Rchi_XP_040374824.1	100.0	S	0.0
Osat_XP_015644913.1	Rchi_XP_040374824.1	100.0	S	0.0
Tura_XP_048559772.1	Rchi_XP_040374824.1	100.0	S	0.0
Tura_XP_048554241.1	Rchi_XP_040374824.1	100.0	S	0.0
Bdis_XP_003581006.1	Rchi_XP_040374824.1	100.0	S	0.0
Ecur_TVU25532.1	Rchi_XP_040374824.1	100.0	S	0.0
Zmay_XP_008677860.1	Rchi_XP_040374824.1	100.0	S	0.0
Osat_XP_015618607.1	Rchi_XP_040374824.1	100.0	S	0.0
Osat_XP_015618600.1	Rchi_XP_040374824.1	100.0	S	0.0
Tura_XP_048548740.1	Rchi_XP_040374824.1	100.0	S	0.0
Ecur_TVU05074.1	Rchi_XP_040374824.1	100.0	S	0.0
Tura_XP_048559770.1	Rchi_XP_040374824.1	100.0	S	0.0
Ecur_TVU05041.1	Rchi_XP_040374824.1	100.0	S	0.0
Tura_XP_048559761.1	Rchi_XP_040374824.1	100.0	S	0.0
Zmay_NP_001147782.1	Atri_XP_020531008.1	100.0	S	0.0
Ecur_TVU25501.1	Atri_XP_020531008.1	100.0	S	0.0
Ecur_TVU25538.1	Atri_XP_020531008.1	100.0	S	0.0
Tura_XP_048559763.1	Atri_XP_020531008.1	100.0	S	0.0
Osat_XP_015618601.1	Atri_XP_020531008.1	100.0	S	0.0
Tura_XP_048548071.1	Atri_XP_020531008.1	100.0	S	0.0
Osat_XP_025877955.1	Atri_XP_020531008.1	100.0	S	0.0
Tura_XP_048559760.1	Atri_XP_020531008.1	100.0	S	0.0
Ecur_TVU46462.1	Atri_XP_020531008.1	100.0	S	0.0
Zmay_XP_008664676.1	Atri_XP_020531008.1	100.0	S	0.0
Zmay_XP_008664677.1	Atri_XP_020531008.1	100.0	S	0.0
Ecur_TVU25534.1	Atri_XP_020531008.1	100.0	S	0.0
Osat_XP_025877954.1	Atri_XP_020531008.1	100.0	S	0.0
Osat_XP_015644913.1	Atri_XP_020531008.1	100.0	S	0.0
Tura_XP_048559772.1	Atri_XP_020531008.1	100.0	S	0.0
Tura_XP_048554241.1	Atri_XP_020531008.1	100.0	S	0.0
Bdis_XP_003581006.1	Atri_XP_020531008.1	100.0	S	0.0
Ecur_TVU25532.1	Atri_XP_020531008.1	100.0	S	0.0
Zmay_XP_008677860.1	Atri_XP_020531008.1	100.0	S	0.0
Osat_XP_015618607.1	Atri_XP_020531008.1	100.0	S	0.0
Osat_XP_015618600.1	Atri_XP_020531008.1	100.0	S	0.0
Tura_XP_048548740.1	Atri_XP_020531008.1	100.0	S	0.0
Ecur_TVU05074.1	Atri_XP_020531008.1	100.0	S	0.0
Tura_XP_048559770.1	Atri_XP_020531008.1	100.0	S	0.0
Ecur_TVU05041.1	Atri_XP_020531008.1	100.0	S	0.0
Tura_XP_048559761.1	Atri_XP_020531008.1	100.0	S	0.0
Zmay_NP_001147782.1	Rchi_XP_040375129.1	100.0	S	0.0
Ecur_TVU25501.1	Rchi_XP_040375129.1	100.0	S	0.0
Ecur_TVU25538.1	Rchi_XP_040375129.1	100.0	S	0.0
Tura_XP_048559763.1	Rchi_XP_040375129.1	100.0	S	0.0
Osat_XP_015618601.1	Rchi_XP_040375129.1	100.0	S	0.0
Tura_XP_048548071.1	Rchi_XP_040375129.1	100.0	S	0.0
Osat_XP_025877955.1	Rchi_XP_040375129.1	100.0	S	0.0
Tura_XP_048559760.1	Rchi_XP_040375129.1	100.0	S	0.0
Ecur_TVU46462.1	Rchi_XP_040375129.1	100.0	S	0.0
Zmay_XP_008664676.1	Rchi_XP_040375129.1	100.0	S	0.0
Zmay_XP_008664677.1	Rchi_XP_040375129.1	100.0	S	0.0
Ecur_TVU25534.1	Rchi_XP_040375129.1	100.0	S	0.0
Osat_XP_025877954.1	Rchi_XP_040375129.1	100.0	S	0.0
Osat_XP_015644913.1	Rchi_XP_040375129.1	100.0	S	0.0
Tura_XP_048559772.1	Rchi_XP_040375129.1	100.0	S	0.0
Tura_XP_048554241.1	Rchi_XP_040375129.1	100.0	S	0.0
Bdis_XP_003581006.1	Rchi_XP_040375129.1	100.0	S	0.0
Ecur_TVU25532.1	Rchi_XP_040375129.1	100.0	S	0.0
Zmay_XP_008677860.1	Rchi_XP_040375129.1	100.0	S	0.0
Osat_XP_015618607.1	Rchi_XP_040375129.1	100.0	S	0.0
Osat_XP_015618600.1	Rchi_XP_040375129.1	100.0	S	0.0
Tura_XP_048548740.1	Rchi_XP_040375129.1	100.0	S	0.0
Ecur_TVU05074.1	Rchi_XP_040375129.1	100.0	S	0.0
Tura_XP_048559770.1	Rchi_XP_040375129.1	100.0	S	0.0
Ecur_TVU05041.1	Rchi_XP_040375129.1	100.0	S	0.0
Tura_XP_048559761.1	Rchi_XP_040375129.1	100.0	S	0.0
Zmay_NP_001147782.1	Bnap_XP_013685434.2	100.0	S	0.0
Ecur_TVU25501.1	Bnap_XP_013685434.2	100.0	S	0.0
Ecur_TVU25538.1	Bnap_XP_013685434.2	100.0	S	0.0
Tura_XP_048559763.1	Bnap_XP_013685434.2	100.0	S	0.0
Osat_XP_015618601.1	Bnap_XP_013685434.2	100.0	S	0.0
Tura_XP_048548071.1	Bnap_XP_013685434.2	100.0	S	0.0
Osat_XP_025877955.1	Bnap_XP_013685434.2	100.0	S	0.0
Tura_XP_048559760.1	Bnap_XP_013685434.2	100.0	S	0.0
Ecur_TVU46462.1	Bnap_XP_013685434.2	100.0	S	0.0
Zmay_XP_008664676.1	Bnap_XP_013685434.2	100.0	S	0.0
Zmay_XP_008664677.1	Bnap_XP_013685434.2	100.0	S	0.0
Ecur_TVU25534.1	Bnap_XP_013685434.2	100.0	S	0.0
Osat_XP_025877954.1	Bnap_XP_013685434.2	100.0	S	0.0
Osat_XP_015644913.1	Bnap_XP_013685434.2	100.0	S	0.0
Tura_XP_048559772.1	Bnap_XP_013685434.2	100.0	S	0.0
Tura_XP_048554241.1	Bnap_XP_013685434.2	100.0	S	0.0
Bdis_XP_003581006.1	Bnap_XP_013685434.2	100.0	S	0.0
Ecur_TVU25532.1	Bnap_XP_013685434.2	100.0	S	0.0
Zmay_XP_008677860.1	Bnap_XP_013685434.2	100.0	S	0.0
Osat_XP_015618607.1	Bnap_XP_013685434.2	100.0	S	0.0
Osat_XP_015618600.1	Bnap_XP_013685434.2	100.0	S	0.0
Tura_XP_048548740.1	Bnap_XP_013685434.2	100.0	S	0.0
Ecur_TVU05074.1	Bnap_XP_013685434.2	100.0	S	0.0
Tura_XP_048559770.1	Bnap_XP_013685434.2	100.0	S	0.0
Ecur_TVU05041.1	Bnap_XP_013685434.2	100.0	S	0.0
Tura_XP_048559761.1	Bnap_XP_013685434.2	100.0	S	0.0
Zmay_NP_001147782.1	Rchi_XP_024193088.1	100.0	S	0.0
Ecur_TVU25501.1	Rchi_XP_024193088.1	100.0	S	0.0
Ecur_TVU25538.1	Rchi_XP_024193088.1	100.0	S	0.0
Tura_XP_048559763.1	Rchi_XP_024193088.1	100.0	S	0.0
Osat_XP_015618601.1	Rchi_XP_024193088.1	100.0	S	0.0
Tura_XP_048548071.1	Rchi_XP_024193088.1	100.0	S	0.0
Osat_XP_025877955.1	Rchi_XP_024193088.1	100.0	S	0.0
Tura_XP_048559760.1	Rchi_XP_024193088.1	100.0	S	0.0
Ecur_TVU46462.1	Rchi_XP_024193088.1	100.0	S	0.0
Zmay_XP_008664676.1	Rchi_XP_024193088.1	100.0	S	0.0
Zmay_XP_008664677.1	Rchi_XP_024193088.1	100.0	S	0.0
Ecur_TVU25534.1	Rchi_XP_024193088.1	100.0	S	0.0
Osat_XP_025877954.1	Rchi_XP_024193088.1	100.0	S	0.0
Osat_XP_015644913.1	Rchi_XP_024193088.1	100.0	S	0.0
Tura_XP_048559772.1	Rchi_XP_024193088.1	100.0	S	0.0
Tura_XP_048554241.1	Rchi_XP_024193088.1	100.0	S	0.0
Bdis_XP_003581006.1	Rchi_XP_024193088.1	100.0	S	0.0
Ecur_TVU25532.1	Rchi_XP_024193088.1	100.0	S	0.0
Zmay_XP_008677860.1	Rchi_XP_024193088.1	100.0	S	0.0
Osat_XP_015618607.1	Rchi_XP_024193088.1	100.0	S	0.0
Osat_XP_015618600.1	Rchi_XP_024193088.1	100.0	S	0.0
Tura_XP_048548740.1	Rchi_XP_024193088.1	100.0	S	0.0
Ecur_TVU05074.1	Rchi_XP_024193088.1	100.0	S	0.0
Tura_XP_048559770.1	Rchi_XP_024193088.1	100.0	S	0.0
Ecur_TVU05041.1	Rchi_XP_024193088.1	100.0	S	0.0
Tura_XP_048559761.1	Rchi_XP_024193088.1	100.0	S	0.0
Zmay_NP_001147782.1	Rchi_XP_040374825.1	100.0	S	0.0
Ecur_TVU25501.1	Rchi_XP_040374825.1	100.0	S	0.0
Ecur_TVU25538.1	Rchi_XP_040374825.1	100.0	S	0.0
Tura_XP_048559763.1	Rchi_XP_040374825.1	100.0	S	0.0
Osat_XP_015618601.1	Rchi_XP_040374825.1	100.0	S	0.0
Tura_XP_048548071.1	Rchi_XP_040374825.1	100.0	S	0.0
Osat_XP_025877955.1	Rchi_XP_040374825.1	100.0	S	0.0
Tura_XP_048559760.1	Rchi_XP_040374825.1	100.0	S	0.0
Ecur_TVU46462.1	Rchi_XP_040374825.1	100.0	S	0.0
Zmay_XP_008664676.1	Rchi_XP_040374825.1	100.0	S	0.0
Zmay_XP_008664677.1	Rchi_XP_040374825.1	100.0	S	0.0
Ecur_TVU25534.1	Rchi_XP_040374825.1	100.0	S	0.0
Osat_XP_025877954.1	Rchi_XP_040374825.1	100.0	S	0.0
Osat_XP_015644913.1	Rchi_XP_040374825.1	100.0	S	0.0
Tura_XP_048559772.1	Rchi_XP_040374825.1	100.0	S	0.0
Tura_XP_048554241.1	Rchi_XP_040374825.1	100.0	S	0.0
Bdis_XP_003581006.1	Rchi_XP_040374825.1	100.0	S	0.0
Ecur_TVU25532.1	Rchi_XP_040374825.1	100.0	S	0.0
Zmay_XP_008677860.1	Rchi_XP_040374825.1	100.0	S	0.0
Osat_XP_015618607.1	Rchi_XP_040374825.1	100.0	S	0.0
Osat_XP_015618600.1	Rchi_XP_040374825.1	100.0	S	0.0
Tura_XP_048548740.1	Rchi_XP_040374825.1	100.0	S	0.0
Ecur_TVU05074.1	Rchi_XP_040374825.1	100.0	S	0.0
Tura_XP_048559770.1	Rchi_XP_040374825.1	100.0	S	0.0
Ecur_TVU05041.1	Rchi_XP_040374825.1	100.0	S	0.0
Tura_XP_048559761.1	Rchi_XP_040374825.1	100.0	S	0.0
Zmay_NP_001147782.1	Sollyc_XP_069150970.1	100.0	S	0.0
Ecur_TVU25501.1	Sollyc_XP_069150970.1	100.0	S	0.0
Ecur_TVU25538.1	Sollyc_XP_069150970.1	100.0	S	0.0
Tura_XP_048559763.1	Sollyc_XP_069150970.1	100.0	S	0.0
Osat_XP_015618601.1	Sollyc_XP_069150970.1	100.0	S	0.0
Tura_XP_048548071.1	Sollyc_XP_069150970.1	100.0	S	0.0
Osat_XP_025877955.1	Sollyc_XP_069150970.1	100.0	S	0.0
Tura_XP_048559760.1	Sollyc_XP_069150970.1	100.0	S	0.0
Ecur_TVU46462.1	Sollyc_XP_069150970.1	100.0	S	0.0
Zmay_XP_008664676.1	Sollyc_XP_069150970.1	100.0	S	0.0
Zmay_XP_008664677.1	Sollyc_XP_069150970.1	100.0	S	0.0
Ecur_TVU25534.1	Sollyc_XP_069150970.1	100.0	S	0.0
Osat_XP_025877954.1	Sollyc_XP_069150970.1	100.0	S	0.0
Osat_XP_015644913.1	Sollyc_XP_069150970.1	100.0	S	0.0
Tura_XP_048559772.1	Sollyc_XP_069150970.1	100.0	S	0.0
Tura_XP_048554241.1	Sollyc_XP_069150970.1	100.0	S	0.0
Bdis_XP_003581006.1	Sollyc_XP_069150970.1	100.0	S	0.0
Ecur_TVU25532.1	Sollyc_XP_069150970.1	100.0	S	0.0
Zmay_XP_008677860.1	Sollyc_XP_069150970.1	100.0	S	0.0
Osat_XP_015618607.1	Sollyc_XP_069150970.1	100.0	S	0.0
Osat_XP_015618600.1	Sollyc_XP_069150970.1	100.0	S	0.0
Tura_XP_048548740.1	Sollyc_XP_069150970.1	100.0	S	0.0
Ecur_TVU05074.1	Sollyc_XP_069150970.1	100.0	S	0.0
Tura_XP_048559770.1	Sollyc_XP_069150970.1	100.0	S	0.0
Ecur_TVU05041.1	Sollyc_XP_069150970.1	100.0	S	0.0
Tura_XP_048559761.1	Sollyc_XP_069150970.1	100.0	S	0.0
Zmay_NP_001147782.1	Rchi_XP_040374822.1	100.0	S	0.0
Ecur_TVU25501.1	Rchi_XP_040374822.1	100.0	S	0.0
Ecur_TVU25538.1	Rchi_XP_040374822.1	100.0	S	0.0
Tura_XP_048559763.1	Rchi_XP_040374822.1	100.0	S	0.0
Osat_XP_015618601.1	Rchi_XP_040374822.1	100.0	S	0.0
Tura_XP_048548071.1	Rchi_XP_040374822.1	100.0	S	0.0
Osat_XP_025877955.1	Rchi_XP_040374822.1	100.0	S	0.0
Tura_XP_048559760.1	Rchi_XP_040374822.1	100.0	S	0.0
Ecur_TVU46462.1	Rchi_XP_040374822.1	100.0	S	0.0
Zmay_XP_008664676.1	Rchi_XP_040374822.1	100.0	S	0.0
Zmay_XP_008664677.1	Rchi_XP_040374822.1	100.0	S	0.0
Ecur_TVU25534.1	Rchi_XP_040374822.1	100.0	S	0.0
Osat_XP_025877954.1	Rchi_XP_040374822.1	100.0	S	0.0
Osat_XP_015644913.1	Rchi_XP_040374822.1	100.0	S	0.0
Tura_XP_048559772.1	Rchi_XP_040374822.1	100.0	S	0.0
Tura_XP_048554241.1	Rchi_XP_040374822.1	100.0	S	0.0
Bdis_XP_003581006.1	Rchi_XP_040374822.1	100.0	S	0.0
Ecur_TVU25532.1	Rchi_XP_040374822.1	100.0	S	0.0
Zmay_XP_008677860.1	Rchi_XP_040374822.1	100.0	S	0.0
Osat_XP_015618607.1	Rchi_XP_040374822.1	100.0	S	0.0
Osat_XP_015618600.1	Rchi_XP_040374822.1	100.0	S	0.0
Tura_XP_048548740.1	Rchi_XP_040374822.1	100.0	S	0.0
Ecur_TVU05074.1	Rchi_XP_040374822.1	100.0	S	0.0
Tura_XP_048559770.1	Rchi_XP_040374822.1	100.0	S	0.0
Ecur_TVU05041.1	Rchi_XP_040374822.1	100.0	S	0.0
Tura_XP_048559761.1	Rchi_XP_040374822.1	100.0	S	0.0
Zmay_NP_001147782.1	Rchi_XP_040374826.1	100.0	S	0.0
Ecur_TVU25501.1	Rchi_XP_040374826.1	100.0	S	0.0
Ecur_TVU25538.1	Rchi_XP_040374826.1	100.0	S	0.0
Tura_XP_048559763.1	Rchi_XP_040374826.1	100.0	S	0.0
Osat_XP_015618601.1	Rchi_XP_040374826.1	100.0	S	0.0
Tura_XP_048548071.1	Rchi_XP_040374826.1	100.0	S	0.0
Osat_XP_025877955.1	Rchi_XP_040374826.1	100.0	S	0.0
Tura_XP_048559760.1	Rchi_XP_040374826.1	100.0	S	0.0
Ecur_TVU46462.1	Rchi_XP_040374826.1	100.0	S	0.0
Zmay_XP_008664676.1	Rchi_XP_040374826.1	100.0	S	0.0
Zmay_XP_008664677.1	Rchi_XP_040374826.1	100.0	S	0.0
Ecur_TVU25534.1	Rchi_XP_040374826.1	100.0	S	0.0
Osat_XP_025877954.1	Rchi_XP_040374826.1	100.0	S	0.0
Osat_XP_015644913.1	Rchi_XP_040374826.1	100.0	S	0.0
Tura_XP_048559772.1	Rchi_XP_040374826.1	100.0	S	0.0
Tura_XP_048554241.1	Rchi_XP_040374826.1	100.0	S	0.0
Bdis_XP_003581006.1	Rchi_XP_040374826.1	100.0	S	0.0
Ecur_TVU25532.1	Rchi_XP_040374826.1	100.0	S	0.0
Zmay_XP_008677860.1	Rchi_XP_040374826.1	100.0	S	0.0
Osat_XP_015618607.1	Rchi_XP_040374826.1	100.0	S	0.0
Osat_XP_015618600.1	Rchi_XP_040374826.1	100.0	S	0.0
Tura_XP_048548740.1	Rchi_XP_040374826.1	100.0	S	0.0
Ecur_TVU05074.1	Rchi_XP_040374826.1	100.0	S	0.0
Tura_XP_048559770.1	Rchi_XP_040374826.1	100.0	S	0.0
Ecur_TVU05041.1	Rchi_XP_040374826.1	100.0	S	0.0
Tura_XP_048559761.1	Rchi_XP_040374826.1	100.0	S	0.0
Zmay_NP_001147782.1	Atha_NP_188993.2	100.0	S	0.0
Ecur_TVU25501.1	Atha_NP_188993.2	100.0	S	0.0
Ecur_TVU25538.1	Atha_NP_188993.2	100.0	S	0.0
Tura_XP_048559763.1	Atha_NP_188993.2	100.0	S	0.0
Osat_XP_015618601.1	Atha_NP_188993.2	100.0	S	0.0
Tura_XP_048548071.1	Atha_NP_188993.2	100.0	S	0.0
Osat_XP_025877955.1	Atha_NP_188993.2	100.0	S	0.0
Tura_XP_048559760.1	Atha_NP_188993.2	100.0	S	0.0
Ecur_TVU46462.1	Atha_NP_188993.2	100.0	S	0.0
Zmay_XP_008664676.1	Atha_NP_188993.2	100.0	S	0.0
Zmay_XP_008664677.1	Atha_NP_188993.2	100.0	S	0.0
Ecur_TVU25534.1	Atha_NP_188993.2	100.0	S	0.0
Osat_XP_025877954.1	Atha_NP_188993.2	100.0	S	0.0
Osat_XP_015644913.1	Atha_NP_188993.2	100.0	S	0.0
Tura_XP_048559772.1	Atha_NP_188993.2	100.0	S	0.0
Tura_XP_048554241.1	Atha_NP_188993.2	100.0	S	0.0
Bdis_XP_003581006.1	Atha_NP_188993.2	100.0	S	0.0
Ecur_TVU25532.1	Atha_NP_188993.2	100.0	S	0.0
Zmay_XP_008677860.1	Atha_NP_188993.2	100.0	S	0.0
Osat_XP_015618607.1	Atha_NP_188993.2	100.0	S	0.0
Osat_XP_015618600.1	Atha_NP_188993.2	100.0	S	0.0
Tura_XP_048548740.1	Atha_NP_188993.2	100.0	S	0.0
Ecur_TVU05074.1	Atha_NP_188993.2	100.0	S	0.0
Tura_XP_048559770.1	Atha_NP_188993.2	100.0	S	0.0
Ecur_TVU05041.1	Atha_NP_188993.2	100.0	S	0.0
Tura_XP_048559761.1	Atha_NP_188993.2	100.0	S	0.0
Zmay_NP_001147782.1	Bnap_XP_013653044.1	100.0	S	0.0
Ecur_TVU25501.1	Bnap_XP_013653044.1	100.0	S	0.0
Ecur_TVU25538.1	Bnap_XP_013653044.1	100.0	S	0.0
Tura_XP_048559763.1	Bnap_XP_013653044.1	100.0	S	0.0
Osat_XP_015618601.1	Bnap_XP_013653044.1	100.0	S	0.0
Tura_XP_048548071.1	Bnap_XP_013653044.1	100.0	S	0.0
Osat_XP_025877955.1	Bnap_XP_013653044.1	100.0	S	0.0
Tura_XP_048559760.1	Bnap_XP_013653044.1	100.0	S	0.0
Ecur_TVU46462.1	Bnap_XP_013653044.1	100.0	S	0.0
Zmay_XP_008664676.1	Bnap_XP_013653044.1	100.0	S	0.0
Zmay_XP_008664677.1	Bnap_XP_013653044.1	100.0	S	0.0
Ecur_TVU25534.1	Bnap_XP_013653044.1	100.0	S	0.0
Osat_XP_025877954.1	Bnap_XP_013653044.1	100.0	S	0.0
Osat_XP_015644913.1	Bnap_XP_013653044.1	100.0	S	0.0
Tura_XP_048559772.1	Bnap_XP_013653044.1	100.0	S	0.0
Tura_XP_048554241.1	Bnap_XP_013653044.1	100.0	S	0.0
Bdis_XP_003581006.1	Bnap_XP_013653044.1	100.0	S	0.0
Ecur_TVU25532.1	Bnap_XP_013653044.1	100.0	S	0.0
Zmay_XP_008677860.1	Bnap_XP_013653044.1	100.0	S	0.0
Osat_XP_015618607.1	Bnap_XP_013653044.1	100.0	S	0.0
Osat_XP_015618600.1	Bnap_XP_013653044.1	100.0	S	0.0
Tura_XP_048548740.1	Bnap_XP_013653044.1	100.0	S	0.0
Ecur_TVU05074.1	Bnap_XP_013653044.1	100.0	S	0.0
Tura_XP_048559770.1	Bnap_XP_013653044.1	100.0	S	0.0
Ecur_TVU05041.1	Bnap_XP_013653044.1	100.0	S	0.0
Tura_XP_048559761.1	Bnap_XP_013653044.1	100.0	S	0.0
Zmay_NP_001147782.1	Lsat_XP_052620626.1	100.0	S	0.0
Ecur_TVU25501.1	Lsat_XP_052620626.1	100.0	S	0.0
Ecur_TVU25538.1	Lsat_XP_052620626.1	100.0	S	0.0
Tura_XP_048559763.1	Lsat_XP_052620626.1	100.0	S	0.0
Osat_XP_015618601.1	Lsat_XP_052620626.1	100.0	S	0.0
Tura_XP_048548071.1	Lsat_XP_052620626.1	100.0	S	0.0
Osat_XP_025877955.1	Lsat_XP_052620626.1	100.0	S	0.0
Tura_XP_048559760.1	Lsat_XP_052620626.1	100.0	S	0.0
Ecur_TVU46462.1	Lsat_XP_052620626.1	100.0	S	0.0
Zmay_XP_008664676.1	Lsat_XP_052620626.1	100.0	S	0.0
Zmay_XP_008664677.1	Lsat_XP_052620626.1	100.0	S	0.0
Ecur_TVU25534.1	Lsat_XP_052620626.1	100.0	S	0.0
Osat_XP_025877954.1	Lsat_XP_052620626.1	100.0	S	0.0
Osat_XP_015644913.1	Lsat_XP_052620626.1	100.0	S	0.0
Tura_XP_048559772.1	Lsat_XP_052620626.1	100.0	S	0.0
Tura_XP_048554241.1	Lsat_XP_052620626.1	100.0	S	0.0
Bdis_XP_003581006.1	Lsat_XP_052620626.1	100.0	S	0.0
Ecur_TVU25532.1	Lsat_XP_052620626.1	100.0	S	0.0
Zmay_XP_008677860.1	Lsat_XP_052620626.1	100.0	S	0.0
Osat_XP_015618607.1	Lsat_XP_052620626.1	100.0	S	0.0
Osat_XP_015618600.1	Lsat_XP_052620626.1	100.0	S	0.0
Tura_XP_048548740.1	Lsat_XP_052620626.1	100.0	S	0.0
Ecur_TVU05074.1	Lsat_XP_052620626.1	100.0	S	0.0
Tura_XP_048559770.1	Lsat_XP_052620626.1	100.0	S	0.0
Ecur_TVU05041.1	Lsat_XP_052620626.1	100.0	S	0.0
Tura_XP_048559761.1	Lsat_XP_052620626.1	100.0	S	0.0
Zmay_NP_001147782.1	Mesc_XP_021594114.1	100.0	S	0.0
Ecur_TVU25501.1	Mesc_XP_021594114.1	100.0	S	0.0
Ecur_TVU25538.1	Mesc_XP_021594114.1	100.0	S	0.0
Tura_XP_048559763.1	Mesc_XP_021594114.1	100.0	S	0.0
Osat_XP_015618601.1	Mesc_XP_021594114.1	100.0	S	0.0
Tura_XP_048548071.1	Mesc_XP_021594114.1	100.0	S	0.0
Osat_XP_025877955.1	Mesc_XP_021594114.1	100.0	S	0.0
Tura_XP_048559760.1	Mesc_XP_021594114.1	100.0	S	0.0
Ecur_TVU46462.1	Mesc_XP_021594114.1	100.0	S	0.0
Zmay_XP_008664676.1	Mesc_XP_021594114.1	100.0	S	0.0
Zmay_XP_008664677.1	Mesc_XP_021594114.1	100.0	S	0.0
Ecur_TVU25534.1	Mesc_XP_021594114.1	100.0	S	0.0
Osat_XP_025877954.1	Mesc_XP_021594114.1	100.0	S	0.0
Osat_XP_015644913.1	Mesc_XP_021594114.1	100.0	S	0.0
Tura_XP_048559772.1	Mesc_XP_021594114.1	100.0	S	0.0
Tura_XP_048554241.1	Mesc_XP_021594114.1	100.0	S	0.0
Bdis_XP_003581006.1	Mesc_XP_021594114.1	100.0	S	0.0
Ecur_TVU25532.1	Mesc_XP_021594114.1	100.0	S	0.0
Zmay_XP_008677860.1	Mesc_XP_021594114.1	100.0	S	0.0
Osat_XP_015618607.1	Mesc_XP_021594114.1	100.0	S	0.0
Osat_XP_015618600.1	Mesc_XP_021594114.1	100.0	S	0.0
Tura_XP_048548740.1	Mesc_XP_021594114.1	100.0	S	0.0
Ecur_TVU05074.1	Mesc_XP_021594114.1	100.0	S	0.0
Tura_XP_048559770.1	Mesc_XP_021594114.1	100.0	S	0.0
Ecur_TVU05041.1	Mesc_XP_021594114.1	100.0	S	0.0
Tura_XP_048559761.1	Mesc_XP_021594114.1	100.0	S	0.0
Zmay_NP_001147782.1	Bnap_XP_013750545.2	100.0	S	0.0
Ecur_TVU25501.1	Bnap_XP_013750545.2	100.0	S	0.0
Ecur_TVU25538.1	Bnap_XP_013750545.2	100.0	S	0.0
Tura_XP_048559763.1	Bnap_XP_013750545.2	100.0	S	0.0
Osat_XP_015618601.1	Bnap_XP_013750545.2	100.0	S	0.0
Tura_XP_048548071.1	Bnap_XP_013750545.2	100.0	S	0.0
Osat_XP_025877955.1	Bnap_XP_013750545.2	100.0	S	0.0
Tura_XP_048559760.1	Bnap_XP_013750545.2	100.0	S	0.0
Ecur_TVU46462.1	Bnap_XP_013750545.2	100.0	S	0.0
Zmay_XP_008664676.1	Bnap_XP_013750545.2	100.0	S	0.0
Zmay_XP_008664677.1	Bnap_XP_013750545.2	100.0	S	0.0
Ecur_TVU25534.1	Bnap_XP_013750545.2	100.0	S	0.0
Osat_XP_025877954.1	Bnap_XP_013750545.2	100.0	S	0.0
Osat_XP_015644913.1	Bnap_XP_013750545.2	100.0	S	0.0
Tura_XP_048559772.1	Bnap_XP_013750545.2	100.0	S	0.0
Tura_XP_048554241.1	Bnap_XP_013750545.2	100.0	S	0.0
Bdis_XP_003581006.1	Bnap_XP_013750545.2	100.0	S	0.0
Ecur_TVU25532.1	Bnap_XP_013750545.2	100.0	S	0.0
Zmay_XP_008677860.1	Bnap_XP_013750545.2	100.0	S	0.0
Osat_XP_015618607.1	Bnap_XP_013750545.2	100.0	S	0.0
Osat_XP_015618600.1	Bnap_XP_013750545.2	100.0	S	0.0
Tura_XP_048548740.1	Bnap_XP_013750545.2	100.0	S	0.0
Ecur_TVU05074.1	Bnap_XP_013750545.2	100.0	S	0.0
Tura_XP_048559770.1	Bnap_XP_013750545.2	100.0	S	0.0
Ecur_TVU05041.1	Bnap_XP_013750545.2	100.0	S	0.0
Tura_XP_048559761.1	Bnap_XP_013750545.2	100.0	S	0.0
Zmay_NP_001147782.1	Lsat_XP_052620645.1	100.0	S	0.0
Ecur_TVU25501.1	Lsat_XP_052620645.1	100.0	S	0.0
Ecur_TVU25538.1	Lsat_XP_052620645.1	100.0	S	0.0
Tura_XP_048559763.1	Lsat_XP_052620645.1	100.0	S	0.0
Osat_XP_015618601.1	Lsat_XP_052620645.1	100.0	S	0.0
Tura_XP_048548071.1	Lsat_XP_052620645.1	100.0	S	0.0
Osat_XP_025877955.1	Lsat_XP_052620645.1	100.0	S	0.0
Tura_XP_048559760.1	Lsat_XP_052620645.1	100.0	S	0.0
Ecur_TVU46462.1	Lsat_XP_052620645.1	100.0	S	0.0
Zmay_XP_008664676.1	Lsat_XP_052620645.1	100.0	S	0.0
Zmay_XP_008664677.1	Lsat_XP_052620645.1	100.0	S	0.0
Ecur_TVU25534.1	Lsat_XP_052620645.1	100.0	S	0.0
Osat_XP_025877954.1	Lsat_XP_052620645.1	100.0	S	0.0
Osat_XP_015644913.1	Lsat_XP_052620645.1	100.0	S	0.0
Tura_XP_048559772.1	Lsat_XP_052620645.1	100.0	S	0.0
Tura_XP_048554241.1	Lsat_XP_052620645.1	100.0	S	0.0
Bdis_XP_003581006.1	Lsat_XP_052620645.1	100.0	S	0.0
Ecur_TVU25532.1	Lsat_XP_052620645.1	100.0	S	0.0
Zmay_XP_008677860.1	Lsat_XP_052620645.1	100.0	S	0.0
Osat_XP_015618607.1	Lsat_XP_052620645.1	100.0	S	0.0
Osat_XP_015618600.1	Lsat_XP_052620645.1	100.0	S	0.0
Tura_XP_048548740.1	Lsat_XP_052620645.1	100.0	S	0.0
Ecur_TVU05074.1	Lsat_XP_052620645.1	100.0	S	0.0
Tura_XP_048559770.1	Lsat_XP_052620645.1	100.0	S	0.0
Ecur_TVU05041.1	Lsat_XP_052620645.1	100.0	S	0.0
Tura_XP_048559761.1	Lsat_XP_052620645.1	100.0	S	0.0
Zmay_NP_001147782.1	Atri_XP_020531005.1	100.0	S	0.0
Ecur_TVU25501.1	Atri_XP_020531005.1	100.0	S	0.0
Ecur_TVU25538.1	Atri_XP_020531005.1	100.0	S	0.0
Tura_XP_048559763.1	Atri_XP_020531005.1	100.0	S	0.0
Osat_XP_015618601.1	Atri_XP_020531005.1	100.0	S	0.0
Tura_XP_048548071.1	Atri_XP_020531005.1	100.0	S	0.0
Osat_XP_025877955.1	Atri_XP_020531005.1	100.0	S	0.0
Tura_XP_048559760.1	Atri_XP_020531005.1	100.0	S	0.0
Ecur_TVU46462.1	Atri_XP_020531005.1	100.0	S	0.0
Zmay_XP_008664676.1	Atri_XP_020531005.1	100.0	S	0.0
Zmay_XP_008664677.1	Atri_XP_020531005.1	100.0	S	0.0
Ecur_TVU25534.1	Atri_XP_020531005.1	100.0	S	0.0
Osat_XP_025877954.1	Atri_XP_020531005.1	100.0	S	0.0
Osat_XP_015644913.1	Atri_XP_020531005.1	100.0	S	0.0
Tura_XP_048559772.1	Atri_XP_020531005.1	100.0	S	0.0
Tura_XP_048554241.1	Atri_XP_020531005.1	100.0	S	0.0
Bdis_XP_003581006.1	Atri_XP_020531005.1	100.0	S	0.0
Ecur_TVU25532.1	Atri_XP_020531005.1	100.0	S	0.0
Zmay_XP_008677860.1	Atri_XP_020531005.1	100.0	S	0.0
Osat_XP_015618607.1	Atri_XP_020531005.1	100.0	S	0.0
Osat_XP_015618600.1	Atri_XP_020531005.1	100.0	S	0.0
Tura_XP_048548740.1	Atri_XP_020531005.1	100.0	S	0.0
Ecur_TVU05074.1	Atri_XP_020531005.1	100.0	S	0.0
Tura_XP_048559770.1	Atri_XP_020531005.1	100.0	S	0.0
Ecur_TVU05041.1	Atri_XP_020531005.1	100.0	S	0.0
Tura_XP_048559761.1	Atri_XP_020531005.1	100.0	S	0.0
Zmay_NP_001147782.1	Atri_XP_020531009.1	100.0	S	0.0
Ecur_TVU25501.1	Atri_XP_020531009.1	100.0	S	0.0
Ecur_TVU25538.1	Atri_XP_020531009.1	100.0	S	0.0
Tura_XP_048559763.1	Atri_XP_020531009.1	100.0	S	0.0
Osat_XP_015618601.1	Atri_XP_020531009.1	100.0	S	0.0
Tura_XP_048548071.1	Atri_XP_020531009.1	100.0	S	0.0
Osat_XP_025877955.1	Atri_XP_020531009.1	100.0	S	0.0
Tura_XP_048559760.1	Atri_XP_020531009.1	100.0	S	0.0
Ecur_TVU46462.1	Atri_XP_020531009.1	100.0	S	0.0
Zmay_XP_008664676.1	Atri_XP_020531009.1	100.0	S	0.0
Zmay_XP_008664677.1	Atri_XP_020531009.1	100.0	S	0.0
Ecur_TVU25534.1	Atri_XP_020531009.1	100.0	S	0.0
Osat_XP_025877954.1	Atri_XP_020531009.1	100.0	S	0.0
Osat_XP_015644913.1	Atri_XP_020531009.1	100.0	S	0.0
Tura_XP_048559772.1	Atri_XP_020531009.1	100.0	S	0.0
Tura_XP_048554241.1	Atri_XP_020531009.1	100.0	S	0.0
Bdis_XP_003581006.1	Atri_XP_020531009.1	100.0	S	0.0
Ecur_TVU25532.1	Atri_XP_020531009.1	100.0	S	0.0
Zmay_XP_008677860.1	Atri_XP_020531009.1	100.0	S	0.0
Osat_XP_015618607.1	Atri_XP_020531009.1	100.0	S	0.0
Osat_XP_015618600.1	Atri_XP_020531009.1	100.0	S	0.0
Tura_XP_048548740.1	Atri_XP_020531009.1	100.0	S	0.0
Ecur_TVU05074.1	Atri_XP_020531009.1	100.0	S	0.0
Tura_XP_048559770.1	Atri_XP_020531009.1	100.0	S	0.0
Ecur_TVU05041.1	Atri_XP_020531009.1	100.0	S	0.0
Tura_XP_048559761.1	Atri_XP_020531009.1	100.0	S	0.0
Zmay_NP_001147782.1	Rchi_XP_040374821.1	100.0	S	0.0
Ecur_TVU25501.1	Rchi_XP_040374821.1	100.0	S	0.0
Ecur_TVU25538.1	Rchi_XP_040374821.1	100.0	S	0.0
Tura_XP_048559763.1	Rchi_XP_040374821.1	100.0	S	0.0
Osat_XP_015618601.1	Rchi_XP_040374821.1	100.0	S	0.0
Tura_XP_048548071.1	Rchi_XP_040374821.1	100.0	S	0.0
Osat_XP_025877955.1	Rchi_XP_040374821.1	100.0	S	0.0
Tura_XP_048559760.1	Rchi_XP_040374821.1	100.0	S	0.0
Ecur_TVU46462.1	Rchi_XP_040374821.1	100.0	S	0.0
Zmay_XP_008664676.1	Rchi_XP_040374821.1	100.0	S	0.0
Zmay_XP_008664677.1	Rchi_XP_040374821.1	100.0	S	0.0
Ecur_TVU25534.1	Rchi_XP_040374821.1	100.0	S	0.0
Osat_XP_025877954.1	Rchi_XP_040374821.1	100.0	S	0.0
Osat_XP_015644913.1	Rchi_XP_040374821.1	100.0	S	0.0
Tura_XP_048559772.1	Rchi_XP_040374821.1	100.0	S	0.0
Tura_XP_048554241.1	Rchi_XP_040374821.1	100.0	S	0.0
Bdis_XP_003581006.1	Rchi_XP_040374821.1	100.0	S	0.0
Ecur_TVU25532.1	Rchi_XP_040374821.1	100.0	S	0.0
Zmay_XP_008677860.1	Rchi_XP_040374821.1	100.0	S	0.0
Osat_XP_015618607.1	Rchi_XP_040374821.1	100.0	S	0.0
Osat_XP_015618600.1	Rchi_XP_040374821.1	100.0	S	0.0
Tura_XP_048548740.1	Rchi_XP_040374821.1	100.0	S	0.0
Ecur_TVU05074.1	Rchi_XP_040374821.1	100.0	S	0.0
Tura_XP_048559770.1	Rchi_XP_040374821.1	100.0	S	0.0
Ecur_TVU05041.1	Rchi_XP_040374821.1	100.0	S	0.0
Tura_XP_048559761.1	Rchi_XP_040374821.1	100.0	S	0.0
Zmay_NP_001147782.1	Bnap_XP_048592525.1	100.0	S	0.0
Ecur_TVU25501.1	Bnap_XP_048592525.1	100.0	S	0.0
Ecur_TVU25538.1	Bnap_XP_048592525.1	100.0	S	0.0
Tura_XP_048559763.1	Bnap_XP_048592525.1	100.0	S	0.0
Osat_XP_015618601.1	Bnap_XP_048592525.1	100.0	S	0.0
Tura_XP_048548071.1	Bnap_XP_048592525.1	100.0	S	0.0
Osat_XP_025877955.1	Bnap_XP_048592525.1	100.0	S	0.0
Tura_XP_048559760.1	Bnap_XP_048592525.1	100.0	S	0.0
Ecur_TVU46462.1	Bnap_XP_048592525.1	100.0	S	0.0
Zmay_XP_008664676.1	Bnap_XP_048592525.1	100.0	S	0.0
Zmay_XP_008664677.1	Bnap_XP_048592525.1	100.0	S	0.0
Ecur_TVU25534.1	Bnap_XP_048592525.1	100.0	S	0.0
Osat_XP_025877954.1	Bnap_XP_048592525.1	100.0	S	0.0
Osat_XP_015644913.1	Bnap_XP_048592525.1	100.0	S	0.0
Tura_XP_048559772.1	Bnap_XP_048592525.1	100.0	S	0.0
Tura_XP_048554241.1	Bnap_XP_048592525.1	100.0	S	0.0
Bdis_XP_003581006.1	Bnap_XP_048592525.1	100.0	S	0.0
Ecur_TVU25532.1	Bnap_XP_048592525.1	100.0	S	0.0
Zmay_XP_008677860.1	Bnap_XP_048592525.1	100.0	S	0.0
Osat_XP_015618607.1	Bnap_XP_048592525.1	100.0	S	0.0
Osat_XP_015618600.1	Bnap_XP_048592525.1	100.0	S	0.0
Tura_XP_048548740.1	Bnap_XP_048592525.1	100.0	S	0.0
Ecur_TVU05074.1	Bnap_XP_048592525.1	100.0	S	0.0
Tura_XP_048559770.1	Bnap_XP_048592525.1	100.0	S	0.0
Ecur_TVU05041.1	Bnap_XP_048592525.1	100.0	S	0.0
Tura_XP_048559761.1	Bnap_XP_048592525.1	100.0	S	0.0
Zmay_NP_001147782.1	Qlob_XP_030974355.1	100.0	S	0.0
Ecur_TVU25501.1	Qlob_XP_030974355.1	100.0	S	0.0
Ecur_TVU25538.1	Qlob_XP_030974355.1	100.0	S	0.0
Tura_XP_048559763.1	Qlob_XP_030974355.1	100.0	S	0.0
Osat_XP_015618601.1	Qlob_XP_030974355.1	100.0	S	0.0
Tura_XP_048548071.1	Qlob_XP_030974355.1	100.0	S	0.0
Osat_XP_025877955.1	Qlob_XP_030974355.1	100.0	S	0.0
Tura_XP_048559760.1	Qlob_XP_030974355.1	100.0	S	0.0
Ecur_TVU46462.1	Qlob_XP_030974355.1	100.0	S	0.0
Zmay_XP_008664676.1	Qlob_XP_030974355.1	100.0	S	0.0
Zmay_XP_008664677.1	Qlob_XP_030974355.1	100.0	S	0.0
Ecur_TVU25534.1	Qlob_XP_030974355.1	100.0	S	0.0
Osat_XP_025877954.1	Qlob_XP_030974355.1	100.0	S	0.0
Osat_XP_015644913.1	Qlob_XP_030974355.1	100.0	S	0.0
Tura_XP_048559772.1	Qlob_XP_030974355.1	100.0	S	0.0
Tura_XP_048554241.1	Qlob_XP_030974355.1	100.0	S	0.0
Bdis_XP_003581006.1	Qlob_XP_030974355.1	100.0	S	0.0
Ecur_TVU25532.1	Qlob_XP_030974355.1	100.0	S	0.0
Zmay_XP_008677860.1	Qlob_XP_030974355.1	100.0	S	0.0
Osat_XP_015618607.1	Qlob_XP_030974355.1	100.0	S	0.0
Osat_XP_015618600.1	Qlob_XP_030974355.1	100.0	S	0.0
Tura_XP_048548740.1	Qlob_XP_030974355.1	100.0	S	0.0
Ecur_TVU05074.1	Qlob_XP_030974355.1	100.0	S	0.0
Tura_XP_048559770.1	Qlob_XP_030974355.1	100.0	S	0.0
Ecur_TVU05041.1	Qlob_XP_030974355.1	100.0	S	0.0
Tura_XP_048559761.1	Qlob_XP_030974355.1	100.0	S	0.0
Zmay_NP_001147782.1	Rchi_XP_040375123.1	100.0	S	0.0
Ecur_TVU25501.1	Rchi_XP_040375123.1	100.0	S	0.0
Ecur_TVU25538.1	Rchi_XP_040375123.1	100.0	S	0.0
Tura_XP_048559763.1	Rchi_XP_040375123.1	100.0	S	0.0
Osat_XP_015618601.1	Rchi_XP_040375123.1	100.0	S	0.0
Tura_XP_048548071.1	Rchi_XP_040375123.1	100.0	S	0.0
Osat_XP_025877955.1	Rchi_XP_040375123.1	100.0	S	0.0
Tura_XP_048559760.1	Rchi_XP_040375123.1	100.0	S	0.0
Ecur_TVU46462.1	Rchi_XP_040375123.1	100.0	S	0.0
Zmay_XP_008664676.1	Rchi_XP_040375123.1	100.0	S	0.0
Zmay_XP_008664677.1	Rchi_XP_040375123.1	100.0	S	0.0
Ecur_TVU25534.1	Rchi_XP_040375123.1	100.0	S	0.0
Osat_XP_025877954.1	Rchi_XP_040375123.1	100.0	S	0.0
Osat_XP_015644913.1	Rchi_XP_040375123.1	100.0	S	0.0
Tura_XP_048559772.1	Rchi_XP_040375123.1	100.0	S	0.0
Tura_XP_048554241.1	Rchi_XP_040375123.1	100.0	S	0.0
Bdis_XP_003581006.1	Rchi_XP_040375123.1	100.0	S	0.0
Ecur_TVU25532.1	Rchi_XP_040375123.1	100.0	S	0.0
Zmay_XP_008677860.1	Rchi_XP_040375123.1	100.0	S	0.0
Osat_XP_015618607.1	Rchi_XP_040375123.1	100.0	S	0.0
Osat_XP_015618600.1	Rchi_XP_040375123.1	100.0	S	0.0
Tura_XP_048548740.1	Rchi_XP_040375123.1	100.0	S	0.0
Ecur_TVU05074.1	Rchi_XP_040375123.1	100.0	S	0.0
Tura_XP_048559770.1	Rchi_XP_040375123.1	100.0	S	0.0
Ecur_TVU05041.1	Rchi_XP_040375123.1	100.0	S	0.0
Tura_XP_048559761.1	Rchi_XP_040375123.1	100.0	S	0.0
Zmay_NP_001147782.1	Bnap_XP_048593176.1	100.0	S	0.0
Ecur_TVU25501.1	Bnap_XP_048593176.1	100.0	S	0.0
Ecur_TVU25538.1	Bnap_XP_048593176.1	100.0	S	0.0
Tura_XP_048559763.1	Bnap_XP_048593176.1	100.0	S	0.0
Osat_XP_015618601.1	Bnap_XP_048593176.1	100.0	S	0.0
Tura_XP_048548071.1	Bnap_XP_048593176.1	100.0	S	0.0
Osat_XP_025877955.1	Bnap_XP_048593176.1	100.0	S	0.0
Tura_XP_048559760.1	Bnap_XP_048593176.1	100.0	S	0.0
Ecur_TVU46462.1	Bnap_XP_048593176.1	100.0	S	0.0
Zmay_XP_008664676.1	Bnap_XP_048593176.1	100.0	S	0.0
Zmay_XP_008664677.1	Bnap_XP_048593176.1	100.0	S	0.0
Ecur_TVU25534.1	Bnap_XP_048593176.1	100.0	S	0.0
Osat_XP_025877954.1	Bnap_XP_048593176.1	100.0	S	0.0
Osat_XP_015644913.1	Bnap_XP_048593176.1	100.0	S	0.0
Tura_XP_048559772.1	Bnap_XP_048593176.1	100.0	S	0.0
Tura_XP_048554241.1	Bnap_XP_048593176.1	100.0	S	0.0
Bdis_XP_003581006.1	Bnap_XP_048593176.1	100.0	S	0.0
Ecur_TVU25532.1	Bnap_XP_048593176.1	100.0	S	0.0
Zmay_XP_008677860.1	Bnap_XP_048593176.1	100.0	S	0.0
Osat_XP_015618607.1	Bnap_XP_048593176.1	100.0	S	0.0
Osat_XP_015618600.1	Bnap_XP_048593176.1	100.0	S	0.0
Tura_XP_048548740.1	Bnap_XP_048593176.1	100.0	S	0.0
Ecur_TVU05074.1	Bnap_XP_048593176.1	100.0	S	0.0
Tura_XP_048559770.1	Bnap_XP_048593176.1	100.0	S	0.0
Ecur_TVU05041.1	Bnap_XP_048593176.1	100.0	S	0.0
Tura_XP_048559761.1	Bnap_XP_048593176.1	100.0	S	0.0
Zmay_NP_001147782.1	Rchi_XP_040374823.1	100.0	S	0.0
Ecur_TVU25501.1	Rchi_XP_040374823.1	100.0	S	0.0
Ecur_TVU25538.1	Rchi_XP_040374823.1	100.0	S	0.0
Tura_XP_048559763.1	Rchi_XP_040374823.1	100.0	S	0.0
Osat_XP_015618601.1	Rchi_XP_040374823.1	100.0	S	0.0
Tura_XP_048548071.1	Rchi_XP_040374823.1	100.0	S	0.0
Osat_XP_025877955.1	Rchi_XP_040374823.1	100.0	S	0.0
Tura_XP_048559760.1	Rchi_XP_040374823.1	100.0	S	0.0
Ecur_TVU46462.1	Rchi_XP_040374823.1	100.0	S	0.0
Zmay_XP_008664676.1	Rchi_XP_040374823.1	100.0	S	0.0
Zmay_XP_008664677.1	Rchi_XP_040374823.1	100.0	S	0.0
Ecur_TVU25534.1	Rchi_XP_040374823.1	100.0	S	0.0
Osat_XP_025877954.1	Rchi_XP_040374823.1	100.0	S	0.0
Osat_XP_015644913.1	Rchi_XP_040374823.1	100.0	S	0.0
Tura_XP_048559772.1	Rchi_XP_040374823.1	100.0	S	0.0
Tura_XP_048554241.1	Rchi_XP_040374823.1	100.0	S	0.0
Bdis_XP_003581006.1	Rchi_XP_040374823.1	100.0	S	0.0
Ecur_TVU25532.1	Rchi_XP_040374823.1	100.0	S	0.0
Zmay_XP_008677860.1	Rchi_XP_040374823.1	100.0	S	0.0
Osat_XP_015618607.1	Rchi_XP_040374823.1	100.0	S	0.0
Osat_XP_015618600.1	Rchi_XP_040374823.1	100.0	S	0.0
Tura_XP_048548740.1	Rchi_XP_040374823.1	100.0	S	0.0
Ecur_TVU05074.1	Rchi_XP_040374823.1	100.0	S	0.0
Tura_XP_048559770.1	Rchi_XP_040374823.1	100.0	S	0.0
Ecur_TVU05041.1	Rchi_XP_040374823.1	100.0	S	0.0
Tura_XP_048559761.1	Rchi_XP_040374823.1	100.0	S	0.0
Zmay_NP_001147782.1	Lsat_XP_023743075.1	100.0	S	0.0
Ecur_TVU25501.1	Lsat_XP_023743075.1	100.0	S	0.0
Ecur_TVU25538.1	Lsat_XP_023743075.1	100.0	S	0.0
Tura_XP_048559763.1	Lsat_XP_023743075.1	100.0	S	0.0
Osat_XP_015618601.1	Lsat_XP_023743075.1	100.0	S	0.0
Tura_XP_048548071.1	Lsat_XP_023743075.1	100.0	S	0.0
Osat_XP_025877955.1	Lsat_XP_023743075.1	100.0	S	0.0
Tura_XP_048559760.1	Lsat_XP_023743075.1	100.0	S	0.0
Ecur_TVU46462.1	Lsat_XP_023743075.1	100.0	S	0.0
Zmay_XP_008664676.1	Lsat_XP_023743075.1	100.0	S	0.0
Zmay_XP_008664677.1	Lsat_XP_023743075.1	100.0	S	0.0
Ecur_TVU25534.1	Lsat_XP_023743075.1	100.0	S	0.0
Osat_XP_025877954.1	Lsat_XP_023743075.1	100.0	S	0.0
Osat_XP_015644913.1	Lsat_XP_023743075.1	100.0	S	0.0
Tura_XP_048559772.1	Lsat_XP_023743075.1	100.0	S	0.0
Tura_XP_048554241.1	Lsat_XP_023743075.1	100.0	S	0.0
Bdis_XP_003581006.1	Lsat_XP_023743075.1	100.0	S	0.0
Ecur_TVU25532.1	Lsat_XP_023743075.1	100.0	S	0.0
Zmay_XP_008677860.1	Lsat_XP_023743075.1	100.0	S	0.0
Osat_XP_015618607.1	Lsat_XP_023743075.1	100.0	S	0.0
Osat_XP_015618600.1	Lsat_XP_023743075.1	100.0	S	0.0
Tura_XP_048548740.1	Lsat_XP_023743075.1	100.0	S	0.0
Ecur_TVU05074.1	Lsat_XP_023743075.1	100.0	S	0.0
Tura_XP_048559770.1	Lsat_XP_023743075.1	100.0	S	0.0
Ecur_TVU05041.1	Lsat_XP_023743075.1	100.0	S	0.0
Tura_XP_048559761.1	Lsat_XP_023743075.1	100.0	S	0.0
Zmay_NP_001147782.1	Atri_XP_020531004.1	100.0	S	0.0
Ecur_TVU25501.1	Atri_XP_020531004.1	100.0	S	0.0
Ecur_TVU25538.1	Atri_XP_020531004.1	100.0	S	0.0
Tura_XP_048559763.1	Atri_XP_020531004.1	100.0	S	0.0
Osat_XP_015618601.1	Atri_XP_020531004.1	100.0	S	0.0
Tura_XP_048548071.1	Atri_XP_020531004.1	100.0	S	0.0
Osat_XP_025877955.1	Atri_XP_020531004.1	100.0	S	0.0
Tura_XP_048559760.1	Atri_XP_020531004.1	100.0	S	0.0
Ecur_TVU46462.1	Atri_XP_020531004.1	100.0	S	0.0
Zmay_XP_008664676.1	Atri_XP_020531004.1	100.0	S	0.0
Zmay_XP_008664677.1	Atri_XP_020531004.1	100.0	S	0.0
Ecur_TVU25534.1	Atri_XP_020531004.1	100.0	S	0.0
Osat_XP_025877954.1	Atri_XP_020531004.1	100.0	S	0.0
Osat_XP_015644913.1	Atri_XP_020531004.1	100.0	S	0.0
Tura_XP_048559772.1	Atri_XP_020531004.1	100.0	S	0.0
Tura_XP_048554241.1	Atri_XP_020531004.1	100.0	S	0.0
Bdis_XP_003581006.1	Atri_XP_020531004.1	100.0	S	0.0
Ecur_TVU25532.1	Atri_XP_020531004.1	100.0	S	0.0
Zmay_XP_008677860.1	Atri_XP_020531004.1	100.0	S	0.0
Osat_XP_015618607.1	Atri_XP_020531004.1	100.0	S	0.0
Osat_XP_015618600.1	Atri_XP_020531004.1	100.0	S	0.0
Tura_XP_048548740.1	Atri_XP_020531004.1	100.0	S	0.0
Ecur_TVU05074.1	Atri_XP_020531004.1	100.0	S	0.0
Tura_XP_048559770.1	Atri_XP_020531004.1	100.0	S	0.0
Ecur_TVU05041.1	Atri_XP_020531004.1	100.0	S	0.0
Tura_XP_048559761.1	Atri_XP_020531004.1	100.0	S	0.0
Zmay_NP_001147782.1	Rchi_XP_024191801.1	100.0	S	0.0
Ecur_TVU25501.1	Rchi_XP_024191801.1	100.0	S	0.0
Ecur_TVU25538.1	Rchi_XP_024191801.1	100.0	S	0.0
Tura_XP_048559763.1	Rchi_XP_024191801.1	100.0	S	0.0
Osat_XP_015618601.1	Rchi_XP_024191801.1	100.0	S	0.0
Tura_XP_048548071.1	Rchi_XP_024191801.1	100.0	S	0.0
Osat_XP_025877955.1	Rchi_XP_024191801.1	100.0	S	0.0
Tura_XP_048559760.1	Rchi_XP_024191801.1	100.0	S	0.0
Ecur_TVU46462.1	Rchi_XP_024191801.1	100.0	S	0.0
Zmay_XP_008664676.1	Rchi_XP_024191801.1	100.0	S	0.0
Zmay_XP_008664677.1	Rchi_XP_024191801.1	100.0	S	0.0
Ecur_TVU25534.1	Rchi_XP_024191801.1	100.0	S	0.0
Osat_XP_025877954.1	Rchi_XP_024191801.1	100.0	S	0.0
Osat_XP_015644913.1	Rchi_XP_024191801.1	100.0	S	0.0
Tura_XP_048559772.1	Rchi_XP_024191801.1	100.0	S	0.0
Tura_XP_048554241.1	Rchi_XP_024191801.1	100.0	S	0.0
Bdis_XP_003581006.1	Rchi_XP_024191801.1	100.0	S	0.0
Ecur_TVU25532.1	Rchi_XP_024191801.1	100.0	S	0.0
Zmay_XP_008677860.1	Rchi_XP_024191801.1	100.0	S	0.0
Osat_XP_015618607.1	Rchi_XP_024191801.1	100.0	S	0.0
Osat_XP_015618600.1	Rchi_XP_024191801.1	100.0	S	0.0
Tura_XP_048548740.1	Rchi_XP_024191801.1	100.0	S	0.0
Ecur_TVU05074.1	Rchi_XP_024191801.1	100.0	S	0.0
Tura_XP_048559770.1	Rchi_XP_024191801.1	100.0	S	0.0
Ecur_TVU05041.1	Rchi_XP_024191801.1	100.0	S	0.0
Tura_XP_048559761.1	Rchi_XP_024191801.1	100.0	S	0.0
Zmay_NP_001147782.1	Atri_XP_020531012.1	100.0	S	0.0
Ecur_TVU25501.1	Atri_XP_020531012.1	100.0	S	0.0
Ecur_TVU25538.1	Atri_XP_020531012.1	100.0	S	0.0
Tura_XP_048559763.1	Atri_XP_020531012.1	100.0	S	0.0
Osat_XP_015618601.1	Atri_XP_020531012.1	100.0	S	0.0
Tura_XP_048548071.1	Atri_XP_020531012.1	100.0	S	0.0
Osat_XP_025877955.1	Atri_XP_020531012.1	100.0	S	0.0
Tura_XP_048559760.1	Atri_XP_020531012.1	100.0	S	0.0
Ecur_TVU46462.1	Atri_XP_020531012.1	100.0	S	0.0
Zmay_XP_008664676.1	Atri_XP_020531012.1	100.0	S	0.0
Zmay_XP_008664677.1	Atri_XP_020531012.1	100.0	S	0.0
Ecur_TVU25534.1	Atri_XP_020531012.1	100.0	S	0.0
Osat_XP_025877954.1	Atri_XP_020531012.1	100.0	S	0.0
Osat_XP_015644913.1	Atri_XP_020531012.1	100.0	S	0.0
Tura_XP_048559772.1	Atri_XP_020531012.1	100.0	S	0.0
Tura_XP_048554241.1	Atri_XP_020531012.1	100.0	S	0.0
Bdis_XP_003581006.1	Atri_XP_020531012.1	100.0	S	0.0
Ecur_TVU25532.1	Atri_XP_020531012.1	100.0	S	0.0
Zmay_XP_008677860.1	Atri_XP_020531012.1	100.0	S	0.0
Osat_XP_015618607.1	Atri_XP_020531012.1	100.0	S	0.0
Osat_XP_015618600.1	Atri_XP_020531012.1	100.0	S	0.0
Tura_XP_048548740.1	Atri_XP_020531012.1	100.0	S	0.0
Ecur_TVU05074.1	Atri_XP_020531012.1	100.0	S	0.0
Tura_XP_048559770.1	Atri_XP_020531012.1	100.0	S	0.0
Ecur_TVU05041.1	Atri_XP_020531012.1	100.0	S	0.0
Tura_XP_048559761.1	Atri_XP_020531012.1	100.0	S	0.0
Zmay_NP_001147782.1	Bnap_XP_048618727.1	100.0	S	0.0
Ecur_TVU25501.1	Bnap_XP_048618727.1	100.0	S	0.0
Ecur_TVU25538.1	Bnap_XP_048618727.1	100.0	S	0.0
Tura_XP_048559763.1	Bnap_XP_048618727.1	100.0	S	0.0
Osat_XP_015618601.1	Bnap_XP_048618727.1	100.0	S	0.0
Tura_XP_048548071.1	Bnap_XP_048618727.1	100.0	S	0.0
Osat_XP_025877955.1	Bnap_XP_048618727.1	100.0	S	0.0
Tura_XP_048559760.1	Bnap_XP_048618727.1	100.0	S	0.0
Ecur_TVU46462.1	Bnap_XP_048618727.1	100.0	S	0.0
Zmay_XP_008664676.1	Bnap_XP_048618727.1	100.0	S	0.0
Zmay_XP_008664677.1	Bnap_XP_048618727.1	100.0	S	0.0
Ecur_TVU25534.1	Bnap_XP_048618727.1	100.0	S	0.0
Osat_XP_025877954.1	Bnap_XP_048618727.1	100.0	S	0.0
Osat_XP_015644913.1	Bnap_XP_048618727.1	100.0	S	0.0
Tura_XP_048559772.1	Bnap_XP_048618727.1	100.0	S	0.0
Tura_XP_048554241.1	Bnap_XP_048618727.1	100.0	S	0.0
Bdis_XP_003581006.1	Bnap_XP_048618727.1	100.0	S	0.0
Ecur_TVU25532.1	Bnap_XP_048618727.1	100.0	S	0.0
Zmay_XP_008677860.1	Bnap_XP_048618727.1	100.0	S	0.0
Osat_XP_015618607.1	Bnap_XP_048618727.1	100.0	S	0.0
Osat_XP_015618600.1	Bnap_XP_048618727.1	100.0	S	0.0
Tura_XP_048548740.1	Bnap_XP_048618727.1	100.0	S	0.0
Ecur_TVU05074.1	Bnap_XP_048618727.1	100.0	S	0.0
Tura_XP_048559770.1	Bnap_XP_048618727.1	100.0	S	0.0
Ecur_TVU05041.1	Bnap_XP_048618727.1	100.0	S	0.0
Tura_XP_048559761.1	Bnap_XP_048618727.1	100.0	S	0.0
Zmay_NP_001147782.1	Rchi_XP_024197958.1	100.0	S	0.0
Ecur_TVU25501.1	Rchi_XP_024197958.1	100.0	S	0.0
Ecur_TVU25538.1	Rchi_XP_024197958.1	100.0	S	0.0
Tura_XP_048559763.1	Rchi_XP_024197958.1	100.0	S	0.0
Osat_XP_015618601.1	Rchi_XP_024197958.1	100.0	S	0.0
Tura_XP_048548071.1	Rchi_XP_024197958.1	100.0	S	0.0
Osat_XP_025877955.1	Rchi_XP_024197958.1	100.0	S	0.0
Tura_XP_048559760.1	Rchi_XP_024197958.1	100.0	S	0.0
Ecur_TVU46462.1	Rchi_XP_024197958.1	100.0	S	0.0
Zmay_XP_008664676.1	Rchi_XP_024197958.1	100.0	S	0.0
Zmay_XP_008664677.1	Rchi_XP_024197958.1	100.0	S	0.0
Ecur_TVU25534.1	Rchi_XP_024197958.1	100.0	S	0.0
Osat_XP_025877954.1	Rchi_XP_024197958.1	100.0	S	0.0
Osat_XP_015644913.1	Rchi_XP_024197958.1	100.0	S	0.0
Tura_XP_048559772.1	Rchi_XP_024197958.1	100.0	S	0.0
Tura_XP_048554241.1	Rchi_XP_024197958.1	100.0	S	0.0
Bdis_XP_003581006.1	Rchi_XP_024197958.1	100.0	S	0.0
Ecur_TVU25532.1	Rchi_XP_024197958.1	100.0	S	0.0
Zmay_XP_008677860.1	Rchi_XP_024197958.1	100.0	S	0.0
Osat_XP_015618607.1	Rchi_XP_024197958.1	100.0	S	0.0
Osat_XP_015618600.1	Rchi_XP_024197958.1	100.0	S	0.0
Tura_XP_048548740.1	Rchi_XP_024197958.1	100.0	S	0.0
Ecur_TVU05074.1	Rchi_XP_024197958.1	100.0	S	0.0
Tura_XP_048559770.1	Rchi_XP_024197958.1	100.0	S	0.0
Ecur_TVU05041.1	Rchi_XP_024197958.1	100.0	S	0.0
Tura_XP_048559761.1	Rchi_XP_024197958.1	100.0	S	0.0
Zmay_NP_001147782.1	Bnap_XP_048602258.1	100.0	S	0.0
Ecur_TVU25501.1	Bnap_XP_048602258.1	100.0	S	0.0
Ecur_TVU25538.1	Bnap_XP_048602258.1	100.0	S	0.0
Tura_XP_048559763.1	Bnap_XP_048602258.1	100.0	S	0.0
Osat_XP_015618601.1	Bnap_XP_048602258.1	100.0	S	0.0
Tura_XP_048548071.1	Bnap_XP_048602258.1	100.0	S	0.0
Osat_XP_025877955.1	Bnap_XP_048602258.1	100.0	S	0.0
Tura_XP_048559760.1	Bnap_XP_048602258.1	100.0	S	0.0
Ecur_TVU46462.1	Bnap_XP_048602258.1	100.0	S	0.0
Zmay_XP_008664676.1	Bnap_XP_048602258.1	100.0	S	0.0
Zmay_XP_008664677.1	Bnap_XP_048602258.1	100.0	S	0.0
Ecur_TVU25534.1	Bnap_XP_048602258.1	100.0	S	0.0
Osat_XP_025877954.1	Bnap_XP_048602258.1	100.0	S	0.0
Osat_XP_015644913.1	Bnap_XP_048602258.1	100.0	S	0.0
Tura_XP_048559772.1	Bnap_XP_048602258.1	100.0	S	0.0
Tura_XP_048554241.1	Bnap_XP_048602258.1	100.0	S	0.0
Bdis_XP_003581006.1	Bnap_XP_048602258.1	100.0	S	0.0
Ecur_TVU25532.1	Bnap_XP_048602258.1	100.0	S	0.0
Zmay_XP_008677860.1	Bnap_XP_048602258.1	100.0	S	0.0
Osat_XP_015618607.1	Bnap_XP_048602258.1	100.0	S	0.0
Osat_XP_015618600.1	Bnap_XP_048602258.1	100.0	S	0.0
Tura_XP_048548740.1	Bnap_XP_048602258.1	100.0	S	0.0
Ecur_TVU05074.1	Bnap_XP_048602258.1	100.0	S	0.0
Tura_XP_048559770.1	Bnap_XP_048602258.1	100.0	S	0.0
Ecur_TVU05041.1	Bnap_XP_048602258.1	100.0	S	0.0
Tura_XP_048559761.1	Bnap_XP_048602258.1	100.0	S	0.0
Zmay_NP_001147782.1	Sollyc_XP_010317817.2	100.0	S	0.0
Ecur_TVU25501.1	Sollyc_XP_010317817.2	100.0	S	0.0
Ecur_TVU25538.1	Sollyc_XP_010317817.2	100.0	S	0.0
Tura_XP_048559763.1	Sollyc_XP_010317817.2	100.0	S	0.0
Osat_XP_015618601.1	Sollyc_XP_010317817.2	100.0	S	0.0
Tura_XP_048548071.1	Sollyc_XP_010317817.2	100.0	S	0.0
Osat_XP_025877955.1	Sollyc_XP_010317817.2	100.0	S	0.0
Tura_XP_048559760.1	Sollyc_XP_010317817.2	100.0	S	0.0
Ecur_TVU46462.1	Sollyc_XP_010317817.2	100.0	S	0.0
Zmay_XP_008664676.1	Sollyc_XP_010317817.2	100.0	S	0.0
Zmay_XP_008664677.1	Sollyc_XP_010317817.2	100.0	S	0.0
Ecur_TVU25534.1	Sollyc_XP_010317817.2	100.0	S	0.0
Osat_XP_025877954.1	Sollyc_XP_010317817.2	100.0	S	0.0
Osat_XP_015644913.1	Sollyc_XP_010317817.2	100.0	S	0.0
Tura_XP_048559772.1	Sollyc_XP_010317817.2	100.0	S	0.0
Tura_XP_048554241.1	Sollyc_XP_010317817.2	100.0	S	0.0
Bdis_XP_003581006.1	Sollyc_XP_010317817.2	100.0	S	0.0
Ecur_TVU25532.1	Sollyc_XP_010317817.2	100.0	S	0.0
Zmay_XP_008677860.1	Sollyc_XP_010317817.2	100.0	S	0.0
Osat_XP_015618607.1	Sollyc_XP_010317817.2	100.0	S	0.0
Osat_XP_015618600.1	Sollyc_XP_010317817.2	100.0	S	0.0
Tura_XP_048548740.1	Sollyc_XP_010317817.2	100.0	S	0.0
Ecur_TVU05074.1	Sollyc_XP_010317817.2	100.0	S	0.0
Tura_XP_048559770.1	Sollyc_XP_010317817.2	100.0	S	0.0
Ecur_TVU05041.1	Sollyc_XP_010317817.2	100.0	S	0.0
Tura_XP_048559761.1	Sollyc_XP_010317817.2	100.0	S	0.0
Zmay_NP_001147782.1	Sollyc_XP_004247758.1	100.0	S	0.0
Ecur_TVU25501.1	Sollyc_XP_004247758.1	100.0	S	0.0
Ecur_TVU25538.1	Sollyc_XP_004247758.1	100.0	S	0.0
Tura_XP_048559763.1	Sollyc_XP_004247758.1	100.0	S	0.0
Osat_XP_015618601.1	Sollyc_XP_004247758.1	100.0	S	0.0
Tura_XP_048548071.1	Sollyc_XP_004247758.1	100.0	S	0.0
Osat_XP_025877955.1	Sollyc_XP_004247758.1	100.0	S	0.0
Tura_XP_048559760.1	Sollyc_XP_004247758.1	100.0	S	0.0
Ecur_TVU46462.1	Sollyc_XP_004247758.1	100.0	S	0.0
Zmay_XP_008664676.1	Sollyc_XP_004247758.1	100.0	S	0.0
Zmay_XP_008664677.1	Sollyc_XP_004247758.1	100.0	S	0.0
Ecur_TVU25534.1	Sollyc_XP_004247758.1	100.0	S	0.0
Osat_XP_025877954.1	Sollyc_XP_004247758.1	100.0	S	0.0
Osat_XP_015644913.1	Sollyc_XP_004247758.1	100.0	S	0.0
Tura_XP_048559772.1	Sollyc_XP_004247758.1	100.0	S	0.0
Tura_XP_048554241.1	Sollyc_XP_004247758.1	100.0	S	0.0
Bdis_XP_003581006.1	Sollyc_XP_004247758.1	100.0	S	0.0
Ecur_TVU25532.1	Sollyc_XP_004247758.1	100.0	S	0.0
Zmay_XP_008677860.1	Sollyc_XP_004247758.1	100.0	S	0.0
Osat_XP_015618607.1	Sollyc_XP_004247758.1	100.0	S	0.0
Osat_XP_015618600.1	Sollyc_XP_004247758.1	100.0	S	0.0
Tura_XP_048548740.1	Sollyc_XP_004247758.1	100.0	S	0.0
Ecur_TVU05074.1	Sollyc_XP_004247758.1	100.0	S	0.0
Tura_XP_048559770.1	Sollyc_XP_004247758.1	100.0	S	0.0
Ecur_TVU05041.1	Sollyc_XP_004247758.1	100.0	S	0.0
Tura_XP_048559761.1	Sollyc_XP_004247758.1	100.0	S	0.0
Zmay_NP_001147782.1	Rchi_XP_040375128.1	100.0	S	0.0
Ecur_TVU25501.1	Rchi_XP_040375128.1	100.0	S	0.0
Ecur_TVU25538.1	Rchi_XP_040375128.1	100.0	S	0.0
Tura_XP_048559763.1	Rchi_XP_040375128.1	100.0	S	0.0
Osat_XP_015618601.1	Rchi_XP_040375128.1	100.0	S	0.0
Tura_XP_048548071.1	Rchi_XP_040375128.1	100.0	S	0.0
Osat_XP_025877955.1	Rchi_XP_040375128.1	100.0	S	0.0
Tura_XP_048559760.1	Rchi_XP_040375128.1	100.0	S	0.0
Ecur_TVU46462.1	Rchi_XP_040375128.1	100.0	S	0.0
Zmay_XP_008664676.1	Rchi_XP_040375128.1	100.0	S	0.0
Zmay_XP_008664677.1	Rchi_XP_040375128.1	100.0	S	0.0
Ecur_TVU25534.1	Rchi_XP_040375128.1	100.0	S	0.0
Osat_XP_025877954.1	Rchi_XP_040375128.1	100.0	S	0.0
Osat_XP_015644913.1	Rchi_XP_040375128.1	100.0	S	0.0
Tura_XP_048559772.1	Rchi_XP_040375128.1	100.0	S	0.0
Tura_XP_048554241.1	Rchi_XP_040375128.1	100.0	S	0.0
Bdis_XP_003581006.1	Rchi_XP_040375128.1	100.0	S	0.0
Ecur_TVU25532.1	Rchi_XP_040375128.1	100.0	S	0.0
Zmay_XP_008677860.1	Rchi_XP_040375128.1	100.0	S	0.0
Osat_XP_015618607.1	Rchi_XP_040375128.1	100.0	S	0.0
Osat_XP_015618600.1	Rchi_XP_040375128.1	100.0	S	0.0
Tura_XP_048548740.1	Rchi_XP_040375128.1	100.0	S	0.0
Ecur_TVU05074.1	Rchi_XP_040375128.1	100.0	S	0.0
Tura_XP_048559770.1	Rchi_XP_040375128.1	100.0	S	0.0
Ecur_TVU05041.1	Rchi_XP_040375128.1	100.0	S	0.0
Tura_XP_048559761.1	Rchi_XP_040375128.1	100.0	S	0.0
Zmay_NP_001147782.1	Mtru_XP_013468649.1	100.0	S	0.0
Ecur_TVU25501.1	Mtru_XP_013468649.1	100.0	S	0.0
Ecur_TVU25538.1	Mtru_XP_013468649.1	100.0	S	0.0
Tura_XP_048559763.1	Mtru_XP_013468649.1	100.0	S	0.0
Osat_XP_015618601.1	Mtru_XP_013468649.1	100.0	S	0.0
Tura_XP_048548071.1	Mtru_XP_013468649.1	100.0	S	0.0
Osat_XP_025877955.1	Mtru_XP_013468649.1	100.0	S	0.0
Tura_XP_048559760.1	Mtru_XP_013468649.1	100.0	S	0.0
Ecur_TVU46462.1	Mtru_XP_013468649.1	100.0	S	0.0
Zmay_XP_008664676.1	Mtru_XP_013468649.1	100.0	S	0.0
Zmay_XP_008664677.1	Mtru_XP_013468649.1	100.0	S	0.0
Ecur_TVU25534.1	Mtru_XP_013468649.1	100.0	S	0.0
Osat_XP_025877954.1	Mtru_XP_013468649.1	100.0	S	0.0
Osat_XP_015644913.1	Mtru_XP_013468649.1	100.0	S	0.0
Tura_XP_048559772.1	Mtru_XP_013468649.1	100.0	S	0.0
Tura_XP_048554241.1	Mtru_XP_013468649.1	100.0	S	0.0
Bdis_XP_003581006.1	Mtru_XP_013468649.1	100.0	S	0.0
Ecur_TVU25532.1	Mtru_XP_013468649.1	100.0	S	0.0
Zmay_XP_008677860.1	Mtru_XP_013468649.1	100.0	S	0.0
Osat_XP_015618607.1	Mtru_XP_013468649.1	100.0	S	0.0
Osat_XP_015618600.1	Mtru_XP_013468649.1	100.0	S	0.0
Tura_XP_048548740.1	Mtru_XP_013468649.1	100.0	S	0.0
Ecur_TVU05074.1	Mtru_XP_013468649.1	100.0	S	0.0
Tura_XP_048559770.1	Mtru_XP_013468649.1	100.0	S	0.0
Ecur_TVU05041.1	Mtru_XP_013468649.1	100.0	S	0.0
Tura_XP_048559761.1	Mtru_XP_013468649.1	100.0	S	0.0
Zmay_NP_001147782.1	Rchi_XP_024197959.1	100.0	S	0.0
Ecur_TVU25501.1	Rchi_XP_024197959.1	100.0	S	0.0
Ecur_TVU25538.1	Rchi_XP_024197959.1	100.0	S	0.0
Tura_XP_048559763.1	Rchi_XP_024197959.1	100.0	S	0.0
Osat_XP_015618601.1	Rchi_XP_024197959.1	100.0	S	0.0
Tura_XP_048548071.1	Rchi_XP_024197959.1	100.0	S	0.0
Osat_XP_025877955.1	Rchi_XP_024197959.1	100.0	S	0.0
Tura_XP_048559760.1	Rchi_XP_024197959.1	100.0	S	0.0
Ecur_TVU46462.1	Rchi_XP_024197959.1	100.0	S	0.0
Zmay_XP_008664676.1	Rchi_XP_024197959.1	100.0	S	0.0
Zmay_XP_008664677.1	Rchi_XP_024197959.1	100.0	S	0.0
Ecur_TVU25534.1	Rchi_XP_024197959.1	100.0	S	0.0
Osat_XP_025877954.1	Rchi_XP_024197959.1	100.0	S	0.0
Osat_XP_015644913.1	Rchi_XP_024197959.1	100.0	S	0.0
Tura_XP_048559772.1	Rchi_XP_024197959.1	100.0	S	0.0
Tura_XP_048554241.1	Rchi_XP_024197959.1	100.0	S	0.0
Bdis_XP_003581006.1	Rchi_XP_024197959.1	100.0	S	0.0
Ecur_TVU25532.1	Rchi_XP_024197959.1	100.0	S	0.0
Zmay_XP_008677860.1	Rchi_XP_024197959.1	100.0	S	0.0
Osat_XP_015618607.1	Rchi_XP_024197959.1	100.0	S	0.0
Osat_XP_015618600.1	Rchi_XP_024197959.1	100.0	S	0.0
Tura_XP_048548740.1	Rchi_XP_024197959.1	100.0	S	0.0
Ecur_TVU05074.1	Rchi_XP_024197959.1	100.0	S	0.0
Tura_XP_048559770.1	Rchi_XP_024197959.1	100.0	S	0.0
Ecur_TVU05041.1	Rchi_XP_024197959.1	100.0	S	0.0
Tura_XP_048559761.1	Rchi_XP_024197959.1	100.0	S	0.0
Ppat_XP_024381729.1	Ppat_XP_024381721.1	100.0	D	1.0
Ppat_XP_024381729.1	Ppat_XP_024381737.1	100.0	D	1.0
Smoe_XP_002992048.1	Mpol_BFI40009.1	93.0	S	0.0
Smoe_XP_002964119.1	Mpol_BFI40009.1	93.0	S	0.0
Smoe_XP_002992048.1	Mpol_BFI39969.1	93.0	S	0.0
Smoe_XP_002964119.1	Mpol_BFI39969.1	93.0	S	0.0
Smoe_XP_002992048.1	Mpol_BFI39968.1	93.0	S	0.0
Smoe_XP_002964119.1	Mpol_BFI39968.1	93.0	S	0.0
Atri_XP_020531010.1	Sollyc_XP_069145043.1	99.0	S	0.0
Atri_XP_020531008.1	Sollyc_XP_069145043.1	99.0	S	0.0
Atri_XP_020531004.1	Sollyc_XP_069145043.1	99.0	S	0.0
Atri_XP_020531013.1	Sollyc_XP_069145043.1	99.0	S	0.0
Atri_XP_020531011.1	Sollyc_XP_069145043.1	99.0	S	0.0
Atri_XP_020531012.1	Sollyc_XP_069145043.1	99.0	S	0.0
Atri_XP_020531005.1	Sollyc_XP_069145043.1	99.0	S	0.0
Atri_XP_020531006.1	Sollyc_XP_069145043.1	99.0	S	0.0
Atri_XP_020531009.1	Sollyc_XP_069145043.1	99.0	S	0.0
Atri_XP_020531007.1	Sollyc_XP_069145043.1	99.0	S	0.0
Atri_XP_020531010.1	Bnap_XP_022545047.2	99.0	S	0.0
Atri_XP_020531008.1	Bnap_XP_022545047.2	99.0	S	0.0
Atri_XP_020531004.1	Bnap_XP_022545047.2	99.0	S	0.0
Atri_XP_020531013.1	Bnap_XP_022545047.2	99.0	S	0.0
Atri_XP_020531011.1	Bnap_XP_022545047.2	99.0	S	0.0
Atri_XP_020531012.1	Bnap_XP_022545047.2	99.0	S	0.0
Atri_XP_020531005.1	Bnap_XP_022545047.2	99.0	S	0.0
Atri_XP_020531006.1	Bnap_XP_022545047.2	99.0	S	0.0
Atri_XP_020531009.1	Bnap_XP_022545047.2	99.0	S	0.0
Atri_XP_020531007.1	Bnap_XP_022545047.2	99.0	S	0.0
Atri_XP_020531010.1	Sollyc_XP_010317818.2	99.0	S	0.0
Atri_XP_020531008.1	Sollyc_XP_010317818.2	99.0	S	0.0
Atri_XP_020531004.1	Sollyc_XP_010317818.2	99.0	S	0.0
Atri_XP_020531013.1	Sollyc_XP_010317818.2	99.0	S	0.0
Atri_XP_020531011.1	Sollyc_XP_010317818.2	99.0	S	0.0
Atri_XP_020531012.1	Sollyc_XP_010317818.2	99.0	S	0.0
Atri_XP_020531005.1	Sollyc_XP_010317818.2	99.0	S	0.0
Atri_XP_020531006.1	Sollyc_XP_010317818.2	99.0	S	0.0
Atri_XP_020531009.1	Sollyc_XP_010317818.2	99.0	S	0.0
Atri_XP_020531007.1	Sollyc_XP_010317818.2	99.0	S	0.0
Atri_XP_020531010.1	Mesc_XP_043811054.1	99.0	S	0.0
Atri_XP_020531008.1	Mesc_XP_043811054.1	99.0	S	0.0
Atri_XP_020531004.1	Mesc_XP_043811054.1	99.0	S	0.0
Atri_XP_020531013.1	Mesc_XP_043811054.1	99.0	S	0.0
Atri_XP_020531011.1	Mesc_XP_043811054.1	99.0	S	0.0
Atri_XP_020531012.1	Mesc_XP_043811054.1	99.0	S	0.0
Atri_XP_020531005.1	Mesc_XP_043811054.1	99.0	S	0.0
Atri_XP_020531006.1	Mesc_XP_043811054.1	99.0	S	0.0
Atri_XP_020531009.1	Mesc_XP_043811054.1	99.0	S	0.0
Atri_XP_020531007.1	Mesc_XP_043811054.1	99.0	S	0.0
Atri_XP_020531010.1	Rchi_XP_040375127.1	99.0	S	0.0
Atri_XP_020531008.1	Rchi_XP_040375127.1	99.0	S	0.0
Atri_XP_020531004.1	Rchi_XP_040375127.1	99.0	S	0.0
Atri_XP_020531013.1	Rchi_XP_040375127.1	99.0	S	0.0
Atri_XP_020531011.1	Rchi_XP_040375127.1	99.0	S	0.0
Atri_XP_020531012.1	Rchi_XP_040375127.1	99.0	S	0.0
Atri_XP_020531005.1	Rchi_XP_040375127.1	99.0	S	0.0
Atri_XP_020531006.1	Rchi_XP_040375127.1	99.0	S	0.0
Atri_XP_020531009.1	Rchi_XP_040375127.1	99.0	S	0.0
Atri_XP_020531007.1	Rchi_XP_040375127.1	99.0	S	0.0
Atri_XP_020531010.1	Bnap_XP_048599848.1	99.0	S	0.0
Atri_XP_020531008.1	Bnap_XP_048599848.1	99.0	S	0.0
Atri_XP_020531004.1	Bnap_XP_048599848.1	99.0	S	0.0
Atri_XP_020531013.1	Bnap_XP_048599848.1	99.0	S	0.0
Atri_XP_020531011.1	Bnap_XP_048599848.1	99.0	S	0.0
Atri_XP_020531012.1	Bnap_XP_048599848.1	99.0	S	0.0
Atri_XP_020531005.1	Bnap_XP_048599848.1	99.0	S	0.0
Atri_XP_020531006.1	Bnap_XP_048599848.1	99.0	S	0.0
Atri_XP_020531009.1	Bnap_XP_048599848.1	99.0	S	0.0
Atri_XP_020531007.1	Bnap_XP_048599848.1	99.0	S	0.0
Atri_XP_020531010.1	Cofcan_CDO99279.1	99.0	S	0.0
Atri_XP_020531008.1	Cofcan_CDO99279.1	99.0	S	0.0
Atri_XP_020531004.1	Cofcan_CDO99279.1	99.0	S	0.0
Atri_XP_020531013.1	Cofcan_CDO99279.1	99.0	S	0.0
Atri_XP_020531011.1	Cofcan_CDO99279.1	99.0	S	0.0
Atri_XP_020531012.1	Cofcan_CDO99279.1	99.0	S	0.0
Atri_XP_020531005.1	Cofcan_CDO99279.1	99.0	S	0.0
Atri_XP_020531006.1	Cofcan_CDO99279.1	99.0	S	0.0
Atri_XP_020531009.1	Cofcan_CDO99279.1	99.0	S	0.0
Atri_XP_020531007.1	Cofcan_CDO99279.1	99.0	S	0.0
Atri_XP_020531010.1	Atha_NP_188995.2	99.0	S	0.0
Atri_XP_020531008.1	Atha_NP_188995.2	99.0	S	0.0
Atri_XP_020531004.1	Atha_NP_188995.2	99.0	S	0.0
Atri_XP_020531013.1	Atha_NP_188995.2	99.0	S	0.0
Atri_XP_020531011.1	Atha_NP_188995.2	99.0	S	0.0
Atri_XP_020531012.1	Atha_NP_188995.2	99.0	S	0.0
Atri_XP_020531005.1	Atha_NP_188995.2	99.0	S	0.0
Atri_XP_020531006.1	Atha_NP_188995.2	99.0	S	0.0
Atri_XP_020531009.1	Atha_NP_188995.2	99.0	S	0.0
Atri_XP_020531007.1	Atha_NP_188995.2	99.0	S	0.0
Atri_XP_020531010.1	Psat_XP_050891581.1	99.0	S	0.0
Atri_XP_020531008.1	Psat_XP_050891581.1	99.0	S	0.0
Atri_XP_020531004.1	Psat_XP_050891581.1	99.0	S	0.0
Atri_XP_020531013.1	Psat_XP_050891581.1	99.0	S	0.0
Atri_XP_020531011.1	Psat_XP_050891581.1	99.0	S	0.0
Atri_XP_020531012.1	Psat_XP_050891581.1	99.0	S	0.0
Atri_XP_020531005.1	Psat_XP_050891581.1	99.0	S	0.0
Atri_XP_020531006.1	Psat_XP_050891581.1	99.0	S	0.0
Atri_XP_020531009.1	Psat_XP_050891581.1	99.0	S	0.0
Atri_XP_020531007.1	Psat_XP_050891581.1	99.0	S	0.0
Atri_XP_020531010.1	Qlob_XP_030974354.1	99.0	S	0.0
Atri_XP_020531008.1	Qlob_XP_030974354.1	99.0	S	0.0
Atri_XP_020531004.1	Qlob_XP_030974354.1	99.0	S	0.0
Atri_XP_020531013.1	Qlob_XP_030974354.1	99.0	S	0.0
Atri_XP_020531011.1	Qlob_XP_030974354.1	99.0	S	0.0
Atri_XP_020531012.1	Qlob_XP_030974354.1	99.0	S	0.0
Atri_XP_020531005.1	Qlob_XP_030974354.1	99.0	S	0.0
Atri_XP_020531006.1	Qlob_XP_030974354.1	99.0	S	0.0
Atri_XP_020531009.1	Qlob_XP_030974354.1	99.0	S	0.0
Atri_XP_020531007.1	Qlob_XP_030974354.1	99.0	S	0.0
Atri_XP_020531010.1	Rchi_XP_024197957.1	99.0	S	0.0
Atri_XP_020531008.1	Rchi_XP_024197957.1	99.0	S	0.0
Atri_XP_020531004.1	Rchi_XP_024197957.1	99.0	S	0.0
Atri_XP_020531013.1	Rchi_XP_024197957.1	99.0	S	0.0
Atri_XP_020531011.1	Rchi_XP_024197957.1	99.0	S	0.0
Atri_XP_020531012.1	Rchi_XP_024197957.1	99.0	S	0.0
Atri_XP_020531005.1	Rchi_XP_024197957.1	99.0	S	0.0
Atri_XP_020531006.1	Rchi_XP_024197957.1	99.0	S	0.0
Atri_XP_020531009.1	Rchi_XP_024197957.1	99.0	S	0.0
Atri_XP_020531007.1	Rchi_XP_024197957.1	99.0	S	0.0
Atri_XP_020531010.1	Rchi_XP_024197955.1	99.0	S	0.0
Atri_XP_020531008.1	Rchi_XP_024197955.1	99.0	S	0.0
Atri_XP_020531004.1	Rchi_XP_024197955.1	99.0	S	0.0
Atri_XP_020531013.1	Rchi_XP_024197955.1	99.0	S	0.0
Atri_XP_020531011.1	Rchi_XP_024197955.1	99.0	S	0.0
Atri_XP_020531012.1	Rchi_XP_024197955.1	99.0	S	0.0
Atri_XP_020531005.1	Rchi_XP_024197955.1	99.0	S	0.0
Atri_XP_020531006.1	Rchi_XP_024197955.1	99.0	S	0.0
Atri_XP_020531009.1	Rchi_XP_024197955.1	99.0	S	0.0
Atri_XP_020531007.1	Rchi_XP_024197955.1	99.0	S	0.0
Atri_XP_020531010.1	Sollyc_XP_010317819.2	99.0	S	0.0
Atri_XP_020531008.1	Sollyc_XP_010317819.2	99.0	S	0.0
Atri_XP_020531004.1	Sollyc_XP_010317819.2	99.0	S	0.0
Atri_XP_020531013.1	Sollyc_XP_010317819.2	99.0	S	0.0
Atri_XP_020531011.1	Sollyc_XP_010317819.2	99.0	S	0.0
Atri_XP_020531012.1	Sollyc_XP_010317819.2	99.0	S	0.0
Atri_XP_020531005.1	Sollyc_XP_010317819.2	99.0	S	0.0
Atri_XP_020531006.1	Sollyc_XP_010317819.2	99.0	S	0.0
Atri_XP_020531009.1	Sollyc_XP_010317819.2	99.0	S	0.0
Atri_XP_020531007.1	Sollyc_XP_010317819.2	99.0	S	0.0
Atri_XP_020531010.1	Sollyc_XP_004234691.2	99.0	S	0.0
Atri_XP_020531008.1	Sollyc_XP_004234691.2	99.0	S	0.0
Atri_XP_020531004.1	Sollyc_XP_004234691.2	99.0	S	0.0
Atri_XP_020531013.1	Sollyc_XP_004234691.2	99.0	S	0.0
Atri_XP_020531011.1	Sollyc_XP_004234691.2	99.0	S	0.0
Atri_XP_020531012.1	Sollyc_XP_004234691.2	99.0	S	0.0
Atri_XP_020531005.1	Sollyc_XP_004234691.2	99.0	S	0.0
Atri_XP_020531006.1	Sollyc_XP_004234691.2	99.0	S	0.0
Atri_XP_020531009.1	Sollyc_XP_004234691.2	99.0	S	0.0
Atri_XP_020531007.1	Sollyc_XP_004234691.2	99.0	S	0.0
Atri_XP_020531010.1	Rchi_XP_040374828.1	99.0	S	0.0
Atri_XP_020531008.1	Rchi_XP_040374828.1	99.0	S	0.0
Atri_XP_020531004.1	Rchi_XP_040374828.1	99.0	S	0.0
Atri_XP_020531013.1	Rchi_XP_040374828.1	99.0	S	0.0
Atri_XP_020531011.1	Rchi_XP_040374828.1	99.0	S	0.0
Atri_XP_020531012.1	Rchi_XP_040374828.1	99.0	S	0.0
Atri_XP_020531005.1	Rchi_XP_040374828.1	99.0	S	0.0
Atri_XP_020531006.1	Rchi_XP_040374828.1	99.0	S	0.0
Atri_XP_020531009.1	Rchi_XP_040374828.1	99.0	S	0.0
Atri_XP_020531007.1	Rchi_XP_040374828.1	99.0	S	0.0
Atri_XP_020531010.1	Bnap_XP_013653045.1	99.0	S	0.0
Atri_XP_020531008.1	Bnap_XP_013653045.1	99.0	S	0.0
Atri_XP_020531004.1	Bnap_XP_013653045.1	99.0	S	0.0
Atri_XP_020531013.1	Bnap_XP_013653045.1	99.0	S	0.0
Atri_XP_020531011.1	Bnap_XP_013653045.1	99.0	S	0.0
Atri_XP_020531012.1	Bnap_XP_013653045.1	99.0	S	0.0
Atri_XP_020531005.1	Bnap_XP_013653045.1	99.0	S	0.0
Atri_XP_020531006.1	Bnap_XP_013653045.1	99.0	S	0.0
Atri_XP_020531009.1	Bnap_XP_013653045.1	99.0	S	0.0
Atri_XP_020531007.1	Bnap_XP_013653045.1	99.0	S	0.0
Atri_XP_020531010.1	Rchi_XP_024193082.1	99.0	S	0.0
Atri_XP_020531008.1	Rchi_XP_024193082.1	99.0	S	0.0
Atri_XP_020531004.1	Rchi_XP_024193082.1	99.0	S	0.0
Atri_XP_020531013.1	Rchi_XP_024193082.1	99.0	S	0.0
Atri_XP_020531011.1	Rchi_XP_024193082.1	99.0	S	0.0
Atri_XP_020531012.1	Rchi_XP_024193082.1	99.0	S	0.0
Atri_XP_020531005.1	Rchi_XP_024193082.1	99.0	S	0.0
Atri_XP_020531006.1	Rchi_XP_024193082.1	99.0	S	0.0
Atri_XP_020531009.1	Rchi_XP_024193082.1	99.0	S	0.0
Atri_XP_020531007.1	Rchi_XP_024193082.1	99.0	S	0.0
Atri_XP_020531010.1	Rchi_XP_040375126.1	99.0	S	0.0
Atri_XP_020531008.1	Rchi_XP_040375126.1	99.0	S	0.0
Atri_XP_020531004.1	Rchi_XP_040375126.1	99.0	S	0.0
Atri_XP_020531013.1	Rchi_XP_040375126.1	99.0	S	0.0
Atri_XP_020531011.1	Rchi_XP_040375126.1	99.0	S	0.0
Atri_XP_020531012.1	Rchi_XP_040375126.1	99.0	S	0.0
Atri_XP_020531005.1	Rchi_XP_040375126.1	99.0	S	0.0
Atri_XP_020531006.1	Rchi_XP_040375126.1	99.0	S	0.0
Atri_XP_020531009.1	Rchi_XP_040375126.1	99.0	S	0.0
Atri_XP_020531007.1	Rchi_XP_040375126.1	99.0	S	0.0
Atri_XP_020531010.1	Lsat_XP_023759689.1	99.0	S	0.0
Atri_XP_020531008.1	Lsat_XP_023759689.1	99.0	S	0.0
Atri_XP_020531004.1	Lsat_XP_023759689.1	99.0	S	0.0
Atri_XP_020531013.1	Lsat_XP_023759689.1	99.0	S	0.0
Atri_XP_020531011.1	Lsat_XP_023759689.1	99.0	S	0.0
Atri_XP_020531012.1	Lsat_XP_023759689.1	99.0	S	0.0
Atri_XP_020531005.1	Lsat_XP_023759689.1	99.0	S	0.0
Atri_XP_020531006.1	Lsat_XP_023759689.1	99.0	S	0.0
Atri_XP_020531009.1	Lsat_XP_023759689.1	99.0	S	0.0
Atri_XP_020531007.1	Lsat_XP_023759689.1	99.0	S	0.0
Atri_XP_020531010.1	Rchi_XP_040375125.1	99.0	S	0.0
Atri_XP_020531008.1	Rchi_XP_040375125.1	99.0	S	0.0
Atri_XP_020531004.1	Rchi_XP_040375125.1	99.0	S	0.0
Atri_XP_020531013.1	Rchi_XP_040375125.1	99.0	S	0.0
Atri_XP_020531011.1	Rchi_XP_040375125.1	99.0	S	0.0
Atri_XP_020531012.1	Rchi_XP_040375125.1	99.0	S	0.0
Atri_XP_020531005.1	Rchi_XP_040375125.1	99.0	S	0.0
Atri_XP_020531006.1	Rchi_XP_040375125.1	99.0	S	0.0
Atri_XP_020531009.1	Rchi_XP_040375125.1	99.0	S	0.0
Atri_XP_020531007.1	Rchi_XP_040375125.1	99.0	S	0.0
Atri_XP_020531010.1	Rchi_XP_024197951.1	99.0	S	0.0
Atri_XP_020531008.1	Rchi_XP_024197951.1	99.0	S	0.0
Atri_XP_020531004.1	Rchi_XP_024197951.1	99.0	S	0.0
Atri_XP_020531013.1	Rchi_XP_024197951.1	99.0	S	0.0
Atri_XP_020531011.1	Rchi_XP_024197951.1	99.0	S	0.0
Atri_XP_020531012.1	Rchi_XP_024197951.1	99.0	S	0.0
Atri_XP_020531005.1	Rchi_XP_024197951.1	99.0	S	0.0
Atri_XP_020531006.1	Rchi_XP_024197951.1	99.0	S	0.0
Atri_XP_020531009.1	Rchi_XP_024197951.1	99.0	S	0.0
Atri_XP_020531007.1	Rchi_XP_024197951.1	99.0	S	0.0
Atri_XP_020531010.1	Rchi_XP_040374824.1	99.0	S	0.0
Atri_XP_020531008.1	Rchi_XP_040374824.1	99.0	S	0.0
Atri_XP_020531004.1	Rchi_XP_040374824.1	99.0	S	0.0
Atri_XP_020531013.1	Rchi_XP_040374824.1	99.0	S	0.0
Atri_XP_020531011.1	Rchi_XP_040374824.1	99.0	S	0.0
Atri_XP_020531012.1	Rchi_XP_040374824.1	99.0	S	0.0
Atri_XP_020531005.1	Rchi_XP_040374824.1	99.0	S	0.0
Atri_XP_020531006.1	Rchi_XP_040374824.1	99.0	S	0.0
Atri_XP_020531009.1	Rchi_XP_040374824.1	99.0	S	0.0
Atri_XP_020531007.1	Rchi_XP_040374824.1	99.0	S	0.0
Atri_XP_020531010.1	Bnap_XP_013685434.2	99.0	S	0.0
Atri_XP_020531008.1	Bnap_XP_013685434.2	99.0	S	0.0
Atri_XP_020531004.1	Bnap_XP_013685434.2	99.0	S	0.0
Atri_XP_020531013.1	Bnap_XP_013685434.2	99.0	S	0.0
Atri_XP_020531011.1	Bnap_XP_013685434.2	99.0	S	0.0
Atri_XP_020531012.1	Bnap_XP_013685434.2	99.0	S	0.0
Atri_XP_020531005.1	Bnap_XP_013685434.2	99.0	S	0.0
Atri_XP_020531006.1	Bnap_XP_013685434.2	99.0	S	0.0
Atri_XP_020531009.1	Bnap_XP_013685434.2	99.0	S	0.0
Atri_XP_020531007.1	Bnap_XP_013685434.2	99.0	S	0.0
Atri_XP_020531010.1	Rchi_XP_040375129.1	99.0	S	0.0
Atri_XP_020531008.1	Rchi_XP_040375129.1	99.0	S	0.0
Atri_XP_020531004.1	Rchi_XP_040375129.1	99.0	S	0.0
Atri_XP_020531013.1	Rchi_XP_040375129.1	99.0	S	0.0
Atri_XP_020531011.1	Rchi_XP_040375129.1	99.0	S	0.0
Atri_XP_020531012.1	Rchi_XP_040375129.1	99.0	S	0.0
Atri_XP_020531005.1	Rchi_XP_040375129.1	99.0	S	0.0
Atri_XP_020531006.1	Rchi_XP_040375129.1	99.0	S	0.0
Atri_XP_020531009.1	Rchi_XP_040375129.1	99.0	S	0.0
Atri_XP_020531007.1	Rchi_XP_040375129.1	99.0	S	0.0
Atri_XP_020531010.1	Rchi_XP_024193088.1	99.0	S	0.0
Atri_XP_020531008.1	Rchi_XP_024193088.1	99.0	S	0.0
Atri_XP_020531004.1	Rchi_XP_024193088.1	99.0	S	0.0
Atri_XP_020531013.1	Rchi_XP_024193088.1	99.0	S	0.0
Atri_XP_020531011.1	Rchi_XP_024193088.1	99.0	S	0.0
Atri_XP_020531012.1	Rchi_XP_024193088.1	99.0	S	0.0
Atri_XP_020531005.1	Rchi_XP_024193088.1	99.0	S	0.0
Atri_XP_020531006.1	Rchi_XP_024193088.1	99.0	S	0.0
Atri_XP_020531009.1	Rchi_XP_024193088.1	99.0	S	0.0
Atri_XP_020531007.1	Rchi_XP_024193088.1	99.0	S	0.0
Atri_XP_020531010.1	Rchi_XP_040374825.1	99.0	S	0.0
Atri_XP_020531008.1	Rchi_XP_040374825.1	99.0	S	0.0
Atri_XP_020531004.1	Rchi_XP_040374825.1	99.0	S	0.0
Atri_XP_020531013.1	Rchi_XP_040374825.1	99.0	S	0.0
Atri_XP_020531011.1	Rchi_XP_040374825.1	99.0	S	0.0
Atri_XP_020531012.1	Rchi_XP_040374825.1	99.0	S	0.0
Atri_XP_020531005.1	Rchi_XP_040374825.1	99.0	S	0.0
Atri_XP_020531006.1	Rchi_XP_040374825.1	99.0	S	0.0
Atri_XP_020531009.1	Rchi_XP_040374825.1	99.0	S	0.0
Atri_XP_020531007.1	Rchi_XP_040374825.1	99.0	S	0.0
Atri_XP_020531010.1	Sollyc_XP_069150970.1	99.0	S	0.0
Atri_XP_020531008.1	Sollyc_XP_069150970.1	99.0	S	0.0
Atri_XP_020531004.1	Sollyc_XP_069150970.1	99.0	S	0.0
Atri_XP_020531013.1	Sollyc_XP_069150970.1	99.0	S	0.0
Atri_XP_020531011.1	Sollyc_XP_069150970.1	99.0	S	0.0
Atri_XP_020531012.1	Sollyc_XP_069150970.1	99.0	S	0.0
Atri_XP_020531005.1	Sollyc_XP_069150970.1	99.0	S	0.0
Atri_XP_020531006.1	Sollyc_XP_069150970.1	99.0	S	0.0
Atri_XP_020531009.1	Sollyc_XP_069150970.1	99.0	S	0.0
Atri_XP_020531007.1	Sollyc_XP_069150970.1	99.0	S	0.0
Atri_XP_020531010.1	Rchi_XP_040374822.1	99.0	S	0.0
Atri_XP_020531008.1	Rchi_XP_040374822.1	99.0	S	0.0
Atri_XP_020531004.1	Rchi_XP_040374822.1	99.0	S	0.0
Atri_XP_020531013.1	Rchi_XP_040374822.1	99.0	S	0.0
Atri_XP_020531011.1	Rchi_XP_040374822.1	99.0	S	0.0
Atri_XP_020531012.1	Rchi_XP_040374822.1	99.0	S	0.0
Atri_XP_020531005.1	Rchi_XP_040374822.1	99.0	S	0.0
Atri_XP_020531006.1	Rchi_XP_040374822.1	99.0	S	0.0
Atri_XP_020531009.1	Rchi_XP_040374822.1	99.0	S	0.0
Atri_XP_020531007.1	Rchi_XP_040374822.1	99.0	S	0.0
Atri_XP_020531010.1	Rchi_XP_040374826.1	99.0	S	0.0
Atri_XP_020531008.1	Rchi_XP_040374826.1	99.0	S	0.0
Atri_XP_020531004.1	Rchi_XP_040374826.1	99.0	S	0.0
Atri_XP_020531013.1	Rchi_XP_040374826.1	99.0	S	0.0
Atri_XP_020531011.1	Rchi_XP_040374826.1	99.0	S	0.0
Atri_XP_020531012.1	Rchi_XP_040374826.1	99.0	S	0.0
Atri_XP_020531005.1	Rchi_XP_040374826.1	99.0	S	0.0
Atri_XP_020531006.1	Rchi_XP_040374826.1	99.0	S	0.0
Atri_XP_020531009.1	Rchi_XP_040374826.1	99.0	S	0.0
Atri_XP_020531007.1	Rchi_XP_040374826.1	99.0	S	0.0
Atri_XP_020531010.1	Atha_NP_188993.2	99.0	S	0.0
Atri_XP_020531008.1	Atha_NP_188993.2	99.0	S	0.0
Atri_XP_020531004.1	Atha_NP_188993.2	99.0	S	0.0
Atri_XP_020531013.1	Atha_NP_188993.2	99.0	S	0.0
Atri_XP_020531011.1	Atha_NP_188993.2	99.0	S	0.0
Atri_XP_020531012.1	Atha_NP_188993.2	99.0	S	0.0
Atri_XP_020531005.1	Atha_NP_188993.2	99.0	S	0.0
Atri_XP_020531006.1	Atha_NP_188993.2	99.0	S	0.0
Atri_XP_020531009.1	Atha_NP_188993.2	99.0	S	0.0
Atri_XP_020531007.1	Atha_NP_188993.2	99.0	S	0.0
Atri_XP_020531010.1	Bnap_XP_013653044.1	99.0	S	0.0
Atri_XP_020531008.1	Bnap_XP_013653044.1	99.0	S	0.0
Atri_XP_020531004.1	Bnap_XP_013653044.1	99.0	S	0.0
Atri_XP_020531013.1	Bnap_XP_013653044.1	99.0	S	0.0
Atri_XP_020531011.1	Bnap_XP_013653044.1	99.0	S	0.0
Atri_XP_020531012.1	Bnap_XP_013653044.1	99.0	S	0.0
Atri_XP_020531005.1	Bnap_XP_013653044.1	99.0	S	0.0
Atri_XP_020531006.1	Bnap_XP_013653044.1	99.0	S	0.0
Atri_XP_020531009.1	Bnap_XP_013653044.1	99.0	S	0.0
Atri_XP_020531007.1	Bnap_XP_013653044.1	99.0	S	0.0
Atri_XP_020531010.1	Lsat_XP_052620626.1	99.0	S	0.0
Atri_XP_020531008.1	Lsat_XP_052620626.1	99.0	S	0.0
Atri_XP_020531004.1	Lsat_XP_052620626.1	99.0	S	0.0
Atri_XP_020531013.1	Lsat_XP_052620626.1	99.0	S	0.0
Atri_XP_020531011.1	Lsat_XP_052620626.1	99.0	S	0.0
Atri_XP_020531012.1	Lsat_XP_052620626.1	99.0	S	0.0
Atri_XP_020531005.1	Lsat_XP_052620626.1	99.0	S	0.0
Atri_XP_020531006.1	Lsat_XP_052620626.1	99.0	S	0.0
Atri_XP_020531009.1	Lsat_XP_052620626.1	99.0	S	0.0
Atri_XP_020531007.1	Lsat_XP_052620626.1	99.0	S	0.0
Atri_XP_020531010.1	Mesc_XP_021594114.1	99.0	S	0.0
Atri_XP_020531008.1	Mesc_XP_021594114.1	99.0	S	0.0
Atri_XP_020531004.1	Mesc_XP_021594114.1	99.0	S	0.0
Atri_XP_020531013.1	Mesc_XP_021594114.1	99.0	S	0.0
Atri_XP_020531011.1	Mesc_XP_021594114.1	99.0	S	0.0
Atri_XP_020531012.1	Mesc_XP_021594114.1	99.0	S	0.0
Atri_XP_020531005.1	Mesc_XP_021594114.1	99.0	S	0.0
Atri_XP_020531006.1	Mesc_XP_021594114.1	99.0	S	0.0
Atri_XP_020531009.1	Mesc_XP_021594114.1	99.0	S	0.0
Atri_XP_020531007.1	Mesc_XP_021594114.1	99.0	S	0.0
Atri_XP_020531010.1	Bnap_XP_013750545.2	99.0	S	0.0
Atri_XP_020531008.1	Bnap_XP_013750545.2	99.0	S	0.0
Atri_XP_020531004.1	Bnap_XP_013750545.2	99.0	S	0.0
Atri_XP_020531013.1	Bnap_XP_013750545.2	99.0	S	0.0
Atri_XP_020531011.1	Bnap_XP_013750545.2	99.0	S	0.0
Atri_XP_020531012.1	Bnap_XP_013750545.2	99.0	S	0.0
Atri_XP_020531005.1	Bnap_XP_013750545.2	99.0	S	0.0
Atri_XP_020531006.1	Bnap_XP_013750545.2	99.0	S	0.0
Atri_XP_020531009.1	Bnap_XP_013750545.2	99.0	S	0.0
Atri_XP_020531007.1	Bnap_XP_013750545.2	99.0	S	0.0
Atri_XP_020531010.1	Lsat_XP_052620645.1	99.0	S	0.0
Atri_XP_020531008.1	Lsat_XP_052620645.1	99.0	S	0.0
Atri_XP_020531004.1	Lsat_XP_052620645.1	99.0	S	0.0
Atri_XP_020531013.1	Lsat_XP_052620645.1	99.0	S	0.0
Atri_XP_020531011.1	Lsat_XP_052620645.1	99.0	S	0.0
Atri_XP_020531012.1	Lsat_XP_052620645.1	99.0	S	0.0
Atri_XP_020531005.1	Lsat_XP_052620645.1	99.0	S	0.0
Atri_XP_020531006.1	Lsat_XP_052620645.1	99.0	S	0.0
Atri_XP_020531009.1	Lsat_XP_052620645.1	99.0	S	0.0
Atri_XP_020531007.1	Lsat_XP_052620645.1	99.0	S	0.0
Atri_XP_020531010.1	Rchi_XP_040374821.1	99.0	S	0.0
Atri_XP_020531008.1	Rchi_XP_040374821.1	99.0	S	0.0
Atri_XP_020531004.1	Rchi_XP_040374821.1	99.0	S	0.0
Atri_XP_020531013.1	Rchi_XP_040374821.1	99.0	S	0.0
Atri_XP_020531011.1	Rchi_XP_040374821.1	99.0	S	0.0
Atri_XP_020531012.1	Rchi_XP_040374821.1	99.0	S	0.0
Atri_XP_020531005.1	Rchi_XP_040374821.1	99.0	S	0.0
Atri_XP_020531006.1	Rchi_XP_040374821.1	99.0	S	0.0
Atri_XP_020531009.1	Rchi_XP_040374821.1	99.0	S	0.0
Atri_XP_020531007.1	Rchi_XP_040374821.1	99.0	S	0.0
Atri_XP_020531010.1	Bnap_XP_048592525.1	99.0	S	0.0
Atri_XP_020531008.1	Bnap_XP_048592525.1	99.0	S	0.0
Atri_XP_020531004.1	Bnap_XP_048592525.1	99.0	S	0.0
Atri_XP_020531013.1	Bnap_XP_048592525.1	99.0	S	0.0
Atri_XP_020531011.1	Bnap_XP_048592525.1	99.0	S	0.0
Atri_XP_020531012.1	Bnap_XP_048592525.1	99.0	S	0.0
Atri_XP_020531005.1	Bnap_XP_048592525.1	99.0	S	0.0
Atri_XP_020531006.1	Bnap_XP_048592525.1	99.0	S	0.0
Atri_XP_020531009.1	Bnap_XP_048592525.1	99.0	S	0.0
Atri_XP_020531007.1	Bnap_XP_048592525.1	99.0	S	0.0
Atri_XP_020531010.1	Qlob_XP_030974355.1	99.0	S	0.0
Atri_XP_020531008.1	Qlob_XP_030974355.1	99.0	S	0.0
Atri_XP_020531004.1	Qlob_XP_030974355.1	99.0	S	0.0
Atri_XP_020531013.1	Qlob_XP_030974355.1	99.0	S	0.0
Atri_XP_020531011.1	Qlob_XP_030974355.1	99.0	S	0.0
Atri_XP_020531012.1	Qlob_XP_030974355.1	99.0	S	0.0
Atri_XP_020531005.1	Qlob_XP_030974355.1	99.0	S	0.0
Atri_XP_020531006.1	Qlob_XP_030974355.1	99.0	S	0.0
Atri_XP_020531009.1	Qlob_XP_030974355.1	99.0	S	0.0
Atri_XP_020531007.1	Qlob_XP_030974355.1	99.0	S	0.0
Atri_XP_020531010.1	Rchi_XP_040375123.1	99.0	S	0.0
Atri_XP_020531008.1	Rchi_XP_040375123.1	99.0	S	0.0
Atri_XP_020531004.1	Rchi_XP_040375123.1	99.0	S	0.0
Atri_XP_020531013.1	Rchi_XP_040375123.1	99.0	S	0.0
Atri_XP_020531011.1	Rchi_XP_040375123.1	99.0	S	0.0
Atri_XP_020531012.1	Rchi_XP_040375123.1	99.0	S	0.0
Atri_XP_020531005.1	Rchi_XP_040375123.1	99.0	S	0.0
Atri_XP_020531006.1	Rchi_XP_040375123.1	99.0	S	0.0
Atri_XP_020531009.1	Rchi_XP_040375123.1	99.0	S	0.0
Atri_XP_020531007.1	Rchi_XP_040375123.1	99.0	S	0.0
Atri_XP_020531010.1	Bnap_XP_048593176.1	99.0	S	0.0
Atri_XP_020531008.1	Bnap_XP_048593176.1	99.0	S	0.0
Atri_XP_020531004.1	Bnap_XP_048593176.1	99.0	S	0.0
Atri_XP_020531013.1	Bnap_XP_048593176.1	99.0	S	0.0
Atri_XP_020531011.1	Bnap_XP_048593176.1	99.0	S	0.0
Atri_XP_020531012.1	Bnap_XP_048593176.1	99.0	S	0.0
Atri_XP_020531005.1	Bnap_XP_048593176.1	99.0	S	0.0
Atri_XP_020531006.1	Bnap_XP_048593176.1	99.0	S	0.0
Atri_XP_020531009.1	Bnap_XP_048593176.1	99.0	S	0.0
Atri_XP_020531007.1	Bnap_XP_048593176.1	99.0	S	0.0
Atri_XP_020531010.1	Rchi_XP_040374823.1	99.0	S	0.0
Atri_XP_020531008.1	Rchi_XP_040374823.1	99.0	S	0.0
Atri_XP_020531004.1	Rchi_XP_040374823.1	99.0	S	0.0
Atri_XP_020531013.1	Rchi_XP_040374823.1	99.0	S	0.0
Atri_XP_020531011.1	Rchi_XP_040374823.1	99.0	S	0.0
Atri_XP_020531012.1	Rchi_XP_040374823.1	99.0	S	0.0
Atri_XP_020531005.1	Rchi_XP_040374823.1	99.0	S	0.0
Atri_XP_020531006.1	Rchi_XP_040374823.1	99.0	S	0.0
Atri_XP_020531009.1	Rchi_XP_040374823.1	99.0	S	0.0
Atri_XP_020531007.1	Rchi_XP_040374823.1	99.0	S	0.0
Atri_XP_020531010.1	Lsat_XP_023743075.1	99.0	S	0.0
Atri_XP_020531008.1	Lsat_XP_023743075.1	99.0	S	0.0
Atri_XP_020531004.1	Lsat_XP_023743075.1	99.0	S	0.0
Atri_XP_020531013.1	Lsat_XP_023743075.1	99.0	S	0.0
Atri_XP_020531011.1	Lsat_XP_023743075.1	99.0	S	0.0
Atri_XP_020531012.1	Lsat_XP_023743075.1	99.0	S	0.0
Atri_XP_020531005.1	Lsat_XP_023743075.1	99.0	S	0.0
Atri_XP_020531006.1	Lsat_XP_023743075.1	99.0	S	0.0
Atri_XP_020531009.1	Lsat_XP_023743075.1	99.0	S	0.0
Atri_XP_020531007.1	Lsat_XP_023743075.1	99.0	S	0.0
Atri_XP_020531010.1	Rchi_XP_024191801.1	99.0	S	0.0
Atri_XP_020531008.1	Rchi_XP_024191801.1	99.0	S	0.0
Atri_XP_020531004.1	Rchi_XP_024191801.1	99.0	S	0.0
Atri_XP_020531013.1	Rchi_XP_024191801.1	99.0	S	0.0
Atri_XP_020531011.1	Rchi_XP_024191801.1	99.0	S	0.0
Atri_XP_020531012.1	Rchi_XP_024191801.1	99.0	S	0.0
Atri_XP_020531005.1	Rchi_XP_024191801.1	99.0	S	0.0
Atri_XP_020531006.1	Rchi_XP_024191801.1	99.0	S	0.0
Atri_XP_020531009.1	Rchi_XP_024191801.1	99.0	S	0.0
Atri_XP_020531007.1	Rchi_XP_024191801.1	99.0	S	0.0
Atri_XP_020531010.1	Bnap_XP_048618727.1	99.0	S	0.0
Atri_XP_020531008.1	Bnap_XP_048618727.1	99.0	S	0.0
Atri_XP_020531004.1	Bnap_XP_048618727.1	99.0	S	0.0
Atri_XP_020531013.1	Bnap_XP_048618727.1	99.0	S	0.0
Atri_XP_020531011.1	Bnap_XP_048618727.1	99.0	S	0.0
Atri_XP_020531012.1	Bnap_XP_048618727.1	99.0	S	0.0
Atri_XP_020531005.1	Bnap_XP_048618727.1	99.0	S	0.0
Atri_XP_020531006.1	Bnap_XP_048618727.1	99.0	S	0.0
Atri_XP_020531009.1	Bnap_XP_048618727.1	99.0	S	0.0
Atri_XP_020531007.1	Bnap_XP_048618727.1	99.0	S	0.0
Atri_XP_020531010.1	Sollyc_XP_010317817.2	99.0	S	0.0
Atri_XP_020531008.1	Sollyc_XP_010317817.2	99.0	S	0.0
Atri_XP_020531004.1	Sollyc_XP_010317817.2	99.0	S	0.0
Atri_XP_020531013.1	Sollyc_XP_010317817.2	99.0	S	0.0
Atri_XP_020531011.1	Sollyc_XP_010317817.2	99.0	S	0.0
Atri_XP_020531012.1	Sollyc_XP_010317817.2	99.0	S	0.0
Atri_XP_020531005.1	Sollyc_XP_010317817.2	99.0	S	0.0
Atri_XP_020531006.1	Sollyc_XP_010317817.2	99.0	S	0.0
Atri_XP_020531009.1	Sollyc_XP_010317817.2	99.0	S	0.0
Atri_XP_020531007.1	Sollyc_XP_010317817.2	99.0	S	0.0
Atri_XP_020531010.1	Rchi_XP_024197958.1	99.0	S	0.0
Atri_XP_020531008.1	Rchi_XP_024197958.1	99.0	S	0.0
Atri_XP_020531004.1	Rchi_XP_024197958.1	99.0	S	0.0
Atri_XP_020531013.1	Rchi_XP_024197958.1	99.0	S	0.0
Atri_XP_020531011.1	Rchi_XP_024197958.1	99.0	S	0.0
Atri_XP_020531012.1	Rchi_XP_024197958.1	99.0	S	0.0
Atri_XP_020531005.1	Rchi_XP_024197958.1	99.0	S	0.0
Atri_XP_020531006.1	Rchi_XP_024197958.1	99.0	S	0.0
Atri_XP_020531009.1	Rchi_XP_024197958.1	99.0	S	0.0
Atri_XP_020531007.1	Rchi_XP_024197958.1	99.0	S	0.0
Atri_XP_020531010.1	Bnap_XP_048602258.1	99.0	S	0.0
Atri_XP_020531008.1	Bnap_XP_048602258.1	99.0	S	0.0
Atri_XP_020531004.1	Bnap_XP_048602258.1	99.0	S	0.0
Atri_XP_020531013.1	Bnap_XP_048602258.1	99.0	S	0.0
Atri_XP_020531011.1	Bnap_XP_048602258.1	99.0	S	0.0
Atri_XP_020531012.1	Bnap_XP_048602258.1	99.0	S	0.0
Atri_XP_020531005.1	Bnap_XP_048602258.1	99.0	S	0.0
Atri_XP_020531006.1	Bnap_XP_048602258.1	99.0	S	0.0
Atri_XP_020531009.1	Bnap_XP_048602258.1	99.0	S	0.0
Atri_XP_020531007.1	Bnap_XP_048602258.1	99.0	S	0.0
Atri_XP_020531010.1	Sollyc_XP_004247758.1	99.0	S	0.0
Atri_XP_020531008.1	Sollyc_XP_004247758.1	99.0	S	0.0
Atri_XP_020531004.1	Sollyc_XP_004247758.1	99.0	S	0.0
Atri_XP_020531013.1	Sollyc_XP_004247758.1	99.0	S	0.0
Atri_XP_020531011.1	Sollyc_XP_004247758.1	99.0	S	0.0
Atri_XP_020531012.1	Sollyc_XP_004247758.1	99.0	S	0.0
Atri_XP_020531005.1	Sollyc_XP_004247758.1	99.0	S	0.0
Atri_XP_020531006.1	Sollyc_XP_004247758.1	99.0	S	0.0
Atri_XP_020531009.1	Sollyc_XP_004247758.1	99.0	S	0.0
Atri_XP_020531007.1	Sollyc_XP_004247758.1	99.0	S	0.0
Atri_XP_020531010.1	Rchi_XP_040375128.1	99.0	S	0.0
Atri_XP_020531008.1	Rchi_XP_040375128.1	99.0	S	0.0
Atri_XP_020531004.1	Rchi_XP_040375128.1	99.0	S	0.0
Atri_XP_020531013.1	Rchi_XP_040375128.1	99.0	S	0.0
Atri_XP_020531011.1	Rchi_XP_040375128.1	99.0	S	0.0
Atri_XP_020531012.1	Rchi_XP_040375128.1	99.0	S	0.0
Atri_XP_020531005.1	Rchi_XP_040375128.1	99.0	S	0.0
Atri_XP_020531006.1	Rchi_XP_040375128.1	99.0	S	0.0
Atri_XP_020531009.1	Rchi_XP_040375128.1	99.0	S	0.0
Atri_XP_020531007.1	Rchi_XP_040375128.1	99.0	S	0.0
Atri_XP_020531010.1	Mtru_XP_013468649.1	99.0	S	0.0
Atri_XP_020531008.1	Mtru_XP_013468649.1	99.0	S	0.0
Atri_XP_020531004.1	Mtru_XP_013468649.1	99.0	S	0.0
Atri_XP_020531013.1	Mtru_XP_013468649.1	99.0	S	0.0
Atri_XP_020531011.1	Mtru_XP_013468649.1	99.0	S	0.0
Atri_XP_020531012.1	Mtru_XP_013468649.1	99.0	S	0.0
Atri_XP_020531005.1	Mtru_XP_013468649.1	99.0	S	0.0
Atri_XP_020531006.1	Mtru_XP_013468649.1	99.0	S	0.0
Atri_XP_020531009.1	Mtru_XP_013468649.1	99.0	S	0.0
Atri_XP_020531007.1	Mtru_XP_013468649.1	99.0	S	0.0
Atri_XP_020531010.1	Rchi_XP_024197959.1	99.0	S	0.0
Atri_XP_020531008.1	Rchi_XP_024197959.1	99.0	S	0.0
Atri_XP_020531004.1	Rchi_XP_024197959.1	99.0	S	0.0
Atri_XP_020531013.1	Rchi_XP_024197959.1	99.0	S	0.0
Atri_XP_020531011.1	Rchi_XP_024197959.1	99.0	S	0.0
Atri_XP_020531012.1	Rchi_XP_024197959.1	99.0	S	0.0
Atri_XP_020531005.1	Rchi_XP_024197959.1	99.0	S	0.0
Atri_XP_020531006.1	Rchi_XP_024197959.1	99.0	S	0.0
Atri_XP_020531009.1	Rchi_XP_024197959.1	99.0	S	0.0
Atri_XP_020531007.1	Rchi_XP_024197959.1	99.0	S	0.0
Ppat_XP_024381721.1	Ppat_XP_024381737.1	1.0	D	1.0
Smoe_XP_002964119.1	Smoe_XP_002992048.1	100.0	D	1.0
Mpol_BFI40009.1	Mpol_BFI39969.1	100.0	D	1.0
Mpol_BFI40009.1	Mpol_BFI39968.1	100.0	D	1.0
Atri_XP_020531005.1	Atri_XP_020531010.1	100.0	D	1.0
Atri_XP_020531005.1	Atri_XP_020531008.1	100.0	D	1.0
Atri_XP_020531005.1	Atri_XP_020531004.1	100.0	D	1.0
Atri_XP_020531005.1	Atri_XP_020531013.1	100.0	D	1.0
Atri_XP_020531005.1	Atri_XP_020531011.1	100.0	D	1.0
Atri_XP_020531005.1	Atri_XP_020531012.1	100.0	D	1.0
Atri_XP_020531005.1	Atri_XP_020531006.1	100.0	D	1.0
Atri_XP_020531005.1	Atri_XP_020531009.1	100.0	D	1.0
Atri_XP_020531005.1	Atri_XP_020531007.1	100.0	D	1.0
Sollyc_XP_069145043.1	Bnap_XP_022545047.2	100.0	S	0.0
Lsat_XP_052620645.1	Bnap_XP_022545047.2	100.0	S	0.0
Lsat_XP_023743075.1	Bnap_XP_022545047.2	100.0	S	0.0
Sollyc_XP_010317818.2	Bnap_XP_022545047.2	100.0	S	0.0
Sollyc_XP_069150970.1	Bnap_XP_022545047.2	100.0	S	0.0
Sollyc_XP_010317819.2	Bnap_XP_022545047.2	100.0	S	0.0
Sollyc_XP_004234691.2	Bnap_XP_022545047.2	100.0	S	0.0
Lsat_XP_052620626.1	Bnap_XP_022545047.2	100.0	S	0.0
Sollyc_XP_010317817.2	Bnap_XP_022545047.2	100.0	S	0.0
Sollyc_XP_004247758.1	Bnap_XP_022545047.2	100.0	S	0.0
Lsat_XP_023759689.1	Bnap_XP_022545047.2	100.0	S	0.0
Cofcan_CDO99279.1	Bnap_XP_022545047.2	100.0	S	0.0
Sollyc_XP_069145043.1	Mesc_XP_043811054.1	100.0	S	0.0
Lsat_XP_052620645.1	Mesc_XP_043811054.1	100.0	S	0.0
Lsat_XP_023743075.1	Mesc_XP_043811054.1	100.0	S	0.0
Sollyc_XP_010317818.2	Mesc_XP_043811054.1	100.0	S	0.0
Sollyc_XP_069150970.1	Mesc_XP_043811054.1	100.0	S	0.0
Sollyc_XP_010317819.2	Mesc_XP_043811054.1	100.0	S	0.0
Sollyc_XP_004234691.2	Mesc_XP_043811054.1	100.0	S	0.0
Lsat_XP_052620626.1	Mesc_XP_043811054.1	100.0	S	0.0
Sollyc_XP_010317817.2	Mesc_XP_043811054.1	100.0	S	0.0
Sollyc_XP_004247758.1	Mesc_XP_043811054.1	100.0	S	0.0
Lsat_XP_023759689.1	Mesc_XP_043811054.1	100.0	S	0.0
Cofcan_CDO99279.1	Mesc_XP_043811054.1	100.0	S	0.0
Sollyc_XP_069145043.1	Rchi_XP_040375127.1	100.0	S	0.0
Lsat_XP_052620645.1	Rchi_XP_040375127.1	100.0	S	0.0
Lsat_XP_023743075.1	Rchi_XP_040375127.1	100.0	S	0.0
Sollyc_XP_010317818.2	Rchi_XP_040375127.1	100.0	S	0.0
Sollyc_XP_069150970.1	Rchi_XP_040375127.1	100.0	S	0.0
Sollyc_XP_010317819.2	Rchi_XP_040375127.1	100.0	S	0.0
Sollyc_XP_004234691.2	Rchi_XP_040375127.1	100.0	S	0.0
Lsat_XP_052620626.1	Rchi_XP_040375127.1	100.0	S	0.0
Sollyc_XP_010317817.2	Rchi_XP_040375127.1	100.0	S	0.0
Sollyc_XP_004247758.1	Rchi_XP_040375127.1	100.0	S	0.0
Lsat_XP_023759689.1	Rchi_XP_040375127.1	100.0	S	0.0
Cofcan_CDO99279.1	Rchi_XP_040375127.1	100.0	S	0.0
Sollyc_XP_069145043.1	Bnap_XP_048599848.1	100.0	S	0.0
Lsat_XP_052620645.1	Bnap_XP_048599848.1	100.0	S	0.0
Lsat_XP_023743075.1	Bnap_XP_048599848.1	100.0	S	0.0
Sollyc_XP_010317818.2	Bnap_XP_048599848.1	100.0	S	0.0
Sollyc_XP_069150970.1	Bnap_XP_048599848.1	100.0	S	0.0
Sollyc_XP_010317819.2	Bnap_XP_048599848.1	100.0	S	0.0
Sollyc_XP_004234691.2	Bnap_XP_048599848.1	100.0	S	0.0
Lsat_XP_052620626.1	Bnap_XP_048599848.1	100.0	S	0.0
Sollyc_XP_010317817.2	Bnap_XP_048599848.1	100.0	S	0.0
Sollyc_XP_004247758.1	Bnap_XP_048599848.1	100.0	S	0.0
Lsat_XP_023759689.1	Bnap_XP_048599848.1	100.0	S	0.0
Cofcan_CDO99279.1	Bnap_XP_048599848.1	100.0	S	0.0
Sollyc_XP_069145043.1	Atha_NP_188995.2	100.0	S	0.0
Lsat_XP_052620645.1	Atha_NP_188995.2	100.0	S	0.0
Lsat_XP_023743075.1	Atha_NP_188995.2	100.0	S	0.0
Sollyc_XP_010317818.2	Atha_NP_188995.2	100.0	S	0.0
Sollyc_XP_069150970.1	Atha_NP_188995.2	100.0	S	0.0
Sollyc_XP_010317819.2	Atha_NP_188995.2	100.0	S	0.0
Sollyc_XP_004234691.2	Atha_NP_188995.2	100.0	S	0.0
Lsat_XP_052620626.1	Atha_NP_188995.2	100.0	S	0.0
Sollyc_XP_010317817.2	Atha_NP_188995.2	100.0	S	0.0
Sollyc_XP_004247758.1	Atha_NP_188995.2	100.0	S	0.0
Lsat_XP_023759689.1	Atha_NP_188995.2	100.0	S	0.0
Cofcan_CDO99279.1	Atha_NP_188995.2	100.0	S	0.0
Sollyc_XP_069145043.1	Psat_XP_050891581.1	100.0	S	0.0
Lsat_XP_052620645.1	Psat_XP_050891581.1	100.0	S	0.0
Lsat_XP_023743075.1	Psat_XP_050891581.1	100.0	S	0.0
Sollyc_XP_010317818.2	Psat_XP_050891581.1	100.0	S	0.0
Sollyc_XP_069150970.1	Psat_XP_050891581.1	100.0	S	0.0
Sollyc_XP_010317819.2	Psat_XP_050891581.1	100.0	S	0.0
Sollyc_XP_004234691.2	Psat_XP_050891581.1	100.0	S	0.0
Lsat_XP_052620626.1	Psat_XP_050891581.1	100.0	S	0.0
Sollyc_XP_010317817.2	Psat_XP_050891581.1	100.0	S	0.0
Sollyc_XP_004247758.1	Psat_XP_050891581.1	100.0	S	0.0
Lsat_XP_023759689.1	Psat_XP_050891581.1	100.0	S	0.0
Cofcan_CDO99279.1	Psat_XP_050891581.1	100.0	S	0.0
Sollyc_XP_069145043.1	Qlob_XP_030974354.1	100.0	S	0.0
Lsat_XP_052620645.1	Qlob_XP_030974354.1	100.0	S	0.0
Lsat_XP_023743075.1	Qlob_XP_030974354.1	100.0	S	0.0
Sollyc_XP_010317818.2	Qlob_XP_030974354.1	100.0	S	0.0
Sollyc_XP_069150970.1	Qlob_XP_030974354.1	100.0	S	0.0
Sollyc_XP_010317819.2	Qlob_XP_030974354.1	100.0	S	0.0
Sollyc_XP_004234691.2	Qlob_XP_030974354.1	100.0	S	0.0
Lsat_XP_052620626.1	Qlob_XP_030974354.1	100.0	S	0.0
Sollyc_XP_010317817.2	Qlob_XP_030974354.1	100.0	S	0.0
Sollyc_XP_004247758.1	Qlob_XP_030974354.1	100.0	S	0.0
Lsat_XP_023759689.1	Qlob_XP_030974354.1	100.0	S	0.0
Cofcan_CDO99279.1	Qlob_XP_030974354.1	100.0	S	0.0
Sollyc_XP_069145043.1	Rchi_XP_024197957.1	100.0	S	0.0
Lsat_XP_052620645.1	Rchi_XP_024197957.1	100.0	S	0.0
Lsat_XP_023743075.1	Rchi_XP_024197957.1	100.0	S	0.0
Sollyc_XP_010317818.2	Rchi_XP_024197957.1	100.0	S	0.0
Sollyc_XP_069150970.1	Rchi_XP_024197957.1	100.0	S	0.0
Sollyc_XP_010317819.2	Rchi_XP_024197957.1	100.0	S	0.0
Sollyc_XP_004234691.2	Rchi_XP_024197957.1	100.0	S	0.0
Lsat_XP_052620626.1	Rchi_XP_024197957.1	100.0	S	0.0
Sollyc_XP_010317817.2	Rchi_XP_024197957.1	100.0	S	0.0
Sollyc_XP_004247758.1	Rchi_XP_024197957.1	100.0	S	0.0
Lsat_XP_023759689.1	Rchi_XP_024197957.1	100.0	S	0.0
Cofcan_CDO99279.1	Rchi_XP_024197957.1	100.0	S	0.0
Sollyc_XP_069145043.1	Rchi_XP_024197955.1	100.0	S	0.0
Lsat_XP_052620645.1	Rchi_XP_024197955.1	100.0	S	0.0
Lsat_XP_023743075.1	Rchi_XP_024197955.1	100.0	S	0.0
Sollyc_XP_010317818.2	Rchi_XP_024197955.1	100.0	S	0.0
Sollyc_XP_069150970.1	Rchi_XP_024197955.1	100.0	S	0.0
Sollyc_XP_010317819.2	Rchi_XP_024197955.1	100.0	S	0.0
Sollyc_XP_004234691.2	Rchi_XP_024197955.1	100.0	S	0.0
Lsat_XP_052620626.1	Rchi_XP_024197955.1	100.0	S	0.0
Sollyc_XP_010317817.2	Rchi_XP_024197955.1	100.0	S	0.0
Sollyc_XP_004247758.1	Rchi_XP_024197955.1	100.0	S	0.0
Lsat_XP_023759689.1	Rchi_XP_024197955.1	100.0	S	0.0
Cofcan_CDO99279.1	Rchi_XP_024197955.1	100.0	S	0.0
Sollyc_XP_069145043.1	Rchi_XP_040374828.1	100.0	S	0.0
Lsat_XP_052620645.1	Rchi_XP_040374828.1	100.0	S	0.0
Lsat_XP_023743075.1	Rchi_XP_040374828.1	100.0	S	0.0
Sollyc_XP_010317818.2	Rchi_XP_040374828.1	100.0	S	0.0
Sollyc_XP_069150970.1	Rchi_XP_040374828.1	100.0	S	0.0
Sollyc_XP_010317819.2	Rchi_XP_040374828.1	100.0	S	0.0
Sollyc_XP_004234691.2	Rchi_XP_040374828.1	100.0	S	0.0
Lsat_XP_052620626.1	Rchi_XP_040374828.1	100.0	S	0.0
Sollyc_XP_010317817.2	Rchi_XP_040374828.1	100.0	S	0.0
Sollyc_XP_004247758.1	Rchi_XP_040374828.1	100.0	S	0.0
Lsat_XP_023759689.1	Rchi_XP_040374828.1	100.0	S	0.0
Cofcan_CDO99279.1	Rchi_XP_040374828.1	100.0	S	0.0
Sollyc_XP_069145043.1	Bnap_XP_013653045.1	100.0	S	0.0
Lsat_XP_052620645.1	Bnap_XP_013653045.1	100.0	S	0.0
Lsat_XP_023743075.1	Bnap_XP_013653045.1	100.0	S	0.0
Sollyc_XP_010317818.2	Bnap_XP_013653045.1	100.0	S	0.0
Sollyc_XP_069150970.1	Bnap_XP_013653045.1	100.0	S	0.0
Sollyc_XP_010317819.2	Bnap_XP_013653045.1	100.0	S	0.0
Sollyc_XP_004234691.2	Bnap_XP_013653045.1	100.0	S	0.0
Lsat_XP_052620626.1	Bnap_XP_013653045.1	100.0	S	0.0
Sollyc_XP_010317817.2	Bnap_XP_013653045.1	100.0	S	0.0
Sollyc_XP_004247758.1	Bnap_XP_013653045.1	100.0	S	0.0
Lsat_XP_023759689.1	Bnap_XP_013653045.1	100.0	S	0.0
Cofcan_CDO99279.1	Bnap_XP_013653045.1	100.0	S	0.0
Sollyc_XP_069145043.1	Rchi_XP_024193082.1	100.0	S	0.0
Lsat_XP_052620645.1	Rchi_XP_024193082.1	100.0	S	0.0
Lsat_XP_023743075.1	Rchi_XP_024193082.1	100.0	S	0.0
Sollyc_XP_010317818.2	Rchi_XP_024193082.1	100.0	S	0.0
Sollyc_XP_069150970.1	Rchi_XP_024193082.1	100.0	S	0.0
Sollyc_XP_010317819.2	Rchi_XP_024193082.1	100.0	S	0.0
Sollyc_XP_004234691.2	Rchi_XP_024193082.1	100.0	S	0.0
Lsat_XP_052620626.1	Rchi_XP_024193082.1	100.0	S	0.0
Sollyc_XP_010317817.2	Rchi_XP_024193082.1	100.0	S	0.0
Sollyc_XP_004247758.1	Rchi_XP_024193082.1	100.0	S	0.0
Lsat_XP_023759689.1	Rchi_XP_024193082.1	100.0	S	0.0
Cofcan_CDO99279.1	Rchi_XP_024193082.1	100.0	S	0.0
Sollyc_XP_069145043.1	Rchi_XP_040375126.1	100.0	S	0.0
Lsat_XP_052620645.1	Rchi_XP_040375126.1	100.0	S	0.0
Lsat_XP_023743075.1	Rchi_XP_040375126.1	100.0	S	0.0
Sollyc_XP_010317818.2	Rchi_XP_040375126.1	100.0	S	0.0
Sollyc_XP_069150970.1	Rchi_XP_040375126.1	100.0	S	0.0
Sollyc_XP_010317819.2	Rchi_XP_040375126.1	100.0	S	0.0
Sollyc_XP_004234691.2	Rchi_XP_040375126.1	100.0	S	0.0
Lsat_XP_052620626.1	Rchi_XP_040375126.1	100.0	S	0.0
Sollyc_XP_010317817.2	Rchi_XP_040375126.1	100.0	S	0.0
Sollyc_XP_004247758.1	Rchi_XP_040375126.1	100.0	S	0.0
Lsat_XP_023759689.1	Rchi_XP_040375126.1	100.0	S	0.0
Cofcan_CDO99279.1	Rchi_XP_040375126.1	100.0	S	0.0
Sollyc_XP_069145043.1	Rchi_XP_040375125.1	100.0	S	0.0
Lsat_XP_052620645.1	Rchi_XP_040375125.1	100.0	S	0.0
Lsat_XP_023743075.1	Rchi_XP_040375125.1	100.0	S	0.0
Sollyc_XP_010317818.2	Rchi_XP_040375125.1	100.0	S	0.0
Sollyc_XP_069150970.1	Rchi_XP_040375125.1	100.0	S	0.0
Sollyc_XP_010317819.2	Rchi_XP_040375125.1	100.0	S	0.0
Sollyc_XP_004234691.2	Rchi_XP_040375125.1	100.0	S	0.0
Lsat_XP_052620626.1	Rchi_XP_040375125.1	100.0	S	0.0
Sollyc_XP_010317817.2	Rchi_XP_040375125.1	100.0	S	0.0
Sollyc_XP_004247758.1	Rchi_XP_040375125.1	100.0	S	0.0
Lsat_XP_023759689.1	Rchi_XP_040375125.1	100.0	S	0.0
Cofcan_CDO99279.1	Rchi_XP_040375125.1	100.0	S	0.0
Sollyc_XP_069145043.1	Rchi_XP_024197951.1	100.0	S	0.0
Lsat_XP_052620645.1	Rchi_XP_024197951.1	100.0	S	0.0
Lsat_XP_023743075.1	Rchi_XP_024197951.1	100.0	S	0.0
Sollyc_XP_010317818.2	Rchi_XP_024197951.1	100.0	S	0.0
Sollyc_XP_069150970.1	Rchi_XP_024197951.1	100.0	S	0.0
Sollyc_XP_010317819.2	Rchi_XP_024197951.1	100.0	S	0.0
Sollyc_XP_004234691.2	Rchi_XP_024197951.1	100.0	S	0.0
Lsat_XP_052620626.1	Rchi_XP_024197951.1	100.0	S	0.0
Sollyc_XP_010317817.2	Rchi_XP_024197951.1	100.0	S	0.0
Sollyc_XP_004247758.1	Rchi_XP_024197951.1	100.0	S	0.0
Lsat_XP_023759689.1	Rchi_XP_024197951.1	100.0	S	0.0
Cofcan_CDO99279.1	Rchi_XP_024197951.1	100.0	S	0.0
Sollyc_XP_069145043.1	Rchi_XP_040374824.1	100.0	S	0.0
Lsat_XP_052620645.1	Rchi_XP_040374824.1	100.0	S	0.0
Lsat_XP_023743075.1	Rchi_XP_040374824.1	100.0	S	0.0
Sollyc_XP_010317818.2	Rchi_XP_040374824.1	100.0	S	0.0
Sollyc_XP_069150970.1	Rchi_XP_040374824.1	100.0	S	0.0
Sollyc_XP_010317819.2	Rchi_XP_040374824.1	100.0	S	0.0
Sollyc_XP_004234691.2	Rchi_XP_040374824.1	100.0	S	0.0
Lsat_XP_052620626.1	Rchi_XP_040374824.1	100.0	S	0.0
Sollyc_XP_010317817.2	Rchi_XP_040374824.1	100.0	S	0.0
Sollyc_XP_004247758.1	Rchi_XP_040374824.1	100.0	S	0.0
Lsat_XP_023759689.1	Rchi_XP_040374824.1	100.0	S	0.0
Cofcan_CDO99279.1	Rchi_XP_040374824.1	100.0	S	0.0
Sollyc_XP_069145043.1	Bnap_XP_013685434.2	100.0	S	0.0
Lsat_XP_052620645.1	Bnap_XP_013685434.2	100.0	S	0.0
Lsat_XP_023743075.1	Bnap_XP_013685434.2	100.0	S	0.0
Sollyc_XP_010317818.2	Bnap_XP_013685434.2	100.0	S	0.0
Sollyc_XP_069150970.1	Bnap_XP_013685434.2	100.0	S	0.0
Sollyc_XP_010317819.2	Bnap_XP_013685434.2	100.0	S	0.0
Sollyc_XP_004234691.2	Bnap_XP_013685434.2	100.0	S	0.0
Lsat_XP_052620626.1	Bnap_XP_013685434.2	100.0	S	0.0
Sollyc_XP_010317817.2	Bnap_XP_013685434.2	100.0	S	0.0
Sollyc_XP_004247758.1	Bnap_XP_013685434.2	100.0	S	0.0
Lsat_XP_023759689.1	Bnap_XP_013685434.2	100.0	S	0.0
Cofcan_CDO99279.1	Bnap_XP_013685434.2	100.0	S	0.0
Sollyc_XP_069145043.1	Rchi_XP_040375129.1	100.0	S	0.0
Lsat_XP_052620645.1	Rchi_XP_040375129.1	100.0	S	0.0
Lsat_XP_023743075.1	Rchi_XP_040375129.1	100.0	S	0.0
Sollyc_XP_010317818.2	Rchi_XP_040375129.1	100.0	S	0.0
Sollyc_XP_069150970.1	Rchi_XP_040375129.1	100.0	S	0.0
Sollyc_XP_010317819.2	Rchi_XP_040375129.1	100.0	S	0.0
Sollyc_XP_004234691.2	Rchi_XP_040375129.1	100.0	S	0.0
Lsat_XP_052620626.1	Rchi_XP_040375129.1	100.0	S	0.0
Sollyc_XP_010317817.2	Rchi_XP_040375129.1	100.0	S	0.0
Sollyc_XP_004247758.1	Rchi_XP_040375129.1	100.0	S	0.0
Lsat_XP_023759689.1	Rchi_XP_040375129.1	100.0	S	0.0
Cofcan_CDO99279.1	Rchi_XP_040375129.1	100.0	S	0.0
Sollyc_XP_069145043.1	Rchi_XP_024193088.1	100.0	S	0.0
Lsat_XP_052620645.1	Rchi_XP_024193088.1	100.0	S	0.0
Lsat_XP_023743075.1	Rchi_XP_024193088.1	100.0	S	0.0
Sollyc_XP_010317818.2	Rchi_XP_024193088.1	100.0	S	0.0
Sollyc_XP_069150970.1	Rchi_XP_024193088.1	100.0	S	0.0
Sollyc_XP_010317819.2	Rchi_XP_024193088.1	100.0	S	0.0
Sollyc_XP_004234691.2	Rchi_XP_024193088.1	100.0	S	0.0
Lsat_XP_052620626.1	Rchi_XP_024193088.1	100.0	S	0.0
Sollyc_XP_010317817.2	Rchi_XP_024193088.1	100.0	S	0.0
Sollyc_XP_004247758.1	Rchi_XP_024193088.1	100.0	S	0.0
Lsat_XP_023759689.1	Rchi_XP_024193088.1	100.0	S	0.0
Cofcan_CDO99279.1	Rchi_XP_024193088.1	100.0	S	0.0
Sollyc_XP_069145043.1	Rchi_XP_040374825.1	100.0	S	0.0
Lsat_XP_052620645.1	Rchi_XP_040374825.1	100.0	S	0.0
Lsat_XP_023743075.1	Rchi_XP_040374825.1	100.0	S	0.0
Sollyc_XP_010317818.2	Rchi_XP_040374825.1	100.0	S	0.0
Sollyc_XP_069150970.1	Rchi_XP_040374825.1	100.0	S	0.0
Sollyc_XP_010317819.2	Rchi_XP_040374825.1	100.0	S	0.0
Sollyc_XP_004234691.2	Rchi_XP_040374825.1	100.0	S	0.0
Lsat_XP_052620626.1	Rchi_XP_040374825.1	100.0	S	0.0
Sollyc_XP_010317817.2	Rchi_XP_040374825.1	100.0	S	0.0
Sollyc_XP_004247758.1	Rchi_XP_040374825.1	100.0	S	0.0
Lsat_XP_023759689.1	Rchi_XP_040374825.1	100.0	S	0.0
Cofcan_CDO99279.1	Rchi_XP_040374825.1	100.0	S	0.0
Sollyc_XP_069145043.1	Rchi_XP_040374822.1	100.0	S	0.0
Lsat_XP_052620645.1	Rchi_XP_040374822.1	100.0	S	0.0
Lsat_XP_023743075.1	Rchi_XP_040374822.1	100.0	S	0.0
Sollyc_XP_010317818.2	Rchi_XP_040374822.1	100.0	S	0.0
Sollyc_XP_069150970.1	Rchi_XP_040374822.1	100.0	S	0.0
Sollyc_XP_010317819.2	Rchi_XP_040374822.1	100.0	S	0.0
Sollyc_XP_004234691.2	Rchi_XP_040374822.1	100.0	S	0.0
Lsat_XP_052620626.1	Rchi_XP_040374822.1	100.0	S	0.0
Sollyc_XP_010317817.2	Rchi_XP_040374822.1	100.0	S	0.0
Sollyc_XP_004247758.1	Rchi_XP_040374822.1	100.0	S	0.0
Lsat_XP_023759689.1	Rchi_XP_040374822.1	100.0	S	0.0
Cofcan_CDO99279.1	Rchi_XP_040374822.1	100.0	S	0.0
Sollyc_XP_069145043.1	Rchi_XP_040374826.1	100.0	S	0.0
Lsat_XP_052620645.1	Rchi_XP_040374826.1	100.0	S	0.0
Lsat_XP_023743075.1	Rchi_XP_040374826.1	100.0	S	0.0
Sollyc_XP_010317818.2	Rchi_XP_040374826.1	100.0	S	0.0
Sollyc_XP_069150970.1	Rchi_XP_040374826.1	100.0	S	0.0
Sollyc_XP_010317819.2	Rchi_XP_040374826.1	100.0	S	0.0
Sollyc_XP_004234691.2	Rchi_XP_040374826.1	100.0	S	0.0
Lsat_XP_052620626.1	Rchi_XP_040374826.1	100.0	S	0.0
Sollyc_XP_010317817.2	Rchi_XP_040374826.1	100.0	S	0.0
Sollyc_XP_004247758.1	Rchi_XP_040374826.1	100.0	S	0.0
Lsat_XP_023759689.1	Rchi_XP_040374826.1	100.0	S	0.0
Cofcan_CDO99279.1	Rchi_XP_040374826.1	100.0	S	0.0
Sollyc_XP_069145043.1	Atha_NP_188993.2	100.0	S	0.0
Lsat_XP_052620645.1	Atha_NP_188993.2	100.0	S	0.0
Lsat_XP_023743075.1	Atha_NP_188993.2	100.0	S	0.0
Sollyc_XP_010317818.2	Atha_NP_188993.2	100.0	S	0.0
Sollyc_XP_069150970.1	Atha_NP_188993.2	100.0	S	0.0
Sollyc_XP_010317819.2	Atha_NP_188993.2	100.0	S	0.0
Sollyc_XP_004234691.2	Atha_NP_188993.2	100.0	S	0.0
Lsat_XP_052620626.1	Atha_NP_188993.2	100.0	S	0.0
Sollyc_XP_010317817.2	Atha_NP_188993.2	100.0	S	0.0
Sollyc_XP_004247758.1	Atha_NP_188993.2	100.0	S	0.0
Lsat_XP_023759689.1	Atha_NP_188993.2	100.0	S	0.0
Cofcan_CDO99279.1	Atha_NP_188993.2	100.0	S	0.0
Sollyc_XP_069145043.1	Bnap_XP_013653044.1	100.0	S	0.0
Lsat_XP_052620645.1	Bnap_XP_013653044.1	100.0	S	0.0
Lsat_XP_023743075.1	Bnap_XP_013653044.1	100.0	S	0.0
Sollyc_XP_010317818.2	Bnap_XP_013653044.1	100.0	S	0.0
Sollyc_XP_069150970.1	Bnap_XP_013653044.1	100.0	S	0.0
Sollyc_XP_010317819.2	Bnap_XP_013653044.1	100.0	S	0.0
Sollyc_XP_004234691.2	Bnap_XP_013653044.1	100.0	S	0.0
Lsat_XP_052620626.1	Bnap_XP_013653044.1	100.0	S	0.0
Sollyc_XP_010317817.2	Bnap_XP_013653044.1	100.0	S	0.0
Sollyc_XP_004247758.1	Bnap_XP_013653044.1	100.0	S	0.0
Lsat_XP_023759689.1	Bnap_XP_013653044.1	100.0	S	0.0
Cofcan_CDO99279.1	Bnap_XP_013653044.1	100.0	S	0.0
Sollyc_XP_069145043.1	Mesc_XP_021594114.1	100.0	S	0.0
Lsat_XP_052620645.1	Mesc_XP_021594114.1	100.0	S	0.0
Lsat_XP_023743075.1	Mesc_XP_021594114.1	100.0	S	0.0
Sollyc_XP_010317818.2	Mesc_XP_021594114.1	100.0	S	0.0
Sollyc_XP_069150970.1	Mesc_XP_021594114.1	100.0	S	0.0
Sollyc_XP_010317819.2	Mesc_XP_021594114.1	100.0	S	0.0
Sollyc_XP_004234691.2	Mesc_XP_021594114.1	100.0	S	0.0
Lsat_XP_052620626.1	Mesc_XP_021594114.1	100.0	S	0.0
Sollyc_XP_010317817.2	Mesc_XP_021594114.1	100.0	S	0.0
Sollyc_XP_004247758.1	Mesc_XP_021594114.1	100.0	S	0.0
Lsat_XP_023759689.1	Mesc_XP_021594114.1	100.0	S	0.0
Cofcan_CDO99279.1	Mesc_XP_021594114.1	100.0	S	0.0
Sollyc_XP_069145043.1	Bnap_XP_013750545.2	100.0	S	0.0
Lsat_XP_052620645.1	Bnap_XP_013750545.2	100.0	S	0.0
Lsat_XP_023743075.1	Bnap_XP_013750545.2	100.0	S	0.0
Sollyc_XP_010317818.2	Bnap_XP_013750545.2	100.0	S	0.0
Sollyc_XP_069150970.1	Bnap_XP_013750545.2	100.0	S	0.0
Sollyc_XP_010317819.2	Bnap_XP_013750545.2	100.0	S	0.0
Sollyc_XP_004234691.2	Bnap_XP_013750545.2	100.0	S	0.0
Lsat_XP_052620626.1	Bnap_XP_013750545.2	100.0	S	0.0
Sollyc_XP_010317817.2	Bnap_XP_013750545.2	100.0	S	0.0
Sollyc_XP_004247758.1	Bnap_XP_013750545.2	100.0	S	0.0
Lsat_XP_023759689.1	Bnap_XP_013750545.2	100.0	S	0.0
Cofcan_CDO99279.1	Bnap_XP_013750545.2	100.0	S	0.0
Sollyc_XP_069145043.1	Rchi_XP_040374821.1	100.0	S	0.0
Lsat_XP_052620645.1	Rchi_XP_040374821.1	100.0	S	0.0
Lsat_XP_023743075.1	Rchi_XP_040374821.1	100.0	S	0.0
Sollyc_XP_010317818.2	Rchi_XP_040374821.1	100.0	S	0.0
Sollyc_XP_069150970.1	Rchi_XP_040374821.1	100.0	S	0.0
Sollyc_XP_010317819.2	Rchi_XP_040374821.1	100.0	S	0.0
Sollyc_XP_004234691.2	Rchi_XP_040374821.1	100.0	S	0.0
Lsat_XP_052620626.1	Rchi_XP_040374821.1	100.0	S	0.0
Sollyc_XP_010317817.2	Rchi_XP_040374821.1	100.0	S	0.0
Sollyc_XP_004247758.1	Rchi_XP_040374821.1	100.0	S	0.0
Lsat_XP_023759689.1	Rchi_XP_040374821.1	100.0	S	0.0
Cofcan_CDO99279.1	Rchi_XP_040374821.1	100.0	S	0.0
Sollyc_XP_069145043.1	Bnap_XP_048592525.1	100.0	S	0.0
Lsat_XP_052620645.1	Bnap_XP_048592525.1	100.0	S	0.0
Lsat_XP_023743075.1	Bnap_XP_048592525.1	100.0	S	0.0
Sollyc_XP_010317818.2	Bnap_XP_048592525.1	100.0	S	0.0
Sollyc_XP_069150970.1	Bnap_XP_048592525.1	100.0	S	0.0
Sollyc_XP_010317819.2	Bnap_XP_048592525.1	100.0	S	0.0
Sollyc_XP_004234691.2	Bnap_XP_048592525.1	100.0	S	0.0
Lsat_XP_052620626.1	Bnap_XP_048592525.1	100.0	S	0.0
Sollyc_XP_010317817.2	Bnap_XP_048592525.1	100.0	S	0.0
Sollyc_XP_004247758.1	Bnap_XP_048592525.1	100.0	S	0.0
Lsat_XP_023759689.1	Bnap_XP_048592525.1	100.0	S	0.0
Cofcan_CDO99279.1	Bnap_XP_048592525.1	100.0	S	0.0
Sollyc_XP_069145043.1	Qlob_XP_030974355.1	100.0	S	0.0
Lsat_XP_052620645.1	Qlob_XP_030974355.1	100.0	S	0.0
Lsat_XP_023743075.1	Qlob_XP_030974355.1	100.0	S	0.0
Sollyc_XP_010317818.2	Qlob_XP_030974355.1	100.0	S	0.0
Sollyc_XP_069150970.1	Qlob_XP_030974355.1	100.0	S	0.0
Sollyc_XP_010317819.2	Qlob_XP_030974355.1	100.0	S	0.0
Sollyc_XP_004234691.2	Qlob_XP_030974355.1	100.0	S	0.0
Lsat_XP_052620626.1	Qlob_XP_030974355.1	100.0	S	0.0
Sollyc_XP_010317817.2	Qlob_XP_030974355.1	100.0	S	0.0
Sollyc_XP_004247758.1	Qlob_XP_030974355.1	100.0	S	0.0
Lsat_XP_023759689.1	Qlob_XP_030974355.1	100.0	S	0.0
Cofcan_CDO99279.1	Qlob_XP_030974355.1	100.0	S	0.0
Sollyc_XP_069145043.1	Rchi_XP_040375123.1	100.0	S	0.0
Lsat_XP_052620645.1	Rchi_XP_040375123.1	100.0	S	0.0
Lsat_XP_023743075.1	Rchi_XP_040375123.1	100.0	S	0.0
Sollyc_XP_010317818.2	Rchi_XP_040375123.1	100.0	S	0.0
Sollyc_XP_069150970.1	Rchi_XP_040375123.1	100.0	S	0.0
Sollyc_XP_010317819.2	Rchi_XP_040375123.1	100.0	S	0.0
Sollyc_XP_004234691.2	Rchi_XP_040375123.1	100.0	S	0.0
Lsat_XP_052620626.1	Rchi_XP_040375123.1	100.0	S	0.0
Sollyc_XP_010317817.2	Rchi_XP_040375123.1	100.0	S	0.0
Sollyc_XP_004247758.1	Rchi_XP_040375123.1	100.0	S	0.0
Lsat_XP_023759689.1	Rchi_XP_040375123.1	100.0	S	0.0
Cofcan_CDO99279.1	Rchi_XP_040375123.1	100.0	S	0.0
Sollyc_XP_069145043.1	Bnap_XP_048593176.1	100.0	S	0.0
Lsat_XP_052620645.1	Bnap_XP_048593176.1	100.0	S	0.0
Lsat_XP_023743075.1	Bnap_XP_048593176.1	100.0	S	0.0
Sollyc_XP_010317818.2	Bnap_XP_048593176.1	100.0	S	0.0
Sollyc_XP_069150970.1	Bnap_XP_048593176.1	100.0	S	0.0
Sollyc_XP_010317819.2	Bnap_XP_048593176.1	100.0	S	0.0
Sollyc_XP_004234691.2	Bnap_XP_048593176.1	100.0	S	0.0
Lsat_XP_052620626.1	Bnap_XP_048593176.1	100.0	S	0.0
Sollyc_XP_010317817.2	Bnap_XP_048593176.1	100.0	S	0.0
Sollyc_XP_004247758.1	Bnap_XP_048593176.1	100.0	S	0.0
Lsat_XP_023759689.1	Bnap_XP_048593176.1	100.0	S	0.0
Cofcan_CDO99279.1	Bnap_XP_048593176.1	100.0	S	0.0
Sollyc_XP_069145043.1	Rchi_XP_040374823.1	100.0	S	0.0
Lsat_XP_052620645.1	Rchi_XP_040374823.1	100.0	S	0.0
Lsat_XP_023743075.1	Rchi_XP_040374823.1	100.0	S	0.0
Sollyc_XP_010317818.2	Rchi_XP_040374823.1	100.0	S	0.0
Sollyc_XP_069150970.1	Rchi_XP_040374823.1	100.0	S	0.0
Sollyc_XP_010317819.2	Rchi_XP_040374823.1	100.0	S	0.0
Sollyc_XP_004234691.2	Rchi_XP_040374823.1	100.0	S	0.0
Lsat_XP_052620626.1	Rchi_XP_040374823.1	100.0	S	0.0
Sollyc_XP_010317817.2	Rchi_XP_040374823.1	100.0	S	0.0
Sollyc_XP_004247758.1	Rchi_XP_040374823.1	100.0	S	0.0
Lsat_XP_023759689.1	Rchi_XP_040374823.1	100.0	S	0.0
Cofcan_CDO99279.1	Rchi_XP_040374823.1	100.0	S	0.0
Sollyc_XP_069145043.1	Rchi_XP_024191801.1	100.0	S	0.0
Lsat_XP_052620645.1	Rchi_XP_024191801.1	100.0	S	0.0
Lsat_XP_023743075.1	Rchi_XP_024191801.1	100.0	S	0.0
Sollyc_XP_010317818.2	Rchi_XP_024191801.1	100.0	S	0.0
Sollyc_XP_069150970.1	Rchi_XP_024191801.1	100.0	S	0.0
Sollyc_XP_010317819.2	Rchi_XP_024191801.1	100.0	S	0.0
Sollyc_XP_004234691.2	Rchi_XP_024191801.1	100.0	S	0.0
Lsat_XP_052620626.1	Rchi_XP_024191801.1	100.0	S	0.0
Sollyc_XP_010317817.2	Rchi_XP_024191801.1	100.0	S	0.0
Sollyc_XP_004247758.1	Rchi_XP_024191801.1	100.0	S	0.0
Lsat_XP_023759689.1	Rchi_XP_024191801.1	100.0	S	0.0
Cofcan_CDO99279.1	Rchi_XP_024191801.1	100.0	S	0.0
Sollyc_XP_069145043.1	Bnap_XP_048618727.1	100.0	S	0.0
Lsat_XP_052620645.1	Bnap_XP_048618727.1	100.0	S	0.0
Lsat_XP_023743075.1	Bnap_XP_048618727.1	100.0	S	0.0
Sollyc_XP_010317818.2	Bnap_XP_048618727.1	100.0	S	0.0
Sollyc_XP_069150970.1	Bnap_XP_048618727.1	100.0	S	0.0
Sollyc_XP_010317819.2	Bnap_XP_048618727.1	100.0	S	0.0
Sollyc_XP_004234691.2	Bnap_XP_048618727.1	100.0	S	0.0
Lsat_XP_052620626.1	Bnap_XP_048618727.1	100.0	S	0.0
Sollyc_XP_010317817.2	Bnap_XP_048618727.1	100.0	S	0.0
Sollyc_XP_004247758.1	Bnap_XP_048618727.1	100.0	S	0.0
Lsat_XP_023759689.1	Bnap_XP_048618727.1	100.0	S	0.0
Cofcan_CDO99279.1	Bnap_XP_048618727.1	100.0	S	0.0
Sollyc_XP_069145043.1	Rchi_XP_024197958.1	100.0	S	0.0
Lsat_XP_052620645.1	Rchi_XP_024197958.1	100.0	S	0.0
Lsat_XP_023743075.1	Rchi_XP_024197958.1	100.0	S	0.0
Sollyc_XP_010317818.2	Rchi_XP_024197958.1	100.0	S	0.0
Sollyc_XP_069150970.1	Rchi_XP_024197958.1	100.0	S	0.0
Sollyc_XP_010317819.2	Rchi_XP_024197958.1	100.0	S	0.0
Sollyc_XP_004234691.2	Rchi_XP_024197958.1	100.0	S	0.0
Lsat_XP_052620626.1	Rchi_XP_024197958.1	100.0	S	0.0
Sollyc_XP_010317817.2	Rchi_XP_024197958.1	100.0	S	0.0
Sollyc_XP_004247758.1	Rchi_XP_024197958.1	100.0	S	0.0
Lsat_XP_023759689.1	Rchi_XP_024197958.1	100.0	S	0.0
Cofcan_CDO99279.1	Rchi_XP_024197958.1	100.0	S	0.0
Sollyc_XP_069145043.1	Bnap_XP_048602258.1	100.0	S	0.0
Lsat_XP_052620645.1	Bnap_XP_048602258.1	100.0	S	0.0
Lsat_XP_023743075.1	Bnap_XP_048602258.1	100.0	S	0.0
Sollyc_XP_010317818.2	Bnap_XP_048602258.1	100.0	S	0.0
Sollyc_XP_069150970.1	Bnap_XP_048602258.1	100.0	S	0.0
Sollyc_XP_010317819.2	Bnap_XP_048602258.1	100.0	S	0.0
Sollyc_XP_004234691.2	Bnap_XP_048602258.1	100.0	S	0.0
Lsat_XP_052620626.1	Bnap_XP_048602258.1	100.0	S	0.0
Sollyc_XP_010317817.2	Bnap_XP_048602258.1	100.0	S	0.0
Sollyc_XP_004247758.1	Bnap_XP_048602258.1	100.0	S	0.0
Lsat_XP_023759689.1	Bnap_XP_048602258.1	100.0	S	0.0
Cofcan_CDO99279.1	Bnap_XP_048602258.1	100.0	S	0.0
Sollyc_XP_069145043.1	Rchi_XP_040375128.1	100.0	S	0.0
Lsat_XP_052620645.1	Rchi_XP_040375128.1	100.0	S	0.0
Lsat_XP_023743075.1	Rchi_XP_040375128.1	100.0	S	0.0
Sollyc_XP_010317818.2	Rchi_XP_040375128.1	100.0	S	0.0
Sollyc_XP_069150970.1	Rchi_XP_040375128.1	100.0	S	0.0
Sollyc_XP_010317819.2	Rchi_XP_040375128.1	100.0	S	0.0
Sollyc_XP_004234691.2	Rchi_XP_040375128.1	100.0	S	0.0
Lsat_XP_052620626.1	Rchi_XP_040375128.1	100.0	S	0.0
Sollyc_XP_010317817.2	Rchi_XP_040375128.1	100.0	S	0.0
Sollyc_XP_004247758.1	Rchi_XP_040375128.1	100.0	S	0.0
Lsat_XP_023759689.1	Rchi_XP_040375128.1	100.0	S	0.0
Cofcan_CDO99279.1	Rchi_XP_040375128.1	100.0	S	0.0
Sollyc_XP_069145043.1	Mtru_XP_013468649.1	100.0	S	0.0
Lsat_XP_052620645.1	Mtru_XP_013468649.1	100.0	S	0.0
Lsat_XP_023743075.1	Mtru_XP_013468649.1	100.0	S	0.0
Sollyc_XP_010317818.2	Mtru_XP_013468649.1	100.0	S	0.0
Sollyc_XP_069150970.1	Mtru_XP_013468649.1	100.0	S	0.0
Sollyc_XP_010317819.2	Mtru_XP_013468649.1	100.0	S	0.0
Sollyc_XP_004234691.2	Mtru_XP_013468649.1	100.0	S	0.0
Lsat_XP_052620626.1	Mtru_XP_013468649.1	100.0	S	0.0
Sollyc_XP_010317817.2	Mtru_XP_013468649.1	100.0	S	0.0
Sollyc_XP_004247758.1	Mtru_XP_013468649.1	100.0	S	0.0
Lsat_XP_023759689.1	Mtru_XP_013468649.1	100.0	S	0.0
Cofcan_CDO99279.1	Mtru_XP_013468649.1	100.0	S	0.0
Sollyc_XP_069145043.1	Rchi_XP_024197959.1	100.0	S	0.0
Lsat_XP_052620645.1	Rchi_XP_024197959.1	100.0	S	0.0
Lsat_XP_023743075.1	Rchi_XP_024197959.1	100.0	S	0.0
Sollyc_XP_010317818.2	Rchi_XP_024197959.1	100.0	S	0.0
Sollyc_XP_069150970.1	Rchi_XP_024197959.1	100.0	S	0.0
Sollyc_XP_010317819.2	Rchi_XP_024197959.1	100.0	S	0.0
Sollyc_XP_004234691.2	Rchi_XP_024197959.1	100.0	S	0.0
Lsat_XP_052620626.1	Rchi_XP_024197959.1	100.0	S	0.0
Sollyc_XP_010317817.2	Rchi_XP_024197959.1	100.0	S	0.0
Sollyc_XP_004247758.1	Rchi_XP_024197959.1	100.0	S	0.0
Lsat_XP_023759689.1	Rchi_XP_024197959.1	100.0	S	0.0
Cofcan_CDO99279.1	Rchi_XP_024197959.1	100.0	S	0.0
Mpol_BFI39969.1	Mpol_BFI39968.1	99.0	D	1.0
Tura_XP_048554241.1	Bdis_XP_003581006.1	100.0	S	0.0
Atri_XP_020531012.1	Atri_XP_020531010.1	1.0	D	1.0
Atri_XP_020531012.1	Atri_XP_020531008.1	1.0	D	1.0
Atri_XP_020531012.1	Atri_XP_020531004.1	1.0	D	1.0
Atri_XP_020531012.1	Atri_XP_020531013.1	1.0	D	1.0
Atri_XP_020531012.1	Atri_XP_020531011.1	1.0	D	1.0
Atri_XP_020531012.1	Atri_XP_020531006.1	1.0	D	1.0
Atri_XP_020531012.1	Atri_XP_020531009.1	1.0	D	1.0
Atri_XP_020531012.1	Atri_XP_020531007.1	1.0	D	1.0
Lsat_XP_052620645.1	Sollyc_XP_069145043.1	41.0	S	0.0
Lsat_XP_023743075.1	Sollyc_XP_069145043.1	41.0	S	0.0
Lsat_XP_023759689.1	Sollyc_XP_069145043.1	41.0	S	0.0
Lsat_XP_052620626.1	Sollyc_XP_069145043.1	41.0	S	0.0
Lsat_XP_052620645.1	Sollyc_XP_010317818.2	41.0	S	0.0
Lsat_XP_023743075.1	Sollyc_XP_010317818.2	41.0	S	0.0
Lsat_XP_023759689.1	Sollyc_XP_010317818.2	41.0	S	0.0
Lsat_XP_052620626.1	Sollyc_XP_010317818.2	41.0	S	0.0
Lsat_XP_052620645.1	Sollyc_XP_069150970.1	41.0	S	0.0
Lsat_XP_023743075.1	Sollyc_XP_069150970.1	41.0	S	0.0
Lsat_XP_023759689.1	Sollyc_XP_069150970.1	41.0	S	0.0
Lsat_XP_052620626.1	Sollyc_XP_069150970.1	41.0	S	0.0
Lsat_XP_052620645.1	Sollyc_XP_010317819.2	41.0	S	0.0
Lsat_XP_023743075.1	Sollyc_XP_010317819.2	41.0	S	0.0
Lsat_XP_023759689.1	Sollyc_XP_010317819.2	41.0	S	0.0
Lsat_XP_052620626.1	Sollyc_XP_010317819.2	41.0	S	0.0
Lsat_XP_052620645.1	Sollyc_XP_004234691.2	41.0	S	0.0
Lsat_XP_023743075.1	Sollyc_XP_004234691.2	41.0	S	0.0
Lsat_XP_023759689.1	Sollyc_XP_004234691.2	41.0	S	0.0
Lsat_XP_052620626.1	Sollyc_XP_004234691.2	41.0	S	0.0
Lsat_XP_052620645.1	Sollyc_XP_010317817.2	41.0	S	0.0
Lsat_XP_023743075.1	Sollyc_XP_010317817.2	41.0	S	0.0
Lsat_XP_023759689.1	Sollyc_XP_010317817.2	41.0	S	0.0
Lsat_XP_052620626.1	Sollyc_XP_010317817.2	41.0	S	0.0
Lsat_XP_052620645.1	Sollyc_XP_004247758.1	41.0	S	0.0
Lsat_XP_023743075.1	Sollyc_XP_004247758.1	41.0	S	0.0
Lsat_XP_023759689.1	Sollyc_XP_004247758.1	41.0	S	0.0
Lsat_XP_052620626.1	Sollyc_XP_004247758.1	41.0	S	0.0
Lsat_XP_052620645.1	Cofcan_CDO99279.1	41.0	S	0.0
Lsat_XP_023743075.1	Cofcan_CDO99279.1	41.0	S	0.0
Lsat_XP_023759689.1	Cofcan_CDO99279.1	41.0	S	0.0
Lsat_XP_052620626.1	Cofcan_CDO99279.1	41.0	S	0.0
Psat_XP_050891581.1	Bnap_XP_022545047.2	84.0	S	0.0
Mtru_XP_013468649.1	Bnap_XP_022545047.2	84.0	S	0.0
Psat_XP_050891581.1	Mesc_XP_043811054.1	84.0	S	0.0
Mtru_XP_013468649.1	Mesc_XP_043811054.1	84.0	S	0.0
Psat_XP_050891581.1	Rchi_XP_040375127.1	84.0	S	0.0
Mtru_XP_013468649.1	Rchi_XP_040375127.1	84.0	S	0.0
Psat_XP_050891581.1	Bnap_XP_048599848.1	84.0	S	0.0
Mtru_XP_013468649.1	Bnap_XP_048599848.1	84.0	S	0.0
Psat_XP_050891581.1	Atha_NP_188995.2	84.0	S	0.0
Mtru_XP_013468649.1	Atha_NP_188995.2	84.0	S	0.0
Psat_XP_050891581.1	Qlob_XP_030974354.1	84.0	S	0.0
Mtru_XP_013468649.1	Qlob_XP_030974354.1	84.0	S	0.0
Psat_XP_050891581.1	Rchi_XP_024197957.1	84.0	S	0.0
Mtru_XP_013468649.1	Rchi_XP_024197957.1	84.0	S	0.0
Psat_XP_050891581.1	Rchi_XP_024197955.1	84.0	S	0.0
Mtru_XP_013468649.1	Rchi_XP_024197955.1	84.0	S	0.0
Psat_XP_050891581.1	Rchi_XP_040374828.1	84.0	S	0.0
Mtru_XP_013468649.1	Rchi_XP_040374828.1	84.0	S	0.0
Psat_XP_050891581.1	Bnap_XP_013653045.1	84.0	S	0.0
Mtru_XP_013468649.1	Bnap_XP_013653045.1	84.0	S	0.0
Psat_XP_050891581.1	Rchi_XP_024193082.1	84.0	S	0.0
Mtru_XP_013468649.1	Rchi_XP_024193082.1	84.0	S	0.0
Psat_XP_050891581.1	Rchi_XP_040375126.1	84.0	S	0.0
Mtru_XP_013468649.1	Rchi_XP_040375126.1	84.0	S	0.0
Psat_XP_050891581.1	Rchi_XP_040375125.1	84.0	S	0.0
Mtru_XP_013468649.1	Rchi_XP_040375125.1	84.0	S	0.0
Psat_XP_050891581.1	Rchi_XP_024197951.1	84.0	S	0.0
Mtru_XP_013468649.1	Rchi_XP_024197951.1	84.0	S	0.0
Psat_XP_050891581.1	Rchi_XP_040374824.1	84.0	S	0.0
Mtru_XP_013468649.1	Rchi_XP_040374824.1	84.0	S	0.0
Psat_XP_050891581.1	Bnap_XP_013685434.2	84.0	S	0.0
Mtru_XP_013468649.1	Bnap_XP_013685434.2	84.0	S	0.0
Psat_XP_050891581.1	Rchi_XP_040375129.1	84.0	S	0.0
Mtru_XP_013468649.1	Rchi_XP_040375129.1	84.0	S	0.0
Psat_XP_050891581.1	Rchi_XP_024193088.1	84.0	S	0.0
Mtru_XP_013468649.1	Rchi_XP_024193088.1	84.0	S	0.0
Psat_XP_050891581.1	Rchi_XP_040374825.1	84.0	S	0.0
Mtru_XP_013468649.1	Rchi_XP_040374825.1	84.0	S	0.0
Psat_XP_050891581.1	Rchi_XP_040374822.1	84.0	S	0.0
Mtru_XP_013468649.1	Rchi_XP_040374822.1	84.0	S	0.0
Psat_XP_050891581.1	Rchi_XP_040374826.1	84.0	S	0.0
Mtru_XP_013468649.1	Rchi_XP_040374826.1	84.0	S	0.0
Psat_XP_050891581.1	Atha_NP_188993.2	84.0	S	0.0
Mtru_XP_013468649.1	Atha_NP_188993.2	84.0	S	0.0
Psat_XP_050891581.1	Bnap_XP_013653044.1	84.0	S	0.0
Mtru_XP_013468649.1	Bnap_XP_013653044.1	84.0	S	0.0
Psat_XP_050891581.1	Mesc_XP_021594114.1	84.0	S	0.0
Mtru_XP_013468649.1	Mesc_XP_021594114.1	84.0	S	0.0
Psat_XP_050891581.1	Bnap_XP_013750545.2	84.0	S	0.0
Mtru_XP_013468649.1	Bnap_XP_013750545.2	84.0	S	0.0
Psat_XP_050891581.1	Rchi_XP_040374821.1	84.0	S	0.0
Mtru_XP_013468649.1	Rchi_XP_040374821.1	84.0	S	0.0
Psat_XP_050891581.1	Bnap_XP_048592525.1	84.0	S	0.0
Mtru_XP_013468649.1	Bnap_XP_048592525.1	84.0	S	0.0
Psat_XP_050891581.1	Qlob_XP_030974355.1	84.0	S	0.0
Mtru_XP_013468649.1	Qlob_XP_030974355.1	84.0	S	0.0
Psat_XP_050891581.1	Rchi_XP_040375123.1	84.0	S	0.0
Mtru_XP_013468649.1	Rchi_XP_040375123.1	84.0	S	0.0
Psat_XP_050891581.1	Bnap_XP_048593176.1	84.0	S	0.0
Mtru_XP_013468649.1	Bnap_XP_048593176.1	84.0	S	0.0
Psat_XP_050891581.1	Rchi_XP_040374823.1	84.0	S	0.0
Mtru_XP_013468649.1	Rchi_XP_040374823.1	84.0	S	0.0
Psat_XP_050891581.1	Rchi_XP_024191801.1	84.0	S	0.0
Mtru_XP_013468649.1	Rchi_XP_024191801.1	84.0	S	0.0
Psat_XP_050891581.1	Bnap_XP_048618727.1	84.0	S	0.0
Mtru_XP_013468649.1	Bnap_XP_048618727.1	84.0	S	0.0
Psat_XP_050891581.1	Rchi_XP_024197958.1	84.0	S	0.0
Mtru_XP_013468649.1	Rchi_XP_024197958.1	84.0	S	0.0
Psat_XP_050891581.1	Bnap_XP_048602258.1	84.0	S	0.0
Mtru_XP_013468649.1	Bnap_XP_048602258.1	84.0	S	0.0
Psat_XP_050891581.1	Rchi_XP_040375128.1	84.0	S	0.0
Mtru_XP_013468649.1	Rchi_XP_040375128.1	84.0	S	0.0
Psat_XP_050891581.1	Rchi_XP_024197959.1	84.0	S	0.0
Mtru_XP_013468649.1	Rchi_XP_024197959.1	84.0	S	0.0
Zmay_NP_001147782.1	Ecur_TVU05074.1	100.0	S	0.0
Zmay_NP_001147782.1	Ecur_TVU05041.1	100.0	S	0.0
Ecur_TVU25534.1	Osat_XP_015618601.1	70.0	S	0.0
Zmay_XP_008664677.1	Osat_XP_015618601.1	70.0	S	0.0
Ecur_TVU25501.1	Osat_XP_015618601.1	70.0	S	0.0
Ecur_TVU25538.1	Osat_XP_015618601.1	70.0	S	0.0
Ecur_TVU46462.1	Osat_XP_015618601.1	70.0	S	0.0
Zmay_XP_008664676.1	Osat_XP_015618601.1	70.0	S	0.0
Ecur_TVU25532.1	Osat_XP_015618601.1	70.0	S	0.0
Zmay_XP_008677860.1	Osat_XP_015618601.1	70.0	S	0.0
Ecur_TVU25534.1	Osat_XP_015618607.1	70.0	S	0.0
Zmay_XP_008664677.1	Osat_XP_015618607.1	70.0	S	0.0
Ecur_TVU25501.1	Osat_XP_015618607.1	70.0	S	0.0
Ecur_TVU25538.1	Osat_XP_015618607.1	70.0	S	0.0
Ecur_TVU46462.1	Osat_XP_015618607.1	70.0	S	0.0
Zmay_XP_008664676.1	Osat_XP_015618607.1	70.0	S	0.0
Ecur_TVU25532.1	Osat_XP_015618607.1	70.0	S	0.0
Zmay_XP_008677860.1	Osat_XP_015618607.1	70.0	S	0.0
Ecur_TVU25534.1	Osat_XP_025877954.1	70.0	S	0.0
Zmay_XP_008664677.1	Osat_XP_025877954.1	70.0	S	0.0
Ecur_TVU25501.1	Osat_XP_025877954.1	70.0	S	0.0
Ecur_TVU25538.1	Osat_XP_025877954.1	70.0	S	0.0
Ecur_TVU46462.1	Osat_XP_025877954.1	70.0	S	0.0
Zmay_XP_008664676.1	Osat_XP_025877954.1	70.0	S	0.0
Ecur_TVU25532.1	Osat_XP_025877954.1	70.0	S	0.0
Zmay_XP_008677860.1	Osat_XP_025877954.1	70.0	S	0.0
Ecur_TVU25534.1	Osat_XP_015618600.1	70.0	S	0.0
Zmay_XP_008664677.1	Osat_XP_015618600.1	70.0	S	0.0
Ecur_TVU25501.1	Osat_XP_015618600.1	70.0	S	0.0
Ecur_TVU25538.1	Osat_XP_015618600.1	70.0	S	0.0
Ecur_TVU46462.1	Osat_XP_015618600.1	70.0	S	0.0
Zmay_XP_008664676.1	Osat_XP_015618600.1	70.0	S	0.0
Ecur_TVU25532.1	Osat_XP_015618600.1	70.0	S	0.0
Zmay_XP_008677860.1	Osat_XP_015618600.1	70.0	S	0.0
Ecur_TVU25534.1	Tura_XP_048548071.1	70.0	S	0.0
Zmay_XP_008664677.1	Tura_XP_048548071.1	70.0	S	0.0
Ecur_TVU25501.1	Tura_XP_048548071.1	70.0	S	0.0
Ecur_TVU25538.1	Tura_XP_048548071.1	70.0	S	0.0
Ecur_TVU46462.1	Tura_XP_048548071.1	70.0	S	0.0
Zmay_XP_008664676.1	Tura_XP_048548071.1	70.0	S	0.0
Ecur_TVU25532.1	Tura_XP_048548071.1	70.0	S	0.0
Zmay_XP_008677860.1	Tura_XP_048548071.1	70.0	S	0.0
Ecur_TVU25534.1	Tura_XP_048559772.1	70.0	S	0.0
Zmay_XP_008664677.1	Tura_XP_048559772.1	70.0	S	0.0
Ecur_TVU25501.1	Tura_XP_048559772.1	70.0	S	0.0
Ecur_TVU25538.1	Tura_XP_048559772.1	70.0	S	0.0
Ecur_TVU46462.1	Tura_XP_048559772.1	70.0	S	0.0
Zmay_XP_008664676.1	Tura_XP_048559772.1	70.0	S	0.0
Ecur_TVU25532.1	Tura_XP_048559772.1	70.0	S	0.0
Zmay_XP_008677860.1	Tura_XP_048559772.1	70.0	S	0.0
Ecur_TVU25534.1	Tura_XP_048548740.1	70.0	S	0.0
Zmay_XP_008664677.1	Tura_XP_048548740.1	70.0	S	0.0
Ecur_TVU25501.1	Tura_XP_048548740.1	70.0	S	0.0
Ecur_TVU25538.1	Tura_XP_048548740.1	70.0	S	0.0
Ecur_TVU46462.1	Tura_XP_048548740.1	70.0	S	0.0
Zmay_XP_008664676.1	Tura_XP_048548740.1	70.0	S	0.0
Ecur_TVU25532.1	Tura_XP_048548740.1	70.0	S	0.0
Zmay_XP_008677860.1	Tura_XP_048548740.1	70.0	S	0.0
Ecur_TVU25534.1	Osat_XP_025877955.1	70.0	S	0.0
Zmay_XP_008664677.1	Osat_XP_025877955.1	70.0	S	0.0
Ecur_TVU25501.1	Osat_XP_025877955.1	70.0	S	0.0
Ecur_TVU25538.1	Osat_XP_025877955.1	70.0	S	0.0
Ecur_TVU46462.1	Osat_XP_025877955.1	70.0	S	0.0
Zmay_XP_008664676.1	Osat_XP_025877955.1	70.0	S	0.0
Ecur_TVU25532.1	Osat_XP_025877955.1	70.0	S	0.0
Zmay_XP_008677860.1	Osat_XP_025877955.1	70.0	S	0.0
Ecur_TVU25534.1	Tura_XP_048559760.1	70.0	S	0.0
Zmay_XP_008664677.1	Tura_XP_048559760.1	70.0	S	0.0
Ecur_TVU25501.1	Tura_XP_048559760.1	70.0	S	0.0
Ecur_TVU25538.1	Tura_XP_048559760.1	70.0	S	0.0
Ecur_TVU46462.1	Tura_XP_048559760.1	70.0	S	0.0
Zmay_XP_008664676.1	Tura_XP_048559760.1	70.0	S	0.0
Ecur_TVU25532.1	Tura_XP_048559760.1	70.0	S	0.0
Zmay_XP_008677860.1	Tura_XP_048559760.1	70.0	S	0.0
Ecur_TVU25534.1	Tura_XP_048559770.1	70.0	S	0.0
Zmay_XP_008664677.1	Tura_XP_048559770.1	70.0	S	0.0
Ecur_TVU25501.1	Tura_XP_048559770.1	70.0	S	0.0
Ecur_TVU25538.1	Tura_XP_048559770.1	70.0	S	0.0
Ecur_TVU46462.1	Tura_XP_048559770.1	70.0	S	0.0
Zmay_XP_008664676.1	Tura_XP_048559770.1	70.0	S	0.0
Ecur_TVU25532.1	Tura_XP_048559770.1	70.0	S	0.0
Zmay_XP_008677860.1	Tura_XP_048559770.1	70.0	S	0.0
Ecur_TVU25534.1	Tura_XP_048559763.1	70.0	S	0.0
Zmay_XP_008664677.1	Tura_XP_048559763.1	70.0	S	0.0
Ecur_TVU25501.1	Tura_XP_048559763.1	70.0	S	0.0
Ecur_TVU25538.1	Tura_XP_048559763.1	70.0	S	0.0
Ecur_TVU46462.1	Tura_XP_048559763.1	70.0	S	0.0
Zmay_XP_008664676.1	Tura_XP_048559763.1	70.0	S	0.0
Ecur_TVU25532.1	Tura_XP_048559763.1	70.0	S	0.0
Zmay_XP_008677860.1	Tura_XP_048559763.1	70.0	S	0.0
Ecur_TVU25534.1	Tura_XP_048559761.1	70.0	S	0.0
Zmay_XP_008664677.1	Tura_XP_048559761.1	70.0	S	0.0
Ecur_TVU25501.1	Tura_XP_048559761.1	70.0	S	0.0
Ecur_TVU25538.1	Tura_XP_048559761.1	70.0	S	0.0
Ecur_TVU46462.1	Tura_XP_048559761.1	70.0	S	0.0
Zmay_XP_008664676.1	Tura_XP_048559761.1	70.0	S	0.0
Ecur_TVU25532.1	Tura_XP_048559761.1	70.0	S	0.0
Zmay_XP_008677860.1	Tura_XP_048559761.1	70.0	S	0.0
Atri_XP_020531009.1	Atri_XP_020531010.1	1.0	D	1.0
Atri_XP_020531009.1	Atri_XP_020531008.1	1.0	D	1.0
Atri_XP_020531009.1	Atri_XP_020531004.1	1.0	D	1.0
Atri_XP_020531009.1	Atri_XP_020531013.1	1.0	D	1.0
Atri_XP_020531009.1	Atri_XP_020531011.1	1.0	D	1.0
Atri_XP_020531009.1	Atri_XP_020531006.1	1.0	D	1.0
Atri_XP_020531009.1	Atri_XP_020531007.1	1.0	D	1.0
Lsat_XP_052620645.1	Lsat_XP_023743075.1	100.0	D	1.0
Lsat_XP_023759689.1	Lsat_XP_023743075.1	100.0	D	1.0
Lsat_XP_052620645.1	Lsat_XP_052620626.1	100.0	D	1.0
Lsat_XP_023759689.1	Lsat_XP_052620626.1	100.0	D	1.0
Cofcan_CDO99279.1	Sollyc_XP_069145043.1	99.0	S	0.0
Cofcan_CDO99279.1	Sollyc_XP_010317818.2	99.0	S	0.0
Cofcan_CDO99279.1	Sollyc_XP_069150970.1	99.0	S	0.0
Cofcan_CDO99279.1	Sollyc_XP_010317819.2	99.0	S	0.0
Cofcan_CDO99279.1	Sollyc_XP_004234691.2	99.0	S	0.0
Cofcan_CDO99279.1	Sollyc_XP_010317817.2	99.0	S	0.0
Cofcan_CDO99279.1	Sollyc_XP_004247758.1	99.0	S	0.0
Psat_XP_050891581.1	Mtru_XP_013468649.1	100.0	S	0.0
Bnap_XP_048593176.1	Mesc_XP_043811054.1	52.0	S	0.0
Bnap_XP_022545047.2	Mesc_XP_043811054.1	52.0	S	0.0
Atha_NP_188995.2	Mesc_XP_043811054.1	52.0	S	0.0
Bnap_XP_013685434.2	Mesc_XP_043811054.1	52.0	S	0.0
Atha_NP_188993.2	Mesc_XP_043811054.1	52.0	S	0.0
Bnap_XP_013653044.1	Mesc_XP_043811054.1	52.0	S	0.0
Bnap_XP_048618727.1	Mesc_XP_043811054.1	52.0	S	0.0
Bnap_XP_048599848.1	Mesc_XP_043811054.1	52.0	S	0.0
Bnap_XP_013653045.1	Mesc_XP_043811054.1	52.0	S	0.0
Bnap_XP_013750545.2	Mesc_XP_043811054.1	52.0	S	0.0
Bnap_XP_048602258.1	Mesc_XP_043811054.1	52.0	S	0.0
Bnap_XP_048592525.1	Mesc_XP_043811054.1	52.0	S	0.0
Bnap_XP_048593176.1	Rchi_XP_040375127.1	52.0	S	0.0
Bnap_XP_022545047.2	Rchi_XP_040375127.1	52.0	S	0.0
Atha_NP_188995.2	Rchi_XP_040375127.1	52.0	S	0.0
Bnap_XP_013685434.2	Rchi_XP_040375127.1	52.0	S	0.0
Atha_NP_188993.2	Rchi_XP_040375127.1	52.0	S	0.0
Bnap_XP_013653044.1	Rchi_XP_040375127.1	52.0	S	0.0
Bnap_XP_048618727.1	Rchi_XP_040375127.1	52.0	S	0.0
Bnap_XP_048599848.1	Rchi_XP_040375127.1	52.0	S	0.0
Bnap_XP_013653045.1	Rchi_XP_040375127.1	52.0	S	0.0
Bnap_XP_013750545.2	Rchi_XP_040375127.1	52.0	S	0.0
Bnap_XP_048602258.1	Rchi_XP_040375127.1	52.0	S	0.0
Bnap_XP_048592525.1	Rchi_XP_040375127.1	52.0	S	0.0
Bnap_XP_048593176.1	Qlob_XP_030974354.1	52.0	S	0.0
Bnap_XP_022545047.2	Qlob_XP_030974354.1	52.0	S	0.0
Atha_NP_188995.2	Qlob_XP_030974354.1	52.0	S	0.0
Bnap_XP_013685434.2	Qlob_XP_030974354.1	52.0	S	0.0
Atha_NP_188993.2	Qlob_XP_030974354.1	52.0	S	0.0
Bnap_XP_013653044.1	Qlob_XP_030974354.1	52.0	S	0.0
Bnap_XP_048618727.1	Qlob_XP_030974354.1	52.0	S	0.0
Bnap_XP_048599848.1	Qlob_XP_030974354.1	52.0	S	0.0
Bnap_XP_013653045.1	Qlob_XP_030974354.1	52.0	S	0.0
Bnap_XP_013750545.2	Qlob_XP_030974354.1	52.0	S	0.0
Bnap_XP_048602258.1	Qlob_XP_030974354.1	52.0	S	0.0
Bnap_XP_048592525.1	Qlob_XP_030974354.1	52.0	S	0.0
Bnap_XP_048593176.1	Rchi_XP_024197957.1	52.0	S	0.0
Bnap_XP_022545047.2	Rchi_XP_024197957.1	52.0	S	0.0
Atha_NP_188995.2	Rchi_XP_024197957.1	52.0	S	0.0
Bnap_XP_013685434.2	Rchi_XP_024197957.1	52.0	S	0.0
Atha_NP_188993.2	Rchi_XP_024197957.1	52.0	S	0.0
Bnap_XP_013653044.1	Rchi_XP_024197957.1	52.0	S	0.0
Bnap_XP_048618727.1	Rchi_XP_024197957.1	52.0	S	0.0
Bnap_XP_048599848.1	Rchi_XP_024197957.1	52.0	S	0.0
Bnap_XP_013653045.1	Rchi_XP_024197957.1	52.0	S	0.0
Bnap_XP_013750545.2	Rchi_XP_024197957.1	52.0	S	0.0
Bnap_XP_048602258.1	Rchi_XP_024197957.1	52.0	S	0.0
Bnap_XP_048592525.1	Rchi_XP_024197957.1	52.0	S	0.0
Bnap_XP_048593176.1	Rchi_XP_024197955.1	52.0	S	0.0
Bnap_XP_022545047.2	Rchi_XP_024197955.1	52.0	S	0.0
Atha_NP_188995.2	Rchi_XP_024197955.1	52.0	S	0.0
Bnap_XP_013685434.2	Rchi_XP_024197955.1	52.0	S	0.0
Atha_NP_188993.2	Rchi_XP_024197955.1	52.0	S	0.0
Bnap_XP_013653044.1	Rchi_XP_024197955.1	52.0	S	0.0
Bnap_XP_048618727.1	Rchi_XP_024197955.1	52.0	S	0.0
Bnap_XP_048599848.1	Rchi_XP_024197955.1	52.0	S	0.0
Bnap_XP_013653045.1	Rchi_XP_024197955.1	52.0	S	0.0
Bnap_XP_013750545.2	Rchi_XP_024197955.1	52.0	S	0.0
Bnap_XP_048602258.1	Rchi_XP_024197955.1	52.0	S	0.0
Bnap_XP_048592525.1	Rchi_XP_024197955.1	52.0	S	0.0
Bnap_XP_048593176.1	Rchi_XP_040374828.1	52.0	S	0.0
Bnap_XP_022545047.2	Rchi_XP_040374828.1	52.0	S	0.0
Atha_NP_188995.2	Rchi_XP_040374828.1	52.0	S	0.0
Bnap_XP_013685434.2	Rchi_XP_040374828.1	52.0	S	0.0
Atha_NP_188993.2	Rchi_XP_040374828.1	52.0	S	0.0
Bnap_XP_013653044.1	Rchi_XP_040374828.1	52.0	S	0.0
Bnap_XP_048618727.1	Rchi_XP_040374828.1	52.0	S	0.0
Bnap_XP_048599848.1	Rchi_XP_040374828.1	52.0	S	0.0
Bnap_XP_013653045.1	Rchi_XP_040374828.1	52.0	S	0.0
Bnap_XP_013750545.2	Rchi_XP_040374828.1	52.0	S	0.0
Bnap_XP_048602258.1	Rchi_XP_040374828.1	52.0	S	0.0
Bnap_XP_048592525.1	Rchi_XP_040374828.1	52.0	S	0.0
Bnap_XP_048593176.1	Rchi_XP_024193082.1	52.0	S	0.0
Bnap_XP_022545047.2	Rchi_XP_024193082.1	52.0	S	0.0
Atha_NP_188995.2	Rchi_XP_024193082.1	52.0	S	0.0
Bnap_XP_013685434.2	Rchi_XP_024193082.1	52.0	S	0.0
Atha_NP_188993.2	Rchi_XP_024193082.1	52.0	S	0.0
Bnap_XP_013653044.1	Rchi_XP_024193082.1	52.0	S	0.0
Bnap_XP_048618727.1	Rchi_XP_024193082.1	52.0	S	0.0
Bnap_XP_048599848.1	Rchi_XP_024193082.1	52.0	S	0.0
Bnap_XP_013653045.1	Rchi_XP_024193082.1	52.0	S	0.0
Bnap_XP_013750545.2	Rchi_XP_024193082.1	52.0	S	0.0
Bnap_XP_048602258.1	Rchi_XP_024193082.1	52.0	S	0.0
Bnap_XP_048592525.1	Rchi_XP_024193082.1	52.0	S	0.0
Bnap_XP_048593176.1	Rchi_XP_040375126.1	52.0	S	0.0
Bnap_XP_022545047.2	Rchi_XP_040375126.1	52.0	S	0.0
Atha_NP_188995.2	Rchi_XP_040375126.1	52.0	S	0.0
Bnap_XP_013685434.2	Rchi_XP_040375126.1	52.0	S	0.0
Atha_NP_188993.2	Rchi_XP_040375126.1	52.0	S	0.0
Bnap_XP_013653044.1	Rchi_XP_040375126.1	52.0	S	0.0
Bnap_XP_048618727.1	Rchi_XP_040375126.1	52.0	S	0.0
Bnap_XP_048599848.1	Rchi_XP_040375126.1	52.0	S	0.0
Bnap_XP_013653045.1	Rchi_XP_040375126.1	52.0	S	0.0
Bnap_XP_013750545.2	Rchi_XP_040375126.1	52.0	S	0.0
Bnap_XP_048602258.1	Rchi_XP_040375126.1	52.0	S	0.0
Bnap_XP_048592525.1	Rchi_XP_040375126.1	52.0	S	0.0
Bnap_XP_048593176.1	Rchi_XP_040375125.1	52.0	S	0.0
Bnap_XP_022545047.2	Rchi_XP_040375125.1	52.0	S	0.0
Atha_NP_188995.2	Rchi_XP_040375125.1	52.0	S	0.0
Bnap_XP_013685434.2	Rchi_XP_040375125.1	52.0	S	0.0
Atha_NP_188993.2	Rchi_XP_040375125.1	52.0	S	0.0
Bnap_XP_013653044.1	Rchi_XP_040375125.1	52.0	S	0.0
Bnap_XP_048618727.1	Rchi_XP_040375125.1	52.0	S	0.0
Bnap_XP_048599848.1	Rchi_XP_040375125.1	52.0	S	0.0
Bnap_XP_013653045.1	Rchi_XP_040375125.1	52.0	S	0.0
Bnap_XP_013750545.2	Rchi_XP_040375125.1	52.0	S	0.0
Bnap_XP_048602258.1	Rchi_XP_040375125.1	52.0	S	0.0
Bnap_XP_048592525.1	Rchi_XP_040375125.1	52.0	S	0.0
Bnap_XP_048593176.1	Rchi_XP_024197951.1	52.0	S	0.0
Bnap_XP_022545047.2	Rchi_XP_024197951.1	52.0	S	0.0
Atha_NP_188995.2	Rchi_XP_024197951.1	52.0	S	0.0
Bnap_XP_013685434.2	Rchi_XP_024197951.1	52.0	S	0.0
Atha_NP_188993.2	Rchi_XP_024197951.1	52.0	S	0.0
Bnap_XP_013653044.1	Rchi_XP_024197951.1	52.0	S	0.0
Bnap_XP_048618727.1	Rchi_XP_024197951.1	52.0	S	0.0
Bnap_XP_048599848.1	Rchi_XP_024197951.1	52.0	S	0.0
Bnap_XP_013653045.1	Rchi_XP_024197951.1	52.0	S	0.0
Bnap_XP_013750545.2	Rchi_XP_024197951.1	52.0	S	0.0
Bnap_XP_048602258.1	Rchi_XP_024197951.1	52.0	S	0.0
Bnap_XP_048592525.1	Rchi_XP_024197951.1	52.0	S	0.0
Bnap_XP_048593176.1	Rchi_XP_040374824.1	52.0	S	0.0
Bnap_XP_022545047.2	Rchi_XP_040374824.1	52.0	S	0.0
Atha_NP_188995.2	Rchi_XP_040374824.1	52.0	S	0.0
Bnap_XP_013685434.2	Rchi_XP_040374824.1	52.0	S	0.0
Atha_NP_188993.2	Rchi_XP_040374824.1	52.0	S	0.0
Bnap_XP_013653044.1	Rchi_XP_040374824.1	52.0	S	0.0
Bnap_XP_048618727.1	Rchi_XP_040374824.1	52.0	S	0.0
Bnap_XP_048599848.1	Rchi_XP_040374824.1	52.0	S	0.0
Bnap_XP_013653045.1	Rchi_XP_040374824.1	52.0	S	0.0
Bnap_XP_013750545.2	Rchi_XP_040374824.1	52.0	S	0.0
Bnap_XP_048602258.1	Rchi_XP_040374824.1	52.0	S	0.0
Bnap_XP_048592525.1	Rchi_XP_040374824.1	52.0	S	0.0
Bnap_XP_048593176.1	Rchi_XP_024193088.1	52.0	S	0.0
Bnap_XP_022545047.2	Rchi_XP_024193088.1	52.0	S	0.0
Atha_NP_188995.2	Rchi_XP_024193088.1	52.0	S	0.0
Bnap_XP_013685434.2	Rchi_XP_024193088.1	52.0	S	0.0
Atha_NP_188993.2	Rchi_XP_024193088.1	52.0	S	0.0
Bnap_XP_013653044.1	Rchi_XP_024193088.1	52.0	S	0.0
Bnap_XP_048618727.1	Rchi_XP_024193088.1	52.0	S	0.0
Bnap_XP_048599848.1	Rchi_XP_024193088.1	52.0	S	0.0
Bnap_XP_013653045.1	Rchi_XP_024193088.1	52.0	S	0.0
Bnap_XP_013750545.2	Rchi_XP_024193088.1	52.0	S	0.0
Bnap_XP_048602258.1	Rchi_XP_024193088.1	52.0	S	0.0
Bnap_XP_048592525.1	Rchi_XP_024193088.1	52.0	S	0.0
Bnap_XP_048593176.1	Rchi_XP_040375129.1	52.0	S	0.0
Bnap_XP_022545047.2	Rchi_XP_040375129.1	52.0	S	0.0
Atha_NP_188995.2	Rchi_XP_040375129.1	52.0	S	0.0
Bnap_XP_013685434.2	Rchi_XP_040375129.1	52.0	S	0.0
Atha_NP_188993.2	Rchi_XP_040375129.1	52.0	S	0.0
Bnap_XP_013653044.1	Rchi_XP_040375129.1	52.0	S	0.0
Bnap_XP_048618727.1	Rchi_XP_040375129.1	52.0	S	0.0
Bnap_XP_048599848.1	Rchi_XP_040375129.1	52.0	S	0.0
Bnap_XP_013653045.1	Rchi_XP_040375129.1	52.0	S	0.0
Bnap_XP_013750545.2	Rchi_XP_040375129.1	52.0	S	0.0
Bnap_XP_048602258.1	Rchi_XP_040375129.1	52.0	S	0.0
Bnap_XP_048592525.1	Rchi_XP_040375129.1	52.0	S	0.0
Bnap_XP_048593176.1	Rchi_XP_040374825.1	52.0	S	0.0
Bnap_XP_022545047.2	Rchi_XP_040374825.1	52.0	S	0.0
Atha_NP_188995.2	Rchi_XP_040374825.1	52.0	S	0.0
Bnap_XP_013685434.2	Rchi_XP_040374825.1	52.0	S	0.0
Atha_NP_188993.2	Rchi_XP_040374825.1	52.0	S	0.0
Bnap_XP_013653044.1	Rchi_XP_040374825.1	52.0	S	0.0
Bnap_XP_048618727.1	Rchi_XP_040374825.1	52.0	S	0.0
Bnap_XP_048599848.1	Rchi_XP_040374825.1	52.0	S	0.0
Bnap_XP_013653045.1	Rchi_XP_040374825.1	52.0	S	0.0
Bnap_XP_013750545.2	Rchi_XP_040374825.1	52.0	S	0.0
Bnap_XP_048602258.1	Rchi_XP_040374825.1	52.0	S	0.0
Bnap_XP_048592525.1	Rchi_XP_040374825.1	52.0	S	0.0
Bnap_XP_048593176.1	Rchi_XP_040374822.1	52.0	S	0.0
Bnap_XP_022545047.2	Rchi_XP_040374822.1	52.0	S	0.0
Atha_NP_188995.2	Rchi_XP_040374822.1	52.0	S	0.0
Bnap_XP_013685434.2	Rchi_XP_040374822.1	52.0	S	0.0
Atha_NP_188993.2	Rchi_XP_040374822.1	52.0	S	0.0
Bnap_XP_013653044.1	Rchi_XP_040374822.1	52.0	S	0.0
Bnap_XP_048618727.1	Rchi_XP_040374822.1	52.0	S	0.0
Bnap_XP_048599848.1	Rchi_XP_040374822.1	52.0	S	0.0
Bnap_XP_013653045.1	Rchi_XP_040374822.1	52.0	S	0.0
Bnap_XP_013750545.2	Rchi_XP_040374822.1	52.0	S	0.0
Bnap_XP_048602258.1	Rchi_XP_040374822.1	52.0	S	0.0
Bnap_XP_048592525.1	Rchi_XP_040374822.1	52.0	S	0.0
Bnap_XP_048593176.1	Rchi_XP_040374826.1	52.0	S	0.0
Bnap_XP_022545047.2	Rchi_XP_040374826.1	52.0	S	0.0
Atha_NP_188995.2	Rchi_XP_040374826.1	52.0	S	0.0
Bnap_XP_013685434.2	Rchi_XP_040374826.1	52.0	S	0.0
Atha_NP_188993.2	Rchi_XP_040374826.1	52.0	S	0.0
Bnap_XP_013653044.1	Rchi_XP_040374826.1	52.0	S	0.0
Bnap_XP_048618727.1	Rchi_XP_040374826.1	52.0	S	0.0
Bnap_XP_048599848.1	Rchi_XP_040374826.1	52.0	S	0.0
Bnap_XP_013653045.1	Rchi_XP_040374826.1	52.0	S	0.0
Bnap_XP_013750545.2	Rchi_XP_040374826.1	52.0	S	0.0
Bnap_XP_048602258.1	Rchi_XP_040374826.1	52.0	S	0.0
Bnap_XP_048592525.1	Rchi_XP_040374826.1	52.0	S	0.0
Bnap_XP_048593176.1	Mesc_XP_021594114.1	52.0	S	0.0
Bnap_XP_022545047.2	Mesc_XP_021594114.1	52.0	S	0.0
Atha_NP_188995.2	Mesc_XP_021594114.1	52.0	S	0.0
Bnap_XP_013685434.2	Mesc_XP_021594114.1	52.0	S	0.0
Atha_NP_188993.2	Mesc_XP_021594114.1	52.0	S	0.0
Bnap_XP_013653044.1	Mesc_XP_021594114.1	52.0	S	0.0
Bnap_XP_048618727.1	Mesc_XP_021594114.1	52.0	S	0.0
Bnap_XP_048599848.1	Mesc_XP_021594114.1	52.0	S	0.0
Bnap_XP_013653045.1	Mesc_XP_021594114.1	52.0	S	0.0
Bnap_XP_013750545.2	Mesc_XP_021594114.1	52.0	S	0.0
Bnap_XP_048602258.1	Mesc_XP_021594114.1	52.0	S	0.0
Bnap_XP_048592525.1	Mesc_XP_021594114.1	52.0	S	0.0
Bnap_XP_048593176.1	Rchi_XP_040374821.1	52.0	S	0.0
Bnap_XP_022545047.2	Rchi_XP_040374821.1	52.0	S	0.0
Atha_NP_188995.2	Rchi_XP_040374821.1	52.0	S	0.0
Bnap_XP_013685434.2	Rchi_XP_040374821.1	52.0	S	0.0
Atha_NP_188993.2	Rchi_XP_040374821.1	52.0	S	0.0
Bnap_XP_013653044.1	Rchi_XP_040374821.1	52.0	S	0.0
Bnap_XP_048618727.1	Rchi_XP_040374821.1	52.0	S	0.0
Bnap_XP_048599848.1	Rchi_XP_040374821.1	52.0	S	0.0
Bnap_XP_013653045.1	Rchi_XP_040374821.1	52.0	S	0.0
Bnap_XP_013750545.2	Rchi_XP_040374821.1	52.0	S	0.0
Bnap_XP_048602258.1	Rchi_XP_040374821.1	52.0	S	0.0
Bnap_XP_048592525.1	Rchi_XP_040374821.1	52.0	S	0.0
Bnap_XP_048593176.1	Qlob_XP_030974355.1	52.0	S	0.0
Bnap_XP_022545047.2	Qlob_XP_030974355.1	52.0	S	0.0
Atha_NP_188995.2	Qlob_XP_030974355.1	52.0	S	0.0
Bnap_XP_013685434.2	Qlob_XP_030974355.1	52.0	S	0.0
Atha_NP_188993.2	Qlob_XP_030974355.1	52.0	S	0.0
Bnap_XP_013653044.1	Qlob_XP_030974355.1	52.0	S	0.0
Bnap_XP_048618727.1	Qlob_XP_030974355.1	52.0	S	0.0
Bnap_XP_048599848.1	Qlob_XP_030974355.1	52.0	S	0.0
Bnap_XP_013653045.1	Qlob_XP_030974355.1	52.0	S	0.0
Bnap_XP_013750545.2	Qlob_XP_030974355.1	52.0	S	0.0
Bnap_XP_048602258.1	Qlob_XP_030974355.1	52.0	S	0.0
Bnap_XP_048592525.1	Qlob_XP_030974355.1	52.0	S	0.0
Bnap_XP_048593176.1	Rchi_XP_040375123.1	52.0	S	0.0
Bnap_XP_022545047.2	Rchi_XP_040375123.1	52.0	S	0.0
Atha_NP_188995.2	Rchi_XP_040375123.1	52.0	S	0.0
Bnap_XP_013685434.2	Rchi_XP_040375123.1	52.0	S	0.0
Atha_NP_188993.2	Rchi_XP_040375123.1	52.0	S	0.0
Bnap_XP_013653044.1	Rchi_XP_040375123.1	52.0	S	0.0
Bnap_XP_048618727.1	Rchi_XP_040375123.1	52.0	S	0.0
Bnap_XP_048599848.1	Rchi_XP_040375123.1	52.0	S	0.0
Bnap_XP_013653045.1	Rchi_XP_040375123.1	52.0	S	0.0
Bnap_XP_013750545.2	Rchi_XP_040375123.1	52.0	S	0.0
Bnap_XP_048602258.1	Rchi_XP_040375123.1	52.0	S	0.0
Bnap_XP_048592525.1	Rchi_XP_040375123.1	52.0	S	0.0
Bnap_XP_048593176.1	Rchi_XP_040374823.1	52.0	S	0.0
Bnap_XP_022545047.2	Rchi_XP_040374823.1	52.0	S	0.0
Atha_NP_188995.2	Rchi_XP_040374823.1	52.0	S	0.0
Bnap_XP_013685434.2	Rchi_XP_040374823.1	52.0	S	0.0
Atha_NP_188993.2	Rchi_XP_040374823.1	52.0	S	0.0
Bnap_XP_013653044.1	Rchi_XP_040374823.1	52.0	S	0.0
Bnap_XP_048618727.1	Rchi_XP_040374823.1	52.0	S	0.0
Bnap_XP_048599848.1	Rchi_XP_040374823.1	52.0	S	0.0
Bnap_XP_013653045.1	Rchi_XP_040374823.1	52.0	S	0.0
Bnap_XP_013750545.2	Rchi_XP_040374823.1	52.0	S	0.0
Bnap_XP_048602258.1	Rchi_XP_040374823.1	52.0	S	0.0
Bnap_XP_048592525.1	Rchi_XP_040374823.1	52.0	S	0.0
Bnap_XP_048593176.1	Rchi_XP_024191801.1	52.0	S	0.0
Bnap_XP_022545047.2	Rchi_XP_024191801.1	52.0	S	0.0
Atha_NP_188995.2	Rchi_XP_024191801.1	52.0	S	0.0
Bnap_XP_013685434.2	Rchi_XP_024191801.1	52.0	S	0.0
Atha_NP_188993.2	Rchi_XP_024191801.1	52.0	S	0.0
Bnap_XP_013653044.1	Rchi_XP_024191801.1	52.0	S	0.0
Bnap_XP_048618727.1	Rchi_XP_024191801.1	52.0	S	0.0
Bnap_XP_048599848.1	Rchi_XP_024191801.1	52.0	S	0.0
Bnap_XP_013653045.1	Rchi_XP_024191801.1	52.0	S	0.0
Bnap_XP_013750545.2	Rchi_XP_024191801.1	52.0	S	0.0
Bnap_XP_048602258.1	Rchi_XP_024191801.1	52.0	S	0.0
Bnap_XP_048592525.1	Rchi_XP_024191801.1	52.0	S	0.0
Bnap_XP_048593176.1	Rchi_XP_024197958.1	52.0	S	0.0
Bnap_XP_022545047.2	Rchi_XP_024197958.1	52.0	S	0.0
Atha_NP_188995.2	Rchi_XP_024197958.1	52.0	S	0.0
Bnap_XP_013685434.2	Rchi_XP_024197958.1	52.0	S	0.0
Atha_NP_188993.2	Rchi_XP_024197958.1	52.0	S	0.0
Bnap_XP_013653044.1	Rchi_XP_024197958.1	52.0	S	0.0
Bnap_XP_048618727.1	Rchi_XP_024197958.1	52.0	S	0.0
Bnap_XP_048599848.1	Rchi_XP_024197958.1	52.0	S	0.0
Bnap_XP_013653045.1	Rchi_XP_024197958.1	52.0	S	0.0
Bnap_XP_013750545.2	Rchi_XP_024197958.1	52.0	S	0.0
Bnap_XP_048602258.1	Rchi_XP_024197958.1	52.0	S	0.0
Bnap_XP_048592525.1	Rchi_XP_024197958.1	52.0	S	0.0
Bnap_XP_048593176.1	Rchi_XP_040375128.1	52.0	S	0.0
Bnap_XP_022545047.2	Rchi_XP_040375128.1	52.0	S	0.0
Atha_NP_188995.2	Rchi_XP_040375128.1	52.0	S	0.0
Bnap_XP_013685434.2	Rchi_XP_040375128.1	52.0	S	0.0
Atha_NP_188993.2	Rchi_XP_040375128.1	52.0	S	0.0
Bnap_XP_013653044.1	Rchi_XP_040375128.1	52.0	S	0.0
Bnap_XP_048618727.1	Rchi_XP_040375128.1	52.0	S	0.0
Bnap_XP_048599848.1	Rchi_XP_040375128.1	52.0	S	0.0
Bnap_XP_013653045.1	Rchi_XP_040375128.1	52.0	S	0.0
Bnap_XP_013750545.2	Rchi_XP_040375128.1	52.0	S	0.0
Bnap_XP_048602258.1	Rchi_XP_040375128.1	52.0	S	0.0
Bnap_XP_048592525.1	Rchi_XP_040375128.1	52.0	S	0.0
Bnap_XP_048593176.1	Rchi_XP_024197959.1	52.0	S	0.0
Bnap_XP_022545047.2	Rchi_XP_024197959.1	52.0	S	0.0
Atha_NP_188995.2	Rchi_XP_024197959.1	52.0	S	0.0
Bnap_XP_013685434.2	Rchi_XP_024197959.1	52.0	S	0.0
Atha_NP_188993.2	Rchi_XP_024197959.1	52.0	S	0.0
Bnap_XP_013653044.1	Rchi_XP_024197959.1	52.0	S	0.0
Bnap_XP_048618727.1	Rchi_XP_024197959.1	52.0	S	0.0
Bnap_XP_048599848.1	Rchi_XP_024197959.1	52.0	S	0.0
Bnap_XP_013653045.1	Rchi_XP_024197959.1	52.0	S	0.0
Bnap_XP_013750545.2	Rchi_XP_024197959.1	52.0	S	0.0
Bnap_XP_048602258.1	Rchi_XP_024197959.1	52.0	S	0.0
Bnap_XP_048592525.1	Rchi_XP_024197959.1	52.0	S	0.0
Ecur_TVU05074.1	Ecur_TVU05041.1	100.0	D	1.0
Osat_XP_015618601.1	Tura_XP_048548071.1	54.0	S	0.0
Osat_XP_015618607.1	Tura_XP_048548071.1	54.0	S	0.0
Osat_XP_025877954.1	Tura_XP_048548071.1	54.0	S	0.0
Osat_XP_015618600.1	Tura_XP_048548071.1	54.0	S	0.0
Osat_XP_025877955.1	Tura_XP_048548071.1	54.0	S	0.0
Osat_XP_015618601.1	Tura_XP_048559772.1	54.0	S	0.0
Osat_XP_015618607.1	Tura_XP_048559772.1	54.0	S	0.0
Osat_XP_025877954.1	Tura_XP_048559772.1	54.0	S	0.0
Osat_XP_015618600.1	Tura_XP_048559772.1	54.0	S	0.0
Osat_XP_025877955.1	Tura_XP_048559772.1	54.0	S	0.0
Osat_XP_015618601.1	Tura_XP_048548740.1	54.0	S	0.0
Osat_XP_015618607.1	Tura_XP_048548740.1	54.0	S	0.0
Osat_XP_025877954.1	Tura_XP_048548740.1	54.0	S	0.0
Osat_XP_015618600.1	Tura_XP_048548740.1	54.0	S	0.0
Osat_XP_025877955.1	Tura_XP_048548740.1	54.0	S	0.0
Osat_XP_015618601.1	Tura_XP_048559760.1	54.0	S	0.0
Osat_XP_015618607.1	Tura_XP_048559760.1	54.0	S	0.0
Osat_XP_025877954.1	Tura_XP_048559760.1	54.0	S	0.0
Osat_XP_015618600.1	Tura_XP_048559760.1	54.0	S	0.0
Osat_XP_025877955.1	Tura_XP_048559760.1	54.0	S	0.0
Osat_XP_015618601.1	Tura_XP_048559770.1	54.0	S	0.0
Osat_XP_015618607.1	Tura_XP_048559770.1	54.0	S	0.0
Osat_XP_025877954.1	Tura_XP_048559770.1	54.0	S	0.0
Osat_XP_015618600.1	Tura_XP_048559770.1	54.0	S	0.0
Osat_XP_025877955.1	Tura_XP_048559770.1	54.0	S	0.0
Osat_XP_015618601.1	Tura_XP_048559763.1	54.0	S	0.0
Osat_XP_015618607.1	Tura_XP_048559763.1	54.0	S	0.0
Osat_XP_025877954.1	Tura_XP_048559763.1	54.0	S	0.0
Osat_XP_015618600.1	Tura_XP_048559763.1	54.0	S	0.0
Osat_XP_025877955.1	Tura_XP_048559763.1	54.0	S	0.0
Osat_XP_015618601.1	Tura_XP_048559761.1	54.0	S	0.0
Osat_XP_015618607.1	Tura_XP_048559761.1	54.0	S	0.0
Osat_XP_025877954.1	Tura_XP_048559761.1	54.0	S	0.0
Osat_XP_015618600.1	Tura_XP_048559761.1	54.0	S	0.0
Osat_XP_025877955.1	Tura_XP_048559761.1	54.0	S	0.0
Atri_XP_020531008.1	Atri_XP_020531010.1	1.0	D	1.0
Atri_XP_020531008.1	Atri_XP_020531004.1	1.0	D	1.0
Atri_XP_020531008.1	Atri_XP_020531013.1	1.0	D	1.0
Atri_XP_020531008.1	Atri_XP_020531011.1	1.0	D	1.0
Atri_XP_020531008.1	Atri_XP_020531006.1	1.0	D	1.0
Atri_XP_020531008.1	Atri_XP_020531007.1	1.0	D	1.0
Lsat_XP_023759689.1	Lsat_XP_052620645.1	100.0	D	1.0
Lsat_XP_052620626.1	Lsat_XP_023743075.1	100.0	D	1.0
Sollyc_XP_004247758.1	Sollyc_XP_010317818.2	100.0	D	1.0
Sollyc_XP_069145043.1	Sollyc_XP_010317818.2	100.0	D	1.0
Sollyc_XP_004247758.1	Sollyc_XP_069150970.1	100.0	D	1.0
Sollyc_XP_069145043.1	Sollyc_XP_069150970.1	100.0	D	1.0
Sollyc_XP_004247758.1	Sollyc_XP_010317819.2	100.0	D	1.0
Sollyc_XP_069145043.1	Sollyc_XP_010317819.2	100.0	D	1.0
Sollyc_XP_004247758.1	Sollyc_XP_004234691.2	100.0	D	1.0
Sollyc_XP_069145043.1	Sollyc_XP_004234691.2	100.0	D	1.0
Sollyc_XP_004247758.1	Sollyc_XP_010317817.2	100.0	D	1.0
Sollyc_XP_069145043.1	Sollyc_XP_010317817.2	100.0	D	1.0
Mesc_XP_043811054.1	Rchi_XP_040375127.1	84.0	S	0.0
Mesc_XP_021594114.1	Rchi_XP_040375127.1	84.0	S	0.0
Mesc_XP_043811054.1	Qlob_XP_030974354.1	84.0	S	0.0
Mesc_XP_021594114.1	Qlob_XP_030974354.1	84.0	S	0.0
Mesc_XP_043811054.1	Rchi_XP_024197957.1	84.0	S	0.0
Mesc_XP_021594114.1	Rchi_XP_024197957.1	84.0	S	0.0
Mesc_XP_043811054.1	Rchi_XP_024197955.1	84.0	S	0.0
Mesc_XP_021594114.1	Rchi_XP_024197955.1	84.0	S	0.0
Mesc_XP_043811054.1	Rchi_XP_040374828.1	84.0	S	0.0
Mesc_XP_021594114.1	Rchi_XP_040374828.1	84.0	S	0.0
Mesc_XP_043811054.1	Rchi_XP_024193082.1	84.0	S	0.0
Mesc_XP_021594114.1	Rchi_XP_024193082.1	84.0	S	0.0
Mesc_XP_043811054.1	Rchi_XP_040375126.1	84.0	S	0.0
Mesc_XP_021594114.1	Rchi_XP_040375126.1	84.0	S	0.0
Mesc_XP_043811054.1	Rchi_XP_040375125.1	84.0	S	0.0
Mesc_XP_021594114.1	Rchi_XP_040375125.1	84.0	S	0.0
Mesc_XP_043811054.1	Rchi_XP_024197951.1	84.0	S	0.0
Mesc_XP_021594114.1	Rchi_XP_024197951.1	84.0	S	0.0
Mesc_XP_043811054.1	Rchi_XP_040374824.1	84.0	S	0.0
Mesc_XP_021594114.1	Rchi_XP_040374824.1	84.0	S	0.0
Mesc_XP_043811054.1	Rchi_XP_024193088.1	84.0	S	0.0
Mesc_XP_021594114.1	Rchi_XP_024193088.1	84.0	S	0.0
Mesc_XP_043811054.1	Rchi_XP_040375129.1	84.0	S	0.0
Mesc_XP_021594114.1	Rchi_XP_040375129.1	84.0	S	0.0
Mesc_XP_043811054.1	Rchi_XP_040374825.1	84.0	S	0.0
Mesc_XP_021594114.1	Rchi_XP_040374825.1	84.0	S	0.0
Mesc_XP_043811054.1	Rchi_XP_040374822.1	84.0	S	0.0
Mesc_XP_021594114.1	Rchi_XP_040374822.1	84.0	S	0.0
Mesc_XP_043811054.1	Rchi_XP_040374826.1	84.0	S	0.0
Mesc_XP_021594114.1	Rchi_XP_040374826.1	84.0	S	0.0
Mesc_XP_043811054.1	Rchi_XP_040374821.1	84.0	S	0.0
Mesc_XP_021594114.1	Rchi_XP_040374821.1	84.0	S	0.0
Mesc_XP_043811054.1	Qlob_XP_030974355.1	84.0	S	0.0
Mesc_XP_021594114.1	Qlob_XP_030974355.1	84.0	S	0.0
Mesc_XP_043811054.1	Rchi_XP_040375123.1	84.0	S	0.0
Mesc_XP_021594114.1	Rchi_XP_040375123.1	84.0	S	0.0
Mesc_XP_043811054.1	Rchi_XP_040374823.1	84.0	S	0.0
Mesc_XP_021594114.1	Rchi_XP_040374823.1	84.0	S	0.0
Mesc_XP_043811054.1	Rchi_XP_024191801.1	84.0	S	0.0
Mesc_XP_021594114.1	Rchi_XP_024191801.1	84.0	S	0.0
Mesc_XP_043811054.1	Rchi_XP_024197958.1	84.0	S	0.0
Mesc_XP_021594114.1	Rchi_XP_024197958.1	84.0	S	0.0
Mesc_XP_043811054.1	Rchi_XP_040375128.1	84.0	S	0.0
Mesc_XP_021594114.1	Rchi_XP_040375128.1	84.0	S	0.0
Mesc_XP_043811054.1	Rchi_XP_024197959.1	84.0	S	0.0
Mesc_XP_021594114.1	Rchi_XP_024197959.1	84.0	S	0.0
Osat_XP_015618607.1	Osat_XP_015618601.1	100.0	D	1.0
Osat_XP_015618607.1	Osat_XP_015618600.1	100.0	D	1.0
Osat_XP_015618607.1	Osat_XP_025877955.1	100.0	D	1.0
Osat_XP_015618607.1	Osat_XP_025877954.1	100.0	D	1.0
Tura_XP_048559770.1	Tura_XP_048559772.1	100.0	D	1.0
Tura_XP_048548071.1	Tura_XP_048559772.1	100.0	D	1.0
Tura_XP_048559770.1	Tura_XP_048548740.1	100.0	D	1.0
Tura_XP_048548071.1	Tura_XP_048548740.1	100.0	D	1.0
Tura_XP_048559770.1	Tura_XP_048559760.1	100.0	D	1.0
Tura_XP_048548071.1	Tura_XP_048559760.1	100.0	D	1.0
Tura_XP_048559770.1	Tura_XP_048559763.1	100.0	D	1.0
Tura_XP_048548071.1	Tura_XP_048559763.1	100.0	D	1.0
Tura_XP_048559770.1	Tura_XP_048559761.1	100.0	D	1.0
Tura_XP_048548071.1	Tura_XP_048559761.1	100.0	D	1.0
Atri_XP_020531013.1	Atri_XP_020531010.1	1.0	D	1.0
Atri_XP_020531013.1	Atri_XP_020531004.1	1.0	D	1.0
Atri_XP_020531013.1	Atri_XP_020531011.1	1.0	D	1.0
Atri_XP_020531013.1	Atri_XP_020531006.1	1.0	D	1.0
Atri_XP_020531013.1	Atri_XP_020531007.1	1.0	D	1.0
Sollyc_XP_004247758.1	Sollyc_XP_069145043.1	100.0	D	1.0
Sollyc_XP_010317818.2	Sollyc_XP_010317819.2	100.0	D	1.0
Sollyc_XP_010317818.2	Sollyc_XP_004234691.2	100.0	D	1.0
Sollyc_XP_010317818.2	Sollyc_XP_069150970.1	100.0	D	1.0
Sollyc_XP_010317818.2	Sollyc_XP_010317817.2	100.0	D	1.0
Atha_NP_188995.2	Bnap_XP_013653045.1	100.0	S	0.0
Atha_NP_188993.2	Bnap_XP_013653045.1	100.0	S	0.0
Atha_NP_188995.2	Bnap_XP_013653044.1	100.0	S	0.0
Atha_NP_188993.2	Bnap_XP_013653044.1	100.0	S	0.0
Atha_NP_188995.2	Bnap_XP_013750545.2	100.0	S	0.0
Atha_NP_188993.2	Bnap_XP_013750545.2	100.0	S	0.0
Bnap_XP_048618727.1	Bnap_XP_013685434.2	100.0	D	1.0
Bnap_XP_022545047.2	Bnap_XP_013685434.2	100.0	D	1.0
Bnap_XP_048592525.1	Bnap_XP_013685434.2	100.0	D	1.0
Bnap_XP_048618727.1	Bnap_XP_048599848.1	100.0	D	1.0
Bnap_XP_022545047.2	Bnap_XP_048599848.1	100.0	D	1.0
Bnap_XP_048592525.1	Bnap_XP_048599848.1	100.0	D	1.0
Bnap_XP_048618727.1	Bnap_XP_048593176.1	100.0	D	1.0
Bnap_XP_022545047.2	Bnap_XP_048593176.1	100.0	D	1.0
Bnap_XP_048592525.1	Bnap_XP_048593176.1	100.0	D	1.0
Bnap_XP_048618727.1	Bnap_XP_048602258.1	100.0	D	1.0
Bnap_XP_022545047.2	Bnap_XP_048602258.1	100.0	D	1.0
Bnap_XP_048592525.1	Bnap_XP_048602258.1	100.0	D	1.0
Mesc_XP_043811054.1	Mesc_XP_021594114.1	100.0	D	1.0
Qlob_XP_030974355.1	Rchi_XP_040375127.1	98.0	S	0.0
Qlob_XP_030974354.1	Rchi_XP_040375127.1	98.0	S	0.0
Qlob_XP_030974355.1	Rchi_XP_024197957.1	98.0	S	0.0
Qlob_XP_030974354.1	Rchi_XP_024197957.1	98.0	S	0.0
Qlob_XP_030974355.1	Rchi_XP_024197955.1	98.0	S	0.0
Qlob_XP_030974354.1	Rchi_XP_024197955.1	98.0	S	0.0
Qlob_XP_030974355.1	Rchi_XP_040374828.1	98.0	S	0.0
Qlob_XP_030974354.1	Rchi_XP_040374828.1	98.0	S	0.0
Qlob_XP_030974355.1	Rchi_XP_024193082.1	98.0	S	0.0
Qlob_XP_030974354.1	Rchi_XP_024193082.1	98.0	S	0.0
Qlob_XP_030974355.1	Rchi_XP_040375126.1	98.0	S	0.0
Qlob_XP_030974354.1	Rchi_XP_040375126.1	98.0	S	0.0
Qlob_XP_030974355.1	Rchi_XP_040375125.1	98.0	S	0.0
Qlob_XP_030974354.1	Rchi_XP_040375125.1	98.0	S	0.0
Qlob_XP_030974355.1	Rchi_XP_024197951.1	98.0	S	0.0
Qlob_XP_030974354.1	Rchi_XP_024197951.1	98.0	S	0.0
Qlob_XP_030974355.1	Rchi_XP_040374824.1	98.0	S	0.0
Qlob_XP_030974354.1	Rchi_XP_040374824.1	98.0	S	0.0
Qlob_XP_030974355.1	Rchi_XP_024193088.1	98.0	S	0.0
Qlob_XP_030974354.1	Rchi_XP_024193088.1	98.0	S	0.0
Qlob_XP_030974355.1	Rchi_XP_040375129.1	98.0	S	0.0
Qlob_XP_030974354.1	Rchi_XP_040375129.1	98.0	S	0.0
Qlob_XP_030974355.1	Rchi_XP_040374825.1	98.0	S	0.0
Qlob_XP_030974354.1	Rchi_XP_040374825.1	98.0	S	0.0
Qlob_XP_030974355.1	Rchi_XP_040374822.1	98.0	S	0.0
Qlob_XP_030974354.1	Rchi_XP_040374822.1	98.0	S	0.0
Qlob_XP_030974355.1	Rchi_XP_040374826.1	98.0	S	0.0
Qlob_XP_030974354.1	Rchi_XP_040374826.1	98.0	S	0.0
Qlob_XP_030974355.1	Rchi_XP_040374821.1	98.0	S	0.0
Qlob_XP_030974354.1	Rchi_XP_040374821.1	98.0	S	0.0
Qlob_XP_030974355.1	Rchi_XP_040375123.1	98.0	S	0.0
Qlob_XP_030974354.1	Rchi_XP_040375123.1	98.0	S	0.0
Qlob_XP_030974355.1	Rchi_XP_040374823.1	98.0	S	0.0
Qlob_XP_030974354.1	Rchi_XP_040374823.1	98.0	S	0.0
Qlob_XP_030974355.1	Rchi_XP_024191801.1	98.0	S	0.0
Qlob_XP_030974354.1	Rchi_XP_024191801.1	98.0	S	0.0
Qlob_XP_030974355.1	Rchi_XP_024197958.1	98.0	S	0.0
Qlob_XP_030974354.1	Rchi_XP_024197958.1	98.0	S	0.0
Qlob_XP_030974355.1	Rchi_XP_040375128.1	98.0	S	0.0
Qlob_XP_030974354.1	Rchi_XP_040375128.1	98.0	S	0.0
Qlob_XP_030974355.1	Rchi_XP_024197959.1	98.0	S	0.0
Qlob_XP_030974354.1	Rchi_XP_024197959.1	98.0	S	0.0
Zmay_XP_008664677.1	Zmay_XP_008664676.1	100.0	D	1.0
Zmay_XP_008677860.1	Ecur_TVU25534.1	100.0	S	0.0
Zmay_XP_008677860.1	Ecur_TVU25538.1	100.0	S	0.0
Zmay_XP_008677860.1	Ecur_TVU25532.1	100.0	S	0.0
Zmay_XP_008677860.1	Ecur_TVU25501.1	100.0	S	0.0
Osat_XP_025877955.1	Osat_XP_015618601.1	75.0	D	1.0
Osat_XP_025877955.1	Osat_XP_015618600.1	75.0	D	1.0
Osat_XP_025877955.1	Osat_XP_025877954.1	75.0	D	1.0
Tura_XP_048559770.1	Tura_XP_048548071.1	100.0	D	1.0
Tura_XP_048559772.1	Tura_XP_048559760.1	99.0	D	1.0
Tura_XP_048559772.1	Tura_XP_048548740.1	99.0	D	1.0
Tura_XP_048559772.1	Tura_XP_048559763.1	99.0	D	1.0
Tura_XP_048559772.1	Tura_XP_048559761.1	99.0	D	1.0
Atri_XP_020531007.1	Atri_XP_020531011.1	1.0	D	1.0
Atri_XP_020531007.1	Atri_XP_020531010.1	1.0	D	1.0
Atri_XP_020531007.1	Atri_XP_020531006.1	1.0	D	1.0
Atri_XP_020531007.1	Atri_XP_020531004.1	1.0	D	1.0
Sollyc_XP_004234691.2	Sollyc_XP_010317819.2	47.0	D	1.0
Sollyc_XP_004234691.2	Sollyc_XP_010317817.2	47.0	D	1.0
Sollyc_XP_004234691.2	Sollyc_XP_069150970.1	47.0	D	1.0
Atha_NP_188995.2	Atha_NP_188993.2	100.0	D	1.0
Bnap_XP_013750545.2	Bnap_XP_013653044.1	100.0	D	1.0
Bnap_XP_013750545.2	Bnap_XP_013653045.1	100.0	D	1.0
Bnap_XP_022545047.2	Bnap_XP_048618727.1	100.0	D	1.0
Bnap_XP_022545047.2	Bnap_XP_048592525.1	100.0	D	1.0
Bnap_XP_013685434.2	Bnap_XP_048599848.1	100.0	D	1.0
Bnap_XP_013685434.2	Bnap_XP_048593176.1	100.0	D	1.0
Bnap_XP_013685434.2	Bnap_XP_048602258.1	100.0	D	1.0
Qlob_XP_030974354.1	Qlob_XP_030974355.1	100.0	D	1.0
Rchi_XP_024191801.1	Rchi_XP_040375127.1	100.0	D	1.0
Rchi_XP_024191801.1	Rchi_XP_024197957.1	100.0	D	1.0
Rchi_XP_024191801.1	Rchi_XP_024197955.1	100.0	D	1.0
Rchi_XP_024191801.1	Rchi_XP_040374828.1	100.0	D	1.0
Rchi_XP_024191801.1	Rchi_XP_024193082.1	100.0	D	1.0
Rchi_XP_024191801.1	Rchi_XP_040375126.1	100.0	D	1.0
Rchi_XP_024191801.1	Rchi_XP_040375125.1	100.0	D	1.0
Rchi_XP_024191801.1	Rchi_XP_024197951.1	100.0	D	1.0
Rchi_XP_024191801.1	Rchi_XP_040374824.1	100.0	D	1.0
Rchi_XP_024191801.1	Rchi_XP_024193088.1	100.0	D	1.0
Rchi_XP_024191801.1	Rchi_XP_040375129.1	100.0	D	1.0
Rchi_XP_024191801.1	Rchi_XP_040374825.1	100.0	D	1.0
Rchi_XP_024191801.1	Rchi_XP_040374822.1	100.0	D	1.0
Rchi_XP_024191801.1	Rchi_XP_040374826.1	100.0	D	1.0
Rchi_XP_024191801.1	Rchi_XP_040374821.1	100.0	D	1.0
Rchi_XP_024191801.1	Rchi_XP_040375123.1	100.0	D	1.0
Rchi_XP_024191801.1	Rchi_XP_040374823.1	100.0	D	1.0
Rchi_XP_024191801.1	Rchi_XP_024197958.1	100.0	D	1.0
Rchi_XP_024191801.1	Rchi_XP_040375128.1	100.0	D	1.0
Rchi_XP_024191801.1	Rchi_XP_024197959.1	100.0	D	1.0
Ecur_TVU25534.1	Ecur_TVU25538.1	100.0	D	1.0
Ecur_TVU25534.1	Ecur_TVU25532.1	100.0	D	1.0
Ecur_TVU25534.1	Ecur_TVU25501.1	100.0	D	1.0
Osat_XP_025877954.1	Osat_XP_015618601.1	64.0	D	1.0
Osat_XP_025877954.1	Osat_XP_015618600.1	64.0	D	1.0
Tura_XP_048559763.1	Tura_XP_048559760.1	100.0	D	1.0
Tura_XP_048559763.1	Tura_XP_048548740.1	100.0	D	1.0
Tura_XP_048559763.1	Tura_XP_048559761.1	100.0	D	1.0
Atri_XP_020531010.1	Atri_XP_020531011.1	1.0	D	1.0
Atri_XP_020531010.1	Atri_XP_020531004.1	1.0	D	1.0
Atri_XP_020531010.1	Atri_XP_020531006.1	1.0	D	1.0
Sollyc_XP_010317819.2	Sollyc_XP_010317817.2	1.0	D	1.0
Sollyc_XP_010317819.2	Sollyc_XP_069150970.1	1.0	D	1.0
Bnap_XP_013653044.1	Bnap_XP_013653045.1	100.0	D	1.0
Bnap_XP_048618727.1	Bnap_XP_048592525.1	100.0	D	1.0
Bnap_XP_048593176.1	Bnap_XP_048599848.1	100.0	D	1.0
Bnap_XP_048593176.1	Bnap_XP_048602258.1	100.0	D	1.0
Rchi_XP_040374824.1	Rchi_XP_040375123.1	100.0	D	1.0
Rchi_XP_040374823.1	Rchi_XP_040375123.1	100.0	D	1.0
Rchi_XP_040374825.1	Rchi_XP_040375123.1	100.0	D	1.0
Rchi_XP_040374822.1	Rchi_XP_040375123.1	100.0	D	1.0
Rchi_XP_040374826.1	Rchi_XP_040375123.1	100.0	D	1.0
Rchi_XP_024197955.1	Rchi_XP_040375123.1	100.0	D	1.0
Rchi_XP_040374821.1	Rchi_XP_040375123.1	100.0	D	1.0
Rchi_XP_024197951.1	Rchi_XP_040375123.1	100.0	D	1.0
Rchi_XP_040374824.1	Rchi_XP_024193088.1	100.0	D	1.0
Rchi_XP_040374823.1	Rchi_XP_024193088.1	100.0	D	1.0
Rchi_XP_040374825.1	Rchi_XP_024193088.1	100.0	D	1.0
Rchi_XP_040374822.1	Rchi_XP_024193088.1	100.0	D	1.0
Rchi_XP_040374826.1	Rchi_XP_024193088.1	100.0	D	1.0
Rchi_XP_024197955.1	Rchi_XP_024193088.1	100.0	D	1.0
Rchi_XP_040374821.1	Rchi_XP_024193088.1	100.0	D	1.0
Rchi_XP_024197951.1	Rchi_XP_024193088.1	100.0	D	1.0
Rchi_XP_040374824.1	Rchi_XP_040375129.1	100.0	D	1.0
Rchi_XP_040374823.1	Rchi_XP_040375129.1	100.0	D	1.0
Rchi_XP_040374825.1	Rchi_XP_040375129.1	100.0	D	1.0
Rchi_XP_040374822.1	Rchi_XP_040375129.1	100.0	D	1.0
Rchi_XP_040374826.1	Rchi_XP_040375129.1	100.0	D	1.0
Rchi_XP_024197955.1	Rchi_XP_040375129.1	100.0	D	1.0
Rchi_XP_040374821.1	Rchi_XP_040375129.1	100.0	D	1.0
Rchi_XP_024197951.1	Rchi_XP_040375129.1	100.0	D	1.0
Rchi_XP_040374824.1	Rchi_XP_040375127.1	100.0	D	1.0
Rchi_XP_040374823.1	Rchi_XP_040375127.1	100.0	D	1.0
Rchi_XP_040374825.1	Rchi_XP_040375127.1	100.0	D	1.0
Rchi_XP_040374822.1	Rchi_XP_040375127.1	100.0	D	1.0
Rchi_XP_040374826.1	Rchi_XP_040375127.1	100.0	D	1.0
Rchi_XP_024197955.1	Rchi_XP_040375127.1	100.0	D	1.0
Rchi_XP_040374821.1	Rchi_XP_040375127.1	100.0	D	1.0
Rchi_XP_024197951.1	Rchi_XP_040375127.1	100.0	D	1.0
Rchi_XP_040374824.1	Rchi_XP_024197957.1	100.0	D	1.0
Rchi_XP_040374823.1	Rchi_XP_024197957.1	100.0	D	1.0
Rchi_XP_040374825.1	Rchi_XP_024197957.1	100.0	D	1.0
Rchi_XP_040374822.1	Rchi_XP_024197957.1	100.0	D	1.0
Rchi_XP_040374826.1	Rchi_XP_024197957.1	100.0	D	1.0
Rchi_XP_024197955.1	Rchi_XP_024197957.1	100.0	D	1.0
Rchi_XP_040374821.1	Rchi_XP_024197957.1	100.0	D	1.0
Rchi_XP_024197951.1	Rchi_XP_024197957.1	100.0	D	1.0
Rchi_XP_040374824.1	Rchi_XP_024197958.1	100.0	D	1.0
Rchi_XP_040374823.1	Rchi_XP_024197958.1	100.0	D	1.0
Rchi_XP_040374825.1	Rchi_XP_024197958.1	100.0	D	1.0
Rchi_XP_040374822.1	Rchi_XP_024197958.1	100.0	D	1.0
Rchi_XP_040374826.1	Rchi_XP_024197958.1	100.0	D	1.0
Rchi_XP_024197955.1	Rchi_XP_024197958.1	100.0	D	1.0
Rchi_XP_040374821.1	Rchi_XP_024197958.1	100.0	D	1.0
Rchi_XP_024197951.1	Rchi_XP_024197958.1	100.0	D	1.0
Rchi_XP_040374824.1	Rchi_XP_040374828.1	100.0	D	1.0
Rchi_XP_040374823.1	Rchi_XP_040374828.1	100.0	D	1.0
Rchi_XP_040374825.1	Rchi_XP_040374828.1	100.0	D	1.0
Rchi_XP_040374822.1	Rchi_XP_040374828.1	100.0	D	1.0
Rchi_XP_040374826.1	Rchi_XP_040374828.1	100.0	D	1.0
Rchi_XP_024197955.1	Rchi_XP_040374828.1	100.0	D	1.0
Rchi_XP_040374821.1	Rchi_XP_040374828.1	100.0	D	1.0
Rchi_XP_024197951.1	Rchi_XP_040374828.1	100.0	D	1.0
Rchi_XP_040374824.1	Rchi_XP_024193082.1	100.0	D	1.0
Rchi_XP_040374823.1	Rchi_XP_024193082.1	100.0	D	1.0
Rchi_XP_040374825.1	Rchi_XP_024193082.1	100.0	D	1.0
Rchi_XP_040374822.1	Rchi_XP_024193082.1	100.0	D	1.0
Rchi_XP_040374826.1	Rchi_XP_024193082.1	100.0	D	1.0
Rchi_XP_024197955.1	Rchi_XP_024193082.1	100.0	D	1.0
Rchi_XP_040374821.1	Rchi_XP_024193082.1	100.0	D	1.0
Rchi_XP_024197951.1	Rchi_XP_024193082.1	100.0	D	1.0
Rchi_XP_040374824.1	Rchi_XP_040375126.1	100.0	D	1.0
Rchi_XP_040374823.1	Rchi_XP_040375126.1	100.0	D	1.0
Rchi_XP_040374825.1	Rchi_XP_040375126.1	100.0	D	1.0
Rchi_XP_040374822.1	Rchi_XP_040375126.1	100.0	D	1.0
Rchi_XP_040374826.1	Rchi_XP_040375126.1	100.0	D	1.0
Rchi_XP_024197955.1	Rchi_XP_040375126.1	100.0	D	1.0
Rchi_XP_040374821.1	Rchi_XP_040375126.1	100.0	D	1.0
Rchi_XP_024197951.1	Rchi_XP_040375126.1	100.0	D	1.0
Rchi_XP_040374824.1	Rchi_XP_040375128.1	100.0	D	1.0
Rchi_XP_040374823.1	Rchi_XP_040375128.1	100.0	D	1.0
Rchi_XP_040374825.1	Rchi_XP_040375128.1	100.0	D	1.0
Rchi_XP_040374822.1	Rchi_XP_040375128.1	100.0	D	1.0
Rchi_XP_040374826.1	Rchi_XP_040375128.1	100.0	D	1.0
Rchi_XP_024197955.1	Rchi_XP_040375128.1	100.0	D	1.0
Rchi_XP_040374821.1	Rchi_XP_040375128.1	100.0	D	1.0
Rchi_XP_024197951.1	Rchi_XP_040375128.1	100.0	D	1.0
Rchi_XP_040374824.1	Rchi_XP_040375125.1	100.0	D	1.0
Rchi_XP_040374823.1	Rchi_XP_040375125.1	100.0	D	1.0
Rchi_XP_040374825.1	Rchi_XP_040375125.1	100.0	D	1.0
Rchi_XP_040374822.1	Rchi_XP_040375125.1	100.0	D	1.0
Rchi_XP_040374826.1	Rchi_XP_040375125.1	100.0	D	1.0
Rchi_XP_024197955.1	Rchi_XP_040375125.1	100.0	D	1.0
Rchi_XP_040374821.1	Rchi_XP_040375125.1	100.0	D	1.0
Rchi_XP_024197951.1	Rchi_XP_040375125.1	100.0	D	1.0
Rchi_XP_040374824.1	Rchi_XP_024197959.1	100.0	D	1.0
Rchi_XP_040374823.1	Rchi_XP_024197959.1	100.0	D	1.0
Rchi_XP_040374825.1	Rchi_XP_024197959.1	100.0	D	1.0
Rchi_XP_040374822.1	Rchi_XP_024197959.1	100.0	D	1.0
Rchi_XP_040374826.1	Rchi_XP_024197959.1	100.0	D	1.0
Rchi_XP_024197955.1	Rchi_XP_024197959.1	100.0	D	1.0
Rchi_XP_040374821.1	Rchi_XP_024197959.1	100.0	D	1.0
Rchi_XP_024197951.1	Rchi_XP_024197959.1	100.0	D	1.0
Ecur_TVU25538.1	Ecur_TVU25532.1	100.0	D	1.0
Ecur_TVU25538.1	Ecur_TVU25501.1	100.0	D	1.0
Osat_XP_015618601.1	Osat_XP_015618600.1	41.0	D	1.0
Tura_XP_048548740.1	Tura_XP_048559760.1	75.0	D	1.0
Tura_XP_048548740.1	Tura_XP_048559761.1	75.0	D	1.0
Atri_XP_020531006.1	Atri_XP_020531011.1	1.0	D	1.0
Atri_XP_020531006.1	Atri_XP_020531004.1	1.0	D	1.0
Sollyc_XP_010317817.2	Sollyc_XP_069150970.1	1.0	D	1.0
Bnap_XP_048602258.1	Bnap_XP_048599848.1	100.0	D	1.0
Rchi_XP_024197955.1	Rchi_XP_040374824.1	100.0	D	1.0
Rchi_XP_024197951.1	Rchi_XP_040374824.1	100.0	D	1.0
Rchi_XP_024197955.1	Rchi_XP_040374823.1	100.0	D	1.0
Rchi_XP_024197951.1	Rchi_XP_040374823.1	100.0	D	1.0
Rchi_XP_024197955.1	Rchi_XP_040374825.1	100.0	D	1.0
Rchi_XP_024197951.1	Rchi_XP_040374825.1	100.0	D	1.0
Rchi_XP_024197955.1	Rchi_XP_040374822.1	100.0	D	1.0
Rchi_XP_024197951.1	Rchi_XP_040374822.1	100.0	D	1.0
Rchi_XP_024197955.1	Rchi_XP_040374826.1	100.0	D	1.0
Rchi_XP_024197951.1	Rchi_XP_040374826.1	100.0	D	1.0
Rchi_XP_024197955.1	Rchi_XP_040374821.1	100.0	D	1.0
Rchi_XP_024197951.1	Rchi_XP_040374821.1	100.0	D	1.0
Rchi_XP_024197957.1	Rchi_XP_040375123.1	83.0	D	1.0
Rchi_XP_024197959.1	Rchi_XP_040375123.1	83.0	D	1.0
Rchi_XP_024197958.1	Rchi_XP_040375123.1	83.0	D	1.0
Rchi_XP_040374828.1	Rchi_XP_040375123.1	83.0	D	1.0
Rchi_XP_024197957.1	Rchi_XP_024193088.1	83.0	D	1.0
Rchi_XP_024197959.1	Rchi_XP_024193088.1	83.0	D	1.0
Rchi_XP_024197958.1	Rchi_XP_024193088.1	83.0	D	1.0
Rchi_XP_040374828.1	Rchi_XP_024193088.1	83.0	D	1.0
Rchi_XP_024197957.1	Rchi_XP_040375129.1	83.0	D	1.0
Rchi_XP_024197959.1	Rchi_XP_040375129.1	83.0	D	1.0
Rchi_XP_024197958.1	Rchi_XP_040375129.1	83.0	D	1.0
Rchi_XP_040374828.1	Rchi_XP_040375129.1	83.0	D	1.0
Rchi_XP_024197957.1	Rchi_XP_040375127.1	83.0	D	1.0
Rchi_XP_024197959.1	Rchi_XP_040375127.1	83.0	D	1.0
Rchi_XP_024197958.1	Rchi_XP_040375127.1	83.0	D	1.0
Rchi_XP_040374828.1	Rchi_XP_040375127.1	83.0	D	1.0
Rchi_XP_024197957.1	Rchi_XP_024193082.1	83.0	D	1.0
Rchi_XP_024197959.1	Rchi_XP_024193082.1	83.0	D	1.0
Rchi_XP_024197958.1	Rchi_XP_024193082.1	83.0	D	1.0
Rchi_XP_040374828.1	Rchi_XP_024193082.1	83.0	D	1.0
Rchi_XP_024197957.1	Rchi_XP_040375126.1	83.0	D	1.0
Rchi_XP_024197959.1	Rchi_XP_040375126.1	83.0	D	1.0
Rchi_XP_024197958.1	Rchi_XP_040375126.1	83.0	D	1.0
Rchi_XP_040374828.1	Rchi_XP_040375126.1	83.0	D	1.0
Rchi_XP_024197957.1	Rchi_XP_040375128.1	83.0	D	1.0
Rchi_XP_024197959.1	Rchi_XP_040375128.1	83.0	D	1.0
Rchi_XP_024197958.1	Rchi_XP_040375128.1	83.0	D	1.0
Rchi_XP_040374828.1	Rchi_XP_040375128.1	83.0	D	1.0
Rchi_XP_024197957.1	Rchi_XP_040375125.1	83.0	D	1.0
Rchi_XP_024197959.1	Rchi_XP_040375125.1	83.0	D	1.0
Rchi_XP_024197958.1	Rchi_XP_040375125.1	83.0	D	1.0
Rchi_XP_040374828.1	Rchi_XP_040375125.1	83.0	D	1.0
Ecur_TVU25501.1	Ecur_TVU25532.1	100.0	D	1.0
Tura_XP_048559761.1	Tura_XP_048559760.1	89.0	D	1.0
Atri_XP_020531004.1	Atri_XP_020531011.1	1.0	D	1.0
Rchi_XP_024197955.1	Rchi_XP_024197951.1	63.0	D	1.0
Rchi_XP_040374821.1	Rchi_XP_040374824.1	100.0	D	1.0
Rchi_XP_040374821.1	Rchi_XP_040374823.1	100.0	D	1.0
Rchi_XP_040374821.1	Rchi_XP_040374825.1	100.0	D	1.0
Rchi_XP_040374821.1	Rchi_XP_040374822.1	100.0	D	1.0
Rchi_XP_040374821.1	Rchi_XP_040374826.1	100.0	D	1.0
Rchi_XP_024197958.1	Rchi_XP_024197957.1	100.0	D	1.0
Rchi_XP_024197958.1	Rchi_XP_040374828.1	100.0	D	1.0
Rchi_XP_024197958.1	Rchi_XP_024197959.1	100.0	D	1.0
Rchi_XP_040375123.1	Rchi_XP_024193088.1	100.0	D	1.0
Rchi_XP_024193082.1	Rchi_XP_024193088.1	100.0	D	1.0
Rchi_XP_040375123.1	Rchi_XP_040375129.1	100.0	D	1.0
Rchi_XP_024193082.1	Rchi_XP_040375129.1	100.0	D	1.0
Rchi_XP_040375123.1	Rchi_XP_040375127.1	100.0	D	1.0
Rchi_XP_024193082.1	Rchi_XP_040375127.1	100.0	D	1.0
Rchi_XP_040375123.1	Rchi_XP_040375126.1	100.0	D	1.0
Rchi_XP_024193082.1	Rchi_XP_040375126.1	100.0	D	1.0
Rchi_XP_040375123.1	Rchi_XP_040375128.1	100.0	D	1.0
Rchi_XP_024193082.1	Rchi_XP_040375128.1	100.0	D	1.0
Rchi_XP_040375123.1	Rchi_XP_040375125.1	100.0	D	1.0
Rchi_XP_024193082.1	Rchi_XP_040375125.1	100.0	D	1.0
Rchi_XP_040374825.1	Rchi_XP_040374824.1	1.0	D	1.0
Rchi_XP_040374825.1	Rchi_XP_040374823.1	1.0	D	1.0
Rchi_XP_040374825.1	Rchi_XP_040374822.1	1.0	D	1.0
Rchi_XP_040374825.1	Rchi_XP_040374826.1	1.0	D	1.0
Rchi_XP_040374828.1	Rchi_XP_024197957.1	1.0	D	1.0
Rchi_XP_040374828.1	Rchi_XP_024197959.1	1.0	D	1.0
Rchi_XP_024193082.1	Rchi_XP_040375123.1	100.0	D	1.0
Rchi_XP_024193088.1	Rchi_XP_040375129.1	100.0	D	1.0
Rchi_XP_024193088.1	Rchi_XP_040375127.1	100.0	D	1.0
Rchi_XP_024193088.1	Rchi_XP_040375126.1	100.0	D	1.0
Rchi_XP_024193088.1	Rchi_XP_040375128.1	100.0	D	1.0
Rchi_XP_024193088.1	Rchi_XP_040375125.1	100.0	D	1.0
Rchi_XP_040374823.1	Rchi_XP_040374824.1	1.0	D	1.0
Rchi_XP_040374823.1	Rchi_XP_040374822.1	1.0	D	1.0
Rchi_XP_040374823.1	Rchi_XP_040374826.1	1.0	D	1.0
Rchi_XP_024197959.1	Rchi_XP_024197957.1	1.0	D	1.0
Rchi_XP_040375129.1	Rchi_XP_040375126.1	95.0	D	1.0
Rchi_XP_040375129.1	Rchi_XP_040375128.1	95.0	D	1.0
Rchi_XP_040375129.1	Rchi_XP_040375125.1	95.0	D	1.0
Rchi_XP_040375129.1	Rchi_XP_040375127.1	95.0	D	1.0
Rchi_XP_040374822.1	Rchi_XP_040374824.1	1.0	D	1.0
Rchi_XP_040374822.1	Rchi_XP_040374826.1	1.0	D	1.0
Rchi_XP_040375126.1	Rchi_XP_040375128.1	51.0	D	1.0
Rchi_XP_040375126.1	Rchi_XP_040375125.1	51.0	D	1.0
Rchi_XP_040375126.1	Rchi_XP_040375127.1	51.0	D	1.0
Rchi_XP_040374826.1	Rchi_XP_040374824.1	1.0	D	1.0
Rchi_XP_040375127.1	Rchi_XP_040375128.1	1.0	D	1.0
Rchi_XP_040375127.1	Rchi_XP_040375125.1	1.0	D	1.0
Rchi_XP_040375125.1	Rchi_XP_040375128.1	1.0	D	1.0
