in_gene	out_gene	branch_support	ev_type	sos
Hcon_XGW01643.1	Tura_XP_048539376.1	70.0	S	0.0
Mbre_XP_001743805.1	Tura_XP_048539376.1	70.0	S	0.0
Lana_XP_013401256.1	Tura_XP_048539376.1	70.0	S	0.0
Apla_XP_022088130.1	Tura_XP_048539376.1	70.0	S	0.0
Blan_XP_066267953.1	Tura_XP_048539376.1	70.0	S	0.0
Hcon_XGW01641.1	Tura_XP_048539376.1	70.0	S	0.0
Spur_XP_783722.3	Tura_XP_048539376.1	70.0	S	0.0
Sarc_XP_014151736.1	Tura_XP_048539376.1	70.0	S	0.0
Hcon_XGW01642.1	Tura_XP_048539376.1	70.0	S	0.0
Cvir_XP_022340561.1	Tura_XP_048539376.1	70.0	S	0.0
Hcon_XGW01639.1	Tura_XP_048539376.1	70.0	S	0.0
Hcon_XGW01640.1	Tura_XP_048539376.1	70.0	S	0.0
Bxyl_CAG9102155.1	Tura_XP_048539376.1	70.0	S	0.0
Hcon_XGW01643.1	Ecur_TVU10037.1	70.0	S	0.0
Mbre_XP_001743805.1	Ecur_TVU10037.1	70.0	S	0.0
Lana_XP_013401256.1	Ecur_TVU10037.1	70.0	S	0.0
Apla_XP_022088130.1	Ecur_TVU10037.1	70.0	S	0.0
Blan_XP_066267953.1	Ecur_TVU10037.1	70.0	S	0.0
Hcon_XGW01641.1	Ecur_TVU10037.1	70.0	S	0.0
Spur_XP_783722.3	Ecur_TVU10037.1	70.0	S	0.0
Sarc_XP_014151736.1	Ecur_TVU10037.1	70.0	S	0.0
Hcon_XGW01642.1	Ecur_TVU10037.1	70.0	S	0.0
Cvir_XP_022340561.1	Ecur_TVU10037.1	70.0	S	0.0
Hcon_XGW01639.1	Ecur_TVU10037.1	70.0	S	0.0
Hcon_XGW01640.1	Ecur_TVU10037.1	70.0	S	0.0
Bxyl_CAG9102155.1	Ecur_TVU10037.1	70.0	S	0.0
Hcon_XGW01643.1	Smoe_XP_024524605.1	70.0	S	0.0
Mbre_XP_001743805.1	Smoe_XP_024524605.1	70.0	S	0.0
Lana_XP_013401256.1	Smoe_XP_024524605.1	70.0	S	0.0
Apla_XP_022088130.1	Smoe_XP_024524605.1	70.0	S	0.0
Blan_XP_066267953.1	Smoe_XP_024524605.1	70.0	S	0.0
Hcon_XGW01641.1	Smoe_XP_024524605.1	70.0	S	0.0
Spur_XP_783722.3	Smoe_XP_024524605.1	70.0	S	0.0
Sarc_XP_014151736.1	Smoe_XP_024524605.1	70.0	S	0.0
Hcon_XGW01642.1	Smoe_XP_024524605.1	70.0	S	0.0
Cvir_XP_022340561.1	Smoe_XP_024524605.1	70.0	S	0.0
Hcon_XGW01639.1	Smoe_XP_024524605.1	70.0	S	0.0
Hcon_XGW01640.1	Smoe_XP_024524605.1	70.0	S	0.0
Bxyl_CAG9102155.1	Smoe_XP_024524605.1	70.0	S	0.0
Hcon_XGW01643.1	Smoe_XP_024528346.1	70.0	S	0.0
Mbre_XP_001743805.1	Smoe_XP_024528346.1	70.0	S	0.0
Lana_XP_013401256.1	Smoe_XP_024528346.1	70.0	S	0.0
Apla_XP_022088130.1	Smoe_XP_024528346.1	70.0	S	0.0
Blan_XP_066267953.1	Smoe_XP_024528346.1	70.0	S	0.0
Hcon_XGW01641.1	Smoe_XP_024528346.1	70.0	S	0.0
Spur_XP_783722.3	Smoe_XP_024528346.1	70.0	S	0.0
Sarc_XP_014151736.1	Smoe_XP_024528346.1	70.0	S	0.0
Hcon_XGW01642.1	Smoe_XP_024528346.1	70.0	S	0.0
Cvir_XP_022340561.1	Smoe_XP_024528346.1	70.0	S	0.0
Hcon_XGW01639.1	Smoe_XP_024528346.1	70.0	S	0.0
Hcon_XGW01640.1	Smoe_XP_024528346.1	70.0	S	0.0
Bxyl_CAG9102155.1	Smoe_XP_024528346.1	70.0	S	0.0
Hcon_XGW01643.1	Bnap_XP_013693788.2	70.0	S	0.0
Mbre_XP_001743805.1	Bnap_XP_013693788.2	70.0	S	0.0
Lana_XP_013401256.1	Bnap_XP_013693788.2	70.0	S	0.0
Apla_XP_022088130.1	Bnap_XP_013693788.2	70.0	S	0.0
Blan_XP_066267953.1	Bnap_XP_013693788.2	70.0	S	0.0
Hcon_XGW01641.1	Bnap_XP_013693788.2	70.0	S	0.0
Spur_XP_783722.3	Bnap_XP_013693788.2	70.0	S	0.0
Sarc_XP_014151736.1	Bnap_XP_013693788.2	70.0	S	0.0
Hcon_XGW01642.1	Bnap_XP_013693788.2	70.0	S	0.0
Cvir_XP_022340561.1	Bnap_XP_013693788.2	70.0	S	0.0
Hcon_XGW01639.1	Bnap_XP_013693788.2	70.0	S	0.0
Hcon_XGW01640.1	Bnap_XP_013693788.2	70.0	S	0.0
Bxyl_CAG9102155.1	Bnap_XP_013693788.2	70.0	S	0.0
Hcon_XGW01643.1	Bnap_XP_013660250.1	70.0	S	0.0
Mbre_XP_001743805.1	Bnap_XP_013660250.1	70.0	S	0.0
Lana_XP_013401256.1	Bnap_XP_013660250.1	70.0	S	0.0
Apla_XP_022088130.1	Bnap_XP_013660250.1	70.0	S	0.0
Blan_XP_066267953.1	Bnap_XP_013660250.1	70.0	S	0.0
Hcon_XGW01641.1	Bnap_XP_013660250.1	70.0	S	0.0
Spur_XP_783722.3	Bnap_XP_013660250.1	70.0	S	0.0
Sarc_XP_014151736.1	Bnap_XP_013660250.1	70.0	S	0.0
Hcon_XGW01642.1	Bnap_XP_013660250.1	70.0	S	0.0
Cvir_XP_022340561.1	Bnap_XP_013660250.1	70.0	S	0.0
Hcon_XGW01639.1	Bnap_XP_013660250.1	70.0	S	0.0
Hcon_XGW01640.1	Bnap_XP_013660250.1	70.0	S	0.0
Bxyl_CAG9102155.1	Bnap_XP_013660250.1	70.0	S	0.0
Hcon_XGW01643.1	Bnap_XP_013641909.2	70.0	S	0.0
Mbre_XP_001743805.1	Bnap_XP_013641909.2	70.0	S	0.0
Lana_XP_013401256.1	Bnap_XP_013641909.2	70.0	S	0.0
Apla_XP_022088130.1	Bnap_XP_013641909.2	70.0	S	0.0
Blan_XP_066267953.1	Bnap_XP_013641909.2	70.0	S	0.0
Hcon_XGW01641.1	Bnap_XP_013641909.2	70.0	S	0.0
Spur_XP_783722.3	Bnap_XP_013641909.2	70.0	S	0.0
Sarc_XP_014151736.1	Bnap_XP_013641909.2	70.0	S	0.0
Hcon_XGW01642.1	Bnap_XP_013641909.2	70.0	S	0.0
Cvir_XP_022340561.1	Bnap_XP_013641909.2	70.0	S	0.0
Hcon_XGW01639.1	Bnap_XP_013641909.2	70.0	S	0.0
Hcon_XGW01640.1	Bnap_XP_013641909.2	70.0	S	0.0
Bxyl_CAG9102155.1	Bnap_XP_013641909.2	70.0	S	0.0
Hcon_XGW01643.1	Osat_XP_015633358.2	70.0	S	0.0
Mbre_XP_001743805.1	Osat_XP_015633358.2	70.0	S	0.0
Lana_XP_013401256.1	Osat_XP_015633358.2	70.0	S	0.0
Apla_XP_022088130.1	Osat_XP_015633358.2	70.0	S	0.0
Blan_XP_066267953.1	Osat_XP_015633358.2	70.0	S	0.0
Hcon_XGW01641.1	Osat_XP_015633358.2	70.0	S	0.0
Spur_XP_783722.3	Osat_XP_015633358.2	70.0	S	0.0
Sarc_XP_014151736.1	Osat_XP_015633358.2	70.0	S	0.0
Hcon_XGW01642.1	Osat_XP_015633358.2	70.0	S	0.0
Cvir_XP_022340561.1	Osat_XP_015633358.2	70.0	S	0.0
Hcon_XGW01639.1	Osat_XP_015633358.2	70.0	S	0.0
Hcon_XGW01640.1	Osat_XP_015633358.2	70.0	S	0.0
Bxyl_CAG9102155.1	Osat_XP_015633358.2	70.0	S	0.0
Hcon_XGW01643.1	Atri_XP_006828740.1	70.0	S	0.0
Mbre_XP_001743805.1	Atri_XP_006828740.1	70.0	S	0.0
Lana_XP_013401256.1	Atri_XP_006828740.1	70.0	S	0.0
Apla_XP_022088130.1	Atri_XP_006828740.1	70.0	S	0.0
Blan_XP_066267953.1	Atri_XP_006828740.1	70.0	S	0.0
Hcon_XGW01641.1	Atri_XP_006828740.1	70.0	S	0.0
Spur_XP_783722.3	Atri_XP_006828740.1	70.0	S	0.0
Sarc_XP_014151736.1	Atri_XP_006828740.1	70.0	S	0.0
Hcon_XGW01642.1	Atri_XP_006828740.1	70.0	S	0.0
Cvir_XP_022340561.1	Atri_XP_006828740.1	70.0	S	0.0
Hcon_XGW01639.1	Atri_XP_006828740.1	70.0	S	0.0
Hcon_XGW01640.1	Atri_XP_006828740.1	70.0	S	0.0
Bxyl_CAG9102155.1	Atri_XP_006828740.1	70.0	S	0.0
Hcon_XGW01643.1	Emue_Em0005g1009a	70.0	S	0.0
Mbre_XP_001743805.1	Emue_Em0005g1009a	70.0	S	0.0
Lana_XP_013401256.1	Emue_Em0005g1009a	70.0	S	0.0
Apla_XP_022088130.1	Emue_Em0005g1009a	70.0	S	0.0
Blan_XP_066267953.1	Emue_Em0005g1009a	70.0	S	0.0
Hcon_XGW01641.1	Emue_Em0005g1009a	70.0	S	0.0
Spur_XP_783722.3	Emue_Em0005g1009a	70.0	S	0.0
Sarc_XP_014151736.1	Emue_Em0005g1009a	70.0	S	0.0
Hcon_XGW01642.1	Emue_Em0005g1009a	70.0	S	0.0
Cvir_XP_022340561.1	Emue_Em0005g1009a	70.0	S	0.0
Hcon_XGW01639.1	Emue_Em0005g1009a	70.0	S	0.0
Hcon_XGW01640.1	Emue_Em0005g1009a	70.0	S	0.0
Bxyl_CAG9102155.1	Emue_Em0005g1009a	70.0	S	0.0
Hcon_XGW01643.1	Tura_XP_048539377.1	70.0	S	0.0
Mbre_XP_001743805.1	Tura_XP_048539377.1	70.0	S	0.0
Lana_XP_013401256.1	Tura_XP_048539377.1	70.0	S	0.0
Apla_XP_022088130.1	Tura_XP_048539377.1	70.0	S	0.0
Blan_XP_066267953.1	Tura_XP_048539377.1	70.0	S	0.0
Hcon_XGW01641.1	Tura_XP_048539377.1	70.0	S	0.0
Spur_XP_783722.3	Tura_XP_048539377.1	70.0	S	0.0
Sarc_XP_014151736.1	Tura_XP_048539377.1	70.0	S	0.0
Hcon_XGW01642.1	Tura_XP_048539377.1	70.0	S	0.0
Cvir_XP_022340561.1	Tura_XP_048539377.1	70.0	S	0.0
Hcon_XGW01639.1	Tura_XP_048539377.1	70.0	S	0.0
Hcon_XGW01640.1	Tura_XP_048539377.1	70.0	S	0.0
Bxyl_CAG9102155.1	Tura_XP_048539377.1	70.0	S	0.0
Hcon_XGW01643.1	Lcom_lcpid194811|	70.0	S	0.0
Mbre_XP_001743805.1	Lcom_lcpid194811|	70.0	S	0.0
Lana_XP_013401256.1	Lcom_lcpid194811|	70.0	S	0.0
Apla_XP_022088130.1	Lcom_lcpid194811|	70.0	S	0.0
Blan_XP_066267953.1	Lcom_lcpid194811|	70.0	S	0.0
Hcon_XGW01641.1	Lcom_lcpid194811|	70.0	S	0.0
Spur_XP_783722.3	Lcom_lcpid194811|	70.0	S	0.0
Sarc_XP_014151736.1	Lcom_lcpid194811|	70.0	S	0.0
Hcon_XGW01642.1	Lcom_lcpid194811|	70.0	S	0.0
Cvir_XP_022340561.1	Lcom_lcpid194811|	70.0	S	0.0
Hcon_XGW01639.1	Lcom_lcpid194811|	70.0	S	0.0
Hcon_XGW01640.1	Lcom_lcpid194811|	70.0	S	0.0
Bxyl_CAG9102155.1	Lcom_lcpid194811|	70.0	S	0.0
Hcon_XGW01643.1	Bnap_XP_013660196.2	70.0	S	0.0
Mbre_XP_001743805.1	Bnap_XP_013660196.2	70.0	S	0.0
Lana_XP_013401256.1	Bnap_XP_013660196.2	70.0	S	0.0
Apla_XP_022088130.1	Bnap_XP_013660196.2	70.0	S	0.0
Blan_XP_066267953.1	Bnap_XP_013660196.2	70.0	S	0.0
Hcon_XGW01641.1	Bnap_XP_013660196.2	70.0	S	0.0
Spur_XP_783722.3	Bnap_XP_013660196.2	70.0	S	0.0
Sarc_XP_014151736.1	Bnap_XP_013660196.2	70.0	S	0.0
Hcon_XGW01642.1	Bnap_XP_013660196.2	70.0	S	0.0
Cvir_XP_022340561.1	Bnap_XP_013660196.2	70.0	S	0.0
Hcon_XGW01639.1	Bnap_XP_013660196.2	70.0	S	0.0
Hcon_XGW01640.1	Bnap_XP_013660196.2	70.0	S	0.0
Bxyl_CAG9102155.1	Bnap_XP_013660196.2	70.0	S	0.0
Hcon_XGW01643.1	Smoe_XP_002967925.1	70.0	S	0.0
Mbre_XP_001743805.1	Smoe_XP_002967925.1	70.0	S	0.0
Lana_XP_013401256.1	Smoe_XP_002967925.1	70.0	S	0.0
Apla_XP_022088130.1	Smoe_XP_002967925.1	70.0	S	0.0
Blan_XP_066267953.1	Smoe_XP_002967925.1	70.0	S	0.0
Hcon_XGW01641.1	Smoe_XP_002967925.1	70.0	S	0.0
Spur_XP_783722.3	Smoe_XP_002967925.1	70.0	S	0.0
Sarc_XP_014151736.1	Smoe_XP_002967925.1	70.0	S	0.0
Hcon_XGW01642.1	Smoe_XP_002967925.1	70.0	S	0.0
Cvir_XP_022340561.1	Smoe_XP_002967925.1	70.0	S	0.0
Hcon_XGW01639.1	Smoe_XP_002967925.1	70.0	S	0.0
Hcon_XGW01640.1	Smoe_XP_002967925.1	70.0	S	0.0
Bxyl_CAG9102155.1	Smoe_XP_002967925.1	70.0	S	0.0
Bmor_XP_012544129.1	Crei_XP_042925938.1	70.0	S	0.0
Spur_XP_011668891.1	Crei_XP_042925938.1	70.0	S	0.0
Asuu_AgR032_g056_t03	Crei_XP_042925938.1	70.0	S	0.0
Blan_XP_066288489.1	Crei_XP_042925938.1	70.0	S	0.0
Bxyl_CAG9081658.1	Crei_XP_042925938.1	70.0	S	0.0
Bmor_NP_001171912.1	Crei_XP_042925938.1	70.0	S	0.0
Apla_XP_022091406.1	Crei_XP_042925938.1	70.0	S	0.0
Apla_XP_022081175.1	Crei_XP_042925938.1	70.0	S	0.0
Apla_XP_022081177.1	Crei_XP_042925938.1	70.0	S	0.0
Asuu_AgR032_g056_t05	Crei_XP_042925938.1	70.0	S	0.0
Apla_XP_022081174.1	Crei_XP_042925938.1	70.0	S	0.0
Asuu_AgR032_g056_t02	Crei_XP_042925938.1	70.0	S	0.0
Blan_XP_066288490.1	Crei_XP_042925938.1	70.0	S	0.0
Bmor_XP_012544129.1	Sollyc_XP_069151673.1	70.0	S	0.0
Spur_XP_011668891.1	Sollyc_XP_069151673.1	70.0	S	0.0
Asuu_AgR032_g056_t03	Sollyc_XP_069151673.1	70.0	S	0.0
Blan_XP_066288489.1	Sollyc_XP_069151673.1	70.0	S	0.0
Bxyl_CAG9081658.1	Sollyc_XP_069151673.1	70.0	S	0.0
Bmor_NP_001171912.1	Sollyc_XP_069151673.1	70.0	S	0.0
Apla_XP_022091406.1	Sollyc_XP_069151673.1	70.0	S	0.0
Apla_XP_022081175.1	Sollyc_XP_069151673.1	70.0	S	0.0
Apla_XP_022081177.1	Sollyc_XP_069151673.1	70.0	S	0.0
Asuu_AgR032_g056_t05	Sollyc_XP_069151673.1	70.0	S	0.0
Apla_XP_022081174.1	Sollyc_XP_069151673.1	70.0	S	0.0
Asuu_AgR032_g056_t02	Sollyc_XP_069151673.1	70.0	S	0.0
Blan_XP_066288490.1	Sollyc_XP_069151673.1	70.0	S	0.0
Bmor_XP_012544129.1	Lsat_XP_052621439.1	70.0	S	0.0
Spur_XP_011668891.1	Lsat_XP_052621439.1	70.0	S	0.0
Asuu_AgR032_g056_t03	Lsat_XP_052621439.1	70.0	S	0.0
Blan_XP_066288489.1	Lsat_XP_052621439.1	70.0	S	0.0
Bxyl_CAG9081658.1	Lsat_XP_052621439.1	70.0	S	0.0
Bmor_NP_001171912.1	Lsat_XP_052621439.1	70.0	S	0.0
Apla_XP_022091406.1	Lsat_XP_052621439.1	70.0	S	0.0
Apla_XP_022081175.1	Lsat_XP_052621439.1	70.0	S	0.0
Apla_XP_022081177.1	Lsat_XP_052621439.1	70.0	S	0.0
Asuu_AgR032_g056_t05	Lsat_XP_052621439.1	70.0	S	0.0
Apla_XP_022081174.1	Lsat_XP_052621439.1	70.0	S	0.0
Asuu_AgR032_g056_t02	Lsat_XP_052621439.1	70.0	S	0.0
Blan_XP_066288490.1	Lsat_XP_052621439.1	70.0	S	0.0
Bmor_XP_012544129.1	Osat_XP_066161106.1	70.0	S	0.0
Spur_XP_011668891.1	Osat_XP_066161106.1	70.0	S	0.0
Asuu_AgR032_g056_t03	Osat_XP_066161106.1	70.0	S	0.0
Blan_XP_066288489.1	Osat_XP_066161106.1	70.0	S	0.0
Bxyl_CAG9081658.1	Osat_XP_066161106.1	70.0	S	0.0
Bmor_NP_001171912.1	Osat_XP_066161106.1	70.0	S	0.0
Apla_XP_022091406.1	Osat_XP_066161106.1	70.0	S	0.0
Apla_XP_022081175.1	Osat_XP_066161106.1	70.0	S	0.0
Apla_XP_022081177.1	Osat_XP_066161106.1	70.0	S	0.0
Asuu_AgR032_g056_t05	Osat_XP_066161106.1	70.0	S	0.0
Apla_XP_022081174.1	Osat_XP_066161106.1	70.0	S	0.0
Asuu_AgR032_g056_t02	Osat_XP_066161106.1	70.0	S	0.0
Blan_XP_066288490.1	Osat_XP_066161106.1	70.0	S	0.0
Bmor_XP_012544129.1	Atha_NP_001320337.1	70.0	S	0.0
Spur_XP_011668891.1	Atha_NP_001320337.1	70.0	S	0.0
Asuu_AgR032_g056_t03	Atha_NP_001320337.1	70.0	S	0.0
Blan_XP_066288489.1	Atha_NP_001320337.1	70.0	S	0.0
Bxyl_CAG9081658.1	Atha_NP_001320337.1	70.0	S	0.0
Bmor_NP_001171912.1	Atha_NP_001320337.1	70.0	S	0.0
Apla_XP_022091406.1	Atha_NP_001320337.1	70.0	S	0.0
Apla_XP_022081175.1	Atha_NP_001320337.1	70.0	S	0.0
Apla_XP_022081177.1	Atha_NP_001320337.1	70.0	S	0.0
Asuu_AgR032_g056_t05	Atha_NP_001320337.1	70.0	S	0.0
Apla_XP_022081174.1	Atha_NP_001320337.1	70.0	S	0.0
Asuu_AgR032_g056_t02	Atha_NP_001320337.1	70.0	S	0.0
Blan_XP_066288490.1	Atha_NP_001320337.1	70.0	S	0.0
Bmor_XP_012544129.1	Atri_XP_006843639.2	70.0	S	0.0
Spur_XP_011668891.1	Atri_XP_006843639.2	70.0	S	0.0
Asuu_AgR032_g056_t03	Atri_XP_006843639.2	70.0	S	0.0
Blan_XP_066288489.1	Atri_XP_006843639.2	70.0	S	0.0
Bxyl_CAG9081658.1	Atri_XP_006843639.2	70.0	S	0.0
Bmor_NP_001171912.1	Atri_XP_006843639.2	70.0	S	0.0
Apla_XP_022091406.1	Atri_XP_006843639.2	70.0	S	0.0
Apla_XP_022081175.1	Atri_XP_006843639.2	70.0	S	0.0
Apla_XP_022081177.1	Atri_XP_006843639.2	70.0	S	0.0
Asuu_AgR032_g056_t05	Atri_XP_006843639.2	70.0	S	0.0
Apla_XP_022081174.1	Atri_XP_006843639.2	70.0	S	0.0
Asuu_AgR032_g056_t02	Atri_XP_006843639.2	70.0	S	0.0
Blan_XP_066288490.1	Atri_XP_006843639.2	70.0	S	0.0
Bmor_XP_012544129.1	Atha_NP_001323101.1	70.0	S	0.0
Spur_XP_011668891.1	Atha_NP_001323101.1	70.0	S	0.0
Asuu_AgR032_g056_t03	Atha_NP_001323101.1	70.0	S	0.0
Blan_XP_066288489.1	Atha_NP_001323101.1	70.0	S	0.0
Bxyl_CAG9081658.1	Atha_NP_001323101.1	70.0	S	0.0
Bmor_NP_001171912.1	Atha_NP_001323101.1	70.0	S	0.0
Apla_XP_022091406.1	Atha_NP_001323101.1	70.0	S	0.0
Apla_XP_022081175.1	Atha_NP_001323101.1	70.0	S	0.0
Apla_XP_022081177.1	Atha_NP_001323101.1	70.0	S	0.0
Asuu_AgR032_g056_t05	Atha_NP_001323101.1	70.0	S	0.0
Apla_XP_022081174.1	Atha_NP_001323101.1	70.0	S	0.0
Asuu_AgR032_g056_t02	Atha_NP_001323101.1	70.0	S	0.0
Blan_XP_066288490.1	Atha_NP_001323101.1	70.0	S	0.0
Bmor_XP_012544129.1	Rchi_XP_024174979.1	70.0	S	0.0
Spur_XP_011668891.1	Rchi_XP_024174979.1	70.0	S	0.0
Asuu_AgR032_g056_t03	Rchi_XP_024174979.1	70.0	S	0.0
Blan_XP_066288489.1	Rchi_XP_024174979.1	70.0	S	0.0
Bxyl_CAG9081658.1	Rchi_XP_024174979.1	70.0	S	0.0
Bmor_NP_001171912.1	Rchi_XP_024174979.1	70.0	S	0.0
Apla_XP_022091406.1	Rchi_XP_024174979.1	70.0	S	0.0
Apla_XP_022081175.1	Rchi_XP_024174979.1	70.0	S	0.0
Apla_XP_022081177.1	Rchi_XP_024174979.1	70.0	S	0.0
Asuu_AgR032_g056_t05	Rchi_XP_024174979.1	70.0	S	0.0
Apla_XP_022081174.1	Rchi_XP_024174979.1	70.0	S	0.0
Asuu_AgR032_g056_t02	Rchi_XP_024174979.1	70.0	S	0.0
Blan_XP_066288490.1	Rchi_XP_024174979.1	70.0	S	0.0
Bmor_XP_012544129.1	Ecur_TVU40261.1	70.0	S	0.0
Spur_XP_011668891.1	Ecur_TVU40261.1	70.0	S	0.0
Asuu_AgR032_g056_t03	Ecur_TVU40261.1	70.0	S	0.0
Blan_XP_066288489.1	Ecur_TVU40261.1	70.0	S	0.0
Bxyl_CAG9081658.1	Ecur_TVU40261.1	70.0	S	0.0
Bmor_NP_001171912.1	Ecur_TVU40261.1	70.0	S	0.0
Apla_XP_022091406.1	Ecur_TVU40261.1	70.0	S	0.0
Apla_XP_022081175.1	Ecur_TVU40261.1	70.0	S	0.0
Apla_XP_022081177.1	Ecur_TVU40261.1	70.0	S	0.0
Asuu_AgR032_g056_t05	Ecur_TVU40261.1	70.0	S	0.0
Apla_XP_022081174.1	Ecur_TVU40261.1	70.0	S	0.0
Asuu_AgR032_g056_t02	Ecur_TVU40261.1	70.0	S	0.0
Blan_XP_066288490.1	Ecur_TVU40261.1	70.0	S	0.0
Bmor_XP_012544129.1	Bnap_XP_013708496.2	70.0	S	0.0
Spur_XP_011668891.1	Bnap_XP_013708496.2	70.0	S	0.0
Asuu_AgR032_g056_t03	Bnap_XP_013708496.2	70.0	S	0.0
Blan_XP_066288489.1	Bnap_XP_013708496.2	70.0	S	0.0
Bxyl_CAG9081658.1	Bnap_XP_013708496.2	70.0	S	0.0
Bmor_NP_001171912.1	Bnap_XP_013708496.2	70.0	S	0.0
Apla_XP_022091406.1	Bnap_XP_013708496.2	70.0	S	0.0
Apla_XP_022081175.1	Bnap_XP_013708496.2	70.0	S	0.0
Apla_XP_022081177.1	Bnap_XP_013708496.2	70.0	S	0.0
Asuu_AgR032_g056_t05	Bnap_XP_013708496.2	70.0	S	0.0
Apla_XP_022081174.1	Bnap_XP_013708496.2	70.0	S	0.0
Asuu_AgR032_g056_t02	Bnap_XP_013708496.2	70.0	S	0.0
Blan_XP_066288490.1	Bnap_XP_013708496.2	70.0	S	0.0
Bmor_XP_012544129.1	Atha_NP_001077522.1	70.0	S	0.0
Spur_XP_011668891.1	Atha_NP_001077522.1	70.0	S	0.0
Asuu_AgR032_g056_t03	Atha_NP_001077522.1	70.0	S	0.0
Blan_XP_066288489.1	Atha_NP_001077522.1	70.0	S	0.0
Bxyl_CAG9081658.1	Atha_NP_001077522.1	70.0	S	0.0
Bmor_NP_001171912.1	Atha_NP_001077522.1	70.0	S	0.0
Apla_XP_022091406.1	Atha_NP_001077522.1	70.0	S	0.0
Apla_XP_022081175.1	Atha_NP_001077522.1	70.0	S	0.0
Apla_XP_022081177.1	Atha_NP_001077522.1	70.0	S	0.0
Asuu_AgR032_g056_t05	Atha_NP_001077522.1	70.0	S	0.0
Apla_XP_022081174.1	Atha_NP_001077522.1	70.0	S	0.0
Asuu_AgR032_g056_t02	Atha_NP_001077522.1	70.0	S	0.0
Blan_XP_066288490.1	Atha_NP_001077522.1	70.0	S	0.0
Bmor_XP_012544129.1	Atha_NP_176444.1	70.0	S	0.0
Spur_XP_011668891.1	Atha_NP_176444.1	70.0	S	0.0
Asuu_AgR032_g056_t03	Atha_NP_176444.1	70.0	S	0.0
Blan_XP_066288489.1	Atha_NP_176444.1	70.0	S	0.0
Bxyl_CAG9081658.1	Atha_NP_176444.1	70.0	S	0.0
Bmor_NP_001171912.1	Atha_NP_176444.1	70.0	S	0.0
Apla_XP_022091406.1	Atha_NP_176444.1	70.0	S	0.0
Apla_XP_022081175.1	Atha_NP_176444.1	70.0	S	0.0
Apla_XP_022081177.1	Atha_NP_176444.1	70.0	S	0.0
Asuu_AgR032_g056_t05	Atha_NP_176444.1	70.0	S	0.0
Apla_XP_022081174.1	Atha_NP_176444.1	70.0	S	0.0
Asuu_AgR032_g056_t02	Atha_NP_176444.1	70.0	S	0.0
Blan_XP_066288490.1	Atha_NP_176444.1	70.0	S	0.0
Bmor_XP_012544129.1	Osat_XP_015644839.2	70.0	S	0.0
Spur_XP_011668891.1	Osat_XP_015644839.2	70.0	S	0.0
Asuu_AgR032_g056_t03	Osat_XP_015644839.2	70.0	S	0.0
Blan_XP_066288489.1	Osat_XP_015644839.2	70.0	S	0.0
Bxyl_CAG9081658.1	Osat_XP_015644839.2	70.0	S	0.0
Bmor_NP_001171912.1	Osat_XP_015644839.2	70.0	S	0.0
Apla_XP_022091406.1	Osat_XP_015644839.2	70.0	S	0.0
Apla_XP_022081175.1	Osat_XP_015644839.2	70.0	S	0.0
Apla_XP_022081177.1	Osat_XP_015644839.2	70.0	S	0.0
Asuu_AgR032_g056_t05	Osat_XP_015644839.2	70.0	S	0.0
Apla_XP_022081174.1	Osat_XP_015644839.2	70.0	S	0.0
Asuu_AgR032_g056_t02	Osat_XP_015644839.2	70.0	S	0.0
Blan_XP_066288490.1	Osat_XP_015644839.2	70.0	S	0.0
Bmor_XP_012544129.1	Sollyc_XP_069151675.1	70.0	S	0.0
Spur_XP_011668891.1	Sollyc_XP_069151675.1	70.0	S	0.0
Asuu_AgR032_g056_t03	Sollyc_XP_069151675.1	70.0	S	0.0
Blan_XP_066288489.1	Sollyc_XP_069151675.1	70.0	S	0.0
Bxyl_CAG9081658.1	Sollyc_XP_069151675.1	70.0	S	0.0
Bmor_NP_001171912.1	Sollyc_XP_069151675.1	70.0	S	0.0
Apla_XP_022091406.1	Sollyc_XP_069151675.1	70.0	S	0.0
Apla_XP_022081175.1	Sollyc_XP_069151675.1	70.0	S	0.0
Apla_XP_022081177.1	Sollyc_XP_069151675.1	70.0	S	0.0
Asuu_AgR032_g056_t05	Sollyc_XP_069151675.1	70.0	S	0.0
Apla_XP_022081174.1	Sollyc_XP_069151675.1	70.0	S	0.0
Asuu_AgR032_g056_t02	Sollyc_XP_069151675.1	70.0	S	0.0
Blan_XP_066288490.1	Sollyc_XP_069151675.1	70.0	S	0.0
Bmor_XP_012544129.1	Sollyc_XP_069151676.1	70.0	S	0.0
Spur_XP_011668891.1	Sollyc_XP_069151676.1	70.0	S	0.0
Asuu_AgR032_g056_t03	Sollyc_XP_069151676.1	70.0	S	0.0
Blan_XP_066288489.1	Sollyc_XP_069151676.1	70.0	S	0.0
Bxyl_CAG9081658.1	Sollyc_XP_069151676.1	70.0	S	0.0
Bmor_NP_001171912.1	Sollyc_XP_069151676.1	70.0	S	0.0
Apla_XP_022091406.1	Sollyc_XP_069151676.1	70.0	S	0.0
Apla_XP_022081175.1	Sollyc_XP_069151676.1	70.0	S	0.0
Apla_XP_022081177.1	Sollyc_XP_069151676.1	70.0	S	0.0
Asuu_AgR032_g056_t05	Sollyc_XP_069151676.1	70.0	S	0.0
Apla_XP_022081174.1	Sollyc_XP_069151676.1	70.0	S	0.0
Asuu_AgR032_g056_t02	Sollyc_XP_069151676.1	70.0	S	0.0
Blan_XP_066288490.1	Sollyc_XP_069151676.1	70.0	S	0.0
Bmor_XP_012544129.1	Lsat_XP_023745386.1	70.0	S	0.0
Spur_XP_011668891.1	Lsat_XP_023745386.1	70.0	S	0.0
Asuu_AgR032_g056_t03	Lsat_XP_023745386.1	70.0	S	0.0
Blan_XP_066288489.1	Lsat_XP_023745386.1	70.0	S	0.0
Bxyl_CAG9081658.1	Lsat_XP_023745386.1	70.0	S	0.0
Bmor_NP_001171912.1	Lsat_XP_023745386.1	70.0	S	0.0
Apla_XP_022091406.1	Lsat_XP_023745386.1	70.0	S	0.0
Apla_XP_022081175.1	Lsat_XP_023745386.1	70.0	S	0.0
Apla_XP_022081177.1	Lsat_XP_023745386.1	70.0	S	0.0
Asuu_AgR032_g056_t05	Lsat_XP_023745386.1	70.0	S	0.0
Apla_XP_022081174.1	Lsat_XP_023745386.1	70.0	S	0.0
Asuu_AgR032_g056_t02	Lsat_XP_023745386.1	70.0	S	0.0
Blan_XP_066288490.1	Lsat_XP_023745386.1	70.0	S	0.0
Bmor_XP_012544129.1	Sollyc_XP_069151678.1	70.0	S	0.0
Spur_XP_011668891.1	Sollyc_XP_069151678.1	70.0	S	0.0
Asuu_AgR032_g056_t03	Sollyc_XP_069151678.1	70.0	S	0.0
Blan_XP_066288489.1	Sollyc_XP_069151678.1	70.0	S	0.0
Bxyl_CAG9081658.1	Sollyc_XP_069151678.1	70.0	S	0.0
Bmor_NP_001171912.1	Sollyc_XP_069151678.1	70.0	S	0.0
Apla_XP_022091406.1	Sollyc_XP_069151678.1	70.0	S	0.0
Apla_XP_022081175.1	Sollyc_XP_069151678.1	70.0	S	0.0
Apla_XP_022081177.1	Sollyc_XP_069151678.1	70.0	S	0.0
Asuu_AgR032_g056_t05	Sollyc_XP_069151678.1	70.0	S	0.0
Apla_XP_022081174.1	Sollyc_XP_069151678.1	70.0	S	0.0
Asuu_AgR032_g056_t02	Sollyc_XP_069151678.1	70.0	S	0.0
Blan_XP_066288490.1	Sollyc_XP_069151678.1	70.0	S	0.0
Bmor_XP_012544129.1	Atha_NP_001320895.1	70.0	S	0.0
Spur_XP_011668891.1	Atha_NP_001320895.1	70.0	S	0.0
Asuu_AgR032_g056_t03	Atha_NP_001320895.1	70.0	S	0.0
Blan_XP_066288489.1	Atha_NP_001320895.1	70.0	S	0.0
Bxyl_CAG9081658.1	Atha_NP_001320895.1	70.0	S	0.0
Bmor_NP_001171912.1	Atha_NP_001320895.1	70.0	S	0.0
Apla_XP_022091406.1	Atha_NP_001320895.1	70.0	S	0.0
Apla_XP_022081175.1	Atha_NP_001320895.1	70.0	S	0.0
Apla_XP_022081177.1	Atha_NP_001320895.1	70.0	S	0.0
Asuu_AgR032_g056_t05	Atha_NP_001320895.1	70.0	S	0.0
Apla_XP_022081174.1	Atha_NP_001320895.1	70.0	S	0.0
Asuu_AgR032_g056_t02	Atha_NP_001320895.1	70.0	S	0.0
Blan_XP_066288490.1	Atha_NP_001320895.1	70.0	S	0.0
Bmor_XP_012544129.1	Osat_XP_015645433.1	70.0	S	0.0
Spur_XP_011668891.1	Osat_XP_015645433.1	70.0	S	0.0
Asuu_AgR032_g056_t03	Osat_XP_015645433.1	70.0	S	0.0
Blan_XP_066288489.1	Osat_XP_015645433.1	70.0	S	0.0
Bxyl_CAG9081658.1	Osat_XP_015645433.1	70.0	S	0.0
Bmor_NP_001171912.1	Osat_XP_015645433.1	70.0	S	0.0
Apla_XP_022091406.1	Osat_XP_015645433.1	70.0	S	0.0
Apla_XP_022081175.1	Osat_XP_015645433.1	70.0	S	0.0
Apla_XP_022081177.1	Osat_XP_015645433.1	70.0	S	0.0
Asuu_AgR032_g056_t05	Osat_XP_015645433.1	70.0	S	0.0
Apla_XP_022081174.1	Osat_XP_015645433.1	70.0	S	0.0
Asuu_AgR032_g056_t02	Osat_XP_015645433.1	70.0	S	0.0
Blan_XP_066288490.1	Osat_XP_015645433.1	70.0	S	0.0
Bmor_XP_012544129.1	Tura_XP_048573688.1	70.0	S	0.0
Spur_XP_011668891.1	Tura_XP_048573688.1	70.0	S	0.0
Asuu_AgR032_g056_t03	Tura_XP_048573688.1	70.0	S	0.0
Blan_XP_066288489.1	Tura_XP_048573688.1	70.0	S	0.0
Bxyl_CAG9081658.1	Tura_XP_048573688.1	70.0	S	0.0
Bmor_NP_001171912.1	Tura_XP_048573688.1	70.0	S	0.0
Apla_XP_022091406.1	Tura_XP_048573688.1	70.0	S	0.0
Apla_XP_022081175.1	Tura_XP_048573688.1	70.0	S	0.0
Apla_XP_022081177.1	Tura_XP_048573688.1	70.0	S	0.0
Asuu_AgR032_g056_t05	Tura_XP_048573688.1	70.0	S	0.0
Apla_XP_022081174.1	Tura_XP_048573688.1	70.0	S	0.0
Asuu_AgR032_g056_t02	Tura_XP_048573688.1	70.0	S	0.0
Blan_XP_066288490.1	Tura_XP_048573688.1	70.0	S	0.0
Bmor_XP_012544129.1	Ecur_TVU13139.1	70.0	S	0.0
Spur_XP_011668891.1	Ecur_TVU13139.1	70.0	S	0.0
Asuu_AgR032_g056_t03	Ecur_TVU13139.1	70.0	S	0.0
Blan_XP_066288489.1	Ecur_TVU13139.1	70.0	S	0.0
Bxyl_CAG9081658.1	Ecur_TVU13139.1	70.0	S	0.0
Bmor_NP_001171912.1	Ecur_TVU13139.1	70.0	S	0.0
Apla_XP_022091406.1	Ecur_TVU13139.1	70.0	S	0.0
Apla_XP_022081175.1	Ecur_TVU13139.1	70.0	S	0.0
Apla_XP_022081177.1	Ecur_TVU13139.1	70.0	S	0.0
Asuu_AgR032_g056_t05	Ecur_TVU13139.1	70.0	S	0.0
Apla_XP_022081174.1	Ecur_TVU13139.1	70.0	S	0.0
Asuu_AgR032_g056_t02	Ecur_TVU13139.1	70.0	S	0.0
Blan_XP_066288490.1	Ecur_TVU13139.1	70.0	S	0.0
Bmor_XP_012544129.1	Zmay_XP_008666304.1	70.0	S	0.0
Spur_XP_011668891.1	Zmay_XP_008666304.1	70.0	S	0.0
Asuu_AgR032_g056_t03	Zmay_XP_008666304.1	70.0	S	0.0
Blan_XP_066288489.1	Zmay_XP_008666304.1	70.0	S	0.0
Bxyl_CAG9081658.1	Zmay_XP_008666304.1	70.0	S	0.0
Bmor_NP_001171912.1	Zmay_XP_008666304.1	70.0	S	0.0
Apla_XP_022091406.1	Zmay_XP_008666304.1	70.0	S	0.0
Apla_XP_022081175.1	Zmay_XP_008666304.1	70.0	S	0.0
Apla_XP_022081177.1	Zmay_XP_008666304.1	70.0	S	0.0
Asuu_AgR032_g056_t05	Zmay_XP_008666304.1	70.0	S	0.0
Apla_XP_022081174.1	Zmay_XP_008666304.1	70.0	S	0.0
Asuu_AgR032_g056_t02	Zmay_XP_008666304.1	70.0	S	0.0
Blan_XP_066288490.1	Zmay_XP_008666304.1	70.0	S	0.0
Bmor_XP_012544129.1	Mesc_XP_043806123.1	70.0	S	0.0
Spur_XP_011668891.1	Mesc_XP_043806123.1	70.0	S	0.0
Asuu_AgR032_g056_t03	Mesc_XP_043806123.1	70.0	S	0.0
Blan_XP_066288489.1	Mesc_XP_043806123.1	70.0	S	0.0
Bxyl_CAG9081658.1	Mesc_XP_043806123.1	70.0	S	0.0
Bmor_NP_001171912.1	Mesc_XP_043806123.1	70.0	S	0.0
Apla_XP_022091406.1	Mesc_XP_043806123.1	70.0	S	0.0
Apla_XP_022081175.1	Mesc_XP_043806123.1	70.0	S	0.0
Apla_XP_022081177.1	Mesc_XP_043806123.1	70.0	S	0.0
Asuu_AgR032_g056_t05	Mesc_XP_043806123.1	70.0	S	0.0
Apla_XP_022081174.1	Mesc_XP_043806123.1	70.0	S	0.0
Asuu_AgR032_g056_t02	Mesc_XP_043806123.1	70.0	S	0.0
Blan_XP_066288490.1	Mesc_XP_043806123.1	70.0	S	0.0
Bmor_XP_012544129.1	Mesc_XP_043810293.1	70.0	S	0.0
Spur_XP_011668891.1	Mesc_XP_043810293.1	70.0	S	0.0
Asuu_AgR032_g056_t03	Mesc_XP_043810293.1	70.0	S	0.0
Blan_XP_066288489.1	Mesc_XP_043810293.1	70.0	S	0.0
Bxyl_CAG9081658.1	Mesc_XP_043810293.1	70.0	S	0.0
Bmor_NP_001171912.1	Mesc_XP_043810293.1	70.0	S	0.0
Apla_XP_022091406.1	Mesc_XP_043810293.1	70.0	S	0.0
Apla_XP_022081175.1	Mesc_XP_043810293.1	70.0	S	0.0
Apla_XP_022081177.1	Mesc_XP_043810293.1	70.0	S	0.0
Asuu_AgR032_g056_t05	Mesc_XP_043810293.1	70.0	S	0.0
Apla_XP_022081174.1	Mesc_XP_043810293.1	70.0	S	0.0
Asuu_AgR032_g056_t02	Mesc_XP_043810293.1	70.0	S	0.0
Blan_XP_066288490.1	Mesc_XP_043810293.1	70.0	S	0.0
Bmor_XP_012544129.1	Zmay_XP_035820392.1	70.0	S	0.0
Spur_XP_011668891.1	Zmay_XP_035820392.1	70.0	S	0.0
Asuu_AgR032_g056_t03	Zmay_XP_035820392.1	70.0	S	0.0
Blan_XP_066288489.1	Zmay_XP_035820392.1	70.0	S	0.0
Bxyl_CAG9081658.1	Zmay_XP_035820392.1	70.0	S	0.0
Bmor_NP_001171912.1	Zmay_XP_035820392.1	70.0	S	0.0
Apla_XP_022091406.1	Zmay_XP_035820392.1	70.0	S	0.0
Apla_XP_022081175.1	Zmay_XP_035820392.1	70.0	S	0.0
Apla_XP_022081177.1	Zmay_XP_035820392.1	70.0	S	0.0
Asuu_AgR032_g056_t05	Zmay_XP_035820392.1	70.0	S	0.0
Apla_XP_022081174.1	Zmay_XP_035820392.1	70.0	S	0.0
Asuu_AgR032_g056_t02	Zmay_XP_035820392.1	70.0	S	0.0
Blan_XP_066288490.1	Zmay_XP_035820392.1	70.0	S	0.0
Bmor_XP_012544129.1	Sollyc_XP_069154261.1	70.0	S	0.0
Spur_XP_011668891.1	Sollyc_XP_069154261.1	70.0	S	0.0
Asuu_AgR032_g056_t03	Sollyc_XP_069154261.1	70.0	S	0.0
Blan_XP_066288489.1	Sollyc_XP_069154261.1	70.0	S	0.0
Bxyl_CAG9081658.1	Sollyc_XP_069154261.1	70.0	S	0.0
Bmor_NP_001171912.1	Sollyc_XP_069154261.1	70.0	S	0.0
Apla_XP_022091406.1	Sollyc_XP_069154261.1	70.0	S	0.0
Apla_XP_022081175.1	Sollyc_XP_069154261.1	70.0	S	0.0
Apla_XP_022081177.1	Sollyc_XP_069154261.1	70.0	S	0.0
Asuu_AgR032_g056_t05	Sollyc_XP_069154261.1	70.0	S	0.0
Apla_XP_022081174.1	Sollyc_XP_069154261.1	70.0	S	0.0
Asuu_AgR032_g056_t02	Sollyc_XP_069154261.1	70.0	S	0.0
Blan_XP_066288490.1	Sollyc_XP_069154261.1	70.0	S	0.0
Bmor_XP_012544129.1	Smoe_XP_002975734.1	70.0	S	0.0
Spur_XP_011668891.1	Smoe_XP_002975734.1	70.0	S	0.0
Asuu_AgR032_g056_t03	Smoe_XP_002975734.1	70.0	S	0.0
Blan_XP_066288489.1	Smoe_XP_002975734.1	70.0	S	0.0
Bxyl_CAG9081658.1	Smoe_XP_002975734.1	70.0	S	0.0
Bmor_NP_001171912.1	Smoe_XP_002975734.1	70.0	S	0.0
Apla_XP_022091406.1	Smoe_XP_002975734.1	70.0	S	0.0
Apla_XP_022081175.1	Smoe_XP_002975734.1	70.0	S	0.0
Apla_XP_022081177.1	Smoe_XP_002975734.1	70.0	S	0.0
Asuu_AgR032_g056_t05	Smoe_XP_002975734.1	70.0	S	0.0
Apla_XP_022081174.1	Smoe_XP_002975734.1	70.0	S	0.0
Asuu_AgR032_g056_t02	Smoe_XP_002975734.1	70.0	S	0.0
Blan_XP_066288490.1	Smoe_XP_002975734.1	70.0	S	0.0
Bmor_XP_012544129.1	Zmay_NP_001351852.1	70.0	S	0.0
Spur_XP_011668891.1	Zmay_NP_001351852.1	70.0	S	0.0
Asuu_AgR032_g056_t03	Zmay_NP_001351852.1	70.0	S	0.0
Blan_XP_066288489.1	Zmay_NP_001351852.1	70.0	S	0.0
Bxyl_CAG9081658.1	Zmay_NP_001351852.1	70.0	S	0.0
Bmor_NP_001171912.1	Zmay_NP_001351852.1	70.0	S	0.0
Apla_XP_022091406.1	Zmay_NP_001351852.1	70.0	S	0.0
Apla_XP_022081175.1	Zmay_NP_001351852.1	70.0	S	0.0
Apla_XP_022081177.1	Zmay_NP_001351852.1	70.0	S	0.0
Asuu_AgR032_g056_t05	Zmay_NP_001351852.1	70.0	S	0.0
Apla_XP_022081174.1	Zmay_NP_001351852.1	70.0	S	0.0
Asuu_AgR032_g056_t02	Zmay_NP_001351852.1	70.0	S	0.0
Blan_XP_066288490.1	Zmay_NP_001351852.1	70.0	S	0.0
Bmor_XP_012544129.1	Qlob_XP_030945347.1	70.0	S	0.0
Spur_XP_011668891.1	Qlob_XP_030945347.1	70.0	S	0.0
Asuu_AgR032_g056_t03	Qlob_XP_030945347.1	70.0	S	0.0
Blan_XP_066288489.1	Qlob_XP_030945347.1	70.0	S	0.0
Bxyl_CAG9081658.1	Qlob_XP_030945347.1	70.0	S	0.0
Bmor_NP_001171912.1	Qlob_XP_030945347.1	70.0	S	0.0
Apla_XP_022091406.1	Qlob_XP_030945347.1	70.0	S	0.0
Apla_XP_022081175.1	Qlob_XP_030945347.1	70.0	S	0.0
Apla_XP_022081177.1	Qlob_XP_030945347.1	70.0	S	0.0
Asuu_AgR032_g056_t05	Qlob_XP_030945347.1	70.0	S	0.0
Apla_XP_022081174.1	Qlob_XP_030945347.1	70.0	S	0.0
Asuu_AgR032_g056_t02	Qlob_XP_030945347.1	70.0	S	0.0
Blan_XP_066288490.1	Qlob_XP_030945347.1	70.0	S	0.0
Bmor_XP_012544129.1	Zmay_XP_023156398.1	70.0	S	0.0
Spur_XP_011668891.1	Zmay_XP_023156398.1	70.0	S	0.0
Asuu_AgR032_g056_t03	Zmay_XP_023156398.1	70.0	S	0.0
Blan_XP_066288489.1	Zmay_XP_023156398.1	70.0	S	0.0
Bxyl_CAG9081658.1	Zmay_XP_023156398.1	70.0	S	0.0
Bmor_NP_001171912.1	Zmay_XP_023156398.1	70.0	S	0.0
Apla_XP_022091406.1	Zmay_XP_023156398.1	70.0	S	0.0
Apla_XP_022081175.1	Zmay_XP_023156398.1	70.0	S	0.0
Apla_XP_022081177.1	Zmay_XP_023156398.1	70.0	S	0.0
Asuu_AgR032_g056_t05	Zmay_XP_023156398.1	70.0	S	0.0
Apla_XP_022081174.1	Zmay_XP_023156398.1	70.0	S	0.0
Asuu_AgR032_g056_t02	Zmay_XP_023156398.1	70.0	S	0.0
Blan_XP_066288490.1	Zmay_XP_023156398.1	70.0	S	0.0
Bmor_XP_012544129.1	Bdis_XP_003581020.2	70.0	S	0.0
Spur_XP_011668891.1	Bdis_XP_003581020.2	70.0	S	0.0
Asuu_AgR032_g056_t03	Bdis_XP_003581020.2	70.0	S	0.0
Blan_XP_066288489.1	Bdis_XP_003581020.2	70.0	S	0.0
Bxyl_CAG9081658.1	Bdis_XP_003581020.2	70.0	S	0.0
Bmor_NP_001171912.1	Bdis_XP_003581020.2	70.0	S	0.0
Apla_XP_022091406.1	Bdis_XP_003581020.2	70.0	S	0.0
Apla_XP_022081175.1	Bdis_XP_003581020.2	70.0	S	0.0
Apla_XP_022081177.1	Bdis_XP_003581020.2	70.0	S	0.0
Asuu_AgR032_g056_t05	Bdis_XP_003581020.2	70.0	S	0.0
Apla_XP_022081174.1	Bdis_XP_003581020.2	70.0	S	0.0
Asuu_AgR032_g056_t02	Bdis_XP_003581020.2	70.0	S	0.0
Blan_XP_066288490.1	Bdis_XP_003581020.2	70.0	S	0.0
Bmor_XP_012544129.1	Sollyc_XP_004242007.1	70.0	S	0.0
Spur_XP_011668891.1	Sollyc_XP_004242007.1	70.0	S	0.0
Asuu_AgR032_g056_t03	Sollyc_XP_004242007.1	70.0	S	0.0
Blan_XP_066288489.1	Sollyc_XP_004242007.1	70.0	S	0.0
Bxyl_CAG9081658.1	Sollyc_XP_004242007.1	70.0	S	0.0
Bmor_NP_001171912.1	Sollyc_XP_004242007.1	70.0	S	0.0
Apla_XP_022091406.1	Sollyc_XP_004242007.1	70.0	S	0.0
Apla_XP_022081175.1	Sollyc_XP_004242007.1	70.0	S	0.0
Apla_XP_022081177.1	Sollyc_XP_004242007.1	70.0	S	0.0
Asuu_AgR032_g056_t05	Sollyc_XP_004242007.1	70.0	S	0.0
Apla_XP_022081174.1	Sollyc_XP_004242007.1	70.0	S	0.0
Asuu_AgR032_g056_t02	Sollyc_XP_004242007.1	70.0	S	0.0
Blan_XP_066288490.1	Sollyc_XP_004242007.1	70.0	S	0.0
Bmor_XP_012544129.1	Atha_NP_172684.1	70.0	S	0.0
Spur_XP_011668891.1	Atha_NP_172684.1	70.0	S	0.0
Asuu_AgR032_g056_t03	Atha_NP_172684.1	70.0	S	0.0
Blan_XP_066288489.1	Atha_NP_172684.1	70.0	S	0.0
Bxyl_CAG9081658.1	Atha_NP_172684.1	70.0	S	0.0
Bmor_NP_001171912.1	Atha_NP_172684.1	70.0	S	0.0
Apla_XP_022091406.1	Atha_NP_172684.1	70.0	S	0.0
Apla_XP_022081175.1	Atha_NP_172684.1	70.0	S	0.0
Apla_XP_022081177.1	Atha_NP_172684.1	70.0	S	0.0
Asuu_AgR032_g056_t05	Atha_NP_172684.1	70.0	S	0.0
Apla_XP_022081174.1	Atha_NP_172684.1	70.0	S	0.0
Asuu_AgR032_g056_t02	Atha_NP_172684.1	70.0	S	0.0
Blan_XP_066288490.1	Atha_NP_172684.1	70.0	S	0.0
Bmor_XP_012544129.1	Ecur_TVU40270.1	70.0	S	0.0
Spur_XP_011668891.1	Ecur_TVU40270.1	70.0	S	0.0
Asuu_AgR032_g056_t03	Ecur_TVU40270.1	70.0	S	0.0
Blan_XP_066288489.1	Ecur_TVU40270.1	70.0	S	0.0
Bxyl_CAG9081658.1	Ecur_TVU40270.1	70.0	S	0.0
Bmor_NP_001171912.1	Ecur_TVU40270.1	70.0	S	0.0
Apla_XP_022091406.1	Ecur_TVU40270.1	70.0	S	0.0
Apla_XP_022081175.1	Ecur_TVU40270.1	70.0	S	0.0
Apla_XP_022081177.1	Ecur_TVU40270.1	70.0	S	0.0
Asuu_AgR032_g056_t05	Ecur_TVU40270.1	70.0	S	0.0
Apla_XP_022081174.1	Ecur_TVU40270.1	70.0	S	0.0
Asuu_AgR032_g056_t02	Ecur_TVU40270.1	70.0	S	0.0
Blan_XP_066288490.1	Ecur_TVU40270.1	70.0	S	0.0
Bmor_XP_012544129.1	Osat_XP_066161107.1	70.0	S	0.0
Spur_XP_011668891.1	Osat_XP_066161107.1	70.0	S	0.0
Asuu_AgR032_g056_t03	Osat_XP_066161107.1	70.0	S	0.0
Blan_XP_066288489.1	Osat_XP_066161107.1	70.0	S	0.0
Bxyl_CAG9081658.1	Osat_XP_066161107.1	70.0	S	0.0
Bmor_NP_001171912.1	Osat_XP_066161107.1	70.0	S	0.0
Apla_XP_022091406.1	Osat_XP_066161107.1	70.0	S	0.0
Apla_XP_022081175.1	Osat_XP_066161107.1	70.0	S	0.0
Apla_XP_022081177.1	Osat_XP_066161107.1	70.0	S	0.0
Asuu_AgR032_g056_t05	Osat_XP_066161107.1	70.0	S	0.0
Apla_XP_022081174.1	Osat_XP_066161107.1	70.0	S	0.0
Asuu_AgR032_g056_t02	Osat_XP_066161107.1	70.0	S	0.0
Blan_XP_066288490.1	Osat_XP_066161107.1	70.0	S	0.0
Bmor_XP_012544129.1	Qlob_XP_030948503.1	70.0	S	0.0
Spur_XP_011668891.1	Qlob_XP_030948503.1	70.0	S	0.0
Asuu_AgR032_g056_t03	Qlob_XP_030948503.1	70.0	S	0.0
Blan_XP_066288489.1	Qlob_XP_030948503.1	70.0	S	0.0
Bxyl_CAG9081658.1	Qlob_XP_030948503.1	70.0	S	0.0
Bmor_NP_001171912.1	Qlob_XP_030948503.1	70.0	S	0.0
Apla_XP_022091406.1	Qlob_XP_030948503.1	70.0	S	0.0
Apla_XP_022081175.1	Qlob_XP_030948503.1	70.0	S	0.0
Apla_XP_022081177.1	Qlob_XP_030948503.1	70.0	S	0.0
Asuu_AgR032_g056_t05	Qlob_XP_030948503.1	70.0	S	0.0
Apla_XP_022081174.1	Qlob_XP_030948503.1	70.0	S	0.0
Asuu_AgR032_g056_t02	Qlob_XP_030948503.1	70.0	S	0.0
Blan_XP_066288490.1	Qlob_XP_030948503.1	70.0	S	0.0
Bmor_XP_012544129.1	Bnap_XP_048626011.1	70.0	S	0.0
Spur_XP_011668891.1	Bnap_XP_048626011.1	70.0	S	0.0
Asuu_AgR032_g056_t03	Bnap_XP_048626011.1	70.0	S	0.0
Blan_XP_066288489.1	Bnap_XP_048626011.1	70.0	S	0.0
Bxyl_CAG9081658.1	Bnap_XP_048626011.1	70.0	S	0.0
Bmor_NP_001171912.1	Bnap_XP_048626011.1	70.0	S	0.0
Apla_XP_022091406.1	Bnap_XP_048626011.1	70.0	S	0.0
Apla_XP_022081175.1	Bnap_XP_048626011.1	70.0	S	0.0
Apla_XP_022081177.1	Bnap_XP_048626011.1	70.0	S	0.0
Asuu_AgR032_g056_t05	Bnap_XP_048626011.1	70.0	S	0.0
Apla_XP_022081174.1	Bnap_XP_048626011.1	70.0	S	0.0
Asuu_AgR032_g056_t02	Bnap_XP_048626011.1	70.0	S	0.0
Blan_XP_066288490.1	Bnap_XP_048626011.1	70.0	S	0.0
Bmor_XP_012544129.1	Osat_XP_066161105.1	70.0	S	0.0
Spur_XP_011668891.1	Osat_XP_066161105.1	70.0	S	0.0
Asuu_AgR032_g056_t03	Osat_XP_066161105.1	70.0	S	0.0
Blan_XP_066288489.1	Osat_XP_066161105.1	70.0	S	0.0
Bxyl_CAG9081658.1	Osat_XP_066161105.1	70.0	S	0.0
Bmor_NP_001171912.1	Osat_XP_066161105.1	70.0	S	0.0
Apla_XP_022091406.1	Osat_XP_066161105.1	70.0	S	0.0
Apla_XP_022081175.1	Osat_XP_066161105.1	70.0	S	0.0
Apla_XP_022081177.1	Osat_XP_066161105.1	70.0	S	0.0
Asuu_AgR032_g056_t05	Osat_XP_066161105.1	70.0	S	0.0
Apla_XP_022081174.1	Osat_XP_066161105.1	70.0	S	0.0
Asuu_AgR032_g056_t02	Osat_XP_066161105.1	70.0	S	0.0
Blan_XP_066288490.1	Osat_XP_066161105.1	70.0	S	0.0
Bmor_XP_012544129.1	Ecur_TVU13135.1	70.0	S	0.0
Spur_XP_011668891.1	Ecur_TVU13135.1	70.0	S	0.0
Asuu_AgR032_g056_t03	Ecur_TVU13135.1	70.0	S	0.0
Blan_XP_066288489.1	Ecur_TVU13135.1	70.0	S	0.0
Bxyl_CAG9081658.1	Ecur_TVU13135.1	70.0	S	0.0
Bmor_NP_001171912.1	Ecur_TVU13135.1	70.0	S	0.0
Apla_XP_022091406.1	Ecur_TVU13135.1	70.0	S	0.0
Apla_XP_022081175.1	Ecur_TVU13135.1	70.0	S	0.0
Apla_XP_022081177.1	Ecur_TVU13135.1	70.0	S	0.0
Asuu_AgR032_g056_t05	Ecur_TVU13135.1	70.0	S	0.0
Apla_XP_022081174.1	Ecur_TVU13135.1	70.0	S	0.0
Asuu_AgR032_g056_t02	Ecur_TVU13135.1	70.0	S	0.0
Blan_XP_066288490.1	Ecur_TVU13135.1	70.0	S	0.0
Bmor_XP_012544129.1	Sollyc_XP_069151683.1	70.0	S	0.0
Spur_XP_011668891.1	Sollyc_XP_069151683.1	70.0	S	0.0
Asuu_AgR032_g056_t03	Sollyc_XP_069151683.1	70.0	S	0.0
Blan_XP_066288489.1	Sollyc_XP_069151683.1	70.0	S	0.0
Bxyl_CAG9081658.1	Sollyc_XP_069151683.1	70.0	S	0.0
Bmor_NP_001171912.1	Sollyc_XP_069151683.1	70.0	S	0.0
Apla_XP_022091406.1	Sollyc_XP_069151683.1	70.0	S	0.0
Apla_XP_022081175.1	Sollyc_XP_069151683.1	70.0	S	0.0
Apla_XP_022081177.1	Sollyc_XP_069151683.1	70.0	S	0.0
Asuu_AgR032_g056_t05	Sollyc_XP_069151683.1	70.0	S	0.0
Apla_XP_022081174.1	Sollyc_XP_069151683.1	70.0	S	0.0
Asuu_AgR032_g056_t02	Sollyc_XP_069151683.1	70.0	S	0.0
Blan_XP_066288490.1	Sollyc_XP_069151683.1	70.0	S	0.0
Bmor_XP_012544129.1	Osat_XP_015624769.1	70.0	S	0.0
Spur_XP_011668891.1	Osat_XP_015624769.1	70.0	S	0.0
Asuu_AgR032_g056_t03	Osat_XP_015624769.1	70.0	S	0.0
Blan_XP_066288489.1	Osat_XP_015624769.1	70.0	S	0.0
Bxyl_CAG9081658.1	Osat_XP_015624769.1	70.0	S	0.0
Bmor_NP_001171912.1	Osat_XP_015624769.1	70.0	S	0.0
Apla_XP_022091406.1	Osat_XP_015624769.1	70.0	S	0.0
Apla_XP_022081175.1	Osat_XP_015624769.1	70.0	S	0.0
Apla_XP_022081177.1	Osat_XP_015624769.1	70.0	S	0.0
Asuu_AgR032_g056_t05	Osat_XP_015624769.1	70.0	S	0.0
Apla_XP_022081174.1	Osat_XP_015624769.1	70.0	S	0.0
Asuu_AgR032_g056_t02	Osat_XP_015624769.1	70.0	S	0.0
Blan_XP_066288490.1	Osat_XP_015624769.1	70.0	S	0.0
Bmor_XP_012544129.1	Zmay_NP_001352651.1	70.0	S	0.0
Spur_XP_011668891.1	Zmay_NP_001352651.1	70.0	S	0.0
Asuu_AgR032_g056_t03	Zmay_NP_001352651.1	70.0	S	0.0
Blan_XP_066288489.1	Zmay_NP_001352651.1	70.0	S	0.0
Bxyl_CAG9081658.1	Zmay_NP_001352651.1	70.0	S	0.0
Bmor_NP_001171912.1	Zmay_NP_001352651.1	70.0	S	0.0
Apla_XP_022091406.1	Zmay_NP_001352651.1	70.0	S	0.0
Apla_XP_022081175.1	Zmay_NP_001352651.1	70.0	S	0.0
Apla_XP_022081177.1	Zmay_NP_001352651.1	70.0	S	0.0
Asuu_AgR032_g056_t05	Zmay_NP_001352651.1	70.0	S	0.0
Apla_XP_022081174.1	Zmay_NP_001352651.1	70.0	S	0.0
Asuu_AgR032_g056_t02	Zmay_NP_001352651.1	70.0	S	0.0
Blan_XP_066288490.1	Zmay_NP_001352651.1	70.0	S	0.0
Bmor_XP_012544129.1	Atri_XP_006848729.2	70.0	S	0.0
Spur_XP_011668891.1	Atri_XP_006848729.2	70.0	S	0.0
Asuu_AgR032_g056_t03	Atri_XP_006848729.2	70.0	S	0.0
Blan_XP_066288489.1	Atri_XP_006848729.2	70.0	S	0.0
Bxyl_CAG9081658.1	Atri_XP_006848729.2	70.0	S	0.0
Bmor_NP_001171912.1	Atri_XP_006848729.2	70.0	S	0.0
Apla_XP_022091406.1	Atri_XP_006848729.2	70.0	S	0.0
Apla_XP_022081175.1	Atri_XP_006848729.2	70.0	S	0.0
Apla_XP_022081177.1	Atri_XP_006848729.2	70.0	S	0.0
Asuu_AgR032_g056_t05	Atri_XP_006848729.2	70.0	S	0.0
Apla_XP_022081174.1	Atri_XP_006848729.2	70.0	S	0.0
Asuu_AgR032_g056_t02	Atri_XP_006848729.2	70.0	S	0.0
Blan_XP_066288490.1	Atri_XP_006848729.2	70.0	S	0.0
Bmor_XP_012544129.1	Atha_NP_172678.3	70.0	S	0.0
Spur_XP_011668891.1	Atha_NP_172678.3	70.0	S	0.0
Asuu_AgR032_g056_t03	Atha_NP_172678.3	70.0	S	0.0
Blan_XP_066288489.1	Atha_NP_172678.3	70.0	S	0.0
Bxyl_CAG9081658.1	Atha_NP_172678.3	70.0	S	0.0
Bmor_NP_001171912.1	Atha_NP_172678.3	70.0	S	0.0
Apla_XP_022091406.1	Atha_NP_172678.3	70.0	S	0.0
Apla_XP_022081175.1	Atha_NP_172678.3	70.0	S	0.0
Apla_XP_022081177.1	Atha_NP_172678.3	70.0	S	0.0
Asuu_AgR032_g056_t05	Atha_NP_172678.3	70.0	S	0.0
Apla_XP_022081174.1	Atha_NP_172678.3	70.0	S	0.0
Asuu_AgR032_g056_t02	Atha_NP_172678.3	70.0	S	0.0
Blan_XP_066288490.1	Atha_NP_172678.3	70.0	S	0.0
Bmor_XP_012544129.1	Smoe_XP_002973683.1	70.0	S	0.0
Spur_XP_011668891.1	Smoe_XP_002973683.1	70.0	S	0.0
Asuu_AgR032_g056_t03	Smoe_XP_002973683.1	70.0	S	0.0
Blan_XP_066288489.1	Smoe_XP_002973683.1	70.0	S	0.0
Bxyl_CAG9081658.1	Smoe_XP_002973683.1	70.0	S	0.0
Bmor_NP_001171912.1	Smoe_XP_002973683.1	70.0	S	0.0
Apla_XP_022091406.1	Smoe_XP_002973683.1	70.0	S	0.0
Apla_XP_022081175.1	Smoe_XP_002973683.1	70.0	S	0.0
Apla_XP_022081177.1	Smoe_XP_002973683.1	70.0	S	0.0
Asuu_AgR032_g056_t05	Smoe_XP_002973683.1	70.0	S	0.0
Apla_XP_022081174.1	Smoe_XP_002973683.1	70.0	S	0.0
Asuu_AgR032_g056_t02	Smoe_XP_002973683.1	70.0	S	0.0
Blan_XP_066288490.1	Smoe_XP_002973683.1	70.0	S	0.0
Bmor_XP_012544129.1	Ecur_TVU40258.1	70.0	S	0.0
Spur_XP_011668891.1	Ecur_TVU40258.1	70.0	S	0.0
Asuu_AgR032_g056_t03	Ecur_TVU40258.1	70.0	S	0.0
Blan_XP_066288489.1	Ecur_TVU40258.1	70.0	S	0.0
Bxyl_CAG9081658.1	Ecur_TVU40258.1	70.0	S	0.0
Bmor_NP_001171912.1	Ecur_TVU40258.1	70.0	S	0.0
Apla_XP_022091406.1	Ecur_TVU40258.1	70.0	S	0.0
Apla_XP_022081175.1	Ecur_TVU40258.1	70.0	S	0.0
Apla_XP_022081177.1	Ecur_TVU40258.1	70.0	S	0.0
Asuu_AgR032_g056_t05	Ecur_TVU40258.1	70.0	S	0.0
Apla_XP_022081174.1	Ecur_TVU40258.1	70.0	S	0.0
Asuu_AgR032_g056_t02	Ecur_TVU40258.1	70.0	S	0.0
Blan_XP_066288490.1	Ecur_TVU40258.1	70.0	S	0.0
Bmor_XP_012544129.1	Cofcan_CDP12510.1	70.0	S	0.0
Spur_XP_011668891.1	Cofcan_CDP12510.1	70.0	S	0.0
Asuu_AgR032_g056_t03	Cofcan_CDP12510.1	70.0	S	0.0
Blan_XP_066288489.1	Cofcan_CDP12510.1	70.0	S	0.0
Bxyl_CAG9081658.1	Cofcan_CDP12510.1	70.0	S	0.0
Bmor_NP_001171912.1	Cofcan_CDP12510.1	70.0	S	0.0
Apla_XP_022091406.1	Cofcan_CDP12510.1	70.0	S	0.0
Apla_XP_022081175.1	Cofcan_CDP12510.1	70.0	S	0.0
Apla_XP_022081177.1	Cofcan_CDP12510.1	70.0	S	0.0
Asuu_AgR032_g056_t05	Cofcan_CDP12510.1	70.0	S	0.0
Apla_XP_022081174.1	Cofcan_CDP12510.1	70.0	S	0.0
Asuu_AgR032_g056_t02	Cofcan_CDP12510.1	70.0	S	0.0
Blan_XP_066288490.1	Cofcan_CDP12510.1	70.0	S	0.0
Bmor_XP_012544129.1	Cofcan_CDP19511.1	70.0	S	0.0
Spur_XP_011668891.1	Cofcan_CDP19511.1	70.0	S	0.0
Asuu_AgR032_g056_t03	Cofcan_CDP19511.1	70.0	S	0.0
Blan_XP_066288489.1	Cofcan_CDP19511.1	70.0	S	0.0
Bxyl_CAG9081658.1	Cofcan_CDP19511.1	70.0	S	0.0
Bmor_NP_001171912.1	Cofcan_CDP19511.1	70.0	S	0.0
Apla_XP_022091406.1	Cofcan_CDP19511.1	70.0	S	0.0
Apla_XP_022081175.1	Cofcan_CDP19511.1	70.0	S	0.0
Apla_XP_022081177.1	Cofcan_CDP19511.1	70.0	S	0.0
Asuu_AgR032_g056_t05	Cofcan_CDP19511.1	70.0	S	0.0
Apla_XP_022081174.1	Cofcan_CDP19511.1	70.0	S	0.0
Asuu_AgR032_g056_t02	Cofcan_CDP19511.1	70.0	S	0.0
Blan_XP_066288490.1	Cofcan_CDP19511.1	70.0	S	0.0
Bmor_XP_012544129.1	Osat_XP_025882478.1	70.0	S	0.0
Spur_XP_011668891.1	Osat_XP_025882478.1	70.0	S	0.0
Asuu_AgR032_g056_t03	Osat_XP_025882478.1	70.0	S	0.0
Blan_XP_066288489.1	Osat_XP_025882478.1	70.0	S	0.0
Bxyl_CAG9081658.1	Osat_XP_025882478.1	70.0	S	0.0
Bmor_NP_001171912.1	Osat_XP_025882478.1	70.0	S	0.0
Apla_XP_022091406.1	Osat_XP_025882478.1	70.0	S	0.0
Apla_XP_022081175.1	Osat_XP_025882478.1	70.0	S	0.0
Apla_XP_022081177.1	Osat_XP_025882478.1	70.0	S	0.0
Asuu_AgR032_g056_t05	Osat_XP_025882478.1	70.0	S	0.0
Apla_XP_022081174.1	Osat_XP_025882478.1	70.0	S	0.0
Asuu_AgR032_g056_t02	Osat_XP_025882478.1	70.0	S	0.0
Blan_XP_066288490.1	Osat_XP_025882478.1	70.0	S	0.0
Bmor_XP_012544129.1	Mesc_XP_021605089.1	70.0	S	0.0
Spur_XP_011668891.1	Mesc_XP_021605089.1	70.0	S	0.0
Asuu_AgR032_g056_t03	Mesc_XP_021605089.1	70.0	S	0.0
Blan_XP_066288489.1	Mesc_XP_021605089.1	70.0	S	0.0
Bxyl_CAG9081658.1	Mesc_XP_021605089.1	70.0	S	0.0
Bmor_NP_001171912.1	Mesc_XP_021605089.1	70.0	S	0.0
Apla_XP_022091406.1	Mesc_XP_021605089.1	70.0	S	0.0
Apla_XP_022081175.1	Mesc_XP_021605089.1	70.0	S	0.0
Apla_XP_022081177.1	Mesc_XP_021605089.1	70.0	S	0.0
Asuu_AgR032_g056_t05	Mesc_XP_021605089.1	70.0	S	0.0
Apla_XP_022081174.1	Mesc_XP_021605089.1	70.0	S	0.0
Asuu_AgR032_g056_t02	Mesc_XP_021605089.1	70.0	S	0.0
Blan_XP_066288490.1	Mesc_XP_021605089.1	70.0	S	0.0
Bmor_XP_012544129.1	Atha_NP_176523.4	70.0	S	0.0
Spur_XP_011668891.1	Atha_NP_176523.4	70.0	S	0.0
Asuu_AgR032_g056_t03	Atha_NP_176523.4	70.0	S	0.0
Blan_XP_066288489.1	Atha_NP_176523.4	70.0	S	0.0
Bxyl_CAG9081658.1	Atha_NP_176523.4	70.0	S	0.0
Bmor_NP_001171912.1	Atha_NP_176523.4	70.0	S	0.0
Apla_XP_022091406.1	Atha_NP_176523.4	70.0	S	0.0
Apla_XP_022081175.1	Atha_NP_176523.4	70.0	S	0.0
Apla_XP_022081177.1	Atha_NP_176523.4	70.0	S	0.0
Asuu_AgR032_g056_t05	Atha_NP_176523.4	70.0	S	0.0
Apla_XP_022081174.1	Atha_NP_176523.4	70.0	S	0.0
Asuu_AgR032_g056_t02	Atha_NP_176523.4	70.0	S	0.0
Blan_XP_066288490.1	Atha_NP_176523.4	70.0	S	0.0
Bmor_XP_012544129.1	Sollyc_XP_069151686.1	70.0	S	0.0
Spur_XP_011668891.1	Sollyc_XP_069151686.1	70.0	S	0.0
Asuu_AgR032_g056_t03	Sollyc_XP_069151686.1	70.0	S	0.0
Blan_XP_066288489.1	Sollyc_XP_069151686.1	70.0	S	0.0
Bxyl_CAG9081658.1	Sollyc_XP_069151686.1	70.0	S	0.0
Bmor_NP_001171912.1	Sollyc_XP_069151686.1	70.0	S	0.0
Apla_XP_022091406.1	Sollyc_XP_069151686.1	70.0	S	0.0
Apla_XP_022081175.1	Sollyc_XP_069151686.1	70.0	S	0.0
Apla_XP_022081177.1	Sollyc_XP_069151686.1	70.0	S	0.0
Asuu_AgR032_g056_t05	Sollyc_XP_069151686.1	70.0	S	0.0
Apla_XP_022081174.1	Sollyc_XP_069151686.1	70.0	S	0.0
Asuu_AgR032_g056_t02	Sollyc_XP_069151686.1	70.0	S	0.0
Blan_XP_066288490.1	Sollyc_XP_069151686.1	70.0	S	0.0
Bmor_XP_012544129.1	Mesc_XP_021634806.1	70.0	S	0.0
Spur_XP_011668891.1	Mesc_XP_021634806.1	70.0	S	0.0
Asuu_AgR032_g056_t03	Mesc_XP_021634806.1	70.0	S	0.0
Blan_XP_066288489.1	Mesc_XP_021634806.1	70.0	S	0.0
Bxyl_CAG9081658.1	Mesc_XP_021634806.1	70.0	S	0.0
Bmor_NP_001171912.1	Mesc_XP_021634806.1	70.0	S	0.0
Apla_XP_022091406.1	Mesc_XP_021634806.1	70.0	S	0.0
Apla_XP_022081175.1	Mesc_XP_021634806.1	70.0	S	0.0
Apla_XP_022081177.1	Mesc_XP_021634806.1	70.0	S	0.0
Asuu_AgR032_g056_t05	Mesc_XP_021634806.1	70.0	S	0.0
Apla_XP_022081174.1	Mesc_XP_021634806.1	70.0	S	0.0
Asuu_AgR032_g056_t02	Mesc_XP_021634806.1	70.0	S	0.0
Blan_XP_066288490.1	Mesc_XP_021634806.1	70.0	S	0.0
Bmor_XP_012544129.1	Cofcan_CDP09922.1	70.0	S	0.0
Spur_XP_011668891.1	Cofcan_CDP09922.1	70.0	S	0.0
Asuu_AgR032_g056_t03	Cofcan_CDP09922.1	70.0	S	0.0
Blan_XP_066288489.1	Cofcan_CDP09922.1	70.0	S	0.0
Bxyl_CAG9081658.1	Cofcan_CDP09922.1	70.0	S	0.0
Bmor_NP_001171912.1	Cofcan_CDP09922.1	70.0	S	0.0
Apla_XP_022091406.1	Cofcan_CDP09922.1	70.0	S	0.0
Apla_XP_022081175.1	Cofcan_CDP09922.1	70.0	S	0.0
Apla_XP_022081177.1	Cofcan_CDP09922.1	70.0	S	0.0
Asuu_AgR032_g056_t05	Cofcan_CDP09922.1	70.0	S	0.0
Apla_XP_022081174.1	Cofcan_CDP09922.1	70.0	S	0.0
Asuu_AgR032_g056_t02	Cofcan_CDP09922.1	70.0	S	0.0
Blan_XP_066288490.1	Cofcan_CDP09922.1	70.0	S	0.0
Bmor_XP_012544129.1	Cofcan_CDP14380.1	70.0	S	0.0
Spur_XP_011668891.1	Cofcan_CDP14380.1	70.0	S	0.0
Asuu_AgR032_g056_t03	Cofcan_CDP14380.1	70.0	S	0.0
Blan_XP_066288489.1	Cofcan_CDP14380.1	70.0	S	0.0
Bxyl_CAG9081658.1	Cofcan_CDP14380.1	70.0	S	0.0
Bmor_NP_001171912.1	Cofcan_CDP14380.1	70.0	S	0.0
Apla_XP_022091406.1	Cofcan_CDP14380.1	70.0	S	0.0
Apla_XP_022081175.1	Cofcan_CDP14380.1	70.0	S	0.0
Apla_XP_022081177.1	Cofcan_CDP14380.1	70.0	S	0.0
Asuu_AgR032_g056_t05	Cofcan_CDP14380.1	70.0	S	0.0
Apla_XP_022081174.1	Cofcan_CDP14380.1	70.0	S	0.0
Asuu_AgR032_g056_t02	Cofcan_CDP14380.1	70.0	S	0.0
Blan_XP_066288490.1	Cofcan_CDP14380.1	70.0	S	0.0
Bmor_XP_012544129.1	Sollyc_XP_004240053.2	70.0	S	0.0
Spur_XP_011668891.1	Sollyc_XP_004240053.2	70.0	S	0.0
Asuu_AgR032_g056_t03	Sollyc_XP_004240053.2	70.0	S	0.0
Blan_XP_066288489.1	Sollyc_XP_004240053.2	70.0	S	0.0
Bxyl_CAG9081658.1	Sollyc_XP_004240053.2	70.0	S	0.0
Bmor_NP_001171912.1	Sollyc_XP_004240053.2	70.0	S	0.0
Apla_XP_022091406.1	Sollyc_XP_004240053.2	70.0	S	0.0
Apla_XP_022081175.1	Sollyc_XP_004240053.2	70.0	S	0.0
Apla_XP_022081177.1	Sollyc_XP_004240053.2	70.0	S	0.0
Asuu_AgR032_g056_t05	Sollyc_XP_004240053.2	70.0	S	0.0
Apla_XP_022081174.1	Sollyc_XP_004240053.2	70.0	S	0.0
Asuu_AgR032_g056_t02	Sollyc_XP_004240053.2	70.0	S	0.0
Blan_XP_066288490.1	Sollyc_XP_004240053.2	70.0	S	0.0
Bmor_XP_012544129.1	Lsat_XP_023733540.1	70.0	S	0.0
Spur_XP_011668891.1	Lsat_XP_023733540.1	70.0	S	0.0
Asuu_AgR032_g056_t03	Lsat_XP_023733540.1	70.0	S	0.0
Blan_XP_066288489.1	Lsat_XP_023733540.1	70.0	S	0.0
Bxyl_CAG9081658.1	Lsat_XP_023733540.1	70.0	S	0.0
Bmor_NP_001171912.1	Lsat_XP_023733540.1	70.0	S	0.0
Apla_XP_022091406.1	Lsat_XP_023733540.1	70.0	S	0.0
Apla_XP_022081175.1	Lsat_XP_023733540.1	70.0	S	0.0
Apla_XP_022081177.1	Lsat_XP_023733540.1	70.0	S	0.0
Asuu_AgR032_g056_t05	Lsat_XP_023733540.1	70.0	S	0.0
Apla_XP_022081174.1	Lsat_XP_023733540.1	70.0	S	0.0
Asuu_AgR032_g056_t02	Lsat_XP_023733540.1	70.0	S	0.0
Blan_XP_066288490.1	Lsat_XP_023733540.1	70.0	S	0.0
Bmor_XP_012544129.1	Bnap_XP_013677877.1	70.0	S	0.0
Spur_XP_011668891.1	Bnap_XP_013677877.1	70.0	S	0.0
Asuu_AgR032_g056_t03	Bnap_XP_013677877.1	70.0	S	0.0
Blan_XP_066288489.1	Bnap_XP_013677877.1	70.0	S	0.0
Bxyl_CAG9081658.1	Bnap_XP_013677877.1	70.0	S	0.0
Bmor_NP_001171912.1	Bnap_XP_013677877.1	70.0	S	0.0
Apla_XP_022091406.1	Bnap_XP_013677877.1	70.0	S	0.0
Apla_XP_022081175.1	Bnap_XP_013677877.1	70.0	S	0.0
Apla_XP_022081177.1	Bnap_XP_013677877.1	70.0	S	0.0
Asuu_AgR032_g056_t05	Bnap_XP_013677877.1	70.0	S	0.0
Apla_XP_022081174.1	Bnap_XP_013677877.1	70.0	S	0.0
Asuu_AgR032_g056_t02	Bnap_XP_013677877.1	70.0	S	0.0
Blan_XP_066288490.1	Bnap_XP_013677877.1	70.0	S	0.0
Bmor_XP_012544129.1	Tura_XP_048532868.1	70.0	S	0.0
Spur_XP_011668891.1	Tura_XP_048532868.1	70.0	S	0.0
Asuu_AgR032_g056_t03	Tura_XP_048532868.1	70.0	S	0.0
Blan_XP_066288489.1	Tura_XP_048532868.1	70.0	S	0.0
Bxyl_CAG9081658.1	Tura_XP_048532868.1	70.0	S	0.0
Bmor_NP_001171912.1	Tura_XP_048532868.1	70.0	S	0.0
Apla_XP_022091406.1	Tura_XP_048532868.1	70.0	S	0.0
Apla_XP_022081175.1	Tura_XP_048532868.1	70.0	S	0.0
Apla_XP_022081177.1	Tura_XP_048532868.1	70.0	S	0.0
Asuu_AgR032_g056_t05	Tura_XP_048532868.1	70.0	S	0.0
Apla_XP_022081174.1	Tura_XP_048532868.1	70.0	S	0.0
Asuu_AgR032_g056_t02	Tura_XP_048532868.1	70.0	S	0.0
Blan_XP_066288490.1	Tura_XP_048532868.1	70.0	S	0.0
Bmor_XP_012544129.1	Smoe_XP_024536508.1	70.0	S	0.0
Spur_XP_011668891.1	Smoe_XP_024536508.1	70.0	S	0.0
Asuu_AgR032_g056_t03	Smoe_XP_024536508.1	70.0	S	0.0
Blan_XP_066288489.1	Smoe_XP_024536508.1	70.0	S	0.0
Bxyl_CAG9081658.1	Smoe_XP_024536508.1	70.0	S	0.0
Bmor_NP_001171912.1	Smoe_XP_024536508.1	70.0	S	0.0
Apla_XP_022091406.1	Smoe_XP_024536508.1	70.0	S	0.0
Apla_XP_022081175.1	Smoe_XP_024536508.1	70.0	S	0.0
Apla_XP_022081177.1	Smoe_XP_024536508.1	70.0	S	0.0
Asuu_AgR032_g056_t05	Smoe_XP_024536508.1	70.0	S	0.0
Apla_XP_022081174.1	Smoe_XP_024536508.1	70.0	S	0.0
Asuu_AgR032_g056_t02	Smoe_XP_024536508.1	70.0	S	0.0
Blan_XP_066288490.1	Smoe_XP_024536508.1	70.0	S	0.0
Bmor_XP_012544129.1	Atha_NP_176448.1	70.0	S	0.0
Spur_XP_011668891.1	Atha_NP_176448.1	70.0	S	0.0
Asuu_AgR032_g056_t03	Atha_NP_176448.1	70.0	S	0.0
Blan_XP_066288489.1	Atha_NP_176448.1	70.0	S	0.0
Bxyl_CAG9081658.1	Atha_NP_176448.1	70.0	S	0.0
Bmor_NP_001171912.1	Atha_NP_176448.1	70.0	S	0.0
Apla_XP_022091406.1	Atha_NP_176448.1	70.0	S	0.0
Apla_XP_022081175.1	Atha_NP_176448.1	70.0	S	0.0
Apla_XP_022081177.1	Atha_NP_176448.1	70.0	S	0.0
Asuu_AgR032_g056_t05	Atha_NP_176448.1	70.0	S	0.0
Apla_XP_022081174.1	Atha_NP_176448.1	70.0	S	0.0
Asuu_AgR032_g056_t02	Atha_NP_176448.1	70.0	S	0.0
Blan_XP_066288490.1	Atha_NP_176448.1	70.0	S	0.0
Bmor_XP_012544129.1	Cofcan_CDP19514.1	70.0	S	0.0
Spur_XP_011668891.1	Cofcan_CDP19514.1	70.0	S	0.0
Asuu_AgR032_g056_t03	Cofcan_CDP19514.1	70.0	S	0.0
Blan_XP_066288489.1	Cofcan_CDP19514.1	70.0	S	0.0
Bxyl_CAG9081658.1	Cofcan_CDP19514.1	70.0	S	0.0
Bmor_NP_001171912.1	Cofcan_CDP19514.1	70.0	S	0.0
Apla_XP_022091406.1	Cofcan_CDP19514.1	70.0	S	0.0
Apla_XP_022081175.1	Cofcan_CDP19514.1	70.0	S	0.0
Apla_XP_022081177.1	Cofcan_CDP19514.1	70.0	S	0.0
Asuu_AgR032_g056_t05	Cofcan_CDP19514.1	70.0	S	0.0
Apla_XP_022081174.1	Cofcan_CDP19514.1	70.0	S	0.0
Asuu_AgR032_g056_t02	Cofcan_CDP19514.1	70.0	S	0.0
Blan_XP_066288490.1	Cofcan_CDP19514.1	70.0	S	0.0
Bmor_XP_012544129.1	Osat_XP_015645667.1	70.0	S	0.0
Spur_XP_011668891.1	Osat_XP_015645667.1	70.0	S	0.0
Asuu_AgR032_g056_t03	Osat_XP_015645667.1	70.0	S	0.0
Blan_XP_066288489.1	Osat_XP_015645667.1	70.0	S	0.0
Bxyl_CAG9081658.1	Osat_XP_015645667.1	70.0	S	0.0
Bmor_NP_001171912.1	Osat_XP_015645667.1	70.0	S	0.0
Apla_XP_022091406.1	Osat_XP_015645667.1	70.0	S	0.0
Apla_XP_022081175.1	Osat_XP_015645667.1	70.0	S	0.0
Apla_XP_022081177.1	Osat_XP_015645667.1	70.0	S	0.0
Asuu_AgR032_g056_t05	Osat_XP_015645667.1	70.0	S	0.0
Apla_XP_022081174.1	Osat_XP_015645667.1	70.0	S	0.0
Asuu_AgR032_g056_t02	Osat_XP_015645667.1	70.0	S	0.0
Blan_XP_066288490.1	Osat_XP_015645667.1	70.0	S	0.0
Bmor_XP_012544129.1	Atha_NP_001321026.1	70.0	S	0.0
Spur_XP_011668891.1	Atha_NP_001321026.1	70.0	S	0.0
Asuu_AgR032_g056_t03	Atha_NP_001321026.1	70.0	S	0.0
Blan_XP_066288489.1	Atha_NP_001321026.1	70.0	S	0.0
Bxyl_CAG9081658.1	Atha_NP_001321026.1	70.0	S	0.0
Bmor_NP_001171912.1	Atha_NP_001321026.1	70.0	S	0.0
Apla_XP_022091406.1	Atha_NP_001321026.1	70.0	S	0.0
Apla_XP_022081175.1	Atha_NP_001321026.1	70.0	S	0.0
Apla_XP_022081177.1	Atha_NP_001321026.1	70.0	S	0.0
Asuu_AgR032_g056_t05	Atha_NP_001321026.1	70.0	S	0.0
Apla_XP_022081174.1	Atha_NP_001321026.1	70.0	S	0.0
Asuu_AgR032_g056_t02	Atha_NP_001321026.1	70.0	S	0.0
Blan_XP_066288490.1	Atha_NP_001321026.1	70.0	S	0.0
Bmor_XP_012544129.1	Atha_NP_176450.2	70.0	S	0.0
Spur_XP_011668891.1	Atha_NP_176450.2	70.0	S	0.0
Asuu_AgR032_g056_t03	Atha_NP_176450.2	70.0	S	0.0
Blan_XP_066288489.1	Atha_NP_176450.2	70.0	S	0.0
Bxyl_CAG9081658.1	Atha_NP_176450.2	70.0	S	0.0
Bmor_NP_001171912.1	Atha_NP_176450.2	70.0	S	0.0
Apla_XP_022091406.1	Atha_NP_176450.2	70.0	S	0.0
Apla_XP_022081175.1	Atha_NP_176450.2	70.0	S	0.0
Apla_XP_022081177.1	Atha_NP_176450.2	70.0	S	0.0
Asuu_AgR032_g056_t05	Atha_NP_176450.2	70.0	S	0.0
Apla_XP_022081174.1	Atha_NP_176450.2	70.0	S	0.0
Asuu_AgR032_g056_t02	Atha_NP_176450.2	70.0	S	0.0
Blan_XP_066288490.1	Atha_NP_176450.2	70.0	S	0.0
Bmor_XP_012544129.1	Bdis_XP_003572628.1	70.0	S	0.0
Spur_XP_011668891.1	Bdis_XP_003572628.1	70.0	S	0.0
Asuu_AgR032_g056_t03	Bdis_XP_003572628.1	70.0	S	0.0
Blan_XP_066288489.1	Bdis_XP_003572628.1	70.0	S	0.0
Bxyl_CAG9081658.1	Bdis_XP_003572628.1	70.0	S	0.0
Bmor_NP_001171912.1	Bdis_XP_003572628.1	70.0	S	0.0
Apla_XP_022091406.1	Bdis_XP_003572628.1	70.0	S	0.0
Apla_XP_022081175.1	Bdis_XP_003572628.1	70.0	S	0.0
Apla_XP_022081177.1	Bdis_XP_003572628.1	70.0	S	0.0
Asuu_AgR032_g056_t05	Bdis_XP_003572628.1	70.0	S	0.0
Apla_XP_022081174.1	Bdis_XP_003572628.1	70.0	S	0.0
Asuu_AgR032_g056_t02	Bdis_XP_003572628.1	70.0	S	0.0
Blan_XP_066288490.1	Bdis_XP_003572628.1	70.0	S	0.0
Bmor_XP_012544129.1	Rchi_XP_024174810.1	70.0	S	0.0
Spur_XP_011668891.1	Rchi_XP_024174810.1	70.0	S	0.0
Asuu_AgR032_g056_t03	Rchi_XP_024174810.1	70.0	S	0.0
Blan_XP_066288489.1	Rchi_XP_024174810.1	70.0	S	0.0
Bxyl_CAG9081658.1	Rchi_XP_024174810.1	70.0	S	0.0
Bmor_NP_001171912.1	Rchi_XP_024174810.1	70.0	S	0.0
Apla_XP_022091406.1	Rchi_XP_024174810.1	70.0	S	0.0
Apla_XP_022081175.1	Rchi_XP_024174810.1	70.0	S	0.0
Apla_XP_022081177.1	Rchi_XP_024174810.1	70.0	S	0.0
Asuu_AgR032_g056_t05	Rchi_XP_024174810.1	70.0	S	0.0
Apla_XP_022081174.1	Rchi_XP_024174810.1	70.0	S	0.0
Asuu_AgR032_g056_t02	Rchi_XP_024174810.1	70.0	S	0.0
Blan_XP_066288490.1	Rchi_XP_024174810.1	70.0	S	0.0
Bmor_XP_012544129.1	Bnap_XP_022548210.2	70.0	S	0.0
Spur_XP_011668891.1	Bnap_XP_022548210.2	70.0	S	0.0
Asuu_AgR032_g056_t03	Bnap_XP_022548210.2	70.0	S	0.0
Blan_XP_066288489.1	Bnap_XP_022548210.2	70.0	S	0.0
Bxyl_CAG9081658.1	Bnap_XP_022548210.2	70.0	S	0.0
Bmor_NP_001171912.1	Bnap_XP_022548210.2	70.0	S	0.0
Apla_XP_022091406.1	Bnap_XP_022548210.2	70.0	S	0.0
Apla_XP_022081175.1	Bnap_XP_022548210.2	70.0	S	0.0
Apla_XP_022081177.1	Bnap_XP_022548210.2	70.0	S	0.0
Asuu_AgR032_g056_t05	Bnap_XP_022548210.2	70.0	S	0.0
Apla_XP_022081174.1	Bnap_XP_022548210.2	70.0	S	0.0
Asuu_AgR032_g056_t02	Bnap_XP_022548210.2	70.0	S	0.0
Blan_XP_066288490.1	Bnap_XP_022548210.2	70.0	S	0.0
Bmor_XP_012544129.1	Lsat_XP_052621438.1	70.0	S	0.0
Spur_XP_011668891.1	Lsat_XP_052621438.1	70.0	S	0.0
Asuu_AgR032_g056_t03	Lsat_XP_052621438.1	70.0	S	0.0
Blan_XP_066288489.1	Lsat_XP_052621438.1	70.0	S	0.0
Bxyl_CAG9081658.1	Lsat_XP_052621438.1	70.0	S	0.0
Bmor_NP_001171912.1	Lsat_XP_052621438.1	70.0	S	0.0
Apla_XP_022091406.1	Lsat_XP_052621438.1	70.0	S	0.0
Apla_XP_022081175.1	Lsat_XP_052621438.1	70.0	S	0.0
Apla_XP_022081177.1	Lsat_XP_052621438.1	70.0	S	0.0
Asuu_AgR032_g056_t05	Lsat_XP_052621438.1	70.0	S	0.0
Apla_XP_022081174.1	Lsat_XP_052621438.1	70.0	S	0.0
Asuu_AgR032_g056_t02	Lsat_XP_052621438.1	70.0	S	0.0
Blan_XP_066288490.1	Lsat_XP_052621438.1	70.0	S	0.0
Bmor_XP_012544129.1	Mesc_XP_043810291.1	70.0	S	0.0
Spur_XP_011668891.1	Mesc_XP_043810291.1	70.0	S	0.0
Asuu_AgR032_g056_t03	Mesc_XP_043810291.1	70.0	S	0.0
Blan_XP_066288489.1	Mesc_XP_043810291.1	70.0	S	0.0
Bxyl_CAG9081658.1	Mesc_XP_043810291.1	70.0	S	0.0
Bmor_NP_001171912.1	Mesc_XP_043810291.1	70.0	S	0.0
Apla_XP_022091406.1	Mesc_XP_043810291.1	70.0	S	0.0
Apla_XP_022081175.1	Mesc_XP_043810291.1	70.0	S	0.0
Apla_XP_022081177.1	Mesc_XP_043810291.1	70.0	S	0.0
Asuu_AgR032_g056_t05	Mesc_XP_043810291.1	70.0	S	0.0
Apla_XP_022081174.1	Mesc_XP_043810291.1	70.0	S	0.0
Asuu_AgR032_g056_t02	Mesc_XP_043810291.1	70.0	S	0.0
Blan_XP_066288490.1	Mesc_XP_043810291.1	70.0	S	0.0
Bmor_XP_012544129.1	Atha_NP_176446.1	70.0	S	0.0
Spur_XP_011668891.1	Atha_NP_176446.1	70.0	S	0.0
Asuu_AgR032_g056_t03	Atha_NP_176446.1	70.0	S	0.0
Blan_XP_066288489.1	Atha_NP_176446.1	70.0	S	0.0
Bxyl_CAG9081658.1	Atha_NP_176446.1	70.0	S	0.0
Bmor_NP_001171912.1	Atha_NP_176446.1	70.0	S	0.0
Apla_XP_022091406.1	Atha_NP_176446.1	70.0	S	0.0
Apla_XP_022081175.1	Atha_NP_176446.1	70.0	S	0.0
Apla_XP_022081177.1	Atha_NP_176446.1	70.0	S	0.0
Asuu_AgR032_g056_t05	Atha_NP_176446.1	70.0	S	0.0
Apla_XP_022081174.1	Atha_NP_176446.1	70.0	S	0.0
Asuu_AgR032_g056_t02	Atha_NP_176446.1	70.0	S	0.0
Blan_XP_066288490.1	Atha_NP_176446.1	70.0	S	0.0
Bmor_XP_012544129.1	Tura_XP_048538304.1	70.0	S	0.0
Spur_XP_011668891.1	Tura_XP_048538304.1	70.0	S	0.0
Asuu_AgR032_g056_t03	Tura_XP_048538304.1	70.0	S	0.0
Blan_XP_066288489.1	Tura_XP_048538304.1	70.0	S	0.0
Bxyl_CAG9081658.1	Tura_XP_048538304.1	70.0	S	0.0
Bmor_NP_001171912.1	Tura_XP_048538304.1	70.0	S	0.0
Apla_XP_022091406.1	Tura_XP_048538304.1	70.0	S	0.0
Apla_XP_022081175.1	Tura_XP_048538304.1	70.0	S	0.0
Apla_XP_022081177.1	Tura_XP_048538304.1	70.0	S	0.0
Asuu_AgR032_g056_t05	Tura_XP_048538304.1	70.0	S	0.0
Apla_XP_022081174.1	Tura_XP_048538304.1	70.0	S	0.0
Asuu_AgR032_g056_t02	Tura_XP_048538304.1	70.0	S	0.0
Blan_XP_066288490.1	Tura_XP_048538304.1	70.0	S	0.0
Bmor_XP_012544129.1	Cbra_GBG76247.1	70.0	S	0.0
Spur_XP_011668891.1	Cbra_GBG76247.1	70.0	S	0.0
Asuu_AgR032_g056_t03	Cbra_GBG76247.1	70.0	S	0.0
Blan_XP_066288489.1	Cbra_GBG76247.1	70.0	S	0.0
Bxyl_CAG9081658.1	Cbra_GBG76247.1	70.0	S	0.0
Bmor_NP_001171912.1	Cbra_GBG76247.1	70.0	S	0.0
Apla_XP_022091406.1	Cbra_GBG76247.1	70.0	S	0.0
Apla_XP_022081175.1	Cbra_GBG76247.1	70.0	S	0.0
Apla_XP_022081177.1	Cbra_GBG76247.1	70.0	S	0.0
Asuu_AgR032_g056_t05	Cbra_GBG76247.1	70.0	S	0.0
Apla_XP_022081174.1	Cbra_GBG76247.1	70.0	S	0.0
Asuu_AgR032_g056_t02	Cbra_GBG76247.1	70.0	S	0.0
Blan_XP_066288490.1	Cbra_GBG76247.1	70.0	S	0.0
Bmor_XP_012544129.1	Tura_XP_048553305.1	70.0	S	0.0
Spur_XP_011668891.1	Tura_XP_048553305.1	70.0	S	0.0
Asuu_AgR032_g056_t03	Tura_XP_048553305.1	70.0	S	0.0
Blan_XP_066288489.1	Tura_XP_048553305.1	70.0	S	0.0
Bxyl_CAG9081658.1	Tura_XP_048553305.1	70.0	S	0.0
Bmor_NP_001171912.1	Tura_XP_048553305.1	70.0	S	0.0
Apla_XP_022091406.1	Tura_XP_048553305.1	70.0	S	0.0
Apla_XP_022081175.1	Tura_XP_048553305.1	70.0	S	0.0
Apla_XP_022081177.1	Tura_XP_048553305.1	70.0	S	0.0
Asuu_AgR032_g056_t05	Tura_XP_048553305.1	70.0	S	0.0
Apla_XP_022081174.1	Tura_XP_048553305.1	70.0	S	0.0
Asuu_AgR032_g056_t02	Tura_XP_048553305.1	70.0	S	0.0
Blan_XP_066288490.1	Tura_XP_048553305.1	70.0	S	0.0
Bmor_XP_012544129.1	Qlob_XP_030948035.1	70.0	S	0.0
Spur_XP_011668891.1	Qlob_XP_030948035.1	70.0	S	0.0
Asuu_AgR032_g056_t03	Qlob_XP_030948035.1	70.0	S	0.0
Blan_XP_066288489.1	Qlob_XP_030948035.1	70.0	S	0.0
Bxyl_CAG9081658.1	Qlob_XP_030948035.1	70.0	S	0.0
Bmor_NP_001171912.1	Qlob_XP_030948035.1	70.0	S	0.0
Apla_XP_022091406.1	Qlob_XP_030948035.1	70.0	S	0.0
Apla_XP_022081175.1	Qlob_XP_030948035.1	70.0	S	0.0
Apla_XP_022081177.1	Qlob_XP_030948035.1	70.0	S	0.0
Asuu_AgR032_g056_t05	Qlob_XP_030948035.1	70.0	S	0.0
Apla_XP_022081174.1	Qlob_XP_030948035.1	70.0	S	0.0
Asuu_AgR032_g056_t02	Qlob_XP_030948035.1	70.0	S	0.0
Blan_XP_066288490.1	Qlob_XP_030948035.1	70.0	S	0.0
Bmor_XP_012544129.1	Sollyc_XP_069151679.1	70.0	S	0.0
Spur_XP_011668891.1	Sollyc_XP_069151679.1	70.0	S	0.0
Asuu_AgR032_g056_t03	Sollyc_XP_069151679.1	70.0	S	0.0
Blan_XP_066288489.1	Sollyc_XP_069151679.1	70.0	S	0.0
Bxyl_CAG9081658.1	Sollyc_XP_069151679.1	70.0	S	0.0
Bmor_NP_001171912.1	Sollyc_XP_069151679.1	70.0	S	0.0
Apla_XP_022091406.1	Sollyc_XP_069151679.1	70.0	S	0.0
Apla_XP_022081175.1	Sollyc_XP_069151679.1	70.0	S	0.0
Apla_XP_022081177.1	Sollyc_XP_069151679.1	70.0	S	0.0
Asuu_AgR032_g056_t05	Sollyc_XP_069151679.1	70.0	S	0.0
Apla_XP_022081174.1	Sollyc_XP_069151679.1	70.0	S	0.0
Asuu_AgR032_g056_t02	Sollyc_XP_069151679.1	70.0	S	0.0
Blan_XP_066288490.1	Sollyc_XP_069151679.1	70.0	S	0.0
Bmor_XP_012544129.1	Sollyc_XP_069151680.1	70.0	S	0.0
Spur_XP_011668891.1	Sollyc_XP_069151680.1	70.0	S	0.0
Asuu_AgR032_g056_t03	Sollyc_XP_069151680.1	70.0	S	0.0
Blan_XP_066288489.1	Sollyc_XP_069151680.1	70.0	S	0.0
Bxyl_CAG9081658.1	Sollyc_XP_069151680.1	70.0	S	0.0
Bmor_NP_001171912.1	Sollyc_XP_069151680.1	70.0	S	0.0
Apla_XP_022091406.1	Sollyc_XP_069151680.1	70.0	S	0.0
Apla_XP_022081175.1	Sollyc_XP_069151680.1	70.0	S	0.0
Apla_XP_022081177.1	Sollyc_XP_069151680.1	70.0	S	0.0
Asuu_AgR032_g056_t05	Sollyc_XP_069151680.1	70.0	S	0.0
Apla_XP_022081174.1	Sollyc_XP_069151680.1	70.0	S	0.0
Asuu_AgR032_g056_t02	Sollyc_XP_069151680.1	70.0	S	0.0
Blan_XP_066288490.1	Sollyc_XP_069151680.1	70.0	S	0.0
Bmor_XP_012544129.1	Bnap_XP_048595737.1	70.0	S	0.0
Spur_XP_011668891.1	Bnap_XP_048595737.1	70.0	S	0.0
Asuu_AgR032_g056_t03	Bnap_XP_048595737.1	70.0	S	0.0
Blan_XP_066288489.1	Bnap_XP_048595737.1	70.0	S	0.0
Bxyl_CAG9081658.1	Bnap_XP_048595737.1	70.0	S	0.0
Bmor_NP_001171912.1	Bnap_XP_048595737.1	70.0	S	0.0
Apla_XP_022091406.1	Bnap_XP_048595737.1	70.0	S	0.0
Apla_XP_022081175.1	Bnap_XP_048595737.1	70.0	S	0.0
Apla_XP_022081177.1	Bnap_XP_048595737.1	70.0	S	0.0
Asuu_AgR032_g056_t05	Bnap_XP_048595737.1	70.0	S	0.0
Apla_XP_022081174.1	Bnap_XP_048595737.1	70.0	S	0.0
Asuu_AgR032_g056_t02	Bnap_XP_048595737.1	70.0	S	0.0
Blan_XP_066288490.1	Bnap_XP_048595737.1	70.0	S	0.0
Bmor_XP_012544129.1	Lsat_XP_023733544.1	70.0	S	0.0
Spur_XP_011668891.1	Lsat_XP_023733544.1	70.0	S	0.0
Asuu_AgR032_g056_t03	Lsat_XP_023733544.1	70.0	S	0.0
Blan_XP_066288489.1	Lsat_XP_023733544.1	70.0	S	0.0
Bxyl_CAG9081658.1	Lsat_XP_023733544.1	70.0	S	0.0
Bmor_NP_001171912.1	Lsat_XP_023733544.1	70.0	S	0.0
Apla_XP_022091406.1	Lsat_XP_023733544.1	70.0	S	0.0
Apla_XP_022081175.1	Lsat_XP_023733544.1	70.0	S	0.0
Apla_XP_022081177.1	Lsat_XP_023733544.1	70.0	S	0.0
Asuu_AgR032_g056_t05	Lsat_XP_023733544.1	70.0	S	0.0
Apla_XP_022081174.1	Lsat_XP_023733544.1	70.0	S	0.0
Asuu_AgR032_g056_t02	Lsat_XP_023733544.1	70.0	S	0.0
Blan_XP_066288490.1	Lsat_XP_023733544.1	70.0	S	0.0
Bmor_XP_012544129.1	Sollyc_XP_069151677.1	70.0	S	0.0
Spur_XP_011668891.1	Sollyc_XP_069151677.1	70.0	S	0.0
Asuu_AgR032_g056_t03	Sollyc_XP_069151677.1	70.0	S	0.0
Blan_XP_066288489.1	Sollyc_XP_069151677.1	70.0	S	0.0
Bxyl_CAG9081658.1	Sollyc_XP_069151677.1	70.0	S	0.0
Bmor_NP_001171912.1	Sollyc_XP_069151677.1	70.0	S	0.0
Apla_XP_022091406.1	Sollyc_XP_069151677.1	70.0	S	0.0
Apla_XP_022081175.1	Sollyc_XP_069151677.1	70.0	S	0.0
Apla_XP_022081177.1	Sollyc_XP_069151677.1	70.0	S	0.0
Asuu_AgR032_g056_t05	Sollyc_XP_069151677.1	70.0	S	0.0
Apla_XP_022081174.1	Sollyc_XP_069151677.1	70.0	S	0.0
Asuu_AgR032_g056_t02	Sollyc_XP_069151677.1	70.0	S	0.0
Blan_XP_066288490.1	Sollyc_XP_069151677.1	70.0	S	0.0
Bmor_XP_012544129.1	Bnap_XP_013697008.2	70.0	S	0.0
Spur_XP_011668891.1	Bnap_XP_013697008.2	70.0	S	0.0
Asuu_AgR032_g056_t03	Bnap_XP_013697008.2	70.0	S	0.0
Blan_XP_066288489.1	Bnap_XP_013697008.2	70.0	S	0.0
Bxyl_CAG9081658.1	Bnap_XP_013697008.2	70.0	S	0.0
Bmor_NP_001171912.1	Bnap_XP_013697008.2	70.0	S	0.0
Apla_XP_022091406.1	Bnap_XP_013697008.2	70.0	S	0.0
Apla_XP_022081175.1	Bnap_XP_013697008.2	70.0	S	0.0
Apla_XP_022081177.1	Bnap_XP_013697008.2	70.0	S	0.0
Asuu_AgR032_g056_t05	Bnap_XP_013697008.2	70.0	S	0.0
Apla_XP_022081174.1	Bnap_XP_013697008.2	70.0	S	0.0
Asuu_AgR032_g056_t02	Bnap_XP_013697008.2	70.0	S	0.0
Blan_XP_066288490.1	Bnap_XP_013697008.2	70.0	S	0.0
Bmor_XP_012544129.1	Bdis_XP_010228459.1	70.0	S	0.0
Spur_XP_011668891.1	Bdis_XP_010228459.1	70.0	S	0.0
Asuu_AgR032_g056_t03	Bdis_XP_010228459.1	70.0	S	0.0
Blan_XP_066288489.1	Bdis_XP_010228459.1	70.0	S	0.0
Bxyl_CAG9081658.1	Bdis_XP_010228459.1	70.0	S	0.0
Bmor_NP_001171912.1	Bdis_XP_010228459.1	70.0	S	0.0
Apla_XP_022091406.1	Bdis_XP_010228459.1	70.0	S	0.0
Apla_XP_022081175.1	Bdis_XP_010228459.1	70.0	S	0.0
Apla_XP_022081177.1	Bdis_XP_010228459.1	70.0	S	0.0
Asuu_AgR032_g056_t05	Bdis_XP_010228459.1	70.0	S	0.0
Apla_XP_022081174.1	Bdis_XP_010228459.1	70.0	S	0.0
Asuu_AgR032_g056_t02	Bdis_XP_010228459.1	70.0	S	0.0
Blan_XP_066288490.1	Bdis_XP_010228459.1	70.0	S	0.0
Bmor_XP_012544129.1	Sollyc_XP_069151682.1	70.0	S	0.0
Spur_XP_011668891.1	Sollyc_XP_069151682.1	70.0	S	0.0
Asuu_AgR032_g056_t03	Sollyc_XP_069151682.1	70.0	S	0.0
Blan_XP_066288489.1	Sollyc_XP_069151682.1	70.0	S	0.0
Bxyl_CAG9081658.1	Sollyc_XP_069151682.1	70.0	S	0.0
Bmor_NP_001171912.1	Sollyc_XP_069151682.1	70.0	S	0.0
Apla_XP_022091406.1	Sollyc_XP_069151682.1	70.0	S	0.0
Apla_XP_022081175.1	Sollyc_XP_069151682.1	70.0	S	0.0
Apla_XP_022081177.1	Sollyc_XP_069151682.1	70.0	S	0.0
Asuu_AgR032_g056_t05	Sollyc_XP_069151682.1	70.0	S	0.0
Apla_XP_022081174.1	Sollyc_XP_069151682.1	70.0	S	0.0
Asuu_AgR032_g056_t02	Sollyc_XP_069151682.1	70.0	S	0.0
Blan_XP_066288490.1	Sollyc_XP_069151682.1	70.0	S	0.0
Bmor_XP_012544129.1	Zmay_XP_008651930.1	70.0	S	0.0
Spur_XP_011668891.1	Zmay_XP_008651930.1	70.0	S	0.0
Asuu_AgR032_g056_t03	Zmay_XP_008651930.1	70.0	S	0.0
Blan_XP_066288489.1	Zmay_XP_008651930.1	70.0	S	0.0
Bxyl_CAG9081658.1	Zmay_XP_008651930.1	70.0	S	0.0
Bmor_NP_001171912.1	Zmay_XP_008651930.1	70.0	S	0.0
Apla_XP_022091406.1	Zmay_XP_008651930.1	70.0	S	0.0
Apla_XP_022081175.1	Zmay_XP_008651930.1	70.0	S	0.0
Apla_XP_022081177.1	Zmay_XP_008651930.1	70.0	S	0.0
Asuu_AgR032_g056_t05	Zmay_XP_008651930.1	70.0	S	0.0
Apla_XP_022081174.1	Zmay_XP_008651930.1	70.0	S	0.0
Asuu_AgR032_g056_t02	Zmay_XP_008651930.1	70.0	S	0.0
Blan_XP_066288490.1	Zmay_XP_008651930.1	70.0	S	0.0
Bmor_XP_012544129.1	Ecur_TVU41329.1	70.0	S	0.0
Spur_XP_011668891.1	Ecur_TVU41329.1	70.0	S	0.0
Asuu_AgR032_g056_t03	Ecur_TVU41329.1	70.0	S	0.0
Blan_XP_066288489.1	Ecur_TVU41329.1	70.0	S	0.0
Bxyl_CAG9081658.1	Ecur_TVU41329.1	70.0	S	0.0
Bmor_NP_001171912.1	Ecur_TVU41329.1	70.0	S	0.0
Apla_XP_022091406.1	Ecur_TVU41329.1	70.0	S	0.0
Apla_XP_022081175.1	Ecur_TVU41329.1	70.0	S	0.0
Apla_XP_022081177.1	Ecur_TVU41329.1	70.0	S	0.0
Asuu_AgR032_g056_t05	Ecur_TVU41329.1	70.0	S	0.0
Apla_XP_022081174.1	Ecur_TVU41329.1	70.0	S	0.0
Asuu_AgR032_g056_t02	Ecur_TVU41329.1	70.0	S	0.0
Blan_XP_066288490.1	Ecur_TVU41329.1	70.0	S	0.0
Bmor_XP_012544129.1	Lsat_XP_023734510.1	70.0	S	0.0
Spur_XP_011668891.1	Lsat_XP_023734510.1	70.0	S	0.0
Asuu_AgR032_g056_t03	Lsat_XP_023734510.1	70.0	S	0.0
Blan_XP_066288489.1	Lsat_XP_023734510.1	70.0	S	0.0
Bxyl_CAG9081658.1	Lsat_XP_023734510.1	70.0	S	0.0
Bmor_NP_001171912.1	Lsat_XP_023734510.1	70.0	S	0.0
Apla_XP_022091406.1	Lsat_XP_023734510.1	70.0	S	0.0
Apla_XP_022081175.1	Lsat_XP_023734510.1	70.0	S	0.0
Apla_XP_022081177.1	Lsat_XP_023734510.1	70.0	S	0.0
Asuu_AgR032_g056_t05	Lsat_XP_023734510.1	70.0	S	0.0
Apla_XP_022081174.1	Lsat_XP_023734510.1	70.0	S	0.0
Asuu_AgR032_g056_t02	Lsat_XP_023734510.1	70.0	S	0.0
Blan_XP_066288490.1	Lsat_XP_023734510.1	70.0	S	0.0
Bmor_XP_012544129.1	Qlob_XP_030947989.1	70.0	S	0.0
Spur_XP_011668891.1	Qlob_XP_030947989.1	70.0	S	0.0
Asuu_AgR032_g056_t03	Qlob_XP_030947989.1	70.0	S	0.0
Blan_XP_066288489.1	Qlob_XP_030947989.1	70.0	S	0.0
Bxyl_CAG9081658.1	Qlob_XP_030947989.1	70.0	S	0.0
Bmor_NP_001171912.1	Qlob_XP_030947989.1	70.0	S	0.0
Apla_XP_022091406.1	Qlob_XP_030947989.1	70.0	S	0.0
Apla_XP_022081175.1	Qlob_XP_030947989.1	70.0	S	0.0
Apla_XP_022081177.1	Qlob_XP_030947989.1	70.0	S	0.0
Asuu_AgR032_g056_t05	Qlob_XP_030947989.1	70.0	S	0.0
Apla_XP_022081174.1	Qlob_XP_030947989.1	70.0	S	0.0
Asuu_AgR032_g056_t02	Qlob_XP_030947989.1	70.0	S	0.0
Blan_XP_066288490.1	Qlob_XP_030947989.1	70.0	S	0.0
Bmor_XP_012544129.1	Ecur_TVU40253.1	70.0	S	0.0
Spur_XP_011668891.1	Ecur_TVU40253.1	70.0	S	0.0
Asuu_AgR032_g056_t03	Ecur_TVU40253.1	70.0	S	0.0
Blan_XP_066288489.1	Ecur_TVU40253.1	70.0	S	0.0
Bxyl_CAG9081658.1	Ecur_TVU40253.1	70.0	S	0.0
Bmor_NP_001171912.1	Ecur_TVU40253.1	70.0	S	0.0
Apla_XP_022091406.1	Ecur_TVU40253.1	70.0	S	0.0
Apla_XP_022081175.1	Ecur_TVU40253.1	70.0	S	0.0
Apla_XP_022081177.1	Ecur_TVU40253.1	70.0	S	0.0
Asuu_AgR032_g056_t05	Ecur_TVU40253.1	70.0	S	0.0
Apla_XP_022081174.1	Ecur_TVU40253.1	70.0	S	0.0
Asuu_AgR032_g056_t02	Ecur_TVU40253.1	70.0	S	0.0
Blan_XP_066288490.1	Ecur_TVU40253.1	70.0	S	0.0
Bmor_XP_012544129.1	Lsat_XP_023734513.1	70.0	S	0.0
Spur_XP_011668891.1	Lsat_XP_023734513.1	70.0	S	0.0
Asuu_AgR032_g056_t03	Lsat_XP_023734513.1	70.0	S	0.0
Blan_XP_066288489.1	Lsat_XP_023734513.1	70.0	S	0.0
Bxyl_CAG9081658.1	Lsat_XP_023734513.1	70.0	S	0.0
Bmor_NP_001171912.1	Lsat_XP_023734513.1	70.0	S	0.0
Apla_XP_022091406.1	Lsat_XP_023734513.1	70.0	S	0.0
Apla_XP_022081175.1	Lsat_XP_023734513.1	70.0	S	0.0
Apla_XP_022081177.1	Lsat_XP_023734513.1	70.0	S	0.0
Asuu_AgR032_g056_t05	Lsat_XP_023734513.1	70.0	S	0.0
Apla_XP_022081174.1	Lsat_XP_023734513.1	70.0	S	0.0
Asuu_AgR032_g056_t02	Lsat_XP_023734513.1	70.0	S	0.0
Blan_XP_066288490.1	Lsat_XP_023734513.1	70.0	S	0.0
Bmor_XP_012544129.1	Bnap_XP_013742428.1	70.0	S	0.0
Spur_XP_011668891.1	Bnap_XP_013742428.1	70.0	S	0.0
Asuu_AgR032_g056_t03	Bnap_XP_013742428.1	70.0	S	0.0
Blan_XP_066288489.1	Bnap_XP_013742428.1	70.0	S	0.0
Bxyl_CAG9081658.1	Bnap_XP_013742428.1	70.0	S	0.0
Bmor_NP_001171912.1	Bnap_XP_013742428.1	70.0	S	0.0
Apla_XP_022091406.1	Bnap_XP_013742428.1	70.0	S	0.0
Apla_XP_022081175.1	Bnap_XP_013742428.1	70.0	S	0.0
Apla_XP_022081177.1	Bnap_XP_013742428.1	70.0	S	0.0
Asuu_AgR032_g056_t05	Bnap_XP_013742428.1	70.0	S	0.0
Apla_XP_022081174.1	Bnap_XP_013742428.1	70.0	S	0.0
Asuu_AgR032_g056_t02	Bnap_XP_013742428.1	70.0	S	0.0
Blan_XP_066288490.1	Bnap_XP_013742428.1	70.0	S	0.0
Bmor_XP_012544129.1	Atha_NP_564796.1	70.0	S	0.0
Spur_XP_011668891.1	Atha_NP_564796.1	70.0	S	0.0
Asuu_AgR032_g056_t03	Atha_NP_564796.1	70.0	S	0.0
Blan_XP_066288489.1	Atha_NP_564796.1	70.0	S	0.0
Bxyl_CAG9081658.1	Atha_NP_564796.1	70.0	S	0.0
Bmor_NP_001171912.1	Atha_NP_564796.1	70.0	S	0.0
Apla_XP_022091406.1	Atha_NP_564796.1	70.0	S	0.0
Apla_XP_022081175.1	Atha_NP_564796.1	70.0	S	0.0
Apla_XP_022081177.1	Atha_NP_564796.1	70.0	S	0.0
Asuu_AgR032_g056_t05	Atha_NP_564796.1	70.0	S	0.0
Apla_XP_022081174.1	Atha_NP_564796.1	70.0	S	0.0
Asuu_AgR032_g056_t02	Atha_NP_564796.1	70.0	S	0.0
Blan_XP_066288490.1	Atha_NP_564796.1	70.0	S	0.0
Bmor_XP_012544129.1	Ppat_XP_024389140.1	70.0	S	0.0
Spur_XP_011668891.1	Ppat_XP_024389140.1	70.0	S	0.0
Asuu_AgR032_g056_t03	Ppat_XP_024389140.1	70.0	S	0.0
Blan_XP_066288489.1	Ppat_XP_024389140.1	70.0	S	0.0
Bxyl_CAG9081658.1	Ppat_XP_024389140.1	70.0	S	0.0
Bmor_NP_001171912.1	Ppat_XP_024389140.1	70.0	S	0.0
Apla_XP_022091406.1	Ppat_XP_024389140.1	70.0	S	0.0
Apla_XP_022081175.1	Ppat_XP_024389140.1	70.0	S	0.0
Apla_XP_022081177.1	Ppat_XP_024389140.1	70.0	S	0.0
Asuu_AgR032_g056_t05	Ppat_XP_024389140.1	70.0	S	0.0
Apla_XP_022081174.1	Ppat_XP_024389140.1	70.0	S	0.0
Asuu_AgR032_g056_t02	Ppat_XP_024389140.1	70.0	S	0.0
Blan_XP_066288490.1	Ppat_XP_024389140.1	70.0	S	0.0
Bmor_XP_012544129.1	Bdis_XP_024316986.1	70.0	S	0.0
Spur_XP_011668891.1	Bdis_XP_024316986.1	70.0	S	0.0
Asuu_AgR032_g056_t03	Bdis_XP_024316986.1	70.0	S	0.0
Blan_XP_066288489.1	Bdis_XP_024316986.1	70.0	S	0.0
Bxyl_CAG9081658.1	Bdis_XP_024316986.1	70.0	S	0.0
Bmor_NP_001171912.1	Bdis_XP_024316986.1	70.0	S	0.0
Apla_XP_022091406.1	Bdis_XP_024316986.1	70.0	S	0.0
Apla_XP_022081175.1	Bdis_XP_024316986.1	70.0	S	0.0
Apla_XP_022081177.1	Bdis_XP_024316986.1	70.0	S	0.0
Asuu_AgR032_g056_t05	Bdis_XP_024316986.1	70.0	S	0.0
Apla_XP_022081174.1	Bdis_XP_024316986.1	70.0	S	0.0
Asuu_AgR032_g056_t02	Bdis_XP_024316986.1	70.0	S	0.0
Blan_XP_066288490.1	Bdis_XP_024316986.1	70.0	S	0.0
Bmor_XP_012544129.1	Sollyc_XP_069151674.1	70.0	S	0.0
Spur_XP_011668891.1	Sollyc_XP_069151674.1	70.0	S	0.0
Asuu_AgR032_g056_t03	Sollyc_XP_069151674.1	70.0	S	0.0
Blan_XP_066288489.1	Sollyc_XP_069151674.1	70.0	S	0.0
Bxyl_CAG9081658.1	Sollyc_XP_069151674.1	70.0	S	0.0
Bmor_NP_001171912.1	Sollyc_XP_069151674.1	70.0	S	0.0
Apla_XP_022091406.1	Sollyc_XP_069151674.1	70.0	S	0.0
Apla_XP_022081175.1	Sollyc_XP_069151674.1	70.0	S	0.0
Apla_XP_022081177.1	Sollyc_XP_069151674.1	70.0	S	0.0
Asuu_AgR032_g056_t05	Sollyc_XP_069151674.1	70.0	S	0.0
Apla_XP_022081174.1	Sollyc_XP_069151674.1	70.0	S	0.0
Asuu_AgR032_g056_t02	Sollyc_XP_069151674.1	70.0	S	0.0
Blan_XP_066288490.1	Sollyc_XP_069151674.1	70.0	S	0.0
Bmor_XP_012544129.1	Qlob_XP_030948502.1	70.0	S	0.0
Spur_XP_011668891.1	Qlob_XP_030948502.1	70.0	S	0.0
Asuu_AgR032_g056_t03	Qlob_XP_030948502.1	70.0	S	0.0
Blan_XP_066288489.1	Qlob_XP_030948502.1	70.0	S	0.0
Bxyl_CAG9081658.1	Qlob_XP_030948502.1	70.0	S	0.0
Bmor_NP_001171912.1	Qlob_XP_030948502.1	70.0	S	0.0
Apla_XP_022091406.1	Qlob_XP_030948502.1	70.0	S	0.0
Apla_XP_022081175.1	Qlob_XP_030948502.1	70.0	S	0.0
Apla_XP_022081177.1	Qlob_XP_030948502.1	70.0	S	0.0
Asuu_AgR032_g056_t05	Qlob_XP_030948502.1	70.0	S	0.0
Apla_XP_022081174.1	Qlob_XP_030948502.1	70.0	S	0.0
Asuu_AgR032_g056_t02	Qlob_XP_030948502.1	70.0	S	0.0
Blan_XP_066288490.1	Qlob_XP_030948502.1	70.0	S	0.0
Bmor_XP_012544129.1	Bdis_XP_003571014.2	70.0	S	0.0
Spur_XP_011668891.1	Bdis_XP_003571014.2	70.0	S	0.0
Asuu_AgR032_g056_t03	Bdis_XP_003571014.2	70.0	S	0.0
Blan_XP_066288489.1	Bdis_XP_003571014.2	70.0	S	0.0
Bxyl_CAG9081658.1	Bdis_XP_003571014.2	70.0	S	0.0
Bmor_NP_001171912.1	Bdis_XP_003571014.2	70.0	S	0.0
Apla_XP_022091406.1	Bdis_XP_003571014.2	70.0	S	0.0
Apla_XP_022081175.1	Bdis_XP_003571014.2	70.0	S	0.0
Apla_XP_022081177.1	Bdis_XP_003571014.2	70.0	S	0.0
Asuu_AgR032_g056_t05	Bdis_XP_003571014.2	70.0	S	0.0
Apla_XP_022081174.1	Bdis_XP_003571014.2	70.0	S	0.0
Asuu_AgR032_g056_t02	Bdis_XP_003571014.2	70.0	S	0.0
Blan_XP_066288490.1	Bdis_XP_003571014.2	70.0	S	0.0
Bmor_XP_012544129.1	Mesc_XP_021632152.1	70.0	S	0.0
Spur_XP_011668891.1	Mesc_XP_021632152.1	70.0	S	0.0
Asuu_AgR032_g056_t03	Mesc_XP_021632152.1	70.0	S	0.0
Blan_XP_066288489.1	Mesc_XP_021632152.1	70.0	S	0.0
Bxyl_CAG9081658.1	Mesc_XP_021632152.1	70.0	S	0.0
Bmor_NP_001171912.1	Mesc_XP_021632152.1	70.0	S	0.0
Apla_XP_022091406.1	Mesc_XP_021632152.1	70.0	S	0.0
Apla_XP_022081175.1	Mesc_XP_021632152.1	70.0	S	0.0
Apla_XP_022081177.1	Mesc_XP_021632152.1	70.0	S	0.0
Asuu_AgR032_g056_t05	Mesc_XP_021632152.1	70.0	S	0.0
Apla_XP_022081174.1	Mesc_XP_021632152.1	70.0	S	0.0
Asuu_AgR032_g056_t02	Mesc_XP_021632152.1	70.0	S	0.0
Blan_XP_066288490.1	Mesc_XP_021632152.1	70.0	S	0.0
Bmor_XP_012544129.1	Tura_XP_048535092.1	70.0	S	0.0
Spur_XP_011668891.1	Tura_XP_048535092.1	70.0	S	0.0
Asuu_AgR032_g056_t03	Tura_XP_048535092.1	70.0	S	0.0
Blan_XP_066288489.1	Tura_XP_048535092.1	70.0	S	0.0
Bxyl_CAG9081658.1	Tura_XP_048535092.1	70.0	S	0.0
Bmor_NP_001171912.1	Tura_XP_048535092.1	70.0	S	0.0
Apla_XP_022091406.1	Tura_XP_048535092.1	70.0	S	0.0
Apla_XP_022081175.1	Tura_XP_048535092.1	70.0	S	0.0
Apla_XP_022081177.1	Tura_XP_048535092.1	70.0	S	0.0
Asuu_AgR032_g056_t05	Tura_XP_048535092.1	70.0	S	0.0
Apla_XP_022081174.1	Tura_XP_048535092.1	70.0	S	0.0
Asuu_AgR032_g056_t02	Tura_XP_048535092.1	70.0	S	0.0
Blan_XP_066288490.1	Tura_XP_048535092.1	70.0	S	0.0
Bmor_XP_012544129.1	Bnap_XP_013711135.2	70.0	S	0.0
Spur_XP_011668891.1	Bnap_XP_013711135.2	70.0	S	0.0
Asuu_AgR032_g056_t03	Bnap_XP_013711135.2	70.0	S	0.0
Blan_XP_066288489.1	Bnap_XP_013711135.2	70.0	S	0.0
Bxyl_CAG9081658.1	Bnap_XP_013711135.2	70.0	S	0.0
Bmor_NP_001171912.1	Bnap_XP_013711135.2	70.0	S	0.0
Apla_XP_022091406.1	Bnap_XP_013711135.2	70.0	S	0.0
Apla_XP_022081175.1	Bnap_XP_013711135.2	70.0	S	0.0
Apla_XP_022081177.1	Bnap_XP_013711135.2	70.0	S	0.0
Asuu_AgR032_g056_t05	Bnap_XP_013711135.2	70.0	S	0.0
Apla_XP_022081174.1	Bnap_XP_013711135.2	70.0	S	0.0
Asuu_AgR032_g056_t02	Bnap_XP_013711135.2	70.0	S	0.0
Blan_XP_066288490.1	Bnap_XP_013711135.2	70.0	S	0.0
Bmor_XP_012544129.1	Zmay_XP_008653582.1	70.0	S	0.0
Spur_XP_011668891.1	Zmay_XP_008653582.1	70.0	S	0.0
Asuu_AgR032_g056_t03	Zmay_XP_008653582.1	70.0	S	0.0
Blan_XP_066288489.1	Zmay_XP_008653582.1	70.0	S	0.0
Bxyl_CAG9081658.1	Zmay_XP_008653582.1	70.0	S	0.0
Bmor_NP_001171912.1	Zmay_XP_008653582.1	70.0	S	0.0
Apla_XP_022091406.1	Zmay_XP_008653582.1	70.0	S	0.0
Apla_XP_022081175.1	Zmay_XP_008653582.1	70.0	S	0.0
Apla_XP_022081177.1	Zmay_XP_008653582.1	70.0	S	0.0
Asuu_AgR032_g056_t05	Zmay_XP_008653582.1	70.0	S	0.0
Apla_XP_022081174.1	Zmay_XP_008653582.1	70.0	S	0.0
Asuu_AgR032_g056_t02	Zmay_XP_008653582.1	70.0	S	0.0
Blan_XP_066288490.1	Zmay_XP_008653582.1	70.0	S	0.0
Bmor_XP_012544129.1	Mtru_XP_024641006.1	70.0	S	0.0
Spur_XP_011668891.1	Mtru_XP_024641006.1	70.0	S	0.0
Asuu_AgR032_g056_t03	Mtru_XP_024641006.1	70.0	S	0.0
Blan_XP_066288489.1	Mtru_XP_024641006.1	70.0	S	0.0
Bxyl_CAG9081658.1	Mtru_XP_024641006.1	70.0	S	0.0
Bmor_NP_001171912.1	Mtru_XP_024641006.1	70.0	S	0.0
Apla_XP_022091406.1	Mtru_XP_024641006.1	70.0	S	0.0
Apla_XP_022081175.1	Mtru_XP_024641006.1	70.0	S	0.0
Apla_XP_022081177.1	Mtru_XP_024641006.1	70.0	S	0.0
Asuu_AgR032_g056_t05	Mtru_XP_024641006.1	70.0	S	0.0
Apla_XP_022081174.1	Mtru_XP_024641006.1	70.0	S	0.0
Asuu_AgR032_g056_t02	Mtru_XP_024641006.1	70.0	S	0.0
Blan_XP_066288490.1	Mtru_XP_024641006.1	70.0	S	0.0
Bmor_XP_012544129.1	Osat_XP_015642183.1	70.0	S	0.0
Spur_XP_011668891.1	Osat_XP_015642183.1	70.0	S	0.0
Asuu_AgR032_g056_t03	Osat_XP_015642183.1	70.0	S	0.0
Blan_XP_066288489.1	Osat_XP_015642183.1	70.0	S	0.0
Bxyl_CAG9081658.1	Osat_XP_015642183.1	70.0	S	0.0
Bmor_NP_001171912.1	Osat_XP_015642183.1	70.0	S	0.0
Apla_XP_022091406.1	Osat_XP_015642183.1	70.0	S	0.0
Apla_XP_022081175.1	Osat_XP_015642183.1	70.0	S	0.0
Apla_XP_022081177.1	Osat_XP_015642183.1	70.0	S	0.0
Asuu_AgR032_g056_t05	Osat_XP_015642183.1	70.0	S	0.0
Apla_XP_022081174.1	Osat_XP_015642183.1	70.0	S	0.0
Asuu_AgR032_g056_t02	Osat_XP_015642183.1	70.0	S	0.0
Blan_XP_066288490.1	Osat_XP_015642183.1	70.0	S	0.0
Bmor_XP_012544129.1	Zmay_XP_020402916.1	70.0	S	0.0
Spur_XP_011668891.1	Zmay_XP_020402916.1	70.0	S	0.0
Asuu_AgR032_g056_t03	Zmay_XP_020402916.1	70.0	S	0.0
Blan_XP_066288489.1	Zmay_XP_020402916.1	70.0	S	0.0
Bxyl_CAG9081658.1	Zmay_XP_020402916.1	70.0	S	0.0
Bmor_NP_001171912.1	Zmay_XP_020402916.1	70.0	S	0.0
Apla_XP_022091406.1	Zmay_XP_020402916.1	70.0	S	0.0
Apla_XP_022081175.1	Zmay_XP_020402916.1	70.0	S	0.0
Apla_XP_022081177.1	Zmay_XP_020402916.1	70.0	S	0.0
Asuu_AgR032_g056_t05	Zmay_XP_020402916.1	70.0	S	0.0
Apla_XP_022081174.1	Zmay_XP_020402916.1	70.0	S	0.0
Asuu_AgR032_g056_t02	Zmay_XP_020402916.1	70.0	S	0.0
Blan_XP_066288490.1	Zmay_XP_020402916.1	70.0	S	0.0
Bmor_XP_012544129.1	Cofcan_CDP07973.1	70.0	S	0.0
Spur_XP_011668891.1	Cofcan_CDP07973.1	70.0	S	0.0
Asuu_AgR032_g056_t03	Cofcan_CDP07973.1	70.0	S	0.0
Blan_XP_066288489.1	Cofcan_CDP07973.1	70.0	S	0.0
Bxyl_CAG9081658.1	Cofcan_CDP07973.1	70.0	S	0.0
Bmor_NP_001171912.1	Cofcan_CDP07973.1	70.0	S	0.0
Apla_XP_022091406.1	Cofcan_CDP07973.1	70.0	S	0.0
Apla_XP_022081175.1	Cofcan_CDP07973.1	70.0	S	0.0
Apla_XP_022081177.1	Cofcan_CDP07973.1	70.0	S	0.0
Asuu_AgR032_g056_t05	Cofcan_CDP07973.1	70.0	S	0.0
Apla_XP_022081174.1	Cofcan_CDP07973.1	70.0	S	0.0
Asuu_AgR032_g056_t02	Cofcan_CDP07973.1	70.0	S	0.0
Blan_XP_066288490.1	Cofcan_CDP07973.1	70.0	S	0.0
Bmor_XP_012544129.1	Zmay_NP_001142250.1	70.0	S	0.0
Spur_XP_011668891.1	Zmay_NP_001142250.1	70.0	S	0.0
Asuu_AgR032_g056_t03	Zmay_NP_001142250.1	70.0	S	0.0
Blan_XP_066288489.1	Zmay_NP_001142250.1	70.0	S	0.0
Bxyl_CAG9081658.1	Zmay_NP_001142250.1	70.0	S	0.0
Bmor_NP_001171912.1	Zmay_NP_001142250.1	70.0	S	0.0
Apla_XP_022091406.1	Zmay_NP_001142250.1	70.0	S	0.0
Apla_XP_022081175.1	Zmay_NP_001142250.1	70.0	S	0.0
Apla_XP_022081177.1	Zmay_NP_001142250.1	70.0	S	0.0
Asuu_AgR032_g056_t05	Zmay_NP_001142250.1	70.0	S	0.0
Apla_XP_022081174.1	Zmay_NP_001142250.1	70.0	S	0.0
Asuu_AgR032_g056_t02	Zmay_NP_001142250.1	70.0	S	0.0
Blan_XP_066288490.1	Zmay_NP_001142250.1	70.0	S	0.0
Bmor_XP_012544129.1	Mesc_XP_021631397.1	70.0	S	0.0
Spur_XP_011668891.1	Mesc_XP_021631397.1	70.0	S	0.0
Asuu_AgR032_g056_t03	Mesc_XP_021631397.1	70.0	S	0.0
Blan_XP_066288489.1	Mesc_XP_021631397.1	70.0	S	0.0
Bxyl_CAG9081658.1	Mesc_XP_021631397.1	70.0	S	0.0
Bmor_NP_001171912.1	Mesc_XP_021631397.1	70.0	S	0.0
Apla_XP_022091406.1	Mesc_XP_021631397.1	70.0	S	0.0
Apla_XP_022081175.1	Mesc_XP_021631397.1	70.0	S	0.0
Apla_XP_022081177.1	Mesc_XP_021631397.1	70.0	S	0.0
Asuu_AgR032_g056_t05	Mesc_XP_021631397.1	70.0	S	0.0
Apla_XP_022081174.1	Mesc_XP_021631397.1	70.0	S	0.0
Asuu_AgR032_g056_t02	Mesc_XP_021631397.1	70.0	S	0.0
Blan_XP_066288490.1	Mesc_XP_021631397.1	70.0	S	0.0
Bmor_XP_012544129.1	Mpol_BFI25958.1	70.0	S	0.0
Spur_XP_011668891.1	Mpol_BFI25958.1	70.0	S	0.0
Asuu_AgR032_g056_t03	Mpol_BFI25958.1	70.0	S	0.0
Blan_XP_066288489.1	Mpol_BFI25958.1	70.0	S	0.0
Bxyl_CAG9081658.1	Mpol_BFI25958.1	70.0	S	0.0
Bmor_NP_001171912.1	Mpol_BFI25958.1	70.0	S	0.0
Apla_XP_022091406.1	Mpol_BFI25958.1	70.0	S	0.0
Apla_XP_022081175.1	Mpol_BFI25958.1	70.0	S	0.0
Apla_XP_022081177.1	Mpol_BFI25958.1	70.0	S	0.0
Asuu_AgR032_g056_t05	Mpol_BFI25958.1	70.0	S	0.0
Apla_XP_022081174.1	Mpol_BFI25958.1	70.0	S	0.0
Asuu_AgR032_g056_t02	Mpol_BFI25958.1	70.0	S	0.0
Blan_XP_066288490.1	Mpol_BFI25958.1	70.0	S	0.0
Bmor_XP_012544129.1	Cbra_GBG84133.1	70.0	S	0.0
Spur_XP_011668891.1	Cbra_GBG84133.1	70.0	S	0.0
Asuu_AgR032_g056_t03	Cbra_GBG84133.1	70.0	S	0.0
Blan_XP_066288489.1	Cbra_GBG84133.1	70.0	S	0.0
Bxyl_CAG9081658.1	Cbra_GBG84133.1	70.0	S	0.0
Bmor_NP_001171912.1	Cbra_GBG84133.1	70.0	S	0.0
Apla_XP_022091406.1	Cbra_GBG84133.1	70.0	S	0.0
Apla_XP_022081175.1	Cbra_GBG84133.1	70.0	S	0.0
Apla_XP_022081177.1	Cbra_GBG84133.1	70.0	S	0.0
Asuu_AgR032_g056_t05	Cbra_GBG84133.1	70.0	S	0.0
Apla_XP_022081174.1	Cbra_GBG84133.1	70.0	S	0.0
Asuu_AgR032_g056_t02	Cbra_GBG84133.1	70.0	S	0.0
Blan_XP_066288490.1	Cbra_GBG84133.1	70.0	S	0.0
Bmor_XP_012544129.1	Lsat_XP_023753692.1	70.0	S	0.0
Spur_XP_011668891.1	Lsat_XP_023753692.1	70.0	S	0.0
Asuu_AgR032_g056_t03	Lsat_XP_023753692.1	70.0	S	0.0
Blan_XP_066288489.1	Lsat_XP_023753692.1	70.0	S	0.0
Bxyl_CAG9081658.1	Lsat_XP_023753692.1	70.0	S	0.0
Bmor_NP_001171912.1	Lsat_XP_023753692.1	70.0	S	0.0
Apla_XP_022091406.1	Lsat_XP_023753692.1	70.0	S	0.0
Apla_XP_022081175.1	Lsat_XP_023753692.1	70.0	S	0.0
Apla_XP_022081177.1	Lsat_XP_023753692.1	70.0	S	0.0
Asuu_AgR032_g056_t05	Lsat_XP_023753692.1	70.0	S	0.0
Apla_XP_022081174.1	Lsat_XP_023753692.1	70.0	S	0.0
Asuu_AgR032_g056_t02	Lsat_XP_023753692.1	70.0	S	0.0
Blan_XP_066288490.1	Lsat_XP_023753692.1	70.0	S	0.0
Bmor_XP_012544129.1	Atha_NP_001323033.1	70.0	S	0.0
Spur_XP_011668891.1	Atha_NP_001323033.1	70.0	S	0.0
Asuu_AgR032_g056_t03	Atha_NP_001323033.1	70.0	S	0.0
Blan_XP_066288489.1	Atha_NP_001323033.1	70.0	S	0.0
Bxyl_CAG9081658.1	Atha_NP_001323033.1	70.0	S	0.0
Bmor_NP_001171912.1	Atha_NP_001323033.1	70.0	S	0.0
Apla_XP_022091406.1	Atha_NP_001323033.1	70.0	S	0.0
Apla_XP_022081175.1	Atha_NP_001323033.1	70.0	S	0.0
Apla_XP_022081177.1	Atha_NP_001323033.1	70.0	S	0.0
Asuu_AgR032_g056_t05	Atha_NP_001323033.1	70.0	S	0.0
Apla_XP_022081174.1	Atha_NP_001323033.1	70.0	S	0.0
Asuu_AgR032_g056_t02	Atha_NP_001323033.1	70.0	S	0.0
Blan_XP_066288490.1	Atha_NP_001323033.1	70.0	S	0.0
Bmor_XP_012544129.1	Sollyc_XP_069151670.1	70.0	S	0.0
Spur_XP_011668891.1	Sollyc_XP_069151670.1	70.0	S	0.0
Asuu_AgR032_g056_t03	Sollyc_XP_069151670.1	70.0	S	0.0
Blan_XP_066288489.1	Sollyc_XP_069151670.1	70.0	S	0.0
Bxyl_CAG9081658.1	Sollyc_XP_069151670.1	70.0	S	0.0
Bmor_NP_001171912.1	Sollyc_XP_069151670.1	70.0	S	0.0
Apla_XP_022091406.1	Sollyc_XP_069151670.1	70.0	S	0.0
Apla_XP_022081175.1	Sollyc_XP_069151670.1	70.0	S	0.0
Apla_XP_022081177.1	Sollyc_XP_069151670.1	70.0	S	0.0
Asuu_AgR032_g056_t05	Sollyc_XP_069151670.1	70.0	S	0.0
Apla_XP_022081174.1	Sollyc_XP_069151670.1	70.0	S	0.0
Asuu_AgR032_g056_t02	Sollyc_XP_069151670.1	70.0	S	0.0
Blan_XP_066288490.1	Sollyc_XP_069151670.1	70.0	S	0.0
Bmor_XP_012544129.1	Rchi_XP_024175049.2	70.0	S	0.0
Spur_XP_011668891.1	Rchi_XP_024175049.2	70.0	S	0.0
Asuu_AgR032_g056_t03	Rchi_XP_024175049.2	70.0	S	0.0
Blan_XP_066288489.1	Rchi_XP_024175049.2	70.0	S	0.0
Bxyl_CAG9081658.1	Rchi_XP_024175049.2	70.0	S	0.0
Bmor_NP_001171912.1	Rchi_XP_024175049.2	70.0	S	0.0
Apla_XP_022091406.1	Rchi_XP_024175049.2	70.0	S	0.0
Apla_XP_022081175.1	Rchi_XP_024175049.2	70.0	S	0.0
Apla_XP_022081177.1	Rchi_XP_024175049.2	70.0	S	0.0
Asuu_AgR032_g056_t05	Rchi_XP_024175049.2	70.0	S	0.0
Apla_XP_022081174.1	Rchi_XP_024175049.2	70.0	S	0.0
Asuu_AgR032_g056_t02	Rchi_XP_024175049.2	70.0	S	0.0
Blan_XP_066288490.1	Rchi_XP_024175049.2	70.0	S	0.0
Bmor_XP_012544129.1	Atha_NP_176761.1	70.0	S	0.0
Spur_XP_011668891.1	Atha_NP_176761.1	70.0	S	0.0
Asuu_AgR032_g056_t03	Atha_NP_176761.1	70.0	S	0.0
Blan_XP_066288489.1	Atha_NP_176761.1	70.0	S	0.0
Bxyl_CAG9081658.1	Atha_NP_176761.1	70.0	S	0.0
Bmor_NP_001171912.1	Atha_NP_176761.1	70.0	S	0.0
Apla_XP_022091406.1	Atha_NP_176761.1	70.0	S	0.0
Apla_XP_022081175.1	Atha_NP_176761.1	70.0	S	0.0
Apla_XP_022081177.1	Atha_NP_176761.1	70.0	S	0.0
Asuu_AgR032_g056_t05	Atha_NP_176761.1	70.0	S	0.0
Apla_XP_022081174.1	Atha_NP_176761.1	70.0	S	0.0
Asuu_AgR032_g056_t02	Atha_NP_176761.1	70.0	S	0.0
Blan_XP_066288490.1	Atha_NP_176761.1	70.0	S	0.0
Bmor_XP_012544129.1	Mtru_XP_003611271.3	70.0	S	0.0
Spur_XP_011668891.1	Mtru_XP_003611271.3	70.0	S	0.0
Asuu_AgR032_g056_t03	Mtru_XP_003611271.3	70.0	S	0.0
Blan_XP_066288489.1	Mtru_XP_003611271.3	70.0	S	0.0
Bxyl_CAG9081658.1	Mtru_XP_003611271.3	70.0	S	0.0
Bmor_NP_001171912.1	Mtru_XP_003611271.3	70.0	S	0.0
Apla_XP_022091406.1	Mtru_XP_003611271.3	70.0	S	0.0
Apla_XP_022081175.1	Mtru_XP_003611271.3	70.0	S	0.0
Apla_XP_022081177.1	Mtru_XP_003611271.3	70.0	S	0.0
Asuu_AgR032_g056_t05	Mtru_XP_003611271.3	70.0	S	0.0
Apla_XP_022081174.1	Mtru_XP_003611271.3	70.0	S	0.0
Asuu_AgR032_g056_t02	Mtru_XP_003611271.3	70.0	S	0.0
Blan_XP_066288490.1	Mtru_XP_003611271.3	70.0	S	0.0
Bmor_XP_012544129.1	Atha_NP_001321123.1	70.0	S	0.0
Spur_XP_011668891.1	Atha_NP_001321123.1	70.0	S	0.0
Asuu_AgR032_g056_t03	Atha_NP_001321123.1	70.0	S	0.0
Blan_XP_066288489.1	Atha_NP_001321123.1	70.0	S	0.0
Bxyl_CAG9081658.1	Atha_NP_001321123.1	70.0	S	0.0
Bmor_NP_001171912.1	Atha_NP_001321123.1	70.0	S	0.0
Apla_XP_022091406.1	Atha_NP_001321123.1	70.0	S	0.0
Apla_XP_022081175.1	Atha_NP_001321123.1	70.0	S	0.0
Apla_XP_022081177.1	Atha_NP_001321123.1	70.0	S	0.0
Asuu_AgR032_g056_t05	Atha_NP_001321123.1	70.0	S	0.0
Apla_XP_022081174.1	Atha_NP_001321123.1	70.0	S	0.0
Asuu_AgR032_g056_t02	Atha_NP_001321123.1	70.0	S	0.0
Blan_XP_066288490.1	Atha_NP_001321123.1	70.0	S	0.0
Bmor_XP_012544129.1	Qlob_XP_030947988.1	70.0	S	0.0
Spur_XP_011668891.1	Qlob_XP_030947988.1	70.0	S	0.0
Asuu_AgR032_g056_t03	Qlob_XP_030947988.1	70.0	S	0.0
Blan_XP_066288489.1	Qlob_XP_030947988.1	70.0	S	0.0
Bxyl_CAG9081658.1	Qlob_XP_030947988.1	70.0	S	0.0
Bmor_NP_001171912.1	Qlob_XP_030947988.1	70.0	S	0.0
Apla_XP_022091406.1	Qlob_XP_030947988.1	70.0	S	0.0
Apla_XP_022081175.1	Qlob_XP_030947988.1	70.0	S	0.0
Apla_XP_022081177.1	Qlob_XP_030947988.1	70.0	S	0.0
Asuu_AgR032_g056_t05	Qlob_XP_030947988.1	70.0	S	0.0
Apla_XP_022081174.1	Qlob_XP_030947988.1	70.0	S	0.0
Asuu_AgR032_g056_t02	Qlob_XP_030947988.1	70.0	S	0.0
Blan_XP_066288490.1	Qlob_XP_030947988.1	70.0	S	0.0
Bmor_XP_012544129.1	Ppat_XP_024389141.1	70.0	S	0.0
Spur_XP_011668891.1	Ppat_XP_024389141.1	70.0	S	0.0
Asuu_AgR032_g056_t03	Ppat_XP_024389141.1	70.0	S	0.0
Blan_XP_066288489.1	Ppat_XP_024389141.1	70.0	S	0.0
Bxyl_CAG9081658.1	Ppat_XP_024389141.1	70.0	S	0.0
Bmor_NP_001171912.1	Ppat_XP_024389141.1	70.0	S	0.0
Apla_XP_022091406.1	Ppat_XP_024389141.1	70.0	S	0.0
Apla_XP_022081175.1	Ppat_XP_024389141.1	70.0	S	0.0
Apla_XP_022081177.1	Ppat_XP_024389141.1	70.0	S	0.0
Asuu_AgR032_g056_t05	Ppat_XP_024389141.1	70.0	S	0.0
Apla_XP_022081174.1	Ppat_XP_024389141.1	70.0	S	0.0
Asuu_AgR032_g056_t02	Ppat_XP_024389141.1	70.0	S	0.0
Blan_XP_066288490.1	Ppat_XP_024389141.1	70.0	S	0.0
Bmor_XP_012544129.1	Sollyc_XP_069151685.1	70.0	S	0.0
Spur_XP_011668891.1	Sollyc_XP_069151685.1	70.0	S	0.0
Asuu_AgR032_g056_t03	Sollyc_XP_069151685.1	70.0	S	0.0
Blan_XP_066288489.1	Sollyc_XP_069151685.1	70.0	S	0.0
Bxyl_CAG9081658.1	Sollyc_XP_069151685.1	70.0	S	0.0
Bmor_NP_001171912.1	Sollyc_XP_069151685.1	70.0	S	0.0
Apla_XP_022091406.1	Sollyc_XP_069151685.1	70.0	S	0.0
Apla_XP_022081175.1	Sollyc_XP_069151685.1	70.0	S	0.0
Apla_XP_022081177.1	Sollyc_XP_069151685.1	70.0	S	0.0
Asuu_AgR032_g056_t05	Sollyc_XP_069151685.1	70.0	S	0.0
Apla_XP_022081174.1	Sollyc_XP_069151685.1	70.0	S	0.0
Asuu_AgR032_g056_t02	Sollyc_XP_069151685.1	70.0	S	0.0
Blan_XP_066288490.1	Sollyc_XP_069151685.1	70.0	S	0.0
Bmor_XP_012544129.1	Mesc_XP_021595827.2	70.0	S	0.0
Spur_XP_011668891.1	Mesc_XP_021595827.2	70.0	S	0.0
Asuu_AgR032_g056_t03	Mesc_XP_021595827.2	70.0	S	0.0
Blan_XP_066288489.1	Mesc_XP_021595827.2	70.0	S	0.0
Bxyl_CAG9081658.1	Mesc_XP_021595827.2	70.0	S	0.0
Bmor_NP_001171912.1	Mesc_XP_021595827.2	70.0	S	0.0
Apla_XP_022091406.1	Mesc_XP_021595827.2	70.0	S	0.0
Apla_XP_022081175.1	Mesc_XP_021595827.2	70.0	S	0.0
Apla_XP_022081177.1	Mesc_XP_021595827.2	70.0	S	0.0
Asuu_AgR032_g056_t05	Mesc_XP_021595827.2	70.0	S	0.0
Apla_XP_022081174.1	Mesc_XP_021595827.2	70.0	S	0.0
Asuu_AgR032_g056_t02	Mesc_XP_021595827.2	70.0	S	0.0
Blan_XP_066288490.1	Mesc_XP_021595827.2	70.0	S	0.0
Bmor_XP_012544129.1	Qlob_XP_030945346.1	70.0	S	0.0
Spur_XP_011668891.1	Qlob_XP_030945346.1	70.0	S	0.0
Asuu_AgR032_g056_t03	Qlob_XP_030945346.1	70.0	S	0.0
Blan_XP_066288489.1	Qlob_XP_030945346.1	70.0	S	0.0
Bxyl_CAG9081658.1	Qlob_XP_030945346.1	70.0	S	0.0
Bmor_NP_001171912.1	Qlob_XP_030945346.1	70.0	S	0.0
Apla_XP_022091406.1	Qlob_XP_030945346.1	70.0	S	0.0
Apla_XP_022081175.1	Qlob_XP_030945346.1	70.0	S	0.0
Apla_XP_022081177.1	Qlob_XP_030945346.1	70.0	S	0.0
Asuu_AgR032_g056_t05	Qlob_XP_030945346.1	70.0	S	0.0
Apla_XP_022081174.1	Qlob_XP_030945346.1	70.0	S	0.0
Asuu_AgR032_g056_t02	Qlob_XP_030945346.1	70.0	S	0.0
Blan_XP_066288490.1	Qlob_XP_030945346.1	70.0	S	0.0
Bmor_XP_012544129.1	Osat_XP_066161104.1	70.0	S	0.0
Spur_XP_011668891.1	Osat_XP_066161104.1	70.0	S	0.0
Asuu_AgR032_g056_t03	Osat_XP_066161104.1	70.0	S	0.0
Blan_XP_066288489.1	Osat_XP_066161104.1	70.0	S	0.0
Bxyl_CAG9081658.1	Osat_XP_066161104.1	70.0	S	0.0
Bmor_NP_001171912.1	Osat_XP_066161104.1	70.0	S	0.0
Apla_XP_022091406.1	Osat_XP_066161104.1	70.0	S	0.0
Apla_XP_022081175.1	Osat_XP_066161104.1	70.0	S	0.0
Apla_XP_022081177.1	Osat_XP_066161104.1	70.0	S	0.0
Asuu_AgR032_g056_t05	Osat_XP_066161104.1	70.0	S	0.0
Apla_XP_022081174.1	Osat_XP_066161104.1	70.0	S	0.0
Asuu_AgR032_g056_t02	Osat_XP_066161104.1	70.0	S	0.0
Blan_XP_066288490.1	Osat_XP_066161104.1	70.0	S	0.0
Bmor_XP_012544129.1	Bnap_XP_013697440.2	70.0	S	0.0
Spur_XP_011668891.1	Bnap_XP_013697440.2	70.0	S	0.0
Asuu_AgR032_g056_t03	Bnap_XP_013697440.2	70.0	S	0.0
Blan_XP_066288489.1	Bnap_XP_013697440.2	70.0	S	0.0
Bxyl_CAG9081658.1	Bnap_XP_013697440.2	70.0	S	0.0
Bmor_NP_001171912.1	Bnap_XP_013697440.2	70.0	S	0.0
Apla_XP_022091406.1	Bnap_XP_013697440.2	70.0	S	0.0
Apla_XP_022081175.1	Bnap_XP_013697440.2	70.0	S	0.0
Apla_XP_022081177.1	Bnap_XP_013697440.2	70.0	S	0.0
Asuu_AgR032_g056_t05	Bnap_XP_013697440.2	70.0	S	0.0
Apla_XP_022081174.1	Bnap_XP_013697440.2	70.0	S	0.0
Asuu_AgR032_g056_t02	Bnap_XP_013697440.2	70.0	S	0.0
Blan_XP_066288490.1	Bnap_XP_013697440.2	70.0	S	0.0
Bmor_XP_012544129.1	Atha_NP_172677.1	70.0	S	0.0
Spur_XP_011668891.1	Atha_NP_172677.1	70.0	S	0.0
Asuu_AgR032_g056_t03	Atha_NP_172677.1	70.0	S	0.0
Blan_XP_066288489.1	Atha_NP_172677.1	70.0	S	0.0
Bxyl_CAG9081658.1	Atha_NP_172677.1	70.0	S	0.0
Bmor_NP_001171912.1	Atha_NP_172677.1	70.0	S	0.0
Apla_XP_022091406.1	Atha_NP_172677.1	70.0	S	0.0
Apla_XP_022081175.1	Atha_NP_172677.1	70.0	S	0.0
Apla_XP_022081177.1	Atha_NP_172677.1	70.0	S	0.0
Asuu_AgR032_g056_t05	Atha_NP_172677.1	70.0	S	0.0
Apla_XP_022081174.1	Atha_NP_172677.1	70.0	S	0.0
Asuu_AgR032_g056_t02	Atha_NP_172677.1	70.0	S	0.0
Blan_XP_066288490.1	Atha_NP_172677.1	70.0	S	0.0
Bmor_XP_012544129.1	Psat_XP_050907108.1	70.0	S	0.0
Spur_XP_011668891.1	Psat_XP_050907108.1	70.0	S	0.0
Asuu_AgR032_g056_t03	Psat_XP_050907108.1	70.0	S	0.0
Blan_XP_066288489.1	Psat_XP_050907108.1	70.0	S	0.0
Bxyl_CAG9081658.1	Psat_XP_050907108.1	70.0	S	0.0
Bmor_NP_001171912.1	Psat_XP_050907108.1	70.0	S	0.0
Apla_XP_022091406.1	Psat_XP_050907108.1	70.0	S	0.0
Apla_XP_022081175.1	Psat_XP_050907108.1	70.0	S	0.0
Apla_XP_022081177.1	Psat_XP_050907108.1	70.0	S	0.0
Asuu_AgR032_g056_t05	Psat_XP_050907108.1	70.0	S	0.0
Apla_XP_022081174.1	Psat_XP_050907108.1	70.0	S	0.0
Asuu_AgR032_g056_t02	Psat_XP_050907108.1	70.0	S	0.0
Blan_XP_066288490.1	Psat_XP_050907108.1	70.0	S	0.0
Bmor_XP_012544129.1	Bnap_XP_048590916.1	70.0	S	0.0
Spur_XP_011668891.1	Bnap_XP_048590916.1	70.0	S	0.0
Asuu_AgR032_g056_t03	Bnap_XP_048590916.1	70.0	S	0.0
Blan_XP_066288489.1	Bnap_XP_048590916.1	70.0	S	0.0
Bxyl_CAG9081658.1	Bnap_XP_048590916.1	70.0	S	0.0
Bmor_NP_001171912.1	Bnap_XP_048590916.1	70.0	S	0.0
Apla_XP_022091406.1	Bnap_XP_048590916.1	70.0	S	0.0
Apla_XP_022081175.1	Bnap_XP_048590916.1	70.0	S	0.0
Apla_XP_022081177.1	Bnap_XP_048590916.1	70.0	S	0.0
Asuu_AgR032_g056_t05	Bnap_XP_048590916.1	70.0	S	0.0
Apla_XP_022081174.1	Bnap_XP_048590916.1	70.0	S	0.0
Asuu_AgR032_g056_t02	Bnap_XP_048590916.1	70.0	S	0.0
Blan_XP_066288490.1	Bnap_XP_048590916.1	70.0	S	0.0
Bmor_XP_012544129.1	Atha_NP_172680.1	70.0	S	0.0
Spur_XP_011668891.1	Atha_NP_172680.1	70.0	S	0.0
Asuu_AgR032_g056_t03	Atha_NP_172680.1	70.0	S	0.0
Blan_XP_066288489.1	Atha_NP_172680.1	70.0	S	0.0
Bxyl_CAG9081658.1	Atha_NP_172680.1	70.0	S	0.0
Bmor_NP_001171912.1	Atha_NP_172680.1	70.0	S	0.0
Apla_XP_022091406.1	Atha_NP_172680.1	70.0	S	0.0
Apla_XP_022081175.1	Atha_NP_172680.1	70.0	S	0.0
Apla_XP_022081177.1	Atha_NP_172680.1	70.0	S	0.0
Asuu_AgR032_g056_t05	Atha_NP_172680.1	70.0	S	0.0
Apla_XP_022081174.1	Atha_NP_172680.1	70.0	S	0.0
Asuu_AgR032_g056_t02	Atha_NP_172680.1	70.0	S	0.0
Blan_XP_066288490.1	Atha_NP_172680.1	70.0	S	0.0
Bmor_XP_012544129.1	Mtru_XP_003627756.1	70.0	S	0.0
Spur_XP_011668891.1	Mtru_XP_003627756.1	70.0	S	0.0
Asuu_AgR032_g056_t03	Mtru_XP_003627756.1	70.0	S	0.0
Blan_XP_066288489.1	Mtru_XP_003627756.1	70.0	S	0.0
Bxyl_CAG9081658.1	Mtru_XP_003627756.1	70.0	S	0.0
Bmor_NP_001171912.1	Mtru_XP_003627756.1	70.0	S	0.0
Apla_XP_022091406.1	Mtru_XP_003627756.1	70.0	S	0.0
Apla_XP_022081175.1	Mtru_XP_003627756.1	70.0	S	0.0
Apla_XP_022081177.1	Mtru_XP_003627756.1	70.0	S	0.0
Asuu_AgR032_g056_t05	Mtru_XP_003627756.1	70.0	S	0.0
Apla_XP_022081174.1	Mtru_XP_003627756.1	70.0	S	0.0
Asuu_AgR032_g056_t02	Mtru_XP_003627756.1	70.0	S	0.0
Blan_XP_066288490.1	Mtru_XP_003627756.1	70.0	S	0.0
Bmor_XP_012544129.1	Tura_XP_048531116.1	70.0	S	0.0
Spur_XP_011668891.1	Tura_XP_048531116.1	70.0	S	0.0
Asuu_AgR032_g056_t03	Tura_XP_048531116.1	70.0	S	0.0
Blan_XP_066288489.1	Tura_XP_048531116.1	70.0	S	0.0
Bxyl_CAG9081658.1	Tura_XP_048531116.1	70.0	S	0.0
Bmor_NP_001171912.1	Tura_XP_048531116.1	70.0	S	0.0
Apla_XP_022091406.1	Tura_XP_048531116.1	70.0	S	0.0
Apla_XP_022081175.1	Tura_XP_048531116.1	70.0	S	0.0
Apla_XP_022081177.1	Tura_XP_048531116.1	70.0	S	0.0
Asuu_AgR032_g056_t05	Tura_XP_048531116.1	70.0	S	0.0
Apla_XP_022081174.1	Tura_XP_048531116.1	70.0	S	0.0
Asuu_AgR032_g056_t02	Tura_XP_048531116.1	70.0	S	0.0
Blan_XP_066288490.1	Tura_XP_048531116.1	70.0	S	0.0
Bmor_XP_012544129.1	Tura_XP_048561221.1	70.0	S	0.0
Spur_XP_011668891.1	Tura_XP_048561221.1	70.0	S	0.0
Asuu_AgR032_g056_t03	Tura_XP_048561221.1	70.0	S	0.0
Blan_XP_066288489.1	Tura_XP_048561221.1	70.0	S	0.0
Bxyl_CAG9081658.1	Tura_XP_048561221.1	70.0	S	0.0
Bmor_NP_001171912.1	Tura_XP_048561221.1	70.0	S	0.0
Apla_XP_022091406.1	Tura_XP_048561221.1	70.0	S	0.0
Apla_XP_022081175.1	Tura_XP_048561221.1	70.0	S	0.0
Apla_XP_022081177.1	Tura_XP_048561221.1	70.0	S	0.0
Asuu_AgR032_g056_t05	Tura_XP_048561221.1	70.0	S	0.0
Apla_XP_022081174.1	Tura_XP_048561221.1	70.0	S	0.0
Asuu_AgR032_g056_t02	Tura_XP_048561221.1	70.0	S	0.0
Blan_XP_066288490.1	Tura_XP_048561221.1	70.0	S	0.0
Bmor_XP_012544129.1	Rchi_XP_024168687.2	70.0	S	0.0
Spur_XP_011668891.1	Rchi_XP_024168687.2	70.0	S	0.0
Asuu_AgR032_g056_t03	Rchi_XP_024168687.2	70.0	S	0.0
Blan_XP_066288489.1	Rchi_XP_024168687.2	70.0	S	0.0
Bxyl_CAG9081658.1	Rchi_XP_024168687.2	70.0	S	0.0
Bmor_NP_001171912.1	Rchi_XP_024168687.2	70.0	S	0.0
Apla_XP_022091406.1	Rchi_XP_024168687.2	70.0	S	0.0
Apla_XP_022081175.1	Rchi_XP_024168687.2	70.0	S	0.0
Apla_XP_022081177.1	Rchi_XP_024168687.2	70.0	S	0.0
Asuu_AgR032_g056_t05	Rchi_XP_024168687.2	70.0	S	0.0
Apla_XP_022081174.1	Rchi_XP_024168687.2	70.0	S	0.0
Asuu_AgR032_g056_t02	Rchi_XP_024168687.2	70.0	S	0.0
Blan_XP_066288490.1	Rchi_XP_024168687.2	70.0	S	0.0
Bmor_XP_012544129.1	Sollyc_XP_069151684.1	70.0	S	0.0
Spur_XP_011668891.1	Sollyc_XP_069151684.1	70.0	S	0.0
Asuu_AgR032_g056_t03	Sollyc_XP_069151684.1	70.0	S	0.0
Blan_XP_066288489.1	Sollyc_XP_069151684.1	70.0	S	0.0
Bxyl_CAG9081658.1	Sollyc_XP_069151684.1	70.0	S	0.0
Bmor_NP_001171912.1	Sollyc_XP_069151684.1	70.0	S	0.0
Apla_XP_022091406.1	Sollyc_XP_069151684.1	70.0	S	0.0
Apla_XP_022081175.1	Sollyc_XP_069151684.1	70.0	S	0.0
Apla_XP_022081177.1	Sollyc_XP_069151684.1	70.0	S	0.0
Asuu_AgR032_g056_t05	Sollyc_XP_069151684.1	70.0	S	0.0
Apla_XP_022081174.1	Sollyc_XP_069151684.1	70.0	S	0.0
Asuu_AgR032_g056_t02	Sollyc_XP_069151684.1	70.0	S	0.0
Blan_XP_066288490.1	Sollyc_XP_069151684.1	70.0	S	0.0
Bmor_XP_012544129.1	Sollyc_XP_069151672.1	70.0	S	0.0
Spur_XP_011668891.1	Sollyc_XP_069151672.1	70.0	S	0.0
Asuu_AgR032_g056_t03	Sollyc_XP_069151672.1	70.0	S	0.0
Blan_XP_066288489.1	Sollyc_XP_069151672.1	70.0	S	0.0
Bxyl_CAG9081658.1	Sollyc_XP_069151672.1	70.0	S	0.0
Bmor_NP_001171912.1	Sollyc_XP_069151672.1	70.0	S	0.0
Apla_XP_022091406.1	Sollyc_XP_069151672.1	70.0	S	0.0
Apla_XP_022081175.1	Sollyc_XP_069151672.1	70.0	S	0.0
Apla_XP_022081177.1	Sollyc_XP_069151672.1	70.0	S	0.0
Asuu_AgR032_g056_t05	Sollyc_XP_069151672.1	70.0	S	0.0
Apla_XP_022081174.1	Sollyc_XP_069151672.1	70.0	S	0.0
Asuu_AgR032_g056_t02	Sollyc_XP_069151672.1	70.0	S	0.0
Blan_XP_066288490.1	Sollyc_XP_069151672.1	70.0	S	0.0
Bmor_XP_012544129.1	Psat_XP_050873161.1	70.0	S	0.0
Spur_XP_011668891.1	Psat_XP_050873161.1	70.0	S	0.0
Asuu_AgR032_g056_t03	Psat_XP_050873161.1	70.0	S	0.0
Blan_XP_066288489.1	Psat_XP_050873161.1	70.0	S	0.0
Bxyl_CAG9081658.1	Psat_XP_050873161.1	70.0	S	0.0
Bmor_NP_001171912.1	Psat_XP_050873161.1	70.0	S	0.0
Apla_XP_022091406.1	Psat_XP_050873161.1	70.0	S	0.0
Apla_XP_022081175.1	Psat_XP_050873161.1	70.0	S	0.0
Apla_XP_022081177.1	Psat_XP_050873161.1	70.0	S	0.0
Asuu_AgR032_g056_t05	Psat_XP_050873161.1	70.0	S	0.0
Apla_XP_022081174.1	Psat_XP_050873161.1	70.0	S	0.0
Asuu_AgR032_g056_t02	Psat_XP_050873161.1	70.0	S	0.0
Blan_XP_066288490.1	Psat_XP_050873161.1	70.0	S	0.0
Bmor_XP_012544129.1	Sollyc_XP_069151681.1	70.0	S	0.0
Spur_XP_011668891.1	Sollyc_XP_069151681.1	70.0	S	0.0
Asuu_AgR032_g056_t03	Sollyc_XP_069151681.1	70.0	S	0.0
Blan_XP_066288489.1	Sollyc_XP_069151681.1	70.0	S	0.0
Bxyl_CAG9081658.1	Sollyc_XP_069151681.1	70.0	S	0.0
Bmor_NP_001171912.1	Sollyc_XP_069151681.1	70.0	S	0.0
Apla_XP_022091406.1	Sollyc_XP_069151681.1	70.0	S	0.0
Apla_XP_022081175.1	Sollyc_XP_069151681.1	70.0	S	0.0
Apla_XP_022081177.1	Sollyc_XP_069151681.1	70.0	S	0.0
Asuu_AgR032_g056_t05	Sollyc_XP_069151681.1	70.0	S	0.0
Apla_XP_022081174.1	Sollyc_XP_069151681.1	70.0	S	0.0
Asuu_AgR032_g056_t02	Sollyc_XP_069151681.1	70.0	S	0.0
Blan_XP_066288490.1	Sollyc_XP_069151681.1	70.0	S	0.0
Bmor_XP_012544129.1	Atha_NP_001322976.1	70.0	S	0.0
Spur_XP_011668891.1	Atha_NP_001322976.1	70.0	S	0.0
Asuu_AgR032_g056_t03	Atha_NP_001322976.1	70.0	S	0.0
Blan_XP_066288489.1	Atha_NP_001322976.1	70.0	S	0.0
Bxyl_CAG9081658.1	Atha_NP_001322976.1	70.0	S	0.0
Bmor_NP_001171912.1	Atha_NP_001322976.1	70.0	S	0.0
Apla_XP_022091406.1	Atha_NP_001322976.1	70.0	S	0.0
Apla_XP_022081175.1	Atha_NP_001322976.1	70.0	S	0.0
Apla_XP_022081177.1	Atha_NP_001322976.1	70.0	S	0.0
Asuu_AgR032_g056_t05	Atha_NP_001322976.1	70.0	S	0.0
Apla_XP_022081174.1	Atha_NP_001322976.1	70.0	S	0.0
Asuu_AgR032_g056_t02	Atha_NP_001322976.1	70.0	S	0.0
Blan_XP_066288490.1	Atha_NP_001322976.1	70.0	S	0.0
Bmor_XP_012544129.1	Rchi_XP_024174811.1	70.0	S	0.0
Spur_XP_011668891.1	Rchi_XP_024174811.1	70.0	S	0.0
Asuu_AgR032_g056_t03	Rchi_XP_024174811.1	70.0	S	0.0
Blan_XP_066288489.1	Rchi_XP_024174811.1	70.0	S	0.0
Bxyl_CAG9081658.1	Rchi_XP_024174811.1	70.0	S	0.0
Bmor_NP_001171912.1	Rchi_XP_024174811.1	70.0	S	0.0
Apla_XP_022091406.1	Rchi_XP_024174811.1	70.0	S	0.0
Apla_XP_022081175.1	Rchi_XP_024174811.1	70.0	S	0.0
Apla_XP_022081177.1	Rchi_XP_024174811.1	70.0	S	0.0
Asuu_AgR032_g056_t05	Rchi_XP_024174811.1	70.0	S	0.0
Apla_XP_022081174.1	Rchi_XP_024174811.1	70.0	S	0.0
Asuu_AgR032_g056_t02	Rchi_XP_024174811.1	70.0	S	0.0
Blan_XP_066288490.1	Rchi_XP_024174811.1	70.0	S	0.0
Bmor_XP_012544129.1	Qlob_XP_030939389.1	70.0	S	0.0
Spur_XP_011668891.1	Qlob_XP_030939389.1	70.0	S	0.0
Asuu_AgR032_g056_t03	Qlob_XP_030939389.1	70.0	S	0.0
Blan_XP_066288489.1	Qlob_XP_030939389.1	70.0	S	0.0
Bxyl_CAG9081658.1	Qlob_XP_030939389.1	70.0	S	0.0
Bmor_NP_001171912.1	Qlob_XP_030939389.1	70.0	S	0.0
Apla_XP_022091406.1	Qlob_XP_030939389.1	70.0	S	0.0
Apla_XP_022081175.1	Qlob_XP_030939389.1	70.0	S	0.0
Apla_XP_022081177.1	Qlob_XP_030939389.1	70.0	S	0.0
Asuu_AgR032_g056_t05	Qlob_XP_030939389.1	70.0	S	0.0
Apla_XP_022081174.1	Qlob_XP_030939389.1	70.0	S	0.0
Asuu_AgR032_g056_t02	Qlob_XP_030939389.1	70.0	S	0.0
Blan_XP_066288490.1	Qlob_XP_030939389.1	70.0	S	0.0
Bmor_XP_012544129.1	Atha_NP_001323223.1	70.0	S	0.0
Spur_XP_011668891.1	Atha_NP_001323223.1	70.0	S	0.0
Asuu_AgR032_g056_t03	Atha_NP_001323223.1	70.0	S	0.0
Blan_XP_066288489.1	Atha_NP_001323223.1	70.0	S	0.0
Bxyl_CAG9081658.1	Atha_NP_001323223.1	70.0	S	0.0
Bmor_NP_001171912.1	Atha_NP_001323223.1	70.0	S	0.0
Apla_XP_022091406.1	Atha_NP_001323223.1	70.0	S	0.0
Apla_XP_022081175.1	Atha_NP_001323223.1	70.0	S	0.0
Apla_XP_022081177.1	Atha_NP_001323223.1	70.0	S	0.0
Asuu_AgR032_g056_t05	Atha_NP_001323223.1	70.0	S	0.0
Apla_XP_022081174.1	Atha_NP_001323223.1	70.0	S	0.0
Asuu_AgR032_g056_t02	Atha_NP_001323223.1	70.0	S	0.0
Blan_XP_066288490.1	Atha_NP_001323223.1	70.0	S	0.0
Bmor_XP_012544129.1	Bnap_XP_013657481.2	70.0	S	0.0
Spur_XP_011668891.1	Bnap_XP_013657481.2	70.0	S	0.0
Asuu_AgR032_g056_t03	Bnap_XP_013657481.2	70.0	S	0.0
Blan_XP_066288489.1	Bnap_XP_013657481.2	70.0	S	0.0
Bxyl_CAG9081658.1	Bnap_XP_013657481.2	70.0	S	0.0
Bmor_NP_001171912.1	Bnap_XP_013657481.2	70.0	S	0.0
Apla_XP_022091406.1	Bnap_XP_013657481.2	70.0	S	0.0
Apla_XP_022081175.1	Bnap_XP_013657481.2	70.0	S	0.0
Apla_XP_022081177.1	Bnap_XP_013657481.2	70.0	S	0.0
Asuu_AgR032_g056_t05	Bnap_XP_013657481.2	70.0	S	0.0
Apla_XP_022081174.1	Bnap_XP_013657481.2	70.0	S	0.0
Asuu_AgR032_g056_t02	Bnap_XP_013657481.2	70.0	S	0.0
Blan_XP_066288490.1	Bnap_XP_013657481.2	70.0	S	0.0
Bmor_XP_012544129.1	Atha_NP_001321124.1	70.0	S	0.0
Spur_XP_011668891.1	Atha_NP_001321124.1	70.0	S	0.0
Asuu_AgR032_g056_t03	Atha_NP_001321124.1	70.0	S	0.0
Blan_XP_066288489.1	Atha_NP_001321124.1	70.0	S	0.0
Bxyl_CAG9081658.1	Atha_NP_001321124.1	70.0	S	0.0
Bmor_NP_001171912.1	Atha_NP_001321124.1	70.0	S	0.0
Apla_XP_022091406.1	Atha_NP_001321124.1	70.0	S	0.0
Apla_XP_022081175.1	Atha_NP_001321124.1	70.0	S	0.0
Apla_XP_022081177.1	Atha_NP_001321124.1	70.0	S	0.0
Asuu_AgR032_g056_t05	Atha_NP_001321124.1	70.0	S	0.0
Apla_XP_022081174.1	Atha_NP_001321124.1	70.0	S	0.0
Asuu_AgR032_g056_t02	Atha_NP_001321124.1	70.0	S	0.0
Blan_XP_066288490.1	Atha_NP_001321124.1	70.0	S	0.0
Bmor_XP_012544129.1	Rchi_XP_024168689.2	70.0	S	0.0
Spur_XP_011668891.1	Rchi_XP_024168689.2	70.0	S	0.0
Asuu_AgR032_g056_t03	Rchi_XP_024168689.2	70.0	S	0.0
Blan_XP_066288489.1	Rchi_XP_024168689.2	70.0	S	0.0
Bxyl_CAG9081658.1	Rchi_XP_024168689.2	70.0	S	0.0
Bmor_NP_001171912.1	Rchi_XP_024168689.2	70.0	S	0.0
Apla_XP_022091406.1	Rchi_XP_024168689.2	70.0	S	0.0
Apla_XP_022081175.1	Rchi_XP_024168689.2	70.0	S	0.0
Apla_XP_022081177.1	Rchi_XP_024168689.2	70.0	S	0.0
Asuu_AgR032_g056_t05	Rchi_XP_024168689.2	70.0	S	0.0
Apla_XP_022081174.1	Rchi_XP_024168689.2	70.0	S	0.0
Asuu_AgR032_g056_t02	Rchi_XP_024168689.2	70.0	S	0.0
Blan_XP_066288490.1	Rchi_XP_024168689.2	70.0	S	0.0
Bmor_XP_012544129.1	Tura_XP_048535967.1	70.0	S	0.0
Spur_XP_011668891.1	Tura_XP_048535967.1	70.0	S	0.0
Asuu_AgR032_g056_t03	Tura_XP_048535967.1	70.0	S	0.0
Blan_XP_066288489.1	Tura_XP_048535967.1	70.0	S	0.0
Bxyl_CAG9081658.1	Tura_XP_048535967.1	70.0	S	0.0
Bmor_NP_001171912.1	Tura_XP_048535967.1	70.0	S	0.0
Apla_XP_022091406.1	Tura_XP_048535967.1	70.0	S	0.0
Apla_XP_022081175.1	Tura_XP_048535967.1	70.0	S	0.0
Apla_XP_022081177.1	Tura_XP_048535967.1	70.0	S	0.0
Asuu_AgR032_g056_t05	Tura_XP_048535967.1	70.0	S	0.0
Apla_XP_022081174.1	Tura_XP_048535967.1	70.0	S	0.0
Asuu_AgR032_g056_t02	Tura_XP_048535967.1	70.0	S	0.0
Blan_XP_066288490.1	Tura_XP_048535967.1	70.0	S	0.0
Bmor_XP_012544129.1	Bdis_XP_003571012.1	70.0	S	0.0
Spur_XP_011668891.1	Bdis_XP_003571012.1	70.0	S	0.0
Asuu_AgR032_g056_t03	Bdis_XP_003571012.1	70.0	S	0.0
Blan_XP_066288489.1	Bdis_XP_003571012.1	70.0	S	0.0
Bxyl_CAG9081658.1	Bdis_XP_003571012.1	70.0	S	0.0
Bmor_NP_001171912.1	Bdis_XP_003571012.1	70.0	S	0.0
Apla_XP_022091406.1	Bdis_XP_003571012.1	70.0	S	0.0
Apla_XP_022081175.1	Bdis_XP_003571012.1	70.0	S	0.0
Apla_XP_022081177.1	Bdis_XP_003571012.1	70.0	S	0.0
Asuu_AgR032_g056_t05	Bdis_XP_003571012.1	70.0	S	0.0
Apla_XP_022081174.1	Bdis_XP_003571012.1	70.0	S	0.0
Asuu_AgR032_g056_t02	Bdis_XP_003571012.1	70.0	S	0.0
Blan_XP_066288490.1	Bdis_XP_003571012.1	70.0	S	0.0
Bmor_XP_012544129.1	Atha_NP_564797.1	70.0	S	0.0
Spur_XP_011668891.1	Atha_NP_564797.1	70.0	S	0.0
Asuu_AgR032_g056_t03	Atha_NP_564797.1	70.0	S	0.0
Blan_XP_066288489.1	Atha_NP_564797.1	70.0	S	0.0
Bxyl_CAG9081658.1	Atha_NP_564797.1	70.0	S	0.0
Bmor_NP_001171912.1	Atha_NP_564797.1	70.0	S	0.0
Apla_XP_022091406.1	Atha_NP_564797.1	70.0	S	0.0
Apla_XP_022081175.1	Atha_NP_564797.1	70.0	S	0.0
Apla_XP_022081177.1	Atha_NP_564797.1	70.0	S	0.0
Asuu_AgR032_g056_t05	Atha_NP_564797.1	70.0	S	0.0
Apla_XP_022081174.1	Atha_NP_564797.1	70.0	S	0.0
Asuu_AgR032_g056_t02	Atha_NP_564797.1	70.0	S	0.0
Blan_XP_066288490.1	Atha_NP_564797.1	70.0	S	0.0
Bmor_XP_012544129.1	Osat_XP_015645788.1	70.0	S	0.0
Spur_XP_011668891.1	Osat_XP_015645788.1	70.0	S	0.0
Asuu_AgR032_g056_t03	Osat_XP_015645788.1	70.0	S	0.0
Blan_XP_066288489.1	Osat_XP_015645788.1	70.0	S	0.0
Bxyl_CAG9081658.1	Osat_XP_015645788.1	70.0	S	0.0
Bmor_NP_001171912.1	Osat_XP_015645788.1	70.0	S	0.0
Apla_XP_022091406.1	Osat_XP_015645788.1	70.0	S	0.0
Apla_XP_022081175.1	Osat_XP_015645788.1	70.0	S	0.0
Apla_XP_022081177.1	Osat_XP_015645788.1	70.0	S	0.0
Asuu_AgR032_g056_t05	Osat_XP_015645788.1	70.0	S	0.0
Apla_XP_022081174.1	Osat_XP_015645788.1	70.0	S	0.0
Asuu_AgR032_g056_t02	Osat_XP_015645788.1	70.0	S	0.0
Blan_XP_066288490.1	Osat_XP_015645788.1	70.0	S	0.0
Bmor_XP_012544129.1	Sollyc_XP_025885902.2	70.0	S	0.0
Spur_XP_011668891.1	Sollyc_XP_025885902.2	70.0	S	0.0
Asuu_AgR032_g056_t03	Sollyc_XP_025885902.2	70.0	S	0.0
Blan_XP_066288489.1	Sollyc_XP_025885902.2	70.0	S	0.0
Bxyl_CAG9081658.1	Sollyc_XP_025885902.2	70.0	S	0.0
Bmor_NP_001171912.1	Sollyc_XP_025885902.2	70.0	S	0.0
Apla_XP_022091406.1	Sollyc_XP_025885902.2	70.0	S	0.0
Apla_XP_022081175.1	Sollyc_XP_025885902.2	70.0	S	0.0
Apla_XP_022081177.1	Sollyc_XP_025885902.2	70.0	S	0.0
Asuu_AgR032_g056_t05	Sollyc_XP_025885902.2	70.0	S	0.0
Apla_XP_022081174.1	Sollyc_XP_025885902.2	70.0	S	0.0
Asuu_AgR032_g056_t02	Sollyc_XP_025885902.2	70.0	S	0.0
Blan_XP_066288490.1	Sollyc_XP_025885902.2	70.0	S	0.0
Bmor_XP_012544129.1	Ecur_TVU31756.1	70.0	S	0.0
Spur_XP_011668891.1	Ecur_TVU31756.1	70.0	S	0.0
Asuu_AgR032_g056_t03	Ecur_TVU31756.1	70.0	S	0.0
Blan_XP_066288489.1	Ecur_TVU31756.1	70.0	S	0.0
Bxyl_CAG9081658.1	Ecur_TVU31756.1	70.0	S	0.0
Bmor_NP_001171912.1	Ecur_TVU31756.1	70.0	S	0.0
Apla_XP_022091406.1	Ecur_TVU31756.1	70.0	S	0.0
Apla_XP_022081175.1	Ecur_TVU31756.1	70.0	S	0.0
Apla_XP_022081177.1	Ecur_TVU31756.1	70.0	S	0.0
Asuu_AgR032_g056_t05	Ecur_TVU31756.1	70.0	S	0.0
Apla_XP_022081174.1	Ecur_TVU31756.1	70.0	S	0.0
Asuu_AgR032_g056_t02	Ecur_TVU31756.1	70.0	S	0.0
Blan_XP_066288490.1	Ecur_TVU31756.1	70.0	S	0.0
Bmor_XP_012544129.1	Atha_NP_176526.1	70.0	S	0.0
Spur_XP_011668891.1	Atha_NP_176526.1	70.0	S	0.0
Asuu_AgR032_g056_t03	Atha_NP_176526.1	70.0	S	0.0
Blan_XP_066288489.1	Atha_NP_176526.1	70.0	S	0.0
Bxyl_CAG9081658.1	Atha_NP_176526.1	70.0	S	0.0
Bmor_NP_001171912.1	Atha_NP_176526.1	70.0	S	0.0
Apla_XP_022091406.1	Atha_NP_176526.1	70.0	S	0.0
Apla_XP_022081175.1	Atha_NP_176526.1	70.0	S	0.0
Apla_XP_022081177.1	Atha_NP_176526.1	70.0	S	0.0
Asuu_AgR032_g056_t05	Atha_NP_176526.1	70.0	S	0.0
Apla_XP_022081174.1	Atha_NP_176526.1	70.0	S	0.0
Asuu_AgR032_g056_t02	Atha_NP_176526.1	70.0	S	0.0
Blan_XP_066288490.1	Atha_NP_176526.1	70.0	S	0.0
Bmor_XP_012544129.1	Qlob_XP_030966386.1	70.0	S	0.0
Spur_XP_011668891.1	Qlob_XP_030966386.1	70.0	S	0.0
Asuu_AgR032_g056_t03	Qlob_XP_030966386.1	70.0	S	0.0
Blan_XP_066288489.1	Qlob_XP_030966386.1	70.0	S	0.0
Bxyl_CAG9081658.1	Qlob_XP_030966386.1	70.0	S	0.0
Bmor_NP_001171912.1	Qlob_XP_030966386.1	70.0	S	0.0
Apla_XP_022091406.1	Qlob_XP_030966386.1	70.0	S	0.0
Apla_XP_022081175.1	Qlob_XP_030966386.1	70.0	S	0.0
Apla_XP_022081177.1	Qlob_XP_030966386.1	70.0	S	0.0
Asuu_AgR032_g056_t05	Qlob_XP_030966386.1	70.0	S	0.0
Apla_XP_022081174.1	Qlob_XP_030966386.1	70.0	S	0.0
Asuu_AgR032_g056_t02	Qlob_XP_030966386.1	70.0	S	0.0
Blan_XP_066288490.1	Qlob_XP_030966386.1	70.0	S	0.0
Bmor_XP_012544129.1	Mtru_XP_003627754.1	70.0	S	0.0
Spur_XP_011668891.1	Mtru_XP_003627754.1	70.0	S	0.0
Asuu_AgR032_g056_t03	Mtru_XP_003627754.1	70.0	S	0.0
Blan_XP_066288489.1	Mtru_XP_003627754.1	70.0	S	0.0
Bxyl_CAG9081658.1	Mtru_XP_003627754.1	70.0	S	0.0
Bmor_NP_001171912.1	Mtru_XP_003627754.1	70.0	S	0.0
Apla_XP_022091406.1	Mtru_XP_003627754.1	70.0	S	0.0
Apla_XP_022081175.1	Mtru_XP_003627754.1	70.0	S	0.0
Apla_XP_022081177.1	Mtru_XP_003627754.1	70.0	S	0.0
Asuu_AgR032_g056_t05	Mtru_XP_003627754.1	70.0	S	0.0
Apla_XP_022081174.1	Mtru_XP_003627754.1	70.0	S	0.0
Asuu_AgR032_g056_t02	Mtru_XP_003627754.1	70.0	S	0.0
Blan_XP_066288490.1	Mtru_XP_003627754.1	70.0	S	0.0
Bmor_XP_012544129.1	Rchi_XP_024169800.1	70.0	S	0.0
Spur_XP_011668891.1	Rchi_XP_024169800.1	70.0	S	0.0
Asuu_AgR032_g056_t03	Rchi_XP_024169800.1	70.0	S	0.0
Blan_XP_066288489.1	Rchi_XP_024169800.1	70.0	S	0.0
Bxyl_CAG9081658.1	Rchi_XP_024169800.1	70.0	S	0.0
Bmor_NP_001171912.1	Rchi_XP_024169800.1	70.0	S	0.0
Apla_XP_022091406.1	Rchi_XP_024169800.1	70.0	S	0.0
Apla_XP_022081175.1	Rchi_XP_024169800.1	70.0	S	0.0
Apla_XP_022081177.1	Rchi_XP_024169800.1	70.0	S	0.0
Asuu_AgR032_g056_t05	Rchi_XP_024169800.1	70.0	S	0.0
Apla_XP_022081174.1	Rchi_XP_024169800.1	70.0	S	0.0
Asuu_AgR032_g056_t02	Rchi_XP_024169800.1	70.0	S	0.0
Blan_XP_066288490.1	Rchi_XP_024169800.1	70.0	S	0.0
Bmor_XP_012544129.1	Sollyc_XP_025885903.2	70.0	S	0.0
Spur_XP_011668891.1	Sollyc_XP_025885903.2	70.0	S	0.0
Asuu_AgR032_g056_t03	Sollyc_XP_025885903.2	70.0	S	0.0
Blan_XP_066288489.1	Sollyc_XP_025885903.2	70.0	S	0.0
Bxyl_CAG9081658.1	Sollyc_XP_025885903.2	70.0	S	0.0
Bmor_NP_001171912.1	Sollyc_XP_025885903.2	70.0	S	0.0
Apla_XP_022091406.1	Sollyc_XP_025885903.2	70.0	S	0.0
Apla_XP_022081175.1	Sollyc_XP_025885903.2	70.0	S	0.0
Apla_XP_022081177.1	Sollyc_XP_025885903.2	70.0	S	0.0
Asuu_AgR032_g056_t05	Sollyc_XP_025885903.2	70.0	S	0.0
Apla_XP_022081174.1	Sollyc_XP_025885903.2	70.0	S	0.0
Asuu_AgR032_g056_t02	Sollyc_XP_025885903.2	70.0	S	0.0
Blan_XP_066288490.1	Sollyc_XP_025885903.2	70.0	S	0.0
Bmor_XP_012544129.1	Bnap_XP_013693411.2	70.0	S	0.0
Spur_XP_011668891.1	Bnap_XP_013693411.2	70.0	S	0.0
Asuu_AgR032_g056_t03	Bnap_XP_013693411.2	70.0	S	0.0
Blan_XP_066288489.1	Bnap_XP_013693411.2	70.0	S	0.0
Bxyl_CAG9081658.1	Bnap_XP_013693411.2	70.0	S	0.0
Bmor_NP_001171912.1	Bnap_XP_013693411.2	70.0	S	0.0
Apla_XP_022091406.1	Bnap_XP_013693411.2	70.0	S	0.0
Apla_XP_022081175.1	Bnap_XP_013693411.2	70.0	S	0.0
Apla_XP_022081177.1	Bnap_XP_013693411.2	70.0	S	0.0
Asuu_AgR032_g056_t05	Bnap_XP_013693411.2	70.0	S	0.0
Apla_XP_022081174.1	Bnap_XP_013693411.2	70.0	S	0.0
Asuu_AgR032_g056_t02	Bnap_XP_013693411.2	70.0	S	0.0
Blan_XP_066288490.1	Bnap_XP_013693411.2	70.0	S	0.0
Bmor_XP_012544129.1	Atha_NP_001319303.1	70.0	S	0.0
Spur_XP_011668891.1	Atha_NP_001319303.1	70.0	S	0.0
Asuu_AgR032_g056_t03	Atha_NP_001319303.1	70.0	S	0.0
Blan_XP_066288489.1	Atha_NP_001319303.1	70.0	S	0.0
Bxyl_CAG9081658.1	Atha_NP_001319303.1	70.0	S	0.0
Bmor_NP_001171912.1	Atha_NP_001319303.1	70.0	S	0.0
Apla_XP_022091406.1	Atha_NP_001319303.1	70.0	S	0.0
Apla_XP_022081175.1	Atha_NP_001319303.1	70.0	S	0.0
Apla_XP_022081177.1	Atha_NP_001319303.1	70.0	S	0.0
Asuu_AgR032_g056_t05	Atha_NP_001319303.1	70.0	S	0.0
Apla_XP_022081174.1	Atha_NP_001319303.1	70.0	S	0.0
Asuu_AgR032_g056_t02	Atha_NP_001319303.1	70.0	S	0.0
Blan_XP_066288490.1	Atha_NP_001319303.1	70.0	S	0.0
Bmor_XP_012544129.1	Qlob_XP_030948501.1	70.0	S	0.0
Spur_XP_011668891.1	Qlob_XP_030948501.1	70.0	S	0.0
Asuu_AgR032_g056_t03	Qlob_XP_030948501.1	70.0	S	0.0
Blan_XP_066288489.1	Qlob_XP_030948501.1	70.0	S	0.0
Bxyl_CAG9081658.1	Qlob_XP_030948501.1	70.0	S	0.0
Bmor_NP_001171912.1	Qlob_XP_030948501.1	70.0	S	0.0
Apla_XP_022091406.1	Qlob_XP_030948501.1	70.0	S	0.0
Apla_XP_022081175.1	Qlob_XP_030948501.1	70.0	S	0.0
Apla_XP_022081177.1	Qlob_XP_030948501.1	70.0	S	0.0
Asuu_AgR032_g056_t05	Qlob_XP_030948501.1	70.0	S	0.0
Apla_XP_022081174.1	Qlob_XP_030948501.1	70.0	S	0.0
Asuu_AgR032_g056_t02	Qlob_XP_030948501.1	70.0	S	0.0
Blan_XP_066288490.1	Qlob_XP_030948501.1	70.0	S	0.0
Bmor_XP_012544129.1	Tura_XP_048538303.1	70.0	S	0.0
Spur_XP_011668891.1	Tura_XP_048538303.1	70.0	S	0.0
Asuu_AgR032_g056_t03	Tura_XP_048538303.1	70.0	S	0.0
Blan_XP_066288489.1	Tura_XP_048538303.1	70.0	S	0.0
Bxyl_CAG9081658.1	Tura_XP_048538303.1	70.0	S	0.0
Bmor_NP_001171912.1	Tura_XP_048538303.1	70.0	S	0.0
Apla_XP_022091406.1	Tura_XP_048538303.1	70.0	S	0.0
Apla_XP_022081175.1	Tura_XP_048538303.1	70.0	S	0.0
Apla_XP_022081177.1	Tura_XP_048538303.1	70.0	S	0.0
Asuu_AgR032_g056_t05	Tura_XP_048538303.1	70.0	S	0.0
Apla_XP_022081174.1	Tura_XP_048538303.1	70.0	S	0.0
Asuu_AgR032_g056_t02	Tura_XP_048538303.1	70.0	S	0.0
Blan_XP_066288490.1	Tura_XP_048538303.1	70.0	S	0.0
Bmor_XP_012544129.1	Bnap_XP_048626012.1	70.0	S	0.0
Spur_XP_011668891.1	Bnap_XP_048626012.1	70.0	S	0.0
Asuu_AgR032_g056_t03	Bnap_XP_048626012.1	70.0	S	0.0
Blan_XP_066288489.1	Bnap_XP_048626012.1	70.0	S	0.0
Bxyl_CAG9081658.1	Bnap_XP_048626012.1	70.0	S	0.0
Bmor_NP_001171912.1	Bnap_XP_048626012.1	70.0	S	0.0
Apla_XP_022091406.1	Bnap_XP_048626012.1	70.0	S	0.0
Apla_XP_022081175.1	Bnap_XP_048626012.1	70.0	S	0.0
Apla_XP_022081177.1	Bnap_XP_048626012.1	70.0	S	0.0
Asuu_AgR032_g056_t05	Bnap_XP_048626012.1	70.0	S	0.0
Apla_XP_022081174.1	Bnap_XP_048626012.1	70.0	S	0.0
Asuu_AgR032_g056_t02	Bnap_XP_048626012.1	70.0	S	0.0
Blan_XP_066288490.1	Bnap_XP_048626012.1	70.0	S	0.0
Bmor_XP_012544129.1	Ecur_TVU13134.1	70.0	S	0.0
Spur_XP_011668891.1	Ecur_TVU13134.1	70.0	S	0.0
Asuu_AgR032_g056_t03	Ecur_TVU13134.1	70.0	S	0.0
Blan_XP_066288489.1	Ecur_TVU13134.1	70.0	S	0.0
Bxyl_CAG9081658.1	Ecur_TVU13134.1	70.0	S	0.0
Bmor_NP_001171912.1	Ecur_TVU13134.1	70.0	S	0.0
Apla_XP_022091406.1	Ecur_TVU13134.1	70.0	S	0.0
Apla_XP_022081175.1	Ecur_TVU13134.1	70.0	S	0.0
Apla_XP_022081177.1	Ecur_TVU13134.1	70.0	S	0.0
Asuu_AgR032_g056_t05	Ecur_TVU13134.1	70.0	S	0.0
Apla_XP_022081174.1	Ecur_TVU13134.1	70.0	S	0.0
Asuu_AgR032_g056_t02	Ecur_TVU13134.1	70.0	S	0.0
Blan_XP_066288490.1	Ecur_TVU13134.1	70.0	S	0.0
Bmor_XP_012544129.1	Bnap_XP_013644384.1	70.0	S	0.0
Spur_XP_011668891.1	Bnap_XP_013644384.1	70.0	S	0.0
Asuu_AgR032_g056_t03	Bnap_XP_013644384.1	70.0	S	0.0
Blan_XP_066288489.1	Bnap_XP_013644384.1	70.0	S	0.0
Bxyl_CAG9081658.1	Bnap_XP_013644384.1	70.0	S	0.0
Bmor_NP_001171912.1	Bnap_XP_013644384.1	70.0	S	0.0
Apla_XP_022091406.1	Bnap_XP_013644384.1	70.0	S	0.0
Apla_XP_022081175.1	Bnap_XP_013644384.1	70.0	S	0.0
Apla_XP_022081177.1	Bnap_XP_013644384.1	70.0	S	0.0
Asuu_AgR032_g056_t05	Bnap_XP_013644384.1	70.0	S	0.0
Apla_XP_022081174.1	Bnap_XP_013644384.1	70.0	S	0.0
Asuu_AgR032_g056_t02	Bnap_XP_013644384.1	70.0	S	0.0
Blan_XP_066288490.1	Bnap_XP_013644384.1	70.0	S	0.0
Bmor_XP_012544129.1	Ecur_TVU40260.1	70.0	S	0.0
Spur_XP_011668891.1	Ecur_TVU40260.1	70.0	S	0.0
Asuu_AgR032_g056_t03	Ecur_TVU40260.1	70.0	S	0.0
Blan_XP_066288489.1	Ecur_TVU40260.1	70.0	S	0.0
Bxyl_CAG9081658.1	Ecur_TVU40260.1	70.0	S	0.0
Bmor_NP_001171912.1	Ecur_TVU40260.1	70.0	S	0.0
Apla_XP_022091406.1	Ecur_TVU40260.1	70.0	S	0.0
Apla_XP_022081175.1	Ecur_TVU40260.1	70.0	S	0.0
Apla_XP_022081177.1	Ecur_TVU40260.1	70.0	S	0.0
Asuu_AgR032_g056_t05	Ecur_TVU40260.1	70.0	S	0.0
Apla_XP_022081174.1	Ecur_TVU40260.1	70.0	S	0.0
Asuu_AgR032_g056_t02	Ecur_TVU40260.1	70.0	S	0.0
Blan_XP_066288490.1	Ecur_TVU40260.1	70.0	S	0.0
Bmor_XP_012544129.1	Osat_XP_015645432.1	70.0	S	0.0
Spur_XP_011668891.1	Osat_XP_015645432.1	70.0	S	0.0
Asuu_AgR032_g056_t03	Osat_XP_015645432.1	70.0	S	0.0
Blan_XP_066288489.1	Osat_XP_015645432.1	70.0	S	0.0
Bxyl_CAG9081658.1	Osat_XP_015645432.1	70.0	S	0.0
Bmor_NP_001171912.1	Osat_XP_015645432.1	70.0	S	0.0
Apla_XP_022091406.1	Osat_XP_015645432.1	70.0	S	0.0
Apla_XP_022081175.1	Osat_XP_015645432.1	70.0	S	0.0
Apla_XP_022081177.1	Osat_XP_015645432.1	70.0	S	0.0
Asuu_AgR032_g056_t05	Osat_XP_015645432.1	70.0	S	0.0
Apla_XP_022081174.1	Osat_XP_015645432.1	70.0	S	0.0
Asuu_AgR032_g056_t02	Osat_XP_015645432.1	70.0	S	0.0
Blan_XP_066288490.1	Osat_XP_015645432.1	70.0	S	0.0
Bmor_XP_012544129.1	Rchi_XP_024173440.2	70.0	S	0.0
Spur_XP_011668891.1	Rchi_XP_024173440.2	70.0	S	0.0
Asuu_AgR032_g056_t03	Rchi_XP_024173440.2	70.0	S	0.0
Blan_XP_066288489.1	Rchi_XP_024173440.2	70.0	S	0.0
Bxyl_CAG9081658.1	Rchi_XP_024173440.2	70.0	S	0.0
Bmor_NP_001171912.1	Rchi_XP_024173440.2	70.0	S	0.0
Apla_XP_022091406.1	Rchi_XP_024173440.2	70.0	S	0.0
Apla_XP_022081175.1	Rchi_XP_024173440.2	70.0	S	0.0
Apla_XP_022081177.1	Rchi_XP_024173440.2	70.0	S	0.0
Asuu_AgR032_g056_t05	Rchi_XP_024173440.2	70.0	S	0.0
Apla_XP_022081174.1	Rchi_XP_024173440.2	70.0	S	0.0
Asuu_AgR032_g056_t02	Rchi_XP_024173440.2	70.0	S	0.0
Blan_XP_066288490.1	Rchi_XP_024173440.2	70.0	S	0.0
Bmor_XP_012544129.1	Atha_NP_001320894.1	70.0	S	0.0
Spur_XP_011668891.1	Atha_NP_001320894.1	70.0	S	0.0
Asuu_AgR032_g056_t03	Atha_NP_001320894.1	70.0	S	0.0
Blan_XP_066288489.1	Atha_NP_001320894.1	70.0	S	0.0
Bxyl_CAG9081658.1	Atha_NP_001320894.1	70.0	S	0.0
Bmor_NP_001171912.1	Atha_NP_001320894.1	70.0	S	0.0
Apla_XP_022091406.1	Atha_NP_001320894.1	70.0	S	0.0
Apla_XP_022081175.1	Atha_NP_001320894.1	70.0	S	0.0
Apla_XP_022081177.1	Atha_NP_001320894.1	70.0	S	0.0
Asuu_AgR032_g056_t05	Atha_NP_001320894.1	70.0	S	0.0
Apla_XP_022081174.1	Atha_NP_001320894.1	70.0	S	0.0
Asuu_AgR032_g056_t02	Atha_NP_001320894.1	70.0	S	0.0
Blan_XP_066288490.1	Atha_NP_001320894.1	70.0	S	0.0
Bmor_XP_012544129.1	Sollyc_XP_069151671.1	70.0	S	0.0
Spur_XP_011668891.1	Sollyc_XP_069151671.1	70.0	S	0.0
Asuu_AgR032_g056_t03	Sollyc_XP_069151671.1	70.0	S	0.0
Blan_XP_066288489.1	Sollyc_XP_069151671.1	70.0	S	0.0
Bxyl_CAG9081658.1	Sollyc_XP_069151671.1	70.0	S	0.0
Bmor_NP_001171912.1	Sollyc_XP_069151671.1	70.0	S	0.0
Apla_XP_022091406.1	Sollyc_XP_069151671.1	70.0	S	0.0
Apla_XP_022081175.1	Sollyc_XP_069151671.1	70.0	S	0.0
Apla_XP_022081177.1	Sollyc_XP_069151671.1	70.0	S	0.0
Asuu_AgR032_g056_t05	Sollyc_XP_069151671.1	70.0	S	0.0
Apla_XP_022081174.1	Sollyc_XP_069151671.1	70.0	S	0.0
Asuu_AgR032_g056_t02	Sollyc_XP_069151671.1	70.0	S	0.0
Blan_XP_066288490.1	Sollyc_XP_069151671.1	70.0	S	0.0
Bmor_XP_012544129.1	Bdis_XP_014756589.1	70.0	S	0.0
Spur_XP_011668891.1	Bdis_XP_014756589.1	70.0	S	0.0
Asuu_AgR032_g056_t03	Bdis_XP_014756589.1	70.0	S	0.0
Blan_XP_066288489.1	Bdis_XP_014756589.1	70.0	S	0.0
Bxyl_CAG9081658.1	Bdis_XP_014756589.1	70.0	S	0.0
Bmor_NP_001171912.1	Bdis_XP_014756589.1	70.0	S	0.0
Apla_XP_022091406.1	Bdis_XP_014756589.1	70.0	S	0.0
Apla_XP_022081175.1	Bdis_XP_014756589.1	70.0	S	0.0
Apla_XP_022081177.1	Bdis_XP_014756589.1	70.0	S	0.0
Asuu_AgR032_g056_t05	Bdis_XP_014756589.1	70.0	S	0.0
Apla_XP_022081174.1	Bdis_XP_014756589.1	70.0	S	0.0
Asuu_AgR032_g056_t02	Bdis_XP_014756589.1	70.0	S	0.0
Blan_XP_066288490.1	Bdis_XP_014756589.1	70.0	S	0.0
Bmor_XP_012544129.1	Zmay_XP_020402920.1	70.0	S	0.0
Spur_XP_011668891.1	Zmay_XP_020402920.1	70.0	S	0.0
Asuu_AgR032_g056_t03	Zmay_XP_020402920.1	70.0	S	0.0
Blan_XP_066288489.1	Zmay_XP_020402920.1	70.0	S	0.0
Bxyl_CAG9081658.1	Zmay_XP_020402920.1	70.0	S	0.0
Bmor_NP_001171912.1	Zmay_XP_020402920.1	70.0	S	0.0
Apla_XP_022091406.1	Zmay_XP_020402920.1	70.0	S	0.0
Apla_XP_022081175.1	Zmay_XP_020402920.1	70.0	S	0.0
Apla_XP_022081177.1	Zmay_XP_020402920.1	70.0	S	0.0
Asuu_AgR032_g056_t05	Zmay_XP_020402920.1	70.0	S	0.0
Apla_XP_022081174.1	Zmay_XP_020402920.1	70.0	S	0.0
Asuu_AgR032_g056_t02	Zmay_XP_020402920.1	70.0	S	0.0
Blan_XP_066288490.1	Zmay_XP_020402920.1	70.0	S	0.0
Sarc_XP_014151736.1	Hcon_XGW01643.1	96.0	S	0.0
Mbre_XP_001743805.1	Hcon_XGW01643.1	96.0	S	0.0
Sarc_XP_014151736.1	Lana_XP_013401256.1	96.0	S	0.0
Mbre_XP_001743805.1	Lana_XP_013401256.1	96.0	S	0.0
Sarc_XP_014151736.1	Apla_XP_022088130.1	96.0	S	0.0
Mbre_XP_001743805.1	Apla_XP_022088130.1	96.0	S	0.0
Sarc_XP_014151736.1	Blan_XP_066267953.1	96.0	S	0.0
Mbre_XP_001743805.1	Blan_XP_066267953.1	96.0	S	0.0
Sarc_XP_014151736.1	Hcon_XGW01641.1	96.0	S	0.0
Mbre_XP_001743805.1	Hcon_XGW01641.1	96.0	S	0.0
Sarc_XP_014151736.1	Spur_XP_783722.3	96.0	S	0.0
Mbre_XP_001743805.1	Spur_XP_783722.3	96.0	S	0.0
Sarc_XP_014151736.1	Hcon_XGW01640.1	96.0	S	0.0
Mbre_XP_001743805.1	Hcon_XGW01640.1	96.0	S	0.0
Sarc_XP_014151736.1	Hcon_XGW01642.1	96.0	S	0.0
Mbre_XP_001743805.1	Hcon_XGW01642.1	96.0	S	0.0
Sarc_XP_014151736.1	Cvir_XP_022340561.1	96.0	S	0.0
Mbre_XP_001743805.1	Cvir_XP_022340561.1	96.0	S	0.0
Sarc_XP_014151736.1	Hcon_XGW01639.1	96.0	S	0.0
Mbre_XP_001743805.1	Hcon_XGW01639.1	96.0	S	0.0
Sarc_XP_014151736.1	Bxyl_CAG9102155.1	96.0	S	0.0
Mbre_XP_001743805.1	Bxyl_CAG9102155.1	96.0	S	0.0
Lcom_lcpid194811|	Tura_XP_048539376.1	53.0	S	0.0
Emue_Em0005g1009a	Tura_XP_048539376.1	53.0	S	0.0
Lcom_lcpid194811|	Ecur_TVU10037.1	53.0	S	0.0
Emue_Em0005g1009a	Ecur_TVU10037.1	53.0	S	0.0
Lcom_lcpid194811|	Smoe_XP_024524605.1	53.0	S	0.0
Emue_Em0005g1009a	Smoe_XP_024524605.1	53.0	S	0.0
Lcom_lcpid194811|	Smoe_XP_024528346.1	53.0	S	0.0
Emue_Em0005g1009a	Smoe_XP_024528346.1	53.0	S	0.0
Lcom_lcpid194811|	Bnap_XP_013693788.2	53.0	S	0.0
Emue_Em0005g1009a	Bnap_XP_013693788.2	53.0	S	0.0
Lcom_lcpid194811|	Bnap_XP_013660250.1	53.0	S	0.0
Emue_Em0005g1009a	Bnap_XP_013660250.1	53.0	S	0.0
Lcom_lcpid194811|	Bnap_XP_013641909.2	53.0	S	0.0
Emue_Em0005g1009a	Bnap_XP_013641909.2	53.0	S	0.0
Lcom_lcpid194811|	Osat_XP_015633358.2	53.0	S	0.0
Emue_Em0005g1009a	Osat_XP_015633358.2	53.0	S	0.0
Lcom_lcpid194811|	Atri_XP_006828740.1	53.0	S	0.0
Emue_Em0005g1009a	Atri_XP_006828740.1	53.0	S	0.0
Lcom_lcpid194811|	Tura_XP_048539377.1	53.0	S	0.0
Emue_Em0005g1009a	Tura_XP_048539377.1	53.0	S	0.0
Lcom_lcpid194811|	Bnap_XP_013660196.2	53.0	S	0.0
Emue_Em0005g1009a	Bnap_XP_013660196.2	53.0	S	0.0
Lcom_lcpid194811|	Smoe_XP_002967925.1	53.0	S	0.0
Emue_Em0005g1009a	Smoe_XP_002967925.1	53.0	S	0.0
Bmor_XP_012544129.1	Spur_XP_011668891.1	86.0	S	0.0
Bmor_NP_001171912.1	Spur_XP_011668891.1	86.0	S	0.0
Bmor_XP_012544129.1	Asuu_AgR032_g056_t03	86.0	S	0.0
Bmor_NP_001171912.1	Asuu_AgR032_g056_t03	86.0	S	0.0
Bmor_XP_012544129.1	Blan_XP_066288489.1	86.0	S	0.0
Bmor_NP_001171912.1	Blan_XP_066288489.1	86.0	S	0.0
Bmor_XP_012544129.1	Bxyl_CAG9081658.1	86.0	S	0.0
Bmor_NP_001171912.1	Bxyl_CAG9081658.1	86.0	S	0.0
Bmor_XP_012544129.1	Apla_XP_022091406.1	86.0	S	0.0
Bmor_NP_001171912.1	Apla_XP_022091406.1	86.0	S	0.0
Bmor_XP_012544129.1	Apla_XP_022081175.1	86.0	S	0.0
Bmor_NP_001171912.1	Apla_XP_022081175.1	86.0	S	0.0
Bmor_XP_012544129.1	Asuu_AgR032_g056_t05	86.0	S	0.0
Bmor_NP_001171912.1	Asuu_AgR032_g056_t05	86.0	S	0.0
Bmor_XP_012544129.1	Apla_XP_022081177.1	86.0	S	0.0
Bmor_NP_001171912.1	Apla_XP_022081177.1	86.0	S	0.0
Bmor_XP_012544129.1	Apla_XP_022081174.1	86.0	S	0.0
Bmor_NP_001171912.1	Apla_XP_022081174.1	86.0	S	0.0
Bmor_XP_012544129.1	Asuu_AgR032_g056_t02	86.0	S	0.0
Bmor_NP_001171912.1	Asuu_AgR032_g056_t02	86.0	S	0.0
Bmor_XP_012544129.1	Blan_XP_066288490.1	86.0	S	0.0
Bmor_NP_001171912.1	Blan_XP_066288490.1	86.0	S	0.0
Crei_XP_042925938.1	Lsat_XP_052621439.1	93.0	S	0.0
Crei_XP_042925938.1	Sollyc_XP_069151673.1	93.0	S	0.0
Crei_XP_042925938.1	Osat_XP_066161106.1	93.0	S	0.0
Crei_XP_042925938.1	Atha_NP_001320337.1	93.0	S	0.0
Crei_XP_042925938.1	Atri_XP_006843639.2	93.0	S	0.0
Crei_XP_042925938.1	Atha_NP_001323101.1	93.0	S	0.0
Crei_XP_042925938.1	Rchi_XP_024174979.1	93.0	S	0.0
Crei_XP_042925938.1	Ecur_TVU40261.1	93.0	S	0.0
Crei_XP_042925938.1	Bnap_XP_013708496.2	93.0	S	0.0
Crei_XP_042925938.1	Atha_NP_001077522.1	93.0	S	0.0
Crei_XP_042925938.1	Atha_NP_176444.1	93.0	S	0.0
Crei_XP_042925938.1	Osat_XP_015644839.2	93.0	S	0.0
Crei_XP_042925938.1	Sollyc_XP_069151675.1	93.0	S	0.0
Crei_XP_042925938.1	Sollyc_XP_069151676.1	93.0	S	0.0
Crei_XP_042925938.1	Lsat_XP_023745386.1	93.0	S	0.0
Crei_XP_042925938.1	Sollyc_XP_069151678.1	93.0	S	0.0
Crei_XP_042925938.1	Atha_NP_001320895.1	93.0	S	0.0
Crei_XP_042925938.1	Osat_XP_015645433.1	93.0	S	0.0
Crei_XP_042925938.1	Tura_XP_048573688.1	93.0	S	0.0
Crei_XP_042925938.1	Ecur_TVU13139.1	93.0	S	0.0
Crei_XP_042925938.1	Zmay_XP_008666304.1	93.0	S	0.0
Crei_XP_042925938.1	Mesc_XP_043806123.1	93.0	S	0.0
Crei_XP_042925938.1	Mesc_XP_043810293.1	93.0	S	0.0
Crei_XP_042925938.1	Zmay_XP_035820392.1	93.0	S	0.0
Crei_XP_042925938.1	Sollyc_XP_069154261.1	93.0	S	0.0
Crei_XP_042925938.1	Smoe_XP_002975734.1	93.0	S	0.0
Crei_XP_042925938.1	Zmay_NP_001351852.1	93.0	S	0.0
Crei_XP_042925938.1	Qlob_XP_030945347.1	93.0	S	0.0
Crei_XP_042925938.1	Zmay_XP_023156398.1	93.0	S	0.0
Crei_XP_042925938.1	Bdis_XP_003581020.2	93.0	S	0.0
Crei_XP_042925938.1	Sollyc_XP_004242007.1	93.0	S	0.0
Crei_XP_042925938.1	Atha_NP_172684.1	93.0	S	0.0
Crei_XP_042925938.1	Ecur_TVU40270.1	93.0	S	0.0
Crei_XP_042925938.1	Osat_XP_066161107.1	93.0	S	0.0
Crei_XP_042925938.1	Qlob_XP_030948503.1	93.0	S	0.0
Crei_XP_042925938.1	Bnap_XP_048626011.1	93.0	S	0.0
Crei_XP_042925938.1	Osat_XP_066161105.1	93.0	S	0.0
Crei_XP_042925938.1	Ecur_TVU13135.1	93.0	S	0.0
Crei_XP_042925938.1	Sollyc_XP_069151683.1	93.0	S	0.0
Crei_XP_042925938.1	Osat_XP_015624769.1	93.0	S	0.0
Crei_XP_042925938.1	Zmay_NP_001352651.1	93.0	S	0.0
Crei_XP_042925938.1	Atri_XP_006848729.2	93.0	S	0.0
Crei_XP_042925938.1	Atha_NP_172678.3	93.0	S	0.0
Crei_XP_042925938.1	Smoe_XP_002973683.1	93.0	S	0.0
Crei_XP_042925938.1	Ecur_TVU40258.1	93.0	S	0.0
Crei_XP_042925938.1	Cofcan_CDP12510.1	93.0	S	0.0
Crei_XP_042925938.1	Cofcan_CDP19511.1	93.0	S	0.0
Crei_XP_042925938.1	Osat_XP_025882478.1	93.0	S	0.0
Crei_XP_042925938.1	Mesc_XP_021605089.1	93.0	S	0.0
Crei_XP_042925938.1	Atha_NP_176523.4	93.0	S	0.0
Crei_XP_042925938.1	Sollyc_XP_069151686.1	93.0	S	0.0
Crei_XP_042925938.1	Mesc_XP_021634806.1	93.0	S	0.0
Crei_XP_042925938.1	Cofcan_CDP09922.1	93.0	S	0.0
Crei_XP_042925938.1	Cofcan_CDP14380.1	93.0	S	0.0
Crei_XP_042925938.1	Sollyc_XP_004240053.2	93.0	S	0.0
Crei_XP_042925938.1	Lsat_XP_023733540.1	93.0	S	0.0
Crei_XP_042925938.1	Bnap_XP_013677877.1	93.0	S	0.0
Crei_XP_042925938.1	Tura_XP_048532868.1	93.0	S	0.0
Crei_XP_042925938.1	Smoe_XP_024536508.1	93.0	S	0.0
Crei_XP_042925938.1	Atha_NP_176448.1	93.0	S	0.0
Crei_XP_042925938.1	Cofcan_CDP19514.1	93.0	S	0.0
Crei_XP_042925938.1	Osat_XP_015645667.1	93.0	S	0.0
Crei_XP_042925938.1	Atha_NP_001321026.1	93.0	S	0.0
Crei_XP_042925938.1	Atha_NP_176450.2	93.0	S	0.0
Crei_XP_042925938.1	Bdis_XP_003572628.1	93.0	S	0.0
Crei_XP_042925938.1	Rchi_XP_024174810.1	93.0	S	0.0
Crei_XP_042925938.1	Bnap_XP_022548210.2	93.0	S	0.0
Crei_XP_042925938.1	Lsat_XP_052621438.1	93.0	S	0.0
Crei_XP_042925938.1	Mesc_XP_043810291.1	93.0	S	0.0
Crei_XP_042925938.1	Atha_NP_176446.1	93.0	S	0.0
Crei_XP_042925938.1	Tura_XP_048538304.1	93.0	S	0.0
Crei_XP_042925938.1	Cbra_GBG76247.1	93.0	S	0.0
Crei_XP_042925938.1	Tura_XP_048553305.1	93.0	S	0.0
Crei_XP_042925938.1	Qlob_XP_030948035.1	93.0	S	0.0
Crei_XP_042925938.1	Sollyc_XP_069151679.1	93.0	S	0.0
Crei_XP_042925938.1	Sollyc_XP_069151680.1	93.0	S	0.0
Crei_XP_042925938.1	Bnap_XP_048595737.1	93.0	S	0.0
Crei_XP_042925938.1	Lsat_XP_023733544.1	93.0	S	0.0
Crei_XP_042925938.1	Sollyc_XP_069151677.1	93.0	S	0.0
Crei_XP_042925938.1	Bnap_XP_013697008.2	93.0	S	0.0
Crei_XP_042925938.1	Bdis_XP_010228459.1	93.0	S	0.0
Crei_XP_042925938.1	Sollyc_XP_069151682.1	93.0	S	0.0
Crei_XP_042925938.1	Zmay_XP_008651930.1	93.0	S	0.0
Crei_XP_042925938.1	Ecur_TVU41329.1	93.0	S	0.0
Crei_XP_042925938.1	Lsat_XP_023734510.1	93.0	S	0.0
Crei_XP_042925938.1	Qlob_XP_030947989.1	93.0	S	0.0
Crei_XP_042925938.1	Ecur_TVU40253.1	93.0	S	0.0
Crei_XP_042925938.1	Lsat_XP_023734513.1	93.0	S	0.0
Crei_XP_042925938.1	Bnap_XP_013742428.1	93.0	S	0.0
Crei_XP_042925938.1	Atha_NP_564796.1	93.0	S	0.0
Crei_XP_042925938.1	Ppat_XP_024389140.1	93.0	S	0.0
Crei_XP_042925938.1	Bdis_XP_024316986.1	93.0	S	0.0
Crei_XP_042925938.1	Sollyc_XP_069151674.1	93.0	S	0.0
Crei_XP_042925938.1	Qlob_XP_030948502.1	93.0	S	0.0
Crei_XP_042925938.1	Bdis_XP_003571014.2	93.0	S	0.0
Crei_XP_042925938.1	Mesc_XP_021632152.1	93.0	S	0.0
Crei_XP_042925938.1	Tura_XP_048535092.1	93.0	S	0.0
Crei_XP_042925938.1	Bnap_XP_013711135.2	93.0	S	0.0
Crei_XP_042925938.1	Zmay_XP_008653582.1	93.0	S	0.0
Crei_XP_042925938.1	Mtru_XP_024641006.1	93.0	S	0.0
Crei_XP_042925938.1	Osat_XP_015642183.1	93.0	S	0.0
Crei_XP_042925938.1	Zmay_XP_020402916.1	93.0	S	0.0
Crei_XP_042925938.1	Cofcan_CDP07973.1	93.0	S	0.0
Crei_XP_042925938.1	Zmay_NP_001142250.1	93.0	S	0.0
Crei_XP_042925938.1	Mesc_XP_021631397.1	93.0	S	0.0
Crei_XP_042925938.1	Mpol_BFI25958.1	93.0	S	0.0
Crei_XP_042925938.1	Cbra_GBG84133.1	93.0	S	0.0
Crei_XP_042925938.1	Lsat_XP_023753692.1	93.0	S	0.0
Crei_XP_042925938.1	Atha_NP_001323033.1	93.0	S	0.0
Crei_XP_042925938.1	Sollyc_XP_069151670.1	93.0	S	0.0
Crei_XP_042925938.1	Rchi_XP_024175049.2	93.0	S	0.0
Crei_XP_042925938.1	Atha_NP_176761.1	93.0	S	0.0
Crei_XP_042925938.1	Mtru_XP_003611271.3	93.0	S	0.0
Crei_XP_042925938.1	Atha_NP_001321123.1	93.0	S	0.0
Crei_XP_042925938.1	Qlob_XP_030947988.1	93.0	S	0.0
Crei_XP_042925938.1	Ppat_XP_024389141.1	93.0	S	0.0
Crei_XP_042925938.1	Sollyc_XP_069151685.1	93.0	S	0.0
Crei_XP_042925938.1	Mesc_XP_021595827.2	93.0	S	0.0
Crei_XP_042925938.1	Qlob_XP_030945346.1	93.0	S	0.0
Crei_XP_042925938.1	Osat_XP_066161104.1	93.0	S	0.0
Crei_XP_042925938.1	Bnap_XP_013697440.2	93.0	S	0.0
Crei_XP_042925938.1	Atha_NP_172677.1	93.0	S	0.0
Crei_XP_042925938.1	Psat_XP_050907108.1	93.0	S	0.0
Crei_XP_042925938.1	Bnap_XP_048590916.1	93.0	S	0.0
Crei_XP_042925938.1	Atha_NP_172680.1	93.0	S	0.0
Crei_XP_042925938.1	Mtru_XP_003627756.1	93.0	S	0.0
Crei_XP_042925938.1	Tura_XP_048531116.1	93.0	S	0.0
Crei_XP_042925938.1	Tura_XP_048561221.1	93.0	S	0.0
Crei_XP_042925938.1	Rchi_XP_024168687.2	93.0	S	0.0
Crei_XP_042925938.1	Sollyc_XP_069151684.1	93.0	S	0.0
Crei_XP_042925938.1	Sollyc_XP_069151672.1	93.0	S	0.0
Crei_XP_042925938.1	Psat_XP_050873161.1	93.0	S	0.0
Crei_XP_042925938.1	Sollyc_XP_069151681.1	93.0	S	0.0
Crei_XP_042925938.1	Atha_NP_001322976.1	93.0	S	0.0
Crei_XP_042925938.1	Rchi_XP_024174811.1	93.0	S	0.0
Crei_XP_042925938.1	Qlob_XP_030939389.1	93.0	S	0.0
Crei_XP_042925938.1	Atha_NP_001323223.1	93.0	S	0.0
Crei_XP_042925938.1	Bnap_XP_013657481.2	93.0	S	0.0
Crei_XP_042925938.1	Atha_NP_001321124.1	93.0	S	0.0
Crei_XP_042925938.1	Rchi_XP_024168689.2	93.0	S	0.0
Crei_XP_042925938.1	Tura_XP_048535967.1	93.0	S	0.0
Crei_XP_042925938.1	Bdis_XP_003571012.1	93.0	S	0.0
Crei_XP_042925938.1	Atha_NP_564797.1	93.0	S	0.0
Crei_XP_042925938.1	Osat_XP_015645788.1	93.0	S	0.0
Crei_XP_042925938.1	Sollyc_XP_025885902.2	93.0	S	0.0
Crei_XP_042925938.1	Ecur_TVU31756.1	93.0	S	0.0
Crei_XP_042925938.1	Atha_NP_176526.1	93.0	S	0.0
Crei_XP_042925938.1	Qlob_XP_030966386.1	93.0	S	0.0
Crei_XP_042925938.1	Mtru_XP_003627754.1	93.0	S	0.0
Crei_XP_042925938.1	Rchi_XP_024169800.1	93.0	S	0.0
Crei_XP_042925938.1	Sollyc_XP_025885903.2	93.0	S	0.0
Crei_XP_042925938.1	Bnap_XP_013693411.2	93.0	S	0.0
Crei_XP_042925938.1	Atha_NP_001319303.1	93.0	S	0.0
Crei_XP_042925938.1	Qlob_XP_030948501.1	93.0	S	0.0
Crei_XP_042925938.1	Tura_XP_048538303.1	93.0	S	0.0
Crei_XP_042925938.1	Bnap_XP_048626012.1	93.0	S	0.0
Crei_XP_042925938.1	Ecur_TVU13134.1	93.0	S	0.0
Crei_XP_042925938.1	Bnap_XP_013644384.1	93.0	S	0.0
Crei_XP_042925938.1	Ecur_TVU40260.1	93.0	S	0.0
Crei_XP_042925938.1	Osat_XP_015645432.1	93.0	S	0.0
Crei_XP_042925938.1	Rchi_XP_024173440.2	93.0	S	0.0
Crei_XP_042925938.1	Atha_NP_001320894.1	93.0	S	0.0
Crei_XP_042925938.1	Sollyc_XP_069151671.1	93.0	S	0.0
Crei_XP_042925938.1	Bdis_XP_014756589.1	93.0	S	0.0
Crei_XP_042925938.1	Zmay_XP_020402920.1	93.0	S	0.0
Sarc_XP_014151736.1	Mbre_XP_001743805.1	97.0	S	0.0
Lana_XP_013401256.1	Hcon_XGW01643.1	99.0	S	0.0
Apla_XP_022088130.1	Hcon_XGW01643.1	99.0	S	0.0
Blan_XP_066267953.1	Hcon_XGW01643.1	99.0	S	0.0
Spur_XP_783722.3	Hcon_XGW01643.1	99.0	S	0.0
Cvir_XP_022340561.1	Hcon_XGW01643.1	99.0	S	0.0
Lana_XP_013401256.1	Hcon_XGW01641.1	99.0	S	0.0
Apla_XP_022088130.1	Hcon_XGW01641.1	99.0	S	0.0
Blan_XP_066267953.1	Hcon_XGW01641.1	99.0	S	0.0
Spur_XP_783722.3	Hcon_XGW01641.1	99.0	S	0.0
Cvir_XP_022340561.1	Hcon_XGW01641.1	99.0	S	0.0
Lana_XP_013401256.1	Hcon_XGW01640.1	99.0	S	0.0
Apla_XP_022088130.1	Hcon_XGW01640.1	99.0	S	0.0
Blan_XP_066267953.1	Hcon_XGW01640.1	99.0	S	0.0
Spur_XP_783722.3	Hcon_XGW01640.1	99.0	S	0.0
Cvir_XP_022340561.1	Hcon_XGW01640.1	99.0	S	0.0
Lana_XP_013401256.1	Hcon_XGW01642.1	99.0	S	0.0
Apla_XP_022088130.1	Hcon_XGW01642.1	99.0	S	0.0
Blan_XP_066267953.1	Hcon_XGW01642.1	99.0	S	0.0
Spur_XP_783722.3	Hcon_XGW01642.1	99.0	S	0.0
Cvir_XP_022340561.1	Hcon_XGW01642.1	99.0	S	0.0
Lana_XP_013401256.1	Hcon_XGW01639.1	99.0	S	0.0
Apla_XP_022088130.1	Hcon_XGW01639.1	99.0	S	0.0
Blan_XP_066267953.1	Hcon_XGW01639.1	99.0	S	0.0
Spur_XP_783722.3	Hcon_XGW01639.1	99.0	S	0.0
Cvir_XP_022340561.1	Hcon_XGW01639.1	99.0	S	0.0
Lana_XP_013401256.1	Bxyl_CAG9102155.1	99.0	S	0.0
Apla_XP_022088130.1	Bxyl_CAG9102155.1	99.0	S	0.0
Blan_XP_066267953.1	Bxyl_CAG9102155.1	99.0	S	0.0
Spur_XP_783722.3	Bxyl_CAG9102155.1	99.0	S	0.0
Cvir_XP_022340561.1	Bxyl_CAG9102155.1	99.0	S	0.0
Lcom_lcpid194811|	Emue_Em0005g1009a	51.0	S	0.0
Bnap_XP_013641909.2	Tura_XP_048539376.1	100.0	S	0.0
Bnap_XP_013660196.2	Tura_XP_048539376.1	100.0	S	0.0
Bnap_XP_013693788.2	Tura_XP_048539376.1	100.0	S	0.0
Bnap_XP_013660250.1	Tura_XP_048539376.1	100.0	S	0.0
Bnap_XP_013641909.2	Ecur_TVU10037.1	100.0	S	0.0
Bnap_XP_013660196.2	Ecur_TVU10037.1	100.0	S	0.0
Bnap_XP_013693788.2	Ecur_TVU10037.1	100.0	S	0.0
Bnap_XP_013660250.1	Ecur_TVU10037.1	100.0	S	0.0
Bnap_XP_013641909.2	Smoe_XP_024524605.1	100.0	S	0.0
Bnap_XP_013660196.2	Smoe_XP_024524605.1	100.0	S	0.0
Bnap_XP_013693788.2	Smoe_XP_024524605.1	100.0	S	0.0
Bnap_XP_013660250.1	Smoe_XP_024524605.1	100.0	S	0.0
Bnap_XP_013641909.2	Smoe_XP_024528346.1	100.0	S	0.0
Bnap_XP_013660196.2	Smoe_XP_024528346.1	100.0	S	0.0
Bnap_XP_013693788.2	Smoe_XP_024528346.1	100.0	S	0.0
Bnap_XP_013660250.1	Smoe_XP_024528346.1	100.0	S	0.0
Bnap_XP_013641909.2	Osat_XP_015633358.2	100.0	S	0.0
Bnap_XP_013660196.2	Osat_XP_015633358.2	100.0	S	0.0
Bnap_XP_013693788.2	Osat_XP_015633358.2	100.0	S	0.0
Bnap_XP_013660250.1	Osat_XP_015633358.2	100.0	S	0.0
Bnap_XP_013641909.2	Atri_XP_006828740.1	100.0	S	0.0
Bnap_XP_013660196.2	Atri_XP_006828740.1	100.0	S	0.0
Bnap_XP_013693788.2	Atri_XP_006828740.1	100.0	S	0.0
Bnap_XP_013660250.1	Atri_XP_006828740.1	100.0	S	0.0
Bnap_XP_013641909.2	Tura_XP_048539377.1	100.0	S	0.0
Bnap_XP_013660196.2	Tura_XP_048539377.1	100.0	S	0.0
Bnap_XP_013693788.2	Tura_XP_048539377.1	100.0	S	0.0
Bnap_XP_013660250.1	Tura_XP_048539377.1	100.0	S	0.0
Bnap_XP_013641909.2	Smoe_XP_002967925.1	100.0	S	0.0
Bnap_XP_013660196.2	Smoe_XP_002967925.1	100.0	S	0.0
Bnap_XP_013693788.2	Smoe_XP_002967925.1	100.0	S	0.0
Bnap_XP_013660250.1	Smoe_XP_002967925.1	100.0	S	0.0
Bmor_XP_012544129.1	Bmor_NP_001171912.1	100.0	D	1.0
Bxyl_CAG9081658.1	Spur_XP_011668891.1	97.0	S	0.0
Asuu_AgR032_g056_t05	Spur_XP_011668891.1	97.0	S	0.0
Asuu_AgR032_g056_t03	Spur_XP_011668891.1	97.0	S	0.0
Asuu_AgR032_g056_t02	Spur_XP_011668891.1	97.0	S	0.0
Bxyl_CAG9081658.1	Blan_XP_066288489.1	97.0	S	0.0
Asuu_AgR032_g056_t05	Blan_XP_066288489.1	97.0	S	0.0
Asuu_AgR032_g056_t03	Blan_XP_066288489.1	97.0	S	0.0
Asuu_AgR032_g056_t02	Blan_XP_066288489.1	97.0	S	0.0
Bxyl_CAG9081658.1	Apla_XP_022091406.1	97.0	S	0.0
Asuu_AgR032_g056_t05	Apla_XP_022091406.1	97.0	S	0.0
Asuu_AgR032_g056_t03	Apla_XP_022091406.1	97.0	S	0.0
Asuu_AgR032_g056_t02	Apla_XP_022091406.1	97.0	S	0.0
Bxyl_CAG9081658.1	Apla_XP_022081177.1	97.0	S	0.0
Asuu_AgR032_g056_t05	Apla_XP_022081177.1	97.0	S	0.0
Asuu_AgR032_g056_t03	Apla_XP_022081177.1	97.0	S	0.0
Asuu_AgR032_g056_t02	Apla_XP_022081177.1	97.0	S	0.0
Bxyl_CAG9081658.1	Apla_XP_022081175.1	97.0	S	0.0
Asuu_AgR032_g056_t05	Apla_XP_022081175.1	97.0	S	0.0
Asuu_AgR032_g056_t03	Apla_XP_022081175.1	97.0	S	0.0
Asuu_AgR032_g056_t02	Apla_XP_022081175.1	97.0	S	0.0
Bxyl_CAG9081658.1	Apla_XP_022081174.1	97.0	S	0.0
Asuu_AgR032_g056_t05	Apla_XP_022081174.1	97.0	S	0.0
Asuu_AgR032_g056_t03	Apla_XP_022081174.1	97.0	S	0.0
Asuu_AgR032_g056_t02	Apla_XP_022081174.1	97.0	S	0.0
Bxyl_CAG9081658.1	Blan_XP_066288490.1	97.0	S	0.0
Asuu_AgR032_g056_t05	Blan_XP_066288490.1	97.0	S	0.0
Asuu_AgR032_g056_t03	Blan_XP_066288490.1	97.0	S	0.0
Asuu_AgR032_g056_t02	Blan_XP_066288490.1	97.0	S	0.0
Spur_XP_783722.3	Apla_XP_022088130.1	100.0	S	0.0
Spur_XP_783722.3	Lana_XP_013401256.1	100.0	S	0.0
Spur_XP_783722.3	Blan_XP_066267953.1	100.0	S	0.0
Spur_XP_783722.3	Cvir_XP_022340561.1	100.0	S	0.0
Bxyl_CAG9102155.1	Hcon_XGW01643.1	96.0	S	0.0
Bxyl_CAG9102155.1	Hcon_XGW01640.1	96.0	S	0.0
Bxyl_CAG9102155.1	Hcon_XGW01641.1	96.0	S	0.0
Bxyl_CAG9102155.1	Hcon_XGW01642.1	96.0	S	0.0
Bxyl_CAG9102155.1	Hcon_XGW01639.1	96.0	S	0.0
Bnap_XP_013641909.2	Bnap_XP_013660196.2	100.0	D	1.0
Bnap_XP_013693788.2	Bnap_XP_013660196.2	100.0	D	1.0
Bnap_XP_013641909.2	Bnap_XP_013660250.1	100.0	D	1.0
Bnap_XP_013693788.2	Bnap_XP_013660250.1	100.0	D	1.0
Smoe_XP_024524605.1	Tura_XP_048539376.1	100.0	S	0.0
Smoe_XP_024528346.1	Tura_XP_048539376.1	100.0	S	0.0
Smoe_XP_002967925.1	Tura_XP_048539376.1	100.0	S	0.0
Smoe_XP_024524605.1	Ecur_TVU10037.1	100.0	S	0.0
Smoe_XP_024528346.1	Ecur_TVU10037.1	100.0	S	0.0
Smoe_XP_002967925.1	Ecur_TVU10037.1	100.0	S	0.0
Smoe_XP_024524605.1	Osat_XP_015633358.2	100.0	S	0.0
Smoe_XP_024528346.1	Osat_XP_015633358.2	100.0	S	0.0
Smoe_XP_002967925.1	Osat_XP_015633358.2	100.0	S	0.0
Smoe_XP_024524605.1	Atri_XP_006828740.1	100.0	S	0.0
Smoe_XP_024528346.1	Atri_XP_006828740.1	100.0	S	0.0
Smoe_XP_002967925.1	Atri_XP_006828740.1	100.0	S	0.0
Smoe_XP_024524605.1	Tura_XP_048539377.1	100.0	S	0.0
Smoe_XP_024528346.1	Tura_XP_048539377.1	100.0	S	0.0
Smoe_XP_002967925.1	Tura_XP_048539377.1	100.0	S	0.0
Bxyl_CAG9081658.1	Asuu_AgR032_g056_t02	99.0	S	0.0
Bxyl_CAG9081658.1	Asuu_AgR032_g056_t05	99.0	S	0.0
Bxyl_CAG9081658.1	Asuu_AgR032_g056_t03	99.0	S	0.0
Blan_XP_066288490.1	Spur_XP_011668891.1	100.0	S	0.0
Blan_XP_066288489.1	Spur_XP_011668891.1	100.0	S	0.0
Blan_XP_066288490.1	Apla_XP_022091406.1	100.0	S	0.0
Blan_XP_066288489.1	Apla_XP_022091406.1	100.0	S	0.0
Blan_XP_066288490.1	Apla_XP_022081177.1	100.0	S	0.0
Blan_XP_066288489.1	Apla_XP_022081177.1	100.0	S	0.0
Blan_XP_066288490.1	Apla_XP_022081175.1	100.0	S	0.0
Blan_XP_066288489.1	Apla_XP_022081175.1	100.0	S	0.0
Blan_XP_066288490.1	Apla_XP_022081174.1	100.0	S	0.0
Blan_XP_066288489.1	Apla_XP_022081174.1	100.0	S	0.0
Sollyc_XP_069151682.1	Ecur_TVU13135.1	100.0	S	0.0
Sollyc_XP_069151683.1	Ecur_TVU13135.1	100.0	S	0.0
Sollyc_XP_069151673.1	Ecur_TVU13135.1	100.0	S	0.0
Atri_XP_006848729.2	Ecur_TVU13135.1	100.0	S	0.0
Sollyc_XP_069151684.1	Ecur_TVU13135.1	100.0	S	0.0
Sollyc_XP_069151672.1	Ecur_TVU13135.1	100.0	S	0.0
Sollyc_XP_069151681.1	Ecur_TVU13135.1	100.0	S	0.0
Sollyc_XP_069151686.1	Ecur_TVU13135.1	100.0	S	0.0
Mesc_XP_021634806.1	Ecur_TVU13135.1	100.0	S	0.0
Cofcan_CDP14380.1	Ecur_TVU13135.1	100.0	S	0.0
Sollyc_XP_069151674.1	Ecur_TVU13135.1	100.0	S	0.0
Qlob_XP_030939389.1	Ecur_TVU13135.1	100.0	S	0.0
Sollyc_XP_069151675.1	Ecur_TVU13135.1	100.0	S	0.0
Sollyc_XP_069151676.1	Ecur_TVU13135.1	100.0	S	0.0
Sollyc_XP_069151678.1	Ecur_TVU13135.1	100.0	S	0.0
Sollyc_XP_025885902.2	Ecur_TVU13135.1	100.0	S	0.0
Sollyc_XP_069151670.1	Ecur_TVU13135.1	100.0	S	0.0
Rchi_XP_024169800.1	Ecur_TVU13135.1	100.0	S	0.0
Mesc_XP_043806123.1	Ecur_TVU13135.1	100.0	S	0.0
Sollyc_XP_025885903.2	Ecur_TVU13135.1	100.0	S	0.0
Sollyc_XP_069151685.1	Ecur_TVU13135.1	100.0	S	0.0
Sollyc_XP_069151679.1	Ecur_TVU13135.1	100.0	S	0.0
Sollyc_XP_069151671.1	Ecur_TVU13135.1	100.0	S	0.0
Sollyc_XP_069151680.1	Ecur_TVU13135.1	100.0	S	0.0
Sollyc_XP_069151677.1	Ecur_TVU13135.1	100.0	S	0.0
Sollyc_XP_069151682.1	Zmay_XP_008651930.1	100.0	S	0.0
Sollyc_XP_069151683.1	Zmay_XP_008651930.1	100.0	S	0.0
Sollyc_XP_069151673.1	Zmay_XP_008651930.1	100.0	S	0.0
Atri_XP_006848729.2	Zmay_XP_008651930.1	100.0	S	0.0
Sollyc_XP_069151684.1	Zmay_XP_008651930.1	100.0	S	0.0
Sollyc_XP_069151672.1	Zmay_XP_008651930.1	100.0	S	0.0
Sollyc_XP_069151681.1	Zmay_XP_008651930.1	100.0	S	0.0
Sollyc_XP_069151686.1	Zmay_XP_008651930.1	100.0	S	0.0
Mesc_XP_021634806.1	Zmay_XP_008651930.1	100.0	S	0.0
Cofcan_CDP14380.1	Zmay_XP_008651930.1	100.0	S	0.0
Sollyc_XP_069151674.1	Zmay_XP_008651930.1	100.0	S	0.0
Qlob_XP_030939389.1	Zmay_XP_008651930.1	100.0	S	0.0
Sollyc_XP_069151675.1	Zmay_XP_008651930.1	100.0	S	0.0
Sollyc_XP_069151676.1	Zmay_XP_008651930.1	100.0	S	0.0
Sollyc_XP_069151678.1	Zmay_XP_008651930.1	100.0	S	0.0
Sollyc_XP_025885902.2	Zmay_XP_008651930.1	100.0	S	0.0
Sollyc_XP_069151670.1	Zmay_XP_008651930.1	100.0	S	0.0
Rchi_XP_024169800.1	Zmay_XP_008651930.1	100.0	S	0.0
Mesc_XP_043806123.1	Zmay_XP_008651930.1	100.0	S	0.0
Sollyc_XP_025885903.2	Zmay_XP_008651930.1	100.0	S	0.0
Sollyc_XP_069151685.1	Zmay_XP_008651930.1	100.0	S	0.0
Sollyc_XP_069151679.1	Zmay_XP_008651930.1	100.0	S	0.0
Sollyc_XP_069151671.1	Zmay_XP_008651930.1	100.0	S	0.0
Sollyc_XP_069151680.1	Zmay_XP_008651930.1	100.0	S	0.0
Sollyc_XP_069151677.1	Zmay_XP_008651930.1	100.0	S	0.0
Sollyc_XP_069151682.1	Ecur_TVU41329.1	100.0	S	0.0
Sollyc_XP_069151683.1	Ecur_TVU41329.1	100.0	S	0.0
Sollyc_XP_069151673.1	Ecur_TVU41329.1	100.0	S	0.0
Atri_XP_006848729.2	Ecur_TVU41329.1	100.0	S	0.0
Sollyc_XP_069151684.1	Ecur_TVU41329.1	100.0	S	0.0
Sollyc_XP_069151672.1	Ecur_TVU41329.1	100.0	S	0.0
Sollyc_XP_069151681.1	Ecur_TVU41329.1	100.0	S	0.0
Sollyc_XP_069151686.1	Ecur_TVU41329.1	100.0	S	0.0
Mesc_XP_021634806.1	Ecur_TVU41329.1	100.0	S	0.0
Cofcan_CDP14380.1	Ecur_TVU41329.1	100.0	S	0.0
Sollyc_XP_069151674.1	Ecur_TVU41329.1	100.0	S	0.0
Qlob_XP_030939389.1	Ecur_TVU41329.1	100.0	S	0.0
Sollyc_XP_069151675.1	Ecur_TVU41329.1	100.0	S	0.0
Sollyc_XP_069151676.1	Ecur_TVU41329.1	100.0	S	0.0
Sollyc_XP_069151678.1	Ecur_TVU41329.1	100.0	S	0.0
Sollyc_XP_025885902.2	Ecur_TVU41329.1	100.0	S	0.0
Sollyc_XP_069151670.1	Ecur_TVU41329.1	100.0	S	0.0
Rchi_XP_024169800.1	Ecur_TVU41329.1	100.0	S	0.0
Mesc_XP_043806123.1	Ecur_TVU41329.1	100.0	S	0.0
Sollyc_XP_025885903.2	Ecur_TVU41329.1	100.0	S	0.0
Sollyc_XP_069151685.1	Ecur_TVU41329.1	100.0	S	0.0
Sollyc_XP_069151679.1	Ecur_TVU41329.1	100.0	S	0.0
Sollyc_XP_069151671.1	Ecur_TVU41329.1	100.0	S	0.0
Sollyc_XP_069151680.1	Ecur_TVU41329.1	100.0	S	0.0
Sollyc_XP_069151677.1	Ecur_TVU41329.1	100.0	S	0.0
Sollyc_XP_069151682.1	Osat_XP_015624769.1	100.0	S	0.0
Sollyc_XP_069151683.1	Osat_XP_015624769.1	100.0	S	0.0
Sollyc_XP_069151673.1	Osat_XP_015624769.1	100.0	S	0.0
Atri_XP_006848729.2	Osat_XP_015624769.1	100.0	S	0.0
Sollyc_XP_069151684.1	Osat_XP_015624769.1	100.0	S	0.0
Sollyc_XP_069151672.1	Osat_XP_015624769.1	100.0	S	0.0
Sollyc_XP_069151681.1	Osat_XP_015624769.1	100.0	S	0.0
Sollyc_XP_069151686.1	Osat_XP_015624769.1	100.0	S	0.0
Mesc_XP_021634806.1	Osat_XP_015624769.1	100.0	S	0.0
Cofcan_CDP14380.1	Osat_XP_015624769.1	100.0	S	0.0
Sollyc_XP_069151674.1	Osat_XP_015624769.1	100.0	S	0.0
Qlob_XP_030939389.1	Osat_XP_015624769.1	100.0	S	0.0
Sollyc_XP_069151675.1	Osat_XP_015624769.1	100.0	S	0.0
Sollyc_XP_069151676.1	Osat_XP_015624769.1	100.0	S	0.0
Sollyc_XP_069151678.1	Osat_XP_015624769.1	100.0	S	0.0
Sollyc_XP_025885902.2	Osat_XP_015624769.1	100.0	S	0.0
Sollyc_XP_069151670.1	Osat_XP_015624769.1	100.0	S	0.0
Rchi_XP_024169800.1	Osat_XP_015624769.1	100.0	S	0.0
Mesc_XP_043806123.1	Osat_XP_015624769.1	100.0	S	0.0
Sollyc_XP_025885903.2	Osat_XP_015624769.1	100.0	S	0.0
Sollyc_XP_069151685.1	Osat_XP_015624769.1	100.0	S	0.0
Sollyc_XP_069151679.1	Osat_XP_015624769.1	100.0	S	0.0
Sollyc_XP_069151671.1	Osat_XP_015624769.1	100.0	S	0.0
Sollyc_XP_069151680.1	Osat_XP_015624769.1	100.0	S	0.0
Sollyc_XP_069151677.1	Osat_XP_015624769.1	100.0	S	0.0
Sollyc_XP_069151682.1	Tura_XP_048531116.1	100.0	S	0.0
Sollyc_XP_069151683.1	Tura_XP_048531116.1	100.0	S	0.0
Sollyc_XP_069151673.1	Tura_XP_048531116.1	100.0	S	0.0
Atri_XP_006848729.2	Tura_XP_048531116.1	100.0	S	0.0
Sollyc_XP_069151684.1	Tura_XP_048531116.1	100.0	S	0.0
Sollyc_XP_069151672.1	Tura_XP_048531116.1	100.0	S	0.0
Sollyc_XP_069151681.1	Tura_XP_048531116.1	100.0	S	0.0
Sollyc_XP_069151686.1	Tura_XP_048531116.1	100.0	S	0.0
Mesc_XP_021634806.1	Tura_XP_048531116.1	100.0	S	0.0
Cofcan_CDP14380.1	Tura_XP_048531116.1	100.0	S	0.0
Sollyc_XP_069151674.1	Tura_XP_048531116.1	100.0	S	0.0
Qlob_XP_030939389.1	Tura_XP_048531116.1	100.0	S	0.0
Sollyc_XP_069151675.1	Tura_XP_048531116.1	100.0	S	0.0
Sollyc_XP_069151676.1	Tura_XP_048531116.1	100.0	S	0.0
Sollyc_XP_069151678.1	Tura_XP_048531116.1	100.0	S	0.0
Sollyc_XP_025885902.2	Tura_XP_048531116.1	100.0	S	0.0
Sollyc_XP_069151670.1	Tura_XP_048531116.1	100.0	S	0.0
Rchi_XP_024169800.1	Tura_XP_048531116.1	100.0	S	0.0
Mesc_XP_043806123.1	Tura_XP_048531116.1	100.0	S	0.0
Sollyc_XP_025885903.2	Tura_XP_048531116.1	100.0	S	0.0
Sollyc_XP_069151685.1	Tura_XP_048531116.1	100.0	S	0.0
Sollyc_XP_069151679.1	Tura_XP_048531116.1	100.0	S	0.0
Sollyc_XP_069151671.1	Tura_XP_048531116.1	100.0	S	0.0
Sollyc_XP_069151680.1	Tura_XP_048531116.1	100.0	S	0.0
Sollyc_XP_069151677.1	Tura_XP_048531116.1	100.0	S	0.0
Sollyc_XP_069151682.1	Ecur_TVU40253.1	100.0	S	0.0
Sollyc_XP_069151683.1	Ecur_TVU40253.1	100.0	S	0.0
Sollyc_XP_069151673.1	Ecur_TVU40253.1	100.0	S	0.0
Atri_XP_006848729.2	Ecur_TVU40253.1	100.0	S	0.0
Sollyc_XP_069151684.1	Ecur_TVU40253.1	100.0	S	0.0
Sollyc_XP_069151672.1	Ecur_TVU40253.1	100.0	S	0.0
Sollyc_XP_069151681.1	Ecur_TVU40253.1	100.0	S	0.0
Sollyc_XP_069151686.1	Ecur_TVU40253.1	100.0	S	0.0
Mesc_XP_021634806.1	Ecur_TVU40253.1	100.0	S	0.0
Cofcan_CDP14380.1	Ecur_TVU40253.1	100.0	S	0.0
Sollyc_XP_069151674.1	Ecur_TVU40253.1	100.0	S	0.0
Qlob_XP_030939389.1	Ecur_TVU40253.1	100.0	S	0.0
Sollyc_XP_069151675.1	Ecur_TVU40253.1	100.0	S	0.0
Sollyc_XP_069151676.1	Ecur_TVU40253.1	100.0	S	0.0
Sollyc_XP_069151678.1	Ecur_TVU40253.1	100.0	S	0.0
Sollyc_XP_025885902.2	Ecur_TVU40253.1	100.0	S	0.0
Sollyc_XP_069151670.1	Ecur_TVU40253.1	100.0	S	0.0
Rchi_XP_024169800.1	Ecur_TVU40253.1	100.0	S	0.0
Mesc_XP_043806123.1	Ecur_TVU40253.1	100.0	S	0.0
Sollyc_XP_025885903.2	Ecur_TVU40253.1	100.0	S	0.0
Sollyc_XP_069151685.1	Ecur_TVU40253.1	100.0	S	0.0
Sollyc_XP_069151679.1	Ecur_TVU40253.1	100.0	S	0.0
Sollyc_XP_069151671.1	Ecur_TVU40253.1	100.0	S	0.0
Sollyc_XP_069151680.1	Ecur_TVU40253.1	100.0	S	0.0
Sollyc_XP_069151677.1	Ecur_TVU40253.1	100.0	S	0.0
Sollyc_XP_069151682.1	Ecur_TVU40258.1	100.0	S	0.0
Sollyc_XP_069151683.1	Ecur_TVU40258.1	100.0	S	0.0
Sollyc_XP_069151673.1	Ecur_TVU40258.1	100.0	S	0.0
Atri_XP_006848729.2	Ecur_TVU40258.1	100.0	S	0.0
Sollyc_XP_069151684.1	Ecur_TVU40258.1	100.0	S	0.0
Sollyc_XP_069151672.1	Ecur_TVU40258.1	100.0	S	0.0
Sollyc_XP_069151681.1	Ecur_TVU40258.1	100.0	S	0.0
Sollyc_XP_069151686.1	Ecur_TVU40258.1	100.0	S	0.0
Mesc_XP_021634806.1	Ecur_TVU40258.1	100.0	S	0.0
Cofcan_CDP14380.1	Ecur_TVU40258.1	100.0	S	0.0
Sollyc_XP_069151674.1	Ecur_TVU40258.1	100.0	S	0.0
Qlob_XP_030939389.1	Ecur_TVU40258.1	100.0	S	0.0
Sollyc_XP_069151675.1	Ecur_TVU40258.1	100.0	S	0.0
Sollyc_XP_069151676.1	Ecur_TVU40258.1	100.0	S	0.0
Sollyc_XP_069151678.1	Ecur_TVU40258.1	100.0	S	0.0
Sollyc_XP_025885902.2	Ecur_TVU40258.1	100.0	S	0.0
Sollyc_XP_069151670.1	Ecur_TVU40258.1	100.0	S	0.0
Rchi_XP_024169800.1	Ecur_TVU40258.1	100.0	S	0.0
Mesc_XP_043806123.1	Ecur_TVU40258.1	100.0	S	0.0
Sollyc_XP_025885903.2	Ecur_TVU40258.1	100.0	S	0.0
Sollyc_XP_069151685.1	Ecur_TVU40258.1	100.0	S	0.0
Sollyc_XP_069151679.1	Ecur_TVU40258.1	100.0	S	0.0
Sollyc_XP_069151671.1	Ecur_TVU40258.1	100.0	S	0.0
Sollyc_XP_069151680.1	Ecur_TVU40258.1	100.0	S	0.0
Sollyc_XP_069151677.1	Ecur_TVU40258.1	100.0	S	0.0
Sollyc_XP_069151682.1	Tura_XP_048561221.1	100.0	S	0.0
Sollyc_XP_069151683.1	Tura_XP_048561221.1	100.0	S	0.0
Sollyc_XP_069151673.1	Tura_XP_048561221.1	100.0	S	0.0
Atri_XP_006848729.2	Tura_XP_048561221.1	100.0	S	0.0
Sollyc_XP_069151684.1	Tura_XP_048561221.1	100.0	S	0.0
Sollyc_XP_069151672.1	Tura_XP_048561221.1	100.0	S	0.0
Sollyc_XP_069151681.1	Tura_XP_048561221.1	100.0	S	0.0
Sollyc_XP_069151686.1	Tura_XP_048561221.1	100.0	S	0.0
Mesc_XP_021634806.1	Tura_XP_048561221.1	100.0	S	0.0
Cofcan_CDP14380.1	Tura_XP_048561221.1	100.0	S	0.0
Sollyc_XP_069151674.1	Tura_XP_048561221.1	100.0	S	0.0
Qlob_XP_030939389.1	Tura_XP_048561221.1	100.0	S	0.0
Sollyc_XP_069151675.1	Tura_XP_048561221.1	100.0	S	0.0
Sollyc_XP_069151676.1	Tura_XP_048561221.1	100.0	S	0.0
Sollyc_XP_069151678.1	Tura_XP_048561221.1	100.0	S	0.0
Sollyc_XP_025885902.2	Tura_XP_048561221.1	100.0	S	0.0
Sollyc_XP_069151670.1	Tura_XP_048561221.1	100.0	S	0.0
Rchi_XP_024169800.1	Tura_XP_048561221.1	100.0	S	0.0
Mesc_XP_043806123.1	Tura_XP_048561221.1	100.0	S	0.0
Sollyc_XP_025885903.2	Tura_XP_048561221.1	100.0	S	0.0
Sollyc_XP_069151685.1	Tura_XP_048561221.1	100.0	S	0.0
Sollyc_XP_069151679.1	Tura_XP_048561221.1	100.0	S	0.0
Sollyc_XP_069151671.1	Tura_XP_048561221.1	100.0	S	0.0
Sollyc_XP_069151680.1	Tura_XP_048561221.1	100.0	S	0.0
Sollyc_XP_069151677.1	Tura_XP_048561221.1	100.0	S	0.0
Sollyc_XP_069151682.1	Osat_XP_025882478.1	100.0	S	0.0
Sollyc_XP_069151683.1	Osat_XP_025882478.1	100.0	S	0.0
Sollyc_XP_069151673.1	Osat_XP_025882478.1	100.0	S	0.0
Atri_XP_006848729.2	Osat_XP_025882478.1	100.0	S	0.0
Sollyc_XP_069151684.1	Osat_XP_025882478.1	100.0	S	0.0
Sollyc_XP_069151672.1	Osat_XP_025882478.1	100.0	S	0.0
Sollyc_XP_069151681.1	Osat_XP_025882478.1	100.0	S	0.0
Sollyc_XP_069151686.1	Osat_XP_025882478.1	100.0	S	0.0
Mesc_XP_021634806.1	Osat_XP_025882478.1	100.0	S	0.0
Cofcan_CDP14380.1	Osat_XP_025882478.1	100.0	S	0.0
Sollyc_XP_069151674.1	Osat_XP_025882478.1	100.0	S	0.0
Qlob_XP_030939389.1	Osat_XP_025882478.1	100.0	S	0.0
Sollyc_XP_069151675.1	Osat_XP_025882478.1	100.0	S	0.0
Sollyc_XP_069151676.1	Osat_XP_025882478.1	100.0	S	0.0
Sollyc_XP_069151678.1	Osat_XP_025882478.1	100.0	S	0.0
Sollyc_XP_025885902.2	Osat_XP_025882478.1	100.0	S	0.0
Sollyc_XP_069151670.1	Osat_XP_025882478.1	100.0	S	0.0
Rchi_XP_024169800.1	Osat_XP_025882478.1	100.0	S	0.0
Mesc_XP_043806123.1	Osat_XP_025882478.1	100.0	S	0.0
Sollyc_XP_025885903.2	Osat_XP_025882478.1	100.0	S	0.0
Sollyc_XP_069151685.1	Osat_XP_025882478.1	100.0	S	0.0
Sollyc_XP_069151679.1	Osat_XP_025882478.1	100.0	S	0.0
Sollyc_XP_069151671.1	Osat_XP_025882478.1	100.0	S	0.0
Sollyc_XP_069151680.1	Osat_XP_025882478.1	100.0	S	0.0
Sollyc_XP_069151677.1	Osat_XP_025882478.1	100.0	S	0.0
Sollyc_XP_069151682.1	Ecur_TVU40261.1	100.0	S	0.0
Sollyc_XP_069151683.1	Ecur_TVU40261.1	100.0	S	0.0
Sollyc_XP_069151673.1	Ecur_TVU40261.1	100.0	S	0.0
Atri_XP_006848729.2	Ecur_TVU40261.1	100.0	S	0.0
Sollyc_XP_069151684.1	Ecur_TVU40261.1	100.0	S	0.0
Sollyc_XP_069151672.1	Ecur_TVU40261.1	100.0	S	0.0
Sollyc_XP_069151681.1	Ecur_TVU40261.1	100.0	S	0.0
Sollyc_XP_069151686.1	Ecur_TVU40261.1	100.0	S	0.0
Mesc_XP_021634806.1	Ecur_TVU40261.1	100.0	S	0.0
Cofcan_CDP14380.1	Ecur_TVU40261.1	100.0	S	0.0
Sollyc_XP_069151674.1	Ecur_TVU40261.1	100.0	S	0.0
Qlob_XP_030939389.1	Ecur_TVU40261.1	100.0	S	0.0
Sollyc_XP_069151675.1	Ecur_TVU40261.1	100.0	S	0.0
Sollyc_XP_069151676.1	Ecur_TVU40261.1	100.0	S	0.0
Sollyc_XP_069151678.1	Ecur_TVU40261.1	100.0	S	0.0
Sollyc_XP_025885902.2	Ecur_TVU40261.1	100.0	S	0.0
Sollyc_XP_069151670.1	Ecur_TVU40261.1	100.0	S	0.0
Rchi_XP_024169800.1	Ecur_TVU40261.1	100.0	S	0.0
Mesc_XP_043806123.1	Ecur_TVU40261.1	100.0	S	0.0
Sollyc_XP_025885903.2	Ecur_TVU40261.1	100.0	S	0.0
Sollyc_XP_069151685.1	Ecur_TVU40261.1	100.0	S	0.0
Sollyc_XP_069151679.1	Ecur_TVU40261.1	100.0	S	0.0
Sollyc_XP_069151671.1	Ecur_TVU40261.1	100.0	S	0.0
Sollyc_XP_069151680.1	Ecur_TVU40261.1	100.0	S	0.0
Sollyc_XP_069151677.1	Ecur_TVU40261.1	100.0	S	0.0
Sollyc_XP_069151682.1	Tura_XP_048535092.1	100.0	S	0.0
Sollyc_XP_069151683.1	Tura_XP_048535092.1	100.0	S	0.0
Sollyc_XP_069151673.1	Tura_XP_048535092.1	100.0	S	0.0
Atri_XP_006848729.2	Tura_XP_048535092.1	100.0	S	0.0
Sollyc_XP_069151684.1	Tura_XP_048535092.1	100.0	S	0.0
Sollyc_XP_069151672.1	Tura_XP_048535092.1	100.0	S	0.0
Sollyc_XP_069151681.1	Tura_XP_048535092.1	100.0	S	0.0
Sollyc_XP_069151686.1	Tura_XP_048535092.1	100.0	S	0.0
Mesc_XP_021634806.1	Tura_XP_048535092.1	100.0	S	0.0
Cofcan_CDP14380.1	Tura_XP_048535092.1	100.0	S	0.0
Sollyc_XP_069151674.1	Tura_XP_048535092.1	100.0	S	0.0
Qlob_XP_030939389.1	Tura_XP_048535092.1	100.0	S	0.0
Sollyc_XP_069151675.1	Tura_XP_048535092.1	100.0	S	0.0
Sollyc_XP_069151676.1	Tura_XP_048535092.1	100.0	S	0.0
Sollyc_XP_069151678.1	Tura_XP_048535092.1	100.0	S	0.0
Sollyc_XP_025885902.2	Tura_XP_048535092.1	100.0	S	0.0
Sollyc_XP_069151670.1	Tura_XP_048535092.1	100.0	S	0.0
Rchi_XP_024169800.1	Tura_XP_048535092.1	100.0	S	0.0
Mesc_XP_043806123.1	Tura_XP_048535092.1	100.0	S	0.0
Sollyc_XP_025885903.2	Tura_XP_048535092.1	100.0	S	0.0
Sollyc_XP_069151685.1	Tura_XP_048535092.1	100.0	S	0.0
Sollyc_XP_069151679.1	Tura_XP_048535092.1	100.0	S	0.0
Sollyc_XP_069151671.1	Tura_XP_048535092.1	100.0	S	0.0
Sollyc_XP_069151680.1	Tura_XP_048535092.1	100.0	S	0.0
Sollyc_XP_069151677.1	Tura_XP_048535092.1	100.0	S	0.0
Sollyc_XP_069151682.1	Zmay_XP_008653582.1	100.0	S	0.0
Sollyc_XP_069151683.1	Zmay_XP_008653582.1	100.0	S	0.0
Sollyc_XP_069151673.1	Zmay_XP_008653582.1	100.0	S	0.0
Atri_XP_006848729.2	Zmay_XP_008653582.1	100.0	S	0.0
Sollyc_XP_069151684.1	Zmay_XP_008653582.1	100.0	S	0.0
Sollyc_XP_069151672.1	Zmay_XP_008653582.1	100.0	S	0.0
Sollyc_XP_069151681.1	Zmay_XP_008653582.1	100.0	S	0.0
Sollyc_XP_069151686.1	Zmay_XP_008653582.1	100.0	S	0.0
Mesc_XP_021634806.1	Zmay_XP_008653582.1	100.0	S	0.0
Cofcan_CDP14380.1	Zmay_XP_008653582.1	100.0	S	0.0
Sollyc_XP_069151674.1	Zmay_XP_008653582.1	100.0	S	0.0
Qlob_XP_030939389.1	Zmay_XP_008653582.1	100.0	S	0.0
Sollyc_XP_069151675.1	Zmay_XP_008653582.1	100.0	S	0.0
Sollyc_XP_069151676.1	Zmay_XP_008653582.1	100.0	S	0.0
Sollyc_XP_069151678.1	Zmay_XP_008653582.1	100.0	S	0.0
Sollyc_XP_025885902.2	Zmay_XP_008653582.1	100.0	S	0.0
Sollyc_XP_069151670.1	Zmay_XP_008653582.1	100.0	S	0.0
Rchi_XP_024169800.1	Zmay_XP_008653582.1	100.0	S	0.0
Mesc_XP_043806123.1	Zmay_XP_008653582.1	100.0	S	0.0
Sollyc_XP_025885903.2	Zmay_XP_008653582.1	100.0	S	0.0
Sollyc_XP_069151685.1	Zmay_XP_008653582.1	100.0	S	0.0
Sollyc_XP_069151679.1	Zmay_XP_008653582.1	100.0	S	0.0
Sollyc_XP_069151671.1	Zmay_XP_008653582.1	100.0	S	0.0
Sollyc_XP_069151680.1	Zmay_XP_008653582.1	100.0	S	0.0
Sollyc_XP_069151677.1	Zmay_XP_008653582.1	100.0	S	0.0
Sollyc_XP_069151682.1	Tura_XP_048535967.1	100.0	S	0.0
Sollyc_XP_069151683.1	Tura_XP_048535967.1	100.0	S	0.0
Sollyc_XP_069151673.1	Tura_XP_048535967.1	100.0	S	0.0
Atri_XP_006848729.2	Tura_XP_048535967.1	100.0	S	0.0
Sollyc_XP_069151684.1	Tura_XP_048535967.1	100.0	S	0.0
Sollyc_XP_069151672.1	Tura_XP_048535967.1	100.0	S	0.0
Sollyc_XP_069151681.1	Tura_XP_048535967.1	100.0	S	0.0
Sollyc_XP_069151686.1	Tura_XP_048535967.1	100.0	S	0.0
Mesc_XP_021634806.1	Tura_XP_048535967.1	100.0	S	0.0
Cofcan_CDP14380.1	Tura_XP_048535967.1	100.0	S	0.0
Sollyc_XP_069151674.1	Tura_XP_048535967.1	100.0	S	0.0
Qlob_XP_030939389.1	Tura_XP_048535967.1	100.0	S	0.0
Sollyc_XP_069151675.1	Tura_XP_048535967.1	100.0	S	0.0
Sollyc_XP_069151676.1	Tura_XP_048535967.1	100.0	S	0.0
Sollyc_XP_069151678.1	Tura_XP_048535967.1	100.0	S	0.0
Sollyc_XP_025885902.2	Tura_XP_048535967.1	100.0	S	0.0
Sollyc_XP_069151670.1	Tura_XP_048535967.1	100.0	S	0.0
Rchi_XP_024169800.1	Tura_XP_048535967.1	100.0	S	0.0
Mesc_XP_043806123.1	Tura_XP_048535967.1	100.0	S	0.0
Sollyc_XP_025885903.2	Tura_XP_048535967.1	100.0	S	0.0
Sollyc_XP_069151685.1	Tura_XP_048535967.1	100.0	S	0.0
Sollyc_XP_069151679.1	Tura_XP_048535967.1	100.0	S	0.0
Sollyc_XP_069151671.1	Tura_XP_048535967.1	100.0	S	0.0
Sollyc_XP_069151680.1	Tura_XP_048535967.1	100.0	S	0.0
Sollyc_XP_069151677.1	Tura_XP_048535967.1	100.0	S	0.0
Sollyc_XP_069151682.1	Osat_XP_015642183.1	100.0	S	0.0
Sollyc_XP_069151683.1	Osat_XP_015642183.1	100.0	S	0.0
Sollyc_XP_069151673.1	Osat_XP_015642183.1	100.0	S	0.0
Atri_XP_006848729.2	Osat_XP_015642183.1	100.0	S	0.0
Sollyc_XP_069151684.1	Osat_XP_015642183.1	100.0	S	0.0
Sollyc_XP_069151672.1	Osat_XP_015642183.1	100.0	S	0.0
Sollyc_XP_069151681.1	Osat_XP_015642183.1	100.0	S	0.0
Sollyc_XP_069151686.1	Osat_XP_015642183.1	100.0	S	0.0
Mesc_XP_021634806.1	Osat_XP_015642183.1	100.0	S	0.0
Cofcan_CDP14380.1	Osat_XP_015642183.1	100.0	S	0.0
Sollyc_XP_069151674.1	Osat_XP_015642183.1	100.0	S	0.0
Qlob_XP_030939389.1	Osat_XP_015642183.1	100.0	S	0.0
Sollyc_XP_069151675.1	Osat_XP_015642183.1	100.0	S	0.0
Sollyc_XP_069151676.1	Osat_XP_015642183.1	100.0	S	0.0
Sollyc_XP_069151678.1	Osat_XP_015642183.1	100.0	S	0.0
Sollyc_XP_025885902.2	Osat_XP_015642183.1	100.0	S	0.0
Sollyc_XP_069151670.1	Osat_XP_015642183.1	100.0	S	0.0
Rchi_XP_024169800.1	Osat_XP_015642183.1	100.0	S	0.0
Mesc_XP_043806123.1	Osat_XP_015642183.1	100.0	S	0.0
Sollyc_XP_025885903.2	Osat_XP_015642183.1	100.0	S	0.0
Sollyc_XP_069151685.1	Osat_XP_015642183.1	100.0	S	0.0
Sollyc_XP_069151679.1	Osat_XP_015642183.1	100.0	S	0.0
Sollyc_XP_069151671.1	Osat_XP_015642183.1	100.0	S	0.0
Sollyc_XP_069151680.1	Osat_XP_015642183.1	100.0	S	0.0
Sollyc_XP_069151677.1	Osat_XP_015642183.1	100.0	S	0.0
Sollyc_XP_069151682.1	Osat_XP_015645788.1	100.0	S	0.0
Sollyc_XP_069151683.1	Osat_XP_015645788.1	100.0	S	0.0
Sollyc_XP_069151673.1	Osat_XP_015645788.1	100.0	S	0.0
Atri_XP_006848729.2	Osat_XP_015645788.1	100.0	S	0.0
Sollyc_XP_069151684.1	Osat_XP_015645788.1	100.0	S	0.0
Sollyc_XP_069151672.1	Osat_XP_015645788.1	100.0	S	0.0
Sollyc_XP_069151681.1	Osat_XP_015645788.1	100.0	S	0.0
Sollyc_XP_069151686.1	Osat_XP_015645788.1	100.0	S	0.0
Mesc_XP_021634806.1	Osat_XP_015645788.1	100.0	S	0.0
Cofcan_CDP14380.1	Osat_XP_015645788.1	100.0	S	0.0
Sollyc_XP_069151674.1	Osat_XP_015645788.1	100.0	S	0.0
Qlob_XP_030939389.1	Osat_XP_015645788.1	100.0	S	0.0
Sollyc_XP_069151675.1	Osat_XP_015645788.1	100.0	S	0.0
Sollyc_XP_069151676.1	Osat_XP_015645788.1	100.0	S	0.0
Sollyc_XP_069151678.1	Osat_XP_015645788.1	100.0	S	0.0
Sollyc_XP_025885902.2	Osat_XP_015645788.1	100.0	S	0.0
Sollyc_XP_069151670.1	Osat_XP_015645788.1	100.0	S	0.0
Rchi_XP_024169800.1	Osat_XP_015645788.1	100.0	S	0.0
Mesc_XP_043806123.1	Osat_XP_015645788.1	100.0	S	0.0
Sollyc_XP_025885903.2	Osat_XP_015645788.1	100.0	S	0.0
Sollyc_XP_069151685.1	Osat_XP_015645788.1	100.0	S	0.0
Sollyc_XP_069151679.1	Osat_XP_015645788.1	100.0	S	0.0
Sollyc_XP_069151671.1	Osat_XP_015645788.1	100.0	S	0.0
Sollyc_XP_069151680.1	Osat_XP_015645788.1	100.0	S	0.0
Sollyc_XP_069151677.1	Osat_XP_015645788.1	100.0	S	0.0
Sollyc_XP_069151682.1	Osat_XP_015644839.2	100.0	S	0.0
Sollyc_XP_069151683.1	Osat_XP_015644839.2	100.0	S	0.0
Sollyc_XP_069151673.1	Osat_XP_015644839.2	100.0	S	0.0
Atri_XP_006848729.2	Osat_XP_015644839.2	100.0	S	0.0
Sollyc_XP_069151684.1	Osat_XP_015644839.2	100.0	S	0.0
Sollyc_XP_069151672.1	Osat_XP_015644839.2	100.0	S	0.0
Sollyc_XP_069151681.1	Osat_XP_015644839.2	100.0	S	0.0
Sollyc_XP_069151686.1	Osat_XP_015644839.2	100.0	S	0.0
Mesc_XP_021634806.1	Osat_XP_015644839.2	100.0	S	0.0
Cofcan_CDP14380.1	Osat_XP_015644839.2	100.0	S	0.0
Sollyc_XP_069151674.1	Osat_XP_015644839.2	100.0	S	0.0
Qlob_XP_030939389.1	Osat_XP_015644839.2	100.0	S	0.0
Sollyc_XP_069151675.1	Osat_XP_015644839.2	100.0	S	0.0
Sollyc_XP_069151676.1	Osat_XP_015644839.2	100.0	S	0.0
Sollyc_XP_069151678.1	Osat_XP_015644839.2	100.0	S	0.0
Sollyc_XP_025885902.2	Osat_XP_015644839.2	100.0	S	0.0
Sollyc_XP_069151670.1	Osat_XP_015644839.2	100.0	S	0.0
Rchi_XP_024169800.1	Osat_XP_015644839.2	100.0	S	0.0
Mesc_XP_043806123.1	Osat_XP_015644839.2	100.0	S	0.0
Sollyc_XP_025885903.2	Osat_XP_015644839.2	100.0	S	0.0
Sollyc_XP_069151685.1	Osat_XP_015644839.2	100.0	S	0.0
Sollyc_XP_069151679.1	Osat_XP_015644839.2	100.0	S	0.0
Sollyc_XP_069151671.1	Osat_XP_015644839.2	100.0	S	0.0
Sollyc_XP_069151680.1	Osat_XP_015644839.2	100.0	S	0.0
Sollyc_XP_069151677.1	Osat_XP_015644839.2	100.0	S	0.0
Sollyc_XP_069151682.1	Zmay_NP_001142250.1	100.0	S	0.0
Sollyc_XP_069151683.1	Zmay_NP_001142250.1	100.0	S	0.0
Sollyc_XP_069151673.1	Zmay_NP_001142250.1	100.0	S	0.0
Atri_XP_006848729.2	Zmay_NP_001142250.1	100.0	S	0.0
Sollyc_XP_069151684.1	Zmay_NP_001142250.1	100.0	S	0.0
Sollyc_XP_069151672.1	Zmay_NP_001142250.1	100.0	S	0.0
Sollyc_XP_069151681.1	Zmay_NP_001142250.1	100.0	S	0.0
Sollyc_XP_069151686.1	Zmay_NP_001142250.1	100.0	S	0.0
Mesc_XP_021634806.1	Zmay_NP_001142250.1	100.0	S	0.0
Cofcan_CDP14380.1	Zmay_NP_001142250.1	100.0	S	0.0
Sollyc_XP_069151674.1	Zmay_NP_001142250.1	100.0	S	0.0
Qlob_XP_030939389.1	Zmay_NP_001142250.1	100.0	S	0.0
Sollyc_XP_069151675.1	Zmay_NP_001142250.1	100.0	S	0.0
Sollyc_XP_069151676.1	Zmay_NP_001142250.1	100.0	S	0.0
Sollyc_XP_069151678.1	Zmay_NP_001142250.1	100.0	S	0.0
Sollyc_XP_025885902.2	Zmay_NP_001142250.1	100.0	S	0.0
Sollyc_XP_069151670.1	Zmay_NP_001142250.1	100.0	S	0.0
Rchi_XP_024169800.1	Zmay_NP_001142250.1	100.0	S	0.0
Mesc_XP_043806123.1	Zmay_NP_001142250.1	100.0	S	0.0
Sollyc_XP_025885903.2	Zmay_NP_001142250.1	100.0	S	0.0
Sollyc_XP_069151685.1	Zmay_NP_001142250.1	100.0	S	0.0
Sollyc_XP_069151679.1	Zmay_NP_001142250.1	100.0	S	0.0
Sollyc_XP_069151671.1	Zmay_NP_001142250.1	100.0	S	0.0
Sollyc_XP_069151680.1	Zmay_NP_001142250.1	100.0	S	0.0
Sollyc_XP_069151677.1	Zmay_NP_001142250.1	100.0	S	0.0
Sollyc_XP_069151682.1	Osat_XP_015645667.1	100.0	S	0.0
Sollyc_XP_069151683.1	Osat_XP_015645667.1	100.0	S	0.0
Sollyc_XP_069151673.1	Osat_XP_015645667.1	100.0	S	0.0
Atri_XP_006848729.2	Osat_XP_015645667.1	100.0	S	0.0
Sollyc_XP_069151684.1	Osat_XP_015645667.1	100.0	S	0.0
Sollyc_XP_069151672.1	Osat_XP_015645667.1	100.0	S	0.0
Sollyc_XP_069151681.1	Osat_XP_015645667.1	100.0	S	0.0
Sollyc_XP_069151686.1	Osat_XP_015645667.1	100.0	S	0.0
Mesc_XP_021634806.1	Osat_XP_015645667.1	100.0	S	0.0
Cofcan_CDP14380.1	Osat_XP_015645667.1	100.0	S	0.0
Sollyc_XP_069151674.1	Osat_XP_015645667.1	100.0	S	0.0
Qlob_XP_030939389.1	Osat_XP_015645667.1	100.0	S	0.0
Sollyc_XP_069151675.1	Osat_XP_015645667.1	100.0	S	0.0
Sollyc_XP_069151676.1	Osat_XP_015645667.1	100.0	S	0.0
Sollyc_XP_069151678.1	Osat_XP_015645667.1	100.0	S	0.0
Sollyc_XP_025885902.2	Osat_XP_015645667.1	100.0	S	0.0
Sollyc_XP_069151670.1	Osat_XP_015645667.1	100.0	S	0.0
Rchi_XP_024169800.1	Osat_XP_015645667.1	100.0	S	0.0
Mesc_XP_043806123.1	Osat_XP_015645667.1	100.0	S	0.0
Sollyc_XP_025885903.2	Osat_XP_015645667.1	100.0	S	0.0
Sollyc_XP_069151685.1	Osat_XP_015645667.1	100.0	S	0.0
Sollyc_XP_069151679.1	Osat_XP_015645667.1	100.0	S	0.0
Sollyc_XP_069151671.1	Osat_XP_015645667.1	100.0	S	0.0
Sollyc_XP_069151680.1	Osat_XP_015645667.1	100.0	S	0.0
Sollyc_XP_069151677.1	Osat_XP_015645667.1	100.0	S	0.0
Sollyc_XP_069151682.1	Osat_XP_015645433.1	100.0	S	0.0
Sollyc_XP_069151683.1	Osat_XP_015645433.1	100.0	S	0.0
Sollyc_XP_069151673.1	Osat_XP_015645433.1	100.0	S	0.0
Atri_XP_006848729.2	Osat_XP_015645433.1	100.0	S	0.0
Sollyc_XP_069151684.1	Osat_XP_015645433.1	100.0	S	0.0
Sollyc_XP_069151672.1	Osat_XP_015645433.1	100.0	S	0.0
Sollyc_XP_069151681.1	Osat_XP_015645433.1	100.0	S	0.0
Sollyc_XP_069151686.1	Osat_XP_015645433.1	100.0	S	0.0
Mesc_XP_021634806.1	Osat_XP_015645433.1	100.0	S	0.0
Cofcan_CDP14380.1	Osat_XP_015645433.1	100.0	S	0.0
Sollyc_XP_069151674.1	Osat_XP_015645433.1	100.0	S	0.0
Qlob_XP_030939389.1	Osat_XP_015645433.1	100.0	S	0.0
Sollyc_XP_069151675.1	Osat_XP_015645433.1	100.0	S	0.0
Sollyc_XP_069151676.1	Osat_XP_015645433.1	100.0	S	0.0
Sollyc_XP_069151678.1	Osat_XP_015645433.1	100.0	S	0.0
Sollyc_XP_025885902.2	Osat_XP_015645433.1	100.0	S	0.0
Sollyc_XP_069151670.1	Osat_XP_015645433.1	100.0	S	0.0
Rchi_XP_024169800.1	Osat_XP_015645433.1	100.0	S	0.0
Mesc_XP_043806123.1	Osat_XP_015645433.1	100.0	S	0.0
Sollyc_XP_025885903.2	Osat_XP_015645433.1	100.0	S	0.0
Sollyc_XP_069151685.1	Osat_XP_015645433.1	100.0	S	0.0
Sollyc_XP_069151679.1	Osat_XP_015645433.1	100.0	S	0.0
Sollyc_XP_069151671.1	Osat_XP_015645433.1	100.0	S	0.0
Sollyc_XP_069151680.1	Osat_XP_015645433.1	100.0	S	0.0
Sollyc_XP_069151677.1	Osat_XP_015645433.1	100.0	S	0.0
Sollyc_XP_069151682.1	Tura_XP_048573688.1	100.0	S	0.0
Sollyc_XP_069151683.1	Tura_XP_048573688.1	100.0	S	0.0
Sollyc_XP_069151673.1	Tura_XP_048573688.1	100.0	S	0.0
Atri_XP_006848729.2	Tura_XP_048573688.1	100.0	S	0.0
Sollyc_XP_069151684.1	Tura_XP_048573688.1	100.0	S	0.0
Sollyc_XP_069151672.1	Tura_XP_048573688.1	100.0	S	0.0
Sollyc_XP_069151681.1	Tura_XP_048573688.1	100.0	S	0.0
Sollyc_XP_069151686.1	Tura_XP_048573688.1	100.0	S	0.0
Mesc_XP_021634806.1	Tura_XP_048573688.1	100.0	S	0.0
Cofcan_CDP14380.1	Tura_XP_048573688.1	100.0	S	0.0
Sollyc_XP_069151674.1	Tura_XP_048573688.1	100.0	S	0.0
Qlob_XP_030939389.1	Tura_XP_048573688.1	100.0	S	0.0
Sollyc_XP_069151675.1	Tura_XP_048573688.1	100.0	S	0.0
Sollyc_XP_069151676.1	Tura_XP_048573688.1	100.0	S	0.0
Sollyc_XP_069151678.1	Tura_XP_048573688.1	100.0	S	0.0
Sollyc_XP_025885902.2	Tura_XP_048573688.1	100.0	S	0.0
Sollyc_XP_069151670.1	Tura_XP_048573688.1	100.0	S	0.0
Rchi_XP_024169800.1	Tura_XP_048573688.1	100.0	S	0.0
Mesc_XP_043806123.1	Tura_XP_048573688.1	100.0	S	0.0
Sollyc_XP_025885903.2	Tura_XP_048573688.1	100.0	S	0.0
Sollyc_XP_069151685.1	Tura_XP_048573688.1	100.0	S	0.0
Sollyc_XP_069151679.1	Tura_XP_048573688.1	100.0	S	0.0
Sollyc_XP_069151671.1	Tura_XP_048573688.1	100.0	S	0.0
Sollyc_XP_069151680.1	Tura_XP_048573688.1	100.0	S	0.0
Sollyc_XP_069151677.1	Tura_XP_048573688.1	100.0	S	0.0
Sollyc_XP_069151682.1	Bdis_XP_003572628.1	100.0	S	0.0
Sollyc_XP_069151683.1	Bdis_XP_003572628.1	100.0	S	0.0
Sollyc_XP_069151673.1	Bdis_XP_003572628.1	100.0	S	0.0
Atri_XP_006848729.2	Bdis_XP_003572628.1	100.0	S	0.0
Sollyc_XP_069151684.1	Bdis_XP_003572628.1	100.0	S	0.0
Sollyc_XP_069151672.1	Bdis_XP_003572628.1	100.0	S	0.0
Sollyc_XP_069151681.1	Bdis_XP_003572628.1	100.0	S	0.0
Sollyc_XP_069151686.1	Bdis_XP_003572628.1	100.0	S	0.0
Mesc_XP_021634806.1	Bdis_XP_003572628.1	100.0	S	0.0
Cofcan_CDP14380.1	Bdis_XP_003572628.1	100.0	S	0.0
Sollyc_XP_069151674.1	Bdis_XP_003572628.1	100.0	S	0.0
Qlob_XP_030939389.1	Bdis_XP_003572628.1	100.0	S	0.0
Sollyc_XP_069151675.1	Bdis_XP_003572628.1	100.0	S	0.0
Sollyc_XP_069151676.1	Bdis_XP_003572628.1	100.0	S	0.0
Sollyc_XP_069151678.1	Bdis_XP_003572628.1	100.0	S	0.0
Sollyc_XP_025885902.2	Bdis_XP_003572628.1	100.0	S	0.0
Sollyc_XP_069151670.1	Bdis_XP_003572628.1	100.0	S	0.0
Rchi_XP_024169800.1	Bdis_XP_003572628.1	100.0	S	0.0
Mesc_XP_043806123.1	Bdis_XP_003572628.1	100.0	S	0.0
Sollyc_XP_025885903.2	Bdis_XP_003572628.1	100.0	S	0.0
Sollyc_XP_069151685.1	Bdis_XP_003572628.1	100.0	S	0.0
Sollyc_XP_069151679.1	Bdis_XP_003572628.1	100.0	S	0.0
Sollyc_XP_069151671.1	Bdis_XP_003572628.1	100.0	S	0.0
Sollyc_XP_069151680.1	Bdis_XP_003572628.1	100.0	S	0.0
Sollyc_XP_069151677.1	Bdis_XP_003572628.1	100.0	S	0.0
Sollyc_XP_069151682.1	Ecur_TVU13139.1	100.0	S	0.0
Sollyc_XP_069151683.1	Ecur_TVU13139.1	100.0	S	0.0
Sollyc_XP_069151673.1	Ecur_TVU13139.1	100.0	S	0.0
Atri_XP_006848729.2	Ecur_TVU13139.1	100.0	S	0.0
Sollyc_XP_069151684.1	Ecur_TVU13139.1	100.0	S	0.0
Sollyc_XP_069151672.1	Ecur_TVU13139.1	100.0	S	0.0
Sollyc_XP_069151681.1	Ecur_TVU13139.1	100.0	S	0.0
Sollyc_XP_069151686.1	Ecur_TVU13139.1	100.0	S	0.0
Mesc_XP_021634806.1	Ecur_TVU13139.1	100.0	S	0.0
Cofcan_CDP14380.1	Ecur_TVU13139.1	100.0	S	0.0
Sollyc_XP_069151674.1	Ecur_TVU13139.1	100.0	S	0.0
Qlob_XP_030939389.1	Ecur_TVU13139.1	100.0	S	0.0
Sollyc_XP_069151675.1	Ecur_TVU13139.1	100.0	S	0.0
Sollyc_XP_069151676.1	Ecur_TVU13139.1	100.0	S	0.0
Sollyc_XP_069151678.1	Ecur_TVU13139.1	100.0	S	0.0
Sollyc_XP_025885902.2	Ecur_TVU13139.1	100.0	S	0.0
Sollyc_XP_069151670.1	Ecur_TVU13139.1	100.0	S	0.0
Rchi_XP_024169800.1	Ecur_TVU13139.1	100.0	S	0.0
Mesc_XP_043806123.1	Ecur_TVU13139.1	100.0	S	0.0
Sollyc_XP_025885903.2	Ecur_TVU13139.1	100.0	S	0.0
Sollyc_XP_069151685.1	Ecur_TVU13139.1	100.0	S	0.0
Sollyc_XP_069151679.1	Ecur_TVU13139.1	100.0	S	0.0
Sollyc_XP_069151671.1	Ecur_TVU13139.1	100.0	S	0.0
Sollyc_XP_069151680.1	Ecur_TVU13139.1	100.0	S	0.0
Sollyc_XP_069151677.1	Ecur_TVU13139.1	100.0	S	0.0
Sollyc_XP_069151682.1	Ecur_TVU13134.1	100.0	S	0.0
Sollyc_XP_069151683.1	Ecur_TVU13134.1	100.0	S	0.0
Sollyc_XP_069151673.1	Ecur_TVU13134.1	100.0	S	0.0
Atri_XP_006848729.2	Ecur_TVU13134.1	100.0	S	0.0
Sollyc_XP_069151684.1	Ecur_TVU13134.1	100.0	S	0.0
Sollyc_XP_069151672.1	Ecur_TVU13134.1	100.0	S	0.0
Sollyc_XP_069151681.1	Ecur_TVU13134.1	100.0	S	0.0
Sollyc_XP_069151686.1	Ecur_TVU13134.1	100.0	S	0.0
Mesc_XP_021634806.1	Ecur_TVU13134.1	100.0	S	0.0
Cofcan_CDP14380.1	Ecur_TVU13134.1	100.0	S	0.0
Sollyc_XP_069151674.1	Ecur_TVU13134.1	100.0	S	0.0
Qlob_XP_030939389.1	Ecur_TVU13134.1	100.0	S	0.0
Sollyc_XP_069151675.1	Ecur_TVU13134.1	100.0	S	0.0
Sollyc_XP_069151676.1	Ecur_TVU13134.1	100.0	S	0.0
Sollyc_XP_069151678.1	Ecur_TVU13134.1	100.0	S	0.0
Sollyc_XP_025885902.2	Ecur_TVU13134.1	100.0	S	0.0
Sollyc_XP_069151670.1	Ecur_TVU13134.1	100.0	S	0.0
Rchi_XP_024169800.1	Ecur_TVU13134.1	100.0	S	0.0
Mesc_XP_043806123.1	Ecur_TVU13134.1	100.0	S	0.0
Sollyc_XP_025885903.2	Ecur_TVU13134.1	100.0	S	0.0
Sollyc_XP_069151685.1	Ecur_TVU13134.1	100.0	S	0.0
Sollyc_XP_069151679.1	Ecur_TVU13134.1	100.0	S	0.0
Sollyc_XP_069151671.1	Ecur_TVU13134.1	100.0	S	0.0
Sollyc_XP_069151680.1	Ecur_TVU13134.1	100.0	S	0.0
Sollyc_XP_069151677.1	Ecur_TVU13134.1	100.0	S	0.0
Sollyc_XP_069151682.1	Zmay_NP_001351852.1	100.0	S	0.0
Sollyc_XP_069151683.1	Zmay_NP_001351852.1	100.0	S	0.0
Sollyc_XP_069151673.1	Zmay_NP_001351852.1	100.0	S	0.0
Atri_XP_006848729.2	Zmay_NP_001351852.1	100.0	S	0.0
Sollyc_XP_069151684.1	Zmay_NP_001351852.1	100.0	S	0.0
Sollyc_XP_069151672.1	Zmay_NP_001351852.1	100.0	S	0.0
Sollyc_XP_069151681.1	Zmay_NP_001351852.1	100.0	S	0.0
Sollyc_XP_069151686.1	Zmay_NP_001351852.1	100.0	S	0.0
Mesc_XP_021634806.1	Zmay_NP_001351852.1	100.0	S	0.0
Cofcan_CDP14380.1	Zmay_NP_001351852.1	100.0	S	0.0
Sollyc_XP_069151674.1	Zmay_NP_001351852.1	100.0	S	0.0
Qlob_XP_030939389.1	Zmay_NP_001351852.1	100.0	S	0.0
Sollyc_XP_069151675.1	Zmay_NP_001351852.1	100.0	S	0.0
Sollyc_XP_069151676.1	Zmay_NP_001351852.1	100.0	S	0.0
Sollyc_XP_069151678.1	Zmay_NP_001351852.1	100.0	S	0.0
Sollyc_XP_025885902.2	Zmay_NP_001351852.1	100.0	S	0.0
Sollyc_XP_069151670.1	Zmay_NP_001351852.1	100.0	S	0.0
Rchi_XP_024169800.1	Zmay_NP_001351852.1	100.0	S	0.0
Mesc_XP_043806123.1	Zmay_NP_001351852.1	100.0	S	0.0
Sollyc_XP_025885903.2	Zmay_NP_001351852.1	100.0	S	0.0
Sollyc_XP_069151685.1	Zmay_NP_001351852.1	100.0	S	0.0
Sollyc_XP_069151679.1	Zmay_NP_001351852.1	100.0	S	0.0
Sollyc_XP_069151671.1	Zmay_NP_001351852.1	100.0	S	0.0
Sollyc_XP_069151680.1	Zmay_NP_001351852.1	100.0	S	0.0
Sollyc_XP_069151677.1	Zmay_NP_001351852.1	100.0	S	0.0
Sollyc_XP_069151682.1	Ecur_TVU40260.1	100.0	S	0.0
Sollyc_XP_069151683.1	Ecur_TVU40260.1	100.0	S	0.0
Sollyc_XP_069151673.1	Ecur_TVU40260.1	100.0	S	0.0
Atri_XP_006848729.2	Ecur_TVU40260.1	100.0	S	0.0
Sollyc_XP_069151684.1	Ecur_TVU40260.1	100.0	S	0.0
Sollyc_XP_069151672.1	Ecur_TVU40260.1	100.0	S	0.0
Sollyc_XP_069151681.1	Ecur_TVU40260.1	100.0	S	0.0
Sollyc_XP_069151686.1	Ecur_TVU40260.1	100.0	S	0.0
Mesc_XP_021634806.1	Ecur_TVU40260.1	100.0	S	0.0
Cofcan_CDP14380.1	Ecur_TVU40260.1	100.0	S	0.0
Sollyc_XP_069151674.1	Ecur_TVU40260.1	100.0	S	0.0
Qlob_XP_030939389.1	Ecur_TVU40260.1	100.0	S	0.0
Sollyc_XP_069151675.1	Ecur_TVU40260.1	100.0	S	0.0
Sollyc_XP_069151676.1	Ecur_TVU40260.1	100.0	S	0.0
Sollyc_XP_069151678.1	Ecur_TVU40260.1	100.0	S	0.0
Sollyc_XP_025885902.2	Ecur_TVU40260.1	100.0	S	0.0
Sollyc_XP_069151670.1	Ecur_TVU40260.1	100.0	S	0.0
Rchi_XP_024169800.1	Ecur_TVU40260.1	100.0	S	0.0
Mesc_XP_043806123.1	Ecur_TVU40260.1	100.0	S	0.0
Sollyc_XP_025885903.2	Ecur_TVU40260.1	100.0	S	0.0
Sollyc_XP_069151685.1	Ecur_TVU40260.1	100.0	S	0.0
Sollyc_XP_069151679.1	Ecur_TVU40260.1	100.0	S	0.0
Sollyc_XP_069151671.1	Ecur_TVU40260.1	100.0	S	0.0
Sollyc_XP_069151680.1	Ecur_TVU40260.1	100.0	S	0.0
Sollyc_XP_069151677.1	Ecur_TVU40260.1	100.0	S	0.0
Sollyc_XP_069151682.1	Zmay_XP_023156398.1	100.0	S	0.0
Sollyc_XP_069151683.1	Zmay_XP_023156398.1	100.0	S	0.0
Sollyc_XP_069151673.1	Zmay_XP_023156398.1	100.0	S	0.0
Atri_XP_006848729.2	Zmay_XP_023156398.1	100.0	S	0.0
Sollyc_XP_069151684.1	Zmay_XP_023156398.1	100.0	S	0.0
Sollyc_XP_069151672.1	Zmay_XP_023156398.1	100.0	S	0.0
Sollyc_XP_069151681.1	Zmay_XP_023156398.1	100.0	S	0.0
Sollyc_XP_069151686.1	Zmay_XP_023156398.1	100.0	S	0.0
Mesc_XP_021634806.1	Zmay_XP_023156398.1	100.0	S	0.0
Cofcan_CDP14380.1	Zmay_XP_023156398.1	100.0	S	0.0
Sollyc_XP_069151674.1	Zmay_XP_023156398.1	100.0	S	0.0
Qlob_XP_030939389.1	Zmay_XP_023156398.1	100.0	S	0.0
Sollyc_XP_069151675.1	Zmay_XP_023156398.1	100.0	S	0.0
Sollyc_XP_069151676.1	Zmay_XP_023156398.1	100.0	S	0.0
Sollyc_XP_069151678.1	Zmay_XP_023156398.1	100.0	S	0.0
Sollyc_XP_025885902.2	Zmay_XP_023156398.1	100.0	S	0.0
Sollyc_XP_069151670.1	Zmay_XP_023156398.1	100.0	S	0.0
Rchi_XP_024169800.1	Zmay_XP_023156398.1	100.0	S	0.0
Mesc_XP_043806123.1	Zmay_XP_023156398.1	100.0	S	0.0
Sollyc_XP_025885903.2	Zmay_XP_023156398.1	100.0	S	0.0
Sollyc_XP_069151685.1	Zmay_XP_023156398.1	100.0	S	0.0
Sollyc_XP_069151679.1	Zmay_XP_023156398.1	100.0	S	0.0
Sollyc_XP_069151671.1	Zmay_XP_023156398.1	100.0	S	0.0
Sollyc_XP_069151680.1	Zmay_XP_023156398.1	100.0	S	0.0
Sollyc_XP_069151677.1	Zmay_XP_023156398.1	100.0	S	0.0
Sollyc_XP_069151682.1	Bdis_XP_003581020.2	100.0	S	0.0
Sollyc_XP_069151683.1	Bdis_XP_003581020.2	100.0	S	0.0
Sollyc_XP_069151673.1	Bdis_XP_003581020.2	100.0	S	0.0
Atri_XP_006848729.2	Bdis_XP_003581020.2	100.0	S	0.0
Sollyc_XP_069151684.1	Bdis_XP_003581020.2	100.0	S	0.0
Sollyc_XP_069151672.1	Bdis_XP_003581020.2	100.0	S	0.0
Sollyc_XP_069151681.1	Bdis_XP_003581020.2	100.0	S	0.0
Sollyc_XP_069151686.1	Bdis_XP_003581020.2	100.0	S	0.0
Mesc_XP_021634806.1	Bdis_XP_003581020.2	100.0	S	0.0
Cofcan_CDP14380.1	Bdis_XP_003581020.2	100.0	S	0.0
Sollyc_XP_069151674.1	Bdis_XP_003581020.2	100.0	S	0.0
Qlob_XP_030939389.1	Bdis_XP_003581020.2	100.0	S	0.0
Sollyc_XP_069151675.1	Bdis_XP_003581020.2	100.0	S	0.0
Sollyc_XP_069151676.1	Bdis_XP_003581020.2	100.0	S	0.0
Sollyc_XP_069151678.1	Bdis_XP_003581020.2	100.0	S	0.0
Sollyc_XP_025885902.2	Bdis_XP_003581020.2	100.0	S	0.0
Sollyc_XP_069151670.1	Bdis_XP_003581020.2	100.0	S	0.0
Rchi_XP_024169800.1	Bdis_XP_003581020.2	100.0	S	0.0
Mesc_XP_043806123.1	Bdis_XP_003581020.2	100.0	S	0.0
Sollyc_XP_025885903.2	Bdis_XP_003581020.2	100.0	S	0.0
Sollyc_XP_069151685.1	Bdis_XP_003581020.2	100.0	S	0.0
Sollyc_XP_069151679.1	Bdis_XP_003581020.2	100.0	S	0.0
Sollyc_XP_069151671.1	Bdis_XP_003581020.2	100.0	S	0.0
Sollyc_XP_069151680.1	Bdis_XP_003581020.2	100.0	S	0.0
Sollyc_XP_069151677.1	Bdis_XP_003581020.2	100.0	S	0.0
Sollyc_XP_069151682.1	Ecur_TVU40270.1	100.0	S	0.0
Sollyc_XP_069151683.1	Ecur_TVU40270.1	100.0	S	0.0
Sollyc_XP_069151673.1	Ecur_TVU40270.1	100.0	S	0.0
Atri_XP_006848729.2	Ecur_TVU40270.1	100.0	S	0.0
Sollyc_XP_069151684.1	Ecur_TVU40270.1	100.0	S	0.0
Sollyc_XP_069151672.1	Ecur_TVU40270.1	100.0	S	0.0
Sollyc_XP_069151681.1	Ecur_TVU40270.1	100.0	S	0.0
Sollyc_XP_069151686.1	Ecur_TVU40270.1	100.0	S	0.0
Mesc_XP_021634806.1	Ecur_TVU40270.1	100.0	S	0.0
Cofcan_CDP14380.1	Ecur_TVU40270.1	100.0	S	0.0
Sollyc_XP_069151674.1	Ecur_TVU40270.1	100.0	S	0.0
Qlob_XP_030939389.1	Ecur_TVU40270.1	100.0	S	0.0
Sollyc_XP_069151675.1	Ecur_TVU40270.1	100.0	S	0.0
Sollyc_XP_069151676.1	Ecur_TVU40270.1	100.0	S	0.0
Sollyc_XP_069151678.1	Ecur_TVU40270.1	100.0	S	0.0
Sollyc_XP_025885902.2	Ecur_TVU40270.1	100.0	S	0.0
Sollyc_XP_069151670.1	Ecur_TVU40270.1	100.0	S	0.0
Rchi_XP_024169800.1	Ecur_TVU40270.1	100.0	S	0.0
Mesc_XP_043806123.1	Ecur_TVU40270.1	100.0	S	0.0
Sollyc_XP_025885903.2	Ecur_TVU40270.1	100.0	S	0.0
Sollyc_XP_069151685.1	Ecur_TVU40270.1	100.0	S	0.0
Sollyc_XP_069151679.1	Ecur_TVU40270.1	100.0	S	0.0
Sollyc_XP_069151671.1	Ecur_TVU40270.1	100.0	S	0.0
Sollyc_XP_069151680.1	Ecur_TVU40270.1	100.0	S	0.0
Sollyc_XP_069151677.1	Ecur_TVU40270.1	100.0	S	0.0
Sollyc_XP_069151682.1	Osat_XP_015645432.1	100.0	S	0.0
Sollyc_XP_069151683.1	Osat_XP_015645432.1	100.0	S	0.0
Sollyc_XP_069151673.1	Osat_XP_015645432.1	100.0	S	0.0
Atri_XP_006848729.2	Osat_XP_015645432.1	100.0	S	0.0
Sollyc_XP_069151684.1	Osat_XP_015645432.1	100.0	S	0.0
Sollyc_XP_069151672.1	Osat_XP_015645432.1	100.0	S	0.0
Sollyc_XP_069151681.1	Osat_XP_015645432.1	100.0	S	0.0
Sollyc_XP_069151686.1	Osat_XP_015645432.1	100.0	S	0.0
Mesc_XP_021634806.1	Osat_XP_015645432.1	100.0	S	0.0
Cofcan_CDP14380.1	Osat_XP_015645432.1	100.0	S	0.0
Sollyc_XP_069151674.1	Osat_XP_015645432.1	100.0	S	0.0
Qlob_XP_030939389.1	Osat_XP_015645432.1	100.0	S	0.0
Sollyc_XP_069151675.1	Osat_XP_015645432.1	100.0	S	0.0
Sollyc_XP_069151676.1	Osat_XP_015645432.1	100.0	S	0.0
Sollyc_XP_069151678.1	Osat_XP_015645432.1	100.0	S	0.0
Sollyc_XP_025885902.2	Osat_XP_015645432.1	100.0	S	0.0
Sollyc_XP_069151670.1	Osat_XP_015645432.1	100.0	S	0.0
Rchi_XP_024169800.1	Osat_XP_015645432.1	100.0	S	0.0
Mesc_XP_043806123.1	Osat_XP_015645432.1	100.0	S	0.0
Sollyc_XP_025885903.2	Osat_XP_015645432.1	100.0	S	0.0
Sollyc_XP_069151685.1	Osat_XP_015645432.1	100.0	S	0.0
Sollyc_XP_069151679.1	Osat_XP_015645432.1	100.0	S	0.0
Sollyc_XP_069151671.1	Osat_XP_015645432.1	100.0	S	0.0
Sollyc_XP_069151680.1	Osat_XP_015645432.1	100.0	S	0.0
Sollyc_XP_069151677.1	Osat_XP_015645432.1	100.0	S	0.0
Sollyc_XP_069151682.1	Bdis_XP_014756589.1	100.0	S	0.0
Sollyc_XP_069151683.1	Bdis_XP_014756589.1	100.0	S	0.0
Sollyc_XP_069151673.1	Bdis_XP_014756589.1	100.0	S	0.0
Atri_XP_006848729.2	Bdis_XP_014756589.1	100.0	S	0.0
Sollyc_XP_069151684.1	Bdis_XP_014756589.1	100.0	S	0.0
Sollyc_XP_069151672.1	Bdis_XP_014756589.1	100.0	S	0.0
Sollyc_XP_069151681.1	Bdis_XP_014756589.1	100.0	S	0.0
Sollyc_XP_069151686.1	Bdis_XP_014756589.1	100.0	S	0.0
Mesc_XP_021634806.1	Bdis_XP_014756589.1	100.0	S	0.0
Cofcan_CDP14380.1	Bdis_XP_014756589.1	100.0	S	0.0
Sollyc_XP_069151674.1	Bdis_XP_014756589.1	100.0	S	0.0
Qlob_XP_030939389.1	Bdis_XP_014756589.1	100.0	S	0.0
Sollyc_XP_069151675.1	Bdis_XP_014756589.1	100.0	S	0.0
Sollyc_XP_069151676.1	Bdis_XP_014756589.1	100.0	S	0.0
Sollyc_XP_069151678.1	Bdis_XP_014756589.1	100.0	S	0.0
Sollyc_XP_025885902.2	Bdis_XP_014756589.1	100.0	S	0.0
Sollyc_XP_069151670.1	Bdis_XP_014756589.1	100.0	S	0.0
Rchi_XP_024169800.1	Bdis_XP_014756589.1	100.0	S	0.0
Mesc_XP_043806123.1	Bdis_XP_014756589.1	100.0	S	0.0
Sollyc_XP_025885903.2	Bdis_XP_014756589.1	100.0	S	0.0
Sollyc_XP_069151685.1	Bdis_XP_014756589.1	100.0	S	0.0
Sollyc_XP_069151679.1	Bdis_XP_014756589.1	100.0	S	0.0
Sollyc_XP_069151671.1	Bdis_XP_014756589.1	100.0	S	0.0
Sollyc_XP_069151680.1	Bdis_XP_014756589.1	100.0	S	0.0
Sollyc_XP_069151677.1	Bdis_XP_014756589.1	100.0	S	0.0
Sollyc_XP_069151682.1	Bdis_XP_010228459.1	100.0	S	0.0
Sollyc_XP_069151683.1	Bdis_XP_010228459.1	100.0	S	0.0
Sollyc_XP_069151673.1	Bdis_XP_010228459.1	100.0	S	0.0
Atri_XP_006848729.2	Bdis_XP_010228459.1	100.0	S	0.0
Sollyc_XP_069151684.1	Bdis_XP_010228459.1	100.0	S	0.0
Sollyc_XP_069151672.1	Bdis_XP_010228459.1	100.0	S	0.0
Sollyc_XP_069151681.1	Bdis_XP_010228459.1	100.0	S	0.0
Sollyc_XP_069151686.1	Bdis_XP_010228459.1	100.0	S	0.0
Mesc_XP_021634806.1	Bdis_XP_010228459.1	100.0	S	0.0
Cofcan_CDP14380.1	Bdis_XP_010228459.1	100.0	S	0.0
Sollyc_XP_069151674.1	Bdis_XP_010228459.1	100.0	S	0.0
Qlob_XP_030939389.1	Bdis_XP_010228459.1	100.0	S	0.0
Sollyc_XP_069151675.1	Bdis_XP_010228459.1	100.0	S	0.0
Sollyc_XP_069151676.1	Bdis_XP_010228459.1	100.0	S	0.0
Sollyc_XP_069151678.1	Bdis_XP_010228459.1	100.0	S	0.0
Sollyc_XP_025885902.2	Bdis_XP_010228459.1	100.0	S	0.0
Sollyc_XP_069151670.1	Bdis_XP_010228459.1	100.0	S	0.0
Rchi_XP_024169800.1	Bdis_XP_010228459.1	100.0	S	0.0
Mesc_XP_043806123.1	Bdis_XP_010228459.1	100.0	S	0.0
Sollyc_XP_025885903.2	Bdis_XP_010228459.1	100.0	S	0.0
Sollyc_XP_069151685.1	Bdis_XP_010228459.1	100.0	S	0.0
Sollyc_XP_069151679.1	Bdis_XP_010228459.1	100.0	S	0.0
Sollyc_XP_069151671.1	Bdis_XP_010228459.1	100.0	S	0.0
Sollyc_XP_069151680.1	Bdis_XP_010228459.1	100.0	S	0.0
Sollyc_XP_069151677.1	Bdis_XP_010228459.1	100.0	S	0.0
Ppat_XP_024389141.1	Lsat_XP_052621439.1	67.0	S	0.0
Ppat_XP_024389140.1	Lsat_XP_052621439.1	67.0	S	0.0
Mpol_BFI25958.1	Lsat_XP_052621439.1	67.0	S	0.0
Cbra_GBG84133.1	Lsat_XP_052621439.1	67.0	S	0.0
Smoe_XP_002973683.1	Lsat_XP_052621439.1	67.0	S	0.0
Cbra_GBG76247.1	Lsat_XP_052621439.1	67.0	S	0.0
Smoe_XP_024536508.1	Lsat_XP_052621439.1	67.0	S	0.0
Smoe_XP_002975734.1	Lsat_XP_052621439.1	67.0	S	0.0
Ppat_XP_024389141.1	Osat_XP_066161106.1	67.0	S	0.0
Ppat_XP_024389140.1	Osat_XP_066161106.1	67.0	S	0.0
Mpol_BFI25958.1	Osat_XP_066161106.1	67.0	S	0.0
Cbra_GBG84133.1	Osat_XP_066161106.1	67.0	S	0.0
Smoe_XP_002973683.1	Osat_XP_066161106.1	67.0	S	0.0
Cbra_GBG76247.1	Osat_XP_066161106.1	67.0	S	0.0
Smoe_XP_024536508.1	Osat_XP_066161106.1	67.0	S	0.0
Smoe_XP_002975734.1	Osat_XP_066161106.1	67.0	S	0.0
Ppat_XP_024389141.1	Atha_NP_001320337.1	67.0	S	0.0
Ppat_XP_024389140.1	Atha_NP_001320337.1	67.0	S	0.0
Mpol_BFI25958.1	Atha_NP_001320337.1	67.0	S	0.0
Cbra_GBG84133.1	Atha_NP_001320337.1	67.0	S	0.0
Smoe_XP_002973683.1	Atha_NP_001320337.1	67.0	S	0.0
Cbra_GBG76247.1	Atha_NP_001320337.1	67.0	S	0.0
Smoe_XP_024536508.1	Atha_NP_001320337.1	67.0	S	0.0
Smoe_XP_002975734.1	Atha_NP_001320337.1	67.0	S	0.0
Ppat_XP_024389141.1	Atri_XP_006843639.2	67.0	S	0.0
Ppat_XP_024389140.1	Atri_XP_006843639.2	67.0	S	0.0
Mpol_BFI25958.1	Atri_XP_006843639.2	67.0	S	0.0
Cbra_GBG84133.1	Atri_XP_006843639.2	67.0	S	0.0
Smoe_XP_002973683.1	Atri_XP_006843639.2	67.0	S	0.0
Cbra_GBG76247.1	Atri_XP_006843639.2	67.0	S	0.0
Smoe_XP_024536508.1	Atri_XP_006843639.2	67.0	S	0.0
Smoe_XP_002975734.1	Atri_XP_006843639.2	67.0	S	0.0
Ppat_XP_024389141.1	Atha_NP_001323101.1	67.0	S	0.0
Ppat_XP_024389140.1	Atha_NP_001323101.1	67.0	S	0.0
Mpol_BFI25958.1	Atha_NP_001323101.1	67.0	S	0.0
Cbra_GBG84133.1	Atha_NP_001323101.1	67.0	S	0.0
Smoe_XP_002973683.1	Atha_NP_001323101.1	67.0	S	0.0
Cbra_GBG76247.1	Atha_NP_001323101.1	67.0	S	0.0
Smoe_XP_024536508.1	Atha_NP_001323101.1	67.0	S	0.0
Smoe_XP_002975734.1	Atha_NP_001323101.1	67.0	S	0.0
Ppat_XP_024389141.1	Rchi_XP_024174979.1	67.0	S	0.0
Ppat_XP_024389140.1	Rchi_XP_024174979.1	67.0	S	0.0
Mpol_BFI25958.1	Rchi_XP_024174979.1	67.0	S	0.0
Cbra_GBG84133.1	Rchi_XP_024174979.1	67.0	S	0.0
Smoe_XP_002973683.1	Rchi_XP_024174979.1	67.0	S	0.0
Cbra_GBG76247.1	Rchi_XP_024174979.1	67.0	S	0.0
Smoe_XP_024536508.1	Rchi_XP_024174979.1	67.0	S	0.0
Smoe_XP_002975734.1	Rchi_XP_024174979.1	67.0	S	0.0
Ppat_XP_024389141.1	Bnap_XP_013708496.2	67.0	S	0.0
Ppat_XP_024389140.1	Bnap_XP_013708496.2	67.0	S	0.0
Mpol_BFI25958.1	Bnap_XP_013708496.2	67.0	S	0.0
Cbra_GBG84133.1	Bnap_XP_013708496.2	67.0	S	0.0
Smoe_XP_002973683.1	Bnap_XP_013708496.2	67.0	S	0.0
Cbra_GBG76247.1	Bnap_XP_013708496.2	67.0	S	0.0
Smoe_XP_024536508.1	Bnap_XP_013708496.2	67.0	S	0.0
Smoe_XP_002975734.1	Bnap_XP_013708496.2	67.0	S	0.0
Ppat_XP_024389141.1	Atha_NP_001077522.1	67.0	S	0.0
Ppat_XP_024389140.1	Atha_NP_001077522.1	67.0	S	0.0
Mpol_BFI25958.1	Atha_NP_001077522.1	67.0	S	0.0
Cbra_GBG84133.1	Atha_NP_001077522.1	67.0	S	0.0
Smoe_XP_002973683.1	Atha_NP_001077522.1	67.0	S	0.0
Cbra_GBG76247.1	Atha_NP_001077522.1	67.0	S	0.0
Smoe_XP_024536508.1	Atha_NP_001077522.1	67.0	S	0.0
Smoe_XP_002975734.1	Atha_NP_001077522.1	67.0	S	0.0
Ppat_XP_024389141.1	Atha_NP_176444.1	67.0	S	0.0
Ppat_XP_024389140.1	Atha_NP_176444.1	67.0	S	0.0
Mpol_BFI25958.1	Atha_NP_176444.1	67.0	S	0.0
Cbra_GBG84133.1	Atha_NP_176444.1	67.0	S	0.0
Smoe_XP_002973683.1	Atha_NP_176444.1	67.0	S	0.0
Cbra_GBG76247.1	Atha_NP_176444.1	67.0	S	0.0
Smoe_XP_024536508.1	Atha_NP_176444.1	67.0	S	0.0
Smoe_XP_002975734.1	Atha_NP_176444.1	67.0	S	0.0
Ppat_XP_024389141.1	Lsat_XP_023745386.1	67.0	S	0.0
Ppat_XP_024389140.1	Lsat_XP_023745386.1	67.0	S	0.0
Mpol_BFI25958.1	Lsat_XP_023745386.1	67.0	S	0.0
Cbra_GBG84133.1	Lsat_XP_023745386.1	67.0	S	0.0
Smoe_XP_002973683.1	Lsat_XP_023745386.1	67.0	S	0.0
Cbra_GBG76247.1	Lsat_XP_023745386.1	67.0	S	0.0
Smoe_XP_024536508.1	Lsat_XP_023745386.1	67.0	S	0.0
Smoe_XP_002975734.1	Lsat_XP_023745386.1	67.0	S	0.0
Ppat_XP_024389141.1	Atha_NP_001320895.1	67.0	S	0.0
Ppat_XP_024389140.1	Atha_NP_001320895.1	67.0	S	0.0
Mpol_BFI25958.1	Atha_NP_001320895.1	67.0	S	0.0
Cbra_GBG84133.1	Atha_NP_001320895.1	67.0	S	0.0
Smoe_XP_002973683.1	Atha_NP_001320895.1	67.0	S	0.0
Cbra_GBG76247.1	Atha_NP_001320895.1	67.0	S	0.0
Smoe_XP_024536508.1	Atha_NP_001320895.1	67.0	S	0.0
Smoe_XP_002975734.1	Atha_NP_001320895.1	67.0	S	0.0
Ppat_XP_024389141.1	Zmay_XP_008666304.1	67.0	S	0.0
Ppat_XP_024389140.1	Zmay_XP_008666304.1	67.0	S	0.0
Mpol_BFI25958.1	Zmay_XP_008666304.1	67.0	S	0.0
Cbra_GBG84133.1	Zmay_XP_008666304.1	67.0	S	0.0
Smoe_XP_002973683.1	Zmay_XP_008666304.1	67.0	S	0.0
Cbra_GBG76247.1	Zmay_XP_008666304.1	67.0	S	0.0
Smoe_XP_024536508.1	Zmay_XP_008666304.1	67.0	S	0.0
Smoe_XP_002975734.1	Zmay_XP_008666304.1	67.0	S	0.0
Ppat_XP_024389141.1	Mesc_XP_043810293.1	67.0	S	0.0
Ppat_XP_024389140.1	Mesc_XP_043810293.1	67.0	S	0.0
Mpol_BFI25958.1	Mesc_XP_043810293.1	67.0	S	0.0
Cbra_GBG84133.1	Mesc_XP_043810293.1	67.0	S	0.0
Smoe_XP_002973683.1	Mesc_XP_043810293.1	67.0	S	0.0
Cbra_GBG76247.1	Mesc_XP_043810293.1	67.0	S	0.0
Smoe_XP_024536508.1	Mesc_XP_043810293.1	67.0	S	0.0
Smoe_XP_002975734.1	Mesc_XP_043810293.1	67.0	S	0.0
Ppat_XP_024389141.1	Zmay_XP_035820392.1	67.0	S	0.0
Ppat_XP_024389140.1	Zmay_XP_035820392.1	67.0	S	0.0
Mpol_BFI25958.1	Zmay_XP_035820392.1	67.0	S	0.0
Cbra_GBG84133.1	Zmay_XP_035820392.1	67.0	S	0.0
Smoe_XP_002973683.1	Zmay_XP_035820392.1	67.0	S	0.0
Cbra_GBG76247.1	Zmay_XP_035820392.1	67.0	S	0.0
Smoe_XP_024536508.1	Zmay_XP_035820392.1	67.0	S	0.0
Smoe_XP_002975734.1	Zmay_XP_035820392.1	67.0	S	0.0
Ppat_XP_024389141.1	Sollyc_XP_069154261.1	67.0	S	0.0
Ppat_XP_024389140.1	Sollyc_XP_069154261.1	67.0	S	0.0
Mpol_BFI25958.1	Sollyc_XP_069154261.1	67.0	S	0.0
Cbra_GBG84133.1	Sollyc_XP_069154261.1	67.0	S	0.0
Smoe_XP_002973683.1	Sollyc_XP_069154261.1	67.0	S	0.0
Cbra_GBG76247.1	Sollyc_XP_069154261.1	67.0	S	0.0
Smoe_XP_024536508.1	Sollyc_XP_069154261.1	67.0	S	0.0
Smoe_XP_002975734.1	Sollyc_XP_069154261.1	67.0	S	0.0
Ppat_XP_024389141.1	Qlob_XP_030945347.1	67.0	S	0.0
Ppat_XP_024389140.1	Qlob_XP_030945347.1	67.0	S	0.0
Mpol_BFI25958.1	Qlob_XP_030945347.1	67.0	S	0.0
Cbra_GBG84133.1	Qlob_XP_030945347.1	67.0	S	0.0
Smoe_XP_002973683.1	Qlob_XP_030945347.1	67.0	S	0.0
Cbra_GBG76247.1	Qlob_XP_030945347.1	67.0	S	0.0
Smoe_XP_024536508.1	Qlob_XP_030945347.1	67.0	S	0.0
Smoe_XP_002975734.1	Qlob_XP_030945347.1	67.0	S	0.0
Ppat_XP_024389141.1	Sollyc_XP_004242007.1	67.0	S	0.0
Ppat_XP_024389140.1	Sollyc_XP_004242007.1	67.0	S	0.0
Mpol_BFI25958.1	Sollyc_XP_004242007.1	67.0	S	0.0
Cbra_GBG84133.1	Sollyc_XP_004242007.1	67.0	S	0.0
Smoe_XP_002973683.1	Sollyc_XP_004242007.1	67.0	S	0.0
Cbra_GBG76247.1	Sollyc_XP_004242007.1	67.0	S	0.0
Smoe_XP_024536508.1	Sollyc_XP_004242007.1	67.0	S	0.0
Smoe_XP_002975734.1	Sollyc_XP_004242007.1	67.0	S	0.0
Ppat_XP_024389141.1	Atha_NP_172684.1	67.0	S	0.0
Ppat_XP_024389140.1	Atha_NP_172684.1	67.0	S	0.0
Mpol_BFI25958.1	Atha_NP_172684.1	67.0	S	0.0
Cbra_GBG84133.1	Atha_NP_172684.1	67.0	S	0.0
Smoe_XP_002973683.1	Atha_NP_172684.1	67.0	S	0.0
Cbra_GBG76247.1	Atha_NP_172684.1	67.0	S	0.0
Smoe_XP_024536508.1	Atha_NP_172684.1	67.0	S	0.0
Smoe_XP_002975734.1	Atha_NP_172684.1	67.0	S	0.0
Ppat_XP_024389141.1	Osat_XP_066161107.1	67.0	S	0.0
Ppat_XP_024389140.1	Osat_XP_066161107.1	67.0	S	0.0
Mpol_BFI25958.1	Osat_XP_066161107.1	67.0	S	0.0
Cbra_GBG84133.1	Osat_XP_066161107.1	67.0	S	0.0
Smoe_XP_002973683.1	Osat_XP_066161107.1	67.0	S	0.0
Cbra_GBG76247.1	Osat_XP_066161107.1	67.0	S	0.0
Smoe_XP_024536508.1	Osat_XP_066161107.1	67.0	S	0.0
Smoe_XP_002975734.1	Osat_XP_066161107.1	67.0	S	0.0
Ppat_XP_024389141.1	Qlob_XP_030948503.1	67.0	S	0.0
Ppat_XP_024389140.1	Qlob_XP_030948503.1	67.0	S	0.0
Mpol_BFI25958.1	Qlob_XP_030948503.1	67.0	S	0.0
Cbra_GBG84133.1	Qlob_XP_030948503.1	67.0	S	0.0
Smoe_XP_002973683.1	Qlob_XP_030948503.1	67.0	S	0.0
Cbra_GBG76247.1	Qlob_XP_030948503.1	67.0	S	0.0
Smoe_XP_024536508.1	Qlob_XP_030948503.1	67.0	S	0.0
Smoe_XP_002975734.1	Qlob_XP_030948503.1	67.0	S	0.0
Ppat_XP_024389141.1	Bnap_XP_048626011.1	67.0	S	0.0
Ppat_XP_024389140.1	Bnap_XP_048626011.1	67.0	S	0.0
Mpol_BFI25958.1	Bnap_XP_048626011.1	67.0	S	0.0
Cbra_GBG84133.1	Bnap_XP_048626011.1	67.0	S	0.0
Smoe_XP_002973683.1	Bnap_XP_048626011.1	67.0	S	0.0
Cbra_GBG76247.1	Bnap_XP_048626011.1	67.0	S	0.0
Smoe_XP_024536508.1	Bnap_XP_048626011.1	67.0	S	0.0
Smoe_XP_002975734.1	Bnap_XP_048626011.1	67.0	S	0.0
Ppat_XP_024389141.1	Osat_XP_066161105.1	67.0	S	0.0
Ppat_XP_024389140.1	Osat_XP_066161105.1	67.0	S	0.0
Mpol_BFI25958.1	Osat_XP_066161105.1	67.0	S	0.0
Cbra_GBG84133.1	Osat_XP_066161105.1	67.0	S	0.0
Smoe_XP_002973683.1	Osat_XP_066161105.1	67.0	S	0.0
Cbra_GBG76247.1	Osat_XP_066161105.1	67.0	S	0.0
Smoe_XP_024536508.1	Osat_XP_066161105.1	67.0	S	0.0
Smoe_XP_002975734.1	Osat_XP_066161105.1	67.0	S	0.0
Ppat_XP_024389141.1	Zmay_NP_001352651.1	67.0	S	0.0
Ppat_XP_024389140.1	Zmay_NP_001352651.1	67.0	S	0.0
Mpol_BFI25958.1	Zmay_NP_001352651.1	67.0	S	0.0
Cbra_GBG84133.1	Zmay_NP_001352651.1	67.0	S	0.0
Smoe_XP_002973683.1	Zmay_NP_001352651.1	67.0	S	0.0
Cbra_GBG76247.1	Zmay_NP_001352651.1	67.0	S	0.0
Smoe_XP_024536508.1	Zmay_NP_001352651.1	67.0	S	0.0
Smoe_XP_002975734.1	Zmay_NP_001352651.1	67.0	S	0.0
Ppat_XP_024389141.1	Atha_NP_172678.3	67.0	S	0.0
Ppat_XP_024389140.1	Atha_NP_172678.3	67.0	S	0.0
Mpol_BFI25958.1	Atha_NP_172678.3	67.0	S	0.0
Cbra_GBG84133.1	Atha_NP_172678.3	67.0	S	0.0
Smoe_XP_002973683.1	Atha_NP_172678.3	67.0	S	0.0
Cbra_GBG76247.1	Atha_NP_172678.3	67.0	S	0.0
Smoe_XP_024536508.1	Atha_NP_172678.3	67.0	S	0.0
Smoe_XP_002975734.1	Atha_NP_172678.3	67.0	S	0.0
Ppat_XP_024389141.1	Cofcan_CDP12510.1	67.0	S	0.0
Ppat_XP_024389140.1	Cofcan_CDP12510.1	67.0	S	0.0
Mpol_BFI25958.1	Cofcan_CDP12510.1	67.0	S	0.0
Cbra_GBG84133.1	Cofcan_CDP12510.1	67.0	S	0.0
Smoe_XP_002973683.1	Cofcan_CDP12510.1	67.0	S	0.0
Cbra_GBG76247.1	Cofcan_CDP12510.1	67.0	S	0.0
Smoe_XP_024536508.1	Cofcan_CDP12510.1	67.0	S	0.0
Smoe_XP_002975734.1	Cofcan_CDP12510.1	67.0	S	0.0
Ppat_XP_024389141.1	Cofcan_CDP19511.1	67.0	S	0.0
Ppat_XP_024389140.1	Cofcan_CDP19511.1	67.0	S	0.0
Mpol_BFI25958.1	Cofcan_CDP19511.1	67.0	S	0.0
Cbra_GBG84133.1	Cofcan_CDP19511.1	67.0	S	0.0
Smoe_XP_002973683.1	Cofcan_CDP19511.1	67.0	S	0.0
Cbra_GBG76247.1	Cofcan_CDP19511.1	67.0	S	0.0
Smoe_XP_024536508.1	Cofcan_CDP19511.1	67.0	S	0.0
Smoe_XP_002975734.1	Cofcan_CDP19511.1	67.0	S	0.0
Ppat_XP_024389141.1	Mesc_XP_021605089.1	67.0	S	0.0
Ppat_XP_024389140.1	Mesc_XP_021605089.1	67.0	S	0.0
Mpol_BFI25958.1	Mesc_XP_021605089.1	67.0	S	0.0
Cbra_GBG84133.1	Mesc_XP_021605089.1	67.0	S	0.0
Smoe_XP_002973683.1	Mesc_XP_021605089.1	67.0	S	0.0
Cbra_GBG76247.1	Mesc_XP_021605089.1	67.0	S	0.0
Smoe_XP_024536508.1	Mesc_XP_021605089.1	67.0	S	0.0
Smoe_XP_002975734.1	Mesc_XP_021605089.1	67.0	S	0.0
Ppat_XP_024389141.1	Atha_NP_176523.4	67.0	S	0.0
Ppat_XP_024389140.1	Atha_NP_176523.4	67.0	S	0.0
Mpol_BFI25958.1	Atha_NP_176523.4	67.0	S	0.0
Cbra_GBG84133.1	Atha_NP_176523.4	67.0	S	0.0
Smoe_XP_002973683.1	Atha_NP_176523.4	67.0	S	0.0
Cbra_GBG76247.1	Atha_NP_176523.4	67.0	S	0.0
Smoe_XP_024536508.1	Atha_NP_176523.4	67.0	S	0.0
Smoe_XP_002975734.1	Atha_NP_176523.4	67.0	S	0.0
Ppat_XP_024389141.1	Cofcan_CDP09922.1	67.0	S	0.0
Ppat_XP_024389140.1	Cofcan_CDP09922.1	67.0	S	0.0
Mpol_BFI25958.1	Cofcan_CDP09922.1	67.0	S	0.0
Cbra_GBG84133.1	Cofcan_CDP09922.1	67.0	S	0.0
Smoe_XP_002973683.1	Cofcan_CDP09922.1	67.0	S	0.0
Cbra_GBG76247.1	Cofcan_CDP09922.1	67.0	S	0.0
Smoe_XP_024536508.1	Cofcan_CDP09922.1	67.0	S	0.0
Smoe_XP_002975734.1	Cofcan_CDP09922.1	67.0	S	0.0
Ppat_XP_024389141.1	Sollyc_XP_004240053.2	67.0	S	0.0
Ppat_XP_024389140.1	Sollyc_XP_004240053.2	67.0	S	0.0
Mpol_BFI25958.1	Sollyc_XP_004240053.2	67.0	S	0.0
Cbra_GBG84133.1	Sollyc_XP_004240053.2	67.0	S	0.0
Smoe_XP_002973683.1	Sollyc_XP_004240053.2	67.0	S	0.0
Cbra_GBG76247.1	Sollyc_XP_004240053.2	67.0	S	0.0
Smoe_XP_024536508.1	Sollyc_XP_004240053.2	67.0	S	0.0
Smoe_XP_002975734.1	Sollyc_XP_004240053.2	67.0	S	0.0
Ppat_XP_024389141.1	Lsat_XP_023733540.1	67.0	S	0.0
Ppat_XP_024389140.1	Lsat_XP_023733540.1	67.0	S	0.0
Mpol_BFI25958.1	Lsat_XP_023733540.1	67.0	S	0.0
Cbra_GBG84133.1	Lsat_XP_023733540.1	67.0	S	0.0
Smoe_XP_002973683.1	Lsat_XP_023733540.1	67.0	S	0.0
Cbra_GBG76247.1	Lsat_XP_023733540.1	67.0	S	0.0
Smoe_XP_024536508.1	Lsat_XP_023733540.1	67.0	S	0.0
Smoe_XP_002975734.1	Lsat_XP_023733540.1	67.0	S	0.0
Ppat_XP_024389141.1	Bnap_XP_013677877.1	67.0	S	0.0
Ppat_XP_024389140.1	Bnap_XP_013677877.1	67.0	S	0.0
Mpol_BFI25958.1	Bnap_XP_013677877.1	67.0	S	0.0
Cbra_GBG84133.1	Bnap_XP_013677877.1	67.0	S	0.0
Smoe_XP_002973683.1	Bnap_XP_013677877.1	67.0	S	0.0
Cbra_GBG76247.1	Bnap_XP_013677877.1	67.0	S	0.0
Smoe_XP_024536508.1	Bnap_XP_013677877.1	67.0	S	0.0
Smoe_XP_002975734.1	Bnap_XP_013677877.1	67.0	S	0.0
Ppat_XP_024389141.1	Tura_XP_048532868.1	67.0	S	0.0
Ppat_XP_024389140.1	Tura_XP_048532868.1	67.0	S	0.0
Mpol_BFI25958.1	Tura_XP_048532868.1	67.0	S	0.0
Cbra_GBG84133.1	Tura_XP_048532868.1	67.0	S	0.0
Smoe_XP_002973683.1	Tura_XP_048532868.1	67.0	S	0.0
Cbra_GBG76247.1	Tura_XP_048532868.1	67.0	S	0.0
Smoe_XP_024536508.1	Tura_XP_048532868.1	67.0	S	0.0
Smoe_XP_002975734.1	Tura_XP_048532868.1	67.0	S	0.0
Ppat_XP_024389141.1	Atha_NP_176448.1	67.0	S	0.0
Ppat_XP_024389140.1	Atha_NP_176448.1	67.0	S	0.0
Mpol_BFI25958.1	Atha_NP_176448.1	67.0	S	0.0
Cbra_GBG84133.1	Atha_NP_176448.1	67.0	S	0.0
Smoe_XP_002973683.1	Atha_NP_176448.1	67.0	S	0.0
Cbra_GBG76247.1	Atha_NP_176448.1	67.0	S	0.0
Smoe_XP_024536508.1	Atha_NP_176448.1	67.0	S	0.0
Smoe_XP_002975734.1	Atha_NP_176448.1	67.0	S	0.0
Ppat_XP_024389141.1	Cofcan_CDP19514.1	67.0	S	0.0
Ppat_XP_024389140.1	Cofcan_CDP19514.1	67.0	S	0.0
Mpol_BFI25958.1	Cofcan_CDP19514.1	67.0	S	0.0
Cbra_GBG84133.1	Cofcan_CDP19514.1	67.0	S	0.0
Smoe_XP_002973683.1	Cofcan_CDP19514.1	67.0	S	0.0
Cbra_GBG76247.1	Cofcan_CDP19514.1	67.0	S	0.0
Smoe_XP_024536508.1	Cofcan_CDP19514.1	67.0	S	0.0
Smoe_XP_002975734.1	Cofcan_CDP19514.1	67.0	S	0.0
Ppat_XP_024389141.1	Atha_NP_001321026.1	67.0	S	0.0
Ppat_XP_024389140.1	Atha_NP_001321026.1	67.0	S	0.0
Mpol_BFI25958.1	Atha_NP_001321026.1	67.0	S	0.0
Cbra_GBG84133.1	Atha_NP_001321026.1	67.0	S	0.0
Smoe_XP_002973683.1	Atha_NP_001321026.1	67.0	S	0.0
Cbra_GBG76247.1	Atha_NP_001321026.1	67.0	S	0.0
Smoe_XP_024536508.1	Atha_NP_001321026.1	67.0	S	0.0
Smoe_XP_002975734.1	Atha_NP_001321026.1	67.0	S	0.0
Ppat_XP_024389141.1	Atha_NP_176450.2	67.0	S	0.0
Ppat_XP_024389140.1	Atha_NP_176450.2	67.0	S	0.0
Mpol_BFI25958.1	Atha_NP_176450.2	67.0	S	0.0
Cbra_GBG84133.1	Atha_NP_176450.2	67.0	S	0.0
Smoe_XP_002973683.1	Atha_NP_176450.2	67.0	S	0.0
Cbra_GBG76247.1	Atha_NP_176450.2	67.0	S	0.0
Smoe_XP_024536508.1	Atha_NP_176450.2	67.0	S	0.0
Smoe_XP_002975734.1	Atha_NP_176450.2	67.0	S	0.0
Ppat_XP_024389141.1	Rchi_XP_024174810.1	67.0	S	0.0
Ppat_XP_024389140.1	Rchi_XP_024174810.1	67.0	S	0.0
Mpol_BFI25958.1	Rchi_XP_024174810.1	67.0	S	0.0
Cbra_GBG84133.1	Rchi_XP_024174810.1	67.0	S	0.0
Smoe_XP_002973683.1	Rchi_XP_024174810.1	67.0	S	0.0
Cbra_GBG76247.1	Rchi_XP_024174810.1	67.0	S	0.0
Smoe_XP_024536508.1	Rchi_XP_024174810.1	67.0	S	0.0
Smoe_XP_002975734.1	Rchi_XP_024174810.1	67.0	S	0.0
Ppat_XP_024389141.1	Bnap_XP_022548210.2	67.0	S	0.0
Ppat_XP_024389140.1	Bnap_XP_022548210.2	67.0	S	0.0
Mpol_BFI25958.1	Bnap_XP_022548210.2	67.0	S	0.0
Cbra_GBG84133.1	Bnap_XP_022548210.2	67.0	S	0.0
Smoe_XP_002973683.1	Bnap_XP_022548210.2	67.0	S	0.0
Cbra_GBG76247.1	Bnap_XP_022548210.2	67.0	S	0.0
Smoe_XP_024536508.1	Bnap_XP_022548210.2	67.0	S	0.0
Smoe_XP_002975734.1	Bnap_XP_022548210.2	67.0	S	0.0
Ppat_XP_024389141.1	Lsat_XP_052621438.1	67.0	S	0.0
Ppat_XP_024389140.1	Lsat_XP_052621438.1	67.0	S	0.0
Mpol_BFI25958.1	Lsat_XP_052621438.1	67.0	S	0.0
Cbra_GBG84133.1	Lsat_XP_052621438.1	67.0	S	0.0
Smoe_XP_002973683.1	Lsat_XP_052621438.1	67.0	S	0.0
Cbra_GBG76247.1	Lsat_XP_052621438.1	67.0	S	0.0
Smoe_XP_024536508.1	Lsat_XP_052621438.1	67.0	S	0.0
Smoe_XP_002975734.1	Lsat_XP_052621438.1	67.0	S	0.0
Ppat_XP_024389141.1	Mesc_XP_043810291.1	67.0	S	0.0
Ppat_XP_024389140.1	Mesc_XP_043810291.1	67.0	S	0.0
Mpol_BFI25958.1	Mesc_XP_043810291.1	67.0	S	0.0
Cbra_GBG84133.1	Mesc_XP_043810291.1	67.0	S	0.0
Smoe_XP_002973683.1	Mesc_XP_043810291.1	67.0	S	0.0
Cbra_GBG76247.1	Mesc_XP_043810291.1	67.0	S	0.0
Smoe_XP_024536508.1	Mesc_XP_043810291.1	67.0	S	0.0
Smoe_XP_002975734.1	Mesc_XP_043810291.1	67.0	S	0.0
Ppat_XP_024389141.1	Atha_NP_176446.1	67.0	S	0.0
Ppat_XP_024389140.1	Atha_NP_176446.1	67.0	S	0.0
Mpol_BFI25958.1	Atha_NP_176446.1	67.0	S	0.0
Cbra_GBG84133.1	Atha_NP_176446.1	67.0	S	0.0
Smoe_XP_002973683.1	Atha_NP_176446.1	67.0	S	0.0
Cbra_GBG76247.1	Atha_NP_176446.1	67.0	S	0.0
Smoe_XP_024536508.1	Atha_NP_176446.1	67.0	S	0.0
Smoe_XP_002975734.1	Atha_NP_176446.1	67.0	S	0.0
Ppat_XP_024389141.1	Tura_XP_048538304.1	67.0	S	0.0
Ppat_XP_024389140.1	Tura_XP_048538304.1	67.0	S	0.0
Mpol_BFI25958.1	Tura_XP_048538304.1	67.0	S	0.0
Cbra_GBG84133.1	Tura_XP_048538304.1	67.0	S	0.0
Smoe_XP_002973683.1	Tura_XP_048538304.1	67.0	S	0.0
Cbra_GBG76247.1	Tura_XP_048538304.1	67.0	S	0.0
Smoe_XP_024536508.1	Tura_XP_048538304.1	67.0	S	0.0
Smoe_XP_002975734.1	Tura_XP_048538304.1	67.0	S	0.0
Ppat_XP_024389141.1	Tura_XP_048553305.1	67.0	S	0.0
Ppat_XP_024389140.1	Tura_XP_048553305.1	67.0	S	0.0
Mpol_BFI25958.1	Tura_XP_048553305.1	67.0	S	0.0
Cbra_GBG84133.1	Tura_XP_048553305.1	67.0	S	0.0
Smoe_XP_002973683.1	Tura_XP_048553305.1	67.0	S	0.0
Cbra_GBG76247.1	Tura_XP_048553305.1	67.0	S	0.0
Smoe_XP_024536508.1	Tura_XP_048553305.1	67.0	S	0.0
Smoe_XP_002975734.1	Tura_XP_048553305.1	67.0	S	0.0
Ppat_XP_024389141.1	Qlob_XP_030948035.1	67.0	S	0.0
Ppat_XP_024389140.1	Qlob_XP_030948035.1	67.0	S	0.0
Mpol_BFI25958.1	Qlob_XP_030948035.1	67.0	S	0.0
Cbra_GBG84133.1	Qlob_XP_030948035.1	67.0	S	0.0
Smoe_XP_002973683.1	Qlob_XP_030948035.1	67.0	S	0.0
Cbra_GBG76247.1	Qlob_XP_030948035.1	67.0	S	0.0
Smoe_XP_024536508.1	Qlob_XP_030948035.1	67.0	S	0.0
Smoe_XP_002975734.1	Qlob_XP_030948035.1	67.0	S	0.0
Ppat_XP_024389141.1	Lsat_XP_023733544.1	67.0	S	0.0
Ppat_XP_024389140.1	Lsat_XP_023733544.1	67.0	S	0.0
Mpol_BFI25958.1	Lsat_XP_023733544.1	67.0	S	0.0
Cbra_GBG84133.1	Lsat_XP_023733544.1	67.0	S	0.0
Smoe_XP_002973683.1	Lsat_XP_023733544.1	67.0	S	0.0
Cbra_GBG76247.1	Lsat_XP_023733544.1	67.0	S	0.0
Smoe_XP_024536508.1	Lsat_XP_023733544.1	67.0	S	0.0
Smoe_XP_002975734.1	Lsat_XP_023733544.1	67.0	S	0.0
Ppat_XP_024389141.1	Bnap_XP_048595737.1	67.0	S	0.0
Ppat_XP_024389140.1	Bnap_XP_048595737.1	67.0	S	0.0
Mpol_BFI25958.1	Bnap_XP_048595737.1	67.0	S	0.0
Cbra_GBG84133.1	Bnap_XP_048595737.1	67.0	S	0.0
Smoe_XP_002973683.1	Bnap_XP_048595737.1	67.0	S	0.0
Cbra_GBG76247.1	Bnap_XP_048595737.1	67.0	S	0.0
Smoe_XP_024536508.1	Bnap_XP_048595737.1	67.0	S	0.0
Smoe_XP_002975734.1	Bnap_XP_048595737.1	67.0	S	0.0
Ppat_XP_024389141.1	Bnap_XP_013697008.2	67.0	S	0.0
Ppat_XP_024389140.1	Bnap_XP_013697008.2	67.0	S	0.0
Mpol_BFI25958.1	Bnap_XP_013697008.2	67.0	S	0.0
Cbra_GBG84133.1	Bnap_XP_013697008.2	67.0	S	0.0
Smoe_XP_002973683.1	Bnap_XP_013697008.2	67.0	S	0.0
Cbra_GBG76247.1	Bnap_XP_013697008.2	67.0	S	0.0
Smoe_XP_024536508.1	Bnap_XP_013697008.2	67.0	S	0.0
Smoe_XP_002975734.1	Bnap_XP_013697008.2	67.0	S	0.0
Ppat_XP_024389141.1	Lsat_XP_023734510.1	67.0	S	0.0
Ppat_XP_024389140.1	Lsat_XP_023734510.1	67.0	S	0.0
Mpol_BFI25958.1	Lsat_XP_023734510.1	67.0	S	0.0
Cbra_GBG84133.1	Lsat_XP_023734510.1	67.0	S	0.0
Smoe_XP_002973683.1	Lsat_XP_023734510.1	67.0	S	0.0
Cbra_GBG76247.1	Lsat_XP_023734510.1	67.0	S	0.0
Smoe_XP_024536508.1	Lsat_XP_023734510.1	67.0	S	0.0
Smoe_XP_002975734.1	Lsat_XP_023734510.1	67.0	S	0.0
Ppat_XP_024389141.1	Qlob_XP_030947989.1	67.0	S	0.0
Ppat_XP_024389140.1	Qlob_XP_030947989.1	67.0	S	0.0
Mpol_BFI25958.1	Qlob_XP_030947989.1	67.0	S	0.0
Cbra_GBG84133.1	Qlob_XP_030947989.1	67.0	S	0.0
Smoe_XP_002973683.1	Qlob_XP_030947989.1	67.0	S	0.0
Cbra_GBG76247.1	Qlob_XP_030947989.1	67.0	S	0.0
Smoe_XP_024536508.1	Qlob_XP_030947989.1	67.0	S	0.0
Smoe_XP_002975734.1	Qlob_XP_030947989.1	67.0	S	0.0
Ppat_XP_024389141.1	Lsat_XP_023734513.1	67.0	S	0.0
Ppat_XP_024389140.1	Lsat_XP_023734513.1	67.0	S	0.0
Mpol_BFI25958.1	Lsat_XP_023734513.1	67.0	S	0.0
Cbra_GBG84133.1	Lsat_XP_023734513.1	67.0	S	0.0
Smoe_XP_002973683.1	Lsat_XP_023734513.1	67.0	S	0.0
Cbra_GBG76247.1	Lsat_XP_023734513.1	67.0	S	0.0
Smoe_XP_024536508.1	Lsat_XP_023734513.1	67.0	S	0.0
Smoe_XP_002975734.1	Lsat_XP_023734513.1	67.0	S	0.0
Ppat_XP_024389141.1	Bnap_XP_013742428.1	67.0	S	0.0
Ppat_XP_024389140.1	Bnap_XP_013742428.1	67.0	S	0.0
Mpol_BFI25958.1	Bnap_XP_013742428.1	67.0	S	0.0
Cbra_GBG84133.1	Bnap_XP_013742428.1	67.0	S	0.0
Smoe_XP_002973683.1	Bnap_XP_013742428.1	67.0	S	0.0
Cbra_GBG76247.1	Bnap_XP_013742428.1	67.0	S	0.0
Smoe_XP_024536508.1	Bnap_XP_013742428.1	67.0	S	0.0
Smoe_XP_002975734.1	Bnap_XP_013742428.1	67.0	S	0.0
Ppat_XP_024389141.1	Atha_NP_564796.1	67.0	S	0.0
Ppat_XP_024389140.1	Atha_NP_564796.1	67.0	S	0.0
Mpol_BFI25958.1	Atha_NP_564796.1	67.0	S	0.0
Cbra_GBG84133.1	Atha_NP_564796.1	67.0	S	0.0
Smoe_XP_002973683.1	Atha_NP_564796.1	67.0	S	0.0
Cbra_GBG76247.1	Atha_NP_564796.1	67.0	S	0.0
Smoe_XP_024536508.1	Atha_NP_564796.1	67.0	S	0.0
Smoe_XP_002975734.1	Atha_NP_564796.1	67.0	S	0.0
Ppat_XP_024389141.1	Bdis_XP_024316986.1	67.0	S	0.0
Ppat_XP_024389140.1	Bdis_XP_024316986.1	67.0	S	0.0
Mpol_BFI25958.1	Bdis_XP_024316986.1	67.0	S	0.0
Cbra_GBG84133.1	Bdis_XP_024316986.1	67.0	S	0.0
Smoe_XP_002973683.1	Bdis_XP_024316986.1	67.0	S	0.0
Cbra_GBG76247.1	Bdis_XP_024316986.1	67.0	S	0.0
Smoe_XP_024536508.1	Bdis_XP_024316986.1	67.0	S	0.0
Smoe_XP_002975734.1	Bdis_XP_024316986.1	67.0	S	0.0
Ppat_XP_024389141.1	Qlob_XP_030948502.1	67.0	S	0.0
Ppat_XP_024389140.1	Qlob_XP_030948502.1	67.0	S	0.0
Mpol_BFI25958.1	Qlob_XP_030948502.1	67.0	S	0.0
Cbra_GBG84133.1	Qlob_XP_030948502.1	67.0	S	0.0
Smoe_XP_002973683.1	Qlob_XP_030948502.1	67.0	S	0.0
Cbra_GBG76247.1	Qlob_XP_030948502.1	67.0	S	0.0
Smoe_XP_024536508.1	Qlob_XP_030948502.1	67.0	S	0.0
Smoe_XP_002975734.1	Qlob_XP_030948502.1	67.0	S	0.0
Ppat_XP_024389141.1	Bdis_XP_003571014.2	67.0	S	0.0
Ppat_XP_024389140.1	Bdis_XP_003571014.2	67.0	S	0.0
Mpol_BFI25958.1	Bdis_XP_003571014.2	67.0	S	0.0
Cbra_GBG84133.1	Bdis_XP_003571014.2	67.0	S	0.0
Smoe_XP_002973683.1	Bdis_XP_003571014.2	67.0	S	0.0
Cbra_GBG76247.1	Bdis_XP_003571014.2	67.0	S	0.0
Smoe_XP_024536508.1	Bdis_XP_003571014.2	67.0	S	0.0
Smoe_XP_002975734.1	Bdis_XP_003571014.2	67.0	S	0.0
Ppat_XP_024389141.1	Mesc_XP_021632152.1	67.0	S	0.0
Ppat_XP_024389140.1	Mesc_XP_021632152.1	67.0	S	0.0
Mpol_BFI25958.1	Mesc_XP_021632152.1	67.0	S	0.0
Cbra_GBG84133.1	Mesc_XP_021632152.1	67.0	S	0.0
Smoe_XP_002973683.1	Mesc_XP_021632152.1	67.0	S	0.0
Cbra_GBG76247.1	Mesc_XP_021632152.1	67.0	S	0.0
Smoe_XP_024536508.1	Mesc_XP_021632152.1	67.0	S	0.0
Smoe_XP_002975734.1	Mesc_XP_021632152.1	67.0	S	0.0
Ppat_XP_024389141.1	Mtru_XP_024641006.1	67.0	S	0.0
Ppat_XP_024389140.1	Mtru_XP_024641006.1	67.0	S	0.0
Mpol_BFI25958.1	Mtru_XP_024641006.1	67.0	S	0.0
Cbra_GBG84133.1	Mtru_XP_024641006.1	67.0	S	0.0
Smoe_XP_002973683.1	Mtru_XP_024641006.1	67.0	S	0.0
Cbra_GBG76247.1	Mtru_XP_024641006.1	67.0	S	0.0
Smoe_XP_024536508.1	Mtru_XP_024641006.1	67.0	S	0.0
Smoe_XP_002975734.1	Mtru_XP_024641006.1	67.0	S	0.0
Ppat_XP_024389141.1	Bnap_XP_013711135.2	67.0	S	0.0
Ppat_XP_024389140.1	Bnap_XP_013711135.2	67.0	S	0.0
Mpol_BFI25958.1	Bnap_XP_013711135.2	67.0	S	0.0
Cbra_GBG84133.1	Bnap_XP_013711135.2	67.0	S	0.0
Smoe_XP_002973683.1	Bnap_XP_013711135.2	67.0	S	0.0
Cbra_GBG76247.1	Bnap_XP_013711135.2	67.0	S	0.0
Smoe_XP_024536508.1	Bnap_XP_013711135.2	67.0	S	0.0
Smoe_XP_002975734.1	Bnap_XP_013711135.2	67.0	S	0.0
Ppat_XP_024389141.1	Zmay_XP_020402916.1	67.0	S	0.0
Ppat_XP_024389140.1	Zmay_XP_020402916.1	67.0	S	0.0
Mpol_BFI25958.1	Zmay_XP_020402916.1	67.0	S	0.0
Cbra_GBG84133.1	Zmay_XP_020402916.1	67.0	S	0.0
Smoe_XP_002973683.1	Zmay_XP_020402916.1	67.0	S	0.0
Cbra_GBG76247.1	Zmay_XP_020402916.1	67.0	S	0.0
Smoe_XP_024536508.1	Zmay_XP_020402916.1	67.0	S	0.0
Smoe_XP_002975734.1	Zmay_XP_020402916.1	67.0	S	0.0
Ppat_XP_024389141.1	Cofcan_CDP07973.1	67.0	S	0.0
Ppat_XP_024389140.1	Cofcan_CDP07973.1	67.0	S	0.0
Mpol_BFI25958.1	Cofcan_CDP07973.1	67.0	S	0.0
Cbra_GBG84133.1	Cofcan_CDP07973.1	67.0	S	0.0
Smoe_XP_002973683.1	Cofcan_CDP07973.1	67.0	S	0.0
Cbra_GBG76247.1	Cofcan_CDP07973.1	67.0	S	0.0
Smoe_XP_024536508.1	Cofcan_CDP07973.1	67.0	S	0.0
Smoe_XP_002975734.1	Cofcan_CDP07973.1	67.0	S	0.0
Ppat_XP_024389141.1	Mesc_XP_021631397.1	67.0	S	0.0
Ppat_XP_024389140.1	Mesc_XP_021631397.1	67.0	S	0.0
Mpol_BFI25958.1	Mesc_XP_021631397.1	67.0	S	0.0
Cbra_GBG84133.1	Mesc_XP_021631397.1	67.0	S	0.0
Smoe_XP_002973683.1	Mesc_XP_021631397.1	67.0	S	0.0
Cbra_GBG76247.1	Mesc_XP_021631397.1	67.0	S	0.0
Smoe_XP_024536508.1	Mesc_XP_021631397.1	67.0	S	0.0
Smoe_XP_002975734.1	Mesc_XP_021631397.1	67.0	S	0.0
Ppat_XP_024389141.1	Lsat_XP_023753692.1	67.0	S	0.0
Ppat_XP_024389140.1	Lsat_XP_023753692.1	67.0	S	0.0
Mpol_BFI25958.1	Lsat_XP_023753692.1	67.0	S	0.0
Cbra_GBG84133.1	Lsat_XP_023753692.1	67.0	S	0.0
Smoe_XP_002973683.1	Lsat_XP_023753692.1	67.0	S	0.0
Cbra_GBG76247.1	Lsat_XP_023753692.1	67.0	S	0.0
Smoe_XP_024536508.1	Lsat_XP_023753692.1	67.0	S	0.0
Smoe_XP_002975734.1	Lsat_XP_023753692.1	67.0	S	0.0
Ppat_XP_024389141.1	Atha_NP_001323033.1	67.0	S	0.0
Ppat_XP_024389140.1	Atha_NP_001323033.1	67.0	S	0.0
Mpol_BFI25958.1	Atha_NP_001323033.1	67.0	S	0.0
Cbra_GBG84133.1	Atha_NP_001323033.1	67.0	S	0.0
Smoe_XP_002973683.1	Atha_NP_001323033.1	67.0	S	0.0
Cbra_GBG76247.1	Atha_NP_001323033.1	67.0	S	0.0
Smoe_XP_024536508.1	Atha_NP_001323033.1	67.0	S	0.0
Smoe_XP_002975734.1	Atha_NP_001323033.1	67.0	S	0.0
Ppat_XP_024389141.1	Rchi_XP_024175049.2	67.0	S	0.0
Ppat_XP_024389140.1	Rchi_XP_024175049.2	67.0	S	0.0
Mpol_BFI25958.1	Rchi_XP_024175049.2	67.0	S	0.0
Cbra_GBG84133.1	Rchi_XP_024175049.2	67.0	S	0.0
Smoe_XP_002973683.1	Rchi_XP_024175049.2	67.0	S	0.0
Cbra_GBG76247.1	Rchi_XP_024175049.2	67.0	S	0.0
Smoe_XP_024536508.1	Rchi_XP_024175049.2	67.0	S	0.0
Smoe_XP_002975734.1	Rchi_XP_024175049.2	67.0	S	0.0
Ppat_XP_024389141.1	Atha_NP_176761.1	67.0	S	0.0
Ppat_XP_024389140.1	Atha_NP_176761.1	67.0	S	0.0
Mpol_BFI25958.1	Atha_NP_176761.1	67.0	S	0.0
Cbra_GBG84133.1	Atha_NP_176761.1	67.0	S	0.0
Smoe_XP_002973683.1	Atha_NP_176761.1	67.0	S	0.0
Cbra_GBG76247.1	Atha_NP_176761.1	67.0	S	0.0
Smoe_XP_024536508.1	Atha_NP_176761.1	67.0	S	0.0
Smoe_XP_002975734.1	Atha_NP_176761.1	67.0	S	0.0
Ppat_XP_024389141.1	Mtru_XP_003611271.3	67.0	S	0.0
Ppat_XP_024389140.1	Mtru_XP_003611271.3	67.0	S	0.0
Mpol_BFI25958.1	Mtru_XP_003611271.3	67.0	S	0.0
Cbra_GBG84133.1	Mtru_XP_003611271.3	67.0	S	0.0
Smoe_XP_002973683.1	Mtru_XP_003611271.3	67.0	S	0.0
Cbra_GBG76247.1	Mtru_XP_003611271.3	67.0	S	0.0
Smoe_XP_024536508.1	Mtru_XP_003611271.3	67.0	S	0.0
Smoe_XP_002975734.1	Mtru_XP_003611271.3	67.0	S	0.0
Ppat_XP_024389141.1	Atha_NP_001321123.1	67.0	S	0.0
Ppat_XP_024389140.1	Atha_NP_001321123.1	67.0	S	0.0
Mpol_BFI25958.1	Atha_NP_001321123.1	67.0	S	0.0
Cbra_GBG84133.1	Atha_NP_001321123.1	67.0	S	0.0
Smoe_XP_002973683.1	Atha_NP_001321123.1	67.0	S	0.0
Cbra_GBG76247.1	Atha_NP_001321123.1	67.0	S	0.0
Smoe_XP_024536508.1	Atha_NP_001321123.1	67.0	S	0.0
Smoe_XP_002975734.1	Atha_NP_001321123.1	67.0	S	0.0
Ppat_XP_024389141.1	Qlob_XP_030947988.1	67.0	S	0.0
Ppat_XP_024389140.1	Qlob_XP_030947988.1	67.0	S	0.0
Mpol_BFI25958.1	Qlob_XP_030947988.1	67.0	S	0.0
Cbra_GBG84133.1	Qlob_XP_030947988.1	67.0	S	0.0
Smoe_XP_002973683.1	Qlob_XP_030947988.1	67.0	S	0.0
Cbra_GBG76247.1	Qlob_XP_030947988.1	67.0	S	0.0
Smoe_XP_024536508.1	Qlob_XP_030947988.1	67.0	S	0.0
Smoe_XP_002975734.1	Qlob_XP_030947988.1	67.0	S	0.0
Ppat_XP_024389141.1	Mesc_XP_021595827.2	67.0	S	0.0
Ppat_XP_024389140.1	Mesc_XP_021595827.2	67.0	S	0.0
Mpol_BFI25958.1	Mesc_XP_021595827.2	67.0	S	0.0
Cbra_GBG84133.1	Mesc_XP_021595827.2	67.0	S	0.0
Smoe_XP_002973683.1	Mesc_XP_021595827.2	67.0	S	0.0
Cbra_GBG76247.1	Mesc_XP_021595827.2	67.0	S	0.0
Smoe_XP_024536508.1	Mesc_XP_021595827.2	67.0	S	0.0
Smoe_XP_002975734.1	Mesc_XP_021595827.2	67.0	S	0.0
Ppat_XP_024389141.1	Qlob_XP_030945346.1	67.0	S	0.0
Ppat_XP_024389140.1	Qlob_XP_030945346.1	67.0	S	0.0
Mpol_BFI25958.1	Qlob_XP_030945346.1	67.0	S	0.0
Cbra_GBG84133.1	Qlob_XP_030945346.1	67.0	S	0.0
Smoe_XP_002973683.1	Qlob_XP_030945346.1	67.0	S	0.0
Cbra_GBG76247.1	Qlob_XP_030945346.1	67.0	S	0.0
Smoe_XP_024536508.1	Qlob_XP_030945346.1	67.0	S	0.0
Smoe_XP_002975734.1	Qlob_XP_030945346.1	67.0	S	0.0
Ppat_XP_024389141.1	Osat_XP_066161104.1	67.0	S	0.0
Ppat_XP_024389140.1	Osat_XP_066161104.1	67.0	S	0.0
Mpol_BFI25958.1	Osat_XP_066161104.1	67.0	S	0.0
Cbra_GBG84133.1	Osat_XP_066161104.1	67.0	S	0.0
Smoe_XP_002973683.1	Osat_XP_066161104.1	67.0	S	0.0
Cbra_GBG76247.1	Osat_XP_066161104.1	67.0	S	0.0
Smoe_XP_024536508.1	Osat_XP_066161104.1	67.0	S	0.0
Smoe_XP_002975734.1	Osat_XP_066161104.1	67.0	S	0.0
Ppat_XP_024389141.1	Bnap_XP_013697440.2	67.0	S	0.0
Ppat_XP_024389140.1	Bnap_XP_013697440.2	67.0	S	0.0
Mpol_BFI25958.1	Bnap_XP_013697440.2	67.0	S	0.0
Cbra_GBG84133.1	Bnap_XP_013697440.2	67.0	S	0.0
Smoe_XP_002973683.1	Bnap_XP_013697440.2	67.0	S	0.0
Cbra_GBG76247.1	Bnap_XP_013697440.2	67.0	S	0.0
Smoe_XP_024536508.1	Bnap_XP_013697440.2	67.0	S	0.0
Smoe_XP_002975734.1	Bnap_XP_013697440.2	67.0	S	0.0
Ppat_XP_024389141.1	Psat_XP_050907108.1	67.0	S	0.0
Ppat_XP_024389140.1	Psat_XP_050907108.1	67.0	S	0.0
Mpol_BFI25958.1	Psat_XP_050907108.1	67.0	S	0.0
Cbra_GBG84133.1	Psat_XP_050907108.1	67.0	S	0.0
Smoe_XP_002973683.1	Psat_XP_050907108.1	67.0	S	0.0
Cbra_GBG76247.1	Psat_XP_050907108.1	67.0	S	0.0
Smoe_XP_024536508.1	Psat_XP_050907108.1	67.0	S	0.0
Smoe_XP_002975734.1	Psat_XP_050907108.1	67.0	S	0.0
Ppat_XP_024389141.1	Atha_NP_172677.1	67.0	S	0.0
Ppat_XP_024389140.1	Atha_NP_172677.1	67.0	S	0.0
Mpol_BFI25958.1	Atha_NP_172677.1	67.0	S	0.0
Cbra_GBG84133.1	Atha_NP_172677.1	67.0	S	0.0
Smoe_XP_002973683.1	Atha_NP_172677.1	67.0	S	0.0
Cbra_GBG76247.1	Atha_NP_172677.1	67.0	S	0.0
Smoe_XP_024536508.1	Atha_NP_172677.1	67.0	S	0.0
Smoe_XP_002975734.1	Atha_NP_172677.1	67.0	S	0.0
Ppat_XP_024389141.1	Bnap_XP_048590916.1	67.0	S	0.0
Ppat_XP_024389140.1	Bnap_XP_048590916.1	67.0	S	0.0
Mpol_BFI25958.1	Bnap_XP_048590916.1	67.0	S	0.0
Cbra_GBG84133.1	Bnap_XP_048590916.1	67.0	S	0.0
Smoe_XP_002973683.1	Bnap_XP_048590916.1	67.0	S	0.0
Cbra_GBG76247.1	Bnap_XP_048590916.1	67.0	S	0.0
Smoe_XP_024536508.1	Bnap_XP_048590916.1	67.0	S	0.0
Smoe_XP_002975734.1	Bnap_XP_048590916.1	67.0	S	0.0
Ppat_XP_024389141.1	Atha_NP_172680.1	67.0	S	0.0
Ppat_XP_024389140.1	Atha_NP_172680.1	67.0	S	0.0
Mpol_BFI25958.1	Atha_NP_172680.1	67.0	S	0.0
Cbra_GBG84133.1	Atha_NP_172680.1	67.0	S	0.0
Smoe_XP_002973683.1	Atha_NP_172680.1	67.0	S	0.0
Cbra_GBG76247.1	Atha_NP_172680.1	67.0	S	0.0
Smoe_XP_024536508.1	Atha_NP_172680.1	67.0	S	0.0
Smoe_XP_002975734.1	Atha_NP_172680.1	67.0	S	0.0
Ppat_XP_024389141.1	Mtru_XP_003627756.1	67.0	S	0.0
Ppat_XP_024389140.1	Mtru_XP_003627756.1	67.0	S	0.0
Mpol_BFI25958.1	Mtru_XP_003627756.1	67.0	S	0.0
Cbra_GBG84133.1	Mtru_XP_003627756.1	67.0	S	0.0
Smoe_XP_002973683.1	Mtru_XP_003627756.1	67.0	S	0.0
Cbra_GBG76247.1	Mtru_XP_003627756.1	67.0	S	0.0
Smoe_XP_024536508.1	Mtru_XP_003627756.1	67.0	S	0.0
Smoe_XP_002975734.1	Mtru_XP_003627756.1	67.0	S	0.0
Ppat_XP_024389141.1	Rchi_XP_024168687.2	67.0	S	0.0
Ppat_XP_024389140.1	Rchi_XP_024168687.2	67.0	S	0.0
Mpol_BFI25958.1	Rchi_XP_024168687.2	67.0	S	0.0
Cbra_GBG84133.1	Rchi_XP_024168687.2	67.0	S	0.0
Smoe_XP_002973683.1	Rchi_XP_024168687.2	67.0	S	0.0
Cbra_GBG76247.1	Rchi_XP_024168687.2	67.0	S	0.0
Smoe_XP_024536508.1	Rchi_XP_024168687.2	67.0	S	0.0
Smoe_XP_002975734.1	Rchi_XP_024168687.2	67.0	S	0.0
Ppat_XP_024389141.1	Psat_XP_050873161.1	67.0	S	0.0
Ppat_XP_024389140.1	Psat_XP_050873161.1	67.0	S	0.0
Mpol_BFI25958.1	Psat_XP_050873161.1	67.0	S	0.0
Cbra_GBG84133.1	Psat_XP_050873161.1	67.0	S	0.0
Smoe_XP_002973683.1	Psat_XP_050873161.1	67.0	S	0.0
Cbra_GBG76247.1	Psat_XP_050873161.1	67.0	S	0.0
Smoe_XP_024536508.1	Psat_XP_050873161.1	67.0	S	0.0
Smoe_XP_002975734.1	Psat_XP_050873161.1	67.0	S	0.0
Ppat_XP_024389141.1	Atha_NP_001322976.1	67.0	S	0.0
Ppat_XP_024389140.1	Atha_NP_001322976.1	67.0	S	0.0
Mpol_BFI25958.1	Atha_NP_001322976.1	67.0	S	0.0
Cbra_GBG84133.1	Atha_NP_001322976.1	67.0	S	0.0
Smoe_XP_002973683.1	Atha_NP_001322976.1	67.0	S	0.0
Cbra_GBG76247.1	Atha_NP_001322976.1	67.0	S	0.0
Smoe_XP_024536508.1	Atha_NP_001322976.1	67.0	S	0.0
Smoe_XP_002975734.1	Atha_NP_001322976.1	67.0	S	0.0
Ppat_XP_024389141.1	Rchi_XP_024174811.1	67.0	S	0.0
Ppat_XP_024389140.1	Rchi_XP_024174811.1	67.0	S	0.0
Mpol_BFI25958.1	Rchi_XP_024174811.1	67.0	S	0.0
Cbra_GBG84133.1	Rchi_XP_024174811.1	67.0	S	0.0
Smoe_XP_002973683.1	Rchi_XP_024174811.1	67.0	S	0.0
Cbra_GBG76247.1	Rchi_XP_024174811.1	67.0	S	0.0
Smoe_XP_024536508.1	Rchi_XP_024174811.1	67.0	S	0.0
Smoe_XP_002975734.1	Rchi_XP_024174811.1	67.0	S	0.0
Ppat_XP_024389141.1	Atha_NP_001323223.1	67.0	S	0.0
Ppat_XP_024389140.1	Atha_NP_001323223.1	67.0	S	0.0
Mpol_BFI25958.1	Atha_NP_001323223.1	67.0	S	0.0
Cbra_GBG84133.1	Atha_NP_001323223.1	67.0	S	0.0
Smoe_XP_002973683.1	Atha_NP_001323223.1	67.0	S	0.0
Cbra_GBG76247.1	Atha_NP_001323223.1	67.0	S	0.0
Smoe_XP_024536508.1	Atha_NP_001323223.1	67.0	S	0.0
Smoe_XP_002975734.1	Atha_NP_001323223.1	67.0	S	0.0
Ppat_XP_024389141.1	Bnap_XP_013657481.2	67.0	S	0.0
Ppat_XP_024389140.1	Bnap_XP_013657481.2	67.0	S	0.0
Mpol_BFI25958.1	Bnap_XP_013657481.2	67.0	S	0.0
Cbra_GBG84133.1	Bnap_XP_013657481.2	67.0	S	0.0
Smoe_XP_002973683.1	Bnap_XP_013657481.2	67.0	S	0.0
Cbra_GBG76247.1	Bnap_XP_013657481.2	67.0	S	0.0
Smoe_XP_024536508.1	Bnap_XP_013657481.2	67.0	S	0.0
Smoe_XP_002975734.1	Bnap_XP_013657481.2	67.0	S	0.0
Ppat_XP_024389141.1	Atha_NP_001321124.1	67.0	S	0.0
Ppat_XP_024389140.1	Atha_NP_001321124.1	67.0	S	0.0
Mpol_BFI25958.1	Atha_NP_001321124.1	67.0	S	0.0
Cbra_GBG84133.1	Atha_NP_001321124.1	67.0	S	0.0
Smoe_XP_002973683.1	Atha_NP_001321124.1	67.0	S	0.0
Cbra_GBG76247.1	Atha_NP_001321124.1	67.0	S	0.0
Smoe_XP_024536508.1	Atha_NP_001321124.1	67.0	S	0.0
Smoe_XP_002975734.1	Atha_NP_001321124.1	67.0	S	0.0
Ppat_XP_024389141.1	Rchi_XP_024168689.2	67.0	S	0.0
Ppat_XP_024389140.1	Rchi_XP_024168689.2	67.0	S	0.0
Mpol_BFI25958.1	Rchi_XP_024168689.2	67.0	S	0.0
Cbra_GBG84133.1	Rchi_XP_024168689.2	67.0	S	0.0
Smoe_XP_002973683.1	Rchi_XP_024168689.2	67.0	S	0.0
Cbra_GBG76247.1	Rchi_XP_024168689.2	67.0	S	0.0
Smoe_XP_024536508.1	Rchi_XP_024168689.2	67.0	S	0.0
Smoe_XP_002975734.1	Rchi_XP_024168689.2	67.0	S	0.0
Ppat_XP_024389141.1	Bdis_XP_003571012.1	67.0	S	0.0
Ppat_XP_024389140.1	Bdis_XP_003571012.1	67.0	S	0.0
Mpol_BFI25958.1	Bdis_XP_003571012.1	67.0	S	0.0
Cbra_GBG84133.1	Bdis_XP_003571012.1	67.0	S	0.0
Smoe_XP_002973683.1	Bdis_XP_003571012.1	67.0	S	0.0
Cbra_GBG76247.1	Bdis_XP_003571012.1	67.0	S	0.0
Smoe_XP_024536508.1	Bdis_XP_003571012.1	67.0	S	0.0
Smoe_XP_002975734.1	Bdis_XP_003571012.1	67.0	S	0.0
Ppat_XP_024389141.1	Atha_NP_564797.1	67.0	S	0.0
Ppat_XP_024389140.1	Atha_NP_564797.1	67.0	S	0.0
Mpol_BFI25958.1	Atha_NP_564797.1	67.0	S	0.0
Cbra_GBG84133.1	Atha_NP_564797.1	67.0	S	0.0
Smoe_XP_002973683.1	Atha_NP_564797.1	67.0	S	0.0
Cbra_GBG76247.1	Atha_NP_564797.1	67.0	S	0.0
Smoe_XP_024536508.1	Atha_NP_564797.1	67.0	S	0.0
Smoe_XP_002975734.1	Atha_NP_564797.1	67.0	S	0.0
Ppat_XP_024389141.1	Ecur_TVU31756.1	67.0	S	0.0
Ppat_XP_024389140.1	Ecur_TVU31756.1	67.0	S	0.0
Mpol_BFI25958.1	Ecur_TVU31756.1	67.0	S	0.0
Cbra_GBG84133.1	Ecur_TVU31756.1	67.0	S	0.0
Smoe_XP_002973683.1	Ecur_TVU31756.1	67.0	S	0.0
Cbra_GBG76247.1	Ecur_TVU31756.1	67.0	S	0.0
Smoe_XP_024536508.1	Ecur_TVU31756.1	67.0	S	0.0
Smoe_XP_002975734.1	Ecur_TVU31756.1	67.0	S	0.0
Ppat_XP_024389141.1	Atha_NP_176526.1	67.0	S	0.0
Ppat_XP_024389140.1	Atha_NP_176526.1	67.0	S	0.0
Mpol_BFI25958.1	Atha_NP_176526.1	67.0	S	0.0
Cbra_GBG84133.1	Atha_NP_176526.1	67.0	S	0.0
Smoe_XP_002973683.1	Atha_NP_176526.1	67.0	S	0.0
Cbra_GBG76247.1	Atha_NP_176526.1	67.0	S	0.0
Smoe_XP_024536508.1	Atha_NP_176526.1	67.0	S	0.0
Smoe_XP_002975734.1	Atha_NP_176526.1	67.0	S	0.0
Ppat_XP_024389141.1	Qlob_XP_030966386.1	67.0	S	0.0
Ppat_XP_024389140.1	Qlob_XP_030966386.1	67.0	S	0.0
Mpol_BFI25958.1	Qlob_XP_030966386.1	67.0	S	0.0
Cbra_GBG84133.1	Qlob_XP_030966386.1	67.0	S	0.0
Smoe_XP_002973683.1	Qlob_XP_030966386.1	67.0	S	0.0
Cbra_GBG76247.1	Qlob_XP_030966386.1	67.0	S	0.0
Smoe_XP_024536508.1	Qlob_XP_030966386.1	67.0	S	0.0
Smoe_XP_002975734.1	Qlob_XP_030966386.1	67.0	S	0.0
Ppat_XP_024389141.1	Mtru_XP_003627754.1	67.0	S	0.0
Ppat_XP_024389140.1	Mtru_XP_003627754.1	67.0	S	0.0
Mpol_BFI25958.1	Mtru_XP_003627754.1	67.0	S	0.0
Cbra_GBG84133.1	Mtru_XP_003627754.1	67.0	S	0.0
Smoe_XP_002973683.1	Mtru_XP_003627754.1	67.0	S	0.0
Cbra_GBG76247.1	Mtru_XP_003627754.1	67.0	S	0.0
Smoe_XP_024536508.1	Mtru_XP_003627754.1	67.0	S	0.0
Smoe_XP_002975734.1	Mtru_XP_003627754.1	67.0	S	0.0
Ppat_XP_024389141.1	Bnap_XP_013693411.2	67.0	S	0.0
Ppat_XP_024389140.1	Bnap_XP_013693411.2	67.0	S	0.0
Mpol_BFI25958.1	Bnap_XP_013693411.2	67.0	S	0.0
Cbra_GBG84133.1	Bnap_XP_013693411.2	67.0	S	0.0
Smoe_XP_002973683.1	Bnap_XP_013693411.2	67.0	S	0.0
Cbra_GBG76247.1	Bnap_XP_013693411.2	67.0	S	0.0
Smoe_XP_024536508.1	Bnap_XP_013693411.2	67.0	S	0.0
Smoe_XP_002975734.1	Bnap_XP_013693411.2	67.0	S	0.0
Ppat_XP_024389141.1	Atha_NP_001319303.1	67.0	S	0.0
Ppat_XP_024389140.1	Atha_NP_001319303.1	67.0	S	0.0
Mpol_BFI25958.1	Atha_NP_001319303.1	67.0	S	0.0
Cbra_GBG84133.1	Atha_NP_001319303.1	67.0	S	0.0
Smoe_XP_002973683.1	Atha_NP_001319303.1	67.0	S	0.0
Cbra_GBG76247.1	Atha_NP_001319303.1	67.0	S	0.0
Smoe_XP_024536508.1	Atha_NP_001319303.1	67.0	S	0.0
Smoe_XP_002975734.1	Atha_NP_001319303.1	67.0	S	0.0
Ppat_XP_024389141.1	Qlob_XP_030948501.1	67.0	S	0.0
Ppat_XP_024389140.1	Qlob_XP_030948501.1	67.0	S	0.0
Mpol_BFI25958.1	Qlob_XP_030948501.1	67.0	S	0.0
Cbra_GBG84133.1	Qlob_XP_030948501.1	67.0	S	0.0
Smoe_XP_002973683.1	Qlob_XP_030948501.1	67.0	S	0.0
Cbra_GBG76247.1	Qlob_XP_030948501.1	67.0	S	0.0
Smoe_XP_024536508.1	Qlob_XP_030948501.1	67.0	S	0.0
Smoe_XP_002975734.1	Qlob_XP_030948501.1	67.0	S	0.0
Ppat_XP_024389141.1	Tura_XP_048538303.1	67.0	S	0.0
Ppat_XP_024389140.1	Tura_XP_048538303.1	67.0	S	0.0
Mpol_BFI25958.1	Tura_XP_048538303.1	67.0	S	0.0
Cbra_GBG84133.1	Tura_XP_048538303.1	67.0	S	0.0
Smoe_XP_002973683.1	Tura_XP_048538303.1	67.0	S	0.0
Cbra_GBG76247.1	Tura_XP_048538303.1	67.0	S	0.0
Smoe_XP_024536508.1	Tura_XP_048538303.1	67.0	S	0.0
Smoe_XP_002975734.1	Tura_XP_048538303.1	67.0	S	0.0
Ppat_XP_024389141.1	Bnap_XP_048626012.1	67.0	S	0.0
Ppat_XP_024389140.1	Bnap_XP_048626012.1	67.0	S	0.0
Mpol_BFI25958.1	Bnap_XP_048626012.1	67.0	S	0.0
Cbra_GBG84133.1	Bnap_XP_048626012.1	67.0	S	0.0
Smoe_XP_002973683.1	Bnap_XP_048626012.1	67.0	S	0.0
Cbra_GBG76247.1	Bnap_XP_048626012.1	67.0	S	0.0
Smoe_XP_024536508.1	Bnap_XP_048626012.1	67.0	S	0.0
Smoe_XP_002975734.1	Bnap_XP_048626012.1	67.0	S	0.0
Ppat_XP_024389141.1	Bnap_XP_013644384.1	67.0	S	0.0
Ppat_XP_024389140.1	Bnap_XP_013644384.1	67.0	S	0.0
Mpol_BFI25958.1	Bnap_XP_013644384.1	67.0	S	0.0
Cbra_GBG84133.1	Bnap_XP_013644384.1	67.0	S	0.0
Smoe_XP_002973683.1	Bnap_XP_013644384.1	67.0	S	0.0
Cbra_GBG76247.1	Bnap_XP_013644384.1	67.0	S	0.0
Smoe_XP_024536508.1	Bnap_XP_013644384.1	67.0	S	0.0
Smoe_XP_002975734.1	Bnap_XP_013644384.1	67.0	S	0.0
Ppat_XP_024389141.1	Rchi_XP_024173440.2	67.0	S	0.0
Ppat_XP_024389140.1	Rchi_XP_024173440.2	67.0	S	0.0
Mpol_BFI25958.1	Rchi_XP_024173440.2	67.0	S	0.0
Cbra_GBG84133.1	Rchi_XP_024173440.2	67.0	S	0.0
Smoe_XP_002973683.1	Rchi_XP_024173440.2	67.0	S	0.0
Cbra_GBG76247.1	Rchi_XP_024173440.2	67.0	S	0.0
Smoe_XP_024536508.1	Rchi_XP_024173440.2	67.0	S	0.0
Smoe_XP_002975734.1	Rchi_XP_024173440.2	67.0	S	0.0
Ppat_XP_024389141.1	Atha_NP_001320894.1	67.0	S	0.0
Ppat_XP_024389140.1	Atha_NP_001320894.1	67.0	S	0.0
Mpol_BFI25958.1	Atha_NP_001320894.1	67.0	S	0.0
Cbra_GBG84133.1	Atha_NP_001320894.1	67.0	S	0.0
Smoe_XP_002973683.1	Atha_NP_001320894.1	67.0	S	0.0
Cbra_GBG76247.1	Atha_NP_001320894.1	67.0	S	0.0
Smoe_XP_024536508.1	Atha_NP_001320894.1	67.0	S	0.0
Smoe_XP_002975734.1	Atha_NP_001320894.1	67.0	S	0.0
Ppat_XP_024389141.1	Zmay_XP_020402920.1	67.0	S	0.0
Ppat_XP_024389140.1	Zmay_XP_020402920.1	67.0	S	0.0
Mpol_BFI25958.1	Zmay_XP_020402920.1	67.0	S	0.0
Cbra_GBG84133.1	Zmay_XP_020402920.1	67.0	S	0.0
Smoe_XP_002973683.1	Zmay_XP_020402920.1	67.0	S	0.0
Cbra_GBG76247.1	Zmay_XP_020402920.1	67.0	S	0.0
Smoe_XP_024536508.1	Zmay_XP_020402920.1	67.0	S	0.0
Smoe_XP_002975734.1	Zmay_XP_020402920.1	67.0	S	0.0
Apla_XP_022088130.1	Lana_XP_013401256.1	100.0	S	0.0
Apla_XP_022088130.1	Blan_XP_066267953.1	100.0	S	0.0
Apla_XP_022088130.1	Cvir_XP_022340561.1	100.0	S	0.0
Hcon_XGW01643.1	Hcon_XGW01639.1	100.0	D	1.0
Hcon_XGW01642.1	Hcon_XGW01639.1	100.0	D	1.0
Hcon_XGW01643.1	Hcon_XGW01641.1	100.0	D	1.0
Hcon_XGW01642.1	Hcon_XGW01641.1	100.0	D	1.0
Hcon_XGW01643.1	Hcon_XGW01640.1	100.0	D	1.0
Hcon_XGW01642.1	Hcon_XGW01640.1	100.0	D	1.0
Bnap_XP_013641909.2	Bnap_XP_013693788.2	100.0	D	1.0
Bnap_XP_013660250.1	Bnap_XP_013660196.2	100.0	D	1.0
Smoe_XP_024524605.1	Smoe_XP_024528346.1	100.0	D	1.0
Smoe_XP_024524605.1	Smoe_XP_002967925.1	100.0	D	1.0
Atri_XP_006828740.1	Osat_XP_015633358.2	100.0	S	0.0
Atri_XP_006828740.1	Tura_XP_048539377.1	100.0	S	0.0
Atri_XP_006828740.1	Tura_XP_048539376.1	100.0	S	0.0
Atri_XP_006828740.1	Ecur_TVU10037.1	100.0	S	0.0
Asuu_AgR032_g056_t05	Asuu_AgR032_g056_t02	100.0	D	1.0
Asuu_AgR032_g056_t05	Asuu_AgR032_g056_t03	100.0	D	1.0
Blan_XP_066288490.1	Blan_XP_066288489.1	100.0	D	1.0
Spur_XP_011668891.1	Apla_XP_022081177.1	100.0	S	0.0
Spur_XP_011668891.1	Apla_XP_022081175.1	100.0	S	0.0
Spur_XP_011668891.1	Apla_XP_022091406.1	100.0	S	0.0
Spur_XP_011668891.1	Apla_XP_022081174.1	100.0	S	0.0
Cofcan_CDP14380.1	Sollyc_XP_069151682.1	100.0	S	0.0
Cofcan_CDP14380.1	Sollyc_XP_069151683.1	100.0	S	0.0
Cofcan_CDP14380.1	Sollyc_XP_069151673.1	100.0	S	0.0
Cofcan_CDP14380.1	Atri_XP_006848729.2	100.0	S	0.0
Cofcan_CDP14380.1	Sollyc_XP_069151684.1	100.0	S	0.0
Cofcan_CDP14380.1	Sollyc_XP_069151672.1	100.0	S	0.0
Cofcan_CDP14380.1	Sollyc_XP_069151681.1	100.0	S	0.0
Cofcan_CDP14380.1	Sollyc_XP_069151686.1	100.0	S	0.0
Cofcan_CDP14380.1	Mesc_XP_021634806.1	100.0	S	0.0
Cofcan_CDP14380.1	Sollyc_XP_069151674.1	100.0	S	0.0
Cofcan_CDP14380.1	Qlob_XP_030939389.1	100.0	S	0.0
Cofcan_CDP14380.1	Sollyc_XP_069151675.1	100.0	S	0.0
Cofcan_CDP14380.1	Sollyc_XP_069151676.1	100.0	S	0.0
Cofcan_CDP14380.1	Sollyc_XP_069151678.1	100.0	S	0.0
Cofcan_CDP14380.1	Sollyc_XP_025885902.2	100.0	S	0.0
Cofcan_CDP14380.1	Sollyc_XP_069151670.1	100.0	S	0.0
Cofcan_CDP14380.1	Rchi_XP_024169800.1	100.0	S	0.0
Cofcan_CDP14380.1	Mesc_XP_043806123.1	100.0	S	0.0
Cofcan_CDP14380.1	Sollyc_XP_025885903.2	100.0	S	0.0
Cofcan_CDP14380.1	Sollyc_XP_069151685.1	100.0	S	0.0
Cofcan_CDP14380.1	Sollyc_XP_069151679.1	100.0	S	0.0
Cofcan_CDP14380.1	Sollyc_XP_069151671.1	100.0	S	0.0
Cofcan_CDP14380.1	Sollyc_XP_069151680.1	100.0	S	0.0
Cofcan_CDP14380.1	Sollyc_XP_069151677.1	100.0	S	0.0
Smoe_XP_002973683.1	Ppat_XP_024389140.1	56.0	S	0.0
Smoe_XP_024536508.1	Ppat_XP_024389140.1	56.0	S	0.0
Smoe_XP_002975734.1	Ppat_XP_024389140.1	56.0	S	0.0
Smoe_XP_002973683.1	Ppat_XP_024389141.1	56.0	S	0.0
Smoe_XP_024536508.1	Ppat_XP_024389141.1	56.0	S	0.0
Smoe_XP_002975734.1	Ppat_XP_024389141.1	56.0	S	0.0
Smoe_XP_002973683.1	Mpol_BFI25958.1	56.0	S	0.0
Smoe_XP_024536508.1	Mpol_BFI25958.1	56.0	S	0.0
Smoe_XP_002975734.1	Mpol_BFI25958.1	56.0	S	0.0
Smoe_XP_002973683.1	Cbra_GBG84133.1	56.0	S	0.0
Smoe_XP_024536508.1	Cbra_GBG84133.1	56.0	S	0.0
Smoe_XP_002975734.1	Cbra_GBG84133.1	56.0	S	0.0
Smoe_XP_002973683.1	Cbra_GBG76247.1	56.0	S	0.0
Smoe_XP_024536508.1	Cbra_GBG76247.1	56.0	S	0.0
Smoe_XP_002975734.1	Cbra_GBG76247.1	56.0	S	0.0
Blan_XP_066267953.1	Lana_XP_013401256.1	99.0	S	0.0
Blan_XP_066267953.1	Cvir_XP_022340561.1	99.0	S	0.0
Hcon_XGW01642.1	Hcon_XGW01643.1	100.0	D	1.0
Hcon_XGW01641.1	Hcon_XGW01639.1	100.0	D	1.0
Hcon_XGW01641.1	Hcon_XGW01640.1	100.0	D	1.0
Smoe_XP_002967925.1	Smoe_XP_024528346.1	98.0	D	1.0
Ecur_TVU10037.1	Osat_XP_015633358.2	99.0	S	0.0
Ecur_TVU10037.1	Tura_XP_048539377.1	99.0	S	0.0
Ecur_TVU10037.1	Tura_XP_048539376.1	99.0	S	0.0
Asuu_AgR032_g056_t02	Asuu_AgR032_g056_t03	100.0	D	1.0
Apla_XP_022091406.1	Apla_XP_022081177.1	100.0	D	1.0
Apla_XP_022091406.1	Apla_XP_022081175.1	100.0	D	1.0
Apla_XP_022091406.1	Apla_XP_022081174.1	100.0	D	1.0
Atri_XP_006848729.2	Sollyc_XP_069151682.1	79.0	S	0.0
Atri_XP_006848729.2	Sollyc_XP_069151683.1	79.0	S	0.0
Atri_XP_006848729.2	Sollyc_XP_069151673.1	79.0	S	0.0
Atri_XP_006848729.2	Sollyc_XP_069151684.1	79.0	S	0.0
Atri_XP_006848729.2	Sollyc_XP_069151672.1	79.0	S	0.0
Atri_XP_006848729.2	Sollyc_XP_069151681.1	79.0	S	0.0
Atri_XP_006848729.2	Sollyc_XP_069151686.1	79.0	S	0.0
Atri_XP_006848729.2	Mesc_XP_021634806.1	79.0	S	0.0
Atri_XP_006848729.2	Sollyc_XP_069151674.1	79.0	S	0.0
Atri_XP_006848729.2	Qlob_XP_030939389.1	79.0	S	0.0
Atri_XP_006848729.2	Sollyc_XP_069151675.1	79.0	S	0.0
Atri_XP_006848729.2	Sollyc_XP_069151676.1	79.0	S	0.0
Atri_XP_006848729.2	Sollyc_XP_069151678.1	79.0	S	0.0
Atri_XP_006848729.2	Sollyc_XP_025885902.2	79.0	S	0.0
Atri_XP_006848729.2	Sollyc_XP_069151670.1	79.0	S	0.0
Atri_XP_006848729.2	Rchi_XP_024169800.1	79.0	S	0.0
Atri_XP_006848729.2	Mesc_XP_043806123.1	79.0	S	0.0
Atri_XP_006848729.2	Sollyc_XP_025885903.2	79.0	S	0.0
Atri_XP_006848729.2	Sollyc_XP_069151685.1	79.0	S	0.0
Atri_XP_006848729.2	Sollyc_XP_069151679.1	79.0	S	0.0
Atri_XP_006848729.2	Sollyc_XP_069151671.1	79.0	S	0.0
Atri_XP_006848729.2	Sollyc_XP_069151680.1	79.0	S	0.0
Atri_XP_006848729.2	Sollyc_XP_069151677.1	79.0	S	0.0
Osat_XP_015642183.1	Ecur_TVU13135.1	100.0	S	0.0
Osat_XP_015644839.2	Ecur_TVU13135.1	100.0	S	0.0
Osat_XP_015645788.1	Ecur_TVU13135.1	100.0	S	0.0
Osat_XP_015645667.1	Ecur_TVU13135.1	100.0	S	0.0
Osat_XP_015642183.1	Zmay_XP_008651930.1	100.0	S	0.0
Osat_XP_015644839.2	Zmay_XP_008651930.1	100.0	S	0.0
Osat_XP_015645788.1	Zmay_XP_008651930.1	100.0	S	0.0
Osat_XP_015645667.1	Zmay_XP_008651930.1	100.0	S	0.0
Osat_XP_015642183.1	Zmay_NP_001142250.1	100.0	S	0.0
Osat_XP_015644839.2	Zmay_NP_001142250.1	100.0	S	0.0
Osat_XP_015645788.1	Zmay_NP_001142250.1	100.0	S	0.0
Osat_XP_015645667.1	Zmay_NP_001142250.1	100.0	S	0.0
Osat_XP_015642183.1	Zmay_NP_001351852.1	100.0	S	0.0
Osat_XP_015644839.2	Zmay_NP_001351852.1	100.0	S	0.0
Osat_XP_015645788.1	Zmay_NP_001351852.1	100.0	S	0.0
Osat_XP_015645667.1	Zmay_NP_001351852.1	100.0	S	0.0
Osat_XP_015642183.1	Ecur_TVU40253.1	100.0	S	0.0
Osat_XP_015644839.2	Ecur_TVU40253.1	100.0	S	0.0
Osat_XP_015645788.1	Ecur_TVU40253.1	100.0	S	0.0
Osat_XP_015645667.1	Ecur_TVU40253.1	100.0	S	0.0
Osat_XP_015642183.1	Zmay_XP_023156398.1	100.0	S	0.0
Osat_XP_015644839.2	Zmay_XP_023156398.1	100.0	S	0.0
Osat_XP_015645788.1	Zmay_XP_023156398.1	100.0	S	0.0
Osat_XP_015645667.1	Zmay_XP_023156398.1	100.0	S	0.0
Osat_XP_015642183.1	Ecur_TVU40258.1	100.0	S	0.0
Osat_XP_015644839.2	Ecur_TVU40258.1	100.0	S	0.0
Osat_XP_015645788.1	Ecur_TVU40258.1	100.0	S	0.0
Osat_XP_015645667.1	Ecur_TVU40258.1	100.0	S	0.0
Osat_XP_015642183.1	Ecur_TVU40270.1	100.0	S	0.0
Osat_XP_015644839.2	Ecur_TVU40270.1	100.0	S	0.0
Osat_XP_015645788.1	Ecur_TVU40270.1	100.0	S	0.0
Osat_XP_015645667.1	Ecur_TVU40270.1	100.0	S	0.0
Osat_XP_015642183.1	Zmay_XP_008653582.1	100.0	S	0.0
Osat_XP_015644839.2	Zmay_XP_008653582.1	100.0	S	0.0
Osat_XP_015645788.1	Zmay_XP_008653582.1	100.0	S	0.0
Osat_XP_015645667.1	Zmay_XP_008653582.1	100.0	S	0.0
Smoe_XP_002975734.1	Smoe_XP_002973683.1	100.0	D	1.0
Smoe_XP_002975734.1	Smoe_XP_024536508.1	100.0	D	1.0
Mpol_BFI25958.1	Cbra_GBG76247.1	64.0	S	0.0
Mpol_BFI25958.1	Ppat_XP_024389140.1	64.0	S	0.0
Mpol_BFI25958.1	Cbra_GBG84133.1	64.0	S	0.0
Mpol_BFI25958.1	Ppat_XP_024389141.1	64.0	S	0.0
Lana_XP_013401256.1	Cvir_XP_022340561.1	93.0	S	0.0
Hcon_XGW01639.1	Hcon_XGW01640.1	78.0	D	1.0
Osat_XP_015633358.2	Tura_XP_048539377.1	100.0	S	0.0
Osat_XP_015633358.2	Tura_XP_048539376.1	100.0	S	0.0
Apla_XP_022081175.1	Apla_XP_022081177.1	100.0	D	1.0
Apla_XP_022081175.1	Apla_XP_022081174.1	100.0	D	1.0
Mesc_XP_043806123.1	Sollyc_XP_069151682.1	97.0	S	0.0
Mesc_XP_021634806.1	Sollyc_XP_069151682.1	97.0	S	0.0
Mesc_XP_043806123.1	Sollyc_XP_069151683.1	97.0	S	0.0
Mesc_XP_021634806.1	Sollyc_XP_069151683.1	97.0	S	0.0
Mesc_XP_043806123.1	Sollyc_XP_069151673.1	97.0	S	0.0
Mesc_XP_021634806.1	Sollyc_XP_069151673.1	97.0	S	0.0
Mesc_XP_043806123.1	Sollyc_XP_069151684.1	97.0	S	0.0
Mesc_XP_021634806.1	Sollyc_XP_069151684.1	97.0	S	0.0
Mesc_XP_043806123.1	Sollyc_XP_069151672.1	97.0	S	0.0
Mesc_XP_021634806.1	Sollyc_XP_069151672.1	97.0	S	0.0
Mesc_XP_043806123.1	Sollyc_XP_069151681.1	97.0	S	0.0
Mesc_XP_021634806.1	Sollyc_XP_069151681.1	97.0	S	0.0
Mesc_XP_043806123.1	Sollyc_XP_069151686.1	97.0	S	0.0
Mesc_XP_021634806.1	Sollyc_XP_069151686.1	97.0	S	0.0
Mesc_XP_043806123.1	Sollyc_XP_069151674.1	97.0	S	0.0
Mesc_XP_021634806.1	Sollyc_XP_069151674.1	97.0	S	0.0
Mesc_XP_043806123.1	Qlob_XP_030939389.1	97.0	S	0.0
Mesc_XP_021634806.1	Qlob_XP_030939389.1	97.0	S	0.0
Mesc_XP_043806123.1	Sollyc_XP_069151675.1	97.0	S	0.0
Mesc_XP_021634806.1	Sollyc_XP_069151675.1	97.0	S	0.0
Mesc_XP_043806123.1	Sollyc_XP_069151676.1	97.0	S	0.0
Mesc_XP_021634806.1	Sollyc_XP_069151676.1	97.0	S	0.0
Mesc_XP_043806123.1	Sollyc_XP_069151678.1	97.0	S	0.0
Mesc_XP_021634806.1	Sollyc_XP_069151678.1	97.0	S	0.0
Mesc_XP_043806123.1	Sollyc_XP_025885902.2	97.0	S	0.0
Mesc_XP_021634806.1	Sollyc_XP_025885902.2	97.0	S	0.0
Mesc_XP_043806123.1	Sollyc_XP_069151670.1	97.0	S	0.0
Mesc_XP_021634806.1	Sollyc_XP_069151670.1	97.0	S	0.0
Mesc_XP_043806123.1	Rchi_XP_024169800.1	97.0	S	0.0
Mesc_XP_021634806.1	Rchi_XP_024169800.1	97.0	S	0.0
Mesc_XP_043806123.1	Sollyc_XP_025885903.2	97.0	S	0.0
Mesc_XP_021634806.1	Sollyc_XP_025885903.2	97.0	S	0.0
Mesc_XP_043806123.1	Sollyc_XP_069151685.1	97.0	S	0.0
Mesc_XP_021634806.1	Sollyc_XP_069151685.1	97.0	S	0.0
Mesc_XP_043806123.1	Sollyc_XP_069151679.1	97.0	S	0.0
Mesc_XP_021634806.1	Sollyc_XP_069151679.1	97.0	S	0.0
Mesc_XP_043806123.1	Sollyc_XP_069151671.1	97.0	S	0.0
Mesc_XP_021634806.1	Sollyc_XP_069151671.1	97.0	S	0.0
Mesc_XP_043806123.1	Sollyc_XP_069151680.1	97.0	S	0.0
Mesc_XP_021634806.1	Sollyc_XP_069151680.1	97.0	S	0.0
Mesc_XP_043806123.1	Sollyc_XP_069151677.1	97.0	S	0.0
Mesc_XP_021634806.1	Sollyc_XP_069151677.1	97.0	S	0.0
Osat_XP_015642183.1	Osat_XP_015644839.2	100.0	D	1.0
Osat_XP_015642183.1	Osat_XP_015645788.1	100.0	D	1.0
Osat_XP_015642183.1	Osat_XP_015645667.1	100.0	D	1.0
Ecur_TVU40258.1	Zmay_XP_008651930.1	100.0	S	0.0
Ecur_TVU40270.1	Zmay_XP_008651930.1	100.0	S	0.0
Ecur_TVU40253.1	Zmay_XP_008651930.1	100.0	S	0.0
Ecur_TVU13135.1	Zmay_XP_008651930.1	100.0	S	0.0
Ecur_TVU40258.1	Zmay_NP_001142250.1	100.0	S	0.0
Ecur_TVU40270.1	Zmay_NP_001142250.1	100.0	S	0.0
Ecur_TVU40253.1	Zmay_NP_001142250.1	100.0	S	0.0
Ecur_TVU13135.1	Zmay_NP_001142250.1	100.0	S	0.0
Ecur_TVU40258.1	Zmay_NP_001351852.1	100.0	S	0.0
Ecur_TVU40270.1	Zmay_NP_001351852.1	100.0	S	0.0
Ecur_TVU40253.1	Zmay_NP_001351852.1	100.0	S	0.0
Ecur_TVU13135.1	Zmay_NP_001351852.1	100.0	S	0.0
Ecur_TVU40258.1	Zmay_XP_023156398.1	100.0	S	0.0
Ecur_TVU40270.1	Zmay_XP_023156398.1	100.0	S	0.0
Ecur_TVU40253.1	Zmay_XP_023156398.1	100.0	S	0.0
Ecur_TVU13135.1	Zmay_XP_023156398.1	100.0	S	0.0
Ecur_TVU40258.1	Zmay_XP_008653582.1	100.0	S	0.0
Ecur_TVU40270.1	Zmay_XP_008653582.1	100.0	S	0.0
Ecur_TVU40253.1	Zmay_XP_008653582.1	100.0	S	0.0
Ecur_TVU13135.1	Zmay_XP_008653582.1	100.0	S	0.0
Smoe_XP_002973683.1	Smoe_XP_024536508.1	100.0	D	1.0
Ppat_XP_024389140.1	Cbra_GBG76247.1	59.0	S	0.0
Ppat_XP_024389141.1	Cbra_GBG76247.1	59.0	S	0.0
Ppat_XP_024389140.1	Cbra_GBG84133.1	59.0	S	0.0
Ppat_XP_024389141.1	Cbra_GBG84133.1	59.0	S	0.0
Tura_XP_048538304.1	Bdis_XP_024316986.1	100.0	S	0.0
Tura_XP_048538303.1	Bdis_XP_024316986.1	100.0	S	0.0
Tura_XP_048538304.1	Bdis_XP_003571012.1	100.0	S	0.0
Tura_XP_048538303.1	Bdis_XP_003571012.1	100.0	S	0.0
Tura_XP_048538304.1	Bdis_XP_003571014.2	100.0	S	0.0
Tura_XP_048538303.1	Bdis_XP_003571014.2	100.0	S	0.0
Osat_XP_066161105.1	Lsat_XP_052621438.1	97.0	S	0.0
Osat_XP_066161106.1	Lsat_XP_052621438.1	97.0	S	0.0
Zmay_NP_001352651.1	Lsat_XP_052621438.1	97.0	S	0.0
Ecur_TVU31756.1	Lsat_XP_052621438.1	97.0	S	0.0
Osat_XP_066161107.1	Lsat_XP_052621438.1	97.0	S	0.0
Osat_XP_066161104.1	Lsat_XP_052621438.1	97.0	S	0.0
Tura_XP_048553305.1	Lsat_XP_052621438.1	97.0	S	0.0
Zmay_XP_008666304.1	Lsat_XP_052621438.1	97.0	S	0.0
Zmay_XP_035820392.1	Lsat_XP_052621438.1	97.0	S	0.0
Zmay_XP_020402916.1	Lsat_XP_052621438.1	97.0	S	0.0
Zmay_XP_020402920.1	Lsat_XP_052621438.1	97.0	S	0.0
Osat_XP_066161105.1	Mtru_XP_003627756.1	97.0	S	0.0
Osat_XP_066161106.1	Mtru_XP_003627756.1	97.0	S	0.0
Zmay_NP_001352651.1	Mtru_XP_003627756.1	97.0	S	0.0
Ecur_TVU31756.1	Mtru_XP_003627756.1	97.0	S	0.0
Osat_XP_066161107.1	Mtru_XP_003627756.1	97.0	S	0.0
Osat_XP_066161104.1	Mtru_XP_003627756.1	97.0	S	0.0
Tura_XP_048553305.1	Mtru_XP_003627756.1	97.0	S	0.0
Zmay_XP_008666304.1	Mtru_XP_003627756.1	97.0	S	0.0
Zmay_XP_035820392.1	Mtru_XP_003627756.1	97.0	S	0.0
Zmay_XP_020402916.1	Mtru_XP_003627756.1	97.0	S	0.0
Zmay_XP_020402920.1	Mtru_XP_003627756.1	97.0	S	0.0
Osat_XP_066161105.1	Lsat_XP_023745386.1	97.0	S	0.0
Osat_XP_066161106.1	Lsat_XP_023745386.1	97.0	S	0.0
Zmay_NP_001352651.1	Lsat_XP_023745386.1	97.0	S	0.0
Ecur_TVU31756.1	Lsat_XP_023745386.1	97.0	S	0.0
Osat_XP_066161107.1	Lsat_XP_023745386.1	97.0	S	0.0
Osat_XP_066161104.1	Lsat_XP_023745386.1	97.0	S	0.0
Tura_XP_048553305.1	Lsat_XP_023745386.1	97.0	S	0.0
Zmay_XP_008666304.1	Lsat_XP_023745386.1	97.0	S	0.0
Zmay_XP_035820392.1	Lsat_XP_023745386.1	97.0	S	0.0
Zmay_XP_020402916.1	Lsat_XP_023745386.1	97.0	S	0.0
Zmay_XP_020402920.1	Lsat_XP_023745386.1	97.0	S	0.0
Osat_XP_066161105.1	Cofcan_CDP19514.1	97.0	S	0.0
Osat_XP_066161106.1	Cofcan_CDP19514.1	97.0	S	0.0
Zmay_NP_001352651.1	Cofcan_CDP19514.1	97.0	S	0.0
Ecur_TVU31756.1	Cofcan_CDP19514.1	97.0	S	0.0
Osat_XP_066161107.1	Cofcan_CDP19514.1	97.0	S	0.0
Osat_XP_066161104.1	Cofcan_CDP19514.1	97.0	S	0.0
Tura_XP_048553305.1	Cofcan_CDP19514.1	97.0	S	0.0
Zmay_XP_008666304.1	Cofcan_CDP19514.1	97.0	S	0.0
Zmay_XP_035820392.1	Cofcan_CDP19514.1	97.0	S	0.0
Zmay_XP_020402916.1	Cofcan_CDP19514.1	97.0	S	0.0
Zmay_XP_020402920.1	Cofcan_CDP19514.1	97.0	S	0.0
Osat_XP_066161105.1	Lsat_XP_052621439.1	97.0	S	0.0
Osat_XP_066161106.1	Lsat_XP_052621439.1	97.0	S	0.0
Zmay_NP_001352651.1	Lsat_XP_052621439.1	97.0	S	0.0
Ecur_TVU31756.1	Lsat_XP_052621439.1	97.0	S	0.0
Osat_XP_066161107.1	Lsat_XP_052621439.1	97.0	S	0.0
Osat_XP_066161104.1	Lsat_XP_052621439.1	97.0	S	0.0
Tura_XP_048553305.1	Lsat_XP_052621439.1	97.0	S	0.0
Zmay_XP_008666304.1	Lsat_XP_052621439.1	97.0	S	0.0
Zmay_XP_035820392.1	Lsat_XP_052621439.1	97.0	S	0.0
Zmay_XP_020402916.1	Lsat_XP_052621439.1	97.0	S	0.0
Zmay_XP_020402920.1	Lsat_XP_052621439.1	97.0	S	0.0
Osat_XP_066161105.1	Lsat_XP_023734510.1	97.0	S	0.0
Osat_XP_066161106.1	Lsat_XP_023734510.1	97.0	S	0.0
Zmay_NP_001352651.1	Lsat_XP_023734510.1	97.0	S	0.0
Ecur_TVU31756.1	Lsat_XP_023734510.1	97.0	S	0.0
Osat_XP_066161107.1	Lsat_XP_023734510.1	97.0	S	0.0
Osat_XP_066161104.1	Lsat_XP_023734510.1	97.0	S	0.0
Tura_XP_048553305.1	Lsat_XP_023734510.1	97.0	S	0.0
Zmay_XP_008666304.1	Lsat_XP_023734510.1	97.0	S	0.0
Zmay_XP_035820392.1	Lsat_XP_023734510.1	97.0	S	0.0
Zmay_XP_020402916.1	Lsat_XP_023734510.1	97.0	S	0.0
Zmay_XP_020402920.1	Lsat_XP_023734510.1	97.0	S	0.0
Osat_XP_066161105.1	Cofcan_CDP07973.1	97.0	S	0.0
Osat_XP_066161106.1	Cofcan_CDP07973.1	97.0	S	0.0
Zmay_NP_001352651.1	Cofcan_CDP07973.1	97.0	S	0.0
Ecur_TVU31756.1	Cofcan_CDP07973.1	97.0	S	0.0
Osat_XP_066161107.1	Cofcan_CDP07973.1	97.0	S	0.0
Osat_XP_066161104.1	Cofcan_CDP07973.1	97.0	S	0.0
Tura_XP_048553305.1	Cofcan_CDP07973.1	97.0	S	0.0
Zmay_XP_008666304.1	Cofcan_CDP07973.1	97.0	S	0.0
Zmay_XP_035820392.1	Cofcan_CDP07973.1	97.0	S	0.0
Zmay_XP_020402916.1	Cofcan_CDP07973.1	97.0	S	0.0
Zmay_XP_020402920.1	Cofcan_CDP07973.1	97.0	S	0.0
Osat_XP_066161105.1	Psat_XP_050873161.1	97.0	S	0.0
Osat_XP_066161106.1	Psat_XP_050873161.1	97.0	S	0.0
Zmay_NP_001352651.1	Psat_XP_050873161.1	97.0	S	0.0
Ecur_TVU31756.1	Psat_XP_050873161.1	97.0	S	0.0
Osat_XP_066161107.1	Psat_XP_050873161.1	97.0	S	0.0
Osat_XP_066161104.1	Psat_XP_050873161.1	97.0	S	0.0
Tura_XP_048553305.1	Psat_XP_050873161.1	97.0	S	0.0
Zmay_XP_008666304.1	Psat_XP_050873161.1	97.0	S	0.0
Zmay_XP_035820392.1	Psat_XP_050873161.1	97.0	S	0.0
Zmay_XP_020402916.1	Psat_XP_050873161.1	97.0	S	0.0
Zmay_XP_020402920.1	Psat_XP_050873161.1	97.0	S	0.0
Osat_XP_066161105.1	Qlob_XP_030966386.1	97.0	S	0.0
Osat_XP_066161106.1	Qlob_XP_030966386.1	97.0	S	0.0
Zmay_NP_001352651.1	Qlob_XP_030966386.1	97.0	S	0.0
Ecur_TVU31756.1	Qlob_XP_030966386.1	97.0	S	0.0
Osat_XP_066161107.1	Qlob_XP_030966386.1	97.0	S	0.0
Osat_XP_066161104.1	Qlob_XP_030966386.1	97.0	S	0.0
Tura_XP_048553305.1	Qlob_XP_030966386.1	97.0	S	0.0
Zmay_XP_008666304.1	Qlob_XP_030966386.1	97.0	S	0.0
Zmay_XP_035820392.1	Qlob_XP_030966386.1	97.0	S	0.0
Zmay_XP_020402916.1	Qlob_XP_030966386.1	97.0	S	0.0
Zmay_XP_020402920.1	Qlob_XP_030966386.1	97.0	S	0.0
Osat_XP_066161105.1	Lsat_XP_023734513.1	97.0	S	0.0
Osat_XP_066161106.1	Lsat_XP_023734513.1	97.0	S	0.0
Zmay_NP_001352651.1	Lsat_XP_023734513.1	97.0	S	0.0
Ecur_TVU31756.1	Lsat_XP_023734513.1	97.0	S	0.0
Osat_XP_066161107.1	Lsat_XP_023734513.1	97.0	S	0.0
Osat_XP_066161104.1	Lsat_XP_023734513.1	97.0	S	0.0
Tura_XP_048553305.1	Lsat_XP_023734513.1	97.0	S	0.0
Zmay_XP_008666304.1	Lsat_XP_023734513.1	97.0	S	0.0
Zmay_XP_035820392.1	Lsat_XP_023734513.1	97.0	S	0.0
Zmay_XP_020402916.1	Lsat_XP_023734513.1	97.0	S	0.0
Zmay_XP_020402920.1	Lsat_XP_023734513.1	97.0	S	0.0
Osat_XP_066161105.1	Sollyc_XP_004240053.2	97.0	S	0.0
Osat_XP_066161106.1	Sollyc_XP_004240053.2	97.0	S	0.0
Zmay_NP_001352651.1	Sollyc_XP_004240053.2	97.0	S	0.0
Ecur_TVU31756.1	Sollyc_XP_004240053.2	97.0	S	0.0
Osat_XP_066161107.1	Sollyc_XP_004240053.2	97.0	S	0.0
Osat_XP_066161104.1	Sollyc_XP_004240053.2	97.0	S	0.0
Tura_XP_048553305.1	Sollyc_XP_004240053.2	97.0	S	0.0
Zmay_XP_008666304.1	Sollyc_XP_004240053.2	97.0	S	0.0
Zmay_XP_035820392.1	Sollyc_XP_004240053.2	97.0	S	0.0
Zmay_XP_020402916.1	Sollyc_XP_004240053.2	97.0	S	0.0
Zmay_XP_020402920.1	Sollyc_XP_004240053.2	97.0	S	0.0
Osat_XP_066161105.1	Mtru_XP_003627754.1	97.0	S	0.0
Osat_XP_066161106.1	Mtru_XP_003627754.1	97.0	S	0.0
Zmay_NP_001352651.1	Mtru_XP_003627754.1	97.0	S	0.0
Ecur_TVU31756.1	Mtru_XP_003627754.1	97.0	S	0.0
Osat_XP_066161107.1	Mtru_XP_003627754.1	97.0	S	0.0
Osat_XP_066161104.1	Mtru_XP_003627754.1	97.0	S	0.0
Tura_XP_048553305.1	Mtru_XP_003627754.1	97.0	S	0.0
Zmay_XP_008666304.1	Mtru_XP_003627754.1	97.0	S	0.0
Zmay_XP_035820392.1	Mtru_XP_003627754.1	97.0	S	0.0
Zmay_XP_020402916.1	Mtru_XP_003627754.1	97.0	S	0.0
Zmay_XP_020402920.1	Mtru_XP_003627754.1	97.0	S	0.0
Osat_XP_066161105.1	Lsat_XP_023733540.1	97.0	S	0.0
Osat_XP_066161106.1	Lsat_XP_023733540.1	97.0	S	0.0
Zmay_NP_001352651.1	Lsat_XP_023733540.1	97.0	S	0.0
Ecur_TVU31756.1	Lsat_XP_023733540.1	97.0	S	0.0
Osat_XP_066161107.1	Lsat_XP_023733540.1	97.0	S	0.0
Osat_XP_066161104.1	Lsat_XP_023733540.1	97.0	S	0.0
Tura_XP_048553305.1	Lsat_XP_023733540.1	97.0	S	0.0
Zmay_XP_008666304.1	Lsat_XP_023733540.1	97.0	S	0.0
Zmay_XP_035820392.1	Lsat_XP_023733540.1	97.0	S	0.0
Zmay_XP_020402916.1	Lsat_XP_023733540.1	97.0	S	0.0
Zmay_XP_020402920.1	Lsat_XP_023733540.1	97.0	S	0.0
Osat_XP_066161105.1	Cofcan_CDP12510.1	97.0	S	0.0
Osat_XP_066161106.1	Cofcan_CDP12510.1	97.0	S	0.0
Zmay_NP_001352651.1	Cofcan_CDP12510.1	97.0	S	0.0
Ecur_TVU31756.1	Cofcan_CDP12510.1	97.0	S	0.0
Osat_XP_066161107.1	Cofcan_CDP12510.1	97.0	S	0.0
Osat_XP_066161104.1	Cofcan_CDP12510.1	97.0	S	0.0
Tura_XP_048553305.1	Cofcan_CDP12510.1	97.0	S	0.0
Zmay_XP_008666304.1	Cofcan_CDP12510.1	97.0	S	0.0
Zmay_XP_035820392.1	Cofcan_CDP12510.1	97.0	S	0.0
Zmay_XP_020402916.1	Cofcan_CDP12510.1	97.0	S	0.0
Zmay_XP_020402920.1	Cofcan_CDP12510.1	97.0	S	0.0
Osat_XP_066161105.1	Cofcan_CDP19511.1	97.0	S	0.0
Osat_XP_066161106.1	Cofcan_CDP19511.1	97.0	S	0.0
Zmay_NP_001352651.1	Cofcan_CDP19511.1	97.0	S	0.0
Ecur_TVU31756.1	Cofcan_CDP19511.1	97.0	S	0.0
Osat_XP_066161107.1	Cofcan_CDP19511.1	97.0	S	0.0
Osat_XP_066161104.1	Cofcan_CDP19511.1	97.0	S	0.0
Tura_XP_048553305.1	Cofcan_CDP19511.1	97.0	S	0.0
Zmay_XP_008666304.1	Cofcan_CDP19511.1	97.0	S	0.0
Zmay_XP_035820392.1	Cofcan_CDP19511.1	97.0	S	0.0
Zmay_XP_020402916.1	Cofcan_CDP19511.1	97.0	S	0.0
Zmay_XP_020402920.1	Cofcan_CDP19511.1	97.0	S	0.0
Osat_XP_066161105.1	Sollyc_XP_069154261.1	97.0	S	0.0
Osat_XP_066161106.1	Sollyc_XP_069154261.1	97.0	S	0.0
Zmay_NP_001352651.1	Sollyc_XP_069154261.1	97.0	S	0.0
Ecur_TVU31756.1	Sollyc_XP_069154261.1	97.0	S	0.0
Osat_XP_066161107.1	Sollyc_XP_069154261.1	97.0	S	0.0
Osat_XP_066161104.1	Sollyc_XP_069154261.1	97.0	S	0.0
Tura_XP_048553305.1	Sollyc_XP_069154261.1	97.0	S	0.0
Zmay_XP_008666304.1	Sollyc_XP_069154261.1	97.0	S	0.0
Zmay_XP_035820392.1	Sollyc_XP_069154261.1	97.0	S	0.0
Zmay_XP_020402916.1	Sollyc_XP_069154261.1	97.0	S	0.0
Zmay_XP_020402920.1	Sollyc_XP_069154261.1	97.0	S	0.0
Osat_XP_066161105.1	Lsat_XP_023733544.1	97.0	S	0.0
Osat_XP_066161106.1	Lsat_XP_023733544.1	97.0	S	0.0
Zmay_NP_001352651.1	Lsat_XP_023733544.1	97.0	S	0.0
Ecur_TVU31756.1	Lsat_XP_023733544.1	97.0	S	0.0
Osat_XP_066161107.1	Lsat_XP_023733544.1	97.0	S	0.0
Osat_XP_066161104.1	Lsat_XP_023733544.1	97.0	S	0.0
Tura_XP_048553305.1	Lsat_XP_023733544.1	97.0	S	0.0
Zmay_XP_008666304.1	Lsat_XP_023733544.1	97.0	S	0.0
Zmay_XP_035820392.1	Lsat_XP_023733544.1	97.0	S	0.0
Zmay_XP_020402916.1	Lsat_XP_023733544.1	97.0	S	0.0
Zmay_XP_020402920.1	Lsat_XP_023733544.1	97.0	S	0.0
Atri_XP_006843639.2	Atha_NP_172680.1	94.0	S	0.0
Atri_XP_006843639.2	Psat_XP_050907108.1	94.0	S	0.0
Atri_XP_006843639.2	Atha_NP_172677.1	94.0	S	0.0
Atri_XP_006843639.2	Qlob_XP_030947989.1	94.0	S	0.0
Atri_XP_006843639.2	Atha_NP_172678.3	94.0	S	0.0
Atri_XP_006843639.2	Bnap_XP_013742428.1	94.0	S	0.0
Atri_XP_006843639.2	Atha_NP_001320337.1	94.0	S	0.0
Atri_XP_006843639.2	Atha_NP_564796.1	94.0	S	0.0
Atri_XP_006843639.2	Atha_NP_001323101.1	94.0	S	0.0
Atri_XP_006843639.2	Rchi_XP_024168687.2	94.0	S	0.0
Atri_XP_006843639.2	Rchi_XP_024174979.1	94.0	S	0.0
Atri_XP_006843639.2	Mesc_XP_021605089.1	94.0	S	0.0
Atri_XP_006843639.2	Atha_NP_176523.4	94.0	S	0.0
Atri_XP_006843639.2	Atha_NP_001322976.1	94.0	S	0.0
Atri_XP_006843639.2	Cofcan_CDP09922.1	94.0	S	0.0
Atri_XP_006843639.2	Rchi_XP_024174811.1	94.0	S	0.0
Atri_XP_006843639.2	Bnap_XP_013708496.2	94.0	S	0.0
Atri_XP_006843639.2	Qlob_XP_030948502.1	94.0	S	0.0
Atri_XP_006843639.2	Atha_NP_001077522.1	94.0	S	0.0
Atri_XP_006843639.2	Bnap_XP_048626011.1	94.0	S	0.0
Atri_XP_006843639.2	Mesc_XP_021632152.1	94.0	S	0.0
Atri_XP_006843639.2	Atha_NP_176444.1	94.0	S	0.0
Atri_XP_006843639.2	Atha_NP_001321124.1	94.0	S	0.0
Atri_XP_006843639.2	Rchi_XP_024168689.2	94.0	S	0.0
Atri_XP_006843639.2	Bnap_XP_013711135.2	94.0	S	0.0
Atri_XP_006843639.2	Bnap_XP_013657481.2	94.0	S	0.0
Atri_XP_006843639.2	Atha_NP_001323223.1	94.0	S	0.0
Atri_XP_006843639.2	Bnap_XP_013677877.1	94.0	S	0.0
Atri_XP_006843639.2	Mtru_XP_024641006.1	94.0	S	0.0
Atri_XP_006843639.2	Atha_NP_176448.1	94.0	S	0.0
Atri_XP_006843639.2	Qlob_XP_030948503.1	94.0	S	0.0
Atri_XP_006843639.2	Atha_NP_564797.1	94.0	S	0.0
Atri_XP_006843639.2	Mesc_XP_021631397.1	94.0	S	0.0
Atri_XP_006843639.2	Atha_NP_001321026.1	94.0	S	0.0
Atri_XP_006843639.2	Atha_NP_001320895.1	94.0	S	0.0
Atri_XP_006843639.2	Atha_NP_176450.2	94.0	S	0.0
Atri_XP_006843639.2	Lsat_XP_023753692.1	94.0	S	0.0
Atri_XP_006843639.2	Atha_NP_001323033.1	94.0	S	0.0
Atri_XP_006843639.2	Atha_NP_176526.1	94.0	S	0.0
Atri_XP_006843639.2	Rchi_XP_024175049.2	94.0	S	0.0
Atri_XP_006843639.2	Atha_NP_176761.1	94.0	S	0.0
Atri_XP_006843639.2	Mesc_XP_043810293.1	94.0	S	0.0
Atri_XP_006843639.2	Mtru_XP_003611271.3	94.0	S	0.0
Atri_XP_006843639.2	Atha_NP_001321123.1	94.0	S	0.0
Atri_XP_006843639.2	Bnap_XP_013693411.2	94.0	S	0.0
Atri_XP_006843639.2	Atha_NP_001319303.1	94.0	S	0.0
Atri_XP_006843639.2	Qlob_XP_030947988.1	94.0	S	0.0
Atri_XP_006843639.2	Rchi_XP_024174810.1	94.0	S	0.0
Atri_XP_006843639.2	Qlob_XP_030948501.1	94.0	S	0.0
Atri_XP_006843639.2	Bnap_XP_022548210.2	94.0	S	0.0
Atri_XP_006843639.2	Bnap_XP_048626012.1	94.0	S	0.0
Atri_XP_006843639.2	Bnap_XP_013644384.1	94.0	S	0.0
Atri_XP_006843639.2	Mesc_XP_021595827.2	94.0	S	0.0
Atri_XP_006843639.2	Mesc_XP_043810291.1	94.0	S	0.0
Atri_XP_006843639.2	Qlob_XP_030945347.1	94.0	S	0.0
Atri_XP_006843639.2	Sollyc_XP_004242007.1	94.0	S	0.0
Atri_XP_006843639.2	Atha_NP_176446.1	94.0	S	0.0
Atri_XP_006843639.2	Qlob_XP_030945346.1	94.0	S	0.0
Atri_XP_006843639.2	Atha_NP_172684.1	94.0	S	0.0
Atri_XP_006843639.2	Bnap_XP_013697440.2	94.0	S	0.0
Atri_XP_006843639.2	Rchi_XP_024173440.2	94.0	S	0.0
Atri_XP_006843639.2	Atha_NP_001320894.1	94.0	S	0.0
Atri_XP_006843639.2	Qlob_XP_030948035.1	94.0	S	0.0
Atri_XP_006843639.2	Bnap_XP_048595737.1	94.0	S	0.0
Atri_XP_006843639.2	Bnap_XP_048590916.1	94.0	S	0.0
Atri_XP_006843639.2	Bnap_XP_013697008.2	94.0	S	0.0
Tura_XP_048539377.1	Tura_XP_048539376.1	100.0	D	1.0
Apla_XP_022081177.1	Apla_XP_022081174.1	1.0	D	1.0
Mesc_XP_021634806.1	Mesc_XP_043806123.1	100.0	D	1.0
Rchi_XP_024169800.1	Sollyc_XP_069151682.1	86.0	S	0.0
Qlob_XP_030939389.1	Sollyc_XP_069151682.1	86.0	S	0.0
Rchi_XP_024169800.1	Sollyc_XP_069151683.1	86.0	S	0.0
Qlob_XP_030939389.1	Sollyc_XP_069151683.1	86.0	S	0.0
Rchi_XP_024169800.1	Sollyc_XP_069151673.1	86.0	S	0.0
Qlob_XP_030939389.1	Sollyc_XP_069151673.1	86.0	S	0.0
Rchi_XP_024169800.1	Sollyc_XP_069151684.1	86.0	S	0.0
Qlob_XP_030939389.1	Sollyc_XP_069151684.1	86.0	S	0.0
Rchi_XP_024169800.1	Sollyc_XP_069151672.1	86.0	S	0.0
Qlob_XP_030939389.1	Sollyc_XP_069151672.1	86.0	S	0.0
Rchi_XP_024169800.1	Sollyc_XP_069151681.1	86.0	S	0.0
Qlob_XP_030939389.1	Sollyc_XP_069151681.1	86.0	S	0.0
Rchi_XP_024169800.1	Sollyc_XP_069151686.1	86.0	S	0.0
Qlob_XP_030939389.1	Sollyc_XP_069151686.1	86.0	S	0.0
Rchi_XP_024169800.1	Sollyc_XP_069151674.1	86.0	S	0.0
Qlob_XP_030939389.1	Sollyc_XP_069151674.1	86.0	S	0.0
Rchi_XP_024169800.1	Sollyc_XP_069151675.1	86.0	S	0.0
Qlob_XP_030939389.1	Sollyc_XP_069151675.1	86.0	S	0.0
Rchi_XP_024169800.1	Sollyc_XP_069151676.1	86.0	S	0.0
Qlob_XP_030939389.1	Sollyc_XP_069151676.1	86.0	S	0.0
Rchi_XP_024169800.1	Sollyc_XP_069151678.1	86.0	S	0.0
Qlob_XP_030939389.1	Sollyc_XP_069151678.1	86.0	S	0.0
Rchi_XP_024169800.1	Sollyc_XP_025885902.2	86.0	S	0.0
Qlob_XP_030939389.1	Sollyc_XP_025885902.2	86.0	S	0.0
Rchi_XP_024169800.1	Sollyc_XP_069151670.1	86.0	S	0.0
Qlob_XP_030939389.1	Sollyc_XP_069151670.1	86.0	S	0.0
Rchi_XP_024169800.1	Sollyc_XP_025885903.2	86.0	S	0.0
Qlob_XP_030939389.1	Sollyc_XP_025885903.2	86.0	S	0.0
Rchi_XP_024169800.1	Sollyc_XP_069151685.1	86.0	S	0.0
Qlob_XP_030939389.1	Sollyc_XP_069151685.1	86.0	S	0.0
Rchi_XP_024169800.1	Sollyc_XP_069151679.1	86.0	S	0.0
Qlob_XP_030939389.1	Sollyc_XP_069151679.1	86.0	S	0.0
Rchi_XP_024169800.1	Sollyc_XP_069151671.1	86.0	S	0.0
Qlob_XP_030939389.1	Sollyc_XP_069151671.1	86.0	S	0.0
Rchi_XP_024169800.1	Sollyc_XP_069151680.1	86.0	S	0.0
Qlob_XP_030939389.1	Sollyc_XP_069151680.1	86.0	S	0.0
Rchi_XP_024169800.1	Sollyc_XP_069151677.1	86.0	S	0.0
Qlob_XP_030939389.1	Sollyc_XP_069151677.1	86.0	S	0.0
Osat_XP_015645788.1	Osat_XP_015644839.2	100.0	D	1.0
Osat_XP_015645788.1	Osat_XP_015645667.1	100.0	D	1.0
Ecur_TVU40258.1	Ecur_TVU40270.1	100.0	D	1.0
Ecur_TVU13135.1	Ecur_TVU40270.1	100.0	D	1.0
Ecur_TVU40258.1	Ecur_TVU40253.1	100.0	D	1.0
Ecur_TVU13135.1	Ecur_TVU40253.1	100.0	D	1.0
Zmay_XP_008651930.1	Zmay_NP_001351852.1	100.0	D	1.0
Zmay_XP_008653582.1	Zmay_NP_001351852.1	100.0	D	1.0
Zmay_XP_008651930.1	Zmay_NP_001142250.1	100.0	D	1.0
Zmay_XP_008653582.1	Zmay_NP_001142250.1	100.0	D	1.0
Zmay_XP_008651930.1	Zmay_XP_023156398.1	100.0	D	1.0
Zmay_XP_008653582.1	Zmay_XP_023156398.1	100.0	D	1.0
Tura_XP_048535092.1	Tura_XP_048535967.1	100.0	D	1.0
Tura_XP_048561221.1	Bdis_XP_003572628.1	100.0	S	0.0
Tura_XP_048573688.1	Bdis_XP_003572628.1	100.0	S	0.0
Tura_XP_048561221.1	Bdis_XP_014756589.1	100.0	S	0.0
Tura_XP_048573688.1	Bdis_XP_014756589.1	100.0	S	0.0
Osat_XP_015645433.1	Osat_XP_025882478.1	100.0	D	1.0
Osat_XP_015645433.1	Osat_XP_015645432.1	100.0	D	1.0
Ppat_XP_024389141.1	Ppat_XP_024389140.1	100.0	D	1.0
Cbra_GBG84133.1	Cbra_GBG76247.1	99.0	D	1.0
Tura_XP_048538304.1	Tura_XP_048538303.1	100.0	D	1.0
Bdis_XP_003571012.1	Bdis_XP_024316986.1	100.0	D	1.0
Bdis_XP_003571012.1	Bdis_XP_003571014.2	100.0	D	1.0
Ecur_TVU31756.1	Osat_XP_066161105.1	100.0	S	0.0
Ecur_TVU31756.1	Osat_XP_066161106.1	100.0	S	0.0
Ecur_TVU31756.1	Zmay_NP_001352651.1	100.0	S	0.0
Ecur_TVU31756.1	Osat_XP_066161107.1	100.0	S	0.0
Ecur_TVU31756.1	Osat_XP_066161104.1	100.0	S	0.0
Ecur_TVU31756.1	Tura_XP_048553305.1	100.0	S	0.0
Ecur_TVU31756.1	Zmay_XP_008666304.1	100.0	S	0.0
Ecur_TVU31756.1	Zmay_XP_035820392.1	100.0	S	0.0
Ecur_TVU31756.1	Zmay_XP_020402916.1	100.0	S	0.0
Ecur_TVU31756.1	Zmay_XP_020402920.1	100.0	S	0.0
Mtru_XP_003627754.1	Lsat_XP_052621438.1	91.0	S	0.0
Mtru_XP_003627756.1	Lsat_XP_052621438.1	91.0	S	0.0
Psat_XP_050873161.1	Lsat_XP_052621438.1	91.0	S	0.0
Mtru_XP_003627754.1	Lsat_XP_023745386.1	91.0	S	0.0
Mtru_XP_003627756.1	Lsat_XP_023745386.1	91.0	S	0.0
Psat_XP_050873161.1	Lsat_XP_023745386.1	91.0	S	0.0
Mtru_XP_003627754.1	Cofcan_CDP19514.1	91.0	S	0.0
Mtru_XP_003627756.1	Cofcan_CDP19514.1	91.0	S	0.0
Psat_XP_050873161.1	Cofcan_CDP19514.1	91.0	S	0.0
Mtru_XP_003627754.1	Lsat_XP_052621439.1	91.0	S	0.0
Mtru_XP_003627756.1	Lsat_XP_052621439.1	91.0	S	0.0
Psat_XP_050873161.1	Lsat_XP_052621439.1	91.0	S	0.0
Mtru_XP_003627754.1	Lsat_XP_023734510.1	91.0	S	0.0
Mtru_XP_003627756.1	Lsat_XP_023734510.1	91.0	S	0.0
Psat_XP_050873161.1	Lsat_XP_023734510.1	91.0	S	0.0
Mtru_XP_003627754.1	Cofcan_CDP07973.1	91.0	S	0.0
Mtru_XP_003627756.1	Cofcan_CDP07973.1	91.0	S	0.0
Psat_XP_050873161.1	Cofcan_CDP07973.1	91.0	S	0.0
Mtru_XP_003627754.1	Qlob_XP_030966386.1	91.0	S	0.0
Mtru_XP_003627756.1	Qlob_XP_030966386.1	91.0	S	0.0
Psat_XP_050873161.1	Qlob_XP_030966386.1	91.0	S	0.0
Mtru_XP_003627754.1	Lsat_XP_023734513.1	91.0	S	0.0
Mtru_XP_003627756.1	Lsat_XP_023734513.1	91.0	S	0.0
Psat_XP_050873161.1	Lsat_XP_023734513.1	91.0	S	0.0
Mtru_XP_003627754.1	Sollyc_XP_004240053.2	91.0	S	0.0
Mtru_XP_003627756.1	Sollyc_XP_004240053.2	91.0	S	0.0
Psat_XP_050873161.1	Sollyc_XP_004240053.2	91.0	S	0.0
Mtru_XP_003627754.1	Lsat_XP_023733540.1	91.0	S	0.0
Mtru_XP_003627756.1	Lsat_XP_023733540.1	91.0	S	0.0
Psat_XP_050873161.1	Lsat_XP_023733540.1	91.0	S	0.0
Mtru_XP_003627754.1	Cofcan_CDP12510.1	91.0	S	0.0
Mtru_XP_003627756.1	Cofcan_CDP12510.1	91.0	S	0.0
Psat_XP_050873161.1	Cofcan_CDP12510.1	91.0	S	0.0
Mtru_XP_003627754.1	Cofcan_CDP19511.1	91.0	S	0.0
Mtru_XP_003627756.1	Cofcan_CDP19511.1	91.0	S	0.0
Psat_XP_050873161.1	Cofcan_CDP19511.1	91.0	S	0.0
Mtru_XP_003627754.1	Sollyc_XP_069154261.1	91.0	S	0.0
Mtru_XP_003627756.1	Sollyc_XP_069154261.1	91.0	S	0.0
Psat_XP_050873161.1	Sollyc_XP_069154261.1	91.0	S	0.0
Mtru_XP_003627754.1	Lsat_XP_023733544.1	91.0	S	0.0
Mtru_XP_003627756.1	Lsat_XP_023733544.1	91.0	S	0.0
Psat_XP_050873161.1	Lsat_XP_023733544.1	91.0	S	0.0
Sollyc_XP_004242007.1	Atha_NP_172680.1	91.0	S	0.0
Lsat_XP_023753692.1	Atha_NP_172680.1	91.0	S	0.0
Cofcan_CDP09922.1	Atha_NP_172680.1	91.0	S	0.0
Sollyc_XP_004242007.1	Psat_XP_050907108.1	91.0	S	0.0
Lsat_XP_023753692.1	Psat_XP_050907108.1	91.0	S	0.0
Cofcan_CDP09922.1	Psat_XP_050907108.1	91.0	S	0.0
Sollyc_XP_004242007.1	Atha_NP_172677.1	91.0	S	0.0
Lsat_XP_023753692.1	Atha_NP_172677.1	91.0	S	0.0
Cofcan_CDP09922.1	Atha_NP_172677.1	91.0	S	0.0
Sollyc_XP_004242007.1	Qlob_XP_030947989.1	91.0	S	0.0
Lsat_XP_023753692.1	Qlob_XP_030947989.1	91.0	S	0.0
Cofcan_CDP09922.1	Qlob_XP_030947989.1	91.0	S	0.0
Sollyc_XP_004242007.1	Atha_NP_172678.3	91.0	S	0.0
Lsat_XP_023753692.1	Atha_NP_172678.3	91.0	S	0.0
Cofcan_CDP09922.1	Atha_NP_172678.3	91.0	S	0.0
Sollyc_XP_004242007.1	Bnap_XP_013742428.1	91.0	S	0.0
Lsat_XP_023753692.1	Bnap_XP_013742428.1	91.0	S	0.0
Cofcan_CDP09922.1	Bnap_XP_013742428.1	91.0	S	0.0
Sollyc_XP_004242007.1	Atha_NP_001320337.1	91.0	S	0.0
Lsat_XP_023753692.1	Atha_NP_001320337.1	91.0	S	0.0
Cofcan_CDP09922.1	Atha_NP_001320337.1	91.0	S	0.0
Sollyc_XP_004242007.1	Atha_NP_564796.1	91.0	S	0.0
Lsat_XP_023753692.1	Atha_NP_564796.1	91.0	S	0.0
Cofcan_CDP09922.1	Atha_NP_564796.1	91.0	S	0.0
Sollyc_XP_004242007.1	Atha_NP_001323101.1	91.0	S	0.0
Lsat_XP_023753692.1	Atha_NP_001323101.1	91.0	S	0.0
Cofcan_CDP09922.1	Atha_NP_001323101.1	91.0	S	0.0
Sollyc_XP_004242007.1	Rchi_XP_024168687.2	91.0	S	0.0
Lsat_XP_023753692.1	Rchi_XP_024168687.2	91.0	S	0.0
Cofcan_CDP09922.1	Rchi_XP_024168687.2	91.0	S	0.0
Sollyc_XP_004242007.1	Rchi_XP_024174979.1	91.0	S	0.0
Lsat_XP_023753692.1	Rchi_XP_024174979.1	91.0	S	0.0
Cofcan_CDP09922.1	Rchi_XP_024174979.1	91.0	S	0.0
Sollyc_XP_004242007.1	Mesc_XP_021605089.1	91.0	S	0.0
Lsat_XP_023753692.1	Mesc_XP_021605089.1	91.0	S	0.0
Cofcan_CDP09922.1	Mesc_XP_021605089.1	91.0	S	0.0
Sollyc_XP_004242007.1	Atha_NP_176523.4	91.0	S	0.0
Lsat_XP_023753692.1	Atha_NP_176523.4	91.0	S	0.0
Cofcan_CDP09922.1	Atha_NP_176523.4	91.0	S	0.0
Sollyc_XP_004242007.1	Atha_NP_001322976.1	91.0	S	0.0
Lsat_XP_023753692.1	Atha_NP_001322976.1	91.0	S	0.0
Cofcan_CDP09922.1	Atha_NP_001322976.1	91.0	S	0.0
Sollyc_XP_004242007.1	Rchi_XP_024174811.1	91.0	S	0.0
Lsat_XP_023753692.1	Rchi_XP_024174811.1	91.0	S	0.0
Cofcan_CDP09922.1	Rchi_XP_024174811.1	91.0	S	0.0
Sollyc_XP_004242007.1	Bnap_XP_013708496.2	91.0	S	0.0
Lsat_XP_023753692.1	Bnap_XP_013708496.2	91.0	S	0.0
Cofcan_CDP09922.1	Bnap_XP_013708496.2	91.0	S	0.0
Sollyc_XP_004242007.1	Qlob_XP_030948502.1	91.0	S	0.0
Lsat_XP_023753692.1	Qlob_XP_030948502.1	91.0	S	0.0
Cofcan_CDP09922.1	Qlob_XP_030948502.1	91.0	S	0.0
Sollyc_XP_004242007.1	Atha_NP_001077522.1	91.0	S	0.0
Lsat_XP_023753692.1	Atha_NP_001077522.1	91.0	S	0.0
Cofcan_CDP09922.1	Atha_NP_001077522.1	91.0	S	0.0
Sollyc_XP_004242007.1	Bnap_XP_048626011.1	91.0	S	0.0
Lsat_XP_023753692.1	Bnap_XP_048626011.1	91.0	S	0.0
Cofcan_CDP09922.1	Bnap_XP_048626011.1	91.0	S	0.0
Sollyc_XP_004242007.1	Mesc_XP_021632152.1	91.0	S	0.0
Lsat_XP_023753692.1	Mesc_XP_021632152.1	91.0	S	0.0
Cofcan_CDP09922.1	Mesc_XP_021632152.1	91.0	S	0.0
Sollyc_XP_004242007.1	Atha_NP_176444.1	91.0	S	0.0
Lsat_XP_023753692.1	Atha_NP_176444.1	91.0	S	0.0
Cofcan_CDP09922.1	Atha_NP_176444.1	91.0	S	0.0
Sollyc_XP_004242007.1	Atha_NP_001321124.1	91.0	S	0.0
Lsat_XP_023753692.1	Atha_NP_001321124.1	91.0	S	0.0
Cofcan_CDP09922.1	Atha_NP_001321124.1	91.0	S	0.0
Sollyc_XP_004242007.1	Rchi_XP_024168689.2	91.0	S	0.0
Lsat_XP_023753692.1	Rchi_XP_024168689.2	91.0	S	0.0
Cofcan_CDP09922.1	Rchi_XP_024168689.2	91.0	S	0.0
Sollyc_XP_004242007.1	Bnap_XP_013711135.2	91.0	S	0.0
Lsat_XP_023753692.1	Bnap_XP_013711135.2	91.0	S	0.0
Cofcan_CDP09922.1	Bnap_XP_013711135.2	91.0	S	0.0
Sollyc_XP_004242007.1	Bnap_XP_013657481.2	91.0	S	0.0
Lsat_XP_023753692.1	Bnap_XP_013657481.2	91.0	S	0.0
Cofcan_CDP09922.1	Bnap_XP_013657481.2	91.0	S	0.0
Sollyc_XP_004242007.1	Atha_NP_001323223.1	91.0	S	0.0
Lsat_XP_023753692.1	Atha_NP_001323223.1	91.0	S	0.0
Cofcan_CDP09922.1	Atha_NP_001323223.1	91.0	S	0.0
Sollyc_XP_004242007.1	Bnap_XP_013677877.1	91.0	S	0.0
Lsat_XP_023753692.1	Bnap_XP_013677877.1	91.0	S	0.0
Cofcan_CDP09922.1	Bnap_XP_013677877.1	91.0	S	0.0
Sollyc_XP_004242007.1	Mtru_XP_024641006.1	91.0	S	0.0
Lsat_XP_023753692.1	Mtru_XP_024641006.1	91.0	S	0.0
Cofcan_CDP09922.1	Mtru_XP_024641006.1	91.0	S	0.0
Sollyc_XP_004242007.1	Atha_NP_176448.1	91.0	S	0.0
Lsat_XP_023753692.1	Atha_NP_176448.1	91.0	S	0.0
Cofcan_CDP09922.1	Atha_NP_176448.1	91.0	S	0.0
Sollyc_XP_004242007.1	Qlob_XP_030948503.1	91.0	S	0.0
Lsat_XP_023753692.1	Qlob_XP_030948503.1	91.0	S	0.0
Cofcan_CDP09922.1	Qlob_XP_030948503.1	91.0	S	0.0
Sollyc_XP_004242007.1	Atha_NP_564797.1	91.0	S	0.0
Lsat_XP_023753692.1	Atha_NP_564797.1	91.0	S	0.0
Cofcan_CDP09922.1	Atha_NP_564797.1	91.0	S	0.0
Sollyc_XP_004242007.1	Mesc_XP_021631397.1	91.0	S	0.0
Lsat_XP_023753692.1	Mesc_XP_021631397.1	91.0	S	0.0
Cofcan_CDP09922.1	Mesc_XP_021631397.1	91.0	S	0.0
Sollyc_XP_004242007.1	Atha_NP_001321026.1	91.0	S	0.0
Lsat_XP_023753692.1	Atha_NP_001321026.1	91.0	S	0.0
Cofcan_CDP09922.1	Atha_NP_001321026.1	91.0	S	0.0
Sollyc_XP_004242007.1	Atha_NP_001320895.1	91.0	S	0.0
Lsat_XP_023753692.1	Atha_NP_001320895.1	91.0	S	0.0
Cofcan_CDP09922.1	Atha_NP_001320895.1	91.0	S	0.0
Sollyc_XP_004242007.1	Atha_NP_176450.2	91.0	S	0.0
Lsat_XP_023753692.1	Atha_NP_176450.2	91.0	S	0.0
Cofcan_CDP09922.1	Atha_NP_176450.2	91.0	S	0.0
Sollyc_XP_004242007.1	Atha_NP_001323033.1	91.0	S	0.0
Lsat_XP_023753692.1	Atha_NP_001323033.1	91.0	S	0.0
Cofcan_CDP09922.1	Atha_NP_001323033.1	91.0	S	0.0
Sollyc_XP_004242007.1	Atha_NP_176526.1	91.0	S	0.0
Lsat_XP_023753692.1	Atha_NP_176526.1	91.0	S	0.0
Cofcan_CDP09922.1	Atha_NP_176526.1	91.0	S	0.0
Sollyc_XP_004242007.1	Rchi_XP_024175049.2	91.0	S	0.0
Lsat_XP_023753692.1	Rchi_XP_024175049.2	91.0	S	0.0
Cofcan_CDP09922.1	Rchi_XP_024175049.2	91.0	S	0.0
Sollyc_XP_004242007.1	Atha_NP_176761.1	91.0	S	0.0
Lsat_XP_023753692.1	Atha_NP_176761.1	91.0	S	0.0
Cofcan_CDP09922.1	Atha_NP_176761.1	91.0	S	0.0
Sollyc_XP_004242007.1	Mesc_XP_043810293.1	91.0	S	0.0
Lsat_XP_023753692.1	Mesc_XP_043810293.1	91.0	S	0.0
Cofcan_CDP09922.1	Mesc_XP_043810293.1	91.0	S	0.0
Sollyc_XP_004242007.1	Mtru_XP_003611271.3	91.0	S	0.0
Lsat_XP_023753692.1	Mtru_XP_003611271.3	91.0	S	0.0
Cofcan_CDP09922.1	Mtru_XP_003611271.3	91.0	S	0.0
Sollyc_XP_004242007.1	Atha_NP_001321123.1	91.0	S	0.0
Lsat_XP_023753692.1	Atha_NP_001321123.1	91.0	S	0.0
Cofcan_CDP09922.1	Atha_NP_001321123.1	91.0	S	0.0
Sollyc_XP_004242007.1	Bnap_XP_013693411.2	91.0	S	0.0
Lsat_XP_023753692.1	Bnap_XP_013693411.2	91.0	S	0.0
Cofcan_CDP09922.1	Bnap_XP_013693411.2	91.0	S	0.0
Sollyc_XP_004242007.1	Atha_NP_001319303.1	91.0	S	0.0
Lsat_XP_023753692.1	Atha_NP_001319303.1	91.0	S	0.0
Cofcan_CDP09922.1	Atha_NP_001319303.1	91.0	S	0.0
Sollyc_XP_004242007.1	Qlob_XP_030947988.1	91.0	S	0.0
Lsat_XP_023753692.1	Qlob_XP_030947988.1	91.0	S	0.0
Cofcan_CDP09922.1	Qlob_XP_030947988.1	91.0	S	0.0
Sollyc_XP_004242007.1	Rchi_XP_024174810.1	91.0	S	0.0
Lsat_XP_023753692.1	Rchi_XP_024174810.1	91.0	S	0.0
Cofcan_CDP09922.1	Rchi_XP_024174810.1	91.0	S	0.0
Sollyc_XP_004242007.1	Qlob_XP_030948501.1	91.0	S	0.0
Lsat_XP_023753692.1	Qlob_XP_030948501.1	91.0	S	0.0
Cofcan_CDP09922.1	Qlob_XP_030948501.1	91.0	S	0.0
Sollyc_XP_004242007.1	Bnap_XP_022548210.2	91.0	S	0.0
Lsat_XP_023753692.1	Bnap_XP_022548210.2	91.0	S	0.0
Cofcan_CDP09922.1	Bnap_XP_022548210.2	91.0	S	0.0
Sollyc_XP_004242007.1	Bnap_XP_048626012.1	91.0	S	0.0
Lsat_XP_023753692.1	Bnap_XP_048626012.1	91.0	S	0.0
Cofcan_CDP09922.1	Bnap_XP_048626012.1	91.0	S	0.0
Sollyc_XP_004242007.1	Bnap_XP_013644384.1	91.0	S	0.0
Lsat_XP_023753692.1	Bnap_XP_013644384.1	91.0	S	0.0
Cofcan_CDP09922.1	Bnap_XP_013644384.1	91.0	S	0.0
Sollyc_XP_004242007.1	Mesc_XP_021595827.2	91.0	S	0.0
Lsat_XP_023753692.1	Mesc_XP_021595827.2	91.0	S	0.0
Cofcan_CDP09922.1	Mesc_XP_021595827.2	91.0	S	0.0
Sollyc_XP_004242007.1	Mesc_XP_043810291.1	91.0	S	0.0
Lsat_XP_023753692.1	Mesc_XP_043810291.1	91.0	S	0.0
Cofcan_CDP09922.1	Mesc_XP_043810291.1	91.0	S	0.0
Sollyc_XP_004242007.1	Qlob_XP_030945347.1	91.0	S	0.0
Lsat_XP_023753692.1	Qlob_XP_030945347.1	91.0	S	0.0
Cofcan_CDP09922.1	Qlob_XP_030945347.1	91.0	S	0.0
Sollyc_XP_004242007.1	Atha_NP_176446.1	91.0	S	0.0
Lsat_XP_023753692.1	Atha_NP_176446.1	91.0	S	0.0
Cofcan_CDP09922.1	Atha_NP_176446.1	91.0	S	0.0
Sollyc_XP_004242007.1	Qlob_XP_030945346.1	91.0	S	0.0
Lsat_XP_023753692.1	Qlob_XP_030945346.1	91.0	S	0.0
Cofcan_CDP09922.1	Qlob_XP_030945346.1	91.0	S	0.0
Sollyc_XP_004242007.1	Atha_NP_172684.1	91.0	S	0.0
Lsat_XP_023753692.1	Atha_NP_172684.1	91.0	S	0.0
Cofcan_CDP09922.1	Atha_NP_172684.1	91.0	S	0.0
Sollyc_XP_004242007.1	Bnap_XP_013697440.2	91.0	S	0.0
Lsat_XP_023753692.1	Bnap_XP_013697440.2	91.0	S	0.0
Cofcan_CDP09922.1	Bnap_XP_013697440.2	91.0	S	0.0
Sollyc_XP_004242007.1	Rchi_XP_024173440.2	91.0	S	0.0
Lsat_XP_023753692.1	Rchi_XP_024173440.2	91.0	S	0.0
Cofcan_CDP09922.1	Rchi_XP_024173440.2	91.0	S	0.0
Sollyc_XP_004242007.1	Atha_NP_001320894.1	91.0	S	0.0
Lsat_XP_023753692.1	Atha_NP_001320894.1	91.0	S	0.0
Cofcan_CDP09922.1	Atha_NP_001320894.1	91.0	S	0.0
Sollyc_XP_004242007.1	Qlob_XP_030948035.1	91.0	S	0.0
Lsat_XP_023753692.1	Qlob_XP_030948035.1	91.0	S	0.0
Cofcan_CDP09922.1	Qlob_XP_030948035.1	91.0	S	0.0
Sollyc_XP_004242007.1	Bnap_XP_048595737.1	91.0	S	0.0
Lsat_XP_023753692.1	Bnap_XP_048595737.1	91.0	S	0.0
Cofcan_CDP09922.1	Bnap_XP_048595737.1	91.0	S	0.0
Sollyc_XP_004242007.1	Bnap_XP_048590916.1	91.0	S	0.0
Lsat_XP_023753692.1	Bnap_XP_048590916.1	91.0	S	0.0
Cofcan_CDP09922.1	Bnap_XP_048590916.1	91.0	S	0.0
Sollyc_XP_004242007.1	Bnap_XP_013697008.2	91.0	S	0.0
Lsat_XP_023753692.1	Bnap_XP_013697008.2	91.0	S	0.0
Cofcan_CDP09922.1	Bnap_XP_013697008.2	91.0	S	0.0
Qlob_XP_030939389.1	Rchi_XP_024169800.1	97.0	S	0.0
Sollyc_XP_025885903.2	Sollyc_XP_069151676.1	100.0	D	1.0
Sollyc_XP_025885903.2	Sollyc_XP_069151682.1	100.0	D	1.0
Sollyc_XP_025885903.2	Sollyc_XP_069151672.1	100.0	D	1.0
Sollyc_XP_025885903.2	Sollyc_XP_069151681.1	100.0	D	1.0
Sollyc_XP_025885903.2	Sollyc_XP_069151686.1	100.0	D	1.0
Sollyc_XP_025885903.2	Sollyc_XP_069151673.1	100.0	D	1.0
Sollyc_XP_025885903.2	Sollyc_XP_069151678.1	100.0	D	1.0
Sollyc_XP_025885903.2	Sollyc_XP_069151685.1	100.0	D	1.0
Sollyc_XP_025885903.2	Sollyc_XP_069151683.1	100.0	D	1.0
Sollyc_XP_025885903.2	Sollyc_XP_069151674.1	100.0	D	1.0
Sollyc_XP_025885903.2	Sollyc_XP_025885902.2	100.0	D	1.0
Sollyc_XP_025885903.2	Sollyc_XP_069151684.1	100.0	D	1.0
Sollyc_XP_025885903.2	Sollyc_XP_069151670.1	100.0	D	1.0
Sollyc_XP_025885903.2	Sollyc_XP_069151679.1	100.0	D	1.0
Sollyc_XP_025885903.2	Sollyc_XP_069151671.1	100.0	D	1.0
Sollyc_XP_025885903.2	Sollyc_XP_069151680.1	100.0	D	1.0
Sollyc_XP_025885903.2	Sollyc_XP_069151675.1	100.0	D	1.0
Sollyc_XP_025885903.2	Sollyc_XP_069151677.1	100.0	D	1.0
Osat_XP_015645667.1	Osat_XP_015644839.2	100.0	D	1.0
Ecur_TVU13135.1	Ecur_TVU40258.1	100.0	D	1.0
Ecur_TVU40253.1	Ecur_TVU40270.1	100.0	D	1.0
Zmay_XP_008653582.1	Zmay_XP_008651930.1	100.0	D	1.0
Zmay_NP_001142250.1	Zmay_NP_001351852.1	100.0	D	1.0
Zmay_NP_001142250.1	Zmay_XP_023156398.1	100.0	D	1.0
Tura_XP_048573688.1	Tura_XP_048561221.1	100.0	D	1.0
Bdis_XP_003572628.1	Bdis_XP_014756589.1	100.0	D	1.0
Osat_XP_015645432.1	Osat_XP_025882478.1	1.0	D	1.0
Tura_XP_048531116.1	Bdis_XP_010228459.1	70.0	S	0.0
Bdis_XP_003581020.2	Ecur_TVU41329.1	67.0	S	0.0
Osat_XP_015624769.1	Ecur_TVU41329.1	67.0	S	0.0
Bdis_XP_003581020.2	Ecur_TVU13134.1	67.0	S	0.0
Osat_XP_015624769.1	Ecur_TVU13134.1	67.0	S	0.0
Bdis_XP_003581020.2	Ecur_TVU40261.1	67.0	S	0.0
Osat_XP_015624769.1	Ecur_TVU40261.1	67.0	S	0.0
Bdis_XP_003581020.2	Ecur_TVU40260.1	67.0	S	0.0
Osat_XP_015624769.1	Ecur_TVU40260.1	67.0	S	0.0
Bdis_XP_003581020.2	Ecur_TVU13139.1	67.0	S	0.0
Osat_XP_015624769.1	Ecur_TVU13139.1	67.0	S	0.0
Bdis_XP_003571014.2	Bdis_XP_024316986.1	100.0	D	1.0
Zmay_NP_001352651.1	Osat_XP_066161105.1	89.0	S	0.0
Zmay_XP_008666304.1	Osat_XP_066161105.1	89.0	S	0.0
Zmay_XP_035820392.1	Osat_XP_066161105.1	89.0	S	0.0
Zmay_XP_020402916.1	Osat_XP_066161105.1	89.0	S	0.0
Zmay_XP_020402920.1	Osat_XP_066161105.1	89.0	S	0.0
Zmay_NP_001352651.1	Osat_XP_066161106.1	89.0	S	0.0
Zmay_XP_008666304.1	Osat_XP_066161106.1	89.0	S	0.0
Zmay_XP_035820392.1	Osat_XP_066161106.1	89.0	S	0.0
Zmay_XP_020402916.1	Osat_XP_066161106.1	89.0	S	0.0
Zmay_XP_020402920.1	Osat_XP_066161106.1	89.0	S	0.0
Zmay_NP_001352651.1	Osat_XP_066161107.1	89.0	S	0.0
Zmay_XP_008666304.1	Osat_XP_066161107.1	89.0	S	0.0
Zmay_XP_035820392.1	Osat_XP_066161107.1	89.0	S	0.0
Zmay_XP_020402916.1	Osat_XP_066161107.1	89.0	S	0.0
Zmay_XP_020402920.1	Osat_XP_066161107.1	89.0	S	0.0
Zmay_NP_001352651.1	Osat_XP_066161104.1	89.0	S	0.0
Zmay_XP_008666304.1	Osat_XP_066161104.1	89.0	S	0.0
Zmay_XP_035820392.1	Osat_XP_066161104.1	89.0	S	0.0
Zmay_XP_020402916.1	Osat_XP_066161104.1	89.0	S	0.0
Zmay_XP_020402920.1	Osat_XP_066161104.1	89.0	S	0.0
Zmay_NP_001352651.1	Tura_XP_048553305.1	89.0	S	0.0
Zmay_XP_008666304.1	Tura_XP_048553305.1	89.0	S	0.0
Zmay_XP_035820392.1	Tura_XP_048553305.1	89.0	S	0.0
Zmay_XP_020402916.1	Tura_XP_048553305.1	89.0	S	0.0
Zmay_XP_020402920.1	Tura_XP_048553305.1	89.0	S	0.0
Psat_XP_050873161.1	Mtru_XP_003627754.1	98.0	S	0.0
Psat_XP_050873161.1	Mtru_XP_003627756.1	98.0	S	0.0
Qlob_XP_030966386.1	Lsat_XP_052621438.1	86.0	S	0.0
Qlob_XP_030966386.1	Lsat_XP_023745386.1	86.0	S	0.0
Qlob_XP_030966386.1	Cofcan_CDP19514.1	86.0	S	0.0
Qlob_XP_030966386.1	Lsat_XP_052621439.1	86.0	S	0.0
Qlob_XP_030966386.1	Lsat_XP_023734510.1	86.0	S	0.0
Qlob_XP_030966386.1	Cofcan_CDP07973.1	86.0	S	0.0
Qlob_XP_030966386.1	Lsat_XP_023734513.1	86.0	S	0.0
Qlob_XP_030966386.1	Sollyc_XP_004240053.2	86.0	S	0.0
Qlob_XP_030966386.1	Lsat_XP_023733540.1	86.0	S	0.0
Qlob_XP_030966386.1	Cofcan_CDP12510.1	86.0	S	0.0
Qlob_XP_030966386.1	Cofcan_CDP19511.1	86.0	S	0.0
Qlob_XP_030966386.1	Sollyc_XP_069154261.1	86.0	S	0.0
Qlob_XP_030966386.1	Lsat_XP_023733544.1	86.0	S	0.0
Lsat_XP_023753692.1	Sollyc_XP_004242007.1	100.0	S	0.0
Lsat_XP_023753692.1	Cofcan_CDP09922.1	100.0	S	0.0
Psat_XP_050907108.1	Atha_NP_172680.1	80.0	S	0.0
Mtru_XP_003611271.3	Atha_NP_172680.1	80.0	S	0.0
Mtru_XP_024641006.1	Atha_NP_172680.1	80.0	S	0.0
Psat_XP_050907108.1	Atha_NP_172677.1	80.0	S	0.0
Mtru_XP_003611271.3	Atha_NP_172677.1	80.0	S	0.0
Mtru_XP_024641006.1	Atha_NP_172677.1	80.0	S	0.0
Psat_XP_050907108.1	Qlob_XP_030947989.1	80.0	S	0.0
Mtru_XP_003611271.3	Qlob_XP_030947989.1	80.0	S	0.0
Mtru_XP_024641006.1	Qlob_XP_030947989.1	80.0	S	0.0
Psat_XP_050907108.1	Atha_NP_172678.3	80.0	S	0.0
Mtru_XP_003611271.3	Atha_NP_172678.3	80.0	S	0.0
Mtru_XP_024641006.1	Atha_NP_172678.3	80.0	S	0.0
Psat_XP_050907108.1	Bnap_XP_013742428.1	80.0	S	0.0
Mtru_XP_003611271.3	Bnap_XP_013742428.1	80.0	S	0.0
Mtru_XP_024641006.1	Bnap_XP_013742428.1	80.0	S	0.0
Psat_XP_050907108.1	Atha_NP_001320337.1	80.0	S	0.0
Mtru_XP_003611271.3	Atha_NP_001320337.1	80.0	S	0.0
Mtru_XP_024641006.1	Atha_NP_001320337.1	80.0	S	0.0
Psat_XP_050907108.1	Atha_NP_564796.1	80.0	S	0.0
Mtru_XP_003611271.3	Atha_NP_564796.1	80.0	S	0.0
Mtru_XP_024641006.1	Atha_NP_564796.1	80.0	S	0.0
Psat_XP_050907108.1	Atha_NP_001323101.1	80.0	S	0.0
Mtru_XP_003611271.3	Atha_NP_001323101.1	80.0	S	0.0
Mtru_XP_024641006.1	Atha_NP_001323101.1	80.0	S	0.0
Psat_XP_050907108.1	Rchi_XP_024168687.2	80.0	S	0.0
Mtru_XP_003611271.3	Rchi_XP_024168687.2	80.0	S	0.0
Mtru_XP_024641006.1	Rchi_XP_024168687.2	80.0	S	0.0
Psat_XP_050907108.1	Rchi_XP_024174979.1	80.0	S	0.0
Mtru_XP_003611271.3	Rchi_XP_024174979.1	80.0	S	0.0
Mtru_XP_024641006.1	Rchi_XP_024174979.1	80.0	S	0.0
Psat_XP_050907108.1	Mesc_XP_021605089.1	80.0	S	0.0
Mtru_XP_003611271.3	Mesc_XP_021605089.1	80.0	S	0.0
Mtru_XP_024641006.1	Mesc_XP_021605089.1	80.0	S	0.0
Psat_XP_050907108.1	Atha_NP_176523.4	80.0	S	0.0
Mtru_XP_003611271.3	Atha_NP_176523.4	80.0	S	0.0
Mtru_XP_024641006.1	Atha_NP_176523.4	80.0	S	0.0
Psat_XP_050907108.1	Atha_NP_001322976.1	80.0	S	0.0
Mtru_XP_003611271.3	Atha_NP_001322976.1	80.0	S	0.0
Mtru_XP_024641006.1	Atha_NP_001322976.1	80.0	S	0.0
Psat_XP_050907108.1	Rchi_XP_024174811.1	80.0	S	0.0
Mtru_XP_003611271.3	Rchi_XP_024174811.1	80.0	S	0.0
Mtru_XP_024641006.1	Rchi_XP_024174811.1	80.0	S	0.0
Psat_XP_050907108.1	Bnap_XP_013708496.2	80.0	S	0.0
Mtru_XP_003611271.3	Bnap_XP_013708496.2	80.0	S	0.0
Mtru_XP_024641006.1	Bnap_XP_013708496.2	80.0	S	0.0
Psat_XP_050907108.1	Qlob_XP_030948502.1	80.0	S	0.0
Mtru_XP_003611271.3	Qlob_XP_030948502.1	80.0	S	0.0
Mtru_XP_024641006.1	Qlob_XP_030948502.1	80.0	S	0.0
Psat_XP_050907108.1	Atha_NP_001077522.1	80.0	S	0.0
Mtru_XP_003611271.3	Atha_NP_001077522.1	80.0	S	0.0
Mtru_XP_024641006.1	Atha_NP_001077522.1	80.0	S	0.0
Psat_XP_050907108.1	Bnap_XP_048626011.1	80.0	S	0.0
Mtru_XP_003611271.3	Bnap_XP_048626011.1	80.0	S	0.0
Mtru_XP_024641006.1	Bnap_XP_048626011.1	80.0	S	0.0
Psat_XP_050907108.1	Mesc_XP_021632152.1	80.0	S	0.0
Mtru_XP_003611271.3	Mesc_XP_021632152.1	80.0	S	0.0
Mtru_XP_024641006.1	Mesc_XP_021632152.1	80.0	S	0.0
Psat_XP_050907108.1	Atha_NP_176444.1	80.0	S	0.0
Mtru_XP_003611271.3	Atha_NP_176444.1	80.0	S	0.0
Mtru_XP_024641006.1	Atha_NP_176444.1	80.0	S	0.0
Psat_XP_050907108.1	Atha_NP_001321124.1	80.0	S	0.0
Mtru_XP_003611271.3	Atha_NP_001321124.1	80.0	S	0.0
Mtru_XP_024641006.1	Atha_NP_001321124.1	80.0	S	0.0
Psat_XP_050907108.1	Rchi_XP_024168689.2	80.0	S	0.0
Mtru_XP_003611271.3	Rchi_XP_024168689.2	80.0	S	0.0
Mtru_XP_024641006.1	Rchi_XP_024168689.2	80.0	S	0.0
Psat_XP_050907108.1	Bnap_XP_013711135.2	80.0	S	0.0
Mtru_XP_003611271.3	Bnap_XP_013711135.2	80.0	S	0.0
Mtru_XP_024641006.1	Bnap_XP_013711135.2	80.0	S	0.0
Psat_XP_050907108.1	Bnap_XP_013657481.2	80.0	S	0.0
Mtru_XP_003611271.3	Bnap_XP_013657481.2	80.0	S	0.0
Mtru_XP_024641006.1	Bnap_XP_013657481.2	80.0	S	0.0
Psat_XP_050907108.1	Atha_NP_001323223.1	80.0	S	0.0
Mtru_XP_003611271.3	Atha_NP_001323223.1	80.0	S	0.0
Mtru_XP_024641006.1	Atha_NP_001323223.1	80.0	S	0.0
Psat_XP_050907108.1	Bnap_XP_013677877.1	80.0	S	0.0
Mtru_XP_003611271.3	Bnap_XP_013677877.1	80.0	S	0.0
Mtru_XP_024641006.1	Bnap_XP_013677877.1	80.0	S	0.0
Psat_XP_050907108.1	Atha_NP_176448.1	80.0	S	0.0
Mtru_XP_003611271.3	Atha_NP_176448.1	80.0	S	0.0
Mtru_XP_024641006.1	Atha_NP_176448.1	80.0	S	0.0
Psat_XP_050907108.1	Qlob_XP_030948503.1	80.0	S	0.0
Mtru_XP_003611271.3	Qlob_XP_030948503.1	80.0	S	0.0
Mtru_XP_024641006.1	Qlob_XP_030948503.1	80.0	S	0.0
Psat_XP_050907108.1	Atha_NP_564797.1	80.0	S	0.0
Mtru_XP_003611271.3	Atha_NP_564797.1	80.0	S	0.0
Mtru_XP_024641006.1	Atha_NP_564797.1	80.0	S	0.0
Psat_XP_050907108.1	Mesc_XP_021631397.1	80.0	S	0.0
Mtru_XP_003611271.3	Mesc_XP_021631397.1	80.0	S	0.0
Mtru_XP_024641006.1	Mesc_XP_021631397.1	80.0	S	0.0
Psat_XP_050907108.1	Atha_NP_001321026.1	80.0	S	0.0
Mtru_XP_003611271.3	Atha_NP_001321026.1	80.0	S	0.0
Mtru_XP_024641006.1	Atha_NP_001321026.1	80.0	S	0.0
Psat_XP_050907108.1	Atha_NP_001320895.1	80.0	S	0.0
Mtru_XP_003611271.3	Atha_NP_001320895.1	80.0	S	0.0
Mtru_XP_024641006.1	Atha_NP_001320895.1	80.0	S	0.0
Psat_XP_050907108.1	Atha_NP_176450.2	80.0	S	0.0
Mtru_XP_003611271.3	Atha_NP_176450.2	80.0	S	0.0
Mtru_XP_024641006.1	Atha_NP_176450.2	80.0	S	0.0
Psat_XP_050907108.1	Atha_NP_001323033.1	80.0	S	0.0
Mtru_XP_003611271.3	Atha_NP_001323033.1	80.0	S	0.0
Mtru_XP_024641006.1	Atha_NP_001323033.1	80.0	S	0.0
Psat_XP_050907108.1	Atha_NP_176526.1	80.0	S	0.0
Mtru_XP_003611271.3	Atha_NP_176526.1	80.0	S	0.0
Mtru_XP_024641006.1	Atha_NP_176526.1	80.0	S	0.0
Psat_XP_050907108.1	Rchi_XP_024175049.2	80.0	S	0.0
Mtru_XP_003611271.3	Rchi_XP_024175049.2	80.0	S	0.0
Mtru_XP_024641006.1	Rchi_XP_024175049.2	80.0	S	0.0
Psat_XP_050907108.1	Atha_NP_176761.1	80.0	S	0.0
Mtru_XP_003611271.3	Atha_NP_176761.1	80.0	S	0.0
Mtru_XP_024641006.1	Atha_NP_176761.1	80.0	S	0.0
Psat_XP_050907108.1	Mesc_XP_043810293.1	80.0	S	0.0
Mtru_XP_003611271.3	Mesc_XP_043810293.1	80.0	S	0.0
Mtru_XP_024641006.1	Mesc_XP_043810293.1	80.0	S	0.0
Psat_XP_050907108.1	Atha_NP_001321123.1	80.0	S	0.0
Mtru_XP_003611271.3	Atha_NP_001321123.1	80.0	S	0.0
Mtru_XP_024641006.1	Atha_NP_001321123.1	80.0	S	0.0
Psat_XP_050907108.1	Bnap_XP_013693411.2	80.0	S	0.0
Mtru_XP_003611271.3	Bnap_XP_013693411.2	80.0	S	0.0
Mtru_XP_024641006.1	Bnap_XP_013693411.2	80.0	S	0.0
Psat_XP_050907108.1	Atha_NP_001319303.1	80.0	S	0.0
Mtru_XP_003611271.3	Atha_NP_001319303.1	80.0	S	0.0
Mtru_XP_024641006.1	Atha_NP_001319303.1	80.0	S	0.0
Psat_XP_050907108.1	Qlob_XP_030947988.1	80.0	S	0.0
Mtru_XP_003611271.3	Qlob_XP_030947988.1	80.0	S	0.0
Mtru_XP_024641006.1	Qlob_XP_030947988.1	80.0	S	0.0
Psat_XP_050907108.1	Rchi_XP_024174810.1	80.0	S	0.0
Mtru_XP_003611271.3	Rchi_XP_024174810.1	80.0	S	0.0
Mtru_XP_024641006.1	Rchi_XP_024174810.1	80.0	S	0.0
Psat_XP_050907108.1	Qlob_XP_030948501.1	80.0	S	0.0
Mtru_XP_003611271.3	Qlob_XP_030948501.1	80.0	S	0.0
Mtru_XP_024641006.1	Qlob_XP_030948501.1	80.0	S	0.0
Psat_XP_050907108.1	Bnap_XP_022548210.2	80.0	S	0.0
Mtru_XP_003611271.3	Bnap_XP_022548210.2	80.0	S	0.0
Mtru_XP_024641006.1	Bnap_XP_022548210.2	80.0	S	0.0
Psat_XP_050907108.1	Bnap_XP_048626012.1	80.0	S	0.0
Mtru_XP_003611271.3	Bnap_XP_048626012.1	80.0	S	0.0
Mtru_XP_024641006.1	Bnap_XP_048626012.1	80.0	S	0.0
Psat_XP_050907108.1	Bnap_XP_013644384.1	80.0	S	0.0
Mtru_XP_003611271.3	Bnap_XP_013644384.1	80.0	S	0.0
Mtru_XP_024641006.1	Bnap_XP_013644384.1	80.0	S	0.0
Psat_XP_050907108.1	Mesc_XP_021595827.2	80.0	S	0.0
Mtru_XP_003611271.3	Mesc_XP_021595827.2	80.0	S	0.0
Mtru_XP_024641006.1	Mesc_XP_021595827.2	80.0	S	0.0
Psat_XP_050907108.1	Mesc_XP_043810291.1	80.0	S	0.0
Mtru_XP_003611271.3	Mesc_XP_043810291.1	80.0	S	0.0
Mtru_XP_024641006.1	Mesc_XP_043810291.1	80.0	S	0.0
Psat_XP_050907108.1	Qlob_XP_030945347.1	80.0	S	0.0
Mtru_XP_003611271.3	Qlob_XP_030945347.1	80.0	S	0.0
Mtru_XP_024641006.1	Qlob_XP_030945347.1	80.0	S	0.0
Psat_XP_050907108.1	Atha_NP_176446.1	80.0	S	0.0
Mtru_XP_003611271.3	Atha_NP_176446.1	80.0	S	0.0
Mtru_XP_024641006.1	Atha_NP_176446.1	80.0	S	0.0
Psat_XP_050907108.1	Qlob_XP_030945346.1	80.0	S	0.0
Mtru_XP_003611271.3	Qlob_XP_030945346.1	80.0	S	0.0
Mtru_XP_024641006.1	Qlob_XP_030945346.1	80.0	S	0.0
Psat_XP_050907108.1	Atha_NP_172684.1	80.0	S	0.0
Mtru_XP_003611271.3	Atha_NP_172684.1	80.0	S	0.0
Mtru_XP_024641006.1	Atha_NP_172684.1	80.0	S	0.0
Psat_XP_050907108.1	Bnap_XP_013697440.2	80.0	S	0.0
Mtru_XP_003611271.3	Bnap_XP_013697440.2	80.0	S	0.0
Mtru_XP_024641006.1	Bnap_XP_013697440.2	80.0	S	0.0
Psat_XP_050907108.1	Rchi_XP_024173440.2	80.0	S	0.0
Mtru_XP_003611271.3	Rchi_XP_024173440.2	80.0	S	0.0
Mtru_XP_024641006.1	Rchi_XP_024173440.2	80.0	S	0.0
Psat_XP_050907108.1	Atha_NP_001320894.1	80.0	S	0.0
Mtru_XP_003611271.3	Atha_NP_001320894.1	80.0	S	0.0
Mtru_XP_024641006.1	Atha_NP_001320894.1	80.0	S	0.0
Psat_XP_050907108.1	Qlob_XP_030948035.1	80.0	S	0.0
Mtru_XP_003611271.3	Qlob_XP_030948035.1	80.0	S	0.0
Mtru_XP_024641006.1	Qlob_XP_030948035.1	80.0	S	0.0
Psat_XP_050907108.1	Bnap_XP_048595737.1	80.0	S	0.0
Mtru_XP_003611271.3	Bnap_XP_048595737.1	80.0	S	0.0
Mtru_XP_024641006.1	Bnap_XP_048595737.1	80.0	S	0.0
Psat_XP_050907108.1	Bnap_XP_048590916.1	80.0	S	0.0
Mtru_XP_003611271.3	Bnap_XP_048590916.1	80.0	S	0.0
Mtru_XP_024641006.1	Bnap_XP_048590916.1	80.0	S	0.0
Psat_XP_050907108.1	Bnap_XP_013697008.2	80.0	S	0.0
Mtru_XP_003611271.3	Bnap_XP_013697008.2	80.0	S	0.0
Mtru_XP_024641006.1	Bnap_XP_013697008.2	80.0	S	0.0
Sollyc_XP_025885902.2	Sollyc_XP_069151676.1	19.0	D	1.0
Sollyc_XP_025885902.2	Sollyc_XP_069151682.1	19.0	D	1.0
Sollyc_XP_025885902.2	Sollyc_XP_069151672.1	19.0	D	1.0
Sollyc_XP_025885902.2	Sollyc_XP_069151681.1	19.0	D	1.0
Sollyc_XP_025885902.2	Sollyc_XP_069151686.1	19.0	D	1.0
Sollyc_XP_025885902.2	Sollyc_XP_069151673.1	19.0	D	1.0
Sollyc_XP_025885902.2	Sollyc_XP_069151678.1	19.0	D	1.0
Sollyc_XP_025885902.2	Sollyc_XP_069151685.1	19.0	D	1.0
Sollyc_XP_025885902.2	Sollyc_XP_069151683.1	19.0	D	1.0
Sollyc_XP_025885902.2	Sollyc_XP_069151674.1	19.0	D	1.0
Sollyc_XP_025885902.2	Sollyc_XP_069151684.1	19.0	D	1.0
Sollyc_XP_025885902.2	Sollyc_XP_069151670.1	19.0	D	1.0
Sollyc_XP_025885902.2	Sollyc_XP_069151679.1	19.0	D	1.0
Sollyc_XP_025885902.2	Sollyc_XP_069151671.1	19.0	D	1.0
Sollyc_XP_025885902.2	Sollyc_XP_069151680.1	19.0	D	1.0
Sollyc_XP_025885902.2	Sollyc_XP_069151675.1	19.0	D	1.0
Sollyc_XP_025885902.2	Sollyc_XP_069151677.1	19.0	D	1.0
Zmay_NP_001351852.1	Zmay_XP_023156398.1	100.0	D	1.0
Osat_XP_015624769.1	Bdis_XP_003581020.2	70.0	S	0.0
Ecur_TVU41329.1	Ecur_TVU13139.1	92.0	D	1.0
Ecur_TVU41329.1	Ecur_TVU40260.1	92.0	D	1.0
Ecur_TVU41329.1	Ecur_TVU13134.1	92.0	D	1.0
Ecur_TVU41329.1	Ecur_TVU40261.1	92.0	D	1.0
Zmay_XP_035820392.1	Zmay_XP_020402916.1	100.0	D	1.0
Zmay_XP_020402920.1	Zmay_XP_020402916.1	100.0	D	1.0
Zmay_XP_035820392.1	Zmay_NP_001352651.1	100.0	D	1.0
Zmay_XP_020402920.1	Zmay_NP_001352651.1	100.0	D	1.0
Zmay_XP_035820392.1	Zmay_XP_008666304.1	100.0	D	1.0
Zmay_XP_020402920.1	Zmay_XP_008666304.1	100.0	D	1.0
Tura_XP_048553305.1	Osat_XP_066161107.1	92.0	S	0.0
Tura_XP_048553305.1	Osat_XP_066161105.1	92.0	S	0.0
Tura_XP_048553305.1	Osat_XP_066161104.1	92.0	S	0.0
Tura_XP_048553305.1	Osat_XP_066161106.1	92.0	S	0.0
Mtru_XP_003627756.1	Mtru_XP_003627754.1	99.0	D	1.0
Cofcan_CDP07973.1	Lsat_XP_052621438.1	95.0	S	0.0
Cofcan_CDP19514.1	Lsat_XP_052621438.1	95.0	S	0.0
Sollyc_XP_004240053.2	Lsat_XP_052621438.1	95.0	S	0.0
Cofcan_CDP12510.1	Lsat_XP_052621438.1	95.0	S	0.0
Cofcan_CDP19511.1	Lsat_XP_052621438.1	95.0	S	0.0
Sollyc_XP_069154261.1	Lsat_XP_052621438.1	95.0	S	0.0
Cofcan_CDP07973.1	Lsat_XP_023745386.1	95.0	S	0.0
Cofcan_CDP19514.1	Lsat_XP_023745386.1	95.0	S	0.0
Sollyc_XP_004240053.2	Lsat_XP_023745386.1	95.0	S	0.0
Cofcan_CDP12510.1	Lsat_XP_023745386.1	95.0	S	0.0
Cofcan_CDP19511.1	Lsat_XP_023745386.1	95.0	S	0.0
Sollyc_XP_069154261.1	Lsat_XP_023745386.1	95.0	S	0.0
Cofcan_CDP07973.1	Lsat_XP_052621439.1	95.0	S	0.0
Cofcan_CDP19514.1	Lsat_XP_052621439.1	95.0	S	0.0
Sollyc_XP_004240053.2	Lsat_XP_052621439.1	95.0	S	0.0
Cofcan_CDP12510.1	Lsat_XP_052621439.1	95.0	S	0.0
Cofcan_CDP19511.1	Lsat_XP_052621439.1	95.0	S	0.0
Sollyc_XP_069154261.1	Lsat_XP_052621439.1	95.0	S	0.0
Cofcan_CDP07973.1	Lsat_XP_023734510.1	95.0	S	0.0
Cofcan_CDP19514.1	Lsat_XP_023734510.1	95.0	S	0.0
Sollyc_XP_004240053.2	Lsat_XP_023734510.1	95.0	S	0.0
Cofcan_CDP12510.1	Lsat_XP_023734510.1	95.0	S	0.0
Cofcan_CDP19511.1	Lsat_XP_023734510.1	95.0	S	0.0
Sollyc_XP_069154261.1	Lsat_XP_023734510.1	95.0	S	0.0
Cofcan_CDP07973.1	Lsat_XP_023734513.1	95.0	S	0.0
Cofcan_CDP19514.1	Lsat_XP_023734513.1	95.0	S	0.0
Sollyc_XP_004240053.2	Lsat_XP_023734513.1	95.0	S	0.0
Cofcan_CDP12510.1	Lsat_XP_023734513.1	95.0	S	0.0
Cofcan_CDP19511.1	Lsat_XP_023734513.1	95.0	S	0.0
Sollyc_XP_069154261.1	Lsat_XP_023734513.1	95.0	S	0.0
Cofcan_CDP07973.1	Lsat_XP_023733540.1	95.0	S	0.0
Cofcan_CDP19514.1	Lsat_XP_023733540.1	95.0	S	0.0
Sollyc_XP_004240053.2	Lsat_XP_023733540.1	95.0	S	0.0
Cofcan_CDP12510.1	Lsat_XP_023733540.1	95.0	S	0.0
Cofcan_CDP19511.1	Lsat_XP_023733540.1	95.0	S	0.0
Sollyc_XP_069154261.1	Lsat_XP_023733540.1	95.0	S	0.0
Cofcan_CDP07973.1	Lsat_XP_023733544.1	95.0	S	0.0
Cofcan_CDP19514.1	Lsat_XP_023733544.1	95.0	S	0.0
Sollyc_XP_004240053.2	Lsat_XP_023733544.1	95.0	S	0.0
Cofcan_CDP12510.1	Lsat_XP_023733544.1	95.0	S	0.0
Cofcan_CDP19511.1	Lsat_XP_023733544.1	95.0	S	0.0
Sollyc_XP_069154261.1	Lsat_XP_023733544.1	95.0	S	0.0
Sollyc_XP_004242007.1	Cofcan_CDP09922.1	100.0	S	0.0
Psat_XP_050907108.1	Mtru_XP_003611271.3	100.0	S	0.0
Psat_XP_050907108.1	Mtru_XP_024641006.1	100.0	S	0.0
Rchi_XP_024174811.1	Atha_NP_172680.1	67.0	S	0.0
Rchi_XP_024168689.2	Atha_NP_172680.1	67.0	S	0.0
Rchi_XP_024175049.2	Atha_NP_172680.1	67.0	S	0.0
Rchi_XP_024173440.2	Atha_NP_172680.1	67.0	S	0.0
Rchi_XP_024168687.2	Atha_NP_172680.1	67.0	S	0.0
Rchi_XP_024174979.1	Atha_NP_172680.1	67.0	S	0.0
Rchi_XP_024174810.1	Atha_NP_172680.1	67.0	S	0.0
Rchi_XP_024174811.1	Atha_NP_172677.1	67.0	S	0.0
Rchi_XP_024168689.2	Atha_NP_172677.1	67.0	S	0.0
Rchi_XP_024175049.2	Atha_NP_172677.1	67.0	S	0.0
Rchi_XP_024173440.2	Atha_NP_172677.1	67.0	S	0.0
Rchi_XP_024168687.2	Atha_NP_172677.1	67.0	S	0.0
Rchi_XP_024174979.1	Atha_NP_172677.1	67.0	S	0.0
Rchi_XP_024174810.1	Atha_NP_172677.1	67.0	S	0.0
Rchi_XP_024174811.1	Qlob_XP_030947989.1	67.0	S	0.0
Rchi_XP_024168689.2	Qlob_XP_030947989.1	67.0	S	0.0
Rchi_XP_024175049.2	Qlob_XP_030947989.1	67.0	S	0.0
Rchi_XP_024173440.2	Qlob_XP_030947989.1	67.0	S	0.0
Rchi_XP_024168687.2	Qlob_XP_030947989.1	67.0	S	0.0
Rchi_XP_024174979.1	Qlob_XP_030947989.1	67.0	S	0.0
Rchi_XP_024174810.1	Qlob_XP_030947989.1	67.0	S	0.0
Rchi_XP_024174811.1	Atha_NP_172678.3	67.0	S	0.0
Rchi_XP_024168689.2	Atha_NP_172678.3	67.0	S	0.0
Rchi_XP_024175049.2	Atha_NP_172678.3	67.0	S	0.0
Rchi_XP_024173440.2	Atha_NP_172678.3	67.0	S	0.0
Rchi_XP_024168687.2	Atha_NP_172678.3	67.0	S	0.0
Rchi_XP_024174979.1	Atha_NP_172678.3	67.0	S	0.0
Rchi_XP_024174810.1	Atha_NP_172678.3	67.0	S	0.0
Rchi_XP_024174811.1	Bnap_XP_013742428.1	67.0	S	0.0
Rchi_XP_024168689.2	Bnap_XP_013742428.1	67.0	S	0.0
Rchi_XP_024175049.2	Bnap_XP_013742428.1	67.0	S	0.0
Rchi_XP_024173440.2	Bnap_XP_013742428.1	67.0	S	0.0
Rchi_XP_024168687.2	Bnap_XP_013742428.1	67.0	S	0.0
Rchi_XP_024174979.1	Bnap_XP_013742428.1	67.0	S	0.0
Rchi_XP_024174810.1	Bnap_XP_013742428.1	67.0	S	0.0
Rchi_XP_024174811.1	Atha_NP_001320337.1	67.0	S	0.0
Rchi_XP_024168689.2	Atha_NP_001320337.1	67.0	S	0.0
Rchi_XP_024175049.2	Atha_NP_001320337.1	67.0	S	0.0
Rchi_XP_024173440.2	Atha_NP_001320337.1	67.0	S	0.0
Rchi_XP_024168687.2	Atha_NP_001320337.1	67.0	S	0.0
Rchi_XP_024174979.1	Atha_NP_001320337.1	67.0	S	0.0
Rchi_XP_024174810.1	Atha_NP_001320337.1	67.0	S	0.0
Rchi_XP_024174811.1	Atha_NP_564796.1	67.0	S	0.0
Rchi_XP_024168689.2	Atha_NP_564796.1	67.0	S	0.0
Rchi_XP_024175049.2	Atha_NP_564796.1	67.0	S	0.0
Rchi_XP_024173440.2	Atha_NP_564796.1	67.0	S	0.0
Rchi_XP_024168687.2	Atha_NP_564796.1	67.0	S	0.0
Rchi_XP_024174979.1	Atha_NP_564796.1	67.0	S	0.0
Rchi_XP_024174810.1	Atha_NP_564796.1	67.0	S	0.0
Rchi_XP_024174811.1	Atha_NP_001323101.1	67.0	S	0.0
Rchi_XP_024168689.2	Atha_NP_001323101.1	67.0	S	0.0
Rchi_XP_024175049.2	Atha_NP_001323101.1	67.0	S	0.0
Rchi_XP_024173440.2	Atha_NP_001323101.1	67.0	S	0.0
Rchi_XP_024168687.2	Atha_NP_001323101.1	67.0	S	0.0
Rchi_XP_024174979.1	Atha_NP_001323101.1	67.0	S	0.0
Rchi_XP_024174810.1	Atha_NP_001323101.1	67.0	S	0.0
Rchi_XP_024174811.1	Mesc_XP_021605089.1	67.0	S	0.0
Rchi_XP_024168689.2	Mesc_XP_021605089.1	67.0	S	0.0
Rchi_XP_024175049.2	Mesc_XP_021605089.1	67.0	S	0.0
Rchi_XP_024173440.2	Mesc_XP_021605089.1	67.0	S	0.0
Rchi_XP_024168687.2	Mesc_XP_021605089.1	67.0	S	0.0
Rchi_XP_024174979.1	Mesc_XP_021605089.1	67.0	S	0.0
Rchi_XP_024174810.1	Mesc_XP_021605089.1	67.0	S	0.0
Rchi_XP_024174811.1	Atha_NP_176523.4	67.0	S	0.0
Rchi_XP_024168689.2	Atha_NP_176523.4	67.0	S	0.0
Rchi_XP_024175049.2	Atha_NP_176523.4	67.0	S	0.0
Rchi_XP_024173440.2	Atha_NP_176523.4	67.0	S	0.0
Rchi_XP_024168687.2	Atha_NP_176523.4	67.0	S	0.0
Rchi_XP_024174979.1	Atha_NP_176523.4	67.0	S	0.0
Rchi_XP_024174810.1	Atha_NP_176523.4	67.0	S	0.0
Rchi_XP_024174811.1	Atha_NP_001322976.1	67.0	S	0.0
Rchi_XP_024168689.2	Atha_NP_001322976.1	67.0	S	0.0
Rchi_XP_024175049.2	Atha_NP_001322976.1	67.0	S	0.0
Rchi_XP_024173440.2	Atha_NP_001322976.1	67.0	S	0.0
Rchi_XP_024168687.2	Atha_NP_001322976.1	67.0	S	0.0
Rchi_XP_024174979.1	Atha_NP_001322976.1	67.0	S	0.0
Rchi_XP_024174810.1	Atha_NP_001322976.1	67.0	S	0.0
Rchi_XP_024174811.1	Bnap_XP_013708496.2	67.0	S	0.0
Rchi_XP_024168689.2	Bnap_XP_013708496.2	67.0	S	0.0
Rchi_XP_024175049.2	Bnap_XP_013708496.2	67.0	S	0.0
Rchi_XP_024173440.2	Bnap_XP_013708496.2	67.0	S	0.0
Rchi_XP_024168687.2	Bnap_XP_013708496.2	67.0	S	0.0
Rchi_XP_024174979.1	Bnap_XP_013708496.2	67.0	S	0.0
Rchi_XP_024174810.1	Bnap_XP_013708496.2	67.0	S	0.0
Rchi_XP_024174811.1	Qlob_XP_030948502.1	67.0	S	0.0
Rchi_XP_024168689.2	Qlob_XP_030948502.1	67.0	S	0.0
Rchi_XP_024175049.2	Qlob_XP_030948502.1	67.0	S	0.0
Rchi_XP_024173440.2	Qlob_XP_030948502.1	67.0	S	0.0
Rchi_XP_024168687.2	Qlob_XP_030948502.1	67.0	S	0.0
Rchi_XP_024174979.1	Qlob_XP_030948502.1	67.0	S	0.0
Rchi_XP_024174810.1	Qlob_XP_030948502.1	67.0	S	0.0
Rchi_XP_024174811.1	Atha_NP_001077522.1	67.0	S	0.0
Rchi_XP_024168689.2	Atha_NP_001077522.1	67.0	S	0.0
Rchi_XP_024175049.2	Atha_NP_001077522.1	67.0	S	0.0
Rchi_XP_024173440.2	Atha_NP_001077522.1	67.0	S	0.0
Rchi_XP_024168687.2	Atha_NP_001077522.1	67.0	S	0.0
Rchi_XP_024174979.1	Atha_NP_001077522.1	67.0	S	0.0
Rchi_XP_024174810.1	Atha_NP_001077522.1	67.0	S	0.0
Rchi_XP_024174811.1	Bnap_XP_048626011.1	67.0	S	0.0
Rchi_XP_024168689.2	Bnap_XP_048626011.1	67.0	S	0.0
Rchi_XP_024175049.2	Bnap_XP_048626011.1	67.0	S	0.0
Rchi_XP_024173440.2	Bnap_XP_048626011.1	67.0	S	0.0
Rchi_XP_024168687.2	Bnap_XP_048626011.1	67.0	S	0.0
Rchi_XP_024174979.1	Bnap_XP_048626011.1	67.0	S	0.0
Rchi_XP_024174810.1	Bnap_XP_048626011.1	67.0	S	0.0
Rchi_XP_024174811.1	Mesc_XP_021632152.1	67.0	S	0.0
Rchi_XP_024168689.2	Mesc_XP_021632152.1	67.0	S	0.0
Rchi_XP_024175049.2	Mesc_XP_021632152.1	67.0	S	0.0
Rchi_XP_024173440.2	Mesc_XP_021632152.1	67.0	S	0.0
Rchi_XP_024168687.2	Mesc_XP_021632152.1	67.0	S	0.0
Rchi_XP_024174979.1	Mesc_XP_021632152.1	67.0	S	0.0
Rchi_XP_024174810.1	Mesc_XP_021632152.1	67.0	S	0.0
Rchi_XP_024174811.1	Atha_NP_176444.1	67.0	S	0.0
Rchi_XP_024168689.2	Atha_NP_176444.1	67.0	S	0.0
Rchi_XP_024175049.2	Atha_NP_176444.1	67.0	S	0.0
Rchi_XP_024173440.2	Atha_NP_176444.1	67.0	S	0.0
Rchi_XP_024168687.2	Atha_NP_176444.1	67.0	S	0.0
Rchi_XP_024174979.1	Atha_NP_176444.1	67.0	S	0.0
Rchi_XP_024174810.1	Atha_NP_176444.1	67.0	S	0.0
Rchi_XP_024174811.1	Atha_NP_001321124.1	67.0	S	0.0
Rchi_XP_024168689.2	Atha_NP_001321124.1	67.0	S	0.0
Rchi_XP_024175049.2	Atha_NP_001321124.1	67.0	S	0.0
Rchi_XP_024173440.2	Atha_NP_001321124.1	67.0	S	0.0
Rchi_XP_024168687.2	Atha_NP_001321124.1	67.0	S	0.0
Rchi_XP_024174979.1	Atha_NP_001321124.1	67.0	S	0.0
Rchi_XP_024174810.1	Atha_NP_001321124.1	67.0	S	0.0
Rchi_XP_024174811.1	Bnap_XP_013711135.2	67.0	S	0.0
Rchi_XP_024168689.2	Bnap_XP_013711135.2	67.0	S	0.0
Rchi_XP_024175049.2	Bnap_XP_013711135.2	67.0	S	0.0
Rchi_XP_024173440.2	Bnap_XP_013711135.2	67.0	S	0.0
Rchi_XP_024168687.2	Bnap_XP_013711135.2	67.0	S	0.0
Rchi_XP_024174979.1	Bnap_XP_013711135.2	67.0	S	0.0
Rchi_XP_024174810.1	Bnap_XP_013711135.2	67.0	S	0.0
Rchi_XP_024174811.1	Bnap_XP_013657481.2	67.0	S	0.0
Rchi_XP_024168689.2	Bnap_XP_013657481.2	67.0	S	0.0
Rchi_XP_024175049.2	Bnap_XP_013657481.2	67.0	S	0.0
Rchi_XP_024173440.2	Bnap_XP_013657481.2	67.0	S	0.0
Rchi_XP_024168687.2	Bnap_XP_013657481.2	67.0	S	0.0
Rchi_XP_024174979.1	Bnap_XP_013657481.2	67.0	S	0.0
Rchi_XP_024174810.1	Bnap_XP_013657481.2	67.0	S	0.0
Rchi_XP_024174811.1	Atha_NP_001323223.1	67.0	S	0.0
Rchi_XP_024168689.2	Atha_NP_001323223.1	67.0	S	0.0
Rchi_XP_024175049.2	Atha_NP_001323223.1	67.0	S	0.0
Rchi_XP_024173440.2	Atha_NP_001323223.1	67.0	S	0.0
Rchi_XP_024168687.2	Atha_NP_001323223.1	67.0	S	0.0
Rchi_XP_024174979.1	Atha_NP_001323223.1	67.0	S	0.0
Rchi_XP_024174810.1	Atha_NP_001323223.1	67.0	S	0.0
Rchi_XP_024174811.1	Bnap_XP_013677877.1	67.0	S	0.0
Rchi_XP_024168689.2	Bnap_XP_013677877.1	67.0	S	0.0
Rchi_XP_024175049.2	Bnap_XP_013677877.1	67.0	S	0.0
Rchi_XP_024173440.2	Bnap_XP_013677877.1	67.0	S	0.0
Rchi_XP_024168687.2	Bnap_XP_013677877.1	67.0	S	0.0
Rchi_XP_024174979.1	Bnap_XP_013677877.1	67.0	S	0.0
Rchi_XP_024174810.1	Bnap_XP_013677877.1	67.0	S	0.0
Rchi_XP_024174811.1	Atha_NP_176448.1	67.0	S	0.0
Rchi_XP_024168689.2	Atha_NP_176448.1	67.0	S	0.0
Rchi_XP_024175049.2	Atha_NP_176448.1	67.0	S	0.0
Rchi_XP_024173440.2	Atha_NP_176448.1	67.0	S	0.0
Rchi_XP_024168687.2	Atha_NP_176448.1	67.0	S	0.0
Rchi_XP_024174979.1	Atha_NP_176448.1	67.0	S	0.0
Rchi_XP_024174810.1	Atha_NP_176448.1	67.0	S	0.0
Rchi_XP_024174811.1	Qlob_XP_030948503.1	67.0	S	0.0
Rchi_XP_024168689.2	Qlob_XP_030948503.1	67.0	S	0.0
Rchi_XP_024175049.2	Qlob_XP_030948503.1	67.0	S	0.0
Rchi_XP_024173440.2	Qlob_XP_030948503.1	67.0	S	0.0
Rchi_XP_024168687.2	Qlob_XP_030948503.1	67.0	S	0.0
Rchi_XP_024174979.1	Qlob_XP_030948503.1	67.0	S	0.0
Rchi_XP_024174810.1	Qlob_XP_030948503.1	67.0	S	0.0
Rchi_XP_024174811.1	Atha_NP_564797.1	67.0	S	0.0
Rchi_XP_024168689.2	Atha_NP_564797.1	67.0	S	0.0
Rchi_XP_024175049.2	Atha_NP_564797.1	67.0	S	0.0
Rchi_XP_024173440.2	Atha_NP_564797.1	67.0	S	0.0
Rchi_XP_024168687.2	Atha_NP_564797.1	67.0	S	0.0
Rchi_XP_024174979.1	Atha_NP_564797.1	67.0	S	0.0
Rchi_XP_024174810.1	Atha_NP_564797.1	67.0	S	0.0
Rchi_XP_024174811.1	Mesc_XP_021631397.1	67.0	S	0.0
Rchi_XP_024168689.2	Mesc_XP_021631397.1	67.0	S	0.0
Rchi_XP_024175049.2	Mesc_XP_021631397.1	67.0	S	0.0
Rchi_XP_024173440.2	Mesc_XP_021631397.1	67.0	S	0.0
Rchi_XP_024168687.2	Mesc_XP_021631397.1	67.0	S	0.0
Rchi_XP_024174979.1	Mesc_XP_021631397.1	67.0	S	0.0
Rchi_XP_024174810.1	Mesc_XP_021631397.1	67.0	S	0.0
Rchi_XP_024174811.1	Atha_NP_001321026.1	67.0	S	0.0
Rchi_XP_024168689.2	Atha_NP_001321026.1	67.0	S	0.0
Rchi_XP_024175049.2	Atha_NP_001321026.1	67.0	S	0.0
Rchi_XP_024173440.2	Atha_NP_001321026.1	67.0	S	0.0
Rchi_XP_024168687.2	Atha_NP_001321026.1	67.0	S	0.0
Rchi_XP_024174979.1	Atha_NP_001321026.1	67.0	S	0.0
Rchi_XP_024174810.1	Atha_NP_001321026.1	67.0	S	0.0
Rchi_XP_024174811.1	Atha_NP_001320895.1	67.0	S	0.0
Rchi_XP_024168689.2	Atha_NP_001320895.1	67.0	S	0.0
Rchi_XP_024175049.2	Atha_NP_001320895.1	67.0	S	0.0
Rchi_XP_024173440.2	Atha_NP_001320895.1	67.0	S	0.0
Rchi_XP_024168687.2	Atha_NP_001320895.1	67.0	S	0.0
Rchi_XP_024174979.1	Atha_NP_001320895.1	67.0	S	0.0
Rchi_XP_024174810.1	Atha_NP_001320895.1	67.0	S	0.0
Rchi_XP_024174811.1	Atha_NP_176450.2	67.0	S	0.0
Rchi_XP_024168689.2	Atha_NP_176450.2	67.0	S	0.0
Rchi_XP_024175049.2	Atha_NP_176450.2	67.0	S	0.0
Rchi_XP_024173440.2	Atha_NP_176450.2	67.0	S	0.0
Rchi_XP_024168687.2	Atha_NP_176450.2	67.0	S	0.0
Rchi_XP_024174979.1	Atha_NP_176450.2	67.0	S	0.0
Rchi_XP_024174810.1	Atha_NP_176450.2	67.0	S	0.0
Rchi_XP_024174811.1	Atha_NP_001323033.1	67.0	S	0.0
Rchi_XP_024168689.2	Atha_NP_001323033.1	67.0	S	0.0
Rchi_XP_024175049.2	Atha_NP_001323033.1	67.0	S	0.0
Rchi_XP_024173440.2	Atha_NP_001323033.1	67.0	S	0.0
Rchi_XP_024168687.2	Atha_NP_001323033.1	67.0	S	0.0
Rchi_XP_024174979.1	Atha_NP_001323033.1	67.0	S	0.0
Rchi_XP_024174810.1	Atha_NP_001323033.1	67.0	S	0.0
Rchi_XP_024174811.1	Atha_NP_176526.1	67.0	S	0.0
Rchi_XP_024168689.2	Atha_NP_176526.1	67.0	S	0.0
Rchi_XP_024175049.2	Atha_NP_176526.1	67.0	S	0.0
Rchi_XP_024173440.2	Atha_NP_176526.1	67.0	S	0.0
Rchi_XP_024168687.2	Atha_NP_176526.1	67.0	S	0.0
Rchi_XP_024174979.1	Atha_NP_176526.1	67.0	S	0.0
Rchi_XP_024174810.1	Atha_NP_176526.1	67.0	S	0.0
Rchi_XP_024174811.1	Atha_NP_176761.1	67.0	S	0.0
Rchi_XP_024168689.2	Atha_NP_176761.1	67.0	S	0.0
Rchi_XP_024175049.2	Atha_NP_176761.1	67.0	S	0.0
Rchi_XP_024173440.2	Atha_NP_176761.1	67.0	S	0.0
Rchi_XP_024168687.2	Atha_NP_176761.1	67.0	S	0.0
Rchi_XP_024174979.1	Atha_NP_176761.1	67.0	S	0.0
Rchi_XP_024174810.1	Atha_NP_176761.1	67.0	S	0.0
Rchi_XP_024174811.1	Mesc_XP_043810293.1	67.0	S	0.0
Rchi_XP_024168689.2	Mesc_XP_043810293.1	67.0	S	0.0
Rchi_XP_024175049.2	Mesc_XP_043810293.1	67.0	S	0.0
Rchi_XP_024173440.2	Mesc_XP_043810293.1	67.0	S	0.0
Rchi_XP_024168687.2	Mesc_XP_043810293.1	67.0	S	0.0
Rchi_XP_024174979.1	Mesc_XP_043810293.1	67.0	S	0.0
Rchi_XP_024174810.1	Mesc_XP_043810293.1	67.0	S	0.0
Rchi_XP_024174811.1	Atha_NP_001321123.1	67.0	S	0.0
Rchi_XP_024168689.2	Atha_NP_001321123.1	67.0	S	0.0
Rchi_XP_024175049.2	Atha_NP_001321123.1	67.0	S	0.0
Rchi_XP_024173440.2	Atha_NP_001321123.1	67.0	S	0.0
Rchi_XP_024168687.2	Atha_NP_001321123.1	67.0	S	0.0
Rchi_XP_024174979.1	Atha_NP_001321123.1	67.0	S	0.0
Rchi_XP_024174810.1	Atha_NP_001321123.1	67.0	S	0.0
Rchi_XP_024174811.1	Bnap_XP_013693411.2	67.0	S	0.0
Rchi_XP_024168689.2	Bnap_XP_013693411.2	67.0	S	0.0
Rchi_XP_024175049.2	Bnap_XP_013693411.2	67.0	S	0.0
Rchi_XP_024173440.2	Bnap_XP_013693411.2	67.0	S	0.0
Rchi_XP_024168687.2	Bnap_XP_013693411.2	67.0	S	0.0
Rchi_XP_024174979.1	Bnap_XP_013693411.2	67.0	S	0.0
Rchi_XP_024174810.1	Bnap_XP_013693411.2	67.0	S	0.0
Rchi_XP_024174811.1	Atha_NP_001319303.1	67.0	S	0.0
Rchi_XP_024168689.2	Atha_NP_001319303.1	67.0	S	0.0
Rchi_XP_024175049.2	Atha_NP_001319303.1	67.0	S	0.0
Rchi_XP_024173440.2	Atha_NP_001319303.1	67.0	S	0.0
Rchi_XP_024168687.2	Atha_NP_001319303.1	67.0	S	0.0
Rchi_XP_024174979.1	Atha_NP_001319303.1	67.0	S	0.0
Rchi_XP_024174810.1	Atha_NP_001319303.1	67.0	S	0.0
Rchi_XP_024174811.1	Qlob_XP_030947988.1	67.0	S	0.0
Rchi_XP_024168689.2	Qlob_XP_030947988.1	67.0	S	0.0
Rchi_XP_024175049.2	Qlob_XP_030947988.1	67.0	S	0.0
Rchi_XP_024173440.2	Qlob_XP_030947988.1	67.0	S	0.0
Rchi_XP_024168687.2	Qlob_XP_030947988.1	67.0	S	0.0
Rchi_XP_024174979.1	Qlob_XP_030947988.1	67.0	S	0.0
Rchi_XP_024174810.1	Qlob_XP_030947988.1	67.0	S	0.0
Rchi_XP_024174811.1	Qlob_XP_030948501.1	67.0	S	0.0
Rchi_XP_024168689.2	Qlob_XP_030948501.1	67.0	S	0.0
Rchi_XP_024175049.2	Qlob_XP_030948501.1	67.0	S	0.0
Rchi_XP_024173440.2	Qlob_XP_030948501.1	67.0	S	0.0
Rchi_XP_024168687.2	Qlob_XP_030948501.1	67.0	S	0.0
Rchi_XP_024174979.1	Qlob_XP_030948501.1	67.0	S	0.0
Rchi_XP_024174810.1	Qlob_XP_030948501.1	67.0	S	0.0
Rchi_XP_024174811.1	Bnap_XP_022548210.2	67.0	S	0.0
Rchi_XP_024168689.2	Bnap_XP_022548210.2	67.0	S	0.0
Rchi_XP_024175049.2	Bnap_XP_022548210.2	67.0	S	0.0
Rchi_XP_024173440.2	Bnap_XP_022548210.2	67.0	S	0.0
Rchi_XP_024168687.2	Bnap_XP_022548210.2	67.0	S	0.0
Rchi_XP_024174979.1	Bnap_XP_022548210.2	67.0	S	0.0
Rchi_XP_024174810.1	Bnap_XP_022548210.2	67.0	S	0.0
Rchi_XP_024174811.1	Bnap_XP_048626012.1	67.0	S	0.0
Rchi_XP_024168689.2	Bnap_XP_048626012.1	67.0	S	0.0
Rchi_XP_024175049.2	Bnap_XP_048626012.1	67.0	S	0.0
Rchi_XP_024173440.2	Bnap_XP_048626012.1	67.0	S	0.0
Rchi_XP_024168687.2	Bnap_XP_048626012.1	67.0	S	0.0
Rchi_XP_024174979.1	Bnap_XP_048626012.1	67.0	S	0.0
Rchi_XP_024174810.1	Bnap_XP_048626012.1	67.0	S	0.0
Rchi_XP_024174811.1	Bnap_XP_013644384.1	67.0	S	0.0
Rchi_XP_024168689.2	Bnap_XP_013644384.1	67.0	S	0.0
Rchi_XP_024175049.2	Bnap_XP_013644384.1	67.0	S	0.0
Rchi_XP_024173440.2	Bnap_XP_013644384.1	67.0	S	0.0
Rchi_XP_024168687.2	Bnap_XP_013644384.1	67.0	S	0.0
Rchi_XP_024174979.1	Bnap_XP_013644384.1	67.0	S	0.0
Rchi_XP_024174810.1	Bnap_XP_013644384.1	67.0	S	0.0
Rchi_XP_024174811.1	Mesc_XP_021595827.2	67.0	S	0.0
Rchi_XP_024168689.2	Mesc_XP_021595827.2	67.0	S	0.0
Rchi_XP_024175049.2	Mesc_XP_021595827.2	67.0	S	0.0
Rchi_XP_024173440.2	Mesc_XP_021595827.2	67.0	S	0.0
Rchi_XP_024168687.2	Mesc_XP_021595827.2	67.0	S	0.0
Rchi_XP_024174979.1	Mesc_XP_021595827.2	67.0	S	0.0
Rchi_XP_024174810.1	Mesc_XP_021595827.2	67.0	S	0.0
Rchi_XP_024174811.1	Mesc_XP_043810291.1	67.0	S	0.0
Rchi_XP_024168689.2	Mesc_XP_043810291.1	67.0	S	0.0
Rchi_XP_024175049.2	Mesc_XP_043810291.1	67.0	S	0.0
Rchi_XP_024173440.2	Mesc_XP_043810291.1	67.0	S	0.0
Rchi_XP_024168687.2	Mesc_XP_043810291.1	67.0	S	0.0
Rchi_XP_024174979.1	Mesc_XP_043810291.1	67.0	S	0.0
Rchi_XP_024174810.1	Mesc_XP_043810291.1	67.0	S	0.0
Rchi_XP_024174811.1	Qlob_XP_030945347.1	67.0	S	0.0
Rchi_XP_024168689.2	Qlob_XP_030945347.1	67.0	S	0.0
Rchi_XP_024175049.2	Qlob_XP_030945347.1	67.0	S	0.0
Rchi_XP_024173440.2	Qlob_XP_030945347.1	67.0	S	0.0
Rchi_XP_024168687.2	Qlob_XP_030945347.1	67.0	S	0.0
Rchi_XP_024174979.1	Qlob_XP_030945347.1	67.0	S	0.0
Rchi_XP_024174810.1	Qlob_XP_030945347.1	67.0	S	0.0
Rchi_XP_024174811.1	Atha_NP_176446.1	67.0	S	0.0
Rchi_XP_024168689.2	Atha_NP_176446.1	67.0	S	0.0
Rchi_XP_024175049.2	Atha_NP_176446.1	67.0	S	0.0
Rchi_XP_024173440.2	Atha_NP_176446.1	67.0	S	0.0
Rchi_XP_024168687.2	Atha_NP_176446.1	67.0	S	0.0
Rchi_XP_024174979.1	Atha_NP_176446.1	67.0	S	0.0
Rchi_XP_024174810.1	Atha_NP_176446.1	67.0	S	0.0
Rchi_XP_024174811.1	Qlob_XP_030945346.1	67.0	S	0.0
Rchi_XP_024168689.2	Qlob_XP_030945346.1	67.0	S	0.0
Rchi_XP_024175049.2	Qlob_XP_030945346.1	67.0	S	0.0
Rchi_XP_024173440.2	Qlob_XP_030945346.1	67.0	S	0.0
Rchi_XP_024168687.2	Qlob_XP_030945346.1	67.0	S	0.0
Rchi_XP_024174979.1	Qlob_XP_030945346.1	67.0	S	0.0
Rchi_XP_024174810.1	Qlob_XP_030945346.1	67.0	S	0.0
Rchi_XP_024174811.1	Atha_NP_172684.1	67.0	S	0.0
Rchi_XP_024168689.2	Atha_NP_172684.1	67.0	S	0.0
Rchi_XP_024175049.2	Atha_NP_172684.1	67.0	S	0.0
Rchi_XP_024173440.2	Atha_NP_172684.1	67.0	S	0.0
Rchi_XP_024168687.2	Atha_NP_172684.1	67.0	S	0.0
Rchi_XP_024174979.1	Atha_NP_172684.1	67.0	S	0.0
Rchi_XP_024174810.1	Atha_NP_172684.1	67.0	S	0.0
Rchi_XP_024174811.1	Bnap_XP_013697440.2	67.0	S	0.0
Rchi_XP_024168689.2	Bnap_XP_013697440.2	67.0	S	0.0
Rchi_XP_024175049.2	Bnap_XP_013697440.2	67.0	S	0.0
Rchi_XP_024173440.2	Bnap_XP_013697440.2	67.0	S	0.0
Rchi_XP_024168687.2	Bnap_XP_013697440.2	67.0	S	0.0
Rchi_XP_024174979.1	Bnap_XP_013697440.2	67.0	S	0.0
Rchi_XP_024174810.1	Bnap_XP_013697440.2	67.0	S	0.0
Rchi_XP_024174811.1	Atha_NP_001320894.1	67.0	S	0.0
Rchi_XP_024168689.2	Atha_NP_001320894.1	67.0	S	0.0
Rchi_XP_024175049.2	Atha_NP_001320894.1	67.0	S	0.0
Rchi_XP_024173440.2	Atha_NP_001320894.1	67.0	S	0.0
Rchi_XP_024168687.2	Atha_NP_001320894.1	67.0	S	0.0
Rchi_XP_024174979.1	Atha_NP_001320894.1	67.0	S	0.0
Rchi_XP_024174810.1	Atha_NP_001320894.1	67.0	S	0.0
Rchi_XP_024174811.1	Qlob_XP_030948035.1	67.0	S	0.0
Rchi_XP_024168689.2	Qlob_XP_030948035.1	67.0	S	0.0
Rchi_XP_024175049.2	Qlob_XP_030948035.1	67.0	S	0.0
Rchi_XP_024173440.2	Qlob_XP_030948035.1	67.0	S	0.0
Rchi_XP_024168687.2	Qlob_XP_030948035.1	67.0	S	0.0
Rchi_XP_024174979.1	Qlob_XP_030948035.1	67.0	S	0.0
Rchi_XP_024174810.1	Qlob_XP_030948035.1	67.0	S	0.0
Rchi_XP_024174811.1	Bnap_XP_048595737.1	67.0	S	0.0
Rchi_XP_024168689.2	Bnap_XP_048595737.1	67.0	S	0.0
Rchi_XP_024175049.2	Bnap_XP_048595737.1	67.0	S	0.0
Rchi_XP_024173440.2	Bnap_XP_048595737.1	67.0	S	0.0
Rchi_XP_024168687.2	Bnap_XP_048595737.1	67.0	S	0.0
Rchi_XP_024174979.1	Bnap_XP_048595737.1	67.0	S	0.0
Rchi_XP_024174810.1	Bnap_XP_048595737.1	67.0	S	0.0
Rchi_XP_024174811.1	Bnap_XP_048590916.1	67.0	S	0.0
Rchi_XP_024168689.2	Bnap_XP_048590916.1	67.0	S	0.0
Rchi_XP_024175049.2	Bnap_XP_048590916.1	67.0	S	0.0
Rchi_XP_024173440.2	Bnap_XP_048590916.1	67.0	S	0.0
Rchi_XP_024168687.2	Bnap_XP_048590916.1	67.0	S	0.0
Rchi_XP_024174979.1	Bnap_XP_048590916.1	67.0	S	0.0
Rchi_XP_024174810.1	Bnap_XP_048590916.1	67.0	S	0.0
Rchi_XP_024174811.1	Bnap_XP_013697008.2	67.0	S	0.0
Rchi_XP_024168689.2	Bnap_XP_013697008.2	67.0	S	0.0
Rchi_XP_024175049.2	Bnap_XP_013697008.2	67.0	S	0.0
Rchi_XP_024173440.2	Bnap_XP_013697008.2	67.0	S	0.0
Rchi_XP_024168687.2	Bnap_XP_013697008.2	67.0	S	0.0
Rchi_XP_024174979.1	Bnap_XP_013697008.2	67.0	S	0.0
Rchi_XP_024174810.1	Bnap_XP_013697008.2	67.0	S	0.0
Sollyc_XP_069151671.1	Sollyc_XP_069151676.1	22.0	D	1.0
Sollyc_XP_069151671.1	Sollyc_XP_069151682.1	22.0	D	1.0
Sollyc_XP_069151671.1	Sollyc_XP_069151672.1	22.0	D	1.0
Sollyc_XP_069151671.1	Sollyc_XP_069151681.1	22.0	D	1.0
Sollyc_XP_069151671.1	Sollyc_XP_069151686.1	22.0	D	1.0
Sollyc_XP_069151671.1	Sollyc_XP_069151673.1	22.0	D	1.0
Sollyc_XP_069151671.1	Sollyc_XP_069151678.1	22.0	D	1.0
Sollyc_XP_069151671.1	Sollyc_XP_069151685.1	22.0	D	1.0
Sollyc_XP_069151671.1	Sollyc_XP_069151683.1	22.0	D	1.0
Sollyc_XP_069151671.1	Sollyc_XP_069151674.1	22.0	D	1.0
Sollyc_XP_069151671.1	Sollyc_XP_069151684.1	22.0	D	1.0
Sollyc_XP_069151671.1	Sollyc_XP_069151670.1	22.0	D	1.0
Sollyc_XP_069151671.1	Sollyc_XP_069151679.1	22.0	D	1.0
Sollyc_XP_069151671.1	Sollyc_XP_069151680.1	22.0	D	1.0
Sollyc_XP_069151671.1	Sollyc_XP_069151675.1	22.0	D	1.0
Sollyc_XP_069151671.1	Sollyc_XP_069151677.1	22.0	D	1.0
Ecur_TVU13139.1	Ecur_TVU40260.1	100.0	D	1.0
Ecur_TVU13139.1	Ecur_TVU13134.1	100.0	D	1.0
Ecur_TVU13139.1	Ecur_TVU40261.1	100.0	D	1.0
Zmay_XP_035820392.1	Zmay_XP_020402920.1	100.0	D	1.0
Zmay_XP_020402916.1	Zmay_NP_001352651.1	100.0	D	1.0
Zmay_XP_020402916.1	Zmay_XP_008666304.1	100.0	D	1.0
Osat_XP_066161106.1	Osat_XP_066161107.1	100.0	D	1.0
Osat_XP_066161106.1	Osat_XP_066161105.1	100.0	D	1.0
Osat_XP_066161106.1	Osat_XP_066161104.1	100.0	D	1.0
Sollyc_XP_004240053.2	Cofcan_CDP12510.1	96.0	S	0.0
Sollyc_XP_069154261.1	Cofcan_CDP12510.1	96.0	S	0.0
Sollyc_XP_004240053.2	Cofcan_CDP19511.1	96.0	S	0.0
Sollyc_XP_069154261.1	Cofcan_CDP19511.1	96.0	S	0.0
Sollyc_XP_004240053.2	Cofcan_CDP07973.1	96.0	S	0.0
Sollyc_XP_069154261.1	Cofcan_CDP07973.1	96.0	S	0.0
Sollyc_XP_004240053.2	Cofcan_CDP19514.1	96.0	S	0.0
Sollyc_XP_069154261.1	Cofcan_CDP19514.1	96.0	S	0.0
Lsat_XP_023734513.1	Lsat_XP_052621438.1	100.0	D	1.0
Lsat_XP_023734510.1	Lsat_XP_052621438.1	100.0	D	1.0
Lsat_XP_023734513.1	Lsat_XP_023745386.1	100.0	D	1.0
Lsat_XP_023734510.1	Lsat_XP_023745386.1	100.0	D	1.0
Lsat_XP_023734513.1	Lsat_XP_052621439.1	100.0	D	1.0
Lsat_XP_023734510.1	Lsat_XP_052621439.1	100.0	D	1.0
Lsat_XP_023734513.1	Lsat_XP_023733540.1	100.0	D	1.0
Lsat_XP_023734510.1	Lsat_XP_023733540.1	100.0	D	1.0
Lsat_XP_023734513.1	Lsat_XP_023733544.1	100.0	D	1.0
Lsat_XP_023734510.1	Lsat_XP_023733544.1	100.0	D	1.0
Mtru_XP_003611271.3	Mtru_XP_024641006.1	100.0	D	1.0
Rchi_XP_024173440.2	Rchi_XP_024174811.1	100.0	D	1.0
Rchi_XP_024173440.2	Rchi_XP_024168689.2	100.0	D	1.0
Rchi_XP_024173440.2	Rchi_XP_024175049.2	100.0	D	1.0
Rchi_XP_024173440.2	Rchi_XP_024168687.2	100.0	D	1.0
Rchi_XP_024173440.2	Rchi_XP_024174979.1	100.0	D	1.0
Rchi_XP_024173440.2	Rchi_XP_024174810.1	100.0	D	1.0
Qlob_XP_030948501.1	Atha_NP_172680.1	68.0	S	0.0
Qlob_XP_030947989.1	Atha_NP_172680.1	68.0	S	0.0
Qlob_XP_030945347.1	Atha_NP_172680.1	68.0	S	0.0
Qlob_XP_030948502.1	Atha_NP_172680.1	68.0	S	0.0
Qlob_XP_030945346.1	Atha_NP_172680.1	68.0	S	0.0
Qlob_XP_030948503.1	Atha_NP_172680.1	68.0	S	0.0
Qlob_XP_030948035.1	Atha_NP_172680.1	68.0	S	0.0
Qlob_XP_030947988.1	Atha_NP_172680.1	68.0	S	0.0
Qlob_XP_030948501.1	Atha_NP_172677.1	68.0	S	0.0
Qlob_XP_030947989.1	Atha_NP_172677.1	68.0	S	0.0
Qlob_XP_030945347.1	Atha_NP_172677.1	68.0	S	0.0
Qlob_XP_030948502.1	Atha_NP_172677.1	68.0	S	0.0
Qlob_XP_030945346.1	Atha_NP_172677.1	68.0	S	0.0
Qlob_XP_030948503.1	Atha_NP_172677.1	68.0	S	0.0
Qlob_XP_030948035.1	Atha_NP_172677.1	68.0	S	0.0
Qlob_XP_030947988.1	Atha_NP_172677.1	68.0	S	0.0
Qlob_XP_030948501.1	Atha_NP_172678.3	68.0	S	0.0
Qlob_XP_030947989.1	Atha_NP_172678.3	68.0	S	0.0
Qlob_XP_030945347.1	Atha_NP_172678.3	68.0	S	0.0
Qlob_XP_030948502.1	Atha_NP_172678.3	68.0	S	0.0
Qlob_XP_030945346.1	Atha_NP_172678.3	68.0	S	0.0
Qlob_XP_030948503.1	Atha_NP_172678.3	68.0	S	0.0
Qlob_XP_030948035.1	Atha_NP_172678.3	68.0	S	0.0
Qlob_XP_030947988.1	Atha_NP_172678.3	68.0	S	0.0
Qlob_XP_030948501.1	Bnap_XP_013742428.1	68.0	S	0.0
Qlob_XP_030947989.1	Bnap_XP_013742428.1	68.0	S	0.0
Qlob_XP_030945347.1	Bnap_XP_013742428.1	68.0	S	0.0
Qlob_XP_030948502.1	Bnap_XP_013742428.1	68.0	S	0.0
Qlob_XP_030945346.1	Bnap_XP_013742428.1	68.0	S	0.0
Qlob_XP_030948503.1	Bnap_XP_013742428.1	68.0	S	0.0
Qlob_XP_030948035.1	Bnap_XP_013742428.1	68.0	S	0.0
Qlob_XP_030947988.1	Bnap_XP_013742428.1	68.0	S	0.0
Qlob_XP_030948501.1	Atha_NP_001320337.1	68.0	S	0.0
Qlob_XP_030947989.1	Atha_NP_001320337.1	68.0	S	0.0
Qlob_XP_030945347.1	Atha_NP_001320337.1	68.0	S	0.0
Qlob_XP_030948502.1	Atha_NP_001320337.1	68.0	S	0.0
Qlob_XP_030945346.1	Atha_NP_001320337.1	68.0	S	0.0
Qlob_XP_030948503.1	Atha_NP_001320337.1	68.0	S	0.0
Qlob_XP_030948035.1	Atha_NP_001320337.1	68.0	S	0.0
Qlob_XP_030947988.1	Atha_NP_001320337.1	68.0	S	0.0
Qlob_XP_030948501.1	Atha_NP_564796.1	68.0	S	0.0
Qlob_XP_030947989.1	Atha_NP_564796.1	68.0	S	0.0
Qlob_XP_030945347.1	Atha_NP_564796.1	68.0	S	0.0
Qlob_XP_030948502.1	Atha_NP_564796.1	68.0	S	0.0
Qlob_XP_030945346.1	Atha_NP_564796.1	68.0	S	0.0
Qlob_XP_030948503.1	Atha_NP_564796.1	68.0	S	0.0
Qlob_XP_030948035.1	Atha_NP_564796.1	68.0	S	0.0
Qlob_XP_030947988.1	Atha_NP_564796.1	68.0	S	0.0
Qlob_XP_030948501.1	Atha_NP_001323101.1	68.0	S	0.0
Qlob_XP_030947989.1	Atha_NP_001323101.1	68.0	S	0.0
Qlob_XP_030945347.1	Atha_NP_001323101.1	68.0	S	0.0
Qlob_XP_030948502.1	Atha_NP_001323101.1	68.0	S	0.0
Qlob_XP_030945346.1	Atha_NP_001323101.1	68.0	S	0.0
Qlob_XP_030948503.1	Atha_NP_001323101.1	68.0	S	0.0
Qlob_XP_030948035.1	Atha_NP_001323101.1	68.0	S	0.0
Qlob_XP_030947988.1	Atha_NP_001323101.1	68.0	S	0.0
Qlob_XP_030948501.1	Mesc_XP_021605089.1	68.0	S	0.0
Qlob_XP_030947989.1	Mesc_XP_021605089.1	68.0	S	0.0
Qlob_XP_030945347.1	Mesc_XP_021605089.1	68.0	S	0.0
Qlob_XP_030948502.1	Mesc_XP_021605089.1	68.0	S	0.0
Qlob_XP_030945346.1	Mesc_XP_021605089.1	68.0	S	0.0
Qlob_XP_030948503.1	Mesc_XP_021605089.1	68.0	S	0.0
Qlob_XP_030948035.1	Mesc_XP_021605089.1	68.0	S	0.0
Qlob_XP_030947988.1	Mesc_XP_021605089.1	68.0	S	0.0
Qlob_XP_030948501.1	Atha_NP_176523.4	68.0	S	0.0
Qlob_XP_030947989.1	Atha_NP_176523.4	68.0	S	0.0
Qlob_XP_030945347.1	Atha_NP_176523.4	68.0	S	0.0
Qlob_XP_030948502.1	Atha_NP_176523.4	68.0	S	0.0
Qlob_XP_030945346.1	Atha_NP_176523.4	68.0	S	0.0
Qlob_XP_030948503.1	Atha_NP_176523.4	68.0	S	0.0
Qlob_XP_030948035.1	Atha_NP_176523.4	68.0	S	0.0
Qlob_XP_030947988.1	Atha_NP_176523.4	68.0	S	0.0
Qlob_XP_030948501.1	Atha_NP_001322976.1	68.0	S	0.0
Qlob_XP_030947989.1	Atha_NP_001322976.1	68.0	S	0.0
Qlob_XP_030945347.1	Atha_NP_001322976.1	68.0	S	0.0
Qlob_XP_030948502.1	Atha_NP_001322976.1	68.0	S	0.0
Qlob_XP_030945346.1	Atha_NP_001322976.1	68.0	S	0.0
Qlob_XP_030948503.1	Atha_NP_001322976.1	68.0	S	0.0
Qlob_XP_030948035.1	Atha_NP_001322976.1	68.0	S	0.0
Qlob_XP_030947988.1	Atha_NP_001322976.1	68.0	S	0.0
Qlob_XP_030948501.1	Bnap_XP_013708496.2	68.0	S	0.0
Qlob_XP_030947989.1	Bnap_XP_013708496.2	68.0	S	0.0
Qlob_XP_030945347.1	Bnap_XP_013708496.2	68.0	S	0.0
Qlob_XP_030948502.1	Bnap_XP_013708496.2	68.0	S	0.0
Qlob_XP_030945346.1	Bnap_XP_013708496.2	68.0	S	0.0
Qlob_XP_030948503.1	Bnap_XP_013708496.2	68.0	S	0.0
Qlob_XP_030948035.1	Bnap_XP_013708496.2	68.0	S	0.0
Qlob_XP_030947988.1	Bnap_XP_013708496.2	68.0	S	0.0
Qlob_XP_030948501.1	Atha_NP_001077522.1	68.0	S	0.0
Qlob_XP_030947989.1	Atha_NP_001077522.1	68.0	S	0.0
Qlob_XP_030945347.1	Atha_NP_001077522.1	68.0	S	0.0
Qlob_XP_030948502.1	Atha_NP_001077522.1	68.0	S	0.0
Qlob_XP_030945346.1	Atha_NP_001077522.1	68.0	S	0.0
Qlob_XP_030948503.1	Atha_NP_001077522.1	68.0	S	0.0
Qlob_XP_030948035.1	Atha_NP_001077522.1	68.0	S	0.0
Qlob_XP_030947988.1	Atha_NP_001077522.1	68.0	S	0.0
Qlob_XP_030948501.1	Bnap_XP_048626011.1	68.0	S	0.0
Qlob_XP_030947989.1	Bnap_XP_048626011.1	68.0	S	0.0
Qlob_XP_030945347.1	Bnap_XP_048626011.1	68.0	S	0.0
Qlob_XP_030948502.1	Bnap_XP_048626011.1	68.0	S	0.0
Qlob_XP_030945346.1	Bnap_XP_048626011.1	68.0	S	0.0
Qlob_XP_030948503.1	Bnap_XP_048626011.1	68.0	S	0.0
Qlob_XP_030948035.1	Bnap_XP_048626011.1	68.0	S	0.0
Qlob_XP_030947988.1	Bnap_XP_048626011.1	68.0	S	0.0
Qlob_XP_030948501.1	Mesc_XP_021632152.1	68.0	S	0.0
Qlob_XP_030947989.1	Mesc_XP_021632152.1	68.0	S	0.0
Qlob_XP_030945347.1	Mesc_XP_021632152.1	68.0	S	0.0
Qlob_XP_030948502.1	Mesc_XP_021632152.1	68.0	S	0.0
Qlob_XP_030945346.1	Mesc_XP_021632152.1	68.0	S	0.0
Qlob_XP_030948503.1	Mesc_XP_021632152.1	68.0	S	0.0
Qlob_XP_030948035.1	Mesc_XP_021632152.1	68.0	S	0.0
Qlob_XP_030947988.1	Mesc_XP_021632152.1	68.0	S	0.0
Qlob_XP_030948501.1	Atha_NP_176444.1	68.0	S	0.0
Qlob_XP_030947989.1	Atha_NP_176444.1	68.0	S	0.0
Qlob_XP_030945347.1	Atha_NP_176444.1	68.0	S	0.0
Qlob_XP_030948502.1	Atha_NP_176444.1	68.0	S	0.0
Qlob_XP_030945346.1	Atha_NP_176444.1	68.0	S	0.0
Qlob_XP_030948503.1	Atha_NP_176444.1	68.0	S	0.0
Qlob_XP_030948035.1	Atha_NP_176444.1	68.0	S	0.0
Qlob_XP_030947988.1	Atha_NP_176444.1	68.0	S	0.0
Qlob_XP_030948501.1	Atha_NP_001321124.1	68.0	S	0.0
Qlob_XP_030947989.1	Atha_NP_001321124.1	68.0	S	0.0
Qlob_XP_030945347.1	Atha_NP_001321124.1	68.0	S	0.0
Qlob_XP_030948502.1	Atha_NP_001321124.1	68.0	S	0.0
Qlob_XP_030945346.1	Atha_NP_001321124.1	68.0	S	0.0
Qlob_XP_030948503.1	Atha_NP_001321124.1	68.0	S	0.0
Qlob_XP_030948035.1	Atha_NP_001321124.1	68.0	S	0.0
Qlob_XP_030947988.1	Atha_NP_001321124.1	68.0	S	0.0
Qlob_XP_030948501.1	Bnap_XP_013711135.2	68.0	S	0.0
Qlob_XP_030947989.1	Bnap_XP_013711135.2	68.0	S	0.0
Qlob_XP_030945347.1	Bnap_XP_013711135.2	68.0	S	0.0
Qlob_XP_030948502.1	Bnap_XP_013711135.2	68.0	S	0.0
Qlob_XP_030945346.1	Bnap_XP_013711135.2	68.0	S	0.0
Qlob_XP_030948503.1	Bnap_XP_013711135.2	68.0	S	0.0
Qlob_XP_030948035.1	Bnap_XP_013711135.2	68.0	S	0.0
Qlob_XP_030947988.1	Bnap_XP_013711135.2	68.0	S	0.0
Qlob_XP_030948501.1	Bnap_XP_013657481.2	68.0	S	0.0
Qlob_XP_030947989.1	Bnap_XP_013657481.2	68.0	S	0.0
Qlob_XP_030945347.1	Bnap_XP_013657481.2	68.0	S	0.0
Qlob_XP_030948502.1	Bnap_XP_013657481.2	68.0	S	0.0
Qlob_XP_030945346.1	Bnap_XP_013657481.2	68.0	S	0.0
Qlob_XP_030948503.1	Bnap_XP_013657481.2	68.0	S	0.0
Qlob_XP_030948035.1	Bnap_XP_013657481.2	68.0	S	0.0
Qlob_XP_030947988.1	Bnap_XP_013657481.2	68.0	S	0.0
Qlob_XP_030948501.1	Atha_NP_001323223.1	68.0	S	0.0
Qlob_XP_030947989.1	Atha_NP_001323223.1	68.0	S	0.0
Qlob_XP_030945347.1	Atha_NP_001323223.1	68.0	S	0.0
Qlob_XP_030948502.1	Atha_NP_001323223.1	68.0	S	0.0
Qlob_XP_030945346.1	Atha_NP_001323223.1	68.0	S	0.0
Qlob_XP_030948503.1	Atha_NP_001323223.1	68.0	S	0.0
Qlob_XP_030948035.1	Atha_NP_001323223.1	68.0	S	0.0
Qlob_XP_030947988.1	Atha_NP_001323223.1	68.0	S	0.0
Qlob_XP_030948501.1	Bnap_XP_013677877.1	68.0	S	0.0
Qlob_XP_030947989.1	Bnap_XP_013677877.1	68.0	S	0.0
Qlob_XP_030945347.1	Bnap_XP_013677877.1	68.0	S	0.0
Qlob_XP_030948502.1	Bnap_XP_013677877.1	68.0	S	0.0
Qlob_XP_030945346.1	Bnap_XP_013677877.1	68.0	S	0.0
Qlob_XP_030948503.1	Bnap_XP_013677877.1	68.0	S	0.0
Qlob_XP_030948035.1	Bnap_XP_013677877.1	68.0	S	0.0
Qlob_XP_030947988.1	Bnap_XP_013677877.1	68.0	S	0.0
Qlob_XP_030948501.1	Atha_NP_176448.1	68.0	S	0.0
Qlob_XP_030947989.1	Atha_NP_176448.1	68.0	S	0.0
Qlob_XP_030945347.1	Atha_NP_176448.1	68.0	S	0.0
Qlob_XP_030948502.1	Atha_NP_176448.1	68.0	S	0.0
Qlob_XP_030945346.1	Atha_NP_176448.1	68.0	S	0.0
Qlob_XP_030948503.1	Atha_NP_176448.1	68.0	S	0.0
Qlob_XP_030948035.1	Atha_NP_176448.1	68.0	S	0.0
Qlob_XP_030947988.1	Atha_NP_176448.1	68.0	S	0.0
Qlob_XP_030948501.1	Atha_NP_564797.1	68.0	S	0.0
Qlob_XP_030947989.1	Atha_NP_564797.1	68.0	S	0.0
Qlob_XP_030945347.1	Atha_NP_564797.1	68.0	S	0.0
Qlob_XP_030948502.1	Atha_NP_564797.1	68.0	S	0.0
Qlob_XP_030945346.1	Atha_NP_564797.1	68.0	S	0.0
Qlob_XP_030948503.1	Atha_NP_564797.1	68.0	S	0.0
Qlob_XP_030948035.1	Atha_NP_564797.1	68.0	S	0.0
Qlob_XP_030947988.1	Atha_NP_564797.1	68.0	S	0.0
Qlob_XP_030948501.1	Mesc_XP_021631397.1	68.0	S	0.0
Qlob_XP_030947989.1	Mesc_XP_021631397.1	68.0	S	0.0
Qlob_XP_030945347.1	Mesc_XP_021631397.1	68.0	S	0.0
Qlob_XP_030948502.1	Mesc_XP_021631397.1	68.0	S	0.0
Qlob_XP_030945346.1	Mesc_XP_021631397.1	68.0	S	0.0
Qlob_XP_030948503.1	Mesc_XP_021631397.1	68.0	S	0.0
Qlob_XP_030948035.1	Mesc_XP_021631397.1	68.0	S	0.0
Qlob_XP_030947988.1	Mesc_XP_021631397.1	68.0	S	0.0
Qlob_XP_030948501.1	Atha_NP_001321026.1	68.0	S	0.0
Qlob_XP_030947989.1	Atha_NP_001321026.1	68.0	S	0.0
Qlob_XP_030945347.1	Atha_NP_001321026.1	68.0	S	0.0
Qlob_XP_030948502.1	Atha_NP_001321026.1	68.0	S	0.0
Qlob_XP_030945346.1	Atha_NP_001321026.1	68.0	S	0.0
Qlob_XP_030948503.1	Atha_NP_001321026.1	68.0	S	0.0
Qlob_XP_030948035.1	Atha_NP_001321026.1	68.0	S	0.0
Qlob_XP_030947988.1	Atha_NP_001321026.1	68.0	S	0.0
Qlob_XP_030948501.1	Atha_NP_001320895.1	68.0	S	0.0
Qlob_XP_030947989.1	Atha_NP_001320895.1	68.0	S	0.0
Qlob_XP_030945347.1	Atha_NP_001320895.1	68.0	S	0.0
Qlob_XP_030948502.1	Atha_NP_001320895.1	68.0	S	0.0
Qlob_XP_030945346.1	Atha_NP_001320895.1	68.0	S	0.0
Qlob_XP_030948503.1	Atha_NP_001320895.1	68.0	S	0.0
Qlob_XP_030948035.1	Atha_NP_001320895.1	68.0	S	0.0
Qlob_XP_030947988.1	Atha_NP_001320895.1	68.0	S	0.0
Qlob_XP_030948501.1	Atha_NP_176450.2	68.0	S	0.0
Qlob_XP_030947989.1	Atha_NP_176450.2	68.0	S	0.0
Qlob_XP_030945347.1	Atha_NP_176450.2	68.0	S	0.0
Qlob_XP_030948502.1	Atha_NP_176450.2	68.0	S	0.0
Qlob_XP_030945346.1	Atha_NP_176450.2	68.0	S	0.0
Qlob_XP_030948503.1	Atha_NP_176450.2	68.0	S	0.0
Qlob_XP_030948035.1	Atha_NP_176450.2	68.0	S	0.0
Qlob_XP_030947988.1	Atha_NP_176450.2	68.0	S	0.0
Qlob_XP_030948501.1	Atha_NP_001323033.1	68.0	S	0.0
Qlob_XP_030947989.1	Atha_NP_001323033.1	68.0	S	0.0
Qlob_XP_030945347.1	Atha_NP_001323033.1	68.0	S	0.0
Qlob_XP_030948502.1	Atha_NP_001323033.1	68.0	S	0.0
Qlob_XP_030945346.1	Atha_NP_001323033.1	68.0	S	0.0
Qlob_XP_030948503.1	Atha_NP_001323033.1	68.0	S	0.0
Qlob_XP_030948035.1	Atha_NP_001323033.1	68.0	S	0.0
Qlob_XP_030947988.1	Atha_NP_001323033.1	68.0	S	0.0
Qlob_XP_030948501.1	Atha_NP_176526.1	68.0	S	0.0
Qlob_XP_030947989.1	Atha_NP_176526.1	68.0	S	0.0
Qlob_XP_030945347.1	Atha_NP_176526.1	68.0	S	0.0
Qlob_XP_030948502.1	Atha_NP_176526.1	68.0	S	0.0
Qlob_XP_030945346.1	Atha_NP_176526.1	68.0	S	0.0
Qlob_XP_030948503.1	Atha_NP_176526.1	68.0	S	0.0
Qlob_XP_030948035.1	Atha_NP_176526.1	68.0	S	0.0
Qlob_XP_030947988.1	Atha_NP_176526.1	68.0	S	0.0
Qlob_XP_030948501.1	Atha_NP_176761.1	68.0	S	0.0
Qlob_XP_030947989.1	Atha_NP_176761.1	68.0	S	0.0
Qlob_XP_030945347.1	Atha_NP_176761.1	68.0	S	0.0
Qlob_XP_030948502.1	Atha_NP_176761.1	68.0	S	0.0
Qlob_XP_030945346.1	Atha_NP_176761.1	68.0	S	0.0
Qlob_XP_030948503.1	Atha_NP_176761.1	68.0	S	0.0
Qlob_XP_030948035.1	Atha_NP_176761.1	68.0	S	0.0
Qlob_XP_030947988.1	Atha_NP_176761.1	68.0	S	0.0
Qlob_XP_030948501.1	Mesc_XP_043810293.1	68.0	S	0.0
Qlob_XP_030947989.1	Mesc_XP_043810293.1	68.0	S	0.0
Qlob_XP_030945347.1	Mesc_XP_043810293.1	68.0	S	0.0
Qlob_XP_030948502.1	Mesc_XP_043810293.1	68.0	S	0.0
Qlob_XP_030945346.1	Mesc_XP_043810293.1	68.0	S	0.0
Qlob_XP_030948503.1	Mesc_XP_043810293.1	68.0	S	0.0
Qlob_XP_030948035.1	Mesc_XP_043810293.1	68.0	S	0.0
Qlob_XP_030947988.1	Mesc_XP_043810293.1	68.0	S	0.0
Qlob_XP_030948501.1	Atha_NP_001321123.1	68.0	S	0.0
Qlob_XP_030947989.1	Atha_NP_001321123.1	68.0	S	0.0
Qlob_XP_030945347.1	Atha_NP_001321123.1	68.0	S	0.0
Qlob_XP_030948502.1	Atha_NP_001321123.1	68.0	S	0.0
Qlob_XP_030945346.1	Atha_NP_001321123.1	68.0	S	0.0
Qlob_XP_030948503.1	Atha_NP_001321123.1	68.0	S	0.0
Qlob_XP_030948035.1	Atha_NP_001321123.1	68.0	S	0.0
Qlob_XP_030947988.1	Atha_NP_001321123.1	68.0	S	0.0
Qlob_XP_030948501.1	Bnap_XP_013693411.2	68.0	S	0.0
Qlob_XP_030947989.1	Bnap_XP_013693411.2	68.0	S	0.0
Qlob_XP_030945347.1	Bnap_XP_013693411.2	68.0	S	0.0
Qlob_XP_030948502.1	Bnap_XP_013693411.2	68.0	S	0.0
Qlob_XP_030945346.1	Bnap_XP_013693411.2	68.0	S	0.0
Qlob_XP_030948503.1	Bnap_XP_013693411.2	68.0	S	0.0
Qlob_XP_030948035.1	Bnap_XP_013693411.2	68.0	S	0.0
Qlob_XP_030947988.1	Bnap_XP_013693411.2	68.0	S	0.0
Qlob_XP_030948501.1	Atha_NP_001319303.1	68.0	S	0.0
Qlob_XP_030947989.1	Atha_NP_001319303.1	68.0	S	0.0
Qlob_XP_030945347.1	Atha_NP_001319303.1	68.0	S	0.0
Qlob_XP_030948502.1	Atha_NP_001319303.1	68.0	S	0.0
Qlob_XP_030945346.1	Atha_NP_001319303.1	68.0	S	0.0
Qlob_XP_030948503.1	Atha_NP_001319303.1	68.0	S	0.0
Qlob_XP_030948035.1	Atha_NP_001319303.1	68.0	S	0.0
Qlob_XP_030947988.1	Atha_NP_001319303.1	68.0	S	0.0
Qlob_XP_030948501.1	Bnap_XP_022548210.2	68.0	S	0.0
Qlob_XP_030947989.1	Bnap_XP_022548210.2	68.0	S	0.0
Qlob_XP_030945347.1	Bnap_XP_022548210.2	68.0	S	0.0
Qlob_XP_030948502.1	Bnap_XP_022548210.2	68.0	S	0.0
Qlob_XP_030945346.1	Bnap_XP_022548210.2	68.0	S	0.0
Qlob_XP_030948503.1	Bnap_XP_022548210.2	68.0	S	0.0
Qlob_XP_030948035.1	Bnap_XP_022548210.2	68.0	S	0.0
Qlob_XP_030947988.1	Bnap_XP_022548210.2	68.0	S	0.0
Qlob_XP_030948501.1	Bnap_XP_048626012.1	68.0	S	0.0
Qlob_XP_030947989.1	Bnap_XP_048626012.1	68.0	S	0.0
Qlob_XP_030945347.1	Bnap_XP_048626012.1	68.0	S	0.0
Qlob_XP_030948502.1	Bnap_XP_048626012.1	68.0	S	0.0
Qlob_XP_030945346.1	Bnap_XP_048626012.1	68.0	S	0.0
Qlob_XP_030948503.1	Bnap_XP_048626012.1	68.0	S	0.0
Qlob_XP_030948035.1	Bnap_XP_048626012.1	68.0	S	0.0
Qlob_XP_030947988.1	Bnap_XP_048626012.1	68.0	S	0.0
Qlob_XP_030948501.1	Bnap_XP_013644384.1	68.0	S	0.0
Qlob_XP_030947989.1	Bnap_XP_013644384.1	68.0	S	0.0
Qlob_XP_030945347.1	Bnap_XP_013644384.1	68.0	S	0.0
Qlob_XP_030948502.1	Bnap_XP_013644384.1	68.0	S	0.0
Qlob_XP_030945346.1	Bnap_XP_013644384.1	68.0	S	0.0
Qlob_XP_030948503.1	Bnap_XP_013644384.1	68.0	S	0.0
Qlob_XP_030948035.1	Bnap_XP_013644384.1	68.0	S	0.0
Qlob_XP_030947988.1	Bnap_XP_013644384.1	68.0	S	0.0
Qlob_XP_030948501.1	Mesc_XP_021595827.2	68.0	S	0.0
Qlob_XP_030947989.1	Mesc_XP_021595827.2	68.0	S	0.0
Qlob_XP_030945347.1	Mesc_XP_021595827.2	68.0	S	0.0
Qlob_XP_030948502.1	Mesc_XP_021595827.2	68.0	S	0.0
Qlob_XP_030945346.1	Mesc_XP_021595827.2	68.0	S	0.0
Qlob_XP_030948503.1	Mesc_XP_021595827.2	68.0	S	0.0
Qlob_XP_030948035.1	Mesc_XP_021595827.2	68.0	S	0.0
Qlob_XP_030947988.1	Mesc_XP_021595827.2	68.0	S	0.0
Qlob_XP_030948501.1	Mesc_XP_043810291.1	68.0	S	0.0
Qlob_XP_030947989.1	Mesc_XP_043810291.1	68.0	S	0.0
Qlob_XP_030945347.1	Mesc_XP_043810291.1	68.0	S	0.0
Qlob_XP_030948502.1	Mesc_XP_043810291.1	68.0	S	0.0
Qlob_XP_030945346.1	Mesc_XP_043810291.1	68.0	S	0.0
Qlob_XP_030948503.1	Mesc_XP_043810291.1	68.0	S	0.0
Qlob_XP_030948035.1	Mesc_XP_043810291.1	68.0	S	0.0
Qlob_XP_030947988.1	Mesc_XP_043810291.1	68.0	S	0.0
Qlob_XP_030948501.1	Atha_NP_176446.1	68.0	S	0.0
Qlob_XP_030947989.1	Atha_NP_176446.1	68.0	S	0.0
Qlob_XP_030945347.1	Atha_NP_176446.1	68.0	S	0.0
Qlob_XP_030948502.1	Atha_NP_176446.1	68.0	S	0.0
Qlob_XP_030945346.1	Atha_NP_176446.1	68.0	S	0.0
Qlob_XP_030948503.1	Atha_NP_176446.1	68.0	S	0.0
Qlob_XP_030948035.1	Atha_NP_176446.1	68.0	S	0.0
Qlob_XP_030947988.1	Atha_NP_176446.1	68.0	S	0.0
Qlob_XP_030948501.1	Atha_NP_172684.1	68.0	S	0.0
Qlob_XP_030947989.1	Atha_NP_172684.1	68.0	S	0.0
Qlob_XP_030945347.1	Atha_NP_172684.1	68.0	S	0.0
Qlob_XP_030948502.1	Atha_NP_172684.1	68.0	S	0.0
Qlob_XP_030945346.1	Atha_NP_172684.1	68.0	S	0.0
Qlob_XP_030948503.1	Atha_NP_172684.1	68.0	S	0.0
Qlob_XP_030948035.1	Atha_NP_172684.1	68.0	S	0.0
Qlob_XP_030947988.1	Atha_NP_172684.1	68.0	S	0.0
Qlob_XP_030948501.1	Bnap_XP_013697440.2	68.0	S	0.0
Qlob_XP_030947989.1	Bnap_XP_013697440.2	68.0	S	0.0
Qlob_XP_030945347.1	Bnap_XP_013697440.2	68.0	S	0.0
Qlob_XP_030948502.1	Bnap_XP_013697440.2	68.0	S	0.0
Qlob_XP_030945346.1	Bnap_XP_013697440.2	68.0	S	0.0
Qlob_XP_030948503.1	Bnap_XP_013697440.2	68.0	S	0.0
Qlob_XP_030948035.1	Bnap_XP_013697440.2	68.0	S	0.0
Qlob_XP_030947988.1	Bnap_XP_013697440.2	68.0	S	0.0
Qlob_XP_030948501.1	Atha_NP_001320894.1	68.0	S	0.0
Qlob_XP_030947989.1	Atha_NP_001320894.1	68.0	S	0.0
Qlob_XP_030945347.1	Atha_NP_001320894.1	68.0	S	0.0
Qlob_XP_030948502.1	Atha_NP_001320894.1	68.0	S	0.0
Qlob_XP_030945346.1	Atha_NP_001320894.1	68.0	S	0.0
Qlob_XP_030948503.1	Atha_NP_001320894.1	68.0	S	0.0
Qlob_XP_030948035.1	Atha_NP_001320894.1	68.0	S	0.0
Qlob_XP_030947988.1	Atha_NP_001320894.1	68.0	S	0.0
Qlob_XP_030948501.1	Bnap_XP_048595737.1	68.0	S	0.0
Qlob_XP_030947989.1	Bnap_XP_048595737.1	68.0	S	0.0
Qlob_XP_030945347.1	Bnap_XP_048595737.1	68.0	S	0.0
Qlob_XP_030948502.1	Bnap_XP_048595737.1	68.0	S	0.0
Qlob_XP_030945346.1	Bnap_XP_048595737.1	68.0	S	0.0
Qlob_XP_030948503.1	Bnap_XP_048595737.1	68.0	S	0.0
Qlob_XP_030948035.1	Bnap_XP_048595737.1	68.0	S	0.0
Qlob_XP_030947988.1	Bnap_XP_048595737.1	68.0	S	0.0
Qlob_XP_030948501.1	Bnap_XP_048590916.1	68.0	S	0.0
Qlob_XP_030947989.1	Bnap_XP_048590916.1	68.0	S	0.0
Qlob_XP_030945347.1	Bnap_XP_048590916.1	68.0	S	0.0
Qlob_XP_030948502.1	Bnap_XP_048590916.1	68.0	S	0.0
Qlob_XP_030945346.1	Bnap_XP_048590916.1	68.0	S	0.0
Qlob_XP_030948503.1	Bnap_XP_048590916.1	68.0	S	0.0
Qlob_XP_030948035.1	Bnap_XP_048590916.1	68.0	S	0.0
Qlob_XP_030947988.1	Bnap_XP_048590916.1	68.0	S	0.0
Qlob_XP_030948501.1	Bnap_XP_013697008.2	68.0	S	0.0
Qlob_XP_030947989.1	Bnap_XP_013697008.2	68.0	S	0.0
Qlob_XP_030945347.1	Bnap_XP_013697008.2	68.0	S	0.0
Qlob_XP_030948502.1	Bnap_XP_013697008.2	68.0	S	0.0
Qlob_XP_030945346.1	Bnap_XP_013697008.2	68.0	S	0.0
Qlob_XP_030948503.1	Bnap_XP_013697008.2	68.0	S	0.0
Qlob_XP_030948035.1	Bnap_XP_013697008.2	68.0	S	0.0
Qlob_XP_030947988.1	Bnap_XP_013697008.2	68.0	S	0.0
Sollyc_XP_069151676.1	Sollyc_XP_069151682.1	1.0	D	1.0
Sollyc_XP_069151676.1	Sollyc_XP_069151672.1	1.0	D	1.0
Sollyc_XP_069151676.1	Sollyc_XP_069151681.1	1.0	D	1.0
Sollyc_XP_069151676.1	Sollyc_XP_069151686.1	1.0	D	1.0
Sollyc_XP_069151676.1	Sollyc_XP_069151678.1	1.0	D	1.0
Sollyc_XP_069151676.1	Sollyc_XP_069151673.1	1.0	D	1.0
Sollyc_XP_069151676.1	Sollyc_XP_069151685.1	1.0	D	1.0
Sollyc_XP_069151676.1	Sollyc_XP_069151683.1	1.0	D	1.0
Sollyc_XP_069151676.1	Sollyc_XP_069151674.1	1.0	D	1.0
Sollyc_XP_069151676.1	Sollyc_XP_069151684.1	1.0	D	1.0
Sollyc_XP_069151676.1	Sollyc_XP_069151670.1	1.0	D	1.0
Sollyc_XP_069151676.1	Sollyc_XP_069151679.1	1.0	D	1.0
Sollyc_XP_069151676.1	Sollyc_XP_069151680.1	1.0	D	1.0
Sollyc_XP_069151676.1	Sollyc_XP_069151675.1	1.0	D	1.0
Sollyc_XP_069151676.1	Sollyc_XP_069151677.1	1.0	D	1.0
Ecur_TVU40260.1	Ecur_TVU13134.1	100.0	D	1.0
Ecur_TVU40260.1	Ecur_TVU40261.1	100.0	D	1.0
Zmay_NP_001352651.1	Zmay_XP_008666304.1	1.0	D	1.0
Osat_XP_066161107.1	Osat_XP_066161105.1	67.0	D	1.0
Osat_XP_066161107.1	Osat_XP_066161104.1	67.0	D	1.0
Sollyc_XP_069154261.1	Sollyc_XP_004240053.2	100.0	D	1.0
Cofcan_CDP19511.1	Cofcan_CDP12510.1	99.0	D	1.0
Cofcan_CDP19514.1	Cofcan_CDP12510.1	99.0	D	1.0
Cofcan_CDP19511.1	Cofcan_CDP07973.1	99.0	D	1.0
Cofcan_CDP19514.1	Cofcan_CDP07973.1	99.0	D	1.0
Lsat_XP_023734513.1	Lsat_XP_023734510.1	100.0	D	1.0
Lsat_XP_023733540.1	Lsat_XP_052621438.1	100.0	D	1.0
Lsat_XP_023733540.1	Lsat_XP_023745386.1	100.0	D	1.0
Lsat_XP_023733540.1	Lsat_XP_023733544.1	100.0	D	1.0
Lsat_XP_023733540.1	Lsat_XP_052621439.1	100.0	D	1.0
Rchi_XP_024168687.2	Rchi_XP_024174811.1	100.0	D	1.0
Rchi_XP_024174979.1	Rchi_XP_024174811.1	100.0	D	1.0
Rchi_XP_024168689.2	Rchi_XP_024174811.1	100.0	D	1.0
Rchi_XP_024168687.2	Rchi_XP_024175049.2	100.0	D	1.0
Rchi_XP_024174979.1	Rchi_XP_024175049.2	100.0	D	1.0
Rchi_XP_024168689.2	Rchi_XP_024175049.2	100.0	D	1.0
Rchi_XP_024168687.2	Rchi_XP_024174810.1	100.0	D	1.0
Rchi_XP_024174979.1	Rchi_XP_024174810.1	100.0	D	1.0
Rchi_XP_024168689.2	Rchi_XP_024174810.1	100.0	D	1.0
Qlob_XP_030948503.1	Qlob_XP_030947989.1	100.0	D	1.0
Qlob_XP_030948501.1	Qlob_XP_030947989.1	100.0	D	1.0
Qlob_XP_030948502.1	Qlob_XP_030947989.1	100.0	D	1.0
Qlob_XP_030948503.1	Qlob_XP_030945347.1	100.0	D	1.0
Qlob_XP_030948501.1	Qlob_XP_030945347.1	100.0	D	1.0
Qlob_XP_030948502.1	Qlob_XP_030945347.1	100.0	D	1.0
Qlob_XP_030948503.1	Qlob_XP_030945346.1	100.0	D	1.0
Qlob_XP_030948501.1	Qlob_XP_030945346.1	100.0	D	1.0
Qlob_XP_030948502.1	Qlob_XP_030945346.1	100.0	D	1.0
Qlob_XP_030948503.1	Qlob_XP_030948035.1	100.0	D	1.0
Qlob_XP_030948501.1	Qlob_XP_030948035.1	100.0	D	1.0
Qlob_XP_030948502.1	Qlob_XP_030948035.1	100.0	D	1.0
Qlob_XP_030948503.1	Qlob_XP_030947988.1	100.0	D	1.0
Qlob_XP_030948501.1	Qlob_XP_030947988.1	100.0	D	1.0
Qlob_XP_030948502.1	Qlob_XP_030947988.1	100.0	D	1.0
Sollyc_XP_069151672.1	Sollyc_XP_069151682.1	1.0	D	1.0
Sollyc_XP_069151672.1	Sollyc_XP_069151681.1	1.0	D	1.0
Sollyc_XP_069151672.1	Sollyc_XP_069151686.1	1.0	D	1.0
Sollyc_XP_069151672.1	Sollyc_XP_069151678.1	1.0	D	1.0
Sollyc_XP_069151672.1	Sollyc_XP_069151673.1	1.0	D	1.0
Sollyc_XP_069151672.1	Sollyc_XP_069151685.1	1.0	D	1.0
Sollyc_XP_069151672.1	Sollyc_XP_069151683.1	1.0	D	1.0
Sollyc_XP_069151672.1	Sollyc_XP_069151674.1	1.0	D	1.0
Sollyc_XP_069151672.1	Sollyc_XP_069151684.1	1.0	D	1.0
Sollyc_XP_069151672.1	Sollyc_XP_069151670.1	1.0	D	1.0
Sollyc_XP_069151672.1	Sollyc_XP_069151679.1	1.0	D	1.0
Sollyc_XP_069151672.1	Sollyc_XP_069151680.1	1.0	D	1.0
Sollyc_XP_069151672.1	Sollyc_XP_069151675.1	1.0	D	1.0
Sollyc_XP_069151672.1	Sollyc_XP_069151677.1	1.0	D	1.0
Ecur_TVU13134.1	Ecur_TVU40261.1	98.0	D	1.0
Osat_XP_066161105.1	Osat_XP_066161104.1	69.0	D	1.0
Cofcan_CDP19514.1	Cofcan_CDP19511.1	100.0	D	1.0
Cofcan_CDP12510.1	Cofcan_CDP07973.1	100.0	D	1.0
Lsat_XP_023745386.1	Lsat_XP_052621438.1	100.0	D	1.0
Lsat_XP_023745386.1	Lsat_XP_023733544.1	100.0	D	1.0
Lsat_XP_023745386.1	Lsat_XP_052621439.1	100.0	D	1.0
Rchi_XP_024174979.1	Rchi_XP_024168687.2	100.0	D	1.0
Rchi_XP_024174979.1	Rchi_XP_024168689.2	100.0	D	1.0
Rchi_XP_024175049.2	Rchi_XP_024174811.1	100.0	D	1.0
Rchi_XP_024175049.2	Rchi_XP_024174810.1	100.0	D	1.0
Qlob_XP_030948501.1	Qlob_XP_030948503.1	100.0	D	1.0
Qlob_XP_030948501.1	Qlob_XP_030948502.1	100.0	D	1.0
Qlob_XP_030948035.1	Qlob_XP_030945346.1	99.0	D	1.0
Qlob_XP_030948035.1	Qlob_XP_030947989.1	99.0	D	1.0
Qlob_XP_030948035.1	Qlob_XP_030945347.1	99.0	D	1.0
Qlob_XP_030948035.1	Qlob_XP_030947988.1	99.0	D	1.0
Mesc_XP_021595827.2	Atha_NP_172680.1	72.0	S	0.0
Mesc_XP_043810291.1	Atha_NP_172680.1	72.0	S	0.0
Mesc_XP_021632152.1	Atha_NP_172680.1	72.0	S	0.0
Mesc_XP_043810293.1	Atha_NP_172680.1	72.0	S	0.0
Mesc_XP_021605089.1	Atha_NP_172680.1	72.0	S	0.0
Mesc_XP_021595827.2	Atha_NP_172677.1	72.0	S	0.0
Mesc_XP_043810291.1	Atha_NP_172677.1	72.0	S	0.0
Mesc_XP_021632152.1	Atha_NP_172677.1	72.0	S	0.0
Mesc_XP_043810293.1	Atha_NP_172677.1	72.0	S	0.0
Mesc_XP_021605089.1	Atha_NP_172677.1	72.0	S	0.0
Mesc_XP_021595827.2	Atha_NP_172678.3	72.0	S	0.0
Mesc_XP_043810291.1	Atha_NP_172678.3	72.0	S	0.0
Mesc_XP_021632152.1	Atha_NP_172678.3	72.0	S	0.0
Mesc_XP_043810293.1	Atha_NP_172678.3	72.0	S	0.0
Mesc_XP_021605089.1	Atha_NP_172678.3	72.0	S	0.0
Mesc_XP_021595827.2	Bnap_XP_013742428.1	72.0	S	0.0
Mesc_XP_043810291.1	Bnap_XP_013742428.1	72.0	S	0.0
Mesc_XP_021632152.1	Bnap_XP_013742428.1	72.0	S	0.0
Mesc_XP_043810293.1	Bnap_XP_013742428.1	72.0	S	0.0
Mesc_XP_021605089.1	Bnap_XP_013742428.1	72.0	S	0.0
Mesc_XP_021595827.2	Atha_NP_001320337.1	72.0	S	0.0
Mesc_XP_043810291.1	Atha_NP_001320337.1	72.0	S	0.0
Mesc_XP_021632152.1	Atha_NP_001320337.1	72.0	S	0.0
Mesc_XP_043810293.1	Atha_NP_001320337.1	72.0	S	0.0
Mesc_XP_021605089.1	Atha_NP_001320337.1	72.0	S	0.0
Mesc_XP_021595827.2	Atha_NP_564796.1	72.0	S	0.0
Mesc_XP_043810291.1	Atha_NP_564796.1	72.0	S	0.0
Mesc_XP_021632152.1	Atha_NP_564796.1	72.0	S	0.0
Mesc_XP_043810293.1	Atha_NP_564796.1	72.0	S	0.0
Mesc_XP_021605089.1	Atha_NP_564796.1	72.0	S	0.0
Mesc_XP_021595827.2	Atha_NP_001323101.1	72.0	S	0.0
Mesc_XP_043810291.1	Atha_NP_001323101.1	72.0	S	0.0
Mesc_XP_021632152.1	Atha_NP_001323101.1	72.0	S	0.0
Mesc_XP_043810293.1	Atha_NP_001323101.1	72.0	S	0.0
Mesc_XP_021605089.1	Atha_NP_001323101.1	72.0	S	0.0
Mesc_XP_021595827.2	Atha_NP_176523.4	72.0	S	0.0
Mesc_XP_043810291.1	Atha_NP_176523.4	72.0	S	0.0
Mesc_XP_021632152.1	Atha_NP_176523.4	72.0	S	0.0
Mesc_XP_043810293.1	Atha_NP_176523.4	72.0	S	0.0
Mesc_XP_021605089.1	Atha_NP_176523.4	72.0	S	0.0
Mesc_XP_021595827.2	Atha_NP_001322976.1	72.0	S	0.0
Mesc_XP_043810291.1	Atha_NP_001322976.1	72.0	S	0.0
Mesc_XP_021632152.1	Atha_NP_001322976.1	72.0	S	0.0
Mesc_XP_043810293.1	Atha_NP_001322976.1	72.0	S	0.0
Mesc_XP_021605089.1	Atha_NP_001322976.1	72.0	S	0.0
Mesc_XP_021595827.2	Bnap_XP_013708496.2	72.0	S	0.0
Mesc_XP_043810291.1	Bnap_XP_013708496.2	72.0	S	0.0
Mesc_XP_021632152.1	Bnap_XP_013708496.2	72.0	S	0.0
Mesc_XP_043810293.1	Bnap_XP_013708496.2	72.0	S	0.0
Mesc_XP_021605089.1	Bnap_XP_013708496.2	72.0	S	0.0
Mesc_XP_021595827.2	Atha_NP_001077522.1	72.0	S	0.0
Mesc_XP_043810291.1	Atha_NP_001077522.1	72.0	S	0.0
Mesc_XP_021632152.1	Atha_NP_001077522.1	72.0	S	0.0
Mesc_XP_043810293.1	Atha_NP_001077522.1	72.0	S	0.0
Mesc_XP_021605089.1	Atha_NP_001077522.1	72.0	S	0.0
Mesc_XP_021595827.2	Bnap_XP_048626011.1	72.0	S	0.0
Mesc_XP_043810291.1	Bnap_XP_048626011.1	72.0	S	0.0
Mesc_XP_021632152.1	Bnap_XP_048626011.1	72.0	S	0.0
Mesc_XP_043810293.1	Bnap_XP_048626011.1	72.0	S	0.0
Mesc_XP_021605089.1	Bnap_XP_048626011.1	72.0	S	0.0
Mesc_XP_021595827.2	Atha_NP_001323223.1	72.0	S	0.0
Mesc_XP_043810291.1	Atha_NP_001323223.1	72.0	S	0.0
Mesc_XP_021632152.1	Atha_NP_001323223.1	72.0	S	0.0
Mesc_XP_043810293.1	Atha_NP_001323223.1	72.0	S	0.0
Mesc_XP_021605089.1	Atha_NP_001323223.1	72.0	S	0.0
Mesc_XP_021595827.2	Atha_NP_176444.1	72.0	S	0.0
Mesc_XP_043810291.1	Atha_NP_176444.1	72.0	S	0.0
Mesc_XP_021632152.1	Atha_NP_176444.1	72.0	S	0.0
Mesc_XP_043810293.1	Atha_NP_176444.1	72.0	S	0.0
Mesc_XP_021605089.1	Atha_NP_176444.1	72.0	S	0.0
Mesc_XP_021595827.2	Atha_NP_001321124.1	72.0	S	0.0
Mesc_XP_043810291.1	Atha_NP_001321124.1	72.0	S	0.0
Mesc_XP_021632152.1	Atha_NP_001321124.1	72.0	S	0.0
Mesc_XP_043810293.1	Atha_NP_001321124.1	72.0	S	0.0
Mesc_XP_021605089.1	Atha_NP_001321124.1	72.0	S	0.0
Mesc_XP_021595827.2	Bnap_XP_013711135.2	72.0	S	0.0
Mesc_XP_043810291.1	Bnap_XP_013711135.2	72.0	S	0.0
Mesc_XP_021632152.1	Bnap_XP_013711135.2	72.0	S	0.0
Mesc_XP_043810293.1	Bnap_XP_013711135.2	72.0	S	0.0
Mesc_XP_021605089.1	Bnap_XP_013711135.2	72.0	S	0.0
Mesc_XP_021595827.2	Bnap_XP_013657481.2	72.0	S	0.0
Mesc_XP_043810291.1	Bnap_XP_013657481.2	72.0	S	0.0
Mesc_XP_021632152.1	Bnap_XP_013657481.2	72.0	S	0.0
Mesc_XP_043810293.1	Bnap_XP_013657481.2	72.0	S	0.0
Mesc_XP_021605089.1	Bnap_XP_013657481.2	72.0	S	0.0
Mesc_XP_021595827.2	Bnap_XP_013677877.1	72.0	S	0.0
Mesc_XP_043810291.1	Bnap_XP_013677877.1	72.0	S	0.0
Mesc_XP_021632152.1	Bnap_XP_013677877.1	72.0	S	0.0
Mesc_XP_043810293.1	Bnap_XP_013677877.1	72.0	S	0.0
Mesc_XP_021605089.1	Bnap_XP_013677877.1	72.0	S	0.0
Mesc_XP_021595827.2	Atha_NP_176448.1	72.0	S	0.0
Mesc_XP_043810291.1	Atha_NP_176448.1	72.0	S	0.0
Mesc_XP_021632152.1	Atha_NP_176448.1	72.0	S	0.0
Mesc_XP_043810293.1	Atha_NP_176448.1	72.0	S	0.0
Mesc_XP_021605089.1	Atha_NP_176448.1	72.0	S	0.0
Mesc_XP_021595827.2	Atha_NP_564797.1	72.0	S	0.0
Mesc_XP_043810291.1	Atha_NP_564797.1	72.0	S	0.0
Mesc_XP_021632152.1	Atha_NP_564797.1	72.0	S	0.0
Mesc_XP_043810293.1	Atha_NP_564797.1	72.0	S	0.0
Mesc_XP_021605089.1	Atha_NP_564797.1	72.0	S	0.0
Mesc_XP_021595827.2	Atha_NP_001321026.1	72.0	S	0.0
Mesc_XP_043810291.1	Atha_NP_001321026.1	72.0	S	0.0
Mesc_XP_021632152.1	Atha_NP_001321026.1	72.0	S	0.0
Mesc_XP_043810293.1	Atha_NP_001321026.1	72.0	S	0.0
Mesc_XP_021605089.1	Atha_NP_001321026.1	72.0	S	0.0
Mesc_XP_021595827.2	Atha_NP_001320895.1	72.0	S	0.0
Mesc_XP_043810291.1	Atha_NP_001320895.1	72.0	S	0.0
Mesc_XP_021632152.1	Atha_NP_001320895.1	72.0	S	0.0
Mesc_XP_043810293.1	Atha_NP_001320895.1	72.0	S	0.0
Mesc_XP_021605089.1	Atha_NP_001320895.1	72.0	S	0.0
Mesc_XP_021595827.2	Atha_NP_176450.2	72.0	S	0.0
Mesc_XP_043810291.1	Atha_NP_176450.2	72.0	S	0.0
Mesc_XP_021632152.1	Atha_NP_176450.2	72.0	S	0.0
Mesc_XP_043810293.1	Atha_NP_176450.2	72.0	S	0.0
Mesc_XP_021605089.1	Atha_NP_176450.2	72.0	S	0.0
Mesc_XP_021595827.2	Atha_NP_001323033.1	72.0	S	0.0
Mesc_XP_043810291.1	Atha_NP_001323033.1	72.0	S	0.0
Mesc_XP_021632152.1	Atha_NP_001323033.1	72.0	S	0.0
Mesc_XP_043810293.1	Atha_NP_001323033.1	72.0	S	0.0
Mesc_XP_021605089.1	Atha_NP_001323033.1	72.0	S	0.0
Mesc_XP_021595827.2	Atha_NP_176526.1	72.0	S	0.0
Mesc_XP_043810291.1	Atha_NP_176526.1	72.0	S	0.0
Mesc_XP_021632152.1	Atha_NP_176526.1	72.0	S	0.0
Mesc_XP_043810293.1	Atha_NP_176526.1	72.0	S	0.0
Mesc_XP_021605089.1	Atha_NP_176526.1	72.0	S	0.0
Mesc_XP_021595827.2	Atha_NP_176761.1	72.0	S	0.0
Mesc_XP_043810291.1	Atha_NP_176761.1	72.0	S	0.0
Mesc_XP_021632152.1	Atha_NP_176761.1	72.0	S	0.0
Mesc_XP_043810293.1	Atha_NP_176761.1	72.0	S	0.0
Mesc_XP_021605089.1	Atha_NP_176761.1	72.0	S	0.0
Mesc_XP_021595827.2	Atha_NP_001321123.1	72.0	S	0.0
Mesc_XP_043810291.1	Atha_NP_001321123.1	72.0	S	0.0
Mesc_XP_021632152.1	Atha_NP_001321123.1	72.0	S	0.0
Mesc_XP_043810293.1	Atha_NP_001321123.1	72.0	S	0.0
Mesc_XP_021605089.1	Atha_NP_001321123.1	72.0	S	0.0
Mesc_XP_021595827.2	Bnap_XP_013693411.2	72.0	S	0.0
Mesc_XP_043810291.1	Bnap_XP_013693411.2	72.0	S	0.0
Mesc_XP_021632152.1	Bnap_XP_013693411.2	72.0	S	0.0
Mesc_XP_043810293.1	Bnap_XP_013693411.2	72.0	S	0.0
Mesc_XP_021605089.1	Bnap_XP_013693411.2	72.0	S	0.0
Mesc_XP_021595827.2	Atha_NP_001319303.1	72.0	S	0.0
Mesc_XP_043810291.1	Atha_NP_001319303.1	72.0	S	0.0
Mesc_XP_021632152.1	Atha_NP_001319303.1	72.0	S	0.0
Mesc_XP_043810293.1	Atha_NP_001319303.1	72.0	S	0.0
Mesc_XP_021605089.1	Atha_NP_001319303.1	72.0	S	0.0
Mesc_XP_021595827.2	Bnap_XP_022548210.2	72.0	S	0.0
Mesc_XP_043810291.1	Bnap_XP_022548210.2	72.0	S	0.0
Mesc_XP_021632152.1	Bnap_XP_022548210.2	72.0	S	0.0
Mesc_XP_043810293.1	Bnap_XP_022548210.2	72.0	S	0.0
Mesc_XP_021605089.1	Bnap_XP_022548210.2	72.0	S	0.0
Mesc_XP_021595827.2	Bnap_XP_048626012.1	72.0	S	0.0
Mesc_XP_043810291.1	Bnap_XP_048626012.1	72.0	S	0.0
Mesc_XP_021632152.1	Bnap_XP_048626012.1	72.0	S	0.0
Mesc_XP_043810293.1	Bnap_XP_048626012.1	72.0	S	0.0
Mesc_XP_021605089.1	Bnap_XP_048626012.1	72.0	S	0.0
Mesc_XP_021595827.2	Bnap_XP_013644384.1	72.0	S	0.0
Mesc_XP_043810291.1	Bnap_XP_013644384.1	72.0	S	0.0
Mesc_XP_021632152.1	Bnap_XP_013644384.1	72.0	S	0.0
Mesc_XP_043810293.1	Bnap_XP_013644384.1	72.0	S	0.0
Mesc_XP_021605089.1	Bnap_XP_013644384.1	72.0	S	0.0
Mesc_XP_021595827.2	Atha_NP_176446.1	72.0	S	0.0
Mesc_XP_043810291.1	Atha_NP_176446.1	72.0	S	0.0
Mesc_XP_021632152.1	Atha_NP_176446.1	72.0	S	0.0
Mesc_XP_043810293.1	Atha_NP_176446.1	72.0	S	0.0
Mesc_XP_021605089.1	Atha_NP_176446.1	72.0	S	0.0
Mesc_XP_021595827.2	Atha_NP_172684.1	72.0	S	0.0
Mesc_XP_043810291.1	Atha_NP_172684.1	72.0	S	0.0
Mesc_XP_021632152.1	Atha_NP_172684.1	72.0	S	0.0
Mesc_XP_043810293.1	Atha_NP_172684.1	72.0	S	0.0
Mesc_XP_021605089.1	Atha_NP_172684.1	72.0	S	0.0
Mesc_XP_021595827.2	Bnap_XP_013697440.2	72.0	S	0.0
Mesc_XP_043810291.1	Bnap_XP_013697440.2	72.0	S	0.0
Mesc_XP_021632152.1	Bnap_XP_013697440.2	72.0	S	0.0
Mesc_XP_043810293.1	Bnap_XP_013697440.2	72.0	S	0.0
Mesc_XP_021605089.1	Bnap_XP_013697440.2	72.0	S	0.0
Mesc_XP_021595827.2	Atha_NP_001320894.1	72.0	S	0.0
Mesc_XP_043810291.1	Atha_NP_001320894.1	72.0	S	0.0
Mesc_XP_021632152.1	Atha_NP_001320894.1	72.0	S	0.0
Mesc_XP_043810293.1	Atha_NP_001320894.1	72.0	S	0.0
Mesc_XP_021605089.1	Atha_NP_001320894.1	72.0	S	0.0
Mesc_XP_021595827.2	Bnap_XP_048595737.1	72.0	S	0.0
Mesc_XP_043810291.1	Bnap_XP_048595737.1	72.0	S	0.0
Mesc_XP_021632152.1	Bnap_XP_048595737.1	72.0	S	0.0
Mesc_XP_043810293.1	Bnap_XP_048595737.1	72.0	S	0.0
Mesc_XP_021605089.1	Bnap_XP_048595737.1	72.0	S	0.0
Mesc_XP_021595827.2	Bnap_XP_048590916.1	72.0	S	0.0
Mesc_XP_043810291.1	Bnap_XP_048590916.1	72.0	S	0.0
Mesc_XP_021632152.1	Bnap_XP_048590916.1	72.0	S	0.0
Mesc_XP_043810293.1	Bnap_XP_048590916.1	72.0	S	0.0
Mesc_XP_021605089.1	Bnap_XP_048590916.1	72.0	S	0.0
Mesc_XP_021595827.2	Bnap_XP_013697008.2	72.0	S	0.0
Mesc_XP_043810291.1	Bnap_XP_013697008.2	72.0	S	0.0
Mesc_XP_021632152.1	Bnap_XP_013697008.2	72.0	S	0.0
Mesc_XP_043810293.1	Bnap_XP_013697008.2	72.0	S	0.0
Mesc_XP_021605089.1	Bnap_XP_013697008.2	72.0	S	0.0
Sollyc_XP_069151673.1	Sollyc_XP_069151682.1	1.0	D	1.0
Sollyc_XP_069151673.1	Sollyc_XP_069151681.1	1.0	D	1.0
Sollyc_XP_069151673.1	Sollyc_XP_069151686.1	1.0	D	1.0
Sollyc_XP_069151673.1	Sollyc_XP_069151678.1	1.0	D	1.0
Sollyc_XP_069151673.1	Sollyc_XP_069151683.1	1.0	D	1.0
Sollyc_XP_069151673.1	Sollyc_XP_069151685.1	1.0	D	1.0
Sollyc_XP_069151673.1	Sollyc_XP_069151674.1	1.0	D	1.0
Sollyc_XP_069151673.1	Sollyc_XP_069151684.1	1.0	D	1.0
Sollyc_XP_069151673.1	Sollyc_XP_069151670.1	1.0	D	1.0
Sollyc_XP_069151673.1	Sollyc_XP_069151679.1	1.0	D	1.0
Sollyc_XP_069151673.1	Sollyc_XP_069151680.1	1.0	D	1.0
Sollyc_XP_069151673.1	Sollyc_XP_069151675.1	1.0	D	1.0
Sollyc_XP_069151673.1	Sollyc_XP_069151677.1	1.0	D	1.0
Lsat_XP_023733544.1	Lsat_XP_052621438.1	100.0	D	1.0
Lsat_XP_023733544.1	Lsat_XP_052621439.1	100.0	D	1.0
Rchi_XP_024168687.2	Rchi_XP_024168689.2	100.0	D	1.0
Rchi_XP_024174810.1	Rchi_XP_024174811.1	100.0	D	1.0
Qlob_XP_030948503.1	Qlob_XP_030948502.1	68.0	D	1.0
Qlob_XP_030945346.1	Qlob_XP_030947989.1	100.0	D	1.0
Qlob_XP_030945347.1	Qlob_XP_030947989.1	100.0	D	1.0
Qlob_XP_030945346.1	Qlob_XP_030947988.1	100.0	D	1.0
Qlob_XP_030945347.1	Qlob_XP_030947988.1	100.0	D	1.0
Mesc_XP_021632152.1	Mesc_XP_043810293.1	100.0	D	1.0
Mesc_XP_021595827.2	Mesc_XP_043810293.1	100.0	D	1.0
Mesc_XP_021632152.1	Mesc_XP_043810291.1	100.0	D	1.0
Mesc_XP_021595827.2	Mesc_XP_043810291.1	100.0	D	1.0
Mesc_XP_021632152.1	Mesc_XP_021605089.1	100.0	D	1.0
Mesc_XP_021595827.2	Mesc_XP_021605089.1	100.0	D	1.0
Sollyc_XP_069151677.1	Sollyc_XP_069151682.1	1.0	D	1.0
Sollyc_XP_069151677.1	Sollyc_XP_069151681.1	1.0	D	1.0
Sollyc_XP_069151677.1	Sollyc_XP_069151686.1	1.0	D	1.0
Sollyc_XP_069151677.1	Sollyc_XP_069151678.1	1.0	D	1.0
Sollyc_XP_069151677.1	Sollyc_XP_069151683.1	1.0	D	1.0
Sollyc_XP_069151677.1	Sollyc_XP_069151685.1	1.0	D	1.0
Sollyc_XP_069151677.1	Sollyc_XP_069151674.1	1.0	D	1.0
Sollyc_XP_069151677.1	Sollyc_XP_069151684.1	1.0	D	1.0
Sollyc_XP_069151677.1	Sollyc_XP_069151670.1	1.0	D	1.0
Sollyc_XP_069151677.1	Sollyc_XP_069151679.1	1.0	D	1.0
Sollyc_XP_069151677.1	Sollyc_XP_069151680.1	1.0	D	1.0
Sollyc_XP_069151677.1	Sollyc_XP_069151675.1	1.0	D	1.0
Lsat_XP_052621438.1	Lsat_XP_052621439.1	100.0	D	1.0
Qlob_XP_030945346.1	Qlob_XP_030945347.1	100.0	D	1.0
Qlob_XP_030947989.1	Qlob_XP_030947988.1	100.0	D	1.0
Mesc_XP_021595827.2	Mesc_XP_021632152.1	99.0	D	1.0
Mesc_XP_043810291.1	Mesc_XP_043810293.1	100.0	D	1.0
Mesc_XP_043810291.1	Mesc_XP_021605089.1	100.0	D	1.0
Bnap_XP_022548210.2	Atha_NP_001322976.1	100.0	S	0.0
Bnap_XP_013742428.1	Atha_NP_001322976.1	100.0	S	0.0
Bnap_XP_048595737.1	Atha_NP_001322976.1	100.0	S	0.0
Bnap_XP_048626011.1	Atha_NP_001322976.1	100.0	S	0.0
Bnap_XP_022548210.2	Atha_NP_176450.2	100.0	S	0.0
Bnap_XP_013742428.1	Atha_NP_176450.2	100.0	S	0.0
Bnap_XP_048595737.1	Atha_NP_176450.2	100.0	S	0.0
Bnap_XP_048626011.1	Atha_NP_176450.2	100.0	S	0.0
Bnap_XP_022548210.2	Atha_NP_176526.1	100.0	S	0.0
Bnap_XP_013742428.1	Atha_NP_176526.1	100.0	S	0.0
Bnap_XP_048595737.1	Atha_NP_176526.1	100.0	S	0.0
Bnap_XP_048626011.1	Atha_NP_176526.1	100.0	S	0.0
Bnap_XP_022548210.2	Atha_NP_001320337.1	100.0	S	0.0
Bnap_XP_013742428.1	Atha_NP_001320337.1	100.0	S	0.0
Bnap_XP_048595737.1	Atha_NP_001320337.1	100.0	S	0.0
Bnap_XP_048626011.1	Atha_NP_001320337.1	100.0	S	0.0
Bnap_XP_022548210.2	Atha_NP_001323101.1	100.0	S	0.0
Bnap_XP_013742428.1	Atha_NP_001323101.1	100.0	S	0.0
Bnap_XP_048595737.1	Atha_NP_001323101.1	100.0	S	0.0
Bnap_XP_048626011.1	Atha_NP_001323101.1	100.0	S	0.0
Bnap_XP_022548210.2	Atha_NP_176448.1	100.0	S	0.0
Bnap_XP_013742428.1	Atha_NP_176448.1	100.0	S	0.0
Bnap_XP_048595737.1	Atha_NP_176448.1	100.0	S	0.0
Bnap_XP_048626011.1	Atha_NP_176448.1	100.0	S	0.0
Bnap_XP_022548210.2	Atha_NP_001319303.1	100.0	S	0.0
Bnap_XP_013742428.1	Atha_NP_001319303.1	100.0	S	0.0
Bnap_XP_048595737.1	Atha_NP_001319303.1	100.0	S	0.0
Bnap_XP_048626011.1	Atha_NP_001319303.1	100.0	S	0.0
Sollyc_XP_069151686.1	Sollyc_XP_069151682.1	1.0	D	1.0
Sollyc_XP_069151686.1	Sollyc_XP_069151681.1	1.0	D	1.0
Sollyc_XP_069151686.1	Sollyc_XP_069151678.1	1.0	D	1.0
Sollyc_XP_069151686.1	Sollyc_XP_069151683.1	1.0	D	1.0
Sollyc_XP_069151686.1	Sollyc_XP_069151685.1	1.0	D	1.0
Sollyc_XP_069151686.1	Sollyc_XP_069151674.1	1.0	D	1.0
Sollyc_XP_069151686.1	Sollyc_XP_069151684.1	1.0	D	1.0
Sollyc_XP_069151686.1	Sollyc_XP_069151670.1	1.0	D	1.0
Sollyc_XP_069151686.1	Sollyc_XP_069151679.1	1.0	D	1.0
Sollyc_XP_069151686.1	Sollyc_XP_069151680.1	1.0	D	1.0
Sollyc_XP_069151686.1	Sollyc_XP_069151675.1	1.0	D	1.0
Mesc_XP_021605089.1	Mesc_XP_043810293.1	100.0	D	1.0
Bnap_XP_013742428.1	Bnap_XP_022548210.2	98.0	D	1.0
Bnap_XP_013742428.1	Bnap_XP_048595737.1	98.0	D	1.0
Bnap_XP_013742428.1	Bnap_XP_048626011.1	98.0	D	1.0
Atha_NP_176448.1	Atha_NP_176450.2	93.0	D	1.0
Atha_NP_001322976.1	Atha_NP_176450.2	93.0	D	1.0
Atha_NP_001319303.1	Atha_NP_176450.2	93.0	D	1.0
Atha_NP_176448.1	Atha_NP_176526.1	93.0	D	1.0
Atha_NP_001322976.1	Atha_NP_176526.1	93.0	D	1.0
Atha_NP_001319303.1	Atha_NP_176526.1	93.0	D	1.0
Atha_NP_176448.1	Atha_NP_001323101.1	93.0	D	1.0
Atha_NP_001322976.1	Atha_NP_001323101.1	93.0	D	1.0
Atha_NP_001319303.1	Atha_NP_001323101.1	93.0	D	1.0
Atha_NP_176448.1	Atha_NP_001320337.1	93.0	D	1.0
Atha_NP_001322976.1	Atha_NP_001320337.1	93.0	D	1.0
Atha_NP_001319303.1	Atha_NP_001320337.1	93.0	D	1.0
Sollyc_XP_069151684.1	Sollyc_XP_069151682.1	1.0	D	1.0
Sollyc_XP_069151684.1	Sollyc_XP_069151681.1	1.0	D	1.0
Sollyc_XP_069151684.1	Sollyc_XP_069151678.1	1.0	D	1.0
Sollyc_XP_069151684.1	Sollyc_XP_069151683.1	1.0	D	1.0
Sollyc_XP_069151684.1	Sollyc_XP_069151685.1	1.0	D	1.0
Sollyc_XP_069151684.1	Sollyc_XP_069151674.1	1.0	D	1.0
Sollyc_XP_069151684.1	Sollyc_XP_069151670.1	1.0	D	1.0
Sollyc_XP_069151684.1	Sollyc_XP_069151679.1	1.0	D	1.0
Sollyc_XP_069151684.1	Sollyc_XP_069151680.1	1.0	D	1.0
Sollyc_XP_069151684.1	Sollyc_XP_069151675.1	1.0	D	1.0
Bnap_XP_022548210.2	Bnap_XP_048595737.1	100.0	D	1.0
Bnap_XP_022548210.2	Bnap_XP_048626011.1	100.0	D	1.0
Atha_NP_001319303.1	Atha_NP_176448.1	100.0	D	1.0
Atha_NP_001319303.1	Atha_NP_001322976.1	100.0	D	1.0
Atha_NP_176450.2	Atha_NP_176526.1	100.0	D	1.0
Atha_NP_001323101.1	Atha_NP_176526.1	100.0	D	1.0
Atha_NP_176450.2	Atha_NP_001320337.1	100.0	D	1.0
Atha_NP_001323101.1	Atha_NP_001320337.1	100.0	D	1.0
Atha_NP_176523.4	Atha_NP_001321123.1	100.0	D	1.0
Atha_NP_176523.4	Atha_NP_001321124.1	100.0	D	1.0
Atha_NP_176523.4	Atha_NP_176446.1	100.0	D	1.0
Atha_NP_172684.1	Bnap_XP_013708496.2	99.0	S	0.0
Atha_NP_001323033.1	Bnap_XP_013708496.2	99.0	S	0.0
Atha_NP_172684.1	Bnap_XP_013693411.2	99.0	S	0.0
Atha_NP_001323033.1	Bnap_XP_013693411.2	99.0	S	0.0
Atha_NP_172684.1	Bnap_XP_048590916.1	99.0	S	0.0
Atha_NP_001323033.1	Bnap_XP_048590916.1	99.0	S	0.0
Atha_NP_172684.1	Bnap_XP_013697008.2	99.0	S	0.0
Atha_NP_001323033.1	Bnap_XP_013697008.2	99.0	S	0.0
Atha_NP_172680.1	Atha_NP_172677.1	95.0	D	1.0
Sollyc_XP_069151680.1	Sollyc_XP_069151682.1	1.0	D	1.0
Sollyc_XP_069151680.1	Sollyc_XP_069151681.1	1.0	D	1.0
Sollyc_XP_069151680.1	Sollyc_XP_069151678.1	1.0	D	1.0
Sollyc_XP_069151680.1	Sollyc_XP_069151683.1	1.0	D	1.0
Sollyc_XP_069151680.1	Sollyc_XP_069151685.1	1.0	D	1.0
Sollyc_XP_069151680.1	Sollyc_XP_069151674.1	1.0	D	1.0
Sollyc_XP_069151680.1	Sollyc_XP_069151670.1	1.0	D	1.0
Sollyc_XP_069151680.1	Sollyc_XP_069151679.1	1.0	D	1.0
Sollyc_XP_069151680.1	Sollyc_XP_069151675.1	1.0	D	1.0
Bnap_XP_048626011.1	Bnap_XP_048595737.1	100.0	D	1.0
Atha_NP_001322976.1	Atha_NP_176448.1	100.0	D	1.0
Atha_NP_176450.2	Atha_NP_001323101.1	79.0	D	1.0
Atha_NP_176526.1	Atha_NP_001320337.1	100.0	D	1.0
Atha_NP_001321124.1	Atha_NP_001321123.1	100.0	D	1.0
Atha_NP_001321124.1	Atha_NP_176446.1	100.0	D	1.0
Atha_NP_172684.1	Atha_NP_001323033.1	100.0	D	1.0
Bnap_XP_013708496.2	Bnap_XP_013693411.2	84.0	D	1.0
Bnap_XP_013697008.2	Bnap_XP_013693411.2	84.0	D	1.0
Bnap_XP_013708496.2	Bnap_XP_048590916.1	84.0	D	1.0
Bnap_XP_013697008.2	Bnap_XP_048590916.1	84.0	D	1.0
Atha_NP_001323223.1	Bnap_XP_013657481.2	100.0	S	0.0
Atha_NP_001077522.1	Bnap_XP_013657481.2	100.0	S	0.0
Atha_NP_172678.3	Bnap_XP_013657481.2	100.0	S	0.0
Atha_NP_001323223.1	Bnap_XP_013677877.1	100.0	S	0.0
Atha_NP_001077522.1	Bnap_XP_013677877.1	100.0	S	0.0
Atha_NP_172678.3	Bnap_XP_013677877.1	100.0	S	0.0
Atha_NP_001323223.1	Bnap_XP_013711135.2	100.0	S	0.0
Atha_NP_001077522.1	Bnap_XP_013711135.2	100.0	S	0.0
Atha_NP_172678.3	Bnap_XP_013711135.2	100.0	S	0.0
Atha_NP_001323223.1	Bnap_XP_013697440.2	100.0	S	0.0
Atha_NP_001077522.1	Bnap_XP_013697440.2	100.0	S	0.0
Atha_NP_172678.3	Bnap_XP_013697440.2	100.0	S	0.0
Sollyc_XP_069151683.1	Sollyc_XP_069151682.1	1.0	D	1.0
Sollyc_XP_069151683.1	Sollyc_XP_069151681.1	1.0	D	1.0
Sollyc_XP_069151683.1	Sollyc_XP_069151678.1	1.0	D	1.0
Sollyc_XP_069151683.1	Sollyc_XP_069151685.1	1.0	D	1.0
Sollyc_XP_069151683.1	Sollyc_XP_069151674.1	1.0	D	1.0
Sollyc_XP_069151683.1	Sollyc_XP_069151670.1	1.0	D	1.0
Sollyc_XP_069151683.1	Sollyc_XP_069151679.1	1.0	D	1.0
Sollyc_XP_069151683.1	Sollyc_XP_069151675.1	1.0	D	1.0
Atha_NP_001321123.1	Atha_NP_176446.1	65.0	D	1.0
Bnap_XP_013697008.2	Bnap_XP_013708496.2	100.0	D	1.0
Bnap_XP_013693411.2	Bnap_XP_048590916.1	100.0	D	1.0
Atha_NP_172678.3	Atha_NP_001323223.1	100.0	D	1.0
Atha_NP_172678.3	Atha_NP_001077522.1	100.0	D	1.0
Bnap_XP_013657481.2	Bnap_XP_013711135.2	98.0	D	1.0
Bnap_XP_013677877.1	Bnap_XP_013711135.2	98.0	D	1.0
Bnap_XP_013657481.2	Bnap_XP_013697440.2	98.0	D	1.0
Bnap_XP_013677877.1	Bnap_XP_013697440.2	98.0	D	1.0
Sollyc_XP_069151675.1	Sollyc_XP_069151682.1	1.0	D	1.0
Sollyc_XP_069151675.1	Sollyc_XP_069151681.1	1.0	D	1.0
Sollyc_XP_069151675.1	Sollyc_XP_069151678.1	1.0	D	1.0
Sollyc_XP_069151675.1	Sollyc_XP_069151685.1	1.0	D	1.0
Sollyc_XP_069151675.1	Sollyc_XP_069151674.1	1.0	D	1.0
Sollyc_XP_069151675.1	Sollyc_XP_069151670.1	1.0	D	1.0
Sollyc_XP_069151675.1	Sollyc_XP_069151679.1	1.0	D	1.0
Atha_NP_001323223.1	Atha_NP_001077522.1	37.0	D	1.0
Bnap_XP_013677877.1	Bnap_XP_013657481.2	100.0	D	1.0
Bnap_XP_013711135.2	Bnap_XP_013697440.2	100.0	D	1.0
Atha_NP_001321026.1	Atha_NP_176444.1	100.0	D	1.0
Bnap_XP_048626012.1	Atha_NP_564796.1	87.0	S	0.0
Bnap_XP_013644384.1	Atha_NP_564796.1	87.0	S	0.0
Bnap_XP_048626012.1	Atha_NP_001320894.1	87.0	S	0.0
Bnap_XP_013644384.1	Atha_NP_001320894.1	87.0	S	0.0
Bnap_XP_048626012.1	Atha_NP_176761.1	87.0	S	0.0
Bnap_XP_013644384.1	Atha_NP_176761.1	87.0	S	0.0
Bnap_XP_048626012.1	Atha_NP_001320895.1	87.0	S	0.0
Bnap_XP_013644384.1	Atha_NP_001320895.1	87.0	S	0.0
Sollyc_XP_069151678.1	Sollyc_XP_069151682.1	1.0	D	1.0
Sollyc_XP_069151678.1	Sollyc_XP_069151681.1	1.0	D	1.0
Sollyc_XP_069151678.1	Sollyc_XP_069151685.1	1.0	D	1.0
Sollyc_XP_069151678.1	Sollyc_XP_069151674.1	1.0	D	1.0
Sollyc_XP_069151678.1	Sollyc_XP_069151670.1	1.0	D	1.0
Sollyc_XP_069151678.1	Sollyc_XP_069151679.1	1.0	D	1.0
Bnap_XP_013644384.1	Bnap_XP_048626012.1	100.0	D	1.0
Atha_NP_176761.1	Atha_NP_564796.1	77.0	D	1.0
Atha_NP_176761.1	Atha_NP_001320894.1	77.0	D	1.0
Atha_NP_176761.1	Atha_NP_001320895.1	77.0	D	1.0
Sollyc_XP_069151682.1	Sollyc_XP_069151681.1	1.0	D	1.0
Sollyc_XP_069151682.1	Sollyc_XP_069151685.1	1.0	D	1.0
Sollyc_XP_069151682.1	Sollyc_XP_069151674.1	1.0	D	1.0
Sollyc_XP_069151682.1	Sollyc_XP_069151670.1	1.0	D	1.0
Sollyc_XP_069151682.1	Sollyc_XP_069151679.1	1.0	D	1.0
Atha_NP_001320895.1	Atha_NP_564796.1	100.0	D	1.0
Atha_NP_001320895.1	Atha_NP_001320894.1	100.0	D	1.0
Sollyc_XP_069151674.1	Sollyc_XP_069151685.1	1.0	D	1.0
Sollyc_XP_069151674.1	Sollyc_XP_069151679.1	1.0	D	1.0
Sollyc_XP_069151674.1	Sollyc_XP_069151670.1	1.0	D	1.0
Sollyc_XP_069151674.1	Sollyc_XP_069151681.1	1.0	D	1.0
Atha_NP_564796.1	Atha_NP_001320894.1	60.0	D	1.0
Sollyc_XP_069151681.1	Sollyc_XP_069151685.1	1.0	D	1.0
Sollyc_XP_069151681.1	Sollyc_XP_069151679.1	1.0	D	1.0
Sollyc_XP_069151681.1	Sollyc_XP_069151670.1	1.0	D	1.0
Sollyc_XP_069151679.1	Sollyc_XP_069151685.1	1.0	D	1.0
Sollyc_XP_069151679.1	Sollyc_XP_069151670.1	1.0	D	1.0
Sollyc_XP_069151670.1	Sollyc_XP_069151685.1	1.0	D	1.0
