in_gene	out_gene	branch_support	ev_type	sos
Otau_XP_003077921.2	Awhi_Unigene8251_Abeoforma_whisleri|m.5403	60.0	S	0.0
Otau_XP_003077921.2	Cfra_CFRG3290T1	60.0	S	0.0
Otau_XP_003077921.2	Pgem_Unigene40314_Pirum_gemmata|m.24993	60.0	S	0.0
Otau_XP_003077921.2	Pgem_Unigene40313_Pirum_gemmata|m.24992	60.0	S	0.0
Otau_XP_003077921.2	Pigchi_Pchi_g31	60.0	S	0.0
Otau_XP_003077921.2	Awhi_Unigene23310_Abeoforma_whisleri|m.15382	60.0	S	0.0
Otau_XP_003077921.2	Awhi_Unigene20861_Abeoforma_whisleri|m.14448	60.0	S	0.0
Otau_XP_003077921.2	Pgem_Unigene18918_Pirum_gemmata|m.12198	60.0	S	0.0
Otau_XP_003077921.2	Pigvie_Pvie_g537	60.0	S	0.0
Otau_XP_003077921.2	Sarc_XP_014160619.1	60.0	S	0.0
Awhi_Unigene8251_Abeoforma_whisleri|m.5403	Pigvie_Pvie_g537	98.0	S	0.0
Pgem_Unigene18918_Pirum_gemmata|m.12198	Pigvie_Pvie_g537	98.0	S	0.0
Awhi_Unigene8251_Abeoforma_whisleri|m.5403	Pigchi_Pchi_g31	98.0	S	0.0
Pgem_Unigene18918_Pirum_gemmata|m.12198	Pigchi_Pchi_g31	98.0	S	0.0
Otau_XP_003083235.1	Pigchi_Pchi_g3185	99.0	S	0.0
Otau_XP_003083235.1	Pigvie_Pvie_g8567	99.0	S	0.0
Mbre_XP_001746523.1	Twil_T_wilhelma_c26981_g1_i1|m.18991	96.0	S	0.0
Mbre_XP_001746523.1	Emue_Em0021g691a	96.0	S	0.0
Mbre_XP_001746523.1	Emue_Em0021g680a	96.0	S	0.0
Mbre_XP_001746523.1	Lcom_lcpid62227|	96.0	S	0.0
Mbre_XP_001746523.1	Aque_XP_019863486.1	96.0	S	0.0
Mbre_XP_001746523.1	Emue_Em0796g4a	96.0	S	0.0
Mbre_XP_001746523.1	Scil_XP_065178186.1	96.0	S	0.0
Pigchi_Pchi_g13640	Priarc_PARCANUS000012818.t1	98.0	S	0.0
Pigvie_Pvie_g13395	Priarc_PARCANUS000012818.t1	98.0	S	0.0
Pigchi_Pchi_g13640	Rcul_nRc.2.0.1.t46458-RA	98.0	S	0.0
Pigvie_Pvie_g13395	Rcul_nRc.2.0.1.t46458-RA	98.0	S	0.0
Pigchi_Pchi_g13640	Obim_XP_052822002.1	98.0	S	0.0
Pigvie_Pvie_g13395	Obim_XP_052822002.1	98.0	S	0.0
Pigchi_Pchi_g13640	Ggal_XP_040560171.1	98.0	S	0.0
Pigvie_Pvie_g13395	Ggal_XP_040560171.1	98.0	S	0.0
Pigchi_Pchi_g13640	Smed_h1SMcT0005103.4	98.0	S	0.0
Pigvie_Pvie_g13395	Smed_h1SMcT0005103.4	98.0	S	0.0
Pigchi_Pchi_g13640	Spur_XP_030855882.1	98.0	S	0.0
Pigvie_Pvie_g13395	Spur_XP_030855882.1	98.0	S	0.0
Pigchi_Pchi_g13640	Hsap_XP_047304876.1	98.0	S	0.0
Pigvie_Pvie_g13395	Hsap_XP_047304876.1	98.0	S	0.0
Pigchi_Pchi_g13640	Lpol_XP_022239788.1	98.0	S	0.0
Pigvie_Pvie_g13395	Lpol_XP_022239788.1	98.0	S	0.0
Pigchi_Pchi_g13640	Avag_UJR21788.1	98.0	S	0.0
Pigvie_Pvie_g13395	Avag_UJR21788.1	98.0	S	0.0
Pigchi_Pchi_g13640	Twil_T_wilhelma_c32405_g1_i6|m.47715	98.0	S	0.0
Pigvie_Pvie_g13395	Twil_T_wilhelma_c32405_g1_i6|m.47715	98.0	S	0.0
Pigchi_Pchi_g13640	Mhap_MhA1_Contig2752.frz3.gene1	98.0	S	0.0
Pigvie_Pvie_g13395	Mhap_MhA1_Contig2752.frz3.gene1	98.0	S	0.0
Pigchi_Pchi_g13640	Ggal_XP_040560170.1	98.0	S	0.0
Pigvie_Pvie_g13395	Ggal_XP_040560170.1	98.0	S	0.0
Pigchi_Pchi_g13640	Lloa_XP_020302644.1	98.0	S	0.0
Pigvie_Pvie_g13395	Lloa_XP_020302644.1	98.0	S	0.0
Pigchi_Pchi_g13640	Tadh_XP_002118456.1	98.0	S	0.0
Pigvie_Pvie_g13395	Tadh_XP_002118456.1	98.0	S	0.0
Pigchi_Pchi_g13640	Lcom_lcpid72575|	98.0	S	0.0
Pigvie_Pvie_g13395	Lcom_lcpid72575|	98.0	S	0.0
Pigchi_Pchi_g13640	Ggal_XP_040560168.1	98.0	S	0.0
Pigvie_Pvie_g13395	Ggal_XP_040560168.1	98.0	S	0.0
Pigchi_Pchi_g13640	Ggal_XP_046799733.1	98.0	S	0.0
Pigvie_Pvie_g13395	Ggal_XP_046799733.1	98.0	S	0.0
Pigchi_Pchi_g13640	Hrob_XP_009026773.1	98.0	S	0.0
Pigvie_Pvie_g13395	Hrob_XP_009026773.1	98.0	S	0.0
Pigchi_Pchi_g13640	Sman_XP_018650624.1	98.0	S	0.0
Pigvie_Pvie_g13395	Sman_XP_018650624.1	98.0	S	0.0
Pigchi_Pchi_g13640	Apimel_XP_016767904.1	98.0	S	0.0
Pigvie_Pvie_g13395	Apimel_XP_016767904.1	98.0	S	0.0
Pigchi_Pchi_g13640	Cint_XP_002119759.1	98.0	S	0.0
Pigvie_Pvie_g13395	Cint_XP_002119759.1	98.0	S	0.0
Pigchi_Pchi_g13640	Twil_T_wilhelma_c32405_g1_i2|m.47711	98.0	S	0.0
Pigvie_Pvie_g13395	Twil_T_wilhelma_c32405_g1_i2|m.47711	98.0	S	0.0
Pigchi_Pchi_g13640	Btab_XP_018915393.1	98.0	S	0.0
Pigvie_Pvie_g13395	Btab_XP_018915393.1	98.0	S	0.0
Pigchi_Pchi_g13640	Cfra_CFRG2798T1	98.0	S	0.0
Pigvie_Pvie_g13395	Cfra_CFRG2798T1	98.0	S	0.0
Pigchi_Pchi_g13640	Awhi_Unigene35172_Abeoforma_whisleri|m.22263	98.0	S	0.0
Pigvie_Pvie_g13395	Awhi_Unigene35172_Abeoforma_whisleri|m.22263	98.0	S	0.0
Pigchi_Pchi_g13640	Eela_EEL_0000209001-mRNA-1	98.0	S	0.0
Pigvie_Pvie_g13395	Eela_EEL_0000209001-mRNA-1	98.0	S	0.0
Pigchi_Pchi_g13640	Asuu_AgB03_g048_t04	98.0	S	0.0
Pigvie_Pvie_g13395	Asuu_AgB03_g048_t04	98.0	S	0.0
Pigchi_Pchi_g13640	Sros_XP_004994182.1	98.0	S	0.0
Pigvie_Pvie_g13395	Sros_XP_004994182.1	98.0	S	0.0
Pigchi_Pchi_g13640	Smed_h1SMcT0005103.2	98.0	S	0.0
Pigvie_Pvie_g13395	Smed_h1SMcT0005103.2	98.0	S	0.0
Pigchi_Pchi_g13640	Hsap_XP_047304874.1	98.0	S	0.0
Pigvie_Pvie_g13395	Hsap_XP_047304874.1	98.0	S	0.0
Pigchi_Pchi_g13640	Ovol_OVOC5945	98.0	S	0.0
Pigvie_Pvie_g13395	Ovol_OVOC5945	98.0	S	0.0
Pigchi_Pchi_g13640	Cvir_XP_022288659.1	98.0	S	0.0
Pigvie_Pvie_g13395	Cvir_XP_022288659.1	98.0	S	0.0
Pigchi_Pchi_g13640	Hsap_XP_047304875.1	98.0	S	0.0
Pigvie_Pvie_g13395	Hsap_XP_047304875.1	98.0	S	0.0
Pigchi_Pchi_g13640	Ggal_XP_040560166.1	98.0	S	0.0
Pigvie_Pvie_g13395	Ggal_XP_040560166.1	98.0	S	0.0
Pigchi_Pchi_g13640	Bmor_XP_004921852.1	98.0	S	0.0
Pigvie_Pvie_g13395	Bmor_XP_004921852.1	98.0	S	0.0
Pigchi_Pchi_g13640	Wban_VDM07865.1	98.0	S	0.0
Pigvie_Pvie_g13395	Wban_VDM07865.1	98.0	S	0.0
Pigchi_Pchi_g13640	Mlei_ML11821a-PA	98.0	S	0.0
Pigvie_Pvie_g13395	Mlei_ML11821a-PA	98.0	S	0.0
Pigchi_Pchi_g13640	Awhi_Unigene35173_Abeoforma_whisleri|m.22264	98.0	S	0.0
Pigvie_Pvie_g13395	Awhi_Unigene35173_Abeoforma_whisleri|m.22264	98.0	S	0.0
Pigchi_Pchi_g13640	Bmal_XP_001893320.2	98.0	S	0.0
Pigvie_Pvie_g13395	Bmal_XP_001893320.2	98.0	S	0.0
Pigchi_Pchi_g13640	Drer_XP_005167885.1	98.0	S	0.0
Pigvie_Pvie_g13395	Drer_XP_005167885.1	98.0	S	0.0
Pigchi_Pchi_g13640	Smar_SMAR012789-PA	98.0	S	0.0
Pigvie_Pvie_g13395	Smar_SMAR012789-PA	98.0	S	0.0
Pigchi_Pchi_g13640	Sbat_VDP06211.1	98.0	S	0.0
Pigvie_Pvie_g13395	Sbat_VDP06211.1	98.0	S	0.0
Pigchi_Pchi_g13640	Gpal_Gpal_D383_g03642.t1	98.0	S	0.0
Pigvie_Pvie_g13395	Gpal_Gpal_D383_g03642.t1	98.0	S	0.0
Pigchi_Pchi_g13640	Twil_T_wilhelma_c32405_g1_i3|m.47712	98.0	S	0.0
Pigvie_Pvie_g13395	Twil_T_wilhelma_c32405_g1_i3|m.47712	98.0	S	0.0
Pigchi_Pchi_g13640	Ggal_XP_040560172.1	98.0	S	0.0
Pigvie_Pvie_g13395	Ggal_XP_040560172.1	98.0	S	0.0
Pigchi_Pchi_g13640	Lsig_VDK88905.1	98.0	S	0.0
Pigvie_Pvie_g13395	Lsig_VDK88905.1	98.0	S	0.0
Pigchi_Pchi_g13640	Cscu_XP_023216396.1	98.0	S	0.0
Pigvie_Pvie_g13395	Cscu_XP_023216396.1	98.0	S	0.0
Pigchi_Pchi_g13640	Psp.PS1159_PS1159_v2.g11687.t1	98.0	S	0.0
Pigvie_Pvie_g13395	Psp.PS1159_PS1159_v2.g11687.t1	98.0	S	0.0
Pigchi_Pchi_g13640	Pgem_Unigene21894_Pirum_gemmata|m.14170	98.0	S	0.0
Pigvie_Pvie_g13395	Pgem_Unigene21894_Pirum_gemmata|m.14170	98.0	S	0.0
Pigchi_Pchi_g13640	Asuu_AgB03_g048_t03	98.0	S	0.0
Pigvie_Pvie_g13395	Asuu_AgB03_g048_t03	98.0	S	0.0
Pigchi_Pchi_g13640	Echgra_XP_024354894.1	98.0	S	0.0
Pigvie_Pvie_g13395	Echgra_XP_024354894.1	98.0	S	0.0
Pigchi_Pchi_g13640	Agrpla_XP_018334324.1	98.0	S	0.0
Pigvie_Pvie_g13395	Agrpla_XP_018334324.1	98.0	S	0.0
Pigchi_Pchi_g13640	Aque_XP_003390430.1	98.0	S	0.0
Pigvie_Pvie_g13395	Aque_XP_003390430.1	98.0	S	0.0
Pigchi_Pchi_g13640	Aplcal_XP_005095742.2	98.0	S	0.0
Pigvie_Pvie_g13395	Aplcal_XP_005095742.2	98.0	S	0.0
Pigchi_Pchi_g13640	Agrpla_XP_025832966.1	98.0	S	0.0
Pigvie_Pvie_g13395	Agrpla_XP_025832966.1	98.0	S	0.0
Pigchi_Pchi_g13640	Hsap_NP_078886.2	98.0	S	0.0
Pigvie_Pvie_g13395	Hsap_NP_078886.2	98.0	S	0.0
Pigchi_Pchi_g13640	Ofus_CAH1775754.1	98.0	S	0.0
Pigvie_Pvie_g13395	Ofus_CAH1775754.1	98.0	S	0.0
Pigchi_Pchi_g13640	Obim_XP_052822003.1	98.0	S	0.0
Pigvie_Pvie_g13395	Obim_XP_052822003.1	98.0	S	0.0
Pigchi_Pchi_g13640	Ggal_XP_015145483.2	98.0	S	0.0
Pigvie_Pvie_g13395	Ggal_XP_015145483.2	98.0	S	0.0
Pigchi_Pchi_g13640	Avit_KAL3984644.1	98.0	S	0.0
Pigvie_Pvie_g13395	Avit_KAL3984644.1	98.0	S	0.0
Pigchi_Pchi_g13640	Dimm_MCP9262741.1	98.0	S	0.0
Pigvie_Pvie_g13395	Dimm_MCP9262741.1	98.0	S	0.0
Pigchi_Pchi_g13640	Mjap_MIJAPON000007023.t1	98.0	S	0.0
Pigvie_Pvie_g13395	Mjap_MIJAPON000007023.t1	98.0	S	0.0
Pigchi_Pchi_g13640	Drer_NP_001003777.1	98.0	S	0.0
Pigvie_Pvie_g13395	Drer_NP_001003777.1	98.0	S	0.0
Pigchi_Pchi_g13640	Ggal_XP_040560169.1	98.0	S	0.0
Pigvie_Pvie_g13395	Ggal_XP_040560169.1	98.0	S	0.0
Pigchi_Pchi_g13640	Dpul_XP_046446230.1	98.0	S	0.0
Pigvie_Pvie_g13395	Dpul_XP_046446230.1	98.0	S	0.0
Pigchi_Pchi_g13640	Hsap_XP_005247819.1	98.0	S	0.0
Pigvie_Pvie_g13395	Hsap_XP_005247819.1	98.0	S	0.0
Pigchi_Pchi_g13640	Skow_XP_002741537.1	98.0	S	0.0
Pigvie_Pvie_g13395	Skow_XP_002741537.1	98.0	S	0.0
Pigchi_Pchi_g13640	Hsap_XP_016862668.1	98.0	S	0.0
Pigvie_Pvie_g13395	Hsap_XP_016862668.1	98.0	S	0.0
Pigchi_Pchi_g13640	Sarc_XP_014158518.1	98.0	S	0.0
Pigvie_Pvie_g13395	Sarc_XP_014158518.1	98.0	S	0.0
Pigchi_Pchi_g13640	Smed_h1SMcT0005103.3	98.0	S	0.0
Pigvie_Pvie_g13395	Smed_h1SMcT0005103.3	98.0	S	0.0
Pigchi_Pchi_g13640	Ggal_XP_040560173.1	98.0	S	0.0
Pigvie_Pvie_g13395	Ggal_XP_040560173.1	98.0	S	0.0
Pigchi_Pchi_g13640	Ggal_XP_040560167.1	98.0	S	0.0
Pigvie_Pvie_g13395	Ggal_XP_040560167.1	98.0	S	0.0
Pigchi_Pchi_g13640	Twil_T_wilhelma_c32405_g1_i5|m.47714	98.0	S	0.0
Pigvie_Pvie_g13395	Twil_T_wilhelma_c32405_g1_i5|m.47714	98.0	S	0.0
Pigchi_Pchi_g13640	Pvan_XP_069969518.1	98.0	S	0.0
Pigvie_Pvie_g13395	Pvan_XP_069969518.1	98.0	S	0.0
Pigchi_Pchi_g13640	Twil_T_wilhelma_c32405_g1_i1|m.47710	98.0	S	0.0
Pigvie_Pvie_g13395	Twil_T_wilhelma_c32405_g1_i1|m.47710	98.0	S	0.0
Pigchi_Pchi_g13640	Drer_XP_021334317.1	98.0	S	0.0
Pigvie_Pvie_g13395	Drer_XP_021334317.1	98.0	S	0.0
Pigchi_Pchi_g13640	Ggal_XP_040560165.1	98.0	S	0.0
Pigvie_Pvie_g13395	Ggal_XP_040560165.1	98.0	S	0.0
Pigchi_Pchi_g13640	Obim_XP_052822001.1	98.0	S	0.0
Pigvie_Pvie_g13395	Obim_XP_052822001.1	98.0	S	0.0
Pigchi_Pchi_g13640	Lana_XP_013413884.1	98.0	S	0.0
Pigvie_Pvie_g13395	Lana_XP_013413884.1	98.0	S	0.0
Pigchi_Pchi_g13640	Hsap_NP_001307657.1	98.0	S	0.0
Pigvie_Pvie_g13395	Hsap_NP_001307657.1	98.0	S	0.0
Pigchi_Pchi_g13640	Trimur_TMUE_1000003398	98.0	S	0.0
Pigvie_Pvie_g13395	Trimur_TMUE_1000003398	98.0	S	0.0
Pigchi_Pchi_g13640	Agrpla_XP_018334326.1	98.0	S	0.0
Pigvie_Pvie_g13395	Agrpla_XP_018334326.1	98.0	S	0.0
Pigchi_Pchi_g13640	Aque_XP_003385276.1	98.0	S	0.0
Pigvie_Pvie_g13395	Aque_XP_003385276.1	98.0	S	0.0
Pigchi_Pchi_g13640	Scil_XP_065198767.1	98.0	S	0.0
Pigvie_Pvie_g13395	Scil_XP_065198767.1	98.0	S	0.0
Pigchi_Pchi_g13640	Blan_XP_066295391.1	98.0	S	0.0
Pigvie_Pvie_g13395	Blan_XP_066295391.1	98.0	S	0.0
Pigchi_Pchi_g13640	Blan_XP_066295390.1	98.0	S	0.0
Pigvie_Pvie_g13395	Blan_XP_066295390.1	98.0	S	0.0
Pigchi_Pchi_g13640	Smed_h1SMcT0005103.1	98.0	S	0.0
Pigvie_Pvie_g13395	Smed_h1SMcT0005103.1	98.0	S	0.0
Pigchi_Pchi_g13640	Dmel_NP_651581.2	98.0	S	0.0
Pigvie_Pvie_g13395	Dmel_NP_651581.2	98.0	S	0.0
Pigchi_Pchi_g13640	Tsui_KHJ40711.1	98.0	S	0.0
Pigvie_Pvie_g13395	Tsui_KHJ40711.1	98.0	S	0.0
Pigchi_Pchi_g13640	Apla_XP_022084577.1	98.0	S	0.0
Pigvie_Pvie_g13395	Apla_XP_022084577.1	98.0	S	0.0
Pigchi_Pchi_g13640	Xtro_XP_031749400.1	98.0	S	0.0
Pigvie_Pvie_g13395	Xtro_XP_031749400.1	98.0	S	0.0
Pigchi_Pchi_g13640	Obim_XP_052822004.1	98.0	S	0.0
Pigvie_Pvie_g13395	Obim_XP_052822004.1	98.0	S	0.0
Pigchi_Pchi_g13640	Ttri_CDW54493.1	98.0	S	0.0
Pigvie_Pvie_g13395	Ttri_CDW54493.1	98.0	S	0.0
Awhi_Unigene8251_Abeoforma_whisleri|m.5403	Pgem_Unigene18918_Pirum_gemmata|m.12198	100.0	S	0.0
Pigchi_Pchi_g31	Pigvie_Pvie_g537	100.0	S	0.0
Pgem_Unigene40313_Pirum_gemmata|m.24992	Cfra_CFRG3290T1	100.0	S	0.0
Pgem_Unigene40314_Pirum_gemmata|m.24993	Cfra_CFRG3290T1	100.0	S	0.0
Pgem_Unigene40313_Pirum_gemmata|m.24992	Sarc_XP_014160619.1	100.0	S	0.0
Pgem_Unigene40314_Pirum_gemmata|m.24993	Sarc_XP_014160619.1	100.0	S	0.0
Pgem_Unigene40313_Pirum_gemmata|m.24992	Awhi_Unigene23310_Abeoforma_whisleri|m.15382	100.0	S	0.0
Pgem_Unigene40314_Pirum_gemmata|m.24993	Awhi_Unigene23310_Abeoforma_whisleri|m.15382	100.0	S	0.0
Pigvie_Pvie_g8567	Pigchi_Pchi_g3185	100.0	S	0.0
Scil_XP_065178186.1	Twil_T_wilhelma_c26981_g1_i1|m.18991	100.0	S	0.0
Lcom_lcpid62227|	Twil_T_wilhelma_c26981_g1_i1|m.18991	100.0	S	0.0
Scil_XP_065178186.1	Emue_Em0021g691a	100.0	S	0.0
Lcom_lcpid62227|	Emue_Em0021g691a	100.0	S	0.0
Scil_XP_065178186.1	Emue_Em0021g680a	100.0	S	0.0
Lcom_lcpid62227|	Emue_Em0021g680a	100.0	S	0.0
Scil_XP_065178186.1	Aque_XP_019863486.1	100.0	S	0.0
Lcom_lcpid62227|	Aque_XP_019863486.1	100.0	S	0.0
Scil_XP_065178186.1	Emue_Em0796g4a	100.0	S	0.0
Lcom_lcpid62227|	Emue_Em0796g4a	100.0	S	0.0
Pigchi_Pchi_g13640	Pigvie_Pvie_g13395	100.0	S	0.0
Cfra_CFRG2798T1	Echgra_XP_024354894.1	85.0	S	0.0
Awhi_Unigene35172_Abeoforma_whisleri|m.22263	Echgra_XP_024354894.1	85.0	S	0.0
Priarc_PARCANUS000012818.t1	Echgra_XP_024354894.1	85.0	S	0.0
Eela_EEL_0000209001-mRNA-1	Echgra_XP_024354894.1	85.0	S	0.0
Rcul_nRc.2.0.1.t46458-RA	Echgra_XP_024354894.1	85.0	S	0.0
Sros_XP_004994182.1	Echgra_XP_024354894.1	85.0	S	0.0
Asuu_AgB03_g048_t04	Echgra_XP_024354894.1	85.0	S	0.0
Ovol_OVOC5945	Echgra_XP_024354894.1	85.0	S	0.0
Mhap_MhA1_Contig2752.frz3.gene1	Echgra_XP_024354894.1	85.0	S	0.0
Wban_VDM07865.1	Echgra_XP_024354894.1	85.0	S	0.0
Lloa_XP_020302644.1	Echgra_XP_024354894.1	85.0	S	0.0
Awhi_Unigene35173_Abeoforma_whisleri|m.22264	Echgra_XP_024354894.1	85.0	S	0.0
Bmal_XP_001893320.2	Echgra_XP_024354894.1	85.0	S	0.0
Avit_KAL3984644.1	Echgra_XP_024354894.1	85.0	S	0.0
Dimm_MCP9262741.1	Echgra_XP_024354894.1	85.0	S	0.0
Sbat_VDP06211.1	Echgra_XP_024354894.1	85.0	S	0.0
Mjap_MIJAPON000007023.t1	Echgra_XP_024354894.1	85.0	S	0.0
Trimur_TMUE_1000003398	Echgra_XP_024354894.1	85.0	S	0.0
Gpal_Gpal_D383_g03642.t1	Echgra_XP_024354894.1	85.0	S	0.0
Lsig_VDK88905.1	Echgra_XP_024354894.1	85.0	S	0.0
Tsui_KHJ40711.1	Echgra_XP_024354894.1	85.0	S	0.0
Sarc_XP_014158518.1	Echgra_XP_024354894.1	85.0	S	0.0
Psp.PS1159_PS1159_v2.g11687.t1	Echgra_XP_024354894.1	85.0	S	0.0
Pgem_Unigene21894_Pirum_gemmata|m.14170	Echgra_XP_024354894.1	85.0	S	0.0
Ttri_CDW54493.1	Echgra_XP_024354894.1	85.0	S	0.0
Asuu_AgB03_g048_t03	Echgra_XP_024354894.1	85.0	S	0.0
Cfra_CFRG2798T1	Obim_XP_052822002.1	85.0	S	0.0
Awhi_Unigene35172_Abeoforma_whisleri|m.22263	Obim_XP_052822002.1	85.0	S	0.0
Priarc_PARCANUS000012818.t1	Obim_XP_052822002.1	85.0	S	0.0
Eela_EEL_0000209001-mRNA-1	Obim_XP_052822002.1	85.0	S	0.0
Rcul_nRc.2.0.1.t46458-RA	Obim_XP_052822002.1	85.0	S	0.0
Sros_XP_004994182.1	Obim_XP_052822002.1	85.0	S	0.0
Asuu_AgB03_g048_t04	Obim_XP_052822002.1	85.0	S	0.0
Ovol_OVOC5945	Obim_XP_052822002.1	85.0	S	0.0
Mhap_MhA1_Contig2752.frz3.gene1	Obim_XP_052822002.1	85.0	S	0.0
Wban_VDM07865.1	Obim_XP_052822002.1	85.0	S	0.0
Lloa_XP_020302644.1	Obim_XP_052822002.1	85.0	S	0.0
Awhi_Unigene35173_Abeoforma_whisleri|m.22264	Obim_XP_052822002.1	85.0	S	0.0
Bmal_XP_001893320.2	Obim_XP_052822002.1	85.0	S	0.0
Avit_KAL3984644.1	Obim_XP_052822002.1	85.0	S	0.0
Dimm_MCP9262741.1	Obim_XP_052822002.1	85.0	S	0.0
Sbat_VDP06211.1	Obim_XP_052822002.1	85.0	S	0.0
Mjap_MIJAPON000007023.t1	Obim_XP_052822002.1	85.0	S	0.0
Trimur_TMUE_1000003398	Obim_XP_052822002.1	85.0	S	0.0
Gpal_Gpal_D383_g03642.t1	Obim_XP_052822002.1	85.0	S	0.0
Lsig_VDK88905.1	Obim_XP_052822002.1	85.0	S	0.0
Tsui_KHJ40711.1	Obim_XP_052822002.1	85.0	S	0.0
Sarc_XP_014158518.1	Obim_XP_052822002.1	85.0	S	0.0
Psp.PS1159_PS1159_v2.g11687.t1	Obim_XP_052822002.1	85.0	S	0.0
Pgem_Unigene21894_Pirum_gemmata|m.14170	Obim_XP_052822002.1	85.0	S	0.0
Ttri_CDW54493.1	Obim_XP_052822002.1	85.0	S	0.0
Asuu_AgB03_g048_t03	Obim_XP_052822002.1	85.0	S	0.0
Cfra_CFRG2798T1	Smed_h1SMcT0005103.3	85.0	S	0.0
Awhi_Unigene35172_Abeoforma_whisleri|m.22263	Smed_h1SMcT0005103.3	85.0	S	0.0
Priarc_PARCANUS000012818.t1	Smed_h1SMcT0005103.3	85.0	S	0.0
Eela_EEL_0000209001-mRNA-1	Smed_h1SMcT0005103.3	85.0	S	0.0
Rcul_nRc.2.0.1.t46458-RA	Smed_h1SMcT0005103.3	85.0	S	0.0
Sros_XP_004994182.1	Smed_h1SMcT0005103.3	85.0	S	0.0
Asuu_AgB03_g048_t04	Smed_h1SMcT0005103.3	85.0	S	0.0
Ovol_OVOC5945	Smed_h1SMcT0005103.3	85.0	S	0.0
Mhap_MhA1_Contig2752.frz3.gene1	Smed_h1SMcT0005103.3	85.0	S	0.0
Wban_VDM07865.1	Smed_h1SMcT0005103.3	85.0	S	0.0
Lloa_XP_020302644.1	Smed_h1SMcT0005103.3	85.0	S	0.0
Awhi_Unigene35173_Abeoforma_whisleri|m.22264	Smed_h1SMcT0005103.3	85.0	S	0.0
Bmal_XP_001893320.2	Smed_h1SMcT0005103.3	85.0	S	0.0
Avit_KAL3984644.1	Smed_h1SMcT0005103.3	85.0	S	0.0
Dimm_MCP9262741.1	Smed_h1SMcT0005103.3	85.0	S	0.0
Sbat_VDP06211.1	Smed_h1SMcT0005103.3	85.0	S	0.0
Mjap_MIJAPON000007023.t1	Smed_h1SMcT0005103.3	85.0	S	0.0
Trimur_TMUE_1000003398	Smed_h1SMcT0005103.3	85.0	S	0.0
Gpal_Gpal_D383_g03642.t1	Smed_h1SMcT0005103.3	85.0	S	0.0
Lsig_VDK88905.1	Smed_h1SMcT0005103.3	85.0	S	0.0
Tsui_KHJ40711.1	Smed_h1SMcT0005103.3	85.0	S	0.0
Sarc_XP_014158518.1	Smed_h1SMcT0005103.3	85.0	S	0.0
Psp.PS1159_PS1159_v2.g11687.t1	Smed_h1SMcT0005103.3	85.0	S	0.0
Pgem_Unigene21894_Pirum_gemmata|m.14170	Smed_h1SMcT0005103.3	85.0	S	0.0
Ttri_CDW54493.1	Smed_h1SMcT0005103.3	85.0	S	0.0
Asuu_AgB03_g048_t03	Smed_h1SMcT0005103.3	85.0	S	0.0
Cfra_CFRG2798T1	Agrpla_XP_018334324.1	85.0	S	0.0
Awhi_Unigene35172_Abeoforma_whisleri|m.22263	Agrpla_XP_018334324.1	85.0	S	0.0
Priarc_PARCANUS000012818.t1	Agrpla_XP_018334324.1	85.0	S	0.0
Eela_EEL_0000209001-mRNA-1	Agrpla_XP_018334324.1	85.0	S	0.0
Rcul_nRc.2.0.1.t46458-RA	Agrpla_XP_018334324.1	85.0	S	0.0
Sros_XP_004994182.1	Agrpla_XP_018334324.1	85.0	S	0.0
Asuu_AgB03_g048_t04	Agrpla_XP_018334324.1	85.0	S	0.0
Ovol_OVOC5945	Agrpla_XP_018334324.1	85.0	S	0.0
Mhap_MhA1_Contig2752.frz3.gene1	Agrpla_XP_018334324.1	85.0	S	0.0
Wban_VDM07865.1	Agrpla_XP_018334324.1	85.0	S	0.0
Lloa_XP_020302644.1	Agrpla_XP_018334324.1	85.0	S	0.0
Awhi_Unigene35173_Abeoforma_whisleri|m.22264	Agrpla_XP_018334324.1	85.0	S	0.0
Bmal_XP_001893320.2	Agrpla_XP_018334324.1	85.0	S	0.0
Avit_KAL3984644.1	Agrpla_XP_018334324.1	85.0	S	0.0
Dimm_MCP9262741.1	Agrpla_XP_018334324.1	85.0	S	0.0
Sbat_VDP06211.1	Agrpla_XP_018334324.1	85.0	S	0.0
Mjap_MIJAPON000007023.t1	Agrpla_XP_018334324.1	85.0	S	0.0
Trimur_TMUE_1000003398	Agrpla_XP_018334324.1	85.0	S	0.0
Gpal_Gpal_D383_g03642.t1	Agrpla_XP_018334324.1	85.0	S	0.0
Lsig_VDK88905.1	Agrpla_XP_018334324.1	85.0	S	0.0
Tsui_KHJ40711.1	Agrpla_XP_018334324.1	85.0	S	0.0
Sarc_XP_014158518.1	Agrpla_XP_018334324.1	85.0	S	0.0
Psp.PS1159_PS1159_v2.g11687.t1	Agrpla_XP_018334324.1	85.0	S	0.0
Pgem_Unigene21894_Pirum_gemmata|m.14170	Agrpla_XP_018334324.1	85.0	S	0.0
Ttri_CDW54493.1	Agrpla_XP_018334324.1	85.0	S	0.0
Asuu_AgB03_g048_t03	Agrpla_XP_018334324.1	85.0	S	0.0
Cfra_CFRG2798T1	Aque_XP_003390430.1	85.0	S	0.0
Awhi_Unigene35172_Abeoforma_whisleri|m.22263	Aque_XP_003390430.1	85.0	S	0.0
Priarc_PARCANUS000012818.t1	Aque_XP_003390430.1	85.0	S	0.0
Eela_EEL_0000209001-mRNA-1	Aque_XP_003390430.1	85.0	S	0.0
Rcul_nRc.2.0.1.t46458-RA	Aque_XP_003390430.1	85.0	S	0.0
Sros_XP_004994182.1	Aque_XP_003390430.1	85.0	S	0.0
Asuu_AgB03_g048_t04	Aque_XP_003390430.1	85.0	S	0.0
Ovol_OVOC5945	Aque_XP_003390430.1	85.0	S	0.0
Mhap_MhA1_Contig2752.frz3.gene1	Aque_XP_003390430.1	85.0	S	0.0
Wban_VDM07865.1	Aque_XP_003390430.1	85.0	S	0.0
Lloa_XP_020302644.1	Aque_XP_003390430.1	85.0	S	0.0
Awhi_Unigene35173_Abeoforma_whisleri|m.22264	Aque_XP_003390430.1	85.0	S	0.0
Bmal_XP_001893320.2	Aque_XP_003390430.1	85.0	S	0.0
Avit_KAL3984644.1	Aque_XP_003390430.1	85.0	S	0.0
Dimm_MCP9262741.1	Aque_XP_003390430.1	85.0	S	0.0
Sbat_VDP06211.1	Aque_XP_003390430.1	85.0	S	0.0
Mjap_MIJAPON000007023.t1	Aque_XP_003390430.1	85.0	S	0.0
Trimur_TMUE_1000003398	Aque_XP_003390430.1	85.0	S	0.0
Gpal_Gpal_D383_g03642.t1	Aque_XP_003390430.1	85.0	S	0.0
Lsig_VDK88905.1	Aque_XP_003390430.1	85.0	S	0.0
Tsui_KHJ40711.1	Aque_XP_003390430.1	85.0	S	0.0
Sarc_XP_014158518.1	Aque_XP_003390430.1	85.0	S	0.0
Psp.PS1159_PS1159_v2.g11687.t1	Aque_XP_003390430.1	85.0	S	0.0
Pgem_Unigene21894_Pirum_gemmata|m.14170	Aque_XP_003390430.1	85.0	S	0.0
Ttri_CDW54493.1	Aque_XP_003390430.1	85.0	S	0.0
Asuu_AgB03_g048_t03	Aque_XP_003390430.1	85.0	S	0.0
Cfra_CFRG2798T1	Ggal_XP_040560173.1	85.0	S	0.0
Awhi_Unigene35172_Abeoforma_whisleri|m.22263	Ggal_XP_040560173.1	85.0	S	0.0
Priarc_PARCANUS000012818.t1	Ggal_XP_040560173.1	85.0	S	0.0
Eela_EEL_0000209001-mRNA-1	Ggal_XP_040560173.1	85.0	S	0.0
Rcul_nRc.2.0.1.t46458-RA	Ggal_XP_040560173.1	85.0	S	0.0
Sros_XP_004994182.1	Ggal_XP_040560173.1	85.0	S	0.0
Asuu_AgB03_g048_t04	Ggal_XP_040560173.1	85.0	S	0.0
Ovol_OVOC5945	Ggal_XP_040560173.1	85.0	S	0.0
Mhap_MhA1_Contig2752.frz3.gene1	Ggal_XP_040560173.1	85.0	S	0.0
Wban_VDM07865.1	Ggal_XP_040560173.1	85.0	S	0.0
Lloa_XP_020302644.1	Ggal_XP_040560173.1	85.0	S	0.0
Awhi_Unigene35173_Abeoforma_whisleri|m.22264	Ggal_XP_040560173.1	85.0	S	0.0
Bmal_XP_001893320.2	Ggal_XP_040560173.1	85.0	S	0.0
Avit_KAL3984644.1	Ggal_XP_040560173.1	85.0	S	0.0
Dimm_MCP9262741.1	Ggal_XP_040560173.1	85.0	S	0.0
Sbat_VDP06211.1	Ggal_XP_040560173.1	85.0	S	0.0
Mjap_MIJAPON000007023.t1	Ggal_XP_040560173.1	85.0	S	0.0
Trimur_TMUE_1000003398	Ggal_XP_040560173.1	85.0	S	0.0
Gpal_Gpal_D383_g03642.t1	Ggal_XP_040560173.1	85.0	S	0.0
Lsig_VDK88905.1	Ggal_XP_040560173.1	85.0	S	0.0
Tsui_KHJ40711.1	Ggal_XP_040560173.1	85.0	S	0.0
Sarc_XP_014158518.1	Ggal_XP_040560173.1	85.0	S	0.0
Psp.PS1159_PS1159_v2.g11687.t1	Ggal_XP_040560173.1	85.0	S	0.0
Pgem_Unigene21894_Pirum_gemmata|m.14170	Ggal_XP_040560173.1	85.0	S	0.0
Ttri_CDW54493.1	Ggal_XP_040560173.1	85.0	S	0.0
Asuu_AgB03_g048_t03	Ggal_XP_040560173.1	85.0	S	0.0
Cfra_CFRG2798T1	Smed_h1SMcT0005103.4	85.0	S	0.0
Awhi_Unigene35172_Abeoforma_whisleri|m.22263	Smed_h1SMcT0005103.4	85.0	S	0.0
Priarc_PARCANUS000012818.t1	Smed_h1SMcT0005103.4	85.0	S	0.0
Eela_EEL_0000209001-mRNA-1	Smed_h1SMcT0005103.4	85.0	S	0.0
Rcul_nRc.2.0.1.t46458-RA	Smed_h1SMcT0005103.4	85.0	S	0.0
Sros_XP_004994182.1	Smed_h1SMcT0005103.4	85.0	S	0.0
Asuu_AgB03_g048_t04	Smed_h1SMcT0005103.4	85.0	S	0.0
Ovol_OVOC5945	Smed_h1SMcT0005103.4	85.0	S	0.0
Mhap_MhA1_Contig2752.frz3.gene1	Smed_h1SMcT0005103.4	85.0	S	0.0
Wban_VDM07865.1	Smed_h1SMcT0005103.4	85.0	S	0.0
Lloa_XP_020302644.1	Smed_h1SMcT0005103.4	85.0	S	0.0
Awhi_Unigene35173_Abeoforma_whisleri|m.22264	Smed_h1SMcT0005103.4	85.0	S	0.0
Bmal_XP_001893320.2	Smed_h1SMcT0005103.4	85.0	S	0.0
Avit_KAL3984644.1	Smed_h1SMcT0005103.4	85.0	S	0.0
Dimm_MCP9262741.1	Smed_h1SMcT0005103.4	85.0	S	0.0
Sbat_VDP06211.1	Smed_h1SMcT0005103.4	85.0	S	0.0
Mjap_MIJAPON000007023.t1	Smed_h1SMcT0005103.4	85.0	S	0.0
Trimur_TMUE_1000003398	Smed_h1SMcT0005103.4	85.0	S	0.0
Gpal_Gpal_D383_g03642.t1	Smed_h1SMcT0005103.4	85.0	S	0.0
Lsig_VDK88905.1	Smed_h1SMcT0005103.4	85.0	S	0.0
Tsui_KHJ40711.1	Smed_h1SMcT0005103.4	85.0	S	0.0
Sarc_XP_014158518.1	Smed_h1SMcT0005103.4	85.0	S	0.0
Psp.PS1159_PS1159_v2.g11687.t1	Smed_h1SMcT0005103.4	85.0	S	0.0
Pgem_Unigene21894_Pirum_gemmata|m.14170	Smed_h1SMcT0005103.4	85.0	S	0.0
Ttri_CDW54493.1	Smed_h1SMcT0005103.4	85.0	S	0.0
Asuu_AgB03_g048_t03	Smed_h1SMcT0005103.4	85.0	S	0.0
Cfra_CFRG2798T1	Ggal_XP_040560171.1	85.0	S	0.0
Awhi_Unigene35172_Abeoforma_whisleri|m.22263	Ggal_XP_040560171.1	85.0	S	0.0
Priarc_PARCANUS000012818.t1	Ggal_XP_040560171.1	85.0	S	0.0
Eela_EEL_0000209001-mRNA-1	Ggal_XP_040560171.1	85.0	S	0.0
Rcul_nRc.2.0.1.t46458-RA	Ggal_XP_040560171.1	85.0	S	0.0
Sros_XP_004994182.1	Ggal_XP_040560171.1	85.0	S	0.0
Asuu_AgB03_g048_t04	Ggal_XP_040560171.1	85.0	S	0.0
Ovol_OVOC5945	Ggal_XP_040560171.1	85.0	S	0.0
Mhap_MhA1_Contig2752.frz3.gene1	Ggal_XP_040560171.1	85.0	S	0.0
Wban_VDM07865.1	Ggal_XP_040560171.1	85.0	S	0.0
Lloa_XP_020302644.1	Ggal_XP_040560171.1	85.0	S	0.0
Awhi_Unigene35173_Abeoforma_whisleri|m.22264	Ggal_XP_040560171.1	85.0	S	0.0
Bmal_XP_001893320.2	Ggal_XP_040560171.1	85.0	S	0.0
Avit_KAL3984644.1	Ggal_XP_040560171.1	85.0	S	0.0
Dimm_MCP9262741.1	Ggal_XP_040560171.1	85.0	S	0.0
Sbat_VDP06211.1	Ggal_XP_040560171.1	85.0	S	0.0
Mjap_MIJAPON000007023.t1	Ggal_XP_040560171.1	85.0	S	0.0
Trimur_TMUE_1000003398	Ggal_XP_040560171.1	85.0	S	0.0
Gpal_Gpal_D383_g03642.t1	Ggal_XP_040560171.1	85.0	S	0.0
Lsig_VDK88905.1	Ggal_XP_040560171.1	85.0	S	0.0
Tsui_KHJ40711.1	Ggal_XP_040560171.1	85.0	S	0.0
Sarc_XP_014158518.1	Ggal_XP_040560171.1	85.0	S	0.0
Psp.PS1159_PS1159_v2.g11687.t1	Ggal_XP_040560171.1	85.0	S	0.0
Pgem_Unigene21894_Pirum_gemmata|m.14170	Ggal_XP_040560171.1	85.0	S	0.0
Ttri_CDW54493.1	Ggal_XP_040560171.1	85.0	S	0.0
Asuu_AgB03_g048_t03	Ggal_XP_040560171.1	85.0	S	0.0
Cfra_CFRG2798T1	Smed_h1SMcT0005103.2	85.0	S	0.0
Awhi_Unigene35172_Abeoforma_whisleri|m.22263	Smed_h1SMcT0005103.2	85.0	S	0.0
Priarc_PARCANUS000012818.t1	Smed_h1SMcT0005103.2	85.0	S	0.0
Eela_EEL_0000209001-mRNA-1	Smed_h1SMcT0005103.2	85.0	S	0.0
Rcul_nRc.2.0.1.t46458-RA	Smed_h1SMcT0005103.2	85.0	S	0.0
Sros_XP_004994182.1	Smed_h1SMcT0005103.2	85.0	S	0.0
Asuu_AgB03_g048_t04	Smed_h1SMcT0005103.2	85.0	S	0.0
Ovol_OVOC5945	Smed_h1SMcT0005103.2	85.0	S	0.0
Mhap_MhA1_Contig2752.frz3.gene1	Smed_h1SMcT0005103.2	85.0	S	0.0
Wban_VDM07865.1	Smed_h1SMcT0005103.2	85.0	S	0.0
Lloa_XP_020302644.1	Smed_h1SMcT0005103.2	85.0	S	0.0
Awhi_Unigene35173_Abeoforma_whisleri|m.22264	Smed_h1SMcT0005103.2	85.0	S	0.0
Bmal_XP_001893320.2	Smed_h1SMcT0005103.2	85.0	S	0.0
Avit_KAL3984644.1	Smed_h1SMcT0005103.2	85.0	S	0.0
Dimm_MCP9262741.1	Smed_h1SMcT0005103.2	85.0	S	0.0
Sbat_VDP06211.1	Smed_h1SMcT0005103.2	85.0	S	0.0
Mjap_MIJAPON000007023.t1	Smed_h1SMcT0005103.2	85.0	S	0.0
Trimur_TMUE_1000003398	Smed_h1SMcT0005103.2	85.0	S	0.0
Gpal_Gpal_D383_g03642.t1	Smed_h1SMcT0005103.2	85.0	S	0.0
Lsig_VDK88905.1	Smed_h1SMcT0005103.2	85.0	S	0.0
Tsui_KHJ40711.1	Smed_h1SMcT0005103.2	85.0	S	0.0
Sarc_XP_014158518.1	Smed_h1SMcT0005103.2	85.0	S	0.0
Psp.PS1159_PS1159_v2.g11687.t1	Smed_h1SMcT0005103.2	85.0	S	0.0
Pgem_Unigene21894_Pirum_gemmata|m.14170	Smed_h1SMcT0005103.2	85.0	S	0.0
Ttri_CDW54493.1	Smed_h1SMcT0005103.2	85.0	S	0.0
Asuu_AgB03_g048_t03	Smed_h1SMcT0005103.2	85.0	S	0.0
Cfra_CFRG2798T1	Ggal_XP_040560167.1	85.0	S	0.0
Awhi_Unigene35172_Abeoforma_whisleri|m.22263	Ggal_XP_040560167.1	85.0	S	0.0
Priarc_PARCANUS000012818.t1	Ggal_XP_040560167.1	85.0	S	0.0
Eela_EEL_0000209001-mRNA-1	Ggal_XP_040560167.1	85.0	S	0.0
Rcul_nRc.2.0.1.t46458-RA	Ggal_XP_040560167.1	85.0	S	0.0
Sros_XP_004994182.1	Ggal_XP_040560167.1	85.0	S	0.0
Asuu_AgB03_g048_t04	Ggal_XP_040560167.1	85.0	S	0.0
Ovol_OVOC5945	Ggal_XP_040560167.1	85.0	S	0.0
Mhap_MhA1_Contig2752.frz3.gene1	Ggal_XP_040560167.1	85.0	S	0.0
Wban_VDM07865.1	Ggal_XP_040560167.1	85.0	S	0.0
Lloa_XP_020302644.1	Ggal_XP_040560167.1	85.0	S	0.0
Awhi_Unigene35173_Abeoforma_whisleri|m.22264	Ggal_XP_040560167.1	85.0	S	0.0
Bmal_XP_001893320.2	Ggal_XP_040560167.1	85.0	S	0.0
Avit_KAL3984644.1	Ggal_XP_040560167.1	85.0	S	0.0
Dimm_MCP9262741.1	Ggal_XP_040560167.1	85.0	S	0.0
Sbat_VDP06211.1	Ggal_XP_040560167.1	85.0	S	0.0
Mjap_MIJAPON000007023.t1	Ggal_XP_040560167.1	85.0	S	0.0
Trimur_TMUE_1000003398	Ggal_XP_040560167.1	85.0	S	0.0
Gpal_Gpal_D383_g03642.t1	Ggal_XP_040560167.1	85.0	S	0.0
Lsig_VDK88905.1	Ggal_XP_040560167.1	85.0	S	0.0
Tsui_KHJ40711.1	Ggal_XP_040560167.1	85.0	S	0.0
Sarc_XP_014158518.1	Ggal_XP_040560167.1	85.0	S	0.0
Psp.PS1159_PS1159_v2.g11687.t1	Ggal_XP_040560167.1	85.0	S	0.0
Pgem_Unigene21894_Pirum_gemmata|m.14170	Ggal_XP_040560167.1	85.0	S	0.0
Ttri_CDW54493.1	Ggal_XP_040560167.1	85.0	S	0.0
Asuu_AgB03_g048_t03	Ggal_XP_040560167.1	85.0	S	0.0
Cfra_CFRG2798T1	Twil_T_wilhelma_c32405_g1_i5|m.47714	85.0	S	0.0
Awhi_Unigene35172_Abeoforma_whisleri|m.22263	Twil_T_wilhelma_c32405_g1_i5|m.47714	85.0	S	0.0
Priarc_PARCANUS000012818.t1	Twil_T_wilhelma_c32405_g1_i5|m.47714	85.0	S	0.0
Eela_EEL_0000209001-mRNA-1	Twil_T_wilhelma_c32405_g1_i5|m.47714	85.0	S	0.0
Rcul_nRc.2.0.1.t46458-RA	Twil_T_wilhelma_c32405_g1_i5|m.47714	85.0	S	0.0
Sros_XP_004994182.1	Twil_T_wilhelma_c32405_g1_i5|m.47714	85.0	S	0.0
Asuu_AgB03_g048_t04	Twil_T_wilhelma_c32405_g1_i5|m.47714	85.0	S	0.0
Ovol_OVOC5945	Twil_T_wilhelma_c32405_g1_i5|m.47714	85.0	S	0.0
Mhap_MhA1_Contig2752.frz3.gene1	Twil_T_wilhelma_c32405_g1_i5|m.47714	85.0	S	0.0
Wban_VDM07865.1	Twil_T_wilhelma_c32405_g1_i5|m.47714	85.0	S	0.0
Lloa_XP_020302644.1	Twil_T_wilhelma_c32405_g1_i5|m.47714	85.0	S	0.0
Awhi_Unigene35173_Abeoforma_whisleri|m.22264	Twil_T_wilhelma_c32405_g1_i5|m.47714	85.0	S	0.0
Bmal_XP_001893320.2	Twil_T_wilhelma_c32405_g1_i5|m.47714	85.0	S	0.0
Avit_KAL3984644.1	Twil_T_wilhelma_c32405_g1_i5|m.47714	85.0	S	0.0
Dimm_MCP9262741.1	Twil_T_wilhelma_c32405_g1_i5|m.47714	85.0	S	0.0
Sbat_VDP06211.1	Twil_T_wilhelma_c32405_g1_i5|m.47714	85.0	S	0.0
Mjap_MIJAPON000007023.t1	Twil_T_wilhelma_c32405_g1_i5|m.47714	85.0	S	0.0
Trimur_TMUE_1000003398	Twil_T_wilhelma_c32405_g1_i5|m.47714	85.0	S	0.0
Gpal_Gpal_D383_g03642.t1	Twil_T_wilhelma_c32405_g1_i5|m.47714	85.0	S	0.0
Lsig_VDK88905.1	Twil_T_wilhelma_c32405_g1_i5|m.47714	85.0	S	0.0
Tsui_KHJ40711.1	Twil_T_wilhelma_c32405_g1_i5|m.47714	85.0	S	0.0
Sarc_XP_014158518.1	Twil_T_wilhelma_c32405_g1_i5|m.47714	85.0	S	0.0
Psp.PS1159_PS1159_v2.g11687.t1	Twil_T_wilhelma_c32405_g1_i5|m.47714	85.0	S	0.0
Pgem_Unigene21894_Pirum_gemmata|m.14170	Twil_T_wilhelma_c32405_g1_i5|m.47714	85.0	S	0.0
Ttri_CDW54493.1	Twil_T_wilhelma_c32405_g1_i5|m.47714	85.0	S	0.0
Asuu_AgB03_g048_t03	Twil_T_wilhelma_c32405_g1_i5|m.47714	85.0	S	0.0
Cfra_CFRG2798T1	Aplcal_XP_005095742.2	85.0	S	0.0
Awhi_Unigene35172_Abeoforma_whisleri|m.22263	Aplcal_XP_005095742.2	85.0	S	0.0
Priarc_PARCANUS000012818.t1	Aplcal_XP_005095742.2	85.0	S	0.0
Eela_EEL_0000209001-mRNA-1	Aplcal_XP_005095742.2	85.0	S	0.0
Rcul_nRc.2.0.1.t46458-RA	Aplcal_XP_005095742.2	85.0	S	0.0
Sros_XP_004994182.1	Aplcal_XP_005095742.2	85.0	S	0.0
Asuu_AgB03_g048_t04	Aplcal_XP_005095742.2	85.0	S	0.0
Ovol_OVOC5945	Aplcal_XP_005095742.2	85.0	S	0.0
Mhap_MhA1_Contig2752.frz3.gene1	Aplcal_XP_005095742.2	85.0	S	0.0
Wban_VDM07865.1	Aplcal_XP_005095742.2	85.0	S	0.0
Lloa_XP_020302644.1	Aplcal_XP_005095742.2	85.0	S	0.0
Awhi_Unigene35173_Abeoforma_whisleri|m.22264	Aplcal_XP_005095742.2	85.0	S	0.0
Bmal_XP_001893320.2	Aplcal_XP_005095742.2	85.0	S	0.0
Avit_KAL3984644.1	Aplcal_XP_005095742.2	85.0	S	0.0
Dimm_MCP9262741.1	Aplcal_XP_005095742.2	85.0	S	0.0
Sbat_VDP06211.1	Aplcal_XP_005095742.2	85.0	S	0.0
Mjap_MIJAPON000007023.t1	Aplcal_XP_005095742.2	85.0	S	0.0
Trimur_TMUE_1000003398	Aplcal_XP_005095742.2	85.0	S	0.0
Gpal_Gpal_D383_g03642.t1	Aplcal_XP_005095742.2	85.0	S	0.0
Lsig_VDK88905.1	Aplcal_XP_005095742.2	85.0	S	0.0
Tsui_KHJ40711.1	Aplcal_XP_005095742.2	85.0	S	0.0
Sarc_XP_014158518.1	Aplcal_XP_005095742.2	85.0	S	0.0
Psp.PS1159_PS1159_v2.g11687.t1	Aplcal_XP_005095742.2	85.0	S	0.0
Pgem_Unigene21894_Pirum_gemmata|m.14170	Aplcal_XP_005095742.2	85.0	S	0.0
Ttri_CDW54493.1	Aplcal_XP_005095742.2	85.0	S	0.0
Asuu_AgB03_g048_t03	Aplcal_XP_005095742.2	85.0	S	0.0
Cfra_CFRG2798T1	Hsap_XP_047304876.1	85.0	S	0.0
Awhi_Unigene35172_Abeoforma_whisleri|m.22263	Hsap_XP_047304876.1	85.0	S	0.0
Priarc_PARCANUS000012818.t1	Hsap_XP_047304876.1	85.0	S	0.0
Eela_EEL_0000209001-mRNA-1	Hsap_XP_047304876.1	85.0	S	0.0
Rcul_nRc.2.0.1.t46458-RA	Hsap_XP_047304876.1	85.0	S	0.0
Sros_XP_004994182.1	Hsap_XP_047304876.1	85.0	S	0.0
Asuu_AgB03_g048_t04	Hsap_XP_047304876.1	85.0	S	0.0
Ovol_OVOC5945	Hsap_XP_047304876.1	85.0	S	0.0
Mhap_MhA1_Contig2752.frz3.gene1	Hsap_XP_047304876.1	85.0	S	0.0
Wban_VDM07865.1	Hsap_XP_047304876.1	85.0	S	0.0
Lloa_XP_020302644.1	Hsap_XP_047304876.1	85.0	S	0.0
Awhi_Unigene35173_Abeoforma_whisleri|m.22264	Hsap_XP_047304876.1	85.0	S	0.0
Bmal_XP_001893320.2	Hsap_XP_047304876.1	85.0	S	0.0
Avit_KAL3984644.1	Hsap_XP_047304876.1	85.0	S	0.0
Dimm_MCP9262741.1	Hsap_XP_047304876.1	85.0	S	0.0
Sbat_VDP06211.1	Hsap_XP_047304876.1	85.0	S	0.0
Mjap_MIJAPON000007023.t1	Hsap_XP_047304876.1	85.0	S	0.0
Trimur_TMUE_1000003398	Hsap_XP_047304876.1	85.0	S	0.0
Gpal_Gpal_D383_g03642.t1	Hsap_XP_047304876.1	85.0	S	0.0
Lsig_VDK88905.1	Hsap_XP_047304876.1	85.0	S	0.0
Tsui_KHJ40711.1	Hsap_XP_047304876.1	85.0	S	0.0
Sarc_XP_014158518.1	Hsap_XP_047304876.1	85.0	S	0.0
Psp.PS1159_PS1159_v2.g11687.t1	Hsap_XP_047304876.1	85.0	S	0.0
Pgem_Unigene21894_Pirum_gemmata|m.14170	Hsap_XP_047304876.1	85.0	S	0.0
Ttri_CDW54493.1	Hsap_XP_047304876.1	85.0	S	0.0
Asuu_AgB03_g048_t03	Hsap_XP_047304876.1	85.0	S	0.0
Cfra_CFRG2798T1	Spur_XP_030855882.1	85.0	S	0.0
Awhi_Unigene35172_Abeoforma_whisleri|m.22263	Spur_XP_030855882.1	85.0	S	0.0
Priarc_PARCANUS000012818.t1	Spur_XP_030855882.1	85.0	S	0.0
Eela_EEL_0000209001-mRNA-1	Spur_XP_030855882.1	85.0	S	0.0
Rcul_nRc.2.0.1.t46458-RA	Spur_XP_030855882.1	85.0	S	0.0
Sros_XP_004994182.1	Spur_XP_030855882.1	85.0	S	0.0
Asuu_AgB03_g048_t04	Spur_XP_030855882.1	85.0	S	0.0
Ovol_OVOC5945	Spur_XP_030855882.1	85.0	S	0.0
Mhap_MhA1_Contig2752.frz3.gene1	Spur_XP_030855882.1	85.0	S	0.0
Wban_VDM07865.1	Spur_XP_030855882.1	85.0	S	0.0
Lloa_XP_020302644.1	Spur_XP_030855882.1	85.0	S	0.0
Awhi_Unigene35173_Abeoforma_whisleri|m.22264	Spur_XP_030855882.1	85.0	S	0.0
Bmal_XP_001893320.2	Spur_XP_030855882.1	85.0	S	0.0
Avit_KAL3984644.1	Spur_XP_030855882.1	85.0	S	0.0
Dimm_MCP9262741.1	Spur_XP_030855882.1	85.0	S	0.0
Sbat_VDP06211.1	Spur_XP_030855882.1	85.0	S	0.0
Mjap_MIJAPON000007023.t1	Spur_XP_030855882.1	85.0	S	0.0
Trimur_TMUE_1000003398	Spur_XP_030855882.1	85.0	S	0.0
Gpal_Gpal_D383_g03642.t1	Spur_XP_030855882.1	85.0	S	0.0
Lsig_VDK88905.1	Spur_XP_030855882.1	85.0	S	0.0
Tsui_KHJ40711.1	Spur_XP_030855882.1	85.0	S	0.0
Sarc_XP_014158518.1	Spur_XP_030855882.1	85.0	S	0.0
Psp.PS1159_PS1159_v2.g11687.t1	Spur_XP_030855882.1	85.0	S	0.0
Pgem_Unigene21894_Pirum_gemmata|m.14170	Spur_XP_030855882.1	85.0	S	0.0
Ttri_CDW54493.1	Spur_XP_030855882.1	85.0	S	0.0
Asuu_AgB03_g048_t03	Spur_XP_030855882.1	85.0	S	0.0
Cfra_CFRG2798T1	Lpol_XP_022239788.1	85.0	S	0.0
Awhi_Unigene35172_Abeoforma_whisleri|m.22263	Lpol_XP_022239788.1	85.0	S	0.0
Priarc_PARCANUS000012818.t1	Lpol_XP_022239788.1	85.0	S	0.0
Eela_EEL_0000209001-mRNA-1	Lpol_XP_022239788.1	85.0	S	0.0
Rcul_nRc.2.0.1.t46458-RA	Lpol_XP_022239788.1	85.0	S	0.0
Sros_XP_004994182.1	Lpol_XP_022239788.1	85.0	S	0.0
Asuu_AgB03_g048_t04	Lpol_XP_022239788.1	85.0	S	0.0
Ovol_OVOC5945	Lpol_XP_022239788.1	85.0	S	0.0
Mhap_MhA1_Contig2752.frz3.gene1	Lpol_XP_022239788.1	85.0	S	0.0
Wban_VDM07865.1	Lpol_XP_022239788.1	85.0	S	0.0
Lloa_XP_020302644.1	Lpol_XP_022239788.1	85.0	S	0.0
Awhi_Unigene35173_Abeoforma_whisleri|m.22264	Lpol_XP_022239788.1	85.0	S	0.0
Bmal_XP_001893320.2	Lpol_XP_022239788.1	85.0	S	0.0
Avit_KAL3984644.1	Lpol_XP_022239788.1	85.0	S	0.0
Dimm_MCP9262741.1	Lpol_XP_022239788.1	85.0	S	0.0
Sbat_VDP06211.1	Lpol_XP_022239788.1	85.0	S	0.0
Mjap_MIJAPON000007023.t1	Lpol_XP_022239788.1	85.0	S	0.0
Trimur_TMUE_1000003398	Lpol_XP_022239788.1	85.0	S	0.0
Gpal_Gpal_D383_g03642.t1	Lpol_XP_022239788.1	85.0	S	0.0
Lsig_VDK88905.1	Lpol_XP_022239788.1	85.0	S	0.0
Tsui_KHJ40711.1	Lpol_XP_022239788.1	85.0	S	0.0
Sarc_XP_014158518.1	Lpol_XP_022239788.1	85.0	S	0.0
Psp.PS1159_PS1159_v2.g11687.t1	Lpol_XP_022239788.1	85.0	S	0.0
Pgem_Unigene21894_Pirum_gemmata|m.14170	Lpol_XP_022239788.1	85.0	S	0.0
Ttri_CDW54493.1	Lpol_XP_022239788.1	85.0	S	0.0
Asuu_AgB03_g048_t03	Lpol_XP_022239788.1	85.0	S	0.0
Cfra_CFRG2798T1	Avag_UJR21788.1	85.0	S	0.0
Awhi_Unigene35172_Abeoforma_whisleri|m.22263	Avag_UJR21788.1	85.0	S	0.0
Priarc_PARCANUS000012818.t1	Avag_UJR21788.1	85.0	S	0.0
Eela_EEL_0000209001-mRNA-1	Avag_UJR21788.1	85.0	S	0.0
Rcul_nRc.2.0.1.t46458-RA	Avag_UJR21788.1	85.0	S	0.0
Sros_XP_004994182.1	Avag_UJR21788.1	85.0	S	0.0
Asuu_AgB03_g048_t04	Avag_UJR21788.1	85.0	S	0.0
Ovol_OVOC5945	Avag_UJR21788.1	85.0	S	0.0
Mhap_MhA1_Contig2752.frz3.gene1	Avag_UJR21788.1	85.0	S	0.0
Wban_VDM07865.1	Avag_UJR21788.1	85.0	S	0.0
Lloa_XP_020302644.1	Avag_UJR21788.1	85.0	S	0.0
Awhi_Unigene35173_Abeoforma_whisleri|m.22264	Avag_UJR21788.1	85.0	S	0.0
Bmal_XP_001893320.2	Avag_UJR21788.1	85.0	S	0.0
Avit_KAL3984644.1	Avag_UJR21788.1	85.0	S	0.0
Dimm_MCP9262741.1	Avag_UJR21788.1	85.0	S	0.0
Sbat_VDP06211.1	Avag_UJR21788.1	85.0	S	0.0
Mjap_MIJAPON000007023.t1	Avag_UJR21788.1	85.0	S	0.0
Trimur_TMUE_1000003398	Avag_UJR21788.1	85.0	S	0.0
Gpal_Gpal_D383_g03642.t1	Avag_UJR21788.1	85.0	S	0.0
Lsig_VDK88905.1	Avag_UJR21788.1	85.0	S	0.0
Tsui_KHJ40711.1	Avag_UJR21788.1	85.0	S	0.0
Sarc_XP_014158518.1	Avag_UJR21788.1	85.0	S	0.0
Psp.PS1159_PS1159_v2.g11687.t1	Avag_UJR21788.1	85.0	S	0.0
Pgem_Unigene21894_Pirum_gemmata|m.14170	Avag_UJR21788.1	85.0	S	0.0
Ttri_CDW54493.1	Avag_UJR21788.1	85.0	S	0.0
Asuu_AgB03_g048_t03	Avag_UJR21788.1	85.0	S	0.0
Cfra_CFRG2798T1	Agrpla_XP_025832966.1	85.0	S	0.0
Awhi_Unigene35172_Abeoforma_whisleri|m.22263	Agrpla_XP_025832966.1	85.0	S	0.0
Priarc_PARCANUS000012818.t1	Agrpla_XP_025832966.1	85.0	S	0.0
Eela_EEL_0000209001-mRNA-1	Agrpla_XP_025832966.1	85.0	S	0.0
Rcul_nRc.2.0.1.t46458-RA	Agrpla_XP_025832966.1	85.0	S	0.0
Sros_XP_004994182.1	Agrpla_XP_025832966.1	85.0	S	0.0
Asuu_AgB03_g048_t04	Agrpla_XP_025832966.1	85.0	S	0.0
Ovol_OVOC5945	Agrpla_XP_025832966.1	85.0	S	0.0
Mhap_MhA1_Contig2752.frz3.gene1	Agrpla_XP_025832966.1	85.0	S	0.0
Wban_VDM07865.1	Agrpla_XP_025832966.1	85.0	S	0.0
Lloa_XP_020302644.1	Agrpla_XP_025832966.1	85.0	S	0.0
Awhi_Unigene35173_Abeoforma_whisleri|m.22264	Agrpla_XP_025832966.1	85.0	S	0.0
Bmal_XP_001893320.2	Agrpla_XP_025832966.1	85.0	S	0.0
Avit_KAL3984644.1	Agrpla_XP_025832966.1	85.0	S	0.0
Dimm_MCP9262741.1	Agrpla_XP_025832966.1	85.0	S	0.0
Sbat_VDP06211.1	Agrpla_XP_025832966.1	85.0	S	0.0
Mjap_MIJAPON000007023.t1	Agrpla_XP_025832966.1	85.0	S	0.0
Trimur_TMUE_1000003398	Agrpla_XP_025832966.1	85.0	S	0.0
Gpal_Gpal_D383_g03642.t1	Agrpla_XP_025832966.1	85.0	S	0.0
Lsig_VDK88905.1	Agrpla_XP_025832966.1	85.0	S	0.0
Tsui_KHJ40711.1	Agrpla_XP_025832966.1	85.0	S	0.0
Sarc_XP_014158518.1	Agrpla_XP_025832966.1	85.0	S	0.0
Psp.PS1159_PS1159_v2.g11687.t1	Agrpla_XP_025832966.1	85.0	S	0.0
Pgem_Unigene21894_Pirum_gemmata|m.14170	Agrpla_XP_025832966.1	85.0	S	0.0
Ttri_CDW54493.1	Agrpla_XP_025832966.1	85.0	S	0.0
Asuu_AgB03_g048_t03	Agrpla_XP_025832966.1	85.0	S	0.0
Cfra_CFRG2798T1	Pvan_XP_069969518.1	85.0	S	0.0
Awhi_Unigene35172_Abeoforma_whisleri|m.22263	Pvan_XP_069969518.1	85.0	S	0.0
Priarc_PARCANUS000012818.t1	Pvan_XP_069969518.1	85.0	S	0.0
Eela_EEL_0000209001-mRNA-1	Pvan_XP_069969518.1	85.0	S	0.0
Rcul_nRc.2.0.1.t46458-RA	Pvan_XP_069969518.1	85.0	S	0.0
Sros_XP_004994182.1	Pvan_XP_069969518.1	85.0	S	0.0
Asuu_AgB03_g048_t04	Pvan_XP_069969518.1	85.0	S	0.0
Ovol_OVOC5945	Pvan_XP_069969518.1	85.0	S	0.0
Mhap_MhA1_Contig2752.frz3.gene1	Pvan_XP_069969518.1	85.0	S	0.0
Wban_VDM07865.1	Pvan_XP_069969518.1	85.0	S	0.0
Lloa_XP_020302644.1	Pvan_XP_069969518.1	85.0	S	0.0
Awhi_Unigene35173_Abeoforma_whisleri|m.22264	Pvan_XP_069969518.1	85.0	S	0.0
Bmal_XP_001893320.2	Pvan_XP_069969518.1	85.0	S	0.0
Avit_KAL3984644.1	Pvan_XP_069969518.1	85.0	S	0.0
Dimm_MCP9262741.1	Pvan_XP_069969518.1	85.0	S	0.0
Sbat_VDP06211.1	Pvan_XP_069969518.1	85.0	S	0.0
Mjap_MIJAPON000007023.t1	Pvan_XP_069969518.1	85.0	S	0.0
Trimur_TMUE_1000003398	Pvan_XP_069969518.1	85.0	S	0.0
Gpal_Gpal_D383_g03642.t1	Pvan_XP_069969518.1	85.0	S	0.0
Lsig_VDK88905.1	Pvan_XP_069969518.1	85.0	S	0.0
Tsui_KHJ40711.1	Pvan_XP_069969518.1	85.0	S	0.0
Sarc_XP_014158518.1	Pvan_XP_069969518.1	85.0	S	0.0
Psp.PS1159_PS1159_v2.g11687.t1	Pvan_XP_069969518.1	85.0	S	0.0
Pgem_Unigene21894_Pirum_gemmata|m.14170	Pvan_XP_069969518.1	85.0	S	0.0
Ttri_CDW54493.1	Pvan_XP_069969518.1	85.0	S	0.0
Asuu_AgB03_g048_t03	Pvan_XP_069969518.1	85.0	S	0.0
Cfra_CFRG2798T1	Hsap_XP_047304874.1	85.0	S	0.0
Awhi_Unigene35172_Abeoforma_whisleri|m.22263	Hsap_XP_047304874.1	85.0	S	0.0
Priarc_PARCANUS000012818.t1	Hsap_XP_047304874.1	85.0	S	0.0
Eela_EEL_0000209001-mRNA-1	Hsap_XP_047304874.1	85.0	S	0.0
Rcul_nRc.2.0.1.t46458-RA	Hsap_XP_047304874.1	85.0	S	0.0
Sros_XP_004994182.1	Hsap_XP_047304874.1	85.0	S	0.0
Asuu_AgB03_g048_t04	Hsap_XP_047304874.1	85.0	S	0.0
Ovol_OVOC5945	Hsap_XP_047304874.1	85.0	S	0.0
Mhap_MhA1_Contig2752.frz3.gene1	Hsap_XP_047304874.1	85.0	S	0.0
Wban_VDM07865.1	Hsap_XP_047304874.1	85.0	S	0.0
Lloa_XP_020302644.1	Hsap_XP_047304874.1	85.0	S	0.0
Awhi_Unigene35173_Abeoforma_whisleri|m.22264	Hsap_XP_047304874.1	85.0	S	0.0
Bmal_XP_001893320.2	Hsap_XP_047304874.1	85.0	S	0.0
Avit_KAL3984644.1	Hsap_XP_047304874.1	85.0	S	0.0
Dimm_MCP9262741.1	Hsap_XP_047304874.1	85.0	S	0.0
Sbat_VDP06211.1	Hsap_XP_047304874.1	85.0	S	0.0
Mjap_MIJAPON000007023.t1	Hsap_XP_047304874.1	85.0	S	0.0
Trimur_TMUE_1000003398	Hsap_XP_047304874.1	85.0	S	0.0
Gpal_Gpal_D383_g03642.t1	Hsap_XP_047304874.1	85.0	S	0.0
Lsig_VDK88905.1	Hsap_XP_047304874.1	85.0	S	0.0
Tsui_KHJ40711.1	Hsap_XP_047304874.1	85.0	S	0.0
Sarc_XP_014158518.1	Hsap_XP_047304874.1	85.0	S	0.0
Psp.PS1159_PS1159_v2.g11687.t1	Hsap_XP_047304874.1	85.0	S	0.0
Pgem_Unigene21894_Pirum_gemmata|m.14170	Hsap_XP_047304874.1	85.0	S	0.0
Ttri_CDW54493.1	Hsap_XP_047304874.1	85.0	S	0.0
Asuu_AgB03_g048_t03	Hsap_XP_047304874.1	85.0	S	0.0
Cfra_CFRG2798T1	Twil_T_wilhelma_c32405_g1_i1|m.47710	85.0	S	0.0
Awhi_Unigene35172_Abeoforma_whisleri|m.22263	Twil_T_wilhelma_c32405_g1_i1|m.47710	85.0	S	0.0
Priarc_PARCANUS000012818.t1	Twil_T_wilhelma_c32405_g1_i1|m.47710	85.0	S	0.0
Eela_EEL_0000209001-mRNA-1	Twil_T_wilhelma_c32405_g1_i1|m.47710	85.0	S	0.0
Rcul_nRc.2.0.1.t46458-RA	Twil_T_wilhelma_c32405_g1_i1|m.47710	85.0	S	0.0
Sros_XP_004994182.1	Twil_T_wilhelma_c32405_g1_i1|m.47710	85.0	S	0.0
Asuu_AgB03_g048_t04	Twil_T_wilhelma_c32405_g1_i1|m.47710	85.0	S	0.0
Ovol_OVOC5945	Twil_T_wilhelma_c32405_g1_i1|m.47710	85.0	S	0.0
Mhap_MhA1_Contig2752.frz3.gene1	Twil_T_wilhelma_c32405_g1_i1|m.47710	85.0	S	0.0
Wban_VDM07865.1	Twil_T_wilhelma_c32405_g1_i1|m.47710	85.0	S	0.0
Lloa_XP_020302644.1	Twil_T_wilhelma_c32405_g1_i1|m.47710	85.0	S	0.0
Awhi_Unigene35173_Abeoforma_whisleri|m.22264	Twil_T_wilhelma_c32405_g1_i1|m.47710	85.0	S	0.0
Bmal_XP_001893320.2	Twil_T_wilhelma_c32405_g1_i1|m.47710	85.0	S	0.0
Avit_KAL3984644.1	Twil_T_wilhelma_c32405_g1_i1|m.47710	85.0	S	0.0
Dimm_MCP9262741.1	Twil_T_wilhelma_c32405_g1_i1|m.47710	85.0	S	0.0
Sbat_VDP06211.1	Twil_T_wilhelma_c32405_g1_i1|m.47710	85.0	S	0.0
Mjap_MIJAPON000007023.t1	Twil_T_wilhelma_c32405_g1_i1|m.47710	85.0	S	0.0
Trimur_TMUE_1000003398	Twil_T_wilhelma_c32405_g1_i1|m.47710	85.0	S	0.0
Gpal_Gpal_D383_g03642.t1	Twil_T_wilhelma_c32405_g1_i1|m.47710	85.0	S	0.0
Lsig_VDK88905.1	Twil_T_wilhelma_c32405_g1_i1|m.47710	85.0	S	0.0
Tsui_KHJ40711.1	Twil_T_wilhelma_c32405_g1_i1|m.47710	85.0	S	0.0
Sarc_XP_014158518.1	Twil_T_wilhelma_c32405_g1_i1|m.47710	85.0	S	0.0
Psp.PS1159_PS1159_v2.g11687.t1	Twil_T_wilhelma_c32405_g1_i1|m.47710	85.0	S	0.0
Pgem_Unigene21894_Pirum_gemmata|m.14170	Twil_T_wilhelma_c32405_g1_i1|m.47710	85.0	S	0.0
Ttri_CDW54493.1	Twil_T_wilhelma_c32405_g1_i1|m.47710	85.0	S	0.0
Asuu_AgB03_g048_t03	Twil_T_wilhelma_c32405_g1_i1|m.47710	85.0	S	0.0
Cfra_CFRG2798T1	Cvir_XP_022288659.1	85.0	S	0.0
Awhi_Unigene35172_Abeoforma_whisleri|m.22263	Cvir_XP_022288659.1	85.0	S	0.0
Priarc_PARCANUS000012818.t1	Cvir_XP_022288659.1	85.0	S	0.0
Eela_EEL_0000209001-mRNA-1	Cvir_XP_022288659.1	85.0	S	0.0
Rcul_nRc.2.0.1.t46458-RA	Cvir_XP_022288659.1	85.0	S	0.0
Sros_XP_004994182.1	Cvir_XP_022288659.1	85.0	S	0.0
Asuu_AgB03_g048_t04	Cvir_XP_022288659.1	85.0	S	0.0
Ovol_OVOC5945	Cvir_XP_022288659.1	85.0	S	0.0
Mhap_MhA1_Contig2752.frz3.gene1	Cvir_XP_022288659.1	85.0	S	0.0
Wban_VDM07865.1	Cvir_XP_022288659.1	85.0	S	0.0
Lloa_XP_020302644.1	Cvir_XP_022288659.1	85.0	S	0.0
Awhi_Unigene35173_Abeoforma_whisleri|m.22264	Cvir_XP_022288659.1	85.0	S	0.0
Bmal_XP_001893320.2	Cvir_XP_022288659.1	85.0	S	0.0
Avit_KAL3984644.1	Cvir_XP_022288659.1	85.0	S	0.0
Dimm_MCP9262741.1	Cvir_XP_022288659.1	85.0	S	0.0
Sbat_VDP06211.1	Cvir_XP_022288659.1	85.0	S	0.0
Mjap_MIJAPON000007023.t1	Cvir_XP_022288659.1	85.0	S	0.0
Trimur_TMUE_1000003398	Cvir_XP_022288659.1	85.0	S	0.0
Gpal_Gpal_D383_g03642.t1	Cvir_XP_022288659.1	85.0	S	0.0
Lsig_VDK88905.1	Cvir_XP_022288659.1	85.0	S	0.0
Tsui_KHJ40711.1	Cvir_XP_022288659.1	85.0	S	0.0
Sarc_XP_014158518.1	Cvir_XP_022288659.1	85.0	S	0.0
Psp.PS1159_PS1159_v2.g11687.t1	Cvir_XP_022288659.1	85.0	S	0.0
Pgem_Unigene21894_Pirum_gemmata|m.14170	Cvir_XP_022288659.1	85.0	S	0.0
Ttri_CDW54493.1	Cvir_XP_022288659.1	85.0	S	0.0
Asuu_AgB03_g048_t03	Cvir_XP_022288659.1	85.0	S	0.0
Cfra_CFRG2798T1	Hsap_XP_047304875.1	85.0	S	0.0
Awhi_Unigene35172_Abeoforma_whisleri|m.22263	Hsap_XP_047304875.1	85.0	S	0.0
Priarc_PARCANUS000012818.t1	Hsap_XP_047304875.1	85.0	S	0.0
Eela_EEL_0000209001-mRNA-1	Hsap_XP_047304875.1	85.0	S	0.0
Rcul_nRc.2.0.1.t46458-RA	Hsap_XP_047304875.1	85.0	S	0.0
Sros_XP_004994182.1	Hsap_XP_047304875.1	85.0	S	0.0
Asuu_AgB03_g048_t04	Hsap_XP_047304875.1	85.0	S	0.0
Ovol_OVOC5945	Hsap_XP_047304875.1	85.0	S	0.0
Mhap_MhA1_Contig2752.frz3.gene1	Hsap_XP_047304875.1	85.0	S	0.0
Wban_VDM07865.1	Hsap_XP_047304875.1	85.0	S	0.0
Lloa_XP_020302644.1	Hsap_XP_047304875.1	85.0	S	0.0
Awhi_Unigene35173_Abeoforma_whisleri|m.22264	Hsap_XP_047304875.1	85.0	S	0.0
Bmal_XP_001893320.2	Hsap_XP_047304875.1	85.0	S	0.0
Avit_KAL3984644.1	Hsap_XP_047304875.1	85.0	S	0.0
Dimm_MCP9262741.1	Hsap_XP_047304875.1	85.0	S	0.0
Sbat_VDP06211.1	Hsap_XP_047304875.1	85.0	S	0.0
Mjap_MIJAPON000007023.t1	Hsap_XP_047304875.1	85.0	S	0.0
Trimur_TMUE_1000003398	Hsap_XP_047304875.1	85.0	S	0.0
Gpal_Gpal_D383_g03642.t1	Hsap_XP_047304875.1	85.0	S	0.0
Lsig_VDK88905.1	Hsap_XP_047304875.1	85.0	S	0.0
Tsui_KHJ40711.1	Hsap_XP_047304875.1	85.0	S	0.0
Sarc_XP_014158518.1	Hsap_XP_047304875.1	85.0	S	0.0
Psp.PS1159_PS1159_v2.g11687.t1	Hsap_XP_047304875.1	85.0	S	0.0
Pgem_Unigene21894_Pirum_gemmata|m.14170	Hsap_XP_047304875.1	85.0	S	0.0
Ttri_CDW54493.1	Hsap_XP_047304875.1	85.0	S	0.0
Asuu_AgB03_g048_t03	Hsap_XP_047304875.1	85.0	S	0.0
Cfra_CFRG2798T1	Ggal_XP_040560166.1	85.0	S	0.0
Awhi_Unigene35172_Abeoforma_whisleri|m.22263	Ggal_XP_040560166.1	85.0	S	0.0
Priarc_PARCANUS000012818.t1	Ggal_XP_040560166.1	85.0	S	0.0
Eela_EEL_0000209001-mRNA-1	Ggal_XP_040560166.1	85.0	S	0.0
Rcul_nRc.2.0.1.t46458-RA	Ggal_XP_040560166.1	85.0	S	0.0
Sros_XP_004994182.1	Ggal_XP_040560166.1	85.0	S	0.0
Asuu_AgB03_g048_t04	Ggal_XP_040560166.1	85.0	S	0.0
Ovol_OVOC5945	Ggal_XP_040560166.1	85.0	S	0.0
Mhap_MhA1_Contig2752.frz3.gene1	Ggal_XP_040560166.1	85.0	S	0.0
Wban_VDM07865.1	Ggal_XP_040560166.1	85.0	S	0.0
Lloa_XP_020302644.1	Ggal_XP_040560166.1	85.0	S	0.0
Awhi_Unigene35173_Abeoforma_whisleri|m.22264	Ggal_XP_040560166.1	85.0	S	0.0
Bmal_XP_001893320.2	Ggal_XP_040560166.1	85.0	S	0.0
Avit_KAL3984644.1	Ggal_XP_040560166.1	85.0	S	0.0
Dimm_MCP9262741.1	Ggal_XP_040560166.1	85.0	S	0.0
Sbat_VDP06211.1	Ggal_XP_040560166.1	85.0	S	0.0
Mjap_MIJAPON000007023.t1	Ggal_XP_040560166.1	85.0	S	0.0
Trimur_TMUE_1000003398	Ggal_XP_040560166.1	85.0	S	0.0
Gpal_Gpal_D383_g03642.t1	Ggal_XP_040560166.1	85.0	S	0.0
Lsig_VDK88905.1	Ggal_XP_040560166.1	85.0	S	0.0
Tsui_KHJ40711.1	Ggal_XP_040560166.1	85.0	S	0.0
Sarc_XP_014158518.1	Ggal_XP_040560166.1	85.0	S	0.0
Psp.PS1159_PS1159_v2.g11687.t1	Ggal_XP_040560166.1	85.0	S	0.0
Pgem_Unigene21894_Pirum_gemmata|m.14170	Ggal_XP_040560166.1	85.0	S	0.0
Ttri_CDW54493.1	Ggal_XP_040560166.1	85.0	S	0.0
Asuu_AgB03_g048_t03	Ggal_XP_040560166.1	85.0	S	0.0
Cfra_CFRG2798T1	Bmor_XP_004921852.1	85.0	S	0.0
Awhi_Unigene35172_Abeoforma_whisleri|m.22263	Bmor_XP_004921852.1	85.0	S	0.0
Priarc_PARCANUS000012818.t1	Bmor_XP_004921852.1	85.0	S	0.0
Eela_EEL_0000209001-mRNA-1	Bmor_XP_004921852.1	85.0	S	0.0
Rcul_nRc.2.0.1.t46458-RA	Bmor_XP_004921852.1	85.0	S	0.0
Sros_XP_004994182.1	Bmor_XP_004921852.1	85.0	S	0.0
Asuu_AgB03_g048_t04	Bmor_XP_004921852.1	85.0	S	0.0
Ovol_OVOC5945	Bmor_XP_004921852.1	85.0	S	0.0
Mhap_MhA1_Contig2752.frz3.gene1	Bmor_XP_004921852.1	85.0	S	0.0
Wban_VDM07865.1	Bmor_XP_004921852.1	85.0	S	0.0
Lloa_XP_020302644.1	Bmor_XP_004921852.1	85.0	S	0.0
Awhi_Unigene35173_Abeoforma_whisleri|m.22264	Bmor_XP_004921852.1	85.0	S	0.0
Bmal_XP_001893320.2	Bmor_XP_004921852.1	85.0	S	0.0
Avit_KAL3984644.1	Bmor_XP_004921852.1	85.0	S	0.0
Dimm_MCP9262741.1	Bmor_XP_004921852.1	85.0	S	0.0
Sbat_VDP06211.1	Bmor_XP_004921852.1	85.0	S	0.0
Mjap_MIJAPON000007023.t1	Bmor_XP_004921852.1	85.0	S	0.0
Trimur_TMUE_1000003398	Bmor_XP_004921852.1	85.0	S	0.0
Gpal_Gpal_D383_g03642.t1	Bmor_XP_004921852.1	85.0	S	0.0
Lsig_VDK88905.1	Bmor_XP_004921852.1	85.0	S	0.0
Tsui_KHJ40711.1	Bmor_XP_004921852.1	85.0	S	0.0
Sarc_XP_014158518.1	Bmor_XP_004921852.1	85.0	S	0.0
Psp.PS1159_PS1159_v2.g11687.t1	Bmor_XP_004921852.1	85.0	S	0.0
Pgem_Unigene21894_Pirum_gemmata|m.14170	Bmor_XP_004921852.1	85.0	S	0.0
Ttri_CDW54493.1	Bmor_XP_004921852.1	85.0	S	0.0
Asuu_AgB03_g048_t03	Bmor_XP_004921852.1	85.0	S	0.0
Cfra_CFRG2798T1	Twil_T_wilhelma_c32405_g1_i6|m.47715	85.0	S	0.0
Awhi_Unigene35172_Abeoforma_whisleri|m.22263	Twil_T_wilhelma_c32405_g1_i6|m.47715	85.0	S	0.0
Priarc_PARCANUS000012818.t1	Twil_T_wilhelma_c32405_g1_i6|m.47715	85.0	S	0.0
Eela_EEL_0000209001-mRNA-1	Twil_T_wilhelma_c32405_g1_i6|m.47715	85.0	S	0.0
Rcul_nRc.2.0.1.t46458-RA	Twil_T_wilhelma_c32405_g1_i6|m.47715	85.0	S	0.0
Sros_XP_004994182.1	Twil_T_wilhelma_c32405_g1_i6|m.47715	85.0	S	0.0
Asuu_AgB03_g048_t04	Twil_T_wilhelma_c32405_g1_i6|m.47715	85.0	S	0.0
Ovol_OVOC5945	Twil_T_wilhelma_c32405_g1_i6|m.47715	85.0	S	0.0
Mhap_MhA1_Contig2752.frz3.gene1	Twil_T_wilhelma_c32405_g1_i6|m.47715	85.0	S	0.0
Wban_VDM07865.1	Twil_T_wilhelma_c32405_g1_i6|m.47715	85.0	S	0.0
Lloa_XP_020302644.1	Twil_T_wilhelma_c32405_g1_i6|m.47715	85.0	S	0.0
Awhi_Unigene35173_Abeoforma_whisleri|m.22264	Twil_T_wilhelma_c32405_g1_i6|m.47715	85.0	S	0.0
Bmal_XP_001893320.2	Twil_T_wilhelma_c32405_g1_i6|m.47715	85.0	S	0.0
Avit_KAL3984644.1	Twil_T_wilhelma_c32405_g1_i6|m.47715	85.0	S	0.0
Dimm_MCP9262741.1	Twil_T_wilhelma_c32405_g1_i6|m.47715	85.0	S	0.0
Sbat_VDP06211.1	Twil_T_wilhelma_c32405_g1_i6|m.47715	85.0	S	0.0
Mjap_MIJAPON000007023.t1	Twil_T_wilhelma_c32405_g1_i6|m.47715	85.0	S	0.0
Trimur_TMUE_1000003398	Twil_T_wilhelma_c32405_g1_i6|m.47715	85.0	S	0.0
Gpal_Gpal_D383_g03642.t1	Twil_T_wilhelma_c32405_g1_i6|m.47715	85.0	S	0.0
Lsig_VDK88905.1	Twil_T_wilhelma_c32405_g1_i6|m.47715	85.0	S	0.0
Tsui_KHJ40711.1	Twil_T_wilhelma_c32405_g1_i6|m.47715	85.0	S	0.0
Sarc_XP_014158518.1	Twil_T_wilhelma_c32405_g1_i6|m.47715	85.0	S	0.0
Psp.PS1159_PS1159_v2.g11687.t1	Twil_T_wilhelma_c32405_g1_i6|m.47715	85.0	S	0.0
Pgem_Unigene21894_Pirum_gemmata|m.14170	Twil_T_wilhelma_c32405_g1_i6|m.47715	85.0	S	0.0
Ttri_CDW54493.1	Twil_T_wilhelma_c32405_g1_i6|m.47715	85.0	S	0.0
Asuu_AgB03_g048_t03	Twil_T_wilhelma_c32405_g1_i6|m.47715	85.0	S	0.0
Cfra_CFRG2798T1	Hsap_NP_078886.2	85.0	S	0.0
Awhi_Unigene35172_Abeoforma_whisleri|m.22263	Hsap_NP_078886.2	85.0	S	0.0
Priarc_PARCANUS000012818.t1	Hsap_NP_078886.2	85.0	S	0.0
Eela_EEL_0000209001-mRNA-1	Hsap_NP_078886.2	85.0	S	0.0
Rcul_nRc.2.0.1.t46458-RA	Hsap_NP_078886.2	85.0	S	0.0
Sros_XP_004994182.1	Hsap_NP_078886.2	85.0	S	0.0
Asuu_AgB03_g048_t04	Hsap_NP_078886.2	85.0	S	0.0
Ovol_OVOC5945	Hsap_NP_078886.2	85.0	S	0.0
Mhap_MhA1_Contig2752.frz3.gene1	Hsap_NP_078886.2	85.0	S	0.0
Wban_VDM07865.1	Hsap_NP_078886.2	85.0	S	0.0
Lloa_XP_020302644.1	Hsap_NP_078886.2	85.0	S	0.0
Awhi_Unigene35173_Abeoforma_whisleri|m.22264	Hsap_NP_078886.2	85.0	S	0.0
Bmal_XP_001893320.2	Hsap_NP_078886.2	85.0	S	0.0
Avit_KAL3984644.1	Hsap_NP_078886.2	85.0	S	0.0
Dimm_MCP9262741.1	Hsap_NP_078886.2	85.0	S	0.0
Sbat_VDP06211.1	Hsap_NP_078886.2	85.0	S	0.0
Mjap_MIJAPON000007023.t1	Hsap_NP_078886.2	85.0	S	0.0
Trimur_TMUE_1000003398	Hsap_NP_078886.2	85.0	S	0.0
Gpal_Gpal_D383_g03642.t1	Hsap_NP_078886.2	85.0	S	0.0
Lsig_VDK88905.1	Hsap_NP_078886.2	85.0	S	0.0
Tsui_KHJ40711.1	Hsap_NP_078886.2	85.0	S	0.0
Sarc_XP_014158518.1	Hsap_NP_078886.2	85.0	S	0.0
Psp.PS1159_PS1159_v2.g11687.t1	Hsap_NP_078886.2	85.0	S	0.0
Pgem_Unigene21894_Pirum_gemmata|m.14170	Hsap_NP_078886.2	85.0	S	0.0
Ttri_CDW54493.1	Hsap_NP_078886.2	85.0	S	0.0
Asuu_AgB03_g048_t03	Hsap_NP_078886.2	85.0	S	0.0
Cfra_CFRG2798T1	Ofus_CAH1775754.1	85.0	S	0.0
Awhi_Unigene35172_Abeoforma_whisleri|m.22263	Ofus_CAH1775754.1	85.0	S	0.0
Priarc_PARCANUS000012818.t1	Ofus_CAH1775754.1	85.0	S	0.0
Eela_EEL_0000209001-mRNA-1	Ofus_CAH1775754.1	85.0	S	0.0
Rcul_nRc.2.0.1.t46458-RA	Ofus_CAH1775754.1	85.0	S	0.0
Sros_XP_004994182.1	Ofus_CAH1775754.1	85.0	S	0.0
Asuu_AgB03_g048_t04	Ofus_CAH1775754.1	85.0	S	0.0
Ovol_OVOC5945	Ofus_CAH1775754.1	85.0	S	0.0
Mhap_MhA1_Contig2752.frz3.gene1	Ofus_CAH1775754.1	85.0	S	0.0
Wban_VDM07865.1	Ofus_CAH1775754.1	85.0	S	0.0
Lloa_XP_020302644.1	Ofus_CAH1775754.1	85.0	S	0.0
Awhi_Unigene35173_Abeoforma_whisleri|m.22264	Ofus_CAH1775754.1	85.0	S	0.0
Bmal_XP_001893320.2	Ofus_CAH1775754.1	85.0	S	0.0
Avit_KAL3984644.1	Ofus_CAH1775754.1	85.0	S	0.0
Dimm_MCP9262741.1	Ofus_CAH1775754.1	85.0	S	0.0
Sbat_VDP06211.1	Ofus_CAH1775754.1	85.0	S	0.0
Mjap_MIJAPON000007023.t1	Ofus_CAH1775754.1	85.0	S	0.0
Trimur_TMUE_1000003398	Ofus_CAH1775754.1	85.0	S	0.0
Gpal_Gpal_D383_g03642.t1	Ofus_CAH1775754.1	85.0	S	0.0
Lsig_VDK88905.1	Ofus_CAH1775754.1	85.0	S	0.0
Tsui_KHJ40711.1	Ofus_CAH1775754.1	85.0	S	0.0
Sarc_XP_014158518.1	Ofus_CAH1775754.1	85.0	S	0.0
Psp.PS1159_PS1159_v2.g11687.t1	Ofus_CAH1775754.1	85.0	S	0.0
Pgem_Unigene21894_Pirum_gemmata|m.14170	Ofus_CAH1775754.1	85.0	S	0.0
Ttri_CDW54493.1	Ofus_CAH1775754.1	85.0	S	0.0
Asuu_AgB03_g048_t03	Ofus_CAH1775754.1	85.0	S	0.0
Cfra_CFRG2798T1	Drer_XP_021334317.1	85.0	S	0.0
Awhi_Unigene35172_Abeoforma_whisleri|m.22263	Drer_XP_021334317.1	85.0	S	0.0
Priarc_PARCANUS000012818.t1	Drer_XP_021334317.1	85.0	S	0.0
Eela_EEL_0000209001-mRNA-1	Drer_XP_021334317.1	85.0	S	0.0
Rcul_nRc.2.0.1.t46458-RA	Drer_XP_021334317.1	85.0	S	0.0
Sros_XP_004994182.1	Drer_XP_021334317.1	85.0	S	0.0
Asuu_AgB03_g048_t04	Drer_XP_021334317.1	85.0	S	0.0
Ovol_OVOC5945	Drer_XP_021334317.1	85.0	S	0.0
Mhap_MhA1_Contig2752.frz3.gene1	Drer_XP_021334317.1	85.0	S	0.0
Wban_VDM07865.1	Drer_XP_021334317.1	85.0	S	0.0
Lloa_XP_020302644.1	Drer_XP_021334317.1	85.0	S	0.0
Awhi_Unigene35173_Abeoforma_whisleri|m.22264	Drer_XP_021334317.1	85.0	S	0.0
Bmal_XP_001893320.2	Drer_XP_021334317.1	85.0	S	0.0
Avit_KAL3984644.1	Drer_XP_021334317.1	85.0	S	0.0
Dimm_MCP9262741.1	Drer_XP_021334317.1	85.0	S	0.0
Sbat_VDP06211.1	Drer_XP_021334317.1	85.0	S	0.0
Mjap_MIJAPON000007023.t1	Drer_XP_021334317.1	85.0	S	0.0
Trimur_TMUE_1000003398	Drer_XP_021334317.1	85.0	S	0.0
Gpal_Gpal_D383_g03642.t1	Drer_XP_021334317.1	85.0	S	0.0
Lsig_VDK88905.1	Drer_XP_021334317.1	85.0	S	0.0
Tsui_KHJ40711.1	Drer_XP_021334317.1	85.0	S	0.0
Sarc_XP_014158518.1	Drer_XP_021334317.1	85.0	S	0.0
Psp.PS1159_PS1159_v2.g11687.t1	Drer_XP_021334317.1	85.0	S	0.0
Pgem_Unigene21894_Pirum_gemmata|m.14170	Drer_XP_021334317.1	85.0	S	0.0
Ttri_CDW54493.1	Drer_XP_021334317.1	85.0	S	0.0
Asuu_AgB03_g048_t03	Drer_XP_021334317.1	85.0	S	0.0
Cfra_CFRG2798T1	Ggal_XP_040560165.1	85.0	S	0.0
Awhi_Unigene35172_Abeoforma_whisleri|m.22263	Ggal_XP_040560165.1	85.0	S	0.0
Priarc_PARCANUS000012818.t1	Ggal_XP_040560165.1	85.0	S	0.0
Eela_EEL_0000209001-mRNA-1	Ggal_XP_040560165.1	85.0	S	0.0
Rcul_nRc.2.0.1.t46458-RA	Ggal_XP_040560165.1	85.0	S	0.0
Sros_XP_004994182.1	Ggal_XP_040560165.1	85.0	S	0.0
Asuu_AgB03_g048_t04	Ggal_XP_040560165.1	85.0	S	0.0
Ovol_OVOC5945	Ggal_XP_040560165.1	85.0	S	0.0
Mhap_MhA1_Contig2752.frz3.gene1	Ggal_XP_040560165.1	85.0	S	0.0
Wban_VDM07865.1	Ggal_XP_040560165.1	85.0	S	0.0
Lloa_XP_020302644.1	Ggal_XP_040560165.1	85.0	S	0.0
Awhi_Unigene35173_Abeoforma_whisleri|m.22264	Ggal_XP_040560165.1	85.0	S	0.0
Bmal_XP_001893320.2	Ggal_XP_040560165.1	85.0	S	0.0
Avit_KAL3984644.1	Ggal_XP_040560165.1	85.0	S	0.0
Dimm_MCP9262741.1	Ggal_XP_040560165.1	85.0	S	0.0
Sbat_VDP06211.1	Ggal_XP_040560165.1	85.0	S	0.0
Mjap_MIJAPON000007023.t1	Ggal_XP_040560165.1	85.0	S	0.0
Trimur_TMUE_1000003398	Ggal_XP_040560165.1	85.0	S	0.0
Gpal_Gpal_D383_g03642.t1	Ggal_XP_040560165.1	85.0	S	0.0
Lsig_VDK88905.1	Ggal_XP_040560165.1	85.0	S	0.0
Tsui_KHJ40711.1	Ggal_XP_040560165.1	85.0	S	0.0
Sarc_XP_014158518.1	Ggal_XP_040560165.1	85.0	S	0.0
Psp.PS1159_PS1159_v2.g11687.t1	Ggal_XP_040560165.1	85.0	S	0.0
Pgem_Unigene21894_Pirum_gemmata|m.14170	Ggal_XP_040560165.1	85.0	S	0.0
Ttri_CDW54493.1	Ggal_XP_040560165.1	85.0	S	0.0
Asuu_AgB03_g048_t03	Ggal_XP_040560165.1	85.0	S	0.0
Cfra_CFRG2798T1	Ggal_XP_040560170.1	85.0	S	0.0
Awhi_Unigene35172_Abeoforma_whisleri|m.22263	Ggal_XP_040560170.1	85.0	S	0.0
Priarc_PARCANUS000012818.t1	Ggal_XP_040560170.1	85.0	S	0.0
Eela_EEL_0000209001-mRNA-1	Ggal_XP_040560170.1	85.0	S	0.0
Rcul_nRc.2.0.1.t46458-RA	Ggal_XP_040560170.1	85.0	S	0.0
Sros_XP_004994182.1	Ggal_XP_040560170.1	85.0	S	0.0
Asuu_AgB03_g048_t04	Ggal_XP_040560170.1	85.0	S	0.0
Ovol_OVOC5945	Ggal_XP_040560170.1	85.0	S	0.0
Mhap_MhA1_Contig2752.frz3.gene1	Ggal_XP_040560170.1	85.0	S	0.0
Wban_VDM07865.1	Ggal_XP_040560170.1	85.0	S	0.0
Lloa_XP_020302644.1	Ggal_XP_040560170.1	85.0	S	0.0
Awhi_Unigene35173_Abeoforma_whisleri|m.22264	Ggal_XP_040560170.1	85.0	S	0.0
Bmal_XP_001893320.2	Ggal_XP_040560170.1	85.0	S	0.0
Avit_KAL3984644.1	Ggal_XP_040560170.1	85.0	S	0.0
Dimm_MCP9262741.1	Ggal_XP_040560170.1	85.0	S	0.0
Sbat_VDP06211.1	Ggal_XP_040560170.1	85.0	S	0.0
Mjap_MIJAPON000007023.t1	Ggal_XP_040560170.1	85.0	S	0.0
Trimur_TMUE_1000003398	Ggal_XP_040560170.1	85.0	S	0.0
Gpal_Gpal_D383_g03642.t1	Ggal_XP_040560170.1	85.0	S	0.0
Lsig_VDK88905.1	Ggal_XP_040560170.1	85.0	S	0.0
Tsui_KHJ40711.1	Ggal_XP_040560170.1	85.0	S	0.0
Sarc_XP_014158518.1	Ggal_XP_040560170.1	85.0	S	0.0
Psp.PS1159_PS1159_v2.g11687.t1	Ggal_XP_040560170.1	85.0	S	0.0
Pgem_Unigene21894_Pirum_gemmata|m.14170	Ggal_XP_040560170.1	85.0	S	0.0
Ttri_CDW54493.1	Ggal_XP_040560170.1	85.0	S	0.0
Asuu_AgB03_g048_t03	Ggal_XP_040560170.1	85.0	S	0.0
Cfra_CFRG2798T1	Mlei_ML11821a-PA	85.0	S	0.0
Awhi_Unigene35172_Abeoforma_whisleri|m.22263	Mlei_ML11821a-PA	85.0	S	0.0
Priarc_PARCANUS000012818.t1	Mlei_ML11821a-PA	85.0	S	0.0
Eela_EEL_0000209001-mRNA-1	Mlei_ML11821a-PA	85.0	S	0.0
Rcul_nRc.2.0.1.t46458-RA	Mlei_ML11821a-PA	85.0	S	0.0
Sros_XP_004994182.1	Mlei_ML11821a-PA	85.0	S	0.0
Asuu_AgB03_g048_t04	Mlei_ML11821a-PA	85.0	S	0.0
Ovol_OVOC5945	Mlei_ML11821a-PA	85.0	S	0.0
Mhap_MhA1_Contig2752.frz3.gene1	Mlei_ML11821a-PA	85.0	S	0.0
Wban_VDM07865.1	Mlei_ML11821a-PA	85.0	S	0.0
Lloa_XP_020302644.1	Mlei_ML11821a-PA	85.0	S	0.0
Awhi_Unigene35173_Abeoforma_whisleri|m.22264	Mlei_ML11821a-PA	85.0	S	0.0
Bmal_XP_001893320.2	Mlei_ML11821a-PA	85.0	S	0.0
Avit_KAL3984644.1	Mlei_ML11821a-PA	85.0	S	0.0
Dimm_MCP9262741.1	Mlei_ML11821a-PA	85.0	S	0.0
Sbat_VDP06211.1	Mlei_ML11821a-PA	85.0	S	0.0
Mjap_MIJAPON000007023.t1	Mlei_ML11821a-PA	85.0	S	0.0
Trimur_TMUE_1000003398	Mlei_ML11821a-PA	85.0	S	0.0
Gpal_Gpal_D383_g03642.t1	Mlei_ML11821a-PA	85.0	S	0.0
Lsig_VDK88905.1	Mlei_ML11821a-PA	85.0	S	0.0
Tsui_KHJ40711.1	Mlei_ML11821a-PA	85.0	S	0.0
Sarc_XP_014158518.1	Mlei_ML11821a-PA	85.0	S	0.0
Psp.PS1159_PS1159_v2.g11687.t1	Mlei_ML11821a-PA	85.0	S	0.0
Pgem_Unigene21894_Pirum_gemmata|m.14170	Mlei_ML11821a-PA	85.0	S	0.0
Ttri_CDW54493.1	Mlei_ML11821a-PA	85.0	S	0.0
Asuu_AgB03_g048_t03	Mlei_ML11821a-PA	85.0	S	0.0
Cfra_CFRG2798T1	Obim_XP_052822003.1	85.0	S	0.0
Awhi_Unigene35172_Abeoforma_whisleri|m.22263	Obim_XP_052822003.1	85.0	S	0.0
Priarc_PARCANUS000012818.t1	Obim_XP_052822003.1	85.0	S	0.0
Eela_EEL_0000209001-mRNA-1	Obim_XP_052822003.1	85.0	S	0.0
Rcul_nRc.2.0.1.t46458-RA	Obim_XP_052822003.1	85.0	S	0.0
Sros_XP_004994182.1	Obim_XP_052822003.1	85.0	S	0.0
Asuu_AgB03_g048_t04	Obim_XP_052822003.1	85.0	S	0.0
Ovol_OVOC5945	Obim_XP_052822003.1	85.0	S	0.0
Mhap_MhA1_Contig2752.frz3.gene1	Obim_XP_052822003.1	85.0	S	0.0
Wban_VDM07865.1	Obim_XP_052822003.1	85.0	S	0.0
Lloa_XP_020302644.1	Obim_XP_052822003.1	85.0	S	0.0
Awhi_Unigene35173_Abeoforma_whisleri|m.22264	Obim_XP_052822003.1	85.0	S	0.0
Bmal_XP_001893320.2	Obim_XP_052822003.1	85.0	S	0.0
Avit_KAL3984644.1	Obim_XP_052822003.1	85.0	S	0.0
Dimm_MCP9262741.1	Obim_XP_052822003.1	85.0	S	0.0
Sbat_VDP06211.1	Obim_XP_052822003.1	85.0	S	0.0
Mjap_MIJAPON000007023.t1	Obim_XP_052822003.1	85.0	S	0.0
Trimur_TMUE_1000003398	Obim_XP_052822003.1	85.0	S	0.0
Gpal_Gpal_D383_g03642.t1	Obim_XP_052822003.1	85.0	S	0.0
Lsig_VDK88905.1	Obim_XP_052822003.1	85.0	S	0.0
Tsui_KHJ40711.1	Obim_XP_052822003.1	85.0	S	0.0
Sarc_XP_014158518.1	Obim_XP_052822003.1	85.0	S	0.0
Psp.PS1159_PS1159_v2.g11687.t1	Obim_XP_052822003.1	85.0	S	0.0
Pgem_Unigene21894_Pirum_gemmata|m.14170	Obim_XP_052822003.1	85.0	S	0.0
Ttri_CDW54493.1	Obim_XP_052822003.1	85.0	S	0.0
Asuu_AgB03_g048_t03	Obim_XP_052822003.1	85.0	S	0.0
Cfra_CFRG2798T1	Obim_XP_052822001.1	85.0	S	0.0
Awhi_Unigene35172_Abeoforma_whisleri|m.22263	Obim_XP_052822001.1	85.0	S	0.0
Priarc_PARCANUS000012818.t1	Obim_XP_052822001.1	85.0	S	0.0
Eela_EEL_0000209001-mRNA-1	Obim_XP_052822001.1	85.0	S	0.0
Rcul_nRc.2.0.1.t46458-RA	Obim_XP_052822001.1	85.0	S	0.0
Sros_XP_004994182.1	Obim_XP_052822001.1	85.0	S	0.0
Asuu_AgB03_g048_t04	Obim_XP_052822001.1	85.0	S	0.0
Ovol_OVOC5945	Obim_XP_052822001.1	85.0	S	0.0
Mhap_MhA1_Contig2752.frz3.gene1	Obim_XP_052822001.1	85.0	S	0.0
Wban_VDM07865.1	Obim_XP_052822001.1	85.0	S	0.0
Lloa_XP_020302644.1	Obim_XP_052822001.1	85.0	S	0.0
Awhi_Unigene35173_Abeoforma_whisleri|m.22264	Obim_XP_052822001.1	85.0	S	0.0
Bmal_XP_001893320.2	Obim_XP_052822001.1	85.0	S	0.0
Avit_KAL3984644.1	Obim_XP_052822001.1	85.0	S	0.0
Dimm_MCP9262741.1	Obim_XP_052822001.1	85.0	S	0.0
Sbat_VDP06211.1	Obim_XP_052822001.1	85.0	S	0.0
Mjap_MIJAPON000007023.t1	Obim_XP_052822001.1	85.0	S	0.0
Trimur_TMUE_1000003398	Obim_XP_052822001.1	85.0	S	0.0
Gpal_Gpal_D383_g03642.t1	Obim_XP_052822001.1	85.0	S	0.0
Lsig_VDK88905.1	Obim_XP_052822001.1	85.0	S	0.0
Tsui_KHJ40711.1	Obim_XP_052822001.1	85.0	S	0.0
Sarc_XP_014158518.1	Obim_XP_052822001.1	85.0	S	0.0
Psp.PS1159_PS1159_v2.g11687.t1	Obim_XP_052822001.1	85.0	S	0.0
Pgem_Unigene21894_Pirum_gemmata|m.14170	Obim_XP_052822001.1	85.0	S	0.0
Ttri_CDW54493.1	Obim_XP_052822001.1	85.0	S	0.0
Asuu_AgB03_g048_t03	Obim_XP_052822001.1	85.0	S	0.0
Cfra_CFRG2798T1	Lcom_lcpid72575|	85.0	S	0.0
Awhi_Unigene35172_Abeoforma_whisleri|m.22263	Lcom_lcpid72575|	85.0	S	0.0
Priarc_PARCANUS000012818.t1	Lcom_lcpid72575|	85.0	S	0.0
Eela_EEL_0000209001-mRNA-1	Lcom_lcpid72575|	85.0	S	0.0
Rcul_nRc.2.0.1.t46458-RA	Lcom_lcpid72575|	85.0	S	0.0
Sros_XP_004994182.1	Lcom_lcpid72575|	85.0	S	0.0
Asuu_AgB03_g048_t04	Lcom_lcpid72575|	85.0	S	0.0
Ovol_OVOC5945	Lcom_lcpid72575|	85.0	S	0.0
Mhap_MhA1_Contig2752.frz3.gene1	Lcom_lcpid72575|	85.0	S	0.0
Wban_VDM07865.1	Lcom_lcpid72575|	85.0	S	0.0
Lloa_XP_020302644.1	Lcom_lcpid72575|	85.0	S	0.0
Awhi_Unigene35173_Abeoforma_whisleri|m.22264	Lcom_lcpid72575|	85.0	S	0.0
Bmal_XP_001893320.2	Lcom_lcpid72575|	85.0	S	0.0
Avit_KAL3984644.1	Lcom_lcpid72575|	85.0	S	0.0
Dimm_MCP9262741.1	Lcom_lcpid72575|	85.0	S	0.0
Sbat_VDP06211.1	Lcom_lcpid72575|	85.0	S	0.0
Mjap_MIJAPON000007023.t1	Lcom_lcpid72575|	85.0	S	0.0
Trimur_TMUE_1000003398	Lcom_lcpid72575|	85.0	S	0.0
Gpal_Gpal_D383_g03642.t1	Lcom_lcpid72575|	85.0	S	0.0
Lsig_VDK88905.1	Lcom_lcpid72575|	85.0	S	0.0
Tsui_KHJ40711.1	Lcom_lcpid72575|	85.0	S	0.0
Sarc_XP_014158518.1	Lcom_lcpid72575|	85.0	S	0.0
Psp.PS1159_PS1159_v2.g11687.t1	Lcom_lcpid72575|	85.0	S	0.0
Pgem_Unigene21894_Pirum_gemmata|m.14170	Lcom_lcpid72575|	85.0	S	0.0
Ttri_CDW54493.1	Lcom_lcpid72575|	85.0	S	0.0
Asuu_AgB03_g048_t03	Lcom_lcpid72575|	85.0	S	0.0
Cfra_CFRG2798T1	Ggal_XP_015145483.2	85.0	S	0.0
Awhi_Unigene35172_Abeoforma_whisleri|m.22263	Ggal_XP_015145483.2	85.0	S	0.0
Priarc_PARCANUS000012818.t1	Ggal_XP_015145483.2	85.0	S	0.0
Eela_EEL_0000209001-mRNA-1	Ggal_XP_015145483.2	85.0	S	0.0
Rcul_nRc.2.0.1.t46458-RA	Ggal_XP_015145483.2	85.0	S	0.0
Sros_XP_004994182.1	Ggal_XP_015145483.2	85.0	S	0.0
Asuu_AgB03_g048_t04	Ggal_XP_015145483.2	85.0	S	0.0
Ovol_OVOC5945	Ggal_XP_015145483.2	85.0	S	0.0
Mhap_MhA1_Contig2752.frz3.gene1	Ggal_XP_015145483.2	85.0	S	0.0
Wban_VDM07865.1	Ggal_XP_015145483.2	85.0	S	0.0
Lloa_XP_020302644.1	Ggal_XP_015145483.2	85.0	S	0.0
Awhi_Unigene35173_Abeoforma_whisleri|m.22264	Ggal_XP_015145483.2	85.0	S	0.0
Bmal_XP_001893320.2	Ggal_XP_015145483.2	85.0	S	0.0
Avit_KAL3984644.1	Ggal_XP_015145483.2	85.0	S	0.0
Dimm_MCP9262741.1	Ggal_XP_015145483.2	85.0	S	0.0
Sbat_VDP06211.1	Ggal_XP_015145483.2	85.0	S	0.0
Mjap_MIJAPON000007023.t1	Ggal_XP_015145483.2	85.0	S	0.0
Trimur_TMUE_1000003398	Ggal_XP_015145483.2	85.0	S	0.0
Gpal_Gpal_D383_g03642.t1	Ggal_XP_015145483.2	85.0	S	0.0
Lsig_VDK88905.1	Ggal_XP_015145483.2	85.0	S	0.0
Tsui_KHJ40711.1	Ggal_XP_015145483.2	85.0	S	0.0
Sarc_XP_014158518.1	Ggal_XP_015145483.2	85.0	S	0.0
Psp.PS1159_PS1159_v2.g11687.t1	Ggal_XP_015145483.2	85.0	S	0.0
Pgem_Unigene21894_Pirum_gemmata|m.14170	Ggal_XP_015145483.2	85.0	S	0.0
Ttri_CDW54493.1	Ggal_XP_015145483.2	85.0	S	0.0
Asuu_AgB03_g048_t03	Ggal_XP_015145483.2	85.0	S	0.0
Cfra_CFRG2798T1	Tadh_XP_002118456.1	85.0	S	0.0
Awhi_Unigene35172_Abeoforma_whisleri|m.22263	Tadh_XP_002118456.1	85.0	S	0.0
Priarc_PARCANUS000012818.t1	Tadh_XP_002118456.1	85.0	S	0.0
Eela_EEL_0000209001-mRNA-1	Tadh_XP_002118456.1	85.0	S	0.0
Rcul_nRc.2.0.1.t46458-RA	Tadh_XP_002118456.1	85.0	S	0.0
Sros_XP_004994182.1	Tadh_XP_002118456.1	85.0	S	0.0
Asuu_AgB03_g048_t04	Tadh_XP_002118456.1	85.0	S	0.0
Ovol_OVOC5945	Tadh_XP_002118456.1	85.0	S	0.0
Mhap_MhA1_Contig2752.frz3.gene1	Tadh_XP_002118456.1	85.0	S	0.0
Wban_VDM07865.1	Tadh_XP_002118456.1	85.0	S	0.0
Lloa_XP_020302644.1	Tadh_XP_002118456.1	85.0	S	0.0
Awhi_Unigene35173_Abeoforma_whisleri|m.22264	Tadh_XP_002118456.1	85.0	S	0.0
Bmal_XP_001893320.2	Tadh_XP_002118456.1	85.0	S	0.0
Avit_KAL3984644.1	Tadh_XP_002118456.1	85.0	S	0.0
Dimm_MCP9262741.1	Tadh_XP_002118456.1	85.0	S	0.0
Sbat_VDP06211.1	Tadh_XP_002118456.1	85.0	S	0.0
Mjap_MIJAPON000007023.t1	Tadh_XP_002118456.1	85.0	S	0.0
Trimur_TMUE_1000003398	Tadh_XP_002118456.1	85.0	S	0.0
Gpal_Gpal_D383_g03642.t1	Tadh_XP_002118456.1	85.0	S	0.0
Lsig_VDK88905.1	Tadh_XP_002118456.1	85.0	S	0.0
Tsui_KHJ40711.1	Tadh_XP_002118456.1	85.0	S	0.0
Sarc_XP_014158518.1	Tadh_XP_002118456.1	85.0	S	0.0
Psp.PS1159_PS1159_v2.g11687.t1	Tadh_XP_002118456.1	85.0	S	0.0
Pgem_Unigene21894_Pirum_gemmata|m.14170	Tadh_XP_002118456.1	85.0	S	0.0
Ttri_CDW54493.1	Tadh_XP_002118456.1	85.0	S	0.0
Asuu_AgB03_g048_t03	Tadh_XP_002118456.1	85.0	S	0.0
Cfra_CFRG2798T1	Ggal_XP_040560168.1	85.0	S	0.0
Awhi_Unigene35172_Abeoforma_whisleri|m.22263	Ggal_XP_040560168.1	85.0	S	0.0
Priarc_PARCANUS000012818.t1	Ggal_XP_040560168.1	85.0	S	0.0
Eela_EEL_0000209001-mRNA-1	Ggal_XP_040560168.1	85.0	S	0.0
Rcul_nRc.2.0.1.t46458-RA	Ggal_XP_040560168.1	85.0	S	0.0
Sros_XP_004994182.1	Ggal_XP_040560168.1	85.0	S	0.0
Asuu_AgB03_g048_t04	Ggal_XP_040560168.1	85.0	S	0.0
Ovol_OVOC5945	Ggal_XP_040560168.1	85.0	S	0.0
Mhap_MhA1_Contig2752.frz3.gene1	Ggal_XP_040560168.1	85.0	S	0.0
Wban_VDM07865.1	Ggal_XP_040560168.1	85.0	S	0.0
Lloa_XP_020302644.1	Ggal_XP_040560168.1	85.0	S	0.0
Awhi_Unigene35173_Abeoforma_whisleri|m.22264	Ggal_XP_040560168.1	85.0	S	0.0
Bmal_XP_001893320.2	Ggal_XP_040560168.1	85.0	S	0.0
Avit_KAL3984644.1	Ggal_XP_040560168.1	85.0	S	0.0
Dimm_MCP9262741.1	Ggal_XP_040560168.1	85.0	S	0.0
Sbat_VDP06211.1	Ggal_XP_040560168.1	85.0	S	0.0
Mjap_MIJAPON000007023.t1	Ggal_XP_040560168.1	85.0	S	0.0
Trimur_TMUE_1000003398	Ggal_XP_040560168.1	85.0	S	0.0
Gpal_Gpal_D383_g03642.t1	Ggal_XP_040560168.1	85.0	S	0.0
Lsig_VDK88905.1	Ggal_XP_040560168.1	85.0	S	0.0
Tsui_KHJ40711.1	Ggal_XP_040560168.1	85.0	S	0.0
Sarc_XP_014158518.1	Ggal_XP_040560168.1	85.0	S	0.0
Psp.PS1159_PS1159_v2.g11687.t1	Ggal_XP_040560168.1	85.0	S	0.0
Pgem_Unigene21894_Pirum_gemmata|m.14170	Ggal_XP_040560168.1	85.0	S	0.0
Ttri_CDW54493.1	Ggal_XP_040560168.1	85.0	S	0.0
Asuu_AgB03_g048_t03	Ggal_XP_040560168.1	85.0	S	0.0
Cfra_CFRG2798T1	Ggal_XP_046799733.1	85.0	S	0.0
Awhi_Unigene35172_Abeoforma_whisleri|m.22263	Ggal_XP_046799733.1	85.0	S	0.0
Priarc_PARCANUS000012818.t1	Ggal_XP_046799733.1	85.0	S	0.0
Eela_EEL_0000209001-mRNA-1	Ggal_XP_046799733.1	85.0	S	0.0
Rcul_nRc.2.0.1.t46458-RA	Ggal_XP_046799733.1	85.0	S	0.0
Sros_XP_004994182.1	Ggal_XP_046799733.1	85.0	S	0.0
Asuu_AgB03_g048_t04	Ggal_XP_046799733.1	85.0	S	0.0
Ovol_OVOC5945	Ggal_XP_046799733.1	85.0	S	0.0
Mhap_MhA1_Contig2752.frz3.gene1	Ggal_XP_046799733.1	85.0	S	0.0
Wban_VDM07865.1	Ggal_XP_046799733.1	85.0	S	0.0
Lloa_XP_020302644.1	Ggal_XP_046799733.1	85.0	S	0.0
Awhi_Unigene35173_Abeoforma_whisleri|m.22264	Ggal_XP_046799733.1	85.0	S	0.0
Bmal_XP_001893320.2	Ggal_XP_046799733.1	85.0	S	0.0
Avit_KAL3984644.1	Ggal_XP_046799733.1	85.0	S	0.0
Dimm_MCP9262741.1	Ggal_XP_046799733.1	85.0	S	0.0
Sbat_VDP06211.1	Ggal_XP_046799733.1	85.0	S	0.0
Mjap_MIJAPON000007023.t1	Ggal_XP_046799733.1	85.0	S	0.0
Trimur_TMUE_1000003398	Ggal_XP_046799733.1	85.0	S	0.0
Gpal_Gpal_D383_g03642.t1	Ggal_XP_046799733.1	85.0	S	0.0
Lsig_VDK88905.1	Ggal_XP_046799733.1	85.0	S	0.0
Tsui_KHJ40711.1	Ggal_XP_046799733.1	85.0	S	0.0
Sarc_XP_014158518.1	Ggal_XP_046799733.1	85.0	S	0.0
Psp.PS1159_PS1159_v2.g11687.t1	Ggal_XP_046799733.1	85.0	S	0.0
Pgem_Unigene21894_Pirum_gemmata|m.14170	Ggal_XP_046799733.1	85.0	S	0.0
Ttri_CDW54493.1	Ggal_XP_046799733.1	85.0	S	0.0
Asuu_AgB03_g048_t03	Ggal_XP_046799733.1	85.0	S	0.0
Cfra_CFRG2798T1	Drer_XP_005167885.1	85.0	S	0.0
Awhi_Unigene35172_Abeoforma_whisleri|m.22263	Drer_XP_005167885.1	85.0	S	0.0
Priarc_PARCANUS000012818.t1	Drer_XP_005167885.1	85.0	S	0.0
Eela_EEL_0000209001-mRNA-1	Drer_XP_005167885.1	85.0	S	0.0
Rcul_nRc.2.0.1.t46458-RA	Drer_XP_005167885.1	85.0	S	0.0
Sros_XP_004994182.1	Drer_XP_005167885.1	85.0	S	0.0
Asuu_AgB03_g048_t04	Drer_XP_005167885.1	85.0	S	0.0
Ovol_OVOC5945	Drer_XP_005167885.1	85.0	S	0.0
Mhap_MhA1_Contig2752.frz3.gene1	Drer_XP_005167885.1	85.0	S	0.0
Wban_VDM07865.1	Drer_XP_005167885.1	85.0	S	0.0
Lloa_XP_020302644.1	Drer_XP_005167885.1	85.0	S	0.0
Awhi_Unigene35173_Abeoforma_whisleri|m.22264	Drer_XP_005167885.1	85.0	S	0.0
Bmal_XP_001893320.2	Drer_XP_005167885.1	85.0	S	0.0
Avit_KAL3984644.1	Drer_XP_005167885.1	85.0	S	0.0
Dimm_MCP9262741.1	Drer_XP_005167885.1	85.0	S	0.0
Sbat_VDP06211.1	Drer_XP_005167885.1	85.0	S	0.0
Mjap_MIJAPON000007023.t1	Drer_XP_005167885.1	85.0	S	0.0
Trimur_TMUE_1000003398	Drer_XP_005167885.1	85.0	S	0.0
Gpal_Gpal_D383_g03642.t1	Drer_XP_005167885.1	85.0	S	0.0
Lsig_VDK88905.1	Drer_XP_005167885.1	85.0	S	0.0
Tsui_KHJ40711.1	Drer_XP_005167885.1	85.0	S	0.0
Sarc_XP_014158518.1	Drer_XP_005167885.1	85.0	S	0.0
Psp.PS1159_PS1159_v2.g11687.t1	Drer_XP_005167885.1	85.0	S	0.0
Pgem_Unigene21894_Pirum_gemmata|m.14170	Drer_XP_005167885.1	85.0	S	0.0
Ttri_CDW54493.1	Drer_XP_005167885.1	85.0	S	0.0
Asuu_AgB03_g048_t03	Drer_XP_005167885.1	85.0	S	0.0
Cfra_CFRG2798T1	Hrob_XP_009026773.1	85.0	S	0.0
Awhi_Unigene35172_Abeoforma_whisleri|m.22263	Hrob_XP_009026773.1	85.0	S	0.0
Priarc_PARCANUS000012818.t1	Hrob_XP_009026773.1	85.0	S	0.0
Eela_EEL_0000209001-mRNA-1	Hrob_XP_009026773.1	85.0	S	0.0
Rcul_nRc.2.0.1.t46458-RA	Hrob_XP_009026773.1	85.0	S	0.0
Sros_XP_004994182.1	Hrob_XP_009026773.1	85.0	S	0.0
Asuu_AgB03_g048_t04	Hrob_XP_009026773.1	85.0	S	0.0
Ovol_OVOC5945	Hrob_XP_009026773.1	85.0	S	0.0
Mhap_MhA1_Contig2752.frz3.gene1	Hrob_XP_009026773.1	85.0	S	0.0
Wban_VDM07865.1	Hrob_XP_009026773.1	85.0	S	0.0
Lloa_XP_020302644.1	Hrob_XP_009026773.1	85.0	S	0.0
Awhi_Unigene35173_Abeoforma_whisleri|m.22264	Hrob_XP_009026773.1	85.0	S	0.0
Bmal_XP_001893320.2	Hrob_XP_009026773.1	85.0	S	0.0
Avit_KAL3984644.1	Hrob_XP_009026773.1	85.0	S	0.0
Dimm_MCP9262741.1	Hrob_XP_009026773.1	85.0	S	0.0
Sbat_VDP06211.1	Hrob_XP_009026773.1	85.0	S	0.0
Mjap_MIJAPON000007023.t1	Hrob_XP_009026773.1	85.0	S	0.0
Trimur_TMUE_1000003398	Hrob_XP_009026773.1	85.0	S	0.0
Gpal_Gpal_D383_g03642.t1	Hrob_XP_009026773.1	85.0	S	0.0
Lsig_VDK88905.1	Hrob_XP_009026773.1	85.0	S	0.0
Tsui_KHJ40711.1	Hrob_XP_009026773.1	85.0	S	0.0
Sarc_XP_014158518.1	Hrob_XP_009026773.1	85.0	S	0.0
Psp.PS1159_PS1159_v2.g11687.t1	Hrob_XP_009026773.1	85.0	S	0.0
Pgem_Unigene21894_Pirum_gemmata|m.14170	Hrob_XP_009026773.1	85.0	S	0.0
Ttri_CDW54493.1	Hrob_XP_009026773.1	85.0	S	0.0
Asuu_AgB03_g048_t03	Hrob_XP_009026773.1	85.0	S	0.0
Cfra_CFRG2798T1	Smar_SMAR012789-PA	85.0	S	0.0
Awhi_Unigene35172_Abeoforma_whisleri|m.22263	Smar_SMAR012789-PA	85.0	S	0.0
Priarc_PARCANUS000012818.t1	Smar_SMAR012789-PA	85.0	S	0.0
Eela_EEL_0000209001-mRNA-1	Smar_SMAR012789-PA	85.0	S	0.0
Rcul_nRc.2.0.1.t46458-RA	Smar_SMAR012789-PA	85.0	S	0.0
Sros_XP_004994182.1	Smar_SMAR012789-PA	85.0	S	0.0
Asuu_AgB03_g048_t04	Smar_SMAR012789-PA	85.0	S	0.0
Ovol_OVOC5945	Smar_SMAR012789-PA	85.0	S	0.0
Mhap_MhA1_Contig2752.frz3.gene1	Smar_SMAR012789-PA	85.0	S	0.0
Wban_VDM07865.1	Smar_SMAR012789-PA	85.0	S	0.0
Lloa_XP_020302644.1	Smar_SMAR012789-PA	85.0	S	0.0
Awhi_Unigene35173_Abeoforma_whisleri|m.22264	Smar_SMAR012789-PA	85.0	S	0.0
Bmal_XP_001893320.2	Smar_SMAR012789-PA	85.0	S	0.0
Avit_KAL3984644.1	Smar_SMAR012789-PA	85.0	S	0.0
Dimm_MCP9262741.1	Smar_SMAR012789-PA	85.0	S	0.0
Sbat_VDP06211.1	Smar_SMAR012789-PA	85.0	S	0.0
Mjap_MIJAPON000007023.t1	Smar_SMAR012789-PA	85.0	S	0.0
Trimur_TMUE_1000003398	Smar_SMAR012789-PA	85.0	S	0.0
Gpal_Gpal_D383_g03642.t1	Smar_SMAR012789-PA	85.0	S	0.0
Lsig_VDK88905.1	Smar_SMAR012789-PA	85.0	S	0.0
Tsui_KHJ40711.1	Smar_SMAR012789-PA	85.0	S	0.0
Sarc_XP_014158518.1	Smar_SMAR012789-PA	85.0	S	0.0
Psp.PS1159_PS1159_v2.g11687.t1	Smar_SMAR012789-PA	85.0	S	0.0
Pgem_Unigene21894_Pirum_gemmata|m.14170	Smar_SMAR012789-PA	85.0	S	0.0
Ttri_CDW54493.1	Smar_SMAR012789-PA	85.0	S	0.0
Asuu_AgB03_g048_t03	Smar_SMAR012789-PA	85.0	S	0.0
Cfra_CFRG2798T1	Sman_XP_018650624.1	85.0	S	0.0
Awhi_Unigene35172_Abeoforma_whisleri|m.22263	Sman_XP_018650624.1	85.0	S	0.0
Priarc_PARCANUS000012818.t1	Sman_XP_018650624.1	85.0	S	0.0
Eela_EEL_0000209001-mRNA-1	Sman_XP_018650624.1	85.0	S	0.0
Rcul_nRc.2.0.1.t46458-RA	Sman_XP_018650624.1	85.0	S	0.0
Sros_XP_004994182.1	Sman_XP_018650624.1	85.0	S	0.0
Asuu_AgB03_g048_t04	Sman_XP_018650624.1	85.0	S	0.0
Ovol_OVOC5945	Sman_XP_018650624.1	85.0	S	0.0
Mhap_MhA1_Contig2752.frz3.gene1	Sman_XP_018650624.1	85.0	S	0.0
Wban_VDM07865.1	Sman_XP_018650624.1	85.0	S	0.0
Lloa_XP_020302644.1	Sman_XP_018650624.1	85.0	S	0.0
Awhi_Unigene35173_Abeoforma_whisleri|m.22264	Sman_XP_018650624.1	85.0	S	0.0
Bmal_XP_001893320.2	Sman_XP_018650624.1	85.0	S	0.0
Avit_KAL3984644.1	Sman_XP_018650624.1	85.0	S	0.0
Dimm_MCP9262741.1	Sman_XP_018650624.1	85.0	S	0.0
Sbat_VDP06211.1	Sman_XP_018650624.1	85.0	S	0.0
Mjap_MIJAPON000007023.t1	Sman_XP_018650624.1	85.0	S	0.0
Trimur_TMUE_1000003398	Sman_XP_018650624.1	85.0	S	0.0
Gpal_Gpal_D383_g03642.t1	Sman_XP_018650624.1	85.0	S	0.0
Lsig_VDK88905.1	Sman_XP_018650624.1	85.0	S	0.0
Tsui_KHJ40711.1	Sman_XP_018650624.1	85.0	S	0.0
Sarc_XP_014158518.1	Sman_XP_018650624.1	85.0	S	0.0
Psp.PS1159_PS1159_v2.g11687.t1	Sman_XP_018650624.1	85.0	S	0.0
Pgem_Unigene21894_Pirum_gemmata|m.14170	Sman_XP_018650624.1	85.0	S	0.0
Ttri_CDW54493.1	Sman_XP_018650624.1	85.0	S	0.0
Asuu_AgB03_g048_t03	Sman_XP_018650624.1	85.0	S	0.0
Cfra_CFRG2798T1	Lana_XP_013413884.1	85.0	S	0.0
Awhi_Unigene35172_Abeoforma_whisleri|m.22263	Lana_XP_013413884.1	85.0	S	0.0
Priarc_PARCANUS000012818.t1	Lana_XP_013413884.1	85.0	S	0.0
Eela_EEL_0000209001-mRNA-1	Lana_XP_013413884.1	85.0	S	0.0
Rcul_nRc.2.0.1.t46458-RA	Lana_XP_013413884.1	85.0	S	0.0
Sros_XP_004994182.1	Lana_XP_013413884.1	85.0	S	0.0
Asuu_AgB03_g048_t04	Lana_XP_013413884.1	85.0	S	0.0
Ovol_OVOC5945	Lana_XP_013413884.1	85.0	S	0.0
Mhap_MhA1_Contig2752.frz3.gene1	Lana_XP_013413884.1	85.0	S	0.0
Wban_VDM07865.1	Lana_XP_013413884.1	85.0	S	0.0
Lloa_XP_020302644.1	Lana_XP_013413884.1	85.0	S	0.0
Awhi_Unigene35173_Abeoforma_whisleri|m.22264	Lana_XP_013413884.1	85.0	S	0.0
Bmal_XP_001893320.2	Lana_XP_013413884.1	85.0	S	0.0
Avit_KAL3984644.1	Lana_XP_013413884.1	85.0	S	0.0
Dimm_MCP9262741.1	Lana_XP_013413884.1	85.0	S	0.0
Sbat_VDP06211.1	Lana_XP_013413884.1	85.0	S	0.0
Mjap_MIJAPON000007023.t1	Lana_XP_013413884.1	85.0	S	0.0
Trimur_TMUE_1000003398	Lana_XP_013413884.1	85.0	S	0.0
Gpal_Gpal_D383_g03642.t1	Lana_XP_013413884.1	85.0	S	0.0
Lsig_VDK88905.1	Lana_XP_013413884.1	85.0	S	0.0
Tsui_KHJ40711.1	Lana_XP_013413884.1	85.0	S	0.0
Sarc_XP_014158518.1	Lana_XP_013413884.1	85.0	S	0.0
Psp.PS1159_PS1159_v2.g11687.t1	Lana_XP_013413884.1	85.0	S	0.0
Pgem_Unigene21894_Pirum_gemmata|m.14170	Lana_XP_013413884.1	85.0	S	0.0
Ttri_CDW54493.1	Lana_XP_013413884.1	85.0	S	0.0
Asuu_AgB03_g048_t03	Lana_XP_013413884.1	85.0	S	0.0
Cfra_CFRG2798T1	Hsap_NP_001307657.1	85.0	S	0.0
Awhi_Unigene35172_Abeoforma_whisleri|m.22263	Hsap_NP_001307657.1	85.0	S	0.0
Priarc_PARCANUS000012818.t1	Hsap_NP_001307657.1	85.0	S	0.0
Eela_EEL_0000209001-mRNA-1	Hsap_NP_001307657.1	85.0	S	0.0
Rcul_nRc.2.0.1.t46458-RA	Hsap_NP_001307657.1	85.0	S	0.0
Sros_XP_004994182.1	Hsap_NP_001307657.1	85.0	S	0.0
Asuu_AgB03_g048_t04	Hsap_NP_001307657.1	85.0	S	0.0
Ovol_OVOC5945	Hsap_NP_001307657.1	85.0	S	0.0
Mhap_MhA1_Contig2752.frz3.gene1	Hsap_NP_001307657.1	85.0	S	0.0
Wban_VDM07865.1	Hsap_NP_001307657.1	85.0	S	0.0
Lloa_XP_020302644.1	Hsap_NP_001307657.1	85.0	S	0.0
Awhi_Unigene35173_Abeoforma_whisleri|m.22264	Hsap_NP_001307657.1	85.0	S	0.0
Bmal_XP_001893320.2	Hsap_NP_001307657.1	85.0	S	0.0
Avit_KAL3984644.1	Hsap_NP_001307657.1	85.0	S	0.0
Dimm_MCP9262741.1	Hsap_NP_001307657.1	85.0	S	0.0
Sbat_VDP06211.1	Hsap_NP_001307657.1	85.0	S	0.0
Mjap_MIJAPON000007023.t1	Hsap_NP_001307657.1	85.0	S	0.0
Trimur_TMUE_1000003398	Hsap_NP_001307657.1	85.0	S	0.0
Gpal_Gpal_D383_g03642.t1	Hsap_NP_001307657.1	85.0	S	0.0
Lsig_VDK88905.1	Hsap_NP_001307657.1	85.0	S	0.0
Tsui_KHJ40711.1	Hsap_NP_001307657.1	85.0	S	0.0
Sarc_XP_014158518.1	Hsap_NP_001307657.1	85.0	S	0.0
Psp.PS1159_PS1159_v2.g11687.t1	Hsap_NP_001307657.1	85.0	S	0.0
Pgem_Unigene21894_Pirum_gemmata|m.14170	Hsap_NP_001307657.1	85.0	S	0.0
Ttri_CDW54493.1	Hsap_NP_001307657.1	85.0	S	0.0
Asuu_AgB03_g048_t03	Hsap_NP_001307657.1	85.0	S	0.0
Cfra_CFRG2798T1	Drer_NP_001003777.1	85.0	S	0.0
Awhi_Unigene35172_Abeoforma_whisleri|m.22263	Drer_NP_001003777.1	85.0	S	0.0
Priarc_PARCANUS000012818.t1	Drer_NP_001003777.1	85.0	S	0.0
Eela_EEL_0000209001-mRNA-1	Drer_NP_001003777.1	85.0	S	0.0
Rcul_nRc.2.0.1.t46458-RA	Drer_NP_001003777.1	85.0	S	0.0
Sros_XP_004994182.1	Drer_NP_001003777.1	85.0	S	0.0
Asuu_AgB03_g048_t04	Drer_NP_001003777.1	85.0	S	0.0
Ovol_OVOC5945	Drer_NP_001003777.1	85.0	S	0.0
Mhap_MhA1_Contig2752.frz3.gene1	Drer_NP_001003777.1	85.0	S	0.0
Wban_VDM07865.1	Drer_NP_001003777.1	85.0	S	0.0
Lloa_XP_020302644.1	Drer_NP_001003777.1	85.0	S	0.0
Awhi_Unigene35173_Abeoforma_whisleri|m.22264	Drer_NP_001003777.1	85.0	S	0.0
Bmal_XP_001893320.2	Drer_NP_001003777.1	85.0	S	0.0
Avit_KAL3984644.1	Drer_NP_001003777.1	85.0	S	0.0
Dimm_MCP9262741.1	Drer_NP_001003777.1	85.0	S	0.0
Sbat_VDP06211.1	Drer_NP_001003777.1	85.0	S	0.0
Mjap_MIJAPON000007023.t1	Drer_NP_001003777.1	85.0	S	0.0
Trimur_TMUE_1000003398	Drer_NP_001003777.1	85.0	S	0.0
Gpal_Gpal_D383_g03642.t1	Drer_NP_001003777.1	85.0	S	0.0
Lsig_VDK88905.1	Drer_NP_001003777.1	85.0	S	0.0
Tsui_KHJ40711.1	Drer_NP_001003777.1	85.0	S	0.0
Sarc_XP_014158518.1	Drer_NP_001003777.1	85.0	S	0.0
Psp.PS1159_PS1159_v2.g11687.t1	Drer_NP_001003777.1	85.0	S	0.0
Pgem_Unigene21894_Pirum_gemmata|m.14170	Drer_NP_001003777.1	85.0	S	0.0
Ttri_CDW54493.1	Drer_NP_001003777.1	85.0	S	0.0
Asuu_AgB03_g048_t03	Drer_NP_001003777.1	85.0	S	0.0
Cfra_CFRG2798T1	Agrpla_XP_018334326.1	85.0	S	0.0
Awhi_Unigene35172_Abeoforma_whisleri|m.22263	Agrpla_XP_018334326.1	85.0	S	0.0
Priarc_PARCANUS000012818.t1	Agrpla_XP_018334326.1	85.0	S	0.0
Eela_EEL_0000209001-mRNA-1	Agrpla_XP_018334326.1	85.0	S	0.0
Rcul_nRc.2.0.1.t46458-RA	Agrpla_XP_018334326.1	85.0	S	0.0
Sros_XP_004994182.1	Agrpla_XP_018334326.1	85.0	S	0.0
Asuu_AgB03_g048_t04	Agrpla_XP_018334326.1	85.0	S	0.0
Ovol_OVOC5945	Agrpla_XP_018334326.1	85.0	S	0.0
Mhap_MhA1_Contig2752.frz3.gene1	Agrpla_XP_018334326.1	85.0	S	0.0
Wban_VDM07865.1	Agrpla_XP_018334326.1	85.0	S	0.0
Lloa_XP_020302644.1	Agrpla_XP_018334326.1	85.0	S	0.0
Awhi_Unigene35173_Abeoforma_whisleri|m.22264	Agrpla_XP_018334326.1	85.0	S	0.0
Bmal_XP_001893320.2	Agrpla_XP_018334326.1	85.0	S	0.0
Avit_KAL3984644.1	Agrpla_XP_018334326.1	85.0	S	0.0
Dimm_MCP9262741.1	Agrpla_XP_018334326.1	85.0	S	0.0
Sbat_VDP06211.1	Agrpla_XP_018334326.1	85.0	S	0.0
Mjap_MIJAPON000007023.t1	Agrpla_XP_018334326.1	85.0	S	0.0
Trimur_TMUE_1000003398	Agrpla_XP_018334326.1	85.0	S	0.0
Gpal_Gpal_D383_g03642.t1	Agrpla_XP_018334326.1	85.0	S	0.0
Lsig_VDK88905.1	Agrpla_XP_018334326.1	85.0	S	0.0
Tsui_KHJ40711.1	Agrpla_XP_018334326.1	85.0	S	0.0
Sarc_XP_014158518.1	Agrpla_XP_018334326.1	85.0	S	0.0
Psp.PS1159_PS1159_v2.g11687.t1	Agrpla_XP_018334326.1	85.0	S	0.0
Pgem_Unigene21894_Pirum_gemmata|m.14170	Agrpla_XP_018334326.1	85.0	S	0.0
Ttri_CDW54493.1	Agrpla_XP_018334326.1	85.0	S	0.0
Asuu_AgB03_g048_t03	Agrpla_XP_018334326.1	85.0	S	0.0
Cfra_CFRG2798T1	Aque_XP_003385276.1	85.0	S	0.0
Awhi_Unigene35172_Abeoforma_whisleri|m.22263	Aque_XP_003385276.1	85.0	S	0.0
Priarc_PARCANUS000012818.t1	Aque_XP_003385276.1	85.0	S	0.0
Eela_EEL_0000209001-mRNA-1	Aque_XP_003385276.1	85.0	S	0.0
Rcul_nRc.2.0.1.t46458-RA	Aque_XP_003385276.1	85.0	S	0.0
Sros_XP_004994182.1	Aque_XP_003385276.1	85.0	S	0.0
Asuu_AgB03_g048_t04	Aque_XP_003385276.1	85.0	S	0.0
Ovol_OVOC5945	Aque_XP_003385276.1	85.0	S	0.0
Mhap_MhA1_Contig2752.frz3.gene1	Aque_XP_003385276.1	85.0	S	0.0
Wban_VDM07865.1	Aque_XP_003385276.1	85.0	S	0.0
Lloa_XP_020302644.1	Aque_XP_003385276.1	85.0	S	0.0
Awhi_Unigene35173_Abeoforma_whisleri|m.22264	Aque_XP_003385276.1	85.0	S	0.0
Bmal_XP_001893320.2	Aque_XP_003385276.1	85.0	S	0.0
Avit_KAL3984644.1	Aque_XP_003385276.1	85.0	S	0.0
Dimm_MCP9262741.1	Aque_XP_003385276.1	85.0	S	0.0
Sbat_VDP06211.1	Aque_XP_003385276.1	85.0	S	0.0
Mjap_MIJAPON000007023.t1	Aque_XP_003385276.1	85.0	S	0.0
Trimur_TMUE_1000003398	Aque_XP_003385276.1	85.0	S	0.0
Gpal_Gpal_D383_g03642.t1	Aque_XP_003385276.1	85.0	S	0.0
Lsig_VDK88905.1	Aque_XP_003385276.1	85.0	S	0.0
Tsui_KHJ40711.1	Aque_XP_003385276.1	85.0	S	0.0
Sarc_XP_014158518.1	Aque_XP_003385276.1	85.0	S	0.0
Psp.PS1159_PS1159_v2.g11687.t1	Aque_XP_003385276.1	85.0	S	0.0
Pgem_Unigene21894_Pirum_gemmata|m.14170	Aque_XP_003385276.1	85.0	S	0.0
Ttri_CDW54493.1	Aque_XP_003385276.1	85.0	S	0.0
Asuu_AgB03_g048_t03	Aque_XP_003385276.1	85.0	S	0.0
Cfra_CFRG2798T1	Twil_T_wilhelma_c32405_g1_i3|m.47712	85.0	S	0.0
Awhi_Unigene35172_Abeoforma_whisleri|m.22263	Twil_T_wilhelma_c32405_g1_i3|m.47712	85.0	S	0.0
Priarc_PARCANUS000012818.t1	Twil_T_wilhelma_c32405_g1_i3|m.47712	85.0	S	0.0
Eela_EEL_0000209001-mRNA-1	Twil_T_wilhelma_c32405_g1_i3|m.47712	85.0	S	0.0
Rcul_nRc.2.0.1.t46458-RA	Twil_T_wilhelma_c32405_g1_i3|m.47712	85.0	S	0.0
Sros_XP_004994182.1	Twil_T_wilhelma_c32405_g1_i3|m.47712	85.0	S	0.0
Asuu_AgB03_g048_t04	Twil_T_wilhelma_c32405_g1_i3|m.47712	85.0	S	0.0
Ovol_OVOC5945	Twil_T_wilhelma_c32405_g1_i3|m.47712	85.0	S	0.0
Mhap_MhA1_Contig2752.frz3.gene1	Twil_T_wilhelma_c32405_g1_i3|m.47712	85.0	S	0.0
Wban_VDM07865.1	Twil_T_wilhelma_c32405_g1_i3|m.47712	85.0	S	0.0
Lloa_XP_020302644.1	Twil_T_wilhelma_c32405_g1_i3|m.47712	85.0	S	0.0
Awhi_Unigene35173_Abeoforma_whisleri|m.22264	Twil_T_wilhelma_c32405_g1_i3|m.47712	85.0	S	0.0
Bmal_XP_001893320.2	Twil_T_wilhelma_c32405_g1_i3|m.47712	85.0	S	0.0
Avit_KAL3984644.1	Twil_T_wilhelma_c32405_g1_i3|m.47712	85.0	S	0.0
Dimm_MCP9262741.1	Twil_T_wilhelma_c32405_g1_i3|m.47712	85.0	S	0.0
Sbat_VDP06211.1	Twil_T_wilhelma_c32405_g1_i3|m.47712	85.0	S	0.0
Mjap_MIJAPON000007023.t1	Twil_T_wilhelma_c32405_g1_i3|m.47712	85.0	S	0.0
Trimur_TMUE_1000003398	Twil_T_wilhelma_c32405_g1_i3|m.47712	85.0	S	0.0
Gpal_Gpal_D383_g03642.t1	Twil_T_wilhelma_c32405_g1_i3|m.47712	85.0	S	0.0
Lsig_VDK88905.1	Twil_T_wilhelma_c32405_g1_i3|m.47712	85.0	S	0.0
Tsui_KHJ40711.1	Twil_T_wilhelma_c32405_g1_i3|m.47712	85.0	S	0.0
Sarc_XP_014158518.1	Twil_T_wilhelma_c32405_g1_i3|m.47712	85.0	S	0.0
Psp.PS1159_PS1159_v2.g11687.t1	Twil_T_wilhelma_c32405_g1_i3|m.47712	85.0	S	0.0
Pgem_Unigene21894_Pirum_gemmata|m.14170	Twil_T_wilhelma_c32405_g1_i3|m.47712	85.0	S	0.0
Ttri_CDW54493.1	Twil_T_wilhelma_c32405_g1_i3|m.47712	85.0	S	0.0
Asuu_AgB03_g048_t03	Twil_T_wilhelma_c32405_g1_i3|m.47712	85.0	S	0.0
Cfra_CFRG2798T1	Scil_XP_065198767.1	85.0	S	0.0
Awhi_Unigene35172_Abeoforma_whisleri|m.22263	Scil_XP_065198767.1	85.0	S	0.0
Priarc_PARCANUS000012818.t1	Scil_XP_065198767.1	85.0	S	0.0
Eela_EEL_0000209001-mRNA-1	Scil_XP_065198767.1	85.0	S	0.0
Rcul_nRc.2.0.1.t46458-RA	Scil_XP_065198767.1	85.0	S	0.0
Sros_XP_004994182.1	Scil_XP_065198767.1	85.0	S	0.0
Asuu_AgB03_g048_t04	Scil_XP_065198767.1	85.0	S	0.0
Ovol_OVOC5945	Scil_XP_065198767.1	85.0	S	0.0
Mhap_MhA1_Contig2752.frz3.gene1	Scil_XP_065198767.1	85.0	S	0.0
Wban_VDM07865.1	Scil_XP_065198767.1	85.0	S	0.0
Lloa_XP_020302644.1	Scil_XP_065198767.1	85.0	S	0.0
Awhi_Unigene35173_Abeoforma_whisleri|m.22264	Scil_XP_065198767.1	85.0	S	0.0
Bmal_XP_001893320.2	Scil_XP_065198767.1	85.0	S	0.0
Avit_KAL3984644.1	Scil_XP_065198767.1	85.0	S	0.0
Dimm_MCP9262741.1	Scil_XP_065198767.1	85.0	S	0.0
Sbat_VDP06211.1	Scil_XP_065198767.1	85.0	S	0.0
Mjap_MIJAPON000007023.t1	Scil_XP_065198767.1	85.0	S	0.0
Trimur_TMUE_1000003398	Scil_XP_065198767.1	85.0	S	0.0
Gpal_Gpal_D383_g03642.t1	Scil_XP_065198767.1	85.0	S	0.0
Lsig_VDK88905.1	Scil_XP_065198767.1	85.0	S	0.0
Tsui_KHJ40711.1	Scil_XP_065198767.1	85.0	S	0.0
Sarc_XP_014158518.1	Scil_XP_065198767.1	85.0	S	0.0
Psp.PS1159_PS1159_v2.g11687.t1	Scil_XP_065198767.1	85.0	S	0.0
Pgem_Unigene21894_Pirum_gemmata|m.14170	Scil_XP_065198767.1	85.0	S	0.0
Ttri_CDW54493.1	Scil_XP_065198767.1	85.0	S	0.0
Asuu_AgB03_g048_t03	Scil_XP_065198767.1	85.0	S	0.0
Cfra_CFRG2798T1	Ggal_XP_040560169.1	85.0	S	0.0
Awhi_Unigene35172_Abeoforma_whisleri|m.22263	Ggal_XP_040560169.1	85.0	S	0.0
Priarc_PARCANUS000012818.t1	Ggal_XP_040560169.1	85.0	S	0.0
Eela_EEL_0000209001-mRNA-1	Ggal_XP_040560169.1	85.0	S	0.0
Rcul_nRc.2.0.1.t46458-RA	Ggal_XP_040560169.1	85.0	S	0.0
Sros_XP_004994182.1	Ggal_XP_040560169.1	85.0	S	0.0
Asuu_AgB03_g048_t04	Ggal_XP_040560169.1	85.0	S	0.0
Ovol_OVOC5945	Ggal_XP_040560169.1	85.0	S	0.0
Mhap_MhA1_Contig2752.frz3.gene1	Ggal_XP_040560169.1	85.0	S	0.0
Wban_VDM07865.1	Ggal_XP_040560169.1	85.0	S	0.0
Lloa_XP_020302644.1	Ggal_XP_040560169.1	85.0	S	0.0
Awhi_Unigene35173_Abeoforma_whisleri|m.22264	Ggal_XP_040560169.1	85.0	S	0.0
Bmal_XP_001893320.2	Ggal_XP_040560169.1	85.0	S	0.0
Avit_KAL3984644.1	Ggal_XP_040560169.1	85.0	S	0.0
Dimm_MCP9262741.1	Ggal_XP_040560169.1	85.0	S	0.0
Sbat_VDP06211.1	Ggal_XP_040560169.1	85.0	S	0.0
Mjap_MIJAPON000007023.t1	Ggal_XP_040560169.1	85.0	S	0.0
Trimur_TMUE_1000003398	Ggal_XP_040560169.1	85.0	S	0.0
Gpal_Gpal_D383_g03642.t1	Ggal_XP_040560169.1	85.0	S	0.0
Lsig_VDK88905.1	Ggal_XP_040560169.1	85.0	S	0.0
Tsui_KHJ40711.1	Ggal_XP_040560169.1	85.0	S	0.0
Sarc_XP_014158518.1	Ggal_XP_040560169.1	85.0	S	0.0
Psp.PS1159_PS1159_v2.g11687.t1	Ggal_XP_040560169.1	85.0	S	0.0
Pgem_Unigene21894_Pirum_gemmata|m.14170	Ggal_XP_040560169.1	85.0	S	0.0
Ttri_CDW54493.1	Ggal_XP_040560169.1	85.0	S	0.0
Asuu_AgB03_g048_t03	Ggal_XP_040560169.1	85.0	S	0.0
Cfra_CFRG2798T1	Ggal_XP_040560172.1	85.0	S	0.0
Awhi_Unigene35172_Abeoforma_whisleri|m.22263	Ggal_XP_040560172.1	85.0	S	0.0
Priarc_PARCANUS000012818.t1	Ggal_XP_040560172.1	85.0	S	0.0
Eela_EEL_0000209001-mRNA-1	Ggal_XP_040560172.1	85.0	S	0.0
Rcul_nRc.2.0.1.t46458-RA	Ggal_XP_040560172.1	85.0	S	0.0
Sros_XP_004994182.1	Ggal_XP_040560172.1	85.0	S	0.0
Asuu_AgB03_g048_t04	Ggal_XP_040560172.1	85.0	S	0.0
Ovol_OVOC5945	Ggal_XP_040560172.1	85.0	S	0.0
Mhap_MhA1_Contig2752.frz3.gene1	Ggal_XP_040560172.1	85.0	S	0.0
Wban_VDM07865.1	Ggal_XP_040560172.1	85.0	S	0.0
Lloa_XP_020302644.1	Ggal_XP_040560172.1	85.0	S	0.0
Awhi_Unigene35173_Abeoforma_whisleri|m.22264	Ggal_XP_040560172.1	85.0	S	0.0
Bmal_XP_001893320.2	Ggal_XP_040560172.1	85.0	S	0.0
Avit_KAL3984644.1	Ggal_XP_040560172.1	85.0	S	0.0
Dimm_MCP9262741.1	Ggal_XP_040560172.1	85.0	S	0.0
Sbat_VDP06211.1	Ggal_XP_040560172.1	85.0	S	0.0
Mjap_MIJAPON000007023.t1	Ggal_XP_040560172.1	85.0	S	0.0
Trimur_TMUE_1000003398	Ggal_XP_040560172.1	85.0	S	0.0
Gpal_Gpal_D383_g03642.t1	Ggal_XP_040560172.1	85.0	S	0.0
Lsig_VDK88905.1	Ggal_XP_040560172.1	85.0	S	0.0
Tsui_KHJ40711.1	Ggal_XP_040560172.1	85.0	S	0.0
Sarc_XP_014158518.1	Ggal_XP_040560172.1	85.0	S	0.0
Psp.PS1159_PS1159_v2.g11687.t1	Ggal_XP_040560172.1	85.0	S	0.0
Pgem_Unigene21894_Pirum_gemmata|m.14170	Ggal_XP_040560172.1	85.0	S	0.0
Ttri_CDW54493.1	Ggal_XP_040560172.1	85.0	S	0.0
Asuu_AgB03_g048_t03	Ggal_XP_040560172.1	85.0	S	0.0
Cfra_CFRG2798T1	Blan_XP_066295391.1	85.0	S	0.0
Awhi_Unigene35172_Abeoforma_whisleri|m.22263	Blan_XP_066295391.1	85.0	S	0.0
Priarc_PARCANUS000012818.t1	Blan_XP_066295391.1	85.0	S	0.0
Eela_EEL_0000209001-mRNA-1	Blan_XP_066295391.1	85.0	S	0.0
Rcul_nRc.2.0.1.t46458-RA	Blan_XP_066295391.1	85.0	S	0.0
Sros_XP_004994182.1	Blan_XP_066295391.1	85.0	S	0.0
Asuu_AgB03_g048_t04	Blan_XP_066295391.1	85.0	S	0.0
Ovol_OVOC5945	Blan_XP_066295391.1	85.0	S	0.0
Mhap_MhA1_Contig2752.frz3.gene1	Blan_XP_066295391.1	85.0	S	0.0
Wban_VDM07865.1	Blan_XP_066295391.1	85.0	S	0.0
Lloa_XP_020302644.1	Blan_XP_066295391.1	85.0	S	0.0
Awhi_Unigene35173_Abeoforma_whisleri|m.22264	Blan_XP_066295391.1	85.0	S	0.0
Bmal_XP_001893320.2	Blan_XP_066295391.1	85.0	S	0.0
Avit_KAL3984644.1	Blan_XP_066295391.1	85.0	S	0.0
Dimm_MCP9262741.1	Blan_XP_066295391.1	85.0	S	0.0
Sbat_VDP06211.1	Blan_XP_066295391.1	85.0	S	0.0
Mjap_MIJAPON000007023.t1	Blan_XP_066295391.1	85.0	S	0.0
Trimur_TMUE_1000003398	Blan_XP_066295391.1	85.0	S	0.0
Gpal_Gpal_D383_g03642.t1	Blan_XP_066295391.1	85.0	S	0.0
Lsig_VDK88905.1	Blan_XP_066295391.1	85.0	S	0.0
Tsui_KHJ40711.1	Blan_XP_066295391.1	85.0	S	0.0
Sarc_XP_014158518.1	Blan_XP_066295391.1	85.0	S	0.0
Psp.PS1159_PS1159_v2.g11687.t1	Blan_XP_066295391.1	85.0	S	0.0
Pgem_Unigene21894_Pirum_gemmata|m.14170	Blan_XP_066295391.1	85.0	S	0.0
Ttri_CDW54493.1	Blan_XP_066295391.1	85.0	S	0.0
Asuu_AgB03_g048_t03	Blan_XP_066295391.1	85.0	S	0.0
Cfra_CFRG2798T1	Dpul_XP_046446230.1	85.0	S	0.0
Awhi_Unigene35172_Abeoforma_whisleri|m.22263	Dpul_XP_046446230.1	85.0	S	0.0
Priarc_PARCANUS000012818.t1	Dpul_XP_046446230.1	85.0	S	0.0
Eela_EEL_0000209001-mRNA-1	Dpul_XP_046446230.1	85.0	S	0.0
Rcul_nRc.2.0.1.t46458-RA	Dpul_XP_046446230.1	85.0	S	0.0
Sros_XP_004994182.1	Dpul_XP_046446230.1	85.0	S	0.0
Asuu_AgB03_g048_t04	Dpul_XP_046446230.1	85.0	S	0.0
Ovol_OVOC5945	Dpul_XP_046446230.1	85.0	S	0.0
Mhap_MhA1_Contig2752.frz3.gene1	Dpul_XP_046446230.1	85.0	S	0.0
Wban_VDM07865.1	Dpul_XP_046446230.1	85.0	S	0.0
Lloa_XP_020302644.1	Dpul_XP_046446230.1	85.0	S	0.0
Awhi_Unigene35173_Abeoforma_whisleri|m.22264	Dpul_XP_046446230.1	85.0	S	0.0
Bmal_XP_001893320.2	Dpul_XP_046446230.1	85.0	S	0.0
Avit_KAL3984644.1	Dpul_XP_046446230.1	85.0	S	0.0
Dimm_MCP9262741.1	Dpul_XP_046446230.1	85.0	S	0.0
Sbat_VDP06211.1	Dpul_XP_046446230.1	85.0	S	0.0
Mjap_MIJAPON000007023.t1	Dpul_XP_046446230.1	85.0	S	0.0
Trimur_TMUE_1000003398	Dpul_XP_046446230.1	85.0	S	0.0
Gpal_Gpal_D383_g03642.t1	Dpul_XP_046446230.1	85.0	S	0.0
Lsig_VDK88905.1	Dpul_XP_046446230.1	85.0	S	0.0
Tsui_KHJ40711.1	Dpul_XP_046446230.1	85.0	S	0.0
Sarc_XP_014158518.1	Dpul_XP_046446230.1	85.0	S	0.0
Psp.PS1159_PS1159_v2.g11687.t1	Dpul_XP_046446230.1	85.0	S	0.0
Pgem_Unigene21894_Pirum_gemmata|m.14170	Dpul_XP_046446230.1	85.0	S	0.0
Ttri_CDW54493.1	Dpul_XP_046446230.1	85.0	S	0.0
Asuu_AgB03_g048_t03	Dpul_XP_046446230.1	85.0	S	0.0
Cfra_CFRG2798T1	Apimel_XP_016767904.1	85.0	S	0.0
Awhi_Unigene35172_Abeoforma_whisleri|m.22263	Apimel_XP_016767904.1	85.0	S	0.0
Priarc_PARCANUS000012818.t1	Apimel_XP_016767904.1	85.0	S	0.0
Eela_EEL_0000209001-mRNA-1	Apimel_XP_016767904.1	85.0	S	0.0
Rcul_nRc.2.0.1.t46458-RA	Apimel_XP_016767904.1	85.0	S	0.0
Sros_XP_004994182.1	Apimel_XP_016767904.1	85.0	S	0.0
Asuu_AgB03_g048_t04	Apimel_XP_016767904.1	85.0	S	0.0
Ovol_OVOC5945	Apimel_XP_016767904.1	85.0	S	0.0
Mhap_MhA1_Contig2752.frz3.gene1	Apimel_XP_016767904.1	85.0	S	0.0
Wban_VDM07865.1	Apimel_XP_016767904.1	85.0	S	0.0
Lloa_XP_020302644.1	Apimel_XP_016767904.1	85.0	S	0.0
Awhi_Unigene35173_Abeoforma_whisleri|m.22264	Apimel_XP_016767904.1	85.0	S	0.0
Bmal_XP_001893320.2	Apimel_XP_016767904.1	85.0	S	0.0
Avit_KAL3984644.1	Apimel_XP_016767904.1	85.0	S	0.0
Dimm_MCP9262741.1	Apimel_XP_016767904.1	85.0	S	0.0
Sbat_VDP06211.1	Apimel_XP_016767904.1	85.0	S	0.0
Mjap_MIJAPON000007023.t1	Apimel_XP_016767904.1	85.0	S	0.0
Trimur_TMUE_1000003398	Apimel_XP_016767904.1	85.0	S	0.0
Gpal_Gpal_D383_g03642.t1	Apimel_XP_016767904.1	85.0	S	0.0
Lsig_VDK88905.1	Apimel_XP_016767904.1	85.0	S	0.0
Tsui_KHJ40711.1	Apimel_XP_016767904.1	85.0	S	0.0
Sarc_XP_014158518.1	Apimel_XP_016767904.1	85.0	S	0.0
Psp.PS1159_PS1159_v2.g11687.t1	Apimel_XP_016767904.1	85.0	S	0.0
Pgem_Unigene21894_Pirum_gemmata|m.14170	Apimel_XP_016767904.1	85.0	S	0.0
Ttri_CDW54493.1	Apimel_XP_016767904.1	85.0	S	0.0
Asuu_AgB03_g048_t03	Apimel_XP_016767904.1	85.0	S	0.0
Cfra_CFRG2798T1	Blan_XP_066295390.1	85.0	S	0.0
Awhi_Unigene35172_Abeoforma_whisleri|m.22263	Blan_XP_066295390.1	85.0	S	0.0
Priarc_PARCANUS000012818.t1	Blan_XP_066295390.1	85.0	S	0.0
Eela_EEL_0000209001-mRNA-1	Blan_XP_066295390.1	85.0	S	0.0
Rcul_nRc.2.0.1.t46458-RA	Blan_XP_066295390.1	85.0	S	0.0
Sros_XP_004994182.1	Blan_XP_066295390.1	85.0	S	0.0
Asuu_AgB03_g048_t04	Blan_XP_066295390.1	85.0	S	0.0
Ovol_OVOC5945	Blan_XP_066295390.1	85.0	S	0.0
Mhap_MhA1_Contig2752.frz3.gene1	Blan_XP_066295390.1	85.0	S	0.0
Wban_VDM07865.1	Blan_XP_066295390.1	85.0	S	0.0
Lloa_XP_020302644.1	Blan_XP_066295390.1	85.0	S	0.0
Awhi_Unigene35173_Abeoforma_whisleri|m.22264	Blan_XP_066295390.1	85.0	S	0.0
Bmal_XP_001893320.2	Blan_XP_066295390.1	85.0	S	0.0
Avit_KAL3984644.1	Blan_XP_066295390.1	85.0	S	0.0
Dimm_MCP9262741.1	Blan_XP_066295390.1	85.0	S	0.0
Sbat_VDP06211.1	Blan_XP_066295390.1	85.0	S	0.0
Mjap_MIJAPON000007023.t1	Blan_XP_066295390.1	85.0	S	0.0
Trimur_TMUE_1000003398	Blan_XP_066295390.1	85.0	S	0.0
Gpal_Gpal_D383_g03642.t1	Blan_XP_066295390.1	85.0	S	0.0
Lsig_VDK88905.1	Blan_XP_066295390.1	85.0	S	0.0
Tsui_KHJ40711.1	Blan_XP_066295390.1	85.0	S	0.0
Sarc_XP_014158518.1	Blan_XP_066295390.1	85.0	S	0.0
Psp.PS1159_PS1159_v2.g11687.t1	Blan_XP_066295390.1	85.0	S	0.0
Pgem_Unigene21894_Pirum_gemmata|m.14170	Blan_XP_066295390.1	85.0	S	0.0
Ttri_CDW54493.1	Blan_XP_066295390.1	85.0	S	0.0
Asuu_AgB03_g048_t03	Blan_XP_066295390.1	85.0	S	0.0
Cfra_CFRG2798T1	Cscu_XP_023216396.1	85.0	S	0.0
Awhi_Unigene35172_Abeoforma_whisleri|m.22263	Cscu_XP_023216396.1	85.0	S	0.0
Priarc_PARCANUS000012818.t1	Cscu_XP_023216396.1	85.0	S	0.0
Eela_EEL_0000209001-mRNA-1	Cscu_XP_023216396.1	85.0	S	0.0
Rcul_nRc.2.0.1.t46458-RA	Cscu_XP_023216396.1	85.0	S	0.0
Sros_XP_004994182.1	Cscu_XP_023216396.1	85.0	S	0.0
Asuu_AgB03_g048_t04	Cscu_XP_023216396.1	85.0	S	0.0
Ovol_OVOC5945	Cscu_XP_023216396.1	85.0	S	0.0
Mhap_MhA1_Contig2752.frz3.gene1	Cscu_XP_023216396.1	85.0	S	0.0
Wban_VDM07865.1	Cscu_XP_023216396.1	85.0	S	0.0
Lloa_XP_020302644.1	Cscu_XP_023216396.1	85.0	S	0.0
Awhi_Unigene35173_Abeoforma_whisleri|m.22264	Cscu_XP_023216396.1	85.0	S	0.0
Bmal_XP_001893320.2	Cscu_XP_023216396.1	85.0	S	0.0
Avit_KAL3984644.1	Cscu_XP_023216396.1	85.0	S	0.0
Dimm_MCP9262741.1	Cscu_XP_023216396.1	85.0	S	0.0
Sbat_VDP06211.1	Cscu_XP_023216396.1	85.0	S	0.0
Mjap_MIJAPON000007023.t1	Cscu_XP_023216396.1	85.0	S	0.0
Trimur_TMUE_1000003398	Cscu_XP_023216396.1	85.0	S	0.0
Gpal_Gpal_D383_g03642.t1	Cscu_XP_023216396.1	85.0	S	0.0
Lsig_VDK88905.1	Cscu_XP_023216396.1	85.0	S	0.0
Tsui_KHJ40711.1	Cscu_XP_023216396.1	85.0	S	0.0
Sarc_XP_014158518.1	Cscu_XP_023216396.1	85.0	S	0.0
Psp.PS1159_PS1159_v2.g11687.t1	Cscu_XP_023216396.1	85.0	S	0.0
Pgem_Unigene21894_Pirum_gemmata|m.14170	Cscu_XP_023216396.1	85.0	S	0.0
Ttri_CDW54493.1	Cscu_XP_023216396.1	85.0	S	0.0
Asuu_AgB03_g048_t03	Cscu_XP_023216396.1	85.0	S	0.0
Cfra_CFRG2798T1	Cint_XP_002119759.1	85.0	S	0.0
Awhi_Unigene35172_Abeoforma_whisleri|m.22263	Cint_XP_002119759.1	85.0	S	0.0
Priarc_PARCANUS000012818.t1	Cint_XP_002119759.1	85.0	S	0.0
Eela_EEL_0000209001-mRNA-1	Cint_XP_002119759.1	85.0	S	0.0
Rcul_nRc.2.0.1.t46458-RA	Cint_XP_002119759.1	85.0	S	0.0
Sros_XP_004994182.1	Cint_XP_002119759.1	85.0	S	0.0
Asuu_AgB03_g048_t04	Cint_XP_002119759.1	85.0	S	0.0
Ovol_OVOC5945	Cint_XP_002119759.1	85.0	S	0.0
Mhap_MhA1_Contig2752.frz3.gene1	Cint_XP_002119759.1	85.0	S	0.0
Wban_VDM07865.1	Cint_XP_002119759.1	85.0	S	0.0
Lloa_XP_020302644.1	Cint_XP_002119759.1	85.0	S	0.0
Awhi_Unigene35173_Abeoforma_whisleri|m.22264	Cint_XP_002119759.1	85.0	S	0.0
Bmal_XP_001893320.2	Cint_XP_002119759.1	85.0	S	0.0
Avit_KAL3984644.1	Cint_XP_002119759.1	85.0	S	0.0
Dimm_MCP9262741.1	Cint_XP_002119759.1	85.0	S	0.0
Sbat_VDP06211.1	Cint_XP_002119759.1	85.0	S	0.0
Mjap_MIJAPON000007023.t1	Cint_XP_002119759.1	85.0	S	0.0
Trimur_TMUE_1000003398	Cint_XP_002119759.1	85.0	S	0.0
Gpal_Gpal_D383_g03642.t1	Cint_XP_002119759.1	85.0	S	0.0
Lsig_VDK88905.1	Cint_XP_002119759.1	85.0	S	0.0
Tsui_KHJ40711.1	Cint_XP_002119759.1	85.0	S	0.0
Sarc_XP_014158518.1	Cint_XP_002119759.1	85.0	S	0.0
Psp.PS1159_PS1159_v2.g11687.t1	Cint_XP_002119759.1	85.0	S	0.0
Pgem_Unigene21894_Pirum_gemmata|m.14170	Cint_XP_002119759.1	85.0	S	0.0
Ttri_CDW54493.1	Cint_XP_002119759.1	85.0	S	0.0
Asuu_AgB03_g048_t03	Cint_XP_002119759.1	85.0	S	0.0
Cfra_CFRG2798T1	Hsap_XP_005247819.1	85.0	S	0.0
Awhi_Unigene35172_Abeoforma_whisleri|m.22263	Hsap_XP_005247819.1	85.0	S	0.0
Priarc_PARCANUS000012818.t1	Hsap_XP_005247819.1	85.0	S	0.0
Eela_EEL_0000209001-mRNA-1	Hsap_XP_005247819.1	85.0	S	0.0
Rcul_nRc.2.0.1.t46458-RA	Hsap_XP_005247819.1	85.0	S	0.0
Sros_XP_004994182.1	Hsap_XP_005247819.1	85.0	S	0.0
Asuu_AgB03_g048_t04	Hsap_XP_005247819.1	85.0	S	0.0
Ovol_OVOC5945	Hsap_XP_005247819.1	85.0	S	0.0
Mhap_MhA1_Contig2752.frz3.gene1	Hsap_XP_005247819.1	85.0	S	0.0
Wban_VDM07865.1	Hsap_XP_005247819.1	85.0	S	0.0
Lloa_XP_020302644.1	Hsap_XP_005247819.1	85.0	S	0.0
Awhi_Unigene35173_Abeoforma_whisleri|m.22264	Hsap_XP_005247819.1	85.0	S	0.0
Bmal_XP_001893320.2	Hsap_XP_005247819.1	85.0	S	0.0
Avit_KAL3984644.1	Hsap_XP_005247819.1	85.0	S	0.0
Dimm_MCP9262741.1	Hsap_XP_005247819.1	85.0	S	0.0
Sbat_VDP06211.1	Hsap_XP_005247819.1	85.0	S	0.0
Mjap_MIJAPON000007023.t1	Hsap_XP_005247819.1	85.0	S	0.0
Trimur_TMUE_1000003398	Hsap_XP_005247819.1	85.0	S	0.0
Gpal_Gpal_D383_g03642.t1	Hsap_XP_005247819.1	85.0	S	0.0
Lsig_VDK88905.1	Hsap_XP_005247819.1	85.0	S	0.0
Tsui_KHJ40711.1	Hsap_XP_005247819.1	85.0	S	0.0
Sarc_XP_014158518.1	Hsap_XP_005247819.1	85.0	S	0.0
Psp.PS1159_PS1159_v2.g11687.t1	Hsap_XP_005247819.1	85.0	S	0.0
Pgem_Unigene21894_Pirum_gemmata|m.14170	Hsap_XP_005247819.1	85.0	S	0.0
Ttri_CDW54493.1	Hsap_XP_005247819.1	85.0	S	0.0
Asuu_AgB03_g048_t03	Hsap_XP_005247819.1	85.0	S	0.0
Cfra_CFRG2798T1	Skow_XP_002741537.1	85.0	S	0.0
Awhi_Unigene35172_Abeoforma_whisleri|m.22263	Skow_XP_002741537.1	85.0	S	0.0
Priarc_PARCANUS000012818.t1	Skow_XP_002741537.1	85.0	S	0.0
Eela_EEL_0000209001-mRNA-1	Skow_XP_002741537.1	85.0	S	0.0
Rcul_nRc.2.0.1.t46458-RA	Skow_XP_002741537.1	85.0	S	0.0
Sros_XP_004994182.1	Skow_XP_002741537.1	85.0	S	0.0
Asuu_AgB03_g048_t04	Skow_XP_002741537.1	85.0	S	0.0
Ovol_OVOC5945	Skow_XP_002741537.1	85.0	S	0.0
Mhap_MhA1_Contig2752.frz3.gene1	Skow_XP_002741537.1	85.0	S	0.0
Wban_VDM07865.1	Skow_XP_002741537.1	85.0	S	0.0
Lloa_XP_020302644.1	Skow_XP_002741537.1	85.0	S	0.0
Awhi_Unigene35173_Abeoforma_whisleri|m.22264	Skow_XP_002741537.1	85.0	S	0.0
Bmal_XP_001893320.2	Skow_XP_002741537.1	85.0	S	0.0
Avit_KAL3984644.1	Skow_XP_002741537.1	85.0	S	0.0
Dimm_MCP9262741.1	Skow_XP_002741537.1	85.0	S	0.0
Sbat_VDP06211.1	Skow_XP_002741537.1	85.0	S	0.0
Mjap_MIJAPON000007023.t1	Skow_XP_002741537.1	85.0	S	0.0
Trimur_TMUE_1000003398	Skow_XP_002741537.1	85.0	S	0.0
Gpal_Gpal_D383_g03642.t1	Skow_XP_002741537.1	85.0	S	0.0
Lsig_VDK88905.1	Skow_XP_002741537.1	85.0	S	0.0
Tsui_KHJ40711.1	Skow_XP_002741537.1	85.0	S	0.0
Sarc_XP_014158518.1	Skow_XP_002741537.1	85.0	S	0.0
Psp.PS1159_PS1159_v2.g11687.t1	Skow_XP_002741537.1	85.0	S	0.0
Pgem_Unigene21894_Pirum_gemmata|m.14170	Skow_XP_002741537.1	85.0	S	0.0
Ttri_CDW54493.1	Skow_XP_002741537.1	85.0	S	0.0
Asuu_AgB03_g048_t03	Skow_XP_002741537.1	85.0	S	0.0
Cfra_CFRG2798T1	Hsap_XP_016862668.1	85.0	S	0.0
Awhi_Unigene35172_Abeoforma_whisleri|m.22263	Hsap_XP_016862668.1	85.0	S	0.0
Priarc_PARCANUS000012818.t1	Hsap_XP_016862668.1	85.0	S	0.0
Eela_EEL_0000209001-mRNA-1	Hsap_XP_016862668.1	85.0	S	0.0
Rcul_nRc.2.0.1.t46458-RA	Hsap_XP_016862668.1	85.0	S	0.0
Sros_XP_004994182.1	Hsap_XP_016862668.1	85.0	S	0.0
Asuu_AgB03_g048_t04	Hsap_XP_016862668.1	85.0	S	0.0
Ovol_OVOC5945	Hsap_XP_016862668.1	85.0	S	0.0
Mhap_MhA1_Contig2752.frz3.gene1	Hsap_XP_016862668.1	85.0	S	0.0
Wban_VDM07865.1	Hsap_XP_016862668.1	85.0	S	0.0
Lloa_XP_020302644.1	Hsap_XP_016862668.1	85.0	S	0.0
Awhi_Unigene35173_Abeoforma_whisleri|m.22264	Hsap_XP_016862668.1	85.0	S	0.0
Bmal_XP_001893320.2	Hsap_XP_016862668.1	85.0	S	0.0
Avit_KAL3984644.1	Hsap_XP_016862668.1	85.0	S	0.0
Dimm_MCP9262741.1	Hsap_XP_016862668.1	85.0	S	0.0
Sbat_VDP06211.1	Hsap_XP_016862668.1	85.0	S	0.0
Mjap_MIJAPON000007023.t1	Hsap_XP_016862668.1	85.0	S	0.0
Trimur_TMUE_1000003398	Hsap_XP_016862668.1	85.0	S	0.0
Gpal_Gpal_D383_g03642.t1	Hsap_XP_016862668.1	85.0	S	0.0
Lsig_VDK88905.1	Hsap_XP_016862668.1	85.0	S	0.0
Tsui_KHJ40711.1	Hsap_XP_016862668.1	85.0	S	0.0
Sarc_XP_014158518.1	Hsap_XP_016862668.1	85.0	S	0.0
Psp.PS1159_PS1159_v2.g11687.t1	Hsap_XP_016862668.1	85.0	S	0.0
Pgem_Unigene21894_Pirum_gemmata|m.14170	Hsap_XP_016862668.1	85.0	S	0.0
Ttri_CDW54493.1	Hsap_XP_016862668.1	85.0	S	0.0
Asuu_AgB03_g048_t03	Hsap_XP_016862668.1	85.0	S	0.0
Cfra_CFRG2798T1	Dmel_NP_651581.2	85.0	S	0.0
Awhi_Unigene35172_Abeoforma_whisleri|m.22263	Dmel_NP_651581.2	85.0	S	0.0
Priarc_PARCANUS000012818.t1	Dmel_NP_651581.2	85.0	S	0.0
Eela_EEL_0000209001-mRNA-1	Dmel_NP_651581.2	85.0	S	0.0
Rcul_nRc.2.0.1.t46458-RA	Dmel_NP_651581.2	85.0	S	0.0
Sros_XP_004994182.1	Dmel_NP_651581.2	85.0	S	0.0
Asuu_AgB03_g048_t04	Dmel_NP_651581.2	85.0	S	0.0
Ovol_OVOC5945	Dmel_NP_651581.2	85.0	S	0.0
Mhap_MhA1_Contig2752.frz3.gene1	Dmel_NP_651581.2	85.0	S	0.0
Wban_VDM07865.1	Dmel_NP_651581.2	85.0	S	0.0
Lloa_XP_020302644.1	Dmel_NP_651581.2	85.0	S	0.0
Awhi_Unigene35173_Abeoforma_whisleri|m.22264	Dmel_NP_651581.2	85.0	S	0.0
Bmal_XP_001893320.2	Dmel_NP_651581.2	85.0	S	0.0
Avit_KAL3984644.1	Dmel_NP_651581.2	85.0	S	0.0
Dimm_MCP9262741.1	Dmel_NP_651581.2	85.0	S	0.0
Sbat_VDP06211.1	Dmel_NP_651581.2	85.0	S	0.0
Mjap_MIJAPON000007023.t1	Dmel_NP_651581.2	85.0	S	0.0
Trimur_TMUE_1000003398	Dmel_NP_651581.2	85.0	S	0.0
Gpal_Gpal_D383_g03642.t1	Dmel_NP_651581.2	85.0	S	0.0
Lsig_VDK88905.1	Dmel_NP_651581.2	85.0	S	0.0
Tsui_KHJ40711.1	Dmel_NP_651581.2	85.0	S	0.0
Sarc_XP_014158518.1	Dmel_NP_651581.2	85.0	S	0.0
Psp.PS1159_PS1159_v2.g11687.t1	Dmel_NP_651581.2	85.0	S	0.0
Pgem_Unigene21894_Pirum_gemmata|m.14170	Dmel_NP_651581.2	85.0	S	0.0
Ttri_CDW54493.1	Dmel_NP_651581.2	85.0	S	0.0
Asuu_AgB03_g048_t03	Dmel_NP_651581.2	85.0	S	0.0
Cfra_CFRG2798T1	Smed_h1SMcT0005103.1	85.0	S	0.0
Awhi_Unigene35172_Abeoforma_whisleri|m.22263	Smed_h1SMcT0005103.1	85.0	S	0.0
Priarc_PARCANUS000012818.t1	Smed_h1SMcT0005103.1	85.0	S	0.0
Eela_EEL_0000209001-mRNA-1	Smed_h1SMcT0005103.1	85.0	S	0.0
Rcul_nRc.2.0.1.t46458-RA	Smed_h1SMcT0005103.1	85.0	S	0.0
Sros_XP_004994182.1	Smed_h1SMcT0005103.1	85.0	S	0.0
Asuu_AgB03_g048_t04	Smed_h1SMcT0005103.1	85.0	S	0.0
Ovol_OVOC5945	Smed_h1SMcT0005103.1	85.0	S	0.0
Mhap_MhA1_Contig2752.frz3.gene1	Smed_h1SMcT0005103.1	85.0	S	0.0
Wban_VDM07865.1	Smed_h1SMcT0005103.1	85.0	S	0.0
Lloa_XP_020302644.1	Smed_h1SMcT0005103.1	85.0	S	0.0
Awhi_Unigene35173_Abeoforma_whisleri|m.22264	Smed_h1SMcT0005103.1	85.0	S	0.0
Bmal_XP_001893320.2	Smed_h1SMcT0005103.1	85.0	S	0.0
Avit_KAL3984644.1	Smed_h1SMcT0005103.1	85.0	S	0.0
Dimm_MCP9262741.1	Smed_h1SMcT0005103.1	85.0	S	0.0
Sbat_VDP06211.1	Smed_h1SMcT0005103.1	85.0	S	0.0
Mjap_MIJAPON000007023.t1	Smed_h1SMcT0005103.1	85.0	S	0.0
Trimur_TMUE_1000003398	Smed_h1SMcT0005103.1	85.0	S	0.0
Gpal_Gpal_D383_g03642.t1	Smed_h1SMcT0005103.1	85.0	S	0.0
Lsig_VDK88905.1	Smed_h1SMcT0005103.1	85.0	S	0.0
Tsui_KHJ40711.1	Smed_h1SMcT0005103.1	85.0	S	0.0
Sarc_XP_014158518.1	Smed_h1SMcT0005103.1	85.0	S	0.0
Psp.PS1159_PS1159_v2.g11687.t1	Smed_h1SMcT0005103.1	85.0	S	0.0
Pgem_Unigene21894_Pirum_gemmata|m.14170	Smed_h1SMcT0005103.1	85.0	S	0.0
Ttri_CDW54493.1	Smed_h1SMcT0005103.1	85.0	S	0.0
Asuu_AgB03_g048_t03	Smed_h1SMcT0005103.1	85.0	S	0.0
Cfra_CFRG2798T1	Twil_T_wilhelma_c32405_g1_i2|m.47711	85.0	S	0.0
Awhi_Unigene35172_Abeoforma_whisleri|m.22263	Twil_T_wilhelma_c32405_g1_i2|m.47711	85.0	S	0.0
Priarc_PARCANUS000012818.t1	Twil_T_wilhelma_c32405_g1_i2|m.47711	85.0	S	0.0
Eela_EEL_0000209001-mRNA-1	Twil_T_wilhelma_c32405_g1_i2|m.47711	85.0	S	0.0
Rcul_nRc.2.0.1.t46458-RA	Twil_T_wilhelma_c32405_g1_i2|m.47711	85.0	S	0.0
Sros_XP_004994182.1	Twil_T_wilhelma_c32405_g1_i2|m.47711	85.0	S	0.0
Asuu_AgB03_g048_t04	Twil_T_wilhelma_c32405_g1_i2|m.47711	85.0	S	0.0
Ovol_OVOC5945	Twil_T_wilhelma_c32405_g1_i2|m.47711	85.0	S	0.0
Mhap_MhA1_Contig2752.frz3.gene1	Twil_T_wilhelma_c32405_g1_i2|m.47711	85.0	S	0.0
Wban_VDM07865.1	Twil_T_wilhelma_c32405_g1_i2|m.47711	85.0	S	0.0
Lloa_XP_020302644.1	Twil_T_wilhelma_c32405_g1_i2|m.47711	85.0	S	0.0
Awhi_Unigene35173_Abeoforma_whisleri|m.22264	Twil_T_wilhelma_c32405_g1_i2|m.47711	85.0	S	0.0
Bmal_XP_001893320.2	Twil_T_wilhelma_c32405_g1_i2|m.47711	85.0	S	0.0
Avit_KAL3984644.1	Twil_T_wilhelma_c32405_g1_i2|m.47711	85.0	S	0.0
Dimm_MCP9262741.1	Twil_T_wilhelma_c32405_g1_i2|m.47711	85.0	S	0.0
Sbat_VDP06211.1	Twil_T_wilhelma_c32405_g1_i2|m.47711	85.0	S	0.0
Mjap_MIJAPON000007023.t1	Twil_T_wilhelma_c32405_g1_i2|m.47711	85.0	S	0.0
Trimur_TMUE_1000003398	Twil_T_wilhelma_c32405_g1_i2|m.47711	85.0	S	0.0
Gpal_Gpal_D383_g03642.t1	Twil_T_wilhelma_c32405_g1_i2|m.47711	85.0	S	0.0
Lsig_VDK88905.1	Twil_T_wilhelma_c32405_g1_i2|m.47711	85.0	S	0.0
Tsui_KHJ40711.1	Twil_T_wilhelma_c32405_g1_i2|m.47711	85.0	S	0.0
Sarc_XP_014158518.1	Twil_T_wilhelma_c32405_g1_i2|m.47711	85.0	S	0.0
Psp.PS1159_PS1159_v2.g11687.t1	Twil_T_wilhelma_c32405_g1_i2|m.47711	85.0	S	0.0
Pgem_Unigene21894_Pirum_gemmata|m.14170	Twil_T_wilhelma_c32405_g1_i2|m.47711	85.0	S	0.0
Ttri_CDW54493.1	Twil_T_wilhelma_c32405_g1_i2|m.47711	85.0	S	0.0
Asuu_AgB03_g048_t03	Twil_T_wilhelma_c32405_g1_i2|m.47711	85.0	S	0.0
Cfra_CFRG2798T1	Btab_XP_018915393.1	85.0	S	0.0
Awhi_Unigene35172_Abeoforma_whisleri|m.22263	Btab_XP_018915393.1	85.0	S	0.0
Priarc_PARCANUS000012818.t1	Btab_XP_018915393.1	85.0	S	0.0
Eela_EEL_0000209001-mRNA-1	Btab_XP_018915393.1	85.0	S	0.0
Rcul_nRc.2.0.1.t46458-RA	Btab_XP_018915393.1	85.0	S	0.0
Sros_XP_004994182.1	Btab_XP_018915393.1	85.0	S	0.0
Asuu_AgB03_g048_t04	Btab_XP_018915393.1	85.0	S	0.0
Ovol_OVOC5945	Btab_XP_018915393.1	85.0	S	0.0
Mhap_MhA1_Contig2752.frz3.gene1	Btab_XP_018915393.1	85.0	S	0.0
Wban_VDM07865.1	Btab_XP_018915393.1	85.0	S	0.0
Lloa_XP_020302644.1	Btab_XP_018915393.1	85.0	S	0.0
Awhi_Unigene35173_Abeoforma_whisleri|m.22264	Btab_XP_018915393.1	85.0	S	0.0
Bmal_XP_001893320.2	Btab_XP_018915393.1	85.0	S	0.0
Avit_KAL3984644.1	Btab_XP_018915393.1	85.0	S	0.0
Dimm_MCP9262741.1	Btab_XP_018915393.1	85.0	S	0.0
Sbat_VDP06211.1	Btab_XP_018915393.1	85.0	S	0.0
Mjap_MIJAPON000007023.t1	Btab_XP_018915393.1	85.0	S	0.0
Trimur_TMUE_1000003398	Btab_XP_018915393.1	85.0	S	0.0
Gpal_Gpal_D383_g03642.t1	Btab_XP_018915393.1	85.0	S	0.0
Lsig_VDK88905.1	Btab_XP_018915393.1	85.0	S	0.0
Tsui_KHJ40711.1	Btab_XP_018915393.1	85.0	S	0.0
Sarc_XP_014158518.1	Btab_XP_018915393.1	85.0	S	0.0
Psp.PS1159_PS1159_v2.g11687.t1	Btab_XP_018915393.1	85.0	S	0.0
Pgem_Unigene21894_Pirum_gemmata|m.14170	Btab_XP_018915393.1	85.0	S	0.0
Ttri_CDW54493.1	Btab_XP_018915393.1	85.0	S	0.0
Asuu_AgB03_g048_t03	Btab_XP_018915393.1	85.0	S	0.0
Cfra_CFRG2798T1	Apla_XP_022084577.1	85.0	S	0.0
Awhi_Unigene35172_Abeoforma_whisleri|m.22263	Apla_XP_022084577.1	85.0	S	0.0
Priarc_PARCANUS000012818.t1	Apla_XP_022084577.1	85.0	S	0.0
Eela_EEL_0000209001-mRNA-1	Apla_XP_022084577.1	85.0	S	0.0
Rcul_nRc.2.0.1.t46458-RA	Apla_XP_022084577.1	85.0	S	0.0
Sros_XP_004994182.1	Apla_XP_022084577.1	85.0	S	0.0
Asuu_AgB03_g048_t04	Apla_XP_022084577.1	85.0	S	0.0
Ovol_OVOC5945	Apla_XP_022084577.1	85.0	S	0.0
Mhap_MhA1_Contig2752.frz3.gene1	Apla_XP_022084577.1	85.0	S	0.0
Wban_VDM07865.1	Apla_XP_022084577.1	85.0	S	0.0
Lloa_XP_020302644.1	Apla_XP_022084577.1	85.0	S	0.0
Awhi_Unigene35173_Abeoforma_whisleri|m.22264	Apla_XP_022084577.1	85.0	S	0.0
Bmal_XP_001893320.2	Apla_XP_022084577.1	85.0	S	0.0
Avit_KAL3984644.1	Apla_XP_022084577.1	85.0	S	0.0
Dimm_MCP9262741.1	Apla_XP_022084577.1	85.0	S	0.0
Sbat_VDP06211.1	Apla_XP_022084577.1	85.0	S	0.0
Mjap_MIJAPON000007023.t1	Apla_XP_022084577.1	85.0	S	0.0
Trimur_TMUE_1000003398	Apla_XP_022084577.1	85.0	S	0.0
Gpal_Gpal_D383_g03642.t1	Apla_XP_022084577.1	85.0	S	0.0
Lsig_VDK88905.1	Apla_XP_022084577.1	85.0	S	0.0
Tsui_KHJ40711.1	Apla_XP_022084577.1	85.0	S	0.0
Sarc_XP_014158518.1	Apla_XP_022084577.1	85.0	S	0.0
Psp.PS1159_PS1159_v2.g11687.t1	Apla_XP_022084577.1	85.0	S	0.0
Pgem_Unigene21894_Pirum_gemmata|m.14170	Apla_XP_022084577.1	85.0	S	0.0
Ttri_CDW54493.1	Apla_XP_022084577.1	85.0	S	0.0
Asuu_AgB03_g048_t03	Apla_XP_022084577.1	85.0	S	0.0
Cfra_CFRG2798T1	Xtro_XP_031749400.1	85.0	S	0.0
Awhi_Unigene35172_Abeoforma_whisleri|m.22263	Xtro_XP_031749400.1	85.0	S	0.0
Priarc_PARCANUS000012818.t1	Xtro_XP_031749400.1	85.0	S	0.0
Eela_EEL_0000209001-mRNA-1	Xtro_XP_031749400.1	85.0	S	0.0
Rcul_nRc.2.0.1.t46458-RA	Xtro_XP_031749400.1	85.0	S	0.0
Sros_XP_004994182.1	Xtro_XP_031749400.1	85.0	S	0.0
Asuu_AgB03_g048_t04	Xtro_XP_031749400.1	85.0	S	0.0
Ovol_OVOC5945	Xtro_XP_031749400.1	85.0	S	0.0
Mhap_MhA1_Contig2752.frz3.gene1	Xtro_XP_031749400.1	85.0	S	0.0
Wban_VDM07865.1	Xtro_XP_031749400.1	85.0	S	0.0
Lloa_XP_020302644.1	Xtro_XP_031749400.1	85.0	S	0.0
Awhi_Unigene35173_Abeoforma_whisleri|m.22264	Xtro_XP_031749400.1	85.0	S	0.0
Bmal_XP_001893320.2	Xtro_XP_031749400.1	85.0	S	0.0
Avit_KAL3984644.1	Xtro_XP_031749400.1	85.0	S	0.0
Dimm_MCP9262741.1	Xtro_XP_031749400.1	85.0	S	0.0
Sbat_VDP06211.1	Xtro_XP_031749400.1	85.0	S	0.0
Mjap_MIJAPON000007023.t1	Xtro_XP_031749400.1	85.0	S	0.0
Trimur_TMUE_1000003398	Xtro_XP_031749400.1	85.0	S	0.0
Gpal_Gpal_D383_g03642.t1	Xtro_XP_031749400.1	85.0	S	0.0
Lsig_VDK88905.1	Xtro_XP_031749400.1	85.0	S	0.0
Tsui_KHJ40711.1	Xtro_XP_031749400.1	85.0	S	0.0
Sarc_XP_014158518.1	Xtro_XP_031749400.1	85.0	S	0.0
Psp.PS1159_PS1159_v2.g11687.t1	Xtro_XP_031749400.1	85.0	S	0.0
Pgem_Unigene21894_Pirum_gemmata|m.14170	Xtro_XP_031749400.1	85.0	S	0.0
Ttri_CDW54493.1	Xtro_XP_031749400.1	85.0	S	0.0
Asuu_AgB03_g048_t03	Xtro_XP_031749400.1	85.0	S	0.0
Cfra_CFRG2798T1	Obim_XP_052822004.1	85.0	S	0.0
Awhi_Unigene35172_Abeoforma_whisleri|m.22263	Obim_XP_052822004.1	85.0	S	0.0
Priarc_PARCANUS000012818.t1	Obim_XP_052822004.1	85.0	S	0.0
Eela_EEL_0000209001-mRNA-1	Obim_XP_052822004.1	85.0	S	0.0
Rcul_nRc.2.0.1.t46458-RA	Obim_XP_052822004.1	85.0	S	0.0
Sros_XP_004994182.1	Obim_XP_052822004.1	85.0	S	0.0
Asuu_AgB03_g048_t04	Obim_XP_052822004.1	85.0	S	0.0
Ovol_OVOC5945	Obim_XP_052822004.1	85.0	S	0.0
Mhap_MhA1_Contig2752.frz3.gene1	Obim_XP_052822004.1	85.0	S	0.0
Wban_VDM07865.1	Obim_XP_052822004.1	85.0	S	0.0
Lloa_XP_020302644.1	Obim_XP_052822004.1	85.0	S	0.0
Awhi_Unigene35173_Abeoforma_whisleri|m.22264	Obim_XP_052822004.1	85.0	S	0.0
Bmal_XP_001893320.2	Obim_XP_052822004.1	85.0	S	0.0
Avit_KAL3984644.1	Obim_XP_052822004.1	85.0	S	0.0
Dimm_MCP9262741.1	Obim_XP_052822004.1	85.0	S	0.0
Sbat_VDP06211.1	Obim_XP_052822004.1	85.0	S	0.0
Mjap_MIJAPON000007023.t1	Obim_XP_052822004.1	85.0	S	0.0
Trimur_TMUE_1000003398	Obim_XP_052822004.1	85.0	S	0.0
Gpal_Gpal_D383_g03642.t1	Obim_XP_052822004.1	85.0	S	0.0
Lsig_VDK88905.1	Obim_XP_052822004.1	85.0	S	0.0
Tsui_KHJ40711.1	Obim_XP_052822004.1	85.0	S	0.0
Sarc_XP_014158518.1	Obim_XP_052822004.1	85.0	S	0.0
Psp.PS1159_PS1159_v2.g11687.t1	Obim_XP_052822004.1	85.0	S	0.0
Pgem_Unigene21894_Pirum_gemmata|m.14170	Obim_XP_052822004.1	85.0	S	0.0
Ttri_CDW54493.1	Obim_XP_052822004.1	85.0	S	0.0
Asuu_AgB03_g048_t03	Obim_XP_052822004.1	85.0	S	0.0
Pgem_Unigene40314_Pirum_gemmata|m.24993	Pgem_Unigene40313_Pirum_gemmata|m.24992	100.0	D	1.0
Awhi_Unigene23310_Abeoforma_whisleri|m.15382	Cfra_CFRG3290T1	100.0	S	0.0
Awhi_Unigene23310_Abeoforma_whisleri|m.15382	Sarc_XP_014160619.1	100.0	S	0.0
Lcom_lcpid62227|	Scil_XP_065178186.1	100.0	S	0.0
Aque_XP_019863486.1	Emue_Em0796g4a	96.0	S	0.0
Aque_XP_019863486.1	Emue_Em0021g680a	96.0	S	0.0
Aque_XP_019863486.1	Emue_Em0021g691a	96.0	S	0.0
Aque_XP_019863486.1	Twil_T_wilhelma_c26981_g1_i1|m.18991	96.0	S	0.0
Cfra_CFRG2798T1	Priarc_PARCANUS000012818.t1	40.0	S	0.0
Awhi_Unigene35172_Abeoforma_whisleri|m.22263	Priarc_PARCANUS000012818.t1	40.0	S	0.0
Sarc_XP_014158518.1	Priarc_PARCANUS000012818.t1	40.0	S	0.0
Pgem_Unigene21894_Pirum_gemmata|m.14170	Priarc_PARCANUS000012818.t1	40.0	S	0.0
Awhi_Unigene35173_Abeoforma_whisleri|m.22264	Priarc_PARCANUS000012818.t1	40.0	S	0.0
Cfra_CFRG2798T1	Eela_EEL_0000209001-mRNA-1	40.0	S	0.0
Awhi_Unigene35172_Abeoforma_whisleri|m.22263	Eela_EEL_0000209001-mRNA-1	40.0	S	0.0
Sarc_XP_014158518.1	Eela_EEL_0000209001-mRNA-1	40.0	S	0.0
Pgem_Unigene21894_Pirum_gemmata|m.14170	Eela_EEL_0000209001-mRNA-1	40.0	S	0.0
Awhi_Unigene35173_Abeoforma_whisleri|m.22264	Eela_EEL_0000209001-mRNA-1	40.0	S	0.0
Cfra_CFRG2798T1	Rcul_nRc.2.0.1.t46458-RA	40.0	S	0.0
Awhi_Unigene35172_Abeoforma_whisleri|m.22263	Rcul_nRc.2.0.1.t46458-RA	40.0	S	0.0
Sarc_XP_014158518.1	Rcul_nRc.2.0.1.t46458-RA	40.0	S	0.0
Pgem_Unigene21894_Pirum_gemmata|m.14170	Rcul_nRc.2.0.1.t46458-RA	40.0	S	0.0
Awhi_Unigene35173_Abeoforma_whisleri|m.22264	Rcul_nRc.2.0.1.t46458-RA	40.0	S	0.0
Cfra_CFRG2798T1	Sros_XP_004994182.1	40.0	S	0.0
Awhi_Unigene35172_Abeoforma_whisleri|m.22263	Sros_XP_004994182.1	40.0	S	0.0
Sarc_XP_014158518.1	Sros_XP_004994182.1	40.0	S	0.0
Pgem_Unigene21894_Pirum_gemmata|m.14170	Sros_XP_004994182.1	40.0	S	0.0
Awhi_Unigene35173_Abeoforma_whisleri|m.22264	Sros_XP_004994182.1	40.0	S	0.0
Cfra_CFRG2798T1	Asuu_AgB03_g048_t04	40.0	S	0.0
Awhi_Unigene35172_Abeoforma_whisleri|m.22263	Asuu_AgB03_g048_t04	40.0	S	0.0
Sarc_XP_014158518.1	Asuu_AgB03_g048_t04	40.0	S	0.0
Pgem_Unigene21894_Pirum_gemmata|m.14170	Asuu_AgB03_g048_t04	40.0	S	0.0
Awhi_Unigene35173_Abeoforma_whisleri|m.22264	Asuu_AgB03_g048_t04	40.0	S	0.0
Cfra_CFRG2798T1	Ovol_OVOC5945	40.0	S	0.0
Awhi_Unigene35172_Abeoforma_whisleri|m.22263	Ovol_OVOC5945	40.0	S	0.0
Sarc_XP_014158518.1	Ovol_OVOC5945	40.0	S	0.0
Pgem_Unigene21894_Pirum_gemmata|m.14170	Ovol_OVOC5945	40.0	S	0.0
Awhi_Unigene35173_Abeoforma_whisleri|m.22264	Ovol_OVOC5945	40.0	S	0.0
Cfra_CFRG2798T1	Mhap_MhA1_Contig2752.frz3.gene1	40.0	S	0.0
Awhi_Unigene35172_Abeoforma_whisleri|m.22263	Mhap_MhA1_Contig2752.frz3.gene1	40.0	S	0.0
Sarc_XP_014158518.1	Mhap_MhA1_Contig2752.frz3.gene1	40.0	S	0.0
Pgem_Unigene21894_Pirum_gemmata|m.14170	Mhap_MhA1_Contig2752.frz3.gene1	40.0	S	0.0
Awhi_Unigene35173_Abeoforma_whisleri|m.22264	Mhap_MhA1_Contig2752.frz3.gene1	40.0	S	0.0
Cfra_CFRG2798T1	Wban_VDM07865.1	40.0	S	0.0
Awhi_Unigene35172_Abeoforma_whisleri|m.22263	Wban_VDM07865.1	40.0	S	0.0
Sarc_XP_014158518.1	Wban_VDM07865.1	40.0	S	0.0
Pgem_Unigene21894_Pirum_gemmata|m.14170	Wban_VDM07865.1	40.0	S	0.0
Awhi_Unigene35173_Abeoforma_whisleri|m.22264	Wban_VDM07865.1	40.0	S	0.0
Cfra_CFRG2798T1	Lloa_XP_020302644.1	40.0	S	0.0
Awhi_Unigene35172_Abeoforma_whisleri|m.22263	Lloa_XP_020302644.1	40.0	S	0.0
Sarc_XP_014158518.1	Lloa_XP_020302644.1	40.0	S	0.0
Pgem_Unigene21894_Pirum_gemmata|m.14170	Lloa_XP_020302644.1	40.0	S	0.0
Awhi_Unigene35173_Abeoforma_whisleri|m.22264	Lloa_XP_020302644.1	40.0	S	0.0
Cfra_CFRG2798T1	Bmal_XP_001893320.2	40.0	S	0.0
Awhi_Unigene35172_Abeoforma_whisleri|m.22263	Bmal_XP_001893320.2	40.0	S	0.0
Sarc_XP_014158518.1	Bmal_XP_001893320.2	40.0	S	0.0
Pgem_Unigene21894_Pirum_gemmata|m.14170	Bmal_XP_001893320.2	40.0	S	0.0
Awhi_Unigene35173_Abeoforma_whisleri|m.22264	Bmal_XP_001893320.2	40.0	S	0.0
Cfra_CFRG2798T1	Avit_KAL3984644.1	40.0	S	0.0
Awhi_Unigene35172_Abeoforma_whisleri|m.22263	Avit_KAL3984644.1	40.0	S	0.0
Sarc_XP_014158518.1	Avit_KAL3984644.1	40.0	S	0.0
Pgem_Unigene21894_Pirum_gemmata|m.14170	Avit_KAL3984644.1	40.0	S	0.0
Awhi_Unigene35173_Abeoforma_whisleri|m.22264	Avit_KAL3984644.1	40.0	S	0.0
Cfra_CFRG2798T1	Dimm_MCP9262741.1	40.0	S	0.0
Awhi_Unigene35172_Abeoforma_whisleri|m.22263	Dimm_MCP9262741.1	40.0	S	0.0
Sarc_XP_014158518.1	Dimm_MCP9262741.1	40.0	S	0.0
Pgem_Unigene21894_Pirum_gemmata|m.14170	Dimm_MCP9262741.1	40.0	S	0.0
Awhi_Unigene35173_Abeoforma_whisleri|m.22264	Dimm_MCP9262741.1	40.0	S	0.0
Cfra_CFRG2798T1	Sbat_VDP06211.1	40.0	S	0.0
Awhi_Unigene35172_Abeoforma_whisleri|m.22263	Sbat_VDP06211.1	40.0	S	0.0
Sarc_XP_014158518.1	Sbat_VDP06211.1	40.0	S	0.0
Pgem_Unigene21894_Pirum_gemmata|m.14170	Sbat_VDP06211.1	40.0	S	0.0
Awhi_Unigene35173_Abeoforma_whisleri|m.22264	Sbat_VDP06211.1	40.0	S	0.0
Cfra_CFRG2798T1	Mjap_MIJAPON000007023.t1	40.0	S	0.0
Awhi_Unigene35172_Abeoforma_whisleri|m.22263	Mjap_MIJAPON000007023.t1	40.0	S	0.0
Sarc_XP_014158518.1	Mjap_MIJAPON000007023.t1	40.0	S	0.0
Pgem_Unigene21894_Pirum_gemmata|m.14170	Mjap_MIJAPON000007023.t1	40.0	S	0.0
Awhi_Unigene35173_Abeoforma_whisleri|m.22264	Mjap_MIJAPON000007023.t1	40.0	S	0.0
Cfra_CFRG2798T1	Trimur_TMUE_1000003398	40.0	S	0.0
Awhi_Unigene35172_Abeoforma_whisleri|m.22263	Trimur_TMUE_1000003398	40.0	S	0.0
Sarc_XP_014158518.1	Trimur_TMUE_1000003398	40.0	S	0.0
Pgem_Unigene21894_Pirum_gemmata|m.14170	Trimur_TMUE_1000003398	40.0	S	0.0
Awhi_Unigene35173_Abeoforma_whisleri|m.22264	Trimur_TMUE_1000003398	40.0	S	0.0
Cfra_CFRG2798T1	Gpal_Gpal_D383_g03642.t1	40.0	S	0.0
Awhi_Unigene35172_Abeoforma_whisleri|m.22263	Gpal_Gpal_D383_g03642.t1	40.0	S	0.0
Sarc_XP_014158518.1	Gpal_Gpal_D383_g03642.t1	40.0	S	0.0
Pgem_Unigene21894_Pirum_gemmata|m.14170	Gpal_Gpal_D383_g03642.t1	40.0	S	0.0
Awhi_Unigene35173_Abeoforma_whisleri|m.22264	Gpal_Gpal_D383_g03642.t1	40.0	S	0.0
Cfra_CFRG2798T1	Lsig_VDK88905.1	40.0	S	0.0
Awhi_Unigene35172_Abeoforma_whisleri|m.22263	Lsig_VDK88905.1	40.0	S	0.0
Sarc_XP_014158518.1	Lsig_VDK88905.1	40.0	S	0.0
Pgem_Unigene21894_Pirum_gemmata|m.14170	Lsig_VDK88905.1	40.0	S	0.0
Awhi_Unigene35173_Abeoforma_whisleri|m.22264	Lsig_VDK88905.1	40.0	S	0.0
Cfra_CFRG2798T1	Tsui_KHJ40711.1	40.0	S	0.0
Awhi_Unigene35172_Abeoforma_whisleri|m.22263	Tsui_KHJ40711.1	40.0	S	0.0
Sarc_XP_014158518.1	Tsui_KHJ40711.1	40.0	S	0.0
Pgem_Unigene21894_Pirum_gemmata|m.14170	Tsui_KHJ40711.1	40.0	S	0.0
Awhi_Unigene35173_Abeoforma_whisleri|m.22264	Tsui_KHJ40711.1	40.0	S	0.0
Cfra_CFRG2798T1	Psp.PS1159_PS1159_v2.g11687.t1	40.0	S	0.0
Awhi_Unigene35172_Abeoforma_whisleri|m.22263	Psp.PS1159_PS1159_v2.g11687.t1	40.0	S	0.0
Sarc_XP_014158518.1	Psp.PS1159_PS1159_v2.g11687.t1	40.0	S	0.0
Pgem_Unigene21894_Pirum_gemmata|m.14170	Psp.PS1159_PS1159_v2.g11687.t1	40.0	S	0.0
Awhi_Unigene35173_Abeoforma_whisleri|m.22264	Psp.PS1159_PS1159_v2.g11687.t1	40.0	S	0.0
Cfra_CFRG2798T1	Ttri_CDW54493.1	40.0	S	0.0
Awhi_Unigene35172_Abeoforma_whisleri|m.22263	Ttri_CDW54493.1	40.0	S	0.0
Sarc_XP_014158518.1	Ttri_CDW54493.1	40.0	S	0.0
Pgem_Unigene21894_Pirum_gemmata|m.14170	Ttri_CDW54493.1	40.0	S	0.0
Awhi_Unigene35173_Abeoforma_whisleri|m.22264	Ttri_CDW54493.1	40.0	S	0.0
Cfra_CFRG2798T1	Asuu_AgB03_g048_t03	40.0	S	0.0
Awhi_Unigene35172_Abeoforma_whisleri|m.22263	Asuu_AgB03_g048_t03	40.0	S	0.0
Sarc_XP_014158518.1	Asuu_AgB03_g048_t03	40.0	S	0.0
Pgem_Unigene21894_Pirum_gemmata|m.14170	Asuu_AgB03_g048_t03	40.0	S	0.0
Awhi_Unigene35173_Abeoforma_whisleri|m.22264	Asuu_AgB03_g048_t03	40.0	S	0.0
Avag_UJR21788.1	Echgra_XP_024354894.1	34.0	S	0.0
Hrob_XP_009026773.1	Echgra_XP_024354894.1	34.0	S	0.0
Avag_UJR21788.1	Obim_XP_052822002.1	34.0	S	0.0
Hrob_XP_009026773.1	Obim_XP_052822002.1	34.0	S	0.0
Avag_UJR21788.1	Smed_h1SMcT0005103.3	34.0	S	0.0
Hrob_XP_009026773.1	Smed_h1SMcT0005103.3	34.0	S	0.0
Avag_UJR21788.1	Agrpla_XP_018334324.1	34.0	S	0.0
Hrob_XP_009026773.1	Agrpla_XP_018334324.1	34.0	S	0.0
Avag_UJR21788.1	Aque_XP_003390430.1	34.0	S	0.0
Hrob_XP_009026773.1	Aque_XP_003390430.1	34.0	S	0.0
Avag_UJR21788.1	Ggal_XP_040560173.1	34.0	S	0.0
Hrob_XP_009026773.1	Ggal_XP_040560173.1	34.0	S	0.0
Avag_UJR21788.1	Smed_h1SMcT0005103.4	34.0	S	0.0
Hrob_XP_009026773.1	Smed_h1SMcT0005103.4	34.0	S	0.0
Avag_UJR21788.1	Ggal_XP_040560171.1	34.0	S	0.0
Hrob_XP_009026773.1	Ggal_XP_040560171.1	34.0	S	0.0
Avag_UJR21788.1	Smed_h1SMcT0005103.2	34.0	S	0.0
Hrob_XP_009026773.1	Smed_h1SMcT0005103.2	34.0	S	0.0
Avag_UJR21788.1	Ggal_XP_040560167.1	34.0	S	0.0
Hrob_XP_009026773.1	Ggal_XP_040560167.1	34.0	S	0.0
Avag_UJR21788.1	Twil_T_wilhelma_c32405_g1_i5|m.47714	34.0	S	0.0
Hrob_XP_009026773.1	Twil_T_wilhelma_c32405_g1_i5|m.47714	34.0	S	0.0
Avag_UJR21788.1	Aplcal_XP_005095742.2	34.0	S	0.0
Hrob_XP_009026773.1	Aplcal_XP_005095742.2	34.0	S	0.0
Avag_UJR21788.1	Hsap_XP_047304876.1	34.0	S	0.0
Hrob_XP_009026773.1	Hsap_XP_047304876.1	34.0	S	0.0
Avag_UJR21788.1	Spur_XP_030855882.1	34.0	S	0.0
Hrob_XP_009026773.1	Spur_XP_030855882.1	34.0	S	0.0
Avag_UJR21788.1	Lpol_XP_022239788.1	34.0	S	0.0
Hrob_XP_009026773.1	Lpol_XP_022239788.1	34.0	S	0.0
Avag_UJR21788.1	Agrpla_XP_025832966.1	34.0	S	0.0
Hrob_XP_009026773.1	Agrpla_XP_025832966.1	34.0	S	0.0
Avag_UJR21788.1	Pvan_XP_069969518.1	34.0	S	0.0
Hrob_XP_009026773.1	Pvan_XP_069969518.1	34.0	S	0.0
Avag_UJR21788.1	Hsap_XP_047304874.1	34.0	S	0.0
Hrob_XP_009026773.1	Hsap_XP_047304874.1	34.0	S	0.0
Avag_UJR21788.1	Twil_T_wilhelma_c32405_g1_i1|m.47710	34.0	S	0.0
Hrob_XP_009026773.1	Twil_T_wilhelma_c32405_g1_i1|m.47710	34.0	S	0.0
Avag_UJR21788.1	Cvir_XP_022288659.1	34.0	S	0.0
Hrob_XP_009026773.1	Cvir_XP_022288659.1	34.0	S	0.0
Avag_UJR21788.1	Hsap_XP_047304875.1	34.0	S	0.0
Hrob_XP_009026773.1	Hsap_XP_047304875.1	34.0	S	0.0
Avag_UJR21788.1	Ggal_XP_040560166.1	34.0	S	0.0
Hrob_XP_009026773.1	Ggal_XP_040560166.1	34.0	S	0.0
Avag_UJR21788.1	Bmor_XP_004921852.1	34.0	S	0.0
Hrob_XP_009026773.1	Bmor_XP_004921852.1	34.0	S	0.0
Avag_UJR21788.1	Twil_T_wilhelma_c32405_g1_i6|m.47715	34.0	S	0.0
Hrob_XP_009026773.1	Twil_T_wilhelma_c32405_g1_i6|m.47715	34.0	S	0.0
Avag_UJR21788.1	Hsap_NP_078886.2	34.0	S	0.0
Hrob_XP_009026773.1	Hsap_NP_078886.2	34.0	S	0.0
Avag_UJR21788.1	Ofus_CAH1775754.1	34.0	S	0.0
Hrob_XP_009026773.1	Ofus_CAH1775754.1	34.0	S	0.0
Avag_UJR21788.1	Drer_XP_021334317.1	34.0	S	0.0
Hrob_XP_009026773.1	Drer_XP_021334317.1	34.0	S	0.0
Avag_UJR21788.1	Ggal_XP_040560165.1	34.0	S	0.0
Hrob_XP_009026773.1	Ggal_XP_040560165.1	34.0	S	0.0
Avag_UJR21788.1	Ggal_XP_040560170.1	34.0	S	0.0
Hrob_XP_009026773.1	Ggal_XP_040560170.1	34.0	S	0.0
Avag_UJR21788.1	Mlei_ML11821a-PA	34.0	S	0.0
Hrob_XP_009026773.1	Mlei_ML11821a-PA	34.0	S	0.0
Avag_UJR21788.1	Obim_XP_052822003.1	34.0	S	0.0
Hrob_XP_009026773.1	Obim_XP_052822003.1	34.0	S	0.0
Avag_UJR21788.1	Obim_XP_052822001.1	34.0	S	0.0
Hrob_XP_009026773.1	Obim_XP_052822001.1	34.0	S	0.0
Avag_UJR21788.1	Lcom_lcpid72575|	34.0	S	0.0
Hrob_XP_009026773.1	Lcom_lcpid72575|	34.0	S	0.0
Avag_UJR21788.1	Ggal_XP_015145483.2	34.0	S	0.0
Hrob_XP_009026773.1	Ggal_XP_015145483.2	34.0	S	0.0
Avag_UJR21788.1	Tadh_XP_002118456.1	34.0	S	0.0
Hrob_XP_009026773.1	Tadh_XP_002118456.1	34.0	S	0.0
Avag_UJR21788.1	Ggal_XP_040560168.1	34.0	S	0.0
Hrob_XP_009026773.1	Ggal_XP_040560168.1	34.0	S	0.0
Avag_UJR21788.1	Ggal_XP_046799733.1	34.0	S	0.0
Hrob_XP_009026773.1	Ggal_XP_046799733.1	34.0	S	0.0
Avag_UJR21788.1	Drer_XP_005167885.1	34.0	S	0.0
Hrob_XP_009026773.1	Drer_XP_005167885.1	34.0	S	0.0
Avag_UJR21788.1	Smar_SMAR012789-PA	34.0	S	0.0
Hrob_XP_009026773.1	Smar_SMAR012789-PA	34.0	S	0.0
Avag_UJR21788.1	Sman_XP_018650624.1	34.0	S	0.0
Hrob_XP_009026773.1	Sman_XP_018650624.1	34.0	S	0.0
Avag_UJR21788.1	Lana_XP_013413884.1	34.0	S	0.0
Hrob_XP_009026773.1	Lana_XP_013413884.1	34.0	S	0.0
Avag_UJR21788.1	Hsap_NP_001307657.1	34.0	S	0.0
Hrob_XP_009026773.1	Hsap_NP_001307657.1	34.0	S	0.0
Avag_UJR21788.1	Drer_NP_001003777.1	34.0	S	0.0
Hrob_XP_009026773.1	Drer_NP_001003777.1	34.0	S	0.0
Avag_UJR21788.1	Twil_T_wilhelma_c32405_g1_i3|m.47712	34.0	S	0.0
Hrob_XP_009026773.1	Twil_T_wilhelma_c32405_g1_i3|m.47712	34.0	S	0.0
Avag_UJR21788.1	Aque_XP_003385276.1	34.0	S	0.0
Hrob_XP_009026773.1	Aque_XP_003385276.1	34.0	S	0.0
Avag_UJR21788.1	Agrpla_XP_018334326.1	34.0	S	0.0
Hrob_XP_009026773.1	Agrpla_XP_018334326.1	34.0	S	0.0
Avag_UJR21788.1	Scil_XP_065198767.1	34.0	S	0.0
Hrob_XP_009026773.1	Scil_XP_065198767.1	34.0	S	0.0
Avag_UJR21788.1	Ggal_XP_040560169.1	34.0	S	0.0
Hrob_XP_009026773.1	Ggal_XP_040560169.1	34.0	S	0.0
Avag_UJR21788.1	Ggal_XP_040560172.1	34.0	S	0.0
Hrob_XP_009026773.1	Ggal_XP_040560172.1	34.0	S	0.0
Avag_UJR21788.1	Blan_XP_066295391.1	34.0	S	0.0
Hrob_XP_009026773.1	Blan_XP_066295391.1	34.0	S	0.0
Avag_UJR21788.1	Dpul_XP_046446230.1	34.0	S	0.0
Hrob_XP_009026773.1	Dpul_XP_046446230.1	34.0	S	0.0
Avag_UJR21788.1	Apimel_XP_016767904.1	34.0	S	0.0
Hrob_XP_009026773.1	Apimel_XP_016767904.1	34.0	S	0.0
Avag_UJR21788.1	Blan_XP_066295390.1	34.0	S	0.0
Hrob_XP_009026773.1	Blan_XP_066295390.1	34.0	S	0.0
Avag_UJR21788.1	Cscu_XP_023216396.1	34.0	S	0.0
Hrob_XP_009026773.1	Cscu_XP_023216396.1	34.0	S	0.0
Avag_UJR21788.1	Cint_XP_002119759.1	34.0	S	0.0
Hrob_XP_009026773.1	Cint_XP_002119759.1	34.0	S	0.0
Avag_UJR21788.1	Hsap_XP_005247819.1	34.0	S	0.0
Hrob_XP_009026773.1	Hsap_XP_005247819.1	34.0	S	0.0
Avag_UJR21788.1	Skow_XP_002741537.1	34.0	S	0.0
Hrob_XP_009026773.1	Skow_XP_002741537.1	34.0	S	0.0
Avag_UJR21788.1	Hsap_XP_016862668.1	34.0	S	0.0
Hrob_XP_009026773.1	Hsap_XP_016862668.1	34.0	S	0.0
Avag_UJR21788.1	Dmel_NP_651581.2	34.0	S	0.0
Hrob_XP_009026773.1	Dmel_NP_651581.2	34.0	S	0.0
Avag_UJR21788.1	Smed_h1SMcT0005103.1	34.0	S	0.0
Hrob_XP_009026773.1	Smed_h1SMcT0005103.1	34.0	S	0.0
Avag_UJR21788.1	Twil_T_wilhelma_c32405_g1_i2|m.47711	34.0	S	0.0
Hrob_XP_009026773.1	Twil_T_wilhelma_c32405_g1_i2|m.47711	34.0	S	0.0
Avag_UJR21788.1	Btab_XP_018915393.1	34.0	S	0.0
Hrob_XP_009026773.1	Btab_XP_018915393.1	34.0	S	0.0
Avag_UJR21788.1	Apla_XP_022084577.1	34.0	S	0.0
Hrob_XP_009026773.1	Apla_XP_022084577.1	34.0	S	0.0
Avag_UJR21788.1	Xtro_XP_031749400.1	34.0	S	0.0
Hrob_XP_009026773.1	Xtro_XP_031749400.1	34.0	S	0.0
Avag_UJR21788.1	Obim_XP_052822004.1	34.0	S	0.0
Hrob_XP_009026773.1	Obim_XP_052822004.1	34.0	S	0.0
Cfra_CFRG3290T1	Sarc_XP_014160619.1	99.0	S	0.0
Twil_T_wilhelma_c26981_g1_i1|m.18991	Emue_Em0796g4a	52.0	S	0.0
Twil_T_wilhelma_c26981_g1_i1|m.18991	Emue_Em0021g680a	52.0	S	0.0
Twil_T_wilhelma_c26981_g1_i1|m.18991	Emue_Em0021g691a	52.0	S	0.0
Cfra_CFRG2798T1	Awhi_Unigene35172_Abeoforma_whisleri|m.22263	93.0	S	0.0
Sarc_XP_014158518.1	Awhi_Unigene35172_Abeoforma_whisleri|m.22263	93.0	S	0.0
Cfra_CFRG2798T1	Awhi_Unigene35173_Abeoforma_whisleri|m.22264	93.0	S	0.0
Sarc_XP_014158518.1	Awhi_Unigene35173_Abeoforma_whisleri|m.22264	93.0	S	0.0
Cfra_CFRG2798T1	Pgem_Unigene21894_Pirum_gemmata|m.14170	93.0	S	0.0
Sarc_XP_014158518.1	Pgem_Unigene21894_Pirum_gemmata|m.14170	93.0	S	0.0
Rcul_nRc.2.0.1.t46458-RA	Priarc_PARCANUS000012818.t1	79.0	S	0.0
Rcul_nRc.2.0.1.t46458-RA	Eela_EEL_0000209001-mRNA-1	79.0	S	0.0
Rcul_nRc.2.0.1.t46458-RA	Sros_XP_004994182.1	79.0	S	0.0
Rcul_nRc.2.0.1.t46458-RA	Asuu_AgB03_g048_t04	79.0	S	0.0
Rcul_nRc.2.0.1.t46458-RA	Ovol_OVOC5945	79.0	S	0.0
Rcul_nRc.2.0.1.t46458-RA	Mhap_MhA1_Contig2752.frz3.gene1	79.0	S	0.0
Rcul_nRc.2.0.1.t46458-RA	Wban_VDM07865.1	79.0	S	0.0
Rcul_nRc.2.0.1.t46458-RA	Lloa_XP_020302644.1	79.0	S	0.0
Rcul_nRc.2.0.1.t46458-RA	Bmal_XP_001893320.2	79.0	S	0.0
Rcul_nRc.2.0.1.t46458-RA	Avit_KAL3984644.1	79.0	S	0.0
Rcul_nRc.2.0.1.t46458-RA	Dimm_MCP9262741.1	79.0	S	0.0
Rcul_nRc.2.0.1.t46458-RA	Sbat_VDP06211.1	79.0	S	0.0
Rcul_nRc.2.0.1.t46458-RA	Mjap_MIJAPON000007023.t1	79.0	S	0.0
Rcul_nRc.2.0.1.t46458-RA	Trimur_TMUE_1000003398	79.0	S	0.0
Rcul_nRc.2.0.1.t46458-RA	Gpal_Gpal_D383_g03642.t1	79.0	S	0.0
Rcul_nRc.2.0.1.t46458-RA	Lsig_VDK88905.1	79.0	S	0.0
Rcul_nRc.2.0.1.t46458-RA	Tsui_KHJ40711.1	79.0	S	0.0
Rcul_nRc.2.0.1.t46458-RA	Psp.PS1159_PS1159_v2.g11687.t1	79.0	S	0.0
Rcul_nRc.2.0.1.t46458-RA	Ttri_CDW54493.1	79.0	S	0.0
Rcul_nRc.2.0.1.t46458-RA	Asuu_AgB03_g048_t03	79.0	S	0.0
Avag_UJR21788.1	Hrob_XP_009026773.1	36.0	S	0.0
Lcom_lcpid72575|	Echgra_XP_024354894.1	37.0	S	0.0
Twil_T_wilhelma_c32405_g1_i6|m.47715	Echgra_XP_024354894.1	37.0	S	0.0
Aque_XP_003390430.1	Echgra_XP_024354894.1	37.0	S	0.0
Twil_T_wilhelma_c32405_g1_i2|m.47711	Echgra_XP_024354894.1	37.0	S	0.0
Twil_T_wilhelma_c32405_g1_i3|m.47712	Echgra_XP_024354894.1	37.0	S	0.0
Aque_XP_003385276.1	Echgra_XP_024354894.1	37.0	S	0.0
Mlei_ML11821a-PA	Echgra_XP_024354894.1	37.0	S	0.0
Twil_T_wilhelma_c32405_g1_i5|m.47714	Echgra_XP_024354894.1	37.0	S	0.0
Tadh_XP_002118456.1	Echgra_XP_024354894.1	37.0	S	0.0
Scil_XP_065198767.1	Echgra_XP_024354894.1	37.0	S	0.0
Twil_T_wilhelma_c32405_g1_i1|m.47710	Echgra_XP_024354894.1	37.0	S	0.0
Lcom_lcpid72575|	Obim_XP_052822002.1	37.0	S	0.0
Twil_T_wilhelma_c32405_g1_i6|m.47715	Obim_XP_052822002.1	37.0	S	0.0
Aque_XP_003390430.1	Obim_XP_052822002.1	37.0	S	0.0
Twil_T_wilhelma_c32405_g1_i2|m.47711	Obim_XP_052822002.1	37.0	S	0.0
Twil_T_wilhelma_c32405_g1_i3|m.47712	Obim_XP_052822002.1	37.0	S	0.0
Aque_XP_003385276.1	Obim_XP_052822002.1	37.0	S	0.0
Mlei_ML11821a-PA	Obim_XP_052822002.1	37.0	S	0.0
Twil_T_wilhelma_c32405_g1_i5|m.47714	Obim_XP_052822002.1	37.0	S	0.0
Tadh_XP_002118456.1	Obim_XP_052822002.1	37.0	S	0.0
Scil_XP_065198767.1	Obim_XP_052822002.1	37.0	S	0.0
Twil_T_wilhelma_c32405_g1_i1|m.47710	Obim_XP_052822002.1	37.0	S	0.0
Lcom_lcpid72575|	Smed_h1SMcT0005103.3	37.0	S	0.0
Twil_T_wilhelma_c32405_g1_i6|m.47715	Smed_h1SMcT0005103.3	37.0	S	0.0
Aque_XP_003390430.1	Smed_h1SMcT0005103.3	37.0	S	0.0
Twil_T_wilhelma_c32405_g1_i2|m.47711	Smed_h1SMcT0005103.3	37.0	S	0.0
Twil_T_wilhelma_c32405_g1_i3|m.47712	Smed_h1SMcT0005103.3	37.0	S	0.0
Aque_XP_003385276.1	Smed_h1SMcT0005103.3	37.0	S	0.0
Mlei_ML11821a-PA	Smed_h1SMcT0005103.3	37.0	S	0.0
Twil_T_wilhelma_c32405_g1_i5|m.47714	Smed_h1SMcT0005103.3	37.0	S	0.0
Tadh_XP_002118456.1	Smed_h1SMcT0005103.3	37.0	S	0.0
Scil_XP_065198767.1	Smed_h1SMcT0005103.3	37.0	S	0.0
Twil_T_wilhelma_c32405_g1_i1|m.47710	Smed_h1SMcT0005103.3	37.0	S	0.0
Lcom_lcpid72575|	Agrpla_XP_018334324.1	37.0	S	0.0
Twil_T_wilhelma_c32405_g1_i6|m.47715	Agrpla_XP_018334324.1	37.0	S	0.0
Aque_XP_003390430.1	Agrpla_XP_018334324.1	37.0	S	0.0
Twil_T_wilhelma_c32405_g1_i2|m.47711	Agrpla_XP_018334324.1	37.0	S	0.0
Twil_T_wilhelma_c32405_g1_i3|m.47712	Agrpla_XP_018334324.1	37.0	S	0.0
Aque_XP_003385276.1	Agrpla_XP_018334324.1	37.0	S	0.0
Mlei_ML11821a-PA	Agrpla_XP_018334324.1	37.0	S	0.0
Twil_T_wilhelma_c32405_g1_i5|m.47714	Agrpla_XP_018334324.1	37.0	S	0.0
Tadh_XP_002118456.1	Agrpla_XP_018334324.1	37.0	S	0.0
Scil_XP_065198767.1	Agrpla_XP_018334324.1	37.0	S	0.0
Twil_T_wilhelma_c32405_g1_i1|m.47710	Agrpla_XP_018334324.1	37.0	S	0.0
Lcom_lcpid72575|	Ggal_XP_040560173.1	37.0	S	0.0
Twil_T_wilhelma_c32405_g1_i6|m.47715	Ggal_XP_040560173.1	37.0	S	0.0
Aque_XP_003390430.1	Ggal_XP_040560173.1	37.0	S	0.0
Twil_T_wilhelma_c32405_g1_i2|m.47711	Ggal_XP_040560173.1	37.0	S	0.0
Twil_T_wilhelma_c32405_g1_i3|m.47712	Ggal_XP_040560173.1	37.0	S	0.0
Aque_XP_003385276.1	Ggal_XP_040560173.1	37.0	S	0.0
Mlei_ML11821a-PA	Ggal_XP_040560173.1	37.0	S	0.0
Twil_T_wilhelma_c32405_g1_i5|m.47714	Ggal_XP_040560173.1	37.0	S	0.0
Tadh_XP_002118456.1	Ggal_XP_040560173.1	37.0	S	0.0
Scil_XP_065198767.1	Ggal_XP_040560173.1	37.0	S	0.0
Twil_T_wilhelma_c32405_g1_i1|m.47710	Ggal_XP_040560173.1	37.0	S	0.0
Lcom_lcpid72575|	Smed_h1SMcT0005103.4	37.0	S	0.0
Twil_T_wilhelma_c32405_g1_i6|m.47715	Smed_h1SMcT0005103.4	37.0	S	0.0
Aque_XP_003390430.1	Smed_h1SMcT0005103.4	37.0	S	0.0
Twil_T_wilhelma_c32405_g1_i2|m.47711	Smed_h1SMcT0005103.4	37.0	S	0.0
Twil_T_wilhelma_c32405_g1_i3|m.47712	Smed_h1SMcT0005103.4	37.0	S	0.0
Aque_XP_003385276.1	Smed_h1SMcT0005103.4	37.0	S	0.0
Mlei_ML11821a-PA	Smed_h1SMcT0005103.4	37.0	S	0.0
Twil_T_wilhelma_c32405_g1_i5|m.47714	Smed_h1SMcT0005103.4	37.0	S	0.0
Tadh_XP_002118456.1	Smed_h1SMcT0005103.4	37.0	S	0.0
Scil_XP_065198767.1	Smed_h1SMcT0005103.4	37.0	S	0.0
Twil_T_wilhelma_c32405_g1_i1|m.47710	Smed_h1SMcT0005103.4	37.0	S	0.0
Lcom_lcpid72575|	Ggal_XP_040560171.1	37.0	S	0.0
Twil_T_wilhelma_c32405_g1_i6|m.47715	Ggal_XP_040560171.1	37.0	S	0.0
Aque_XP_003390430.1	Ggal_XP_040560171.1	37.0	S	0.0
Twil_T_wilhelma_c32405_g1_i2|m.47711	Ggal_XP_040560171.1	37.0	S	0.0
Twil_T_wilhelma_c32405_g1_i3|m.47712	Ggal_XP_040560171.1	37.0	S	0.0
Aque_XP_003385276.1	Ggal_XP_040560171.1	37.0	S	0.0
Mlei_ML11821a-PA	Ggal_XP_040560171.1	37.0	S	0.0
Twil_T_wilhelma_c32405_g1_i5|m.47714	Ggal_XP_040560171.1	37.0	S	0.0
Tadh_XP_002118456.1	Ggal_XP_040560171.1	37.0	S	0.0
Scil_XP_065198767.1	Ggal_XP_040560171.1	37.0	S	0.0
Twil_T_wilhelma_c32405_g1_i1|m.47710	Ggal_XP_040560171.1	37.0	S	0.0
Lcom_lcpid72575|	Smed_h1SMcT0005103.2	37.0	S	0.0
Twil_T_wilhelma_c32405_g1_i6|m.47715	Smed_h1SMcT0005103.2	37.0	S	0.0
Aque_XP_003390430.1	Smed_h1SMcT0005103.2	37.0	S	0.0
Twil_T_wilhelma_c32405_g1_i2|m.47711	Smed_h1SMcT0005103.2	37.0	S	0.0
Twil_T_wilhelma_c32405_g1_i3|m.47712	Smed_h1SMcT0005103.2	37.0	S	0.0
Aque_XP_003385276.1	Smed_h1SMcT0005103.2	37.0	S	0.0
Mlei_ML11821a-PA	Smed_h1SMcT0005103.2	37.0	S	0.0
Twil_T_wilhelma_c32405_g1_i5|m.47714	Smed_h1SMcT0005103.2	37.0	S	0.0
Tadh_XP_002118456.1	Smed_h1SMcT0005103.2	37.0	S	0.0
Scil_XP_065198767.1	Smed_h1SMcT0005103.2	37.0	S	0.0
Twil_T_wilhelma_c32405_g1_i1|m.47710	Smed_h1SMcT0005103.2	37.0	S	0.0
Lcom_lcpid72575|	Ggal_XP_040560167.1	37.0	S	0.0
Twil_T_wilhelma_c32405_g1_i6|m.47715	Ggal_XP_040560167.1	37.0	S	0.0
Aque_XP_003390430.1	Ggal_XP_040560167.1	37.0	S	0.0
Twil_T_wilhelma_c32405_g1_i2|m.47711	Ggal_XP_040560167.1	37.0	S	0.0
Twil_T_wilhelma_c32405_g1_i3|m.47712	Ggal_XP_040560167.1	37.0	S	0.0
Aque_XP_003385276.1	Ggal_XP_040560167.1	37.0	S	0.0
Mlei_ML11821a-PA	Ggal_XP_040560167.1	37.0	S	0.0
Twil_T_wilhelma_c32405_g1_i5|m.47714	Ggal_XP_040560167.1	37.0	S	0.0
Tadh_XP_002118456.1	Ggal_XP_040560167.1	37.0	S	0.0
Scil_XP_065198767.1	Ggal_XP_040560167.1	37.0	S	0.0
Twil_T_wilhelma_c32405_g1_i1|m.47710	Ggal_XP_040560167.1	37.0	S	0.0
Lcom_lcpid72575|	Spur_XP_030855882.1	37.0	S	0.0
Twil_T_wilhelma_c32405_g1_i6|m.47715	Spur_XP_030855882.1	37.0	S	0.0
Aque_XP_003390430.1	Spur_XP_030855882.1	37.0	S	0.0
Twil_T_wilhelma_c32405_g1_i2|m.47711	Spur_XP_030855882.1	37.0	S	0.0
Twil_T_wilhelma_c32405_g1_i3|m.47712	Spur_XP_030855882.1	37.0	S	0.0
Aque_XP_003385276.1	Spur_XP_030855882.1	37.0	S	0.0
Mlei_ML11821a-PA	Spur_XP_030855882.1	37.0	S	0.0
Twil_T_wilhelma_c32405_g1_i5|m.47714	Spur_XP_030855882.1	37.0	S	0.0
Tadh_XP_002118456.1	Spur_XP_030855882.1	37.0	S	0.0
Scil_XP_065198767.1	Spur_XP_030855882.1	37.0	S	0.0
Twil_T_wilhelma_c32405_g1_i1|m.47710	Spur_XP_030855882.1	37.0	S	0.0
Lcom_lcpid72575|	Aplcal_XP_005095742.2	37.0	S	0.0
Twil_T_wilhelma_c32405_g1_i6|m.47715	Aplcal_XP_005095742.2	37.0	S	0.0
Aque_XP_003390430.1	Aplcal_XP_005095742.2	37.0	S	0.0
Twil_T_wilhelma_c32405_g1_i2|m.47711	Aplcal_XP_005095742.2	37.0	S	0.0
Twil_T_wilhelma_c32405_g1_i3|m.47712	Aplcal_XP_005095742.2	37.0	S	0.0
Aque_XP_003385276.1	Aplcal_XP_005095742.2	37.0	S	0.0
Mlei_ML11821a-PA	Aplcal_XP_005095742.2	37.0	S	0.0
Twil_T_wilhelma_c32405_g1_i5|m.47714	Aplcal_XP_005095742.2	37.0	S	0.0
Tadh_XP_002118456.1	Aplcal_XP_005095742.2	37.0	S	0.0
Scil_XP_065198767.1	Aplcal_XP_005095742.2	37.0	S	0.0
Twil_T_wilhelma_c32405_g1_i1|m.47710	Aplcal_XP_005095742.2	37.0	S	0.0
Lcom_lcpid72575|	Hsap_XP_047304876.1	37.0	S	0.0
Twil_T_wilhelma_c32405_g1_i6|m.47715	Hsap_XP_047304876.1	37.0	S	0.0
Aque_XP_003390430.1	Hsap_XP_047304876.1	37.0	S	0.0
Twil_T_wilhelma_c32405_g1_i2|m.47711	Hsap_XP_047304876.1	37.0	S	0.0
Twil_T_wilhelma_c32405_g1_i3|m.47712	Hsap_XP_047304876.1	37.0	S	0.0
Aque_XP_003385276.1	Hsap_XP_047304876.1	37.0	S	0.0
Mlei_ML11821a-PA	Hsap_XP_047304876.1	37.0	S	0.0
Twil_T_wilhelma_c32405_g1_i5|m.47714	Hsap_XP_047304876.1	37.0	S	0.0
Tadh_XP_002118456.1	Hsap_XP_047304876.1	37.0	S	0.0
Scil_XP_065198767.1	Hsap_XP_047304876.1	37.0	S	0.0
Twil_T_wilhelma_c32405_g1_i1|m.47710	Hsap_XP_047304876.1	37.0	S	0.0
Lcom_lcpid72575|	Lpol_XP_022239788.1	37.0	S	0.0
Twil_T_wilhelma_c32405_g1_i6|m.47715	Lpol_XP_022239788.1	37.0	S	0.0
Aque_XP_003390430.1	Lpol_XP_022239788.1	37.0	S	0.0
Twil_T_wilhelma_c32405_g1_i2|m.47711	Lpol_XP_022239788.1	37.0	S	0.0
Twil_T_wilhelma_c32405_g1_i3|m.47712	Lpol_XP_022239788.1	37.0	S	0.0
Aque_XP_003385276.1	Lpol_XP_022239788.1	37.0	S	0.0
Mlei_ML11821a-PA	Lpol_XP_022239788.1	37.0	S	0.0
Twil_T_wilhelma_c32405_g1_i5|m.47714	Lpol_XP_022239788.1	37.0	S	0.0
Tadh_XP_002118456.1	Lpol_XP_022239788.1	37.0	S	0.0
Scil_XP_065198767.1	Lpol_XP_022239788.1	37.0	S	0.0
Twil_T_wilhelma_c32405_g1_i1|m.47710	Lpol_XP_022239788.1	37.0	S	0.0
Lcom_lcpid72575|	Agrpla_XP_025832966.1	37.0	S	0.0
Twil_T_wilhelma_c32405_g1_i6|m.47715	Agrpla_XP_025832966.1	37.0	S	0.0
Aque_XP_003390430.1	Agrpla_XP_025832966.1	37.0	S	0.0
Twil_T_wilhelma_c32405_g1_i2|m.47711	Agrpla_XP_025832966.1	37.0	S	0.0
Twil_T_wilhelma_c32405_g1_i3|m.47712	Agrpla_XP_025832966.1	37.0	S	0.0
Aque_XP_003385276.1	Agrpla_XP_025832966.1	37.0	S	0.0
Mlei_ML11821a-PA	Agrpla_XP_025832966.1	37.0	S	0.0
Twil_T_wilhelma_c32405_g1_i5|m.47714	Agrpla_XP_025832966.1	37.0	S	0.0
Tadh_XP_002118456.1	Agrpla_XP_025832966.1	37.0	S	0.0
Scil_XP_065198767.1	Agrpla_XP_025832966.1	37.0	S	0.0
Twil_T_wilhelma_c32405_g1_i1|m.47710	Agrpla_XP_025832966.1	37.0	S	0.0
Lcom_lcpid72575|	Pvan_XP_069969518.1	37.0	S	0.0
Twil_T_wilhelma_c32405_g1_i6|m.47715	Pvan_XP_069969518.1	37.0	S	0.0
Aque_XP_003390430.1	Pvan_XP_069969518.1	37.0	S	0.0
Twil_T_wilhelma_c32405_g1_i2|m.47711	Pvan_XP_069969518.1	37.0	S	0.0
Twil_T_wilhelma_c32405_g1_i3|m.47712	Pvan_XP_069969518.1	37.0	S	0.0
Aque_XP_003385276.1	Pvan_XP_069969518.1	37.0	S	0.0
Mlei_ML11821a-PA	Pvan_XP_069969518.1	37.0	S	0.0
Twil_T_wilhelma_c32405_g1_i5|m.47714	Pvan_XP_069969518.1	37.0	S	0.0
Tadh_XP_002118456.1	Pvan_XP_069969518.1	37.0	S	0.0
Scil_XP_065198767.1	Pvan_XP_069969518.1	37.0	S	0.0
Twil_T_wilhelma_c32405_g1_i1|m.47710	Pvan_XP_069969518.1	37.0	S	0.0
Lcom_lcpid72575|	Hsap_XP_047304874.1	37.0	S	0.0
Twil_T_wilhelma_c32405_g1_i6|m.47715	Hsap_XP_047304874.1	37.0	S	0.0
Aque_XP_003390430.1	Hsap_XP_047304874.1	37.0	S	0.0
Twil_T_wilhelma_c32405_g1_i2|m.47711	Hsap_XP_047304874.1	37.0	S	0.0
Twil_T_wilhelma_c32405_g1_i3|m.47712	Hsap_XP_047304874.1	37.0	S	0.0
Aque_XP_003385276.1	Hsap_XP_047304874.1	37.0	S	0.0
Mlei_ML11821a-PA	Hsap_XP_047304874.1	37.0	S	0.0
Twil_T_wilhelma_c32405_g1_i5|m.47714	Hsap_XP_047304874.1	37.0	S	0.0
Tadh_XP_002118456.1	Hsap_XP_047304874.1	37.0	S	0.0
Scil_XP_065198767.1	Hsap_XP_047304874.1	37.0	S	0.0
Twil_T_wilhelma_c32405_g1_i1|m.47710	Hsap_XP_047304874.1	37.0	S	0.0
Lcom_lcpid72575|	Cvir_XP_022288659.1	37.0	S	0.0
Twil_T_wilhelma_c32405_g1_i6|m.47715	Cvir_XP_022288659.1	37.0	S	0.0
Aque_XP_003390430.1	Cvir_XP_022288659.1	37.0	S	0.0
Twil_T_wilhelma_c32405_g1_i2|m.47711	Cvir_XP_022288659.1	37.0	S	0.0
Twil_T_wilhelma_c32405_g1_i3|m.47712	Cvir_XP_022288659.1	37.0	S	0.0
Aque_XP_003385276.1	Cvir_XP_022288659.1	37.0	S	0.0
Mlei_ML11821a-PA	Cvir_XP_022288659.1	37.0	S	0.0
Twil_T_wilhelma_c32405_g1_i5|m.47714	Cvir_XP_022288659.1	37.0	S	0.0
Tadh_XP_002118456.1	Cvir_XP_022288659.1	37.0	S	0.0
Scil_XP_065198767.1	Cvir_XP_022288659.1	37.0	S	0.0
Twil_T_wilhelma_c32405_g1_i1|m.47710	Cvir_XP_022288659.1	37.0	S	0.0
Lcom_lcpid72575|	Hsap_XP_047304875.1	37.0	S	0.0
Twil_T_wilhelma_c32405_g1_i6|m.47715	Hsap_XP_047304875.1	37.0	S	0.0
Aque_XP_003390430.1	Hsap_XP_047304875.1	37.0	S	0.0
Twil_T_wilhelma_c32405_g1_i2|m.47711	Hsap_XP_047304875.1	37.0	S	0.0
Twil_T_wilhelma_c32405_g1_i3|m.47712	Hsap_XP_047304875.1	37.0	S	0.0
Aque_XP_003385276.1	Hsap_XP_047304875.1	37.0	S	0.0
Mlei_ML11821a-PA	Hsap_XP_047304875.1	37.0	S	0.0
Twil_T_wilhelma_c32405_g1_i5|m.47714	Hsap_XP_047304875.1	37.0	S	0.0
Tadh_XP_002118456.1	Hsap_XP_047304875.1	37.0	S	0.0
Scil_XP_065198767.1	Hsap_XP_047304875.1	37.0	S	0.0
Twil_T_wilhelma_c32405_g1_i1|m.47710	Hsap_XP_047304875.1	37.0	S	0.0
Lcom_lcpid72575|	Ggal_XP_040560166.1	37.0	S	0.0
Twil_T_wilhelma_c32405_g1_i6|m.47715	Ggal_XP_040560166.1	37.0	S	0.0
Aque_XP_003390430.1	Ggal_XP_040560166.1	37.0	S	0.0
Twil_T_wilhelma_c32405_g1_i2|m.47711	Ggal_XP_040560166.1	37.0	S	0.0
Twil_T_wilhelma_c32405_g1_i3|m.47712	Ggal_XP_040560166.1	37.0	S	0.0
Aque_XP_003385276.1	Ggal_XP_040560166.1	37.0	S	0.0
Mlei_ML11821a-PA	Ggal_XP_040560166.1	37.0	S	0.0
Twil_T_wilhelma_c32405_g1_i5|m.47714	Ggal_XP_040560166.1	37.0	S	0.0
Tadh_XP_002118456.1	Ggal_XP_040560166.1	37.0	S	0.0
Scil_XP_065198767.1	Ggal_XP_040560166.1	37.0	S	0.0
Twil_T_wilhelma_c32405_g1_i1|m.47710	Ggal_XP_040560166.1	37.0	S	0.0
Lcom_lcpid72575|	Bmor_XP_004921852.1	37.0	S	0.0
Twil_T_wilhelma_c32405_g1_i6|m.47715	Bmor_XP_004921852.1	37.0	S	0.0
Aque_XP_003390430.1	Bmor_XP_004921852.1	37.0	S	0.0
Twil_T_wilhelma_c32405_g1_i2|m.47711	Bmor_XP_004921852.1	37.0	S	0.0
Twil_T_wilhelma_c32405_g1_i3|m.47712	Bmor_XP_004921852.1	37.0	S	0.0
Aque_XP_003385276.1	Bmor_XP_004921852.1	37.0	S	0.0
Mlei_ML11821a-PA	Bmor_XP_004921852.1	37.0	S	0.0
Twil_T_wilhelma_c32405_g1_i5|m.47714	Bmor_XP_004921852.1	37.0	S	0.0
Tadh_XP_002118456.1	Bmor_XP_004921852.1	37.0	S	0.0
Scil_XP_065198767.1	Bmor_XP_004921852.1	37.0	S	0.0
Twil_T_wilhelma_c32405_g1_i1|m.47710	Bmor_XP_004921852.1	37.0	S	0.0
Lcom_lcpid72575|	Hsap_NP_078886.2	37.0	S	0.0
Twil_T_wilhelma_c32405_g1_i6|m.47715	Hsap_NP_078886.2	37.0	S	0.0
Aque_XP_003390430.1	Hsap_NP_078886.2	37.0	S	0.0
Twil_T_wilhelma_c32405_g1_i2|m.47711	Hsap_NP_078886.2	37.0	S	0.0
Twil_T_wilhelma_c32405_g1_i3|m.47712	Hsap_NP_078886.2	37.0	S	0.0
Aque_XP_003385276.1	Hsap_NP_078886.2	37.0	S	0.0
Mlei_ML11821a-PA	Hsap_NP_078886.2	37.0	S	0.0
Twil_T_wilhelma_c32405_g1_i5|m.47714	Hsap_NP_078886.2	37.0	S	0.0
Tadh_XP_002118456.1	Hsap_NP_078886.2	37.0	S	0.0
Scil_XP_065198767.1	Hsap_NP_078886.2	37.0	S	0.0
Twil_T_wilhelma_c32405_g1_i1|m.47710	Hsap_NP_078886.2	37.0	S	0.0
Lcom_lcpid72575|	Ofus_CAH1775754.1	37.0	S	0.0
Twil_T_wilhelma_c32405_g1_i6|m.47715	Ofus_CAH1775754.1	37.0	S	0.0
Aque_XP_003390430.1	Ofus_CAH1775754.1	37.0	S	0.0
Twil_T_wilhelma_c32405_g1_i2|m.47711	Ofus_CAH1775754.1	37.0	S	0.0
Twil_T_wilhelma_c32405_g1_i3|m.47712	Ofus_CAH1775754.1	37.0	S	0.0
Aque_XP_003385276.1	Ofus_CAH1775754.1	37.0	S	0.0
Mlei_ML11821a-PA	Ofus_CAH1775754.1	37.0	S	0.0
Twil_T_wilhelma_c32405_g1_i5|m.47714	Ofus_CAH1775754.1	37.0	S	0.0
Tadh_XP_002118456.1	Ofus_CAH1775754.1	37.0	S	0.0
Scil_XP_065198767.1	Ofus_CAH1775754.1	37.0	S	0.0
Twil_T_wilhelma_c32405_g1_i1|m.47710	Ofus_CAH1775754.1	37.0	S	0.0
Lcom_lcpid72575|	Drer_XP_021334317.1	37.0	S	0.0
Twil_T_wilhelma_c32405_g1_i6|m.47715	Drer_XP_021334317.1	37.0	S	0.0
Aque_XP_003390430.1	Drer_XP_021334317.1	37.0	S	0.0
Twil_T_wilhelma_c32405_g1_i2|m.47711	Drer_XP_021334317.1	37.0	S	0.0
Twil_T_wilhelma_c32405_g1_i3|m.47712	Drer_XP_021334317.1	37.0	S	0.0
Aque_XP_003385276.1	Drer_XP_021334317.1	37.0	S	0.0
Mlei_ML11821a-PA	Drer_XP_021334317.1	37.0	S	0.0
Twil_T_wilhelma_c32405_g1_i5|m.47714	Drer_XP_021334317.1	37.0	S	0.0
Tadh_XP_002118456.1	Drer_XP_021334317.1	37.0	S	0.0
Scil_XP_065198767.1	Drer_XP_021334317.1	37.0	S	0.0
Twil_T_wilhelma_c32405_g1_i1|m.47710	Drer_XP_021334317.1	37.0	S	0.0
Lcom_lcpid72575|	Ggal_XP_040560165.1	37.0	S	0.0
Twil_T_wilhelma_c32405_g1_i6|m.47715	Ggal_XP_040560165.1	37.0	S	0.0
Aque_XP_003390430.1	Ggal_XP_040560165.1	37.0	S	0.0
Twil_T_wilhelma_c32405_g1_i2|m.47711	Ggal_XP_040560165.1	37.0	S	0.0
Twil_T_wilhelma_c32405_g1_i3|m.47712	Ggal_XP_040560165.1	37.0	S	0.0
Aque_XP_003385276.1	Ggal_XP_040560165.1	37.0	S	0.0
Mlei_ML11821a-PA	Ggal_XP_040560165.1	37.0	S	0.0
Twil_T_wilhelma_c32405_g1_i5|m.47714	Ggal_XP_040560165.1	37.0	S	0.0
Tadh_XP_002118456.1	Ggal_XP_040560165.1	37.0	S	0.0
Scil_XP_065198767.1	Ggal_XP_040560165.1	37.0	S	0.0
Twil_T_wilhelma_c32405_g1_i1|m.47710	Ggal_XP_040560165.1	37.0	S	0.0
Lcom_lcpid72575|	Ggal_XP_040560170.1	37.0	S	0.0
Twil_T_wilhelma_c32405_g1_i6|m.47715	Ggal_XP_040560170.1	37.0	S	0.0
Aque_XP_003390430.1	Ggal_XP_040560170.1	37.0	S	0.0
Twil_T_wilhelma_c32405_g1_i2|m.47711	Ggal_XP_040560170.1	37.0	S	0.0
Twil_T_wilhelma_c32405_g1_i3|m.47712	Ggal_XP_040560170.1	37.0	S	0.0
Aque_XP_003385276.1	Ggal_XP_040560170.1	37.0	S	0.0
Mlei_ML11821a-PA	Ggal_XP_040560170.1	37.0	S	0.0
Twil_T_wilhelma_c32405_g1_i5|m.47714	Ggal_XP_040560170.1	37.0	S	0.0
Tadh_XP_002118456.1	Ggal_XP_040560170.1	37.0	S	0.0
Scil_XP_065198767.1	Ggal_XP_040560170.1	37.0	S	0.0
Twil_T_wilhelma_c32405_g1_i1|m.47710	Ggal_XP_040560170.1	37.0	S	0.0
Lcom_lcpid72575|	Obim_XP_052822003.1	37.0	S	0.0
Twil_T_wilhelma_c32405_g1_i6|m.47715	Obim_XP_052822003.1	37.0	S	0.0
Aque_XP_003390430.1	Obim_XP_052822003.1	37.0	S	0.0
Twil_T_wilhelma_c32405_g1_i2|m.47711	Obim_XP_052822003.1	37.0	S	0.0
Twil_T_wilhelma_c32405_g1_i3|m.47712	Obim_XP_052822003.1	37.0	S	0.0
Aque_XP_003385276.1	Obim_XP_052822003.1	37.0	S	0.0
Mlei_ML11821a-PA	Obim_XP_052822003.1	37.0	S	0.0
Twil_T_wilhelma_c32405_g1_i5|m.47714	Obim_XP_052822003.1	37.0	S	0.0
Tadh_XP_002118456.1	Obim_XP_052822003.1	37.0	S	0.0
Scil_XP_065198767.1	Obim_XP_052822003.1	37.0	S	0.0
Twil_T_wilhelma_c32405_g1_i1|m.47710	Obim_XP_052822003.1	37.0	S	0.0
Lcom_lcpid72575|	Ggal_XP_015145483.2	37.0	S	0.0
Twil_T_wilhelma_c32405_g1_i6|m.47715	Ggal_XP_015145483.2	37.0	S	0.0
Aque_XP_003390430.1	Ggal_XP_015145483.2	37.0	S	0.0
Twil_T_wilhelma_c32405_g1_i2|m.47711	Ggal_XP_015145483.2	37.0	S	0.0
Twil_T_wilhelma_c32405_g1_i3|m.47712	Ggal_XP_015145483.2	37.0	S	0.0
Aque_XP_003385276.1	Ggal_XP_015145483.2	37.0	S	0.0
Mlei_ML11821a-PA	Ggal_XP_015145483.2	37.0	S	0.0
Twil_T_wilhelma_c32405_g1_i5|m.47714	Ggal_XP_015145483.2	37.0	S	0.0
Tadh_XP_002118456.1	Ggal_XP_015145483.2	37.0	S	0.0
Scil_XP_065198767.1	Ggal_XP_015145483.2	37.0	S	0.0
Twil_T_wilhelma_c32405_g1_i1|m.47710	Ggal_XP_015145483.2	37.0	S	0.0
Lcom_lcpid72575|	Obim_XP_052822001.1	37.0	S	0.0
Twil_T_wilhelma_c32405_g1_i6|m.47715	Obim_XP_052822001.1	37.0	S	0.0
Aque_XP_003390430.1	Obim_XP_052822001.1	37.0	S	0.0
Twil_T_wilhelma_c32405_g1_i2|m.47711	Obim_XP_052822001.1	37.0	S	0.0
Twil_T_wilhelma_c32405_g1_i3|m.47712	Obim_XP_052822001.1	37.0	S	0.0
Aque_XP_003385276.1	Obim_XP_052822001.1	37.0	S	0.0
Mlei_ML11821a-PA	Obim_XP_052822001.1	37.0	S	0.0
Twil_T_wilhelma_c32405_g1_i5|m.47714	Obim_XP_052822001.1	37.0	S	0.0
Tadh_XP_002118456.1	Obim_XP_052822001.1	37.0	S	0.0
Scil_XP_065198767.1	Obim_XP_052822001.1	37.0	S	0.0
Twil_T_wilhelma_c32405_g1_i1|m.47710	Obim_XP_052822001.1	37.0	S	0.0
Lcom_lcpid72575|	Ggal_XP_040560168.1	37.0	S	0.0
Twil_T_wilhelma_c32405_g1_i6|m.47715	Ggal_XP_040560168.1	37.0	S	0.0
Aque_XP_003390430.1	Ggal_XP_040560168.1	37.0	S	0.0
Twil_T_wilhelma_c32405_g1_i2|m.47711	Ggal_XP_040560168.1	37.0	S	0.0
Twil_T_wilhelma_c32405_g1_i3|m.47712	Ggal_XP_040560168.1	37.0	S	0.0
Aque_XP_003385276.1	Ggal_XP_040560168.1	37.0	S	0.0
Mlei_ML11821a-PA	Ggal_XP_040560168.1	37.0	S	0.0
Twil_T_wilhelma_c32405_g1_i5|m.47714	Ggal_XP_040560168.1	37.0	S	0.0
Tadh_XP_002118456.1	Ggal_XP_040560168.1	37.0	S	0.0
Scil_XP_065198767.1	Ggal_XP_040560168.1	37.0	S	0.0
Twil_T_wilhelma_c32405_g1_i1|m.47710	Ggal_XP_040560168.1	37.0	S	0.0
Lcom_lcpid72575|	Ggal_XP_046799733.1	37.0	S	0.0
Twil_T_wilhelma_c32405_g1_i6|m.47715	Ggal_XP_046799733.1	37.0	S	0.0
Aque_XP_003390430.1	Ggal_XP_046799733.1	37.0	S	0.0
Twil_T_wilhelma_c32405_g1_i2|m.47711	Ggal_XP_046799733.1	37.0	S	0.0
Twil_T_wilhelma_c32405_g1_i3|m.47712	Ggal_XP_046799733.1	37.0	S	0.0
Aque_XP_003385276.1	Ggal_XP_046799733.1	37.0	S	0.0
Mlei_ML11821a-PA	Ggal_XP_046799733.1	37.0	S	0.0
Twil_T_wilhelma_c32405_g1_i5|m.47714	Ggal_XP_046799733.1	37.0	S	0.0
Tadh_XP_002118456.1	Ggal_XP_046799733.1	37.0	S	0.0
Scil_XP_065198767.1	Ggal_XP_046799733.1	37.0	S	0.0
Twil_T_wilhelma_c32405_g1_i1|m.47710	Ggal_XP_046799733.1	37.0	S	0.0
Lcom_lcpid72575|	Drer_XP_005167885.1	37.0	S	0.0
Twil_T_wilhelma_c32405_g1_i6|m.47715	Drer_XP_005167885.1	37.0	S	0.0
Aque_XP_003390430.1	Drer_XP_005167885.1	37.0	S	0.0
Twil_T_wilhelma_c32405_g1_i2|m.47711	Drer_XP_005167885.1	37.0	S	0.0
Twil_T_wilhelma_c32405_g1_i3|m.47712	Drer_XP_005167885.1	37.0	S	0.0
Aque_XP_003385276.1	Drer_XP_005167885.1	37.0	S	0.0
Mlei_ML11821a-PA	Drer_XP_005167885.1	37.0	S	0.0
Twil_T_wilhelma_c32405_g1_i5|m.47714	Drer_XP_005167885.1	37.0	S	0.0
Tadh_XP_002118456.1	Drer_XP_005167885.1	37.0	S	0.0
Scil_XP_065198767.1	Drer_XP_005167885.1	37.0	S	0.0
Twil_T_wilhelma_c32405_g1_i1|m.47710	Drer_XP_005167885.1	37.0	S	0.0
Lcom_lcpid72575|	Smar_SMAR012789-PA	37.0	S	0.0
Twil_T_wilhelma_c32405_g1_i6|m.47715	Smar_SMAR012789-PA	37.0	S	0.0
Aque_XP_003390430.1	Smar_SMAR012789-PA	37.0	S	0.0
Twil_T_wilhelma_c32405_g1_i2|m.47711	Smar_SMAR012789-PA	37.0	S	0.0
Twil_T_wilhelma_c32405_g1_i3|m.47712	Smar_SMAR012789-PA	37.0	S	0.0
Aque_XP_003385276.1	Smar_SMAR012789-PA	37.0	S	0.0
Mlei_ML11821a-PA	Smar_SMAR012789-PA	37.0	S	0.0
Twil_T_wilhelma_c32405_g1_i5|m.47714	Smar_SMAR012789-PA	37.0	S	0.0
Tadh_XP_002118456.1	Smar_SMAR012789-PA	37.0	S	0.0
Scil_XP_065198767.1	Smar_SMAR012789-PA	37.0	S	0.0
Twil_T_wilhelma_c32405_g1_i1|m.47710	Smar_SMAR012789-PA	37.0	S	0.0
Lcom_lcpid72575|	Sman_XP_018650624.1	37.0	S	0.0
Twil_T_wilhelma_c32405_g1_i6|m.47715	Sman_XP_018650624.1	37.0	S	0.0
Aque_XP_003390430.1	Sman_XP_018650624.1	37.0	S	0.0
Twil_T_wilhelma_c32405_g1_i2|m.47711	Sman_XP_018650624.1	37.0	S	0.0
Twil_T_wilhelma_c32405_g1_i3|m.47712	Sman_XP_018650624.1	37.0	S	0.0
Aque_XP_003385276.1	Sman_XP_018650624.1	37.0	S	0.0
Mlei_ML11821a-PA	Sman_XP_018650624.1	37.0	S	0.0
Twil_T_wilhelma_c32405_g1_i5|m.47714	Sman_XP_018650624.1	37.0	S	0.0
Tadh_XP_002118456.1	Sman_XP_018650624.1	37.0	S	0.0
Scil_XP_065198767.1	Sman_XP_018650624.1	37.0	S	0.0
Twil_T_wilhelma_c32405_g1_i1|m.47710	Sman_XP_018650624.1	37.0	S	0.0
Lcom_lcpid72575|	Lana_XP_013413884.1	37.0	S	0.0
Twil_T_wilhelma_c32405_g1_i6|m.47715	Lana_XP_013413884.1	37.0	S	0.0
Aque_XP_003390430.1	Lana_XP_013413884.1	37.0	S	0.0
Twil_T_wilhelma_c32405_g1_i2|m.47711	Lana_XP_013413884.1	37.0	S	0.0
Twil_T_wilhelma_c32405_g1_i3|m.47712	Lana_XP_013413884.1	37.0	S	0.0
Aque_XP_003385276.1	Lana_XP_013413884.1	37.0	S	0.0
Mlei_ML11821a-PA	Lana_XP_013413884.1	37.0	S	0.0
Twil_T_wilhelma_c32405_g1_i5|m.47714	Lana_XP_013413884.1	37.0	S	0.0
Tadh_XP_002118456.1	Lana_XP_013413884.1	37.0	S	0.0
Scil_XP_065198767.1	Lana_XP_013413884.1	37.0	S	0.0
Twil_T_wilhelma_c32405_g1_i1|m.47710	Lana_XP_013413884.1	37.0	S	0.0
Lcom_lcpid72575|	Hsap_NP_001307657.1	37.0	S	0.0
Twil_T_wilhelma_c32405_g1_i6|m.47715	Hsap_NP_001307657.1	37.0	S	0.0
Aque_XP_003390430.1	Hsap_NP_001307657.1	37.0	S	0.0
Twil_T_wilhelma_c32405_g1_i2|m.47711	Hsap_NP_001307657.1	37.0	S	0.0
Twil_T_wilhelma_c32405_g1_i3|m.47712	Hsap_NP_001307657.1	37.0	S	0.0
Aque_XP_003385276.1	Hsap_NP_001307657.1	37.0	S	0.0
Mlei_ML11821a-PA	Hsap_NP_001307657.1	37.0	S	0.0
Twil_T_wilhelma_c32405_g1_i5|m.47714	Hsap_NP_001307657.1	37.0	S	0.0
Tadh_XP_002118456.1	Hsap_NP_001307657.1	37.0	S	0.0
Scil_XP_065198767.1	Hsap_NP_001307657.1	37.0	S	0.0
Twil_T_wilhelma_c32405_g1_i1|m.47710	Hsap_NP_001307657.1	37.0	S	0.0
Lcom_lcpid72575|	Drer_NP_001003777.1	37.0	S	0.0
Twil_T_wilhelma_c32405_g1_i6|m.47715	Drer_NP_001003777.1	37.0	S	0.0
Aque_XP_003390430.1	Drer_NP_001003777.1	37.0	S	0.0
Twil_T_wilhelma_c32405_g1_i2|m.47711	Drer_NP_001003777.1	37.0	S	0.0
Twil_T_wilhelma_c32405_g1_i3|m.47712	Drer_NP_001003777.1	37.0	S	0.0
Aque_XP_003385276.1	Drer_NP_001003777.1	37.0	S	0.0
Mlei_ML11821a-PA	Drer_NP_001003777.1	37.0	S	0.0
Twil_T_wilhelma_c32405_g1_i5|m.47714	Drer_NP_001003777.1	37.0	S	0.0
Tadh_XP_002118456.1	Drer_NP_001003777.1	37.0	S	0.0
Scil_XP_065198767.1	Drer_NP_001003777.1	37.0	S	0.0
Twil_T_wilhelma_c32405_g1_i1|m.47710	Drer_NP_001003777.1	37.0	S	0.0
Lcom_lcpid72575|	Agrpla_XP_018334326.1	37.0	S	0.0
Twil_T_wilhelma_c32405_g1_i6|m.47715	Agrpla_XP_018334326.1	37.0	S	0.0
Aque_XP_003390430.1	Agrpla_XP_018334326.1	37.0	S	0.0
Twil_T_wilhelma_c32405_g1_i2|m.47711	Agrpla_XP_018334326.1	37.0	S	0.0
Twil_T_wilhelma_c32405_g1_i3|m.47712	Agrpla_XP_018334326.1	37.0	S	0.0
Aque_XP_003385276.1	Agrpla_XP_018334326.1	37.0	S	0.0
Mlei_ML11821a-PA	Agrpla_XP_018334326.1	37.0	S	0.0
Twil_T_wilhelma_c32405_g1_i5|m.47714	Agrpla_XP_018334326.1	37.0	S	0.0
Tadh_XP_002118456.1	Agrpla_XP_018334326.1	37.0	S	0.0
Scil_XP_065198767.1	Agrpla_XP_018334326.1	37.0	S	0.0
Twil_T_wilhelma_c32405_g1_i1|m.47710	Agrpla_XP_018334326.1	37.0	S	0.0
Lcom_lcpid72575|	Ggal_XP_040560169.1	37.0	S	0.0
Twil_T_wilhelma_c32405_g1_i6|m.47715	Ggal_XP_040560169.1	37.0	S	0.0
Aque_XP_003390430.1	Ggal_XP_040560169.1	37.0	S	0.0
Twil_T_wilhelma_c32405_g1_i2|m.47711	Ggal_XP_040560169.1	37.0	S	0.0
Twil_T_wilhelma_c32405_g1_i3|m.47712	Ggal_XP_040560169.1	37.0	S	0.0
Aque_XP_003385276.1	Ggal_XP_040560169.1	37.0	S	0.0
Mlei_ML11821a-PA	Ggal_XP_040560169.1	37.0	S	0.0
Twil_T_wilhelma_c32405_g1_i5|m.47714	Ggal_XP_040560169.1	37.0	S	0.0
Tadh_XP_002118456.1	Ggal_XP_040560169.1	37.0	S	0.0
Scil_XP_065198767.1	Ggal_XP_040560169.1	37.0	S	0.0
Twil_T_wilhelma_c32405_g1_i1|m.47710	Ggal_XP_040560169.1	37.0	S	0.0
Lcom_lcpid72575|	Ggal_XP_040560172.1	37.0	S	0.0
Twil_T_wilhelma_c32405_g1_i6|m.47715	Ggal_XP_040560172.1	37.0	S	0.0
Aque_XP_003390430.1	Ggal_XP_040560172.1	37.0	S	0.0
Twil_T_wilhelma_c32405_g1_i2|m.47711	Ggal_XP_040560172.1	37.0	S	0.0
Twil_T_wilhelma_c32405_g1_i3|m.47712	Ggal_XP_040560172.1	37.0	S	0.0
Aque_XP_003385276.1	Ggal_XP_040560172.1	37.0	S	0.0
Mlei_ML11821a-PA	Ggal_XP_040560172.1	37.0	S	0.0
Twil_T_wilhelma_c32405_g1_i5|m.47714	Ggal_XP_040560172.1	37.0	S	0.0
Tadh_XP_002118456.1	Ggal_XP_040560172.1	37.0	S	0.0
Scil_XP_065198767.1	Ggal_XP_040560172.1	37.0	S	0.0
Twil_T_wilhelma_c32405_g1_i1|m.47710	Ggal_XP_040560172.1	37.0	S	0.0
Lcom_lcpid72575|	Blan_XP_066295391.1	37.0	S	0.0
Twil_T_wilhelma_c32405_g1_i6|m.47715	Blan_XP_066295391.1	37.0	S	0.0
Aque_XP_003390430.1	Blan_XP_066295391.1	37.0	S	0.0
Twil_T_wilhelma_c32405_g1_i2|m.47711	Blan_XP_066295391.1	37.0	S	0.0
Twil_T_wilhelma_c32405_g1_i3|m.47712	Blan_XP_066295391.1	37.0	S	0.0
Aque_XP_003385276.1	Blan_XP_066295391.1	37.0	S	0.0
Mlei_ML11821a-PA	Blan_XP_066295391.1	37.0	S	0.0
Twil_T_wilhelma_c32405_g1_i5|m.47714	Blan_XP_066295391.1	37.0	S	0.0
Tadh_XP_002118456.1	Blan_XP_066295391.1	37.0	S	0.0
Scil_XP_065198767.1	Blan_XP_066295391.1	37.0	S	0.0
Twil_T_wilhelma_c32405_g1_i1|m.47710	Blan_XP_066295391.1	37.0	S	0.0
Lcom_lcpid72575|	Dpul_XP_046446230.1	37.0	S	0.0
Twil_T_wilhelma_c32405_g1_i6|m.47715	Dpul_XP_046446230.1	37.0	S	0.0
Aque_XP_003390430.1	Dpul_XP_046446230.1	37.0	S	0.0
Twil_T_wilhelma_c32405_g1_i2|m.47711	Dpul_XP_046446230.1	37.0	S	0.0
Twil_T_wilhelma_c32405_g1_i3|m.47712	Dpul_XP_046446230.1	37.0	S	0.0
Aque_XP_003385276.1	Dpul_XP_046446230.1	37.0	S	0.0
Mlei_ML11821a-PA	Dpul_XP_046446230.1	37.0	S	0.0
Twil_T_wilhelma_c32405_g1_i5|m.47714	Dpul_XP_046446230.1	37.0	S	0.0
Tadh_XP_002118456.1	Dpul_XP_046446230.1	37.0	S	0.0
Scil_XP_065198767.1	Dpul_XP_046446230.1	37.0	S	0.0
Twil_T_wilhelma_c32405_g1_i1|m.47710	Dpul_XP_046446230.1	37.0	S	0.0
Lcom_lcpid72575|	Apimel_XP_016767904.1	37.0	S	0.0
Twil_T_wilhelma_c32405_g1_i6|m.47715	Apimel_XP_016767904.1	37.0	S	0.0
Aque_XP_003390430.1	Apimel_XP_016767904.1	37.0	S	0.0
Twil_T_wilhelma_c32405_g1_i2|m.47711	Apimel_XP_016767904.1	37.0	S	0.0
Twil_T_wilhelma_c32405_g1_i3|m.47712	Apimel_XP_016767904.1	37.0	S	0.0
Aque_XP_003385276.1	Apimel_XP_016767904.1	37.0	S	0.0
Mlei_ML11821a-PA	Apimel_XP_016767904.1	37.0	S	0.0
Twil_T_wilhelma_c32405_g1_i5|m.47714	Apimel_XP_016767904.1	37.0	S	0.0
Tadh_XP_002118456.1	Apimel_XP_016767904.1	37.0	S	0.0
Scil_XP_065198767.1	Apimel_XP_016767904.1	37.0	S	0.0
Twil_T_wilhelma_c32405_g1_i1|m.47710	Apimel_XP_016767904.1	37.0	S	0.0
Lcom_lcpid72575|	Blan_XP_066295390.1	37.0	S	0.0
Twil_T_wilhelma_c32405_g1_i6|m.47715	Blan_XP_066295390.1	37.0	S	0.0
Aque_XP_003390430.1	Blan_XP_066295390.1	37.0	S	0.0
Twil_T_wilhelma_c32405_g1_i2|m.47711	Blan_XP_066295390.1	37.0	S	0.0
Twil_T_wilhelma_c32405_g1_i3|m.47712	Blan_XP_066295390.1	37.0	S	0.0
Aque_XP_003385276.1	Blan_XP_066295390.1	37.0	S	0.0
Mlei_ML11821a-PA	Blan_XP_066295390.1	37.0	S	0.0
Twil_T_wilhelma_c32405_g1_i5|m.47714	Blan_XP_066295390.1	37.0	S	0.0
Tadh_XP_002118456.1	Blan_XP_066295390.1	37.0	S	0.0
Scil_XP_065198767.1	Blan_XP_066295390.1	37.0	S	0.0
Twil_T_wilhelma_c32405_g1_i1|m.47710	Blan_XP_066295390.1	37.0	S	0.0
Lcom_lcpid72575|	Cscu_XP_023216396.1	37.0	S	0.0
Twil_T_wilhelma_c32405_g1_i6|m.47715	Cscu_XP_023216396.1	37.0	S	0.0
Aque_XP_003390430.1	Cscu_XP_023216396.1	37.0	S	0.0
Twil_T_wilhelma_c32405_g1_i2|m.47711	Cscu_XP_023216396.1	37.0	S	0.0
Twil_T_wilhelma_c32405_g1_i3|m.47712	Cscu_XP_023216396.1	37.0	S	0.0
Aque_XP_003385276.1	Cscu_XP_023216396.1	37.0	S	0.0
Mlei_ML11821a-PA	Cscu_XP_023216396.1	37.0	S	0.0
Twil_T_wilhelma_c32405_g1_i5|m.47714	Cscu_XP_023216396.1	37.0	S	0.0
Tadh_XP_002118456.1	Cscu_XP_023216396.1	37.0	S	0.0
Scil_XP_065198767.1	Cscu_XP_023216396.1	37.0	S	0.0
Twil_T_wilhelma_c32405_g1_i1|m.47710	Cscu_XP_023216396.1	37.0	S	0.0
Lcom_lcpid72575|	Cint_XP_002119759.1	37.0	S	0.0
Twil_T_wilhelma_c32405_g1_i6|m.47715	Cint_XP_002119759.1	37.0	S	0.0
Aque_XP_003390430.1	Cint_XP_002119759.1	37.0	S	0.0
Twil_T_wilhelma_c32405_g1_i2|m.47711	Cint_XP_002119759.1	37.0	S	0.0
Twil_T_wilhelma_c32405_g1_i3|m.47712	Cint_XP_002119759.1	37.0	S	0.0
Aque_XP_003385276.1	Cint_XP_002119759.1	37.0	S	0.0
Mlei_ML11821a-PA	Cint_XP_002119759.1	37.0	S	0.0
Twil_T_wilhelma_c32405_g1_i5|m.47714	Cint_XP_002119759.1	37.0	S	0.0
Tadh_XP_002118456.1	Cint_XP_002119759.1	37.0	S	0.0
Scil_XP_065198767.1	Cint_XP_002119759.1	37.0	S	0.0
Twil_T_wilhelma_c32405_g1_i1|m.47710	Cint_XP_002119759.1	37.0	S	0.0
Lcom_lcpid72575|	Hsap_XP_005247819.1	37.0	S	0.0
Twil_T_wilhelma_c32405_g1_i6|m.47715	Hsap_XP_005247819.1	37.0	S	0.0
Aque_XP_003390430.1	Hsap_XP_005247819.1	37.0	S	0.0
Twil_T_wilhelma_c32405_g1_i2|m.47711	Hsap_XP_005247819.1	37.0	S	0.0
Twil_T_wilhelma_c32405_g1_i3|m.47712	Hsap_XP_005247819.1	37.0	S	0.0
Aque_XP_003385276.1	Hsap_XP_005247819.1	37.0	S	0.0
Mlei_ML11821a-PA	Hsap_XP_005247819.1	37.0	S	0.0
Twil_T_wilhelma_c32405_g1_i5|m.47714	Hsap_XP_005247819.1	37.0	S	0.0
Tadh_XP_002118456.1	Hsap_XP_005247819.1	37.0	S	0.0
Scil_XP_065198767.1	Hsap_XP_005247819.1	37.0	S	0.0
Twil_T_wilhelma_c32405_g1_i1|m.47710	Hsap_XP_005247819.1	37.0	S	0.0
Lcom_lcpid72575|	Skow_XP_002741537.1	37.0	S	0.0
Twil_T_wilhelma_c32405_g1_i6|m.47715	Skow_XP_002741537.1	37.0	S	0.0
Aque_XP_003390430.1	Skow_XP_002741537.1	37.0	S	0.0
Twil_T_wilhelma_c32405_g1_i2|m.47711	Skow_XP_002741537.1	37.0	S	0.0
Twil_T_wilhelma_c32405_g1_i3|m.47712	Skow_XP_002741537.1	37.0	S	0.0
Aque_XP_003385276.1	Skow_XP_002741537.1	37.0	S	0.0
Mlei_ML11821a-PA	Skow_XP_002741537.1	37.0	S	0.0
Twil_T_wilhelma_c32405_g1_i5|m.47714	Skow_XP_002741537.1	37.0	S	0.0
Tadh_XP_002118456.1	Skow_XP_002741537.1	37.0	S	0.0
Scil_XP_065198767.1	Skow_XP_002741537.1	37.0	S	0.0
Twil_T_wilhelma_c32405_g1_i1|m.47710	Skow_XP_002741537.1	37.0	S	0.0
Lcom_lcpid72575|	Hsap_XP_016862668.1	37.0	S	0.0
Twil_T_wilhelma_c32405_g1_i6|m.47715	Hsap_XP_016862668.1	37.0	S	0.0
Aque_XP_003390430.1	Hsap_XP_016862668.1	37.0	S	0.0
Twil_T_wilhelma_c32405_g1_i2|m.47711	Hsap_XP_016862668.1	37.0	S	0.0
Twil_T_wilhelma_c32405_g1_i3|m.47712	Hsap_XP_016862668.1	37.0	S	0.0
Aque_XP_003385276.1	Hsap_XP_016862668.1	37.0	S	0.0
Mlei_ML11821a-PA	Hsap_XP_016862668.1	37.0	S	0.0
Twil_T_wilhelma_c32405_g1_i5|m.47714	Hsap_XP_016862668.1	37.0	S	0.0
Tadh_XP_002118456.1	Hsap_XP_016862668.1	37.0	S	0.0
Scil_XP_065198767.1	Hsap_XP_016862668.1	37.0	S	0.0
Twil_T_wilhelma_c32405_g1_i1|m.47710	Hsap_XP_016862668.1	37.0	S	0.0
Lcom_lcpid72575|	Dmel_NP_651581.2	37.0	S	0.0
Twil_T_wilhelma_c32405_g1_i6|m.47715	Dmel_NP_651581.2	37.0	S	0.0
Aque_XP_003390430.1	Dmel_NP_651581.2	37.0	S	0.0
Twil_T_wilhelma_c32405_g1_i2|m.47711	Dmel_NP_651581.2	37.0	S	0.0
Twil_T_wilhelma_c32405_g1_i3|m.47712	Dmel_NP_651581.2	37.0	S	0.0
Aque_XP_003385276.1	Dmel_NP_651581.2	37.0	S	0.0
Mlei_ML11821a-PA	Dmel_NP_651581.2	37.0	S	0.0
Twil_T_wilhelma_c32405_g1_i5|m.47714	Dmel_NP_651581.2	37.0	S	0.0
Tadh_XP_002118456.1	Dmel_NP_651581.2	37.0	S	0.0
Scil_XP_065198767.1	Dmel_NP_651581.2	37.0	S	0.0
Twil_T_wilhelma_c32405_g1_i1|m.47710	Dmel_NP_651581.2	37.0	S	0.0
Lcom_lcpid72575|	Smed_h1SMcT0005103.1	37.0	S	0.0
Twil_T_wilhelma_c32405_g1_i6|m.47715	Smed_h1SMcT0005103.1	37.0	S	0.0
Aque_XP_003390430.1	Smed_h1SMcT0005103.1	37.0	S	0.0
Twil_T_wilhelma_c32405_g1_i2|m.47711	Smed_h1SMcT0005103.1	37.0	S	0.0
Twil_T_wilhelma_c32405_g1_i3|m.47712	Smed_h1SMcT0005103.1	37.0	S	0.0
Aque_XP_003385276.1	Smed_h1SMcT0005103.1	37.0	S	0.0
Mlei_ML11821a-PA	Smed_h1SMcT0005103.1	37.0	S	0.0
Twil_T_wilhelma_c32405_g1_i5|m.47714	Smed_h1SMcT0005103.1	37.0	S	0.0
Tadh_XP_002118456.1	Smed_h1SMcT0005103.1	37.0	S	0.0
Scil_XP_065198767.1	Smed_h1SMcT0005103.1	37.0	S	0.0
Twil_T_wilhelma_c32405_g1_i1|m.47710	Smed_h1SMcT0005103.1	37.0	S	0.0
Lcom_lcpid72575|	Apla_XP_022084577.1	37.0	S	0.0
Twil_T_wilhelma_c32405_g1_i6|m.47715	Apla_XP_022084577.1	37.0	S	0.0
Aque_XP_003390430.1	Apla_XP_022084577.1	37.0	S	0.0
Twil_T_wilhelma_c32405_g1_i2|m.47711	Apla_XP_022084577.1	37.0	S	0.0
Twil_T_wilhelma_c32405_g1_i3|m.47712	Apla_XP_022084577.1	37.0	S	0.0
Aque_XP_003385276.1	Apla_XP_022084577.1	37.0	S	0.0
Mlei_ML11821a-PA	Apla_XP_022084577.1	37.0	S	0.0
Twil_T_wilhelma_c32405_g1_i5|m.47714	Apla_XP_022084577.1	37.0	S	0.0
Tadh_XP_002118456.1	Apla_XP_022084577.1	37.0	S	0.0
Scil_XP_065198767.1	Apla_XP_022084577.1	37.0	S	0.0
Twil_T_wilhelma_c32405_g1_i1|m.47710	Apla_XP_022084577.1	37.0	S	0.0
Lcom_lcpid72575|	Btab_XP_018915393.1	37.0	S	0.0
Twil_T_wilhelma_c32405_g1_i6|m.47715	Btab_XP_018915393.1	37.0	S	0.0
Aque_XP_003390430.1	Btab_XP_018915393.1	37.0	S	0.0
Twil_T_wilhelma_c32405_g1_i2|m.47711	Btab_XP_018915393.1	37.0	S	0.0
Twil_T_wilhelma_c32405_g1_i3|m.47712	Btab_XP_018915393.1	37.0	S	0.0
Aque_XP_003385276.1	Btab_XP_018915393.1	37.0	S	0.0
Mlei_ML11821a-PA	Btab_XP_018915393.1	37.0	S	0.0
Twil_T_wilhelma_c32405_g1_i5|m.47714	Btab_XP_018915393.1	37.0	S	0.0
Tadh_XP_002118456.1	Btab_XP_018915393.1	37.0	S	0.0
Scil_XP_065198767.1	Btab_XP_018915393.1	37.0	S	0.0
Twil_T_wilhelma_c32405_g1_i1|m.47710	Btab_XP_018915393.1	37.0	S	0.0
Lcom_lcpid72575|	Xtro_XP_031749400.1	37.0	S	0.0
Twil_T_wilhelma_c32405_g1_i6|m.47715	Xtro_XP_031749400.1	37.0	S	0.0
Aque_XP_003390430.1	Xtro_XP_031749400.1	37.0	S	0.0
Twil_T_wilhelma_c32405_g1_i2|m.47711	Xtro_XP_031749400.1	37.0	S	0.0
Twil_T_wilhelma_c32405_g1_i3|m.47712	Xtro_XP_031749400.1	37.0	S	0.0
Aque_XP_003385276.1	Xtro_XP_031749400.1	37.0	S	0.0
Mlei_ML11821a-PA	Xtro_XP_031749400.1	37.0	S	0.0
Twil_T_wilhelma_c32405_g1_i5|m.47714	Xtro_XP_031749400.1	37.0	S	0.0
Tadh_XP_002118456.1	Xtro_XP_031749400.1	37.0	S	0.0
Scil_XP_065198767.1	Xtro_XP_031749400.1	37.0	S	0.0
Twil_T_wilhelma_c32405_g1_i1|m.47710	Xtro_XP_031749400.1	37.0	S	0.0
Lcom_lcpid72575|	Obim_XP_052822004.1	37.0	S	0.0
Twil_T_wilhelma_c32405_g1_i6|m.47715	Obim_XP_052822004.1	37.0	S	0.0
Aque_XP_003390430.1	Obim_XP_052822004.1	37.0	S	0.0
Twil_T_wilhelma_c32405_g1_i2|m.47711	Obim_XP_052822004.1	37.0	S	0.0
Twil_T_wilhelma_c32405_g1_i3|m.47712	Obim_XP_052822004.1	37.0	S	0.0
Aque_XP_003385276.1	Obim_XP_052822004.1	37.0	S	0.0
Mlei_ML11821a-PA	Obim_XP_052822004.1	37.0	S	0.0
Twil_T_wilhelma_c32405_g1_i5|m.47714	Obim_XP_052822004.1	37.0	S	0.0
Tadh_XP_002118456.1	Obim_XP_052822004.1	37.0	S	0.0
Scil_XP_065198767.1	Obim_XP_052822004.1	37.0	S	0.0
Twil_T_wilhelma_c32405_g1_i1|m.47710	Obim_XP_052822004.1	37.0	S	0.0
Mbre_XP_001746822.1	Scil_XP_065179077.1	99.0	S	0.0
Mbre_XP_001746822.1	Lcom_lcpid108210|	99.0	S	0.0
Mbre_XP_001746822.1	Scil_XP_065179076.1	99.0	S	0.0
Sros_XP_004993820.1	Twil_T_wilhelma_c31096_g1_i6|m.39746	100.0	S	0.0
Mbre_XP_001742542.1	Twil_T_wilhelma_c31096_g1_i6|m.39746	100.0	S	0.0
Sros_XP_004993820.1	Aque_XP_019853179.1	100.0	S	0.0
Mbre_XP_001742542.1	Aque_XP_019853179.1	100.0	S	0.0
Sros_XP_004993820.1	Emue_Em0020g127a	100.0	S	0.0
Mbre_XP_001742542.1	Emue_Em0020g127a	100.0	S	0.0
Sros_XP_004993820.1	Pigchi_Pchi_g13709	100.0	S	0.0
Mbre_XP_001742542.1	Pigchi_Pchi_g13709	100.0	S	0.0
Sros_XP_004993820.1	Cowc_XP_004349075.2	100.0	S	0.0
Mbre_XP_001742542.1	Cowc_XP_004349075.2	100.0	S	0.0
Sros_XP_004993820.1	Pigvie_Pvie_g2304	100.0	S	0.0
Mbre_XP_001742542.1	Pigvie_Pvie_g2304	100.0	S	0.0
Emue_Em0021g691a	Emue_Em0796g4a	100.0	D	1.0
Emue_Em0021g691a	Emue_Em0021g680a	100.0	D	1.0
Cfra_CFRG2798T1	Sarc_XP_014158518.1	100.0	S	0.0
Pgem_Unigene21894_Pirum_gemmata|m.14170	Awhi_Unigene35172_Abeoforma_whisleri|m.22263	98.0	S	0.0
Pgem_Unigene21894_Pirum_gemmata|m.14170	Awhi_Unigene35173_Abeoforma_whisleri|m.22264	98.0	S	0.0
Sbat_VDP06211.1	Priarc_PARCANUS000012818.t1	64.0	S	0.0
Tsui_KHJ40711.1	Priarc_PARCANUS000012818.t1	64.0	S	0.0
Ttri_CDW54493.1	Priarc_PARCANUS000012818.t1	64.0	S	0.0
Trimur_TMUE_1000003398	Priarc_PARCANUS000012818.t1	64.0	S	0.0
Sbat_VDP06211.1	Ovol_OVOC5945	64.0	S	0.0
Tsui_KHJ40711.1	Ovol_OVOC5945	64.0	S	0.0
Ttri_CDW54493.1	Ovol_OVOC5945	64.0	S	0.0
Trimur_TMUE_1000003398	Ovol_OVOC5945	64.0	S	0.0
Sbat_VDP06211.1	Eela_EEL_0000209001-mRNA-1	64.0	S	0.0
Tsui_KHJ40711.1	Eela_EEL_0000209001-mRNA-1	64.0	S	0.0
Ttri_CDW54493.1	Eela_EEL_0000209001-mRNA-1	64.0	S	0.0
Trimur_TMUE_1000003398	Eela_EEL_0000209001-mRNA-1	64.0	S	0.0
Sbat_VDP06211.1	Avit_KAL3984644.1	64.0	S	0.0
Tsui_KHJ40711.1	Avit_KAL3984644.1	64.0	S	0.0
Ttri_CDW54493.1	Avit_KAL3984644.1	64.0	S	0.0
Trimur_TMUE_1000003398	Avit_KAL3984644.1	64.0	S	0.0
Sbat_VDP06211.1	Dimm_MCP9262741.1	64.0	S	0.0
Tsui_KHJ40711.1	Dimm_MCP9262741.1	64.0	S	0.0
Ttri_CDW54493.1	Dimm_MCP9262741.1	64.0	S	0.0
Trimur_TMUE_1000003398	Dimm_MCP9262741.1	64.0	S	0.0
Sbat_VDP06211.1	Mjap_MIJAPON000007023.t1	64.0	S	0.0
Tsui_KHJ40711.1	Mjap_MIJAPON000007023.t1	64.0	S	0.0
Ttri_CDW54493.1	Mjap_MIJAPON000007023.t1	64.0	S	0.0
Trimur_TMUE_1000003398	Mjap_MIJAPON000007023.t1	64.0	S	0.0
Sbat_VDP06211.1	Gpal_Gpal_D383_g03642.t1	64.0	S	0.0
Tsui_KHJ40711.1	Gpal_Gpal_D383_g03642.t1	64.0	S	0.0
Ttri_CDW54493.1	Gpal_Gpal_D383_g03642.t1	64.0	S	0.0
Trimur_TMUE_1000003398	Gpal_Gpal_D383_g03642.t1	64.0	S	0.0
Sbat_VDP06211.1	Mhap_MhA1_Contig2752.frz3.gene1	64.0	S	0.0
Tsui_KHJ40711.1	Mhap_MhA1_Contig2752.frz3.gene1	64.0	S	0.0
Ttri_CDW54493.1	Mhap_MhA1_Contig2752.frz3.gene1	64.0	S	0.0
Trimur_TMUE_1000003398	Mhap_MhA1_Contig2752.frz3.gene1	64.0	S	0.0
Sbat_VDP06211.1	Wban_VDM07865.1	64.0	S	0.0
Tsui_KHJ40711.1	Wban_VDM07865.1	64.0	S	0.0
Ttri_CDW54493.1	Wban_VDM07865.1	64.0	S	0.0
Trimur_TMUE_1000003398	Wban_VDM07865.1	64.0	S	0.0
Sbat_VDP06211.1	Sros_XP_004994182.1	64.0	S	0.0
Tsui_KHJ40711.1	Sros_XP_004994182.1	64.0	S	0.0
Ttri_CDW54493.1	Sros_XP_004994182.1	64.0	S	0.0
Trimur_TMUE_1000003398	Sros_XP_004994182.1	64.0	S	0.0
Sbat_VDP06211.1	Asuu_AgB03_g048_t04	64.0	S	0.0
Tsui_KHJ40711.1	Asuu_AgB03_g048_t04	64.0	S	0.0
Ttri_CDW54493.1	Asuu_AgB03_g048_t04	64.0	S	0.0
Trimur_TMUE_1000003398	Asuu_AgB03_g048_t04	64.0	S	0.0
Sbat_VDP06211.1	Psp.PS1159_PS1159_v2.g11687.t1	64.0	S	0.0
Tsui_KHJ40711.1	Psp.PS1159_PS1159_v2.g11687.t1	64.0	S	0.0
Ttri_CDW54493.1	Psp.PS1159_PS1159_v2.g11687.t1	64.0	S	0.0
Trimur_TMUE_1000003398	Psp.PS1159_PS1159_v2.g11687.t1	64.0	S	0.0
Sbat_VDP06211.1	Lloa_XP_020302644.1	64.0	S	0.0
Tsui_KHJ40711.1	Lloa_XP_020302644.1	64.0	S	0.0
Ttri_CDW54493.1	Lloa_XP_020302644.1	64.0	S	0.0
Trimur_TMUE_1000003398	Lloa_XP_020302644.1	64.0	S	0.0
Sbat_VDP06211.1	Asuu_AgB03_g048_t03	64.0	S	0.0
Tsui_KHJ40711.1	Asuu_AgB03_g048_t03	64.0	S	0.0
Ttri_CDW54493.1	Asuu_AgB03_g048_t03	64.0	S	0.0
Trimur_TMUE_1000003398	Asuu_AgB03_g048_t03	64.0	S	0.0
Sbat_VDP06211.1	Bmal_XP_001893320.2	64.0	S	0.0
Tsui_KHJ40711.1	Bmal_XP_001893320.2	64.0	S	0.0
Ttri_CDW54493.1	Bmal_XP_001893320.2	64.0	S	0.0
Trimur_TMUE_1000003398	Bmal_XP_001893320.2	64.0	S	0.0
Sbat_VDP06211.1	Lsig_VDK88905.1	64.0	S	0.0
Tsui_KHJ40711.1	Lsig_VDK88905.1	64.0	S	0.0
Ttri_CDW54493.1	Lsig_VDK88905.1	64.0	S	0.0
Trimur_TMUE_1000003398	Lsig_VDK88905.1	64.0	S	0.0
Mlei_ML11821a-PA	Twil_T_wilhelma_c32405_g1_i6|m.47715	53.0	S	0.0
Lcom_lcpid72575|	Twil_T_wilhelma_c32405_g1_i6|m.47715	53.0	S	0.0
Tadh_XP_002118456.1	Twil_T_wilhelma_c32405_g1_i6|m.47715	53.0	S	0.0
Scil_XP_065198767.1	Twil_T_wilhelma_c32405_g1_i6|m.47715	53.0	S	0.0
Mlei_ML11821a-PA	Aque_XP_003390430.1	53.0	S	0.0
Lcom_lcpid72575|	Aque_XP_003390430.1	53.0	S	0.0
Tadh_XP_002118456.1	Aque_XP_003390430.1	53.0	S	0.0
Scil_XP_065198767.1	Aque_XP_003390430.1	53.0	S	0.0
Mlei_ML11821a-PA	Twil_T_wilhelma_c32405_g1_i2|m.47711	53.0	S	0.0
Lcom_lcpid72575|	Twil_T_wilhelma_c32405_g1_i2|m.47711	53.0	S	0.0
Tadh_XP_002118456.1	Twil_T_wilhelma_c32405_g1_i2|m.47711	53.0	S	0.0
Scil_XP_065198767.1	Twil_T_wilhelma_c32405_g1_i2|m.47711	53.0	S	0.0
Mlei_ML11821a-PA	Twil_T_wilhelma_c32405_g1_i3|m.47712	53.0	S	0.0
Lcom_lcpid72575|	Twil_T_wilhelma_c32405_g1_i3|m.47712	53.0	S	0.0
Tadh_XP_002118456.1	Twil_T_wilhelma_c32405_g1_i3|m.47712	53.0	S	0.0
Scil_XP_065198767.1	Twil_T_wilhelma_c32405_g1_i3|m.47712	53.0	S	0.0
Mlei_ML11821a-PA	Aque_XP_003385276.1	53.0	S	0.0
Lcom_lcpid72575|	Aque_XP_003385276.1	53.0	S	0.0
Tadh_XP_002118456.1	Aque_XP_003385276.1	53.0	S	0.0
Scil_XP_065198767.1	Aque_XP_003385276.1	53.0	S	0.0
Mlei_ML11821a-PA	Twil_T_wilhelma_c32405_g1_i5|m.47714	53.0	S	0.0
Lcom_lcpid72575|	Twil_T_wilhelma_c32405_g1_i5|m.47714	53.0	S	0.0
Tadh_XP_002118456.1	Twil_T_wilhelma_c32405_g1_i5|m.47714	53.0	S	0.0
Scil_XP_065198767.1	Twil_T_wilhelma_c32405_g1_i5|m.47714	53.0	S	0.0
Mlei_ML11821a-PA	Twil_T_wilhelma_c32405_g1_i1|m.47710	53.0	S	0.0
Lcom_lcpid72575|	Twil_T_wilhelma_c32405_g1_i1|m.47710	53.0	S	0.0
Tadh_XP_002118456.1	Twil_T_wilhelma_c32405_g1_i1|m.47710	53.0	S	0.0
Scil_XP_065198767.1	Twil_T_wilhelma_c32405_g1_i1|m.47710	53.0	S	0.0
Blan_XP_066295390.1	Echgra_XP_024354894.1	65.0	S	0.0
Ofus_CAH1775754.1	Echgra_XP_024354894.1	65.0	S	0.0
Blan_XP_066295391.1	Echgra_XP_024354894.1	65.0	S	0.0
Blan_XP_066295390.1	Obim_XP_052822002.1	65.0	S	0.0
Ofus_CAH1775754.1	Obim_XP_052822002.1	65.0	S	0.0
Blan_XP_066295391.1	Obim_XP_052822002.1	65.0	S	0.0
Blan_XP_066295390.1	Smed_h1SMcT0005103.3	65.0	S	0.0
Ofus_CAH1775754.1	Smed_h1SMcT0005103.3	65.0	S	0.0
Blan_XP_066295391.1	Smed_h1SMcT0005103.3	65.0	S	0.0
Blan_XP_066295390.1	Agrpla_XP_018334324.1	65.0	S	0.0
Ofus_CAH1775754.1	Agrpla_XP_018334324.1	65.0	S	0.0
Blan_XP_066295391.1	Agrpla_XP_018334324.1	65.0	S	0.0
Blan_XP_066295390.1	Ggal_XP_040560173.1	65.0	S	0.0
Ofus_CAH1775754.1	Ggal_XP_040560173.1	65.0	S	0.0
Blan_XP_066295391.1	Ggal_XP_040560173.1	65.0	S	0.0
Blan_XP_066295390.1	Smed_h1SMcT0005103.4	65.0	S	0.0
Ofus_CAH1775754.1	Smed_h1SMcT0005103.4	65.0	S	0.0
Blan_XP_066295391.1	Smed_h1SMcT0005103.4	65.0	S	0.0
Blan_XP_066295390.1	Ggal_XP_040560171.1	65.0	S	0.0
Ofus_CAH1775754.1	Ggal_XP_040560171.1	65.0	S	0.0
Blan_XP_066295391.1	Ggal_XP_040560171.1	65.0	S	0.0
Blan_XP_066295390.1	Smed_h1SMcT0005103.2	65.0	S	0.0
Ofus_CAH1775754.1	Smed_h1SMcT0005103.2	65.0	S	0.0
Blan_XP_066295391.1	Smed_h1SMcT0005103.2	65.0	S	0.0
Blan_XP_066295390.1	Ggal_XP_040560167.1	65.0	S	0.0
Ofus_CAH1775754.1	Ggal_XP_040560167.1	65.0	S	0.0
Blan_XP_066295391.1	Ggal_XP_040560167.1	65.0	S	0.0
Blan_XP_066295390.1	Spur_XP_030855882.1	65.0	S	0.0
Ofus_CAH1775754.1	Spur_XP_030855882.1	65.0	S	0.0
Blan_XP_066295391.1	Spur_XP_030855882.1	65.0	S	0.0
Blan_XP_066295390.1	Aplcal_XP_005095742.2	65.0	S	0.0
Ofus_CAH1775754.1	Aplcal_XP_005095742.2	65.0	S	0.0
Blan_XP_066295391.1	Aplcal_XP_005095742.2	65.0	S	0.0
Blan_XP_066295390.1	Hsap_XP_047304876.1	65.0	S	0.0
Ofus_CAH1775754.1	Hsap_XP_047304876.1	65.0	S	0.0
Blan_XP_066295391.1	Hsap_XP_047304876.1	65.0	S	0.0
Blan_XP_066295390.1	Lpol_XP_022239788.1	65.0	S	0.0
Ofus_CAH1775754.1	Lpol_XP_022239788.1	65.0	S	0.0
Blan_XP_066295391.1	Lpol_XP_022239788.1	65.0	S	0.0
Blan_XP_066295390.1	Agrpla_XP_025832966.1	65.0	S	0.0
Ofus_CAH1775754.1	Agrpla_XP_025832966.1	65.0	S	0.0
Blan_XP_066295391.1	Agrpla_XP_025832966.1	65.0	S	0.0
Blan_XP_066295390.1	Pvan_XP_069969518.1	65.0	S	0.0
Ofus_CAH1775754.1	Pvan_XP_069969518.1	65.0	S	0.0
Blan_XP_066295391.1	Pvan_XP_069969518.1	65.0	S	0.0
Blan_XP_066295390.1	Hsap_XP_047304874.1	65.0	S	0.0
Ofus_CAH1775754.1	Hsap_XP_047304874.1	65.0	S	0.0
Blan_XP_066295391.1	Hsap_XP_047304874.1	65.0	S	0.0
Blan_XP_066295390.1	Cvir_XP_022288659.1	65.0	S	0.0
Ofus_CAH1775754.1	Cvir_XP_022288659.1	65.0	S	0.0
Blan_XP_066295391.1	Cvir_XP_022288659.1	65.0	S	0.0
Blan_XP_066295390.1	Hsap_XP_047304875.1	65.0	S	0.0
Ofus_CAH1775754.1	Hsap_XP_047304875.1	65.0	S	0.0
Blan_XP_066295391.1	Hsap_XP_047304875.1	65.0	S	0.0
Blan_XP_066295390.1	Ggal_XP_040560166.1	65.0	S	0.0
Ofus_CAH1775754.1	Ggal_XP_040560166.1	65.0	S	0.0
Blan_XP_066295391.1	Ggal_XP_040560166.1	65.0	S	0.0
Blan_XP_066295390.1	Bmor_XP_004921852.1	65.0	S	0.0
Ofus_CAH1775754.1	Bmor_XP_004921852.1	65.0	S	0.0
Blan_XP_066295391.1	Bmor_XP_004921852.1	65.0	S	0.0
Blan_XP_066295390.1	Hsap_NP_078886.2	65.0	S	0.0
Ofus_CAH1775754.1	Hsap_NP_078886.2	65.0	S	0.0
Blan_XP_066295391.1	Hsap_NP_078886.2	65.0	S	0.0
Blan_XP_066295390.1	Drer_XP_021334317.1	65.0	S	0.0
Ofus_CAH1775754.1	Drer_XP_021334317.1	65.0	S	0.0
Blan_XP_066295391.1	Drer_XP_021334317.1	65.0	S	0.0
Blan_XP_066295390.1	Ggal_XP_040560165.1	65.0	S	0.0
Ofus_CAH1775754.1	Ggal_XP_040560165.1	65.0	S	0.0
Blan_XP_066295391.1	Ggal_XP_040560165.1	65.0	S	0.0
Blan_XP_066295390.1	Ggal_XP_040560170.1	65.0	S	0.0
Ofus_CAH1775754.1	Ggal_XP_040560170.1	65.0	S	0.0
Blan_XP_066295391.1	Ggal_XP_040560170.1	65.0	S	0.0
Blan_XP_066295390.1	Obim_XP_052822003.1	65.0	S	0.0
Ofus_CAH1775754.1	Obim_XP_052822003.1	65.0	S	0.0
Blan_XP_066295391.1	Obim_XP_052822003.1	65.0	S	0.0
Blan_XP_066295390.1	Ggal_XP_015145483.2	65.0	S	0.0
Ofus_CAH1775754.1	Ggal_XP_015145483.2	65.0	S	0.0
Blan_XP_066295391.1	Ggal_XP_015145483.2	65.0	S	0.0
Blan_XP_066295390.1	Obim_XP_052822001.1	65.0	S	0.0
Ofus_CAH1775754.1	Obim_XP_052822001.1	65.0	S	0.0
Blan_XP_066295391.1	Obim_XP_052822001.1	65.0	S	0.0
Blan_XP_066295390.1	Ggal_XP_040560168.1	65.0	S	0.0
Ofus_CAH1775754.1	Ggal_XP_040560168.1	65.0	S	0.0
Blan_XP_066295391.1	Ggal_XP_040560168.1	65.0	S	0.0
Blan_XP_066295390.1	Ggal_XP_046799733.1	65.0	S	0.0
Ofus_CAH1775754.1	Ggal_XP_046799733.1	65.0	S	0.0
Blan_XP_066295391.1	Ggal_XP_046799733.1	65.0	S	0.0
Blan_XP_066295390.1	Drer_XP_005167885.1	65.0	S	0.0
Ofus_CAH1775754.1	Drer_XP_005167885.1	65.0	S	0.0
Blan_XP_066295391.1	Drer_XP_005167885.1	65.0	S	0.0
Blan_XP_066295390.1	Smar_SMAR012789-PA	65.0	S	0.0
Ofus_CAH1775754.1	Smar_SMAR012789-PA	65.0	S	0.0
Blan_XP_066295391.1	Smar_SMAR012789-PA	65.0	S	0.0
Blan_XP_066295390.1	Sman_XP_018650624.1	65.0	S	0.0
Ofus_CAH1775754.1	Sman_XP_018650624.1	65.0	S	0.0
Blan_XP_066295391.1	Sman_XP_018650624.1	65.0	S	0.0
Blan_XP_066295390.1	Lana_XP_013413884.1	65.0	S	0.0
Ofus_CAH1775754.1	Lana_XP_013413884.1	65.0	S	0.0
Blan_XP_066295391.1	Lana_XP_013413884.1	65.0	S	0.0
Blan_XP_066295390.1	Hsap_NP_001307657.1	65.0	S	0.0
Ofus_CAH1775754.1	Hsap_NP_001307657.1	65.0	S	0.0
Blan_XP_066295391.1	Hsap_NP_001307657.1	65.0	S	0.0
Blan_XP_066295390.1	Drer_NP_001003777.1	65.0	S	0.0
Ofus_CAH1775754.1	Drer_NP_001003777.1	65.0	S	0.0
Blan_XP_066295391.1	Drer_NP_001003777.1	65.0	S	0.0
Blan_XP_066295390.1	Agrpla_XP_018334326.1	65.0	S	0.0
Ofus_CAH1775754.1	Agrpla_XP_018334326.1	65.0	S	0.0
Blan_XP_066295391.1	Agrpla_XP_018334326.1	65.0	S	0.0
Blan_XP_066295390.1	Ggal_XP_040560169.1	65.0	S	0.0
Ofus_CAH1775754.1	Ggal_XP_040560169.1	65.0	S	0.0
Blan_XP_066295391.1	Ggal_XP_040560169.1	65.0	S	0.0
Blan_XP_066295390.1	Ggal_XP_040560172.1	65.0	S	0.0
Ofus_CAH1775754.1	Ggal_XP_040560172.1	65.0	S	0.0
Blan_XP_066295391.1	Ggal_XP_040560172.1	65.0	S	0.0
Blan_XP_066295390.1	Apimel_XP_016767904.1	65.0	S	0.0
Ofus_CAH1775754.1	Apimel_XP_016767904.1	65.0	S	0.0
Blan_XP_066295391.1	Apimel_XP_016767904.1	65.0	S	0.0
Blan_XP_066295390.1	Dpul_XP_046446230.1	65.0	S	0.0
Ofus_CAH1775754.1	Dpul_XP_046446230.1	65.0	S	0.0
Blan_XP_066295391.1	Dpul_XP_046446230.1	65.0	S	0.0
Blan_XP_066295390.1	Cscu_XP_023216396.1	65.0	S	0.0
Ofus_CAH1775754.1	Cscu_XP_023216396.1	65.0	S	0.0
Blan_XP_066295391.1	Cscu_XP_023216396.1	65.0	S	0.0
Blan_XP_066295390.1	Cint_XP_002119759.1	65.0	S	0.0
Ofus_CAH1775754.1	Cint_XP_002119759.1	65.0	S	0.0
Blan_XP_066295391.1	Cint_XP_002119759.1	65.0	S	0.0
Blan_XP_066295390.1	Hsap_XP_005247819.1	65.0	S	0.0
Ofus_CAH1775754.1	Hsap_XP_005247819.1	65.0	S	0.0
Blan_XP_066295391.1	Hsap_XP_005247819.1	65.0	S	0.0
Blan_XP_066295390.1	Skow_XP_002741537.1	65.0	S	0.0
Ofus_CAH1775754.1	Skow_XP_002741537.1	65.0	S	0.0
Blan_XP_066295391.1	Skow_XP_002741537.1	65.0	S	0.0
Blan_XP_066295390.1	Hsap_XP_016862668.1	65.0	S	0.0
Ofus_CAH1775754.1	Hsap_XP_016862668.1	65.0	S	0.0
Blan_XP_066295391.1	Hsap_XP_016862668.1	65.0	S	0.0
Blan_XP_066295390.1	Dmel_NP_651581.2	65.0	S	0.0
Ofus_CAH1775754.1	Dmel_NP_651581.2	65.0	S	0.0
Blan_XP_066295391.1	Dmel_NP_651581.2	65.0	S	0.0
Blan_XP_066295390.1	Smed_h1SMcT0005103.1	65.0	S	0.0
Ofus_CAH1775754.1	Smed_h1SMcT0005103.1	65.0	S	0.0
Blan_XP_066295391.1	Smed_h1SMcT0005103.1	65.0	S	0.0
Blan_XP_066295390.1	Apla_XP_022084577.1	65.0	S	0.0
Ofus_CAH1775754.1	Apla_XP_022084577.1	65.0	S	0.0
Blan_XP_066295391.1	Apla_XP_022084577.1	65.0	S	0.0
Blan_XP_066295390.1	Btab_XP_018915393.1	65.0	S	0.0
Ofus_CAH1775754.1	Btab_XP_018915393.1	65.0	S	0.0
Blan_XP_066295391.1	Btab_XP_018915393.1	65.0	S	0.0
Blan_XP_066295390.1	Xtro_XP_031749400.1	65.0	S	0.0
Ofus_CAH1775754.1	Xtro_XP_031749400.1	65.0	S	0.0
Blan_XP_066295391.1	Xtro_XP_031749400.1	65.0	S	0.0
Blan_XP_066295390.1	Obim_XP_052822004.1	65.0	S	0.0
Ofus_CAH1775754.1	Obim_XP_052822004.1	65.0	S	0.0
Blan_XP_066295391.1	Obim_XP_052822004.1	65.0	S	0.0
Lcom_lcpid108210|	Scil_XP_065179077.1	100.0	S	0.0
Lcom_lcpid108210|	Scil_XP_065179076.1	100.0	S	0.0
Sros_XP_004993820.1	Mbre_XP_001742542.1	99.0	S	0.0
Twil_T_wilhelma_c31096_g1_i6|m.39746	Pigvie_Pvie_g2304	100.0	S	0.0
Aque_XP_019853179.1	Pigvie_Pvie_g2304	100.0	S	0.0
Emue_Em0020g127a	Pigvie_Pvie_g2304	100.0	S	0.0
Twil_T_wilhelma_c31096_g1_i6|m.39746	Pigchi_Pchi_g13709	100.0	S	0.0
Aque_XP_019853179.1	Pigchi_Pchi_g13709	100.0	S	0.0
Emue_Em0020g127a	Pigchi_Pchi_g13709	100.0	S	0.0
Twil_T_wilhelma_c31096_g1_i6|m.39746	Cowc_XP_004349075.2	100.0	S	0.0
Aque_XP_019853179.1	Cowc_XP_004349075.2	100.0	S	0.0
Emue_Em0020g127a	Cowc_XP_004349075.2	100.0	S	0.0
Emue_Em0021g680a	Emue_Em0796g4a	1.0	D	1.0
Awhi_Unigene35172_Abeoforma_whisleri|m.22263	Awhi_Unigene35173_Abeoforma_whisleri|m.22264	100.0	D	1.0
Sbat_VDP06211.1	Tsui_KHJ40711.1	96.0	S	0.0
Sbat_VDP06211.1	Ttri_CDW54493.1	96.0	S	0.0
Sbat_VDP06211.1	Trimur_TMUE_1000003398	96.0	S	0.0
Sros_XP_004994182.1	Priarc_PARCANUS000012818.t1	45.0	S	0.0
Sros_XP_004994182.1	Ovol_OVOC5945	45.0	S	0.0
Sros_XP_004994182.1	Eela_EEL_0000209001-mRNA-1	45.0	S	0.0
Sros_XP_004994182.1	Avit_KAL3984644.1	45.0	S	0.0
Sros_XP_004994182.1	Dimm_MCP9262741.1	45.0	S	0.0
Sros_XP_004994182.1	Mjap_MIJAPON000007023.t1	45.0	S	0.0
Sros_XP_004994182.1	Gpal_Gpal_D383_g03642.t1	45.0	S	0.0
Sros_XP_004994182.1	Mhap_MhA1_Contig2752.frz3.gene1	45.0	S	0.0
Sros_XP_004994182.1	Wban_VDM07865.1	45.0	S	0.0
Sros_XP_004994182.1	Asuu_AgB03_g048_t04	45.0	S	0.0
Sros_XP_004994182.1	Psp.PS1159_PS1159_v2.g11687.t1	45.0	S	0.0
Sros_XP_004994182.1	Lloa_XP_020302644.1	45.0	S	0.0
Sros_XP_004994182.1	Asuu_AgB03_g048_t03	45.0	S	0.0
Sros_XP_004994182.1	Bmal_XP_001893320.2	45.0	S	0.0
Sros_XP_004994182.1	Lsig_VDK88905.1	45.0	S	0.0
Tadh_XP_002118456.1	Mlei_ML11821a-PA	51.0	S	0.0
Tadh_XP_002118456.1	Lcom_lcpid72575|	51.0	S	0.0
Tadh_XP_002118456.1	Scil_XP_065198767.1	51.0	S	0.0
Aque_XP_003390430.1	Twil_T_wilhelma_c32405_g1_i6|m.47715	100.0	S	0.0
Aque_XP_003385276.1	Twil_T_wilhelma_c32405_g1_i6|m.47715	100.0	S	0.0
Aque_XP_003390430.1	Twil_T_wilhelma_c32405_g1_i2|m.47711	100.0	S	0.0
Aque_XP_003385276.1	Twil_T_wilhelma_c32405_g1_i2|m.47711	100.0	S	0.0
Aque_XP_003390430.1	Twil_T_wilhelma_c32405_g1_i3|m.47712	100.0	S	0.0
Aque_XP_003385276.1	Twil_T_wilhelma_c32405_g1_i3|m.47712	100.0	S	0.0
Aque_XP_003390430.1	Twil_T_wilhelma_c32405_g1_i5|m.47714	100.0	S	0.0
Aque_XP_003385276.1	Twil_T_wilhelma_c32405_g1_i5|m.47714	100.0	S	0.0
Aque_XP_003390430.1	Twil_T_wilhelma_c32405_g1_i1|m.47710	100.0	S	0.0
Aque_XP_003385276.1	Twil_T_wilhelma_c32405_g1_i1|m.47710	100.0	S	0.0
Ofus_CAH1775754.1	Blan_XP_066295390.1	68.0	S	0.0
Ofus_CAH1775754.1	Blan_XP_066295391.1	68.0	S	0.0
Cvir_XP_022288659.1	Echgra_XP_024354894.1	47.0	S	0.0
Obim_XP_052822002.1	Echgra_XP_024354894.1	47.0	S	0.0
Lana_XP_013413884.1	Echgra_XP_024354894.1	47.0	S	0.0
Skow_XP_002741537.1	Echgra_XP_024354894.1	47.0	S	0.0
Apla_XP_022084577.1	Echgra_XP_024354894.1	47.0	S	0.0
Spur_XP_030855882.1	Echgra_XP_024354894.1	47.0	S	0.0
Aplcal_XP_005095742.2	Echgra_XP_024354894.1	47.0	S	0.0
Obim_XP_052822003.1	Echgra_XP_024354894.1	47.0	S	0.0
Obim_XP_052822001.1	Echgra_XP_024354894.1	47.0	S	0.0
Obim_XP_052822004.1	Echgra_XP_024354894.1	47.0	S	0.0
Cvir_XP_022288659.1	Smed_h1SMcT0005103.3	47.0	S	0.0
Obim_XP_052822002.1	Smed_h1SMcT0005103.3	47.0	S	0.0
Lana_XP_013413884.1	Smed_h1SMcT0005103.3	47.0	S	0.0
Skow_XP_002741537.1	Smed_h1SMcT0005103.3	47.0	S	0.0
Apla_XP_022084577.1	Smed_h1SMcT0005103.3	47.0	S	0.0
Spur_XP_030855882.1	Smed_h1SMcT0005103.3	47.0	S	0.0
Aplcal_XP_005095742.2	Smed_h1SMcT0005103.3	47.0	S	0.0
Obim_XP_052822003.1	Smed_h1SMcT0005103.3	47.0	S	0.0
Obim_XP_052822001.1	Smed_h1SMcT0005103.3	47.0	S	0.0
Obim_XP_052822004.1	Smed_h1SMcT0005103.3	47.0	S	0.0
Cvir_XP_022288659.1	Agrpla_XP_018334324.1	47.0	S	0.0
Obim_XP_052822002.1	Agrpla_XP_018334324.1	47.0	S	0.0
Lana_XP_013413884.1	Agrpla_XP_018334324.1	47.0	S	0.0
Skow_XP_002741537.1	Agrpla_XP_018334324.1	47.0	S	0.0
Apla_XP_022084577.1	Agrpla_XP_018334324.1	47.0	S	0.0
Spur_XP_030855882.1	Agrpla_XP_018334324.1	47.0	S	0.0
Aplcal_XP_005095742.2	Agrpla_XP_018334324.1	47.0	S	0.0
Obim_XP_052822003.1	Agrpla_XP_018334324.1	47.0	S	0.0
Obim_XP_052822001.1	Agrpla_XP_018334324.1	47.0	S	0.0
Obim_XP_052822004.1	Agrpla_XP_018334324.1	47.0	S	0.0
Cvir_XP_022288659.1	Ggal_XP_040560173.1	47.0	S	0.0
Obim_XP_052822002.1	Ggal_XP_040560173.1	47.0	S	0.0
Lana_XP_013413884.1	Ggal_XP_040560173.1	47.0	S	0.0
Skow_XP_002741537.1	Ggal_XP_040560173.1	47.0	S	0.0
Apla_XP_022084577.1	Ggal_XP_040560173.1	47.0	S	0.0
Spur_XP_030855882.1	Ggal_XP_040560173.1	47.0	S	0.0
Aplcal_XP_005095742.2	Ggal_XP_040560173.1	47.0	S	0.0
Obim_XP_052822003.1	Ggal_XP_040560173.1	47.0	S	0.0
Obim_XP_052822001.1	Ggal_XP_040560173.1	47.0	S	0.0
Obim_XP_052822004.1	Ggal_XP_040560173.1	47.0	S	0.0
Cvir_XP_022288659.1	Smed_h1SMcT0005103.4	47.0	S	0.0
Obim_XP_052822002.1	Smed_h1SMcT0005103.4	47.0	S	0.0
Lana_XP_013413884.1	Smed_h1SMcT0005103.4	47.0	S	0.0
Skow_XP_002741537.1	Smed_h1SMcT0005103.4	47.0	S	0.0
Apla_XP_022084577.1	Smed_h1SMcT0005103.4	47.0	S	0.0
Spur_XP_030855882.1	Smed_h1SMcT0005103.4	47.0	S	0.0
Aplcal_XP_005095742.2	Smed_h1SMcT0005103.4	47.0	S	0.0
Obim_XP_052822003.1	Smed_h1SMcT0005103.4	47.0	S	0.0
Obim_XP_052822001.1	Smed_h1SMcT0005103.4	47.0	S	0.0
Obim_XP_052822004.1	Smed_h1SMcT0005103.4	47.0	S	0.0
Cvir_XP_022288659.1	Ggal_XP_040560171.1	47.0	S	0.0
Obim_XP_052822002.1	Ggal_XP_040560171.1	47.0	S	0.0
Lana_XP_013413884.1	Ggal_XP_040560171.1	47.0	S	0.0
Skow_XP_002741537.1	Ggal_XP_040560171.1	47.0	S	0.0
Apla_XP_022084577.1	Ggal_XP_040560171.1	47.0	S	0.0
Spur_XP_030855882.1	Ggal_XP_040560171.1	47.0	S	0.0
Aplcal_XP_005095742.2	Ggal_XP_040560171.1	47.0	S	0.0
Obim_XP_052822003.1	Ggal_XP_040560171.1	47.0	S	0.0
Obim_XP_052822001.1	Ggal_XP_040560171.1	47.0	S	0.0
Obim_XP_052822004.1	Ggal_XP_040560171.1	47.0	S	0.0
Cvir_XP_022288659.1	Smed_h1SMcT0005103.2	47.0	S	0.0
Obim_XP_052822002.1	Smed_h1SMcT0005103.2	47.0	S	0.0
Lana_XP_013413884.1	Smed_h1SMcT0005103.2	47.0	S	0.0
Skow_XP_002741537.1	Smed_h1SMcT0005103.2	47.0	S	0.0
Apla_XP_022084577.1	Smed_h1SMcT0005103.2	47.0	S	0.0
Spur_XP_030855882.1	Smed_h1SMcT0005103.2	47.0	S	0.0
Aplcal_XP_005095742.2	Smed_h1SMcT0005103.2	47.0	S	0.0
Obim_XP_052822003.1	Smed_h1SMcT0005103.2	47.0	S	0.0
Obim_XP_052822001.1	Smed_h1SMcT0005103.2	47.0	S	0.0
Obim_XP_052822004.1	Smed_h1SMcT0005103.2	47.0	S	0.0
Cvir_XP_022288659.1	Ggal_XP_040560167.1	47.0	S	0.0
Obim_XP_052822002.1	Ggal_XP_040560167.1	47.0	S	0.0
Lana_XP_013413884.1	Ggal_XP_040560167.1	47.0	S	0.0
Skow_XP_002741537.1	Ggal_XP_040560167.1	47.0	S	0.0
Apla_XP_022084577.1	Ggal_XP_040560167.1	47.0	S	0.0
Spur_XP_030855882.1	Ggal_XP_040560167.1	47.0	S	0.0
Aplcal_XP_005095742.2	Ggal_XP_040560167.1	47.0	S	0.0
Obim_XP_052822003.1	Ggal_XP_040560167.1	47.0	S	0.0
Obim_XP_052822001.1	Ggal_XP_040560167.1	47.0	S	0.0
Obim_XP_052822004.1	Ggal_XP_040560167.1	47.0	S	0.0
Cvir_XP_022288659.1	Hsap_XP_047304876.1	47.0	S	0.0
Obim_XP_052822002.1	Hsap_XP_047304876.1	47.0	S	0.0
Lana_XP_013413884.1	Hsap_XP_047304876.1	47.0	S	0.0
Skow_XP_002741537.1	Hsap_XP_047304876.1	47.0	S	0.0
Apla_XP_022084577.1	Hsap_XP_047304876.1	47.0	S	0.0
Spur_XP_030855882.1	Hsap_XP_047304876.1	47.0	S	0.0
Aplcal_XP_005095742.2	Hsap_XP_047304876.1	47.0	S	0.0
Obim_XP_052822003.1	Hsap_XP_047304876.1	47.0	S	0.0
Obim_XP_052822001.1	Hsap_XP_047304876.1	47.0	S	0.0
Obim_XP_052822004.1	Hsap_XP_047304876.1	47.0	S	0.0
Cvir_XP_022288659.1	Lpol_XP_022239788.1	47.0	S	0.0
Obim_XP_052822002.1	Lpol_XP_022239788.1	47.0	S	0.0
Lana_XP_013413884.1	Lpol_XP_022239788.1	47.0	S	0.0
Skow_XP_002741537.1	Lpol_XP_022239788.1	47.0	S	0.0
Apla_XP_022084577.1	Lpol_XP_022239788.1	47.0	S	0.0
Spur_XP_030855882.1	Lpol_XP_022239788.1	47.0	S	0.0
Aplcal_XP_005095742.2	Lpol_XP_022239788.1	47.0	S	0.0
Obim_XP_052822003.1	Lpol_XP_022239788.1	47.0	S	0.0
Obim_XP_052822001.1	Lpol_XP_022239788.1	47.0	S	0.0
Obim_XP_052822004.1	Lpol_XP_022239788.1	47.0	S	0.0
Cvir_XP_022288659.1	Agrpla_XP_025832966.1	47.0	S	0.0
Obim_XP_052822002.1	Agrpla_XP_025832966.1	47.0	S	0.0
Lana_XP_013413884.1	Agrpla_XP_025832966.1	47.0	S	0.0
Skow_XP_002741537.1	Agrpla_XP_025832966.1	47.0	S	0.0
Apla_XP_022084577.1	Agrpla_XP_025832966.1	47.0	S	0.0
Spur_XP_030855882.1	Agrpla_XP_025832966.1	47.0	S	0.0
Aplcal_XP_005095742.2	Agrpla_XP_025832966.1	47.0	S	0.0
Obim_XP_052822003.1	Agrpla_XP_025832966.1	47.0	S	0.0
Obim_XP_052822001.1	Agrpla_XP_025832966.1	47.0	S	0.0
Obim_XP_052822004.1	Agrpla_XP_025832966.1	47.0	S	0.0
Cvir_XP_022288659.1	Pvan_XP_069969518.1	47.0	S	0.0
Obim_XP_052822002.1	Pvan_XP_069969518.1	47.0	S	0.0
Lana_XP_013413884.1	Pvan_XP_069969518.1	47.0	S	0.0
Skow_XP_002741537.1	Pvan_XP_069969518.1	47.0	S	0.0
Apla_XP_022084577.1	Pvan_XP_069969518.1	47.0	S	0.0
Spur_XP_030855882.1	Pvan_XP_069969518.1	47.0	S	0.0
Aplcal_XP_005095742.2	Pvan_XP_069969518.1	47.0	S	0.0
Obim_XP_052822003.1	Pvan_XP_069969518.1	47.0	S	0.0
Obim_XP_052822001.1	Pvan_XP_069969518.1	47.0	S	0.0
Obim_XP_052822004.1	Pvan_XP_069969518.1	47.0	S	0.0
Cvir_XP_022288659.1	Hsap_XP_047304874.1	47.0	S	0.0
Obim_XP_052822002.1	Hsap_XP_047304874.1	47.0	S	0.0
Lana_XP_013413884.1	Hsap_XP_047304874.1	47.0	S	0.0
Skow_XP_002741537.1	Hsap_XP_047304874.1	47.0	S	0.0
Apla_XP_022084577.1	Hsap_XP_047304874.1	47.0	S	0.0
Spur_XP_030855882.1	Hsap_XP_047304874.1	47.0	S	0.0
Aplcal_XP_005095742.2	Hsap_XP_047304874.1	47.0	S	0.0
Obim_XP_052822003.1	Hsap_XP_047304874.1	47.0	S	0.0
Obim_XP_052822001.1	Hsap_XP_047304874.1	47.0	S	0.0
Obim_XP_052822004.1	Hsap_XP_047304874.1	47.0	S	0.0
Cvir_XP_022288659.1	Hsap_XP_047304875.1	47.0	S	0.0
Obim_XP_052822002.1	Hsap_XP_047304875.1	47.0	S	0.0
Lana_XP_013413884.1	Hsap_XP_047304875.1	47.0	S	0.0
Skow_XP_002741537.1	Hsap_XP_047304875.1	47.0	S	0.0
Apla_XP_022084577.1	Hsap_XP_047304875.1	47.0	S	0.0
Spur_XP_030855882.1	Hsap_XP_047304875.1	47.0	S	0.0
Aplcal_XP_005095742.2	Hsap_XP_047304875.1	47.0	S	0.0
Obim_XP_052822003.1	Hsap_XP_047304875.1	47.0	S	0.0
Obim_XP_052822001.1	Hsap_XP_047304875.1	47.0	S	0.0
Obim_XP_052822004.1	Hsap_XP_047304875.1	47.0	S	0.0
Cvir_XP_022288659.1	Ggal_XP_040560166.1	47.0	S	0.0
Obim_XP_052822002.1	Ggal_XP_040560166.1	47.0	S	0.0
Lana_XP_013413884.1	Ggal_XP_040560166.1	47.0	S	0.0
Skow_XP_002741537.1	Ggal_XP_040560166.1	47.0	S	0.0
Apla_XP_022084577.1	Ggal_XP_040560166.1	47.0	S	0.0
Spur_XP_030855882.1	Ggal_XP_040560166.1	47.0	S	0.0
Aplcal_XP_005095742.2	Ggal_XP_040560166.1	47.0	S	0.0
Obim_XP_052822003.1	Ggal_XP_040560166.1	47.0	S	0.0
Obim_XP_052822001.1	Ggal_XP_040560166.1	47.0	S	0.0
Obim_XP_052822004.1	Ggal_XP_040560166.1	47.0	S	0.0
Cvir_XP_022288659.1	Bmor_XP_004921852.1	47.0	S	0.0
Obim_XP_052822002.1	Bmor_XP_004921852.1	47.0	S	0.0
Lana_XP_013413884.1	Bmor_XP_004921852.1	47.0	S	0.0
Skow_XP_002741537.1	Bmor_XP_004921852.1	47.0	S	0.0
Apla_XP_022084577.1	Bmor_XP_004921852.1	47.0	S	0.0
Spur_XP_030855882.1	Bmor_XP_004921852.1	47.0	S	0.0
Aplcal_XP_005095742.2	Bmor_XP_004921852.1	47.0	S	0.0
Obim_XP_052822003.1	Bmor_XP_004921852.1	47.0	S	0.0
Obim_XP_052822001.1	Bmor_XP_004921852.1	47.0	S	0.0
Obim_XP_052822004.1	Bmor_XP_004921852.1	47.0	S	0.0
Cvir_XP_022288659.1	Hsap_NP_078886.2	47.0	S	0.0
Obim_XP_052822002.1	Hsap_NP_078886.2	47.0	S	0.0
Lana_XP_013413884.1	Hsap_NP_078886.2	47.0	S	0.0
Skow_XP_002741537.1	Hsap_NP_078886.2	47.0	S	0.0
Apla_XP_022084577.1	Hsap_NP_078886.2	47.0	S	0.0
Spur_XP_030855882.1	Hsap_NP_078886.2	47.0	S	0.0
Aplcal_XP_005095742.2	Hsap_NP_078886.2	47.0	S	0.0
Obim_XP_052822003.1	Hsap_NP_078886.2	47.0	S	0.0
Obim_XP_052822001.1	Hsap_NP_078886.2	47.0	S	0.0
Obim_XP_052822004.1	Hsap_NP_078886.2	47.0	S	0.0
Cvir_XP_022288659.1	Drer_XP_021334317.1	47.0	S	0.0
Obim_XP_052822002.1	Drer_XP_021334317.1	47.0	S	0.0
Lana_XP_013413884.1	Drer_XP_021334317.1	47.0	S	0.0
Skow_XP_002741537.1	Drer_XP_021334317.1	47.0	S	0.0
Apla_XP_022084577.1	Drer_XP_021334317.1	47.0	S	0.0
Spur_XP_030855882.1	Drer_XP_021334317.1	47.0	S	0.0
Aplcal_XP_005095742.2	Drer_XP_021334317.1	47.0	S	0.0
Obim_XP_052822003.1	Drer_XP_021334317.1	47.0	S	0.0
Obim_XP_052822001.1	Drer_XP_021334317.1	47.0	S	0.0
Obim_XP_052822004.1	Drer_XP_021334317.1	47.0	S	0.0
Cvir_XP_022288659.1	Ggal_XP_040560165.1	47.0	S	0.0
Obim_XP_052822002.1	Ggal_XP_040560165.1	47.0	S	0.0
Lana_XP_013413884.1	Ggal_XP_040560165.1	47.0	S	0.0
Skow_XP_002741537.1	Ggal_XP_040560165.1	47.0	S	0.0
Apla_XP_022084577.1	Ggal_XP_040560165.1	47.0	S	0.0
Spur_XP_030855882.1	Ggal_XP_040560165.1	47.0	S	0.0
Aplcal_XP_005095742.2	Ggal_XP_040560165.1	47.0	S	0.0
Obim_XP_052822003.1	Ggal_XP_040560165.1	47.0	S	0.0
Obim_XP_052822001.1	Ggal_XP_040560165.1	47.0	S	0.0
Obim_XP_052822004.1	Ggal_XP_040560165.1	47.0	S	0.0
Cvir_XP_022288659.1	Ggal_XP_040560170.1	47.0	S	0.0
Obim_XP_052822002.1	Ggal_XP_040560170.1	47.0	S	0.0
Lana_XP_013413884.1	Ggal_XP_040560170.1	47.0	S	0.0
Skow_XP_002741537.1	Ggal_XP_040560170.1	47.0	S	0.0
Apla_XP_022084577.1	Ggal_XP_040560170.1	47.0	S	0.0
Spur_XP_030855882.1	Ggal_XP_040560170.1	47.0	S	0.0
Aplcal_XP_005095742.2	Ggal_XP_040560170.1	47.0	S	0.0
Obim_XP_052822003.1	Ggal_XP_040560170.1	47.0	S	0.0
Obim_XP_052822001.1	Ggal_XP_040560170.1	47.0	S	0.0
Obim_XP_052822004.1	Ggal_XP_040560170.1	47.0	S	0.0
Cvir_XP_022288659.1	Ggal_XP_015145483.2	47.0	S	0.0
Obim_XP_052822002.1	Ggal_XP_015145483.2	47.0	S	0.0
Lana_XP_013413884.1	Ggal_XP_015145483.2	47.0	S	0.0
Skow_XP_002741537.1	Ggal_XP_015145483.2	47.0	S	0.0
Apla_XP_022084577.1	Ggal_XP_015145483.2	47.0	S	0.0
Spur_XP_030855882.1	Ggal_XP_015145483.2	47.0	S	0.0
Aplcal_XP_005095742.2	Ggal_XP_015145483.2	47.0	S	0.0
Obim_XP_052822003.1	Ggal_XP_015145483.2	47.0	S	0.0
Obim_XP_052822001.1	Ggal_XP_015145483.2	47.0	S	0.0
Obim_XP_052822004.1	Ggal_XP_015145483.2	47.0	S	0.0
Cvir_XP_022288659.1	Ggal_XP_040560168.1	47.0	S	0.0
Obim_XP_052822002.1	Ggal_XP_040560168.1	47.0	S	0.0
Lana_XP_013413884.1	Ggal_XP_040560168.1	47.0	S	0.0
Skow_XP_002741537.1	Ggal_XP_040560168.1	47.0	S	0.0
Apla_XP_022084577.1	Ggal_XP_040560168.1	47.0	S	0.0
Spur_XP_030855882.1	Ggal_XP_040560168.1	47.0	S	0.0
Aplcal_XP_005095742.2	Ggal_XP_040560168.1	47.0	S	0.0
Obim_XP_052822003.1	Ggal_XP_040560168.1	47.0	S	0.0
Obim_XP_052822001.1	Ggal_XP_040560168.1	47.0	S	0.0
Obim_XP_052822004.1	Ggal_XP_040560168.1	47.0	S	0.0
Cvir_XP_022288659.1	Ggal_XP_046799733.1	47.0	S	0.0
Obim_XP_052822002.1	Ggal_XP_046799733.1	47.0	S	0.0
Lana_XP_013413884.1	Ggal_XP_046799733.1	47.0	S	0.0
Skow_XP_002741537.1	Ggal_XP_046799733.1	47.0	S	0.0
Apla_XP_022084577.1	Ggal_XP_046799733.1	47.0	S	0.0
Spur_XP_030855882.1	Ggal_XP_046799733.1	47.0	S	0.0
Aplcal_XP_005095742.2	Ggal_XP_046799733.1	47.0	S	0.0
Obim_XP_052822003.1	Ggal_XP_046799733.1	47.0	S	0.0
Obim_XP_052822001.1	Ggal_XP_046799733.1	47.0	S	0.0
Obim_XP_052822004.1	Ggal_XP_046799733.1	47.0	S	0.0
Cvir_XP_022288659.1	Drer_XP_005167885.1	47.0	S	0.0
Obim_XP_052822002.1	Drer_XP_005167885.1	47.0	S	0.0
Lana_XP_013413884.1	Drer_XP_005167885.1	47.0	S	0.0
Skow_XP_002741537.1	Drer_XP_005167885.1	47.0	S	0.0
Apla_XP_022084577.1	Drer_XP_005167885.1	47.0	S	0.0
Spur_XP_030855882.1	Drer_XP_005167885.1	47.0	S	0.0
Aplcal_XP_005095742.2	Drer_XP_005167885.1	47.0	S	0.0
Obim_XP_052822003.1	Drer_XP_005167885.1	47.0	S	0.0
Obim_XP_052822001.1	Drer_XP_005167885.1	47.0	S	0.0
Obim_XP_052822004.1	Drer_XP_005167885.1	47.0	S	0.0
Cvir_XP_022288659.1	Smar_SMAR012789-PA	47.0	S	0.0
Obim_XP_052822002.1	Smar_SMAR012789-PA	47.0	S	0.0
Lana_XP_013413884.1	Smar_SMAR012789-PA	47.0	S	0.0
Skow_XP_002741537.1	Smar_SMAR012789-PA	47.0	S	0.0
Apla_XP_022084577.1	Smar_SMAR012789-PA	47.0	S	0.0
Spur_XP_030855882.1	Smar_SMAR012789-PA	47.0	S	0.0
Aplcal_XP_005095742.2	Smar_SMAR012789-PA	47.0	S	0.0
Obim_XP_052822003.1	Smar_SMAR012789-PA	47.0	S	0.0
Obim_XP_052822001.1	Smar_SMAR012789-PA	47.0	S	0.0
Obim_XP_052822004.1	Smar_SMAR012789-PA	47.0	S	0.0
Cvir_XP_022288659.1	Sman_XP_018650624.1	47.0	S	0.0
Obim_XP_052822002.1	Sman_XP_018650624.1	47.0	S	0.0
Lana_XP_013413884.1	Sman_XP_018650624.1	47.0	S	0.0
Skow_XP_002741537.1	Sman_XP_018650624.1	47.0	S	0.0
Apla_XP_022084577.1	Sman_XP_018650624.1	47.0	S	0.0
Spur_XP_030855882.1	Sman_XP_018650624.1	47.0	S	0.0
Aplcal_XP_005095742.2	Sman_XP_018650624.1	47.0	S	0.0
Obim_XP_052822003.1	Sman_XP_018650624.1	47.0	S	0.0
Obim_XP_052822001.1	Sman_XP_018650624.1	47.0	S	0.0
Obim_XP_052822004.1	Sman_XP_018650624.1	47.0	S	0.0
Cvir_XP_022288659.1	Hsap_NP_001307657.1	47.0	S	0.0
Obim_XP_052822002.1	Hsap_NP_001307657.1	47.0	S	0.0
Lana_XP_013413884.1	Hsap_NP_001307657.1	47.0	S	0.0
Skow_XP_002741537.1	Hsap_NP_001307657.1	47.0	S	0.0
Apla_XP_022084577.1	Hsap_NP_001307657.1	47.0	S	0.0
Spur_XP_030855882.1	Hsap_NP_001307657.1	47.0	S	0.0
Aplcal_XP_005095742.2	Hsap_NP_001307657.1	47.0	S	0.0
Obim_XP_052822003.1	Hsap_NP_001307657.1	47.0	S	0.0
Obim_XP_052822001.1	Hsap_NP_001307657.1	47.0	S	0.0
Obim_XP_052822004.1	Hsap_NP_001307657.1	47.0	S	0.0
Cvir_XP_022288659.1	Drer_NP_001003777.1	47.0	S	0.0
Obim_XP_052822002.1	Drer_NP_001003777.1	47.0	S	0.0
Lana_XP_013413884.1	Drer_NP_001003777.1	47.0	S	0.0
Skow_XP_002741537.1	Drer_NP_001003777.1	47.0	S	0.0
Apla_XP_022084577.1	Drer_NP_001003777.1	47.0	S	0.0
Spur_XP_030855882.1	Drer_NP_001003777.1	47.0	S	0.0
Aplcal_XP_005095742.2	Drer_NP_001003777.1	47.0	S	0.0
Obim_XP_052822003.1	Drer_NP_001003777.1	47.0	S	0.0
Obim_XP_052822001.1	Drer_NP_001003777.1	47.0	S	0.0
Obim_XP_052822004.1	Drer_NP_001003777.1	47.0	S	0.0
Cvir_XP_022288659.1	Agrpla_XP_018334326.1	47.0	S	0.0
Obim_XP_052822002.1	Agrpla_XP_018334326.1	47.0	S	0.0
Lana_XP_013413884.1	Agrpla_XP_018334326.1	47.0	S	0.0
Skow_XP_002741537.1	Agrpla_XP_018334326.1	47.0	S	0.0
Apla_XP_022084577.1	Agrpla_XP_018334326.1	47.0	S	0.0
Spur_XP_030855882.1	Agrpla_XP_018334326.1	47.0	S	0.0
Aplcal_XP_005095742.2	Agrpla_XP_018334326.1	47.0	S	0.0
Obim_XP_052822003.1	Agrpla_XP_018334326.1	47.0	S	0.0
Obim_XP_052822001.1	Agrpla_XP_018334326.1	47.0	S	0.0
Obim_XP_052822004.1	Agrpla_XP_018334326.1	47.0	S	0.0
Cvir_XP_022288659.1	Ggal_XP_040560169.1	47.0	S	0.0
Obim_XP_052822002.1	Ggal_XP_040560169.1	47.0	S	0.0
Lana_XP_013413884.1	Ggal_XP_040560169.1	47.0	S	0.0
Skow_XP_002741537.1	Ggal_XP_040560169.1	47.0	S	0.0
Apla_XP_022084577.1	Ggal_XP_040560169.1	47.0	S	0.0
Spur_XP_030855882.1	Ggal_XP_040560169.1	47.0	S	0.0
Aplcal_XP_005095742.2	Ggal_XP_040560169.1	47.0	S	0.0
Obim_XP_052822003.1	Ggal_XP_040560169.1	47.0	S	0.0
Obim_XP_052822001.1	Ggal_XP_040560169.1	47.0	S	0.0
Obim_XP_052822004.1	Ggal_XP_040560169.1	47.0	S	0.0
Cvir_XP_022288659.1	Ggal_XP_040560172.1	47.0	S	0.0
Obim_XP_052822002.1	Ggal_XP_040560172.1	47.0	S	0.0
Lana_XP_013413884.1	Ggal_XP_040560172.1	47.0	S	0.0
Skow_XP_002741537.1	Ggal_XP_040560172.1	47.0	S	0.0
Apla_XP_022084577.1	Ggal_XP_040560172.1	47.0	S	0.0
Spur_XP_030855882.1	Ggal_XP_040560172.1	47.0	S	0.0
Aplcal_XP_005095742.2	Ggal_XP_040560172.1	47.0	S	0.0
Obim_XP_052822003.1	Ggal_XP_040560172.1	47.0	S	0.0
Obim_XP_052822001.1	Ggal_XP_040560172.1	47.0	S	0.0
Obim_XP_052822004.1	Ggal_XP_040560172.1	47.0	S	0.0
Cvir_XP_022288659.1	Apimel_XP_016767904.1	47.0	S	0.0
Obim_XP_052822002.1	Apimel_XP_016767904.1	47.0	S	0.0
Lana_XP_013413884.1	Apimel_XP_016767904.1	47.0	S	0.0
Skow_XP_002741537.1	Apimel_XP_016767904.1	47.0	S	0.0
Apla_XP_022084577.1	Apimel_XP_016767904.1	47.0	S	0.0
Spur_XP_030855882.1	Apimel_XP_016767904.1	47.0	S	0.0
Aplcal_XP_005095742.2	Apimel_XP_016767904.1	47.0	S	0.0
Obim_XP_052822003.1	Apimel_XP_016767904.1	47.0	S	0.0
Obim_XP_052822001.1	Apimel_XP_016767904.1	47.0	S	0.0
Obim_XP_052822004.1	Apimel_XP_016767904.1	47.0	S	0.0
Cvir_XP_022288659.1	Dpul_XP_046446230.1	47.0	S	0.0
Obim_XP_052822002.1	Dpul_XP_046446230.1	47.0	S	0.0
Lana_XP_013413884.1	Dpul_XP_046446230.1	47.0	S	0.0
Skow_XP_002741537.1	Dpul_XP_046446230.1	47.0	S	0.0
Apla_XP_022084577.1	Dpul_XP_046446230.1	47.0	S	0.0
Spur_XP_030855882.1	Dpul_XP_046446230.1	47.0	S	0.0
Aplcal_XP_005095742.2	Dpul_XP_046446230.1	47.0	S	0.0
Obim_XP_052822003.1	Dpul_XP_046446230.1	47.0	S	0.0
Obim_XP_052822001.1	Dpul_XP_046446230.1	47.0	S	0.0
Obim_XP_052822004.1	Dpul_XP_046446230.1	47.0	S	0.0
Cvir_XP_022288659.1	Cscu_XP_023216396.1	47.0	S	0.0
Obim_XP_052822002.1	Cscu_XP_023216396.1	47.0	S	0.0
Lana_XP_013413884.1	Cscu_XP_023216396.1	47.0	S	0.0
Skow_XP_002741537.1	Cscu_XP_023216396.1	47.0	S	0.0
Apla_XP_022084577.1	Cscu_XP_023216396.1	47.0	S	0.0
Spur_XP_030855882.1	Cscu_XP_023216396.1	47.0	S	0.0
Aplcal_XP_005095742.2	Cscu_XP_023216396.1	47.0	S	0.0
Obim_XP_052822003.1	Cscu_XP_023216396.1	47.0	S	0.0
Obim_XP_052822001.1	Cscu_XP_023216396.1	47.0	S	0.0
Obim_XP_052822004.1	Cscu_XP_023216396.1	47.0	S	0.0
Cvir_XP_022288659.1	Cint_XP_002119759.1	47.0	S	0.0
Obim_XP_052822002.1	Cint_XP_002119759.1	47.0	S	0.0
Lana_XP_013413884.1	Cint_XP_002119759.1	47.0	S	0.0
Skow_XP_002741537.1	Cint_XP_002119759.1	47.0	S	0.0
Apla_XP_022084577.1	Cint_XP_002119759.1	47.0	S	0.0
Spur_XP_030855882.1	Cint_XP_002119759.1	47.0	S	0.0
Aplcal_XP_005095742.2	Cint_XP_002119759.1	47.0	S	0.0
Obim_XP_052822003.1	Cint_XP_002119759.1	47.0	S	0.0
Obim_XP_052822001.1	Cint_XP_002119759.1	47.0	S	0.0
Obim_XP_052822004.1	Cint_XP_002119759.1	47.0	S	0.0
Cvir_XP_022288659.1	Hsap_XP_005247819.1	47.0	S	0.0
Obim_XP_052822002.1	Hsap_XP_005247819.1	47.0	S	0.0
Lana_XP_013413884.1	Hsap_XP_005247819.1	47.0	S	0.0
Skow_XP_002741537.1	Hsap_XP_005247819.1	47.0	S	0.0
Apla_XP_022084577.1	Hsap_XP_005247819.1	47.0	S	0.0
Spur_XP_030855882.1	Hsap_XP_005247819.1	47.0	S	0.0
Aplcal_XP_005095742.2	Hsap_XP_005247819.1	47.0	S	0.0
Obim_XP_052822003.1	Hsap_XP_005247819.1	47.0	S	0.0
Obim_XP_052822001.1	Hsap_XP_005247819.1	47.0	S	0.0
Obim_XP_052822004.1	Hsap_XP_005247819.1	47.0	S	0.0
Cvir_XP_022288659.1	Smed_h1SMcT0005103.1	47.0	S	0.0
Obim_XP_052822002.1	Smed_h1SMcT0005103.1	47.0	S	0.0
Lana_XP_013413884.1	Smed_h1SMcT0005103.1	47.0	S	0.0
Skow_XP_002741537.1	Smed_h1SMcT0005103.1	47.0	S	0.0
Apla_XP_022084577.1	Smed_h1SMcT0005103.1	47.0	S	0.0
Spur_XP_030855882.1	Smed_h1SMcT0005103.1	47.0	S	0.0
Aplcal_XP_005095742.2	Smed_h1SMcT0005103.1	47.0	S	0.0
Obim_XP_052822003.1	Smed_h1SMcT0005103.1	47.0	S	0.0
Obim_XP_052822001.1	Smed_h1SMcT0005103.1	47.0	S	0.0
Obim_XP_052822004.1	Smed_h1SMcT0005103.1	47.0	S	0.0
Cvir_XP_022288659.1	Hsap_XP_016862668.1	47.0	S	0.0
Obim_XP_052822002.1	Hsap_XP_016862668.1	47.0	S	0.0
Lana_XP_013413884.1	Hsap_XP_016862668.1	47.0	S	0.0
Skow_XP_002741537.1	Hsap_XP_016862668.1	47.0	S	0.0
Apla_XP_022084577.1	Hsap_XP_016862668.1	47.0	S	0.0
Spur_XP_030855882.1	Hsap_XP_016862668.1	47.0	S	0.0
Aplcal_XP_005095742.2	Hsap_XP_016862668.1	47.0	S	0.0
Obim_XP_052822003.1	Hsap_XP_016862668.1	47.0	S	0.0
Obim_XP_052822001.1	Hsap_XP_016862668.1	47.0	S	0.0
Obim_XP_052822004.1	Hsap_XP_016862668.1	47.0	S	0.0
Cvir_XP_022288659.1	Dmel_NP_651581.2	47.0	S	0.0
Obim_XP_052822002.1	Dmel_NP_651581.2	47.0	S	0.0
Lana_XP_013413884.1	Dmel_NP_651581.2	47.0	S	0.0
Skow_XP_002741537.1	Dmel_NP_651581.2	47.0	S	0.0
Apla_XP_022084577.1	Dmel_NP_651581.2	47.0	S	0.0
Spur_XP_030855882.1	Dmel_NP_651581.2	47.0	S	0.0
Aplcal_XP_005095742.2	Dmel_NP_651581.2	47.0	S	0.0
Obim_XP_052822003.1	Dmel_NP_651581.2	47.0	S	0.0
Obim_XP_052822001.1	Dmel_NP_651581.2	47.0	S	0.0
Obim_XP_052822004.1	Dmel_NP_651581.2	47.0	S	0.0
Cvir_XP_022288659.1	Btab_XP_018915393.1	47.0	S	0.0
Obim_XP_052822002.1	Btab_XP_018915393.1	47.0	S	0.0
Lana_XP_013413884.1	Btab_XP_018915393.1	47.0	S	0.0
Skow_XP_002741537.1	Btab_XP_018915393.1	47.0	S	0.0
Apla_XP_022084577.1	Btab_XP_018915393.1	47.0	S	0.0
Spur_XP_030855882.1	Btab_XP_018915393.1	47.0	S	0.0
Aplcal_XP_005095742.2	Btab_XP_018915393.1	47.0	S	0.0
Obim_XP_052822003.1	Btab_XP_018915393.1	47.0	S	0.0
Obim_XP_052822001.1	Btab_XP_018915393.1	47.0	S	0.0
Obim_XP_052822004.1	Btab_XP_018915393.1	47.0	S	0.0
Cvir_XP_022288659.1	Xtro_XP_031749400.1	47.0	S	0.0
Obim_XP_052822002.1	Xtro_XP_031749400.1	47.0	S	0.0
Lana_XP_013413884.1	Xtro_XP_031749400.1	47.0	S	0.0
Skow_XP_002741537.1	Xtro_XP_031749400.1	47.0	S	0.0
Apla_XP_022084577.1	Xtro_XP_031749400.1	47.0	S	0.0
Spur_XP_030855882.1	Xtro_XP_031749400.1	47.0	S	0.0
Aplcal_XP_005095742.2	Xtro_XP_031749400.1	47.0	S	0.0
Obim_XP_052822003.1	Xtro_XP_031749400.1	47.0	S	0.0
Obim_XP_052822001.1	Xtro_XP_031749400.1	47.0	S	0.0
Obim_XP_052822004.1	Xtro_XP_031749400.1	47.0	S	0.0
Scil_XP_065179077.1	Scil_XP_065179076.1	100.0	D	1.0
Aque_XP_019853179.1	Twil_T_wilhelma_c31096_g1_i6|m.39746	100.0	S	0.0
Aque_XP_019853179.1	Emue_Em0020g127a	100.0	S	0.0
Cowc_XP_004349075.2	Pigvie_Pvie_g2304	79.0	S	0.0
Cowc_XP_004349075.2	Pigchi_Pchi_g13709	79.0	S	0.0
Trimur_TMUE_1000003398	Tsui_KHJ40711.1	100.0	S	0.0
Trimur_TMUE_1000003398	Ttri_CDW54493.1	100.0	S	0.0
Priarc_PARCANUS000012818.t1	Ovol_OVOC5945	91.0	S	0.0
Mjap_MIJAPON000007023.t1	Ovol_OVOC5945	91.0	S	0.0
Priarc_PARCANUS000012818.t1	Eela_EEL_0000209001-mRNA-1	91.0	S	0.0
Mjap_MIJAPON000007023.t1	Eela_EEL_0000209001-mRNA-1	91.0	S	0.0
Priarc_PARCANUS000012818.t1	Avit_KAL3984644.1	91.0	S	0.0
Mjap_MIJAPON000007023.t1	Avit_KAL3984644.1	91.0	S	0.0
Priarc_PARCANUS000012818.t1	Dimm_MCP9262741.1	91.0	S	0.0
Mjap_MIJAPON000007023.t1	Dimm_MCP9262741.1	91.0	S	0.0
Priarc_PARCANUS000012818.t1	Asuu_AgB03_g048_t04	91.0	S	0.0
Mjap_MIJAPON000007023.t1	Asuu_AgB03_g048_t04	91.0	S	0.0
Priarc_PARCANUS000012818.t1	Gpal_Gpal_D383_g03642.t1	91.0	S	0.0
Mjap_MIJAPON000007023.t1	Gpal_Gpal_D383_g03642.t1	91.0	S	0.0
Priarc_PARCANUS000012818.t1	Mhap_MhA1_Contig2752.frz3.gene1	91.0	S	0.0
Mjap_MIJAPON000007023.t1	Mhap_MhA1_Contig2752.frz3.gene1	91.0	S	0.0
Priarc_PARCANUS000012818.t1	Wban_VDM07865.1	91.0	S	0.0
Mjap_MIJAPON000007023.t1	Wban_VDM07865.1	91.0	S	0.0
Priarc_PARCANUS000012818.t1	Psp.PS1159_PS1159_v2.g11687.t1	91.0	S	0.0
Mjap_MIJAPON000007023.t1	Psp.PS1159_PS1159_v2.g11687.t1	91.0	S	0.0
Priarc_PARCANUS000012818.t1	Lloa_XP_020302644.1	91.0	S	0.0
Mjap_MIJAPON000007023.t1	Lloa_XP_020302644.1	91.0	S	0.0
Priarc_PARCANUS000012818.t1	Asuu_AgB03_g048_t03	91.0	S	0.0
Mjap_MIJAPON000007023.t1	Asuu_AgB03_g048_t03	91.0	S	0.0
Priarc_PARCANUS000012818.t1	Bmal_XP_001893320.2	91.0	S	0.0
Mjap_MIJAPON000007023.t1	Bmal_XP_001893320.2	91.0	S	0.0
Priarc_PARCANUS000012818.t1	Lsig_VDK88905.1	91.0	S	0.0
Mjap_MIJAPON000007023.t1	Lsig_VDK88905.1	91.0	S	0.0
Mlei_ML11821a-PA	Lcom_lcpid72575|	53.0	S	0.0
Mlei_ML11821a-PA	Scil_XP_065198767.1	53.0	S	0.0
Aque_XP_003385276.1	Aque_XP_003390430.1	100.0	D	1.0
Twil_T_wilhelma_c32405_g1_i3|m.47712	Twil_T_wilhelma_c32405_g1_i6|m.47715	100.0	D	1.0
Twil_T_wilhelma_c32405_g1_i1|m.47710	Twil_T_wilhelma_c32405_g1_i6|m.47715	100.0	D	1.0
Twil_T_wilhelma_c32405_g1_i3|m.47712	Twil_T_wilhelma_c32405_g1_i5|m.47714	100.0	D	1.0
Twil_T_wilhelma_c32405_g1_i1|m.47710	Twil_T_wilhelma_c32405_g1_i5|m.47714	100.0	D	1.0
Twil_T_wilhelma_c32405_g1_i3|m.47712	Twil_T_wilhelma_c32405_g1_i2|m.47711	100.0	D	1.0
Twil_T_wilhelma_c32405_g1_i1|m.47710	Twil_T_wilhelma_c32405_g1_i2|m.47711	100.0	D	1.0
Blan_XP_066295390.1	Blan_XP_066295391.1	100.0	D	1.0
Lana_XP_013413884.1	Cvir_XP_022288659.1	73.0	S	0.0
Spur_XP_030855882.1	Cvir_XP_022288659.1	73.0	S	0.0
Skow_XP_002741537.1	Cvir_XP_022288659.1	73.0	S	0.0
Apla_XP_022084577.1	Cvir_XP_022288659.1	73.0	S	0.0
Lana_XP_013413884.1	Obim_XP_052822002.1	73.0	S	0.0
Spur_XP_030855882.1	Obim_XP_052822002.1	73.0	S	0.0
Skow_XP_002741537.1	Obim_XP_052822002.1	73.0	S	0.0
Apla_XP_022084577.1	Obim_XP_052822002.1	73.0	S	0.0
Lana_XP_013413884.1	Obim_XP_052822003.1	73.0	S	0.0
Spur_XP_030855882.1	Obim_XP_052822003.1	73.0	S	0.0
Skow_XP_002741537.1	Obim_XP_052822003.1	73.0	S	0.0
Apla_XP_022084577.1	Obim_XP_052822003.1	73.0	S	0.0
Lana_XP_013413884.1	Aplcal_XP_005095742.2	73.0	S	0.0
Spur_XP_030855882.1	Aplcal_XP_005095742.2	73.0	S	0.0
Skow_XP_002741537.1	Aplcal_XP_005095742.2	73.0	S	0.0
Apla_XP_022084577.1	Aplcal_XP_005095742.2	73.0	S	0.0
Lana_XP_013413884.1	Obim_XP_052822001.1	73.0	S	0.0
Spur_XP_030855882.1	Obim_XP_052822001.1	73.0	S	0.0
Skow_XP_002741537.1	Obim_XP_052822001.1	73.0	S	0.0
Apla_XP_022084577.1	Obim_XP_052822001.1	73.0	S	0.0
Lana_XP_013413884.1	Obim_XP_052822004.1	73.0	S	0.0
Spur_XP_030855882.1	Obim_XP_052822004.1	73.0	S	0.0
Skow_XP_002741537.1	Obim_XP_052822004.1	73.0	S	0.0
Apla_XP_022084577.1	Obim_XP_052822004.1	73.0	S	0.0
Echgra_XP_024354894.1	Ggal_XP_040560173.1	61.0	S	0.0
Smed_h1SMcT0005103.3	Ggal_XP_040560173.1	61.0	S	0.0
Agrpla_XP_018334324.1	Ggal_XP_040560173.1	61.0	S	0.0
Smed_h1SMcT0005103.4	Ggal_XP_040560173.1	61.0	S	0.0
Smed_h1SMcT0005103.2	Ggal_XP_040560173.1	61.0	S	0.0
Lpol_XP_022239788.1	Ggal_XP_040560173.1	61.0	S	0.0
Agrpla_XP_025832966.1	Ggal_XP_040560173.1	61.0	S	0.0
Pvan_XP_069969518.1	Ggal_XP_040560173.1	61.0	S	0.0
Bmor_XP_004921852.1	Ggal_XP_040560173.1	61.0	S	0.0
Smar_SMAR012789-PA	Ggal_XP_040560173.1	61.0	S	0.0
Sman_XP_018650624.1	Ggal_XP_040560173.1	61.0	S	0.0
Agrpla_XP_018334326.1	Ggal_XP_040560173.1	61.0	S	0.0
Apimel_XP_016767904.1	Ggal_XP_040560173.1	61.0	S	0.0
Dpul_XP_046446230.1	Ggal_XP_040560173.1	61.0	S	0.0
Cscu_XP_023216396.1	Ggal_XP_040560173.1	61.0	S	0.0
Cint_XP_002119759.1	Ggal_XP_040560173.1	61.0	S	0.0
Smed_h1SMcT0005103.1	Ggal_XP_040560173.1	61.0	S	0.0
Dmel_NP_651581.2	Ggal_XP_040560173.1	61.0	S	0.0
Btab_XP_018915393.1	Ggal_XP_040560173.1	61.0	S	0.0
Echgra_XP_024354894.1	Ggal_XP_040560171.1	61.0	S	0.0
Smed_h1SMcT0005103.3	Ggal_XP_040560171.1	61.0	S	0.0
Agrpla_XP_018334324.1	Ggal_XP_040560171.1	61.0	S	0.0
Smed_h1SMcT0005103.4	Ggal_XP_040560171.1	61.0	S	0.0
Smed_h1SMcT0005103.2	Ggal_XP_040560171.1	61.0	S	0.0
Lpol_XP_022239788.1	Ggal_XP_040560171.1	61.0	S	0.0
Agrpla_XP_025832966.1	Ggal_XP_040560171.1	61.0	S	0.0
Pvan_XP_069969518.1	Ggal_XP_040560171.1	61.0	S	0.0
Bmor_XP_004921852.1	Ggal_XP_040560171.1	61.0	S	0.0
Smar_SMAR012789-PA	Ggal_XP_040560171.1	61.0	S	0.0
Sman_XP_018650624.1	Ggal_XP_040560171.1	61.0	S	0.0
Agrpla_XP_018334326.1	Ggal_XP_040560171.1	61.0	S	0.0
Apimel_XP_016767904.1	Ggal_XP_040560171.1	61.0	S	0.0
Dpul_XP_046446230.1	Ggal_XP_040560171.1	61.0	S	0.0
Cscu_XP_023216396.1	Ggal_XP_040560171.1	61.0	S	0.0
Cint_XP_002119759.1	Ggal_XP_040560171.1	61.0	S	0.0
Smed_h1SMcT0005103.1	Ggal_XP_040560171.1	61.0	S	0.0
Dmel_NP_651581.2	Ggal_XP_040560171.1	61.0	S	0.0
Btab_XP_018915393.1	Ggal_XP_040560171.1	61.0	S	0.0
Echgra_XP_024354894.1	Ggal_XP_040560167.1	61.0	S	0.0
Smed_h1SMcT0005103.3	Ggal_XP_040560167.1	61.0	S	0.0
Agrpla_XP_018334324.1	Ggal_XP_040560167.1	61.0	S	0.0
Smed_h1SMcT0005103.4	Ggal_XP_040560167.1	61.0	S	0.0
Smed_h1SMcT0005103.2	Ggal_XP_040560167.1	61.0	S	0.0
Lpol_XP_022239788.1	Ggal_XP_040560167.1	61.0	S	0.0
Agrpla_XP_025832966.1	Ggal_XP_040560167.1	61.0	S	0.0
Pvan_XP_069969518.1	Ggal_XP_040560167.1	61.0	S	0.0
Bmor_XP_004921852.1	Ggal_XP_040560167.1	61.0	S	0.0
Smar_SMAR012789-PA	Ggal_XP_040560167.1	61.0	S	0.0
Sman_XP_018650624.1	Ggal_XP_040560167.1	61.0	S	0.0
Agrpla_XP_018334326.1	Ggal_XP_040560167.1	61.0	S	0.0
Apimel_XP_016767904.1	Ggal_XP_040560167.1	61.0	S	0.0
Dpul_XP_046446230.1	Ggal_XP_040560167.1	61.0	S	0.0
Cscu_XP_023216396.1	Ggal_XP_040560167.1	61.0	S	0.0
Cint_XP_002119759.1	Ggal_XP_040560167.1	61.0	S	0.0
Smed_h1SMcT0005103.1	Ggal_XP_040560167.1	61.0	S	0.0
Dmel_NP_651581.2	Ggal_XP_040560167.1	61.0	S	0.0
Btab_XP_018915393.1	Ggal_XP_040560167.1	61.0	S	0.0
Echgra_XP_024354894.1	Hsap_XP_047304876.1	61.0	S	0.0
Smed_h1SMcT0005103.3	Hsap_XP_047304876.1	61.0	S	0.0
Agrpla_XP_018334324.1	Hsap_XP_047304876.1	61.0	S	0.0
Smed_h1SMcT0005103.4	Hsap_XP_047304876.1	61.0	S	0.0
Smed_h1SMcT0005103.2	Hsap_XP_047304876.1	61.0	S	0.0
Lpol_XP_022239788.1	Hsap_XP_047304876.1	61.0	S	0.0
Agrpla_XP_025832966.1	Hsap_XP_047304876.1	61.0	S	0.0
Pvan_XP_069969518.1	Hsap_XP_047304876.1	61.0	S	0.0
Bmor_XP_004921852.1	Hsap_XP_047304876.1	61.0	S	0.0
Smar_SMAR012789-PA	Hsap_XP_047304876.1	61.0	S	0.0
Sman_XP_018650624.1	Hsap_XP_047304876.1	61.0	S	0.0
Agrpla_XP_018334326.1	Hsap_XP_047304876.1	61.0	S	0.0
Apimel_XP_016767904.1	Hsap_XP_047304876.1	61.0	S	0.0
Dpul_XP_046446230.1	Hsap_XP_047304876.1	61.0	S	0.0
Cscu_XP_023216396.1	Hsap_XP_047304876.1	61.0	S	0.0
Cint_XP_002119759.1	Hsap_XP_047304876.1	61.0	S	0.0
Smed_h1SMcT0005103.1	Hsap_XP_047304876.1	61.0	S	0.0
Dmel_NP_651581.2	Hsap_XP_047304876.1	61.0	S	0.0
Btab_XP_018915393.1	Hsap_XP_047304876.1	61.0	S	0.0
Echgra_XP_024354894.1	Hsap_XP_047304874.1	61.0	S	0.0
Smed_h1SMcT0005103.3	Hsap_XP_047304874.1	61.0	S	0.0
Agrpla_XP_018334324.1	Hsap_XP_047304874.1	61.0	S	0.0
Smed_h1SMcT0005103.4	Hsap_XP_047304874.1	61.0	S	0.0
Smed_h1SMcT0005103.2	Hsap_XP_047304874.1	61.0	S	0.0
Lpol_XP_022239788.1	Hsap_XP_047304874.1	61.0	S	0.0
Agrpla_XP_025832966.1	Hsap_XP_047304874.1	61.0	S	0.0
Pvan_XP_069969518.1	Hsap_XP_047304874.1	61.0	S	0.0
Bmor_XP_004921852.1	Hsap_XP_047304874.1	61.0	S	0.0
Smar_SMAR012789-PA	Hsap_XP_047304874.1	61.0	S	0.0
Sman_XP_018650624.1	Hsap_XP_047304874.1	61.0	S	0.0
Agrpla_XP_018334326.1	Hsap_XP_047304874.1	61.0	S	0.0
Apimel_XP_016767904.1	Hsap_XP_047304874.1	61.0	S	0.0
Dpul_XP_046446230.1	Hsap_XP_047304874.1	61.0	S	0.0
Cscu_XP_023216396.1	Hsap_XP_047304874.1	61.0	S	0.0
Cint_XP_002119759.1	Hsap_XP_047304874.1	61.0	S	0.0
Smed_h1SMcT0005103.1	Hsap_XP_047304874.1	61.0	S	0.0
Dmel_NP_651581.2	Hsap_XP_047304874.1	61.0	S	0.0
Btab_XP_018915393.1	Hsap_XP_047304874.1	61.0	S	0.0
Echgra_XP_024354894.1	Hsap_XP_047304875.1	61.0	S	0.0
Smed_h1SMcT0005103.3	Hsap_XP_047304875.1	61.0	S	0.0
Agrpla_XP_018334324.1	Hsap_XP_047304875.1	61.0	S	0.0
Smed_h1SMcT0005103.4	Hsap_XP_047304875.1	61.0	S	0.0
Smed_h1SMcT0005103.2	Hsap_XP_047304875.1	61.0	S	0.0
Lpol_XP_022239788.1	Hsap_XP_047304875.1	61.0	S	0.0
Agrpla_XP_025832966.1	Hsap_XP_047304875.1	61.0	S	0.0
Pvan_XP_069969518.1	Hsap_XP_047304875.1	61.0	S	0.0
Bmor_XP_004921852.1	Hsap_XP_047304875.1	61.0	S	0.0
Smar_SMAR012789-PA	Hsap_XP_047304875.1	61.0	S	0.0
Sman_XP_018650624.1	Hsap_XP_047304875.1	61.0	S	0.0
Agrpla_XP_018334326.1	Hsap_XP_047304875.1	61.0	S	0.0
Apimel_XP_016767904.1	Hsap_XP_047304875.1	61.0	S	0.0
Dpul_XP_046446230.1	Hsap_XP_047304875.1	61.0	S	0.0
Cscu_XP_023216396.1	Hsap_XP_047304875.1	61.0	S	0.0
Cint_XP_002119759.1	Hsap_XP_047304875.1	61.0	S	0.0
Smed_h1SMcT0005103.1	Hsap_XP_047304875.1	61.0	S	0.0
Dmel_NP_651581.2	Hsap_XP_047304875.1	61.0	S	0.0
Btab_XP_018915393.1	Hsap_XP_047304875.1	61.0	S	0.0
Echgra_XP_024354894.1	Ggal_XP_040560166.1	61.0	S	0.0
Smed_h1SMcT0005103.3	Ggal_XP_040560166.1	61.0	S	0.0
Agrpla_XP_018334324.1	Ggal_XP_040560166.1	61.0	S	0.0
Smed_h1SMcT0005103.4	Ggal_XP_040560166.1	61.0	S	0.0
Smed_h1SMcT0005103.2	Ggal_XP_040560166.1	61.0	S	0.0
Lpol_XP_022239788.1	Ggal_XP_040560166.1	61.0	S	0.0
Agrpla_XP_025832966.1	Ggal_XP_040560166.1	61.0	S	0.0
Pvan_XP_069969518.1	Ggal_XP_040560166.1	61.0	S	0.0
Bmor_XP_004921852.1	Ggal_XP_040560166.1	61.0	S	0.0
Smar_SMAR012789-PA	Ggal_XP_040560166.1	61.0	S	0.0
Sman_XP_018650624.1	Ggal_XP_040560166.1	61.0	S	0.0
Agrpla_XP_018334326.1	Ggal_XP_040560166.1	61.0	S	0.0
Apimel_XP_016767904.1	Ggal_XP_040560166.1	61.0	S	0.0
Dpul_XP_046446230.1	Ggal_XP_040560166.1	61.0	S	0.0
Cscu_XP_023216396.1	Ggal_XP_040560166.1	61.0	S	0.0
Cint_XP_002119759.1	Ggal_XP_040560166.1	61.0	S	0.0
Smed_h1SMcT0005103.1	Ggal_XP_040560166.1	61.0	S	0.0
Dmel_NP_651581.2	Ggal_XP_040560166.1	61.0	S	0.0
Btab_XP_018915393.1	Ggal_XP_040560166.1	61.0	S	0.0
Echgra_XP_024354894.1	Hsap_NP_078886.2	61.0	S	0.0
Smed_h1SMcT0005103.3	Hsap_NP_078886.2	61.0	S	0.0
Agrpla_XP_018334324.1	Hsap_NP_078886.2	61.0	S	0.0
Smed_h1SMcT0005103.4	Hsap_NP_078886.2	61.0	S	0.0
Smed_h1SMcT0005103.2	Hsap_NP_078886.2	61.0	S	0.0
Lpol_XP_022239788.1	Hsap_NP_078886.2	61.0	S	0.0
Agrpla_XP_025832966.1	Hsap_NP_078886.2	61.0	S	0.0
Pvan_XP_069969518.1	Hsap_NP_078886.2	61.0	S	0.0
Bmor_XP_004921852.1	Hsap_NP_078886.2	61.0	S	0.0
Smar_SMAR012789-PA	Hsap_NP_078886.2	61.0	S	0.0
Sman_XP_018650624.1	Hsap_NP_078886.2	61.0	S	0.0
Agrpla_XP_018334326.1	Hsap_NP_078886.2	61.0	S	0.0
Apimel_XP_016767904.1	Hsap_NP_078886.2	61.0	S	0.0
Dpul_XP_046446230.1	Hsap_NP_078886.2	61.0	S	0.0
Cscu_XP_023216396.1	Hsap_NP_078886.2	61.0	S	0.0
Cint_XP_002119759.1	Hsap_NP_078886.2	61.0	S	0.0
Smed_h1SMcT0005103.1	Hsap_NP_078886.2	61.0	S	0.0
Dmel_NP_651581.2	Hsap_NP_078886.2	61.0	S	0.0
Btab_XP_018915393.1	Hsap_NP_078886.2	61.0	S	0.0
Echgra_XP_024354894.1	Drer_XP_021334317.1	61.0	S	0.0
Smed_h1SMcT0005103.3	Drer_XP_021334317.1	61.0	S	0.0
Agrpla_XP_018334324.1	Drer_XP_021334317.1	61.0	S	0.0
Smed_h1SMcT0005103.4	Drer_XP_021334317.1	61.0	S	0.0
Smed_h1SMcT0005103.2	Drer_XP_021334317.1	61.0	S	0.0
Lpol_XP_022239788.1	Drer_XP_021334317.1	61.0	S	0.0
Agrpla_XP_025832966.1	Drer_XP_021334317.1	61.0	S	0.0
Pvan_XP_069969518.1	Drer_XP_021334317.1	61.0	S	0.0
Bmor_XP_004921852.1	Drer_XP_021334317.1	61.0	S	0.0
Smar_SMAR012789-PA	Drer_XP_021334317.1	61.0	S	0.0
Sman_XP_018650624.1	Drer_XP_021334317.1	61.0	S	0.0
Agrpla_XP_018334326.1	Drer_XP_021334317.1	61.0	S	0.0
Apimel_XP_016767904.1	Drer_XP_021334317.1	61.0	S	0.0
Dpul_XP_046446230.1	Drer_XP_021334317.1	61.0	S	0.0
Cscu_XP_023216396.1	Drer_XP_021334317.1	61.0	S	0.0
Cint_XP_002119759.1	Drer_XP_021334317.1	61.0	S	0.0
Smed_h1SMcT0005103.1	Drer_XP_021334317.1	61.0	S	0.0
Dmel_NP_651581.2	Drer_XP_021334317.1	61.0	S	0.0
Btab_XP_018915393.1	Drer_XP_021334317.1	61.0	S	0.0
Echgra_XP_024354894.1	Ggal_XP_040560165.1	61.0	S	0.0
Smed_h1SMcT0005103.3	Ggal_XP_040560165.1	61.0	S	0.0
Agrpla_XP_018334324.1	Ggal_XP_040560165.1	61.0	S	0.0
Smed_h1SMcT0005103.4	Ggal_XP_040560165.1	61.0	S	0.0
Smed_h1SMcT0005103.2	Ggal_XP_040560165.1	61.0	S	0.0
Lpol_XP_022239788.1	Ggal_XP_040560165.1	61.0	S	0.0
Agrpla_XP_025832966.1	Ggal_XP_040560165.1	61.0	S	0.0
Pvan_XP_069969518.1	Ggal_XP_040560165.1	61.0	S	0.0
Bmor_XP_004921852.1	Ggal_XP_040560165.1	61.0	S	0.0
Smar_SMAR012789-PA	Ggal_XP_040560165.1	61.0	S	0.0
Sman_XP_018650624.1	Ggal_XP_040560165.1	61.0	S	0.0
Agrpla_XP_018334326.1	Ggal_XP_040560165.1	61.0	S	0.0
Apimel_XP_016767904.1	Ggal_XP_040560165.1	61.0	S	0.0
Dpul_XP_046446230.1	Ggal_XP_040560165.1	61.0	S	0.0
Cscu_XP_023216396.1	Ggal_XP_040560165.1	61.0	S	0.0
Cint_XP_002119759.1	Ggal_XP_040560165.1	61.0	S	0.0
Smed_h1SMcT0005103.1	Ggal_XP_040560165.1	61.0	S	0.0
Dmel_NP_651581.2	Ggal_XP_040560165.1	61.0	S	0.0
Btab_XP_018915393.1	Ggal_XP_040560165.1	61.0	S	0.0
Echgra_XP_024354894.1	Ggal_XP_040560170.1	61.0	S	0.0
Smed_h1SMcT0005103.3	Ggal_XP_040560170.1	61.0	S	0.0
Agrpla_XP_018334324.1	Ggal_XP_040560170.1	61.0	S	0.0
Smed_h1SMcT0005103.4	Ggal_XP_040560170.1	61.0	S	0.0
Smed_h1SMcT0005103.2	Ggal_XP_040560170.1	61.0	S	0.0
Lpol_XP_022239788.1	Ggal_XP_040560170.1	61.0	S	0.0
Agrpla_XP_025832966.1	Ggal_XP_040560170.1	61.0	S	0.0
Pvan_XP_069969518.1	Ggal_XP_040560170.1	61.0	S	0.0
Bmor_XP_004921852.1	Ggal_XP_040560170.1	61.0	S	0.0
Smar_SMAR012789-PA	Ggal_XP_040560170.1	61.0	S	0.0
Sman_XP_018650624.1	Ggal_XP_040560170.1	61.0	S	0.0
Agrpla_XP_018334326.1	Ggal_XP_040560170.1	61.0	S	0.0
Apimel_XP_016767904.1	Ggal_XP_040560170.1	61.0	S	0.0
Dpul_XP_046446230.1	Ggal_XP_040560170.1	61.0	S	0.0
Cscu_XP_023216396.1	Ggal_XP_040560170.1	61.0	S	0.0
Cint_XP_002119759.1	Ggal_XP_040560170.1	61.0	S	0.0
Smed_h1SMcT0005103.1	Ggal_XP_040560170.1	61.0	S	0.0
Dmel_NP_651581.2	Ggal_XP_040560170.1	61.0	S	0.0
Btab_XP_018915393.1	Ggal_XP_040560170.1	61.0	S	0.0
Echgra_XP_024354894.1	Ggal_XP_015145483.2	61.0	S	0.0
Smed_h1SMcT0005103.3	Ggal_XP_015145483.2	61.0	S	0.0
Agrpla_XP_018334324.1	Ggal_XP_015145483.2	61.0	S	0.0
Smed_h1SMcT0005103.4	Ggal_XP_015145483.2	61.0	S	0.0
Smed_h1SMcT0005103.2	Ggal_XP_015145483.2	61.0	S	0.0
Lpol_XP_022239788.1	Ggal_XP_015145483.2	61.0	S	0.0
Agrpla_XP_025832966.1	Ggal_XP_015145483.2	61.0	S	0.0
Pvan_XP_069969518.1	Ggal_XP_015145483.2	61.0	S	0.0
Bmor_XP_004921852.1	Ggal_XP_015145483.2	61.0	S	0.0
Smar_SMAR012789-PA	Ggal_XP_015145483.2	61.0	S	0.0
Sman_XP_018650624.1	Ggal_XP_015145483.2	61.0	S	0.0
Agrpla_XP_018334326.1	Ggal_XP_015145483.2	61.0	S	0.0
Apimel_XP_016767904.1	Ggal_XP_015145483.2	61.0	S	0.0
Dpul_XP_046446230.1	Ggal_XP_015145483.2	61.0	S	0.0
Cscu_XP_023216396.1	Ggal_XP_015145483.2	61.0	S	0.0
Cint_XP_002119759.1	Ggal_XP_015145483.2	61.0	S	0.0
Smed_h1SMcT0005103.1	Ggal_XP_015145483.2	61.0	S	0.0
Dmel_NP_651581.2	Ggal_XP_015145483.2	61.0	S	0.0
Btab_XP_018915393.1	Ggal_XP_015145483.2	61.0	S	0.0
Echgra_XP_024354894.1	Ggal_XP_040560168.1	61.0	S	0.0
Smed_h1SMcT0005103.3	Ggal_XP_040560168.1	61.0	S	0.0
Agrpla_XP_018334324.1	Ggal_XP_040560168.1	61.0	S	0.0
Smed_h1SMcT0005103.4	Ggal_XP_040560168.1	61.0	S	0.0
Smed_h1SMcT0005103.2	Ggal_XP_040560168.1	61.0	S	0.0
Lpol_XP_022239788.1	Ggal_XP_040560168.1	61.0	S	0.0
Agrpla_XP_025832966.1	Ggal_XP_040560168.1	61.0	S	0.0
Pvan_XP_069969518.1	Ggal_XP_040560168.1	61.0	S	0.0
Bmor_XP_004921852.1	Ggal_XP_040560168.1	61.0	S	0.0
Smar_SMAR012789-PA	Ggal_XP_040560168.1	61.0	S	0.0
Sman_XP_018650624.1	Ggal_XP_040560168.1	61.0	S	0.0
Agrpla_XP_018334326.1	Ggal_XP_040560168.1	61.0	S	0.0
Apimel_XP_016767904.1	Ggal_XP_040560168.1	61.0	S	0.0
Dpul_XP_046446230.1	Ggal_XP_040560168.1	61.0	S	0.0
Cscu_XP_023216396.1	Ggal_XP_040560168.1	61.0	S	0.0
Cint_XP_002119759.1	Ggal_XP_040560168.1	61.0	S	0.0
Smed_h1SMcT0005103.1	Ggal_XP_040560168.1	61.0	S	0.0
Dmel_NP_651581.2	Ggal_XP_040560168.1	61.0	S	0.0
Btab_XP_018915393.1	Ggal_XP_040560168.1	61.0	S	0.0
Echgra_XP_024354894.1	Ggal_XP_046799733.1	61.0	S	0.0
Smed_h1SMcT0005103.3	Ggal_XP_046799733.1	61.0	S	0.0
Agrpla_XP_018334324.1	Ggal_XP_046799733.1	61.0	S	0.0
Smed_h1SMcT0005103.4	Ggal_XP_046799733.1	61.0	S	0.0
Smed_h1SMcT0005103.2	Ggal_XP_046799733.1	61.0	S	0.0
Lpol_XP_022239788.1	Ggal_XP_046799733.1	61.0	S	0.0
Agrpla_XP_025832966.1	Ggal_XP_046799733.1	61.0	S	0.0
Pvan_XP_069969518.1	Ggal_XP_046799733.1	61.0	S	0.0
Bmor_XP_004921852.1	Ggal_XP_046799733.1	61.0	S	0.0
Smar_SMAR012789-PA	Ggal_XP_046799733.1	61.0	S	0.0
Sman_XP_018650624.1	Ggal_XP_046799733.1	61.0	S	0.0
Agrpla_XP_018334326.1	Ggal_XP_046799733.1	61.0	S	0.0
Apimel_XP_016767904.1	Ggal_XP_046799733.1	61.0	S	0.0
Dpul_XP_046446230.1	Ggal_XP_046799733.1	61.0	S	0.0
Cscu_XP_023216396.1	Ggal_XP_046799733.1	61.0	S	0.0
Cint_XP_002119759.1	Ggal_XP_046799733.1	61.0	S	0.0
Smed_h1SMcT0005103.1	Ggal_XP_046799733.1	61.0	S	0.0
Dmel_NP_651581.2	Ggal_XP_046799733.1	61.0	S	0.0
Btab_XP_018915393.1	Ggal_XP_046799733.1	61.0	S	0.0
Echgra_XP_024354894.1	Drer_XP_005167885.1	61.0	S	0.0
Smed_h1SMcT0005103.3	Drer_XP_005167885.1	61.0	S	0.0
Agrpla_XP_018334324.1	Drer_XP_005167885.1	61.0	S	0.0
Smed_h1SMcT0005103.4	Drer_XP_005167885.1	61.0	S	0.0
Smed_h1SMcT0005103.2	Drer_XP_005167885.1	61.0	S	0.0
Lpol_XP_022239788.1	Drer_XP_005167885.1	61.0	S	0.0
Agrpla_XP_025832966.1	Drer_XP_005167885.1	61.0	S	0.0
Pvan_XP_069969518.1	Drer_XP_005167885.1	61.0	S	0.0
Bmor_XP_004921852.1	Drer_XP_005167885.1	61.0	S	0.0
Smar_SMAR012789-PA	Drer_XP_005167885.1	61.0	S	0.0
Sman_XP_018650624.1	Drer_XP_005167885.1	61.0	S	0.0
Agrpla_XP_018334326.1	Drer_XP_005167885.1	61.0	S	0.0
Apimel_XP_016767904.1	Drer_XP_005167885.1	61.0	S	0.0
Dpul_XP_046446230.1	Drer_XP_005167885.1	61.0	S	0.0
Cscu_XP_023216396.1	Drer_XP_005167885.1	61.0	S	0.0
Cint_XP_002119759.1	Drer_XP_005167885.1	61.0	S	0.0
Smed_h1SMcT0005103.1	Drer_XP_005167885.1	61.0	S	0.0
Dmel_NP_651581.2	Drer_XP_005167885.1	61.0	S	0.0
Btab_XP_018915393.1	Drer_XP_005167885.1	61.0	S	0.0
Echgra_XP_024354894.1	Hsap_NP_001307657.1	61.0	S	0.0
Smed_h1SMcT0005103.3	Hsap_NP_001307657.1	61.0	S	0.0
Agrpla_XP_018334324.1	Hsap_NP_001307657.1	61.0	S	0.0
Smed_h1SMcT0005103.4	Hsap_NP_001307657.1	61.0	S	0.0
Smed_h1SMcT0005103.2	Hsap_NP_001307657.1	61.0	S	0.0
Lpol_XP_022239788.1	Hsap_NP_001307657.1	61.0	S	0.0
Agrpla_XP_025832966.1	Hsap_NP_001307657.1	61.0	S	0.0
Pvan_XP_069969518.1	Hsap_NP_001307657.1	61.0	S	0.0
Bmor_XP_004921852.1	Hsap_NP_001307657.1	61.0	S	0.0
Smar_SMAR012789-PA	Hsap_NP_001307657.1	61.0	S	0.0
Sman_XP_018650624.1	Hsap_NP_001307657.1	61.0	S	0.0
Agrpla_XP_018334326.1	Hsap_NP_001307657.1	61.0	S	0.0
Apimel_XP_016767904.1	Hsap_NP_001307657.1	61.0	S	0.0
Dpul_XP_046446230.1	Hsap_NP_001307657.1	61.0	S	0.0
Cscu_XP_023216396.1	Hsap_NP_001307657.1	61.0	S	0.0
Cint_XP_002119759.1	Hsap_NP_001307657.1	61.0	S	0.0
Smed_h1SMcT0005103.1	Hsap_NP_001307657.1	61.0	S	0.0
Dmel_NP_651581.2	Hsap_NP_001307657.1	61.0	S	0.0
Btab_XP_018915393.1	Hsap_NP_001307657.1	61.0	S	0.0
Echgra_XP_024354894.1	Drer_NP_001003777.1	61.0	S	0.0
Smed_h1SMcT0005103.3	Drer_NP_001003777.1	61.0	S	0.0
Agrpla_XP_018334324.1	Drer_NP_001003777.1	61.0	S	0.0
Smed_h1SMcT0005103.4	Drer_NP_001003777.1	61.0	S	0.0
Smed_h1SMcT0005103.2	Drer_NP_001003777.1	61.0	S	0.0
Lpol_XP_022239788.1	Drer_NP_001003777.1	61.0	S	0.0
Agrpla_XP_025832966.1	Drer_NP_001003777.1	61.0	S	0.0
Pvan_XP_069969518.1	Drer_NP_001003777.1	61.0	S	0.0
Bmor_XP_004921852.1	Drer_NP_001003777.1	61.0	S	0.0
Smar_SMAR012789-PA	Drer_NP_001003777.1	61.0	S	0.0
Sman_XP_018650624.1	Drer_NP_001003777.1	61.0	S	0.0
Agrpla_XP_018334326.1	Drer_NP_001003777.1	61.0	S	0.0
Apimel_XP_016767904.1	Drer_NP_001003777.1	61.0	S	0.0
Dpul_XP_046446230.1	Drer_NP_001003777.1	61.0	S	0.0
Cscu_XP_023216396.1	Drer_NP_001003777.1	61.0	S	0.0
Cint_XP_002119759.1	Drer_NP_001003777.1	61.0	S	0.0
Smed_h1SMcT0005103.1	Drer_NP_001003777.1	61.0	S	0.0
Dmel_NP_651581.2	Drer_NP_001003777.1	61.0	S	0.0
Btab_XP_018915393.1	Drer_NP_001003777.1	61.0	S	0.0
Echgra_XP_024354894.1	Ggal_XP_040560169.1	61.0	S	0.0
Smed_h1SMcT0005103.3	Ggal_XP_040560169.1	61.0	S	0.0
Agrpla_XP_018334324.1	Ggal_XP_040560169.1	61.0	S	0.0
Smed_h1SMcT0005103.4	Ggal_XP_040560169.1	61.0	S	0.0
Smed_h1SMcT0005103.2	Ggal_XP_040560169.1	61.0	S	0.0
Lpol_XP_022239788.1	Ggal_XP_040560169.1	61.0	S	0.0
Agrpla_XP_025832966.1	Ggal_XP_040560169.1	61.0	S	0.0
Pvan_XP_069969518.1	Ggal_XP_040560169.1	61.0	S	0.0
Bmor_XP_004921852.1	Ggal_XP_040560169.1	61.0	S	0.0
Smar_SMAR012789-PA	Ggal_XP_040560169.1	61.0	S	0.0
Sman_XP_018650624.1	Ggal_XP_040560169.1	61.0	S	0.0
Agrpla_XP_018334326.1	Ggal_XP_040560169.1	61.0	S	0.0
Apimel_XP_016767904.1	Ggal_XP_040560169.1	61.0	S	0.0
Dpul_XP_046446230.1	Ggal_XP_040560169.1	61.0	S	0.0
Cscu_XP_023216396.1	Ggal_XP_040560169.1	61.0	S	0.0
Cint_XP_002119759.1	Ggal_XP_040560169.1	61.0	S	0.0
Smed_h1SMcT0005103.1	Ggal_XP_040560169.1	61.0	S	0.0
Dmel_NP_651581.2	Ggal_XP_040560169.1	61.0	S	0.0
Btab_XP_018915393.1	Ggal_XP_040560169.1	61.0	S	0.0
Echgra_XP_024354894.1	Ggal_XP_040560172.1	61.0	S	0.0
Smed_h1SMcT0005103.3	Ggal_XP_040560172.1	61.0	S	0.0
Agrpla_XP_018334324.1	Ggal_XP_040560172.1	61.0	S	0.0
Smed_h1SMcT0005103.4	Ggal_XP_040560172.1	61.0	S	0.0
Smed_h1SMcT0005103.2	Ggal_XP_040560172.1	61.0	S	0.0
Lpol_XP_022239788.1	Ggal_XP_040560172.1	61.0	S	0.0
Agrpla_XP_025832966.1	Ggal_XP_040560172.1	61.0	S	0.0
Pvan_XP_069969518.1	Ggal_XP_040560172.1	61.0	S	0.0
Bmor_XP_004921852.1	Ggal_XP_040560172.1	61.0	S	0.0
Smar_SMAR012789-PA	Ggal_XP_040560172.1	61.0	S	0.0
Sman_XP_018650624.1	Ggal_XP_040560172.1	61.0	S	0.0
Agrpla_XP_018334326.1	Ggal_XP_040560172.1	61.0	S	0.0
Apimel_XP_016767904.1	Ggal_XP_040560172.1	61.0	S	0.0
Dpul_XP_046446230.1	Ggal_XP_040560172.1	61.0	S	0.0
Cscu_XP_023216396.1	Ggal_XP_040560172.1	61.0	S	0.0
Cint_XP_002119759.1	Ggal_XP_040560172.1	61.0	S	0.0
Smed_h1SMcT0005103.1	Ggal_XP_040560172.1	61.0	S	0.0
Dmel_NP_651581.2	Ggal_XP_040560172.1	61.0	S	0.0
Btab_XP_018915393.1	Ggal_XP_040560172.1	61.0	S	0.0
Echgra_XP_024354894.1	Hsap_XP_005247819.1	61.0	S	0.0
Smed_h1SMcT0005103.3	Hsap_XP_005247819.1	61.0	S	0.0
Agrpla_XP_018334324.1	Hsap_XP_005247819.1	61.0	S	0.0
Smed_h1SMcT0005103.4	Hsap_XP_005247819.1	61.0	S	0.0
Smed_h1SMcT0005103.2	Hsap_XP_005247819.1	61.0	S	0.0
Lpol_XP_022239788.1	Hsap_XP_005247819.1	61.0	S	0.0
Agrpla_XP_025832966.1	Hsap_XP_005247819.1	61.0	S	0.0
Pvan_XP_069969518.1	Hsap_XP_005247819.1	61.0	S	0.0
Bmor_XP_004921852.1	Hsap_XP_005247819.1	61.0	S	0.0
Smar_SMAR012789-PA	Hsap_XP_005247819.1	61.0	S	0.0
Sman_XP_018650624.1	Hsap_XP_005247819.1	61.0	S	0.0
Agrpla_XP_018334326.1	Hsap_XP_005247819.1	61.0	S	0.0
Apimel_XP_016767904.1	Hsap_XP_005247819.1	61.0	S	0.0
Dpul_XP_046446230.1	Hsap_XP_005247819.1	61.0	S	0.0
Cscu_XP_023216396.1	Hsap_XP_005247819.1	61.0	S	0.0
Cint_XP_002119759.1	Hsap_XP_005247819.1	61.0	S	0.0
Smed_h1SMcT0005103.1	Hsap_XP_005247819.1	61.0	S	0.0
Dmel_NP_651581.2	Hsap_XP_005247819.1	61.0	S	0.0
Btab_XP_018915393.1	Hsap_XP_005247819.1	61.0	S	0.0
Echgra_XP_024354894.1	Hsap_XP_016862668.1	61.0	S	0.0
Smed_h1SMcT0005103.3	Hsap_XP_016862668.1	61.0	S	0.0
Agrpla_XP_018334324.1	Hsap_XP_016862668.1	61.0	S	0.0
Smed_h1SMcT0005103.4	Hsap_XP_016862668.1	61.0	S	0.0
Smed_h1SMcT0005103.2	Hsap_XP_016862668.1	61.0	S	0.0
Lpol_XP_022239788.1	Hsap_XP_016862668.1	61.0	S	0.0
Agrpla_XP_025832966.1	Hsap_XP_016862668.1	61.0	S	0.0
Pvan_XP_069969518.1	Hsap_XP_016862668.1	61.0	S	0.0
Bmor_XP_004921852.1	Hsap_XP_016862668.1	61.0	S	0.0
Smar_SMAR012789-PA	Hsap_XP_016862668.1	61.0	S	0.0
Sman_XP_018650624.1	Hsap_XP_016862668.1	61.0	S	0.0
Agrpla_XP_018334326.1	Hsap_XP_016862668.1	61.0	S	0.0
Apimel_XP_016767904.1	Hsap_XP_016862668.1	61.0	S	0.0
Dpul_XP_046446230.1	Hsap_XP_016862668.1	61.0	S	0.0
Cscu_XP_023216396.1	Hsap_XP_016862668.1	61.0	S	0.0
Cint_XP_002119759.1	Hsap_XP_016862668.1	61.0	S	0.0
Smed_h1SMcT0005103.1	Hsap_XP_016862668.1	61.0	S	0.0
Dmel_NP_651581.2	Hsap_XP_016862668.1	61.0	S	0.0
Btab_XP_018915393.1	Hsap_XP_016862668.1	61.0	S	0.0
Echgra_XP_024354894.1	Xtro_XP_031749400.1	61.0	S	0.0
Smed_h1SMcT0005103.3	Xtro_XP_031749400.1	61.0	S	0.0
Agrpla_XP_018334324.1	Xtro_XP_031749400.1	61.0	S	0.0
Smed_h1SMcT0005103.4	Xtro_XP_031749400.1	61.0	S	0.0
Smed_h1SMcT0005103.2	Xtro_XP_031749400.1	61.0	S	0.0
Lpol_XP_022239788.1	Xtro_XP_031749400.1	61.0	S	0.0
Agrpla_XP_025832966.1	Xtro_XP_031749400.1	61.0	S	0.0
Pvan_XP_069969518.1	Xtro_XP_031749400.1	61.0	S	0.0
Bmor_XP_004921852.1	Xtro_XP_031749400.1	61.0	S	0.0
Smar_SMAR012789-PA	Xtro_XP_031749400.1	61.0	S	0.0
Sman_XP_018650624.1	Xtro_XP_031749400.1	61.0	S	0.0
Agrpla_XP_018334326.1	Xtro_XP_031749400.1	61.0	S	0.0
Apimel_XP_016767904.1	Xtro_XP_031749400.1	61.0	S	0.0
Dpul_XP_046446230.1	Xtro_XP_031749400.1	61.0	S	0.0
Cscu_XP_023216396.1	Xtro_XP_031749400.1	61.0	S	0.0
Cint_XP_002119759.1	Xtro_XP_031749400.1	61.0	S	0.0
Smed_h1SMcT0005103.1	Xtro_XP_031749400.1	61.0	S	0.0
Dmel_NP_651581.2	Xtro_XP_031749400.1	61.0	S	0.0
Btab_XP_018915393.1	Xtro_XP_031749400.1	61.0	S	0.0
Twil_T_wilhelma_c31096_g1_i6|m.39746	Emue_Em0020g127a	98.0	S	0.0
Pigchi_Pchi_g13709	Pigvie_Pvie_g2304	100.0	S	0.0
Tsui_KHJ40711.1	Ttri_CDW54493.1	100.0	S	0.0
Priarc_PARCANUS000012818.t1	Mjap_MIJAPON000007023.t1	100.0	S	0.0
Psp.PS1159_PS1159_v2.g11687.t1	Ovol_OVOC5945	100.0	S	0.0
Gpal_Gpal_D383_g03642.t1	Ovol_OVOC5945	100.0	S	0.0
Mhap_MhA1_Contig2752.frz3.gene1	Ovol_OVOC5945	100.0	S	0.0
Psp.PS1159_PS1159_v2.g11687.t1	Eela_EEL_0000209001-mRNA-1	100.0	S	0.0
Gpal_Gpal_D383_g03642.t1	Eela_EEL_0000209001-mRNA-1	100.0	S	0.0
Mhap_MhA1_Contig2752.frz3.gene1	Eela_EEL_0000209001-mRNA-1	100.0	S	0.0
Psp.PS1159_PS1159_v2.g11687.t1	Avit_KAL3984644.1	100.0	S	0.0
Gpal_Gpal_D383_g03642.t1	Avit_KAL3984644.1	100.0	S	0.0
Mhap_MhA1_Contig2752.frz3.gene1	Avit_KAL3984644.1	100.0	S	0.0
Psp.PS1159_PS1159_v2.g11687.t1	Dimm_MCP9262741.1	100.0	S	0.0
Gpal_Gpal_D383_g03642.t1	Dimm_MCP9262741.1	100.0	S	0.0
Mhap_MhA1_Contig2752.frz3.gene1	Dimm_MCP9262741.1	100.0	S	0.0
Psp.PS1159_PS1159_v2.g11687.t1	Asuu_AgB03_g048_t04	100.0	S	0.0
Gpal_Gpal_D383_g03642.t1	Asuu_AgB03_g048_t04	100.0	S	0.0
Mhap_MhA1_Contig2752.frz3.gene1	Asuu_AgB03_g048_t04	100.0	S	0.0
Psp.PS1159_PS1159_v2.g11687.t1	Wban_VDM07865.1	100.0	S	0.0
Gpal_Gpal_D383_g03642.t1	Wban_VDM07865.1	100.0	S	0.0
Mhap_MhA1_Contig2752.frz3.gene1	Wban_VDM07865.1	100.0	S	0.0
Psp.PS1159_PS1159_v2.g11687.t1	Lloa_XP_020302644.1	100.0	S	0.0
Gpal_Gpal_D383_g03642.t1	Lloa_XP_020302644.1	100.0	S	0.0
Mhap_MhA1_Contig2752.frz3.gene1	Lloa_XP_020302644.1	100.0	S	0.0
Psp.PS1159_PS1159_v2.g11687.t1	Asuu_AgB03_g048_t03	100.0	S	0.0
Gpal_Gpal_D383_g03642.t1	Asuu_AgB03_g048_t03	100.0	S	0.0
Mhap_MhA1_Contig2752.frz3.gene1	Asuu_AgB03_g048_t03	100.0	S	0.0
Psp.PS1159_PS1159_v2.g11687.t1	Bmal_XP_001893320.2	100.0	S	0.0
Gpal_Gpal_D383_g03642.t1	Bmal_XP_001893320.2	100.0	S	0.0
Mhap_MhA1_Contig2752.frz3.gene1	Bmal_XP_001893320.2	100.0	S	0.0
Psp.PS1159_PS1159_v2.g11687.t1	Lsig_VDK88905.1	100.0	S	0.0
Gpal_Gpal_D383_g03642.t1	Lsig_VDK88905.1	100.0	S	0.0
Mhap_MhA1_Contig2752.frz3.gene1	Lsig_VDK88905.1	100.0	S	0.0
Lcom_lcpid72575|	Scil_XP_065198767.1	100.0	S	0.0
Twil_T_wilhelma_c32405_g1_i3|m.47712	Twil_T_wilhelma_c32405_g1_i1|m.47710	55.0	D	1.0
Twil_T_wilhelma_c32405_g1_i2|m.47711	Twil_T_wilhelma_c32405_g1_i6|m.47715	60.0	D	1.0
Twil_T_wilhelma_c32405_g1_i2|m.47711	Twil_T_wilhelma_c32405_g1_i5|m.47714	60.0	D	1.0
Lana_XP_013413884.1	Skow_XP_002741537.1	66.0	S	0.0
Lana_XP_013413884.1	Spur_XP_030855882.1	66.0	S	0.0
Lana_XP_013413884.1	Apla_XP_022084577.1	66.0	S	0.0
Cvir_XP_022288659.1	Obim_XP_052822002.1	99.0	S	0.0
Cvir_XP_022288659.1	Aplcal_XP_005095742.2	99.0	S	0.0
Cvir_XP_022288659.1	Obim_XP_052822003.1	99.0	S	0.0
Cvir_XP_022288659.1	Obim_XP_052822001.1	99.0	S	0.0
Cvir_XP_022288659.1	Obim_XP_052822004.1	99.0	S	0.0
Smar_SMAR012789-PA	Dpul_XP_046446230.1	48.0	S	0.0
Cint_XP_002119759.1	Dpul_XP_046446230.1	48.0	S	0.0
Smar_SMAR012789-PA	Echgra_XP_024354894.1	48.0	S	0.0
Cint_XP_002119759.1	Echgra_XP_024354894.1	48.0	S	0.0
Smar_SMAR012789-PA	Cscu_XP_023216396.1	48.0	S	0.0
Cint_XP_002119759.1	Cscu_XP_023216396.1	48.0	S	0.0
Smar_SMAR012789-PA	Smed_h1SMcT0005103.3	48.0	S	0.0
Cint_XP_002119759.1	Smed_h1SMcT0005103.3	48.0	S	0.0
Smar_SMAR012789-PA	Sman_XP_018650624.1	48.0	S	0.0
Cint_XP_002119759.1	Sman_XP_018650624.1	48.0	S	0.0
Smar_SMAR012789-PA	Smed_h1SMcT0005103.1	48.0	S	0.0
Cint_XP_002119759.1	Smed_h1SMcT0005103.1	48.0	S	0.0
Smar_SMAR012789-PA	Agrpla_XP_018334324.1	48.0	S	0.0
Cint_XP_002119759.1	Agrpla_XP_018334324.1	48.0	S	0.0
Smar_SMAR012789-PA	Bmor_XP_004921852.1	48.0	S	0.0
Cint_XP_002119759.1	Bmor_XP_004921852.1	48.0	S	0.0
Smar_SMAR012789-PA	Dmel_NP_651581.2	48.0	S	0.0
Cint_XP_002119759.1	Dmel_NP_651581.2	48.0	S	0.0
Smar_SMAR012789-PA	Smed_h1SMcT0005103.4	48.0	S	0.0
Cint_XP_002119759.1	Smed_h1SMcT0005103.4	48.0	S	0.0
Smar_SMAR012789-PA	Btab_XP_018915393.1	48.0	S	0.0
Cint_XP_002119759.1	Btab_XP_018915393.1	48.0	S	0.0
Smar_SMAR012789-PA	Smed_h1SMcT0005103.2	48.0	S	0.0
Cint_XP_002119759.1	Smed_h1SMcT0005103.2	48.0	S	0.0
Smar_SMAR012789-PA	Agrpla_XP_018334326.1	48.0	S	0.0
Cint_XP_002119759.1	Agrpla_XP_018334326.1	48.0	S	0.0
Smar_SMAR012789-PA	Lpol_XP_022239788.1	48.0	S	0.0
Cint_XP_002119759.1	Lpol_XP_022239788.1	48.0	S	0.0
Smar_SMAR012789-PA	Agrpla_XP_025832966.1	48.0	S	0.0
Cint_XP_002119759.1	Agrpla_XP_025832966.1	48.0	S	0.0
Smar_SMAR012789-PA	Pvan_XP_069969518.1	48.0	S	0.0
Cint_XP_002119759.1	Pvan_XP_069969518.1	48.0	S	0.0
Smar_SMAR012789-PA	Apimel_XP_016767904.1	48.0	S	0.0
Cint_XP_002119759.1	Apimel_XP_016767904.1	48.0	S	0.0
Drer_XP_021334317.1	Ggal_XP_040560173.1	100.0	S	0.0
Drer_XP_005167885.1	Ggal_XP_040560173.1	100.0	S	0.0
Drer_NP_001003777.1	Ggal_XP_040560173.1	100.0	S	0.0
Drer_XP_021334317.1	Ggal_XP_040560171.1	100.0	S	0.0
Drer_XP_005167885.1	Ggal_XP_040560171.1	100.0	S	0.0
Drer_NP_001003777.1	Ggal_XP_040560171.1	100.0	S	0.0
Drer_XP_021334317.1	Ggal_XP_040560167.1	100.0	S	0.0
Drer_XP_005167885.1	Ggal_XP_040560167.1	100.0	S	0.0
Drer_NP_001003777.1	Ggal_XP_040560167.1	100.0	S	0.0
Drer_XP_021334317.1	Hsap_XP_047304876.1	100.0	S	0.0
Drer_XP_005167885.1	Hsap_XP_047304876.1	100.0	S	0.0
Drer_NP_001003777.1	Hsap_XP_047304876.1	100.0	S	0.0
Drer_XP_021334317.1	Hsap_XP_047304874.1	100.0	S	0.0
Drer_XP_005167885.1	Hsap_XP_047304874.1	100.0	S	0.0
Drer_NP_001003777.1	Hsap_XP_047304874.1	100.0	S	0.0
Drer_XP_021334317.1	Hsap_XP_047304875.1	100.0	S	0.0
Drer_XP_005167885.1	Hsap_XP_047304875.1	100.0	S	0.0
Drer_NP_001003777.1	Hsap_XP_047304875.1	100.0	S	0.0
Drer_XP_021334317.1	Ggal_XP_040560166.1	100.0	S	0.0
Drer_XP_005167885.1	Ggal_XP_040560166.1	100.0	S	0.0
Drer_NP_001003777.1	Ggal_XP_040560166.1	100.0	S	0.0
Drer_XP_021334317.1	Hsap_NP_078886.2	100.0	S	0.0
Drer_XP_005167885.1	Hsap_NP_078886.2	100.0	S	0.0
Drer_NP_001003777.1	Hsap_NP_078886.2	100.0	S	0.0
Drer_XP_021334317.1	Ggal_XP_040560165.1	100.0	S	0.0
Drer_XP_005167885.1	Ggal_XP_040560165.1	100.0	S	0.0
Drer_NP_001003777.1	Ggal_XP_040560165.1	100.0	S	0.0
Drer_XP_021334317.1	Ggal_XP_040560170.1	100.0	S	0.0
Drer_XP_005167885.1	Ggal_XP_040560170.1	100.0	S	0.0
Drer_NP_001003777.1	Ggal_XP_040560170.1	100.0	S	0.0
Drer_XP_021334317.1	Ggal_XP_015145483.2	100.0	S	0.0
Drer_XP_005167885.1	Ggal_XP_015145483.2	100.0	S	0.0
Drer_NP_001003777.1	Ggal_XP_015145483.2	100.0	S	0.0
Drer_XP_021334317.1	Ggal_XP_040560168.1	100.0	S	0.0
Drer_XP_005167885.1	Ggal_XP_040560168.1	100.0	S	0.0
Drer_NP_001003777.1	Ggal_XP_040560168.1	100.0	S	0.0
Drer_XP_021334317.1	Ggal_XP_046799733.1	100.0	S	0.0
Drer_XP_005167885.1	Ggal_XP_046799733.1	100.0	S	0.0
Drer_NP_001003777.1	Ggal_XP_046799733.1	100.0	S	0.0
Drer_XP_021334317.1	Hsap_NP_001307657.1	100.0	S	0.0
Drer_XP_005167885.1	Hsap_NP_001307657.1	100.0	S	0.0
Drer_NP_001003777.1	Hsap_NP_001307657.1	100.0	S	0.0
Drer_XP_021334317.1	Ggal_XP_040560169.1	100.0	S	0.0
Drer_XP_005167885.1	Ggal_XP_040560169.1	100.0	S	0.0
Drer_NP_001003777.1	Ggal_XP_040560169.1	100.0	S	0.0
Drer_XP_021334317.1	Ggal_XP_040560172.1	100.0	S	0.0
Drer_XP_005167885.1	Ggal_XP_040560172.1	100.0	S	0.0
Drer_NP_001003777.1	Ggal_XP_040560172.1	100.0	S	0.0
Drer_XP_021334317.1	Hsap_XP_005247819.1	100.0	S	0.0
Drer_XP_005167885.1	Hsap_XP_005247819.1	100.0	S	0.0
Drer_NP_001003777.1	Hsap_XP_005247819.1	100.0	S	0.0
Drer_XP_021334317.1	Hsap_XP_016862668.1	100.0	S	0.0
Drer_XP_005167885.1	Hsap_XP_016862668.1	100.0	S	0.0
Drer_NP_001003777.1	Hsap_XP_016862668.1	100.0	S	0.0
Drer_XP_021334317.1	Xtro_XP_031749400.1	100.0	S	0.0
Drer_XP_005167885.1	Xtro_XP_031749400.1	100.0	S	0.0
Drer_NP_001003777.1	Xtro_XP_031749400.1	100.0	S	0.0
Psp.PS1159_PS1159_v2.g11687.t1	Gpal_Gpal_D383_g03642.t1	100.0	S	0.0
Psp.PS1159_PS1159_v2.g11687.t1	Mhap_MhA1_Contig2752.frz3.gene1	100.0	S	0.0
Asuu_AgB03_g048_t03	Ovol_OVOC5945	100.0	S	0.0
Asuu_AgB03_g048_t04	Ovol_OVOC5945	100.0	S	0.0
Asuu_AgB03_g048_t03	Eela_EEL_0000209001-mRNA-1	100.0	S	0.0
Asuu_AgB03_g048_t04	Eela_EEL_0000209001-mRNA-1	100.0	S	0.0
Asuu_AgB03_g048_t03	Avit_KAL3984644.1	100.0	S	0.0
Asuu_AgB03_g048_t04	Avit_KAL3984644.1	100.0	S	0.0
Asuu_AgB03_g048_t03	Dimm_MCP9262741.1	100.0	S	0.0
Asuu_AgB03_g048_t04	Dimm_MCP9262741.1	100.0	S	0.0
Asuu_AgB03_g048_t03	Wban_VDM07865.1	100.0	S	0.0
Asuu_AgB03_g048_t04	Wban_VDM07865.1	100.0	S	0.0
Asuu_AgB03_g048_t03	Lloa_XP_020302644.1	100.0	S	0.0
Asuu_AgB03_g048_t04	Lloa_XP_020302644.1	100.0	S	0.0
Asuu_AgB03_g048_t03	Bmal_XP_001893320.2	100.0	S	0.0
Asuu_AgB03_g048_t04	Bmal_XP_001893320.2	100.0	S	0.0
Asuu_AgB03_g048_t03	Lsig_VDK88905.1	100.0	S	0.0
Asuu_AgB03_g048_t04	Lsig_VDK88905.1	100.0	S	0.0
Twil_T_wilhelma_c32405_g1_i6|m.47715	Twil_T_wilhelma_c32405_g1_i5|m.47714	100.0	D	1.0
Skow_XP_002741537.1	Spur_XP_030855882.1	73.0	S	0.0
Skow_XP_002741537.1	Apla_XP_022084577.1	73.0	S	0.0
Aplcal_XP_005095742.2	Obim_XP_052822002.1	82.0	S	0.0
Aplcal_XP_005095742.2	Obim_XP_052822003.1	82.0	S	0.0
Aplcal_XP_005095742.2	Obim_XP_052822001.1	82.0	S	0.0
Aplcal_XP_005095742.2	Obim_XP_052822004.1	82.0	S	0.0
Smar_SMAR012789-PA	Cint_XP_002119759.1	52.0	S	0.0
Cscu_XP_023216396.1	Dpul_XP_046446230.1	64.0	S	0.0
Lpol_XP_022239788.1	Dpul_XP_046446230.1	64.0	S	0.0
Cscu_XP_023216396.1	Echgra_XP_024354894.1	64.0	S	0.0
Lpol_XP_022239788.1	Echgra_XP_024354894.1	64.0	S	0.0
Cscu_XP_023216396.1	Smed_h1SMcT0005103.3	64.0	S	0.0
Lpol_XP_022239788.1	Smed_h1SMcT0005103.3	64.0	S	0.0
Cscu_XP_023216396.1	Sman_XP_018650624.1	64.0	S	0.0
Lpol_XP_022239788.1	Sman_XP_018650624.1	64.0	S	0.0
Cscu_XP_023216396.1	Smed_h1SMcT0005103.1	64.0	S	0.0
Lpol_XP_022239788.1	Smed_h1SMcT0005103.1	64.0	S	0.0
Cscu_XP_023216396.1	Agrpla_XP_018334324.1	64.0	S	0.0
Lpol_XP_022239788.1	Agrpla_XP_018334324.1	64.0	S	0.0
Cscu_XP_023216396.1	Bmor_XP_004921852.1	64.0	S	0.0
Lpol_XP_022239788.1	Bmor_XP_004921852.1	64.0	S	0.0
Cscu_XP_023216396.1	Dmel_NP_651581.2	64.0	S	0.0
Lpol_XP_022239788.1	Dmel_NP_651581.2	64.0	S	0.0
Cscu_XP_023216396.1	Smed_h1SMcT0005103.4	64.0	S	0.0
Lpol_XP_022239788.1	Smed_h1SMcT0005103.4	64.0	S	0.0
Cscu_XP_023216396.1	Btab_XP_018915393.1	64.0	S	0.0
Lpol_XP_022239788.1	Btab_XP_018915393.1	64.0	S	0.0
Cscu_XP_023216396.1	Smed_h1SMcT0005103.2	64.0	S	0.0
Lpol_XP_022239788.1	Smed_h1SMcT0005103.2	64.0	S	0.0
Cscu_XP_023216396.1	Agrpla_XP_018334326.1	64.0	S	0.0
Lpol_XP_022239788.1	Agrpla_XP_018334326.1	64.0	S	0.0
Cscu_XP_023216396.1	Agrpla_XP_025832966.1	64.0	S	0.0
Lpol_XP_022239788.1	Agrpla_XP_025832966.1	64.0	S	0.0
Cscu_XP_023216396.1	Pvan_XP_069969518.1	64.0	S	0.0
Lpol_XP_022239788.1	Pvan_XP_069969518.1	64.0	S	0.0
Cscu_XP_023216396.1	Apimel_XP_016767904.1	64.0	S	0.0
Lpol_XP_022239788.1	Apimel_XP_016767904.1	64.0	S	0.0
Drer_NP_001003777.1	Drer_XP_021334317.1	100.0	D	1.0
Drer_NP_001003777.1	Drer_XP_005167885.1	100.0	D	1.0
Xtro_XP_031749400.1	Ggal_XP_040560168.1	98.0	S	0.0
Xtro_XP_031749400.1	Ggal_XP_046799733.1	98.0	S	0.0
Xtro_XP_031749400.1	Hsap_XP_047304875.1	98.0	S	0.0
Xtro_XP_031749400.1	Hsap_XP_005247819.1	98.0	S	0.0
Xtro_XP_031749400.1	Ggal_XP_040560166.1	98.0	S	0.0
Xtro_XP_031749400.1	Hsap_XP_016862668.1	98.0	S	0.0
Xtro_XP_031749400.1	Hsap_NP_078886.2	98.0	S	0.0
Xtro_XP_031749400.1	Ggal_XP_040560173.1	98.0	S	0.0
Xtro_XP_031749400.1	Ggal_XP_040560171.1	98.0	S	0.0
Xtro_XP_031749400.1	Hsap_NP_001307657.1	98.0	S	0.0
Xtro_XP_031749400.1	Ggal_XP_040560167.1	98.0	S	0.0
Xtro_XP_031749400.1	Ggal_XP_040560165.1	98.0	S	0.0
Xtro_XP_031749400.1	Ggal_XP_015145483.2	98.0	S	0.0
Xtro_XP_031749400.1	Hsap_XP_047304876.1	98.0	S	0.0
Xtro_XP_031749400.1	Ggal_XP_040560170.1	98.0	S	0.0
Xtro_XP_031749400.1	Ggal_XP_040560169.1	98.0	S	0.0
Xtro_XP_031749400.1	Ggal_XP_040560172.1	98.0	S	0.0
Xtro_XP_031749400.1	Hsap_XP_047304874.1	98.0	S	0.0
Gpal_Gpal_D383_g03642.t1	Mhap_MhA1_Contig2752.frz3.gene1	100.0	S	0.0
Asuu_AgB03_g048_t04	Asuu_AgB03_g048_t03	100.0	D	1.0
Avit_KAL3984644.1	Ovol_OVOC5945	100.0	S	0.0
Avit_KAL3984644.1	Eela_EEL_0000209001-mRNA-1	100.0	S	0.0
Avit_KAL3984644.1	Dimm_MCP9262741.1	100.0	S	0.0
Avit_KAL3984644.1	Wban_VDM07865.1	100.0	S	0.0
Avit_KAL3984644.1	Lloa_XP_020302644.1	100.0	S	0.0
Avit_KAL3984644.1	Bmal_XP_001893320.2	100.0	S	0.0
Avit_KAL3984644.1	Lsig_VDK88905.1	100.0	S	0.0
Apla_XP_022084577.1	Spur_XP_030855882.1	96.0	S	0.0
Obim_XP_052822001.1	Obim_XP_052822003.1	100.0	D	1.0
Obim_XP_052822001.1	Obim_XP_052822002.1	100.0	D	1.0
Obim_XP_052822001.1	Obim_XP_052822004.1	100.0	D	1.0
Cscu_XP_023216396.1	Lpol_XP_022239788.1	100.0	S	0.0
Echgra_XP_024354894.1	Dpul_XP_046446230.1	68.0	S	0.0
Smed_h1SMcT0005103.3	Dpul_XP_046446230.1	68.0	S	0.0
Sman_XP_018650624.1	Dpul_XP_046446230.1	68.0	S	0.0
Smed_h1SMcT0005103.1	Dpul_XP_046446230.1	68.0	S	0.0
Smed_h1SMcT0005103.4	Dpul_XP_046446230.1	68.0	S	0.0
Smed_h1SMcT0005103.2	Dpul_XP_046446230.1	68.0	S	0.0
Echgra_XP_024354894.1	Agrpla_XP_018334324.1	68.0	S	0.0
Smed_h1SMcT0005103.3	Agrpla_XP_018334324.1	68.0	S	0.0
Sman_XP_018650624.1	Agrpla_XP_018334324.1	68.0	S	0.0
Smed_h1SMcT0005103.1	Agrpla_XP_018334324.1	68.0	S	0.0
Smed_h1SMcT0005103.4	Agrpla_XP_018334324.1	68.0	S	0.0
Smed_h1SMcT0005103.2	Agrpla_XP_018334324.1	68.0	S	0.0
Echgra_XP_024354894.1	Bmor_XP_004921852.1	68.0	S	0.0
Smed_h1SMcT0005103.3	Bmor_XP_004921852.1	68.0	S	0.0
Sman_XP_018650624.1	Bmor_XP_004921852.1	68.0	S	0.0
Smed_h1SMcT0005103.1	Bmor_XP_004921852.1	68.0	S	0.0
Smed_h1SMcT0005103.4	Bmor_XP_004921852.1	68.0	S	0.0
Smed_h1SMcT0005103.2	Bmor_XP_004921852.1	68.0	S	0.0
Echgra_XP_024354894.1	Dmel_NP_651581.2	68.0	S	0.0
Smed_h1SMcT0005103.3	Dmel_NP_651581.2	68.0	S	0.0
Sman_XP_018650624.1	Dmel_NP_651581.2	68.0	S	0.0
Smed_h1SMcT0005103.1	Dmel_NP_651581.2	68.0	S	0.0
Smed_h1SMcT0005103.4	Dmel_NP_651581.2	68.0	S	0.0
Smed_h1SMcT0005103.2	Dmel_NP_651581.2	68.0	S	0.0
Echgra_XP_024354894.1	Btab_XP_018915393.1	68.0	S	0.0
Smed_h1SMcT0005103.3	Btab_XP_018915393.1	68.0	S	0.0
Sman_XP_018650624.1	Btab_XP_018915393.1	68.0	S	0.0
Smed_h1SMcT0005103.1	Btab_XP_018915393.1	68.0	S	0.0
Smed_h1SMcT0005103.4	Btab_XP_018915393.1	68.0	S	0.0
Smed_h1SMcT0005103.2	Btab_XP_018915393.1	68.0	S	0.0
Echgra_XP_024354894.1	Agrpla_XP_018334326.1	68.0	S	0.0
Smed_h1SMcT0005103.3	Agrpla_XP_018334326.1	68.0	S	0.0
Sman_XP_018650624.1	Agrpla_XP_018334326.1	68.0	S	0.0
Smed_h1SMcT0005103.1	Agrpla_XP_018334326.1	68.0	S	0.0
Smed_h1SMcT0005103.4	Agrpla_XP_018334326.1	68.0	S	0.0
Smed_h1SMcT0005103.2	Agrpla_XP_018334326.1	68.0	S	0.0
Echgra_XP_024354894.1	Agrpla_XP_025832966.1	68.0	S	0.0
Smed_h1SMcT0005103.3	Agrpla_XP_025832966.1	68.0	S	0.0
Sman_XP_018650624.1	Agrpla_XP_025832966.1	68.0	S	0.0
Smed_h1SMcT0005103.1	Agrpla_XP_025832966.1	68.0	S	0.0
Smed_h1SMcT0005103.4	Agrpla_XP_025832966.1	68.0	S	0.0
Smed_h1SMcT0005103.2	Agrpla_XP_025832966.1	68.0	S	0.0
Echgra_XP_024354894.1	Pvan_XP_069969518.1	68.0	S	0.0
Smed_h1SMcT0005103.3	Pvan_XP_069969518.1	68.0	S	0.0
Sman_XP_018650624.1	Pvan_XP_069969518.1	68.0	S	0.0
Smed_h1SMcT0005103.1	Pvan_XP_069969518.1	68.0	S	0.0
Smed_h1SMcT0005103.4	Pvan_XP_069969518.1	68.0	S	0.0
Smed_h1SMcT0005103.2	Pvan_XP_069969518.1	68.0	S	0.0
Echgra_XP_024354894.1	Apimel_XP_016767904.1	68.0	S	0.0
Smed_h1SMcT0005103.3	Apimel_XP_016767904.1	68.0	S	0.0
Sman_XP_018650624.1	Apimel_XP_016767904.1	68.0	S	0.0
Smed_h1SMcT0005103.1	Apimel_XP_016767904.1	68.0	S	0.0
Smed_h1SMcT0005103.4	Apimel_XP_016767904.1	68.0	S	0.0
Smed_h1SMcT0005103.2	Apimel_XP_016767904.1	68.0	S	0.0
Drer_XP_021334317.1	Drer_XP_005167885.1	100.0	D	1.0
Hsap_XP_047304875.1	Ggal_XP_040560168.1	92.0	S	0.0
Hsap_XP_005247819.1	Ggal_XP_040560168.1	92.0	S	0.0
Hsap_XP_016862668.1	Ggal_XP_040560168.1	92.0	S	0.0
Hsap_NP_078886.2	Ggal_XP_040560168.1	92.0	S	0.0
Hsap_NP_001307657.1	Ggal_XP_040560168.1	92.0	S	0.0
Hsap_XP_047304876.1	Ggal_XP_040560168.1	92.0	S	0.0
Hsap_XP_047304874.1	Ggal_XP_040560168.1	92.0	S	0.0
Hsap_XP_047304875.1	Ggal_XP_046799733.1	92.0	S	0.0
Hsap_XP_005247819.1	Ggal_XP_046799733.1	92.0	S	0.0
Hsap_XP_016862668.1	Ggal_XP_046799733.1	92.0	S	0.0
Hsap_NP_078886.2	Ggal_XP_046799733.1	92.0	S	0.0
Hsap_NP_001307657.1	Ggal_XP_046799733.1	92.0	S	0.0
Hsap_XP_047304876.1	Ggal_XP_046799733.1	92.0	S	0.0
Hsap_XP_047304874.1	Ggal_XP_046799733.1	92.0	S	0.0
Hsap_XP_047304875.1	Ggal_XP_040560166.1	92.0	S	0.0
Hsap_XP_005247819.1	Ggal_XP_040560166.1	92.0	S	0.0
Hsap_XP_016862668.1	Ggal_XP_040560166.1	92.0	S	0.0
Hsap_NP_078886.2	Ggal_XP_040560166.1	92.0	S	0.0
Hsap_NP_001307657.1	Ggal_XP_040560166.1	92.0	S	0.0
Hsap_XP_047304876.1	Ggal_XP_040560166.1	92.0	S	0.0
Hsap_XP_047304874.1	Ggal_XP_040560166.1	92.0	S	0.0
Hsap_XP_047304875.1	Ggal_XP_040560173.1	92.0	S	0.0
Hsap_XP_005247819.1	Ggal_XP_040560173.1	92.0	S	0.0
Hsap_XP_016862668.1	Ggal_XP_040560173.1	92.0	S	0.0
Hsap_NP_078886.2	Ggal_XP_040560173.1	92.0	S	0.0
Hsap_NP_001307657.1	Ggal_XP_040560173.1	92.0	S	0.0
Hsap_XP_047304876.1	Ggal_XP_040560173.1	92.0	S	0.0
Hsap_XP_047304874.1	Ggal_XP_040560173.1	92.0	S	0.0
Hsap_XP_047304875.1	Ggal_XP_040560171.1	92.0	S	0.0
Hsap_XP_005247819.1	Ggal_XP_040560171.1	92.0	S	0.0
Hsap_XP_016862668.1	Ggal_XP_040560171.1	92.0	S	0.0
Hsap_NP_078886.2	Ggal_XP_040560171.1	92.0	S	0.0
Hsap_NP_001307657.1	Ggal_XP_040560171.1	92.0	S	0.0
Hsap_XP_047304876.1	Ggal_XP_040560171.1	92.0	S	0.0
Hsap_XP_047304874.1	Ggal_XP_040560171.1	92.0	S	0.0
Hsap_XP_047304875.1	Ggal_XP_040560167.1	92.0	S	0.0
Hsap_XP_005247819.1	Ggal_XP_040560167.1	92.0	S	0.0
Hsap_XP_016862668.1	Ggal_XP_040560167.1	92.0	S	0.0
Hsap_NP_078886.2	Ggal_XP_040560167.1	92.0	S	0.0
Hsap_NP_001307657.1	Ggal_XP_040560167.1	92.0	S	0.0
Hsap_XP_047304876.1	Ggal_XP_040560167.1	92.0	S	0.0
Hsap_XP_047304874.1	Ggal_XP_040560167.1	92.0	S	0.0
Hsap_XP_047304875.1	Ggal_XP_040560165.1	92.0	S	0.0
Hsap_XP_005247819.1	Ggal_XP_040560165.1	92.0	S	0.0
Hsap_XP_016862668.1	Ggal_XP_040560165.1	92.0	S	0.0
Hsap_NP_078886.2	Ggal_XP_040560165.1	92.0	S	0.0
Hsap_NP_001307657.1	Ggal_XP_040560165.1	92.0	S	0.0
Hsap_XP_047304876.1	Ggal_XP_040560165.1	92.0	S	0.0
Hsap_XP_047304874.1	Ggal_XP_040560165.1	92.0	S	0.0
Hsap_XP_047304875.1	Ggal_XP_015145483.2	92.0	S	0.0
Hsap_XP_005247819.1	Ggal_XP_015145483.2	92.0	S	0.0
Hsap_XP_016862668.1	Ggal_XP_015145483.2	92.0	S	0.0
Hsap_NP_078886.2	Ggal_XP_015145483.2	92.0	S	0.0
Hsap_NP_001307657.1	Ggal_XP_015145483.2	92.0	S	0.0
Hsap_XP_047304876.1	Ggal_XP_015145483.2	92.0	S	0.0
Hsap_XP_047304874.1	Ggal_XP_015145483.2	92.0	S	0.0
Hsap_XP_047304875.1	Ggal_XP_040560170.1	92.0	S	0.0
Hsap_XP_005247819.1	Ggal_XP_040560170.1	92.0	S	0.0
Hsap_XP_016862668.1	Ggal_XP_040560170.1	92.0	S	0.0
Hsap_NP_078886.2	Ggal_XP_040560170.1	92.0	S	0.0
Hsap_NP_001307657.1	Ggal_XP_040560170.1	92.0	S	0.0
Hsap_XP_047304876.1	Ggal_XP_040560170.1	92.0	S	0.0
Hsap_XP_047304874.1	Ggal_XP_040560170.1	92.0	S	0.0
Hsap_XP_047304875.1	Ggal_XP_040560169.1	92.0	S	0.0
Hsap_XP_005247819.1	Ggal_XP_040560169.1	92.0	S	0.0
Hsap_XP_016862668.1	Ggal_XP_040560169.1	92.0	S	0.0
Hsap_NP_078886.2	Ggal_XP_040560169.1	92.0	S	0.0
Hsap_NP_001307657.1	Ggal_XP_040560169.1	92.0	S	0.0
Hsap_XP_047304876.1	Ggal_XP_040560169.1	92.0	S	0.0
Hsap_XP_047304874.1	Ggal_XP_040560169.1	92.0	S	0.0
Hsap_XP_047304875.1	Ggal_XP_040560172.1	92.0	S	0.0
Hsap_XP_005247819.1	Ggal_XP_040560172.1	92.0	S	0.0
Hsap_XP_016862668.1	Ggal_XP_040560172.1	92.0	S	0.0
Hsap_NP_078886.2	Ggal_XP_040560172.1	92.0	S	0.0
Hsap_NP_001307657.1	Ggal_XP_040560172.1	92.0	S	0.0
Hsap_XP_047304876.1	Ggal_XP_040560172.1	92.0	S	0.0
Hsap_XP_047304874.1	Ggal_XP_040560172.1	92.0	S	0.0
Lsig_VDK88905.1	Ovol_OVOC5945	56.0	S	0.0
Lsig_VDK88905.1	Eela_EEL_0000209001-mRNA-1	56.0	S	0.0
Lsig_VDK88905.1	Dimm_MCP9262741.1	56.0	S	0.0
Lsig_VDK88905.1	Wban_VDM07865.1	56.0	S	0.0
Lsig_VDK88905.1	Lloa_XP_020302644.1	56.0	S	0.0
Lsig_VDK88905.1	Bmal_XP_001893320.2	56.0	S	0.0
Obim_XP_052822003.1	Obim_XP_052822002.1	40.0	D	1.0
Obim_XP_052822003.1	Obim_XP_052822004.1	40.0	D	1.0
Sman_XP_018650624.1	Smed_h1SMcT0005103.1	97.0	S	0.0
Echgra_XP_024354894.1	Smed_h1SMcT0005103.1	97.0	S	0.0
Sman_XP_018650624.1	Smed_h1SMcT0005103.4	97.0	S	0.0
Echgra_XP_024354894.1	Smed_h1SMcT0005103.4	97.0	S	0.0
Sman_XP_018650624.1	Smed_h1SMcT0005103.3	97.0	S	0.0
Echgra_XP_024354894.1	Smed_h1SMcT0005103.3	97.0	S	0.0
Sman_XP_018650624.1	Smed_h1SMcT0005103.2	97.0	S	0.0
Echgra_XP_024354894.1	Smed_h1SMcT0005103.2	97.0	S	0.0
Dpul_XP_046446230.1	Agrpla_XP_018334324.1	97.0	S	0.0
Dpul_XP_046446230.1	Bmor_XP_004921852.1	97.0	S	0.0
Dpul_XP_046446230.1	Dmel_NP_651581.2	97.0	S	0.0
Dpul_XP_046446230.1	Btab_XP_018915393.1	97.0	S	0.0
Dpul_XP_046446230.1	Agrpla_XP_018334326.1	97.0	S	0.0
Dpul_XP_046446230.1	Agrpla_XP_025832966.1	97.0	S	0.0
Dpul_XP_046446230.1	Pvan_XP_069969518.1	97.0	S	0.0
Dpul_XP_046446230.1	Apimel_XP_016767904.1	97.0	S	0.0
Hsap_XP_005247819.1	Hsap_XP_047304875.1	100.0	D	1.0
Hsap_XP_047304876.1	Hsap_XP_047304875.1	100.0	D	1.0
Hsap_XP_005247819.1	Hsap_NP_001307657.1	100.0	D	1.0
Hsap_XP_047304876.1	Hsap_NP_001307657.1	100.0	D	1.0
Hsap_XP_005247819.1	Hsap_XP_016862668.1	100.0	D	1.0
Hsap_XP_047304876.1	Hsap_XP_016862668.1	100.0	D	1.0
Hsap_XP_005247819.1	Hsap_NP_078886.2	100.0	D	1.0
Hsap_XP_047304876.1	Hsap_NP_078886.2	100.0	D	1.0
Hsap_XP_005247819.1	Hsap_XP_047304874.1	100.0	D	1.0
Hsap_XP_047304876.1	Hsap_XP_047304874.1	100.0	D	1.0
Ggal_XP_040560168.1	Ggal_XP_046799733.1	100.0	D	1.0
Ggal_XP_015145483.2	Ggal_XP_046799733.1	100.0	D	1.0
Ggal_XP_040560173.1	Ggal_XP_046799733.1	100.0	D	1.0
Ggal_XP_040560171.1	Ggal_XP_046799733.1	100.0	D	1.0
Ggal_XP_040560168.1	Ggal_XP_040560166.1	100.0	D	1.0
Ggal_XP_015145483.2	Ggal_XP_040560166.1	100.0	D	1.0
Ggal_XP_040560173.1	Ggal_XP_040560166.1	100.0	D	1.0
Ggal_XP_040560171.1	Ggal_XP_040560166.1	100.0	D	1.0
Ggal_XP_040560168.1	Ggal_XP_040560167.1	100.0	D	1.0
Ggal_XP_015145483.2	Ggal_XP_040560167.1	100.0	D	1.0
Ggal_XP_040560173.1	Ggal_XP_040560167.1	100.0	D	1.0
Ggal_XP_040560171.1	Ggal_XP_040560167.1	100.0	D	1.0
Ggal_XP_040560168.1	Ggal_XP_040560165.1	100.0	D	1.0
Ggal_XP_015145483.2	Ggal_XP_040560165.1	100.0	D	1.0
Ggal_XP_040560173.1	Ggal_XP_040560165.1	100.0	D	1.0
Ggal_XP_040560171.1	Ggal_XP_040560165.1	100.0	D	1.0
Ggal_XP_040560168.1	Ggal_XP_040560170.1	100.0	D	1.0
Ggal_XP_015145483.2	Ggal_XP_040560170.1	100.0	D	1.0
Ggal_XP_040560173.1	Ggal_XP_040560170.1	100.0	D	1.0
Ggal_XP_040560171.1	Ggal_XP_040560170.1	100.0	D	1.0
Ggal_XP_040560168.1	Ggal_XP_040560169.1	100.0	D	1.0
Ggal_XP_015145483.2	Ggal_XP_040560169.1	100.0	D	1.0
Ggal_XP_040560173.1	Ggal_XP_040560169.1	100.0	D	1.0
Ggal_XP_040560171.1	Ggal_XP_040560169.1	100.0	D	1.0
Ggal_XP_040560168.1	Ggal_XP_040560172.1	100.0	D	1.0
Ggal_XP_015145483.2	Ggal_XP_040560172.1	100.0	D	1.0
Ggal_XP_040560173.1	Ggal_XP_040560172.1	100.0	D	1.0
Ggal_XP_040560171.1	Ggal_XP_040560172.1	100.0	D	1.0
Eela_EEL_0000209001-mRNA-1	Ovol_OVOC5945	45.0	S	0.0
Eela_EEL_0000209001-mRNA-1	Dimm_MCP9262741.1	45.0	S	0.0
Eela_EEL_0000209001-mRNA-1	Wban_VDM07865.1	45.0	S	0.0
Eela_EEL_0000209001-mRNA-1	Lloa_XP_020302644.1	45.0	S	0.0
Eela_EEL_0000209001-mRNA-1	Bmal_XP_001893320.2	45.0	S	0.0
Obim_XP_052822004.1	Obim_XP_052822002.1	34.0	D	1.0
Echgra_XP_024354894.1	Sman_XP_018650624.1	100.0	S	0.0
Smed_h1SMcT0005103.2	Smed_h1SMcT0005103.1	100.0	D	1.0
Smed_h1SMcT0005103.2	Smed_h1SMcT0005103.4	100.0	D	1.0
Smed_h1SMcT0005103.2	Smed_h1SMcT0005103.3	100.0	D	1.0
Dmel_NP_651581.2	Agrpla_XP_018334324.1	64.0	S	0.0
Dmel_NP_651581.2	Bmor_XP_004921852.1	64.0	S	0.0
Dmel_NP_651581.2	Btab_XP_018915393.1	64.0	S	0.0
Dmel_NP_651581.2	Agrpla_XP_018334326.1	64.0	S	0.0
Dmel_NP_651581.2	Agrpla_XP_025832966.1	64.0	S	0.0
Dmel_NP_651581.2	Pvan_XP_069969518.1	64.0	S	0.0
Dmel_NP_651581.2	Apimel_XP_016767904.1	64.0	S	0.0
Hsap_XP_005247819.1	Hsap_XP_047304876.1	100.0	D	1.0
Hsap_NP_001307657.1	Hsap_XP_016862668.1	63.0	D	1.0
Hsap_NP_001307657.1	Hsap_NP_078886.2	63.0	D	1.0
Hsap_NP_001307657.1	Hsap_XP_047304874.1	63.0	D	1.0
Hsap_NP_001307657.1	Hsap_XP_047304875.1	63.0	D	1.0
Ggal_XP_040560171.1	Ggal_XP_040560168.1	42.0	D	1.0
Ggal_XP_040560171.1	Ggal_XP_015145483.2	42.0	D	1.0
Ggal_XP_040560171.1	Ggal_XP_040560173.1	42.0	D	1.0
Ggal_XP_040560170.1	Ggal_XP_040560169.1	39.0	D	1.0
Ggal_XP_046799733.1	Ggal_XP_040560169.1	39.0	D	1.0
Ggal_XP_040560172.1	Ggal_XP_040560169.1	39.0	D	1.0
Ggal_XP_040560170.1	Ggal_XP_040560167.1	39.0	D	1.0
Ggal_XP_046799733.1	Ggal_XP_040560167.1	39.0	D	1.0
Ggal_XP_040560172.1	Ggal_XP_040560167.1	39.0	D	1.0
Ggal_XP_040560170.1	Ggal_XP_040560165.1	39.0	D	1.0
Ggal_XP_046799733.1	Ggal_XP_040560165.1	39.0	D	1.0
Ggal_XP_040560172.1	Ggal_XP_040560165.1	39.0	D	1.0
Ggal_XP_040560170.1	Ggal_XP_040560166.1	39.0	D	1.0
Ggal_XP_046799733.1	Ggal_XP_040560166.1	39.0	D	1.0
Ggal_XP_040560172.1	Ggal_XP_040560166.1	39.0	D	1.0
Ovol_OVOC5945	Wban_VDM07865.1	88.0	S	0.0
Dimm_MCP9262741.1	Wban_VDM07865.1	88.0	S	0.0
Ovol_OVOC5945	Lloa_XP_020302644.1	88.0	S	0.0
Dimm_MCP9262741.1	Lloa_XP_020302644.1	88.0	S	0.0
Ovol_OVOC5945	Bmal_XP_001893320.2	88.0	S	0.0
Dimm_MCP9262741.1	Bmal_XP_001893320.2	88.0	S	0.0
Smed_h1SMcT0005103.3	Smed_h1SMcT0005103.1	67.0	D	1.0
Smed_h1SMcT0005103.3	Smed_h1SMcT0005103.4	67.0	D	1.0
Pvan_XP_069969518.1	Bmor_XP_004921852.1	81.0	S	0.0
Pvan_XP_069969518.1	Agrpla_XP_018334324.1	81.0	S	0.0
Pvan_XP_069969518.1	Btab_XP_018915393.1	81.0	S	0.0
Pvan_XP_069969518.1	Agrpla_XP_018334326.1	81.0	S	0.0
Pvan_XP_069969518.1	Agrpla_XP_025832966.1	81.0	S	0.0
Pvan_XP_069969518.1	Apimel_XP_016767904.1	81.0	S	0.0
Hsap_NP_078886.2	Hsap_XP_016862668.1	37.0	D	1.0
Hsap_NP_078886.2	Hsap_XP_047304874.1	37.0	D	1.0
Hsap_NP_078886.2	Hsap_XP_047304875.1	37.0	D	1.0
Ggal_XP_040560173.1	Ggal_XP_040560168.1	93.0	D	1.0
Ggal_XP_040560173.1	Ggal_XP_015145483.2	93.0	D	1.0
Ggal_XP_046799733.1	Ggal_XP_040560170.1	1.0	D	1.0
Ggal_XP_046799733.1	Ggal_XP_040560172.1	1.0	D	1.0
Ggal_XP_040560166.1	Ggal_XP_040560169.1	95.0	D	1.0
Ggal_XP_040560166.1	Ggal_XP_040560167.1	95.0	D	1.0
Ggal_XP_040560166.1	Ggal_XP_040560165.1	95.0	D	1.0
Dimm_MCP9262741.1	Ovol_OVOC5945	100.0	S	0.0
Lloa_XP_020302644.1	Wban_VDM07865.1	95.0	S	0.0
Lloa_XP_020302644.1	Bmal_XP_001893320.2	95.0	S	0.0
Smed_h1SMcT0005103.1	Smed_h1SMcT0005103.4	93.0	D	1.0
Btab_XP_018915393.1	Agrpla_XP_018334324.1	91.0	S	0.0
Btab_XP_018915393.1	Bmor_XP_004921852.1	91.0	S	0.0
Btab_XP_018915393.1	Agrpla_XP_018334326.1	91.0	S	0.0
Btab_XP_018915393.1	Agrpla_XP_025832966.1	91.0	S	0.0
Btab_XP_018915393.1	Apimel_XP_016767904.1	91.0	S	0.0
Hsap_XP_047304874.1	Hsap_XP_016862668.1	42.0	D	1.0
Hsap_XP_047304874.1	Hsap_XP_047304875.1	42.0	D	1.0
Ggal_XP_015145483.2	Ggal_XP_040560168.1	1.0	D	1.0
Ggal_XP_040560170.1	Ggal_XP_040560172.1	1.0	D	1.0
Ggal_XP_040560167.1	Ggal_XP_040560169.1	1.0	D	1.0
Ggal_XP_040560167.1	Ggal_XP_040560165.1	1.0	D	1.0
Bmal_XP_001893320.2	Wban_VDM07865.1	100.0	S	0.0
Apimel_XP_016767904.1	Bmor_XP_004921852.1	96.0	S	0.0
Apimel_XP_016767904.1	Agrpla_XP_018334324.1	96.0	S	0.0
Apimel_XP_016767904.1	Agrpla_XP_025832966.1	96.0	S	0.0
Apimel_XP_016767904.1	Agrpla_XP_018334326.1	96.0	S	0.0
Hsap_XP_016862668.1	Hsap_XP_047304875.1	60.0	D	1.0
Ggal_XP_040560169.1	Ggal_XP_040560165.1	1.0	D	1.0
Bmor_XP_004921852.1	Agrpla_XP_018334324.1	99.0	S	0.0
Bmor_XP_004921852.1	Agrpla_XP_025832966.1	99.0	S	0.0
Bmor_XP_004921852.1	Agrpla_XP_018334326.1	99.0	S	0.0
Agrpla_XP_025832966.1	Agrpla_XP_018334324.1	100.0	D	1.0
Agrpla_XP_025832966.1	Agrpla_XP_018334326.1	100.0	D	1.0
Agrpla_XP_018334324.1	Agrpla_XP_018334326.1	95.0	D	1.0
